ObjectId,Crash ID,Primary Road,Intersecting Road,Crash Date,Day,Month,Year,Hour,Weekday,Crash Type Code,Highway Classification Code,Community Code,Jurisdiction Code,Lane Departure Type Code,Surface Type,Road Condition,Weather Condition,Lighting Condition,Speed Limit,Lanes,Units,Occupants,Most Severe Injury,Fatal Injuries,Suspected Serious Injuries,Suspected Minor Injuries,Possible Injuries,Property Damage Only,Secondary Crash,Traffic Control,Red Light Run,Hit and Run,Alcohol,Drugs,Unbelted Person,Work Zone,Speeding Driver,Distracted Driver,Driveway,Pedestrian,Elderly Driver,Young Driver,Commercial Vehicle,Emergency Vehicles,Train,School Bus,Motorcycle,Bicycle,Deer,Longitude,Latitude,geom,geog,x,y
220,1400919,PINEHURST,FENKELL,2018-05-01,1,5,2018,17,3,4,9,,,0,,1,1,1,15,1,2,1,5,0,0,0,0,true,false,false,false,true,false,false,false,false,false,false,false,false,false,false,false,false,false,false,false,false,false,-83.16618,42.40203,"{
  ""coordinates"": [
    -8.316617240417810e+01,
    4.240203635390530e+01
  ],
  ""type"": ""Point""
}","{
  ""coordinates"": [
    -83.166172404,
    42.402036354
  ],
  ""type"": ""Point""
}",-83.166172404,42.4020363540001
221,1400918,SANTA ROSA,FULLERTON,2018-05-01,1,5,2018,14,3,98,9,,,0,,1,1,1,15,1,2,0,5,0,0,0,0,true,false,false,false,true,false,false,false,false,false,false,false,false,false,false,false,false,false,false,false,false,false,-83.14149,42.38142,"{
  ""coordinates"": [
    -8.314148835766660e+01,
    4.238141604575250e+01
  ],
  ""type"": ""Point""
}","{
  ""coordinates"": [
    -83.141488358,
    42.381416046
  ],
  ""type"": ""Point""
}",-83.1414883579999,42.381416046
222,1428797,OUTER,BURT,2018-05-01,1,5,2018,11,3,4,9,,2,0,Asphalt,1,1,1,30,2,2,2,4,0,0,0,1,false,false,true,true,true,false,false,false,false,false,false,false,false,false,false,false,false,false,false,false,false,false,-83.24705,42.39794,"{
  ""coordinates"": [
    -8.324704808070420e+01,
    4.239793678873180e+01
  ],
  ""type"": ""Point""
}","{
  ""coordinates"": [
    -83.247048081,
    42.397936789
  ],
  ""type"": ""Point""
}",-83.2470480809999,42.397936789
223,1363561,I 75,CANIFF,2018-05-01,1,5,2018,17,3,5,1,,1,0,Asphalt,1,1,1,55,4,2,2,5,0,0,0,0,true,false,false,false,false,false,false,false,false,false,false,false,false,true,false,false,false,false,false,false,false,false,-83.0697,42.38964,"{
  ""coordinates"": [
    -8.306970460434781e+01,
    4.238964003104280e+01
  ],
  ""type"": ""Point""
}","{
  ""coordinates"": [
    -83.069704604,
    42.389640031
  ],
  ""type"": ""Point""
}",-83.069704604,42.3896400310001
224,1420259,PINEHURST,SANTA CLARA,2018-05-01,1,5,2018,13,3,10,9,,,0,,1,1,1,25,4,2,0,5,0,0,0,0,true,false,false,false,false,false,false,false,false,false,false,true,false,false,false,false,false,false,false,false,false,false,-83.16705,42.42033,"{
  ""coordinates"": [
    -8.316705458034239e+01,
    4.242032787246530e+01
  ],
  ""type"": ""Point""
}","{
  ""coordinates"": [
    -83.16705458,
    42.420327872
  ],
  ""type"": ""Point""
}",-83.16705458,42.420327872
225,1362777,JEFFERSON,21ST,2018-05-01,1,5,2018,10,3,97,9,,,0,,1,1,1,30,2,3,4,4,0,0,0,1,false,false,true,false,false,false,false,false,false,false,true,false,false,true,false,false,false,false,false,false,false,false,-83.07607,42.31711,"{
  ""coordinates"": [
    -8.307606845529931e+01,
    4.231711000676530e+01
  ],
  ""type"": ""Point""
}","{
  ""coordinates"": [
    -83.076068455,
    42.317110007
  ],
  ""type"": ""Point""
}",-83.076068455,42.3171100070001
226,1362097,LAPPIN,HAMBURG,2018-05-01,1,5,2018,0,3,8,9,,,0,,1,1,4,25,2,4,3,5,0,0,0,0,true,false,false,false,false,false,false,false,false,false,false,true,false,false,true,false,false,false,false,false,false,false,-82.99752,42.43645,"{
  ""coordinates"": [
    -8.299752111753600e+01,
    4.243644557572630e+01
  ],
  ""type"": ""Point""
}","{
  ""coordinates"": [
    -82.997521118,
    42.436445576
  ],
  ""type"": ""Point""
}",-82.997521118,42.436445576
227,1363602,ROWE,MANNING,2018-05-01,1,5,2018,13,3,9,9,,,2,,1,1,1,25,1,2,0,5,0,0,0,0,true,false,false,false,true,false,false,false,false,false,false,false,false,false,false,false,false,false,false,false,false,false,-83.00368,42.4402,"{
  ""coordinates"": [
    -8.300367417686741e+01,
    4.244019862989460e+01
  ],
  ""type"": ""Point""
}","{
  ""coordinates"": [
    -83.003674177,
    42.44019863
  ],
  ""type"": ""Point""
}",-83.0036741769999,42.4401986300001
228,1364507,JAMES COUZENS,VASSAR,2018-05-01,1,5,2018,18,3,4,9,,4,0,Asphalt,1,1,1,30,2,2,3,5,0,0,0,0,true,false,true,true,false,false,false,false,false,false,false,false,false,false,true,false,false,false,false,false,false,false,-83.19015,42.4343,"{
  ""coordinates"": [
    -8.319015046411840e+01,
    4.243429984002770e+01
  ],
  ""type"": ""Point""
}","{
  ""coordinates"": [
    -83.190150464,
    42.43429984
  ],
  ""type"": ""Point""
}",-83.1901504639999,42.4342998400001
229,1362642,8 MILE,WYOMING,2018-05-01,1,5,2018,18,3,4,3,,1,0,Asphalt,1,1,1,40,4,2,3,5,0,0,0,0,true,false,true,true,false,false,false,false,false,false,false,false,false,false,false,false,false,false,false,false,false,false,-83.16151,42.44564,"{
  ""coordinates"": [
    -8.316150459276720e+01,
    4.244564549708000e+01
  ],
  ""type"": ""Point""
}","{
  ""coordinates"": [
    -83.161504593,
    42.445645497
  ],
  ""type"": ""Point""
}",-83.161504593,42.445645497
230,1367015,M-10,RAMP 11A TO ELMHURST,2018-05-01,1,5,2018,22,3,97,3,,1,0,Asphalt,1,1,4,55,1,2,3,4,0,0,0,1,false,false,false,false,false,false,false,false,false,false,false,false,false,false,false,false,false,false,false,false,false,false,-83.1019,42.38806,"{
  ""coordinates"": [
    -8.310189493088470e+01,
    4.238805589058480e+01
  ],
  ""type"": ""Point""
}","{
  ""coordinates"": [
    -83.101894931,
    42.388055891
  ],
  ""type"": ""Point""
}",-83.1018949309999,42.3880558910001
231,1362812,SCHAEFER,PILGRIM,2018-05-01,1,5,2018,21,3,8,9,,4,0,Asphalt,1,1,3,35,3,3,4,5,0,0,0,0,true,false,false,false,false,false,false,false,false,false,false,false,false,false,false,false,false,false,false,false,false,false,-83.17938,42.4075,"{
  ""coordinates"": [
    -8.317937854480390e+01,
    4.240749916599080e+01
  ],
  ""type"": ""Point""
}","{
  ""coordinates"": [
    -83.179378545,
    42.407499166
  ],
  ""type"": ""Point""
}",-83.179378545,42.407499166
232,1363571,LIVERNOIS,VERNOR,2018-05-01,1,5,2018,7,3,97,9,,4,0,Asphalt,1,1,1,25,3,2,2,5,0,0,0,0,true,false,false,false,false,false,false,false,false,false,false,false,false,false,false,true,false,false,false,false,false,false,-83.10999,42.31565,"{
  ""coordinates"": [
    -8.310998455852000e+01,
    4.231564688786030e+01
  ],
  ""type"": ""Point""
}","{
  ""coordinates"": [
    -83.109984559,
    42.315646888
  ],
  ""type"": ""Point""
}",-83.1099845589999,42.3156468880001
233,1362783,GREENFIELD,CHICAGO,2018-05-01,1,5,2018,5,3,4,9,,2,0,Asphalt,1,1,2,35,4,2,3,5,0,0,0,0,true,false,false,false,true,false,false,false,false,false,false,false,false,true,false,false,false,false,false,false,false,false,-83.1973,42.36605,"{
  ""coordinates"": [
    -8.319730213679730e+01,
    4.236604878986160e+01
  ],
  ""type"": ""Point""
}","{
  ""coordinates"": [
    -83.197302137,
    42.36604879
  ],
  ""type"": ""Point""
}",-83.197302137,42.36604879
234,1362778,GRAND,JOHN C LODGE S/D S/B,2018-05-01,1,5,2018,9,3,8,9,,,0,,1,1,1,30,3,2,2,5,0,0,0,0,true,false,false,false,false,false,false,false,false,true,false,false,false,false,false,false,false,false,false,false,false,false,-83.11044,42.39934,"{
  ""coordinates"": [
    -8.311043554154730e+01,
    4.239933954954630e+01
  ],
  ""type"": ""Point""
}","{
  ""coordinates"": [
    -83.110435542,
    42.39933955
  ],
  ""type"": ""Point""
}",-83.1104355419999,42.39933955
235,1363579,HEREFORD,WARREN,2018-05-01,1,5,2018,18,3,8,9,,,0,,1,1,1,25,2,3,3,4,0,0,0,3,false,false,false,false,false,false,false,false,false,false,false,false,false,false,false,false,false,false,false,false,false,false,-82.9236,42.40829,"{
  ""coordinates"": [
    -8.292359862740210e+01,
    4.240829164658690e+01
  ],
  ""type"": ""Point""
}","{
  ""coordinates"": [
    -82.923598627,
    42.408291647
  ],
  ""type"": ""Point""
}",-82.923598627,42.4082916470001
236,1363593,DICKERSON,HARPER,2018-05-01,1,5,2018,21,3,3,9,,4,0,Asphalt,1,1,4,25,2,2,2,5,0,0,0,0,true,false,false,false,false,false,false,false,false,false,false,false,false,false,false,false,false,false,false,true,false,false,-82.97343,42.40221,"{
  ""coordinates"": [
    -8.297343370510271e+01,
    4.240221430640780e+01
  ],
  ""type"": ""Point""
}","{
  ""coordinates"": [
    -82.973433705,
    42.402214306
  ],
  ""type"": ""Point""
}",-82.9734337049999,42.4022143060001
237,1363587,TELEGRAPH,7 MILE,2018-05-01,1,5,2018,14,3,4,2,,1,0,Asphalt,1,1,1,45,6,2,3,5,0,0,0,0,true,false,false,false,false,false,false,false,false,false,false,false,false,true,false,false,false,false,false,false,false,false,-83.27755,42.42868,"{
  ""coordinates"": [
    -8.327755014087511e+01,
    4.242868231328180e+01
  ],
  ""type"": ""Point""
}","{
  ""coordinates"": [
    -83.277550141,
    42.428682313
  ],
  ""type"": ""Point""
}",-83.2775501409999,42.428682313
238,1363581,WARREN,NOTTINGHAM,2018-05-01,1,5,2018,13,3,4,9,,4,0,Asphalt,1,1,1,35,4,2,4,4,0,0,0,1,false,false,false,false,false,false,false,false,false,false,false,false,false,false,true,false,false,false,false,false,false,false,-82.94884,42.3991,"{
  ""coordinates"": [
    -8.294884182013659e+01,
    4.239910112637050e+01
  ],
  ""type"": ""Point""
}","{
  ""coordinates"": [
    -82.94884182,
    42.399101126
  ],
  ""type"": ""Point""
}",-82.94884182,42.3991011260001
239,1363560,W I 96,SOUTHFIELD SERVICE DRIVE,2018-05-01,1,5,2018,16,3,5,1,,1,0,Concrete,1,1,1,55,2,3,3,5,0,0,0,0,true,false,false,false,false,false,false,false,false,false,false,false,false,true,false,false,false,false,false,false,false,false,-83.21796,42.3788,"{
  ""coordinates"": [
    -8.321796013309530e+01,
    4.237879569442640e+01
  ],
  ""type"": ""Point""
}","{
  ""coordinates"": [
    -83.217960133,
    42.378795694
  ],
  ""type"": ""Point""
}",-83.217960133,42.3787956940001
240,1363575,HARPER,SOMERSET,2018-05-01,1,5,2018,7,3,8,9,,4,0,Asphalt,1,1,1,,3,2,2,5,0,0,0,0,true,false,false,false,false,false,false,false,false,false,false,false,false,true,true,false,false,false,false,false,false,false,-82.95351,42.40777,"{
  ""coordinates"": [
    -8.295351184302270e+01,
    4.240776824945490e+01
  ],
  ""type"": ""Point""
}","{
  ""coordinates"": [
    -82.953511843,
    42.407768249
  ],
  ""type"": ""Point""
}",-82.9535118429999,42.4077682490001
241,1362804,RYAN,NEVADA,2018-05-01,1,5,2018,14,3,8,9,,4,0,Asphalt,1,1,1,35,3,2,1,5,0,0,0,0,true,false,false,false,true,false,false,false,false,false,false,false,false,false,false,false,false,false,false,false,false,false,-83.06275,42.42672,"{
  ""coordinates"": [
    -8.306274992719840e+01,
    4.242672112934540e+01
  ],
  ""type"": ""Point""
}","{
  ""coordinates"": [
    -83.062749927,
    42.426721129
  ],
  ""type"": ""Point""
}",-83.062749927,42.426721129
242,1365851,GREENFIELD,PEMBROKE,2018-05-01,1,5,2018,19,3,4,9,,2,0,Asphalt,1,1,1,35,4,2,3,5,0,0,0,0,true,false,false,false,false,false,false,false,false,false,false,false,false,false,false,false,false,false,false,false,false,false,-83.20017,42.43755,"{
  ""coordinates"": [
    -8.320017456621960e+01,
    4.243754901624430e+01
  ],
  ""type"": ""Point""
}","{
  ""coordinates"": [
    -83.200174566,
    42.437549016
  ],
  ""type"": ""Point""
}",-83.200174566,42.437549016
243,1370286,WARREN,JOHN R,2018-05-01,1,5,2018,10,3,4,9,,4,0,Asphalt,1,1,1,30,3,2,3,4,0,0,0,1,false,false,false,false,false,false,false,false,false,false,false,false,false,false,false,false,false,false,false,false,false,false,-83.06218,42.35776,"{
  ""coordinates"": [
    -8.306217845436710e+01,
    4.235775628674830e+01
  ],
  ""type"": ""Point""
}","{
  ""coordinates"": [
    -83.062178454,
    42.357756287
  ],
  ""type"": ""Point""
}",-83.0621784539999,42.357756287
244,1362769,JOY,MEADOWDALE,2018-05-01,1,5,2018,18,3,5,9,,4,0,Asphalt,1,1,1,35,4,2,4,5,0,0,0,0,true,false,false,false,false,false,false,false,false,false,false,false,false,false,true,false,false,false,false,false,false,false,-83.18038,42.3585,"{
  ""coordinates"": [
    -8.318038355094940e+01,
    4.235849920481060e+01
  ],
  ""type"": ""Point""
}","{
  ""coordinates"": [
    -83.180383551,
    42.358499205
  ],
  ""type"": ""Point""
}",-83.180383551,42.358499205
245,1365770,MARK TWAIN,CHALFONTE,2018-05-01,1,5,2018,19,3,4,9,,,0,,1,1,2,25,2,2,2,5,0,0,0,0,true,false,false,false,false,false,false,false,false,false,false,false,false,false,false,false,false,false,false,false,false,false,-83.18651,42.39968,"{
  ""coordinates"": [
    -8.318651079198381e+01,
    4.239967914251050e+01
  ],
  ""type"": ""Point""
}","{
  ""coordinates"": [
    -83.186510792,
    42.399679143
  ],
  ""type"": ""Point""
}",-83.186510792,42.3996791430001
246,1368622,8 MILE,SCHOENHERR,2018-05-01,1,5,2018,17,3,97,3,,1,0,Asphalt,1,1,1,45,9,3,3,4,0,0,0,2,false,false,false,false,false,false,false,false,false,false,false,false,false,true,false,true,false,false,false,false,false,false,-82.98555,42.44928,"{
  ""coordinates"": [
    -8.298554621044281e+01,
    4.244928262936760e+01
  ],
  ""type"": ""Point""
}","{
  ""coordinates"": [
    -82.98554621,
    42.449282629
  ],
  ""type"": ""Point""
}",-82.9855462099999,42.449282629
247,1362773,HUBBELL,ELMIRA,2018-05-01,1,5,2018,17,3,4,9,,4,0,Asphalt,1,1,1,30,2,2,2,5,0,0,0,0,true,false,false,false,false,false,false,false,false,false,false,false,false,true,false,false,false,false,false,false,false,false,-83.18766,42.37016,"{
  ""coordinates"": [
    -8.318766100390390e+01,
    4.237015754940520e+01
  ],
  ""type"": ""Point""
}","{
  ""coordinates"": [
    -83.187661004,
    42.370157549
  ],
  ""type"": ""Point""
}",-83.1876610039999,42.3701575490001
248,1362798,GRAND RIVER,TELEGRAPH,2018-05-01,1,5,2018,17,3,9,3,,1,0,Asphalt,1,1,1,45,2,2,2,5,0,0,0,0,true,false,false,false,false,false,false,false,false,false,false,false,false,false,false,false,false,false,false,false,false,false,-83.2776,42.4243,"{
  ""coordinates"": [
    -8.327759991062490e+01,
    4.242430412334840e+01
  ],
  ""type"": ""Point""
}","{
  ""coordinates"": [
    -83.277599911,
    42.424304123
  ],
  ""type"": ""Point""
}",-83.277599911,42.4243041230001
249,1362753,I-94,SPRINGFIELD,2018-05-01,1,5,2018,17,3,5,9,,,0,,1,1,1,55,3,3,5,5,0,0,0,0,true,false,false,false,false,false,false,false,false,false,false,false,false,true,false,false,false,false,false,false,false,false,-82.99281,42.39273,"{
  ""coordinates"": [
    -8.299281320875031e+01,
    4.239273035374880e+01
  ],
  ""type"": ""Point""
}","{
  ""coordinates"": [
    -82.992813209,
    42.392730354
  ],
  ""type"": ""Point""
}",-82.992813209,42.392730354
250,1362106,8 MILE,DEQUINDRE,2018-04-30,30,4,2018,9,2,8,3,,1,0,Asphalt,1,1,1,40,7,2,2,5,0,0,0,0,true,false,false,false,false,false,false,false,false,false,false,false,false,false,false,false,false,false,false,false,false,false,-83.08356,42.44702,"{
  ""coordinates"": [
    -8.308356739218419e+01,
    4.244701814549800e+01
  ],
  ""type"": ""Point""
}","{
  ""coordinates"": [
    -83.083567392,
    42.447018145
  ],
  ""type"": ""Point""
}",-83.083567392,42.4470181450001
251,1365876,3RD,GLYNN,2018-04-30,30,4,2018,8,2,8,9,,4,0,Asphalt,1,1,1,25,2,2,2,5,0,0,0,0,true,false,false,false,false,false,false,false,false,false,false,false,false,false,false,false,false,false,false,false,false,false,-83.09167,42.38646,"{
  ""coordinates"": [
    -8.309167654122319e+01,
    4.238645416922780e+01
  ],
  ""type"": ""Point""
}","{
  ""coordinates"": [
    -83.091676541,
    42.386454169
  ],
  ""type"": ""Point""
}",-83.091676541,42.386454169
252,1363576,DICKERSON,FOREST,2018-04-30,30,4,2018,18,2,4,9,,4,0,Asphalt,1,1,1,25,2,2,1,5,0,0,0,0,true,false,true,false,true,false,false,false,false,false,false,false,false,true,false,false,false,false,false,false,false,false,-82.96598,42.39093,"{
  ""coordinates"": [
    -8.296597827067851e+01,
    4.239092587111960e+01
  ],
  ""type"": ""Point""
}","{
  ""coordinates"": [
    -82.965978271,
    42.390925871
  ],
  ""type"": ""Point""
}",-82.965978271,42.390925871
253,1362735,E I 94,VAN DYKE,2018-04-30,30,4,2018,18,2,5,1,,1,0,Asphalt,1,1,1,55,3,2,4,5,0,0,0,0,true,false,false,false,false,false,false,false,false,false,false,false,false,true,false,false,false,false,false,false,false,false,-83.02025,42.3861,"{
  ""coordinates"": [
    -8.302024559870550e+01,
    4.238609950896770e+01
  ],
  ""type"": ""Point""
}","{
  ""coordinates"": [
    -83.020245599,
    42.386099509
  ],
  ""type"": ""Point""
}",-83.020245599,42.3860995090001
254,1362089,HARPER,CONNER,2018-04-30,30,4,2018,9,2,8,9,,4,0,Asphalt,1,1,1,,2,2,2,5,0,0,0,0,true,false,false,false,false,false,false,false,false,false,false,false,false,true,false,false,false,false,false,false,false,false,-82.98977,42.39724,"{
  ""coordinates"": [
    -8.298977028498270e+01,
    4.239723452356240e+01
  ],
  ""type"": ""Point""
}","{
  ""coordinates"": [
    -82.989770285,
    42.397234524
  ],
  ""type"": ""Point""
}",-82.989770285,42.3972345240001
255,1362118,MCNICHOLS,BIRWOOD,2018-04-30,30,4,2018,21,2,3,9,,2,0,Asphalt,1,1,4,35,5,2,4,2,0,2,0,0,false,false,false,false,false,true,false,false,false,false,false,false,false,false,false,false,false,false,false,true,false,false,-83.16478,42.41681,"{
  ""coordinates"": [
    -8.316477722714910e+01,
    4.241680611952780e+01
  ],
  ""type"": ""Point""
}","{
  ""coordinates"": [
    -83.164777227,
    42.41680612
  ],
  ""type"": ""Point""
}",-83.1647772269999,42.41680612
256,1428843,RIVERVIEW,SCHOOLCRAFT,2018-04-30,30,4,2018,1,2,5,9,,,0,,1,1,4,10,2,2,0,5,0,0,0,0,true,false,false,false,true,false,false,false,false,false,false,false,false,false,false,false,false,false,false,false,false,false,-83.27351,42.38488,"{
  ""coordinates"": [
    -8.327351359220501e+01,
    4.238487807475120e+01
  ],
  ""type"": ""Point""
}","{
  ""coordinates"": [
    -83.273513592,
    42.384878075
  ],
  ""type"": ""Point""
}",-83.273513592,42.3848780750001
257,1362791,STAHELIN,WARREN,2018-04-30,30,4,2018,19,2,2,9,,,2,,1,1,1,25,2,2,2,4,0,0,0,1,false,false,false,false,false,false,true,false,false,true,false,false,false,false,false,false,false,false,false,false,false,false,-83.22432,42.34301,"{
  ""coordinates"": [
    -8.322431608682810e+01,
    4.234301398500960e+01
  ],
  ""type"": ""Point""
}","{
  ""coordinates"": [
    -83.224316087,
    42.343013985
  ],
  ""type"": ""Point""
}",-83.224316087,42.343013985
258,1362079,W I 96,HUBBELL,2018-04-30,30,4,2018,16,2,5,1,,1,0,Concrete,1,1,1,70,3,2,2,4,0,0,0,1,false,false,false,false,false,false,false,false,false,false,false,false,false,false,false,false,false,false,false,false,false,false,-83.18752,42.38088,"{
  ""coordinates"": [
    -8.318752287709150e+01,
    4.238088079295070e+01
  ],
  ""type"": ""Point""
}","{
  ""coordinates"": [
    -83.187522877,
    42.380880793
  ],
  ""type"": ""Point""
}",-83.1875228769999,42.3808807930001
259,1364458,WARREN,ST ANTOINE,2018-04-30,30,4,2018,13,2,5,9,,4,0,Asphalt,1,1,1,30,3,3,3,5,0,0,0,0,true,false,false,false,true,false,false,false,false,false,true,false,false,false,true,false,false,false,false,false,false,false,-83.0574,42.35968,"{
  ""coordinates"": [
    -8.305739757198729e+01,
    4.235968357381800e+01
  ],
  ""type"": ""Point""
}","{
  ""coordinates"": [
    -83.057397572,
    42.359683574
  ],
  ""type"": ""Point""
}",-83.057397572,42.359683574
260,1364454,I-375,CONGRESS,2018-04-30,30,4,2018,9,2,5,1,,1,0,Asphalt,1,1,1,35,2,2,2,5,0,0,0,0,true,false,false,false,false,false,false,false,false,false,false,false,false,false,false,false,false,false,false,false,false,false,-83.03647,42.33341,"{
  ""coordinates"": [
    -8.303646581959590e+01,
    4.233340738822000e+01
  ],
  ""type"": ""Point""
}","{
  ""coordinates"": [
    -83.03646582,
    42.333407388
  ],
  ""type"": ""Point""
}",-83.03646582,42.3334073880001
261,1362069,I-75,MICHIGAN,2018-04-30,30,4,2018,17,2,5,1,,1,0,Asphalt,1,1,1,70,3,2,1,5,0,0,0,0,true,false,false,false,true,false,false,false,false,false,false,false,false,false,false,false,false,false,false,false,false,false,-83.08561,42.33035,"{
  ""coordinates"": [
    -8.308561148240101e+01,
    4.233034873139590e+01
  ],
  ""type"": ""Point""
}","{
  ""coordinates"": [
    -83.085611482,
    42.330348731
  ],
  ""type"": ""Point""
}",-83.085611482,42.3303487310001
262,1363574,MACK,SAINT CLAIR,2018-04-30,30,4,2018,21,2,97,9,,4,0,Asphalt,1,1,4,35,2,2,1,2,0,1,0,0,false,false,false,false,false,false,false,false,false,false,false,false,true,true,false,false,false,false,false,false,false,false,-82.98654,42.37553,"{
  ""coordinates"": [
    -8.298653837677389e+01,
    4.237552526562490e+01
  ],
  ""type"": ""Point""
}","{
  ""coordinates"": [
    -82.986538377,
    42.375525266
  ],
  ""type"": ""Point""
}",-82.986538377,42.3755252660001
263,1364469,LIVERNOIS,TOLEDO,2018-04-30,30,4,2018,22,2,1,9,,4,1,Asphalt,1,1,4,30,2,1,1,5,0,0,0,0,true,false,false,false,false,false,false,false,false,true,false,false,false,false,false,false,false,false,false,false,false,false,-83.11117,42.3185,"{
  ""coordinates"": [
    -8.311116446982570e+01,
    4.231850165649530e+01
  ],
  ""type"": ""Point""
}","{
  ""coordinates"": [
    -83.11116447,
    42.318501656
  ],
  ""type"": ""Point""
}",-83.1111644699999,42.3185016560001
264,1362117,7 MILE,WYOMING,2018-04-30,30,4,2018,23,2,4,9,,2,0,Asphalt,1,1,4,30,4,2,3,4,0,0,0,1,false,false,true,true,false,false,false,false,false,false,false,false,false,false,false,false,true,false,false,false,false,false,-83.161,42.43135,"{
  ""coordinates"": [
    -8.316100572383340e+01,
    4.243134670029450e+01
  ],
  ""type"": ""Point""
}","{
  ""coordinates"": [
    -83.161005724,
    42.4313467
  ],
  ""type"": ""Point""
}",-83.1610057239999,42.4313467000001
265,1362116,MCNICHOLS,GODDARD,2018-04-30,30,4,2018,14,2,5,9,,4,0,Asphalt,1,1,1,35,2,2,4,5,0,0,0,0,true,false,false,false,false,false,false,false,false,false,false,false,false,false,false,false,false,false,false,false,false,false,-83.07838,42.41853,"{
  ""coordinates"": [
    -8.307838173957229e+01,
    4.241853254878830e+01
  ],
  ""type"": ""Point""
}","{
  ""coordinates"": [
    -83.07838174,
    42.418532549
  ],
  ""type"": ""Point""
}",-83.0783817399999,42.4185325490001
266,1364488,N M 10,RAMP 111D,2018-04-30,30,4,2018,17,2,5,3,,1,0,Concrete,1,1,1,55,6,2,4,5,0,0,0,0,true,false,false,false,false,false,false,false,false,false,false,false,false,false,false,false,false,false,false,false,false,false,-83.103,42.38913,"{
  ""coordinates"": [
    -8.310299754436400e+01,
    4.238913482036070e+01
  ],
  ""type"": ""Point""
}","{
  ""coordinates"": [
    -83.102997544,
    42.38913482
  ],
  ""type"": ""Point""
}",-83.1029975439999,42.38913482
267,1362068,M-39,MCNICHOLS,2018-04-30,30,4,2018,16,2,5,3,,1,0,Concrete,1,1,1,55,3,2,2,5,0,0,0,0,true,false,false,false,false,false,false,false,false,false,false,false,false,false,false,false,false,false,false,false,false,false,-83.21889,42.41527,"{
  ""coordinates"": [
    -8.321889479833339e+01,
    4.241526632017600e+01
  ],
  ""type"": ""Point""
}","{
  ""coordinates"": [
    -83.218894798,
    42.41526632
  ],
  ""type"": ""Point""
}",-83.218894798,42.4152663200001
268,1362087,PALMS,WOLFF,2018-04-30,30,4,2018,20,2,8,9,,,0,,1,1,4,25,2,2,1,5,0,0,0,0,true,false,false,false,false,false,false,false,false,false,false,false,false,false,false,false,false,false,false,false,false,false,-83.09435,42.32306,"{
  ""coordinates"": [
    -8.309435121218890e+01,
    4.232305673918850e+01
  ],
  ""type"": ""Point""
}","{
  ""coordinates"": [
    -83.094351212,
    42.323056739
  ],
  ""type"": ""Point""
}",-83.0943512119999,42.323056739
269,1364465,JOHN C LODGE SERVICE,FOREST,2018-04-30,30,4,2018,15,2,1,3,,4,0,Asphalt,1,1,1,25,3,2,2,4,0,0,0,1,false,false,false,false,false,false,false,false,false,false,false,false,false,false,false,false,false,false,false,false,true,false,-83.07177,42.35181,"{
  ""coordinates"": [
    -8.307177250145121e+01,
    4.235181342059810e+01
  ],
  ""type"": ""Point""
}","{
  ""coordinates"": [
    -83.071772501,
    42.351813421
  ],
  ""type"": ""Point""
}",-83.0717725009999,42.351813421
270,1361363,SPRINGWELLS,GARTNER,2018-04-30,30,4,2018,1,2,5,9,,4,0,Asphalt,1,1,4,30,4,4,1,5,0,0,0,0,true,false,false,false,true,false,false,false,false,false,false,false,false,false,true,false,false,false,false,false,false,false,-83.12517,42.30859,"{
  ""coordinates"": [
    -8.312516915476419e+01,
    4.230859374238100e+01
  ],
  ""type"": ""Point""
}","{
  ""coordinates"": [
    -83.125169155,
    42.308593742
  ],
  ""type"": ""Point""
}",-83.125169155,42.308593742
271,1362768,HARTWELL,CHICAGO,2018-04-30,30,4,2018,16,2,3,9,,,0,,1,1,1,25,2,2,6,5,0,0,0,0,true,false,false,false,false,false,false,true,false,false,false,false,false,false,false,false,false,false,false,false,false,false,-83.1765,42.36569,"{
  ""coordinates"": [
    -8.317649594193510e+01,
    4.236569149618590e+01
  ],
  ""type"": ""Point""
}","{
  ""coordinates"": [
    -83.176495942,
    42.365691496
  ],
  ""type"": ""Point""
}",-83.176495942,42.3656914960001
272,1362092,MCNICHOLS,FENMORE,2018-04-30,30,4,2018,14,2,3,9,,2,0,Asphalt,1,1,1,25,2,2,1,5,0,0,0,0,true,false,false,false,true,false,false,false,false,false,false,false,false,true,false,false,false,false,false,false,false,false,-83.21786,42.41557,"{
  ""coordinates"": [
    -8.321786157573651e+01,
    4.241557423801120e+01
  ],
  ""type"": ""Point""
}","{
  ""coordinates"": [
    -83.217861576,
    42.415574238
  ],
  ""type"": ""Point""
}",-83.217861576,42.415574238
273,1365847,WINTHROP,SANTAMARIA,2018-04-30,30,4,2018,15,2,4,9,,,0,,1,1,1,25,2,2,5,4,0,0,0,2,false,false,false,false,false,false,false,false,false,false,false,false,false,false,true,false,false,false,false,false,false,false,-83.20082,42.4178,"{
  ""coordinates"": [
    -8.320082153299910e+01,
    4.241779683573340e+01
  ],
  ""type"": ""Point""
}","{
  ""coordinates"": [
    -83.200821533,
    42.417796836
  ],
  ""type"": ""Point""
}",-83.200821533,42.417796836