ObjectId,Crash ID,Primary Road,Intersecting Road,Crash Date,Day,Month,Year,Hour,Weekday,Crash Type Code,Highway Classification Code,Community Code,Jurisdiction Code,Lane Departure Type Code,Surface Type,Road Condition,Weather Condition,Lighting Condition,Speed Limit,Lanes,Units,Occupants,Most Severe Injury,Fatal Injuries,Suspected Serious Injuries,Suspected Minor Injuries,Possible Injuries,Property Damage Only,Secondary Crash,Traffic Control,Red Light Run,Hit and Run,Alcohol,Drugs,Unbelted Person,Work Zone,Speeding Driver,Distracted Driver,Driveway,Pedestrian,Elderly Driver,Young Driver,Commercial Vehicle,Emergency Vehicles,Train,School Bus,Motorcycle,Bicycle,Deer,Longitude,Latitude,geom,geog,x,y
329,1362085,LAUDER,WADSWORTH,2018-04-29,29,4,2018,22,1,1,9,,,1,,1,1,4,25,2,1,0,5,0,0,0,0,true,false,false,false,false,false,false,false,false,false,false,false,false,false,false,false,false,false,false,false,false,false,-83.19,42.37475,"{
  ""coordinates"": [
    -8.319000451449990e+01,
    4.237474731295360e+01
  ],
  ""type"": ""Point""
}","{
  ""coordinates"": [
    -83.190004514,
    42.374747313
  ],
  ""type"": ""Point""
}",-83.190004514,42.3747473130001
330,1367838,FRISBEE,LENORE,2018-04-29,29,4,2018,13,1,5,9,,,0,,1,2,1,15,2,2,2,4,0,0,0,1,false,false,false,false,false,false,false,true,false,false,true,false,false,true,false,false,false,false,false,false,false,false,-83.28137,42.43509,"{
  ""coordinates"": [
    -8.328137060396490e+01,
    4.243508997486430e+01
  ],
  ""type"": ""Point""
}","{
  ""coordinates"": [
    -83.281370604,
    42.435089975
  ],
  ""type"": ""Point""
}",-83.281370604,42.435089975
331,1365795,PERRY,TRUMBULL,2018-04-29,29,4,2018,1,1,4,9,,,0,,1,2,4,35,2,2,2,5,0,0,0,0,true,false,true,false,false,false,false,false,false,false,false,false,false,false,false,false,false,false,false,false,false,false,-83.0702,42.33717,"{
  ""coordinates"": [
    -8.307019546738930e+01,
    4.233716821505330e+01
  ],
  ""type"": ""Point""
}","{
  ""coordinates"": [
    -83.070195467,
    42.337168215
  ],
  ""type"": ""Point""
}",-83.070195467,42.3371682150001
332,1361373,OUTER,HARTWELL,2018-04-29,29,4,2018,15,1,4,9,,2,0,Asphalt,1,1,1,30,2,2,2,5,0,0,0,0,true,true,false,false,false,false,false,false,false,false,false,false,false,true,true,false,false,false,false,false,false,false,-83.17896,42.42012,"{
  ""coordinates"": [
    -8.317896270843040e+01,
    4.242011588322660e+01
  ],
  ""type"": ""Point""
}","{
  ""coordinates"": [
    -83.178962708,
    42.420115883
  ],
  ""type"": ""Point""
}",-83.178962708,42.4201158830001
333,1360459,LIVERNOIS,ELMHURST,2018-04-29,29,4,2018,0,1,5,9,,4,0,Concrete,1,1,4,35,2,2,1,5,0,0,0,0,true,false,false,false,true,false,false,false,false,false,false,false,false,false,false,false,false,false,false,false,false,false,-83.13921,42.37612,"{
  ""coordinates"": [
    -8.313921483945251e+01,
    4.237612121534210e+01
  ],
  ""type"": ""Point""
}","{
  ""coordinates"": [
    -83.139214839,
    42.376121215
  ],
  ""type"": ""Point""
}",-83.139214839,42.3761212150001
334,1376098,OAKWOOD,OLD OAKWOOD,2018-04-29,29,4,2018,10,1,5,9,,,0,,1,1,1,35,5,2,4,5,0,0,0,0,true,false,false,false,false,false,false,false,false,false,false,false,false,false,true,false,false,false,false,false,false,false,-83.15454,42.28732,"{
  ""coordinates"": [
    -8.315454068066720e+01,
    4.228732445720430e+01
  ],
  ""type"": ""Point""
}","{
  ""coordinates"": [
    -83.154540681,
    42.287324457
  ],
  ""type"": ""Point""
}",-83.154540681,42.2873244570001
335,1477857,JEFFERSON,WOODWARD,2018-04-29,29,4,2018,14,1,5,3,,1,0,Asphalt,1,1,1,35,1,2,4,5,0,0,0,0,true,false,false,false,false,false,false,false,false,false,false,false,false,false,false,false,false,false,false,false,false,false,-83.04446,42.32851,"{
  ""coordinates"": [
    -8.304446060773230e+01,
    4.232850688494420e+01
  ],
  ""type"": ""Point""
}","{
  ""coordinates"": [
    -83.044460608,
    42.328506885
  ],
  ""type"": ""Point""
}",-83.044460608,42.328506885
336,1361386,CONNER,GRATIOT,2018-04-29,29,4,2018,0,1,4,3,,4,0,Asphalt,1,1,4,35,6,2,2,4,0,0,0,1,false,false,false,false,false,false,false,false,false,true,false,false,false,false,false,false,false,false,false,false,false,false,-82.99751,42.40491,"{
  ""coordinates"": [
    -8.299750384138279e+01,
    4.240490925751890e+01
  ],
  ""type"": ""Point""
}","{
  ""coordinates"": [
    -82.997503841,
    42.404909258
  ],
  ""type"": ""Point""
}",-82.997503841,42.404909258
337,1364492,TIREMAN,LIVERNOIS,2018-04-29,29,4,2018,15,1,4,9,,4,0,Asphalt,1,1,1,35,4,2,3,5,0,0,0,0,true,false,false,false,false,false,false,false,false,false,false,false,false,true,false,false,false,false,false,false,false,false,-83.13567,42.35207,"{
  ""coordinates"": [
    -8.313567246506540e+01,
    4.235207191757190e+01
  ],
  ""type"": ""Point""
}","{
  ""coordinates"": [
    -83.135672465,
    42.352071918
  ],
  ""type"": ""Point""
}",-83.135672465,42.352071918
338,1362091,GREENFIELD,PURITAN,2018-04-29,29,4,2018,20,1,4,9,,2,0,Asphalt,1,1,1,,2,2,3,5,0,0,0,0,true,false,false,false,true,false,false,false,false,false,false,false,false,false,false,false,false,false,false,false,false,false,-83.19902,42.40881,"{
  ""coordinates"": [
    -8.319901929735251e+01,
    4.240880893980280e+01
  ],
  ""type"": ""Point""
}","{
  ""coordinates"": [
    -83.199019297,
    42.40880894
  ],
  ""type"": ""Point""
}",-83.1990192969999,42.40880894
339,1361365,REGULAR,CASGRAIN,2018-04-29,29,4,2018,18,1,1,9,,,1,,1,1,3,25,2,2,1,4,0,0,0,1,false,false,false,false,true,false,false,false,false,false,false,false,false,false,false,false,false,false,false,false,true,false,-83.11057,42.31083,"{
  ""coordinates"": [
    -8.311056618729420e+01,
    4.231082871910920e+01
  ],
  ""type"": ""Point""
}","{
  ""coordinates"": [
    -83.110566187,
    42.310828719
  ],
  ""type"": ""Point""
}",-83.110566187,42.310828719
340,1361329,RAMP 139F,E I 96 CD,2018-04-29,29,4,2018,0,1,1,1,,1,1,Asphalt,1,1,4,55,3,1,1,5,0,0,0,0,true,false,false,false,false,false,false,false,false,true,false,false,false,false,false,false,false,false,false,false,false,false,-83.15804,42.38504,"{
  ""coordinates"": [
    -8.315803600211279e+01,
    4.238503744449170e+01
  ],
  ""type"": ""Point""
}","{
  ""coordinates"": [
    -83.158036002,
    42.385037444
  ],
  ""type"": ""Point""
}",-83.158036002,42.385037444
341,1362082,MEYERS,INTERVALE,2018-04-29,29,4,2018,21,1,5,9,,4,0,Asphalt,1,1,3,35,4,2,2,5,0,0,0,0,true,false,false,false,true,false,false,false,false,false,true,false,false,false,false,false,false,false,false,false,false,false,-83.16874,42.38868,"{
  ""coordinates"": [
    -8.316874247670420e+01,
    4.238867939758610e+01
  ],
  ""type"": ""Point""
}","{
  ""coordinates"": [
    -83.168742477,
    42.388679398
  ],
  ""type"": ""Point""
}",-83.168742477,42.3886793980001
342,1360372,HUBBELL,FULLERTON,2018-04-29,29,4,2018,0,1,1,9,,4,1,Asphalt,1,1,4,35,9,1,1,4,0,0,0,1,false,false,false,false,false,true,false,false,false,false,false,false,false,false,false,false,false,false,false,false,false,false,-83.18806,42.38005,"{
  ""coordinates"": [
    -8.318805409155379e+01,
    4.238005145929230e+01
  ],
  ""type"": ""Point""
}","{
  ""coordinates"": [
    -83.188054092,
    42.380051459
  ],
  ""type"": ""Point""
}",-83.188054092,42.3800514590001
343,1361383,FAIRMOUNT,CRUSADE,2018-04-29,29,4,2018,15,1,1,9,,,0,,1,1,1,25,2,1,2,2,0,2,0,0,false,false,false,false,false,false,false,true,false,false,true,false,false,false,false,false,false,false,false,false,false,false,-82.96092,42.44464,"{
  ""coordinates"": [
    -8.296092594230160e+01,
    4.244463681327320e+01
  ],
  ""type"": ""Point""
}","{
  ""coordinates"": [
    -82.960925942,
    42.444636813
  ],
  ""type"": ""Point""
}",-82.960925942,42.444636813
344,1427075,MICHIGAN,CENTRAL,2018-04-29,29,4,2018,18,1,3,2,,1,0,Asphalt,1,1,1,30,5,2,3,5,0,0,0,0,true,false,false,false,false,false,false,false,false,false,false,false,false,false,true,false,false,false,false,false,false,false,-83.13767,42.3311,"{
  ""coordinates"": [
    -8.313766930421130e+01,
    4.233110454435610e+01
  ],
  ""type"": ""Point""
}","{
  ""coordinates"": [
    -83.137669304,
    42.331104544
  ],
  ""type"": ""Point""
}",-83.137669304,42.331104544
345,1367862,LIVERNOIS,DAVISON,2018-04-29,29,4,2018,22,1,97,3,,4,0,Asphalt,1,1,4,35,2,3,5,2,0,1,0,4,false,false,false,false,false,false,false,false,false,false,false,false,false,false,true,false,false,false,false,false,false,false,-83.13949,42.38643,"{
  ""coordinates"": [
    -8.313948681918291e+01,
    4.238642894982280e+01
  ],
  ""type"": ""Point""
}","{
  ""coordinates"": [
    -83.139486819,
    42.38642895
  ],
  ""type"": ""Point""
}",-83.139486819,42.38642895
346,1428803,DACOSTA,MAJESTIC,2018-04-29,29,4,2018,8,1,9,9,,,2,,1,1,1,25,2,3,1,5,0,0,0,0,true,false,false,false,false,false,false,false,false,false,false,false,false,false,false,false,false,false,false,false,false,false,-83.25758,42.34408,"{
  ""coordinates"": [
    -8.325758167621029e+01,
    4.234408145927630e+01
  ],
  ""type"": ""Point""
}","{
  ""coordinates"": [
    -83.257581676,
    42.344081459
  ],
  ""type"": ""Point""
}",-83.257581676,42.3440814590001
347,1367832,KERCHEVAL,MANISTIQUE,2018-04-29,29,4,2018,21,1,4,9,,4,0,Asphalt,1,1,4,25,2,2,2,5,0,0,0,0,true,false,true,false,false,false,false,false,false,false,false,false,false,false,false,false,false,false,false,false,false,false,-82.94502,42.37979,"{
  ""coordinates"": [
    -8.294502220625490e+01,
    4.237978824961760e+01
  ],
  ""type"": ""Point""
}","{
  ""coordinates"": [
    -82.945022206,
    42.37978825
  ],
  ""type"": ""Point""
}",-82.945022206,42.37978825
348,1361366,VERNOR,MILITARY,2018-04-28,28,4,2018,12,7,5,9,,4,0,Asphalt,1,2,1,30,2,2,4,4,0,0,0,1,false,false,false,false,false,false,false,false,false,false,false,false,false,false,false,false,false,false,false,false,false,false,-83.10656,42.31589,"{
  ""coordinates"": [
    -8.310655916000580e+01,
    4.231588957632170e+01
  ],
  ""type"": ""Point""
}","{
  ""coordinates"": [
    -83.10655916,
    42.315889576
  ],
  ""type"": ""Point""
}",-83.10655916,42.3158895760001
349,1360402,WARING,GLEASON,2018-04-28,28,4,2018,21,7,9,9,,,2,,1,1,4,25,3,2,2,5,0,0,0,0,true,false,false,false,true,false,false,false,false,true,false,false,false,false,false,false,false,false,false,false,false,false,-83.16535,42.26549,"{
  ""coordinates"": [
    -8.316535170619190e+01,
    4.226549326056980e+01
  ],
  ""type"": ""Point""
}","{
  ""coordinates"": [
    -83.165351706,
    42.265493261
  ],
  ""type"": ""Point""
}",-83.165351706,42.2654932610001
350,1370209,M-10,CLAIRMOUNT,2018-04-28,28,4,2018,15,7,8,3,,1,0,Concrete,1,2,1,55,3,2,2,5,0,0,0,0,true,false,false,false,true,false,false,false,false,false,false,false,false,false,true,false,false,false,false,false,false,false,-83.08957,42.37843,"{
  ""coordinates"": [
    -8.308957042405360e+01,
    4.237843299065600e+01
  ],
  ""type"": ""Point""
}","{
  ""coordinates"": [
    -83.089570424,
    42.378432991
  ],
  ""type"": ""Point""
}",-83.089570424,42.3784329910001
351,1362746,M-10,WYOMING,2018-04-28,28,4,2018,7,7,1,3,,1,1,Concrete,1,2,1,55,3,1,1,4,0,0,0,1,false,false,false,false,false,false,false,false,false,true,true,false,false,false,false,false,false,false,false,false,false,false,-83.16079,42.40556,"{
  ""coordinates"": [
    -8.316078640837060e+01,
    4.240555841812710e+01
  ],
  ""type"": ""Point""
}","{
  ""coordinates"": [
    -83.160786408,
    42.405558418
  ],
  ""type"": ""Point""
}",-83.160786408,42.4055584180001
352,1360377,WOODWARD,GRAND,2018-04-28,28,4,2018,3,7,1,3,,1,0,Asphalt,2,4,4,35,3,1,2,5,0,0,0,0,true,false,false,false,false,false,false,false,false,false,false,false,false,false,false,false,false,false,false,false,false,false,-83.0732,42.37006,"{
  ""coordinates"": [
    -8.307319378476630e+01,
    4.237005443844430e+01
  ],
  ""type"": ""Point""
}","{
  ""coordinates"": [
    -83.073193785,
    42.370054438
  ],
  ""type"": ""Point""
}",-83.0731937849999,42.3700544380001
353,1361389,CONANT,7 MILE,2018-04-28,28,4,2018,9,7,5,9,,4,0,Asphalt,1,1,4,,2,2,1,5,0,0,0,0,true,true,false,false,true,false,false,false,false,false,false,false,false,false,false,false,false,false,false,false,false,false,-83.07349,42.43269,"{
  ""coordinates"": [
    -8.307349577943950e+01,
    4.243269048024570e+01
  ],
  ""type"": ""Point""
}","{
  ""coordinates"": [
    -83.073495779,
    42.43269048
  ],
  ""type"": ""Point""
}",-83.073495779,42.4326904800001
354,1360423,GRATIOT,HARPER,2018-04-28,28,4,2018,11,7,8,3,,1,0,Asphalt,1,2,1,35,4,2,2,4,0,0,0,1,false,false,false,false,false,false,false,false,true,false,false,false,false,false,false,false,false,false,false,false,false,false,-83.00507,42.39338,"{
  ""coordinates"": [
    -8.300506444663880e+01,
    4.239338406097600e+01
  ],
  ""type"": ""Point""
}","{
  ""coordinates"": [
    -83.005064447,
    42.393384061
  ],
  ""type"": ""Point""
}",-83.0050644469999,42.3933840610001
355,1360454,8 MILE,HAYES,2018-04-28,28,4,2018,9,7,5,3,,1,0,Asphalt,1,2,1,40,5,2,3,5,0,0,0,0,true,false,false,false,false,false,false,false,false,false,false,false,false,false,false,false,false,false,false,false,false,false,-82.96592,42.44989,"{
  ""coordinates"": [
    -8.296591965051550e+01,
    4.244988959855590e+01
  ],
  ""type"": ""Point""
}","{
  ""coordinates"": [
    -82.965919651,
    42.449889599
  ],
  ""type"": ""Point""
}",-82.965919651,42.4498895990001
356,1360418,PENROD,PAUL,2018-04-28,28,4,2018,13,7,8,9,,,0,,1,1,2,25,3,2,0,5,0,0,0,0,true,false,false,false,true,false,false,false,false,false,false,false,false,false,false,false,false,false,false,false,false,false,-83.21931,42.33612,"{
  ""coordinates"": [
    -8.321931045004069e+01,
    4.233612022120360e+01
  ],
  ""type"": ""Point""
}","{
  ""coordinates"": [
    -83.21931045,
    42.336120221
  ],
  ""type"": ""Point""
}",-83.21931045,42.336120221
357,1360479,PILGRIM,WARD,2018-04-28,28,4,2018,14,7,2,9,,,0,,1,2,1,25,2,2,1,5,0,0,0,0,true,false,true,false,true,false,false,false,false,false,false,false,false,false,false,false,false,false,false,false,false,false,-83.17403,42.40765,"{
  ""coordinates"": [
    -8.317403551662470e+01,
    4.240765291688150e+01
  ],
  ""type"": ""Point""
}","{
  ""coordinates"": [
    -83.174035517,
    42.407652917
  ],
  ""type"": ""Point""
}",-83.1740355169999,42.4076529170001
358,1362114,LARKIN,MICHIGAN AVE1,2018-04-28,28,4,2018,23,7,8,2,,,0,,1,1,4,25,2,2,1,5,0,0,0,0,true,false,false,false,false,false,false,false,false,false,false,false,false,false,false,false,false,false,false,false,false,false,-83.13064,42.33093,"{
  ""coordinates"": [
    -8.313063653243010e+01,
    4.233093177738990e+01
  ],
  ""type"": ""Point""
}","{
  ""coordinates"": [
    -83.130636532,
    42.330931777
  ],
  ""type"": ""Point""
}",-83.130636532,42.330931777
359,1362108,LARKIN,MICHIGAN,2018-04-28,28,4,2018,23,7,8,9,,,0,,1,1,1,25,2,2,0,5,0,0,0,0,true,false,false,false,true,false,false,false,false,false,false,false,false,false,false,false,false,false,false,false,false,false,-83.1304,42.33063,"{
  ""coordinates"": [
    -8.313039963846551e+01,
    4.233063164701570e+01
  ],
  ""type"": ""Point""
}","{
  ""coordinates"": [
    -83.130399638,
    42.330631647
  ],
  ""type"": ""Point""
}",-83.130399638,42.3306316470001
360,1361369,MACK,ALTER,2018-04-28,28,4,2018,5,7,4,9,,4,0,Asphalt,2,2,4,30,5,2,2,4,0,0,0,1,false,false,true,true,true,false,false,false,false,false,false,false,false,false,false,false,false,false,false,false,false,false,-82.9478,42.38728,"{
  ""coordinates"": [
    -8.294779954853580e+01,
    4.238728439883580e+01
  ],
  ""type"": ""Point""
}","{
  ""coordinates"": [
    -82.947799549,
    42.387284399
  ],
  ""type"": ""Point""
}",-82.947799549,42.3872843990001
361,1360359,I-75,MICHIGAN,2018-04-28,28,4,2018,6,7,1,1,,1,1,Asphalt,2,2,4,55,3,1,3,3,0,0,2,1,false,false,false,false,false,true,false,true,true,false,true,false,false,false,false,false,false,false,false,false,false,false,-83.08649,42.33017,"{
  ""coordinates"": [
    -8.308649090307691e+01,
    4.233016887640880e+01
  ],
  ""type"": ""Point""
}","{
  ""coordinates"": [
    -83.086490903,
    42.330168876
  ],
  ""type"": ""Point""
}",-83.086490903,42.3301688760001
362,1361370,W I 94,MOROSS,2018-04-28,28,4,2018,7,7,8,1,,1,0,Asphalt,1,1,1,30,3,2,4,5,0,0,0,0,true,false,false,false,false,false,false,false,false,false,false,false,false,false,false,false,false,false,false,false,false,false,-82.9287,42.42473,"{
  ""coordinates"": [
    -8.292869520955080e+01,
    4.242472732009120e+01
  ],
  ""type"": ""Point""
}","{
  ""coordinates"": [
    -82.92869521,
    42.42472732
  ],
  ""type"": ""Point""
}",-82.9286952099999,42.42472732
363,1373064,WASHINGTON,FORT,2018-04-28,28,4,2018,16,7,4,3,,4,0,Asphalt,1,1,1,30,9,2,4,5,0,0,0,0,true,false,true,false,false,false,false,false,false,false,false,false,false,false,false,true,false,false,false,false,false,false,-83.0498,42.3296,"{
  ""coordinates"": [
    -8.304979420842599e+01,
    4.232960208510600e+01
  ],
  ""type"": ""Point""
}","{
  ""coordinates"": [
    -83.049794208,
    42.329602085
  ],
  ""type"": ""Point""
}",-83.049794208,42.329602085
364,1360464,7 MILE,VAN DYKE,2018-04-28,28,4,2018,1,7,1,3,,4,0,Asphalt,1,4,4,35,4,1,3,4,0,0,0,1,false,false,false,false,false,false,false,false,false,true,false,false,false,false,false,false,false,false,false,false,false,false,-83.02425,42.43397,"{
  ""coordinates"": [
    -8.302425704937600e+01,
    4.243396975060140e+01
  ],
  ""type"": ""Point""
}","{
  ""coordinates"": [
    -83.024257049,
    42.433969751
  ],
  ""type"": ""Point""
}",-83.024257049,42.4339697510001
365,1360371,HUBBELL,TIREMAN,2018-04-28,28,4,2018,6,7,4,9,,4,0,Asphalt,2,2,2,30,2,2,3,3,0,0,1,0,false,false,false,false,false,false,false,false,false,false,false,false,false,false,false,false,false,false,false,false,false,false,-83.18691,42.35109,"{
  ""coordinates"": [
    -8.318691150322850e+01,
    4.235109366455920e+01
  ],
  ""type"": ""Point""
}","{
  ""coordinates"": [
    -83.186911503,
    42.351093665
  ],
  ""type"": ""Point""
}",-83.186911503,42.3510936650001
366,1361346,W I 96,SCHAEFER,2018-04-28,28,4,2018,17,7,1,1,,1,1,Asphalt,1,1,1,70,3,1,1,5,0,0,0,0,true,false,false,false,false,false,false,false,false,true,false,false,false,false,false,false,false,false,false,false,false,false,-83.17819,42.38336,"{
  ""coordinates"": [
    -8.317819136658601e+01,
    4.238335874083960e+01
  ],
  ""type"": ""Point""
}","{
  ""coordinates"": [
    -83.178191367,
    42.383358741
  ],
  ""type"": ""Point""
}",-83.178191367,42.3833587410001
367,1361415,ANTHONY WAYNE,FERRY,2018-04-28,28,4,2018,10,7,10,9,,4,3,Asphalt,1,1,1,25,2,2,0,5,0,0,0,0,true,false,false,false,true,false,false,false,false,false,false,false,false,false,false,false,false,false,false,false,false,false,-83.07351,42.35888,"{
  ""coordinates"": [
    -8.307351267287920e+01,
    4.235888321143090e+01
  ],
  ""type"": ""Point""
}","{
  ""coordinates"": [
    -83.073512673,
    42.358883211
  ],
  ""type"": ""Point""
}",-83.073512673,42.358883211
368,1373086,MICHIGAN,SAINT LAWRENCE,2018-04-28,28,4,2018,1,7,3,2,,1,0,Asphalt,2,4,4,35,5,2,2,4,0,0,0,1,false,false,false,false,false,false,false,false,false,false,false,false,false,false,false,false,false,false,false,false,false,false,-83.143,42.33064,"{
  ""coordinates"": [
    -8.314299921058419e+01,
    4.233064162480280e+01
  ],
  ""type"": ""Point""
}","{
  ""coordinates"": [
    -83.142999211,
    42.330641625
  ],
  ""type"": ""Point""
}",-83.142999211,42.3306416250001
369,1360375,PLYMOUTH,EVERGREEN,2018-04-28,28,4,2018,4,7,8,9,,4,0,Asphalt,1,1,4,35,6,2,1,5,0,0,0,0,true,false,false,false,true,false,false,false,false,false,false,false,false,false,false,false,false,false,false,false,false,false,-83.23634,42.37189,"{
  ""coordinates"": [
    -8.323634383516460e+01,
    4.237188979657190e+01
  ],
  ""type"": ""Point""
}","{
  ""coordinates"": [
    -83.236343835,
    42.371889797
  ],
  ""type"": ""Point""
}",-83.236343835,42.3718897970001
370,1361368,VERNOR,CAMPBELL,2018-04-28,28,4,2018,11,7,1,9,,4,0,Asphalt,1,2,1,25,2,2,2,4,0,0,0,1,false,false,false,false,false,false,false,false,false,false,false,false,false,false,false,false,false,false,false,false,true,false,-83.10332,42.31721,"{
  ""coordinates"": [
    -8.310332301436290e+01,
    4.231720632736420e+01
  ],
  ""type"": ""Point""
}","{
  ""coordinates"": [
    -83.103323014,
    42.317206327
  ],
  ""type"": ""Point""
}",-83.103323014,42.3172063270001
371,1360419,ASHTON,BELTON,2018-04-28,28,4,2018,1,7,9,9,,,2,,2,4,3,25,2,2,0,5,0,0,0,0,true,false,false,false,true,false,false,false,false,false,true,false,false,false,false,false,false,false,false,false,false,false,-83.21747,42.35131,"{
  ""coordinates"": [
    -8.321746844321490e+01,
    4.235130687087520e+01
  ],
  ""type"": ""Point""
}","{
  ""coordinates"": [
    -83.217468443,
    42.351306871
  ],
  ""type"": ""Point""
}",-83.217468443,42.3513068710001
372,1364481,SOUTHFIELD SERVICE DRIVE,CIRCLE,2018-04-28,28,4,2018,20,7,97,3,,5,0,Asphalt,1,1,4,25,4,2,7,4,0,0,0,2,false,false,true,true,false,false,false,false,false,false,false,false,false,false,false,false,false,false,false,false,false,false,-83.21938,42.44297,"{
  ""coordinates"": [
    -8.321937219701860e+01,
    4.244297266633160e+01
  ],
  ""type"": ""Point""
}","{
  ""coordinates"": [
    -83.219372197,
    42.442972666
  ],
  ""type"": ""Point""
}",-83.219372197,42.4429726660001
373,1360362,E I 94,BURNS,2018-04-28,28,4,2018,23,7,8,1,,1,0,Asphalt,1,1,4,55,3,2,2,5,0,0,0,0,true,false,false,false,false,false,false,false,false,false,false,false,false,false,false,false,false,false,false,false,false,false,-83.01146,42.38956,"{
  ""coordinates"": [
    -8.301146111275200e+01,
    4.238956234821820e+01
  ],
  ""type"": ""Point""
}","{
  ""coordinates"": [
    -83.011461113,
    42.389562348
  ],
  ""type"": ""Point""
}",-83.0114611129999,42.389562348
374,1361374,SEMINOLE,GEORGIA,2018-04-28,28,4,2018,6,7,5,9,,,0,,1,2,2,25,2,2,1,4,0,0,0,1,false,false,false,false,false,false,false,false,false,false,false,false,false,false,false,false,false,false,false,false,false,false,-83.01904,42.39315,"{
  ""coordinates"": [
    -8.301904039485730e+01,
    4.239314713022520e+01
  ],
  ""type"": ""Point""
}","{
  ""coordinates"": [
    -83.019040395,
    42.39314713
  ],
  ""type"": ""Point""
}",-83.019040395,42.39314713
375,1581847,CADIEUX,RAMP 223B,2018-04-28,28,4,2018,9,7,10,1,,4,0,Asphalt,1,1,1,30,4,2,3,5,0,0,0,0,true,false,false,false,false,false,false,false,false,false,false,false,false,false,true,false,false,false,false,false,false,false,-82.93702,42.41702,"{
  ""coordinates"": [
    -8.293701941849280e+01,
    4.241702312550440e+01
  ],
  ""type"": ""Point""
}","{
  ""coordinates"": [
    -82.937019418,
    42.417023126
  ],
  ""type"": ""Point""
}",-82.937019418,42.4170231260001
376,1367824,FORT,GRAND,2018-04-28,28,4,2018,2,7,4,3,,1,0,Concrete,2,4,4,30,5,2,2,4,0,0,0,1,false,false,false,false,false,false,false,false,false,false,false,false,false,false,false,false,false,false,false,false,false,false,-83.0836,42.31514,"{
  ""coordinates"": [
    -8.308360040442560e+01,
    4.231514225726210e+01
  ],
  ""type"": ""Point""
}","{
  ""coordinates"": [
    -83.083600404,
    42.315142257
  ],
  ""type"": ""Point""
}",-83.083600404,42.315142257
377,1360472,LIVERNOIS,SANTA MARIA,2018-04-28,28,4,2018,22,7,4,9,,4,0,Asphalt,1,1,4,25,2,2,5,5,0,0,0,0,true,false,true,true,true,false,false,false,false,false,false,false,false,false,false,false,false,false,false,false,false,false,-83.14081,42.41895,"{
  ""coordinates"": [
    -8.314080629840470e+01,
    4.241894376818470e+01
  ],
  ""type"": ""Point""
}","{
  ""coordinates"": [
    -83.140806298,
    42.418943768
  ],
  ""type"": ""Point""
}",-83.140806298,42.4189437680001
378,1360420,GREENFIELD,JOY,2018-04-28,28,4,2018,1,7,5,9,,2,0,Asphalt,2,4,4,35,5,2,5,1,1,2,2,0,false,false,false,false,false,true,false,false,false,false,false,false,false,false,true,false,false,false,false,false,false,false,-83.197,42.3582,"{
  ""coordinates"": [
    -8.319700013458710e+01,
    4.235819732142360e+01
  ],
  ""type"": ""Point""
}","{
  ""coordinates"": [
    -83.197000135,
    42.358197321
  ],
  ""type"": ""Point""
}",-83.1970001349999,42.358197321
379,1360396,TRUMBULL,HOWARD,2018-04-28,28,4,2018,13,7,8,9,,4,0,Asphalt,1,1,1,25,2,2,2,5,0,0,0,0,true,false,false,false,false,false,false,false,false,false,false,false,false,false,false,false,false,false,false,false,false,false,-83.063,42.32627,"{
  ""coordinates"": [
    -8.306299573590820e+01,
    4.232627468249100e+01
  ],
  ""type"": ""Point""
}","{
  ""coordinates"": [
    -83.062995736,
    42.326274682
  ],
  ""type"": ""Point""
}",-83.0629957359999,42.3262746820001
380,1360458,JOHN C,ELMHURST,2018-04-28,28,4,2018,0,7,1,9,,,0,,1,1,4,25,1,1,1,5,0,0,0,0,true,false,false,false,false,false,false,false,false,true,false,false,false,false,false,false,false,false,false,false,false,false,-83.10387,42.38953,"{
  ""coordinates"": [
    -8.310387063481031e+01,
    4.238952672883990e+01
  ],
  ""type"": ""Point""
}","{
  ""coordinates"": [
    -83.103870635,
    42.389526729
  ],
  ""type"": ""Point""
}",-83.103870635,42.3895267290001
381,1364475,W/B I 94,CONNER,2018-04-28,28,4,2018,13,7,97,1,,1,0,Asphalt,1,1,1,45,3,1,1,5,0,0,0,0,true,false,false,false,false,false,false,false,true,false,false,false,false,true,false,false,false,false,false,false,false,false,-82.9875,42.39684,"{
  ""coordinates"": [
    -8.298750112511310e+01,
    4.239683568512960e+01
  ],
  ""type"": ""Point""
}","{
  ""coordinates"": [
    -82.987501125,
    42.396835685
  ],
  ""type"": ""Point""
}",-82.9875011249999,42.396835685
382,1365900,8 MILE,WYOMING,2018-04-28,28,4,2018,3,7,1,3,,1,1,Asphalt,2,4,4,40,5,1,0,5,0,0,0,0,true,false,false,false,false,false,false,false,false,false,false,false,false,false,false,false,false,false,false,false,false,false,-83.16122,42.44565,"{
  ""coordinates"": [
    -8.316122161976691e+01,
    4.244565289423500e+01
  ],
  ""type"": ""Point""
}","{
  ""coordinates"": [
    -83.16122162,
    42.445652894
  ],
  ""type"": ""Point""
}",-83.1612216199999,42.445652894
383,1428840,GREENVIEW,WARREN,2018-04-28,28,4,2018,1,7,5,9,,,0,,2,4,5,25,2,2,1,5,0,0,0,0,true,false,false,false,false,false,false,false,false,false,false,false,false,false,false,false,false,false,false,false,false,false,-83.222,42.34365,"{
  ""coordinates"": [
    -8.322200067474350e+01,
    4.234365035670510e+01
  ],
  ""type"": ""Point""
}","{
  ""coordinates"": [
    -83.222000675,
    42.343650357
  ],
  ""type"": ""Point""
}",-83.2220006749999,42.3436503570001