ObjectId,Crash ID,Primary Road,Intersecting Road,Crash Date,Day,Month,Year,Hour,Weekday,Crash Type Code,Highway Classification Code,Community Code,Jurisdiction Code,Lane Departure Type Code,Surface Type,Road Condition,Weather Condition,Lighting Condition,Speed Limit,Lanes,Units,Occupants,Most Severe Injury,Fatal Injuries,Suspected Serious Injuries,Suspected Minor Injuries,Possible Injuries,Property Damage Only,Secondary Crash,Traffic Control,Red Light Run,Hit and Run,Alcohol,Drugs,Unbelted Person,Work Zone,Speeding Driver,Distracted Driver,Driveway,Pedestrian,Elderly Driver,Young Driver,Commercial Vehicle,Emergency Vehicles,Train,School Bus,Motorcycle,Bicycle,Deer,Longitude,Latitude,geom,geog,x,y
384,1360473,PEMBROKE,REDFERN,2018-04-28,28,4,2018,17,7,4,9,,,0,,1,1,1,30,1,2,3,5,0,0,0,0,true,false,false,false,false,false,false,false,false,false,false,false,false,true,false,false,false,false,false,false,false,false,-83.26448,42.43629,"{
  ""coordinates"": [
    -8.326447705742470e+01,
    4.243628660884500e+01
  ],
  ""type"": ""Point""
}","{
  ""coordinates"": [
    -83.264477057,
    42.436286609
  ],
  ""type"": ""Point""
}",-83.264477057,42.436286609
385,1360384,SAINT ANTOINE,WARREN,2018-04-28,28,4,2018,8,7,8,9,,4,0,Asphalt,1,1,1,25,3,2,2,5,0,0,0,0,true,false,false,false,false,false,false,false,false,false,false,false,false,false,false,false,false,false,false,false,false,false,-83.05701,42.35971,"{
  ""coordinates"": [
    -8.305700323112190e+01,
    4.235970499421970e+01
  ],
  ""type"": ""Point""
}","{
  ""coordinates"": [
    -83.057003231,
    42.359704994
  ],
  ""type"": ""Point""
}",-83.057003231,42.359704994
386,1365801,GRAND,ROSA PARKS,2018-04-28,28,4,2018,14,7,5,9,,4,0,Asphalt,1,1,1,30,3,2,3,5,0,0,0,0,true,false,false,false,false,false,false,false,false,false,false,false,false,false,false,false,false,false,false,false,false,false,-83.09168,42.36336,"{
  ""coordinates"": [
    -8.309168435234901e+01,
    4.236336286517630e+01
  ],
  ""type"": ""Point""
}","{
  ""coordinates"": [
    -83.091684352,
    42.363362865
  ],
  ""type"": ""Point""
}",-83.091684352,42.3633628650001
387,1367021,RAMP 216I,MILWAUKEE,2018-04-28,28,4,2018,13,7,5,1,,1,0,Concrete,1,2,1,55,4,2,4,4,0,0,0,2,false,false,false,false,false,false,false,false,false,false,false,false,false,true,false,false,false,false,false,false,false,false,-83.05991,42.37303,"{
  ""coordinates"": [
    -8.305990671622099e+01,
    4.237302836395800e+01
  ],
  ""type"": ""Point""
}","{
  ""coordinates"": [
    -83.059906716,
    42.373028364
  ],
  ""type"": ""Point""
}",-83.0599067159999,42.373028364
388,1360468,N M 10,7 MILE,2018-04-28,28,4,2018,2,7,4,3,,1,0,Concrete,2,4,4,30,4,2,4,5,0,0,0,0,true,false,false,false,true,false,false,false,false,false,false,false,false,false,false,false,false,false,false,false,false,false,-83.18694,42.43083,"{
  ""coordinates"": [
    -8.318694565633120e+01,
    4.243083163131790e+01
  ],
  ""type"": ""Point""
}","{
  ""coordinates"": [
    -83.186945656,
    42.430831631
  ],
  ""type"": ""Point""
}",-83.186945656,42.430831631
389,1366987,I-94,VANDYKE,2018-04-28,28,4,2018,4,7,5,1,,1,0,Asphalt,2,4,4,55,3,2,2,5,0,0,0,0,true,false,false,false,false,false,false,false,false,false,false,false,false,false,false,false,false,false,false,false,false,false,-83.02112,42.38584,"{
  ""coordinates"": [
    -8.302111526805101e+01,
    4.238583876716280e+01
  ],
  ""type"": ""Point""
}","{
  ""coordinates"": [
    -83.021115268,
    42.385838767
  ],
  ""type"": ""Point""
}",-83.021115268,42.3858387670001
390,1428811,PENROD,WARREN,2018-04-28,28,4,2018,18,7,97,9,,,0,,1,1,1,25,2,2,1,4,0,0,0,1,false,false,false,false,false,false,false,false,false,false,false,false,false,false,false,false,false,false,false,false,false,false,-83.21957,42.34331,"{
  ""coordinates"": [
    -8.321956347753220e+01,
    4.234330625339170e+01
  ],
  ""type"": ""Point""
}","{
  ""coordinates"": [
    -83.219563478,
    42.343306253
  ],
  ""type"": ""Point""
}",-83.2195634779999,42.343306253
391,1360455,SCHOENHERR,LAPPIN,2018-04-28,28,4,2018,19,7,4,9,,4,0,Asphalt,1,1,1,35,2,2,5,4,0,0,0,2,false,false,false,false,false,false,false,false,false,false,false,false,false,false,false,false,false,false,false,false,false,false,-82.98521,42.43692,"{
  ""coordinates"": [
    -8.298520543199071e+01,
    4.243692184029880e+01
  ],
  ""type"": ""Point""
}","{
  ""coordinates"": [
    -82.985205432,
    42.43692184
  ],
  ""type"": ""Point""
}",-82.985205432,42.43692184
392,1428074,HARPER,VAN DYKE,2018-04-28,28,4,2018,17,7,4,3,,4,0,Asphalt,1,1,1,30,5,2,1,4,0,0,0,1,false,false,false,false,false,false,false,false,false,false,false,false,false,false,false,false,false,false,false,false,false,false,-83.02142,42.388,"{
  ""coordinates"": [
    -8.302141232232520e+01,
    4.238799543645550e+01
  ],
  ""type"": ""Point""
}","{
  ""coordinates"": [
    -83.021412322,
    42.387995436
  ],
  ""type"": ""Point""
}",-83.0214123219999,42.387995436
393,1362779,MARTIN LUTHER KING JR,M 10 SERVICE,2018-04-28,28,4,2018,16,7,4,9,,4,0,Asphalt,1,1,1,25,3,2,5,4,0,0,0,1,false,false,true,true,false,false,false,false,false,false,false,false,false,false,false,false,false,false,false,false,false,false,-83.06855,42.34306,"{
  ""coordinates"": [
    -8.306854918041130e+01,
    4.234305471944300e+01
  ],
  ""type"": ""Point""
}","{
  ""coordinates"": [
    -83.06854918,
    42.343054719
  ],
  ""type"": ""Point""
}",-83.0685491799999,42.3430547190001
394,1367810,E I 94,SCOTTEN,2018-04-28,28,4,2018,22,7,8,1,,1,0,Asphalt,1,1,4,55,3,2,2,5,0,0,0,0,true,false,false,false,false,false,false,false,false,false,false,false,false,false,false,true,false,false,false,false,false,false,-83.11066,42.34603,"{
  ""coordinates"": [
    -8.311066193478339e+01,
    4.234603261602270e+01
  ],
  ""type"": ""Point""
}","{
  ""coordinates"": [
    -83.110661935,
    42.346032616
  ],
  ""type"": ""Point""
}",-83.1106619349999,42.3460326160001
395,1362112,7 MILE,RYAN,2018-04-28,28,4,2018,22,7,1,9,,4,1,Asphalt,1,1,4,35,1,1,1,3,0,0,1,0,false,false,false,false,false,false,false,false,false,false,false,false,false,false,false,false,false,false,false,true,false,false,-83.06275,42.43314,"{
  ""coordinates"": [
    -8.306275400869110e+01,
    4.243313775688920e+01
  ],
  ""type"": ""Point""
}","{
  ""coordinates"": [
    -83.062754009,
    42.433137757
  ],
  ""type"": ""Point""
}",-83.0627540089999,42.4331377570001
396,1365797,ELIJAH MCCOY,JOHN C LODGE FWY SERVICE,2018-04-28,28,4,2018,6,7,1,9,,4,0,Asphalt,1,1,2,25,2,1,1,5,0,0,0,0,true,false,false,false,true,false,false,false,false,false,false,false,false,false,false,false,false,false,false,false,false,false,-83.07925,42.36202,"{
  ""coordinates"": [
    -8.307925177520040e+01,
    4.236201889497310e+01
  ],
  ""type"": ""Point""
}","{
  ""coordinates"": [
    -83.079251775,
    42.362018895
  ],
  ""type"": ""Point""
}",-83.079251775,42.3620188950001
397,1367800,M-39,JOY,2018-04-28,28,4,2018,18,7,8,3,,1,0,Asphalt,1,1,1,55,3,2,1,3,0,0,1,0,false,false,false,false,true,false,false,false,false,false,false,false,false,false,false,false,false,false,false,true,false,false,-83.21658,42.35772,"{
  ""coordinates"": [
    -8.321657622285321e+01,
    4.235771703362550e+01
  ],
  ""type"": ""Point""
}","{
  ""coordinates"": [
    -83.216576223,
    42.357717034
  ],
  ""type"": ""Point""
}",-83.2165762229999,42.3577170340001
398,1360436,RUTHERFORD,CAMBRIDGE,2018-04-28,28,4,2018,2,7,4,9,,,0,,2,4,4,25,2,2,1,4,0,0,0,1,false,false,false,false,true,false,false,false,false,false,false,false,false,false,false,false,false,false,false,false,false,false,-83.20532,42.43214,"{
  ""coordinates"": [
    -8.320532108020591e+01,
    4.243213721198490e+01
  ],
  ""type"": ""Point""
}","{
  ""coordinates"": [
    -83.20532108,
    42.432137212
  ],
  ""type"": ""Point""
}",-83.20532108,42.432137212
399,1360366,FENKELL,ROSEMONT,2018-04-27,27,4,2018,16,6,8,9,,2,0,Asphalt,1,1,1,35,4,2,1,5,0,0,0,0,true,false,false,false,true,false,false,false,false,false,false,false,false,true,false,false,false,false,false,false,false,false,-83.21684,42.40115,"{
  ""coordinates"": [
    -8.321684258854800e+01,
    4.240114462202670e+01
  ],
  ""type"": ""Point""
}","{
  ""coordinates"": [
    -83.216842589,
    42.401144622
  ],
  ""type"": ""Point""
}",-83.216842589,42.4011446220001
400,1359368,I-94,CHALMERS,2018-04-27,27,4,2018,7,6,1,1,,1,1,Asphalt,1,1,1,55,3,1,1,5,0,0,0,0,true,false,false,false,false,false,false,false,false,true,false,false,false,false,false,false,false,false,false,false,false,false,-82.96249,42.40438,"{
  ""coordinates"": [
    -8.296249132365909e+01,
    4.240438061273220e+01
  ],
  ""type"": ""Point""
}","{
  ""coordinates"": [
    -82.962491324,
    42.404380613
  ],
  ""type"": ""Point""
}",-82.962491324,42.4043806130001
401,1400916,DAVISON,E M 8,2018-04-27,27,4,2018,6,6,97,3,,1,0,Asphalt,1,1,1,35,3,3,4,2,0,2,0,0,false,false,true,true,false,false,false,false,false,false,false,false,false,false,false,false,false,false,false,false,false,false,-83.11118,42.39735,"{
  ""coordinates"": [
    -8.311118279691161e+01,
    4.239735594780140e+01
  ],
  ""type"": ""Point""
}","{
  ""coordinates"": [
    -83.111182797,
    42.397355948
  ],
  ""type"": ""Point""
}",-83.111182797,42.397355948
402,1360369,SCHOOLCRAFT,GREENFIELD,2018-04-27,27,4,2018,23,6,4,9,,2,0,Asphalt,1,1,4,35,4,2,3,4,0,0,0,1,false,false,false,false,false,false,false,false,false,false,false,false,false,false,false,false,false,false,false,false,false,false,-83.19817,42.38705,"{
  ""coordinates"": [
    -8.319817029822940e+01,
    4.238705238591720e+01
  ],
  ""type"": ""Point""
}","{
  ""coordinates"": [
    -83.198170298,
    42.387052386
  ],
  ""type"": ""Point""
}",-83.198170298,42.3870523860001
403,1360434,LANCASHIRE,OUTER,2018-04-27,27,4,2018,12,6,1,9,,,1,,1,1,1,25,2,1,1,4,0,0,0,1,false,false,false,false,false,true,false,false,false,false,false,false,false,false,false,false,false,false,false,false,false,false,-83.23174,42.40715,"{
  ""coordinates"": [
    -8.323174284742331e+01,
    4.240715255512320e+01
  ],
  ""type"": ""Point""
}","{
  ""coordinates"": [
    -83.231742847,
    42.407152555
  ],
  ""type"": ""Point""
}",-83.231742847,42.407152555
404,1360438,EDINBOROUGH,VASSAR,2018-04-27,27,4,2018,19,6,9,9,,,0,,1,1,1,25,2,2,1,5,0,0,0,0,true,false,false,false,true,false,false,false,false,true,false,false,false,true,false,false,false,false,false,false,false,false,-83.23468,42.43328,"{
  ""coordinates"": [
    -8.323468037648421e+01,
    4.243328496285430e+01
  ],
  ""type"": ""Point""
}","{
  ""coordinates"": [
    -83.234680376,
    42.433284963
  ],
  ""type"": ""Point""
}",-83.234680376,42.4332849630001
405,1362764,N M 10,MYERS/M 10 CROSSOVER,2018-04-27,27,4,2018,16,6,1,3,,1,1,Concrete,2,4,1,55,3,1,3,4,0,0,0,3,false,false,false,false,false,false,false,false,false,true,false,false,false,false,true,false,false,false,false,false,false,false,-83.16978,42.41417,"{
  ""coordinates"": [
    -8.316977462325920e+01,
    4.241417326508990e+01
  ],
  ""type"": ""Point""
}","{
  ""coordinates"": [
    -83.169774623,
    42.414173265
  ],
  ""type"": ""Point""
}",-83.169774623,42.414173265
406,1360413,MACK,OUTER,2018-04-27,27,4,2018,22,6,5,9,,4,0,Asphalt,1,1,4,30,4,2,3,2,0,1,0,0,false,false,false,false,false,false,false,false,false,false,true,false,false,false,false,false,false,false,false,false,false,false,-82.92909,42.3922,"{
  ""coordinates"": [
    -8.292909496305100e+01,
    4.239219810833690e+01
  ],
  ""type"": ""Point""
}","{
  ""coordinates"": [
    -82.929094963,
    42.392198108
  ],
  ""type"": ""Point""
}",-82.929094963,42.3921981080001
407,1360463,VEACH,HILDALE,2018-04-27,27,4,2018,2,6,9,9,,,2,,1,1,4,25,2,2,0,5,0,0,0,0,true,false,false,false,false,false,false,false,false,false,false,false,false,false,false,false,false,false,false,false,false,false,-83.02094,42.43067,"{
  ""coordinates"": [
    -8.302093323999280e+01,
    4.243066977321800e+01
  ],
  ""type"": ""Point""
}","{
  ""coordinates"": [
    -83.02093324,
    42.430669773
  ],
  ""type"": ""Point""
}",-83.02093324,42.430669773
408,1365765,SAINT PAUL,MELDRUM,2018-04-27,27,4,2018,11,6,1,9,,,0,,1,2,1,25,2,1,1,5,0,0,0,0,true,false,false,false,false,false,false,false,false,false,true,false,false,false,false,false,false,false,false,false,false,false,-83.01324,42.35102,"{
  ""coordinates"": [
    -8.301323472483290e+01,
    4.235101757560010e+01
  ],
  ""type"": ""Point""
}","{
  ""coordinates"": [
    -83.013234725,
    42.351017576
  ],
  ""type"": ""Point""
}",-83.013234725,42.3510175760001
409,1428837,CHICAGO,GRIGGS,2018-04-27,27,4,2018,14,6,1,9,,4,1,Asphalt,1,1,1,35,2,1,2,4,0,0,0,2,false,false,false,false,false,false,false,false,false,false,false,false,false,true,false,false,false,false,false,false,false,false,-83.16158,42.36613,"{
  ""coordinates"": [
    -8.316158207548600e+01,
    4.236612650240900e+01
  ],
  ""type"": ""Point""
}","{
  ""coordinates"": [
    -83.161582075,
    42.366126502
  ],
  ""type"": ""Point""
}",-83.161582075,42.366126502
410,1363590,MCNICHOLS,WINSTON,2018-04-27,27,4,2018,18,6,4,9,,2,0,Asphalt,1,1,1,35,5,2,2,5,0,0,0,0,true,false,false,false,false,false,false,false,false,false,false,false,false,false,false,false,false,false,false,false,false,false,-83.28364,42.41434,"{
  ""coordinates"": [
    -8.328363680362369e+01,
    4.241433840022230e+01
  ],
  ""type"": ""Point""
}","{
  ""coordinates"": [
    -83.283636804,
    42.4143384
  ],
  ""type"": ""Point""
}",-83.283636804,42.4143384000001
411,1361335,I75,NEVADA,2018-04-27,27,4,2018,15,6,5,1,,1,0,Asphalt,1,1,1,70,4,2,2,5,0,0,0,0,true,false,false,false,false,false,false,false,false,false,false,false,false,false,true,false,false,false,false,false,false,false,-83.09128,42.42239,"{
  ""coordinates"": [
    -8.309127556935050e+01,
    4.242238737333480e+01
  ],
  ""type"": ""Point""
}","{
  ""coordinates"": [
    -83.091275569,
    42.422387373
  ],
  ""type"": ""Point""
}",-83.0912755689999,42.422387373
412,1361356,I-94,TRUMBALL,2018-04-27,27,4,2018,13,6,5,1,,1,0,Asphalt,1,1,1,55,5,2,2,5,0,0,0,0,true,false,false,false,false,false,false,false,false,false,false,false,false,true,false,false,false,false,false,false,false,false,-83.07753,42.3587,"{
  ""coordinates"": [
    -8.307753135884970e+01,
    4.235870274425420e+01
  ],
  ""type"": ""Point""
}","{
  ""coordinates"": [
    -83.077531359,
    42.358702744
  ],
  ""type"": ""Point""
}",-83.077531359,42.358702744
413,1406810,CHEYENNE,CHALFONTE,2018-04-27,27,4,2018,16,6,8,9,,,3,,1,1,1,25,2,2,0,5,0,0,0,0,true,false,false,false,true,false,false,false,false,false,false,false,false,false,false,false,false,false,false,false,false,false,-83.17464,42.39858,"{
  ""coordinates"": [
    -8.317464217410119e+01,
    4.239858424162400e+01
  ],
  ""type"": ""Point""
}","{
  ""coordinates"": [
    -83.174642174,
    42.398584242
  ],
  ""type"": ""Point""
}",-83.174642174,42.398584242
414,1362748,I 75 N/B,WOODWARD,2018-04-27,27,4,2018,17,6,5,1,,1,0,Concrete,2,2,1,55,5,4,5,5,0,0,0,0,true,false,false,false,true,false,false,false,false,false,false,false,false,false,false,false,false,false,false,false,false,false,-83.05314,42.3397,"{
  ""coordinates"": [
    -8.305313583241660e+01,
    4.233969943997130e+01
  ],
  ""type"": ""Point""
}","{
  ""coordinates"": [
    -83.053135832,
    42.33969944
  ],
  ""type"": ""Point""
}",-83.053135832,42.3396994400001
415,1360460,8 MILE,RYAN,2018-04-27,27,4,2018,10,6,4,3,,1,0,Asphalt,1,1,4,25,2,2,1,5,0,0,0,0,true,false,false,false,true,false,false,false,false,false,false,false,false,false,false,false,false,false,false,false,false,false,-83.06197,42.44731,"{
  ""coordinates"": [
    -8.306196408716950e+01,
    4.244731113236610e+01
  ],
  ""type"": ""Point""
}","{
  ""coordinates"": [
    -83.061964087,
    42.447311132
  ],
  ""type"": ""Point""
}",-83.061964087,42.447311132
416,1361396,LESURE,NORFOLK,2018-04-27,27,4,2018,20,6,2,9,,,2,,1,1,4,25,2,2,1,4,0,0,0,1,false,false,false,false,true,false,false,false,false,false,false,false,false,false,false,false,false,false,false,false,false,false,-83.18334,42.44254,"{
  ""coordinates"": [
    -8.318334313214730e+01,
    4.244253435845220e+01
  ],
  ""type"": ""Point""
}","{
  ""coordinates"": [
    -83.183343132,
    42.442534358
  ],
  ""type"": ""Point""
}",-83.1833431319999,42.442534358
417,1360474,MCNICHOLS,CHERRYLAWN,2018-04-27,27,4,2018,15,6,98,9,,4,0,Asphalt,1,1,1,25,2,2,0,5,0,0,0,0,true,false,false,false,true,false,false,false,false,false,false,false,false,false,false,false,false,false,false,false,false,false,-83.15446,42.41704,"{
  ""coordinates"": [
    -8.315445526158750e+01,
    4.241703923968710e+01
  ],
  ""type"": ""Point""
}","{
  ""coordinates"": [
    -83.154455262,
    42.41703924
  ],
  ""type"": ""Point""
}",-83.1544552619999,42.4170392400001
418,1360360,I 94,CHALMERS,2018-04-27,27,4,2018,18,6,5,1,,1,0,Asphalt,1,1,1,55,3,2,2,5,0,0,0,0,true,true,false,false,false,false,false,false,false,false,false,false,false,false,false,false,false,false,false,false,false,false,-82.96429,42.40368,"{
  ""coordinates"": [
    -8.296428911331050e+01,
    4.240368278211750e+01
  ],
  ""type"": ""Point""
}","{
  ""coordinates"": [
    -82.964289113,
    42.403682782
  ],
  ""type"": ""Point""
}",-82.9642891129999,42.403682782
419,1428831,SOUTHFIELD SERVICE DRIVE,LYNDON,2018-04-27,27,4,2018,15,6,5,9,,4,0,Asphalt,1,1,1,55,4,2,2,5,0,0,0,0,true,false,false,false,false,false,false,false,false,false,false,false,false,false,false,false,false,false,false,false,false,false,-83.21828,42.39386,"{
  ""coordinates"": [
    -8.321828359521780e+01,
    4.239385726731590e+01
  ],
  ""type"": ""Point""
}","{
  ""coordinates"": [
    -83.218283595,
    42.393857267
  ],
  ""type"": ""Point""
}",-83.2182835949999,42.393857267
420,1362762,S M 39,FENKELL,2018-04-27,27,4,2018,15,6,5,3,,1,0,Asphalt,1,2,1,55,3,2,3,5,0,0,0,0,true,false,false,false,false,false,false,false,false,false,false,false,false,false,false,false,false,false,false,false,false,false,-83.21837,42.40194,"{
  ""coordinates"": [
    -8.321836904102240e+01,
    4.240194303660540e+01
  ],
  ""type"": ""Point""
}","{
  ""coordinates"": [
    -83.218369041,
    42.401943037
  ],
  ""type"": ""Point""
}",-83.218369041,42.4019430370001
421,1428782,E I 96,JOY,2018-04-27,27,4,2018,23,6,5,1,,1,0,Asphalt,1,1,4,55,4,2,1,5,0,0,0,0,true,false,false,false,true,false,false,false,false,false,false,false,false,false,false,false,false,false,false,false,false,false,-83.12965,42.36375,"{
  ""coordinates"": [
    -8.312964811381320e+01,
    4.236374583481390e+01
  ],
  ""type"": ""Point""
}","{
  ""coordinates"": [
    -83.129648114,
    42.363745835
  ],
  ""type"": ""Point""
}",-83.129648114,42.363745835
422,1428838,TELEGRAPH,7 MILE,2018-04-27,27,4,2018,16,6,5,2,,1,0,Asphalt,1,1,1,,2,2,1,5,0,0,0,0,true,false,false,false,false,false,false,false,false,false,false,false,false,false,false,false,false,false,false,false,false,false,-83.27759,42.42949,"{
  ""coordinates"": [
    -8.327758680251790e+01,
    4.242949348361720e+01
  ],
  ""type"": ""Point""
}","{
  ""coordinates"": [
    -83.277586803,
    42.429493484
  ],
  ""type"": ""Point""
}",-83.277586803,42.429493484
423,1360450,GRATIOT,FORDHAM,2018-04-27,27,4,2018,11,6,8,3,,1,3,Asphalt,1,1,1,35,7,2,1,5,0,0,0,0,true,false,false,false,false,false,false,false,false,false,false,false,false,false,false,false,false,false,false,false,false,false,-82.97803,42.43457,"{
  ""coordinates"": [
    -8.297803310983370e+01,
    4.243456505519390e+01
  ],
  ""type"": ""Point""
}","{
  ""coordinates"": [
    -82.97803311,
    42.434565055
  ],
  ""type"": ""Point""
}",-82.97803311,42.4345650550001
424,1361381,CONANT,WINKELMAN,2018-04-27,27,4,2018,15,6,8,9,,4,0,Asphalt,1,2,1,30,4,2,4,5,0,0,0,0,true,false,false,false,false,false,false,false,false,false,false,false,false,false,true,false,false,false,false,false,false,false,-83.04192,42.38822,"{
  ""coordinates"": [
    -8.304192247519170e+01,
    4.238821896532380e+01
  ],
  ""type"": ""Point""
}","{
  ""coordinates"": [
    -83.041922475,
    42.388218965
  ],
  ""type"": ""Point""
}",-83.041922475,42.3882189650001
425,1360373,GRAND RIVER,SCHAEFER,2018-04-27,27,4,2018,17,6,9,3,,1,0,Asphalt,1,1,1,35,5,2,3,5,0,0,0,0,true,false,false,false,false,false,false,false,false,false,false,false,false,false,false,false,true,false,false,false,false,false,-83.17883,42.3848,"{
  ""coordinates"": [
    -8.317883189706110e+01,
    4.238479541844240e+01
  ],
  ""type"": ""Point""
}","{
  ""coordinates"": [
    -83.178831897,
    42.384795418
  ],
  ""type"": ""Point""
}",-83.178831897,42.3847954180001
426,1360374,PLYMOUTH,STRATHMOOR,2018-04-27,27,4,2018,20,6,4,9,,4,0,Asphalt,1,1,1,35,3,2,4,4,0,0,0,2,false,false,false,false,false,false,false,false,false,false,false,false,false,false,false,false,false,false,false,false,false,false,-83.1869,42.37285,"{
  ""coordinates"": [
    -8.318689463398680e+01,
    4.237285105274860e+01
  ],
  ""type"": ""Point""
}","{
  ""coordinates"": [
    -83.186894634,
    42.372851053
  ],
  ""type"": ""Point""
}",-83.1868946339999,42.372851053
427,1428830,SAWYER,ARTESIAN,2018-04-27,27,4,2018,14,6,4,9,,,0,,1,1,1,25,4,2,3,5,0,0,0,0,true,false,false,false,true,false,false,false,false,false,false,false,false,false,false,false,false,false,false,false,false,false,-83.22583,42.34694,"{
  ""coordinates"": [
    -8.322582834083190e+01,
    4.234694008173280e+01
  ],
  ""type"": ""Point""
}","{
  ""coordinates"": [
    -83.225828341,
    42.346940082
  ],
  ""type"": ""Point""
}",-83.225828341,42.3469400820001
428,1360426,SANTA MARIA,PENNINGTON,2018-04-27,27,4,2018,15,6,1,9,,,1,,1,1,1,,2,1,1,5,0,0,0,0,true,false,false,false,false,false,false,false,false,false,false,false,false,false,true,false,false,false,false,false,false,false,-83.1476,42.41892,"{
  ""coordinates"": [
    -8.314759768591500e+01,
    4.241892186887470e+01
  ],
  ""type"": ""Point""
}","{
  ""coordinates"": [
    -83.147597686,
    42.418921869
  ],
  ""type"": ""Point""
}",-83.147597686,42.418921869
429,1360363,JOHN R,WOODWARD,2018-04-27,27,4,2018,15,6,10,9,,4,0,Asphalt,1,2,1,25,2,2,1,5,0,0,0,0,true,false,false,false,false,false,false,false,false,false,false,true,false,false,false,false,false,false,false,false,false,false,-83.04919,42.33505,"{
  ""coordinates"": [
    -8.304918688209850e+01,
    4.233504982386940e+01
  ],
  ""type"": ""Point""
}","{
  ""coordinates"": [
    -83.049186882,
    42.335049824
  ],
  ""type"": ""Point""
}",-83.049186882,42.3350498240001
430,1360427,SCHOOLCRAFT,E/W SCHOOLCRAFT CROSSOVER,2018-04-27,27,4,2018,15,6,5,9,,4,0,Concrete,1,1,1,,2,2,2,5,0,0,0,0,true,true,false,false,false,false,false,false,false,false,true,false,false,true,false,false,false,false,false,false,false,false,-83.25677,42.38505,"{
  ""coordinates"": [
    -8.325677143835030e+01,
    4.238505354677020e+01
  ],
  ""type"": ""Point""
}","{
  ""coordinates"": [
    -83.256771438,
    42.385053547
  ],
  ""type"": ""Point""
}",-83.256771438,42.385053547
431,1360398,ENDICOTT,WOODWARD,2018-04-27,27,4,2018,10,6,98,3,,,0,,1,1,1,25,2,2,0,5,0,0,0,0,true,false,false,false,true,false,false,false,false,false,false,false,false,false,false,false,false,false,false,false,false,false,-83.07121,42.36734,"{
  ""coordinates"": [
    -8.307121048458841e+01,
    4.236734479529670e+01
  ],
  ""type"": ""Point""
}","{
  ""coordinates"": [
    -83.071210485,
    42.367344795
  ],
  ""type"": ""Point""
}",-83.0712104849999,42.3673447950001
432,1360399,CASS,MARTIN LUTHER KING JR,2018-04-27,27,4,2018,17,6,8,9,,4,0,Asphalt,1,1,1,30,2,2,2,5,0,0,0,0,true,false,false,false,false,false,false,false,false,false,false,false,false,true,false,false,false,false,false,false,false,false,-83.06091,42.3459,"{
  ""coordinates"": [
    -8.306090235372730e+01,
    4.234590032528320e+01
  ],
  ""type"": ""Point""
}","{
  ""coordinates"": [
    -83.060902354,
    42.345900325
  ],
  ""type"": ""Point""
}",-83.0609023539999,42.3459003250001
433,1362761,DAVISON,ROSA PARKS,2018-04-27,27,4,2018,14,6,5,3,,1,0,Asphalt,1,2,1,35,3,2,3,5,0,0,0,0,true,false,false,false,false,false,false,false,false,false,true,false,false,false,false,true,false,false,false,false,false,false,-83.11346,42.3962,"{
  ""coordinates"": [
    -8.311345315328110e+01,
    4.239620311569580e+01
  ],
  ""type"": ""Point""
}","{
  ""coordinates"": [
    -83.113453153,
    42.396203116
  ],
  ""type"": ""Point""
}",-83.113453153,42.396203116
434,1428805,VAUGHAN,ELMIRA,2018-04-27,27,4,2018,7,6,9,9,,,2,,1,1,4,25,2,2,1,5,0,0,0,0,true,false,false,false,true,false,false,false,false,false,false,false,false,false,false,false,false,false,false,false,false,false,-83.23734,42.3668,"{
  ""coordinates"": [
    -8.323733364729431e+01,
    4.236680365514500e+01
  ],
  ""type"": ""Point""
}","{
  ""coordinates"": [
    -83.237333647,
    42.366803655
  ],
  ""type"": ""Point""
}",-83.237333647,42.3668036550001
435,1360431,MCNICHOLS,WINTHROP,2018-04-27,27,4,2018,15,6,8,9,,2,0,Asphalt,1,1,1,35,4,2,2,5,0,0,0,0,true,false,false,false,false,false,false,false,false,false,false,false,false,false,false,false,false,false,false,false,false,false,-83.20093,42.41594,"{
  ""coordinates"": [
    -8.320093139579851e+01,
    4.241593927650490e+01
  ],
  ""type"": ""Point""
}","{
  ""coordinates"": [
    -83.200931396,
    42.415939277
  ],
  ""type"": ""Point""
}",-83.200931396,42.4159392770001
436,1360401,LIVERNOIS,MICHIGAN,2018-04-27,27,4,2018,8,6,97,2,,4,0,Asphalt,1,1,1,35,5,2,2,5,0,0,0,0,true,false,false,false,false,false,false,false,false,false,false,false,false,false,false,false,false,false,false,false,false,false,-83.12025,42.331,"{
  ""coordinates"": [
    -8.312025717630149e+01,
    4.233099908340420e+01
  ],
  ""type"": ""Point""
}","{
  ""coordinates"": [
    -83.120257176,
    42.330999083
  ],
  ""type"": ""Point""
}",-83.1202571759999,42.3309990830001
437,1361336,I75,8 MILE,2018-04-27,27,4,2018,16,6,5,1,,1,0,Asphalt,1,1,1,70,3,2,2,5,0,0,0,0,true,false,false,false,false,false,false,false,false,false,false,false,false,false,false,false,false,false,false,false,false,false,-83.09498,42.44246,"{
  ""coordinates"": [
    -8.309497797154800e+01,
    4.244246382571900e+01
  ],
  ""type"": ""Point""
}","{
  ""coordinates"": [
    -83.094977972,
    42.442463826
  ],
  ""type"": ""Point""
}",-83.094977972,42.4424638260001