ObjectId,Crash ID,Primary Road,Intersecting Road,Crash Date,Day,Month,Year,Hour,Weekday,Crash Type Code,Highway Classification Code,Community Code,Jurisdiction Code,Lane Departure Type Code,Surface Type,Road Condition,Weather Condition,Lighting Condition,Speed Limit,Lanes,Units,Occupants,Most Severe Injury,Fatal Injuries,Suspected Serious Injuries,Suspected Minor Injuries,Possible Injuries,Property Damage Only,Secondary Crash,Traffic Control,Red Light Run,Hit and Run,Alcohol,Drugs,Unbelted Person,Work Zone,Speeding Driver,Distracted Driver,Driveway,Pedestrian,Elderly Driver,Young Driver,Commercial Vehicle,Emergency Vehicles,Train,School Bus,Motorcycle,Bicycle,Deer,Longitude,Latitude,geom,geog,x,y
438,1360447,MANNING,SCHOENHERR,2018-04-27,27,4,2018,15,6,10,9,,,0,,1,2,1,25,1,2,0,5,0,0,0,0,true,false,false,false,true,false,false,false,false,false,false,false,false,false,false,false,false,false,false,false,false,false,-82.98518,42.44061,"{
  ""coordinates"": [
    -8.298517401736341e+01,
    4.244060804864000e+01
  ],
  ""type"": ""Point""
}","{
  ""coordinates"": [
    -82.985174017,
    42.440608049
  ],
  ""type"": ""Point""
}",-82.985174017,42.440608049
439,1428796,KENTFIELD,OUTER,2018-04-27,27,4,2018,19,6,4,9,,,0,,1,1,1,35,2,2,1,5,0,0,0,0,true,false,false,false,true,false,false,false,false,false,false,false,false,false,false,false,false,false,false,false,false,false,-83.24044,42.39763,"{
  ""coordinates"": [
    -8.324044287162580e+01,
    4.239763433082710e+01
  ],
  ""type"": ""Point""
}","{
  ""coordinates"": [
    -83.240442872,
    42.397634331
  ],
  ""type"": ""Point""
}",-83.240442872,42.3976343310001
440,1361362,N I 75,N I 75/GRATIOT,2018-04-27,27,4,2018,18,6,8,1,,1,0,Concrete,1,1,1,55,4,2,1,5,0,0,0,0,true,false,false,false,true,false,false,false,false,false,false,false,false,false,false,false,false,false,false,false,false,false,-83.0494,42.34127,"{
  ""coordinates"": [
    -8.304939934887830e+01,
    4.234127459337490e+01
  ],
  ""type"": ""Point""
}","{
  ""coordinates"": [
    -83.049399349,
    42.341274593
  ],
  ""type"": ""Point""
}",-83.0493993489999,42.341274593
441,1360415,I-94,CONNER,2018-04-27,27,4,2018,23,6,8,1,,1,0,Asphalt,1,1,5,70,3,2,2,5,0,0,0,0,true,false,false,false,false,false,false,true,false,false,false,false,false,true,false,false,false,false,false,false,false,false,-82.9874,42.39671,"{
  ""coordinates"": [
    -8.298739688306020e+01,
    4.239671330701010e+01
  ],
  ""type"": ""Point""
}","{
  ""coordinates"": [
    -82.987396883,
    42.396713307
  ],
  ""type"": ""Point""
}",-82.987396883,42.396713307
442,1360365,MEYERS,LYNDON,2018-04-27,27,4,2018,11,6,5,9,,4,0,Asphalt,1,1,1,,9,2,2,4,0,0,0,1,false,false,false,false,false,false,false,false,false,false,false,false,false,false,false,false,false,false,false,false,false,false,-83.16907,42.39531,"{
  ""coordinates"": [
    -8.316906685074940e+01,
    4.239531068041250e+01
  ],
  ""type"": ""Point""
}","{
  ""coordinates"": [
    -83.169066851,
    42.39531068
  ],
  ""type"": ""Point""
}",-83.169066851,42.3953106800001
443,1360456,DAVISON,14TH,2018-04-27,27,4,2018,13,6,5,3,,1,0,Asphalt,1,1,1,35,4,2,3,5,0,0,0,0,true,false,false,false,false,false,false,false,false,false,false,false,false,false,false,false,false,false,false,false,false,false,-83.11597,42.39526,"{
  ""coordinates"": [
    -8.311596828632850e+01,
    4.239526536224380e+01
  ],
  ""type"": ""Point""
}","{
  ""coordinates"": [
    -83.115968286,
    42.395265362
  ],
  ""type"": ""Point""
}",-83.1159682859999,42.395265362
444,1360457,WOODWARD,BURLINGAME,2018-04-27,27,4,2018,16,6,4,3,,1,0,Asphalt,1,1,1,30,6,2,2,5,0,0,0,0,true,false,false,false,false,false,false,false,false,false,false,false,false,true,true,false,false,false,false,false,false,false,-83.08784,42.39189,"{
  ""coordinates"": [
    -8.308784816800400e+01,
    4.239189213447100e+01
  ],
  ""type"": ""Point""
}","{
  ""coordinates"": [
    -83.087848168,
    42.391892134
  ],
  ""type"": ""Point""
}",-83.0878481679999,42.391892134
445,1360406,DRAGOON,VERNOR,2018-04-27,27,4,2018,21,6,8,9,,4,0,Asphalt,1,2,4,35,4,2,2,5,0,0,0,0,true,false,false,false,true,false,false,true,false,false,false,false,false,false,false,false,true,false,false,false,false,false,-83.10957,42.31645,"{
  ""coordinates"": [
    -8.310957308050530e+01,
    4.231645169432120e+01
  ],
  ""type"": ""Point""
}","{
  ""coordinates"": [
    -83.109573081,
    42.316451694
  ],
  ""type"": ""Point""
}",-83.109573081,42.3164516940001
446,1363564,GRAND RIVER,WASHINGTON,2018-04-27,27,4,2018,8,6,5,9,,4,0,Asphalt,1,1,1,30,4,2,2,5,0,0,0,0,true,false,false,false,false,false,false,false,false,false,false,false,false,false,true,false,false,false,false,false,false,false,-83.05123,42.33367,"{
  ""coordinates"": [
    -8.305123186159240e+01,
    4.233366899802890e+01
  ],
  ""type"": ""Point""
}","{
  ""coordinates"": [
    -83.051231862,
    42.333668998
  ],
  ""type"": ""Point""
}",-83.051231862,42.3336689980001
447,1361371,DEVONSHIRE,FRANKFORT,2018-04-27,27,4,2018,0,6,4,9,,,0,,1,1,5,25,1,2,3,2,0,1,0,0,false,false,false,false,true,false,false,false,false,false,false,false,false,false,false,false,false,false,false,false,false,false,-82.94301,42.40333,"{
  ""coordinates"": [
    -8.294301057172720e+01,
    4.240332969095400e+01
  ],
  ""type"": ""Point""
}","{
  ""coordinates"": [
    -82.943010572,
    42.403329691
  ],
  ""type"": ""Point""
}",-82.9430105719999,42.4033296910001
448,1360476,PENNINGTON,SANTA CLARA,2018-04-27,27,4,2018,17,6,4,9,,,0,,1,1,1,25,4,2,2,5,0,0,0,0,true,false,false,false,false,false,false,false,false,false,false,false,false,false,false,false,false,false,false,false,false,false,-83.14769,42.42075,"{
  ""coordinates"": [
    -8.314768745104870e+01,
    4.242074584615540e+01
  ],
  ""type"": ""Point""
}","{
  ""coordinates"": [
    -83.147687451,
    42.420745846
  ],
  ""type"": ""Point""
}",-83.147687451,42.420745846
449,1360367,CARLIN,VAN BUREN,2018-04-27,27,4,2018,2,6,1,9,,,1,,1,98,98,,2,1,0,5,0,0,0,0,true,false,false,false,false,false,false,false,false,false,false,false,false,false,false,false,false,false,false,false,false,false,-83.17865,42.35753,"{
  ""coordinates"": [
    -8.317865097740921e+01,
    4.235753021178360e+01
  ],
  ""type"": ""Point""
}","{
  ""coordinates"": [
    -83.178650977,
    42.357530212
  ],
  ""type"": ""Point""
}",-83.178650977,42.357530212
450,1428769,S M 39 SERVICE DRIVE,JOY,2018-04-27,27,4,2018,12,6,8,9,,4,0,Asphalt,1,1,1,25,3,2,2,5,0,0,0,0,true,false,false,false,false,false,false,false,false,false,false,false,false,false,false,false,false,false,false,false,false,false,-83.2169,42.35776,"{
  ""coordinates"": [
    -8.321690184411671e+01,
    4.235775950699010e+01
  ],
  ""type"": ""Point""
}","{
  ""coordinates"": [
    -83.216901844,
    42.357759507
  ],
  ""type"": ""Point""
}",-83.2169018439999,42.357759507
451,1360478,N I 75 SERVICE DRIVE,HARRISON,2018-04-27,27,4,2018,17,6,5,9,,4,0,Asphalt,1,1,1,30,1,2,2,5,0,0,0,0,true,false,false,false,false,false,false,false,false,false,false,false,false,false,false,false,false,false,false,false,false,false,-83.07152,42.33311,"{
  ""coordinates"": [
    -8.307151858704590e+01,
    4.233311603544950e+01
  ],
  ""type"": ""Point""
}","{
  ""coordinates"": [
    -83.071518587,
    42.333116035
  ],
  ""type"": ""Point""
}",-83.071518587,42.333116035
452,1361355,I-94,CONNER,2018-04-27,27,4,2018,9,6,8,1,,1,0,Asphalt,1,1,1,55,3,2,3,5,0,0,0,0,true,false,false,false,true,false,false,false,false,false,false,false,false,false,false,false,false,false,false,false,false,false,-82.99037,42.3947,"{
  ""coordinates"": [
    -8.299036954907690e+01,
    4.239469896416320e+01
  ],
  ""type"": ""Point""
}","{
  ""coordinates"": [
    -82.990369549,
    42.394698964
  ],
  ""type"": ""Point""
}",-82.990369549,42.394698964
453,1360435,8 MILE,LAHSER,2018-04-27,27,4,2018,12,6,4,3,,1,0,Asphalt,1,2,1,45,4,2,2,4,0,0,0,1,false,false,false,false,false,false,false,false,false,false,false,false,false,false,false,false,false,false,false,false,false,false,-83.25912,42.44323,"{
  ""coordinates"": [
    -8.325911886897050e+01,
    4.244322820723400e+01
  ],
  ""type"": ""Point""
}","{
  ""coordinates"": [
    -83.259118869,
    42.443228207
  ],
  ""type"": ""Point""
}",-83.259118869,42.4432282070001
454,1361358,S I 75,MILWAUKEE,2018-04-27,27,4,2018,17,6,1,1,,1,1,Asphalt,2,1,1,55,4,1,1,5,0,0,0,0,true,false,false,false,false,false,false,false,false,true,false,false,false,false,true,false,false,false,false,false,false,false,-83.06005,42.37399,"{
  ""coordinates"": [
    -8.306004891838680e+01,
    4.237399118035000e+01
  ],
  ""type"": ""Point""
}","{
  ""coordinates"": [
    -83.060048918,
    42.37399118
  ],
  ""type"": ""Point""
}",-83.0600489179999,42.3739911800001
455,1360408,ELECTRIC,OMAHA,2018-04-27,27,4,2018,13,6,1,9,,,1,,1,2,1,25,2,1,2,5,0,0,0,0,true,false,false,false,false,false,false,false,false,true,false,false,false,false,false,false,false,false,false,false,false,false,-83.15773,42.26984,"{
  ""coordinates"": [
    -8.315772799323040e+01,
    4.226983614910780e+01
  ],
  ""type"": ""Point""
}","{
  ""coordinates"": [
    -83.157727993,
    42.269836149
  ],
  ""type"": ""Point""
}",-83.157727993,42.2698361490001
456,1363500,W I 94,CADILLAC,2018-04-27,27,4,2018,9,6,1,1,,1,0,Asphalt,1,1,1,55,6,1,1,5,0,0,0,0,true,false,false,false,false,false,false,false,true,false,false,false,false,false,false,true,false,false,false,false,false,false,-83.0033,42.39208,"{
  ""coordinates"": [
    -8.300329403801690e+01,
    4.239207915115410e+01
  ],
  ""type"": ""Point""
}","{
  ""coordinates"": [
    -83.003294038,
    42.392079151
  ],
  ""type"": ""Point""
}",-83.003294038,42.3920791510001
457,1360466,WYOMING,OUTER,2018-04-27,27,4,2018,9,6,5,9,,4,0,Asphalt,1,1,1,35,2,2,3,4,0,0,0,2,false,false,false,false,false,false,false,false,false,false,false,false,false,false,false,false,false,false,false,false,false,false,-83.16111,42.43487,"{
  ""coordinates"": [
    -8.316110684913500e+01,
    4.243486800826970e+01
  ],
  ""type"": ""Point""
}","{
  ""coordinates"": [
    -83.161106849,
    42.434868008
  ],
  ""type"": ""Point""
}",-83.161106849,42.4348680080001
458,1362731,E I 96,SCHAEFER,2018-04-27,27,4,2018,1,6,1,1,,1,1,Concrete,1,1,4,70,3,1,1,5,0,0,0,0,true,false,false,false,false,false,false,false,false,true,false,false,false,false,true,false,false,false,false,false,false,false,-83.17789,42.38325,"{
  ""coordinates"": [
    -8.317788899245900e+01,
    4.238324686508340e+01
  ],
  ""type"": ""Point""
}","{
  ""coordinates"": [
    -83.177888992,
    42.383246865
  ],
  ""type"": ""Point""
}",-83.177888992,42.383246865
459,1360440,7 MILE,PREVOST,2018-04-27,27,4,2018,10,6,97,9,,2,0,Asphalt,1,1,1,35,4,3,1,5,0,0,0,0,true,false,false,false,true,false,false,false,false,false,false,false,false,false,false,false,false,false,false,false,false,false,-83.20409,42.43035,"{
  ""coordinates"": [
    -8.320409660978819e+01,
    4.243035166480140e+01
  ],
  ""type"": ""Point""
}","{
  ""coordinates"": [
    -83.20409661,
    42.430351665
  ],
  ""type"": ""Point""
}",-83.20409661,42.430351665
460,1360376,GRAND,GRANDRIVER,2018-04-27,27,4,2018,7,6,8,3,,1,0,Asphalt,1,2,1,30,3,2,2,5,0,0,0,0,true,false,false,false,false,false,false,false,false,false,false,false,false,false,false,false,false,false,false,false,false,false,-83.26546,42.41963,"{
  ""coordinates"": [
    -8.326545672739120e+01,
    4.241963013006100e+01
  ],
  ""type"": ""Point""
}","{
  ""coordinates"": [
    -83.265456727,
    42.41963013
  ],
  ""type"": ""Point""
}",-83.265456727,42.41963013
461,1361347,E I 94,CONCORD,2018-04-27,27,4,2018,17,6,5,1,,1,0,Asphalt,1,2,1,55,3,2,2,5,0,0,0,0,true,false,false,false,false,false,false,false,false,false,false,false,false,false,false,false,false,false,false,false,false,false,-83.02869,42.38404,"{
  ""coordinates"": [
    -8.302868620242310e+01,
    4.238404202092980e+01
  ],
  ""type"": ""Point""
}","{
  ""coordinates"": [
    -83.028686202,
    42.384042021
  ],
  ""type"": ""Point""
}",-83.028686202,42.384042021
462,1360407,GILBERT,OTIS,2018-04-27,27,4,2018,21,6,5,9,,,3,,1,2,4,25,1,2,1,5,0,0,0,0,true,false,false,false,false,false,false,true,false,false,false,false,false,false,false,false,false,false,false,false,false,false,-83.1183,42.32593,"{
  ""coordinates"": [
    -8.311829807420609e+01,
    4.232592878490270e+01
  ],
  ""type"": ""Point""
}","{
  ""coordinates"": [
    -83.118298074,
    42.325928785
  ],
  ""type"": ""Point""
}",-83.1182980739999,42.325928785
463,1360392,ELIOT,JOHN R,2018-04-27,27,4,2018,22,6,10,9,,,0,,1,1,4,25,1,2,2,5,0,0,0,0,true,false,false,false,false,false,false,false,false,false,false,false,false,false,false,false,false,false,false,false,false,false,-83.05508,42.34746,"{
  ""coordinates"": [
    -8.305507779343969e+01,
    4.234746239361680e+01
  ],
  ""type"": ""Point""
}","{
  ""coordinates"": [
    -83.055077793,
    42.347462394
  ],
  ""type"": ""Point""
}",-83.055077793,42.347462394
464,1367880,OUTER,CURTIS,2018-04-27,27,4,2018,15,6,8,9,,2,0,Asphalt,1,1,1,30,6,2,0,5,0,0,0,0,true,false,false,false,true,false,false,false,false,false,false,false,false,false,false,false,false,false,false,false,false,false,-83.17513,42.42372,"{
  ""coordinates"": [
    -8.317512888465960e+01,
    4.242372158477550e+01
  ],
  ""type"": ""Point""
}","{
  ""coordinates"": [
    -83.175128885,
    42.423721585
  ],
  ""type"": ""Point""
}",-83.1751288849999,42.4237215850001
465,1360477,CHENE,WATSON,2018-04-27,27,4,2018,17,6,8,9,,4,0,Asphalt,1,2,1,,2,2,1,5,0,0,0,0,true,false,false,false,true,false,false,false,false,false,false,false,false,false,false,false,false,false,false,false,false,false,-83.03265,42.35341,"{
  ""coordinates"": [
    -8.303265293886371e+01,
    4.235341303393200e+01
  ],
  ""type"": ""Point""
}","{
  ""coordinates"": [
    -83.032652939,
    42.353413034
  ],
  ""type"": ""Point""
}",-83.0326529389999,42.353413034
466,1367003,I-75,HOLBROOK,2018-04-27,27,4,2018,17,6,5,1,,1,0,Asphalt,1,2,1,70,4,2,2,4,0,0,0,2,false,true,false,false,false,false,false,false,false,false,false,false,false,false,false,false,false,false,false,false,false,false,-83.06894,42.3878,"{
  ""coordinates"": [
    -8.306893568832319e+01,
    4.238780313027960e+01
  ],
  ""type"": ""Point""
}","{
  ""coordinates"": [
    -83.068935688,
    42.38780313
  ],
  ""type"": ""Point""
}",-83.068935688,42.3878031300001
467,1365830,BURT,GLENDALE,2018-04-27,27,4,2018,12,6,5,9,,4,0,Asphalt,1,1,1,30,2,2,1,4,0,0,0,1,false,false,false,false,true,false,false,false,false,false,false,false,false,false,false,false,false,false,false,false,false,false,-83.24648,42.38131,"{
  ""coordinates"": [
    -8.324647341061990e+01,
    4.238131300327000e+01
  ],
  ""type"": ""Point""
}","{
  ""coordinates"": [
    -83.246473411,
    42.381313003
  ],
  ""type"": ""Point""
}",-83.246473411,42.3813130030001
468,1365798,2ND,FOREST,2018-04-27,27,4,2018,13,6,8,9,,4,0,Asphalt,1,1,1,30,2,2,1,5,0,0,0,0,true,false,false,false,false,false,false,false,false,false,false,false,false,false,false,true,false,false,false,false,false,false,-83.06747,42.35277,"{
  ""coordinates"": [
    -8.306747159179200e+01,
    4.235276778329990e+01
  ],
  ""type"": ""Point""
}","{
  ""coordinates"": [
    -83.067471592,
    42.352767783
  ],
  ""type"": ""Point""
}",-83.0674715919999,42.352767783
469,1376807,8 MILE,GREENFIELD,2018-04-27,27,4,2018,0,6,97,3,,1,0,Asphalt,1,1,4,45,4,1,3,5,0,0,0,0,true,false,false,false,true,false,false,false,false,false,false,false,false,false,false,false,false,false,false,false,false,false,-83.2006,42.44478,"{
  ""coordinates"": [
    -8.320059975841430e+01,
    4.244478395225060e+01
  ],
  ""type"": ""Point""
}","{
  ""coordinates"": [
    -83.200599758,
    42.444783952
  ],
  ""type"": ""Point""
}",-83.200599758,42.4447839520001
470,1360437,GREENFIELD,CHALFONTE,2018-04-27,27,4,2018,20,6,4,9,,2,0,Asphalt,1,1,3,35,4,2,2,5,0,0,0,0,true,false,false,false,false,false,false,false,false,false,false,false,false,false,false,false,false,false,false,false,false,false,-83.19864,42.39935,"{
  ""coordinates"": [
    -8.319864034249809e+01,
    4.239934993562170e+01
  ],
  ""type"": ""Point""
}","{
  ""coordinates"": [
    -83.198640342,
    42.399349936
  ],
  ""type"": ""Point""
}",-83.198640342,42.3993499360001
471,1365893,LIVERNOIS,SANTA MARIA,2018-04-27,27,4,2018,11,6,5,9,,4,0,Asphalt,1,1,1,,3,2,2,5,0,0,0,0,true,false,false,false,false,false,false,false,false,false,false,false,false,false,false,false,false,false,false,false,false,false,-83.14103,42.4188,"{
  ""coordinates"": [
    -8.314102596200210e+01,
    4.241880082395440e+01
  ],
  ""type"": ""Point""
}","{
  ""coordinates"": [
    -83.141025962,
    42.418800824
  ],
  ""type"": ""Point""
}",-83.141025962,42.4188008240001
472,1360462,OUTER,CONANT,2018-04-27,27,4,2018,8,6,4,9,,2,0,Asphalt,1,1,1,30,5,2,3,4,0,0,0,3,false,false,false,false,false,false,false,false,false,false,false,false,false,false,false,false,false,false,false,false,false,false,-83.07887,42.44007,"{
  ""coordinates"": [
    -8.307887427438210e+01,
    4.244006608967360e+01
  ],
  ""type"": ""Point""
}","{
  ""coordinates"": [
    -83.078874274,
    42.44006609
  ],
  ""type"": ""Point""
}",-83.078874274,42.4400660900001
473,1362745,W I 94,GRAND,2018-04-27,27,4,2018,16,6,5,1,,1,0,Asphalt,2,2,1,55,3,3,3,5,0,0,0,0,true,false,false,false,false,false,false,false,false,false,false,false,false,false,false,false,false,false,false,false,false,false,-83.04095,42.37644,"{
  ""coordinates"": [
    -8.304094783975560e+01,
    4.237644336501010e+01
  ],
  ""type"": ""Point""
}","{
  ""coordinates"": [
    -83.04094784,
    42.376443365
  ],
  ""type"": ""Point""
}",-83.0409478399999,42.3764433650001
474,1373112,EDSEL FORD,MT ELLIOTT,2018-04-27,27,4,2018,16,6,5,1,,1,0,Asphalt,2,4,1,55,3,2,2,5,0,0,0,0,true,false,false,false,false,false,false,false,false,false,false,false,false,false,false,false,false,false,false,false,false,false,-83.03416,42.3791,"{
  ""coordinates"": [
    -8.303416748441209e+01,
    4.237909764192290e+01
  ],
  ""type"": ""Point""
}","{
  ""coordinates"": [
    -83.034167484,
    42.379097642
  ],
  ""type"": ""Point""
}",-83.034167484,42.379097642
475,1378626,S I 75,RAMP 048C,2018-04-27,27,4,2018,17,6,8,1,,1,0,Asphalt,1,1,1,55,5,2,1,4,0,0,0,1,false,false,false,false,true,false,false,false,false,false,false,false,false,false,false,false,false,false,false,false,false,false,-83.09054,42.42112,"{
  ""coordinates"": [
    -8.309053991075631e+01,
    4.242112234789000e+01
  ],
  ""type"": ""Point""
}","{
  ""coordinates"": [
    -83.090539911,
    42.421122348
  ],
  ""type"": ""Point""
}",-83.090539911,42.421122348
476,1392371,RUTHERFORD,7 MILE,2018-04-27,27,4,2018,19,6,8,9,,,0,,1,1,1,25,2,2,0,5,0,0,0,0,true,false,false,false,false,false,false,false,false,false,false,false,false,false,false,false,false,false,false,false,false,false,-83.20525,42.43048,"{
  ""coordinates"": [
    -8.320525282750511e+01,
    4.243048296928480e+01
  ],
  ""type"": ""Point""
}","{
  ""coordinates"": [
    -83.205252828,
    42.430482969
  ],
  ""type"": ""Point""
}",-83.205252828,42.430482969
477,1368642,CAMBRIDGE,STANSBURY,2018-04-27,27,4,2018,13,6,4,9,,,0,,1,1,1,25,2,2,2,4,0,0,0,2,false,false,false,false,false,false,false,false,false,false,false,false,false,false,false,false,false,false,false,false,false,false,-83.1841,42.43274,"{
  ""coordinates"": [
    -8.318410270048300e+01,
    4.243273456761890e+01
  ],
  ""type"": ""Point""
}","{
  ""coordinates"": [
    -83.1841027,
    42.432734568
  ],
  ""type"": ""Point""
}",-83.1841027,42.4327345680001
478,1365907,INDIANA,PICKFORD,2018-04-27,27,4,2018,13,6,8,9,,,0,,1,2,1,25,2,2,4,5,0,0,0,0,true,false,false,false,true,false,false,false,false,false,false,false,false,false,false,false,false,false,false,false,false,false,-83.15864,42.42667,"{
  ""coordinates"": [
    -8.315863879778020e+01,
    4.242667513142670e+01
  ],
  ""type"": ""Point""
}","{
  ""coordinates"": [
    -83.158638798,
    42.426675131
  ],
  ""type"": ""Point""
}",-83.158638798,42.426675131
479,1369539,ARCHDALE,SCHOOLCRAFT,2018-04-27,27,4,2018,18,6,8,9,,,0,,1,1,1,25,2,2,2,5,0,0,0,0,true,false,false,false,true,false,false,false,false,false,false,false,false,false,false,false,false,false,false,false,false,false,-83.21626,42.38671,"{
  ""coordinates"": [
    -8.321625803821240e+01,
    4.238671614288550e+01
  ],
  ""type"": ""Point""
}","{
  ""coordinates"": [
    -83.216258038,
    42.386716143
  ],
  ""type"": ""Point""
}",-83.216258038,42.3867161430001
480,1360430,MCNICHOLS,ASHTON,2018-04-27,27,4,2018,9,6,8,9,,2,0,Asphalt,1,1,1,35,6,2,2,5,0,0,0,0,true,false,false,false,false,false,false,false,false,false,false,false,false,false,false,false,false,false,false,false,false,false,-83.22011,42.41553,"{
  ""coordinates"": [
    -8.322010943570299e+01,
    4.241553127091970e+01
  ],
  ""type"": ""Point""
}","{
  ""coordinates"": [
    -83.220109436,
    42.415531271
  ],
  ""type"": ""Point""
}",-83.220109436,42.4155312710001
481,1373140,7 MILE,PONTCHARTRAIN,2018-04-27,27,4,2018,21,6,98,9,,2,0,Asphalt,1,1,4,30,4,2,9,4,0,0,0,3,false,false,false,false,false,false,false,true,false,true,false,false,false,false,true,false,false,false,false,false,false,false,-83.12705,42.43182,"{
  ""coordinates"": [
    -8.312705562140070e+01,
    4.243181978490200e+01
  ],
  ""type"": ""Point""
}","{
  ""coordinates"": [
    -83.127055621,
    42.431819785
  ],
  ""type"": ""Point""
}",-83.127055621,42.4318197850001
482,1367009,E/B I 94,M 10,2018-04-27,27,4,2018,16,6,8,1,,1,0,Asphalt,1,2,1,55,3,2,2,5,0,0,0,0,true,false,false,false,false,false,false,false,false,false,false,false,false,false,false,false,false,false,false,false,false,false,-83.07455,42.36,"{
  ""coordinates"": [
    -8.307454389987400e+01,
    4.236000128163170e+01
  ],
  ""type"": ""Point""
}","{
  ""coordinates"": [
    -83.0745439,
    42.360001282
  ],
  ""type"": ""Point""
}",-83.0745439,42.360001282
483,1360370,LAMPHERE,FENKELL,2018-04-27,27,4,2018,22,6,8,9,,,0,,1,1,5,25,2,2,0,5,0,0,0,0,true,false,false,false,true,false,false,false,false,false,false,false,false,false,false,false,false,false,false,false,false,false,-83.26176,42.40023,"{
  ""coordinates"": [
    -8.326175752789680e+01,
    4.240022853549310e+01
  ],
  ""type"": ""Point""
}","{
  ""coordinates"": [
    -83.261757528,
    42.400228535
  ],
  ""type"": ""Point""
}",-83.261757528,42.4002285350001
484,1367001,I-75,HOLBROOK,2018-04-27,27,4,2018,16,6,8,1,,1,0,Asphalt,1,2,1,70,4,2,2,4,0,0,0,2,false,false,false,false,false,false,false,false,false,true,true,false,false,false,true,false,false,false,false,false,false,false,-83.06894,42.3878,"{
  ""coordinates"": [
    -8.306893568832319e+01,
    4.238780313027960e+01
  ],
  ""type"": ""Point""
}","{
  ""coordinates"": [
    -83.068935688,
    42.38780313
  ],
  ""type"": ""Point""
}",-83.068935688,42.3878031300001
485,1428894,WARRINGTON,PICKFORD,2018-04-26,26,4,2018,15,5,8,9,,,0,,1,1,1,25,4,2,1,5,0,0,0,0,true,false,false,false,true,false,false,true,false,false,false,false,false,false,false,false,false,false,false,false,false,false,-83.13982,42.42632,"{
  ""coordinates"": [
    -8.313982679488070e+01,
    4.242632118157030e+01
  ],
  ""type"": ""Point""
}","{
  ""coordinates"": [
    -83.139826795,
    42.426321182
  ],
  ""type"": ""Point""
}",-83.139826795,42.426321182
486,1428823,BIRWOOD,INTERVALE,2018-04-26,26,4,2018,14,5,10,9,,,0,,1,1,1,25,2,2,2,5,0,0,0,0,true,false,false,false,false,false,false,false,false,false,false,false,false,false,false,false,false,false,false,false,false,false,-83.16322,42.39101,"{
  ""coordinates"": [
    -8.316322143086850e+01,
    4.239101082387840e+01
  ],
  ""type"": ""Point""
}","{
  ""coordinates"": [
    -83.163221431,
    42.391010824
  ],
  ""type"": ""Point""
}",-83.163221431,42.391010824
487,1361380,BELLEVUE,SYLVESTER,2018-04-26,26,4,2018,13,5,97,9,,,0,,1,1,1,25,2,2,2,5,0,0,0,0,true,false,true,false,true,false,false,false,false,false,false,false,false,false,false,false,false,false,false,false,false,false,-83.01922,42.36499,"{
  ""coordinates"": [
    -8.301922038320920e+01,
    4.236498705926060e+01
  ],
  ""type"": ""Point""
}","{
  ""coordinates"": [
    -83.019220383,
    42.364987059
  ],
  ""type"": ""Point""
}",-83.0192203829999,42.364987059
488,1359396,MACKAY,GRIXDALE,2018-04-26,26,4,2018,21,5,5,9,,,0,,1,1,4,,2,2,2,5,0,0,0,0,true,false,false,false,false,false,false,false,false,false,false,false,false,false,false,false,false,false,false,false,false,false,-83.07695,42.42837,"{
  ""coordinates"": [
    -8.307694827195850e+01,
    4.242837286342500e+01
  ],
  ""type"": ""Point""
}","{
  ""coordinates"": [
    -83.076948272,
    42.428372863
  ],
  ""type"": ""Point""
}",-83.076948272,42.428372863
489,1359381,GREENFIELD,FENKELL,2018-04-26,26,4,2018,8,5,8,9,,2,0,Asphalt,1,1,1,35,3,2,1,5,0,0,0,0,true,false,false,false,true,false,false,false,false,false,false,false,false,false,false,false,false,false,false,false,false,false,-83.19867,42.40096,"{
  ""coordinates"": [
    -8.319866763207160e+01,
    4.240095848474180e+01
  ],
  ""type"": ""Point""
}","{
  ""coordinates"": [
    -83.198667632,
    42.400958485
  ],
  ""type"": ""Point""
}",-83.198667632,42.400958485
490,1359378,CHICAGO,CENTRAL,2018-04-26,26,4,2018,11,5,8,9,,4,0,Asphalt,1,1,1,35,5,2,4,5,0,0,0,0,true,false,false,false,false,false,false,false,false,false,false,false,false,true,false,false,false,false,false,false,false,false,-83.14669,42.36642,"{
  ""coordinates"": [
    -8.314669100847721e+01,
    4.236642443832520e+01
  ],
  ""type"": ""Point""
}","{
  ""coordinates"": [
    -83.146691008,
    42.366424438
  ],
  ""type"": ""Point""
}",-83.1466910079999,42.3664244380001
491,1361334,W/B I 96,M 39,2018-04-26,26,4,2018,16,5,8,1,,1,0,Concrete,1,1,1,70,3,2,2,4,0,0,0,1,false,false,false,false,false,false,false,false,false,false,false,false,false,false,false,false,false,false,false,false,false,false,-83.21497,42.37882,"{
  ""coordinates"": [
    -8.321496979461671e+01,
    4.237882075808200e+01
  ],
  ""type"": ""Point""
}","{
  ""coordinates"": [
    -83.214969795,
    42.378820758
  ],
  ""type"": ""Point""
}",-83.2149697949999,42.3788207580001
492,1360403,RIVARD,WOODBRIDGE,2018-04-26,26,4,2018,17,5,4,9,,5,0,Concrete,1,1,1,20,6,2,2,5,0,0,0,0,true,false,true,false,false,false,false,false,false,false,false,false,false,false,true,false,false,false,false,false,false,false,-83.03374,42.33257,"{
  ""coordinates"": [
    -8.303373337689931e+01,
    4.233256630371050e+01
  ],
  ""type"": ""Point""
}","{
  ""coordinates"": [
    -83.033733377,
    42.332566304
  ],
  ""type"": ""Point""
}",-83.033733377,42.3325663040001