ObjectId,Crash ID,Primary Road,Intersecting Road,Crash Date,Day,Month,Year,Hour,Weekday,Crash Type Code,Highway Classification Code,Community Code,Jurisdiction Code,Lane Departure Type Code,Surface Type,Road Condition,Weather Condition,Lighting Condition,Speed Limit,Lanes,Units,Occupants,Most Severe Injury,Fatal Injuries,Suspected Serious Injuries,Suspected Minor Injuries,Possible Injuries,Property Damage Only,Secondary Crash,Traffic Control,Red Light Run,Hit and Run,Alcohol,Drugs,Unbelted Person,Work Zone,Speeding Driver,Distracted Driver,Driveway,Pedestrian,Elderly Driver,Young Driver,Commercial Vehicle,Emergency Vehicles,Train,School Bus,Motorcycle,Bicycle,Deer,Longitude,Latitude,geom,geog,x,y
493,1360439,WINSTON,SANTA MARIA,2018-04-26,26,4,2018,10,5,4,9,,,0,,1,1,5,25,2,2,2,5,0,0,0,0,true,true,false,false,false,false,false,false,false,false,false,false,false,false,false,false,false,false,false,false,false,false,-83.28373,42.41669,"{
  ""coordinates"": [
    -8.328373250083430e+01,
    4.241668897476610e+01
  ],
  ""type"": ""Point""
}","{
  ""coordinates"": [
    -83.283732501,
    42.416688975
  ],
  ""type"": ""Point""
}",-83.283732501,42.4166889750001
494,1365764,CONGRESS,WOODWARD,2018-04-26,26,4,2018,16,5,8,9,,4,0,Asphalt,1,1,1,25,2,2,2,5,0,0,0,0,true,false,false,false,true,false,false,false,false,false,false,false,false,false,false,false,false,false,false,false,false,false,-83.04592,42.33017,"{
  ""coordinates"": [
    -8.304592206777031e+01,
    4.233016641037190e+01
  ],
  ""type"": ""Point""
}","{
  ""coordinates"": [
    -83.045922068,
    42.33016641
  ],
  ""type"": ""Point""
}",-83.045922068,42.3301664100001
495,1360417,PAUL,S M 39 SERVICE DRIVE,2018-04-26,26,4,2018,16,5,4,9,,4,0,Asphalt,1,1,1,35,2,2,6,4,0,0,0,1,false,false,false,false,false,false,false,false,false,false,false,false,false,false,false,false,false,false,false,false,false,false,-83.2165,42.33612,"{
  ""coordinates"": [
    -8.321650040675480e+01,
    4.233612156919350e+01
  ],
  ""type"": ""Point""
}","{
  ""coordinates"": [
    -83.216500407,
    42.336121569
  ],
  ""type"": ""Point""
}",-83.216500407,42.3361215690001
496,1360424,KENTFORD,LANCASHIRE,2018-04-26,26,4,2018,16,5,4,9,,,0,,1,1,1,25,2,2,2,5,0,0,0,0,true,false,false,false,false,false,false,false,false,false,true,false,false,false,false,false,false,false,false,false,false,false,-83.22104,42.40289,"{
  ""coordinates"": [
    -8.322103959436360e+01,
    4.240289243795810e+01
  ],
  ""type"": ""Point""
}","{
  ""coordinates"": [
    -83.221039594,
    42.402892438
  ],
  ""type"": ""Point""
}",-83.221039594,42.402892438
497,1360425,8 MILE,LASHER,2018-04-26,26,4,2018,18,5,5,3,,1,0,Asphalt,1,1,1,45,4,2,1,5,0,0,0,0,true,false,false,false,true,false,false,false,false,false,false,false,false,false,false,false,false,false,false,false,false,false,-83.2581,42.44325,"{
  ""coordinates"": [
    -8.325810200363050e+01,
    4.244325421491150e+01
  ],
  ""type"": ""Point""
}","{
  ""coordinates"": [
    -83.258102004,
    42.443254215
  ],
  ""type"": ""Point""
}",-83.258102004,42.443254215
498,1359388,GRAND RIVER,MONTROSE,2018-04-26,26,4,2018,8,5,8,3,,1,0,Asphalt,1,1,1,35,3,2,2,5,0,0,0,0,true,false,false,false,false,false,false,false,false,false,false,false,false,false,false,false,false,false,false,false,false,false,-83.20017,42.39338,"{
  ""coordinates"": [
    -8.320017026236920e+01,
    4.239338463662950e+01
  ],
  ""type"": ""Point""
}","{
  ""coordinates"": [
    -83.200170262,
    42.393384637
  ],
  ""type"": ""Point""
}",-83.200170262,42.3933846370001
499,1360421,GRATIOT,ROHNS,2018-04-26,26,4,2018,16,5,5,3,,1,0,Asphalt,1,1,1,35,2,2,2,5,0,0,0,0,true,false,false,false,false,false,false,false,false,false,false,false,false,false,false,false,false,false,false,false,false,false,-83.00912,42.38724,"{
  ""coordinates"": [
    -8.300912215232050e+01,
    4.238724087281450e+01
  ],
  ""type"": ""Point""
}","{
  ""coordinates"": [
    -83.009122152,
    42.387240873
  ],
  ""type"": ""Point""
}",-83.009122152,42.3872408730001
500,1360405,S I 75 SERVICE DRIVE,FORT,2018-04-26,26,4,2018,21,5,5,3,,4,0,Asphalt,1,1,4,25,2,2,2,5,0,0,0,0,true,false,false,false,false,false,false,false,false,false,false,false,false,false,false,false,false,false,false,false,false,false,-83.12453,42.29815,"{
  ""coordinates"": [
    -8.312453004180310e+01,
    4.229814748205480e+01
  ],
  ""type"": ""Point""
}","{
  ""coordinates"": [
    -83.124530042,
    42.298147482
  ],
  ""type"": ""Point""
}",-83.1245300419999,42.298147482
501,1360379,ERSKINE,WOODWARD,2018-04-26,26,4,2018,13,5,8,3,,,0,,1,1,1,25,4,2,2,5,0,0,0,0,true,false,false,false,false,false,false,false,false,false,false,false,false,false,false,false,false,false,false,false,false,false,-83.05669,42.34564,"{
  ""coordinates"": [
    -8.305668944280080e+01,
    4.234564013645300e+01
  ],
  ""type"": ""Point""
}","{
  ""coordinates"": [
    -83.056689443,
    42.345640136
  ],
  ""type"": ""Point""
}",-83.056689443,42.345640136
502,1365757,HENDRICKS,MCDOUGALL,2018-04-26,26,4,2018,1,5,5,9,,,0,,1,1,4,35,2,2,4,4,0,0,0,2,false,false,false,false,true,false,false,false,false,false,false,false,false,false,false,false,false,false,false,false,false,false,-83.02608,42.35264,"{
  ""coordinates"": [
    -8.302608272496811e+01,
    4.235263999775920e+01
  ],
  ""type"": ""Point""
}","{
  ""coordinates"": [
    -83.026082725,
    42.352639998
  ],
  ""type"": ""Point""
}",-83.026082725,42.352639998
503,1360471,7 MILE,WOODWARD,2018-04-26,26,4,2018,16,5,5,3,,2,0,Asphalt,1,1,1,30,6,2,1,5,0,0,0,0,true,false,false,false,false,false,false,false,false,false,false,false,false,false,false,false,false,false,false,false,false,false,-83.11502,42.43213,"{
  ""coordinates"": [
    -8.311501989671960e+01,
    4.243213105523350e+01
  ],
  ""type"": ""Point""
}","{
  ""coordinates"": [
    -83.115019897,
    42.432131055
  ],
  ""type"": ""Point""
}",-83.115019897,42.4321310550001
504,1360368,STANSBURY,SCHOOLCRAFT,2018-04-26,26,4,2018,21,5,4,9,,,0,,1,1,5,25,2,2,3,5,0,0,0,0,true,false,false,false,false,false,false,false,false,false,true,false,false,false,false,false,false,false,false,false,false,false,-83.18209,42.38784,"{
  ""coordinates"": [
    -8.318208809781601e+01,
    4.238784321924490e+01
  ],
  ""type"": ""Point""
}","{
  ""coordinates"": [
    -83.182088098,
    42.387843219
  ],
  ""type"": ""Point""
}",-83.182088098,42.387843219
505,1360442,WESTPHALIA,MANNING,2018-04-26,26,4,2018,0,5,2,9,,,2,,1,1,5,25,2,2,0,5,0,0,0,0,true,false,false,false,true,false,false,false,false,false,false,false,false,false,false,false,false,false,false,false,false,false,-82.99264,42.44096,"{
  ""coordinates"": [
    -8.299263741228749e+01,
    4.244096012090300e+01
  ],
  ""type"": ""Point""
}","{
  ""coordinates"": [
    -82.992637412,
    42.440960121
  ],
  ""type"": ""Point""
}",-82.992637412,42.440960121
506,1361345,I-94,I-96,2018-04-26,26,4,2018,9,5,5,1,,1,0,Asphalt,1,1,1,55,3,2,2,5,0,0,0,0,true,false,false,false,false,false,false,false,false,false,false,false,false,false,false,false,false,false,false,false,false,false,-83.09737,42.35078,"{
  ""coordinates"": [
    -8.309736728052290e+01,
    4.235078263546550e+01
  ],
  ""type"": ""Point""
}","{
  ""coordinates"": [
    -83.097367281,
    42.350782635
  ],
  ""type"": ""Point""
}",-83.0973672809999,42.350782635
507,1428834,S M 39 SERVICE DRIVE,WARREN,2018-04-26,26,4,2018,20,5,1,9,,4,0,Asphalt,1,1,2,25,2,2,2,5,0,0,0,0,true,false,false,false,false,false,false,false,false,false,false,false,false,false,false,false,false,false,false,false,true,false,-83.21654,42.34333,"{
  ""coordinates"": [
    -8.321653457949650e+01,
    4.234333152844070e+01
  ],
  ""type"": ""Point""
}","{
  ""coordinates"": [
    -83.216534579,
    42.343331528
  ],
  ""type"": ""Point""
}",-83.216534579,42.3433315280001
508,1428897,8 MILE,VAN DYKE,2018-04-26,26,4,2018,16,5,5,3,,1,0,Asphalt,1,1,1,45,4,2,1,4,0,0,0,1,false,false,false,false,true,false,false,false,false,false,false,false,false,false,false,false,false,false,false,false,false,false,-83.02483,42.44816,"{
  ""coordinates"": [
    -8.302482393611101e+01,
    4.244815705491580e+01
  ],
  ""type"": ""Point""
}","{
  ""coordinates"": [
    -83.024823936,
    42.448157055
  ],
  ""type"": ""Point""
}",-83.024823936,42.4481570550001
509,1359395,FENKELL,WOODINGHAM,2018-04-26,26,4,2018,22,5,3,9,,4,0,Asphalt,1,1,3,30,2,2,3,3,0,0,1,0,false,false,false,false,false,false,false,false,false,false,false,false,false,false,false,false,false,false,false,false,false,false,-83.14948,42.40258,"{
  ""coordinates"": [
    -8.314948270520919e+01,
    4.240258538025810e+01
  ],
  ""type"": ""Point""
}","{
  ""coordinates"": [
    -83.149482705,
    42.40258538
  ],
  ""type"": ""Point""
}",-83.149482705,42.4025853800001
510,1359393,DAVISON SERVICE,PETOSKEY,2018-04-26,26,4,2018,21,5,4,3,,1,0,Asphalt,1,1,4,35,6,2,1,5,0,0,0,0,true,false,true,true,true,false,false,false,false,false,false,false,false,false,false,false,false,false,false,false,false,false,-83.13537,42.38804,"{
  ""coordinates"": [
    -8.313537208963680e+01,
    4.238804397944250e+01
  ],
  ""type"": ""Point""
}","{
  ""coordinates"": [
    -83.13537209,
    42.388043979
  ],
  ""type"": ""Point""
}",-83.13537209,42.388043979
511,1364461,JEFFERSON,SAINT ANTOINE,2018-04-26,26,4,2018,17,5,8,9,,4,0,Asphalt,1,1,1,25,4,2,2,5,0,0,0,0,true,false,false,false,false,false,false,false,false,false,false,false,false,false,false,false,false,false,false,false,false,false,-83.0383,42.33154,"{
  ""coordinates"": [
    -8.303830072922230e+01,
    4.233154092203960e+01
  ],
  ""type"": ""Point""
}","{
  ""coordinates"": [
    -83.038300729,
    42.331540922
  ],
  ""type"": ""Point""
}",-83.038300729,42.331540922
512,1362795,JOY,PARKWAY,2018-04-26,26,4,2018,12,5,5,9,,2,0,Asphalt,1,1,1,35,6,2,2,4,0,0,0,2,false,false,false,false,false,false,false,false,false,false,false,false,false,false,false,false,true,false,false,false,false,false,-83.2651,42.35707,"{
  ""coordinates"": [
    -8.326509498357490e+01,
    4.235706932300110e+01
  ],
  ""type"": ""Point""
}","{
  ""coordinates"": [
    -83.265094984,
    42.357069323
  ],
  ""type"": ""Point""
}",-83.265094984,42.3570693230001
513,1360453,8 MILE,SHAKESPEARE,2018-04-26,26,4,2018,8,5,5,3,,1,0,Asphalt,1,1,1,40,5,2,2,4,0,0,0,1,false,false,false,false,false,false,false,false,false,false,false,false,false,false,true,false,false,false,false,false,false,false,-82.94896,42.45019,"{
  ""coordinates"": [
    -8.294895897806090e+01,
    4.245018812235510e+01
  ],
  ""type"": ""Point""
}","{
  ""coordinates"": [
    -82.948958978,
    42.450188122
  ],
  ""type"": ""Point""
}",-82.948958978,42.450188122
514,1428898,DAVISON,MCNICNOLS,2018-04-26,26,4,2018,14,5,8,9,,4,0,Asphalt,1,1,1,35,7,2,2,5,0,0,0,0,true,false,false,false,true,false,false,false,false,false,false,false,false,false,false,false,false,false,false,false,false,false,-83.05287,42.41885,"{
  ""coordinates"": [
    -8.305286874655550e+01,
    4.241884711383100e+01
  ],
  ""type"": ""Point""
}","{
  ""coordinates"": [
    -83.052868747,
    42.418847114
  ],
  ""type"": ""Point""
}",-83.0528687469999,42.4188471140001
515,1361352,I-94,BEAUBIEN,2018-04-26,26,4,2018,15,5,8,1,,1,0,Asphalt,1,1,1,55,3,2,2,3,0,0,1,0,false,false,false,false,false,false,false,false,false,true,false,false,false,false,false,true,false,false,false,false,false,false,-83.06329,42.36624,"{
  ""coordinates"": [
    -8.306328720164881e+01,
    4.236623766307510e+01
  ],
  ""type"": ""Point""
}","{
  ""coordinates"": [
    -83.063287202,
    42.366237663
  ],
  ""type"": ""Point""
}",-83.063287202,42.366237663
516,1361360,N I 75 SERVICE DRIVE,TRUMBULL,2018-04-26,26,4,2018,16,5,1,1,,4,0,Asphalt,1,1,1,30,4,1,1,4,0,0,0,1,false,false,false,false,false,true,false,false,false,false,false,false,false,true,false,false,false,false,false,false,false,false,-83.06841,42.33388,"{
  ""coordinates"": [
    -8.306840719314491e+01,
    4.233387842305790e+01
  ],
  ""type"": ""Point""
}","{
  ""coordinates"": [
    -83.068407193,
    42.333878423
  ],
  ""type"": ""Point""
}",-83.068407193,42.333878423
517,1361333,E I 94,ADDISON,2018-04-26,26,4,2018,15,5,5,1,,1,0,Asphalt,1,1,1,55,3,2,2,5,0,0,0,0,true,false,false,false,false,false,false,false,false,false,false,false,false,false,false,false,false,false,false,false,false,false,-83.14851,42.33059,"{
  ""coordinates"": [
    -8.314851697920071e+01,
    4.233059177671480e+01
  ],
  ""type"": ""Point""
}","{
  ""coordinates"": [
    -83.148516979,
    42.330591777
  ],
  ""type"": ""Point""
}",-83.148516979,42.3305917770001
518,1362758,E I 94,RAMP 213D,2018-04-26,26,4,2018,23,5,1,1,,1,1,Asphalt,1,1,4,55,4,1,2,5,0,0,0,0,true,false,false,false,false,false,false,false,false,true,false,false,false,false,false,true,false,false,false,false,false,false,-83.10461,42.34837,"{
  ""coordinates"": [
    -8.310460666531600e+01,
    4.234837123432680e+01
  ],
  ""type"": ""Point""
}","{
  ""coordinates"": [
    -83.104606665,
    42.348371234
  ],
  ""type"": ""Point""
}",-83.1046066649999,42.3483712340001
519,1360480,7 MILE,HAWTHORNE,2018-04-26,26,4,2018,16,5,1,9,,4,1,Asphalt,1,1,1,30,4,1,2,5,0,0,0,0,true,false,false,false,false,false,false,false,false,false,true,false,false,false,false,false,false,false,false,false,false,false,-83.09271,42.43256,"{
  ""coordinates"": [
    -8.309270877238021e+01,
    4.243255545607070e+01
  ],
  ""type"": ""Point""
}","{
  ""coordinates"": [
    -83.092708772,
    42.432555456
  ],
  ""type"": ""Point""
}",-83.092708772,42.432555456
520,1359382,OAKMAN,JOY,2018-04-26,26,4,2018,15,5,8,9,,4,0,Asphalt,1,1,1,30,2,2,2,5,0,0,0,0,true,false,false,false,false,false,false,false,false,false,false,false,false,false,false,false,false,false,false,false,false,false,-83.16082,42.35895,"{
  ""coordinates"": [
    -8.316082228203140e+01,
    4.235894730102150e+01
  ],
  ""type"": ""Point""
}","{
  ""coordinates"": [
    -83.160822282,
    42.358947301
  ],
  ""type"": ""Point""
}",-83.160822282,42.3589473010001
521,1360446,GRATIOT,EASTBURN,2018-04-26,26,4,2018,4,5,4,3,,1,0,Asphalt,1,1,4,35,7,2,1,4,0,0,0,1,false,false,false,false,true,false,false,false,false,false,false,false,false,false,false,false,false,false,false,false,false,false,-82.97099,42.44526,"{
  ""coordinates"": [
    -8.297098747964870e+01,
    4.244525568414260e+01
  ],
  ""type"": ""Point""
}","{
  ""coordinates"": [
    -82.97098748,
    42.445255684
  ],
  ""type"": ""Point""
}",-82.97098748,42.4452556840001
522,1359391,E I 96,E I 96 CD,2018-04-26,26,4,2018,7,5,5,1,,1,0,Asphalt,1,1,1,30,4,3,2,5,0,0,0,0,true,false,false,false,true,false,false,false,false,false,false,false,false,false,false,false,false,false,false,false,false,false,-83.15063,42.384,"{
  ""coordinates"": [
    -8.315062963865169e+01,
    4.238399771525970e+01
  ],
  ""type"": ""Point""
}","{
  ""coordinates"": [
    -83.150629639,
    42.383997715
  ],
  ""type"": ""Point""
}",-83.150629639,42.3839977150001
523,1360429,8 MILE,SOUTHFIELD SERVICE DRIVE,2018-04-26,26,4,2018,13,5,5,3,,1,0,Concrete,1,1,1,40,6,2,2,4,0,0,0,2,false,false,false,false,false,false,false,false,false,false,false,false,false,true,false,false,false,false,false,false,false,false,-83.21934,42.44418,"{
  ""coordinates"": [
    -8.321934064300321e+01,
    4.244418358699270e+01
  ],
  ""type"": ""Point""
}","{
  ""coordinates"": [
    -83.219340643,
    42.444183587
  ],
  ""type"": ""Point""
}",-83.219340643,42.4441835870001
524,1359383,JOY,INDIANA,2018-04-26,26,4,2018,11,5,8,9,,4,0,Asphalt,1,1,1,30,2,2,2,5,0,0,0,0,true,false,false,false,false,false,false,false,false,false,false,false,false,false,false,false,false,false,false,false,false,false,-83.15555,42.35906,"{
  ""coordinates"": [
    -8.315555095309320e+01,
    4.235906096748250e+01
  ],
  ""type"": ""Point""
}","{
  ""coordinates"": [
    -83.155550953,
    42.359060967
  ],
  ""type"": ""Point""
}",-83.155550953,42.3590609670001
525,1360475,MEYERS,SAINT MARTINS,2018-04-26,26,4,2018,23,5,5,9,,4,0,Asphalt,1,1,4,30,2,2,2,4,0,0,0,2,false,false,false,false,false,false,false,false,false,false,false,false,false,false,false,false,false,false,false,false,false,false,-83.17092,42.4366,"{
  ""coordinates"": [
    -8.317092151400099e+01,
    4.243660414633020e+01
  ],
  ""type"": ""Point""
}","{
  ""coordinates"": [
    -83.170921514,
    42.436604146
  ],
  ""type"": ""Point""
}",-83.170921514,42.436604146
526,1359392,MICHIGAN,WESSON,2018-04-26,26,4,2018,8,5,5,2,,1,0,Asphalt,1,1,1,35,1,2,2,5,0,0,0,0,true,false,false,false,false,false,false,false,false,false,false,false,false,false,false,false,false,false,false,false,false,false,-83.11525,42.33115,"{
  ""coordinates"": [
    -8.311524857374231e+01,
    4.233114887347480e+01
  ],
  ""type"": ""Point""
}","{
  ""coordinates"": [
    -83.115248574,
    42.331148873
  ],
  ""type"": ""Point""
}",-83.115248574,42.3311488730001
527,1360385,ROSEDALE,BRUSH,2018-04-26,26,4,2018,14,5,8,9,,,3,,98,98,98,25,2,2,0,5,0,0,0,0,true,false,false,false,true,false,false,false,false,false,false,false,false,true,false,false,false,false,false,false,false,false,-83.08199,42.39309,"{
  ""coordinates"": [
    -8.308198844403640e+01,
    4.239308461979320e+01
  ],
  ""type"": ""Point""
}","{
  ""coordinates"": [
    -83.081988444,
    42.39308462
  ],
  ""type"": ""Point""
}",-83.081988444,42.39308462
528,1458800,3951 BENITEAU,MACK,2018-04-26,26,4,2018,23,5,4,9,,,0,,1,1,5,25,2,2,1,5,0,0,0,0,true,true,false,false,false,false,false,false,false,false,true,true,false,false,false,false,false,false,false,false,false,false,-82.97993,42.37887,"{
  ""coordinates"": [
    -8.297992402219219e+01,
    4.237886802911080e+01
  ],
  ""type"": ""Point""
}","{
  ""coordinates"": [
    -82.979924022,
    42.378868029
  ],
  ""type"": ""Point""
}",-82.979924022,42.378868029
529,1359394,GRAND,ROSA PARKS,2018-04-26,26,4,2018,9,5,8,9,,,0,,1,1,1,,1,2,3,5,0,0,0,0,true,false,false,false,false,false,false,false,false,false,false,false,false,false,false,false,false,false,false,false,false,false,-83.11481,42.39771,"{
  ""coordinates"": [
    -8.311480809060960e+01,
    4.239770518324690e+01
  ],
  ""type"": ""Point""
}","{
  ""coordinates"": [
    -83.114808091,
    42.397705183
  ],
  ""type"": ""Point""
}",-83.114808091,42.397705183
530,1361378,FISCHER,CHAPIN,2018-04-26,26,4,2018,1,5,2,9,,,2,,1,1,4,25,1,2,1,4,0,0,0,1,false,false,false,false,false,false,false,false,false,false,false,false,false,false,false,false,false,false,false,false,false,false,-83.00946,42.38374,"{
  ""coordinates"": [
    -8.300945864683671e+01,
    4.238374473798050e+01
  ],
  ""type"": ""Point""
}","{
  ""coordinates"": [
    -83.009458647,
    42.383744738
  ],
  ""type"": ""Point""
}",-83.009458647,42.3837447380001
531,1365763,GRISWOLD,JEFFERSON,2018-04-26,26,4,2018,15,5,8,3,,4,0,Asphalt,1,1,1,25,2,2,3,5,0,0,0,0,true,false,false,false,false,false,false,false,false,false,false,false,false,false,false,false,false,false,false,false,false,false,-83.04545,42.32827,"{
  ""coordinates"": [
    -8.304544834258390e+01,
    4.232826521246110e+01
  ],
  ""type"": ""Point""
}","{
  ""coordinates"": [
    -83.045448343,
    42.328265212
  ],
  ""type"": ""Point""
}",-83.045448343,42.3282652120001
532,1361410,MACK,SAINT ANTOINE,2018-04-26,26,4,2018,17,5,97,9,,4,0,Asphalt,1,1,1,30,5,2,3,4,0,0,0,1,false,false,false,false,false,false,false,false,false,false,false,false,true,false,false,false,false,false,false,false,false,false,-83.05241,42.34971,"{
  ""coordinates"": [
    -8.305240743558559e+01,
    4.234970969392090e+01
  ],
  ""type"": ""Point""
}","{
  ""coordinates"": [
    -83.052407436,
    42.349709694
  ],
  ""type"": ""Point""
}",-83.052407436,42.3497096940001
533,1365753,LARNED,SAINT AUBIN,2018-04-26,26,4,2018,18,5,8,9,,4,0,Asphalt,1,1,1,30,2,2,6,5,0,0,0,0,true,false,false,false,false,false,false,false,false,false,false,false,false,false,false,false,false,false,false,false,false,false,-83.02831,42.33673,"{
  ""coordinates"": [
    -8.302830838119650e+01,
    4.233672950505850e+01
  ],
  ""type"": ""Point""
}","{
  ""coordinates"": [
    -83.028308381,
    42.336729505
  ],
  ""type"": ""Point""
}",-83.028308381,42.3367295050001
534,1362077,I-75,DAVISON,2018-04-26,26,4,2018,16,5,5,1,,1,0,Asphalt,1,1,1,70,4,2,3,5,0,0,0,0,true,false,false,false,false,false,false,false,false,false,false,false,false,false,true,false,false,false,false,false,false,false,-83.08054,42.40982,"{
  ""coordinates"": [
    -8.308054028717810e+01,
    4.240982031882780e+01
  ],
  ""type"": ""Point""
}","{
  ""coordinates"": [
    -83.080540287,
    42.409820319
  ],
  ""type"": ""Point""
}",-83.080540287,42.4098203190001
535,1371420,FENKELL,LAMPHERE,2018-04-26,26,4,2018,17,5,5,9,,2,0,Asphalt,1,1,1,25,2,2,3,5,0,0,0,0,true,false,false,false,true,false,false,false,false,false,false,false,false,false,false,false,false,false,false,false,false,false,-83.26176,42.40026,"{
  ""coordinates"": [
    -8.326175838879280e+01,
    4.240025997858350e+01
  ],
  ""type"": ""Point""
}","{
  ""coordinates"": [
    -83.261758389,
    42.400259979
  ],
  ""type"": ""Point""
}",-83.261758389,42.4002599790001
536,1361377,JEFFERSON,SAINT AUBIN,2018-04-26,26,4,2018,14,5,8,9,,4,0,Asphalt,1,1,1,35,7,2,1,5,0,0,0,0,true,false,false,false,false,false,false,false,false,false,false,false,false,false,false,false,false,false,false,false,false,false,-83.02702,42.33636,"{
  ""coordinates"": [
    -8.302701587462920e+01,
    4.233636012412700e+01
  ],
  ""type"": ""Point""
}","{
  ""coordinates"": [
    -83.027015875,
    42.336360124
  ],
  ""type"": ""Point""
}",-83.027015875,42.3363601240001
537,1359398,MEYERS,PILGRIM,2018-04-26,26,4,2018,14,5,97,9,,4,0,Asphalt,1,1,1,30,2,2,2,5,0,0,0,0,true,false,false,false,true,false,false,false,false,false,false,false,false,false,false,false,false,false,false,false,false,false,-83.16971,42.40834,"{
  ""coordinates"": [
    -8.316971038918730e+01,
    4.240834507335720e+01
  ],
  ""type"": ""Point""
}","{
  ""coordinates"": [
    -83.169710389,
    42.408345073
  ],
  ""type"": ""Point""
}",-83.169710389,42.4083450730001
538,1360386,JEFFERSON,WOODWARD,2018-04-26,26,4,2018,9,5,5,3,,1,0,Asphalt,1,1,1,30,4,3,2,5,0,0,0,0,true,false,false,false,false,false,false,false,false,false,false,false,false,false,false,false,false,false,false,false,false,false,-83.04473,42.32877,"{
  ""coordinates"": [
    -8.304473055195160e+01,
    4.232876686455830e+01
  ],
  ""type"": ""Point""
}","{
  ""coordinates"": [
    -83.044730552,
    42.328766865
  ],
  ""type"": ""Point""
}",-83.044730552,42.328766865
539,1376064,TIREMAN,SCHAEFER,2018-04-26,26,4,2018,10,5,4,9,,2,0,Asphalt,1,1,1,35,2,3,4,3,0,0,1,1,false,false,true,true,false,false,false,false,false,false,false,false,false,true,false,false,false,false,false,false,false,false,-83.17719,42.35128,"{
  ""coordinates"": [
    -8.317718387229350e+01,
    4.235128427140040e+01
  ],
  ""type"": ""Point""
}","{
  ""coordinates"": [
    -83.177183872,
    42.351284271
  ],
  ""type"": ""Point""
}",-83.1771838719999,42.3512842710001
540,1365903,STATE FAIR,WOODWARD,2018-04-26,26,4,2018,18,5,1,3,,4,0,Asphalt,1,1,1,30,2,2,2,4,0,0,0,1,false,true,false,false,false,false,false,false,false,false,false,false,false,false,false,false,false,false,false,false,true,false,-83.12016,42.43916,"{
  ""coordinates"": [
    -8.312015284031730e+01,
    4.243915857363730e+01
  ],
  ""type"": ""Point""
}","{
  ""coordinates"": [
    -83.12015284,
    42.439158574
  ],
  ""type"": ""Point""
}",-83.1201528399999,42.439158574
541,1360433,EVERGREEN,GRAND RIVER,2018-04-26,26,4,2018,16,5,8,3,,4,0,Asphalt,1,1,1,35,2,2,1,5,0,0,0,0,true,false,false,false,true,false,false,false,false,false,false,false,false,false,false,false,false,false,false,false,false,false,-83.23779,42.40849,"{
  ""coordinates"": [
    -8.323778774257050e+01,
    4.240849094300570e+01
  ],
  ""type"": ""Point""
}","{
  ""coordinates"": [
    -83.237787743,
    42.408490943
  ],
  ""type"": ""Point""
}",-83.237787743,42.4084909430001
542,1362786,SOUTHFIELD,FORD,2018-04-26,26,4,2018,12,5,5,3,,1,0,Asphalt,1,1,1,35,2,2,2,4,0,0,0,1,false,false,false,false,true,false,false,false,false,false,false,false,false,false,false,false,false,false,false,false,false,false,-83.21577,42.3291,"{
  ""coordinates"": [
    -8.321577374209730e+01,
    4.232909770784900e+01
  ],
  ""type"": ""Point""
}","{
  ""coordinates"": [
    -83.215773742,
    42.329097708
  ],
  ""type"": ""Point""
}",-83.215773742,42.3290977080001
543,1359387,DIX,WOODMERE,2018-04-26,26,4,2018,12,5,5,9,,4,0,Asphalt,1,1,1,30,2,2,1,5,0,0,0,0,true,false,false,false,true,false,false,false,false,false,false,false,false,true,false,false,false,false,false,false,false,false,-83.13231,42.31693,"{
  ""coordinates"": [
    -8.313231045476530e+01,
    4.231692733874140e+01
  ],
  ""type"": ""Point""
}","{
  ""coordinates"": [
    -83.132310455,
    42.316927339
  ],
  ""type"": ""Point""
}",-83.132310455,42.3169273390001
544,1360412,WARREN,CADIEUX,2018-04-26,26,4,2018,15,5,3,9,,4,0,Asphalt,1,1,1,35,5,2,3,5,0,0,0,0,true,false,false,false,false,false,false,false,false,true,false,false,false,false,true,false,false,false,false,false,false,false,-82.92983,42.40607,"{
  ""coordinates"": [
    -8.292983005292220e+01,
    4.240607464682080e+01
  ],
  ""type"": ""Point""
}","{
  ""coordinates"": [
    -82.929830053,
    42.406074647
  ],
  ""type"": ""Point""
}",-82.929830053,42.406074647
545,1361353,N M 39,WARREN,2018-04-26,26,4,2018,17,5,5,3,,1,0,Asphalt,1,1,1,55,3,2,2,5,0,0,0,0,true,false,false,false,false,false,false,false,false,false,false,false,false,false,false,false,false,false,false,false,false,false,-83.21603,42.342,"{
  ""coordinates"": [
    -8.321603568039430e+01,
    4.234200013609660e+01
  ],
  ""type"": ""Point""
}","{
  ""coordinates"": [
    -83.21603568,
    42.342000136
  ],
  ""type"": ""Point""
}",-83.2160356799999,42.3420001360001
546,1391448,GRANDRIVER,GRANDRIVER,2018-04-26,26,4,2018,15,5,4,3,,1,0,Asphalt,1,1,1,35,4,2,4,2,0,1,0,0,false,false,false,false,false,false,false,false,false,false,false,false,false,false,false,false,false,false,false,false,false,false,-83.26534,42.41958,"{
  ""coordinates"": [
    -8.326533646255480e+01,
    4.241957689772920e+01
  ],
  ""type"": ""Point""
}","{
  ""coordinates"": [
    -83.265336463,
    42.419576898
  ],
  ""type"": ""Point""
}",-83.265336463,42.4195768980001