ObjectId,Crash ID,Primary Road,Intersecting Road,Crash Date,Day,Month,Year,Hour,Weekday,Crash Type Code,Highway Classification Code,Community Code,Jurisdiction Code,Lane Departure Type Code,Surface Type,Road Condition,Weather Condition,Lighting Condition,Speed Limit,Lanes,Units,Occupants,Most Severe Injury,Fatal Injuries,Suspected Serious Injuries,Suspected Minor Injuries,Possible Injuries,Property Damage Only,Secondary Crash,Traffic Control,Red Light Run,Hit and Run,Alcohol,Drugs,Unbelted Person,Work Zone,Speeding Driver,Distracted Driver,Driveway,Pedestrian,Elderly Driver,Young Driver,Commercial Vehicle,Emergency Vehicles,Train,School Bus,Motorcycle,Bicycle,Deer,Longitude,Latitude,geom,geog,x,y
547,1359389,HOUSTON WHITTIER,DICKERSON,2018-04-26,26,4,2018,19,5,5,9,,4,0,Asphalt,1,1,1,30,4,2,5,5,0,0,0,0,true,false,false,false,false,false,false,false,false,false,false,false,false,false,false,false,false,false,false,false,false,false,-82.98365,42.42045,"{
  ""coordinates"": [
    -8.298364662973060e+01,
    4.242045251188160e+01
  ],
  ""type"": ""Point""
}","{
  ""coordinates"": [
    -82.98364663,
    42.420452512
  ],
  ""type"": ""Point""
}",-82.98364663,42.4204525120001
548,1360388,MADISON,BEAUBIEN,2018-04-26,26,4,2018,11,5,8,9,,4,0,Asphalt,1,1,1,30,2,2,3,4,0,0,0,1,false,false,false,false,false,false,false,false,false,false,false,false,false,false,false,false,false,false,false,false,false,false,-83.04472,42.3378,"{
  ""coordinates"": [
    -8.304472720063430e+01,
    4.233779375074480e+01
  ],
  ""type"": ""Point""
}","{
  ""coordinates"": [
    -83.044727201,
    42.337793751
  ],
  ""type"": ""Point""
}",-83.0447272009999,42.337793751
549,1361387,W I 94,MOUNT ELLIOTT,2018-04-26,26,4,2018,14,5,8,1,,1,0,Asphalt,1,1,1,55,4,2,2,5,0,0,0,0,true,false,false,false,true,false,false,false,false,false,false,false,false,true,false,false,false,false,false,false,false,false,-83.03336,42.37967,"{
  ""coordinates"": [
    -8.303336105664340e+01,
    4.237966598931670e+01
  ],
  ""type"": ""Point""
}","{
  ""coordinates"": [
    -83.033361057,
    42.379665989
  ],
  ""type"": ""Point""
}",-83.033361057,42.379665989
550,1360452,ROWE,MANNING,2018-04-26,26,4,2018,7,5,4,9,,,0,,1,1,1,25,2,2,1,5,0,0,0,0,true,false,false,false,true,false,false,false,false,false,false,false,false,false,false,false,false,false,false,false,false,false,-83.00367,42.44011,"{
  ""coordinates"": [
    -8.300367075219260e+01,
    4.244011171527220e+01
  ],
  ""type"": ""Point""
}","{
  ""coordinates"": [
    -83.003670752,
    42.440111715
  ],
  ""type"": ""Point""
}",-83.0036707519999,42.4401117150001
551,1358450,S M 10,WEBB,2018-04-26,26,4,2018,8,5,5,3,,1,0,Concrete,1,1,1,55,3,3,3,3,0,0,1,1,false,false,false,false,false,false,false,false,false,false,false,false,false,false,false,false,false,false,false,false,false,false,-83.10272,42.38846,"{
  ""coordinates"": [
    -8.310271981205661e+01,
    4.238846106713440e+01
  ],
  ""type"": ""Point""
}","{
  ""coordinates"": [
    -83.102719812,
    42.388461067
  ],
  ""type"": ""Point""
}",-83.102719812,42.388461067
552,1358501,ST MARYS,CHALFONTE,2018-04-25,25,4,2018,16,4,8,9,,4,0,Asphalt,1,1,1,25,2,3,3,4,0,0,0,1,false,false,false,false,false,false,false,false,false,false,false,false,false,false,false,false,false,false,false,false,false,false,-83.20653,42.39933,"{
  ""coordinates"": [
    -8.320652916135499e+01,
    4.239932691204680e+01
  ],
  ""type"": ""Point""
}","{
  ""coordinates"": [
    -83.206529161,
    42.399326912
  ],
  ""type"": ""Point""
}",-83.2065291609999,42.399326912
553,1358489,SCHAEFER,FORT,2018-04-25,25,4,2018,17,4,5,7,,1,0,Asphalt,1,1,1,35,4,2,4,4,0,0,0,4,false,false,false,false,false,false,false,false,false,false,false,false,false,false,false,false,false,false,false,false,false,false,-83.15583,42.27673,"{
  ""coordinates"": [
    -8.315582712113600e+01,
    4.227673333380250e+01
  ],
  ""type"": ""Point""
}","{
  ""coordinates"": [
    -83.155827121,
    42.276733334
  ],
  ""type"": ""Point""
}",-83.155827121,42.276733334
554,1358506,GRANDRIVER,ARCHDALE,2018-04-25,25,4,2018,16,4,8,3,,1,0,Asphalt,1,1,1,35,5,2,1,5,0,0,0,0,true,false,false,false,true,false,false,false,false,false,false,false,false,false,false,false,false,false,false,false,false,false,-83.21645,42.39996,"{
  ""coordinates"": [
    -8.321644878106220e+01,
    4.239995512537470e+01
  ],
  ""type"": ""Point""
}","{
  ""coordinates"": [
    -83.216448781,
    42.399955125
  ],
  ""type"": ""Point""
}",-83.2164487809999,42.3999551250001
555,1357671,N/B I 75,CLARK,2018-04-25,25,4,2018,7,4,5,1,,1,0,Concrete,2,4,2,55,3,3,3,5,0,0,0,0,true,true,false,false,false,false,false,false,false,false,false,false,false,false,false,false,false,false,false,false,false,false,-83.09082,42.31352,"{
  ""coordinates"": [
    -8.309081879501990e+01,
    4.231351996233280e+01
  ],
  ""type"": ""Point""
}","{
  ""coordinates"": [
    -83.090818795,
    42.313519962
  ],
  ""type"": ""Point""
}",-83.090818795,42.313519962
556,1358452,W/B I 94,BRUSH,2018-04-25,25,4,2018,11,4,5,1,,1,0,Asphalt,1,2,1,55,3,2,1,4,0,0,0,1,false,false,false,false,true,false,false,false,false,false,false,false,false,false,true,false,false,false,false,false,false,false,-83.06373,42.36608,"{
  ""coordinates"": [
    -8.306372596808880e+01,
    4.236607847868440e+01
  ],
  ""type"": ""Point""
}","{
  ""coordinates"": [
    -83.063725968,
    42.366078479
  ],
  ""type"": ""Point""
}",-83.063725968,42.3660784790001
557,1358509,7 MILE,MONARCH,2018-04-25,25,4,2018,18,4,3,9,,2,0,Asphalt,1,1,1,35,2,2,2,5,0,0,0,0,true,false,false,false,false,false,false,false,false,false,false,false,false,false,true,false,false,false,false,false,false,false,-82.97162,42.43524,"{
  ""coordinates"": [
    -8.297161890050189e+01,
    4.243523965035280e+01
  ],
  ""type"": ""Point""
}","{
  ""coordinates"": [
    -82.971618901,
    42.43523965
  ],
  ""type"": ""Point""
}",-82.9716189009999,42.43523965
558,1360409,MACK,BEDFORD,2018-04-25,25,4,2018,11,4,10,9,,4,0,Asphalt,1,1,1,35,1,2,3,5,0,0,0,0,true,false,false,false,false,false,false,false,false,false,false,false,false,false,false,false,false,false,false,false,false,false,-82.93347,42.39049,"{
  ""coordinates"": [
    -8.293346906243259e+01,
    4.239048785363410e+01
  ],
  ""type"": ""Point""
}","{
  ""coordinates"": [
    -82.933469062,
    42.390487854
  ],
  ""type"": ""Point""
}",-82.933469062,42.3904878540001
559,1428884,PURITAN,SOUTHFIELD SERVICE DRIVE,2018-04-25,25,4,2018,15,4,4,9,,4,0,Asphalt,1,1,1,35,2,2,2,5,0,0,0,0,true,false,true,true,false,false,false,false,false,false,false,false,false,true,false,false,false,false,false,false,false,false,-83.21898,42.40832,"{
  ""coordinates"": [
    -8.321897546219650e+01,
    4.240832139644750e+01
  ],
  ""type"": ""Point""
}","{
  ""coordinates"": [
    -83.218975462,
    42.408321396
  ],
  ""type"": ""Point""
}",-83.2189754619999,42.4083213960001
560,1358523,MT ELLIOTT,NEVADA,2018-04-25,25,4,2018,19,4,8,9,,4,0,Asphalt,1,1,1,35,2,2,1,5,0,0,0,0,true,false,false,false,true,false,false,false,false,false,false,false,false,false,false,false,false,false,false,false,false,false,-83.03864,42.42634,"{
  ""coordinates"": [
    -8.303863607970540e+01,
    4.242634000859610e+01
  ],
  ""type"": ""Point""
}","{
  ""coordinates"": [
    -83.03863608,
    42.426340009
  ],
  ""type"": ""Point""
}",-83.0386360799999,42.4263400090001
561,1358494,WATERMAN,BOSTWICK,2018-04-25,25,4,2018,8,4,4,9,,4,0,Asphalt,2,2,1,25,4,2,2,5,0,0,0,0,true,false,false,false,false,false,false,false,false,true,false,false,false,false,true,false,false,false,false,false,false,false,-83.11307,42.31099,"{
  ""coordinates"": [
    -8.311306656711720e+01,
    4.231099454837680e+01
  ],
  ""type"": ""Point""
}","{
  ""coordinates"": [
    -83.113066567,
    42.310994548
  ],
  ""type"": ""Point""
}",-83.113066567,42.3109945480001
562,1358464,I-75,CLARK,2018-04-25,25,4,2018,7,4,8,1,,1,0,Concrete,2,2,1,55,3,3,3,5,0,0,0,0,true,false,false,false,false,false,false,false,false,false,false,false,false,false,false,true,false,false,false,false,false,false,-83.08932,42.31411,"{
  ""coordinates"": [
    -8.308931354210300e+01,
    4.231410443809250e+01
  ],
  ""type"": ""Point""
}","{
  ""coordinates"": [
    -83.089313542,
    42.314104438
  ],
  ""type"": ""Point""
}",-83.089313542,42.3141044380001
563,1358495,MICHIGAN,LIVERNOIS,2018-04-25,25,4,2018,7,4,97,2,,1,0,Asphalt,2,4,1,35,3,2,1,5,0,0,0,0,true,false,false,false,true,false,false,false,false,false,false,false,false,false,false,false,false,false,false,false,false,false,-83.12037,42.33111,"{
  ""coordinates"": [
    -8.312036560199040e+01,
    4.233111205849480e+01
  ],
  ""type"": ""Point""
}","{
  ""coordinates"": [
    -83.120365602,
    42.331112058
  ],
  ""type"": ""Point""
}",-83.1203656019999,42.331112058
564,1375582,7 MILE,RENO,2018-04-25,25,4,2018,18,4,1,9,,4,1,Asphalt,1,1,1,30,2,1,1,5,0,0,0,0,true,false,false,false,false,false,false,false,false,false,false,false,false,false,true,false,false,false,false,false,false,false,-82.98278,42.43497,"{
  ""coordinates"": [
    -8.298278095438491e+01,
    4.243496520245850e+01
  ],
  ""type"": ""Point""
}","{
  ""coordinates"": [
    -82.982780954,
    42.434965202
  ],
  ""type"": ""Point""
}",-82.982780954,42.4349652020001
565,1358478,RENVILLE,KIRKWOOD,2018-04-25,25,4,2018,17,4,4,9,,,0,,1,1,1,25,1,2,1,4,0,0,0,1,false,false,false,false,true,false,false,false,false,false,false,false,false,false,false,false,false,false,false,false,false,false,-83.1501,42.33666,"{
  ""coordinates"": [
    -8.315010218293961e+01,
    4.233665916700530e+01
  ],
  ""type"": ""Point""
}","{
  ""coordinates"": [
    -83.150102183,
    42.336659167
  ],
  ""type"": ""Point""
}",-83.1501021829999,42.3366591670001
566,1358466,RAMP 938F,RAMP 037E,2018-04-25,25,4,2018,18,4,5,1,,1,0,Concrete,1,2,1,55,2,2,2,5,0,0,0,0,true,false,false,false,false,false,false,false,false,false,false,false,false,false,false,false,false,false,false,false,false,false,-83.07795,42.33268,"{
  ""coordinates"": [
    -8.307794788526590e+01,
    4.233267768142640e+01
  ],
  ""type"": ""Point""
}","{
  ""coordinates"": [
    -83.077947885,
    42.332677681
  ],
  ""type"": ""Point""
}",-83.077947885,42.3326776810001
567,1358457,I 75 S/B,MEADE,2018-04-25,25,4,2018,16,4,5,1,,1,0,Asphalt,1,1,1,70,5,2,7,5,0,0,0,0,true,false,false,false,false,false,false,false,false,true,false,false,false,false,false,false,false,false,false,false,false,false,-83.07407,42.405,"{
  ""coordinates"": [
    -8.307407159165670e+01,
    4.240500325481280e+01
  ],
  ""type"": ""Point""
}","{
  ""coordinates"": [
    -83.074071592,
    42.405003255
  ],
  ""type"": ""Point""
}",-83.0740715919999,42.4050032550001
568,1358498,GRATIOT,EDGEWOOD,2018-04-25,25,4,2018,7,4,5,3,,1,0,Asphalt,2,4,1,35,4,2,2,4,0,0,0,1,false,false,false,false,false,false,false,false,false,false,false,false,false,false,false,false,false,false,false,false,false,false,-83.00173,42.39843,"{
  ""coordinates"": [
    -8.300173290639040e+01,
    4.239843554761380e+01
  ],
  ""type"": ""Point""
}","{
  ""coordinates"": [
    -83.001732906,
    42.398435548
  ],
  ""type"": ""Point""
}",-83.001732906,42.3984355480001
569,1363580,ALTER,MACK,2018-04-25,25,4,2018,16,4,3,1,,1,0,Concrete,1,1,1,30,2,2,3,4,0,0,0,1,false,false,false,false,false,true,false,false,false,false,false,false,false,false,false,false,false,false,false,false,false,false,-83.04799,42.35147,"{
  ""coordinates"": [
    -8.304798816941781e+01,
    4.235146871298750e+01
  ],
  ""type"": ""Point""
}","{
  ""coordinates"": [
    -83.047988169,
    42.351468713
  ],
  ""type"": ""Point""
}",-83.047988169,42.351468713
570,1358476,MCNICHOLS,SCHAEFER,2018-04-25,25,4,2018,2,4,5,9,,2,0,Asphalt,2,4,4,35,5,2,1,5,0,0,0,0,true,false,false,false,true,false,false,false,false,false,false,false,false,false,false,false,false,false,false,false,false,false,-83.17982,42.41659,"{
  ""coordinates"": [
    -8.317982241616291e+01,
    4.241659038562520e+01
  ],
  ""type"": ""Point""
}","{
  ""coordinates"": [
    -83.179822416,
    42.416590386
  ],
  ""type"": ""Point""
}",-83.179822416,42.4165903860001
571,1358481,JEFFERSON,BRENNAN,2018-04-25,25,4,2018,,4,10,9,,4,3,Asphalt,2,4,4,25,2,2,0,5,0,0,0,0,true,false,false,false,true,false,false,false,false,false,false,false,false,false,false,false,false,false,false,false,false,false,-83.1227,42.28598,"{
  ""coordinates"": [
    -8.312269714999020e+01,
    4.228597799971430e+01
  ],
  ""type"": ""Point""
}","{
  ""coordinates"": [
    -83.12269715,
    42.285978
  ],
  ""type"": ""Point""
}",-83.12269715,42.2859780000001
572,1358519,WHITTIER,MCKINNEY,2018-04-25,25,4,2018,16,4,8,9,,4,0,Asphalt,1,1,1,30,6,2,1,5,0,0,0,0,true,false,false,false,true,false,false,false,false,false,false,false,false,false,false,false,false,false,false,false,false,false,-82.94746,42.41462,"{
  ""coordinates"": [
    -8.294746601055461e+01,
    4.241461889845350e+01
  ],
  ""type"": ""Point""
}","{
  ""coordinates"": [
    -82.947466011,
    42.414618898
  ],
  ""type"": ""Point""
}",-82.947466011,42.4146188980001
573,1358503,7 MILE,BURT,2018-04-25,25,4,2018,14,4,5,9,,2,0,Asphalt,1,2,1,,4,2,3,4,0,0,0,2,false,false,false,false,true,false,false,false,false,false,false,false,false,false,false,false,false,false,false,false,false,false,-83.24853,42.42934,"{
  ""coordinates"": [
    -8.324852689148440e+01,
    4.242933716894180e+01
  ],
  ""type"": ""Point""
}","{
  ""coordinates"": [
    -83.248526891,
    42.429337169
  ],
  ""type"": ""Point""
}",-83.248526891,42.4293371690001
574,1359386,BRUSH,PALMER,2018-04-25,25,4,2018,15,4,8,9,,4,0,Asphalt,1,2,1,30,4,2,3,5,0,0,0,0,true,false,false,false,false,false,false,false,false,false,false,false,false,false,false,false,false,false,false,false,false,false,-83.06332,42.36393,"{
  ""coordinates"": [
    -8.306332713564220e+01,
    4.236393009281690e+01
  ],
  ""type"": ""Point""
}","{
  ""coordinates"": [
    -83.063327136,
    42.363930093
  ],
  ""type"": ""Point""
}",-83.0633271359999,42.3639300930001
575,1376736,CHANDLER PARK,GUILFORD,2018-04-25,25,4,2018,8,4,4,9,,2,0,Asphalt,2,4,1,,6,2,1,5,0,0,0,0,true,false,false,false,true,false,false,false,false,false,false,false,false,true,false,false,false,false,false,false,false,false,-82.93023,42.41193,"{
  ""coordinates"": [
    -8.293023173222100e+01,
    4.241193256761660e+01
  ],
  ""type"": ""Point""
}","{
  ""coordinates"": [
    -82.930231732,
    42.411932568
  ],
  ""type"": ""Point""
}",-82.930231732,42.4119325680001
576,1357669,I-75,2ND,2018-04-25,25,4,2018,2,4,8,1,,1,0,Concrete,2,4,4,55,4,2,2,5,0,0,0,0,true,false,false,false,false,false,false,false,false,true,false,false,false,false,false,false,false,false,false,false,false,false,-83.05825,42.33719,"{
  ""coordinates"": [
    -8.305824994063271e+01,
    4.233718899708620e+01
  ],
  ""type"": ""Point""
}","{
  ""coordinates"": [
    -83.058249941,
    42.337188997
  ],
  ""type"": ""Point""
}",-83.058249941,42.3371889970001
577,1361379,CHRYSLER,WARREN,2018-04-25,25,4,2018,12,4,4,1,,1,0,Concrete,1,2,1,30,2,2,5,4,0,0,0,2,false,false,false,false,false,false,false,false,false,false,false,false,false,true,false,false,false,false,false,false,false,false,-83.05457,42.36089,"{
  ""coordinates"": [
    -8.305456639360270e+01,
    4.236089068025420e+01
  ],
  ""type"": ""Point""
}","{
  ""coordinates"": [
    -83.054566394,
    42.36089068
  ],
  ""type"": ""Point""
}",-83.0545663939999,42.3608906800001
578,1375488,I-75,SOUTHFIELD,2018-04-25,25,4,2018,18,4,1,1,,1,0,Concrete,2,1,1,55,3,1,1,5,0,0,0,0,true,false,false,false,false,false,false,false,false,false,false,false,false,false,false,false,false,false,false,false,false,false,-83.16096,42.27489,"{
  ""coordinates"": [
    -8.316095555122780e+01,
    4.227489328454230e+01
  ],
  ""type"": ""Point""
}","{
  ""coordinates"": [
    -83.160955551,
    42.274893285
  ],
  ""type"": ""Point""
}",-83.160955551,42.2748932850001
579,1359399,LIVERNOIS,CHIPPEWA,2018-04-25,25,4,2018,17,4,8,9,,4,0,Asphalt,1,1,1,30,3,2,2,4,0,0,0,1,false,false,false,false,false,false,false,false,false,false,false,false,false,false,false,false,false,false,false,false,false,false,-83.14176,42.4418,"{
  ""coordinates"": [
    -8.314176343201510e+01,
    4.244180033505440e+01
  ],
  ""type"": ""Point""
}","{
  ""coordinates"": [
    -83.141763432,
    42.441800335
  ],
  ""type"": ""Point""
}",-83.1417634319999,42.441800335
580,1361388,OUTER,7 MILE,2018-04-25,25,4,2018,16,4,4,9,,2,0,Asphalt,1,1,1,,3,2,1,5,0,0,0,0,true,true,false,false,true,false,false,false,false,false,false,false,false,false,false,false,false,false,false,false,false,false,-83.17577,42.4314,"{
  ""coordinates"": [
    -8.317576447940540e+01,
    4.243139587592150e+01
  ],
  ""type"": ""Point""
}","{
  ""coordinates"": [
    -83.175764479,
    42.431395876
  ],
  ""type"": ""Point""
}",-83.175764479,42.4313958760001
581,1359390,ROSSITER,BRITAIN,2018-04-25,25,4,2018,18,4,4,9,,,0,,1,1,1,25,2,2,9,4,0,0,0,2,false,false,false,false,false,false,false,true,false,false,false,false,false,false,true,false,false,false,false,false,false,false,-82.95058,42.4235,"{
  ""coordinates"": [
    -8.295057839536869e+01,
    4.242350380872640e+01
  ],
  ""type"": ""Point""
}","{
  ""coordinates"": [
    -82.950578395,
    42.423503809
  ],
  ""type"": ""Point""
}",-82.950578395,42.4235038090001
582,1360432,ACACIA,MONTROSE,2018-04-25,25,4,2018,14,4,5,9,,,3,,1,1,1,25,2,2,1,5,0,0,0,0,true,false,false,false,false,false,false,false,false,false,false,false,false,true,false,false,false,false,false,false,false,false,-83.20038,42.39171,"{
  ""coordinates"": [
    -8.320037919396179e+01,
    4.239170781143820e+01
  ],
  ""type"": ""Point""
}","{
  ""coordinates"": [
    -83.200379194,
    42.391707811
  ],
  ""type"": ""Point""
}",-83.2003791939999,42.3917078110001
583,1360395,PRENTIS,3RD,2018-04-25,25,4,2018,18,4,8,9,,,0,,1,1,1,25,2,2,1,5,0,0,0,0,true,false,false,false,false,false,false,false,true,false,false,false,false,false,false,false,false,false,false,false,false,false,-83.06929,42.35162,"{
  ""coordinates"": [
    -8.306929341686789e+01,
    4.235161836860420e+01
  ],
  ""type"": ""Point""
}","{
  ""coordinates"": [
    -83.069293417,
    42.351618369
  ],
  ""type"": ""Point""
}",-83.069293417,42.3516183690001
584,1357659,S/B M 39,8 MILE,2018-04-25,25,4,2018,9,4,8,3,,1,0,Concrete,1,2,1,55,3,2,2,5,0,0,0,0,true,false,false,false,false,false,false,false,false,true,false,false,false,true,true,false,false,false,false,false,false,false,-83.21982,42.44361,"{
  ""coordinates"": [
    -8.321981968725051e+01,
    4.244361523739770e+01
  ],
  ""type"": ""Point""
}","{
  ""coordinates"": [
    -83.219819687,
    42.443615237
  ],
  ""type"": ""Point""
}",-83.219819687,42.4436152370001
585,1360382,JEFFERSON,CABACIER,2018-04-25,25,4,2018,12,4,4,9,,4,0,Asphalt,1,2,1,25,5,2,2,5,0,0,0,0,true,false,false,false,false,false,false,false,false,false,false,false,false,false,false,false,true,false,false,false,false,false,-83.05855,42.32433,"{
  ""coordinates"": [
    -8.305854498951150e+01,
    4.232432700127100e+01
  ],
  ""type"": ""Point""
}","{
  ""coordinates"": [
    -83.05854499,
    42.324327001
  ],
  ""type"": ""Point""
}",-83.05854499,42.324327001
586,1358500,FENKELL,ARCHDALE,2018-04-25,25,4,2018,16,4,8,9,,2,0,Asphalt,1,1,1,35,6,2,6,5,0,0,0,0,true,false,false,false,false,false,false,false,false,false,false,false,false,true,false,false,false,false,false,false,false,false,-83.21626,42.40115,"{
  ""coordinates"": [
    -8.321625611417090e+01,
    4.240115311514730e+01
  ],
  ""type"": ""Point""
}","{
  ""coordinates"": [
    -83.216256114,
    42.401153115
  ],
  ""type"": ""Point""
}",-83.216256114,42.4011531150001
587,1358451,M-10,ELMHURST,2018-04-25,25,4,2018,12,4,8,9,,,0,,1,1,1,55,3,2,3,4,0,0,0,2,false,false,false,false,false,false,false,false,false,true,false,false,false,false,false,false,false,false,false,false,false,false,-83.10476,42.39077,"{
  ""coordinates"": [
    -8.310476006221060e+01,
    4.239076716124010e+01
  ],
  ""type"": ""Point""
}","{
  ""coordinates"": [
    -83.104760062,
    42.390767161
  ],
  ""type"": ""Point""
}",-83.104760062,42.390767161
588,1358469,W I 94,S I 75,2018-04-25,25,4,2018,16,4,5,1,,1,0,Concrete,1,1,1,55,3,2,2,5,0,0,0,0,true,false,false,false,false,false,false,false,false,false,false,false,false,false,true,false,false,false,false,false,false,false,-83.05822,42.3686,"{
  ""coordinates"": [
    -8.305821851781310e+01,
    4.236860455823320e+01
  ],
  ""type"": ""Point""
}","{
  ""coordinates"": [
    -83.058218518,
    42.368604558
  ],
  ""type"": ""Point""
}",-83.058218518,42.3686045580001
589,1358518,HARPER,CONNER,2018-04-25,25,4,2018,14,4,8,9,,4,0,Asphalt,1,1,1,30,9,2,3,5,0,0,0,0,true,false,false,false,false,false,false,false,false,false,false,false,false,true,true,false,false,false,false,false,false,false,-82.99017,42.39711,"{
  ""coordinates"": [
    -8.299016919582860e+01,
    4.239711521574100e+01
  ],
  ""type"": ""Point""
}","{
  ""coordinates"": [
    -82.990169196,
    42.397115216
  ],
  ""type"": ""Point""
}",-82.990169196,42.397115216
590,1380363,LARNED,SHELBY,2018-04-25,25,4,2018,17,4,8,9,,4,0,Asphalt,1,2,1,25,3,2,1,5,0,0,0,0,true,false,false,false,false,false,false,false,false,false,false,false,false,false,false,true,false,false,false,false,false,false,-83.04771,42.32837,"{
  ""coordinates"": [
    -8.304771023991970e+01,
    4.232836409511100e+01
  ],
  ""type"": ""Point""
}","{
  ""coordinates"": [
    -83.04771024,
    42.328364095
  ],
  ""type"": ""Point""
}",-83.04771024,42.328364095
591,1359379,GRAND RIVER,FORRER,2018-04-25,25,4,2018,16,4,8,3,,1,0,Asphalt,1,1,1,35,7,2,2,5,0,0,0,0,true,false,false,false,true,false,false,false,false,false,false,false,false,false,false,false,false,false,false,false,false,false,-83.20163,42.39397,"{
  ""coordinates"": [
    -8.320162987700721e+01,
    4.239397379274910e+01
  ],
  ""type"": ""Point""
}","{
  ""coordinates"": [
    -83.201629877,
    42.393973793
  ],
  ""type"": ""Point""
}",-83.201629877,42.393973793
592,1358511,HAYES,ALMA,2018-04-25,25,4,2018,8,4,5,9,,4,0,Asphalt,2,2,1,30,2,2,1,5,0,0,0,0,true,false,false,false,true,false,false,false,false,false,false,false,false,true,false,false,false,false,false,false,false,false,-82.96507,42.42147,"{
  ""coordinates"": [
    -8.296506158167830e+01,
    4.242146758462440e+01
  ],
  ""type"": ""Point""
}","{
  ""coordinates"": [
    -82.965061582,
    42.421467585
  ],
  ""type"": ""Point""
}",-82.965061582,42.4214675850001
593,1358510,WHITEHILL,COURVILLE,2018-04-25,25,4,2018,6,4,97,9,,,3,,98,98,98,25,1,3,0,5,0,0,0,0,true,false,false,false,true,false,false,false,false,false,false,false,false,false,false,false,false,false,false,false,false,false,-82.9585,42.4174,"{
  ""coordinates"": [
    -8.295850412984601e+01,
    4.241739662191030e+01
  ],
  ""type"": ""Point""
}","{
  ""coordinates"": [
    -82.95850413,
    42.417396622
  ],
  ""type"": ""Point""
}",-82.9585041299999,42.4173966220001
594,1458824,GRAND RIVER,STOEPEL,2018-04-25,25,4,2018,20,4,98,3,,1,0,Asphalt,1,1,1,35,4,2,3,5,0,0,0,0,true,false,false,false,true,false,false,false,false,false,false,false,false,true,false,false,false,false,false,false,false,false,-83.1403,42.36927,"{
  ""coordinates"": [
    -8.314029602597780e+01,
    4.236926597590170e+01
  ],
  ""type"": ""Point""
}","{
  ""coordinates"": [
    -83.140296026,
    42.369265976
  ],
  ""type"": ""Point""
}",-83.140296026,42.3692659760001
595,1358505,7 MILE,ASBURY,2018-04-25,25,4,2018,12,4,5,9,,2,0,Asphalt,1,1,1,35,4,2,2,5,0,0,0,0,true,false,false,false,true,false,false,false,false,false,false,false,false,false,false,false,false,false,false,false,false,false,-83.20959,42.43027,"{
  ""coordinates"": [
    -8.320959433566100e+01,
    4.243027479570060e+01
  ],
  ""type"": ""Point""
}","{
  ""coordinates"": [
    -83.209594336,
    42.430274796
  ],
  ""type"": ""Point""
}",-83.209594336,42.430274796
596,1358521,FLEMING,7 MILE,2018-04-25,25,4,2018,7,4,5,9,,,0,,2,2,1,25,1,2,0,5,0,0,0,0,true,false,false,false,true,false,false,false,false,true,false,false,false,false,false,false,false,false,false,false,false,false,-83.07932,42.43235,"{
  ""coordinates"": [
    -8.307931768478980e+01,
    4.243234479511370e+01
  ],
  ""type"": ""Point""
}","{
  ""coordinates"": [
    -83.079317685,
    42.432344795
  ],
  ""type"": ""Point""
}",-83.079317685,42.4323447950001
597,1358458,M 10 N/B,LINWOOD,2018-04-25,25,4,2018,17,4,5,3,,1,0,Concrete,1,1,1,55,3,2,2,5,0,0,0,0,true,false,false,false,false,false,false,false,false,false,true,false,false,false,true,false,false,false,false,false,false,false,-83.12256,42.40502,"{
  ""coordinates"": [
    -8.312255841763380e+01,
    4.240501659410650e+01
  ],
  ""type"": ""Point""
}","{
  ""coordinates"": [
    -83.122558418,
    42.405016594
  ],
  ""type"": ""Point""
}",-83.122558418,42.4050165940001
598,1387655,GREENFIELD,TIREMAN,2018-04-25,25,4,2018,17,4,1,9,,2,0,Asphalt,1,1,1,35,2,2,0,5,0,0,0,0,true,false,false,false,true,false,false,false,false,false,false,false,true,false,false,false,false,false,false,false,false,false,-83.19661,42.35089,"{
  ""coordinates"": [
    -8.319660884540470e+01,
    4.235089033258950e+01
  ],
  ""type"": ""Point""
}","{
  ""coordinates"": [
    -83.196608845,
    42.350890333
  ],
  ""type"": ""Point""
}",-83.196608845,42.3508903330001
599,1358502,GRANDVIEW,FARGO,2018-04-25,25,4,2018,18,4,5,9,,,0,,1,1,1,25,2,2,1,5,0,0,0,0,true,false,false,false,true,false,false,false,false,false,false,false,false,false,false,false,false,false,false,false,false,false,-83.28519,42.43764,"{
  ""coordinates"": [
    -8.328519190882520e+01,
    4.243764069450710e+01
  ],
  ""type"": ""Point""
}","{
  ""coordinates"": [
    -83.285191909,
    42.437640695
  ],
  ""type"": ""Point""
}",-83.2851919089999,42.437640695
600,1359385,SCHEAFER,96 SERVICE,2018-04-25,25,4,2018,16,4,5,1,,4,0,Asphalt,1,1,1,35,4,2,2,5,0,0,0,0,true,false,false,false,false,false,false,false,false,false,false,false,false,false,false,false,false,false,false,false,false,false,-83.17835,42.38282,"{
  ""coordinates"": [
    -8.317834906386121e+01,
    4.238281608030840e+01
  ],
  ""type"": ""Point""
}","{
  ""coordinates"": [
    -83.178349064,
    42.38281608
  ],
  ""type"": ""Point""
}",-83.178349064,42.3828160800001