ObjectId,Crash ID,Primary Road,Intersecting Road,Crash Date,Day,Month,Year,Hour,Weekday,Crash Type Code,Highway Classification Code,Community Code,Jurisdiction Code,Lane Departure Type Code,Surface Type,Road Condition,Weather Condition,Lighting Condition,Speed Limit,Lanes,Units,Occupants,Most Severe Injury,Fatal Injuries,Suspected Serious Injuries,Suspected Minor Injuries,Possible Injuries,Property Damage Only,Secondary Crash,Traffic Control,Red Light Run,Hit and Run,Alcohol,Drugs,Unbelted Person,Work Zone,Speeding Driver,Distracted Driver,Driveway,Pedestrian,Elderly Driver,Young Driver,Commercial Vehicle,Emergency Vehicles,Train,School Bus,Motorcycle,Bicycle,Deer,Longitude,Latitude,geom,geog,x,y
601,1358482,FORT,CRAWFORD,2018-04-25,25,4,2018,18,4,8,3,,1,0,Asphalt,1,1,1,35,1,2,2,5,0,0,0,0,true,false,false,false,false,false,false,false,false,false,false,true,false,false,false,false,false,false,false,false,false,false,-83.10492,42.30603,"{
  ""coordinates"": [
    -8.310491821807361e+01,
    4.230602998256770e+01
  ],
  ""type"": ""Point""
}","{
  ""coordinates"": [
    -83.104918218,
    42.306029983
  ],
  ""type"": ""Point""
}",-83.104918218,42.306029983
602,1358512,MARNE,MOROSS,2018-04-25,25,4,2018,8,4,97,9,,,0,,1,2,1,25,1,2,4,5,0,0,0,0,true,false,false,false,false,false,false,false,false,false,false,false,false,false,false,true,false,false,false,false,false,false,-82.93494,42.4263,"{
  ""coordinates"": [
    -8.293493981695219e+01,
    4.242630417534270e+01
  ],
  ""type"": ""Point""
}","{
  ""coordinates"": [
    -82.934939817,
    42.426304175
  ],
  ""type"": ""Point""
}",-82.934939817,42.426304175
603,1365739,I-94,ROSA PARKS,2018-04-25,25,4,2018,15,4,5,1,,1,0,Asphalt,1,1,1,55,3,3,3,3,0,0,1,0,false,false,false,false,true,false,false,false,false,false,true,false,false,false,false,false,false,false,false,false,false,false,-83.087,42.35406,"{
  ""coordinates"": [
    -8.308699695819170e+01,
    4.235406167243200e+01
  ],
  ""type"": ""Point""
}","{
  ""coordinates"": [
    -83.086996958,
    42.354061672
  ],
  ""type"": ""Point""
}",-83.086996958,42.3540616720001
604,1366125,FORT,OUTER,2018-04-25,25,4,2018,13,4,5,3,,1,0,Asphalt,1,1,1,45,8,2,1,5,0,0,0,0,true,false,false,false,true,false,false,false,false,false,false,false,false,false,false,false,false,false,false,false,false,false,-83.16691,42.26209,"{
  ""coordinates"": [
    -8.316690618988110e+01,
    4.226209290946190e+01
  ],
  ""type"": ""Point""
}","{
  ""coordinates"": [
    -83.16690619,
    42.262092909
  ],
  ""type"": ""Point""
}",-83.16690619,42.262092909
605,1358475,GRAND RIVER,CHEYENNE,2018-04-25,25,4,2018,4,4,1,3,,1,0,Concrete,2,4,4,35,4,1,1,4,0,0,0,1,false,false,false,false,false,false,false,false,false,false,false,false,false,true,false,false,false,false,false,false,false,false,-83.17451,42.38305,"{
  ""coordinates"": [
    -8.317450568932939e+01,
    4.238305033164030e+01
  ],
  ""type"": ""Point""
}","{
  ""coordinates"": [
    -83.174505689,
    42.383050332
  ],
  ""type"": ""Point""
}",-83.1745056889999,42.383050332
606,1400913,JOY,STEELE,2018-04-25,25,4,2018,16,4,1,9,,4,1,Asphalt,1,1,1,25,5,2,1,3,0,0,1,0,false,false,false,false,true,false,false,false,false,false,false,false,false,false,false,false,false,false,false,true,true,false,-83.17023,42.35869,"{
  ""coordinates"": [
    -8.317022568822379e+01,
    4.235869032556920e+01
  ],
  ""type"": ""Point""
}","{
  ""coordinates"": [
    -83.170225688,
    42.358690326
  ],
  ""type"": ""Point""
}",-83.170225688,42.358690326
607,1357679,RAMP 213L,W I 96,2018-04-25,25,4,2018,6,4,1,1,,1,1,Concrete,2,4,1,55,2,1,1,2,0,1,0,0,false,false,false,false,false,false,false,false,false,true,false,false,false,false,false,true,false,false,false,false,false,false,-83.10285,42.35315,"{
  ""coordinates"": [
    -8.310285312789350e+01,
    4.235314999960050e+01
  ],
  ""type"": ""Point""
}","{
  ""coordinates"": [
    -83.102853128,
    42.35315
  ],
  ""type"": ""Point""
}",-83.1028531279999,42.35315
608,1358493,S I 75 SERVICE DRIVE,FORT,2018-04-25,25,4,2018,8,4,5,3,,4,0,Asphalt,2,2,1,30,2,2,3,5,0,0,0,0,true,false,false,false,false,false,false,false,false,false,false,false,false,false,false,false,false,false,false,false,false,false,-83.12453,42.29815,"{
  ""coordinates"": [
    -8.312453004180310e+01,
    4.229814748205480e+01
  ],
  ""type"": ""Point""
}","{
  ""coordinates"": [
    -83.124530042,
    42.298147482
  ],
  ""type"": ""Point""
}",-83.1245300419999,42.298147482
609,1358507,FRANKLIN,CHENE,2018-04-25,25,4,2018,13,4,8,9,,,0,,1,1,1,25,2,2,2,5,0,0,0,0,true,false,false,false,false,false,false,false,false,false,false,false,false,false,false,false,false,false,false,false,false,false,-83.02191,42.33686,"{
  ""coordinates"": [
    -8.302191390023080e+01,
    4.233686092742220e+01
  ],
  ""type"": ""Point""
}","{
  ""coordinates"": [
    -83.0219139,
    42.336860927
  ],
  ""type"": ""Point""
}",-83.0219139,42.336860927
610,1358517,KELLY,CORAM,2018-04-25,25,4,2018,13,4,5,9,,2,0,Concrete,1,2,1,35,2,2,1,5,0,0,0,0,true,false,false,false,true,false,false,false,false,false,false,false,false,false,false,false,false,false,false,false,false,false,-82.95061,42.43794,"{
  ""coordinates"": [
    -8.295061537814290e+01,
    4.243794425001090e+01
  ],
  ""type"": ""Point""
}","{
  ""coordinates"": [
    -82.950615378,
    42.43794425
  ],
  ""type"": ""Point""
}",-82.950615378,42.43794425
611,1361376,GRATIOT,PENNSYLVANIA,2018-04-25,25,4,2018,22,4,2,3,,1,0,Asphalt,1,1,2,35,2,2,4,3,0,0,2,0,false,false,false,false,false,false,false,false,true,false,false,true,false,false,true,false,false,false,false,false,false,false,-83.00535,42.39296,"{
  ""coordinates"": [
    -8.300534816252561e+01,
    4.239295454158880e+01
  ],
  ""type"": ""Point""
}","{
  ""coordinates"": [
    -83.005348163,
    42.392954542
  ],
  ""type"": ""Point""
}",-83.005348163,42.392954542
612,1360393,WOODWARD,WARREN,2018-04-25,25,4,2018,17,4,8,3,,1,0,Asphalt,1,1,1,35,3,2,2,4,0,0,0,1,false,false,false,false,false,false,false,false,false,false,false,false,false,true,false,false,false,false,false,true,false,false,-83.06435,42.35691,"{
  ""coordinates"": [
    -8.306435646368820e+01,
    4.235690736712720e+01
  ],
  ""type"": ""Point""
}","{
  ""coordinates"": [
    -83.064356464,
    42.356907367
  ],
  ""type"": ""Point""
}",-83.064356464,42.3569073670001
613,1358468,W/B I-94,I-75,2018-04-25,25,4,2018,15,4,5,1,,1,0,Concrete,1,1,1,55,3,2,2,5,0,0,0,0,true,false,false,false,false,false,false,false,false,false,false,false,false,false,false,false,false,false,false,false,false,false,-83.05653,42.36966,"{
  ""coordinates"": [
    -8.305652648056950e+01,
    4.236965567002360e+01
  ],
  ""type"": ""Point""
}","{
  ""coordinates"": [
    -83.056526481,
    42.36965567
  ],
  ""type"": ""Point""
}",-83.0565264809999,42.36965567
614,1357668,N M 39 SERVICE DRIVE,JOY,2018-04-25,25,4,2018,9,4,8,9,,4,0,Asphalt,1,2,1,55,3,2,2,5,0,0,0,0,true,false,false,false,false,false,false,false,false,false,false,false,false,false,true,true,false,false,false,false,false,false,-83.21607,42.35774,"{
  ""coordinates"": [
    -8.321607159929640e+01,
    4.235774323398100e+01
  ],
  ""type"": ""Point""
}","{
  ""coordinates"": [
    -83.216071599,
    42.357743234
  ],
  ""type"": ""Point""
}",-83.216071599,42.3577432340001
615,1358467,RAMP 215D,RAMP 215F,2018-04-25,25,4,2018,19,4,5,1,,1,0,Concrete,1,1,1,55,3,2,3,3,0,0,1,2,false,false,false,false,false,false,false,true,false,false,false,false,false,false,false,false,false,false,false,false,false,false,-83.07507,42.35987,"{
  ""coordinates"": [
    -8.307507408602601e+01,
    4.235986683749540e+01
  ],
  ""type"": ""Point""
}","{
  ""coordinates"": [
    -83.075074086,
    42.359866837
  ],
  ""type"": ""Point""
}",-83.075074086,42.359866837
616,1362766,FISHER SERVICE,CASS,2018-04-24,24,4,2018,0,3,3,1,,1,0,Concrete,1,1,4,25,3,2,1,5,0,0,0,0,true,false,false,false,false,false,false,false,false,false,false,false,false,false,false,false,false,false,false,false,false,false,-83.05659,42.33799,"{
  ""coordinates"": [
    -8.305658525417201e+01,
    4.233798804205360e+01
  ],
  ""type"": ""Point""
}","{
  ""coordinates"": [
    -83.056585254,
    42.337988042
  ],
  ""type"": ""Point""
}",-83.056585254,42.3379880420001
617,1360411,CADIEUX,CINCINNATI,2018-04-24,24,4,2018,8,3,5,9,,4,0,Asphalt,1,1,1,30,2,2,2,5,0,0,0,0,true,false,false,false,false,false,false,false,false,false,false,false,false,false,true,false,false,false,false,false,false,false,-82.92712,42.40198,"{
  ""coordinates"": [
    -8.292711389231410e+01,
    4.240198110356710e+01
  ],
  ""type"": ""Point""
}","{
  ""coordinates"": [
    -82.927113892,
    42.401981104
  ],
  ""type"": ""Point""
}",-82.927113892,42.4019811040001
618,1359366,N M 39,RAMP 008R,2018-04-24,24,4,2018,17,3,5,3,,1,0,Asphalt,2,1,1,55,3,2,2,5,0,0,0,0,true,false,false,false,false,false,false,false,false,false,false,false,false,false,false,false,false,false,false,false,false,false,-83.21741,42.38383,"{
  ""coordinates"": [
    -8.321741783998610e+01,
    4.238382739247280e+01
  ],
  ""type"": ""Point""
}","{
  ""coordinates"": [
    -83.21741784,
    42.383827392
  ],
  ""type"": ""Point""
}",-83.2174178399999,42.3838273920001
619,1358491,FORT,SCHAEFER,2018-04-24,24,4,2018,11,3,8,3,,1,0,Asphalt,2,4,1,45,3,2,1,5,0,0,0,0,true,false,false,false,true,false,false,false,false,false,false,false,false,false,false,true,false,false,false,false,false,false,-83.15722,42.27432,"{
  ""coordinates"": [
    -8.315722099923090e+01,
    4.227431968252380e+01
  ],
  ""type"": ""Point""
}","{
  ""coordinates"": [
    -83.157220999,
    42.274319683
  ],
  ""type"": ""Point""
}",-83.1572209989999,42.274319683
620,1357716,LIVERNOIS,PICKFORD,2018-04-24,24,4,2018,21,3,8,9,,4,0,Asphalt,2,4,4,35,2,2,2,5,0,0,0,0,true,false,false,false,false,false,false,false,false,false,false,false,false,false,false,false,false,false,false,false,false,false,-83.14138,42.42669,"{
  ""coordinates"": [
    -8.314138238282020e+01,
    4.242669466132480e+01
  ],
  ""type"": ""Point""
}","{
  ""coordinates"": [
    -83.141382383,
    42.426694661
  ],
  ""type"": ""Point""
}",-83.141382383,42.4266946610001
621,1365805,LEICESTER,BRUSH,2018-04-24,24,4,2018,23,3,4,9,,,0,,2,4,4,25,4,2,2,5,0,0,0,0,true,false,false,false,false,false,false,false,false,false,false,false,false,false,false,false,false,false,false,false,false,false,-83.07619,42.38574,"{
  ""coordinates"": [
    -8.307619205995300e+01,
    4.238574212769510e+01
  ],
  ""type"": ""Point""
}","{
  ""coordinates"": [
    -83.07619206,
    42.385742128
  ],
  ""type"": ""Point""
}",-83.07619206,42.3857421280001
622,1358504,TELEGRAPH,MCNICHOLS,2018-04-24,24,4,2018,17,3,5,2,,1,0,Asphalt,2,4,1,45,4,2,2,5,0,0,0,0,true,false,false,false,false,false,false,false,false,false,false,false,false,false,true,false,false,false,false,false,false,false,-83.27705,42.41612,"{
  ""coordinates"": [
    -8.327704576815840e+01,
    4.241612334322780e+01
  ],
  ""type"": ""Point""
}","{
  ""coordinates"": [
    -83.277045768,
    42.416123343
  ],
  ""type"": ""Point""
}",-83.2770457679999,42.416123343
623,1428821,VASSAR,HUNTINGTON,2018-04-24,24,4,2018,21,3,4,9,,,0,,2,4,4,25,2,2,1,5,0,0,0,0,true,false,false,false,true,false,false,false,false,false,false,false,false,false,false,false,false,false,false,false,false,false,-83.23347,42.43332,"{
  ""coordinates"": [
    -8.323346606586320e+01,
    4.243331895518800e+01
  ],
  ""type"": ""Point""
}","{
  ""coordinates"": [
    -83.233466066,
    42.433318955
  ],
  ""type"": ""Point""
}",-83.2334660659999,42.4333189550001
624,1362088,COURVILLE,LINVILLE,2018-04-24,24,4,2018,8,3,4,9,,,0,,1,1,1,25,2,2,5,5,0,0,0,0,true,false,true,false,false,false,false,false,false,false,false,false,false,false,false,false,false,false,false,false,false,false,-82.94329,42.40932,"{
  ""coordinates"": [
    -8.294329321120659e+01,
    4.240932353641940e+01
  ],
  ""type"": ""Point""
}","{
  ""coordinates"": [
    -82.943293211,
    42.409323536
  ],
  ""type"": ""Point""
}",-82.943293211,42.409323536
625,1357710,MOUND,7 MILE,2018-04-24,24,4,2018,7,3,8,9,,2,0,Asphalt,1,1,1,35,4,2,2,5,0,0,0,0,true,false,false,false,false,false,false,false,false,false,false,false,false,false,false,false,false,false,false,false,false,false,-83.0434,42.43377,"{
  ""coordinates"": [
    -8.304340654495900e+01,
    4.243377440990250e+01
  ],
  ""type"": ""Point""
}","{
  ""coordinates"": [
    -83.043406545,
    42.43377441
  ],
  ""type"": ""Point""
}",-83.043406545,42.4337744100001
626,1357692,HAYES,MAPLERIDGE,2018-04-24,24,4,2018,17,3,8,9,,4,0,Asphalt,1,1,1,35,2,2,1,5,0,0,0,0,true,false,false,false,true,false,false,false,false,false,false,false,false,false,false,false,false,false,false,false,false,false,-82.96533,42.42929,"{
  ""coordinates"": [
    -8.296533184005010e+01,
    4.242929646287500e+01
  ],
  ""type"": ""Point""
}","{
  ""coordinates"": [
    -82.96533184,
    42.429296463
  ],
  ""type"": ""Point""
}",-82.96533184,42.4292964630001
627,1357712,MCNICHOLS,LIVERNOIS,2018-04-24,24,4,2018,11,3,97,9,,4,0,Asphalt,1,2,1,25,2,2,2,5,0,0,0,0,true,false,false,false,false,false,false,false,false,false,false,false,false,false,false,false,false,false,false,false,false,false,-83.14027,42.41716,"{
  ""coordinates"": [
    -8.314027664407109e+01,
    4.241715485022060e+01
  ],
  ""type"": ""Point""
}","{
  ""coordinates"": [
    -83.140276644,
    42.41715485
  ],
  ""type"": ""Point""
}",-83.140276644,42.41715485
628,1361344,M 39,JOY,2018-04-24,24,4,2018,17,3,5,3,,1,0,Asphalt,2,4,1,55,3,2,2,5,0,0,0,0,true,false,false,false,false,false,false,false,false,false,true,false,false,false,false,false,false,false,false,false,false,false,-83.2164,42.35793,"{
  ""coordinates"": [
    -8.321639975160140e+01,
    4.235792376182130e+01
  ],
  ""type"": ""Point""
}","{
  ""coordinates"": [
    -83.216399752,
    42.357923762
  ],
  ""type"": ""Point""
}",-83.216399752,42.357923762
629,1411691,CHRYSLER,MACK,2018-04-24,24,4,2018,9,3,4,1,,1,0,Concrete,1,1,1,25,3,2,1,5,0,0,0,0,true,false,false,false,true,false,false,false,false,false,false,false,false,true,false,false,false,false,false,false,false,false,-83.04812,42.35113,"{
  ""coordinates"": [
    -8.304812189660080e+01,
    4.235112911516520e+01
  ],
  ""type"": ""Point""
}","{
  ""coordinates"": [
    -83.048121897,
    42.351129115
  ],
  ""type"": ""Point""
}",-83.048121897,42.351129115
630,1361341,I 94,ADDISON,2018-04-24,24,4,2018,9,3,8,1,,1,0,Asphalt,1,2,1,55,3,2,2,5,0,0,0,0,true,false,false,false,true,false,false,false,false,false,false,false,false,false,false,false,false,false,false,false,false,false,-83.15069,42.33026,"{
  ""coordinates"": [
    -8.315068543089910e+01,
    4.233025717256570e+01
  ],
  ""type"": ""Point""
}","{
  ""coordinates"": [
    -83.150685431,
    42.330257173
  ],
  ""type"": ""Point""
}",-83.1506854309999,42.3302571730001
631,1358522,DEQUINDRE,DAVISON,2018-04-24,24,4,2018,8,3,5,9,,4,0,Asphalt,2,2,1,,2,2,1,5,0,0,0,0,true,true,false,false,true,false,false,false,false,false,false,false,false,false,false,false,false,false,false,false,false,false,-83.07706,42.40894,"{
  ""coordinates"": [
    -8.307706215608241e+01,
    4.240894154192690e+01
  ],
  ""type"": ""Point""
}","{
  ""coordinates"": [
    -83.077062156,
    42.408941542
  ],
  ""type"": ""Point""
}",-83.077062156,42.408941542
632,1362756,W I 94,HARPER,2018-04-24,24,4,2018,15,3,5,1,,1,0,Asphalt,1,2,1,55,3,2,2,5,0,0,0,0,true,false,false,false,false,false,false,false,false,false,false,false,false,false,true,false,false,false,false,false,false,false,-82.93195,42.4207,"{
  ""coordinates"": [
    -8.293194960865560e+01,
    4.242070320476170e+01
  ],
  ""type"": ""Point""
}","{
  ""coordinates"": [
    -82.931949609,
    42.420703205
  ],
  ""type"": ""Point""
}",-82.931949609,42.4207032050001
633,1358516,MORANG,LANSDOWNE,2018-04-24,24,4,2018,14,3,5,9,,4,0,Asphalt,2,4,1,30,2,2,0,5,0,0,0,0,true,false,false,false,true,false,false,false,false,false,false,false,false,false,false,false,false,false,false,false,false,false,-82.95123,42.42663,"{
  ""coordinates"": [
    -8.295123586396220e+01,
    4.242662865940290e+01
  ],
  ""type"": ""Point""
}","{
  ""coordinates"": [
    -82.951235864,
    42.426628659
  ],
  ""type"": ""Point""
}",-82.951235864,42.4266286590001
634,1361342,I 94,HELEN,2018-04-24,24,4,2018,11,3,8,9,,4,0,Asphalt,1,2,1,55,3,2,2,5,0,0,0,0,true,false,false,false,false,false,false,false,false,false,false,false,false,false,false,true,false,false,false,false,false,false,-83.02785,42.38409,"{
  ""coordinates"": [
    -8.302784851874981e+01,
    4.238409447143690e+01
  ],
  ""type"": ""Point""
}","{
  ""coordinates"": [
    -83.027848519,
    42.384094471
  ],
  ""type"": ""Point""
}",-83.027848519,42.384094471
635,1357714,OHIO,CURTIS,2018-04-24,24,4,2018,11,3,4,9,,,0,,1,2,1,25,1,2,2,5,0,0,0,0,true,false,false,false,false,false,false,false,false,false,false,false,false,false,false,false,false,false,false,false,false,false,-83.15636,42.42423,"{
  ""coordinates"": [
    -8.315636123526420e+01,
    4.242422772030400e+01
  ],
  ""type"": ""Point""
}","{
  ""coordinates"": [
    -83.156361235,
    42.42422772
  ],
  ""type"": ""Point""
}",-83.156361235,42.42422772
636,1357657,E I 96,CONSOLIDATED RAIL CORPORATION,2018-04-24,24,4,2018,18,3,97,1,,1,0,Concrete,2,4,1,55,3,2,2,4,0,0,0,2,false,false,false,false,false,true,false,false,false,false,true,false,false,false,false,false,false,false,false,false,false,false,-83.18362,42.38195,"{
  ""coordinates"": [
    -8.318362693840990e+01,
    4.238194483319420e+01
  ],
  ""type"": ""Point""
}","{
  ""coordinates"": [
    -83.183626938,
    42.381944833
  ],
  ""type"": ""Point""
}",-83.183626938,42.381944833
637,1371403,SAINT AUBIN,VERNOR,2018-04-24,24,4,2018,13,3,4,9,,4,0,Asphalt,1,1,1,25,2,2,1,5,0,0,0,0,true,false,false,false,true,false,false,false,false,false,false,false,false,false,false,false,false,false,false,false,false,false,-83.03394,42.34861,"{
  ""coordinates"": [
    -8.303393399011760e+01,
    4.234861386284800e+01
  ],
  ""type"": ""Point""
}","{
  ""coordinates"": [
    -83.03393399,
    42.348613863
  ],
  ""type"": ""Point""
}",-83.03393399,42.348613863
638,1362789,ASHTON,WHITLOCK,2018-04-24,24,4,2018,16,3,8,9,,,0,,2,4,1,25,1,2,5,5,0,0,0,0,true,false,false,false,false,false,false,false,false,false,false,false,false,false,false,false,false,false,false,false,false,false,-83.21708,42.34083,"{
  ""coordinates"": [
    -8.321707986042460e+01,
    4.234083262592270e+01
  ],
  ""type"": ""Point""
}","{
  ""coordinates"": [
    -83.21707986,
    42.340832626
  ],
  ""type"": ""Point""
}",-83.21707986,42.3408326260001
639,1358486,LAFAYETTE,LAWNDALE,2018-04-24,24,4,2018,2,3,9,9,,,2,,1,1,4,25,1,2,1,5,0,0,0,0,true,false,false,false,false,false,false,false,false,false,false,false,false,false,false,false,false,false,false,false,false,false,-83.12643,42.3008,"{
  ""coordinates"": [
    -8.312643525699700e+01,
    4.230079604512150e+01
  ],
  ""type"": ""Point""
}","{
  ""coordinates"": [
    -83.126435257,
    42.300796045
  ],
  ""type"": ""Point""
}",-83.126435257,42.300796045
640,1360422,ELLERY,ARDNT,2018-04-24,24,4,2018,12,3,4,9,,,0,,1,1,1,,2,2,2,5,0,0,0,0,true,false,false,false,true,false,false,false,false,false,false,false,false,false,false,false,false,false,false,false,false,false,-83.02177,42.35672,"{
  ""coordinates"": [
    -8.302177175237181e+01,
    4.235672165243140e+01
  ],
  ""type"": ""Point""
}","{
  ""coordinates"": [
    -83.021771752,
    42.356721652
  ],
  ""type"": ""Point""
}",-83.0217717519999,42.356721652
641,1357687,SOUTHFIELD SERVICE DRIVE,SCHOOLCRAFT,2018-04-24,24,4,2018,5,3,5,9,,4,0,Asphalt,1,1,2,35,2,2,2,4,0,0,0,1,false,false,false,false,true,false,false,false,false,true,false,false,false,false,false,false,false,false,false,false,false,false,-83.21722,42.38668,"{
  ""coordinates"": [
    -8.321721711258580e+01,
    4.238668477542980e+01
  ],
  ""type"": ""Point""
}","{
  ""coordinates"": [
    -83.217217113,
    42.386684775
  ],
  ""type"": ""Point""
}",-83.2172171129999,42.386684775
642,1360378,15TH,WARREN,2018-04-24,24,4,2018,15,3,2,9,,,2,,1,2,1,30,2,2,2,5,0,0,0,0,true,false,false,false,false,false,false,false,false,false,true,false,false,false,false,false,false,false,false,false,false,false,-83.08789,42.34891,"{
  ""coordinates"": [
    -8.308788749043720e+01,
    4.234890960569700e+01
  ],
  ""type"": ""Point""
}","{
  ""coordinates"": [
    -83.08788749,
    42.348909606
  ],
  ""type"": ""Point""
}",-83.08788749,42.3489096060001
643,1357684,NB I-75,CLARK,2018-04-24,24,4,2018,6,3,97,1,,1,0,Concrete,1,1,2,55,2,2,3,5,0,0,0,0,true,false,false,false,true,false,false,false,false,false,false,false,false,false,false,false,false,false,false,false,false,false,-83.09129,42.31334,"{
  ""coordinates"": [
    -8.309128543499570e+01,
    4.231333790177590e+01
  ],
  ""type"": ""Point""
}","{
  ""coordinates"": [
    -83.091285435,
    42.313337902
  ],
  ""type"": ""Point""
}",-83.091285435,42.3133379020001
644,1358508,FAIRMOUNT,HICKORY,2018-04-24,24,4,2018,21,3,4,9,,,0,,2,4,4,,1,2,3,4,0,0,0,3,false,false,false,false,false,false,false,false,false,false,false,false,false,false,false,false,false,false,false,false,false,false,-82.98792,42.44394,"{
  ""coordinates"": [
    -8.298792388679880e+01,
    4.244394271525330e+01
  ],
  ""type"": ""Point""
}","{
  ""coordinates"": [
    -82.987923887,
    42.443942715
  ],
  ""type"": ""Point""
}",-82.987923887,42.443942715
645,1428772,WARREN,MONTROSE,2018-04-24,24,4,2018,17,3,97,9,,2,0,Asphalt,2,2,1,35,4,4,3,5,0,0,0,0,true,false,false,false,false,false,false,false,false,false,false,false,false,false,false,false,false,false,false,false,false,false,-83.19906,42.34363,"{
  ""coordinates"": [
    -8.319906188032580e+01,
    4.234362961554070e+01
  ],
  ""type"": ""Point""
}","{
  ""coordinates"": [
    -83.19906188,
    42.343629616
  ],
  ""type"": ""Point""
}",-83.19906188,42.343629616
646,1356890,W I 94,MOROSS,2018-04-24,24,4,2018,8,3,8,1,,1,0,Asphalt,1,2,1,55,3,4,3,5,0,0,0,0,true,false,false,false,true,false,false,false,false,false,false,false,false,false,false,false,false,false,false,false,false,false,-82.92885,42.42453,"{
  ""coordinates"": [
    -8.292885169126680e+01,
    4.242452661619320e+01
  ],
  ""type"": ""Point""
}","{
  ""coordinates"": [
    -82.928851691,
    42.424526616
  ],
  ""type"": ""Point""
}",-82.928851691,42.424526616
647,1360414,CADIEUX,WAVENEY,2018-04-24,24,4,2018,17,3,8,9,,4,0,Asphalt,2,4,1,30,4,2,2,5,0,0,0,0,true,false,false,false,false,false,false,false,false,false,false,false,false,false,false,false,false,false,false,false,false,false,-82.92664,42.40125,"{
  ""coordinates"": [
    -8.292663404769630e+01,
    4.240125154527830e+01
  ],
  ""type"": ""Point""
}","{
  ""coordinates"": [
    -82.926634048,
    42.401251545
  ],
  ""type"": ""Point""
}",-82.926634048,42.401251545
648,1357699,PARKGROVE,RENO,2018-04-24,24,4,2018,16,3,8,9,,,0,,1,1,1,25,2,2,10,5,0,0,0,0,true,false,false,false,false,false,false,false,false,false,false,false,false,false,false,true,false,false,true,false,false,false,-82.98248,42.42975,"{
  ""coordinates"": [
    -8.298247597732890e+01,
    4.242975110149460e+01
  ],
  ""type"": ""Point""
}","{
  ""coordinates"": [
    -82.982475977,
    42.429751101
  ],
  ""type"": ""Point""
}",-82.982475977,42.4297511010001
649,1357676,I 94,LAKEPOINTE,2018-04-24,24,4,2018,4,3,97,9,,,0,,1,2,4,55,3,2,2,5,0,0,0,0,true,false,false,false,false,false,false,false,false,false,false,false,false,false,false,false,false,false,false,false,false,false,-82.95686,42.40644,"{
  ""coordinates"": [
    -8.295686021398370e+01,
    4.240644576208710e+01
  ],
  ""type"": ""Point""
}","{
  ""coordinates"": [
    -82.956860214,
    42.406445762
  ],
  ""type"": ""Point""
}",-82.956860214,42.406445762
650,1358479,MICHIGAN,WYOMING,2018-04-24,24,4,2018,17,3,4,2,,1,0,Asphalt,2,4,1,35,3,2,2,5,0,0,0,0,true,false,false,false,false,false,false,false,false,false,false,false,false,false,false,true,false,false,false,false,false,false,-83.15639,42.32785,"{
  ""coordinates"": [
    -8.315639726956280e+01,
    4.232785233308970e+01
  ],
  ""type"": ""Point""
}","{
  ""coordinates"": [
    -83.15639727,
    42.327852333
  ],
  ""type"": ""Point""
}",-83.15639727,42.3278523330001
651,1361340,RAMP 213P,RAMP 213K,2018-04-24,24,4,2018,9,3,5,1,,1,0,Concrete,1,2,1,55,1,2,3,4,0,0,0,1,false,false,false,false,false,false,false,false,false,false,false,false,false,false,false,false,false,false,false,false,false,false,-83.09901,42.35061,"{
  ""coordinates"": [
    -8.309901283495110e+01,
    4.235060806148930e+01
  ],
  ""type"": ""Point""
}","{
  ""coordinates"": [
    -83.099012835,
    42.350608061
  ],
  ""type"": ""Point""
}",-83.0990128349999,42.3506080610001
652,1356925,AUBURN,SAWYER,2018-04-24,24,4,2018,1,3,5,9,,,0,,1,1,4,25,2,2,5,3,0,0,4,1,false,false,false,false,true,false,false,true,false,false,false,false,false,false,false,false,false,false,false,false,false,false,-83.23319,42.34973,"{
  ""coordinates"": [
    -8.323319097010631e+01,
    4.234972850359120e+01
  ],
  ""type"": ""Point""
}","{
  ""coordinates"": [
    -83.23319097,
    42.349728504
  ],
  ""type"": ""Point""
}",-83.23319097,42.349728504
653,1357685,RAMP 031A,N I 75 SERVICE DRIVE,2018-04-24,24,4,2018,10,3,5,1,,1,0,Concrete,1,1,1,25,2,2,2,5,0,0,0,0,true,false,false,false,true,false,false,false,false,false,false,false,false,false,false,false,false,false,false,false,false,false,-83.11937,42.30081,"{
  ""coordinates"": [
    -8.311936743998830e+01,
    4.230081245181780e+01
  ],
  ""type"": ""Point""
}","{
  ""coordinates"": [
    -83.11936744,
    42.300812452
  ],
  ""type"": ""Point""
}",-83.11936744,42.3008124520001
654,1360397,ROSA PARKS,LA SALLE,2018-04-24,24,4,2018,19,3,8,9,,4,0,Asphalt,2,4,1,30,3,2,3,5,0,0,0,0,true,false,false,false,false,false,false,false,false,false,false,false,false,false,true,false,false,false,false,false,false,false,-83.09313,42.3674,"{
  ""coordinates"": [
    -8.309313046826770e+01,
    4.236740523570090e+01
  ],
  ""type"": ""Point""
}","{
  ""coordinates"": [
    -83.093130468,
    42.367405236
  ],
  ""type"": ""Point""
}",-83.093130468,42.367405236
655,1361343,E I 94,CONNER,2018-04-24,24,4,2018,13,3,8,1,,1,0,Asphalt,1,2,1,55,3,2,2,4,0,0,0,2,false,false,false,false,false,false,false,false,false,false,false,false,false,false,true,false,false,false,false,false,false,false,-82.98745,42.39667,"{
  ""coordinates"": [
    -8.298745203965380e+01,
    4.239667224971740e+01
  ],
  ""type"": ""Point""
}","{
  ""coordinates"": [
    -82.98745204,
    42.39667225
  ],
  ""type"": ""Point""
}",-82.9874520399999,42.3966722500001