ObjectId,Crash ID,Primary Road,Intersecting Road,Crash Date,Day,Month,Year,Hour,Weekday,Crash Type Code,Highway Classification Code,Community Code,Jurisdiction Code,Lane Departure Type Code,Surface Type,Road Condition,Weather Condition,Lighting Condition,Speed Limit,Lanes,Units,Occupants,Most Severe Injury,Fatal Injuries,Suspected Serious Injuries,Suspected Minor Injuries,Possible Injuries,Property Damage Only,Secondary Crash,Traffic Control,Red Light Run,Hit and Run,Alcohol,Drugs,Unbelted Person,Work Zone,Speeding Driver,Distracted Driver,Driveway,Pedestrian,Elderly Driver,Young Driver,Commercial Vehicle,Emergency Vehicles,Train,School Bus,Motorcycle,Bicycle,Deer,Longitude,Latitude,geom,geog,x,y
656,1362754,DAVISON,DEQUINDRE,2018-04-24,24,4,2018,9,3,1,3,,1,1,Asphalt,1,2,1,55,3,1,1,5,0,0,0,0,true,false,false,false,false,false,false,false,false,true,false,false,false,false,false,false,false,false,false,false,false,false,-83.07748,42.40913,"{
  ""coordinates"": [
    -8.307748005523641e+01,
    4.240912990741670e+01
  ],
  ""type"": ""Point""
}","{
  ""coordinates"": [
    -83.077480055,
    42.409129907
  ],
  ""type"": ""Point""
}",-83.077480055,42.4091299070001
657,1358485,FORT,SCHAEFER,2018-04-24,24,4,2018,23,3,1,3,,1,0,Asphalt,2,1,4,40,3,2,1,1,1,0,0,0,false,false,false,false,false,false,true,false,false,false,false,false,true,false,false,false,false,false,false,false,false,false,-83.15516,42.27617,"{
  ""coordinates"": [
    -8.315515653451970e+01,
    4.227616863717650e+01
  ],
  ""type"": ""Point""
}","{
  ""coordinates"": [
    -83.155156535,
    42.276168637
  ],
  ""type"": ""Point""
}",-83.1551565349999,42.2761686370001
658,1359372,I-96,SCHOOLCRAFT,2018-04-24,24,4,2018,19,3,97,1,,1,0,Concrete,2,4,1,70,2,2,3,5,0,0,0,0,true,false,false,false,false,false,false,false,false,false,false,false,false,false,false,false,false,false,false,false,false,false,-83.2499,42.38539,"{
  ""coordinates"": [
    -8.324990362519560e+01,
    4.238538559350420e+01
  ],
  ""type"": ""Point""
}","{
  ""coordinates"": [
    -83.249903625,
    42.385385594
  ],
  ""type"": ""Point""
}",-83.2499036249999,42.3853855940001
659,1362083,E I 96 SERVICE DRIVE,SCHAEFER,2018-04-24,24,4,2018,5,3,1,1,,1,0,Asphalt,1,1,2,,2,1,1,5,0,0,0,0,true,false,false,false,false,false,false,false,false,false,false,true,false,false,false,false,false,false,false,false,false,false,-83.17818,42.38272,"{
  ""coordinates"": [
    -8.317817552882200e+01,
    4.238271639680970e+01
  ],
  ""type"": ""Point""
}","{
  ""coordinates"": [
    -83.178175529,
    42.382716397
  ],
  ""type"": ""Point""
}",-83.178175529,42.3827163970001
660,1358477,CHICAGO,WYOMING,2018-04-24,24,4,2018,19,3,4,9,,4,0,Asphalt,2,4,1,35,3,2,2,5,0,0,0,0,true,false,false,false,false,false,false,true,false,false,false,false,false,false,false,false,false,false,false,false,false,false,-83.15814,42.3662,"{
  ""coordinates"": [
    -8.315813864203849e+01,
    4.236619553222750e+01
  ],
  ""type"": ""Point""
}","{
  ""coordinates"": [
    -83.158138642,
    42.366195532
  ],
  ""type"": ""Point""
}",-83.158138642,42.3661955320001
661,1357705,RYAN,GRIXDALE,2018-04-24,24,4,2018,20,3,5,9,,4,0,Asphalt,2,4,3,35,2,2,2,4,0,0,0,1,false,false,false,false,false,false,false,false,false,false,false,false,false,false,false,false,false,false,false,false,false,false,-83.0629,42.42943,"{
  ""coordinates"": [
    -8.306290208339421e+01,
    4.242942878164230e+01
  ],
  ""type"": ""Point""
}","{
  ""coordinates"": [
    -83.062902083,
    42.429428782
  ],
  ""type"": ""Point""
}",-83.062902083,42.4294287820001
662,1365762,RANDOLPH,DETROIT WINDSOR TUNNEL,2018-04-24,24,4,2018,18,3,8,9,,,0,,2,4,1,25,2,2,2,5,0,0,0,0,true,false,false,false,false,false,false,false,false,false,false,false,false,false,false,false,false,false,false,false,false,false,-83.04094,42.32839,"{
  ""coordinates"": [
    -8.304093927251890e+01,
    4.232838957496510e+01
  ],
  ""type"": ""Point""
}","{
  ""coordinates"": [
    -83.040939273,
    42.328389575
  ],
  ""type"": ""Point""
}",-83.0409392729999,42.3283895750001
663,1360381,FORT,WASHINGTON,2018-04-24,24,4,2018,10,3,4,3,,1,0,Asphalt,1,2,1,30,6,2,2,5,0,0,0,0,true,false,true,true,false,false,false,false,false,false,false,false,false,false,true,true,false,false,false,false,false,false,-83.04977,42.32969,"{
  ""coordinates"": [
    -8.304977666151051e+01,
    4.232969424334590e+01
  ],
  ""type"": ""Point""
}","{
  ""coordinates"": [
    -83.049776662,
    42.329694243
  ],
  ""type"": ""Point""
}",-83.0497766619999,42.3296942430001
664,1365792,LARNED,WOODWARD,2018-04-24,24,4,2018,9,3,8,9,,4,0,Asphalt,1,1,1,25,3,2,2,5,0,0,0,0,true,false,false,false,false,false,false,false,false,false,false,false,false,false,false,false,false,false,false,false,false,false,-83.04507,42.32949,"{
  ""coordinates"": [
    -8.304507345534100e+01,
    4.232949396573520e+01
  ],
  ""type"": ""Point""
}","{
  ""coordinates"": [
    -83.045073455,
    42.329493966
  ],
  ""type"": ""Point""
}",-83.045073455,42.329493966
665,1358490,VERNOR,SCOTTEN,2018-04-24,24,4,2018,17,3,8,9,,4,0,Asphalt,2,4,1,35,3,2,2,5,0,0,0,0,true,false,false,false,true,false,false,false,false,false,false,false,false,false,false,false,false,false,false,false,false,false,-83.09393,42.32103,"{
  ""coordinates"": [
    -8.309392204067569e+01,
    4.232103072672230e+01
  ],
  ""type"": ""Point""
}","{
  ""coordinates"": [
    -83.093922041,
    42.321030727
  ],
  ""type"": ""Point""
}",-83.093922041,42.321030727
666,1371450,BUFFALO,CHARLES,2018-04-24,24,4,2018,17,3,97,9,,4,0,Asphalt,2,4,1,25,2,3,6,3,0,0,2,3,false,false,true,true,false,false,false,false,false,false,false,false,false,false,false,false,false,false,false,false,false,false,-83.04752,42.41177,"{
  ""coordinates"": [
    -8.304751399713820e+01,
    4.241177529896350e+01
  ],
  ""type"": ""Point""
}","{
  ""coordinates"": [
    -83.047513997,
    42.411775299
  ],
  ""type"": ""Point""
}",-83.047513997,42.4117752990001
667,1359367,I-94,14TH,2018-04-24,24,4,2018,17,3,5,1,,1,0,Asphalt,2,4,1,55,3,2,2,5,0,0,0,0,true,false,false,false,false,false,false,false,false,false,false,false,false,false,false,false,false,false,false,false,false,false,-83.09238,42.35222,"{
  ""coordinates"": [
    -8.309237765074390e+01,
    4.235222129481510e+01
  ],
  ""type"": ""Point""
}","{
  ""coordinates"": [
    -83.092377651,
    42.352221295
  ],
  ""type"": ""Point""
}",-83.0923776509999,42.352221295
668,1428836,KULICK,WESSON,2018-04-24,24,4,2018,15,3,9,9,,,2,,1,2,1,25,2,2,1,5,0,0,0,0,true,false,false,false,false,false,false,false,false,false,false,false,false,false,false,false,false,false,true,false,false,false,-83.11423,42.32931,"{
  ""coordinates"": [
    -8.311423194362420e+01,
    4.232930593442810e+01
  ],
  ""type"": ""Point""
}","{
  ""coordinates"": [
    -83.114231944,
    42.329305934
  ],
  ""type"": ""Point""
}",-83.114231944,42.329305934
669,1358524,7 MILE,JUSTINE,2018-04-24,24,4,2018,19,3,4,9,,4,0,Asphalt,2,4,1,30,1,2,1,5,0,0,0,0,true,false,false,false,true,false,false,false,false,false,false,false,false,false,false,false,false,false,false,false,false,false,-83.05871,42.43323,"{
  ""coordinates"": [
    -8.305870624720841e+01,
    4.243322658259460e+01
  ],
  ""type"": ""Point""
}","{
  ""coordinates"": [
    -83.058706247,
    42.433226583
  ],
  ""type"": ""Point""
}",-83.058706247,42.4332265830001
670,1362757,W I 94,HARPER,2018-04-24,24,4,2018,17,3,5,1,,1,0,Asphalt,1,1,1,70,3,2,2,5,0,0,0,0,true,false,false,false,false,false,false,false,false,false,false,false,false,false,false,false,false,false,false,false,false,false,-82.93229,42.42039,"{
  ""coordinates"": [
    -8.293228791533970e+01,
    4.242038884077880e+01
  ],
  ""type"": ""Point""
}","{
  ""coordinates"": [
    -82.932287915,
    42.420388841
  ],
  ""type"": ""Point""
}",-82.932287915,42.420388841
671,1428809,SCHOOLCRAFT,OUTER,2018-04-24,24,4,2018,13,3,4,9,,4,0,Asphalt,1,2,1,30,3,2,2,5,0,0,0,0,true,false,false,false,false,false,false,false,false,false,false,false,false,false,false,false,false,false,false,false,false,false,-83.2563,42.38596,"{
  ""coordinates"": [
    -8.325630254103810e+01,
    4.238595898174330e+01
  ],
  ""type"": ""Point""
}","{
  ""coordinates"": [
    -83.256302541,
    42.385958982
  ],
  ""type"": ""Point""
}",-83.256302541,42.385958982
672,1357691,TELEGRAPH,GRAND RIVER,2018-04-24,24,4,2018,8,3,5,2,,1,0,Asphalt,1,1,1,35,6,2,2,5,0,0,0,0,true,false,false,false,false,false,false,false,false,false,false,false,false,false,false,false,false,false,false,false,false,false,-83.27738,42.42476,"{
  ""coordinates"": [
    -8.327738533835600e+01,
    4.242475674447990e+01
  ],
  ""type"": ""Point""
}","{
  ""coordinates"": [
    -83.277385338,
    42.424756744
  ],
  ""type"": ""Point""
}",-83.277385338,42.424756744
673,1361414,CASS,ANTOINETTE,2018-04-24,24,4,2018,15,3,8,9,,4,0,Asphalt,1,1,1,25,2,2,2,5,0,0,0,0,true,false,false,false,false,false,false,false,false,false,false,false,false,false,true,false,false,false,false,false,false,false,-83.07065,42.36297,"{
  ""coordinates"": [
    -8.307064672231000e+01,
    4.236296877852890e+01
  ],
  ""type"": ""Point""
}","{
  ""coordinates"": [
    -83.070646722,
    42.362968779
  ],
  ""type"": ""Point""
}",-83.0706467219999,42.362968779
674,1428791,ARTESIAN,DOVER,2018-04-24,24,4,2018,22,3,4,9,,,0,,2,4,4,25,2,2,1,5,0,0,0,0,true,false,false,false,true,false,false,false,false,false,false,false,false,false,false,false,false,false,false,false,false,false,-83.22626,42.35946,"{
  ""coordinates"": [
    -8.322625561450521e+01,
    4.235945672476050e+01
  ],
  ""type"": ""Point""
}","{
  ""coordinates"": [
    -83.226255615,
    42.359456725
  ],
  ""type"": ""Point""
}",-83.226255615,42.359456725
675,1359374,I-94,VANDYKE,2018-04-24,24,4,2018,16,3,5,1,,1,0,Asphalt,1,2,1,55,3,2,2,5,0,0,0,0,true,false,false,false,false,false,false,false,false,false,false,false,false,false,false,false,false,false,false,false,false,false,-83.01984,42.38639,"{
  ""coordinates"": [
    -8.301983733534080e+01,
    4.238639483131310e+01
  ],
  ""type"": ""Point""
}","{
  ""coordinates"": [
    -83.019837335,
    42.386394831
  ],
  ""type"": ""Point""
}",-83.019837335,42.3863948310001
676,1367058,SOUTHFIELD SERVICE DRIVE,GLENDALE,2018-04-24,24,4,2018,16,3,4,9,,4,0,Asphalt,1,1,1,25,2,2,1,5,0,0,0,0,true,false,false,false,true,false,false,false,false,false,false,false,false,false,true,false,false,false,false,false,false,false,-83.21708,42.38282,"{
  ""coordinates"": [
    -8.321707799317130e+01,
    4.238282255669730e+01
  ],
  ""type"": ""Point""
}","{
  ""coordinates"": [
    -83.217077993,
    42.382822557
  ],
  ""type"": ""Point""
}",-83.217077993,42.3828225570001
677,1360387,GRATIOT,MACK,2018-04-24,24,4,2018,17,3,5,3,,1,0,Asphalt,1,1,1,35,4,2,3,5,0,0,0,0,true,false,false,false,false,false,false,false,false,false,false,false,false,false,false,false,false,false,false,false,false,false,-83.02773,42.35908,"{
  ""coordinates"": [
    -8.302773299531030e+01,
    4.235907955246530e+01
  ],
  ""type"": ""Point""
}","{
  ""coordinates"": [
    -83.027732995,
    42.359079552
  ],
  ""type"": ""Point""
}",-83.027732995,42.359079552
678,1360389,JAMES COUZENS,WYOMING,2018-04-24,24,4,2018,21,3,5,9,,4,0,Concrete,2,4,4,55,3,2,1,4,0,0,0,1,false,false,false,false,true,false,false,false,false,false,false,false,false,false,false,false,false,false,false,false,false,false,-83.15977,42.40562,"{
  ""coordinates"": [
    -8.315976446619619e+01,
    4.240561663573270e+01
  ],
  ""type"": ""Point""
}","{
  ""coordinates"": [
    -83.159764466,
    42.405616636
  ],
  ""type"": ""Point""
}",-83.159764466,42.405616636
679,1358453,E M 8,RAMP 139C,2018-04-24,24,4,2018,18,3,1,3,,1,1,Concrete,2,4,1,70,3,1,1,3,0,0,1,0,false,false,false,false,false,false,false,false,false,true,false,false,false,false,false,false,false,false,false,false,false,false,-83.14694,42.38547,"{
  ""coordinates"": [
    -8.314694032499700e+01,
    4.238546575149720e+01
  ],
  ""type"": ""Point""
}","{
  ""coordinates"": [
    -83.146940325,
    42.385465751
  ],
  ""type"": ""Point""
}",-83.1469403249999,42.385465751
680,1357709,8 MILE,VAN DYKE,2018-04-24,24,4,2018,8,3,8,3,,1,0,Asphalt,1,2,1,40,4,2,2,5,0,0,0,0,true,false,false,false,false,false,false,false,false,false,false,false,false,false,false,true,false,false,false,false,false,false,-83.02502,42.44815,"{
  ""coordinates"": [
    -8.302501953698859e+01,
    4.244815264935560e+01
  ],
  ""type"": ""Point""
}","{
  ""coordinates"": [
    -83.025019537,
    42.448152649
  ],
  ""type"": ""Point""
}",-83.0250195369999,42.4481526490001
681,1358454,W I 96 CD,E M 8,2018-04-24,24,4,2018,19,3,8,1,,1,0,Asphalt,2,4,1,70,3,2,1,5,0,0,0,0,true,false,false,false,true,false,false,false,false,false,false,false,false,false,false,false,false,false,false,false,false,false,-83.15087,42.38469,"{
  ""coordinates"": [
    -8.315087049062470e+01,
    4.238468846549960e+01
  ],
  ""type"": ""Point""
}","{
  ""coordinates"": [
    -83.150870491,
    42.384688465
  ],
  ""type"": ""Point""
}",-83.150870491,42.3846884650001
682,1357690,CHAPEL,MCNICHOLS,2018-04-24,24,4,2018,10,3,9,9,,,2,,1,1,1,25,1,2,3,4,0,0,0,3,false,false,false,false,true,false,false,true,false,false,false,false,false,false,false,false,false,false,false,false,false,false,-83.25377,42.41302,"{
  ""coordinates"": [
    -8.325377242000420e+01,
    4.241302429480230e+01
  ],
  ""type"": ""Point""
}","{
  ""coordinates"": [
    -83.25377242,
    42.413024295
  ],
  ""type"": ""Point""
}",-83.25377242,42.4130242950001
683,1357711,FENELON,LANTZ,2018-04-24,24,4,2018,18,3,4,9,,,0,,1,1,1,25,2,2,4,5,0,0,0,0,true,false,false,false,false,false,false,false,false,false,false,false,false,false,true,false,false,false,false,false,false,false,-83.05408,42.43824,"{
  ""coordinates"": [
    -8.305408831985770e+01,
    4.243824462288890e+01
  ],
  ""type"": ""Point""
}","{
  ""coordinates"": [
    -83.05408832,
    42.438244623
  ],
  ""type"": ""Point""
}",-83.0540883199999,42.4382446230001
684,1373893,W I 96 CD,RAMP 137C,2018-04-23,23,4,2018,2,2,5,1,,1,0,Asphalt,98,98,98,70,3,2,1,5,0,0,0,0,true,false,false,false,true,false,false,false,false,false,false,false,false,false,false,false,false,false,false,true,false,false,-83.16999,42.38528,"{
  ""coordinates"": [
    -8.316998905401481e+01,
    4.238528517738590e+01
  ],
  ""type"": ""Point""
}","{
  ""coordinates"": [
    -83.169989054,
    42.385285177
  ],
  ""type"": ""Point""
}",-83.169989054,42.3852851770001
685,1357697,EASTWOOD,BARLOW,2018-04-23,23,4,2018,21,2,3,9,,,0,,1,1,4,25,1,2,4,4,0,0,0,1,false,false,false,false,false,false,false,false,false,false,true,false,false,false,false,false,false,false,false,false,false,false,-82.99608,42.43286,"{
  ""coordinates"": [
    -8.299607507971839e+01,
    4.243285947331320e+01
  ],
  ""type"": ""Point""
}","{
  ""coordinates"": [
    -82.99607508,
    42.432859473
  ],
  ""type"": ""Point""
}",-82.99607508,42.4328594730001
686,1356914,FULLERTON,SCHAEFER,2018-04-23,23,4,2018,13,2,97,9,,4,0,Asphalt,1,1,1,35,4,2,2,5,0,0,0,0,true,false,false,false,false,false,false,false,false,false,false,false,false,true,false,true,false,false,false,false,false,false,-83.17834,42.38028,"{
  ""coordinates"": [
    -8.317834567570490e+01,
    4.238028296630120e+01
  ],
  ""type"": ""Point""
}","{
  ""coordinates"": [
    -83.178345676,
    42.380282966
  ],
  ""type"": ""Point""
}",-83.1783456759999,42.380282966
687,1356035,I-94,NOTTINGHAM,2018-04-23,23,4,2018,8,2,8,1,,1,0,Asphalt,1,1,1,55,3,2,1,5,0,0,0,0,true,false,false,false,true,false,false,false,false,false,false,false,false,false,false,false,false,false,false,false,false,false,-82.95336,42.40708,"{
  ""coordinates"": [
    -8.295335801213500e+01,
    4.240708011242910e+01
  ],
  ""type"": ""Point""
}","{
  ""coordinates"": [
    -82.953358012,
    42.407080112
  ],
  ""type"": ""Point""
}",-82.953358012,42.4070801120001
688,1428771,WARREN,STAHELIN,2018-04-23,23,4,2018,19,2,3,9,,2,0,Asphalt,1,1,1,30,4,2,3,4,0,0,0,1,false,false,false,false,true,false,false,false,false,false,false,false,false,false,false,false,false,false,false,false,false,false,-83.22428,42.34329,"{
  ""coordinates"": [
    -8.322427865285570e+01,
    4.234329292471890e+01
  ],
  ""type"": ""Point""
}","{
  ""coordinates"": [
    -83.224278653,
    42.343292925
  ],
  ""type"": ""Point""
}",-83.2242786529999,42.3432929250001
689,1428820,GREENFIELD,CHICAGO,2018-04-23,23,4,2018,0,2,4,9,,2,0,Asphalt,1,1,4,35,4,2,3,3,0,0,1,0,false,false,true,true,true,false,false,false,false,false,false,false,false,false,false,false,false,false,false,false,false,false,-83.19729,42.36536,"{
  ""coordinates"": [
    -8.319728581148340e+01,
    4.236536517259120e+01
  ],
  ""type"": ""Point""
}","{
  ""coordinates"": [
    -83.197285811,
    42.365365173
  ],
  ""type"": ""Point""
}",-83.197285811,42.365365173
690,1356940,8 MILE,GRAITOT,2018-04-23,23,4,2018,7,2,5,3,,1,0,Asphalt,1,1,1,40,3,2,4,4,0,0,0,3,false,false,true,false,true,false,false,false,false,false,false,true,false,false,false,false,false,false,false,false,false,false,-82.96831,42.44982,"{
  ""coordinates"": [
    -8.296830505182110e+01,
    4.244982158885340e+01
  ],
  ""type"": ""Point""
}","{
  ""coordinates"": [
    -82.968305052,
    42.449821589
  ],
  ""type"": ""Point""
}",-82.9683050519999,42.4498215890001
691,1428787,SOUTHFIELD SERVICE,PLYMOUTH,2018-04-23,23,4,2018,22,2,4,3,,1,0,Asphalt,1,1,4,35,6,2,1,5,0,0,0,0,true,false,true,true,true,false,false,false,false,false,false,false,false,false,false,false,false,false,false,false,false,false,-83.21677,42.37225,"{
  ""coordinates"": [
    -8.321676900685949e+01,
    4.237225501128690e+01
  ],
  ""type"": ""Point""
}","{
  ""coordinates"": [
    -83.216769007,
    42.372255011
  ],
  ""type"": ""Point""
}",-83.216769007,42.372255011
692,1360380,EDSEL FORD SERVICE,WABASH,2018-04-23,23,4,2018,16,2,1,9,,4,1,Asphalt,1,2,1,25,2,1,1,5,0,0,0,0,true,false,false,false,false,false,false,false,false,false,false,false,false,false,false,true,false,false,false,false,false,false,-83.08784,42.35331,"{
  ""coordinates"": [
    -8.308783456174540e+01,
    4.235331237719870e+01
  ],
  ""type"": ""Point""
}","{
  ""coordinates"": [
    -83.087834562,
    42.353312377
  ],
  ""type"": ""Point""
}",-83.087834562,42.3533123770001
693,1356936,SOUTHFIELD SERVICE DRIVE,CIRCLE,2018-04-23,23,4,2018,15,2,97,3,,5,0,Asphalt,1,1,1,30,2,3,5,5,0,0,0,0,true,false,true,true,false,false,false,false,false,false,false,false,false,false,false,true,false,false,false,false,false,false,-83.21928,42.44355,"{
  ""coordinates"": [
    -8.321927313580260e+01,
    4.244354758660000e+01
  ],
  ""type"": ""Point""
}","{
  ""coordinates"": [
    -83.219273136,
    42.443547587
  ],
  ""type"": ""Point""
}",-83.219273136,42.4435475870001
694,1357695,DUCHESS,MORANG,2018-04-23,23,4,2018,18,2,8,9,,,0,,1,1,1,25,1,2,2,4,0,0,0,1,false,false,false,false,true,false,false,true,false,false,false,false,false,false,false,false,false,false,false,false,false,false,-82.954,42.42796,"{
  ""coordinates"": [
    -8.295399998418210e+01,
    4.242796252430590e+01
  ],
  ""type"": ""Point""
}","{
  ""coordinates"": [
    -82.953999984,
    42.427962524
  ],
  ""type"": ""Point""
}",-82.9539999839999,42.4279625240001
695,1357664,N M 39,PLYMOUTH,2018-04-23,23,4,2018,18,2,5,3,,1,0,Asphalt,1,1,1,55,3,3,4,5,0,0,0,0,true,false,false,false,true,false,false,false,false,false,false,false,false,false,false,false,false,false,false,false,false,false,-83.21658,42.37202,"{
  ""coordinates"": [
    -8.321657530934490e+01,
    4.237202115111870e+01
  ],
  ""type"": ""Point""
}","{
  ""coordinates"": [
    -83.216575309,
    42.372021151
  ],
  ""type"": ""Point""
}",-83.2165753089999,42.3720211510001
696,1356928,JEFFERSON,HELEN,2018-04-23,23,4,2018,16,2,9,9,,4,0,Asphalt,1,1,1,35,2,2,2,4,0,0,0,1,false,false,false,false,false,false,false,false,false,false,false,false,false,false,false,true,false,false,false,true,false,false,-83.00314,42.3467,"{
  ""coordinates"": [
    -8.300313418246419e+01,
    4.234670426013290e+01
  ],
  ""type"": ""Point""
}","{
  ""coordinates"": [
    -83.003134182,
    42.34670426
  ],
  ""type"": ""Point""
}",-83.0031341819999,42.3467042600001
697,1359384,LAWTON,PURITAN,2018-04-23,23,4,2018,23,2,98,9,,,0,,1,1,5,,2,2,0,5,0,0,0,0,true,false,false,false,true,false,false,false,false,false,false,false,false,false,false,false,false,false,false,false,false,false,-83.12971,42.40988,"{
  ""coordinates"": [
    -8.312971532584370e+01,
    4.240987940723780e+01
  ],
  ""type"": ""Point""
}","{
  ""coordinates"": [
    -83.129715326,
    42.409879407
  ],
  ""type"": ""Point""
}",-83.1297153259999,42.4098794070001
698,1360390,WOODWARD,CHICAGO,2018-04-23,23,4,2018,11,2,5,3,,1,0,Asphalt,1,1,1,30,7,2,2,5,0,0,0,0,true,false,false,false,false,false,false,false,false,false,false,false,false,true,false,false,false,false,false,false,false,false,-83.0842,42.38647,"{
  ""coordinates"": [
    -8.308419962073870e+01,
    4.238647070138200e+01
  ],
  ""type"": ""Point""
}","{
  ""coordinates"": [
    -83.084199621,
    42.386470701
  ],
  ""type"": ""Point""
}",-83.084199621,42.3864707010001
699,1356931,VAN DYKE,SYLVESTER,2018-04-23,23,4,2018,1,2,5,9,,4,0,Asphalt,1,2,4,25,2,2,0,5,0,0,0,0,true,false,false,false,true,false,false,false,false,false,false,false,false,false,false,false,false,false,false,false,false,false,-83.00783,42.36935,"{
  ""coordinates"": [
    -8.300782477018630e+01,
    4.236935479086910e+01
  ],
  ""type"": ""Point""
}","{
  ""coordinates"": [
    -83.00782477,
    42.369354791
  ],
  ""type"": ""Point""
}",-83.00782477,42.369354791
700,1357681,VERNOR,JUNCTION,2018-04-23,23,4,2018,15,2,5,9,,4,0,Asphalt,1,1,1,25,4,2,1,5,0,0,0,0,true,false,false,false,false,false,false,false,false,true,false,false,false,false,false,false,false,false,false,false,false,false,-83.10281,42.31742,"{
  ""coordinates"": [
    -8.310281042196800e+01,
    4.231741682456470e+01
  ],
  ""type"": ""Point""
}","{
  ""coordinates"": [
    -83.102810422,
    42.317416825
  ],
  ""type"": ""Point""
}",-83.1028104219999,42.3174168250001
701,1428839,BURT,LYNDON,2018-04-23,23,4,2018,8,2,8,9,,4,0,Asphalt,1,1,1,25,2,2,2,5,0,0,0,0,true,false,false,false,true,false,false,false,false,false,false,false,false,false,false,false,false,false,false,false,false,false,-83.24683,42.39326,"{
  ""coordinates"": [
    -8.324682684411670e+01,
    4.239326667276930e+01
  ],
  ""type"": ""Point""
}","{
  ""coordinates"": [
    -83.246826844,
    42.393266673
  ],
  ""type"": ""Point""
}",-83.2468268439999,42.393266673
702,1356888,I75,I94,2018-04-23,23,4,2018,0,2,5,1,,1,0,Asphalt,1,1,1,70,2,2,2,5,0,0,0,0,true,false,false,false,false,false,false,false,false,false,false,false,false,false,true,false,false,false,false,false,false,false,-83.05965,42.37256,"{
  ""coordinates"": [
    -8.305965020763080e+01,
    4.237255928461460e+01
  ],
  ""type"": ""Point""
}","{
  ""coordinates"": [
    -83.059650208,
    42.372559285
  ],
  ""type"": ""Point""
}",-83.0596502079999,42.3725592850001
703,1356958,MCNICHOLS,LIVERNOIS,2018-04-23,23,4,2018,16,2,8,9,,4,0,Asphalt,1,1,1,30,5,2,1,5,0,0,0,0,true,false,false,false,false,false,false,false,false,false,false,true,false,false,false,false,false,false,false,false,false,false,-83.14018,42.41716,"{
  ""coordinates"": [
    -8.314017887745430e+01,
    4.241715613770410e+01
  ],
  ""type"": ""Point""
}","{
  ""coordinates"": [
    -83.140178877,
    42.417156138
  ],
  ""type"": ""Point""
}",-83.140178877,42.4171561380001
704,1356935,PURITAN,SUNDERLAND,2018-04-23,23,4,2018,12,2,2,9,,4,0,Asphalt,1,1,1,25,2,2,2,4,0,0,0,1,false,false,false,false,false,false,false,false,false,false,false,false,false,false,true,false,false,false,false,false,false,false,-83.22758,42.40813,"{
  ""coordinates"": [
    -8.322757599677971e+01,
    4.240812805867310e+01
  ],
  ""type"": ""Point""
}","{
  ""coordinates"": [
    -83.227575997,
    42.408128059
  ],
  ""type"": ""Point""
}",-83.227575997,42.408128059
705,1365786,WEBB,HAMILTON,2018-04-23,23,4,2018,10,2,8,9,,4,0,Asphalt,1,1,1,20,2,2,1,5,0,0,0,0,true,false,false,false,false,false,false,false,false,false,false,false,false,true,false,false,false,false,false,false,false,false,-83.098,42.38934,"{
  ""coordinates"": [
    -8.309799953468000e+01,
    4.238933540314630e+01
  ],
  ""type"": ""Point""
}","{
  ""coordinates"": [
    -83.097999535,
    42.389335403
  ],
  ""type"": ""Point""
}",-83.097999535,42.3893354030001
706,1356893,DAVISON,I-96,2018-04-23,23,4,2018,12,2,8,3,,1,0,Concrete,1,1,1,55,3,2,1,5,0,0,0,0,true,false,false,false,true,false,false,false,false,false,false,false,false,false,false,true,false,false,false,false,false,false,-83.14585,42.38639,"{
  ""coordinates"": [
    -8.314585263149260e+01,
    4.238639534871720e+01
  ],
  ""type"": ""Point""
}","{
  ""coordinates"": [
    -83.145852631,
    42.386395349
  ],
  ""type"": ""Point""
}",-83.145852631,42.3863953490001
707,1358460,M-39,JOY,2018-04-23,23,4,2018,3,2,5,3,,1,0,Asphalt,1,1,4,55,3,2,2,5,0,0,0,0,true,false,false,false,false,false,false,false,false,false,false,false,false,false,false,false,false,false,false,false,false,false,-83.21642,42.3584,"{
  ""coordinates"": [
    -8.321642229337650e+01,
    4.235840171214590e+01
  ],
  ""type"": ""Point""
}","{
  ""coordinates"": [
    -83.216422293,
    42.358401712
  ],
  ""type"": ""Point""
}",-83.2164222929999,42.358401712
708,1356780,N/B M-39,PEMBROKE,2018-04-23,23,4,2018,16,2,5,3,,1,0,Concrete,1,1,1,55,3,2,2,4,0,0,0,1,false,false,false,false,false,false,false,false,false,false,false,false,false,false,true,false,false,false,false,false,false,false,-83.2195,42.43641,"{
  ""coordinates"": [
    -8.321950041626550e+01,
    4.243640623230710e+01
  ],
  ""type"": ""Point""
}","{
  ""coordinates"": [
    -83.219500416,
    42.436406232
  ],
  ""type"": ""Point""
}",-83.219500416,42.436406232
709,1363570,FORT,DRAGOON,2018-04-23,23,4,2018,15,2,5,3,,1,0,Asphalt,1,1,1,30,5,2,2,5,0,0,0,0,true,false,false,false,false,false,false,false,false,false,false,false,false,false,false,false,false,false,false,false,false,false,-83.10217,42.30719,"{
  ""coordinates"": [
    -8.310216499039090e+01,
    4.230718568297930e+01
  ],
  ""type"": ""Point""
}","{
  ""coordinates"": [
    -83.10216499,
    42.307185683
  ],
  ""type"": ""Point""
}",-83.1021649899999,42.3071856830001