ObjectId,Crash ID,Primary Road,Intersecting Road,Crash Date,Day,Month,Year,Hour,Weekday,Crash Type Code,Highway Classification Code,Community Code,Jurisdiction Code,Lane Departure Type Code,Surface Type,Road Condition,Weather Condition,Lighting Condition,Speed Limit,Lanes,Units,Occupants,Most Severe Injury,Fatal Injuries,Suspected Serious Injuries,Suspected Minor Injuries,Possible Injuries,Property Damage Only,Secondary Crash,Traffic Control,Red Light Run,Hit and Run,Alcohol,Drugs,Unbelted Person,Work Zone,Speeding Driver,Distracted Driver,Driveway,Pedestrian,Elderly Driver,Young Driver,Commercial Vehicle,Emergency Vehicles,Train,School Bus,Motorcycle,Bicycle,Deer,Longitude,Latitude,geom,geog,x,y
765,1428901,FENKELL,LAUDER,2018-04-22,22,4,2018,14,1,5,9,,2,0,Asphalt,1,1,1,35,5,2,1,5,0,0,0,0,true,false,false,false,false,false,false,false,false,false,false,false,false,false,false,false,false,false,false,false,false,false,-83.19138,42.40174,"{
  ""coordinates"": [
    -8.319138045953849e+01,
    4.240174316177650e+01
  ],
  ""type"": ""Point""
}","{
  ""coordinates"": [
    -83.19138046,
    42.401743162
  ],
  ""type"": ""Point""
}",-83.1913804599999,42.4017431620001
766,1356768,M 39,6 MILE,2018-04-22,22,4,2018,20,1,8,3,,1,0,Concrete,98,98,4,,3,2,1,5,0,0,0,0,true,false,false,false,true,false,false,false,false,false,false,false,false,false,false,false,false,false,false,false,false,false,-83.21871,42.41528,"{
  ""coordinates"": [
    -8.321871432828451e+01,
    4.241528494447830e+01
  ],
  ""type"": ""Point""
}","{
  ""coordinates"": [
    -83.218714328,
    42.415284944
  ],
  ""type"": ""Point""
}",-83.218714328,42.4152849440001
767,1357678,I-75,WATERMAN,2018-04-22,22,4,2018,15,1,1,1,,1,1,Concrete,1,1,1,55,3,1,1,5,0,0,0,0,true,false,false,false,false,false,false,false,false,true,false,false,false,false,false,false,false,false,false,false,false,false,-83.11073,42.30473,"{
  ""coordinates"": [
    -8.311072729386630e+01,
    4.230472508346290e+01
  ],
  ""type"": ""Point""
}","{
  ""coordinates"": [
    -83.110727294,
    42.304725083
  ],
  ""type"": ""Point""
}",-83.110727294,42.3047250830001
768,1356937,GREENFIELD,CHICAGO,2018-04-22,22,4,2018,13,1,98,9,,2,0,Asphalt,1,1,4,,6,2,2,5,0,0,0,0,true,false,false,false,true,false,false,false,false,false,false,false,false,false,false,false,false,false,false,false,false,false,-83.19729,42.36536,"{
  ""coordinates"": [
    -8.319728581148340e+01,
    4.236536517259120e+01
  ],
  ""type"": ""Point""
}","{
  ""coordinates"": [
    -83.197285811,
    42.365365173
  ],
  ""type"": ""Point""
}",-83.197285811,42.365365173
769,1356955,GROVE,LOG CABIN,2018-04-22,22,4,2018,11,1,5,9,,,0,,1,1,1,15,1,2,2,4,0,0,0,2,false,false,false,false,true,false,false,false,false,false,false,false,false,false,false,false,false,false,false,false,false,false,-83.12189,42.41508,"{
  ""coordinates"": [
    -8.312188881656419e+01,
    4.241507940634060e+01
  ],
  ""type"": ""Point""
}","{
  ""coordinates"": [
    -83.121888817,
    42.415079406
  ],
  ""type"": ""Point""
}",-83.121888817,42.4150794060001
770,1357700,GRAND RIVER,MONICA,2018-04-22,22,4,2018,12,1,9,3,,1,2,Asphalt,1,1,1,45,5,2,1,5,0,0,0,0,true,false,false,false,false,false,false,false,false,false,false,false,false,false,false,false,false,false,false,false,false,false,-83.141,42.36955,"{
  ""coordinates"": [
    -8.314100001675880e+01,
    4.236954976344100e+01
  ],
  ""type"": ""Point""
}","{
  ""coordinates"": [
    -83.141000017,
    42.369549763
  ],
  ""type"": ""Point""
}",-83.141000017,42.3695497630001
771,1358483,FORT,WHEELOCK,2018-04-22,22,4,2018,23,1,8,3,,1,3,Asphalt,1,1,4,35,1,2,2,5,0,0,0,0,true,false,false,false,false,false,false,false,false,false,false,false,false,false,false,false,false,false,false,false,false,false,-83.11404,42.3022,"{
  ""coordinates"": [
    -8.311404639054540e+01,
    4.230220315292390e+01
  ],
  ""type"": ""Point""
}","{
  ""coordinates"": [
    -83.114046391,
    42.302203153
  ],
  ""type"": ""Point""
}",-83.114046391,42.3022031530001
772,1356916,LARKINS,MICHIGAN,2018-04-22,22,4,2018,14,1,10,9,,,0,,1,1,1,25,2,2,1,5,0,0,0,0,true,false,false,false,false,false,false,false,false,false,false,true,false,false,false,false,false,false,false,false,false,false,-83.13081,42.33169,"{
  ""coordinates"": [
    -8.313080261556320e+01,
    4.233169301797870e+01
  ],
  ""type"": ""Point""
}","{
  ""coordinates"": [
    -83.130802616,
    42.331693018
  ],
  ""type"": ""Point""
}",-83.130802616,42.3316930180001
773,1360391,BAGLEY,3RD,2018-04-22,22,4,2018,22,1,8,9,,4,0,Asphalt,1,1,4,35,1,2,1,5,0,0,0,0,true,false,false,false,false,false,false,false,false,false,false,false,false,false,false,false,false,false,false,false,false,false,-83.05823,42.33216,"{
  ""coordinates"": [
    -8.305822481522340e+01,
    4.233216030676600e+01
  ],
  ""type"": ""Point""
}","{
  ""coordinates"": [
    -83.058224815,
    42.332160307
  ],
  ""type"": ""Point""
}",-83.058224815,42.332160307
774,1356948,JOY,GRAND RIVER,2018-04-22,22,4,2018,11,1,8,3,,4,0,Asphalt,1,1,1,25,2,2,0,5,0,0,0,0,true,false,false,false,true,false,false,false,false,true,false,false,false,false,false,false,false,false,false,false,false,false,-83.1307,42.36518,"{
  ""coordinates"": [
    -8.313069732668620e+01,
    4.236517625192600e+01
  ],
  ""type"": ""Point""
}","{
  ""coordinates"": [
    -83.130697327,
    42.365176252
  ],
  ""type"": ""Point""
}",-83.130697327,42.365176252
775,1356042,I-94,LIVERNOIS,2018-04-22,22,4,2018,5,1,1,1,,1,1,Asphalt,1,1,4,55,3,1,1,3,0,0,1,0,false,false,false,false,false,false,false,false,false,true,false,false,false,false,false,false,false,false,false,false,false,false,-83.12395,42.33783,"{
  ""coordinates"": [
    -8.312394968695290e+01,
    4.233783477027370e+01
  ],
  ""type"": ""Point""
}","{
  ""coordinates"": [
    -83.123949687,
    42.33783477
  ],
  ""type"": ""Point""
}",-83.1239496869999,42.33783477
776,1360441,24671 GRAND RIVER,SALEM,2018-04-22,22,4,2018,17,1,5,3,,1,0,Asphalt,1,1,1,45,5,2,2,5,0,0,0,0,true,false,false,false,false,false,false,false,false,false,false,false,false,true,false,false,false,false,false,false,false,false,-83.28545,42.42747,"{
  ""coordinates"": [
    -8.328544901227031e+01,
    4.242747280431330e+01
  ],
  ""type"": ""Point""
}","{
  ""coordinates"": [
    -83.285449012,
    42.427472804
  ],
  ""type"": ""Point""
}",-83.285449012,42.427472804
777,1358459,W/B I-94,CONNER,2018-04-22,22,4,2018,11,1,8,1,,1,0,Asphalt,1,1,1,55,3,2,5,5,0,0,0,0,true,false,false,false,false,false,false,false,false,false,false,false,false,false,false,false,false,false,false,false,false,false,-82.98785,42.39658,"{
  ""coordinates"": [
    -8.298784608201851e+01,
    4.239657897327660e+01
  ],
  ""type"": ""Point""
}","{
  ""coordinates"": [
    -82.987846082,
    42.396578973
  ],
  ""type"": ""Point""
}",-82.987846082,42.396578973
778,1378601,FOREST,MCCLELLAN,2018-04-22,22,4,2018,23,1,97,9,,4,0,Asphalt,1,1,4,35,3,2,1,5,0,0,0,0,true,false,true,true,true,false,false,false,false,false,false,false,false,false,false,false,false,false,false,false,false,false,-82.99878,42.37876,"{
  ""coordinates"": [
    -8.299877992782680e+01,
    4.237875702528830e+01
  ],
  ""type"": ""Point""
}","{
  ""coordinates"": [
    -82.998779928,
    42.378757025
  ],
  ""type"": ""Point""
}",-82.998779928,42.378757025
779,1371351,W/B I-94,LONYO,2018-04-22,22,4,2018,1,1,5,1,,1,0,Asphalt,1,1,4,55,1,3,3,5,0,0,0,0,true,false,false,false,false,false,false,true,true,false,false,false,false,false,false,false,false,false,false,false,false,false,-83.14533,42.33139,"{
  ""coordinates"": [
    -8.314533410122260e+01,
    4.233138649482790e+01
  ],
  ""type"": ""Point""
}","{
  ""coordinates"": [
    -83.145334101,
    42.331386495
  ],
  ""type"": ""Point""
}",-83.1453341009999,42.3313864950001
780,1369739,EDWARD HINES DRIVE,WARREN,2018-04-22,22,4,2018,23,1,8,9,,2,0,Asphalt,1,1,5,40,2,2,1,5,0,0,0,0,true,false,false,false,true,false,false,false,false,false,false,false,false,false,false,false,false,false,false,false,false,false,-83.26318,42.34171,"{
  ""coordinates"": [
    -8.326318602426331e+01,
    4.234171378726130e+01
  ],
  ""type"": ""Point""
}","{
  ""coordinates"": [
    -83.263186024,
    42.341713787
  ],
  ""type"": ""Point""
}",-83.2631860239999,42.3417137870001
781,1365892,WASHBURNS,CHIPPEWA,2018-04-22,22,4,2018,1,1,1,9,,,0,,1,1,4,25,2,1,1,5,0,0,0,0,true,false,false,false,true,false,false,false,false,false,false,false,false,false,false,false,false,false,false,false,false,false,-83.16239,42.44095,"{
  ""coordinates"": [
    -8.316239247111440e+01,
    4.244094661748400e+01
  ],
  ""type"": ""Point""
}","{
  ""coordinates"": [
    -83.162392471,
    42.440946617
  ],
  ""type"": ""Point""
}",-83.162392471,42.4409466170001
782,1367871,8 MILE,RIOPELLE,2018-04-22,22,4,2018,5,1,98,3,,1,0,Asphalt,1,1,4,45,6,2,3,5,0,0,0,0,true,false,false,false,false,false,false,false,false,false,false,false,false,false,true,false,false,false,false,false,false,false,-83.08734,42.44693,"{
  ""coordinates"": [
    -8.308734211174810e+01,
    4.244693182686770e+01
  ],
  ""type"": ""Point""
}","{
  ""coordinates"": [
    -83.087342112,
    42.446931827
  ],
  ""type"": ""Point""
}",-83.087342112,42.4469318270001
783,1365758,MONROE,CHRYSLER SERVICE,2018-04-22,22,4,2018,2,1,5,,,4,0,Concrete,1,1,4,25,2,2,4,4,0,0,0,1,false,false,false,false,false,false,false,false,false,false,false,false,false,false,false,false,false,false,false,false,false,false,-83.03893,42.33648,"{
  ""coordinates"": [
    -8.303892994066030e+01,
    4.233647855297990e+01
  ],
  ""type"": ""Point""
}","{
  ""coordinates"": [
    -83.038929941,
    42.336478553
  ],
  ""type"": ""Point""
}",-83.0389299409999,42.3364785530001
784,1356946,MCKINSTRY,CHRISTIANCY,2018-04-22,22,4,2018,21,1,98,9,,,0,,1,98,4,15,1,2,0,5,0,0,0,0,true,false,false,false,true,false,false,false,false,false,false,false,false,false,false,false,false,false,false,false,false,false,-83.09534,42.31718,"{
  ""coordinates"": [
    -8.309533525335570e+01,
    4.231718186204890e+01
  ],
  ""type"": ""Point""
}","{
  ""coordinates"": [
    -83.095335253,
    42.317181862
  ],
  ""type"": ""Point""
}",-83.095335253,42.317181862
785,1362075,I-94,LIVERNOIS,2018-04-22,22,4,2018,2,1,5,1,,1,0,Asphalt,1,1,4,55,3,2,6,5,0,0,0,0,true,false,false,false,false,false,false,false,false,false,false,false,false,false,false,false,false,false,false,false,false,false,-83.12066,42.3392,"{
  ""coordinates"": [
    -8.312065856588740e+01,
    4.233919868102930e+01
  ],
  ""type"": ""Point""
}","{
  ""coordinates"": [
    -83.120658566,
    42.339198681
  ],
  ""type"": ""Point""
}",-83.120658566,42.339198681
786,1357666,W I 94,RAMP 220H,2018-04-22,22,4,2018,13,1,1,1,,1,1,Asphalt,1,1,1,55,3,1,1,3,0,0,1,0,false,false,false,false,false,false,false,false,false,true,false,false,false,false,false,false,false,false,false,false,false,false,-82.99123,42.3941,"{
  ""coordinates"": [
    -8.299122320451090e+01,
    4.239410300527890e+01
  ],
  ""type"": ""Point""
}","{
  ""coordinates"": [
    -82.991223205,
    42.394103005
  ],
  ""type"": ""Point""
}",-82.991223205,42.394103005
787,1356947,WOODSIDE,GRANDRIVER,2018-04-22,22,4,2018,19,1,8,3,,,0,,1,1,3,25,1,2,1,5,0,0,0,0,true,false,false,false,true,false,false,true,false,false,false,false,false,false,false,false,false,false,false,false,false,false,-83.13763,42.36847,"{
  ""coordinates"": [
    -8.313763560896901e+01,
    4.236846434984790e+01
  ],
  ""type"": ""Point""
}","{
  ""coordinates"": [
    -83.137635609,
    42.36846435
  ],
  ""type"": ""Point""
}",-83.137635609,42.3684643500001
788,1356929,GRATIOT,HARPER,2018-04-22,22,4,2018,15,1,8,3,,1,0,Asphalt,1,1,1,35,7,2,2,5,0,0,0,0,true,false,false,false,false,false,false,false,true,false,false,false,false,false,false,false,false,false,false,false,false,false,-83.00503,42.39344,"{
  ""coordinates"": [
    -8.300503012157830e+01,
    4.239343613724150e+01
  ],
  ""type"": ""Point""
}","{
  ""coordinates"": [
    -83.005030122,
    42.393436137
  ],
  ""type"": ""Point""
}",-83.0050301219999,42.393436137
789,1356056,SCHOENHERR,STATE FAIR,2018-04-22,22,4,2018,19,1,4,9,,4,0,Asphalt,1,1,1,30,3,2,2,2,0,1,0,0,false,false,false,false,false,false,false,false,false,false,false,false,false,true,false,false,false,false,false,false,false,false,-82.9854,42.44188,"{
  ""coordinates"": [
    -8.298539515940170e+01,
    4.244187603847390e+01
  ],
  ""type"": ""Point""
}","{
  ""coordinates"": [
    -82.985395159,
    42.441876038
  ],
  ""type"": ""Point""
}",-82.9853951589999,42.441876038
790,1361361,WOODWARD,GRAND RIVER,2018-04-22,22,4,2018,1,1,1,9,,4,0,Concrete,1,1,4,35,4,2,0,5,0,0,0,0,true,false,false,false,false,false,false,false,false,false,false,false,false,false,false,false,false,true,false,false,false,false,-83.04893,42.33433,"{
  ""coordinates"": [
    -8.304893704012240e+01,
    4.233433155046040e+01
  ],
  ""type"": ""Point""
}","{
  ""coordinates"": [
    -83.04893704,
    42.33433155
  ],
  ""type"": ""Point""
}",-83.0489370399999,42.3343315500001
791,1356048,8 MILE,LAHSER,2018-04-22,22,4,2018,3,1,2,3,,1,2,Asphalt,1,1,4,45,4,2,3,5,0,0,0,0,true,false,false,false,false,false,false,false,false,false,false,false,false,false,false,false,false,false,false,false,false,false,-83.25671,42.44329,"{
  ""coordinates"": [
    -8.325671362384951e+01,
    4.244329048263760e+01
  ],
  ""type"": ""Point""
}","{
  ""coordinates"": [
    -83.256713624,
    42.443290483
  ],
  ""type"": ""Point""
}",-83.256713624,42.4432904830001
792,1358484,LIVERNOIS,RANSPACH,2018-04-22,22,4,2018,23,1,1,9,,4,0,Asphalt,1,1,4,35,5,1,2,5,0,0,0,0,true,false,false,false,false,false,false,false,false,true,false,false,false,false,true,false,false,false,false,false,false,false,-83.11436,42.32288,"{
  ""coordinates"": [
    -8.311436005558470e+01,
    4.232288447784050e+01
  ],
  ""type"": ""Point""
}","{
  ""coordinates"": [
    -83.114360056,
    42.322884478
  ],
  ""type"": ""Point""
}",-83.114360056,42.322884478
793,1356050,GRATIOT,MOUNT ELLIOTT,2018-04-22,22,4,2018,14,1,1,3,,1,0,Asphalt,1,1,1,35,7,2,2,3,0,0,1,0,false,false,false,false,false,false,false,false,false,false,false,false,false,true,false,false,false,false,false,false,true,false,-83.02403,42.36472,"{
  ""coordinates"": [
    -8.302403566952430e+01,
    4.236472391466800e+01
  ],
  ""type"": ""Point""
}","{
  ""coordinates"": [
    -83.02403567,
    42.364723915
  ],
  ""type"": ""Point""
}",-83.02403567,42.3647239150001
794,1356049,CHENE,GRATIOT,2018-04-22,22,4,2018,16,1,4,3,,4,0,Asphalt,1,1,1,,2,2,3,4,0,0,0,1,false,false,false,false,false,false,false,false,false,false,false,true,false,false,false,false,false,false,false,false,false,false,-83.03207,42.35254,"{
  ""coordinates"": [
    -8.303207677461690e+01,
    4.235254115812700e+01
  ],
  ""type"": ""Point""
}","{
  ""coordinates"": [
    -83.032076775,
    42.352541158
  ],
  ""type"": ""Point""
}",-83.032076775,42.3525411580001
795,1355275,MCNICHOLS,MEYERS,2018-04-21,21,4,2018,2,7,4,9,,2,0,Asphalt,1,1,4,35,4,2,3,4,0,0,0,1,false,false,true,true,false,false,false,false,false,false,false,false,false,false,false,false,false,false,false,false,false,false,-83.17031,42.41666,"{
  ""coordinates"": [
    -8.317030840869199e+01,
    4.241665479224710e+01
  ],
  ""type"": ""Point""
}","{
  ""coordinates"": [
    -83.170308409,
    42.416654792
  ],
  ""type"": ""Point""
}",-83.170308409,42.416654792
796,1355182,GRAND RIVER,PLYMOUTH,2018-04-21,21,4,2018,16,7,8,3,,1,0,Asphalt,1,1,1,35,5,2,1,5,0,0,0,0,true,false,false,false,true,false,false,false,false,false,false,false,false,false,false,false,false,false,false,false,false,false,-83.15117,42.37365,"{
  ""coordinates"": [
    -8.315116674449220e+01,
    4.237364532330000e+01
  ],
  ""type"": ""Point""
}","{
  ""coordinates"": [
    -83.151166744,
    42.373645323
  ],
  ""type"": ""Point""
}",-83.151166744,42.3736453230001
797,1362787,LONGACRE,ORANGELAWN,2018-04-21,21,4,2018,20,7,10,9,,,0,,1,1,1,25,2,2,2,5,0,0,0,0,true,false,false,false,false,false,false,false,false,false,false,true,false,false,false,false,false,false,false,false,false,false,-83.21432,42.3681,"{
  ""coordinates"": [
    -8.321432668773180e+01,
    4.236810241010030e+01
  ],
  ""type"": ""Point""
}","{
  ""coordinates"": [
    -83.214326688,
    42.36810241
  ],
  ""type"": ""Point""
}",-83.214326688,42.3681024100001
798,1358487,N I 75 SERVICE DRIVE,SPRINGWELLS,2018-04-21,21,4,2018,23,7,5,1,,4,0,Asphalt,1,1,4,35,2,2,1,5,0,0,0,0,true,false,false,false,true,false,false,false,false,false,false,false,false,false,false,false,false,false,false,false,false,false,-83.11906,42.3009,"{
  ""coordinates"": [
    -8.311906072776161e+01,
    4.230090382122170e+01
  ],
  ""type"": ""Point""
}","{
  ""coordinates"": [
    -83.119060728,
    42.300903821
  ],
  ""type"": ""Point""
}",-83.119060728,42.3009038210001
799,1356051,8 MILE,N M 39,2018-04-21,21,4,2018,10,7,4,3,,1,0,Concrete,1,2,1,35,7,2,3,4,0,0,0,4,false,false,true,true,false,false,false,false,false,false,false,false,false,false,false,false,false,false,false,false,false,false,-83.21971,42.44418,"{
  ""coordinates"": [
    -8.321971218475720e+01,
    4.244417398489010e+01
  ],
  ""type"": ""Point""
}","{
  ""coordinates"": [
    -83.219712185,
    42.444173985
  ],
  ""type"": ""Point""
}",-83.2197121849999,42.4441739850001
800,1356047,MICHIGAN,25TH,2018-04-21,21,4,2018,10,7,8,2,,1,0,Concrete,1,1,1,30,8,2,2,5,0,0,0,0,true,false,false,false,false,false,false,false,false,false,false,false,false,true,false,false,false,false,false,false,false,false,-83.09308,42.33142,"{
  ""coordinates"": [
    -8.309308086893731e+01,
    4.233142300867110e+01
  ],
  ""type"": ""Point""
}","{
  ""coordinates"": [
    -83.093080869,
    42.331423009
  ],
  ""type"": ""Point""
}",-83.0930808689999,42.331423009
801,1356034,S/B M-39,PLYMOUTH,2018-04-21,21,4,2018,14,7,5,3,,1,0,Asphalt,1,2,1,55,3,3,7,5,0,0,0,0,true,false,false,false,false,false,false,false,false,false,false,false,false,false,false,false,false,false,false,false,false,false,-83.21671,42.3708,"{
  ""coordinates"": [
    -8.321670434590190e+01,
    4.237080116214490e+01
  ],
  ""type"": ""Point""
}","{
  ""coordinates"": [
    -83.216704346,
    42.370801162
  ],
  ""type"": ""Point""
}",-83.216704346,42.3708011620001
802,1355210,N M 39 SERVICE DRIVE,CATHEDRAL,2018-04-21,21,4,2018,21,7,8,9,,4,0,Asphalt,1,1,4,,2,2,3,5,0,0,0,0,true,false,false,false,true,false,false,false,false,false,false,false,false,false,false,false,false,false,false,false,false,false,-83.216,42.36143,"{
  ""coordinates"": [
    -8.321600488883590e+01,
    4.236142771213090e+01
  ],
  ""type"": ""Point""
}","{
  ""coordinates"": [
    -83.216004889,
    42.361427712
  ],
  ""type"": ""Point""
}",-83.216004889,42.3614277120001
803,1356046,CHICAGO,SECOND,2018-04-21,21,4,2018,12,7,6,9,,4,0,Asphalt,1,1,1,,2,2,6,4,0,0,0,3,false,false,false,false,false,false,false,false,false,false,false,false,false,true,false,false,false,false,false,false,false,false,-83.08736,42.38511,"{
  ""coordinates"": [
    -8.308735789633791e+01,
    4.238511233386720e+01
  ],
  ""type"": ""Point""
}","{
  ""coordinates"": [
    -83.087357896,
    42.385112334
  ],
  ""type"": ""Point""
}",-83.087357896,42.385112334
804,1355213,CHALFONTE,ROCKDALE,2018-04-21,21,4,2018,23,7,4,9,,,0,,1,1,4,25,1,2,2,5,0,0,0,0,true,false,true,false,true,false,false,false,false,false,false,false,false,false,true,false,false,false,false,false,false,false,-83.258,42.39759,"{
  ""coordinates"": [
    -8.325799774275640e+01,
    4.239759476924650e+01
  ],
  ""type"": ""Point""
}","{
  ""coordinates"": [
    -83.257997743,
    42.397594769
  ],
  ""type"": ""Point""
}",-83.257997743,42.3975947690001
805,1355191,JAMES COUZENS,OUTER,2018-04-21,21,4,2018,17,7,4,9,,4,0,Asphalt,1,1,1,,2,2,3,5,0,0,0,0,true,false,true,true,false,false,false,false,false,false,false,false,false,false,false,false,false,false,false,false,false,false,-83.1765,42.42091,"{
  ""coordinates"": [
    -8.317650207329380e+01,
    4.242091233187660e+01
  ],
  ""type"": ""Point""
}","{
  ""coordinates"": [
    -83.176502073,
    42.420912332
  ],
  ""type"": ""Point""
}",-83.1765020729999,42.4209123320001
806,1355185,FENKELL,PREST,2018-04-21,21,4,2018,4,7,97,9,,2,0,Asphalt,1,1,4,35,4,2,2,5,0,0,0,0,true,true,false,false,true,false,false,true,false,false,false,false,false,false,false,false,true,false,false,false,false,false,-83.19747,42.40155,"{
  ""coordinates"": [
    -8.319747249355299e+01,
    4.240154712316150e+01
  ],
  ""type"": ""Point""
}","{
  ""coordinates"": [
    -83.197472494,
    42.401547123
  ],
  ""type"": ""Point""
}",-83.197472494,42.4015471230001
807,1356957,LIVERNOIS,THATCHER,2018-04-21,21,4,2018,22,7,8,9,,4,0,Asphalt,1,1,4,30,2,2,1,5,0,0,0,0,true,false,false,false,true,false,false,false,false,false,false,false,false,true,false,false,false,false,false,false,false,false,-83.14095,42.42239,"{
  ""coordinates"": [
    -8.314094597690780e+01,
    4.242239113110380e+01
  ],
  ""type"": ""Point""
}","{
  ""coordinates"": [
    -83.140945977,
    42.422391131
  ],
  ""type"": ""Point""
}",-83.1409459769999,42.422391131
808,1362113,N I 75,8 MILE,2018-04-21,21,4,2018,15,7,4,1,,1,0,Asphalt,1,1,1,30,3,2,4,2,0,1,1,1,false,false,true,true,false,false,false,false,false,false,false,false,false,true,false,false,false,false,false,false,false,false,-83.0947,42.44682,"{
  ""coordinates"": [
    -8.309469475781290e+01,
    4.244681611022550e+01
  ],
  ""type"": ""Point""
}","{
  ""coordinates"": [
    -83.094694758,
    42.44681611
  ],
  ""type"": ""Point""
}",-83.0946947579999,42.44681611
809,1356055,TELEGRAPH,7 MILE,2018-04-21,21,4,2018,4,7,4,2,,1,0,Asphalt,1,1,4,45,4,2,3,4,0,0,0,1,false,false,false,false,false,false,false,false,false,false,false,false,false,false,false,false,false,false,false,false,false,false,-83.27749,42.4273,"{
  ""coordinates"": [
    -8.327749143340020e+01,
    4.242730411638980e+01
  ],
  ""type"": ""Point""
}","{
  ""coordinates"": [
    -83.277491433,
    42.427304116
  ],
  ""type"": ""Point""
}",-83.277491433,42.4273041160001
810,1356017,I-94,CHALMERS,2018-04-21,21,4,2018,6,7,8,1,,1,0,Asphalt,1,2,2,55,3,2,2,3,0,0,1,0,false,false,false,false,false,false,false,false,false,true,false,false,false,false,false,false,false,false,false,false,false,false,-82.96882,42.40249,"{
  ""coordinates"": [
    -8.296881954834970e+01,
    4.240248680145400e+01
  ],
  ""type"": ""Point""
}","{
  ""coordinates"": [
    -82.968819548,
    42.402486801
  ],
  ""type"": ""Point""
}",-82.9688195479999,42.4024868010001
811,1355250,7 MILE,FERGUSON,2018-04-21,21,4,2018,18,7,5,9,,2,0,Asphalt,1,1,1,35,4,2,2,5,0,0,0,0,true,false,false,false,true,false,false,false,false,false,false,false,false,false,true,false,false,false,false,false,false,false,-83.21036,42.43026,"{
  ""coordinates"": [
    -8.321035545180200e+01,
    4.243026137285240e+01
  ],
  ""type"": ""Point""
}","{
  ""coordinates"": [
    -83.210355452,
    42.430261373
  ],
  ""type"": ""Point""
}",-83.210355452,42.4302613730001
812,1362803,CHRYSLER SERVICE,8 MILE,2018-04-21,21,4,2018,14,7,97,1,,1,0,Asphalt,1,1,1,35,3,2,2,5,0,0,0,0,true,false,false,false,false,false,false,false,false,false,false,false,false,false,false,false,false,false,false,false,false,false,-83.09492,42.4468,"{
  ""coordinates"": [
    -8.309492800962811e+01,
    4.244679871143500e+01
  ],
  ""type"": ""Point""
}","{
  ""coordinates"": [
    -83.09492801,
    42.446798711
  ],
  ""type"": ""Point""
}",-83.09492801,42.446798711
813,1355186,MACKENZIE,INDIANA,2018-04-21,21,4,2018,21,7,97,9,,,0,,1,1,4,25,2,3,4,5,0,0,0,0,true,false,false,false,false,false,false,false,false,false,true,false,false,false,true,false,false,false,false,false,false,false,-83.15545,42.35661,"{
  ""coordinates"": [
    -8.315544977699140e+01,
    4.235660455783610e+01
  ],
  ""type"": ""Point""
}","{
  ""coordinates"": [
    -83.155449777,
    42.356604558
  ],
  ""type"": ""Point""
}",-83.1554497769999,42.3566045580001
814,1355217,8 MILE,CIRCLE,2018-04-21,21,4,2018,14,7,9,3,,1,0,Asphalt,1,1,1,35,2,2,1,5,0,0,0,0,true,false,false,false,true,false,false,false,false,false,false,false,false,false,false,false,false,false,false,false,false,false,-83.2176,42.44423,"{
  ""coordinates"": [
    -8.321760009063220e+01,
    4.244422615492070e+01
  ],
  ""type"": ""Point""
}","{
  ""coordinates"": [
    -83.217600091,
    42.444226155
  ],
  ""type"": ""Point""
}",-83.217600091,42.4442261550001
815,1356920,E I 94 SERVICE DRIVE,RAMP 220A,2018-04-21,21,4,2018,0,7,8,1,,4,0,Asphalt,1,1,4,25,3,2,3,5,0,0,0,0,true,false,false,false,false,false,false,false,false,false,false,false,false,true,false,false,false,false,false,false,false,false,-82.99666,42.39183,"{
  ""coordinates"": [
    -8.299666180310170e+01,
    4.239183413620230e+01
  ],
  ""type"": ""Point""
}","{
  ""coordinates"": [
    -82.996661803,
    42.391834136
  ],
  ""type"": ""Point""
}",-82.9966618029999,42.3918341360001
816,1358456,RAMP139F,DAVISON,2018-04-21,21,4,2018,1,7,1,3,,1,1,Concrete,1,1,4,55,3,1,1,1,1,0,0,0,false,false,false,false,false,true,false,false,false,true,false,false,false,false,false,false,false,false,false,false,false,false,-83.14656,42.38581,"{
  ""coordinates"": [
    -8.314655915604210e+01,
    4.238581490238180e+01
  ],
  ""type"": ""Point""
}","{
  ""coordinates"": [
    -83.146559156,
    42.385814902
  ],
  ""type"": ""Point""
}",-83.146559156,42.385814902
817,1356058,EVERGREEN,7 MILE,2018-04-21,21,4,2018,20,7,97,9,,4,0,Asphalt,1,1,1,30,5,2,1,2,0,1,0,0,false,false,false,false,true,false,false,false,false,false,false,false,true,false,true,false,false,false,false,false,false,false,-83.23887,42.42971,"{
  ""coordinates"": [
    -8.323887185324750e+01,
    4.242970645012790e+01
  ],
  ""type"": ""Point""
}","{
  ""coordinates"": [
    -83.238871853,
    42.42970645
  ],
  ""type"": ""Point""
}",-83.238871853,42.42970645
818,1355158,W/B I 94,I 75,2018-04-21,21,4,2018,9,7,8,1,,1,0,Concrete,1,2,1,55,2,2,4,5,0,0,0,0,true,false,false,false,false,false,false,false,true,false,false,false,false,false,false,false,false,false,false,false,false,false,-83.05362,42.37159,"{
  ""coordinates"": [
    -8.305361923747490e+01,
    4.237159232333140e+01
  ],
  ""type"": ""Point""
}","{
  ""coordinates"": [
    -83.053619237,
    42.371592323
  ],
  ""type"": ""Point""
}",-83.053619237,42.3715923230001