ObjectId,Crash ID,Primary Road,Intersecting Road,Crash Date,Day,Month,Year,Hour,Weekday,Crash Type Code,Highway Classification Code,Community Code,Jurisdiction Code,Lane Departure Type Code,Surface Type,Road Condition,Weather Condition,Lighting Condition,Speed Limit,Lanes,Units,Occupants,Most Severe Injury,Fatal Injuries,Suspected Serious Injuries,Suspected Minor Injuries,Possible Injuries,Property Damage Only,Secondary Crash,Traffic Control,Red Light Run,Hit and Run,Alcohol,Drugs,Unbelted Person,Work Zone,Speeding Driver,Distracted Driver,Driveway,Pedestrian,Elderly Driver,Young Driver,Commercial Vehicle,Emergency Vehicles,Train,School Bus,Motorcycle,Bicycle,Deer,Longitude,Latitude,geom,geog,x,y
819,1355202,VERNOR,CAMPBELL,2018-04-21,21,4,2018,15,7,4,9,,4,0,Asphalt,1,2,1,25,2,2,2,4,0,0,0,2,false,false,false,false,false,false,false,false,false,false,false,false,false,false,false,false,false,false,false,false,false,false,-83.10381,42.31701,"{
  ""coordinates"": [
    -8.310380296857591e+01,
    4.231700923071420e+01
  ],
  ""type"": ""Point""
}","{
  ""coordinates"": [
    -83.103802969,
    42.317009231
  ],
  ""type"": ""Point""
}",-83.103802969,42.317009231
820,1355155,W I 94,RAMP 213N,2018-04-21,21,4,2018,15,7,5,1,,1,0,Asphalt,1,2,1,55,3,2,2,4,0,0,0,1,false,false,false,false,false,false,false,false,false,true,false,false,false,false,false,true,false,false,false,false,false,false,-83.10435,42.34859,"{
  ""coordinates"": [
    -8.310434497881189e+01,
    4.234858583662450e+01
  ],
  ""type"": ""Point""
}","{
  ""coordinates"": [
    -83.104344979,
    42.348585837
  ],
  ""type"": ""Point""
}",-83.104344979,42.348585837
821,1355184,FENKELL,PREST,2018-04-21,21,4,2018,3,7,1,9,,2,1,Asphalt,1,1,4,35,4,1,2,5,0,0,0,0,true,false,false,false,false,false,false,false,false,false,false,false,false,false,false,false,false,false,false,false,false,false,-83.19747,42.40155,"{
  ""coordinates"": [
    -8.319747249355299e+01,
    4.240154712316150e+01
  ],
  ""type"": ""Point""
}","{
  ""coordinates"": [
    -83.197472494,
    42.401547123
  ],
  ""type"": ""Point""
}",-83.197472494,42.4015471230001
822,1355221,ORLEANS,ADELAIDE,2018-04-21,21,4,2018,15,7,4,9,,4,0,Asphalt,1,1,1,25,2,2,2,5,0,0,0,0,true,false,false,false,false,false,false,false,false,false,false,false,false,false,true,false,false,false,false,false,false,false,-83.03752,42.34772,"{
  ""coordinates"": [
    -8.303752107982839e+01,
    4.234771946400200e+01
  ],
  ""type"": ""Point""
}","{
  ""coordinates"": [
    -83.03752108,
    42.347719464
  ],
  ""type"": ""Point""
}",-83.03752108,42.3477194640001
823,1355198,ETHEL,MELVIN,2018-04-21,21,4,2018,10,7,4,9,,,0,,1,1,1,5,3,2,1,5,0,0,0,0,true,false,true,false,true,false,false,false,false,false,false,false,false,false,true,false,false,false,false,false,false,false,-83.14787,42.2731,"{
  ""coordinates"": [
    -8.314786547492891e+01,
    4.227309985167120e+01
  ],
  ""type"": ""Point""
}","{
  ""coordinates"": [
    -83.147865475,
    42.273099852
  ],
  ""type"": ""Point""
}",-83.1478654749999,42.273099852
824,1355272,OUTER,M-10 SERVICE,2018-04-21,21,4,2018,3,7,4,9,,2,0,Asphalt,1,1,4,30,5,2,2,5,0,0,0,0,true,false,false,false,false,false,false,false,false,false,false,false,false,false,false,false,false,false,false,false,false,false,-83.17612,42.42114,"{
  ""coordinates"": [
    -8.317611615006140e+01,
    4.242114374218610e+01
  ],
  ""type"": ""Point""
}","{
  ""coordinates"": [
    -83.17611615,
    42.421143742
  ],
  ""type"": ""Point""
}",-83.17611615,42.421143742
825,1355269,SOBIESKI,JUSTINE,2018-04-21,21,4,2018,10,7,5,9,,,0,,1,1,1,10,1,3,1,5,0,0,0,0,true,false,false,false,false,false,false,true,false,false,false,false,false,false,false,false,false,false,false,false,false,false,-83.05528,42.4101,"{
  ""coordinates"": [
    -8.305528568275420e+01,
    4.241010245484810e+01
  ],
  ""type"": ""Point""
}","{
  ""coordinates"": [
    -83.055285683,
    42.410102455
  ],
  ""type"": ""Point""
}",-83.055285683,42.4101024550001
826,1355259,7 MILE,OUTER,2018-04-21,21,4,2018,17,7,3,9,,2,0,Asphalt,1,1,1,30,3,2,3,4,0,0,0,2,false,false,false,false,false,false,false,true,false,false,false,false,false,false,false,false,false,false,false,false,false,false,-83.17521,42.43118,"{
  ""coordinates"": [
    -8.317520612058721e+01,
    4.243117475587160e+01
  ],
  ""type"": ""Point""
}","{
  ""coordinates"": [
    -83.175206121,
    42.431174756
  ],
  ""type"": ""Point""
}",-83.175206121,42.4311747560001
827,1410544,RAMP 214A,W I 94,2018-04-21,21,4,2018,22,7,5,1,,1,0,Asphalt,1,1,4,55,1,2,1,5,0,0,0,0,true,false,false,false,true,false,false,true,false,false,false,false,false,false,false,true,false,false,false,false,false,false,-83.09092,42.35292,"{
  ""coordinates"": [
    -8.309091766213400e+01,
    4.235291795611470e+01
  ],
  ""type"": ""Point""
}","{
  ""coordinates"": [
    -83.090917662,
    42.352917956
  ],
  ""type"": ""Point""
}",-83.090917662,42.3529179560001
828,1400797,S M 39,RAMP 011D,2018-04-21,21,4,2018,22,7,8,3,,1,0,Concrete,1,1,4,55,3,2,3,4,0,0,0,1,false,false,false,false,false,false,false,false,false,false,false,false,false,false,true,false,false,false,false,false,false,false,-83.21931,42.42855,"{
  ""coordinates"": [
    -8.321931765688760e+01,
    4.242855118953500e+01
  ],
  ""type"": ""Point""
}","{
  ""coordinates"": [
    -83.219317657,
    42.42855119
  ],
  ""type"": ""Point""
}",-83.219317657,42.4285511900001
829,1355220,I 94,MT ELLIOTT,2018-04-21,21,4,2018,10,7,5,1,,1,0,Asphalt,1,1,1,55,3,2,1,5,0,0,0,0,true,false,false,false,true,false,false,false,false,false,false,false,false,true,false,false,false,false,false,false,false,false,-83.03234,42.38041,"{
  ""coordinates"": [
    -8.303233920602790e+01,
    4.238041026542990e+01
  ],
  ""type"": ""Point""
}","{
  ""coordinates"": [
    -83.032339206,
    42.380410265
  ],
  ""type"": ""Point""
}",-83.032339206,42.3804102650001
830,1361382,MCDOUGALL,GRAND,2018-04-21,21,4,2018,5,7,1,9,,4,0,Asphalt,1,2,4,30,2,1,1,5,0,0,0,0,true,false,false,false,false,false,false,false,false,false,false,false,false,false,false,false,false,false,false,false,false,false,-83.03985,42.37373,"{
  ""coordinates"": [
    -8.303985022559500e+01,
    4.237373047986210e+01
  ],
  ""type"": ""Point""
}","{
  ""coordinates"": [
    -83.039850226,
    42.37373048
  ],
  ""type"": ""Point""
}",-83.0398502259999,42.3737304800001
831,1355199,LIVERNOIS,MORSE,2018-04-21,21,4,2018,12,7,8,9,,4,0,Asphalt,1,1,1,35,5,3,1,4,0,0,0,1,false,false,false,false,false,false,false,false,false,false,false,false,false,false,false,false,false,false,false,false,false,false,-83.12224,42.33371,"{
  ""coordinates"": [
    -8.312223483249571e+01,
    4.233371504536080e+01
  ],
  ""type"": ""Point""
}","{
  ""coordinates"": [
    -83.122234832,
    42.333715045
  ],
  ""type"": ""Point""
}",-83.1222348319999,42.3337150450001
832,1355154,RAMP 043B,N I 75 SERVICE DRIVE,2018-04-21,21,4,2018,15,7,8,1,,1,0,Asphalt,1,1,1,25,1,2,2,5,0,0,0,0,true,false,false,false,false,false,false,false,false,false,false,false,false,false,false,false,false,false,false,false,false,false,-83.04823,42.35233,"{
  ""coordinates"": [
    -8.304822424158230e+01,
    4.235232887046500e+01
  ],
  ""type"": ""Point""
}","{
  ""coordinates"": [
    -83.048224242,
    42.35232887
  ],
  ""type"": ""Point""
}",-83.0482242419999,42.3523288700001
833,1428786,JOY,MARLOWE,2018-04-21,21,4,2018,1,7,5,9,,4,0,Asphalt,1,1,2,25,2,2,4,4,0,0,0,3,false,false,false,false,false,false,false,false,false,false,false,false,false,false,false,false,false,false,false,false,false,false,-83.18841,42.35832,"{
  ""coordinates"": [
    -8.318841110762800e+01,
    4.235832185203770e+01
  ],
  ""type"": ""Point""
}","{
  ""coordinates"": [
    -83.188411108,
    42.358321852
  ],
  ""type"": ""Point""
}",-83.188411108,42.3583218520001
834,1362071,W I 96 CD,GRAND RIVER,2018-04-21,21,4,2018,21,7,8,1,,1,0,Asphalt,1,1,4,70,3,2,2,5,0,0,0,0,true,false,false,false,false,false,false,false,false,false,false,false,false,false,false,false,false,false,false,false,false,false,-83.17673,42.38385,"{
  ""coordinates"": [
    -8.317673405514280e+01,
    4.238384955194020e+01
  ],
  ""type"": ""Point""
}","{
  ""coordinates"": [
    -83.176734055,
    42.383849552
  ],
  ""type"": ""Point""
}",-83.1767340549999,42.3838495520001
835,1355222,VAN DYKE,COE,2018-04-21,21,4,2018,15,7,4,9,,4,0,Asphalt,1,1,1,25,2,2,3,5,0,0,0,0,true,false,true,false,false,false,false,false,false,false,false,false,false,false,false,false,false,false,false,false,false,false,-82.99817,42.35596,"{
  ""coordinates"": [
    -8.299817137157130e+01,
    4.235596026375880e+01
  ],
  ""type"": ""Point""
}","{
  ""coordinates"": [
    -82.998171372,
    42.355960264
  ],
  ""type"": ""Point""
}",-82.9981713719999,42.355960264
836,1367882,WOODWARD,WORESTER,2018-04-21,21,4,2018,9,7,8,3,,1,0,Asphalt,1,1,1,35,4,2,2,5,0,0,0,0,true,false,false,false,true,false,false,false,false,false,false,false,false,false,false,false,false,false,false,false,false,false,-83.108,42.42181,"{
  ""coordinates"": [
    -8.310800152922459e+01,
    4.242181201616730e+01
  ],
  ""type"": ""Point""
}","{
  ""coordinates"": [
    -83.108001529,
    42.421812016
  ],
  ""type"": ""Point""
}",-83.108001529,42.421812016
837,1365756,MADISON,BRUSH,2018-04-21,21,4,2018,17,7,1,9,,4,0,Asphalt,1,1,1,30,4,2,1,4,0,0,0,1,false,false,false,false,false,false,false,false,false,false,false,false,true,false,false,false,false,false,false,false,false,false,-83.04591,42.33737,"{
  ""coordinates"": [
    -8.304590303572660e+01,
    4.233736753018670e+01
  ],
  ""type"": ""Point""
}","{
  ""coordinates"": [
    -83.045903036,
    42.33736753
  ],
  ""type"": ""Point""
}",-83.045903036,42.3373675300001
838,1356943,WOODWARD,BOSTON,2018-04-21,21,4,2018,16,7,1,3,,1,0,Asphalt,1,1,1,35,4,1,2,5,0,0,0,0,true,false,false,false,false,false,false,false,false,false,false,false,false,false,false,false,false,false,false,false,false,false,-83.08486,42.38745,"{
  ""coordinates"": [
    -8.308486146014330e+01,
    4.238745679681030e+01
  ],
  ""type"": ""Point""
}","{
  ""coordinates"": [
    -83.08486146,
    42.387456797
  ],
  ""type"": ""Point""
}",-83.08486146,42.387456797
839,1365761,WASHINGTON,MICHIGAN,2018-04-21,21,4,2018,14,7,5,9,,4,0,,1,1,1,25,2,2,2,5,0,0,0,0,true,false,false,false,false,false,false,false,false,false,false,false,false,false,false,false,false,false,false,false,false,false,-83.05118,42.33166,"{
  ""coordinates"": [
    -8.305117643555670e+01,
    4.233165967503440e+01
  ],
  ""type"": ""Point""
}","{
  ""coordinates"": [
    -83.051176436,
    42.331659675
  ],
  ""type"": ""Point""
}",-83.0511764359999,42.331659675
840,1367803,W/B I-94,LONYO,2018-04-21,21,4,2018,3,7,5,1,,1,0,Asphalt,1,1,1,55,3,2,1,5,0,0,0,0,true,false,false,false,true,false,false,false,false,false,false,false,false,false,false,true,false,false,false,false,false,false,-83.14533,42.33139,"{
  ""coordinates"": [
    -8.314533410122260e+01,
    4.233138649482790e+01
  ],
  ""type"": ""Point""
}","{
  ""coordinates"": [
    -83.145334101,
    42.331386495
  ],
  ""type"": ""Point""
}",-83.1453341009999,42.3313864950001
841,1365760,MICHIGAN,GRAND,2018-04-21,21,4,2018,11,7,8,3,,4,0,Asphalt,1,1,1,25,3,2,3,4,0,0,0,1,false,false,false,false,false,false,false,false,false,false,false,false,false,true,false,false,false,false,false,false,false,false,-83.23779,42.40842,"{
  ""coordinates"": [
    -8.323778226739680e+01,
    4.240841858750560e+01
  ],
  ""type"": ""Point""
}","{
  ""coordinates"": [
    -83.237782267,
    42.408418588
  ],
  ""type"": ""Point""
}",-83.2377822669999,42.4084185880001
842,1355267,CHRYSLER,ANTIETAM,2018-04-21,21,4,2018,4,7,1,3,,,0,,1,1,4,,2,1,1,4,0,0,0,1,false,false,false,false,false,false,false,false,false,false,false,false,false,false,false,false,false,false,false,false,false,false,-83.04134,42.34058,"{
  ""coordinates"": [
    -8.304133938312860e+01,
    4.234058070827180e+01
  ],
  ""type"": ""Point""
}","{
  ""coordinates"": [
    -83.041339383,
    42.340580708
  ],
  ""type"": ""Point""
}",-83.041339383,42.3405807080001
843,1355201,MCGRAW,WYOMING,2018-04-21,21,4,2018,8,7,3,3,,4,0,Asphalt,1,1,1,30,4,2,3,5,0,0,0,0,true,false,false,false,false,false,false,false,false,false,false,false,false,false,false,false,false,false,false,false,false,false,-83.15656,42.32993,"{
  ""coordinates"": [
    -8.315656144595640e+01,
    4.232993238117360e+01
  ],
  ""type"": ""Point""
}","{
  ""coordinates"": [
    -83.156561446,
    42.329932381
  ],
  ""type"": ""Point""
}",-83.156561446,42.329932381
844,1357701,LIVERNOIS,SANTA MARIA,2018-04-21,21,4,2018,19,7,98,9,,4,0,Asphalt,1,1,1,35,4,1,1,5,0,0,0,0,true,false,false,false,true,false,false,false,false,false,false,false,false,false,false,false,false,false,false,false,false,false,-83.14102,42.41867,"{
  ""coordinates"": [
    -8.314102003039240e+01,
    4.241867046630900e+01
  ],
  ""type"": ""Point""
}","{
  ""coordinates"": [
    -83.14102003,
    42.418670466
  ],
  ""type"": ""Point""
}",-83.1410200299999,42.418670466
845,1371348,W/B I-94,LONYO,2018-04-21,21,4,2018,22,7,5,1,,1,0,Asphalt,1,1,5,55,1,2,2,5,0,0,0,0,true,false,false,false,false,false,false,false,true,false,false,false,false,false,false,false,false,false,false,false,false,false,-83.14227,42.33183,"{
  ""coordinates"": [
    -8.314226693654049e+01,
    4.233183026702080e+01
  ],
  ""type"": ""Point""
}","{
  ""coordinates"": [
    -83.142266937,
    42.331830267
  ],
  ""type"": ""Point""
}",-83.142266937,42.331830267
846,1356054,GRAND RIVER,SOUTHFIELD SERVICE DRIVE,2018-04-21,21,4,2018,11,7,8,3,,1,0,Asphalt,1,1,1,35,4,2,5,5,0,0,0,0,true,false,false,false,false,false,false,false,false,false,false,false,false,false,false,false,false,false,false,false,false,false,-83.2178,42.40051,"{
  ""coordinates"": [
    -8.321780418842960e+01,
    4.240050435557160e+01
  ],
  ""type"": ""Point""
}","{
  ""coordinates"": [
    -83.217804188,
    42.400504356
  ],
  ""type"": ""Point""
}",-83.2178041879999,42.4005043560001
847,1371350,E/B I-94,CHENE,2018-04-21,21,4,2018,18,7,1,1,,1,1,Concrete,1,1,1,55,3,1,4,5,0,0,0,0,true,false,false,false,false,false,false,false,false,true,false,false,false,false,false,false,false,false,false,false,false,false,-83.04619,42.37436,"{
  ""coordinates"": [
    -8.304618537847080e+01,
    4.237435729789610e+01
  ],
  ""type"": ""Point""
}","{
  ""coordinates"": [
    -83.046185378,
    42.374357298
  ],
  ""type"": ""Point""
}",-83.046185378,42.3743572980001
848,1355212,SCHOOLCRAFT,WARWICK,2018-04-21,21,4,2018,19,7,8,9,,2,0,Asphalt,1,1,1,30,4,2,1,5,0,0,0,0,true,false,false,false,true,false,false,false,false,false,false,false,false,false,false,false,false,false,false,false,false,false,-83.22804,42.38645,"{
  ""coordinates"": [
    -8.322804620355430e+01,
    4.238644867852090e+01
  ],
  ""type"": ""Point""
}","{
  ""coordinates"": [
    -83.228046204,
    42.386448679
  ],
  ""type"": ""Point""
}",-83.228046204,42.3864486790001
849,1355183,FULLERTON,GRIGGS,2018-04-21,21,4,2018,18,7,1,9,,4,0,Asphalt,1,1,1,35,1,2,2,5,0,0,0,0,true,false,false,false,true,false,false,false,false,false,false,false,false,false,false,false,false,false,false,false,true,false,-83.16196,42.38066,"{
  ""coordinates"": [
    -8.316195335354170e+01,
    4.238065750538970e+01
  ],
  ""type"": ""Point""
}","{
  ""coordinates"": [
    -83.161953354,
    42.380657505
  ],
  ""type"": ""Point""
}",-83.1619533539999,42.380657505
850,1356016,M-10,GREENLAWN,2018-04-21,21,4,2018,6,7,1,3,,1,1,Concrete,1,1,4,55,3,1,1,4,0,0,0,1,false,false,false,false,false,false,false,false,false,false,false,false,false,false,false,false,false,false,false,false,false,false,-83.2009,42.44289,"{
  ""coordinates"": [
    -8.320089353000419e+01,
    4.244289414749350e+01
  ],
  ""type"": ""Point""
}","{
  ""coordinates"": [
    -83.20089353,
    42.442894147
  ],
  ""type"": ""Point""
}",-83.20089353,42.4428941470001
851,1355258,BALFOUR,MOROSS,2018-04-21,21,4,2018,19,7,6,9,,,0,,1,1,1,25,2,2,2,4,0,0,0,1,false,true,false,false,false,false,false,false,false,false,false,false,false,false,false,false,false,false,false,false,false,false,-82.93893,42.42802,"{
  ""coordinates"": [
    -8.293893575783930e+01,
    4.242801817954920e+01
  ],
  ""type"": ""Point""
}","{
  ""coordinates"": [
    -82.938935758,
    42.42801818
  ],
  ""type"": ""Point""
}",-82.938935758,42.42801818
852,1355280,ST MARTINS,LIVERNOIS,2018-04-21,21,4,2018,17,7,10,9,,,0,,1,1,1,25,1,2,1,5,0,0,0,0,true,false,false,false,true,false,false,false,false,false,false,false,false,false,false,false,false,false,false,false,false,false,-83.14185,42.43702,"{
  ""coordinates"": [
    -8.314185164359991e+01,
    4.243701665717890e+01
  ],
  ""type"": ""Point""
}","{
  ""coordinates"": [
    -83.141851644,
    42.437016657
  ],
  ""type"": ""Point""
}",-83.141851644,42.4370166570001
853,1355273,7 MILE,WOODWARD,2018-04-21,21,4,2018,2,7,1,3,,4,1,Asphalt,1,1,4,30,2,1,1,5,0,0,0,0,true,false,false,false,false,false,false,true,false,false,false,false,false,false,true,false,false,false,false,false,false,false,-83.11471,42.43214,"{
  ""coordinates"": [
    -8.311470431510460e+01,
    4.243214313429480e+01
  ],
  ""type"": ""Point""
}","{
  ""coordinates"": [
    -83.114704315,
    42.432143134
  ],
  ""type"": ""Point""
}",-83.114704315,42.4321431340001
854,1355268,N I 75 SERVICE DRIVE,WINCHESTER,2018-04-21,21,4,2018,0,7,1,1,,1,1,Asphalt,1,1,1,35,3,1,1,5,0,0,0,0,true,false,false,false,true,false,false,false,false,false,false,false,false,false,false,false,false,false,false,false,false,false,-83.09427,42.44469,"{
  ""coordinates"": [
    -8.309427031196449e+01,
    4.244469317860010e+01
  ],
  ""type"": ""Point""
}","{
  ""coordinates"": [
    -83.094270312,
    42.444693179
  ],
  ""type"": ""Point""
}",-83.0942703119999,42.4446931790001
855,1355249,7 MILE,WESTBROOK,2018-04-21,21,4,2018,17,7,2,9,,2,0,Asphalt,1,2,1,35,4,2,2,2,0,1,1,0,false,false,false,false,false,false,false,false,false,false,false,false,false,true,false,false,false,false,false,false,false,false,-83.25216,42.42926,"{
  ""coordinates"": [
    -8.325215754097189e+01,
    4.242925636032270e+01
  ],
  ""type"": ""Point""
}","{
  ""coordinates"": [
    -83.252157541,
    42.42925636
  ],
  ""type"": ""Point""
}",-83.252157541,42.4292563600001
856,1356945,DAVISON,EWALD,2018-04-21,21,4,2018,3,7,5,3,,1,0,Concrete,1,1,4,30,3,2,1,5,0,0,0,0,true,false,false,false,true,false,false,false,false,false,false,false,false,false,false,false,false,false,false,false,false,false,-83.14529,42.38641,"{
  ""coordinates"": [
    -8.314529051862790e+01,
    4.238640654247560e+01
  ],
  ""type"": ""Point""
}","{
  ""coordinates"": [
    -83.145290519,
    42.386406542
  ],
  ""type"": ""Point""
}",-83.145290519,42.386406542
857,1355277,JAMES COUZENS,OUTER,2018-04-21,21,4,2018,17,7,4,3,,1,0,Concrete,1,1,1,30,2,2,2,5,0,0,0,0,true,false,false,false,false,false,false,false,false,false,false,false,false,false,false,false,false,false,false,false,false,false,-83.17638,42.42101,"{
  ""coordinates"": [
    -8.317638392829070e+01,
    4.242100662872520e+01
  ],
  ""type"": ""Point""
}","{
  ""coordinates"": [
    -83.176383928,
    42.421006629
  ],
  ""type"": ""Point""
}",-83.176383928,42.421006629
858,1355262,8 MILE,MOUND,2018-04-20,20,4,2018,15,6,8,3,,1,0,Asphalt,1,1,1,35,4,2,1,5,0,0,0,0,true,false,false,false,true,false,false,false,false,false,false,false,false,false,false,false,false,false,false,false,false,false,-83.0442,42.44777,"{
  ""coordinates"": [
    -8.304420758465970e+01,
    4.244776670728800e+01
  ],
  ""type"": ""Point""
}","{
  ""coordinates"": [
    -83.044207585,
    42.447766707
  ],
  ""type"": ""Point""
}",-83.044207585,42.447766707
859,1355206,HARPER,HARVARD,2018-04-20,20,4,2018,17,6,3,9,,4,0,Asphalt,1,1,1,30,5,2,4,5,0,0,0,0,true,false,false,false,false,false,false,false,false,false,false,false,false,false,false,false,false,false,false,false,false,false,-82.93758,42.41594,"{
  ""coordinates"": [
    -8.293757630372170e+01,
    4.241593945273160e+01
  ],
  ""type"": ""Point""
}","{
  ""coordinates"": [
    -82.937576304,
    42.415939453
  ],
  ""type"": ""Point""
}",-82.9375763039999,42.4159394530001
860,1428758,LAWNDALE,VERNOR,2018-04-20,20,4,2018,20,6,97,9,,,0,,1,2,4,30,2,2,3,5,0,0,0,0,true,false,true,true,false,false,false,false,false,false,false,false,false,false,false,false,false,false,false,false,false,false,-83.13274,42.30919,"{
  ""coordinates"": [
    -8.313273331442660e+01,
    4.230919224951830e+01
  ],
  ""type"": ""Point""
}","{
  ""coordinates"": [
    -83.132733314,
    42.30919225
  ],
  ""type"": ""Point""
}",-83.1327333139999,42.3091922500001
861,1356015,DAVISON,W DAVISON/E DAVISON,2018-04-20,20,4,2018,17,6,5,3,,1,0,Asphalt,1,1,1,55,1,2,1,5,0,0,0,0,true,false,false,false,false,false,false,false,false,true,false,false,false,false,false,false,false,false,false,false,false,false,-83.11166,42.39701,"{
  ""coordinates"": [
    -8.311166059270190e+01,
    4.239701396996280e+01
  ],
  ""type"": ""Point""
}","{
  ""coordinates"": [
    -83.111660593,
    42.39701397
  ],
  ""type"": ""Point""
}",-83.111660593,42.39701397
862,1357696,CORAM,REDMOND,2018-04-20,20,4,2018,18,6,4,9,,,0,,1,1,1,25,2,2,4,4,0,0,0,2,false,false,true,false,false,false,false,false,false,false,false,false,false,false,true,false,false,false,false,false,false,false,-82.95582,42.4383,"{
  ""coordinates"": [
    -8.295581948439199e+01,
    4.243830230439940e+01
  ],
  ""type"": ""Point""
}","{
  ""coordinates"": [
    -82.955819484,
    42.438302304
  ],
  ""type"": ""Point""
}",-82.955819484,42.438302304
863,1363611,GREENFIELD,TROJAN,2018-04-20,20,4,2018,13,6,4,9,,2,0,Asphalt,1,1,1,35,4,2,1,5,0,0,0,0,true,false,false,false,true,false,false,false,false,true,false,false,false,false,false,false,false,false,false,false,false,false,-83.20032,42.44115,"{
  ""coordinates"": [
    -8.320032104671110e+01,
    4.244115589052700e+01
  ],
  ""type"": ""Point""
}","{
  ""coordinates"": [
    -83.200321047,
    42.441155891
  ],
  ""type"": ""Point""
}",-83.200321047,42.4411558910001
864,1355228,TROJAN,LAHSER,2018-04-20,20,4,2018,5,6,97,9,,,0,,1,1,3,35,2,3,1,5,0,0,0,0,true,false,false,false,false,false,false,false,false,false,false,false,false,false,false,false,false,false,false,false,false,false,-83.25844,42.43978,"{
  ""coordinates"": [
    -8.325843917786671e+01,
    4.243978248736290e+01
  ],
  ""type"": ""Point""
}","{
  ""coordinates"": [
    -83.258439178,
    42.439782487
  ],
  ""type"": ""Point""
}",-83.2584391779999,42.4397824870001
865,1355177,LARNED,SHELBY,2018-04-20,20,4,2018,23,6,8,9,,4,0,Asphalt,1,1,1,35,3,2,2,4,0,0,0,1,false,false,false,false,false,false,false,false,false,false,false,false,false,false,false,false,false,false,false,false,false,false,-83.04755,42.32843,"{
  ""coordinates"": [
    -8.304755781582929e+01,
    4.232842908549710e+01
  ],
  ""type"": ""Point""
}","{
  ""coordinates"": [
    -83.047557816,
    42.328429085
  ],
  ""type"": ""Point""
}",-83.0475578159999,42.328429085
866,1358496,HARPER,HARVARD,2018-04-20,20,4,2018,22,6,1,9,,4,1,Asphalt,1,1,3,10,1,1,2,2,0,1,0,0,false,false,false,false,false,false,false,false,false,false,false,false,false,false,false,false,false,false,false,false,false,false,-82.93777,42.41582,"{
  ""coordinates"": [
    -8.293777827101260e+01,
    4.241582516113230e+01
  ],
  ""type"": ""Point""
}","{
  ""coordinates"": [
    -82.937778271,
    42.415825161
  ],
  ""type"": ""Point""
}",-82.937778271,42.415825161
867,1353967,WYOMING,MORLEY,2018-04-20,20,4,2018,8,6,8,9,,4,0,Asphalt,1,1,1,35,3,2,2,5,0,0,0,0,true,false,false,false,false,false,false,false,false,false,false,false,false,false,false,true,false,false,false,false,false,false,-83.15824,42.36696,"{
  ""coordinates"": [
    -8.315824440999330e+01,
    4.236696326530180e+01
  ],
  ""type"": ""Point""
}","{
  ""coordinates"": [
    -83.15824441,
    42.366963265
  ],
  ""type"": ""Point""
}",-83.15824441,42.366963265
868,1360383,WOODWARD,WARREN,2018-04-20,20,4,2018,0,6,5,3,,1,0,Asphalt,1,1,4,40,3,2,2,5,0,0,0,0,true,false,false,false,false,false,false,false,false,false,false,false,false,false,false,false,false,false,false,false,false,false,-83.06438,42.35696,"{
  ""coordinates"": [
    -8.306438508447209e+01,
    4.235695750944290e+01
  ],
  ""type"": ""Point""
}","{
  ""coordinates"": [
    -83.064385084,
    42.356957509
  ],
  ""type"": ""Point""
}",-83.064385084,42.356957509
869,1355187,WYOMING,CORTLAND,2018-04-20,20,4,2018,16,6,5,9,,4,0,Asphalt,1,1,1,35,4,2,3,5,0,0,0,0,true,false,false,false,false,false,false,false,false,false,false,false,false,false,false,false,false,false,false,false,false,false,-83.15879,42.37942,"{
  ""coordinates"": [
    -8.315878711532660e+01,
    4.237942016087590e+01
  ],
  ""type"": ""Point""
}","{
  ""coordinates"": [
    -83.158787115,
    42.379420161
  ],
  ""type"": ""Point""
}",-83.1587871149999,42.379420161
870,1355218,OUTER,ROUGE PARK,2018-04-20,20,4,2018,22,6,4,9,,2,0,Asphalt,1,1,3,35,5,2,3,2,0,1,0,0,false,false,false,false,false,false,false,false,false,false,false,false,false,false,true,false,false,false,false,false,false,false,-83.26042,42.36201,"{
  ""coordinates"": [
    -8.326042068070930e+01,
    4.236201380639460e+01
  ],
  ""type"": ""Point""
}","{
  ""coordinates"": [
    -83.260420681,
    42.362013806
  ],
  ""type"": ""Point""
}",-83.260420681,42.362013806
871,1353990,HUBBELL,FLORENCE,2018-04-20,20,4,2018,2,6,5,9,,4,0,Asphalt,1,1,4,30,2,2,1,5,0,0,0,0,true,false,false,false,true,false,false,false,false,false,false,false,false,false,false,false,false,false,false,false,false,false,-83.18934,42.41138,"{
  ""coordinates"": [
    -8.318933640785090e+01,
    4.241137517030020e+01
  ],
  ""type"": ""Point""
}","{
  ""coordinates"": [
    -83.189336408,
    42.41137517
  ],
  ""type"": ""Point""
}",-83.189336408,42.41137517
872,1355190,WARREN,WOODWARD,2018-04-20,20,4,2018,13,6,5,3,,4,0,Asphalt,1,1,1,30,5,2,2,5,0,0,0,0,true,false,false,false,false,false,false,false,false,false,false,false,false,false,false,false,false,false,false,false,false,false,-83.06429,42.35678,"{
  ""coordinates"": [
    -8.306428658620530e+01,
    4.235678494242270e+01
  ],
  ""type"": ""Point""
}","{
  ""coordinates"": [
    -83.064286586,
    42.356784942
  ],
  ""type"": ""Point""
}",-83.064286586,42.356784942
873,1355163,RAMP 036C,E I 96 SERVICE DRIVE,2018-04-20,20,4,2018,8,6,5,1,,1,0,Concrete,1,1,2,55,2,3,4,5,0,0,0,0,true,false,false,false,false,false,false,false,false,false,true,false,false,false,false,false,false,false,false,false,false,false,-83.08681,42.32875,"{
  ""coordinates"": [
    -8.308681212167249e+01,
    4.232874785250560e+01
  ],
  ""type"": ""Point""
}","{
  ""coordinates"": [
    -83.086812122,
    42.328747853
  ],
  ""type"": ""Point""
}",-83.086812122,42.328747853