ObjectId,Crash ID,Primary Road,Intersecting Road,Crash Date,Day,Month,Year,Hour,Weekday,Crash Type Code,Highway Classification Code,Community Code,Jurisdiction Code,Lane Departure Type Code,Surface Type,Road Condition,Weather Condition,Lighting Condition,Speed Limit,Lanes,Units,Occupants,Most Severe Injury,Fatal Injuries,Suspected Serious Injuries,Suspected Minor Injuries,Possible Injuries,Property Damage Only,Secondary Crash,Traffic Control,Red Light Run,Hit and Run,Alcohol,Drugs,Unbelted Person,Work Zone,Speeding Driver,Distracted Driver,Driveway,Pedestrian,Elderly Driver,Young Driver,Commercial Vehicle,Emergency Vehicles,Train,School Bus,Motorcycle,Bicycle,Deer,Longitude,Latitude,geom,geog,x,y
874,1355257,FAIRPORT,STATE FAIR,2018-04-20,20,4,2018,18,6,4,9,,,0,,1,1,1,25,4,2,2,5,0,0,0,0,true,false,false,false,false,false,false,false,false,false,false,false,false,true,false,false,false,false,false,false,false,false,-82.9915,42.44206,"{
  ""coordinates"": [
    -8.299150400005270e+01,
    4.244205988081030e+01
  ],
  ""type"": ""Point""
}","{
  ""coordinates"": [
    -82.991504,
    42.442059881
  ],
  ""type"": ""Point""
}",-82.991504,42.442059881
875,1362788,MEMORIAL,FULLERTON,2018-04-20,20,4,2018,12,6,98,9,,,0,,98,98,98,25,1,2,0,5,0,0,0,0,true,false,false,false,true,false,false,false,false,false,false,false,false,false,false,false,false,false,false,false,false,false,-83.21232,42.37983,"{
  ""coordinates"": [
    -8.321232148315519e+01,
    4.237982829062430e+01
  ],
  ""type"": ""Point""
}","{
  ""coordinates"": [
    -83.212321483,
    42.379828291
  ],
  ""type"": ""Point""
}",-83.212321483,42.3798282910001
876,1355192,2ND,ALEXANDRINE,2018-04-20,20,4,2018,14,6,4,9,,4,0,Asphalt,1,1,1,30,2,2,2,5,0,0,0,0,true,false,false,false,false,false,false,false,false,false,false,false,false,false,true,false,false,false,false,false,false,false,-83.06517,42.34874,"{
  ""coordinates"": [
    -8.306517265943660e+01,
    4.234873701151470e+01
  ],
  ""type"": ""Point""
}","{
  ""coordinates"": [
    -83.065172659,
    42.348737012
  ],
  ""type"": ""Point""
}",-83.065172659,42.3487370120001
877,1355179,PLYMOUTH,HUBBELL,2018-04-20,20,4,2018,12,6,4,9,,4,0,Asphalt,1,1,1,35,6,2,3,5,0,0,0,0,true,false,false,false,false,false,false,false,false,false,false,false,false,false,false,false,false,false,false,false,false,false,-83.18779,42.37283,"{
  ""coordinates"": [
    -8.318779330821940e+01,
    4.237283195498320e+01
  ],
  ""type"": ""Point""
}","{
  ""coordinates"": [
    -83.187793308,
    42.372831955
  ],
  ""type"": ""Point""
}",-83.187793308,42.372831955
878,1374742,SHOEMAKER,HARDING,2018-04-20,20,4,2018,9,6,4,9,,4,0,Asphalt,1,1,1,,2,2,2,5,0,0,0,0,true,false,true,false,false,false,false,false,false,false,false,false,false,false,false,false,false,false,false,false,false,false,-82.99498,42.3894,"{
  ""coordinates"": [
    -8.299497655558299e+01,
    4.238940023823260e+01
  ],
  ""type"": ""Point""
}","{
  ""coordinates"": [
    -82.994976556,
    42.389400238
  ],
  ""type"": ""Point""
}",-82.994976556,42.3894002380001
879,1355211,PLYMOUTH,OUTER,2018-04-20,20,4,2018,22,6,1,9,,4,1,Asphalt,1,1,4,35,7,1,1,5,0,0,0,0,true,false,false,false,false,false,false,false,false,true,false,false,false,false,false,false,false,false,false,false,false,false,-83.25718,42.37167,"{
  ""coordinates"": [
    -8.325717588671600e+01,
    4.237166443905920e+01
  ],
  ""type"": ""Point""
}","{
  ""coordinates"": [
    -83.257175887,
    42.371664439
  ],
  ""type"": ""Point""
}",-83.257175887,42.371664439
880,1365754,GRATIOT,ST.ANTOINE,2018-04-20,20,4,2018,7,6,8,3,,1,0,Asphalt,1,1,1,35,4,2,2,5,0,0,0,0,true,false,false,false,false,false,false,false,false,false,false,false,false,false,false,true,false,false,false,false,false,false,-83.04287,42.33818,"{
  ""coordinates"": [
    -8.304286754098931e+01,
    4.233817901619940e+01
  ],
  ""type"": ""Point""
}","{
  ""coordinates"": [
    -83.042867541,
    42.338179016
  ],
  ""type"": ""Point""
}",-83.042867541,42.338179016
881,1355164,W/B I 94,CONNER,2018-04-20,20,4,2018,8,6,5,1,,1,0,Asphalt,1,1,1,55,3,2,2,5,0,0,0,0,true,false,false,false,false,false,false,false,false,false,true,false,false,true,false,false,false,false,false,false,false,false,-82.98911,42.39565,"{
  ""coordinates"": [
    -8.298910303675029e+01,
    4.239564569137650e+01
  ],
  ""type"": ""Point""
}","{
  ""coordinates"": [
    -82.989103037,
    42.395645691
  ],
  ""type"": ""Point""
}",-82.9891030369999,42.395645691
882,1356043,I-75,NEVADA,2018-04-20,20,4,2018,16,6,5,1,,1,0,Asphalt,1,1,1,70,4,2,2,5,0,0,0,0,true,false,false,false,false,false,false,false,false,false,false,false,false,false,false,false,false,false,false,false,false,false,-83.09077,42.42176,"{
  ""coordinates"": [
    -8.309077208663500e+01,
    4.242176627006360e+01
  ],
  ""type"": ""Point""
}","{
  ""coordinates"": [
    -83.090772087,
    42.42176627
  ],
  ""type"": ""Point""
}",-83.0907720869999,42.42176627
883,1374681,W/B I-96,M-39,2018-04-20,20,4,2018,17,6,5,1,,1,0,Concrete,1,1,1,70,3,2,2,5,0,0,0,0,true,false,false,false,false,false,false,false,false,false,false,false,false,false,false,false,false,false,false,false,false,false,-83.21497,42.37882,"{
  ""coordinates"": [
    -8.321496979461671e+01,
    4.237882075808200e+01
  ],
  ""type"": ""Point""
}","{
  ""coordinates"": [
    -83.214969795,
    42.378820758
  ],
  ""type"": ""Point""
}",-83.2149697949999,42.3788207580001
884,1365787,CANFIELD,BRUSH,2018-04-20,20,4,2018,10,6,5,9,,4,0,Asphalt,1,1,1,30,2,2,2,5,0,0,0,0,true,false,false,false,false,false,false,false,false,false,false,false,false,false,false,false,false,false,false,false,false,false,-83.05745,42.35443,"{
  ""coordinates"": [
    -8.305745228976070e+01,
    4.235443268551570e+01
  ],
  ""type"": ""Point""
}","{
  ""coordinates"": [
    -83.05745229,
    42.354432686
  ],
  ""type"": ""Point""
}",-83.05745229,42.3544326860001
885,1365759,BAGLEY,GRANDRIVER,2018-04-20,20,4,2018,13,6,4,9,,4,0,Asphalt,1,1,1,35,7,2,5,3,0,0,1,0,false,false,true,true,false,false,false,false,false,false,false,false,false,false,false,false,false,false,false,false,false,false,-83.05331,42.33408,"{
  ""coordinates"": [
    -8.305330422869410e+01,
    4.233408545566380e+01
  ],
  ""type"": ""Point""
}","{
  ""coordinates"": [
    -83.053304229,
    42.334085456
  ],
  ""type"": ""Point""
}",-83.0533042289999,42.334085456
886,1355172,I-75,SCHAEFER,2018-04-20,20,4,2018,8,6,5,1,,1,0,Concrete,1,1,1,70,3,2,3,5,0,0,0,0,true,false,false,false,false,false,false,false,false,false,false,false,false,false,true,false,false,false,false,false,false,false,-83.15208,42.27892,"{
  ""coordinates"": [
    -8.315208570162530e+01,
    4.227892220722980e+01
  ],
  ""type"": ""Point""
}","{
  ""coordinates"": [
    -83.152085702,
    42.278922207
  ],
  ""type"": ""Point""
}",-83.152085702,42.2789222070001
887,1355254,REX,LAPPIN,2018-04-20,20,4,2018,7,6,4,9,,,0,,1,1,1,25,2,2,2,5,0,0,0,0,true,false,false,false,false,false,false,false,false,false,false,false,false,false,true,false,false,false,false,false,false,false,-82.95827,42.43738,"{
  ""coordinates"": [
    -8.295826636451569e+01,
    4.243738305409330e+01
  ],
  ""type"": ""Point""
}","{
  ""coordinates"": [
    -82.958266365,
    42.437383054
  ],
  ""type"": ""Point""
}",-82.958266365,42.4373830540001
888,1356956,I 75 SERVICE,WARREN,2018-04-20,20,4,2018,18,6,8,9,,4,0,Asphalt,1,1,1,70,4,2,1,5,0,0,0,0,true,false,false,false,true,false,false,false,false,false,false,false,false,false,false,false,false,false,false,false,false,false,-83.05392,42.36125,"{
  ""coordinates"": [
    -8.305392129214150e+01,
    4.236124879631060e+01
  ],
  ""type"": ""Point""
}","{
  ""coordinates"": [
    -83.053921292,
    42.361248796
  ],
  ""type"": ""Point""
}",-83.053921292,42.361248796
889,1355194,AMBASSADOR,FORT,2018-04-20,20,4,2018,12,6,5,9,,7,0,Asphalt,1,1,1,20,3,2,2,5,0,0,0,0,true,false,false,false,false,false,false,false,false,false,false,false,false,false,false,true,false,false,false,false,false,false,-83.07848,42.31798,"{
  ""coordinates"": [
    -8.307847913641690e+01,
    4.231797897537780e+01
  ],
  ""type"": ""Point""
}","{
  ""coordinates"": [
    -83.078479136,
    42.317978975
  ],
  ""type"": ""Point""
}",-83.0784791359999,42.3179789750001
890,1355193,RANDOLPH,JEFFERSON,2018-04-20,20,4,2018,18,6,8,3,,1,0,Asphalt,1,1,1,35,3,2,2,5,0,0,0,0,true,false,false,false,false,false,false,false,false,false,false,false,false,false,false,false,false,false,false,false,false,false,-83.04185,42.32965,"{
  ""coordinates"": [
    -8.304184580331720e+01,
    4.232965563263470e+01
  ],
  ""type"": ""Point""
}","{
  ""coordinates"": [
    -83.041845803,
    42.329655633
  ],
  ""type"": ""Point""
}",-83.0418458029999,42.3296556330001
891,1369749,KELLY,EIGHT MILE,2018-04-20,20,4,2018,13,6,97,9,,2,0,Asphalt,1,1,1,35,4,2,4,5,0,0,0,0,true,false,false,false,false,false,false,false,false,false,false,false,false,false,true,false,false,false,false,false,false,false,-82.94183,42.44911,"{
  ""coordinates"": [
    -8.294182747318330e+01,
    4.244910868390330e+01
  ],
  ""type"": ""Point""
}","{
  ""coordinates"": [
    -82.941827473,
    42.449108684
  ],
  ""type"": ""Point""
}",-82.941827473,42.4491086840001
892,1355200,FORT,CAVALRY,2018-04-20,20,4,2018,20,6,5,3,,1,0,Asphalt,1,1,4,30,3,2,2,5,0,0,0,0,true,false,false,false,false,false,false,false,false,false,false,false,false,true,false,false,false,false,false,false,false,false,-83.09975,42.3082,"{
  ""coordinates"": [
    -8.309975602623020e+01,
    4.230820439179470e+01
  ],
  ""type"": ""Point""
}","{
  ""coordinates"": [
    -83.099756026,
    42.308204392
  ],
  ""type"": ""Point""
}",-83.099756026,42.3082043920001
893,1355252,STATE FAIR,FAIRPORT,2018-04-20,20,4,2018,18,6,4,9,,4,0,Asphalt,1,1,1,25,2,2,2,5,0,0,0,0,true,false,false,false,false,false,false,false,false,false,false,false,false,true,false,false,false,false,false,false,false,false,-82.99124,42.44204,"{
  ""coordinates"": [
    -8.299124371158790e+01,
    4.244204421919010e+01
  ],
  ""type"": ""Point""
}","{
  ""coordinates"": [
    -82.991243712,
    42.442044219
  ],
  ""type"": ""Point""
}",-82.991243712,42.442044219
894,1355248,7 MILE,LAHSER,2018-04-20,20,4,2018,11,6,98,9,,2,0,Asphalt,1,1,1,35,4,2,1,5,0,0,0,0,true,false,false,false,true,false,false,false,false,false,false,false,false,true,false,false,false,false,false,false,false,false,-83.25829,42.42912,"{
  ""coordinates"": [
    -8.325829194773520e+01,
    4.242911965999800e+01
  ],
  ""type"": ""Point""
}","{
  ""coordinates"": [
    -83.258291948,
    42.42911966
  ],
  ""type"": ""Point""
}",-83.258291948,42.42911966
895,1361395,WOODINGHAM,PICKFORD,2018-04-20,20,4,2018,19,6,5,9,,,0,,1,1,1,25,2,2,2,5,0,0,0,0,true,true,false,false,false,false,false,false,false,false,false,false,false,false,false,false,false,false,false,false,false,false,-83.15047,42.4269,"{
  ""coordinates"": [
    -8.315046318733221e+01,
    4.242689836151020e+01
  ],
  ""type"": ""Point""
}","{
  ""coordinates"": [
    -83.150463187,
    42.426898362
  ],
  ""type"": ""Point""
}",-83.150463187,42.426898362
896,1356895,W M 8,RAMP 047B,2018-04-20,20,4,2018,0,6,5,3,,1,0,Asphalt,1,1,4,55,4,2,2,5,0,0,0,0,true,false,false,false,true,false,false,false,false,false,false,false,false,false,false,false,false,false,false,false,false,false,-83.07887,42.409,"{
  ""coordinates"": [
    -8.307886686999670e+01,
    4.240899556529280e+01
  ],
  ""type"": ""Point""
}","{
  ""coordinates"": [
    -83.07886687,
    42.408995565
  ],
  ""type"": ""Point""
}",-83.07886687,42.4089955650001
897,1355246,PEMBROKE,GILCHRIST,2018-04-20,20,4,2018,8,6,97,9,,4,0,Asphalt,1,1,4,35,4,2,0,5,0,0,0,0,true,false,false,false,true,false,false,false,false,false,false,false,false,false,false,false,false,false,false,false,false,false,-83.21348,42.43734,"{
  ""coordinates"": [
    -8.321347690318871e+01,
    4.243734366017570e+01
  ],
  ""type"": ""Point""
}","{
  ""coordinates"": [
    -83.213476903,
    42.43734366
  ],
  ""type"": ""Point""
}",-83.213476903,42.4373436600001
898,1355140,I-75 N/B,7 MILE,2018-04-20,20,4,2018,18,6,5,1,,1,0,Asphalt,1,1,1,70,4,2,2,5,0,0,0,0,true,false,false,false,false,false,false,false,false,false,false,false,false,false,false,false,false,false,false,false,false,false,-83.0948,42.4361,"{
  ""coordinates"": [
    -8.309480110042830e+01,
    4.243610369103480e+01
  ],
  ""type"": ""Point""
}","{
  ""coordinates"": [
    -83.0948011,
    42.436103691
  ],
  ""type"": ""Point""
}",-83.0948011,42.436103691
899,1355279,MCNICHOLS,JAMES COUZENS,2018-04-20,20,4,2018,18,6,8,9,,2,0,Asphalt,1,1,4,35,4,2,1,5,0,0,0,0,true,false,false,false,false,false,false,false,false,false,false,false,false,false,false,false,false,false,false,false,false,false,-83.17245,42.41664,"{
  ""coordinates"": [
    -8.317245754427270e+01,
    4.241663935407680e+01
  ],
  ""type"": ""Point""
}","{
  ""coordinates"": [
    -83.172457544,
    42.416639354
  ],
  ""type"": ""Point""
}",-83.1724575439999,42.416639354
900,1356057,DAVIDSON,LASALLE,2018-04-20,20,4,2018,9,6,98,3,,1,0,Asphalt,1,1,1,35,5,1,1,5,0,0,0,0,true,false,false,false,true,false,false,false,false,false,false,false,false,true,false,false,false,false,false,false,false,false,-83.11889,42.39418,"{
  ""coordinates"": [
    -8.311888939997711e+01,
    4.239418418810470e+01
  ],
  ""type"": ""Point""
}","{
  ""coordinates"": [
    -83.1188894,
    42.394184188
  ],
  ""type"": ""Point""
}",-83.1188893999999,42.3941841880001
901,1355265,7 MILE,ROGGE,2018-04-20,20,4,2018,21,6,1,9,,4,1,Asphalt,1,1,4,35,4,1,0,5,0,0,0,0,true,false,false,false,true,false,false,false,false,false,false,false,false,false,false,false,false,false,false,false,false,false,-83.02965,42.43386,"{
  ""coordinates"": [
    -8.302964825575650e+01,
    4.243385976124800e+01
  ],
  ""type"": ""Point""
}","{
  ""coordinates"": [
    -83.029648256,
    42.433859761
  ],
  ""type"": ""Point""
}",-83.029648256,42.4338597610001
902,1355338,GRAND RIVER,WESTBROOK,2018-04-20,20,4,2018,8,6,1,3,,1,0,Asphalt,1,1,1,45,4,2,1,4,0,0,0,1,false,false,false,false,false,false,false,false,false,false,false,false,true,true,false,false,false,false,false,false,false,false,-83.25182,42.41417,"{
  ""coordinates"": [
    -8.325182670159801e+01,
    4.241417328270450e+01
  ],
  ""type"": ""Point""
}","{
  ""coordinates"": [
    -83.251826702,
    42.414173283
  ],
  ""type"": ""Point""
}",-83.251826702,42.414173283
903,1355247,FRISBEE,REDFERN,2018-04-20,20,4,2018,7,6,98,9,,,3,,1,1,1,35,2,2,0,5,0,0,0,0,true,false,false,false,true,false,false,false,false,false,false,false,false,false,false,false,false,false,false,false,false,false,-83.26471,42.4353,"{
  ""coordinates"": [
    -8.326471058019970e+01,
    4.243529705661190e+01
  ],
  ""type"": ""Point""
}","{
  ""coordinates"": [
    -83.26471058,
    42.435297057
  ],
  ""type"": ""Point""
}",-83.26471058,42.4352970570001
904,1355178,WYOMING,GRAND RIVER,2018-04-20,20,4,2018,19,6,97,3,,4,0,Asphalt,1,1,1,35,3,2,2,4,0,0,0,1,false,false,true,true,false,false,false,false,false,false,false,false,false,true,false,false,false,false,false,false,false,false,-83.15868,42.37661,"{
  ""coordinates"": [
    -8.315868502209921e+01,
    4.237660960440400e+01
  ],
  ""type"": ""Point""
}","{
  ""coordinates"": [
    -83.158685022,
    42.376609604
  ],
  ""type"": ""Point""
}",-83.158685022,42.3766096040001
905,1357674,E/B I 94,CONNER,2018-04-20,20,4,2018,14,6,8,1,,1,0,Asphalt,1,1,1,55,3,2,3,5,0,0,0,0,true,false,false,false,true,false,false,false,false,false,false,false,false,false,false,false,false,false,false,false,false,false,-82.98612,42.39753,"{
  ""coordinates"": [
    -8.298612358196480e+01,
    4.239752523346820e+01
  ],
  ""type"": ""Point""
}","{
  ""coordinates"": [
    -82.986123582,
    42.397525233
  ],
  ""type"": ""Point""
}",-82.9861235819999,42.3975252330001
906,1355165,N/B I 75,MACK,2018-04-20,20,4,2018,16,6,5,1,,1,0,Concrete,1,1,1,55,4,2,2,4,0,0,0,1,false,false,false,false,false,false,false,false,false,false,true,false,false,false,false,false,false,false,false,false,false,false,-83.04698,42.34991,"{
  ""coordinates"": [
    -8.304697952641440e+01,
    4.234991489601160e+01
  ],
  ""type"": ""Point""
}","{
  ""coordinates"": [
    -83.046979526,
    42.349914896
  ],
  ""type"": ""Point""
}",-83.046979526,42.349914896
907,1503937,LINDSAY,VASSAR,2018-04-20,20,4,2018,15,6,98,9,,,0,,1,1,1,25,1,2,0,4,0,0,0,1,false,false,false,false,true,false,false,false,false,false,false,false,true,false,false,false,false,false,false,false,false,false,-83.2141,42.43387,"{
  ""coordinates"": [
    -8.321410021088310e+01,
    4.243387157722600e+01
  ],
  ""type"": ""Point""
}","{
  ""coordinates"": [
    -83.214100211,
    42.433871577
  ],
  ""type"": ""Point""
}",-83.214100211,42.433871577
908,1428835,TELEGRAPH,7 MILE,2018-04-20,20,4,2018,11,6,8,2,,1,0,Asphalt,1,1,1,50,3,2,2,5,0,0,0,0,true,false,false,false,true,false,false,false,false,false,false,false,false,false,false,false,false,false,false,false,false,false,-83.27799,42.42893,"{
  ""coordinates"": [
    -8.327799117045140e+01,
    4.242892677583410e+01
  ],
  ""type"": ""Point""
}","{
  ""coordinates"": [
    -83.27799117,
    42.428926776
  ],
  ""type"": ""Point""
}",-83.27799117,42.428926776
909,1355197,BAGLEY,20TH,2018-04-20,20,4,2018,13,6,97,9,,4,0,Asphalt,1,1,1,25,3,2,1,5,0,0,0,0,true,false,false,false,false,false,false,false,false,false,false,false,false,true,false,false,false,false,false,false,false,false,-83.08051,42.32467,"{
  ""coordinates"": [
    -8.308050620171920e+01,
    4.232466763829420e+01
  ],
  ""type"": ""Point""
}","{
  ""coordinates"": [
    -83.080506202,
    42.324667638
  ],
  ""type"": ""Point""
}",-83.080506202,42.3246676380001
910,1355264,MOUNT ELLIOT,HUBER,2018-04-20,20,4,2018,17,6,1,9,,4,1,Asphalt,1,1,1,35,4,1,1,5,0,0,0,0,true,false,false,false,false,false,false,false,false,false,false,false,false,false,false,false,false,false,false,false,false,false,-83.03758,42.39742,"{
  ""coordinates"": [
    -8.303758144363840e+01,
    4.239742407303450e+01
  ],
  ""type"": ""Point""
}","{
  ""coordinates"": [
    -83.037581444,
    42.397424073
  ],
  ""type"": ""Point""
}",-83.037581444,42.397424073
911,1353959,MCKENZIE,LIVERNOIS,2018-04-20,20,4,2018,5,6,98,9,,,1,,98,98,98,,2,1,0,5,0,0,0,0,true,false,false,false,true,false,false,false,false,false,false,false,false,false,false,false,false,false,false,false,false,false,-83.13903,42.35707,"{
  ""coordinates"": [
    -8.313902946853391e+01,
    4.235706699750570e+01
  ],
  ""type"": ""Point""
}","{
  ""coordinates"": [
    -83.139029469,
    42.357066998
  ],
  ""type"": ""Point""
}",-83.139029469,42.3570669980001
912,1355270,VAN DYKE,7 MILE,2018-04-20,20,4,2018,13,6,8,3,,1,0,Asphalt,1,1,1,35,4,2,1,5,0,0,0,0,true,false,false,false,false,false,false,false,false,false,false,false,false,false,false,false,false,false,false,false,false,false,-83.02425,42.43397,"{
  ""coordinates"": [
    -8.302425704937600e+01,
    4.243396975060140e+01
  ],
  ""type"": ""Point""
}","{
  ""coordinates"": [
    -83.024257049,
    42.433969751
  ],
  ""type"": ""Point""
}",-83.024257049,42.4339697510001
913,1357708,GALLAGHER,ROBINWOOD,2018-04-20,20,4,2018,16,6,4,9,,,0,,1,98,1,30,3,2,2,5,0,0,0,0,true,false,true,false,false,false,false,false,false,false,false,false,false,false,false,false,false,false,false,false,false,false,-83.0698,42.43087,"{
  ""coordinates"": [
    -8.306980413855690e+01,
    4.243086647872480e+01
  ],
  ""type"": ""Point""
}","{
  ""coordinates"": [
    -83.069804139,
    42.430866479
  ],
  ""type"": ""Point""
}",-83.069804139,42.430866479
914,1356064,THIRD,CANFIELD,2018-04-20,20,4,2018,17,6,4,9,,4,0,Asphalt,1,1,1,30,2,2,2,5,0,0,0,0,true,false,false,false,false,false,false,false,false,false,false,false,false,false,true,false,false,false,false,false,false,false,-83.06873,42.35038,"{
  ""coordinates"": [
    -8.306873174937010e+01,
    4.235038095613420e+01
  ],
  ""type"": ""Point""
}","{
  ""coordinates"": [
    -83.068731749,
    42.350380956
  ],
  ""type"": ""Point""
}",-83.0687317489999,42.350380956
915,1355207,SCHOOLCRAFT,EVERGREEN,2018-04-20,20,4,2018,10,6,5,9,,2,0,Asphalt,1,1,1,35,2,2,1,5,0,0,0,0,true,false,false,false,false,false,false,false,false,false,false,false,false,false,false,false,false,false,false,false,false,false,-83.23678,42.38625,"{
  ""coordinates"": [
    -8.323678083991371e+01,
    4.238625521551890e+01
  ],
  ""type"": ""Point""
}","{
  ""coordinates"": [
    -83.23678084,
    42.386255216
  ],
  ""type"": ""Point""
}",-83.2367808399999,42.3862552160001
916,1355146,RAMP 213L,RAMP 213M,2018-04-20,20,4,2018,18,6,1,1,,1,1,Concrete,1,1,1,25,1,1,1,5,0,0,0,0,true,false,false,false,false,false,false,false,false,true,false,false,false,true,false,false,false,false,false,false,false,false,-83.09982,42.35189,"{
  ""coordinates"": [
    -8.309982180513690e+01,
    4.235188987890070e+01
  ],
  ""type"": ""Point""
}","{
  ""coordinates"": [
    -83.099821805,
    42.351889879
  ],
  ""type"": ""Point""
}",-83.099821805,42.3518898790001
917,1357689,GRATIOT,MOUNT ELLIOTT,2018-04-20,20,4,2018,15,6,3,3,,1,0,Asphalt,1,1,1,35,7,4,6,4,0,0,0,2,false,false,false,false,false,false,false,false,false,false,false,false,false,false,false,false,false,false,false,false,false,false,-83.02233,42.3673,"{
  ""coordinates"": [
    -8.302232987416630e+01,
    4.236729941691300e+01
  ],
  ""type"": ""Point""
}","{
  ""coordinates"": [
    -83.022329874,
    42.367299417
  ],
  ""type"": ""Point""
}",-83.022329874,42.367299417
918,1356907,I 75,SPRINGWELLS,2018-04-20,20,4,2018,18,6,5,1,,1,0,Concrete,1,1,1,55,1,2,4,5,0,0,0,0,true,false,false,false,false,false,false,false,true,false,false,false,false,false,false,false,false,false,false,false,false,false,-83.11837,42.30195,"{
  ""coordinates"": [
    -8.311837082261400e+01,
    4.230194977755420e+01
  ],
  ""type"": ""Point""
}","{
  ""coordinates"": [
    -83.118370823,
    42.301949778
  ],
  ""type"": ""Point""
}",-83.118370823,42.3019497780001
919,1355208,JOY,PATTON,2018-04-20,20,4,2018,19,6,8,9,,2,0,Asphalt,1,1,1,35,4,2,1,5,0,0,0,0,true,false,false,false,true,false,false,false,false,false,false,false,false,false,true,false,false,false,false,false,false,false,-83.24203,42.35745,"{
  ""coordinates"": [
    -8.324203676682180e+01,
    4.235745288296490e+01
  ],
  ""type"": ""Point""
}","{
  ""coordinates"": [
    -83.242036767,
    42.357452883
  ],
  ""type"": ""Point""
}",-83.2420367669999,42.3574528830001
920,1354044,STANSBURY,THATCHER,2018-04-20,20,4,2018,7,6,4,9,,,0,,1,1,1,25,2,2,1,5,0,0,0,0,true,false,true,false,true,false,false,false,false,false,false,false,false,false,false,false,false,false,false,false,false,false,-83.18361,42.42191,"{
  ""coordinates"": [
    -8.318360942918490e+01,
    4.242190837964080e+01
  ],
  ""type"": ""Point""
}","{
  ""coordinates"": [
    -83.183609429,
    42.42190838
  ],
  ""type"": ""Point""
}",-83.1836094289999,42.42190838
921,1355266,8 MILE,HOOVER,2018-04-20,20,4,2018,6,6,1,3,,1,1,Asphalt,3,1,2,40,4,1,1,5,0,0,0,0,true,false,false,false,false,false,false,false,false,true,false,false,false,false,false,false,false,false,false,false,false,false,-83.00913,42.44862,"{
  ""coordinates"": [
    -8.300913618381790e+01,
    4.244861501423080e+01
  ],
  ""type"": ""Point""
}","{
  ""coordinates"": [
    -83.009136184,
    42.448615014
  ],
  ""type"": ""Point""
}",-83.0091361839999,42.448615014
922,1353956,LITTLEFIELD,MACKENZIE,2018-04-20,20,4,2018,4,6,5,9,,,0,,1,2,4,25,1,2,0,5,0,0,0,0,true,false,false,false,true,false,false,false,false,false,false,false,false,false,false,false,false,false,false,false,false,false,-83.17435,42.35634,"{
  ""coordinates"": [
    -8.317434944004260e+01,
    4.235634177096200e+01
  ],
  ""type"": ""Point""
}","{
  ""coordinates"": [
    -83.17434944,
    42.356341771
  ],
  ""type"": ""Point""
}",-83.17434944,42.3563417710001
923,1355260,GLENDALE,LINWOOD,2018-04-20,20,4,2018,16,6,8,9,,4,0,Asphalt,1,1,1,25,2,2,2,5,0,0,0,0,true,false,false,false,false,false,false,false,false,false,false,false,false,false,false,false,false,false,false,false,false,false,-83.12008,42.39018,"{
  ""coordinates"": [
    -8.312008161246550e+01,
    4.239017928883940e+01
  ],
  ""type"": ""Point""
}","{
  ""coordinates"": [
    -83.120081612,
    42.390179289
  ],
  ""type"": ""Point""
}",-83.120081612,42.3901792890001
924,1355196,MICHIGAN,CENTRAL,2018-04-20,20,4,2018,19,6,5,2,,1,0,Asphalt,1,1,1,35,5,2,4,4,0,0,0,1,false,false,false,false,true,false,false,false,false,false,false,false,false,false,false,false,false,false,false,false,false,false,-83.1373,42.3311,"{
  ""coordinates"": [
    -8.313729842037840e+01,
    4.233109573539890e+01
  ],
  ""type"": ""Point""
}","{
  ""coordinates"": [
    -83.13729842,
    42.331095735
  ],
  ""type"": ""Point""
}",-83.13729842,42.3310957350001
925,1353991,JEFFERSON,CHALMERS,2018-04-19,19,4,2018,8,5,8,9,,4,0,Asphalt,1,1,1,40,7,2,2,5,0,0,0,0,true,false,false,false,true,false,false,false,false,false,false,false,false,false,false,false,false,false,false,false,false,false,-82.94443,42.37285,"{
  ""coordinates"": [
    -8.294442444345830e+01,
    4.237285407444310e+01
  ],
  ""type"": ""Point""
}","{
  ""coordinates"": [
    -82.944424443,
    42.372854074
  ],
  ""type"": ""Point""
}",-82.9444244429999,42.372854074
926,1355281,KELLY,ELKHART,2018-04-19,19,4,2018,16,5,8,9,,2,0,Asphalt,1,1,1,30,2,2,4,5,0,0,0,0,true,false,false,false,true,false,false,false,false,false,false,false,false,false,false,false,false,false,false,false,false,false,-82.95032,42.438,"{
  ""coordinates"": [
    -8.295031626605569e+01,
    4.243800220443890e+01
  ],
  ""type"": ""Point""
}","{
  ""coordinates"": [
    -82.950316266,
    42.438002204
  ],
  ""type"": ""Point""
}",-82.950316266,42.438002204
927,1354032,8 MILE,ORLEANS,2018-04-19,19,4,2018,14,5,5,3,,1,0,Asphalt,1,1,1,40,4,2,2,5,0,0,0,0,true,false,false,false,false,false,false,false,false,false,false,false,false,false,false,false,false,false,false,false,false,false,-83.08588,42.44696,"{
  ""coordinates"": [
    -8.308587524405570e+01,
    4.244696390743930e+01
  ],
  ""type"": ""Point""
}","{
  ""coordinates"": [
    -83.085875244,
    42.446963907
  ],
  ""type"": ""Point""
}",-83.085875244,42.4469639070001