ObjectId,Crash ID,Primary Road,Intersecting Road,Crash Date,Day,Month,Year,Hour,Weekday,Crash Type Code,Highway Classification Code,Community Code,Jurisdiction Code,Lane Departure Type Code,Surface Type,Road Condition,Weather Condition,Lighting Condition,Speed Limit,Lanes,Units,Occupants,Most Severe Injury,Fatal Injuries,Suspected Serious Injuries,Suspected Minor Injuries,Possible Injuries,Property Damage Only,Secondary Crash,Traffic Control,Red Light Run,Hit and Run,Alcohol,Drugs,Unbelted Person,Work Zone,Speeding Driver,Distracted Driver,Driveway,Pedestrian,Elderly Driver,Young Driver,Commercial Vehicle,Emergency Vehicles,Train,School Bus,Motorcycle,Bicycle,Deer,Longitude,Latitude,geom,geog,x,y
928,1354002,FOREST,MAXWELL,2018-04-19,19,4,2018,17,5,97,9,,4,0,Asphalt,1,1,1,30,2,1,1,5,0,0,0,0,true,false,false,false,false,false,false,false,false,false,false,false,false,false,false,false,false,false,false,false,false,false,-83.00962,42.37445,"{
  ""coordinates"": [
    -8.300961793867199e+01,
    4.237445505229510e+01
  ],
  ""type"": ""Point""
}","{
  ""coordinates"": [
    -83.009617939,
    42.374455052
  ],
  ""type"": ""Point""
}",-83.009617939,42.374455052
929,1355255,CEDARGROVE,BROCK,2018-04-19,19,4,2018,20,5,8,9,,,0,,1,1,5,25,2,3,0,5,0,0,0,0,true,false,false,false,true,false,false,false,false,false,false,false,false,false,false,false,false,false,false,false,false,false,-82.96333,42.42561,"{
  ""coordinates"": [
    -8.296332455266020e+01,
    4.242561224201380e+01
  ],
  ""type"": ""Point""
}","{
  ""coordinates"": [
    -82.963324553,
    42.425612242
  ],
  ""type"": ""Point""
}",-82.9633245529999,42.4256122420001
930,1353937,M 39,PLYMOUTH,2018-04-19,19,4,2018,17,5,5,3,,1,0,Concrete,4,1,1,55,3,3,2,5,0,0,0,0,true,false,false,false,true,false,false,false,false,false,false,false,false,false,false,false,false,false,false,true,false,false,-83.21662,42.37308,"{
  ""coordinates"": [
    -8.321661943702520e+01,
    4.237307862519050e+01
  ],
  ""type"": ""Point""
}","{
  ""coordinates"": [
    -83.216619437,
    42.373078625
  ],
  ""type"": ""Point""
}",-83.216619437,42.3730786250001
931,1356030,I-96,MARTAIN LUTHER KING JR,2018-04-19,19,4,2018,13,5,8,1,,1,0,Asphalt,1,1,1,55,4,2,5,5,0,0,0,0,true,false,false,false,false,false,false,false,false,false,false,false,false,false,false,true,false,false,false,false,false,false,-83.09135,42.33754,"{
  ""coordinates"": [
    -8.309135308610730e+01,
    4.233753987744730e+01
  ],
  ""type"": ""Point""
}","{
  ""coordinates"": [
    -83.091353086,
    42.337539877
  ],
  ""type"": ""Point""
}",-83.091353086,42.337539877
932,1354029,7 MILE,RYAN,2018-04-19,19,4,2018,19,5,6,9,,4,0,Asphalt,1,1,4,30,5,2,6,2,0,1,0,3,false,false,false,false,false,false,false,false,false,false,false,false,false,false,true,false,false,false,false,false,false,false,-83.06295,42.43313,"{
  ""coordinates"": [
    -8.306294955451730e+01,
    4.243313324638690e+01
  ],
  ""type"": ""Point""
}","{
  ""coordinates"": [
    -83.062949555,
    42.433133246
  ],
  ""type"": ""Point""
}",-83.062949555,42.4331332460001
933,1362784,FAUST,CHICAGO,2018-04-19,19,4,2018,17,5,5,9,,,0,,1,1,1,25,2,2,1,5,0,0,0,0,true,false,false,false,false,false,false,false,false,false,false,false,false,false,false,false,false,false,false,false,false,false,-83.2215,42.36495,"{
  ""coordinates"": [
    -8.322150276584620e+01,
    4.236494931804810e+01
  ],
  ""type"": ""Point""
}","{
  ""coordinates"": [
    -83.221502766,
    42.364949318
  ],
  ""type"": ""Point""
}",-83.221502766,42.3649493180001
934,1353964,JOY,PINEHURST,2018-04-19,19,4,2018,18,5,97,9,,4,0,Asphalt,1,1,1,,4,2,1,5,0,0,0,0,true,false,false,false,true,false,false,false,false,false,false,false,false,false,false,false,false,false,false,false,false,false,-83.16534,42.35882,"{
  ""coordinates"": [
    -8.316533399828710e+01,
    4.235881907941860e+01
  ],
  ""type"": ""Point""
}","{
  ""coordinates"": [
    -83.165333998,
    42.358819079
  ],
  ""type"": ""Point""
}",-83.1653339979999,42.3588190790001
935,1379428,WARREN,3 MILE,2018-04-19,19,4,2018,18,5,8,9,,4,0,Asphalt,1,1,1,35,2,2,2,5,0,0,0,0,true,false,false,false,false,false,false,false,false,false,false,false,false,false,false,false,false,false,false,false,false,false,-82.94031,42.40223,"{
  ""coordinates"": [
    -8.294030609060080e+01,
    4.240223157899050e+01
  ],
  ""type"": ""Point""
}","{
  ""coordinates"": [
    -82.940306091,
    42.402231579
  ],
  ""type"": ""Point""
}",-82.940306091,42.402231579
936,1354000,LODGE,MICHIGAN,2018-04-19,19,4,2018,17,5,5,3,,1,0,Asphalt,1,1,1,55,3,2,2,5,0,0,0,0,true,false,false,false,false,false,false,false,false,false,true,false,false,false,false,false,false,false,false,false,false,false,-83.06226,42.33271,"{
  ""coordinates"": [
    -8.306225872380460e+01,
    4.233270640457320e+01
  ],
  ""type"": ""Point""
}","{
  ""coordinates"": [
    -83.062258724,
    42.332706405
  ],
  ""type"": ""Point""
}",-83.0622587239999,42.3327064050001
937,1356901,S M 39,RAMP 007C,2018-04-19,19,4,2018,13,5,5,3,,1,0,Asphalt,1,1,1,55,3,2,3,5,0,0,0,0,true,false,false,false,false,false,false,false,false,false,false,false,false,false,true,false,false,false,false,false,false,false,-83.21657,42.36005,"{
  ""coordinates"": [
    -8.321656799800510e+01,
    4.236004966230480e+01
  ],
  ""type"": ""Point""
}","{
  ""coordinates"": [
    -83.216567998,
    42.360049662
  ],
  ""type"": ""Point""
}",-83.216567998,42.3600496620001
938,1353997,JOY,N M 39 SERVICE DRIVE,2018-04-19,19,4,2018,13,5,8,9,,2,0,Asphalt,1,1,1,30,6,2,2,5,0,0,0,0,true,false,false,false,true,false,false,false,false,false,false,false,false,false,false,false,false,false,false,false,false,false,-83.21607,42.35786,"{
  ""coordinates"": [
    -8.321607209268829e+01,
    4.235785612415050e+01
  ],
  ""type"": ""Point""
}","{
  ""coordinates"": [
    -83.216072093,
    42.357856124
  ],
  ""type"": ""Point""
}",-83.216072093,42.3578561240001
939,1353934,W I 96,W I 96 CD,2018-04-19,19,4,2018,9,5,8,1,,1,0,Asphalt,1,2,1,55,2,2,1,5,0,0,0,0,true,false,false,false,true,false,false,false,false,false,false,false,false,false,true,false,false,false,false,false,false,false,-83.14917,42.38345,"{
  ""coordinates"": [
    -8.314917074654200e+01,
    4.238345246679570e+01
  ],
  ""type"": ""Point""
}","{
  ""coordinates"": [
    -83.149170747,
    42.383452467
  ],
  ""type"": ""Point""
}",-83.149170747,42.383452467
940,1356066,WARREN,M 10 SERVICE,2018-04-19,19,4,2018,16,5,8,9,,4,0,Concrete,1,1,1,30,4,2,2,5,0,0,0,0,true,false,false,false,false,false,false,false,false,false,false,false,false,false,false,false,false,false,false,false,false,false,-83.07333,42.35398,"{
  ""coordinates"": [
    -8.307332606092940e+01,
    4.235397813143790e+01
  ],
  ""type"": ""Point""
}","{
  ""coordinates"": [
    -83.073326061,
    42.353978131
  ],
  ""type"": ""Point""
}",-83.073326061,42.3539781310001
941,1360449,CHALMERS,TROSTER,2018-04-19,19,4,2018,15,5,2,9,,4,0,Asphalt,1,1,1,30,2,2,2,2,0,1,0,0,false,false,false,false,false,true,false,true,false,false,false,false,false,false,false,false,false,false,false,false,false,false,-82.97505,42.42626,"{
  ""coordinates"": [
    -8.297504933879119e+01,
    4.242625909504800e+01
  ],
  ""type"": ""Point""
}","{
  ""coordinates"": [
    -82.975049339,
    42.426259095
  ],
  ""type"": ""Point""
}",-82.975049339,42.426259095
942,1353938,M 39,JOY,2018-04-19,19,4,2018,18,5,5,3,,1,0,Asphalt,4,1,1,55,3,2,2,5,0,0,0,0,true,false,false,false,false,false,false,false,false,false,true,false,false,false,false,false,false,false,false,false,false,false,-83.21642,42.3584,"{
  ""coordinates"": [
    -8.321642229337650e+01,
    4.235840171214590e+01
  ],
  ""type"": ""Point""
}","{
  ""coordinates"": [
    -83.216422293,
    42.358401712
  ],
  ""type"": ""Point""
}",-83.2164222929999,42.358401712
943,1353989,BEAUBIEN,CLINTON,2018-04-19,19,4,2018,13,5,10,9,,4,0,Asphalt,1,1,1,30,4,2,2,5,0,0,0,0,true,false,false,false,true,false,false,false,false,false,false,false,false,false,false,false,false,false,false,false,false,false,-83.04351,42.33629,"{
  ""coordinates"": [
    -8.304350969146300e+01,
    4.233629287222890e+01
  ],
  ""type"": ""Point""
}","{
  ""coordinates"": [
    -83.043509691,
    42.336292872
  ],
  ""type"": ""Point""
}",-83.0435096909999,42.3362928720001
944,1355226,7 MILE,FORRER,2018-04-19,19,4,2018,12,5,5,9,,2,0,Asphalt,1,1,1,35,6,3,3,3,0,0,1,1,false,false,false,false,true,false,false,false,false,false,false,true,false,false,false,false,false,false,false,false,false,false,-83.20308,42.43036,"{
  ""coordinates"": [
    -8.320307944503760e+01,
    4.243036332925510e+01
  ],
  ""type"": ""Point""
}","{
  ""coordinates"": [
    -83.203079445,
    42.430363329
  ],
  ""type"": ""Point""
}",-83.203079445,42.430363329
945,1355181,2ND,LOTHROP,2018-04-19,19,4,2018,17,5,8,9,,4,0,Asphalt,1,1,1,25,4,2,2,5,0,0,0,0,true,false,false,false,true,false,false,false,false,false,false,false,false,false,false,false,false,false,false,false,false,false,-83.07719,42.37045,"{
  ""coordinates"": [
    -8.307718851436969e+01,
    4.237045191136250e+01
  ],
  ""type"": ""Point""
}","{
  ""coordinates"": [
    -83.077188514,
    42.370451911
  ],
  ""type"": ""Point""
}",-83.0771885139999,42.370451911
946,1353965,HUBBELL,LYNDON,2018-04-19,19,4,2018,7,5,4,9,,4,0,Asphalt,1,2,2,30,3,2,2,4,0,0,0,1,false,false,false,false,true,false,false,false,false,false,false,false,false,false,false,false,false,false,false,false,false,false,-83.18861,42.3945,"{
  ""coordinates"": [
    -8.318861516027920e+01,
    4.239450006326450e+01
  ],
  ""type"": ""Point""
}","{
  ""coordinates"": [
    -83.18861516,
    42.394500063
  ],
  ""type"": ""Point""
}",-83.18861516,42.3945000630001
947,1353987,VERMONT,ROSA PARKS,2018-04-19,19,4,2018,1,5,5,9,,,0,,1,1,1,25,4,2,0,5,0,0,0,0,true,false,false,false,true,false,false,false,false,false,false,false,false,false,false,false,false,false,false,false,false,false,-83.06822,42.32068,"{
  ""coordinates"": [
    -8.306822467281370e+01,
    4.232068055196210e+01
  ],
  ""type"": ""Point""
}","{
  ""coordinates"": [
    -83.068224673,
    42.320680552
  ],
  ""type"": ""Point""
}",-83.068224673,42.3206805520001
948,1356898,S/B M 39,WARREN,2018-04-19,19,4,2018,16,5,5,3,,1,0,Asphalt,1,1,1,55,3,2,2,5,0,0,0,0,true,false,false,false,false,false,false,false,false,false,false,false,false,false,true,false,false,false,false,false,false,false,-83.21629,42.34482,"{
  ""coordinates"": [
    -8.321628758228741e+01,
    4.234482230212660e+01
  ],
  ""type"": ""Point""
}","{
  ""coordinates"": [
    -83.216287582,
    42.344822302
  ],
  ""type"": ""Point""
}",-83.2162875819999,42.3448223020001
949,1355261,KENDALL,ROSA PARKS,2018-04-19,19,4,2018,23,5,97,9,,,0,,1,1,4,25,2,2,1,5,0,0,0,0,true,false,false,false,false,false,false,false,false,false,false,false,false,false,false,false,false,false,false,false,false,false,-83.11619,42.40058,"{
  ""coordinates"": [
    -8.311618566284710e+01,
    4.240057921351870e+01
  ],
  ""type"": ""Point""
}","{
  ""coordinates"": [
    -83.116185663,
    42.400579214
  ],
  ""type"": ""Point""
}",-83.116185663,42.4005792140001
950,1355151,I 75 N/B,CARPENTER,2018-04-19,19,4,2018,16,5,5,1,,1,0,Asphalt,1,1,1,70,5,2,2,4,0,0,0,1,false,false,false,false,false,false,false,false,false,false,false,false,false,false,false,false,false,false,false,false,false,false,-83.07445,42.40564,"{
  ""coordinates"": [
    -8.307444752757480e+01,
    4.240563945332970e+01
  ],
  ""type"": ""Point""
}","{
  ""coordinates"": [
    -83.074447528,
    42.405639453
  ],
  ""type"": ""Point""
}",-83.074447528,42.405639453
951,1377680,E/B I-94,M-10,2018-04-19,19,4,2018,15,5,8,1,,1,0,Asphalt,1,1,1,55,3,3,2,5,0,0,0,0,true,false,false,false,false,false,false,false,false,false,true,false,false,false,false,false,false,false,false,false,false,false,-83.07679,42.35858,"{
  ""coordinates"": [
    -8.307679126683951e+01,
    4.235858329730310e+01
  ],
  ""type"": ""Point""
}","{
  ""coordinates"": [
    -83.076791267,
    42.358583297
  ],
  ""type"": ""Point""
}",-83.076791267,42.3585832970001
952,1355137,E I 96 CD,S M 39,2018-04-19,19,4,2018,18,5,5,1,,1,0,Concrete,1,1,1,55,2,2,2,5,0,0,0,0,true,false,false,false,false,false,false,false,false,false,false,false,false,false,false,false,false,false,false,false,false,false,-83.21715,42.37841,"{
  ""coordinates"": [
    -8.321714726296980e+01,
    4.237841174696350e+01
  ],
  ""type"": ""Point""
}","{
  ""coordinates"": [
    -83.217147263,
    42.378411747
  ],
  ""type"": ""Point""
}",-83.217147263,42.378411747
953,1354001,FOREST,ELLERY,2018-04-19,19,4,2018,14,5,8,9,,4,0,Asphalt,1,1,1,30,3,2,3,5,0,0,0,0,true,false,false,false,false,false,false,false,false,false,false,false,false,false,false,false,false,false,false,false,false,false,-83.02888,42.36743,"{
  ""coordinates"": [
    -8.302887673418040e+01,
    4.236743192397930e+01
  ],
  ""type"": ""Point""
}","{
  ""coordinates"": [
    -83.028876734,
    42.367431924
  ],
  ""type"": ""Point""
}",-83.0288767339999,42.3674319240001
954,1353977,S I 75,RAMP 216A,2018-04-19,19,4,2018,7,5,5,1,,1,0,Concrete,1,1,2,65,4,2,1,5,0,0,0,0,true,false,false,false,false,false,false,false,false,false,false,false,false,false,false,false,false,false,false,false,false,false,-83.05471,42.36111,"{
  ""coordinates"": [
    -8.305471037054321e+01,
    4.236111265647020e+01
  ],
  ""type"": ""Point""
}","{
  ""coordinates"": [
    -83.054710371,
    42.361112656
  ],
  ""type"": ""Point""
}",-83.0547103709999,42.361112656
955,1354025,SEVEN MILE,MOUNT ELLIOT,2018-04-19,19,4,2018,22,5,1,9,,4,0,Asphalt,1,1,3,35,4,1,1,4,0,0,0,1,false,false,false,false,false,false,false,false,false,false,false,false,false,false,false,false,false,false,false,false,false,false,-83.04367,42.43357,"{
  ""coordinates"": [
    -8.304366926023890e+01,
    4.243356883740490e+01
  ],
  ""type"": ""Point""
}","{
  ""coordinates"": [
    -83.04366926,
    42.433568837
  ],
  ""type"": ""Point""
}",-83.0436692599999,42.4335688370001
956,1356896,I 94,GRAND RIVER,2018-04-19,19,4,2018,18,5,5,1,,1,0,Asphalt,4,1,1,55,3,3,1,5,0,0,0,0,true,false,false,false,true,false,false,false,false,false,false,false,false,false,false,false,false,false,false,false,false,false,-83.09608,42.35119,"{
  ""coordinates"": [
    -8.309607403718429e+01,
    4.235119337109230e+01
  ],
  ""type"": ""Point""
}","{
  ""coordinates"": [
    -83.096074037,
    42.351193371
  ],
  ""type"": ""Point""
}",-83.0960740369999,42.3511933710001
957,1353957,ILENE,LYNDON,2018-04-19,19,4,2018,16,5,4,9,,,0,,1,1,1,25,2,2,3,4,0,0,0,1,false,false,false,false,false,false,false,false,false,false,false,false,false,false,false,false,false,false,false,false,false,false,-83.1615,42.39576,"{
  ""coordinates"": [
    -8.316149732809200e+01,
    4.239575386900320e+01
  ],
  ""type"": ""Point""
}","{
  ""coordinates"": [
    -83.161497328,
    42.395753869
  ],
  ""type"": ""Point""
}",-83.1614973279999,42.395753869
958,1353966,MEYERS,GRAND RIVER,2018-04-19,19,4,2018,21,5,97,3,,4,0,Asphalt,1,1,4,,2,2,0,4,0,0,0,1,false,false,false,false,true,false,false,false,false,false,false,false,true,false,false,false,false,false,false,false,false,false,-83.16846,42.38061,"{
  ""coordinates"": [
    -8.316845709369180e+01,
    4.238060993657070e+01
  ],
  ""type"": ""Point""
}","{
  ""coordinates"": [
    -83.168457094,
    42.380609937
  ],
  ""type"": ""Point""
}",-83.168457094,42.380609937
959,1355274,7 MILE,WINTHROP,2018-04-19,19,4,2018,17,5,3,9,,2,0,Asphalt,1,1,1,30,4,2,2,5,0,0,0,0,true,true,false,false,false,false,false,false,false,false,false,false,false,true,false,false,false,false,false,false,false,false,-83.20134,42.43039,"{
  ""coordinates"": [
    -8.320133872382640e+01,
    4.243039440409990e+01
  ],
  ""type"": ""Point""
}","{
  ""coordinates"": [
    -83.201338724,
    42.430394404
  ],
  ""type"": ""Point""
}",-83.201338724,42.430394404
960,1356904,M39,8 MILE,2018-04-19,19,4,2018,15,5,5,3,,1,0,Concrete,1,1,1,55,3,2,2,5,0,0,0,0,true,false,false,false,false,false,false,false,false,false,false,false,false,false,false,false,false,false,false,false,false,false,-83.21968,42.44127,"{
  ""coordinates"": [
    -8.321968429813400e+01,
    4.244127337598910e+01
  ],
  ""type"": ""Point""
}","{
  ""coordinates"": [
    -83.219684298,
    42.441273376
  ],
  ""type"": ""Point""
}",-83.2196842979999,42.441273376
961,1356915,FORT,MIAMI,2018-04-19,19,4,2018,16,5,1,3,,1,0,Asphalt,1,1,1,45,3,2,1,1,1,0,0,0,false,false,false,false,true,false,false,false,false,true,false,false,true,false,false,false,false,false,false,false,false,false,-83.15679,42.27422,"{
  ""coordinates"": [
    -8.315679296952391e+01,
    4.227421450727490e+01
  ],
  ""type"": ""Point""
}","{
  ""coordinates"": [
    -83.15679297,
    42.274214507
  ],
  ""type"": ""Point""
}",-83.15679297,42.2742145070001
962,1356900,I-75,CASS,2018-04-19,19,4,2018,16,5,8,1,,1,0,Concrete,1,1,1,55,4,2,2,5,0,0,0,0,true,false,false,false,false,false,false,false,false,false,false,false,false,true,false,false,false,false,false,false,false,false,-83.05615,42.33854,"{
  ""coordinates"": [
    -8.305615275742620e+01,
    4.233853575097410e+01
  ],
  ""type"": ""Point""
}","{
  ""coordinates"": [
    -83.056152757,
    42.338535751
  ],
  ""type"": ""Point""
}",-83.0561527569999,42.3385357510001
963,1355276,OUTER,N M 10,2018-04-19,19,4,2018,6,5,4,9,,2,0,Asphalt,1,1,4,,2,2,2,5,0,0,0,0,true,false,true,true,true,false,false,false,false,false,false,false,false,true,false,false,false,false,false,false,false,false,-83.17612,42.42089,"{
  ""coordinates"": [
    -8.317611881457920e+01,
    4.242089584017060e+01
  ],
  ""type"": ""Point""
}","{
  ""coordinates"": [
    -83.176118815,
    42.42089584
  ],
  ""type"": ""Point""
}",-83.1761188149999,42.4208958400001
964,1353963,CHEYENNE,CHALFONTE,2018-04-19,19,4,2018,21,5,4,9,,,0,,1,1,4,25,2,2,5,5,0,0,0,0,true,false,false,false,false,false,false,false,false,false,false,false,false,false,true,false,false,false,false,false,false,false,-83.17471,42.40002,"{
  ""coordinates"": [
    -8.317470916166459e+01,
    4.240001813329440e+01
  ],
  ""type"": ""Point""
}","{
  ""coordinates"": [
    -83.174709162,
    42.400018133
  ],
  ""type"": ""Point""
}",-83.1747091619999,42.4000181330001
965,1356902,I-94,30TH,2018-04-19,19,4,2018,17,5,5,1,,1,0,Asphalt,1,1,1,55,3,4,4,4,0,0,0,1,false,false,false,false,false,false,false,false,false,false,false,false,false,false,false,false,false,false,false,false,false,false,-83.11476,42.34334,"{
  ""coordinates"": [
    -8.311475987313540e+01,
    4.234333872256680e+01
  ],
  ""type"": ""Point""
}","{
  ""coordinates"": [
    -83.114759873,
    42.343338723
  ],
  ""type"": ""Point""
}",-83.114759873,42.343338723
966,1361375,MARCUS,RAYMOND,2018-04-19,19,4,2018,4,5,1,9,,,1,,1,1,4,25,1,1,1,5,0,0,0,0,true,false,false,false,false,false,false,false,false,false,false,false,false,false,false,false,false,false,false,false,false,false,-83.0086,42.39701,"{
  ""coordinates"": [
    -8.300859619209400e+01,
    4.239701297874290e+01
  ],
  ""type"": ""Point""
}","{
  ""coordinates"": [
    -83.008596192,
    42.397012979
  ],
  ""type"": ""Point""
}",-83.008596192,42.3970129790001
967,1353950,RAYMOND,MARCUS,2018-04-19,19,4,2018,5,5,10,9,,,3,,1,1,4,20,2,2,2,5,0,0,0,0,true,false,false,false,false,false,false,false,false,false,false,false,false,false,false,false,true,false,false,false,false,false,-83.00864,42.39701,"{
  ""coordinates"": [
    -8.300863604294760e+01,
    4.239700970951670e+01
  ],
  ""type"": ""Point""
}","{
  ""coordinates"": [
    -83.008636043,
    42.39700971
  ],
  ""type"": ""Point""
}",-83.008636043,42.3970097100001
968,1353962,MARLOWE,PLYMOUTH,2018-04-19,19,4,2018,22,5,8,9,,,0,,1,1,4,25,2,2,0,5,0,0,0,0,true,false,false,false,true,false,false,false,false,false,true,false,false,false,false,false,false,false,false,false,false,false,-83.18884,42.37253,"{
  ""coordinates"": [
    -8.318883484857250e+01,
    4.237253271287710e+01
  ],
  ""type"": ""Point""
}","{
  ""coordinates"": [
    -83.188834849,
    42.372532713
  ],
  ""type"": ""Point""
}",-83.188834849,42.3725327130001
969,1355205,JEFFERSON,CONNER,2018-04-19,19,4,2018,8,5,4,9,,4,0,Asphalt,1,1,1,35,4,2,1,5,0,0,0,0,true,false,false,false,true,false,false,false,false,false,false,false,false,false,false,false,false,false,false,false,false,false,-82.96229,42.3696,"{
  ""coordinates"": [
    -8.296228970665760e+01,
    4.236959824214520e+01
  ],
  ""type"": ""Point""
}","{
  ""coordinates"": [
    -82.962289707,
    42.369598242
  ],
  ""type"": ""Point""
}",-82.962289707,42.3695982420001
970,1354015,WHITTIER,RIAD,2018-04-19,19,4,2018,15,5,8,9,,4,0,Asphalt,1,1,1,30,2,2,1,5,0,0,0,0,true,false,false,false,true,false,false,false,false,false,false,false,false,false,false,false,false,false,false,false,false,false,-82.96107,42.42025,"{
  ""coordinates"": [
    -8.296106521800810e+01,
    4.242025132203950e+01
  ],
  ""type"": ""Point""
}","{
  ""coordinates"": [
    -82.961065218,
    42.420251322
  ],
  ""type"": ""Point""
}",-82.961065218,42.4202513220001
971,1355230,SCHOOLCRAFT,FAUST,2018-04-19,19,4,2018,20,5,4,9,,2,0,Asphalt,1,1,4,35,2,2,3,5,0,0,0,0,true,false,true,false,false,false,false,false,false,false,false,false,false,false,false,false,false,false,false,false,false,false,-83.22224,42.38658,"{
  ""coordinates"": [
    -8.322224289680111e+01,
    4.238658155963680e+01
  ],
  ""type"": ""Point""
}","{
  ""coordinates"": [
    -83.222242897,
    42.38658156
  ],
  ""type"": ""Point""
}",-83.2222428969999,42.38658156
972,1356906,M39,JOY,2018-04-19,19,4,2018,16,5,5,3,,1,0,Asphalt,1,1,1,55,3,2,2,5,0,0,0,0,true,false,false,false,false,false,false,false,false,false,false,false,false,false,false,false,false,false,false,false,false,false,-83.21634,42.36075,"{
  ""coordinates"": [
    -8.321633772103711e+01,
    4.236074844507850e+01
  ],
  ""type"": ""Point""
}","{
  ""coordinates"": [
    -83.216337721,
    42.360748445
  ],
  ""type"": ""Point""
}",-83.2163377209999,42.3607484450001
973,1353935,I 75,CLAY,2018-04-19,19,4,2018,18,5,5,1,,1,0,Asphalt,1,1,1,70,4,2,2,4,0,0,0,1,false,false,false,false,false,false,false,false,false,false,false,false,false,false,true,false,false,false,false,false,false,false,-83.06178,42.37715,"{
  ""coordinates"": [
    -8.306177838806080e+01,
    4.237714774180400e+01
  ],
  ""type"": ""Point""
}","{
  ""coordinates"": [
    -83.061778388,
    42.377147742
  ],
  ""type"": ""Point""
}",-83.0617783879999,42.377147742
974,1353960,7 MILE,WINTHROP,2018-04-19,19,4,2018,7,5,4,9,,2,0,Asphalt,1,1,2,35,5,2,2,5,0,0,0,0,true,false,false,false,false,false,false,false,false,false,false,false,false,false,false,false,false,false,false,false,false,false,-83.20103,42.4304,"{
  ""coordinates"": [
    -8.320102595032490e+01,
    4.243040045951670e+01
  ],
  ""type"": ""Point""
}","{
  ""coordinates"": [
    -83.20102595,
    42.43040046
  ],
  ""type"": ""Point""
}",-83.20102595,42.43040046
975,1354019,JOHN C LODGE SERVICE,CLAIRMOUNT,2018-04-19,19,4,2018,7,5,8,3,,1,0,Concrete,1,1,1,35,3,2,4,5,0,0,0,0,true,false,false,false,false,false,false,false,false,false,false,false,false,false,false,false,false,false,false,false,false,false,-83.09028,42.37948,"{
  ""coordinates"": [
    -8.309028188055440e+01,
    4.237948162411790e+01
  ],
  ""type"": ""Point""
}","{
  ""coordinates"": [
    -83.090281881,
    42.379481624
  ],
  ""type"": ""Point""
}",-83.090281881,42.3794816240001
976,1356960,GREENFIELD,PEMBROKE,2018-04-19,19,4,2018,23,5,1,9,,2,0,Asphalt,1,1,4,35,2,1,1,4,0,0,0,1,false,false,false,false,false,false,false,false,false,false,false,false,false,false,false,false,false,false,false,false,false,false,-83.20018,42.43765,"{
  ""coordinates"": [
    -8.320017886028390e+01,
    4.243765041255300e+01
  ],
  ""type"": ""Point""
}","{
  ""coordinates"": [
    -83.20017886,
    42.437650413
  ],
  ""type"": ""Point""
}",-83.2001788599999,42.437650413
977,1355225,SOUTHFIELD SERVICE DRIVE,RAMP 012A,2018-04-19,19,4,2018,18,5,5,3,,4,0,Asphalt,1,1,1,25,3,2,2,5,0,0,0,0,true,false,false,false,false,false,false,false,false,false,true,false,false,false,false,false,false,false,false,false,false,false,-83.2195,42.4423,"{
  ""coordinates"": [
    -8.321949725649390e+01,
    4.244230120338140e+01
  ],
  ""type"": ""Point""
}","{
  ""coordinates"": [
    -83.219497256,
    42.442301203
  ],
  ""type"": ""Point""
}",-83.219497256,42.4423012030001
978,1354008,PURITAN,S M 39,2018-04-19,19,4,2018,1,5,8,9,,4,0,Asphalt,1,1,1,25,2,2,1,5,0,0,0,0,true,false,false,false,false,false,false,false,false,false,false,false,false,true,false,false,false,false,false,false,false,false,-83.21876,42.40833,"{
  ""coordinates"": [
    -8.321876055587990e+01,
    4.240832653889640e+01
  ],
  ""type"": ""Point""
}","{
  ""coordinates"": [
    -83.218760556,
    42.408326539
  ],
  ""type"": ""Point""
}",-83.2187605559999,42.408326539
979,1354014,MORANG,SOMERSET,2018-04-19,19,4,2018,12,5,4,9,,4,0,Asphalt,1,1,1,30,2,2,2,3,0,0,1,0,false,false,false,false,true,false,false,false,false,true,false,false,false,false,false,false,false,false,false,false,false,false,-82.9437,42.42355,"{
  ""coordinates"": [
    -8.294370134512759e+01,
    4.242354678741990e+01
  ],
  ""type"": ""Point""
}","{
  ""coordinates"": [
    -82.943701345,
    42.423546787
  ],
  ""type"": ""Point""
}",-82.943701345,42.4235467870001
980,1357694,QUEEN,ROSSINI,2018-04-19,19,4,2018,6,5,8,9,,,3,,1,1,1,25,1,2,0,5,0,0,0,0,true,false,false,false,true,false,false,false,false,false,false,false,false,false,false,false,false,false,false,false,false,false,-82.9689,42.44352,"{
  ""coordinates"": [
    -8.296890374787500e+01,
    4.244351427371540e+01
  ],
  ""type"": ""Point""
}","{
  ""coordinates"": [
    -82.968903748,
    42.443514274
  ],
  ""type"": ""Point""
}",-82.9689037479999,42.4435142740001
981,1365755,GRAND RIVER,TIMES,2018-04-19,19,4,2018,12,5,1,9,,4,0,Asphalt,1,1,1,,1,2,1,4,0,0,0,1,false,false,false,false,false,false,false,false,false,false,false,false,true,false,false,false,false,false,false,false,false,false,-83.05226,42.33366,"{
  ""coordinates"": [
    -8.305225961002270e+01,
    4.233365675320370e+01
  ],
  ""type"": ""Point""
}","{
  ""coordinates"": [
    -83.05225961,
    42.333656753
  ],
  ""type"": ""Point""
}",-83.05225961,42.3336567530001
982,1356899,I96,DAVISON,2018-04-19,19,4,2018,6,5,5,3,,1,0,Asphalt,1,1,4,70,3,2,2,5,0,0,0,0,true,false,false,false,false,false,false,false,false,false,false,false,false,false,false,false,false,false,false,false,false,false,-83.13515,42.38813,"{
  ""coordinates"": [
    -8.313515173777330e+01,
    4.238812493850480e+01
  ],
  ""type"": ""Point""
}","{
  ""coordinates"": [
    -83.135151738,
    42.388124939
  ],
  ""type"": ""Point""
}",-83.135151738,42.3881249390001