ObjectId,Crash ID,Primary Road,Intersecting Road,Crash Date,Day,Month,Year,Hour,Weekday,Crash Type Code,Highway Classification Code,Community Code,Jurisdiction Code,Lane Departure Type Code,Surface Type,Road Condition,Weather Condition,Lighting Condition,Speed Limit,Lanes,Units,Occupants,Most Severe Injury,Fatal Injuries,Suspected Serious Injuries,Suspected Minor Injuries,Possible Injuries,Property Damage Only,Secondary Crash,Traffic Control,Red Light Run,Hit and Run,Alcohol,Drugs,Unbelted Person,Work Zone,Speeding Driver,Distracted Driver,Driveway,Pedestrian,Elderly Driver,Young Driver,Commercial Vehicle,Emergency Vehicles,Train,School Bus,Motorcycle,Bicycle,Deer,Longitude,Latitude,geom,geog,x,y
1092,1353958,FENKELL,WARD,2018-04-17,17,4,2018,16,3,8,9,,2,0,Asphalt,1,1,1,35,2,2,1,5,0,0,0,0,true,false,false,false,false,false,false,false,false,false,false,false,false,false,false,false,false,false,false,false,false,false,-83.17381,42.40216,"{
  ""coordinates"": [
    -8.317380812734940e+01,
    4.240216248874640e+01
  ],
  ""type"": ""Point""
}","{
  ""coordinates"": [
    -83.173808127,
    42.402162489
  ],
  ""type"": ""Point""
}",-83.173808127,42.402162489
1093,1352366,N M 10,RAMP 215E,2018-04-17,17,4,2018,9,3,1,3,,1,1,Concrete,2,2,1,55,3,1,1,5,0,0,0,0,true,false,false,false,false,false,false,false,false,true,false,false,false,false,false,false,false,false,false,false,false,false,-83.07853,42.36282,"{
  ""coordinates"": [
    -8.307852819029510e+01,
    4.236281926125530e+01
  ],
  ""type"": ""Point""
}","{
  ""coordinates"": [
    -83.07852819,
    42.362819261
  ],
  ""type"": ""Point""
}",-83.07852819,42.362819261
1094,1352451,8 MILE,S I 75,2018-04-17,17,4,2018,16,3,8,3,,1,0,Concrete,1,1,1,35,3,2,3,5,0,0,0,0,true,false,false,false,true,false,false,false,false,false,false,false,false,false,false,false,false,false,false,false,false,false,-83.09483,42.4468,"{
  ""coordinates"": [
    -8.309483411077520e+01,
    4.244679987764780e+01
  ],
  ""type"": ""Point""
}","{
  ""coordinates"": [
    -83.094834111,
    42.446799878
  ],
  ""type"": ""Point""
}",-83.094834111,42.446799878
1095,1353982,LONYO,MCGRAW,2018-04-17,17,4,2018,7,3,9,9,,4,0,Asphalt,3,8,1,30,2,2,2,5,0,0,0,0,true,false,false,false,false,false,false,false,false,false,false,false,false,true,false,false,false,false,false,false,false,false,-83.14633,42.33308,"{
  ""coordinates"": [
    -8.314632994422200e+01,
    4.233307650757000e+01
  ],
  ""type"": ""Point""
}","{
  ""coordinates"": [
    -83.146329944,
    42.333076508
  ],
  ""type"": ""Point""
}",-83.1463299439999,42.333076508
1096,1354037,LIVERNOIS,FLORENCE,2018-04-17,17,4,2018,15,3,4,9,,4,0,Asphalt,1,2,1,30,2,2,2,5,0,0,0,0,true,false,false,false,false,false,false,false,false,false,false,false,false,false,true,false,false,false,false,false,false,false,-83.14052,42.41235,"{
  ""coordinates"": [
    -8.314051485507980e+01,
    4.241235049005850e+01
  ],
  ""type"": ""Point""
}","{
  ""coordinates"": [
    -83.140514855,
    42.41235049
  ],
  ""type"": ""Point""
}",-83.1405148549999,42.4123504900001
1097,1355168,I-75,LIVERNOIS,2018-04-17,17,4,2018,14,3,8,1,,1,0,Concrete,1,2,1,55,3,2,2,5,0,0,0,0,true,false,false,false,false,false,false,false,true,false,false,false,false,false,false,true,false,false,false,false,false,false,-83.10445,42.30739,"{
  ""coordinates"": [
    -8.310444609676991e+01,
    4.230739171208330e+01
  ],
  ""type"": ""Point""
}","{
  ""coordinates"": [
    -83.104446097,
    42.307391712
  ],
  ""type"": ""Point""
}",-83.1044460969999,42.307391712
1098,1354043,SCHAEFER,S M 10,2018-04-17,17,4,2018,8,3,5,9,,4,0,Concrete,3,5,1,35,4,2,4,5,0,0,0,0,true,false,false,false,false,false,false,false,false,false,false,false,false,false,false,false,false,false,false,false,false,false,-83.1802,42.42489,"{
  ""coordinates"": [
    -8.318019725136780e+01,
    4.242489377016180e+01
  ],
  ""type"": ""Point""
}","{
  ""coordinates"": [
    -83.180197251,
    42.42489377
  ],
  ""type"": ""Point""
}",-83.180197251,42.42489377
1099,1354036,7 MILE,N I 75 SERVICE DRIVE,2018-04-17,17,4,2018,5,3,4,9,,4,0,Concrete,2,5,4,30,4,2,2,4,0,0,0,1,false,false,true,true,false,false,false,false,false,false,false,false,false,false,false,false,false,false,false,false,false,false,-83.09429,42.4325,"{
  ""coordinates"": [
    -8.309429148432019e+01,
    4.243249737008700e+01
  ],
  ""type"": ""Point""
}","{
  ""coordinates"": [
    -83.094291484,
    42.43249737
  ],
  ""type"": ""Point""
}",-83.0942914839999,42.4324973700001
1100,1352467,LIVERNOIS,CHICAGO,2018-04-17,17,4,2018,8,3,2,9,,4,2,Asphalt,3,5,1,35,2,3,3,3,0,0,1,0,false,false,false,false,false,false,false,false,false,false,false,false,false,false,false,false,false,false,false,false,false,false,-83.1387,42.36639,"{
  ""coordinates"": [
    -8.313870584464200e+01,
    4.236638664021070e+01
  ],
  ""type"": ""Point""
}","{
  ""coordinates"": [
    -83.138705845,
    42.36638664
  ],
  ""type"": ""Point""
}",-83.1387058449999,42.36638664
1101,1355180,FENKELL,WARD,2018-04-17,17,4,2018,17,3,5,9,,2,0,Asphalt,1,1,1,35,2,2,2,4,0,0,0,2,false,false,false,false,false,false,false,false,false,false,false,false,false,false,false,false,false,false,false,false,false,false,-83.17379,42.40216,"{
  ""coordinates"": [
    -8.317378857386041e+01,
    4.240216288666540e+01
  ],
  ""type"": ""Point""
}","{
  ""coordinates"": [
    -83.173788574,
    42.402162887
  ],
  ""type"": ""Point""
}",-83.173788574,42.402162887
1102,1353750,S M 39,JOY,2018-04-17,17,4,2018,9,3,5,3,,1,0,Asphalt,2,5,1,,3,2,1,5,0,0,0,0,true,false,false,false,true,false,false,false,false,false,false,false,false,false,false,false,false,false,false,false,false,false,-83.21659,42.35924,"{
  ""coordinates"": [
    -8.321659387544670e+01,
    4.235923829484740e+01
  ],
  ""type"": ""Point""
}","{
  ""coordinates"": [
    -83.216593875,
    42.359238295
  ],
  ""type"": ""Point""
}",-83.2165938749999,42.3592382950001
1103,1353971,WOODWARD,SEWARD,2018-04-17,17,4,2018,8,3,5,3,,1,0,Asphalt,97,2,1,30,3,2,2,5,0,0,0,0,true,false,false,false,false,false,false,false,false,false,false,false,false,false,false,false,false,false,false,false,false,false,-83.07642,42.37492,"{
  ""coordinates"": [
    -8.307642321945180e+01,
    4.237491674416550e+01
  ],
  ""type"": ""Point""
}","{
  ""coordinates"": [
    -83.076423219,
    42.374916744
  ],
  ""type"": ""Point""
}",-83.0764232189999,42.3749167440001
1104,1357683,CLARK,VERNOR,2018-04-17,17,4,2018,23,3,8,9,,4,0,Asphalt,98,98,4,25,2,2,0,5,0,0,0,0,true,false,false,false,true,false,false,false,false,false,false,false,false,false,false,false,false,false,false,false,false,false,-83.09549,42.31979,"{
  ""coordinates"": [
    -8.309548814364150e+01,
    4.231978893609140e+01
  ],
  ""type"": ""Point""
}","{
  ""coordinates"": [
    -83.095488144,
    42.319788936
  ],
  ""type"": ""Point""
}",-83.0954881439999,42.3197889360001
1105,1382737,DAVISON,LIVERNOIS,2018-04-17,17,4,2018,17,3,8,3,,1,0,Concrete,1,1,1,35,8,2,2,5,0,0,0,0,true,false,false,false,false,false,false,false,false,false,false,false,false,false,false,false,false,false,false,false,false,false,-83.13951,42.38649,"{
  ""coordinates"": [
    -8.313950844761240e+01,
    4.238649543793290e+01
  ],
  ""type"": ""Point""
}","{
  ""coordinates"": [
    -83.139508448,
    42.386495438
  ],
  ""type"": ""Point""
}",-83.139508448,42.3864954380001
1106,1353984,FORT,ELSMERE,2018-04-17,17,4,2018,16,3,5,3,,1,0,Asphalt,1,2,1,30,5,3,3,5,0,0,0,0,true,false,false,false,false,false,false,false,false,false,false,false,false,false,false,false,false,false,false,false,false,false,-83.12835,42.29667,"{
  ""coordinates"": [
    -8.312834734045740e+01,
    4.229667291850170e+01
  ],
  ""type"": ""Point""
}","{
  ""coordinates"": [
    -83.12834734,
    42.296672919
  ],
  ""type"": ""Point""
}",-83.1283473399999,42.2966729190001
1107,1352415,GREENFIELD,SCHOOLCRAFT,2018-04-17,17,4,2018,17,3,97,9,,2,0,Asphalt,1,1,1,35,4,3,4,5,0,0,0,0,true,false,false,false,false,false,false,false,false,false,false,false,false,false,false,false,false,false,false,false,false,false,-83.19818,42.38733,"{
  ""coordinates"": [
    -8.319818038751910e+01,
    4.238732621045260e+01
  ],
  ""type"": ""Point""
}","{
  ""coordinates"": [
    -83.198180388,
    42.38732621
  ],
  ""type"": ""Point""
}",-83.198180388,42.38732621
1108,1355150,N M 39,I 96 SERVICE DRIVE,2018-04-17,17,4,2018,19,3,8,3,,1,0,Asphalt,1,2,3,55,3,2,3,5,0,0,0,0,true,false,false,false,true,false,false,false,false,false,false,false,false,false,false,false,false,false,false,false,false,false,-83.21686,42.37798,"{
  ""coordinates"": [
    -8.321686020233280e+01,
    4.237797359424050e+01
  ],
  ""type"": ""Point""
}","{
  ""coordinates"": [
    -83.216860202,
    42.377973594
  ],
  ""type"": ""Point""
}",-83.216860202,42.377973594
1109,1355144,I-96,TELEGRAPH,2018-04-17,17,4,2018,17,3,5,1,,1,0,Asphalt,1,1,1,70,4,2,2,5,0,0,0,0,true,false,false,false,false,false,false,false,false,false,false,false,false,false,false,false,false,false,false,false,false,false,-83.27116,42.38563,"{
  ""coordinates"": [
    -8.327116447958430e+01,
    4.238562828253800e+01
  ],
  ""type"": ""Point""
}","{
  ""coordinates"": [
    -83.27116448,
    42.385628283
  ],
  ""type"": ""Point""
}",-83.27116448,42.3856282830001
1110,1352449,DEQUINDRE,WARREN,2018-04-17,17,4,2018,8,3,5,9,,4,0,Asphalt,3,5,1,30,3,2,2,5,0,0,0,0,true,false,false,false,true,false,false,false,false,false,false,false,false,false,true,false,false,false,false,false,false,false,-83.07957,42.35182,"{
  ""coordinates"": [
    -8.307957434238340e+01,
    4.235181784238600e+01
  ],
  ""type"": ""Point""
}","{
  ""coordinates"": [
    -83.079574342,
    42.351817842
  ],
  ""type"": ""Point""
}",-83.0795743419999,42.3518178420001
1111,1355136,E I 94,CHENE,2018-04-17,17,4,2018,23,3,1,1,,1,1,Concrete,1,2,4,55,3,1,1,4,0,0,0,1,false,false,false,false,false,false,false,false,false,false,false,false,false,false,false,false,false,false,false,false,false,false,-83.0465,42.37424,"{
  ""coordinates"": [
    -8.304650167265829e+01,
    4.237424305968720e+01
  ],
  ""type"": ""Point""
}","{
  ""coordinates"": [
    -83.046501673,
    42.37424306
  ],
  ""type"": ""Point""
}",-83.046501673,42.37424306
1112,1353922,044B,I-75,2018-04-17,17,4,2018,1,3,1,1,,1,1,Asphalt,3,1,4,25,1,1,1,5,0,0,0,0,true,false,false,false,false,false,false,false,false,true,false,false,false,false,false,false,false,false,false,false,false,false,-83.05566,42.36386,"{
  ""coordinates"": [
    -8.305565430152190e+01,
    4.236385794868870e+01
  ],
  ""type"": ""Point""
}","{
  ""coordinates"": [
    -83.055654302,
    42.363857949
  ],
  ""type"": ""Point""
}",-83.0556543019999,42.3638579490001
1113,1355231,MCNICHOLS,OUTER,2018-04-17,17,4,2018,21,3,4,9,,2,0,Asphalt,1,1,5,35,4,2,2,5,0,0,0,0,true,false,false,false,false,false,false,false,false,false,false,false,false,false,false,false,false,false,false,false,false,false,-83.23182,42.41529,"{
  ""coordinates"": [
    -8.323182023040491e+01,
    4.241529235518840e+01
  ],
  ""type"": ""Point""
}","{
  ""coordinates"": [
    -83.23182023,
    42.415292355
  ],
  ""type"": ""Point""
}",-83.23182023,42.4152923550001
1114,1352473,ANGLIN,REMINGTON,2018-04-17,17,4,2018,12,3,97,9,,,0,,1,1,1,25,2,2,2,5,0,0,0,0,true,false,false,false,false,false,false,false,false,false,false,false,false,false,false,false,false,false,false,false,false,false,-83.07496,42.43988,"{
  ""coordinates"": [
    -8.307495891574280e+01,
    4.243987475792000e+01
  ],
  ""type"": ""Point""
}","{
  ""coordinates"": [
    -83.074958916,
    42.439874758
  ],
  ""type"": ""Point""
}",-83.074958916,42.439874758
1115,1353978,FORT,LAWNDALE,2018-04-17,17,4,2018,18,3,9,3,,1,0,Asphalt,1,1,1,30,5,3,5,4,0,0,0,5,false,false,false,false,false,false,true,true,false,false,false,false,false,false,false,false,false,false,false,false,false,false,-83.12472,42.29806,"{
  ""coordinates"": [
    -8.312472046484380e+01,
    4.229805972632780e+01
  ],
  ""type"": ""Point""
}","{
  ""coordinates"": [
    -83.124720465,
    42.298059726
  ],
  ""type"": ""Point""
}",-83.1247204649999,42.2980597260001
1116,1355189,FOREST,ANTHONY WAYNE,2018-04-17,17,4,2018,13,3,5,9,,4,0,Asphalt,2,1,1,,3,2,2,4,0,0,0,1,false,false,false,false,true,false,false,false,false,false,false,false,false,false,false,false,false,false,false,false,false,false,-83.06996,42.35233,"{
  ""coordinates"": [
    -8.306995911847410e+01,
    4.235232414595800e+01
  ],
  ""type"": ""Point""
}","{
  ""coordinates"": [
    -83.069959118,
    42.352324146
  ],
  ""type"": ""Point""
}",-83.069959118,42.3523241460001
1117,1352460,EVERGREEN,VERNE,2018-04-17,17,4,2018,12,3,8,9,,4,0,Asphalt,1,2,1,30,4,2,2,5,0,0,0,0,true,false,false,false,false,false,false,false,false,false,false,false,false,false,true,false,false,false,false,false,false,false,-83.23797,42.41134,"{
  ""coordinates"": [
    -8.323796530561680e+01,
    4.241134265374130e+01
  ],
  ""type"": ""Point""
}","{
  ""coordinates"": [
    -83.237965306,
    42.411342654
  ],
  ""type"": ""Point""
}",-83.237965306,42.4113426540001
1118,1352469,MILFORD,HARTFORD,2018-04-17,17,4,2018,2,3,1,9,,,1,,2,5,4,25,2,1,1,3,0,0,1,0,false,false,false,false,false,false,false,false,false,false,false,false,false,false,false,false,false,false,false,false,false,false,-83.11259,42.34994,"{
  ""coordinates"": [
    -8.311259215990520e+01,
    4.234993688517190e+01
  ],
  ""type"": ""Point""
}","{
  ""coordinates"": [
    -83.11259216,
    42.349936885
  ],
  ""type"": ""Point""
}",-83.11259216,42.349936885
1119,1352425,SEWARD,N M 10,2018-04-17,17,4,2018,8,3,5,9,,,0,,2,5,1,,4,2,2,5,0,0,0,0,true,false,false,false,false,false,false,false,false,false,false,false,false,false,false,false,false,false,false,false,false,false,-83.08492,42.37204,"{
  ""coordinates"": [
    -8.308492551601150e+01,
    4.237204406950290e+01
  ],
  ""type"": ""Point""
}","{
  ""coordinates"": [
    -83.084925516,
    42.37204407
  ],
  ""type"": ""Point""
}",-83.0849255159999,42.3720440700001
1120,1352448,WB WARREN,EVERGREEN,2018-04-17,17,4,2018,15,3,5,9,,2,0,Asphalt,1,2,1,35,4,2,3,5,0,0,0,0,true,true,false,false,false,false,false,false,false,false,false,false,false,false,false,false,false,false,false,false,false,false,-83.23539,42.34312,"{
  ""coordinates"": [
    -8.323538700313100e+01,
    4.234312601570950e+01
  ],
  ""type"": ""Point""
}","{
  ""coordinates"": [
    -83.235387003,
    42.343126016
  ],
  ""type"": ""Point""
}",-83.235387003,42.343126016
1121,1352375,N/B I-75,DAVISON,2018-04-17,17,4,2018,5,3,1,1,,1,1,Concrete,3,8,4,70,4,1,1,5,0,0,0,0,true,false,false,false,false,false,false,false,false,true,false,false,false,false,false,false,false,false,false,false,false,false,-83.07914,42.40856,"{
  ""coordinates"": [
    -8.307914301721550e+01,
    4.240855611889190e+01
  ],
  ""type"": ""Point""
}","{
  ""coordinates"": [
    -83.079143017,
    42.408556119
  ],
  ""type"": ""Point""
}",-83.079143017,42.408556119
1122,1481299,WADSWORTH,SOUTHFIELD SERVICE DRIVE,2018-04-17,17,4,2018,22,3,1,9,,,1,,1,1,5,30,2,1,0,5,0,0,0,0,true,false,false,false,false,false,false,false,false,false,false,false,false,false,false,false,false,false,false,false,false,false,-83.2164,42.37444,"{
  ""coordinates"": [
    -8.321639840760470e+01,
    4.237444313761600e+01
  ],
  ""type"": ""Point""
}","{
  ""coordinates"": [
    -83.216398408,
    42.374443138
  ],
  ""type"": ""Point""
}",-83.216398408,42.3744431380001
1123,1352417,WESTFIELD,PINEHURST,2018-04-17,17,4,2018,13,3,4,9,,,0,,1,1,1,25,4,2,2,5,0,0,0,0,true,false,false,false,false,false,false,false,false,false,false,false,false,false,false,false,false,false,false,false,false,false,-83.16551,42.36386,"{
  ""coordinates"": [
    -8.316551118463350e+01,
    4.236385890193580e+01
  ],
  ""type"": ""Point""
}","{
  ""coordinates"": [
    -83.165511185,
    42.363858902
  ],
  ""type"": ""Point""
}",-83.165511185,42.3638589020001
1124,1355256,CONGRESS,WASHINGTON,2018-04-17,17,4,2018,16,3,4,9,,4,0,Asphalt,1,1,1,30,2,2,3,5,0,0,0,0,true,false,true,true,false,false,false,false,false,false,false,false,false,true,true,false,false,false,false,false,false,false,-83.04922,42.32873,"{
  ""coordinates"": [
    -8.304922693348240e+01,
    4.232873249660240e+01
  ],
  ""type"": ""Point""
}","{
  ""coordinates"": [
    -83.049226933,
    42.328732497
  ],
  ""type"": ""Point""
}",-83.0492269329999,42.328732497
1125,1352413,WYOMING,JEFFRIES,2018-04-17,17,4,2018,22,3,2,9,,4,2,Concrete,1,1,4,,4,2,1,4,0,0,0,1,false,false,false,false,false,false,false,false,false,false,false,false,false,false,false,false,false,false,false,false,false,false,-83.15897,42.38529,"{
  ""coordinates"": [
    -8.315897526027391e+01,
    4.238528785982780e+01
  ],
  ""type"": ""Point""
}","{
  ""coordinates"": [
    -83.15897526,
    42.38528786
  ],
  ""type"": ""Point""
}",-83.15897526,42.3852878600001
1126,1352478,MOUNT ELLIOTT,EVALINE,2018-04-17,17,4,2018,7,3,1,9,,4,1,Asphalt,3,6,1,30,2,1,2,4,0,0,0,1,false,false,false,false,false,false,false,false,false,false,false,false,false,false,false,false,false,false,false,false,false,false,-83.03779,42.40137,"{
  ""coordinates"": [
    -8.303778572807080e+01,
    4.240137584403220e+01
  ],
  ""type"": ""Point""
}","{
  ""coordinates"": [
    -83.037785728,
    42.401375844
  ],
  ""type"": ""Point""
}",-83.037785728,42.401375844
1127,1351237,BURNS,FOREST,2018-04-17,17,4,2018,1,3,8,9,,,3,,1,1,5,25,2,4,1,5,0,0,0,0,true,false,false,false,false,false,false,false,false,false,false,false,false,false,false,true,false,false,false,false,false,false,-83.00504,42.37595,"{
  ""coordinates"": [
    -8.300503745888720e+01,
    4.237594528165190e+01
  ],
  ""type"": ""Point""
}","{
  ""coordinates"": [
    -83.005037459,
    42.375945282
  ],
  ""type"": ""Point""
}",-83.0050374589999,42.375945282
1128,1355152,M-39,GRANDRIVER,2018-04-17,17,4,2018,16,3,5,3,,1,0,Asphalt,1,2,1,55,3,2,4,5,0,0,0,0,true,false,false,false,false,false,false,false,false,false,false,false,false,false,false,false,false,false,false,false,false,false,-83.21837,42.40212,"{
  ""coordinates"": [
    -8.321836503190821e+01,
    4.240211691688240e+01
  ],
  ""type"": ""Point""
}","{
  ""coordinates"": [
    -83.218365032,
    42.402116917
  ],
  ""type"": ""Point""
}",-83.218365032,42.4021169170001
1129,1355166,RAMP 213E,RAMP 213I,2018-04-17,17,4,2018,8,3,5,1,,1,0,Concrete,2,2,1,55,2,2,2,3,0,0,1,1,false,false,false,false,false,false,false,false,false,false,false,false,false,false,false,true,false,false,false,false,false,false,-83.1005,42.35069,"{
  ""coordinates"": [
    -8.310050385402880e+01,
    4.235068804897240e+01
  ],
  ""type"": ""Point""
}","{
  ""coordinates"": [
    -83.100503854,
    42.350688049
  ],
  ""type"": ""Point""
}",-83.100503854,42.350688049
1130,1352373,RAMP 047A,MEADE,2018-04-17,17,4,2018,15,3,1,1,,1,0,Asphalt,1,2,1,55,1,1,2,4,0,0,0,2,false,false,false,false,false,false,false,false,false,true,false,false,false,false,true,false,false,false,false,false,false,false,-83.07532,42.4063,"{
  ""coordinates"": [
    -8.307531937103020e+01,
    4.240629589434900e+01
  ],
  ""type"": ""Point""
}","{
  ""coordinates"": [
    -83.075319371,
    42.406295894
  ],
  ""type"": ""Point""
}",-83.075319371,42.406295894
1131,1354030,MT ELLIOTT,LYNCH,2018-04-17,17,4,2018,8,3,5,9,,4,0,Asphalt,3,4,1,,2,2,1,5,0,0,0,0,true,true,false,false,true,false,false,false,false,false,true,false,false,false,false,false,false,false,false,false,false,false,-83.0377,42.4019,"{
  ""coordinates"": [
    -8.303770682758029e+01,
    4.240190062020490e+01
  ],
  ""type"": ""Point""
}","{
  ""coordinates"": [
    -83.037706828,
    42.40190062
  ],
  ""type"": ""Point""
}",-83.037706828,42.40190062
1132,1428752,I75,GRANDRIVER,2018-04-17,17,4,2018,8,3,2,1,,1,2,Concrete,3,2,1,55,3,2,2,4,0,0,0,1,false,false,false,false,false,false,false,false,false,false,false,false,false,false,false,false,false,false,false,false,false,false,-83.06009,42.33635,"{
  ""coordinates"": [
    -8.306008864307010e+01,
    4.233635014428280e+01
  ],
  ""type"": ""Point""
}","{
  ""coordinates"": [
    -83.060088643,
    42.336350144
  ],
  ""type"": ""Point""
}",-83.060088643,42.3363501440001
1133,1357656,S M 39,RAMP 008W,2018-04-17,17,4,2018,15,3,97,3,,1,0,Asphalt,1,1,1,55,3,4,4,5,0,0,0,0,true,false,false,false,false,false,false,false,false,false,false,false,false,false,false,false,false,false,false,false,false,false,-83.21778,42.38807,"{
  ""coordinates"": [
    -8.321778054767830e+01,
    4.238806829963840e+01
  ],
  ""type"": ""Point""
}","{
  ""coordinates"": [
    -83.217780548,
    42.3880683
  ],
  ""type"": ""Point""
}",-83.217780548,42.3880683
1134,1354050,WOODWARD,SEWARD,2018-04-17,17,4,2018,8,3,5,3,,1,0,Asphalt,3,5,1,30,3,3,1,5,0,0,0,0,true,false,false,false,true,false,false,false,false,false,false,false,false,false,false,false,false,false,false,false,false,false,-83.07655,42.37511,"{
  ""coordinates"": [
    -8.307655049978401e+01,
    4.237510614209800e+01
  ],
  ""type"": ""Point""
}","{
  ""coordinates"": [
    -83.0765505,
    42.375106142
  ],
  ""type"": ""Point""
}",-83.0765504999999,42.375106142
1135,1352378,W I 96 CD,GREENFIELD,2018-04-17,17,4,2018,12,3,8,1,,1,0,Concrete,2,1,1,55,3,3,2,5,0,0,0,0,true,false,false,false,true,false,false,false,false,false,false,false,false,false,false,false,false,false,false,false,false,false,-83.19629,42.37941,"{
  ""coordinates"": [
    -8.319628976713911e+01,
    4.237941485251480e+01
  ],
  ""type"": ""Point""
}","{
  ""coordinates"": [
    -83.196289767,
    42.379414853
  ],
  ""type"": ""Point""
}",-83.1962897669999,42.3794148530001
1136,1355145,I-96,BURT,2018-04-17,17,4,2018,18,3,5,1,,1,0,Concrete,1,1,1,55,3,2,2,5,0,0,0,0,true,false,false,false,false,false,false,false,false,false,false,false,false,false,false,false,false,false,false,false,false,false,-83.25147,42.38555,"{
  ""coordinates"": [
    -8.325147591430751e+01,
    4.238554712757920e+01
  ],
  ""type"": ""Point""
}","{
  ""coordinates"": [
    -83.251475914,
    42.385547128
  ],
  ""type"": ""Point""
}",-83.251475914,42.385547128
1137,1355167,DAVISON,JOSEPH CAMPAU,2018-04-17,17,4,2018,17,3,5,9,,4,0,Asphalt,1,2,1,55,3,2,2,4,0,0,0,1,false,false,false,false,false,false,false,false,false,false,false,false,false,false,false,false,false,false,false,false,false,false,-83.06832,42.41299,"{
  ""coordinates"": [
    -8.306831762102870e+01,
    4.241298656867360e+01
  ],
  ""type"": ""Point""
}","{
  ""coordinates"": [
    -83.068317621,
    42.412986569
  ],
  ""type"": ""Point""
}",-83.0683176209999,42.4129865690001
1138,1352440,WARREN,RAMP 216E,2018-04-17,17,4,2018,9,3,8,9,,4,0,Asphalt,2,5,1,,4,2,3,5,0,0,0,0,true,false,false,false,false,false,false,false,false,false,false,false,false,false,false,false,false,false,false,false,false,false,-83.05426,42.36104,"{
  ""coordinates"": [
    -8.305426148672440e+01,
    4.236103858655140e+01
  ],
  ""type"": ""Point""
}","{
  ""coordinates"": [
    -83.054261487,
    42.361038587
  ],
  ""type"": ""Point""
}",-83.054261487,42.3610385870001
1139,1453293,LIVERNOIS,N M 10,2018-04-17,17,4,2018,8,3,5,9,,4,0,Concrete,4,5,2,30,5,2,6,5,0,0,0,0,true,false,false,false,true,false,false,false,false,false,false,false,false,false,false,false,false,false,false,false,false,false,-83.14024,42.40494,"{
  ""coordinates"": [
    -8.314023788652401e+01,
    4.240493640088290e+01
  ],
  ""type"": ""Point""
}","{
  ""coordinates"": [
    -83.140237887,
    42.404936401
  ],
  ""type"": ""Point""
}",-83.140237887,42.404936401
1140,1354023,VEACH,SAVAGE,2018-04-17,17,4,2018,21,3,8,9,,,0,,1,1,4,,1,2,0,5,0,0,0,0,true,true,false,false,true,false,false,false,false,false,false,false,false,false,false,false,false,false,false,false,false,false,-83.02147,42.44672,"{
  ""coordinates"": [
    -8.302147247368509e+01,
    4.244672399349550e+01
  ],
  ""type"": ""Point""
}","{
  ""coordinates"": [
    -83.021472474,
    42.446723993
  ],
  ""type"": ""Point""
}",-83.0214724739999,42.446723993
1141,1351299,REGENT,COLLINGHAM,2018-04-17,17,4,2018,5,3,4,9,,,0,,2,5,3,25,2,2,2,4,0,0,0,2,false,false,false,false,true,false,false,false,false,false,false,false,false,false,false,false,false,false,false,false,false,false,-82.97581,42.44788,"{
  ""coordinates"": [
    -8.297580943157000e+01,
    4.244788176341160e+01
  ],
  ""type"": ""Point""
}","{
  ""coordinates"": [
    -82.975809432,
    42.447881763
  ],
  ""type"": ""Point""
}",-82.9758094319999,42.4478817630001
1142,1352369,I-75,MCNICHOLS,2018-04-17,17,4,2018,7,3,8,1,,1,0,Asphalt,3,5,2,70,4,2,4,5,0,0,0,0,true,false,false,false,false,false,false,false,false,true,false,false,false,false,false,false,false,false,false,false,false,false,-83.08662,42.41685,"{
  ""coordinates"": [
    -8.308662577676600e+01,
    4.241685119747700e+01
  ],
  ""type"": ""Point""
}","{
  ""coordinates"": [
    -83.086625777,
    42.416851197
  ],
  ""type"": ""Point""
}",-83.0866257769999,42.416851197
1143,1355271,WHITCOMB,CLARITA,2018-04-17,17,4,2018,19,3,8,9,,,3,,1,1,1,25,1,2,1,5,0,0,0,0,true,false,false,false,true,false,false,true,false,false,false,false,false,false,false,false,false,false,false,false,false,false,-83.19737,42.42889,"{
  ""coordinates"": [
    -8.319737313741599e+01,
    4.242889143617950e+01
  ],
  ""type"": ""Point""
}","{
  ""coordinates"": [
    -83.197373137,
    42.428891436
  ],
  ""type"": ""Point""
}",-83.1973731369999,42.4288914360001
1144,1356025,I-94,WARREN,2018-04-17,17,4,2018,18,3,5,1,,1,0,Asphalt,1,1,1,55,3,2,2,5,0,0,0,0,true,false,false,false,false,false,false,false,false,false,false,false,false,false,false,false,false,false,false,false,false,false,-83.11812,42.34051,"{
  ""coordinates"": [
    -8.311811864301301e+01,
    4.234051251439130e+01
  ],
  ""type"": ""Point""
}","{
  ""coordinates"": [
    -83.118118643,
    42.340512514
  ],
  ""type"": ""Point""
}",-83.1181186429999,42.3405125140001
1145,1354060,WOODWARD,ANTOINETTE,2018-04-17,17,4,2018,8,3,8,3,,1,0,Asphalt,3,5,1,30,7,3,5,5,0,0,0,0,true,false,false,false,false,false,false,false,false,true,false,false,false,true,false,false,false,false,false,false,false,false,-83.06913,42.36404,"{
  ""coordinates"": [
    -8.306913132090649e+01,
    4.236403940532780e+01
  ],
  ""type"": ""Point""
}","{
  ""coordinates"": [
    -83.069131321,
    42.364039405
  ],
  ""type"": ""Point""
}",-83.069131321,42.364039405