ObjectId,Crash ID,Primary Road,Intersecting Road,Crash Date,Day,Month,Year,Hour,Weekday,Crash Type Code,Highway Classification Code,Community Code,Jurisdiction Code,Lane Departure Type Code,Surface Type,Road Condition,Weather Condition,Lighting Condition,Speed Limit,Lanes,Units,Occupants,Most Severe Injury,Fatal Injuries,Suspected Serious Injuries,Suspected Minor Injuries,Possible Injuries,Property Damage Only,Secondary Crash,Traffic Control,Red Light Run,Hit and Run,Alcohol,Drugs,Unbelted Person,Work Zone,Speeding Driver,Distracted Driver,Driveway,Pedestrian,Elderly Driver,Young Driver,Commercial Vehicle,Emergency Vehicles,Train,School Bus,Motorcycle,Bicycle,Deer,Longitude,Latitude,geom,geog,x,y
1146,1355204,WARREN,DICKERSON,2018-04-17,17,4,2018,12,3,5,9,,4,0,Asphalt,2,1,1,40,7,2,2,5,0,0,0,0,true,false,false,false,true,false,false,false,false,false,false,false,false,true,false,false,false,false,false,false,false,false,-82.96696,42.39253,"{
  ""coordinates"": [
    -8.296696408479140e+01,
    4.239252858385700e+01
  ],
  ""type"": ""Point""
}","{
  ""coordinates"": [
    -82.966964085,
    42.392528584
  ],
  ""type"": ""Point""
}",-82.966964085,42.392528584
1147,1352429,MICHIGAN,E I 96,2018-04-17,17,4,2018,6,3,2,2,,1,0,Concrete,3,5,2,30,5,2,2,5,0,0,0,0,true,false,false,false,false,false,false,false,false,false,false,false,false,false,false,true,false,false,false,false,false,false,-83.0873,42.33145,"{
  ""coordinates"": [
    -8.308729963344040e+01,
    4.233144976275460e+01
  ],
  ""type"": ""Point""
}","{
  ""coordinates"": [
    -83.087299633,
    42.331449763
  ],
  ""type"": ""Point""
}",-83.087299633,42.3314497630001
1148,1353985,JEFFERSON,VOSS,2018-04-17,17,4,2018,18,3,5,9,,4,0,Asphalt,1,2,1,30,2,2,1,5,0,0,0,0,true,false,false,false,true,false,false,false,false,false,false,false,false,false,false,false,false,false,false,false,false,false,-83.12518,42.28389,"{
  ""coordinates"": [
    -8.312518020881230e+01,
    4.228389409207790e+01
  ],
  ""type"": ""Point""
}","{
  ""coordinates"": [
    -83.125180209,
    42.283894092
  ],
  ""type"": ""Point""
}",-83.125180209,42.283894092
1149,1353974,JEFFERSON,BEAUBIEN,2018-04-16,16,4,2018,11,2,4,4,,1,0,Asphalt,2,4,1,35,4,2,2,5,0,0,0,0,true,false,true,true,false,false,false,false,false,false,false,false,false,false,false,false,false,false,false,false,false,false,-83.03968,42.33058,"{
  ""coordinates"": [
    -8.303967765427190e+01,
    4.233057886232080e+01
  ],
  ""type"": ""Point""
}","{
  ""coordinates"": [
    -83.039677654,
    42.330578862
  ],
  ""type"": ""Point""
}",-83.0396776539999,42.330578862
1150,1351263,MCNICHOLS,TELEGRAPH,2018-04-16,16,4,2018,14,2,4,2,,2,0,Asphalt,2,2,1,35,4,2,2,5,0,0,0,0,true,false,false,false,false,false,false,false,false,false,true,false,false,true,true,false,false,false,false,false,false,false,-83.27697,42.41454,"{
  ""coordinates"": [
    -8.327696721874160e+01,
    4.241453511104110e+01
  ],
  ""type"": ""Point""
}","{
  ""coordinates"": [
    -83.276967219,
    42.414535111
  ],
  ""type"": ""Point""
}",-83.276967219,42.4145351110001
1151,1352423,JEFFERSON,WOODWARD,2018-04-16,16,4,2018,23,2,1,3,,1,1,Asphalt,1,1,4,,4,1,1,4,0,0,0,1,false,false,false,false,false,true,false,false,false,false,false,false,false,false,false,false,false,false,false,false,false,false,-83.04449,42.32849,"{
  ""coordinates"": [
    -8.304449448450630e+01,
    4.232849245993210e+01
  ],
  ""type"": ""Point""
}","{
  ""coordinates"": [
    -83.044494485,
    42.32849246
  ],
  ""type"": ""Point""
}",-83.044494485,42.3284924600001
1152,1351168,W/B I 94,BEAUBIEN,2018-04-16,16,4,2018,15,2,5,1,,1,0,Asphalt,2,2,1,55,3,2,2,4,0,0,0,1,false,false,false,false,false,false,false,false,false,false,false,false,false,false,false,false,false,false,false,false,false,false,-83.06323,42.36626,"{
  ""coordinates"": [
    -8.306323579370060e+01,
    4.236625856908780e+01
  ],
  ""type"": ""Point""
}","{
  ""coordinates"": [
    -83.063235794,
    42.366258569
  ],
  ""type"": ""Point""
}",-83.063235794,42.3662585690001
1153,1351158,I-96,GREENFIELD,2018-04-16,16,4,2018,6,2,1,1,,1,0,Concrete,2,4,2,70,3,1,1,5,0,0,0,0,true,false,false,false,false,false,false,false,false,false,false,false,false,false,false,false,false,false,false,false,false,false,-83.19608,42.37925,"{
  ""coordinates"": [
    -8.319608393496119e+01,
    4.237924449065920e+01
  ],
  ""type"": ""Point""
}","{
  ""coordinates"": [
    -83.196083935,
    42.379244491
  ],
  ""type"": ""Point""
}",-83.196083935,42.3792444910001
1154,1350271,JOY,FIELDING,2018-04-16,16,4,2018,0,2,5,9,,2,0,Asphalt,2,1,5,35,5,2,3,5,0,0,0,0,true,false,false,false,false,false,false,false,false,false,false,false,false,true,false,false,false,false,false,false,false,false,-83.24081,42.35748,"{
  ""coordinates"": [
    -8.324081008954360e+01,
    4.235747745633310e+01
  ],
  ""type"": ""Point""
}","{
  ""coordinates"": [
    -83.24081009,
    42.357477456
  ],
  ""type"": ""Point""
}",-83.24081009,42.357477456
1155,1351223,BUCHANAN,LOVETT,2018-04-16,16,4,2018,15,2,4,9,,4,0,Asphalt,1,2,1,25,2,2,4,5,0,0,0,0,true,false,false,false,false,false,false,false,false,false,false,false,false,false,false,false,false,false,false,false,false,false,-83.10763,42.33782,"{
  ""coordinates"": [
    -8.310763141807971e+01,
    4.233781624699910e+01
  ],
  ""type"": ""Point""
}","{
  ""coordinates"": [
    -83.107631418,
    42.337816247
  ],
  ""type"": ""Point""
}",-83.107631418,42.337816247
1156,1351119,N M 39,RAMP 007B,2018-04-16,16,4,2018,6,2,1,3,,1,1,Asphalt,8,4,2,55,3,1,1,5,0,0,0,0,true,false,false,false,false,false,false,false,false,true,false,false,false,false,false,false,false,false,false,false,false,false,-83.21633,42.36147,"{
  ""coordinates"": [
    -8.321633176216559e+01,
    4.236146875811890e+01
  ],
  ""type"": ""Point""
}","{
  ""coordinates"": [
    -83.216331762,
    42.361468758
  ],
  ""type"": ""Point""
}",-83.216331762,42.3614687580001
1157,1352426,GRAND RIVER,CANFIELD AT,2018-04-16,16,4,2018,12,2,1,3,,1,0,Asphalt,1,2,1,30,7,1,1,4,0,0,0,1,false,false,false,false,false,true,true,false,false,false,false,false,false,false,false,false,false,false,false,false,false,false,-83.08253,42.34597,"{
  ""coordinates"": [
    -8.308253561765800e+01,
    4.234596491300140e+01
  ],
  ""type"": ""Point""
}","{
  ""coordinates"": [
    -83.082535618,
    42.345964913
  ],
  ""type"": ""Point""
}",-83.082535618,42.345964913
1158,1351293,MORANG,PARK GROVE,2018-04-16,16,4,2018,20,2,4,9,,4,0,Asphalt,2,7,4,30,2,2,3,5,0,0,0,0,true,false,false,false,false,false,false,false,false,false,false,false,false,false,false,false,false,false,false,false,false,false,-82.95848,42.43015,"{
  ""coordinates"": [
    -8.295847828623430e+01,
    4.243014811319770e+01
  ],
  ""type"": ""Point""
}","{
  ""coordinates"": [
    -82.958478286,
    42.430148113
  ],
  ""type"": ""Point""
}",-82.9584782859999,42.430148113
1159,1351235,GRATIOT,SAINT AUBIN,2018-04-16,16,4,2018,9,2,97,3,,1,0,Asphalt,2,4,1,35,9,3,3,3,0,0,1,0,false,false,true,true,false,false,false,true,false,false,true,false,false,false,false,false,false,false,false,false,false,false,-83.03432,42.34926,"{
  ""coordinates"": [
    -8.303432474749260e+01,
    4.234926142028630e+01
  ],
  ""type"": ""Point""
}","{
  ""coordinates"": [
    -83.034324747,
    42.34926142
  ],
  ""type"": ""Point""
}",-83.034324747,42.3492614200001
1160,1355245,GRANDRIVER,TELEGRAPH,2018-04-16,16,4,2018,16,2,5,3,,1,0,Asphalt,2,5,1,35,4,2,2,4,0,0,0,1,false,true,false,false,false,false,false,false,false,false,false,false,false,false,false,false,false,false,false,false,false,false,-83.2774,42.42423,"{
  ""coordinates"": [
    -8.327740797720070e+01,
    4.242423200710440e+01
  ],
  ""type"": ""Point""
}","{
  ""coordinates"": [
    -83.277407977,
    42.424232007
  ],
  ""type"": ""Point""
}",-83.2774079769999,42.4242320070001
1161,1357702,VAN DYKE,7 MILE,2018-04-16,16,4,2018,8,2,4,3,,1,0,Asphalt,2,1,1,30,5,2,3,5,0,0,0,0,true,false,false,false,false,false,false,false,false,false,false,false,false,true,false,false,false,false,false,false,false,false,-83.02426,42.43417,"{
  ""coordinates"": [
    -8.302426363913020e+01,
    4.243416606531490e+01
  ],
  ""type"": ""Point""
}","{
  ""coordinates"": [
    -83.024263639,
    42.434166065
  ],
  ""type"": ""Point""
}",-83.024263639,42.4341660650001
1162,1351258,7MILE,EVERGREEN,2018-04-16,16,4,2018,17,2,4,9,,2,0,Asphalt,2,4,1,35,4,2,3,5,0,0,0,0,true,false,false,false,true,false,false,false,false,false,false,false,false,false,false,false,false,false,false,false,false,false,-83.23859,42.42958,"{
  ""coordinates"": [
    -8.323858817671400e+01,
    4.242957944938990e+01
  ],
  ""type"": ""Point""
}","{
  ""coordinates"": [
    -83.238588177,
    42.429579449
  ],
  ""type"": ""Point""
}",-83.2385881769999,42.4295794490001
1163,1351322,PURITAN,MEYERS,2018-04-16,16,4,2018,10,2,4,9,,4,0,Asphalt,2,4,1,,2,2,2,5,0,0,0,0,true,false,true,true,false,false,false,false,false,false,false,false,false,false,false,false,false,false,false,false,false,false,-83.16982,42.40953,"{
  ""coordinates"": [
    -8.316982091204039e+01,
    4.240953399734290e+01
  ],
  ""type"": ""Point""
}","{
  ""coordinates"": [
    -83.169820912,
    42.409533997
  ],
  ""type"": ""Point""
}",-83.169820912,42.409533997
1164,1351220,GRAND,N M 10,2018-04-16,16,4,2018,11,2,3,9,,4,0,Concrete,2,2,1,30,4,2,1,5,0,0,0,0,true,false,false,false,true,false,false,false,false,false,false,false,false,false,false,false,false,false,false,false,false,false,-83.08177,42.36721,"{
  ""coordinates"": [
    -8.308177468035559e+01,
    4.236720677129840e+01
  ],
  ""type"": ""Point""
}","{
  ""coordinates"": [
    -83.08177468,
    42.367206771
  ],
  ""type"": ""Point""
}",-83.08177468,42.367206771
1165,1355160,I-75,WARREN,2018-04-16,16,4,2018,15,2,5,1,,1,0,Asphalt,1,2,1,55,4,4,7,4,0,0,0,1,false,false,false,false,false,false,false,false,false,false,true,false,false,true,false,false,false,false,false,false,false,false,-83.05337,42.35954,"{
  ""coordinates"": [
    -8.305336717063599e+01,
    4.235953542482940e+01
  ],
  ""type"": ""Point""
}","{
  ""coordinates"": [
    -83.053367171,
    42.359535425
  ],
  ""type"": ""Point""
}",-83.0533671709999,42.359535425
1166,1351314,8 MILE,SHERWOOD,2018-04-16,16,4,2018,14,2,4,3,,1,0,Asphalt,1,2,1,,3,2,2,5,0,0,0,0,true,false,false,false,false,false,false,false,false,false,false,false,false,false,true,false,false,false,false,false,false,false,-83.0366,42.44793,"{
  ""coordinates"": [
    -8.303659912890350e+01,
    4.244792907132530e+01
  ],
  ""type"": ""Point""
}","{
  ""coordinates"": [
    -83.036599129,
    42.447929071
  ],
  ""type"": ""Point""
}",-83.036599129,42.447929071
1167,1352445,WARREN,LONGACRE,2018-04-16,16,4,2018,18,2,8,9,,2,0,Asphalt,1,2,1,35,4,2,2,5,0,0,0,0,true,false,false,false,true,false,false,false,false,false,false,false,false,false,false,false,false,false,false,false,false,false,-83.21389,42.34341,"{
  ""coordinates"": [
    -8.321388666332180e+01,
    4.234340537467940e+01
  ],
  ""type"": ""Point""
}","{
  ""coordinates"": [
    -83.213886663,
    42.343405375
  ],
  ""type"": ""Point""
}",-83.213886663,42.343405375
1168,1365908,WEBB,LAWTON,2018-04-16,16,4,2018,23,2,8,9,,,0,,2,5,4,25,2,3,0,5,0,0,0,0,true,false,false,false,true,false,false,false,false,false,false,false,false,false,false,false,false,false,false,false,false,false,-83.11835,42.38164,"{
  ""coordinates"": [
    -8.311835566783780e+01,
    4.238163923870620e+01
  ],
  ""type"": ""Point""
}","{
  ""coordinates"": [
    -83.118355668,
    42.381639239
  ],
  ""type"": ""Point""
}",-83.1183556679999,42.381639239
1169,1355148,W/B I-94,MT ELLIOT,2018-04-16,16,4,2018,23,2,1,1,,1,1,Asphalt,2,1,5,55,3,1,1,5,0,0,0,0,true,false,false,false,false,false,false,false,false,false,false,false,false,false,false,false,false,false,false,false,false,false,-83.03635,42.37811,"{
  ""coordinates"": [
    -8.303634558728270e+01,
    4.237810833144230e+01
  ],
  ""type"": ""Point""
}","{
  ""coordinates"": [
    -83.036345587,
    42.378108331
  ],
  ""type"": ""Point""
}",-83.036345587,42.3781083310001
1170,1351326,WYOMING,7 MILE,2018-04-16,16,4,2018,17,2,5,9,,4,0,Asphalt,1,2,1,30,5,2,1,5,0,0,0,0,true,false,false,false,true,false,false,false,false,false,false,true,false,false,false,false,false,false,false,false,false,false,-83.161,42.4319,"{
  ""coordinates"": [
    -8.316100206356620e+01,
    4.243189823383060e+01
  ],
  ""type"": ""Point""
}","{
  ""coordinates"": [
    -83.161002064,
    42.431898234
  ],
  ""type"": ""Point""
}",-83.1610020639999,42.4318982340001
1171,1355195,PLEASANT,FORT,2018-04-16,16,4,2018,14,2,5,3,,,0,,1,2,1,35,3,2,2,5,0,0,0,0,true,false,false,false,false,false,false,false,false,false,false,false,false,false,false,false,false,false,false,false,false,false,-83.15124,42.28137,"{
  ""coordinates"": [
    -8.315123464175690e+01,
    4.228137059129660e+01
  ],
  ""type"": ""Point""
}","{
  ""coordinates"": [
    -83.151234642,
    42.281370591
  ],
  ""type"": ""Point""
}",-83.151234642,42.281370591
1172,1351224,FORT,CAMPBELL,2018-04-16,16,4,2018,12,2,97,3,,1,0,Asphalt,1,2,1,30,5,2,2,5,0,0,0,0,true,false,false,false,true,false,false,false,false,false,false,false,false,true,false,false,false,false,false,false,false,false,-83.09796,42.30896,"{
  ""coordinates"": [
    -8.309795771830390e+01,
    4.230896473775430e+01
  ],
  ""type"": ""Point""
}","{
  ""coordinates"": [
    -83.097957718,
    42.308964738
  ],
  ""type"": ""Point""
}",-83.097957718,42.308964738
1173,1352459,7 MILE,EDINBOROUGH,2018-04-16,16,4,2018,16,2,5,9,,2,0,Asphalt,2,2,1,35,4,2,4,3,0,0,1,0,false,false,false,false,false,false,false,false,false,false,false,false,false,false,false,false,false,false,false,false,false,false,-83.2345,42.42969,"{
  ""coordinates"": [
    -8.323450226881140e+01,
    4.242969184101130e+01
  ],
  ""type"": ""Point""
}","{
  ""coordinates"": [
    -83.234502269,
    42.429691841
  ],
  ""type"": ""Point""
}",-83.234502269,42.4296918410001
1174,1351256,GREENFIELD,MCNICHOLS,2018-04-16,16,4,2018,2,2,4,9,,2,0,Asphalt,2,1,4,35,4,2,2,5,0,0,0,0,true,false,true,true,false,false,false,false,false,false,false,false,false,false,false,false,false,false,false,false,false,false,-83.19931,42.41578,"{
  ""coordinates"": [
    -8.319930784730150e+01,
    4.241577647227960e+01
  ],
  ""type"": ""Point""
}","{
  ""coordinates"": [
    -83.199307847,
    42.415776472
  ],
  ""type"": ""Point""
}",-83.1993078469999,42.4157764720001
1175,1352439,JOY,LIVERNOIS,2018-04-16,16,4,2018,18,2,5,9,,4,0,Asphalt,2,2,1,35,2,2,1,5,0,0,0,0,true,false,false,false,true,false,false,false,false,false,false,false,false,false,false,false,false,false,false,false,false,false,-83.13835,42.35968,"{
  ""coordinates"": [
    -8.313835404373690e+01,
    4.235967535072270e+01
  ],
  ""type"": ""Point""
}","{
  ""coordinates"": [
    -83.138354044,
    42.359675351
  ],
  ""type"": ""Point""
}",-83.138354044,42.3596753510001
1176,1351230,MOROSS,CHANDLER,2018-04-16,16,4,2018,12,2,5,9,,2,0,Asphalt,1,2,1,30,2,2,2,5,0,0,0,0,true,false,false,false,false,false,false,false,false,false,false,false,false,false,false,false,false,false,false,false,false,false,-82.91508,42.41902,"{
  ""coordinates"": [
    -8.291507543908421e+01,
    4.241902345432770e+01
  ],
  ""type"": ""Point""
}","{
  ""coordinates"": [
    -82.915075439,
    42.419023454
  ],
  ""type"": ""Point""
}",-82.915075439,42.4190234540001
1177,1351284,STAHELIN,EATON,2018-04-16,16,4,2018,15,2,4,9,,,0,,1,2,1,25,2,2,3,4,0,0,0,2,false,false,false,false,false,false,false,false,false,false,false,false,false,false,false,false,false,false,false,false,false,false,-83.22632,42.39606,"{
  ""coordinates"": [
    -8.322631804656881e+01,
    4.239605597042100e+01
  ],
  ""type"": ""Point""
}","{
  ""coordinates"": [
    -83.226318047,
    42.39605597
  ],
  ""type"": ""Point""
}",-83.2263180469999,42.3960559700001
1178,1352438,ABINGTON,DIVERSY,2018-04-16,16,4,2018,7,2,98,9,,,3,,2,1,98,15,1,2,0,5,0,0,0,0,true,false,false,false,true,false,false,true,false,false,false,false,false,false,false,false,false,false,false,false,false,false,-83.20943,42.34819,"{
  ""coordinates"": [
    -8.320942792114600e+01,
    4.234819025005430e+01
  ],
  ""type"": ""Point""
}","{
  ""coordinates"": [
    -83.209427921,
    42.34819025
  ],
  ""type"": ""Point""
}",-83.209427921,42.3481902500001
1179,1351273,SEVEN MILE,EVERGREEN,2018-04-16,16,4,2018,0,2,4,9,,2,0,Asphalt,5,4,5,30,5,2,2,5,0,0,0,0,true,false,false,false,false,false,false,false,false,true,false,false,false,true,false,false,false,false,false,false,false,false,-83.23887,42.42957,"{
  ""coordinates"": [
    -8.323886619687801e+01,
    4.242957202650180e+01
  ],
  ""type"": ""Point""
}","{
  ""coordinates"": [
    -83.238866197,
    42.429572027
  ],
  ""type"": ""Point""
}",-83.2388661969999,42.4295720270001
1180,1351265,TELEGRAPH,MCNICHOLS,2018-04-16,16,4,2018,11,2,5,2,,1,0,Asphalt,2,2,1,45,4,2,2,5,0,0,0,0,true,false,false,false,false,false,false,false,false,false,false,false,false,false,false,false,false,false,false,false,false,false,-83.27696,42.41443,"{
  ""coordinates"": [
    -8.327696232613140e+01,
    4.241442879250770e+01
  ],
  ""type"": ""Point""
}","{
  ""coordinates"": [
    -83.276962326,
    42.414428793
  ],
  ""type"": ""Point""
}",-83.276962326,42.4144287930001
1181,1355263,8 MILE,I 75,2018-04-16,16,4,2018,17,2,5,3,,1,0,Concrete,3,4,1,,3,2,1,5,0,0,0,0,true,true,false,false,true,false,false,false,false,false,true,false,false,false,false,false,false,false,false,false,false,false,-83.09456,42.44681,"{
  ""coordinates"": [
    -8.309456034462011e+01,
    4.244680623058950e+01
  ],
  ""type"": ""Point""
}","{
  ""coordinates"": [
    -83.094560345,
    42.446806231
  ],
  ""type"": ""Point""
}",-83.0945603449999,42.446806231
1182,1351325,MEYERS,CLARITA,2018-04-16,16,4,2018,14,2,8,9,,4,0,Asphalt,1,2,1,30,5,2,1,4,0,0,0,1,false,false,false,false,false,false,false,false,false,false,false,false,false,false,false,false,false,false,false,false,false,false,-83.17065,42.42987,"{
  ""coordinates"": [
    -8.317064713072310e+01,
    4.242986824220840e+01
  ],
  ""type"": ""Point""
}","{
  ""coordinates"": [
    -83.170647131,
    42.429868242
  ],
  ""type"": ""Point""
}",-83.170647131,42.4298682420001
1183,1352447,GREENFIELD,MAJESTIC,2018-04-16,16,4,2018,16,2,4,9,,2,0,Asphalt,1,2,1,35,4,2,2,5,0,0,0,0,true,false,false,false,false,false,false,false,false,false,false,false,false,false,false,false,false,false,false,false,false,false,-83.19637,42.34602,"{
  ""coordinates"": [
    -8.319637143882130e+01,
    4.234601808566790e+01
  ],
  ""type"": ""Point""
}","{
  ""coordinates"": [
    -83.196371439,
    42.346018086
  ],
  ""type"": ""Point""
}",-83.196371439,42.3460180860001
1184,1351266,GRANRIVER,SHIAWASEE,2018-04-16,16,4,2018,17,2,2,3,,1,0,Asphalt,2,4,1,35,4,2,2,5,0,0,0,0,true,false,false,false,true,false,false,false,false,false,false,false,false,false,false,false,false,false,false,false,false,false,-83.27245,42.42262,"{
  ""coordinates"": [
    -8.327245651191799e+01,
    4.242262434525720e+01
  ],
  ""type"": ""Point""
}","{
  ""coordinates"": [
    -83.272456512,
    42.422624345
  ],
  ""type"": ""Point""
}",-83.272456512,42.422624345
1185,1351288,LASHER,LAHSER,2018-04-16,16,4,2018,7,2,5,9,,2,0,Asphalt,2,1,1,35,4,2,1,5,0,0,0,0,true,false,false,false,true,false,false,false,false,false,false,false,false,false,false,false,false,false,false,false,false,false,-83.25677,42.39831,"{
  ""coordinates"": [
    -8.325676570110330e+01,
    4.239830961114280e+01
  ],
  ""type"": ""Point""
}","{
  ""coordinates"": [
    -83.256765701,
    42.398309611
  ],
  ""type"": ""Point""
}",-83.2567657009999,42.3983096110001
1186,1365062,TIREMAN,GREENFIELD,2018-04-16,16,4,2018,18,2,98,9,,2,0,Asphalt,2,4,1,30,2,2,1,4,0,0,0,1,false,false,false,false,true,false,false,false,false,false,false,false,false,false,false,false,false,false,false,false,false,false,-83.19633,42.35089,"{
  ""coordinates"": [
    -8.319633542821170e+01,
    4.235089567285900e+01
  ],
  ""type"": ""Point""
}","{
  ""coordinates"": [
    -83.196335428,
    42.350895673
  ],
  ""type"": ""Point""
}",-83.1963354279999,42.350895673
1187,1352470,DAVISON,LIVERNOIS,2018-04-16,16,4,2018,18,2,4,3,,1,0,Concrete,2,4,1,35,7,2,1,5,0,0,0,0,true,false,false,false,true,false,false,false,false,false,false,false,false,false,false,false,false,false,false,false,false,false,-83.13991,42.38667,"{
  ""coordinates"": [
    -8.313991017147600e+01,
    4.238667412551840e+01
  ],
  ""type"": ""Point""
}","{
  ""coordinates"": [
    -83.139910171,
    42.386674126
  ],
  ""type"": ""Point""
}",-83.1399101709999,42.3866741260001
1188,1396770,RAMP 047E,DAVISON,2018-04-16,16,4,2018,17,2,5,1,,1,0,Concrete,1,1,1,55,6,2,1,5,0,0,0,0,true,false,false,false,false,false,false,false,false,false,false,false,false,false,false,false,false,false,false,false,false,false,-83.07998,42.40892,"{
  ""coordinates"": [
    -8.307998162020419e+01,
    4.240892534003900e+01
  ],
  ""type"": ""Point""
}","{
  ""coordinates"": [
    -83.07998162,
    42.40892534
  ],
  ""type"": ""Point""
}",-83.07998162,42.4089253400001
1189,1369549,WARREN,ABINGTON,2018-04-16,16,4,2018,22,2,5,9,,2,0,Asphalt,2,5,5,,2,2,1,5,0,0,0,0,true,false,false,false,false,false,false,false,false,false,false,false,false,false,true,false,false,false,false,false,false,false,-83.20934,42.34348,"{
  ""coordinates"": [
    -8.320933596303961e+01,
    4.234348062136520e+01
  ],
  ""type"": ""Point""
}","{
  ""coordinates"": [
    -83.209335963,
    42.343480621
  ],
  ""type"": ""Point""
}",-83.2093359629999,42.343480621
1190,1357675,S M 39,FULLERTON,2018-04-16,16,4,2018,9,2,5,3,,1,0,Asphalt,1,2,1,55,3,2,1,5,0,0,0,0,true,false,false,false,true,false,false,false,false,false,false,false,false,false,false,false,false,false,false,false,false,false,-83.21726,42.38002,"{
  ""coordinates"": [
    -8.321725913526640e+01,
    4.238002144825320e+01
  ],
  ""type"": ""Point""
}","{
  ""coordinates"": [
    -83.217259135,
    42.380021448
  ],
  ""type"": ""Point""
}",-83.2172591349999,42.380021448
1191,1352446,BRACE,WARREN,2018-04-16,16,4,2018,15,2,8,9,,,0,,1,2,1,25,1,2,5,5,0,0,0,0,true,false,false,false,false,false,false,true,false,false,false,false,false,false,false,false,false,false,false,false,false,false,-83.22312,42.3422,"{
  ""coordinates"": [
    -8.322311784117289e+01,
    4.234219775480560e+01
  ],
  ""type"": ""Point""
}","{
  ""coordinates"": [
    -83.223117841,
    42.342197755
  ],
  ""type"": ""Point""
}",-83.223117841,42.342197755
1192,1351241,7 MILE,EVERGREEN,2018-04-16,16,4,2018,0,2,5,9,,2,0,Asphalt,2,4,5,30,5,2,2,5,0,0,0,0,true,false,false,false,true,false,false,false,false,false,true,false,false,false,false,true,true,false,false,false,false,false,-83.23878,42.42957,"{
  ""coordinates"": [
    -8.323878368980310e+01,
    4.242957422931810e+01
  ],
  ""type"": ""Point""
}","{
  ""coordinates"": [
    -83.23878369,
    42.429574229
  ],
  ""type"": ""Point""
}",-83.2387836899999,42.429574229
1193,1352407,CONGRESS,BEAUBIEN,2018-04-16,16,4,2018,9,2,8,9,,4,0,Asphalt,1,1,1,15,4,2,2,5,0,0,0,0,true,false,false,false,false,false,false,false,false,false,false,false,false,false,false,true,false,false,false,false,false,false,-83.04075,42.33238,"{
  ""coordinates"": [
    -8.304074605893250e+01,
    4.233238181902380e+01
  ],
  ""type"": ""Point""
}","{
  ""coordinates"": [
    -83.040746059,
    42.332381819
  ],
  ""type"": ""Point""
}",-83.040746059,42.332381819
1194,1352411,BEAUBIEN,JEFFERSON,2018-04-16,16,4,2018,11,2,4,4,,4,0,Asphalt,2,2,1,25,2,2,2,4,0,0,0,1,false,false,true,true,false,false,false,false,false,false,false,false,false,false,false,false,false,false,false,false,false,false,-83.03971,42.33073,"{
  ""coordinates"": [
    -8.303971173303360e+01,
    4.233073314966540e+01
  ],
  ""type"": ""Point""
}","{
  ""coordinates"": [
    -83.039711733,
    42.33073315
  ],
  ""type"": ""Point""
}",-83.039711733,42.3307331500001
1195,1351221,PROCTOR,EDSEL FORD,2018-04-16,16,4,2018,20,2,8,9,,,3,,2,2,5,25,2,2,0,5,0,0,0,0,true,false,false,false,true,false,false,false,false,false,false,false,false,false,false,false,false,false,false,false,false,false,-83.13712,42.33327,"{
  ""coordinates"": [
    -8.313712063245001e+01,
    4.233327050396550e+01
  ],
  ""type"": ""Point""
}","{
  ""coordinates"": [
    -83.137120632,
    42.333270504
  ],
  ""type"": ""Point""
}",-83.1371206319999,42.333270504
1196,1351317,OUTER,MOUNT ELLIOTT,2018-04-16,16,4,2018,10,2,1,9,,2,0,Asphalt,2,4,1,35,3,1,1,4,0,0,0,1,false,false,false,false,false,false,false,false,false,true,false,false,false,false,false,false,false,false,false,false,false,false,-83.0392,42.44101,"{
  ""coordinates"": [
    -8.303920060758630e+01,
    4.244101280887410e+01
  ],
  ""type"": ""Point""
}","{
  ""coordinates"": [
    -83.039200608,
    42.441012809
  ],
  ""type"": ""Point""
}",-83.039200608,42.441012809
1197,1354063,WARREN,ANTHONY WAYNE,2018-04-16,16,4,2018,13,2,97,9,,4,3,Asphalt,2,4,1,30,4,2,2,5,0,0,0,0,true,false,false,false,false,false,false,false,false,false,false,false,false,true,false,false,false,false,false,false,false,false,-83.07157,42.35454,"{
  ""coordinates"": [
    -8.307156846076420e+01,
    4.235454152054090e+01
  ],
  ""type"": ""Point""
}","{
  ""coordinates"": [
    -83.071568461,
    42.354541521
  ],
  ""type"": ""Point""
}",-83.071568461,42.354541521
1198,1351166,E/B I 94,CONNER,2018-04-16,16,4,2018,13,2,8,1,,1,0,Asphalt,2,2,1,55,3,2,2,5,0,0,0,0,true,false,false,false,false,false,false,false,false,false,false,false,false,false,false,true,false,false,false,false,false,false,-82.99106,42.39402,"{
  ""coordinates"": [
    -8.299105851689291e+01,
    4.239401842097860e+01
  ],
  ""type"": ""Point""
}","{
  ""coordinates"": [
    -82.991058517,
    42.394018421
  ],
  ""type"": ""Point""
}",-82.9910585169999,42.3940184210001
1199,1350279,RIOPELLE,WINDER,2018-04-16,16,4,2018,7,2,1,9,,,0,,2,2,1,25,2,1,2,5,0,0,0,0,true,false,false,false,false,false,false,true,false,false,false,false,false,false,false,true,false,false,false,false,false,false,-83.03854,42.34649,"{
  ""coordinates"": [
    -8.303853882382690e+01,
    4.234648890899540e+01
  ],
  ""type"": ""Point""
}","{
  ""coordinates"": [
    -83.038538824,
    42.346488909
  ],
  ""type"": ""Point""
}",-83.0385388239999,42.3464889090001