ObjectId,Crash ID,Primary Road,Intersecting Road,Crash Date,Day,Month,Year,Hour,Weekday,Crash Type Code,Highway Classification Code,Community Code,Jurisdiction Code,Lane Departure Type Code,Surface Type,Road Condition,Weather Condition,Lighting Condition,Speed Limit,Lanes,Units,Occupants,Most Severe Injury,Fatal Injuries,Suspected Serious Injuries,Suspected Minor Injuries,Possible Injuries,Property Damage Only,Secondary Crash,Traffic Control,Red Light Run,Hit and Run,Alcohol,Drugs,Unbelted Person,Work Zone,Speeding Driver,Distracted Driver,Driveway,Pedestrian,Elderly Driver,Young Driver,Commercial Vehicle,Emergency Vehicles,Train,School Bus,Motorcycle,Bicycle,Deer,Longitude,Latitude,geom,geog,x,y
1200,1351236,MT ELLIOT,KERCHEVAL,2018-04-16,16,4,2018,18,2,5,9,,4,0,Asphalt,2,4,1,30,4,2,3,5,0,0,0,0,true,false,false,false,false,false,false,false,false,false,false,false,false,false,false,false,false,false,false,false,false,false,-83.01583,42.35254,"{
  ""coordinates"": [
    -8.301582794191920e+01,
    4.235253914540420e+01
  ],
  ""type"": ""Point""
}","{
  ""coordinates"": [
    -83.015827942,
    42.352539145
  ],
  ""type"": ""Point""
}",-83.015827942,42.352539145
1201,1351162,I-94,GRATIOT,2018-04-16,16,4,2018,9,2,5,1,,1,0,Asphalt,2,2,1,55,3,2,1,5,0,0,0,0,true,false,false,false,true,false,false,false,false,false,false,false,false,false,true,false,false,false,false,false,false,false,-83.00439,42.39191,"{
  ""coordinates"": [
    -8.300438375627461e+01,
    4.239190675055840e+01
  ],
  ""type"": ""Point""
}","{
  ""coordinates"": [
    -83.004383756,
    42.391906751
  ],
  ""type"": ""Point""
}",-83.004383756,42.3919067510001
1202,1352364,S M 39,RAMP 007D,2018-04-16,16,4,2018,9,2,5,3,,1,0,Asphalt,2,2,1,55,3,3,3,4,0,0,0,1,false,false,false,false,false,false,false,false,false,false,false,false,false,false,false,false,false,false,false,false,false,false,-83.21645,42.35208,"{
  ""coordinates"": [
    -8.321645403000520e+01,
    4.235208159443170e+01
  ],
  ""type"": ""Point""
}","{
  ""coordinates"": [
    -83.21645403,
    42.352081594
  ],
  ""type"": ""Point""
}",-83.21645403,42.352081594
1203,1351214,CHALFONTE,GREENFIELD,2018-04-16,16,4,2018,16,2,97,9,,,0,,2,4,1,25,4,2,1,5,0,0,0,0,true,false,false,false,false,false,false,false,false,false,false,false,false,false,false,false,false,false,false,false,false,false,-83.19864,42.3993,"{
  ""coordinates"": [
    -8.319863960831890e+01,
    4.239930472619690e+01
  ],
  ""type"": ""Point""
}","{
  ""coordinates"": [
    -83.198639608,
    42.399304726
  ],
  ""type"": ""Point""
}",-83.198639608,42.399304726
1204,1358514,BUCKINGHAM,WARREN,2018-04-16,16,4,2018,12,2,97,9,,,1,,1,1,5,25,2,1,2,3,0,0,2,0,false,false,false,false,false,false,false,false,false,false,false,false,false,false,false,false,false,false,false,false,false,false,-82.94394,42.40113,"{
  ""coordinates"": [
    -8.294394246172220e+01,
    4.240112774601870e+01
  ],
  ""type"": ""Point""
}","{
  ""coordinates"": [
    -82.943942462,
    42.401127746
  ],
  ""type"": ""Point""
}",-82.9439424619999,42.401127746
1205,1351315,7 MILE,CALDWELL,2018-04-16,16,4,2018,15,2,10,9,,4,0,Asphalt,1,1,1,35,2,2,0,5,0,0,0,0,true,false,false,false,true,false,false,false,false,false,false,false,false,false,false,false,false,false,false,false,false,false,-83.04712,42.43349,"{
  ""coordinates"": [
    -8.304712089506350e+01,
    4.243348786479210e+01
  ],
  ""type"": ""Point""
}","{
  ""coordinates"": [
    -83.047120895,
    42.433487865
  ],
  ""type"": ""Point""
}",-83.047120895,42.4334878650001
1206,1358513,CASINO,KELLY,2018-04-16,16,4,2018,22,2,2,9,,,2,,2,5,4,25,2,2,2,4,0,0,0,1,false,false,false,false,true,false,false,false,false,false,false,false,false,false,false,false,false,false,false,false,false,false,-82.9557,42.43074,"{
  ""coordinates"": [
    -8.295569728983300e+01,
    4.243073880784270e+01
  ],
  ""type"": ""Point""
}","{
  ""coordinates"": [
    -82.95569729,
    42.430738808
  ],
  ""type"": ""Point""
}",-82.95569729,42.4307388080001
1207,1353988,7 MILE,BIRWOOD,2018-04-16,16,4,2018,9,2,5,9,,2,3,Asphalt,1,2,1,25,2,2,1,5,0,0,0,0,true,false,false,false,false,false,false,false,false,false,false,false,false,false,false,false,false,false,false,false,false,false,-83.16525,42.43131,"{
  ""coordinates"": [
    -8.316525067915940e+01,
    4.243130842438000e+01
  ],
  ""type"": ""Point""
}","{
  ""coordinates"": [
    -83.165250679,
    42.431308424
  ],
  ""type"": ""Point""
}",-83.1652506789999,42.4313084240001
1208,1352435,MARTIN LUTHER KING JR,CASS,2018-04-16,16,4,2018,10,2,3,9,,4,0,Asphalt,2,1,1,30,6,2,6,4,0,0,0,2,false,false,false,false,false,false,false,true,false,false,false,false,false,false,false,false,false,false,false,false,false,false,-83.06076,42.34565,"{
  ""coordinates"": [
    -8.306075854699930e+01,
    4.234564721728740e+01
  ],
  ""type"": ""Point""
}","{
  ""coordinates"": [
    -83.060758547,
    42.345647217
  ],
  ""type"": ""Point""
}",-83.060758547,42.3456472170001
1209,1350258,JOHN C LODGE SERVICE,LOTHROP,2018-04-16,16,4,2018,6,2,5,9,,4,0,Asphalt,2,4,4,,1,2,2,5,0,0,0,0,true,false,false,false,false,false,false,false,false,false,false,false,false,false,false,false,false,false,false,false,false,false,-83.08249,42.36874,"{
  ""coordinates"": [
    -8.308248536618700e+01,
    4.236873856164580e+01
  ],
  ""type"": ""Point""
}","{
  ""coordinates"": [
    -83.082485366,
    42.368738562
  ],
  ""type"": ""Point""
}",-83.082485366,42.368738562
1210,1351228,ST JEAN,MACK,2018-04-16,16,4,2018,9,2,8,9,,,0,,1,2,1,30,5,2,2,5,0,0,0,0,true,false,false,false,false,false,false,false,false,false,false,false,false,false,false,false,false,false,false,false,false,false,-82.97825,42.37865,"{
  ""coordinates"": [
    -8.297825114046340e+01,
    4.237864819088980e+01
  ],
  ""type"": ""Point""
}","{
  ""coordinates"": [
    -82.97825114,
    42.378648191
  ],
  ""type"": ""Point""
}",-82.9782511399999,42.378648191
1211,1351219,I-94 SERVICE,WABASH,2018-04-16,16,4,2018,7,2,1,9,,4,0,Asphalt,2,2,1,35,2,1,1,5,0,0,0,0,true,false,false,false,false,false,false,false,false,false,false,false,false,false,false,true,false,false,false,false,false,false,-83.08789,42.35329,"{
  ""coordinates"": [
    -8.308788810974870e+01,
    4.235329469159330e+01
  ],
  ""type"": ""Point""
}","{
  ""coordinates"": [
    -83.08788811,
    42.353294692
  ],
  ""type"": ""Point""
}",-83.0878881099999,42.3532946920001
1212,1351193,I-96,GREENFIELD,2018-04-16,16,4,2018,4,2,1,1,,1,1,Concrete,2,1,4,70,3,1,1,3,0,0,1,0,false,false,false,false,false,false,false,false,false,true,false,false,false,false,false,false,false,false,false,false,false,false,-83.19035,42.37969,"{
  ""coordinates"": [
    -8.319035602183401e+01,
    4.237969281635870e+01
  ],
  ""type"": ""Point""
}","{
  ""coordinates"": [
    -83.190356022,
    42.379692816
  ],
  ""type"": ""Point""
}",-83.1903560219999,42.379692816
1213,1352405,JEFFERSON,24TH,2018-04-16,16,4,2018,22,2,4,9,,,0,,2,4,4,30,2,2,5,5,0,0,0,0,true,false,false,false,false,false,false,false,false,false,false,false,false,false,false,false,false,false,false,false,false,false,-83.08076,42.31411,"{
  ""coordinates"": [
    -8.308076652312280e+01,
    4.231411250210600e+01
  ],
  ""type"": ""Point""
}","{
  ""coordinates"": [
    -83.080766523,
    42.314112502
  ],
  ""type"": ""Point""
}",-83.080766523,42.3141125020001
1214,1350275,VAN DYKE,E I 94,2018-04-16,16,4,2018,7,2,4,3,,1,0,Asphalt,2,2,2,35,4,2,2,5,0,0,0,0,true,false,false,false,false,false,false,false,false,false,false,false,false,false,false,false,false,false,false,false,false,false,-83.02008,42.38615,"{
  ""coordinates"": [
    -8.302008383475530e+01,
    4.238615186135770e+01
  ],
  ""type"": ""Point""
}","{
  ""coordinates"": [
    -83.020083835,
    42.386151861
  ],
  ""type"": ""Point""
}",-83.020083835,42.386151861
1215,1350074,M39,MCNICHOLS,2018-04-15,15,4,2018,2,1,5,3,,1,0,Concrete,2,2,4,55,3,2,1,5,0,0,0,0,true,false,false,false,true,false,false,false,false,false,false,false,false,false,false,false,false,false,false,false,false,false,-83.21896,42.42281,"{
  ""coordinates"": [
    -8.321895872773240e+01,
    4.242280413539320e+01
  ],
  ""type"": ""Point""
}","{
  ""coordinates"": [
    -83.218958728,
    42.422804135
  ],
  ""type"": ""Point""
}",-83.218958728,42.422804135
1216,1351234,LIVERNOIS,W I 96,2018-04-15,15,4,2018,14,1,5,9,,4,0,Concrete,2,4,1,30,4,2,3,2,0,2,0,1,false,false,false,false,false,false,false,false,false,false,false,false,false,true,false,false,false,false,false,false,false,false,-83.13875,42.36733,"{
  ""coordinates"": [
    -8.313874760686720e+01,
    4.236732818948790e+01
  ],
  ""type"": ""Point""
}","{
  ""coordinates"": [
    -83.138747607,
    42.367328189
  ],
  ""type"": ""Point""
}",-83.138747607,42.367328189
1217,1418390,CONNER,ELMDALE,2018-04-15,15,4,2018,20,1,5,9,,4,0,Asphalt,3,4,4,30,4,2,0,4,0,0,0,1,false,false,false,false,true,false,false,false,false,false,false,false,false,false,false,false,false,false,false,false,false,false,-82.99386,42.4018,"{
  ""coordinates"": [
    -8.299385500584020e+01,
    4.240180073874490e+01
  ],
  ""type"": ""Point""
}","{
  ""coordinates"": [
    -82.993855006,
    42.401800739
  ],
  ""type"": ""Point""
}",-82.993855006,42.4018007390001
1218,1351133,I 94,CONNER,2018-04-15,15,4,2018,18,1,1,1,,1,1,Asphalt,2,4,1,55,3,1,1,5,0,0,0,0,true,false,false,false,false,false,false,false,false,true,false,false,false,false,false,false,false,false,false,false,false,false,-82.98864,42.39579,"{
  ""coordinates"": [
    -8.298864198618190e+01,
    4.239579168972870e+01
  ],
  ""type"": ""Point""
}","{
  ""coordinates"": [
    -82.988641986,
    42.39579169
  ],
  ""type"": ""Point""
}",-82.9886419859999,42.3957916900001
1219,1352462,8 MILE,GRATIOT,2018-04-15,15,4,2018,17,1,8,3,,1,0,Asphalt,2,4,1,45,3,2,5,5,0,0,0,0,true,false,false,false,false,false,false,false,false,false,false,false,false,false,false,false,false,false,false,false,false,false,-82.96794,42.44984,"{
  ""coordinates"": [
    -8.296793844184020e+01,
    4.244983560185600e+01
  ],
  ""type"": ""Point""
}","{
  ""coordinates"": [
    -82.967938442,
    42.449835602
  ],
  ""type"": ""Point""
}",-82.967938442,42.4498356020001
1220,1353929,E/B I 96,LIVERNOIS,2018-04-15,15,4,2018,16,1,1,1,,1,1,Asphalt,2,4,1,55,3,1,3,5,0,0,0,0,true,false,false,false,false,false,false,false,false,true,false,false,false,false,false,false,false,false,false,false,false,false,-83.14222,42.36847,"{
  ""coordinates"": [
    -8.314222106388300e+01,
    4.236847452555670e+01
  ],
  ""type"": ""Point""
}","{
  ""coordinates"": [
    -83.142221064,
    42.368474526
  ],
  ""type"": ""Point""
}",-83.142221064,42.3684745260001
1221,1350273,JOY,GRANDMONT,2018-04-15,15,4,2018,0,1,9,9,,2,2,Asphalt,2,4,1,35,4,2,3,5,0,0,0,0,true,false,false,false,true,false,false,false,false,false,false,false,false,false,false,false,false,false,false,false,false,false,-83.20937,42.35798,"{
  ""coordinates"": [
    -8.320936594293410e+01,
    4.235797947693290e+01
  ],
  ""type"": ""Point""
}","{
  ""coordinates"": [
    -83.209365943,
    42.357979477
  ],
  ""type"": ""Point""
}",-83.209365943,42.3579794770001
1222,1375518,I-75,MCNICHOLS,2018-04-15,15,4,2018,5,1,8,1,,1,0,Asphalt,2,4,4,70,4,2,2,4,0,0,0,1,false,false,false,false,false,false,false,false,false,true,false,false,false,false,false,false,false,false,false,false,false,false,-83.08794,42.41846,"{
  ""coordinates"": [
    -8.308793839376310e+01,
    4.241846475757660e+01
  ],
  ""type"": ""Point""
}","{
  ""coordinates"": [
    -83.087938394,
    42.418464758
  ],
  ""type"": ""Point""
}",-83.0879383939999,42.418464758
1223,1360357,I-75,7 MILE,2018-04-15,15,4,2018,19,1,97,1,,1,0,Asphalt,8,4,1,70,4,2,3,5,0,0,0,0,true,false,false,false,false,false,false,false,false,true,false,false,false,true,false,false,false,false,false,false,false,false,-83.09457,42.42958,"{
  ""coordinates"": [
    -8.309457064429670e+01,
    4.242958514344640e+01
  ],
  ""type"": ""Point""
}","{
  ""coordinates"": [
    -83.094570644,
    42.429585143
  ],
  ""type"": ""Point""
}",-83.094570644,42.4295851430001
1224,1350282,7 MILE,WALTHAM,2018-04-15,15,4,2018,0,1,3,9,,4,0,Asphalt,1,1,4,35,2,2,4,4,0,0,0,1,false,false,false,false,false,false,false,false,false,false,false,false,false,false,false,false,false,false,false,false,false,false,-82.99486,42.4347,"{
  ""coordinates"": [
    -8.299485886015840e+01,
    4.243470330599250e+01
  ],
  ""type"": ""Point""
}","{
  ""coordinates"": [
    -82.99485886,
    42.434703306
  ],
  ""type"": ""Point""
}",-82.99485886,42.4347033060001
1225,1351137,I-94,I-75,2018-04-15,15,4,2018,17,1,8,1,,1,0,Concrete,2,4,1,55,3,2,1,4,0,0,0,1,false,false,false,false,true,false,false,false,false,true,false,false,false,false,false,false,false,false,false,false,false,false,-83.05851,42.36839,"{
  ""coordinates"": [
    -8.305850945970330e+01,
    4.236838999421680e+01
  ],
  ""type"": ""Point""
}","{
  ""coordinates"": [
    -83.05850946,
    42.368389994
  ],
  ""type"": ""Point""
}",-83.05850946,42.368389994
1226,1354045,N M 10,7 MILE,2018-04-15,15,4,2018,22,1,5,3,,1,0,Concrete,2,4,5,,2,2,2,4,0,0,0,1,false,false,false,false,true,false,false,false,false,false,false,false,false,true,false,false,false,false,false,false,false,false,-83.18707,42.43094,"{
  ""coordinates"": [
    -8.318706206788130e+01,
    4.243093950985690e+01
  ],
  ""type"": ""Point""
}","{
  ""coordinates"": [
    -83.187062068,
    42.43093951
  ],
  ""type"": ""Point""
}",-83.187062068,42.43093951
1227,1350251,M 10,EUCLID,2018-04-15,15,4,2018,21,1,8,3,,1,0,Concrete,2,4,4,55,3,2,2,5,0,0,0,0,true,false,false,false,false,false,false,false,false,false,false,false,false,false,false,false,false,false,false,false,false,false,-83.08652,42.37429,"{
  ""coordinates"": [
    -8.308652605813590e+01,
    4.237429203897860e+01
  ],
  ""type"": ""Point""
}","{
  ""coordinates"": [
    -83.086526058,
    42.374292039
  ],
  ""type"": ""Point""
}",-83.0865260579999,42.3742920390001
1228,1351296,OUTER,HAYES,2018-04-15,15,4,2018,11,1,8,9,,2,0,Asphalt,2,4,4,35,2,2,1,5,0,0,0,0,true,false,false,false,true,false,false,false,false,false,false,false,false,false,false,false,false,false,false,false,false,false,-82.96514,42.41482,"{
  ""coordinates"": [
    -8.296513863609199e+01,
    4.241482199286490e+01
  ],
  ""type"": ""Point""
}","{
  ""coordinates"": [
    -82.965138636,
    42.414821993
  ],
  ""type"": ""Point""
}",-82.9651386359999,42.414821993
1229,1350255,HUBBELL,INTERVALE,2018-04-15,15,4,2018,23,1,1,9,,4,0,Asphalt,2,4,5,35,2,1,0,5,0,0,0,0,true,false,false,false,false,false,false,false,false,false,false,false,false,false,false,false,false,false,false,false,false,false,-83.18845,42.39043,"{
  ""coordinates"": [
    -8.318845116809899e+01,
    4.239042958884410e+01
  ],
  ""type"": ""Point""
}","{
  ""coordinates"": [
    -83.188451168,
    42.390429589
  ],
  ""type"": ""Point""
}",-83.188451168,42.3904295890001
1230,1350280,STATE FAIR,SCHOENHERR,2018-04-15,15,4,2018,13,1,4,9,,4,0,Asphalt,2,4,1,35,4,2,2,4,0,0,0,2,false,false,false,false,false,false,false,false,false,true,false,false,false,false,false,false,false,false,false,false,false,false,-82.9854,42.4422,"{
  ""coordinates"": [
    -8.298540683578280e+01,
    4.244220542887450e+01
  ],
  ""type"": ""Point""
}","{
  ""coordinates"": [
    -82.985406836,
    42.442205429
  ],
  ""type"": ""Point""
}",-82.985406836,42.4422054290001
1231,1391447,MCNICHOLS,ARDMORE,2018-04-15,15,4,2018,7,1,4,9,,2,0,Asphalt,2,4,2,35,4,2,3,4,0,0,0,3,false,false,false,false,false,false,false,false,false,false,false,false,false,false,true,false,false,false,false,false,false,false,-83.18478,42.41653,"{
  ""coordinates"": [
    -8.318478019386041e+01,
    4.241653040960830e+01
  ],
  ""type"": ""Point""
}","{
  ""coordinates"": [
    -83.184780194,
    42.41653041
  ],
  ""type"": ""Point""
}",-83.184780194,42.4165304100001
1232,1351174,I-75,7 MILE,2018-04-15,15,4,2018,19,1,1,1,,1,1,Asphalt,8,4,4,70,4,1,2,5,0,0,0,0,true,false,false,false,false,false,false,false,false,true,false,false,false,false,false,false,false,false,false,false,false,false,-83.095,42.43392,"{
  ""coordinates"": [
    -8.309500467730840e+01,
    4.243391936141150e+01
  ],
  ""type"": ""Point""
}","{
  ""coordinates"": [
    -83.095004677,
    42.433919361
  ],
  ""type"": ""Point""
}",-83.095004677,42.4339193610001
1233,1351231,WARREN,ALGONQUIN,2018-04-15,15,4,2018,12,1,5,9,,4,0,Asphalt,3,4,1,30,4,2,3,5,0,0,0,0,true,false,false,false,false,false,false,false,false,true,false,false,false,false,false,false,false,false,false,false,false,false,-82.96999,42.39144,"{
  ""coordinates"": [
    -8.296998927663840e+01,
    4.239144046808940e+01
  ],
  ""type"": ""Point""
}","{
  ""coordinates"": [
    -82.969989277,
    42.391440468
  ],
  ""type"": ""Point""
}",-82.969989277,42.391440468
1234,1352384,RAMP 008I,W I 96 CD,2018-04-15,15,4,2018,6,1,8,1,,1,0,Asphalt,2,4,5,55,2,2,1,5,0,0,0,0,true,false,false,false,true,false,false,false,false,false,false,false,false,false,false,false,false,false,false,false,false,false,-83.2184,42.37894,"{
  ""coordinates"": [
    -8.321840095125390e+01,
    4.237894378429750e+01
  ],
  ""type"": ""Point""
}","{
  ""coordinates"": [
    -83.218400951,
    42.378943784
  ],
  ""type"": ""Point""
}",-83.218400951,42.3789437840001
1235,1351139,I-75,7 MILE,2018-04-15,15,4,2018,22,1,8,1,,1,0,Asphalt,2,4,4,70,4,2,5,5,0,0,0,0,true,false,false,false,false,false,false,false,false,true,false,false,false,false,true,false,false,false,false,false,false,false,-83.0947,42.43316,"{
  ""coordinates"": [
    -8.309469869199940e+01,
    4.243316276857360e+01
  ],
  ""type"": ""Point""
}","{
  ""coordinates"": [
    -83.094698692,
    42.433162769
  ],
  ""type"": ""Point""
}",-83.094698692,42.433162769
1236,1359397,TRACEY,PICKFORD,2018-04-15,15,4,2018,20,1,1,9,,,0,,2,4,5,25,2,2,1,2,0,1,0,0,false,false,false,false,false,false,false,false,false,false,false,false,true,false,false,false,false,false,false,false,false,false,-83.18142,42.4254,"{
  ""coordinates"": [
    -8.318141827179160e+01,
    4.242540085931090e+01
  ],
  ""type"": ""Point""
}","{
  ""coordinates"": [
    -83.181418272,
    42.425400859
  ],
  ""type"": ""Point""
}",-83.181418272,42.425400859
1237,1362736,M 39,PLYMOUTH,2018-04-15,15,4,2018,17,1,5,3,,1,0,Asphalt,2,4,1,55,3,2,3,4,0,0,0,1,false,false,false,false,false,false,false,false,false,false,false,false,false,false,false,false,false,false,false,false,false,false,-83.21677,42.37231,"{
  ""coordinates"": [
    -8.321677159250670e+01,
    4.237230758994610e+01
  ],
  ""type"": ""Point""
}","{
  ""coordinates"": [
    -83.216771593,
    42.37230759
  ],
  ""type"": ""Point""
}",-83.216771593,42.37230759
1238,1360467,LINWOOD,PURITAN,2018-04-15,15,4,2018,7,1,4,9,,4,0,Asphalt,3,4,2,,1,2,1,5,0,0,0,0,true,false,false,false,true,false,false,false,false,false,false,false,false,false,false,false,false,false,false,false,false,false,-83.12782,42.41029,"{
  ""coordinates"": [
    -8.312781266558321e+01,
    4.241028435779140e+01
  ],
  ""type"": ""Point""
}","{
  ""coordinates"": [
    -83.127812666,
    42.410284358
  ],
  ""type"": ""Point""
}",-83.127812666,42.4102843580001
1239,1352434,THIRD,EUCLID,2018-04-15,15,4,2018,4,1,8,9,,4,0,Asphalt,2,4,4,25,4,2,1,5,0,0,0,0,true,false,false,false,true,false,false,false,false,false,false,false,false,false,false,false,false,false,false,false,false,false,-83.08395,42.37499,"{
  ""coordinates"": [
    -8.308395600208270e+01,
    4.237499293424830e+01
  ],
  ""type"": ""Point""
}","{
  ""coordinates"": [
    -83.083956002,
    42.374992934
  ],
  ""type"": ""Point""
}",-83.083956002,42.374992934
1240,1359373,N I 75,GRAND,2018-04-15,15,4,2018,15,1,1,1,,1,1,Asphalt,3,4,1,55,5,1,3,5,0,0,0,0,true,true,false,false,false,false,false,false,false,true,false,false,false,false,false,false,false,false,false,false,false,false,-83.08466,42.31606,"{
  ""coordinates"": [
    -8.308465221329590e+01,
    4.231606298470060e+01
  ],
  ""type"": ""Point""
}","{
  ""coordinates"": [
    -83.084652213,
    42.316062985
  ],
  ""type"": ""Point""
}",-83.084652213,42.316062985
1241,1350264,JOHN KRONK,CENTRAL,2018-04-15,15,4,2018,14,1,4,9,,4,0,Asphalt,2,4,1,25,2,2,2,4,0,0,0,1,false,false,false,false,true,false,false,false,false,false,false,false,false,false,true,false,false,false,false,false,false,false,-83.13166,42.32279,"{
  ""coordinates"": [
    -8.313166099160610e+01,
    4.232279296279230e+01
  ],
  ""type"": ""Point""
}","{
  ""coordinates"": [
    -83.131660992,
    42.322792963
  ],
  ""type"": ""Point""
}",-83.131660992,42.322792963
1242,1350257,THIRD,EUCLID,2018-04-15,15,4,2018,3,1,98,9,,4,0,Asphalt,3,7,4,,4,2,0,5,0,0,0,0,true,false,false,false,true,false,false,false,false,false,false,false,false,false,false,false,false,false,false,false,false,false,-83.08389,42.3749,"{
  ""coordinates"": [
    -8.308389480654191e+01,
    4.237490220734860e+01
  ],
  ""type"": ""Point""
}","{
  ""coordinates"": [
    -83.083894807,
    42.374902207
  ],
  ""type"": ""Point""
}",-83.083894807,42.374902207
1243,1351304,CONNER,CHARLEMAGNE,2018-04-15,15,4,2018,22,1,5,9,,4,0,Asphalt,2,4,4,35,5,2,2,5,0,0,0,0,true,false,false,false,true,false,false,false,false,false,false,false,false,false,false,false,false,false,false,false,false,false,-83.00043,42.40717,"{
  ""coordinates"": [
    -8.300043027317049e+01,
    4.240717318657820e+01
  ],
  ""type"": ""Point""
}","{
  ""coordinates"": [
    -83.000430273,
    42.407173187
  ],
  ""type"": ""Point""
}",-83.0004302729999,42.4071731870001
1244,1352468,OAKMAN,TURNER,2018-04-15,15,4,2018,6,1,5,9,,4,0,Asphalt,2,4,4,25,2,2,1,5,0,0,0,0,true,false,false,false,false,false,false,false,false,true,false,false,false,false,false,false,false,false,false,false,false,false,-83.14676,42.37705,"{
  ""coordinates"": [
    -8.314676054818889e+01,
    4.237704852296920e+01
  ],
  ""type"": ""Point""
}","{
  ""coordinates"": [
    -83.146760548,
    42.377048523
  ],
  ""type"": ""Point""
}",-83.146760548,42.377048523
1245,1350262,VERNOR,20TH,2018-04-15,15,4,2018,0,1,4,9,,4,0,Asphalt,1,1,4,25,2,2,2,5,0,0,0,0,true,false,false,false,false,false,false,false,false,false,false,false,false,false,false,false,false,false,false,false,false,false,-83.08129,42.32605,"{
  ""coordinates"": [
    -8.308128922899630e+01,
    4.232604574947920e+01
  ],
  ""type"": ""Point""
}","{
  ""coordinates"": [
    -83.081289229,
    42.326045749
  ],
  ""type"": ""Point""
}",-83.0812892289999,42.3260457490001
1246,1351305,GUNSTON,COLLEGE,2018-04-15,15,4,2018,7,1,8,3,,1,0,Asphalt,3,4,2,25,2,2,2,5,0,0,0,0,true,false,false,false,true,false,false,false,false,false,false,false,false,false,false,false,false,false,false,false,false,false,-83.00053,42.41615,"{
  ""coordinates"": [
    -8.300052499323709e+01,
    4.241614826992470e+01
  ],
  ""type"": ""Point""
}","{
  ""coordinates"": [
    -83.000524993,
    42.41614827
  ],
  ""type"": ""Point""
}",-83.0005249929999,42.4161482700001
1247,1351316,8 MILE,N I 75 SERVICE DRIVE,2018-04-15,15,4,2018,2,1,4,3,,1,0,Concrete,2,1,4,40,6,2,1,5,0,0,0,0,true,false,true,true,true,false,false,false,false,false,false,false,false,false,false,false,false,false,false,false,false,false,-83.09438,42.44681,"{
  ""coordinates"": [
    -8.309438441539960e+01,
    4.244681229585670e+01
  ],
  ""type"": ""Point""
}","{
  ""coordinates"": [
    -83.094384415,
    42.446812296
  ],
  ""type"": ""Point""
}",-83.094384415,42.4468122960001
1248,1365894,TRACEY,PICKFORD,2018-04-15,15,4,2018,20,1,1,9,,,0,,2,4,5,25,2,2,1,2,0,1,0,0,false,false,false,false,false,false,false,false,false,false,false,false,true,false,false,false,false,false,false,false,false,false,-83.18142,42.4254,"{
  ""coordinates"": [
    -8.318141827179160e+01,
    4.242540085931090e+01
  ],
  ""type"": ""Point""
}","{
  ""coordinates"": [
    -83.181418272,
    42.425400859
  ],
  ""type"": ""Point""
}",-83.181418272,42.425400859
1249,1350250,I 75,NEVADA,2018-04-15,15,4,2018,16,1,1,1,,1,1,Asphalt,2,4,1,70,4,1,1,5,0,0,0,0,true,false,false,false,false,false,false,false,false,true,false,false,false,false,false,false,false,false,false,false,false,false,-83.09367,42.42515,"{
  ""coordinates"": [
    -8.309367168764339e+01,
    4.242515332968390e+01
  ],
  ""type"": ""Point""
}","{
  ""coordinates"": [
    -83.093671688,
    42.42515333
  ],
  ""type"": ""Point""
}",-83.093671688,42.4251533300001
1250,1382760,WYOMING,MARGARETA,2018-04-15,15,4,2018,18,1,5,9,,4,0,Asphalt,2,2,1,30,3,2,4,5,0,0,0,0,true,false,false,false,false,false,false,true,false,false,false,false,false,false,false,false,false,false,false,false,false,false,-83.16084,42.42774,"{
  ""coordinates"": [
    -8.316084655197720e+01,
    4.242774053282440e+01
  ],
  ""type"": ""Point""
}","{
  ""coordinates"": [
    -83.160846552,
    42.427740533
  ],
  ""type"": ""Point""
}",-83.160846552,42.4277405330001
1251,1350278,GRATIOT,DUBOIS,2018-04-15,15,4,2018,0,1,1,3,,1,1,Asphalt,1,1,4,35,3,1,2,4,0,0,0,1,false,false,false,false,false,false,false,false,false,false,false,false,false,false,false,false,false,false,false,false,false,false,-83.03322,42.35075,"{
  ""coordinates"": [
    -8.303321693469030e+01,
    4.235074468541660e+01
  ],
  ""type"": ""Point""
}","{
  ""coordinates"": [
    -83.033216935,
    42.350744685
  ],
  ""type"": ""Point""
}",-83.033216935,42.3507446850001
1252,1352419,HUBBELL,INTERVALE,2018-04-15,15,4,2018,21,1,1,9,,4,1,Asphalt,2,4,5,35,2,1,0,5,0,0,0,0,true,false,false,false,false,false,false,false,false,false,false,false,false,false,false,false,false,false,false,false,false,false,-83.18848,42.39101,"{
  ""coordinates"": [
    -8.318847446292339e+01,
    4.239100903382350e+01
  ],
  ""type"": ""Point""
}","{
  ""coordinates"": [
    -83.188474463,
    42.391009034
  ],
  ""type"": ""Point""
}",-83.188474463,42.391009034
1253,1377676,I-94,I-75,2018-04-15,15,4,2018,17,1,8,1,,1,0,Concrete,2,4,1,55,3,2,1,5,0,0,0,0,true,false,false,false,true,false,false,false,false,true,false,false,false,false,false,false,false,false,false,false,false,false,-83.05851,42.36839,"{
  ""coordinates"": [
    -8.305850945970330e+01,
    4.236838999421680e+01
  ],
  ""type"": ""Point""
}","{
  ""coordinates"": [
    -83.05850946,
    42.368389994
  ],
  ""type"": ""Point""
}",-83.05850946,42.368389994
1254,1351297,LAING,GRAYTON,2018-04-15,15,4,2018,18,1,4,9,,,0,,2,4,3,25,2,2,1,4,0,0,0,1,false,false,false,false,true,false,false,false,false,false,false,false,false,false,false,false,false,false,false,false,false,false,-82.95636,42.42306,"{
  ""coordinates"": [
    -8.295636176269279e+01,
    4.242305758828360e+01
  ],
  ""type"": ""Point""
}","{
  ""coordinates"": [
    -82.956361763,
    42.423057588
  ],
  ""type"": ""Point""
}",-82.956361763,42.4230575880001