ObjectId,Crash ID,Primary Road,Intersecting Road,Crash Date,Day,Month,Year,Hour,Weekday,Crash Type Code,Highway Classification Code,Community Code,Jurisdiction Code,Lane Departure Type Code,Surface Type,Road Condition,Weather Condition,Lighting Condition,Speed Limit,Lanes,Units,Occupants,Most Severe Injury,Fatal Injuries,Suspected Serious Injuries,Suspected Minor Injuries,Possible Injuries,Property Damage Only,Secondary Crash,Traffic Control,Red Light Run,Hit and Run,Alcohol,Drugs,Unbelted Person,Work Zone,Speeding Driver,Distracted Driver,Driveway,Pedestrian,Elderly Driver,Young Driver,Commercial Vehicle,Emergency Vehicles,Train,School Bus,Motorcycle,Bicycle,Deer,Longitude,Latitude,geom,geog,x,y
1255,1351303,7 MILE,WESTPHALIA,2018-04-15,15,4,2018,18,1,3,9,,4,0,Asphalt,2,4,1,35,2,2,1,5,0,0,0,0,true,false,false,false,true,false,false,false,false,false,false,false,false,false,false,false,false,false,false,false,false,false,-82.99241,42.43476,"{
  ""coordinates"": [
    -8.299240600648680e+01,
    4.243475656856860e+01
  ],
  ""type"": ""Point""
}","{
  ""coordinates"": [
    -82.992406006,
    42.434756569
  ],
  ""type"": ""Point""
}",-82.992406006,42.4347565690001
1256,1351209,N/B M 39,PLYMOUTH,2018-04-15,15,4,2018,10,1,5,3,,1,0,Concrete,2,4,1,55,3,2,2,5,0,0,0,0,true,false,false,false,false,false,false,false,false,false,false,false,false,false,false,false,false,false,false,false,false,false,-83.2166,42.37253,"{
  ""coordinates"": [
    -8.321659637751750e+01,
    4.237252815866200e+01
  ],
  ""type"": ""Point""
}","{
  ""coordinates"": [
    -83.216596378,
    42.372528159
  ],
  ""type"": ""Point""
}",-83.216596378,42.3725281590001
1257,1350272,PLYMOUTH,ROUGE PARK,2018-04-15,15,4,2018,16,1,4,9,,4,0,Asphalt,2,4,1,40,7,2,3,5,0,0,0,0,true,false,false,false,false,false,false,false,false,false,false,false,false,false,true,false,false,false,false,false,false,false,-83.25922,42.37162,"{
  ""coordinates"": [
    -8.325922716031320e+01,
    4.237161754729160e+01
  ],
  ""type"": ""Point""
}","{
  ""coordinates"": [
    -83.25922716,
    42.371617547
  ],
  ""type"": ""Point""
}",-83.25922716,42.371617547
1258,1350254,HUBBELL,INTERVALE,2018-04-15,15,4,2018,23,1,1,9,,4,1,Asphalt,2,4,5,35,2,1,2,5,0,0,0,0,true,false,false,false,false,false,false,false,false,false,false,false,false,false,true,false,false,false,false,false,false,false,-83.18848,42.39111,"{
  ""coordinates"": [
    -8.318847866916479e+01,
    4.239111043184780e+01
  ],
  ""type"": ""Point""
}","{
  ""coordinates"": [
    -83.188478669,
    42.391110432
  ],
  ""type"": ""Point""
}",-83.1884786689999,42.3911104320001
1259,1351298,CONNER,HARPER,2018-04-15,15,4,2018,8,1,5,9,,4,0,Asphalt,3,4,2,,2,2,3,5,0,0,0,0,true,false,false,false,false,false,false,false,false,false,false,true,false,false,true,false,false,false,false,false,false,false,-82.9896,42.3974,"{
  ""coordinates"": [
    -8.298960024803969e+01,
    4.239739683302460e+01
  ],
  ""type"": ""Point""
}","{
  ""coordinates"": [
    -82.989600248,
    42.397396833
  ],
  ""type"": ""Point""
}",-82.989600248,42.3973968330001
1260,1351096,N M 39,7 MILE,2018-04-15,15,4,2018,20,1,8,3,,1,0,Concrete,2,4,5,55,3,2,2,5,0,0,0,0,true,false,false,false,false,false,false,false,false,true,false,false,false,false,true,false,false,false,false,false,false,false,-83.21924,42.43024,"{
  ""coordinates"": [
    -8.321924099943880e+01,
    4.243023547124000e+01
  ],
  ""type"": ""Point""
}","{
  ""coordinates"": [
    -83.219240999,
    42.430235471
  ],
  ""type"": ""Point""
}",-83.219240999,42.4302354710001
1261,1351116,I96,M39,2018-04-15,15,4,2018,7,1,1,1,,1,1,Concrete,2,4,1,55,1,1,1,5,0,0,0,0,true,false,false,false,false,false,false,false,false,true,false,false,false,false,false,false,false,false,false,false,false,false,-83.21497,42.37882,"{
  ""coordinates"": [
    -8.321496979461671e+01,
    4.237882075808200e+01
  ],
  ""type"": ""Point""
}","{
  ""coordinates"": [
    -83.214969795,
    42.378820758
  ],
  ""type"": ""Point""
}",-83.2149697949999,42.3788207580001
1262,1351324,LIVERNOIS,CURTIS,2018-04-15,15,4,2018,15,1,4,9,,4,0,Asphalt,2,4,1,30,2,2,2,5,0,0,0,0,true,false,false,false,false,false,false,false,false,false,false,false,false,false,false,false,false,false,false,false,false,false,-83.14128,42.42445,"{
  ""coordinates"": [
    -8.314128301557280e+01,
    4.242444958138600e+01
  ],
  ""type"": ""Point""
}","{
  ""coordinates"": [
    -83.141283016,
    42.424449581
  ],
  ""type"": ""Point""
}",-83.141283016,42.424449581
1263,1354024,GOODARD,7 MILE,2018-04-15,15,4,2018,22,1,97,9,,,0,,2,4,5,30,5,2,1,4,0,0,0,1,false,false,false,false,true,false,false,false,false,false,false,false,false,false,false,false,false,false,false,false,false,false,-83.078,42.43293,"{
  ""coordinates"": [
    -8.307800645395891e+01,
    4.243292976249230e+01
  ],
  ""type"": ""Point""
}","{
  ""coordinates"": [
    -83.078006454,
    42.432929762
  ],
  ""type"": ""Point""
}",-83.078006454,42.4329297620001
1264,1362119,PARKHURST,JOHN R,2018-04-15,15,4,2018,23,1,8,9,,,0,,2,4,4,,2,2,1,5,0,0,0,0,true,false,false,false,false,false,false,false,false,false,false,false,false,false,false,false,true,false,false,false,false,false,-83.1026,42.42088,"{
  ""coordinates"": [
    -8.310259789677809e+01,
    4.242087441409580e+01
  ],
  ""type"": ""Point""
}","{
  ""coordinates"": [
    -83.102597897,
    42.420874414
  ],
  ""type"": ""Point""
}",-83.102597897,42.420874414
1265,1350274,I-96 SERVICE,KENTFIELD,2018-04-15,15,4,2018,13,1,5,9,,4,0,Asphalt,3,4,1,30,2,2,2,5,0,0,0,0,true,false,false,false,false,false,false,false,false,false,false,false,false,false,false,false,false,false,false,false,false,false,-83.23949,42.38184,"{
  ""coordinates"": [
    -8.323949283780441e+01,
    4.238183624527580e+01
  ],
  ""type"": ""Point""
}","{
  ""coordinates"": [
    -83.239492838,
    42.381836245
  ],
  ""type"": ""Point""
}",-83.239492838,42.381836245
1266,1351292,FERGUSON,MCNICHOLS,2018-04-15,15,4,2018,19,1,8,9,,,0,,2,4,3,25,2,2,1,5,0,0,0,0,true,false,false,false,true,false,false,false,false,false,false,false,false,false,false,false,false,false,false,false,false,false,-83.21003,42.41574,"{
  ""coordinates"": [
    -8.321002887726441e+01,
    4.241574343169840e+01
  ],
  ""type"": ""Point""
}","{
  ""coordinates"": [
    -83.210028877,
    42.415743432
  ],
  ""type"": ""Point""
}",-83.210028877,42.4157434320001
1267,1350266,LIDDESDALE,OMAHA,2018-04-15,15,4,2018,4,1,2,9,,,2,,2,4,4,25,2,2,0,5,0,0,0,0,true,false,false,false,true,false,false,false,false,false,false,false,false,false,false,false,false,false,false,false,false,false,-83.15681,42.26937,"{
  ""coordinates"": [
    -8.315681016744750e+01,
    4.226937015338190e+01
  ],
  ""type"": ""Point""
}","{
  ""coordinates"": [
    -83.156810167,
    42.269370153
  ],
  ""type"": ""Point""
}",-83.1568101669999,42.2693701530001
1268,1351307,JOHN R,ALEXANDRINE,2018-04-15,15,4,2018,14,1,8,9,,4,0,Asphalt,2,4,1,35,4,2,2,5,0,0,0,0,true,false,false,false,false,false,false,false,false,false,false,false,false,true,false,false,false,false,false,false,false,false,-83.05788,42.35126,"{
  ""coordinates"": [
    -8.305788065807999e+01,
    4.235125836152110e+01
  ],
  ""type"": ""Point""
}","{
  ""coordinates"": [
    -83.057880658,
    42.351258362
  ],
  ""type"": ""Point""
}",-83.057880658,42.3512583620001
1269,1428832,GRANDRIVER,KENTFIELD,2018-04-15,15,4,2018,22,1,2,3,,1,0,Asphalt,2,4,3,40,5,2,5,4,0,0,0,3,false,false,false,false,false,false,false,false,false,false,false,false,false,false,false,false,false,false,false,false,false,false,-83.24083,42.40976,"{
  ""coordinates"": [
    -8.324083160571610e+01,
    4.240976286242920e+01
  ],
  ""type"": ""Point""
}","{
  ""coordinates"": [
    -83.240831606,
    42.409762862
  ],
  ""type"": ""Point""
}",-83.240831606,42.409762862
1270,1352418,MEYERS,ELMIRA,2018-04-15,15,4,2018,20,1,4,9,,4,0,Asphalt,2,4,4,35,2,2,1,5,0,0,0,0,true,false,false,false,false,false,false,false,false,false,false,false,false,false,false,false,false,false,false,false,false,false,-83.16808,42.3709,"{
  ""coordinates"": [
    -8.316808106688030e+01,
    4.237090456663160e+01
  ],
  ""type"": ""Point""
}","{
  ""coordinates"": [
    -83.168081067,
    42.370904567
  ],
  ""type"": ""Point""
}",-83.1680810669999,42.370904567
1271,1371306,M39,PLYMOUTH,2018-04-15,15,4,2018,10,1,8,3,,1,0,Asphalt,2,4,1,55,3,2,2,5,0,0,0,0,true,false,false,false,false,false,false,false,false,false,false,false,false,false,true,false,false,false,false,false,false,false,-83.21652,42.3708,"{
  ""coordinates"": [
    -8.321652522341600e+01,
    4.237080432951950e+01
  ],
  ""type"": ""Point""
}","{
  ""coordinates"": [
    -83.216525223,
    42.37080433
  ],
  ""type"": ""Point""
}",-83.216525223,42.3708043300001
1272,1349304,8 MILE,S M 10,2018-04-15,15,4,2018,3,1,1,3,,1,1,Asphalt,3,7,4,40,2,1,3,4,0,0,0,1,false,false,false,false,false,false,false,false,false,false,false,true,false,false,false,false,false,false,false,false,false,false,-83.20361,42.44468,"{
  ""coordinates"": [
    -8.320360977744780e+01,
    4.244468359517610e+01
  ],
  ""type"": ""Point""
}","{
  ""coordinates"": [
    -83.203609777,
    42.444683595
  ],
  ""type"": ""Point""
}",-83.2036097769999,42.4446835950001
1273,1351308,DICKERSON,MAIDEN,2018-04-15,15,4,2018,12,1,4,9,,4,0,Asphalt,2,4,1,30,4,2,1,5,0,0,0,0,true,false,false,false,true,false,false,false,false,false,true,false,false,false,false,false,false,false,false,false,false,false,-82.97533,42.40579,"{
  ""coordinates"": [
    -8.297532487641000e+01,
    4.240578695783570e+01
  ],
  ""type"": ""Point""
}","{
  ""coordinates"": [
    -82.975324876,
    42.405786958
  ],
  ""type"": ""Point""
}",-82.9753248759999,42.4057869580001
1274,1350283,LONGVIEW,ANNSBURY,2018-04-15,15,4,2018,15,1,10,9,,,3,,2,4,1,25,2,2,0,5,0,0,0,0,true,false,false,false,true,false,false,false,false,false,false,false,false,false,false,false,false,false,false,false,false,false,-82.98187,42.40662,"{
  ""coordinates"": [
    -8.298187411368950e+01,
    4.240662416074480e+01
  ],
  ""type"": ""Point""
}","{
  ""coordinates"": [
    -82.981874114,
    42.406624161
  ],
  ""type"": ""Point""
}",-82.9818741139999,42.406624161
1275,1350249,W I 94,RAMP 213C,2018-04-15,15,4,2018,5,1,1,1,,1,0,Asphalt,3,4,4,55,3,1,2,5,0,0,0,0,true,false,false,false,false,false,false,false,false,false,false,false,false,false,false,false,true,false,false,false,false,false,-83.10784,42.3475,"{
  ""coordinates"": [
    -8.310783833545111e+01,
    4.234749518432790e+01
  ],
  ""type"": ""Point""
}","{
  ""coordinates"": [
    -83.107838335,
    42.347495184
  ],
  ""type"": ""Point""
}",-83.1078383349999,42.347495184
1276,1349306,MCNICHOLS,INVERNESS,2018-04-15,15,4,2018,3,1,1,9,,4,0,Asphalt,2,4,4,30,3,1,1,5,0,0,0,0,true,false,false,false,false,false,false,false,false,false,false,false,false,false,false,false,false,false,false,false,false,false,-83.12312,42.41745,"{
  ""coordinates"": [
    -8.312312295142370e+01,
    4.241745566497270e+01
  ],
  ""type"": ""Point""
}","{
  ""coordinates"": [
    -83.123122951,
    42.417455665
  ],
  ""type"": ""Point""
}",-83.123122951,42.417455665
1277,1351306,ELMDALE,GUNSTON,2018-04-15,15,4,2018,22,1,5,9,,,0,,2,4,5,25,2,2,0,5,0,0,0,0,true,false,false,false,true,false,false,false,false,false,false,false,false,false,false,false,false,false,false,false,false,false,-82.99094,42.40235,"{
  ""coordinates"": [
    -8.299093632598600e+01,
    4.240234868040560e+01
  ],
  ""type"": ""Point""
}","{
  ""coordinates"": [
    -82.990936326,
    42.40234868
  ],
  ""type"": ""Point""
}",-82.9909363259999,42.40234868
1278,1351176,I-75,SCHAEFER,2018-04-15,15,4,2018,19,1,1,1,,1,1,Concrete,2,4,1,70,3,1,1,4,0,0,0,1,false,false,false,false,false,false,false,false,false,true,false,false,false,false,false,true,false,false,false,false,false,false,-83.15732,42.27681,"{
  ""coordinates"": [
    -8.315731608458650e+01,
    4.227681490037050e+01
  ],
  ""type"": ""Point""
}","{
  ""coordinates"": [
    -83.157316085,
    42.2768149
  ],
  ""type"": ""Point""
}",-83.1573160849999,42.2768149
1279,1351309,VIRGINIA PARK,BYRON,2018-04-15,15,4,2018,1,1,5,9,,,0,,1,1,4,25,1,2,1,5,0,0,0,0,true,false,false,false,false,false,false,false,false,false,false,false,false,false,false,false,false,false,false,false,false,false,-83.0892,42.37186,"{
  ""coordinates"": [
    -8.308920299640540e+01,
    4.237185910974950e+01
  ],
  ""type"": ""Point""
}","{
  ""coordinates"": [
    -83.089202996,
    42.37185911
  ],
  ""type"": ""Point""
}",-83.089202996,42.3718591100001
1280,1356032,M 39,PLYMOUTH,2018-04-15,15,4,2018,15,1,5,3,,1,0,Concrete,2,4,1,55,3,2,1,4,0,0,0,1,false,false,false,false,true,false,false,false,false,false,false,false,false,false,false,false,false,false,false,false,false,false,-83.21659,42.37238,"{
  ""coordinates"": [
    -8.321659030844970e+01,
    4.237238329629030e+01
  ],
  ""type"": ""Point""
}","{
  ""coordinates"": [
    -83.216590308,
    42.372383296
  ],
  ""type"": ""Point""
}",-83.216590308,42.3723832960001
1281,1371311,M-10,WYOMING,2018-04-15,15,4,2018,12,1,1,3,,1,1,Concrete,2,4,1,55,3,1,2,5,0,0,0,0,true,false,false,false,false,false,false,true,false,true,false,false,false,false,false,false,false,false,false,false,false,false,-83.15759,42.40483,"{
  ""coordinates"": [
    -8.315758811732290e+01,
    4.240482565961060e+01
  ],
  ""type"": ""Point""
}","{
  ""coordinates"": [
    -83.157588117,
    42.40482566
  ],
  ""type"": ""Point""
}",-83.157588117,42.40482566
1282,1351229,5200 WAYBURN,FRANKFORT,2018-04-15,15,4,2018,7,1,5,9,,,0,,3,4,4,25,1,2,0,5,0,0,0,0,true,false,false,false,true,false,false,true,false,false,false,false,false,false,false,false,false,false,false,false,false,false,-82.95477,42.39905,"{
  ""coordinates"": [
    -8.295476899113510e+01,
    4.239905341939580e+01
  ],
  ""type"": ""Point""
}","{
  ""coordinates"": [
    -82.954768991,
    42.399053419
  ],
  ""type"": ""Point""
}",-82.954768991,42.399053419
1283,1351126,S/B I 75,DAVISON,2018-04-15,15,4,2018,7,1,1,1,,1,1,Asphalt,3,4,1,55,4,1,1,5,0,0,0,0,true,false,false,false,false,false,false,false,false,true,false,false,false,false,false,false,false,false,false,false,false,false,-83.08163,42.41111,"{
  ""coordinates"": [
    -8.308162645865130e+01,
    4.241111166709470e+01
  ],
  ""type"": ""Point""
}","{
  ""coordinates"": [
    -83.081626459,
    42.411111667
  ],
  ""type"": ""Point""
}",-83.0816264589999,42.4111116670001
1284,1350277,VAN DYKE,MILLER,2018-04-15,15,4,2018,1,1,8,3,,1,0,Asphalt,2,4,4,35,3,2,5,4,0,0,0,2,false,false,false,false,true,false,false,false,false,true,false,false,false,false,false,false,false,false,false,false,false,false,-83.02251,42.39038,"{
  ""coordinates"": [
    -8.302251474816890e+01,
    4.239037669993100e+01
  ],
  ""type"": ""Point""
}","{
  ""coordinates"": [
    -83.022514748,
    42.3903767
  ],
  ""type"": ""Point""
}",-83.0225147479999,42.3903767
1285,1350286,DEQUINDRE,WINCHESTER,2018-04-15,15,4,2018,19,1,8,9,,4,0,Asphalt,2,4,3,30,2,2,1,5,0,0,0,0,true,false,false,false,true,false,false,false,false,false,false,false,false,false,false,false,false,false,false,false,false,false,-83.0833,42.44473,"{
  ""coordinates"": [
    -8.308330123057461e+01,
    4.244472823594860e+01
  ],
  ""type"": ""Point""
}","{
  ""coordinates"": [
    -83.083301231,
    42.444728236
  ],
  ""type"": ""Point""
}",-83.083301231,42.4447282360001
1286,1352466,TIREMAN,EPWORTH,2018-04-15,15,4,2018,18,1,5,9,,4,0,Asphalt,2,4,1,30,2,2,1,5,0,0,0,0,true,false,false,false,true,false,false,false,false,false,false,false,false,false,false,false,false,false,false,false,false,false,-83.1303,42.35197,"{
  ""coordinates"": [
    -8.313030107646060e+01,
    4.235197002180260e+01
  ],
  ""type"": ""Point""
}","{
  ""coordinates"": [
    -83.130301076,
    42.351970022
  ],
  ""type"": ""Point""
}",-83.130301076,42.351970022
1287,1351205,E I 96,FULLERTON,2018-04-15,15,4,2018,16,1,1,1,,1,1,Concrete,2,4,1,70,3,1,1,4,0,0,0,1,false,false,false,false,false,false,false,false,false,true,false,false,false,false,false,false,false,false,false,false,false,false,-83.18887,42.38021,"{
  ""coordinates"": [
    -8.318886929239670e+01,
    4.238020733675950e+01
  ],
  ""type"": ""Point""
}","{
  ""coordinates"": [
    -83.188869292,
    42.380207337
  ],
  ""type"": ""Point""
}",-83.1888692919999,42.3802073370001
1288,1352361,E I 94,CONSOLIDATED RAIL CORPORATION,2018-04-15,15,4,2018,18,1,8,1,,1,0,Asphalt,2,4,1,55,3,2,2,5,0,0,0,0,true,false,false,false,false,false,false,false,false,true,false,false,false,true,false,false,false,false,false,false,false,false,-83.03082,42.38245,"{
  ""coordinates"": [
    -8.303081601910451e+01,
    4.238244945769080e+01
  ],
  ""type"": ""Point""
}","{
  ""coordinates"": [
    -83.030816019,
    42.382449458
  ],
  ""type"": ""Point""
}",-83.030816019,42.3824494580001
1289,1353770,M-39,PEMBROKE,2018-04-15,15,4,2018,19,1,5,3,,1,0,Concrete,8,4,4,55,3,2,2,4,0,0,0,1,false,false,false,false,false,false,false,false,false,false,false,false,false,false,true,false,false,false,false,false,false,false,-83.21971,42.43697,"{
  ""coordinates"": [
    -8.321971363904660e+01,
    4.243696539393550e+01
  ],
  ""type"": ""Point""
}","{
  ""coordinates"": [
    -83.219713639,
    42.436965394
  ],
  ""type"": ""Point""
}",-83.219713639,42.436965394
1290,1353995,S M 39 SERVICE DRIVE,JOY,2018-04-15,15,4,2018,17,1,5,9,,4,0,Asphalt,2,4,1,35,3,2,1,5,0,0,0,0,true,false,false,false,false,false,false,false,false,false,false,false,false,false,false,false,false,false,false,false,false,false,-83.21691,42.35792,"{
  ""coordinates"": [
    -8.321691130396530e+01,
    4.235791876389730e+01
  ],
  ""type"": ""Point""
}","{
  ""coordinates"": [
    -83.216911304,
    42.357918764
  ],
  ""type"": ""Point""
}",-83.216911304,42.357918764
1291,1371309,I-94,CONNER,2018-04-14,14,4,2018,10,7,5,1,,1,0,Asphalt,2,4,1,55,3,2,1,5,0,0,0,0,true,false,false,false,true,false,false,false,false,false,false,false,false,false,true,false,false,false,false,false,false,false,-82.98373,42.39864,"{
  ""coordinates"": [
    -8.298373389535030e+01,
    4.239864399549530e+01
  ],
  ""type"": ""Point""
}","{
  ""coordinates"": [
    -82.983733895,
    42.398643995
  ],
  ""type"": ""Point""
}",-82.9837338949999,42.398643995
1292,1358480,FORT,VISGER,2018-04-14,14,4,2018,16,7,8,3,,1,0,Asphalt,2,2,1,45,2,2,2,5,0,0,0,0,true,false,false,false,true,false,false,false,false,false,false,false,false,false,false,false,false,false,false,false,false,false,-83.16294,42.2674,"{
  ""coordinates"": [
    -8.316293837663920e+01,
    4.226740434540610e+01
  ],
  ""type"": ""Point""
}","{
  ""coordinates"": [
    -83.162938377,
    42.267404345
  ],
  ""type"": ""Point""
}",-83.162938377,42.267404345
1293,1353949,WOODWARD,WITHERELL,2018-04-14,14,4,2018,0,7,1,9,,4,0,Asphalt,1,1,4,35,5,2,2,3,0,0,1,0,false,false,false,false,false,false,false,false,false,false,false,false,false,false,false,false,false,true,false,false,false,false,-83.0502,42.33598,"{
  ""coordinates"": [
    -8.305020034003959e+01,
    4.233598418006270e+01
  ],
  ""type"": ""Point""
}","{
  ""coordinates"": [
    -83.05020034,
    42.33598418
  ],
  ""type"": ""Point""
}",-83.0502003399999,42.33598418
1294,1360358,I-94,CONCORD,2018-04-14,14,4,2018,2,7,5,1,,1,0,Asphalt,2,1,4,55,3,2,5,4,0,0,0,1,false,false,false,false,false,false,false,false,false,true,false,false,false,false,false,false,false,false,false,false,false,false,-83.02661,42.38486,"{
  ""coordinates"": [
    -8.302661053765870e+01,
    4.238485779326640e+01
  ],
  ""type"": ""Point""
}","{
  ""coordinates"": [
    -83.026610538,
    42.384857793
  ],
  ""type"": ""Point""
}",-83.0266105379999,42.384857793
1295,1351310,FULLERTON,GREENLAWN,2018-04-14,14,4,2018,1,7,5,9,,4,0,Asphalt,2,4,4,25,1,2,1,5,0,0,0,0,true,false,false,false,true,false,false,false,false,false,false,false,false,false,false,false,false,false,false,false,false,false,-83.14929,42.38098,"{
  ""coordinates"": [
    -8.314929422472200e+01,
    4.238097826151770e+01
  ],
  ""type"": ""Point""
}","{
  ""coordinates"": [
    -83.149294225,
    42.380978262
  ],
  ""type"": ""Point""
}",-83.1492942249999,42.380978262
1296,1351182,I-94,MT ELLIOTT,2018-04-14,14,4,2018,8,7,1,1,,1,1,Asphalt,2,4,1,55,3,1,1,5,0,0,0,0,true,false,false,false,false,false,false,false,false,true,false,false,false,false,false,false,false,false,false,false,false,false,-83.03446,42.37877,"{
  ""coordinates"": [
    -8.303446111381770e+01,
    4.237876589047460e+01
  ],
  ""type"": ""Point""
}","{
  ""coordinates"": [
    -83.034461114,
    42.37876589
  ],
  ""type"": ""Point""
}",-83.034461114,42.3787658900001
1297,1353925,M-39,GRANDRIVER,2018-04-14,14,4,2018,10,7,5,3,,1,0,Asphalt,2,4,1,55,3,2,2,5,0,0,0,0,true,false,false,false,true,false,false,false,false,false,false,false,false,false,false,false,false,false,false,false,false,false,-83.21838,42.4008,"{
  ""coordinates"": [
    -8.321838516059900e+01,
    4.240079819479300e+01
  ],
  ""type"": ""Point""
}","{
  ""coordinates"": [
    -83.218385161,
    42.400798195
  ],
  ""type"": ""Point""
}",-83.218385161,42.400798195
1298,1350281,DICKERSON,FILBERT,2018-04-14,14,4,2018,21,7,4,9,,4,0,Asphalt,2,4,2,30,2,2,1,2,0,1,0,0,false,false,false,false,true,false,false,false,false,false,false,false,false,false,false,false,false,false,false,false,false,false,-82.98359,42.41896,"{
  ""coordinates"": [
    -8.298358850639011e+01,
    4.241896220800540e+01
  ],
  ""type"": ""Point""
}","{
  ""coordinates"": [
    -82.983588506,
    42.418962208
  ],
  ""type"": ""Point""
}",-82.983588506,42.418962208
1299,1351291,GRAND RIVER,SOUTHFIELD SERVICE DRIVE,2018-04-14,14,4,2018,6,7,98,3,,1,0,Asphalt,1,1,1,35,4,2,2,5,0,0,0,0,true,false,false,false,false,false,false,false,false,false,false,false,false,false,false,false,false,false,false,false,false,false,-83.21882,42.40091,"{
  ""coordinates"": [
    -8.321882117979500e+01,
    4.240091287471650e+01
  ],
  ""type"": ""Point""
}","{
  ""coordinates"": [
    -83.21882118,
    42.400912875
  ],
  ""type"": ""Point""
}",-83.21882118,42.4009128750001
1300,1351170,I-75,7 MILE,2018-04-14,14,4,2018,7,7,1,1,,1,1,Asphalt,2,4,2,70,4,1,1,4,0,0,0,1,false,false,false,false,false,false,false,false,false,true,false,false,false,false,false,false,false,false,false,false,false,false,-83.09462,42.43221,"{
  ""coordinates"": [
    -8.309462279310820e+01,
    4.243220822478730e+01
  ],
  ""type"": ""Point""
}","{
  ""coordinates"": [
    -83.094622793,
    42.432208225
  ],
  ""type"": ""Point""
}",-83.094622793,42.4322082250001
1301,1354062,WARREN,BRUSH,2018-04-14,14,4,2018,15,7,4,9,,4,0,Asphalt,2,4,1,30,4,2,3,5,0,0,0,0,true,false,false,false,false,false,false,false,false,false,false,false,false,false,false,false,false,false,false,false,false,false,-83.05995,42.35883,"{
  ""coordinates"": [
    -8.305995136945080e+01,
    4.235882836704980e+01
  ],
  ""type"": ""Point""
}","{
  ""coordinates"": [
    -83.059951369,
    42.358828367
  ],
  ""type"": ""Point""
}",-83.059951369,42.3588283670001
1302,1351200,S I 75,ROSA PARKS,2018-04-14,14,4,2018,12,7,1,1,,1,1,Concrete,2,4,1,55,3,1,1,5,0,0,0,0,true,false,false,false,false,false,false,false,false,true,false,false,false,false,false,false,false,false,false,false,false,false,-83.07395,42.33319,"{
  ""coordinates"": [
    -8.307394941924220e+01,
    4.233318797426740e+01
  ],
  ""type"": ""Point""
}","{
  ""coordinates"": [
    -83.073949419,
    42.333187974
  ],
  ""type"": ""Point""
}",-83.073949419,42.3331879740001
1303,1351127,E I 96,DAVISON CROSSOVER,2018-04-14,14,4,2018,17,7,5,1,,1,0,Concrete,2,4,1,55,2,2,1,5,0,0,0,0,true,false,false,false,true,false,false,false,false,false,false,false,false,false,false,false,false,false,false,false,false,false,-83.15979,42.38525,"{
  ""coordinates"": [
    -8.315978803591130e+01,
    4.238525258960650e+01
  ],
  ""type"": ""Point""
}","{
  ""coordinates"": [
    -83.159788036,
    42.38525259
  ],
  ""type"": ""Point""
}",-83.159788036,42.3852525900001
1304,1350261,MICHIGAN,GILBERT,2018-04-14,14,4,2018,22,7,8,2,,1,0,Asphalt,1,1,4,35,5,2,2,5,0,0,0,0,true,false,false,false,false,false,false,false,false,false,false,false,false,false,false,false,false,false,false,false,false,false,-83.12146,42.33112,"{
  ""coordinates"": [
    -8.312145929196861e+01,
    4.233111735339580e+01
  ],
  ""type"": ""Point""
}","{
  ""coordinates"": [
    -83.121459292,
    42.331117353
  ],
  ""type"": ""Point""
}",-83.1214592919999,42.331117353
1305,1349165,I-96,M-39,2018-04-14,14,4,2018,1,7,5,1,,1,0,Concrete,1,2,4,70,3,2,1,5,0,0,0,0,true,false,false,false,true,false,false,false,false,false,false,false,false,false,false,false,false,false,false,false,false,false,-83.21618,42.37881,"{
  ""coordinates"": [
    -8.321618155208991e+01,
    4.237880888223980e+01
  ],
  ""type"": ""Point""
}","{
  ""coordinates"": [
    -83.216181552,
    42.378808882
  ],
  ""type"": ""Point""
}",-83.216181552,42.378808882
1306,1351181,I-94,VAN DYKE,2018-04-14,14,4,2018,7,7,1,1,,1,1,Asphalt,2,4,1,55,3,1,1,4,0,0,0,1,false,false,false,false,false,false,false,false,false,true,false,false,false,false,true,false,false,false,false,false,false,false,-83.01843,42.38678,"{
  ""coordinates"": [
    -8.301843475324119e+01,
    4.238678341076470e+01
  ],
  ""type"": ""Point""
}","{
  ""coordinates"": [
    -83.018434753,
    42.386783411
  ],
  ""type"": ""Point""
}",-83.018434753,42.3867834110001
1307,1351196,S M 39,RAMP 009C,2018-04-14,14,4,2018,11,7,8,3,,1,0,Asphalt,2,4,1,55,3,2,5,5,0,0,0,0,true,true,false,false,false,false,false,false,false,true,false,false,false,false,false,false,false,false,false,false,false,false,-83.21837,42.40352,"{
  ""coordinates"": [
    -8.321837111338650e+01,
    4.240352224211890e+01
  ],
  ""type"": ""Point""
}","{
  ""coordinates"": [
    -83.218371113,
    42.403522242
  ],
  ""type"": ""Point""
}",-83.218371113,42.4035222420001
1308,1349189,WYOMING,KENDALL,2018-04-14,14,4,2018,19,7,5,9,,4,0,Asphalt,2,1,3,30,3,2,1,3,0,0,1,0,false,false,false,false,true,false,false,false,false,false,false,false,false,false,false,false,false,false,false,false,false,false,-83.15917,42.39071,"{
  ""coordinates"": [
    -8.315917004419030e+01,
    4.239070604606010e+01
  ],
  ""type"": ""Point""
}","{
  ""coordinates"": [
    -83.159170044,
    42.390706046
  ],
  ""type"": ""Point""
}",-83.1591700439999,42.390706046