ObjectId,Crash ID,Primary Road,Intersecting Road,Crash Date,Day,Month,Year,Hour,Weekday,Crash Type Code,Highway Classification Code,Community Code,Jurisdiction Code,Lane Departure Type Code,Surface Type,Road Condition,Weather Condition,Lighting Condition,Speed Limit,Lanes,Units,Occupants,Most Severe Injury,Fatal Injuries,Suspected Serious Injuries,Suspected Minor Injuries,Possible Injuries,Property Damage Only,Secondary Crash,Traffic Control,Red Light Run,Hit and Run,Alcohol,Drugs,Unbelted Person,Work Zone,Speeding Driver,Distracted Driver,Driveway,Pedestrian,Elderly Driver,Young Driver,Commercial Vehicle,Emergency Vehicles,Train,School Bus,Motorcycle,Bicycle,Deer,Longitude,Latitude,geom,geog,x,y
1309,1351203,I-75,NEVADA,2018-04-14,14,4,2018,7,7,1,1,,1,1,Asphalt,2,4,2,70,4,1,1,5,0,0,0,0,true,false,false,false,false,false,false,false,false,true,false,false,false,false,false,false,false,false,false,false,false,false,-83.09367,42.42515,"{
  ""coordinates"": [
    -8.309367168764339e+01,
    4.242515332968390e+01
  ],
  ""type"": ""Point""
}","{
  ""coordinates"": [
    -83.093671688,
    42.42515333
  ],
  ""type"": ""Point""
}",-83.093671688,42.4251533300001
1310,1349216,CHRYSLER,HOLBROOK,2018-04-14,14,4,2018,17,7,4,1,,4,0,Asphalt,2,1,1,25,3,2,2,4,0,0,0,1,false,false,false,false,false,false,false,false,false,false,false,false,false,false,true,false,false,false,false,false,false,false,-83.06859,42.3863,"{
  ""coordinates"": [
    -8.306858686061130e+01,
    4.238629442583190e+01
  ],
  ""type"": ""Point""
}","{
  ""coordinates"": [
    -83.068586861,
    42.386294426
  ],
  ""type"": ""Point""
}",-83.068586861,42.3862944260001
1311,1351208,N I 75,FORT,2018-04-14,14,4,2018,6,7,1,1,,1,1,Concrete,2,4,1,55,3,1,1,3,0,0,1,0,false,false,false,false,false,false,false,false,false,true,false,false,false,false,false,true,false,false,false,false,false,false,-83.1526,42.27857,"{
  ""coordinates"": [
    -8.315260643809410e+01,
    4.227857237051210e+01
  ],
  ""type"": ""Point""
}","{
  ""coordinates"": [
    -83.152606438,
    42.278572371
  ],
  ""type"": ""Point""
}",-83.152606438,42.2785723710001
1312,1351312,CORBETT,GUNSTON,2018-04-14,14,4,2018,14,7,4,9,,,0,,2,4,1,25,2,2,2,5,0,0,0,0,true,false,false,false,false,false,false,false,false,false,false,false,false,false,false,false,false,false,false,false,false,false,-82.98981,42.4017,"{
  ""coordinates"": [
    -8.298980885036890e+01,
    4.240169462670020e+01
  ],
  ""type"": ""Point""
}","{
  ""coordinates"": [
    -82.98980885,
    42.401694627
  ],
  ""type"": ""Point""
}",-82.98980885,42.401694627
1313,1350253,SCHOOLCRAFT,TERRY,2018-04-14,14,4,2018,15,7,10,9,,2,0,Asphalt,2,1,1,25,1,2,3,5,0,0,0,0,true,false,false,false,false,false,false,false,false,false,false,false,false,false,false,false,true,false,false,false,false,false,-83.19137,42.38726,"{
  ""coordinates"": [
    -8.319137055497769e+01,
    4.238726403926170e+01
  ],
  ""type"": ""Point""
}","{
  ""coordinates"": [
    -83.191370555,
    42.387264039
  ],
  ""type"": ""Point""
}",-83.1913705549999,42.3872640390001
1314,1349276,OUTER,ANNSBURY,2018-04-14,14,4,2018,10,7,8,9,,2,3,Asphalt,2,4,1,25,2,2,1,4,0,0,0,1,false,false,false,false,true,true,false,false,false,false,false,false,false,false,false,false,false,false,false,false,false,false,-82.9847,42.41008,"{
  ""coordinates"": [
    -8.298469550172911e+01,
    4.241007802816530e+01
  ],
  ""type"": ""Point""
}","{
  ""coordinates"": [
    -82.984695502,
    42.410078028
  ],
  ""type"": ""Point""
}",-82.984695502,42.410078028
1315,1349264,LAFAYETTE,SAINT AUBIN,2018-04-14,14,4,2018,14,7,5,9,,4,0,Asphalt,2,4,1,30,4,2,4,4,0,0,0,1,false,true,false,false,false,false,false,false,false,false,false,false,false,false,false,false,false,false,false,false,false,false,-83.02992,42.33905,"{
  ""coordinates"": [
    -8.302992583239551e+01,
    4.233905448375590e+01
  ],
  ""type"": ""Point""
}","{
  ""coordinates"": [
    -83.029925832,
    42.339054484
  ],
  ""type"": ""Point""
}",-83.0299258319999,42.339054484
1316,1349265,GRATIOT,FOREST,2018-04-14,14,4,2018,14,7,7,3,,1,0,Asphalt,2,4,1,35,7,2,3,5,0,0,0,0,true,false,false,false,false,false,false,false,false,false,false,false,false,true,false,false,false,false,false,false,false,false,-83.02013,42.3706,"{
  ""coordinates"": [
    -8.302013368547040e+01,
    4.237060048551450e+01
  ],
  ""type"": ""Point""
}","{
  ""coordinates"": [
    -83.020133685,
    42.370600486
  ],
  ""type"": ""Point""
}",-83.020133685,42.3706004860001
1317,1350267,LAFAYETTE,WATERMAN,2018-04-14,14,4,2018,2,7,5,9,,4,3,Asphalt,4,2,4,35,4,2,0,5,0,0,0,0,true,false,false,false,true,false,false,false,false,false,false,false,false,false,false,false,false,false,false,false,false,false,-83.11008,42.30661,"{
  ""coordinates"": [
    -8.311007550082761e+01,
    4.230660450460730e+01
  ],
  ""type"": ""Point""
}","{
  ""coordinates"": [
    -83.110075501,
    42.306604505
  ],
  ""type"": ""Point""
}",-83.110075501,42.3066045050001
1318,1349171,I-75,VERNOR,2018-04-14,14,4,2018,19,7,1,1,,1,1,Concrete,2,1,4,55,2,1,1,5,0,0,0,0,true,false,false,false,false,false,false,false,false,true,false,false,false,false,false,false,false,false,false,false,false,false,-83.1255,42.29692,"{
  ""coordinates"": [
    -8.312550005463380e+01,
    4.229691791866630e+01
  ],
  ""type"": ""Point""
}","{
  ""coordinates"": [
    -83.125500055,
    42.296917919
  ],
  ""type"": ""Point""
}",-83.125500055,42.2969179190001
1319,1351281,SAINT MARYS,CLARITA,2018-04-14,14,4,2018,13,7,4,9,,,0,,2,4,1,25,2,2,5,5,0,0,0,0,true,false,false,false,false,false,false,false,false,false,false,false,false,true,true,false,false,false,false,false,false,false,-83.20735,42.42848,"{
  ""coordinates"": [
    -8.320735083874030e+01,
    4.242847647305960e+01
  ],
  ""type"": ""Point""
}","{
  ""coordinates"": [
    -83.207350839,
    42.428476473
  ],
  ""type"": ""Point""
}",-83.207350839,42.428476473
1320,1349255,ABINGTON,WARREN,2018-04-14,14,4,2018,6,7,98,9,,,0,,98,98,2,25,2,2,0,5,0,0,0,0,true,false,false,false,true,false,false,false,false,false,false,false,false,false,false,false,false,false,false,false,false,false,-83.20979,42.34345,"{
  ""coordinates"": [
    -8.320979389683750e+01,
    4.234345313968890e+01
  ],
  ""type"": ""Point""
}","{
  ""coordinates"": [
    -83.209793897,
    42.34345314
  ],
  ""type"": ""Point""
}",-83.2097938969999,42.3434531400001
1321,1350260,CENTRAL,DIX,2018-04-14,14,4,2018,21,7,1,9,,4,0,Asphalt,1,1,4,25,5,1,1,3,0,0,1,0,false,false,false,false,false,true,false,true,false,false,false,false,false,false,false,false,false,false,false,false,false,false,-83.12762,42.3172,"{
  ""coordinates"": [
    -8.312761680197841e+01,
    4.231719844440820e+01
  ],
  ""type"": ""Point""
}","{
  ""coordinates"": [
    -83.127616802,
    42.317198444
  ],
  ""type"": ""Point""
}",-83.127616802,42.317198444
1322,1351172,M-39,GRANDRIVER,2018-04-14,14,4,2018,7,7,1,3,,1,1,Asphalt,2,4,4,55,3,1,1,4,0,0,0,1,false,false,false,false,false,false,false,false,false,true,false,false,false,false,false,false,false,false,false,false,false,false,-83.21817,42.3993,"{
  ""coordinates"": [
    -8.321817092802520e+01,
    4.239929501417040e+01
  ],
  ""type"": ""Point""
}","{
  ""coordinates"": [
    -83.218170928,
    42.399295014
  ],
  ""type"": ""Point""
}",-83.2181709279999,42.3992950140001
1323,1350285,GRATIOT,VAN DYKE,2018-04-14,14,4,2018,20,7,5,3,,1,0,Asphalt,2,4,4,35,8,2,1,5,0,0,0,0,true,false,false,false,true,false,false,false,false,false,false,false,false,false,false,false,false,false,false,false,false,false,-83.01457,42.37901,"{
  ""coordinates"": [
    -8.301456839353730e+01,
    4.237900377653720e+01
  ],
  ""type"": ""Point""
}","{
  ""coordinates"": [
    -83.014568394,
    42.379003777
  ],
  ""type"": ""Point""
}",-83.014568394,42.379003777
1324,1349303,MARK TWAIN,PICKFORD,2018-04-14,14,4,2018,4,7,4,9,,,0,,1,1,4,25,2,2,4,2,0,1,2,0,false,false,false,false,false,false,false,false,false,false,false,false,false,false,false,false,false,false,false,false,false,false,-83.18747,42.4254,"{
  ""coordinates"": [
    -8.318746847875560e+01,
    4.242539587690600e+01
  ],
  ""type"": ""Point""
}","{
  ""coordinates"": [
    -83.187468479,
    42.425395877
  ],
  ""type"": ""Point""
}",-83.187468479,42.425395877
1325,1349277,GRATIOT,LINNHURST,2018-04-14,14,4,2018,14,7,1,3,,1,0,Asphalt,2,4,1,35,7,1,0,5,0,0,0,0,true,false,false,false,true,false,false,false,false,false,false,false,false,false,false,false,false,false,false,false,false,false,-82.98009,42.43144,"{
  ""coordinates"": [
    -8.298009428058469e+01,
    4.243144013178940e+01
  ],
  ""type"": ""Point""
}","{
  ""coordinates"": [
    -82.980094281,
    42.431440132
  ],
  ""type"": ""Point""
}",-82.9800942809999,42.431440132
1326,1351183,I-94,OUTER,2018-04-14,14,4,2018,9,7,1,1,,1,1,Asphalt,2,4,1,55,3,1,3,5,0,0,0,0,true,false,false,false,false,false,false,false,false,true,false,false,false,false,false,false,false,false,false,false,false,false,-82.95834,42.40566,"{
  ""coordinates"": [
    -8.295833875724570e+01,
    4.240566027921400e+01
  ],
  ""type"": ""Point""
}","{
  ""coordinates"": [
    -82.958338757,
    42.405660279
  ],
  ""type"": ""Point""
}",-82.958338757,42.4056602790001
1327,1349267,CHENE,ERSKINE,2018-04-14,14,4,2018,9,7,97,9,,4,0,Asphalt,2,1,1,25,2,2,3,4,0,0,0,1,false,false,false,false,false,false,false,false,false,false,false,false,false,true,false,false,false,false,false,false,false,false,-83.03306,42.35402,"{
  ""coordinates"": [
    -8.303305578378730e+01,
    4.235402277631760e+01
  ],
  ""type"": ""Point""
}","{
  ""coordinates"": [
    -83.033055784,
    42.354022776
  ],
  ""type"": ""Point""
}",-83.0330557839999,42.3540227760001
1328,1350276,GRATIOT,MCDOUGALL,2018-04-14,14,4,2018,21,7,5,3,,1,0,Asphalt,2,4,4,35,5,2,5,5,0,0,0,0,true,false,false,false,false,false,false,false,false,false,false,false,false,false,false,false,false,false,false,false,false,false,-83.02897,42.35719,"{
  ""coordinates"": [
    -8.302897200737470e+01,
    4.235718978409690e+01
  ],
  ""type"": ""Point""
}","{
  ""coordinates"": [
    -83.028972007,
    42.357189784
  ],
  ""type"": ""Point""
}",-83.0289720069999,42.3571897840001
1329,1349310,SCHAEFER,PEMBROKE,2018-04-14,14,4,2018,16,7,5,9,,4,0,Asphalt,2,4,1,30,2,2,2,5,0,0,0,0,true,true,false,false,false,false,false,false,false,false,false,false,false,false,false,false,false,false,false,false,false,false,-83.18076,42.43845,"{
  ""coordinates"": [
    -8.318076386813090e+01,
    4.243845183658720e+01
  ],
  ""type"": ""Point""
}","{
  ""coordinates"": [
    -83.180763868,
    42.438451837
  ],
  ""type"": ""Point""
}",-83.180763868,42.4384518370001
1330,1349284,KELLY,SEYMORE,2018-04-14,14,4,2018,16,7,6,9,,4,0,Asphalt,2,1,1,35,2,2,1,5,0,0,0,0,true,false,false,false,true,false,false,false,false,false,false,false,false,false,false,false,false,false,false,false,false,false,-82.95888,42.4269,"{
  ""coordinates"": [
    -8.295888049557151e+01,
    4.242690174901860e+01
  ],
  ""type"": ""Point""
}","{
  ""coordinates"": [
    -82.958880496,
    42.426901749
  ],
  ""type"": ""Point""
}",-82.9588804959999,42.4269017490001
1331,1349191,WYOMING,LYNDON,2018-04-14,14,4,2018,8,7,1,9,,4,0,Asphalt,2,4,1,35,6,1,1,5,0,0,0,0,true,false,false,false,false,false,false,false,false,false,false,false,false,false,false,false,false,false,false,false,false,false,-83.15936,42.39527,"{
  ""coordinates"": [
    -8.315935176633940e+01,
    4.239526907098330e+01
  ],
  ""type"": ""Point""
}","{
  ""coordinates"": [
    -83.159351766,
    42.395269071
  ],
  ""type"": ""Point""
}",-83.159351766,42.395269071
1332,1354005,GRAND RIVER,ABINGTON,2018-04-14,14,4,2018,22,7,2,3,,1,2,Asphalt,1,1,4,35,7,2,6,1,2,0,3,1,false,false,false,false,false,false,true,false,false,false,false,false,false,false,true,false,false,false,false,false,false,false,-83.21114,42.39782,"{
  ""coordinates"": [
    -8.321114136539229e+01,
    4.239781526001700e+01
  ],
  ""type"": ""Point""
}","{
  ""coordinates"": [
    -83.211141365,
    42.39781526
  ],
  ""type"": ""Point""
}",-83.2111413649999,42.3978152600001
1333,1351262,GRAND RIVER,PURITAN,2018-04-14,14,4,2018,21,7,8,3,,1,0,Asphalt,1,1,4,35,4,2,2,5,0,0,0,0,true,false,false,false,true,false,false,false,false,false,false,false,false,false,false,false,false,false,false,false,false,false,-83.23643,42.408,"{
  ""coordinates"": [
    -8.323643605326370e+01,
    4.240799581995230e+01
  ],
  ""type"": ""Point""
}","{
  ""coordinates"": [
    -83.236436053,
    42.40799582
  ],
  ""type"": ""Point""
}",-83.236436053,42.4079958200001
1334,1349281,DICKERSON,MAYFIELD,2018-04-14,14,4,2018,0,7,5,9,,,0,,1,2,4,25,1,2,0,5,0,0,0,0,true,false,false,false,true,false,false,false,false,false,false,true,false,false,false,false,false,false,false,false,false,false,-82.98364,42.42191,"{
  ""coordinates"": [
    -8.298364263718240e+01,
    4.242190375856620e+01
  ],
  ""type"": ""Point""
}","{
  ""coordinates"": [
    -82.983642637,
    42.421903759
  ],
  ""type"": ""Point""
}",-82.9836426369999,42.421903759
1335,1349188,LAUDER,INTERVALE,2018-04-14,14,4,2018,17,7,4,9,,,0,,2,4,1,25,2,2,1,5,0,0,0,0,true,false,true,false,true,false,false,false,false,false,false,false,false,false,false,false,false,false,false,false,false,false,-83.19047,42.39093,"{
  ""coordinates"": [
    -8.319046929202391e+01,
    4.239093068391080e+01
  ],
  ""type"": ""Point""
}","{
  ""coordinates"": [
    -83.190469292,
    42.390930684
  ],
  ""type"": ""Point""
}",-83.190469292,42.3909306840001
1336,1351163,I-94,WARREN,2018-04-14,14,4,2018,6,7,8,1,,1,0,Asphalt,2,4,4,55,3,2,2,5,0,0,0,0,true,true,false,false,false,false,false,false,false,false,false,false,false,true,false,false,false,false,false,false,false,false,-83.1132,42.34452,"{
  ""coordinates"": [
    -8.311320602389600e+01,
    4.234452105916730e+01
  ],
  ""type"": ""Point""
}","{
  ""coordinates"": [
    -83.113206024,
    42.344521059
  ],
  ""type"": ""Point""
}",-83.113206024,42.344521059
1337,1362741,I-75,MCNICHOLS,2018-04-14,14,4,2018,1,7,5,1,,1,0,Asphalt,2,4,4,70,4,4,4,4,0,0,0,1,false,false,false,false,true,false,false,false,false,false,false,false,false,false,false,false,false,false,false,false,false,false,-83.08668,42.41691,"{
  ""coordinates"": [
    -8.308667616887230e+01,
    4.241691329755710e+01
  ],
  ""type"": ""Point""
}","{
  ""coordinates"": [
    -83.086676169,
    42.416913298
  ],
  ""type"": ""Point""
}",-83.086676169,42.4169132980001
1338,1349187,CHICAGO,FREELAND,2018-04-14,14,4,2018,10,7,4,9,,4,0,Asphalt,2,2,1,30,4,2,2,5,0,0,0,0,true,false,true,true,false,false,false,false,false,false,false,false,false,false,false,false,false,false,false,false,false,false,-83.18377,42.36566,"{
  ""coordinates"": [
    -8.318376865671929e+01,
    4.236566022890180e+01
  ],
  ""type"": ""Point""
}","{
  ""coordinates"": [
    -83.183768657,
    42.365660229
  ],
  ""type"": ""Point""
}",-83.183768657,42.3656602290001
1339,1351204,M-10,8 MILE,2018-04-14,14,4,2018,10,7,1,3,,1,1,Concrete,2,4,1,55,3,1,1,5,0,0,0,0,true,false,false,false,false,false,false,false,false,true,false,false,false,false,true,false,false,false,false,false,false,false,-83.20329,42.4445,"{
  ""coordinates"": [
    -8.320329424302081e+01,
    4.244449564247820e+01
  ],
  ""type"": ""Point""
}","{
  ""coordinates"": [
    -83.203294243,
    42.444495642
  ],
  ""type"": ""Point""
}",-83.203294243,42.444495642
1340,1349190,FENKELL,MARK TWAIN,2018-04-14,14,4,2018,12,7,5,9,,2,0,Asphalt,2,4,1,30,4,2,3,5,0,0,0,0,true,false,false,false,true,false,false,false,false,false,false,false,false,false,false,false,false,false,false,false,false,false,-83.18663,42.40188,"{
  ""coordinates"": [
    -8.318662939688780e+01,
    4.240188118533610e+01
  ],
  ""type"": ""Point""
}","{
  ""coordinates"": [
    -83.186629397,
    42.401881185
  ],
  ""type"": ""Point""
}",-83.186629397,42.401881185
1341,1349210,WOODWARD,WILLIS,2018-04-14,14,4,2018,18,7,8,3,,1,0,Asphalt,1,2,1,30,7,2,4,5,0,0,0,0,true,false,false,false,false,false,false,false,false,false,false,false,false,false,false,false,true,false,false,false,false,false,-83.06075,42.35167,"{
  ""coordinates"": [
    -8.306074818344830e+01,
    4.235166907755370e+01
  ],
  ""type"": ""Point""
}","{
  ""coordinates"": [
    -83.060748183,
    42.351669078
  ],
  ""type"": ""Point""
}",-83.060748183,42.351669078
1342,1371313,I-94,LIVERNOIS,2018-04-14,14,4,2018,9,7,8,1,,1,0,Asphalt,2,4,1,55,3,2,2,5,0,0,0,0,true,false,false,false,false,false,false,false,false,true,false,false,false,false,false,true,false,false,false,false,false,false,-83.1246,42.33758,"{
  ""coordinates"": [
    -8.312460527297530e+01,
    4.233757644162620e+01
  ],
  ""type"": ""Point""
}","{
  ""coordinates"": [
    -83.124605273,
    42.337576442
  ],
  ""type"": ""Point""
}",-83.124605273,42.3375764420001
1343,1354061,2ND,WILLIS,2018-04-14,14,4,2018,14,7,4,9,,4,0,Asphalt,2,4,1,30,5,2,2,5,0,0,0,0,true,false,false,false,false,false,false,false,false,false,false,false,false,true,false,false,false,false,false,false,false,false,-83.06578,42.3498,"{
  ""coordinates"": [
    -8.306577811592391e+01,
    4.234979746594780e+01
  ],
  ""type"": ""Point""
}","{
  ""coordinates"": [
    -83.065778116,
    42.349797466
  ],
  ""type"": ""Point""
}",-83.065778116,42.349797466
1344,1349258,WARREN,STAHELIN,2018-04-14,14,4,2018,21,7,9,9,,2,0,Asphalt,1,1,4,35,4,2,3,5,0,0,0,0,true,false,false,false,false,false,false,false,false,false,false,true,false,false,false,false,true,false,false,false,false,false,-83.22414,42.3433,"{
  ""coordinates"": [
    -8.322414189593550e+01,
    4.234329433465190e+01
  ],
  ""type"": ""Point""
}","{
  ""coordinates"": [
    -83.224141896,
    42.343294335
  ],
  ""type"": ""Point""
}",-83.2241418959999,42.3432943350001
1345,1371317,N I 75,RAMP 029C,2018-04-14,14,4,2018,13,7,97,1,,1,0,Concrete,2,4,1,55,3,2,2,5,0,0,0,0,true,false,false,false,false,false,false,false,false,true,false,false,false,false,false,true,false,false,false,false,false,false,-83.15083,42.28012,"{
  ""coordinates"": [
    -8.315082492811960e+01,
    4.228011710734110e+01
  ],
  ""type"": ""Point""
}","{
  ""coordinates"": [
    -83.150824928,
    42.280117107
  ],
  ""type"": ""Point""
}",-83.150824928,42.2801171070001
1346,1350265,N I 75,LIVERNOIS,2018-04-14,14,4,2018,16,7,4,1,,1,0,Concrete,2,4,1,25,2,2,2,5,0,0,0,0,true,false,false,false,false,false,false,false,false,false,false,false,false,false,false,false,false,false,false,false,false,false,-83.10429,42.30748,"{
  ""coordinates"": [
    -8.310428988734429e+01,
    4.230747865910210e+01
  ],
  ""type"": ""Point""
}","{
  ""coordinates"": [
    -83.104289887,
    42.307478659
  ],
  ""type"": ""Point""
}",-83.1042898869999,42.307478659
1347,1351201,I-75,SCHAEFER,2018-04-14,14,4,2018,13,7,1,1,,1,1,Concrete,2,4,1,55,4,1,1,5,0,0,0,0,true,false,false,false,false,false,false,false,false,true,false,false,false,false,false,true,false,false,false,false,false,false,-83.15546,42.27742,"{
  ""coordinates"": [
    -8.315545437792980e+01,
    4.227741490579230e+01
  ],
  ""type"": ""Point""
}","{
  ""coordinates"": [
    -83.155454378,
    42.277414906
  ],
  ""type"": ""Point""
}",-83.1554543779999,42.277414906
1348,1352416,FENKELL,ARDMORE,2018-04-14,14,4,2018,14,7,5,9,,2,0,Asphalt,2,2,1,30,4,2,2,5,0,0,0,0,true,false,false,false,false,false,false,false,false,false,true,false,false,false,false,false,false,false,false,false,false,false,-83.1844,42.40194,"{
  ""coordinates"": [
    -8.318440181117600e+01,
    4.240194191010200e+01
  ],
  ""type"": ""Point""
}","{
  ""coordinates"": [
    -83.184401811,
    42.40194191
  ],
  ""type"": ""Point""
}",-83.184401811,42.4019419100001
1349,1351197,I-75,WARREN,2018-04-14,14,4,2018,17,7,1,1,,1,1,Concrete,2,4,1,55,4,1,1,5,0,0,0,0,true,false,false,false,false,false,false,false,false,true,false,false,false,false,false,false,false,false,false,false,false,false,-83.05577,42.36331,"{
  ""coordinates"": [
    -8.305576814668110e+01,
    4.236330965427770e+01
  ],
  ""type"": ""Point""
}","{
  ""coordinates"": [
    -83.055768147,
    42.363309654
  ],
  ""type"": ""Point""
}",-83.055768147,42.363309654
1350,1371316,I-96,FULLERTON,2018-04-14,14,4,2018,15,7,1,1,,1,1,Concrete,2,4,1,70,4,1,1,5,0,0,0,0,true,false,false,false,false,false,false,false,false,true,false,false,false,false,true,false,false,false,false,false,false,false,-83.18845,42.38036,"{
  ""coordinates"": [
    -8.318844631940020e+01,
    4.238035758696930e+01
  ],
  ""type"": ""Point""
}","{
  ""coordinates"": [
    -83.188446319,
    42.380357587
  ],
  ""type"": ""Point""
}",-83.188446319,42.380357587
1351,1349285,HAYES,CEDARGROVE,2018-04-14,14,4,2018,16,7,4,9,,4,0,Asphalt,2,1,1,25,2,2,2,3,0,0,1,0,false,true,true,false,false,true,true,false,false,false,true,false,false,false,false,false,false,false,false,false,false,false,-82.9652,42.42546,"{
  ""coordinates"": [
    -8.296520390050070e+01,
    4.242546588024230e+01
  ],
  ""type"": ""Point""
}","{
  ""coordinates"": [
    -82.965203901,
    42.42546588
  ],
  ""type"": ""Point""
}",-82.9652039009999,42.42546588
1352,1366850,S/B I-75,7 MILE,2018-04-14,14,4,2018,12,7,8,1,,1,0,Asphalt,1,4,1,70,3,2,2,4,0,0,0,1,false,false,false,false,true,false,false,false,false,true,false,false,false,false,true,false,false,false,false,false,false,false,-83.09489,42.4322,"{
  ""coordinates"": [
    -8.309489488909669e+01,
    4.243219706630720e+01
  ],
  ""type"": ""Point""
}","{
  ""coordinates"": [
    -83.094894889,
    42.432197066
  ],
  ""type"": ""Point""
}",-83.094894889,42.4321970660001
1353,1349279,CONNER,LONGVIEW,2018-04-14,14,4,2018,14,7,9,9,,4,2,Asphalt,2,4,1,35,5,2,3,5,0,0,0,0,true,false,false,false,false,false,false,false,false,false,false,false,false,false,false,false,false,false,false,false,false,false,-82.99445,42.40243,"{
  ""coordinates"": [
    -8.299445600887400e+01,
    4.240242647684230e+01
  ],
  ""type"": ""Point""
}","{
  ""coordinates"": [
    -82.994456009,
    42.402426477
  ],
  ""type"": ""Point""
}",-82.994456009,42.4024264770001
1354,1364387,I 94,BARRETT,2018-04-14,14,4,2018,16,7,4,1,,1,0,Asphalt,2,4,1,55,3,2,2,5,0,0,0,0,true,false,false,false,false,false,false,false,false,true,false,false,false,false,false,false,false,false,false,false,false,false,-82.98345,42.39857,"{
  ""coordinates"": [
    -8.298345399452620e+01,
    4.239857602189360e+01
  ],
  ""type"": ""Point""
}","{
  ""coordinates"": [
    -82.983453995,
    42.398576022
  ],
  ""type"": ""Point""
}",-82.9834539949999,42.398576022
1355,1353927,N M 39,GRAND RIVER,2018-04-14,14,4,2018,11,7,5,3,,1,0,Asphalt,2,4,1,55,3,2,2,4,0,0,0,2,false,false,false,false,false,false,false,false,false,false,false,false,false,false,true,false,false,false,false,false,false,false,-83.2182,42.40073,"{
  ""coordinates"": [
    -8.321820341394280e+01,
    4.240072937726050e+01
  ],
  ""type"": ""Point""
}","{
  ""coordinates"": [
    -83.218203414,
    42.400729377
  ],
  ""type"": ""Point""
}",-83.218203414,42.4007293770001
1356,1352386,RAMP 139G,W I 96 CD,2018-04-14,14,4,2018,17,7,4,1,,1,0,Asphalt,2,2,1,55,3,2,3,5,0,0,0,0,true,false,false,false,false,false,false,false,false,false,false,false,false,false,false,false,true,false,false,false,false,false,-83.15605,42.38559,"{
  ""coordinates"": [
    -8.315605455124630e+01,
    4.238558555240320e+01
  ],
  ""type"": ""Point""
}","{
  ""coordinates"": [
    -83.156054551,
    42.385585552
  ],
  ""type"": ""Point""
}",-83.156054551,42.3855855520001
1357,1351191,I-75,CLAY,2018-04-14,14,4,2018,10,7,1,1,,1,1,Asphalt,2,4,1,70,4,1,1,4,0,0,0,1,false,false,false,false,false,false,false,false,false,true,false,false,false,false,false,false,false,false,false,false,false,false,-83.06344,42.37961,"{
  ""coordinates"": [
    -8.306343698895120e+01,
    4.237961137960930e+01
  ],
  ""type"": ""Point""
}","{
  ""coordinates"": [
    -83.063436989,
    42.37961138
  ],
  ""type"": ""Point""
}",-83.063436989,42.37961138
1358,1351206,I-75,ROSA PARKS,2018-04-14,14,4,2018,12,7,1,1,,4,1,Asphalt,2,4,1,55,2,1,5,4,0,0,0,3,false,true,false,false,false,false,false,false,false,true,false,false,false,false,true,false,false,false,false,false,false,false,-83.07378,42.33376,"{
  ""coordinates"": [
    -8.307377762565210e+01,
    4.233375375218840e+01
  ],
  ""type"": ""Point""
}","{
  ""coordinates"": [
    -83.073777626,
    42.333753752
  ],
  ""type"": ""Point""
}",-83.073777626,42.3337537520001
1359,1349309,LITTLEFIELD,SANTA MARIA,2018-04-14,14,4,2018,9,7,2,9,,,2,,2,4,2,25,2,2,0,5,0,0,0,0,true,false,false,false,true,false,false,false,false,false,false,false,false,false,false,false,false,false,false,false,false,false,-83.17635,42.41804,"{
  ""coordinates"": [
    -8.317635500936680e+01,
    4.241804104736190e+01
  ],
  ""type"": ""Point""
}","{
  ""coordinates"": [
    -83.176355009,
    42.418041047
  ],
  ""type"": ""Point""
}",-83.176355009,42.418041047
1360,1355176,JEFFERSON,GRISWOLD,2018-04-14,14,4,2018,11,7,8,3,,1,0,Asphalt,2,4,1,,2,2,2,5,0,0,0,0,true,false,false,false,false,false,false,false,false,false,false,false,false,false,false,false,false,false,false,false,false,false,-83.04535,42.32844,"{
  ""coordinates"": [
    -8.304535144172431e+01,
    4.232843976334890e+01
  ],
  ""type"": ""Point""
}","{
  ""coordinates"": [
    -83.045351442,
    42.328439763
  ],
  ""type"": ""Point""
}",-83.045351442,42.3284397630001
1361,1349294,VANDYKE,8 MILE,2018-04-14,14,4,2018,7,7,2,3,,1,0,Asphalt,2,4,1,35,4,2,4,4,0,0,0,1,false,false,false,false,false,false,false,false,false,false,false,false,false,false,false,false,false,false,false,false,false,false,-83.02474,42.44816,"{
  ""coordinates"": [
    -8.302474471584109e+01,
    4.244815883897280e+01
  ],
  ""type"": ""Point""
}","{
  ""coordinates"": [
    -83.024744716,
    42.448158839
  ],
  ""type"": ""Point""
}",-83.024744716,42.448158839
1362,1351311,DAVISON,OAKMAN,2018-04-14,14,4,2018,18,7,5,3,,1,0,Concrete,2,1,1,35,5,2,2,4,0,0,0,2,false,false,false,false,false,false,false,false,false,false,false,false,false,false,false,false,false,false,false,false,false,false,-83.1441,42.38629,"{
  ""coordinates"": [
    -8.314409337731340e+01,
    4.238628942342350e+01
  ],
  ""type"": ""Point""
}","{
  ""coordinates"": [
    -83.144093377,
    42.386289423
  ],
  ""type"": ""Point""
}",-83.144093377,42.3862894230001
1363,1348017,I94,LIVERNOIS,2018-04-13,13,4,2018,2,6,8,1,,1,0,Asphalt,1,1,4,55,4,2,2,4,0,0,0,1,false,false,false,false,false,true,false,false,false,false,false,false,false,false,false,true,false,false,false,false,false,false,-83.12574,42.33712,"{
  ""coordinates"": [
    -8.312574110185309e+01,
    4.233712391135090e+01
  ],
  ""type"": ""Point""
}","{
  ""coordinates"": [
    -83.125741102,
    42.337123911
  ],
  ""type"": ""Point""
}",-83.1257411019999,42.337123911