ObjectId,Crash ID,Primary Road,Intersecting Road,Crash Date,Day,Month,Year,Hour,Weekday,Crash Type Code,Highway Classification Code,Community Code,Jurisdiction Code,Lane Departure Type Code,Surface Type,Road Condition,Weather Condition,Lighting Condition,Speed Limit,Lanes,Units,Occupants,Most Severe Injury,Fatal Injuries,Suspected Serious Injuries,Suspected Minor Injuries,Possible Injuries,Property Damage Only,Secondary Crash,Traffic Control,Red Light Run,Hit and Run,Alcohol,Drugs,Unbelted Person,Work Zone,Speeding Driver,Distracted Driver,Driveway,Pedestrian,Elderly Driver,Young Driver,Commercial Vehicle,Emergency Vehicles,Train,School Bus,Motorcycle,Bicycle,Deer,Longitude,Latitude,geom,geog,x,y
1364,1349268,JAMES COUZENS,7 MILE,2018-04-13,13,4,2018,17,6,3,9,,4,0,Asphalt,1,1,1,35,2,2,2,5,0,0,0,0,true,false,false,false,false,false,false,false,false,false,false,false,false,true,true,false,false,false,false,false,false,false,-83.1866,42.43081,"{
  ""coordinates"": [
    -8.318659855971910e+01,
    4.243081040262520e+01
  ],
  ""type"": ""Point""
}","{
  ""coordinates"": [
    -83.18659856,
    42.430810403
  ],
  ""type"": ""Point""
}",-83.1865985599999,42.4308104030001
1365,1351173,I-94,LIVERNOIS,2018-04-13,13,4,2018,2,6,1,1,,1,0,Asphalt,1,1,4,55,3,1,1,5,0,0,0,0,true,true,false,false,false,false,false,false,false,false,false,false,false,false,false,false,false,false,false,false,false,false,-83.1255,42.33707,"{
  ""coordinates"": [
    -8.312550426323961e+01,
    4.233706637809310e+01
  ],
  ""type"": ""Point""
}","{
  ""coordinates"": [
    -83.125504263,
    42.337066378
  ],
  ""type"": ""Point""
}",-83.125504263,42.337066378
1366,1349243,EVERGREEN,SCHOOLCRAFT,2018-04-13,13,4,2018,7,6,4,9,,4,0,Asphalt,1,1,2,35,5,2,2,5,0,0,0,0,true,false,false,false,false,false,false,false,false,false,false,false,false,false,false,false,false,false,false,false,false,false,-83.23685,42.38618,"{
  ""coordinates"": [
    -8.323684784602101e+01,
    4.238618362604210e+01
  ],
  ""type"": ""Point""
}","{
  ""coordinates"": [
    -83.236847846,
    42.386183626
  ],
  ""type"": ""Point""
}",-83.236847846,42.386183626
1367,1351103,I-94 E/B,LIVERNOIS,2018-04-13,13,4,2018,2,6,1,1,,1,1,Asphalt,1,1,4,55,3,1,1,5,0,0,0,0,true,true,false,false,false,false,false,false,false,false,false,false,false,false,false,false,false,false,false,false,false,false,-83.12583,42.33694,"{
  ""coordinates"": [
    -8.312583112647590e+01,
    4.233693597061810e+01
  ],
  ""type"": ""Point""
}","{
  ""coordinates"": [
    -83.125831126,
    42.336935971
  ],
  ""type"": ""Point""
}",-83.125831126,42.3369359710001
1368,1361394,8 MILE,MEYERS,2018-04-13,13,4,2018,17,6,5,3,,1,0,Asphalt,1,1,1,30,2,2,2,5,0,0,0,0,true,true,false,false,false,false,false,false,false,false,false,false,false,false,false,false,false,false,false,false,false,false,-83.16916,42.44544,"{
  ""coordinates"": [
    -8.316916031022960e+01,
    4.244544407334890e+01
  ],
  ""type"": ""Point""
}","{
  ""coordinates"": [
    -83.16916031,
    42.445444073
  ],
  ""type"": ""Point""
}",-83.1691603099999,42.445444073
1369,1351104,M-39,GRANDRIVER,2018-04-13,13,4,2018,16,6,5,3,,1,0,Asphalt,1,2,1,55,3,2,2,4,0,0,0,2,false,false,false,false,false,false,false,false,false,false,false,false,false,true,false,false,false,false,false,false,false,false,-83.21835,42.39936,"{
  ""coordinates"": [
    -8.321835423401269e+01,
    4.239936376022770e+01
  ],
  ""type"": ""Point""
}","{
  ""coordinates"": [
    -83.218354234,
    42.39936376
  ],
  ""type"": ""Point""
}",-83.2183542339999,42.39936376
1370,1349242,PIERSON,VERNE,2018-04-13,13,4,2018,3,6,5,3,,,0,,1,1,4,25,2,2,0,5,0,0,0,0,true,false,false,false,true,false,false,false,false,false,true,false,false,false,false,false,false,false,false,false,false,false,-83.24646,42.41165,"{
  ""coordinates"": [
    -8.324645931952119e+01,
    4.241165009713480e+01
  ],
  ""type"": ""Point""
}","{
  ""coordinates"": [
    -83.24645932,
    42.411650097
  ],
  ""type"": ""Point""
}",-83.24645932,42.4116500970001
1371,1351154,W I 94,HARPER,2018-04-13,13,4,2018,8,6,5,1,,1,0,Asphalt,1,1,1,55,3,3,3,5,0,0,0,0,true,false,false,false,false,false,false,false,false,false,false,false,false,false,false,false,false,false,false,false,false,false,-82.94832,42.40925,"{
  ""coordinates"": [
    -8.294831600971980e+01,
    4.240925208697550e+01
  ],
  ""type"": ""Point""
}","{
  ""coordinates"": [
    -82.94831601,
    42.409252087
  ],
  ""type"": ""Point""
}",-82.94831601,42.409252087
1372,1349214,CHRYSLER,RUSSELL,2018-04-13,13,4,2018,21,6,9,9,,4,2,Asphalt,1,1,4,30,2,2,2,4,0,0,0,1,false,false,false,false,true,false,false,false,false,false,false,false,false,false,false,false,false,false,false,false,false,false,-83.07017,42.39141,"{
  ""coordinates"": [
    -8.307017110918819e+01,
    4.239140852992120e+01
  ],
  ""type"": ""Point""
}","{
  ""coordinates"": [
    -83.070171109,
    42.39140853
  ],
  ""type"": ""Point""
}",-83.0701711089999,42.39140853
1373,1351275,SOUTHFIELD SERVICE DRIVE,FENKELL,2018-04-13,13,4,2018,15,6,8,3,,4,0,Asphalt,1,1,1,35,3,2,2,5,0,0,0,0,true,false,false,false,false,false,false,false,false,false,false,false,false,false,false,false,false,false,false,false,false,false,-83.2186,42.40101,"{
  ""coordinates"": [
    -8.321859407240640e+01,
    4.240101219809230e+01
  ],
  ""type"": ""Point""
}","{
  ""coordinates"": [
    -83.218594072,
    42.401012198
  ],
  ""type"": ""Point""
}",-83.218594072,42.401012198
1374,1356892,I-96,OUTER,2018-04-13,13,4,2018,16,6,5,1,,1,0,Concrete,1,1,1,70,3,3,2,5,0,0,0,0,true,false,false,false,false,false,false,false,false,false,false,false,false,false,true,false,false,false,false,false,false,false,-83.26107,42.38578,"{
  ""coordinates"": [
    -8.326106752135590e+01,
    4.238578029723440e+01
  ],
  ""type"": ""Point""
}","{
  ""coordinates"": [
    -83.261067521,
    42.385780297
  ],
  ""type"": ""Point""
}",-83.261067521,42.3857802970001
1375,1349163,I 96,SORENTO,2018-04-13,13,4,2018,19,6,8,9,,4,0,Asphalt,1,1,1,70,3,2,1,5,0,0,0,0,true,false,false,false,true,false,false,false,false,false,false,false,false,false,false,false,false,false,false,false,false,false,-83.17155,42.38532,"{
  ""coordinates"": [
    -8.317154494604220e+01,
    4.238532184002660e+01
  ],
  ""type"": ""Point""
}","{
  ""coordinates"": [
    -83.171544946,
    42.38532184
  ],
  ""type"": ""Point""
}",-83.171544946,42.3853218400001
1376,1350269,MARTIN LUTHER KING JR,GRAND RIVER,2018-04-13,13,4,2018,11,6,8,3,,4,0,Asphalt,1,1,1,35,4,2,2,5,0,0,0,0,true,false,false,false,false,false,false,false,false,false,false,false,false,true,false,false,false,false,false,false,false,false,-83.07225,42.34188,"{
  ""coordinates"": [
    -8.307225051905280e+01,
    4.234188274152620e+01
  ],
  ""type"": ""Point""
}","{
  ""coordinates"": [
    -83.072250519,
    42.341882742
  ],
  ""type"": ""Point""
}",-83.072250519,42.3418827420001
1377,1349196,JEFFERSON,BEAUBIEN,2018-04-13,13,4,2018,7,6,5,4,,1,0,Asphalt,1,2,1,30,4,2,2,5,0,0,0,0,true,false,false,false,false,false,false,false,false,false,false,false,false,false,false,false,false,false,false,false,false,false,-83.03918,42.33113,"{
  ""coordinates"": [
    -8.303917500845550e+01,
    4.233113038916630e+01
  ],
  ""type"": ""Point""
}","{
  ""coordinates"": [
    -83.039175008,
    42.331130389
  ],
  ""type"": ""Point""
}",-83.039175008,42.3311303890001
1378,1349169,N M 39,RAMP 007A,2018-04-13,13,4,2018,21,6,5,3,,1,0,Asphalt,1,1,4,55,3,2,3,5,0,0,0,0,true,false,false,false,true,false,false,false,false,true,false,false,false,false,false,false,false,false,false,false,false,false,-83.21626,42.3535,"{
  ""coordinates"": [
    -8.321625670789351e+01,
    4.235350497576370e+01
  ],
  ""type"": ""Point""
}","{
  ""coordinates"": [
    -83.216256708,
    42.353504976
  ],
  ""type"": ""Point""
}",-83.2162567079999,42.3535049760001
1379,1356938,EDINBOROUGH,PICKFORD,2018-04-13,13,4,2018,16,6,10,9,,,0,,1,1,1,25,2,2,0,5,0,0,0,0,true,false,false,false,true,false,false,false,false,false,false,false,false,false,false,false,false,false,false,false,false,false,-83.23429,42.42461,"{
  ""coordinates"": [
    -8.323429470622750e+01,
    4.242461006716450e+01
  ],
  ""type"": ""Point""
}","{
  ""coordinates"": [
    -83.234294706,
    42.424610067
  ],
  ""type"": ""Point""
}",-83.234294706,42.4246100670001
1380,1349296,WOODWARD,NEVADA,2018-04-13,13,4,2018,12,6,4,3,,1,0,Asphalt,1,1,1,40,1,2,1,5,0,0,0,0,true,false,true,true,true,false,false,false,false,false,false,false,false,false,false,false,false,false,false,false,false,false,-83.10947,42.42339,"{
  ""coordinates"": [
    -8.310947755708540e+01,
    4.242338982375440e+01
  ],
  ""type"": ""Point""
}","{
  ""coordinates"": [
    -83.109477557,
    42.423389824
  ],
  ""type"": ""Point""
}",-83.1094775569999,42.423389824
1381,1349272,GRANDRIVER,ARCHDALE,2018-04-13,13,4,2018,18,6,4,3,,1,0,Asphalt,1,1,1,25,2,2,1,5,0,0,0,0,true,false,false,false,true,false,false,false,false,false,false,false,false,true,false,false,false,false,false,false,false,false,-83.21616,42.39984,"{
  ""coordinates"": [
    -8.321615644884881e+01,
    4.239983788951900e+01
  ],
  ""type"": ""Point""
}","{
  ""coordinates"": [
    -83.216156449,
    42.39983789
  ],
  ""type"": ""Point""
}",-83.216156449,42.3998378900001
1382,1349244,JOHN R,WARREN,2018-04-13,13,4,2018,7,6,8,9,,4,0,Asphalt,1,1,1,35,4,2,2,5,0,0,0,0,true,false,false,false,false,false,false,false,false,false,false,false,false,false,false,false,false,false,false,false,false,false,-83.06214,42.35766,"{
  ""coordinates"": [
    -8.306214149392220e+01,
    4.235766225145420e+01
  ],
  ""type"": ""Point""
}","{
  ""coordinates"": [
    -83.062141494,
    42.357662251
  ],
  ""type"": ""Point""
}",-83.0621414939999,42.3576622510001
1383,1349239,EVERGREEN,CHICAGO,2018-04-13,13,4,2018,17,6,4,9,,4,0,Asphalt,1,1,1,25,2,2,5,5,0,0,0,0,true,false,false,false,false,false,false,false,false,false,false,false,false,true,false,false,false,false,false,false,false,false,-83.23605,42.3649,"{
  ""coordinates"": [
    -8.323604439753250e+01,
    4.236490421565720e+01
  ],
  ""type"": ""Point""
}","{
  ""coordinates"": [
    -83.236044398,
    42.364904216
  ],
  ""type"": ""Point""
}",-83.236044398,42.3649042160001
1384,1349291,ELMHURST,YELLOWSTONE,2018-04-13,13,4,2018,0,6,1,9,,4,0,Asphalt,98,1,98,25,1,2,0,5,0,0,0,0,true,false,false,false,true,false,false,false,false,false,false,false,true,false,false,false,false,false,false,false,false,false,-83.13528,42.37702,"{
  ""coordinates"": [
    -8.313527807195619e+01,
    4.237701758892620e+01
  ],
  ""type"": ""Point""
}","{
  ""coordinates"": [
    -83.135278072,
    42.377017589
  ],
  ""type"": ""Point""
}",-83.1352780719999,42.377017589
1385,1349308,7 MILE,JAMES COUZENS,2018-04-13,13,4,2018,22,6,4,9,,2,0,Asphalt,1,1,5,30,4,2,2,5,0,0,0,0,true,false,false,false,true,false,false,false,false,false,false,false,false,false,false,false,false,false,false,false,false,false,-83.18739,42.43081,"{
  ""coordinates"": [
    -8.318738530354589e+01,
    4.243081062442480e+01
  ],
  ""type"": ""Point""
}","{
  ""coordinates"": [
    -83.187385304,
    42.430810624
  ],
  ""type"": ""Point""
}",-83.187385304,42.4308106240001
1386,1349261,LAFAYETTE,I-75 SERVICE,2018-04-13,13,4,2018,8,6,97,9,,4,0,Asphalt,1,1,1,30,5,2,2,5,0,0,0,0,true,false,true,true,false,false,false,false,false,false,false,false,false,false,false,false,false,false,false,false,false,false,-83.1012,42.31006,"{
  ""coordinates"": [
    -8.310120451370300e+01,
    4.231006043966070e+01
  ],
  ""type"": ""Point""
}","{
  ""coordinates"": [
    -83.101204514,
    42.31006044
  ],
  ""type"": ""Point""
}",-83.101204514,42.31006044
1387,1349185,KENTUCKY,MACKENZIE,2018-04-13,13,4,2018,21,6,4,9,,,0,,1,1,4,25,2,2,0,3,0,0,1,0,false,false,false,false,true,false,false,false,false,false,false,false,false,false,false,false,false,false,false,false,false,false,-83.15662,42.35658,"{
  ""coordinates"": [
    -8.315662527649440e+01,
    4.235657910061210e+01
  ],
  ""type"": ""Point""
}","{
  ""coordinates"": [
    -83.156625276,
    42.356579101
  ],
  ""type"": ""Point""
}",-83.1566252759999,42.3565791010001
1388,1351251,OUTER,SOUTHFIELD,2018-04-13,13,4,2018,11,6,4,9,,2,0,Concrete,1,1,1,35,4,2,4,5,0,0,0,0,true,false,false,false,false,false,false,false,false,false,false,false,false,false,false,false,false,false,false,false,false,false,-83.21916,42.41907,"{
  ""coordinates"": [
    -8.321916484199620e+01,
    4.241906720519730e+01
  ],
  ""type"": ""Point""
}","{
  ""coordinates"": [
    -83.219164842,
    42.419067205
  ],
  ""type"": ""Point""
}",-83.2191648419999,42.419067205
1389,1349263,VAN DYKE,GOETHE,2018-04-13,13,4,2018,23,6,97,9,,4,0,Asphalt,1,2,4,35,2,2,0,2,0,1,0,0,false,false,false,false,true,false,false,false,false,false,false,false,true,false,false,false,false,false,false,false,false,false,-83.00499,42.36543,"{
  ""coordinates"": [
    -8.300499164529050e+01,
    4.236543300846450e+01
  ],
  ""type"": ""Point""
}","{
  ""coordinates"": [
    -83.004991645,
    42.365433008
  ],
  ""type"": ""Point""
}",-83.004991645,42.365433008
1390,1351155,S I 75,MILWAUKEE,2018-04-13,13,4,2018,9,6,5,1,,1,0,Asphalt,1,1,1,55,4,2,4,4,0,0,0,3,false,false,false,false,false,false,false,false,false,false,false,false,false,false,false,false,false,false,false,false,false,false,-83.05999,42.37387,"{
  ""coordinates"": [
    -8.305999325245060e+01,
    4.237386521695040e+01
  ],
  ""type"": ""Point""
}","{
  ""coordinates"": [
    -83.059993252,
    42.373865217
  ],
  ""type"": ""Point""
}",-83.059993252,42.3738652170001
1391,1349184,MCNICHOLES,COYLE,2018-04-13,13,4,2018,7,6,3,9,,2,0,Asphalt,1,1,1,35,5,2,6,5,0,0,0,0,true,false,true,true,false,false,false,false,false,false,false,false,false,false,false,false,false,false,false,false,false,false,-83.19427,42.41622,"{
  ""coordinates"": [
    -8.319427382403840e+01,
    4.241622294847820e+01
  ],
  ""type"": ""Point""
}","{
  ""coordinates"": [
    -83.194273824,
    42.416222948
  ],
  ""type"": ""Point""
}",-83.1942738239999,42.416222948
1392,1352396,JEFFERSON,BEAUBIEN,2018-04-13,13,4,2018,3,6,8,4,,1,0,Asphalt,2,5,4,35,4,2,3,5,0,0,0,0,true,false,false,false,false,false,false,false,false,false,false,false,false,false,false,false,false,false,false,false,false,false,-83.03989,42.33084,"{
  ""coordinates"": [
    -8.303989785325150e+01,
    4.233084268734150e+01
  ],
  ""type"": ""Point""
}","{
  ""coordinates"": [
    -83.039897853,
    42.330842687
  ],
  ""type"": ""Point""
}",-83.039897853,42.330842687
1393,1349179,E I 96 CD,CONSOLIDATED RAIL CORPORATION,2018-04-13,13,4,2018,22,6,1,1,,1,1,Concrete,1,1,4,55,3,1,2,4,0,0,0,2,false,false,false,false,false,false,false,false,false,false,false,false,false,false,false,false,false,false,false,false,false,false,-83.18294,42.38198,"{
  ""coordinates"": [
    -8.318293509585320e+01,
    4.238198029702070e+01
  ],
  ""type"": ""Point""
}","{
  ""coordinates"": [
    -83.182935096,
    42.381980297
  ],
  ""type"": ""Point""
}",-83.1829350959999,42.381980297
1394,1349182,M 39 N/B,JOY,2018-04-13,13,4,2018,14,6,5,3,,1,0,Asphalt,1,2,1,55,3,2,5,5,0,0,0,0,true,false,false,false,false,false,false,false,false,false,false,false,false,false,true,false,false,false,false,false,false,false,-83.21642,42.35868,"{
  ""coordinates"": [
    -8.321642160913210e+01,
    4.235867701715030e+01
  ],
  ""type"": ""Point""
}","{
  ""coordinates"": [
    -83.216421609,
    42.358677017
  ],
  ""type"": ""Point""
}",-83.216421609,42.358677017
1395,1350263,OAKWOOD,DIX,2018-04-13,13,4,2018,16,6,3,9,,,0,,1,1,1,30,2,2,2,5,0,0,0,0,true,false,false,false,false,false,false,false,false,false,false,false,false,false,true,false,false,false,false,false,false,false,-83.16019,42.28599,"{
  ""coordinates"": [
    -8.316019481052371e+01,
    4.228598873193290e+01
  ],
  ""type"": ""Point""
}","{
  ""coordinates"": [
    -83.160194811,
    42.285988732
  ],
  ""type"": ""Point""
}",-83.1601948109999,42.2859887320001
1396,1349269,GREENFIELD,VERNE,2018-04-13,13,4,2018,17,6,5,9,,2,0,Asphalt,1,2,1,35,4,2,3,5,0,0,0,0,true,false,false,false,false,false,false,false,false,false,false,false,false,false,false,false,false,false,false,false,false,false,-83.19917,42.41232,"{
  ""coordinates"": [
    -8.319917114900250e+01,
    4.241231427412740e+01
  ],
  ""type"": ""Point""
}","{
  ""coordinates"": [
    -83.199171149,
    42.412314274
  ],
  ""type"": ""Point""
}",-83.1991711489999,42.412314274
1397,1354009,7 MILE,HOOVER,2018-04-13,13,4,2018,15,6,4,3,,4,0,Asphalt,1,2,1,35,5,2,2,5,0,0,0,0,true,false,true,true,false,false,false,false,false,false,false,false,false,false,false,false,false,false,false,false,false,false,-83.00462,42.43443,"{
  ""coordinates"": [
    -8.300462033876160e+01,
    4.243442835956870e+01
  ],
  ""type"": ""Point""
}","{
  ""coordinates"": [
    -83.004620339,
    42.43442836
  ],
  ""type"": ""Point""
}",-83.004620339,42.43442836
1398,1349247,JOY,N M 39,2018-04-13,13,4,2018,12,6,97,9,,2,0,Asphalt,1,1,1,35,4,2,1,5,0,0,0,0,true,false,false,false,true,false,false,false,false,false,false,false,false,true,false,false,false,false,false,false,false,false,-83.21645,42.35785,"{
  ""coordinates"": [
    -8.321645637873149e+01,
    4.235784755031990e+01
  ],
  ""type"": ""Point""
}","{
  ""coordinates"": [
    -83.216456379,
    42.35784755
  ],
  ""type"": ""Point""
}",-83.216456379,42.35784755
1399,1351318,NORWOOD,EMERY,2018-04-13,13,4,2018,17,6,98,9,,,0,,1,1,3,25,2,2,0,5,0,0,0,0,true,false,false,false,true,false,false,false,false,false,false,false,false,false,false,false,false,false,false,false,false,false,-83.06732,42.43566,"{
  ""coordinates"": [
    -8.306731980112821e+01,
    4.243566026320230e+01
  ],
  ""type"": ""Point""
}","{
  ""coordinates"": [
    -83.067319801,
    42.435660263
  ],
  ""type"": ""Point""
}",-83.0673198009999,42.435660263
1400,1349290,DAVISON,EWALD,2018-04-13,13,4,2018,16,6,5,3,,1,0,Concrete,1,2,1,30,3,2,3,5,0,0,0,0,true,false,false,false,false,false,false,false,false,false,false,true,false,false,false,false,false,false,false,false,false,false,-83.14583,42.38625,"{
  ""coordinates"": [
    -8.314583193635980e+01,
    4.238624404975480e+01
  ],
  ""type"": ""Point""
}","{
  ""coordinates"": [
    -83.145831936,
    42.38624405
  ],
  ""type"": ""Point""
}",-83.145831936,42.3862440500001
1401,1349183,I 94 W/B,MOROSS,2018-04-13,13,4,2018,16,6,5,1,,1,0,Asphalt,1,2,1,55,3,2,3,5,0,0,0,0,true,false,false,false,true,false,false,false,false,false,false,false,false,false,false,false,false,false,false,false,false,false,-82.9277,42.42601,"{
  ""coordinates"": [
    -8.292769833628211e+01,
    4.242600773013590e+01
  ],
  ""type"": ""Point""
}","{
  ""coordinates"": [
    -82.927698336,
    42.42600773
  ],
  ""type"": ""Point""
}",-82.9276983359999,42.42600773
1402,1349274,GRATIOT,GEORGIA,2018-04-13,13,4,2018,1,6,5,3,,1,0,Asphalt,1,1,1,,4,2,1,5,0,0,0,0,true,false,false,false,true,false,false,false,false,false,false,false,false,true,false,false,false,false,false,false,false,false,-83.0035,42.39574,"{
  ""coordinates"": [
    -8.300350101628580e+01,
    4.239573713782680e+01
  ],
  ""type"": ""Point""
}","{
  ""coordinates"": [
    -83.003501016,
    42.395737138
  ],
  ""type"": ""Point""
}",-83.003501016,42.3957371380001
1403,1351159,I-75,7 MILE,2018-04-13,13,4,2018,17,6,5,1,,1,0,Asphalt,1,2,1,70,4,3,3,5,0,0,0,0,true,false,false,false,false,false,false,false,false,false,false,false,false,false,true,false,false,false,false,false,false,false,-83.09468,42.43277,"{
  ""coordinates"": [
    -8.309468120255860e+01,
    4.243276641072670e+01
  ],
  ""type"": ""Point""
}","{
  ""coordinates"": [
    -83.094681203,
    42.432766411
  ],
  ""type"": ""Point""
}",-83.0946812029999,42.432766411
1404,1349197,WOODWARD,DELAWARE,2018-04-13,13,4,2018,8,6,8,3,,1,0,Asphalt,1,2,1,35,5,2,2,5,0,0,0,0,true,false,false,false,true,false,false,false,false,false,false,false,false,false,false,false,false,false,false,false,false,false,-83.07604,42.37435,"{
  ""coordinates"": [
    -8.307603876776570e+01,
    4.237434635881450e+01
  ],
  ""type"": ""Point""
}","{
  ""coordinates"": [
    -83.076038768,
    42.374346359
  ],
  ""type"": ""Point""
}",-83.076038768,42.3743463590001
1405,1349286,MORANG,BEACONSFIELD,2018-04-13,13,4,2018,14,6,4,9,,4,0,Asphalt,1,2,1,30,2,2,4,5,0,0,0,0,true,false,false,false,false,false,false,false,false,false,false,false,false,false,false,false,false,false,false,false,false,false,-82.94577,42.42439,"{
  ""coordinates"": [
    -8.294577369902851e+01,
    4.242439389928990e+01
  ],
  ""type"": ""Point""
}","{
  ""coordinates"": [
    -82.945773699,
    42.424393899
  ],
  ""type"": ""Point""
}",-82.945773699,42.4243938990001
1406,1371304,M-39,JOY,2018-04-13,13,4,2018,15,6,5,3,,1,0,Asphalt,1,1,1,55,3,2,3,5,0,0,0,0,true,false,false,false,false,false,false,false,false,false,false,false,false,false,false,false,false,false,false,false,false,false,-83.21638,42.35757,"{
  ""coordinates"": [
    -8.321638359239400e+01,
    4.235757613956540e+01
  ],
  ""type"": ""Point""
}","{
  ""coordinates"": [
    -83.216383592,
    42.35757614
  ],
  ""type"": ""Point""
}",-83.2163835919999,42.35757614
1407,1349236,SOUTHFIELD,GRANDRIVER,2018-04-13,13,4,2018,0,6,8,3,,1,0,Asphalt,1,1,4,55,3,2,1,5,0,0,0,0,true,false,false,false,true,false,false,false,false,false,false,false,false,false,false,false,false,false,false,false,false,false,-83.21821,42.39666,"{
  ""coordinates"": [
    -8.321821074384370e+01,
    4.239665579152910e+01
  ],
  ""type"": ""Point""
}","{
  ""coordinates"": [
    -83.218210744,
    42.396655792
  ],
  ""type"": ""Point""
}",-83.218210744,42.396655792
1408,1349248,7 MILE,MARK TWAIN,2018-04-13,13,4,2018,22,6,4,9,,2,0,Asphalt,1,1,4,,4,2,1,5,0,0,0,0,true,false,false,false,true,false,false,false,false,false,false,false,false,false,false,false,false,false,false,false,false,false,-83.18805,42.43079,"{
  ""coordinates"": [
    -8.318804677681609e+01,
    4.243078512416620e+01
  ],
  ""type"": ""Point""
}","{
  ""coordinates"": [
    -83.188046777,
    42.430785124
  ],
  ""type"": ""Point""
}",-83.188046777,42.4307851240001
1409,1349245,TELEGRAPH,GRAND RIVER,2018-04-13,13,4,2018,21,6,8,2,,1,0,Asphalt,1,1,4,45,4,2,1,4,0,0,0,1,false,false,false,false,true,false,false,false,false,false,false,false,false,false,false,false,false,false,false,false,false,false,-83.27782,42.42446,"{
  ""coordinates"": [
    -8.327781712530781e+01,
    4.242445792627380e+01
  ],
  ""type"": ""Point""
}","{
  ""coordinates"": [
    -83.277817125,
    42.424457926
  ],
  ""type"": ""Point""
}",-83.277817125,42.4244579260001
1410,1351115,S I 75,MILWAUKEE,2018-04-13,13,4,2018,14,6,5,1,,1,0,Asphalt,1,1,1,70,4,2,5,5,0,0,0,0,true,false,false,false,false,false,false,false,false,false,false,false,false,false,false,false,false,false,false,false,false,false,-83.05964,42.37247,"{
  ""coordinates"": [
    -8.305963555413690e+01,
    4.237247300845100e+01
  ],
  ""type"": ""Point""
}","{
  ""coordinates"": [
    -83.059635554,
    42.372473008
  ],
  ""type"": ""Point""
}",-83.059635554,42.372473008
1411,1349226,JEFFERSON,ASHLAND,2018-04-13,13,4,2018,12,6,4,9,,4,0,Asphalt,1,1,1,35,5,2,2,5,0,0,0,0,true,false,false,false,false,false,false,false,false,false,false,false,false,true,false,false,false,false,false,false,false,false,-82.94034,42.37453,"{
  ""coordinates"": [
    -8.294033623016620e+01,
    4.237452943045180e+01
  ],
  ""type"": ""Point""
}","{
  ""coordinates"": [
    -82.94033623,
    42.37452943
  ],
  ""type"": ""Point""
}",-82.94033623,42.3745294300001
1412,1351179,I-94,LIVERNOIS,2018-04-13,13,4,2018,2,6,1,1,,1,0,Asphalt,1,1,4,55,3,1,1,5,0,0,0,0,true,true,false,false,false,false,false,false,false,false,false,false,false,false,false,false,false,false,false,false,false,false,-83.12518,42.3372,"{
  ""coordinates"": [
    -8.312517736560990e+01,
    4.233719679777110e+01
  ],
  ""type"": ""Point""
}","{
  ""coordinates"": [
    -83.125177366,
    42.337196798
  ],
  ""type"": ""Point""
}",-83.1251773659999,42.337196798
1413,1349186,STRATHMOOR,CHALFONTE,2018-04-13,13,4,2018,2,6,97,9,,,0,,1,1,5,25,2,2,0,5,0,0,0,0,true,false,false,false,true,false,false,false,false,false,false,false,false,false,false,false,false,false,false,false,false,false,-83.18765,42.39897,"{
  ""coordinates"": [
    -8.318764913422100e+01,
    4.239897151076530e+01
  ],
  ""type"": ""Point""
}","{
  ""coordinates"": [
    -83.187649134,
    42.398971511
  ],
  ""type"": ""Point""
}",-83.187649134,42.3989715110001
1414,1350259,MACK,BRUSH,2018-04-13,13,4,2018,15,6,1,9,,4,0,Asphalt,1,1,1,25,2,2,0,4,0,0,0,1,false,false,false,false,true,false,false,false,false,false,false,true,true,false,false,false,false,false,false,false,false,false,-83.05327,42.34934,"{
  ""coordinates"": [
    -8.305326779400229e+01,
    4.234933780050820e+01
  ],
  ""type"": ""Point""
}","{
  ""coordinates"": [
    -83.053267794,
    42.349337801
  ],
  ""type"": ""Point""
}",-83.053267794,42.349337801
1415,1349271,EVERGREEN,JOY,2018-04-13,13,4,2018,14,6,8,9,,4,0,Asphalt,1,1,1,25,2,2,2,5,0,0,0,0,true,false,false,false,true,false,false,false,false,false,false,false,false,false,false,false,false,false,false,false,false,false,-83.23595,42.35763,"{
  ""coordinates"": [
    -8.323595374321400e+01,
    4.235762920618300e+01
  ],
  ""type"": ""Point""
}","{
  ""coordinates"": [
    -83.235953743,
    42.357629206
  ],
  ""type"": ""Point""
}",-83.235953743,42.3576292060001
1416,1349280,HAVERHILL,DUCHESS,2018-04-13,13,4,2018,14,6,10,9,,,3,,1,1,1,25,2,2,2,5,0,0,0,0,true,false,false,false,false,false,false,false,false,false,false,false,false,false,true,false,false,false,false,false,false,false,-82.96243,42.41586,"{
  ""coordinates"": [
    -8.296242955239040e+01,
    4.241586023166250e+01
  ],
  ""type"": ""Point""
}","{
  ""coordinates"": [
    -82.962429552,
    42.415860232
  ],
  ""type"": ""Point""
}",-82.9624295519999,42.4158602320001
1417,1352431,WOODWARD,WARREN,2018-04-13,13,4,2018,15,6,8,3,,1,0,Asphalt,1,1,98,30,3,2,2,5,0,0,0,0,true,false,false,false,true,false,false,false,false,false,false,false,false,false,false,false,false,false,false,false,false,false,-83.06425,42.35672,"{
  ""coordinates"": [
    -8.306425291340130e+01,
    4.235671970266590e+01
  ],
  ""type"": ""Point""
}","{
  ""coordinates"": [
    -83.064252913,
    42.356719703
  ],
  ""type"": ""Point""
}",-83.064252913,42.3567197030001