ObjectId,Crash ID,Primary Road,Intersecting Road,Crash Date,Day,Month,Year,Hour,Weekday,Crash Type Code,Highway Classification Code,Community Code,Jurisdiction Code,Lane Departure Type Code,Surface Type,Road Condition,Weather Condition,Lighting Condition,Speed Limit,Lanes,Units,Occupants,Most Severe Injury,Fatal Injuries,Suspected Serious Injuries,Suspected Minor Injuries,Possible Injuries,Property Damage Only,Secondary Crash,Traffic Control,Red Light Run,Hit and Run,Alcohol,Drugs,Unbelted Person,Work Zone,Speeding Driver,Distracted Driver,Driveway,Pedestrian,Elderly Driver,Young Driver,Commercial Vehicle,Emergency Vehicles,Train,School Bus,Motorcycle,Bicycle,Deer,Longitude,Latitude,geom,geog,x,y
1418,1349292,CHICAGO,2ND,2018-04-13,13,4,2018,17,6,4,9,,4,0,Asphalt,1,2,1,25,4,2,3,5,0,0,0,0,true,false,false,false,false,false,false,false,false,false,true,false,false,false,false,false,false,false,false,false,false,false,-83.08713,42.3852,"{
  ""coordinates"": [
    -8.308713051594110e+01,
    4.238519647154330e+01
  ],
  ""type"": ""Point""
}","{
  ""coordinates"": [
    -83.087130516,
    42.385196472
  ],
  ""type"": ""Point""
}",-83.0871305159999,42.3851964720001
1419,1349278,7 MILE,BELAND,2018-04-13,13,4,2018,22,6,6,9,,4,0,Asphalt,1,1,5,35,2,2,4,5,0,0,0,0,true,false,false,false,false,false,false,true,false,false,false,false,false,false,false,false,false,false,false,false,false,false,-83.00932,42.43431,"{
  ""coordinates"": [
    -8.300931258971750e+01,
    4.243430907217300e+01
  ],
  ""type"": ""Point""
}","{
  ""coordinates"": [
    -83.00931259,
    42.434309072
  ],
  ""type"": ""Point""
}",-83.00931259,42.4343090720001
1420,1486887,WARREN,WOODMONT,2018-09-29,29,9,2018,15,7,5,9,,2,0,Asphalt,1,1,1,35,4,2,3,5,0,0,0,0,true,false,false,false,false,false,false,false,false,false,false,false,false,false,false,false,false,false,false,false,false,false,-83.20693,42.34352,"{
  ""coordinates"": [
    -8.320693357132160e+01,
    4.234351977734990e+01
  ],
  ""type"": ""Point""
}","{
  ""coordinates"": [
    -83.206933571,
    42.343519777
  ],
  ""type"": ""Point""
}",-83.206933571,42.343519777
1421,1494839,LIVERNOIS,FENKELL,2018-09-29,29,9,2018,11,7,5,9,,4,0,Concrete,1,1,1,30,3,2,3,4,0,0,0,1,false,false,false,false,false,false,false,false,false,false,false,false,false,false,false,false,false,false,false,false,false,false,-83.14038,42.4035,"{
  ""coordinates"": [
    -8.314037747200400e+01,
    4.240350476047130e+01
  ],
  ""type"": ""Point""
}","{
  ""coordinates"": [
    -83.140377472,
    42.40350476
  ],
  ""type"": ""Point""
}",-83.140377472,42.40350476
1422,1485564,SUNDERLAND,CAMBRIDGE,2018-09-29,29,9,2018,10,7,5,9,,,0,,1,1,1,25,2,2,1,5,0,0,0,0,true,true,false,false,true,false,false,false,false,false,false,false,false,false,false,false,false,false,false,false,false,false,-83.22916,42.43165,"{
  ""coordinates"": [
    -8.322916480788300e+01,
    4.243165032701860e+01
  ],
  ""type"": ""Point""
}","{
  ""coordinates"": [
    -83.229164808,
    42.431650327
  ],
  ""type"": ""Point""
}",-83.229164808,42.4316503270001
1423,1491997,7 MILE,S I 75,2018-09-29,29,9,2018,3,7,4,9,,4,0,Concrete,1,1,4,30,4,2,3,4,0,0,0,3,false,false,true,true,false,false,false,false,false,false,false,false,false,false,false,false,false,false,false,false,false,false,-83.09478,42.43248,"{
  ""coordinates"": [
    -8.309477990064350e+01,
    4.243247888858850e+01
  ],
  ""type"": ""Point""
}","{
  ""coordinates"": [
    -83.094779901,
    42.432478889
  ],
  ""type"": ""Point""
}",-83.094779901,42.432478889
1424,1486898,MACK,SAINT AUBIN,2018-09-29,29,9,2018,5,7,1,9,,4,1,Asphalt,1,1,4,,2,1,1,5,0,0,0,0,true,false,false,false,false,false,false,false,false,false,false,false,false,false,false,false,false,false,false,false,false,false,-83.03874,42.35503,"{
  ""coordinates"": [
    -8.303874232558771e+01,
    4.235503450846150e+01
  ],
  ""type"": ""Point""
}","{
  ""coordinates"": [
    -83.038742326,
    42.355034508
  ],
  ""type"": ""Point""
}",-83.038742326,42.3550345080001
1425,1498596,I 75,8 MILE,2018-09-29,29,9,2018,15,7,97,1,,1,0,Asphalt,1,1,1,70,4,2,2,5,0,0,0,0,true,false,false,false,true,false,false,false,false,false,false,false,false,true,false,false,false,false,false,false,false,false,-83.09492,42.4468,"{
  ""coordinates"": [
    -8.309492800962811e+01,
    4.244679871143500e+01
  ],
  ""type"": ""Point""
}","{
  ""coordinates"": [
    -83.09492801,
    42.446798711
  ],
  ""type"": ""Point""
}",-83.09492801,42.446798711
1426,1488044,WOODWARD,MACK,2018-09-29,29,9,2018,22,7,97,3,,1,0,Asphalt,1,1,4,35,3,2,1,5,0,0,0,0,true,false,false,false,true,false,false,false,false,false,false,false,false,false,false,false,false,false,false,false,false,false,-83.05789,42.3474,"{
  ""coordinates"": [
    -8.305789077974519e+01,
    4.234740228752360e+01
  ],
  ""type"": ""Point""
}","{
  ""coordinates"": [
    -83.05789078,
    42.347402288
  ],
  ""type"": ""Point""
}",-83.05789078,42.3474022880001
1427,1488791,DAVISON,ROSA-PARKS,2018-09-29,29,9,2018,11,7,8,3,,1,0,Asphalt,1,1,1,45,4,2,2,5,0,0,0,0,true,false,false,false,false,false,false,false,false,false,false,false,false,false,false,false,false,false,false,false,false,false,-83.11353,42.39618,"{
  ""coordinates"": [
    -8.311352301125170e+01,
    4.239617705740000e+01
  ],
  ""type"": ""Point""
}","{
  ""coordinates"": [
    -83.113523011,
    42.396177057
  ],
  ""type"": ""Point""
}",-83.113523011,42.396177057
1428,1486839,WABASH,DALZELLE,2018-09-29,29,9,2018,11,7,8,9,,,3,,98,98,98,25,1,2,0,5,0,0,0,0,true,false,false,false,true,false,false,false,false,false,false,false,false,false,false,false,false,false,false,false,false,false,-83.07413,42.32986,"{
  ""coordinates"": [
    -8.307413708884670e+01,
    4.232986114050510e+01
  ],
  ""type"": ""Point""
}","{
  ""coordinates"": [
    -83.074137089,
    42.329861141
  ],
  ""type"": ""Point""
}",-83.074137089,42.329861141
1429,1486888,FORRER,WADSWORTH,2018-09-29,29,9,2018,14,7,9,9,,,2,,1,1,1,25,1,2,1,5,0,0,0,0,true,false,false,false,true,false,false,false,false,false,false,false,false,false,false,false,false,false,false,false,false,false,-83.20127,42.37515,"{
  ""coordinates"": [
    -8.320127319171939e+01,
    4.237515306281260e+01
  ],
  ""type"": ""Point""
}","{
  ""coordinates"": [
    -83.201273192,
    42.375153063
  ],
  ""type"": ""Point""
}",-83.201273192,42.375153063
1430,1485574,LINWOOD,FENKELL,2018-09-29,29,9,2018,13,7,5,9,,4,0,Asphalt,1,1,1,35,2,2,1,5,0,0,0,0,true,false,false,false,true,false,false,false,false,false,false,false,false,false,false,false,false,false,false,false,false,false,-83.12725,42.40295,"{
  ""coordinates"": [
    -8.312724752174520e+01,
    4.240295132919130e+01
  ],
  ""type"": ""Point""
}","{
  ""coordinates"": [
    -83.127247522,
    42.402951329
  ],
  ""type"": ""Point""
}",-83.1272475219999,42.4029513290001
1431,1501491,LINWOOD,CORTLAND,2018-09-29,29,9,2018,20,7,97,9,,4,0,Asphalt,1,1,4,30,5,3,4,4,0,0,0,1,false,false,false,false,false,false,false,true,false,true,false,false,false,false,false,false,false,false,false,false,false,false,-83.11789,42.38688,"{
  ""coordinates"": [
    -8.311789121980530e+01,
    4.238687872131660e+01
  ],
  ""type"": ""Point""
}","{
  ""coordinates"": [
    -83.11789122,
    42.386878721
  ],
  ""type"": ""Point""
}",-83.11789122,42.3868787210001
1432,1490685,STAHELIN,JOY,2018-09-29,29,9,2018,4,7,5,9,,,0,,1,1,4,25,1,2,1,5,0,0,0,0,true,false,false,false,false,false,false,false,false,false,false,false,false,false,false,false,false,false,false,false,false,false,-83.22485,42.35691,"{
  ""coordinates"": [
    -8.322484270224319e+01,
    4.235690695874150e+01
  ],
  ""type"": ""Point""
}","{
  ""coordinates"": [
    -83.224842702,
    42.356906959
  ],
  ""type"": ""Point""
}",-83.224842702,42.3569069590001
1433,1486800,M-39,VERNE,2018-09-29,29,9,2018,22,7,1,9,,4,1,Asphalt,1,1,5,55,3,1,1,5,0,0,0,0,true,false,false,false,false,false,false,false,false,true,false,false,false,false,false,false,false,false,false,false,false,false,-83.21838,42.41206,"{
  ""coordinates"": [
    -8.321838629127311e+01,
    4.241206080495860e+01
  ],
  ""type"": ""Point""
}","{
  ""coordinates"": [
    -83.218386291,
    42.412060805
  ],
  ""type"": ""Point""
}",-83.2183862909999,42.4120608050001
1434,1488801,LARNED,BEAUBIEN,2018-09-29,29,9,2018,15,7,4,9,,4,0,Asphalt,1,1,1,30,2,2,2,5,0,0,0,0,true,false,false,false,false,false,false,false,false,false,false,false,false,false,false,false,false,false,false,false,false,false,-83.04028,42.33157,"{
  ""coordinates"": [
    -8.304028305530240e+01,
    4.233156635973920e+01
  ],
  ""type"": ""Point""
}","{
  ""coordinates"": [
    -83.040283055,
    42.33156636
  ],
  ""type"": ""Point""
}",-83.040283055,42.3315663600001
1435,1486834,SCHOOLCRAFT,PREST,2018-09-29,29,9,2018,21,7,5,9,,2,0,Asphalt,1,1,4,35,2,2,1,5,0,0,0,0,true,false,false,false,false,false,false,false,false,false,false,false,false,false,false,false,false,false,false,false,false,false,-83.19729,42.38708,"{
  ""coordinates"": [
    -8.319728870925610e+01,
    4.238707727125930e+01
  ],
  ""type"": ""Point""
}","{
  ""coordinates"": [
    -83.197288709,
    42.387077271
  ],
  ""type"": ""Point""
}",-83.197288709,42.3870772710001
1436,1488056,LIVERNOIS,CADET,2018-09-29,29,9,2018,3,7,5,9,,4,0,Asphalt,1,1,4,30,4,2,0,5,0,0,0,0,true,false,false,false,true,false,false,false,false,false,false,false,false,false,false,false,false,false,false,false,false,false,-83.1086,42.3137,"{
  ""coordinates"": [
    -8.310860449954920e+01,
    4.231369882058200e+01
  ],
  ""type"": ""Point""
}","{
  ""coordinates"": [
    -83.1086045,
    42.313698821
  ],
  ""type"": ""Point""
}",-83.1086045,42.3136988210001
1437,1488031,I 94,VAN DYKE,2018-09-29,29,9,2018,18,7,5,1,,1,0,Asphalt,1,1,1,55,3,4,5,5,0,0,0,0,true,false,false,false,true,false,false,false,false,false,false,false,false,true,false,false,false,false,false,false,false,false,-83.02569,42.38489,"{
  ""coordinates"": [
    -8.302568877662310e+01,
    4.238489170481180e+01
  ],
  ""type"": ""Point""
}","{
  ""coordinates"": [
    -83.025688777,
    42.384891705
  ],
  ""type"": ""Point""
}",-83.025688777,42.384891705
1438,1486876,ALTER,BROOKS,2018-09-29,29,9,2018,17,7,5,9,,4,0,Asphalt,1,1,1,35,2,2,3,2,0,1,0,0,false,false,false,false,false,false,false,false,false,true,false,false,false,false,false,false,false,false,false,false,false,false,-82.94171,42.37817,"{
  ""coordinates"": [
    -8.294171081752910e+01,
    4.237817004580440e+01
  ],
  ""type"": ""Point""
}","{
  ""coordinates"": [
    -82.941710818,
    42.378170046
  ],
  ""type"": ""Point""
}",-82.941710818,42.378170046
1439,1488082,CARRIE,EMERY,2018-09-29,29,9,2018,7,7,98,9,,,0,,1,1,1,25,2,2,0,5,0,0,0,0,true,false,false,false,true,false,false,false,false,false,false,false,false,false,false,false,false,false,false,false,false,false,-83.03082,42.43587,"{
  ""coordinates"": [
    -8.303081358505520e+01,
    4.243587249762740e+01
  ],
  ""type"": ""Point""
}","{
  ""coordinates"": [
    -83.030813585,
    42.435872498
  ],
  ""type"": ""Point""
}",-83.030813585,42.435872498
1440,1485558,EVERGREEN,KEELER,2018-09-29,29,9,2018,10,7,5,9,,4,0,Asphalt,1,1,1,,2,2,3,4,0,0,0,3,false,false,false,false,false,false,false,false,false,false,true,false,false,false,true,false,false,false,false,false,false,false,-83.2375,42.40245,"{
  ""coordinates"": [
    -8.323750521037761e+01,
    4.240245140586800e+01
  ],
  ""type"": ""Point""
}","{
  ""coordinates"": [
    -83.23750521,
    42.402451406
  ],
  ""type"": ""Point""
}",-83.2375052099999,42.4024514060001
1441,1486909,EASTBURN,QUEEN,2018-09-29,29,9,2018,19,7,4,9,,,0,,1,1,3,25,2,2,6,3,0,0,3,1,false,false,false,false,false,false,false,false,false,true,false,false,false,false,false,false,false,false,false,false,false,false,-82.96953,42.4453,"{
  ""coordinates"": [
    -8.296952796559199e+01,
    4.244530024468010e+01
  ],
  ""type"": ""Point""
}","{
  ""coordinates"": [
    -82.969527966,
    42.445300245
  ],
  ""type"": ""Point""
}",-82.969527966,42.4453002450001
1442,1490608,I-75,GRAND,2018-09-29,29,9,2018,0,7,5,1,,1,0,Asphalt,1,1,4,55,4,2,2,4,0,0,0,1,false,false,false,false,false,false,false,false,false,true,false,false,false,false,false,false,false,false,false,false,false,false,-83.05741,42.36743,"{
  ""coordinates"": [
    -8.305741363690569e+01,
    4.236743229349670e+01
  ],
  ""type"": ""Point""
}","{
  ""coordinates"": [
    -83.057413637,
    42.367432293
  ],
  ""type"": ""Point""
}",-83.057413637,42.367432293
1443,1488807,GRISWOLD,STATE,2018-09-29,29,9,2018,0,7,98,9,,4,3,Asphalt,98,98,98,25,2,2,1,5,0,0,0,0,true,false,false,false,true,false,false,false,false,false,false,false,false,false,false,false,false,false,false,false,false,false,-83.04903,42.33265,"{
  ""coordinates"": [
    -8.304903514945920e+01,
    4.233265304871690e+01
  ],
  ""type"": ""Point""
}","{
  ""coordinates"": [
    -83.049035149,
    42.332653049
  ],
  ""type"": ""Point""
}",-83.049035149,42.332653049
1444,1485572,CALVERT,DEXTER,2018-09-29,29,9,2018,14,7,1,9,,,0,,1,1,1,15,2,2,1,4,0,0,0,1,false,false,false,false,true,false,false,false,false,true,false,false,false,false,false,false,false,false,false,false,true,false,-83.12184,42.37626,"{
  ""coordinates"": [
    -8.312183934884899e+01,
    4.237625340755310e+01
  ],
  ""type"": ""Point""
}","{
  ""coordinates"": [
    -83.121839349,
    42.376253408
  ],
  ""type"": ""Point""
}",-83.121839349,42.376253408
1445,1488072,EVERGREEN,VOTROBECK,2018-09-29,29,9,2018,17,7,5,9,,4,0,Asphalt,1,1,1,35,2,2,4,4,0,0,0,3,false,false,false,false,false,false,false,false,false,false,false,false,false,false,false,false,false,false,false,false,false,false,-83.23895,42.43223,"{
  ""coordinates"": [
    -8.323895534183769e+01,
    4.243222738812580e+01
  ],
  ""type"": ""Point""
}","{
  ""coordinates"": [
    -83.238955342,
    42.432227388
  ],
  ""type"": ""Point""
}",-83.2389553419999,42.4322273880001
1446,1486826,TRACEY,PURITAN,2018-09-29,29,9,2018,3,7,9,9,,,2,,1,1,4,25,2,2,1,5,0,0,0,0,true,false,false,false,false,false,false,false,false,false,false,false,false,false,false,false,false,false,false,false,false,false,-83.18055,42.40961,"{
  ""coordinates"": [
    -8.318054614388760e+01,
    4.240960818274460e+01
  ],
  ""type"": ""Point""
}","{
  ""coordinates"": [
    -83.180546144,
    42.409608183
  ],
  ""type"": ""Point""
}",-83.1805461439999,42.409608183
1447,1486903,LAFAYETTE,ROBERT BRADBY,2018-09-29,29,9,2018,10,7,8,9,,4,0,Asphalt,1,1,1,30,4,2,2,5,0,0,0,0,true,false,false,false,true,false,false,false,false,false,false,false,false,false,false,false,false,false,false,false,false,false,-83.01814,42.34431,"{
  ""coordinates"": [
    -8.301814540290040e+01,
    4.234430795611960e+01
  ],
  ""type"": ""Point""
}","{
  ""coordinates"": [
    -83.018145403,
    42.344307956
  ],
  ""type"": ""Point""
}",-83.0181454029999,42.3443079560001
1448,1486877,CADIEUX,HARPER,2018-09-29,29,9,2018,13,7,5,9,,4,0,Asphalt,1,1,1,30,2,2,3,4,0,0,0,2,false,false,false,false,false,false,false,false,false,false,false,false,false,true,false,false,false,false,false,false,false,false,-82.93665,42.41646,"{
  ""coordinates"": [
    -8.293665375265610e+01,
    4.241646200175060e+01
  ],
  ""type"": ""Point""
}","{
  ""coordinates"": [
    -82.936653753,
    42.416462002
  ],
  ""type"": ""Point""
}",-82.936653753,42.4164620020001
1449,1485560,PEMBROKE,PATTON,2018-09-29,29,9,2018,18,7,4,9,,,0,,1,1,3,25,2,2,1,5,0,0,0,0,true,false,true,false,true,false,false,false,false,false,false,false,false,false,false,false,false,false,false,false,false,false,-83.24521,42.43663,"{
  ""coordinates"": [
    -8.324520579696940e+01,
    4.243663120778280e+01
  ],
  ""type"": ""Point""
}","{
  ""coordinates"": [
    -83.245205797,
    42.436631208
  ],
  ""type"": ""Point""
}",-83.245205797,42.4366312080001
1450,1486864,WOODWARD,GRATIOT,2018-09-29,29,9,2018,0,7,5,9,,4,0,Concrete,1,1,4,35,2,2,2,5,0,0,0,0,true,false,false,false,true,false,false,false,false,false,false,false,false,false,false,false,false,false,false,false,false,false,-83.04784,42.33292,"{
  ""coordinates"": [
    -8.304783307507169e+01,
    4.233292381575990e+01
  ],
  ""type"": ""Point""
}","{
  ""coordinates"": [
    -83.047833075,
    42.332923816
  ],
  ""type"": ""Point""
}",-83.047833075,42.3329238160001
1451,1486896,MOUNT ELLIOTT,W I 94,2018-09-29,29,9,2018,6,7,3,9,,4,0,Asphalt,1,1,98,35,3,2,2,5,0,0,0,0,true,false,false,false,true,false,false,false,false,false,false,false,false,false,true,false,false,false,false,false,false,false,-83.03387,42.37928,"{
  ""coordinates"": [
    -8.303387563610310e+01,
    4.237927934875740e+01
  ],
  ""type"": ""Point""
}","{
  ""coordinates"": [
    -83.033875636,
    42.379279349
  ],
  ""type"": ""Point""
}",-83.0338756359999,42.3792793490001
1452,1485573,OAKMAN,WYOMING,2018-09-29,29,9,2018,15,7,8,9,,4,0,Asphalt,1,1,1,35,4,2,2,5,0,0,0,0,true,false,false,false,true,false,false,false,false,false,false,false,false,false,false,false,false,false,false,false,false,false,-83.15816,42.36147,"{
  ""coordinates"": [
    -8.315816380074570e+01,
    4.236147071543340e+01
  ],
  ""type"": ""Point""
}","{
  ""coordinates"": [
    -83.158163801,
    42.361470715
  ],
  ""type"": ""Point""
}",-83.1581638009999,42.3614707150001
1453,1488808,LIVERNOIS,RAMP 212C,2018-09-29,29,9,2018,19,7,5,9,,4,0,Concrete,1,1,4,35,4,2,5,5,0,0,0,0,true,false,false,false,false,false,false,false,false,false,false,false,false,false,false,false,false,false,false,false,false,false,-83.12503,42.33757,"{
  ""coordinates"": [
    -8.312503219459980e+01,
    4.233756825442710e+01
  ],
  ""type"": ""Point""
}","{
  ""coordinates"": [
    -83.125032195,
    42.337568254
  ],
  ""type"": ""Point""
}",-83.125032195,42.3375682540001
1454,1485539,DANIELS,WARREN,2018-09-29,29,9,2018,14,7,8,9,,,0,,1,1,1,25,1,2,1,5,0,0,0,0,true,false,false,false,false,false,false,false,false,false,false,false,false,false,false,true,false,false,false,false,false,false,-83.13617,42.34496,"{
  ""coordinates"": [
    -8.313617060997400e+01,
    4.234496131997170e+01
  ],
  ""type"": ""Point""
}","{
  ""coordinates"": [
    -83.13617061,
    42.34496132
  ],
  ""type"": ""Point""
}",-83.13617061,42.34496132
1455,1489760,ALEXANDRINE,WOODWARD,2018-09-29,29,9,2018,1,7,5,3,,4,0,Concrete,1,1,4,25,1,2,2,5,0,0,0,0,true,false,false,false,false,false,false,false,false,false,false,false,false,false,false,false,false,false,false,false,false,false,-83.05998,42.35059,"{
  ""coordinates"": [
    -8.305998158543601e+01,
    4.235059231864180e+01
  ],
  ""type"": ""Point""
}","{
  ""coordinates"": [
    -83.059981585,
    42.350592319
  ],
  ""type"": ""Point""
}",-83.0599815849999,42.350592319
1456,1486856,GRAND,MCGRAW,2018-09-29,29,9,2018,21,7,5,9,,4,0,Asphalt,1,1,5,35,3,2,1,3,0,0,1,0,false,false,false,false,false,false,false,false,false,false,false,false,false,false,false,false,false,false,false,false,false,false,-83.1106,42.3483,"{
  ""coordinates"": [
    -8.311059301015480e+01,
    4.234829940714880e+01
  ],
  ""type"": ""Point""
}","{
  ""coordinates"": [
    -83.11059301,
    42.348299407
  ],
  ""type"": ""Point""
}",-83.1105930099999,42.3482994070001
1457,1486853,WOOODWARD,KENILWORTH,2018-09-29,29,9,2018,13,7,5,3,,1,0,Asphalt,1,1,1,30,4,2,2,5,0,0,0,0,true,false,false,false,true,false,false,false,false,false,false,false,false,false,false,false,false,false,false,false,false,false,-83.08266,42.38417,"{
  ""coordinates"": [
    -8.308265321251970e+01,
    4.238417600108040e+01
  ],
  ""type"": ""Point""
}","{
  ""coordinates"": [
    -83.082653213,
    42.384176001
  ],
  ""type"": ""Point""
}",-83.082653213,42.3841760010001
1458,1486911,WHITTIER,KELLY,2018-09-29,29,9,2018,1,7,1,9,,4,1,Asphalt,1,1,4,35,2,1,1,4,0,0,0,1,false,false,false,false,false,false,false,false,false,false,false,false,false,false,false,false,false,false,false,false,false,false,-82.96362,42.4208,"{
  ""coordinates"": [
    -8.296362533987811e+01,
    4.242079777118860e+01
  ],
  ""type"": ""Point""
}","{
  ""coordinates"": [
    -82.96362534,
    42.420797771
  ],
  ""type"": ""Point""
}",-82.96362534,42.420797771
1459,1486829,FENKELL,LAUDER,2018-09-29,29,9,2018,18,7,98,9,,2,0,Asphalt,1,1,3,35,4,2,0,5,0,0,0,0,true,false,false,false,false,false,false,false,false,false,false,false,false,false,false,false,false,false,false,false,false,false,-83.19138,42.40174,"{
  ""coordinates"": [
    -8.319138045953849e+01,
    4.240174316177650e+01
  ],
  ""type"": ""Point""
}","{
  ""coordinates"": [
    -83.19138046,
    42.401743162
  ],
  ""type"": ""Point""
}",-83.1913804599999,42.4017431620001
1460,1551006,MICHIGAN,MARTIN,2018-09-29,29,9,2018,1,7,5,2,,1,0,Asphalt,1,1,4,40,5,2,2,5,0,0,0,0,true,false,false,false,true,true,false,false,false,true,false,false,false,false,false,false,false,false,false,false,false,false,-83.12737,42.33115,"{
  ""coordinates"": [
    -8.312737280970190e+01,
    4.233114722005010e+01
  ],
  ""type"": ""Point""
}","{
  ""coordinates"": [
    -83.12737281,
    42.33114722
  ],
  ""type"": ""Point""
}",-83.1273728099999,42.33114722
1461,1487998,M 39,LYNDON,2018-09-29,29,9,2018,22,7,5,3,,1,0,Asphalt,2,2,4,55,3,2,1,5,0,0,0,0,true,false,false,false,true,false,false,false,false,false,false,false,false,false,false,false,false,false,false,false,false,false,-83.21806,42.39321,"{
  ""coordinates"": [
    -8.321806220707821e+01,
    4.239320828711830e+01
  ],
  ""type"": ""Point""
}","{
  ""coordinates"": [
    -83.218062207,
    42.393208287
  ],
  ""type"": ""Point""
}",-83.2180622069999,42.393208287
1462,1553813,LAFAYETTE,GRAND,2018-09-29,29,9,2018,17,7,4,9,,4,0,Asphalt,1,1,1,35,2,2,7,5,0,0,0,0,true,false,true,true,false,false,false,false,false,false,false,false,false,false,false,false,false,false,false,false,false,false,-83.08504,42.31688,"{
  ""coordinates"": [
    -8.308504743722359e+01,
    4.231687395240540e+01
  ],
  ""type"": ""Point""
}","{
  ""coordinates"": [
    -83.085047437,
    42.316873952
  ],
  ""type"": ""Point""
}",-83.085047437,42.316873952
1463,1488800,JEFFERSON,CHENE,2018-09-29,29,9,2018,11,7,5,9,,4,0,Asphalt,1,1,1,30,2,2,3,5,0,0,0,0,true,true,false,false,false,false,false,false,false,false,false,false,false,true,false,false,false,false,false,false,false,false,-83.02263,42.33825,"{
  ""coordinates"": [
    -8.302262565537541e+01,
    4.233825428170440e+01
  ],
  ""type"": ""Point""
}","{
  ""coordinates"": [
    -83.022625655,
    42.338254282
  ],
  ""type"": ""Point""
}",-83.022625655,42.338254282
1464,1486937,MCNICHOLS,2ND,2018-09-29,29,9,2018,15,7,97,9,,4,0,Asphalt,1,1,1,25,1,2,2,4,0,0,0,1,false,false,false,false,false,false,false,false,false,false,false,false,false,false,true,false,false,false,false,false,false,false,-83.10956,42.4177,"{
  ""coordinates"": [
    -8.310955911685301e+01,
    4.241769872828360e+01
  ],
  ""type"": ""Point""
}","{
  ""coordinates"": [
    -83.109559117,
    42.417698728
  ],
  ""type"": ""Point""
}",-83.1095591169999,42.4176987280001
1465,1568230,WOODWARD,SELDEN,2018-09-29,29,9,2018,22,7,8,3,,1,0,Asphalt,1,1,4,25,2,2,2,5,0,0,0,0,true,false,false,false,true,false,false,false,false,false,false,false,false,false,false,false,false,false,false,false,false,false,-83.05939,42.34965,"{
  ""coordinates"": [
    -8.305939809357770e+01,
    4.234964634662270e+01
  ],
  ""type"": ""Point""
}","{
  ""coordinates"": [
    -83.059398094,
    42.349646347
  ],
  ""type"": ""Point""
}",-83.059398094,42.349646347
1466,1486833,GRAND RIVER,E I 96 SERVICE DRIVE,2018-09-29,29,9,2018,13,7,5,3,,1,0,Asphalt,1,1,1,35,7,2,2,5,0,0,0,0,true,false,false,false,true,false,false,false,false,false,false,false,false,false,false,false,false,false,false,false,false,false,-83.17533,42.38338,"{
  ""coordinates"": [
    -8.317533038245070e+01,
    4.238338214138680e+01
  ],
  ""type"": ""Point""
}","{
  ""coordinates"": [
    -83.175330382,
    42.383382141
  ],
  ""type"": ""Point""
}",-83.175330382,42.383382141
1467,1488025,I 75,DRAGOON,2018-09-29,29,9,2018,13,7,1,1,,1,1,Concrete,1,1,1,55,3,1,1,4,0,0,0,1,false,false,false,false,false,false,false,false,true,false,false,false,false,false,false,false,false,false,false,false,false,false,-83.10211,42.30868,"{
  ""coordinates"": [
    -8.310211280416630e+01,
    4.230868135291330e+01
  ],
  ""type"": ""Point""
}","{
  ""coordinates"": [
    -83.102112804,
    42.308681353
  ],
  ""type"": ""Point""
}",-83.1021128039999,42.3086813530001
1468,1486841,BEAUBIEN,I 94 SERVICE,2018-09-29,29,9,2018,11,7,6,9,,4,0,Asphalt,1,1,1,25,4,2,2,5,0,0,0,0,true,false,false,false,false,false,false,false,false,false,false,false,false,false,false,false,false,false,false,false,false,false,-83.06299,42.36572,"{
  ""coordinates"": [
    -8.306299047818860e+01,
    4.236571505155530e+01
  ],
  ""type"": ""Point""
}","{
  ""coordinates"": [
    -83.062990478,
    42.365715052
  ],
  ""type"": ""Point""
}",-83.062990478,42.365715052
1469,1590484,LYNDON,COYLE,2018-09-29,29,9,2018,17,7,97,9,,4,0,Asphalt,1,1,1,35,2,3,5,3,0,0,1,0,false,false,true,false,false,false,false,true,false,false,false,false,false,true,true,false,false,false,false,false,false,false,-83.19348,42.39441,"{
  ""coordinates"": [
    -8.319347827267670e+01,
    4.239440532990120e+01
  ],
  ""type"": ""Point""
}","{
  ""coordinates"": [
    -83.193478273,
    42.39440533
  ],
  ""type"": ""Point""
}",-83.193478273,42.39440533
1470,1498483,FOREST,JOHN C LODGE SER,2018-09-29,29,9,2018,16,7,8,9,,4,0,Concrete,1,1,1,25,3,2,1,5,0,0,0,0,true,false,false,false,true,false,false,false,false,false,false,false,false,true,false,false,false,false,false,false,false,false,-83.07182,42.35172,"{
  ""coordinates"": [
    -8.307181822263640e+01,
    4.235171573709880e+01
  ],
  ""type"": ""Point""
}","{
  ""coordinates"": [
    -83.071818223,
    42.351715737
  ],
  ""type"": ""Point""
}",-83.071818223,42.3517157370001
1471,1617447,HUNINGTON,TROJAN,2018-09-29,29,9,2018,11,7,98,9,,,3,,1,1,1,25,2,2,0,5,0,0,0,0,true,true,false,false,true,false,false,false,false,false,false,false,false,false,false,false,false,false,false,false,false,false,-83.23444,42.44126,"{
  ""coordinates"": [
    -8.323443829701640e+01,
    4.244125916576170e+01
  ],
  ""type"": ""Point""
}","{
  ""coordinates"": [
    -83.234438297,
    42.441259166
  ],
  ""type"": ""Point""
}",-83.2344382969999,42.4412591660001