ObjectId,Crash ID,Primary Road,Intersecting Road,Crash Date,Day,Month,Year,Hour,Weekday,Crash Type Code,Highway Classification Code,Community Code,Jurisdiction Code,Lane Departure Type Code,Surface Type,Road Condition,Weather Condition,Lighting Condition,Speed Limit,Lanes,Units,Occupants,Most Severe Injury,Fatal Injuries,Suspected Serious Injuries,Suspected Minor Injuries,Possible Injuries,Property Damage Only,Secondary Crash,Traffic Control,Red Light Run,Hit and Run,Alcohol,Drugs,Unbelted Person,Work Zone,Speeding Driver,Distracted Driver,Driveway,Pedestrian,Elderly Driver,Young Driver,Commercial Vehicle,Emergency Vehicles,Train,School Bus,Motorcycle,Bicycle,Deer,Longitude,Latitude,geom,geog,x,y
1527,1485576,VAN DYKE,YOLANDA,2018-09-28,28,9,2018,17,6,5,3,,1,0,Asphalt,1,2,1,35,2,2,1,5,0,0,0,0,true,false,false,false,true,false,false,false,false,false,false,false,false,false,false,false,false,false,false,false,false,false,-83.02439,42.43806,"{
  ""coordinates"": [
    -8.302439085619130e+01,
    4.243806323352810e+01
  ],
  ""type"": ""Point""
}","{
  ""coordinates"": [
    -83.024390856,
    42.438063234
  ],
  ""type"": ""Point""
}",-83.024390856,42.438063234
1528,1486879,NOTTINGHAM,WARREN,2018-09-28,28,9,2018,19,6,5,9,,,0,,1,4,1,25,3,2,0,5,0,0,0,0,true,false,false,false,true,false,false,false,false,false,false,false,false,false,false,false,false,false,false,false,false,false,-82.94878,42.39902,"{
  ""coordinates"": [
    -8.294878610903740e+01,
    4.239901710578310e+01
  ],
  ""type"": ""Point""
}","{
  ""coordinates"": [
    -82.948786109,
    42.399017106
  ],
  ""type"": ""Point""
}",-82.948786109,42.399017106
1529,1485586,EIGHT MILE,HOOVER,2018-09-28,28,9,2018,15,6,5,3,,1,0,Asphalt,1,2,1,40,4,2,2,5,0,0,0,0,true,false,false,false,true,false,false,false,false,false,false,false,false,false,false,false,false,false,false,false,false,false,-83.00719,42.44873,"{
  ""coordinates"": [
    -8.300719287478680e+01,
    4.244873005617610e+01
  ],
  ""type"": ""Point""
}","{
  ""coordinates"": [
    -83.007192875,
    42.448730056
  ],
  ""type"": ""Point""
}",-83.007192875,42.448730056
1530,1486881,TIREMAN,PARKLAND,2018-09-28,28,9,2018,21,6,4,9,,5,0,Asphalt,98,98,98,25,2,2,3,4,0,0,0,3,false,false,false,false,true,false,false,false,false,false,false,false,false,false,false,false,false,false,false,false,false,false,-83.25626,42.3494,"{
  ""coordinates"": [
    -8.325625431918540e+01,
    4.234939883200050e+01
  ],
  ""type"": ""Point""
}","{
  ""coordinates"": [
    -83.256254319,
    42.349398832
  ],
  ""type"": ""Point""
}",-83.2562543189999,42.3493988320001
1531,1486931,7 MILE,HARLOW,2018-09-28,28,9,2018,13,6,5,9,,2,0,Asphalt,1,1,1,35,4,2,2,5,0,0,0,0,true,false,false,false,false,false,false,false,false,false,false,false,false,true,false,false,false,false,false,false,false,false,-83.216,42.43011,"{
  ""coordinates"": [
    -8.321600514863650e+01,
    4.243010712524380e+01
  ],
  ""type"": ""Point""
}","{
  ""coordinates"": [
    -83.216005149,
    42.430107125
  ],
  ""type"": ""Point""
}",-83.216005149,42.4301071250001
1532,1498603,GRATIOT,CHENE,2018-09-28,28,9,2018,17,6,1,3,,1,0,Asphalt,1,1,1,35,3,2,1,3,0,0,1,0,false,false,false,false,true,false,false,false,false,false,false,false,false,false,false,false,false,false,false,false,true,false,-83.0318,42.35286,"{
  ""coordinates"": [
    -8.303180049380640e+01,
    4.235285807667120e+01
  ],
  ""type"": ""Point""
}","{
  ""coordinates"": [
    -83.031800494,
    42.352858077
  ],
  ""type"": ""Point""
}",-83.031800494,42.3528580770001
1533,1487992,I 94,BEAUBIEN,2018-09-28,28,9,2018,12,6,5,1,,1,0,Asphalt,1,1,1,55,3,2,2,5,0,0,0,0,true,false,false,false,false,false,false,false,false,false,false,false,false,false,false,false,false,false,false,false,false,false,-83.06301,42.36635,"{
  ""coordinates"": [
    -8.306301303820240e+01,
    4.236634915538340e+01
  ],
  ""type"": ""Point""
}","{
  ""coordinates"": [
    -83.063013038,
    42.366349155
  ],
  ""type"": ""Point""
}",-83.063013038,42.3663491550001
1534,1486873,CADILLAC,CHARLEVOIX,2018-09-28,28,9,2018,0,6,5,9,,4,0,Asphalt,1,1,5,25,2,2,1,5,0,0,0,0,true,false,false,false,false,false,false,false,false,true,true,false,false,false,false,false,false,false,false,false,false,false,-82.9873,42.36868,"{
  ""coordinates"": [
    -8.298729886486370e+01,
    4.236868472366800e+01
  ],
  ""type"": ""Point""
}","{
  ""coordinates"": [
    -82.987298865,
    42.368684724
  ],
  ""type"": ""Point""
}",-82.987298865,42.368684724
1535,1485506,I-94,WARREN,2018-09-28,28,9,2018,16,6,97,1,,1,0,Asphalt,1,1,1,55,3,1,1,5,0,0,0,0,true,false,false,false,false,false,false,false,false,false,false,false,false,false,false,true,false,false,false,false,false,false,-83.11346,42.34469,"{
  ""coordinates"": [
    -8.311345339984450e+01,
    4.234469344021670e+01
  ],
  ""type"": ""Point""
}","{
  ""coordinates"": [
    -83.1134534,
    42.34469344
  ],
  ""type"": ""Point""
}",-83.1134534,42.3446934400001
1536,1488830,PURITAN,ARCHDALE,2018-09-28,28,9,2018,18,6,9,9,,4,0,Asphalt,2,4,1,30,2,2,1,5,0,0,0,0,true,false,false,false,true,false,false,false,false,false,false,false,false,false,false,false,false,false,false,false,false,false,-83.21673,42.40837,"{
  ""coordinates"": [
    -8.321672770858420e+01,
    4.240837321460890e+01
  ],
  ""type"": ""Point""
}","{
  ""coordinates"": [
    -83.216727709,
    42.408373215
  ],
  ""type"": ""Point""
}",-83.2167277089999,42.408373215
1537,1538764,GRAND RIVER,WOODBINE,2018-09-28,28,9,2018,14,6,8,3,,1,0,Asphalt,1,2,1,35,4,2,2,5,0,0,0,0,true,false,false,false,false,false,false,false,false,false,false,false,false,false,false,true,false,false,true,false,false,false,-83.27968,42.42548,"{
  ""coordinates"": [
    -8.327967492651860e+01,
    4.242548398271490e+01
  ],
  ""type"": ""Point""
}","{
  ""coordinates"": [
    -83.279674927,
    42.425483983
  ],
  ""type"": ""Point""
}",-83.279674927,42.425483983
1538,1489708,S M 10,M 10 SERVICE DRIVE,2018-09-28,28,9,2018,7,6,5,3,,1,0,Concrete,1,1,1,55,3,2,2,5,0,0,0,0,true,false,false,false,false,false,false,false,false,false,false,false,false,false,true,false,false,false,false,false,false,false,-83.18046,42.42506,"{
  ""coordinates"": [
    -8.318045522346230e+01,
    4.242506278594570e+01
  ],
  ""type"": ""Point""
}","{
  ""coordinates"": [
    -83.180455223,
    42.425062786
  ],
  ""type"": ""Point""
}",-83.180455223,42.4250627860001
1539,1486884,MANSFIELD,PLYMOUTH,2018-09-28,28,9,2018,13,6,10,9,,,0,,1,1,1,25,1,2,4,5,0,0,0,0,true,false,false,false,false,false,false,false,false,false,false,false,false,false,false,true,false,false,false,false,false,false,-83.20359,42.37331,"{
  ""coordinates"": [
    -8.320359401287629e+01,
    4.237330820307870e+01
  ],
  ""type"": ""Point""
}","{
  ""coordinates"": [
    -83.203594013,
    42.373308203
  ],
  ""type"": ""Point""
}",-83.203594013,42.3733082030001
1540,1485548,MCNICHOLS,SUNDERLAND,2018-09-28,28,9,2018,16,6,4,9,,2,0,Asphalt,1,2,1,35,4,2,5,4,0,0,0,3,false,false,false,false,false,false,false,false,false,false,false,false,false,false,false,false,false,false,false,false,false,false,-83.22794,42.41537,"{
  ""coordinates"": [
    -8.322793621047620e+01,
    4.241537160310250e+01
  ],
  ""type"": ""Point""
}","{
  ""coordinates"": [
    -83.22793621,
    42.415371603
  ],
  ""type"": ""Point""
}",-83.2279362099999,42.415371603
1541,1485555,MCNICHOLS,WORMER,2018-09-28,28,9,2018,22,6,8,9,,2,0,Asphalt,2,4,4,35,4,2,2,5,0,0,0,0,true,false,false,false,false,false,false,false,false,false,false,false,false,false,false,false,false,false,false,false,false,false,-83.27974,42.41446,"{
  ""coordinates"": [
    -8.327973670025160e+01,
    4.241446483024670e+01
  ],
  ""type"": ""Point""
}","{
  ""coordinates"": [
    -83.2797367,
    42.41446483
  ],
  ""type"": ""Point""
}",-83.2797366999999,42.41446483
1542,1488000,E/B I 94,ADDISON,2018-09-28,28,9,2018,15,6,5,1,,1,0,Asphalt,1,2,1,55,3,2,2,4,0,0,0,1,false,false,false,false,false,false,false,false,false,false,false,false,false,false,false,false,false,false,false,false,false,false,-83.15091,42.33006,"{
  ""coordinates"": [
    -8.315091069171800e+01,
    4.233005670968390e+01
  ],
  ""type"": ""Point""
}","{
  ""coordinates"": [
    -83.150910692,
    42.33005671
  ],
  ""type"": ""Point""
}",-83.150910692,42.3300567100001
1543,1486880,WARREN,YORKSHIRE,2018-09-28,28,9,2018,23,6,9,9,,4,0,Asphalt,98,98,98,35,3,2,1,5,0,0,0,0,true,false,false,false,true,false,false,false,false,false,false,false,false,false,false,false,false,false,false,false,false,false,-82.93414,42.4045,"{
  ""coordinates"": [
    -8.293413773230860e+01,
    4.240449467710600e+01
  ],
  ""type"": ""Point""
}","{
  ""coordinates"": [
    -82.934137732,
    42.404494677
  ],
  ""type"": ""Point""
}",-82.934137732,42.4044946770001
1544,1486904,LONGACRE,MONNIER,2018-09-28,28,9,2018,13,6,8,9,,,0,,1,1,1,25,2,2,2,5,0,0,0,0,true,false,false,false,true,false,false,false,false,false,false,false,false,false,false,false,false,false,false,false,false,false,-83.215,42.39563,"{
  ""coordinates"": [
    -8.321499428460740e+01,
    4.239562443143460e+01
  ],
  ""type"": ""Point""
}","{
  ""coordinates"": [
    -83.214994285,
    42.395624431
  ],
  ""type"": ""Point""
}",-83.214994285,42.395624431
1545,1491940,LAKEWOOD,JEFFERSON,2018-09-28,28,9,2018,2,6,97,9,,,0,,1,1,4,25,2,2,0,3,0,0,1,0,false,false,false,false,true,true,false,false,false,false,false,false,true,false,false,false,false,false,false,false,false,false,-82.94528,42.37257,"{
  ""coordinates"": [
    -8.294528405189000e+01,
    4.237256675043260e+01
  ],
  ""type"": ""Point""
}","{
  ""coordinates"": [
    -82.945284052,
    42.37256675
  ],
  ""type"": ""Point""
}",-82.945284052,42.37256675
1546,1485513,W I 94,GRAND,2018-09-28,28,9,2018,19,6,5,1,,1,0,Asphalt,2,4,1,55,3,2,1,5,0,0,0,0,true,false,false,false,true,false,false,false,false,false,false,false,false,false,false,false,false,false,false,false,false,false,-83.10909,42.34711,"{
  ""coordinates"": [
    -8.310908283312200e+01,
    4.234711087455200e+01
  ],
  ""type"": ""Point""
}","{
  ""coordinates"": [
    -83.109082833,
    42.347110875
  ],
  ""type"": ""Point""
}",-83.1090828329999,42.3471108750001
1547,1485565,GRANDRIVER,OUTER,2018-09-28,28,9,2018,11,6,8,3,,1,0,Asphalt,1,1,1,35,3,2,1,5,0,0,0,0,true,true,false,false,false,false,false,false,false,false,false,false,false,true,false,false,false,false,false,false,false,false,-83.2577,42.41651,"{
  ""coordinates"": [
    -8.325770045945271e+01,
    4.241651203679140e+01
  ],
  ""type"": ""Point""
}","{
  ""coordinates"": [
    -83.257700459,
    42.416512037
  ],
  ""type"": ""Point""
}",-83.257700459,42.4165120370001
1548,1488817,PLYMOUTH,STOUT,2018-09-28,28,9,2018,19,6,4,9,,4,0,Asphalt,2,1,4,35,4,2,1,5,0,0,0,0,true,false,false,false,true,false,false,false,false,false,false,false,false,false,false,false,false,false,false,false,false,false,-83.23996,42.37187,"{
  ""coordinates"": [
    -8.323995951371811e+01,
    4.237186978211910e+01
  ],
  ""type"": ""Point""
}","{
  ""coordinates"": [
    -83.239959514,
    42.371869782
  ],
  ""type"": ""Point""
}",-83.239959514,42.371869782
1549,1485511,I-75,M-8,2018-09-28,28,9,2018,18,6,5,1,,1,0,Asphalt,2,4,1,70,4,2,1,5,0,0,0,0,true,false,false,false,true,false,false,false,false,false,false,false,false,false,true,false,false,false,false,false,false,false,-83.07595,42.40625,"{
  ""coordinates"": [
    -8.307595321559320e+01,
    4.240625411616060e+01
  ],
  ""type"": ""Point""
}","{
  ""coordinates"": [
    -83.075953216,
    42.406254116
  ],
  ""type"": ""Point""
}",-83.075953216,42.4062541160001
1550,1485551,PURITAN,FIELDING,2018-09-28,28,9,2018,14,6,4,9,,,0,,1,1,1,25,2,2,1,3,0,0,1,0,false,false,true,false,true,false,false,false,false,false,false,false,false,false,false,false,false,false,false,false,false,false,-83.24295,42.40778,"{
  ""coordinates"": [
    -8.324294664230651e+01,
    4.240778083429290e+01
  ],
  ""type"": ""Point""
}","{
  ""coordinates"": [
    -83.242946642,
    42.407780834
  ],
  ""type"": ""Point""
}",-83.2429466419999,42.4077808340001
1551,1485570,DAVISON,LINWOOD,2018-09-28,28,9,2018,12,6,8,3,,1,0,Asphalt,1,1,1,35,6,2,2,4,0,0,0,1,false,false,false,false,false,false,false,false,false,false,false,false,false,false,false,false,false,false,false,false,false,false,-83.1207,42.39351,"{
  ""coordinates"": [
    -8.312070766659210e+01,
    4.239350951445560e+01
  ],
  ""type"": ""Point""
}","{
  ""coordinates"": [
    -83.120707667,
    42.393509514
  ],
  ""type"": ""Point""
}",-83.120707667,42.3935095140001
1552,1491857,W/B I 94,I 75,2018-09-28,28,9,2018,17,6,5,1,,1,0,Concrete,1,2,1,55,3,2,2,5,0,0,0,0,true,false,false,false,true,false,false,false,false,false,false,false,false,false,false,false,false,false,false,false,false,false,-83.05508,42.37063,"{
  ""coordinates"": [
    -8.305507689142070e+01,
    4.237062763142660e+01
  ],
  ""type"": ""Point""
}","{
  ""coordinates"": [
    -83.055076891,
    42.370627631
  ],
  ""type"": ""Point""
}",-83.0550768909999,42.370627631
1553,1489743,8 MILE,ANGLIN,2018-09-28,28,9,2018,2,6,8,3,,1,0,Asphalt,1,1,1,45,4,2,2,5,0,0,0,0,true,false,false,false,false,false,false,false,false,true,false,false,false,false,false,false,false,false,false,false,false,false,-83.07504,42.44712,"{
  ""coordinates"": [
    -8.307503235804660e+01,
    4.244712313353960e+01
  ],
  ""type"": ""Point""
}","{
  ""coordinates"": [
    -83.075032358,
    42.447123134
  ],
  ""type"": ""Point""
}",-83.075032358,42.447123134
1554,1485595,CURTIS,WYOMING,2018-09-28,28,9,2018,19,6,97,9,,4,0,Asphalt,2,4,5,35,2,3,3,5,0,0,0,0,true,false,false,false,true,false,false,false,false,false,false,false,false,true,false,false,false,false,false,false,false,false,-83.16072,42.42418,"{
  ""coordinates"": [
    -8.316071940700439e+01,
    4.242417628152630e+01
  ],
  ""type"": ""Point""
}","{
  ""coordinates"": [
    -83.160719407,
    42.424176282
  ],
  ""type"": ""Point""
}",-83.160719407,42.4241762820001
1555,1485553,GREENFIELD,PEMBROKE,2018-09-28,28,9,2018,23,6,4,9,,2,0,Asphalt,2,2,4,35,5,2,3,3,0,0,2,0,false,false,false,false,false,false,false,false,false,false,false,false,false,false,false,false,false,false,false,false,false,false,-83.20018,42.43763,"{
  ""coordinates"": [
    -8.320017768046419e+01,
    4.243762419937010e+01
  ],
  ""type"": ""Point""
}","{
  ""coordinates"": [
    -83.20017768,
    42.437624199
  ],
  ""type"": ""Point""
}",-83.20017768,42.437624199
1556,1485588,HEALY,LANTZ,2018-09-28,28,9,2018,17,6,8,9,,,0,,2,2,3,25,1,2,2,4,0,0,0,1,false,false,false,false,true,false,false,false,false,false,false,false,false,true,false,false,false,false,false,false,false,false,-83.05605,42.43801,"{
  ""coordinates"": [
    -8.305604805766001e+01,
    4.243800967547950e+01
  ],
  ""type"": ""Point""
}","{
  ""coordinates"": [
    -83.056048058,
    42.438009675
  ],
  ""type"": ""Point""
}",-83.056048058,42.438009675
1557,1485577,VAN DYKE,KNODELL,2018-09-28,28,9,2018,7,6,4,3,,1,0,Asphalt,1,1,1,35,3,2,2,5,0,0,0,0,true,false,false,false,false,false,false,false,false,false,false,false,false,false,false,false,true,false,false,false,false,false,-83.0229,42.3983,"{
  ""coordinates"": [
    -8.302289770715400e+01,
    4.239829850377700e+01
  ],
  ""type"": ""Point""
}","{
  ""coordinates"": [
    -83.022897707,
    42.398298504
  ],
  ""type"": ""Point""
}",-83.022897707,42.398298504
1558,1488085,7 MILE,LAMONT,2018-09-28,28,9,2018,23,6,8,9,,4,0,Asphalt,2,1,4,30,1,2,1,5,0,0,0,0,true,false,false,false,true,false,false,false,false,false,false,false,false,false,false,false,false,false,false,false,false,false,-83.05454,42.43332,"{
  ""coordinates"": [
    -8.305454104042870e+01,
    4.243331700663700e+01
  ],
  ""type"": ""Point""
}","{
  ""coordinates"": [
    -83.05454104,
    42.433317007
  ],
  ""type"": ""Point""
}",-83.0545410399999,42.433317007
1559,1498527,N M 39,8 MILE,2018-09-28,28,9,2018,21,6,1,3,,1,0,Concrete,1,1,4,30,5,2,0,3,0,0,1,0,false,false,false,false,true,false,false,false,false,false,false,false,true,false,false,false,false,false,false,false,false,false,-83.21963,42.4441,"{
  ""coordinates"": [
    -8.321962912804049e+01,
    4.244409857032430e+01
  ],
  ""type"": ""Point""
}","{
  ""coordinates"": [
    -83.219629128,
    42.44409857
  ],
  ""type"": ""Point""
}",-83.219629128,42.4440985700001
1560,1489709,M10,SCHAEFER,2018-09-28,28,9,2018,7,6,5,3,,1,0,Concrete,1,1,1,55,3,2,2,5,0,0,0,0,true,false,false,false,false,false,false,false,false,false,false,false,false,false,false,false,false,false,false,false,false,false,-83.18275,42.42702,"{
  ""coordinates"": [
    -8.318274812583270e+01,
    4.242702332161330e+01
  ],
  ""type"": ""Point""
}","{
  ""coordinates"": [
    -83.182748126,
    42.427023322
  ],
  ""type"": ""Point""
}",-83.182748126,42.427023322
1561,1485532,LIVERNOIS,I 94/LIVERNOIS RAMP,2018-09-28,28,9,2018,14,6,9,1,,4,2,Concrete,1,1,1,35,4,2,2,5,0,0,0,0,true,false,false,false,false,false,false,false,false,false,false,false,false,false,false,true,false,false,false,false,false,false,-83.12466,42.33704,"{
  ""coordinates"": [
    -8.312465295056769e+01,
    4.233704500601640e+01
  ],
  ""type"": ""Point""
}","{
  ""coordinates"": [
    -83.124652951,
    42.337045006
  ],
  ""type"": ""Point""
}",-83.124652951,42.337045006
1562,1484233,DAVISON,LINWOOD,2018-09-27,27,9,2018,14,5,4,3,,1,0,Asphalt,1,1,1,35,4,2,2,4,0,0,0,1,false,false,true,true,false,false,false,false,false,false,false,false,false,true,false,false,false,false,false,false,false,false,-83.12203,42.39302,"{
  ""coordinates"": [
    -8.312203043577431e+01,
    4.239301860447830e+01
  ],
  ""type"": ""Point""
}","{
  ""coordinates"": [
    -83.122030436,
    42.393018604
  ],
  ""type"": ""Point""
}",-83.122030436,42.3930186040001
1563,1485542,WARREN,GREENVIEW,2018-09-27,27,9,2018,21,5,4,9,,2,0,Asphalt,1,1,4,35,5,2,1,5,0,0,0,0,true,false,false,false,true,false,false,false,false,false,false,false,false,false,false,false,false,false,false,false,false,false,-83.22203,42.34332,"{
  ""coordinates"": [
    -8.322203220612560e+01,
    4.234331697158470e+01
  ],
  ""type"": ""Point""
}","{
  ""coordinates"": [
    -83.222032206,
    42.343316972
  ],
  ""type"": ""Point""
}",-83.2220322059999,42.343316972
1564,1484202,JOY,LIVERNOIS,2018-09-27,27,9,2018,0,5,6,9,,4,0,Asphalt,1,1,1,35,4,2,2,5,0,0,0,0,true,false,false,false,false,false,false,false,false,false,false,true,false,false,false,false,false,false,false,false,false,false,-83.13835,42.35968,"{
  ""coordinates"": [
    -8.313835404373690e+01,
    4.235967535072270e+01
  ],
  ""type"": ""Point""
}","{
  ""coordinates"": [
    -83.138354044,
    42.359675351
  ],
  ""type"": ""Point""
}",-83.138354044,42.3596753510001
1565,1486901,JOHN R,FARNSWORTH,2018-09-27,27,9,2018,7,5,5,9,,4,0,Asphalt,1,1,1,25,3,2,2,5,0,0,0,0,true,false,false,false,false,false,false,false,false,false,false,false,false,true,false,false,false,false,false,false,false,false,-83.06321,42.35931,"{
  ""coordinates"": [
    -8.306321318178880e+01,
    4.235930842086100e+01
  ],
  ""type"": ""Point""
}","{
  ""coordinates"": [
    -83.063213182,
    42.359308421
  ],
  ""type"": ""Point""
}",-83.063213182,42.359308421
1566,1485554,BURT,HESSEL,2018-09-27,27,9,2018,15,5,4,9,,4,0,Asphalt,1,2,1,35,2,2,2,4,0,0,0,1,false,false,true,false,true,false,false,false,false,false,false,false,false,false,false,false,false,false,false,false,false,false,-83.24908,42.44184,"{
  ""coordinates"": [
    -8.324907684626240e+01,
    4.244184675017400e+01
  ],
  ""type"": ""Point""
}","{
  ""coordinates"": [
    -83.249076846,
    42.44184675
  ],
  ""type"": ""Point""
}",-83.249076846,42.44184675
1567,1484209,OUTER,N OUTER/N I 75,2018-09-27,27,9,2018,13,5,4,1,,2,0,Asphalt,1,2,1,30,3,2,3,5,0,0,0,0,true,false,false,false,false,false,false,false,false,false,false,false,false,false,false,false,false,false,false,false,false,false,-83.16939,42.26468,"{
  ""coordinates"": [
    -8.316938533061470e+01,
    4.226467960155730e+01
  ],
  ""type"": ""Point""
}","{
  ""coordinates"": [
    -83.169385331,
    42.264679602
  ],
  ""type"": ""Point""
}",-83.1693853309999,42.2646796020001
1568,1484214,NEWPORT,AVERHILL,2018-09-27,27,9,2018,15,5,10,9,,,0,,1,2,1,25,2,2,4,5,0,0,0,0,true,false,false,false,false,false,false,false,false,false,false,false,false,false,true,false,false,false,false,false,false,false,-82.94219,42.36486,"{
  ""coordinates"": [
    -8.294218927098071e+01,
    4.236486053160620e+01
  ],
  ""type"": ""Point""
}","{
  ""coordinates"": [
    -82.942189271,
    42.364860532
  ],
  ""type"": ""Point""
}",-82.942189271,42.3648605320001
1569,1488819,TIREMAN,ASBURY,2018-09-27,27,9,2018,8,5,97,9,,4,0,Concrete,1,2,1,30,6,4,2,5,0,0,0,0,true,false,false,false,false,false,false,false,false,false,false,false,false,false,true,false,false,false,false,false,false,false,-83.20616,42.35075,"{
  ""coordinates"": [
    -8.320616501350430e+01,
    4.235075203921600e+01
  ],
  ""type"": ""Point""
}","{
  ""coordinates"": [
    -83.206165014,
    42.350752039
  ],
  ""type"": ""Point""
}",-83.206165014,42.350752039
1570,1485519,JEFFERSON,GRISWOLD,2018-09-27,27,9,2018,22,5,1,3,,1,0,Asphalt,1,1,4,30,4,1,1,5,0,0,0,0,true,false,false,false,false,false,false,false,false,false,true,false,false,false,false,false,false,false,false,false,false,false,-83.04535,42.32817,"{
  ""coordinates"": [
    -8.304534855607520e+01,
    4.232817271665570e+01
  ],
  ""type"": ""Point""
}","{
  ""coordinates"": [
    -83.045348556,
    42.328172717
  ],
  ""type"": ""Point""
}",-83.045348556,42.328172717
1571,1483231,HOOVER,LAPPIN,2018-09-27,27,9,2018,3,5,1,3,,1,1,Asphalt,1,1,4,30,2,1,98,5,0,0,0,0,true,false,false,false,true,false,false,false,false,false,false,false,false,false,false,false,false,false,false,false,false,false,-83.00475,42.43629,"{
  ""coordinates"": [
    -8.300475649685340e+01,
    4.243629236931250e+01
  ],
  ""type"": ""Point""
}","{
  ""coordinates"": [
    -83.004756497,
    42.436292369
  ],
  ""type"": ""Point""
}",-83.004756497,42.4362923690001
1572,1485580,OUTER,MOUND,2018-09-27,27,9,2018,14,5,4,9,,2,0,Asphalt,1,1,1,40,3,2,2,5,0,0,0,0,true,false,false,false,false,false,false,false,false,false,false,false,false,false,false,false,false,false,false,false,false,false,-83.04374,42.44093,"{
  ""coordinates"": [
    -8.304373929377020e+01,
    4.244092428020660e+01
  ],
  ""type"": ""Point""
}","{
  ""coordinates"": [
    -83.043739294,
    42.44092428
  ],
  ""type"": ""Point""
}",-83.043739294,42.44092428
1573,1490507,I 96 WB,SCHEAFER,2018-09-27,27,9,2018,22,5,8,1,,1,0,Concrete,98,98,4,,3,2,1,5,0,0,0,0,true,false,false,false,true,false,false,false,false,false,false,false,false,false,true,false,false,false,false,false,false,false,-83.17853,42.38329,"{
  ""coordinates"": [
    -8.317852857020470e+01,
    4.238328424388590e+01
  ],
  ""type"": ""Point""
}","{
  ""coordinates"": [
    -83.17852857,
    42.383284244
  ],
  ""type"": ""Point""
}",-83.17852857,42.383284244
1574,1486915,KELLY,SEYMOUR,2018-09-27,27,9,2018,11,5,5,9,,4,0,Asphalt,1,2,1,25,2,2,2,3,0,0,1,0,false,false,false,false,false,false,false,false,false,false,true,false,false,false,false,false,false,false,false,false,false,false,-82.95863,42.42723,"{
  ""coordinates"": [
    -8.295863598488920e+01,
    4.242723212811920e+01
  ],
  ""type"": ""Point""
}","{
  ""coordinates"": [
    -82.958635985,
    42.427232128
  ],
  ""type"": ""Point""
}",-82.9586359849999,42.4272321280001
1575,1488005,W I 94,TRUMBULL,2018-09-27,27,9,2018,18,5,5,1,,1,0,Asphalt,1,1,1,55,3,2,2,5,0,0,0,0,true,false,false,false,false,false,false,false,false,false,false,false,false,false,false,false,false,false,false,false,false,false,-83.08084,42.35643,"{
  ""coordinates"": [
    -8.308084149056511e+01,
    4.235642715575390e+01
  ],
  ""type"": ""Point""
}","{
  ""coordinates"": [
    -83.080841491,
    42.356427156
  ],
  ""type"": ""Point""
}",-83.0808414909999,42.3564271560001
1576,1485541,E I 96,OUTER,2018-09-27,27,9,2018,5,5,98,1,,1,0,Concrete,98,98,98,55,4,2,2,5,0,0,0,0,true,false,false,false,true,false,false,false,false,false,false,false,false,true,false,false,false,false,false,false,false,false,-83.25623,42.38544,"{
  ""coordinates"": [
    -8.325623629210770e+01,
    4.238543739111660e+01
  ],
  ""type"": ""Point""
}","{
  ""coordinates"": [
    -83.256236292,
    42.385437391
  ],
  ""type"": ""Point""
}",-83.256236292,42.385437391
1577,1484225,ROSEMONT,SCHOOLCRAFT,2018-09-27,27,9,2018,5,5,5,9,,,0,,1,1,4,25,1,2,1,5,0,0,0,0,true,false,false,false,false,false,false,false,false,true,false,true,false,false,false,false,false,false,false,false,false,false,-83.21986,42.38691,"{
  ""coordinates"": [
    -8.321985384373301e+01,
    4.238690926148010e+01
  ],
  ""type"": ""Point""
}","{
  ""coordinates"": [
    -83.219853844,
    42.386909261
  ],
  ""type"": ""Point""
}",-83.2198538439999,42.386909261
1578,1484208,30TH,HERBERT,2018-09-27,27,9,2018,11,5,9,9,,,2,,1,2,1,25,3,2,4,5,0,0,0,0,true,false,false,false,false,false,false,false,false,false,false,false,false,false,false,true,true,false,false,false,false,false,-83.11317,42.34032,"{
  ""coordinates"": [
    -8.311317746827019e+01,
    4.234031724905730e+01
  ],
  ""type"": ""Point""
}","{
  ""coordinates"": [
    -83.113177468,
    42.340317249
  ],
  ""type"": ""Point""
}",-83.1131774679999,42.3403172490001
1579,1489669,I94,LONYO,2018-09-27,27,9,2018,11,5,5,1,,1,0,Asphalt,1,1,1,55,3,3,3,5,0,0,0,0,true,false,false,false,false,false,false,false,false,false,false,false,false,false,false,false,false,false,false,false,false,false,-83.13902,42.33236,"{
  ""coordinates"": [
    -8.313902357449820e+01,
    4.233235680621660e+01
  ],
  ""type"": ""Point""
}","{
  ""coordinates"": [
    -83.139023574,
    42.332356806
  ],
  ""type"": ""Point""
}",-83.139023574,42.3323568060001
1580,1485550,BERG,CAMBRIDGE,2018-09-27,27,9,2018,14,5,3,9,,4,0,Concrete,1,1,1,,2,2,1,5,0,0,0,0,true,false,false,false,false,false,false,false,false,false,false,false,false,false,false,true,false,false,false,false,false,false,-83.26792,42.43066,"{
  ""coordinates"": [
    -8.326792486051789e+01,
    4.243066296888320e+01
  ],
  ""type"": ""Point""
}","{
  ""coordinates"": [
    -83.267924861,
    42.430662969
  ],
  ""type"": ""Point""
}",-83.267924861,42.430662969