ObjectId,Crash ID,Primary Road,Intersecting Road,Crash Date,Day,Month,Year,Hour,Weekday,Crash Type Code,Highway Classification Code,Community Code,Jurisdiction Code,Lane Departure Type Code,Surface Type,Road Condition,Weather Condition,Lighting Condition,Speed Limit,Lanes,Units,Occupants,Most Severe Injury,Fatal Injuries,Suspected Serious Injuries,Suspected Minor Injuries,Possible Injuries,Property Damage Only,Secondary Crash,Traffic Control,Red Light Run,Hit and Run,Alcohol,Drugs,Unbelted Person,Work Zone,Speeding Driver,Distracted Driver,Driveway,Pedestrian,Elderly Driver,Young Driver,Commercial Vehicle,Emergency Vehicles,Train,School Bus,Motorcycle,Bicycle,Deer,Longitude,Latitude,geom,geog,x,y
1581,1484182,S/B M 10,GRAND,2018-09-27,27,9,2018,8,5,8,3,,1,0,Concrete,1,1,1,55,3,2,2,3,0,0,1,0,false,false,false,false,false,false,false,false,false,false,false,false,false,false,false,true,false,false,false,false,false,false,-83.08092,42.36568,"{
  ""coordinates"": [
    -8.308092339950920e+01,
    4.236568234098970e+01
  ],
  ""type"": ""Point""
}","{
  ""coordinates"": [
    -83.0809234,
    42.365682341
  ],
  ""type"": ""Point""
}",-83.0809234,42.3656823410001
1582,1484228,FARGO,BURT,2018-09-27,27,9,2018,15,5,4,9,,,0,,1,2,1,35,2,2,4,5,0,0,0,0,true,false,true,false,false,false,false,false,false,false,false,false,false,false,false,false,false,false,false,false,false,false,-83.2489,42.43825,"{
  ""coordinates"": [
    -8.324890329787890e+01,
    4.243824603600600e+01
  ],
  ""type"": ""Point""
}","{
  ""coordinates"": [
    -83.248903298,
    42.438246036
  ],
  ""type"": ""Point""
}",-83.248903298,42.4382460360001
1583,1486892,BURNS,JEFFERSON,2018-09-27,27,9,2018,10,5,98,9,,,3,,1,2,1,15,1,2,1,5,0,0,0,0,true,false,false,false,true,false,false,false,false,false,true,false,false,true,false,false,false,false,false,false,false,false,-82.98997,42.35463,"{
  ""coordinates"": [
    -8.298996877251891e+01,
    4.235463507427190e+01
  ],
  ""type"": ""Point""
}","{
  ""coordinates"": [
    -82.989968773,
    42.354635074
  ],
  ""type"": ""Point""
}",-82.989968773,42.354635074
1584,1484230,GRAND RIVER,SUSSEX,2018-09-27,27,9,2018,17,5,5,3,,1,0,Asphalt,1,1,1,,3,2,1,5,0,0,0,0,true,false,false,false,true,false,false,false,false,false,false,false,false,false,false,false,false,false,false,false,false,false,-83.19524,42.3914,"{
  ""coordinates"": [
    -8.319524116275080e+01,
    4.239139704007430e+01
  ],
  ""type"": ""Point""
}","{
  ""coordinates"": [
    -83.195241163,
    42.39139704
  ],
  ""type"": ""Point""
}",-83.1952411629999,42.3913970400001
1585,1503960,DAVISON,SHERWOOD,2018-09-27,27,9,2018,13,5,8,9,,4,0,Asphalt,1,1,1,35,2,2,2,5,0,0,0,0,true,false,false,false,false,false,false,false,false,false,false,false,false,false,false,false,false,false,false,false,false,false,-83.03348,42.4234,"{
  ""coordinates"": [
    -8.303348057042911e+01,
    4.242339617808320e+01
  ],
  ""type"": ""Point""
}","{
  ""coordinates"": [
    -83.03348057,
    42.423396178
  ],
  ""type"": ""Point""
}",-83.0334805699999,42.4233961780001
1586,1487991,S M 39,7 MILE,2018-09-27,27,9,2018,9,5,5,3,,1,0,Concrete,1,1,1,55,3,3,3,5,0,0,0,0,true,false,false,false,false,false,false,false,false,false,false,false,false,true,false,false,false,false,false,false,false,false,-83.21942,42.43015,"{
  ""coordinates"": [
    -8.321942105772889e+01,
    4.243014339048400e+01
  ],
  ""type"": ""Point""
}","{
  ""coordinates"": [
    -83.219421058,
    42.43014339
  ],
  ""type"": ""Point""
}",-83.219421058,42.4301433900001
1587,1485581,OUTER,BLOOM,2018-09-27,27,9,2018,15,5,4,9,,2,0,Asphalt,1,1,1,35,2,2,11,4,0,0,0,8,false,false,false,false,false,false,false,false,false,false,false,true,false,true,false,false,false,false,false,false,false,false,-83.04919,42.44081,"{
  ""coordinates"": [
    -8.304919607589351e+01,
    4.244081220244890e+01
  ],
  ""type"": ""Point""
}","{
  ""coordinates"": [
    -83.049196076,
    42.440812202
  ],
  ""type"": ""Point""
}",-83.049196076,42.4408122020001
1588,1485579,DOBEL,VAN DYKE,2018-09-27,27,9,2018,4,5,1,3,,,0,,1,1,4,35,4,1,0,5,0,0,0,0,true,false,false,false,false,false,false,false,false,false,false,false,false,false,false,false,false,false,false,false,false,false,-83.02369,42.41634,"{
  ""coordinates"": [
    -8.302368630528279e+01,
    4.241633955129960e+01
  ],
  ""type"": ""Point""
}","{
  ""coordinates"": [
    -83.023686305,
    42.416339551
  ],
  ""type"": ""Point""
}",-83.023686305,42.4163395510001
1589,1484211,WASHINGTON,GRAND RIVER,2018-09-27,27,9,2018,13,5,8,9,,4,0,,1,2,1,30,4,2,1,5,0,0,0,0,true,false,false,false,false,false,false,false,false,false,false,false,false,false,false,false,false,false,false,false,false,false,-83.05119,42.33371,"{
  ""coordinates"": [
    -8.305119108429309e+01,
    4.233370556258940e+01
  ],
  ""type"": ""Point""
}","{
  ""coordinates"": [
    -83.051191084,
    42.333705563
  ],
  ""type"": ""Point""
}",-83.051191084,42.3337055630001
1590,1484234,TIREMAN,BOXWOOD,2018-09-27,27,9,2018,11,5,2,9,,4,2,Asphalt,1,1,1,30,2,2,3,4,0,0,0,1,false,false,false,false,false,false,false,false,false,false,false,false,false,true,false,false,false,false,false,false,false,false,-83.11778,42.35366,"{
  ""coordinates"": [
    -8.311778247124100e+01,
    4.235366028182310e+01
  ],
  ""type"": ""Point""
}","{
  ""coordinates"": [
    -83.117782471,
    42.353660282
  ],
  ""type"": ""Point""
}",-83.1177824709999,42.3536602820001
1591,1484235,7 MILE,STOTTER,2018-09-27,27,9,2018,13,5,4,9,,4,0,Asphalt,1,1,1,35,2,2,3,5,0,0,0,0,true,false,false,false,false,false,false,false,false,false,false,false,false,false,false,false,false,false,false,false,false,false,-83.02483,42.43396,"{
  ""coordinates"": [
    -8.302482871102970e+01,
    4.243395815585190e+01
  ],
  ""type"": ""Point""
}","{
  ""coordinates"": [
    -83.024828711,
    42.433958156
  ],
  ""type"": ""Point""
}",-83.0248287109999,42.4339581560001
1592,1486927,DAVISON,SHERWOOD,2018-09-27,27,9,2018,13,5,8,9,,4,0,Asphalt,1,1,1,,2,2,2,5,0,0,0,0,true,false,false,false,true,false,false,false,false,false,true,false,false,false,false,false,false,false,false,false,false,false,-83.03371,42.42339,"{
  ""coordinates"": [
    -8.303371517909270e+01,
    4.242339081690990e+01
  ],
  ""type"": ""Point""
}","{
  ""coordinates"": [
    -83.033715179,
    42.423390817
  ],
  ""type"": ""Point""
}",-83.033715179,42.423390817
1593,1485569,NORTHFIELD,UNDERWOOD,2018-09-27,27,9,2018,23,5,4,9,,,0,,1,1,4,25,2,2,1,5,0,0,0,0,true,false,true,false,true,false,false,false,false,false,false,false,false,false,false,false,false,false,false,false,false,false,-83.13515,42.36275,"{
  ""coordinates"": [
    -8.313515520676710e+01,
    4.236274931239520e+01
  ],
  ""type"": ""Point""
}","{
  ""coordinates"": [
    -83.135155207,
    42.362749312
  ],
  ""type"": ""Point""
}",-83.135155207,42.3627493120001
1594,1492952,I-94,LINWOOD,2018-09-27,27,9,2018,17,5,5,1,,1,0,Asphalt,1,2,1,55,3,3,3,5,0,0,0,0,true,false,false,false,false,false,false,false,false,false,true,false,false,false,false,false,false,false,false,false,false,false,-83.09363,42.35197,"{
  ""coordinates"": [
    -8.309363046326240e+01,
    4.235196733179710e+01
  ],
  ""type"": ""Point""
}","{
  ""coordinates"": [
    -83.093630463,
    42.351967332
  ],
  ""type"": ""Point""
}",-83.093630463,42.3519673320001
1595,1484229,GRAND RIVER,LAHSER,2018-09-27,27,9,2018,9,5,8,3,,1,0,Asphalt,1,1,1,35,3,2,2,5,0,0,0,0,true,false,false,false,false,false,false,false,false,false,false,false,false,false,false,false,false,false,false,false,false,false,-83.25741,42.4164,"{
  ""coordinates"": [
    -8.325740757615770e+01,
    4.241639544712840e+01
  ],
  ""type"": ""Point""
}","{
  ""coordinates"": [
    -83.257407576,
    42.416395447
  ],
  ""type"": ""Point""
}",-83.2574075759999,42.4163954470001
1596,1494929,WARREN,CASS,2018-09-27,27,9,2018,8,5,10,9,,4,0,Asphalt,1,1,1,30,4,2,2,5,0,0,0,0,true,false,false,false,false,false,false,false,false,false,false,false,false,false,false,false,false,false,false,false,false,false,-83.06779,42.35553,"{
  ""coordinates"": [
    -8.306779551063370e+01,
    4.235552902803800e+01
  ],
  ""type"": ""Point""
}","{
  ""coordinates"": [
    -83.067795511,
    42.355529028
  ],
  ""type"": ""Point""
}",-83.067795511,42.355529028
1597,1484156,I94,CHALMERS,2018-09-27,27,9,2018,15,5,5,1,,1,0,Asphalt,1,2,1,55,3,2,2,5,0,0,0,0,true,false,false,false,false,false,false,false,false,false,true,false,false,false,false,false,false,false,false,false,false,false,-82.96345,42.40408,"{
  ""coordinates"": [
    -8.296344646682230e+01,
    4.240408272522140e+01
  ],
  ""type"": ""Point""
}","{
  ""coordinates"": [
    -82.963446467,
    42.404082725
  ],
  ""type"": ""Point""
}",-82.963446467,42.4040827250001
1598,1493920,WARREN,TRUMBULL,2018-09-27,27,9,2018,12,5,5,9,,4,0,Asphalt,1,1,1,30,4,2,2,4,0,0,0,1,false,false,false,false,false,false,false,false,false,false,false,false,false,false,false,false,false,false,false,false,false,false,-83.07907,42.35198,"{
  ""coordinates"": [
    -8.307907101544060e+01,
    4.235197679526570e+01
  ],
  ""type"": ""Point""
}","{
  ""coordinates"": [
    -83.079071015,
    42.351976795
  ],
  ""type"": ""Point""
}",-83.079071015,42.351976795
1599,1497116,HOLCOMB,WARREN,2018-09-27,27,9,2018,4,5,2,9,,,2,,1,1,4,,2,2,0,5,0,0,0,0,true,false,false,false,true,false,false,false,false,false,false,false,false,false,false,false,false,false,false,false,false,false,-83.00245,42.38008,"{
  ""coordinates"": [
    -8.300245038431640e+01,
    4.238008101872740e+01
  ],
  ""type"": ""Point""
}","{
  ""coordinates"": [
    -83.002450384,
    42.380081019
  ],
  ""type"": ""Point""
}",-83.002450384,42.380081019
1600,1485566,MOROSS,BALFOUR,2018-09-27,27,9,2018,7,5,97,9,,2,0,Asphalt,1,2,1,35,2,3,2,2,0,1,0,0,false,false,true,false,true,false,false,false,false,false,false,false,true,false,false,false,false,false,false,false,false,false,-82.93862,42.42844,"{
  ""coordinates"": [
    -8.293861990659460e+01,
    4.242843623581600e+01
  ],
  ""type"": ""Point""
}","{
  ""coordinates"": [
    -82.938619907,
    42.428436236
  ],
  ""type"": ""Point""
}",-82.938619907,42.428436236
1601,1486875,CHALMERS,MACK,2018-09-27,27,9,2018,22,5,8,9,,4,0,Asphalt,1,1,4,30,2,2,4,5,0,0,0,0,true,false,false,false,false,false,false,false,false,false,false,false,false,false,false,false,true,false,false,false,false,false,-82.95303,42.38659,"{
  ""coordinates"": [
    -8.295302993705900e+01,
    4.238659201303250e+01
  ],
  ""type"": ""Point""
}","{
  ""coordinates"": [
    -82.953029937,
    42.386592013
  ],
  ""type"": ""Point""
}",-82.9530299369999,42.386592013
1602,1486845,GRAND,N M 10,2018-09-27,27,9,2018,16,5,4,9,,4,0,Concrete,1,2,1,35,3,2,2,5,0,0,0,0,true,false,false,false,false,false,false,false,false,false,false,false,false,false,false,false,false,false,false,false,false,false,-83.0818,42.3672,"{
  ""coordinates"": [
    -8.308180154627800e+01,
    4.236719671535220e+01
  ],
  ""type"": ""Point""
}","{
  ""coordinates"": [
    -83.081801546,
    42.367196715
  ],
  ""type"": ""Point""
}",-83.081801546,42.367196715
1603,1490708,HAYES,HOUSTON WHITTIER,2018-09-27,27,9,2018,9,5,5,9,,4,0,Asphalt,1,1,1,35,4,2,3,5,0,0,0,0,true,false,false,false,false,false,false,false,false,false,false,false,false,false,false,false,false,false,false,false,false,false,-82.96503,42.42078,"{
  ""coordinates"": [
    -8.296503582348620e+01,
    4.242077514055280e+01
  ],
  ""type"": ""Point""
}","{
  ""coordinates"": [
    -82.965035823,
    42.420775141
  ],
  ""type"": ""Point""
}",-82.9650358229999,42.420775141
1604,1497143,7 MILE,CLIFF,2018-09-27,27,9,2018,9,5,8,9,,4,0,Asphalt,1,1,1,30,2,2,2,5,0,0,0,0,true,false,false,false,true,false,false,false,false,false,false,false,false,false,false,false,false,false,false,false,false,false,-83.02863,42.43388,"{
  ""coordinates"": [
    -8.302863133054601e+01,
    4.243387925857710e+01
  ],
  ""type"": ""Point""
}","{
  ""coordinates"": [
    -83.028631331,
    42.433879259
  ],
  ""type"": ""Point""
}",-83.028631331,42.433879259
1605,1485528,LARNED,RANDOLPH,2018-09-27,27,9,2018,15,5,4,3,,4,0,Asphalt,1,1,1,30,6,2,2,5,0,0,0,0,true,false,false,false,false,false,false,false,false,false,false,false,false,false,true,false,false,false,false,false,false,false,-83.0425,42.3306,"{
  ""coordinates"": [
    -8.304249852386650e+01,
    4.233060181861250e+01
  ],
  ""type"": ""Point""
}","{
  ""coordinates"": [
    -83.042498524,
    42.330601819
  ],
  ""type"": ""Point""
}",-83.0424985239999,42.330601819
1606,1488004,N/B I-75,WARREN,2018-09-27,27,9,2018,17,5,5,1,,1,0,Asphalt,1,1,1,55,5,2,2,3,0,0,1,1,false,false,false,false,false,false,false,false,false,false,false,false,false,false,false,false,false,false,false,false,false,false,-83.05391,42.36034,"{
  ""coordinates"": [
    -8.305390821258590e+01,
    4.236033936331820e+01
  ],
  ""type"": ""Point""
}","{
  ""coordinates"": [
    -83.053908213,
    42.360339363
  ],
  ""type"": ""Point""
}",-83.0539082129999,42.360339363
1607,1486863,WOODWARD,BALTIMORE,2018-09-27,27,9,2018,17,5,5,3,,1,0,Asphalt,1,2,1,30,2,2,5,5,0,0,0,0,true,false,false,false,false,false,false,false,false,false,false,false,false,false,false,false,false,false,false,false,false,false,-83.07211,42.36843,"{
  ""coordinates"": [
    -8.307211069433860e+01,
    4.236843074151860e+01
  ],
  ""type"": ""Point""
}","{
  ""coordinates"": [
    -83.072110694,
    42.368430742
  ],
  ""type"": ""Point""
}",-83.0721106939999,42.368430742
1608,1485536,ADDISON,MCGRAW,2018-09-27,27,9,2018,17,5,4,9,,,0,,1,2,1,30,8,2,2,5,0,0,0,0,true,false,false,false,true,false,false,false,false,false,false,false,false,false,true,false,false,false,false,false,false,false,-83.15173,42.33112,"{
  ""coordinates"": [
    -8.315172924431000e+01,
    4.233112356407600e+01
  ],
  ""type"": ""Point""
}","{
  ""coordinates"": [
    -83.151729244,
    42.331123564
  ],
  ""type"": ""Point""
}",-83.151729244,42.3311235640001
1609,1484220,FORD,S M 39 SERVICE DRIVE,2018-09-27,27,9,2018,15,5,8,3,,1,0,Asphalt,1,2,1,,2,2,4,5,0,0,0,0,true,false,false,false,false,false,false,false,false,false,false,false,false,false,false,false,false,false,false,false,false,false,-83.21598,42.32909,"{
  ""coordinates"": [
    -8.321597873801041e+01,
    4.232909427405520e+01
  ],
  ""type"": ""Point""
}","{
  ""coordinates"": [
    -83.215978738,
    42.329094274
  ],
  ""type"": ""Point""
}",-83.215978738,42.3290942740001
1610,1485529,JOHN R,WOODWARD,2018-09-27,27,9,2018,22,5,98,9,,4,0,Asphalt,1,1,4,25,3,2,1,5,0,0,0,0,true,false,false,false,true,false,false,false,false,false,false,false,false,false,false,false,false,false,false,false,false,false,-83.04941,42.33496,"{
  ""coordinates"": [
    -8.304940705565710e+01,
    4.233495593216110e+01
  ],
  ""type"": ""Point""
}","{
  ""coordinates"": [
    -83.049407056,
    42.334955932
  ],
  ""type"": ""Point""
}",-83.0494070559999,42.3349559320001
1611,1484186,MT ELLIOTT RAMP 217 F,I-94,2018-09-27,27,9,2018,16,5,8,9,,4,0,Asphalt,1,2,1,55,1,2,1,5,0,0,0,0,true,false,false,false,true,false,false,false,false,false,false,false,false,false,false,false,false,false,false,false,false,false,-83.03349,42.379,"{
  ""coordinates"": [
    -8.303349386488330e+01,
    4.237900197293390e+01
  ],
  ""type"": ""Point""
}","{
  ""coordinates"": [
    -83.033493865,
    42.379001973
  ],
  ""type"": ""Point""
}",-83.033493865,42.3790019730001
1612,1489711,W/B I 94,GRAND RIVER,2018-09-27,27,9,2018,11,5,5,1,,1,0,Asphalt,1,2,1,55,3,2,2,5,0,0,0,0,true,false,false,false,false,false,false,false,false,false,false,false,false,false,false,false,false,false,false,false,false,false,-83.09393,42.35187,"{
  ""coordinates"": [
    -8.309393594421610e+01,
    4.235187058475560e+01
  ],
  ""type"": ""Point""
}","{
  ""coordinates"": [
    -83.093935944,
    42.351870585
  ],
  ""type"": ""Point""
}",-83.093935944,42.351870585
1613,1485598,SCHAEFER,OUTER,2018-09-27,27,9,2018,13,5,4,9,,4,0,Asphalt,1,2,1,30,2,2,4,4,0,0,0,1,false,false,true,true,false,false,false,false,false,false,false,false,false,false,false,false,false,false,false,false,false,false,-83.17998,42.4202,"{
  ""coordinates"": [
    -8.317997670164679e+01,
    4.242020114586450e+01
  ],
  ""type"": ""Point""
}","{
  ""coordinates"": [
    -83.179976702,
    42.420201146
  ],
  ""type"": ""Point""
}",-83.179976702,42.4202011460001
1614,1484207,SCOTTEN,TORREY,2018-09-27,27,9,2018,16,5,9,9,,4,2,Asphalt,1,1,1,30,2,3,1,5,0,0,0,0,true,false,false,false,true,false,false,false,false,false,false,false,false,false,false,false,false,false,false,false,false,false,-83.10331,42.33405,"{
  ""coordinates"": [
    -8.310330949091380e+01,
    4.233404400020950e+01
  ],
  ""type"": ""Point""
}","{
  ""coordinates"": [
    -83.103309491,
    42.334044
  ],
  ""type"": ""Point""
}",-83.1033094909999,42.3340440000001
1615,1484236,MCNICHOLS,PREST,2018-09-27,27,9,2018,7,5,5,9,,2,0,Asphalt,1,1,1,35,2,3,5,4,0,0,0,2,false,false,false,false,false,false,false,false,false,false,false,false,false,false,false,false,false,false,false,false,false,false,-83.19794,42.41603,"{
  ""coordinates"": [
    -8.319794199218281e+01,
    4.241603386402790e+01
  ],
  ""type"": ""Point""
}","{
  ""coordinates"": [
    -83.197941992,
    42.416033864
  ],
  ""type"": ""Point""
}",-83.197941992,42.416033864
1616,1484232,HARPER,LUCKY,2018-09-27,27,9,2018,8,5,8,1,,4,0,Concrete,1,1,1,25,3,2,2,5,0,0,0,0,true,false,false,false,false,false,false,false,false,false,false,false,false,true,false,false,false,false,false,false,false,false,-83.03894,42.3777,"{
  ""coordinates"": [
    -8.303893695422521e+01,
    4.237770225410450e+01
  ],
  ""type"": ""Point""
}","{
  ""coordinates"": [
    -83.038936954,
    42.377702254
  ],
  ""type"": ""Point""
}",-83.038936954,42.377702254
1617,1483226,JEFFERSON,JOS CAMPAU,2018-09-26,26,9,2018,14,4,4,9,,4,0,Asphalt,1,1,1,35,3,2,2,3,0,0,1,0,false,false,false,false,false,false,false,false,false,false,false,false,false,false,false,false,false,false,false,false,false,false,-83.01974,42.33949,"{
  ""coordinates"": [
    -8.301974650657880e+01,
    4.233948994366070e+01
  ],
  ""type"": ""Point""
}","{
  ""coordinates"": [
    -83.019746507,
    42.339489944
  ],
  ""type"": ""Point""
}",-83.019746507,42.339489944
1618,1484165,I 75,MILWAUKEE,2018-09-26,26,9,2018,16,4,8,1,,1,0,Asphalt,3,1,1,55,3,2,3,5,0,0,0,0,true,false,false,false,false,false,false,false,false,false,false,false,false,false,false,false,false,false,false,false,false,false,-83.05972,42.37295,"{
  ""coordinates"": [
    -8.305972173961371e+01,
    4.237294697400500e+01
  ],
  ""type"": ""Point""
}","{
  ""coordinates"": [
    -83.05972174,
    42.372946974
  ],
  ""type"": ""Point""
}",-83.05972174,42.3729469740001
1619,1483187,I-94,I-75,2018-09-26,26,9,2018,9,4,8,1,,1,0,Concrete,1,1,1,55,3,2,2,5,0,0,0,0,true,false,false,false,false,false,false,false,false,false,false,false,false,false,true,false,false,false,false,false,false,false,-83.05026,42.37305,"{
  ""coordinates"": [
    -8.305026493975900e+01,
    4.237305453191440e+01
  ],
  ""type"": ""Point""
}","{
  ""coordinates"": [
    -83.05026494,
    42.373054532
  ],
  ""type"": ""Point""
}",-83.05026494,42.373054532
1620,1484187,E I 96,RAMP 213D,2018-09-26,26,9,2018,17,4,5,1,,1,0,Concrete,1,1,1,55,2,2,2,5,0,0,0,0,true,false,false,false,false,false,false,false,false,false,false,false,false,false,false,false,false,false,false,false,false,false,-83.09643,42.34565,"{
  ""coordinates"": [
    -8.309643046409521e+01,
    4.234564454055110e+01
  ],
  ""type"": ""Point""
}","{
  ""coordinates"": [
    -83.096430464,
    42.345644541
  ],
  ""type"": ""Point""
}",-83.096430464,42.3456445410001
1621,1484217,CHICAGO,S M 39,2018-09-26,26,9,2018,19,4,5,9,,4,0,Asphalt,1,1,1,35,2,2,2,3,0,0,1,0,false,false,false,false,false,false,false,false,false,false,false,false,false,false,false,false,false,false,false,false,false,false,-83.21653,42.36526,"{
  ""coordinates"": [
    -8.321652943027500e+01,
    4.236525961792730e+01
  ],
  ""type"": ""Point""
}","{
  ""coordinates"": [
    -83.21652943,
    42.365259618
  ],
  ""type"": ""Point""
}",-83.21652943,42.365259618
1622,1483214,S I 75,DRAGOON,2018-09-26,26,9,2018,16,4,8,1,,1,0,Concrete,1,1,1,30,3,2,2,5,0,0,0,0,true,false,false,false,true,false,false,false,false,false,false,false,false,false,false,false,false,false,false,false,false,false,-83.10293,42.30853,"{
  ""coordinates"": [
    -8.310293094973350e+01,
    4.230852329752290e+01
  ],
  ""type"": ""Point""
}","{
  ""coordinates"": [
    -83.10293095,
    42.308523298
  ],
  ""type"": ""Point""
}",-83.10293095,42.3085232980001
1623,1483213,FORT,MILLER,2018-09-26,26,9,2018,11,4,8,3,,1,0,Asphalt,1,1,1,30,4,2,2,5,0,0,0,0,true,false,false,false,false,false,false,false,false,false,false,false,false,false,false,true,false,false,false,false,false,false,-83.14014,42.29221,"{
  ""coordinates"": [
    -8.314014019949370e+01,
    4.229221469653550e+01
  ],
  ""type"": ""Point""
}","{
  ""coordinates"": [
    -83.140140199,
    42.292214697
  ],
  ""type"": ""Point""
}",-83.140140199,42.2922146970001
1624,1486857,WOODWARD,N I 75,2018-09-26,26,9,2018,15,4,4,3,,1,0,Concrete,1,1,1,25,2,2,2,5,0,0,0,0,true,false,false,false,false,false,false,false,false,false,false,false,false,false,true,false,false,false,false,false,false,false,-83.05279,42.3398,"{
  ""coordinates"": [
    -8.305278701126930e+01,
    4.233980057450130e+01
  ],
  ""type"": ""Point""
}","{
  ""coordinates"": [
    -83.052787011,
    42.339800575
  ],
  ""type"": ""Point""
}",-83.052787011,42.339800575
1625,1483249,8 MILE,BLOOM,2018-09-26,26,9,2018,12,4,5,3,,1,0,Asphalt,1,1,1,40,5,2,1,5,0,0,0,0,true,false,false,false,true,false,false,false,true,false,false,false,false,false,false,false,false,false,false,false,false,false,-83.04945,42.44762,"{
  ""coordinates"": [
    -8.304944779570221e+01,
    4.244761814012340e+01
  ],
  ""type"": ""Point""
}","{
  ""coordinates"": [
    -83.049447796,
    42.44761814
  ],
  ""type"": ""Point""
}",-83.049447796,42.44761814
1626,1484178,I 75,7 MILE,2018-09-26,26,9,2018,16,4,5,1,,1,0,Asphalt,1,1,1,70,4,2,2,5,0,0,0,0,true,false,false,false,false,false,false,false,false,false,false,false,false,false,false,false,false,false,false,false,false,false,-83.09429,42.4296,"{
  ""coordinates"": [
    -8.309429282415920e+01,
    4.242959659709290e+01
  ],
  ""type"": ""Point""
}","{
  ""coordinates"": [
    -83.094292824,
    42.429596597
  ],
  ""type"": ""Point""
}",-83.094292824,42.4295965970001
1627,1483209,S I 75 SERVICE DRIVE,DRAGOON,2018-09-26,26,9,2018,11,4,8,9,,4,0,Asphalt,1,1,1,25,3,2,2,5,0,0,0,0,true,false,false,false,false,false,false,false,false,false,false,false,false,false,false,true,false,false,false,false,false,false,-83.10337,42.30882,"{
  ""coordinates"": [
    -8.310336831858829e+01,
    4.230881558858880e+01
  ],
  ""type"": ""Point""
}","{
  ""coordinates"": [
    -83.103368319,
    42.308815589
  ],
  ""type"": ""Point""
}",-83.103368319,42.3088155890001
1628,1483245,8 MILE,SYRACUSE,2018-09-26,26,9,2018,18,4,97,3,,1,0,Asphalt,1,1,3,40,4,3,3,5,0,0,0,0,true,false,false,false,false,false,false,false,false,false,false,false,false,false,false,false,false,false,false,false,false,false,-83.04647,42.44769,"{
  ""coordinates"": [
    -8.304647222953390e+01,
    4.244769124340510e+01
  ],
  ""type"": ""Point""
}","{
  ""coordinates"": [
    -83.04647223,
    42.447691243
  ],
  ""type"": ""Point""
}",-83.0464722299999,42.4476912430001
1629,1486938,TRACEY,PEMBROKE,2018-09-26,26,9,2018,22,4,8,9,,,0,,1,1,4,25,2,2,0,5,0,0,0,0,true,false,false,false,true,false,false,false,false,false,false,false,false,false,false,false,false,false,false,false,false,false,-83.18195,42.43773,"{
  ""coordinates"": [
    -8.318195670346969e+01,
    4.243773363787610e+01
  ],
  ""type"": ""Point""
}","{
  ""coordinates"": [
    -83.181956703,
    42.437733638
  ],
  ""type"": ""Point""
}",-83.181956703,42.4377336380001
1630,1483201,WYOMING,GRANDRIVER,2018-09-26,26,9,2018,10,4,4,3,,4,0,Asphalt,1,2,1,35,2,2,3,5,0,0,0,0,true,false,false,false,false,false,false,false,false,false,false,false,false,true,true,false,false,false,false,false,false,false,-83.15868,42.37655,"{
  ""coordinates"": [
    -8.315868284649071e+01,
    4.237655165836610e+01
  ],
  ""type"": ""Point""
}","{
  ""coordinates"": [
    -83.158682846,
    42.376551658
  ],
  ""type"": ""Point""
}",-83.158682846,42.376551658
1631,1483229,GRAND RIVER,METTETAL,2018-09-26,26,9,2018,7,4,97,3,,1,0,Asphalt,1,1,1,35,7,2,5,4,0,0,0,4,false,false,false,false,false,false,false,false,false,false,false,false,false,true,false,false,false,false,false,false,false,false,-83.20762,42.39639,"{
  ""coordinates"": [
    -8.320761567926451e+01,
    4.239639068015260e+01
  ],
  ""type"": ""Point""
}","{
  ""coordinates"": [
    -83.207615679,
    42.39639068
  ],
  ""type"": ""Point""
}",-83.207615679,42.39639068
1632,1484179,S M 10,RAMP 215G,2018-09-26,26,9,2018,10,4,5,3,,1,0,Concrete,1,1,1,55,3,2,2,4,0,0,0,1,false,false,false,false,false,false,false,false,false,false,false,false,false,true,true,false,false,false,false,false,false,false,-83.07864,42.36237,"{
  ""coordinates"": [
    -8.307863734731809e+01,
    4.236236983633560e+01
  ],
  ""type"": ""Point""
}","{
  ""coordinates"": [
    -83.078637347,
    42.362369836
  ],
  ""type"": ""Point""
}",-83.078637347,42.362369836
1633,1485589,MCNICHOLS,LIVERNOIS,2018-09-26,26,9,2018,23,4,4,9,,4,0,Asphalt,1,1,4,30,3,2,2,5,0,0,0,0,true,false,true,true,false,false,false,false,false,false,false,false,false,false,false,false,false,false,false,false,false,false,-83.14075,42.41715,"{
  ""coordinates"": [
    -8.314074599678830e+01,
    4.241714878750750e+01
  ],
  ""type"": ""Point""
}","{
  ""coordinates"": [
    -83.140745997,
    42.417148788
  ],
  ""type"": ""Point""
}",-83.140745997,42.4171487880001
1634,1482173,DOVER,MINOCK,2018-09-26,26,9,2018,1,4,5,9,,,0,,2,4,5,25,2,2,1,5,0,0,0,0,true,false,false,false,false,false,false,false,false,false,true,true,false,false,false,false,false,false,false,false,false,false,-83.23284,42.35938,"{
  ""coordinates"": [
    -8.323284386710010e+01,
    4.235937780077250e+01
  ],
  ""type"": ""Point""
}","{
  ""coordinates"": [
    -83.232843867,
    42.359377801
  ],
  ""type"": ""Point""
}",-83.232843867,42.3593778010001
1635,1484206,FORT,WATERMAN,2018-09-26,26,9,2018,11,4,8,3,,1,0,Asphalt,1,1,1,35,2,2,1,5,0,0,0,0,true,false,false,false,false,false,false,false,false,false,false,false,false,true,false,false,false,false,false,false,false,false,-83.10903,42.30428,"{
  ""coordinates"": [
    -8.310903235809120e+01,
    4.230427640200140e+01
  ],
  ""type"": ""Point""
}","{
  ""coordinates"": [
    -83.109032358,
    42.304276402
  ],
  ""type"": ""Point""
}",-83.109032358,42.304276402