ObjectId,Crash ID,Primary Road,Intersecting Road,Crash Date,Day,Month,Year,Hour,Weekday,Crash Type Code,Highway Classification Code,Community Code,Jurisdiction Code,Lane Departure Type Code,Surface Type,Road Condition,Weather Condition,Lighting Condition,Speed Limit,Lanes,Units,Occupants,Most Severe Injury,Fatal Injuries,Suspected Serious Injuries,Suspected Minor Injuries,Possible Injuries,Property Damage Only,Secondary Crash,Traffic Control,Red Light Run,Hit and Run,Alcohol,Drugs,Unbelted Person,Work Zone,Speeding Driver,Distracted Driver,Driveway,Pedestrian,Elderly Driver,Young Driver,Commercial Vehicle,Emergency Vehicles,Train,School Bus,Motorcycle,Bicycle,Deer,Longitude,Latitude,geom,geog,x,y
1636,1483167,RAMP 216I,W I 94,2018-09-26,26,9,2018,12,4,5,1,,1,0,Concrete,1,1,1,30,2,2,1,5,0,0,0,0,true,false,false,false,true,false,false,false,false,false,false,false,false,false,false,false,false,false,false,false,false,false,-83.06171,42.367,"{
  ""coordinates"": [
    -8.306170773740980e+01,
    4.236699979576990e+01
  ],
  ""type"": ""Point""
}","{
  ""coordinates"": [
    -83.061707737,
    42.366999796
  ],
  ""type"": ""Point""
}",-83.0617077369999,42.3669997960001
1637,1483216,MCGRAW,ADDISON,2018-09-26,26,9,2018,7,4,5,9,,4,0,Asphalt,1,1,1,35,2,2,2,5,0,0,0,0,true,false,false,false,false,false,false,false,false,false,false,false,false,false,false,false,false,false,false,false,false,false,-83.15171,42.33109,"{
  ""coordinates"": [
    -8.315170731443810e+01,
    4.233109348221710e+01
  ],
  ""type"": ""Point""
}","{
  ""coordinates"": [
    -83.151707314,
    42.331093482
  ],
  ""type"": ""Point""
}",-83.151707314,42.331093482
1638,1484185,I-94,BRUSH,2018-09-26,26,9,2018,18,4,5,1,,1,0,Asphalt,1,1,1,55,3,2,2,5,0,0,0,0,true,false,false,false,false,false,false,false,false,false,false,false,false,false,true,false,false,false,false,false,false,false,-83.06615,42.36489,"{
  ""coordinates"": [
    -8.306614385866820e+01,
    4.236488918593160e+01
  ],
  ""type"": ""Point""
}","{
  ""coordinates"": [
    -83.066143859,
    42.364889186
  ],
  ""type"": ""Point""
}",-83.066143859,42.364889186
1639,1484148,W/B I94,LIVERNOIS,2018-09-26,26,9,2018,10,4,5,1,,1,0,Asphalt,1,2,1,55,3,2,2,5,0,0,0,0,true,false,false,false,false,false,false,false,false,false,false,false,false,false,false,false,false,false,false,false,false,false,-83.12666,42.33676,"{
  ""coordinates"": [
    -8.312665224588650e+01,
    4.233675922337110e+01
  ],
  ""type"": ""Point""
}","{
  ""coordinates"": [
    -83.126652246,
    42.336759223
  ],
  ""type"": ""Point""
}",-83.1266522459999,42.3367592230001
1640,1483198,GRAND RIVER,MEYERS,2018-09-26,26,9,2018,9,4,4,3,,1,0,Concrete,1,1,1,35,4,2,2,4,0,0,0,1,false,false,false,false,false,false,false,false,false,false,false,false,false,false,false,false,false,false,false,false,false,false,-83.16849,42.38061,"{
  ""coordinates"": [
    -8.316848861533180e+01,
    4.238060609859360e+01
  ],
  ""type"": ""Point""
}","{
  ""coordinates"": [
    -83.168488615,
    42.380606099
  ],
  ""type"": ""Point""
}",-83.1684886149999,42.380606099
1641,1484204,MICHIGAN,LIVERNOIS,2018-09-26,26,9,2018,19,4,3,2,,1,0,Asphalt,1,1,1,30,4,3,4,5,0,0,0,0,true,false,false,false,false,false,false,false,false,false,false,false,false,false,false,false,false,false,false,false,false,false,-83.12034,42.33111,"{
  ""coordinates"": [
    -8.312033767381300e+01,
    4.233111192279240e+01
  ],
  ""type"": ""Point""
}","{
  ""coordinates"": [
    -83.120337674,
    42.331111923
  ],
  ""type"": ""Point""
}",-83.120337674,42.331111923
1642,1483222,W I 94,MOUNT ELLIOTT,2018-09-26,26,9,2018,8,4,8,1,,1,0,Asphalt,1,2,1,30,3,2,2,5,0,0,0,0,true,false,false,false,false,false,false,false,false,false,false,false,false,true,false,true,false,false,false,false,false,false,-83.03409,42.37914,"{
  ""coordinates"": [
    -8.303409155128290e+01,
    4.237914321458920e+01
  ],
  ""type"": ""Point""
}","{
  ""coordinates"": [
    -83.034091551,
    42.379143215
  ],
  ""type"": ""Point""
}",-83.034091551,42.3791432150001
1643,1484168,I 94,CHENE,2018-09-26,26,9,2018,17,4,5,1,,1,0,Concrete,1,1,1,55,3,2,2,5,0,0,0,0,true,false,false,false,true,false,false,false,true,false,false,false,false,false,false,false,false,false,false,false,false,false,-83.04991,42.37318,"{
  ""coordinates"": [
    -8.304991192328870e+01,
    4.237317883169820e+01
  ],
  ""type"": ""Point""
}","{
  ""coordinates"": [
    -83.049911923,
    42.373178832
  ],
  ""type"": ""Point""
}",-83.049911923,42.3731788320001
1644,1490651,N I 75,8 MILE,2018-09-26,26,9,2018,21,4,8,1,,1,0,Asphalt,1,1,4,30,4,2,1,5,0,0,0,0,true,false,false,false,true,false,false,false,false,false,false,false,false,false,false,true,false,false,false,false,false,false,-83.0947,42.44685,"{
  ""coordinates"": [
    -8.309469577115350e+01,
    4.244684510172790e+01
  ],
  ""type"": ""Point""
}","{
  ""coordinates"": [
    -83.094695771,
    42.446845102
  ],
  ""type"": ""Point""
}",-83.094695771,42.4468451020001
1645,1483205,FORT,GREEN,2018-09-26,26,9,2018,16,4,8,3,,1,0,Asphalt,1,1,1,30,4,2,5,5,0,0,0,0,true,false,false,false,false,false,false,false,false,false,false,false,false,false,false,false,false,false,false,false,false,false,-83.1133,42.30249,"{
  ""coordinates"": [
    -8.311330238723740e+01,
    4.230249191861780e+01
  ],
  ""type"": ""Point""
}","{
  ""coordinates"": [
    -83.113302387,
    42.302491919
  ],
  ""type"": ""Point""
}",-83.113302387,42.302491919
1646,1483227,8 MILE,N M 39,2018-09-26,26,9,2018,7,4,5,3,,1,0,Concrete,2,1,1,45,4,2,2,5,0,0,0,0,true,true,false,false,false,false,false,false,false,false,false,false,false,false,false,false,false,false,false,false,false,false,-83.2197,42.44418,"{
  ""coordinates"": [
    -8.321969264126190e+01,
    4.244417466735640e+01
  ],
  ""type"": ""Point""
}","{
  ""coordinates"": [
    -83.219692641,
    42.444174667
  ],
  ""type"": ""Point""
}",-83.2196926409999,42.444174667
1647,1485597,WISCONSIN,THATCHER,2018-09-26,26,9,2018,15,4,1,9,,,0,,1,1,1,25,2,1,2,5,0,0,0,0,true,false,false,false,false,false,false,false,false,false,false,false,false,false,true,false,false,false,false,false,false,false,-83.15735,42.42228,"{
  ""coordinates"": [
    -8.315735218245580e+01,
    4.242227591759410e+01
  ],
  ""type"": ""Point""
}","{
  ""coordinates"": [
    -83.157352182,
    42.422275918
  ],
  ""type"": ""Point""
}",-83.157352182,42.422275918
1648,1484184,RAMP 216I,W I 94,2018-09-26,26,9,2018,17,4,5,1,,1,0,Concrete,1,1,1,55,1,2,1,5,0,0,0,0,true,false,false,false,false,false,false,false,false,false,false,false,false,false,false,false,false,false,false,false,false,false,-83.06177,42.36696,"{
  ""coordinates"": [
    -8.306176774976601e+01,
    4.236696265060530e+01
  ],
  ""type"": ""Point""
}","{
  ""coordinates"": [
    -83.06176775,
    42.366962651
  ],
  ""type"": ""Point""
}",-83.0617677499999,42.3669626510001
1649,1484213,CADILLAC,GHOTHE,2018-09-26,26,9,2018,19,4,2,9,,4,0,Asphalt,1,1,4,25,2,2,1,5,0,0,0,0,true,false,false,false,true,false,false,false,false,false,false,false,false,false,false,false,false,false,false,false,false,false,-82.98929,42.37144,"{
  ""coordinates"": [
    -8.298928803225610e+01,
    4.237144581473990e+01
  ],
  ""type"": ""Point""
}","{
  ""coordinates"": [
    -82.989288032,
    42.371445815
  ],
  ""type"": ""Point""
}",-82.989288032,42.3714458150001
1650,1483223,GRAND,VERNOR,2018-09-26,26,9,2018,20,4,5,9,,4,0,Asphalt,1,1,4,25,2,2,4,4,0,0,0,2,false,false,false,false,true,false,false,false,false,false,false,false,false,false,false,false,false,false,false,false,false,false,-83.00886,42.35772,"{
  ""coordinates"": [
    -8.300885772949511e+01,
    4.235771840151400e+01
  ],
  ""type"": ""Point""
}","{
  ""coordinates"": [
    -83.008857729,
    42.357718402
  ],
  ""type"": ""Point""
}",-83.0088577289999,42.357718402
1651,1484219,PIEDMONT,SCHOOLCRAFT,2018-09-26,26,9,2018,21,4,97,9,,,0,,1,1,4,20,2,2,0,5,0,0,0,0,true,false,false,false,true,false,false,false,false,false,false,false,false,false,false,false,false,false,false,false,false,false,-83.2297,42.38669,"{
  ""coordinates"": [
    -8.322969461027699e+01,
    4.238669090338960e+01
  ],
  ""type"": ""Point""
}","{
  ""coordinates"": [
    -83.22969461,
    42.386690903
  ],
  ""type"": ""Point""
}",-83.22969461,42.386690903
1652,1484218,ARCHDALE,PLYMOUTH,2018-09-26,26,9,2018,19,4,97,9,,,0,,1,1,3,25,2,2,1,3,0,0,1,0,false,false,false,false,false,false,false,false,false,false,false,false,true,false,false,false,false,false,false,false,false,false,-83.21563,42.37199,"{
  ""coordinates"": [
    -8.321563134143101e+01,
    4.237199538005640e+01
  ],
  ""type"": ""Point""
}","{
  ""coordinates"": [
    -83.215631341,
    42.37199538
  ],
  ""type"": ""Point""
}",-83.2156313409999,42.37199538
1653,1486801,I-96,STOUT,2018-09-26,26,9,2018,0,4,1,9,,,1,,2,1,4,70,3,1,1,5,0,0,0,0,true,false,false,false,false,false,false,false,false,true,false,false,false,false,false,false,false,false,false,false,false,false,-83.24132,42.38484,"{
  ""coordinates"": [
    -8.324131588512670e+01,
    4.238484048163700e+01
  ],
  ""type"": ""Point""
}","{
  ""coordinates"": [
    -83.241315885,
    42.384840482
  ],
  ""type"": ""Point""
}",-83.2413158849999,42.3848404820001
1654,1482205,LIVERNOIS,HERBERT,2018-09-26,26,9,2018,4,4,4,9,,4,0,Asphalt,2,2,4,,2,2,2,5,0,0,0,0,true,false,false,false,false,false,false,false,false,false,false,false,false,false,false,false,false,false,false,false,false,false,-83.13908,42.37831,"{
  ""coordinates"": [
    -8.313908036209800e+01,
    4.237830594450450e+01
  ],
  ""type"": ""Point""
}","{
  ""coordinates"": [
    -83.139080362,
    42.378305945
  ],
  ""type"": ""Point""
}",-83.139080362,42.3783059450001
1655,1484215,JEFFERSON,NEWPORT,2018-09-26,26,9,2018,16,4,5,9,,4,0,Asphalt,1,1,1,30,2,2,2,5,0,0,0,0,true,false,false,false,false,false,false,false,false,false,false,false,false,true,false,false,false,false,false,false,false,false,-82.94633,42.37207,"{
  ""coordinates"": [
    -8.294633010629080e+01,
    4.237206846561700e+01
  ],
  ""type"": ""Point""
}","{
  ""coordinates"": [
    -82.946330106,
    42.372068466
  ],
  ""type"": ""Point""
}",-82.9463301059999,42.372068466
1656,1486820,N/B I-75,MCNICHOLS,2018-09-26,26,9,2018,0,4,8,1,,1,0,Asphalt,2,4,4,55,3,2,1,5,0,0,0,0,true,false,false,false,true,false,false,false,false,false,false,false,false,false,false,true,false,false,false,false,false,false,-83.09035,42.42129,"{
  ""coordinates"": [
    -8.309035816788550e+01,
    4.242129150737900e+01
  ],
  ""type"": ""Point""
}","{
  ""coordinates"": [
    -83.090358168,
    42.421291507
  ],
  ""type"": ""Point""
}",-83.090358168,42.421291507
1657,1501409,S M 39,LYNDON,2018-09-26,26,9,2018,13,4,5,3,,1,0,Asphalt,1,1,1,55,3,2,2,5,0,0,0,0,true,false,false,false,false,false,false,false,false,false,false,false,false,false,false,false,false,false,false,false,false,false,-83.21809,42.39397,"{
  ""coordinates"": [
    -8.321809049998321e+01,
    4.239397610962440e+01
  ],
  ""type"": ""Point""
}","{
  ""coordinates"": [
    -83.2180905,
    42.39397611
  ],
  ""type"": ""Point""
}",-83.2180905,42.39397611
1658,1492008,WYOMING,8 MILE,2018-09-26,26,9,2018,22,4,2,3,,4,2,Asphalt,1,1,3,30,2,2,4,5,0,0,0,0,true,true,false,false,false,true,false,false,false,false,false,false,false,false,false,false,false,false,false,false,false,false,-83.16151,42.44577,"{
  ""coordinates"": [
    -8.316151062443060e+01,
    4.244577579287120e+01
  ],
  ""type"": ""Point""
}","{
  ""coordinates"": [
    -83.161510624,
    42.445775793
  ],
  ""type"": ""Point""
}",-83.161510624,42.4457757930001
1659,1485593,GREENFIELD,CAMBRIDGE,2018-09-26,26,9,2018,17,4,8,9,,2,0,Asphalt,1,1,1,35,4,2,3,5,0,0,0,0,true,false,false,false,false,false,false,false,false,false,false,false,false,true,false,false,false,false,false,false,false,false,-83.19998,42.433,"{
  ""coordinates"": [
    -8.319998258205950e+01,
    4.243300057352170e+01
  ],
  ""type"": ""Point""
}","{
  ""coordinates"": [
    -83.199982582,
    42.433000574
  ],
  ""type"": ""Point""
}",-83.199982582,42.4330005740001
1660,1486913,HARPER,OUTER,2018-09-26,26,9,2018,7,4,4,9,,4,0,Asphalt,1,2,2,30,4,2,2,5,0,0,0,0,true,false,false,false,false,false,false,false,false,false,false,false,false,true,false,true,false,false,false,false,false,false,-82.96078,42.40578,"{
  ""coordinates"": [
    -8.296077504271349e+01,
    4.240578632736960e+01
  ],
  ""type"": ""Point""
}","{
  ""coordinates"": [
    -82.960775043,
    42.405786327
  ],
  ""type"": ""Point""
}",-82.960775043,42.405786327
1661,1493847,I-96,M-39,2018-09-26,26,9,2018,13,4,97,1,,1,0,Concrete,1,1,1,55,4,2,4,4,0,0,0,1,false,false,false,false,false,false,false,false,false,false,false,false,false,false,false,false,false,false,false,false,false,false,-83.21507,42.37882,"{
  ""coordinates"": [
    -8.321506752026239e+01,
    4.237881980082160e+01
  ],
  ""type"": ""Point""
}","{
  ""coordinates"": [
    -83.21506752,
    42.378819801
  ],
  ""type"": ""Point""
}",-83.2150675199999,42.3788198010001
1662,1485530,EUCLID,2ND,2018-09-26,26,9,2018,17,4,4,9,,4,0,Asphalt,1,1,1,35,3,2,2,5,0,0,0,0,true,true,true,false,false,false,false,false,false,false,false,false,false,false,false,false,false,false,false,false,false,false,-83.08095,42.37606,"{
  ""coordinates"": [
    -8.308095095480110e+01,
    4.237605484022010e+01
  ],
  ""type"": ""Point""
}","{
  ""coordinates"": [
    -83.080950955,
    42.37605484
  ],
  ""type"": ""Point""
}",-83.0809509549999,42.3760548400001
1663,1491856,GRATIOT,RUSSELL,2018-09-26,26,9,2018,14,4,8,3,,1,0,Concrete,1,1,1,55,3,2,2,5,0,0,0,0,true,false,false,false,false,false,false,false,false,false,false,false,false,false,false,true,false,false,false,false,false,false,-83.03906,42.34312,"{
  ""coordinates"": [
    -8.303906052815201e+01,
    4.234312388749270e+01
  ],
  ""type"": ""Point""
}","{
  ""coordinates"": [
    -83.039060528,
    42.343123887
  ],
  ""type"": ""Point""
}",-83.0390605279999,42.343123887
1664,1498588,MONICA,THATCHER,2018-09-26,26,9,2018,21,4,97,9,,,0,,1,1,5,15,2,2,2,2,0,1,0,0,false,false,false,false,false,true,false,false,false,false,false,true,false,false,false,false,false,false,false,false,false,false,-83.14433,42.42255,"{
  ""coordinates"": [
    -8.314433631269409e+01,
    4.242255230347010e+01
  ],
  ""type"": ""Point""
}","{
  ""coordinates"": [
    -83.144336313,
    42.422552303
  ],
  ""type"": ""Point""
}",-83.1443363129999,42.422552303
1665,1491946,THREE MILE,MUNICH,2018-09-26,26,9,2018,12,4,9,9,,,2,,1,1,1,,2,2,0,5,0,0,0,0,true,false,false,false,true,false,false,false,false,false,false,false,false,false,false,false,false,false,false,false,false,false,-82.93771,42.39893,"{
  ""coordinates"": [
    -8.293771708644600e+01,
    4.239892584252020e+01
  ],
  ""type"": ""Point""
}","{
  ""coordinates"": [
    -82.937717086,
    42.398925843
  ],
  ""type"": ""Point""
}",-82.937717086,42.398925843
1666,1485527,MONTCALM,BRUSH,2018-09-26,26,9,2018,15,4,1,9,,4,0,Asphalt,1,1,1,30,2,1,1,5,0,0,0,0,true,false,false,false,false,false,false,false,false,false,true,false,false,false,false,false,false,false,false,false,false,false,-83.04773,42.34085,"{
  ""coordinates"": [
    -8.304773026767469e+01,
    4.234085555892300e+01
  ],
  ""type"": ""Point""
}","{
  ""coordinates"": [
    -83.047730268,
    42.340855559
  ],
  ""type"": ""Point""
}",-83.047730268,42.340855559
1667,1486865,BALTIMORE,3RD,2018-09-26,26,9,2018,6,4,10,9,,4,0,Asphalt,1,1,1,35,2,2,2,5,0,0,0,0,true,false,false,false,false,false,false,false,false,false,false,false,false,false,false,false,false,false,false,false,false,false,-83.07787,42.36622,"{
  ""coordinates"": [
    -8.307786777449699e+01,
    4.236622353613890e+01
  ],
  ""type"": ""Point""
}","{
  ""coordinates"": [
    -83.077867774,
    42.366223536
  ],
  ""type"": ""Point""
}",-83.077867774,42.3662235360001
1668,1485584,8 MILE,CONSOLIDATED RAIL CORPORATION,2018-09-26,26,9,2018,19,4,8,3,,1,0,Asphalt,1,1,1,45,4,2,2,5,0,0,0,0,true,false,false,false,false,false,false,false,false,false,false,false,false,false,false,true,false,false,false,false,false,false,-83.03806,42.4479,"{
  ""coordinates"": [
    -8.303806619263391e+01,
    4.244790430663330e+01
  ],
  ""type"": ""Point""
}","{
  ""coordinates"": [
    -83.038066193,
    42.447904307
  ],
  ""type"": ""Point""
}",-83.038066193,42.447904307
1669,1485594,HUBBELL,THATCHER,2018-09-26,26,9,2018,8,4,4,9,,4,0,Asphalt,1,1,1,35,2,2,3,4,0,0,0,2,false,false,false,false,false,false,false,false,false,false,false,false,false,false,false,false,false,false,false,false,false,false,-83.1897,42.42184,"{
  ""coordinates"": [
    -8.318969786776761e+01,
    4.242183507725910e+01
  ],
  ""type"": ""Point""
}","{
  ""coordinates"": [
    -83.189697868,
    42.421835077
  ],
  ""type"": ""Point""
}",-83.1896978679999,42.421835077
1670,1484205,LIVERNOIS,CADET,2018-09-26,26,9,2018,14,4,4,9,,4,0,Asphalt,1,1,1,25,2,2,2,5,0,0,0,0,true,false,true,false,false,false,false,false,false,false,false,false,false,false,false,false,false,false,false,false,false,false,-83.1086,42.3137,"{
  ""coordinates"": [
    -8.310860449954920e+01,
    4.231369882058200e+01
  ],
  ""type"": ""Point""
}","{
  ""coordinates"": [
    -83.1086045,
    42.313698821
  ],
  ""type"": ""Point""
}",-83.1086045,42.3136988210001
1671,1485521,GRAND RIVER,STRATHMOOR,2018-09-26,26,9,2018,17,4,5,3,,1,0,Asphalt,1,1,1,35,5,3,5,4,0,0,0,1,false,false,false,false,false,false,true,false,false,false,false,false,false,true,false,false,false,false,false,false,false,false,-83.18698,42.38807,"{
  ""coordinates"": [
    -8.318697742640430e+01,
    4.238807045661350e+01
  ],
  ""type"": ""Point""
}","{
  ""coordinates"": [
    -83.186977426,
    42.388070457
  ],
  ""type"": ""Point""
}",-83.1869774259999,42.388070457
1672,1493874,W I 96,KENTFIELD,2018-09-26,26,9,2018,18,4,5,1,,1,0,Concrete,1,1,1,55,2,2,2,5,0,0,0,0,true,false,false,false,false,false,false,false,false,false,false,false,false,false,false,false,false,false,false,false,false,false,-83.24061,42.38376,"{
  ""coordinates"": [
    -8.324060627062249e+01,
    4.238375709713110e+01
  ],
  ""type"": ""Point""
}","{
  ""coordinates"": [
    -83.240606271,
    42.383757097
  ],
  ""type"": ""Point""
}",-83.240606271,42.3837570970001
1673,1509230,HICKORY,BRINGARD,2018-09-26,26,9,2018,5,4,5,9,,,0,,2,2,4,25,1,2,4,5,0,0,0,0,true,false,false,false,false,false,false,true,false,false,false,false,false,false,true,false,false,false,false,false,false,false,-82.98797,42.44511,"{
  ""coordinates"": [
    -8.298796550611431e+01,
    4.244511487738350e+01
  ],
  ""type"": ""Point""
}","{
  ""coordinates"": [
    -82.987965506,
    42.445114877
  ],
  ""type"": ""Point""
}",-82.987965506,42.445114877
1674,1485508,I-96,MEYER,2018-09-26,26,9,2018,17,4,8,1,,1,0,Concrete,1,1,1,55,4,3,2,4,0,0,0,1,false,false,false,false,true,false,false,false,false,false,false,false,false,false,false,false,false,false,false,false,false,false,-83.16785,42.38535,"{
  ""coordinates"": [
    -8.316785734137500e+01,
    4.238535444230400e+01
  ],
  ""type"": ""Point""
}","{
  ""coordinates"": [
    -83.167857341,
    42.385354442
  ],
  ""type"": ""Point""
}",-83.1678573409999,42.3853544420001
1675,1488840,WHITTIER,WHITEHILL,2018-09-26,26,9,2018,1,4,97,9,,4,0,Asphalt,2,1,4,30,2,2,3,2,0,2,0,0,false,false,false,false,true,false,false,false,false,false,false,false,false,false,false,false,false,false,false,false,false,false,-82.95801,42.41898,"{
  ""coordinates"": [
    -8.295801026503371e+01,
    4.241898431310630e+01
  ],
  ""type"": ""Point""
}","{
  ""coordinates"": [
    -82.958010265,
    42.418984313
  ],
  ""type"": ""Point""
}",-82.958010265,42.4189843130001
1676,1491981,VANDYKE,GERINELL,2018-09-26,26,9,2018,15,4,8,3,,1,0,Asphalt,1,1,1,35,5,2,3,5,0,0,0,0,true,false,false,false,false,false,false,false,false,false,false,false,false,false,false,false,false,false,false,false,false,false,-83.02299,42.40067,"{
  ""coordinates"": [
    -8.302298944072049e+01,
    4.240067418351180e+01
  ],
  ""type"": ""Point""
}","{
  ""coordinates"": [
    -83.022989441,
    42.400674184
  ],
  ""type"": ""Point""
}",-83.0229894409999,42.400674184
1677,1485613,N M 10 SERVICE DRIVE,WARREN,2018-09-26,26,9,2018,9,4,8,9,,4,0,Asphalt,1,1,1,25,3,2,2,5,0,0,0,0,true,false,false,false,false,false,false,false,false,false,false,false,false,false,true,false,false,false,false,false,false,false,-83.0731,42.35405,"{
  ""coordinates"": [
    -8.307309581721140e+01,
    4.235405482856180e+01
  ],
  ""type"": ""Point""
}","{
  ""coordinates"": [
    -83.073095817,
    42.354054829
  ],
  ""type"": ""Point""
}",-83.073095817,42.3540548290001
1678,1498317,I-94,LIVERNOIS,2018-09-26,26,9,2018,6,4,8,1,,1,0,Asphalt,1,1,1,55,3,2,2,5,0,0,0,0,true,false,false,false,false,false,false,false,false,false,false,false,false,false,false,true,false,false,false,false,false,false,-83.12509,42.33739,"{
  ""coordinates"": [
    -8.312508781365069e+01,
    4.233738538516330e+01
  ],
  ""type"": ""Point""
}","{
  ""coordinates"": [
    -83.125087814,
    42.337385385
  ],
  ""type"": ""Point""
}",-83.125087814,42.3373853850001
1679,1483221,MACK,N I 75 SERVICE DRIVE,2018-09-26,26,9,2018,18,4,5,9,,4,0,Asphalt,1,1,1,30,4,2,2,5,0,0,0,0,true,false,false,false,false,false,false,false,false,false,false,false,false,true,false,false,false,false,false,false,false,false,-83.04738,42.35138,"{
  ""coordinates"": [
    -8.304737731195260e+01,
    4.235137664264410e+01
  ],
  ""type"": ""Point""
}","{
  ""coordinates"": [
    -83.047377312,
    42.351376643
  ],
  ""type"": ""Point""
}",-83.047377312,42.351376643
1680,1484181,W I 94,MARTIN,2018-09-26,26,9,2018,10,4,97,1,,1,0,Asphalt,1,1,1,55,3,2,2,5,0,0,0,0,true,false,false,false,true,false,false,false,false,false,false,false,false,false,false,true,false,false,false,false,false,false,-83.13008,42.33543,"{
  ""coordinates"": [
    -8.313007935873409e+01,
    4.233542922156390e+01
  ],
  ""type"": ""Point""
}","{
  ""coordinates"": [
    -83.130079359,
    42.335429222
  ],
  ""type"": ""Point""
}",-83.130079359,42.3354292220001
1681,1485592,SCHAEFER,OUTER,2018-09-26,26,9,2018,17,4,8,9,,4,0,Asphalt,1,1,1,30,5,2,3,5,0,0,0,0,true,false,false,false,false,false,false,false,false,false,false,true,false,true,false,false,false,false,false,false,false,false,-83.17995,42.41955,"{
  ""coordinates"": [
    -8.317994426793510e+01,
    4.241954942419560e+01
  ],
  ""type"": ""Point""
}","{
  ""coordinates"": [
    -83.179944268,
    42.419549424
  ],
  ""type"": ""Point""
}",-83.179944268,42.419549424
1682,1484216,WARREN,GRAYTON,2018-09-26,26,9,2018,23,4,5,9,,4,0,Asphalt,1,1,4,35,3,2,5,3,0,0,5,0,false,false,false,false,true,false,false,false,false,false,false,false,false,false,false,false,false,false,false,false,false,false,-82.93209,42.40525,"{
  ""coordinates"": [
    -8.293208789049829e+01,
    4.240524768056820e+01
  ],
  ""type"": ""Point""
}","{
  ""coordinates"": [
    -82.93208789,
    42.405247681
  ],
  ""type"": ""Point""
}",-82.9320878899999,42.405247681
1683,1483166,I-96,M-39,2018-09-26,26,9,2018,10,4,5,1,,1,0,Concrete,1,1,1,70,3,3,2,5,0,0,0,0,true,false,false,false,true,false,false,false,false,false,false,false,false,true,false,false,false,false,false,false,false,false,-83.20716,42.37906,"{
  ""coordinates"": [
    -8.320716133903900e+01,
    4.237906403845840e+01
  ],
  ""type"": ""Point""
}","{
  ""coordinates"": [
    -83.207161339,
    42.379064038
  ],
  ""type"": ""Point""
}",-83.207161339,42.3790640380001
1684,1484222,EVERGREEN,JOY,2018-09-26,26,9,2018,20,4,5,9,,4,0,Asphalt,1,1,4,35,5,2,3,5,0,0,0,0,true,false,false,false,false,false,false,false,false,false,false,false,false,false,false,false,false,false,false,false,false,false,-83.23595,42.35756,"{
  ""coordinates"": [
    -8.323595237598950e+01,
    4.235755675360610e+01
  ],
  ""type"": ""Point""
}","{
  ""coordinates"": [
    -83.235952376,
    42.357556754
  ],
  ""type"": ""Point""
}",-83.2359523759999,42.357556754
1685,1567155,CONANT,MCNICHOLS,2018-09-26,26,9,2018,0,4,97,9,,4,0,Asphalt,2,4,4,30,4,1,1,5,0,0,0,0,true,false,false,false,true,true,false,true,false,false,false,false,false,false,false,false,false,false,false,false,false,false,-83.06348,42.41847,"{
  ""coordinates"": [
    -8.306348388723660e+01,
    4.241846693694060e+01
  ],
  ""type"": ""Point""
}","{
  ""coordinates"": [
    -83.063483887,
    42.418466937
  ],
  ""type"": ""Point""
}",-83.063483887,42.4184669370001
1686,1486914,GRATIOT,FLANDERS,2018-09-26,26,9,2018,8,4,9,3,,1,2,Asphalt,1,2,1,35,7,2,3,3,0,0,1,0,false,false,false,false,false,false,false,false,false,false,false,false,false,false,false,true,false,false,false,false,false,false,-82.99277,42.41213,"{
  ""coordinates"": [
    -8.299277760280530e+01,
    4.241212838590590e+01
  ],
  ""type"": ""Point""
}","{
  ""coordinates"": [
    -82.992777603,
    42.412128386
  ],
  ""type"": ""Point""
}",-82.992777603,42.4121283860001
1687,1484226,EVERGREEN,VASSAR,2018-09-26,26,9,2018,16,4,4,9,,4,0,Asphalt,1,1,1,35,2,2,2,5,0,0,0,0,true,false,false,false,false,false,false,false,false,false,false,false,false,false,false,false,false,false,false,false,false,false,-83.23899,42.43317,"{
  ""coordinates"": [
    -8.323899362710550e+01,
    4.243317172394490e+01
  ],
  ""type"": ""Point""
}","{
  ""coordinates"": [
    -83.238993627,
    42.433171724
  ],
  ""type"": ""Point""
}",-83.238993627,42.433171724
1688,1493872,I 96,FULLERTON,2018-09-26,26,9,2018,18,4,5,1,,1,0,Concrete,1,1,1,55,3,3,3,5,0,0,0,0,true,false,false,false,true,false,false,false,false,false,false,false,false,false,false,false,false,false,false,false,false,false,-83.1887,42.38046,"{
  ""coordinates"": [
    -8.318869998147611e+01,
    4.238045501651980e+01
  ],
  ""type"": ""Point""
}","{
  ""coordinates"": [
    -83.188699981,
    42.380455017
  ],
  ""type"": ""Point""
}",-83.188699981,42.380455017
1689,1491858,I-94,I-96,2018-09-26,26,9,2018,13,4,5,1,,1,0,Asphalt,1,1,1,55,3,2,1,4,0,0,0,1,false,false,false,false,true,false,false,false,false,true,false,false,false,false,false,false,false,false,false,false,false,false,-83.09009,42.35308,"{
  ""coordinates"": [
    -8.309008810246669e+01,
    4.235308420763460e+01
  ],
  ""type"": ""Point""
}","{
  ""coordinates"": [
    -83.090088102,
    42.353084208
  ],
  ""type"": ""Point""
}",-83.090088102,42.353084208