ObjectId,Crash ID,Primary Road,Intersecting Road,Crash Date,Day,Month,Year,Hour,Weekday,Crash Type Code,Highway Classification Code,Community Code,Jurisdiction Code,Lane Departure Type Code,Surface Type,Road Condition,Weather Condition,Lighting Condition,Speed Limit,Lanes,Units,Occupants,Most Severe Injury,Fatal Injuries,Suspected Serious Injuries,Suspected Minor Injuries,Possible Injuries,Property Damage Only,Secondary Crash,Traffic Control,Red Light Run,Hit and Run,Alcohol,Drugs,Unbelted Person,Work Zone,Speeding Driver,Distracted Driver,Driveway,Pedestrian,Elderly Driver,Young Driver,Commercial Vehicle,Emergency Vehicles,Train,School Bus,Motorcycle,Bicycle,Deer,Longitude,Latitude,geom,geog,x,y
1690,1498631,LIVERNOIS,SANTA MARIA,2018-09-26,26,9,2018,20,4,4,9,,4,0,Asphalt,1,1,4,35,4,2,1,4,0,0,0,1,false,false,false,false,true,false,false,false,false,false,false,false,false,false,false,false,false,false,false,false,false,false,-83.14081,42.41899,"{
  ""coordinates"": [
    -8.314080833904670e+01,
    4.241898722142260e+01
  ],
  ""type"": ""Point""
}","{
  ""coordinates"": [
    -83.140808339,
    42.418987221
  ],
  ""type"": ""Point""
}",-83.140808339,42.4189872210001
1691,1482213,8 MILE,NORWOOD,2018-09-25,25,9,2018,15,3,97,3,,1,0,Asphalt,2,1,1,45,4,4,7,4,0,0,0,4,false,false,false,false,false,false,false,true,false,false,false,false,false,true,false,false,false,false,false,false,false,false,-83.06772,42.44722,"{
  ""coordinates"": [
    -8.306771520589480e+01,
    4.244721468069710e+01
  ],
  ""type"": ""Point""
}","{
  ""coordinates"": [
    -83.067715206,
    42.447214681
  ],
  ""type"": ""Point""
}",-83.0677152059999,42.447214681
1692,1481286,OTIS,CLIPPERT,2018-09-25,25,9,2018,1,3,2,9,,,0,,2,4,5,25,2,2,0,5,0,0,0,0,true,false,false,false,true,false,false,false,false,false,false,false,false,false,false,false,false,false,false,false,false,false,-83.12053,42.32458,"{
  ""coordinates"": [
    -8.312052706348911e+01,
    4.232458039165880e+01
  ],
  ""type"": ""Point""
}","{
  ""coordinates"": [
    -83.120527063,
    42.324580392
  ],
  ""type"": ""Point""
}",-83.1205270629999,42.324580392
1693,1485556,SOUTHFIELD SERVICE DRIVE,8 MILE,2018-09-25,25,9,2018,8,3,5,3,,5,0,Asphalt,1,1,1,30,2,2,2,4,0,0,0,1,false,false,false,false,false,false,false,false,false,false,false,false,false,false,true,false,false,false,false,false,false,false,-83.21928,42.44416,"{
  ""coordinates"": [
    -8.321927641503520e+01,
    4.244415593365930e+01
  ],
  ""type"": ""Point""
}","{
  ""coordinates"": [
    -83.219276415,
    42.444155934
  ],
  ""type"": ""Point""
}",-83.219276415,42.444155934
1694,1486902,N I 75 SERVICE DRIVE,RUSSELL,2018-09-25,25,9,2018,22,3,10,9,,4,0,Asphalt,1,1,4,30,2,2,3,5,0,0,0,0,true,false,false,false,false,false,false,false,false,false,false,false,false,false,false,false,false,false,false,false,false,false,-83.08964,42.42099,"{
  ""coordinates"": [
    -8.308963484974960e+01,
    4.242099216719200e+01
  ],
  ""type"": ""Point""
}","{
  ""coordinates"": [
    -83.08963485,
    42.420992167
  ],
  ""type"": ""Point""
}",-83.08963485,42.4209921670001
1695,1489704,E/B I-94,I-75,2018-09-25,25,9,2018,23,3,5,1,,1,0,Asphalt,2,4,4,55,3,2,4,5,0,0,0,0,true,false,false,false,false,false,false,false,false,true,false,false,false,false,false,false,false,false,false,false,false,false,-83.04148,42.37609,"{
  ""coordinates"": [
    -8.304147991860140e+01,
    4.237609628977050e+01
  ],
  ""type"": ""Point""
}","{
  ""coordinates"": [
    -83.041479919,
    42.37609629
  ],
  ""type"": ""Point""
}",-83.041479919,42.3760962900001
1696,1482206,GLENDALE,WILDEMERE,2018-09-25,25,9,2018,14,3,2,9,,,2,,2,1,1,25,2,2,1,4,0,0,0,1,false,false,false,false,false,false,false,false,false,false,false,false,false,false,false,true,false,false,false,false,false,false,-83.12567,42.38807,"{
  ""coordinates"": [
    -8.312567202633240e+01,
    4.238806731322430e+01
  ],
  ""type"": ""Point""
}","{
  ""coordinates"": [
    -83.125672026,
    42.388067313
  ],
  ""type"": ""Point""
}",-83.125672026,42.3880673130001
1697,1486900,GRATIOT,HARPER,2018-09-25,25,9,2018,10,3,8,3,,1,0,Asphalt,2,4,1,35,2,2,2,5,0,0,0,0,true,false,false,false,false,false,false,false,true,false,false,false,false,false,false,true,false,false,false,false,false,false,-83.00523,42.39313,"{
  ""coordinates"": [
    -8.300523016147010e+01,
    4.239313264339730e+01
  ],
  ""type"": ""Point""
}","{
  ""coordinates"": [
    -83.005230161,
    42.393132643
  ],
  ""type"": ""Point""
}",-83.005230161,42.3931326430001
1698,1482157,GAVEL,MEYERS,2018-09-25,25,9,2018,10,3,5,9,,,0,,2,4,1,35,2,3,2,5,0,0,0,0,true,false,false,false,true,false,false,false,false,false,false,false,false,false,false,false,false,false,false,false,false,false,-83.16948,42.39318,"{
  ""coordinates"": [
    -8.316947799343821e+01,
    4.239317655649880e+01
  ],
  ""type"": ""Point""
}","{
  ""coordinates"": [
    -83.169477993,
    42.393176556
  ],
  ""type"": ""Point""
}",-83.169477993,42.3931765560001
1699,1486798,I-75,MCNICHOLS,2018-09-25,25,9,2018,16,3,5,1,,1,0,Asphalt,1,2,1,70,4,2,2,4,0,0,0,1,false,false,false,false,false,false,false,false,false,false,true,false,false,false,true,false,false,false,false,false,false,false,-83.08877,42.41946,"{
  ""coordinates"": [
    -8.308876570520160e+01,
    4.241946578058440e+01
  ],
  ""type"": ""Point""
}","{
  ""coordinates"": [
    -83.088765705,
    42.419465781
  ],
  ""type"": ""Point""
}",-83.088765705,42.419465781
1700,1488013,W I 96,GRAND RIVER,2018-09-25,25,9,2018,11,3,97,1,,1,0,Concrete,2,2,1,70,4,2,2,3,0,0,1,0,false,false,false,false,false,false,false,false,false,true,false,false,false,false,false,false,false,false,false,false,false,false,-83.17451,42.38416,"{
  ""coordinates"": [
    -8.317451394178180e+01,
    4.238415636412220e+01
  ],
  ""type"": ""Point""
}","{
  ""coordinates"": [
    -83.174513942,
    42.384156364
  ],
  ""type"": ""Point""
}",-83.174513942,42.384156364
1701,1483199,WYOMING,CHICAGO,2018-09-25,25,9,2018,21,3,4,9,,4,0,Asphalt,2,4,4,35,4,2,1,3,0,0,1,0,false,false,false,false,true,false,false,false,false,false,false,false,false,false,false,false,false,false,false,false,false,false,-83.15821,42.3662,"{
  ""coordinates"": [
    -8.315820916894850e+01,
    4.236619409955300e+01
  ],
  ""type"": ""Point""
}","{
  ""coordinates"": [
    -83.158209169,
    42.3661941
  ],
  ""type"": ""Point""
}",-83.158209169,42.3661941
1702,1493011,TEMPLE,BROOKLYN,2018-09-25,25,9,2018,1,3,4,9,,4,0,Asphalt,2,4,4,25,2,2,2,5,0,0,0,0,true,false,false,false,false,false,false,false,false,false,false,false,false,false,false,false,false,false,false,false,false,false,-83.06815,42.33869,"{
  ""coordinates"": [
    -8.306815474888670e+01,
    4.233869299626780e+01
  ],
  ""type"": ""Point""
}","{
  ""coordinates"": [
    -83.068154749,
    42.338692996
  ],
  ""type"": ""Point""
}",-83.068154749,42.3386929960001
1703,1482228,S I 75,NEVADA,2018-09-25,25,9,2018,8,3,5,1,,1,0,Asphalt,2,4,1,35,2,2,2,5,0,0,0,0,true,false,false,false,false,false,false,false,false,false,false,false,false,true,false,false,false,false,false,false,false,false,-83.09353,42.42495,"{
  ""coordinates"": [
    -8.309352751064939e+01,
    4.242494765191960e+01
  ],
  ""type"": ""Point""
}","{
  ""coordinates"": [
    -83.093527511,
    42.424947652
  ],
  ""type"": ""Point""
}",-83.0935275109999,42.4249476520001
1704,1483246,NEVADA,VAN DYKE,2018-09-25,25,9,2018,21,3,5,3,,4,3,Asphalt,2,4,4,35,2,2,0,5,0,0,0,0,true,false,false,false,true,false,false,false,false,false,false,false,false,false,false,false,false,false,false,false,false,false,-83.02402,42.42673,"{
  ""coordinates"": [
    -8.302402874797730e+01,
    4.242673386115480e+01
  ],
  ""type"": ""Point""
}","{
  ""coordinates"": [
    -83.024028748,
    42.426733861
  ],
  ""type"": ""Point""
}",-83.024028748,42.4267338610001
1705,1486883,EVERGREEN,W I 96,2018-09-25,25,9,2018,9,3,8,9,,4,0,Concrete,2,4,1,30,4,2,2,5,0,0,0,0,true,false,false,false,true,false,false,false,false,false,false,false,false,false,false,false,false,false,false,false,false,false,-83.23666,42.38054,"{
  ""coordinates"": [
    -8.323665737328200e+01,
    4.238053372771950e+01
  ],
  ""type"": ""Point""
}","{
  ""coordinates"": [
    -83.236657373,
    42.380533728
  ],
  ""type"": ""Point""
}",-83.236657373,42.380533728
1706,1484197,I 96,LIVERNOIS,2018-09-25,25,9,2018,21,3,5,1,,1,0,Asphalt,8,4,4,70,4,2,2,5,0,0,0,0,true,false,false,false,false,false,false,false,false,true,false,false,false,false,true,false,false,false,false,false,false,false,-83.14486,42.37059,"{
  ""coordinates"": [
    -8.314485909692451e+01,
    4.237059406472250e+01
  ],
  ""type"": ""Point""
}","{
  ""coordinates"": [
    -83.144859097,
    42.370594065
  ],
  ""type"": ""Point""
}",-83.1448590969999,42.370594065
1707,1481351,DAVISON,LIVERNOIS,2018-09-25,25,9,2018,1,3,5,3,,1,0,Concrete,2,4,4,35,3,2,2,5,0,0,0,0,true,false,false,false,false,false,false,false,false,false,false,false,false,false,false,false,false,false,true,false,false,false,-83.13964,42.38669,"{
  ""coordinates"": [
    -8.313963702323019e+01,
    4.238668683861680e+01
  ],
  ""type"": ""Point""
}","{
  ""coordinates"": [
    -83.139637023,
    42.386686839
  ],
  ""type"": ""Point""
}",-83.139637023,42.386686839
1708,1483165,I-96,LIVERNOIS,2018-09-25,25,9,2018,23,3,1,1,,1,1,Asphalt,2,4,4,70,4,1,1,5,0,0,0,0,true,false,false,false,false,false,false,false,false,true,false,false,false,false,true,false,false,false,false,false,false,false,-83.14051,42.36802,"{
  ""coordinates"": [
    -8.314050893524580e+01,
    4.236801705020060e+01
  ],
  ""type"": ""Point""
}","{
  ""coordinates"": [
    -83.140508935,
    42.36801705
  ],
  ""type"": ""Point""
}",-83.140508935,42.36801705
1709,1483200,PLYMOUTH,GRIGGS,2018-09-25,25,9,2018,22,3,97,9,,4,0,Asphalt,2,4,4,35,4,3,2,5,0,0,0,0,true,false,false,false,true,false,false,false,false,false,false,false,false,false,false,false,false,false,false,false,false,false,-83.16174,42.37342,"{
  ""coordinates"": [
    -8.316173336240431e+01,
    4.237342357162390e+01
  ],
  ""type"": ""Point""
}","{
  ""coordinates"": [
    -83.161733362,
    42.373423572
  ],
  ""type"": ""Point""
}",-83.1617333619999,42.373423572
1710,1482199,HEREFORD,SOUTHAMPTON,2018-09-25,25,9,2018,14,3,9,9,,,2,,2,2,1,25,2,2,0,5,0,0,0,0,true,false,false,false,true,false,false,false,false,false,false,false,false,false,false,false,false,false,false,false,false,false,-82.92542,42.41107,"{
  ""coordinates"": [
    -8.292542139923999e+01,
    4.241106714457450e+01
  ],
  ""type"": ""Point""
}","{
  ""coordinates"": [
    -82.925421399,
    42.411067145
  ],
  ""type"": ""Point""
}",-82.925421399,42.4110671450001
1711,1486851,GRATIOT,HARPER,2018-09-25,25,9,2018,12,3,97,3,,1,0,Asphalt,1,1,1,35,3,2,0,3,0,0,1,0,false,false,false,false,true,false,false,false,false,false,false,false,true,false,false,false,false,false,false,false,false,false,-83.00519,42.3932,"{
  ""coordinates"": [
    -8.300518459145110e+01,
    4.239320178189960e+01
  ],
  ""type"": ""Point""
}","{
  ""coordinates"": [
    -83.005184591,
    42.393201782
  ],
  ""type"": ""Point""
}",-83.005184591,42.3932017820001
1712,1484221,SAINT MARYS,DIVERSEY,2018-09-25,25,9,2018,21,3,98,9,,,0,,2,4,4,25,3,2,0,5,0,0,0,0,true,false,false,false,true,false,false,false,false,false,false,false,false,false,false,false,false,false,false,false,false,false,-83.20383,42.34777,"{
  ""coordinates"": [
    -8.320383257917730e+01,
    4.234777289710250e+01
  ],
  ""type"": ""Point""
}","{
  ""coordinates"": [
    -83.203832579,
    42.347772897
  ],
  ""type"": ""Point""
}",-83.2038325789999,42.347772897
1713,1486850,WASHINGTON,STATE,2018-09-25,25,9,2018,8,3,97,9,,4,0,,2,1,4,25,3,2,1,5,0,0,0,0,true,true,false,false,true,false,false,false,false,false,false,false,false,false,false,false,false,false,false,false,false,false,-83.05119,42.33367,"{
  ""coordinates"": [
    -8.305119083703590e+01,
    4.233366947594060e+01
  ],
  ""type"": ""Point""
}","{
  ""coordinates"": [
    -83.051190837,
    42.333669476
  ],
  ""type"": ""Point""
}",-83.051190837,42.3336694760001
1714,1483164,I-96,WYOMING,2018-09-25,25,9,2018,22,3,1,1,,1,1,Concrete,2,4,4,70,4,1,2,5,0,0,0,0,true,false,false,false,false,false,false,false,false,true,false,false,false,false,true,false,false,false,false,false,false,false,-83.15703,42.38541,"{
  ""coordinates"": [
    -8.315703162725940e+01,
    4.238541167007170e+01
  ],
  ""type"": ""Point""
}","{
  ""coordinates"": [
    -83.157031627,
    42.38541167
  ],
  ""type"": ""Point""
}",-83.157031627,42.3854116700001
1715,1483215,WOODMERE,FALCON,2018-09-25,25,9,2018,20,3,8,9,,4,0,Asphalt,2,4,4,25,2,2,0,5,0,0,0,0,true,false,false,false,true,false,false,false,false,false,false,false,false,false,false,false,false,false,false,false,false,false,-83.13506,42.30169,"{
  ""coordinates"": [
    -8.313505347604510e+01,
    4.230169124473470e+01
  ],
  ""type"": ""Point""
}","{
  ""coordinates"": [
    -83.135053476,
    42.301691245
  ],
  ""type"": ""Point""
}",-83.1350534759999,42.301691245
1716,1484177,I 96,LIVERNOIS,2018-09-25,25,9,2018,23,3,97,1,,1,0,Asphalt,8,4,4,70,4,2,2,3,0,0,1,1,false,false,false,false,false,false,false,false,false,true,false,false,false,false,false,false,false,false,false,false,false,false,-83.14486,42.37059,"{
  ""coordinates"": [
    -8.314485909692451e+01,
    4.237059406472250e+01
  ],
  ""type"": ""Point""
}","{
  ""coordinates"": [
    -83.144859097,
    42.370594065
  ],
  ""type"": ""Point""
}",-83.1448590969999,42.370594065
1717,1482180,GRATIOT,BEAUFAIT,2018-09-25,25,9,2018,11,3,5,3,,1,0,Asphalt,2,1,1,35,3,2,2,4,0,0,0,1,false,false,false,false,false,false,false,false,false,false,false,false,false,false,false,true,false,false,false,false,false,false,-83.02235,42.36726,"{
  ""coordinates"": [
    -8.302235779088289e+01,
    4.236725743178730e+01
  ],
  ""type"": ""Point""
}","{
  ""coordinates"": [
    -83.022357791,
    42.367257432
  ],
  ""type"": ""Point""
}",-83.022357791,42.367257432
1718,1482189,PEMBROKE,SHAFTSBURY,2018-09-25,25,9,2018,16,3,2,9,,,2,,2,1,1,25,2,2,3,4,0,0,0,1,false,false,false,false,false,false,false,false,false,false,false,false,false,false,false,false,false,false,false,false,false,false,-83.2318,42.43699,"{
  ""coordinates"": [
    -8.323180394850520e+01,
    4.243698886408480e+01
  ],
  ""type"": ""Point""
}","{
  ""coordinates"": [
    -83.231803949,
    42.436988864
  ],
  ""type"": ""Point""
}",-83.231803949,42.4369888640001
1719,1482209,HALLECK,KLINGER,2018-09-25,25,9,2018,16,3,97,9,,,0,,2,2,1,25,2,2,10,5,0,0,0,0,true,false,false,false,false,false,false,true,false,false,false,false,false,false,false,true,false,false,true,false,false,false,-83.06019,42.41059,"{
  ""coordinates"": [
    -8.306018839117689e+01,
    4.241058575774970e+01
  ],
  ""type"": ""Point""
}","{
  ""coordinates"": [
    -83.060188391,
    42.410585758
  ],
  ""type"": ""Point""
}",-83.0601883909999,42.410585758
1720,1494889,EASTWOOD,CHALMERS,2018-09-25,25,9,2018,7,3,2,9,,,2,,2,2,1,,2,2,1,5,0,0,0,0,true,false,false,false,false,false,false,false,false,false,false,false,false,false,false,false,false,false,false,false,false,false,-82.97534,42.43356,"{
  ""coordinates"": [
    -8.297534307715490e+01,
    4.243355428696120e+01
  ],
  ""type"": ""Point""
}","{
  ""coordinates"": [
    -82.975343077,
    42.433554287
  ],
  ""type"": ""Point""
}",-82.9753430769999,42.433554287
1721,1483206,FORT,POWELL,2018-09-25,25,9,2018,23,3,8,3,,1,0,Asphalt,2,4,4,35,4,2,1,5,0,0,0,0,true,false,false,false,true,false,false,false,false,false,false,false,false,false,false,false,false,false,false,false,false,false,-83.14441,42.28884,"{
  ""coordinates"": [
    -8.314441175454040e+01,
    4.228884044733830e+01
  ],
  ""type"": ""Point""
}","{
  ""coordinates"": [
    -83.144411755,
    42.288840447
  ],
  ""type"": ""Point""
}",-83.144411755,42.288840447
1722,1482159,WYOMING,SCHOOLCRAFT,2018-09-25,25,9,2018,9,3,5,9,,4,0,Asphalt,2,4,1,30,3,2,1,5,0,0,0,0,true,false,false,false,true,false,false,false,false,false,false,false,false,false,false,false,false,false,false,false,false,false,-83.15907,42.38839,"{
  ""coordinates"": [
    -8.315906549315299e+01,
    4.238838856071430e+01
  ],
  ""type"": ""Point""
}","{
  ""coordinates"": [
    -83.159065493,
    42.388388561
  ],
  ""type"": ""Point""
}",-83.159065493,42.3883885610001
1723,1484223,GRAND,MOUNT ELLIOTT,2018-09-25,25,9,2018,12,3,5,9,,4,0,Asphalt,1,1,4,25,4,2,0,5,0,0,0,0,true,false,false,false,true,false,false,false,false,false,false,false,false,false,false,false,false,false,false,false,false,false,-83.03194,42.37672,"{
  ""coordinates"": [
    -8.303194264288329e+01,
    4.237671767833140e+01
  ],
  ""type"": ""Point""
}","{
  ""coordinates"": [
    -83.031942643,
    42.376717678
  ],
  ""type"": ""Point""
}",-83.031942643,42.376717678
1724,1482211,OUTER,GODDARD,2018-09-25,25,9,2018,17,3,4,9,,2,0,Asphalt,2,2,1,35,2,2,2,5,0,0,0,0,true,false,false,false,false,false,false,false,false,false,false,false,false,true,false,false,false,false,false,false,false,false,-83.07751,42.44009,"{
  ""coordinates"": [
    -8.307750523354130e+01,
    4.244009085094560e+01
  ],
  ""type"": ""Point""
}","{
  ""coordinates"": [
    -83.077505234,
    42.440090851
  ],
  ""type"": ""Point""
}",-83.0775052339999,42.440090851
1725,1482177,WARREN,S M 39,2018-09-25,25,9,2018,21,3,8,9,,2,0,Asphalt,2,4,4,35,4,2,2,5,0,0,0,0,true,false,false,false,true,false,false,false,false,false,false,true,false,false,false,false,false,false,false,false,false,false,-83.21617,42.34337,"{
  ""coordinates"": [
    -8.321617189269550e+01,
    4.234336761023390e+01
  ],
  ""type"": ""Point""
}","{
  ""coordinates"": [
    -83.216171893,
    42.34336761
  ],
  ""type"": ""Point""
}",-83.216171893,42.34336761
1726,1483224,MOUNT ELLIOTT,W I 94,2018-09-25,25,9,2018,14,3,8,9,,4,0,Asphalt,2,1,1,30,2,2,3,5,0,0,0,0,true,false,false,false,false,false,false,false,false,false,false,false,false,true,false,false,false,false,false,false,false,false,-83.03381,42.37923,"{
  ""coordinates"": [
    -8.303381479770930e+01,
    4.237923536640170e+01
  ],
  ""type"": ""Point""
}","{
  ""coordinates"": [
    -83.033814798,
    42.379235366
  ],
  ""type"": ""Point""
}",-83.033814798,42.379235366
1727,1488754,E I 96,RAMP 037B,2018-09-25,25,9,2018,8,3,5,1,,1,0,Asphalt,2,4,1,55,5,2,2,5,0,0,0,0,true,false,false,false,false,false,false,false,false,false,false,false,false,false,false,false,false,false,false,false,false,false,-83.09029,42.3356,"{
  ""coordinates"": [
    -8.309029712944179e+01,
    4.233559947697290e+01
  ],
  ""type"": ""Point""
}","{
  ""coordinates"": [
    -83.090297129,
    42.335599477
  ],
  ""type"": ""Point""
}",-83.090297129,42.3355994770001
1728,1493852,S I 75,MILWAUKEE,2018-09-25,25,9,2018,11,3,8,1,,1,0,Asphalt,2,4,1,70,4,2,4,5,0,0,0,0,true,false,false,false,false,false,false,false,false,false,false,false,false,false,false,true,false,false,false,false,false,false,-83.05995,42.37377,"{
  ""coordinates"": [
    -8.305995065440430e+01,
    4.237376882643250e+01
  ],
  ""type"": ""Point""
}","{
  ""coordinates"": [
    -83.059950654,
    42.373768826
  ],
  ""type"": ""Point""
}",-83.059950654,42.3737688260001
1729,1483161,I-75,JOHN R,2018-09-25,25,9,2018,20,3,8,1,,1,0,Concrete,2,4,4,55,3,2,1,5,0,0,0,0,true,false,false,false,true,false,false,false,false,true,false,false,false,false,false,false,false,false,false,false,false,false,-83.05202,42.34018,"{
  ""coordinates"": [
    -8.305201979181180e+01,
    4.234017828523190e+01
  ],
  ""type"": ""Point""
}","{
  ""coordinates"": [
    -83.052019792,
    42.340178285
  ],
  ""type"": ""Point""
}",-83.052019792,42.340178285
1730,1499043,FORD,OUTER DR,2018-09-25,25,9,2018,13,3,5,1,,1,0,Asphalt,2,4,1,45,4,2,2,5,0,0,0,0,true,false,false,false,false,false,false,false,false,false,false,false,false,false,false,false,false,false,false,false,false,false,-82.9566,42.40616,"{
  ""coordinates"": [
    -8.295660724902230e+01,
    4.240615912555210e+01
  ],
  ""type"": ""Point""
}","{
  ""coordinates"": [
    -82.956607249,
    42.406159126
  ],
  ""type"": ""Point""
}",-82.9566072489999,42.406159126
1731,1483204,FORT,CORBIN,2018-09-25,25,9,2018,15,3,8,3,,1,0,Asphalt,1,2,1,45,4,2,3,5,0,0,0,0,true,false,false,false,false,false,false,false,false,false,false,false,false,false,false,true,false,false,false,false,false,false,-83.15958,42.2715,"{
  ""coordinates"": [
    -8.315957471035721e+01,
    4.227149531409470e+01
  ],
  ""type"": ""Point""
}","{
  ""coordinates"": [
    -83.15957471,
    42.271495314
  ],
  ""type"": ""Point""
}",-83.15957471,42.271495314
1732,1482191,FORT,VISGER,2018-09-25,25,9,2018,15,3,4,3,,1,0,Asphalt,2,4,1,35,2,2,2,5,0,0,0,0,true,false,false,false,true,false,false,false,false,false,false,false,false,false,false,false,false,false,true,false,false,false,-83.16154,42.26847,"{
  ""coordinates"": [
    -8.316154054876220e+01,
    4.226847160769950e+01
  ],
  ""type"": ""Point""
}","{
  ""coordinates"": [
    -83.161540549,
    42.268471608
  ],
  ""type"": ""Point""
}",-83.1615405489999,42.268471608
1733,1482163,GRAND,M 10 SERVICE,2018-09-25,25,9,2018,11,3,97,9,,,0,,2,2,1,30,3,2,0,4,0,0,0,1,false,false,false,false,true,false,false,false,false,false,false,false,true,false,false,false,false,false,false,false,false,false,-83.11581,42.39734,"{
  ""coordinates"": [
    -8.311580322377050e+01,
    4.239733326660000e+01
  ],
  ""type"": ""Point""
}","{
  ""coordinates"": [
    -83.115803224,
    42.397333267
  ],
  ""type"": ""Point""
}",-83.115803224,42.3973332670001
1734,1483207,FORT,I 75 SERVICE,2018-09-25,25,9,2018,16,3,4,3,,1,0,Asphalt,1,2,1,30,4,2,2,5,0,0,0,0,true,false,true,true,false,false,false,false,false,false,false,false,false,true,false,false,false,false,false,false,false,false,-83.1246,42.29811,"{
  ""coordinates"": [
    -8.312459943080070e+01,
    4.229810686175420e+01
  ],
  ""type"": ""Point""
}","{
  ""coordinates"": [
    -83.124599431,
    42.298106862
  ],
  ""type"": ""Point""
}",-83.124599431,42.2981068620001
1735,1494858,GRATIOT,FORDHAM,2018-09-25,25,9,2018,7,3,97,3,,1,0,Asphalt,2,2,1,35,4,2,2,5,0,0,0,0,true,false,false,false,false,false,false,false,false,false,false,false,false,false,false,false,false,false,false,false,false,false,-82.97826,42.43423,"{
  ""coordinates"": [
    -8.297825594047040e+01,
    4.243422633698590e+01
  ],
  ""type"": ""Point""
}","{
  ""coordinates"": [
    -82.97825594,
    42.434226337
  ],
  ""type"": ""Point""
}",-82.9782559399999,42.434226337
1736,1492967,RAMP 216D,E I 94,2018-09-25,25,9,2018,6,3,5,1,,1,0,Asphalt,2,4,4,55,3,2,2,5,0,0,0,0,true,false,false,false,false,false,false,false,false,false,false,false,false,false,false,false,false,false,false,false,false,false,-83.05776,42.36856,"{
  ""coordinates"": [
    -8.305776279732670e+01,
    4.236855648535850e+01
  ],
  ""type"": ""Point""
}","{
  ""coordinates"": [
    -83.057762797,
    42.368556485
  ],
  ""type"": ""Point""
}",-83.057762797,42.3685564850001
1737,1482152,SCHAEFER,MCNICHOLS,2018-09-25,25,9,2018,9,3,5,9,,4,0,Asphalt,2,2,1,30,4,2,2,5,0,0,0,0,true,false,false,false,true,false,false,false,false,false,false,false,false,false,false,false,false,false,false,false,false,false,-83.17981,42.41661,"{
  ""coordinates"": [
    -8.317980701618050e+01,
    4.241660931740540e+01
  ],
  ""type"": ""Point""
}","{
  ""coordinates"": [
    -83.179807016,
    42.416609317
  ],
  ""type"": ""Point""
}",-83.179807016,42.4166093170001
1738,1481276,FORT,SCHAEFER,2018-09-25,25,9,2018,7,3,97,3,,1,0,Asphalt,2,4,2,35,4,2,4,5,0,0,0,0,true,false,false,false,false,false,false,false,false,false,false,false,false,false,true,false,false,false,false,false,false,false,-83.15537,42.27652,"{
  ""coordinates"": [
    -8.315537225205500e+01,
    4.227652009543250e+01
  ],
  ""type"": ""Point""
}","{
  ""coordinates"": [
    -83.155372252,
    42.276520095
  ],
  ""type"": ""Point""
}",-83.1553722519999,42.2765200950001
1739,1486803,I-94,LIVERNOIS,2018-09-25,25,9,2018,0,3,1,1,,1,1,Asphalt,2,1,4,55,3,1,1,5,0,0,0,0,true,false,false,false,false,false,false,false,false,true,false,false,false,false,true,false,false,false,false,false,false,false,-83.12151,42.33884,"{
  ""coordinates"": [
    -8.312151081345100e+01,
    4.233884488229640e+01
  ],
  ""type"": ""Point""
}","{
  ""coordinates"": [
    -83.121510813,
    42.338844882
  ],
  ""type"": ""Point""
}",-83.121510813,42.338844882
1740,1486805,I-94,MORANG,2018-09-25,25,9,2018,20,3,1,1,,1,1,Asphalt,2,4,4,55,3,1,1,5,0,0,0,0,true,false,false,false,false,false,false,false,false,true,false,false,false,false,false,false,false,false,false,false,false,false,-82.93227,42.42041,"{
  ""coordinates"": [
    -8.293226711685810e+01,
    4.242040899085550e+01
  ],
  ""type"": ""Point""
}","{
  ""coordinates"": [
    -82.932267117,
    42.420408991
  ],
  ""type"": ""Point""
}",-82.932267117,42.420408991
1741,1486866,WOODWARD,WARREN,2018-09-25,25,9,2018,14,3,8,3,,1,0,Asphalt,1,1,1,30,4,2,1,5,0,0,0,0,true,false,false,false,true,false,false,false,false,false,false,false,false,true,false,false,false,false,false,false,false,false,-83.06429,42.35678,"{
  ""coordinates"": [
    -8.306428658620530e+01,
    4.235678494242270e+01
  ],
  ""type"": ""Point""
}","{
  ""coordinates"": [
    -83.064286586,
    42.356784942
  ],
  ""type"": ""Point""
}",-83.064286586,42.356784942
1742,1483225,I 75/GRATIOT CONN,GRATIOT,2018-09-25,25,9,2018,16,3,5,7,,1,0,Asphalt,2,1,1,30,3,2,3,5,0,0,0,0,true,false,false,false,false,false,false,false,false,false,false,false,false,false,false,false,false,false,false,false,false,false,-83.03687,42.34609,"{
  ""coordinates"": [
    -8.303687018811409e+01,
    4.234609287034730e+01
  ],
  ""type"": ""Point""
}","{
  ""coordinates"": [
    -83.036870188,
    42.34609287
  ],
  ""type"": ""Point""
}",-83.036870188,42.3460928700001
1743,1486797,I-94,FRONTENAC,2018-09-25,25,9,2018,12,3,8,1,,1,0,Asphalt,2,4,1,55,3,2,1,4,0,0,0,1,false,false,false,false,true,false,false,false,false,false,false,false,false,false,false,false,false,false,false,false,false,false,-83.02811,42.38428,"{
  ""coordinates"": [
    -8.302810931285970e+01,
    4.238428612403220e+01
  ],
  ""type"": ""Point""
}","{
  ""coordinates"": [
    -83.028109313,
    42.384286124
  ],
  ""type"": ""Point""
}",-83.028109313,42.384286124
1744,1485537,LAFAYETTE,N M 10,2018-09-25,25,9,2018,21,3,4,9,,4,0,Concrete,2,4,4,30,6,2,2,5,0,0,0,0,true,false,false,false,false,false,false,false,false,false,false,false,false,false,false,false,false,false,false,false,false,false,-83.0567,42.32787,"{
  ""coordinates"": [
    -8.305670012487720e+01,
    4.232787259974680e+01
  ],
  ""type"": ""Point""
}","{
  ""coordinates"": [
    -83.056700125,
    42.3278726
  ],
  ""type"": ""Point""
}",-83.056700125,42.3278726