ObjectId,Crash ID,Primary Road,Intersecting Road,Crash Date,Day,Month,Year,Hour,Weekday,Crash Type Code,Highway Classification Code,Community Code,Jurisdiction Code,Lane Departure Type Code,Surface Type,Road Condition,Weather Condition,Lighting Condition,Speed Limit,Lanes,Units,Occupants,Most Severe Injury,Fatal Injuries,Suspected Serious Injuries,Suspected Minor Injuries,Possible Injuries,Property Damage Only,Secondary Crash,Traffic Control,Red Light Run,Hit and Run,Alcohol,Drugs,Unbelted Person,Work Zone,Speeding Driver,Distracted Driver,Driveway,Pedestrian,Elderly Driver,Young Driver,Commercial Vehicle,Emergency Vehicles,Train,School Bus,Motorcycle,Bicycle,Deer,Longitude,Latitude,geom,geog,x,y
1799,1481320,BURT,FLORENCE,2018-09-24,24,9,2018,14,2,4,9,,4,0,Asphalt,1,1,1,35,2,2,1,5,0,0,0,0,true,false,true,false,true,false,false,false,false,false,false,false,false,false,false,false,false,false,false,false,false,false,-83.24752,42.40954,"{
  ""coordinates"": [
    -8.324751887124410e+01,
    4.240954181598250e+01
  ],
  ""type"": ""Point""
}","{
  ""coordinates"": [
    -83.247518871,
    42.409541816
  ],
  ""type"": ""Point""
}",-83.247518871,42.4095418160001
1800,1488785,I-75,DAVISON,2018-09-24,24,9,2018,8,2,8,1,,1,0,Concrete,1,1,1,70,3,2,1,5,0,0,0,0,true,false,false,false,false,false,false,false,false,false,false,false,false,false,false,true,false,false,false,false,false,false,-83.07949,42.40896,"{
  ""coordinates"": [
    -8.307949428723380e+01,
    4.240895703829340e+01
  ],
  ""type"": ""Point""
}","{
  ""coordinates"": [
    -83.079494287,
    42.408957038
  ],
  ""type"": ""Point""
}",-83.079494287,42.408957038
1801,1498383,RAMP 213N,W I 94,2018-09-24,24,9,2018,17,2,8,1,,1,0,Asphalt,1,2,1,55,3,2,4,5,0,0,0,0,true,false,false,false,true,false,false,false,false,false,false,false,false,false,false,true,false,false,false,false,false,false,-83.10385,42.34876,"{
  ""coordinates"": [
    -8.310385436461610e+01,
    4.234875805775390e+01
  ],
  ""type"": ""Point""
}","{
  ""coordinates"": [
    -83.103854365,
    42.348758058
  ],
  ""type"": ""Point""
}",-83.103854365,42.348758058
1802,1481280,WOODWARD,ENDICOTT,2018-09-24,24,9,2018,16,2,8,3,,1,0,Asphalt,2,4,1,30,4,3,3,4,0,0,0,1,false,false,false,false,false,false,false,false,false,false,false,false,false,false,false,true,false,false,false,false,false,false,-83.07141,42.36735,"{
  ""coordinates"": [
    -8.307140893688060e+01,
    4.236734823289940e+01
  ],
  ""type"": ""Point""
}","{
  ""coordinates"": [
    -83.071408937,
    42.367348233
  ],
  ""type"": ""Point""
}",-83.0714089369999,42.367348233
1803,1565957,AMSTERDAM,SECOND,2018-09-24,24,9,2018,15,2,5,9,,,0,,1,2,1,,1,2,2,5,0,0,0,0,true,false,false,false,false,false,false,false,false,false,false,false,false,true,false,false,false,false,false,false,false,false,-83.07275,42.36596,"{
  ""coordinates"": [
    -8.307274461957149e+01,
    4.236596463342770e+01
  ],
  ""type"": ""Point""
}","{
  ""coordinates"": [
    -83.07274462,
    42.365964633
  ],
  ""type"": ""Point""
}",-83.07274462,42.365964633
1804,1482145,N I 75,GRAND,2018-09-24,24,9,2018,22,2,5,1,,1,0,Asphalt,2,4,4,70,4,2,4,5,0,0,0,0,true,false,false,false,false,false,false,false,false,false,false,false,false,false,true,false,false,false,false,false,false,false,-83.06006,42.37456,"{
  ""coordinates"": [
    -8.306006013959519e+01,
    4.237456119156450e+01
  ],
  ""type"": ""Point""
}","{
  ""coordinates"": [
    -83.06006014,
    42.374561192
  ],
  ""type"": ""Point""
}",-83.06006014,42.374561192
1805,1481350,STURTEVANT,LINWOOD,2018-09-24,24,9,2018,15,2,5,9,,,0,,2,4,1,25,2,2,3,5,0,0,0,0,true,false,false,false,false,false,false,false,false,false,false,false,false,true,false,false,false,false,false,false,false,false,-83.11842,42.38796,"{
  ""coordinates"": [
    -8.311842326348130e+01,
    4.238795973714770e+01
  ],
  ""type"": ""Point""
}","{
  ""coordinates"": [
    -83.118423263,
    42.387959737
  ],
  ""type"": ""Point""
}",-83.118423263,42.3879597370001
1806,1483250,LANTZ,MITCHELL,2018-09-24,24,9,2018,14,2,8,9,,,0,,2,4,1,25,1,3,1,5,0,0,0,0,true,false,false,false,true,false,false,false,false,false,false,false,false,false,false,false,false,false,false,false,false,false,-83.07304,42.4379,"{
  ""coordinates"": [
    -8.307304739072960e+01,
    4.243789903638910e+01
  ],
  ""type"": ""Point""
}","{
  ""coordinates"": [
    -83.073047391,
    42.437899036
  ],
  ""type"": ""Point""
}",-83.073047391,42.437899036
1807,1481306,RUTHERFORD,WARREN,2018-09-24,24,9,2018,1,2,2,9,,,2,,1,1,4,25,2,2,3,4,0,0,0,3,false,false,false,false,false,true,false,false,false,false,false,false,false,false,false,false,true,false,false,false,false,false,-83.20118,42.34401,"{
  ""coordinates"": [
    -8.320117906885420e+01,
    4.234401188925250e+01
  ],
  ""type"": ""Point""
}","{
  ""coordinates"": [
    -83.201179069,
    42.344011889
  ],
  ""type"": ""Point""
}",-83.201179069,42.3440118890001
1808,1483248,GARVIN,CONANT,2018-09-24,24,9,2018,16,2,4,9,,,0,,2,2,1,30,4,2,5,5,0,0,0,0,true,false,false,false,false,false,false,false,false,true,false,false,false,false,false,true,false,false,true,false,false,false,-83.05827,42.41077,"{
  ""coordinates"": [
    -8.305827488120610e+01,
    4.241076584593240e+01
  ],
  ""type"": ""Point""
}","{
  ""coordinates"": [
    -83.058274881,
    42.410765846
  ],
  ""type"": ""Point""
}",-83.058274881,42.4107658460001
1809,1488760,I-96,I-75,2018-09-24,24,9,2018,22,2,1,1,,1,1,Asphalt,2,4,4,55,2,1,1,5,0,0,0,0,true,false,false,false,false,false,false,false,false,true,false,false,false,false,false,true,false,false,false,false,false,false,-83.08418,42.32548,"{
  ""coordinates"": [
    -8.308417948497539e+01,
    4.232547970187790e+01
  ],
  ""type"": ""Point""
}","{
  ""coordinates"": [
    -83.084179485,
    42.325479702
  ],
  ""type"": ""Point""
}",-83.0841794849999,42.3254797020001
1810,1482184,E I 94 SERVICE DRIVE,VAN DYKE,2018-09-24,24,9,2018,14,2,97,3,,4,0,Asphalt,1,1,1,25,1,2,3,5,0,0,0,0,true,false,false,false,false,false,false,false,false,false,false,false,false,true,false,false,false,false,false,false,false,false,-83.01986,42.38579,"{
  ""coordinates"": [
    -8.301985954819440e+01,
    4.238579072730720e+01
  ],
  ""type"": ""Point""
}","{
  ""coordinates"": [
    -83.019859548,
    42.385790727
  ],
  ""type"": ""Point""
}",-83.0198595479999,42.385790727
1811,1488786,I-96,GREENFIELD,2018-09-24,24,9,2018,6,2,1,1,,1,0,Concrete,1,1,2,55,3,1,2,5,0,0,0,0,true,false,false,false,false,false,false,false,false,false,false,false,false,false,false,false,false,false,false,false,false,false,-83.18858,42.38031,"{
  ""coordinates"": [
    -8.318858663782861e+01,
    4.238030640999770e+01
  ],
  ""type"": ""Point""
}","{
  ""coordinates"": [
    -83.188586638,
    42.38030641
  ],
  ""type"": ""Point""
}",-83.1885866379999,42.3803064100001
1812,1482194,GRAND RIVER,WESTBROOK,2018-09-24,24,9,2018,16,2,97,3,,1,0,Asphalt,2,4,1,35,4,2,2,5,0,0,0,0,true,false,true,true,false,false,false,false,false,false,false,true,false,true,false,false,false,false,false,false,false,false,-83.25182,42.41417,"{
  ""coordinates"": [
    -8.325182670159801e+01,
    4.241417328270450e+01
  ],
  ""type"": ""Point""
}","{
  ""coordinates"": [
    -83.251826702,
    42.414173283
  ],
  ""type"": ""Point""
}",-83.251826702,42.414173283
1813,1497546,TIREMAN,PAYNE,2018-09-24,24,9,2018,17,2,8,9,,2,0,Asphalt,2,4,1,30,2,2,3,4,0,0,0,1,false,false,false,false,false,false,false,false,false,false,false,false,false,false,false,false,true,false,false,false,false,false,-83.19196,42.35098,"{
  ""coordinates"": [
    -8.319196022089000e+01,
    4.235097897738510e+01
  ],
  ""type"": ""Point""
}","{
  ""coordinates"": [
    -83.191960221,
    42.350978977
  ],
  ""type"": ""Point""
}",-83.191960221,42.3509789770001
1814,1481315,W I 96,RAMP 008Q,2018-09-24,24,9,2018,16,2,97,1,,1,0,Concrete,2,4,1,55,2,2,1,5,0,0,0,0,true,false,false,false,true,false,false,false,false,false,false,false,false,false,false,false,false,false,false,false,false,false,-83.21249,42.37885,"{
  ""coordinates"": [
    -8.321248761953311e+01,
    4.237884504434210e+01
  ],
  ""type"": ""Point""
}","{
  ""coordinates"": [
    -83.21248762,
    42.378845044
  ],
  ""type"": ""Point""
}",-83.21248762,42.3788450440001
1815,1481283,JOHN KRONK,CENTRAL,2018-09-24,24,9,2018,15,2,4,9,,4,0,Asphalt,2,3,1,,2,2,2,5,0,0,0,0,true,false,false,false,false,false,false,false,false,false,false,false,false,false,false,false,false,false,false,false,false,false,-83.13168,42.32278,"{
  ""coordinates"": [
    -8.313168665371280e+01,
    4.232278374210420e+01
  ],
  ""type"": ""Point""
}","{
  ""coordinates"": [
    -83.131686654,
    42.322783742
  ],
  ""type"": ""Point""
}",-83.131686654,42.3227837420001
1816,1482198,7 MILE,SAINT MARYS,2018-09-24,24,9,2018,4,2,5,9,,2,3,Asphalt,1,1,4,35,4,2,0,5,0,0,0,0,true,false,false,false,true,false,false,false,false,false,false,false,false,false,false,false,false,false,false,false,false,false,-83.20707,42.43032,"{
  ""coordinates"": [
    -8.320706974110431e+01,
    4.243031609728240e+01
  ],
  ""type"": ""Point""
}","{
  ""coordinates"": [
    -83.207069741,
    42.430316097
  ],
  ""type"": ""Point""
}",-83.2070697409999,42.4303160970001
1817,1483232,W I 94,MOUNT ELLIOTT,2018-09-24,24,9,2018,9,2,97,1,,1,0,Asphalt,1,1,1,40,6,2,1,5,0,0,0,0,true,false,false,false,true,false,false,false,true,false,false,false,false,false,false,false,false,false,false,false,false,false,-83.03413,42.37912,"{
  ""coordinates"": [
    -8.303412294579360e+01,
    4.237912342017800e+01
  ],
  ""type"": ""Point""
}","{
  ""coordinates"": [
    -83.034122946,
    42.37912342
  ],
  ""type"": ""Point""
}",-83.034122946,42.37912342
1818,1481352,NORTHFIELD,TIREMAN,2018-09-24,24,9,2018,16,2,4,9,,,0,,2,4,97,30,2,2,4,3,0,0,1,1,false,false,false,false,false,true,false,false,false,false,false,false,false,false,false,false,false,false,false,false,false,false,-83.12554,42.3517,"{
  ""coordinates"": [
    -8.312554064650290e+01,
    4.235170252493270e+01
  ],
  ""type"": ""Point""
}","{
  ""coordinates"": [
    -83.125540647,
    42.351702525
  ],
  ""type"": ""Point""
}",-83.125540647,42.3517025250001
1819,1484210,GRAND RIVER,BAGLEY,2018-09-24,24,9,2018,16,2,8,9,,4,0,Asphalt,2,4,1,,2,2,0,5,0,0,0,0,true,false,false,false,true,false,false,false,false,false,false,false,false,false,false,false,false,false,false,false,false,false,-83.05307,42.33399,"{
  ""coordinates"": [
    -8.305307020042480e+01,
    4.233398770959800e+01
  ],
  ""type"": ""Point""
}","{
  ""coordinates"": [
    -83.0530702,
    42.33398771
  ],
  ""type"": ""Point""
}",-83.0530702,42.33398771
1820,1503957,7 MILE,CLIFF,2018-09-24,24,9,2018,17,2,4,9,,4,0,Asphalt,2,4,97,35,2,2,4,4,0,0,0,1,false,false,false,false,false,false,false,false,false,false,false,false,false,false,false,false,false,false,false,false,false,false,-83.02881,42.43388,"{
  ""coordinates"": [
    -8.302880733345020e+01,
    4.243387587775860e+01
  ],
  ""type"": ""Point""
}","{
  ""coordinates"": [
    -83.028807333,
    42.433875878
  ],
  ""type"": ""Point""
}",-83.028807333,42.433875878
1821,1482143,W I 96,GRAND RIVER,2018-09-24,24,9,2018,18,2,5,1,,1,0,Concrete,2,2,4,70,3,2,2,4,0,0,0,1,false,false,false,false,false,false,false,false,false,false,false,false,false,false,false,false,false,false,false,false,false,false,-83.17577,42.38388,"{
  ""coordinates"": [
    -8.317577159617019e+01,
    4.238388528952010e+01
  ],
  ""type"": ""Point""
}","{
  ""coordinates"": [
    -83.175771596,
    42.38388529
  ],
  ""type"": ""Point""
}",-83.1757715959999,42.3838852900001
1822,1481291,EDSEL FORD SERVICE,LAKEWOOD,2018-09-24,24,9,2018,12,2,1,9,,5,1,Asphalt,1,2,1,25,3,1,1,4,0,0,0,1,false,false,false,false,false,false,false,false,false,false,true,false,false,true,false,false,false,false,false,false,false,false,-82.96539,42.40308,"{
  ""coordinates"": [
    -8.296538833897880e+01,
    4.240308491753130e+01
  ],
  ""type"": ""Point""
}","{
  ""coordinates"": [
    -82.965388339,
    42.403084918
  ],
  ""type"": ""Point""
}",-82.965388339,42.403084918
1823,1486855,S M 10 SERVICE DRIVE,FOREST,2018-09-24,24,9,2018,7,2,5,9,,4,0,Asphalt,2,4,4,25,2,2,2,5,0,0,0,0,true,true,false,false,false,false,false,false,false,false,false,false,false,false,false,false,false,false,false,false,false,false,-83.07269,42.3515,"{
  ""coordinates"": [
    -8.307268404322851e+01,
    4.235150314010520e+01
  ],
  ""type"": ""Point""
}","{
  ""coordinates"": [
    -83.072684043,
    42.35150314
  ],
  ""type"": ""Point""
}",-83.072684043,42.35150314
1824,1482153,JOY,WARD,2018-09-24,24,9,2018,16,2,5,9,,4,0,Asphalt,2,4,1,30,2,2,2,5,0,0,0,0,true,false,false,false,true,false,false,false,false,false,false,false,false,false,true,false,false,false,false,false,false,false,-83.17267,42.35864,"{
  ""coordinates"": [
    -8.317266750982969e+01,
    4.235864220854270e+01
  ],
  ""type"": ""Point""
}","{
  ""coordinates"": [
    -83.17266751,
    42.358642209
  ],
  ""type"": ""Point""
}",-83.1726675099999,42.358642209
1825,1498304,S M 10,7 MILE,2018-09-24,24,9,2018,7,2,5,3,,1,0,Concrete,1,1,1,55,3,3,3,5,0,0,0,0,true,false,false,false,false,false,false,false,false,false,true,false,false,false,false,false,false,false,false,false,false,false,-83.18594,42.42971,"{
  ""coordinates"": [
    -8.318593542495090e+01,
    4.242971308618120e+01
  ],
  ""type"": ""Point""
}","{
  ""coordinates"": [
    -83.185935425,
    42.429713086
  ],
  ""type"": ""Point""
}",-83.185935425,42.429713086
1826,1482219,SCHAEFER,OUTER,2018-09-24,24,9,2018,18,2,8,9,,4,0,Asphalt,2,4,1,25,4,2,4,5,0,0,0,0,true,false,false,false,false,false,false,true,false,false,false,false,false,false,false,false,false,false,false,false,false,false,-83.17999,42.42051,"{
  ""coordinates"": [
    -8.317999076432460e+01,
    4.242050531284360e+01
  ],
  ""type"": ""Point""
}","{
  ""coordinates"": [
    -83.179990764,
    42.420505313
  ],
  ""type"": ""Point""
}",-83.179990764,42.420505313
1827,1484167,I-94,14TH,2018-09-24,24,9,2018,10,2,8,1,,1,0,Asphalt,1,2,1,55,3,2,2,5,0,0,0,0,true,false,false,false,false,false,false,false,false,false,true,false,false,false,false,false,false,false,false,false,false,false,-83.09084,42.35285,"{
  ""coordinates"": [
    -8.309084382401861e+01,
    4.235284702823940e+01
  ],
  ""type"": ""Point""
}","{
  ""coordinates"": [
    -83.090843824,
    42.352847028
  ],
  ""type"": ""Point""
}",-83.090843824,42.352847028
1828,1506307,I75,M8,2018-09-24,24,9,2018,17,2,8,1,,1,0,Asphalt,2,4,1,55,2,2,1,5,0,0,0,0,true,false,false,false,true,false,false,false,false,false,false,false,false,false,false,false,false,false,false,false,false,false,-83.08176,42.41127,"{
  ""coordinates"": [
    -8.308176593857129e+01,
    4.241126916875670e+01
  ],
  ""type"": ""Point""
}","{
  ""coordinates"": [
    -83.081765939,
    42.411269169
  ],
  ""type"": ""Point""
}",-83.081765939,42.411269169
1829,1506405,HUBBELL,CLARITA,2018-09-24,24,9,2018,15,2,4,9,,4,0,Asphalt,1,1,1,25,2,2,1,5,0,0,0,0,true,false,false,false,false,false,false,false,false,false,false,false,false,false,false,false,false,false,false,false,false,false,-83.18987,42.42837,"{
  ""coordinates"": [
    -8.318986181629140e+01,
    4.242836995536440e+01
  ],
  ""type"": ""Point""
}","{
  ""coordinates"": [
    -83.189861816,
    42.428369955
  ],
  ""type"": ""Point""
}",-83.189861816,42.4283699550001
1830,1482197,MCNICHOLS,S M 39,2018-09-24,24,9,2018,7,2,5,9,,2,0,Asphalt,1,1,1,,4,2,1,4,0,0,0,1,false,false,false,false,true,false,false,false,false,false,false,false,false,false,false,false,false,false,false,false,false,false,-83.21903,42.41554,"{
  ""coordinates"": [
    -8.321903439059371e+01,
    4.241554394570220e+01
  ],
  ""type"": ""Point""
}","{
  ""coordinates"": [
    -83.219034391,
    42.415543946
  ],
  ""type"": ""Point""
}",-83.219034391,42.4155439460001
1831,1484231,TELEGRAPH,7 MILE,2018-09-24,24,9,2018,8,2,6,2,,1,0,Asphalt,1,2,1,45,4,2,3,5,0,0,0,0,true,false,false,false,true,false,false,false,false,false,false,false,false,false,true,false,false,false,false,false,false,false,-83.27797,42.42838,"{
  ""coordinates"": [
    -8.327796999128380e+01,
    4.242838343840970e+01
  ],
  ""type"": ""Point""
}","{
  ""coordinates"": [
    -83.277969991,
    42.428383438
  ],
  ""type"": ""Point""
}",-83.277969991,42.428383438
1832,1481282,FORT,STOCKER,2018-09-24,24,9,2018,14,2,9,3,,1,2,Asphalt,1,2,1,35,6,2,2,4,0,0,0,2,false,false,false,false,false,false,false,false,false,false,false,false,false,true,false,false,false,false,false,false,false,false,-83.14961,42.28301,"{
  ""coordinates"": [
    -8.314961280109220e+01,
    4.228301068868440e+01
  ],
  ""type"": ""Point""
}","{
  ""coordinates"": [
    -83.149612801,
    42.283010689
  ],
  ""type"": ""Point""
}",-83.149612801,42.283010689
1833,1481325,GRAND RIVER,OAKFIELD,2018-09-24,24,9,2018,12,2,5,3,,1,0,Asphalt,1,2,1,35,3,2,3,5,0,0,0,0,true,false,false,false,false,false,false,false,false,false,false,false,false,false,false,false,false,false,false,false,false,false,-83.21397,42.39896,"{
  ""coordinates"": [
    -8.321397505903779e+01,
    4.239895846266360e+01
  ],
  ""type"": ""Point""
}","{
  ""coordinates"": [
    -83.213975059,
    42.398958463
  ],
  ""type"": ""Point""
}",-83.2139750589999,42.398958463
1834,1482182,HELEN,FOREST,2018-09-24,24,9,2018,1,2,2,9,,,2,,1,1,4,25,2,2,2,5,0,0,0,0,true,false,false,false,true,false,false,false,true,false,false,false,false,false,false,false,false,false,false,false,false,false,-83.01911,42.3709,"{
  ""coordinates"": [
    -8.301911340892271e+01,
    4.237089457836090e+01
  ],
  ""type"": ""Point""
}","{
  ""coordinates"": [
    -83.019113409,
    42.370894578
  ],
  ""type"": ""Point""
}",-83.0191134089999,42.370894578
1835,1483251,DAVISON,CONANT,2018-09-24,24,9,2018,14,2,8,3,,1,0,Asphalt,2,2,1,35,3,2,3,4,0,0,0,1,false,false,false,false,false,false,false,false,false,false,false,true,false,false,false,false,false,false,false,false,false,false,-83.06156,42.4155,"{
  ""coordinates"": [
    -8.306155972917260e+01,
    4.241549563780560e+01
  ],
  ""type"": ""Point""
}","{
  ""coordinates"": [
    -83.061559729,
    42.415495638
  ],
  ""type"": ""Point""
}",-83.061559729,42.415495638
1836,1482142,W I 96,GRAND RIVER,2018-09-24,24,9,2018,18,2,5,1,,1,0,Concrete,2,4,1,70,3,2,1,4,0,0,0,1,false,false,false,false,false,false,false,false,false,true,false,false,false,false,false,false,false,false,false,false,false,false,-83.17522,42.384,"{
  ""coordinates"": [
    -8.317522724800151e+01,
    4.238400262089260e+01
  ],
  ""type"": ""Point""
}","{
  ""coordinates"": [
    -83.175227248,
    42.384002621
  ],
  ""type"": ""Point""
}",-83.1752272479999,42.384002621
1837,1481258,RAMP 109D,RAMP 109A,2018-09-24,24,9,2018,23,2,1,3,,1,1,Concrete,2,4,4,55,1,1,1,5,0,0,0,0,true,false,false,false,false,false,false,false,false,true,true,false,false,false,false,false,false,false,false,false,false,false,-83.10875,42.39758,"{
  ""coordinates"": [
    -8.310875141695480e+01,
    4.239758322083660e+01
  ],
  ""type"": ""Point""
}","{
  ""coordinates"": [
    -83.108751417,
    42.397583221
  ],
  ""type"": ""Point""
}",-83.108751417,42.397583221
1838,1486859,E I 96 SERVICE DRIVE,MARTIN LUTHER KING JR,2018-09-24,24,9,2018,7,2,5,1,,4,0,Asphalt,1,1,1,25,1,3,2,5,0,0,0,0,true,false,false,false,true,false,false,false,false,false,false,false,false,false,false,false,false,false,false,false,false,false,-83.09121,42.33609,"{
  ""coordinates"": [
    -8.309120745930581e+01,
    4.233608754910100e+01
  ],
  ""type"": ""Point""
}","{
  ""coordinates"": [
    -83.091207459,
    42.336087549
  ],
  ""type"": ""Point""
}",-83.091207459,42.3360875490001
1839,1481343,7 MILE,WALTHAM,2018-09-24,24,9,2018,15,2,4,9,,4,0,Asphalt,2,4,1,30,2,2,2,4,0,0,0,1,false,true,true,false,false,false,false,false,false,false,false,false,false,false,false,false,false,false,false,false,false,false,-82.99486,42.4347,"{
  ""coordinates"": [
    -8.299485886015840e+01,
    4.243470330599250e+01
  ],
  ""type"": ""Point""
}","{
  ""coordinates"": [
    -82.99485886,
    42.434703306
  ],
  ""type"": ""Point""
}",-82.99485886,42.4347033060001
1840,1482141,MACK,S I 75,2018-09-24,24,9,2018,0,2,5,9,,4,0,Asphalt,1,1,4,35,2,2,2,4,0,0,0,1,false,false,false,false,false,false,false,false,false,false,false,false,false,false,false,false,false,false,false,false,false,false,-83.04799,42.35115,"{
  ""coordinates"": [
    -8.304799115781680e+01,
    4.235115314076980e+01
  ],
  ""type"": ""Point""
}","{
  ""coordinates"": [
    -83.047991158,
    42.351153141
  ],
  ""type"": ""Point""
}",-83.0479911579999,42.3511531410001
1841,1481269,I 96,LIVERNOIS,2018-09-24,24,9,2018,17,2,1,1,,1,1,Asphalt,2,2,1,70,4,1,1,5,0,0,0,0,true,false,false,false,false,false,false,false,false,true,false,false,false,false,false,false,false,false,false,false,false,false,-83.14299,42.36916,"{
  ""coordinates"": [
    -8.314298646598490e+01,
    4.236916187099250e+01
  ],
  ""type"": ""Point""
}","{
  ""coordinates"": [
    -83.142986466,
    42.369161871
  ],
  ""type"": ""Point""
}",-83.142986466,42.3691618710001
1842,1487999,RAMP 938E,TRUMBULL,2018-09-24,24,9,2018,18,2,1,1,,1,1,Asphalt,2,4,1,55,2,1,1,2,0,1,0,0,false,false,false,false,false,false,false,false,false,true,false,false,false,false,false,false,false,false,false,false,false,false,-83.06889,42.33405,"{
  ""coordinates"": [
    -8.306889141727950e+01,
    4.233404838512270e+01
  ],
  ""type"": ""Point""
}","{
  ""coordinates"": [
    -83.068891417,
    42.334048385
  ],
  ""type"": ""Point""
}",-83.068891417,42.3340483850001
1843,1482167,JEFFERSON,HOLCOMB,2018-09-24,24,9,2018,2,2,97,9,,4,1,Asphalt,1,1,3,35,4,1,1,5,0,0,0,0,true,false,false,false,true,false,false,true,false,false,false,false,false,false,false,false,false,false,false,false,false,false,-82.9864,42.3574,"{
  ""coordinates"": [
    -8.298639978763680e+01,
    4.235740166432880e+01
  ],
  ""type"": ""Point""
}","{
  ""coordinates"": [
    -82.986399788,
    42.357401664
  ],
  ""type"": ""Point""
}",-82.986399788,42.3574016640001
1844,1489740,GRAND RIVER,GREYDALE,2018-09-24,24,9,2018,15,2,4,3,,1,0,Asphalt,2,4,1,35,4,2,5,5,0,0,0,0,true,false,false,false,false,false,false,false,false,false,false,false,false,false,false,false,false,false,false,false,false,false,-83.25626,42.41594,"{
  ""coordinates"": [
    -8.325625280065771e+01,
    4.241593665466530e+01
  ],
  ""type"": ""Point""
}","{
  ""coordinates"": [
    -83.256252801,
    42.415936655
  ],
  ""type"": ""Point""
}",-83.256252801,42.4159366550001
1845,1483171,I96,LIVERNOIS,2018-09-24,24,9,2018,22,2,1,1,,1,1,Asphalt,2,4,4,55,4,1,1,5,0,0,0,0,true,false,false,false,false,false,false,false,false,false,false,false,false,true,false,false,false,false,false,false,false,false,-83.13702,42.36672,"{
  ""coordinates"": [
    -8.313701446353279e+01,
    4.236672145554670e+01
  ],
  ""type"": ""Point""
}","{
  ""coordinates"": [
    -83.137014464,
    42.366721456
  ],
  ""type"": ""Point""
}",-83.1370144639999,42.3667214560001
1846,1486860,CASS,GRAND RIVER,2018-09-24,24,9,2018,21,2,3,9,,4,0,Asphalt,2,4,4,30,3,2,4,5,0,0,0,0,true,false,false,false,false,true,true,false,false,false,false,false,false,false,false,false,false,false,false,false,false,false,-83.05669,42.3385,"{
  ""coordinates"": [
    -8.305669784454579e+01,
    4.233850512288310e+01
  ],
  ""type"": ""Point""
}","{
  ""coordinates"": [
    -83.056697845,
    42.338505123
  ],
  ""type"": ""Point""
}",-83.056697845,42.3385051230001
1847,1481287,CENTRAL,E I 94,2018-09-24,24,9,2018,15,2,4,9,,4,0,Asphalt,2,4,1,25,2,2,4,4,0,0,0,1,false,false,false,false,false,false,false,false,false,false,false,false,false,false,false,false,false,false,false,false,false,false,-83.13844,42.33235,"{
  ""coordinates"": [
    -8.313843507794910e+01,
    4.233234626221030e+01
  ],
  ""type"": ""Point""
}","{
  ""coordinates"": [
    -83.138435078,
    42.332346262
  ],
  ""type"": ""Point""
}",-83.138435078,42.332346262
1848,1498302,S M 10,WEBB,2018-09-24,24,9,2018,6,2,8,3,,1,0,Concrete,1,1,2,55,4,2,2,5,0,0,0,0,true,false,false,false,false,false,false,false,false,false,false,false,false,false,false,true,false,false,false,false,false,false,-83.10219,42.38767,"{
  ""coordinates"": [
    -8.310218809309580e+01,
    4.238766892575070e+01
  ],
  ""type"": ""Point""
}","{
  ""coordinates"": [
    -83.102188093,
    42.387668926
  ],
  ""type"": ""Point""
}",-83.1021880929999,42.3876689260001
1849,1486785,I-96,LIVERNOIS,2018-09-24,24,9,2018,7,2,5,1,,1,0,Asphalt,1,1,1,55,3,2,2,5,0,0,0,0,true,false,false,false,false,false,false,false,false,false,false,false,false,true,false,false,false,false,false,false,false,false,-83.13859,42.36711,"{
  ""coordinates"": [
    -8.313858917632960e+01,
    4.236710750050250e+01
  ],
  ""type"": ""Point""
}","{
  ""coordinates"": [
    -83.138589176,
    42.367107501
  ],
  ""type"": ""Point""
}",-83.138589176,42.3671075010001
1850,1482210,8 MILE,CALDWELL,2018-09-24,24,9,2018,12,2,5,3,,1,0,Asphalt,1,1,1,40,4,2,1,5,0,0,0,0,true,false,false,false,true,false,false,false,false,false,false,false,false,false,false,false,false,false,false,false,false,false,-83.04702,42.44768,"{
  ""coordinates"": [
    -8.304702274870250e+01,
    4.244767759550810e+01
  ],
  ""type"": ""Point""
}","{
  ""coordinates"": [
    -83.047022749,
    42.447677596
  ],
  ""type"": ""Point""
}",-83.047022749,42.4476775960001
1851,1483240,MCDOUGALL,GRATIOT,2018-09-24,24,9,2018,3,2,1,3,,4,0,Asphalt,1,1,4,25,2,1,0,5,0,0,0,0,true,false,false,false,false,false,false,false,false,false,false,false,false,false,false,false,false,false,false,false,false,false,-83.02895,42.35707,"{
  ""coordinates"": [
    -8.302895651347390e+01,
    4.235707013602820e+01
  ],
  ""type"": ""Point""
}","{
  ""coordinates"": [
    -83.028956513,
    42.357070136
  ],
  ""type"": ""Point""
}",-83.028956513,42.3570701360001
1852,1485585,N I 75 SERVICE DRIVE,REMINGTON,2018-09-24,24,9,2018,17,2,5,9,,4,0,Asphalt,2,4,1,30,4,2,2,5,0,0,0,0,true,false,false,false,false,false,false,false,false,false,false,false,false,false,false,false,false,false,false,false,false,false,-83.09456,42.44229,"{
  ""coordinates"": [
    -8.309455623214730e+01,
    4.244228981114750e+01
  ],
  ""type"": ""Point""
}","{
  ""coordinates"": [
    -83.094556232,
    42.442289811
  ],
  ""type"": ""Point""
}",-83.0945562319999,42.4422898110001