ObjectId,Crash ID,Primary Road,Intersecting Road,Crash Date,Day,Month,Year,Hour,Weekday,Crash Type Code,Highway Classification Code,Community Code,Jurisdiction Code,Lane Departure Type Code,Surface Type,Road Condition,Weather Condition,Lighting Condition,Speed Limit,Lanes,Units,Occupants,Most Severe Injury,Fatal Injuries,Suspected Serious Injuries,Suspected Minor Injuries,Possible Injuries,Property Damage Only,Secondary Crash,Traffic Control,Red Light Run,Hit and Run,Alcohol,Drugs,Unbelted Person,Work Zone,Speeding Driver,Distracted Driver,Driveway,Pedestrian,Elderly Driver,Young Driver,Commercial Vehicle,Emergency Vehicles,Train,School Bus,Motorcycle,Bicycle,Deer,Longitude,Latitude,geom,geog,x,y
1853,1481252,RAMP 018B,RAMP 018A,2018-09-24,24,9,2018,18,2,1,1,,1,1,Asphalt,2,4,3,35,2,1,1,5,0,0,0,0,true,false,false,false,false,false,false,false,false,true,false,false,false,false,false,false,false,false,false,false,false,false,-83.04235,42.3396,"{
  ""coordinates"": [
    -8.304235025201790e+01,
    4.233960396671180e+01
  ],
  ""type"": ""Point""
}","{
  ""coordinates"": [
    -83.042350252,
    42.339603967
  ],
  ""type"": ""Point""
}",-83.0423502519999,42.3396039670001
1854,1482207,8 MILE,VANDYKE,2018-09-24,24,9,2018,14,2,4,3,,1,0,Asphalt,1,1,1,40,4,2,3,4,0,0,0,1,false,false,true,true,false,false,false,false,false,false,false,false,false,false,false,true,false,false,false,false,false,false,-83.02459,42.44816,"{
  ""coordinates"": [
    -8.302458925518590e+01,
    4.244816280226670e+01
  ],
  ""type"": ""Point""
}","{
  ""coordinates"": [
    -83.024589255,
    42.448162802
  ],
  ""type"": ""Point""
}",-83.024589255,42.4481628020001
1855,1486842,CASS,GRAND,2018-09-24,24,9,2018,9,2,8,9,,4,0,Asphalt,1,1,1,25,1,2,2,5,0,0,0,0,true,false,false,false,false,false,false,false,false,false,false,false,false,false,false,false,false,false,false,false,false,false,-83.07459,42.36937,"{
  ""coordinates"": [
    -8.307459501826480e+01,
    4.236936740174300e+01
  ],
  ""type"": ""Point""
}","{
  ""coordinates"": [
    -83.074595018,
    42.369367402
  ],
  ""type"": ""Point""
}",-83.074595018,42.3693674020001
1856,1483179,I 75,MCNICHOLS,2018-09-24,24,9,2018,1,2,1,1,,1,1,Asphalt,1,1,4,70,4,1,1,5,0,0,0,0,true,false,false,false,false,false,false,false,false,true,false,false,false,false,false,false,false,false,false,false,false,false,-83.08813,42.4187,"{
  ""coordinates"": [
    -8.308813142079610e+01,
    4.241870004572130e+01
  ],
  ""type"": ""Point""
}","{
  ""coordinates"": [
    -83.088131421,
    42.418700046
  ],
  ""type"": ""Point""
}",-83.088131421,42.418700046
1857,1482174,SOUTHFIELD SERVICE DRIVE,PLYMOUTH,2018-09-24,24,9,2018,6,2,8,9,,4,0,Asphalt,1,1,1,55,4,2,1,5,0,0,0,0,true,false,false,false,true,false,false,false,false,false,false,false,false,false,false,false,false,false,false,false,false,false,-83.21626,42.37226,"{
  ""coordinates"": [
    -8.321626535709390e+01,
    4.237226008352830e+01
  ],
  ""type"": ""Point""
}","{
  ""coordinates"": [
    -83.216265357,
    42.372260084
  ],
  ""type"": ""Point""
}",-83.2162653569999,42.3722600840001
1858,1483254,DEQUINDRE,8 MILE,2018-09-24,24,9,2018,17,2,5,3,,4,0,Asphalt,2,4,1,35,6,2,2,5,0,0,0,0,true,false,false,false,false,false,false,false,false,false,false,false,false,false,true,false,false,false,false,false,false,false,-83.08337,42.44684,"{
  ""coordinates"": [
    -8.308336311379320e+01,
    4.244684207879030e+01
  ],
  ""type"": ""Point""
}","{
  ""coordinates"": [
    -83.083363114,
    42.446842079
  ],
  ""type"": ""Point""
}",-83.083363114,42.4468420790001
1859,1483234,W I 94,N HARPER/S I 94,2018-09-24,24,9,2018,21,2,9,1,,1,2,Asphalt,2,4,4,55,3,2,1,5,0,0,0,0,true,false,false,false,false,false,false,false,false,false,false,false,false,false,false,false,false,false,false,false,false,false,-82.92903,42.4243,"{
  ""coordinates"": [
    -8.292902931531410e+01,
    4.242429960351930e+01
  ],
  ""type"": ""Point""
}","{
  ""coordinates"": [
    -82.929029315,
    42.424299604
  ],
  ""type"": ""Point""
}",-82.929029315,42.4242996040001
1860,1486844,WITHERELL,ADAMS,2018-09-24,24,9,2018,0,2,8,9,,4,0,Asphalt,1,1,4,25,2,2,4,5,0,0,0,0,true,false,false,false,false,false,false,false,false,false,false,false,false,false,false,false,false,false,false,false,false,false,-83.04951,42.33759,"{
  ""coordinates"": [
    -8.304951422167510e+01,
    4.233758758070790e+01
  ],
  ""type"": ""Point""
}","{
  ""coordinates"": [
    -83.049514222,
    42.337587581
  ],
  ""type"": ""Point""
}",-83.049514222,42.337587581
1861,1483183,W I 96,WYOMING,2018-09-24,24,9,2018,18,2,1,1,,1,1,Concrete,2,4,1,70,3,1,1,5,0,0,0,0,true,false,false,false,false,false,false,false,false,true,false,false,false,false,true,false,false,false,false,false,false,false,-83.1584,42.38542,"{
  ""coordinates"": [
    -8.315839995039789e+01,
    4.238541951117980e+01
  ],
  ""type"": ""Point""
}","{
  ""coordinates"": [
    -83.15839995,
    42.385419511
  ],
  ""type"": ""Point""
}",-83.15839995,42.3854195110001
1862,1482188,7 MILE,EDINBOROUGH,2018-09-24,24,9,2018,21,2,5,9,,2,0,Asphalt,2,4,4,35,4,2,2,5,0,0,0,0,true,false,false,false,true,false,false,false,false,false,false,false,false,false,true,false,false,false,false,false,false,false,-83.23448,42.42969,"{
  ""coordinates"": [
    -8.323448271116639e+01,
    4.242969235926340e+01
  ],
  ""type"": ""Point""
}","{
  ""coordinates"": [
    -83.234482711,
    42.429692359
  ],
  ""type"": ""Point""
}",-83.2344827109999,42.4296923590001
1863,1481312,GRANDVILLE,WARREN,2018-09-24,24,9,2018,23,2,4,9,,,3,,2,4,5,,2,2,1,5,0,0,0,0,true,false,false,false,true,false,false,false,false,false,true,false,false,false,false,false,false,false,false,false,false,false,-83.22929,42.34294,"{
  ""coordinates"": [
    -8.322928559731830e+01,
    4.234293915090210e+01
  ],
  ""type"": ""Point""
}","{
  ""coordinates"": [
    -83.229285597,
    42.342939151
  ],
  ""type"": ""Point""
}",-83.2292855969999,42.3429391510001
1864,1482144,N I 75,CONSOLIDATED RAIL CORPORATION,2018-09-24,24,9,2018,22,2,1,1,,1,1,Asphalt,2,4,4,70,4,1,1,5,0,0,0,0,true,false,false,false,false,false,false,false,false,true,false,false,false,false,false,false,false,false,false,false,false,false,-83.06047,42.37519,"{
  ""coordinates"": [
    -8.306047337382550e+01,
    4.237518554324430e+01
  ],
  ""type"": ""Point""
}","{
  ""coordinates"": [
    -83.060473374,
    42.375185543
  ],
  ""type"": ""Point""
}",-83.060473374,42.375185543
1865,1486810,I-94,JUNCTION,2018-09-24,24,9,2018,6,2,5,1,,1,0,Asphalt,1,1,1,55,3,2,2,5,0,0,0,0,true,false,false,false,false,false,false,false,false,false,false,false,false,false,true,false,false,false,false,false,false,false,-83.11848,42.34023,"{
  ""coordinates"": [
    -8.311848522800950e+01,
    4.234023121100080e+01
  ],
  ""type"": ""Point""
}","{
  ""coordinates"": [
    -83.118485228,
    42.340231211
  ],
  ""type"": ""Point""
}",-83.1184852279999,42.3402312110001
1866,1483256,7 MILE,OUTER,2018-09-23,23,9,2018,23,1,5,9,,4,0,Asphalt,1,1,4,35,4,2,2,5,0,0,0,0,true,false,false,false,false,false,false,false,false,false,false,false,false,false,false,false,false,false,false,false,false,false,-83.01396,42.43419,"{
  ""coordinates"": [
    -8.301396523217549e+01,
    4.243418555061070e+01
  ],
  ""type"": ""Point""
}","{
  ""coordinates"": [
    -83.013965232,
    42.434185551
  ],
  ""type"": ""Point""
}",-83.013965232,42.434185551
1867,1480040,MADISON,BEAUBIEN,2018-09-23,23,9,2018,2,1,3,9,,4,0,Asphalt,1,1,4,25,4,2,3,5,0,0,0,0,true,false,false,false,false,false,false,false,false,false,false,false,false,false,false,false,false,false,false,false,false,false,-83.04456,42.33785,"{
  ""coordinates"": [
    -8.304456660775590e+01,
    4.233785193241020e+01
  ],
  ""type"": ""Point""
}","{
  ""coordinates"": [
    -83.044566608,
    42.337851932
  ],
  ""type"": ""Point""
}",-83.044566608,42.337851932
1868,1502740,GRINNELL,FRENCH,2018-09-23,23,9,2018,1,1,1,9,,4,0,Asphalt,1,1,4,30,2,1,1,3,0,0,1,0,false,false,false,false,false,false,false,false,false,false,false,false,false,false,false,false,false,false,false,false,false,false,-83.00153,42.40144,"{
  ""coordinates"": [
    -8.300152656328230e+01,
    4.240143661360040e+01
  ],
  ""type"": ""Point""
}","{
  ""coordinates"": [
    -83.001526563,
    42.401436614
  ],
  ""type"": ""Point""
}",-83.001526563,42.401436614
1869,1486848,PEMBROKE,MANSFIELD,2018-09-23,23,9,2018,16,1,4,9,,4,0,Asphalt,1,1,1,25,2,2,2,5,0,0,0,0,true,false,false,false,true,false,false,false,false,false,false,false,false,false,false,false,false,false,false,false,false,false,-83.2066,42.43748,"{
  ""coordinates"": [
    -8.320659283800390e+01,
    4.243748582130410e+01
  ],
  ""type"": ""Point""
}","{
  ""coordinates"": [
    -83.206592838,
    42.437485821
  ],
  ""type"": ""Point""
}",-83.2065928379999,42.4374858210001
1870,1524210,OUTER,REVERE,2018-09-23,23,9,2018,21,1,98,9,,2,0,Asphalt,1,1,4,35,4,3,1,5,0,0,0,0,true,false,true,false,true,false,false,false,false,false,false,false,false,false,false,false,false,false,false,false,false,false,-83.06868,42.44045,"{
  ""coordinates"": [
    -8.306867661294640e+01,
    4.244044934012800e+01
  ],
  ""type"": ""Point""
}","{
  ""coordinates"": [
    -83.068676613,
    42.44044934
  ],
  ""type"": ""Point""
}",-83.068676613,42.44044934
1871,1484192,I 75,7 MILE,2018-09-23,23,9,2018,9,1,8,1,,1,0,Asphalt,1,1,1,55,4,4,5,5,0,0,0,0,true,false,false,false,false,false,false,false,false,false,false,false,false,false,false,false,false,false,false,false,false,false,-83.0952,42.43971,"{
  ""coordinates"": [
    -8.309519818022260e+01,
    4.243971416105330e+01
  ],
  ""type"": ""Point""
}","{
  ""coordinates"": [
    -83.09519818,
    42.439714161
  ],
  ""type"": ""Point""
}",-83.09519818,42.439714161
1872,1480087,MENDOTA,PICKFORD,2018-09-23,23,9,2018,11,1,4,9,,,0,,1,1,1,25,1,2,2,5,0,0,0,0,true,false,false,false,false,false,false,false,false,false,false,false,false,true,false,false,false,false,false,false,false,false,-83.16624,42.42589,"{
  ""coordinates"": [
    -8.316624217735270e+01,
    4.242588661046690e+01
  ],
  ""type"": ""Point""
}","{
  ""coordinates"": [
    -83.166242177,
    42.42588661
  ],
  ""type"": ""Point""
}",-83.166242177,42.4258866100001
1873,1480045,I 75 SERVICE,GRAND RIVER,2018-09-23,23,9,2018,5,1,1,3,,4,1,Asphalt,1,1,4,25,4,1,0,5,0,0,0,0,true,false,false,false,false,false,false,false,false,false,false,false,false,false,false,false,false,false,false,false,false,false,-83.05981,42.33684,"{
  ""coordinates"": [
    -8.305981064436349e+01,
    4.233684030797680e+01
  ],
  ""type"": ""Point""
}","{
  ""coordinates"": [
    -83.059810644,
    42.336840308
  ],
  ""type"": ""Point""
}",-83.059810644,42.336840308
1874,1484163,W/B I 96,EVERGREEN,2018-09-23,23,9,2018,7,1,8,1,,1,0,Concrete,1,1,1,55,3,2,2,5,0,0,0,0,true,false,false,false,false,false,false,false,false,false,false,false,false,false,false,false,false,false,false,false,false,false,-83.23801,42.38151,"{
  ""coordinates"": [
    -8.323801436398200e+01,
    4.238151062119220e+01
  ],
  ""type"": ""Point""
}","{
  ""coordinates"": [
    -83.238014364,
    42.381510621
  ],
  ""type"": ""Point""
}",-83.238014364,42.3815106210001
1875,1481256,RAMP 008H,CSX TRANSPORTATION,2018-09-23,23,9,2018,19,1,1,1,,1,1,Concrete,1,1,1,55,1,1,1,3,0,0,1,0,false,false,false,false,false,false,false,false,false,false,false,false,false,false,false,false,false,false,false,false,false,false,-83.22198,42.37871,"{
  ""coordinates"": [
    -8.322197966513011e+01,
    4.237870924742600e+01
  ],
  ""type"": ""Point""
}","{
  ""coordinates"": [
    -83.221979665,
    42.378709247
  ],
  ""type"": ""Point""
}",-83.2219796649999,42.3787092470001
1876,1483188,S M 39,MCNICHOLS,2018-09-23,23,9,2018,1,1,5,3,,1,0,Concrete,1,1,4,55,3,4,4,4,0,0,0,1,false,false,false,false,false,false,false,false,false,false,false,false,false,false,true,false,false,false,false,false,false,false,-83.21889,42.4154,"{
  ""coordinates"": [
    -8.321889685564770e+01,
    4.241540209463210e+01
  ],
  ""type"": ""Point""
}","{
  ""coordinates"": [
    -83.218896856,
    42.415402095
  ],
  ""type"": ""Point""
}",-83.218896856,42.415402095
1877,1484183,I-96,GREENFIELD,2018-09-23,23,9,2018,18,1,98,1,,1,0,Concrete,1,1,1,70,4,2,1,5,0,0,0,0,true,false,false,false,false,false,false,false,false,true,false,false,false,false,false,false,false,false,false,false,false,false,-83.20312,42.37921,"{
  ""coordinates"": [
    -8.320312049128570e+01,
    4.237920714229240e+01
  ],
  ""type"": ""Point""
}","{
  ""coordinates"": [
    -83.203120491,
    42.379207142
  ],
  ""type"": ""Point""
}",-83.2031204909999,42.379207142
1878,1480067,FENKELL,PIEDMONT,2018-09-23,23,9,2018,9,1,4,9,,2,0,Asphalt,1,1,1,35,4,2,2,3,0,0,1,0,false,false,false,false,false,false,false,false,false,false,false,false,false,false,true,false,false,false,false,false,false,false,-83.23021,42.40082,"{
  ""coordinates"": [
    -8.323020981741850e+01,
    4.240082276220620e+01
  ],
  ""type"": ""Point""
}","{
  ""coordinates"": [
    -83.230209817,
    42.400822762
  ],
  ""type"": ""Point""
}",-83.2302098169999,42.4008227620001
1879,1481274,I-94,MOROSS,2018-09-23,23,9,2018,15,1,5,1,,1,0,Asphalt,1,1,1,55,3,2,2,4,0,0,0,1,false,false,false,false,false,false,false,false,false,false,false,false,false,false,false,false,false,false,false,false,false,false,-82.93121,42.42126,"{
  ""coordinates"": [
    -8.293120779369890e+01,
    4.242125999230590e+01
  ],
  ""type"": ""Point""
}","{
  ""coordinates"": [
    -82.931207794,
    42.421259992
  ],
  ""type"": ""Point""
}",-82.931207794,42.421259992
1880,1483239,7 MILE,CLIFF,2018-09-23,23,9,2018,2,1,8,9,,4,0,Asphalt,1,1,4,35,4,2,2,5,0,0,0,0,true,false,false,false,false,false,false,false,false,false,false,false,false,false,false,false,false,false,false,false,false,false,-83.02857,42.43388,"{
  ""coordinates"": [
    -8.302857265074850e+01,
    4.243388038561310e+01
  ],
  ""type"": ""Point""
}","{
  ""coordinates"": [
    -83.028572651,
    42.433880386
  ],
  ""type"": ""Point""
}",-83.028572651,42.4338803860001
1881,1480088,DAVISON,LIVRENOIS,2018-09-23,23,9,2018,13,1,5,3,,1,0,Concrete,1,1,1,30,2,2,3,5,0,0,0,0,true,false,false,false,false,false,false,false,false,false,false,false,false,false,false,false,false,false,false,false,false,false,-83.13954,42.38649,"{
  ""coordinates"": [
    -8.313954049655190e+01,
    4.238649276703980e+01
  ],
  ""type"": ""Point""
}","{
  ""coordinates"": [
    -83.139540497,
    42.386492767
  ],
  ""type"": ""Point""
}",-83.139540497,42.386492767
1882,1482154,FENKELL,WARD,2018-09-23,23,9,2018,6,1,5,9,,2,0,Asphalt,1,1,2,35,4,2,2,5,0,0,0,0,true,false,false,false,true,false,false,false,false,false,false,false,false,false,false,false,false,false,false,false,false,false,-83.17371,42.40216,"{
  ""coordinates"": [
    -8.317370257451010e+01,
    4.240216463514560e+01
  ],
  ""type"": ""Point""
}","{
  ""coordinates"": [
    -83.173702575,
    42.402164635
  ],
  ""type"": ""Point""
}",-83.1737025749999,42.4021646350001
1883,1480063,SOUTHFIELD SERVICE DRIVE,PEMBROKE,2018-09-23,23,9,2018,0,1,8,9,,4,0,Asphalt,1,1,4,25,2,2,3,4,0,0,0,2,false,false,false,false,true,false,false,false,false,false,false,false,false,false,false,false,false,false,false,false,false,false,-83.21991,42.43726,"{
  ""coordinates"": [
    -8.321991134203360e+01,
    4.243726524192190e+01
  ],
  ""type"": ""Point""
}","{
  ""coordinates"": [
    -83.219911342,
    42.437265242
  ],
  ""type"": ""Point""
}",-83.219911342,42.4372652420001
1884,1482196,FREELAND,PURITAN,2018-09-23,23,9,2018,0,1,1,9,,,0,,98,10,98,25,2,2,0,4,0,0,0,1,false,false,false,false,true,false,false,false,false,false,false,false,true,false,false,false,false,false,false,false,false,false,-83.18584,42.40914,"{
  ""coordinates"": [
    -8.318584488939980e+01,
    4.240914081293460e+01
  ],
  ""type"": ""Point""
}","{
  ""coordinates"": [
    -83.185844889,
    42.409140813
  ],
  ""type"": ""Point""
}",-83.185844889,42.4091408130001
1885,1480055,I75,AMBASSOR,2018-09-23,23,9,2018,12,1,8,1,,1,0,Asphalt,1,1,1,25,4,2,2,4,0,0,0,1,false,false,false,false,false,false,false,false,false,false,false,false,false,false,false,true,false,false,false,false,false,false,-83.08382,42.32541,"{
  ""coordinates"": [
    -8.308381568593680e+01,
    4.232541387168490e+01
  ],
  ""type"": ""Point""
}","{
  ""coordinates"": [
    -83.083815686,
    42.325413872
  ],
  ""type"": ""Point""
}",-83.083815686,42.3254138720001
1886,1482178,GRATIOT,DUBOIS,2018-09-23,23,9,2018,23,1,97,3,,1,0,Asphalt,1,1,4,35,5,2,2,5,0,0,0,0,true,false,false,false,false,false,false,false,false,false,false,false,false,false,false,false,false,false,false,false,false,false,-83.03323,42.35072,"{
  ""coordinates"": [
    -8.303323551391630e+01,
    4.235071918801560e+01
  ],
  ""type"": ""Point""
}","{
  ""coordinates"": [
    -83.033235514,
    42.350719188
  ],
  ""type"": ""Point""
}",-83.033235514,42.350719188
1887,1488826,GREENFIELD,VASSAR,2018-09-23,23,9,2018,1,1,5,9,,2,0,Asphalt,1,1,4,45,4,2,3,5,0,0,0,0,true,false,false,false,false,false,false,false,false,false,false,false,false,false,false,false,false,false,false,false,false,false,-83.20003,42.43401,"{
  ""coordinates"": [
    -8.320002666920810e+01,
    4.243400726728370e+01
  ],
  ""type"": ""Point""
}","{
  ""coordinates"": [
    -83.200026669,
    42.434007267
  ],
  ""type"": ""Point""
}",-83.200026669,42.434007267
1888,1481273,RAMP 008H,CSX TRANSPORTATION,2018-09-23,23,9,2018,18,1,5,1,,1,0,Concrete,1,1,1,55,2,3,8,4,0,0,0,4,false,false,false,false,false,false,false,false,false,false,false,false,false,true,false,false,false,false,false,false,false,false,-83.22211,42.37869,"{
  ""coordinates"": [
    -8.322211356096430e+01,
    4.237868836319210e+01
  ],
  ""type"": ""Point""
}","{
  ""coordinates"": [
    -83.222113561,
    42.378688363
  ],
  ""type"": ""Point""
}",-83.222113561,42.378688363
1889,1481314,GREENFIELD,WARREN,2018-09-23,23,9,2018,12,1,97,9,,2,0,Asphalt,1,1,1,35,5,2,0,5,0,0,0,0,true,false,false,false,false,false,false,false,false,false,false,false,false,false,false,false,false,false,false,false,false,false,-83.19632,42.3445,"{
  ""coordinates"": [
    -8.319631850801240e+01,
    4.234449732371120e+01
  ],
  ""type"": ""Point""
}","{
  ""coordinates"": [
    -83.196318508,
    42.344497324
  ],
  ""type"": ""Point""
}",-83.196318508,42.344497324
1890,1481304,JOY,EVERGREEN,2018-09-23,23,9,2018,16,1,4,9,,2,0,Asphalt,1,1,1,35,5,2,2,5,0,0,0,0,true,false,true,true,false,false,false,false,false,false,false,false,false,false,false,false,false,false,false,false,false,false,-83.23598,42.35757,"{
  ""coordinates"": [
    -8.323597372278741e+01,
    4.235757216281460e+01
  ],
  ""type"": ""Point""
}","{
  ""coordinates"": [
    -83.235973723,
    42.357572163
  ],
  ""type"": ""Point""
}",-83.235973723,42.357572163
1891,1480089,MCNICHOLS,ARLINGTON,2018-09-23,23,9,2018,11,1,8,9,,4,0,Asphalt,1,1,1,,2,2,0,5,0,0,0,0,true,true,false,false,true,false,false,false,false,false,false,false,false,false,false,false,false,false,false,false,false,false,-83.07641,42.41858,"{
  ""coordinates"": [
    -8.307640746617670e+01,
    4.241858312906150e+01
  ],
  ""type"": ""Point""
}","{
  ""coordinates"": [
    -83.076407466,
    42.418583129
  ],
  ""type"": ""Point""
}",-83.076407466,42.4185831290001
1892,1482218,7 MILE,WISCONSIN,2018-09-23,23,9,2018,20,1,1,9,,2,0,Asphalt,1,1,4,35,5,1,2,5,0,0,0,0,true,false,false,false,false,false,false,false,false,false,false,false,false,false,false,false,false,false,false,false,false,false,-83.15823,42.43138,"{
  ""coordinates"": [
    -8.315822836314540e+01,
    4.243137996978430e+01
  ],
  ""type"": ""Point""
}","{
  ""coordinates"": [
    -83.158228363,
    42.43137997
  ],
  ""type"": ""Point""
}",-83.158228363,42.4313799700001
1893,1483233,RIOPELLE,ALFRED,2018-09-23,23,9,2018,5,1,98,9,,,0,,1,1,1,25,1,2,0,5,0,0,0,0,true,false,false,false,true,false,false,false,false,false,false,false,false,false,false,false,false,false,false,false,false,false,-83.03985,42.34832,"{
  ""coordinates"": [
    -8.303984653404710e+01,
    4.234832111357490e+01
  ],
  ""type"": ""Point""
}","{
  ""coordinates"": [
    -83.039846534,
    42.348321114
  ],
  ""type"": ""Point""
}",-83.0398465339999,42.348321114
1894,1483189,RAMP 047A,MEADE,2018-09-23,23,9,2018,2,1,8,1,,1,0,Asphalt,1,1,4,55,3,2,1,5,0,0,0,0,true,false,false,false,true,false,false,false,false,false,false,false,false,false,false,false,false,false,false,false,false,false,-83.07516,42.40615,"{
  ""coordinates"": [
    -8.307515816348671e+01,
    4.240615235204540e+01
  ],
  ""type"": ""Point""
}","{
  ""coordinates"": [
    -83.075158163,
    42.406152352
  ],
  ""type"": ""Point""
}",-83.075158163,42.406152352
1895,1483178,S M 39,PURITAN,2018-09-23,23,9,2018,1,1,1,3,,1,0,Asphalt,1,1,1,55,3,1,2,4,0,0,0,1,false,false,false,false,false,false,false,false,false,false,false,false,false,false,false,false,false,false,false,false,false,false,-83.21873,42.40869,"{
  ""coordinates"": [
    -8.321873623481039e+01,
    4.240868898010750e+01
  ],
  ""type"": ""Point""
}","{
  ""coordinates"": [
    -83.218736235,
    42.40868898
  ],
  ""type"": ""Point""
}",-83.2187362349999,42.4086889800001
1896,1480083,DAVISON,LIVERNOIS,2018-09-23,23,9,2018,14,1,5,3,,1,0,Concrete,1,1,1,30,2,2,5,4,0,0,0,2,false,false,false,false,false,false,false,false,false,false,false,false,false,false,false,false,false,false,false,false,false,false,-83.13954,42.38649,"{
  ""coordinates"": [
    -8.313954049655190e+01,
    4.238649276703980e+01
  ],
  ""type"": ""Point""
}","{
  ""coordinates"": [
    -83.139540497,
    42.386492767
  ],
  ""type"": ""Point""
}",-83.139540497,42.386492767
1897,1483228,ASHTON,HESSEL,2018-09-23,23,9,2018,16,1,97,9,,,0,,2,2,1,,2,2,0,5,0,0,0,0,true,false,false,false,true,false,false,false,false,false,true,false,false,false,false,false,false,false,false,false,false,false,-83.22124,42.44252,"{
  ""coordinates"": [
    -8.322124090642230e+01,
    4.244252117198040e+01
  ],
  ""type"": ""Point""
}","{
  ""coordinates"": [
    -83.221240906,
    42.442521172
  ],
  ""type"": ""Point""
}",-83.2212409059999,42.4425211720001
1898,1491975,BARLOW,7 MILE,2018-09-23,23,9,2018,6,1,5,9,,,0,,1,3,4,,2,2,0,5,0,0,0,0,true,false,false,false,true,false,false,false,false,false,false,false,false,false,false,false,false,false,false,false,false,false,-82.99605,42.43475,"{
  ""coordinates"": [
    -8.299604561327440e+01,
    4.243474726090400e+01
  ],
  ""type"": ""Point""
}","{
  ""coordinates"": [
    -82.996045613,
    42.434747261
  ],
  ""type"": ""Point""
}",-82.996045613,42.434747261
1899,1483186,I-75,MACK,2018-09-23,23,9,2018,18,1,8,1,,1,0,Concrete,1,1,4,70,4,2,3,5,0,0,0,0,true,false,false,false,false,false,false,false,false,false,false,false,false,true,false,false,false,false,false,false,false,false,-83.04398,42.3446,"{
  ""coordinates"": [
    -8.304397337041760e+01,
    4.234459523927820e+01
  ],
  ""type"": ""Point""
}","{
  ""coordinates"": [
    -83.04397337,
    42.344595239
  ],
  ""type"": ""Point""
}",-83.0439733699999,42.3445952390001
1900,1483241,NEVADA,BRINKER,2018-09-23,23,9,2018,20,1,1,9,,4,0,Asphalt,1,1,4,35,4,2,1,5,0,0,0,0,true,false,false,false,true,false,false,true,false,false,false,false,true,false,false,false,false,false,false,false,false,false,-83.07378,42.42577,"{
  ""coordinates"": [
    -8.307377370337851e+01,
    4.242577471667690e+01
  ],
  ""type"": ""Point""
}","{
  ""coordinates"": [
    -83.073773703,
    42.425774717
  ],
  ""type"": ""Point""
}",-83.073773703,42.425774717
1901,1480041,LYNDON,WYOMING,2018-09-23,23,9,2018,15,1,8,9,,4,0,Concrete,1,1,1,30,1,2,2,4,0,0,0,1,false,false,false,false,false,false,false,false,false,false,false,false,false,false,false,false,false,false,false,false,false,false,-83.15935,42.39524,"{
  ""coordinates"": [
    -8.315935046469799e+01,
    4.239524009886890e+01
  ],
  ""type"": ""Point""
}","{
  ""coordinates"": [
    -83.159350465,
    42.395240099
  ],
  ""type"": ""Point""
}",-83.159350465,42.395240099
1902,1481337,7 MILE,JOANN,2018-09-23,23,9,2018,1,1,4,9,,4,0,Asphalt,1,1,4,35,2,2,2,4,0,0,0,1,false,false,false,false,false,false,false,false,false,false,false,false,false,false,false,false,false,false,false,false,false,false,-82.98997,42.43481,"{
  ""coordinates"": [
    -8.298997672336900e+01,
    4.243480820803270e+01
  ],
  ""type"": ""Point""
}","{
  ""coordinates"": [
    -82.989976723,
    42.434808208
  ],
  ""type"": ""Point""
}",-82.989976723,42.434808208
1903,1480066,7 MILE,GREENFIELD,2018-09-23,23,9,2018,3,1,3,9,,2,0,Asphalt,1,1,4,35,3,2,1,5,0,0,0,0,true,false,false,false,true,false,false,false,false,false,false,false,false,false,false,false,false,false,false,false,false,false,-83.1996,42.43043,"{
  ""coordinates"": [
    -8.319959826300671e+01,
    4.243042839651920e+01
  ],
  ""type"": ""Point""
}","{
  ""coordinates"": [
    -83.199598263,
    42.430428397
  ],
  ""type"": ""Point""
}",-83.199598263,42.4304283970001
1904,1482181,WINDER,RIVARD,2018-09-23,23,9,2018,17,1,8,9,,,0,,1,1,1,25,2,2,1,5,0,0,0,0,true,false,false,false,true,false,false,false,false,false,false,false,false,false,false,false,false,false,false,false,false,false,-83.04161,42.34547,"{
  ""coordinates"": [
    -8.304161268856110e+01,
    4.234546509356020e+01
  ],
  ""type"": ""Point""
}","{
  ""coordinates"": [
    -83.041612689,
    42.345465094
  ],
  ""type"": ""Point""
}",-83.041612689,42.3454650940001
1905,1483190,I-94,CHALMERS,2018-09-23,23,9,2018,22,1,1,1,,1,1,Asphalt,1,1,5,55,3,1,1,4,0,0,0,1,false,false,false,false,false,false,false,false,false,false,false,false,false,false,false,false,false,false,false,false,false,false,-82.96602,42.40331,"{
  ""coordinates"": [
    -8.296601781665051e+01,
    4.240330881077220e+01
  ],
  ""type"": ""Point""
}","{
  ""coordinates"": [
    -82.966017817,
    42.403308811
  ],
  ""type"": ""Point""
}",-82.966017817,42.403308811
1906,1480054,JEFFERSON,BRENNAN,2018-09-23,23,9,2018,3,1,1,9,,2,0,Asphalt,1,1,4,30,2,1,1,5,0,0,0,0,true,false,false,false,false,false,false,false,false,false,false,false,false,false,false,false,false,false,false,false,false,false,-83.12759,42.28186,"{
  ""coordinates"": [
    -8.312759638780730e+01,
    4.228186015348100e+01
  ],
  ""type"": ""Point""
}","{
  ""coordinates"": [
    -83.127596388,
    42.281860153
  ],
  ""type"": ""Point""
}",-83.127596388,42.281860153
1907,1482203,LIVERNOIS,COLLINGWOOD,2018-09-23,23,9,2018,14,1,5,9,,4,0,Asphalt,1,1,1,35,3,2,2,4,0,0,0,1,false,false,false,false,false,false,false,false,false,false,false,false,false,false,false,false,false,false,false,false,false,false,-83.13876,42.37131,"{
  ""coordinates"": [
    -8.313876171362850e+01,
    4.237131082679890e+01
  ],
  ""type"": ""Point""
}","{
  ""coordinates"": [
    -83.138761714,
    42.371310827
  ],
  ""type"": ""Point""
}",-83.1387617139999,42.3713108270001