ObjectId,Crash ID,Primary Road,Intersecting Road,Crash Date,Day,Month,Year,Hour,Weekday,Crash Type Code,Highway Classification Code,Community Code,Jurisdiction Code,Lane Departure Type Code,Surface Type,Road Condition,Weather Condition,Lighting Condition,Speed Limit,Lanes,Units,Occupants,Most Severe Injury,Fatal Injuries,Suspected Serious Injuries,Suspected Minor Injuries,Possible Injuries,Property Damage Only,Secondary Crash,Traffic Control,Red Light Run,Hit and Run,Alcohol,Drugs,Unbelted Person,Work Zone,Speeding Driver,Distracted Driver,Driveway,Pedestrian,Elderly Driver,Young Driver,Commercial Vehicle,Emergency Vehicles,Train,School Bus,Motorcycle,Bicycle,Deer,Longitude,Latitude,geom,geog,x,y
2234,1476304,NORTHFIELD,LINSDALE,2018-09-18,18,9,2018,16,3,4,9,,,0,,1,1,1,25,2,2,2,4,0,0,0,1,false,false,false,false,false,false,false,false,false,false,false,false,false,false,true,false,false,false,false,false,false,false,-83.13064,42.3589,"{
  ""coordinates"": [
    -8.313063828424200e+01,
    4.235890344738940e+01
  ],
  ""type"": ""Point""
}","{
  ""coordinates"": [
    -83.130638284,
    42.358903447
  ],
  ""type"": ""Point""
}",-83.130638284,42.358903447
2235,1511555,7 MILE,GREENFIELD,2018-09-18,18,9,2018,11,3,97,9,,2,0,Asphalt,1,1,1,35,4,2,2,5,0,0,0,0,true,false,false,false,true,false,false,false,false,false,false,false,false,false,false,false,false,false,false,false,false,false,-83.20015,42.43042,"{
  ""coordinates"": [
    -8.320014581569330e+01,
    4.243041699934770e+01
  ],
  ""type"": ""Point""
}","{
  ""coordinates"": [
    -83.200145816,
    42.430416999
  ],
  ""type"": ""Point""
}",-83.200145816,42.430416999
2236,1476225,ELIZABETH,GRAND RIVER,2018-09-18,18,9,2018,17,3,5,3,,4,0,Asphalt,1,1,1,25,2,2,2,5,0,0,0,0,true,false,false,false,false,false,false,false,false,false,false,false,false,false,false,false,false,false,false,false,false,false,-83.05647,42.33545,"{
  ""coordinates"": [
    -8.305646363399001e+01,
    4.233545147082970e+01
  ],
  ""type"": ""Point""
}","{
  ""coordinates"": [
    -83.056463634,
    42.335451471
  ],
  ""type"": ""Point""
}",-83.056463634,42.3354514710001
2237,1507800,HAYES,BRINGARD,2018-09-18,18,9,2018,13,3,2,9,,4,2,Asphalt,1,1,1,30,2,2,2,2,0,1,0,0,false,false,false,false,false,false,false,false,false,false,true,false,false,false,false,false,false,false,false,false,false,false,-82.96595,42.44657,"{
  ""coordinates"": [
    -8.296594634882190e+01,
    4.244657238385140e+01
  ],
  ""type"": ""Point""
}","{
  ""coordinates"": [
    -82.965946349,
    42.446572384
  ],
  ""type"": ""Point""
}",-82.965946349,42.446572384
2238,1477893,CHALMERS,CHANDLER PARK,2018-09-18,18,9,2018,10,3,5,9,,4,0,Asphalt,1,1,1,25,2,2,1,5,0,0,0,0,true,false,true,true,true,false,false,false,false,false,false,false,false,true,false,false,false,false,false,false,false,false,-82.96198,42.40032,"{
  ""coordinates"": [
    -8.296197835236811e+01,
    4.240032114081860e+01
  ],
  ""type"": ""Point""
}","{
  ""coordinates"": [
    -82.961978352,
    42.400321141
  ],
  ""type"": ""Point""
}",-82.961978352,42.4003211410001
2239,1477898,FARMBROOK,CHESTER,2018-09-18,18,9,2018,21,3,5,9,,,0,,1,1,4,35,2,2,5,5,0,0,0,0,true,false,false,false,true,false,false,false,false,true,false,false,false,false,false,false,false,false,false,false,false,false,-82.9269,42.42102,"{
  ""coordinates"": [
    -8.292689307260810e+01,
    4.242101817525550e+01
  ],
  ""type"": ""Point""
}","{
  ""coordinates"": [
    -82.926893073,
    42.421018175
  ],
  ""type"": ""Point""
}",-82.926893073,42.421018175
2240,1479106,GRAND,CASS,2018-09-18,18,9,2018,7,3,10,9,,4,3,Asphalt,1,1,1,30,4,2,1,5,0,0,0,0,true,false,false,false,false,false,false,false,false,false,false,false,false,false,false,true,false,false,false,false,false,false,-83.07478,42.36984,"{
  ""coordinates"": [
    -8.307478696693251e+01,
    4.236983768798520e+01
  ],
  ""type"": ""Point""
}","{
  ""coordinates"": [
    -83.074786967,
    42.369837688
  ],
  ""type"": ""Point""
}",-83.074786967,42.3698376880001
2241,1490134,002B,EIGHT MILE,2018-09-18,18,9,2018,10,3,8,3,,1,0,Concrete,1,1,1,70,2,2,2,5,0,0,0,0,true,false,false,false,false,false,false,false,false,false,false,false,false,false,false,true,false,false,false,false,false,false,-83.21741,42.44404,"{
  ""coordinates"": [
    -8.321741113822810e+01,
    4.244403709663420e+01
  ],
  ""type"": ""Point""
}","{
  ""coordinates"": [
    -83.217411138,
    42.444037097
  ],
  ""type"": ""Point""
}",-83.217411138,42.444037097
2242,1477902,MOROSS,LINVILLE,2018-09-18,18,9,2018,12,3,5,9,,2,0,Asphalt,1,1,1,30,2,3,3,3,0,0,1,0,false,true,false,false,false,false,false,false,false,false,false,false,false,false,false,false,false,false,false,false,false,false,-82.91753,42.41964,"{
  ""coordinates"": [
    -8.291752627492239e+01,
    4.241964061782180e+01
  ],
  ""type"": ""Point""
}","{
  ""coordinates"": [
    -82.917526275,
    42.419640618
  ],
  ""type"": ""Point""
}",-82.9175262749999,42.4196406180001
2243,1477854,BEAUBIEN,JEFFERSON,2018-09-18,18,9,2018,17,3,4,4,,4,0,Asphalt,1,2,1,30,3,2,1,5,0,0,0,0,true,false,true,true,true,false,false,false,false,false,false,false,false,false,false,false,false,false,false,false,false,false,-83.03963,42.33064,"{
  ""coordinates"": [
    -8.303962688376561e+01,
    4.233063582260580e+01
  ],
  ""type"": ""Point""
}","{
  ""coordinates"": [
    -83.039626884,
    42.330635823
  ],
  ""type"": ""Point""
}",-83.039626884,42.3306358230001
2244,1477044,SEVEN MILE,MOUND,2018-09-18,18,9,2018,18,3,4,9,,4,0,Asphalt,1,1,1,30,2,2,1,5,0,0,0,0,true,false,false,false,true,false,false,false,false,false,false,false,false,false,false,false,false,false,false,false,false,false,-83.04375,42.43357,"{
  ""coordinates"": [
    -8.304374747654840e+01,
    4.243356705570660e+01
  ],
  ""type"": ""Point""
}","{
  ""coordinates"": [
    -83.043747477,
    42.433567056
  ],
  ""type"": ""Point""
}",-83.043747477,42.4335670560001
2245,1477919,GRATIOT,8 MILE,2018-09-18,18,9,2018,15,3,5,3,,1,0,Asphalt,1,1,1,30,6,4,2,4,0,0,0,2,false,false,false,false,true,false,false,false,false,false,false,false,false,false,false,false,false,false,false,false,false,false,-82.96794,42.44984,"{
  ""coordinates"": [
    -8.296793844184020e+01,
    4.244983560185600e+01
  ],
  ""type"": ""Point""
}","{
  ""coordinates"": [
    -82.967938442,
    42.449835602
  ],
  ""type"": ""Point""
}",-82.967938442,42.4498356020001
2246,1476296,8 MILE,LAHSER,2018-09-18,18,9,2018,14,3,5,3,,1,0,Asphalt,1,1,1,45,4,3,3,5,0,0,0,0,true,false,false,false,false,false,false,false,false,false,false,false,false,false,false,false,false,false,false,false,false,false,-83.25912,42.44323,"{
  ""coordinates"": [
    -8.325911886897050e+01,
    4.244322820723400e+01
  ],
  ""type"": ""Point""
}","{
  ""coordinates"": [
    -83.259118869,
    42.443228207
  ],
  ""type"": ""Point""
}",-83.259118869,42.4432282070001
2247,1477911,GRAND,SAINT AUBIN,2018-09-18,18,9,2018,18,3,10,9,,4,0,Concrete,1,1,1,30,2,2,3,5,0,0,0,0,true,false,false,false,false,false,false,false,false,false,false,false,false,false,false,false,false,false,false,false,false,false,-83.05038,42.37411,"{
  ""coordinates"": [
    -8.305038204442479e+01,
    4.237411077998120e+01
  ],
  ""type"": ""Point""
}","{
  ""coordinates"": [
    -83.050382044,
    42.37411078
  ],
  ""type"": ""Point""
}",-83.0503820439999,42.3741107800001
2248,1481327,8 MILE,ROSEMONT,2018-09-18,18,9,2018,22,3,4,3,,1,0,Asphalt,1,1,4,40,4,2,1,5,0,0,0,0,true,false,false,false,true,false,false,false,false,false,false,false,false,false,false,false,false,false,false,false,false,false,-83.22256,42.44411,"{
  ""coordinates"": [
    -8.322256791481230e+01,
    4.244411629122410e+01
  ],
  ""type"": ""Point""
}","{
  ""coordinates"": [
    -83.222567915,
    42.444116291
  ],
  ""type"": ""Point""
}",-83.222567915,42.4441162910001
2249,1479111,FORT,SCHAEFER,2018-09-18,18,9,2018,14,3,8,1,,1,0,Asphalt,1,1,1,35,3,2,2,5,0,0,0,0,true,false,false,false,false,false,false,false,false,false,false,false,false,false,true,true,false,false,false,false,false,false,-83.1568,42.276,"{
  ""coordinates"": [
    -8.315679623778570e+01,
    4.227599760926840e+01
  ],
  ""type"": ""Point""
}","{
  ""coordinates"": [
    -83.156796238,
    42.275997609
  ],
  ""type"": ""Point""
}",-83.156796238,42.2759976090001
2250,1479093,MICHIGAN,14TH,2018-09-18,18,9,2018,9,3,5,2,,1,0,Concrete,1,1,1,25,4,3,3,5,0,0,0,0,true,false,false,false,false,false,false,false,false,false,true,false,false,true,true,false,false,false,false,false,false,false,-83.07684,42.33135,"{
  ""coordinates"": [
    -8.307683915843040e+01,
    4.233134894466560e+01
  ],
  ""type"": ""Point""
}","{
  ""coordinates"": [
    -83.076839158,
    42.331348945
  ],
  ""type"": ""Point""
}",-83.076839158,42.3313489450001
2251,1479110,JOHN C LODGE,GRAND,2018-09-18,18,9,2018,7,3,97,3,,1,0,Concrete,1,1,1,30,6,2,3,5,0,0,0,0,true,false,false,false,false,false,false,false,false,false,false,false,false,true,false,false,false,false,false,false,false,false,-83.08189,42.36695,"{
  ""coordinates"": [
    -8.308188412269379e+01,
    4.236694832981750e+01
  ],
  ""type"": ""Point""
}","{
  ""coordinates"": [
    -83.081884123,
    42.36694833
  ],
  ""type"": ""Point""
}",-83.081884123,42.3669483300001
2252,1476291,SANTA CLARA,PIERSON,2018-09-18,18,9,2018,1,3,1,9,,,1,,1,1,5,25,2,1,1,5,0,0,0,0,true,false,false,false,false,false,false,false,false,true,false,false,false,false,false,false,false,false,false,false,false,false,-83.24767,42.41898,"{
  ""coordinates"": [
    -8.324767433528170e+01,
    4.241898119898640e+01
  ],
  ""type"": ""Point""
}","{
  ""coordinates"": [
    -83.247674335,
    42.418981199
  ],
  ""type"": ""Point""
}",-83.2476743349999,42.418981199
2253,1479127,VERNOR,16TH,2018-09-18,18,9,2018,10,3,8,9,,4,0,Asphalt,1,1,1,25,2,2,5,5,0,0,0,0,true,false,false,false,false,false,false,false,false,false,false,false,false,false,false,false,false,false,false,false,false,false,-83.07877,42.32899,"{
  ""coordinates"": [
    -8.307876594618610e+01,
    4.232899187609110e+01
  ],
  ""type"": ""Point""
}","{
  ""coordinates"": [
    -83.078765946,
    42.328991876
  ],
  ""type"": ""Point""
}",-83.078765946,42.328991876
2254,1479146,GRATIOT,FISCHER,2018-09-18,18,9,2018,16,3,4,3,,1,0,Asphalt,1,1,1,35,7,2,3,3,0,0,2,0,false,false,false,false,false,false,false,false,false,false,false,false,false,false,false,false,false,false,false,false,false,false,-83.01046,42.38522,"{
  ""coordinates"": [
    -8.301045640198170e+01,
    4.238522406812600e+01
  ],
  ""type"": ""Point""
}","{
  ""coordinates"": [
    -83.010456402,
    42.385224068
  ],
  ""type"": ""Point""
}",-83.010456402,42.3852240680001
2255,1481244,N M 10,CONSOLIDATED RAIL CORPORATION,2018-09-18,18,9,2018,11,3,1,3,,1,1,Concrete,1,1,1,55,4,1,1,3,0,0,1,0,false,false,false,false,false,false,false,false,false,true,false,false,false,false,false,false,false,false,false,false,false,false,-83.07899,42.36346,"{
  ""coordinates"": [
    -8.307899133797881e+01,
    4.236345729180250e+01
  ],
  ""type"": ""Point""
}","{
  ""coordinates"": [
    -83.078991338,
    42.363457292
  ],
  ""type"": ""Point""
}",-83.078991338,42.3634572920001
2256,1479103,ST ANTOINE,CANFIELD,2018-09-18,18,9,2018,12,3,1,9,,4,0,Asphalt,1,1,1,15,2,2,1,4,0,0,0,1,false,false,false,false,false,false,false,false,false,false,true,false,true,true,false,false,false,false,false,false,false,false,-83.05415,42.35543,"{
  ""coordinates"": [
    -8.305414717492120e+01,
    4.235543365767070e+01
  ],
  ""type"": ""Point""
}","{
  ""coordinates"": [
    -83.054147175,
    42.355433658
  ],
  ""type"": ""Point""
}",-83.054147175,42.355433658
2257,1479117,LANE,CENTRAL,2018-09-18,18,9,2018,2,3,98,9,,,0,,1,1,4,25,1,2,0,5,0,0,0,0,true,false,false,false,true,false,false,false,false,false,false,false,false,false,false,false,false,false,false,false,false,false,-83.12308,42.30796,"{
  ""coordinates"": [
    -8.312307911226721e+01,
    4.230796146738590e+01
  ],
  ""type"": ""Point""
}","{
  ""coordinates"": [
    -83.123079112,
    42.307961467
  ],
  ""type"": ""Point""
}",-83.123079112,42.307961467
2258,1477020,FORT,I 75/FORT RAMP,2018-09-18,18,9,2018,18,3,8,3,,1,0,Asphalt,1,1,1,45,5,3,3,5,0,0,0,0,true,false,true,false,false,false,false,false,false,false,false,false,false,true,false,false,false,false,false,false,false,false,-83.15614,42.27558,"{
  ""coordinates"": [
    -8.315614499583231e+01,
    4.227558036204490e+01
  ],
  ""type"": ""Point""
}","{
  ""coordinates"": [
    -83.156144996,
    42.275580362
  ],
  ""type"": ""Point""
}",-83.156144996,42.275580362
2259,1476308,7 MILE,HASSE,2018-09-18,18,9,2018,15,3,2,9,,4,0,Asphalt,1,1,1,30,4,2,2,4,0,0,0,1,false,false,false,false,false,false,false,false,false,false,false,false,false,false,false,false,false,false,false,false,false,false,-83.05648,42.43327,"{
  ""coordinates"": [
    -8.305647698417479e+01,
    4.243327470648800e+01
  ],
  ""type"": ""Point""
}","{
  ""coordinates"": [
    -83.056476984,
    42.433274706
  ],
  ""type"": ""Point""
}",-83.056476984,42.4332747060001
2260,1476307,LAMONT,ROBINWOOD,2018-09-18,18,9,2018,22,3,97,9,,,0,,1,1,5,25,1,3,2,4,0,0,0,1,false,false,false,false,false,false,false,false,false,false,false,true,true,false,false,false,false,false,false,false,false,false,-83.05428,42.43142,"{
  ""coordinates"": [
    -8.305428614147780e+01,
    4.243142028747240e+01
  ],
  ""type"": ""Point""
}","{
  ""coordinates"": [
    -83.054286141,
    42.431420287
  ],
  ""type"": ""Point""
}",-83.054286141,42.431420287
2261,1481278,SAINT ANTOINE,CLINTON,2018-09-18,18,9,2018,12,3,10,9,,4,0,Asphalt,1,1,1,25,2,2,0,5,0,0,0,0,true,false,false,false,false,false,false,false,false,false,false,false,false,false,false,false,false,false,false,false,false,false,-83.04175,42.33676,"{
  ""coordinates"": [
    -8.304175017901061e+01,
    4.233676032520850e+01
  ],
  ""type"": ""Point""
}","{
  ""coordinates"": [
    -83.041750179,
    42.336760325
  ],
  ""type"": ""Point""
}",-83.041750179,42.3367603250001
2262,1476220,SCHAEFER,BELTON,2018-09-18,18,9,2018,1,3,4,9,,4,3,Asphalt,1,1,1,30,2,2,0,5,0,0,0,0,true,false,false,false,true,false,false,false,false,false,false,false,false,false,false,false,false,false,false,false,false,false,-83.17725,42.35293,"{
  ""coordinates"": [
    -8.317725425249540e+01,
    4.235292920124250e+01
  ],
  ""type"": ""Point""
}","{
  ""coordinates"": [
    -83.177254252,
    42.352929201
  ],
  ""type"": ""Point""
}",-83.177254252,42.3529292010001
2263,1476219,GREENFIELD,E I 96,2018-09-18,18,9,2018,3,3,4,9,,2,0,Concrete,1,1,4,35,5,2,0,5,0,0,0,0,true,false,false,false,true,false,false,false,false,false,false,false,false,false,false,false,false,false,false,false,false,false,-83.19804,42.37912,"{
  ""coordinates"": [
    -8.319804284276221e+01,
    4.237911481836900e+01
  ],
  ""type"": ""Point""
}","{
  ""coordinates"": [
    -83.198042843,
    42.379114818
  ],
  ""type"": ""Point""
}",-83.1980428429999,42.3791148180001
2264,1479183,PURITAN,WYOMING,2018-09-18,18,9,2018,11,3,1,9,,4,1,Asphalt,1,1,1,30,2,1,0,5,0,0,0,0,true,false,false,false,false,false,false,false,false,false,false,false,false,false,false,false,false,false,false,false,false,false,-83.16035,42.4097,"{
  ""coordinates"": [
    -8.316035837589270e+01,
    4.240970094948000e+01
  ],
  ""type"": ""Point""
}","{
  ""coordinates"": [
    -83.160358376,
    42.409700949
  ],
  ""type"": ""Point""
}",-83.160358376,42.4097009490001
2265,1479094,PALLISTER,S M 10,2018-09-18,18,9,2018,8,3,8,3,,4,0,Concrete,1,1,1,25,2,2,5,5,0,0,0,0,true,false,false,false,false,false,false,false,false,false,false,false,false,false,true,false,false,false,false,false,false,false,-83.084,42.37024,"{
  ""coordinates"": [
    -8.308399642911320e+01,
    4.237023884026540e+01
  ],
  ""type"": ""Point""
}","{
  ""coordinates"": [
    -83.083996429,
    42.37023884
  ],
  ""type"": ""Point""
}",-83.083996429,42.3702388400001
2266,1476301,JOY,ESPER,2018-09-18,18,9,2018,16,3,4,9,,4,0,Asphalt,1,1,1,,4,2,1,5,0,0,0,0,true,true,false,false,true,false,false,false,false,false,false,false,false,false,true,false,false,false,false,false,false,false,-83.15799,42.35889,"{
  ""coordinates"": [
    -8.315798661503760e+01,
    4.235888679639720e+01
  ],
  ""type"": ""Point""
}","{
  ""coordinates"": [
    -83.157986615,
    42.358886796
  ],
  ""type"": ""Point""
}",-83.157986615,42.358886796
2267,1476258,WARREN,WOODMONT,2018-09-18,18,9,2018,20,3,5,9,,2,0,Asphalt,1,1,4,35,4,2,2,5,0,0,0,0,true,false,false,false,false,false,false,false,true,false,false,false,false,false,false,false,false,false,false,false,false,false,-83.20727,42.34351,"{
  ""coordinates"": [
    -8.320726553644010e+01,
    4.234351434196840e+01
  ],
  ""type"": ""Point""
}","{
  ""coordinates"": [
    -83.207265536,
    42.343514342
  ],
  ""type"": ""Point""
}",-83.207265536,42.343514342
2268,1486780,S M 10,HOWARD,2018-09-18,18,9,2018,8,3,5,3,,1,0,Asphalt,1,1,1,55,3,2,2,5,0,0,0,0,true,false,false,false,false,false,false,false,false,false,false,false,false,false,false,false,false,false,false,false,false,false,-83.05801,42.32857,"{
  ""coordinates"": [
    -8.305801340937690e+01,
    4.232856756601250e+01
  ],
  ""type"": ""Point""
}","{
  ""coordinates"": [
    -83.058013409,
    42.328567566
  ],
  ""type"": ""Point""
}",-83.058013409,42.3285675660001
2269,1477888,OUTER,BEDFORD,2018-09-18,18,9,2018,10,3,4,9,,2,0,Asphalt,1,1,1,30,2,2,3,5,0,0,0,0,true,false,false,false,true,false,false,false,false,false,false,false,false,false,false,false,false,false,false,false,false,false,-82.94409,42.40686,"{
  ""coordinates"": [
    -8.294409181033799e+01,
    4.240686289891810e+01
  ],
  ""type"": ""Point""
}","{
  ""coordinates"": [
    -82.94409181,
    42.406862899
  ],
  ""type"": ""Point""
}",-82.94409181,42.406862899
2270,1476223,LODGE S D,SELDEN,2018-09-18,18,9,2018,11,3,1,9,,4,0,Asphalt,1,1,1,30,3,2,2,4,0,0,0,1,false,false,false,false,false,false,false,false,false,false,false,false,false,false,false,false,false,false,false,false,true,false,-83.06966,42.34585,"{
  ""coordinates"": [
    -8.306966330055910e+01,
    4.234584769162610e+01
  ],
  ""type"": ""Point""
}","{
  ""coordinates"": [
    -83.069663301,
    42.345847692
  ],
  ""type"": ""Point""
}",-83.0696633009999,42.3458476920001
2271,1476210,I 94,BEAUBIEN,2018-09-18,18,9,2018,19,3,8,1,,1,0,Asphalt,1,1,1,55,3,2,2,5,0,0,0,0,true,false,false,false,false,false,false,false,false,false,false,false,false,false,false,true,false,false,false,false,false,false,-83.06236,42.36662,"{
  ""coordinates"": [
    -8.306236192318291e+01,
    4.236661393613000e+01
  ],
  ""type"": ""Point""
}","{
  ""coordinates"": [
    -83.062361923,
    42.366613936
  ],
  ""type"": ""Point""
}",-83.062361923,42.3666139360001
2272,1477887,KINGSVILLE,EDGEFIELD,2018-09-18,18,9,2018,17,3,4,9,,,0,,1,1,1,25,2,2,1,4,0,0,0,1,false,false,true,false,true,false,false,false,false,false,false,false,false,true,false,false,false,false,false,false,false,false,-82.92475,42.42479,"{
  ""coordinates"": [
    -8.292475194055740e+01,
    4.242479347494980e+01
  ],
  ""type"": ""Point""
}","{
  ""coordinates"": [
    -82.924751941,
    42.424793475
  ],
  ""type"": ""Point""
}",-82.924751941,42.4247934750001
2273,1476217,SORRENTO,WESTFIELD,2018-09-18,18,9,2018,15,3,97,9,,,0,,1,1,1,25,2,2,2,2,0,1,0,0,false,false,false,false,false,false,false,false,false,false,false,false,false,false,false,false,false,false,false,false,false,false,-83.17157,42.36394,"{
  ""coordinates"": [
    -8.317157070790890e+01,
    4.236393759552400e+01
  ],
  ""type"": ""Point""
}","{
  ""coordinates"": [
    -83.171570708,
    42.363937596
  ],
  ""type"": ""Point""
}",-83.171570708,42.363937596
2274,1481344,GRATIOT,RACINE,2018-09-18,18,9,2018,,3,1,3,,1,0,Asphalt,1,1,98,35,2,2,1,4,0,0,0,1,false,false,false,false,true,true,true,false,false,false,false,false,false,false,false,false,false,false,false,false,true,false,-82.98916,42.41765,"{
  ""coordinates"": [
    -8.298915689781340e+01,
    4.241765139946050e+01
  ],
  ""type"": ""Point""
}","{
  ""coordinates"": [
    -82.989156898,
    42.417651399
  ],
  ""type"": ""Point""
}",-82.989156898,42.4176513990001
2275,1476224,SEWARD,LODGE S D,2018-09-18,18,9,2018,16,3,5,9,,,0,,1,1,1,25,3,2,2,5,0,0,0,0,true,false,false,false,false,false,false,false,false,false,false,false,false,false,true,false,false,false,false,false,false,false,-83.08559,42.3718,"{
  ""coordinates"": [
    -8.308559148968099e+01,
    4.237180006370710e+01
  ],
  ""type"": ""Point""
}","{
  ""coordinates"": [
    -83.08559149,
    42.371800064
  ],
  ""type"": ""Point""
}",-83.08559149,42.3718000640001
2276,1497133,MORANG,LAING,2018-09-17,17,9,2018,22,2,8,9,,4,3,Asphalt,1,1,4,35,2,2,0,5,0,0,0,0,true,false,false,false,true,false,false,false,false,false,false,false,false,false,false,false,false,false,false,false,false,false,-82.95293,42.42732,"{
  ""coordinates"": [
    -8.295293164801700e+01,
    4.242732142112330e+01
  ],
  ""type"": ""Point""
}","{
  ""coordinates"": [
    -82.952931648,
    42.427321421
  ],
  ""type"": ""Point""
}",-82.9529316479999,42.427321421
2277,1488777,S M 39,GRAND RIVER,2018-09-17,17,9,2018,9,2,5,3,,1,0,Asphalt,1,1,1,55,3,3,3,5,0,0,0,0,true,false,false,false,false,false,false,false,false,false,false,false,false,false,false,false,false,false,false,false,false,false,-83.21838,42.40041,"{
  ""coordinates"": [
    -8.321838281639390e+01,
    4.240040691769710e+01
  ],
  ""type"": ""Point""
}","{
  ""coordinates"": [
    -83.218382816,
    42.400406918
  ],
  ""type"": ""Point""
}",-83.218382816,42.400406918
2278,1490718,DICKERSON,LINVILLE,2018-09-17,17,9,2018,7,2,4,9,,4,0,Asphalt,1,1,1,25,2,2,2,5,0,0,0,0,true,false,false,false,false,false,false,false,false,false,false,false,false,false,false,false,false,false,false,false,false,false,-82.97146,42.39901,"{
  ""coordinates"": [
    -8.297146023426590e+01,
    4.239901322182610e+01
  ],
  ""type"": ""Point""
}","{
  ""coordinates"": [
    -82.971460234,
    42.399013222
  ],
  ""type"": ""Point""
}",-82.9714602339999,42.3990132220001
2279,1475411,RYAN,OUTER,2018-09-17,17,9,2018,15,2,4,9,,4,0,Asphalt,1,1,1,30,4,2,8,4,0,0,0,2,false,false,true,true,false,false,false,false,false,false,false,false,false,false,false,false,false,false,false,false,false,false,-83.06356,42.44051,"{
  ""coordinates"": [
    -8.306356416515510e+01,
    4.244050421337970e+01
  ],
  ""type"": ""Point""
}","{
  ""coordinates"": [
    -83.063564165,
    42.440504213
  ],
  ""type"": ""Point""
}",-83.0635641649999,42.4405042130001
2280,1475413,WYOMING,MCNICHOLS,2018-09-17,17,9,2018,17,2,4,9,,4,0,Asphalt,1,1,1,30,3,2,2,5,0,0,0,0,true,false,false,false,true,false,false,false,false,false,false,true,false,false,false,false,false,false,false,false,false,false,-83.16034,42.41721,"{
  ""coordinates"": [
    -8.316033795598629e+01,
    4.241721171973210e+01
  ],
  ""type"": ""Point""
}","{
  ""coordinates"": [
    -83.160337956,
    42.41721172
  ],
  ""type"": ""Point""
}",-83.160337956,42.4172117200001
2281,1477855,CHARLOTTE,CASS,2018-09-17,17,9,2018,19,2,8,9,,,0,,1,2,4,25,3,2,0,5,0,0,0,0,true,false,false,false,true,false,false,false,false,false,false,false,false,false,false,false,false,false,false,false,false,false,-83.05938,42.34302,"{
  ""coordinates"": [
    -8.305938289924920e+01,
    4.234301878431050e+01
  ],
  ""type"": ""Point""
}","{
  ""coordinates"": [
    -83.059382899,
    42.343018784
  ],
  ""type"": ""Point""
}",-83.059382899,42.343018784
2282,1479135,TELEGRAPH,GRAND RIVER,2018-09-17,17,9,2018,17,2,5,2,,1,0,Asphalt,1,1,1,15,2,2,1,4,0,0,0,1,false,false,false,false,true,false,false,false,false,false,false,false,false,false,false,false,false,false,false,false,false,false,-83.27737,42.42425,"{
  ""coordinates"": [
    -8.327736724552780e+01,
    4.242424972219120e+01
  ],
  ""type"": ""Point""
}","{
  ""coordinates"": [
    -83.277367246,
    42.424249722
  ],
  ""type"": ""Point""
}",-83.277367246,42.4242497220001
2283,1496190,WARREN,SAINT AUBIN,2018-09-17,17,9,2018,10,2,4,9,,4,0,Asphalt,1,1,1,35,2,2,3,5,0,0,0,0,true,false,false,false,false,false,false,false,false,false,false,false,false,false,false,false,false,false,false,false,false,false,-83.04433,42.36441,"{
  ""coordinates"": [
    -8.304432440966220e+01,
    4.236441544554810e+01
  ],
  ""type"": ""Point""
}","{
  ""coordinates"": [
    -83.04432441,
    42.364415446
  ],
  ""type"": ""Point""
}",-83.0443244099999,42.3644154460001
2284,1476287,VERNOR,ELMWOOD,2018-09-17,17,9,2018,18,2,1,9,,4,1,Asphalt,1,1,1,35,4,1,1,2,0,1,0,0,false,false,false,false,false,false,false,false,false,false,false,false,false,false,false,false,false,false,false,false,false,false,-83.02316,42.35293,"{
  ""coordinates"": [
    -8.302315764556791e+01,
    4.235292960182090e+01
  ],
  ""type"": ""Point""
}","{
  ""coordinates"": [
    -83.023157646,
    42.352929602
  ],
  ""type"": ""Point""
}",-83.023157646,42.3529296020001
2285,1475306,I-94,BURNS,2018-09-17,17,9,2018,9,2,5,1,,1,0,Asphalt,1,1,1,55,3,2,2,5,0,0,0,0,true,false,false,false,false,false,false,false,false,false,true,false,false,false,true,false,false,false,false,false,false,false,-83.01324,42.38902,"{
  ""coordinates"": [
    -8.301323890223740e+01,
    4.238901571957090e+01
  ],
  ""type"": ""Point""
}","{
  ""coordinates"": [
    -83.013238902,
    42.38901572
  ],
  ""type"": ""Point""
}",-83.013238902,42.38901572
2286,1485522,MANOR,ELLIS,2018-09-17,17,9,2018,2,2,8,9,,,0,,1,1,5,25,2,2,1,5,0,0,0,0,true,false,false,false,false,false,false,false,false,false,true,false,false,false,false,false,false,false,false,false,false,false,-83.1666,42.36103,"{
  ""coordinates"": [
    -8.316659615803570e+01,
    4.236103040681500e+01
  ],
  ""type"": ""Point""
}","{
  ""coordinates"": [
    -83.166596158,
    42.361030407
  ],
  ""type"": ""Point""
}",-83.1665961579999,42.361030407
2287,1476992,E I 94,RAMP 213D,2018-09-17,17,9,2018,0,2,5,1,,1,0,Asphalt,1,1,4,55,3,2,2,4,0,0,0,2,false,false,false,false,false,false,false,false,false,false,false,false,false,false,false,false,false,false,false,false,false,false,-83.10445,42.34842,"{
  ""coordinates"": [
    -8.310444362874379e+01,
    4.234842011988390e+01
  ],
  ""type"": ""Point""
}","{
  ""coordinates"": [
    -83.104443629,
    42.34842012
  ],
  ""type"": ""Point""
}",-83.1044436289999,42.3484201200001
2288,1475400,LIVERNOIS,E I 96,2018-09-17,17,9,2018,13,2,5,9,,4,0,Concrete,1,1,1,35,6,2,2,5,0,0,0,0,true,false,false,false,true,false,false,false,false,false,false,false,false,false,false,false,false,false,false,false,false,false,-83.13875,42.36728,"{
  ""coordinates"": [
    -8.313874566517759e+01,
    4.236728474079190e+01
  ],
  ""type"": ""Point""
}","{
  ""coordinates"": [
    -83.138745665,
    42.367284741
  ],
  ""type"": ""Point""
}",-83.138745665,42.367284741