ObjectId,Crash ID,Primary Road,Intersecting Road,Crash Date,Day,Month,Year,Hour,Weekday,Crash Type Code,Highway Classification Code,Community Code,Jurisdiction Code,Lane Departure Type Code,Surface Type,Road Condition,Weather Condition,Lighting Condition,Speed Limit,Lanes,Units,Occupants,Most Severe Injury,Fatal Injuries,Suspected Serious Injuries,Suspected Minor Injuries,Possible Injuries,Property Damage Only,Secondary Crash,Traffic Control,Red Light Run,Hit and Run,Alcohol,Drugs,Unbelted Person,Work Zone,Speeding Driver,Distracted Driver,Driveway,Pedestrian,Elderly Driver,Young Driver,Commercial Vehicle,Emergency Vehicles,Train,School Bus,Motorcycle,Bicycle,Deer,Longitude,Latitude,geom,geog,x,y
2289,1477009,RAMP 008B,E I 96 CD,2018-09-17,17,9,2018,21,2,1,1,,1,1,Concrete,1,1,4,55,2,1,1,3,0,0,1,0,false,true,false,false,false,false,false,false,false,false,false,false,false,false,true,false,false,false,false,false,false,false,-83.20773,42.37856,"{
  ""coordinates"": [
    -8.320772729562159e+01,
    4.237856475652950e+01
  ],
  ""type"": ""Point""
}","{
  ""coordinates"": [
    -83.207727296,
    42.378564757
  ],
  ""type"": ""Point""
}",-83.207727296,42.378564757
2290,1475384,I-94,I-75,2018-09-17,17,9,2018,11,2,5,1,,1,0,Concrete,1,1,1,55,3,3,3,5,0,0,0,0,true,false,false,false,false,false,false,false,true,false,false,false,false,true,false,false,false,false,false,false,false,false,-83.05026,42.37305,"{
  ""coordinates"": [
    -8.305026493975900e+01,
    4.237305453191440e+01
  ],
  ""type"": ""Point""
}","{
  ""coordinates"": [
    -83.05026494,
    42.373054532
  ],
  ""type"": ""Point""
}",-83.05026494,42.373054532
2291,1480034,M-39,7 MILE,2018-09-17,17,9,2018,22,2,5,3,,1,0,Concrete,1,1,4,55,3,2,2,5,0,0,0,0,true,false,false,false,false,true,false,false,false,false,true,false,false,false,false,false,false,false,false,false,false,false,-83.21929,42.43147,"{
  ""coordinates"": [
    -8.321928836648731e+01,
    4.243146687962890e+01
  ],
  ""type"": ""Point""
}","{
  ""coordinates"": [
    -83.219288366,
    42.43146688
  ],
  ""type"": ""Point""
}",-83.2192883659999,42.4314668800001
2292,1476302,LIVERNOIS,LIVERNOIS,2018-09-17,17,9,2018,13,2,5,3,,4,0,Asphalt,1,1,1,35,2,2,2,5,0,0,0,0,true,false,false,false,false,false,false,false,false,false,false,false,false,false,false,false,false,false,false,false,false,false,-83.13878,42.36888,"{
  ""coordinates"": [
    -8.313877956986251e+01,
    4.236887759432840e+01
  ],
  ""type"": ""Point""
}","{
  ""coordinates"": [
    -83.13877957,
    42.368877594
  ],
  ""type"": ""Point""
}",-83.1387795699999,42.368877594
2293,1536932,MICHIGAN,ROSA PARKS,2018-09-17,17,9,2018,9,2,5,2,,1,0,Asphalt,1,1,1,35,3,2,2,5,0,0,0,0,true,false,false,false,false,false,false,false,false,false,false,false,false,false,false,true,false,false,false,false,false,false,-83.07201,42.33139,"{
  ""coordinates"": [
    -8.307201706411050e+01,
    4.233139073580720e+01
  ],
  ""type"": ""Point""
}","{
  ""coordinates"": [
    -83.072017064,
    42.331390736
  ],
  ""type"": ""Point""
}",-83.072017064,42.3313907360001
2294,1475401,7 MILE,TEPPERT,2018-09-17,17,9,2018,7,2,5,9,,4,0,Asphalt,1,1,1,30,2,2,2,5,0,0,0,0,true,false,false,false,false,false,false,false,false,false,false,false,false,false,false,false,false,false,false,false,false,false,-83.00797,42.43435,"{
  ""coordinates"": [
    -8.300796384087330e+01,
    4.243435060237780e+01
  ],
  ""type"": ""Point""
}","{
  ""coordinates"": [
    -83.007963841,
    42.434350602
  ],
  ""type"": ""Point""
}",-83.0079638409999,42.4343506020001
2295,1476232,WARREN,WYKES,2018-09-17,17,9,2018,7,2,8,9,,4,3,Asphalt,1,1,1,30,3,2,1,5,0,0,0,0,true,false,false,false,false,false,false,false,false,false,false,false,false,false,false,false,false,false,false,false,false,false,-83.14171,42.34484,"{
  ""coordinates"": [
    -8.314170949403611e+01,
    4.234483921516480e+01
  ],
  ""type"": ""Point""
}","{
  ""coordinates"": [
    -83.141709494,
    42.344839215
  ],
  ""type"": ""Point""
}",-83.1417094939999,42.344839215
2296,1479162,WHITTIER,WHITEHILL,2018-09-17,17,9,2018,18,2,5,9,,4,0,Asphalt,1,1,1,30,2,3,4,5,0,0,0,0,true,false,false,false,true,false,false,false,false,false,false,false,false,true,false,false,false,false,false,false,false,false,-82.95787,42.41893,"{
  ""coordinates"": [
    -8.295787366605499e+01,
    4.241892772710400e+01
  ],
  ""type"": ""Point""
}","{
  ""coordinates"": [
    -82.957873666,
    42.418927727
  ],
  ""type"": ""Point""
}",-82.957873666,42.418927727
2297,1490648,I-94,BARRETT,2018-09-17,17,9,2018,6,2,5,1,,1,0,Asphalt,1,1,4,55,3,2,2,5,0,0,0,0,true,false,false,false,false,false,false,false,false,false,true,false,false,false,false,false,false,false,false,false,false,false,-82.9823,42.39907,"{
  ""coordinates"": [
    -8.298229943767420e+01,
    4.239906848081650e+01
  ],
  ""type"": ""Point""
}","{
  ""coordinates"": [
    -82.982299438,
    42.399068481
  ],
  ""type"": ""Point""
}",-82.982299438,42.399068481
2298,1501410,ST ANTOINE,GRATIOT,2018-09-17,17,9,2018,13,2,8,3,,4,0,Asphalt,1,1,1,25,3,2,1,5,0,0,0,0,true,false,false,false,true,false,false,false,false,false,false,false,false,false,false,false,true,false,false,false,false,false,-83.04261,42.33803,"{
  ""coordinates"": [
    -8.304260884785370e+01,
    4.233803160405400e+01
  ],
  ""type"": ""Point""
}","{
  ""coordinates"": [
    -83.042608848,
    42.338031604
  ],
  ""type"": ""Point""
}",-83.042608848,42.338031604
2299,1475382,RAMP 938E,14TH,2018-09-17,17,9,2018,6,2,8,1,,1,0,Asphalt,1,1,1,55,4,2,2,5,0,0,0,0,true,false,false,false,false,false,false,false,false,false,false,false,false,false,false,false,false,false,false,false,false,false,-83.07307,42.33312,"{
  ""coordinates"": [
    -8.307307493112060e+01,
    4.233311849469040e+01
  ],
  ""type"": ""Point""
}","{
  ""coordinates"": [
    -83.073074931,
    42.333118495
  ],
  ""type"": ""Point""
}",-83.073074931,42.3331184950001
2300,1547361,WARREN,BURNETE,2018-09-17,17,9,2018,7,2,5,9,,4,0,Asphalt,1,1,2,,5,2,0,5,0,0,0,0,true,false,false,false,false,false,false,false,false,false,true,false,false,false,false,true,false,false,false,false,false,false,-83.14075,42.34486,"{
  ""coordinates"": [
    -8.314075270700050e+01,
    4.234486029745860e+01
  ],
  ""type"": ""Point""
}","{
  ""coordinates"": [
    -83.140752707,
    42.344860297
  ],
  ""type"": ""Point""
}",-83.140752707,42.344860297
2301,1475386,JEFFERSON,BEAUBIEN,2018-09-17,17,9,2018,12,2,4,4,,1,0,Asphalt,1,1,4,35,7,2,2,5,0,0,0,0,true,false,false,false,false,true,false,false,false,false,false,false,false,false,false,false,false,false,false,false,false,false,-83.04008,42.33077,"{
  ""coordinates"": [
    -8.304008699829370e+01,
    4.233076708302540e+01
  ],
  ""type"": ""Point""
}","{
  ""coordinates"": [
    -83.040086998,
    42.330767083
  ],
  ""type"": ""Point""
}",-83.0400869979999,42.3307670830001
2302,1492987,MCNICHOLS,TRINITY,2018-09-17,17,9,2018,9,2,5,9,,2,0,Asphalt,1,1,1,25,2,2,2,5,0,0,0,0,true,false,false,false,false,false,false,false,false,false,false,false,false,false,false,false,false,false,false,false,false,false,-83.24886,42.41489,"{
  ""coordinates"": [
    -8.324886327194760e+01,
    4.241488841917710e+01
  ],
  ""type"": ""Point""
}","{
  ""coordinates"": [
    -83.248863272,
    42.414888419
  ],
  ""type"": ""Point""
}",-83.2488632719999,42.4148884190001
2303,1475414,STATE FAIR,HULL,2018-09-17,17,9,2018,7,2,5,9,,4,0,Asphalt,1,1,2,30,1,2,2,5,0,0,0,0,true,false,false,false,false,false,false,false,false,false,false,false,false,false,false,false,false,false,false,false,false,false,-83.08896,42.43993,"{
  ""coordinates"": [
    -8.308896086116330e+01,
    4.243992619670690e+01
  ],
  ""type"": ""Point""
}","{
  ""coordinates"": [
    -83.088960861,
    42.439926197
  ],
  ""type"": ""Point""
}",-83.088960861,42.439926197
2304,1497122,8 MILE,HAMBURG,2018-09-17,17,9,2018,7,2,5,3,,1,0,Asphalt,1,1,1,40,4,2,7,4,0,0,0,1,false,false,false,false,false,false,false,true,false,false,false,false,false,false,false,false,false,false,false,false,false,false,-82.9977,42.44901,"{
  ""coordinates"": [
    -8.299769222180301e+01,
    4.244900952694900e+01
  ],
  ""type"": ""Point""
}","{
  ""coordinates"": [
    -82.997692222,
    42.449009527
  ],
  ""type"": ""Point""
}",-82.997692222,42.449009527
2305,1481290,SHOEMAKER,CHANDLER PARK,2018-09-17,17,9,2018,11,2,4,9,,4,0,Asphalt,1,1,1,30,2,2,2,5,0,0,0,0,true,false,false,false,false,false,false,false,false,false,false,false,false,false,false,false,false,false,false,false,false,false,-82.98324,42.39291,"{
  ""coordinates"": [
    -8.298323876814401e+01,
    4.239290822391260e+01
  ],
  ""type"": ""Point""
}","{
  ""coordinates"": [
    -82.983238768,
    42.392908224
  ],
  ""type"": ""Point""
}",-82.983238768,42.3929082240001
2306,1486792,I-94,BRUSH,2018-09-17,17,9,2018,14,2,5,1,,1,0,Asphalt,1,1,1,55,3,2,2,5,0,0,0,0,true,false,false,false,false,false,false,false,false,false,true,false,false,false,false,false,false,false,false,false,false,false,-83.06355,42.36614,"{
  ""coordinates"": [
    -8.306354996104520e+01,
    4.236614144332080e+01
  ],
  ""type"": ""Point""
}","{
  ""coordinates"": [
    -83.063549961,
    42.366141443
  ],
  ""type"": ""Point""
}",-83.063549961,42.3661414430001
2307,1475405,DAVISON,LASALLE,2018-09-17,17,9,2018,20,2,1,3,,1,0,Asphalt,1,1,4,30,6,2,1,4,0,0,0,1,false,false,false,false,false,false,false,false,false,false,false,false,true,false,false,false,false,false,false,false,false,false,-83.11913,42.39409,"{
  ""coordinates"": [
    -8.311913340282840e+01,
    4.239409393793430e+01
  ],
  ""type"": ""Point""
}","{
  ""coordinates"": [
    -83.119133403,
    42.394093938
  ],
  ""type"": ""Point""
}",-83.119133403,42.394093938
2308,1477025,CHICAGO,FIELDING,2018-09-17,17,9,2018,12,2,4,9,,4,0,Asphalt,1,1,1,30,2,2,3,4,0,0,0,1,false,false,false,false,false,false,false,false,false,false,false,false,false,true,false,false,false,false,false,false,false,false,-83.241,42.36462,"{
  ""coordinates"": [
    -8.324099521658459e+01,
    4.236462223708770e+01
  ],
  ""type"": ""Point""
}","{
  ""coordinates"": [
    -83.240995217,
    42.364622237
  ],
  ""type"": ""Point""
}",-83.240995217,42.364622237
2309,1477047,RAMP 029B,SCHAEFER,2018-09-17,17,9,2018,5,2,5,1,,1,0,Asphalt,1,1,2,45,2,2,2,5,0,0,0,0,true,false,false,false,false,false,false,false,false,false,false,false,false,false,false,false,false,false,false,false,false,false,-83.15607,42.27692,"{
  ""coordinates"": [
    -8.315606917813760e+01,
    4.227691862690710e+01
  ],
  ""type"": ""Point""
}","{
  ""coordinates"": [
    -83.156069178,
    42.276918627
  ],
  ""type"": ""Point""
}",-83.1560691779999,42.276918627
2310,1490705,MINDEN,DEVON,2018-09-17,17,9,2018,6,2,8,9,,,3,,1,1,5,25,2,2,1,5,0,0,0,0,true,false,false,false,true,false,false,false,false,false,false,false,false,false,false,false,false,false,false,false,false,false,-82.99516,42.41703,"{
  ""coordinates"": [
    -8.299515846133561e+01,
    4.241703287205740e+01
  ],
  ""type"": ""Point""
}","{
  ""coordinates"": [
    -82.995158461,
    42.417032872
  ],
  ""type"": ""Point""
}",-82.995158461,42.417032872
2311,1480071,GLENFIELD,GRATIOT,2018-09-17,17,9,2018,13,2,9,3,,,0,,1,1,1,25,1,2,1,5,0,0,0,0,true,false,false,false,true,false,false,false,false,false,false,true,false,false,false,false,false,false,false,false,false,false,-82.99432,42.41018,"{
  ""coordinates"": [
    -8.299432045870890e+01,
    4.241017927848470e+01
  ],
  ""type"": ""Point""
}","{
  ""coordinates"": [
    -82.994320459,
    42.410179278
  ],
  ""type"": ""Point""
}",-82.9943204589999,42.410179278
2312,1476221,S M 10,MARTIN LUTHER KING JR,2018-09-17,17,9,2018,9,2,5,3,,1,0,Asphalt,1,1,1,25,4,2,4,5,0,0,0,0,true,false,false,false,false,false,false,false,false,false,false,false,false,true,false,false,false,false,false,false,false,false,-83.0682,42.34321,"{
  ""coordinates"": [
    -8.306819887611481e+01,
    4.234321375953100e+01
  ],
  ""type"": ""Point""
}","{
  ""coordinates"": [
    -83.068198876,
    42.34321376
  ],
  ""type"": ""Point""
}",-83.0681988759999,42.34321376
2313,1476245,DOVER,BRACE,2018-09-17,17,9,2018,17,2,4,9,,,0,,1,1,1,25,2,2,5,4,0,0,0,5,false,false,false,false,false,false,false,false,false,false,false,false,false,false,false,false,false,false,false,false,false,false,-83.22378,42.35951,"{
  ""coordinates"": [
    -8.322378018336170e+01,
    4.235950723254510e+01
  ],
  ""type"": ""Point""
}","{
  ""coordinates"": [
    -83.223780183,
    42.359507233
  ],
  ""type"": ""Point""
}",-83.223780183,42.359507233
2314,1477021,FORT,SCHAEFER,2018-09-17,17,9,2018,15,2,5,3,,1,0,Asphalt,1,1,1,35,4,2,1,5,0,0,0,0,true,false,false,false,false,false,false,false,false,false,false,false,false,false,false,false,false,false,false,false,false,false,-83.15543,42.27646,"{
  ""coordinates"": [
    -8.315542772724650e+01,
    4.227646047642840e+01
  ],
  ""type"": ""Point""
}","{
  ""coordinates"": [
    -83.155427727,
    42.276460476
  ],
  ""type"": ""Point""
}",-83.155427727,42.2764604760001
2315,1475389,MICHIGAN,JUNCTION,2018-09-17,17,9,2018,1,2,4,2,,1,0,Asphalt,1,1,4,35,4,2,1,3,0,0,1,0,false,false,false,false,true,false,false,false,false,false,false,false,false,false,true,false,false,false,false,false,false,false,-83.11166,42.33117,"{
  ""coordinates"": [
    -8.311165471757241e+01,
    4.233116736445290e+01
  ],
  ""type"": ""Point""
}","{
  ""coordinates"": [
    -83.111654718,
    42.331167364
  ],
  ""type"": ""Point""
}",-83.111654718,42.3311673640001
2316,1475419,SHIAWASSEE,WOODBINE,2018-09-17,17,9,2018,20,2,10,9,,,0,,1,1,4,25,2,2,1,5,0,0,0,0,true,false,false,false,true,false,false,false,false,false,false,false,false,false,false,false,false,false,false,false,false,false,-83.28175,42.44043,"{
  ""coordinates"": [
    -8.328174890835361e+01,
    4.244042669493390e+01
  ],
  ""type"": ""Point""
}","{
  ""coordinates"": [
    -83.281748908,
    42.440426695
  ],
  ""type"": ""Point""
}",-83.2817489079999,42.440426695
2317,1483208,SOUTHFIELD SERVICE DRIVE,PLYMOUTH,2018-09-17,17,9,2018,6,2,8,9,,4,0,Asphalt,1,1,4,55,3,2,3,5,0,0,0,0,true,false,false,false,false,false,false,false,false,false,false,false,false,true,false,true,false,false,false,false,false,false,-83.21626,42.3722,"{
  ""coordinates"": [
    -8.321626598671560e+01,
    4.237220298781160e+01
  ],
  ""type"": ""Point""
}","{
  ""coordinates"": [
    -83.216265987,
    42.372202988
  ],
  ""type"": ""Point""
}",-83.216265987,42.372202988
2318,1475409,GRAND,KIPLING,2018-09-17,17,9,2018,19,2,1,9,,4,0,Asphalt,1,1,1,30,3,2,1,5,0,0,0,0,true,false,false,false,false,false,false,false,false,false,false,false,true,false,false,false,false,false,false,false,false,false,-83.08765,42.365,"{
  ""coordinates"": [
    -8.308764721396770e+01,
    4.236499629490170e+01
  ],
  ""type"": ""Point""
}","{
  ""coordinates"": [
    -83.087647214,
    42.364996295
  ],
  ""type"": ""Point""
}",-83.087647214,42.364996295
2319,1475415,JEFFERSON,BEAUBIEN,2018-09-17,17,9,2018,12,2,8,4,,1,0,Asphalt,1,1,1,35,5,2,2,5,0,0,0,0,true,false,false,false,false,false,false,true,false,false,false,false,false,false,false,false,false,false,false,false,false,false,-83.04015,42.33074,"{
  ""coordinates"": [
    -8.304015474600919e+01,
    4.233073820576960e+01
  ],
  ""type"": ""Point""
}","{
  ""coordinates"": [
    -83.040154746,
    42.330738206
  ],
  ""type"": ""Point""
}",-83.040154746,42.330738206
2320,1476250,WARREN,RUTLAND,2018-09-17,17,9,2018,7,2,5,9,,2,0,Asphalt,1,1,1,35,4,2,2,4,0,0,0,1,false,false,false,false,false,false,false,false,false,false,false,false,false,false,false,false,false,false,false,false,false,false,-83.21198,42.34344,"{
  ""coordinates"": [
    -8.321197264044881e+01,
    4.234343753197860e+01
  ],
  ""type"": ""Point""
}","{
  ""coordinates"": [
    -83.21197264,
    42.343437532
  ],
  ""type"": ""Point""
}",-83.2119726399999,42.3434375320001
2321,1477921,OUTER,7 MILE,2018-09-17,17,9,2018,14,2,5,9,,2,0,Asphalt,1,1,1,35,2,2,1,5,0,0,0,0,true,false,false,false,true,false,false,false,false,false,false,false,false,false,false,false,false,false,false,false,false,false,-83.17548,42.4311,"{
  ""coordinates"": [
    -8.317547596995310e+01,
    4.243109358151880e+01
  ],
  ""type"": ""Point""
}","{
  ""coordinates"": [
    -83.17547597,
    42.431093582
  ],
  ""type"": ""Point""
}",-83.17547597,42.4310935820001
2322,1486791,RAMP 029C,FORT,2018-09-17,17,9,2018,6,2,5,1,,1,0,Concrete,1,1,2,35,1,2,2,5,0,0,0,0,true,false,false,false,false,false,false,false,false,false,false,false,false,false,false,false,false,false,false,false,false,false,-83.15363,42.27765,"{
  ""coordinates"": [
    -8.315362662266780e+01,
    4.227764883877840e+01
  ],
  ""type"": ""Point""
}","{
  ""coordinates"": [
    -83.153626623,
    42.277648839
  ],
  ""type"": ""Point""
}",-83.153626623,42.2776488390001
2323,1476226,BRUSH,MACK,2018-09-17,17,9,2018,13,2,1,9,,4,0,Asphalt,1,1,1,25,4,2,2,5,0,0,0,0,true,false,false,false,false,false,false,false,false,false,false,false,false,false,false,false,false,false,false,false,true,false,-83.05347,42.34905,"{
  ""coordinates"": [
    -8.305346724099670e+01,
    4.234904899463960e+01
  ],
  ""type"": ""Point""
}","{
  ""coordinates"": [
    -83.053467241,
    42.349048995
  ],
  ""type"": ""Point""
}",-83.053467241,42.349048995
2324,1477840,I-94,BRUSH AT,2018-09-17,17,9,2018,10,2,8,1,,1,0,Asphalt,1,1,1,55,3,2,13,5,0,0,0,0,true,false,false,false,false,false,false,false,false,false,false,false,false,false,false,false,false,false,false,false,false,false,-83.06162,42.36691,"{
  ""coordinates"": [
    -8.306161920177880e+01,
    4.236690546014530e+01
  ],
  ""type"": ""Point""
}","{
  ""coordinates"": [
    -83.061619202,
    42.36690546
  ],
  ""type"": ""Point""
}",-83.061619202,42.3669054600001
2325,1476240,MOTOR,M 10 SERVICE,2018-09-17,17,9,2018,11,2,5,9,,4,0,Concrete,1,1,1,30,2,2,2,5,0,0,0,0,true,false,false,false,false,false,false,false,false,false,true,false,false,false,false,false,false,false,false,false,false,false,-83.08151,42.36731,"{
  ""coordinates"": [
    -8.308151387274660e+01,
    4.236730438854880e+01
  ],
  ""type"": ""Point""
}","{
  ""coordinates"": [
    -83.081513873,
    42.367304389
  ],
  ""type"": ""Point""
}",-83.0815138729999,42.367304389
2326,1476222,27 WILLS,WOODWARD,2018-09-17,17,9,2018,6,2,4,3,,,0,,1,1,1,,2,2,2,5,0,0,0,0,true,false,false,false,false,false,false,false,false,false,false,false,false,false,false,false,false,false,false,false,false,false,-83.06075,42.35167,"{
  ""coordinates"": [
    -8.306074818344830e+01,
    4.235166907755370e+01
  ],
  ""type"": ""Point""
}","{
  ""coordinates"": [
    -83.060748183,
    42.351669078
  ],
  ""type"": ""Point""
}",-83.060748183,42.351669078
2327,1477029,I75,CLAY,2018-09-17,17,9,2018,13,2,5,1,,1,0,Asphalt,1,1,1,55,4,2,2,5,0,0,0,0,true,false,false,false,false,false,false,false,false,false,false,false,false,true,false,false,false,false,false,false,false,false,-83.06281,42.37822,"{
  ""coordinates"": [
    -8.306280488130309e+01,
    4.237821419672380e+01
  ],
  ""type"": ""Point""
}","{
  ""coordinates"": [
    -83.062804881,
    42.378214197
  ],
  ""type"": ""Point""
}",-83.062804881,42.378214197
2328,1477853,BATES,CADILLAC,2018-09-17,17,9,2018,1,2,98,9,,4,0,Asphalt,98,98,98,25,2,2,1,5,0,0,0,0,true,false,false,false,true,false,false,false,false,false,false,false,false,false,false,false,false,false,false,false,false,false,-83.04461,42.33155,"{
  ""coordinates"": [
    -8.304461079276371e+01,
    4.233155508617820e+01
  ],
  ""type"": ""Point""
}","{
  ""coordinates"": [
    -83.044610793,
    42.331555086
  ],
  ""type"": ""Point""
}",-83.0446107929999,42.331555086
2329,1476289,OUTER,MURRAY HILL,2018-09-17,17,9,2018,23,2,4,9,,2,0,Asphalt,1,1,4,30,2,2,1,5,0,0,0,0,true,false,false,false,true,false,false,false,false,false,false,false,false,false,false,false,false,false,false,false,false,false,-83.20808,42.41949,"{
  ""coordinates"": [
    -8.320808447241950e+01,
    4.241949125101560e+01
  ],
  ""type"": ""Point""
}","{
  ""coordinates"": [
    -83.208084472,
    42.419491251
  ],
  ""type"": ""Point""
}",-83.2080844719999,42.4194912510001
2330,1475407,WOODWARD,BOSTON,2018-09-17,17,9,2018,18,2,3,3,,1,0,Asphalt,1,1,1,35,7,2,2,4,0,0,0,1,false,false,false,false,false,false,false,false,false,false,false,false,false,false,false,false,false,false,false,true,false,false,-83.08469,42.38721,"{
  ""coordinates"": [
    -8.308469599772440e+01,
    4.238721027331020e+01
  ],
  ""type"": ""Point""
}","{
  ""coordinates"": [
    -83.084695998,
    42.387210273
  ],
  ""type"": ""Point""
}",-83.084695998,42.3872102730001
2331,1475291,I 75,MICHIGAN,2018-09-17,17,9,2018,14,2,8,1,,1,0,Concrete,1,1,1,55,3,2,2,5,0,0,0,0,true,false,false,false,false,false,false,false,false,false,false,false,false,false,false,true,false,false,false,false,false,false,-83.07512,42.33265,"{
  ""coordinates"": [
    -8.307511984326740e+01,
    4.233264953651410e+01
  ],
  ""type"": ""Point""
}","{
  ""coordinates"": [
    -83.075119843,
    42.332649537
  ],
  ""type"": ""Point""
}",-83.075119843,42.3326495370001
2332,1488779,W I 96,GRAND RIVER,2018-09-17,17,9,2018,14,2,1,1,,1,1,Concrete,1,1,1,70,4,1,0,5,0,0,0,0,true,false,false,false,true,false,false,false,false,false,false,false,false,false,false,false,false,false,false,false,false,false,-83.17615,42.3838,"{
  ""coordinates"": [
    -8.317614702474140e+01,
    4.238380436651520e+01
  ],
  ""type"": ""Point""
}","{
  ""coordinates"": [
    -83.176147025,
    42.383804367
  ],
  ""type"": ""Point""
}",-83.176147025,42.383804367
2333,1477828,I-96,M-39,2018-09-17,17,9,2018,12,2,5,1,,1,0,Concrete,1,1,1,70,3,2,2,5,0,0,0,0,true,false,false,false,false,false,false,false,false,false,true,false,false,true,false,false,false,false,false,false,false,false,-83.21497,42.37882,"{
  ""coordinates"": [
    -8.321496979461671e+01,
    4.237882075808200e+01
  ],
  ""type"": ""Point""
}","{
  ""coordinates"": [
    -83.214969795,
    42.378820758
  ],
  ""type"": ""Point""
}",-83.2149697949999,42.3788207580001
2334,1481332,GLENFIELD,GUNSTON,2018-09-17,17,9,2018,13,2,4,3,,,0,,1,1,1,25,2,2,3,3,0,0,3,0,false,false,false,false,false,false,false,false,false,false,false,false,false,true,true,false,false,false,false,false,false,false,-82.99627,42.4095,"{
  ""coordinates"": [
    -8.299626610563850e+01,
    4.240950408366830e+01
  ],
  ""type"": ""Point""
}","{
  ""coordinates"": [
    -82.996266106,
    42.409504084
  ],
  ""type"": ""Point""
}",-82.996266106,42.409504084
2335,1480048,CASS,S I 75 SERVICE DRIVE,2018-09-17,17,9,2018,23,2,4,9,,4,0,Concrete,1,1,4,25,3,2,2,5,0,0,0,0,true,false,true,true,true,false,false,false,false,false,false,false,false,false,false,false,false,false,false,false,false,false,-83.05663,42.33837,"{
  ""coordinates"": [
    -8.305662313434600e+01,
    4.233836905641810e+01
  ],
  ""type"": ""Point""
}","{
  ""coordinates"": [
    -83.056623134,
    42.338369056
  ],
  ""type"": ""Point""
}",-83.0566231339999,42.338369056
2336,1488778,E I 96,GRAND RIVER,2018-09-17,17,9,2018,11,2,1,1,,1,1,Concrete,1,1,1,55,3,1,0,5,0,0,0,0,true,false,false,false,false,false,false,false,false,false,false,false,false,false,false,false,false,false,false,false,false,false,-83.17567,42.38373,"{
  ""coordinates"": [
    -8.317567600102070e+01,
    4.238372969432930e+01
  ],
  ""type"": ""Point""
}","{
  ""coordinates"": [
    -83.175676001,
    42.383729694
  ],
  ""type"": ""Point""
}",-83.1756760009999,42.3837296940001
2337,1485546,JEFFERSON,DUBOIS,2018-09-17,17,9,2018,23,2,8,9,,4,0,Asphalt,1,1,4,35,5,2,0,5,0,0,0,0,true,false,false,false,true,false,false,false,false,false,false,false,false,false,false,false,false,false,false,false,false,false,-83.02505,42.3372,"{
  ""coordinates"": [
    -8.302505640307299e+01,
    4.233720424239750e+01
  ],
  ""type"": ""Point""
}","{
  ""coordinates"": [
    -83.025056403,
    42.337204242
  ],
  ""type"": ""Point""
}",-83.025056403,42.337204242
2338,1480031,M-10,FOREST,2018-09-17,17,9,2018,0,2,1,3,,1,1,Concrete,1,1,4,55,3,1,0,5,0,0,0,0,true,false,false,false,true,false,false,false,false,true,false,false,false,false,false,false,false,false,false,false,false,false,-83.07133,42.35028,"{
  ""coordinates"": [
    -8.307132694147560e+01,
    4.235028553554690e+01
  ],
  ""type"": ""Point""
}","{
  ""coordinates"": [
    -83.071326941,
    42.350285536
  ],
  ""type"": ""Point""
}",-83.0713269409999,42.3502855360001
2339,1488776,M-39,FORD,2018-09-17,17,9,2018,8,2,8,3,,1,0,Asphalt,1,1,1,55,3,2,2,5,0,0,0,0,true,false,false,false,false,false,false,false,false,false,false,false,false,false,false,true,false,false,false,false,false,false,-83.21865,42.32927,"{
  ""coordinates"": [
    -8.321865282956590e+01,
    4.232927086565680e+01
  ],
  ""type"": ""Point""
}","{
  ""coordinates"": [
    -83.21865283,
    42.329270866
  ],
  ""type"": ""Point""
}",-83.2186528299999,42.3292708660001
2340,1475388,MADISON,BEAUBIEN,2018-09-17,17,9,2018,7,2,5,9,,4,0,Asphalt,1,2,1,30,4,2,2,5,0,0,0,0,true,false,false,false,false,false,false,false,false,false,false,false,false,false,false,false,false,false,false,false,false,false,-83.04394,42.33808,"{
  ""coordinates"": [
    -8.304393527406550e+01,
    4.233807679078250e+01
  ],
  ""type"": ""Point""
}","{
  ""coordinates"": [
    -83.043935274,
    42.338076791
  ],
  ""type"": ""Point""
}",-83.043935274,42.338076791
2341,1475416,7 MILE,CHERRYLAWN,2018-09-17,17,9,2018,15,2,5,9,,2,0,Asphalt,1,1,1,30,4,2,2,5,0,0,0,0,true,false,false,false,false,false,false,false,false,false,false,false,false,false,true,false,false,false,false,false,false,false,-83.15549,42.43139,"{
  ""coordinates"": [
    -8.315548843580321e+01,
    4.243139278224380e+01
  ],
  ""type"": ""Point""
}","{
  ""coordinates"": [
    -83.155488436,
    42.431392782
  ],
  ""type"": ""Point""
}",-83.155488436,42.431392782
2342,1482192,SCHAEFER,E I 96 CD,2018-09-17,17,9,2018,12,2,5,1,,4,0,Asphalt,1,1,1,35,2,2,2,5,0,0,0,0,true,false,false,false,true,false,false,false,false,false,false,false,false,false,true,false,false,false,false,false,false,false,-83.17835,42.38285,"{
  ""coordinates"": [
    -8.317834994897480e+01,
    4.238284505316740e+01
  ],
  ""type"": ""Point""
}","{
  ""coordinates"": [
    -83.178349949,
    42.382845053
  ],
  ""type"": ""Point""
}",-83.1783499489999,42.382845053