ObjectId,Crash ID,Primary Road,Intersecting Road,Crash Date,Day,Month,Year,Hour,Weekday,Crash Type Code,Highway Classification Code,Community Code,Jurisdiction Code,Lane Departure Type Code,Surface Type,Road Condition,Weather Condition,Lighting Condition,Speed Limit,Lanes,Units,Occupants,Most Severe Injury,Fatal Injuries,Suspected Serious Injuries,Suspected Minor Injuries,Possible Injuries,Property Damage Only,Secondary Crash,Traffic Control,Red Light Run,Hit and Run,Alcohol,Drugs,Unbelted Person,Work Zone,Speeding Driver,Distracted Driver,Driveway,Pedestrian,Elderly Driver,Young Driver,Commercial Vehicle,Emergency Vehicles,Train,School Bus,Motorcycle,Bicycle,Deer,Longitude,Latitude,geom,geog,x,y
2452,1474337,HOWARD,SECOND,2018-09-15,15,9,2018,12,7,10,9,,4,0,Asphalt,1,1,1,30,2,2,2,5,0,0,0,0,true,true,false,false,false,false,false,false,false,false,false,false,false,false,false,false,false,false,false,false,false,false,-83.05452,42.32993,"{
  ""coordinates"": [
    -8.305451916861971e+01,
    4.232992938457690e+01
  ],
  ""type"": ""Point""
}","{
  ""coordinates"": [
    -83.054519169,
    42.329929385
  ],
  ""type"": ""Point""
}",-83.0545191689999,42.3299293850001
2453,1473342,TROJAN,LAHSER,2018-09-15,15,9,2018,3,7,5,9,,,0,,1,1,4,25,2,2,1,5,0,0,0,0,true,false,false,false,true,false,false,false,false,false,false,false,false,false,false,false,false,false,false,false,false,false,-83.25871,42.43977,"{
  ""coordinates"": [
    -8.325870843644670e+01,
    4.243977544240060e+01
  ],
  ""type"": ""Point""
}","{
  ""coordinates"": [
    -83.258708436,
    42.439775442
  ],
  ""type"": ""Point""
}",-83.2587084359999,42.439775442
2454,1476218,MCNICHOLS,LAUDER,2018-09-15,15,9,2018,13,7,5,9,,2,0,Asphalt,1,1,1,30,4,2,2,5,0,0,0,0,true,false,false,false,false,false,false,false,false,false,false,false,false,false,false,false,false,false,false,false,false,false,-83.19256,42.41631,"{
  ""coordinates"": [
    -8.319255682183631e+01,
    4.241631150101620e+01
  ],
  ""type"": ""Point""
}","{
  ""coordinates"": [
    -83.192556822,
    42.416311501
  ],
  ""type"": ""Point""
}",-83.192556822,42.4163115010001
2455,1473330,MACK,CONNER,2018-09-15,15,9,2018,11,7,5,9,,4,0,Asphalt,1,1,1,30,5,2,3,5,0,0,0,0,true,false,false,false,false,false,false,false,false,false,false,false,false,false,false,false,false,false,false,false,false,false,-82.97313,42.38235,"{
  ""coordinates"": [
    -8.297313280745939e+01,
    4.238235061876330e+01
  ],
  ""type"": ""Point""
}","{
  ""coordinates"": [
    -82.973132807,
    42.382350619
  ],
  ""type"": ""Point""
}",-82.973132807,42.3823506190001
2456,1474328,OAKMAN,OHIO,2018-09-15,15,9,2018,22,7,1,9,,4,1,Asphalt,1,1,4,,2,1,0,5,0,0,0,0,true,false,false,false,true,false,false,false,false,false,false,false,false,false,false,false,false,false,false,false,false,false,-83.15354,42.36567,"{
  ""coordinates"": [
    -8.315354397461790e+01,
    4.236567239626360e+01
  ],
  ""type"": ""Point""
}","{
  ""coordinates"": [
    -83.153543975,
    42.365672396
  ],
  ""type"": ""Point""
}",-83.1535439749999,42.365672396
2457,1475396,MOUNT ELLIOTT,LAFAYETTE,2018-09-15,15,9,2018,15,7,97,9,,4,0,Asphalt,1,1,1,25,2,2,1,2,0,1,0,0,false,false,false,false,false,false,false,false,false,false,false,false,true,false,false,false,false,false,false,false,false,false,-83.01211,42.34693,"{
  ""coordinates"": [
    -8.301210659578970e+01,
    4.234692588472740e+01
  ],
  ""type"": ""Point""
}","{
  ""coordinates"": [
    -83.012106596,
    42.346925885
  ],
  ""type"": ""Point""
}",-83.012106596,42.3469258850001
2458,1487264,RADNOR,SOUTHAMPTON,2018-09-15,15,9,2018,11,7,97,9,,,0,,1,1,1,25,2,2,1,5,0,0,0,0,true,false,false,false,false,false,false,false,false,false,false,false,false,false,false,false,false,false,false,false,false,false,-82.92089,42.41373,"{
  ""coordinates"": [
    -8.292088912222110e+01,
    4.241373179649020e+01
  ],
  ""type"": ""Point""
}","{
  ""coordinates"": [
    -82.920889122,
    42.413731796
  ],
  ""type"": ""Point""
}",-82.9208891219999,42.413731796
2459,1475336,S M 39,FULLERTON,2018-09-15,15,9,2018,14,7,5,3,,1,0,Asphalt,1,2,1,55,3,2,2,3,0,0,1,0,false,false,false,false,false,false,false,false,false,false,false,false,false,false,false,false,false,false,false,false,false,false,-83.21734,42.38076,"{
  ""coordinates"": [
    -8.321733767016789e+01,
    4.238075829182950e+01
  ],
  ""type"": ""Point""
}","{
  ""coordinates"": [
    -83.21733767,
    42.380758292
  ],
  ""type"": ""Point""
}",-83.2173376699999,42.3807582920001
2460,1490715,LAFAYETTE,BEAUBIEN,2018-09-15,15,9,2018,23,7,10,9,,4,0,Asphalt,1,1,4,25,2,2,3,5,0,0,0,0,true,false,false,false,false,false,false,false,false,false,false,false,false,false,false,false,false,false,false,true,false,false,-83.04206,42.33397,"{
  ""coordinates"": [
    -8.304206064693020e+01,
    4.233397316830960e+01
  ],
  ""type"": ""Point""
}","{
  ""coordinates"": [
    -83.042060647,
    42.333973168
  ],
  ""type"": ""Point""
}",-83.042060647,42.3339731680001
2461,1473321,ELMIRA,CHEYENNE,2018-09-15,15,9,2018,15,7,1,9,,,0,,1,1,1,25,2,2,3,5,0,0,0,0,true,false,false,false,false,false,false,false,false,false,false,false,false,false,false,false,false,false,false,false,true,false,-83.17421,42.37071,"{
  ""coordinates"": [
    -8.317421124800740e+01,
    4.237071076720830e+01
  ],
  ""type"": ""Point""
}","{
  ""coordinates"": [
    -83.174211248,
    42.370710767
  ],
  ""type"": ""Point""
}",-83.1742112479999,42.370710767
2462,1473368,8 MILE,HULL,2018-09-15,15,9,2018,20,7,97,3,,1,0,Asphalt,1,1,3,45,4,2,1,5,0,0,0,0,true,false,false,false,false,false,false,false,false,false,false,false,true,false,false,false,false,false,false,false,false,false,-83.08897,42.44691,"{
  ""coordinates"": [
    -8.308896578527950e+01,
    4.244690554272290e+01
  ],
  ""type"": ""Point""
}","{
  ""coordinates"": [
    -83.088965785,
    42.446905543
  ],
  ""type"": ""Point""
}",-83.088965785,42.4469055430001
2463,1482161,KENDALL,RUTHERFORD,2018-09-15,15,9,2018,18,7,1,9,,,0,,1,1,1,25,1,2,1,3,0,0,1,0,false,false,false,false,true,false,false,false,false,false,false,false,false,false,false,false,false,false,false,false,true,false,-83.20348,42.38926,"{
  ""coordinates"": [
    -8.320348419400391e+01,
    4.238925900913440e+01
  ],
  ""type"": ""Point""
}","{
  ""coordinates"": [
    -83.203484194,
    42.389259009
  ],
  ""type"": ""Point""
}",-83.2034841939999,42.3892590090001
2464,1473317,SCHAEFER,FULLERTON,2018-09-15,15,9,2018,2,7,5,9,,4,0,Asphalt,1,1,4,30,3,2,3,5,0,0,0,0,true,false,false,false,true,false,false,false,false,true,false,false,false,false,false,false,false,false,false,false,false,false,-83.17826,42.38028,"{
  ""coordinates"": [
    -8.317826147053030e+01,
    4.238028494468220e+01
  ],
  ""type"": ""Point""
}","{
  ""coordinates"": [
    -83.178261471,
    42.380284945
  ],
  ""type"": ""Point""
}",-83.178261471,42.380284945
2465,1473378,CONANT,DEQUINDRE,2018-09-15,15,9,2018,13,7,8,9,,4,0,Asphalt,1,1,1,35,4,2,1,5,0,0,0,0,true,false,false,false,true,false,false,false,false,false,false,false,false,false,false,false,false,false,false,false,false,false,-83.08331,42.44654,"{
  ""coordinates"": [
    -8.308331174163069e+01,
    4.244653680399000e+01
  ],
  ""type"": ""Point""
}","{
  ""coordinates"": [
    -83.083311742,
    42.446536804
  ],
  ""type"": ""Point""
}",-83.083311742,42.4465368040001
2466,1479124,VERNOR,HONORAH,2018-09-15,15,9,2018,14,7,97,9,,4,0,Asphalt,98,98,1,35,2,2,1,4,0,0,0,1,false,false,false,false,true,false,false,false,false,false,false,false,true,false,false,false,false,false,false,false,false,false,-83.12353,42.31296,"{
  ""coordinates"": [
    -8.312352891897029e+01,
    4.231295626216470e+01
  ],
  ""type"": ""Point""
}","{
  ""coordinates"": [
    -83.123528919,
    42.312956262
  ],
  ""type"": ""Point""
}",-83.123528919,42.3129562620001
2467,1488749,I-94,WOODWARD,2018-09-15,15,9,2018,11,7,1,1,,1,0,Asphalt,1,1,1,55,3,1,2,5,0,0,0,0,true,false,false,false,false,false,false,false,false,false,false,false,false,false,false,false,false,false,false,false,false,false,-83.06036,42.36722,"{
  ""coordinates"": [
    -8.306036170137280e+01,
    4.236722120809620e+01
  ],
  ""type"": ""Point""
}","{
  ""coordinates"": [
    -83.060361701,
    42.367221208
  ],
  ""type"": ""Point""
}",-83.060361701,42.367221208
2468,1475366,I 96,MCGRAW,2018-09-15,15,9,2018,17,7,5,1,,1,0,Asphalt,1,1,1,70,4,2,1,5,0,0,0,0,true,false,false,false,false,false,false,false,false,false,false,false,false,false,true,false,false,false,false,false,false,false,-83.1057,42.35394,"{
  ""coordinates"": [
    -8.310569699215480e+01,
    4.235394179381620e+01
  ],
  ""type"": ""Point""
}","{
  ""coordinates"": [
    -83.105696992,
    42.353941794
  ],
  ""type"": ""Point""
}",-83.1056969919999,42.353941794
2469,1477037,ROCKDALE,MIDLAND,2018-09-15,15,9,2018,2,7,2,9,,,2,,1,1,5,25,2,2,0,5,0,0,0,0,true,false,false,false,true,false,false,false,false,false,false,false,false,false,false,false,false,false,false,false,false,false,-83.25822,42.40335,"{
  ""coordinates"": [
    -8.325822637841190e+01,
    4.240334899053530e+01
  ],
  ""type"": ""Point""
}","{
  ""coordinates"": [
    -83.258226378,
    42.403348991
  ],
  ""type"": ""Point""
}",-83.258226378,42.403348991
2470,1562914,7 MILE,GREENVIEW,2018-09-15,15,9,2018,18,7,4,9,,2,0,Asphalt,1,1,1,35,4,2,3,4,0,0,0,2,false,false,false,false,true,false,false,false,false,false,false,false,false,false,false,false,false,false,false,false,false,false,-83.22535,42.4299,"{
  ""coordinates"": [
    -8.322535161473721e+01,
    4.242990331983760e+01
  ],
  ""type"": ""Point""
}","{
  ""coordinates"": [
    -83.225351615,
    42.42990332
  ],
  ""type"": ""Point""
}",-83.225351615,42.4299033200001
2471,1475368,I-94,LINWOOD,2018-09-15,15,9,2018,23,7,8,1,,1,0,Asphalt,1,1,1,55,3,2,1,3,0,0,1,0,false,false,false,false,true,false,false,false,false,false,false,false,false,false,false,false,false,false,false,false,false,false,-83.09396,42.35186,"{
  ""coordinates"": [
    -8.309395389505799e+01,
    4.235186488123120e+01
  ],
  ""type"": ""Point""
}","{
  ""coordinates"": [
    -83.093953895,
    42.351864881
  ],
  ""type"": ""Point""
}",-83.093953895,42.351864881
2472,1475337,I94,BRUSH,2018-09-15,15,9,2018,20,7,5,1,,1,0,Asphalt,1,1,4,55,3,2,3,5,0,0,0,0,true,false,false,false,false,false,false,false,false,false,false,false,false,true,false,false,false,false,false,false,false,false,-83.06623,42.36504,"{
  ""coordinates"": [
    -8.306623253822271e+01,
    4.236504208367380e+01
  ],
  ""type"": ""Point""
}","{
  ""coordinates"": [
    -83.066232538,
    42.365042084
  ],
  ""type"": ""Point""
}",-83.066232538,42.365042084
2473,1473346,ROSEMONT,MCNICHOLS,2018-09-15,15,9,2018,10,7,8,9,,,0,,1,1,1,25,2,2,1,5,0,0,0,0,true,false,false,false,true,false,false,false,false,false,false,false,false,false,true,false,false,false,false,false,false,false,-83.22144,42.41564,"{
  ""coordinates"": [
    -8.322143501424330e+01,
    4.241563766103240e+01
  ],
  ""type"": ""Point""
}","{
  ""coordinates"": [
    -83.221435014,
    42.415637661
  ],
  ""type"": ""Point""
}",-83.221435014,42.4156376610001
2474,1562940,MCNICHOLS,LITTLEFIELD,2018-09-15,15,9,2018,11,7,5,9,,2,0,Asphalt,1,1,1,30,4,2,2,2,0,1,0,1,false,false,false,false,false,false,false,false,false,false,false,false,false,false,false,false,false,false,false,false,false,false,-83.17592,42.41661,"{
  ""coordinates"": [
    -8.317592146601380e+01,
    4.241661282330260e+01
  ],
  ""type"": ""Point""
}","{
  ""coordinates"": [
    -83.175921466,
    42.416612823
  ],
  ""type"": ""Point""
}",-83.175921466,42.416612823
2475,1583320,MACK,GATESHEAD,2018-09-15,15,9,2018,12,7,5,9,,2,0,Concrete,1,1,1,30,3,2,3,5,0,0,0,0,true,false,false,false,false,false,false,false,false,false,false,false,false,true,true,false,false,false,false,false,false,false,-82.91183,42.41433,"{
  ""coordinates"": [
    -8.291183234020249e+01,
    4.241432645588280e+01
  ],
  ""type"": ""Point""
}","{
  ""coordinates"": [
    -82.91183234,
    42.414326456
  ],
  ""type"": ""Point""
}",-82.91183234,42.414326456
2476,1473327,GRAND,RISDON,2018-09-15,15,9,2018,0,7,5,9,,4,0,Asphalt,1,1,4,35,2,2,1,5,0,0,0,0,true,false,false,false,false,false,false,false,false,false,false,false,false,false,false,false,false,false,false,false,false,false,-83.09348,42.32882,"{
  ""coordinates"": [
    -8.309347225491150e+01,
    4.232881440446170e+01
  ],
  ""type"": ""Point""
}","{
  ""coordinates"": [
    -83.093472255,
    42.328814404
  ],
  ""type"": ""Point""
}",-83.0934722549999,42.3288144040001
2477,1473319,SCHAEFER,PLYMOUTH,2018-09-15,15,9,2018,20,7,1,9,,4,0,Asphalt,1,1,4,30,5,2,2,3,0,0,1,0,false,false,false,false,false,false,false,false,false,false,false,false,true,false,false,false,false,false,false,false,false,false,-83.17799,42.37301,"{
  ""coordinates"": [
    -8.317799191136611e+01,
    4.237300827571790e+01
  ],
  ""type"": ""Point""
}","{
  ""coordinates"": [
    -83.177991911,
    42.373008276
  ],
  ""type"": ""Point""
}",-83.1779919109999,42.3730082760001
2478,1477032,SANTA CLARA,LAHSER,2018-09-15,15,9,2018,17,7,1,9,,,1,,1,2,1,25,2,1,1,5,0,0,0,0,true,false,false,false,false,false,false,false,false,false,false,false,false,false,false,false,true,false,false,false,false,false,-83.2578,42.41874,"{
  ""coordinates"": [
    -8.325780094159759e+01,
    4.241874477086940e+01
  ],
  ""type"": ""Point""
}","{
  ""coordinates"": [
    -83.257800942,
    42.418744771
  ],
  ""type"": ""Point""
}",-83.257800942,42.418744771
2479,1475350,I-94,MT ELLIOT,2018-09-15,15,9,2018,7,7,5,1,,1,0,Asphalt,1,1,1,55,3,2,1,5,0,0,0,0,true,false,false,false,true,false,false,false,false,false,false,false,false,false,false,false,false,false,false,false,false,false,-83.03388,42.37911,"{
  ""coordinates"": [
    -8.303388201380351e+01,
    4.237910983166100e+01
  ],
  ""type"": ""Point""
}","{
  ""coordinates"": [
    -83.033882014,
    42.379109832
  ],
  ""type"": ""Point""
}",-83.033882014,42.379109832
2480,1473338,SAINT MARYS,MCNICHOLS,2018-09-15,15,9,2018,10,7,5,9,,,0,,1,1,1,35,4,2,2,4,0,0,0,1,false,false,false,false,true,false,false,false,false,false,false,false,false,false,false,false,false,false,false,false,false,false,-83.20688,42.41567,"{
  ""coordinates"": [
    -8.320687747962130e+01,
    4.241567404026830e+01
  ],
  ""type"": ""Point""
}","{
  ""coordinates"": [
    -83.20687748,
    42.41567404
  ],
  ""type"": ""Point""
}",-83.2068774799999,42.4156740400001
2481,1474321,JEFFERSON,RANDOLPH,2018-09-15,15,9,2018,8,7,97,4,,1,0,Asphalt,1,2,1,35,3,3,3,4,0,0,0,1,false,false,false,false,false,false,false,false,false,false,false,false,false,false,false,false,false,false,false,false,false,false,-83.04198,42.32996,"{
  ""coordinates"": [
    -8.304198430519770e+01,
    4.232995918358080e+01
  ],
  ""type"": ""Point""
}","{
  ""coordinates"": [
    -83.041984305,
    42.329959184
  ],
  ""type"": ""Point""
}",-83.041984305,42.3299591840001
2482,1473337,LAHSER,TROJAN,2018-09-15,15,9,2018,1,7,5,9,,2,0,Asphalt,1,1,4,25,2,2,1,4,0,0,0,1,false,false,false,false,true,false,false,false,false,false,false,false,false,false,false,false,false,false,false,false,false,false,-83.25871,42.43964,"{
  ""coordinates"": [
    -8.325870488801080e+01,
    4.243964170166510e+01
  ],
  ""type"": ""Point""
}","{
  ""coordinates"": [
    -83.258704888,
    42.439641702
  ],
  ""type"": ""Point""
}",-83.258704888,42.4396417020001
2483,1473396,MARGARETA,WYOMING,2018-09-15,15,9,2018,13,7,3,9,,,0,,1,1,1,25,2,2,3,5,0,0,0,0,true,false,false,false,false,false,false,false,false,false,false,false,false,true,true,false,false,false,false,false,false,false,-83.1609,42.42777,"{
  ""coordinates"": [
    -8.316089762467659e+01,
    4.242776871752580e+01
  ],
  ""type"": ""Point""
}","{
  ""coordinates"": [
    -83.160897625,
    42.427768718
  ],
  ""type"": ""Point""
}",-83.160897625,42.427768718
2484,1474361,AMERICAN,JEFFRIES,2018-09-15,15,9,2018,23,7,5,9,,,0,,1,1,3,25,1,2,1,5,0,0,0,0,true,false,false,false,false,false,false,false,false,false,true,false,false,false,false,false,false,false,false,true,false,false,-83.14436,42.37252,"{
  ""coordinates"": [
    -8.314436697656510e+01,
    4.237251721741470e+01
  ],
  ""type"": ""Point""
}","{
  ""coordinates"": [
    -83.144366977,
    42.372517217
  ],
  ""type"": ""Point""
}",-83.1443669769999,42.3725172170001
2485,1473318,SCAHEFER,PLYMOUTH,2018-09-15,15,9,2018,19,7,4,9,,4,0,Asphalt,1,1,3,35,5,2,3,5,0,0,0,0,true,true,false,false,false,false,false,false,false,false,false,false,false,false,false,false,false,false,false,false,false,false,-83.17799,42.37301,"{
  ""coordinates"": [
    -8.317799191136611e+01,
    4.237300827571790e+01
  ],
  ""type"": ""Point""
}","{
  ""coordinates"": [
    -83.177991911,
    42.373008276
  ],
  ""type"": ""Point""
}",-83.1779919109999,42.3730082760001
2486,1473313,PLYMOUTH,HUBBELL,2018-09-15,15,9,2018,0,7,4,9,,4,0,Asphalt,1,1,4,35,3,2,1,4,0,0,0,1,false,false,false,false,true,false,false,false,false,false,false,false,false,false,false,false,false,false,false,false,false,false,-83.18785,42.37283,"{
  ""coordinates"": [
    -8.318785188588990e+01,
    4.237283051391080e+01
  ],
  ""type"": ""Point""
}","{
  ""coordinates"": [
    -83.187851886,
    42.372830514
  ],
  ""type"": ""Point""
}",-83.187851886,42.372830514
2487,1486912,GLENWOOD,GRATIOT,2018-09-15,15,9,2018,0,7,8,3,,,0,,1,1,5,25,2,2,2,3,0,0,2,0,false,false,false,false,true,true,false,false,false,false,false,false,false,false,false,false,false,false,false,false,false,false,-82.9801,42.43057,"{
  ""coordinates"": [
    -8.298010167215240e+01,
    4.243057411047240e+01
  ],
  ""type"": ""Point""
}","{
  ""coordinates"": [
    -82.980101672,
    42.43057411
  ],
  ""type"": ""Point""
}",-82.980101672,42.4305741100001
2488,1475338,M39,JOY,2018-09-15,15,9,2018,22,7,8,3,,1,0,Asphalt,1,1,4,55,3,2,6,5,0,0,0,0,true,false,false,false,true,false,false,false,false,false,false,false,false,false,true,false,false,false,false,false,false,false,-83.21659,42.35929,"{
  ""coordinates"": [
    -8.321659202740440e+01,
    4.235929624619670e+01
  ],
  ""type"": ""Point""
}","{
  ""coordinates"": [
    -83.216592027,
    42.359296246
  ],
  ""type"": ""Point""
}",-83.216592027,42.359296246
2489,1481338,CADIEUX,MARNE,2018-09-15,15,9,2018,2,7,5,9,,4,3,Asphalt,1,1,4,30,2,4,0,5,0,0,0,0,true,false,false,false,true,false,false,false,false,false,false,false,false,false,false,false,false,false,false,false,false,false,-82.93925,42.42041,"{
  ""coordinates"": [
    -8.293925502775301e+01,
    4.242040703911160e+01
  ],
  ""type"": ""Point""
}","{
  ""coordinates"": [
    -82.939255028,
    42.420407039
  ],
  ""type"": ""Point""
}",-82.9392550279999,42.4204070390001
2490,1474338,OAKLAND,HORTON,2018-09-15,15,9,2018,15,7,2,9,,4,0,Asphalt,1,1,1,30,2,2,1,5,0,0,0,0,true,false,false,false,false,false,true,false,false,false,false,false,false,false,false,false,false,false,false,false,false,false,-83.06487,42.3744,"{
  ""coordinates"": [
    -8.306487321213601e+01,
    4.237439919821450e+01
  ],
  ""type"": ""Point""
}","{
  ""coordinates"": [
    -83.064873212,
    42.374399198
  ],
  ""type"": ""Point""
}",-83.064873212,42.374399198
2491,1477035,EVERGREEN,7 MILE,2018-09-15,15,9,2018,23,7,97,9,,4,0,Asphalt,1,1,4,30,5,3,3,4,0,0,0,1,false,false,false,false,true,false,false,false,false,false,false,false,false,false,false,false,false,false,false,false,false,false,-83.23887,42.42957,"{
  ""coordinates"": [
    -8.323886619687801e+01,
    4.242957202650180e+01
  ],
  ""type"": ""Point""
}","{
  ""coordinates"": [
    -83.238866197,
    42.429572027
  ],
  ""type"": ""Point""
}",-83.2388661969999,42.4295720270001
2492,1473376,NORMANDY,JOHN C LODGE SERVICE,2018-09-15,15,9,2018,16,7,98,9,,,0,,1,1,1,25,1,2,0,5,0,0,0,0,true,false,false,false,true,false,false,false,false,false,false,false,false,false,false,false,false,false,false,false,false,false,-83.12621,42.40571,"{
  ""coordinates"": [
    -8.312620764317610e+01,
    4.240571051772980e+01
  ],
  ""type"": ""Point""
}","{
  ""coordinates"": [
    -83.126207643,
    42.405710518
  ],
  ""type"": ""Point""
}",-83.126207643,42.405710518
2493,1477883,S M 10,7 MILE,2018-09-15,15,9,2018,18,7,5,3,,1,0,Concrete,1,1,1,55,3,2,2,5,0,0,0,0,true,false,false,false,true,false,false,false,false,false,false,false,false,false,false,false,false,false,false,false,false,false,-83.18716,42.43082,"{
  ""coordinates"": [
    -8.318715830422090e+01,
    4.243082141421020e+01
  ],
  ""type"": ""Point""
}","{
  ""coordinates"": [
    -83.187158304,
    42.430821414
  ],
  ""type"": ""Point""
}",-83.187158304,42.430821414
2494,1500764,HUBBELL,NORFOLK,2018-09-15,15,9,2018,15,7,1,9,,4,0,Asphalt,1,1,1,30,2,1,0,5,0,0,0,0,true,false,false,false,true,false,false,false,false,false,false,false,false,false,false,false,false,false,false,false,false,false,-83.19061,42.4427,"{
  ""coordinates"": [
    -8.319060872942090e+01,
    4.244269828572590e+01
  ],
  ""type"": ""Point""
}","{
  ""coordinates"": [
    -83.190608729,
    42.442698286
  ],
  ""type"": ""Point""
}",-83.190608729,42.4426982860001
2495,1475387,MARLOWE,6 MILE,2018-09-15,15,9,2018,0,7,10,9,,,0,,1,1,4,25,2,2,0,5,0,0,0,0,true,false,false,false,true,false,false,false,false,false,false,false,false,false,false,false,false,false,false,false,false,false,-83.19073,42.41627,"{
  ""coordinates"": [
    -8.319072384448670e+01,
    4.241626861223020e+01
  ],
  ""type"": ""Point""
}","{
  ""coordinates"": [
    -83.190723844,
    42.416268612
  ],
  ""type"": ""Point""
}",-83.190723844,42.4162686120001
2496,1511520,LAFAYETTE,SAINT ANTOINE,2018-09-15,15,9,2018,0,7,4,9,,4,0,Concrete,1,1,4,35,3,2,5,3,0,0,1,3,false,false,true,true,false,false,false,false,false,false,false,false,false,false,true,false,false,false,false,false,false,false,-83.04036,42.33474,"{
  ""coordinates"": [
    -8.304036177901300e+01,
    4.233474281954370e+01
  ],
  ""type"": ""Point""
}","{
  ""coordinates"": [
    -83.040361779,
    42.33474282
  ],
  ""type"": ""Point""
}",-83.040361779,42.33474282
2497,1473315,PLYMOUTH,SUSSEX,2018-09-15,15,9,2018,0,7,8,9,,4,0,Asphalt,1,1,5,,4,2,2,5,0,0,0,0,true,false,false,false,true,false,false,false,false,false,false,false,false,false,false,false,false,false,false,false,false,false,-83.19424,42.37265,"{
  ""coordinates"": [
    -8.319423861494160e+01,
    4.237265436257070e+01
  ],
  ""type"": ""Point""
}","{
  ""coordinates"": [
    -83.194238615,
    42.372654363
  ],
  ""type"": ""Point""
}",-83.194238615,42.372654363
2498,1481341,MOROSS,BEAONSFIELD,2018-09-15,15,9,2018,17,7,97,9,,2,0,Asphalt,1,1,1,35,2,2,5,4,0,0,0,3,false,false,false,false,false,false,false,false,false,false,false,false,false,false,false,false,false,false,false,false,false,false,-82.94137,42.42996,"{
  ""coordinates"": [
    -8.294136489089810e+01,
    4.242995930377960e+01
  ],
  ""type"": ""Point""
}","{
  ""coordinates"": [
    -82.941364891,
    42.429959304
  ],
  ""type"": ""Point""
}",-82.941364891,42.4299593040001
2499,1474325,MONROE,SAINT ANTOINE,2018-09-15,15,9,2018,17,7,5,9,,4,0,Asphalt,1,1,1,25,2,3,3,5,0,0,0,0,true,false,false,false,false,false,false,false,false,false,false,false,false,false,false,false,false,false,false,false,false,false,-83.04098,42.3356,"{
  ""coordinates"": [
    -8.304097707373130e+01,
    4.233559730295000e+01
  ],
  ""type"": ""Point""
}","{
  ""coordinates"": [
    -83.040977074,
    42.335597303
  ],
  ""type"": ""Point""
}",-83.040977074,42.335597303
2500,1476272,WARREN,STAHELIN,2018-09-15,15,9,2018,19,7,9,9,,2,0,Asphalt,1,1,1,30,4,2,1,5,0,0,0,0,true,false,false,false,true,false,false,false,false,false,false,false,false,false,false,false,false,false,false,false,false,false,-83.22433,42.34329,"{
  ""coordinates"": [
    -8.322432632160780e+01,
    4.234329243305550e+01
  ],
  ""type"": ""Point""
}","{
  ""coordinates"": [
    -83.224326322,
    42.343292433
  ],
  ""type"": ""Point""
}",-83.224326322,42.343292433
2501,1489681,I-75,7 MILE,2018-09-14,14,9,2018,9,6,1,1,,1,0,Asphalt,1,2,1,70,4,1,1,5,0,0,0,0,true,false,false,false,false,false,false,false,false,false,false,false,false,true,false,false,false,false,false,false,false,false,-83.09422,42.42887,"{
  ""coordinates"": [
    -8.309422573598290e+01,
    4.242887398933620e+01
  ],
  ""type"": ""Point""
}","{
  ""coordinates"": [
    -83.094225736,
    42.428873989
  ],
  ""type"": ""Point""
}",-83.0942257359999,42.4288739890001
2502,1473326,GRAND,SAINT ANTOINE,2018-09-14,14,9,2018,13,6,8,9,,4,0,Asphalt,1,2,1,30,3,2,1,4,0,0,0,1,false,false,false,false,false,false,true,false,false,false,false,false,false,false,false,false,false,false,false,false,false,false,-83.0661,42.37303,"{
  ""coordinates"": [
    -8.306610464528040e+01,
    4.237303333365250e+01
  ],
  ""type"": ""Point""
}","{
  ""coordinates"": [
    -83.066104645,
    42.373033334
  ],
  ""type"": ""Point""
}",-83.0661046449999,42.3730333340001
2503,1475375,I-94,WOODWARD,2018-09-14,14,9,2018,17,6,5,1,,1,0,Asphalt,1,1,1,55,3,2,4,4,0,0,0,1,false,false,false,false,false,false,false,false,false,false,false,false,false,false,false,false,false,false,false,false,false,false,-83.06738,42.36451,"{
  ""coordinates"": [
    -8.306737221764710e+01,
    4.236450760716230e+01
  ],
  ""type"": ""Point""
}","{
  ""coordinates"": [
    -83.067372218,
    42.364507607
  ],
  ""type"": ""Point""
}",-83.0673722179999,42.3645076070001
2504,1473361,OUTER,WEXFORD,2018-09-14,14,9,2018,22,6,1,9,,2,1,Asphalt,1,1,3,35,3,1,1,5,0,0,0,0,true,false,false,false,false,false,false,false,false,false,false,false,false,false,false,false,false,false,false,false,false,false,-83.06528,42.44031,"{
  ""coordinates"": [
    -8.306528037955439e+01,
    4.244030828457540e+01
  ],
  ""type"": ""Point""
}","{
  ""coordinates"": [
    -83.06528038,
    42.440308285
  ],
  ""type"": ""Point""
}",-83.06528038,42.4403082850001
2505,1479077,I-96,TELEGRAPH,2018-09-14,14,9,2018,18,6,5,1,,1,0,Asphalt,1,1,1,70,5,4,2,5,0,0,0,0,true,false,false,false,false,false,false,false,false,false,false,false,false,false,false,false,false,false,false,false,false,false,-83.27409,42.38549,"{
  ""coordinates"": [
    -8.327409044861480e+01,
    4.238549360533770e+01
  ],
  ""type"": ""Point""
}","{
  ""coordinates"": [
    -83.274090449,
    42.385493605
  ],
  ""type"": ""Point""
}",-83.274090449,42.3854936050001
2506,1476274,PLYMOUTH,BURT,2018-09-14,14,9,2018,20,6,1,9,,4,0,Asphalt,1,1,4,35,7,1,0,5,0,0,0,0,true,false,false,false,true,false,false,false,false,false,false,false,false,false,false,false,false,false,false,false,false,false,-83.24623,42.37183,"{
  ""coordinates"": [
    -8.324622801636301e+01,
    4.237182873999680e+01
  ],
  ""type"": ""Point""
}","{
  ""coordinates"": [
    -83.246228016,
    42.37182874
  ],
  ""type"": ""Point""
}",-83.246228016,42.3718287400001