ObjectId,Crash ID,Primary Road,Intersecting Road,Crash Date,Day,Month,Year,Hour,Weekday,Crash Type Code,Highway Classification Code,Community Code,Jurisdiction Code,Lane Departure Type Code,Surface Type,Road Condition,Weather Condition,Lighting Condition,Speed Limit,Lanes,Units,Occupants,Most Severe Injury,Fatal Injuries,Suspected Serious Injuries,Suspected Minor Injuries,Possible Injuries,Property Damage Only,Secondary Crash,Traffic Control,Red Light Run,Hit and Run,Alcohol,Drugs,Unbelted Person,Work Zone,Speeding Driver,Distracted Driver,Driveway,Pedestrian,Elderly Driver,Young Driver,Commercial Vehicle,Emergency Vehicles,Train,School Bus,Motorcycle,Bicycle,Deer,Longitude,Latitude,geom,geog,x,y
2561,1473354,DAVISON,OAKMAN,2018-09-14,14,9,2018,17,6,4,3,,1,0,Concrete,1,1,1,35,1,2,4,5,0,0,0,0,true,false,false,false,false,false,false,false,false,false,false,false,false,false,false,false,false,false,false,false,false,false,-83.14401,42.38644,"{
  ""coordinates"": [
    -8.314401604535330e+01,
    4.238643796385590e+01
  ],
  ""type"": ""Point""
}","{
  ""coordinates"": [
    -83.144016045,
    42.386437964
  ],
  ""type"": ""Point""
}",-83.1440160449999,42.386437964
2562,1481250,M-10,MILWAUKEE,2018-09-14,14,9,2018,17,6,8,3,,1,0,Concrete,1,1,1,55,4,2,3,5,0,0,0,0,true,false,false,false,false,false,false,false,false,false,false,false,false,true,false,false,false,false,false,false,false,false,-83.07924,42.3638,"{
  ""coordinates"": [
    -8.307924209456360e+01,
    4.236380158789780e+01
  ],
  ""type"": ""Point""
}","{
  ""coordinates"": [
    -83.079242095,
    42.363801588
  ],
  ""type"": ""Point""
}",-83.079242095,42.3638015880001
2563,1473336,PALMER,VAN DYKE,2018-09-14,14,9,2018,16,6,5,3,,,0,,1,1,1,25,2,2,1,5,0,0,0,0,true,false,false,false,true,false,false,false,false,false,false,false,false,false,false,false,false,false,false,false,false,false,-83.01613,42.38085,"{
  ""coordinates"": [
    -8.301613089409790e+01,
    4.238084639319480e+01
  ],
  ""type"": ""Point""
}","{
  ""coordinates"": [
    -83.016130894,
    42.380846393
  ],
  ""type"": ""Point""
}",-83.016130894,42.3808463930001
2564,1474359,GRAND RIVER,LIVERNOIS,2018-09-14,14,9,2018,9,6,5,3,,1,0,Asphalt,1,1,1,,2,2,4,5,0,0,0,0,true,false,false,false,true,false,false,false,false,false,false,false,false,false,false,false,false,false,false,false,false,false,-83.13856,42.36857,"{
  ""coordinates"": [
    -8.313856116488290e+01,
    4.236856767073830e+01
  ],
  ""type"": ""Point""
}","{
  ""coordinates"": [
    -83.138561165,
    42.368567671
  ],
  ""type"": ""Point""
}",-83.1385611649999,42.3685676710001
2565,1473364,EMERY,HARNED,2018-09-13,13,9,2018,17,5,1,9,,,1,,1,1,1,25,1,1,1,1,1,0,0,0,false,false,false,false,false,true,true,false,false,false,false,false,false,false,false,false,false,false,false,false,false,false,-83.07322,42.43554,"{
  ""coordinates"": [
    -8.307322053620010e+01,
    4.243553547771370e+01
  ],
  ""type"": ""Point""
}","{
  ""coordinates"": [
    -83.073220536,
    42.435535478
  ],
  ""type"": ""Point""
}",-83.073220536,42.4355354780001
2566,1475352,SOUTHFIELD,FORD,2018-09-13,13,9,2018,16,5,5,3,,1,0,Asphalt,1,1,1,55,3,2,2,5,0,0,0,0,true,false,false,false,false,false,false,false,false,false,false,false,false,false,false,false,false,false,false,false,false,false,-83.21577,42.33634,"{
  ""coordinates"": [
    -8.321577234134681e+01,
    4.233633847814200e+01
  ],
  ""type"": ""Point""
}","{
  ""coordinates"": [
    -83.215772341,
    42.336338478
  ],
  ""type"": ""Point""
}",-83.215772341,42.3363384780001
2567,1473348,7 MILE,CRUSADE,2018-09-13,13,9,2018,22,5,8,9,,2,0,Asphalt,1,1,4,35,2,2,3,5,0,0,0,0,true,false,false,false,false,false,false,false,false,false,false,false,false,false,false,false,false,false,false,false,false,false,-82.96064,42.43555,"{
  ""coordinates"": [
    -8.296063903719060e+01,
    4.243555294988030e+01
  ],
  ""type"": ""Point""
}","{
  ""coordinates"": [
    -82.960639037,
    42.43555295
  ],
  ""type"": ""Point""
}",-82.960639037,42.43555295
2568,1499627,ELMDALE,PARK,2018-09-13,13,9,2018,12,5,5,9,,,0,,1,1,1,,2,2,2,5,0,0,0,0,true,false,false,false,false,false,false,false,false,false,false,false,false,false,false,false,false,false,false,false,false,false,-82.9789,42.4065,"{
  ""coordinates"": [
    -8.297889811135420e+01,
    4.240649927881710e+01
  ],
  ""type"": ""Point""
}","{
  ""coordinates"": [
    -82.978898111,
    42.406499279
  ],
  ""type"": ""Point""
}",-82.978898111,42.4064992790001
2569,1472076,JUNCTION,BUCHANAN,2018-09-13,13,9,2018,11,5,97,9,,4,0,Asphalt,1,2,1,30,2,3,3,4,0,0,0,3,false,true,true,false,false,false,false,false,false,false,false,false,true,true,false,false,false,false,false,false,false,false,-83.11424,42.3346,"{
  ""coordinates"": [
    -8.311424437289870e+01,
    4.233460413958980e+01
  ],
  ""type"": ""Point""
}","{
  ""coordinates"": [
    -83.114244373,
    42.33460414
  ],
  ""type"": ""Point""
}",-83.114244373,42.3346041400001
2570,1472051,SCHAEFER,WESTFIELD,2018-09-13,13,9,2018,21,5,8,9,,4,3,Asphalt,1,1,4,30,2,2,1,5,0,0,0,0,true,false,false,false,false,false,false,false,false,false,false,false,false,false,false,false,false,false,false,false,false,false,-83.17763,42.36277,"{
  ""coordinates"": [
    -8.317762696970510e+01,
    4.236276556645840e+01
  ],
  ""type"": ""Point""
}","{
  ""coordinates"": [
    -83.17762697,
    42.362765566
  ],
  ""type"": ""Point""
}",-83.1776269699999,42.3627655660001
2571,1583338,7 MILE,EDINBROUGH,2018-09-13,13,9,2018,12,5,5,9,,2,0,Asphalt,1,1,1,35,2,2,1,5,0,0,0,0,true,false,false,false,true,false,false,false,false,false,false,false,false,false,false,false,false,false,false,false,false,false,-83.23458,42.42969,"{
  ""coordinates"": [
    -8.323458046337460e+01,
    4.242968974330020e+01
  ],
  ""type"": ""Point""
}","{
  ""coordinates"": [
    -83.234580463,
    42.429689743
  ],
  ""type"": ""Point""
}",-83.234580463,42.429689743
2572,1473379,8MILE,SANTA ROSA,2018-09-13,13,9,2018,11,5,10,3,,1,0,Asphalt,1,1,1,,2,2,1,5,0,0,0,0,true,false,false,false,false,false,false,false,false,false,false,false,false,false,false,false,false,false,false,false,false,false,-83.14423,42.44604,"{
  ""coordinates"": [
    -8.314422540230150e+01,
    4.244603611995450e+01
  ],
  ""type"": ""Point""
}","{
  ""coordinates"": [
    -83.144225402,
    42.44603612
  ],
  ""type"": ""Point""
}",-83.144225402,42.44603612
2573,1472060,14TH,I 75 SERVICE,2018-09-13,13,9,2018,16,5,4,9,,4,0,Concrete,1,1,1,35,2,2,2,5,0,0,0,0,true,false,true,false,false,false,false,false,false,false,false,false,false,false,true,false,false,false,false,false,false,false,-83.0774,42.33294,"{
  ""coordinates"": [
    -8.307739883961609e+01,
    4.233293462251850e+01
  ],
  ""type"": ""Point""
}","{
  ""coordinates"": [
    -83.07739884,
    42.332934623
  ],
  ""type"": ""Point""
}",-83.0773988399999,42.332934623
2574,1472098,GRAND,DUNEDIN,2018-09-13,13,9,2018,16,5,4,9,,4,0,Asphalt,1,1,1,30,6,2,2,5,0,0,0,0,true,false,false,false,false,false,false,false,false,false,false,false,false,true,false,false,false,false,false,false,false,false,-83.09277,42.36296,"{
  ""coordinates"": [
    -8.309276936361620e+01,
    4.236295603916310e+01
  ],
  ""type"": ""Point""
}","{
  ""coordinates"": [
    -83.092769364,
    42.362956039
  ],
  ""type"": ""Point""
}",-83.0927693639999,42.362956039
2575,1490704,7 MILE,FAIRPORT,2018-09-13,13,9,2018,9,5,8,9,,4,0,Asphalt,1,2,1,25,2,2,2,5,0,0,0,0,true,false,false,false,false,false,false,false,false,false,false,false,false,false,false,true,false,false,false,false,false,false,-82.99113,42.43478,"{
  ""coordinates"": [
    -8.299113052904750e+01,
    4.243478432550390e+01
  ],
  ""type"": ""Point""
}","{
  ""coordinates"": [
    -82.991130529,
    42.434784326
  ],
  ""type"": ""Point""
}",-82.991130529,42.4347843260001
2576,1473375,MCNICHOLS,SCHAEFER,2018-09-13,13,9,2018,20,5,5,9,,2,0,Asphalt,1,1,4,30,5,2,2,4,0,0,0,1,false,false,false,false,false,false,false,false,false,false,false,true,false,false,false,false,false,false,false,true,false,false,-83.17907,42.41659,"{
  ""coordinates"": [
    -8.317907008469830e+01,
    4.241658723512010e+01
  ],
  ""type"": ""Point""
}","{
  ""coordinates"": [
    -83.179070085,
    42.416587235
  ],
  ""type"": ""Point""
}",-83.179070085,42.4165872350001
2577,1473324,LOTHROP,3RD,2018-09-13,13,9,2018,19,5,3,9,,4,0,Asphalt,1,1,4,25,2,2,2,5,0,0,0,0,true,false,false,false,false,false,false,false,false,false,false,false,false,false,false,false,false,false,false,false,false,false,-83.08012,42.36932,"{
  ""coordinates"": [
    -8.308012587656960e+01,
    4.236931582333210e+01
  ],
  ""type"": ""Point""
}","{
  ""coordinates"": [
    -83.080125877,
    42.369315823
  ],
  ""type"": ""Point""
}",-83.0801258769999,42.3693158230001
2578,1473299,E I 94,ADDISON,2018-09-13,13,9,2018,6,5,8,1,,1,0,Asphalt,1,1,2,55,4,2,2,5,0,0,0,0,true,false,false,false,false,false,false,false,false,false,false,false,false,false,false,false,false,false,false,false,false,false,-83.14917,42.33044,"{
  ""coordinates"": [
    -8.314917081776720e+01,
    4.233044373479840e+01
  ],
  ""type"": ""Point""
}","{
  ""coordinates"": [
    -83.149170818,
    42.330443735
  ],
  ""type"": ""Point""
}",-83.149170818,42.3304437350001
2579,1472103,MOUNT ELLIOTT,NEVADA,2018-09-13,13,9,2018,7,5,4,9,,4,0,Asphalt,1,1,1,30,2,2,2,5,0,0,0,0,true,false,false,false,false,false,false,false,false,false,false,false,false,false,false,false,false,false,false,false,false,false,-83.03864,42.4264,"{
  ""coordinates"": [
    -8.303863862517851e+01,
    4.242640345577780e+01
  ],
  ""type"": ""Point""
}","{
  ""coordinates"": [
    -83.038638625,
    42.426403456
  ],
  ""type"": ""Point""
}",-83.038638625,42.4264034560001
2580,1498311,I75,I94,2018-09-13,13,9,2018,14,5,5,1,,1,0,Concrete,1,2,1,55,3,2,2,5,0,0,0,0,true,false,false,false,false,false,false,false,false,false,false,false,false,false,false,true,false,false,false,false,false,false,-83.05937,42.36632,"{
  ""coordinates"": [
    -8.305937327878380e+01,
    4.236632000106500e+01
  ],
  ""type"": ""Point""
}","{
  ""coordinates"": [
    -83.059373279,
    42.366320001
  ],
  ""type"": ""Point""
}",-83.0593732789999,42.3663200010001
2581,1472055,CASS,GRAND,2018-09-13,13,9,2018,16,5,8,9,,4,0,Asphalt,1,1,1,25,4,2,2,5,0,0,0,0,true,false,false,false,false,false,false,false,false,false,false,false,false,true,false,true,false,false,false,false,false,false,-83.07481,42.36969,"{
  ""coordinates"": [
    -8.307481121206790e+01,
    4.236969233826440e+01
  ],
  ""type"": ""Point""
}","{
  ""coordinates"": [
    -83.074811212,
    42.369692338
  ],
  ""type"": ""Point""
}",-83.074811212,42.369692338
2582,1492932,I94,BRUSH,2018-09-13,13,9,2018,6,5,1,1,,1,1,Asphalt,1,1,2,55,3,1,1,5,0,0,0,0,true,false,false,false,false,false,false,true,false,false,true,false,false,false,false,false,false,false,false,false,false,false,-83.06615,42.36489,"{
  ""coordinates"": [
    -8.306614385866820e+01,
    4.236488918593160e+01
  ],
  ""type"": ""Point""
}","{
  ""coordinates"": [
    -83.066143859,
    42.364889186
  ],
  ""type"": ""Point""
}",-83.066143859,42.364889186
2583,1473300,S I 75,MILWAUKEE,2018-09-13,13,9,2018,9,5,8,1,,1,0,Asphalt,1,2,1,70,5,2,2,5,0,0,0,0,true,false,false,false,false,false,false,false,false,false,false,false,false,false,false,true,false,false,false,false,false,false,-83.05996,42.37379,"{
  ""coordinates"": [
    -8.305996282477599e+01,
    4.237379636490440e+01
  ],
  ""type"": ""Point""
}","{
  ""coordinates"": [
    -83.059962825,
    42.373796365
  ],
  ""type"": ""Point""
}",-83.059962825,42.373796365
2584,1472059,JOHN C,FOREST,2018-09-13,13,9,2018,14,5,5,3,,1,0,Concrete,1,1,1,15,2,2,2,5,0,0,0,0,true,false,false,false,false,false,false,false,false,false,false,false,false,false,false,false,false,false,false,false,false,false,-83.07221,42.35144,"{
  ""coordinates"": [
    -8.307221558493130e+01,
    4.235143550660110e+01
  ],
  ""type"": ""Point""
}","{
  ""coordinates"": [
    -83.072215585,
    42.351435507
  ],
  ""type"": ""Point""
}",-83.072215585,42.3514355070001
2585,1473309,JEFFERSON,WOODWARD,2018-09-13,13,9,2018,17,5,5,3,,1,0,Asphalt,1,1,1,35,5,2,2,5,0,0,0,0,true,false,false,false,false,false,false,false,false,false,false,false,false,false,false,false,false,false,false,false,false,false,-83.04463,42.32881,"{
  ""coordinates"": [
    -8.304463086158800e+01,
    4.232881260699080e+01
  ],
  ""type"": ""Point""
}","{
  ""coordinates"": [
    -83.044630862,
    42.328812607
  ],
  ""type"": ""Point""
}",-83.044630862,42.328812607
2586,1472061,WASHINGTON,GRAND RIVER,2018-09-13,13,9,2018,18,5,97,9,,4,0,,1,1,1,20,2,2,2,5,0,0,0,0,true,false,false,false,false,false,false,false,false,false,false,false,false,true,false,false,false,false,false,false,false,false,-83.05119,42.33365,"{
  ""coordinates"": [
    -8.305119099084000e+01,
    4.233364759424910e+01
  ],
  ""type"": ""Point""
}","{
  ""coordinates"": [
    -83.051190991,
    42.333647594
  ],
  ""type"": ""Point""
}",-83.0511909909999,42.3336475940001
2587,1472100,MCNICHOLS,VAN DYKE,2018-09-13,13,9,2018,16,5,4,3,,4,0,Asphalt,1,1,1,35,5,2,6,5,0,0,0,0,true,false,false,false,false,false,false,false,false,false,false,true,false,false,false,true,false,false,true,false,false,false,-83.02381,42.4195,"{
  ""coordinates"": [
    -8.302381304469870e+01,
    4.241950399367780e+01
  ],
  ""type"": ""Point""
}","{
  ""coordinates"": [
    -83.023813045,
    42.419503994
  ],
  ""type"": ""Point""
}",-83.0238130449999,42.4195039940001
2588,1472097,S M 10,SEWARD,2018-09-13,13,9,2018,10,5,5,3,,1,0,Concrete,1,1,1,35,2,2,2,4,0,0,0,1,false,false,false,false,false,false,false,false,false,false,false,false,false,false,false,false,false,false,false,false,false,false,-83.08553,42.37246,"{
  ""coordinates"": [
    -8.308553522865100e+01,
    4.237245993269600e+01
  ],
  ""type"": ""Point""
}","{
  ""coordinates"": [
    -83.085535229,
    42.372459933
  ],
  ""type"": ""Point""
}",-83.085535229,42.3724599330001
2589,1472048,GRAND RIVER,OAKFIELD,2018-09-13,13,9,2018,17,5,5,3,,1,0,Asphalt,1,1,1,35,5,2,2,5,0,0,0,0,true,false,false,false,false,false,false,false,false,false,false,false,false,false,false,false,false,false,false,false,false,false,-83.21738,42.40033,"{
  ""coordinates"": [
    -8.321737548646750e+01,
    4.240033021806340e+01
  ],
  ""type"": ""Point""
}","{
  ""coordinates"": [
    -83.217375486,
    42.400330218
  ],
  ""type"": ""Point""
}",-83.217375486,42.4003302180001
2590,1472049,BRYDEN,DOVER,2018-09-13,13,9,2018,15,5,4,9,,,0,,1,1,1,25,2,2,4,2,0,1,0,0,false,false,false,false,false,false,false,false,false,false,false,false,false,true,false,false,false,false,false,false,false,false,-83.1451,42.36081,"{
  ""coordinates"": [
    -8.314510389388680e+01,
    4.236081225494750e+01
  ],
  ""type"": ""Point""
}","{
  ""coordinates"": [
    -83.145103894,
    42.360812255
  ],
  ""type"": ""Point""
}",-83.145103894,42.360812255
2591,1473373,MONTE VISTA,NORFOLK,2018-09-13,13,9,2018,5,5,8,9,,,0,,1,1,4,25,2,2,0,5,0,0,0,0,true,false,false,false,true,false,false,false,false,false,false,false,false,false,false,false,false,false,false,false,false,false,-83.169,42.44353,"{
  ""coordinates"": [
    -8.316900204043790e+01,
    4.244353078141890e+01
  ],
  ""type"": ""Point""
}","{
  ""coordinates"": [
    -83.16900204,
    42.443530781
  ],
  ""type"": ""Point""
}",-83.16900204,42.443530781
2592,1473335,MILWAUKEE,RUSSELL,2018-09-13,13,9,2018,17,5,4,9,,4,0,Asphalt,1,1,1,25,2,2,2,5,0,0,0,0,true,false,false,false,false,false,false,false,false,false,false,false,false,true,false,false,false,false,false,false,false,false,-83.05892,42.37413,"{
  ""coordinates"": [
    -8.305891944751789e+01,
    4.237413178919310e+01
  ],
  ""type"": ""Point""
}","{
  ""coordinates"": [
    -83.058919448,
    42.374131789
  ],
  ""type"": ""Point""
}",-83.058919448,42.374131789
2593,1472043,LARNED,RANDOLPH,2018-09-13,13,9,2018,12,5,8,3,,4,0,Asphalt,1,1,1,35,2,2,2,5,0,0,0,0,true,false,false,false,false,false,false,false,false,false,false,false,false,false,false,false,false,false,false,false,false,false,-83.04314,42.33032,"{
  ""coordinates"": [
    -8.304314691758159e+01,
    4.233032177947250e+01
  ],
  ""type"": ""Point""
}","{
  ""coordinates"": [
    -83.043146918,
    42.330321779
  ],
  ""type"": ""Point""
}",-83.0431469179999,42.330321779
2594,1472047,JEFFERSON,BEAUBIEN,2018-09-13,13,9,2018,7,5,8,4,,1,0,Asphalt,1,1,1,30,4,2,2,5,0,0,0,0,true,false,false,false,false,false,false,false,false,false,false,false,false,true,false,false,false,false,false,false,false,false,-83.03966,42.33059,"{
  ""coordinates"": [
    -8.303966089436121e+01,
    4.233058630266220e+01
  ],
  ""type"": ""Point""
}","{
  ""coordinates"": [
    -83.039660894,
    42.330586303
  ],
  ""type"": ""Point""
}",-83.039660894,42.3305863030001
2595,1472078,ADDISON,KIRKWOOD,2018-09-13,13,9,2018,18,5,1,9,,,0,,1,1,1,25,1,2,2,4,0,0,0,1,false,false,false,false,false,false,false,false,false,false,false,false,false,false,false,false,false,false,false,false,true,false,-83.15459,42.3351,"{
  ""coordinates"": [
    -8.315458994619580e+01,
    4.233509961651610e+01
  ],
  ""type"": ""Point""
}","{
  ""coordinates"": [
    -83.154589946,
    42.335099617
  ],
  ""type"": ""Point""
}",-83.154589946,42.335099617
2596,1472083,MCNICHOLS RD`,SUNDERLAND,2018-09-13,13,9,2018,7,5,4,9,,2,0,Asphalt,1,2,1,35,4,2,2,5,0,0,0,0,true,false,true,true,true,false,false,false,false,false,false,false,false,false,false,false,false,false,false,false,false,false,-83.22794,42.41537,"{
  ""coordinates"": [
    -8.322793621047620e+01,
    4.241537160310250e+01
  ],
  ""type"": ""Point""
}","{
  ""coordinates"": [
    -83.22793621,
    42.415371603
  ],
  ""type"": ""Point""
}",-83.2279362099999,42.415371603
2597,1472042,RAMP 008C,W I 96 CD,2018-09-13,13,9,2018,6,5,5,1,,1,0,Concrete,1,1,2,30,2,2,2,5,0,0,0,0,true,false,false,false,false,false,false,false,false,false,false,false,false,false,false,false,false,false,false,false,false,false,-83.2182,42.37914,"{
  ""coordinates"": [
    -8.321820107177800e+01,
    4.237913738470420e+01
  ],
  ""type"": ""Point""
}","{
  ""coordinates"": [
    -83.218201072,
    42.379137385
  ],
  ""type"": ""Point""
}",-83.2182010719999,42.379137385
2598,1473394,8 MILE,CHARLSTON,2018-09-13,13,9,2018,18,5,5,3,,1,0,Asphalt,1,1,1,40,4,2,2,5,0,0,0,0,true,false,false,false,false,false,false,false,false,false,false,false,false,false,false,false,false,false,false,false,false,false,-83.10766,42.44688,"{
  ""coordinates"": [
    -8.310765723178309e+01,
    4.244687559234360e+01
  ],
  ""type"": ""Point""
}","{
  ""coordinates"": [
    -83.107657232,
    42.446875592
  ],
  ""type"": ""Point""
}",-83.107657232,42.446875592
2599,1502724,CONNER,KERCHEVAL,2018-09-13,13,9,2018,10,5,8,9,,4,0,Concrete,1,1,1,30,6,2,2,5,0,0,0,0,true,false,false,false,false,false,false,false,false,false,false,false,false,false,false,false,false,false,false,false,false,false,-82.96138,42.3738,"{
  ""coordinates"": [
    -8.296138308801871e+01,
    4.237379665164350e+01
  ],
  ""type"": ""Point""
}","{
  ""coordinates"": [
    -82.961383088,
    42.373796652
  ],
  ""type"": ""Point""
}",-82.9613830879999,42.3737966520001
2600,1500733,MICHIGAN,MARTIN,2018-09-13,13,9,2018,19,5,5,2,,1,0,Asphalt,1,2,1,35,5,2,1,5,0,0,0,0,true,false,false,false,true,false,false,false,false,false,false,false,false,true,false,false,false,false,false,false,false,false,-83.12663,42.33115,"{
  ""coordinates"": [
    -8.312663484501300e+01,
    4.233115069299230e+01
  ],
  ""type"": ""Point""
}","{
  ""coordinates"": [
    -83.126634845,
    42.331150693
  ],
  ""type"": ""Point""
}",-83.126634845,42.331150693
2601,1473374,CURTIS,STOEPEL,2018-09-13,13,9,2018,15,5,8,9,,4,0,Asphalt,2,4,1,30,5,2,2,5,0,0,0,0,true,false,false,false,true,false,false,false,false,false,false,true,false,true,false,false,false,false,false,false,false,false,-83.14243,42.42439,"{
  ""coordinates"": [
    -8.314242696200920e+01,
    4.242438643839970e+01
  ],
  ""type"": ""Point""
}","{
  ""coordinates"": [
    -83.142426962,
    42.424386438
  ],
  ""type"": ""Point""
}",-83.1424269619999,42.4243864380001
2602,1473349,MORANG,ROSSITER,2018-09-13,13,9,2018,19,5,4,9,,4,0,Asphalt,1,1,5,30,2,2,3,5,0,0,0,0,true,false,false,false,true,false,false,false,false,false,false,false,false,false,false,false,false,false,false,true,false,false,-82.94897,42.4257,"{
  ""coordinates"": [
    -8.294897548590200e+01,
    4.242570412443040e+01
  ],
  ""type"": ""Point""
}","{
  ""coordinates"": [
    -82.948975486,
    42.425704124
  ],
  ""type"": ""Point""
}",-82.9489754859999,42.425704124
2603,1472086,SEVEN MILE,RIVERVIEW,2018-09-13,13,9,2018,16,5,97,9,,2,0,Asphalt,1,1,1,25,4,4,2,4,0,0,0,1,false,false,false,false,false,false,false,false,false,false,false,false,false,false,false,false,false,false,false,false,false,false,-83.27537,42.42899,"{
  ""coordinates"": [
    -8.327536569723050e+01,
    4.242899097517830e+01
  ],
  ""type"": ""Point""
}","{
  ""coordinates"": [
    -83.275365697,
    42.428990975
  ],
  ""type"": ""Point""
}",-83.275365697,42.428990975
2604,1473329,FREUD,OLD SAINT JEAN,2018-09-13,13,9,2018,18,5,1,9,,4,1,Asphalt,1,1,1,25,2,1,1,2,0,1,0,0,false,false,false,false,false,false,false,true,false,true,false,false,false,false,false,false,false,false,false,false,false,false,-82.96339,42.36227,"{
  ""coordinates"": [
    -8.296339742657730e+01,
    4.236227524377910e+01
  ],
  ""type"": ""Point""
}","{
  ""coordinates"": [
    -82.963397427,
    42.362275244
  ],
  ""type"": ""Point""
}",-82.963397427,42.362275244
2605,1473383,BIRCHCREST,MARGARTETA,2018-09-13,13,9,2018,12,5,8,9,,,0,,1,2,1,25,1,2,2,4,0,0,0,1,false,false,false,false,false,false,false,false,false,false,false,false,false,false,false,true,false,false,false,false,false,false,-83.13715,42.4284,"{
  ""coordinates"": [
    -8.313714990819840e+01,
    4.242839657908900e+01
  ],
  ""type"": ""Point""
}","{
  ""coordinates"": [
    -83.137149908,
    42.428396579
  ],
  ""type"": ""Point""
}",-83.137149908,42.428396579
2606,1475364,I-96,M-39,2018-09-13,13,9,2018,16,5,5,1,,1,0,Concrete,1,2,1,70,3,2,2,4,0,0,0,2,false,false,false,false,false,false,false,false,false,false,true,false,false,false,false,false,false,false,false,false,false,false,-83.22009,42.37866,"{
  ""coordinates"": [
    -8.322008179152120e+01,
    4.237866173625520e+01
  ],
  ""type"": ""Point""
}","{
  ""coordinates"": [
    -83.220081792,
    42.378661736
  ],
  ""type"": ""Point""
}",-83.220081792,42.378661736
2607,1475348,N M 39,WARREN,2018-09-13,13,9,2018,15,5,5,3,,1,0,Asphalt,1,1,1,55,3,2,2,5,0,0,0,0,true,false,false,false,false,false,false,false,false,false,false,false,false,false,false,false,false,false,false,false,false,false,-83.21604,42.34317,"{
  ""coordinates"": [
    -8.321603822932759e+01,
    4.234317393744080e+01
  ],
  ""type"": ""Point""
}","{
  ""coordinates"": [
    -83.216038229,
    42.343173937
  ],
  ""type"": ""Point""
}",-83.2160382289999,42.3431739370001
2608,1475325,S M 10,TEMPLE,2018-09-13,13,9,2018,17,5,5,3,,1,0,Asphalt,1,2,1,55,2,3,3,4,0,0,0,1,false,false,false,false,false,false,false,false,false,false,false,false,false,false,false,false,false,false,false,false,false,false,-83.06612,42.33863,"{
  ""coordinates"": [
    -8.306612028755340e+01,
    4.233862566385100e+01
  ],
  ""type"": ""Point""
}","{
  ""coordinates"": [
    -83.066120288,
    42.338625664
  ],
  ""type"": ""Point""
}",-83.066120288,42.3386256640001
2609,1475326,W I 96 CD,GRAND RIVER,2018-09-13,13,9,2018,17,5,5,1,,1,0,Asphalt,1,2,1,70,3,2,2,5,0,0,0,0,true,false,false,false,false,false,false,false,false,false,false,false,false,false,false,true,false,false,false,false,false,false,-83.17623,42.38396,"{
  ""coordinates"": [
    -8.317622761735871e+01,
    4.238395982473260e+01
  ],
  ""type"": ""Point""
}","{
  ""coordinates"": [
    -83.176227617,
    42.383959825
  ],
  ""type"": ""Point""
}",-83.1762276169999,42.383959825
2610,1481259,SOUTHFIELD SERVICE DRIVE,7 MILE,2018-09-13,13,9,2018,9,5,5,3,,4,0,Asphalt,1,2,1,55,3,2,2,5,0,0,0,0,true,false,false,false,false,false,false,false,false,false,false,false,false,true,false,false,false,false,false,false,false,false,-83.21974,42.42987,"{
  ""coordinates"": [
    -8.321974500139559e+01,
    4.242987278333360e+01
  ],
  ""type"": ""Point""
}","{
  ""coordinates"": [
    -83.219745001,
    42.429872783
  ],
  ""type"": ""Point""
}",-83.219745001,42.4298727830001
2611,1475423,WOODWARD,PALMER,2018-09-13,13,9,2018,8,5,4,3,,1,0,Asphalt,1,2,1,30,7,2,2,4,0,0,0,1,false,false,true,true,false,false,false,false,false,false,false,false,false,false,false,false,false,false,false,false,false,false,-83.06781,42.36214,"{
  ""coordinates"": [
    -8.306781063798390e+01,
    4.236213833032930e+01
  ],
  ""type"": ""Point""
}","{
  ""coordinates"": [
    -83.067810638,
    42.36213833
  ],
  ""type"": ""Point""
}",-83.067810638,42.3621383300001
2612,1474342,BRUSH,PIQUETTE,2018-09-13,13,9,2018,18,5,8,9,,4,0,Asphalt,1,1,1,25,2,2,1,5,0,0,0,0,true,false,false,false,true,false,false,false,false,false,false,false,false,false,false,true,false,false,false,false,false,false,-83.06612,42.36814,"{
  ""coordinates"": [
    -8.306612562148879e+01,
    4.236814213724970e+01
  ],
  ""type"": ""Point""
}","{
  ""coordinates"": [
    -83.066125621,
    42.368142137
  ],
  ""type"": ""Point""
}",-83.066125621,42.3681421370001
2613,1476241,S M 39 SERVICE DRIVE,WARREN,2018-09-13,13,9,2018,12,5,8,9,,4,0,Asphalt,1,2,1,35,4,2,1,5,0,0,0,0,true,false,false,false,true,false,false,false,false,false,false,false,false,false,false,true,false,false,false,false,false,false,-83.21654,42.34329,"{
  ""coordinates"": [
    -8.321653369663539e+01,
    4.234328805723500e+01
  ],
  ""type"": ""Point""
}","{
  ""coordinates"": [
    -83.216533697,
    42.343288057
  ],
  ""type"": ""Point""
}",-83.216533697,42.3432880570001
2614,1476271,TIREMAN,ST MARYS,2018-09-13,13,9,2018,17,5,5,9,,4,0,Concrete,1,1,1,25,2,2,1,5,0,0,0,0,true,false,false,false,true,false,false,false,false,false,false,false,false,false,false,false,false,false,false,false,false,false,-83.20396,42.35078,"{
  ""coordinates"": [
    -8.320395938943589e+01,
    4.235078346236610e+01
  ],
  ""type"": ""Point""
}","{
  ""coordinates"": [
    -83.203959389,
    42.350783462
  ],
  ""type"": ""Point""
}",-83.203959389,42.350783462