ObjectId,Crash ID,Primary Road,Intersecting Road,Crash Date,Day,Month,Year,Hour,Weekday,Crash Type Code,Highway Classification Code,Community Code,Jurisdiction Code,Lane Departure Type Code,Surface Type,Road Condition,Weather Condition,Lighting Condition,Speed Limit,Lanes,Units,Occupants,Most Severe Injury,Fatal Injuries,Suspected Serious Injuries,Suspected Minor Injuries,Possible Injuries,Property Damage Only,Secondary Crash,Traffic Control,Red Light Run,Hit and Run,Alcohol,Drugs,Unbelted Person,Work Zone,Speeding Driver,Distracted Driver,Driveway,Pedestrian,Elderly Driver,Young Driver,Commercial Vehicle,Emergency Vehicles,Train,School Bus,Motorcycle,Bicycle,Deer,Longitude,Latitude,geom,geog,x,y
2670,1474333,DAVENPORT,CASS,2018-09-12,12,9,2018,9,4,97,9,,,0,,1,1,1,25,3,3,1,5,0,0,0,0,true,false,false,false,false,false,false,false,false,false,false,false,false,false,false,true,false,false,false,false,false,false,-83.06106,42.34618,"{
  ""coordinates"": [
    -8.306106164318680e+01,
    4.234618068096480e+01
  ],
  ""type"": ""Point""
}","{
  ""coordinates"": [
    -83.061061643,
    42.346180681
  ],
  ""type"": ""Point""
}",-83.061061643,42.3461806810001
2671,1471146,GROVE,VAUGHN,2018-09-12,12,9,2018,3,4,4,9,,,0,,1,1,4,25,2,2,1,4,0,0,0,1,false,false,false,false,false,false,false,false,false,false,false,false,false,false,false,false,false,false,false,false,false,false,-83.23909,42.41333,"{
  ""coordinates"": [
    -8.323908917503920e+01,
    4.241333311872120e+01
  ],
  ""type"": ""Point""
}","{
  ""coordinates"": [
    -83.239089175,
    42.413333119
  ],
  ""type"": ""Point""
}",-83.2390891749999,42.4133331190001
2672,1491978,LINWOOD,CALVERT,2018-09-12,12,9,2018,21,4,4,9,,4,0,Asphalt,1,1,4,30,5,2,2,4,0,0,0,2,false,false,true,true,false,false,false,false,false,false,false,false,false,false,false,false,false,false,false,false,false,false,-83.1128,42.37961,"{
  ""coordinates"": [
    -8.311279900371321e+01,
    4.237961020982470e+01
  ],
  ""type"": ""Point""
}","{
  ""coordinates"": [
    -83.112799004,
    42.37961021
  ],
  ""type"": ""Point""
}",-83.112799004,42.3796102100001
2673,1472054,CASS,FOREST,2018-09-12,12,9,2018,17,4,8,9,,4,0,Asphalt,1,1,1,25,2,2,1,5,0,0,0,0,true,false,false,false,false,false,false,false,false,false,false,false,false,false,false,false,false,false,false,false,false,false,-83.06538,42.35374,"{
  ""coordinates"": [
    -8.306537554038800e+01,
    4.235373831926340e+01
  ],
  ""type"": ""Point""
}","{
  ""coordinates"": [
    -83.06537554,
    42.353738319
  ],
  ""type"": ""Point""
}",-83.0653755399999,42.3537383190001
2674,1476270,GRANDVILLE,WESTFIELD,2018-09-12,12,9,2018,17,4,2,9,,,2,,1,1,1,25,2,3,1,4,0,0,0,1,false,false,false,false,false,false,false,false,false,false,false,false,false,true,false,false,false,false,false,false,false,false,-83.22994,42.36161,"{
  ""coordinates"": [
    -8.322993893336030e+01,
    4.236161334846050e+01
  ],
  ""type"": ""Point""
}","{
  ""coordinates"": [
    -83.229938933,
    42.361613348
  ],
  ""type"": ""Point""
}",-83.229938933,42.361613348
2675,1481346,GRATIOT,FINDLAY,2018-09-12,12,9,2018,7,4,8,3,,1,0,Asphalt,1,1,1,35,3,2,1,5,0,0,0,0,true,false,false,false,true,false,false,false,false,false,false,false,false,false,false,false,false,false,false,false,false,false,-82.9894,42.41728,"{
  ""coordinates"": [
    -8.298940176365930e+01,
    4.241727713360970e+01
  ],
  ""type"": ""Point""
}","{
  ""coordinates"": [
    -82.989401764,
    42.417277134
  ],
  ""type"": ""Point""
}",-82.989401764,42.4172771340001
2676,1475342,SOUTHFIELD,CHICAGO,2018-09-12,12,9,2018,17,4,5,3,,1,0,Asphalt,1,1,1,55,3,2,3,5,0,0,0,0,true,false,false,false,false,false,false,true,false,false,false,false,false,false,false,false,false,false,false,false,false,false,-83.21634,42.36163,"{
  ""coordinates"": [
    -8.321633550322230e+01,
    4.236163221411910e+01
  ],
  ""type"": ""Point""
}","{
  ""coordinates"": [
    -83.216335503,
    42.361632214
  ],
  ""type"": ""Point""
}",-83.216335503,42.3616322140001
2677,1471161,8 MILE,VAN DYKE,2018-09-12,12,9,2018,11,4,7,3,,1,0,Asphalt,1,1,1,35,5,2,1,5,0,0,0,0,true,false,false,false,true,false,false,false,false,false,false,true,false,false,false,false,false,false,false,false,false,false,-83.02156,42.44824,"{
  ""coordinates"": [
    -8.302155825525460e+01,
    4.244824385399260e+01
  ],
  ""type"": ""Point""
}","{
  ""coordinates"": [
    -83.021558255,
    42.448243854
  ],
  ""type"": ""Point""
}",-83.0215582549999,42.4482438540001
2678,1472046,JEFFERSON,PARKER,2018-09-12,12,9,2018,19,4,5,9,,4,0,Asphalt,1,1,1,35,2,2,2,5,0,0,0,0,true,false,false,false,true,false,false,false,false,false,false,false,false,false,false,false,false,false,false,false,false,false,-82.99403,42.35195,"{
  ""coordinates"": [
    -8.299402505962099e+01,
    4.235195254609060e+01
  ],
  ""type"": ""Point""
}","{
  ""coordinates"": [
    -82.99402506,
    42.351952546
  ],
  ""type"": ""Point""
}",-82.99402506,42.3519525460001
2679,1471135,MOUNT ELLIOTT,HARPER,2018-09-12,12,9,2018,13,4,8,9,,4,0,Asphalt,1,2,1,30,4,2,2,5,0,0,0,0,true,false,false,false,false,false,false,false,false,false,false,false,false,false,false,true,false,false,false,false,false,false,-83.03349,42.379,"{
  ""coordinates"": [
    -8.303349386488330e+01,
    4.237900197293390e+01
  ],
  ""type"": ""Point""
}","{
  ""coordinates"": [
    -83.033493865,
    42.379001973
  ],
  ""type"": ""Point""
}",-83.033493865,42.3790019730001
2680,1472041,I-75,DAVISON,2018-09-12,12,9,2018,6,4,5,1,,1,0,Asphalt,1,1,2,55,4,2,2,5,0,0,0,0,true,false,false,false,false,false,false,false,false,false,false,false,false,false,false,false,false,false,false,false,false,false,-83.07265,42.40356,"{
  ""coordinates"": [
    -8.307265791963120e+01,
    4.240356401673350e+01
  ],
  ""type"": ""Point""
}","{
  ""coordinates"": [
    -83.07265792,
    42.403564017
  ],
  ""type"": ""Point""
}",-83.07265792,42.4035640170001
2681,1471163,SOUTHFIELD SERVICE DRIVE,DAVISON,2018-09-12,12,9,2018,16,4,5,9,,4,0,Asphalt,1,1,1,55,3,2,2,5,0,0,0,0,true,false,false,false,true,false,false,false,false,false,false,false,false,false,false,false,false,false,false,false,false,false,-83.21785,42.3841,"{
  ""coordinates"": [
    -8.321784901576351e+01,
    4.238410069145070e+01
  ],
  ""type"": ""Point""
}","{
  ""coordinates"": [
    -83.217849016,
    42.384100691
  ],
  ""type"": ""Point""
}",-83.2178490159999,42.3841006910001
2682,1471164,GRATIOT,HOUSTON WHITTIER,2018-09-12,12,9,2018,15,4,1,3,,1,0,Asphalt,1,1,1,35,6,1,1,4,0,0,0,1,false,false,false,false,false,false,false,false,false,false,false,false,false,false,false,false,false,false,false,false,false,false,-82.98738,42.42037,"{
  ""coordinates"": [
    -8.298738080832420e+01,
    4.242037044146510e+01
  ],
  ""type"": ""Point""
}","{
  ""coordinates"": [
    -82.987380808,
    42.420370441
  ],
  ""type"": ""Point""
}",-82.987380808,42.420370441
2683,1477055,WARREN,TRUMBULL,2018-09-12,12,9,2018,17,4,97,9,,4,0,Asphalt,1,1,1,30,3,3,3,5,0,0,0,0,true,false,false,false,false,false,false,false,false,false,false,false,false,false,false,false,false,false,false,false,false,false,-83.07715,42.35279,"{
  ""coordinates"": [
    -8.307714474367270e+01,
    4.235278924923840e+01
  ],
  ""type"": ""Point""
}","{
  ""coordinates"": [
    -83.077144744,
    42.352789249
  ],
  ""type"": ""Point""
}",-83.077144744,42.3527892490001
2684,1473385,GREENFIELD,8MILE,2018-09-12,12,9,2018,16,4,4,7,,1,0,Asphalt,1,1,1,35,5,2,2,5,0,0,0,0,true,false,false,false,false,false,false,false,false,false,false,true,false,true,false,false,false,false,false,false,false,false,-83.2005,42.44439,"{
  ""coordinates"": [
    -8.320049741121170e+01,
    4.244438471812340e+01
  ],
  ""type"": ""Point""
}","{
  ""coordinates"": [
    -83.200497411,
    42.444384718
  ],
  ""type"": ""Point""
}",-83.200497411,42.444384718
2685,1471162,SHERWOOD,EMERY,2018-09-12,12,9,2018,7,4,5,9,,4,0,Asphalt,1,1,1,35,2,2,3,5,0,0,0,0,true,false,false,false,false,false,false,false,false,false,false,true,false,false,false,false,false,false,false,false,false,false,-83.03413,42.436,"{
  ""coordinates"": [
    -8.303412505012260e+01,
    4.243600636622920e+01
  ],
  ""type"": ""Point""
}","{
  ""coordinates"": [
    -83.03412505,
    42.436006366
  ],
  ""type"": ""Point""
}",-83.0341250499999,42.4360063660001
2686,1482140,I 75,WARREN,2018-09-12,12,9,2018,17,4,5,1,,1,0,Asphalt,1,1,1,55,4,2,3,5,0,0,0,0,true,false,false,false,false,false,false,false,false,false,false,false,false,false,false,false,false,false,false,false,false,false,-83.05374,42.36009,"{
  ""coordinates"": [
    -8.305374240945180e+01,
    4.236009299641000e+01
  ],
  ""type"": ""Point""
}","{
  ""coordinates"": [
    -83.053742409,
    42.360092996
  ],
  ""type"": ""Point""
}",-83.0537424089999,42.360092996
2687,1471157,VAN DYKE,OUTER,2018-09-12,12,9,2018,12,4,7,3,,1,0,Asphalt,1,1,1,35,3,2,2,5,0,0,0,0,true,false,false,false,false,false,false,false,false,false,false,false,false,false,false,true,false,false,false,false,false,false,-83.0245,42.44134,"{
  ""coordinates"": [
    -8.302450117741240e+01,
    4.244134149556740e+01
  ],
  ""type"": ""Point""
}","{
  ""coordinates"": [
    -83.024501177,
    42.441341496
  ],
  ""type"": ""Point""
}",-83.024501177,42.4413414960001
2688,1472050,OAKMAN BVLD,CHICAGO,2018-09-12,12,9,2018,19,4,4,9,,4,0,Asphalt,1,1,3,25,4,2,2,5,0,0,0,0,true,false,true,true,false,false,false,false,false,false,false,false,false,false,false,false,false,false,false,false,false,false,-83.15331,42.36629,"{
  ""coordinates"": [
    -8.315331292124620e+01,
    4.236628899159460e+01
  ],
  ""type"": ""Point""
}","{
  ""coordinates"": [
    -83.153312921,
    42.366288992
  ],
  ""type"": ""Point""
}",-83.153312921,42.3662889920001
2689,1471147,LAHSER,7 MILE,2018-09-12,12,9,2018,7,4,4,9,,2,0,Asphalt,1,1,1,35,4,2,6,5,0,0,0,0,true,false,true,true,false,false,false,false,false,false,false,false,false,false,false,false,false,false,false,false,false,false,-83.25829,42.4291,"{
  ""coordinates"": [
    -8.325829172491790e+01,
    4.242909574663360e+01
  ],
  ""type"": ""Point""
}","{
  ""coordinates"": [
    -83.258291725,
    42.429095747
  ],
  ""type"": ""Point""
}",-83.2582917249999,42.4290957470001
2690,1473351,MOROSS,LANSDOWNE,2018-09-12,12,9,2018,14,4,8,9,,2,0,Asphalt,1,1,1,35,2,2,1,3,0,0,1,0,false,false,false,false,true,false,false,false,false,false,false,false,false,false,false,false,false,false,false,false,false,false,-82.94642,42.43203,"{
  ""coordinates"": [
    -8.294641610496700e+01,
    4.243202680524080e+01
  ],
  ""type"": ""Point""
}","{
  ""coordinates"": [
    -82.946416105,
    42.432026805
  ],
  ""type"": ""Point""
}",-82.946416105,42.4320268050001
2691,1472082,STOUT,PEMBROKE,2018-09-12,12,9,2018,23,4,1,9,,,0,,1,1,4,25,2,1,1,3,0,0,1,0,false,false,false,false,false,false,false,false,false,false,true,false,false,false,false,false,false,false,false,false,false,false,-83.24346,42.43665,"{
  ""coordinates"": [
    -8.324345886786671e+01,
    4.243664360720470e+01
  ],
  ""type"": ""Point""
}","{
  ""coordinates"": [
    -83.243458868,
    42.436643607
  ],
  ""type"": ""Point""
}",-83.2434588679999,42.4366436070001
2692,1490665,LIVERNOIS,JOY,2018-09-12,12,9,2018,12,4,4,9,,4,0,Asphalt,1,1,1,30,7,2,2,5,0,0,0,0,true,false,false,false,false,false,false,false,false,false,false,false,false,false,false,false,false,false,false,false,false,false,-83.1384,42.35952,"{
  ""coordinates"": [
    -8.313839954784910e+01,
    4.235952103242280e+01
  ],
  ""type"": ""Point""
}","{
  ""coordinates"": [
    -83.138399548,
    42.359521032
  ],
  ""type"": ""Point""
}",-83.1383995479999,42.359521032
2693,1472091,HAYES,EASTBURN,2018-09-12,12,9,2018,21,4,4,9,,4,0,Asphalt,1,1,4,30,2,2,1,5,0,0,0,0,true,false,false,false,true,false,false,false,false,false,false,false,false,false,false,false,false,false,false,false,false,false,-82.96589,42.4454,"{
  ""coordinates"": [
    -8.296588577748230e+01,
    4.244540462038740e+01
  ],
  ""type"": ""Point""
}","{
  ""coordinates"": [
    -82.965885777,
    42.44540462
  ],
  ""type"": ""Point""
}",-82.965885777,42.44540462
2694,1475339,M-39,JOY,2018-09-12,12,9,2018,17,4,5,3,,1,0,Asphalt,1,1,1,55,3,2,2,5,0,0,0,0,true,false,false,false,false,false,false,false,false,false,false,false,false,false,false,false,false,false,false,false,false,false,-83.21626,42.35062,"{
  ""coordinates"": [
    -8.321626540977900e+01,
    4.235061859162660e+01
  ],
  ""type"": ""Point""
}","{
  ""coordinates"": [
    -83.21626541,
    42.350618592
  ],
  ""type"": ""Point""
}",-83.2162654099999,42.350618592
2695,1471145,VAUGHN,SANTA MARIA,2018-09-12,12,9,2018,0,4,10,9,,,0,,1,1,5,25,2,2,1,4,0,0,0,1,false,false,false,false,false,false,false,false,false,false,false,false,false,false,false,false,false,false,false,false,false,false,-83.23932,42.41825,"{
  ""coordinates"": [
    -8.323931686205360e+01,
    4.241824903923130e+01
  ],
  ""type"": ""Point""
}","{
  ""coordinates"": [
    -83.239316862,
    42.418249039
  ],
  ""type"": ""Point""
}",-83.239316862,42.418249039
2696,1476237,VAUGHAN,CONSTANCE,2018-09-12,12,9,2018,16,4,1,9,,,0,,1,1,1,25,2,2,1,3,0,0,1,0,false,false,false,false,true,false,false,false,false,false,false,false,false,false,false,false,false,false,false,false,true,false,-83.23703,42.35388,"{
  ""coordinates"": [
    -8.323703339783000e+01,
    4.235387970509370e+01
  ],
  ""type"": ""Point""
}","{
  ""coordinates"": [
    -83.237033398,
    42.353879705
  ],
  ""type"": ""Point""
}",-83.2370333979999,42.3538797050001
2697,1472065,CENTRAL,ST STEPHENS,2018-09-12,12,9,2018,0,4,1,9,,4,1,Asphalt,1,1,4,35,3,1,0,5,0,0,0,0,true,false,false,false,true,false,false,false,false,false,false,false,false,false,false,false,false,false,false,false,false,false,-83.13577,42.32848,"{
  ""coordinates"": [
    -8.313576746266300e+01,
    4.232847535537880e+01
  ],
  ""type"": ""Point""
}","{
  ""coordinates"": [
    -83.135767463,
    42.328475355
  ],
  ""type"": ""Point""
}",-83.135767463,42.3284753550001
2698,1472069,MCGRAW,WEIR,2018-09-12,12,9,2018,17,4,3,9,,4,0,Asphalt,1,2,1,,2,2,1,5,0,0,0,0,true,false,false,false,true,false,false,false,false,false,false,false,false,false,false,false,false,false,false,false,false,false,-83.15527,42.32996,"{
  ""coordinates"": [
    -8.315526352403650e+01,
    4.232996154683280e+01
  ],
  ""type"": ""Point""
}","{
  ""coordinates"": [
    -83.155263524,
    42.329961547
  ],
  ""type"": ""Point""
}",-83.155263524,42.329961547
2699,1471139,S I 75 SERVICE DRIVE,MACK,2018-09-11,11,9,2018,13,3,9,1,,4,0,Asphalt,1,1,1,25,3,2,2,5,0,0,0,0,true,false,false,false,false,false,false,false,false,false,false,false,false,false,false,false,false,false,false,false,false,false,-83.04858,42.35109,"{
  ""coordinates"": [
    -8.304858098864260e+01,
    4.235109514138690e+01
  ],
  ""type"": ""Point""
}","{
  ""coordinates"": [
    -83.048580989,
    42.351095141
  ],
  ""type"": ""Point""
}",-83.048580989,42.351095141
2700,1476233,PLYMOUTH,WOODMONT,2018-09-11,11,9,2018,18,3,1,9,,4,0,Asphalt,1,1,1,35,7,2,1,4,0,0,0,1,false,false,false,false,true,false,false,false,false,false,false,true,false,false,false,false,false,false,false,false,true,false,-83.20805,42.37242,"{
  ""coordinates"": [
    -8.320805266303110e+01,
    4.237242193066570e+01
  ],
  ""type"": ""Point""
}","{
  ""coordinates"": [
    -83.208052663,
    42.372421931
  ],
  ""type"": ""Point""
}",-83.208052663,42.3724219310001
2701,1473304,E I 96,KENTFIELD,2018-09-11,11,9,2018,9,3,1,1,,1,0,Concrete,2,4,1,70,3,1,1,5,0,0,0,0,true,false,false,false,false,false,false,false,false,false,false,false,false,false,true,false,false,false,false,false,false,false,-83.24037,42.38331,"{
  ""coordinates"": [
    -8.324036902323679e+01,
    4.238330662435120e+01
  ],
  ""type"": ""Point""
}","{
  ""coordinates"": [
    -83.240369023,
    42.383306624
  ],
  ""type"": ""Point""
}",-83.240369023,42.3833066240001
2702,1470003,JEFFERSON,GLOVER,2018-09-11,11,9,2018,17,3,5,9,,4,0,Asphalt,1,1,1,30,2,2,2,5,0,0,0,0,true,false,false,false,false,false,false,false,false,false,false,false,false,false,false,false,false,false,false,false,false,false,-82.96981,42.36737,"{
  ""coordinates"": [
    -8.296981070640290e+01,
    4.236737032583050e+01
  ],
  ""type"": ""Point""
}","{
  ""coordinates"": [
    -82.969810706,
    42.367370326
  ],
  ""type"": ""Point""
}",-82.969810706,42.3673703260001
2703,1481334,JANE,PARK,2018-09-11,11,9,2018,1,3,4,9,,,0,,1,2,4,25,1,2,3,5,0,0,0,0,true,false,true,false,true,false,false,false,false,false,false,false,false,false,false,false,false,false,false,false,false,false,-82.98567,42.41616,"{
  ""coordinates"": [
    -8.298566824281640e+01,
    4.241615584053320e+01
  ],
  ""type"": ""Point""
}","{
  ""coordinates"": [
    -82.985668243,
    42.416155841
  ],
  ""type"": ""Point""
}",-82.985668243,42.416155841
2704,1471104,RAMP 102D,8 MILE,2018-09-11,11,9,2018,1,3,1,3,,1,1,Concrete,1,1,4,35,1,1,1,5,0,0,0,0,true,false,false,false,false,false,false,false,false,false,false,false,false,false,false,false,false,false,false,false,false,false,-83.20297,42.44467,"{
  ""coordinates"": [
    -8.320297613800790e+01,
    4.244467051566050e+01
  ],
  ""type"": ""Point""
}","{
  ""coordinates"": [
    -83.202976138,
    42.444670516
  ],
  ""type"": ""Point""
}",-83.2029761379999,42.444670516
2705,1472070,LAFAYETTE,LIVERNOIS,2018-09-11,11,9,2018,18,3,4,9,,4,0,Asphalt,1,1,1,25,4,2,1,2,0,1,0,1,false,false,false,false,true,false,false,false,false,false,false,false,false,false,false,false,false,false,false,false,false,false,-83.1049,42.3086,"{
  ""coordinates"": [
    -8.310490247418051e+01,
    4.230859979880220e+01
  ],
  ""type"": ""Point""
}","{
  ""coordinates"": [
    -83.104902474,
    42.308599799
  ],
  ""type"": ""Point""
}",-83.104902474,42.308599799
2706,1470103,RAMP 048A,MCNICHOLS,2018-09-11,11,9,2018,0,3,5,1,,1,0,Concrete,2,4,4,35,3,2,1,5,0,0,0,0,true,false,false,false,true,false,false,false,false,false,false,false,false,false,false,false,false,false,false,false,false,false,-83.08709,42.4181,"{
  ""coordinates"": [
    -8.308709179297141e+01,
    4.241810289675340e+01
  ],
  ""type"": ""Point""
}","{
  ""coordinates"": [
    -83.087091793,
    42.418102897
  ],
  ""type"": ""Point""
}",-83.087091793,42.418102897
2707,1477691,I 94,LINWOOD,2018-09-11,11,9,2018,17,3,1,1,,1,1,Asphalt,2,4,1,55,3,1,1,5,0,0,0,0,true,false,false,false,false,false,false,false,false,false,false,false,false,false,false,false,true,false,false,false,false,false,-83.09422,42.35178,"{
  ""coordinates"": [
    -8.309422331758040e+01,
    4.235177926589340e+01
  ],
  ""type"": ""Point""
}","{
  ""coordinates"": [
    -83.094223318,
    42.351779266
  ],
  ""type"": ""Point""
}",-83.094223318,42.3517792660001
2708,1472063,MICHIGAN,MARTIN,2018-09-11,11,9,2018,11,3,8,2,,1,0,Asphalt,1,1,1,30,5,2,3,5,0,0,0,0,true,false,false,false,false,false,false,false,false,false,false,false,false,false,false,false,false,false,false,false,false,false,-83.12775,42.33114,"{
  ""coordinates"": [
    -8.312774816373690e+01,
    4.233114409001490e+01
  ],
  ""type"": ""Point""
}","{
  ""coordinates"": [
    -83.127748164,
    42.33114409
  ],
  ""type"": ""Point""
}",-83.127748164,42.3311440900001
2709,1472099,7 MILE,OUTER,2018-09-11,11,9,2018,22,3,7,9,,2,0,Asphalt,1,1,4,,2,2,1,5,0,0,0,0,true,false,false,false,true,false,false,false,false,false,false,false,false,false,false,false,false,false,false,false,false,false,-83.17605,42.43116,"{
  ""coordinates"": [
    -8.317604712301140e+01,
    4.243116194541310e+01
  ],
  ""type"": ""Point""
}","{
  ""coordinates"": [
    -83.176047123,
    42.431161945
  ],
  ""type"": ""Point""
}",-83.176047123,42.431161945
2710,1471156,AMERICAN,JOY,2018-09-11,11,9,2018,12,3,98,9,,,0,,1,1,1,25,1,2,0,5,0,0,0,0,true,false,false,false,true,false,false,false,false,false,false,false,false,false,false,false,false,false,false,false,false,false,-83.14394,42.35952,"{
  ""coordinates"": [
    -8.314393998976389e+01,
    4.235951902575300e+01
  ],
  ""type"": ""Point""
}","{
  ""coordinates"": [
    -83.14393999,
    42.359519026
  ],
  ""type"": ""Point""
}",-83.14393999,42.359519026
2711,1475362,I-94,30TH,2018-09-11,11,9,2018,17,3,1,1,,1,1,Asphalt,1,1,1,55,3,1,1,3,0,0,1,0,false,false,false,false,false,false,false,false,false,true,false,false,false,false,false,false,false,false,false,false,false,false,-83.11584,42.34241,"{
  ""coordinates"": [
    -8.311584819447070e+01,
    4.234240840162180e+01
  ],
  ""type"": ""Point""
}","{
  ""coordinates"": [
    -83.115848194,
    42.342408402
  ],
  ""type"": ""Point""
}",-83.115848194,42.342408402
2712,1476239,SCHOOLCRAFT,WESTWOOD,2018-09-11,11,9,2018,17,3,8,9,,2,0,Asphalt,1,1,1,35,2,2,2,5,0,0,0,0,true,false,false,false,false,false,false,false,false,false,false,false,false,true,false,true,false,false,true,false,false,false,-83.23203,42.38636,"{
  ""coordinates"": [
    -8.323203256804889e+01,
    4.238636087026870e+01
  ],
  ""type"": ""Point""
}","{
  ""coordinates"": [
    -83.232032568,
    42.38636087
  ],
  ""type"": ""Point""
}",-83.232032568,42.38636087
2713,1472057,14TH,LAFAYETTE,2018-09-11,11,9,2018,18,3,4,9,,,0,,1,1,1,25,4,2,2,4,0,0,0,1,false,false,true,false,true,false,false,false,false,false,false,false,false,false,false,false,false,false,false,false,false,false,-83.07105,42.32172,"{
  ""coordinates"": [
    -8.307105275903260e+01,
    4.232171596639190e+01
  ],
  ""type"": ""Point""
}","{
  ""coordinates"": [
    -83.071052759,
    42.321715966
  ],
  ""type"": ""Point""
}",-83.0710527589999,42.3217159660001
2714,1471151,ROWE,FAIRMOUNT,2018-09-11,11,9,2018,7,3,8,9,,,0,,2,4,1,25,2,2,0,5,0,0,0,0,true,false,false,false,false,false,false,false,false,false,false,false,false,false,false,false,false,false,false,false,false,false,-83.00379,42.44333,"{
  ""coordinates"": [
    -8.300379356810680e+01,
    4.244332754704150e+01
  ],
  ""type"": ""Point""
}","{
  ""coordinates"": [
    -83.003793568,
    42.443327547
  ],
  ""type"": ""Point""
}",-83.0037935679999,42.4433275470001
2715,1475334,I94,CASS,2018-09-11,11,9,2018,17,3,5,1,,1,0,Asphalt,1,1,1,55,3,2,1,5,0,0,0,0,true,false,false,false,false,false,false,false,false,false,false,false,false,false,true,false,false,false,false,false,false,false,-83.07211,42.36195,"{
  ""coordinates"": [
    -8.307210834994650e+01,
    4.236195330778330e+01
  ],
  ""type"": ""Point""
}","{
  ""coordinates"": [
    -83.07210835,
    42.361953308
  ],
  ""type"": ""Point""
}",-83.07210835,42.3619533080001
2716,1469970,N M 39,GRAND RIVER,2018-09-11,11,9,2018,9,3,4,3,,1,0,Asphalt,1,1,1,35,5,2,2,5,0,0,0,0,true,false,false,false,false,false,false,false,false,false,false,false,false,true,false,true,false,false,false,false,false,false,-83.2182,42.40076,"{
  ""coordinates"": [
    -8.321820338091270e+01,
    4.240075836462970e+01
  ],
  ""type"": ""Point""
}","{
  ""coordinates"": [
    -83.218203381,
    42.400758365
  ],
  ""type"": ""Point""
}",-83.218203381,42.4007583650001
2717,1473281,I-96,I-75,2018-09-11,11,9,2018,8,3,5,1,,1,0,Asphalt,1,1,1,55,3,2,3,4,0,0,0,1,false,false,false,false,false,false,false,false,false,false,true,false,false,true,false,false,false,false,false,false,false,false,-83.08491,42.32585,"{
  ""coordinates"": [
    -8.308490785460860e+01,
    4.232584992594200e+01
  ],
  ""type"": ""Point""
}","{
  ""coordinates"": [
    -83.084907855,
    42.325849926
  ],
  ""type"": ""Point""
}",-83.084907855,42.325849926
2718,1471130,CHALMERS,I 94,2018-09-11,11,9,2018,19,3,1,1,,4,0,Asphalt,1,1,3,35,2,1,1,5,0,0,0,0,true,false,false,false,false,false,false,false,false,true,false,false,false,false,true,false,false,false,false,false,false,false,-82.96422,42.40371,"{
  ""coordinates"": [
    -8.296421917811890e+01,
    4.240370423199730e+01
  ],
  ""type"": ""Point""
}","{
  ""coordinates"": [
    -82.964219178,
    42.403704232
  ],
  ""type"": ""Point""
}",-82.964219178,42.4037042320001
2719,1469987,WARREN,BRUSH,2018-09-11,11,9,2018,12,3,4,9,,4,0,Asphalt,1,1,1,30,8,2,2,3,0,0,1,0,false,false,false,false,false,false,false,false,false,false,true,false,false,false,false,false,false,false,false,false,false,false,-83.05995,42.35883,"{
  ""coordinates"": [
    -8.305995136945080e+01,
    4.235882836704980e+01
  ],
  ""type"": ""Point""
}","{
  ""coordinates"": [
    -83.059951369,
    42.358828367
  ],
  ""type"": ""Point""
}",-83.059951369,42.3588283670001
2720,1475398,JEFFERSON,IROQUOIS,2018-09-11,11,9,2018,10,3,9,9,,4,0,Asphalt,1,1,1,30,2,2,2,5,0,0,0,0,true,false,false,false,false,false,false,false,false,false,false,false,false,false,true,false,false,false,false,false,false,false,-82.99121,42.35378,"{
  ""coordinates"": [
    -8.299120820247310e+01,
    4.235377564266170e+01
  ],
  ""type"": ""Point""
}","{
  ""coordinates"": [
    -82.991208202,
    42.353775643
  ],
  ""type"": ""Point""
}",-82.9912082019999,42.3537756430001
2721,1493868,I-94,MT ELLIOT,2018-09-11,11,9,2018,12,3,8,1,,1,0,Asphalt,1,1,1,55,3,3,3,5,0,0,0,0,true,false,false,false,true,false,false,false,false,false,false,false,false,true,false,false,false,false,false,false,false,false,-83.03362,42.37928,"{
  ""coordinates"": [
    -8.303362045718021e+01,
    4.237928434167300e+01
  ],
  ""type"": ""Point""
}","{
  ""coordinates"": [
    -83.033620457,
    42.379284342
  ],
  ""type"": ""Point""
}",-83.033620457,42.3792843420001
2722,1469972,HUBBELL,CHICAGO,2018-09-11,11,9,2018,16,3,97,9,,4,0,Asphalt,1,1,1,30,4,2,1,5,0,0,0,0,true,false,false,false,true,false,false,false,false,false,true,false,false,false,false,false,false,false,false,false,false,false,-83.18749,42.36538,"{
  ""coordinates"": [
    -8.318749423886490e+01,
    4.236537671997830e+01
  ],
  ""type"": ""Point""
}","{
  ""coordinates"": [
    -83.187494239,
    42.36537672
  ],
  ""type"": ""Point""
}",-83.187494239,42.36537672
2723,1484768,KELLY,HUNTINGTON,2018-09-11,11,9,2018,16,3,8,9,,2,0,Asphalt,1,1,1,35,3,2,1,4,0,0,0,1,false,false,false,false,true,false,false,false,false,false,false,false,false,false,false,false,false,false,false,false,false,false,-82.94527,42.44473,"{
  ""coordinates"": [
    -8.294526462613111e+01,
    4.244472557560920e+01
  ],
  ""type"": ""Point""
}","{
  ""coordinates"": [
    -82.945264626,
    42.444725576
  ],
  ""type"": ""Point""
}",-82.945264626,42.4447255760001