ObjectId,Crash ID,Primary Road,Intersecting Road,Crash Date,Day,Month,Year,Hour,Weekday,Crash Type Code,Highway Classification Code,Community Code,Jurisdiction Code,Lane Departure Type Code,Surface Type,Road Condition,Weather Condition,Lighting Condition,Speed Limit,Lanes,Units,Occupants,Most Severe Injury,Fatal Injuries,Suspected Serious Injuries,Suspected Minor Injuries,Possible Injuries,Property Damage Only,Secondary Crash,Traffic Control,Red Light Run,Hit and Run,Alcohol,Drugs,Unbelted Person,Work Zone,Speeding Driver,Distracted Driver,Driveway,Pedestrian,Elderly Driver,Young Driver,Commercial Vehicle,Emergency Vehicles,Train,School Bus,Motorcycle,Bicycle,Deer,Longitude,Latitude,geom,geog,x,y
2888,1469982,THIRD,BALTIMORE,2018-09-09,9,9,2018,22,1,4,9,,4,0,Asphalt,2,4,4,30,4,2,3,4,0,0,0,1,false,false,true,true,false,false,false,false,false,false,false,false,false,true,true,true,false,false,false,false,false,false,-83.07781,42.36625,"{
  ""coordinates"": [
    -8.307780946742220e+01,
    4.236624592806600e+01
  ],
  ""type"": ""Point""
}","{
  ""coordinates"": [
    -83.077809467,
    42.366245928
  ],
  ""type"": ""Point""
}",-83.077809467,42.3662459280001
2889,1469993,DIX,LONYO,2018-09-09,9,9,2018,17,1,3,9,,2,0,Asphalt,2,4,3,35,4,2,2,4,0,0,0,1,false,false,false,false,false,false,false,false,false,false,false,false,false,false,false,false,false,false,false,false,false,false,-83.13448,42.31638,"{
  ""coordinates"": [
    -8.313447447782509e+01,
    4.231637478027180e+01
  ],
  ""type"": ""Point""
}","{
  ""coordinates"": [
    -83.134474478,
    42.31637478
  ],
  ""type"": ""Point""
}",-83.134474478,42.31637478
2890,1470008,E I 96 CD,EVERGREEN,2018-09-09,9,9,2018,18,1,5,1,,1,0,Concrete,1,1,1,45,4,2,2,5,0,0,0,0,true,false,true,false,false,false,false,false,false,false,false,false,false,false,false,false,false,false,false,false,false,false,-83.23663,42.38003,"{
  ""coordinates"": [
    -8.323663398471290e+01,
    4.238003103787040e+01
  ],
  ""type"": ""Point""
}","{
  ""coordinates"": [
    -83.236633985,
    42.380031038
  ],
  ""type"": ""Point""
}",-83.236633985,42.380031038
2891,1472072,MICHIGAN,LARKINS,2018-09-09,9,9,2018,23,1,2,2,,1,2,Asphalt,1,4,4,35,5,3,5,4,0,0,0,1,false,false,false,false,false,false,false,false,false,true,false,false,false,false,true,false,false,false,false,false,false,false,-83.13078,42.33111,"{
  ""coordinates"": [
    -8.313077860468751e+01,
    4.233110700640780e+01
  ],
  ""type"": ""Point""
}","{
  ""coordinates"": [
    -83.130778605,
    42.331107006
  ],
  ""type"": ""Point""
}",-83.130778605,42.331107006
2892,1476276,WARREN,EVERGREEN,2018-09-09,9,9,2018,16,1,97,9,,2,0,Asphalt,2,4,1,35,6,3,2,5,0,0,0,0,true,false,false,false,true,false,false,false,false,false,false,false,false,true,false,false,false,false,false,false,false,false,-83.23535,42.34313,"{
  ""coordinates"": [
    -8.323535321438349e+01,
    4.234312651622940e+01
  ],
  ""type"": ""Point""
}","{
  ""coordinates"": [
    -83.235353214,
    42.343126516
  ],
  ""type"": ""Point""
}",-83.235353214,42.343126516
2893,1470018,FAUST,CHICAGO,2018-09-09,9,9,2018,17,1,10,9,,,0,,98,98,98,25,2,2,1,5,0,0,0,0,true,false,false,false,true,false,false,false,false,false,false,false,false,false,false,false,false,false,false,false,false,false,-83.2215,42.36499,"{
  ""coordinates"": [
    -8.322149400537360e+01,
    4.236499230652430e+01
  ],
  ""type"": ""Point""
}","{
  ""coordinates"": [
    -83.221494005,
    42.364992307
  ],
  ""type"": ""Point""
}",-83.221494005,42.3649923070001
2894,1469896,I-94,CASS,2018-09-09,9,9,2018,4,1,8,1,,1,0,Asphalt,1,1,4,55,3,2,1,5,0,0,0,0,true,false,false,false,true,false,false,false,false,false,false,false,false,false,false,false,false,false,false,false,false,false,-83.07078,42.36253,"{
  ""coordinates"": [
    -8.307078169180500e+01,
    4.236253050686430e+01
  ],
  ""type"": ""Point""
}","{
  ""coordinates"": [
    -83.070781692,
    42.362530507
  ],
  ""type"": ""Point""
}",-83.070781692,42.362530507
2895,1471126,WAVENEY,WAYBURN,2018-09-09,9,9,2018,16,1,4,9,,,0,,2,4,1,,2,2,2,5,0,0,0,0,true,false,false,false,false,false,false,false,false,false,false,false,false,false,false,false,false,false,false,false,false,false,-82.95012,42.39262,"{
  ""coordinates"": [
    -8.295011930718910e+01,
    4.239261666030650e+01
  ],
  ""type"": ""Point""
}","{
  ""coordinates"": [
    -82.950119307,
    42.39261666
  ],
  ""type"": ""Point""
}",-82.950119307,42.39261666
2896,1479089,M-10,M-8,2018-09-09,9,9,2018,3,1,5,3,,1,0,Concrete,1,1,4,55,3,2,1,5,0,0,0,0,true,false,false,false,true,false,false,false,false,false,false,false,false,false,false,false,false,false,false,false,false,false,-83.11183,42.39897,"{
  ""coordinates"": [
    -8.311182986485920e+01,
    4.239896834570410e+01
  ],
  ""type"": ""Point""
}","{
  ""coordinates"": [
    -83.111829865,
    42.398968346
  ],
  ""type"": ""Point""
}",-83.1118298649999,42.3989683460001
2897,1470034,EVERGREEN,FARGO,2018-09-09,9,9,2018,,1,5,9,,4,0,Asphalt,1,2,1,35,2,2,2,5,0,0,0,0,true,false,false,false,false,false,false,false,false,false,false,true,false,false,false,false,false,false,false,false,false,false,-83.23921,42.43867,"{
  ""coordinates"": [
    -8.323921518985649e+01,
    4.243867361209370e+01
  ],
  ""type"": ""Point""
}","{
  ""coordinates"": [
    -83.23921519,
    42.438673612
  ],
  ""type"": ""Point""
}",-83.23921519,42.4386736120001
2898,1473362,CONANT,DEQUINDRE,2018-09-09,9,9,2018,15,1,4,9,,4,0,Asphalt,1,1,1,30,1,2,2,5,0,0,0,0,true,false,false,false,false,false,false,false,false,false,false,false,false,false,false,false,false,false,false,false,false,false,-83.08334,42.44666,"{
  ""coordinates"": [
    -8.308333858676740e+01,
    4.244665645757970e+01
  ],
  ""type"": ""Point""
}","{
  ""coordinates"": [
    -83.083338587,
    42.446656458
  ],
  ""type"": ""Point""
}",-83.083338587,42.4466564580001
2899,1469974,FORT,CASS,2018-09-09,9,9,2018,11,1,6,3,,1,0,Asphalt,1,1,1,30,3,2,3,5,0,0,0,0,true,false,false,false,false,false,false,false,false,false,false,false,false,false,false,false,false,false,false,false,false,false,-83.05072,42.32928,"{
  ""coordinates"": [
    -8.305072196057689e+01,
    4.232928375276660e+01
  ],
  ""type"": ""Point""
}","{
  ""coordinates"": [
    -83.050721961,
    42.329283753
  ],
  ""type"": ""Point""
}",-83.050721961,42.329283753
2900,1473399,7 MILE,ARDMORE,2018-09-09,9,9,2018,14,1,98,9,,2,0,Asphalt,1,2,1,30,5,2,3,5,0,0,0,0,true,false,false,false,false,false,false,false,false,false,false,false,false,false,false,false,false,false,false,false,false,false,-83.18527,42.4309,"{
  ""coordinates"": [
    -8.318527345906909e+01,
    4.243090298927320e+01
  ],
  ""type"": ""Point""
}","{
  ""coordinates"": [
    -83.185273459,
    42.430902989
  ],
  ""type"": ""Point""
}",-83.185273459,42.4309029890001
2901,1470115,WARREN,WOODWARD,2018-09-09,9,9,2018,13,1,4,3,,4,0,Asphalt,2,4,1,30,4,2,4,4,0,0,0,1,false,false,false,false,false,false,false,false,false,true,false,false,false,false,false,false,false,false,false,false,false,false,-83.06419,42.35681,"{
  ""coordinates"": [
    -8.306419025213950e+01,
    4.235680936079320e+01
  ],
  ""type"": ""Point""
}","{
  ""coordinates"": [
    -83.064190252,
    42.356809361
  ],
  ""type"": ""Point""
}",-83.0641902519999,42.356809361
2902,1471121,HARPER,DEVONSHIRE,2018-09-09,9,9,2018,15,1,5,9,,4,0,Asphalt,2,4,1,35,4,2,2,4,0,0,0,1,false,false,false,false,false,false,false,false,false,false,false,false,false,false,false,false,false,false,false,false,false,false,-82.94691,42.40929,"{
  ""coordinates"": [
    -8.294690779585279e+01,
    4.240928900056680e+01
  ],
  ""type"": ""Point""
}","{
  ""coordinates"": [
    -82.946907796,
    42.409289001
  ],
  ""type"": ""Point""
}",-82.9469077959999,42.409289001
2903,1473398,SOUTHFIELD,8 MILE,2018-09-09,9,9,2018,12,1,5,3,,1,0,Concrete,1,1,1,40,3,2,2,5,0,0,0,0,true,false,false,false,false,false,false,false,false,false,false,false,false,false,false,false,true,false,false,false,false,false,-83.21963,42.44413,"{
  ""coordinates"": [
    -8.321962832992141e+01,
    4.244412754992260e+01
  ],
  ""type"": ""Point""
}","{
  ""coordinates"": [
    -83.21962833,
    42.44412755
  ],
  ""type"": ""Point""
}",-83.21962833,42.4441275500001
2904,1479080,I-96,MEYERS,2018-09-09,9,9,2018,14,1,8,1,,1,0,Concrete,2,4,1,70,3,3,3,5,0,0,0,0,true,false,false,false,true,false,false,false,false,false,false,false,false,false,false,false,false,false,false,false,false,false,-83.16969,42.38497,"{
  ""coordinates"": [
    -8.316969081871829e+01,
    4.238497023125480e+01
  ],
  ""type"": ""Point""
}","{
  ""coordinates"": [
    -83.169690819,
    42.384970231
  ],
  ""type"": ""Point""
}",-83.169690819,42.3849702310001
2905,1470046,REGENT,STATE FAIR,2018-09-09,9,9,2018,14,1,8,9,,,0,,1,2,1,25,2,2,3,2,0,1,0,0,false,false,false,false,false,false,false,false,false,false,false,false,false,false,false,false,false,false,false,false,false,false,-82.97559,42.44248,"{
  ""coordinates"": [
    -8.297558900145550e+01,
    4.244247890121950e+01
  ],
  ""type"": ""Point""
}","{
  ""coordinates"": [
    -82.975589001,
    42.442478901
  ],
  ""type"": ""Point""
}",-82.9755890009999,42.4424789010001
2906,1469980,PETERBORO,CASS,2018-09-09,9,9,2018,16,1,10,9,,,0,,1,1,1,35,2,2,2,5,0,0,0,0,true,false,false,false,false,false,false,false,false,false,false,false,false,false,false,false,false,false,false,false,false,false,-83.06001,42.34432,"{
  ""coordinates"": [
    -8.306000408109290e+01,
    4.234432340459100e+01
  ],
  ""type"": ""Point""
}","{
  ""coordinates"": [
    -83.060004081,
    42.344323405
  ],
  ""type"": ""Point""
}",-83.060004081,42.3443234050001
2907,1472084,GLASTONBURY,8 MILE,2018-09-09,9,9,2018,0,1,5,3,,,3,,1,1,4,25,2,2,0,5,0,0,0,0,true,false,false,false,true,false,false,false,false,false,false,false,false,false,false,false,false,false,false,false,false,false,-83.22366,42.44368,"{
  ""coordinates"": [
    -8.322365596642580e+01,
    4.244368224244780e+01
  ],
  ""type"": ""Point""
}","{
  ""coordinates"": [
    -83.223655966,
    42.443682242
  ],
  ""type"": ""Point""
}",-83.223655966,42.4436822420001
2908,1470090,CONANT,OUTER,2018-09-09,9,9,2018,21,1,5,9,,4,0,Asphalt,2,4,4,,2,2,1,5,0,0,0,0,true,false,false,false,false,false,false,false,false,true,false,false,false,false,true,false,false,false,false,false,false,false,-83.07889,42.44017,"{
  ""coordinates"": [
    -8.307888563321610e+01,
    4.244016938793260e+01
  ],
  ""type"": ""Point""
}","{
  ""coordinates"": [
    -83.078885633,
    42.440169388
  ],
  ""type"": ""Point""
}",-83.078885633,42.4401693880001
2909,1469990,HUBBARD,VERNOR,2018-09-09,9,9,2018,2,1,98,9,,,0,,1,1,1,25,2,2,0,5,0,0,0,0,true,false,false,false,true,false,false,false,false,false,false,false,false,false,false,false,false,false,false,false,false,false,-83.09201,42.32193,"{
  ""coordinates"": [
    -8.309200754357120e+01,
    4.232193091004110e+01
  ],
  ""type"": ""Point""
}","{
  ""coordinates"": [
    -83.092007544,
    42.32193091
  ],
  ""type"": ""Point""
}",-83.092007544,42.32193091
2910,1477817,RAMP 145A,E I 96,2018-09-09,9,9,2018,2,1,5,1,,1,0,Concrete,1,1,4,55,1,2,3,3,0,0,1,1,false,false,false,false,false,true,false,false,false,false,false,false,false,false,false,true,false,false,false,false,false,false,-83.09236,42.33826,"{
  ""coordinates"": [
    -8.309236413860300e+01,
    4.233826053933930e+01
  ],
  ""type"": ""Point""
}","{
  ""coordinates"": [
    -83.092364139,
    42.338260539
  ],
  ""type"": ""Point""
}",-83.092364139,42.338260539
2911,1471120,MOROSS/LINVILLE TURN,KINGSVILLE,2018-09-09,9,9,2018,18,1,5,9,,2,0,Asphalt,1,1,1,30,2,2,2,5,0,0,0,0,true,false,false,false,false,false,false,false,false,true,false,false,false,false,false,false,false,false,false,false,false,false,-82.91684,42.41975,"{
  ""coordinates"": [
    -8.291683877388169e+01,
    4.241974487877640e+01
  ],
  ""type"": ""Point""
}","{
  ""coordinates"": [
    -82.916838774,
    42.419744879
  ],
  ""type"": ""Point""
}",-82.916838774,42.4197448790001
2912,1470033,SUNDERLAND,CURTIS,2018-09-09,9,9,2018,16,1,4,9,,,0,,1,2,1,25,2,2,3,5,0,0,0,0,true,false,false,false,true,false,false,false,false,false,false,false,false,false,true,false,false,false,false,false,false,false,-83.22827,42.4226,"{
  ""coordinates"": [
    -8.322826868214430e+01,
    4.242259504498670e+01
  ],
  ""type"": ""Point""
}","{
  ""coordinates"": [
    -83.228268682,
    42.422595045
  ],
  ""type"": ""Point""
}",-83.228268682,42.422595045
2913,1472052,EATON,PREST,2018-09-09,9,9,2018,0,1,1,9,,,0,,1,1,4,25,4,1,1,3,0,0,1,0,false,false,false,false,false,false,false,false,false,true,false,false,false,false,false,false,false,false,false,false,false,false,-83.19733,42.39672,"{
  ""coordinates"": [
    -8.319733578072930e+01,
    4.239672396508160e+01
  ],
  ""type"": ""Point""
}","{
  ""coordinates"": [
    -83.197335781,
    42.396723965
  ],
  ""type"": ""Point""
}",-83.1973357809999,42.396723965
2914,1469927,I-94,WOODWARD,2018-09-09,9,9,2018,16,1,1,1,,1,1,Asphalt,2,4,1,55,3,1,1,5,0,0,0,0,true,false,false,false,false,false,false,false,false,false,false,false,false,false,false,false,false,false,false,false,false,false,-83.06904,42.36349,"{
  ""coordinates"": [
    -8.306903895827050e+01,
    4.236348594425410e+01
  ],
  ""type"": ""Point""
}","{
  ""coordinates"": [
    -83.069038958,
    42.363485944
  ],
  ""type"": ""Point""
}",-83.069038958,42.363485944
2915,1490617,I-94,BRUSH,2018-09-09,9,9,2018,0,1,5,1,,1,0,Asphalt,1,2,5,55,3,2,2,5,0,0,0,0,true,false,false,false,true,false,false,false,false,false,false,false,false,false,false,false,false,false,false,false,false,false,-83.06431,42.36587,"{
  ""coordinates"": [
    -8.306430675690800e+01,
    4.236587070379660e+01
  ],
  ""type"": ""Point""
}","{
  ""coordinates"": [
    -83.064306757,
    42.365870704
  ],
  ""type"": ""Point""
}",-83.0643067569999,42.365870704
2916,1470049,FOREST,GALSTER,2018-09-09,9,9,2018,3,1,98,9,,4,0,Asphalt,1,1,1,25,2,2,0,5,0,0,0,0,true,false,false,false,true,false,false,false,false,false,false,false,false,false,false,false,false,false,false,false,false,false,-83.03224,42.36621,"{
  ""coordinates"": [
    -8.303224263729010e+01,
    4.236620793439410e+01
  ],
  ""type"": ""Point""
}","{
  ""coordinates"": [
    -83.032242637,
    42.366207934
  ],
  ""type"": ""Point""
}",-83.032242637,42.366207934
2917,1479088,I 75,CLARK,2018-09-08,8,9,2018,3,7,5,1,,1,0,Concrete,1,1,4,55,4,2,2,5,0,0,0,0,true,false,false,false,true,false,false,false,true,false,false,false,false,false,false,false,false,false,false,false,false,false,-83.09028,42.31398,"{
  ""coordinates"": [
    -8.309028067760551e+01,
    4.231398543425630e+01
  ],
  ""type"": ""Point""
}","{
  ""coordinates"": [
    -83.090280678,
    42.313985434
  ],
  ""type"": ""Point""
}",-83.0902806779999,42.3139854340001
2918,1541286,JEFFERSON,FISKE,2018-09-08,8,9,2018,20,7,97,9,,4,0,Asphalt,1,1,4,30,5,2,1,1,1,0,0,0,false,false,false,false,false,true,false,false,false,false,false,false,true,false,false,false,false,false,false,false,false,false,-82.98579,42.35788,"{
  ""coordinates"": [
    -8.298578326295340e+01,
    4.235788401418380e+01
  ],
  ""type"": ""Point""
}","{
  ""coordinates"": [
    -82.985783263,
    42.357884014
  ],
  ""type"": ""Point""
}",-82.985783263,42.357884014
2919,1484771,BISHOP,WAVENEY,2018-09-08,8,9,2018,15,7,8,9,,,0,,1,1,1,25,2,2,2,5,0,0,0,0,true,false,false,false,false,false,false,false,false,false,false,false,false,false,false,false,false,false,false,false,false,false,-82.92928,42.39904,"{
  ""coordinates"": [
    -8.292927835714910e+01,
    4.239903928053770e+01
  ],
  ""type"": ""Point""
}","{
  ""coordinates"": [
    -82.929278357,
    42.399039281
  ],
  ""type"": ""Point""
}",-82.929278357,42.3990392810001
2920,1470114,FOREST,CASS,2018-09-08,8,9,2018,22,7,9,9,,4,2,Asphalt,1,1,4,,2,2,1,5,0,0,0,0,true,false,false,false,false,false,false,false,false,false,false,false,false,false,false,false,false,false,false,false,false,false,-83.06606,42.35352,"{
  ""coordinates"": [
    -8.306605731068170e+01,
    4.235351677117570e+01
  ],
  ""type"": ""Point""
}","{
  ""coordinates"": [
    -83.066057311,
    42.353516771
  ],
  ""type"": ""Point""
}",-83.066057311,42.353516771
2921,1473307,S M 10,LIVERNOIS,2018-09-08,8,9,2018,11,7,1,3,,1,0,Concrete,1,2,1,55,3,1,1,5,0,0,0,0,true,false,false,false,false,false,false,false,false,false,false,false,false,false,false,false,false,false,false,false,false,false,-83.14045,42.4048,"{
  ""coordinates"": [
    -8.314044973489270e+01,
    4.240480552461550e+01
  ],
  ""type"": ""Point""
}","{
  ""coordinates"": [
    -83.140449735,
    42.404805525
  ],
  ""type"": ""Point""
}",-83.1404497349999,42.404805525
2922,1469992,FORT,FORT,2018-09-08,8,9,2018,23,7,1,1,,1,1,Concrete,1,1,4,25,1,1,1,2,0,1,0,0,false,false,false,false,false,false,false,false,false,true,false,false,false,false,false,false,false,false,false,false,false,false,-83.15338,42.27779,"{
  ""coordinates"": [
    -8.315337864779950e+01,
    4.227778976396080e+01
  ],
  ""type"": ""Point""
}","{
  ""coordinates"": [
    -83.153378648,
    42.277789764
  ],
  ""type"": ""Point""
}",-83.1533786479999,42.277789764
2923,1470026,EVERGREEN,JOY,2018-09-08,8,9,2018,11,7,4,9,,4,0,Asphalt,1,1,4,35,5,2,2,5,0,0,0,0,true,false,false,false,false,false,false,false,false,false,false,false,false,false,false,false,false,false,false,false,false,false,-83.23595,42.3575,"{
  ""coordinates"": [
    -8.323595073289211e+01,
    4.235749879795750e+01
  ],
  ""type"": ""Point""
}","{
  ""coordinates"": [
    -83.235950733,
    42.357498798
  ],
  ""type"": ""Point""
}",-83.235950733,42.3574987980001
2924,1467759,VERNOR,BEARD,2018-09-08,8,9,2018,12,7,4,9,,4,0,Asphalt,1,2,1,35,2,2,2,5,0,0,0,0,true,false,false,false,false,false,false,false,false,false,false,false,false,false,true,false,false,false,false,false,false,false,-83.1189,42.31487,"{
  ""coordinates"": [
    -8.311890489098219e+01,
    4.231486587847040e+01
  ],
  ""type"": ""Point""
}","{
  ""coordinates"": [
    -83.118904891,
    42.314865878
  ],
  ""type"": ""Point""
}",-83.1189048909999,42.314865878
2925,1469995,DICKERSON,FOREST,2018-09-08,8,9,2018,17,7,8,9,,4,0,Asphalt,1,1,1,,3,2,1,5,0,0,0,0,true,false,false,false,false,false,false,false,false,false,false,false,false,false,false,false,false,false,false,false,false,false,-82.96517,42.38969,"{
  ""coordinates"": [
    -8.296517363962160e+01,
    4.238968469976130e+01
  ],
  ""type"": ""Point""
}","{
  ""coordinates"": [
    -82.96517364,
    42.3896847
  ],
  ""type"": ""Point""
}",-82.96517364,42.3896847
2926,1486683,SOUTHFIELD SERVICE DRIVE,8 MILE,2018-09-08,8,9,2018,12,7,5,3,,5,0,Asphalt,1,2,1,55,1,2,3,4,0,0,0,2,false,false,false,false,false,false,false,false,false,false,false,false,false,true,false,false,false,false,false,false,false,false,-83.21928,42.44417,"{
  ""coordinates"": [
    -8.321927674774770e+01,
    4.244417042229100e+01
  ],
  ""type"": ""Point""
}","{
  ""coordinates"": [
    -83.219276748,
    42.444170422
  ],
  ""type"": ""Point""
}",-83.219276748,42.4441704220001
2927,1467752,WYOMING,DAVISON,2018-09-08,8,9,2018,9,7,5,9,,4,0,Asphalt,1,2,1,30,3,2,3,4,0,0,0,2,false,false,false,false,true,false,false,false,false,false,false,false,false,true,false,false,false,false,false,false,false,false,-83.15902,42.38675,"{
  ""coordinates"": [
    -8.315901697742480e+01,
    4.238675126780060e+01
  ],
  ""type"": ""Point""
}","{
  ""coordinates"": [
    -83.159016977,
    42.386751268
  ],
  ""type"": ""Point""
}",-83.159016977,42.3867512680001
2928,1471127,558 ASHLAND,ESSEX,2018-09-08,8,9,2018,22,7,2,9,,,2,,1,1,5,25,2,2,1,5,0,0,0,0,true,false,false,false,false,false,false,false,false,false,false,true,false,false,false,false,false,false,false,false,false,false,-82.93602,42.36823,"{
  ""coordinates"": [
    -8.293601806838031e+01,
    4.236823145213040e+01
  ],
  ""type"": ""Point""
}","{
  ""coordinates"": [
    -82.936018068,
    42.368231452
  ],
  ""type"": ""Point""
}",-82.936018068,42.368231452
2929,1467845,WOODWARD,8 MILE,2018-09-08,8,9,2018,1,7,8,3,,1,0,Asphalt,1,1,4,40,3,2,3,5,0,0,0,0,true,false,false,false,false,false,false,false,false,false,false,false,false,false,false,false,false,false,false,false,false,false,-83.12473,42.44633,"{
  ""coordinates"": [
    -8.312472632294930e+01,
    4.244632988104520e+01
  ],
  ""type"": ""Point""
}","{
  ""coordinates"": [
    -83.124726323,
    42.446329881
  ],
  ""type"": ""Point""
}",-83.1247263229999,42.4463298810001
2930,1467773,CHALMERS,FOREST,2018-09-08,8,9,2018,15,7,9,9,,4,2,Asphalt,1,1,1,30,2,2,0,5,0,0,0,0,true,false,false,false,true,false,false,false,false,false,false,false,false,true,false,false,false,false,false,false,false,false,-82.95805,42.39423,"{
  ""coordinates"": [
    -8.295805156992510e+01,
    4.239422491267140e+01
  ],
  ""type"": ""Point""
}","{
  ""coordinates"": [
    -82.95805157,
    42.394224913
  ],
  ""type"": ""Point""
}",-82.95805157,42.3942249130001
2931,1467754,RAMP 045C,S I 75,2018-09-08,8,9,2018,13,7,1,1,,1,1,Asphalt,1,2,1,45,1,1,1,4,0,0,0,1,false,false,false,false,false,false,false,false,false,false,false,false,false,false,false,false,false,false,false,false,false,false,-83.06437,42.38047,"{
  ""coordinates"": [
    -8.306436973006500e+01,
    4.238046856391460e+01
  ],
  ""type"": ""Point""
}","{
  ""coordinates"": [
    -83.06436973,
    42.380468564
  ],
  ""type"": ""Point""
}",-83.06436973,42.3804685640001
2932,1471125,VERNOR,CHENE,2018-09-08,8,9,2018,12,7,8,9,,4,0,Asphalt,1,1,1,30,4,2,2,5,0,0,0,0,true,false,false,false,false,false,false,false,false,false,false,true,false,false,false,false,false,false,false,false,false,false,-83.03038,42.34984,"{
  ""coordinates"": [
    -8.303038250937740e+01,
    4.234983643225610e+01
  ],
  ""type"": ""Point""
}","{
  ""coordinates"": [
    -83.030382509,
    42.349836432
  ],
  ""type"": ""Point""
}",-83.0303825089999,42.3498364320001
2933,1479091,MACOMB,I 375 SERVICE,2018-09-08,8,9,2018,23,7,8,1,,4,0,Asphalt,1,1,4,25,4,2,1,5,0,0,0,0,true,false,false,false,false,false,false,false,false,false,false,false,false,false,false,false,false,false,false,false,false,false,-83.03968,42.33706,"{
  ""coordinates"": [
    -8.303968202358629e+01,
    4.233705866879830e+01
  ],
  ""type"": ""Point""
}","{
  ""coordinates"": [
    -83.039682024,
    42.337058669
  ],
  ""type"": ""Point""
}",-83.0396820239999,42.337058669
2934,1469976,WARREN,BRUSH,2018-09-08,8,9,2018,19,7,4,9,,4,0,Asphalt,1,1,1,30,2,2,6,4,0,0,0,1,false,false,false,false,false,false,false,false,false,false,false,false,false,false,false,false,false,false,false,false,false,false,-83.06018,42.35872,"{
  ""coordinates"": [
    -8.306017729588980e+01,
    4.235871630023480e+01
  ],
  ""type"": ""Point""
}","{
  ""coordinates"": [
    -83.060177296,
    42.3587163
  ],
  ""type"": ""Point""
}",-83.0601772959999,42.3587163
2935,1470051,WALTHAM,8 MILE,2018-09-08,8,9,2018,15,7,97,3,,,0,,1,2,1,25,2,2,0,4,0,0,0,1,false,false,false,false,true,false,false,false,false,false,false,false,true,false,false,false,false,false,false,false,false,false,-82.99542,42.44906,"{
  ""coordinates"": [
    -8.299542404661230e+01,
    4.244905787479570e+01
  ],
  ""type"": ""Point""
}","{
  ""coordinates"": [
    -82.995424047,
    42.449057875
  ],
  ""type"": ""Point""
}",-82.995424047,42.4490578750001
2936,1467760,LONYO,MCGRAW,2018-09-08,8,9,2018,10,7,1,9,,4,1,Asphalt,1,1,1,35,2,1,0,5,0,0,0,0,true,false,false,false,false,false,false,false,false,false,false,false,false,false,false,false,false,false,false,false,false,false,-83.14629,42.33303,"{
  ""coordinates"": [
    -8.314629366798459e+01,
    4.233302516157990e+01
  ],
  ""type"": ""Point""
}","{
  ""coordinates"": [
    -83.146293668,
    42.333025162
  ],
  ""type"": ""Point""
}",-83.1462936679999,42.3330251620001
2937,1472044,BROADWAY,GRANDRIVER,2018-09-08,8,9,2018,2,7,8,9,,4,0,Asphalt,1,1,4,25,3,2,4,5,0,0,0,0,true,false,false,false,true,false,false,false,false,false,false,false,false,false,false,false,false,false,false,false,false,false,-83.04701,42.33533,"{
  ""coordinates"": [
    -8.304701009828000e+01,
    4.233532831734140e+01
  ],
  ""type"": ""Point""
}","{
  ""coordinates"": [
    -83.047010098,
    42.335328317
  ],
  ""type"": ""Point""
}",-83.047010098,42.3353283170001
2938,1467749,GRAND,GRAND RIVER,2018-09-08,8,9,2018,12,7,4,3,,4,0,Asphalt,1,1,1,25,3,2,3,2,0,1,0,2,false,false,false,false,false,false,false,false,false,false,false,false,false,false,false,false,false,false,false,false,false,false,-83.1095,42.35688,"{
  ""coordinates"": [
    -8.310949418922181e+01,
    4.235688232909840e+01
  ],
  ""type"": ""Point""
}","{
  ""coordinates"": [
    -83.109494189,
    42.356882329
  ],
  ""type"": ""Point""
}",-83.109494189,42.356882329
2939,1467860,CURTIS,WOODINGHAM,2018-09-08,8,9,2018,15,7,5,9,,4,0,Asphalt,1,2,1,25,1,2,5,4,0,0,0,1,false,false,false,false,false,false,false,false,false,false,false,false,false,false,false,false,false,false,false,false,false,false,-83.15037,42.4243,"{
  ""coordinates"": [
    -8.315036778130080e+01,
    4.242429633589030e+01
  ],
  ""type"": ""Point""
}","{
  ""coordinates"": [
    -83.150367781,
    42.424296336
  ],
  ""type"": ""Point""
}",-83.1503677809999,42.4242963360001
2940,1470017,ORANGELAWN,RUTLAND,2018-09-08,8,9,2018,12,7,4,9,,,0,,1,2,1,25,2,2,1,4,0,0,0,1,false,false,true,false,true,false,false,false,false,false,false,false,false,false,false,false,false,false,false,false,false,false,-83.21316,42.36757,"{
  ""coordinates"": [
    -8.321315520715980e+01,
    4.236757206709220e+01
  ],
  ""type"": ""Point""
}","{
  ""coordinates"": [
    -83.213155207,
    42.367572067
  ],
  ""type"": ""Point""
}",-83.2131552069999,42.367572067
2941,1470027,N I 375,LARNED,2018-09-08,8,9,2018,17,7,5,1,,1,0,Asphalt,1,2,1,35,3,2,4,5,0,0,0,0,true,false,false,false,false,false,false,false,false,false,false,false,false,false,true,false,false,false,false,false,false,false,-83.03614,42.33331,"{
  ""coordinates"": [
    -8.303614022437731e+01,
    4.233331248796910e+01
  ],
  ""type"": ""Point""
}","{
  ""coordinates"": [
    -83.036140224,
    42.333312488
  ],
  ""type"": ""Point""
}",-83.036140224,42.333312488