ObjectId,Crash ID,Primary Road,Intersecting Road,Crash Date,Day,Month,Year,Hour,Weekday,Crash Type Code,Highway Classification Code,Community Code,Jurisdiction Code,Lane Departure Type Code,Surface Type,Road Condition,Weather Condition,Lighting Condition,Speed Limit,Lanes,Units,Occupants,Most Severe Injury,Fatal Injuries,Suspected Serious Injuries,Suspected Minor Injuries,Possible Injuries,Property Damage Only,Secondary Crash,Traffic Control,Red Light Run,Hit and Run,Alcohol,Drugs,Unbelted Person,Work Zone,Speeding Driver,Distracted Driver,Driveway,Pedestrian,Elderly Driver,Young Driver,Commercial Vehicle,Emergency Vehicles,Train,School Bus,Motorcycle,Bicycle,Deer,Longitude,Latitude,geom,geog,x,y
2942,1473275,I 94,MOUNT ELLIOTT,2018-09-08,8,9,2018,14,7,8,1,,1,0,Asphalt,1,1,1,55,3,2,4,5,0,0,0,0,true,false,false,false,true,false,false,false,false,false,false,false,false,false,false,false,false,false,false,false,false,false,-83.03325,42.37976,"{
  ""coordinates"": [
    -8.303324556217920e+01,
    4.237976439387860e+01
  ],
  ""type"": ""Point""
}","{
  ""coordinates"": [
    -83.033245562,
    42.379764394
  ],
  ""type"": ""Point""
}",-83.033245562,42.3797643940001
2943,1467757,DIX,STAIR,2018-09-08,8,9,2018,1,7,4,9,,4,0,Asphalt,1,2,4,25,3,2,4,4,0,0,0,1,false,false,false,false,false,false,false,false,false,false,false,false,false,false,false,false,false,false,false,false,false,false,-83.1244,42.31693,"{
  ""coordinates"": [
    -8.312440424111180e+01,
    4.231693275608970e+01
  ],
  ""type"": ""Point""
}","{
  ""coordinates"": [
    -83.124404241,
    42.316932756
  ],
  ""type"": ""Point""
}",-83.124404241,42.316932756
2944,1469900,E/B I 94,WEIR,2018-09-08,8,9,2018,14,7,8,1,,1,0,Asphalt,1,2,1,55,3,2,3,5,0,0,0,0,true,false,false,false,false,false,false,false,false,false,false,false,false,false,false,false,false,false,false,false,false,false,-83.15615,42.32885,"{
  ""coordinates"": [
    -8.315615404391210e+01,
    4.232885346455180e+01
  ],
  ""type"": ""Point""
}","{
  ""coordinates"": [
    -83.156154044,
    42.328853465
  ],
  ""type"": ""Point""
}",-83.1561540439999,42.3288534650001
2945,1472077,WOODWARD,JOHN R,2018-09-08,8,9,2018,18,7,4,9,,4,0,Asphalt,1,1,1,30,4,2,2,5,0,0,0,0,true,false,false,false,false,false,false,false,false,false,false,false,false,false,false,false,false,false,false,false,false,false,-83.04942,42.33495,"{
  ""coordinates"": [
    -8.304942399299640e+01,
    4.233494870943820e+01
  ],
  ""type"": ""Point""
}","{
  ""coordinates"": [
    -83.049423993,
    42.334948709
  ],
  ""type"": ""Point""
}",-83.0494239929999,42.3349487090001
2946,1470054,BALFOUR,GRAYTON,2018-09-08,8,9,2018,3,7,97,9,,,0,,9,1,4,25,1,3,0,5,0,0,0,0,true,false,false,false,true,false,false,false,false,false,false,false,false,false,false,false,false,false,false,false,false,false,-82.94583,42.41882,"{
  ""coordinates"": [
    -8.294583283333380e+01,
    4.241882323879420e+01
  ],
  ""type"": ""Point""
}","{
  ""coordinates"": [
    -82.945832833,
    42.418823239
  ],
  ""type"": ""Point""
}",-82.9458328329999,42.4188232390001
2947,1473380,WYOMING,OUTER,2018-09-08,8,9,2018,14,7,2,9,,4,2,Asphalt,1,1,1,35,2,2,4,5,0,0,0,0,true,false,false,false,false,false,false,false,false,false,false,false,false,false,false,false,false,false,false,false,false,false,-83.16111,42.4349,"{
  ""coordinates"": [
    -8.316110746906560e+01,
    4.243489699288590e+01
  ],
  ""type"": ""Point""
}","{
  ""coordinates"": [
    -83.161107469,
    42.434896993
  ],
  ""type"": ""Point""
}",-83.1611074689999,42.4348969930001
2948,1467781,ST.AUBIN,ERSKINE,2018-09-08,8,9,2018,13,7,5,9,,4,0,Asphalt,1,1,1,25,2,2,2,4,0,0,0,1,false,false,false,false,false,false,false,false,false,false,false,false,false,false,false,false,true,false,false,false,false,false,-83.03661,42.35273,"{
  ""coordinates"": [
    -8.303661492352450e+01,
    4.235272527890780e+01
  ],
  ""type"": ""Point""
}","{
  ""coordinates"": [
    -83.036614924,
    42.352725279
  ],
  ""type"": ""Point""
}",-83.0366149239999,42.352725279
2949,1494872,19371 GREENFIELD,VASSAR,2018-09-08,8,9,2018,12,7,97,9,,2,0,Asphalt,1,1,1,35,2,2,1,5,0,0,0,0,true,false,false,false,false,false,false,false,false,false,false,false,false,false,false,false,false,false,false,false,false,false,-83.20003,42.43407,"{
  ""coordinates"": [
    -8.320002941833860e+01,
    4.243407245065310e+01
  ],
  ""type"": ""Point""
}","{
  ""coordinates"": [
    -83.200029418,
    42.434072451
  ],
  ""type"": ""Point""
}",-83.200029418,42.4340724510001
2950,1467770,MOROSS,CHANDLER PARK,2018-09-08,8,9,2018,6,7,4,9,,2,0,Asphalt,1,2,2,35,2,2,3,5,0,0,0,0,true,false,true,true,false,false,false,false,false,false,false,false,false,false,false,false,false,false,false,false,false,false,-82.91504,42.41901,"{
  ""coordinates"": [
    -8.291503528082779e+01,
    4.241900749350420e+01
  ],
  ""type"": ""Point""
}","{
  ""coordinates"": [
    -82.915035281,
    42.419007494
  ],
  ""type"": ""Point""
}",-82.915035281,42.419007494
2951,1479092,WOODWARD,JOHN R,2018-09-08,8,9,2018,19,7,4,9,,4,0,Asphalt,1,1,3,30,5,2,3,5,0,0,0,0,true,false,false,false,false,false,false,false,false,false,false,false,false,false,false,false,false,false,false,false,false,false,-83.04942,42.33495,"{
  ""coordinates"": [
    -8.304942399299640e+01,
    4.233494870943820e+01
  ],
  ""type"": ""Point""
}","{
  ""coordinates"": [
    -83.049423993,
    42.334948709
  ],
  ""type"": ""Point""
}",-83.0494239929999,42.3349487090001
2952,1467768,CONGRESS,WOODWARD,2018-09-08,8,9,2018,1,7,8,9,,4,0,Asphalt,1,1,4,35,4,2,1,5,0,0,0,0,true,false,false,false,false,false,false,false,false,false,true,false,false,true,false,false,false,false,false,false,false,false,-83.04573,42.33024,"{
  ""coordinates"": [
    -8.304573328504880e+01,
    4.233024091922790e+01
  ],
  ""type"": ""Point""
}","{
  ""coordinates"": [
    -83.045733285,
    42.330240919
  ],
  ""type"": ""Point""
}",-83.045733285,42.3302409190001
2953,1569177,GRINNELL,RAYMOND,2018-09-08,8,9,2018,2,7,1,9,,4,1,Asphalt,1,1,4,30,2,1,1,4,0,0,0,1,false,false,false,false,false,false,false,false,false,false,false,false,false,false,false,false,false,false,false,false,false,false,-83.00914,42.40121,"{
  ""coordinates"": [
    -8.300914234807250e+01,
    4.240121008094460e+01
  ],
  ""type"": ""Point""
}","{
  ""coordinates"": [
    -83.009142348,
    42.401210081
  ],
  ""type"": ""Point""
}",-83.009142348,42.401210081
2954,1470072,IRONWOOD,PACIFIC,2018-09-08,8,9,2018,8,7,98,9,,,0,,1,1,4,15,3,2,0,5,0,0,0,0,true,false,false,false,true,false,false,false,false,false,false,false,false,false,false,false,false,false,false,false,false,false,-83.12364,42.35566,"{
  ""coordinates"": [
    -8.312363858651899e+01,
    4.235565671824740e+01
  ],
  ""type"": ""Point""
}","{
  ""coordinates"": [
    -83.123638587,
    42.355656718
  ],
  ""type"": ""Point""
}",-83.123638587,42.355656718
2955,1536985,OUTER,BEDFORD,2018-09-08,8,9,2018,15,7,4,9,,2,0,Asphalt,1,2,1,35,2,2,2,5,0,0,0,0,true,false,false,false,false,false,false,false,false,false,false,false,false,true,false,false,false,false,false,false,false,false,-82.94446,42.40673,"{
  ""coordinates"": [
    -8.294445990926700e+01,
    4.240672798020750e+01
  ],
  ""type"": ""Point""
}","{
  ""coordinates"": [
    -82.944459909,
    42.40672798
  ],
  ""type"": ""Point""
}",-82.944459909,42.40672798
2956,1469963,EVERGREEN,SANTA MARIA,2018-09-08,8,9,2018,20,7,1,9,,4,0,Asphalt,1,2,3,,2,2,1,4,0,0,0,1,false,false,false,false,true,false,false,false,false,false,false,false,false,false,false,false,false,false,false,false,true,false,-83.2383,42.41742,"{
  ""coordinates"": [
    -8.323830504092430e+01,
    4.241742414737510e+01
  ],
  ""type"": ""Point""
}","{
  ""coordinates"": [
    -83.238305041,
    42.417424147
  ],
  ""type"": ""Point""
}",-83.238305041,42.4174241470001
2957,1467780,WATSON,RUSSELL,2018-09-08,8,9,2018,11,7,8,9,,,0,,1,1,1,25,2,2,1,5,0,0,0,0,true,false,false,false,true,false,false,false,false,false,false,false,false,false,false,false,false,false,false,false,false,false,-83.04279,42.34983,"{
  ""coordinates"": [
    -8.304279131547941e+01,
    4.234983624355990e+01
  ],
  ""type"": ""Point""
}","{
  ""coordinates"": [
    -83.042791315,
    42.349836244
  ],
  ""type"": ""Point""
}",-83.042791315,42.3498362440001
2958,1467861,WASHBURN,7 MILE,2018-09-08,8,9,2018,15,7,97,9,,,0,,1,1,1,25,1,2,2,5,0,0,0,0,true,false,false,false,false,false,false,false,false,false,false,true,false,false,false,false,false,false,false,false,false,false,-83.16201,42.43052,"{
  ""coordinates"": [
    -8.316200823807679e+01,
    4.243051529104110e+01
  ],
  ""type"": ""Point""
}","{
  ""coordinates"": [
    -83.162008238,
    42.430515291
  ],
  ""type"": ""Point""
}",-83.1620082379999,42.4305152910001
2959,1470041,7 MILE,ASBURY,2018-09-08,8,9,2018,22,7,3,9,,2,0,Asphalt,2,2,5,35,4,2,1,4,0,0,0,1,false,true,false,false,true,false,false,false,false,true,false,false,false,false,false,false,false,false,false,false,false,false,-83.20977,42.43027,"{
  ""coordinates"": [
    -8.320976876620330e+01,
    4.243027171941330e+01
  ],
  ""type"": ""Point""
}","{
  ""coordinates"": [
    -83.209768766,
    42.430271719
  ],
  ""type"": ""Point""
}",-83.209768766,42.4302717190001
2960,1470052,KING RICHARD,WHITTIER,2018-09-08,8,9,2018,17,7,8,9,,,0,,1,2,1,25,2,2,1,5,0,0,0,0,true,false,false,false,true,false,false,false,false,false,false,false,false,false,false,false,false,false,false,false,false,false,-82.94521,42.41346,"{
  ""coordinates"": [
    -8.294521573228680e+01,
    4.241346126985690e+01
  ],
  ""type"": ""Point""
}","{
  ""coordinates"": [
    -82.945215732,
    42.41346127
  ],
  ""type"": ""Point""
}",-82.945215732,42.41346127
2961,1479078,S M 10,RAMP 215G,2018-09-08,8,9,2018,8,7,8,3,,1,0,Concrete,1,2,4,55,4,2,4,5,0,0,0,0,true,false,false,false,false,false,false,false,false,false,false,false,false,false,false,false,false,false,false,false,false,false,-83.07864,42.36238,"{
  ""coordinates"": [
    -8.307864553197250e+01,
    4.236238300123070e+01
  ],
  ""type"": ""Point""
}","{
  ""coordinates"": [
    -83.078645532,
    42.362383001
  ],
  ""type"": ""Point""
}",-83.0786455319999,42.3623830010001
2962,1475328,M10,8 MILE,2018-09-08,8,9,2018,7,7,1,3,,1,1,Concrete,1,1,2,55,3,1,2,3,0,0,1,0,false,false,false,false,false,false,false,false,false,false,false,false,false,false,false,false,false,false,false,false,false,false,-83.20055,42.44264,"{
  ""coordinates"": [
    -8.320054780735840e+01,
    4.244263788784370e+01
  ],
  ""type"": ""Point""
}","{
  ""coordinates"": [
    -83.200547807,
    42.442637888
  ],
  ""type"": ""Point""
}",-83.200547807,42.442637888
2963,1469908,I 94,CADIEUX,2018-09-08,8,9,2018,15,7,8,1,,1,0,Asphalt,1,2,1,55,3,2,1,4,0,0,0,1,false,false,false,false,true,false,false,false,false,false,false,false,false,false,false,false,false,false,false,false,false,false,-82.94012,42.4154,"{
  ""coordinates"": [
    -8.294012782290710e+01,
    4.241539867686010e+01
  ],
  ""type"": ""Point""
}","{
  ""coordinates"": [
    -82.940127823,
    42.415398677
  ],
  ""type"": ""Point""
}",-82.940127823,42.415398677
2964,1473391,7 MILE,SORRENTO,2018-09-08,8,9,2018,14,7,8,9,,2,0,Asphalt,1,1,1,35,2,2,2,5,0,0,0,0,true,false,false,false,false,false,false,false,false,false,false,false,false,false,false,false,false,false,false,false,false,false,-83.17419,42.43119,"{
  ""coordinates"": [
    -8.317418910905820e+01,
    4.243119064297390e+01
  ],
  ""type"": ""Point""
}","{
  ""coordinates"": [
    -83.174189109,
    42.431190643
  ],
  ""type"": ""Point""
}",-83.1741891089999,42.431190643
2965,1276329,JEFFERSON,BEAUBIEN,2018-01-18,18,1,2018,11,5,3,4,,1,0,Asphalt,1,1,1,35,3,2,3,5,0,0,0,0,true,false,false,false,false,false,false,false,false,false,false,false,false,false,false,false,false,false,false,false,false,false,-83.03999,42.33081,"{
  ""coordinates"": [
    -8.303998409111860e+01,
    4.233080867437730e+01
  ],
  ""type"": ""Point""
}","{
  ""coordinates"": [
    -83.039984091,
    42.330808674
  ],
  ""type"": ""Point""
}",-83.039984091,42.330808674
2966,1277255,N I 75,RAMP 216B,2018-01-18,18,1,2018,20,5,97,1,,1,0,Asphalt,1,1,5,55,3,3,4,5,0,0,0,0,true,false,false,false,false,false,false,false,false,false,false,false,false,false,false,false,false,false,false,false,false,false,-83.05741,42.36743,"{
  ""coordinates"": [
    -8.305741363690569e+01,
    4.236743229349670e+01
  ],
  ""type"": ""Point""
}","{
  ""coordinates"": [
    -83.057413637,
    42.367432293
  ],
  ""type"": ""Point""
}",-83.057413637,42.367432293
2967,1272443,GREENFIELD,PEMBROKE,2018-01-18,18,1,2018,13,5,5,9,,2,0,Asphalt,2,1,1,35,4,2,2,5,0,0,0,0,true,false,false,false,false,false,false,false,false,false,false,false,false,false,false,false,false,false,false,false,false,false,-83.20017,42.43755,"{
  ""coordinates"": [
    -8.320017456621960e+01,
    4.243754901624430e+01
  ],
  ""type"": ""Point""
}","{
  ""coordinates"": [
    -83.200174566,
    42.437549016
  ],
  ""type"": ""Point""
}",-83.200174566,42.437549016
2968,1272440,TELEGRAPH,GRAND RIVER,2018-01-18,18,1,2018,7,5,5,2,,1,0,Asphalt,3,1,1,45,4,2,2,4,0,0,0,1,false,false,false,false,false,false,false,false,false,false,false,false,false,false,false,false,false,false,false,false,false,false,-83.27737,42.42418,"{
  ""coordinates"": [
    -8.327736373750800e+01,
    4.242417732583000e+01
  ],
  ""type"": ""Point""
}","{
  ""coordinates"": [
    -83.277363738,
    42.424177326
  ],
  ""type"": ""Point""
}",-83.277363738,42.4241773260001
2969,1274055,16716ASBURYPARK,SANTAMARIA,2018-01-18,18,1,2018,1,5,8,9,,4,3,Asphalt,3,1,4,25,1,2,1,5,0,0,0,0,true,false,false,false,true,false,false,false,false,false,true,false,false,false,false,false,false,false,false,false,false,false,-83.20908,42.41779,"{
  ""coordinates"": [
    -8.320908604311551e+01,
    4.241778977146670e+01
  ],
  ""type"": ""Point""
}","{
  ""coordinates"": [
    -83.209086043,
    42.417789771
  ],
  ""type"": ""Point""
}",-83.209086043,42.4177897710001
2970,1272401,JOHN R,E I 94,2018-01-18,18,1,2018,18,5,8,9,,4,0,Concrete,1,2,4,30,3,2,5,5,0,0,0,0,true,false,false,false,false,false,false,false,false,false,false,false,false,false,false,false,false,false,false,false,false,false,-83.06682,42.36468,"{
  ""coordinates"": [
    -8.306682040923241e+01,
    4.236467586215220e+01
  ],
  ""type"": ""Point""
}","{
  ""coordinates"": [
    -83.066820409,
    42.364675862
  ],
  ""type"": ""Point""
}",-83.0668204089999,42.3646758620001
2971,1272442,MCNICHOLS,GILCHRIST,2018-01-18,18,1,2018,12,5,5,9,,2,0,Asphalt,2,1,1,35,4,2,3,4,0,0,0,1,false,false,false,false,false,false,false,false,false,false,false,false,false,false,false,false,false,false,false,false,false,false,-83.21237,42.41569,"{
  ""coordinates"": [
    -8.321236811994730e+01,
    4.241569165632980e+01
  ],
  ""type"": ""Point""
}","{
  ""coordinates"": [
    -83.21236812,
    42.415691656
  ],
  ""type"": ""Point""
}",-83.21236812,42.415691656
2972,1274086,MCNICHOLS,GREENLAWN,2018-01-18,18,1,2018,23,5,5,9,,4,0,Asphalt,1,1,4,30,4,2,2,5,0,0,0,0,true,false,false,false,false,false,false,false,false,true,false,false,false,false,false,false,false,false,false,false,false,false,-83.15117,42.4171,"{
  ""coordinates"": [
    -8.315116601378590e+01,
    4.241709828452980e+01
  ],
  ""type"": ""Point""
}","{
  ""coordinates"": [
    -83.151166014,
    42.417098285
  ],
  ""type"": ""Point""
}",-83.151166014,42.4170982850001
2973,1274077,VASSAR,MARK TWAIN,2018-01-18,18,1,2018,8,5,97,9,,4,0,Asphalt,3,1,1,35,2,4,2,3,0,0,1,1,false,false,false,false,true,false,false,false,false,false,false,false,false,false,false,false,false,false,false,false,false,false,-83.18832,42.43447,"{
  ""coordinates"": [
    -8.318831413167381e+01,
    4.243447245628790e+01
  ],
  ""type"": ""Point""
}","{
  ""coordinates"": [
    -83.188314132,
    42.434472456
  ],
  ""type"": ""Point""
}",-83.188314132,42.434472456
2974,1276303,E/B I-94,MORANG,2018-01-18,18,1,2018,15,5,1,1,,1,1,Asphalt,1,2,1,55,3,1,1,4,0,0,0,1,false,false,false,false,false,false,false,false,false,false,false,false,false,true,false,false,false,false,false,false,false,false,-82.93374,42.41906,"{
  ""coordinates"": [
    -8.293374148492300e+01,
    4.241906508271070e+01
  ],
  ""type"": ""Point""
}","{
  ""coordinates"": [
    -82.933741485,
    42.419065083
  ],
  ""type"": ""Point""
}",-82.933741485,42.4190650830001
2975,1273987,SCHOOLCRAFT,ILENE,2018-01-18,18,1,2018,1,5,97,9,,4,0,Asphalt,4,2,5,30,2,2,1,4,0,0,0,1,false,false,false,false,true,false,true,false,false,false,false,true,true,false,false,false,false,false,false,false,false,false,-83.1615,42.38844,"{
  ""coordinates"": [
    -8.316150213002200e+01,
    4.238843863884030e+01
  ],
  ""type"": ""Point""
}","{
  ""coordinates"": [
    -83.16150213,
    42.388438639
  ],
  ""type"": ""Point""
}",-83.16150213,42.3884386390001
2976,1276330,TRUMBULL,FORT,2018-01-18,18,1,2018,13,5,5,3,,4,0,Asphalt,1,1,1,35,3,2,2,5,0,0,0,0,true,false,false,false,false,false,false,false,false,false,false,false,false,false,false,false,false,false,false,false,false,false,-83.06174,42.32468,"{
  ""coordinates"": [
    -8.306174770956829e+01,
    4.232468564038120e+01
  ],
  ""type"": ""Point""
}","{
  ""coordinates"": [
    -83.06174771,
    42.32468564
  ],
  ""type"": ""Point""
}",-83.06174771,42.32468564
2977,1274006,WARREN,SAINT ANTOINE,2018-01-18,18,1,2018,12,5,4,9,,4,0,Asphalt,3,1,1,25,4,2,5,3,0,0,1,2,false,false,false,false,false,false,false,false,true,false,false,false,false,false,false,false,false,false,false,false,false,false,-83.05724,42.35974,"{
  ""coordinates"": [
    -8.305724427574290e+01,
    4.235973871926870e+01
  ],
  ""type"": ""Point""
}","{
  ""coordinates"": [
    -83.057244276,
    42.359738719
  ],
  ""type"": ""Point""
}",-83.0572442759999,42.3597387190001
2978,1274018,WEIR,MICHIGAN,2018-01-18,18,1,2018,16,5,5,2,,4,0,Asphalt,1,1,2,25,2,2,1,5,0,0,0,0,true,false,false,false,true,false,false,false,false,false,false,true,false,false,false,false,false,false,false,false,false,false,-83.15348,42.32872,"{
  ""coordinates"": [
    -8.315348234262190e+01,
    4.232872258056020e+01
  ],
  ""type"": ""Point""
}","{
  ""coordinates"": [
    -83.153482343,
    42.328722581
  ],
  ""type"": ""Point""
}",-83.153482343,42.3287225810001
2979,1276331,JEFFERSON,SAINT ANTOINE,2018-01-18,18,1,2018,16,5,97,9,,4,0,Asphalt,1,1,1,30,3,1,2,5,0,0,0,0,true,false,false,false,false,false,false,false,false,false,false,false,false,false,false,false,false,false,false,false,false,false,-83.0383,42.33154,"{
  ""coordinates"": [
    -8.303830072922230e+01,
    4.233154092203960e+01
  ],
  ""type"": ""Point""
}","{
  ""coordinates"": [
    -83.038300729,
    42.331540922
  ],
  ""type"": ""Point""
}",-83.038300729,42.331540922
2980,1274023,N I 375 SERVICE DRIVE,LARNED,2018-01-18,18,1,2018,20,5,5,1,,4,0,Asphalt,2,1,4,,2,2,2,5,0,0,0,0,true,false,false,false,true,false,false,false,false,false,false,false,false,false,false,false,false,false,false,false,false,false,-83.03584,42.33348,"{
  ""coordinates"": [
    -8.303584357303230e+01,
    4.233348427891140e+01
  ],
  ""type"": ""Point""
}","{
  ""coordinates"": [
    -83.035843573,
    42.333484279
  ],
  ""type"": ""Point""
}",-83.035843573,42.3334842790001
2981,1272468,CARPENTER,KLINGER,2018-01-18,18,1,2018,12,5,5,9,,4,0,Asphalt,1,1,1,35,4,2,2,5,0,0,0,0,true,false,false,false,false,false,false,false,false,false,false,false,false,false,false,false,false,false,false,false,false,false,-83.05889,42.40831,"{
  ""coordinates"": [
    -8.305889173242400e+01,
    4.240831168523880e+01
  ],
  ""type"": ""Point""
}","{
  ""coordinates"": [
    -83.058891732,
    42.408311685
  ],
  ""type"": ""Point""
}",-83.0588917319999,42.4083116850001
2982,1276296,RAMP 037C,S I 75,2018-01-18,18,1,2018,9,5,5,1,,1,0,Concrete,1,1,1,55,1,3,6,3,0,0,2,0,false,false,false,false,false,false,false,false,false,false,false,false,false,false,false,false,false,false,false,false,false,false,-83.08403,42.33209,"{
  ""coordinates"": [
    -8.308403291260031e+01,
    4.233209274920500e+01
  ],
  ""type"": ""Point""
}","{
  ""coordinates"": [
    -83.084032913,
    42.332092749
  ],
  ""type"": ""Point""
}",-83.084032913,42.332092749
2983,1272439,FIELDING,MIDLAND,2018-01-18,18,1,2018,23,5,4,9,,,0,,4,1,4,25,4,2,3,5,0,0,0,0,true,false,false,false,false,false,false,false,false,false,false,false,false,false,false,false,false,false,false,false,false,false,-83.24276,42.40419,"{
  ""coordinates"": [
    -8.324275655272260e+01,
    4.240419424350530e+01
  ],
  ""type"": ""Point""
}","{
  ""coordinates"": [
    -83.242756553,
    42.404194244
  ],
  ""type"": ""Point""
}",-83.2427565529999,42.4041942440001
2984,1272469,CONANT,OUTER,2018-01-18,18,1,2018,15,5,4,9,,4,0,Asphalt,1,1,1,35,4,2,6,5,0,0,0,0,true,false,false,false,true,false,false,false,false,false,false,false,false,false,false,true,false,false,false,false,false,false,-83.07909,42.44045,"{
  ""coordinates"": [
    -8.307908783619590e+01,
    4.244045089528380e+01
  ],
  ""type"": ""Point""
}","{
  ""coordinates"": [
    -83.079087836,
    42.440450895
  ],
  ""type"": ""Point""
}",-83.079087836,42.440450895
2985,1274080,PICKFORD,LIVERNOIS,2018-01-18,18,1,2018,14,5,4,9,,,0,,1,1,1,30,4,2,1,5,0,0,0,0,true,false,false,false,true,false,false,false,false,false,false,false,false,false,false,false,false,false,false,false,false,false,-83.14114,42.42622,"{
  ""coordinates"": [
    -8.314113910916571e+01,
    4.242622319411770e+01
  ],
  ""type"": ""Point""
}","{
  ""coordinates"": [
    -83.141139109,
    42.426223194
  ],
  ""type"": ""Point""
}",-83.1411391089999,42.426223194
2986,1273996,GRAND,E I 96,2018-01-18,18,1,2018,15,5,4,1,,4,0,Concrete,1,1,1,30,2,2,1,5,0,0,0,0,true,false,false,false,true,false,false,false,false,false,false,false,false,false,false,false,false,false,false,false,false,false,-83.1104,42.35574,"{
  ""coordinates"": [
    -8.311040572751990e+01,
    4.235574204608530e+01
  ],
  ""type"": ""Point""
}","{
  ""coordinates"": [
    -83.110405728,
    42.355742046
  ],
  ""type"": ""Point""
}",-83.110405728,42.355742046
2987,1274069,S I 75 SERVICE DRIVE,MCNICHOLS,2018-01-18,18,1,2018,8,5,5,1,,4,0,Asphalt,1,1,1,,3,2,2,5,0,0,0,0,true,false,false,false,false,false,false,false,false,false,false,false,false,false,false,false,false,false,false,false,false,false,-83.08858,42.41821,"{
  ""coordinates"": [
    -8.308857793584990e+01,
    4.241820668346410e+01
  ],
  ""type"": ""Point""
}","{
  ""coordinates"": [
    -83.088577936,
    42.418206683
  ],
  ""type"": ""Point""
}",-83.088577936,42.4182066830001
2988,1277306,3850 YORKSHIRE,ROSEWOOD,2018-01-18,18,1,2018,12,5,8,9,,,0,,1,1,1,25,2,2,0,5,0,0,0,0,true,false,false,false,true,false,false,false,false,false,false,false,false,false,false,false,false,false,false,false,false,false,-82.93001,42.39826,"{
  ""coordinates"": [
    -8.293000896274199e+01,
    4.239826384205310e+01
  ],
  ""type"": ""Point""
}","{
  ""coordinates"": [
    -82.930008963,
    42.398263842
  ],
  ""type"": ""Point""
}",-82.930008963,42.3982638420001
2989,1275403,CASS,GRAND,2018-01-18,18,1,2018,11,5,8,9,,4,0,Asphalt,1,1,1,25,2,2,2,5,0,0,0,0,true,false,false,false,false,false,false,false,false,false,false,false,false,false,false,true,false,false,false,false,false,false,-83.07485,42.36976,"{
  ""coordinates"": [
    -8.307485383263260e+01,
    4.236975756843330e+01
  ],
  ""type"": ""Point""
}","{
  ""coordinates"": [
    -83.074853833,
    42.369757568
  ],
  ""type"": ""Point""
}",-83.074853833,42.3697575680001
2990,1272467,DEQUINDRE,7 MILE,2018-01-18,18,1,2018,18,5,4,9,,4,0,Asphalt,4,5,4,35,4,2,2,5,0,0,0,0,true,false,true,true,true,false,false,false,false,false,false,false,false,false,false,false,false,false,false,false,false,false,-83.08289,42.4329,"{
  ""coordinates"": [
    -8.308289443428980e+01,
    4.243290145699290e+01
  ],
  ""type"": ""Point""
}","{
  ""coordinates"": [
    -83.082894434,
    42.432901457
  ],
  ""type"": ""Point""
}",-83.082894434,42.4329014570001
2991,1276311,N/B I 75,LIVERNOIS,2018-01-18,18,1,2018,7,5,5,1,,1,0,Concrete,1,2,2,50,3,5,5,4,0,0,0,3,false,false,false,false,false,false,false,false,true,false,false,false,false,false,false,false,false,false,false,false,false,false,-83.10745,42.30602,"{
  ""coordinates"": [
    -8.310745202732021e+01,
    4.230601788798470e+01
  ],
  ""type"": ""Point""
}","{
  ""coordinates"": [
    -83.107452027,
    42.306017888
  ],
  ""type"": ""Point""
}",-83.107452027,42.306017888
2992,1275333,I-96,M-39,2018-01-18,18,1,2018,8,5,8,1,,1,0,Concrete,1,1,1,55,3,2,2,4,0,0,0,1,false,false,false,false,false,false,false,false,false,false,false,false,false,false,false,false,false,false,false,false,false,false,-83.22681,42.37787,"{
  ""coordinates"": [
    -8.322680660452041e+01,
    4.237786727790060e+01
  ],
  ""type"": ""Point""
}","{
  ""coordinates"": [
    -83.226806605,
    42.377867278
  ],
  ""type"": ""Point""
}",-83.226806605,42.3778672780001
2993,1276371,I75,MCNICHOLS,2018-01-18,18,1,2018,8,5,5,1,,1,0,Asphalt,97,1,1,15,1,2,2,5,0,0,0,0,true,false,false,false,false,false,false,false,false,false,false,false,false,false,false,false,false,false,false,false,false,false,-83.0881,42.41761,"{
  ""coordinates"": [
    -8.308809355022809e+01,
    4.241760829864380e+01
  ],
  ""type"": ""Point""
}","{
  ""coordinates"": [
    -83.08809355,
    42.417608299
  ],
  ""type"": ""Point""
}",-83.0880935499999,42.4176082990001
2994,1272426,FERRY,N I 75,2018-01-18,18,1,2018,20,5,5,9,,4,0,Concrete,1,1,4,30,2,2,1,5,0,0,0,0,true,false,false,false,true,false,false,false,false,false,false,false,false,false,false,false,false,false,false,false,false,false,-83.05645,42.36518,"{
  ""coordinates"": [
    -8.305644957397701e+01,
    4.236518113822810e+01
  ],
  ""type"": ""Point""
}","{
  ""coordinates"": [
    -83.056449574,
    42.365181138
  ],
  ""type"": ""Point""
}",-83.0564495739999,42.365181138
2995,1274019,WATERMAN,VERNOR,2018-01-18,18,1,2018,19,5,5,9,,4,0,Asphalt,3,1,4,30,2,2,2,3,0,0,1,0,false,false,false,false,false,false,false,false,false,false,true,false,false,false,false,false,false,false,false,false,false,false,-83.11623,42.31533,"{
  ""coordinates"": [
    -8.311622491552720e+01,
    4.231532866262690e+01
  ],
  ""type"": ""Point""
}","{
  ""coordinates"": [
    -83.116224916,
    42.315328663
  ],
  ""type"": ""Point""
}",-83.116224916,42.3153286630001
2996,1276297,I-75,MCNICHOLS,2018-01-18,18,1,2018,10,5,5,1,,1,0,Asphalt,1,1,1,70,4,3,3,5,0,0,0,0,true,false,false,false,false,false,false,false,false,false,false,false,false,false,false,false,false,false,false,false,false,false,-83.08908,42.41946,"{
  ""coordinates"": [
    -8.308907830613020e+01,
    4.241945858843640e+01
  ],
  ""type"": ""Point""
}","{
  ""coordinates"": [
    -83.089078306,
    42.419458588
  ],
  ""type"": ""Point""
}",-83.089078306,42.4194585880001