ObjectId,Crash ID,Primary Road,Intersecting Road,Crash Date,Day,Month,Year,Hour,Weekday,Crash Type Code,Highway Classification Code,Community Code,Jurisdiction Code,Lane Departure Type Code,Surface Type,Road Condition,Weather Condition,Lighting Condition,Speed Limit,Lanes,Units,Occupants,Most Severe Injury,Fatal Injuries,Suspected Serious Injuries,Suspected Minor Injuries,Possible Injuries,Property Damage Only,Secondary Crash,Traffic Control,Red Light Run,Hit and Run,Alcohol,Drugs,Unbelted Person,Work Zone,Speeding Driver,Distracted Driver,Driveway,Pedestrian,Elderly Driver,Young Driver,Commercial Vehicle,Emergency Vehicles,Train,School Bus,Motorcycle,Bicycle,Deer,Longitude,Latitude,geom,geog,x,y
2997,1277307,MCNICHOLS,GRATIOT,2018-01-18,18,1,2018,17,5,5,3,,4,0,Asphalt,2,1,1,30,8,2,2,5,0,0,0,0,true,false,false,false,false,false,false,false,false,false,false,false,false,false,false,false,false,false,false,false,false,false,-82.98318,42.42691,"{
  ""coordinates"": [
    -8.298317787749890e+01,
    4.242690798904850e+01
  ],
  ""type"": ""Point""
}","{
  ""coordinates"": [
    -82.983177877,
    42.426907989
  ],
  ""type"": ""Point""
}",-82.9831778769999,42.426907989
2998,1272437,ARCHDALE,FARGO,2018-01-18,18,1,2018,15,5,8,9,,,0,,3,1,1,25,2,2,1,5,0,0,0,0,true,true,false,false,false,false,false,false,false,false,false,false,false,false,false,false,false,false,false,false,false,false,-83.21713,42.43902,"{
  ""coordinates"": [
    -8.321713047749300e+01,
    4.243901691170360e+01
  ],
  ""type"": ""Point""
}","{
  ""coordinates"": [
    -83.217130477,
    42.439016912
  ],
  ""type"": ""Point""
}",-83.217130477,42.4390169120001
2999,1276313,I-94,WOODWARD,2018-01-18,18,1,2018,14,5,8,1,,1,0,Asphalt,1,1,1,55,3,2,1,5,0,0,0,0,true,false,false,false,true,false,false,false,false,false,false,false,false,false,false,false,false,false,false,false,false,false,-83.06729,42.36455,"{
  ""coordinates"": [
    -8.306728981437470e+01,
    4.236454652394580e+01
  ],
  ""type"": ""Point""
}","{
  ""coordinates"": [
    -83.067289814,
    42.364546524
  ],
  ""type"": ""Point""
}",-83.0672898139999,42.364546524
3000,1272444,TROJAN,BERG,2018-01-18,18,1,2018,16,5,5,9,,,0,,3,1,1,25,2,2,3,5,0,0,0,0,true,false,false,false,false,false,false,false,false,false,false,false,false,false,false,false,false,false,false,false,false,false,-83.2683,42.43945,"{
  ""coordinates"": [
    -8.326830652558461e+01,
    4.243945335930650e+01
  ],
  ""type"": ""Point""
}","{
  ""coordinates"": [
    -83.268306526,
    42.439453359
  ],
  ""type"": ""Point""
}",-83.2683065259999,42.439453359
3001,1272428,VERNOR,MCDOUGALL,2018-01-18,18,1,2018,8,5,4,9,,4,0,Asphalt,2,1,1,30,2,2,2,5,0,0,0,0,true,false,false,false,true,false,false,false,false,false,false,false,false,false,false,false,false,false,false,false,false,false,-83.02563,42.3519,"{
  ""coordinates"": [
    -8.302562823683810e+01,
    4.235190152713920e+01
  ],
  ""type"": ""Point""
}","{
  ""coordinates"": [
    -83.025628237,
    42.351901527
  ],
  ""type"": ""Point""
}",-83.025628237,42.3519015270001
3002,1272436,FRISBEE,BERG,2018-01-18,18,1,2018,10,5,8,9,,,0,,3,1,1,25,2,2,1,5,0,0,0,0,true,false,false,false,true,false,false,false,false,false,false,false,false,false,false,false,false,false,false,false,false,false,-83.26784,42.43527,"{
  ""coordinates"": [
    -8.326784073601810e+01,
    4.243527220169110e+01
  ],
  ""type"": ""Point""
}","{
  ""coordinates"": [
    -83.267840736,
    42.435272202
  ],
  ""type"": ""Point""
}",-83.267840736,42.4352722020001
3003,1276302,W I 94,GRAND,2018-01-18,18,1,2018,14,5,5,1,,1,0,Asphalt,1,1,1,55,3,2,2,5,0,0,0,0,true,false,false,false,true,false,false,false,false,false,false,false,false,true,false,false,false,false,false,false,false,false,-83.1095,42.34696,"{
  ""coordinates"": [
    -8.310950423306690e+01,
    4.234695938931660e+01
  ],
  ""type"": ""Point""
}","{
  ""coordinates"": [
    -83.109504233,
    42.346959389
  ],
  ""type"": ""Point""
}",-83.1095042329999,42.3469593890001
3004,1276301,W/B I-94,BARRETT,2018-01-18,18,1,2018,7,5,5,1,,1,0,Asphalt,1,2,1,55,3,3,6,5,0,0,0,0,true,false,false,false,false,false,false,false,false,false,true,false,false,false,false,false,false,false,false,false,false,false,-82.98377,42.39863,"{
  ""coordinates"": [
    -8.298377017885930e+01,
    4.239863308390860e+01
  ],
  ""type"": ""Point""
}","{
  ""coordinates"": [
    -82.983770179,
    42.398633084
  ],
  ""type"": ""Point""
}",-82.983770179,42.398633084
3005,1274067,OUTER,WEXFORD,2018-01-18,18,1,2018,16,5,4,9,,2,0,Asphalt,4,5,1,35,2,2,3,5,0,0,0,0,true,false,false,false,false,false,false,false,false,false,false,false,false,false,false,false,false,false,false,false,false,false,-83.06555,42.4403,"{
  ""coordinates"": [
    -8.306555057748911e+01,
    4.244030562982610e+01
  ],
  ""type"": ""Point""
}","{
  ""coordinates"": [
    -83.065550577,
    42.44030563
  ],
  ""type"": ""Point""
}",-83.065550577,42.4403056300001
3006,1272394,SCHAEFER,PLYMOUTH,2018-01-18,18,1,2018,9,5,2,9,,4,2,Asphalt,2,2,1,30,3,2,3,5,0,0,0,0,true,false,false,false,false,false,false,false,false,false,false,false,false,false,false,false,false,false,false,false,false,false,-83.17801,42.37344,"{
  ""coordinates"": [
    -8.317800728405810e+01,
    4.237344288262140e+01
  ],
  ""type"": ""Point""
}","{
  ""coordinates"": [
    -83.178007284,
    42.373442883
  ],
  ""type"": ""Point""
}",-83.178007284,42.3734428830001
3007,1272393,CHICAGO,HUBBELL,2018-01-18,18,1,2018,13,5,2,9,,4,0,Asphalt,1,1,1,35,4,2,2,5,0,0,0,0,true,false,false,false,false,false,false,false,false,false,false,false,false,false,false,false,false,false,false,false,false,false,-83.18748,42.36558,"{
  ""coordinates"": [
    -8.318748029818740e+01,
    4.236558261192100e+01
  ],
  ""type"": ""Point""
}","{
  ""coordinates"": [
    -83.187480298,
    42.365582612
  ],
  ""type"": ""Point""
}",-83.187480298,42.365582612
3008,1276309,E/B I 94,CONNER,2018-01-18,18,1,2018,6,5,1,1,,1,1,Asphalt,1,2,4,55,3,1,2,4,0,0,0,2,false,false,false,false,false,false,false,false,false,true,false,false,false,false,false,false,false,false,false,false,false,false,-82.98612,42.39753,"{
  ""coordinates"": [
    -8.298612358196480e+01,
    4.239752523346820e+01
  ],
  ""type"": ""Point""
}","{
  ""coordinates"": [
    -82.986123582,
    42.397525233
  ],
  ""type"": ""Point""
}",-82.9861235819999,42.3975252330001
3009,1273998,SCOTTEN,COBB,2018-01-18,18,1,2018,18,5,5,9,,4,0,Asphalt,1,1,4,25,2,2,0,5,0,0,0,0,true,false,false,false,true,false,false,false,false,false,false,false,false,false,false,false,false,false,false,false,false,false,-83.11221,42.34776,"{
  ""coordinates"": [
    -8.311220370872030e+01,
    4.234776308136470e+01
  ],
  ""type"": ""Point""
}","{
  ""coordinates"": [
    -83.112203709,
    42.347763081
  ],
  ""type"": ""Point""
}",-83.112203709,42.347763081
3010,1277266,I-75,ROSA PARKS,2018-01-18,18,1,2018,18,5,5,1,,1,0,Concrete,1,2,4,55,2,2,2,5,0,0,0,0,true,false,false,false,false,false,false,false,false,false,true,false,false,false,false,false,false,false,false,false,false,false,-83.07145,42.33389,"{
  ""coordinates"": [
    -8.307144962517100e+01,
    4.233389359347060e+01
  ],
  ""type"": ""Point""
}","{
  ""coordinates"": [
    -83.071449625,
    42.333893593
  ],
  ""type"": ""Point""
}",-83.071449625,42.333893593
3011,1272462,DAVISON,LINWOOD,2018-01-18,18,1,2018,18,5,5,3,,1,0,Asphalt,1,1,3,35,6,2,2,5,0,0,0,0,true,false,false,false,true,false,false,false,false,false,false,false,false,false,false,false,false,false,false,false,false,false,-83.12179,42.39311,"{
  ""coordinates"": [
    -8.312179176780189e+01,
    4.239310745791870e+01
  ],
  ""type"": ""Point""
}","{
  ""coordinates"": [
    -83.121791768,
    42.393107458
  ],
  ""type"": ""Point""
}",-83.121791768,42.393107458
3012,1272438,MCNICHOLS,WINSTON,2018-01-18,18,1,2018,16,5,4,9,,2,0,Asphalt,2,1,4,35,4,2,2,5,0,0,0,0,true,false,false,false,false,false,false,false,false,false,false,false,false,true,false,false,false,false,false,false,false,false,-83.28337,42.41435,"{
  ""coordinates"": [
    -8.328337103370970e+01,
    4.241434708056570e+01
  ],
  ""type"": ""Point""
}","{
  ""coordinates"": [
    -83.283371034,
    42.414347081
  ],
  ""type"": ""Point""
}",-83.283371034,42.4143470810001
3013,1272406,JEFFERIES,FORD,2018-01-18,18,1,2018,8,5,8,9,,4,0,Concrete,1,2,1,55,4,2,2,5,0,0,0,0,true,false,false,false,false,false,false,false,false,false,false,false,false,false,false,false,false,false,false,false,false,false,-83.09705,42.34883,"{
  ""coordinates"": [
    -8.309705167768961e+01,
    4.234882563665140e+01
  ],
  ""type"": ""Point""
}","{
  ""coordinates"": [
    -83.097051678,
    42.348825637
  ],
  ""type"": ""Point""
}",-83.097051678,42.3488256370001
3014,1272429,MACK,N I 75,2018-01-18,18,1,2018,12,5,5,9,,4,0,Asphalt,1,1,1,30,3,2,3,5,0,0,0,0,true,false,false,false,false,false,false,false,false,false,false,false,false,false,false,false,true,false,false,false,false,false,-83.04785,42.35121,"{
  ""coordinates"": [
    -8.304785230250110e+01,
    4.235120638014970e+01
  ],
  ""type"": ""Point""
}","{
  ""coordinates"": [
    -83.047852303,
    42.35120638
  ],
  ""type"": ""Point""
}",-83.047852303,42.3512063800001
3015,1274014,LIVERNOIS,LAFAYETTE,2018-01-18,18,1,2018,15,5,97,9,,4,0,Asphalt,1,1,1,25,2,2,4,4,0,0,0,1,false,false,false,false,false,false,false,false,false,false,false,false,false,false,false,true,false,false,false,false,false,false,-83.10492,42.30862,"{
  ""coordinates"": [
    -8.310491786648250e+01,
    4.230862113388170e+01
  ],
  ""type"": ""Point""
}","{
  ""coordinates"": [
    -83.104917866,
    42.308621134
  ],
  ""type"": ""Point""
}",-83.1049178659999,42.3086211340001
3016,1272412,N I 75,DRAGOON,2018-01-18,18,1,2018,7,5,4,1,,1,0,Concrete,2,1,2,35,2,2,1,5,0,0,0,0,true,false,false,false,true,false,false,false,false,false,false,false,false,false,false,false,false,false,false,false,false,false,-83.103,42.30819,"{
  ""coordinates"": [
    -8.310300825971539e+01,
    4.230818739746800e+01
  ],
  ""type"": ""Point""
}","{
  ""coordinates"": [
    -83.10300826,
    42.308187397
  ],
  ""type"": ""Point""
}",-83.10300826,42.308187397
3017,1272395,MEYERS,FOLEY,2018-01-18,18,1,2018,14,5,8,9,,4,0,Asphalt,1,1,1,35,2,2,1,4,0,0,0,1,false,false,false,false,true,false,false,false,false,false,false,false,false,true,false,false,false,false,false,false,false,false,-83.16837,42.37928,"{
  ""coordinates"": [
    -8.316837054582930e+01,
    4.237927846656660e+01
  ],
  ""type"": ""Point""
}","{
  ""coordinates"": [
    -83.168370546,
    42.379278467
  ],
  ""type"": ""Point""
}",-83.1683705459999,42.3792784670001
3018,1280830,I-94,ADDISON,2018-01-18,18,1,2018,14,5,5,1,,1,0,Asphalt,1,1,1,55,3,2,2,5,0,0,0,0,true,false,false,false,true,false,false,false,false,false,false,false,false,false,false,false,false,false,false,false,false,false,-83.15291,42.32975,"{
  ""coordinates"": [
    -8.315290640256811e+01,
    4.232974907791320e+01
  ],
  ""type"": ""Point""
}","{
  ""coordinates"": [
    -83.152906403,
    42.329749078
  ],
  ""type"": ""Point""
}",-83.152906403,42.3297490780001
3019,1272392,GREENFIELD,E I 96 CD,2018-01-18,18,1,2018,10,5,5,1,,2,0,Asphalt,1,1,1,30,4,2,3,4,0,0,0,1,false,false,false,false,false,false,false,false,false,false,false,false,false,false,false,false,false,false,false,false,false,false,-83.19802,42.37877,"{
  ""coordinates"": [
    -8.319802298893140e+01,
    4.237876738872620e+01
  ],
  ""type"": ""Point""
}","{
  ""coordinates"": [
    -83.198022989,
    42.378767389
  ],
  ""type"": ""Point""
}",-83.198022989,42.3787673890001
3020,1321932,WOODWARD,WARREN,2018-01-18,18,1,2018,9,5,5,3,,1,0,Asphalt,1,1,4,35,3,2,5,5,0,0,0,0,true,false,false,false,false,false,false,false,false,false,false,false,false,false,false,false,false,false,false,false,false,false,-83.06439,42.35698,"{
  ""coordinates"": [
    -8.306439459371170e+01,
    4.235697404280970e+01
  ],
  ""type"": ""Point""
}","{
  ""coordinates"": [
    -83.064394594,
    42.356974043
  ],
  ""type"": ""Point""
}",-83.064394594,42.356974043
3021,1279376,ANTIETAM,RIVARD,2018-01-18,18,1,2018,9,5,5,9,,4,0,Asphalt,1,1,1,,2,2,2,5,0,0,0,0,true,false,false,false,false,false,false,false,false,false,false,false,false,false,false,false,false,false,false,false,false,false,-83.03853,42.34022,"{
  ""coordinates"": [
    -8.303852923343190e+01,
    4.234021799475900e+01
  ],
  ""type"": ""Point""
}","{
  ""coordinates"": [
    -83.038529233,
    42.340217995
  ],
  ""type"": ""Point""
}",-83.038529233,42.340217995
3022,1279334,N M 39,FULLERTON,2018-01-18,18,1,2018,13,5,5,3,,1,0,Asphalt,1,2,1,55,3,2,2,5,0,0,0,0,true,false,false,false,false,false,false,false,false,false,false,false,false,false,false,false,false,false,false,false,false,false,-83.21713,42.38056,"{
  ""coordinates"": [
    -8.321712916678560e+01,
    4.238055958786420e+01
  ],
  ""type"": ""Point""
}","{
  ""coordinates"": [
    -83.217129167,
    42.380559588
  ],
  ""type"": ""Point""
}",-83.2171291669999,42.380559588
3023,1275404,WARREN,CASS,2018-01-18,18,1,2018,16,5,8,9,,4,0,Asphalt,1,1,1,30,4,2,2,5,0,0,0,0,true,false,false,false,false,false,false,false,true,false,false,false,false,true,false,false,false,false,false,false,false,false,-83.06499,42.35658,"{
  ""coordinates"": [
    -8.306499064266529e+01,
    4.235657818585170e+01
  ],
  ""type"": ""Point""
}","{
  ""coordinates"": [
    -83.064990643,
    42.356578186
  ],
  ""type"": ""Point""
}",-83.064990643,42.356578186
3024,1274013,LIVERNOIS,LAFAYETTE,2018-01-18,18,1,2018,6,5,4,9,,4,0,Asphalt,1,2,5,25,2,2,2,5,0,0,0,0,true,false,false,false,false,false,false,false,false,false,false,false,false,false,false,false,false,false,false,false,false,false,-83.1049,42.3086,"{
  ""coordinates"": [
    -8.310490247418051e+01,
    4.230859979880220e+01
  ],
  ""type"": ""Point""
}","{
  ""coordinates"": [
    -83.104902474,
    42.308599799
  ],
  ""type"": ""Point""
}",-83.104902474,42.308599799
3025,1274082,GREENFIELD,JAMES COUZENS,2018-01-18,18,1,2018,10,5,3,7,,1,0,Asphalt,1,1,1,35,7,2,1,5,0,0,0,0,true,false,false,false,true,false,false,false,false,false,false,false,false,false,false,false,false,false,false,false,false,false,-83.20038,42.44213,"{
  ""coordinates"": [
    -8.320037647922160e+01,
    4.244212595110490e+01
  ],
  ""type"": ""Point""
}","{
  ""coordinates"": [
    -83.200376479,
    42.442125951
  ],
  ""type"": ""Point""
}",-83.2003764789999,42.442125951
3026,1307140,S I 75,PLEASANT,2018-01-18,18,1,2018,12,5,5,1,,1,0,Concrete,4,1,1,55,3,3,3,4,0,0,0,1,false,false,false,false,false,false,false,false,false,false,false,false,false,true,false,false,false,false,false,false,false,false,-83.1495,42.28202,"{
  ""coordinates"": [
    -8.314950074083070e+01,
    4.228202210933910e+01
  ],
  ""type"": ""Point""
}","{
  ""coordinates"": [
    -83.149500741,
    42.282022109
  ],
  ""type"": ""Point""
}",-83.1495007409999,42.282022109
3027,1283644,WARREN,ANTHONY WAYNE,2018-01-18,18,1,2018,7,5,8,9,,4,0,Asphalt,1,1,1,30,4,2,2,5,0,0,0,0,true,false,false,false,false,false,false,false,true,false,false,false,false,false,false,true,false,false,false,false,false,false,-83.07011,42.355,"{
  ""coordinates"": [
    -8.307011095921369e+01,
    4.235499911394150e+01
  ],
  ""type"": ""Point""
}","{
  ""coordinates"": [
    -83.070110959,
    42.354999114
  ],
  ""type"": ""Point""
}",-83.070110959,42.3549991140001
3028,1304305,S M 10,WYOMING,2018-01-18,18,1,2018,12,5,1,3,,1,1,Concrete,4,5,4,55,3,1,2,5,0,0,0,0,true,false,false,false,false,false,false,false,false,false,false,false,false,false,false,false,false,false,false,false,false,false,-83.16014,42.40528,"{
  ""coordinates"": [
    -8.316014409586460e+01,
    4.240528218752540e+01
  ],
  ""type"": ""Point""
}","{
  ""coordinates"": [
    -83.160144096,
    42.405282188
  ],
  ""type"": ""Point""
}",-83.160144096,42.4052821880001
3029,1274029,N I 375 SERVICE DRIVE,LARNED,2018-01-18,18,1,2018,10,5,9,1,,4,2,Asphalt,1,1,1,25,2,2,2,5,0,0,0,0,true,false,false,false,false,false,false,false,false,false,false,false,false,false,false,false,false,false,false,false,false,false,-83.03583,42.33346,"{
  ""coordinates"": [
    -8.303582906697341e+01,
    4.233346083319930e+01
  ],
  ""type"": ""Point""
}","{
  ""coordinates"": [
    -83.035829067,
    42.333460833
  ],
  ""type"": ""Point""
}",-83.035829067,42.3334608330001
3030,1277268,I-94,CHENE,2018-01-18,18,1,2018,19,5,5,1,,1,0,Concrete,1,1,4,55,3,3,5,5,0,0,0,0,true,false,false,false,false,false,false,false,false,false,false,false,false,false,false,false,false,false,false,false,false,false,-83.04771,42.37383,"{
  ""coordinates"": [
    -8.304770415923301e+01,
    4.237382337247190e+01
  ],
  ""type"": ""Point""
}","{
  ""coordinates"": [
    -83.047704159,
    42.373823372
  ],
  ""type"": ""Point""
}",-83.047704159,42.3738233720001
3031,1309635,E I 96,HUBBELL,2018-01-18,18,1,2018,15,5,8,1,,1,0,Concrete,1,1,4,70,4,2,2,5,0,0,0,0,true,false,false,false,false,false,false,false,false,false,false,false,false,false,false,false,false,false,false,false,false,false,-83.18667,42.381,"{
  ""coordinates"": [
    -8.318667070407911e+01,
    4.238099749024610e+01
  ],
  ""type"": ""Point""
}","{
  ""coordinates"": [
    -83.186670704,
    42.38099749
  ],
  ""type"": ""Point""
}",-83.1866707039999,42.38099749
3032,1277262,I-96,LIVERNOIS,2018-01-18,18,1,2018,14,5,8,1,,1,0,Asphalt,1,1,1,70,4,2,2,3,0,0,2,0,false,false,false,false,true,false,false,false,false,false,false,false,false,false,false,false,false,false,false,false,false,false,-83.14051,42.36779,"{
  ""coordinates"": [
    -8.314050872258690e+01,
    4.236779110637290e+01
  ],
  ""type"": ""Point""
}","{
  ""coordinates"": [
    -83.140508723,
    42.367791106
  ],
  ""type"": ""Point""
}",-83.140508723,42.367791106
3033,1293538,SECOND,ALEXANDRINE,2018-01-18,18,1,2018,15,5,4,9,,4,0,Asphalt,1,1,1,25,3,2,2,5,0,0,0,0,true,false,true,false,true,false,false,false,false,false,false,false,false,false,false,false,false,false,false,false,false,false,-83.06517,42.34874,"{
  ""coordinates"": [
    -8.306517265943660e+01,
    4.234873701151470e+01
  ],
  ""type"": ""Point""
}","{
  ""coordinates"": [
    -83.065172659,
    42.348737012
  ],
  ""type"": ""Point""
}",-83.065172659,42.3487370120001
3034,1278256,S M 39,RAMP 012D,2018-01-18,18,1,2018,17,5,5,3,,1,0,Concrete,1,1,3,55,3,2,2,5,0,0,0,0,true,false,false,false,false,false,false,false,false,false,false,false,false,false,false,false,false,false,false,false,false,false,-83.21984,42.44085,"{
  ""coordinates"": [
    -8.321983730798050e+01,
    4.244084814366730e+01
  ],
  ""type"": ""Point""
}","{
  ""coordinates"": [
    -83.219837308,
    42.440848144
  ],
  ""type"": ""Point""
}",-83.219837308,42.440848144
3035,1276315,W/B I 94,LINWOOD,2018-01-18,18,1,2018,14,5,5,1,,1,0,Asphalt,1,1,1,55,3,2,2,5,0,0,0,0,true,false,false,false,false,false,false,false,false,false,false,false,false,false,false,false,false,false,false,false,false,false,-83.092,42.35249,"{
  ""coordinates"": [
    -8.309199446041060e+01,
    4.235248380282320e+01
  ],
  ""type"": ""Point""
}","{
  ""coordinates"": [
    -83.09199446,
    42.352483803
  ],
  ""type"": ""Point""
}",-83.09199446,42.352483803
3036,1280841,I-94,CHENE,2018-01-18,18,1,2018,23,5,5,1,,1,0,Concrete,1,1,1,55,3,2,2,5,0,0,0,0,true,false,false,false,false,false,false,false,false,false,false,false,false,false,false,false,false,false,false,false,false,false,-83.04672,42.37431,"{
  ""coordinates"": [
    -8.304672307992141e+01,
    4.237431457800200e+01
  ],
  ""type"": ""Point""
}","{
  ""coordinates"": [
    -83.04672308,
    42.374314578
  ],
  ""type"": ""Point""
}",-83.0467230799999,42.3743145780001
3037,1276316,S/B M 39,PLYMOUTH,2018-01-18,18,1,2018,15,5,5,3,,1,0,Asphalt,1,1,1,55,3,2,2,4,0,0,0,1,false,false,false,false,false,false,false,false,false,false,false,false,false,false,false,false,false,false,false,false,false,false,-83.21676,42.37203,"{
  ""coordinates"": [
    -8.321675910486459e+01,
    4.237203238211350e+01
  ],
  ""type"": ""Point""
}","{
  ""coordinates"": [
    -83.216759105,
    42.372032382
  ],
  ""type"": ""Point""
}",-83.2167591049999,42.372032382
3038,1291112,I-96,M-39,2018-01-18,18,1,2018,10,5,8,1,,1,0,Concrete,1,1,1,55,3,2,1,5,0,0,0,0,true,false,false,false,true,false,false,false,false,false,false,false,false,false,false,false,false,false,false,false,false,false,-83.23591,42.37976,"{
  ""coordinates"": [
    -8.323590631841260e+01,
    4.237976389750320e+01
  ],
  ""type"": ""Point""
}","{
  ""coordinates"": [
    -83.235906318,
    42.379763898
  ],
  ""type"": ""Point""
}",-83.2359063179999,42.3797638980001
3039,1288314,MARGARETA,SANTA ROSA,2018-01-18,18,1,2018,17,5,5,9,,,3,,3,1,1,25,2,2,0,5,0,0,0,0,true,false,false,false,true,false,false,false,false,false,true,false,false,false,false,false,false,false,false,false,false,false,-83.14368,42.42798,"{
  ""coordinates"": [
    -8.314368570045070e+01,
    4.242797885385810e+01
  ],
  ""type"": ""Point""
}","{
  ""coordinates"": [
    -83.1436857,
    42.427978854
  ],
  ""type"": ""Point""
}",-83.1436856999999,42.4279788540001
3040,1604043,HOWARD,TRUMBULL,2018-01-18,18,1,2018,7,5,5,9,,,0,,1,1,1,25,2,2,2,5,0,0,0,0,true,false,false,false,false,false,false,false,false,false,false,false,false,false,false,false,false,false,false,false,false,false,-83.06297,42.32629,"{
  ""coordinates"": [
    -8.306296347380081e+01,
    4.232628857957060e+01
  ],
  ""type"": ""Point""
}","{
  ""coordinates"": [
    -83.062963474,
    42.32628858
  ],
  ""type"": ""Point""
}",-83.062963474,42.32628858
3041,1273997,FORT,1ST,2018-01-18,18,1,2018,18,5,10,3,,1,0,Asphalt,1,1,4,35,2,2,2,5,0,0,0,0,true,false,false,false,false,false,false,false,false,false,false,false,false,false,false,false,false,false,false,false,false,false,-83.05171,42.32885,"{
  ""coordinates"": [
    -8.305171567631020e+01,
    4.232885302703280e+01
  ],
  ""type"": ""Point""
}","{
  ""coordinates"": [
    -83.051715676,
    42.328853027
  ],
  ""type"": ""Point""
}",-83.051715676,42.328853027
3042,1292236,CASS,LAFAYETTE,2018-01-18,18,1,2018,9,5,5,9,,4,0,Asphalt,1,1,1,,2,2,6,4,0,0,0,2,false,false,false,false,false,false,false,false,false,false,false,false,false,false,false,false,false,false,false,false,false,false,-83.02464,42.34127,"{
  ""coordinates"": [
    -8.302464238865790e+01,
    4.234127411572550e+01
  ],
  ""type"": ""Point""
}","{
  ""coordinates"": [
    -83.024642389,
    42.341274116
  ],
  ""type"": ""Point""
}",-83.024642389,42.3412741160001
3043,1277230,E/B I-94,TRUMBULL,2018-01-18,18,1,2018,20,5,8,1,,1,0,Asphalt,1,1,4,55,3,3,3,5,0,0,0,0,true,false,false,false,true,false,false,false,false,false,false,false,false,false,true,false,false,false,false,false,false,false,-83.09309,42.35199,"{
  ""coordinates"": [
    -8.309309345705590e+01,
    4.235198862540990e+01
  ],
  ""type"": ""Point""
}","{
  ""coordinates"": [
    -83.093093457,
    42.351988625
  ],
  ""type"": ""Point""
}",-83.093093457,42.351988625
3044,1284557,GRISWOLD,LARNED,2018-01-18,18,1,2018,16,5,8,9,,4,0,Asphalt,1,1,1,30,2,2,2,5,0,0,0,0,true,false,false,false,false,false,false,false,false,false,false,false,false,false,false,false,false,false,false,false,false,false,-83.04606,42.32904,"{
  ""coordinates"": [
    -8.304605594780830e+01,
    4.232904249850050e+01
  ],
  ""type"": ""Point""
}","{
  ""coordinates"": [
    -83.046055948,
    42.329042499
  ],
  ""type"": ""Point""
}",-83.0460559479999,42.329042499
3045,1275350,MARQUETTE,JEFFERSON,2018-01-18,18,1,2018,14,5,4,9,,,0,,1,1,1,35,2,2,1,5,0,0,0,0,true,false,false,false,true,false,false,false,false,true,false,false,false,true,false,false,false,false,false,false,false,false,-82.97888,42.36306,"{
  ""coordinates"": [
    -8.297888401597341e+01,
    4.236305849322740e+01
  ],
  ""type"": ""Point""
}","{
  ""coordinates"": [
    -82.978884016,
    42.363058493
  ],
  ""type"": ""Point""
}",-82.9788840159999,42.363058493
3046,1278302,OUTER,CHANDLER PARK,2018-01-18,18,1,2018,18,5,98,9,,2,0,Asphalt,1,1,4,30,2,2,1,5,0,0,0,0,true,false,false,false,false,false,false,false,false,false,false,false,false,false,false,false,true,false,false,false,false,false,-82.95821,42.40189,"{
  ""coordinates"": [
    -8.295820555984710e+01,
    4.240188953493380e+01
  ],
  ""type"": ""Point""
}","{
  ""coordinates"": [
    -82.95820556,
    42.401889535
  ],
  ""type"": ""Point""
}",-82.95820556,42.4018895350001
3047,1272456,GRATIOT,SARATOGA,2018-01-18,18,1,2018,19,5,8,3,,1,0,Asphalt,1,1,4,35,7,2,3,5,0,0,0,0,true,false,false,false,false,false,false,false,false,false,false,false,false,false,true,false,false,false,false,false,false,false,-82.97923,42.43275,"{
  ""coordinates"": [
    -8.297922647652240e+01,
    4.243275507045680e+01
  ],
  ""type"": ""Point""
}","{
  ""coordinates"": [
    -82.979226477,
    42.43275507
  ],
  ""type"": ""Point""
}",-82.9792264769999,42.43275507
3048,1276310,I-75,GREENDALE,2018-01-18,18,1,2018,12,5,8,9,,4,0,Asphalt,1,1,1,70,4,2,2,5,0,0,0,0,true,false,false,false,false,false,false,false,false,false,true,false,false,false,true,false,false,false,false,false,false,false,-83.09488,42.42857,"{
  ""coordinates"": [
    -8.309487875438120e+01,
    4.242856827998750e+01
  ],
  ""type"": ""Point""
}","{
  ""coordinates"": [
    -83.094878754,
    42.42856828
  ],
  ""type"": ""Point""
}",-83.094878754,42.42856828
3049,1273992,FORT,1ST,2018-01-18,18,1,2018,18,5,8,3,,1,0,Asphalt,3,1,3,35,5,2,2,5,0,0,0,0,true,false,false,false,false,false,false,false,false,false,false,false,false,false,false,false,false,false,false,false,false,false,-83.05189,42.32878,"{
  ""coordinates"": [
    -8.305188432543640e+01,
    4.232877992458240e+01
  ],
  ""type"": ""Point""
}","{
  ""coordinates"": [
    -83.051884325,
    42.328779925
  ],
  ""type"": ""Point""
}",-83.0518843249999,42.328779925
3050,1282109,PRENTIS,3RD,2018-01-18,18,1,2018,8,5,4,9,,,0,,1,1,1,25,2,2,2,5,0,0,0,0,true,false,false,false,false,false,false,false,false,false,false,false,false,false,false,false,false,false,false,false,false,false,-83.06805,42.35201,"{
  ""coordinates"": [
    -8.306805205567620e+01,
    4.235200834865940e+01
  ],
  ""type"": ""Point""
}","{
  ""coordinates"": [
    -83.068052056,
    42.352008349
  ],
  ""type"": ""Point""
}",-83.0680520559999,42.3520083490001