ObjectId,Crash ID,Primary Road,Intersecting Road,Crash Date,Day,Month,Year,Hour,Weekday,Crash Type Code,Highway Classification Code,Community Code,Jurisdiction Code,Lane Departure Type Code,Surface Type,Road Condition,Weather Condition,Lighting Condition,Speed Limit,Lanes,Units,Occupants,Most Severe Injury,Fatal Injuries,Suspected Serious Injuries,Suspected Minor Injuries,Possible Injuries,Property Damage Only,Secondary Crash,Traffic Control,Red Light Run,Hit and Run,Alcohol,Drugs,Unbelted Person,Work Zone,Speeding Driver,Distracted Driver,Driveway,Pedestrian,Elderly Driver,Young Driver,Commercial Vehicle,Emergency Vehicles,Train,School Bus,Motorcycle,Bicycle,Deer,Longitude,Latitude,geom,geog,x,y
3160,1269963,W.WARREN,MANSFIELD,2018-01-16,16,1,2018,8,3,5,9,,2,0,Asphalt,6,5,1,30,6,2,2,5,0,0,0,0,true,false,false,false,false,false,false,false,false,false,false,false,false,false,false,false,false,false,false,false,false,false,-83.20232,42.34359,"{
  ""coordinates"": [
    -8.320232400553940e+01,
    4.234358729225940e+01
  ],
  ""type"": ""Point""
}","{
  ""coordinates"": [
    -83.202324006,
    42.343587292
  ],
  ""type"": ""Point""
}",-83.202324006,42.3435872920001
3161,1269949,TRUMBULL,WARREN,2018-01-16,16,1,2018,17,3,4,9,,4,0,Asphalt,2,2,3,30,3,2,2,5,0,0,0,0,true,false,false,false,false,false,false,false,false,false,false,false,false,true,false,false,false,false,false,false,false,false,-83.07873,42.35209,"{
  ""coordinates"": [
    -8.307872831565069e+01,
    4.235209410190330e+01
  ],
  ""type"": ""Point""
}","{
  ""coordinates"": [
    -83.078728316,
    42.352094102
  ],
  ""type"": ""Point""
}",-83.078728316,42.3520941020001
3162,1269941,MICHIGAN,CASS,2018-01-16,16,1,2018,9,3,5,2,,1,0,Concrete,2,5,1,30,2,2,2,4,0,0,0,1,false,false,false,false,false,false,false,false,false,false,false,false,false,false,false,true,false,false,false,false,false,false,-83.05378,42.33167,"{
  ""coordinates"": [
    -8.305378303261570e+01,
    4.233167405894000e+01
  ],
  ""type"": ""Point""
}","{
  ""coordinates"": [
    -83.053783033,
    42.331674059
  ],
  ""type"": ""Point""
}",-83.0537830329999,42.3316740590001
3163,1269974,HOOVER,PARKGROVE,2018-01-16,16,1,2018,21,3,1,3,,1,1,Asphalt,4,5,4,30,2,1,3,4,0,0,0,1,false,false,false,false,true,false,false,false,false,false,false,false,false,false,false,false,false,false,false,false,false,false,-83.00443,42.42957,"{
  ""coordinates"": [
    -8.300443636603630e+01,
    4.242957249255140e+01
  ],
  ""type"": ""Point""
}","{
  ""coordinates"": [
    -83.004436366,
    42.429572493
  ],
  ""type"": ""Point""
}",-83.0044363659999,42.4295724930001
3164,1269987,MCNICHOLS,WYOMING,2018-01-16,16,1,2018,8,3,6,9,,4,0,Asphalt,2,2,1,25,5,2,2,5,0,0,0,0,true,false,false,false,false,false,false,false,false,false,false,false,false,false,false,false,false,false,false,false,false,false,-83.1602,42.41693,"{
  ""coordinates"": [
    -8.316020371633110e+01,
    4.241693402405740e+01
  ],
  ""type"": ""Point""
}","{
  ""coordinates"": [
    -83.160203716,
    42.416934024
  ],
  ""type"": ""Point""
}",-83.160203716,42.4169340240001
3165,1269945,FORT,GRISWOLD,2018-01-16,16,1,2018,17,3,8,3,,1,0,Asphalt,4,1,4,25,3,2,2,5,0,0,0,0,true,false,false,false,false,false,false,false,false,false,false,false,false,false,false,false,false,false,false,false,false,false,-83.04744,42.33069,"{
  ""coordinates"": [
    -8.304744213440510e+01,
    4.233069363794850e+01
  ],
  ""type"": ""Point""
}","{
  ""coordinates"": [
    -83.047442134,
    42.330693638
  ],
  ""type"": ""Point""
}",-83.0474421339999,42.3306936380001
3166,1269983,I 75,HOLEBROOK,2018-01-16,16,1,2018,11,3,97,1,,1,0,Asphalt,2,1,1,70,4,2,1,5,0,0,0,0,true,false,false,false,false,false,false,false,false,false,false,false,false,false,false,false,false,false,false,false,false,false,-83.06809,42.38607,"{
  ""coordinates"": [
    -8.306809236463791e+01,
    4.238607140970060e+01
  ],
  ""type"": ""Point""
}","{
  ""coordinates"": [
    -83.068092365,
    42.38607141
  ],
  ""type"": ""Point""
}",-83.068092365,42.3860714100001
3167,1269971,WINTHROP,FENKELL,2018-01-16,16,1,2018,7,3,5,9,,,0,,3,2,1,25,2,3,1,5,0,0,0,0,true,false,false,false,true,false,false,false,false,false,false,false,false,false,false,false,false,false,false,false,false,false,-83.2002,42.4023,"{
  ""coordinates"": [
    -8.320020346288580e+01,
    4.240229676896580e+01
  ],
  ""type"": ""Point""
}","{
  ""coordinates"": [
    -83.200203463,
    42.402296769
  ],
  ""type"": ""Point""
}",-83.200203463,42.402296769
3168,1269936,M-39,JOY,2018-01-16,16,1,2018,3,3,8,3,,1,0,Asphalt,2,2,4,55,3,2,2,4,0,0,0,2,false,false,false,false,false,true,false,false,false,false,true,false,false,false,false,false,false,false,false,false,false,false,-83.21652,42.36147,"{
  ""coordinates"": [
    -8.321652384404010e+01,
    4.236146990939090e+01
  ],
  ""type"": ""Point""
}","{
  ""coordinates"": [
    -83.216523844,
    42.361469909
  ],
  ""type"": ""Point""
}",-83.2165238439999,42.361469909
3169,1273895,RAMP 009B,N M 39,2018-01-16,16,1,2018,17,3,5,3,,1,0,Asphalt,2,2,1,25,2,2,2,5,0,0,0,0,true,false,false,false,false,false,false,false,false,false,false,false,false,false,false,false,false,false,false,false,false,false,-83.21805,42.40297,"{
  ""coordinates"": [
    -8.321804486011770e+01,
    4.240297174820600e+01
  ],
  ""type"": ""Point""
}","{
  ""coordinates"": [
    -83.21804486,
    42.402971748
  ],
  ""type"": ""Point""
}",-83.21804486,42.402971748
3170,1268428,JOHN R,7 MILE,2018-01-16,16,1,2018,0,3,1,9,,4,1,Asphalt,3,5,5,35,2,1,2,3,0,0,1,0,false,false,false,false,false,false,false,false,false,false,false,false,false,false,false,false,false,false,false,false,false,false,-83.10238,42.43213,"{
  ""coordinates"": [
    -8.310237518949630e+01,
    4.243212520111490e+01
  ],
  ""type"": ""Point""
}","{
  ""coordinates"": [
    -83.102375189,
    42.432125201
  ],
  ""type"": ""Point""
}",-83.102375189,42.4321252010001
3171,1269976,FORDHAM,REX,2018-01-16,16,1,2018,17,3,8,9,,,0,,4,2,4,25,2,2,1,5,0,0,0,0,true,false,false,false,true,false,false,false,false,false,false,false,false,false,false,false,false,false,false,false,false,false,-82.95765,42.43475,"{
  ""coordinates"": [
    -8.295764668349180e+01,
    4.243474601272440e+01
  ],
  ""type"": ""Point""
}","{
  ""coordinates"": [
    -82.957646683,
    42.434746013
  ],
  ""type"": ""Point""
}",-82.957646683,42.4347460130001
3172,1268408,MICHIGAN,3RD,2018-01-16,16,1,2018,9,3,4,2,,1,0,Asphalt,4,5,1,35,7,2,2,3,0,0,1,0,false,false,true,true,true,false,false,false,false,false,false,false,false,false,false,false,false,false,false,false,false,false,-83.05753,42.33166,"{
  ""coordinates"": [
    -8.305753317190350e+01,
    4.233166138808860e+01
  ],
  ""type"": ""Point""
}","{
  ""coordinates"": [
    -83.057533172,
    42.331661388
  ],
  ""type"": ""Point""
}",-83.057533172,42.331661388
3173,1269946,FORT,TENTH,2018-01-16,16,1,2018,16,3,4,3,,1,0,Asphalt,2,2,1,25,6,2,3,5,0,0,0,0,true,false,false,false,false,false,false,false,false,false,false,false,false,false,false,false,false,false,false,false,false,false,-83.06303,42.32399,"{
  ""coordinates"": [
    -8.306302319550950e+01,
    4.232398761703860e+01
  ],
  ""type"": ""Point""
}","{
  ""coordinates"": [
    -83.063023196,
    42.323987617
  ],
  ""type"": ""Point""
}",-83.063023196,42.3239876170001
3174,1269934,M-39,JOY,2018-01-16,16,1,2018,3,3,2,3,,1,2,Asphalt,2,2,4,55,3,2,2,3,0,0,1,1,false,false,false,false,false,true,true,false,false,false,false,false,false,false,false,false,false,false,false,false,false,false,-83.21652,42.36147,"{
  ""coordinates"": [
    -8.321652384404010e+01,
    4.236146990939090e+01
  ],
  ""type"": ""Point""
}","{
  ""coordinates"": [
    -83.216523844,
    42.361469909
  ],
  ""type"": ""Point""
}",-83.2165238439999,42.361469909
3175,1269944,TEMPLE,5TH,2018-01-16,16,1,2018,10,3,4,9,,4,0,Asphalt,3,5,1,25,3,2,1,5,0,0,0,0,true,false,false,false,true,false,false,false,false,false,false,false,false,false,false,false,false,false,false,false,false,false,-83.06504,42.33982,"{
  ""coordinates"": [
    -8.306504340690280e+01,
    4.233981650189550e+01
  ],
  ""type"": ""Point""
}","{
  ""coordinates"": [
    -83.065043407,
    42.339816502
  ],
  ""type"": ""Point""
}",-83.065043407,42.3398165020001
3176,1268415,MAJESTIC,MEMORIAL,2018-01-16,16,1,2018,8,3,97,9,,,0,,4,5,1,25,2,2,2,4,0,0,0,1,false,false,false,false,true,false,false,false,false,false,false,false,false,false,false,false,false,false,false,false,false,false,-83.21054,42.34584,"{
  ""coordinates"": [
    -8.321053762822280e+01,
    4.234584507233900e+01
  ],
  ""type"": ""Point""
}","{
  ""coordinates"": [
    -83.210537628,
    42.345845072
  ],
  ""type"": ""Point""
}",-83.2105376279999,42.345845072
3177,1269960,CENTRAL,PARKWOOD,2018-01-16,16,1,2018,13,3,8,9,,4,0,Asphalt,4,5,1,35,2,2,1,5,0,0,0,0,true,false,false,false,true,false,false,false,false,false,false,true,false,false,false,true,false,false,false,false,false,false,-83.13409,42.32615,"{
  ""coordinates"": [
    -8.313408439955730e+01,
    4.232615206111110e+01
  ],
  ""type"": ""Point""
}","{
  ""coordinates"": [
    -83.1340844,
    42.326152061
  ],
  ""type"": ""Point""
}",-83.1340843999999,42.3261520610001
3178,1269937,GRAND RIVER,WHITCOMB,2018-01-16,16,1,2018,15,3,4,3,,1,0,Asphalt,4,5,1,30,5,2,3,4,0,0,0,1,false,false,true,true,false,false,false,false,false,false,false,false,false,true,false,false,false,false,false,false,false,false,-83.19633,42.39184,"{
  ""coordinates"": [
    -8.319633512079839e+01,
    4.239183782688730e+01
  ],
  ""type"": ""Point""
}","{
  ""coordinates"": [
    -83.196335121,
    42.391837827
  ],
  ""type"": ""Point""
}",-83.1963351209999,42.3918378270001
3179,1269943,GRAND,MAGNOLIA,2018-01-16,16,1,2018,13,3,1,9,,4,1,Asphalt,2,2,1,30,2,1,1,5,0,0,0,0,true,false,false,false,false,false,false,false,false,false,false,false,false,false,false,true,false,false,false,false,false,false,-83.10102,42.33519,"{
  ""coordinates"": [
    -8.310101936203860e+01,
    4.233518574091420e+01
  ],
  ""type"": ""Point""
}","{
  ""coordinates"": [
    -83.101019362,
    42.335185741
  ],
  ""type"": ""Point""
}",-83.101019362,42.335185741
3180,1269950,MICHIGAN,19TH,2018-01-16,16,1,2018,2,3,4,2,,1,0,Concrete,4,2,1,30,5,2,1,5,0,0,0,0,true,false,false,false,true,false,false,false,false,true,false,false,false,false,false,false,false,false,false,false,false,false,-83.08227,42.33136,"{
  ""coordinates"": [
    -8.308226767706830e+01,
    4.233136452932740e+01
  ],
  ""type"": ""Point""
}","{
  ""coordinates"": [
    -83.082267677,
    42.331364529
  ],
  ""type"": ""Point""
}",-83.0822676769999,42.331364529
3181,1275386,BRADFORD,PINEWOOD,2018-01-16,16,1,2018,0,3,4,9,,,0,,4,5,4,25,1,2,4,5,0,0,0,0,true,false,false,false,false,false,false,false,false,false,false,false,false,false,false,false,false,false,false,false,false,false,-83.00116,42.43824,"{
  ""coordinates"": [
    -8.300116126932680e+01,
    4.243823785859490e+01
  ],
  ""type"": ""Point""
}","{
  ""coordinates"": [
    -83.001161269,
    42.438237859
  ],
  ""type"": ""Point""
}",-83.001161269,42.438237859
3182,1268421,ANNSBURY,FLANDERS,2018-01-16,16,1,2018,8,3,1,9,,,0,,4,5,2,25,2,1,1,5,0,0,0,0,true,false,false,false,false,false,false,false,false,false,false,false,false,false,false,false,false,false,false,false,false,false,-82.98741,42.41437,"{
  ""coordinates"": [
    -8.298741391271230e+01,
    4.241436617051930e+01
  ],
  ""type"": ""Point""
}","{
  ""coordinates"": [
    -82.987413913,
    42.414366171
  ],
  ""type"": ""Point""
}",-82.987413913,42.414366171
3183,1269968,MCCLELLAN,NAVARRE,2018-01-16,16,1,2018,8,3,9,9,,4,0,Asphalt,2,2,1,25,2,2,1,5,0,0,0,0,true,false,false,false,false,false,false,false,false,false,false,false,false,true,false,false,false,false,false,false,false,false,-82.98856,42.36433,"{
  ""coordinates"": [
    -8.298855787508430e+01,
    4.236432612838730e+01
  ],
  ""type"": ""Point""
}","{
  ""coordinates"": [
    -82.988557875,
    42.364326128
  ],
  ""type"": ""Point""
}",-82.988557875,42.3643261280001
3184,1269985,7 MILE,REVERE,2018-01-16,16,1,2018,15,3,5,9,,4,0,Asphalt,2,8,2,30,4,3,3,5,0,0,0,0,true,false,false,false,true,false,false,false,false,true,false,false,false,false,false,false,false,false,false,false,false,false,-83.06799,42.43302,"{
  ""coordinates"": [
    -8.306799466137660e+01,
    4.243302212661930e+01
  ],
  ""type"": ""Point""
}","{
  ""coordinates"": [
    -83.067994661,
    42.433022127
  ],
  ""type"": ""Point""
}",-83.0679946609999,42.4330221270001
3185,1269978,DAVISON,PETOSKEY,2018-01-16,16,1,2018,9,3,5,3,,1,0,Asphalt,2,5,1,35,7,2,2,5,0,0,0,0,true,false,false,false,false,false,false,false,false,false,false,false,false,true,false,true,false,false,false,false,false,false,-83.13571,42.38791,"{
  ""coordinates"": [
    -8.313570798072580e+01,
    4.238791280418120e+01
  ],
  ""type"": ""Point""
}","{
  ""coordinates"": [
    -83.135707981,
    42.387912804
  ],
  ""type"": ""Point""
}",-83.1357079809999,42.3879128040001
3186,1269979,JOY,LAWTON,2018-01-16,16,1,2018,9,3,9,9,,4,2,Asphalt,4,5,1,30,4,2,2,3,0,0,1,0,false,false,false,false,false,false,false,false,false,false,false,false,false,false,false,false,false,false,false,false,false,false,-83.11122,42.37256,"{
  ""coordinates"": [
    -8.311121934911399e+01,
    4.237256018610440e+01
  ],
  ""type"": ""Point""
}","{
  ""coordinates"": [
    -83.111219349,
    42.372560186
  ],
  ""type"": ""Point""
}",-83.111219349,42.372560186
3187,1269972,PEORIA,TROESTER,2018-01-16,16,1,2018,9,3,4,9,,,0,,4,5,1,25,2,2,0,5,0,0,0,0,true,false,false,false,false,false,false,false,false,true,false,false,false,false,false,false,false,false,false,false,false,false,-82.97711,42.42626,"{
  ""coordinates"": [
    -8.297711350101680e+01,
    4.242625808662230e+01
  ],
  ""type"": ""Point""
}","{
  ""coordinates"": [
    -82.977113501,
    42.426258087
  ],
  ""type"": ""Point""
}",-82.977113501,42.4262580870001
3188,1274001,GRISWOLD,LARNED,2018-01-16,16,1,2018,7,3,97,9,,4,0,Asphalt,2,5,1,30,2,2,1,5,0,0,0,0,true,false,false,false,false,false,false,false,false,true,false,false,true,false,false,false,false,false,false,false,false,false,-83.04593,42.32888,"{
  ""coordinates"": [
    -8.304592875146810e+01,
    4.232887942810820e+01
  ],
  ""type"": ""Point""
}","{
  ""coordinates"": [
    -83.045928751,
    42.328879428
  ],
  ""type"": ""Point""
}",-83.045928751,42.3288794280001
3189,1269964,ST.MARYS,ELMIRA,2018-01-16,16,1,2018,12,3,5,9,,,0,,3,5,1,25,2,2,4,5,0,0,0,0,true,false,false,false,false,false,false,false,false,false,false,false,false,false,false,false,false,false,false,false,false,false,-83.20467,42.36998,"{
  ""coordinates"": [
    -8.320467607284100e+01,
    4.236998380229190e+01
  ],
  ""type"": ""Point""
}","{
  ""coordinates"": [
    -83.204676073,
    42.369983802
  ],
  ""type"": ""Point""
}",-83.204676073,42.369983802
3190,1269959,MICHIGAN,CENTRAL,2018-01-16,16,1,2018,7,3,97,2,,1,0,Asphalt,2,2,1,,5,2,2,5,0,0,0,0,true,false,false,false,false,false,false,false,false,false,false,false,false,false,false,false,false,false,false,false,false,false,-83.13751,42.3311,"{
  ""coordinates"": [
    -8.313751316014400e+01,
    4.233110029040080e+01
  ],
  ""type"": ""Point""
}","{
  ""coordinates"": [
    -83.13751316,
    42.33110029
  ],
  ""type"": ""Point""
}",-83.13751316,42.3311002900001
3191,1273961,I-94,LINWOOD,2018-01-16,16,1,2018,9,3,5,1,,1,0,Asphalt,2,2,1,55,3,2,2,5,0,0,0,0,true,false,false,false,false,false,false,false,false,false,false,false,false,false,false,false,false,false,false,false,false,false,-83.09429,42.35176,"{
  ""coordinates"": [
    -8.309429515133409e+01,
    4.235175643843420e+01
  ],
  ""type"": ""Point""
}","{
  ""coordinates"": [
    -83.094295151,
    42.351756438
  ],
  ""type"": ""Point""
}",-83.094295151,42.3517564380001
3192,1273926,I-94,SAGINAW,2018-01-16,16,1,2018,22,3,5,1,,1,0,Asphalt,3,1,5,55,3,3,3,5,0,0,0,0,true,true,false,false,false,false,false,true,false,false,false,false,false,false,false,false,false,false,false,false,false,false,-83.03458,42.3787,"{
  ""coordinates"": [
    -8.303458675298330e+01,
    4.237869687331040e+01
  ],
  ""type"": ""Point""
}","{
  ""coordinates"": [
    -83.034586753,
    42.378696873
  ],
  ""type"": ""Point""
}",-83.034586753,42.3786968730001
3193,1273941,I-94,14 TH,2018-01-16,16,1,2018,17,3,5,1,,1,0,Asphalt,1,2,3,55,3,2,2,5,0,0,0,0,true,false,false,false,false,false,false,false,false,false,false,false,false,false,false,false,false,false,false,false,false,false,-83.08768,42.35384,"{
  ""coordinates"": [
    -8.308767433006631e+01,
    4.235383625861260e+01
  ],
  ""type"": ""Point""
}","{
  ""coordinates"": [
    -83.08767433,
    42.353836259
  ],
  ""type"": ""Point""
}",-83.08767433,42.353836259
3194,1273942,N M 39,RAMP 008B,2018-01-16,16,1,2018,19,3,8,3,,1,0,Asphalt,1,1,4,55,3,2,2,5,0,0,0,0,true,false,false,false,false,false,false,false,false,false,false,false,false,false,false,true,false,false,false,false,false,false,-83.21674,42.37593,"{
  ""coordinates"": [
    -8.321674119242660e+01,
    4.237593207713810e+01
  ],
  ""type"": ""Point""
}","{
  ""coordinates"": [
    -83.216741192,
    42.375932077
  ],
  ""type"": ""Point""
}",-83.216741192,42.3759320770001
3195,1273934,M39,7 MILE,2018-01-16,16,1,2018,8,3,5,3,,1,0,Concrete,2,1,1,55,3,2,2,5,0,0,0,0,true,false,false,false,false,false,false,false,false,false,false,false,false,true,false,false,false,false,false,false,false,false,-83.21922,42.42567,"{
  ""coordinates"": [
    -8.321922519768680e+01,
    4.242566805291580e+01
  ],
  ""type"": ""Point""
}","{
  ""coordinates"": [
    -83.219225198,
    42.425668053
  ],
  ""type"": ""Point""
}",-83.2192251979999,42.425668053
3196,1273939,M-10,MCNICHOLS,2018-01-16,16,1,2018,9,3,5,3,,1,0,Concrete,2,2,1,55,3,2,2,5,0,0,0,0,true,false,false,false,false,false,false,false,false,false,false,false,false,false,false,false,false,false,false,false,false,false,-83.17096,42.41545,"{
  ""coordinates"": [
    -8.317095772790471e+01,
    4.241545231146330e+01
  ],
  ""type"": ""Point""
}","{
  ""coordinates"": [
    -83.170957728,
    42.415452311
  ],
  ""type"": ""Point""
}",-83.170957728,42.4154523110001
3197,1272381,M-10,7 MILE,2018-01-16,16,1,2018,8,3,8,3,,1,0,Concrete,2,5,1,55,3,3,2,4,0,0,0,1,false,false,false,false,true,false,false,false,false,false,false,false,false,false,false,false,false,false,false,false,false,false,-83.18571,42.4297,"{
  ""coordinates"": [
    -8.318571790449940e+01,
    4.242969499361000e+01
  ],
  ""type"": ""Point""
}","{
  ""coordinates"": [
    -83.185717904,
    42.429694994
  ],
  ""type"": ""Point""
}",-83.1857179039999,42.429694994
3198,1274054,CHICAGO,BURNETTE,2018-01-16,16,1,2018,14,3,97,9,,4,0,Asphalt,1,1,1,25,2,2,0,5,0,0,0,0,true,false,false,false,true,false,false,false,false,false,false,false,false,false,false,false,false,false,false,false,false,false,-83.14243,42.36652,"{
  ""coordinates"": [
    -8.314243236170840e+01,
    4.236651535793930e+01
  ],
  ""type"": ""Point""
}","{
  ""coordinates"": [
    -83.142432362,
    42.366515358
  ],
  ""type"": ""Point""
}",-83.142432362,42.3665153580001
3199,1272398,JOHN R,CHANDLER,2018-01-16,16,1,2018,15,3,4,9,,4,0,Asphalt,4,8,1,25,3,2,1,5,0,0,0,0,true,false,false,false,true,false,false,false,false,false,false,false,false,false,false,false,false,false,false,false,false,false,-83.07344,42.37457,"{
  ""coordinates"": [
    -8.307343829387101e+01,
    4.237456859593750e+01
  ],
  ""type"": ""Point""
}","{
  ""coordinates"": [
    -83.073438294,
    42.374568596
  ],
  ""type"": ""Point""
}",-83.073438294,42.3745685960001
3200,1273968,E I 94,GRATIOT,2018-01-16,16,1,2018,17,3,5,1,,1,0,Asphalt,2,2,4,70,3,2,3,4,0,0,0,1,false,false,false,false,false,false,false,false,false,false,false,false,false,false,false,false,false,false,false,false,false,false,-83.00655,42.39134,"{
  ""coordinates"": [
    -8.300654754803010e+01,
    4.239134209851590e+01
  ],
  ""type"": ""Point""
}","{
  ""coordinates"": [
    -83.006547548,
    42.391342099
  ],
  ""type"": ""Point""
}",-83.006547548,42.391342099
3201,1276328,GRISWOLD,STATE,2018-01-16,16,1,2018,15,3,8,9,,4,0,Asphalt,4,5,1,25,1,2,1,5,0,0,0,0,true,false,false,false,false,false,false,false,false,false,false,false,false,false,false,true,false,false,false,false,false,false,-83.049,42.33252,"{
  ""coordinates"": [
    -8.304899512524580e+01,
    4.233251950020590e+01
  ],
  ""type"": ""Point""
}","{
  ""coordinates"": [
    -83.048995125,
    42.3325195
  ],
  ""type"": ""Point""
}",-83.048995125,42.3325195
3202,1277231,I-94,VAN DYKE,2018-01-16,16,1,2018,7,3,8,1,,1,0,Asphalt,2,2,2,55,3,2,2,5,0,0,0,0,true,false,false,false,false,false,false,false,false,true,false,false,false,false,false,false,false,false,false,false,false,false,-83.02191,42.38564,"{
  ""coordinates"": [
    -8.302191334631669e+01,
    4.238564326926340e+01
  ],
  ""type"": ""Point""
}","{
  ""coordinates"": [
    -83.021913346,
    42.385643269
  ],
  ""type"": ""Point""
}",-83.021913346,42.3856432690001
3203,1273891,RAMP 211A,WEIR,2018-01-16,16,1,2018,10,3,5,1,,1,0,Asphalt,1,5,1,55,1,2,2,5,0,0,0,0,true,false,false,false,false,false,false,false,false,false,false,false,false,false,false,false,false,false,false,false,false,false,-83.15393,42.32905,"{
  ""coordinates"": [
    -8.315392892908361e+01,
    4.232905262530530e+01
  ],
  ""type"": ""Point""
}","{
  ""coordinates"": [
    -83.153928929,
    42.329052625
  ],
  ""type"": ""Point""
}",-83.153928929,42.329052625
3204,1286637,IOWA,GABLE,2018-01-16,16,1,2018,14,3,97,9,,,0,,4,5,1,25,2,2,1,5,0,0,0,0,true,false,false,false,true,false,false,false,false,false,false,false,false,false,false,false,false,false,false,false,false,false,-83.04236,42.42476,"{
  ""coordinates"": [
    -8.304235738404221e+01,
    4.242475446271840e+01
  ],
  ""type"": ""Point""
}","{
  ""coordinates"": [
    -83.042357384,
    42.424754463
  ],
  ""type"": ""Point""
}",-83.042357384,42.4247544630001
3205,1273933,N M 39,JOY,2018-01-16,16,1,2018,7,3,5,3,,1,0,Asphalt,2,1,1,55,3,2,2,5,0,0,0,0,true,false,false,false,false,false,false,false,false,false,false,false,false,false,false,false,false,false,false,false,false,false,-83.21628,42.35498,"{
  ""coordinates"": [
    -8.321627787043261e+01,
    4.235498315899150e+01
  ],
  ""type"": ""Point""
}","{
  ""coordinates"": [
    -83.21627787,
    42.354983159
  ],
  ""type"": ""Point""
}",-83.2162778699999,42.354983159
3206,1273932,N M 39,I 96 SERVICE DRIVE,2018-01-16,16,1,2018,17,3,5,3,,1,0,Asphalt,2,1,1,55,3,3,3,5,0,0,0,0,true,false,false,false,true,false,false,false,false,false,true,false,false,false,false,false,false,false,false,false,false,false,-83.21682,42.37737,"{
  ""coordinates"": [
    -8.321682206048609e+01,
    4.237736555430570e+01
  ],
  ""type"": ""Point""
}","{
  ""coordinates"": [
    -83.21682206,
    42.377365554
  ],
  ""type"": ""Point""
}",-83.21682206,42.3773655540001
3207,1273888,I-96,WARREN,2018-01-16,16,1,2018,18,3,5,1,,1,0,Asphalt,2,1,4,55,5,2,2,5,0,0,0,0,true,false,false,false,false,false,false,false,false,false,false,false,false,true,false,true,false,false,false,false,false,false,-83.09689,42.34693,"{
  ""coordinates"": [
    -8.309688556491510e+01,
    4.234692747567400e+01
  ],
  ""type"": ""Point""
}","{
  ""coordinates"": [
    -83.096885565,
    42.346927476
  ],
  ""type"": ""Point""
}",-83.096885565,42.3469274760001
3208,1273940,I-94,M-10,2018-01-16,16,1,2018,16,3,5,1,,1,0,Asphalt,2,2,1,55,3,2,2,5,0,0,0,0,true,false,false,false,false,false,false,false,false,false,false,false,false,false,false,false,false,false,false,false,false,false,-83.07729,42.35827,"{
  ""coordinates"": [
    -8.307728961143810e+01,
    4.235827095076820e+01
  ],
  ""type"": ""Point""
}","{
  ""coordinates"": [
    -83.077289611,
    42.358270951
  ],
  ""type"": ""Point""
}",-83.077289611,42.3582709510001
3209,1283550,SCHAEFER,SCHOOLCRAFT,2018-01-16,16,1,2018,8,3,5,9,,4,0,Asphalt,2,2,1,30,3,2,1,5,0,0,0,0,true,false,false,false,true,false,false,false,false,false,false,false,false,false,false,false,false,false,false,false,false,false,-83.17853,42.38799,"{
  ""coordinates"": [
    -8.317853059505080e+01,
    4.238798801465270e+01
  ],
  ""type"": ""Point""
}","{
  ""coordinates"": [
    -83.178530595,
    42.387988015
  ],
  ""type"": ""Point""
}",-83.178530595,42.3879880150001
3210,1273876,M-39,PLYMOUTH,2018-01-16,16,1,2018,18,3,5,3,,1,0,Concrete,1,1,4,55,3,2,3,5,0,0,0,0,true,false,false,false,false,false,false,false,false,false,false,false,false,true,false,false,false,false,false,false,false,false,-83.21664,42.3737,"{
  ""coordinates"": [
    -8.321664553036040e+01,
    4.237370152377870e+01
  ],
  ""type"": ""Point""
}","{
  ""coordinates"": [
    -83.21664553,
    42.373701524
  ],
  ""type"": ""Point""
}",-83.2166455299999,42.3737015240001
3211,1276333,WOODWARD,TEMPLE,2018-01-16,16,1,2018,20,3,97,3,,1,0,Asphalt,4,5,4,30,7,2,8,5,0,0,0,0,true,false,false,false,false,false,false,false,false,false,false,false,false,false,false,false,false,true,false,false,false,false,-83.05516,42.34333,"{
  ""coordinates"": [
    -8.305516365161520e+01,
    4.234332612329930e+01
  ],
  ""type"": ""Point""
}","{
  ""coordinates"": [
    -83.055163652,
    42.343326123
  ],
  ""type"": ""Point""
}",-83.055163652,42.3433261230001
3212,1272391,APPOLINE,SANTA MARIA,2018-01-16,16,1,2018,20,3,2,9,,,0,,4,5,4,25,2,2,1,5,0,0,0,0,true,false,false,false,true,false,false,false,false,false,false,false,false,false,false,false,false,false,false,false,false,false,-83.17129,42.41828,"{
  ""coordinates"": [
    -8.317128464989180e+01,
    4.241828311893900e+01
  ],
  ""type"": ""Point""
}","{
  ""coordinates"": [
    -83.17128465,
    42.418283119
  ],
  ""type"": ""Point""
}",-83.17128465,42.4182831190001
3213,1272396,JEFFERSON,BRUSH,2018-01-16,16,1,2018,11,3,5,4,,1,0,Asphalt,2,8,1,30,8,2,2,5,0,0,0,0,true,false,false,false,false,false,false,false,false,false,false,false,false,false,false,false,false,false,false,false,false,false,-83.041,42.33038,"{
  ""coordinates"": [
    -8.304100158429800e+01,
    4.233037722897060e+01
  ],
  ""type"": ""Point""
}","{
  ""coordinates"": [
    -83.041001584,
    42.330377229
  ],
  ""type"": ""Point""
}",-83.041001584,42.3303772290001