ObjectId,Crash ID,Primary Road,Intersecting Road,Crash Date,Day,Month,Year,Hour,Weekday,Crash Type Code,Highway Classification Code,Community Code,Jurisdiction Code,Lane Departure Type Code,Surface Type,Road Condition,Weather Condition,Lighting Condition,Speed Limit,Lanes,Units,Occupants,Most Severe Injury,Fatal Injuries,Suspected Serious Injuries,Suspected Minor Injuries,Possible Injuries,Property Damage Only,Secondary Crash,Traffic Control,Red Light Run,Hit and Run,Alcohol,Drugs,Unbelted Person,Work Zone,Speeding Driver,Distracted Driver,Driveway,Pedestrian,Elderly Driver,Young Driver,Commercial Vehicle,Emergency Vehicles,Train,School Bus,Motorcycle,Bicycle,Deer,Longitude,Latitude,geom,geog,x,y
3214,1272416,PATTON,VAN BUREN,2018-01-16,16,1,2018,2,3,4,9,,,0,,4,1,4,25,2,2,4,2,0,1,1,0,false,false,true,false,false,false,false,false,false,false,false,false,false,false,false,false,false,false,false,false,false,false,-83.24197,42.35566,"{
  ""coordinates"": [
    -8.324197754619790e+01,
    4.235566047858440e+01
  ],
  ""type"": ""Point""
}","{
  ""coordinates"": [
    -83.241977546,
    42.355660479
  ],
  ""type"": ""Point""
}",-83.241977546,42.3556604790001
3215,1272390,PIEDMONT,SCHOOLCRAFT,2018-01-16,16,1,2018,20,3,98,9,,,0,,4,5,4,25,2,2,0,5,0,0,0,0,true,false,false,false,true,false,false,false,false,false,false,false,false,false,false,false,false,false,false,false,false,false,-83.22968,42.3862,"{
  ""coordinates"": [
    -8.322967488949330e+01,
    4.238619837041060e+01
  ],
  ""type"": ""Point""
}","{
  ""coordinates"": [
    -83.229674889,
    42.38619837
  ],
  ""type"": ""Point""
}",-83.229674889,42.38619837
3216,1275355,MOROSS,CHANDLER,2018-01-16,16,1,2018,1,3,4,9,,2,0,Asphalt,4,5,4,30,2,2,1,5,0,0,0,0,true,false,false,false,true,false,false,false,false,false,false,false,false,false,false,false,false,false,false,false,false,false,-82.91525,42.41872,"{
  ""coordinates"": [
    -8.291524831993590e+01,
    4.241871757229480e+01
  ],
  ""type"": ""Point""
}","{
  ""coordinates"": [
    -82.91524832,
    42.418717572
  ],
  ""type"": ""Point""
}",-82.91524832,42.418717572
3217,1272415,CHICAGO,MEMORIAL,2018-01-16,16,1,2018,21,3,2,9,,4,2,Asphalt,4,5,4,25,2,2,0,5,0,0,0,0,true,false,false,false,true,false,false,false,false,false,false,false,false,false,false,false,false,false,false,false,false,false,-83.21217,42.36513,"{
  ""coordinates"": [
    -8.321217459912090e+01,
    4.236513200800360e+01
  ],
  ""type"": ""Point""
}","{
  ""coordinates"": [
    -83.212174599,
    42.365132008
  ],
  ""type"": ""Point""
}",-83.212174599,42.365132008
3218,1273937,I-75,WARREN,2018-01-16,16,1,2018,16,3,5,1,,1,0,Asphalt,2,1,1,70,4,3,2,5,0,0,0,0,true,false,false,false,true,false,false,false,false,false,false,false,false,false,false,false,false,false,false,false,false,false,-83.05408,42.36058,"{
  ""coordinates"": [
    -8.305407401939920e+01,
    4.236058573271180e+01
  ],
  ""type"": ""Point""
}","{
  ""coordinates"": [
    -83.054074019,
    42.360585733
  ],
  ""type"": ""Point""
}",-83.054074019,42.3605857330001
3219,1273927,I-94,SAGINAW,2018-01-16,16,1,2018,23,3,2,1,,1,2,Asphalt,3,2,4,55,3,2,0,5,0,0,0,0,true,false,false,false,false,false,false,false,false,false,false,false,false,false,false,false,false,false,false,false,false,false,-83.03429,42.37886,"{
  ""coordinates"": [
    -8.303428832353680e+01,
    4.237886081003590e+01
  ],
  ""type"": ""Point""
}","{
  ""coordinates"": [
    -83.034288324,
    42.37886081
  ],
  ""type"": ""Point""
}",-83.034288324,42.37886081
3220,1273943,W I 96,CSX TRANSPORTATION,2018-01-16,16,1,2018,12,3,1,1,,1,1,Concrete,2,1,1,55,3,1,1,3,0,0,1,0,false,false,false,false,false,true,false,false,false,true,false,false,false,false,false,false,false,false,false,false,false,false,-83.23519,42.37953,"{
  ""coordinates"": [
    -8.323519207733671e+01,
    4.237953186763570e+01
  ],
  ""type"": ""Point""
}","{
  ""coordinates"": [
    -83.235192077,
    42.379531868
  ],
  ""type"": ""Point""
}",-83.235192077,42.3795318680001
3221,1272388,COYLE,GROVE,2018-01-16,16,1,2018,20,3,4,9,,,0,,3,5,5,30,2,2,2,5,0,0,0,0,true,false,false,false,true,false,false,false,false,false,false,false,false,false,true,false,false,false,false,false,false,false,-83.19437,42.41422,"{
  ""coordinates"": [
    -8.319436526425710e+01,
    4.241421348451870e+01
  ],
  ""type"": ""Point""
}","{
  ""coordinates"": [
    -83.194365264,
    42.414213485
  ],
  ""type"": ""Point""
}",-83.1943652639999,42.4142134850001
3222,1320897,S M 10,GRAND,2018-01-16,16,1,2018,0,3,8,3,,1,0,Concrete,1,1,4,55,4,2,2,5,0,0,0,0,true,false,false,false,false,false,false,false,false,false,false,false,false,false,false,false,false,false,false,false,false,false,-83.08196,42.36706,"{
  ""coordinates"": [
    -8.308196187824100e+01,
    4.236706121421650e+01
  ],
  ""type"": ""Point""
}","{
  ""coordinates"": [
    -83.081961878,
    42.367061214
  ],
  ""type"": ""Point""
}",-83.081961878,42.367061214
3223,1273962,I-75,DAVISON,2018-01-16,16,1,2018,17,3,5,1,,1,0,Concrete,2,2,3,70,5,2,2,5,0,0,0,0,true,false,false,false,false,false,false,false,false,false,false,false,false,false,false,false,false,false,false,false,false,false,-83.08027,42.4099,"{
  ""coordinates"": [
    -8.308027153395120e+01,
    4.240989585023130e+01
  ],
  ""type"": ""Point""
}","{
  ""coordinates"": [
    -83.080271534,
    42.40989585
  ],
  ""type"": ""Point""
}",-83.080271534,42.4098958500001
3224,1277250,S I 75,RAMP 035H,2018-01-16,16,1,2018,18,3,5,1,,1,0,Asphalt,1,1,4,,2,2,3,5,0,0,0,0,true,false,false,false,false,false,false,false,false,false,false,false,false,false,false,true,false,false,false,false,false,false,-83.08246,42.32031,"{
  ""coordinates"": [
    -8.308245837771391e+01,
    4.232031417248880e+01
  ],
  ""type"": ""Point""
}","{
  ""coordinates"": [
    -83.082458378,
    42.320314172
  ],
  ""type"": ""Point""
}",-83.082458378,42.3203141720001
3225,1277251,I 75,DAVISON,2018-01-16,16,1,2018,19,3,5,1,,1,0,Concrete,2,5,4,55,4,2,3,5,0,0,0,0,true,false,false,false,false,false,false,false,false,false,false,false,false,false,true,false,false,false,false,false,false,false,-83.07949,42.40896,"{
  ""coordinates"": [
    -8.307949428723380e+01,
    4.240895703829340e+01
  ],
  ""type"": ""Point""
}","{
  ""coordinates"": [
    -83.079494287,
    42.408957038
  ],
  ""type"": ""Point""
}",-83.079494287,42.408957038
3226,1268386,ILENE,CHALFONTE,2018-01-15,15,1,2018,15,2,4,9,,,0,,3,5,3,25,2,2,2,5,0,0,0,0,true,false,false,false,false,false,false,false,false,false,false,false,false,false,false,false,false,false,false,false,false,false,-83.1617,42.40019,"{
  ""coordinates"": [
    -8.316169930282609e+01,
    4.240018862256920e+01
  ],
  ""type"": ""Point""
}","{
  ""coordinates"": [
    -83.161699303,
    42.400188623
  ],
  ""type"": ""Point""
}",-83.161699303,42.4001886230001
3227,1268368,I 75,DRAGOON,2018-01-15,15,1,2018,8,2,1,1,,1,1,Concrete,4,1,1,55,3,1,1,5,0,0,0,0,true,false,false,false,false,false,false,false,false,false,false,false,false,false,false,false,false,false,false,false,false,false,-83.10271,42.30835,"{
  ""coordinates"": [
    -8.310270831056719e+01,
    4.230835285820090e+01
  ],
  ""type"": ""Point""
}","{
  ""coordinates"": [
    -83.102708311,
    42.308352858
  ],
  ""type"": ""Point""
}",-83.102708311,42.308352858
3228,1268413,FAUST,OUTER,2018-01-15,15,1,2018,17,2,1,9,,,0,,4,5,4,25,2,1,2,5,0,0,0,0,true,false,false,false,false,false,false,false,false,false,false,false,false,false,false,false,false,false,false,false,false,false,-83.22381,42.41916,"{
  ""coordinates"": [
    -8.322380692063760e+01,
    4.241915898550200e+01
  ],
  ""type"": ""Point""
}","{
  ""coordinates"": [
    -83.223806921,
    42.419158986
  ],
  ""type"": ""Point""
}",-83.2238069209999,42.4191589860001
3229,1275321,I-94,I-75,2018-01-15,15,1,2018,20,2,8,1,,1,0,Concrete,4,5,4,55,3,2,1,5,0,0,0,0,true,false,false,false,true,false,false,false,false,false,false,false,false,false,false,false,false,false,false,false,false,false,-83.05653,42.36966,"{
  ""coordinates"": [
    -8.305652648056950e+01,
    4.236965567002360e+01
  ],
  ""type"": ""Point""
}","{
  ""coordinates"": [
    -83.056526481,
    42.36965567
  ],
  ""type"": ""Point""
}",-83.0565264809999,42.36965567
3230,1269981,GRAND RIVER,LOTHROP,2018-01-15,15,1,2018,10,2,5,3,,1,0,Asphalt,2,5,1,35,6,2,3,5,0,0,0,0,true,false,false,false,false,false,false,false,false,false,false,false,false,false,false,false,false,false,false,false,false,false,-83.11082,42.35737,"{
  ""coordinates"": [
    -8.311082635986780e+01,
    4.235736937791020e+01
  ],
  ""type"": ""Point""
}","{
  ""coordinates"": [
    -83.11082636,
    42.357369378
  ],
  ""type"": ""Point""
}",-83.11082636,42.357369378
3231,1276373,JEFFERSON,RIVARD,2018-01-15,15,1,2018,12,2,4,9,,4,0,Asphalt,1,1,1,45,6,2,2,5,0,0,0,0,true,false,false,false,false,false,false,false,false,false,false,false,false,false,false,false,false,false,false,false,false,false,-83.03384,42.33343,"{
  ""coordinates"": [
    -8.303384470291169e+01,
    4.233342617869090e+01
  ],
  ""type"": ""Point""
}","{
  ""coordinates"": [
    -83.033844703,
    42.333426179
  ],
  ""type"": ""Point""
}",-83.0338447029999,42.3334261790001
3232,1272479,GRIGGS,MCNICHOLS,2018-01-15,15,1,2018,1,2,98,9,,,3,,4,5,4,25,2,2,0,5,0,0,0,0,true,false,false,false,true,false,false,false,false,false,false,true,false,false,false,false,false,false,false,false,false,false,-83.16354,42.41629,"{
  ""coordinates"": [
    -8.316354416888611e+01,
    4.241629408466080e+01
  ],
  ""type"": ""Point""
}","{
  ""coordinates"": [
    -83.163544169,
    42.416294085
  ],
  ""type"": ""Point""
}",-83.163544169,42.4162940850001
3233,1268420,MCNICHOLS,GREENFIELD,2018-01-15,15,1,2018,16,2,4,9,,2,0,Asphalt,3,5,1,35,4,2,3,4,0,0,0,1,false,true,false,false,false,false,false,false,false,false,false,false,false,true,false,false,false,false,false,false,false,false,-83.19929,42.41599,"{
  ""coordinates"": [
    -8.319928974158741e+01,
    4.241598427975480e+01
  ],
  ""type"": ""Point""
}","{
  ""coordinates"": [
    -83.199289742,
    42.41598428
  ],
  ""type"": ""Point""
}",-83.199289742,42.41598428
3234,1268419,BLACKSTONE,VERNE,2018-01-15,15,1,2018,14,2,98,9,,,3,,4,5,4,25,1,2,0,5,0,0,0,0,true,false,false,false,true,false,false,false,false,false,true,false,false,true,false,false,false,false,false,false,false,false,-83.24979,42.4114,"{
  ""coordinates"": [
    -8.324978762921560e+01,
    4.241140020529040e+01
  ],
  ""type"": ""Point""
}","{
  ""coordinates"": [
    -83.249787629,
    42.411400205
  ],
  ""type"": ""Point""
}",-83.249787629,42.4114002050001
3235,1268390,SOUTHFIELD SERVICE DRIVE,OUTER,2018-01-15,15,1,2018,15,2,9,9,,4,2,Asphalt,4,5,1,,1,2,1,5,0,0,0,0,true,false,false,false,true,false,false,false,false,false,false,false,false,true,false,false,false,false,false,false,false,false,-83.21864,42.41892,"{
  ""coordinates"": [
    -8.321864518013440e+01,
    4.241892219907240e+01
  ],
  ""type"": ""Point""
}","{
  ""coordinates"": [
    -83.21864518,
    42.418922199
  ],
  ""type"": ""Point""
}",-83.21864518,42.4189221990001
3236,1268382,RAMP 047B,W M 8,2018-01-15,15,1,2018,10,2,1,1,,1,1,Concrete,2,5,1,70,5,1,1,5,0,0,0,0,true,false,false,false,false,false,false,false,false,true,false,false,false,false,true,false,false,false,false,false,false,false,-83.07922,42.40884,"{
  ""coordinates"": [
    -8.307921865440790e+01,
    4.240883486756790e+01
  ],
  ""type"": ""Point""
}","{
  ""coordinates"": [
    -83.079218654,
    42.408834868
  ],
  ""type"": ""Point""
}",-83.079218654,42.408834868
3237,1268377,I 96,GREENFIELD,2018-01-15,15,1,2018,15,2,1,1,,1,1,Concrete,4,5,1,70,3,1,1,5,0,0,0,0,true,false,false,false,false,false,false,false,false,true,false,false,false,false,false,false,false,false,false,false,false,false,-83.1973,42.37907,"{
  ""coordinates"": [
    -8.319729416289491e+01,
    4.237906727413620e+01
  ],
  ""type"": ""Point""
}","{
  ""coordinates"": [
    -83.197294163,
    42.379067274
  ],
  ""type"": ""Point""
}",-83.197294163,42.3790672740001
3238,1268385,PURITAIN,STANSBURY,2018-01-15,15,1,2018,7,2,8,9,,4,0,Asphalt,2,1,1,35,2,2,2,5,0,0,0,0,true,false,false,false,false,false,false,true,false,true,false,false,false,false,false,false,false,false,false,false,false,false,-83.18265,42.40926,"{
  ""coordinates"": [
    -8.318264422119310e+01,
    4.240926376383490e+01
  ],
  ""type"": ""Point""
}","{
  ""coordinates"": [
    -83.182644221,
    42.409263764
  ],
  ""type"": ""Point""
}",-83.182644221,42.4092637640001
3239,1288168,RAMP 017A,I 375,2018-01-15,15,1,2018,7,2,5,1,,1,0,Asphalt,1,1,4,55,1,2,2,5,0,0,0,0,true,false,false,false,false,false,false,false,false,false,false,false,false,false,false,false,false,false,false,false,false,false,-83.03912,42.33807,"{
  ""coordinates"": [
    -8.303911928540730e+01,
    4.233806844392550e+01
  ],
  ""type"": ""Point""
}","{
  ""coordinates"": [
    -83.039119285,
    42.338068444
  ],
  ""type"": ""Point""
}",-83.039119285,42.338068444
3240,1428792,BELTON,WESTWOOD,2018-01-15,15,1,2018,11,2,97,9,,,0,,3,1,1,25,3,2,0,5,0,0,0,0,true,false,false,false,true,false,false,false,false,false,false,false,false,false,false,false,false,false,false,false,false,false,-83.23087,42.35221,"{
  ""coordinates"": [
    -8.323086376189811e+01,
    4.235221091761190e+01
  ],
  ""type"": ""Point""
}","{
  ""coordinates"": [
    -83.230863762,
    42.352210918
  ],
  ""type"": ""Point""
}",-83.230863762,42.352210918
3241,1428779,LINDSAY,7 MILE,2018-01-15,15,1,2018,0,2,2,9,,,2,,4,5,4,25,3,2,0,5,0,0,0,0,true,false,false,false,true,false,false,false,false,false,false,false,false,false,false,false,false,false,false,false,false,false,-83.21394,42.43023,"{
  ""coordinates"": [
    -8.321393662811499e+01,
    4.243022557945590e+01
  ],
  ""type"": ""Point""
}","{
  ""coordinates"": [
    -83.213936628,
    42.430225579
  ],
  ""type"": ""Point""
}",-83.2139366279999,42.4302255790001
3242,1269940,MACK,WOODWARD,2018-01-15,15,1,2018,17,2,97,3,,4,0,Asphalt,4,5,4,30,5,2,0,4,0,0,0,1,false,false,false,false,true,false,false,false,false,false,false,false,true,false,false,false,false,false,false,false,false,false,-83.05788,42.34738,"{
  ""coordinates"": [
    -8.305787661938690e+01,
    4.234738114478640e+01
  ],
  ""type"": ""Point""
}","{
  ""coordinates"": [
    -83.057876619,
    42.347381145
  ],
  ""type"": ""Point""
}",-83.057876619,42.347381145
3243,1373927,SEMINOLE,VERNOR,2018-01-15,15,1,2018,18,2,2,9,,,2,,4,1,4,25,2,2,0,5,0,0,0,0,true,false,false,false,true,false,false,false,false,false,false,false,false,false,false,false,false,false,false,false,false,false,-82.99884,42.36179,"{
  ""coordinates"": [
    -8.299883949979800e+01,
    4.236178600441290e+01
  ],
  ""type"": ""Point""
}","{
  ""coordinates"": [
    -82.9988395,
    42.361786004
  ],
  ""type"": ""Point""
}",-82.9988395,42.3617860040001
3244,1268422,GRATIOT,PARK GROVE,2018-01-15,15,1,2018,15,2,97,3,,1,0,Asphalt,6,5,1,35,7,2,5,5,0,0,0,0,true,false,false,false,false,false,false,false,false,true,false,false,false,false,false,false,false,false,false,false,false,false,-82.98134,42.42955,"{
  ""coordinates"": [
    -8.298133933488781e+01,
    4.242955207929500e+01
  ],
  ""type"": ""Point""
}","{
  ""coordinates"": [
    -82.981339335,
    42.429552079
  ],
  ""type"": ""Point""
}",-82.981339335,42.4295520790001
3245,1324970,W I 94,VAN DYKE,2018-01-15,15,1,2018,9,2,1,1,,1,1,Asphalt,1,1,1,55,3,1,1,5,0,0,0,0,true,false,false,false,false,false,false,false,false,false,true,false,false,true,false,false,false,false,false,false,false,false,-83.01984,42.38639,"{
  ""coordinates"": [
    -8.301983733534080e+01,
    4.238639483131310e+01
  ],
  ""type"": ""Point""
}","{
  ""coordinates"": [
    -83.019837335,
    42.386394831
  ],
  ""type"": ""Point""
}",-83.019837335,42.3863948310001
3246,1268406,BALDWIN,KIRBY,2018-01-15,15,1,2018,17,2,98,9,,,0,,4,5,1,25,2,2,0,5,0,0,0,0,true,false,false,false,true,false,false,false,false,false,false,false,false,false,false,false,false,false,false,false,false,false,-83.01678,42.37822,"{
  ""coordinates"": [
    -8.301677728099300e+01,
    4.237821564404980e+01
  ],
  ""type"": ""Point""
}","{
  ""coordinates"": [
    -83.016777281,
    42.378215644
  ],
  ""type"": ""Point""
}",-83.016777281,42.3782156440001
3247,1268379,RAMP 109B,E M 8,2018-01-15,15,1,2018,20,2,1,3,,1,1,Asphalt,4,5,4,55,3,1,1,4,0,0,0,1,false,true,false,false,false,false,false,false,false,true,false,false,false,false,false,false,false,false,false,false,false,false,-83.10971,42.39708,"{
  ""coordinates"": [
    -8.310970721535649e+01,
    4.239707756036720e+01
  ],
  ""type"": ""Point""
}","{
  ""coordinates"": [
    -83.109707215,
    42.39707756
  ],
  ""type"": ""Point""
}",-83.109707215,42.3970775600001
3248,1296017,E I 96,MARTIN LUTHER KING JR,2018-01-15,15,1,2018,13,2,1,1,,1,1,Asphalt,3,1,1,55,3,1,1,4,0,0,0,1,false,false,false,false,false,false,false,false,false,false,false,false,false,false,false,false,false,false,false,false,false,false,-83.09118,42.33674,"{
  ""coordinates"": [
    -8.309117851828481e+01,
    4.233674397081850e+01
  ],
  ""type"": ""Point""
}","{
  ""coordinates"": [
    -83.091178518,
    42.336743971
  ],
  ""type"": ""Point""
}",-83.0911785179999,42.336743971
3249,1273877,I75,GREELEY,2018-01-15,15,1,2018,13,2,1,1,,4,1,Asphalt,4,5,1,70,3,1,1,5,0,0,0,0,true,false,false,false,false,false,false,false,false,true,false,false,false,false,false,false,false,false,false,false,false,false,-83.0872,42.41823,"{
  ""coordinates"": [
    -8.308719440959349e+01,
    4.241822802017290e+01
  ],
  ""type"": ""Point""
}","{
  ""coordinates"": [
    -83.08719441,
    42.41822802
  ],
  ""type"": ""Point""
}",-83.0871944099999,42.4182280200001
3250,1280877,TRUMBULL,MERRICK,2018-01-15,15,1,2018,16,2,98,9,,4,0,Asphalt,1,1,1,35,2,3,0,5,0,0,0,0,true,false,false,false,false,false,false,false,false,false,false,false,false,false,false,false,false,false,false,false,false,false,-83.07991,42.35415,"{
  ""coordinates"": [
    -8.307990918910740e+01,
    4.235415077752610e+01
  ],
  ""type"": ""Point""
}","{
  ""coordinates"": [
    -83.079909189,
    42.354150778
  ],
  ""type"": ""Point""
}",-83.079909189,42.3541507780001
3251,1268411,MCDOUGALL,LAFAYETTE,2018-01-15,15,1,2018,11,2,8,9,,4,0,Asphalt,4,1,1,30,3,2,2,5,0,0,0,0,true,false,false,false,false,false,false,false,false,false,false,false,false,true,false,false,false,false,false,false,false,false,-83.01788,42.34337,"{
  ""coordinates"": [
    -8.301788653608490e+01,
    4.234337251766850e+01
  ],
  ""type"": ""Point""
}","{
  ""coordinates"": [
    -83.017886536,
    42.343372518
  ],
  ""type"": ""Point""
}",-83.0178865359999,42.3433725180001
3252,1268407,KERCHEVAL,BELLEVUE,2018-01-15,15,1,2018,18,2,4,9,,4,0,Asphalt,4,5,4,30,4,2,2,5,0,0,0,0,true,false,false,false,false,false,false,false,false,false,false,false,false,false,false,false,false,false,false,false,false,false,-83.012,42.35395,"{
  ""coordinates"": [
    -8.301199885429391e+01,
    4.235395599680820e+01
  ],
  ""type"": ""Point""
}","{
  ""coordinates"": [
    -83.011998854,
    42.353955997
  ],
  ""type"": ""Point""
}",-83.011998854,42.3539559970001
3253,1268430,KEATING,STATE FAIR,2018-01-15,15,1,2018,13,2,3,9,,,0,,4,5,1,25,2,2,2,5,0,0,0,0,true,false,false,false,true,false,false,false,false,false,false,false,false,false,false,false,false,false,false,false,false,false,-83.10044,42.43979,"{
  ""coordinates"": [
    -8.310044410006530e+01,
    4.243978787108790e+01
  ],
  ""type"": ""Point""
}","{
  ""coordinates"": [
    -83.1004441,
    42.439787871
  ],
  ""type"": ""Point""
}",-83.1004440999999,42.4397878710001
3254,1268387,ELLIS,HARTWELL,2018-01-15,15,1,2018,10,2,97,9,,,3,,4,5,1,25,1,2,1,5,0,0,0,0,true,false,false,false,false,false,false,false,false,false,true,false,false,false,false,false,false,false,false,false,false,false,-83.17626,42.36084,"{
  ""coordinates"": [
    -8.317626540425060e+01,
    4.236083662673480e+01
  ],
  ""type"": ""Point""
}","{
  ""coordinates"": [
    -83.176265404,
    42.360836627
  ],
  ""type"": ""Point""
}",-83.1762654039999,42.360836627
3255,1268388,GREENFIELD,SCHOOLCRAFT,2018-01-15,15,1,2018,21,2,1,9,,2,1,Asphalt,6,5,4,35,5,1,1,5,0,0,0,0,true,false,false,false,false,false,false,false,false,false,false,false,false,false,false,false,false,false,false,false,false,false,-83.19811,42.38623,"{
  ""coordinates"": [
    -8.319811340890760e+01,
    4.238622593746230e+01
  ],
  ""type"": ""Point""
}","{
  ""coordinates"": [
    -83.198113409,
    42.386225937
  ],
  ""type"": ""Point""
}",-83.198113409,42.3862259370001
3256,1268427,PICKFORD,MONTE VISTA,2018-01-15,15,1,2018,8,2,5,9,,,0,,3,1,98,25,2,2,0,5,0,0,0,0,true,false,false,false,true,false,false,false,false,false,false,false,false,false,false,false,false,false,false,false,false,false,-83.1687,42.42585,"{
  ""coordinates"": [
    -8.316870490706680e+01,
    4.242584530233540e+01
  ],
  ""type"": ""Point""
}","{
  ""coordinates"": [
    -83.168704907,
    42.425845302
  ],
  ""type"": ""Point""
}",-83.1687049069999,42.425845302
3257,1268410,VANDYKE,AGNES,2018-01-15,15,1,2018,7,2,9,9,,4,2,Asphalt,2,5,2,30,4,2,2,5,0,0,0,0,true,false,false,false,false,false,false,false,false,false,false,false,false,false,false,true,false,false,false,false,false,false,-82.99745,42.35496,"{
  ""coordinates"": [
    -8.299745298385680e+01,
    4.235496329981250e+01
  ],
  ""type"": ""Point""
}","{
  ""coordinates"": [
    -82.997452984,
    42.3549633
  ],
  ""type"": ""Point""
}",-82.9974529839999,42.3549633000001
3258,1269948,GRAND,N M 10,2018-01-15,15,1,2018,15,2,4,9,,4,0,Concrete,2,5,1,35,5,2,4,5,0,0,0,0,true,false,false,false,false,false,false,false,false,false,false,false,false,false,false,false,false,false,false,false,false,false,-83.08166,42.36703,"{
  ""coordinates"": [
    -8.308165599265050e+01,
    4.236703397899780e+01
  ],
  ""type"": ""Point""
}","{
  ""coordinates"": [
    -83.081655993,
    42.367033979
  ],
  ""type"": ""Point""
}",-83.081655993,42.367033979
3259,1269980,PURITAN,PINEHURTS,2018-01-15,15,1,2018,18,2,5,9,,4,0,Asphalt,3,5,3,35,4,2,2,5,0,0,0,0,true,false,false,false,false,false,false,false,false,false,false,false,false,false,false,false,false,false,false,false,false,false,-83.16685,42.40959,"{
  ""coordinates"": [
    -8.316684919377749e+01,
    4.240958608154320e+01
  ],
  ""type"": ""Point""
}","{
  ""coordinates"": [
    -83.166849194,
    42.409586082
  ],
  ""type"": ""Point""
}",-83.166849194,42.409586082
3260,1272476,OUTER,COYLE,2018-01-15,15,1,2018,9,2,4,9,,2,0,Asphalt,3,5,1,,2,2,2,5,0,0,0,0,true,false,false,false,false,false,false,false,true,false,false,false,false,false,false,true,false,false,false,false,false,false,-83.19485,42.41966,"{
  ""coordinates"": [
    -8.319484793907660e+01,
    4.241966173243390e+01
  ],
  ""type"": ""Point""
}","{
  ""coordinates"": [
    -83.194847939,
    42.419661732
  ],
  ""type"": ""Point""
}",-83.1948479389999,42.4196617320001
3261,1273930,I75,8 MILE,2018-01-15,15,1,2018,13,2,1,1,,1,0,Asphalt,4,5,1,70,3,1,1,5,0,0,0,0,true,false,false,false,false,false,false,false,false,false,false,false,false,false,false,false,false,false,false,false,false,false,-83.09494,42.43957,"{
  ""coordinates"": [
    -8.309493744758301e+01,
    4.243956582902900e+01
  ],
  ""type"": ""Point""
}","{
  ""coordinates"": [
    -83.094937448,
    42.439565829
  ],
  ""type"": ""Point""
}",-83.0949374479999,42.4395658290001
3262,1274092,FENKELL,EVERGREEN,2018-01-15,15,1,2018,20,2,5,9,,2,0,Asphalt,3,5,4,30,2,2,6,5,0,0,0,0,true,false,false,false,false,false,false,false,false,false,false,false,false,false,false,false,false,false,false,false,false,false,-83.23779,42.40067,"{
  ""coordinates"": [
    -8.323779355963021e+01,
    4.240066359287020e+01
  ],
  ""type"": ""Point""
}","{
  ""coordinates"": [
    -83.23779356,
    42.400663593
  ],
  ""type"": ""Point""
}",-83.2377935599999,42.400663593
3263,1275376,HOLCOMB,MACK,2018-01-15,15,1,2018,19,2,8,9,,,0,,4,1,4,25,2,2,1,5,0,0,0,0,true,false,false,false,true,false,false,false,false,false,false,false,false,false,false,false,false,false,false,false,false,false,-82.99612,42.37135,"{
  ""coordinates"": [
    -8.299612396903130e+01,
    4.237134861611190e+01
  ],
  ""type"": ""Point""
}","{
  ""coordinates"": [
    -82.996123969,
    42.371348616
  ],
  ""type"": ""Point""
}",-82.9961239689999,42.371348616
3264,1274008,SAINT ANTOINE,MACK,2018-01-15,15,1,2018,16,2,8,9,,,0,,1,1,1,25,4,2,1,5,0,0,0,0,true,false,false,false,false,false,false,false,false,false,false,false,false,true,false,false,false,false,false,false,false,false,-83.05061,42.35015,"{
  ""coordinates"": [
    -8.305061272734910e+01,
    4.235014681751800e+01
  ],
  ""type"": ""Point""
}","{
  ""coordinates"": [
    -83.050612727,
    42.350146818
  ],
  ""type"": ""Point""
}",-83.050612727,42.350146818
3265,1273949,I-94,I-75,2018-01-15,15,1,2018,18,2,5,1,,1,0,Concrete,4,5,4,55,3,3,2,4,0,0,0,1,false,false,false,false,true,false,false,false,false,false,false,false,false,false,false,false,false,false,false,false,false,false,-83.05653,42.36966,"{
  ""coordinates"": [
    -8.305652648056950e+01,
    4.236965567002360e+01
  ],
  ""type"": ""Point""
}","{
  ""coordinates"": [
    -83.056526481,
    42.36965567
  ],
  ""type"": ""Point""
}",-83.0565264809999,42.36965567
3266,1273875,N M 10,RAMP 122B,2018-01-15,15,1,2018,8,2,97,3,,1,1,Concrete,4,5,1,70,3,1,1,5,0,0,0,0,true,false,false,false,false,false,false,false,false,true,false,false,false,false,false,false,false,false,false,false,false,false,-83.06532,42.33744,"{
  ""coordinates"": [
    -8.306532639344040e+01,
    4.233744385714730e+01
  ],
  ""type"": ""Point""
}","{
  ""coordinates"": [
    -83.065326393,
    42.337443857
  ],
  ""type"": ""Point""
}",-83.065326393,42.337443857
3267,1269990,CAMBRDIGE,OAKFIELD,2018-01-15,15,1,2018,16,2,4,9,,,0,,4,5,1,25,2,2,2,5,0,0,0,0,true,false,false,false,true,false,false,false,false,false,false,false,false,false,false,false,false,false,false,false,false,false,-83.21537,42.43193,"{
  ""coordinates"": [
    -8.321537004971070e+01,
    4.243192758350510e+01
  ],
  ""type"": ""Point""
}","{
  ""coordinates"": [
    -83.21537005,
    42.431927584
  ],
  ""type"": ""Point""
}",-83.21537005,42.4319275840001
3268,1268402,FORT,OMAHA,2018-01-15,15,1,2018,15,2,1,3,,1,1,Asphalt,4,5,1,35,3,1,2,5,0,0,0,0,true,false,false,false,false,false,false,false,false,false,false,false,false,true,false,false,false,false,false,false,false,false,-83.15942,42.27108,"{
  ""coordinates"": [
    -8.315941630949079e+01,
    4.227107430797180e+01
  ],
  ""type"": ""Point""
}","{
  ""coordinates"": [
    -83.159416309,
    42.271074308
  ],
  ""type"": ""Point""
}",-83.1594163089999,42.271074308