ObjectId,Crash ID,Primary Road,Intersecting Road,Crash Date,Day,Month,Year,Hour,Weekday,Crash Type Code,Highway Classification Code,Community Code,Jurisdiction Code,Lane Departure Type Code,Surface Type,Road Condition,Weather Condition,Lighting Condition,Speed Limit,Lanes,Units,Occupants,Most Severe Injury,Fatal Injuries,Suspected Serious Injuries,Suspected Minor Injuries,Possible Injuries,Property Damage Only,Secondary Crash,Traffic Control,Red Light Run,Hit and Run,Alcohol,Drugs,Unbelted Person,Work Zone,Speeding Driver,Distracted Driver,Driveway,Pedestrian,Elderly Driver,Young Driver,Commercial Vehicle,Emergency Vehicles,Train,School Bus,Motorcycle,Bicycle,Deer,Longitude,Latitude,geom,geog,x,y
3378,1265842,GRAND RIVER,SCHAEFER,2018-01-12,12,1,2018,10,6,4,3,,1,0,Asphalt,2,5,1,35,5,2,3,5,0,0,0,0,true,false,false,false,false,false,false,false,false,false,false,false,false,false,false,false,false,false,false,false,false,false,-83.17864,42.38472,"{
  ""coordinates"": [
    -8.317864536128880e+01,
    4.238471616994540e+01
  ],
  ""type"": ""Point""
}","{
  ""coordinates"": [
    -83.178645361,
    42.38471617
  ],
  ""type"": ""Point""
}",-83.178645361,42.38471617
3379,1265847,LYNDON,STANSBURY,2018-01-12,12,1,2018,15,6,9,9,,4,2,Asphalt,3,1,1,30,2,2,3,3,0,0,2,0,false,false,false,false,false,false,false,false,false,false,false,false,false,false,true,false,false,false,false,false,false,false,-83.18188,42.39474,"{
  ""coordinates"": [
    -8.318187345835810e+01,
    4.239474156056570e+01
  ],
  ""type"": ""Point""
}","{
  ""coordinates"": [
    -83.181873458,
    42.394741561
  ],
  ""type"": ""Point""
}",-83.181873458,42.394741561
3380,1265921,GRATIOT,FRENCH,2018-01-12,12,1,2018,15,6,5,3,,1,0,Asphalt,2,2,2,35,7,2,5,5,0,0,0,0,true,false,false,false,false,false,false,false,false,false,false,true,false,false,false,false,false,false,false,false,false,false,-83.00086,42.39977,"{
  ""coordinates"": [
    -8.300086287857390e+01,
    4.239976567368020e+01
  ],
  ""type"": ""Point""
}","{
  ""coordinates"": [
    -83.000862879,
    42.399765674
  ],
  ""type"": ""Point""
}",-83.000862879,42.399765674
3381,1267143,MANNING,CORDELL,2018-01-12,12,1,2018,10,6,10,9,,,0,,2,5,1,25,1,2,1,5,0,0,0,0,true,false,false,false,true,false,false,false,false,false,false,false,false,false,false,false,false,false,false,false,false,false,-82.95031,42.44109,"{
  ""coordinates"": [
    -8.295031090502439e+01,
    4.244108876353150e+01
  ],
  ""type"": ""Point""
}","{
  ""coordinates"": [
    -82.950310905,
    42.441088764
  ],
  ""type"": ""Point""
}",-82.950310905,42.441088764
3382,1269984,8 MILE,DEQUINDRE,2018-01-12,12,1,2018,22,6,8,3,,1,0,Asphalt,3,8,3,40,5,2,6,5,0,0,0,0,true,false,false,false,false,false,false,false,false,false,false,false,false,false,false,false,true,false,false,false,false,false,-83.08566,42.44697,"{
  ""coordinates"": [
    -8.308566015770270e+01,
    4.244696978813100e+01
  ],
  ""type"": ""Point""
}","{
  ""coordinates"": [
    -83.085660158,
    42.446969788
  ],
  ""type"": ""Point""
}",-83.0856601579999,42.446969788
3383,1265948,CHEYENNE,GROVE,2018-01-12,12,1,2018,16,6,1,9,,,0,,3,2,1,25,1,1,1,5,0,0,0,0,true,false,false,false,false,false,false,false,false,false,false,false,false,false,false,false,false,false,false,false,false,false,-83.17537,42.4142,"{
  ""coordinates"": [
    -8.317536768759400e+01,
    4.241420076900330e+01
  ],
  ""type"": ""Point""
}","{
  ""coordinates"": [
    -83.175367688,
    42.414200769
  ],
  ""type"": ""Point""
}",-83.1753676879999,42.414200769
3384,1265908,LYNDON,WESTWOOD,2018-01-12,12,1,2018,16,6,4,9,,,0,,3,5,1,25,2,2,1,5,0,0,0,0,true,true,false,false,false,false,false,false,false,false,false,false,false,false,false,false,false,false,false,false,false,false,-83.23233,42.39359,"{
  ""coordinates"": [
    -8.323232820207350e+01,
    4.239358738734650e+01
  ],
  ""type"": ""Point""
}","{
  ""coordinates"": [
    -83.232328202,
    42.393587387
  ],
  ""type"": ""Point""
}",-83.232328202,42.393587387
3385,1265809,E I 96,FULLERTON,2018-01-12,12,1,2018,7,6,1,1,,1,1,Concrete,2,4,1,70,4,1,1,5,0,0,0,0,true,false,false,false,false,false,false,false,false,true,false,false,false,false,false,false,false,false,false,false,false,false,-83.18903,42.38016,"{
  ""coordinates"": [
    -8.318903107618000e+01,
    4.238015610547270e+01
  ],
  ""type"": ""Point""
}","{
  ""coordinates"": [
    -83.189031076,
    42.380156105
  ],
  ""type"": ""Point""
}",-83.1890310759999,42.380156105
3386,1284672,ARDMORE,OUTER,2018-01-12,12,1,2018,14,6,5,9,,,3,,3,5,1,25,2,2,2,5,0,0,0,0,true,false,false,false,false,false,false,false,false,false,false,false,false,false,false,false,false,false,false,false,false,false,-83.18484,42.42005,"{
  ""coordinates"": [
    -8.318484811301660e+01,
    4.242005132108440e+01
  ],
  ""type"": ""Point""
}","{
  ""coordinates"": [
    -83.184848113,
    42.420051321
  ],
  ""type"": ""Point""
}",-83.184848113,42.4200513210001
3387,1265875,SCOENHERR,LAPPIN,2018-01-12,12,1,2018,23,6,4,9,,4,0,Asphalt,1,1,5,30,2,2,2,5,0,0,0,0,true,false,false,false,true,false,false,false,false,false,false,false,false,false,false,false,false,false,false,false,false,false,-82.98521,42.43697,"{
  ""coordinates"": [
    -8.298520734762189e+01,
    4.243697007722480e+01
  ],
  ""type"": ""Point""
}","{
  ""coordinates"": [
    -82.985207348,
    42.436970077
  ],
  ""type"": ""Point""
}",-82.985207348,42.4369700770001
3388,1268366,W I 96,GREENFIELD,2018-01-12,12,1,2018,2,6,1,1,,1,1,Concrete,2,4,4,70,3,1,5,4,0,0,0,1,false,false,false,false,false,false,true,false,false,true,false,false,false,false,false,false,false,false,false,false,false,false,-83.19757,42.37924,"{
  ""coordinates"": [
    -8.319756944329001e+01,
    4.237923636258090e+01
  ],
  ""type"": ""Point""
}","{
  ""coordinates"": [
    -83.197569443,
    42.379236363
  ],
  ""type"": ""Point""
}",-83.197569443,42.3792363630001
3389,1265795,I-75,DAVISON,2018-01-12,12,1,2018,19,6,1,1,,1,1,Concrete,1,2,4,55,4,1,1,5,0,0,0,0,true,false,false,false,false,false,false,false,false,false,false,false,false,true,false,false,false,false,false,false,false,false,-83.07809,42.40768,"{
  ""coordinates"": [
    -8.307809767902000e+01,
    4.240767768956980e+01
  ],
  ""type"": ""Point""
}","{
  ""coordinates"": [
    -83.078097679,
    42.40767769
  ],
  ""type"": ""Point""
}",-83.0780976789999,42.4076776900001
3390,1279392,CANFIELD,JOHN R,2018-01-12,12,1,2018,7,6,98,9,,4,0,Asphalt,98,1,98,25,2,2,0,5,0,0,0,0,true,false,false,false,true,false,false,false,false,false,false,false,true,false,false,false,false,false,false,false,false,false,-83.05937,42.35361,"{
  ""coordinates"": [
    -8.305937449434811e+01,
    4.235361361738960e+01
  ],
  ""type"": ""Point""
}","{
  ""coordinates"": [
    -83.059374494,
    42.353613617
  ],
  ""type"": ""Point""
}",-83.0593744939999,42.3536136170001
3391,1274087,FAIRFIELD,FLORENCE,2018-01-12,12,1,2018,13,6,8,9,,,0,,3,2,1,25,2,2,4,5,0,0,0,0,true,false,false,false,false,false,false,false,false,false,false,false,false,false,false,true,false,false,false,false,false,false,-83.13508,42.41228,"{
  ""coordinates"": [
    -8.313507782464750e+01,
    4.241227933256710e+01
  ],
  ""type"": ""Point""
}","{
  ""coordinates"": [
    -83.135077825,
    42.412279333
  ],
  ""type"": ""Point""
}",-83.1350778249999,42.4122793330001
3392,1265846,HUBBELL,FENKELL,2018-01-12,12,1,2018,13,6,5,9,,4,0,Asphalt,3,5,1,30,4,3,2,3,0,0,1,1,false,false,false,false,false,false,false,false,false,false,false,false,false,false,false,false,false,false,false,false,false,false,-83.18892,42.40184,"{
  ""coordinates"": [
    -8.318891814510120e+01,
    4.240184427649270e+01
  ],
  ""type"": ""Point""
}","{
  ""coordinates"": [
    -83.188918145,
    42.401844276
  ],
  ""type"": ""Point""
}",-83.1889181449999,42.4018442760001
3393,1265946,LESURE,NORFOLK,2018-01-12,12,1,2018,18,6,4,9,,,0,,3,1,4,25,2,2,2,5,0,0,0,0,true,false,false,false,true,false,false,false,false,false,false,false,false,false,false,false,false,false,false,false,false,false,-83.18336,42.44303,"{
  ""coordinates"": [
    -8.318335939039500e+01,
    4.244302695700700e+01
  ],
  ""type"": ""Point""
}","{
  ""coordinates"": [
    -83.18335939,
    42.443026957
  ],
  ""type"": ""Point""
}",-83.18335939,42.443026957
3394,1265954,MARSTON,JOHN R,2018-01-12,12,1,2018,16,6,97,9,,,0,,6,5,1,25,2,2,2,5,0,0,0,0,true,false,false,false,true,false,false,false,false,false,false,false,false,true,false,false,false,false,false,false,false,false,-83.07428,42.37569,"{
  ""coordinates"": [
    -8.307428048201170e+01,
    4.237569271103680e+01
  ],
  ""type"": ""Point""
}","{
  ""coordinates"": [
    -83.074280482,
    42.375692711
  ],
  ""type"": ""Point""
}",-83.0742804819999,42.3756927110001
3395,1265857,3RD,AMSTERDAM,2018-01-12,12,1,2018,13,6,8,9,,4,0,Asphalt,2,2,1,25,4,2,3,5,0,0,0,0,true,false,false,false,false,false,false,false,false,false,false,false,false,false,false,false,false,false,false,false,false,false,-83.07693,42.36465,"{
  ""coordinates"": [
    -8.307693567645440e+01,
    4.236464778505990e+01
  ],
  ""type"": ""Point""
}","{
  ""coordinates"": [
    -83.076935676,
    42.364647785
  ],
  ""type"": ""Point""
}",-83.0769356759999,42.364647785
3396,1265810,E I 96,E M 8,2018-01-12,12,1,2018,7,6,5,1,,1,0,Asphalt,2,4,2,55,2,2,2,5,0,0,0,0,true,true,false,false,false,false,false,false,false,false,false,false,false,false,false,false,false,false,false,false,false,false,-83.15704,42.38525,"{
  ""coordinates"": [
    -8.315703245526279e+01,
    4.238524568775770e+01
  ],
  ""type"": ""Point""
}","{
  ""coordinates"": [
    -83.157032455,
    42.385245688
  ],
  ""type"": ""Point""
}",-83.157032455,42.3852456880001
3397,1277289,EVERGREEN,CHICAGO,2018-01-12,12,1,2018,16,6,5,9,,4,0,Asphalt,3,2,1,30,4,2,2,5,0,0,0,0,true,false,false,false,false,false,false,false,false,false,false,false,false,false,false,true,false,false,true,false,false,false,-83.23604,42.3647,"{
  ""coordinates"": [
    -8.323603881088211e+01,
    4.236470425196750e+01
  ],
  ""type"": ""Point""
}","{
  ""coordinates"": [
    -83.236038811,
    42.364704252
  ],
  ""type"": ""Point""
}",-83.236038811,42.3647042520001
3398,1265944,HUBBELL,OUTER,2018-01-12,12,1,2018,15,6,5,9,,4,0,Asphalt,3,5,1,30,3,2,28,5,0,0,0,0,true,false,false,false,false,false,false,true,false,false,false,false,false,false,false,true,false,false,false,false,false,false,-83.18965,42.42007,"{
  ""coordinates"": [
    -8.318965193383640e+01,
    4.242006734924760e+01
  ],
  ""type"": ""Point""
}","{
  ""coordinates"": [
    -83.189651934,
    42.420067349
  ],
  ""type"": ""Point""
}",-83.189651934,42.4200673490001
3399,1267159,17180 NORTHLAWN,SANTA MARIA,2018-01-12,12,1,2018,7,6,98,9,,,0,,4,5,98,25,1,2,0,5,0,0,0,0,true,false,false,false,true,false,false,false,false,false,false,false,false,false,false,false,false,false,false,false,false,false,-83.1537,42.41903,"{
  ""coordinates"": [
    -8.315370031118761e+01,
    4.241902516873260e+01
  ],
  ""type"": ""Point""
}","{
  ""coordinates"": [
    -83.153700311,
    42.419025169
  ],
  ""type"": ""Point""
}",-83.153700311,42.4190251690001
3400,1265851,ROSA PARKS,BRAINARD,2018-01-12,12,1,2018,18,6,2,9,,4,0,Asphalt,1,1,4,25,3,2,1,5,0,0,0,0,true,false,false,false,false,true,true,false,false,false,false,false,false,false,false,false,false,false,false,false,false,false,-83.07761,42.34124,"{
  ""coordinates"": [
    -8.307760904895500e+01,
    4.234123738918110e+01
  ],
  ""type"": ""Point""
}","{
  ""coordinates"": [
    -83.077609049,
    42.341237389
  ],
  ""type"": ""Point""
}",-83.077609049,42.3412373890001
3401,1267134,APPOLINE,NORFOLK,2018-01-12,12,1,2018,16,6,2,9,,,2,,3,1,1,25,2,2,2,5,0,0,0,0,true,false,false,false,false,false,false,false,false,false,false,false,false,true,false,false,false,false,false,false,false,false,-83.17226,42.44324,"{
  ""coordinates"": [
    -8.317226571615780e+01,
    4.244323624108810e+01
  ],
  ""type"": ""Point""
}","{
  ""coordinates"": [
    -83.172265716,
    42.443236241
  ],
  ""type"": ""Point""
}",-83.172265716,42.4432362410001
3402,1269958,TOLEDO,CLARK,2018-01-12,12,1,2018,16,6,5,9,,4,0,Concrete,3,1,1,25,2,2,12,5,0,0,0,0,true,false,false,false,true,false,false,true,false,false,false,false,false,false,false,true,false,false,false,false,false,false,-83.09789,42.32317,"{
  ""coordinates"": [
    -8.309788973431070e+01,
    4.232316787240850e+01
  ],
  ""type"": ""Point""
}","{
  ""coordinates"": [
    -83.097889734,
    42.323167872
  ],
  ""type"": ""Point""
}",-83.097889734,42.3231678720001
3403,1272335,N M 39,MCNICHOLS,2018-01-12,12,1,2018,11,6,8,3,,1,0,Concrete,2,5,1,55,3,2,2,4,0,0,0,1,false,false,false,false,false,false,false,false,false,true,false,false,false,true,true,false,false,false,false,false,false,false,-83.21871,42.41514,"{
  ""coordinates"": [
    -8.321871540206379e+01,
    4.241514002589250e+01
  ],
  ""type"": ""Point""
}","{
  ""coordinates"": [
    -83.218715402,
    42.415140026
  ],
  ""type"": ""Point""
}",-83.218715402,42.4151400260001
3404,1265947,WISCONSIN,NORFOLK,2018-01-12,12,1,2018,19,6,4,9,,,3,,3,1,4,25,2,2,0,5,0,0,0,0,true,false,false,false,true,false,false,false,false,false,false,false,false,false,false,false,false,false,false,false,false,false,-83.15816,42.44354,"{
  ""coordinates"": [
    -8.315816200035060e+01,
    4.244354429056670e+01
  ],
  ""type"": ""Point""
}","{
  ""coordinates"": [
    -83.158162,
    42.443544291
  ],
  ""type"": ""Point""
}",-83.1581619999999,42.4435442910001
3405,1267110,BEAUBIEN,JEFFERSON,2018-01-12,12,1,2018,15,6,8,4,,4,0,Asphalt,98,98,1,,2,2,2,5,0,0,0,0,true,false,false,false,false,false,false,false,false,false,false,false,false,false,false,false,false,false,false,false,false,false,-83.03965,42.33066,"{
  ""coordinates"": [
    -8.303964809576409e+01,
    4.233066015392310e+01
  ],
  ""type"": ""Point""
}","{
  ""coordinates"": [
    -83.039648096,
    42.330660154
  ],
  ""type"": ""Point""
}",-83.039648096,42.330660154
3406,1265902,TELEGRAPH,7 MILE,2018-01-12,12,1,2018,16,6,8,2,,1,0,Asphalt,3,5,4,45,4,2,2,5,0,0,0,0,true,false,false,false,false,false,false,false,false,false,false,false,false,false,false,false,false,false,false,false,false,false,-83.27756,42.42881,"{
  ""coordinates"": [
    -8.327755569391270e+01,
    4.242881266711440e+01
  ],
  ""type"": ""Point""
}","{
  ""coordinates"": [
    -83.277555694,
    42.428812667
  ],
  ""type"": ""Point""
}",-83.2775556939999,42.428812667
3407,1284661,NORTHFIELD,WHITFIELD,2018-01-12,12,1,2018,17,6,4,9,,,0,,2,1,5,25,2,2,1,5,0,0,0,0,true,false,true,false,true,false,false,false,false,false,false,false,false,false,false,false,false,false,false,false,false,false,-83.13464,42.36254,"{
  ""coordinates"": [
    -8.313463580618669e+01,
    4.236253936752490e+01
  ],
  ""type"": ""Point""
}","{
  ""coordinates"": [
    -83.134635806,
    42.362539368
  ],
  ""type"": ""Point""
}",-83.1346358059999,42.3625393680001
3408,1269942,MACK,SAINT ANTOINE,2018-01-12,12,1,2018,7,6,8,9,,4,0,Asphalt,2,4,4,25,3,2,1,5,0,0,0,0,true,false,false,false,true,false,false,false,false,false,false,false,false,true,false,false,false,false,false,false,false,false,-83.0508,42.35029,"{
  ""coordinates"": [
    -8.305079776156350e+01,
    4.235029361232830e+01
  ],
  ""type"": ""Point""
}","{
  ""coordinates"": [
    -83.050797762,
    42.350293612
  ],
  ""type"": ""Point""
}",-83.0507977619999,42.350293612
3409,1265936,STOTTER,MILBANK,2018-01-12,12,1,2018,17,6,97,9,,,0,,3,1,3,25,1,2,1,5,0,0,0,0,true,false,false,false,true,false,false,false,false,false,false,false,false,false,false,false,false,false,false,false,false,false,-83.02582,42.44391,"{
  ""coordinates"": [
    -8.302581853648500e+01,
    4.244390799029990e+01
  ],
  ""type"": ""Point""
}","{
  ""coordinates"": [
    -83.025818536,
    42.44390799
  ],
  ""type"": ""Point""
}",-83.025818536,42.4439079900001
3410,1265890,WARREN,ARCHDALE,2018-01-12,12,1,2018,20,6,97,9,,2,0,Asphalt,3,1,4,35,4,2,3,5,0,0,0,0,true,false,false,false,false,false,false,false,false,false,false,false,false,false,false,false,true,false,false,false,false,false,-83.21469,42.34339,"{
  ""coordinates"": [
    -8.321468742273180e+01,
    4.234339304934190e+01
  ],
  ""type"": ""Point""
}","{
  ""coordinates"": [
    -83.214687423,
    42.343393049
  ],
  ""type"": ""Point""
}",-83.214687423,42.343393049
3411,1265856,RAMP 117A,MILWAUKEE,2018-01-12,12,1,2018,15,6,97,3,,1,0,Asphalt,2,2,2,30,4,3,3,5,0,0,0,0,true,false,true,true,false,false,false,false,false,false,false,false,false,false,false,false,false,false,false,false,false,false,-83.08064,42.36608,"{
  ""coordinates"": [
    -8.308064418137640e+01,
    4.236607638929820e+01
  ],
  ""type"": ""Point""
}","{
  ""coordinates"": [
    -83.080644181,
    42.366076389
  ],
  ""type"": ""Point""
}",-83.080644181,42.3660763890001
3412,1267153,FENELON,7 MILE,2018-01-12,12,1,2018,13,6,10,9,,,0,,3,5,1,25,2,2,0,5,0,0,0,0,true,false,false,false,true,false,false,false,false,false,false,false,false,false,false,false,false,false,false,false,false,false,-83.05382,42.43374,"{
  ""coordinates"": [
    -8.305381682074970e+01,
    4.243373896097190e+01
  ],
  ""type"": ""Point""
}","{
  ""coordinates"": [
    -83.053816821,
    42.433738961
  ],
  ""type"": ""Point""
}",-83.0538168209999,42.4337389610001
3413,1274085,APPOLINE,NORFOLK,2018-01-12,12,1,2018,15,6,2,9,,,0,,3,1,1,,2,2,2,5,0,0,0,0,true,false,false,false,false,false,false,false,false,false,false,false,false,true,false,false,false,false,false,false,false,false,-83.17226,42.44318,"{
  ""coordinates"": [
    -8.317226392811411e+01,
    4.244317828885740e+01
  ],
  ""type"": ""Point""
}","{
  ""coordinates"": [
    -83.172263928,
    42.443178289
  ],
  ""type"": ""Point""
}",-83.1722639279999,42.4431782890001
3414,1265855,LAFAYETTE,BROOKLYN,2018-01-12,12,1,2018,10,6,4,9,,4,0,Asphalt,2,7,1,25,3,2,2,5,0,0,0,0,true,false,false,false,false,false,false,false,false,false,false,false,false,false,false,false,false,false,false,false,false,false,-83.05988,42.32653,"{
  ""coordinates"": [
    -8.305988130938840e+01,
    4.232652877864130e+01
  ],
  ""type"": ""Point""
}","{
  ""coordinates"": [
    -83.059881309,
    42.326528779
  ],
  ""type"": ""Point""
}",-83.0598813089999,42.3265287790001
3415,1265871,CONNER,NORTH/SOUTH CONNER CUTOFF,2018-01-12,12,1,2018,16,6,5,9,,4,0,Asphalt,2,2,1,15,1,2,3,4,0,0,0,1,false,false,false,false,false,false,false,false,false,false,false,false,false,false,false,false,false,false,false,false,false,false,-82.9873,42.39507,"{
  ""coordinates"": [
    -8.298730557212519e+01,
    4.239506900152270e+01
  ],
  ""type"": ""Point""
}","{
  ""coordinates"": [
    -82.987305572,
    42.395069002
  ],
  ""type"": ""Point""
}",-82.987305572,42.3950690020001
3416,1265949,PURITAN,ILENE,2018-01-12,12,1,2018,14,6,3,9,,4,0,Asphalt,3,5,1,30,2,2,2,4,0,0,0,2,false,false,false,false,false,false,false,false,false,false,false,false,false,false,false,false,false,false,false,false,false,false,-83.16216,42.40967,"{
  ""coordinates"": [
    -8.316216316174300e+01,
    4.240967054819740e+01
  ],
  ""type"": ""Point""
}","{
  ""coordinates"": [
    -83.162163162,
    42.409670548
  ],
  ""type"": ""Point""
}",-83.162163162,42.4096705480001
3417,1265843,HUBBELL,MCNICHOLS,2018-01-12,12,1,2018,14,6,8,9,,4,0,Asphalt,4,1,1,35,6,2,2,5,0,0,0,0,true,false,false,false,false,false,false,false,false,false,false,false,false,true,false,false,false,false,false,false,false,false,-83.18956,42.41659,"{
  ""coordinates"": [
    -8.318955948689531e+01,
    4.241658984801080e+01
  ],
  ""type"": ""Point""
}","{
  ""coordinates"": [
    -83.189559487,
    42.416589848
  ],
  ""type"": ""Point""
}",-83.1895594869999,42.4165898480001
3418,1270527,FORT,VISGER,2018-01-12,12,1,2018,15,6,4,3,,1,0,Asphalt,4,1,1,45,4,3,3,5,0,0,0,0,true,false,false,false,false,false,false,false,false,false,false,false,false,false,false,false,false,false,false,false,false,false,-83.16148,42.26917,"{
  ""coordinates"": [
    -8.316147629585851e+01,
    4.226916945678790e+01
  ],
  ""type"": ""Point""
}","{
  ""coordinates"": [
    -83.161476296,
    42.269169457
  ],
  ""type"": ""Point""
}",-83.161476296,42.269169457
3419,1268392,CADILLAC,RANDOLPH,2018-01-12,12,1,2018,18,6,4,3,,4,0,Asphalt,2,5,4,35,4,2,1,5,0,0,0,0,true,false,false,false,true,false,false,false,false,false,false,false,false,false,false,false,false,false,false,false,false,false,-83.04327,42.3314,"{
  ""coordinates"": [
    -8.304326743578930e+01,
    4.233139916340950e+01
  ],
  ""type"": ""Point""
}","{
  ""coordinates"": [
    -83.043267436,
    42.331399163
  ],
  ""type"": ""Point""
}",-83.043267436,42.3313991630001
3420,1265865,SPRINGWELLS,GARTNER,2018-01-12,12,1,2018,6,6,4,9,,4,0,Asphalt,2,4,4,25,2,2,2,5,0,0,0,0,true,false,false,false,false,false,false,false,false,false,false,false,false,true,false,true,false,false,false,false,false,false,-83.12533,42.30881,"{
  ""coordinates"": [
    -8.312532639609130e+01,
    4.230881072431580e+01
  ],
  ""type"": ""Point""
}","{
  ""coordinates"": [
    -83.125326396,
    42.308810724
  ],
  ""type"": ""Point""
}",-83.1253263959999,42.3088107240001
3421,1276383,GRIGGS,PURITAN,2018-01-12,12,1,2018,18,6,98,9,,,3,,98,1,4,30,2,2,0,5,0,0,0,0,true,false,false,false,true,false,false,false,false,false,true,false,false,true,false,false,false,false,false,false,false,false,-83.16323,42.4091,"{
  ""coordinates"": [
    -8.316322749023480e+01,
    4.240909519509100e+01
  ],
  ""type"": ""Point""
}","{
  ""coordinates"": [
    -83.16322749,
    42.409095195
  ],
  ""type"": ""Point""
}",-83.1632274899999,42.4090951950001
3422,1265862,SPRINGWELL,CHAMBERLAIN,2018-01-12,12,1,2018,15,6,4,9,,4,0,Asphalt,3,5,1,25,2,2,1,5,0,0,0,0,true,false,false,false,false,false,false,false,false,true,false,false,false,false,false,false,false,false,false,false,false,false,-83.12186,42.30413,"{
  ""coordinates"": [
    -8.312186020148420e+01,
    4.230413312911950e+01
  ],
  ""type"": ""Point""
}","{
  ""coordinates"": [
    -83.121860201,
    42.304133129
  ],
  ""type"": ""Point""
}",-83.1218602009999,42.304133129
3423,1265929,MCNICHOLS,SYRACUSE,2018-01-12,12,1,2018,12,6,4,9,,4,0,Asphalt,3,5,1,30,2,2,3,5,0,0,0,0,true,false,true,true,false,false,false,false,false,false,false,false,false,false,false,false,false,false,false,false,false,false,-83.04395,42.41904,"{
  ""coordinates"": [
    -8.304394906350610e+01,
    4.241904454370490e+01
  ],
  ""type"": ""Point""
}","{
  ""coordinates"": [
    -83.043949064,
    42.419044544
  ],
  ""type"": ""Point""
}",-83.0439490639999,42.419044544
3424,1265893,ARCHDALE,DAVISON,2018-01-12,12,1,2018,17,6,8,9,,,0,,3,2,1,25,2,2,1,5,0,0,0,0,true,false,false,false,false,false,false,false,false,false,false,false,false,false,false,false,false,false,false,false,false,false,-83.21614,42.38437,"{
  ""coordinates"": [
    -8.321614293001529e+01,
    4.238436990723150e+01
  ],
  ""type"": ""Point""
}","{
  ""coordinates"": [
    -83.21614293,
    42.384369907
  ],
  ""type"": ""Point""
}",-83.21614293,42.3843699070001
3425,1268373,I-75,SCHAEFER,2018-01-12,12,1,2018,4,6,1,1,,1,1,Concrete,2,4,4,70,3,1,1,3,0,0,1,0,false,false,false,false,false,false,false,false,true,true,false,false,false,false,false,true,false,false,false,false,false,false,-83.15208,42.27892,"{
  ""coordinates"": [
    -8.315208570162530e+01,
    4.227892220722980e+01
  ],
  ""type"": ""Point""
}","{
  ""coordinates"": [
    -83.152085702,
    42.278922207
  ],
  ""type"": ""Point""
}",-83.152085702,42.2789222070001
3426,1275387,LOTHROP,ROSA PARKS,2018-01-12,12,1,2018,17,6,5,9,,5,0,Asphalt,3,1,1,,2,2,1,5,0,0,0,0,true,true,false,false,false,false,false,false,false,false,false,true,false,true,false,false,false,false,false,false,false,false,-83.09172,42.36493,"{
  ""coordinates"": [
    -8.309171985849960e+01,
    4.236492501819180e+01
  ],
  ""type"": ""Point""
}","{
  ""coordinates"": [
    -83.091719858,
    42.364925018
  ],
  ""type"": ""Point""
}",-83.091719858,42.3649250180001
3427,1265889,STAHELIN,WHITLOCK,2018-01-12,12,1,2018,12,6,8,9,,,0,,3,5,1,25,2,2,1,5,0,0,0,0,true,false,false,false,true,false,false,false,false,false,false,true,false,false,true,false,false,false,false,false,false,false,-83.22424,42.34076,"{
  ""coordinates"": [
    -8.322424145562010e+01,
    4.234075378703660e+01
  ],
  ""type"": ""Point""
}","{
  ""coordinates"": [
    -83.224241456,
    42.340753787
  ],
  ""type"": ""Point""
}",-83.224241456,42.340753787
3428,1265868,SPRINGWELLS,CHAMBERLAIN,2018-01-12,12,1,2018,15,6,97,9,,4,0,Asphalt,3,5,1,25,2,2,1,5,0,0,0,0,true,false,false,false,false,false,false,false,false,false,false,false,false,false,false,false,false,false,false,false,false,false,-83.12186,42.30413,"{
  ""coordinates"": [
    -8.312186020148420e+01,
    4.230413312911950e+01
  ],
  ""type"": ""Point""
}","{
  ""coordinates"": [
    -83.121860201,
    42.304133129
  ],
  ""type"": ""Point""
}",-83.1218602009999,42.304133129
3429,1265913,GLASTONBURY,PURITAN,2018-01-12,12,1,2018,16,6,4,9,,,0,,3,5,1,25,2,2,3,5,0,0,0,0,true,true,false,false,false,false,false,false,false,false,false,false,false,false,false,false,false,false,false,false,false,false,-83.22255,42.40823,"{
  ""coordinates"": [
    -8.322255105892980e+01,
    4.240822979765360e+01
  ],
  ""type"": ""Point""
}","{
  ""coordinates"": [
    -83.222551059,
    42.408229798
  ],
  ""type"": ""Point""
}",-83.222551059,42.408229798
3430,1265891,RUTHERFORD,DAVISON,2018-01-12,12,1,2018,17,6,4,9,,,0,,3,5,1,25,2,2,1,5,0,0,0,0,true,false,false,false,false,false,false,false,false,false,false,false,false,false,false,false,false,false,false,false,false,false,-83.20284,42.38471,"{
  ""coordinates"": [
    -8.320284196895750e+01,
    4.238471020864090e+01
  ],
  ""type"": ""Point""
}","{
  ""coordinates"": [
    -83.202841969,
    42.384710209
  ],
  ""type"": ""Point""
}",-83.202841969,42.384710209
3431,1265943,CURTIS,OAK,2018-01-12,12,1,2018,8,6,4,9,,,0,,2,7,1,25,1,2,3,5,0,0,0,0,true,false,false,false,false,false,false,false,false,false,false,false,false,true,true,false,false,false,false,false,false,false,-83.13835,42.42443,"{
  ""coordinates"": [
    -8.313835087347439e+01,
    4.242443655194190e+01
  ],
  ""type"": ""Point""
}","{
  ""coordinates"": [
    -83.138350873,
    42.424436552
  ],
  ""type"": ""Point""
}",-83.138350873,42.424436552