ObjectId,Crash ID,Primary Road,Intersecting Road,Crash Date,Day,Month,Year,Hour,Weekday,Crash Type Code,Highway Classification Code,Community Code,Jurisdiction Code,Lane Departure Type Code,Surface Type,Road Condition,Weather Condition,Lighting Condition,Speed Limit,Lanes,Units,Occupants,Most Severe Injury,Fatal Injuries,Suspected Serious Injuries,Suspected Minor Injuries,Possible Injuries,Property Damage Only,Secondary Crash,Traffic Control,Red Light Run,Hit and Run,Alcohol,Drugs,Unbelted Person,Work Zone,Speeding Driver,Distracted Driver,Driveway,Pedestrian,Elderly Driver,Young Driver,Commercial Vehicle,Emergency Vehicles,Train,School Bus,Motorcycle,Bicycle,Deer,Longitude,Latitude,geom,geog,x,y
3432,1265892,SALEM,MCNICHOLS,2018-01-12,12,1,2018,15,6,4,9,,,0,,3,2,1,35,2,2,2,4,0,0,0,1,false,false,false,false,true,false,false,false,false,false,false,false,false,false,false,false,false,false,false,false,false,false,-83.28518,42.41457,"{
  ""coordinates"": [
    -8.328518096318460e+01,
    4.241457002543890e+01
  ],
  ""type"": ""Point""
}","{
  ""coordinates"": [
    -83.285180963,
    42.414570025
  ],
  ""type"": ""Point""
}",-83.285180963,42.414570025
3433,1268425,WYOMING,FENKELL,2018-01-12,12,1,2018,6,6,5,9,,4,0,Asphalt,2,4,4,30,4,3,4,4,0,0,0,1,false,false,false,false,false,false,false,false,false,false,false,false,false,false,false,false,false,false,false,false,false,false,-83.15971,42.40319,"{
  ""coordinates"": [
    -8.315971745856730e+01,
    4.240319093754840e+01
  ],
  ""type"": ""Point""
}","{
  ""coordinates"": [
    -83.159717459,
    42.403190938
  ],
  ""type"": ""Point""
}",-83.159717459,42.4031909380001
3434,1265916,GRAND RIVER,LINDSAY,2018-01-12,12,1,2018,12,6,97,3,,1,0,Asphalt,2,5,1,35,7,2,1,3,0,0,1,0,false,false,false,false,false,false,false,false,false,false,false,false,true,false,false,false,false,false,false,false,false,false,-83.21272,42.39845,"{
  ""coordinates"": [
    -8.321271278709760e+01,
    4.239844943839460e+01
  ],
  ""type"": ""Point""
}","{
  ""coordinates"": [
    -83.212712787,
    42.398449438
  ],
  ""type"": ""Point""
}",-83.212712787,42.3984494380001
3435,1265926,ELMHURST,W I 96,2018-01-12,12,1,2018,20,6,1,9,,4,1,Concrete,3,1,5,25,1,1,1,5,0,0,0,0,true,false,false,false,false,false,false,false,false,false,false,false,false,false,false,false,false,false,false,false,false,false,-83.14598,42.37601,"{
  ""coordinates"": [
    -8.314598199406340e+01,
    4.237601640991830e+01
  ],
  ""type"": ""Point""
}","{
  ""coordinates"": [
    -83.145981994,
    42.37601641
  ],
  ""type"": ""Point""
}",-83.145981994,42.37601641
3436,1272397,TEMPLE,3RD,2018-01-12,12,1,2018,15,6,8,9,,4,0,Asphalt,3,1,1,25,3,2,3,4,0,0,0,1,false,false,false,false,false,false,false,false,false,false,false,false,false,false,false,false,false,false,false,false,false,false,-83.06313,42.34037,"{
  ""coordinates"": [
    -8.306312637061150e+01,
    4.234037327627250e+01
  ],
  ""type"": ""Point""
}","{
  ""coordinates"": [
    -83.063126371,
    42.340373276
  ],
  ""type"": ""Point""
}",-83.063126371,42.340373276
3437,1265859,SPRINGWELLS,CHAMBERLAIN,2018-01-12,12,1,2018,14,6,97,9,,4,0,Asphalt,3,5,1,25,2,2,3,4,0,0,0,1,false,false,false,false,false,false,false,false,false,false,false,false,false,false,false,false,false,false,false,false,false,false,-83.12189,42.30415,"{
  ""coordinates"": [
    -8.312189261027960e+01,
    4.230414928766330e+01
  ],
  ""type"": ""Point""
}","{
  ""coordinates"": [
    -83.12189261,
    42.304149288
  ],
  ""type"": ""Point""
}",-83.12189261,42.3041492880001
3438,1264117,I-75,7 MILE,2018-01-12,12,1,2018,6,6,97,1,,1,0,Asphalt,2,4,4,70,4,2,5,5,0,0,0,0,true,false,false,false,false,false,false,false,false,true,false,false,false,false,false,false,false,false,false,false,false,false,-83.09448,42.43111,"{
  ""coordinates"": [
    -8.309448544211540e+01,
    4.243111153338410e+01
  ],
  ""type"": ""Point""
}","{
  ""coordinates"": [
    -83.094485442,
    42.431111533
  ],
  ""type"": ""Point""
}",-83.094485442,42.431111533
3439,1264120,SCHAEFER,GRAND RIVER,2018-01-12,12,1,2018,8,6,3,3,,4,0,Asphalt,2,4,1,35,6,2,1,5,0,0,0,0,true,false,false,false,false,false,false,false,false,false,false,false,false,false,false,false,false,false,false,false,false,false,-83.17841,42.38461,"{
  ""coordinates"": [
    -8.317841282686840e+01,
    4.238461449113540e+01
  ],
  ""type"": ""Point""
}","{
  ""coordinates"": [
    -83.178412827,
    42.384614491
  ],
  ""type"": ""Point""
}",-83.178412827,42.384614491
3440,1265953,MCNICHOLS,SORRENTO,2018-01-12,12,1,2018,9,6,9,9,,2,0,Asphalt,3,5,1,,2,2,2,5,0,0,0,0,true,false,false,false,false,false,false,false,false,true,false,false,false,true,false,false,false,false,false,false,false,false,-83.17334,42.41663,"{
  ""coordinates"": [
    -8.317333979865550e+01,
    4.241663373776460e+01
  ],
  ""type"": ""Point""
}","{
  ""coordinates"": [
    -83.173339799,
    42.416633738
  ],
  ""type"": ""Point""
}",-83.173339799,42.416633738
3441,1269955,THIRD,BAGLEY,2018-01-12,12,1,2018,8,6,4,9,,4,0,Asphalt,1,1,4,25,4,2,1,5,0,0,0,0,true,false,false,false,true,false,false,false,false,false,false,false,false,false,false,false,false,false,false,false,false,false,-83.05775,42.33234,"{
  ""coordinates"": [
    -8.305774927854530e+01,
    4.233234188648090e+01
  ],
  ""type"": ""Point""
}","{
  ""coordinates"": [
    -83.057749279,
    42.332341886
  ],
  ""type"": ""Point""
}",-83.0577492789999,42.3323418860001
3442,1265887,BURT,SCHOOLCRAFT,2018-01-12,12,1,2018,14,6,5,9,,4,0,Asphalt,3,2,1,25,4,2,2,5,0,0,0,0,true,false,false,false,true,false,false,false,false,false,false,false,false,true,false,false,false,false,false,false,false,false,-83.2466,42.38621,"{
  ""coordinates"": [
    -8.324660575363690e+01,
    4.238621051474200e+01
  ],
  ""type"": ""Point""
}","{
  ""coordinates"": [
    -83.246605754,
    42.386210515
  ],
  ""type"": ""Point""
}",-83.246605754,42.3862105150001
3443,1275359,ST.ANTOINE,CANFIELD,2018-01-12,12,1,2018,19,6,5,9,,4,3,Asphalt,3,1,4,,1,2,2,5,0,0,0,0,true,false,false,false,true,false,false,false,false,false,false,false,false,false,true,false,false,false,false,false,false,false,-83.05429,42.35566,"{
  ""coordinates"": [
    -8.305429053750200e+01,
    4.235565589311660e+01
  ],
  ""type"": ""Point""
}","{
  ""coordinates"": [
    -83.054290538,
    42.355655893
  ],
  ""type"": ""Point""
}",-83.054290538,42.3556558930001
3444,1265837,RAMP 139G,W M 8,2018-01-12,12,1,2018,16,6,1,3,,1,1,Concrete,3,1,1,35,1,1,1,5,0,0,0,0,true,false,false,false,false,false,false,false,false,true,false,false,false,false,true,false,false,false,false,false,false,false,-83.15459,42.38539,"{
  ""coordinates"": [
    -8.315459253474020e+01,
    4.238538764553010e+01
  ],
  ""type"": ""Point""
}","{
  ""coordinates"": [
    -83.154592535,
    42.385387646
  ],
  ""type"": ""Point""
}",-83.1545925349999,42.385387646
3445,1265840,OAKMAN,CHICAGO,2018-01-12,12,1,2018,15,6,5,9,,4,0,Asphalt,3,5,1,30,2,2,1,4,0,0,0,1,false,false,false,false,true,false,false,false,false,false,false,false,false,false,false,false,false,false,false,false,false,false,-83.15298,42.36621,"{
  ""coordinates"": [
    -8.315298425015629e+01,
    4.236620717232310e+01
  ],
  ""type"": ""Point""
}","{
  ""coordinates"": [
    -83.15298425,
    42.366207172
  ],
  ""type"": ""Point""
}",-83.15298425,42.366207172
3446,1265955,HUBBELL,CURTIS,2018-01-12,12,1,2018,16,6,8,9,,4,0,Asphalt,3,5,1,25,8,2,4,5,0,0,0,0,true,false,false,false,false,false,false,false,false,false,false,false,false,false,false,false,false,false,false,false,false,false,-83.18974,42.4235,"{
  ""coordinates"": [
    -8.318973819068231e+01,
    4.242350195997420e+01
  ],
  ""type"": ""Point""
}","{
  ""coordinates"": [
    -83.189738191,
    42.42350196
  ],
  ""type"": ""Point""
}",-83.1897381909999,42.4235019600001
3447,1268424,HALLECK,MITCHELL,2018-01-12,12,1,2018,16,6,4,9,,,0,,3,3,1,25,4,2,1,5,0,0,0,0,true,false,true,false,true,false,false,false,false,false,false,false,false,false,false,false,false,false,true,false,false,false,-83.06429,42.40879,"{
  ""coordinates"": [
    -8.306428602115071e+01,
    4.240879596769510e+01
  ],
  ""type"": ""Point""
}","{
  ""coordinates"": [
    -83.064286021,
    42.408795968
  ],
  ""type"": ""Point""
}",-83.064286021,42.408795968
3448,1265839,HUBBELL,FENKELL,2018-01-12,12,1,2018,15,6,5,9,,4,0,Asphalt,3,1,1,30,3,2,3,5,0,0,0,0,true,false,false,false,true,false,false,false,false,false,false,false,false,false,false,false,false,false,false,false,false,false,-83.18892,42.40179,"{
  ""coordinates"": [
    -8.318891570480081e+01,
    4.240178633403260e+01
  ],
  ""type"": ""Point""
}","{
  ""coordinates"": [
    -83.188915705,
    42.401786334
  ],
  ""type"": ""Point""
}",-83.1889157049999,42.4017863340001
3449,1265844,WESTWOOD,WHITLOCK,2018-01-12,12,1,2018,15,6,6,9,,,0,,3,5,1,25,2,2,1,5,0,0,0,0,true,false,false,false,true,false,false,false,false,false,false,false,false,false,false,false,false,false,false,false,false,false,-83.23035,42.33944,"{
  ""coordinates"": [
    -8.323035114538860e+01,
    4.233944013880600e+01
  ],
  ""type"": ""Point""
}","{
  ""coordinates"": [
    -83.230351145,
    42.339440139
  ],
  ""type"": ""Point""
}",-83.230351145,42.339440139
3450,1266086,M-39,OUTER,2018-01-12,12,1,2018,17,6,4,3,,1,0,Concrete,3,8,4,35,3,2,1,5,0,0,0,0,true,false,false,false,true,false,false,false,false,false,false,false,false,false,false,false,false,false,false,false,false,false,-83.21883,42.41927,"{
  ""coordinates"": [
    -8.321882720704301e+01,
    4.241926661768310e+01
  ],
  ""type"": ""Point""
}","{
  ""coordinates"": [
    -83.218827207,
    42.419266618
  ],
  ""type"": ""Point""
}",-83.2188272069999,42.4192666180001
3451,1272365,I-96,TELEGRAPH,2018-01-12,12,1,2018,10,6,8,1,,1,0,Asphalt,6,7,1,70,5,2,2,5,0,0,0,0,true,false,false,false,false,false,false,false,false,true,false,false,false,true,false,true,false,false,false,false,false,false,-83.27116,42.38563,"{
  ""coordinates"": [
    -8.327116447958430e+01,
    4.238562828253800e+01
  ],
  ""type"": ""Point""
}","{
  ""coordinates"": [
    -83.27116448,
    42.385628283
  ],
  ""type"": ""Point""
}",-83.27116448,42.3856282830001
3452,1265836,RAMP 215F,N M 10,2018-01-12,12,1,2018,12,6,1,1,,1,1,Concrete,6,8,1,40,1,1,1,5,0,0,0,0,true,false,false,false,false,false,false,false,false,true,false,false,false,false,true,false,false,false,false,false,false,false,-83.07621,42.36003,"{
  ""coordinates"": [
    -8.307621080910771e+01,
    4.236003086681810e+01
  ],
  ""type"": ""Point""
}","{
  ""coordinates"": [
    -83.076210809,
    42.360030867
  ],
  ""type"": ""Point""
}",-83.076210809,42.360030867
3453,1277309,JOS.CAMPAU,NEVADA,2018-01-12,12,1,2018,12,6,2,9,,4,0,Asphalt,3,5,1,35,4,3,4,5,0,0,0,0,true,false,false,false,false,false,false,false,false,false,false,false,false,false,false,false,false,false,false,false,false,false,-83.07271,42.42597,"{
  ""coordinates"": [
    -8.307270986116500e+01,
    4.242597157524120e+01
  ],
  ""type"": ""Point""
}","{
  ""coordinates"": [
    -83.072709861,
    42.425971575
  ],
  ""type"": ""Point""
}",-83.072709861,42.4259715750001
3454,1265937,STATE FAIR,JOHN R,2018-01-12,12,1,2018,1,6,8,9,,4,0,Asphalt,1,1,4,35,2,2,1,5,0,0,0,0,true,false,false,false,true,false,false,false,false,false,false,true,false,true,false,false,false,false,false,false,false,false,-83.10259,42.43953,"{
  ""coordinates"": [
    -8.310259071480171e+01,
    4.243952622734970e+01
  ],
  ""type"": ""Point""
}","{
  ""coordinates"": [
    -83.102590715,
    42.439526227
  ],
  ""type"": ""Point""
}",-83.102590715,42.439526227
3455,1362104,BALFOUR,BREMEN,2018-01-12,12,1,2018,15,6,8,9,,,0,,3,8,1,25,1,2,0,5,0,0,0,0,true,false,false,false,true,false,false,false,false,true,false,true,false,false,false,false,false,false,false,false,false,false,-82.94253,42.3935,"{
  ""coordinates"": [
    -8.294253144077879e+01,
    4.239349693120300e+01
  ],
  ""type"": ""Point""
}","{
  ""coordinates"": [
    -82.942531441,
    42.393496931
  ],
  ""type"": ""Point""
}",-82.942531441,42.3934969310001
3456,1265838,GRAND RIVER,FULLERTON,2018-01-12,12,1,2018,18,6,5,3,,1,0,Asphalt,3,2,3,35,3,2,2,4,0,0,0,1,false,false,false,false,false,false,false,false,false,false,false,false,false,false,false,false,false,false,false,false,false,false,-83.1682,42.3805,"{
  ""coordinates"": [
    -8.316819848005380e+01,
    4.238049713955590e+01
  ],
  ""type"": ""Point""
}","{
  ""coordinates"": [
    -83.16819848,
    42.38049714
  ],
  ""type"": ""Point""
}",-83.1681984799999,42.38049714
3457,1265941,SPARLING,CHARLES,2018-01-12,12,1,2018,16,6,9,9,,,0,,3,5,1,15,4,2,3,4,0,0,0,1,false,false,false,false,true,false,false,false,false,false,false,false,false,false,true,false,false,false,false,false,false,false,-83.04555,42.41162,"{
  ""coordinates"": [
    -8.304555091213371e+01,
    4.241162105350450e+01
  ],
  ""type"": ""Point""
}","{
  ""coordinates"": [
    -83.045550912,
    42.411621054
  ],
  ""type"": ""Point""
}",-83.045550912,42.4116210540001
3458,1265853,2ND,HENRY,2018-01-12,12,1,2018,8,6,4,9,,4,0,Asphalt,2,5,1,,2,2,2,5,0,0,0,0,true,false,false,false,false,false,false,false,false,false,false,false,false,false,true,false,false,false,false,false,false,false,-83.05934,42.33851,"{
  ""coordinates"": [
    -8.305934075466290e+01,
    4.233851409184560e+01
  ],
  ""type"": ""Point""
}","{
  ""coordinates"": [
    -83.059340755,
    42.338514092
  ],
  ""type"": ""Point""
}",-83.0593407549999,42.338514092
3459,1265906,LAHSER,VASSAR,2018-01-12,12,1,2018,15,6,1,9,,2,1,Asphalt,2,2,1,35,2,1,1,4,0,0,0,1,false,false,false,false,false,false,false,false,false,false,false,false,false,false,false,false,false,false,false,false,false,false,-83.25842,42.4319,"{
  ""coordinates"": [
    -8.325841961277190e+01,
    4.243190565241920e+01
  ],
  ""type"": ""Point""
}","{
  ""coordinates"": [
    -83.258419613,
    42.431905652
  ],
  ""type"": ""Point""
}",-83.2584196129999,42.4319056520001
3460,1265895,TIREMAN,WESTWOOD,2018-01-12,12,1,2018,19,6,5,9,,4,0,Asphalt,3,5,4,30,4,2,2,2,0,1,0,0,false,false,false,false,false,false,false,false,false,false,false,false,false,false,false,false,false,false,false,false,false,false,-83.2309,42.3504,"{
  ""coordinates"": [
    -8.323089600133331e+01,
    4.235040367078630e+01
  ],
  ""type"": ""Point""
}","{
  ""coordinates"": [
    -83.230896001,
    42.350403671
  ],
  ""type"": ""Point""
}",-83.230896001,42.350403671
3461,1267114,LAWNDALE,MCGRAW,2018-01-12,12,1,2018,23,6,8,9,,,0,,1,1,4,25,3,2,1,5,0,0,0,0,true,false,false,false,true,false,false,false,false,false,false,false,false,false,false,false,false,false,false,false,false,false,-83.15006,42.33183,"{
  ""coordinates"": [
    -8.315006103762251e+01,
    4.233182542755700e+01
  ],
  ""type"": ""Point""
}","{
  ""coordinates"": [
    -83.150061038,
    42.331825428
  ],
  ""type"": ""Point""
}",-83.150061038,42.3318254280001
3462,1265860,SPRINGWELLS,CHAMBERLAIN,2018-01-12,12,1,2018,15,6,97,9,,4,0,Asphalt,3,1,1,25,2,2,2,5,0,0,0,0,true,false,false,false,false,false,false,false,false,false,false,false,false,false,true,false,false,false,false,false,false,false,-83.12189,42.30415,"{
  ""coordinates"": [
    -8.312189261027960e+01,
    4.230414928766330e+01
  ],
  ""type"": ""Point""
}","{
  ""coordinates"": [
    -83.12189261,
    42.304149288
  ],
  ""type"": ""Point""
}",-83.12189261,42.3041492880001
3463,1303524,GRATIOT,VERNOR,2018-01-12,12,1,2018,11,6,9,3,,1,0,Asphalt,1,1,1,40,2,2,1,5,0,0,0,0,true,false,false,false,true,false,false,false,false,false,false,false,false,false,false,false,false,false,false,false,false,false,-83.03486,42.34857,"{
  ""coordinates"": [
    -8.303485788272080e+01,
    4.234856936381820e+01
  ],
  ""type"": ""Point""
}","{
  ""coordinates"": [
    -83.034857883,
    42.348569364
  ],
  ""type"": ""Point""
}",-83.034857883,42.3485693640001
3464,1265880,CHALMERS,KERCHEVAL,2018-01-12,12,1,2018,0,6,1,9,,4,1,Asphalt,2,2,5,30,2,1,2,5,0,0,0,0,true,false,false,false,false,false,false,false,false,false,false,false,false,false,false,false,false,false,false,false,false,false,-82.94798,42.37892,"{
  ""coordinates"": [
    -8.294798479837890e+01,
    4.237891952148280e+01
  ],
  ""type"": ""Point""
}","{
  ""coordinates"": [
    -82.947984798,
    42.378919521
  ],
  ""type"": ""Point""
}",-82.9479847979999,42.3789195210001
3465,1265914,FORRER,MCNICHOLS,2018-01-12,12,1,2018,15,6,9,9,,,2,,3,5,1,25,2,2,2,5,0,0,0,0,true,true,false,false,false,false,false,false,false,false,false,false,false,false,false,true,false,false,false,false,false,false,-83.20213,42.41592,"{
  ""coordinates"": [
    -8.320213451025251e+01,
    4.241592445259990e+01
  ],
  ""type"": ""Point""
}","{
  ""coordinates"": [
    -83.20213451,
    42.415924453
  ],
  ""type"": ""Point""
}",-83.20213451,42.4159244530001
3466,1265950,MENDOTA,NORFOLK,2018-01-12,12,1,2018,16,6,4,9,,,0,,3,5,1,25,1,2,1,5,0,0,0,0,true,false,false,false,true,false,false,false,false,false,false,false,false,true,false,false,false,false,false,false,false,false,-83.16684,42.44318,"{
  ""coordinates"": [
    -8.316683689844490e+01,
    4.244317869994380e+01
  ],
  ""type"": ""Point""
}","{
  ""coordinates"": [
    -83.166836898,
    42.4431787
  ],
  ""type"": ""Point""
}",-83.166836898,42.4431787
3467,1265888,BURT,ORANGELAWN,2018-01-12,12,1,2018,10,6,4,9,,4,0,Asphalt,2,5,1,25,2,2,1,5,0,0,0,0,true,false,false,false,true,false,false,false,false,false,false,true,false,false,false,false,false,false,false,false,false,false,-83.24602,42.36614,"{
  ""coordinates"": [
    -8.324601976805670e+01,
    4.236614309724550e+01
  ],
  ""type"": ""Point""
}","{
  ""coordinates"": [
    -83.246019768,
    42.366143097
  ],
  ""type"": ""Point""
}",-83.2460197679999,42.3661430970001
3468,1269918,E/B I-94,RUSSELL,2018-01-12,12,1,2018,11,6,5,1,,1,0,Concrete,4,5,1,55,3,2,2,5,0,0,0,0,true,false,false,false,false,false,false,false,false,false,false,false,false,false,true,false,false,false,false,false,false,false,-83.0559,42.36988,"{
  ""coordinates"": [
    -8.305589787953660e+01,
    4.236988256906340e+01
  ],
  ""type"": ""Point""
}","{
  ""coordinates"": [
    -83.05589788,
    42.369882569
  ],
  ""type"": ""Point""
}",-83.05589788,42.369882569
3469,1288268,CHENE,CANFIELD,2018-01-12,12,1,2018,8,6,4,9,,4,0,Asphalt,2,7,1,30,4,2,3,4,0,0,0,2,false,false,false,false,false,false,false,false,false,false,false,false,false,false,false,false,false,false,false,false,false,false,-83.03803,42.36153,"{
  ""coordinates"": [
    -8.303802936469491e+01,
    4.236152944181260e+01
  ],
  ""type"": ""Point""
}","{
  ""coordinates"": [
    -83.038029365,
    42.361529442
  ],
  ""type"": ""Point""
}",-83.0380293649999,42.3615294420001
3470,1265934,OUTER,RYAN,2018-01-12,12,1,2018,14,6,4,9,,2,0,Asphalt,3,5,1,35,3,2,2,5,0,0,0,0,true,false,true,true,false,false,false,false,false,false,false,false,false,true,false,false,false,false,false,false,false,false,-83.06357,42.44053,"{
  ""coordinates"": [
    -8.306356562144910e+01,
    4.244053085676030e+01
  ],
  ""type"": ""Point""
}","{
  ""coordinates"": [
    -83.063565621,
    42.440530857
  ],
  ""type"": ""Point""
}",-83.063565621,42.4405308570001
3471,1267145,S I 375 SERVICE DRIVE,LARNED,2018-01-12,12,1,2018,19,6,5,9,,4,0,Asphalt,3,5,4,30,2,2,1,5,0,0,0,0,true,false,false,false,true,false,false,false,false,false,false,false,false,false,false,false,false,false,false,false,false,false,-83.03674,42.33313,"{
  ""coordinates"": [
    -8.303674253655279e+01,
    4.233312882926450e+01
  ],
  ""type"": ""Point""
}","{
  ""coordinates"": [
    -83.036742537,
    42.333128829
  ],
  ""type"": ""Point""
}",-83.036742537,42.333128829
3472,1265863,JUNCTION,MICHIGAN,2018-01-12,12,1,2018,15,6,5,2,,4,0,Asphalt,3,2,1,25,2,2,6,5,0,0,0,0,true,false,false,false,true,false,false,true,false,false,false,false,false,false,false,true,false,false,false,false,false,false,-83.11182,42.33124,"{
  ""coordinates"": [
    -8.311182391479420e+01,
    4.233124226969970e+01
  ],
  ""type"": ""Point""
}","{
  ""coordinates"": [
    -83.111823915,
    42.33124227
  ],
  ""type"": ""Point""
}",-83.1118239149999,42.3312422700001
3473,1265964,SEVEN MILE,SAN JUAN,2018-01-12,12,1,2018,15,6,4,9,,2,0,Asphalt,3,5,1,25,2,2,1,5,0,0,0,0,true,false,false,false,true,false,false,false,false,false,false,false,false,false,false,false,false,false,false,false,false,false,-83.14692,42.43149,"{
  ""coordinates"": [
    -8.314692240180140e+01,
    4.243149361479210e+01
  ],
  ""type"": ""Point""
}","{
  ""coordinates"": [
    -83.146922402,
    42.431493615
  ],
  ""type"": ""Point""
}",-83.146922402,42.4314936150001
3474,1276280,M-10,WYOMING,2018-01-12,12,1,2018,12,6,97,3,,1,0,Concrete,3,2,1,55,3,2,1,5,0,0,0,0,true,false,false,false,true,false,false,false,false,true,false,false,false,false,false,false,false,false,false,false,false,false,-83.16186,42.40639,"{
  ""coordinates"": [
    -8.316185789697460e+01,
    4.240639170592650e+01
  ],
  ""type"": ""Point""
}","{
  ""coordinates"": [
    -83.161857897,
    42.406391706
  ],
  ""type"": ""Point""
}",-83.1618578969999,42.4063917060001
3475,1265938,HEALY,EMERY,2018-01-12,12,1,2018,16,6,4,9,,,0,,3,1,1,25,1,2,1,5,0,0,0,0,true,false,false,false,false,false,false,false,false,false,false,false,false,false,false,false,false,false,false,false,false,false,-83.05592,42.43598,"{
  ""coordinates"": [
    -8.305592553645999e+01,
    4.243598287652820e+01
  ],
  ""type"": ""Point""
}","{
  ""coordinates"": [
    -83.055925536,
    42.435982877
  ],
  ""type"": ""Point""
}",-83.055925536,42.4359828770001
3476,1269966,SEVEN MILE,PIERSON,2018-01-12,12,1,2018,16,6,8,9,,2,0,Asphalt,4,5,1,35,5,2,2,5,0,0,0,0,true,false,false,false,false,false,false,false,false,false,false,false,false,false,false,false,false,false,false,false,false,false,-83.2477,42.42936,"{
  ""coordinates"": [
    -8.324769934142709e+01,
    4.242935696842610e+01
  ],
  ""type"": ""Point""
}","{
  ""coordinates"": [
    -83.247699341,
    42.429356968
  ],
  ""type"": ""Point""
}",-83.247699341,42.429356968
3477,1265861,WARREN,SCOTTEN,2018-01-11,11,1,2018,14,5,5,9,,4,0,Asphalt,1,2,1,35,3,2,2,5,0,0,0,0,true,false,false,false,true,false,false,false,false,false,false,false,false,false,false,false,false,false,false,false,false,false,-83.11106,42.34474,"{
  ""coordinates"": [
    -8.311105973174401e+01,
    4.234473703002150e+01
  ],
  ""type"": ""Point""
}","{
  ""coordinates"": [
    -83.111059732,
    42.34473703
  ],
  ""type"": ""Point""
}",-83.1110597319999,42.34473703
3478,1264160,SIRRON,VAN DYKE,2018-01-11,11,1,2018,19,5,9,9,,,2,,2,1,4,25,2,2,1,5,0,0,0,0,true,false,false,false,false,false,false,false,false,false,false,true,false,false,false,false,false,false,false,false,false,false,-83.02372,42.44031,"{
  ""coordinates"": [
    -8.302371927267450e+01,
    4.244030850149690e+01
  ],
  ""type"": ""Point""
}","{
  ""coordinates"": [
    -83.023719273,
    42.440308501
  ],
  ""type"": ""Point""
}",-83.023719273,42.4403085010001
3479,1265898,FENKELL,ASBURY,2018-01-11,11,1,2018,19,5,97,9,,2,0,Asphalt,2,4,5,,2,3,3,5,0,0,0,0,true,false,false,false,false,false,false,false,false,false,false,false,false,true,false,false,false,false,false,false,false,false,-83.20805,42.4013,"{
  ""coordinates"": [
    -8.320804583299710e+01,
    4.240129883862360e+01
  ],
  ""type"": ""Point""
}","{
  ""coordinates"": [
    -83.208045833,
    42.401298839
  ],
  ""type"": ""Point""
}",-83.208045833,42.401298839
3480,1273921,I-94,LIVERNOIS,2018-01-11,11,1,2018,17,5,5,1,,1,0,Asphalt,2,4,4,55,3,3,2,5,0,0,0,0,true,false,false,false,true,false,false,false,false,false,false,false,false,false,false,false,false,false,false,false,false,false,-83.12518,42.3372,"{
  ""coordinates"": [
    -8.312517736560990e+01,
    4.233719679777110e+01
  ],
  ""type"": ""Point""
}","{
  ""coordinates"": [
    -83.125177366,
    42.337196798
  ],
  ""type"": ""Point""
}",-83.1251773659999,42.337196798
3481,1267112,LONYO,SAINT JOHN,2018-01-11,11,1,2018,18,5,8,9,,4,0,Asphalt,2,1,4,25,2,2,5,5,0,0,0,0,true,false,false,false,false,false,false,false,false,false,false,false,false,false,false,false,false,false,false,false,false,false,-83.14024,42.32465,"{
  ""coordinates"": [
    -8.314024413781290e+01,
    4.232464814716720e+01
  ],
  ""type"": ""Point""
}","{
  ""coordinates"": [
    -83.140244138,
    42.324648147
  ],
  ""type"": ""Point""
}",-83.140244138,42.3246481470001
3482,1268370,M-10,M-8,2018-01-11,11,1,2018,18,5,5,3,,1,0,Concrete,2,2,4,55,3,2,2,5,0,0,0,0,true,false,false,false,false,false,false,false,false,false,false,false,false,false,false,false,false,false,false,false,false,false,-83.11752,42.40298,"{
  ""coordinates"": [
    -8.311752270755341e+01,
    4.240297919129410e+01
  ],
  ""type"": ""Point""
}","{
  ""coordinates"": [
    -83.117522708,
    42.402979191
  ],
  ""type"": ""Point""
}",-83.117522708,42.402979191
3483,1273924,I96,SCHOOLCRAFT,2018-01-11,11,1,2018,16,5,97,1,,1,0,Concrete,2,4,1,70,3,2,3,4,0,0,0,1,false,false,false,false,false,false,false,false,false,true,false,false,false,false,false,false,false,false,false,false,false,false,-83.24892,42.3854,"{
  ""coordinates"": [
    -8.324892647004300e+01,
    4.238540219617910e+01
  ],
  ""type"": ""Point""
}","{
  ""coordinates"": [
    -83.24892647,
    42.385402196
  ],
  ""type"": ""Point""
}",-83.24892647,42.385402196
3484,1264156,OUTER,7 MILE,2018-01-11,11,1,2018,19,5,4,9,,2,0,Asphalt,98,2,4,35,4,2,3,5,0,0,0,0,true,false,true,true,true,false,false,false,false,false,false,false,false,false,false,false,false,false,false,false,false,false,-83.17548,42.4311,"{
  ""coordinates"": [
    -8.317547596995310e+01,
    4.243109358151880e+01
  ],
  ""type"": ""Point""
}","{
  ""coordinates"": [
    -83.17547597,
    42.431093582
  ],
  ""type"": ""Point""
}",-83.17547597,42.4310935820001
3485,1264079,RAMP 016B,LAFAYETTE,2018-01-11,11,1,2018,9,5,5,1,,1,0,Asphalt,2,2,1,55,1,3,3,5,0,0,0,0,true,false,false,false,false,false,false,false,false,false,false,false,false,false,false,false,false,false,false,false,false,false,-83.03798,42.33566,"{
  ""coordinates"": [
    -8.303797888878989e+01,
    4.233565418956080e+01
  ],
  ""type"": ""Point""
}","{
  ""coordinates"": [
    -83.037978889,
    42.33565419
  ],
  ""type"": ""Point""
}",-83.037978889,42.3356541900001
3486,1264136,FORDSON,DIX,2018-01-11,11,1,2018,17,5,5,9,,,0,,2,2,5,25,2,2,2,5,0,0,0,0,true,false,false,false,false,false,false,false,false,false,false,false,false,false,false,false,false,false,false,false,false,false,-83.1513,42.29595,"{
  ""coordinates"": [
    -8.315130203785201e+01,
    4.229595221218330e+01
  ],
  ""type"": ""Point""
}","{
  ""coordinates"": [
    -83.151302038,
    42.295952212
  ],
  ""type"": ""Point""
}",-83.151302038,42.295952212