ObjectId,Crash ID,Primary Road,Intersecting Road,Crash Date,Day,Month,Year,Hour,Weekday,Crash Type Code,Highway Classification Code,Community Code,Jurisdiction Code,Lane Departure Type Code,Surface Type,Road Condition,Weather Condition,Lighting Condition,Speed Limit,Lanes,Units,Occupants,Most Severe Injury,Fatal Injuries,Suspected Serious Injuries,Suspected Minor Injuries,Possible Injuries,Property Damage Only,Secondary Crash,Traffic Control,Red Light Run,Hit and Run,Alcohol,Drugs,Unbelted Person,Work Zone,Speeding Driver,Distracted Driver,Driveway,Pedestrian,Elderly Driver,Young Driver,Commercial Vehicle,Emergency Vehicles,Train,School Bus,Motorcycle,Bicycle,Deer,Longitude,Latitude,geom,geog,x,y
3487,1265907,SAINT MARYS,PICKFORD,2018-01-11,11,1,2018,16,5,5,9,,,0,,2,4,5,25,2,2,1,5,0,0,0,0,true,false,false,false,false,false,false,false,false,false,false,false,false,false,false,false,false,false,false,false,false,false,-83.20718,42.42427,"{
  ""coordinates"": [
    -8.320718691675189e+01,
    4.242426493217030e+01
  ],
  ""type"": ""Point""
}","{
  ""coordinates"": [
    -83.207186917,
    42.424264932
  ],
  ""type"": ""Point""
}",-83.2071869169999,42.424264932
3488,1264141,CENTRAL,MCGRAW,2018-01-11,11,1,2018,15,5,4,9,,4,0,Asphalt,2,2,1,30,4,2,4,5,0,0,0,0,true,false,true,true,true,false,false,false,false,false,false,false,false,false,false,false,false,false,false,false,false,false,-83.14072,42.33548,"{
  ""coordinates"": [
    -8.314072431107230e+01,
    4.233548072292840e+01
  ],
  ""type"": ""Point""
}","{
  ""coordinates"": [
    -83.140724311,
    42.335480723
  ],
  ""type"": ""Point""
}",-83.140724311,42.335480723
3489,1265962,WESTPHILIA,7 MILE,2018-01-11,11,1,2018,16,5,1,9,,,0,,2,4,1,30,2,2,1,5,0,0,0,0,true,false,false,false,true,false,false,false,false,false,false,false,true,false,false,false,false,false,false,false,false,false,-82.99241,42.43479,"{
  ""coordinates"": [
    -8.299240703804560e+01,
    4.243478902116460e+01
  ],
  ""type"": ""Point""
}","{
  ""coordinates"": [
    -82.992407038,
    42.434789021
  ],
  ""type"": ""Point""
}",-82.992407038,42.434789021
3490,1273908,W I 96,SCHAEFER,2018-01-11,11,1,2018,8,5,5,1,,1,0,Asphalt,2,1,1,70,4,2,1,5,0,0,0,0,true,false,false,false,true,false,false,false,false,false,false,false,false,false,false,false,false,false,false,false,false,false,-83.17817,42.38336,"{
  ""coordinates"": [
    -8.317817260842359e+01,
    4.238336283935530e+01
  ],
  ""type"": ""Point""
}","{
  ""coordinates"": [
    -83.178172608,
    42.383362839
  ],
  ""type"": ""Point""
}",-83.178172608,42.383362839
3491,1273919,E I 96,SCHAEFER,2018-01-11,11,1,2018,13,5,8,1,,1,0,Concrete,1,1,1,55,4,2,6,4,0,0,0,3,false,false,false,false,false,false,false,false,false,true,false,false,false,false,false,false,false,false,false,false,false,false,-83.17867,42.38307,"{
  ""coordinates"": [
    -8.317867585986950e+01,
    4.238307318499280e+01
  ],
  ""type"": ""Point""
}","{
  ""coordinates"": [
    -83.17867586,
    42.383073185
  ],
  ""type"": ""Point""
}",-83.1786758599999,42.3830731850001
3492,1273909,I-94,BURNS,2018-01-11,11,1,2018,7,5,5,1,,1,0,Asphalt,2,4,4,55,3,2,3,5,0,0,0,0,true,false,false,false,false,false,false,false,false,false,false,false,false,true,false,false,false,false,false,false,false,false,-83.01389,42.38876,"{
  ""coordinates"": [
    -8.301389302811420e+01,
    4.238875469899370e+01
  ],
  ""type"": ""Point""
}","{
  ""coordinates"": [
    -83.013893028,
    42.388754699
  ],
  ""type"": ""Point""
}",-83.013893028,42.3887546990001
3493,1265866,MILLER,FORT,2018-01-11,11,1,2018,12,5,97,3,,2,0,Concrete,2,2,1,30,4,2,2,5,0,0,0,0,true,true,false,false,false,false,false,false,false,false,false,false,false,false,false,false,false,false,false,false,false,false,-83.14125,42.29189,"{
  ""coordinates"": [
    -8.314124693310410e+01,
    4.229188883724440e+01
  ],
  ""type"": ""Point""
}","{
  ""coordinates"": [
    -83.141246933,
    42.291888837
  ],
  ""type"": ""Point""
}",-83.1412469329999,42.291888837
3494,1264119,HUBBELL,GRAND RIVER,2018-01-11,11,1,2018,0,5,97,3,,4,0,Asphalt,2,1,4,30,2,2,3,5,0,0,0,0,true,false,false,false,false,false,false,false,false,false,false,false,false,false,false,false,false,false,false,false,false,false,-83.18839,42.38872,"{
  ""coordinates"": [
    -8.318838237892351e+01,
    4.238872022600610e+01
  ],
  ""type"": ""Point""
}","{
  ""coordinates"": [
    -83.188382379,
    42.388720226
  ],
  ""type"": ""Point""
}",-83.188382379,42.388720226
3495,1264155,MOUND,7 MILE,2018-01-11,11,1,2018,7,5,4,9,,2,0,Asphalt,2,1,5,35,2,2,3,5,0,0,0,0,true,false,false,false,false,false,false,false,false,false,true,false,false,false,false,false,false,false,false,false,false,false,-83.0434,42.43377,"{
  ""coordinates"": [
    -8.304340654495900e+01,
    4.243377440990250e+01
  ],
  ""type"": ""Point""
}","{
  ""coordinates"": [
    -83.043406545,
    42.43377441
  ],
  ""type"": ""Point""
}",-83.043406545,42.4337744100001
3496,1273920,M-39,7 MILE,2018-01-11,11,1,2018,16,5,5,3,,1,0,Concrete,2,4,1,55,3,2,2,5,0,0,0,0,true,false,false,false,false,false,false,false,false,false,false,false,false,false,false,false,false,false,false,false,false,false,-83.21943,42.43029,"{
  ""coordinates"": [
    -8.321942564117010e+01,
    4.243028827695890e+01
  ],
  ""type"": ""Point""
}","{
  ""coordinates"": [
    -83.219425641,
    42.430288277
  ],
  ""type"": ""Point""
}",-83.219425641,42.430288277
3497,1265869,MACK,YORKSHIRE,2018-01-11,11,1,2018,15,5,5,9,,2,0,Asphalt,2,1,1,30,2,2,3,5,0,0,0,0,true,false,false,false,false,false,false,false,false,false,false,false,false,false,false,false,true,false,false,false,false,false,-82.92659,42.39322,"{
  ""coordinates"": [
    -8.292659100033320e+01,
    4.239321360919570e+01
  ],
  ""type"": ""Point""
}","{
  ""coordinates"": [
    -82.926591,
    42.393213609
  ],
  ""type"": ""Point""
}",-82.926591,42.393213609
3498,1268443,WARREN,JOHN R,2018-01-11,11,1,2018,16,5,8,9,,4,0,Asphalt,2,2,1,30,4,4,3,5,0,0,0,0,true,false,false,false,true,false,false,false,false,false,false,false,false,false,false,false,false,false,false,false,false,false,-83.06113,42.35803,"{
  ""coordinates"": [
    -8.306113203134601e+01,
    4.235802817601910e+01
  ],
  ""type"": ""Point""
}","{
  ""coordinates"": [
    -83.061132031,
    42.358028176
  ],
  ""type"": ""Point""
}",-83.0611320309999,42.3580281760001
3499,1275369,W I 94,GRATIOT,2018-01-11,11,1,2018,6,5,5,1,,1,0,Asphalt,1,1,3,65,8,2,2,5,0,0,0,0,true,false,false,false,false,false,false,false,false,false,false,false,false,true,true,false,false,false,false,false,false,false,-83.00636,42.39151,"{
  ""coordinates"": [
    -8.300636523946180e+01,
    4.239151255931000e+01
  ],
  ""type"": ""Point""
}","{
  ""coordinates"": [
    -83.006365239,
    42.391512559
  ],
  ""type"": ""Point""
}",-83.006365239,42.391512559
3500,1264144,DAVISON,CHERRYLAWN,2018-01-11,11,1,2018,12,5,5,9,,4,0,Asphalt,2,1,1,30,3,2,2,5,0,0,0,0,true,false,false,false,false,false,false,false,false,false,false,false,false,false,false,false,false,false,false,false,false,false,-83.15471,42.38602,"{
  ""coordinates"": [
    -8.315470636931050e+01,
    4.238602048779980e+01
  ],
  ""type"": ""Point""
}","{
  ""coordinates"": [
    -83.154706369,
    42.386020488
  ],
  ""type"": ""Point""
}",-83.1547063689999,42.386020488
3501,1264167,WYOMING,JAMES COUZENS,2018-01-11,11,1,2018,19,5,1,3,,4,1,Concrete,2,4,5,35,4,1,0,5,0,0,0,0,true,false,false,false,false,false,false,false,false,false,false,false,false,false,false,false,false,false,false,false,false,false,-83.15981,42.40488,"{
  ""coordinates"": [
    -8.315980376537560e+01,
    4.240488517765270e+01
  ],
  ""type"": ""Point""
}","{
  ""coordinates"": [
    -83.159803765,
    42.404885178
  ],
  ""type"": ""Point""
}",-83.1598037649999,42.404885178
3502,1267092,RAMP 107A,S M 10,2018-01-11,11,1,2018,17,5,1,3,,1,1,Concrete,2,2,4,55,1,1,1,4,0,0,0,1,false,false,false,false,false,false,false,false,false,false,false,false,false,false,false,false,false,false,false,false,false,false,-83.14439,42.40461,"{
  ""coordinates"": [
    -8.314439632150500e+01,
    4.240461178736110e+01
  ],
  ""type"": ""Point""
}","{
  ""coordinates"": [
    -83.144396322,
    42.404611787
  ],
  ""type"": ""Point""
}",-83.144396322,42.4046117870001
3503,1265867,FORT,MILLER,2018-01-11,11,1,2018,14,5,5,3,,1,0,Asphalt,1,1,1,30,4,2,2,5,0,0,0,0,true,true,false,false,false,false,false,false,false,false,false,false,false,false,false,false,false,false,false,false,false,false,-83.14101,42.29185,"{
  ""coordinates"": [
    -8.314100985489790e+01,
    4.229185496914160e+01
  ],
  ""type"": ""Point""
}","{
  ""coordinates"": [
    -83.141009855,
    42.291854969
  ],
  ""type"": ""Point""
}",-83.1410098549999,42.291854969
3504,1268375,W I 94,HARPER,2018-01-11,11,1,2018,1,5,1,1,,1,0,Asphalt,2,2,4,55,3,1,2,5,0,0,0,0,true,false,false,false,false,false,false,false,false,false,false,false,false,false,false,false,false,false,false,false,false,false,-83.03205,42.38107,"{
  ""coordinates"": [
    -8.303205306640049e+01,
    4.238106639178750e+01
  ],
  ""type"": ""Point""
}","{
  ""coordinates"": [
    -83.032053066,
    42.381066392
  ],
  ""type"": ""Point""
}",-83.0320530659999,42.381066392
3505,1264157,BUFFALO,DESNER,2018-01-11,11,1,2018,20,5,4,9,,4,0,Asphalt,2,4,3,25,1,2,2,4,0,0,0,2,false,false,false,false,true,false,false,false,false,false,false,false,false,false,false,false,false,false,false,false,false,false,-83.04767,42.41707,"{
  ""coordinates"": [
    -8.304766821420800e+01,
    4.241707395383970e+01
  ],
  ""type"": ""Point""
}","{
  ""coordinates"": [
    -83.047668214,
    42.417073954
  ],
  ""type"": ""Point""
}",-83.0476682139999,42.417073954
3506,1264149,CADIEUX,LANARK,2018-01-11,11,1,2018,18,5,1,9,,4,0,Asphalt,2,4,3,25,2,3,1,3,0,0,3,0,false,false,false,false,false,false,false,false,false,false,false,false,true,false,false,false,false,false,false,false,false,false,-82.93811,42.41867,"{
  ""coordinates"": [
    -8.293811104073011e+01,
    4.241867601693010e+01
  ],
  ""type"": ""Point""
}","{
  ""coordinates"": [
    -82.938111041,
    42.418676017
  ],
  ""type"": ""Point""
}",-82.938111041,42.4186760170001
3507,1268395,MILWAUKEE,S M 10 SERVICE DRIVE,2018-01-11,11,1,2018,13,5,4,9,,4,0,Asphalt,1,2,1,30,4,2,2,5,0,0,0,0,true,false,false,false,true,false,false,false,false,false,false,false,false,false,false,false,false,false,false,false,false,false,-83.08138,42.3658,"{
  ""coordinates"": [
    -8.308137950227611e+01,
    4.236580183240650e+01
  ],
  ""type"": ""Point""
}","{
  ""coordinates"": [
    -83.081379502,
    42.365801832
  ],
  ""type"": ""Point""
}",-83.0813795019999,42.365801832
3508,1264166,CURTIS,LIVERNOIS,2018-01-11,11,1,2018,7,5,8,9,,4,0,Asphalt,2,1,4,,1,2,1,5,0,0,0,0,true,false,false,false,true,false,false,false,false,false,false,false,false,false,false,false,false,false,false,false,false,false,-83.14125,42.4244,"{
  ""coordinates"": [
    -8.314125346432090e+01,
    4.242439805392780e+01
  ],
  ""type"": ""Point""
}","{
  ""coordinates"": [
    -83.141253464,
    42.424398054
  ],
  ""type"": ""Point""
}",-83.141253464,42.4243980540001
3509,1268393,MACK,JOHN R,2018-01-11,11,1,2018,17,5,3,9,,4,0,Asphalt,2,4,4,30,3,2,2,5,0,0,0,0,true,false,true,true,true,false,false,false,false,false,false,false,false,false,true,false,false,false,false,false,false,false,-83.05586,42.34827,"{
  ""coordinates"": [
    -8.305586055654361e+01,
    4.234826724249880e+01
  ],
  ""type"": ""Point""
}","{
  ""coordinates"": [
    -83.055860557,
    42.348267242
  ],
  ""type"": ""Point""
}",-83.055860557,42.3482672420001
3510,1265899,GRANDVILLE,7 MILE,2018-01-11,11,1,2018,8,5,9,9,,,2,,2,1,1,25,2,2,3,5,0,0,0,0,true,false,false,false,false,false,false,false,false,false,false,false,false,false,false,false,false,false,false,false,false,false,-83.23215,42.42979,"{
  ""coordinates"": [
    -8.323214727847819e+01,
    4.242978623576190e+01
  ],
  ""type"": ""Point""
}","{
  ""coordinates"": [
    -83.232147278,
    42.429786236
  ],
  ""type"": ""Point""
}",-83.232147278,42.429786236
3511,1264158,MCNICHOLS,S I 75,2018-01-11,11,1,2018,18,5,97,9,,2,0,Asphalt,2,1,4,35,3,2,3,2,0,1,0,0,false,false,false,false,false,false,false,false,false,false,false,false,true,false,false,false,false,false,false,false,false,false,-83.08783,42.41809,"{
  ""coordinates"": [
    -8.308783016302590e+01,
    4.241809260491940e+01
  ],
  ""type"": ""Point""
}","{
  ""coordinates"": [
    -83.087830163,
    42.418092605
  ],
  ""type"": ""Point""
}",-83.087830163,42.418092605
3512,1264139,CADET,CASGRAIN,2018-01-11,11,1,2018,14,5,4,9,,,0,,2,2,1,25,2,2,3,4,0,0,0,1,false,false,true,false,false,false,false,false,false,false,false,false,false,false,false,false,false,false,false,false,false,false,-83.11104,42.31274,"{
  ""coordinates"": [
    -8.311103978627069e+01,
    4.231273562580620e+01
  ],
  ""type"": ""Point""
}","{
  ""coordinates"": [
    -83.111039786,
    42.312735626
  ],
  ""type"": ""Point""
}",-83.1110397859999,42.3127356260001
3513,1262901,I 94,CADILLAC,2018-01-11,11,1,2018,8,5,1,1,,1,0,Asphalt,2,1,2,55,3,1,1,5,0,0,0,0,true,false,false,false,false,false,false,false,false,false,false,false,false,false,false,false,false,false,false,false,false,false,-83.00151,42.39223,"{
  ""coordinates"": [
    -8.300150721538979e+01,
    4.239222544302360e+01
  ],
  ""type"": ""Point""
}","{
  ""coordinates"": [
    -83.001507215,
    42.392225443
  ],
  ""type"": ""Point""
}",-83.0015072149999,42.392225443
3514,1264163,FENKELL,SNOWDEN,2018-01-11,11,1,2018,14,5,4,9,,2,0,Asphalt,2,2,1,30,2,2,6,5,0,0,0,0,true,false,false,false,false,false,false,false,false,false,false,false,false,false,false,false,false,false,false,false,false,false,-83.17696,42.40211,"{
  ""coordinates"": [
    -8.317696632886491e+01,
    4.240211144125750e+01
  ],
  ""type"": ""Point""
}","{
  ""coordinates"": [
    -83.176966329,
    42.402111441
  ],
  ""type"": ""Point""
}",-83.176966329,42.402111441
3515,1265932,LAFAYETTE,MELDRUM,2018-01-11,11,1,2018,17,5,1,9,,4,0,Asphalt,2,2,4,25,2,2,0,2,0,1,0,0,false,false,false,false,true,false,false,false,false,false,false,false,true,false,false,false,false,false,false,false,false,false,-83.01089,42.34744,"{
  ""coordinates"": [
    -8.301089625412290e+01,
    4.234744231193030e+01
  ],
  ""type"": ""Point""
}","{
  ""coordinates"": [
    -83.010896254,
    42.347442312
  ],
  ""type"": ""Point""
}",-83.010896254,42.3474423120001
3516,1273913,I-75,MADISON,2018-01-11,11,1,2018,8,5,5,1,,1,0,Concrete,2,1,1,55,3,2,2,5,0,0,0,0,true,false,false,false,true,false,false,false,false,false,false,false,false,false,false,false,false,false,false,false,false,false,-83.0436,42.34281,"{
  ""coordinates"": [
    -8.304359843505490e+01,
    4.234280674008200e+01
  ],
  ""type"": ""Point""
}","{
  ""coordinates"": [
    -83.043598435,
    42.34280674
  ],
  ""type"": ""Point""
}",-83.043598435,42.3428067400001
3517,1268372,I-94,WOODWARD,2018-01-11,11,1,2018,19,5,1,1,,1,1,Asphalt,2,1,4,55,3,1,1,5,0,0,0,0,true,false,false,false,false,false,false,false,false,true,false,false,false,false,false,false,false,false,false,false,false,false,-83.06885,42.36359,"{
  ""coordinates"": [
    -8.306884605297719e+01,
    4.236358480294440e+01
  ],
  ""type"": ""Point""
}","{
  ""coordinates"": [
    -83.068846053,
    42.363584803
  ],
  ""type"": ""Point""
}",-83.068846053,42.363584803
3518,1267102,MARSEILLES,CHANDLER PARK,2018-01-11,11,1,2018,14,5,8,9,,,0,,1,1,1,25,2,2,3,5,0,0,0,0,true,false,false,false,false,false,false,false,false,false,false,true,false,false,false,false,false,false,false,false,false,false,-82.92451,42.41405,"{
  ""coordinates"": [
    -8.292451286289510e+01,
    4.241404705484800e+01
  ],
  ""type"": ""Point""
}","{
  ""coordinates"": [
    -82.924512863,
    42.414047055
  ],
  ""type"": ""Point""
}",-82.924512863,42.414047055
3519,1265900,DAVISON CROSSOVER,I 96,2018-01-11,11,1,2018,12,5,5,9,,,0,,4,5,1,35,4,2,2,5,0,0,0,0,true,false,false,false,false,false,false,false,false,false,false,false,false,false,false,false,false,false,false,false,false,false,-83.1591,42.38544,"{
  ""coordinates"": [
    -8.315910327065120e+01,
    4.238544336398830e+01
  ],
  ""type"": ""Point""
}","{
  ""coordinates"": [
    -83.159103271,
    42.385443364
  ],
  ""type"": ""Point""
}",-83.1591032709999,42.385443364
3520,1273910,I-94,WOODWARD,2018-01-11,11,1,2018,10,5,5,1,,1,0,Asphalt,2,1,1,55,3,2,1,5,0,0,0,0,true,false,false,false,true,false,false,false,false,false,false,false,false,false,false,false,false,false,false,false,false,false,-83.06718,42.3644,"{
  ""coordinates"": [
    -8.306718430461341e+01,
    4.236440104640360e+01
  ],
  ""type"": ""Point""
}","{
  ""coordinates"": [
    -83.067184305,
    42.364401046
  ],
  ""type"": ""Point""
}",-83.067184305,42.3644010460001
3521,1265912,BRAMELL,WADSWORTH,2018-01-11,11,1,2018,22,5,9,9,,,2,,1,1,5,25,2,2,0,5,0,0,0,0,true,false,false,false,true,false,false,false,false,false,false,false,false,false,false,false,false,false,false,false,false,false,-83.26334,42.37291,"{
  ""coordinates"": [
    -8.326334476002430e+01,
    4.237290915728380e+01
  ],
  ""type"": ""Point""
}","{
  ""coordinates"": [
    -83.26334476,
    42.372909157
  ],
  ""type"": ""Point""
}",-83.2633447599999,42.372909157
3522,1265886,HEYDEN,WADSWORTH,2018-01-11,11,1,2018,23,5,2,9,,,0,,2,1,4,25,1,2,1,5,0,0,0,0,true,false,false,false,true,true,false,false,false,false,false,true,false,false,false,false,false,false,false,false,false,false,-83.23886,42.37445,"{
  ""coordinates"": [
    -8.323886316500170e+01,
    4.237445159097890e+01
  ],
  ""type"": ""Point""
}","{
  ""coordinates"": [
    -83.238863165,
    42.374451591
  ],
  ""type"": ""Point""
}",-83.2388631649999,42.374451591
3523,1268398,TRUMBULL,94 SERVICE,2018-01-11,11,1,2018,18,5,5,9,,4,0,Asphalt,3,1,3,35,3,2,2,5,0,0,0,0,true,false,false,false,false,false,false,false,false,false,false,false,false,false,false,false,false,false,false,false,false,false,-83.08454,42.36595,"{
  ""coordinates"": [
    -8.308454240382839e+01,
    4.236594661930870e+01
  ],
  ""type"": ""Point""
}","{
  ""coordinates"": [
    -83.084542404,
    42.365946619
  ],
  ""type"": ""Point""
}",-83.084542404,42.3659466190001
3524,1264133,SCHAEFER,E I 96,2018-01-11,11,1,2018,10,5,4,1,,4,0,Concrete,2,1,1,30,3,2,3,2,0,1,0,0,false,false,true,true,false,false,false,true,false,false,false,false,false,true,true,false,false,false,false,false,false,false,-83.17836,42.38308,"{
  ""coordinates"": [
    -8.317835747898050e+01,
    4.238307678761480e+01
  ],
  ""type"": ""Point""
}","{
  ""coordinates"": [
    -83.178357479,
    42.383076788
  ],
  ""type"": ""Point""
}",-83.1783574789999,42.383076788
3525,1269929,I-94,NOTTINGHAM,2018-01-11,11,1,2018,3,5,5,1,,1,0,Asphalt,2,2,4,55,3,2,2,4,0,0,0,2,false,false,false,false,false,false,false,false,false,false,false,false,false,false,false,false,false,false,false,false,false,false,-82.95391,42.40677,"{
  ""coordinates"": [
    -8.295391252211400e+01,
    4.240677089616150e+01
  ],
  ""type"": ""Point""
}","{
  ""coordinates"": [
    -82.953912522,
    42.406770896
  ],
  ""type"": ""Point""
}",-82.9539125219999,42.4067708960001
3526,1269954,GRISWOLD,STATE,2018-01-11,11,1,2018,11,5,98,9,,4,0,Asphalt,2,1,1,20,3,2,1,5,0,0,0,0,true,false,false,false,true,false,false,false,false,false,false,false,false,false,false,false,false,false,false,false,false,false,-83.04897,42.33245,"{
  ""coordinates"": [
    -8.304897085624511e+01,
    4.233245591346900e+01
  ],
  ""type"": ""Point""
}","{
  ""coordinates"": [
    -83.048970856,
    42.332455913
  ],
  ""type"": ""Point""
}",-83.048970856,42.332455913
3527,1265910,GRAND RIVER,MCNICHOLS,2018-01-11,11,1,2018,16,5,8,3,,1,0,Asphalt,2,4,1,35,3,2,2,5,0,0,0,0,true,true,false,false,true,false,false,false,false,false,false,false,false,false,false,false,false,false,false,false,false,false,-83.25227,42.41435,"{
  ""coordinates"": [
    -8.325227361179429e+01,
    4.241435301763370e+01
  ],
  ""type"": ""Point""
}","{
  ""coordinates"": [
    -83.252273612,
    42.414353018
  ],
  ""type"": ""Point""
}",-83.252273612,42.414353018
3528,1268439,WOODWARD,HARPER,2018-01-11,11,1,2018,17,5,4,3,,1,0,Asphalt,1,1,1,30,6,2,4,4,0,0,0,1,false,false,false,false,false,false,false,false,false,false,false,false,false,false,false,false,false,false,false,false,false,false,-83.06986,42.36504,"{
  ""coordinates"": [
    -8.306986361088680e+01,
    4.236503768850960e+01
  ],
  ""type"": ""Point""
}","{
  ""coordinates"": [
    -83.069863611,
    42.365037689
  ],
  ""type"": ""Point""
}",-83.069863611,42.3650376890001
3529,1265933,CHENE,GRAND,2018-01-11,11,1,2018,6,5,1,1,,4,0,Asphalt,2,3,4,30,4,1,3,1,2,0,1,0,false,false,false,false,false,false,false,false,false,false,false,false,false,false,false,false,false,false,false,false,false,false,-83.04649,42.37488,"{
  ""coordinates"": [
    -8.304648588271360e+01,
    4.237488170822980e+01
  ],
  ""type"": ""Point""
}","{
  ""coordinates"": [
    -83.046485883,
    42.374881708
  ],
  ""type"": ""Point""
}",-83.0464858829999,42.374881708
3530,1268376,I-94,HELEN,2018-01-11,11,1,2018,4,5,1,9,,4,1,Asphalt,2,2,4,55,3,1,3,4,0,0,0,1,false,false,false,false,false,false,false,true,false,false,false,false,false,false,false,false,false,false,false,false,false,false,-83.02819,42.38396,"{
  ""coordinates"": [
    -8.302819426810680e+01,
    4.238395933496130e+01
  ],
  ""type"": ""Point""
}","{
  ""coordinates"": [
    -83.028194268,
    42.383959335
  ],
  ""type"": ""Point""
}",-83.0281942679999,42.383959335
3531,1265911,DOLPHIN,WYMAN,2018-01-11,11,1,2018,22,5,2,9,,,2,,1,1,5,25,2,2,0,5,0,0,0,0,true,false,false,false,true,false,false,false,false,false,false,false,false,false,false,false,false,false,false,false,false,false,-83.25964,42.41368,"{
  ""coordinates"": [
    -8.325964192648570e+01,
    4.241368604325630e+01
  ],
  ""type"": ""Point""
}","{
  ""coordinates"": [
    -83.259641926,
    42.413686043
  ],
  ""type"": ""Point""
}",-83.259641926,42.413686043
3532,1265925,WOODROW WILSON,EUCLID,2018-01-11,11,1,2018,21,5,4,9,,4,0,Asphalt,2,1,4,25,4,2,6,4,0,0,0,4,false,false,false,false,false,false,false,false,false,false,false,false,false,false,false,false,false,false,false,false,false,false,-83.09272,42.3717,"{
  ""coordinates"": [
    -8.309272242836630e+01,
    4.237169888068020e+01
  ],
  ""type"": ""Point""
}","{
  ""coordinates"": [
    -83.092722428,
    42.371698881
  ],
  ""type"": ""Point""
}",-83.0927224279999,42.371698881
3533,1273912,I-75,LIVERNOIS,2018-01-11,11,1,2018,12,5,8,1,,1,0,Concrete,1,2,1,55,3,2,1,5,0,0,0,0,true,false,false,false,true,false,false,false,true,false,false,false,false,false,false,true,false,false,false,false,false,false,-83.10576,42.30674,"{
  ""coordinates"": [
    -8.310575560868520e+01,
    4.230673499297500e+01
  ],
  ""type"": ""Point""
}","{
  ""coordinates"": [
    -83.105755609,
    42.306734993
  ],
  ""type"": ""Point""
}",-83.105755609,42.3067349930001
3534,1267108,MILWAUKEE,3RD,2018-01-11,11,1,2018,18,5,97,9,,4,0,Asphalt,2,1,4,,1,2,1,3,0,0,1,0,false,false,false,false,true,false,false,false,false,false,false,false,true,false,false,false,false,false,false,false,false,false,-83.07854,42.36687,"{
  ""coordinates"": [
    -8.307853773515180e+01,
    4.236686914367410e+01
  ],
  ""type"": ""Point""
}","{
  ""coordinates"": [
    -83.078537735,
    42.366869144
  ],
  ""type"": ""Point""
}",-83.0785377349999,42.3668691440001
3535,1264143,FRENCH,I 94 SERVICE,2018-01-11,11,1,2018,17,5,5,9,,4,0,Asphalt,2,2,3,35,2,2,2,5,0,0,0,0,true,false,false,false,false,false,false,false,false,false,false,false,false,true,false,false,false,false,false,false,false,false,-82.99561,42.39194,"{
  ""coordinates"": [
    -8.299561673296600e+01,
    4.239194642205350e+01
  ],
  ""type"": ""Point""
}","{
  ""coordinates"": [
    -82.995616733,
    42.391946422
  ],
  ""type"": ""Point""
}",-82.995616733,42.391946422
3536,1265854,TRUMBULL,GRAND RIVER,2018-01-11,11,1,2018,10,5,5,3,,4,0,Asphalt,1,1,1,25,4,2,2,5,0,0,0,0,true,false,false,false,false,false,false,false,false,false,false,false,false,false,true,false,false,false,false,false,false,false,-83.07302,42.34215,"{
  ""coordinates"": [
    -8.307302423938140e+01,
    4.234215021762470e+01
  ],
  ""type"": ""Point""
}","{
  ""coordinates"": [
    -83.073024239,
    42.342150218
  ],
  ""type"": ""Point""
}",-83.0730242389999,42.342150218
3537,1265952,MANSFIELD,CURTIS,2018-01-11,11,1,2018,8,5,4,9,,,0,,3,1,4,,1,2,1,5,0,0,0,0,true,false,false,false,true,false,false,false,false,false,false,true,false,false,false,false,false,false,false,false,false,false,-83.20604,42.42262,"{
  ""coordinates"": [
    -8.320604076299600e+01,
    4.242262382315560e+01
  ],
  ""type"": ""Point""
}","{
  ""coordinates"": [
    -83.206040763,
    42.422623823
  ],
  ""type"": ""Point""
}",-83.206040763,42.422623823
3538,1264146,N I 375 SERVICE DRIVE,MONROE,2018-01-11,11,1,2018,10,5,5,1,,4,0,Concrete,1,1,1,25,1,2,2,5,0,0,0,0,true,false,false,false,true,false,false,false,false,true,false,false,false,false,false,false,false,false,false,false,false,false,-83.03802,42.33681,"{
  ""coordinates"": [
    -8.303801441993380e+01,
    4.233681361682440e+01
  ],
  ""type"": ""Point""
}","{
  ""coordinates"": [
    -83.03801442,
    42.336813617
  ],
  ""type"": ""Point""
}",-83.03801442,42.3368136170001
3539,1278252,M-39,PURITAN,2018-01-11,11,1,2018,9,5,5,3,,1,0,Asphalt,2,2,1,55,3,4,4,4,0,0,0,1,false,false,false,false,false,false,false,false,false,false,false,false,false,false,false,false,false,false,false,false,false,false,-83.2187,42.40805,"{
  ""coordinates"": [
    -8.321869397465029e+01,
    4.240805209603580e+01
  ],
  ""type"": ""Point""
}","{
  ""coordinates"": [
    -83.218693975,
    42.408052096
  ],
  ""type"": ""Point""
}",-83.218693975,42.4080520960001
3540,1302210,CHANDLER PARK,GRAYTON,2018-01-11,11,1,2018,20,5,4,9,,2,0,Asphalt,2,4,3,35,2,2,2,4,0,0,0,2,false,false,false,false,true,false,false,false,false,false,false,false,false,false,false,false,false,false,false,false,false,false,-82.93539,42.41028,"{
  ""coordinates"": [
    -8.293538578744879e+01,
    4.241027985625110e+01
  ],
  ""type"": ""Point""
}","{
  ""coordinates"": [
    -82.935385787,
    42.410279856
  ],
  ""type"": ""Point""
}",-82.935385787,42.410279856