ObjectId,Crash ID,Primary Road,Intersecting Road,Crash Date,Day,Month,Year,Hour,Weekday,Crash Type Code,Highway Classification Code,Community Code,Jurisdiction Code,Lane Departure Type Code,Surface Type,Road Condition,Weather Condition,Lighting Condition,Speed Limit,Lanes,Units,Occupants,Most Severe Injury,Fatal Injuries,Suspected Serious Injuries,Suspected Minor Injuries,Possible Injuries,Property Damage Only,Secondary Crash,Traffic Control,Red Light Run,Hit and Run,Alcohol,Drugs,Unbelted Person,Work Zone,Speeding Driver,Distracted Driver,Driveway,Pedestrian,Elderly Driver,Young Driver,Commercial Vehicle,Emergency Vehicles,Train,School Bus,Motorcycle,Bicycle,Deer,Longitude,Latitude,geom,geog,x,y
3596,1264150,GREINER,SCHOENHERR,2018-01-10,10,1,2018,14,4,7,9,,4,0,Asphalt,2,2,1,30,4,2,3,5,0,0,0,0,true,false,false,false,false,false,false,false,false,false,false,false,false,false,false,true,true,false,false,false,false,false,-82.98479,42.42767,"{
  ""coordinates"": [
    -8.298479266508360e+01,
    4.242767328629850e+01
  ],
  ""type"": ""Point""
}","{
  ""coordinates"": [
    -82.984792665,
    42.427673286
  ],
  ""type"": ""Point""
}",-82.984792665,42.4276732860001
3597,1262942,PARKER,GOETHE,2018-01-10,10,1,2018,14,4,4,9,,,0,,2,2,1,25,1,2,2,4,0,0,0,1,false,false,false,false,false,false,false,false,false,false,false,false,false,false,false,false,false,false,false,false,false,false,-83.00374,42.36542,"{
  ""coordinates"": [
    -8.300373797448501e+01,
    4.236541825211430e+01
  ],
  ""type"": ""Point""
}","{
  ""coordinates"": [
    -83.003737974,
    42.365418252
  ],
  ""type"": ""Point""
}",-83.003737974,42.365418252
3598,1269947,E I 94 SERVICE DRIVE,BEAUBIEN,2018-01-10,10,1,2018,22,4,4,9,,4,0,Asphalt,2,1,1,25,4,2,2,5,0,0,0,0,true,true,true,true,false,false,false,false,false,false,false,false,false,false,true,false,false,false,false,false,false,false,-83.06316,42.36588,"{
  ""coordinates"": [
    -8.306315573408200e+01,
    4.236587755334440e+01
  ],
  ""type"": ""Point""
}","{
  ""coordinates"": [
    -83.063155734,
    42.365877553
  ],
  ""type"": ""Point""
}",-83.063155734,42.3658775530001
3599,1272502,BRUSH,PIQUETTE,2018-01-10,10,1,2018,13,4,1,9,,4,1,Asphalt,4,5,1,25,3,1,1,5,0,0,0,0,true,false,true,false,false,false,false,false,false,false,false,false,false,false,false,true,false,false,false,false,false,false,-83.06774,42.37057,"{
  ""coordinates"": [
    -8.306774203178951e+01,
    4.237057226903550e+01
  ],
  ""type"": ""Point""
}","{
  ""coordinates"": [
    -83.067742032,
    42.370572269
  ],
  ""type"": ""Point""
}",-83.067742032,42.370572269
3600,1325005,GRATIOT,FISHER SERVICE,2018-01-10,10,1,2018,8,4,8,1,,1,0,Concrete,2,1,1,35,3,2,2,5,0,0,0,0,true,false,false,false,false,false,false,false,false,false,false,false,false,false,false,false,false,false,false,false,false,false,-83.05833,42.33713,"{
  ""coordinates"": [
    -8.305833809217511e+01,
    4.233713168797170e+01
  ],
  ""type"": ""Point""
}","{
  ""coordinates"": [
    -83.058338092,
    42.337131688
  ],
  ""type"": ""Point""
}",-83.058338092,42.3371316880001
3601,1262941,GRAND,HAMTRAMCK,2018-01-10,10,1,2018,9,4,97,9,,4,0,Asphalt,2,2,1,25,2,2,3,5,0,0,0,0,true,false,false,false,false,false,false,false,false,false,false,false,false,false,false,false,false,false,false,false,false,false,-83.05338,42.37722,"{
  ""coordinates"": [
    -8.305338089376301e+01,
    4.237722006262270e+01
  ],
  ""type"": ""Point""
}","{
  ""coordinates"": [
    -83.053380894,
    42.377220063
  ],
  ""type"": ""Point""
}",-83.053380894,42.377220063
3602,1262923,I-96,CHICAGO,2018-01-10,10,1,2018,9,4,8,1,,1,0,Asphalt,3,4,1,70,4,2,2,5,0,0,0,0,true,false,false,false,false,false,false,false,false,true,false,false,false,false,false,false,false,false,false,false,false,false,-83.14091,42.36817,"{
  ""coordinates"": [
    -8.314090957486771e+01,
    4.236816817819120e+01
  ],
  ""type"": ""Point""
}","{
  ""coordinates"": [
    -83.140909575,
    42.368168178
  ],
  ""type"": ""Point""
}",-83.140909575,42.3681681780001
3603,1262955,LIVERNOIS,OAKMAN,2018-01-10,10,1,2018,17,4,5,9,,4,0,Asphalt,2,1,1,35,6,2,2,5,0,0,0,0,true,false,false,false,false,false,false,false,false,false,false,false,false,false,false,false,false,false,false,false,false,false,-83.1396,42.39038,"{
  ""coordinates"": [
    -8.313959795460021e+01,
    4.239038240527110e+01
  ],
  ""type"": ""Point""
}","{
  ""coordinates"": [
    -83.139597955,
    42.390382405
  ],
  ""type"": ""Point""
}",-83.1395979549999,42.390382405
3604,1264127,MEYERS,CHICAGO,2018-01-10,10,1,2018,9,4,1,9,,4,1,Asphalt,3,4,1,25,3,1,1,5,0,0,0,0,true,false,false,false,false,false,false,false,false,false,false,false,false,false,true,false,false,false,false,false,false,false,-83.16793,42.3662,"{
  ""coordinates"": [
    -8.316793433283890e+01,
    4.236619575614830e+01
  ],
  ""type"": ""Point""
}","{
  ""coordinates"": [
    -83.167934333,
    42.366195756
  ],
  ""type"": ""Point""
}",-83.1679343329999,42.366195756
3605,1262948,WHITTIER,KELLY,2018-01-10,10,1,2018,9,4,5,9,,4,0,Asphalt,3,5,1,30,2,2,3,4,0,0,0,1,false,false,false,false,false,false,false,false,false,false,false,false,false,false,false,false,false,false,false,false,false,false,-82.96271,42.42088,"{
  ""coordinates"": [
    -8.296270702214990e+01,
    4.242088293211460e+01
  ],
  ""type"": ""Point""
}","{
  ""coordinates"": [
    -82.962707022,
    42.420882932
  ],
  ""type"": ""Point""
}",-82.962707022,42.420882932
3606,1265951,18925 GREENLAWN,CLARITA,2018-01-10,10,1,2018,11,4,4,9,,,0,,3,1,1,,1,2,1,5,0,0,0,0,true,false,false,false,true,false,false,false,false,false,false,true,false,false,false,false,false,false,false,false,false,false,-83.1518,42.42941,"{
  ""coordinates"": [
    -8.315180548275870e+01,
    4.242940919179930e+01
  ],
  ""type"": ""Point""
}","{
  ""coordinates"": [
    -83.151805483,
    42.429409192
  ],
  ""type"": ""Point""
}",-83.151805483,42.429409192
3607,1262937,PAUL,BRACE,2018-01-10,10,1,2018,10,4,4,9,,4,0,Asphalt,3,7,1,25,2,2,2,5,0,0,0,0,true,false,false,false,false,false,false,false,false,false,false,false,false,true,false,false,false,false,false,false,false,false,-83.22289,42.33604,"{
  ""coordinates"": [
    -8.322288695256510e+01,
    4.233603793109990e+01
  ],
  ""type"": ""Point""
}","{
  ""coordinates"": [
    -83.222886953,
    42.336037931
  ],
  ""type"": ""Point""
}",-83.2228869529999,42.3360379310001
3608,1273906,I94,I96,2018-01-10,10,1,2018,8,4,8,1,,1,0,Asphalt,2,1,1,70,3,2,1,5,0,0,0,0,true,false,false,false,true,false,false,false,false,false,false,false,false,false,false,false,false,false,false,false,false,false,-83.09009,42.35308,"{
  ""coordinates"": [
    -8.309008810246669e+01,
    4.235308420763460e+01
  ],
  ""type"": ""Point""
}","{
  ""coordinates"": [
    -83.090088102,
    42.353084208
  ],
  ""type"": ""Point""
}",-83.090088102,42.353084208
3609,1268374,RAMP 216B,RAMP 216H,2018-01-10,10,1,2018,23,4,1,1,,1,1,Concrete,2,2,4,25,3,1,1,5,0,0,0,0,true,false,false,false,false,false,false,false,false,true,false,false,false,false,false,true,false,false,false,false,false,false,-83.0579,42.36662,"{
  ""coordinates"": [
    -8.305789965774460e+01,
    4.236661844005560e+01
  ],
  ""type"": ""Point""
}","{
  ""coordinates"": [
    -83.057899658,
    42.36661844
  ],
  ""type"": ""Point""
}",-83.0578996579999,42.36661844
3610,1265885,EASTLAWN,FRANKFORT,2018-01-10,10,1,2018,20,4,10,9,,,0,,2,4,5,25,2,2,1,5,0,0,0,0,true,false,false,false,false,false,false,false,false,false,false,false,false,false,false,false,false,false,false,false,false,false,-82.9631,42.39563,"{
  ""coordinates"": [
    -8.296310554959931e+01,
    4.239563410596820e+01
  ],
  ""type"": ""Point""
}","{
  ""coordinates"": [
    -82.96310555,
    42.395634106
  ],
  ""type"": ""Point""
}",-82.96310555,42.395634106
3611,1273929,N M 10,RAMP 113A,2018-01-10,10,1,2018,15,4,8,3,,1,0,Concrete,2,4,1,55,4,3,6,4,0,0,0,1,false,false,false,false,true,false,false,false,false,false,false,false,false,true,false,false,false,false,false,false,false,false,-83.08846,42.37714,"{
  ""coordinates"": [
    -8.308846404039529e+01,
    4.237713814645220e+01
  ],
  ""type"": ""Point""
}","{
  ""coordinates"": [
    -83.08846404,
    42.377138146
  ],
  ""type"": ""Point""
}",-83.08846404,42.377138146
3612,1264122,GRAND RIVER,OAKMAN,2018-01-10,10,1,2018,10,4,4,3,,1,0,Asphalt,3,4,1,30,5,2,3,5,0,0,0,0,true,false,false,false,true,false,false,false,false,false,false,false,false,false,false,false,false,false,false,false,false,false,-83.15086,42.37352,"{
  ""coordinates"": [
    -8.315085662180830e+01,
    4.237352213394430e+01
  ],
  ""type"": ""Point""
}","{
  ""coordinates"": [
    -83.150856622,
    42.373522134
  ],
  ""type"": ""Point""
}",-83.1508566219999,42.373522134
3613,1262951,SEYMOUR,HAYES,2018-01-10,10,1,2018,12,4,2,9,,4,0,Asphalt,2,4,1,30,2,2,1,5,0,0,0,0,true,false,false,false,true,false,false,false,false,false,false,true,false,false,false,false,false,false,false,false,false,false,-82.966,42.42717,"{
  ""coordinates"": [
    -8.296600172641310e+01,
    4.242717330549510e+01
  ],
  ""type"": ""Point""
}","{
  ""coordinates"": [
    -82.966001726,
    42.427173305
  ],
  ""type"": ""Point""
}",-82.9660017259999,42.4271733050001
3614,1265909,EVERGREEN,MIDLAND,2018-01-10,10,1,2018,22,4,5,9,,4,0,Asphalt,2,1,4,25,2,2,1,5,0,0,0,0,true,true,false,false,false,false,false,false,false,true,false,false,false,false,false,false,false,false,false,false,false,false,-83.23759,42.40426,"{
  ""coordinates"": [
    -8.323758655425550e+01,
    4.240426198313170e+01
  ],
  ""type"": ""Point""
}","{
  ""coordinates"": [
    -83.237586554,
    42.404261983
  ],
  ""type"": ""Point""
}",-83.237586554,42.404261983
3615,1267135,JEFFERSON,DUBOIS,2018-01-10,10,1,2018,18,4,4,9,,4,0,Asphalt,2,1,4,35,8,2,2,5,0,0,0,0,true,false,false,false,false,false,false,false,false,false,false,false,false,false,false,false,false,false,false,false,false,false,-83.02465,42.33738,"{
  ""coordinates"": [
    -8.302465064961960e+01,
    4.233737842343600e+01
  ],
  ""type"": ""Point""
}","{
  ""coordinates"": [
    -83.02465065,
    42.337378423
  ],
  ""type"": ""Point""
}",-83.02465065,42.3373784230001
3616,1262957,MT ELLIOTT,CONANT,2018-01-10,10,1,2018,17,4,5,9,,4,0,Asphalt,2,1,1,35,2,2,1,5,0,0,0,0,true,false,false,false,true,false,false,false,false,false,false,false,false,false,false,false,false,false,false,false,false,false,-83.03917,42.38598,"{
  ""coordinates"": [
    -8.303916687934220e+01,
    4.238598372785280e+01
  ],
  ""type"": ""Point""
}","{
  ""coordinates"": [
    -83.039166879,
    42.385983728
  ],
  ""type"": ""Point""
}",-83.0391668789999,42.385983728
3617,1262947,HOOVER,MANNING,2018-01-10,10,1,2018,7,4,5,3,,1,0,Asphalt,1,1,2,30,2,2,1,5,0,0,0,0,true,false,false,false,true,false,false,false,false,false,false,false,false,false,false,false,false,false,false,false,false,false,-83.00493,42.44065,"{
  ""coordinates"": [
    -8.300492483362650e+01,
    4.244065258877990e+01
  ],
  ""type"": ""Point""
}","{
  ""coordinates"": [
    -83.004924834,
    42.440652589
  ],
  ""type"": ""Point""
}",-83.004924834,42.4406525890001
3618,1262958,LUMPKIN,7 MILE,2018-01-10,10,1,2018,17,4,9,9,,,0,,4,1,4,25,4,2,1,5,0,0,0,0,true,false,false,false,true,false,false,false,false,false,false,false,false,false,false,false,false,false,false,false,false,false,-83.08042,42.43278,"{
  ""coordinates"": [
    -8.308042465970109e+01,
    4.243278073043090e+01
  ],
  ""type"": ""Point""
}","{
  ""coordinates"": [
    -83.08042466,
    42.43278073
  ],
  ""type"": ""Point""
}",-83.0804246599999,42.43278073
3619,1262954,WOODWARD,COLLINGWOOD,2018-01-10,10,1,2018,10,4,1,3,,1,1,Asphalt,3,7,1,35,2,1,1,5,0,0,0,0,true,false,false,false,false,false,false,false,false,false,false,false,false,true,false,false,false,false,false,false,false,false,-83.08665,42.39011,"{
  ""coordinates"": [
    -8.308665290980140e+01,
    4.239011431944970e+01
  ],
  ""type"": ""Point""
}","{
  ""coordinates"": [
    -83.08665291,
    42.390114319
  ],
  ""type"": ""Point""
}",-83.0866529099999,42.3901143190001
3620,1262959,MANOR,PURTIAN,2018-01-10,10,1,2018,8,4,8,9,,,0,,4,4,1,25,1,2,1,5,0,0,0,0,true,false,false,false,false,false,false,false,false,false,false,false,false,false,false,true,false,false,true,false,false,false,-83.16869,42.4095,"{
  ""coordinates"": [
    -8.316868660258071e+01,
    4.240949936438150e+01
  ],
  ""type"": ""Point""
}","{
  ""coordinates"": [
    -83.168686603,
    42.409499364
  ],
  ""type"": ""Point""
}",-83.168686603,42.4094993640001
3621,1267090,W I 96,W I 96 CD,2018-01-10,10,1,2018,16,4,5,1,,1,0,Concrete,2,3,1,55,3,2,3,5,0,0,0,0,true,false,false,false,false,false,false,false,false,false,false,false,false,false,false,false,false,false,false,false,false,false,-83.25153,42.38555,"{
  ""coordinates"": [
    -8.325153456617021e+01,
    4.238554691210320e+01
  ],
  ""type"": ""Point""
}","{
  ""coordinates"": [
    -83.251534566,
    42.385546912
  ],
  ""type"": ""Point""
}",-83.251534566,42.3855469120001
3622,1261652,MCNICHOLS,ROBSON,2018-01-09,9,1,2018,9,3,5,9,,2,0,Asphalt,3,1,1,30,5,2,1,5,0,0,0,0,true,false,false,false,true,false,false,false,false,false,false,false,false,false,false,false,false,false,false,false,false,false,-83.19332,42.41627,"{
  ""coordinates"": [
    -8.319331781094969e+01,
    4.241627198614600e+01
  ],
  ""type"": ""Point""
}","{
  ""coordinates"": [
    -83.193317811,
    42.416271986
  ],
  ""type"": ""Point""
}",-83.193317811,42.416271986
3623,1261621,7 MILE,EVERGREEN,2018-01-09,9,1,2018,12,3,8,9,,2,0,Asphalt,1,1,1,35,2,2,2,5,0,0,0,0,true,false,false,false,true,false,false,false,false,false,false,false,false,false,false,false,false,false,false,false,false,false,-83.23887,42.42957,"{
  ""coordinates"": [
    -8.323886619687801e+01,
    4.242957202650180e+01
  ],
  ""type"": ""Point""
}","{
  ""coordinates"": [
    -83.238866197,
    42.429572027
  ],
  ""type"": ""Point""
}",-83.2388661969999,42.4295720270001
3624,1264151,RAMP 219A,E I 94,2018-01-09,9,1,2018,17,3,5,1,,1,0,Asphalt,1,1,4,55,3,3,3,5,0,0,0,0,true,false,false,false,false,false,false,false,false,false,false,false,false,false,false,false,false,false,false,false,false,false,-83.00597,42.39145,"{
  ""coordinates"": [
    -8.300597024702060e+01,
    4.239145433397740e+01
  ],
  ""type"": ""Point""
}","{
  ""coordinates"": [
    -83.005970247,
    42.391454334
  ],
  ""type"": ""Point""
}",-83.0059702469999,42.3914543340001
3625,1261644,NASHVILLE,ELMO,2018-01-09,9,1,2018,0,3,5,9,,,0,,4,1,4,25,1,2,0,5,0,0,0,0,true,false,false,false,true,false,false,false,false,false,false,false,false,false,false,false,false,false,false,false,false,false,-83.00435,42.41583,"{
  ""coordinates"": [
    -8.300434663981150e+01,
    4.241582952743260e+01
  ],
  ""type"": ""Point""
}","{
  ""coordinates"": [
    -83.00434664,
    42.415829527
  ],
  ""type"": ""Point""
}",-83.0043466399999,42.415829527
3626,1264132,SCHAEFER,CHADWICK,2018-01-09,9,1,2018,12,3,8,9,,4,0,Asphalt,2,1,1,30,2,2,3,5,0,0,0,0,true,false,false,false,false,false,false,false,false,false,false,true,false,false,false,false,false,false,false,false,false,false,-83.17794,42.37166,"{
  ""coordinates"": [
    -8.317794193181750e+01,
    4.237166091149570e+01
  ],
  ""type"": ""Point""
}","{
  ""coordinates"": [
    -83.177941932,
    42.371660911
  ],
  ""type"": ""Point""
}",-83.177941932,42.371660911
3627,1264152,GRATIOT,STATE FAIR,2018-01-09,9,1,2018,6,3,5,3,,1,0,Asphalt,1,1,2,35,3,2,2,5,0,0,0,0,true,false,false,false,false,false,false,false,false,false,false,false,false,false,false,false,false,false,false,false,false,false,-82.97292,42.44233,"{
  ""coordinates"": [
    -8.297292134860579e+01,
    4.244232784517070e+01
  ],
  ""type"": ""Point""
}","{
  ""coordinates"": [
    -82.972921349,
    42.442327845
  ],
  ""type"": ""Point""
}",-82.972921349,42.4423278450001
3628,1264165,S M 10,RAMP 103B,2018-01-09,9,1,2018,8,3,8,3,,1,0,Concrete,3,1,1,55,3,2,3,4,0,0,0,1,false,false,false,false,false,false,false,false,false,false,false,false,false,false,false,false,false,false,false,false,false,false,-83.18263,42.42693,"{
  ""coordinates"": [
    -8.318263198067640e+01,
    4.242692529505930e+01
  ],
  ""type"": ""Point""
}","{
  ""coordinates"": [
    -83.182631981,
    42.426925295
  ],
  ""type"": ""Point""
}",-83.182631981,42.426925295
3629,1274047,BERG,TROJAN,2018-01-09,9,1,2018,22,3,97,9,,4,0,Concrete,3,1,4,25,2,2,1,5,0,0,0,0,true,false,false,false,false,false,false,false,false,false,false,false,false,false,true,false,false,false,false,false,false,false,-83.2683,42.43942,"{
  ""coordinates"": [
    -8.326830490068160e+01,
    4.243941773124240e+01
  ],
  ""type"": ""Point""
}","{
  ""coordinates"": [
    -83.268304901,
    42.439417731
  ],
  ""type"": ""Point""
}",-83.268304901,42.439417731
3630,1260310,BETHUNE,SECOND,2018-01-09,9,1,2018,6,3,98,9,,,0,,1,1,1,25,2,2,0,5,0,0,0,0,true,false,false,false,true,false,false,false,false,false,false,false,false,false,false,false,false,false,false,false,false,false,-83.07751,42.3714,"{
  ""coordinates"": [
    -8.307750921072510e+01,
    4.237139447937120e+01
  ],
  ""type"": ""Point""
}","{
  ""coordinates"": [
    -83.077509211,
    42.371394479
  ],
  ""type"": ""Point""
}",-83.0775092109999,42.3713944790001
3631,1325025,MCNICHOLS,DAVISON,2018-01-09,9,1,2018,7,3,5,9,,4,0,Asphalt,4,5,1,,2,2,1,5,0,0,0,0,true,false,false,false,true,false,false,false,false,false,false,false,false,false,false,false,false,false,false,false,false,false,-83.05275,42.41887,"{
  ""coordinates"": [
    -8.305274717862720e+01,
    4.241886520272060e+01
  ],
  ""type"": ""Point""
}","{
  ""coordinates"": [
    -83.052747179,
    42.418865203
  ],
  ""type"": ""Point""
}",-83.0527471789999,42.4188652030001
3632,1264124,GREENFIELD,ELLIS,2018-01-09,9,1,2018,16,3,3,9,,2,0,Asphalt,2,1,1,35,4,2,2,5,0,0,0,0,true,false,false,false,false,false,false,false,false,false,false,false,false,true,false,false,false,false,false,false,false,false,-83.19722,42.36328,"{
  ""coordinates"": [
    -8.319722171532830e+01,
    4.236328143331250e+01
  ],
  ""type"": ""Point""
}","{
  ""coordinates"": [
    -83.197221715,
    42.363281433
  ],
  ""type"": ""Point""
}",-83.197221715,42.3632814330001
3633,1279378,GRATIOT,ROSSINI,2018-01-09,9,1,2018,7,3,97,3,,1,0,Asphalt,3,5,4,35,3,2,2,5,0,0,0,0,true,false,false,false,true,false,false,false,false,false,false,false,false,false,false,false,false,false,false,false,false,false,-82.97208,42.44359,"{
  ""coordinates"": [
    -8.297208606937519e+01,
    4.244359001744710e+01
  ],
  ""type"": ""Point""
}","{
  ""coordinates"": [
    -82.972086069,
    42.443590017
  ],
  ""type"": ""Point""
}",-82.9720860689999,42.4435900170001
3634,1267098,LARNED,RAMP 125C,2018-01-09,9,1,2018,17,3,3,9,,4,0,Concrete,2,2,3,25,5,2,2,4,0,0,0,1,false,false,false,false,false,false,false,false,false,false,false,false,false,false,false,false,false,false,false,false,false,false,-83.05013,42.32727,"{
  ""coordinates"": [
    -8.305013609913360e+01,
    4.232726987341720e+01
  ],
  ""type"": ""Point""
}","{
  ""coordinates"": [
    -83.050136099,
    42.327269873
  ],
  ""type"": ""Point""
}",-83.050136099,42.327269873
3635,1261614,GILCHRIST,FENKELL,2018-01-09,9,1,2018,17,3,4,9,,,0,,4,1,1,25,2,2,3,5,0,0,0,0,true,false,false,false,false,false,false,false,false,false,false,false,false,false,false,false,false,false,false,false,false,false,-83.21146,42.40103,"{
  ""coordinates"": [
    -8.321145295730000e+01,
    4.240102932796990e+01
  ],
  ""type"": ""Point""
}","{
  ""coordinates"": [
    -83.211452957,
    42.401029328
  ],
  ""type"": ""Point""
}",-83.2114529569999,42.401029328
3636,1264090,RAMP 213N,W I 94,2018-01-09,9,1,2018,7,3,5,1,,1,0,Asphalt,3,1,5,55,6,3,3,5,0,0,0,0,true,false,false,false,false,false,false,false,false,false,false,false,false,false,false,false,false,false,false,false,false,false,-83.10394,42.34871,"{
  ""coordinates"": [
    -8.310394437370020e+01,
    4.234871215842450e+01
  ],
  ""type"": ""Point""
}","{
  ""coordinates"": [
    -83.103944374,
    42.348712158
  ],
  ""type"": ""Point""
}",-83.103944374,42.3487121580001
3637,1267107,MICHIGAN,THIRD,2018-01-09,9,1,2018,15,3,8,2,,1,0,Concrete,2,2,1,35,2,2,2,5,0,0,0,0,true,false,false,false,false,false,false,false,false,false,false,false,false,false,false,true,false,false,false,false,false,false,-83.05733,42.33166,"{
  ""coordinates"": [
    -8.305733785891491e+01,
    4.233166169512130e+01
  ],
  ""type"": ""Point""
}","{
  ""coordinates"": [
    -83.057337859,
    42.331661695
  ],
  ""type"": ""Point""
}",-83.057337859,42.331661695
3638,1261633,GRATIOT,SAINT PATRICK,2018-01-09,9,1,2018,7,3,5,3,,1,0,Asphalt,3,1,2,35,8,2,1,5,0,0,0,0,true,false,false,false,true,false,false,false,false,false,false,false,false,false,false,false,false,false,false,false,false,false,-82.9921,42.41317,"{
  ""coordinates"": [
    -8.299209432369631e+01,
    4.241317131283510e+01
  ],
  ""type"": ""Point""
}","{
  ""coordinates"": [
    -82.992094324,
    42.413171313
  ],
  ""type"": ""Point""
}",-82.9920943239999,42.4131713130001
3639,1261655,8 MILE,MONICA,2018-01-09,9,1,2018,9,3,5,3,,1,0,Asphalt,3,1,1,,4,2,1,5,0,0,0,0,true,false,false,false,false,false,false,false,false,false,false,false,false,false,false,false,false,false,false,false,false,false,-83.14497,42.44602,"{
  ""coordinates"": [
    -8.314496878952680e+01,
    4.244602150241340e+01
  ],
  ""type"": ""Point""
}","{
  ""coordinates"": [
    -83.14496879,
    42.446021502
  ],
  ""type"": ""Point""
}",-83.14496879,42.4460215020001
3640,1262939,GRATIOT,HELEN,2018-01-09,9,1,2018,17,3,3,3,,1,0,Asphalt,2,2,4,35,6,2,1,5,0,0,0,0,true,false,false,false,true,false,false,false,false,false,false,false,false,false,false,false,false,false,false,false,false,false,-83.01949,42.37158,"{
  ""coordinates"": [
    -8.301949674373030e+01,
    4.237157937299170e+01
  ],
  ""type"": ""Point""
}","{
  ""coordinates"": [
    -83.019496744,
    42.371579373
  ],
  ""type"": ""Point""
}",-83.019496744,42.371579373
3641,1260309,LODGE SERVICE,GRANDRIVER,2018-01-09,9,1,2018,7,3,5,9,,4,0,Asphalt,3,1,4,35,2,2,2,4,0,0,0,1,false,false,false,false,false,false,false,false,false,false,false,false,false,false,false,false,false,false,false,false,false,false,-83.0665,42.33946,"{
  ""coordinates"": [
    -8.306649869543421e+01,
    4.233946077390880e+01
  ],
  ""type"": ""Point""
}","{
  ""coordinates"": [
    -83.066498695,
    42.339460774
  ],
  ""type"": ""Point""
}",-83.066498695,42.339460774
3642,1261654,8 MILE,PRAIRIE,2018-01-09,9,1,2018,7,3,97,3,,1,0,Asphalt,3,1,1,40,5,2,2,5,0,0,0,0,true,false,false,false,false,false,false,false,false,false,false,true,false,false,false,false,false,false,false,false,false,false,-83.14669,42.44598,"{
  ""coordinates"": [
    -8.314668977701240e+01,
    4.244598071434050e+01
  ],
  ""type"": ""Point""
}","{
  ""coordinates"": [
    -83.146689777,
    42.445980714
  ],
  ""type"": ""Point""
}",-83.1466897769999,42.445980714
3643,1261640,GRATIOT,8 MILE,2018-01-09,9,1,2018,15,3,4,3,,1,0,Asphalt,2,1,1,35,6,2,3,5,0,0,0,0,true,false,true,true,false,false,false,false,false,false,false,false,false,false,false,false,false,false,false,false,false,false,-82.96799,42.44977,"{
  ""coordinates"": [
    -8.296798473020030e+01,
    4.244976719308980e+01
  ],
  ""type"": ""Point""
}","{
  ""coordinates"": [
    -82.96798473,
    42.449767193
  ],
  ""type"": ""Point""
}",-82.96798473,42.4497671930001
3644,1261347,S/B I-75,8 MILE,2018-01-09,9,1,2018,6,3,8,1,,1,0,Asphalt,3,1,4,70,4,3,3,4,0,0,0,1,false,false,false,false,false,false,false,false,false,true,false,false,false,false,false,false,false,false,false,false,false,false,-83.09524,42.44247,"{
  ""coordinates"": [
    -8.309523415999961e+01,
    4.244246710949470e+01
  ],
  ""type"": ""Point""
}","{
  ""coordinates"": [
    -83.09523416,
    42.442467109
  ],
  ""type"": ""Point""
}",-83.09523416,42.4424671090001
3645,1261645,HOOVER,GREINER,2018-01-09,9,1,2018,8,3,5,3,,1,0,Asphalt,3,5,1,30,2,2,1,5,0,0,0,0,true,false,false,false,true,false,false,false,false,false,false,false,false,false,false,false,false,false,false,false,false,false,-83.00431,42.4271,"{
  ""coordinates"": [
    -8.300431273805090e+01,
    4.242709601831850e+01
  ],
  ""type"": ""Point""
}","{
  ""coordinates"": [
    -83.004312738,
    42.427096018
  ],
  ""type"": ""Point""
}",-83.004312738,42.427096018
3646,1299757,I-75,MCNICHOLS,2018-01-09,9,1,2018,21,3,8,1,,1,0,Asphalt,2,2,98,70,4,3,1,5,0,0,0,0,true,false,false,false,true,false,false,false,false,false,false,false,false,false,false,false,false,false,false,false,false,false,-83.08883,42.41916,"{
  ""coordinates"": [
    -8.308883104374860e+01,
    4.241916294699120e+01
  ],
  ""type"": ""Point""
}","{
  ""coordinates"": [
    -83.088831044,
    42.419162947
  ],
  ""type"": ""Point""
}",-83.088831044,42.4191629470001
3647,1262944,ARCHDALE,MCNICHOLS,2018-01-09,9,1,2018,19,3,2,9,,,2,,2,2,4,35,5,2,3,5,0,0,0,0,true,false,false,false,true,false,false,false,false,false,false,false,false,false,false,false,false,false,false,false,false,false,-83.2167,42.41555,"{
  ""coordinates"": [
    -8.321669468858440e+01,
    4.241554985769940e+01
  ],
  ""type"": ""Point""
}","{
  ""coordinates"": [
    -83.216694689,
    42.415549858
  ],
  ""type"": ""Point""
}",-83.216694689,42.4155498580001
3648,1264118,S/B M-39,CHICAGO,2018-01-09,9,1,2018,12,3,5,3,,1,0,Asphalt,3,1,1,55,3,2,2,5,0,0,0,0,true,false,false,false,false,false,false,false,false,false,false,false,false,true,false,false,false,false,false,false,false,false,-83.21657,42.36547,"{
  ""coordinates"": [
    -8.321657043721790e+01,
    4.236546916283510e+01
  ],
  ""type"": ""Point""
}","{
  ""coordinates"": [
    -83.216570437,
    42.365469163
  ],
  ""type"": ""Point""
}",-83.216570437,42.3654691630001
3649,1261591,VERNOR,GREEN,2018-01-09,9,1,2018,16,3,4,9,,4,0,Asphalt,2,1,1,25,2,2,2,5,0,0,0,0,true,false,false,false,false,false,false,false,false,false,false,false,false,false,false,true,false,false,false,false,false,false,-83.12122,42.31391,"{
  ""coordinates"": [
    -8.312122636203560e+01,
    4.231390882343760e+01
  ],
  ""type"": ""Point""
}","{
  ""coordinates"": [
    -83.121226362,
    42.313908823
  ],
  ""type"": ""Point""
}",-83.121226362,42.3139088230001