ObjectId,Crash ID,Primary Road,Intersecting Road,Crash Date,Day,Month,Year,Hour,Weekday,Crash Type Code,Highway Classification Code,Community Code,Jurisdiction Code,Lane Departure Type Code,Surface Type,Road Condition,Weather Condition,Lighting Condition,Speed Limit,Lanes,Units,Occupants,Most Severe Injury,Fatal Injuries,Suspected Serious Injuries,Suspected Minor Injuries,Possible Injuries,Property Damage Only,Secondary Crash,Traffic Control,Red Light Run,Hit and Run,Alcohol,Drugs,Unbelted Person,Work Zone,Speeding Driver,Distracted Driver,Driveway,Pedestrian,Elderly Driver,Young Driver,Commercial Vehicle,Emergency Vehicles,Train,School Bus,Motorcycle,Bicycle,Deer,Longitude,Latitude,geom,geog,x,y
3650,1291189,ROSELAWN,SCHOOLCRAFT,2018-01-09,9,1,2018,10,3,10,9,,,0,,1,1,1,25,2,2,1,5,0,0,0,0,true,false,false,false,false,false,false,true,false,false,false,false,false,true,false,false,false,false,false,false,false,false,-83.15079,42.38827,"{
  ""coordinates"": [
    -8.315079706652401e+01,
    4.238826578132960e+01
  ],
  ""type"": ""Point""
}","{
  ""coordinates"": [
    -83.150797067,
    42.388265781
  ],
  ""type"": ""Point""
}",-83.150797067,42.388265781
3651,1261590,CENTRAL,VERNOR,2018-01-09,9,1,2018,20,3,8,9,,4,0,Asphalt,3,2,4,,2,2,3,5,0,0,0,0,true,false,false,false,false,false,false,false,false,false,false,false,false,true,false,false,false,false,false,false,false,false,-83.12519,42.31385,"{
  ""coordinates"": [
    -8.312519319213099e+01,
    4.231385442638580e+01
  ],
  ""type"": ""Point""
}","{
  ""coordinates"": [
    -83.125193192,
    42.313854426
  ],
  ""type"": ""Point""
}",-83.125193192,42.313854426
3652,1264138,LONYO,DIX,2018-01-09,9,1,2018,12,3,97,9,,4,0,Asphalt,2,1,1,30,4,2,2,5,0,0,0,0,true,false,false,false,false,false,false,false,false,false,false,false,false,false,false,true,false,false,false,false,false,false,-83.1344,42.31658,"{
  ""coordinates"": [
    -8.313440105766971e+01,
    4.231657825305630e+01
  ],
  ""type"": ""Point""
}","{
  ""coordinates"": [
    -83.134401058,
    42.316578253
  ],
  ""type"": ""Point""
}",-83.134401058,42.316578253
3653,1260321,MACK,MELDRUM,2018-01-09,9,1,2018,8,3,4,9,,4,0,Asphalt,3,2,1,30,2,2,2,5,0,0,0,0,true,false,false,false,false,false,false,false,false,false,false,false,false,false,false,true,false,false,true,false,false,false,-83.0203,42.36177,"{
  ""coordinates"": [
    -8.302030013123630e+01,
    4.236176771378040e+01
  ],
  ""type"": ""Point""
}","{
  ""coordinates"": [
    -83.020300131,
    42.361767714
  ],
  ""type"": ""Point""
}",-83.0203001309999,42.3617677140001
3654,1261653,MCNICHOLS,SORRENTO,2018-01-09,9,1,2018,7,3,5,9,,2,0,Asphalt,3,1,1,30,5,2,1,4,0,0,0,1,false,false,false,false,true,false,false,false,false,false,false,false,false,false,false,false,false,false,false,false,false,false,-83.17345,42.41663,"{
  ""coordinates"": [
    -8.317345718252911e+01,
    4.241663291410890e+01
  ],
  ""type"": ""Point""
}","{
  ""coordinates"": [
    -83.173457183,
    42.416632914
  ],
  ""type"": ""Point""
}",-83.173457183,42.416632914
3655,1261648,FENKELL,LOG CABIN,2018-01-09,9,1,2018,21,3,4,9,,4,0,Asphalt,4,1,4,30,2,2,1,5,0,0,0,0,true,false,false,false,true,false,false,false,false,false,false,false,false,false,false,false,false,false,false,false,false,false,-83.12128,42.40306,"{
  ""coordinates"": [
    -8.312128427892630e+01,
    4.240306544178140e+01
  ],
  ""type"": ""Point""
}","{
  ""coordinates"": [
    -83.121284279,
    42.403065442
  ],
  ""type"": ""Point""
}",-83.121284279,42.4030654420001
3656,1261617,BRACE,WARREN,2018-01-09,9,1,2018,1,3,9,9,,,0,,2,2,4,25,6,2,1,5,0,0,0,0,true,false,false,false,false,true,false,false,false,false,false,false,false,false,false,false,true,false,false,false,false,false,-83.22315,42.3433,"{
  ""coordinates"": [
    -8.322315548351970e+01,
    4.234330450046110e+01
  ],
  ""type"": ""Point""
}","{
  ""coordinates"": [
    -83.223155484,
    42.3433045
  ],
  ""type"": ""Point""
}",-83.223155484,42.3433045
3657,1265797,I-94,VAN DYKE,2018-01-09,9,1,2018,18,3,5,1,,1,0,Asphalt,2,1,4,55,3,2,2,5,0,0,0,0,true,false,false,false,false,false,false,false,false,false,true,false,false,false,false,false,false,false,false,false,false,false,-83.02182,42.38567,"{
  ""coordinates"": [
    -8.302181979700801e+01,
    4.238566432052600e+01
  ],
  ""type"": ""Point""
}","{
  ""coordinates"": [
    -83.021819797,
    42.385664321
  ],
  ""type"": ""Point""
}",-83.021819797,42.385664321
3658,1262938,E I 96,SOUTHFIELD SERVICE DRIVE,2018-01-09,9,1,2018,17,3,8,1,,1,0,Concrete,2,1,4,55,2,2,1,5,0,0,0,0,true,false,false,false,false,false,false,false,false,false,false,false,false,false,false,false,false,false,false,false,false,false,-83.21732,42.37864,"{
  ""coordinates"": [
    -8.321731412452210e+01,
    4.237863883532860e+01
  ],
  ""type"": ""Point""
}","{
  ""coordinates"": [
    -83.217314125,
    42.378638835
  ],
  ""type"": ""Point""
}",-83.217314125,42.3786388350001
3659,1261636,KELLY,BRINGARD,2018-01-09,9,1,2018,13,3,4,9,,2,0,Concrete,2,1,1,35,2,2,1,4,0,0,0,1,false,false,false,false,true,false,false,false,false,false,false,false,false,false,false,false,false,false,false,false,false,false,-82.94435,42.44648,"{
  ""coordinates"": [
    -8.294435387945420e+01,
    4.244647754753250e+01
  ],
  ""type"": ""Point""
}","{
  ""coordinates"": [
    -82.944353879,
    42.446477548
  ],
  ""type"": ""Point""
}",-82.9443538789999,42.4464775480001
3660,1272362,E/B I-94,MOROSS,2018-01-09,9,1,2018,9,3,5,1,,1,0,Asphalt,3,1,1,55,3,3,3,5,0,0,0,0,true,false,false,false,false,false,false,false,false,true,false,false,false,false,false,true,false,false,false,false,false,false,-82.93095,42.42155,"{
  ""coordinates"": [
    -8.293095151640431e+01,
    4.242155133305500e+01
  ],
  ""type"": ""Point""
}","{
  ""coordinates"": [
    -82.930951516,
    42.421551333
  ],
  ""type"": ""Point""
}",-82.9309515159999,42.421551333
3661,1272361,DAVISON,W DAVISON/E DAVISON,2018-01-09,9,1,2018,7,3,8,3,,1,0,Asphalt,3,1,2,55,4,3,3,5,0,0,0,0,true,false,false,false,false,false,false,false,false,true,false,false,false,false,false,false,false,false,false,false,false,false,-83.11221,42.39671,"{
  ""coordinates"": [
    -8.311220825394351e+01,
    4.239671037134460e+01
  ],
  ""type"": ""Point""
}","{
  ""coordinates"": [
    -83.112208254,
    42.396710371
  ],
  ""type"": ""Point""
}",-83.1122082539999,42.396710371
3662,1262974,SECOND,PALMER,2018-01-09,9,1,2018,18,3,4,9,,4,0,Asphalt,2,2,4,25,4,2,2,5,0,0,0,0,true,false,false,false,false,false,false,false,false,false,false,false,false,false,false,false,false,false,false,false,false,false,-83.07224,42.36082,"{
  ""coordinates"": [
    -8.307224278584791e+01,
    4.236081525542180e+01
  ],
  ""type"": ""Point""
}","{
  ""coordinates"": [
    -83.072242786,
    42.360815255
  ],
  ""type"": ""Point""
}",-83.0722427859999,42.360815255
3663,1261589,BRUSH,CONGRESS,2018-01-09,9,1,2018,13,3,10,9,,4,0,Asphalt,1,1,1,30,4,2,1,5,0,0,0,0,true,false,false,false,true,false,false,false,false,false,false,false,false,false,false,false,false,false,false,false,false,false,-83.042,42.33182,"{
  ""coordinates"": [
    -8.304199998018591e+01,
    4.233181903476400e+01
  ],
  ""type"": ""Point""
}","{
  ""coordinates"": [
    -83.04199998,
    42.331819035
  ],
  ""type"": ""Point""
}",-83.04199998,42.3318190350001
3664,1260349,OUTER,SHERWOOD,2018-01-09,9,1,2018,8,3,5,9,,2,0,Asphalt,2,1,1,35,2,2,3,5,0,0,0,0,true,false,false,false,false,false,false,false,false,false,false,false,false,true,false,false,false,false,false,false,false,false,-83.03457,42.44108,"{
  ""coordinates"": [
    -8.303457119518400e+01,
    4.244108023562590e+01
  ],
  ""type"": ""Point""
}","{
  ""coordinates"": [
    -83.034571195,
    42.441080236
  ],
  ""type"": ""Point""
}",-83.034571195,42.4410802360001
3665,1265823,N M 39,TIREMAN,2018-01-09,9,1,2018,18,3,5,3,,1,0,Asphalt,2,2,4,,3,2,2,4,0,0,0,1,false,false,false,false,false,false,false,false,false,false,false,false,false,true,false,false,false,false,false,false,false,false,-83.21626,42.35062,"{
  ""coordinates"": [
    -8.321626540977900e+01,
    4.235061859162660e+01
  ],
  ""type"": ""Point""
}","{
  ""coordinates"": [
    -83.21626541,
    42.350618592
  ],
  ""type"": ""Point""
}",-83.2162654099999,42.350618592
3666,1265874,ALTER,HAMPTON,2018-01-09,9,1,2018,14,3,4,9,,4,0,Asphalt,6,1,1,30,1,2,1,5,0,0,0,0,true,false,true,false,true,false,false,false,false,false,false,false,false,false,false,false,false,false,false,false,false,false,-82.94043,42.37623,"{
  ""coordinates"": [
    -8.294042968541530e+01,
    4.237623142720300e+01
  ],
  ""type"": ""Point""
}","{
  ""coordinates"": [
    -82.940429685,
    42.376231427
  ],
  ""type"": ""Point""
}",-82.940429685,42.3762314270001
3667,1264131,GREENFIELD,PLYMOUTH,2018-01-09,9,1,2018,9,3,97,9,,2,0,Asphalt,3,1,1,35,4,2,3,5,0,0,0,0,true,false,false,false,false,false,false,false,false,false,false,false,false,false,true,false,false,false,false,false,false,false,-83.19756,42.37268,"{
  ""coordinates"": [
    -8.319756536284910e+01,
    4.237268348344360e+01
  ],
  ""type"": ""Point""
}","{
  ""coordinates"": [
    -83.197565363,
    42.372683483
  ],
  ""type"": ""Point""
}",-83.197565363,42.3726834830001
3668,1265883,E I 94,N HARPER/S I 94,2018-01-09,9,1,2018,14,3,5,1,,1,0,Asphalt,2,1,1,55,3,2,1,5,0,0,0,0,true,false,false,false,true,false,false,false,false,false,false,false,false,false,false,false,false,false,false,false,false,false,-82.92887,42.42422,"{
  ""coordinates"": [
    -8.292887144813020e+01,
    4.242422552065840e+01
  ],
  ""type"": ""Point""
}","{
  ""coordinates"": [
    -82.928871448,
    42.424225521
  ],
  ""type"": ""Point""
}",-82.9288714479999,42.424225521
3669,1261612,STATE,WASHINGTON,2018-01-09,9,1,2018,11,3,4,9,,4,0,Asphalt,1,1,1,25,2,2,2,5,0,0,0,0,true,false,false,false,false,false,false,false,false,false,false,false,false,false,false,false,false,false,false,false,false,false,-83.05083,42.33251,"{
  ""coordinates"": [
    -8.305082487994480e+01,
    4.233250823829640e+01
  ],
  ""type"": ""Point""
}","{
  ""coordinates"": [
    -83.05082488,
    42.332508238
  ],
  ""type"": ""Point""
}",-83.0508248799999,42.3325082380001
3670,1262943,ORLEANS,ADELAIDE,2018-01-09,9,1,2018,15,3,97,9,,4,0,Asphalt,1,1,1,25,1,3,1,5,0,0,0,0,true,false,false,false,true,false,false,false,false,false,false,false,false,false,false,false,false,false,false,false,false,false,-83.03752,42.34772,"{
  ""coordinates"": [
    -8.303752107982839e+01,
    4.234771946400200e+01
  ],
  ""type"": ""Point""
}","{
  ""coordinates"": [
    -83.03752108,
    42.347719464
  ],
  ""type"": ""Point""
}",-83.03752108,42.3477194640001
3671,1261618,GRATIOT,LUDDEN,2018-01-09,9,1,2018,7,3,97,3,,1,0,Asphalt,1,1,1,35,3,2,2,5,0,0,0,0,true,false,false,false,false,false,false,false,false,false,false,false,false,false,false,false,false,false,false,false,false,false,-83.02866,42.35767,"{
  ""coordinates"": [
    -8.302865588752040e+01,
    4.235767205346000e+01
  ],
  ""type"": ""Point""
}","{
  ""coordinates"": [
    -83.028655888,
    42.357672053
  ],
  ""type"": ""Point""
}",-83.0286558879999,42.357672053
3672,1261620,GRATIOT,MCDOUGALL,2018-01-09,9,1,2018,17,3,5,3,,1,0,Asphalt,1,1,1,35,3,3,3,5,0,0,0,0,true,false,false,false,true,false,false,false,false,false,false,false,false,true,false,false,false,false,false,false,false,false,-83.02885,42.35738,"{
  ""coordinates"": [
    -8.302884385014760e+01,
    4.235738530045170e+01
  ],
  ""type"": ""Point""
}","{
  ""coordinates"": [
    -83.02884385,
    42.3573853
  ],
  ""type"": ""Point""
}",-83.02884385,42.3573853
3673,1260347,N I 75 SERVICE DRIVE,7 MILE,2018-01-09,9,1,2018,6,3,1,9,,4,0,Asphalt,1,2,4,30,3,1,1,2,0,1,0,0,false,false,false,false,false,false,false,false,false,false,false,false,false,false,false,false,false,false,false,false,false,false,-83.09425,42.43243,"{
  ""coordinates"": [
    -8.309424353176450e+01,
    4.243242939435420e+01
  ],
  ""type"": ""Point""
}","{
  ""coordinates"": [
    -83.094243532,
    42.432429394
  ],
  ""type"": ""Point""
}",-83.094243532,42.4324293940001
3674,1265806,I-75,M-8,2018-01-09,9,1,2018,15,3,5,1,,1,0,Asphalt,2,1,3,55,3,2,2,5,0,0,0,0,true,false,false,false,false,false,false,false,false,false,false,false,false,false,false,false,false,false,false,false,false,false,-83.08232,42.41188,"{
  ""coordinates"": [
    -8.308231849190339e+01,
    4.241187995063080e+01
  ],
  ""type"": ""Point""
}","{
  ""coordinates"": [
    -83.082318492,
    42.411879951
  ],
  ""type"": ""Point""
}",-83.082318492,42.4118799510001
3675,1261606,SCHOOLCRAFT,DOLPHIN,2018-01-09,9,1,2018,4,3,5,9,,4,0,Asphalt,4,1,4,25,3,2,2,5,0,0,0,0,true,false,false,false,false,false,false,false,false,true,false,false,false,false,false,false,false,false,false,false,false,false,-83.26098,42.38531,"{
  ""coordinates"": [
    -8.326097613475611e+01,
    4.238531253153670e+01
  ],
  ""type"": ""Point""
}","{
  ""coordinates"": [
    -83.260976135,
    42.385312532
  ],
  ""type"": ""Point""
}",-83.260976135,42.3853125320001
3676,1260304,I-75,VERNOR,2018-01-09,9,1,2018,7,3,1,1,,1,1,Asphalt,3,1,2,55,2,1,1,2,0,1,0,0,false,true,false,false,false,false,false,false,false,true,false,false,false,false,false,false,true,false,false,false,false,false,-83.08564,42.33163,"{
  ""coordinates"": [
    -8.308563667128470e+01,
    4.233163167521720e+01
  ],
  ""type"": ""Point""
}","{
  ""coordinates"": [
    -83.085636671,
    42.331631675
  ],
  ""type"": ""Point""
}",-83.085636671,42.331631675
3677,1264130,GREENFIELD,PURITAN,2018-01-09,9,1,2018,8,3,5,9,,2,0,Asphalt,3,1,1,35,4,2,2,5,0,0,0,0,true,false,false,false,true,false,false,false,false,false,false,false,false,false,false,false,false,false,false,false,false,false,-83.19901,42.40869,"{
  ""coordinates"": [
    -8.319901453578009e+01,
    4.240869306486680e+01
  ],
  ""type"": ""Point""
}","{
  ""coordinates"": [
    -83.199014536,
    42.408693065
  ],
  ""type"": ""Point""
}",-83.1990145359999,42.4086930650001
3678,1264111,N M 10,PEMBROKE,2018-01-09,9,1,2018,7,3,5,3,,1,0,Concrete,3,1,2,55,3,2,1,5,0,0,0,0,true,true,false,false,false,false,false,false,false,false,false,false,false,false,false,false,false,false,false,false,false,false,-83.194,42.43768,"{
  ""coordinates"": [
    -8.319399648356151e+01,
    4.243768202613120e+01
  ],
  ""type"": ""Point""
}","{
  ""coordinates"": [
    -83.193996484,
    42.437682026
  ],
  ""type"": ""Point""
}",-83.193996484,42.4376820260001
3679,1264108,N M 10,PEMBROKE,2018-01-09,9,1,2018,7,3,1,3,,1,1,Concrete,3,1,4,55,3,1,1,4,0,0,0,1,false,false,false,false,false,false,false,false,false,true,false,false,false,false,false,false,false,false,false,false,false,false,-83.19409,42.43777,"{
  ""coordinates"": [
    -8.319409344185550e+01,
    4.243777303941030e+01
  ],
  ""type"": ""Point""
}","{
  ""coordinates"": [
    -83.194093442,
    42.437773039
  ],
  ""type"": ""Point""
}",-83.1940934419999,42.437773039
3680,1261622,GRAND RIVER,TELEGRAPH,2018-01-09,9,1,2018,8,3,5,3,,1,0,Asphalt,3,5,4,35,2,2,2,5,0,0,0,0,true,false,false,false,false,false,false,false,false,false,false,false,false,false,false,false,false,false,false,false,false,false,-83.27777,42.42437,"{
  ""coordinates"": [
    -8.327777439463560e+01,
    4.242436968213020e+01
  ],
  ""type"": ""Point""
}","{
  ""coordinates"": [
    -83.277774395,
    42.424369682
  ],
  ""type"": ""Point""
}",-83.2777743949999,42.4243696820001
3681,1265826,S M 10,TEMPLE,2018-01-09,9,1,2018,14,3,5,3,,1,0,Asphalt,2,1,1,55,3,2,2,4,0,0,0,1,false,false,false,false,false,false,false,false,false,false,false,false,false,false,false,false,false,false,false,false,false,false,-83.06612,42.33863,"{
  ""coordinates"": [
    -8.306612028755340e+01,
    4.233862566385100e+01
  ],
  ""type"": ""Point""
}","{
  ""coordinates"": [
    -83.066120288,
    42.338625664
  ],
  ""type"": ""Point""
}",-83.066120288,42.3386256640001
3682,1261579,JOHN R,ALEXANDRINE,2018-01-09,9,1,2018,15,3,4,9,,4,0,Asphalt,1,1,1,25,2,2,2,5,0,0,0,0,true,false,false,false,true,false,false,false,false,false,false,false,false,false,false,false,false,false,false,false,false,false,-83.05795,42.35136,"{
  ""coordinates"": [
    -8.305794941615009e+01,
    4.235136247135290e+01
  ],
  ""type"": ""Point""
}","{
  ""coordinates"": [
    -83.057949416,
    42.351362471
  ],
  ""type"": ""Point""
}",-83.057949416,42.3513624710001
3683,1265831,S/B M-39,CHICAGO,2018-01-09,9,1,2018,13,3,5,3,,1,0,Asphalt,3,1,1,55,3,2,2,4,0,0,0,2,false,true,false,false,true,false,false,false,false,false,false,false,false,false,false,false,false,false,false,false,false,false,-83.21657,42.36547,"{
  ""coordinates"": [
    -8.321657043721790e+01,
    4.236546916283510e+01
  ],
  ""type"": ""Point""
}","{
  ""coordinates"": [
    -83.216570437,
    42.365469163
  ],
  ""type"": ""Point""
}",-83.216570437,42.3654691630001
3684,1261596,PITT,RIEDEN,2018-01-09,9,1,2018,8,3,4,9,,,0,,3,5,1,25,2,2,2,5,0,0,0,0,true,false,false,false,false,false,false,false,false,false,false,false,false,false,false,false,false,false,false,false,false,false,-83.1213,42.31627,"{
  ""coordinates"": [
    -8.312130142649880e+01,
    4.231626976114160e+01
  ],
  ""type"": ""Point""
}","{
  ""coordinates"": [
    -83.121301426,
    42.316269761
  ],
  ""type"": ""Point""
}",-83.1213014259999,42.3162697610001
3685,1264097,S M 10,PEMBROKE,2018-01-09,9,1,2018,7,3,1,3,,1,1,Concrete,3,1,4,55,3,1,1,4,0,0,0,1,false,false,false,false,false,false,false,false,false,true,false,false,false,false,false,false,false,false,false,false,false,false,-83.19391,42.4374,"{
  ""coordinates"": [
    -8.319390601993820e+01,
    4.243740119562850e+01
  ],
  ""type"": ""Point""
}","{
  ""coordinates"": [
    -83.19390602,
    42.437401196
  ],
  ""type"": ""Point""
}",-83.19390602,42.4374011960001
3686,1261656,8 MILE,MONICA,2018-01-09,9,1,2018,7,3,5,3,,1,0,Asphalt,3,1,2,40,5,2,1,5,0,0,0,0,true,false,false,false,false,false,false,false,false,false,false,false,false,false,false,false,false,false,false,false,false,false,-83.14526,42.44601,"{
  ""coordinates"": [
    -8.314526214190541e+01,
    4.244601522062100e+01
  ],
  ""type"": ""Point""
}","{
  ""coordinates"": [
    -83.145262142,
    42.446015221
  ],
  ""type"": ""Point""
}",-83.145262142,42.446015221
3687,1261601,FORT,GOVIN,2018-01-09,9,1,2018,7,3,8,3,,1,0,Asphalt,3,1,1,30,4,4,3,5,0,0,0,0,true,false,false,false,false,false,false,false,false,false,false,false,false,false,false,false,false,false,false,false,false,false,-83.11987,42.29993,"{
  ""coordinates"": [
    -8.311987084275130e+01,
    4.229993374165580e+01
  ],
  ""type"": ""Point""
}","{
  ""coordinates"": [
    -83.119870843,
    42.299933742
  ],
  ""type"": ""Point""
}",-83.1198708429999,42.2999337420001
3688,1265864,LONYO,SAINT JOHN,2018-01-09,9,1,2018,8,3,1,9,,4,1,Asphalt,7,2,1,35,2,1,1,5,0,0,0,0,true,false,false,false,false,false,false,false,false,false,false,false,false,false,false,false,false,false,false,false,false,false,-83.14007,42.3244,"{
  ""coordinates"": [
    -8.314006767607040e+01,
    4.232440246009450e+01
  ],
  ""type"": ""Point""
}","{
  ""coordinates"": [
    -83.140067676,
    42.32440246
  ],
  ""type"": ""Point""
}",-83.1400676759999,42.32440246
3689,1272405,DELAWARE,THIRD,2018-01-09,9,1,2018,8,3,98,9,,,0,,4,5,1,35,3,2,0,5,0,0,0,0,true,false,false,false,true,false,false,false,false,false,false,false,false,false,false,false,false,false,false,false,false,false,-83.08184,42.37192,"{
  ""coordinates"": [
    -8.308184079143930e+01,
    4.237191758716270e+01
  ],
  ""type"": ""Point""
}","{
  ""coordinates"": [
    -83.081840791,
    42.371917587
  ],
  ""type"": ""Point""
}",-83.081840791,42.371917587
3690,1261580,FORT,1ST,2018-01-09,9,1,2018,9,3,7,3,,1,0,Asphalt,3,5,1,35,4,2,5,5,0,0,0,0,true,false,false,false,false,false,false,false,false,false,false,false,false,false,false,false,false,false,false,false,false,false,-83.05189,42.32878,"{
  ""coordinates"": [
    -8.305188432543640e+01,
    4.232877992458240e+01
  ],
  ""type"": ""Point""
}","{
  ""coordinates"": [
    -83.051884325,
    42.328779925
  ],
  ""type"": ""Point""
}",-83.0518843249999,42.328779925
3691,1261631,8 MILE,CIRCLE,2018-01-09,9,1,2018,9,3,5,3,,1,0,Asphalt,3,5,4,45,3,2,2,5,0,0,0,0,true,false,false,false,false,false,false,false,false,false,false,false,false,false,false,false,false,false,false,false,false,false,-83.21738,42.44423,"{
  ""coordinates"": [
    -8.321738498185930e+01,
    4.244423186570630e+01
  ],
  ""type"": ""Point""
}","{
  ""coordinates"": [
    -83.217384982,
    42.444231866
  ],
  ""type"": ""Point""
}",-83.2173849819999,42.4442318660001
3692,1264164,SCHAEFER,CHADWICK,2018-01-09,9,1,2018,11,3,8,9,,4,0,Asphalt,1,1,1,35,2,2,2,5,0,0,0,0,true,false,false,false,false,false,false,false,false,false,false,false,false,false,false,false,false,false,false,false,false,false,-83.17796,42.37194,"{
  ""coordinates"": [
    -8.317795214556480e+01,
    4.237193616548250e+01
  ],
  ""type"": ""Point""
}","{
  ""coordinates"": [
    -83.177952146,
    42.371936165
  ],
  ""type"": ""Point""
}",-83.1779521459999,42.3719361650001
3693,1264112,E I 96 CD,GREENFIELD,2018-01-09,9,1,2018,8,3,1,1,,1,1,Concrete,3,1,1,55,3,1,3,5,0,0,0,0,true,false,false,false,false,false,false,false,false,true,false,false,false,false,false,false,false,false,false,false,false,false,-83.19628,42.37891,"{
  ""coordinates"": [
    -8.319627860421591e+01,
    4.237890501907080e+01
  ],
  ""type"": ""Point""
}","{
  ""coordinates"": [
    -83.196278604,
    42.378905019
  ],
  ""type"": ""Point""
}",-83.196278604,42.3789050190001
3694,1264113,E I 96,GREENFIELD,2018-01-09,9,1,2018,8,3,8,1,,1,0,Concrete,3,1,1,55,3,2,2,5,0,0,0,0,true,true,false,false,true,false,false,false,false,true,false,false,false,false,false,true,false,false,false,false,false,false,-83.19772,42.37907,"{
  ""coordinates"": [
    -8.319772418980230e+01,
    4.237906501565490e+01
  ],
  ""type"": ""Point""
}","{
  ""coordinates"": [
    -83.19772419,
    42.379065016
  ],
  ""type"": ""Point""
}",-83.19772419,42.379065016
3695,1261629,SOUTHFIELD SERVICE DRIVE,FENKELL,2018-01-09,9,1,2018,14,3,5,9,,4,0,Asphalt,6,1,1,35,3,3,1,5,0,0,0,0,true,false,false,false,false,false,false,false,false,false,false,false,false,false,false,false,false,false,false,false,false,false,-83.2179,42.4011,"{
  ""coordinates"": [
    -8.321789852245530e+01,
    4.240109671464420e+01
  ],
  ""type"": ""Point""
}","{
  ""coordinates"": [
    -83.217898522,
    42.401096715
  ],
  ""type"": ""Point""
}",-83.217898522,42.4010967150001
3696,1265804,I-75,7 MILE,2018-01-09,9,1,2018,9,3,5,1,,1,0,Asphalt,2,1,1,55,3,2,2,5,0,0,0,0,true,false,false,false,false,false,false,false,false,false,false,false,false,false,false,false,false,false,false,false,false,false,-83.0952,42.43971,"{
  ""coordinates"": [
    -8.309519818022260e+01,
    4.243971416105330e+01
  ],
  ""type"": ""Point""
}","{
  ""coordinates"": [
    -83.09519818,
    42.439714161
  ],
  ""type"": ""Point""
}",-83.09519818,42.439714161
3697,1261578,WOODWARD,WARREN,2018-01-09,9,1,2018,16,3,4,3,,1,0,Asphalt,2,2,1,30,7,2,3,5,0,0,0,0,true,false,false,false,false,false,false,false,false,false,false,false,false,true,false,false,false,false,false,false,false,false,-83.06432,42.35684,"{
  ""coordinates"": [
    -8.306431840427280e+01,
    4.235684068593820e+01
  ],
  ""type"": ""Point""
}","{
  ""coordinates"": [
    -83.064318404,
    42.356840686
  ],
  ""type"": ""Point""
}",-83.0643184039999,42.3568406860001
3698,1261623,CIRCLE,FENMORE,2018-01-09,9,1,2018,9,3,1,3,,1,0,Concrete,3,98,1,25,2,1,1,5,0,0,0,0,true,false,false,false,false,false,false,false,false,false,false,false,false,false,false,false,false,false,false,false,false,false,-83.21855,42.44379,"{
  ""coordinates"": [
    -8.321855222009690e+01,
    4.244378496947430e+01
  ],
  ""type"": ""Point""
}","{
  ""coordinates"": [
    -83.21855222,
    42.443784969
  ],
  ""type"": ""Point""
}",-83.2185522199999,42.443784969
3699,1261646,GRATIOT,FRENCH,2018-01-09,9,1,2018,7,3,5,3,,1,0,Asphalt,3,1,2,35,7,2,13,5,0,0,0,0,true,false,false,false,false,false,false,true,false,false,false,false,false,false,false,true,false,false,false,false,false,false,-83.00014,42.40088,"{
  ""coordinates"": [
    -8.300013839307761e+01,
    4.240087432474670e+01
  ],
  ""type"": ""Point""
}","{
  ""coordinates"": [
    -83.000138393,
    42.400874325
  ],
  ""type"": ""Point""
}",-83.000138393,42.4008743250001
3700,1264145,BURT,OUTER,2018-01-09,9,1,2018,12,3,4,9,,4,0,Asphalt,2,1,1,30,6,2,2,4,0,0,0,1,false,false,true,true,false,false,false,false,false,false,false,false,false,false,false,false,false,false,false,false,false,false,-83.24702,42.3979,"{
  ""coordinates"": [
    -8.324702428407160e+01,
    4.239790155208570e+01
  ],
  ""type"": ""Point""
}","{
  ""coordinates"": [
    -83.247024284,
    42.397901552
  ],
  ""type"": ""Point""
}",-83.247024284,42.3979015520001
3701,1265825,RAMP 213P,W I 96,2018-01-09,9,1,2018,10,3,8,1,,1,0,Concrete,2,1,1,55,3,2,2,5,0,0,0,0,true,false,false,false,false,false,false,false,false,false,false,false,false,false,false,true,false,false,false,false,false,false,-83.09965,42.3507,"{
  ""coordinates"": [
    -8.309964647196240e+01,
    4.235069641043190e+01
  ],
  ""type"": ""Point""
}","{
  ""coordinates"": [
    -83.099646472,
    42.35069641
  ],
  ""type"": ""Point""
}",-83.099646472,42.3506964100001
3702,1261611,N M 39,CSX TRANSPORTATION,2018-01-09,9,1,2018,11,3,5,3,,1,0,Asphalt,2,1,1,55,3,2,3,5,0,0,0,0,true,false,false,false,false,false,false,false,false,false,true,false,false,false,false,false,false,false,false,false,false,false,-83.21638,42.36457,"{
  ""coordinates"": [
    -8.321637417883260e+01,
    4.236457410184410e+01
  ],
  ""type"": ""Point""
}","{
  ""coordinates"": [
    -83.216374179,
    42.364574102
  ],
  ""type"": ""Point""
}",-83.216374179,42.3645741020001
3703,1261626,GRAND RIVER,TELEGRAPH,2018-01-09,9,1,2018,8,3,4,3,,1,0,Asphalt,3,5,1,45,4,2,6,5,0,0,0,0,true,false,false,false,false,false,false,false,false,false,false,false,false,false,false,false,false,false,false,false,false,false,-83.27753,42.42462,"{
  ""coordinates"": [
    -8.327753374767531e+01,
    4.242461647310700e+01
  ],
  ""type"": ""Point""
}","{
  ""coordinates"": [
    -83.277533748,
    42.424616473
  ],
  ""type"": ""Point""
}",-83.2775337479999,42.4246164730001
3704,1650899,GRAND RIVER,TELEGRAPH,2018-01-09,9,1,2018,9,3,5,3,,1,0,Asphalt,3,2,1,45,4,4,4,5,0,0,0,0,true,false,false,false,false,false,false,false,false,false,false,false,false,false,false,false,false,false,false,false,false,false,-83.27732,42.42454,"{
  ""coordinates"": [
    -8.327731956955400e+01,
    4.242453764284270e+01
  ],
  ""type"": ""Point""
}","{
  ""coordinates"": [
    -83.27731957,
    42.424537643
  ],
  ""type"": ""Point""
}",-83.27731957,42.4245376430001