ObjectId,Crash ID,Primary Road,Intersecting Road,Crash Date,Day,Month,Year,Hour,Weekday,Crash Type Code,Highway Classification Code,Community Code,Jurisdiction Code,Lane Departure Type Code,Surface Type,Road Condition,Weather Condition,Lighting Condition,Speed Limit,Lanes,Units,Occupants,Most Severe Injury,Fatal Injuries,Suspected Serious Injuries,Suspected Minor Injuries,Possible Injuries,Property Damage Only,Secondary Crash,Traffic Control,Red Light Run,Hit and Run,Alcohol,Drugs,Unbelted Person,Work Zone,Speeding Driver,Distracted Driver,Driveway,Pedestrian,Elderly Driver,Young Driver,Commercial Vehicle,Emergency Vehicles,Train,School Bus,Motorcycle,Bicycle,Deer,Longitude,Latitude,geom,geog,x,y
3869,1257272,MCNICHOLS,TELEGRAPH,2018-01-06,6,1,2018,13,7,4,2,,2,0,Asphalt,1,1,1,,4,2,5,4,0,0,0,1,false,false,false,false,false,false,false,false,false,false,false,false,false,false,false,false,false,false,false,false,false,false,-83.27704,42.41454,"{
  ""coordinates"": [
    -8.327703958678740e+01,
    4.241453433030510e+01
  ],
  ""type"": ""Point""
}","{
  ""coordinates"": [
    -83.277039587,
    42.41453433
  ],
  ""type"": ""Point""
}",-83.277039587,42.41453433
3870,1259018,FREELAND,CHALFONTE,2018-01-06,6,1,2018,13,7,5,9,,,3,,4,1,1,25,3,2,1,5,0,0,0,0,true,false,false,false,true,false,false,false,false,false,false,false,false,false,false,false,false,false,false,false,false,false,-83.18542,42.39958,"{
  ""coordinates"": [
    -8.318542364432420e+01,
    4.239958091888050e+01
  ],
  ""type"": ""Point""
}","{
  ""coordinates"": [
    -83.185423644,
    42.399580919
  ],
  ""type"": ""Point""
}",-83.185423644,42.3995809190001
3871,1257283,7 MILE,HOOVER,2018-01-06,6,1,2018,10,7,4,3,,4,0,Asphalt,1,1,1,30,2,2,3,4,0,0,0,2,false,false,false,false,false,false,false,false,false,false,false,false,false,false,false,false,true,false,false,false,false,false,-83.00471,42.43443,"{
  ""coordinates"": [
    -8.300471811333220e+01,
    4.243442568207480e+01
  ],
  ""type"": ""Point""
}","{
  ""coordinates"": [
    -83.004718113,
    42.434425682
  ],
  ""type"": ""Point""
}",-83.004718113,42.434425682
3872,1257267,ST MARYS,WADSWORTH,2018-01-06,6,1,2018,11,7,8,9,,,0,,4,5,1,,1,2,3,5,0,0,0,0,true,false,false,false,false,false,false,false,false,false,false,false,false,false,false,false,false,false,false,false,false,false,-83.20485,42.37456,"{
  ""coordinates"": [
    -8.320484984601370e+01,
    4.237456166584460e+01
  ],
  ""type"": ""Point""
}","{
  ""coordinates"": [
    -83.204849846,
    42.374561666
  ],
  ""type"": ""Point""
}",-83.2048498459999,42.374561666
3873,1259019,OAKMAN,GRAND RIVER,2018-01-06,6,1,2018,14,7,4,9,,4,0,Asphalt,1,1,1,30,2,2,2,5,0,0,0,0,true,false,false,false,false,false,false,false,false,false,true,false,false,true,false,false,false,false,false,false,false,false,-83.1506,42.37387,"{
  ""coordinates"": [
    -8.315060234288499e+01,
    4.237387303524310e+01
  ],
  ""type"": ""Point""
}","{
  ""coordinates"": [
    -83.150602343,
    42.373873035
  ],
  ""type"": ""Point""
}",-83.1506023429999,42.373873035
3874,1259013,SCHAEFER,GRANDRIVER,2018-01-06,6,1,2018,10,7,4,3,,4,0,Asphalt,1,2,1,30,3,2,4,5,0,0,0,0,true,false,false,false,false,false,false,false,false,false,false,false,false,false,false,false,false,false,false,false,false,false,-83.17841,42.38461,"{
  ""coordinates"": [
    -8.317841282686840e+01,
    4.238461449113540e+01
  ],
  ""type"": ""Point""
}","{
  ""coordinates"": [
    -83.178412827,
    42.384614491
  ],
  ""type"": ""Point""
}",-83.178412827,42.384614491
3875,1259048,SANTA MARIA,ROSELAWN,2018-01-06,6,1,2018,22,7,2,9,,,0,,4,98,4,25,2,2,0,5,0,0,0,0,true,false,false,false,true,false,false,false,false,false,false,false,false,true,false,false,false,false,false,false,false,false,-83.15275,42.41887,"{
  ""coordinates"": [
    -8.315275169340310e+01,
    4.241886704008200e+01
  ],
  ""type"": ""Point""
}","{
  ""coordinates"": [
    -83.152751693,
    42.41886704
  ],
  ""type"": ""Point""
}",-83.152751693,42.4188670400001
3876,1259034,WESTBROOK,GRAND RIVER,2018-01-06,6,1,2018,22,7,97,3,,,0,,3,1,4,25,3,2,1,5,0,0,0,0,true,false,false,false,false,false,false,false,false,false,false,false,false,false,false,false,false,false,false,false,false,false,-83.25097,42.41369,"{
  ""coordinates"": [
    -8.325096869424929e+01,
    4.241369316873500e+01
  ],
  ""type"": ""Point""
}","{
  ""coordinates"": [
    -83.250968694,
    42.413693169
  ],
  ""type"": ""Point""
}",-83.2509686939999,42.4136931690001
3877,1257290,LIVERNOIS,GRAND RIVER,2018-01-06,6,1,2018,2,7,5,3,,4,0,Concrete,1,1,4,35,5,2,2,5,0,0,0,0,true,false,false,false,true,false,false,false,false,false,false,false,false,false,false,false,false,false,false,false,false,false,-83.13879,42.36846,"{
  ""coordinates"": [
    -8.313879398271359e+01,
    4.236845804792070e+01
  ],
  ""type"": ""Point""
}","{
  ""coordinates"": [
    -83.138793983,
    42.368458048
  ],
  ""type"": ""Point""
}",-83.138793983,42.368458048
3878,1257296,GRAND RIVER,BELLETERRE,2018-01-06,6,1,2018,9,7,4,3,,1,0,Asphalt,1,1,1,35,4,2,1,5,0,0,0,0,true,false,false,false,true,false,false,false,false,false,false,false,false,true,false,false,false,false,false,false,false,false,-83.13542,42.3673,"{
  ""coordinates"": [
    -8.313541980700680e+01,
    4.236729997406690e+01
  ],
  ""type"": ""Point""
}","{
  ""coordinates"": [
    -83.135419807,
    42.367299974
  ],
  ""type"": ""Point""
}",-83.1354198069999,42.367299974
3879,1257311,VANDYKE,MARION,2018-01-06,6,1,2018,22,7,5,3,,1,0,Asphalt,1,1,4,35,2,2,2,5,0,0,0,0,true,false,false,false,true,false,false,false,false,false,false,false,false,false,true,false,false,false,false,false,false,false,-83.02277,42.39524,"{
  ""coordinates"": [
    -8.302276868760640e+01,
    4.239524222446290e+01
  ],
  ""type"": ""Point""
}","{
  ""coordinates"": [
    -83.022768688,
    42.395242224
  ],
  ""type"": ""Point""
}",-83.022768688,42.3952422240001
3880,1257278,MCNICHOLS,EVERGREEN,2018-01-06,6,1,2018,23,7,5,9,,2,0,Asphalt,1,1,4,35,4,2,2,5,0,0,0,0,true,false,false,false,false,false,false,false,false,false,false,false,false,false,false,false,false,false,false,false,false,false,-83.23802,42.41504,"{
  ""coordinates"": [
    -8.323802355855670e+01,
    4.241503934277270e+01
  ],
  ""type"": ""Point""
}","{
  ""coordinates"": [
    -83.238023559,
    42.415039343
  ],
  ""type"": ""Point""
}",-83.2380235589999,42.415039343
3881,1257253,JOY,EVERGREEN,2018-01-06,6,1,2018,19,7,5,9,,2,0,Asphalt,1,1,4,35,5,2,1,5,0,0,0,0,true,false,false,false,true,false,false,false,false,false,false,false,false,false,false,false,false,false,false,false,false,false,-83.23599,42.35757,"{
  ""coordinates"": [
    -8.323599325130650e+01,
    4.235757166945050e+01
  ],
  ""type"": ""Point""
}","{
  ""coordinates"": [
    -83.235993251,
    42.357571669
  ],
  ""type"": ""Point""
}",-83.235993251,42.357571669
3882,1272378,E I 96,RAMP 008J,2018-01-06,6,1,2018,3,7,1,1,,1,1,Concrete,3,1,4,70,3,1,1,5,0,0,0,0,true,false,false,false,false,false,false,false,false,true,false,false,false,false,false,false,false,false,false,false,false,false,-83.22782,42.37785,"{
  ""coordinates"": [
    -8.322782273490830e+01,
    4.237785052107660e+01
  ],
  ""type"": ""Point""
}","{
  ""coordinates"": [
    -83.227822735,
    42.377850521
  ],
  ""type"": ""Point""
}",-83.227822735,42.377850521
3883,1257172,I-94,I-75,2018-01-06,6,1,2018,8,7,1,1,,1,1,Concrete,1,1,1,55,3,1,1,5,0,0,0,0,true,false,false,false,false,false,false,false,false,false,false,false,false,false,false,false,false,false,false,false,false,false,-83.05842,42.36819,"{
  ""coordinates"": [
    -8.305841716943760e+01,
    4.236819110463210e+01
  ],
  ""type"": ""Point""
}","{
  ""coordinates"": [
    -83.058417169,
    42.368191105
  ],
  ""type"": ""Point""
}",-83.0584171689999,42.3681911050001
3884,1277771,KELLY,HUNTINGTON,2018-01-06,6,1,2018,5,7,1,9,,2,1,Asphalt,3,1,4,35,2,1,0,5,0,0,0,0,true,false,false,false,true,false,false,false,false,false,false,false,false,false,false,false,false,false,false,false,false,false,-82.94538,42.44457,"{
  ""coordinates"": [
    -8.294537841851580e+01,
    4.244457345584890e+01
  ],
  ""type"": ""Point""
}","{
  ""coordinates"": [
    -82.945378419,
    42.444573456
  ],
  ""type"": ""Point""
}",-82.945378419,42.4445734560001
3885,1257320,SANTA MARIA,OHIO,2018-01-06,6,1,2018,13,7,4,9,,,0,,3,1,1,25,2,2,2,5,0,0,0,0,true,false,true,false,false,false,false,false,false,false,false,false,false,false,true,false,false,false,false,false,false,false,-83.15606,42.41882,"{
  ""coordinates"": [
    -8.315606101187350e+01,
    4.241881383465450e+01
  ],
  ""type"": ""Point""
}","{
  ""coordinates"": [
    -83.156061012,
    42.418813835
  ],
  ""type"": ""Point""
}",-83.156061012,42.418813835
3886,1272452,HAYES,BRINGARD,2018-01-06,6,1,2018,23,7,5,9,,4,0,Asphalt,1,1,4,30,2,2,2,4,0,0,0,1,false,false,false,false,false,false,false,false,false,false,false,false,false,false,false,false,false,false,false,false,false,false,-82.96594,42.44643,"{
  ""coordinates"": [
    -8.296593898986480e+01,
    4.244642756441420e+01
  ],
  ""type"": ""Point""
}","{
  ""coordinates"": [
    -82.96593899,
    42.446427564
  ],
  ""type"": ""Point""
}",-82.96593899,42.446427564
3887,1257238,GREYFRIARS,DUMFRIES,2018-01-06,6,1,2018,9,7,1,9,,,1,,3,1,1,25,1,1,1,5,0,0,0,0,true,false,false,false,false,false,false,false,false,false,false,false,false,false,false,false,false,false,false,false,false,false,-83.14814,42.28743,"{
  ""coordinates"": [
    -8.314813911753420e+01,
    4.228743370645830e+01
  ],
  ""type"": ""Point""
}","{
  ""coordinates"": [
    -83.148139118,
    42.287433706
  ],
  ""type"": ""Point""
}",-83.148139118,42.2874337060001
3888,1257234,MCGRAW,MARTIN,2018-01-06,6,1,2018,2,7,4,9,,4,0,Asphalt,4,1,2,35,1,2,1,5,0,0,0,0,true,false,true,true,false,false,false,false,false,false,false,false,false,false,false,false,false,false,false,false,false,false,-83.13297,42.33862,"{
  ""coordinates"": [
    -8.313296504767260e+01,
    4.233862233893350e+01
  ],
  ""type"": ""Point""
}","{
  ""coordinates"": [
    -83.132965048,
    42.338622339
  ],
  ""type"": ""Point""
}",-83.132965048,42.338622339
3889,1260318,S/B STAHELIN,KIRKWOOD,2018-01-06,6,1,2018,2,7,98,9,,,0,,4,5,4,25,3,2,0,5,0,0,0,0,true,false,false,false,false,false,false,false,false,false,false,false,false,false,false,false,false,false,false,false,false,false,-83.22397,42.33232,"{
  ""coordinates"": [
    -8.322396850994021e+01,
    4.233232124226390e+01
  ],
  ""type"": ""Point""
}","{
  ""coordinates"": [
    -83.22396851,
    42.332321242
  ],
  ""type"": ""Point""
}",-83.22396851,42.332321242
3890,1257279,ASBURY,HESSEL,2018-01-06,6,1,2018,15,7,4,9,,4,0,Asphalt,4,1,1,25,2,2,3,4,0,0,0,3,false,false,false,false,false,false,false,false,false,false,false,false,false,true,true,false,false,false,false,false,false,false,-83.21016,42.44284,"{
  ""coordinates"": [
    -8.321016165772529e+01,
    4.244284083489400e+01
  ],
  ""type"": ""Point""
}","{
  ""coordinates"": [
    -83.210161658,
    42.442840835
  ],
  ""type"": ""Point""
}",-83.2101616579999,42.442840835
3891,1261598,SCHAEFER,FORT,2018-01-06,6,1,2018,23,7,8,7,,1,0,Asphalt,1,1,4,35,2,2,2,5,0,0,0,0,true,false,false,false,false,false,false,false,false,false,false,true,false,false,false,false,false,false,false,false,false,false,-83.15534,42.27629,"{
  ""coordinates"": [
    -8.315533832121920e+01,
    4.227629544312860e+01
  ],
  ""type"": ""Point""
}","{
  ""coordinates"": [
    -83.155338321,
    42.276295443
  ],
  ""type"": ""Point""
}",-83.155338321,42.276295443
3892,1257252,W I 96,BURT,2018-01-06,6,1,2018,12,7,4,1,,1,0,Concrete,4,1,1,35,2,2,2,5,0,0,0,0,true,false,false,false,false,false,false,false,false,false,false,false,false,false,false,false,false,false,false,false,false,false,-83.24657,42.38561,"{
  ""coordinates"": [
    -8.324656987402790e+01,
    4.238561010573840e+01
  ],
  ""type"": ""Point""
}","{
  ""coordinates"": [
    -83.246569874,
    42.385610106
  ],
  ""type"": ""Point""
}",-83.246569874,42.3856101060001
3893,1273884,M-39,JOY,2018-01-06,6,1,2018,19,7,5,3,,1,0,Asphalt,1,1,4,55,3,2,2,5,0,0,0,0,true,true,false,false,false,false,false,false,false,false,false,false,false,false,false,false,false,false,false,false,false,false,-83.21656,42.3573,"{
  ""coordinates"": [
    -8.321656064066291e+01,
    4.235729690783590e+01
  ],
  ""type"": ""Point""
}","{
  ""coordinates"": [
    -83.216560641,
    42.357296908
  ],
  ""type"": ""Point""
}",-83.2165606409999,42.3572969080001
3894,1260355,8 MILE,ARDMORE,2018-01-06,6,1,2018,12,7,8,3,,1,0,Asphalt,1,1,1,45,5,2,1,5,0,0,0,0,true,false,false,false,true,false,false,false,false,false,true,false,false,false,false,false,false,false,false,false,false,false,-83.18641,42.44509,"{
  ""coordinates"": [
    -8.318641185673950e+01,
    4.244508580346370e+01
  ],
  ""type"": ""Point""
}","{
  ""coordinates"": [
    -83.186411857,
    42.445085803
  ],
  ""type"": ""Point""
}",-83.1864118569999,42.445085803
3895,1257248,FORD,ARTESIAN,2018-01-06,6,1,2018,11,7,5,3,,1,0,Asphalt,1,1,1,50,4,2,2,5,0,0,0,0,true,false,false,false,false,false,false,false,false,false,false,false,false,false,false,false,false,false,false,false,false,false,-83.22516,42.32894,"{
  ""coordinates"": [
    -8.322515571463370e+01,
    4.232894288121910e+01
  ],
  ""type"": ""Point""
}","{
  ""coordinates"": [
    -83.225155715,
    42.328942881
  ],
  ""type"": ""Point""
}",-83.225155715,42.328942881
3896,1257287,COLLINGHAM,ANVIL,2018-01-06,6,1,2018,12,7,4,9,,,0,,4,1,1,25,1,2,2,5,0,0,0,0,true,false,false,false,false,false,false,false,false,false,false,false,false,false,true,false,false,false,false,false,false,false,-82.97824,42.4478,"{
  ""coordinates"": [
    -8.297824072609440e+01,
    4.244780346580920e+01
  ],
  ""type"": ""Point""
}","{
  ""coordinates"": [
    -82.978240726,
    42.447803466
  ],
  ""type"": ""Point""
}",-82.978240726,42.447803466
3897,1259047,HUBBELL,OUTER,2018-01-06,6,1,2018,16,7,4,9,,4,0,Asphalt,4,1,1,30,2,2,1,3,0,0,1,0,false,false,false,false,true,false,false,false,false,false,false,false,false,true,false,false,false,false,false,false,false,false,-83.18965,42.41994,"{
  ""coordinates"": [
    -8.318964909341101e+01,
    4.241994147153220e+01
  ],
  ""type"": ""Point""
}","{
  ""coordinates"": [
    -83.189649093,
    42.419941472
  ],
  ""type"": ""Point""
}",-83.189649093,42.4199414720001
3898,1257187,M-10,8 MILE,2018-01-06,6,1,2018,9,7,5,3,,1,0,Concrete,1,1,1,55,3,2,2,5,0,0,0,0,true,false,false,false,false,false,false,false,false,false,false,false,false,true,false,false,false,false,false,false,false,false,-83.20329,42.4445,"{
  ""coordinates"": [
    -8.320329424302081e+01,
    4.244449564247820e+01
  ],
  ""type"": ""Point""
}","{
  ""coordinates"": [
    -83.203294243,
    42.444495642
  ],
  ""type"": ""Point""
}",-83.203294243,42.444495642
3899,1273892,M-39,PURITAN,2018-01-06,6,1,2018,14,7,8,3,,1,0,Asphalt,1,1,1,55,3,3,3,5,0,0,0,0,true,false,false,false,false,false,false,false,false,false,true,false,false,false,false,false,false,false,false,false,false,false,-83.21844,42.40688,"{
  ""coordinates"": [
    -8.321844106145390e+01,
    4.240688367819990e+01
  ],
  ""type"": ""Point""
}","{
  ""coordinates"": [
    -83.218441061,
    42.406883678
  ],
  ""type"": ""Point""
}",-83.218441061,42.406883678
3900,1257271,7 MILE,BILTMORE,2018-01-06,6,1,2018,15,7,5,9,,2,0,Asphalt,1,1,1,35,4,2,2,5,0,0,0,0,true,false,false,false,false,false,false,false,false,false,false,false,false,true,false,false,false,false,false,false,false,false,-83.2119,42.43022,"{
  ""coordinates"": [
    -8.321189993422951e+01,
    4.243022127369970e+01
  ],
  ""type"": ""Point""
}","{
  ""coordinates"": [
    -83.211899934,
    42.430221274
  ],
  ""type"": ""Point""
}",-83.211899934,42.4302212740001
3901,1257239,MIDLAND,MURRAY HILL,2018-01-06,6,1,2018,16,7,4,9,,,0,,4,1,1,25,2,2,3,4,0,0,0,2,false,false,false,false,false,false,false,false,false,false,false,false,false,false,true,false,false,false,false,false,false,false,-83.2075,42.40492,"{
  ""coordinates"": [
    -8.320750180499080e+01,
    4.240492087641340e+01
  ],
  ""type"": ""Point""
}","{
  ""coordinates"": [
    -83.207501805,
    42.404920876
  ],
  ""type"": ""Point""
}",-83.2075018049999,42.4049208760001
3902,1257176,I-94,LINWOOD,2018-01-06,6,1,2018,12,7,1,1,,1,1,Asphalt,1,1,1,55,3,1,1,5,0,0,0,0,true,false,false,false,false,false,false,false,false,true,true,false,false,false,false,false,false,false,false,false,false,false,-83.09194,42.35236,"{
  ""coordinates"": [
    -8.309193925809720e+01,
    4.235236378899180e+01
  ],
  ""type"": ""Point""
}","{
  ""coordinates"": [
    -83.091939258,
    42.352363789
  ],
  ""type"": ""Point""
}",-83.091939258,42.352363789
3903,1257258,BURNS,MACK,2018-01-06,6,1,2018,2,7,1,9,,,1,,4,1,4,25,2,1,0,5,0,0,0,0,true,false,false,false,true,false,false,false,false,false,false,false,false,false,false,false,false,false,false,false,false,false,-82.99961,42.36802,"{
  ""coordinates"": [
    -8.299960766061210e+01,
    4.236801883800440e+01
  ],
  ""type"": ""Point""
}","{
  ""coordinates"": [
    -82.999607661,
    42.368018838
  ],
  ""type"": ""Point""
}",-82.999607661,42.3680188380001
3904,1257280,GREENFIELD,PEMBROKE,2018-01-06,6,1,2018,17,7,3,9,,2,0,Asphalt,1,1,4,35,5,2,4,3,0,0,1,3,false,false,false,false,false,false,false,false,false,false,false,false,false,false,true,false,false,false,false,false,false,false,-83.20018,42.43759,"{
  ""coordinates"": [
    -8.320017636668170e+01,
    4.243759247628400e+01
  ],
  ""type"": ""Point""
}","{
  ""coordinates"": [
    -83.200176367,
    42.437592476
  ],
  ""type"": ""Point""
}",-83.200176367,42.4375924760001
3905,1257317,LIVERNOIS,7 MILE,2018-01-06,6,1,2018,14,7,97,9,,4,0,Asphalt,1,1,1,30,2,2,1,5,0,0,0,0,true,false,false,false,true,false,false,false,false,false,false,false,true,false,false,false,false,false,false,false,false,false,-83.14158,42.43162,"{
  ""coordinates"": [
    -8.314157755446639e+01,
    4.243161985633870e+01
  ],
  ""type"": ""Point""
}","{
  ""coordinates"": [
    -83.141577554,
    42.431619856
  ],
  ""type"": ""Point""
}",-83.141577554,42.4316198560001
3906,1257309,KEATING,REMINGTON,2018-01-06,6,1,2018,2,7,1,9,,,1,,3,5,4,25,1,1,1,5,0,0,0,0,true,false,false,false,false,false,false,false,false,true,false,false,false,false,false,false,false,false,false,false,false,false,-83.10055,42.44245,"{
  ""coordinates"": [
    -8.310054623406680e+01,
    4.244245324588170e+01
  ],
  ""type"": ""Point""
}","{
  ""coordinates"": [
    -83.100546234,
    42.442453246
  ],
  ""type"": ""Point""
}",-83.100546234,42.4424532460001
3907,1257286,GRATIOT,7 MILE,2018-01-06,6,1,2018,20,7,4,3,,1,0,Asphalt,1,1,4,35,7,2,1,3,0,0,1,0,false,false,false,false,true,false,false,false,false,false,false,false,false,false,false,false,false,false,false,false,false,false,-82.9777,42.43508,"{
  ""coordinates"": [
    -8.297769594870300e+01,
    4.243507744376800e+01
  ],
  ""type"": ""Point""
}","{
  ""coordinates"": [
    -82.977695949,
    42.435077444
  ],
  ""type"": ""Point""
}",-82.977695949,42.4350774440001
3908,1260340,WILDEMERE,LAWRENCE,2018-01-06,6,1,2018,17,7,5,9,,,0,,4,5,5,25,1,2,1,5,0,0,0,0,true,false,false,false,false,false,false,false,false,false,false,false,false,false,false,false,false,false,false,false,false,false,-83.11964,42.37944,"{
  ""coordinates"": [
    -8.311964015260401e+01,
    4.237943613688560e+01
  ],
  ""type"": ""Point""
}","{
  ""coordinates"": [
    -83.119640153,
    42.379436137
  ],
  ""type"": ""Point""
}",-83.119640153,42.379436137
3909,1259041,OUTER,DICKERSON,2018-01-06,6,1,2018,21,7,5,9,,2,0,Asphalt,1,2,4,25,2,2,3,5,0,0,0,0,true,false,false,false,false,false,false,false,false,false,false,false,false,false,false,false,false,false,false,false,false,false,-82.97935,42.41216,"{
  ""coordinates"": [
    -8.297935568263580e+01,
    4.241215759119760e+01
  ],
  ""type"": ""Point""
}","{
  ""coordinates"": [
    -82.979355683,
    42.412157591
  ],
  ""type"": ""Point""
}",-82.9793556829999,42.412157591
3910,1302168,CENTRAL,INSELRUHE,2018-01-06,6,1,2018,10,7,1,3,,1,0,Asphalt,4,1,1,25,2,1,1,5,0,0,0,0,true,false,false,false,false,false,false,false,false,false,false,false,false,false,false,false,true,false,false,false,false,false,-82.9865,42.33943,"{
  ""coordinates"": [
    -8.298650083698919e+01,
    4.233943267130990e+01
  ],
  ""type"": ""Point""
}","{
  ""coordinates"": [
    -82.986500837,
    42.339432671
  ],
  ""type"": ""Point""
}",-82.9865008369999,42.3394326710001
3911,1257289,WILSHIRE,PARK,2018-01-06,6,1,2018,8,7,5,9,,,0,,4,1,1,25,2,2,1,5,0,0,0,0,true,false,false,false,true,false,false,false,false,true,false,false,false,false,false,false,false,false,false,false,false,false,-82.98087,42.40931,"{
  ""coordinates"": [
    -8.298087266893880e+01,
    4.240930785004090e+01
  ],
  ""type"": ""Point""
}","{
  ""coordinates"": [
    -82.980872669,
    42.40930785
  ],
  ""type"": ""Point""
}",-82.980872669,42.4093078500001
3912,1257568,APPLETON,GLENDALE,2018-01-06,6,1,2018,0,7,98,9,,,0,,1,98,98,25,2,2,0,5,0,0,0,0,true,false,false,false,true,false,false,false,false,false,false,false,false,false,false,false,false,false,false,false,false,false,-83.27218,42.38172,"{
  ""coordinates"": [
    -8.327217844085530e+01,
    4.238171634349410e+01
  ],
  ""type"": ""Point""
}","{
  ""coordinates"": [
    -83.272178441,
    42.381716343
  ],
  ""type"": ""Point""
}",-83.2721784409999,42.3817163430001
3913,1337680,MARTIN LUTHER KING JR,CASS,2018-01-06,6,1,2018,18,7,5,9,,4,0,Asphalt,2,98,4,30,4,3,3,5,0,0,0,0,true,false,false,false,false,false,false,false,false,false,false,false,false,false,false,false,false,false,false,false,false,false,-83.06073,42.34566,"{
  ""coordinates"": [
    -8.306072795554570e+01,
    4.234565948533370e+01
  ],
  ""type"": ""Point""
}","{
  ""coordinates"": [
    -83.060727956,
    42.345659485
  ],
  ""type"": ""Point""
}",-83.0607279559999,42.3456594850001
3914,1301082,WOODWARD,MONTCALM,2018-01-06,6,1,2018,23,7,8,3,,1,0,Brick,1,1,4,35,3,2,1,5,0,0,0,0,true,false,false,false,true,false,false,false,false,false,false,false,false,false,false,false,false,false,false,false,false,false,-83.05219,42.33892,"{
  ""coordinates"": [
    -8.305219247869709e+01,
    4.233891943627240e+01
  ],
  ""type"": ""Point""
}","{
  ""coordinates"": [
    -83.052192479,
    42.338919436
  ],
  ""type"": ""Point""
}",-83.052192479,42.338919436
3915,1257312,8 MILE,S I 75 SERVICE DRIVE,2018-01-06,6,1,2018,13,7,5,3,,1,0,Concrete,3,5,1,35,3,2,2,5,0,0,0,0,true,false,false,false,false,false,false,false,false,false,true,false,false,false,false,false,false,false,false,false,false,false,-83.09544,42.44678,"{
  ""coordinates"": [
    -8.309544056161199e+01,
    4.244678657355610e+01
  ],
  ""type"": ""Point""
}","{
  ""coordinates"": [
    -83.095440562,
    42.446786574
  ],
  ""type"": ""Point""
}",-83.095440562,42.446786574
3916,1257318,GREENFIELD,8 MILE,2018-01-06,6,1,2018,10,7,97,7,,1,0,Asphalt,1,1,1,35,5,3,3,5,0,0,0,0,true,false,false,false,false,false,false,false,false,false,false,false,false,false,false,false,false,false,false,false,false,false,-83.2005,42.44452,"{
  ""coordinates"": [
    -8.320050361181170e+01,
    4.244451507396310e+01
  ],
  ""type"": ""Point""
}","{
  ""coordinates"": [
    -83.200503612,
    42.444515074
  ],
  ""type"": ""Point""
}",-83.200503612,42.444515074
3917,1378631,7 MILE,OUTER,2018-01-06,6,1,2018,22,7,4,9,,4,0,Asphalt,1,1,4,30,3,2,3,5,0,0,0,0,true,false,false,false,true,false,false,false,false,false,false,true,false,false,false,false,false,false,false,false,false,false,-83.01379,42.43419,"{
  ""coordinates"": [
    -8.301378926621840e+01,
    4.243419077005380e+01
  ],
  ""type"": ""Point""
}","{
  ""coordinates"": [
    -83.013789266,
    42.43419077
  ],
  ""type"": ""Point""
}",-83.0137892659999,42.43419077
3918,1268257,8 MILE,ILENE,2018-01-06,6,1,2018,15,7,5,3,,1,0,Asphalt,1,1,1,40,3,2,2,5,0,0,0,0,true,false,false,false,false,false,false,false,false,false,false,false,false,false,false,false,false,false,false,false,false,false,-83.16392,42.4456,"{
  ""coordinates"": [
    -8.316392103167300e+01,
    4.244560124906630e+01
  ],
  ""type"": ""Point""
}","{
  ""coordinates"": [
    -83.163921032,
    42.445601249
  ],
  ""type"": ""Point""
}",-83.163921032,42.445601249
3919,1257275,SALEM,BENNETT,2018-01-06,6,1,2018,10,7,8,9,,,0,,4,5,1,25,2,2,0,5,0,0,0,0,true,false,false,false,true,false,false,false,false,false,false,false,false,false,false,false,false,false,false,false,false,false,-83.28538,42.41926,"{
  ""coordinates"": [
    -8.328537790535221e+01,
    4.241926338192090e+01
  ],
  ""type"": ""Point""
}","{
  ""coordinates"": [
    -83.285377905,
    42.419263382
  ],
  ""type"": ""Point""
}",-83.285377905,42.4192633820001
3920,1265882,MOROSS,CHESTER,2018-01-06,6,1,2018,12,7,1,9,,2,1,Asphalt,1,1,1,35,2,1,1,5,0,0,0,0,true,false,false,false,true,false,false,false,false,false,false,false,false,false,false,false,false,false,false,false,false,false,-82.92271,42.42211,"{
  ""coordinates"": [
    -8.292271464431870e+01,
    4.242211223480060e+01
  ],
  ""type"": ""Point""
}","{
  ""coordinates"": [
    -82.922714644,
    42.422112235
  ],
  ""type"": ""Point""
}",-82.9227146439999,42.422112235
3921,1298772,JEFFERSON,BEAUBIEN,2018-01-06,6,1,2018,21,7,6,4,,1,0,Asphalt,1,2,4,30,2,2,2,5,0,0,0,0,true,false,false,false,false,false,false,false,false,false,false,false,false,false,false,true,false,false,false,false,false,false,-83.0397,42.33057,"{
  ""coordinates"": [
    -8.303969441539169e+01,
    4.233057142199120e+01
  ],
  ""type"": ""Point""
}","{
  ""coordinates"": [
    -83.039694415,
    42.330571422
  ],
  ""type"": ""Point""
}",-83.039694415,42.330571422
3922,1265877,JEFFERSON,HARDING,2018-01-06,6,1,2018,16,7,4,9,,4,0,Asphalt,1,1,1,40,8,2,2,5,0,0,0,0,true,false,false,false,false,false,false,false,false,false,false,false,false,true,false,false,false,false,false,false,false,false,-82.97708,42.36391,"{
  ""coordinates"": [
    -8.297708261247020e+01,
    4.236391410691170e+01
  ],
  ""type"": ""Point""
}","{
  ""coordinates"": [
    -82.977082612,
    42.363914107
  ],
  ""type"": ""Point""
}",-82.9770826119999,42.363914107