ObjectId,Crash ID,Primary Road,Intersecting Road,Crash Date,Day,Month,Year,Hour,Weekday,Crash Type Code,Highway Classification Code,Community Code,Jurisdiction Code,Lane Departure Type Code,Surface Type,Road Condition,Weather Condition,Lighting Condition,Speed Limit,Lanes,Units,Occupants,Most Severe Injury,Fatal Injuries,Suspected Serious Injuries,Suspected Minor Injuries,Possible Injuries,Property Damage Only,Secondary Crash,Traffic Control,Red Light Run,Hit and Run,Alcohol,Drugs,Unbelted Person,Work Zone,Speeding Driver,Distracted Driver,Driveway,Pedestrian,Elderly Driver,Young Driver,Commercial Vehicle,Emergency Vehicles,Train,School Bus,Motorcycle,Bicycle,Deer,Longitude,Latitude,geom,geog,x,y
4032,1259005,S M 39,RAMP 008F,2018-01-04,4,1,2018,0,5,5,3,,1,0,Asphalt,2,5,4,55,3,2,3,4,0,0,0,1,false,false,false,false,false,false,false,false,false,false,false,false,false,false,true,false,false,false,false,false,false,false,-83.21713,42.37893,"{
  ""coordinates"": [
    -8.321712908289010e+01,
    4.237892433815560e+01
  ],
  ""type"": ""Point""
}","{
  ""coordinates"": [
    -83.217129083,
    42.378924338
  ],
  ""type"": ""Point""
}",-83.217129083,42.378924338
4033,1255372,OAKWOOD,DIX,2018-01-04,4,1,2018,9,5,97,9,,,0,,2,2,1,30,4,3,3,5,0,0,0,0,true,false,false,false,false,false,false,false,false,false,false,true,false,true,false,true,false,false,false,false,false,false,-83.15289,42.2896,"{
  ""coordinates"": [
    -8.315288616484730e+01,
    4.228960085294540e+01
  ],
  ""type"": ""Point""
}","{
  ""coordinates"": [
    -83.152886165,
    42.289600853
  ],
  ""type"": ""Point""
}",-83.152886165,42.289600853
4034,1307185,WAYBURN,YORKSHIRE,2018-01-04,4,1,2018,21,5,2,9,,,2,,4,1,4,25,1,2,1,5,0,0,0,0,true,false,false,false,false,false,false,false,false,true,false,false,false,false,true,false,false,false,false,false,false,false,-82.9549,42.41944,"{
  ""coordinates"": [
    -8.295489917570021e+01,
    4.241944016800390e+01
  ],
  ""type"": ""Point""
}","{
  ""coordinates"": [
    -82.954899176,
    42.419440168
  ],
  ""type"": ""Point""
}",-82.954899176,42.4194401680001
4035,1257288,7 MILE,GRATIOT,2018-01-04,4,1,2018,16,5,4,3,,4,0,Asphalt,1,1,1,30,2,2,3,5,0,0,0,0,true,false,false,false,true,false,false,false,false,false,false,false,false,false,false,false,false,false,false,false,false,false,-82.97795,42.43507,"{
  ""coordinates"": [
    -8.297795091702790e+01,
    4.243507163198030e+01
  ],
  ""type"": ""Point""
}","{
  ""coordinates"": [
    -82.977950917,
    42.435071632
  ],
  ""type"": ""Point""
}",-82.977950917,42.4350716320001
4036,1307168,HARPER,ANSTELL,2018-01-04,4,1,2018,9,5,5,9,,4,0,Asphalt,2,1,1,,4,2,2,5,0,0,0,0,true,false,false,false,true,false,false,false,false,false,false,false,false,false,false,false,false,false,false,false,false,false,-82.99435,42.39581,"{
  ""coordinates"": [
    -8.299434913096090e+01,
    4.239580977781210e+01
  ],
  ""type"": ""Point""
}","{
  ""coordinates"": [
    -82.994349131,
    42.395809778
  ],
  ""type"": ""Point""
}",-82.994349131,42.3958097780001
4037,1257240,MOROSS,E I 94,2018-01-04,4,1,2018,16,5,4,9,,2,0,Concrete,1,1,1,35,3,2,2,5,0,0,0,0,true,false,true,true,false,false,false,false,false,false,false,false,false,true,false,false,false,false,false,false,false,false,-82.92874,42.42439,"{
  ""coordinates"": [
    -8.292874496204800e+01,
    4.242438663425650e+01
  ],
  ""type"": ""Point""
}","{
  ""coordinates"": [
    -82.928744962,
    42.424386634
  ],
  ""type"": ""Point""
}",-82.9287449619999,42.424386634
4038,1255323,RAMP 216A,E I 94,2018-01-04,4,1,2018,1,5,4,1,,1,0,Concrete,4,5,5,70,1,2,2,5,0,0,0,0,true,false,false,false,false,false,false,false,false,true,false,false,false,false,false,false,false,false,false,false,false,false,-83.06219,42.36646,"{
  ""coordinates"": [
    -8.306219524708830e+01,
    4.236645444132460e+01
  ],
  ""type"": ""Point""
}","{
  ""coordinates"": [
    -83.062195247,
    42.366454441
  ],
  ""type"": ""Point""
}",-83.062195247,42.366454441
4039,1255333,M-39,SCHOOLCRAFT,2018-01-04,4,1,2018,17,5,5,3,,1,0,Asphalt,1,1,4,55,3,2,2,5,0,0,0,0,true,false,false,false,false,false,false,false,false,false,false,false,false,false,false,false,false,false,false,false,false,false,-83.21776,42.38739,"{
  ""coordinates"": [
    -8.321775840691140e+01,
    4.238738736990410e+01
  ],
  ""type"": ""Point""
}","{
  ""coordinates"": [
    -83.217758407,
    42.38738737
  ],
  ""type"": ""Point""
}",-83.217758407,42.3873873700001
4040,1591262,LIVERNOIS,S M 10,2018-01-04,4,1,2018,12,5,8,9,,4,0,Concrete,1,1,1,30,5,2,1,5,0,0,0,0,true,false,false,false,false,false,false,false,false,false,false,false,false,false,false,false,false,false,false,false,false,false,-83.14023,42.40483,"{
  ""coordinates"": [
    -8.314023127034319e+01,
    4.240483502469430e+01
  ],
  ""type"": ""Point""
}","{
  ""coordinates"": [
    -83.14023127,
    42.404835025
  ],
  ""type"": ""Point""
}",-83.14023127,42.4048350250001
4041,1257213,SCHAEFER,EATON,2018-01-04,4,1,2018,7,5,1,9,,4,1,Asphalt,3,1,4,,3,1,1,5,0,0,0,0,true,false,false,false,false,false,false,false,false,false,false,false,false,false,false,false,false,false,false,false,false,false,-83.1789,42.39711,"{
  ""coordinates"": [
    -8.317890380545040e+01,
    4.239711407001240e+01
  ],
  ""type"": ""Point""
}","{
  ""coordinates"": [
    -83.178903805,
    42.39711407
  ],
  ""type"": ""Point""
}",-83.1789038049999,42.39711407
4042,1260300,S M 39,MCNICHOLS,2018-01-04,4,1,2018,16,5,5,3,,1,0,Concrete,1,1,1,55,3,2,3,5,0,0,0,0,true,false,false,false,false,false,false,false,false,false,false,false,false,false,false,false,false,false,false,false,false,false,-83.21889,42.41582,"{
  ""coordinates"": [
    -8.321888940561639e+01,
    4.241581697772070e+01
  ],
  ""type"": ""Point""
}","{
  ""coordinates"": [
    -83.218889406,
    42.415816978
  ],
  ""type"": ""Point""
}",-83.218889406,42.4158169780001
4043,1255344,N M 10,RAMP 122E,2018-01-04,4,1,2018,20,5,1,3,,1,1,Asphalt,1,1,4,55,3,1,1,5,0,0,0,0,true,true,false,false,false,false,false,false,false,true,false,false,false,false,false,false,false,false,false,false,false,false,-83.06344,42.33421,"{
  ""coordinates"": [
    -8.306343466662680e+01,
    4.233421081045270e+01
  ],
  ""type"": ""Point""
}","{
  ""coordinates"": [
    -83.063434667,
    42.33421081
  ],
  ""type"": ""Point""
}",-83.063434667,42.3342108100001
4044,1261539,N/B M-39,WARREN,2018-01-04,4,1,2018,9,5,8,3,,1,0,Asphalt,1,2,1,55,3,3,2,5,0,0,0,0,true,false,false,false,true,false,false,false,false,false,false,false,false,false,false,true,false,false,false,false,false,false,-83.21606,42.34393,"{
  ""coordinates"": [
    -8.321606463891931e+01,
    4.234392723563820e+01
  ],
  ""type"": ""Point""
}","{
  ""coordinates"": [
    -83.216064639,
    42.343927236
  ],
  ""type"": ""Point""
}",-83.216064639,42.3439272360001
4045,1257205,JEFFERSON,GRISWOLD,2018-01-04,4,1,2018,16,5,5,3,,1,0,Asphalt,1,1,1,35,6,2,2,5,0,0,0,0,true,false,false,false,false,false,false,false,false,false,false,false,false,false,false,false,false,false,false,false,false,false,-83.04549,42.32837,"{
  ""coordinates"": [
    -8.304549393823810e+01,
    4.232836342591300e+01
  ],
  ""type"": ""Point""
}","{
  ""coordinates"": [
    -83.045493938,
    42.328363426
  ],
  ""type"": ""Point""
}",-83.0454939379999,42.3283634260001
4046,1261563,RAMP 008M,SOUTHFIELD SERVICE DRIVE,2018-01-04,4,1,2018,8,5,5,1,,1,0,Concrete,3,2,1,70,1,2,2,5,0,0,0,0,true,true,false,false,false,false,false,false,false,true,false,false,false,false,false,false,false,false,false,false,false,false,-83.21678,42.37931,"{
  ""coordinates"": [
    -8.321678287762489e+01,
    4.237931212338330e+01
  ],
  ""type"": ""Point""
}","{
  ""coordinates"": [
    -83.216782878,
    42.379312123
  ],
  ""type"": ""Point""
}",-83.2167828779999,42.379312123
4047,1264094,I-75,M-8,2018-01-04,4,1,2018,8,5,97,1,,1,0,Asphalt,4,2,1,70,4,3,3,5,0,0,0,0,true,false,false,false,false,false,false,false,false,true,false,false,false,false,false,false,false,false,false,false,false,false,-83.07935,42.40842,"{
  ""coordinates"": [
    -8.307935163798760e+01,
    4.240842470886660e+01
  ],
  ""type"": ""Point""
}","{
  ""coordinates"": [
    -83.079351638,
    42.408424709
  ],
  ""type"": ""Point""
}",-83.0793516379999,42.408424709
4048,1257256,E I 94 SERVICE DRIVE,VAN DYKE,2018-01-04,4,1,2018,8,5,5,3,,4,0,Asphalt,1,5,1,,2,2,3,5,0,0,0,0,true,false,false,false,false,false,false,false,false,false,false,false,false,false,false,false,false,false,false,false,false,false,-83.01986,42.38579,"{
  ""coordinates"": [
    -8.301985954819440e+01,
    4.238579072730720e+01
  ],
  ""type"": ""Point""
}","{
  ""coordinates"": [
    -83.019859548,
    42.385790727
  ],
  ""type"": ""Point""
}",-83.0198595479999,42.385790727
4049,1261540,N/B M-39,JOY,2018-01-04,4,1,2018,16,5,5,3,,1,0,Asphalt,1,1,1,55,3,2,2,5,0,0,0,0,true,false,false,false,false,false,false,false,false,false,false,false,false,false,false,false,false,false,false,false,false,false,-83.21638,42.35757,"{
  ""coordinates"": [
    -8.321638359239400e+01,
    4.235757613956540e+01
  ],
  ""type"": ""Point""
}","{
  ""coordinates"": [
    -83.216383592,
    42.35757614
  ],
  ""type"": ""Point""
}",-83.2163835919999,42.35757614
4050,1255403,PICKFORD,MEYERS,2018-01-04,4,1,2018,13,5,4,9,,,0,,4,2,1,25,2,2,3,4,0,0,0,1,false,false,false,false,true,false,false,false,false,false,false,false,false,false,true,false,false,false,false,false,false,false,-83.1705,42.42583,"{
  ""coordinates"": [
    -8.317050166012410e+01,
    4.242582539003160e+01
  ],
  ""type"": ""Point""
}","{
  ""coordinates"": [
    -83.17050166,
    42.42582539
  ],
  ""type"": ""Point""
}",-83.17050166,42.4258253900001
4051,1257281,SEVEN MILE,GRATIOT,2018-01-04,4,1,2018,15,5,97,3,,2,0,Asphalt,3,2,3,30,2,3,2,3,0,0,1,1,false,false,true,true,true,false,false,false,false,false,false,false,false,false,false,false,false,false,false,false,false,false,-82.97762,42.43508,"{
  ""coordinates"": [
    -8.297761848894260e+01,
    4.243507904433560e+01
  ],
  ""type"": ""Point""
}","{
  ""coordinates"": [
    -82.977618489,
    42.435079044
  ],
  ""type"": ""Point""
}",-82.977618489,42.4350790440001
4052,1255355,ST ANTOINE,WARREN,2018-01-04,4,1,2018,15,5,9,9,,4,0,Asphalt,1,1,1,20,2,2,2,5,0,0,0,0,true,false,false,false,false,false,false,false,false,false,false,false,false,false,true,false,false,false,false,false,false,false,-83.05707,42.3598,"{
  ""coordinates"": [
    -8.305706739183680e+01,
    4.235980222907060e+01
  ],
  ""type"": ""Point""
}","{
  ""coordinates"": [
    -83.057067392,
    42.359802229
  ],
  ""type"": ""Point""
}",-83.057067392,42.359802229
4053,1255363,WOODWARD,ALGER,2018-01-04,4,1,2018,8,5,1,3,,1,1,Asphalt,4,5,1,30,3,1,1,5,0,0,0,0,true,false,false,false,true,false,false,false,false,false,false,false,false,false,false,false,false,false,false,false,false,false,-83.0796,42.37964,"{
  ""coordinates"": [
    -8.307959999283320e+01,
    4.237963682900710e+01
  ],
  ""type"": ""Point""
}","{
  ""coordinates"": [
    -83.079599993,
    42.379636829
  ],
  ""type"": ""Point""
}",-83.079599993,42.379636829
4054,1255385,LAFAYETTE,ORLEANS,2018-01-04,4,1,2018,19,5,4,9,,4,0,Asphalt,2,1,4,25,2,2,3,4,0,0,0,1,false,false,false,false,false,false,false,false,false,false,false,false,false,false,false,false,false,false,false,false,false,false,-83.03078,42.33887,"{
  ""coordinates"": [
    -8.303078400305860e+01,
    4.233886762614510e+01
  ],
  ""type"": ""Point""
}","{
  ""coordinates"": [
    -83.030784003,
    42.338867626
  ],
  ""type"": ""Point""
}",-83.030784003,42.3388676260001
4055,1272337,RAMP 008B,I 96 SERVICE DRIVE,2018-01-04,4,1,2018,8,5,5,1,,1,0,Concrete,4,2,1,70,1,2,2,3,0,0,1,0,false,true,false,false,true,false,false,false,false,false,false,false,false,true,false,false,false,false,false,false,false,false,-83.21584,42.37793,"{
  ""coordinates"": [
    -8.321584196452790e+01,
    4.237793520944250e+01
  ],
  ""type"": ""Point""
}","{
  ""coordinates"": [
    -83.215841965,
    42.377935209
  ],
  ""type"": ""Point""
}",-83.215841965,42.377935209
4056,1255381,WARREN,ST AUBIN,2018-01-04,4,1,2018,10,5,4,9,,4,0,Asphalt,2,1,1,30,2,2,4,3,0,0,1,1,false,false,false,false,false,false,false,false,false,false,false,false,false,false,false,false,false,false,false,false,false,false,-83.04435,42.36441,"{
  ""coordinates"": [
    -8.304434986441680e+01,
    4.236440621484710e+01
  ],
  ""type"": ""Point""
}","{
  ""coordinates"": [
    -83.044349864,
    42.364406215
  ],
  ""type"": ""Point""
}",-83.044349864,42.364406215
4057,1264101,JEFFERSON,WOODWARD,2018-01-04,4,1,2018,10,5,8,3,,1,0,Asphalt,3,1,1,55,3,2,1,5,0,0,0,0,true,false,false,false,true,false,false,false,false,false,false,false,false,false,false,false,false,false,false,false,false,false,-83.04433,42.32895,"{
  ""coordinates"": [
    -8.304433180960341e+01,
    4.232894980698330e+01
  ],
  ""type"": ""Point""
}","{
  ""coordinates"": [
    -83.04433181,
    42.328949807
  ],
  ""type"": ""Point""
}",-83.04433181,42.3289498070001
4058,1255357,S I 75 SERVICE DRIVE,CASS,2018-01-04,4,1,2018,16,5,8,9,,4,0,Asphalt,6,1,1,25,3,2,2,5,0,0,0,0,true,false,false,false,false,false,false,false,false,false,false,false,false,true,false,false,false,false,false,false,false,false,-83.05659,42.33852,"{
  ""coordinates"": [
    -8.305658759054160e+01,
    4.233852185633560e+01
  ],
  ""type"": ""Point""
}","{
  ""coordinates"": [
    -83.056587591,
    42.338521856
  ],
  ""type"": ""Point""
}",-83.056587591,42.3385218560001
4059,1258997,M-39,SCHOOLCRAFT,2018-01-04,4,1,2018,18,5,5,3,,1,0,Asphalt,1,1,4,55,3,2,1,5,0,0,0,0,true,false,false,false,true,false,false,false,false,false,false,false,false,false,false,false,false,false,false,false,false,false,-83.2178,42.38888,"{
  ""coordinates"": [
    -8.321780722895160e+01,
    4.238887961060240e+01
  ],
  ""type"": ""Point""
}","{
  ""coordinates"": [
    -83.217807229,
    42.388879611
  ],
  ""type"": ""Point""
}",-83.217807229,42.388879611
4060,1279387,MARTIN LUTHER KING JR,S M 10,2018-01-04,4,1,2018,16,5,4,9,,4,0,Asphalt,2,1,1,30,2,2,2,5,0,0,0,0,true,false,false,false,false,false,false,false,false,false,false,false,false,false,false,false,false,false,false,false,false,false,-83.06824,42.34331,"{
  ""coordinates"": [
    -8.306824262291789e+01,
    4.234331083914150e+01
  ],
  ""type"": ""Point""
}","{
  ""coordinates"": [
    -83.068242623,
    42.343310839
  ],
  ""type"": ""Point""
}",-83.0682426229999,42.343310839
4061,1255373,DRAGOON,LAFAYETTE,2018-01-04,4,1,2018,16,5,4,9,,4,0,Asphalt,2,1,1,25,2,2,6,5,0,0,0,0,true,false,false,false,false,false,false,false,false,false,false,false,false,false,false,false,false,false,false,false,false,false,-83.10365,42.30909,"{
  ""coordinates"": [
    -8.310365551646061e+01,
    4.230909491298700e+01
  ],
  ""type"": ""Point""
}","{
  ""coordinates"": [
    -83.103655516,
    42.309094913
  ],
  ""type"": ""Point""
}",-83.1036555159999,42.3090949130001
4062,1257251,PURITAN,SCHAEFER,2018-01-04,4,1,2018,21,5,9,9,,4,0,Asphalt,98,98,98,35,4,2,1,5,0,0,0,0,true,false,false,false,false,false,false,false,false,false,false,false,false,false,false,false,false,false,false,false,false,false,-83.17944,42.40936,"{
  ""coordinates"": [
    -8.317943982159591e+01,
    4.240936132361260e+01
  ],
  ""type"": ""Point""
}","{
  ""coordinates"": [
    -83.179439822,
    42.409361324
  ],
  ""type"": ""Point""
}",-83.1794398219999,42.409361324
4063,1260302,N M 39,RAMP 007A,2018-01-04,4,1,2018,18,5,5,3,,1,0,Asphalt,3,1,4,55,3,3,3,5,0,0,0,0,true,false,false,false,false,false,false,false,false,false,false,false,false,false,false,false,false,false,false,false,false,false,-83.21626,42.35118,"{
  ""coordinates"": [
    -8.321626468038140e+01,
    4.235118616864880e+01
  ],
  ""type"": ""Point""
}","{
  ""coordinates"": [
    -83.21626468,
    42.351186169
  ],
  ""type"": ""Point""
}",-83.2162646799999,42.3511861690001
4064,1265800,I-94,VAN DYKE,2018-01-04,4,1,2018,13,5,8,1,,1,0,Asphalt,2,1,1,55,3,2,2,5,0,0,0,0,true,false,false,false,false,false,false,false,false,false,false,false,false,false,false,true,false,false,false,false,false,false,-83.01584,42.38795,"{
  ""coordinates"": [
    -8.301583679472770e+01,
    4.238794678361590e+01
  ],
  ""type"": ""Point""
}","{
  ""coordinates"": [
    -83.015836795,
    42.387946784
  ],
  ""type"": ""Point""
}",-83.015836795,42.3879467840001
4065,1257282,7 MILE,HOOVER,2018-01-04,4,1,2018,13,5,4,3,,4,0,Asphalt,1,1,1,30,5,2,2,3,0,0,1,0,false,false,false,false,false,false,false,false,false,false,false,false,false,false,false,true,false,false,false,false,false,false,-83.00469,42.43443,"{
  ""coordinates"": [
    -8.300469229117390e+01,
    4.243442627303250e+01
  ],
  ""type"": ""Point""
}","{
  ""coordinates"": [
    -83.004692291,
    42.434426273
  ],
  ""type"": ""Point""
}",-83.004692291,42.434426273
4066,1265799,I-75,CANIFF,2018-01-04,4,1,2018,13,5,1,9,,4,1,Asphalt,2,1,1,70,3,1,1,5,0,0,0,0,true,false,false,false,false,false,false,false,false,false,false,false,false,false,false,false,false,false,false,false,false,false,-83.06944,42.39291,"{
  ""coordinates"": [
    -8.306943384678260e+01,
    4.239291399267920e+01
  ],
  ""type"": ""Point""
}","{
  ""coordinates"": [
    -83.069433847,
    42.392913993
  ],
  ""type"": ""Point""
}",-83.069433847,42.392913993
4067,1255402,8 MILE,N I 75,2018-01-04,4,1,2018,17,5,4,3,,1,0,Concrete,1,1,4,30,5,2,5,5,0,0,0,0,true,false,false,false,false,false,false,false,false,false,false,false,false,false,true,false,false,false,false,false,false,false,-83.0947,42.4468,"{
  ""coordinates"": [
    -8.309469425114310e+01,
    4.244680161447430e+01
  ],
  ""type"": ""Point""
}","{
  ""coordinates"": [
    -83.094694251,
    42.446801614
  ],
  ""type"": ""Point""
}",-83.094694251,42.446801614
4068,1255312,RAMP 215A,S M 10,2018-01-04,4,1,2018,9,5,1,1,,1,1,Concrete,3,1,1,55,1,1,1,5,0,0,0,0,true,false,false,false,false,false,false,false,false,true,false,false,false,false,false,false,false,false,false,false,false,false,-83.07643,42.35773,"{
  ""coordinates"": [
    -8.307643366770679e+01,
    4.235772893687680e+01
  ],
  ""type"": ""Point""
}","{
  ""coordinates"": [
    -83.076433668,
    42.357728937
  ],
  ""type"": ""Point""
}",-83.0764336679999,42.357728937
4069,1255388,VAUGHN,PILGRAM,2018-01-04,4,1,2018,18,5,9,9,,,2,,4,5,5,25,2,2,1,5,0,0,0,0,true,false,false,false,true,false,false,false,false,false,true,false,false,false,false,false,false,false,false,false,false,false,-83.23874,42.40614,"{
  ""coordinates"": [
    -8.323873907491161e+01,
    4.240614488573460e+01
  ],
  ""type"": ""Point""
}","{
  ""coordinates"": [
    -83.238739075,
    42.406144886
  ],
  ""type"": ""Point""
}",-83.238739075,42.406144886
4070,1255395,CONANT,NEVADA,2018-01-04,4,1,2018,11,5,5,9,,4,0,Asphalt,2,1,1,25,2,2,1,4,0,0,0,1,false,false,false,false,true,false,false,false,false,false,false,false,false,false,false,false,false,false,false,false,false,false,-83.06836,42.42548,"{
  ""coordinates"": [
    -8.306835665391419e+01,
    4.242547475122720e+01
  ],
  ""type"": ""Point""
}","{
  ""coordinates"": [
    -83.068356654,
    42.425474751
  ],
  ""type"": ""Point""
}",-83.068356654,42.4254747510001
4071,1255405,PURITAN,LITTLEFIELD,2018-01-04,4,1,2018,18,5,2,9,,4,2,Asphalt,6,2,4,35,2,2,1,4,0,0,0,1,false,false,false,false,true,false,false,false,false,false,false,false,false,true,false,false,false,false,false,false,false,false,-83.17639,42.40942,"{
  ""coordinates"": [
    -8.317638989777470e+01,
    4.240941468296670e+01
  ],
  ""type"": ""Point""
}","{
  ""coordinates"": [
    -83.176389898,
    42.409414683
  ],
  ""type"": ""Point""
}",-83.176389898,42.4094146830001
4072,1255361,WOODWARD,ENGLEWOOD,2018-01-04,4,1,2018,9,5,7,3,,1,0,Asphalt,2,1,1,30,4,2,2,4,0,0,0,1,false,false,false,false,false,false,false,false,false,false,false,false,false,false,false,false,false,false,false,false,false,false,-83.08784,42.39189,"{
  ""coordinates"": [
    -8.308784816800400e+01,
    4.239189213447100e+01
  ],
  ""type"": ""Point""
}","{
  ""coordinates"": [
    -83.087848168,
    42.391892134
  ],
  ""type"": ""Point""
}",-83.0878481679999,42.391892134
4073,1267124,WARREN,CONNER,2018-01-04,4,1,2018,9,5,97,9,,4,0,Asphalt,3,2,1,35,5,2,2,5,0,0,0,0,true,false,false,false,false,false,false,false,false,false,false,false,false,false,false,false,false,false,false,false,false,false,-82.9759,42.38932,"{
  ""coordinates"": [
    -8.297590146698300e+01,
    4.238931917225350e+01
  ],
  ""type"": ""Point""
}","{
  ""coordinates"": [
    -82.975901467,
    42.389319172
  ],
  ""type"": ""Point""
}",-82.975901467,42.3893191720001
4074,1264109,RAMP 049C,S I 75,2018-01-04,4,1,2018,14,5,5,1,,1,0,Asphalt,2,1,1,55,1,2,2,5,0,0,0,0,true,false,false,false,false,false,false,false,false,false,false,false,false,false,true,false,false,false,false,false,false,false,-83.09525,42.43522,"{
  ""coordinates"": [
    -8.309525204749100e+01,
    4.243522324853440e+01
  ],
  ""type"": ""Point""
}","{
  ""coordinates"": [
    -83.095252047,
    42.435223249
  ],
  ""type"": ""Point""
}",-83.095252047,42.435223249
4075,1255386,N I 75,MACK,2018-01-04,4,1,2018,19,5,4,1,,1,0,Concrete,1,1,4,35,3,2,2,5,0,0,0,0,true,false,false,false,false,false,false,false,false,false,false,false,false,false,false,false,false,false,false,false,false,false,-83.04778,42.35114,"{
  ""coordinates"": [
    -8.304777311602339e+01,
    4.235114346608560e+01
  ],
  ""type"": ""Point""
}","{
  ""coordinates"": [
    -83.047773116,
    42.351143466
  ],
  ""type"": ""Point""
}",-83.047773116,42.3511434660001
4076,1255348,M-39,7 MILE,2018-01-04,4,1,2018,1,5,8,3,,1,0,Concrete,2,2,4,55,3,4,3,4,0,0,0,1,false,false,false,false,true,false,false,false,false,false,false,false,false,false,false,false,false,false,false,false,false,false,-83.21928,42.43139,"{
  ""coordinates"": [
    -8.321928558106400e+01,
    4.243139445571660e+01
  ],
  ""type"": ""Point""
}","{
  ""coordinates"": [
    -83.219285581,
    42.431394456
  ],
  ""type"": ""Point""
}",-83.219285581,42.4313944560001
4077,1265915,7 MILE,ASHTON,2018-01-04,4,1,2018,16,5,4,9,,2,0,Asphalt,1,1,1,35,2,2,4,5,0,0,0,0,true,false,false,false,false,false,false,false,false,false,false,false,false,false,true,false,true,false,false,false,false,false,-83.2205,42.42999,"{
  ""coordinates"": [
    -8.322049695733560e+01,
    4.242998812169100e+01
  ],
  ""type"": ""Point""
}","{
  ""coordinates"": [
    -83.220496957,
    42.429988122
  ],
  ""type"": ""Point""
}",-83.220496957,42.4299881220001
4078,1255399,8MILE,SHERWOOD,2018-01-04,4,1,2018,9,5,5,3,,1,0,Asphalt,4,1,1,,2,2,2,5,0,0,0,0,true,true,false,false,false,false,false,false,false,false,false,false,false,false,false,false,false,false,false,false,false,false,-83.03625,42.44793,"{
  ""coordinates"": [
    -8.303624690999671e+01,
    4.244793031324260e+01
  ],
  ""type"": ""Point""
}","{
  ""coordinates"": [
    -83.03624691,
    42.447930313
  ],
  ""type"": ""Point""
}",-83.03624691,42.447930313
4079,1255387,8 MILE,MURRAY,2018-01-04,4,1,2018,10,5,8,3,,1,0,Asphalt,2,1,1,45,4,2,2,5,0,0,0,0,true,false,false,false,true,false,false,false,false,false,false,false,false,false,false,false,false,false,false,false,false,false,-83.20964,42.44444,"{
  ""coordinates"": [
    -8.320964137273670e+01,
    4.244443437529660e+01
  ],
  ""type"": ""Point""
}","{
  ""coordinates"": [
    -83.209641373,
    42.444434375
  ],
  ""type"": ""Point""
}",-83.209641373,42.4444343750001
4080,1257313,MCNICHOLS,MEYERS,2018-01-04,4,1,2018,17,5,4,9,,2,0,Asphalt,3,1,4,35,2,2,1,5,0,0,0,0,true,false,true,true,true,false,false,false,false,false,false,false,false,false,false,false,false,false,false,false,false,false,-83.1704,42.41665,"{
  ""coordinates"": [
    -8.317040617336410e+01,
    4.241665388670860e+01
  ],
  ""type"": ""Point""
}","{
  ""coordinates"": [
    -83.170406173,
    42.416653887
  ],
  ""type"": ""Point""
}",-83.1704061729999,42.4166538870001
4081,1264110,I-75,M-8,2018-01-04,4,1,2018,17,5,5,1,,1,0,Asphalt,1,1,3,70,5,2,2,5,0,0,0,0,true,false,false,false,false,false,false,false,false,false,true,false,false,false,false,true,false,false,false,false,false,false,-83.08018,42.40939,"{
  ""coordinates"": [
    -8.308018528746410e+01,
    4.240938670845510e+01
  ],
  ""type"": ""Point""
}","{
  ""coordinates"": [
    -83.080185287,
    42.409386708
  ],
  ""type"": ""Point""
}",-83.0801852869999,42.4093867080001
4082,1255342,W I 94,LUCKY,2018-01-04,4,1,2018,18,5,5,1,,1,0,Asphalt,2,1,4,55,3,2,2,5,0,0,0,0,true,false,false,false,false,false,false,false,false,false,false,false,false,false,false,false,false,false,false,false,false,false,-83.03755,42.37767,"{
  ""coordinates"": [
    -8.303755418819480e+01,
    4.237766461154980e+01
  ],
  ""type"": ""Point""
}","{
  ""coordinates"": [
    -83.037554188,
    42.377664612
  ],
  ""type"": ""Point""
}",-83.0375541879999,42.377664612
4083,1255376,JUNCTION,BUCHANAN,2018-01-04,4,1,2018,14,5,4,9,,4,0,Asphalt,1,1,1,25,2,2,2,5,0,0,0,0,true,false,false,false,true,false,false,false,false,false,false,false,false,false,false,false,false,false,false,false,false,false,-83.1155,42.33636,"{
  ""coordinates"": [
    -8.311550435962791e+01,
    4.233635582638270e+01
  ],
  ""type"": ""Point""
}","{
  ""coordinates"": [
    -83.11550436,
    42.336355826
  ],
  ""type"": ""Point""
}",-83.11550436,42.336355826
4084,1255382,MACK,N I 75,2018-01-04,4,1,2018,19,5,4,9,,4,0,Asphalt,1,1,4,25,6,2,2,5,0,0,0,0,true,false,false,false,true,false,false,false,false,false,false,false,false,false,false,false,false,false,false,false,false,false,-83.04787,42.3512,"{
  ""coordinates"": [
    -8.304786965973190e+01,
    4.235119972524010e+01
  ],
  ""type"": ""Point""
}","{
  ""coordinates"": [
    -83.04786966,
    42.351199725
  ],
  ""type"": ""Point""
}",-83.0478696599999,42.3511997250001
4085,1265873,WARREN,UNIVERSITY,2018-01-04,4,1,2018,12,5,8,9,,4,0,Asphalt,2,1,1,35,1,2,0,5,0,0,0,0,true,false,false,false,true,false,false,false,false,false,false,false,false,false,false,false,true,false,false,false,false,false,-82.9224,42.40877,"{
  ""coordinates"": [
    -8.292240327251631e+01,
    4.240877047143250e+01
  ],
  ""type"": ""Point""
}","{
  ""coordinates"": [
    -82.922403273,
    42.408770471
  ],
  ""type"": ""Point""
}",-82.922403273,42.408770471
4086,1265870,ALTER,FOREST,2018-01-04,4,1,2018,13,5,5,1,,1,0,Asphalt,6,1,1,30,1,2,2,5,0,0,0,0,true,false,false,false,false,false,false,false,false,false,false,false,false,false,false,false,false,false,false,false,false,false,-83.05424,42.36084,"{
  ""coordinates"": [
    -8.305424148517690e+01,
    4.236083456472820e+01
  ],
  ""type"": ""Point""
}","{
  ""coordinates"": [
    -83.054241485,
    42.360834565
  ],
  ""type"": ""Point""
}",-83.054241485,42.3608345650001