ObjectId,Crash ID,Primary Road,Intersecting Road,Crash Date,Day,Month,Year,Hour,Weekday,Crash Type Code,Highway Classification Code,Community Code,Jurisdiction Code,Lane Departure Type Code,Surface Type,Road Condition,Weather Condition,Lighting Condition,Speed Limit,Lanes,Units,Occupants,Most Severe Injury,Fatal Injuries,Suspected Serious Injuries,Suspected Minor Injuries,Possible Injuries,Property Damage Only,Secondary Crash,Traffic Control,Red Light Run,Hit and Run,Alcohol,Drugs,Unbelted Person,Work Zone,Speeding Driver,Distracted Driver,Driveway,Pedestrian,Elderly Driver,Young Driver,Commercial Vehicle,Emergency Vehicles,Train,School Bus,Motorcycle,Bicycle,Deer,Longitude,Latitude,geom,geog,x,y
4087,1255368,FORT,POST,2018-01-04,4,1,2018,16,5,5,3,,1,0,Asphalt,1,1,1,30,5,2,2,5,0,0,0,0,true,false,false,false,false,false,false,false,false,false,false,false,false,false,false,false,false,false,false,false,false,false,-83.11129,42.30333,"{
  ""coordinates"": [
    -8.311129030570530e+01,
    4.230332445801180e+01
  ],
  ""type"": ""Point""
}","{
  ""coordinates"": [
    -83.111290306,
    42.303324458
  ],
  ""type"": ""Point""
}",-83.1112903059999,42.3033244580001
4088,1255377,7 MILE,RUTHERFORD,2018-01-04,4,1,2018,19,5,5,9,,2,0,Asphalt,1,1,3,40,5,2,1,5,0,0,0,0,true,false,false,false,false,false,false,false,false,false,false,false,false,false,false,false,false,false,false,false,false,false,-83.20521,42.43034,"{
  ""coordinates"": [
    -8.320521147514270e+01,
    4.243033877037410e+01
  ],
  ""type"": ""Point""
}","{
  ""coordinates"": [
    -83.205211475,
    42.43033877
  ],
  ""type"": ""Point""
}",-83.2052114749999,42.43033877
4089,1262906,RAMP 008M,W I 96 CD,2018-01-04,4,1,2018,8,5,1,1,,1,1,Concrete,4,2,1,55,1,1,1,5,0,0,0,0,true,false,false,false,false,false,false,false,false,true,false,false,false,false,false,false,false,false,false,false,false,false,-83.21685,42.37912,"{
  ""coordinates"": [
    -8.321685075532660e+01,
    4.237911595081410e+01
  ],
  ""type"": ""Point""
}","{
  ""coordinates"": [
    -83.216850755,
    42.379115951
  ],
  ""type"": ""Point""
}",-83.2168507549999,42.3791159510001
4090,1255362,S I 75 SERVICE DRIVE,CLIFFORD,2018-01-04,4,1,2018,16,5,4,9,,4,0,Asphalt,6,1,1,25,3,2,2,5,0,0,0,0,true,false,true,true,false,false,false,false,false,false,false,false,false,false,false,false,false,false,false,false,false,false,-83.05614,42.33878,"{
  ""coordinates"": [
    -8.305613483592229e+01,
    4.233877443776390e+01
  ],
  ""type"": ""Point""
}","{
  ""coordinates"": [
    -83.056134836,
    42.338774438
  ],
  ""type"": ""Point""
}",-83.056134836,42.338774438
4091,1264102,W/B I-94,MARTIN,2018-01-04,4,1,2018,17,5,5,1,,1,0,Asphalt,1,1,3,55,3,3,5,5,0,0,0,0,true,false,false,false,false,false,false,false,false,false,false,false,false,false,true,false,false,false,false,false,false,false,-83.13067,42.3352,"{
  ""coordinates"": [
    -8.313066665249350e+01,
    4.233519915095910e+01
  ],
  ""type"": ""Point""
}","{
  ""coordinates"": [
    -83.130666652,
    42.335199151
  ],
  ""type"": ""Point""
}",-83.1306666519999,42.335199151
4092,1257322,MOROSS,EDGEFIELD,2018-01-04,4,1,2018,17,5,4,9,,2,0,Asphalt,1,1,4,35,3,2,2,5,0,0,0,0,true,false,false,false,false,false,false,false,false,false,false,false,false,true,false,false,false,false,false,false,false,false,-82.92583,42.42345,"{
  ""coordinates"": [
    -8.292582801447870e+01,
    4.242344732157890e+01
  ],
  ""type"": ""Point""
}","{
  ""coordinates"": [
    -82.925828014,
    42.423447322
  ],
  ""type"": ""Point""
}",-82.925828014,42.4234473220001
4093,1257262,TELEGRAPH,7 MILE,2018-01-03,3,1,2018,17,4,5,2,,1,0,Asphalt,2,5,4,45,4,3,3,5,0,0,0,0,true,false,false,false,false,false,false,false,false,false,false,false,false,false,false,false,false,false,false,false,false,false,-83.27798,42.42873,"{
  ""coordinates"": [
    -8.327798354562471e+01,
    4.242873117670130e+01
  ],
  ""type"": ""Point""
}","{
  ""coordinates"": [
    -83.277983546,
    42.428731177
  ],
  ""type"": ""Point""
}",-83.277983546,42.428731177
4094,1253971,DEXTER,CARTER,2018-01-03,3,1,2018,8,4,5,9,,4,0,Asphalt,1,1,1,30,2,2,4,5,0,0,0,0,true,false,false,false,false,false,false,false,false,false,false,false,false,false,false,false,false,false,false,false,false,false,-83.11536,42.3668,"{
  ""coordinates"": [
    -8.311535711172441e+01,
    4.236679684230770e+01
  ],
  ""type"": ""Point""
}","{
  ""coordinates"": [
    -83.115357112,
    42.366796842
  ],
  ""type"": ""Point""
}",-83.115357112,42.366796842
4095,1253960,MOUNT ELLIOTT,VERNOR,2018-01-03,3,1,2018,12,4,4,9,,4,0,Asphalt,6,8,1,30,2,2,2,5,0,0,0,0,true,false,true,true,false,false,false,false,false,false,false,false,false,false,false,false,false,false,false,false,false,false,-83.01747,42.35503,"{
  ""coordinates"": [
    -8.301747365335591e+01,
    4.235502624490690e+01
  ],
  ""type"": ""Point""
}","{
  ""coordinates"": [
    -83.017473653,
    42.355026245
  ],
  ""type"": ""Point""
}",-83.017473653,42.355026245
4096,1253973,DAVISON,WOODROW WILSON,2018-01-03,3,1,2018,14,4,1,3,,1,1,Concrete,3,5,1,55,4,1,1,5,0,0,0,0,true,false,false,false,false,false,false,false,false,false,false,false,false,false,false,false,false,false,false,false,false,false,-83.11045,42.39819,"{
  ""coordinates"": [
    -8.311045050650600e+01,
    4.239818765895470e+01
  ],
  ""type"": ""Point""
}","{
  ""coordinates"": [
    -83.110450507,
    42.398187659
  ],
  ""type"": ""Point""
}",-83.1104505069999,42.398187659
4097,1257263,FENKELL,LAHSER,2018-01-03,3,1,2018,17,4,97,9,,2,0,Asphalt,3,5,3,35,2,2,4,5,0,0,0,0,true,false,false,false,false,false,false,false,false,false,false,false,false,false,false,false,false,false,false,false,false,false,-83.25646,42.40029,"{
  ""coordinates"": [
    -8.325646033273090e+01,
    4.240029316427570e+01
  ],
  ""type"": ""Point""
}","{
  ""coordinates"": [
    -83.256460333,
    42.400293164
  ],
  ""type"": ""Point""
}",-83.2564603329999,42.4002931640001
4098,1253970,WOODWARD,COLLINGWOOD,2018-01-03,3,1,2018,9,4,5,3,,1,0,Asphalt,4,5,1,35,6,2,2,5,0,0,0,0,true,false,false,false,false,false,false,false,false,false,false,false,false,false,false,false,false,false,false,false,false,false,-83.08681,42.39035,"{
  ""coordinates"": [
    -8.308680977276380e+01,
    4.239034783936980e+01
  ],
  ""type"": ""Point""
}","{
  ""coordinates"": [
    -83.086809773,
    42.390347839
  ],
  ""type"": ""Point""
}",-83.086809773,42.3903478390001
4099,1257266,7 MILE,N M 39,2018-01-03,3,1,2018,15,4,5,9,,2,0,Asphalt,4,5,1,,4,2,3,5,0,0,0,0,true,false,false,false,false,false,false,false,false,false,false,false,false,true,false,false,false,false,false,false,false,false,-83.21917,42.43002,"{
  ""coordinates"": [
    -8.321917209584210e+01,
    4.243002172356680e+01
  ],
  ""type"": ""Point""
}","{
  ""coordinates"": [
    -83.219172096,
    42.430021724
  ],
  ""type"": ""Point""
}",-83.219172096,42.430021724
4100,1255375,OAKWOOD,SCHAEFER,2018-01-03,3,1,2018,16,4,3,9,,4,0,Asphalt,4,2,1,35,5,2,1,5,0,0,0,0,true,false,false,false,true,false,false,false,false,false,false,false,false,false,false,false,false,false,false,false,false,false,-83.16329,42.28528,"{
  ""coordinates"": [
    -8.316329108357959e+01,
    4.228528030583770e+01
  ],
  ""type"": ""Point""
}","{
  ""coordinates"": [
    -83.163291084,
    42.285280306
  ],
  ""type"": ""Point""
}",-83.163291084,42.2852803060001
4101,1257208,JOHN R,CANFIELD,2018-01-03,3,1,2018,7,4,4,9,,4,0,Asphalt,4,5,1,30,2,2,3,5,0,0,0,0,true,false,false,false,false,false,false,false,false,false,false,false,false,false,false,false,false,false,false,false,false,false,-83.05937,42.35361,"{
  ""coordinates"": [
    -8.305937449434811e+01,
    4.235361361738960e+01
  ],
  ""type"": ""Point""
}","{
  ""coordinates"": [
    -83.059374494,
    42.353613617
  ],
  ""type"": ""Point""
}",-83.0593744939999,42.3536136170001
4102,1253957,M59,GRANDRIVER,2018-01-03,3,1,2018,5,4,8,3,,1,0,Asphalt,2,1,4,55,3,2,2,5,0,0,0,0,true,false,false,false,false,false,false,false,false,false,false,false,false,true,false,false,false,false,false,false,false,false,-83.21821,42.40345,"{
  ""coordinates"": [
    -8.321820464141310e+01,
    4.240345345392830e+01
  ],
  ""type"": ""Point""
}","{
  ""coordinates"": [
    -83.218204641,
    42.403453454
  ],
  ""type"": ""Point""
}",-83.2182046409999,42.403453454
4103,1264099,I-94,WOODWARD,2018-01-03,3,1,2018,12,4,1,1,,1,1,Asphalt,4,5,1,55,3,1,1,5,0,0,0,0,true,false,false,false,false,false,false,false,false,true,false,false,false,false,false,false,false,false,false,false,false,false,-83.06878,42.36383,"{
  ""coordinates"": [
    -8.306878014990779e+01,
    4.236382717900880e+01
  ],
  ""type"": ""Point""
}","{
  ""coordinates"": [
    -83.06878015,
    42.363827179
  ],
  ""type"": ""Point""
}",-83.06878015,42.3638271790001
4104,1257298,PRAIRIE,JOY,2018-01-03,3,1,2018,17,4,4,9,,,0,,4,1,1,,1,2,0,5,0,0,0,0,true,false,false,false,false,false,false,false,false,false,false,false,false,false,false,false,false,false,false,false,false,false,-83.14283,42.35934,"{
  ""coordinates"": [
    -8.314283133895790e+01,
    4.235934088859180e+01
  ],
  ""type"": ""Point""
}","{
  ""coordinates"": [
    -83.142831339,
    42.359340889
  ],
  ""type"": ""Point""
}",-83.1428313389999,42.3593408890001
4105,1253958,MACK,ROHNS,2018-01-03,3,1,2018,17,4,98,9,,4,0,Asphalt,2,5,1,30,2,2,0,5,0,0,0,0,true,false,false,false,true,false,false,false,false,false,false,false,false,false,false,false,false,false,false,false,false,false,-82.99706,42.37067,"{
  ""coordinates"": [
    -8.299706148335891e+01,
    4.237067433569830e+01
  ],
  ""type"": ""Point""
}","{
  ""coordinates"": [
    -82.997061483,
    42.370674336
  ],
  ""type"": ""Point""
}",-82.997061483,42.370674336
4106,1253975,FENELON,LUCE,2018-01-03,3,1,2018,17,4,9,9,,,2,,4,5,4,25,2,2,2,5,0,0,0,0,true,false,false,false,false,false,false,false,false,false,true,false,false,false,false,false,false,false,false,false,false,false,-83.05279,42.41526,"{
  ""coordinates"": [
    -8.305278741039550e+01,
    4.241525773111930e+01
  ],
  ""type"": ""Point""
}","{
  ""coordinates"": [
    -83.05278741,
    42.415257731
  ],
  ""type"": ""Point""
}",-83.05278741,42.4152577310001
4107,1251938,STPAUL,MELDRUM,2018-01-03,3,1,2018,5,4,1,9,,,0,,4,5,5,25,2,1,2,5,0,0,0,0,true,false,false,false,false,false,false,false,false,false,false,false,false,false,false,false,true,false,false,false,false,false,-83.01326,42.35101,"{
  ""coordinates"": [
    -8.301325668028031e+01,
    4.235100963915930e+01
  ],
  ""type"": ""Point""
}","{
  ""coordinates"": [
    -83.01325668,
    42.351009639
  ],
  ""type"": ""Point""
}",-83.01325668,42.351009639
4108,1253955,MONTROSE,WARREN,2018-01-03,3,1,2018,6,4,8,9,,,0,,1,1,2,35,4,2,2,5,0,0,0,0,true,false,false,false,false,false,false,false,false,false,false,false,false,true,false,false,false,false,false,false,false,false,-83.19869,42.34364,"{
  ""coordinates"": [
    -8.319869424851809e+01,
    4.234363439425550e+01
  ],
  ""type"": ""Point""
}","{
  ""coordinates"": [
    -83.198694249,
    42.343634394
  ],
  ""type"": ""Point""
}",-83.198694249,42.343634394
4109,1253964,HOOVER,7 MILE,2018-01-03,3,1,2018,10,4,98,3,,1,0,Asphalt,4,5,1,30,8,2,1,5,0,0,0,0,true,false,false,false,true,false,false,false,false,true,false,false,false,false,false,false,false,false,false,false,false,false,-83.00468,42.43434,"{
  ""coordinates"": [
    -8.300468728486800e+01,
    4.243433664724730e+01
  ],
  ""type"": ""Point""
}","{
  ""coordinates"": [
    -83.004687285,
    42.434336647
  ],
  ""type"": ""Point""
}",-83.004687285,42.4343366470001
4110,1261553,E I 96,CSX TRANSPORTATION,2018-01-03,3,1,2018,17,4,8,1,,1,0,Concrete,3,5,4,70,3,2,2,5,0,0,0,0,true,false,false,false,false,false,false,false,false,false,false,false,false,false,false,false,false,false,false,false,false,false,-83.19048,42.37965,"{
  ""coordinates"": [
    -8.319047689033290e+01,
    4.237964526672380e+01
  ],
  ""type"": ""Point""
}","{
  ""coordinates"": [
    -83.19047689,
    42.379645267
  ],
  ""type"": ""Point""
}",-83.19047689,42.3796452670001
4111,1253949,WOODWARD,WOODLAND,2018-01-03,3,1,2018,11,4,9,3,,1,0,Asphalt,4,5,1,35,3,2,2,5,0,0,0,0,true,false,false,false,false,false,false,false,false,false,false,false,false,false,false,false,false,false,false,false,false,false,-83.08836,42.39264,"{
  ""coordinates"": [
    -8.308835472668260e+01,
    4.239264307427600e+01
  ],
  ""type"": ""Point""
}","{
  ""coordinates"": [
    -83.088354727,
    42.392643074
  ],
  ""type"": ""Point""
}",-83.088354727,42.392643074
4112,1256520,JAMES COUZENS,7 MILE,2018-01-03,3,1,2018,10,4,1,9,,4,1,Asphalt,4,5,1,70,3,1,1,4,0,0,0,1,false,false,false,false,false,false,false,false,false,true,false,false,false,true,false,false,false,false,false,false,false,false,-83.18664,42.43085,"{
  ""coordinates"": [
    -8.318663593454650e+01,
    4.243084633242800e+01
  ],
  ""type"": ""Point""
}","{
  ""coordinates"": [
    -83.186635935,
    42.430846332
  ],
  ""type"": ""Point""
}",-83.186635935,42.430846332
4113,1257284,GRATIOT,ARNDT,2018-01-03,3,1,2018,9,4,8,3,,1,3,Asphalt,1,1,1,35,7,2,1,5,0,0,0,0,true,false,false,false,true,false,false,false,false,false,false,false,false,false,false,false,false,false,false,false,false,false,-83.03188,42.35274,"{
  ""coordinates"": [
    -8.303187836302220e+01,
    4.235274311788430e+01
  ],
  ""type"": ""Point""
}","{
  ""coordinates"": [
    -83.031878363,
    42.352743118
  ],
  ""type"": ""Point""
}",-83.031878363,42.352743118
4114,1255340,M-39,JOY,2018-01-03,3,1,2018,18,4,5,3,,1,0,Asphalt,2,5,4,55,3,2,2,5,0,0,0,0,true,false,false,false,false,false,false,false,false,false,true,false,false,false,true,false,false,false,false,false,false,false,-83.21641,42.35923,"{
  ""coordinates"": [
    -8.321640566097390e+01,
    4.235922759016370e+01
  ],
  ""type"": ""Point""
}","{
  ""coordinates"": [
    -83.216405661,
    42.35922759
  ],
  ""type"": ""Point""
}",-83.216405661,42.35922759
4115,1257276,SCHAEFER,FLORENCE,2018-01-03,3,1,2018,17,4,4,9,,4,0,Asphalt,4,5,4,35,4,2,2,5,0,0,0,0,true,false,false,false,false,false,false,false,false,false,false,false,false,false,false,false,false,false,false,false,false,false,-83.17959,42.41193,"{
  ""coordinates"": [
    -8.317958669971870e+01,
    4.241193114042310e+01
  ],
  ""type"": ""Point""
}","{
  ""coordinates"": [
    -83.1795867,
    42.41193114
  ],
  ""type"": ""Point""
}",-83.1795867,42.41193114
4116,1261557,N/B I 75,7 MILE,2018-01-03,3,1,2018,17,4,5,1,,1,0,Asphalt,4,5,3,70,4,2,2,5,0,0,0,0,true,false,false,false,false,false,false,false,false,false,false,false,false,false,false,false,false,false,false,false,false,false,-83.09406,42.4267,"{
  ""coordinates"": [
    -8.309406037637750e+01,
    4.242670479123180e+01
  ],
  ""type"": ""Point""
}","{
  ""coordinates"": [
    -83.094060376,
    42.426704791
  ],
  ""type"": ""Point""
}",-83.094060376,42.4267047910001
4117,1282339,SAINT JEAN,MACK STAMPING PLANT,2018-01-03,3,1,2018,15,4,5,9,,,0,,4,5,1,30,3,2,5,5,0,0,0,0,true,false,false,false,false,false,false,false,false,false,false,true,false,false,false,false,false,false,false,false,false,false,-82.98107,42.38303,"{
  ""coordinates"": [
    -8.298106923280240e+01,
    4.238302830622030e+01
  ],
  ""type"": ""Point""
}","{
  ""coordinates"": [
    -82.981069233,
    42.383028306
  ],
  ""type"": ""Point""
}",-82.981069233,42.383028306
4118,1252321,VINEWOOD,BIDDLE,2018-01-03,3,1,2018,15,4,10,9,,,0,,2,5,1,25,2,2,1,5,0,0,0,0,true,false,false,false,false,false,false,false,false,false,false,false,false,false,false,false,false,false,false,false,false,false,-83.1068,42.3458,"{
  ""coordinates"": [
    -8.310679719760419e+01,
    4.234579851930850e+01
  ],
  ""type"": ""Point""
}","{
  ""coordinates"": [
    -83.106797198,
    42.345798519
  ],
  ""type"": ""Point""
}",-83.106797198,42.345798519
4119,1253967,HOOVER,STATE FAIR,2018-01-03,3,1,2018,15,4,5,3,,1,0,Asphalt,3,5,1,30,2,2,5,5,0,0,0,0,true,false,false,false,false,false,false,true,false,false,false,false,false,false,false,true,false,false,false,false,false,false,-83.00497,42.44187,"{
  ""coordinates"": [
    -8.300497079816139e+01,
    4.244186943008810e+01
  ],
  ""type"": ""Point""
}","{
  ""coordinates"": [
    -83.004970798,
    42.44186943
  ],
  ""type"": ""Point""
}",-83.004970798,42.4418694300001
4120,1253946,JOY,GREENFIELD,2018-01-03,3,1,2018,15,4,5,9,,4,0,Asphalt,6,5,1,35,5,2,1,5,0,0,0,0,true,false,false,false,true,false,false,false,false,false,false,false,false,false,false,false,false,false,false,false,false,false,-83.19695,42.35813,"{
  ""coordinates"": [
    -8.319694640201720e+01,
    4.235813023572630e+01
  ],
  ""type"": ""Point""
}","{
  ""coordinates"": [
    -83.196946402,
    42.358130236
  ],
  ""type"": ""Point""
}",-83.196946402,42.3581302360001
4121,1261529,I-94,ADDISON,2018-01-03,3,1,2018,15,4,5,1,,1,0,Asphalt,6,5,1,55,3,2,1,5,0,0,0,0,true,false,false,false,false,false,false,false,false,true,false,false,false,false,false,false,false,false,false,false,false,false,-83.151,42.33004,"{
  ""coordinates"": [
    -8.315100415932299e+01,
    4.233003566242380e+01
  ],
  ""type"": ""Point""
}","{
  ""coordinates"": [
    -83.151004159,
    42.330035662
  ],
  ""type"": ""Point""
}",-83.151004159,42.3300356620001
4122,1278281,STAHELIN,TIREMAN,2018-01-03,3,1,2018,11,4,4,9,,,0,,4,5,1,25,1,2,2,5,0,0,0,0,true,false,false,false,false,false,false,false,false,false,false,false,false,false,false,false,false,false,false,false,false,false,-83.22461,42.35089,"{
  ""coordinates"": [
    -8.322461216729749e+01,
    4.235089493009440e+01
  ],
  ""type"": ""Point""
}","{
  ""coordinates"": [
    -83.224612167,
    42.35089493
  ],
  ""type"": ""Point""
}",-83.224612167,42.35089493
4123,1257203,SAINT ANTOINE,LAFAYETTE,2018-01-03,3,1,2018,16,4,10,9,,4,0,Concrete,4,5,1,25,2,2,1,4,0,0,0,1,false,false,false,false,true,false,false,false,false,false,false,false,false,false,false,false,false,false,false,false,false,false,-83.04039,42.33473,"{
  ""coordinates"": [
    -8.304039135446840e+01,
    4.233473039025560e+01
  ],
  ""type"": ""Point""
}","{
  ""coordinates"": [
    -83.040391354,
    42.33473039
  ],
  ""type"": ""Point""
}",-83.040391354,42.3347303900001
4124,1262903,E I 96,RAMP 008J,2018-01-03,3,1,2018,7,4,97,1,,1,0,Concrete,1,2,1,55,3,2,2,5,0,0,0,0,true,false,false,false,false,false,false,false,false,true,false,false,false,false,false,false,false,false,false,false,false,false,-83.22681,42.37787,"{
  ""coordinates"": [
    -8.322680660452041e+01,
    4.237786727790060e+01
  ],
  ""type"": ""Point""
}","{
  ""coordinates"": [
    -83.226806605,
    42.377867278
  ],
  ""type"": ""Point""
}",-83.226806605,42.3778672780001
4125,1253966,CONNER,PORTLANCE,2018-01-03,3,1,2018,13,4,5,9,,4,0,Asphalt,4,5,1,30,2,2,3,4,0,0,0,2,false,false,false,false,false,false,false,true,false,false,false,true,false,false,false,false,false,false,false,false,false,false,-83.0113,42.41727,"{
  ""coordinates"": [
    -8.301130183623600e+01,
    4.241726671472660e+01
  ],
  ""type"": ""Point""
}","{
  ""coordinates"": [
    -83.011301836,
    42.417266715
  ],
  ""type"": ""Point""
}",-83.011301836,42.417266715
4126,1261554,N/B I 75,MCNICHOLS,2018-01-03,3,1,2018,11,4,1,1,,1,1,Asphalt,4,5,1,70,5,1,1,4,0,0,0,1,false,false,false,false,false,false,false,false,false,true,false,false,false,true,false,false,false,false,false,false,false,false,-83.08559,42.41563,"{
  ""coordinates"": [
    -8.308558333418210e+01,
    4.241562509530150e+01
  ],
  ""type"": ""Point""
}","{
  ""coordinates"": [
    -83.085583334,
    42.415625095
  ],
  ""type"": ""Point""
}",-83.085583334,42.4156250950001
4127,1255352,WYOMING,WESTPOINT,2018-01-03,3,1,2018,16,4,5,9,,4,0,Asphalt,4,5,1,30,3,2,2,5,0,0,0,0,true,false,false,false,false,false,false,false,false,false,false,false,false,false,false,true,false,false,false,false,false,false,-83.15806,42.36208,"{
  ""coordinates"": [
    -8.315805761410030e+01,
    4.236208135141480e+01
  ],
  ""type"": ""Point""
}","{
  ""coordinates"": [
    -83.158057614,
    42.362081351
  ],
  ""type"": ""Point""
}",-83.158057614,42.362081351
4128,1264089,RAMP 047E,S I 75,2018-01-03,3,1,2018,16,4,97,1,,1,0,Concrete,4,5,1,55,2,2,2,5,0,0,0,0,true,false,false,false,false,false,false,false,false,true,false,false,false,false,false,false,false,false,false,false,false,false,-83.08034,42.40947,"{
  ""coordinates"": [
    -8.308033423209650e+01,
    4.240947509458710e+01
  ],
  ""type"": ""Point""
}","{
  ""coordinates"": [
    -83.080334232,
    42.409475095
  ],
  ""type"": ""Point""
}",-83.080334232,42.4094750950001
4129,1253977,8 MILE,HOOVER,2018-01-03,3,1,2018,14,4,8,3,,1,0,Asphalt,4,5,1,40,4,2,3,5,0,0,0,0,true,false,false,false,true,false,false,false,false,false,false,false,false,false,false,true,false,false,false,false,false,false,-83.00801,42.44868,"{
  ""coordinates"": [
    -8.300801213294160e+01,
    4.244868174845650e+01
  ],
  ""type"": ""Point""
}","{
  ""coordinates"": [
    -83.008012133,
    42.448681748
  ],
  ""type"": ""Point""
}",-83.008012133,42.4486817480001
4130,1253947,HUBBELL,TIREMAN,2018-01-03,3,1,2018,7,4,1,9,,4,0,Asphalt,1,2,5,30,2,1,1,5,0,0,0,0,true,false,false,false,false,false,false,false,false,false,false,true,false,false,false,false,false,false,false,false,false,false,-83.18691,42.35109,"{
  ""coordinates"": [
    -8.318691150322850e+01,
    4.235109366455920e+01
  ],
  ""type"": ""Point""
}","{
  ""coordinates"": [
    -83.186911503,
    42.351093665
  ],
  ""type"": ""Point""
}",-83.186911503,42.3510936650001
4131,1253979,HUBBELL,CLARITA,2018-01-03,3,1,2018,16,4,4,9,,4,0,Asphalt,2,5,1,,4,2,3,5,0,0,0,0,true,false,false,false,false,false,false,false,false,false,false,false,false,false,false,false,false,false,false,false,false,false,-83.18988,42.4292,"{
  ""coordinates"": [
    -8.318988283002700e+01,
    4.242919586504160e+01
  ],
  ""type"": ""Point""
}","{
  ""coordinates"": [
    -83.18988283,
    42.429195865
  ],
  ""type"": ""Point""
}",-83.18988283,42.4291958650001
4132,1269951,JOHN R,FARNSWORTH,2018-01-03,3,1,2018,6,4,5,9,,4,0,Asphalt,1,1,4,25,3,3,4,5,0,0,0,0,true,false,false,false,false,false,false,false,false,false,true,false,false,false,false,false,false,false,false,false,false,false,-83.06303,42.35902,"{
  ""coordinates"": [
    -8.306303387893740e+01,
    4.235901587793470e+01
  ],
  ""type"": ""Point""
}","{
  ""coordinates"": [
    -83.063033879,
    42.359015878
  ],
  ""type"": ""Point""
}",-83.063033879,42.359015878
4133,1255398,8 MILE,VEACH,2018-01-03,3,1,2018,3,4,5,3,,1,3,Asphalt,1,1,4,35,3,2,3,4,0,0,0,1,false,false,false,false,false,false,false,false,false,false,false,false,false,false,false,false,false,false,false,false,false,false,-83.02113,42.44826,"{
  ""coordinates"": [
    -8.302112810567731e+01,
    4.244825682536680e+01
  ],
  ""type"": ""Point""
}","{
  ""coordinates"": [
    -83.021128106,
    42.448256825
  ],
  ""type"": ""Point""
}",-83.0211281059999,42.448256825
4134,1257207,WOODWARD,JOHN R,2018-01-03,3,1,2018,10,4,8,9,,4,0,Concrete,2,2,1,35,4,2,2,5,0,0,0,0,true,false,false,false,false,false,false,false,false,false,false,false,false,false,false,false,false,false,false,false,false,false,-83.04933,42.33483,"{
  ""coordinates"": [
    -8.304933181112280e+01,
    4.233483188028560e+01
  ],
  ""type"": ""Point""
}","{
  ""coordinates"": [
    -83.049331811,
    42.33483188
  ],
  ""type"": ""Point""
}",-83.0493318109999,42.3348318800001
4135,1253980,7 MILE,MONICA,2018-01-03,3,1,2018,16,4,5,9,,2,0,Asphalt,98,2,1,,4,2,1,5,0,0,0,0,true,false,false,false,true,false,false,false,false,false,false,false,false,false,false,false,false,false,false,false,false,false,-83.14493,42.43153,"{
  ""coordinates"": [
    -8.314492760688600e+01,
    4.243153376836380e+01
  ],
  ""type"": ""Point""
}","{
  ""coordinates"": [
    -83.144927607,
    42.431533768
  ],
  ""type"": ""Point""
}",-83.1449276069999,42.4315337680001
4136,1261530,I-94,CECIL,2018-01-03,3,1,2018,16,4,5,1,,1,0,Asphalt,6,5,1,55,3,2,2,5,0,0,0,0,true,false,false,false,false,false,false,false,false,false,false,false,false,true,false,true,false,false,false,false,false,false,-83.13408,42.33384,"{
  ""coordinates"": [
    -8.313407528369019e+01,
    4.233384354145860e+01
  ],
  ""type"": ""Point""
}","{
  ""coordinates"": [
    -83.134075284,
    42.333843541
  ],
  ""type"": ""Point""
}",-83.1340752839999,42.3338435410001
4137,1255401,HOOVER,MCNICHOLS,2018-01-03,3,1,2018,9,4,8,3,,1,0,Asphalt,4,1,1,,4,2,1,5,0,0,0,0,true,true,false,false,true,false,false,false,false,false,false,false,false,false,false,false,false,false,false,false,false,false,-83.00318,42.42028,"{
  ""coordinates"": [
    -8.300318145012680e+01,
    4.242027755751230e+01
  ],
  ""type"": ""Point""
}","{
  ""coordinates"": [
    -83.00318145,
    42.420277558
  ],
  ""type"": ""Point""
}",-83.0031814499999,42.4202775580001
4138,1255365,MILWAUKEE,LODGE SERVICE,2018-01-03,3,1,2018,9,4,4,3,,1,0,Asphalt,3,5,1,25,2,2,3,5,0,0,0,0,true,true,false,false,false,false,false,false,false,false,false,false,false,false,false,false,false,false,false,false,false,false,-83.08103,42.36662,"{
  ""coordinates"": [
    -8.308103450507500e+01,
    4.236661465802140e+01
  ],
  ""type"": ""Point""
}","{
  ""coordinates"": [
    -83.081034505,
    42.366614658
  ],
  ""type"": ""Point""
}",-83.0810345049999,42.3666146580001
4139,1267147,8 MILE,HOOVER,2018-01-03,3,1,2018,18,4,8,3,,1,0,Asphalt,1,1,4,40,3,2,1,5,0,0,0,0,true,false,false,false,true,false,false,false,false,false,false,false,false,false,false,false,false,false,false,false,false,false,-83.00764,42.4487,"{
  ""coordinates"": [
    -8.300764153025300e+01,
    4.244870374809150e+01
  ],
  ""type"": ""Point""
}","{
  ""coordinates"": [
    -83.00764153,
    42.448703748
  ],
  ""type"": ""Point""
}",-83.0076415299999,42.4487037480001
4140,1253961,WORMER,GRANDRIVER,2018-01-03,3,1,2018,13,4,4,3,,,0,,3,8,1,25,4,2,4,4,0,0,0,1,false,false,false,false,false,false,false,false,false,false,false,false,false,false,false,false,false,false,false,false,false,false,-83.28044,42.42583,"{
  ""coordinates"": [
    -8.328044245833790e+01,
    4.242582648549580e+01
  ],
  ""type"": ""Point""
}","{
  ""coordinates"": [
    -83.280442458,
    42.425826485
  ],
  ""type"": ""Point""
}",-83.280442458,42.4258264850001