ObjectId,Crash ID,Primary Road,Intersecting Road,Crash Date,Day,Month,Year,Hour,Weekday,Crash Type Code,Highway Classification Code,Community Code,Jurisdiction Code,Lane Departure Type Code,Surface Type,Road Condition,Weather Condition,Lighting Condition,Speed Limit,Lanes,Units,Occupants,Most Severe Injury,Fatal Injuries,Suspected Serious Injuries,Suspected Minor Injuries,Possible Injuries,Property Damage Only,Secondary Crash,Traffic Control,Red Light Run,Hit and Run,Alcohol,Drugs,Unbelted Person,Work Zone,Speeding Driver,Distracted Driver,Driveway,Pedestrian,Elderly Driver,Young Driver,Commercial Vehicle,Emergency Vehicles,Train,School Bus,Motorcycle,Bicycle,Deer,Longitude,Latitude,geom,geog,x,y
4251,1251936,VAN DYKE,BRENTWOOD,2018-01-01,1,1,2018,3,2,2,3,,1,2,Asphalt,6,1,4,35,2,2,0,5,0,0,0,0,true,false,false,false,true,false,false,false,false,false,false,false,false,false,false,false,false,false,false,false,false,false,-83.02421,42.43277,"{
  ""coordinates"": [
    -8.302421173047679e+01,
    4.243277539214290e+01
  ],
  ""type"": ""Point""
}","{
  ""coordinates"": [
    -83.02421173,
    42.432775392
  ],
  ""type"": ""Point""
}",-83.02421173,42.4327753920001
4252,1250725,8 MILE,GROESBECK,2018-01-01,1,1,2018,2,2,4,3,,1,0,Asphalt,1,1,1,40,4,2,1,5,0,0,0,0,true,false,false,false,true,false,false,false,false,false,false,false,false,false,false,false,false,false,false,false,false,false,-83.0027,42.4489,"{
  ""coordinates"": [
    -8.300269823803841e+01,
    4.244890125126730e+01
  ],
  ""type"": ""Point""
}","{
  ""coordinates"": [
    -83.002698238,
    42.448901251
  ],
  ""type"": ""Point""
}",-83.0026982379999,42.4489012510001
4253,1249179,MINNESOTA,MAINE,2018-01-01,1,1,2018,1,2,4,9,,,0,,3,1,4,25,1,2,1,5,0,0,0,0,true,false,true,false,true,false,false,false,false,false,false,false,false,false,false,false,false,false,false,false,false,false,-83.0752,42.42337,"{
  ""coordinates"": [
    -8.307520274569301e+01,
    4.242336822339500e+01
  ],
  ""type"": ""Point""
}","{
  ""coordinates"": [
    -83.075202746,
    42.423368223
  ],
  ""type"": ""Point""
}",-83.0752027459999,42.4233682230001
4254,1279389,ANTHONY WAYNE,FOREST,2018-01-01,1,1,2018,11,2,5,9,,4,3,Asphalt,6,1,1,30,2,2,2,4,0,0,0,1,false,false,false,false,false,false,false,true,false,false,false,false,false,false,true,false,false,false,false,false,false,false,-83.06994,42.35242,"{
  ""coordinates"": [
    -8.306993758190600e+01,
    4.235242500885770e+01
  ],
  ""type"": ""Point""
}","{
  ""coordinates"": [
    -83.069937582,
    42.352425009
  ],
  ""type"": ""Point""
}",-83.069937582,42.3524250090001
4255,1251953,8 MILE,GRATIOT,2018-01-01,1,1,2018,3,2,5,3,,1,0,Asphalt,3,1,3,35,3,2,2,5,0,0,0,0,true,false,false,false,false,false,false,false,false,false,false,false,false,false,false,false,false,false,false,false,false,false,-82.96766,42.44984,"{
  ""coordinates"": [
    -8.296765999558080e+01,
    4.244984327209920e+01
  ],
  ""type"": ""Point""
}","{
  ""coordinates"": [
    -82.967659996,
    42.449843272
  ],
  ""type"": ""Point""
}",-82.967659996,42.4498432720001
4256,1250709,WESTWOOD,PLYMOUTH,2018-01-01,1,1,2018,20,2,8,9,,,0,,4,5,4,25,2,2,0,5,0,0,0,0,true,false,false,false,true,false,false,false,false,false,false,false,false,false,false,false,false,false,false,false,false,false,-83.23139,42.37169,"{
  ""coordinates"": [
    -8.323139016743870e+01,
    4.237168930741550e+01
  ],
  ""type"": ""Point""
}","{
  ""coordinates"": [
    -83.231390167,
    42.371689307
  ],
  ""type"": ""Point""
}",-83.231390167,42.3716893070001
4257,1250737,SCHAEFER,PURITAN,2018-01-01,1,1,2018,1,2,5,9,,4,0,Asphalt,1,1,4,30,4,3,3,5,0,0,0,0,true,false,false,false,true,false,false,false,false,false,false,false,false,true,false,false,false,false,false,false,false,false,-83.17947,42.40934,"{
  ""coordinates"": [
    -8.317946512885230e+01,
    4.240933852743510e+01
  ],
  ""type"": ""Point""
}","{
  ""coordinates"": [
    -83.179465129,
    42.409338527
  ],
  ""type"": ""Point""
}",-83.1794651289999,42.409338527
4258,1251914,SELDON,4TH,2018-01-01,1,1,2018,2,2,1,9,,,1,,4,5,4,25,2,1,2,5,0,0,0,0,true,false,false,false,false,false,false,false,false,false,false,false,false,false,false,false,false,false,false,false,false,false,-83.0827,42.34214,"{
  ""coordinates"": [
    -8.308269559141790e+01,
    4.234213582560350e+01
  ],
  ""type"": ""Point""
}","{
  ""coordinates"": [
    -83.082695591,
    42.342135826
  ],
  ""type"": ""Point""
}",-83.0826955909999,42.3421358260001
4259,1279368,MCGRAW,OGDEN,2018-01-01,1,1,2018,15,2,1,9,,4,0,Asphalt,1,1,1,35,4,1,0,5,0,0,0,0,true,false,false,false,false,false,false,false,false,false,false,false,false,false,false,false,false,false,false,false,false,false,-83.14868,42.33231,"{
  ""coordinates"": [
    -8.314868534812160e+01,
    4.233230681691740e+01
  ],
  ""type"": ""Point""
}","{
  ""coordinates"": [
    -83.148685348,
    42.332306817
  ],
  ""type"": ""Point""
}",-83.148685348,42.3323068170001
4260,1261544,RAMP 037B,RAMP 037C,2018-01-01,1,1,2018,4,2,1,1,,1,1,Asphalt,1,1,4,55,1,1,1,5,0,0,0,0,true,false,false,false,false,false,false,false,false,true,false,false,false,false,false,false,false,false,false,false,false,false,-83.08636,42.33231,"{
  ""coordinates"": [
    -8.308636665952000e+01,
    4.233230741766160e+01
  ],
  ""type"": ""Point""
}","{
  ""coordinates"": [
    -83.08636666,
    42.332307418
  ],
  ""type"": ""Point""
}",-83.08636666,42.332307418
4261,1282016,W I 94,CENTRAL,2018-01-01,1,1,2018,17,2,97,1,,1,0,Asphalt,1,1,4,55,3,1,5,5,0,0,0,0,true,false,false,false,false,false,false,false,false,false,false,false,false,false,false,false,false,false,false,false,false,false,-83.13781,42.33263,"{
  ""coordinates"": [
    -8.313780826754029e+01,
    4.233262871194190e+01
  ],
  ""type"": ""Point""
}","{
  ""coordinates"": [
    -83.137808268,
    42.332628712
  ],
  ""type"": ""Point""
}",-83.137808268,42.332628712
4262,1250708,EVERGREEN,TROJAN,2018-01-01,1,1,2018,3,2,4,9,,4,0,Asphalt,4,5,4,35,4,2,2,5,0,0,0,0,true,false,true,true,true,false,false,false,false,false,false,false,false,false,false,false,false,false,false,false,false,false,-83.23928,42.44046,"{
  ""coordinates"": [
    -8.323928280816860e+01,
    4.244045540602030e+01
  ],
  ""type"": ""Point""
}","{
  ""coordinates"": [
    -83.239282808,
    42.440455406
  ],
  ""type"": ""Point""
}",-83.239282808,42.4404554060001
4263,1250722,DICKERSON,HAMPSHIRE,2018-01-01,1,1,2018,19,2,4,9,,4,0,Asphalt,4,5,1,25,2,2,1,4,0,0,0,1,false,false,false,false,true,false,false,false,false,false,false,false,false,false,false,false,false,false,false,false,false,false,-82.97399,42.40334,"{
  ""coordinates"": [
    -8.297398986824540e+01,
    4.240334419069070e+01
  ],
  ""type"": ""Point""
}","{
  ""coordinates"": [
    -82.973989868,
    42.403344191
  ],
  ""type"": ""Point""
}",-82.973989868,42.403344191
4264,1282015,S/B M-10,MEYERS,2018-01-01,1,1,2018,16,2,1,3,,1,1,Concrete,1,1,1,55,3,1,2,5,0,0,0,0,true,false,false,false,false,false,false,false,false,true,false,false,false,false,false,false,false,false,false,false,false,false,-83.16976,42.41394,"{
  ""coordinates"": [
    -8.316976255932900e+01,
    4.241393681191370e+01
  ],
  ""type"": ""Point""
}","{
  ""coordinates"": [
    -83.169762559,
    42.413936812
  ],
  ""type"": ""Point""
}",-83.1697625589999,42.413936812
4265,1251957,30TH,COBB,2018-01-01,1,1,2018,3,2,5,9,,,0,,4,98,98,,2,3,0,5,0,0,0,0,true,false,false,false,false,false,false,false,false,false,false,false,false,false,false,false,false,false,false,false,false,false,-83.11639,42.34748,"{
  ""coordinates"": [
    -8.311638817091800e+01,
    4.234747853689820e+01
  ],
  ""type"": ""Point""
}","{
  ""coordinates"": [
    -83.116388171,
    42.347478537
  ],
  ""type"": ""Point""
}",-83.116388171,42.347478537
4266,1250683,CHICAGO,PRAIRIE,2018-01-01,1,1,2018,4,2,8,9,,4,0,Asphalt,4,1,4,30,2,2,3,4,0,0,0,1,false,false,false,false,false,false,false,false,false,true,false,false,false,false,false,false,false,false,false,false,false,false,-83.14333,42.3665,"{
  ""coordinates"": [
    -8.314333095757270e+01,
    4.236649627352500e+01
  ],
  ""type"": ""Point""
}","{
  ""coordinates"": [
    -83.143330958,
    42.366496274
  ],
  ""type"": ""Point""
}",-83.143330958,42.366496274
4267,1251917,TEMPLE,TRUMBULL,2018-01-01,1,1,2018,2,2,3,9,,4,0,Asphalt,4,1,4,25,2,2,3,4,0,0,0,1,false,false,false,false,false,false,false,false,false,false,false,false,false,false,false,false,false,false,false,false,false,false,-83.07028,42.33803,"{
  ""coordinates"": [
    -8.307028013868060e+01,
    4.233803127338030e+01
  ],
  ""type"": ""Point""
}","{
  ""coordinates"": [
    -83.070280139,
    42.338031273
  ],
  ""type"": ""Point""
}",-83.070280139,42.3380312730001
4268,1250711,GREENFIELD,FENKELL,2018-01-01,1,1,2018,19,2,8,9,,2,0,Asphalt,3,1,4,35,4,2,3,5,0,0,0,0,true,false,false,false,false,false,false,false,false,false,false,false,false,false,false,false,false,false,false,false,false,false,-83.19868,42.40131,"{
  ""coordinates"": [
    -8.319868474913790e+01,
    4.240130607940780e+01
  ],
  ""type"": ""Point""
}","{
  ""coordinates"": [
    -83.198684749,
    42.401306079
  ],
  ""type"": ""Point""
}",-83.1986847489999,42.4013060790001
4269,1249135,WOODWARD,MONTCALM,2018-01-01,1,1,2018,1,2,5,3,,1,0,Asphalt,1,1,4,35,4,2,2,5,0,0,0,0,true,false,false,false,false,false,false,false,false,false,false,false,false,false,false,true,false,false,false,false,false,false,-83.0522,42.33893,"{
  ""coordinates"": [
    -8.305220164638460e+01,
    4.233893288558730e+01
  ],
  ""type"": ""Point""
}","{
  ""coordinates"": [
    -83.052201646,
    42.338932886
  ],
  ""type"": ""Point""
}",-83.052201646,42.3389328860001
4270,1293542,THIRD,CALUMET,2018-01-01,1,1,2018,3,2,5,9,,4,0,Asphalt,98,98,4,25,4,2,2,5,0,0,0,0,true,false,false,false,false,false,false,false,false,false,false,false,false,false,false,false,false,false,false,false,false,false,-83.0684,42.34979,"{
  ""coordinates"": [
    -8.306839439488159e+01,
    4.234978951967560e+01
  ],
  ""type"": ""Point""
}","{
  ""coordinates"": [
    -83.068394395,
    42.34978952
  ],
  ""type"": ""Point""
}",-83.068394395,42.3497895200001
4271,1250688,FORT,DEARBORN,2018-01-01,1,1,2018,2,2,5,3,,1,0,Asphalt,3,1,4,35,4,3,4,5,0,0,0,0,true,false,false,false,false,false,false,false,false,false,false,false,false,true,false,false,false,false,false,false,false,false,-83.13645,42.29367,"{
  ""coordinates"": [
    -8.313644850055580e+01,
    4.229366542189220e+01
  ],
  ""type"": ""Point""
}","{
  ""coordinates"": [
    -83.136448501,
    42.293665422
  ],
  ""type"": ""Point""
}",-83.136448501,42.2936654220001
4272,1250720,WHITTIER,BEACONSFIELD,2018-01-01,1,1,2018,18,2,3,9,,4,0,Asphalt,1,2,4,30,2,2,2,5,0,0,0,0,true,false,false,false,false,false,false,false,false,false,false,false,false,true,false,false,false,false,false,false,false,false,-82.95139,42.41624,"{
  ""coordinates"": [
    -8.295138547567090e+01,
    4.241624187379430e+01
  ],
  ""type"": ""Point""
}","{
  ""coordinates"": [
    -82.951385476,
    42.416241874
  ],
  ""type"": ""Point""
}",-82.951385476,42.416241874
4273,1251964,WOODWARD,8 MILE,2018-01-01,1,1,2018,14,2,4,3,,1,0,Asphalt,1,1,1,30,3,2,2,5,0,0,0,0,true,false,true,true,false,false,false,false,false,false,false,false,false,true,false,false,false,false,false,false,false,false,-83.12486,42.44652,"{
  ""coordinates"": [
    -8.312486286601460e+01,
    4.244652243052220e+01
  ],
  ""type"": ""Point""
}","{
  ""coordinates"": [
    -83.124862866,
    42.446522431
  ],
  ""type"": ""Point""
}",-83.1248628659999,42.4465224310001
4274,1257211,8552 ROSELAWN,JOY,2018-01-01,1,1,2018,8,2,1,9,,,1,,98,98,98,15,1,1,0,5,0,0,0,0,true,false,false,false,true,false,false,false,false,false,false,true,false,false,false,false,false,false,false,false,false,false,-83.14964,42.3598,"{
  ""coordinates"": [
    -8.314964577673410e+01,
    4.235980394612030e+01
  ],
  ""type"": ""Point""
}","{
  ""coordinates"": [
    -83.149645777,
    42.359803946
  ],
  ""type"": ""Point""
}",-83.149645777,42.3598039460001
4275,1250692,FORT,S I 75,2018-01-01,1,1,2018,4,2,1,3,,1,0,Concrete,1,1,4,35,4,1,1,4,0,0,0,1,false,false,false,false,false,false,false,false,false,true,false,false,false,false,false,false,false,false,false,false,false,false,-83.15372,42.27826,"{
  ""coordinates"": [
    -8.315371703978900e+01,
    4.227825813481820e+01
  ],
  ""type"": ""Point""
}","{
  ""coordinates"": [
    -83.15371704,
    42.278258135
  ],
  ""type"": ""Point""
}",-83.1537170399999,42.278258135
4276,1250710,MCNICHOLS,MURRAY,2018-01-01,1,1,2018,23,2,6,9,,2,0,Asphalt,1,1,4,35,4,2,2,5,0,0,0,0,true,false,false,false,false,false,false,false,false,false,false,false,false,false,false,false,false,false,false,false,false,false,-83.20824,42.41578,"{
  ""coordinates"": [
    -8.320824305324990e+01,
    4.241577962596510e+01
  ],
  ""type"": ""Point""
}","{
  ""coordinates"": [
    -83.208243053,
    42.415779626
  ],
  ""type"": ""Point""
}",-83.208243053,42.4157796260001
4277,1250733,OUTER,ILENE,2018-01-01,1,1,2018,20,2,5,9,,2,0,Asphalt,4,1,4,30,4,4,0,5,0,0,0,0,true,false,false,false,true,false,false,false,false,false,false,false,false,false,false,false,false,false,false,false,false,false,-83.16399,42.43492,"{
  ""coordinates"": [
    -8.316399184331161e+01,
    4.243491758793200e+01
  ],
  ""type"": ""Point""
}","{
  ""coordinates"": [
    -83.163991843,
    42.434917588
  ],
  ""type"": ""Point""
}",-83.163991843,42.4349175880001
4278,1250681,ROBSON,FLORENCE,2018-01-01,1,1,2018,5,2,5,9,,,3,,4,1,2,,1,2,0,5,0,0,0,0,true,false,false,false,true,false,false,false,false,true,false,false,false,true,false,false,false,false,false,false,false,false,-83.19305,42.41128,"{
  ""coordinates"": [
    -8.319305068332980e+01,
    4.241127752699900e+01
  ],
  ""type"": ""Point""
}","{
  ""coordinates"": [
    -83.193050683,
    42.411277527
  ],
  ""type"": ""Point""
}",-83.193050683,42.411277527
4279,1250678,RAMP 008K,E I 96 CD,2018-01-01,1,1,2018,3,2,1,1,,1,1,Concrete,1,1,4,25,1,1,1,5,0,0,0,0,true,false,false,false,false,false,false,false,false,true,false,false,false,false,false,false,false,false,false,false,false,false,-83.22317,42.37794,"{
  ""coordinates"": [
    -8.322316739141721e+01,
    4.237793748082930e+01
  ],
  ""type"": ""Point""
}","{
  ""coordinates"": [
    -83.223167391,
    42.377937481
  ],
  ""type"": ""Point""
}",-83.2231673909999,42.3779374810001
4280,1251943,VAUGHAN,GRAND RIVER,2018-01-01,1,1,2018,21,2,2,3,,,2,,4,5,5,25,1,2,0,5,0,0,0,0,true,false,false,false,true,false,false,false,false,false,false,false,false,false,false,false,false,false,false,false,false,false,-83.23904,42.40919,"{
  ""coordinates"": [
    -8.323903728258151e+01,
    4.240918990198290e+01
  ],
  ""type"": ""Point""
}","{
  ""coordinates"": [
    -83.239037283,
    42.409189902
  ],
  ""type"": ""Point""
}",-83.239037283,42.409189902
4281,1251927,MACK,GARLAND,2018-01-01,1,1,2018,13,2,5,9,,4,0,Asphalt,1,1,1,30,2,2,2,5,0,0,0,0,true,false,false,false,false,false,false,false,false,false,false,false,false,true,false,false,false,false,false,false,false,false,-82.98745,42.37511,"{
  ""coordinates"": [
    -8.298745186843070e+01,
    4.237510503114410e+01
  ],
  ""type"": ""Point""
}","{
  ""coordinates"": [
    -82.987451868,
    42.375105031
  ],
  ""type"": ""Point""
}",-82.9874518679999,42.375105031
4282,1250694,ADDISON,E I 94,2018-01-01,1,1,2018,21,2,4,1,,4,0,Concrete,1,1,4,25,2,2,1,5,0,0,0,0,true,false,false,false,true,false,false,false,false,false,false,false,false,false,false,false,false,false,false,false,false,false,-83.151,42.33012,"{
  ""coordinates"": [
    -8.315099891633240e+01,
    4.233011495674220e+01
  ],
  ""type"": ""Point""
}","{
  ""coordinates"": [
    -83.150998916,
    42.330114957
  ],
  ""type"": ""Point""
}",-83.1509989159999,42.330114957
4283,1251923,WHYKES,MAJESTIC,2018-01-01,1,1,2018,2,2,98,9,,,3,,98,98,98,25,2,2,0,5,0,0,0,0,true,false,false,false,true,false,false,false,false,false,false,false,false,false,false,false,false,false,false,false,false,false,-83.14177,42.34681,"{
  ""coordinates"": [
    -8.314176753590900e+01,
    4.234680945450280e+01
  ],
  ""type"": ""Point""
}","{
  ""coordinates"": [
    -83.141767536,
    42.346809455
  ],
  ""type"": ""Point""
}",-83.141767536,42.346809455
4284,1250677,W I 96,ELMHURST,2018-01-01,1,1,2018,0,2,1,1,,1,1,Asphalt,1,1,4,55,3,1,2,5,0,0,0,0,true,false,false,false,false,false,false,false,false,true,false,false,false,false,false,false,false,false,false,false,false,false,-83.14619,42.37576,"{
  ""coordinates"": [
    -8.314619445641550e+01,
    4.237575706202010e+01
  ],
  ""type"": ""Point""
}","{
  ""coordinates"": [
    -83.146194456,
    42.375757062
  ],
  ""type"": ""Point""
}",-83.146194456,42.375757062
4285,1250731,CONANT,CHARLES,2018-01-01,1,1,2018,16,2,5,9,,4,0,Asphalt,1,1,1,35,1,2,1,5,0,0,0,0,true,false,false,false,true,false,false,false,false,false,false,false,false,false,false,false,false,false,false,false,false,false,-83.05886,42.41162,"{
  ""coordinates"": [
    -8.305885874440909e+01,
    4.241162568139640e+01
  ],
  ""type"": ""Point""
}","{
  ""coordinates"": [
    -83.058858744,
    42.411625681
  ],
  ""type"": ""Point""
}",-83.058858744,42.411625681
4286,1250691,DIX,OAKWOOD,2018-01-01,1,1,2018,2,2,98,9,,2,0,Asphalt,2,1,5,35,4,2,1,2,0,1,0,0,false,false,false,false,true,false,false,false,false,false,false,false,false,false,false,false,false,false,false,false,false,false,-83.15611,42.29095,"{
  ""coordinates"": [
    -8.315610180899350e+01,
    4.229095218233240e+01
  ],
  ""type"": ""Point""
}","{
  ""coordinates"": [
    -83.156101809,
    42.290952182
  ],
  ""type"": ""Point""
}",-83.1561018089999,42.2909521820001
4287,1250690,CENTRAL,E I 94,2018-01-01,1,1,2018,9,2,1,9,,4,1,Asphalt,2,1,1,25,2,1,1,4,0,0,0,1,false,false,false,false,false,false,false,false,false,false,false,false,false,false,false,false,false,false,false,false,false,false,-83.13835,42.33223,"{
  ""coordinates"": [
    -8.313835144750040e+01,
    4.233223155181350e+01
  ],
  ""type"": ""Point""
}","{
  ""coordinates"": [
    -83.138351448,
    42.332231552
  ],
  ""type"": ""Point""
}",-83.138351448,42.3322315520001
4288,1348032,BASSETT,DOWNING,2018-04-12,12,4,2018,8,5,10,9,,,0,,2,4,1,25,1,2,2,5,0,0,0,0,true,false,false,false,false,false,false,false,false,false,false,false,false,false,false,true,false,false,false,false,false,false,-83.15022,42.26865,"{
  ""coordinates"": [
    -8.315021947794671e+01,
    4.226864623219990e+01
  ],
  ""type"": ""Point""
}","{
  ""coordinates"": [
    -83.150219478,
    42.268646232
  ],
  ""type"": ""Point""
}",-83.1502194779999,42.268646232
4289,1349209,MACK,BEAUBIEN,2018-04-12,12,4,2018,22,5,3,9,,4,0,Asphalt,1,1,4,35,2,2,2,5,0,0,0,0,true,false,false,false,false,false,false,false,false,false,false,false,false,false,true,false,false,false,false,false,false,false,-83.05241,42.34971,"{
  ""coordinates"": [
    -8.305240743558559e+01,
    4.234970969392090e+01
  ],
  ""type"": ""Point""
}","{
  ""coordinates"": [
    -83.052407436,
    42.349709694
  ],
  ""type"": ""Point""
}",-83.052407436,42.3497096940001
4290,1349289,DAVISON,DEXTER,2018-04-12,12,4,2018,15,5,3,3,,1,0,Asphalt,1,1,1,35,6,2,2,4,0,0,0,1,false,false,false,false,false,false,false,false,false,false,false,false,false,false,false,false,false,false,false,false,false,false,-83.13087,42.38974,"{
  ""coordinates"": [
    -8.313087251518870e+01,
    4.238974320806730e+01
  ],
  ""type"": ""Point""
}","{
  ""coordinates"": [
    -83.130872515,
    42.389743208
  ],
  ""type"": ""Point""
}",-83.130872515,42.389743208
4291,1348038,WARWICK,PLYMOUTH,2018-04-12,12,4,2018,16,5,5,9,,,0,,1,1,1,25,3,2,4,5,0,0,0,0,true,false,false,false,false,false,false,false,false,false,false,false,false,false,false,false,false,false,false,false,false,false,-83.2277,42.37199,"{
  ""coordinates"": [
    -8.322769622750850e+01,
    4.237199585276470e+01
  ],
  ""type"": ""Point""
}","{
  ""coordinates"": [
    -83.227696228,
    42.371995853
  ],
  ""type"": ""Point""
}",-83.227696228,42.371995853
4292,1351313,DAVISON,14TH,2018-04-12,12,4,2018,2,5,5,3,,1,0,Asphalt,1,1,4,35,3,2,2,4,0,0,0,1,false,false,false,false,false,false,false,false,false,false,false,true,false,true,false,false,false,false,false,false,false,false,-83.11604,42.39524,"{
  ""coordinates"": [
    -8.311603954692799e+01,
    4.239523879293810e+01
  ],
  ""type"": ""Point""
}","{
  ""coordinates"": [
    -83.116039547,
    42.395238793
  ],
  ""type"": ""Point""
}",-83.116039547,42.395238793
4293,1349223,WATERMAN,GOLDSMITH,2018-04-12,12,4,2018,20,5,4,9,,4,0,Asphalt,1,2,4,25,2,2,6,5,0,0,0,0,true,false,false,false,false,false,false,false,false,false,false,false,false,false,true,false,false,false,false,false,false,false,-83.11382,42.31204,"{
  ""coordinates"": [
    -8.311382587947820e+01,
    4.231204088857820e+01
  ],
  ""type"": ""Point""
}","{
  ""coordinates"": [
    -83.113825879,
    42.312040889
  ],
  ""type"": ""Point""
}",-83.113825879,42.3120408890001
4294,1348042,HARPER,ELLERY,2018-04-12,12,4,2018,13,5,98,1,,4,0,Concrete,1,1,1,25,1,2,1,5,0,0,0,0,true,false,false,false,true,false,false,false,false,false,false,false,false,false,false,false,false,false,false,false,false,false,-83.03582,42.37784,"{
  ""coordinates"": [
    -8.303582082678720e+01,
    4.237784065124340e+01
  ],
  ""type"": ""Point""
}","{
  ""coordinates"": [
    -83.035820827,
    42.377840651
  ],
  ""type"": ""Point""
}",-83.035820827,42.377840651
4295,1350288,WYOMING,FLORENCE,2018-04-12,12,4,2018,22,5,5,9,,4,3,Asphalt,1,1,4,30,3,2,4,2,0,2,1,0,false,false,false,false,false,false,false,true,false,false,false,false,false,false,false,false,false,false,false,false,false,false,-83.16009,42.41159,"{
  ""coordinates"": [
    -8.316008827167060e+01,
    4.241159181829190e+01
  ],
  ""type"": ""Point""
}","{
  ""coordinates"": [
    -83.160088272,
    42.411591818
  ],
  ""type"": ""Point""
}",-83.1600882719999,42.411591818
4296,1348027,SCHAEFER,TYLER,2018-04-12,12,4,2018,7,5,5,1,,4,0,Asphalt,2,4,1,35,5,2,3,5,0,0,0,0,true,false,false,false,false,false,false,false,false,false,false,false,false,false,false,false,false,false,false,false,false,false,-83.17839,42.38409,"{
  ""coordinates"": [
    -8.317839355714980e+01,
    4.238409096843800e+01
  ],
  ""type"": ""Point""
}","{
  ""coordinates"": [
    -83.178393557,
    42.384090968
  ],
  ""type"": ""Point""
}",-83.1783935569999,42.3840909680001
4297,1348046,MADDELEIN,REDMOND,2018-04-12,12,4,2018,15,5,8,9,,,3,,1,1,1,25,2,2,1,5,0,0,0,0,true,false,false,false,false,false,false,false,false,false,false,false,false,false,false,false,false,false,false,false,false,false,-82.95543,42.43651,"{
  ""coordinates"": [
    -8.295543163589940e+01,
    4.243651064494850e+01
  ],
  ""type"": ""Point""
}","{
  ""coordinates"": [
    -82.955431636,
    42.436510645
  ],
  ""type"": ""Point""
}",-82.955431636,42.4365106450001
4298,1352474,7 MILE,MOUNT ELLIOTT,2018-04-12,12,4,2018,22,5,5,9,,4,0,Asphalt,1,1,4,35,4,2,2,5,0,0,0,0,true,false,false,false,false,false,false,false,false,false,false,false,false,false,false,false,false,false,false,false,false,false,-83.04357,42.43357,"{
  ""coordinates"": [
    -8.304357149895010e+01,
    4.243357106500820e+01
  ],
  ""type"": ""Point""
}","{
  ""coordinates"": [
    -83.043571499,
    42.433571065
  ],
  ""type"": ""Point""
}",-83.0435714989999,42.4335710650001
4299,1351184,W I 96,WYOMING,2018-04-12,12,4,2018,8,5,1,1,,1,1,Concrete,2,1,1,55,3,1,1,5,0,0,0,0,true,false,false,false,false,false,false,false,false,true,false,false,false,false,false,false,false,false,false,false,false,false,-83.1584,42.38542,"{
  ""coordinates"": [
    -8.315839995039789e+01,
    4.238541951117980e+01
  ],
  ""type"": ""Point""
}","{
  ""coordinates"": [
    -83.15839995,
    42.385419511
  ],
  ""type"": ""Point""
}",-83.15839995,42.3854195110001
4300,1348052,OUTER,RYAN,2018-04-12,12,4,2018,1,5,4,9,,2,0,Asphalt,1,1,4,35,6,2,4,4,0,0,0,1,false,false,true,true,false,false,false,false,false,false,false,false,false,false,false,false,false,false,false,false,false,false,-83.06358,42.44033,"{
  ""coordinates"": [
    -8.306357840429010e+01,
    4.244032776010050e+01
  ],
  ""type"": ""Point""
}","{
  ""coordinates"": [
    -83.063578404,
    42.44032776
  ],
  ""type"": ""Point""
}",-83.0635784039999,42.4403277600001
4301,1349194,WOODWARD,BETHUNE,2018-04-12,12,4,2018,16,5,5,3,,1,0,Asphalt,1,1,1,35,4,2,2,5,0,0,0,0,true,false,false,false,false,false,false,false,false,false,false,false,false,false,false,false,false,false,false,false,false,false,-83.07473,42.3724,"{
  ""coordinates"": [
    -8.307473116632841e+01,
    4.237240396382810e+01
  ],
  ""type"": ""Point""
}","{
  ""coordinates"": [
    -83.074731166,
    42.372403964
  ],
  ""type"": ""Point""
}",-83.0747311659999,42.3724039640001
4302,1351135,W M 8,RAMP 139G,2018-04-12,12,4,2018,9,5,8,3,,1,0,Concrete,1,2,1,55,3,2,0,5,0,0,0,0,true,false,false,false,true,false,false,false,false,true,false,false,false,false,false,false,true,false,false,false,false,false,-83.15265,42.38514,"{
  ""coordinates"": [
    -8.315264675938710e+01,
    4.238513688880600e+01
  ],
  ""type"": ""Point""
}","{
  ""coordinates"": [
    -83.152646759,
    42.385136889
  ],
  ""type"": ""Point""
}",-83.1526467589999,42.3851368890001
4303,1352412,GREENFIELD,PLYMOUTH,2018-04-12,12,4,2018,13,5,8,9,,2,0,Asphalt,1,1,1,35,4,2,2,5,0,0,0,0,true,false,false,false,false,false,false,false,false,false,false,false,false,true,false,false,false,false,false,false,false,false,-83.19755,42.37235,"{
  ""coordinates"": [
    -8.319755111636820e+01,
    4.237235031850060e+01
  ],
  ""type"": ""Point""
}","{
  ""coordinates"": [
    -83.197551116,
    42.372350319
  ],
  ""type"": ""Point""
}",-83.1975511159999,42.3723503190001
4304,1349198,GRAND,S M 10,2018-04-12,12,4,2018,12,5,1,9,,4,0,Concrete,1,1,1,30,4,1,1,5,0,0,0,0,true,false,false,false,false,false,false,false,false,false,false,false,false,false,false,false,false,false,false,false,false,false,-83.08181,42.36697,"{
  ""coordinates"": [
    -8.308181284272570e+01,
    4.236697508888400e+01
  ],
  ""type"": ""Point""
}","{
  ""coordinates"": [
    -83.081812843,
    42.366975089
  ],
  ""type"": ""Point""
}",-83.081812843,42.3669750890001