ObjectId,Crash ID,Primary Road,Intersecting Road,Crash Date,Day,Month,Year,Hour,Weekday,Crash Type Code,Highway Classification Code,Community Code,Jurisdiction Code,Lane Departure Type Code,Surface Type,Road Condition,Weather Condition,Lighting Condition,Speed Limit,Lanes,Units,Occupants,Most Severe Injury,Fatal Injuries,Suspected Serious Injuries,Suspected Minor Injuries,Possible Injuries,Property Damage Only,Secondary Crash,Traffic Control,Red Light Run,Hit and Run,Alcohol,Drugs,Unbelted Person,Work Zone,Speeding Driver,Distracted Driver,Driveway,Pedestrian,Elderly Driver,Young Driver,Commercial Vehicle,Emergency Vehicles,Train,School Bus,Motorcycle,Bicycle,Deer,Longitude,Latitude,geom,geog,x,y
4305,1349174,S M 39,7 MILE,2018-04-12,12,4,2018,18,5,8,3,,1,0,Concrete,1,1,1,55,3,2,3,5,0,0,0,0,true,false,false,false,false,false,false,false,false,false,false,false,false,true,false,false,false,false,false,false,false,false,-83.21946,42.43143,"{
  ""coordinates"": [
    -8.321946185344140e+01,
    4.243143284552500e+01
  ],
  ""type"": ""Point""
}","{
  ""coordinates"": [
    -83.219461853,
    42.431432846
  ],
  ""type"": ""Point""
}",-83.219461853,42.4314328460001
4306,1351171,M-10,PURITAN,2018-04-12,12,4,2018,1,5,1,3,,1,1,Concrete,1,1,4,55,3,1,1,3,0,0,1,0,false,false,false,false,false,true,false,true,false,false,false,false,false,false,false,false,false,false,false,false,false,false,-83.16615,42.41077,"{
  ""coordinates"": [
    -8.316615011987911e+01,
    4.241077518119640e+01
  ],
  ""type"": ""Point""
}","{
  ""coordinates"": [
    -83.16615012,
    42.410775181
  ],
  ""type"": ""Point""
}",-83.1661501199999,42.4107751810001
4307,1354006,N M 39 SERVICE DRIVE,TIREMAN,2018-04-12,12,4,2018,17,5,5,9,,4,0,Asphalt,1,1,1,,2,2,2,5,0,0,0,0,true,false,false,false,true,false,false,false,false,false,false,false,false,false,false,false,false,false,false,false,false,false,-83.21594,42.35046,"{
  ""coordinates"": [
    -8.321594047675430e+01,
    4.235045642916930e+01
  ],
  ""type"": ""Point""
}","{
  ""coordinates"": [
    -83.215940477,
    42.350456429
  ],
  ""type"": ""Point""
}",-83.2159404769999,42.3504564290001
4308,1348047,HARPER,BEDFORD,2018-04-12,12,4,2018,10,5,8,9,,4,0,Asphalt,1,1,1,,2,2,1,5,0,0,0,0,true,false,false,false,true,false,false,false,false,false,false,false,false,false,false,false,false,false,false,false,false,false,-82.94581,42.40987,"{
  ""coordinates"": [
    -8.294580861712450e+01,
    4.240987365224320e+01
  ],
  ""type"": ""Point""
}","{
  ""coordinates"": [
    -82.945808617,
    42.409873652
  ],
  ""type"": ""Point""
}",-82.945808617,42.409873652
4309,1351269,6921 ASHTON,WARREN,2018-04-12,12,4,2018,7,5,2,9,,,2,,2,1,1,,1,3,0,5,0,0,0,0,true,false,false,false,true,false,false,false,false,false,true,false,false,false,false,false,false,false,false,false,false,false,-83.21719,42.34376,"{
  ""coordinates"": [
    -8.321718413109480e+01,
    4.234375904634940e+01
  ],
  ""type"": ""Point""
}","{
  ""coordinates"": [
    -83.217184131,
    42.343759046
  ],
  ""type"": ""Point""
}",-83.217184131,42.3437590460001
4310,1352388,JEFFERSON,BEAUBIEN,2018-04-12,12,4,2018,16,5,5,4,,1,0,Asphalt,1,1,1,40,4,2,2,5,0,0,0,0,true,false,false,false,false,false,false,false,false,false,false,false,false,false,false,false,false,false,false,false,false,false,-83.03983,42.33087,"{
  ""coordinates"": [
    -8.303983041584620e+01,
    4.233086928464030e+01
  ],
  ""type"": ""Point""
}","{
  ""coordinates"": [
    -83.039830416,
    42.330869285
  ],
  ""type"": ""Point""
}",-83.039830416,42.3308692850001
4311,1352387,JEFFERSON,BEAUBIEN,2018-04-12,12,4,2018,15,5,5,4,,1,0,Asphalt,1,1,1,40,4,2,3,5,0,0,0,0,true,false,false,false,false,false,false,false,false,false,false,false,false,false,false,false,false,false,false,false,false,false,-83.03973,42.33091,"{
  ""coordinates"": [
    -8.303972539780270e+01,
    4.233091071601500e+01
  ],
  ""type"": ""Point""
}","{
  ""coordinates"": [
    -83.039725398,
    42.330910716
  ],
  ""type"": ""Point""
}",-83.039725398,42.3309107160001
4312,1352463,7 MILE,CRUSADE,2018-04-12,12,4,2018,20,5,10,9,,2,0,Asphalt,1,1,3,35,7,2,3,5,0,0,0,0,true,false,false,false,true,false,false,false,false,false,false,true,false,false,true,false,false,false,false,false,false,false,-82.95952,42.43557,"{
  ""coordinates"": [
    -8.295951520364081e+01,
    4.243557160342840e+01
  ],
  ""type"": ""Point""
}","{
  ""coordinates"": [
    -82.959515204,
    42.435571603
  ],
  ""type"": ""Point""
}",-82.959515204,42.435571603
4313,1351189,M-10,WARREN,2018-04-12,12,4,2018,18,5,5,3,,1,0,Concrete,1,1,1,55,3,2,1,5,0,0,0,0,true,false,false,false,true,false,false,false,false,false,false,false,false,false,false,false,false,false,false,false,false,false,-83.07294,42.35302,"{
  ""coordinates"": [
    -8.307293908872080e+01,
    4.235302072718570e+01
  ],
  ""type"": ""Point""
}","{
  ""coordinates"": [
    -83.072939089,
    42.353020727
  ],
  ""type"": ""Point""
}",-83.072939089,42.3530207270001
4314,1349241,WARWICK,WARREN,2018-04-12,12,4,2018,1,5,2,9,,,2,,1,2,4,25,2,2,2,4,0,0,0,2,false,false,false,false,false,false,false,false,false,false,false,false,false,false,false,false,false,false,false,false,false,false,-83.22684,42.34243,"{
  ""coordinates"": [
    -8.322684530613910e+01,
    4.234242888301230e+01
  ],
  ""type"": ""Point""
}","{
  ""coordinates"": [
    -83.226845306,
    42.342428883
  ],
  ""type"": ""Point""
}",-83.226845306,42.342428883
4315,1348054,N M 10,E I 94,2018-04-12,12,4,2018,17,5,8,3,,1,0,Concrete,1,1,1,65,4,2,2,5,0,0,0,0,true,false,false,false,false,false,false,false,false,false,false,false,false,false,false,false,false,false,false,false,false,false,-83.07588,42.35881,"{
  ""coordinates"": [
    -8.307588521755780e+01,
    4.235881218957360e+01
  ],
  ""type"": ""Point""
}","{
  ""coordinates"": [
    -83.075885218,
    42.35881219
  ],
  ""type"": ""Point""
}",-83.0758852179999,42.35881219
4316,1351097,I-94,I-75,2018-04-12,12,4,2018,12,5,8,1,,1,0,Concrete,1,1,1,55,3,2,3,4,0,0,0,1,false,false,false,false,false,false,false,false,false,false,false,false,false,false,false,true,false,false,false,false,false,false,-83.0565,42.36949,"{
  ""coordinates"": [
    -8.305649715805509e+01,
    4.236948815344860e+01
  ],
  ""type"": ""Point""
}","{
  ""coordinates"": [
    -83.056497158,
    42.369488153
  ],
  ""type"": ""Point""
}",-83.056497158,42.3694881530001
4317,1349234,ABINGTON,CHICAGO,2018-04-12,12,4,2018,0,5,8,9,,,0,,1,1,4,25,2,2,0,5,0,0,0,0,true,false,false,false,true,false,false,false,false,false,false,false,false,false,false,false,false,false,false,false,false,false,-83.21059,42.36512,"{
  ""coordinates"": [
    -8.321058327173580e+01,
    4.236511463152700e+01
  ],
  ""type"": ""Point""
}","{
  ""coordinates"": [
    -83.210583272,
    42.365114632
  ],
  ""type"": ""Point""
}",-83.210583272,42.365114632
4318,1349301,TELEGRAPH,MCNICHOLS,2018-04-12,12,4,2018,19,5,8,2,,1,0,Asphalt,1,1,1,45,4,2,2,3,0,0,1,0,false,false,false,false,false,false,false,false,false,false,false,false,false,false,false,false,false,false,false,false,false,false,-83.27731,42.41239,"{
  ""coordinates"": [
    -8.327730354623181e+01,
    4.241239340488820e+01
  ],
  ""type"": ""Point""
}","{
  ""coordinates"": [
    -83.277303546,
    42.412393405
  ],
  ""type"": ""Point""
}",-83.277303546,42.412393405
4319,1349222,VERNOR,WATERMAN,2018-04-12,12,4,2018,16,5,2,9,,4,0,Asphalt,1,2,1,25,3,2,1,5,0,0,0,0,true,false,false,false,true,false,false,false,false,false,false,false,false,false,false,false,false,false,false,false,false,false,-83.11662,42.3158,"{
  ""coordinates"": [
    -8.311661150138200e+01,
    4.231580109602870e+01
  ],
  ""type"": ""Point""
}","{
  ""coordinates"": [
    -83.116611501,
    42.315801096
  ],
  ""type"": ""Point""
}",-83.116611501,42.315801096
4320,1348020,M-39,JOY,2018-04-12,12,4,2018,18,5,5,3,,1,0,Asphalt,1,1,1,55,3,2,1,5,0,0,0,0,true,false,false,false,true,false,false,false,false,false,false,false,false,false,false,false,false,false,false,false,false,false,-83.21659,42.35922,"{
  ""coordinates"": [
    -8.321659433762750e+01,
    4.235922381421480e+01
  ],
  ""type"": ""Point""
}","{
  ""coordinates"": [
    -83.216594338,
    42.359223814
  ],
  ""type"": ""Point""
}",-83.2165943379999,42.3592238140001
4321,1349270,MCNICHOLS,ASBURY,2018-04-12,12,4,2018,13,5,4,9,,2,0,Asphalt,1,1,1,35,4,2,4,4,0,0,0,1,false,false,false,false,false,false,false,false,false,false,false,false,false,false,false,false,false,false,false,false,false,false,-83.20903,42.41576,"{
  ""coordinates"": [
    -8.320903361546740e+01,
    4.241576297729540e+01
  ],
  ""type"": ""Point""
}","{
  ""coordinates"": [
    -83.209033615,
    42.415762977
  ],
  ""type"": ""Point""
}",-83.209033615,42.415762977
4322,1349246,OUTER,STAHALIN,2018-04-12,12,4,2018,21,5,8,9,,2,0,Asphalt,1,1,5,35,4,2,1,5,0,0,0,0,true,false,false,false,true,false,false,false,false,false,false,false,false,false,false,false,false,false,false,false,false,false,-83.22718,42.41889,"{
  ""coordinates"": [
    -8.322718062635390e+01,
    4.241889257376830e+01
  ],
  ""type"": ""Point""
}","{
  ""coordinates"": [
    -83.227180626,
    42.418892574
  ],
  ""type"": ""Point""
}",-83.2271806259999,42.418892574
4323,1351194,I-94,BURNS,2018-04-12,12,4,2018,19,5,1,1,,1,0,Asphalt,1,1,3,55,3,1,1,5,0,0,0,0,true,false,false,false,false,false,false,false,false,false,false,false,false,false,false,false,false,false,false,false,false,false,-83.01479,42.38824,"{
  ""coordinates"": [
    -8.301478578120150e+01,
    4.238824003245540e+01
  ],
  ""type"": ""Point""
}","{
  ""coordinates"": [
    -83.014785781,
    42.388240032
  ],
  ""type"": ""Point""
}",-83.0147857809999,42.3882400320001
4324,1351255,EVERGREEN,FENKELL,2018-04-12,12,4,2018,1,5,5,9,,4,0,Asphalt,1,1,4,35,2,2,0,5,0,0,0,0,true,false,false,false,true,false,false,false,false,false,false,true,false,false,false,false,false,false,false,false,false,false,-83.23743,42.4007,"{
  ""coordinates"": [
    -8.323742618079910e+01,
    4.240069867897660e+01
  ],
  ""type"": ""Point""
}","{
  ""coordinates"": [
    -83.237426181,
    42.400698679
  ],
  ""type"": ""Point""
}",-83.237426181,42.4006986790001
4325,1348055,SORRENTO,MIDLAND,2018-04-12,12,4,2018,11,5,2,9,,,2,,1,2,1,25,2,2,1,5,0,0,0,0,true,false,false,false,false,false,false,false,false,false,false,false,false,false,false,false,false,false,false,false,false,false,-83.17276,42.40679,"{
  ""coordinates"": [
    -8.317276071191240e+01,
    4.240679247232330e+01
  ],
  ""type"": ""Point""
}","{
  ""coordinates"": [
    -83.172760712,
    42.406792472
  ],
  ""type"": ""Point""
}",-83.172760712,42.4067924720001
4326,1348033,GRAND,TOLEDO,2018-04-12,12,4,2018,10,5,1,9,,4,1,Concrete,1,2,1,25,2,1,1,5,0,0,0,0,true,false,false,false,false,false,false,false,false,false,false,false,false,false,false,true,false,false,false,false,false,false,-83.092,42.32664,"{
  ""coordinates"": [
    -8.309199425307681e+01,
    4.232664137790790e+01
  ],
  ""type"": ""Point""
}","{
  ""coordinates"": [
    -83.091994253,
    42.326641378
  ],
  ""type"": ""Point""
}",-83.0919942529999,42.326641378
4327,1351122,I-75,LIVERNOIS,2018-04-12,12,4,2018,9,5,5,1,,1,0,Concrete,1,2,1,55,3,2,12,5,0,0,0,0,true,false,false,false,false,false,false,false,true,false,false,false,false,false,true,false,false,false,false,false,false,false,-83.10429,42.30748,"{
  ""coordinates"": [
    -8.310428988734429e+01,
    4.230747865910210e+01
  ],
  ""type"": ""Point""
}","{
  ""coordinates"": [
    -83.104289887,
    42.307478659
  ],
  ""type"": ""Point""
}",-83.1042898869999,42.307478659
4328,1349199,MARTIN LUTHER KING JR,LINCOLN,2018-04-12,12,4,2018,15,5,4,9,,4,0,Asphalt,1,1,1,25,3,2,3,5,0,0,0,0,true,false,false,false,true,false,false,false,false,false,false,false,false,false,false,false,false,false,false,false,false,false,-83.07167,42.34223,"{
  ""coordinates"": [
    -8.307166685493949e+01,
    4.234223054490870e+01
  ],
  ""type"": ""Point""
}","{
  ""coordinates"": [
    -83.071666855,
    42.342230545
  ],
  ""type"": ""Point""
}",-83.071666855,42.3422305450001
4329,1349192,WOODWARD,WESTMINISTER,2018-04-12,12,4,2018,18,5,5,3,,1,0,Asphalt,1,2,1,30,7,2,2,5,0,0,0,0,true,false,false,false,false,false,false,false,true,false,false,false,false,false,false,false,false,false,false,false,false,false,-83.08334,42.3852,"{
  ""coordinates"": [
    -8.308334362471911e+01,
    4.238520010897840e+01
  ],
  ""type"": ""Point""
}","{
  ""coordinates"": [
    -83.083343625,
    42.385200109
  ],
  ""type"": ""Point""
}",-83.0833436249999,42.385200109
4330,1348050,WESTFIELD,LIVERNOIS,2018-04-12,12,4,2018,13,5,4,9,,,0,,1,1,1,35,5,2,1,5,0,0,0,0,true,false,true,true,true,false,false,false,false,false,false,false,false,true,false,false,false,false,false,false,false,false,-83.1386,42.36398,"{
  ""coordinates"": [
    -8.313859214259730e+01,
    4.236397656598860e+01
  ],
  ""type"": ""Point""
}","{
  ""coordinates"": [
    -83.138592143,
    42.363976566
  ],
  ""type"": ""Point""
}",-83.138592143,42.3639765660001
4331,1348053,CONANT,7 MILE,2018-04-12,12,4,2018,16,5,3,9,,4,0,Asphalt,1,1,1,30,2,2,6,5,0,0,0,0,true,false,false,false,false,false,false,false,false,false,false,false,false,false,false,false,false,false,false,false,false,false,-83.07381,42.43311,"{
  ""coordinates"": [
    -8.307380375825430e+01,
    4.243311078869120e+01
  ],
  ""type"": ""Point""
}","{
  ""coordinates"": [
    -83.073803758,
    42.433110789
  ],
  ""type"": ""Point""
}",-83.0738037579999,42.4331107890001
4332,1348029,WASHBURN,FULLERTON,2018-04-12,12,4,2018,20,5,8,9,,,0,,1,1,3,25,2,2,5,5,0,0,0,0,true,false,false,false,false,false,false,false,false,false,false,false,false,false,false,false,false,false,false,false,false,false,-83.15992,42.38085,"{
  ""coordinates"": [
    -8.315992247140350e+01,
    4.238084928692260e+01
  ],
  ""type"": ""Point""
}","{
  ""coordinates"": [
    -83.159922471,
    42.380849287
  ],
  ""type"": ""Point""
}",-83.159922471,42.380849287
4333,1351195,W I 96,WYOMING,2018-04-12,12,4,2018,9,5,5,1,,1,0,Concrete,2,1,1,55,3,2,2,5,0,0,0,0,true,true,false,false,false,false,false,false,false,false,false,false,false,false,true,false,false,false,false,false,false,false,-83.15864,42.38542,"{
  ""coordinates"": [
    -8.315863451871201e+01,
    4.238542089743260e+01
  ],
  ""type"": ""Point""
}","{
  ""coordinates"": [
    -83.158634519,
    42.385420897
  ],
  ""type"": ""Point""
}",-83.158634519,42.3854208970001
4334,1350256,COYLE,TIREMAN,2018-04-12,12,4,2018,20,5,10,9,,,0,,1,1,3,25,2,2,3,5,0,0,0,0,true,false,false,false,true,false,false,false,false,false,false,false,false,false,false,false,false,false,false,false,false,false,-83.19234,42.3511,"{
  ""coordinates"": [
    -8.319233821889310e+01,
    4.235110216738100e+01
  ],
  ""type"": ""Point""
}","{
  ""coordinates"": [
    -83.192338219,
    42.351102167
  ],
  ""type"": ""Point""
}",-83.192338219,42.3511021670001
4335,1351289,MCNICHOLS,VAUGHAN,2018-04-12,12,4,2018,14,5,4,9,,2,0,Asphalt,1,1,1,35,4,2,1,5,0,0,0,0,true,true,false,false,true,false,false,false,false,false,false,false,false,false,false,false,false,false,false,false,false,false,-83.23911,42.41516,"{
  ""coordinates"": [
    -8.323911053680850e+01,
    4.241515837955090e+01
  ],
  ""type"": ""Point""
}","{
  ""coordinates"": [
    -83.239110537,
    42.41515838
  ],
  ""type"": ""Point""
}",-83.239110537,42.41515838
4336,1351215,LAFAYETTE,BEABUIEN,2018-04-12,12,4,2018,3,5,5,9,,4,0,Asphalt,1,1,4,35,3,2,1,5,0,0,0,0,true,false,false,false,false,false,false,false,false,false,false,false,false,false,false,false,false,false,false,false,false,false,-83.04208,42.33397,"{
  ""coordinates"": [
    -8.304207808827350e+01,
    4.233396664317280e+01
  ],
  ""type"": ""Point""
}","{
  ""coordinates"": [
    -83.042078088,
    42.333966643
  ],
  ""type"": ""Point""
}",-83.042078088,42.3339666430001
4337,1349288,GREENWAY,NORTHFIELD,2018-04-12,12,4,2018,11,5,98,9,,,0,,98,98,98,15,1,2,0,5,0,0,0,0,true,false,false,false,true,false,false,false,false,false,false,false,false,false,false,false,false,false,false,false,false,false,-83.13627,42.36306,"{
  ""coordinates"": [
    -8.313626716287810e+01,
    4.236305501313440e+01
  ],
  ""type"": ""Point""
}","{
  ""coordinates"": [
    -83.136267163,
    42.363055013
  ],
  ""type"": ""Point""
}",-83.136267163,42.3630550130001
4338,1349181,I 94 W/B,LINWOOD,2018-04-12,12,4,2018,17,5,8,1,,1,0,Asphalt,1,2,1,55,3,2,2,5,0,0,0,0,true,false,false,false,false,false,false,false,false,false,false,false,false,false,false,false,false,false,false,false,false,false,-83.09019,42.35305,"{
  ""coordinates"": [
    -8.309019615148399e+01,
    4.235305046933010e+01
  ],
  ""type"": ""Point""
}","{
  ""coordinates"": [
    -83.090196151,
    42.353050469
  ],
  ""type"": ""Point""
}",-83.090196151,42.353050469
4339,1351134,RAMP 139G,W M 8,2018-04-12,12,4,2018,9,5,5,1,,1,0,Asphalt,1,2,1,55,3,2,2,5,0,0,0,0,true,false,false,false,false,false,false,false,false,false,false,false,false,false,false,false,false,false,false,false,false,false,-83.15298,42.3852,"{
  ""coordinates"": [
    -8.315298379022580e+01,
    4.238519788756880e+01
  ],
  ""type"": ""Point""
}","{
  ""coordinates"": [
    -83.15298379,
    42.385197888
  ],
  ""type"": ""Point""
}",-83.15298379,42.3851978880001
4340,1349180,I 94 W/B,CECIL,2018-04-12,12,4,2018,17,5,8,1,,1,0,Asphalt,1,2,1,55,3,2,2,5,0,0,0,0,true,false,false,false,false,false,false,false,false,false,true,false,false,false,false,false,false,false,false,false,false,false,-83.13227,42.33456,"{
  ""coordinates"": [
    -8.313226769600070e+01,
    4.233456242149110e+01
  ],
  ""type"": ""Point""
}","{
  ""coordinates"": [
    -83.132267696,
    42.334562421
  ],
  ""type"": ""Point""
}",-83.132267696,42.334562421
4341,1349228,CHALMERS,MACK,2018-04-12,12,4,2018,12,5,9,9,,4,2,Asphalt,1,1,1,25,1,2,2,4,0,0,0,1,false,false,false,false,false,false,false,false,false,false,true,false,false,false,false,false,false,false,false,false,false,false,-82.95297,42.3865,"{
  ""coordinates"": [
    -8.295296985264321e+01,
    4.238650087164270e+01
  ],
  ""type"": ""Point""
}","{
  ""coordinates"": [
    -82.952969853,
    42.386500872
  ],
  ""type"": ""Point""
}",-82.952969853,42.3865008720001
4342,1351260,CHAPEL,VASSAR,2018-04-12,12,4,2018,0,5,8,9,,,0,,1,1,4,25,2,2,0,5,0,0,0,0,true,false,false,false,true,false,false,false,false,false,false,false,false,false,false,false,false,false,false,false,false,false,-83.25478,42.43267,"{
  ""coordinates"": [
    -8.325478046788641e+01,
    4.243267489821730e+01
  ],
  ""type"": ""Point""
}","{
  ""coordinates"": [
    -83.254780468,
    42.432674898
  ],
  ""type"": ""Point""
}",-83.254780468,42.4326748980001
4343,1353976,N M 10,E I 94,2018-04-12,12,4,2018,17,5,8,3,,1,0,Concrete,1,1,1,65,4,2,2,5,0,0,0,0,true,false,false,false,false,false,false,false,false,false,false,false,false,false,false,false,false,false,false,false,false,false,-83.07589,42.35883,"{
  ""coordinates"": [
    -8.307589304535850e+01,
    4.235882547667810e+01
  ],
  ""type"": ""Point""
}","{
  ""coordinates"": [
    -83.075893045,
    42.358825477
  ],
  ""type"": ""Point""
}",-83.075893045,42.358825477
4344,1349293,CHARLES,MOENART,2018-04-12,12,4,2018,15,5,4,9,,4,0,Asphalt,1,1,1,30,4,2,2,4,0,0,0,1,false,false,false,false,false,false,false,false,false,false,false,false,false,false,false,false,false,false,false,true,false,false,-83.04975,42.41172,"{
  ""coordinates"": [
    -8.304974888072120e+01,
    4.241172244468050e+01
  ],
  ""type"": ""Point""
}","{
  ""coordinates"": [
    -83.049748881,
    42.411722445
  ],
  ""type"": ""Point""
}",-83.049748881,42.4117224450001
4345,1349282,CORBETT,BARRETT,2018-04-12,12,4,2018,22,5,98,9,,,0,,1,1,4,25,2,2,0,5,0,0,0,0,true,false,false,false,true,false,false,true,false,false,false,true,false,false,false,false,false,false,false,false,false,false,-82.98692,42.40269,"{
  ""coordinates"": [
    -8.298692562324720e+01,
    4.240269287297780e+01
  ],
  ""type"": ""Point""
}","{
  ""coordinates"": [
    -82.986925623,
    42.402692873
  ],
  ""type"": ""Point""
}",-82.986925623,42.402692873
4346,1371464,S I 75 SERVICE DRIVE,PORTER,2018-04-12,12,4,2018,0,5,5,9,,4,0,Asphalt,1,1,4,25,2,2,3,5,0,0,0,0,true,false,false,false,false,false,false,false,false,false,false,false,false,false,false,false,true,false,false,false,false,false,-83.08342,42.32077,"{
  ""coordinates"": [
    -8.308342254470340e+01,
    4.232076783384750e+01
  ],
  ""type"": ""Point""
}","{
  ""coordinates"": [
    -83.083422545,
    42.320767834
  ],
  ""type"": ""Point""
}",-83.083422545,42.320767834
4347,1351114,S/B I 75,MCHICHOLS,2018-04-12,12,4,2018,16,5,5,1,,1,0,Asphalt,1,2,1,70,4,2,2,5,0,0,0,0,true,false,false,false,false,false,false,false,false,false,false,false,false,false,false,false,false,false,false,false,false,false,-83.08825,42.41846,"{
  ""coordinates"": [
    -8.308824905768540e+01,
    4.241845839414050e+01
  ],
  ""type"": ""Point""
}","{
  ""coordinates"": [
    -83.088249058,
    42.418458394
  ],
  ""type"": ""Point""
}",-83.088249058,42.418458394
4348,1351156,M-39,SCHOOLCRAFT,2018-04-12,12,4,2018,15,5,5,3,,1,0,Asphalt,1,1,1,55,3,3,2,5,0,0,0,0,true,false,false,false,true,false,false,false,false,false,false,false,false,false,false,false,false,false,false,false,false,false,-83.21778,42.38816,"{
  ""coordinates"": [
    -8.321778337470280e+01,
    4.238815522025250e+01
  ],
  ""type"": ""Point""
}","{
  ""coordinates"": [
    -83.217783375,
    42.38815522
  ],
  ""type"": ""Point""
}",-83.217783375,42.38815522
4349,1352363,S/B I-75,DAVISON,2018-04-12,12,4,2018,8,5,5,1,,1,0,Asphalt,2,2,1,55,4,5,5,5,0,0,0,0,true,false,false,false,false,false,false,false,false,false,false,false,false,false,false,false,false,false,false,false,false,false,-83.07831,42.40754,"{
  ""coordinates"": [
    -8.307831084188091e+01,
    4.240754422244280e+01
  ],
  ""type"": ""Point""
}","{
  ""coordinates"": [
    -83.078310842,
    42.407544222
  ],
  ""type"": ""Point""
}",-83.078310842,42.4075442220001
4350,1348031,I75,SCHAEFER,2018-04-12,12,4,2018,4,5,8,1,,1,0,Concrete,2,4,4,55,4,2,2,5,0,0,0,0,true,false,false,false,false,false,false,false,false,false,false,false,false,false,false,false,false,false,false,false,false,false,-83.15579,42.2773,"{
  ""coordinates"": [
    -8.315579286950000e+01,
    4.227730252734140e+01
  ],
  ""type"": ""Point""
}","{
  ""coordinates"": [
    -83.15579287,
    42.277302527
  ],
  ""type"": ""Point""
}",-83.15579287,42.2773025270001
4351,1349259,GREENFIELD,MCNICHOLS,2018-04-12,12,4,2018,20,5,9,9,,2,2,Asphalt,1,1,1,35,5,2,2,5,0,0,0,0,true,false,false,false,false,false,false,false,false,false,false,false,false,true,false,false,false,false,false,false,false,false,-83.19932,42.41601,"{
  ""coordinates"": [
    -8.319931729434300e+01,
    4.241600825008130e+01
  ],
  ""type"": ""Point""
}","{
  ""coordinates"": [
    -83.199317294,
    42.41600825
  ],
  ""type"": ""Point""
}",-83.199317294,42.4160082500001
4352,1394496,I-75,GRAND,2018-04-12,12,4,2018,16,5,5,1,,1,0,Asphalt,2,4,1,55,4,3,5,5,0,0,0,0,true,false,false,false,false,false,false,false,false,false,false,false,false,false,false,false,false,false,false,false,false,false,-83.0595,42.37307,"{
  ""coordinates"": [
    -8.305950174285140e+01,
    4.237306714576590e+01
  ],
  ""type"": ""Point""
}","{
  ""coordinates"": [
    -83.059501743,
    42.373067146
  ],
  ""type"": ""Point""
}",-83.0595017429999,42.373067146
4353,1352374,RAMP 008M,E I 96 CD,2018-04-12,12,4,2018,16,5,5,1,,1,0,Concrete,1,2,1,55,2,2,2,5,0,0,0,0,true,false,false,false,false,false,false,false,false,false,true,false,false,false,false,false,false,false,false,false,false,false,-83.21808,42.37827,"{
  ""coordinates"": [
    -8.321807556527691e+01,
    4.237827115931000e+01
  ],
  ""type"": ""Point""
}","{
  ""coordinates"": [
    -83.218075565,
    42.378271159
  ],
  ""type"": ""Point""
}",-83.2180755649999,42.3782711590001
4354,1348034,FORT,WASHINGTON,2018-04-12,12,4,2018,13,5,5,3,,1,0,Asphalt,1,1,1,30,4,2,2,5,0,0,0,0,true,false,false,false,false,false,false,false,false,false,false,false,false,false,false,false,true,false,false,false,false,false,-83.0499,42.32964,"{
  ""coordinates"": [
    -8.304989452862530e+01,
    4.232964285383560e+01
  ],
  ""type"": ""Point""
}","{
  ""coordinates"": [
    -83.049894529,
    42.329642854
  ],
  ""type"": ""Point""
}",-83.049894529,42.329642854
4355,1435223,WARREN,I 96,2018-04-12,12,4,2018,8,5,8,9,,4,0,Concrete,2,1,1,25,6,2,3,5,0,0,0,0,true,false,false,false,false,false,false,false,false,false,false,false,false,false,false,false,false,false,false,false,false,false,-83.0964,42.34648,"{
  ""coordinates"": [
    -8.309639970381239e+01,
    4.234648233603660e+01
  ],
  ""type"": ""Point""
}","{
  ""coordinates"": [
    -83.096399704,
    42.346482336
  ],
  ""type"": ""Point""
}",-83.096399704,42.3464823360001
4356,1348025,GRAND RIVER,BROOKLYN,2018-04-12,12,4,2018,17,5,1,3,,1,1,Asphalt,1,1,1,,4,2,1,2,0,1,0,0,false,true,false,false,false,false,false,true,false,false,false,false,true,false,false,false,false,false,false,false,false,false,-83.06915,42.34056,"{
  ""coordinates"": [
    -8.306915177934710e+01,
    4.234056114702370e+01
  ],
  ""type"": ""Point""
}","{
  ""coordinates"": [
    -83.069151779,
    42.340561147
  ],
  ""type"": ""Point""
}",-83.069151779,42.3405611470001
4357,1351233,JOY,S M 39 SERVICE DRIVE,2018-04-12,12,4,2018,15,5,97,9,,2,0,Asphalt,1,1,1,35,5,2,3,4,0,0,0,3,false,false,true,true,true,false,false,false,false,false,false,false,false,false,false,false,false,false,false,false,false,false,-83.21687,42.35784,"{
  ""coordinates"": [
    -8.321686655723840e+01,
    4.235783841452060e+01
  ],
  ""type"": ""Point""
}","{
  ""coordinates"": [
    -83.216866557,
    42.357838415
  ],
  ""type"": ""Point""
}",-83.2168665569999,42.3578384150001
4358,1351257,MEYER,THATCHER,2018-04-12,12,4,2018,9,5,4,9,,4,0,Asphalt,1,1,1,,2,2,2,5,0,0,0,0,true,false,false,false,false,false,false,false,false,false,false,false,false,false,false,false,false,false,false,false,false,false,-83.17036,42.4222,"{
  ""coordinates"": [
    -8.317036374154191e+01,
    4.242220472974080e+01
  ],
  ""type"": ""Point""
}","{
  ""coordinates"": [
    -83.170363742,
    42.42220473
  ],
  ""type"": ""Point""
}",-83.1703637419999,42.42220473
4359,1348026,GRAND RIVER,MEYERS,2018-04-12,12,4,2018,17,5,8,3,,1,0,Concrete,1,1,1,35,6,2,1,5,0,0,0,0,true,false,false,false,false,false,false,false,false,false,false,false,false,false,false,false,false,false,false,false,false,false,-83.1685,42.38061,"{
  ""coordinates"": [
    -8.316850563370410e+01,
    4.238061322645290e+01
  ],
  ""type"": ""Point""
}","{
  ""coordinates"": [
    -83.168505634,
    42.380613226
  ],
  ""type"": ""Point""
}",-83.168505634,42.380613226