ObjectId,Crash ID,Primary Road,Intersecting Road,Crash Date,Day,Month,Year,Hour,Weekday,Crash Type Code,Highway Classification Code,Community Code,Jurisdiction Code,Lane Departure Type Code,Surface Type,Road Condition,Weather Condition,Lighting Condition,Speed Limit,Lanes,Units,Occupants,Most Severe Injury,Fatal Injuries,Suspected Serious Injuries,Suspected Minor Injuries,Possible Injuries,Property Damage Only,Secondary Crash,Traffic Control,Red Light Run,Hit and Run,Alcohol,Drugs,Unbelted Person,Work Zone,Speeding Driver,Distracted Driver,Driveway,Pedestrian,Elderly Driver,Young Driver,Commercial Vehicle,Emergency Vehicles,Train,School Bus,Motorcycle,Bicycle,Deer,Longitude,Latitude,geom,geog,x,y
4360,1348040,GRATIOT,HARPER,2018-04-12,12,4,2018,8,5,5,3,,1,0,Asphalt,2,4,1,35,5,2,2,5,0,0,0,0,true,false,false,false,false,false,false,false,false,false,false,true,false,true,false,false,false,false,false,false,false,false,-83.00522,42.39315,"{
  ""coordinates"": [
    -8.300521892003459e+01,
    4.239314969932970e+01
  ],
  ""type"": ""Point""
}","{
  ""coordinates"": [
    -83.00521892,
    42.393149699
  ],
  ""type"": ""Point""
}",-83.0052189199999,42.393149699
4361,1348024,BAGLEY,3RD,2018-04-12,12,4,2018,9,5,5,9,,4,0,Asphalt,1,1,1,,2,2,3,4,0,0,0,1,false,false,false,false,false,false,false,false,false,false,true,false,false,false,false,false,false,false,false,false,false,false,-83.05756,42.33237,"{
  ""coordinates"": [
    -8.305755777292821e+01,
    4.233236650195940e+01
  ],
  ""type"": ""Point""
}","{
  ""coordinates"": [
    -83.057557773,
    42.332366502
  ],
  ""type"": ""Point""
}",-83.057557773,42.3323665020001
4362,1348041,W I 94,SAGINAW,2018-04-12,12,4,2018,6,5,5,1,,1,0,Asphalt,2,2,4,35,2,2,3,5,0,0,0,0,true,false,false,false,true,false,false,false,false,false,false,false,false,false,false,false,false,false,false,false,false,false,-83.03448,42.37892,"{
  ""coordinates"": [
    -8.303447425157810e+01,
    4.237892008920000e+01
  ],
  ""type"": ""Point""
}","{
  ""coordinates"": [
    -83.034474252,
    42.378920089
  ],
  ""type"": ""Point""
}",-83.0344742519999,42.3789200890001
4363,1351098,S I 375,GRATIOT,2018-04-11,11,4,2018,9,4,97,1,,1,0,Asphalt,2,5,1,55,3,2,2,4,0,0,0,1,false,false,false,false,false,false,false,false,false,true,false,false,false,false,false,false,false,false,false,false,false,false,-83.04126,42.33953,"{
  ""coordinates"": [
    -8.304126053969129e+01,
    4.233952699897480e+01
  ],
  ""type"": ""Point""
}","{
  ""coordinates"": [
    -83.04126054,
    42.339526999
  ],
  ""type"": ""Point""
}",-83.0412605399999,42.339526999
4364,1355223,FISCHER,GRATIOT,2018-04-11,11,4,2018,3,4,5,3,,,0,,1,1,4,35,4,2,2,5,0,0,0,0,true,false,false,false,false,false,false,false,false,false,false,false,false,false,false,false,false,false,false,false,false,false,-83.01048,42.38515,"{
  ""coordinates"": [
    -8.301047218679670e+01,
    4.238515061010570e+01
  ],
  ""type"": ""Point""
}","{
  ""coordinates"": [
    -83.010472187,
    42.38515061
  ],
  ""type"": ""Point""
}",-83.0104721869999,42.38515061
4365,1347243,WARREN,N I 75,2018-04-11,11,4,2018,9,4,10,9,,4,0,Asphalt,2,2,1,,2,2,2,5,0,0,0,0,true,false,false,false,false,false,false,false,false,false,false,false,false,true,false,false,false,false,false,false,false,false,-83.05424,42.36084,"{
  ""coordinates"": [
    -8.305424148517690e+01,
    4.236083456472820e+01
  ],
  ""type"": ""Point""
}","{
  ""coordinates"": [
    -83.054241485,
    42.360834565
  ],
  ""type"": ""Point""
}",-83.054241485,42.3608345650001
4366,1355050,S/B I-75,DAVIDSON,2018-04-11,11,4,2018,18,4,1,1,,1,0,Asphalt,98,98,98,70,3,1,1,5,0,0,0,0,true,false,false,false,false,false,false,false,false,false,false,false,false,false,false,false,false,false,false,false,false,false,-83.07947,42.40856,"{
  ""coordinates"": [
    -8.307947138054040e+01,
    4.240855695059790e+01
  ],
  ""type"": ""Point""
}","{
  ""coordinates"": [
    -83.079471381,
    42.408556951
  ],
  ""type"": ""Point""
}",-83.079471381,42.408556951
4367,1351109,E I 94,RAMP 222A,2018-04-11,11,4,2018,12,4,1,1,,1,1,Asphalt,1,1,1,55,3,1,1,4,0,0,0,1,false,false,false,false,false,false,false,false,false,true,false,false,false,false,true,false,false,false,false,false,false,false,-82.95094,42.40759,"{
  ""coordinates"": [
    -8.295093174001570e+01,
    4.240759429290740e+01
  ],
  ""type"": ""Point""
}","{
  ""coordinates"": [
    -82.95093174,
    42.407594293
  ],
  ""type"": ""Point""
}",-82.95093174,42.407594293
4368,1349298,PEMBROKE,STOEPEL,2018-04-11,11,4,2018,8,4,8,9,,,0,,1,1,1,,2,2,1,5,0,0,0,0,true,false,false,false,false,false,false,false,false,false,false,false,false,false,false,true,false,false,true,false,false,false,-83.14262,42.43882,"{
  ""coordinates"": [
    -8.314261317612549e+01,
    4.243882041591230e+01
  ],
  ""type"": ""Point""
}","{
  ""coordinates"": [
    -83.142613176,
    42.438820416
  ],
  ""type"": ""Point""
}",-83.1426131759999,42.4388204160001
4369,1355169,I-75,CLAY,2018-04-11,11,4,2018,9,4,5,1,,1,0,Asphalt,1,2,1,55,4,2,3,4,0,0,0,1,false,false,false,false,false,true,true,false,false,false,false,false,false,false,false,false,false,false,false,false,false,false,-83.06371,42.37952,"{
  ""coordinates"": [
    -8.306370277329350e+01,
    4.237951773994360e+01
  ],
  ""type"": ""Point""
}","{
  ""coordinates"": [
    -83.063702773,
    42.37951774
  ],
  ""type"": ""Point""
}",-83.063702773,42.37951774
4370,1346352,PETER HUNT,GRATIOT,2018-04-11,11,4,2018,2,4,2,3,,,2,,1,1,4,25,1,2,1,5,0,0,0,0,true,false,false,false,false,false,false,false,false,false,false,false,false,false,false,false,false,false,false,false,false,false,-83.00459,42.39422,"{
  ""coordinates"": [
    -8.300458734430249e+01,
    4.239422163834610e+01
  ],
  ""type"": ""Point""
}","{
  ""coordinates"": [
    -83.004587344,
    42.394221638
  ],
  ""type"": ""Point""
}",-83.004587344,42.394221638
4371,1346302,RAMP 216A,FERRY,2018-04-11,11,4,2018,8,4,5,1,,1,0,Concrete,1,2,1,30,2,2,2,5,0,0,0,0,true,false,false,false,false,false,false,false,false,false,true,false,false,false,false,false,false,false,false,false,false,false,-83.05696,42.36431,"{
  ""coordinates"": [
    -8.305695773702070e+01,
    4.236430814558310e+01
  ],
  ""type"": ""Point""
}","{
  ""coordinates"": [
    -83.056957737,
    42.364308146
  ],
  ""type"": ""Point""
}",-83.0569577369999,42.364308146
4372,1349316,ANTHONY WAYNE,WARREN,2018-04-11,11,4,2018,17,4,5,9,,4,3,Asphalt,1,1,1,25,2,2,0,5,0,0,0,0,true,false,false,false,true,false,false,false,false,false,false,false,false,false,false,false,false,false,false,false,false,false,-83.07134,42.35497,"{
  ""coordinates"": [
    -8.307134393234629e+01,
    4.235497293090020e+01
  ],
  ""type"": ""Point""
}","{
  ""coordinates"": [
    -83.071343932,
    42.354972931
  ],
  ""type"": ""Point""
}",-83.0713439319999,42.3549729310001
4373,1347255,GRATIOT,BESSEMORE,2018-04-11,11,4,2018,14,4,97,3,,1,0,Asphalt,1,1,1,,3,2,2,5,0,0,0,0,true,false,false,false,true,false,false,false,false,false,false,false,false,false,false,false,false,false,false,false,false,false,-83.00414,42.39479,"{
  ""coordinates"": [
    -8.300413291722940e+01,
    4.239478866946200e+01
  ],
  ""type"": ""Point""
}","{
  ""coordinates"": [
    -83.004132917,
    42.394788669
  ],
  ""type"": ""Point""
}",-83.0041329169999,42.394788669
4374,1439421,MEYERS,CURTIS,2018-04-11,11,4,2018,9,4,8,9,,4,0,Asphalt,1,1,1,30,2,2,2,5,0,0,0,0,true,false,false,false,false,false,false,false,false,false,false,false,false,true,false,false,false,false,false,false,false,false,-83.17044,42.42412,"{
  ""coordinates"": [
    -8.317044267294089e+01,
    4.242411690897500e+01
  ],
  ""type"": ""Point""
}","{
  ""coordinates"": [
    -83.170442673,
    42.424116909
  ],
  ""type"": ""Point""
}",-83.170442673,42.4241169090001
4375,1349318,CANFIELD,I 75 SERVICE,2018-04-11,11,4,2018,11,4,4,9,,4,0,Asphalt,1,1,1,30,6,2,2,5,0,0,0,0,true,false,true,true,false,false,false,false,false,false,false,false,false,false,false,false,false,false,false,false,false,false,-83.05212,42.35639,"{
  ""coordinates"": [
    -8.305212495504141e+01,
    4.235638848079420e+01
  ],
  ""type"": ""Point""
}","{
  ""coordinates"": [
    -83.052124955,
    42.356388481
  ],
  ""type"": ""Point""
}",-83.052124955,42.3563884810001
4376,1346351,IROQUOIS,FOREST,2018-04-11,11,4,2018,1,4,1,9,,,1,,1,2,4,25,1,1,2,3,0,0,2,0,false,false,false,false,false,false,false,false,false,false,false,false,false,false,false,false,false,false,false,false,false,false,-83.00731,42.37561,"{
  ""coordinates"": [
    -8.300731227266260e+01,
    4.237560709222120e+01
  ],
  ""type"": ""Point""
}","{
  ""coordinates"": [
    -83.007312273,
    42.375607092
  ],
  ""type"": ""Point""
}",-83.007312273,42.3756070920001
4377,1348035,LANE,WOODMERE,2018-04-11,11,4,2018,8,4,97,9,,,0,,1,1,1,25,2,2,0,5,0,0,0,0,true,false,false,false,true,false,false,false,false,false,false,false,false,false,false,false,false,false,false,false,false,false,-83.13605,42.30322,"{
  ""coordinates"": [
    -8.313605157631540e+01,
    4.230322001033710e+01
  ],
  ""type"": ""Point""
}","{
  ""coordinates"": [
    -83.136051576,
    42.30322001
  ],
  ""type"": ""Point""
}",-83.1360515759999,42.3032200100001
4378,1347256,SCHOENHERR,TACOMA,2018-04-11,11,4,2018,19,4,4,9,,4,0,Asphalt,1,1,1,30,2,2,2,4,0,0,0,1,false,false,true,false,false,false,false,false,false,false,false,false,false,true,false,false,false,false,false,false,false,false,-82.98537,42.44141,"{
  ""coordinates"": [
    -8.298537823994960e+01,
    4.244141252783670e+01
  ],
  ""type"": ""Point""
}","{
  ""coordinates"": [
    -82.98537824,
    42.441412528
  ],
  ""type"": ""Point""
}",-82.98537824,42.4414125280001
4379,1349193,CANFIELD,CASS,2018-04-11,11,4,2018,15,4,8,9,,4,0,Asphalt,1,2,1,25,2,2,2,5,0,0,0,0,true,false,false,false,false,false,false,false,false,false,false,false,false,false,false,false,false,false,false,false,false,false,-83.06349,42.35184,"{
  ""coordinates"": [
    -8.306349095794280e+01,
    4.235184361879130e+01
  ],
  ""type"": ""Point""
}","{
  ""coordinates"": [
    -83.063490958,
    42.351843619
  ],
  ""type"": ""Point""
}",-83.063490958,42.3518436190001
4380,1351261,GRANDRIVER,BERG,2018-04-11,11,4,2018,18,4,97,3,,1,0,Asphalt,1,1,1,35,6,2,1,2,0,1,0,0,false,false,false,false,false,false,false,false,false,false,false,false,true,false,true,false,false,false,false,false,false,false,-83.26656,42.42017,"{
  ""coordinates"": [
    -8.326656462649029e+01,
    4.242017532354790e+01
  ],
  ""type"": ""Point""
}","{
  ""coordinates"": [
    -83.266564626,
    42.420175324
  ],
  ""type"": ""Point""
}",-83.266564626,42.4201753240001
4381,1347251,BRAMELL,KEELER,2018-04-11,11,4,2018,15,4,4,9,,,0,,1,1,1,25,2,2,2,5,0,0,0,0,true,false,true,false,true,false,false,false,false,false,false,false,false,false,false,false,false,false,false,false,false,false,-83.26445,42.40205,"{
  ""coordinates"": [
    -8.326444907631910e+01,
    4.240205390464540e+01
  ],
  ""type"": ""Point""
}","{
  ""coordinates"": [
    -83.264449076,
    42.402053905
  ],
  ""type"": ""Point""
}",-83.2644490759999,42.4020539050001
4382,1350252,N I 75 SERVICE DRIVE,3RD,2018-04-11,11,4,2018,21,4,8,1,,1,0,Concrete,1,2,4,25,3,2,3,5,0,0,0,0,true,false,false,false,false,false,false,false,false,false,false,false,false,false,false,false,false,false,false,false,false,false,-83.05993,42.33595,"{
  ""coordinates"": [
    -8.305992644202290e+01,
    4.233595112500150e+01
  ],
  ""type"": ""Point""
}","{
  ""coordinates"": [
    -83.059926442,
    42.335951125
  ],
  ""type"": ""Point""
}",-83.0599264419999,42.3359511250001
4383,1349240,8 MILE,BURT,2018-04-11,11,4,2018,10,4,5,3,,1,0,Asphalt,1,1,1,35,4,2,1,5,0,0,0,0,true,false,false,false,true,false,false,false,false,false,false,false,false,true,false,false,false,false,false,false,false,false,-83.24903,42.44349,"{
  ""coordinates"": [
    -8.324902865320270e+01,
    4.244349285555720e+01
  ],
  ""type"": ""Point""
}","{
  ""coordinates"": [
    -83.249028653,
    42.443492856
  ],
  ""type"": ""Point""
}",-83.249028653,42.443492856
4384,1347246,CHICAGO,WYOMIMG,2018-04-11,11,4,2018,17,4,97,9,,4,0,Asphalt,1,1,1,35,3,3,5,5,0,0,0,0,true,false,true,true,false,false,false,false,false,false,false,false,false,false,true,false,false,false,false,false,false,false,-83.15812,42.3662,"{
  ""coordinates"": [
    -8.315811910696270e+01,
    4.236619592932750e+01
  ],
  ""type"": ""Point""
}","{
  ""coordinates"": [
    -83.158119107,
    42.366195929
  ],
  ""type"": ""Point""
}",-83.1581191069999,42.3661959290001
4385,1348048,BUENA VISTA,LAWTON,2018-04-11,11,4,2018,14,4,97,9,,,0,,1,1,1,25,2,2,1,5,0,0,0,0,true,false,false,false,true,false,false,false,false,false,false,false,false,false,false,false,false,false,false,false,false,false,-83.12289,42.3901,"{
  ""coordinates"": [
    -8.312288302033571e+01,
    4.239009784276300e+01
  ],
  ""type"": ""Point""
}","{
  ""coordinates"": [
    -83.12288302,
    42.390097843
  ],
  ""type"": ""Point""
}",-83.12288302,42.390097843
4386,1351254,SOUTHFIELD,ARCASIA,2018-04-11,11,4,2018,8,4,5,9,,4,0,Asphalt,2,4,1,25,2,2,2,3,0,0,2,0,false,false,false,false,false,false,false,false,false,true,true,true,false,false,false,false,false,false,false,false,false,false,-83.21761,42.39162,"{
  ""coordinates"": [
    -8.321761580785351e+01,
    4.239161644169900e+01
  ],
  ""type"": ""Point""
}","{
  ""coordinates"": [
    -83.217615808,
    42.391616442
  ],
  ""type"": ""Point""
}",-83.2176158079999,42.391616442
4387,1347244,MCNICHOLS,HUBBELL,2018-04-11,11,4,2018,20,4,5,9,,2,0,Asphalt,1,2,3,35,4,2,3,5,0,0,0,0,true,false,false,false,false,false,false,false,false,false,false,false,false,true,false,false,false,false,false,false,false,false,-83.19002,42.41644,"{
  ""coordinates"": [
    -8.319002019513790e+01,
    4.241644085546220e+01
  ],
  ""type"": ""Point""
}","{
  ""coordinates"": [
    -83.190020195,
    42.416440855
  ],
  ""type"": ""Point""
}",-83.190020195,42.4164408550001
4388,1351121,RAMP 047D,RAMP 047B,2018-04-11,11,4,2018,22,4,1,1,,1,1,Asphalt,1,2,4,35,2,1,3,1,1,0,0,2,false,false,false,false,false,false,false,true,false,true,false,false,false,false,false,false,false,false,false,false,false,false,-83.08173,42.41066,"{
  ""coordinates"": [
    -8.308173283948670e+01,
    4.241066389227150e+01
  ],
  ""type"": ""Point""
}","{
  ""coordinates"": [
    -83.081732839,
    42.410663892
  ],
  ""type"": ""Point""
}",-83.081732839,42.4106638920001
4389,1349167,I 94 E/B,TRUMBULL,2018-04-11,11,4,2018,17,4,8,1,,1,0,Asphalt,1,1,1,55,3,2,3,5,0,0,0,0,true,false,false,false,false,true,false,false,false,false,false,false,false,false,false,false,false,false,false,false,false,false,-83.08356,42.355,"{
  ""coordinates"": [
    -8.308356742472090e+01,
    4.235499876220550e+01
  ],
  ""type"": ""Point""
}","{
  ""coordinates"": [
    -83.083567425,
    42.354998762
  ],
  ""type"": ""Point""
}",-83.083567425,42.354998762
4390,1349221,VERNOR,DRAGOON,2018-04-11,11,4,2018,22,4,5,9,,4,0,Asphalt,1,1,4,30,3,2,4,5,0,0,0,0,true,false,false,false,false,false,false,false,false,false,false,false,false,false,false,false,false,false,false,false,false,false,-83.10883,42.31565,"{
  ""coordinates"": [
    -8.310883137541791e+01,
    4.231565615881630e+01
  ],
  ""type"": ""Point""
}","{
  ""coordinates"": [
    -83.108831375,
    42.315656159
  ],
  ""type"": ""Point""
}",-83.108831375,42.3156561590001
4391,1346350,TOWNSEND,CANFIELD,2018-04-11,11,4,2018,0,4,9,9,,,2,,1,1,4,25,1,3,0,5,0,0,0,0,true,false,false,false,true,false,false,false,false,false,false,false,false,false,false,false,false,false,false,false,false,false,-83.01225,42.36938,"{
  ""coordinates"": [
    -8.301225027963250e+01,
    4.236938011595050e+01
  ],
  ""type"": ""Point""
}","{
  ""coordinates"": [
    -83.01225028,
    42.369380116
  ],
  ""type"": ""Point""
}",-83.01225028,42.3693801160001
4392,1347264,RUSSELL,REMMINTON,2018-04-11,11,4,2018,9,4,9,9,,,0,,1,1,1,25,2,2,0,5,0,0,0,0,true,false,false,false,true,false,false,false,false,false,false,false,false,false,false,false,false,false,false,false,false,false,-83.09104,42.44257,"{
  ""coordinates"": [
    -8.309104018879130e+01,
    4.244257085328710e+01
  ],
  ""type"": ""Point""
}","{
  ""coordinates"": [
    -83.091040189,
    42.442570853
  ],
  ""type"": ""Point""
}",-83.091040189,42.4425708530001
4393,1348970,M 10,GREENFIELD,2018-04-11,11,4,2018,18,4,8,3,,1,0,Concrete,1,98,98,,3,2,3,5,0,0,0,0,true,false,false,false,false,false,false,false,false,false,false,false,false,true,false,false,false,false,false,false,false,false,-83.20066,42.44272,"{
  ""coordinates"": [
    -8.320065852394930e+01,
    4.244271982738570e+01
  ],
  ""type"": ""Point""
}","{
  ""coordinates"": [
    -83.200658524,
    42.442719827
  ],
  ""type"": ""Point""
}",-83.2006585239999,42.4427198270001
4394,1348019,S/B I-75,7 MILE,2018-04-11,11,4,2018,23,4,8,1,,1,0,Asphalt,1,1,5,70,3,2,2,5,0,0,0,0,true,false,false,false,false,false,false,false,false,false,false,false,false,false,false,false,false,false,false,false,false,false,-83.09492,42.43242,"{
  ""coordinates"": [
    -8.309491777157260e+01,
    4.243241377692470e+01
  ],
  ""type"": ""Point""
}","{
  ""coordinates"": [
    -83.094917772,
    42.432413777
  ],
  ""type"": ""Point""
}",-83.094917772,42.4324137770001
4395,1347258,MACK,CADIEUX,2018-04-11,11,4,2018,10,4,8,9,,2,0,Asphalt,1,1,1,25,3,2,4,5,0,0,0,0,true,false,false,false,false,false,false,false,false,false,false,false,false,true,false,false,false,false,false,false,false,false,-82.92218,42.39495,"{
  ""coordinates"": [
    -8.292218071940060e+01,
    4.239495430464890e+01
  ],
  ""type"": ""Point""
}","{
  ""coordinates"": [
    -82.922180719,
    42.394954305
  ],
  ""type"": ""Point""
}",-82.922180719,42.3949543050001
4396,1352410,MADISON,BEAUBIEN,2018-04-11,11,4,2018,17,4,5,9,,4,0,Asphalt,1,1,1,25,2,2,2,5,0,0,0,0,true,false,false,false,false,false,false,false,false,false,false,false,false,true,false,false,false,false,false,false,false,false,-83.04459,42.33784,"{
  ""coordinates"": [
    -8.304458679241640e+01,
    4.233784461947100e+01
  ],
  ""type"": ""Point""
}","{
  ""coordinates"": [
    -83.044586792,
    42.337844619
  ],
  ""type"": ""Point""
}",-83.044586792,42.3378446190001
4397,1348039,CHICAGO,EVERGREEN,2018-04-11,11,4,2018,19,4,97,9,,4,0,Asphalt,1,1,1,35,4,2,4,5,0,0,0,0,true,false,true,true,false,false,false,false,false,false,false,false,false,true,false,false,false,false,false,false,false,false,-83.23604,42.3647,"{
  ""coordinates"": [
    -8.323603881088211e+01,
    4.236470425196750e+01
  ],
  ""type"": ""Point""
}","{
  ""coordinates"": [
    -83.236038811,
    42.364704252
  ],
  ""type"": ""Point""
}",-83.236038811,42.3647042520001
4398,1351177,I-94,CASS,2018-04-11,11,4,2018,13,4,1,1,,1,1,Asphalt,1,2,1,55,3,1,1,5,0,0,0,0,true,false,false,false,false,false,false,false,false,true,false,false,false,false,true,false,false,false,false,false,false,false,-83.07063,42.36263,"{
  ""coordinates"": [
    -8.307063212474100e+01,
    4.236262377202950e+01
  ],
  ""type"": ""Point""
}","{
  ""coordinates"": [
    -83.070632125,
    42.362623772
  ],
  ""type"": ""Point""
}",-83.070632125,42.3626237720001
4399,1348051,OUTER,SUNSET,2018-04-11,11,4,2018,21,4,4,9,,2,0,Asphalt,1,2,4,40,2,2,2,5,0,0,0,0,true,false,false,false,false,false,false,false,false,false,false,false,false,false,false,false,false,false,false,false,false,false,-83.06141,42.44037,"{
  ""coordinates"": [
    -8.306140749547930e+01,
    4.244037022639500e+01
  ],
  ""type"": ""Point""
}","{
  ""coordinates"": [
    -83.061407495,
    42.440370226
  ],
  ""type"": ""Point""
}",-83.061407495,42.440370226
4400,1352433,N M 10 SERVICE DRIVE,FOREST,2018-04-11,11,4,2018,23,4,8,3,,4,0,Asphalt,1,1,4,35,2,2,2,5,0,0,0,0,true,false,false,false,false,false,false,false,false,false,false,false,false,true,false,false,false,false,false,false,false,false,-83.07175,42.35177,"{
  ""coordinates"": [
    -8.307174908613530e+01,
    4.235177357354940e+01
  ],
  ""type"": ""Point""
}","{
  ""coordinates"": [
    -83.071749086,
    42.351773574
  ],
  ""type"": ""Point""
}",-83.071749086,42.351773574
4401,1352421,WOODWARD,SPROAT,2018-04-11,11,4,2018,7,4,8,3,,1,0,Asphalt,1,2,1,30,6,2,2,5,0,0,0,0,true,false,false,false,false,false,false,false,false,false,false,false,false,false,false,false,false,false,false,false,false,false,-83.05446,42.34227,"{
  ""coordinates"": [
    -8.305445544438200e+01,
    4.234226993535280e+01
  ],
  ""type"": ""Point""
}","{
  ""coordinates"": [
    -83.054455444,
    42.342269935
  ],
  ""type"": ""Point""
}",-83.054455444,42.342269935
4402,1347261,ROSELAWN,SCHOOLCRAFT,2018-04-11,11,4,2018,12,4,8,9,,,0,,1,2,1,25,3,2,1,5,0,0,0,0,true,false,false,false,false,false,false,false,false,false,false,false,false,false,false,false,false,false,false,false,false,false,-83.15082,42.38907,"{
  ""coordinates"": [
    -8.315081819652690e+01,
    4.238906947637930e+01
  ],
  ""type"": ""Point""
}","{
  ""coordinates"": [
    -83.150818197,
    42.389069476
  ],
  ""type"": ""Point""
}",-83.150818197,42.389069476
4403,1351108,RAMP 212C,LIVERNOIS,2018-04-11,11,4,2018,10,4,1,1,,1,0,Concrete,2,5,1,55,1,1,1,5,0,0,0,0,true,false,false,false,false,false,false,false,false,true,false,false,false,false,false,false,false,false,false,false,false,false,-83.12549,42.33816,"{
  ""coordinates"": [
    -8.312548724857530e+01,
    4.233815657205920e+01
  ],
  ""type"": ""Point""
}","{
  ""coordinates"": [
    -83.125487249,
    42.338156572
  ],
  ""type"": ""Point""
}",-83.1254872489999,42.3381565720001
4404,1359840,N M 39,FORD,2018-04-11,11,4,2018,14,4,5,3,,1,0,Asphalt,1,1,1,55,3,2,2,5,0,0,0,0,true,false,false,false,false,false,false,false,false,false,false,false,false,false,false,false,false,false,false,false,false,false,-83.21559,42.32904,"{
  ""coordinates"": [
    -8.321558848344000e+01,
    4.232903590275640e+01
  ],
  ""type"": ""Point""
}","{
  ""coordinates"": [
    -83.215588483,
    42.329035903
  ],
  ""type"": ""Point""
}",-83.215588483,42.329035903
4405,1347260,HARPER,WHITTIER,2018-04-11,11,4,2018,21,4,5,9,,4,0,Asphalt,1,1,4,35,2,2,2,4,0,0,0,1,false,false,false,false,false,false,false,false,false,false,false,false,false,false,true,false,false,false,false,false,false,false,-82.94221,42.41258,"{
  ""coordinates"": [
    -8.294221406061210e+01,
    4.241257924462880e+01
  ],
  ""type"": ""Point""
}","{
  ""coordinates"": [
    -82.942214061,
    42.412579245
  ],
  ""type"": ""Point""
}",-82.942214061,42.4125792450001
4406,1349253,CHICAGO,WOODMONT,2018-04-11,11,4,2018,11,4,4,9,,4,0,Asphalt,1,2,1,35,5,2,2,4,0,0,0,1,false,false,true,false,true,false,false,false,false,false,false,false,false,false,false,false,false,false,false,false,false,false,-83.20813,42.3652,"{
  ""coordinates"": [
    -8.320813019550590e+01,
    4.236519813963080e+01
  ],
  ""type"": ""Point""
}","{
  ""coordinates"": [
    -83.208130196,
    42.36519814
  ],
  ""type"": ""Point""
}",-83.208130196,42.3651981400001
4407,1347254,JEFFERSON,JOSEPH CAMPAU,2018-04-11,11,4,2018,15,4,4,9,,4,0,Asphalt,1,1,1,35,7,2,2,4,0,0,0,1,false,false,false,false,false,false,false,false,false,false,false,false,false,false,false,false,false,false,false,false,false,false,-83.01974,42.33949,"{
  ""coordinates"": [
    -8.301974650657880e+01,
    4.233948994366070e+01
  ],
  ""type"": ""Point""
}","{
  ""coordinates"": [
    -83.019746507,
    42.339489944
  ],
  ""type"": ""Point""
}",-83.019746507,42.339489944
4408,1348036,CHESTER,CANYON,2018-04-11,11,4,2018,16,4,4,9,,4,0,Asphalt,1,1,1,25,2,2,2,5,0,0,0,0,true,false,false,false,false,false,false,false,false,false,false,false,false,false,false,false,false,false,false,false,false,false,-82.92538,42.42152,"{
  ""coordinates"": [
    -8.292538497047030e+01,
    4.242152129720720e+01
  ],
  ""type"": ""Point""
}","{
  ""coordinates"": [
    -82.92538497,
    42.421521297
  ],
  ""type"": ""Point""
}",-82.92538497,42.421521297
4409,1347250,SPRINGWELLS,MCGRAW,2018-04-11,11,4,2018,7,4,98,9,,,0,,1,1,2,25,2,2,0,5,0,0,0,0,true,false,false,false,true,false,false,false,false,false,false,false,false,false,false,false,false,false,false,false,false,false,-83.14243,42.33459,"{
  ""coordinates"": [
    -8.314242801185109e+01,
    4.233458890327900e+01
  ],
  ""type"": ""Point""
}","{
  ""coordinates"": [
    -83.142428012,
    42.334588903
  ],
  ""type"": ""Point""
}",-83.142428012,42.3345889030001
4410,1355203,MACK,WOODHALL,2018-04-11,11,4,2018,12,4,8,9,,2,0,Asphalt,1,1,1,,3,2,2,5,0,0,0,0,true,false,false,false,false,false,false,false,false,false,false,false,false,true,false,false,false,false,false,false,false,false,-82.91978,42.39812,"{
  ""coordinates"": [
    -8.291978676622060e+01,
    4.239812243722630e+01
  ],
  ""type"": ""Point""
}","{
  ""coordinates"": [
    -82.919786766,
    42.398122437
  ],
  ""type"": ""Point""
}",-82.919786766,42.398122437
4411,1349237,I 96 SERVICE,EVERGREEN,2018-04-11,11,4,2018,1,4,1,9,,4,0,Asphalt,1,1,4,35,6,1,3,5,0,0,0,0,true,false,false,false,false,false,false,false,false,false,false,false,false,false,true,false,false,false,false,false,false,false,-83.23695,42.38625,"{
  ""coordinates"": [
    -8.323695671632780e+01,
    4.238625156929470e+01
  ],
  ""type"": ""Point""
}","{
  ""coordinates"": [
    -83.236956716,
    42.386251569
  ],
  ""type"": ""Point""
}",-83.236956716,42.3862515690001
4412,1346338,CANFIELD,JOHN R,2018-04-10,10,4,2018,8,3,97,9,,4,0,Asphalt,1,2,1,30,2,2,3,5,0,0,0,0,true,false,false,false,false,false,false,false,false,false,false,false,false,false,false,false,false,false,false,false,false,false,-83.0584,42.35403,"{
  ""coordinates"": [
    -8.305839920260530e+01,
    4.235402598709470e+01
  ],
  ""type"": ""Point""
}","{
  ""coordinates"": [
    -83.058399203,
    42.354025987
  ],
  ""type"": ""Point""
}",-83.058399203,42.3540259870001
4413,1346373,MOUND,8 MILE,2018-04-10,10,4,2018,15,3,8,3,,2,0,Asphalt,1,1,1,35,3,2,1,5,0,0,0,0,true,false,false,false,true,false,false,false,false,false,false,false,false,false,false,false,false,false,false,false,false,false,-83.04395,42.44771,"{
  ""coordinates"": [
    -8.304395234913170e+01,
    4.244770918388000e+01
  ],
  ""type"": ""Point""
}","{
  ""coordinates"": [
    -83.043952349,
    42.447709184
  ],
  ""type"": ""Point""
}",-83.0439523489999,42.4477091840001