ObjectId,Crash ID,Primary Road,Intersecting Road,Crash Date,Day,Month,Year,Hour,Weekday,Crash Type Code,Highway Classification Code,Community Code,Jurisdiction Code,Lane Departure Type Code,Surface Type,Road Condition,Weather Condition,Lighting Condition,Speed Limit,Lanes,Units,Occupants,Most Severe Injury,Fatal Injuries,Suspected Serious Injuries,Suspected Minor Injuries,Possible Injuries,Property Damage Only,Secondary Crash,Traffic Control,Red Light Run,Hit and Run,Alcohol,Drugs,Unbelted Person,Work Zone,Speeding Driver,Distracted Driver,Driveway,Pedestrian,Elderly Driver,Young Driver,Commercial Vehicle,Emergency Vehicles,Train,School Bus,Motorcycle,Bicycle,Deer,Longitude,Latitude,geom,geog,x,y
4414,1349229,E I 94,MOROSS,2018-04-10,10,4,2018,8,3,8,1,,1,0,Asphalt,1,1,1,25,3,2,3,5,0,0,0,0,true,false,false,false,false,false,false,false,false,false,false,false,false,false,false,false,false,false,false,false,false,false,-82.92864,42.42451,"{
  ""coordinates"": [
    -8.292864507785040e+01,
    4.242451354944790e+01
  ],
  ""type"": ""Point""
}","{
  ""coordinates"": [
    -82.928645078,
    42.424513549
  ],
  ""type"": ""Point""
}",-82.928645078,42.424513549
4415,1346369,HARPER,OUTER,2018-04-10,10,4,2018,10,3,8,9,,4,0,Asphalt,1,1,1,30,2,2,2,5,0,0,0,0,true,false,false,false,false,false,false,false,false,false,true,false,false,false,false,false,false,false,false,false,false,false,-82.96075,42.40579,"{
  ""coordinates"": [
    -8.296075691925149e+01,
    4.240579175680680e+01
  ],
  ""type"": ""Point""
}","{
  ""coordinates"": [
    -82.960756919,
    42.405791757
  ],
  ""type"": ""Point""
}",-82.9607569189999,42.405791757
4416,1349305,VASSAR,ARDMORE,2018-04-10,10,4,2018,18,3,4,9,,4,0,Asphalt,1,1,1,25,2,2,3,5,0,0,0,0,true,true,true,false,false,false,false,false,false,false,false,false,false,false,false,false,false,false,false,false,false,false,-83.18544,42.43458,"{
  ""coordinates"": [
    -8.318544204602080e+01,
    4.243458245118550e+01
  ],
  ""type"": ""Point""
}","{
  ""coordinates"": [
    -83.185442046,
    42.434582451
  ],
  ""type"": ""Point""
}",-83.1854420459999,42.434582451
4417,1349224,JEFFERSON,CONNER,2018-04-10,10,4,2018,15,3,98,9,,4,0,Asphalt,1,1,1,30,5,3,4,5,0,0,0,0,true,false,false,false,false,false,false,false,false,true,false,false,false,false,false,false,false,false,false,false,false,false,-82.95891,42.37,"{
  ""coordinates"": [
    -8.295890529104210e+01,
    4.237000075680660e+01
  ],
  ""type"": ""Point""
}","{
  ""coordinates"": [
    -82.958905291,
    42.370000757
  ],
  ""type"": ""Point""
}",-82.958905291,42.3700007570001
4418,1351287,GREENFIELD,CURTIS,2018-04-10,10,4,2018,22,3,5,9,,2,0,Asphalt,1,1,4,,2,2,1,5,0,0,0,0,true,false,false,false,true,false,false,false,false,false,false,false,false,false,true,false,false,false,false,false,false,false,-83.19958,42.42295,"{
  ""coordinates"": [
    -8.319958033571000e+01,
    4.242294733372450e+01
  ],
  ""type"": ""Point""
}","{
  ""coordinates"": [
    -83.199580336,
    42.422947334
  ],
  ""type"": ""Point""
}",-83.1995803359999,42.4229473340001
4419,1349273,BREKSHIRE,WAYBURN,2018-04-10,10,4,2018,22,3,6,9,,4,0,Asphalt,1,1,5,,2,2,2,5,0,0,0,0,true,false,false,false,false,false,false,false,false,false,false,true,false,false,false,false,false,false,false,false,false,false,-82.95948,42.41251,"{
  ""coordinates"": [
    -8.295947928604920e+01,
    4.241251223623270e+01
  ],
  ""type"": ""Point""
}","{
  ""coordinates"": [
    -82.959479286,
    42.412512236
  ],
  ""type"": ""Point""
}",-82.959479286,42.4125122360001
4420,1351217,GRISWOLD,CONGRESS,2018-04-10,10,4,2018,9,3,8,9,,4,0,Asphalt,1,1,1,25,2,2,2,5,0,0,0,0,true,false,false,false,false,false,false,false,false,false,false,false,false,false,false,true,false,false,false,false,false,false,-83.04655,42.32967,"{
  ""coordinates"": [
    -8.304654681921539e+01,
    4.232966887971500e+01
  ],
  ""type"": ""Point""
}","{
  ""coordinates"": [
    -83.046546819,
    42.32966888
  ],
  ""type"": ""Point""
}",-83.046546819,42.32966888
4421,1346318,M 10,LINWOOD,2018-04-10,10,4,2018,1,3,5,3,,1,0,Concrete,2,1,4,55,3,2,2,5,0,0,0,0,true,false,false,false,true,false,false,false,false,false,false,false,false,false,true,false,false,false,false,false,false,false,-83.12117,42.40456,"{
  ""coordinates"": [
    -8.312117023904310e+01,
    4.240455588629910e+01
  ],
  ""type"": ""Point""
}","{
  ""coordinates"": [
    -83.121170239,
    42.404555886
  ],
  ""type"": ""Point""
}",-83.121170239,42.404555886
4422,1349233,JEFFERSON,HIBBARD,2018-04-10,10,4,2018,19,3,7,9,,4,0,Asphalt,1,1,2,35,4,2,2,5,0,0,0,0,true,false,false,false,false,false,false,false,false,false,false,false,false,false,false,false,false,false,false,false,false,false,-82.98689,42.35702,"{
  ""coordinates"": [
    -8.298688360300660e+01,
    4.235702286951130e+01
  ],
  ""type"": ""Point""
}","{
  ""coordinates"": [
    -82.986883603,
    42.35702287
  ],
  ""type"": ""Point""
}",-82.986883603,42.35702287
4423,1349225,HARDING,KERCHEVAL,2018-04-10,10,4,2018,7,3,5,9,,,0,,1,2,2,25,1,2,2,5,0,0,0,0,true,false,false,false,true,false,false,false,false,false,false,false,false,false,false,false,false,false,false,false,false,false,-82.97876,42.36665,"{
  ""coordinates"": [
    -8.297875977667380e+01,
    4.236664670459960e+01
  ],
  ""type"": ""Point""
}","{
  ""coordinates"": [
    -82.978759777,
    42.366646705
  ],
  ""type"": ""Point""
}",-82.9787597769999,42.3666467050001
4424,1346339,FORT,N I 75/FORT,2018-04-10,10,4,2018,13,3,9,3,,1,0,Asphalt,1,1,1,30,5,2,2,4,0,0,0,1,false,false,false,false,false,true,false,false,false,false,false,false,false,false,false,true,false,false,false,false,false,false,-83.15607,42.27567,"{
  ""coordinates"": [
    -8.315607411516390e+01,
    4.227566707795960e+01
  ],
  ""type"": ""Point""
}","{
  ""coordinates"": [
    -83.156074115,
    42.275667078
  ],
  ""type"": ""Point""
}",-83.156074115,42.275667078
4425,1349170,I-94,VAN DYKE,2018-04-10,10,4,2018,17,3,1,1,,1,1,Asphalt,1,1,1,,3,1,1,4,0,0,0,1,false,false,false,false,false,false,false,false,false,true,false,false,false,false,false,false,false,false,false,false,false,false,-83.02934,42.38388,"{
  ""coordinates"": [
    -8.302933376888710e+01,
    4.238387662642240e+01
  ],
  ""type"": ""Point""
}","{
  ""coordinates"": [
    -83.029333769,
    42.383876626
  ],
  ""type"": ""Point""
}",-83.0293337689999,42.3838766260001
4426,1346366,7 MILE,GREENFIELD,2018-04-10,10,4,2018,13,3,4,9,,2,0,Asphalt,1,1,1,35,4,2,2,5,0,0,0,0,true,true,false,false,true,false,false,false,false,false,false,false,false,false,true,false,false,false,false,false,false,false,-83.19979,42.43042,"{
  ""coordinates"": [
    -8.319979378621120e+01,
    4.243042392785620e+01
  ],
  ""type"": ""Point""
}","{
  ""coordinates"": [
    -83.199793786,
    42.430423928
  ],
  ""type"": ""Point""
}",-83.199793786,42.430423928
4427,1346343,EVERGREEN,JOY,2018-04-10,10,4,2018,7,3,10,9,,4,0,Asphalt,1,1,1,30,4,2,1,4,0,0,0,1,false,false,false,false,false,false,false,false,false,false,false,false,false,false,false,false,false,false,false,false,false,false,-83.23595,42.3575,"{
  ""coordinates"": [
    -8.323595073289211e+01,
    4.235749879795750e+01
  ],
  ""type"": ""Point""
}","{
  ""coordinates"": [
    -83.235950733,
    42.357498798
  ],
  ""type"": ""Point""
}",-83.235950733,42.3574987980001
4428,1347253,WARREN,N M 39 SERVICE DRIVE,2018-04-10,10,4,2018,16,3,97,9,,2,0,Asphalt,1,1,1,35,3,2,3,5,0,0,0,0,true,false,false,false,false,false,false,false,false,false,false,false,false,true,false,false,false,false,false,false,false,false,-83.21574,42.34338,"{
  ""coordinates"": [
    -8.321574219395140e+01,
    4.234337630599520e+01
  ],
  ""type"": ""Point""
}","{
  ""coordinates"": [
    -83.215742194,
    42.343376306
  ],
  ""type"": ""Point""
}",-83.215742194,42.343376306
4429,1346393,JAMES COUZENS,MCNICHOLS,2018-04-10,10,4,2018,20,3,8,3,,1,0,Concrete,1,1,4,35,3,2,2,5,0,0,0,0,true,false,false,false,false,false,false,false,false,false,false,false,false,false,false,false,false,false,false,false,false,false,-83.1721,42.41647,"{
  ""coordinates"": [
    -8.317209819881300e+01,
    4.241647494143830e+01
  ],
  ""type"": ""Point""
}","{
  ""coordinates"": [
    -83.172098199,
    42.416474941
  ],
  ""type"": ""Point""
}",-83.1720981989999,42.416474941
4430,1351267,COOLEY,VASSAR,2018-04-10,10,4,2018,10,3,4,9,,,0,,1,1,1,25,4,2,2,4,0,0,0,1,false,false,false,false,false,false,false,false,false,false,false,false,false,false,false,false,false,false,false,false,false,false,-83.25975,42.4327,"{
  ""coordinates"": [
    -8.325975144981450e+01,
    4.243269746590090e+01
  ],
  ""type"": ""Point""
}","{
  ""coordinates"": [
    -83.25975145,
    42.432697466
  ],
  ""type"": ""Point""
}",-83.25975145,42.432697466
4431,1351153,I-96,EVERGREEN,2018-04-10,10,4,2018,17,3,5,1,,1,0,Concrete,1,2,1,55,2,2,2,5,0,0,0,0,true,false,false,false,false,false,false,false,false,false,false,false,false,false,true,false,false,false,false,false,false,false,-83.23638,42.38028,"{
  ""coordinates"": [
    -8.323638101602640e+01,
    4.238028451617170e+01
  ],
  ""type"": ""Point""
}","{
  ""coordinates"": [
    -83.236381016,
    42.380284516
  ],
  ""type"": ""Point""
}",-83.2363810159999,42.3802845160001
4432,1346367,HOLCOMB,CHAPIN,2018-04-10,10,4,2018,5,3,8,9,,,3,,1,1,1,25,2,2,0,5,0,0,0,0,true,false,false,false,true,false,false,false,false,false,false,false,false,false,false,false,false,false,false,false,false,false,-83.00587,42.38479,"{
  ""coordinates"": [
    -8.300586559412911e+01,
    4.238479116062930e+01
  ],
  ""type"": ""Point""
}","{
  ""coordinates"": [
    -83.005865594,
    42.384791161
  ],
  ""type"": ""Point""
}",-83.0058655939999,42.3847911610001
4433,1349252,CHICAGO,VAUGHAN,2018-04-10,10,4,2018,17,3,4,9,,4,0,Asphalt,1,1,1,30,2,2,1,5,0,0,0,0,true,false,false,false,false,false,false,false,false,false,false,false,false,false,false,false,false,false,false,false,false,false,-83.23723,42.36469,"{
  ""coordinates"": [
    -8.323722486685359e+01,
    4.236468435770440e+01
  ],
  ""type"": ""Point""
}","{
  ""coordinates"": [
    -83.237224867,
    42.364684358
  ],
  ""type"": ""Point""
}",-83.237224867,42.364684358
4434,1349176,N M 39,JOY,2018-04-10,10,4,2018,17,3,5,3,,1,0,Asphalt,1,1,1,55,3,3,3,4,0,0,0,1,false,false,false,false,false,false,false,false,false,false,true,false,false,false,false,false,false,false,false,false,false,false,-83.2164,42.35786,"{
  ""coordinates"": [
    -8.321639703380730e+01,
    4.235786581912760e+01
  ],
  ""type"": ""Point""
}","{
  ""coordinates"": [
    -83.216397034,
    42.357865819
  ],
  ""type"": ""Point""
}",-83.216397034,42.357865819
4435,1346327,GRAND RIVER,I 96,2018-04-10,10,4,2018,17,3,1,3,,1,0,Asphalt,1,1,1,35,5,2,16,4,0,0,0,1,false,false,false,false,true,false,false,true,false,false,false,false,true,false,false,true,false,false,false,false,false,false,-83.14416,42.37082,"{
  ""coordinates"": [
    -8.314416047738609e+01,
    4.237082192353030e+01
  ],
  ""type"": ""Point""
}","{
  ""coordinates"": [
    -83.144160477,
    42.370821924
  ],
  ""type"": ""Point""
}",-83.144160477,42.370821924
4436,1350248,W I 94,WYOMING,2018-04-10,10,4,2018,18,3,5,1,,1,0,Asphalt,1,1,1,55,3,2,2,5,0,0,0,0,true,false,false,false,false,false,false,false,false,false,false,false,false,false,false,true,false,false,false,false,false,false,-83.15633,42.32899,"{
  ""coordinates"": [
    -8.315633109961190e+01,
    4.232899040469130e+01
  ],
  ""type"": ""Point""
}","{
  ""coordinates"": [
    -83.1563311,
    42.328990405
  ],
  ""type"": ""Point""
}",-83.1563311,42.3289904050001
4437,1351113,I-75,SCHAEFER,2018-04-10,10,4,2018,15,3,8,1,,1,0,Concrete,1,1,1,65,4,2,2,5,0,0,0,0,true,false,false,false,false,false,false,false,true,false,false,false,false,false,false,true,false,false,false,false,false,false,-83.15697,42.27692,"{
  ""coordinates"": [
    -8.315697609738160e+01,
    4.227692484080230e+01
  ],
  ""type"": ""Point""
}","{
  ""coordinates"": [
    -83.156976097,
    42.276924841
  ],
  ""type"": ""Point""
}",-83.156976097,42.276924841
4438,1346353,OUTER,MOENART,2018-04-10,10,4,2018,15,3,4,9,,2,0,Asphalt,1,1,1,40,2,2,3,4,0,0,0,1,false,false,false,false,false,false,false,false,false,false,false,false,false,false,false,false,false,false,false,false,false,false,-83.05048,42.44059,"{
  ""coordinates"": [
    -8.305047756828830e+01,
    4.244058532875170e+01
  ],
  ""type"": ""Point""
}","{
  ""coordinates"": [
    -83.050477568,
    42.440585329
  ],
  ""type"": ""Point""
}",-83.050477568,42.440585329
4439,1347273,WOODWARD,FERRY,2018-04-10,10,4,2018,18,3,97,3,,1,0,Asphalt,1,1,1,30,7,2,1,2,0,1,0,0,false,false,false,false,false,false,false,false,false,false,false,false,true,false,false,false,false,false,false,false,false,false,-83.06705,42.36096,"{
  ""coordinates"": [
    -8.306705376316290e+01,
    4.236096095673200e+01
  ],
  ""type"": ""Point""
}","{
  ""coordinates"": [
    -83.067053763,
    42.360960957
  ],
  ""type"": ""Point""
}",-83.067053763,42.360960957
4440,1349175,M 39 N/B,7 MILE,2018-04-10,10,4,2018,16,3,5,3,,1,0,Concrete,1,1,1,55,3,2,2,5,0,0,0,0,true,false,false,false,false,false,false,false,false,false,false,false,false,false,false,false,false,false,false,false,false,false,-83.21928,42.43112,"{
  ""coordinates"": [
    -8.321927499298791e+01,
    4.243111919871250e+01
  ],
  ""type"": ""Point""
}","{
  ""coordinates"": [
    -83.219274993,
    42.431119199
  ],
  ""type"": ""Point""
}",-83.2192749929999,42.4311191990001
4441,1348023,I-94,CADILLAC,2018-04-10,10,4,2018,18,3,5,1,,1,0,Asphalt,1,1,1,55,3,2,2,5,0,0,0,0,true,false,false,false,false,false,false,false,false,false,false,false,false,false,false,false,false,false,false,false,false,false,-83.00345,42.39191,"{
  ""coordinates"": [
    -8.300344812895560e+01,
    4.239190649531530e+01
  ],
  ""type"": ""Point""
}","{
  ""coordinates"": [
    -83.003448129,
    42.391906495
  ],
  ""type"": ""Point""
}",-83.0034481289999,42.3919064950001
4442,1351187,I-94,WYOMING,2018-04-10,10,4,2018,0,3,1,1,,1,0,Asphalt,4,5,4,55,3,1,1,5,0,0,0,0,true,false,false,false,false,false,false,false,false,false,false,false,false,false,false,false,false,false,false,false,false,false,-83.15482,42.32933,"{
  ""coordinates"": [
    -8.315481904378680e+01,
    4.232933571505500e+01
  ],
  ""type"": ""Point""
}","{
  ""coordinates"": [
    -83.154819044,
    42.329335715
  ],
  ""type"": ""Point""
}",-83.154819044,42.3293357150001
4443,1346330,MEYERS,BUENA VISTA,2018-04-10,10,4,2018,20,3,9,9,,4,2,Asphalt,1,1,4,30,2,3,2,4,0,0,0,1,false,false,false,false,true,false,false,false,false,false,false,false,false,false,false,false,false,false,false,false,false,false,-83.16854,42.38352,"{
  ""coordinates"": [
    -8.316853863067060e+01,
    4.238352230683180e+01
  ],
  ""type"": ""Point""
}","{
  ""coordinates"": [
    -83.168538631,
    42.383522307
  ],
  ""type"": ""Point""
}",-83.168538631,42.3835223070001
4444,1347263,MOUND,HAMLET,2018-04-10,10,4,2018,16,3,8,9,,2,0,Asphalt,1,1,1,,3,2,1,5,0,0,0,0,true,false,false,false,true,false,false,false,false,false,false,false,false,false,false,false,false,false,false,false,false,false,-83.04388,42.44646,"{
  ""coordinates"": [
    -8.304388344184230e+01,
    4.244646399274050e+01
  ],
  ""type"": ""Point""
}","{
  ""coordinates"": [
    -83.043883442,
    42.446463993
  ],
  ""type"": ""Point""
}",-83.043883442,42.4464639930001
4445,1346344,I96,GREENFIELD,2018-04-10,10,4,2018,8,3,8,1,,1,0,Concrete,1,1,1,55,3,2,4,5,0,0,0,0,true,false,false,false,false,false,false,false,false,false,false,false,false,false,true,false,false,false,false,false,false,false,-83.19749,42.37907,"{
  ""coordinates"": [
    -8.319748963099170e+01,
    4.237906624817850e+01
  ],
  ""type"": ""Point""
}","{
  ""coordinates"": [
    -83.197489631,
    42.379066248
  ],
  ""type"": ""Point""
}",-83.1974896309999,42.3790662480001
4446,1346404,WOODWARD,BRENTWOOD,2018-04-10,10,4,2018,17,3,4,3,,1,0,Asphalt,1,1,1,35,5,2,2,4,0,0,0,1,false,false,false,false,false,false,false,false,false,false,false,true,false,true,false,false,false,false,false,false,false,false,-83.11451,42.43139,"{
  ""coordinates"": [
    -8.311450759014041e+01,
    4.243139077311340e+01
  ],
  ""type"": ""Point""
}","{
  ""coordinates"": [
    -83.11450759,
    42.431390773
  ],
  ""type"": ""Point""
}",-83.11450759,42.431390773
4447,1348043,GRATIOT,MACK,2018-04-10,10,4,2018,21,3,2,3,,1,0,Asphalt,1,1,4,35,6,2,2,2,0,1,1,0,false,false,false,false,false,true,true,false,false,false,false,false,false,false,false,false,false,false,false,false,false,false,-83.02792,42.35879,"{
  ""coordinates"": [
    -8.302792077427689e+01,
    4.235879275910750e+01
  ],
  ""type"": ""Point""
}","{
  ""coordinates"": [
    -83.027920774,
    42.358792759
  ],
  ""type"": ""Point""
}",-83.0279207739999,42.358792759
4448,1346342,EVERGREEN,TIREMAN,2018-04-10,10,4,2018,11,3,4,9,,4,0,Asphalt,1,1,1,30,2,2,2,4,0,0,0,1,false,false,false,false,false,false,false,false,false,false,false,false,false,false,false,false,false,false,false,false,false,false,-83.23562,42.34937,"{
  ""coordinates"": [
    -8.323561556984770e+01,
    4.234937234723500e+01
  ],
  ""type"": ""Point""
}","{
  ""coordinates"": [
    -83.23561557,
    42.349372347
  ],
  ""type"": ""Point""
}",-83.2356155699999,42.349372347
4449,1347262,7 MILE,GREELEY,2018-04-10,10,4,2018,23,3,9,9,,4,2,Asphalt,1,1,4,35,2,2,1,4,0,0,0,1,false,false,false,false,false,true,false,false,false,false,false,false,false,false,false,false,false,false,false,false,false,false,-83.08784,42.43273,"{
  ""coordinates"": [
    -8.308784327481540e+01,
    4.243273081763050e+01
  ],
  ""type"": ""Point""
}","{
  ""coordinates"": [
    -83.087843275,
    42.432730818
  ],
  ""type"": ""Point""
}",-83.087843275,42.432730818
4450,1351152,I-94,WOODARD,2018-04-10,10,4,2018,14,3,5,1,,1,0,Asphalt,1,1,1,55,3,3,4,5,0,0,0,0,true,false,false,false,false,false,false,false,false,false,false,false,false,false,false,false,false,false,false,false,false,false,-83.0685,42.36375,"{
  ""coordinates"": [
    -8.306850637296860e+01,
    4.236375559541080e+01
  ],
  ""type"": ""Point""
}","{
  ""coordinates"": [
    -83.068506373,
    42.363755595
  ],
  ""type"": ""Point""
}",-83.0685063729999,42.363755595
4451,1349254,S M 39 SERVICE DRIVE,FORD,2018-04-10,10,4,2018,17,3,8,3,,1,0,Concrete,1,1,1,30,5,2,1,5,0,0,0,0,true,false,false,false,true,false,false,false,false,false,false,true,false,false,false,false,false,false,false,false,false,false,-83.216,42.32911,"{
  ""coordinates"": [
    -8.321600574567350e+01,
    4.232911092228130e+01
  ],
  ""type"": ""Point""
}","{
  ""coordinates"": [
    -83.216005746,
    42.329110922
  ],
  ""type"": ""Point""
}",-83.216005746,42.329110922
4452,1346347,MACK,MCCLELLAN,2018-04-10,10,4,2018,8,3,9,9,,4,0,Asphalt,1,1,1,30,2,2,4,5,0,0,0,0,true,false,false,false,false,false,false,false,false,false,false,false,false,false,false,false,true,false,false,false,false,false,-82.99412,42.37205,"{
  ""coordinates"": [
    -8.299411985951831e+01,
    4.237204631877120e+01
  ],
  ""type"": ""Point""
}","{
  ""coordinates"": [
    -82.99411986,
    42.372046319
  ],
  ""type"": ""Point""
}",-82.99411986,42.372046319
4453,1346365,SHIAWASSEE,7 MILE,2018-04-10,10,4,2018,15,3,8,9,,,0,,1,1,1,25,4,2,1,5,0,0,0,0,true,true,false,false,true,false,false,false,true,false,false,false,false,false,false,false,false,false,false,false,false,false,-83.27271,42.42919,"{
  ""coordinates"": [
    -8.327270821513321e+01,
    4.242918672446930e+01
  ],
  ""type"": ""Point""
}","{
  ""coordinates"": [
    -83.272708215,
    42.429186724
  ],
  ""type"": ""Point""
}",-83.272708215,42.429186724
4454,1346387,LIVERNOIS,CURTIS,2018-04-10,10,4,2018,11,3,8,9,,4,0,Asphalt,1,2,1,30,2,2,11,5,0,0,0,0,true,false,false,false,false,false,false,false,false,false,false,false,false,false,true,true,false,false,false,false,false,false,-83.14105,42.4244,"{
  ""coordinates"": [
    -8.314105289695090e+01,
    4.242439937171620e+01
  ],
  ""type"": ""Point""
}","{
  ""coordinates"": [
    -83.141052897,
    42.424399372
  ],
  ""type"": ""Point""
}",-83.141052897,42.424399372
4455,1352397,FORT W/B,ELSMERE,2018-04-10,10,4,2018,17,3,5,3,,1,0,Asphalt,1,1,1,30,2,3,2,5,0,0,0,0,true,false,false,false,false,false,false,false,false,false,false,false,false,false,false,false,false,false,false,false,false,false,-83.12788,42.29685,"{
  ""coordinates"": [
    -8.312787775591551e+01,
    4.229685063354160e+01
  ],
  ""type"": ""Point""
}","{
  ""coordinates"": [
    -83.127877756,
    42.296850634
  ],
  ""type"": ""Point""
}",-83.127877756,42.2968506340001
4456,1362740,I-94,I-96,2018-04-10,10,4,2018,19,3,5,1,,1,0,Asphalt,1,1,1,55,3,2,2,5,0,0,0,0,true,false,false,false,false,false,false,false,false,false,false,false,false,false,false,false,false,false,false,false,false,false,-83.09873,42.35035,"{
  ""coordinates"": [
    -8.309873305290201e+01,
    4.235035070065240e+01
  ],
  ""type"": ""Point""
}","{
  ""coordinates"": [
    -83.098733053,
    42.350350701
  ],
  ""type"": ""Point""
}",-83.098733053,42.350350701
4457,1362739,I-94,CONNER,2018-04-10,10,4,2018,18,3,8,1,,1,0,Asphalt,1,1,1,55,3,2,2,5,0,0,0,0,true,false,false,false,false,false,false,false,false,false,false,false,false,false,false,true,false,false,false,false,false,false,-82.98785,42.39637,"{
  ""coordinates"": [
    -8.298785297422771e+01,
    4.239637509018460e+01
  ],
  ""type"": ""Point""
}","{
  ""coordinates"": [
    -82.987852974,
    42.39637509
  ],
  ""type"": ""Point""
}",-82.987852974,42.39637509
4458,1346333,WYOMING,DAVISON,2018-04-10,10,4,2018,14,3,9,9,,4,0,Asphalt,1,1,1,35,2,2,1,5,0,0,0,0,true,false,true,false,true,false,false,false,false,false,false,false,false,false,false,false,false,false,false,false,false,false,-83.159,42.38607,"{
  ""coordinates"": [
    -8.315899777490050e+01,
    4.238606618598240e+01
  ],
  ""type"": ""Point""
}","{
  ""coordinates"": [
    -83.158997775,
    42.386066186
  ],
  ""type"": ""Point""
}",-83.158997775,42.3860661860001
4459,1371295,I-75,8 MILE,2018-04-10,10,4,2018,11,3,97,1,,1,0,Asphalt,1,1,1,70,3,2,2,5,0,0,0,0,true,false,false,false,false,false,false,false,false,false,false,false,false,true,false,false,false,false,false,false,false,false,-83.09468,42.44653,"{
  ""coordinates"": [
    -8.309467822966610e+01,
    4.244652547985740e+01
  ],
  ""type"": ""Point""
}","{
  ""coordinates"": [
    -83.09467823,
    42.44652548
  ],
  ""type"": ""Point""
}",-83.0946782299999,42.44652548
4460,1351290,MCINTYRE,LEEWIN,2018-04-10,10,4,2018,18,3,8,9,,,0,,1,1,1,25,2,2,0,5,0,0,0,0,true,false,false,false,true,false,false,false,false,false,false,false,false,false,false,false,false,false,false,false,false,false,-83.26341,42.43721,"{
  ""coordinates"": [
    -8.326341224668759e+01,
    4.243720781994830e+01
  ],
  ""type"": ""Point""
}","{
  ""coordinates"": [
    -83.263412247,
    42.43720782
  ],
  ""type"": ""Point""
}",-83.263412247,42.43720782
4461,1346401,MCNICHOLS,WYOMING,2018-04-10,10,4,2018,4,3,5,9,,4,0,Asphalt,1,1,4,,2,2,1,5,0,0,0,0,true,false,false,false,true,false,false,false,false,false,false,false,false,false,false,false,false,false,false,false,false,false,-83.16013,42.41693,"{
  ""coordinates"": [
    -8.316012552051210e+01,
    4.241693557792600e+01
  ],
  ""type"": ""Point""
}","{
  ""coordinates"": [
    -83.160125521,
    42.416935578
  ],
  ""type"": ""Point""
}",-83.1601255209999,42.4169355780001
4462,1346402,WOODWARD,8 MILE SERVICE DRIVE,2018-04-10,10,4,2018,15,3,8,3,,1,0,Asphalt,1,1,1,35,5,2,1,5,0,0,0,0,true,false,false,false,true,false,false,false,false,false,false,true,false,false,false,false,false,false,false,false,false,false,-83.12469,42.44601,"{
  ""coordinates"": [
    -8.312469684637870e+01,
    4.244601305687080e+01
  ],
  ""type"": ""Point""
}","{
  ""coordinates"": [
    -83.124696846,
    42.446013057
  ],
  ""type"": ""Point""
}",-83.1246968459999,42.4460130570001
4463,1354021,CONANT,CHARLES,2018-04-10,10,4,2018,15,3,8,9,,4,0,Asphalt,1,1,1,30,4,2,1,5,0,0,0,0,true,false,false,false,false,false,false,false,false,false,false,true,false,false,true,false,false,false,false,false,false,false,-83.05901,42.41186,"{
  ""coordinates"": [
    -8.305901562906210e+01,
    4.241185918364570e+01
  ],
  ""type"": ""Point""
}","{
  ""coordinates"": [
    -83.059015629,
    42.411859184
  ],
  ""type"": ""Point""
}",-83.059015629,42.411859184
4464,1350270,LONYO,MICHIGAN,2018-04-10,10,4,2018,18,3,4,2,,4,0,Asphalt,1,1,1,25,2,2,2,5,0,0,0,0,true,false,false,false,true,false,false,false,false,false,false,false,false,false,false,false,false,false,false,false,false,false,-83.14437,42.33034,"{
  ""coordinates"": [
    -8.314436748502050e+01,
    4.233033825968730e+01
  ],
  ""type"": ""Point""
}","{
  ""coordinates"": [
    -83.144367485,
    42.33033826
  ],
  ""type"": ""Point""
}",-83.144367485,42.3303382600001
4465,1347247,FORT,ROSA PARKS,2018-04-10,10,4,2018,11,3,4,3,,1,0,Concrete,1,2,1,30,5,2,3,5,0,0,0,0,true,false,false,false,false,false,false,false,false,false,false,false,false,false,false,false,false,false,false,false,false,false,-83.06689,42.32233,"{
  ""coordinates"": [
    -8.306689407756170e+01,
    4.232233314925410e+01
  ],
  ""type"": ""Point""
}","{
  ""coordinates"": [
    -83.066894078,
    42.322333149
  ],
  ""type"": ""Point""
}",-83.066894078,42.322333149
4466,1348068,ANTHONY WAYNE,HANCOCK,2018-04-10,10,4,2018,17,3,4,9,,4,0,Asphalt,1,1,1,25,3,2,4,5,0,0,0,0,true,false,false,false,false,false,false,false,false,false,false,false,false,false,true,false,false,false,false,false,false,false,-83.0708,42.3536,"{
  ""coordinates"": [
    -8.307080177949240e+01,
    4.235359954020720e+01
  ],
  ""type"": ""Point""
}","{
  ""coordinates"": [
    -83.070801779,
    42.35359954
  ],
  ""type"": ""Point""
}",-83.070801779,42.3535995400001
4467,1346303,I-94,LONYO,2018-04-10,10,4,2018,20,3,5,1,,1,0,Asphalt,1,1,4,55,3,3,3,5,0,0,0,0,true,false,false,false,false,false,false,false,false,false,false,false,false,true,false,false,false,false,false,false,false,false,-83.1394,42.33229,"{
  ""coordinates"": [
    -8.313940324755920e+01,
    4.233228856162860e+01
  ],
  ""type"": ""Point""
}","{
  ""coordinates"": [
    -83.139403248,
    42.332288562
  ],
  ""type"": ""Point""
}",-83.139403248,42.332288562
4468,1375517,W I 94,WYOMING,2018-04-10,10,4,2018,18,3,8,1,,1,0,Asphalt,1,1,1,55,3,2,2,5,0,0,0,0,true,false,false,false,false,false,false,false,false,false,false,false,false,false,false,true,false,false,false,false,false,false,-83.15633,42.32899,"{
  ""coordinates"": [
    -8.315633109961190e+01,
    4.232899040469130e+01
  ],
  ""type"": ""Point""
}","{
  ""coordinates"": [
    -83.1563311,
    42.328990405
  ],
  ""type"": ""Point""
}",-83.1563311,42.3289904050001