ObjectId,Crash ID,Primary Road,Intersecting Road,Crash Date,Day,Month,Year,Hour,Weekday,Crash Type Code,Highway Classification Code,Community Code,Jurisdiction Code,Lane Departure Type Code,Surface Type,Road Condition,Weather Condition,Lighting Condition,Speed Limit,Lanes,Units,Occupants,Most Severe Injury,Fatal Injuries,Suspected Serious Injuries,Suspected Minor Injuries,Possible Injuries,Property Damage Only,Secondary Crash,Traffic Control,Red Light Run,Hit and Run,Alcohol,Drugs,Unbelted Person,Work Zone,Speeding Driver,Distracted Driver,Driveway,Pedestrian,Elderly Driver,Young Driver,Commercial Vehicle,Emergency Vehicles,Train,School Bus,Motorcycle,Bicycle,Deer,Longitude,Latitude,geom,geog,x,y
4632,1354053,BURT,FENKELL,2018-04-06,6,4,2018,19,6,4,9,,4,0,Asphalt,1,1,3,30,4,2,2,2,0,1,0,0,false,false,true,true,false,false,false,false,false,false,false,false,false,true,false,false,false,false,false,false,false,false,-83.24712,42.40052,"{
  ""coordinates"": [
    -8.324711792816881e+01,
    4.240051648679270e+01
  ],
  ""type"": ""Point""
}","{
  ""coordinates"": [
    -83.247117928,
    42.400516487
  ],
  ""type"": ""Point""
}",-83.247117928,42.4005164870001
4633,1348056,ELM,TRUMBULL,2018-04-06,6,4,2018,19,6,8,9,,,0,,1,1,2,25,2,2,3,5,0,0,0,0,true,false,false,false,false,false,false,false,false,false,false,true,false,true,false,false,false,false,false,false,false,false,-83.07114,42.33954,"{
  ""coordinates"": [
    -8.307113998373140e+01,
    4.233953793688940e+01
  ],
  ""type"": ""Point""
}","{
  ""coordinates"": [
    -83.071139984,
    42.339537937
  ],
  ""type"": ""Point""
}",-83.071139984,42.339537937
4634,1343841,I-94,M-10,2018-04-06,6,4,2018,17,6,8,1,,1,0,Asphalt,1,1,1,55,3,2,2,4,0,0,0,1,false,false,false,false,false,false,false,false,false,false,false,false,false,false,false,true,false,false,false,false,false,false,-83.07246,42.36175,"{
  ""coordinates"": [
    -8.307246154989841e+01,
    4.236174718664640e+01
  ],
  ""type"": ""Point""
}","{
  ""coordinates"": [
    -83.07246155,
    42.361747187
  ],
  ""type"": ""Point""
}",-83.07246155,42.361747187
4635,1349235,FLORENCE,OHIO,2018-04-06,6,4,2018,21,6,4,9,,,0,,98,98,98,25,2,2,1,5,0,0,0,0,true,false,false,false,false,false,false,false,false,false,false,false,false,false,false,false,false,false,false,false,false,false,-83.15562,42.41219,"{
  ""coordinates"": [
    -8.315562460488781e+01,
    4.241219202457510e+01
  ],
  ""type"": ""Point""
}","{
  ""coordinates"": [
    -83.155624605,
    42.412192025
  ],
  ""type"": ""Point""
}",-83.155624605,42.412192025
4636,1343852,N I 75,I 75/I 75,2018-04-06,6,4,2018,9,6,3,1,,1,0,Concrete,2,2,1,35,2,2,2,5,0,0,0,0,true,false,false,false,false,false,false,false,false,false,false,false,false,false,false,true,false,false,false,false,false,false,-83.05113,42.34055,"{
  ""coordinates"": [
    -8.305113537304879e+01,
    4.234054901642860e+01
  ],
  ""type"": ""Point""
}","{
  ""coordinates"": [
    -83.051135373,
    42.340549016
  ],
  ""type"": ""Point""
}",-83.051135373,42.3405490160001
4637,1343910,NASHVILLE,RACINE,2018-04-06,6,4,2018,12,6,4,9,,,0,,1,2,1,25,2,2,2,5,0,0,0,0,true,false,true,false,false,false,false,false,false,false,false,false,false,false,false,false,false,false,false,false,false,false,-82.99374,42.42091,"{
  ""coordinates"": [
    -8.299374540841259e+01,
    4.242091205573940e+01
  ],
  ""type"": ""Point""
}","{
  ""coordinates"": [
    -82.993745408,
    42.420912056
  ],
  ""type"": ""Point""
}",-82.9937454079999,42.4209120560001
4638,1355216,GREENFIELD,WESTFIELD,2018-04-06,6,4,2018,20,6,4,9,,2,0,Asphalt,2,1,4,,2,2,2,4,0,0,0,1,false,false,false,false,false,false,false,false,false,false,false,false,false,false,false,false,false,false,false,false,false,false,-83.19722,42.36328,"{
  ""coordinates"": [
    -8.319722171532830e+01,
    4.236328143331250e+01
  ],
  ""type"": ""Point""
}","{
  ""coordinates"": [
    -83.197221715,
    42.363281433
  ],
  ""type"": ""Point""
}",-83.197221715,42.3632814330001
4639,1351272,MCNICHOLS,RIVERVIEW,2018-04-06,6,4,2018,21,6,4,9,,2,0,Asphalt,1,1,4,35,4,2,3,5,0,0,0,0,true,false,false,false,false,false,false,false,false,false,false,false,false,false,false,false,false,false,false,false,false,false,-83.2749,42.41458,"{
  ""coordinates"": [
    -8.327490535595039e+01,
    4.241457645363160e+01
  ],
  ""type"": ""Point""
}","{
  ""coordinates"": [
    -83.274905356,
    42.414576454
  ],
  ""type"": ""Point""
}",-83.274905356,42.414576454
4640,1346383,MEYERS,7 MILE,2018-04-06,6,4,2018,15,6,5,9,,4,0,Asphalt,1,2,1,30,2,2,2,4,0,0,0,1,false,false,false,false,false,false,false,false,false,false,false,false,false,false,false,false,false,false,false,false,false,false,-83.17068,42.43084,"{
  ""coordinates"": [
    -8.317068158934670e+01,
    4.243083892121280e+01
  ],
  ""type"": ""Point""
}","{
  ""coordinates"": [
    -83.170681589,
    42.430838921
  ],
  ""type"": ""Point""
}",-83.170681589,42.430838921
4641,1351294,EDSEL FORD SERVICE,CADIUEX,2018-04-06,6,4,2018,19,6,8,1,,1,0,Asphalt,2,5,3,25,3,2,5,5,0,0,0,0,true,false,false,false,false,false,false,false,false,false,false,false,false,false,false,false,false,false,false,false,false,false,-82.93723,42.41733,"{
  ""coordinates"": [
    -8.293722771620359e+01,
    4.241733319455280e+01
  ],
  ""type"": ""Point""
}","{
  ""coordinates"": [
    -82.937227716,
    42.417333195
  ],
  ""type"": ""Point""
}",-82.9372277159999,42.417333195
4642,1345569,OUTER,QUEEN,2018-04-06,6,4,2018,10,6,4,9,,2,0,Asphalt,1,1,1,,3,2,5,2,0,1,0,4,false,false,false,false,false,false,false,false,false,false,false,false,false,false,false,false,false,false,false,false,false,false,-82.96705,42.41469,"{
  ""coordinates"": [
    -8.296704777241820e+01,
    4.241468701482020e+01
  ],
  ""type"": ""Point""
}","{
  ""coordinates"": [
    -82.967047772,
    42.414687015
  ],
  ""type"": ""Point""
}",-82.9670477719999,42.414687015
4643,1343908,GRATIOT,ALCOY,2018-04-06,6,4,2018,16,6,4,3,,1,0,Asphalt,1,1,1,35,3,2,1,5,0,0,0,0,true,false,true,false,true,false,false,false,false,false,false,false,false,true,false,false,false,false,false,false,false,false,-82.9852,42.42369,"{
  ""coordinates"": [
    -8.298520227565110e+01,
    4.242369222700110e+01
  ],
  ""type"": ""Point""
}","{
  ""coordinates"": [
    -82.985202276,
    42.423692227
  ],
  ""type"": ""Point""
}",-82.9852022759999,42.4236922270001
4644,1352472,BEAUBIEN,JEFFERSON,2018-04-06,6,4,2018,11,6,4,4,,4,0,Asphalt,1,1,1,35,3,2,3,5,0,0,0,0,true,false,true,true,false,false,false,false,false,false,false,false,false,false,false,false,false,false,false,false,false,false,-83.03976,42.33078,"{
  ""coordinates"": [
    -8.303975415717930e+01,
    4.233078181226410e+01
  ],
  ""type"": ""Point""
}","{
  ""coordinates"": [
    -83.039754157,
    42.330781812
  ],
  ""type"": ""Point""
}",-83.0397541569999,42.3307818120001
4645,1343889,WARREN,ABINGTON,2018-04-06,6,4,2018,11,6,5,9,,2,0,Asphalt,1,2,1,35,4,2,2,4,0,0,0,2,false,false,false,false,false,false,false,false,false,false,false,false,false,true,false,false,false,false,false,false,false,false,-83.20951,42.34348,"{
  ""coordinates"": [
    -8.320951172520540e+01,
    4.234347775149800e+01
  ],
  ""type"": ""Point""
}","{
  ""coordinates"": [
    -83.209511725,
    42.343477751
  ],
  ""type"": ""Point""
}",-83.209511725,42.3434777510001
4646,1345571,CONNER,WARREN,2018-04-06,6,4,2018,12,6,5,9,,4,0,Asphalt,1,1,1,30,4,2,1,5,0,0,0,0,true,false,false,false,true,false,false,false,false,false,false,false,false,false,false,false,false,false,false,false,false,false,-82.97593,42.38925,"{
  ""coordinates"": [
    -8.297592951622640e+01,
    4.238925178358050e+01
  ],
  ""type"": ""Point""
}","{
  ""coordinates"": [
    -82.975929516,
    42.389251784
  ],
  ""type"": ""Point""
}",-82.975929516,42.3892517840001
4647,1346308,I-96,M-39,2018-04-06,6,4,2018,9,6,97,1,,1,0,Concrete,1,1,1,55,3,4,4,4,0,0,0,1,false,false,false,false,false,false,false,false,false,true,false,false,false,false,true,false,false,false,false,false,false,false,-83.20714,42.37888,"{
  ""coordinates"": [
    -8.320713874818721e+01,
    4.237888246200190e+01
  ],
  ""type"": ""Point""
}","{
  ""coordinates"": [
    -83.207138748,
    42.378882462
  ],
  ""type"": ""Point""
}",-83.207138748,42.378882462
4648,1343934,CARDONI,ROBINWOOD,2018-04-06,6,4,2018,11,6,98,9,,,0,,1,6,1,25,1,2,0,5,0,0,0,0,true,false,false,false,true,false,false,false,false,false,false,false,false,false,false,false,false,false,false,false,false,false,-83.0913,42.42974,"{
  ""coordinates"": [
    -8.309130143248029e+01,
    4.242974229320700e+01
  ],
  ""type"": ""Point""
}","{
  ""coordinates"": [
    -83.091301432,
    42.429742293
  ],
  ""type"": ""Point""
}",-83.091301432,42.4297422930001
4649,1347266,SORRENTO,CURTIS,2018-04-06,6,4,2018,1,6,9,9,,,0,,2,2,98,25,1,2,0,5,0,0,0,0,true,false,false,false,true,false,false,false,false,false,false,false,false,false,false,false,false,false,false,false,false,false,-83.17388,42.42378,"{
  ""coordinates"": [
    -8.317388211080440e+01,
    4.242378323882280e+01
  ],
  ""type"": ""Point""
}","{
  ""coordinates"": [
    -83.173882111,
    42.423783239
  ],
  ""type"": ""Point""
}",-83.173882111,42.423783239
4650,1343873,FORT,OAKWOOD,2018-04-06,6,4,2018,23,6,97,3,,1,0,Asphalt,3,5,4,30,5,2,2,5,0,0,0,0,true,false,false,false,false,false,false,false,false,false,false,false,false,false,false,false,false,false,false,false,false,false,-83.14308,42.29105,"{
  ""coordinates"": [
    -8.314308179512101e+01,
    4.229104472984920e+01
  ],
  ""type"": ""Point""
}","{
  ""coordinates"": [
    -83.143081795,
    42.29104473
  ],
  ""type"": ""Point""
}",-83.1430817949999,42.2910447300001
4651,1343875,CLARK,BRANDON,2018-04-06,6,4,2018,23,6,5,9,,4,3,Asphalt,2,1,4,25,2,2,1,2,0,1,0,0,false,false,false,false,false,false,false,true,false,false,false,false,false,false,false,false,false,false,false,false,false,false,-83.09832,42.32374,"{
  ""coordinates"": [
    -8.309832129492530e+01,
    4.232374292778520e+01
  ],
  ""type"": ""Point""
}","{
  ""coordinates"": [
    -83.098321295,
    42.323742928
  ],
  ""type"": ""Point""
}",-83.0983212949999,42.3237429280001
4652,1346314,E I 96,GRAND RIVER,2018-04-06,6,4,2018,0,6,97,1,,1,0,Concrete,1,1,4,55,2,2,5,5,0,0,0,0,true,false,false,false,false,false,false,false,false,false,false,false,false,false,true,false,false,false,false,false,false,false,-83.17532,42.38381,"{
  ""coordinates"": [
    -8.317531957387730e+01,
    4.238380714335340e+01
  ],
  ""type"": ""Point""
}","{
  ""coordinates"": [
    -83.175319574,
    42.383807143
  ],
  ""type"": ""Point""
}",-83.175319574,42.3838071430001
4653,1351249,7 MILE,FERGUSON,2018-04-06,6,4,2018,0,6,4,9,,2,0,Asphalt,1,1,4,35,2,2,1,4,0,0,0,1,false,false,false,false,true,false,false,false,false,false,false,false,false,false,true,false,false,false,false,false,false,false,-83.21063,42.43026,"{
  ""coordinates"": [
    -8.321063000804260e+01,
    4.243025652910130e+01
  ],
  ""type"": ""Point""
}","{
  ""coordinates"": [
    -83.210630008,
    42.430256529
  ],
  ""type"": ""Point""
}",-83.210630008,42.4302565290001
4654,1343900,RAMP 213H,E I 94,2018-04-06,6,4,2018,8,6,5,1,,1,0,Concrete,2,1,1,,1,2,2,5,0,0,0,0,true,false,false,false,false,false,false,false,false,false,false,false,false,false,false,false,false,false,false,false,false,false,-83.09676,42.35072,"{
  ""coordinates"": [
    -8.309675861693350e+01,
    4.235071436737550e+01
  ],
  ""type"": ""Point""
}","{
  ""coordinates"": [
    -83.096758617,
    42.350714367
  ],
  ""type"": ""Point""
}",-83.096758617,42.3507143670001
4655,1343863,FORT,FORT,2018-04-06,6,4,2018,22,6,1,3,,1,1,Asphalt,3,5,4,30,3,1,2,5,0,0,0,0,true,false,false,false,false,false,false,false,false,false,false,false,false,false,false,false,false,false,false,false,false,false,-83.14342,42.29092,"{
  ""coordinates"": [
    -8.314342166747100e+01,
    4.229091848303770e+01
  ],
  ""type"": ""Point""
}","{
  ""coordinates"": [
    -83.143421667,
    42.290918483
  ],
  ""type"": ""Point""
}",-83.143421667,42.290918483
4656,1343927,JOSEPH CAMPAU,DAVISON,2018-04-06,6,4,2018,4,6,4,9,,4,0,Asphalt,2,5,4,35,4,2,1,3,0,0,1,0,false,false,false,false,true,false,false,false,false,false,false,false,false,false,false,false,false,false,false,false,false,false,-83.06864,42.41286,"{
  ""coordinates"": [
    -8.306864417227931e+01,
    4.241286487679970e+01
  ],
  ""type"": ""Point""
}","{
  ""coordinates"": [
    -83.068644172,
    42.412864877
  ],
  ""type"": ""Point""
}",-83.0686441719999,42.4128648770001
4657,1343826,S M 39,FORD,2018-04-06,6,4,2018,15,6,5,3,,1,0,Asphalt,1,1,1,55,3,2,2,5,0,0,0,0,true,false,false,false,false,false,false,false,false,false,false,false,false,false,false,false,false,false,false,false,false,false,-83.21582,42.3303,"{
  ""coordinates"": [
    -8.321582067275460e+01,
    4.233029415305070e+01
  ],
  ""type"": ""Point""
}","{
  ""coordinates"": [
    -83.215820673,
    42.330294153
  ],
  ""type"": ""Point""
}",-83.2158206729999,42.3302941530001
4658,1346368,MORANG,LINNHURST,2018-04-06,6,4,2018,17,6,1,9,,4,0,Asphalt,1,1,1,30,2,2,1,3,0,0,1,0,false,false,false,false,false,false,false,false,false,false,false,false,true,false,false,false,false,false,false,false,false,false,-82.9594,42.43153,"{
  ""coordinates"": [
    -8.295939285848689e+01,
    4.243152672706070e+01
  ],
  ""type"": ""Point""
}","{
  ""coordinates"": [
    -82.959392858,
    42.431526727
  ],
  ""type"": ""Point""
}",-82.9593928579999,42.4315267270001
4659,1345574,7 MILE,HAYES,2018-04-06,6,4,2018,15,6,8,9,,2,0,Asphalt,1,1,1,35,2,3,7,5,0,0,0,0,true,false,false,false,true,false,false,false,false,false,false,false,false,false,false,false,false,false,false,false,false,false,-82.96565,42.43542,"{
  ""coordinates"": [
    -8.296565437452080e+01,
    4.243541761891740e+01
  ],
  ""type"": ""Point""
}","{
  ""coordinates"": [
    -82.965654375,
    42.435417619
  ],
  ""type"": ""Point""
}",-82.965654375,42.4354176190001
4660,1343858,JOHN C LODGE SERVICE,GRAND,2018-04-06,6,4,2018,11,6,8,3,,1,0,Concrete,1,2,1,30,3,2,2,5,0,0,0,0,true,false,false,false,false,false,false,false,false,false,false,false,false,true,false,false,false,false,false,false,false,false,-83.08182,42.36722,"{
  ""coordinates"": [
    -8.308181592014979e+01,
    4.236721664723230e+01
  ],
  ""type"": ""Point""
}","{
  ""coordinates"": [
    -83.08181592,
    42.367216647
  ],
  ""type"": ""Point""
}",-83.0818159199999,42.3672166470001
4661,1345579,HAYES,LINNHURST,2018-04-06,6,4,2018,15,6,4,9,,4,0,Asphalt,1,2,1,30,2,2,2,4,0,0,0,1,false,false,false,false,false,false,false,false,false,false,false,false,false,false,true,false,false,false,false,false,false,false,-82.96539,42.43167,"{
  ""coordinates"": [
    -8.296539656178329e+01,
    4.243166670481470e+01
  ],
  ""type"": ""Point""
}","{
  ""coordinates"": [
    -82.965396562,
    42.431666705
  ],
  ""type"": ""Point""
}",-82.965396562,42.4316667050001
4662,1343862,S M 10 SERVICE DRIVE,NOBLE,2018-04-06,6,4,2018,21,6,1,9,,4,0,,3,8,4,30,1,1,1,5,0,0,0,0,true,false,false,false,false,false,false,false,false,false,false,false,false,false,false,false,false,false,false,false,false,false,-83.06805,42.34226,"{
  ""coordinates"": [
    -8.306805052388771e+01,
    4.234226054626910e+01
  ],
  ""type"": ""Point""
}","{
  ""coordinates"": [
    -83.068050524,
    42.342260546
  ],
  ""type"": ""Point""
}",-83.0680505239999,42.342260546
4663,1343870,FORT,DRAGOON,2018-04-06,6,4,2018,6,6,6,3,,1,0,Asphalt,2,5,1,35,2,2,2,5,0,0,0,0,true,false,false,false,false,false,false,false,false,false,false,false,false,false,false,true,false,false,false,false,false,false,-83.102,42.30726,"{
  ""coordinates"": [
    -8.310199526684360e+01,
    4.230725731889540e+01
  ],
  ""type"": ""Point""
}","{
  ""coordinates"": [
    -83.101995267,
    42.307257319
  ],
  ""type"": ""Point""
}",-83.1019952669999,42.307257319
4664,1378569,E I 96 CD,GREENFIELD,2018-04-06,6,4,2018,22,6,98,1,,1,0,Concrete,1,1,4,70,4,2,3,5,0,0,0,0,true,false,false,false,true,false,false,false,false,false,false,false,false,false,false,false,false,false,false,false,false,false,-83.20003,42.37887,"{
  ""coordinates"": [
    -8.320003125188479e+01,
    4.237887267141930e+01
  ],
  ""type"": ""Point""
}","{
  ""coordinates"": [
    -83.200031252,
    42.378872671
  ],
  ""type"": ""Point""
}",-83.200031252,42.3788726710001
4665,1343850,CURTIS,MURRAY HILL,2018-04-06,6,4,2018,14,6,4,9,,,0,,1,1,1,25,4,2,1,5,0,0,0,0,true,false,false,false,true,false,false,false,false,false,false,false,false,false,false,false,false,false,false,false,false,false,-83.20821,42.42299,"{
  ""coordinates"": [
    -8.320820606598031e+01,
    4.242298793851150e+01
  ],
  ""type"": ""Point""
}","{
  ""coordinates"": [
    -83.208206066,
    42.422987939
  ],
  ""type"": ""Point""
}",-83.2082060659999,42.4229879390001
4666,1502754,SAN JUAN,SANTA CLARA,2018-04-06,6,4,2018,2,6,98,9,,,0,,1,1,4,25,2,3,2,3,0,0,1,0,false,false,false,false,true,false,false,false,false,false,false,true,false,false,false,false,false,false,false,false,false,false,-83.14644,42.4202,"{
  ""coordinates"": [
    -8.314643493182341e+01,
    4.242020099772920e+01
  ],
  ""type"": ""Point""
}","{
  ""coordinates"": [
    -83.146434932,
    42.420200998
  ],
  ""type"": ""Point""
}",-83.146434932,42.420200998
4667,1343883,8 MILE,HOOVER,2018-04-06,6,4,2018,20,6,5,3,,1,0,Asphalt,1,1,4,40,8,2,1,5,0,0,0,0,true,false,false,false,false,false,false,false,false,false,false,false,false,false,false,false,false,false,false,false,false,false,-83.00913,42.44862,"{
  ""coordinates"": [
    -8.300913618381790e+01,
    4.244861501423080e+01
  ],
  ""type"": ""Point""
}","{
  ""coordinates"": [
    -83.009136184,
    42.448615014
  ],
  ""type"": ""Point""
}",-83.0091361839999,42.448615014
4668,1343895,CHRYSLER SERVICE,8 MILE,2018-04-06,6,4,2018,12,6,8,1,,1,0,Asphalt,1,1,1,30,3,2,2,5,0,0,0,0,true,false,false,false,false,false,false,false,false,false,false,false,false,false,false,false,false,false,false,false,false,false,-83.09492,42.44683,"{
  ""coordinates"": [
    -8.309492829132751e+01,
    4.244682769654940e+01
  ],
  ""type"": ""Point""
}","{
  ""coordinates"": [
    -83.094928291,
    42.446827697
  ],
  ""type"": ""Point""
}",-83.094928291,42.4468276970001
4669,1352400,GRANDRIVER,WOODWARD,2018-04-06,6,4,2018,7,6,97,3,,4,0,Asphalt,2,5,2,30,3,2,1,2,0,1,0,0,false,false,false,false,false,false,false,false,false,false,false,false,true,false,false,false,false,false,false,false,false,false,-83.05322,42.34007,"{
  ""coordinates"": [
    -8.305322012814320e+01,
    4.234006699795460e+01
  ],
  ""type"": ""Point""
}","{
  ""coordinates"": [
    -83.053220128,
    42.340066998
  ],
  ""type"": ""Point""
}",-83.053220128,42.3400669980001
4670,1343898,HARPER,FISCHER,2018-04-06,6,4,2018,17,6,3,9,,4,0,Asphalt,1,2,1,30,4,2,2,4,0,0,0,2,false,false,false,false,true,false,false,false,false,false,false,false,false,false,false,false,false,false,false,false,false,false,-83.01448,42.39069,"{
  ""coordinates"": [
    -8.301447851865851e+01,
    4.239068886071160e+01
  ],
  ""type"": ""Point""
}","{
  ""coordinates"": [
    -83.014478519,
    42.390688861
  ],
  ""type"": ""Point""
}",-83.014478519,42.3906888610001
4671,1350284,7 MILE,KELLY,2018-04-06,6,4,2018,19,6,8,9,,4,0,Asphalt,2,5,5,35,2,2,1,5,0,0,0,0,true,false,false,false,true,false,false,false,false,false,false,false,false,false,false,false,false,false,false,false,false,false,-82.95229,42.43565,"{
  ""coordinates"": [
    -8.295229094039580e+01,
    4.243565512852990e+01
  ],
  ""type"": ""Point""
}","{
  ""coordinates"": [
    -82.95229094,
    42.435655129
  ],
  ""type"": ""Point""
}",-82.95229094,42.4356551290001
4672,1343906,GRATIOT,LIBERAL,2018-04-06,6,4,2018,9,6,5,3,,1,0,Asphalt,1,1,1,30,8,2,2,5,0,0,0,0,true,false,false,false,false,false,false,false,false,false,false,false,false,false,false,false,false,false,false,false,false,false,-82.97454,42.43987,"{
  ""coordinates"": [
    -8.297454205239210e+01,
    4.243986597475310e+01
  ],
  ""type"": ""Point""
}","{
  ""coordinates"": [
    -82.974542052,
    42.439865975
  ],
  ""type"": ""Point""
}",-82.9745420519999,42.439865975
4673,1346364,WINSTON,SANTA MARIA,2018-04-06,6,4,2018,19,6,8,9,,,0,,1,1,4,25,2,2,0,5,0,0,0,0,true,true,false,false,true,false,false,false,false,false,false,false,false,false,false,false,false,false,false,false,false,false,-83.28376,42.41727,"{
  ""coordinates"": [
    -8.328375637457430e+01,
    4.241726839637110e+01
  ],
  ""type"": ""Point""
}","{
  ""coordinates"": [
    -83.283756375,
    42.417268396
  ],
  ""type"": ""Point""
}",-83.2837563749999,42.4172683960001
4674,1343890,BYRON,TAYLOR,2018-04-06,6,4,2018,9,6,98,9,,,0,,1,2,1,25,4,2,2,5,0,0,0,0,true,false,false,false,true,false,false,false,false,false,false,false,false,false,false,false,false,false,false,false,false,false,-83.0931,42.37771,"{
  ""coordinates"": [
    -8.309310266969820e+01,
    4.237771232220630e+01
  ],
  ""type"": ""Point""
}","{
  ""coordinates"": [
    -83.09310267,
    42.377712322
  ],
  ""type"": ""Point""
}",-83.09310267,42.377712322
4675,1346391,MCNICHOLS,HUBBELL,2018-04-06,6,4,2018,21,6,4,9,,2,0,Asphalt,1,1,5,30,2,2,2,5,0,0,0,0,true,false,false,false,true,false,false,false,false,false,false,false,false,false,false,false,false,false,false,false,false,false,-83.18955,42.41646,"{
  ""coordinates"": [
    -8.318955500818090e+01,
    4.241645917406950e+01
  ],
  ""type"": ""Point""
}","{
  ""coordinates"": [
    -83.189555008,
    42.416459174
  ],
  ""type"": ""Point""
}",-83.189555008,42.4164591740001
4676,1355594,WARREN,OUTER,2018-04-06,6,4,2018,6,6,4,9,,2,0,Asphalt,2,4,2,35,5,2,2,5,0,0,0,0,true,false,true,true,false,false,false,false,false,false,false,false,false,false,false,false,false,false,false,false,false,false,-83.2522,42.34203,"{
  ""coordinates"": [
    -8.325219596432621e+01,
    4.234203057609340e+01
  ],
  ""type"": ""Point""
}","{
  ""coordinates"": [
    -83.252195964,
    42.342030576
  ],
  ""type"": ""Point""
}",-83.252195964,42.3420305760001
4677,1343846,PLYMOUTH,MARK TWAIN,2018-04-06,6,4,2018,19,6,3,9,,4,0,Asphalt,1,1,3,30,2,2,2,5,0,0,0,0,true,false,false,false,false,false,false,false,false,false,false,false,false,false,false,false,false,false,false,false,false,false,-83.18559,42.37288,"{
  ""coordinates"": [
    -8.318558567224621e+01,
    4.237287803041180e+01
  ],
  ""type"": ""Point""
}","{
  ""coordinates"": [
    -83.185585672,
    42.37287803
  ],
  ""type"": ""Point""
}",-83.1855856719999,42.37287803
4678,1349297,WARD,MIDLAND,2018-04-06,6,4,2018,0,6,2,9,,,2,,2,98,5,25,1,3,0,5,0,0,0,0,true,false,false,false,true,false,false,false,false,true,false,false,false,false,false,false,false,false,false,false,false,false,-83.17388,42.40582,"{
  ""coordinates"": [
    -8.317388485858690e+01,
    4.240582228666990e+01
  ],
  ""type"": ""Point""
}","{
  ""coordinates"": [
    -83.173884859,
    42.405822287
  ],
  ""type"": ""Point""
}",-83.1738848589999,42.405822287
4679,1343899,CONANT,NEVADA,2018-04-06,6,4,2018,13,6,5,9,,4,0,Asphalt,1,1,1,35,4,2,6,4,0,0,0,1,false,false,false,false,true,false,false,false,false,false,false,false,false,false,true,false,false,false,false,false,false,false,-83.0686,42.42582,"{
  ""coordinates"": [
    -8.306860401989060e+01,
    4.242582045286170e+01
  ],
  ""type"": ""Point""
}","{
  ""coordinates"": [
    -83.06860402,
    42.425820453
  ],
  ""type"": ""Point""
}",-83.06860402,42.425820453
4680,1343896,ST AUBIN,LARNED,2018-04-06,6,4,2018,18,6,6,9,,4,0,Asphalt,1,1,1,30,6,2,2,5,0,0,0,0,true,false,false,false,false,false,false,false,false,false,false,false,false,false,false,false,false,false,false,false,false,false,-83.02824,42.33678,"{
  ""coordinates"": [
    -8.302823992540300e+01,
    4.233677828680230e+01
  ],
  ""type"": ""Point""
}","{
  ""coordinates"": [
    -83.028239925,
    42.336778287
  ],
  ""type"": ""Point""
}",-83.028239925,42.3367782870001
4681,1351282,PEMBROKE,ASHTON,2018-04-06,6,4,2018,8,6,4,9,,,0,,2,5,2,25,2,2,2,4,0,0,0,1,false,false,false,false,false,false,false,false,false,true,false,false,false,true,false,false,false,false,false,false,false,false,-83.22072,42.43722,"{
  ""coordinates"": [
    -8.322072219221479e+01,
    4.243721794712090e+01
  ],
  ""type"": ""Point""
}","{
  ""coordinates"": [
    -83.220722192,
    42.437217947
  ],
  ""type"": ""Point""
}",-83.220722192,42.4372179470001
4682,1343834,S I 75,14TH,2018-04-06,6,4,2018,9,6,1,1,,1,1,Concrete,2,2,1,55,1,1,2,5,0,0,0,0,true,false,false,false,false,false,false,false,false,true,false,false,false,false,false,false,false,false,false,false,false,false,-83.07689,42.33254,"{
  ""coordinates"": [
    -8.307689197469089e+01,
    4.233254283530740e+01
  ],
  ""type"": ""Point""
}","{
  ""coordinates"": [
    -83.076891975,
    42.332542835
  ],
  ""type"": ""Point""
}",-83.076891975,42.332542835
4683,1345592,8 MILE,HOOVER,2018-04-06,6,4,2018,18,6,97,3,,1,1,Asphalt,3,7,1,40,3,1,1,5,0,0,0,0,true,false,false,false,false,false,false,false,false,false,false,false,false,false,false,false,false,false,false,false,false,false,-83.00519,42.44882,"{
  ""coordinates"": [
    -8.300518505979360e+01,
    4.244881902056600e+01
  ],
  ""type"": ""Point""
}","{
  ""coordinates"": [
    -83.00518506,
    42.448819021
  ],
  ""type"": ""Point""
}",-83.00518506,42.4488190210001
4684,1352424,PRENTIS,2ND,2018-04-06,6,4,2018,23,6,4,9,,,0,,1,1,4,25,2,2,2,5,0,0,0,0,true,false,false,false,false,false,false,false,false,false,false,false,false,false,false,false,false,false,false,false,false,false,-83.06722,42.35227,"{
  ""coordinates"": [
    -8.306722510389450e+01,
    4.235226942993370e+01
  ],
  ""type"": ""Point""
}","{
  ""coordinates"": [
    -83.067225104,
    42.35226943
  ],
  ""type"": ""Point""
}",-83.067225104,42.35226943
4685,1351100,N/B M 10,CLAIRMOUNT,2018-04-06,6,4,2018,14,6,1,3,,1,1,Concrete,1,2,1,55,3,1,2,5,0,0,0,0,true,false,false,false,false,true,false,false,false,false,false,false,false,false,false,false,false,false,false,false,false,false,-83.08932,42.37843,"{
  ""coordinates"": [
    -8.308931849951669e+01,
    4.237842539558990e+01
  ],
  ""type"": ""Point""
}","{
  ""coordinates"": [
    -83.0893185,
    42.378425396
  ],
  ""type"": ""Point""
}",-83.0893185,42.3784253960001
4686,1349251,E/B EIGHT MILE,GREENVIEW,2018-04-05,5,4,2018,6,5,8,3,,1,0,Asphalt,2,5,3,35,4,2,1,5,0,0,0,0,true,false,false,false,true,false,false,false,false,false,false,false,false,false,false,true,false,false,false,false,false,false,-83.22593,42.44404,"{
  ""coordinates"": [
    -8.322593184409180e+01,
    4.244403990399360e+01
  ],
  ""type"": ""Point""
}","{
  ""coordinates"": [
    -83.225931844,
    42.444039904
  ],
  ""type"": ""Point""
}",-83.2259318439999,42.4440399040001