ObjectId,Crash ID,Primary Road,Intersecting Road,Crash Date,Day,Month,Year,Hour,Weekday,Crash Type Code,Highway Classification Code,Community Code,Jurisdiction Code,Lane Departure Type Code,Surface Type,Road Condition,Weather Condition,Lighting Condition,Speed Limit,Lanes,Units,Occupants,Most Severe Injury,Fatal Injuries,Suspected Serious Injuries,Suspected Minor Injuries,Possible Injuries,Property Damage Only,Secondary Crash,Traffic Control,Red Light Run,Hit and Run,Alcohol,Drugs,Unbelted Person,Work Zone,Speeding Driver,Distracted Driver,Driveway,Pedestrian,Elderly Driver,Young Driver,Commercial Vehicle,Emergency Vehicles,Train,School Bus,Motorcycle,Bicycle,Deer,Longitude,Latitude,geom,geog,x,y
4687,1345522,I-94,JUNCTION,2018-04-05,5,4,2018,7,5,5,1,,1,0,Asphalt,1,1,2,55,3,2,1,5,0,0,0,0,true,false,false,false,true,false,false,false,false,false,true,false,false,false,false,false,false,false,false,false,false,false,-83.11822,42.34068,"{
  ""coordinates"": [
    -8.311821909330951e+01,
    4.234067787147040e+01
  ],
  ""type"": ""Point""
}","{
  ""coordinates"": [
    -83.118219093,
    42.340677871
  ],
  ""type"": ""Point""
}",-83.1182190929999,42.340677871
4688,1351222,PURITAN,MUIRLAND,2018-04-05,5,4,2018,15,5,2,9,,4,0,Asphalt,98,98,98,25,2,2,0,5,0,0,0,0,true,false,false,false,true,false,false,false,false,false,false,false,false,false,false,false,false,false,false,false,false,false,-83.13363,42.41002,"{
  ""coordinates"": [
    -8.313362818353259e+01,
    4.241001614371900e+01
  ],
  ""type"": ""Point""
}","{
  ""coordinates"": [
    -83.133628184,
    42.410016144
  ],
  ""type"": ""Point""
}",-83.133628184,42.4100161440001
4689,1351169,I 94,ADDISON,2018-04-05,5,4,2018,14,5,5,1,,1,0,Asphalt,1,1,1,55,3,2,2,5,0,0,0,0,true,false,false,false,true,false,false,false,false,false,false,false,false,false,false,false,false,false,false,false,false,false,-83.151,42.33018,"{
  ""coordinates"": [
    -8.315100291630020e+01,
    4.233018495992410e+01
  ],
  ""type"": ""Point""
}","{
  ""coordinates"": [
    -83.151002916,
    42.33018496
  ],
  ""type"": ""Point""
}",-83.151002916,42.3301849600001
4690,1343929,7 MILE,GODDARD,2018-04-05,5,4,2018,15,5,5,9,,4,0,Asphalt,1,1,1,35,2,4,4,5,0,0,0,0,true,false,false,false,false,false,false,false,false,false,false,false,false,false,true,false,false,false,false,false,false,false,-83.07811,42.43291,"{
  ""coordinates"": [
    -8.307810673129580e+01,
    4.243291516052980e+01
  ],
  ""type"": ""Point""
}","{
  ""coordinates"": [
    -83.078106731,
    42.432915161
  ],
  ""type"": ""Point""
}",-83.0781067309999,42.432915161
4691,1343881,JEFFERSON,HARDING,2018-04-05,5,4,2018,10,5,5,9,,4,0,Asphalt,1,1,1,40,8,2,2,5,0,0,0,0,true,false,false,false,false,false,false,false,false,false,false,false,false,false,false,false,false,false,false,false,false,false,-82.977,42.36395,"{
  ""coordinates"": [
    -8.297700037652150e+01,
    4.236395320487920e+01
  ],
  ""type"": ""Point""
}","{
  ""coordinates"": [
    -82.977000377,
    42.363953205
  ],
  ""type"": ""Point""
}",-82.977000377,42.363953205
4692,1349213,EUCLID,2ND,2018-04-05,5,4,2018,16,5,4,9,,4,0,Asphalt,1,1,1,25,4,2,2,5,0,0,0,0,true,false,true,false,false,false,false,false,false,false,false,false,false,true,false,false,false,false,false,false,false,false,-83.08089,42.37608,"{
  ""coordinates"": [
    -8.308089114411651e+01,
    4.237607697008070e+01
  ],
  ""type"": ""Point""
}","{
  ""coordinates"": [
    -83.080891144,
    42.37607697
  ],
  ""type"": ""Point""
}",-83.080891144,42.37607697
4693,1342743,MCNICHOLS,STANSBURY,2018-04-05,5,4,2018,18,5,5,9,,2,0,Asphalt,1,1,1,35,5,2,1,5,0,0,0,0,true,false,false,false,true,false,false,false,false,false,false,false,false,false,false,false,false,false,false,false,false,false,-83.18341,42.41655,"{
  ""coordinates"": [
    -8.318341138940900e+01,
    4.241654754097960e+01
  ],
  ""type"": ""Point""
}","{
  ""coordinates"": [
    -83.183411389,
    42.416547541
  ],
  ""type"": ""Point""
}",-83.183411389,42.4165475410001
4694,1345557,CHANDLER,NEFF,2018-04-05,5,4,2018,22,5,4,9,,2,0,Asphalt,1,1,5,35,4,2,3,5,0,0,0,0,true,false,false,false,false,false,false,false,false,false,false,false,false,false,false,false,false,false,false,false,false,false,-82.92793,42.41279,"{
  ""coordinates"": [
    -8.292793423824230e+01,
    4.241279160421400e+01
  ],
  ""type"": ""Point""
}","{
  ""coordinates"": [
    -82.927934238,
    42.412791604
  ],
  ""type"": ""Point""
}",-82.927934238,42.4127916040001
4695,1343932,KLINGER,WINCHESTER,2018-04-05,5,4,2018,2,5,4,9,,,0,,1,1,4,,1,2,1,5,0,0,0,0,true,true,false,false,true,false,false,false,false,false,false,false,false,false,false,false,false,false,false,false,false,false,-83.06997,42.44539,"{
  ""coordinates"": [
    -8.306996547211050e+01,
    4.244538789564410e+01
  ],
  ""type"": ""Point""
}","{
  ""coordinates"": [
    -83.069965472,
    42.445387896
  ],
  ""type"": ""Point""
}",-83.069965472,42.4453878960001
4696,1343891,CANFIELD,ST AUBIN,2018-04-05,5,4,2018,18,5,5,9,,4,0,Asphalt,1,1,1,25,2,2,2,5,0,0,0,0,true,false,false,false,true,false,false,false,false,false,false,false,false,false,false,false,false,false,false,false,false,false,-83.04158,42.36022,"{
  ""coordinates"": [
    -8.304157742860890e+01,
    4.236022058591070e+01
  ],
  ""type"": ""Point""
}","{
  ""coordinates"": [
    -83.041577429,
    42.360220586
  ],
  ""type"": ""Point""
}",-83.041577429,42.360220586
4697,1349302,PURITAN,BELDEN,2018-04-05,5,4,2018,2,5,8,9,,4,0,Asphalt,1,1,4,30,2,2,1,5,0,0,0,0,true,false,false,false,true,false,false,false,false,true,false,false,false,false,false,false,false,false,false,false,false,false,-83.13533,42.41,"{
  ""coordinates"": [
    -8.313532973475810e+01,
    4.240999906432300e+01
  ],
  ""type"": ""Point""
}","{
  ""coordinates"": [
    -83.135329735,
    42.409999064
  ],
  ""type"": ""Point""
}",-83.135329735,42.409999064
4698,1343925,FRANKFORT,CHATSWORTH,2018-04-05,5,4,2018,17,5,4,9,,,0,,1,1,1,25,2,2,1,4,0,0,0,1,false,false,false,false,false,false,false,false,false,false,false,false,false,false,false,false,false,false,false,false,false,false,-82.94665,42.402,"{
  ""coordinates"": [
    -8.294664408035290e+01,
    4.240199609600000e+01
  ],
  ""type"": ""Point""
}","{
  ""coordinates"": [
    -82.94664408,
    42.401996096
  ],
  ""type"": ""Point""
}",-82.9466440799999,42.4019960960001
4699,1346376,8 MILE,DWYER,2018-04-05,5,4,2018,16,5,8,3,,1,0,Asphalt,1,1,1,,3,2,2,5,0,0,0,0,true,false,false,false,true,false,false,false,false,false,false,false,false,false,false,false,false,false,false,false,false,false,-83.04174,42.44783,"{
  ""coordinates"": [
    -8.304174341937670e+01,
    4.244782631719900e+01
  ],
  ""type"": ""Point""
}","{
  ""coordinates"": [
    -83.041743419,
    42.447826317
  ],
  ""type"": ""Point""
}",-83.0417434189999,42.4478263170001
4700,1343926,8 MILE,SYRACUSE,2018-04-05,5,4,2018,17,5,8,3,,1,0,Asphalt,1,1,1,40,4,2,1,5,0,0,0,0,true,false,false,false,true,false,false,false,false,false,false,false,false,false,false,false,false,false,false,false,false,false,-83.04647,42.44769,"{
  ""coordinates"": [
    -8.304647222953390e+01,
    4.244769124340510e+01
  ],
  ""type"": ""Point""
}","{
  ""coordinates"": [
    -83.04647223,
    42.447691243
  ],
  ""type"": ""Point""
}",-83.0464722299999,42.4476912430001
4701,1345531,I-94,I-75,2018-04-05,5,4,2018,16,5,5,1,,1,0,Concrete,1,1,1,55,3,2,3,5,0,0,0,0,true,false,false,false,false,false,false,false,false,false,false,false,false,false,false,false,false,false,false,false,false,false,-83.05842,42.36819,"{
  ""coordinates"": [
    -8.305841716943760e+01,
    4.236819110463210e+01
  ],
  ""type"": ""Point""
}","{
  ""coordinates"": [
    -83.058417169,
    42.368191105
  ],
  ""type"": ""Point""
}",-83.0584171689999,42.3681911050001
4702,1345523,I 75,MEADE,2018-04-05,5,4,2018,15,5,8,1,,1,0,Concrete,1,1,1,55,3,2,1,5,0,0,0,0,true,false,false,false,true,false,false,false,false,false,false,false,false,false,false,false,false,false,false,false,false,false,-83.075,42.40598,"{
  ""coordinates"": [
    -8.307500801907680e+01,
    4.240598274263070e+01
  ],
  ""type"": ""Point""
}","{
  ""coordinates"": [
    -83.075008019,
    42.405982743
  ],
  ""type"": ""Point""
}",-83.0750080189999,42.405982743
4703,1342762,ALTER,WAVENEY,2018-04-05,5,4,2018,16,5,5,9,,4,0,Asphalt,1,1,1,30,2,2,2,4,0,0,0,1,false,false,false,false,false,false,false,false,false,false,false,false,false,false,false,false,false,false,false,false,false,false,-82.95088,42.39206,"{
  ""coordinates"": [
    -8.295088428449060e+01,
    4.239205624955010e+01
  ],
  ""type"": ""Point""
}","{
  ""coordinates"": [
    -82.950884284,
    42.39205625
  ],
  ""type"": ""Point""
}",-82.950884284,42.3920562500001
4704,1343856,JOHN C LODGE SERVICE,GRAND,2018-04-05,5,4,2018,13,5,4,3,,1,0,Concrete,1,1,1,25,3,2,3,4,0,0,0,2,false,false,false,false,false,false,false,false,false,false,false,false,false,false,false,false,false,false,false,false,false,false,-83.08183,42.36724,"{
  ""coordinates"": [
    -8.308183435849780e+01,
    4.236724221659930e+01
  ],
  ""type"": ""Point""
}","{
  ""coordinates"": [
    -83.081834358,
    42.367242217
  ],
  ""type"": ""Point""
}",-83.081834358,42.3672422170001
4705,1346345,MEMORIAL,FULLERTON,2018-04-05,5,4,2018,20,5,5,9,,,0,,1,1,4,25,2,2,0,5,0,0,0,0,true,false,false,false,true,false,false,false,false,false,false,false,false,false,false,false,false,false,false,false,false,false,-83.21234,42.38034,"{
  ""coordinates"": [
    -8.321234196086340e+01,
    4.238033529409440e+01
  ],
  ""type"": ""Point""
}","{
  ""coordinates"": [
    -83.212341961,
    42.380335294
  ],
  ""type"": ""Point""
}",-83.2123419609999,42.3803352940001
4706,1342785,CLAIRMONT,LODGE SERVICE,2018-04-05,5,4,2018,8,5,9,9,,4,0,Asphalt,1,1,1,,2,2,2,5,0,0,0,0,true,false,false,false,true,false,false,false,false,false,false,false,false,false,false,false,false,false,false,false,false,false,-83.0896,42.37996,"{
  ""coordinates"": [
    -8.308960119620920e+01,
    4.237995861414270e+01
  ],
  ""type"": ""Point""
}","{
  ""coordinates"": [
    -83.089601196,
    42.379958614
  ],
  ""type"": ""Point""
}",-83.089601196,42.379958614
4707,1343887,ARCHDALE,WHITLOCK,2018-04-05,5,4,2018,19,5,5,9,,,0,,1,1,1,25,2,2,2,5,0,0,0,0,true,false,false,false,false,false,false,false,false,false,false,false,false,false,false,false,false,false,false,false,false,false,-83.21458,42.33982,"{
  ""coordinates"": [
    -8.321457636766741e+01,
    4.233981618099550e+01
  ],
  ""type"": ""Point""
}","{
  ""coordinates"": [
    -83.214576368,
    42.339816181
  ],
  ""type"": ""Point""
}",-83.2145763679999,42.3398161810001
4708,1343905,LAPPIN,GRATIOT,2018-04-05,5,4,2018,18,5,4,3,,,0,,1,1,3,25,2,2,1,5,0,0,0,0,true,false,false,false,true,false,false,false,false,false,false,false,false,true,false,false,false,false,false,false,false,false,-82.97659,42.43716,"{
  ""coordinates"": [
    -8.297658725039651e+01,
    4.243716106008600e+01
  ],
  ""type"": ""Point""
}","{
  ""coordinates"": [
    -82.97658725,
    42.43716106
  ],
  ""type"": ""Point""
}",-82.97658725,42.4371610600001
4709,1474326,BILTMORE,PURITAN,2018-04-05,5,4,2018,14,5,9,9,,,2,,1,1,1,15,1,2,0,5,0,0,0,0,true,false,false,false,true,false,false,false,false,true,false,false,false,false,false,false,false,false,false,false,false,false,-83.21069,42.40822,"{
  ""coordinates"": [
    -8.321068676533270e+01,
    4.240822016067450e+01
  ],
  ""type"": ""Point""
}","{
  ""coordinates"": [
    -83.210686765,
    42.408220161
  ],
  ""type"": ""Point""
}",-83.2106867649999,42.408220161
4710,1352390,N I 75 SERVICE DRIVE,WOODWARD,2018-04-05,5,4,2018,22,5,8,3,,4,0,Asphalt,1,1,4,25,2,2,1,5,0,0,0,0,true,false,false,false,true,false,false,false,false,false,false,false,false,false,false,false,false,false,false,false,false,false,-83.0527,42.33962,"{
  ""coordinates"": [
    -8.305270490422080e+01,
    4.233961958581770e+01
  ],
  ""type"": ""Point""
}","{
  ""coordinates"": [
    -83.052704904,
    42.339619586
  ],
  ""type"": ""Point""
}",-83.0527049039999,42.339619586
4711,1343874,DEARBORN,CARBON,2018-04-05,5,4,2018,16,5,4,9,,4,0,Asphalt,1,1,1,30,2,2,2,5,0,0,0,0,true,false,false,false,false,false,false,false,false,false,true,false,false,false,false,false,false,false,false,false,false,false,-83.12936,42.29311,"{
  ""coordinates"": [
    -8.312935929427429e+01,
    4.229311196045990e+01
  ],
  ""type"": ""Point""
}","{
  ""coordinates"": [
    -83.129359294,
    42.29311196
  ],
  ""type"": ""Point""
}",-83.129359294,42.29311196
4712,1343871,JUNCTION,N I 75,2018-04-05,5,4,2018,15,5,8,9,,1,0,Concrete,1,1,1,25,2,2,2,5,0,0,0,0,true,false,false,false,false,false,false,false,false,false,false,false,false,false,false,true,false,false,false,false,false,false,-83.09702,42.31112,"{
  ""coordinates"": [
    -8.309701223072580e+01,
    4.231111604871380e+01
  ],
  ""type"": ""Point""
}","{
  ""coordinates"": [
    -83.097012231,
    42.311116049
  ],
  ""type"": ""Point""
}",-83.097012231,42.3111160490001
4713,1343885,CHANDLER PARK,NEFF,2018-04-05,5,4,2018,19,5,4,9,,2,0,Asphalt,1,1,4,30,3,2,1,5,0,0,0,0,true,false,false,false,true,false,false,false,false,false,false,false,false,false,false,false,false,false,false,false,false,false,-82.92809,42.41273,"{
  ""coordinates"": [
    -8.292809139556159e+01,
    4.241273287501050e+01
  ],
  ""type"": ""Point""
}","{
  ""coordinates"": [
    -82.928091396,
    42.412732875
  ],
  ""type"": ""Point""
}",-82.928091396,42.4127328750001
4714,1343849,DAVISON,TURNER,2018-04-05,5,4,2018,15,5,4,9,,4,0,Asphalt,1,1,1,35,4,2,2,5,0,0,0,0,true,false,false,false,false,false,false,false,false,false,false,false,false,true,false,false,false,false,false,false,false,false,-83.14813,42.38635,"{
  ""coordinates"": [
    -8.314813391471560e+01,
    4.238634926847080e+01
  ],
  ""type"": ""Point""
}","{
  ""coordinates"": [
    -83.148133915,
    42.386349268
  ],
  ""type"": ""Point""
}",-83.148133915,42.3863492680001
4715,1343860,I 94 SERVICE,JOHN R,2018-04-05,5,4,2018,7,5,8,1,,4,0,Asphalt,1,1,1,35,5,2,2,5,0,0,0,0,true,false,false,false,false,false,false,false,false,false,false,false,false,false,false,false,false,false,false,false,false,false,-83.06656,42.36428,"{
  ""coordinates"": [
    -8.306655616728870e+01,
    4.236428276076040e+01
  ],
  ""type"": ""Point""
}","{
  ""coordinates"": [
    -83.066556167,
    42.364282761
  ],
  ""type"": ""Point""
}",-83.066556167,42.364282761
4716,1343851,GRAND RIVER,ADAMS,2018-04-05,5,4,2018,11,5,5,3,,1,0,Asphalt,1,1,1,35,3,2,2,5,0,0,0,0,true,false,false,false,false,false,false,false,false,false,true,false,false,true,false,false,false,false,false,false,false,false,-83.05537,42.33494,"{
  ""coordinates"": [
    -8.305537388472720e+01,
    4.233493957327490e+01
  ],
  ""type"": ""Point""
}","{
  ""coordinates"": [
    -83.055373885,
    42.334939573
  ],
  ""type"": ""Point""
}",-83.0553738849999,42.334939573
4717,1343845,PLYMOUTH,IRISST,2018-04-05,5,4,2018,3,5,1,9,,4,1,Asphalt,1,1,4,30,4,1,1,5,0,0,0,0,true,false,false,false,false,false,false,false,false,false,false,false,false,false,false,false,false,false,false,false,false,false,-83.16991,42.37319,"{
  ""coordinates"": [
    -8.316991634476300e+01,
    4.237319127030250e+01
  ],
  ""type"": ""Point""
}","{
  ""coordinates"": [
    -83.169916345,
    42.37319127
  ],
  ""type"": ""Point""
}",-83.169916345,42.3731912700001
4718,1352389,JEFFERSON,RANDOLPH,2018-04-05,5,4,2018,8,5,5,3,,1,0,Asphalt,1,1,1,35,3,2,2,5,0,0,0,0,true,false,false,false,false,false,false,false,false,false,false,false,false,false,false,false,false,false,false,false,false,false,-83.04199,42.32959,"{
  ""coordinates"": [
    -8.304199028554770e+01,
    4.232959179875550e+01
  ],
  ""type"": ""Point""
}","{
  ""coordinates"": [
    -83.041990286,
    42.329591799
  ],
  ""type"": ""Point""
}",-83.041990286,42.3295917990001
4719,1342770,W I 96,GRAND,2018-04-05,5,4,2018,1,5,4,1,,1,0,Asphalt,1,1,4,35,2,2,2,5,0,0,0,0,true,false,false,false,false,false,false,false,false,false,false,false,false,false,true,false,false,false,false,false,false,false,-83.11044,42.35595,"{
  ""coordinates"": [
    -8.311044274621040e+01,
    4.235595233909220e+01
  ],
  ""type"": ""Point""
}","{
  ""coordinates"": [
    -83.110442746,
    42.355952339
  ],
  ""type"": ""Point""
}",-83.110442746,42.3559523390001
4720,1343937,SEVEN MILE,GRATIOT,2018-04-05,5,4,2018,15,5,5,3,,4,0,Asphalt,1,1,1,30,3,2,2,4,0,0,0,1,false,false,false,false,false,false,false,false,false,false,false,false,false,false,true,false,false,false,false,false,false,false,-82.97775,42.43508,"{
  ""coordinates"": [
    -8.297775537402440e+01,
    4.243507608916400e+01
  ],
  ""type"": ""Point""
}","{
  ""coordinates"": [
    -82.977755374,
    42.435076089
  ],
  ""type"": ""Point""
}",-82.977755374,42.4350760890001
4721,1352394,MADISON,BRUSH,2018-04-05,5,4,2018,22,5,5,9,,4,0,Asphalt,1,1,4,30,4,3,4,4,0,0,0,2,false,false,false,false,false,false,false,false,false,false,false,false,false,true,false,false,false,false,false,false,false,false,-83.04556,42.33749,"{
  ""coordinates"": [
    -8.304555209626810e+01,
    4.233749489349210e+01
  ],
  ""type"": ""Point""
}","{
  ""coordinates"": [
    -83.045552096,
    42.337494893
  ],
  ""type"": ""Point""
}",-83.0455520959999,42.337494893
4722,1343917,LAWRENCE,BYRON,2018-04-05,5,4,2018,22,5,5,9,,,0,,1,1,5,,2,5,2,5,0,0,0,0,true,false,false,false,false,true,false,false,false,false,false,false,false,false,false,false,true,false,false,false,false,false,-83.09924,42.38667,"{
  ""coordinates"": [
    -8.309923572703789e+01,
    4.238666983079850e+01
  ],
  ""type"": ""Point""
}","{
  ""coordinates"": [
    -83.099235727,
    42.386669831
  ],
  ""type"": ""Point""
}",-83.099235727,42.3866698310001
4723,1342745,FORT,SPRINGWELLS,2018-04-05,5,4,2018,10,5,3,3,,1,0,Asphalt,1,1,1,35,2,2,2,5,0,0,0,0,true,false,false,false,false,false,false,false,false,false,false,false,false,false,true,false,false,false,false,false,false,false,-83.1192,42.30019,"{
  ""coordinates"": [
    -8.311920185047261e+01,
    4.230019353551630e+01
  ],
  ""type"": ""Point""
}","{
  ""coordinates"": [
    -83.11920185,
    42.300193536
  ],
  ""type"": ""Point""
}",-83.11920185,42.3001935360001
4724,1346328,14590 GREENFIELD,LYNDON,2018-04-05,5,4,2018,2,5,5,9,,2,0,Asphalt,1,1,4,35,4,2,1,4,0,0,0,1,false,false,false,false,false,false,false,false,false,false,false,false,false,false,false,false,false,false,false,false,false,false,-83.19849,42.39564,"{
  ""coordinates"": [
    -8.319848285735280e+01,
    4.239564183495190e+01
  ],
  ""type"": ""Point""
}","{
  ""coordinates"": [
    -83.198482857,
    42.395641835
  ],
  ""type"": ""Point""
}",-83.198482857,42.395641835
4725,1343847,WYOMING,GRAND RIVER,2018-04-05,5,4,2018,17,5,5,3,,4,0,Asphalt,1,1,1,30,2,2,4,5,0,0,0,0,true,false,false,false,false,false,false,false,false,false,false,false,false,false,false,false,false,false,false,false,false,false,-83.15869,42.37681,"{
  ""coordinates"": [
    -8.315869288386040e+01,
    4.237681241681420e+01
  ],
  ""type"": ""Point""
}","{
  ""coordinates"": [
    -83.158692884,
    42.376812417
  ],
  ""type"": ""Point""
}",-83.1586928839999,42.3768124170001
4726,1342666,M-10,LIVERNOIS,2018-04-05,5,4,2018,8,5,97,3,,1,0,Asphalt,7,1,1,55,3,2,1,5,0,0,0,0,true,false,false,false,false,false,false,false,false,false,false,false,false,false,false,false,true,false,false,false,false,false,-83.13226,42.44628,"{
  ""coordinates"": [
    -8.313225479393620e+01,
    4.244628104274580e+01
  ],
  ""type"": ""Point""
}","{
  ""coordinates"": [
    -83.132254794,
    42.446281043
  ],
  ""type"": ""Point""
}",-83.1322547939999,42.4462810430001
4727,1343839,W I 96,RAMP 008X,2018-04-05,5,4,2018,17,5,8,1,,1,0,Concrete,1,1,1,70,3,2,2,5,0,0,0,0,true,false,false,false,true,false,false,false,false,false,false,false,false,false,false,false,false,false,false,false,false,false,-83.20724,42.37906,"{
  ""coordinates"": [
    -8.320723931345471e+01,
    4.237905959354540e+01
  ],
  ""type"": ""Point""
}","{
  ""coordinates"": [
    -83.207239313,
    42.379059594
  ],
  ""type"": ""Point""
}",-83.2072393129999,42.3790595940001
4728,1343853,2ND,GLADSTONE,2018-04-05,5,4,2018,10,5,4,9,,4,0,Asphalt,1,1,1,30,3,2,3,4,0,0,0,1,false,false,false,false,true,false,false,false,false,false,false,false,false,false,false,false,false,false,false,false,false,false,-83.08311,42.37926,"{
  ""coordinates"": [
    -8.308310707162551e+01,
    4.237925882253000e+01
  ],
  ""type"": ""Point""
}","{
  ""coordinates"": [
    -83.083107072,
    42.379258823
  ],
  ""type"": ""Point""
}",-83.083107072,42.379258823
4729,1392390,WYOMING,JAMES COUZENS,2018-04-05,5,4,2018,15,5,5,9,,4,0,Concrete,1,1,1,30,5,2,0,4,0,0,0,1,false,false,false,false,false,false,false,false,false,false,false,false,false,false,false,false,false,false,false,false,false,false,-83.15984,42.40561,"{
  ""coordinates"": [
    -8.315983420539190e+01,
    4.240560954957840e+01
  ],
  ""type"": ""Point""
}","{
  ""coordinates"": [
    -83.159834205,
    42.40560955
  ],
  ""type"": ""Point""
}",-83.159834205,42.4056095500001
4730,1355188,GRAND RIVER,HUBBELL,2018-04-05,5,4,2018,12,5,4,3,,1,0,Asphalt,1,1,1,35,3,2,1,5,0,0,0,0,true,false,false,false,true,false,false,false,false,false,false,false,false,false,false,false,false,false,false,false,false,false,-83.18847,42.38867,"{
  ""coordinates"": [
    -8.318847218589080e+01,
    4.238867204901160e+01
  ],
  ""type"": ""Point""
}","{
  ""coordinates"": [
    -83.188472186,
    42.388672049
  ],
  ""type"": ""Point""
}",-83.188472186,42.388672049
4731,1342761,OUTER,7 MILE,2018-04-05,5,4,2018,11,5,5,9,,2,0,Asphalt,1,1,1,35,5,2,4,5,0,0,0,0,true,false,false,false,false,false,false,false,false,false,false,false,false,false,true,false,false,false,false,false,false,false,-83.17576,42.43124,"{
  ""coordinates"": [
    -8.317575717005430e+01,
    4.243123654833130e+01
  ],
  ""type"": ""Point""
}","{
  ""coordinates"": [
    -83.17575717,
    42.431236548
  ],
  ""type"": ""Point""
}",-83.1757571699999,42.4312365480001
4732,1343931,GALLAGHER,DAVISON,2018-04-05,5,4,2018,0,5,5,3,,5,0,Asphalt,1,1,2,25,2,2,0,5,0,0,0,0,true,false,false,false,true,false,false,false,false,false,false,false,false,false,false,false,false,false,false,false,false,false,-83.06513,42.41486,"{
  ""coordinates"": [
    -8.306512876605700e+01,
    4.241485856703190e+01
  ],
  ""type"": ""Point""
}","{
  ""coordinates"": [
    -83.065128766,
    42.414858567
  ],
  ""type"": ""Point""
}",-83.065128766,42.4148585670001
4733,1343928,SANTA CLARA,SANTA ROSA,2018-04-05,5,4,2018,11,5,4,9,,,0,,1,1,1,,2,2,2,5,0,0,0,0,true,true,true,false,true,false,false,false,false,false,true,false,false,false,false,false,false,false,false,false,false,false,-83.14279,42.42078,"{
  ""coordinates"": [
    -8.314279140122490e+01,
    4.242077615734470e+01
  ],
  ""type"": ""Point""
}","{
  ""coordinates"": [
    -83.142791401,
    42.420776157
  ],
  ""type"": ""Point""
}",-83.142791401,42.420776157
4734,1342747,WARREN,WARWICK,2018-04-05,5,4,2018,19,5,5,9,,2,0,Asphalt,1,1,1,35,4,2,2,5,0,0,0,0,true,false,false,false,false,false,false,false,false,false,false,false,false,false,false,false,false,false,false,false,false,false,-83.22688,42.34326,"{
  ""coordinates"": [
    -8.322687265659791e+01,
    4.234325978418600e+01
  ],
  ""type"": ""Point""
}","{
  ""coordinates"": [
    -83.226872657,
    42.343259784
  ],
  ""type"": ""Point""
}",-83.2268726569999,42.3432597840001
4735,1351175,M-10,DAVISON,2018-04-05,5,4,2018,9,5,8,3,,1,0,Concrete,1,1,1,55,5,2,2,5,0,0,0,0,true,false,false,false,false,false,false,false,false,false,false,false,false,false,false,false,false,false,false,false,false,false,-83.11013,42.39779,"{
  ""coordinates"": [
    -8.311012943869110e+01,
    4.239779239041310e+01
  ],
  ""type"": ""Point""
}","{
  ""coordinates"": [
    -83.110129439,
    42.39779239
  ],
  ""type"": ""Point""
}",-83.1101294389999,42.3977923900001
4736,1342759,CONNER,WARREN,2018-04-05,5,4,2018,14,5,5,9,,4,0,Asphalt,1,1,1,30,4,2,2,5,0,0,0,0,true,false,false,false,false,false,false,false,false,false,false,false,false,false,false,false,false,false,false,false,false,false,-82.976,42.38928,"{
  ""coordinates"": [
    -8.297599985849520e+01,
    4.238927710574920e+01
  ],
  ""type"": ""Point""
}","{
  ""coordinates"": [
    -82.975999858,
    42.389277106
  ],
  ""type"": ""Point""
}",-82.975999858,42.3892771060001
4737,1343924,8 MILE,SYRACUSE,2018-04-05,5,4,2018,16,5,5,3,,1,0,Asphalt,1,1,1,40,4,2,2,5,0,0,0,0,true,false,false,false,false,false,false,false,false,false,true,false,false,true,false,false,false,false,false,false,false,false,-83.04647,42.44769,"{
  ""coordinates"": [
    -8.304647222953390e+01,
    4.244769124340510e+01
  ],
  ""type"": ""Point""
}","{
  ""coordinates"": [
    -83.04647223,
    42.447691243
  ],
  ""type"": ""Point""
}",-83.0464722299999,42.4476912430001
4738,1342750,N M 39,JOY,2018-04-05,5,4,2018,17,5,8,3,,1,0,Asphalt,1,1,1,55,3,3,3,5,0,0,0,0,true,true,false,false,false,false,false,false,false,false,false,false,false,true,false,false,false,false,false,false,false,false,-83.21638,42.35746,"{
  ""coordinates"": [
    -8.321637837900489e+01,
    4.235746025552710e+01
  ],
  ""type"": ""Point""
}","{
  ""coordinates"": [
    -83.216378379,
    42.357460256
  ],
  ""type"": ""Point""
}",-83.2163783789999,42.357460256
4739,1346381,MEYERS,CURTIS,2018-04-05,5,4,2018,13,5,9,9,,4,2,Asphalt,1,1,1,25,1,2,1,5,0,0,0,0,true,false,false,false,true,false,false,false,false,true,false,false,false,false,false,false,false,false,false,false,false,false,-83.17044,42.42402,"{
  ""coordinates"": [
    -8.317043917093289e+01,
    4.242401549860820e+01
  ],
  ""type"": ""Point""
}","{
  ""coordinates"": [
    -83.170439171,
    42.424015499
  ],
  ""type"": ""Point""
}",-83.1704391709999,42.4240154990001
4740,1345533,I-94,TARNOW,2018-04-05,5,4,2018,7,5,97,9,,4,0,Asphalt,3,1,1,55,3,2,3,5,0,0,0,0,true,false,false,false,false,false,false,false,false,true,false,false,false,false,false,false,false,false,false,false,false,false,-83.13185,42.33513,"{
  ""coordinates"": [
    -8.313185469150049e+01,
    4.233512794595320e+01
  ],
  ""type"": ""Point""
}","{
  ""coordinates"": [
    -83.131854692,
    42.335127946
  ],
  ""type"": ""Point""
}",-83.131854692,42.3351279460001