ObjectId,Crash ID,Primary Road,Intersecting Road,Crash Date,Day,Month,Year,Hour,Weekday,Crash Type Code,Highway Classification Code,Community Code,Jurisdiction Code,Lane Departure Type Code,Surface Type,Road Condition,Weather Condition,Lighting Condition,Speed Limit,Lanes,Units,Occupants,Most Severe Injury,Fatal Injuries,Suspected Serious Injuries,Suspected Minor Injuries,Possible Injuries,Property Damage Only,Secondary Crash,Traffic Control,Red Light Run,Hit and Run,Alcohol,Drugs,Unbelted Person,Work Zone,Speeding Driver,Distracted Driver,Driveway,Pedestrian,Elderly Driver,Young Driver,Commercial Vehicle,Emergency Vehicles,Train,School Bus,Motorcycle,Bicycle,Deer,Longitude,Latitude,geom,geog,x,y
4741,1343879,E I 94,MOROSS,2018-04-05,5,4,2018,12,5,5,1,,1,0,Asphalt,1,1,1,55,3,2,2,5,0,0,0,0,true,false,false,false,false,false,false,false,false,false,false,false,false,true,false,false,false,false,false,false,false,false,-82.92861,42.42455,"{
  ""coordinates"": [
    -8.292861550240561e+01,
    4.242455112810550e+01
  ],
  ""type"": ""Point""
}","{
  ""coordinates"": [
    -82.928615502,
    42.424551128
  ],
  ""type"": ""Point""
}",-82.928615502,42.4245511280001
4742,1346362,MCNICHOLS,REDFORD,2018-04-05,5,4,2018,22,5,1,9,,2,0,Concrete,1,1,4,35,4,1,1,4,0,0,0,1,false,false,false,false,false,true,false,false,false,false,false,false,false,false,false,false,false,false,false,false,false,false,-83.2623,42.41461,"{
  ""coordinates"": [
    -8.326229999397620e+01,
    4.241461052126750e+01
  ],
  ""type"": ""Point""
}","{
  ""coordinates"": [
    -83.262299994,
    42.414610521
  ],
  ""type"": ""Point""
}",-83.262299994,42.414610521
4743,1442400,M 39 N/B,PLYMOUTH,2018-04-05,5,4,2018,15,5,5,3,,1,0,Asphalt,1,1,1,55,3,2,2,4,0,0,0,1,false,false,false,false,false,false,false,false,false,false,false,false,false,false,false,false,false,false,false,false,false,false,-83.21645,42.36935,"{
  ""coordinates"": [
    -8.321645182728810e+01,
    4.236935614865660e+01
  ],
  ""type"": ""Point""
}","{
  ""coordinates"": [
    -83.216451827,
    42.369356149
  ],
  ""type"": ""Point""
}",-83.216451827,42.3693561490001
4744,1342748,JOY,N M 39 SERVICE DRIVE,2018-04-05,5,4,2018,13,5,4,9,,2,0,Asphalt,1,1,1,35,5,2,4,5,0,0,0,0,true,false,false,false,false,false,false,false,false,false,false,false,false,false,false,false,false,false,false,false,false,false,-83.21607,42.35786,"{
  ""coordinates"": [
    -8.321607209268829e+01,
    4.235785612415050e+01
  ],
  ""type"": ""Point""
}","{
  ""coordinates"": [
    -83.216072093,
    42.357856124
  ],
  ""type"": ""Point""
}",-83.216072093,42.3578561240001
4745,1343923,GABLE,MCNICHOLS,2018-04-05,5,4,2018,13,5,2,9,,,0,,1,1,1,,2,3,1,3,0,0,1,0,false,false,false,false,false,false,false,true,false,false,false,false,false,true,false,false,false,false,false,false,false,false,-83.0417,42.41909,"{
  ""coordinates"": [
    -8.304170373765440e+01,
    4.241909230754150e+01
  ],
  ""type"": ""Point""
}","{
  ""coordinates"": [
    -83.041703738,
    42.419092308
  ],
  ""type"": ""Point""
}",-83.041703738,42.4190923080001
4746,1343861,I-75 SERVICE,GRAND,2018-04-05,5,4,2018,22,5,8,9,,,0,,1,1,4,30,3,2,4,5,0,0,0,0,true,false,false,false,false,false,false,false,false,false,false,true,false,false,false,false,false,false,false,false,false,false,-83.06044,42.37385,"{
  ""coordinates"": [
    -8.306044123257909e+01,
    4.237385080954530e+01
  ],
  ""type"": ""Point""
}","{
  ""coordinates"": [
    -83.060441233,
    42.37385081
  ],
  ""type"": ""Point""
}",-83.0604412329999,42.3738508100001
4747,1343869,EDWARD,GILBERT,2018-04-05,5,4,2018,18,5,2,9,,,0,,1,1,1,25,2,2,2,5,0,0,0,0,true,false,false,false,true,false,false,false,false,false,false,false,false,false,false,false,false,false,false,false,false,false,-83.12125,42.32999,"{
  ""coordinates"": [
    -8.312124643136320e+01,
    4.232998704736580e+01
  ],
  ""type"": ""Point""
}","{
  ""coordinates"": [
    -83.121246431,
    42.329987047
  ],
  ""type"": ""Point""
}",-83.121246431,42.329987047
4748,1355584,S M 39 SERVICE DRIVE,FORD,2018-04-05,5,4,2018,12,5,5,3,,1,0,Concrete,1,1,1,25,2,2,2,5,0,0,0,0,true,false,false,false,false,false,false,false,false,false,false,false,false,true,false,false,false,false,false,false,false,false,-83.216,42.32912,"{
  ""coordinates"": [
    -8.321600660750011e+01,
    4.232912539923610e+01
  ],
  ""type"": ""Point""
}","{
  ""coordinates"": [
    -83.216006608,
    42.329125399
  ],
  ""type"": ""Point""
}",-83.216006608,42.3291253990001
4749,1346360,PURITAN,GREENFIELD,2018-04-05,5,4,2018,16,5,5,9,,4,0,Asphalt,1,1,1,35,2,2,6,5,0,0,0,0,true,false,false,false,true,false,false,false,false,false,false,false,false,false,false,false,false,false,false,false,false,false,-83.1992,42.40875,"{
  ""coordinates"": [
    -8.319919376517539e+01,
    4.240874844179340e+01
  ],
  ""type"": ""Point""
}","{
  ""coordinates"": [
    -83.199193765,
    42.408748442
  ],
  ""type"": ""Point""
}",-83.199193765,42.408748442
4750,1349232,VAN DYKE,LAFAYETTE,2018-04-04,4,4,2018,15,4,4,9,,4,3,Asphalt,2,5,1,25,4,2,0,5,0,0,0,0,true,false,false,false,true,false,false,true,false,false,true,false,false,false,false,false,false,false,false,false,false,false,-82.99609,42.35307,"{
  ""coordinates"": [
    -8.299609127577671e+01,
    4.235307112305960e+01
  ],
  ""type"": ""Point""
}","{
  ""coordinates"": [
    -82.996091276,
    42.353071123
  ],
  ""type"": ""Point""
}",-82.996091276,42.3530711230001
4751,1343878,ALTER,GOETHE,2018-04-04,4,4,2018,14,4,5,9,,4,0,Asphalt,1,1,1,35,1,2,1,5,0,0,0,0,true,false,false,false,false,false,false,false,false,false,false,false,false,false,false,false,false,false,false,false,false,false,-82.94667,42.38576,"{
  ""coordinates"": [
    -8.294667185562059e+01,
    4.238575942945490e+01
  ],
  ""type"": ""Point""
}","{
  ""coordinates"": [
    -82.946671856,
    42.385759429
  ],
  ""type"": ""Point""
}",-82.946671856,42.3857594290001
4752,1341983,CHICAGO,HARTWELL,2018-04-04,4,4,2018,17,4,2,9,,4,2,Asphalt,1,2,1,35,3,2,3,4,0,0,0,2,false,false,false,false,false,false,false,false,false,false,false,false,false,false,false,false,false,false,false,false,false,false,-83.17666,42.36581,"{
  ""coordinates"": [
    -8.317665811732959e+01,
    4.236581423156580e+01
  ],
  ""type"": ""Point""
}","{
  ""coordinates"": [
    -83.176658117,
    42.365814232
  ],
  ""type"": ""Point""
}",-83.176658117,42.365814232
4753,1343930,8 MILE,SUNSET,2018-04-04,4,4,2018,19,4,8,3,,1,0,Asphalt,1,1,1,40,3,2,6,5,0,0,0,0,true,false,false,false,true,false,false,false,false,false,false,false,false,false,false,false,false,false,false,false,false,false,-83.06163,42.44732,"{
  ""coordinates"": [
    -8.306163162299980e+01,
    4.244731950827320e+01
  ],
  ""type"": ""Point""
}","{
  ""coordinates"": [
    -83.061631623,
    42.447319508
  ],
  ""type"": ""Point""
}",-83.061631623,42.4473195080001
4754,1341993,OUTER,ROUGE PARK,2018-04-04,4,4,2018,14,4,8,9,,2,0,Asphalt,1,1,1,35,4,2,1,5,0,0,0,0,true,false,true,true,false,false,false,false,false,false,false,false,false,false,false,false,false,false,false,false,false,false,-83.26102,42.37655,"{
  ""coordinates"": [
    -8.326102777912639e+01,
    4.237654977424390e+01
  ],
  ""type"": ""Point""
}","{
  ""coordinates"": [
    -83.261027779,
    42.376549774
  ],
  ""type"": ""Point""
}",-83.261027779,42.3765497740001
4755,1346311,I 75,MCNICHOLS,2018-04-04,4,4,2018,18,4,5,1,,1,0,Asphalt,1,1,1,70,4,2,2,5,0,0,0,0,true,false,false,false,false,false,false,false,false,false,false,false,false,false,false,false,false,false,false,false,false,false,-83.08877,42.41946,"{
  ""coordinates"": [
    -8.308876570520160e+01,
    4.241946578058440e+01
  ],
  ""type"": ""Point""
}","{
  ""coordinates"": [
    -83.088765705,
    42.419465781
  ],
  ""type"": ""Point""
}",-83.088765705,42.419465781
4756,1343857,MACK,JOHN R,2018-04-04,4,4,2018,15,4,8,9,,4,0,Asphalt,1,2,1,25,3,2,2,5,0,0,0,0,true,false,false,false,true,false,false,false,false,false,false,false,false,false,false,false,false,false,false,false,false,false,-83.05592,42.34843,"{
  ""coordinates"": [
    -8.305591956492270e+01,
    4.234842546164390e+01
  ],
  ""type"": ""Point""
}","{
  ""coordinates"": [
    -83.055919565,
    42.348425462
  ],
  ""type"": ""Point""
}",-83.055919565,42.3484254620001
4757,1340986,MCKINNEY,GRAYTON,2018-04-04,4,4,2018,0,4,5,9,,,0,,2,4,4,25,1,2,1,5,0,0,0,0,true,false,false,false,true,true,false,false,false,false,false,false,false,false,false,false,false,false,false,false,false,false,-82.94481,42.4182,"{
  ""coordinates"": [
    -8.294480616635980e+01,
    4.241819904043640e+01
  ],
  ""type"": ""Point""
}","{
  ""coordinates"": [
    -82.944806166,
    42.41819904
  ],
  ""type"": ""Point""
}",-82.944806166,42.41819904
4758,1345524,I-94,FRENCH,2018-04-04,4,4,2018,11,4,5,1,,1,0,Asphalt,2,2,1,55,3,2,3,5,0,0,0,0,true,false,false,false,true,false,false,false,false,false,false,false,false,false,true,false,false,false,false,false,false,false,-82.99769,42.3921,"{
  ""coordinates"": [
    -8.299768542235500e+01,
    4.239210032266820e+01
  ],
  ""type"": ""Point""
}","{
  ""coordinates"": [
    -82.997685422,
    42.392100323
  ],
  ""type"": ""Point""
}",-82.997685422,42.3921003230001
4759,1341985,LAFAYETTE,CLARK,2018-04-04,4,4,2018,12,4,4,7,,4,0,Asphalt,1,2,1,25,4,2,2,4,0,0,0,2,false,false,true,true,false,false,false,false,false,false,false,false,false,false,false,false,false,false,false,false,false,false,-83.09126,42.31396,"{
  ""coordinates"": [
    -8.309125321013040e+01,
    4.231396420329130e+01
  ],
  ""type"": ""Point""
}","{
  ""coordinates"": [
    -83.09125321,
    42.313964203
  ],
  ""type"": ""Point""
}",-83.0912532099999,42.3139642030001
4760,1345516,I 96,EVERGREEN,2018-04-04,4,4,2018,8,4,5,1,,1,0,Concrete,2,4,1,55,2,2,2,4,0,0,0,1,false,false,false,false,false,false,false,false,false,false,false,false,false,false,false,false,false,false,false,false,false,false,-83.23677,42.38035,"{
  ""coordinates"": [
    -8.323677397290510e+01,
    4.238034856221280e+01
  ],
  ""type"": ""Point""
}","{
  ""coordinates"": [
    -83.236773973,
    42.380348562
  ],
  ""type"": ""Point""
}",-83.236773973,42.3803485620001
4761,1346301,E I 96,RAMP 008J,2018-04-04,4,4,2018,7,4,5,1,,1,0,Concrete,2,4,1,70,3,2,2,4,0,0,0,1,false,false,false,false,false,false,false,false,false,false,false,false,false,false,false,false,false,false,false,false,false,false,-83.22681,42.37787,"{
  ""coordinates"": [
    -8.322680660452041e+01,
    4.237786727790060e+01
  ],
  ""type"": ""Point""
}","{
  ""coordinates"": [
    -83.226806605,
    42.377867278
  ],
  ""type"": ""Point""
}",-83.226806605,42.3778672780001
4762,1341995,JOY,PATTON,2018-04-04,4,4,2018,14,4,5,9,,2,0,Asphalt,1,1,1,35,4,2,1,5,0,0,0,0,true,false,false,false,true,false,false,false,false,false,false,false,false,false,false,false,false,false,false,false,false,false,-83.24207,42.35745,"{
  ""coordinates"": [
    -8.324206801310690e+01,
    4.235745195362180e+01
  ],
  ""type"": ""Point""
}","{
  ""coordinates"": [
    -83.242068013,
    42.357451954
  ],
  ""type"": ""Point""
}",-83.2420680129999,42.3574519540001
4763,1342755,LAFAYETTE,ORLEANS,2018-04-04,4,4,2018,8,4,5,9,,4,0,Asphalt,2,8,1,30,2,2,2,5,0,0,0,0,true,false,false,false,false,false,false,false,false,false,false,false,false,false,false,false,false,false,false,false,false,false,-83.03065,42.33875,"{
  ""coordinates"": [
    -8.303064702223890e+01,
    4.233874416099670e+01
  ],
  ""type"": ""Point""
}","{
  ""coordinates"": [
    -83.030647022,
    42.338744161
  ],
  ""type"": ""Point""
}",-83.030647022,42.3387441610001
4764,1346397,MCNICHOLS,LIVERNOIS,2018-04-04,4,4,2018,9,4,8,9,,4,0,Asphalt,2,4,4,35,2,2,2,5,0,0,0,0,true,false,false,false,false,false,false,false,false,false,false,false,false,false,false,false,false,false,false,false,false,false,-83.14076,42.41715,"{
  ""coordinates"": [
    -8.314076553741469e+01,
    4.241714861928180e+01
  ],
  ""type"": ""Point""
}","{
  ""coordinates"": [
    -83.140765537,
    42.417148619
  ],
  ""type"": ""Point""
}",-83.1407655369999,42.417148619
4765,1342757,GRAND,KERCHEVAL,2018-04-04,4,4,2018,13,4,4,9,,4,0,Asphalt,1,1,1,30,2,2,2,5,0,0,0,0,true,false,true,true,false,false,false,false,false,false,false,false,false,true,false,false,false,false,false,false,false,false,-83.00746,42.3556,"{
  ""coordinates"": [
    -8.300746277656390e+01,
    4.235560398318650e+01
  ],
  ""type"": ""Point""
}","{
  ""coordinates"": [
    -83.007462777,
    42.355603983
  ],
  ""type"": ""Point""
}",-83.0074627769999,42.355603983
4766,1341992,RUTLAND,PLYMOUTH,2018-04-04,4,4,2018,8,4,97,9,,,0,,2,1,1,25,4,2,0,5,0,0,0,0,true,false,false,false,true,false,false,false,false,false,false,false,false,false,false,false,false,false,false,false,false,false,-83.21322,42.37203,"{
  ""coordinates"": [
    -8.321322129352841e+01,
    4.237203406327100e+01
  ],
  ""type"": ""Point""
}","{
  ""coordinates"": [
    -83.213221294,
    42.372034063
  ],
  ""type"": ""Point""
}",-83.2132212939999,42.3720340630001
4767,1345515,N M 10,LIVERNOIS,2018-04-04,4,4,2018,7,4,8,3,,1,0,Concrete,1,1,1,55,3,2,1,5,0,0,0,0,true,false,false,false,true,false,false,false,false,false,false,false,false,false,false,false,false,false,false,false,false,false,-83.13993,42.40496,"{
  ""coordinates"": [
    -8.313993282288880e+01,
    4.240495750386190e+01
  ],
  ""type"": ""Point""
}","{
  ""coordinates"": [
    -83.139932823,
    42.404957504
  ],
  ""type"": ""Point""
}",-83.139932823,42.404957504
4768,1342000,CONCORD,7MILE,2018-04-04,4,4,2018,12,4,8,9,,,0,,1,1,1,25,1,2,0,5,0,0,0,0,true,false,false,false,true,false,false,false,false,false,false,false,false,false,false,false,false,false,false,false,false,false,-83.03283,42.43359,"{
  ""coordinates"": [
    -8.303282698235920e+01,
    4.243358687177640e+01
  ],
  ""type"": ""Point""
}","{
  ""coordinates"": [
    -83.032826982,
    42.433586872
  ],
  ""type"": ""Point""
}",-83.032826982,42.433586872
4769,1342780,DAVISON,LA SALLE,2018-04-04,4,4,2018,13,4,5,3,,1,0,Asphalt,1,1,1,35,4,2,1,5,0,0,0,0,true,false,false,false,true,false,false,false,false,false,false,false,false,false,false,false,false,false,false,false,false,false,-83.11938,42.394,"{
  ""coordinates"": [
    -8.311937882059659e+01,
    4.239400244763630e+01
  ],
  ""type"": ""Point""
}","{
  ""coordinates"": [
    -83.119378821,
    42.394002448
  ],
  ""type"": ""Point""
}",-83.1193788209999,42.394002448
4770,1343950,CASS,PRENTIS,2018-04-04,4,4,2018,16,4,4,9,,4,0,Asphalt,1,2,1,30,2,2,2,4,0,0,0,1,false,false,false,false,false,false,false,false,false,false,false,false,false,true,false,false,false,false,false,false,false,false,-83.06495,42.35299,"{
  ""coordinates"": [
    -8.306494584759029e+01,
    4.235299091995680e+01
  ],
  ""type"": ""Point""
}","{
  ""coordinates"": [
    -83.064945848,
    42.35299092
  ],
  ""type"": ""Point""
}",-83.064945848,42.35299092
4771,1347241,W I 94,WARREN,2018-04-04,4,4,2018,18,4,5,1,,1,0,Asphalt,1,1,1,55,3,3,3,3,0,0,1,0,false,false,false,false,false,false,false,false,false,false,false,false,false,false,true,false,false,false,false,false,false,false,-83.11369,42.34449,"{
  ""coordinates"": [
    -8.311368441062140e+01,
    4.234449214316100e+01
  ],
  ""type"": ""Point""
}","{
  ""coordinates"": [
    -83.113684411,
    42.344492143
  ],
  ""type"": ""Point""
}",-83.113684411,42.344492143
4772,1342744,OAKLAND,CANIFF,2018-04-04,4,4,2018,17,4,5,9,,4,0,Asphalt,1,2,1,30,3,2,2,5,0,0,0,0,true,false,false,false,false,false,false,false,false,false,false,false,false,false,false,false,false,false,false,false,false,false,-83.07758,42.39308,"{
  ""coordinates"": [
    -8.307757990227650e+01,
    4.239307973951930e+01
  ],
  ""type"": ""Point""
}","{
  ""coordinates"": [
    -83.077579902,
    42.39307974
  ],
  ""type"": ""Point""
}",-83.077579902,42.3930797400001
4773,1342776,DAVISON,LINWOOD,2018-04-04,4,4,2018,16,4,4,3,,1,0,Asphalt,1,1,1,35,7,2,2,5,0,0,0,0,true,false,false,false,true,false,false,false,false,false,false,false,false,false,false,false,false,false,false,false,false,false,-83.12237,42.39289,"{
  ""coordinates"": [
    -8.312236768965420e+01,
    4.239289186704060e+01
  ],
  ""type"": ""Point""
}","{
  ""coordinates"": [
    -83.12236769,
    42.392891867
  ],
  ""type"": ""Point""
}",-83.12236769,42.3928918670001
4774,1345510,M-39,8 MILE,2018-04-04,4,4,2018,18,4,8,3,,1,0,Concrete,1,5,1,55,3,2,2,5,0,0,0,0,true,false,false,false,false,false,false,false,false,false,false,false,false,false,false,false,false,false,false,false,false,false,-83.2196,42.43838,"{
  ""coordinates"": [
    -8.321959468672971e+01,
    4.243837595057770e+01
  ],
  ""type"": ""Point""
}","{
  ""coordinates"": [
    -83.219594687,
    42.438375951
  ],
  ""type"": ""Point""
}",-83.219594687,42.4383759510001
4775,1345526,RAMP 035H,RAMP 035A,2018-04-04,4,4,2018,16,4,8,1,,1,0,Asphalt,1,2,1,55,1,2,2,5,0,0,0,0,true,false,false,false,false,false,false,false,false,false,false,false,false,false,false,true,false,false,false,false,false,false,-83.08109,42.31995,"{
  ""coordinates"": [
    -8.308109564217760e+01,
    4.231995034693010e+01
  ],
  ""type"": ""Point""
}","{
  ""coordinates"": [
    -83.081095642,
    42.319950347
  ],
  ""type"": ""Point""
}",-83.081095642,42.319950347
4776,1343949,AMSTERDAM,WOODWARD,2018-04-04,4,4,2018,12,4,10,3,,,0,,1,2,1,25,4,2,2,5,0,0,0,0,true,false,false,false,false,false,false,false,false,false,false,false,false,false,false,false,false,false,false,false,false,false,-83.07093,42.36654,"{
  ""coordinates"": [
    -8.307093005205390e+01,
    4.236654046348820e+01
  ],
  ""type"": ""Point""
}","{
  ""coordinates"": [
    -83.070930052,
    42.366540463
  ],
  ""type"": ""Point""
}",-83.0709300519999,42.366540463
4777,1343933,DEQUINDRE,MINNESOTA,2018-04-04,4,4,2018,10,4,4,9,,4,0,Asphalt,1,1,1,25,2,2,1,4,0,0,0,1,false,false,false,false,true,false,false,false,false,false,false,false,false,false,false,false,true,false,false,false,false,false,-83.08247,42.42373,"{
  ""coordinates"": [
    -8.308247536324720e+01,
    4.242372399375310e+01
  ],
  ""type"": ""Point""
}","{
  ""coordinates"": [
    -83.082475363,
    42.423723994
  ],
  ""type"": ""Point""
}",-83.082475363,42.4237239940001
4778,1342004,BALDWIN,GRATIOT,2018-04-04,4,4,2018,20,4,97,3,,,0,,1,1,4,25,1,2,0,5,0,0,0,0,true,false,false,false,true,false,false,false,false,false,false,false,false,false,false,false,false,false,false,false,false,false,-83.01588,42.37689,"{
  ""coordinates"": [
    -8.301587949778950e+01,
    4.237689095857810e+01
  ],
  ""type"": ""Point""
}","{
  ""coordinates"": [
    -83.015879498,
    42.376890959
  ],
  ""type"": ""Point""
}",-83.0158794979999,42.376890959
4779,1349231,I 94,CADIEUX,2018-04-04,4,4,2018,5,4,8,1,,1,0,Asphalt,2,4,4,55,3,2,1,5,0,0,0,0,true,false,false,false,true,false,false,false,false,false,false,false,false,false,false,false,false,false,false,false,false,false,-82.93752,42.41716,"{
  ""coordinates"": [
    -8.293751256856820e+01,
    4.241716367051310e+01
  ],
  ""type"": ""Point""
}","{
  ""coordinates"": [
    -82.937512569,
    42.417163671
  ],
  ""type"": ""Point""
}",-82.937512569,42.417163671
4780,1346355,GREENFIELD,MCNICHOLS,2018-04-04,4,4,2018,16,4,4,9,,2,0,Asphalt,1,5,1,35,4,2,2,5,0,0,0,0,true,false,false,false,false,false,false,false,false,false,false,false,false,true,false,false,false,false,false,false,false,false,-83.19931,42.41579,"{
  ""coordinates"": [
    -8.319930843885550e+01,
    4.241579096369350e+01
  ],
  ""type"": ""Point""
}","{
  ""coordinates"": [
    -83.199308439,
    42.415790964
  ],
  ""type"": ""Point""
}",-83.1993084389999,42.4157909640001
4781,1353961,PLYMOUTH,SCHAEFER,2018-04-04,4,4,2018,10,4,98,9,,4,0,Asphalt,2,8,1,35,4,3,3,5,0,0,0,0,true,false,false,false,false,false,false,true,false,false,false,false,false,false,false,false,false,false,false,false,false,false,-83.17795,42.37304,"{
  ""coordinates"": [
    -8.317794668666311e+01,
    4.237303860892770e+01
  ],
  ""type"": ""Point""
}","{
  ""coordinates"": [
    -83.177946687,
    42.373038609
  ],
  ""type"": ""Point""
}",-83.177946687,42.373038609
4782,1351145,SOUTHFIELD,I-96,2018-04-04,4,4,2018,6,4,5,9,,4,0,Asphalt,1,1,2,55,3,2,2,5,0,0,0,0,true,false,false,false,false,false,false,false,false,false,false,false,false,false,false,false,false,false,false,false,false,false,-83.21678,42.37908,"{
  ""coordinates"": [
    -8.321678271374449e+01,
    4.237907783841400e+01
  ],
  ""type"": ""Point""
}","{
  ""coordinates"": [
    -83.216782714,
    42.379077838
  ],
  ""type"": ""Point""
}",-83.216782714,42.3790778380001
4783,1358445,E I 94,MCCLELLAN,2018-04-04,4,4,2018,10,4,8,1,,1,0,Asphalt,2,2,1,55,3,2,1,5,0,0,0,0,true,false,false,false,true,false,false,false,false,false,false,false,false,false,false,false,false,false,false,false,false,false,-83.00993,42.39017,"{
  ""coordinates"": [
    -8.300992721994410e+01,
    4.239017120868500e+01
  ],
  ""type"": ""Point""
}","{
  ""coordinates"": [
    -83.00992722,
    42.390171209
  ],
  ""type"": ""Point""
}",-83.00992722,42.3901712090001
4784,1342017,LIVERNOIS,GROVE,2018-04-04,4,4,2018,14,4,8,9,,4,0,Asphalt,2,5,1,30,4,2,3,5,0,0,0,0,true,false,false,false,false,false,false,false,false,false,false,false,false,false,false,false,false,false,false,false,false,false,-83.14086,42.41469,"{
  ""coordinates"": [
    -8.314085799377951e+01,
    4.241468909689430e+01
  ],
  ""type"": ""Point""
}","{
  ""coordinates"": [
    -83.140857994,
    42.414689097
  ],
  ""type"": ""Point""
}",-83.140857994,42.4146890970001
4785,1351247,TELEGRAPH,7 MILE,2018-04-04,4,4,2018,2,4,5,2,,1,0,Asphalt,2,1,4,45,4,2,1,5,0,0,0,0,true,false,false,false,true,false,false,false,false,false,false,false,false,false,false,false,false,false,false,false,false,false,-83.27756,42.42894,"{
  ""coordinates"": [
    -8.327756108154190e+01,
    4.242893913156400e+01
  ],
  ""type"": ""Point""
}","{
  ""coordinates"": [
    -83.277561082,
    42.428939132
  ],
  ""type"": ""Point""
}",-83.277561082,42.428939132
4786,1349307,LESURE,NORFOLK,2018-04-04,4,4,2018,18,4,4,9,,,0,,1,1,1,25,1,2,1,3,0,0,1,0,false,true,false,false,true,false,false,false,false,true,false,false,false,false,false,false,false,false,false,false,false,false,-83.18336,42.4429,"{
  ""coordinates"": [
    -8.318335562999999e+01,
    4.244289655412560e+01
  ],
  ""type"": ""Point""
}","{
  ""coordinates"": [
    -83.18335563,
    42.442896554
  ],
  ""type"": ""Point""
}",-83.1833556299999,42.4428965540001
4787,1342756,KERCHEVAL,FISCHER,2018-04-04,4,4,2018,3,4,4,9,,4,0,Asphalt,98,98,4,30,2,2,1,5,0,0,0,0,true,false,true,false,true,false,false,false,false,false,false,false,false,false,false,false,false,false,false,false,false,false,-82.99307,42.3611,"{
  ""coordinates"": [
    -8.299307339282790e+01,
    4.236110108226790e+01
  ],
  ""type"": ""Point""
}","{
  ""coordinates"": [
    -82.993073393,
    42.361101082
  ],
  ""type"": ""Point""
}",-82.993073393,42.3611010820001
4788,1360465,8 MILE,WOODWARD,2018-04-04,4,4,2018,18,4,8,3,,1,0,Asphalt,1,2,1,40,3,3,7,5,0,0,0,0,true,false,false,false,false,false,false,true,true,false,false,false,false,false,true,false,true,false,false,false,false,false,-83.1241,42.44653,"{
  ""coordinates"": [
    -8.312410232495530e+01,
    4.244652911277390e+01
  ],
  ""type"": ""Point""
}","{
  ""coordinates"": [
    -83.124102325,
    42.446529113
  ],
  ""type"": ""Point""
}",-83.124102325,42.4465291130001
4789,1345525,I-75,CLARK,2018-04-04,4,4,2018,10,4,8,1,,1,0,Concrete,2,2,1,60,3,2,2,4,0,0,0,1,false,false,false,false,false,false,false,false,false,false,false,false,false,false,false,true,false,false,false,false,false,false,-83.0926,42.31282,"{
  ""coordinates"": [
    -8.309259849507271e+01,
    4.231282465570930e+01
  ],
  ""type"": ""Point""
}","{
  ""coordinates"": [
    -83.092598495,
    42.312824656
  ],
  ""type"": ""Point""
}",-83.0925984949999,42.312824656
4790,1342016,SORRENTO,7 MILE,2018-04-04,4,4,2018,10,4,4,9,,,0,,1,2,1,25,2,2,3,2,0,1,0,2,false,false,false,false,false,false,false,false,false,false,false,false,false,false,false,false,false,false,false,false,false,false,-83.17399,42.43119,"{
  ""coordinates"": [
    -8.317399056681550e+01,
    4.243119376190220e+01
  ],
  ""type"": ""Point""
}","{
  ""coordinates"": [
    -83.173990567,
    42.431193762
  ],
  ""type"": ""Point""
}",-83.173990567,42.4311937620001
4791,1347237,E/B I-96,FULLERTON,2018-04-04,4,4,2018,3,4,1,1,,1,1,Concrete,1,2,4,55,3,1,1,5,0,0,0,0,true,false,false,false,false,true,false,false,false,false,false,false,false,false,false,false,false,false,false,false,false,false,-83.18525,42.38148,"{
  ""coordinates"": [
    -8.318525086310700e+01,
    4.238148299308680e+01
  ],
  ""type"": ""Point""
}","{
  ""coordinates"": [
    -83.185250863,
    42.381482993
  ],
  ""type"": ""Point""
}",-83.185250863,42.3814829930001
4792,1343880,CONNER,WARREN,2018-04-04,4,4,2018,12,4,5,9,,4,0,Asphalt,2,1,1,,5,2,2,5,0,0,0,0,true,false,false,false,false,false,false,false,false,false,false,false,false,true,false,false,false,false,false,false,false,false,-82.97594,42.38926,"{
  ""coordinates"": [
    -8.297594710177820e+01,
    4.238925811457680e+01
  ],
  ""type"": ""Point""
}","{
  ""coordinates"": [
    -82.975947102,
    42.389258115
  ],
  ""type"": ""Point""
}",-82.975947102,42.3892581150001
4793,1343882,JEFFERSON,MEADOWBROOK,2018-04-04,4,4,2018,16,4,9,9,,4,0,Asphalt,1,1,1,35,3,2,2,5,0,0,0,0,true,false,false,false,true,false,false,false,false,false,false,false,false,false,false,false,false,false,false,false,false,false,-82.97631,42.36428,"{
  ""coordinates"": [
    -8.297631121440560e+01,
    4.236428228644050e+01
  ],
  ""type"": ""Point""
}","{
  ""coordinates"": [
    -82.976311214,
    42.364282286
  ],
  ""type"": ""Point""
}",-82.976311214,42.364282286
4794,1343951,SECOND,AMSTERDAM,2018-04-04,4,4,2018,14,4,1,9,,4,1,Asphalt,1,1,1,30,2,1,1,5,0,0,0,0,true,false,false,false,false,false,false,false,false,false,false,false,false,false,false,true,false,false,false,false,false,false,-83.07416,42.36492,"{
  ""coordinates"": [
    -8.307415819922829e+01,
    4.236491698415960e+01
  ],
  ""type"": ""Point""
}","{
  ""coordinates"": [
    -83.074158199,
    42.364916984
  ],
  ""type"": ""Point""
}",-83.074158199,42.364916984
4795,1372356,EWALD,HOLMUR,2018-04-04,4,4,2018,22,4,4,9,,4,0,Asphalt,1,1,3,25,2,2,1,5,0,0,0,0,true,false,true,false,true,false,false,false,false,false,false,false,false,false,false,false,false,false,false,false,false,false,-83.13605,42.39293,"{
  ""coordinates"": [
    -8.313604686435410e+01,
    4.239292520200790e+01
  ],
  ""type"": ""Point""
}","{
  ""coordinates"": [
    -83.136046864,
    42.392925202
  ],
  ""type"": ""Point""
}",-83.136046864,42.3929252020001