ObjectId,Crash ID,Primary Road,Intersecting Road,Crash Date,Day,Month,Year,Hour,Weekday,Crash Type Code,Highway Classification Code,Community Code,Jurisdiction Code,Lane Departure Type Code,Surface Type,Road Condition,Weather Condition,Lighting Condition,Speed Limit,Lanes,Units,Occupants,Most Severe Injury,Fatal Injuries,Suspected Serious Injuries,Suspected Minor Injuries,Possible Injuries,Property Damage Only,Secondary Crash,Traffic Control,Red Light Run,Hit and Run,Alcohol,Drugs,Unbelted Person,Work Zone,Speeding Driver,Distracted Driver,Driveway,Pedestrian,Elderly Driver,Young Driver,Commercial Vehicle,Emergency Vehicles,Train,School Bus,Motorcycle,Bicycle,Deer,Longitude,Latitude,geom,geog,x,y
4796,1341984,FORT,SCHAEFER,2018-04-04,4,4,2018,18,4,8,3,,1,0,Asphalt,1,1,1,40,3,2,2,5,0,0,0,0,true,false,false,false,false,false,false,false,false,false,false,false,false,false,true,false,false,false,false,false,false,false,-83.15585,42.27594,"{
  ""coordinates"": [
    -8.315585344862670e+01,
    4.227594054023790e+01
  ],
  ""type"": ""Point""
}","{
  ""coordinates"": [
    -83.155853449,
    42.27594054
  ],
  ""type"": ""Point""
}",-83.1558534489999,42.2759405400001
4797,1351279,BLACKSTONE,PEMBROKE,2018-04-04,4,4,2018,23,4,4,9,,,0,,1,1,4,,1,2,1,5,0,0,0,0,true,true,false,false,true,false,false,false,false,false,false,false,false,false,false,false,false,false,false,false,false,false,-83.2513,42.43654,"{
  ""coordinates"": [
    -8.325130558320831e+01,
    4.243653984247690e+01
  ],
  ""type"": ""Point""
}","{
  ""coordinates"": [
    -83.251305583,
    42.436539842
  ],
  ""type"": ""Point""
}",-83.251305583,42.4365398420001
4798,1530925,M39,LYNDON,2018-04-04,4,4,2018,18,4,5,3,,1,0,Asphalt,1,1,1,55,3,2,2,5,0,0,0,0,true,false,false,false,false,false,false,false,false,false,false,false,false,false,false,false,false,false,false,false,false,false,-83.21797,42.39527,"{
  ""coordinates"": [
    -8.321797148296260e+01,
    4.239526891118230e+01
  ],
  ""type"": ""Point""
}","{
  ""coordinates"": [
    -83.217971483,
    42.395268911
  ],
  ""type"": ""Point""
}",-83.217971483,42.3952689110001
4799,1341998,GLENFIELD,GRATIOT,2018-04-04,4,4,2018,15,4,97,3,,,0,,1,1,1,25,1,2,2,5,0,0,0,0,true,false,false,false,false,false,false,false,false,false,false,false,false,true,false,false,false,false,false,false,false,false,-82.99407,42.41026,"{
  ""coordinates"": [
    -8.299406855574860e+01,
    4.241025875097810e+01
  ],
  ""type"": ""Point""
}","{
  ""coordinates"": [
    -82.994068556,
    42.410258751
  ],
  ""type"": ""Point""
}",-82.9940685559999,42.4102587510001
4800,1345532,I-94,HARPER,2018-04-04,4,4,2018,15,4,8,1,,1,0,Asphalt,1,2,1,55,3,2,2,5,0,0,0,0,true,false,false,false,true,false,false,false,false,false,false,false,false,false,false,false,false,false,false,false,false,false,-83.02912,42.38382,"{
  ""coordinates"": [
    -8.302911912142820e+01,
    4.238381831978860e+01
  ],
  ""type"": ""Point""
}","{
  ""coordinates"": [
    -83.029119121,
    42.38381832
  ],
  ""type"": ""Point""
}",-83.029119121,42.38381832
4801,1532426,MACK,N I 75 SERVICE DRIVE,2018-04-04,4,4,2018,17,4,8,9,,4,0,Asphalt,4,5,4,55,1,2,1,5,0,0,0,0,true,false,false,false,true,false,false,false,false,false,false,false,false,false,false,false,false,false,false,false,false,false,-83.04745,42.35152,"{
  ""coordinates"": [
    -8.304744970150270e+01,
    4.235151575774040e+01
  ],
  ""type"": ""Point""
}","{
  ""coordinates"": [
    -83.047449702,
    42.351515758
  ],
  ""type"": ""Point""
}",-83.0474497019999,42.3515157580001
4802,1343837,I 94 E/B,CHENE,2018-04-04,4,4,2018,15,4,5,1,,1,0,Concrete,1,2,1,55,3,2,5,5,0,0,0,0,true,false,false,false,false,false,false,false,true,false,false,false,false,false,false,false,false,false,false,false,false,false,-83.05328,42.37162,"{
  ""coordinates"": [
    -8.305328017734990e+01,
    4.237162243863580e+01
  ],
  ""type"": ""Point""
}","{
  ""coordinates"": [
    -83.053280177,
    42.371622439
  ],
  ""type"": ""Point""
}",-83.053280177,42.3716224390001
4803,1345542,GRISWOLD,GRAND RIVER,2018-04-04,4,4,2018,10,4,1,9,,4,0,Asphalt,2,2,1,25,2,2,1,4,0,0,0,1,false,false,false,false,false,false,false,false,false,false,false,false,true,false,false,true,false,false,false,false,false,false,-83.04971,42.33368,"{
  ""coordinates"": [
    -8.304971517384010e+01,
    4.233367450615770e+01
  ],
  ""type"": ""Point""
}","{
  ""coordinates"": [
    -83.049715174,
    42.333674506
  ],
  ""type"": ""Point""
}",-83.049715174,42.3336745060001
4804,1341127,RIVERBANK,RIVERBANK,2018-04-04,4,4,2018,0,4,1,3,,,1,,2,4,4,25,1,1,2,5,0,0,0,0,true,false,false,false,true,true,false,false,false,false,false,false,false,false,false,false,false,false,false,false,false,false,-82.99386,42.3392,"{
  ""coordinates"": [
    -8.299385522117861e+01,
    4.233919694785400e+01
  ],
  ""type"": ""Point""
}","{
  ""coordinates"": [
    -82.993855221,
    42.339196948
  ],
  ""type"": ""Point""
}",-82.993855221,42.3391969480001
4805,1342008,DUCHESS,GRAYTON,2018-04-04,4,4,2018,2,4,4,9,,,0,,2,2,3,25,4,2,2,5,0,0,0,0,true,false,false,false,true,false,false,false,false,false,false,false,false,false,false,false,false,false,false,false,false,false,-82.95736,42.42347,"{
  ""coordinates"": [
    -8.295735672920540e+01,
    4.242346975337520e+01
  ],
  ""type"": ""Point""
}","{
  ""coordinates"": [
    -82.957356729,
    42.423469753
  ],
  ""type"": ""Point""
}",-82.957356729,42.4234697530001
4806,1361566,MACK AVE,CADIEUX,2018-04-04,4,4,2018,18,4,8,9,,2,0,Asphalt,2,5,1,30,4,2,2,3,0,0,1,0,false,false,false,false,false,false,false,false,false,false,false,false,false,false,false,false,false,false,false,false,false,false,-82.9225,42.39479,"{
  ""coordinates"": [
    -8.292249832357990e+01,
    4.239479239206410e+01
  ],
  ""type"": ""Point""
}","{
  ""coordinates"": [
    -82.922498324,
    42.394792392
  ],
  ""type"": ""Point""
}",-82.9224983239999,42.3947923920001
4807,1341999,CONNER,HERN,2018-04-04,4,4,2018,15,4,5,9,,4,0,Asphalt,1,1,1,30,7,2,1,4,0,0,0,1,false,false,false,false,true,false,false,false,false,false,false,false,false,false,false,false,false,false,false,false,false,false,-82.98818,42.39517,"{
  ""coordinates"": [
    -8.298817881306420e+01,
    4.239516654503710e+01
  ],
  ""type"": ""Point""
}","{
  ""coordinates"": [
    -82.988178813,
    42.395166545
  ],
  ""type"": ""Point""
}",-82.988178813,42.3951665450001
4808,1342005,SEYMOUR,BROCK,2018-04-04,4,4,2018,0,4,5,9,,4,0,Asphalt,2,4,4,,2,2,4,5,0,0,0,0,true,false,false,false,false,false,false,true,false,false,false,false,false,false,false,true,false,false,false,false,false,false,-82.96301,42.4272,"{
  ""coordinates"": [
    -8.296300920581280e+01,
    4.242720539527110e+01
  ],
  ""type"": ""Point""
}","{
  ""coordinates"": [
    -82.963009206,
    42.427205395
  ],
  ""type"": ""Point""
}",-82.963009206,42.427205395
4809,1349208,PALMER,WOODWARD,2018-04-04,4,4,2018,17,4,97,3,,,0,,1,1,1,20,2,2,2,5,0,0,0,0,true,false,false,false,false,false,false,false,false,false,false,false,false,false,false,false,false,false,false,false,false,false,-83.06755,42.3622,"{
  ""coordinates"": [
    -8.306754959519751e+01,
    4.236220237460550e+01
  ],
  ""type"": ""Point""
}","{
  ""coordinates"": [
    -83.067549595,
    42.362202375
  ],
  ""type"": ""Point""
}",-83.0675495949999,42.362202375
4810,1341986,W I 94,RAMP 212C,2018-04-04,4,4,2018,11,4,1,1,,1,0,Asphalt,1,2,1,55,3,1,2,5,0,0,0,0,true,false,false,false,false,false,false,false,false,false,false,false,false,false,false,false,true,false,false,false,false,false,-83.12395,42.33783,"{
  ""coordinates"": [
    -8.312394968695290e+01,
    4.233783477027370e+01
  ],
  ""type"": ""Point""
}","{
  ""coordinates"": [
    -83.123949687,
    42.33783477
  ],
  ""type"": ""Point""
}",-83.1239496869999,42.33783477
4811,1343886,MOROSS,CHESTER,2018-04-04,4,4,2018,9,4,5,9,,2,0,Asphalt,2,4,1,,3,2,2,5,0,0,0,0,true,false,false,false,false,false,false,false,false,false,false,false,false,false,false,false,false,false,false,false,false,false,-82.92287,42.42217,"{
  ""coordinates"": [
    -8.292287063157450e+01,
    4.242217269974150e+01
  ],
  ""type"": ""Point""
}","{
  ""coordinates"": [
    -82.922870632,
    42.4221727
  ],
  ""type"": ""Point""
}",-82.922870632,42.4221727
4812,1460310,I 94,I 94/ADDISON RAMP9211B0,2018-04-04,4,4,2018,7,4,1,1,,1,0,Asphalt,2,7,1,55,3,1,1,5,0,0,0,0,true,false,false,false,false,false,false,false,false,false,false,false,false,false,false,true,false,false,false,false,false,false,-83.14761,42.33096,"{
  ""coordinates"": [
    -8.314760580615661e+01,
    4.233096200303560e+01
  ],
  ""type"": ""Point""
}","{
  ""coordinates"": [
    -83.147605806,
    42.330962003
  ],
  ""type"": ""Point""
}",-83.1476058059999,42.330962003
4813,1351216,LAFAYETTE,JOHN C,2018-04-03,3,4,2018,8,3,5,9,,4,0,Concrete,1,1,1,25,2,2,1,5,0,0,0,0,true,false,false,false,true,false,false,false,false,true,false,false,false,false,false,false,false,false,false,false,false,false,-83.0566,42.32792,"{
  ""coordinates"": [
    -8.305659881752260e+01,
    4.232791620984990e+01
  ],
  ""type"": ""Point""
}","{
  ""coordinates"": [
    -83.056598818,
    42.32791621
  ],
  ""type"": ""Point""
}",-83.0565988179999,42.3279162100001
4814,1340988,RYAN,DAVISON,2018-04-03,3,4,2018,17,3,4,9,,4,0,Asphalt,2,4,1,35,4,2,4,5,0,0,0,0,true,false,true,true,true,false,false,false,false,false,false,false,false,false,false,false,false,false,false,false,false,false,-83.06059,42.41586,"{
  ""coordinates"": [
    -8.306058832239140e+01,
    4.241586244615450e+01
  ],
  ""type"": ""Point""
}","{
  ""coordinates"": [
    -83.060588322,
    42.415862446
  ],
  ""type"": ""Point""
}",-83.0605883219999,42.4158624460001
4815,1340941,I-75,STATE FAIR,2018-04-03,3,4,2018,20,3,5,1,,1,3,Asphalt,2,4,4,70,4,2,1,5,0,0,0,0,true,false,false,false,true,false,false,false,false,true,false,false,false,false,false,false,false,false,false,false,false,false,-83.09518,42.43919,"{
  ""coordinates"": [
    -8.309518454670309e+01,
    4.243919259958870e+01
  ],
  ""type"": ""Point""
}","{
  ""coordinates"": [
    -83.095184547,
    42.4391926
  ],
  ""type"": ""Point""
}",-83.095184547,42.4391926000001
4816,1342015,PILGRIM,WYOMING,2018-04-03,3,4,2018,15,3,4,9,,,0,,2,4,1,25,2,2,2,5,0,0,0,0,true,false,false,false,true,false,false,false,false,false,false,false,false,false,false,false,false,false,false,false,false,false,-83.15992,42.40789,"{
  ""coordinates"": [
    -8.315992129214099e+01,
    4.240789590516000e+01
  ],
  ""type"": ""Point""
}","{
  ""coordinates"": [
    -83.159921292,
    42.407895905
  ],
  ""type"": ""Point""
}",-83.159921292,42.407895905
4817,1340954,E I 96,RAMP 139B,2018-04-03,3,4,2018,8,3,5,1,,1,0,Asphalt,2,4,1,55,3,2,1,5,0,0,0,0,true,false,false,false,true,false,false,false,false,false,false,false,false,false,false,false,false,false,false,false,false,false,-83.14848,42.38278,"{
  ""coordinates"": [
    -8.314847652067439e+01,
    4.238278082280060e+01
  ],
  ""type"": ""Point""
}","{
  ""coordinates"": [
    -83.148476521,
    42.382780823
  ],
  ""type"": ""Point""
}",-83.148476521,42.3827808230001
4818,1341989,S I 75 SERVICE DRIVE,FORT,2018-04-03,3,4,2018,16,3,5,3,,4,0,Asphalt,2,2,1,30,2,2,2,5,0,0,0,0,true,false,false,false,false,false,false,false,false,false,false,false,false,false,false,false,false,false,false,false,false,false,-83.12453,42.29815,"{
  ""coordinates"": [
    -8.312453004180310e+01,
    4.229814748205480e+01
  ],
  ""type"": ""Point""
}","{
  ""coordinates"": [
    -83.124530042,
    42.298147482
  ],
  ""type"": ""Point""
}",-83.1245300419999,42.298147482
4819,1342754,FIELD,SYLVESTER,2018-04-03,3,4,2018,20,3,8,9,,,0,,1,1,5,25,2,2,0,5,0,0,0,0,true,false,false,false,true,false,false,false,false,false,false,false,false,false,false,false,false,false,false,false,false,false,-83.01412,42.36839,"{
  ""coordinates"": [
    -8.301412274561061e+01,
    4.236838448459330e+01
  ],
  ""type"": ""Point""
}","{
  ""coordinates"": [
    -83.014122746,
    42.368384485
  ],
  ""type"": ""Point""
}",-83.0141227459999,42.368384485
4820,1346358,MCNICHOLS,BURGESS,2018-04-03,3,4,2018,22,3,5,9,,2,0,Asphalt,2,4,4,35,4,2,3,5,0,0,0,0,true,false,false,false,false,false,false,false,false,false,true,false,false,false,false,false,false,false,false,false,false,false,-83.25522,42.41478,"{
  ""coordinates"": [
    -8.325521783793160e+01,
    4.241478023457970e+01
  ],
  ""type"": ""Point""
}","{
  ""coordinates"": [
    -83.255217838,
    42.414780235
  ],
  ""type"": ""Point""
}",-83.255217838,42.4147802350001
4821,1343892,MT ELLIOT,HUBER,2018-04-03,3,4,2018,15,3,3,9,,4,0,Asphalt,2,4,1,35,4,2,3,4,0,0,0,1,false,false,false,false,false,false,false,false,false,false,false,false,false,false,false,false,false,false,false,false,false,false,-83.03758,42.39751,"{
  ""coordinates"": [
    -8.303758502609109e+01,
    4.239751099077710e+01
  ],
  ""type"": ""Point""
}","{
  ""coordinates"": [
    -83.037585026,
    42.397510991
  ],
  ""type"": ""Point""
}",-83.037585026,42.397510991
4822,1363598,SEYMOUR,BROCK,2018-04-03,3,4,2018,19,3,97,9,,4,0,Asphalt,2,4,1,25,2,2,0,4,0,0,0,1,false,false,false,false,true,false,false,false,false,false,false,false,true,false,false,false,false,false,false,false,false,false,-82.96288,42.42721,"{
  ""coordinates"": [
    -8.296287229394660e+01,
    4.242720685726090e+01
  ],
  ""type"": ""Point""
}","{
  ""coordinates"": [
    -82.962872294,
    42.427206857
  ],
  ""type"": ""Point""
}",-82.962872294,42.427206857
4823,1349315,YORK,2ND,2018-04-03,3,4,2018,15,3,9,9,,,2,,2,4,1,25,2,2,1,5,0,0,0,0,true,false,false,false,false,false,false,false,false,false,false,false,false,false,false,true,false,false,false,false,false,false,-83.07233,42.36386,"{
  ""coordinates"": [
    -8.307233580085290e+01,
    4.236386500584660e+01
  ],
  ""type"": ""Point""
}","{
  ""coordinates"": [
    -83.072335801,
    42.363865006
  ],
  ""type"": ""Point""
}",-83.072335801,42.363865006
4824,1340958,I-75,8 MILE,2018-04-03,3,4,2018,23,3,1,1,,1,1,Asphalt,2,4,4,70,4,1,1,4,0,0,0,1,false,false,false,false,false,false,false,false,false,false,false,false,false,false,false,false,false,false,false,false,false,false,-83.09466,42.44599,"{
  ""coordinates"": [
    -8.309466037060440e+01,
    4.244598693920250e+01
  ],
  ""type"": ""Point""
}","{
  ""coordinates"": [
    -83.094660371,
    42.445986939
  ],
  ""type"": ""Point""
}",-83.094660371,42.4459869390001
4825,1346337,S M 10,HOWARD,2018-04-03,3,4,2018,15,3,8,3,,1,0,Asphalt,1,1,1,55,3,2,1,5,0,0,0,0,true,false,false,false,true,false,false,false,false,false,false,false,false,false,false,false,false,false,false,false,false,false,-83.05815,42.32867,"{
  ""coordinates"": [
    -8.305815470371550e+01,
    4.232866761987260e+01
  ],
  ""type"": ""Point""
}","{
  ""coordinates"": [
    -83.058154704,
    42.32866762
  ],
  ""type"": ""Point""
}",-83.0581547039999,42.32866762
4826,1367820,CHENE,ERSKINE,2018-04-03,3,4,2018,15,3,8,9,,4,0,Asphalt,2,4,1,30,4,2,0,5,0,0,0,0,true,false,false,false,true,false,false,false,false,false,false,false,false,false,false,false,false,false,false,false,false,false,-83.03313,42.35414,"{
  ""coordinates"": [
    -8.303313475654690e+01,
    4.235414173882930e+01
  ],
  ""type"": ""Point""
}","{
  ""coordinates"": [
    -83.033134757,
    42.354141739
  ],
  ""type"": ""Point""
}",-83.033134757,42.3541417390001
4827,1340960,I-94,MORANG,2018-04-03,3,4,2018,19,3,8,1,,1,0,Asphalt,2,4,4,55,3,3,3,5,0,0,0,0,true,false,false,false,false,false,false,false,false,true,false,false,false,false,false,true,false,false,false,false,false,false,-82.93387,42.41916,"{
  ""coordinates"": [
    -8.293386590146871e+01,
    4.241915846179640e+01
  ],
  ""type"": ""Point""
}","{
  ""coordinates"": [
    -82.933865901,
    42.419158462
  ],
  ""type"": ""Point""
}",-82.933865901,42.419158462
4828,1342007,7 MILE,RUNYON,2018-04-03,3,4,2018,21,3,1,9,,4,1,Asphalt,2,4,4,,2,1,0,5,0,0,0,0,true,false,false,false,true,false,false,false,false,false,false,false,false,false,false,false,false,false,false,false,false,false,-83.00693,42.43438,"{
  ""coordinates"": [
    -8.300692777080070e+01,
    4.243437788676050e+01
  ],
  ""type"": ""Point""
}","{
  ""coordinates"": [
    -83.006927771,
    42.434377887
  ],
  ""type"": ""Point""
}",-83.0069277709999,42.434377887
4829,1342733,N/B I 75,8 MILE,2018-04-03,3,4,2018,14,3,5,1,,1,0,Asphalt,2,4,1,70,4,2,4,5,0,0,0,0,true,false,false,false,false,false,false,false,false,false,false,false,false,false,false,false,false,false,false,false,false,false,-83.09498,42.44246,"{
  ""coordinates"": [
    -8.309497797154800e+01,
    4.244246382571900e+01
  ],
  ""type"": ""Point""
}","{
  ""coordinates"": [
    -83.094977972,
    42.442463826
  ],
  ""type"": ""Point""
}",-83.094977972,42.4424638260001
4830,1351246,GRAND RIVER,ABINGTON,2018-04-03,3,4,2018,18,3,5,3,,1,0,Asphalt,2,4,1,35,4,2,1,5,0,0,0,0,true,false,false,false,false,false,false,false,false,false,false,false,false,false,false,true,false,false,false,false,false,false,-83.21078,42.39767,"{
  ""coordinates"": [
    -8.321078080485300e+01,
    4.239766963469620e+01
  ],
  ""type"": ""Point""
}","{
  ""coordinates"": [
    -83.210780805,
    42.397669635
  ],
  ""type"": ""Point""
}",-83.210780805,42.3976696350001
4831,1349317,FOREST,S M 10,2018-04-03,3,4,2018,18,3,4,9,,4,0,Concrete,2,4,3,30,2,2,4,5,0,0,0,0,true,false,false,false,false,false,false,false,false,false,false,false,false,false,false,false,false,false,false,false,false,false,-83.07219,42.35159,"{
  ""coordinates"": [
    -8.307219219301869e+01,
    4.235159063399900e+01
  ],
  ""type"": ""Point""
}","{
  ""coordinates"": [
    -83.072192193,
    42.351590634
  ],
  ""type"": ""Point""
}",-83.072192193,42.351590634
4832,1346390,7 MILE,OUTER,2018-04-03,3,4,2018,20,3,3,9,,2,0,Asphalt,2,4,4,30,4,3,5,4,0,0,0,2,false,true,false,false,false,false,false,false,false,false,false,false,false,false,false,false,false,false,false,false,false,false,-83.17567,42.43117,"{
  ""coordinates"": [
    -8.317567551601110e+01,
    4.243116739306410e+01
  ],
  ""type"": ""Point""
}","{
  ""coordinates"": [
    -83.175675516,
    42.431167393
  ],
  ""type"": ""Point""
}",-83.175675516,42.4311673930001
4833,1351227,JEFFERSON,CHALMERS,2018-04-03,3,4,2018,0,3,3,9,,4,0,Asphalt,1,1,4,30,4,2,3,5,0,0,0,0,true,false,false,false,false,false,false,false,false,false,false,false,false,true,false,false,false,false,false,false,false,false,-82.94446,42.37284,"{
  ""coordinates"": [
    -8.294445862276490e+01,
    4.237284003638320e+01
  ],
  ""type"": ""Point""
}","{
  ""coordinates"": [
    -82.944458623,
    42.372840036
  ],
  ""type"": ""Point""
}",-82.9444586229999,42.3728400360001
4834,1340971,CAMERON,CUSTER,2018-04-03,3,4,2018,12,3,97,9,,,0,,1,2,1,25,2,2,1,5,0,0,0,0,true,false,false,false,false,false,false,false,false,false,false,false,false,false,true,false,false,false,false,false,false,false,-83.0634,42.37625,"{
  ""coordinates"": [
    -8.306339988951990e+01,
    4.237625175123150e+01
  ],
  ""type"": ""Point""
}","{
  ""coordinates"": [
    -83.06339989,
    42.376251751
  ],
  ""type"": ""Point""
}",-83.06339989,42.376251751
4835,1368598,MILWAUKEE/BALTIMORE CUTOF,JOHN C LODGE S/D S/B,2018-04-03,3,4,2018,12,3,4,3,,7,0,Asphalt,1,1,1,30,3,2,2,5,0,0,0,0,true,false,true,true,false,false,false,false,false,false,false,false,false,false,false,false,false,false,false,false,false,false,-83.08016,42.36591,"{
  ""coordinates"": [
    -8.308016294577671e+01,
    4.236590816854080e+01
  ],
  ""type"": ""Point""
}","{
  ""coordinates"": [
    -83.080162946,
    42.365908169
  ],
  ""type"": ""Point""
}",-83.080162946,42.3659081690001
4836,1340968,ELMIRA,WHITCOMB,2018-04-03,3,4,2018,15,3,4,9,,,0,,2,4,1,25,2,2,1,5,0,0,0,0,true,false,false,false,true,false,false,false,false,false,false,false,false,false,false,false,false,false,false,false,false,false,-83.19527,42.37025,"{
  ""coordinates"": [
    -8.319526966871190e+01,
    4.237025452459330e+01
  ],
  ""type"": ""Point""
}","{
  ""coordinates"": [
    -83.195269669,
    42.370254525
  ],
  ""type"": ""Point""
}",-83.195269669,42.3702545250001
4837,1342001,FOREST,RHONS,2018-04-03,3,4,2018,18,3,97,9,,4,0,Asphalt,2,1,1,30,1,2,5,4,0,0,0,1,false,false,false,false,true,false,false,false,false,false,false,false,false,false,false,false,false,false,false,false,false,false,-83.00172,42.37759,"{
  ""coordinates"": [
    -8.300172453606940e+01,
    4.237758449035250e+01
  ],
  ""type"": ""Point""
}","{
  ""coordinates"": [
    -83.001724536,
    42.37758449
  ],
  ""type"": ""Point""
}",-83.001724536,42.3775844900001
4838,1349205,WOODWARD,FRANSWORTH,2018-04-03,3,4,2018,20,3,10,3,,1,3,Asphalt,2,2,4,35,3,2,1,5,0,0,0,0,true,false,false,false,false,false,false,false,false,false,true,false,false,false,false,false,false,false,false,false,false,false,-83.06506,42.35801,"{
  ""coordinates"": [
    -8.306506041906739e+01,
    4.235800617905710e+01
  ],
  ""type"": ""Point""
}","{
  ""coordinates"": [
    -83.065060419,
    42.358006179
  ],
  ""type"": ""Point""
}",-83.065060419,42.358006179
4839,1346357,GRAND RIVER,ARCHDALE,2018-04-03,3,4,2018,19,3,4,3,,1,0,Asphalt,2,4,3,35,5,2,3,5,0,0,0,0,true,false,false,false,false,false,false,false,false,false,false,false,false,false,false,false,false,false,false,false,false,false,-83.21612,42.39982,"{
  ""coordinates"": [
    -8.321611896378231e+01,
    4.239982285705830e+01
  ],
  ""type"": ""Point""
}","{
  ""coordinates"": [
    -83.216118964,
    42.399822857
  ],
  ""type"": ""Point""
}",-83.216118964,42.3998228570001
4840,1345560,WARREN,CONNER,2018-04-03,3,4,2018,1,3,5,9,,4,0,Asphalt,1,1,5,30,4,2,1,5,0,0,0,0,true,false,false,false,true,false,false,false,false,false,false,false,false,false,false,false,false,false,false,false,false,false,-82.9763,42.38926,"{
  ""coordinates"": [
    -8.297630155875289e+01,
    4.238925502896630e+01
  ],
  ""type"": ""Point""
}","{
  ""coordinates"": [
    -82.976301559,
    42.389255029
  ],
  ""type"": ""Point""
}",-82.976301559,42.389255029
4841,1340967,SCHOOLCRAFT,PREST,2018-04-03,3,4,2018,15,3,4,9,,2,0,Asphalt,2,4,1,30,2,2,1,5,0,0,0,0,true,false,false,false,true,false,false,false,false,false,false,false,false,false,false,false,false,false,false,false,false,false,-83.1968,42.38709,"{
  ""coordinates"": [
    -8.319680033991401e+01,
    4.238709114765810e+01
  ],
  ""type"": ""Point""
}","{
  ""coordinates"": [
    -83.19680034,
    42.387091148
  ],
  ""type"": ""Point""
}",-83.19680034,42.387091148
4842,1342766,CARLIN,BELTON,2018-04-03,3,4,2018,18,3,98,9,,,0,,2,4,1,15,1,2,0,5,0,0,0,0,true,false,false,false,true,false,false,false,false,false,false,false,false,false,false,false,false,false,false,false,false,false,-83.17849,42.35368,"{
  ""coordinates"": [
    -8.317848732046610e+01,
    4.235367712727000e+01
  ],
  ""type"": ""Point""
}","{
  ""coordinates"": [
    -83.17848732,
    42.353677127
  ],
  ""type"": ""Point""
}",-83.17848732,42.353677127
4843,1342774,HIGHLAND,LINWOOD,2018-04-03,3,4,2018,14,3,10,9,,,0,,2,4,1,25,2,2,3,4,0,0,0,1,false,false,false,false,true,false,false,false,false,false,false,false,false,false,false,false,false,false,false,false,false,false,-83.11805,42.38728,"{
  ""coordinates"": [
    -8.311805196475440e+01,
    4.238727874325480e+01
  ],
  ""type"": ""Point""
}","{
  ""coordinates"": [
    -83.118051965,
    42.387278743
  ],
  ""type"": ""Point""
}",-83.1180519649999,42.387278743
4844,1349266,CANFIELD,CHENE,2018-04-03,3,4,2018,15,3,4,9,,4,0,Asphalt,2,4,1,25,2,2,2,5,0,0,0,0,true,false,true,false,false,false,false,false,false,false,false,false,false,false,false,false,false,false,false,false,false,false,-83.03808,42.3615,"{
  ""coordinates"": [
    -8.303807468983830e+01,
    4.236149558932410e+01
  ],
  ""type"": ""Point""
}","{
  ""coordinates"": [
    -83.03807469,
    42.361495589
  ],
  ""type"": ""Point""
}",-83.03807469,42.3614955890001
4845,1352408,RIVARD,JEFFERSON,2018-04-03,3,4,2018,16,3,5,9,,5,0,Concrete,2,2,1,35,3,2,2,4,0,0,0,1,false,false,false,false,false,false,false,false,false,false,false,false,false,false,false,false,false,false,false,false,false,false,-83.03411,42.33314,"{
  ""coordinates"": [
    -8.303411312005331e+01,
    4.233314239257980e+01
  ],
  ""type"": ""Point""
}","{
  ""coordinates"": [
    -83.03411312,
    42.333142393
  ],
  ""type"": ""Point""
}",-83.03411312,42.3331423930001
4846,1355598,MACK,MANOR,2018-04-03,3,4,2018,11,3,10,9,,4,3,Asphalt,1,1,1,35,2,2,1,5,0,0,0,0,true,false,false,false,false,false,false,false,false,false,false,false,false,false,false,false,false,false,false,false,false,false,-83.16607,42.35638,"{
  ""coordinates"": [
    -8.316606562023270e+01,
    4.235638083587820e+01
  ],
  ""type"": ""Point""
}","{
  ""coordinates"": [
    -83.16606562,
    42.356380836
  ],
  ""type"": ""Point""
}",-83.16606562,42.356380836
4847,1346307,E I 96 CD,CONSOLIDATED RAIL CORPORATION,2018-04-03,3,4,2018,15,3,4,1,,1,0,Concrete,2,4,1,70,3,2,1,5,0,0,0,0,true,false,false,false,true,false,false,false,false,true,false,false,false,false,false,false,false,false,false,false,false,false,-83.18459,42.38151,"{
  ""coordinates"": [
    -8.318459456615651e+01,
    4.238150706694710e+01
  ],
  ""type"": ""Point""
}","{
  ""coordinates"": [
    -83.184594566,
    42.381507067
  ],
  ""type"": ""Point""
}",-83.184594566,42.381507067
4848,1349257,CURTIS,ROSEMONT,2018-04-03,3,4,2018,22,3,97,9,,,3,,2,4,4,25,2,3,2,5,0,0,0,0,true,false,false,false,false,false,false,false,false,false,false,true,false,false,false,false,false,false,false,false,false,false,-83.22163,42.42273,"{
  ""coordinates"": [
    -8.322163304440571e+01,
    4.242272865901760e+01
  ],
  ""type"": ""Point""
}","{
  ""coordinates"": [
    -83.221633044,
    42.422728659
  ],
  ""type"": ""Point""
}",-83.221633044,42.422728659
4849,1340945,I-75,STATE FAIR,2018-04-03,3,4,2018,21,3,5,1,,1,0,Asphalt,2,4,4,70,4,3,4,5,0,0,0,0,true,false,false,false,false,false,false,false,false,false,false,false,false,false,false,false,false,false,false,false,false,false,-83.09518,42.43919,"{
  ""coordinates"": [
    -8.309518454670309e+01,
    4.243919259958870e+01
  ],
  ""type"": ""Point""
}","{
  ""coordinates"": [
    -83.095184547,
    42.4391926
  ],
  ""type"": ""Point""
}",-83.095184547,42.4391926000001