ObjectId,Crash ID,Primary Road,Intersecting Road,Crash Date,Day,Month,Year,Hour,Weekday,Crash Type Code,Highway Classification Code,Community Code,Jurisdiction Code,Lane Departure Type Code,Surface Type,Road Condition,Weather Condition,Lighting Condition,Speed Limit,Lanes,Units,Occupants,Most Severe Injury,Fatal Injuries,Suspected Serious Injuries,Suspected Minor Injuries,Possible Injuries,Property Damage Only,Secondary Crash,Traffic Control,Red Light Run,Hit and Run,Alcohol,Drugs,Unbelted Person,Work Zone,Speeding Driver,Distracted Driver,Driveway,Pedestrian,Elderly Driver,Young Driver,Commercial Vehicle,Emergency Vehicles,Train,School Bus,Motorcycle,Bicycle,Deer,Longitude,Latitude,geom,geog,x,y
4850,1340943,W I 96,MEYERS,2018-04-03,3,4,2018,16,3,5,1,,1,0,Concrete,2,4,1,70,3,2,2,5,0,0,0,0,true,false,false,false,false,false,false,false,false,false,false,false,false,false,false,false,false,false,false,false,false,false,-83.16896,42.38524,"{
  ""coordinates"": [
    -8.316895991247620e+01,
    4.238523842219560e+01
  ],
  ""type"": ""Point""
}","{
  ""coordinates"": [
    -83.168959912,
    42.385238422
  ],
  ""type"": ""Point""
}",-83.1689599119999,42.385238422
4851,1346310,I 96,EVERGREEN,2018-04-03,3,4,2018,17,3,1,1,,1,1,Concrete,2,4,1,70,3,1,6,3,0,0,1,0,false,false,false,false,false,false,false,false,false,true,false,false,false,false,false,false,false,false,false,false,false,false,-83.23516,42.37932,"{
  ""coordinates"": [
    -8.323516243229351e+01,
    4.237931669994740e+01
  ],
  ""type"": ""Point""
}","{
  ""coordinates"": [
    -83.235162432,
    42.3793167
  ],
  ""type"": ""Point""
}",-83.235162432,42.3793167000001
4852,1340979,PLYMOUTH,BURT,2018-04-03,3,4,2018,8,3,4,9,,4,0,Asphalt,1,2,1,,2,2,2,5,0,0,0,0,true,false,false,false,false,false,false,false,false,false,false,false,false,false,false,false,false,false,false,false,false,false,-83.24596,42.37183,"{
  ""coordinates"": [
    -8.324595934258140e+01,
    4.237183234497930e+01
  ],
  ""type"": ""Point""
}","{
  ""coordinates"": [
    -83.245959343,
    42.371832345
  ],
  ""type"": ""Point""
}",-83.245959343,42.371832345
4853,1361393,EVERGREEN,WESTFIELD,2018-04-03,3,4,2018,19,3,5,9,,4,0,Asphalt,2,4,4,25,2,2,1,5,0,0,0,0,true,false,false,false,false,false,false,false,false,false,true,false,false,false,false,false,false,false,false,false,false,false,-83.23602,42.36291,"{
  ""coordinates"": [
    -8.323601746580920e+01,
    4.236291039250600e+01
  ],
  ""type"": ""Point""
}","{
  ""coordinates"": [
    -83.236017466,
    42.362910393
  ],
  ""type"": ""Point""
}",-83.236017466,42.362910393
4854,1345567,5TH,LAFAYETTE,2018-04-03,3,4,2018,19,3,97,9,,4,0,Concrete,2,4,5,25,2,1,1,5,0,0,0,0,true,false,false,false,false,false,false,false,false,false,false,false,false,false,false,false,true,false,false,false,false,false,-83.05727,42.32761,"{
  ""coordinates"": [
    -8.305727410168720e+01,
    4.232760710685010e+01
  ],
  ""type"": ""Point""
}","{
  ""coordinates"": [
    -83.057274102,
    42.327607107
  ],
  ""type"": ""Point""
}",-83.057274102,42.3276071070001
4855,1346354,TELEGRAPH,7 MILE,2018-04-03,3,4,2018,16,3,5,2,,1,0,Asphalt,2,4,4,45,4,2,2,5,0,0,0,0,true,false,false,false,false,false,false,false,false,false,false,false,false,false,true,false,false,false,false,false,false,false,-83.27792,42.42731,"{
  ""coordinates"": [
    -8.327792717238410e+01,
    4.242731144502450e+01
  ],
  ""type"": ""Point""
}","{
  ""coordinates"": [
    -83.277927172,
    42.427311445
  ],
  ""type"": ""Point""
}",-83.277927172,42.427311445
4856,1343833,E/B I-94,CADIEUX,2018-04-03,3,4,2018,6,3,1,1,,1,1,Asphalt,1,1,4,55,3,1,1,5,0,0,0,0,true,false,false,false,false,false,false,false,false,true,false,false,false,false,true,false,false,false,false,false,false,false,-82.93554,42.41804,"{
  ""coordinates"": [
    -8.293553627408120e+01,
    4.241804052600170e+01
  ],
  ""type"": ""Point""
}","{
  ""coordinates"": [
    -82.935536274,
    42.418040526
  ],
  ""type"": ""Point""
}",-82.935536274,42.418040526
4857,1346363,LINDSAY,THATCHER,2018-04-03,3,4,2018,14,3,8,9,,,0,,2,4,1,25,2,2,1,5,0,0,0,0,true,true,false,false,true,false,false,false,false,false,false,false,false,false,false,false,false,false,false,false,false,false,-83.21351,42.4211,"{
  ""coordinates"": [
    -8.321350927793900e+01,
    4.242109918191200e+01
  ],
  ""type"": ""Point""
}","{
  ""coordinates"": [
    -83.213509278,
    42.421099182
  ],
  ""type"": ""Point""
}",-83.2135092779999,42.421099182
4858,1340987,RYAN,7 MILE,2018-04-03,3,4,2018,17,3,5,9,,4,0,Asphalt,2,4,1,35,4,2,2,5,0,0,0,0,true,false,false,false,false,false,false,false,false,false,false,false,false,false,false,false,false,false,false,false,false,false,-83.06312,42.43313,"{
  ""coordinates"": [
    -8.306311714399700e+01,
    4.243312938101740e+01
  ],
  ""type"": ""Point""
}","{
  ""coordinates"": [
    -83.063117144,
    42.433129381
  ],
  ""type"": ""Point""
}",-83.063117144,42.4331293810001
4859,1342002,EVANSTON,CHALMERS,2018-04-03,3,4,2018,20,3,97,9,,,0,,2,4,4,25,2,3,1,4,0,0,0,1,false,false,false,false,false,false,false,false,false,false,false,false,false,false,false,false,false,false,false,false,false,false,-82.96492,42.40543,"{
  ""coordinates"": [
    -8.296491853600170e+01,
    4.240542731897590e+01
  ],
  ""type"": ""Point""
}","{
  ""coordinates"": [
    -82.964918536,
    42.405427319
  ],
  ""type"": ""Point""
}",-82.964918536,42.4054273190001
4860,1346321,RAMP 215J,W I 94,2018-04-03,3,4,2018,10,3,5,1,,1,0,Asphalt,2,4,1,55,1,2,2,5,0,0,0,0,true,false,false,false,false,false,false,false,false,false,false,false,false,false,true,false,false,false,false,false,false,false,-83.07017,42.36315,"{
  ""coordinates"": [
    -8.307016836030520e+01,
    4.236314868837070e+01
  ],
  ""type"": ""Point""
}","{
  ""coordinates"": [
    -83.07016836,
    42.363148688
  ],
  ""type"": ""Point""
}",-83.07016836,42.3631486880001
4861,1342758,SEVEN MILE,MT ELLIOT,2018-04-03,3,4,2018,17,3,97,9,,4,0,Asphalt,2,4,1,30,4,2,2,5,0,0,0,0,true,false,false,false,false,false,false,false,false,false,false,false,false,true,false,false,false,false,false,false,false,false,-83.03895,42.43368,"{
  ""coordinates"": [
    -8.303894759769270e+01,
    4.243368179050990e+01
  ],
  ""type"": ""Point""
}","{
  ""coordinates"": [
    -83.038947598,
    42.433681791
  ],
  ""type"": ""Point""
}",-83.0389475979999,42.433681791
4862,1342751,EVERGREEN,CHICAGO,2018-04-03,3,4,2018,19,3,8,9,,4,0,Asphalt,2,4,4,25,3,2,1,5,0,0,0,0,true,false,false,false,false,false,false,false,false,false,false,false,false,false,false,false,false,false,false,false,false,false,-83.23604,42.36477,"{
  ""coordinates"": [
    -8.323604075419540e+01,
    4.236477380295170e+01
  ],
  ""type"": ""Point""
}","{
  ""coordinates"": [
    -83.236040754,
    42.364773803
  ],
  ""type"": ""Point""
}",-83.236040754,42.364773803
4863,1340949,I-75,8 MILE,2018-04-03,3,4,2018,20,3,8,1,,1,0,Asphalt,2,4,4,70,4,2,1,5,0,0,0,0,true,false,false,false,true,false,false,false,false,false,false,false,false,false,false,false,false,false,false,false,false,false,-83.09467,42.44535,"{
  ""coordinates"": [
    -8.309466525433510e+01,
    4.244535179916990e+01
  ],
  ""type"": ""Point""
}","{
  ""coordinates"": [
    -83.094665254,
    42.445351799
  ],
  ""type"": ""Point""
}",-83.0946652539999,42.445351799
4864,1345578,COLLINGHAM,WALTHAM,2018-04-03,3,4,2018,9,3,5,9,,,0,,1,1,1,25,2,2,4,5,0,0,0,0,true,false,false,false,true,false,false,false,false,false,false,false,false,false,false,false,false,false,false,false,false,false,-82.99541,42.44738,"{
  ""coordinates"": [
    -8.299541171618270e+01,
    4.244738566601560e+01
  ],
  ""type"": ""Point""
}","{
  ""coordinates"": [
    -82.995411716,
    42.447385666
  ],
  ""type"": ""Point""
}",-82.995411716,42.4473856660001
4865,1340976,N M 39,RAMP 008R,2018-04-03,3,4,2018,15,3,5,3,,1,0,Asphalt,1,2,1,30,2,2,3,5,0,0,0,0,true,false,false,false,false,false,false,false,false,false,false,false,false,true,false,false,false,false,false,false,false,false,-83.21745,42.38429,"{
  ""coordinates"": [
    -8.321744349006640e+01,
    4.238429075237030e+01
  ],
  ""type"": ""Point""
}","{
  ""coordinates"": [
    -83.21744349,
    42.384290752
  ],
  ""type"": ""Point""
}",-83.2174434899999,42.384290752
4866,1340942,E I 94,N M 10,2018-04-03,3,4,2018,14,3,5,1,,1,3,Asphalt,2,4,1,55,3,2,1,5,0,0,0,0,true,false,false,false,false,false,false,false,false,true,false,false,false,false,false,false,false,false,false,false,false,false,-83.07618,42.35897,"{
  ""coordinates"": [
    -8.307617926425320e+01,
    4.235896675181980e+01
  ],
  ""type"": ""Point""
}","{
  ""coordinates"": [
    -83.076179264,
    42.358966752
  ],
  ""type"": ""Point""
}",-83.076179264,42.3589667520001
4867,1342003,W/B I 94,MOROSS,2018-04-03,3,4,2018,22,3,8,1,,1,0,Asphalt,2,4,4,55,3,2,1,5,0,0,0,0,true,false,false,false,true,false,false,false,false,false,false,false,false,false,false,false,false,false,false,false,false,false,-82.92812,42.42547,"{
  ""coordinates"": [
    -8.292811856323630e+01,
    4.242546795282660e+01
  ],
  ""type"": ""Point""
}","{
  ""coordinates"": [
    -82.928118563,
    42.425467953
  ],
  ""type"": ""Point""
}",-82.9281185629999,42.4254679530001
4868,1340944,S M 39,RAMP 008H,2018-04-03,3,4,2018,22,3,1,3,,1,1,Asphalt,2,4,4,55,3,1,1,4,0,0,0,1,false,false,false,false,false,false,false,false,false,true,false,false,false,false,false,false,false,false,false,false,false,false,-83.2175,42.38238,"{
  ""coordinates"": [
    -8.321749936771040e+01,
    4.238237690023250e+01
  ],
  ""type"": ""Point""
}","{
  ""coordinates"": [
    -83.217499368,
    42.3823769
  ],
  ""type"": ""Point""
}",-83.2174993679999,42.3823769000001
4869,1340953,I-94,MORANG,2018-04-03,3,4,2018,22,3,1,1,,1,1,Asphalt,2,4,4,55,3,1,1,5,0,0,0,0,true,false,false,false,false,false,false,false,false,true,false,false,false,false,false,false,false,false,false,false,false,false,-82.93333,42.41954,"{
  ""coordinates"": [
    -8.293332501805740e+01,
    4.241953594293260e+01
  ],
  ""type"": ""Point""
}","{
  ""coordinates"": [
    -82.933325018,
    42.419535943
  ],
  ""type"": ""Point""
}",-82.9333250179999,42.419535943
4870,1341988,16TH,ASH,2018-04-03,3,4,2018,16,3,10,9,,,0,,2,3,1,25,2,2,1,5,0,0,0,0,true,false,false,false,true,false,false,false,false,false,false,false,false,false,false,false,false,false,false,false,false,false,-83.08225,42.33697,"{
  ""coordinates"": [
    -8.308225187646561e+01,
    4.233697018416210e+01
  ],
  ""type"": ""Point""
}","{
  ""coordinates"": [
    -83.082251876,
    42.336970184
  ],
  ""type"": ""Point""
}",-83.082251876,42.3369701840001
4871,1354048,WYOMING,S M 10,2018-04-03,3,4,2018,15,3,5,9,,4,0,Concrete,1,1,1,30,4,2,2,5,0,0,0,0,true,false,false,false,false,false,false,false,false,false,false,false,false,true,false,false,false,false,false,false,false,false,-83.15982,42.40519,"{
  ""coordinates"": [
    -8.315981751959400e+01,
    4.240518935407810e+01
  ],
  ""type"": ""Point""
}","{
  ""coordinates"": [
    -83.15981752,
    42.405189354
  ],
  ""type"": ""Point""
}",-83.15981752,42.4051893540001
4872,1343884,WARREN,CHATSWORTH,2018-04-02,2,4,2018,12,2,5,9,,4,0,Asphalt,1,1,1,35,4,2,2,5,0,0,0,0,true,false,false,false,false,false,false,false,false,false,false,false,false,false,true,false,false,false,false,false,false,false,-82.94572,42.40025,"{
  ""coordinates"": [
    -8.294572091081690e+01,
    4.240024527515490e+01
  ],
  ""type"": ""Point""
}","{
  ""coordinates"": [
    -82.945720911,
    42.400245275
  ],
  ""type"": ""Point""
}",-82.945720911,42.400245275
4873,1349260,WARREN,BRACE,2018-04-02,2,4,2018,15,2,5,9,,2,0,Asphalt,1,1,1,35,4,2,2,5,0,0,0,0,true,false,false,false,true,false,false,true,false,false,false,false,false,false,false,false,false,false,false,false,false,false,-83.22334,42.3433,"{
  ""coordinates"": [
    -8.322334088768049e+01,
    4.234330259051670e+01
  ],
  ""type"": ""Point""
}","{
  ""coordinates"": [
    -83.223340888,
    42.343302591
  ],
  ""type"": ""Point""
}",-83.2233408879999,42.3433025910001
4874,1351151,M 39,JOY,2018-04-02,2,4,2018,0,2,1,3,,1,1,Asphalt,1,1,1,,3,1,0,5,0,0,0,0,true,false,false,false,true,false,false,false,false,true,false,false,false,false,false,false,false,false,false,false,false,false,-83.21657,42.35757,"{
  ""coordinates"": [
    -8.321657084985590e+01,
    4.235757216114480e+01
  ],
  ""type"": ""Point""
}","{
  ""coordinates"": [
    -83.21657085,
    42.357572161
  ],
  ""type"": ""Point""
}",-83.21657085,42.3575721610001
4875,1349207,GRAND,S M 10,2018-04-02,2,4,2018,18,2,4,9,,4,0,Concrete,1,2,1,35,3,2,2,4,0,0,0,1,false,false,false,false,false,false,false,false,false,false,false,false,false,false,false,false,false,false,false,false,false,false,-83.08205,42.3671,"{
  ""coordinates"": [
    -8.308205376297410e+01,
    4.236710220386620e+01
  ],
  ""type"": ""Point""
}","{
  ""coordinates"": [
    -83.082053763,
    42.367102204
  ],
  ""type"": ""Point""
}",-83.082053763,42.367102204
4876,1342752,JEFFERSON,JOS CAMPAU,2018-04-02,2,4,2018,18,2,4,9,,4,0,Asphalt,1,2,1,30,2,2,5,3,0,0,3,1,false,false,false,false,false,false,false,false,false,false,false,false,false,false,false,false,false,false,false,false,false,false,-83.01974,42.33949,"{
  ""coordinates"": [
    -8.301974650657880e+01,
    4.233948994366070e+01
  ],
  ""type"": ""Point""
}","{
  ""coordinates"": [
    -83.019746507,
    42.339489944
  ],
  ""type"": ""Point""
}",-83.019746507,42.339489944
4877,1345598,PICKFORD,OUTER,2018-04-02,2,4,2018,19,2,4,9,,,0,,1,2,1,25,3,2,2,3,0,0,1,0,false,false,false,false,false,false,false,false,false,false,true,false,false,false,true,false,false,false,false,false,false,false,-83.17553,42.42575,"{
  ""coordinates"": [
    -8.317553026282330e+01,
    4.242575605055630e+01
  ],
  ""type"": ""Point""
}","{
  ""coordinates"": [
    -83.175530263,
    42.425756051
  ],
  ""type"": ""Point""
}",-83.175530263,42.4257560510001
4878,1342760,GRATIOT,MANNING,2018-04-02,2,4,2018,22,2,4,3,,1,0,Asphalt,1,1,1,35,7,2,4,5,0,0,0,0,true,false,false,false,false,false,false,false,false,false,false,false,false,false,false,false,false,false,false,false,false,false,-82.97385,42.44094,"{
  ""coordinates"": [
    -8.297384412760340e+01,
    4.244093603843020e+01
  ],
  ""type"": ""Point""
}","{
  ""coordinates"": [
    -82.973844128,
    42.440936038
  ],
  ""type"": ""Point""
}",-82.9738441279999,42.4409360380001
4879,1345595,OUTER,MENDOTA,2018-04-02,2,4,2018,15,2,5,9,,2,0,Asphalt,1,1,1,35,4,2,2,5,0,0,0,0,true,false,false,false,false,false,false,false,false,false,false,false,false,true,false,false,false,false,false,false,false,false,-83.16651,42.43488,"{
  ""coordinates"": [
    -8.316651499967540e+01,
    4.243487880150480e+01
  ],
  ""type"": ""Point""
}","{
  ""coordinates"": [
    -83.166515,
    42.434878802
  ],
  ""type"": ""Point""
}",-83.1665149999999,42.4348788020001
4880,1340253,BURT,ELMIRA,2018-04-02,2,4,2018,18,2,2,9,,4,2,Asphalt,1,1,1,25,4,2,1,5,0,0,0,0,true,false,false,false,false,false,false,false,false,false,false,false,false,false,false,false,false,false,false,false,false,false,-83.24604,42.36674,"{
  ""coordinates"": [
    -8.324604265935500e+01,
    4.236673706879450e+01
  ],
  ""type"": ""Point""
}","{
  ""coordinates"": [
    -83.246042659,
    42.366737069
  ],
  ""type"": ""Point""
}",-83.246042659,42.3667370690001
4881,1340255,WARREN,PIEDMONT,2018-04-02,2,4,2018,0,2,1,9,,2,1,Asphalt,1,1,4,35,4,1,3,2,0,2,0,0,false,false,false,false,false,false,false,false,false,false,false,false,false,false,false,false,false,false,false,false,false,false,-83.22805,42.34324,"{
  ""coordinates"": [
    -8.322804831320070e+01,
    4.234324053006660e+01
  ],
  ""type"": ""Point""
}","{
  ""coordinates"": [
    -83.228048313,
    42.34324053
  ],
  ""type"": ""Point""
}",-83.228048313,42.3432405300001
4882,1351244,MCNICHOLS,FORRER,2018-04-02,2,4,2018,12,2,97,9,,2,0,Asphalt,1,1,1,35,4,2,1,4,0,0,0,1,false,false,false,false,false,false,false,true,false,false,false,false,true,false,false,false,false,false,false,false,false,false,-83.20199,42.41591,"{
  ""coordinates"": [
    -8.320198679908570e+01,
    4.241591011798870e+01
  ],
  ""type"": ""Point""
}","{
  ""coordinates"": [
    -83.201986799,
    42.415910118
  ],
  ""type"": ""Point""
}",-83.2019867989999,42.4159101180001
4883,1341987,APPLE,MICHIGAN,2018-04-02,2,4,2018,1,2,8,2,,,0,,1,1,3,25,1,2,0,5,0,0,0,0,true,false,false,false,true,false,false,false,false,false,false,false,false,false,false,false,false,false,false,false,false,false,-83.12926,42.33089,"{
  ""coordinates"": [
    -8.312926363811781e+01,
    4.233088497410700e+01
  ],
  ""type"": ""Point""
}","{
  ""coordinates"": [
    -83.129263638,
    42.330884974
  ],
  ""type"": ""Point""
}",-83.1292636379999,42.3308849740001
4884,1343836,M-39,7 MILE,2018-04-02,2,4,2018,15,2,5,3,,1,0,Concrete,1,2,1,55,3,2,3,5,0,0,0,0,true,false,false,false,false,false,false,false,false,false,false,false,false,false,false,true,false,false,false,false,false,false,-83.21946,42.43139,"{
  ""coordinates"": [
    -8.321946047840400e+01,
    4.243138939020990e+01
  ],
  ""type"": ""Point""
}","{
  ""coordinates"": [
    -83.219460478,
    42.43138939
  ],
  ""type"": ""Point""
}",-83.219460478,42.43138939
4885,1340254,CHICAGO,FITZPATRICK,2018-04-02,2,4,2018,10,2,98,9,,4,0,Asphalt,1,1,1,35,4,2,1,5,0,0,0,0,true,false,false,false,true,false,false,false,false,false,false,false,false,false,false,false,false,false,false,false,false,false,-83.21903,42.36502,"{
  ""coordinates"": [
    -8.321903609789250e+01,
    4.236501575873790e+01
  ],
  ""type"": ""Point""
}","{
  ""coordinates"": [
    -83.219036098,
    42.365015759
  ],
  ""type"": ""Point""
}",-83.2190360979999,42.3650157590001
4886,1342732,RAMP 216E,E I 94,2018-04-02,2,4,2018,16,2,5,1,,1,0,Concrete,1,2,1,55,2,2,6,5,0,0,0,0,true,false,false,false,false,false,false,false,false,false,false,false,false,false,true,false,false,false,false,false,false,false,-83.05535,42.37016,"{
  ""coordinates"": [
    -8.305535305846470e+01,
    4.237016065788490e+01
  ],
  ""type"": ""Point""
}","{
  ""coordinates"": [
    -83.055353058,
    42.370160658
  ],
  ""type"": ""Point""
}",-83.055353058,42.370160658
4887,1340241,JEFFERSON,WATERMAN,2018-04-02,2,4,2018,10,2,8,9,,4,0,Asphalt,1,1,1,30,2,2,2,5,0,0,0,0,true,false,false,false,false,false,false,false,false,false,false,false,false,false,false,true,false,false,false,false,false,false,-83.10268,42.29707,"{
  ""coordinates"": [
    -8.310268468305139e+01,
    4.229707271446210e+01
  ],
  ""type"": ""Point""
}","{
  ""coordinates"": [
    -83.102684683,
    42.297072714
  ],
  ""type"": ""Point""
}",-83.1026846829999,42.2970727140001
4888,1340983,WARREN,STAHELIN,2018-04-02,2,4,2018,23,2,4,9,,2,0,Asphalt,1,1,4,35,4,2,2,5,0,0,0,0,true,false,false,false,true,false,false,false,false,false,false,false,false,false,false,false,false,false,false,false,false,false,-83.22433,42.34329,"{
  ""coordinates"": [
    -8.322432632160780e+01,
    4.234329243305550e+01
  ],
  ""type"": ""Point""
}","{
  ""coordinates"": [
    -83.224326322,
    42.343292433
  ],
  ""type"": ""Point""
}",-83.224326322,42.343292433
4889,1352794,BURTON,PELOUZE,2018-04-02,2,4,2018,10,2,5,9,,,0,,1,1,1,45,4,2,2,5,0,0,0,0,true,false,false,false,false,false,false,false,false,false,false,false,false,false,false,false,false,false,false,false,false,false,-83.12624,42.33353,"{
  ""coordinates"": [
    -8.312624257359700e+01,
    4.233352644842440e+01
  ],
  ""type"": ""Point""
}","{
  ""coordinates"": [
    -83.126242574,
    42.333526448
  ],
  ""type"": ""Point""
}",-83.1262425739999,42.333526448
4890,1340158,RAMP 100D,8 MILE,2018-04-02,2,4,2018,8,2,5,3,,1,0,Asphalt,1,1,1,70,2,2,2,5,0,0,0,0,true,false,false,false,false,false,false,false,false,false,false,false,false,true,false,false,false,false,false,false,false,false,-83.2047,42.44458,"{
  ""coordinates"": [
    -8.320470453544010e+01,
    4.244458354140510e+01
  ],
  ""type"": ""Point""
}","{
  ""coordinates"": [
    -83.204704535,
    42.444583541
  ],
  ""type"": ""Point""
}",-83.204704535,42.444583541
4891,1339573,N I 75,GRAND RIVER,2018-04-02,2,4,2018,9,2,5,1,,1,0,Concrete,1,1,1,55,3,2,3,5,0,0,0,0,true,false,false,false,false,false,false,false,false,false,false,false,false,false,false,false,false,false,false,false,false,false,-83.05924,42.33645,"{
  ""coordinates"": [
    -8.305924330617560e+01,
    4.233645164150160e+01
  ],
  ""type"": ""Point""
}","{
  ""coordinates"": [
    -83.059243306,
    42.336451642
  ],
  ""type"": ""Point""
}",-83.059243306,42.336451642
4892,1351277,WINSTON,PICKFORD,2018-04-02,2,4,2018,2,2,8,9,,,0,,1,1,4,25,2,2,0,5,0,0,0,0,true,true,false,false,true,false,false,false,false,false,false,false,false,false,false,false,false,false,false,false,false,false,-83.28401,42.42321,"{
  ""coordinates"": [
    -8.328401023586670e+01,
    4.242320739516920e+01
  ],
  ""type"": ""Point""
}","{
  ""coordinates"": [
    -83.284010236,
    42.423207395
  ],
  ""type"": ""Point""
}",-83.284010236,42.4232073950001
4893,1343907,GRATIOT,HARPER,2018-04-02,2,4,2018,0,2,8,3,,1,0,Asphalt,1,1,4,,5,2,1,4,0,0,0,1,false,false,false,false,true,false,false,false,false,false,false,false,false,false,false,false,false,false,false,false,false,false,-83.0051,42.39332,"{
  ""coordinates"": [
    -8.300510735605251e+01,
    4.239331895958970e+01
  ],
  ""type"": ""Point""
}","{
  ""coordinates"": [
    -83.005107356,
    42.39331896
  ],
  ""type"": ""Point""
}",-83.0051073559999,42.39331896
4894,1352406,PORTER,ROSA PARKS,2018-04-02,2,4,2018,11,2,10,9,,,0,,1,1,1,25,2,2,2,5,0,0,0,0,true,false,false,false,false,false,false,false,false,false,false,false,false,true,false,false,false,false,false,false,false,false,-83.06888,42.32589,"{
  ""coordinates"": [
    -8.306888031269359e+01,
    4.232589407180720e+01
  ],
  ""type"": ""Point""
}","{
  ""coordinates"": [
    -83.068880313,
    42.325894072
  ],
  ""type"": ""Point""
}",-83.068880313,42.325894072
4895,1340990,OUTER,MT ELLIOTT,2018-04-02,2,4,2018,10,2,4,9,,2,0,Asphalt,1,1,1,,5,2,1,4,0,0,0,1,false,false,true,true,true,false,false,false,false,false,false,false,false,true,false,false,false,false,false,false,false,false,-83.03915,42.44083,"{
  ""coordinates"": [
    -8.303915071130940e+01,
    4.244082580966800e+01
  ],
  ""type"": ""Point""
}","{
  ""coordinates"": [
    -83.039150711,
    42.44082581
  ],
  ""type"": ""Point""
}",-83.0391507109999,42.44082581
4896,1342006,CONNER,GRATIOT,2018-04-02,2,4,2018,18,2,5,3,,4,0,Asphalt,1,1,1,20,2,2,1,5,0,0,0,0,true,false,false,false,true,false,false,false,false,false,false,false,false,false,false,false,false,false,false,false,false,false,-82.99745,42.40487,"{
  ""coordinates"": [
    -8.299745179643671e+01,
    4.240486917765140e+01
  ],
  ""type"": ""Point""
}","{
  ""coordinates"": [
    -82.997451796,
    42.404869178
  ],
  ""type"": ""Point""
}",-82.997451796,42.4048691780001
4897,1340263,HOOVER,LAPPIN,2018-04-02,2,4,2018,2,2,5,3,,1,0,Asphalt,1,1,4,30,2,2,1,5,0,0,0,0,true,false,false,false,false,false,false,false,false,false,false,false,false,false,false,false,false,false,false,false,false,false,-83.00476,42.43636,"{
  ""coordinates"": [
    -8.300475917189320e+01,
    4.243636479989380e+01
  ],
  ""type"": ""Point""
}","{
  ""coordinates"": [
    -83.004759172,
    42.4363648
  ],
  ""type"": ""Point""
}",-83.004759172,42.4363648
4898,1348030,JEFFERSON,CROSSLEY,2018-04-02,2,4,2018,2,2,98,9,,4,3,Asphalt,98,98,4,30,2,8,0,5,0,0,0,0,true,false,false,false,false,false,false,false,false,true,false,false,false,false,false,false,false,false,false,false,false,false,-83.11051,42.29364,"{
  ""coordinates"": [
    -8.311051442791749e+01,
    4.229363474484930e+01
  ],
  ""type"": ""Point""
}","{
  ""coordinates"": [
    -83.110514428,
    42.293634745
  ],
  ""type"": ""Point""
}",-83.110514428,42.2936347450001
4899,1349287,DUPREY,MORANG,2018-04-02,2,4,2018,15,2,98,9,,,0,,98,98,98,,2,2,0,5,0,0,0,0,true,false,false,false,true,false,false,false,false,false,true,false,false,true,false,false,false,false,false,false,false,false,-82.93854,42.41956,"{
  ""coordinates"": [
    -8.293854134231960e+01,
    4.241955385563140e+01
  ],
  ""type"": ""Point""
}","{
  ""coordinates"": [
    -82.938541342,
    42.419553856
  ],
  ""type"": ""Point""
}",-82.938541342,42.4195538560001
4900,1400931,7 MILE,LITTLEFIELD,2018-04-02,2,4,2018,22,2,5,9,,2,0,Asphalt,1,1,4,30,2,2,3,4,0,0,0,1,false,true,false,false,false,false,false,false,false,false,false,false,false,true,false,false,false,false,false,false,false,false,-83.177,42.43115,"{
  ""coordinates"": [
    -8.317700548137130e+01,
    4.243114818288570e+01
  ],
  ""type"": ""Point""
}","{
  ""coordinates"": [
    -83.177005481,
    42.431148183
  ],
  ""type"": ""Point""
}",-83.177005481,42.4311481830001
4901,1409751,CONNER,RAMP 220F,2018-04-02,2,4,2018,19,2,5,1,,1,0,Asphalt,1,1,1,,1,2,1,5,0,0,0,0,true,false,false,false,true,false,false,false,false,false,false,false,false,false,false,false,false,false,false,false,false,false,-82.98931,42.39564,"{
  ""coordinates"": [
    -8.298930969498670e+01,
    4.239563943038150e+01
  ],
  ""type"": ""Point""
}","{
  ""coordinates"": [
    -82.989309695,
    42.39563943
  ],
  ""type"": ""Point""
}",-82.989309695,42.3956394300001
4902,1343859,HARMON,BRUSH,2018-04-02,2,4,2018,8,2,98,9,,,0,,1,1,1,25,2,2,0,5,0,0,0,0,true,false,false,false,true,false,false,false,false,false,true,false,false,false,false,false,false,false,false,false,false,false,-83.08146,42.3923,"{
  ""coordinates"": [
    -8.308145943686441e+01,
    4.239229891141510e+01
  ],
  ""type"": ""Point""
}","{
  ""coordinates"": [
    -83.081459437,
    42.392298911
  ],
  ""type"": ""Point""
}",-83.081459437,42.3922989110001
4903,1349230,4027 ST CLAIR,CANFIELD,2018-04-02,2,4,2018,11,2,8,9,,,0,,1,1,1,25,2,2,0,5,0,0,0,0,true,false,false,false,true,false,false,false,false,false,false,false,false,false,false,false,false,false,false,false,false,false,-82.98959,42.37988,"{
  ""coordinates"": [
    -8.298959026558200e+01,
    4.237987441856260e+01
  ],
  ""type"": ""Point""
}","{
  ""coordinates"": [
    -82.989590266,
    42.379874419
  ],
  ""type"": ""Point""
}",-82.9895902659999,42.379874419
4904,1340265,WAYBURN,BONITA,2018-04-02,2,4,2018,11,2,97,9,,,0,,1,1,1,25,1,2,4,4,0,0,0,1,false,false,false,false,false,false,false,false,false,false,false,false,false,false,false,false,false,false,false,false,false,false,-82.95882,42.41346,"{
  ""coordinates"": [
    -8.295882378948450e+01,
    4.241346131101840e+01
  ],
  ""type"": ""Point""
}","{
  ""coordinates"": [
    -82.958823789,
    42.413461311
  ],
  ""type"": ""Point""
}",-82.958823789,42.413461311