ObjectId,Crash ID,Primary Road,Intersecting Road,Crash Date,Day,Month,Year,Hour,Weekday,Crash Type Code,Highway Classification Code,Community Code,Jurisdiction Code,Lane Departure Type Code,Surface Type,Road Condition,Weather Condition,Lighting Condition,Speed Limit,Lanes,Units,Occupants,Most Severe Injury,Fatal Injuries,Suspected Serious Injuries,Suspected Minor Injuries,Possible Injuries,Property Damage Only,Secondary Crash,Traffic Control,Red Light Run,Hit and Run,Alcohol,Drugs,Unbelted Person,Work Zone,Speeding Driver,Distracted Driver,Driveway,Pedestrian,Elderly Driver,Young Driver,Commercial Vehicle,Emergency Vehicles,Train,School Bus,Motorcycle,Bicycle,Deer,Longitude,Latitude,geom,geog,x,y
4960,1339597,MCNICHOLS,SUNDERLAND,2018-04-01,1,4,2018,2,1,5,9,,2,0,Asphalt,1,1,4,35,4,2,2,4,0,0,0,1,false,false,false,false,false,true,false,false,false,false,false,false,false,false,false,false,false,false,false,false,false,false,-83.22885,42.41536,"{
  ""coordinates"": [
    -8.322884847345870e+01,
    4.241535394389180e+01
  ],
  ""type"": ""Point""
}","{
  ""coordinates"": [
    -83.228848473,
    42.415353944
  ],
  ""type"": ""Point""
}",-83.228848473,42.4153539440001
4961,1340266,PARKWAY,PLYMOUTH,2018-04-01,1,4,2018,14,1,97,9,,,0,,1,1,1,25,1,2,0,5,0,0,0,0,true,false,false,false,true,false,false,false,false,false,false,false,false,false,false,false,false,false,false,false,false,false,-83.26573,42.37139,"{
  ""coordinates"": [
    -8.326572935095859e+01,
    4.237138874501510e+01
  ],
  ""type"": ""Point""
}","{
  ""coordinates"": [
    -83.265729351,
    42.371388745
  ],
  ""type"": ""Point""
}",-83.2657293509999,42.371388745
4962,1339591,GRATIOT,ADELAIDE,2018-04-01,1,4,2018,17,1,4,3,,1,0,Asphalt,1,2,1,30,3,2,1,5,0,0,0,0,true,false,true,true,true,false,false,false,false,false,false,false,false,true,false,false,false,false,false,false,false,false,-83.03486,42.34857,"{
  ""coordinates"": [
    -8.303485788272080e+01,
    4.234856936381820e+01
  ],
  ""type"": ""Point""
}","{
  ""coordinates"": [
    -83.034857883,
    42.348569364
  ],
  ""type"": ""Point""
}",-83.034857883,42.3485693640001
4963,1339587,S M 39,CHICAGO,2018-04-01,1,4,2018,5,1,1,3,,1,0,Asphalt,1,1,4,35,2,1,1,5,0,0,0,0,true,false,false,false,false,false,false,false,false,false,false,false,false,false,false,false,false,false,false,false,false,false,-83.21657,42.36526,"{
  ""coordinates"": [
    -8.321656773048601e+01,
    4.236525946571940e+01
  ],
  ""type"": ""Point""
}","{
  ""coordinates"": [
    -83.21656773,
    42.365259466
  ],
  ""type"": ""Point""
}",-83.21656773,42.3652594660001
4964,1342013,8 MILE,WEXFORD,2018-04-01,1,4,2018,2,1,8,3,,1,0,Asphalt,1,1,4,40,4,2,1,5,0,0,0,0,true,false,false,false,true,false,false,false,false,false,false,false,false,false,false,false,false,false,false,false,false,false,-83.06597,42.44723,"{
  ""coordinates"": [
    -8.306597385427240e+01,
    4.244723319051620e+01
  ],
  ""type"": ""Point""
}","{
  ""coordinates"": [
    -83.065973854,
    42.447233191
  ],
  ""type"": ""Point""
}",-83.0659738539999,42.4472331910001
4965,1339590,WOODWARD,CLIFFORD,2018-04-01,1,4,2018,16,1,8,9,,4,0,Asphalt,1,2,1,25,2,2,3,5,0,0,0,0,true,false,false,false,false,false,false,false,false,false,false,false,false,false,false,false,false,false,false,false,false,false,-83.04947,42.33501,"{
  ""coordinates"": [
    -8.304947061176780e+01,
    4.233500670196890e+01
  ],
  ""type"": ""Point""
}","{
  ""coordinates"": [
    -83.049470612,
    42.335006702
  ],
  ""type"": ""Point""
}",-83.0494706119999,42.335006702
4966,1339600,PURITAN,FERGUSON,2018-04-01,1,4,2018,7,1,4,9,,4,0,Asphalt,1,2,2,25,2,2,2,5,0,0,0,0,true,false,false,false,true,false,false,false,false,false,false,false,false,false,false,false,false,false,false,false,false,false,-83.20972,42.40852,"{
  ""coordinates"": [
    -8.320972538049450e+01,
    4.240851462763050e+01
  ],
  ""type"": ""Point""
}","{
  ""coordinates"": [
    -83.20972538,
    42.408514628
  ],
  ""type"": ""Point""
}",-83.20972538,42.408514628
4967,1339570,N M 10,CHICAGO,2018-04-01,1,4,2018,3,1,1,3,,1,1,Concrete,1,1,4,55,3,1,1,5,0,0,0,0,true,false,false,false,false,false,false,false,false,true,false,false,false,false,false,false,false,false,false,false,false,false,-83.09486,42.38247,"{
  ""coordinates"": [
    -8.309485537557261e+01,
    4.238246552445020e+01
  ],
  ""type"": ""Point""
}","{
  ""coordinates"": [
    -83.094855376,
    42.382465524
  ],
  ""type"": ""Point""
}",-83.0948553759999,42.3824655240001
4968,1339606,MORANG,SOMERSET,2018-04-01,1,4,2018,2,1,97,9,,4,0,Asphalt,1,1,4,30,2,1,1,5,0,0,0,0,true,false,false,false,true,false,false,true,false,false,false,false,false,false,false,false,false,false,false,false,false,false,-82.94406,42.42369,"{
  ""coordinates"": [
    -8.294406117324669e+01,
    4.242369358959640e+01
  ],
  ""type"": ""Point""
}","{
  ""coordinates"": [
    -82.944061173,
    42.42369359
  ],
  ""type"": ""Point""
}",-82.944061173,42.42369359
4969,1340267,MORANGE,LAKEPOINTE,2018-04-01,1,4,2018,,1,4,9,,4,0,Asphalt,1,1,4,,2,2,2,5,0,0,0,0,true,false,false,false,false,false,false,false,false,false,false,false,false,false,false,false,false,false,false,false,false,false,-82.94785,42.42524,"{
  ""coordinates"": [
    -8.294784574860959e+01,
    4.242524117143350e+01
  ],
  ""type"": ""Point""
}","{
  ""coordinates"": [
    -82.947845749,
    42.425241171
  ],
  ""type"": ""Point""
}",-82.947845749,42.425241171
4970,1343901,JEFFERSON,LODGE,2018-04-01,1,4,2018,13,1,4,4,,1,0,Asphalt,1,1,1,35,7,2,2,5,0,0,0,0,true,false,false,false,true,false,false,false,false,false,false,false,false,false,false,false,false,false,false,false,false,false,-83.04185,42.32965,"{
  ""coordinates"": [
    -8.304184580331720e+01,
    4.232965563263470e+01
  ],
  ""type"": ""Point""
}","{
  ""coordinates"": [
    -83.041845803,
    42.329655633
  ],
  ""type"": ""Point""
}",-83.0418458029999,42.3296556330001
4971,1339599,GREENFIELD,CHALFONTE,2018-04-01,1,4,2018,15,1,8,9,,2,0,Asphalt,1,1,1,45,4,2,3,4,0,0,0,1,false,false,false,false,true,false,false,false,false,false,false,false,false,false,false,false,false,false,false,false,false,false,-83.19863,42.39918,"{
  ""coordinates"": [
    -8.319863421960640e+01,
    4.239917609443970e+01
  ],
  ""type"": ""Point""
}","{
  ""coordinates"": [
    -83.19863422,
    42.399176094
  ],
  ""type"": ""Point""
}",-83.19863422,42.399176094
4972,1339612,MCNICHOLS,JAMES COUZENS,2018-04-01,1,4,2018,18,1,4,9,,2,0,Asphalt,1,1,1,35,4,2,2,5,0,0,0,0,true,false,true,true,true,false,false,false,false,false,false,false,false,false,false,false,false,false,false,false,false,false,-83.17162,42.41665,"{
  ""coordinates"": [
    -8.317161877853231e+01,
    4.241664369132880e+01
  ],
  ""type"": ""Point""
}","{
  ""coordinates"": [
    -83.171618779,
    42.416643691
  ],
  ""type"": ""Point""
}",-83.171618779,42.416643691
4973,1342765,6 MILE,PINEHURST,2018-04-01,1,4,2018,17,1,4,9,,2,0,Asphalt,1,1,1,30,7,2,3,4,0,0,0,1,false,false,false,false,false,false,false,false,false,false,false,false,false,false,false,false,false,false,false,false,false,false,-83.16689,42.41674,"{
  ""coordinates"": [
    -8.316688237701280e+01,
    4.241674601072480e+01
  ],
  ""type"": ""Point""
}","{
  ""coordinates"": [
    -83.166882377,
    42.416746011
  ],
  ""type"": ""Point""
}",-83.166882377,42.416746011
4974,1340989,7 MILE,KLINGER,2018-04-01,1,4,2018,13,1,8,9,,4,0,Asphalt,1,1,1,35,1,2,3,5,0,0,0,0,true,false,false,false,false,false,false,false,false,false,false,false,false,false,false,false,false,false,false,false,false,false,-83.06892,42.433,"{
  ""coordinates"": [
    -8.306892311556619e+01,
    4.243300216036230e+01
  ],
  ""type"": ""Point""
}","{
  ""coordinates"": [
    -83.068923116,
    42.43300216
  ],
  ""type"": ""Point""
}",-83.068923116,42.4330021600001
4975,1339571,M 10,ELMHURST,2018-04-01,1,4,2018,19,1,8,3,,,0,,1,1,1,55,3,2,2,4,0,0,0,2,false,false,false,false,false,false,false,false,false,false,false,false,false,false,false,false,false,false,false,false,false,false,-83.10399,42.38974,"{
  ""coordinates"": [
    -8.310399233411729e+01,
    4.238974556743900e+01
  ],
  ""type"": ""Point""
}","{
  ""coordinates"": [
    -83.103992334,
    42.389745567
  ],
  ""type"": ""Point""
}",-83.1039923339999,42.389745567
4976,1341980,I 94,I 75,2018-04-01,1,4,2018,23,1,1,1,,1,1,Concrete,1,1,4,55,3,1,1,5,0,0,0,0,true,false,false,false,false,false,false,false,false,false,false,false,false,false,false,false,false,false,false,false,false,false,-83.05684,42.36925,"{
  ""coordinates"": [
    -8.305684145263180e+01,
    4.236925202421290e+01
  ],
  ""type"": ""Point""
}","{
  ""coordinates"": [
    -83.056841453,
    42.369252024
  ],
  ""type"": ""Point""
}",-83.0568414529999,42.369252024
4977,1339596,WINSTON,7 MILE,2018-04-01,1,4,2018,22,1,4,9,,,0,,1,2,4,25,2,2,2,4,0,0,0,2,false,false,false,false,false,false,false,false,false,true,false,true,false,false,false,false,false,false,false,false,false,false,-83.28417,42.42855,"{
  ""coordinates"": [
    -8.328417585773410e+01,
    4.242854677980140e+01
  ],
  ""type"": ""Point""
}","{
  ""coordinates"": [
    -83.284175858,
    42.42854678
  ],
  ""type"": ""Point""
}",-83.284175858,42.42854678
4978,1340991,7 MILE,MOENART,2018-04-01,1,4,2018,23,1,8,9,,4,0,Asphalt,1,1,4,30,2,2,2,5,0,0,0,0,true,false,false,false,true,false,false,false,false,false,false,false,false,false,false,false,false,false,false,false,false,false,-83.05018,42.43341,"{
  ""coordinates"": [
    -8.305018048772560e+01,
    4.243341206381080e+01
  ],
  ""type"": ""Point""
}","{
  ""coordinates"": [
    -83.050180488,
    42.433412064
  ],
  ""type"": ""Point""
}",-83.050180488,42.433412064
4979,1339603,BONITA,WAYBURN,2018-04-01,1,4,2018,11,1,4,9,,,0,,1,1,1,25,2,2,3,5,0,0,0,0,true,false,false,false,false,false,false,false,false,false,false,false,false,false,false,false,false,false,false,false,false,false,-82.95891,42.41341,"{
  ""coordinates"": [
    -8.295890446347499e+01,
    4.241340653053660e+01
  ],
  ""type"": ""Point""
}","{
  ""coordinates"": [
    -82.958904463,
    42.413406531
  ],
  ""type"": ""Point""
}",-82.958904463,42.4134065310001
4980,1347235,N I 75,W I 94,2018-04-01,1,4,2018,1,1,8,1,,1,0,Asphalt,1,1,4,55,3,2,3,5,0,0,0,0,true,false,false,false,false,false,false,false,false,false,false,false,false,false,false,false,false,false,false,false,false,false,-83.05804,42.36876,"{
  ""coordinates"": [
    -8.305803688193440e+01,
    4.236875986172990e+01
  ],
  ""type"": ""Point""
}","{
  ""coordinates"": [
    -83.058036882,
    42.368759862
  ],
  ""type"": ""Point""
}",-83.058036882,42.368759862
4981,1345547,WHITTAKER,SPRINGWELLS,2018-04-01,1,4,2018,11,1,5,9,,,0,,1,1,1,,1,2,0,5,0,0,0,0,true,false,false,false,true,false,false,false,false,false,false,false,false,false,false,false,false,false,false,false,false,false,-83.1265,42.31087,"{
  ""coordinates"": [
    -8.312649922845630e+01,
    4.231086541247820e+01
  ],
  ""type"": ""Point""
}","{
  ""coordinates"": [
    -83.126499228,
    42.310865412
  ],
  ""type"": ""Point""
}",-83.1264992279999,42.3108654120001
4982,1339592,JEFFERSON,ORLEANS,2018-04-01,1,4,2018,14,1,8,9,,4,0,Asphalt,1,1,1,35,5,2,1,5,0,0,0,0,true,false,false,false,true,false,false,false,false,false,false,false,false,false,false,false,false,false,false,false,false,false,-83.02933,42.33536,"{
  ""coordinates"": [
    -8.302932901630940e+01,
    4.233536179186720e+01
  ],
  ""type"": ""Point""
}","{
  ""coordinates"": [
    -83.029329016,
    42.335361792
  ],
  ""type"": ""Point""
}",-83.029329016,42.3353617920001
4983,1339554,I-96,LIVERNOIS,2018-04-01,1,4,2018,5,1,1,1,,1,1,Asphalt,1,1,4,70,3,1,1,2,0,1,0,0,false,false,false,false,false,false,false,true,false,true,false,false,false,false,false,false,false,false,false,false,false,false,-83.13776,42.36678,"{
  ""coordinates"": [
    -8.313776351189770e+01,
    4.236677757705250e+01
  ],
  ""type"": ""Point""
}","{
  ""coordinates"": [
    -83.137763512,
    42.366777577
  ],
  ""type"": ""Point""
}",-83.1377635119999,42.3667775770001
4984,1341982,M-39,WARREN,2018-04-01,1,4,2018,3,1,5,3,,1,0,Asphalt,1,1,4,55,3,2,1,5,0,0,0,0,true,false,false,false,true,false,false,false,false,true,false,false,false,false,false,false,false,false,false,false,false,false,-83.21635,42.34626,"{
  ""coordinates"": [
    -8.321634730518279e+01,
    4.234625626704890e+01
  ],
  ""type"": ""Point""
}","{
  ""coordinates"": [
    -83.216347305,
    42.346256267
  ],
  ""type"": ""Point""
}",-83.2163473049999,42.3462562670001
4985,1351320,BLISS,OUTER,2018-04-01,1,4,2018,20,1,4,9,,,0,,1,1,2,25,3,2,0,5,0,0,0,0,true,false,false,false,true,false,false,false,false,false,false,true,false,false,false,false,false,false,false,false,false,false,-83.01511,42.43737,"{
  ""coordinates"": [
    -8.301511136910391e+01,
    4.243736908011930e+01
  ],
  ""type"": ""Point""
}","{
  ""coordinates"": [
    -83.015111369,
    42.43736908
  ],
  ""type"": ""Point""
}",-83.015111369,42.4373690800001
4986,1339601,GREYDALE,VASSAR,2018-04-01,1,4,2018,16,1,5,9,,,0,,1,2,1,25,2,2,1,5,0,0,0,0,true,false,false,false,false,false,false,false,false,false,true,false,false,false,true,false,false,false,false,false,false,false,-83.25723,42.43262,"{
  ""coordinates"": [
    -8.325722327262760e+01,
    4.243262254317520e+01
  ],
  ""type"": ""Point""
}","{
  ""coordinates"": [
    -83.257223273,
    42.432622543
  ],
  ""type"": ""Point""
}",-83.257223273,42.432622543
4987,1340256,WARREN,ARTESIAN,2018-04-01,1,4,2018,17,1,8,9,,2,0,Asphalt,1,1,1,35,4,2,2,5,0,0,0,0,true,false,false,false,false,false,false,false,false,false,false,false,false,false,false,false,false,false,false,false,false,false,-83.22547,42.34328,"{
  ""coordinates"": [
    -8.322547020277030e+01,
    4.234327982769350e+01
  ],
  ""type"": ""Point""
}","{
  ""coordinates"": [
    -83.225470203,
    42.343279828
  ],
  ""type"": ""Point""
}",-83.225470203,42.343279828
4988,1340250,SPINOZA,JOY,2018-04-01,1,4,2018,20,1,2,9,,4,2,Asphalt,1,1,4,,2,2,1,5,0,0,0,0,true,false,false,false,true,false,false,false,false,false,false,false,false,false,false,false,false,false,false,false,false,false,-83.25031,42.35711,"{
  ""coordinates"": [
    -8.325030615732921e+01,
    4.235710869432910e+01
  ],
  ""type"": ""Point""
}","{
  ""coordinates"": [
    -83.250306157,
    42.357108694
  ],
  ""type"": ""Point""
}",-83.250306157,42.357108694
4989,1342010,GRATIOT,GLENWOOD,2018-03-31,31,3,2018,14,7,8,3,,1,0,Asphalt,1,4,1,35,7,2,2,5,0,0,0,0,true,false,false,false,true,false,false,false,false,false,false,false,false,false,false,false,false,false,false,false,false,false,-82.98067,42.43057,"{
  ""coordinates"": [
    -8.298066981398171e+01,
    4.243056771318420e+01
  ],
  ""type"": ""Point""
}","{
  ""coordinates"": [
    -82.980669814,
    42.430567713
  ],
  ""type"": ""Point""
}",-82.980669814,42.4305677130001
4990,1338709,CORAM,QUEEN,2018-03-31,31,3,2018,22,7,8,9,,,0,,1,1,5,25,2,2,6,4,0,0,0,1,false,false,false,false,false,false,false,false,false,false,false,false,false,false,false,false,false,false,false,false,false,false,-82.97,42.43824,"{
  ""coordinates"": [
    -8.297000207093090e+01,
    4.243824404605810e+01
  ],
  ""type"": ""Point""
}","{
  ""coordinates"": [
    -82.970002071,
    42.438244046
  ],
  ""type"": ""Point""
}",-82.970002071,42.4382440460001
4991,1349212,MACK,WOODWARD,2018-03-31,31,3,2018,20,7,8,3,,4,0,Asphalt,2,4,3,30,3,2,3,5,0,0,0,0,true,false,false,false,false,false,false,false,false,false,false,false,false,false,true,false,false,false,false,false,false,false,-83.05797,42.34752,"{
  ""coordinates"": [
    -8.305797148481470e+01,
    4.234752279198190e+01
  ],
  ""type"": ""Point""
}","{
  ""coordinates"": [
    -83.057971485,
    42.347522792
  ],
  ""type"": ""Point""
}",-83.0579714849999,42.3475227920001
4992,1339616,MONICA,CHIPPEWA,2018-03-31,31,3,2018,15,7,4,9,,,0,,2,4,4,25,2,2,2,5,0,0,0,0,true,false,true,false,true,false,false,false,false,false,false,false,false,false,false,false,false,false,false,false,false,false,-83.145,42.44128,"{
  ""coordinates"": [
    -8.314500804461510e+01,
    4.244128226559440e+01
  ],
  ""type"": ""Point""
}","{
  ""coordinates"": [
    -83.145008045,
    42.441282266
  ],
  ""type"": ""Point""
}",-83.1450080449999,42.441282266
4993,1340978,JOY,EVERGREEN,2018-03-31,31,3,2018,23,7,5,9,,2,0,Asphalt,1,1,4,30,3,2,1,5,0,0,0,0,true,false,false,false,true,false,false,false,false,false,false,false,false,false,false,false,false,false,false,false,false,false,-83.23605,42.35757,"{
  ""coordinates"": [
    -8.323605184294691e+01,
    4.235757018849820e+01
  ],
  ""type"": ""Point""
}","{
  ""coordinates"": [
    -83.236051843,
    42.357570188
  ],
  ""type"": ""Point""
}",-83.236051843,42.3575701880001
4994,1338696,7 MILE,GRANDVILLE,2018-03-31,31,3,2018,2,7,4,9,,2,0,Asphalt,1,1,4,35,4,2,1,5,0,0,0,0,true,false,false,false,true,false,false,false,false,false,false,false,false,false,false,false,false,false,false,false,false,false,-83.23222,42.42976,"{
  ""coordinates"": [
    -8.323221509941099e+01,
    4.242975463433050e+01
  ],
  ""type"": ""Point""
}","{
  ""coordinates"": [
    -83.232215099,
    42.429754634
  ],
  ""type"": ""Point""
}",-83.232215099,42.4297546340001
4995,1339575,BEAUBIEN,JEFFERSON,2018-03-31,31,3,2018,13,7,97,4,,4,0,Asphalt,2,4,1,30,3,2,6,5,0,0,0,0,true,false,false,false,false,false,false,false,false,false,false,false,false,false,false,false,false,false,false,false,false,false,-83.03967,42.33068,"{
  ""coordinates"": [
    -8.303966930897320e+01,
    4.233068448615070e+01
  ],
  ""type"": ""Point""
}","{
  ""coordinates"": [
    -83.039669309,
    42.330684486
  ],
  ""type"": ""Point""
}",-83.039669309,42.3306844860001
4996,1352367,S M 39 SERVICE DRIVE,WARREN,2018-03-31,31,3,2018,12,7,8,9,,4,0,Asphalt,2,4,1,55,3,2,1,5,0,0,0,0,true,false,false,false,true,false,false,false,false,false,false,false,false,false,false,false,false,false,false,false,false,false,-83.21654,42.34339,"{
  ""coordinates"": [
    -8.321653575975530e+01,
    4.234338949698280e+01
  ],
  ""type"": ""Point""
}","{
  ""coordinates"": [
    -83.21653576,
    42.343389497
  ],
  ""type"": ""Point""
}",-83.2165357599999,42.343389497
4997,1339580,WARREN,PROCTOR,2018-03-31,31,3,2018,13,7,4,9,,4,0,Asphalt,2,4,1,35,2,2,5,4,0,0,0,1,false,false,true,false,true,false,false,false,false,false,false,false,false,false,false,false,false,false,false,false,false,false,-83.14366,42.3448,"{
  ""coordinates"": [
    -8.314366217139730e+01,
    4.234479426762830e+01
  ],
  ""type"": ""Point""
}","{
  ""coordinates"": [
    -83.143662171,
    42.344794268
  ],
  ""type"": ""Point""
}",-83.143662171,42.344794268
4998,1356921,COURVILLE,WARREN,2018-03-31,31,3,2018,23,7,8,9,,,0,,1,1,4,25,1,2,2,5,0,0,0,0,true,false,false,false,false,false,false,false,false,false,false,false,false,false,false,false,false,false,false,false,false,false,-82.93906,42.40292,"{
  ""coordinates"": [
    -8.293905637190890e+01,
    4.240292237379940e+01
  ],
  ""type"": ""Point""
}","{
  ""coordinates"": [
    -82.939056372,
    42.402922374
  ],
  ""type"": ""Point""
}",-82.939056372,42.4029223740001
4999,1338694,7MILE,OAKFIELD,2018-03-31,31,3,2018,1,7,2,9,,2,0,Asphalt,1,1,4,35,2,2,3,4,0,0,0,2,false,false,false,false,false,false,false,false,false,false,false,false,false,false,false,false,false,false,false,false,false,false,-83.21502,42.43013,"{
  ""coordinates"": [
    -8.321502246511371e+01,
    4.243013401906270e+01
  ],
  ""type"": ""Point""
}","{
  ""coordinates"": [
    -83.215022465,
    42.430134019
  ],
  ""type"": ""Point""
}",-83.2150224649999,42.430134019
5000,1338686,AVON,7 MILE,2018-03-31,31,3,2018,1,7,1,9,,,1,,1,1,5,25,1,2,0,2,0,1,0,0,false,false,false,false,true,false,false,false,false,false,false,false,true,false,false,false,false,false,false,false,false,false,-83.22654,42.42992,"{
  ""coordinates"": [
    -8.322654228181280e+01,
    4.242992136526490e+01
  ],
  ""type"": ""Point""
}","{
  ""coordinates"": [
    -83.226542282,
    42.429921365
  ],
  ""type"": ""Point""
}",-83.226542282,42.429921365
5001,1339577,BRUSH,FREDERICK DOUGLASS,2018-03-31,31,3,2018,13,7,8,9,,4,0,Asphalt,2,4,1,30,3,2,5,5,0,0,0,0,true,false,false,false,false,false,false,false,false,false,false,false,false,false,false,false,false,false,false,false,false,false,-83.06132,42.36089,"{
  ""coordinates"": [
    -8.306131468956600e+01,
    4.236088505905830e+01
  ],
  ""type"": ""Point""
}","{
  ""coordinates"": [
    -83.06131469,
    42.360885059
  ],
  ""type"": ""Point""
}",-83.06131469,42.3608850590001
5002,1352404,SAINT ANTOINE,MONROE,2018-03-31,31,3,2018,1,7,8,9,,4,0,Asphalt,1,1,4,25,2,2,6,5,0,0,0,0,true,false,false,false,false,false,false,false,false,false,false,false,false,false,false,false,false,false,false,false,false,false,-83.04098,42.3356,"{
  ""coordinates"": [
    -8.304097707373130e+01,
    4.233559730295000e+01
  ],
  ""type"": ""Point""
}","{
  ""coordinates"": [
    -83.040977074,
    42.335597303
  ],
  ""type"": ""Point""
}",-83.040977074,42.335597303
5003,1338717,8 MILE,FENELON,2018-03-31,31,3,2018,0,7,5,3,,1,0,Asphalt,1,1,4,35,4,2,1,5,0,0,0,0,true,false,false,false,true,false,false,false,false,false,false,false,false,false,false,false,false,false,false,false,false,false,-83.05414,42.44751,"{
  ""coordinates"": [
    -8.305414141302870e+01,
    4.244750522542370e+01
  ],
  ""type"": ""Point""
}","{
  ""coordinates"": [
    -83.054141413,
    42.447505225
  ],
  ""type"": ""Point""
}",-83.054141413,42.447505225
5004,1338688,GRAND RIVER,ASHTON,2018-03-31,31,3,2018,3,7,3,3,,1,0,Asphalt,1,1,4,35,6,2,2,5,0,0,0,0,true,false,false,false,false,false,false,false,false,false,false,false,false,false,false,false,false,false,false,false,false,false,-83.21946,42.40116,"{
  ""coordinates"": [
    -8.321945861118790e+01,
    4.240116152432180e+01
  ],
  ""type"": ""Point""
}","{
  ""coordinates"": [
    -83.219458611,
    42.401161524
  ],
  ""type"": ""Point""
}",-83.2194586109999,42.401161524
5005,1341979,I-94,DICKERSON,2018-03-31,31,3,2018,2,7,97,1,,1,0,Asphalt,1,1,4,55,3,3,4,5,0,0,0,0,true,false,false,false,true,false,false,false,false,false,false,false,false,false,false,false,false,false,false,false,false,false,-82.9749,42.40102,"{
  ""coordinates"": [
    -8.297489974418170e+01,
    4.240102187535400e+01
  ],
  ""type"": ""Point""
}","{
  ""coordinates"": [
    -82.974899744,
    42.401021875
  ],
  ""type"": ""Point""
}",-82.974899744,42.401021875
5006,1345555,OUTER,DEVONSHIRE,2018-03-31,31,3,2018,22,7,97,9,,2,3,Asphalt,1,1,4,35,2,2,0,5,0,0,0,0,true,false,false,false,true,false,false,false,false,false,false,false,false,false,false,false,false,false,false,false,false,false,-82.94527,42.40665,"{
  ""coordinates"": [
    -8.294527146562331e+01,
    4.240665590309000e+01
  ],
  ""type"": ""Point""
}","{
  ""coordinates"": [
    -82.945271466,
    42.406655903
  ],
  ""type"": ""Point""
}",-82.945271466,42.4066559030001
5007,1340969,JOY,SCHAEFER,2018-03-31,31,3,2018,17,7,8,9,,4,0,Asphalt,2,4,1,35,2,2,1,5,0,0,0,0,true,false,false,false,true,false,false,false,false,false,false,false,false,true,false,false,false,false,false,false,false,false,-83.17675,42.35856,"{
  ""coordinates"": [
    -8.317675008205011e+01,
    4.235856306001630e+01
  ],
  ""type"": ""Point""
}","{
  ""coordinates"": [
    -83.176750082,
    42.35856306
  ],
  ""type"": ""Point""
}",-83.176750082,42.3585630600001
5008,1338710,GRATIOT,EASTBURN,2018-03-31,31,3,2018,23,7,8,3,,1,0,Asphalt,2,1,4,35,7,2,5,5,0,0,0,0,true,false,false,false,false,false,false,true,false,false,false,false,false,false,false,false,false,false,false,false,false,false,-82.97094,42.44532,"{
  ""coordinates"": [
    -8.297094343163209e+01,
    4.244532168774360e+01
  ],
  ""type"": ""Point""
}","{
  ""coordinates"": [
    -82.970943432,
    42.445321688
  ],
  ""type"": ""Point""
}",-82.970943432,42.445321688
5009,1338758,3RD,N I 75,2018-03-31,31,3,2018,1,7,8,9,,4,0,Asphalt,1,1,4,30,2,2,4,5,0,0,0,0,true,false,false,false,true,false,false,false,false,false,false,false,false,false,false,false,false,false,false,false,false,false,-83.06003,42.33614,"{
  ""coordinates"": [
    -8.306003142075690e+01,
    4.233614366003240e+01
  ],
  ""type"": ""Point""
}","{
  ""coordinates"": [
    -83.060031421,
    42.33614366
  ],
  ""type"": ""Point""
}",-83.060031421,42.3361436600001
5010,1338676,PATTON,WADSWORTH,2018-03-31,31,3,2018,9,7,9,9,,,2,,1,1,1,25,2,2,0,5,0,0,0,0,true,false,false,false,true,false,false,false,false,false,false,false,false,false,false,false,false,false,false,false,false,false,-83.24251,42.37397,"{
  ""coordinates"": [
    -8.324251006189630e+01,
    4.237396729719010e+01
  ],
  ""type"": ""Point""
}","{
  ""coordinates"": [
    -83.242510062,
    42.373967297
  ],
  ""type"": ""Point""
}",-83.242510062,42.373967297
5011,1338647,HUBBELL,WADSWORTH,2018-03-31,31,3,2018,2,7,4,9,,4,0,Asphalt,2,4,1,35,2,2,4,5,0,0,0,0,true,false,false,false,false,false,false,false,false,false,false,false,false,true,false,false,false,false,false,false,false,false,-83.18784,42.375,"{
  ""coordinates"": [
    -8.318783967708680e+01,
    4.237500555221620e+01
  ],
  ""type"": ""Point""
}","{
  ""coordinates"": [
    -83.187839677,
    42.375005552
  ],
  ""type"": ""Point""
}",-83.1878396769999,42.3750055520001
5012,1338749,CHERRYLAWN,CHIPPEWA,2018-03-31,31,3,2018,16,7,5,9,,,0,,2,4,1,25,2,2,1,5,0,0,0,0,true,false,false,false,false,false,false,false,false,false,false,true,false,true,false,false,false,false,false,false,false,false,-83.15584,42.44062,"{
  ""coordinates"": [
    -8.315583839228729e+01,
    4.244062514451900e+01
  ],
  ""type"": ""Point""
}","{
  ""coordinates"": [
    -83.155838392,
    42.440625145
  ],
  ""type"": ""Point""
}",-83.155838392,42.4406251450001
5013,1341990,MOROSS,CHANDLER PARK,2018-03-31,31,3,2018,23,7,5,9,,2,0,Asphalt,1,1,4,35,2,2,1,5,0,0,0,0,true,false,false,false,true,false,false,false,false,false,false,false,false,false,true,false,false,false,false,false,false,false,-82.91528,42.41873,"{
  ""coordinates"": [
    -8.291527917913230e+01,
    4.241872919394760e+01
  ],
  ""type"": ""Point""
}","{
  ""coordinates"": [
    -82.915279179,
    42.418729194
  ],
  ""type"": ""Point""
}",-82.915279179,42.418729194