ObjectId,Crash ID,Primary Road,Intersecting Road,Crash Date,Day,Month,Year,Hour,Weekday,Crash Type Code,Highway Classification Code,Community Code,Jurisdiction Code,Lane Departure Type Code,Surface Type,Road Condition,Weather Condition,Lighting Condition,Speed Limit,Lanes,Units,Occupants,Most Severe Injury,Fatal Injuries,Suspected Serious Injuries,Suspected Minor Injuries,Possible Injuries,Property Damage Only,Secondary Crash,Traffic Control,Red Light Run,Hit and Run,Alcohol,Drugs,Unbelted Person,Work Zone,Speeding Driver,Distracted Driver,Driveway,Pedestrian,Elderly Driver,Young Driver,Commercial Vehicle,Emergency Vehicles,Train,School Bus,Motorcycle,Bicycle,Deer,Longitude,Latitude,geom,geog,x,y
5014,1338751,GREENFIELD,S M 10,2018-03-31,31,3,2018,16,7,4,7,,1,0,Asphalt,2,4,1,30,4,2,4,5,0,0,0,0,true,false,false,false,false,false,false,false,false,false,false,false,false,false,false,false,false,false,false,false,false,false,-83.20038,42.44223,"{
  ""coordinates"": [
    -8.320038070262790e+01,
    4.244222738987370e+01
  ],
  ""type"": ""Point""
}","{
  ""coordinates"": [
    -83.200380703,
    42.44222739
  ],
  ""type"": ""Point""
}",-83.200380703,42.44222739
5015,1356917,LILLIBRIDGE,JEFFERSON,2018-03-31,31,3,2018,17,7,10,9,,,0,,1,1,1,35,2,2,2,5,0,0,0,0,true,false,false,false,false,false,false,false,false,false,false,false,false,false,false,false,false,false,false,false,false,false,-82.97296,42.36611,"{
  ""coordinates"": [
    -8.297295776826310e+01,
    4.236611135743600e+01
  ],
  ""type"": ""Point""
}","{
  ""coordinates"": [
    -82.972957768,
    42.366111357
  ],
  ""type"": ""Point""
}",-82.972957768,42.3661113570001
5016,1338620,M 39,PLYMOUTH,2018-03-31,31,3,2018,12,7,8,3,,1,0,Asphalt,1,1,1,55,3,2,5,4,0,0,0,2,false,false,false,false,false,false,false,false,false,false,false,false,false,false,false,false,false,false,false,false,false,false,-83.21656,42.3717,"{
  ""coordinates"": [
    -8.321656219102900e+01,
    4.237170245391760e+01
  ],
  ""type"": ""Point""
}","{
  ""coordinates"": [
    -83.216562191,
    42.371702454
  ],
  ""type"": ""Point""
}",-83.216562191,42.3717024540001
5017,1338756,7 MILE,MANSFIELD,2018-03-31,31,3,2018,13,7,4,9,,2,0,Asphalt,1,1,1,30,4,2,4,5,0,0,0,0,true,false,false,false,true,false,false,false,false,false,false,false,false,false,false,false,false,false,false,false,false,false,-83.20631,42.43032,"{
  ""coordinates"": [
    -8.320631249726100e+01,
    4.243032582991400e+01
  ],
  ""type"": ""Point""
}","{
  ""coordinates"": [
    -83.206312497,
    42.43032583
  ],
  ""type"": ""Point""
}",-83.2063124969999,42.4303258300001
5018,1341994,LONGACRE,DOVER,2018-03-31,31,3,2018,21,7,4,9,,,0,,1,1,4,25,2,2,1,5,0,0,0,0,true,false,false,false,false,false,false,false,false,false,false,false,false,false,true,false,false,false,false,false,false,false,-83.21408,42.3597,"{
  ""coordinates"": [
    -8.321408344150581e+01,
    4.235970186052170e+01
  ],
  ""type"": ""Point""
}","{
  ""coordinates"": [
    -83.214083442,
    42.359701861
  ],
  ""type"": ""Point""
}",-83.2140834419999,42.3597018610001
5019,1342768,GYLNN,LAWTON,2018-03-31,31,3,2018,0,7,2,9,,,2,,1,1,5,25,2,2,0,5,0,0,0,0,true,false,false,false,true,false,false,false,false,false,false,true,false,false,false,false,false,false,false,false,false,false,-83.11418,42.37822,"{
  ""coordinates"": [
    -8.311418232736909e+01,
    4.237822313702820e+01
  ],
  ""type"": ""Point""
}","{
  ""coordinates"": [
    -83.114182327,
    42.378223137
  ],
  ""type"": ""Point""
}",-83.114182327,42.3782231370001
5020,1338703,DUTCHES,BRITIAN,2018-03-31,31,3,2018,11,7,8,9,,,0,,1,1,1,25,2,2,1,5,0,0,0,0,true,false,false,false,true,false,false,false,false,false,false,false,false,false,false,false,false,false,false,false,false,false,-82.9556,42.42582,"{
  ""coordinates"": [
    -8.295559963230259e+01,
    4.242581936747250e+01
  ],
  ""type"": ""Point""
}","{
  ""coordinates"": [
    -82.955599632,
    42.425819367
  ],
  ""type"": ""Point""
}",-82.955599632,42.425819367
5021,1338697,ARCHDALE,GROVE,2018-03-31,31,3,2018,12,7,6,9,,,0,,1,2,1,25,2,2,2,4,0,0,0,1,false,false,true,false,true,false,false,false,false,false,false,false,false,false,false,false,false,false,false,false,false,false,-83.21662,42.41378,"{
  ""coordinates"": [
    -8.321662134286591e+01,
    4.241377983118150e+01
  ],
  ""type"": ""Point""
}","{
  ""coordinates"": [
    -83.216621343,
    42.413779831
  ],
  ""type"": ""Point""
}",-83.216621343,42.4137798310001
5022,1367864,N M 10,LIVERNOIS,2018-03-31,31,3,2018,17,7,5,3,,1,0,Concrete,2,1,1,35,3,2,1,5,0,0,0,0,true,false,false,false,true,false,false,false,false,false,false,false,false,true,false,false,false,false,false,false,false,false,-83.14014,42.40496,"{
  ""coordinates"": [
    -8.314014792202720e+01,
    4.240495733155560e+01
  ],
  ""type"": ""Point""
}","{
  ""coordinates"": [
    -83.140147922,
    42.404957332
  ],
  ""type"": ""Point""
}",-83.140147922,42.404957332
5023,1338721,OUTER,HARNED,2018-03-31,31,3,2018,21,7,8,9,,2,0,Asphalt,1,1,4,35,2,2,4,5,0,0,0,0,true,false,false,false,false,false,false,false,false,false,true,false,false,false,false,false,false,false,false,false,false,false,-83.07392,42.44036,"{
  ""coordinates"": [
    -8.307391868766980e+01,
    4.244035604704140e+01
  ],
  ""type"": ""Point""
}","{
  ""coordinates"": [
    -83.073918688,
    42.440356047
  ],
  ""type"": ""Point""
}",-83.0739186879999,42.4403560470001
5024,1342771,LINWOOD,JOY,2018-03-31,31,3,2018,12,7,8,9,,4,0,Asphalt,1,2,1,30,5,2,2,5,0,0,0,0,true,false,false,false,false,false,false,false,false,false,false,true,false,false,false,false,false,false,false,false,false,false,-83.10884,42.37353,"{
  ""coordinates"": [
    -8.310883804357800e+01,
    4.237353160727160e+01
  ],
  ""type"": ""Point""
}","{
  ""coordinates"": [
    -83.108838044,
    42.373531607
  ],
  ""type"": ""Point""
}",-83.108838044,42.3735316070001
5025,1340262,GREENFIELD,MARGARETA,2018-03-31,31,3,2018,15,7,5,9,,2,0,Asphalt,1,1,1,35,3,2,1,4,0,0,0,1,false,false,false,false,false,false,false,false,false,false,false,false,false,false,false,false,false,false,false,false,false,false,-83.19971,42.42609,"{
  ""coordinates"": [
    -8.319970357675069e+01,
    4.242609091048290e+01
  ],
  ""type"": ""Point""
}","{
  ""coordinates"": [
    -83.199703577,
    42.42609091
  ],
  ""type"": ""Point""
}",-83.199703577,42.42609091
5026,1338692,7 MILE,SOUTHFIELD SERVICE,2018-03-31,31,3,2018,16,7,5,9,,2,0,Asphalt,2,4,1,35,4,3,5,5,0,0,0,0,true,false,false,false,false,false,false,false,false,false,false,false,false,false,false,false,false,false,false,false,false,false,-83.21975,42.43001,"{
  ""coordinates"": [
    -8.321975019293450e+01,
    4.243000995518580e+01
  ],
  ""type"": ""Point""
}","{
  ""coordinates"": [
    -83.219750193,
    42.430009955
  ],
  ""type"": ""Point""
}",-83.219750193,42.4300099550001
5027,1338757,GREENFIELD,JAMES COUZENS,2018-03-31,31,3,2018,2,7,5,7,,1,0,Asphalt,1,1,4,35,5,2,2,5,0,0,0,0,true,false,false,false,false,false,false,false,false,false,false,false,false,false,false,false,false,false,false,false,false,false,-83.20038,42.44223,"{
  ""coordinates"": [
    -8.320038070262790e+01,
    4.244222738987370e+01
  ],
  ""type"": ""Point""
}","{
  ""coordinates"": [
    -83.200380703,
    42.44222739
  ],
  ""type"": ""Point""
}",-83.200380703,42.44222739
5028,1338719,NEVADA,PACKARD,2018-03-31,31,3,2018,2,7,5,9,,4,0,Asphalt,1,1,1,35,4,2,1,2,0,1,0,0,false,false,false,false,false,false,false,false,false,false,false,false,false,false,false,false,false,false,false,false,false,false,-83.027,42.42667,"{
  ""coordinates"": [
    -8.302700067623390e+01,
    4.242667012796330e+01
  ],
  ""type"": ""Point""
}","{
  ""coordinates"": [
    -83.027000676,
    42.426670128
  ],
  ""type"": ""Point""
}",-83.0270006759999,42.4266701280001
5029,1338698,FARGO,FAUST,2018-03-31,31,3,2018,21,7,4,9,,,0,,2,1,4,25,2,2,1,5,0,0,0,0,true,false,false,false,true,false,false,false,false,false,false,false,false,false,false,false,false,false,false,false,false,false,-83.2247,42.43885,"{
  ""coordinates"": [
    -8.322470178921149e+01,
    4.243884491284770e+01
  ],
  ""type"": ""Point""
}","{
  ""coordinates"": [
    -83.224701789,
    42.438844913
  ],
  ""type"": ""Point""
}",-83.2247017889999,42.438844913
5030,1338624,I-94,I-75,2018-03-31,31,3,2018,16,7,5,1,,1,0,Concrete,3,4,1,55,4,3,2,5,0,0,0,0,true,false,false,false,true,false,false,false,false,true,false,false,false,false,false,false,false,false,false,false,false,false,-83.05765,42.36868,"{
  ""coordinates"": [
    -8.305764797420530e+01,
    4.236868223019390e+01
  ],
  ""type"": ""Point""
}","{
  ""coordinates"": [
    -83.057647974,
    42.36868223
  ],
  ""type"": ""Point""
}",-83.057647974,42.36868223
5031,1351274,FIELDING,7 MILE,2018-03-31,31,3,2018,17,7,6,9,,,0,,2,4,1,25,2,2,1,5,0,0,0,0,true,false,false,false,true,false,false,false,false,false,false,false,false,false,false,false,false,false,false,false,false,false,-83.24431,42.42944,"{
  ""coordinates"": [
    -8.324431160499810e+01,
    4.242944108210250e+01
  ],
  ""type"": ""Point""
}","{
  ""coordinates"": [
    -83.244311605,
    42.429441082
  ],
  ""type"": ""Point""
}",-83.244311605,42.429441082
5032,1338689,WESTWOOD,LYDON,2018-03-31,31,3,2018,16,7,97,9,,,0,,2,4,1,25,1,2,0,3,0,0,1,0,false,false,false,false,true,false,false,false,false,false,false,false,true,false,false,false,false,false,false,false,false,false,-83.23228,42.39346,"{
  ""coordinates"": [
    -8.323227701073949e+01,
    4.239346048381650e+01
  ],
  ""type"": ""Point""
}","{
  ""coordinates"": [
    -83.232277011,
    42.393460484
  ],
  ""type"": ""Point""
}",-83.232277011,42.3934604840001
5033,1342011,HARPER,KENSINGTON,2018-03-31,31,3,2018,7,7,97,9,,4,0,Asphalt,1,1,1,25,5,2,2,5,0,0,0,0,true,false,false,false,false,false,false,false,false,false,false,false,false,false,false,false,false,false,false,false,false,false,-82.94121,42.41333,"{
  ""coordinates"": [
    -8.294120807635440e+01,
    4.241332991341810e+01
  ],
  ""type"": ""Point""
}","{
  ""coordinates"": [
    -82.941208076,
    42.413329913
  ],
  ""type"": ""Point""
}",-82.941208076,42.413329913
5034,1338646,RANGOON,FLOYD,2018-03-31,31,3,2018,14,7,4,9,,,0,,2,4,1,25,4,2,2,5,0,0,0,0,true,false,false,false,false,false,false,false,false,false,false,false,false,false,false,false,false,false,false,false,false,false,-83.13618,42.34722,"{
  ""coordinates"": [
    -8.313617949109440e+01,
    4.234721702177160e+01
  ],
  ""type"": ""Point""
}","{
  ""coordinates"": [
    -83.136179491,
    42.347217022
  ],
  ""type"": ""Point""
}",-83.136179491,42.3472170220001
5035,1340230,M-10,GRAND RIVER,2018-03-31,31,3,2018,2,7,1,3,,1,1,Concrete,1,1,4,55,3,1,1,5,0,0,0,0,true,false,false,false,false,false,false,false,false,true,false,false,false,false,false,false,false,false,false,false,false,false,-83.06585,42.33858,"{
  ""coordinates"": [
    -8.306585211437550e+01,
    4.233858159186530e+01
  ],
  ""type"": ""Point""
}","{
  ""coordinates"": [
    -83.065852114,
    42.338581592
  ],
  ""type"": ""Point""
}",-83.0658521139999,42.338581592
5036,1347231,3RD,BAGLEY,2018-03-31,31,3,2018,10,7,1,9,,4,1,Asphalt,1,1,1,,1,1,1,5,0,0,0,0,true,false,false,false,false,false,false,false,false,false,false,false,false,false,false,false,true,false,false,false,false,false,-83.05788,42.33228,"{
  ""coordinates"": [
    -8.305788466776210e+01,
    4.233227940964920e+01
  ],
  ""type"": ""Point""
}","{
  ""coordinates"": [
    -83.057884668,
    42.33227941
  ],
  ""type"": ""Point""
}",-83.057884668,42.3322794100001
5037,1349227,3 MILE,OUTER,2018-03-31,31,3,2018,6,7,4,9,,,0,,1,2,2,35,2,2,1,5,0,0,0,0,true,false,false,false,true,false,false,false,false,false,false,false,false,false,false,false,false,false,false,false,false,false,-82.94321,42.40732,"{
  ""coordinates"": [
    -8.294321702915050e+01,
    4.240732133334040e+01
  ],
  ""type"": ""Point""
}","{
  ""coordinates"": [
    -82.943217029,
    42.407321333
  ],
  ""type"": ""Point""
}",-82.943217029,42.407321333
5038,1362743,E I 96 CD,KENTFIELD,2018-03-31,31,3,2018,22,7,1,1,,1,1,Concrete,1,1,4,70,3,1,1,3,0,0,2,0,false,false,false,false,false,false,false,false,false,false,true,false,false,false,true,false,false,false,false,false,false,false,-83.23998,42.38276,"{
  ""coordinates"": [
    -8.323998620772380e+01,
    4.238275672519030e+01
  ],
  ""type"": ""Point""
}","{
  ""coordinates"": [
    -83.239986208,
    42.382756725
  ],
  ""type"": ""Point""
}",-83.2399862079999,42.382756725
5039,1338645,SCHAEFER,MIDLAND,2018-03-31,31,3,2018,2,7,8,9,,4,0,Asphalt,1,1,4,35,2,2,2,5,0,0,0,0,true,false,false,false,true,false,false,false,false,false,false,false,false,false,false,false,false,false,false,false,false,false,-83.17928,42.40551,"{
  ""coordinates"": [
    -8.317928589315200e+01,
    4.240551485279930e+01
  ],
  ""type"": ""Point""
}","{
  ""coordinates"": [
    -83.179285893,
    42.405514853
  ],
  ""type"": ""Point""
}",-83.179285893,42.4055148530001
5040,1338748,CURTIS,LIVERNOIS,2018-03-31,31,3,2018,7,7,5,9,,4,0,Asphalt,1,1,1,25,2,2,12,5,0,0,0,0,true,false,false,false,false,false,false,true,false,false,false,false,false,true,false,true,false,false,false,false,false,false,-83.14105,42.4244,"{
  ""coordinates"": [
    -8.314105289695090e+01,
    4.242439937171620e+01
  ],
  ""type"": ""Point""
}","{
  ""coordinates"": [
    -83.141052897,
    42.424399372
  ],
  ""type"": ""Point""
}",-83.141052897,42.424399372
5041,1338675,PATTON,OUTER,2018-03-31,31,3,2018,5,7,4,9,,,0,,1,1,4,25,2,2,0,5,0,0,0,0,true,false,false,false,true,false,false,false,false,false,false,false,false,false,false,false,false,false,false,false,false,false,-83.24363,42.39784,"{
  ""coordinates"": [
    -8.324363080376060e+01,
    4.239784372693820e+01
  ],
  ""type"": ""Point""
}","{
  ""coordinates"": [
    -83.243630804,
    42.397843727
  ],
  ""type"": ""Point""
}",-83.243630804,42.3978437270001
5042,1338679,VAN DYKE,EDSEL FORD SD W/B,2018-03-31,31,3,2018,1,7,4,3,,1,0,Asphalt,1,1,4,35,2,2,3,5,0,0,0,0,true,false,false,false,false,false,false,false,false,false,false,false,false,false,false,false,false,false,false,false,false,false,-83.02018,42.38628,"{
  ""coordinates"": [
    -8.302017635540069e+01,
    4.238627712506620e+01
  ],
  ""type"": ""Point""
}","{
  ""coordinates"": [
    -83.020176355,
    42.386277125
  ],
  ""type"": ""Point""
}",-83.020176355,42.386277125
5043,1339595,8 MILE,MEYERS,2018-03-31,31,3,2018,1,7,98,3,,1,0,Asphalt,1,1,4,45,2,1,1,4,0,0,0,1,false,false,false,false,true,false,false,false,false,false,false,false,false,false,false,false,false,false,false,false,false,false,-83.17126,42.4454,"{
  ""coordinates"": [
    -8.317125468105880e+01,
    4.244539912137780e+01
  ],
  ""type"": ""Point""
}","{
  ""coordinates"": [
    -83.171254681,
    42.445399121
  ],
  ""type"": ""Point""
}",-83.1712546809999,42.445399121
5044,1340974,WATERMAN,REGULAR,2018-03-31,31,3,2018,2,7,97,9,,4,0,Asphalt,1,1,4,25,2,3,2,2,0,1,1,0,false,false,false,false,true,true,false,false,false,false,false,false,false,false,true,false,false,false,false,false,false,false,-83.11239,42.31006,"{
  ""coordinates"": [
    -8.311238980994300e+01,
    4.231006180578470e+01
  ],
  ""type"": ""Point""
}","{
  ""coordinates"": [
    -83.11238981,
    42.310061806
  ],
  ""type"": ""Point""
}",-83.11238981,42.3100618060001
5045,1338693,N M 39,8 MILE,2018-03-31,31,3,2018,11,7,5,3,,1,0,Concrete,1,1,1,45,3,2,2,5,0,0,0,0,true,false,false,false,false,false,true,false,false,false,false,false,false,false,false,false,false,false,false,false,false,false,-83.21963,42.44408,"{
  ""coordinates"": [
    -8.321962952600860e+01,
    4.244408407376130e+01
  ],
  ""type"": ""Point""
}","{
  ""coordinates"": [
    -83.219629526,
    42.444084074
  ],
  ""type"": ""Point""
}",-83.2196295259999,42.444084074
5046,1338615,M-39,PEMBROKE,2018-03-31,31,3,2018,13,7,5,3,,1,0,Concrete,2,4,1,55,3,2,2,5,0,0,0,0,true,false,false,false,false,false,false,false,false,false,true,false,false,false,false,false,false,false,false,false,false,false,-83.21953,42.43696,"{
  ""coordinates"": [
    -8.321952656323650e+01,
    4.243695659820600e+01
  ],
  ""type"": ""Point""
}","{
  ""coordinates"": [
    -83.219526563,
    42.436956598
  ],
  ""type"": ""Point""
}",-83.219526563,42.4369565980001
5047,1339578,W I 94,ROSA PARKS,2018-03-31,31,3,2018,12,7,8,1,,1,0,Asphalt,1,2,1,55,4,2,3,5,0,0,0,0,true,false,false,false,false,false,false,false,false,false,false,false,false,false,false,false,false,false,false,false,false,false,-83.08588,42.35441,"{
  ""coordinates"": [
    -8.308587882315361e+01,
    4.235440732183500e+01
  ],
  ""type"": ""Point""
}","{
  ""coordinates"": [
    -83.085878823,
    42.354407322
  ],
  ""type"": ""Point""
}",-83.085878823,42.354407322
5048,1338691,N M 39,8 MILE,2018-03-31,31,3,2018,11,7,97,3,,1,0,Concrete,1,1,4,35,3,2,1,5,0,0,0,0,true,false,false,false,false,false,false,false,false,false,false,false,false,false,false,false,false,false,false,false,false,false,-83.21963,42.44426,"{
  ""coordinates"": [
    -8.321963029141961e+01,
    4.244426384724570e+01
  ],
  ""type"": ""Point""
}","{
  ""coordinates"": [
    -83.219630291,
    42.444263847
  ],
  ""type"": ""Point""
}",-83.219630291,42.4442638470001
5049,1347240,I-94,BARRETT,2018-03-31,31,3,2018,2,7,5,1,,1,0,Asphalt,1,1,1,55,3,2,3,4,0,0,0,1,false,false,false,false,false,false,false,false,false,false,false,false,false,false,true,false,false,false,false,false,false,false,-82.98365,42.39852,"{
  ""coordinates"": [
    -8.298365373966270e+01,
    4.239851699178300e+01
  ],
  ""type"": ""Point""
}","{
  ""coordinates"": [
    -82.98365374,
    42.398516992
  ],
  ""type"": ""Point""
}",-82.98365374,42.3985169920001
5050,1339609,LAKEPOINTE,CASINO,2018-03-31,31,3,2018,10,7,1,9,,,1,,1,2,1,25,1,1,1,3,0,0,1,0,false,false,false,false,false,false,false,true,false,false,false,false,false,false,false,false,false,false,false,false,false,false,-82.94698,42.42639,"{
  ""coordinates"": [
    -8.294697540056571e+01,
    4.242638942631230e+01
  ],
  ""type"": ""Point""
}","{
  ""coordinates"": [
    -82.946975401,
    42.426389426
  ],
  ""type"": ""Point""
}",-82.946975401,42.4263894260001
5051,1349204,WARREN,BRUSH,2018-03-31,31,3,2018,19,7,5,9,,4,0,Asphalt,2,4,4,30,4,2,2,5,0,0,0,0,true,false,false,false,false,false,false,false,false,false,false,false,false,false,false,false,false,false,false,false,false,false,-83.05984,42.35866,"{
  ""coordinates"": [
    -8.305984135754390e+01,
    4.235866115689500e+01
  ],
  ""type"": ""Point""
}","{
  ""coordinates"": [
    -83.059841358,
    42.358661157
  ],
  ""type"": ""Point""
}",-83.059841358,42.358661157
5052,1342782,EWALD,BUENA VISTA,2018-03-31,31,3,2018,11,7,8,9,,4,0,Asphalt,1,1,1,35,2,2,0,5,0,0,0,0,true,false,false,false,true,false,false,false,false,false,false,false,false,false,false,false,false,false,false,false,false,false,-83.14531,42.38411,"{
  ""coordinates"": [
    -8.314530640978370e+01,
    4.238410432425330e+01
  ],
  ""type"": ""Point""
}","{
  ""coordinates"": [
    -83.14530641,
    42.384104324
  ],
  ""type"": ""Point""
}",-83.14530641,42.3841043240001
5053,1339588,ARTESIAN,DAYTON,2018-03-31,31,3,2018,19,7,8,9,,,0,,2,4,1,25,2,5,2,5,0,0,0,0,true,false,false,false,false,false,false,false,false,false,false,false,false,true,true,false,false,false,false,false,false,false,-83.22538,42.33448,"{
  ""coordinates"": [
    -8.322537728088381e+01,
    4.233447995318070e+01
  ],
  ""type"": ""Point""
}","{
  ""coordinates"": [
    -83.225377281,
    42.334479953
  ],
  ""type"": ""Point""
}",-83.225377281,42.334479953
5054,1338613,I-94,MT ELLIOT,2018-03-31,31,3,2018,0,7,8,1,,1,0,Asphalt,1,1,4,55,3,2,2,5,0,0,0,0,true,false,false,false,true,false,false,false,false,false,false,false,false,false,false,false,false,false,false,false,false,false,-82.9836,42.39853,"{
  ""coordinates"": [
    -8.298359928287130e+01,
    4.239853308544180e+01
  ],
  ""type"": ""Point""
}","{
  ""coordinates"": [
    -82.983599283,
    42.398533085
  ],
  ""type"": ""Point""
}",-82.983599283,42.3985330850001
5055,1339586,CHALMERS,E I 94,2018-03-31,31,3,2018,2,7,4,1,,4,0,Asphalt,1,1,5,25,4,2,5,4,0,0,0,1,false,false,true,true,false,false,false,false,false,false,false,false,false,false,true,false,false,false,false,false,false,false,-82.96426,42.40376,"{
  ""coordinates"": [
    -8.296425661735459e+01,
    4.240376034829950e+01
  ],
  ""type"": ""Point""
}","{
  ""coordinates"": [
    -82.964256617,
    42.403760348
  ],
  ""type"": ""Point""
}",-82.964256617,42.403760348
5056,1338637,RAMP 012A,N M 39,2018-03-31,31,3,2018,16,7,5,3,,1,0,Asphalt,2,4,1,55,1,2,2,5,0,0,0,0,true,false,false,false,false,false,false,false,false,false,false,false,false,false,false,false,false,false,false,false,false,false,-83.21956,42.44074,"{
  ""coordinates"": [
    -8.321955729873299e+01,
    4.244074312343000e+01
  ],
  ""type"": ""Point""
}","{
  ""coordinates"": [
    -83.219557299,
    42.440743123
  ],
  ""type"": ""Point""
}",-83.219557299,42.4407431230001
5057,1340984,JEFFERSON,HOLCOMB,2018-03-31,31,3,2018,21,7,1,9,,4,0,Asphalt,1,1,5,45,5,3,2,4,0,0,0,2,false,false,false,false,false,false,false,false,false,false,false,false,true,false,false,false,false,false,false,false,false,false,-82.98621,42.35755,"{
  ""coordinates"": [
    -8.298621391945470e+01,
    4.235754718405090e+01
  ],
  ""type"": ""Point""
}","{
  ""coordinates"": [
    -82.986213919,
    42.357547184
  ],
  ""type"": ""Point""
}",-82.986213919,42.3575471840001
5058,1349275,GOULBURN,STATE FAIR,2018-03-31,31,3,2018,3,7,3,9,,,0,,1,1,5,25,2,2,1,5,0,0,0,0,true,false,false,false,true,false,false,false,false,false,false,false,false,false,false,false,false,false,false,false,false,false,-82.99393,42.44197,"{
  ""coordinates"": [
    -8.299393209140430e+01,
    4.244197329179200e+01
  ],
  ""type"": ""Point""
}","{
  ""coordinates"": [
    -82.993932091,
    42.441973292
  ],
  ""type"": ""Point""
}",-82.993932091,42.4419732920001
5059,1338722,8 MILE,VANDYKE,2018-03-31,31,3,2018,8,7,9,3,,1,2,Asphalt,1,1,1,40,4,2,2,5,0,0,0,0,true,false,false,false,false,false,false,false,false,false,false,false,false,false,false,false,false,false,false,false,false,false,-83.02166,42.44824,"{
  ""coordinates"": [
    -8.302165606056920e+01,
    4.244824110171800e+01
  ],
  ""type"": ""Point""
}","{
  ""coordinates"": [
    -83.021656061,
    42.448241102
  ],
  ""type"": ""Point""
}",-83.021656061,42.4482411020001
5060,1338687,GRAND RIVER,ASHTON,2018-03-31,31,3,2018,3,7,98,3,,1,0,Asphalt,1,1,4,35,6,2,2,4,0,0,0,1,false,false,false,false,false,false,false,false,false,false,false,false,false,false,false,false,false,false,false,false,false,false,-83.21946,42.40116,"{
  ""coordinates"": [
    -8.321945861118790e+01,
    4.240116152432180e+01
  ],
  ""type"": ""Point""
}","{
  ""coordinates"": [
    -83.219458611,
    42.401161524
  ],
  ""type"": ""Point""
}",-83.2194586109999,42.401161524
5061,1338720,MCNICHOLS,BUFFALO,2018-03-31,31,3,2018,16,7,4,9,,4,0,Asphalt,2,4,1,30,1,2,6,3,0,0,4,1,false,false,false,false,false,false,false,false,false,false,false,false,false,false,true,false,false,false,false,false,false,false,-83.04762,42.41897,"{
  ""coordinates"": [
    -8.304762477607460e+01,
    4.241897033156220e+01
  ],
  ""type"": ""Point""
}","{
  ""coordinates"": [
    -83.047624776,
    42.418970332
  ],
  ""type"": ""Point""
}",-83.047624776,42.4189703320001
5062,1338585,I 75,LIVERNOIS,2018-03-31,31,3,2018,10,7,5,1,,1,0,Concrete,1,1,1,55,3,2,5,2,0,1,1,1,false,false,false,false,false,false,false,true,false,false,false,false,false,false,false,false,false,false,false,false,false,false,-83.10401,42.30764,"{
  ""coordinates"": [
    -8.310400837263310e+01,
    4.230763479856640e+01
  ],
  ""type"": ""Point""
}","{
  ""coordinates"": [
    -83.104008373,
    42.307634799
  ],
  ""type"": ""Point""
}",-83.1040083729999,42.307634799
5063,1338754,THATCHER,ROSELAWN,2018-03-31,31,3,2018,21,7,4,9,,,0,,1,1,5,25,2,2,3,5,0,0,0,0,true,false,true,false,false,false,false,false,false,false,false,false,false,false,true,false,false,false,false,false,false,false,-83.15268,42.42247,"{
  ""coordinates"": [
    -8.315268235435920e+01,
    4.242247071568890e+01
  ],
  ""type"": ""Point""
}","{
  ""coordinates"": [
    -83.152682354,
    42.422470716
  ],
  ""type"": ""Point""
}",-83.152682354,42.4224707160001
5064,1338718,MCNICHOLS,VAN DYKE,2018-03-31,31,3,2018,3,7,97,3,,4,0,Asphalt,1,1,4,,4,2,1,5,0,0,0,0,true,false,false,false,false,false,false,false,false,false,false,false,false,false,false,false,false,false,false,false,false,false,-83.02399,42.4195,"{
  ""coordinates"": [
    -8.302398901804810e+01,
    4.241950023417030e+01
  ],
  ""type"": ""Point""
}","{
  ""coordinates"": [
    -83.023989018,
    42.419500234
  ],
  ""type"": ""Point""
}",-83.023989018,42.4195002340001
5065,1342749,JOY,MEMORIAL,2018-03-31,31,3,2018,7,7,5,9,,4,0,Asphalt,1,1,1,30,5,2,2,5,0,0,0,0,true,false,false,false,false,false,false,false,false,false,false,false,false,false,false,false,false,false,false,false,false,false,-83.21196,42.37234,"{
  ""coordinates"": [
    -8.321196014028141e+01,
    4.237233989040920e+01
  ],
  ""type"": ""Point""
}","{
  ""coordinates"": [
    -83.21196014,
    42.37233989
  ],
  ""type"": ""Point""
}",-83.21196014,42.37233989
5066,1338723,VAN DYKE,8 MILE,2018-03-31,31,3,2018,11,7,5,3,,1,0,Asphalt,1,1,1,,3,2,1,5,0,0,0,0,true,true,false,false,true,false,false,false,false,false,false,false,false,false,false,false,false,false,false,false,false,false,-83.02474,42.44806,"{
  ""coordinates"": [
    -8.302474153474169e+01,
    4.244805916676000e+01
  ],
  ""type"": ""Point""
}","{
  ""coordinates"": [
    -83.024741535,
    42.448059167
  ],
  ""type"": ""Point""
}",-83.024741535,42.4480591670001
5067,1342772,MONICA,CHALFONTE,2018-03-31,31,3,2018,17,7,2,9,,,2,,2,4,1,25,2,2,1,5,0,0,0,0,true,false,false,false,false,false,false,false,false,false,false,false,false,false,false,false,false,false,false,false,false,false,-83.14356,42.40257,"{
  ""coordinates"": [
    -8.314356141188750e+01,
    4.240256850235580e+01
  ],
  ""type"": ""Point""
}","{
  ""coordinates"": [
    -83.143561412,
    42.402568502
  ],
  ""type"": ""Point""
}",-83.1435614119999,42.4025685020001
5068,1345605,BRUSH,BALTIMORE,2018-03-31,31,3,2018,15,7,8,9,,4,0,Asphalt,2,4,1,25,4,2,2,5,0,0,0,0,true,false,false,false,false,false,false,false,false,false,false,false,false,false,false,false,false,false,false,false,false,false,-83.06745,42.37013,"{
  ""coordinates"": [
    -8.306744768308540e+01,
    4.237013062707540e+01
  ],
  ""type"": ""Point""
}","{
  ""coordinates"": [
    -83.067447683,
    42.370130627
  ],
  ""type"": ""Point""
}",-83.067447683,42.370130627