ObjectId,Crash ID,Primary Road,Intersecting Road,Crash Date,Day,Month,Year,Hour,Weekday,Crash Type Code,Highway Classification Code,Community Code,Jurisdiction Code,Lane Departure Type Code,Surface Type,Road Condition,Weather Condition,Lighting Condition,Speed Limit,Lanes,Units,Occupants,Most Severe Injury,Fatal Injuries,Suspected Serious Injuries,Suspected Minor Injuries,Possible Injuries,Property Damage Only,Secondary Crash,Traffic Control,Red Light Run,Hit and Run,Alcohol,Drugs,Unbelted Person,Work Zone,Speeding Driver,Distracted Driver,Driveway,Pedestrian,Elderly Driver,Young Driver,Commercial Vehicle,Emergency Vehicles,Train,School Bus,Motorcycle,Bicycle,Deer,Longitude,Latitude,geom,geog,x,y
5069,1338715,MCNICHOLS,GRATIOT,2018-03-31,31,3,2018,11,7,9,3,,4,0,Asphalt,1,2,1,30,5,2,2,5,0,0,0,0,true,false,false,false,true,false,false,false,false,false,false,false,false,false,false,false,false,false,false,false,false,false,-82.98307,42.42693,"{
  ""coordinates"": [
    -8.298306876454571e+01,
    4.242692938434770e+01
  ],
  ""type"": ""Point""
}","{
  ""coordinates"": [
    -82.983068765,
    42.426929384
  ],
  ""type"": ""Point""
}",-82.983068765,42.4269293840001
5070,1340977,WHITLOCK,WOODMONT,2018-03-31,31,3,2018,1,7,1,9,,,1,,1,1,4,25,2,1,1,2,0,1,0,0,false,false,false,false,false,true,false,false,false,true,false,false,false,false,false,false,false,false,false,false,false,false,-83.2071,42.33989,"{
  ""coordinates"": [
    -8.320709902540899e+01,
    4.233989496460170e+01
  ],
  ""type"": ""Point""
}","{
  ""coordinates"": [
    -83.207099025,
    42.339894965
  ],
  ""type"": ""Point""
}",-83.2070990249999,42.339894965
5071,1349220,GRAND,JOHN LODGE SD,2018-03-30,30,3,2018,15,6,10,9,,,0,,1,1,1,30,3,2,0,5,0,0,0,0,true,false,false,false,true,false,false,false,false,false,true,false,false,false,false,false,false,false,false,false,false,false,-83.11581,42.39734,"{
  ""coordinates"": [
    -8.311580322377050e+01,
    4.239733326660000e+01
  ],
  ""type"": ""Point""
}","{
  ""coordinates"": [
    -83.115803224,
    42.397333267
  ],
  ""type"": ""Point""
}",-83.115803224,42.3973332670001
5072,1349202,GRAND RIVER,LINWOOD,2018-03-30,30,3,2018,21,6,1,3,,1,0,Asphalt,1,1,4,35,4,1,1,5,0,0,0,0,true,false,false,false,false,true,false,false,false,false,false,false,false,false,false,false,false,false,false,false,false,false,-83.0928,42.35011,"{
  ""coordinates"": [
    -8.309279645407550e+01,
    4.235010911685550e+01
  ],
  ""type"": ""Point""
}","{
  ""coordinates"": [
    -83.092796454,
    42.350109117
  ],
  ""type"": ""Point""
}",-83.0927964539999,42.350109117
5073,1347239,I-94,VAN DYKE,2018-03-30,30,3,2018,18,6,5,1,,1,0,Asphalt,1,1,1,55,3,2,1,5,0,0,0,0,true,false,false,false,true,false,false,false,false,false,false,false,false,false,true,false,false,false,false,false,false,false,-83.02077,42.38594,"{
  ""coordinates"": [
    -8.302076812947010e+01,
    4.238593657541200e+01
  ],
  ""type"": ""Point""
}","{
  ""coordinates"": [
    -83.020768129,
    42.385936575
  ],
  ""type"": ""Point""
}",-83.020768129,42.3859365750001
5074,1338682,7 MILE,SOUTHFIELD SERVICE DRIVE,2018-03-30,30,3,2018,14,6,8,9,,2,0,Asphalt,1,1,1,35,4,2,2,5,0,0,0,0,true,false,false,false,false,false,false,false,false,false,false,false,false,false,false,false,false,false,false,false,false,false,-83.21993,42.43,"{
  ""coordinates"": [
    -8.321993454076350e+01,
    4.243000456569000e+01
  ],
  ""type"": ""Point""
}","{
  ""coordinates"": [
    -83.219934541,
    42.430004566
  ],
  ""type"": ""Point""
}",-83.219934541,42.430004566
5075,1351240,MCNICHOLS,LENORE,2018-03-30,30,3,2018,15,6,4,9,,2,0,Asphalt,1,1,1,35,4,2,1,4,0,0,0,1,false,false,false,false,true,false,false,false,false,false,false,false,false,false,false,false,false,false,false,false,false,false,-83.28089,42.41443,"{
  ""coordinates"": [
    -8.328088954278731e+01,
    4.241442963472160e+01
  ],
  ""type"": ""Point""
}","{
  ""coordinates"": [
    -83.280889543,
    42.414429635
  ],
  ""type"": ""Point""
}",-83.2808895429999,42.414429635
5076,1345582,EIGHTMILE,SOUTHFIELD,2018-03-30,30,3,2018,14,6,8,3,,1,0,Asphalt,98,98,98,40,8,2,2,5,0,0,0,0,true,false,false,false,false,false,false,false,false,false,false,false,false,false,false,false,false,false,false,false,false,false,-83.20818,42.44455,"{
  ""coordinates"": [
    -8.320818412112600e+01,
    4.244455324350450e+01
  ],
  ""type"": ""Point""
}","{
  ""coordinates"": [
    -83.208184121,
    42.444553244
  ],
  ""type"": ""Point""
}",-83.208184121,42.4445532440001
5077,1342769,LIVERNOIS,JEFFRIES,2018-03-30,30,3,2018,5,6,4,9,,4,0,Concrete,1,1,4,30,4,2,3,4,0,0,0,1,false,false,false,false,false,false,false,false,false,false,false,false,false,false,false,false,false,false,false,false,false,false,-83.13874,42.3672,"{
  ""coordinates"": [
    -8.313874178075190e+01,
    4.236719783528490e+01
  ],
  ""type"": ""Point""
}","{
  ""coordinates"": [
    -83.138741781,
    42.367197835
  ],
  ""type"": ""Point""
}",-83.138741781,42.3671978350001
5078,1427068,MICHIGAN,LONYO,2018-03-30,30,3,2018,20,6,5,2,,1,0,Asphalt,1,1,4,35,5,2,1,5,0,0,0,0,true,false,false,false,true,false,false,false,false,false,false,false,false,false,false,false,false,false,false,false,false,false,-83.14481,42.3304,"{
  ""coordinates"": [
    -8.314480527377749e+01,
    4.233039704001140e+01
  ],
  ""type"": ""Point""
}","{
  ""coordinates"": [
    -83.144805274,
    42.33039704
  ],
  ""type"": ""Point""
}",-83.144805274,42.33039704
5079,1352428,WOODWARD,FORT,2018-03-30,30,3,2018,17,6,8,9,,4,0,Brick,1,1,1,25,2,2,2,5,0,0,0,0,true,false,false,false,false,false,false,false,false,false,false,false,false,true,false,true,false,false,false,false,false,false,-83.04691,42.33109,"{
  ""coordinates"": [
    -8.304691304499541e+01,
    4.233109401321090e+01
  ],
  ""type"": ""Point""
}","{
  ""coordinates"": [
    -83.046913045,
    42.331094013
  ],
  ""type"": ""Point""
}",-83.0469130449999,42.331094013
5080,1354033,SEVEN MILE,CALDWELL,2018-03-30,30,3,2018,11,6,98,9,,4,3,Asphalt,2,1,1,35,2,2,1,5,0,0,0,0,true,false,false,false,false,false,false,false,false,false,false,false,false,false,false,false,false,false,false,false,false,false,-83.0474,42.43348,"{
  ""coordinates"": [
    -8.304740402132460e+01,
    4.243348152287680e+01
  ],
  ""type"": ""Point""
}","{
  ""coordinates"": [
    -83.047404021,
    42.433481523
  ],
  ""type"": ""Point""
}",-83.047404021,42.4334815230001
5081,1342775,ORANGELAWN,WYOMING,2018-03-30,30,3,2018,16,6,98,9,,,0,,98,98,98,25,2,2,0,5,0,0,0,0,true,false,false,false,true,false,false,false,false,false,false,false,false,false,false,false,false,false,false,false,false,false,-83.15833,42.3693,"{
  ""coordinates"": [
    -8.315832333888081e+01,
    4.236930559594530e+01
  ],
  ""type"": ""Point""
}","{
  ""coordinates"": [
    -83.158323339,
    42.369305596
  ],
  ""type"": ""Point""
}",-83.1583233389999,42.3693055960001
5082,1356022,I-75,WARREN,2018-03-30,30,3,2018,15,6,5,1,,1,0,Asphalt,1,1,1,70,4,3,9,4,0,0,0,3,false,false,false,false,false,false,false,false,false,false,false,false,false,false,true,false,false,false,false,false,false,false,-83.05391,42.36034,"{
  ""coordinates"": [
    -8.305390821258590e+01,
    4.236033936331820e+01
  ],
  ""type"": ""Point""
}","{
  ""coordinates"": [
    -83.053908213,
    42.360339363
  ],
  ""type"": ""Point""
}",-83.0539082129999,42.360339363
5083,1342753,MCCLELLAN,MACK,2018-03-30,30,3,2018,14,6,4,9,,4,0,Asphalt,1,1,1,30,2,2,1,4,0,0,0,1,false,true,true,true,true,false,false,false,false,false,false,false,false,true,false,false,false,false,false,false,false,false,-82.99409,42.37199,"{
  ""coordinates"": [
    -8.299408342228270e+01,
    4.237199520467730e+01
  ],
  ""type"": ""Point""
}","{
  ""coordinates"": [
    -82.994083422,
    42.371995205
  ],
  ""type"": ""Point""
}",-82.994083422,42.3719952050001
5084,1400946,SCHAEFER,CHIPPEWA,2018-03-30,30,3,2018,0,6,97,9,,4,0,Asphalt,1,1,4,35,3,2,6,5,0,0,0,0,true,false,false,false,true,false,false,false,false,true,false,false,false,false,false,false,false,false,false,false,false,false,-83.18084,42.44051,"{
  ""coordinates"": [
    -8.318083946326971e+01,
    4.244051389188690e+01
  ],
  ""type"": ""Point""
}","{
  ""coordinates"": [
    -83.180839463,
    42.440513892
  ],
  ""type"": ""Point""
}",-83.180839463,42.4405138920001
5085,1352391,RIVARD,MACK,2018-03-30,30,3,2018,11,6,8,9,,,0,,1,1,1,30,2,2,1,5,0,0,0,0,true,false,false,false,false,false,false,false,false,false,false,false,false,true,false,false,false,false,false,false,false,false,-83.04591,42.35191,"{
  ""coordinates"": [
    -8.304590845994881e+01,
    4.235190567854290e+01
  ],
  ""type"": ""Point""
}","{
  ""coordinates"": [
    -83.04590846,
    42.351905679
  ],
  ""type"": ""Point""
}",-83.04590846,42.351905679
5086,1481297,GREENFIELD,TYLER,2018-03-30,30,3,2018,3,6,1,9,,2,1,Asphalt,1,1,4,35,4,1,1,3,0,0,1,0,false,false,false,false,false,true,true,false,false,false,false,false,false,false,false,false,false,false,false,false,false,false,-83.19801,42.38375,"{
  ""coordinates"": [
    -8.319800885511221e+01,
    4.238375236021570e+01
  ],
  ""type"": ""Point""
}","{
  ""coordinates"": [
    -83.198008855,
    42.38375236
  ],
  ""type"": ""Point""
}",-83.198008855,42.3837523600001
5087,1338640,GRAND RIVER,SCHAEFER,2018-03-30,30,3,2018,15,6,4,3,,1,0,Asphalt,1,1,1,35,6,2,2,5,0,0,0,0,true,false,false,false,false,false,false,false,false,false,false,true,false,true,false,false,false,false,false,false,false,false,-83.17809,42.38448,"{
  ""coordinates"": [
    -8.317808734148760e+01,
    4.238447626837190e+01
  ],
  ""type"": ""Point""
}","{
  ""coordinates"": [
    -83.178087341,
    42.384476268
  ],
  ""type"": ""Point""
}",-83.178087341,42.3844762680001
5088,1338729,CALVERT,WILDEMERE,2018-03-30,30,3,2018,15,6,4,9,,4,0,Asphalt,1,1,1,25,2,2,1,5,0,0,0,0,true,false,false,false,true,false,false,false,false,false,false,true,false,false,false,false,false,false,false,false,false,false,-83.11737,42.37792,"{
  ""coordinates"": [
    -8.311737002032049e+01,
    4.237792191539910e+01
  ],
  ""type"": ""Point""
}","{
  ""coordinates"": [
    -83.11737002,
    42.377921915
  ],
  ""type"": ""Point""
}",-83.11737002,42.3779219150001
5089,1338669,ASHTON,PAUL,2018-03-30,30,3,2018,0,6,98,9,,,0,,1,1,4,25,2,2,0,5,0,0,0,0,true,false,false,false,true,false,false,false,false,false,false,false,false,false,false,false,false,false,false,false,false,false,-83.21691,42.33615,"{
  ""coordinates"": [
    -8.321691481242800e+01,
    4.233615305675140e+01
  ],
  ""type"": ""Point""
}","{
  ""coordinates"": [
    -83.216914812,
    42.336153057
  ],
  ""type"": ""Point""
}",-83.216914812,42.336153057
5090,1338673,SOUTHFIELD SERVICE DRIVE,FENKELL,2018-03-30,30,3,2018,8,6,8,9,,4,0,Asphalt,1,1,1,55,3,2,1,5,0,0,0,0,true,false,false,false,false,false,false,false,false,false,false,false,false,false,false,false,false,false,false,false,false,false,-83.2179,42.4012,"{
  ""coordinates"": [
    -8.321789741301291e+01,
    4.240119814913400e+01
  ],
  ""type"": ""Point""
}","{
  ""coordinates"": [
    -83.217897413,
    42.401198149
  ],
  ""type"": ""Point""
}",-83.2178974129999,42.401198149
5091,1339564,I-75,MCNICHOLS,2018-03-30,30,3,2018,14,6,5,1,,1,0,Asphalt,1,2,1,70,5,2,2,5,0,0,0,0,true,false,false,false,false,false,false,false,false,false,false,false,false,false,false,false,false,false,false,false,false,false,-83.0825,42.41208,"{
  ""coordinates"": [
    -8.308249785153190e+01,
    4.241207451964280e+01
  ],
  ""type"": ""Point""
}","{
  ""coordinates"": [
    -83.082497852,
    42.41207452
  ],
  ""type"": ""Point""
}",-83.082497852,42.41207452
5092,1338658,JEFFERSON,CLARK,2018-03-30,30,3,2018,21,6,1,9,,4,1,Asphalt,1,1,4,30,2,1,1,5,0,0,0,0,true,false,false,false,false,false,false,false,false,false,false,false,false,false,false,false,false,false,false,false,false,false,-83.08704,42.30755,"{
  ""coordinates"": [
    -8.308703866823259e+01,
    4.230754756879320e+01
  ],
  ""type"": ""Point""
}","{
  ""coordinates"": [
    -83.087038668,
    42.307547569
  ],
  ""type"": ""Point""
}",-83.0870386679999,42.3075475690001
5093,1338735,PEMBROKE,HUBBELL,2018-03-30,30,3,2018,7,6,4,9,,5,0,Asphalt,1,1,2,25,2,2,3,3,0,0,1,0,false,false,true,false,false,false,false,false,false,false,false,false,false,false,false,false,false,false,false,false,false,false,-83.19035,42.43795,"{
  ""coordinates"": [
    -8.319035470198391e+01,
    4.243795566674280e+01
  ],
  ""type"": ""Point""
}","{
  ""coordinates"": [
    -83.190354702,
    42.437955667
  ],
  ""type"": ""Point""
}",-83.190354702,42.437955667
5094,1338638,MACK,BEAUBIEN,2018-03-30,30,3,2018,22,6,97,9,,4,0,Asphalt,1,1,4,,4,2,3,5,0,0,0,0,true,false,false,false,false,false,false,false,false,false,false,false,false,false,false,false,false,false,false,false,false,false,-83.05235,42.3496,"{
  ""coordinates"": [
    -8.305234182666400e+01,
    4.234960303110500e+01
  ],
  ""type"": ""Point""
}","{
  ""coordinates"": [
    -83.052341827,
    42.349603031
  ],
  ""type"": ""Point""
}",-83.052341827,42.3496030310001
5095,1340228,S I 75,CLAY,2018-03-30,30,3,2018,0,6,97,1,,1,0,Asphalt,2,1,4,70,4,3,3,5,0,0,0,0,true,false,false,false,false,false,false,false,false,true,false,false,false,false,false,false,false,false,false,false,false,false,-83.06269,42.37804,"{
  ""coordinates"": [
    -8.306269188084380e+01,
    4.237804544737860e+01
  ],
  ""type"": ""Point""
}","{
  ""coordinates"": [
    -83.062691881,
    42.378045447
  ],
  ""type"": ""Point""
}",-83.062691881,42.378045447
5096,1339576,MACK,WOODWARD,2018-03-30,30,3,2018,13,6,97,3,,4,0,Asphalt,1,1,1,30,3,2,1,3,0,0,1,0,false,false,false,false,false,false,false,false,false,false,false,false,true,false,false,false,false,false,false,false,false,false,-83.058,42.34751,"{
  ""coordinates"": [
    -8.305800071047619e+01,
    4.234750701444100e+01
  ],
  ""type"": ""Point""
}","{
  ""coordinates"": [
    -83.05800071,
    42.347507014
  ],
  ""type"": ""Point""
}",-83.05800071,42.347507014
5097,1340243,MOROSS,TYRONE,2018-03-30,30,3,2018,15,6,5,9,,2,0,Asphalt,1,1,1,35,6,3,3,5,0,0,0,0,true,false,false,false,false,false,false,false,false,false,true,false,false,false,false,false,false,false,false,false,false,false,-82.92461,42.42289,"{
  ""coordinates"": [
    -8.292461203024151e+01,
    4.242289337760640e+01
  ],
  ""type"": ""Point""
}","{
  ""coordinates"": [
    -82.92461203,
    42.422893378
  ],
  ""type"": ""Point""
}",-82.9246120299999,42.422893378
5098,1338651,WOODWARD,CANFIELD,2018-03-30,30,3,2018,12,6,9,3,,1,0,Asphalt,1,2,1,35,3,2,3,5,0,0,0,0,true,false,false,false,false,false,false,false,false,false,false,false,false,true,true,false,false,false,false,false,false,false,-83.06142,42.35265,"{
  ""coordinates"": [
    -8.306142266210320e+01,
    4.235265427468930e+01
  ],
  ""type"": ""Point""
}","{
  ""coordinates"": [
    -83.061422662,
    42.352654275
  ],
  ""type"": ""Point""
}",-83.061422662,42.3526542750001
5099,1338737,JAMES COUZENS,GREENFIELD,2018-03-30,30,3,2018,13,6,97,3,,1,0,Asphalt,1,2,1,35,3,3,4,5,0,0,0,0,true,false,false,false,false,false,false,false,false,false,false,false,false,true,false,true,false,false,false,false,false,false,-83.20061,42.44286,"{
  ""coordinates"": [
    -8.320061142321310e+01,
    4.244286014207480e+01
  ],
  ""type"": ""Point""
}","{
  ""coordinates"": [
    -83.200611423,
    42.442860142
  ],
  ""type"": ""Point""
}",-83.2006114229999,42.442860142
5100,1338680,JEFFERSON,CHENE,2018-03-30,30,3,2018,17,6,3,9,,4,0,Asphalt,1,1,1,30,7,2,5,5,0,0,0,0,true,false,false,false,false,false,false,false,false,false,false,false,false,false,true,false,false,false,false,false,false,false,-83.02261,42.33826,"{
  ""coordinates"": [
    -8.302260874718250e+01,
    4.233826153953710e+01
  ],
  ""type"": ""Point""
}","{
  ""coordinates"": [
    -83.022608747,
    42.33826154
  ],
  ""type"": ""Point""
}",-83.0226087469999,42.3382615400001
5101,1338657,VERNOR,SPRINGWELLS,2018-03-30,30,3,2018,14,6,4,9,,4,0,Asphalt,1,1,1,35,1,2,2,5,0,0,0,0,true,false,false,false,true,false,false,false,false,false,false,true,false,false,false,false,false,false,false,false,false,false,-83.12684,42.31159,"{
  ""coordinates"": [
    -8.312684109268361e+01,
    4.231159188631550e+01
  ],
  ""type"": ""Point""
}","{
  ""coordinates"": [
    -83.126841093,
    42.311591886
  ],
  ""type"": ""Point""
}",-83.1268410929999,42.311591886
5102,1338636,I-94,LIVERNOIS,2018-03-30,30,3,2018,16,6,5,1,,1,0,Asphalt,1,1,1,55,3,2,2,5,0,0,0,0,true,false,false,false,false,false,false,false,false,false,false,false,false,false,false,false,false,false,false,false,false,false,-83.12066,42.3392,"{
  ""coordinates"": [
    -8.312065856588740e+01,
    4.233919868102930e+01
  ],
  ""type"": ""Point""
}","{
  ""coordinates"": [
    -83.120658566,
    42.339198681
  ],
  ""type"": ""Point""
}",-83.120658566,42.339198681
5103,1338642,SCHAEFER,SCHOOLCRAFT,2018-03-30,30,3,2018,7,6,1,9,,4,1,Asphalt,1,2,4,30,2,1,0,5,0,0,0,0,true,false,false,false,true,false,false,false,false,false,false,false,false,false,false,false,false,false,false,false,false,false,-83.17854,42.38813,"{
  ""coordinates"": [
    -8.317853601969129e+01,
    4.238813288486440e+01
  ],
  ""type"": ""Point""
}","{
  ""coordinates"": [
    -83.17853602,
    42.388132885
  ],
  ""type"": ""Point""
}",-83.17853602,42.3881328850001
5104,1340985,NOTTINGHAM,BERKSHIRE,2018-03-30,30,3,2018,19,6,1,9,,,1,,1,1,1,25,2,1,4,3,0,0,1,0,false,false,false,false,false,true,false,false,false,false,false,false,false,false,false,false,false,false,false,false,false,false,-82.95461,42.41035,"{
  ""coordinates"": [
    -8.295461509916019e+01,
    4.241035588423020e+01
  ],
  ""type"": ""Point""
}","{
  ""coordinates"": [
    -82.954615099,
    42.410355884
  ],
  ""type"": ""Point""
}",-82.954615099,42.4103558840001
5105,1340269,PARK,LONGVIEW,2018-03-30,30,3,2018,7,6,98,9,,,0,,1,1,2,25,2,2,0,5,0,0,0,0,true,false,false,false,true,false,false,false,false,false,false,false,false,false,false,false,false,false,false,false,false,false,-82.97963,42.40736,"{
  ""coordinates"": [
    -8.297963329601259e+01,
    4.240736474837650e+01
  ],
  ""type"": ""Point""
}","{
  ""coordinates"": [
    -82.979633296,
    42.407364748
  ],
  ""type"": ""Point""
}",-82.979633296,42.4073647480001
5106,1338699,FENKELL,PIERSON,2018-03-30,30,3,2018,10,6,97,9,,2,0,Asphalt,1,1,1,25,2,2,1,5,0,0,0,0,true,false,false,false,true,false,false,false,false,false,false,true,false,false,false,false,false,false,false,false,false,false,-83.24569,42.40054,"{
  ""coordinates"": [
    -8.324569153974420e+01,
    4.240053829280360e+01
  ],
  ""type"": ""Point""
}","{
  ""coordinates"": [
    -83.24569154,
    42.400538293
  ],
  ""type"": ""Point""
}",-83.2456915399999,42.4005382930001
5107,1339608,GRATIOT,SARATOGA,2018-03-30,30,3,2018,12,6,5,3,,1,0,Asphalt,1,1,1,35,7,2,2,4,0,0,0,2,false,false,false,false,false,false,false,false,false,false,false,false,false,false,false,false,false,false,false,false,false,false,-82.97923,42.43275,"{
  ""coordinates"": [
    -8.297922647652240e+01,
    4.243275507045680e+01
  ],
  ""type"": ""Point""
}","{
  ""coordinates"": [
    -82.979226477,
    42.43275507
  ],
  ""type"": ""Point""
}",-82.9792264769999,42.43275507
5108,1338681,CHRYSLER SD,WARREN,2018-03-30,30,3,2018,14,6,5,1,,1,0,Asphalt,1,1,1,30,2,2,3,5,0,0,0,0,true,false,false,false,false,false,false,false,false,false,false,false,false,true,false,false,false,false,false,false,false,false,-83.05437,42.361,"{
  ""coordinates"": [
    -8.305436506977600e+01,
    4.236100376966760e+01
  ],
  ""type"": ""Point""
}","{
  ""coordinates"": [
    -83.05436507,
    42.36100377
  ],
  ""type"": ""Point""
}",-83.05436507,42.36100377
5109,1338716,ROSAPARKS,ATKINSON,2018-03-30,30,3,2018,23,6,1,9,,4,0,Asphalt,1,1,5,30,3,1,1,5,0,0,0,0,true,false,false,false,true,false,false,false,false,false,false,false,false,true,false,false,false,false,false,false,false,false,-83.10014,42.37731,"{
  ""coordinates"": [
    -8.310013509008870e+01,
    4.237730820617670e+01
  ],
  ""type"": ""Point""
}","{
  ""coordinates"": [
    -83.10013509,
    42.377308206
  ],
  ""type"": ""Point""
}",-83.10013509,42.3773082060001
5110,1338643,CHICAGO,SCHAEFER,2018-03-30,30,3,2018,19,6,9,9,,4,2,Asphalt,1,1,1,35,3,2,2,5,0,0,0,0,true,false,false,false,false,false,false,false,false,false,false,false,false,false,false,false,false,false,false,false,false,false,-83.17761,42.3658,"{
  ""coordinates"": [
    -8.317761535115150e+01,
    4.236579504137150e+01
  ],
  ""type"": ""Point""
}","{
  ""coordinates"": [
    -83.177615351,
    42.365795041
  ],
  ""type"": ""Point""
}",-83.177615351,42.3657950410001
5111,1338641,PURITAN,ROBSON,2018-03-30,30,3,2018,19,6,3,9,,4,0,Asphalt,1,1,1,35,2,2,3,5,0,0,0,0,true,false,false,false,true,false,false,false,false,false,false,false,false,false,false,false,false,false,false,false,false,false,-83.19295,42.40894,"{
  ""coordinates"": [
    -8.319294908779150e+01,
    4.240893658767810e+01
  ],
  ""type"": ""Point""
}","{
  ""coordinates"": [
    -83.192949088,
    42.408936588
  ],
  ""type"": ""Point""
}",-83.192949088,42.4089365880001
5112,1338672,JOY,MEADOWDALE,2018-03-30,30,3,2018,11,6,8,9,,4,0,Asphalt,1,1,1,35,4,2,1,5,0,0,0,0,true,false,false,false,false,false,false,false,false,false,false,false,false,false,false,false,false,false,false,false,false,false,-83.1806,42.35849,"{
  ""coordinates"": [
    -8.318059837953879e+01,
    4.235849402965240e+01
  ],
  ""type"": ""Point""
}","{
  ""coordinates"": [
    -83.18059838,
    42.35849403
  ],
  ""type"": ""Point""
}",-83.1805983799999,42.35849403
5113,1338623,I94,VAN DYKE,2018-03-30,30,3,2018,12,6,97,1,,1,0,Asphalt,1,1,1,55,3,2,3,4,0,0,0,1,false,false,false,false,false,false,false,false,false,false,false,false,false,false,false,false,false,false,false,false,false,false,-83.01298,42.38896,"{
  ""coordinates"": [
    -8.301297695703420e+01,
    4.238895932102340e+01
  ],
  ""type"": ""Point""
}","{
  ""coordinates"": [
    -83.012976957,
    42.388959321
  ],
  ""type"": ""Point""
}",-83.012976957,42.3889593210001
5114,1338632,I-94,WOODWARD,2018-03-30,30,3,2018,13,6,5,1,,1,0,Asphalt,1,1,1,55,3,2,4,5,0,0,0,0,true,false,false,false,false,false,false,false,false,false,false,false,false,false,false,false,false,false,false,false,false,false,-83.07263,42.36135,"{
  ""coordinates"": [
    -8.307263499220210e+01,
    4.236135095106470e+01
  ],
  ""type"": ""Point""
}","{
  ""coordinates"": [
    -83.072634992,
    42.361350951
  ],
  ""type"": ""Point""
}",-83.072634992,42.3613509510001
5115,1340268,JOANN,PARK GROVE,2018-03-30,30,3,2018,20,6,4,9,,,0,,1,1,4,25,2,2,1,5,0,0,0,0,true,false,false,false,true,false,false,false,false,false,false,false,false,true,false,false,false,false,false,false,false,false,-82.98978,42.42934,"{
  ""coordinates"": [
    -8.298978765714421e+01,
    4.242934192547330e+01
  ],
  ""type"": ""Point""
}","{
  ""coordinates"": [
    -82.989787657,
    42.429341925
  ],
  ""type"": ""Point""
}",-82.989787657,42.4293419250001
5116,1338684,7 MILE,PREVOST,2018-03-30,30,3,2018,17,6,97,9,,2,0,Asphalt,1,1,1,35,4,3,3,4,0,0,0,1,false,false,false,false,true,false,false,false,false,false,false,false,false,false,false,false,false,false,false,false,false,false,-83.20418,42.43035,"{
  ""coordinates"": [
    -8.320417486061980e+01,
    4.243035077616890e+01
  ],
  ""type"": ""Point""
}","{
  ""coordinates"": [
    -83.204174861,
    42.430350776
  ],
  ""type"": ""Point""
}",-83.204174861,42.4303507760001
5117,1340972,RIVARD,MACK,2018-03-30,30,3,2018,12,6,9,9,,,0,,1,1,1,35,2,2,2,5,0,0,0,0,true,false,false,false,false,false,false,false,false,false,true,false,false,true,false,false,false,false,false,false,false,false,-83.04594,42.35194,"{
  ""coordinates"": [
    -8.304593654855159e+01,
    4.235194304454430e+01
  ],
  ""type"": ""Point""
}","{
  ""coordinates"": [
    -83.045936549,
    42.351943045
  ],
  ""type"": ""Point""
}",-83.045936549,42.351943045
5118,1338639,TIREMAN,FREDA,2018-03-30,30,3,2018,11,6,8,9,,4,3,Asphalt,1,1,1,30,2,2,1,4,0,0,0,1,false,false,false,false,false,false,true,false,false,false,false,false,false,true,false,false,false,false,false,false,false,false,-83.15989,42.35167,"{
  ""coordinates"": [
    -8.315989175736230e+01,
    4.235166406277560e+01
  ],
  ""type"": ""Point""
}","{
  ""coordinates"": [
    -83.159891757,
    42.351664063
  ],
  ""type"": ""Point""
}",-83.159891757,42.351664063
5119,1338740,COVINGTON,2ND,2018-03-30,30,3,2018,0,6,97,9,,,0,,2,1,4,25,2,6,5,3,0,0,1,0,false,false,false,false,false,true,false,true,false,false,false,false,false,false,false,false,false,false,false,false,false,false,-83.1097,42.42004,"{
  ""coordinates"": [
    -8.310969926129120e+01,
    4.242004196514850e+01
  ],
  ""type"": ""Point""
}","{
  ""coordinates"": [
    -83.109699261,
    42.420041965
  ],
  ""type"": ""Point""
}",-83.1096992609999,42.4200419650001
5120,1338663,LAWNDALE,ARNOLD,2018-03-30,30,3,2018,14,6,8,9,,,0,,1,1,1,25,2,2,3,5,0,0,0,0,true,false,false,false,false,false,false,false,false,false,false,false,false,false,false,false,false,false,false,false,false,false,-83.14659,42.32724,"{
  ""coordinates"": [
    -8.314659118378690e+01,
    4.232724253978410e+01
  ],
  ""type"": ""Point""
}","{
  ""coordinates"": [
    -83.146591184,
    42.32724254
  ],
  ""type"": ""Point""
}",-83.146591184,42.32724254
5121,1338660,FORT,BAYSIDE,2018-03-30,30,3,2018,18,6,1,3,,1,1,Asphalt,1,1,1,30,2,1,1,4,0,0,0,1,false,false,false,false,false,false,false,false,false,false,false,false,false,false,false,false,false,false,false,false,false,false,-83.14366,42.2898,"{
  ""coordinates"": [
    -8.314366166924050e+01,
    4.228980091293790e+01
  ],
  ""type"": ""Point""
}","{
  ""coordinates"": [
    -83.143661669,
    42.289800913
  ],
  ""type"": ""Point""
}",-83.143661669,42.2898009130001
5122,1338668,FENKELL,CHATHAM,2018-03-30,30,3,2018,20,6,5,9,,2,0,Asphalt,1,1,1,35,4,3,2,5,0,0,0,0,true,false,false,false,false,false,false,false,false,false,true,false,false,false,false,false,false,false,false,false,false,false,-83.26324,42.40025,"{
  ""coordinates"": [
    -8.326324516401820e+01,
    4.240025432489230e+01
  ],
  ""type"": ""Point""
}","{
  ""coordinates"": [
    -83.263245164,
    42.400254325
  ],
  ""type"": ""Point""
}",-83.263245164,42.400254325