ObjectId,Crash ID,Primary Road,Intersecting Road,Crash Date,Day,Month,Year,Hour,Weekday,Crash Type Code,Highway Classification Code,Community Code,Jurisdiction Code,Lane Departure Type Code,Surface Type,Road Condition,Weather Condition,Lighting Condition,Speed Limit,Lanes,Units,Occupants,Most Severe Injury,Fatal Injuries,Suspected Serious Injuries,Suspected Minor Injuries,Possible Injuries,Property Damage Only,Secondary Crash,Traffic Control,Red Light Run,Hit and Run,Alcohol,Drugs,Unbelted Person,Work Zone,Speeding Driver,Distracted Driver,Driveway,Pedestrian,Elderly Driver,Young Driver,Commercial Vehicle,Emergency Vehicles,Train,School Bus,Motorcycle,Bicycle,Deer,Longitude,Latitude,geom,geog,x,y
5123,1339605,LAING,BRITAIN,2018-03-30,30,3,2018,19,6,1,9,,,0,,1,1,1,25,2,1,1,4,0,0,0,1,false,false,false,false,false,false,false,false,false,false,false,false,false,false,false,false,false,false,false,false,false,false,-82.95482,42.42518,"{
  ""coordinates"": [
    -8.295481507301160e+01,
    4.242518413649270e+01
  ],
  ""type"": ""Point""
}","{
  ""coordinates"": [
    -82.954815073,
    42.425184136
  ],
  ""type"": ""Point""
}",-82.954815073,42.425184136
5124,1338683,GRANDRIVER,KENTFORD,2018-03-30,30,3,2018,12,6,8,3,,1,0,Asphalt,1,2,3,35,6,2,3,5,0,0,0,0,true,false,false,false,false,false,false,false,false,false,false,false,false,true,false,false,false,false,false,false,false,false,-83.2233,42.40272,"{
  ""coordinates"": [
    -8.322330372465520e+01,
    4.240271624656070e+01
  ],
  ""type"": ""Point""
}","{
  ""coordinates"": [
    -83.223303725,
    42.402716247
  ],
  ""type"": ""Point""
}",-83.2233037249999,42.4027162470001
5125,1371362,CONGRESS,WASHINGTON,2018-03-30,30,3,2018,13,6,4,9,,4,0,Asphalt,1,1,1,25,3,2,2,5,0,0,0,0,true,false,false,false,false,false,false,false,false,false,false,false,false,false,false,false,false,false,false,false,false,false,-83.04922,42.32873,"{
  ""coordinates"": [
    -8.304922693348240e+01,
    4.232873249660240e+01
  ],
  ""type"": ""Point""
}","{
  ""coordinates"": [
    -83.049226933,
    42.328732497
  ],
  ""type"": ""Point""
}",-83.0492269329999,42.328732497
5126,1338652,STATE,GRISWOLD,2018-03-30,30,3,2018,9,6,1,3,,1,0,Asphalt,1,2,1,25,2,1,1,5,0,0,0,0,true,false,false,false,false,false,false,false,false,false,false,false,false,false,false,true,false,false,false,false,false,false,-83.04746,42.33068,"{
  ""coordinates"": [
    -8.304745903288720e+01,
    4.233068637275850e+01
  ],
  ""type"": ""Point""
}","{
  ""coordinates"": [
    -83.047459033,
    42.330686373
  ],
  ""type"": ""Point""
}",-83.0474590329999,42.330686373
5127,1338655,LODGE SERVICE,GRAND,2018-03-30,30,3,2018,15,6,5,9,,4,0,Asphalt,1,2,1,35,2,2,2,5,0,0,0,0,true,false,false,false,false,false,false,false,false,false,false,false,false,false,false,false,false,false,false,false,false,false,-83.06771,42.34334,"{
  ""coordinates"": [
    -8.306771038860640e+01,
    4.234334307934760e+01
  ],
  ""type"": ""Point""
}","{
  ""coordinates"": [
    -83.067710389,
    42.343343079
  ],
  ""type"": ""Point""
}",-83.067710389,42.3433430790001
5128,1342009,GRATIOT,TACOMA,2018-03-30,30,3,2018,13,6,4,3,,1,0,Asphalt,1,1,1,35,7,2,1,2,0,1,0,0,false,false,false,false,true,false,false,false,false,false,false,false,false,false,false,false,false,false,false,false,false,false,-82.97324,42.44184,"{
  ""coordinates"": [
    -8.297323902240370e+01,
    4.244184607303780e+01
  ],
  ""type"": ""Point""
}","{
  ""coordinates"": [
    -82.973239022,
    42.441846073
  ],
  ""type"": ""Point""
}",-82.973239022,42.4418460730001
5129,1338603,M-10,MCNICHOLS,2018-03-30,30,3,2018,8,6,1,3,,1,1,Concrete,1,1,1,55,3,1,2,5,0,0,0,0,true,false,false,false,false,false,false,false,false,true,false,false,false,false,false,false,false,false,false,false,false,false,-83.17268,42.41709,"{
  ""coordinates"": [
    -8.317268037519710e+01,
    4.241709286468280e+01
  ],
  ""type"": ""Point""
}","{
  ""coordinates"": [
    -83.172680375,
    42.417092865
  ],
  ""type"": ""Point""
}",-83.172680375,42.417092865
5130,1339566,N M 39,TIREMAN,2018-03-30,30,3,2018,17,6,8,3,,1,0,Asphalt,1,1,1,55,3,2,3,5,0,0,0,0,true,false,false,false,false,false,false,false,false,false,false,false,false,false,false,false,false,false,false,false,false,false,-83.21626,42.35009,"{
  ""coordinates"": [
    -8.321625957553910e+01,
    4.235008483838480e+01
  ],
  ""type"": ""Point""
}","{
  ""coordinates"": [
    -83.216259576,
    42.350084838
  ],
  ""type"": ""Point""
}",-83.216259576,42.350084838
5131,1338727,MCNICHOLS,JAMES COUZENS,2018-03-30,30,3,2018,11,6,8,9,,2,0,Asphalt,1,1,1,,3,2,2,4,0,0,0,1,false,false,false,false,false,false,false,false,false,false,false,false,false,false,false,false,false,false,false,false,false,false,-83.17265,42.41664,"{
  ""coordinates"": [
    -8.317265526315489e+01,
    4.241663811236410e+01
  ],
  ""type"": ""Point""
}","{
  ""coordinates"": [
    -83.172655263,
    42.416638112
  ],
  ""type"": ""Point""
}",-83.172655263,42.416638112
5132,1342741,N M 10,W I 94,2018-03-29,29,3,2018,10,5,5,3,,1,0,Concrete,2,4,1,70,3,2,1,5,0,0,0,0,true,false,false,false,true,false,false,false,false,true,false,false,false,true,false,false,false,false,false,false,false,false,-83.07621,42.35937,"{
  ""coordinates"": [
    -8.307621358443650e+01,
    4.235937003941730e+01
  ],
  ""type"": ""Point""
}","{
  ""coordinates"": [
    -83.076213584,
    42.359370039
  ],
  ""type"": ""Point""
}",-83.076213584,42.3593700390001
5133,1338666,ELECTRIC,OMAHA,2018-03-29,29,3,2018,13,5,4,9,,,0,,1,4,1,30,2,2,1,4,0,0,0,1,false,false,false,false,true,false,false,false,false,false,false,false,false,false,false,false,false,false,false,false,false,false,-83.15807,42.26943,"{
  ""coordinates"": [
    -8.315806742375860e+01,
    4.226942975681430e+01
  ],
  ""type"": ""Point""
}","{
  ""coordinates"": [
    -83.158067424,
    42.269429757
  ],
  ""type"": ""Point""
}",-83.158067424,42.2694297570001
5134,1339569,S I 75,TRUMBULL,2018-03-29,29,3,2018,15,5,97,1,,1,0,Concrete,2,4,1,55,3,2,7,5,0,0,0,0,true,false,false,false,false,false,false,false,false,true,false,false,false,false,true,false,false,false,false,false,false,false,-83.06846,42.33452,"{
  ""coordinates"": [
    -8.306846226794610e+01,
    4.233452292448950e+01
  ],
  ""type"": ""Point""
}","{
  ""coordinates"": [
    -83.068462268,
    42.334522924
  ],
  ""type"": ""Point""
}",-83.068462268,42.3345229240001
5135,1338685,FENMORE,CIRCLE,2018-03-29,29,3,2018,11,5,5,3,,,0,,2,4,1,25,2,2,0,5,0,0,0,0,true,true,false,false,false,false,false,false,false,false,false,false,false,false,false,false,false,false,false,false,false,false,-83.2185,42.44375,"{
  ""coordinates"": [
    -8.321849738634380e+01,
    4.244374767479630e+01
  ],
  ""type"": ""Point""
}","{
  ""coordinates"": [
    -83.218497386,
    42.443747675
  ],
  ""type"": ""Point""
}",-83.218497386,42.4437476750001
5136,1337666,ASBURY,SCHOOLCRAFT,2018-03-29,29,3,2018,1,5,2,9,,,2,,2,1,4,,2,2,1,3,0,0,1,0,false,false,false,false,false,false,false,false,false,false,false,true,false,true,false,false,false,false,false,false,false,false,-83.20769,42.38659,"{
  ""coordinates"": [
    -8.320768789543980e+01,
    4.238659191279310e+01
  ],
  ""type"": ""Point""
}","{
  ""coordinates"": [
    -83.207687895,
    42.386591913
  ],
  ""type"": ""Point""
}",-83.2076878949999,42.3865919130001
5137,1339552,M-10,WYOMING,2018-03-29,29,3,2018,9,5,5,3,,1,0,Concrete,2,4,1,55,3,2,2,5,0,0,0,0,true,false,false,false,false,false,false,false,false,false,false,false,false,false,true,false,false,false,false,false,false,false,-83.16163,42.40603,"{
  ""coordinates"": [
    -8.316162596769260e+01,
    4.240602906663620e+01
  ],
  ""type"": ""Point""
}","{
  ""coordinates"": [
    -83.161625968,
    42.406029067
  ],
  ""type"": ""Point""
}",-83.161625968,42.4060290670001
5138,1339560,S/B I 75,VERNOR,2018-03-29,29,3,2018,15,5,5,1,,1,0,Asphalt,2,4,1,50,1,2,6,5,0,0,0,0,true,false,false,false,false,false,false,false,true,false,false,false,false,false,false,false,false,false,false,false,false,false,-83.0836,42.32418,"{
  ""coordinates"": [
    -8.308360027813670e+01,
    4.232417813397060e+01
  ],
  ""type"": ""Point""
}","{
  ""coordinates"": [
    -83.083600278,
    42.324178134
  ],
  ""type"": ""Point""
}",-83.0836002779999,42.3241781340001
5139,1337661,CHICAGO,BRACE,2018-03-29,29,3,2018,1,5,97,9,,4,0,Asphalt,1,1,4,30,2,2,0,5,0,0,0,0,true,false,false,false,true,false,false,false,false,false,false,false,false,false,false,false,false,false,false,false,false,false,-83.22363,42.36494,"{
  ""coordinates"": [
    -8.322362740308380e+01,
    4.236493703089010e+01
  ],
  ""type"": ""Point""
}","{
  ""coordinates"": [
    -83.223627403,
    42.364937031
  ],
  ""type"": ""Point""
}",-83.223627403,42.3649370310001
5140,1390531,LAFAYETTE,TRUMBULL,2018-03-29,29,3,2018,17,5,4,9,,4,0,Asphalt,2,2,1,35,1,2,1,5,0,0,0,0,true,false,false,false,true,false,false,false,false,false,false,false,false,false,false,false,false,false,false,false,false,false,-83.06236,42.32546,"{
  ""coordinates"": [
    -8.306235554646520e+01,
    4.232546083377140e+01
  ],
  ""type"": ""Point""
}","{
  ""coordinates"": [
    -83.062355546,
    42.325460834
  ],
  ""type"": ""Point""
}",-83.0623555459999,42.3254608340001
5141,1338708,N I 75 SERVICE DRIVE,JOHN R,2018-03-29,29,3,2018,19,5,5,9,,4,0,Asphalt,2,4,3,35,3,2,6,5,0,0,0,0,true,false,false,false,false,false,false,false,false,false,false,false,false,false,false,false,false,false,false,false,false,false,-83.05022,42.34069,"{
  ""coordinates"": [
    -8.305022701677539e+01,
    4.234069587694570e+01
  ],
  ""type"": ""Point""
}","{
  ""coordinates"": [
    -83.050227017,
    42.340695877
  ],
  ""type"": ""Point""
}",-83.0502270169999,42.340695877
5142,1351248,TELEGRAPH,7 MILE,2018-03-29,29,3,2018,17,5,5,2,,1,0,Asphalt,2,4,1,45,5,2,3,5,0,0,0,0,true,false,false,false,false,false,false,false,false,false,false,false,false,false,false,false,false,false,false,false,false,false,-83.27798,42.42873,"{
  ""coordinates"": [
    -8.327798354562471e+01,
    4.242873117670130e+01
  ],
  ""type"": ""Point""
}","{
  ""coordinates"": [
    -83.277983546,
    42.428731177
  ],
  ""type"": ""Point""
}",-83.277983546,42.428731177
5143,1338644,SCHAEFER,PLYMOUTH,2018-03-29,29,3,2018,23,5,3,9,,4,0,Asphalt,2,4,5,35,4,2,5,3,0,0,1,0,false,false,false,false,false,false,false,false,false,false,false,false,false,true,false,false,false,false,false,false,false,false,-83.17799,42.37304,"{
  ""coordinates"": [
    -8.317799301098320e+01,
    4.237303782888230e+01
  ],
  ""type"": ""Point""
}","{
  ""coordinates"": [
    -83.177993011,
    42.373037829
  ],
  ""type"": ""Point""
}",-83.177993011,42.3730378290001
5144,1338713,WOODWARD,S I 75,2018-03-29,29,3,2018,20,5,8,3,,1,0,Concrete,2,4,1,35,8,2,1,5,0,0,0,0,true,false,false,false,true,false,false,false,false,false,false,false,false,false,false,false,false,false,false,false,false,false,-83.05286,42.33992,"{
  ""coordinates"": [
    -8.305286432003390e+01,
    4.233991774531810e+01
  ],
  ""type"": ""Point""
}","{
  ""coordinates"": [
    -83.05286432,
    42.339917745
  ],
  ""type"": ""Point""
}",-83.05286432,42.339917745
5145,1337656,WYOMING,ORANGELAWN,2018-03-29,29,3,2018,20,5,8,9,,4,0,Asphalt,2,4,4,30,2,2,2,4,0,0,0,1,false,false,false,false,false,false,false,false,false,false,false,false,false,false,false,false,false,false,false,false,false,false,-83.15836,42.36914,"{
  ""coordinates"": [
    -8.315835388883410e+01,
    4.236913564769030e+01
  ],
  ""type"": ""Point""
}","{
  ""coordinates"": [
    -83.158353889,
    42.369135648
  ],
  ""type"": ""Point""
}",-83.158353889,42.3691356480001
5146,1379393,I-94,CADIEUX,2018-03-29,29,3,2018,16,5,1,1,,1,1,Asphalt,2,4,1,55,3,1,1,5,0,0,0,0,true,false,false,false,false,false,false,false,false,true,false,false,false,false,false,false,false,false,false,false,false,false,-82.9357,42.41813,"{
  ""coordinates"": [
    -8.293569903388000e+01,
    4.241812331532110e+01
  ],
  ""type"": ""Point""
}","{
  ""coordinates"": [
    -82.935699034,
    42.418123315
  ],
  ""type"": ""Point""
}",-82.935699034,42.4181233150001
5147,1338707,CRAFT,WHITEHILL,2018-03-29,29,3,2018,19,5,98,9,,,0,,2,4,1,25,1,2,0,5,0,0,0,0,true,false,false,false,true,false,false,false,false,false,false,false,false,false,false,false,false,false,false,false,false,false,-82.95938,42.41655,"{
  ""coordinates"": [
    -8.295938139281731e+01,
    4.241655453194240e+01
  ],
  ""type"": ""Point""
}","{
  ""coordinates"": [
    -82.959381393,
    42.416554532
  ],
  ""type"": ""Point""
}",-82.9593813929999,42.4165545320001
5148,1337665,GRATIOT,RANDOLPH,2018-03-29,29,3,2018,17,5,5,3,,1,0,Asphalt,2,4,1,30,2,2,1,5,0,0,0,0,true,false,false,false,true,false,false,false,false,false,false,false,false,false,false,false,false,false,false,false,false,false,-83.04518,42.33516,"{
  ""coordinates"": [
    -8.304518471408250e+01,
    4.233515573615160e+01
  ],
  ""type"": ""Point""
}","{
  ""coordinates"": [
    -83.045184714,
    42.335155736
  ],
  ""type"": ""Point""
}",-83.045184714,42.335155736
5149,1351278,FENMORE,HESSEL,2018-03-29,29,3,2018,10,5,6,9,,,0,,2,4,1,25,2,2,1,5,0,0,0,0,true,false,false,false,false,false,false,false,false,false,false,false,false,false,false,false,false,false,false,false,false,false,-83.21847,42.44291,"{
  ""coordinates"": [
    -8.321846658931180e+01,
    4.244290744731390e+01
  ],
  ""type"": ""Point""
}","{
  ""coordinates"": [
    -83.218466589,
    42.442907447
  ],
  ""type"": ""Point""
}",-83.2184665889999,42.442907447
5150,1336900,LIVERNOIS,DRAGOON,2018-03-29,29,3,2018,8,5,8,9,,4,0,Asphalt,2,4,1,30,2,2,2,5,0,0,0,0,true,false,false,false,false,false,false,false,false,false,false,false,false,false,false,true,false,false,false,false,false,false,-83.11001,42.31691,"{
  ""coordinates"": [
    -8.311000477870610e+01,
    4.231690811575620e+01
  ],
  ""type"": ""Point""
}","{
  ""coordinates"": [
    -83.110004779,
    42.316908116
  ],
  ""type"": ""Point""
}",-83.110004779,42.316908116
5151,1342779,LIVERNOIS,CORTLAND,2018-03-29,29,3,2018,12,5,97,9,,4,0,Concrete,2,4,1,30,2,2,2,5,0,0,0,0,true,false,false,false,false,false,false,false,false,false,false,false,true,false,false,false,false,false,false,false,false,false,-83.13935,42.3793,"{
  ""coordinates"": [
    -8.313935378049869e+01,
    4.237929553289660e+01
  ],
  ""type"": ""Point""
}","{
  ""coordinates"": [
    -83.13935378,
    42.379295533
  ],
  ""type"": ""Point""
}",-83.13935378,42.3792955330001
5152,1346326,MEYERS,SCHOOLCRAFT,2018-03-29,29,3,2018,16,5,2,9,,4,2,Asphalt,2,4,1,30,2,2,2,5,0,0,0,0,true,false,false,false,false,false,false,false,false,false,false,false,false,true,false,false,false,false,false,false,false,false,-83.16874,42.38865,"{
  ""coordinates"": [
    -8.316874103948361e+01,
    4.238865043499360e+01
  ],
  ""type"": ""Point""
}","{
  ""coordinates"": [
    -83.168741039,
    42.388650435
  ],
  ""type"": ""Point""
}",-83.1687410389999,42.388650435
5153,1351124,I-94,MT ELLIOTT,2018-03-29,29,3,2018,13,5,5,1,,1,0,Asphalt,2,4,1,45,3,3,3,5,0,0,0,0,true,false,false,false,false,false,false,false,false,false,false,false,false,false,false,false,false,false,false,false,false,false,-83.02518,42.38499,"{
  ""coordinates"": [
    -8.302517909199059e+01,
    4.238499323887820e+01
  ],
  ""type"": ""Point""
}","{
  ""coordinates"": [
    -83.025179092,
    42.384993239
  ],
  ""type"": ""Point""
}",-83.025179092,42.384993239
5154,1349206,OAKLAND,OWEN,2018-03-29,29,3,2018,19,5,4,9,,4,0,Asphalt,2,4,5,35,2,2,1,5,0,0,0,0,true,false,false,false,true,false,false,false,false,false,false,false,false,false,false,false,false,false,false,false,false,false,-83.07274,42.38606,"{
  ""coordinates"": [
    -8.307273915386720e+01,
    4.238606392696580e+01
  ],
  ""type"": ""Point""
}","{
  ""coordinates"": [
    -83.072739154,
    42.386063927
  ],
  ""type"": ""Point""
}",-83.072739154,42.3860639270001
5155,1342773,CANFIELD,WOODWARD,2018-03-29,29,3,2018,13,5,5,3,,4,0,Asphalt,2,4,1,25,2,2,1,5,0,0,0,0,true,false,false,false,false,false,false,false,false,false,false,false,false,true,false,false,false,false,false,false,false,false,-83.06113,42.35285,"{
  ""coordinates"": [
    -8.306113744287200e+01,
    4.235284878345230e+01
  ],
  ""type"": ""Point""
}","{
  ""coordinates"": [
    -83.061137443,
    42.352848783
  ],
  ""type"": ""Point""
}",-83.061137443,42.3528487830001
5156,1336898,CENTRAL,SENATOR,2018-03-29,29,3,2018,7,5,8,9,,4,0,Asphalt,2,2,1,30,4,2,1,5,0,0,0,0,true,false,false,false,true,false,false,false,false,false,false,false,false,false,false,false,false,false,false,false,false,false,-83.12339,42.31135,"{
  ""coordinates"": [
    -8.312339127162549e+01,
    4.231134838820650e+01
  ],
  ""type"": ""Point""
}","{
  ""coordinates"": [
    -83.123391272,
    42.311348388
  ],
  ""type"": ""Point""
}",-83.1233912719999,42.3113483880001
5157,1353969,JEFFERSON,BEAUBIEN,2018-03-29,29,3,2018,11,5,8,4,,1,0,Asphalt,2,4,1,25,5,2,2,5,0,0,0,0,true,false,false,false,false,false,false,false,false,false,false,false,false,true,false,false,true,false,false,false,false,false,-83.04015,42.33074,"{
  ""coordinates"": [
    -8.304015474600919e+01,
    4.233073820576960e+01
  ],
  ""type"": ""Point""
}","{
  ""coordinates"": [
    -83.040154746,
    42.330738206
  ],
  ""type"": ""Point""
}",-83.040154746,42.330738206
5158,1345496,I-94,CONCORD,2018-03-29,29,3,2018,18,5,5,1,,1,0,Asphalt,2,4,1,55,3,2,2,5,0,0,0,0,true,false,false,false,true,false,false,false,false,false,false,false,false,false,false,false,false,false,false,false,false,false,-83.03058,42.38272,"{
  ""coordinates"": [
    -8.303057560541770e+01,
    4.238271892279590e+01
  ],
  ""type"": ""Point""
}","{
  ""coordinates"": [
    -83.030575605,
    42.382718923
  ],
  ""type"": ""Point""
}",-83.030575605,42.382718923
5159,1353025,OUTER,SOUTHFIELD SERVICE DRIVE,2018-03-29,29,3,2018,17,5,4,9,,2,0,Asphalt,1,2,1,35,2,2,2,4,0,0,0,1,false,false,true,true,false,false,false,false,false,false,false,false,false,true,false,false,false,false,false,false,false,false,-83.21927,42.41926,"{
  ""coordinates"": [
    -8.321927200631170e+01,
    4.241926347864920e+01
  ],
  ""type"": ""Point""
}","{
  ""coordinates"": [
    -83.219272006,
    42.419263479
  ],
  ""type"": ""Point""
}",-83.219272006,42.4192634790001
5160,1342736,I-94,CADIEUX,2018-03-29,29,3,2018,17,5,1,1,,1,1,Asphalt,2,4,1,55,3,1,1,5,0,0,0,0,true,false,false,false,false,false,false,false,false,true,false,false,false,false,false,false,false,false,false,false,false,false,-82.9357,42.41813,"{
  ""coordinates"": [
    -8.293569903388000e+01,
    4.241812331532110e+01
  ],
  ""type"": ""Point""
}","{
  ""coordinates"": [
    -82.935699034,
    42.418123315
  ],
  ""type"": ""Point""
}",-82.935699034,42.4181233150001
5161,1352420,FISHER,SECOND,2018-03-29,29,3,2018,14,5,5,1,,1,0,Concrete,2,4,1,30,2,2,3,4,0,0,0,2,false,false,false,false,false,false,false,false,false,false,false,false,false,false,false,false,false,false,false,false,false,false,-83.05856,42.33699,"{
  ""coordinates"": [
    -8.305856015313400e+01,
    4.233699034989700e+01
  ],
  ""type"": ""Point""
}","{
  ""coordinates"": [
    -83.058560153,
    42.33699035
  ],
  ""type"": ""Point""
}",-83.058560153,42.3369903500001
5162,1338671,JOY,HUBBELL,2018-03-29,29,3,2018,19,5,5,9,,4,0,Asphalt,1,1,4,35,2,2,1,5,0,0,0,0,true,false,false,false,true,false,false,false,false,false,false,false,false,false,false,false,false,false,false,false,false,false,-83.18742,42.35835,"{
  ""coordinates"": [
    -8.318741488565350e+01,
    4.235834379640900e+01
  ],
  ""type"": ""Point""
}","{
  ""coordinates"": [
    -83.187414886,
    42.358343796
  ],
  ""type"": ""Point""
}",-83.1874148859999,42.358343796
5163,1341973,N/B I 75,SCHAEFER,2018-03-29,29,3,2018,11,5,1,1,,1,1,Concrete,2,4,1,70,3,1,2,5,0,0,0,0,true,false,false,false,false,false,false,false,false,true,false,false,false,false,false,true,false,false,false,false,false,false,-83.15282,42.27845,"{
  ""coordinates"": [
    -8.315281940588839e+01,
    4.227844535772600e+01
  ],
  ""type"": ""Point""
}","{
  ""coordinates"": [
    -83.152819406,
    42.278445358
  ],
  ""type"": ""Point""
}",-83.1528194059999,42.2784453580001
5164,1340258,MOROSS,ROLANDALE,2018-03-29,29,3,2018,14,5,4,9,,2,0,Asphalt,2,4,1,35,3,2,1,4,0,0,0,1,false,false,false,false,true,false,false,false,false,false,false,false,false,false,false,false,false,false,false,false,false,false,-82.91984,42.42056,"{
  ""coordinates"": [
    -8.291983815158670e+01,
    4.242055443488440e+01
  ],
  ""type"": ""Point""
}","{
  ""coordinates"": [
    -82.919838152,
    42.420554435
  ],
  ""type"": ""Point""
}",-82.919838152,42.420554435
5165,1337664,JEFFERSON,RIOPELLE,2018-03-29,29,3,2018,15,5,4,9,,4,0,Asphalt,2,4,1,35,7,2,5,4,0,0,0,1,false,false,false,false,false,false,false,false,false,false,false,false,false,true,false,false,false,false,false,false,false,false,-83.03078,42.33474,"{
  ""coordinates"": [
    -8.303077479596830e+01,
    4.233473894295450e+01
  ],
  ""type"": ""Point""
}","{
  ""coordinates"": [
    -83.030774796,
    42.334738943
  ],
  ""type"": ""Point""
}",-83.0307747959999,42.334738943
5166,1337655,GREENFIELD,SCHOOLCRAFT,2018-03-29,29,3,2018,15,5,4,9,,2,0,Asphalt,2,4,1,35,4,2,2,5,0,0,0,0,true,false,false,false,false,false,false,false,false,false,false,false,false,false,false,false,false,false,false,false,false,false,-83.19816,42.38685,"{
  ""coordinates"": [
    -8.319815770304790e+01,
    4.238684825039620e+01
  ],
  ""type"": ""Point""
}","{
  ""coordinates"": [
    -83.198157703,
    42.38684825
  ],
  ""type"": ""Point""
}",-83.1981577029999,42.3868482500001
5167,1337674,8 MILE,SHERWOOD,2018-03-29,29,3,2018,14,5,5,3,,1,0,Asphalt,2,4,1,40,4,2,2,5,0,0,0,0,true,false,false,false,false,false,false,false,false,false,false,false,false,false,false,false,false,false,false,false,false,false,-83.03425,42.44794,"{
  ""coordinates"": [
    -8.303425106699780e+01,
    4.244794101057720e+01
  ],
  ""type"": ""Point""
}","{
  ""coordinates"": [
    -83.034251067,
    42.447941011
  ],
  ""type"": ""Point""
}",-83.034251067,42.4479410110001
5168,1340964,N I 75,RAMP 041G,2018-03-29,29,3,2018,22,5,1,1,,1,1,Concrete,2,1,4,35,3,1,1,5,0,0,0,0,true,false,false,false,false,false,false,false,false,true,false,false,false,false,true,false,false,false,false,false,false,false,-83.04417,42.34535,"{
  ""coordinates"": [
    -8.304416442058880e+01,
    4.234534863971040e+01
  ],
  ""type"": ""Point""
}","{
  ""coordinates"": [
    -83.044164421,
    42.34534864
  ],
  ""type"": ""Point""
}",-83.0441644209999,42.3453486400001
5169,1337675,7 MILE,S I 75,2018-03-29,29,3,2018,8,5,97,9,,4,0,Concrete,2,4,1,35,4,3,3,5,0,0,0,0,true,false,true,true,false,false,false,false,false,false,false,false,false,true,false,false,false,false,false,false,false,false,-83.09502,42.43247,"{
  ""coordinates"": [
    -8.309501436520721e+01,
    4.243247001973860e+01
  ],
  ""type"": ""Point""
}","{
  ""coordinates"": [
    -83.095014365,
    42.43247002
  ],
  ""type"": ""Point""
}",-83.0950143649999,42.43247002
5170,1338661,TORREY,SCOTTEN,2018-03-29,29,3,2018,15,5,1,9,,,1,,2,4,1,25,2,1,1,5,0,0,0,0,true,false,false,false,false,false,false,false,false,false,false,true,false,false,false,false,false,false,false,false,false,false,-83.1029,42.33264,"{
  ""coordinates"": [
    -8.310290134304300e+01,
    4.233263796604400e+01
  ],
  ""type"": ""Point""
}","{
  ""coordinates"": [
    -83.102901343,
    42.332637966
  ],
  ""type"": ""Point""
}",-83.102901343,42.332637966
5171,1338701,7 MILE,HOOVER,2018-03-29,29,3,2018,16,5,5,3,,4,0,Asphalt,1,1,1,35,2,2,5,5,0,0,0,0,true,false,false,false,true,false,false,false,false,false,false,false,false,false,false,false,false,false,false,false,false,false,-83.00469,42.43443,"{
  ""coordinates"": [
    -8.300469229117390e+01,
    4.243442627303250e+01
  ],
  ""type"": ""Point""
}","{
  ""coordinates"": [
    -83.004692291,
    42.434426273
  ],
  ""type"": ""Point""
}",-83.004692291,42.434426273
5172,1338664,GREEN,LEXINGTON,2018-03-29,29,3,2018,2,5,1,9,,,1,,1,1,4,25,2,1,1,5,0,0,0,0,true,false,false,false,false,true,false,false,false,true,false,false,false,false,false,false,false,false,false,false,false,false,-83.11515,42.30533,"{
  ""coordinates"": [
    -8.311514889170201e+01,
    4.230532865468010e+01
  ],
  ""type"": ""Point""
}","{
  ""coordinates"": [
    -83.115148892,
    42.305328655
  ],
  ""type"": ""Point""
}",-83.115148892,42.305328655
5173,1338724,CHARLES,BUFFALO,2018-03-29,29,3,2018,15,5,4,9,,4,0,Asphalt,2,4,1,25,4,2,2,5,0,0,0,0,true,false,true,true,false,false,false,false,false,false,false,false,false,false,false,false,false,false,false,false,false,false,-83.04789,42.41177,"{
  ""coordinates"": [
    -8.304789182120930e+01,
    4.241176602720680e+01
  ],
  ""type"": ""Point""
}","{
  ""coordinates"": [
    -83.047891821,
    42.411766027
  ],
  ""type"": ""Point""
}",-83.047891821,42.4117660270001
5174,1337663,GRANDY,FERRY,2018-03-29,29,3,2018,16,5,4,9,,,0,,2,4,1,25,2,2,2,5,0,0,0,0,true,false,false,false,false,false,false,false,false,false,false,false,false,false,false,false,false,false,false,false,false,false,-83.04153,42.37061,"{
  ""coordinates"": [
    -8.304152489121989e+01,
    4.237061361721210e+01
  ],
  ""type"": ""Point""
}","{
  ""coordinates"": [
    -83.041524891,
    42.370613617
  ],
  ""type"": ""Point""
}",-83.0415248909999,42.3706136170001
5175,1338648,GARFIELD,WOODWARD,2018-03-29,29,3,2018,13,5,4,3,,,0,,2,4,1,25,2,2,1,5,0,0,0,0,true,false,false,false,true,false,false,false,false,false,false,false,false,false,false,false,false,false,false,false,false,false,-83.06202,42.35381,"{
  ""coordinates"": [
    -8.306202072556700e+01,
    4.235380724215210e+01
  ],
  ""type"": ""Point""
}","{
  ""coordinates"": [
    -83.062020726,
    42.353807242
  ],
  ""type"": ""Point""
}",-83.062020726,42.3538072420001
5176,1337660,GREENFIELD,WESTFIELD,2018-03-29,29,3,2018,11,5,8,9,,2,0,Asphalt,1,2,1,35,4,2,1,5,0,0,0,0,true,false,false,false,false,false,false,false,false,false,false,false,false,true,false,false,true,false,false,false,false,false,-83.19726,42.3644,"{
  ""coordinates"": [
    -8.319725964845070e+01,
    4.236439699600560e+01
  ],
  ""type"": ""Point""
}","{
  ""coordinates"": [
    -83.197259648,
    42.364396996
  ],
  ""type"": ""Point""
}",-83.1972596479999,42.364396996
5177,1339540,I-75,CARPENTER,2018-03-29,29,3,2018,7,5,5,9,,,0,,2,4,2,70,4,2,2,5,0,0,0,0,true,false,false,false,false,false,false,false,false,false,false,false,false,false,false,false,false,false,false,false,false,false,-83.07313,42.40304,"{
  ""coordinates"": [
    -8.307312458248541e+01,
    4.240304191988940e+01
  ],
  ""type"": ""Point""
}","{
  ""coordinates"": [
    -83.073124582,
    42.40304192
  ],
  ""type"": ""Point""
}",-83.0731245819999,42.4030419200001