ObjectId,Crash ID,Primary Road,Intersecting Road,Crash Date,Day,Month,Year,Hour,Weekday,Crash Type Code,Highway Classification Code,Community Code,Jurisdiction Code,Lane Departure Type Code,Surface Type,Road Condition,Weather Condition,Lighting Condition,Speed Limit,Lanes,Units,Occupants,Most Severe Injury,Fatal Injuries,Suspected Serious Injuries,Suspected Minor Injuries,Possible Injuries,Property Damage Only,Secondary Crash,Traffic Control,Red Light Run,Hit and Run,Alcohol,Drugs,Unbelted Person,Work Zone,Speeding Driver,Distracted Driver,Driveway,Pedestrian,Elderly Driver,Young Driver,Commercial Vehicle,Emergency Vehicles,Train,School Bus,Motorcycle,Bicycle,Deer,Longitude,Latitude,geom,geog,x,y
5178,1338649,WARREN,JOHN R,2018-03-29,29,3,2018,8,5,4,9,,4,0,Asphalt,2,4,1,30,3,2,2,5,0,0,0,0,true,false,false,false,false,false,false,false,false,false,false,false,false,false,false,false,false,false,false,false,false,false,-83.06223,42.35773,"{
  ""coordinates"": [
    -8.306222970428060e+01,
    4.235773518948630e+01
  ],
  ""type"": ""Point""
}","{
  ""coordinates"": [
    -83.062229704,
    42.357735189
  ],
  ""type"": ""Point""
}",-83.0622297039999,42.357735189
5179,1338714,DAVISON,LA SALLE,2018-03-29,29,3,2018,15,5,10,3,,1,0,Asphalt,2,4,1,35,5,3,1,5,0,0,0,0,true,false,false,false,true,false,false,false,false,false,false,false,false,false,false,false,false,false,false,false,false,false,-83.1188,42.39421,"{
  ""coordinates"": [
    -8.311880194709860e+01,
    4.239421653467550e+01
  ],
  ""type"": ""Point""
}","{
  ""coordinates"": [
    -83.118801947,
    42.394216535
  ],
  ""type"": ""Point""
}",-83.118801947,42.3942165350001
5180,1342738,I-96,MCGRAW,2018-03-29,29,3,2018,16,5,8,1,,1,0,Asphalt,2,4,1,55,4,2,1,5,0,0,0,0,true,false,false,false,true,false,false,false,false,false,false,false,false,false,false,false,false,false,false,false,false,false,-83.10243,42.35261,"{
  ""coordinates"": [
    -8.310243583473390e+01,
    4.235261213052290e+01
  ],
  ""type"": ""Point""
}","{
  ""coordinates"": [
    -83.102435835,
    42.352612131
  ],
  ""type"": ""Point""
}",-83.1024358349999,42.3526121310001
5181,1343825,N I 75,8 MILE SERVICE DRIVE,2018-03-29,29,3,2018,22,5,8,1,,1,0,Asphalt,2,1,4,70,4,2,2,5,0,0,0,0,true,false,false,false,false,false,false,false,false,false,false,false,false,true,false,false,false,false,false,false,false,false,-83.09468,42.44667,"{
  ""coordinates"": [
    -8.309468439466529e+01,
    4.244667029209260e+01
  ],
  ""type"": ""Point""
}","{
  ""coordinates"": [
    -83.094684395,
    42.446670292
  ],
  ""type"": ""Point""
}",-83.0946843949999,42.4466702920001
5182,1338706,FORDHAM,CHALMERS,2018-03-29,29,3,2018,16,5,97,9,,,0,,2,4,1,25,2,2,3,4,0,0,0,1,false,false,false,false,true,false,false,false,false,false,false,false,false,false,false,false,false,false,false,false,false,false,-82.97518,42.43431,"{
  ""coordinates"": [
    -8.297518409273890e+01,
    4.243430974892990e+01
  ],
  ""type"": ""Point""
}","{
  ""coordinates"": [
    -82.975184093,
    42.434309749
  ],
  ""type"": ""Point""
}",-82.9751840929999,42.4343097490001
5183,1337662,GRAND RIVER,SOUTHFIELD SERVICE DRIVE,2018-03-29,29,3,2018,14,5,97,3,,1,0,Concrete,2,4,1,35,3,2,2,5,0,0,0,0,true,false,false,false,true,false,false,false,false,false,false,false,false,false,false,false,false,false,false,false,false,false,-83.21808,42.40062,"{
  ""coordinates"": [
    -8.321807880627310e+01,
    4.240061544929040e+01
  ],
  ""type"": ""Point""
}","{
  ""coordinates"": [
    -83.218078806,
    42.400615449
  ],
  ""type"": ""Point""
}",-83.2180788059999,42.400615449
5184,1337647,I-75,MEADE,2018-03-29,29,3,2018,18,5,97,1,,1,0,Asphalt,2,4,1,70,4,2,3,4,0,0,0,1,false,false,false,false,false,false,false,false,false,false,false,false,false,false,false,false,false,false,false,false,false,false,-83.07395,42.40523,"{
  ""coordinates"": [
    -8.307394907345351e+01,
    4.240523213374220e+01
  ],
  ""type"": ""Point""
}","{
  ""coordinates"": [
    -83.073949073,
    42.405232134
  ],
  ""type"": ""Point""
}",-83.0739490729999,42.4052321340001
5185,1423065,SCHOENHERR,BRINGARD,2018-03-29,29,3,2018,1,5,4,9,,4,0,Asphalt,1,1,4,25,4,2,1,5,0,0,0,0,true,false,false,false,true,false,false,false,false,false,false,true,false,false,false,false,false,false,false,false,false,false,-82.98554,42.44603,"{
  ""coordinates"": [
    -8.298554460966760e+01,
    4.244603368242150e+01
  ],
  ""type"": ""Point""
}","{
  ""coordinates"": [
    -82.98554461,
    42.446033682
  ],
  ""type"": ""Point""
}",-82.98554461,42.4460336820001
5186,1338650,TRUMBULL,MICHIGAN,2018-03-29,29,3,2018,6,5,9,2,,4,0,Asphalt,2,4,4,30,5,2,1,5,0,0,0,0,true,false,false,false,true,false,false,false,false,false,false,false,false,false,false,false,false,false,false,false,false,false,-83.067,42.33152,"{
  ""coordinates"": [
    -8.306699909054301e+01,
    4.233151680450170e+01
  ],
  ""type"": ""Point""
}","{
  ""coordinates"": [
    -83.066999091,
    42.331516805
  ],
  ""type"": ""Point""
}",-83.066999091,42.331516805
5187,1348022,RAMP 216H,RAMP 216F,2018-03-29,29,3,2018,17,5,8,1,,1,0,Concrete,2,4,1,55,1,2,2,5,0,0,0,0,true,false,false,false,true,false,false,false,false,false,false,false,false,false,false,true,false,false,false,false,false,false,-83.05906,42.36832,"{
  ""coordinates"": [
    -8.305905936673790e+01,
    4.236831791670320e+01
  ],
  ""type"": ""Point""
}","{
  ""coordinates"": [
    -83.059059367,
    42.368317917
  ],
  ""type"": ""Point""
}",-83.059059367,42.3683179170001
5188,1338659,FORT,OAKWOOD,2018-03-29,29,3,2018,0,5,5,3,,1,0,Asphalt,1,1,4,35,4,2,1,4,0,0,0,1,false,false,false,false,true,false,false,false,false,false,false,false,false,false,false,false,false,false,false,false,false,false,-83.14359,42.29086,"{
  ""coordinates"": [
    -8.314358857663950e+01,
    4.229085744522550e+01
  ],
  ""type"": ""Point""
}","{
  ""coordinates"": [
    -83.143588577,
    42.290857445
  ],
  ""type"": ""Point""
}",-83.1435885769999,42.290857445
5189,1339537,I-75,VERNOR,2018-03-29,29,3,2018,17,5,5,1,,1,0,Concrete,2,4,1,55,2,2,1,5,0,0,0,0,true,false,false,false,false,false,false,false,false,false,false,false,false,false,false,false,false,false,false,false,false,false,-83.12724,42.29433,"{
  ""coordinates"": [
    -8.312724329868379e+01,
    4.229432903354230e+01
  ],
  ""type"": ""Point""
}","{
  ""coordinates"": [
    -83.127243299,
    42.294329034
  ],
  ""type"": ""Point""
}",-83.127243299,42.294329034
5190,1338662,VISGAR,ELECTRIC,2018-03-29,29,3,2018,18,5,5,9,,4,0,Concrete,2,4,3,25,2,2,3,5,0,0,0,0,true,false,false,false,false,false,false,false,false,false,false,false,false,false,true,false,false,false,false,false,false,false,-83.15936,42.26736,"{
  ""coordinates"": [
    -8.315936536313070e+01,
    4.226736373726360e+01
  ],
  ""type"": ""Point""
}","{
  ""coordinates"": [
    -83.159365363,
    42.267363737
  ],
  ""type"": ""Point""
}",-83.1593653629999,42.267363737
5191,1339538,RAMP 215F,N M 10,2018-03-29,29,3,2018,12,5,1,1,,1,1,Concrete,2,4,1,55,1,1,1,5,0,0,0,0,true,false,false,false,false,false,false,false,false,true,false,false,false,false,true,false,false,false,false,false,false,false,-83.07594,42.35999,"{
  ""coordinates"": [
    -8.307594232960621e+01,
    4.235999367379400e+01
  ],
  ""type"": ""Point""
}","{
  ""coordinates"": [
    -83.07594233,
    42.359993674
  ],
  ""type"": ""Point""
}",-83.07594233,42.3599936740001
5192,1337658,EXIT 190B,WARREN,2018-03-29,29,3,2018,10,5,1,1,,1,1,Concrete,2,4,1,25,1,1,2,5,0,0,0,0,true,false,false,false,false,false,false,false,false,true,false,false,false,false,false,false,false,false,false,false,false,false,-83.09628,42.34593,"{
  ""coordinates"": [
    -8.309628583389870e+01,
    4.234593006241750e+01
  ],
  ""type"": ""Point""
}","{
  ""coordinates"": [
    -83.096285834,
    42.345930062
  ],
  ""type"": ""Point""
}",-83.096285834,42.345930062
5193,1339561,S I 75,TRUMBULL,2018-03-29,29,3,2018,15,5,97,1,,1,0,Concrete,2,4,1,55,3,2,3,5,0,0,0,0,true,false,false,false,false,false,false,false,false,true,false,false,false,false,true,false,false,false,false,false,false,false,-83.06861,42.33449,"{
  ""coordinates"": [
    -8.306861137766190e+01,
    4.233448829732140e+01
  ],
  ""type"": ""Point""
}","{
  ""coordinates"": [
    -83.068611378,
    42.334488297
  ],
  ""type"": ""Point""
}",-83.068611378,42.3344882970001
5194,1447014,MANSFIELD,ELMIRA,2018-03-29,29,3,2018,15,5,4,9,,,0,,2,4,1,25,2,2,0,5,0,0,0,0,true,false,false,false,false,false,false,false,false,false,false,false,false,false,false,false,false,false,false,false,false,false,-83.20345,42.36961,"{
  ""coordinates"": [
    -8.320345531947321e+01,
    4.236961407860900e+01
  ],
  ""type"": ""Point""
}","{
  ""coordinates"": [
    -83.203455319,
    42.369614079
  ],
  ""type"": ""Point""
}",-83.2034553189999,42.369614079
5195,1337657,GRAND,MELROSE,2018-03-29,29,3,2018,20,5,1,9,,4,1,Asphalt,2,4,5,30,1,1,1,5,0,0,0,0,true,false,true,false,false,false,false,false,false,false,false,false,false,false,false,true,false,false,false,false,false,false,-83.06319,42.37411,"{
  ""coordinates"": [
    -8.306318383073670e+01,
    4.237411311447730e+01
  ],
  ""type"": ""Point""
}","{
  ""coordinates"": [
    -83.063183831,
    42.374113114
  ],
  ""type"": ""Point""
}",-83.0631838309999,42.3741131140001
5196,1639823,ALTER,RIVERSIDE,2018-03-29,29,3,2018,4,5,1,9,,4,1,Asphalt,2,4,4,15,2,1,1,5,0,0,0,0,true,false,false,false,false,false,false,false,false,false,false,false,false,false,true,false,false,false,false,false,false,false,-82.92996,42.36038,"{
  ""coordinates"": [
    -8.292996472874751e+01,
    4.236037951420440e+01
  ],
  ""type"": ""Point""
}","{
  ""coordinates"": [
    -82.929964729,
    42.360379514
  ],
  ""type"": ""Point""
}",-82.9299647289999,42.360379514
5197,1337639,I-94,BEAUBIEN,2018-03-29,29,3,2018,5,5,5,1,,1,0,Asphalt,2,4,4,55,3,2,1,5,0,0,0,0,true,false,false,false,true,false,false,false,false,false,false,false,false,true,false,false,false,false,false,false,false,false,-83.06319,42.36628,"{
  ""coordinates"": [
    -8.306318438695070e+01,
    4.236627947419100e+01
  ],
  ""type"": ""Point""
}","{
  ""coordinates"": [
    -83.063184387,
    42.366279474
  ],
  ""type"": ""Point""
}",-83.063184387,42.3662794740001
5198,1368644,IDAHO,PURITAN,2018-03-29,29,3,2018,15,5,97,9,,,3,,1,98,1,25,4,2,0,5,0,0,0,0,true,false,false,false,false,false,false,false,false,false,false,true,false,false,false,false,false,false,false,false,false,false,-83.11749,42.40984,"{
  ""coordinates"": [
    -8.311749053180280e+01,
    4.240983690975970e+01
  ],
  ""type"": ""Point""
}","{
  ""coordinates"": [
    -83.117490532,
    42.40983691
  ],
  ""type"": ""Point""
}",-83.117490532,42.4098369100001
5199,1339549,I-94,WARREN,2018-03-29,29,3,2018,15,5,5,1,,1,0,Asphalt,2,4,1,55,3,2,5,5,0,0,0,0,true,false,false,false,false,false,false,false,false,false,false,false,false,false,true,false,false,false,false,false,false,false,-83.12731,42.33635,"{
  ""coordinates"": [
    -8.312731551118520e+01,
    4.233635242434320e+01
  ],
  ""type"": ""Point""
}","{
  ""coordinates"": [
    -83.127315511,
    42.336352424
  ],
  ""type"": ""Point""
}",-83.1273155109999,42.336352424
5200,1337667,MCNICHOLS,HARLOW,2018-03-29,29,3,2018,13,5,8,9,,2,0,Asphalt,2,1,1,35,6,3,5,3,0,0,1,1,false,false,false,false,true,false,false,false,false,false,false,false,false,false,false,false,false,false,false,false,false,false,-83.21561,42.41562,"{
  ""coordinates"": [
    -8.321560302613111e+01,
    4.241562168391520e+01
  ],
  ""type"": ""Point""
}","{
  ""coordinates"": [
    -83.215603026,
    42.415621684
  ],
  ""type"": ""Point""
}",-83.2156030259999,42.415621684
5201,1337640,RAMP 008B,N M 39,2018-03-29,29,3,2018,19,5,1,1,,1,1,Concrete,2,4,1,55,2,1,1,3,0,0,1,0,false,false,false,false,false,false,false,false,false,true,false,false,false,false,false,false,false,false,false,false,false,false,-83.21658,42.37592,"{
  ""coordinates"": [
    -8.321657923871480e+01,
    4.237591807730810e+01
  ],
  ""type"": ""Point""
}","{
  ""coordinates"": [
    -83.216579239,
    42.375918077
  ],
  ""type"": ""Point""
}",-83.2165792389999,42.3759180770001
5202,1338670,DAVISON,DEXTER,2018-03-29,29,3,2018,20,5,5,3,,1,0,Asphalt,2,4,4,25,3,2,1,5,0,0,0,0,true,false,false,false,true,false,false,false,false,false,false,false,false,false,false,false,false,false,false,false,false,false,-83.13095,42.38971,"{
  ""coordinates"": [
    -8.313095468315170e+01,
    4.238971145031740e+01
  ],
  ""type"": ""Point""
}","{
  ""coordinates"": [
    -83.130954683,
    42.38971145
  ],
  ""type"": ""Point""
}",-83.130954683,42.38971145
5203,1597577,TELEGRAPH,GRAND RIVER,2018-03-28,28,3,2018,13,4,97,2,,1,0,Asphalt,1,1,1,45,3,3,2,5,0,0,0,0,true,false,false,false,true,false,false,false,false,false,true,false,false,false,false,false,false,false,false,false,false,false,-83.27737,42.42419,"{
  ""coordinates"": [
    -8.327736461621350e+01,
    4.242419179599560e+01
  ],
  ""type"": ""Point""
}","{
  ""coordinates"": [
    -83.277364616,
    42.424191796
  ],
  ""type"": ""Point""
}",-83.2773646159999,42.4241917960001
5204,1337681,SECOND,WARREN,2018-03-28,28,3,2018,19,4,5,9,,4,0,Asphalt,1,1,1,40,2,2,2,5,0,0,0,0,true,false,false,false,false,false,false,false,false,false,false,false,false,false,false,false,false,false,false,false,false,false,-83.06873,42.35494,"{
  ""coordinates"": [
    -8.306872366437359e+01,
    4.235493979321390e+01
  ],
  ""type"": ""Point""
}","{
  ""coordinates"": [
    -83.068723664,
    42.354939793
  ],
  ""type"": ""Point""
}",-83.0687236639999,42.354939793
5205,1338732,NORFOLK,LIVERNOIS,2018-03-28,28,3,2018,15,4,4,9,,,0,,1,1,1,25,2,2,2,5,0,0,0,0,true,false,false,false,true,false,false,false,false,false,false,false,false,false,false,false,false,false,false,false,false,false,-83.14182,42.4437,"{
  ""coordinates"": [
    -8.314181771497729e+01,
    4.244369498601120e+01
  ],
  ""type"": ""Point""
}","{
  ""coordinates"": [
    -83.141817715,
    42.443694986
  ],
  ""type"": ""Point""
}",-83.1418177149999,42.443694986
5206,1340245,BERKSHIRE,WARREN,2018-03-28,28,3,2018,18,4,4,9,,,0,,1,1,1,30,2,2,0,5,0,0,0,0,true,false,false,false,true,false,false,false,false,false,false,false,false,false,false,false,false,false,false,false,false,false,-82.94477,42.40061,"{
  ""coordinates"": [
    -8.294477139721950e+01,
    4.240060980495110e+01
  ],
  ""type"": ""Point""
}","{
  ""coordinates"": [
    -82.944771397,
    42.400609805
  ],
  ""type"": ""Point""
}",-82.944771397,42.400609805
5207,1340994,WILLIS,CASS,2018-03-28,28,3,2018,17,4,8,9,,,0,,1,1,1,25,2,2,0,5,0,0,0,0,true,false,false,false,true,false,false,false,false,false,false,false,false,false,false,false,false,false,false,false,false,false,-83.06255,42.3509,"{
  ""coordinates"": [
    -8.306254835955700e+01,
    4.235090328223680e+01
  ],
  ""type"": ""Point""
}","{
  ""coordinates"": [
    -83.06254836,
    42.350903282
  ],
  ""type"": ""Point""
}",-83.0625483599999,42.350903282
5208,1421201,E M 1 SERVICE DRIVE,8 MILE,2018-03-28,28,3,2018,23,4,8,3,,1,0,Asphalt,1,1,2,45,4,2,1,5,0,0,0,0,true,false,false,false,false,false,false,false,false,false,false,false,false,true,false,false,false,false,false,false,false,false,-83.12527,42.44647,"{
  ""coordinates"": [
    -8.312526505705080e+01,
    4.244647129368910e+01
  ],
  ""type"": ""Point""
}","{
  ""coordinates"": [
    -83.125265057,
    42.446471294
  ],
  ""type"": ""Point""
}",-83.125265057,42.446471294
5209,1361397,N I 75 SERVICE DRIVE,WABASH,2018-03-28,28,3,2018,9,4,8,9,,4,0,Asphalt,1,1,1,30,2,2,1,5,0,0,0,0,true,false,false,false,false,false,false,false,false,false,false,false,false,false,false,false,false,false,false,false,false,false,-83.07539,42.33199,"{
  ""coordinates"": [
    -8.307539124582550e+01,
    4.233199092800610e+01
  ],
  ""type"": ""Point""
}","{
  ""coordinates"": [
    -83.075391246,
    42.331990928
  ],
  ""type"": ""Point""
}",-83.075391246,42.331990928
5210,1338665,MICHIGAN,ADDISON,2018-03-28,28,3,2018,18,4,8,2,,1,0,Asphalt,1,2,1,35,4,2,1,5,0,0,0,0,true,false,false,false,true,false,false,false,false,false,false,false,false,false,false,false,false,false,false,false,false,false,-83.15073,42.32945,"{
  ""coordinates"": [
    -8.315073180025919e+01,
    4.232945377852460e+01
  ],
  ""type"": ""Point""
}","{
  ""coordinates"": [
    -83.1507318,
    42.329453779
  ],
  ""type"": ""Point""
}",-83.1507318,42.3294537790001
5211,1340248,ST JEAN,CANFIELD,2018-03-28,28,3,2018,19,4,5,9,,,0,,1,1,1,35,2,2,4,5,0,0,0,0,true,false,false,false,false,false,false,false,false,false,false,false,false,false,false,false,false,false,false,false,false,false,-82.98124,42.38329,"{
  ""coordinates"": [
    -8.298123974440060e+01,
    4.238328912349380e+01
  ],
  ""type"": ""Point""
}","{
  ""coordinates"": [
    -82.981239744,
    42.383289123
  ],
  ""type"": ""Point""
}",-82.9812397439999,42.3832891230001
5212,1338702,ROXBURY,COURVILLE,2018-03-28,28,3,2018,17,4,8,9,,,0,,1,1,1,25,2,2,2,5,0,0,0,0,true,false,false,false,true,false,false,false,false,false,false,false,false,false,false,false,false,false,false,false,false,false,-82.95475,42.41498,"{
  ""coordinates"": [
    -8.295474799545050e+01,
    4.241498246489020e+01
  ],
  ""type"": ""Point""
}","{
  ""coordinates"": [
    -82.954747995,
    42.414982465
  ],
  ""type"": ""Point""
}",-82.9547479949999,42.414982465
5213,1336904,OUTER,SCHOOLCRAFT,2018-03-28,28,3,2018,12,4,97,9,,2,0,Concrete,1,1,1,35,3,2,3,5,0,0,0,0,true,false,false,false,false,false,false,false,false,false,true,false,false,false,true,true,false,false,false,false,false,false,-83.25618,42.38596,"{
  ""coordinates"": [
    -8.325618348495171e+01,
    4.238595465459030e+01
  ],
  ""type"": ""Point""
}","{
  ""coordinates"": [
    -83.256183485,
    42.385954655
  ],
  ""type"": ""Point""
}",-83.256183485,42.385954655
5214,1340231,M-39,SCHOOLCRAFT,2018-03-28,28,3,2018,18,4,5,3,,1,0,Asphalt,1,2,1,55,3,3,2,5,0,0,0,0,true,false,false,false,true,false,false,false,false,false,false,false,false,false,false,false,false,false,false,false,false,false,-83.21777,42.38781,"{
  ""coordinates"": [
    -8.321777206814809e+01,
    4.238780752250310e+01
  ],
  ""type"": ""Point""
}","{
  ""coordinates"": [
    -83.217772068,
    42.387807523
  ],
  ""type"": ""Point""
}",-83.217772068,42.387807523
5215,1336896,N I 75,RAMP 045B,2018-03-28,28,3,2018,8,4,8,1,,1,0,Asphalt,1,1,1,55,3,2,2,5,0,0,0,0,true,false,false,false,true,false,false,false,false,false,false,false,false,false,true,false,false,false,false,false,false,false,-83.06509,42.38211,"{
  ""coordinates"": [
    -8.306508912612330e+01,
    4.238210911838170e+01
  ],
  ""type"": ""Point""
}","{
  ""coordinates"": [
    -83.065089126,
    42.382109118
  ],
  ""type"": ""Point""
}",-83.065089126,42.3821091180001
5216,1336899,AMHERST,CAMPBELL,2018-03-28,28,3,2018,15,4,4,9,,,0,,1,1,1,25,2,2,1,5,0,0,0,0,true,false,false,false,true,false,false,false,false,false,false,false,false,false,false,false,false,false,false,false,false,false,-83.09991,42.31154,"{
  ""coordinates"": [
    -8.309991282741950e+01,
    4.231153796934340e+01
  ],
  ""type"": ""Point""
}","{
  ""coordinates"": [
    -83.099912827,
    42.311537969
  ],
  ""type"": ""Point""
}",-83.099912827,42.311537969
5217,1339565,I-94,WOODWARD,2018-03-28,28,3,2018,16,4,5,1,,1,0,Asphalt,1,1,1,55,3,2,2,5,0,0,0,0,true,false,false,false,false,false,false,false,false,false,false,false,false,false,false,false,false,false,false,false,false,false,-83.06479,42.36568,"{
  ""coordinates"": [
    -8.306479244156149e+01,
    4.236568412936900e+01
  ],
  ""type"": ""Point""
}","{
  ""coordinates"": [
    -83.064792442,
    42.365684129
  ],
  ""type"": ""Point""
}",-83.0647924419999,42.365684129
5218,1336895,GRAND,ROSA PARKS,2018-03-28,28,3,2018,9,4,5,9,,4,0,Asphalt,1,1,1,30,2,2,2,5,0,0,0,0,true,false,false,false,true,false,false,false,false,false,false,false,false,false,false,false,false,false,false,false,false,false,-83.091,42.36362,"{
  ""coordinates"": [
    -8.309100415926810e+01,
    4.236361792143790e+01
  ],
  ""type"": ""Point""
}","{
  ""coordinates"": [
    -83.091004159,
    42.363617921
  ],
  ""type"": ""Point""
}",-83.091004159,42.3636179210001
5219,1336906,BRAILE,CONSTANCE,2018-03-28,28,3,2018,7,4,4,9,,,0,,1,2,1,25,1,2,6,2,0,1,1,0,false,false,false,false,false,false,false,false,false,false,false,false,false,false,false,false,false,false,false,false,false,false,-83.24314,42.35393,"{
  ""coordinates"": [
    -8.324313864552020e+01,
    4.235392580645820e+01
  ],
  ""type"": ""Point""
}","{
  ""coordinates"": [
    -83.243138646,
    42.353925806
  ],
  ""type"": ""Point""
}",-83.243138646,42.3539258060001
5220,1335977,S M 10,LIVERNOIS,2018-03-28,28,3,2018,7,4,5,3,,1,0,Concrete,1,2,2,55,3,2,4,5,0,0,0,0,true,false,false,false,false,false,false,false,false,false,false,false,false,false,false,false,false,false,false,false,false,false,-83.14016,42.40481,"{
  ""coordinates"": [
    -8.314015662607440e+01,
    4.240480985329960e+01
  ],
  ""type"": ""Point""
}","{
  ""coordinates"": [
    -83.140156626,
    42.404809853
  ],
  ""type"": ""Point""
}",-83.140156626,42.4048098530001
5221,1336897,GLINNAN,I 75 SERVICE,2018-03-28,28,3,2018,21,4,10,9,,,0,,1,1,4,25,1,2,1,5,0,0,0,0,true,false,false,false,false,false,false,false,false,false,false,false,false,false,false,false,false,false,false,false,false,false,-83.11898,42.30268,"{
  ""coordinates"": [
    -8.311897960847460e+01,
    4.230267826623100e+01
  ],
  ""type"": ""Point""
}","{
  ""coordinates"": [
    -83.118979608,
    42.302678266
  ],
  ""type"": ""Point""
}",-83.118979608,42.302678266
5222,1343821,S/B M-39,GRAND RIVER,2018-03-28,28,3,2018,8,4,5,3,,1,0,Asphalt,1,2,1,55,3,3,2,5,0,0,0,0,true,false,false,false,true,false,false,false,false,true,false,false,false,false,true,true,false,false,false,false,false,false,-83.21843,42.40436,"{
  ""coordinates"": [
    -8.321842956837800e+01,
    4.240436169174100e+01
  ],
  ""type"": ""Point""
}","{
  ""coordinates"": [
    -83.218429568,
    42.404361692
  ],
  ""type"": ""Point""
}",-83.218429568,42.4043616920001
5223,1336909,GRAND,KERCHEVAL,2018-03-28,28,3,2018,13,4,5,9,,4,0,Asphalt,1,1,1,,3,2,0,5,0,0,0,0,true,false,false,false,true,false,false,false,false,false,false,false,false,false,false,false,false,false,false,false,false,false,-83.00738,42.35547,"{
  ""coordinates"": [
    -8.300737509269010e+01,
    4.235547091541570e+01
  ],
  ""type"": ""Point""
}","{
  ""coordinates"": [
    -83.007375093,
    42.355470915
  ],
  ""type"": ""Point""
}",-83.007375093,42.3554709150001
5224,1337654,AMERICAN,JOY,2018-03-28,28,3,2018,13,4,2,9,,,2,,1,1,1,25,2,2,0,5,0,0,0,0,true,false,false,false,true,false,false,false,false,false,false,false,false,false,false,false,false,false,false,false,false,false,-83.14419,42.35649,"{
  ""coordinates"": [
    -8.314418519701670e+01,
    4.235649382099360e+01
  ],
  ""type"": ""Point""
}","{
  ""coordinates"": [
    -83.144185197,
    42.356493821
  ],
  ""type"": ""Point""
}",-83.144185197,42.3564938210001
5225,1336917,8 MILE,SPENCER,2018-03-28,28,3,2018,14,4,4,3,,1,0,Asphalt,1,1,1,45,4,2,2,3,0,0,1,0,false,false,false,false,false,false,false,false,false,false,false,false,false,false,false,true,false,false,false,false,false,false,-83.02747,42.4481,"{
  ""coordinates"": [
    -8.302746440135731e+01,
    4.244809758892510e+01
  ],
  ""type"": ""Point""
}","{
  ""coordinates"": [
    -83.027464401,
    42.448097589
  ],
  ""type"": ""Point""
}",-83.027464401,42.448097589
5226,1336894,M-10,EDSEL FORD,2018-03-28,28,3,2018,11,4,8,3,,1,0,Concrete,1,2,1,55,3,2,1,5,0,0,0,0,true,false,false,false,false,false,false,false,true,false,false,false,false,true,false,true,false,false,false,false,false,false,-83.07622,42.35825,"{
  ""coordinates"": [
    -8.307621715727190e+01,
    4.235825145045780e+01
  ],
  ""type"": ""Point""
}","{
  ""coordinates"": [
    -83.076217157,
    42.35825145
  ],
  ""type"": ""Point""
}",-83.076217157,42.3582514500001
5227,1336907,JOY,COYLE,2018-03-28,28,3,2018,15,4,5,9,,4,0,Asphalt,1,2,1,35,4,2,2,5,0,0,0,0,true,false,false,false,false,false,false,false,false,false,false,false,false,true,false,false,false,false,false,false,false,false,-83.19269,42.35822,"{
  ""coordinates"": [
    -8.319268842856710e+01,
    4.235822350357470e+01
  ],
  ""type"": ""Point""
}","{
  ""coordinates"": [
    -83.192688429,
    42.358223504
  ],
  ""type"": ""Point""
}",-83.192688429,42.3582235040001
5228,1336913,MCNICHOLS,HARLOW,2018-03-28,28,3,2018,17,4,4,9,,2,0,Asphalt,1,1,1,35,4,2,4,5,0,0,0,0,true,false,false,false,false,false,false,false,false,false,false,false,false,false,false,false,false,false,false,false,false,false,-83.21558,42.41562,"{
  ""coordinates"": [
    -8.321557430441629e+01,
    4.241562234642880e+01
  ],
  ""type"": ""Point""
}","{
  ""coordinates"": [
    -83.215574304,
    42.415622346
  ],
  ""type"": ""Point""
}",-83.215574304,42.4156223460001
5229,1336915,HAYES,HOUSTON WHITTIER,2018-03-28,28,3,2018,8,4,8,9,,4,0,Asphalt,1,1,1,30,2,2,1,5,0,0,0,0,true,false,false,false,true,false,false,false,false,false,false,false,false,false,false,false,false,false,false,false,false,false,-82.96503,42.42064,"{
  ""coordinates"": [
    -8.296503067697461e+01,
    4.242064187801290e+01
  ],
  ""type"": ""Point""
}","{
  ""coordinates"": [
    -82.965030677,
    42.420641878
  ],
  ""type"": ""Point""
}",-82.965030677,42.420641878
5230,1336901,JEFFERSON,BRENNAN,2018-03-28,28,3,2018,10,4,1,9,,2,0,Asphalt,1,2,1,35,4,1,1,5,0,0,0,0,true,false,false,false,false,false,false,false,false,false,false,false,false,false,false,false,false,false,false,false,false,false,-83.12785,42.28167,"{
  ""coordinates"": [
    -8.312785656581551e+01,
    4.228166684772910e+01
  ],
  ""type"": ""Point""
}","{
  ""coordinates"": [
    -83.127856566,
    42.281666848
  ],
  ""type"": ""Point""
}",-83.1278565659999,42.281666848
5231,1337677,7 MILE,WYOMING,2018-03-28,28,3,2018,16,4,5,9,,2,0,Asphalt,1,1,1,30,5,2,3,5,0,0,0,0,true,false,false,false,false,false,false,false,false,false,false,false,false,false,false,false,true,false,false,false,false,false,-83.16099,42.43135,"{
  ""coordinates"": [
    -8.316098439759490e+01,
    4.243134696655210e+01
  ],
  ""type"": ""Point""
}","{
  ""coordinates"": [
    -83.160984398,
    42.431346967
  ],
  ""type"": ""Point""
}",-83.160984398,42.431346967