ObjectId,Crash ID,Primary Road,Intersecting Road,Crash Date,Day,Month,Year,Hour,Weekday,Crash Type Code,Highway Classification Code,Community Code,Jurisdiction Code,Lane Departure Type Code,Surface Type,Road Condition,Weather Condition,Lighting Condition,Speed Limit,Lanes,Units,Occupants,Most Severe Injury,Fatal Injuries,Suspected Serious Injuries,Suspected Minor Injuries,Possible Injuries,Property Damage Only,Secondary Crash,Traffic Control,Red Light Run,Hit and Run,Alcohol,Drugs,Unbelted Person,Work Zone,Speeding Driver,Distracted Driver,Driveway,Pedestrian,Elderly Driver,Young Driver,Commercial Vehicle,Emergency Vehicles,Train,School Bus,Motorcycle,Bicycle,Deer,Longitude,Latitude,geom,geog,x,y
5286,1336003,MAXWELL,PALMER,2018-03-27,27,3,2018,14,3,8,9,,,0,,1,1,1,25,1,2,2,5,0,0,0,0,true,false,false,false,true,false,false,false,false,false,false,false,false,false,false,false,false,false,false,false,false,false,-83.01426,42.38174,"{
  ""coordinates"": [
    -8.301425677267960e+01,
    4.238173761649490e+01
  ],
  ""type"": ""Point""
}","{
  ""coordinates"": [
    -83.014256773,
    42.381737616
  ],
  ""type"": ""Point""
}",-83.0142567729999,42.3817376160001
5287,1343868,ETHEL,SCHAEFER,2018-03-27,27,3,2018,19,3,5,9,,,0,,2,4,2,,1,2,1,5,0,0,0,0,true,false,false,false,true,false,false,false,false,false,false,false,false,false,false,false,false,false,false,false,false,false,-83.14661,42.27544,"{
  ""coordinates"": [
    -8.314660557487950e+01,
    4.227543737468300e+01
  ],
  ""type"": ""Point""
}","{
  ""coordinates"": [
    -83.146605575,
    42.275437375
  ],
  ""type"": ""Point""
}",-83.146605575,42.2754373750001
5288,1342767,DAVISON,LINWOOD,2018-03-27,27,3,2018,15,3,5,3,,1,0,Asphalt,2,4,1,35,2,2,2,5,0,0,0,0,true,false,false,false,false,false,false,false,false,false,false,false,false,false,false,false,false,false,false,false,false,false,-83.12179,42.39311,"{
  ""coordinates"": [
    -8.312179176780189e+01,
    4.239310745791870e+01
  ],
  ""type"": ""Point""
}","{
  ""coordinates"": [
    -83.121791768,
    42.393107458
  ],
  ""type"": ""Point""
}",-83.121791768,42.393107458
5289,1347249,N M 10 SERVICE DRIVE,GRAND,2018-03-27,27,3,2018,12,3,5,3,,4,0,Asphalt,2,4,1,35,3,2,2,5,0,0,0,0,true,false,false,false,false,false,false,false,false,false,true,false,false,false,false,false,false,false,false,false,false,false,-83.08128,42.36697,"{
  ""coordinates"": [
    -8.308127562987870e+01,
    4.236696923268540e+01
  ],
  ""type"": ""Point""
}","{
  ""coordinates"": [
    -83.08127563,
    42.366969233
  ],
  ""type"": ""Point""
}",-83.0812756299999,42.3669692330001
5290,1335995,TOLEDO,CAMPBELL,2018-03-27,27,3,2018,17,3,4,9,,4,0,Asphalt,2,2,1,25,2,2,3,5,0,0,0,0,true,false,false,false,true,false,false,false,false,false,false,false,false,true,false,false,false,false,false,false,false,false,-83.10602,42.32014,"{
  ""coordinates"": [
    -8.310601848412141e+01,
    4.232014334891350e+01
  ],
  ""type"": ""Point""
}","{
  ""coordinates"": [
    -83.106018484,
    42.320143349
  ],
  ""type"": ""Point""
}",-83.1060184839999,42.320143349
5291,1335963,4037 FAIRVIEW,MACK,2018-03-27,27,3,2018,14,3,10,9,,,0,,2,4,1,25,1,2,2,5,0,0,0,0,true,false,false,false,false,false,false,false,false,false,false,true,false,false,true,false,true,false,false,false,false,false,-82.9819,42.37798,"{
  ""coordinates"": [
    -8.298189524438590e+01,
    4.237798387683900e+01
  ],
  ""type"": ""Point""
}","{
  ""coordinates"": [
    -82.981895244,
    42.377983877
  ],
  ""type"": ""Point""
}",-82.981895244,42.3779838770001
5292,1349201,WARREN,LAWTON,2018-03-27,27,3,2018,18,3,1,9,,4,0,Asphalt,2,2,1,35,2,1,1,2,0,1,0,0,false,false,false,false,false,false,false,false,false,true,false,false,false,false,false,false,false,false,false,false,false,false,-83.0945,42.34708,"{
  ""coordinates"": [
    -8.309449448316640e+01,
    4.234708066054320e+01
  ],
  ""type"": ""Point""
}","{
  ""coordinates"": [
    -83.094494483,
    42.347080661
  ],
  ""type"": ""Point""
}",-83.0944944829999,42.3470806610001
5293,1336011,MCNICHOLS,ARCHDALE,2018-03-27,27,3,2018,14,3,5,9,,2,0,Asphalt,2,2,1,30,6,2,2,5,0,0,0,0,true,false,false,false,false,false,false,false,false,false,true,false,false,false,false,false,false,false,false,false,false,false,-83.2167,42.4156,"{
  ""coordinates"": [
    -8.321669668289189e+01,
    4.241559881617620e+01
  ],
  ""type"": ""Point""
}","{
  ""coordinates"": [
    -83.216696683,
    42.415598816
  ],
  ""type"": ""Point""
}",-83.216696683,42.4155988160001
5294,1335999,JOY,ROSEMONT,2018-03-27,27,3,2018,19,3,8,9,,2,0,Asphalt,2,1,3,35,4,2,3,5,0,0,0,0,true,false,false,false,true,false,false,false,false,false,false,false,false,false,false,false,false,false,false,false,false,false,-83.21863,42.35781,"{
  ""coordinates"": [
    -8.321862486151490e+01,
    4.235781487866760e+01
  ],
  ""type"": ""Point""
}","{
  ""coordinates"": [
    -83.218624862,
    42.357814879
  ],
  ""type"": ""Point""
}",-83.218624862,42.357814879
5295,1336028,PURITAN,STEEL,2018-03-27,27,3,2018,16,3,98,9,,4,0,Asphalt,98,1,1,35,2,2,0,5,0,0,0,0,true,false,false,false,true,false,false,true,false,false,true,false,false,false,false,false,false,false,false,false,false,false,-83.17205,42.40949,"{
  ""coordinates"": [
    -8.317204970425919e+01,
    4.240949352974860e+01
  ],
  ""type"": ""Point""
}","{
  ""coordinates"": [
    -83.172049704,
    42.40949353
  ],
  ""type"": ""Point""
}",-83.172049704,42.4094935300001
5296,1338621,S M 39,PEMBROKE,2018-03-27,27,3,2018,8,3,8,3,,1,0,Concrete,2,4,1,55,3,2,2,5,0,0,0,0,true,false,false,false,false,false,false,false,false,false,false,false,false,true,false,false,false,false,false,false,false,false,-83.21973,42.43715,"{
  ""coordinates"": [
    -8.321972436844210e+01,
    4.243715362082460e+01
  ],
  ""type"": ""Point""
}","{
  ""coordinates"": [
    -83.219724368,
    42.437153621
  ],
  ""type"": ""Point""
}",-83.219724368,42.437153621
5297,1336000,EVERGREEN,MIDLAND,2018-03-27,27,3,2018,16,3,5,9,,4,0,Asphalt,2,4,1,35,5,2,4,5,0,0,0,0,true,false,false,false,true,false,false,false,false,false,false,false,false,false,false,false,false,false,false,false,false,false,-83.23759,42.40429,"{
  ""coordinates"": [
    -8.323758783598331e+01,
    4.240429051438530e+01
  ],
  ""type"": ""Point""
}","{
  ""coordinates"": [
    -83.237587836,
    42.404290514
  ],
  ""type"": ""Point""
}",-83.237587836,42.404290514
5298,1349218,W I 94,N M 10,2018-03-27,27,3,2018,15,3,5,1,,1,0,Asphalt,2,4,1,55,3,2,3,5,0,0,0,0,true,false,false,false,false,false,false,false,false,false,false,false,false,false,false,false,false,false,false,false,false,false,-83.07635,42.35945,"{
  ""coordinates"": [
    -8.307635878698990e+01,
    4.235944711671340e+01
  ],
  ""type"": ""Point""
}","{
  ""coordinates"": [
    -83.076358787,
    42.359447117
  ],
  ""type"": ""Point""
}",-83.0763587869999,42.3594471170001
5299,1336004,VERNOR,CHENE,2018-03-27,27,3,2018,17,3,2,9,,4,0,Asphalt,2,1,3,30,4,2,1,5,0,0,0,0,true,false,false,false,true,false,false,false,false,false,false,false,false,false,false,false,false,false,false,false,false,false,-83.03031,42.34986,"{
  ""coordinates"": [
    -8.303031108957600e+01,
    4.234986639884880e+01
  ],
  ""type"": ""Point""
}","{
  ""coordinates"": [
    -83.03031109,
    42.349866399
  ],
  ""type"": ""Point""
}",-83.0303110899999,42.3498663990001
5300,1337642,E M 8,RAMP 139C,2018-03-27,27,3,2018,14,3,8,3,,1,0,Concrete,2,2,1,55,3,2,2,4,0,0,0,1,false,false,false,false,false,false,false,false,false,true,false,false,false,false,true,false,false,false,false,false,false,false,-83.1467,42.38569,"{
  ""coordinates"": [
    -8.314669783734450e+01,
    4.238569308746970e+01
  ],
  ""type"": ""Point""
}","{
  ""coordinates"": [
    -83.146697837,
    42.385693087
  ],
  ""type"": ""Point""
}",-83.146697837,42.385693087
5301,1337650,W I 96 CD,E M 8,2018-03-27,27,3,2018,18,3,4,1,,1,0,Asphalt,2,2,1,55,3,2,3,3,0,0,1,1,false,false,false,false,false,false,false,false,false,true,false,false,false,false,false,false,false,false,false,false,false,false,-83.15056,42.38451,"{
  ""coordinates"": [
    -8.315056217509400e+01,
    4.238451032111300e+01
  ],
  ""type"": ""Point""
}","{
  ""coordinates"": [
    -83.150562175,
    42.384510321
  ],
  ""type"": ""Point""
}",-83.1505621749999,42.3845103210001
5302,1342778,LIVERNOIS,JOHN C LODGE SERVICE,2018-03-27,27,3,2018,14,3,5,9,,4,0,Asphalt,2,4,1,30,3,2,2,5,0,0,0,0,true,false,false,false,false,false,false,false,false,false,false,false,false,false,true,false,false,false,false,false,false,false,-83.14045,42.4054,"{
  ""coordinates"": [
    -8.314045300284990e+01,
    4.240540237933150e+01
  ],
  ""type"": ""Point""
}","{
  ""coordinates"": [
    -83.140453003,
    42.405402379
  ],
  ""type"": ""Point""
}",-83.1404530029999,42.4054023790001
5303,1337682,JOHN R,FERRY,2018-03-27,27,3,2018,16,3,4,9,,4,0,Asphalt,2,2,1,25,3,2,3,5,0,0,0,0,true,false,false,false,false,false,false,false,false,true,false,false,false,false,true,false,false,false,false,false,false,false,-83.06498,42.36193,"{
  ""coordinates"": [
    -8.306498295051770e+01,
    4.236193242128420e+01
  ],
  ""type"": ""Point""
}","{
  ""coordinates"": [
    -83.064982951,
    42.361932421
  ],
  ""type"": ""Point""
}",-83.064982951,42.3619324210001
5304,1335248,SOUTHFIELD SERVICE DRIVE,PLYMOUTH,2018-03-27,27,3,2018,8,3,5,9,,4,0,Asphalt,2,4,1,55,3,2,2,5,0,0,0,0,true,false,false,false,false,false,false,false,false,false,false,false,false,false,false,false,false,false,false,false,false,false,-83.21626,42.37226,"{
  ""coordinates"": [
    -8.321626535709390e+01,
    4.237226008352830e+01
  ],
  ""type"": ""Point""
}","{
  ""coordinates"": [
    -83.216265357,
    42.372260084
  ],
  ""type"": ""Point""
}",-83.2162653569999,42.3722600840001
5305,1338626,I-75,WARREN,2018-03-27,27,3,2018,15,3,5,1,,1,0,Asphalt,2,4,1,55,4,3,2,5,0,0,0,0,true,false,false,false,true,false,false,false,false,false,false,false,false,false,false,false,false,false,false,false,false,false,-83.05337,42.35954,"{
  ""coordinates"": [
    -8.305336717063599e+01,
    4.235953542482940e+01
  ],
  ""type"": ""Point""
}","{
  ""coordinates"": [
    -83.053367171,
    42.359535425
  ],
  ""type"": ""Point""
}",-83.0533671709999,42.359535425
5306,1338619,I94,MT ELLIOTT,2018-03-27,27,3,2018,6,3,5,1,,1,0,Asphalt,2,4,4,55,3,2,2,5,0,0,0,0,true,false,false,false,false,false,false,false,false,false,false,false,false,false,false,false,false,false,false,false,false,false,-83.03898,42.37715,"{
  ""coordinates"": [
    -8.303897505771670e+01,
    4.237714690856700e+01
  ],
  ""type"": ""Point""
}","{
  ""coordinates"": [
    -83.038975058,
    42.377146909
  ],
  ""type"": ""Point""
}",-83.0389750579999,42.377146909
5307,1337649,S M 10,LIVERNOIS,2018-03-27,27,3,2018,17,3,1,3,,1,1,Concrete,2,2,1,55,3,1,1,5,0,0,0,0,true,false,false,false,false,false,false,false,false,false,false,false,false,false,false,false,false,false,false,false,false,false,-83.14074,42.4048,"{
  ""coordinates"": [
    -8.314074303310549e+01,
    4.240480194184260e+01
  ],
  ""type"": ""Point""
}","{
  ""coordinates"": [
    -83.140743033,
    42.404801942
  ],
  ""type"": ""Point""
}",-83.140743033,42.4048019420001
5308,1336032,8 MILE,ORLEANS,2018-03-27,27,3,2018,13,3,5,3,,1,0,Asphalt,2,4,1,35,2,2,4,5,0,0,0,0,true,false,false,false,true,false,false,false,false,false,false,false,false,false,false,false,false,false,false,false,false,false,-83.0858,42.44696,"{
  ""coordinates"": [
    -8.308579703618000e+01,
    4.244696602813570e+01
  ],
  ""type"": ""Point""
}","{
  ""coordinates"": [
    -83.085797036,
    42.446966028
  ],
  ""type"": ""Point""
}",-83.085797036,42.4469660280001
5309,1341977,S M 10,RAMP 123A,2018-03-27,27,3,2018,8,3,8,3,,1,0,Asphalt,2,4,1,55,3,2,2,5,0,0,0,0,true,false,false,false,false,false,false,false,false,false,false,false,false,false,false,false,false,false,false,false,false,false,-83.05931,42.32949,"{
  ""coordinates"": [
    -8.305930738544311e+01,
    4.232949257732250e+01
  ],
  ""type"": ""Point""
}","{
  ""coordinates"": [
    -83.059307385,
    42.329492577
  ],
  ""type"": ""Point""
}",-83.059307385,42.3294925770001
5310,1337648,W I 96 CD,W M 8,2018-03-27,27,3,2018,14,3,1,1,,1,1,Asphalt,2,4,1,55,3,1,1,5,0,0,0,0,true,false,false,false,false,false,false,false,false,true,false,false,false,false,true,false,false,false,false,false,false,false,-83.15171,42.38508,"{
  ""coordinates"": [
    -8.315171370081320e+01,
    4.238508153131340e+01
  ],
  ""type"": ""Point""
}","{
  ""coordinates"": [
    -83.151713701,
    42.385081531
  ],
  ""type"": ""Point""
}",-83.1517137009999,42.385081531
5311,1336018,HARPER,BARRETT,2018-03-27,27,3,2018,20,3,1,9,,4,0,Asphalt,2,4,4,30,3,1,0,5,0,0,0,0,true,false,false,false,true,false,false,false,false,false,false,false,false,false,false,false,false,false,false,false,false,false,-82.98448,42.3988,"{
  ""coordinates"": [
    -8.298448503949720e+01,
    4.239879604738700e+01
  ],
  ""type"": ""Point""
}","{
  ""coordinates"": [
    -82.984485039,
    42.398796047
  ],
  ""type"": ""Point""
}",-82.9844850389999,42.3987960470001
5312,1338634,W I 94,RAMP 213C,2018-03-27,27,3,2018,15,3,5,1,,1,0,Asphalt,2,2,1,55,3,3,3,5,0,0,0,0,true,false,false,false,false,false,false,false,false,false,false,false,false,false,false,false,false,false,false,false,false,false,-83.10586,42.34811,"{
  ""coordinates"": [
    -8.310585588565201e+01,
    4.234811069060190e+01
  ],
  ""type"": ""Point""
}","{
  ""coordinates"": [
    -83.105855886,
    42.348110691
  ],
  ""type"": ""Point""
}",-83.105855886,42.348110691
5313,1347248,GRAND,POE,2018-03-27,27,3,2018,10,3,8,9,,4,0,Concrete,2,4,1,30,3,2,3,5,0,0,0,0,true,false,false,false,true,false,false,false,false,false,false,false,false,true,false,false,false,false,false,false,false,false,-83.08209,42.36709,"{
  ""coordinates"": [
    -8.308208863598151e+01,
    4.236708910146130e+01
  ],
  ""type"": ""Point""
}","{
  ""coordinates"": [
    -83.082088636,
    42.367089101
  ],
  ""type"": ""Point""
}",-83.082088636,42.367089101
5314,1338678,MACK,GRATIOT,2018-03-27,27,3,2018,16,3,5,9,,4,0,Asphalt,2,2,1,30,4,3,4,4,0,0,0,2,false,false,false,false,false,false,false,false,false,false,false,false,false,false,false,false,false,false,false,false,false,false,-83.02702,42.35933,"{
  ""coordinates"": [
    -8.302701975078290e+01,
    4.235932360841880e+01
  ],
  ""type"": ""Point""
}","{
  ""coordinates"": [
    -83.027019751,
    42.359323608
  ],
  ""type"": ""Point""
}",-83.027019751,42.3593236080001
5315,1338656,FORT,SCHAEFER,2018-03-27,27,3,2018,18,3,8,3,,1,0,Asphalt,1,1,1,45,5,3,3,5,0,0,0,0,true,false,false,false,false,false,false,false,false,false,false,false,false,true,false,false,false,false,false,false,false,false,-83.15474,42.27663,"{
  ""coordinates"": [
    -8.315474001196760e+01,
    4.227663445671010e+01
  ],
  ""type"": ""Point""
}","{
  ""coordinates"": [
    -83.154740012,
    42.276634457
  ],
  ""type"": ""Point""
}",-83.1547400119999,42.2766344570001
5316,1337643,S M 39,RAMP 008U,2018-03-27,27,3,2018,16,3,5,3,,1,0,Asphalt,2,2,1,55,3,2,5,4,0,0,0,3,false,false,false,false,false,false,false,false,false,false,false,false,false,false,false,false,false,false,false,false,false,false,-83.21664,42.36937,"{
  ""coordinates"": [
    -8.321664057065200e+01,
    4.236936715453480e+01
  ],
  ""type"": ""Point""
}","{
  ""coordinates"": [
    -83.216640571,
    42.369367155
  ],
  ""type"": ""Point""
}",-83.216640571,42.3693671550001
5317,1342014,7 MILE,GREENLAWN,2018-03-27,27,3,2018,15,3,2,9,,2,0,Asphalt,2,1,1,30,4,2,2,4,0,0,0,1,false,false,false,false,true,false,false,false,false,true,false,false,false,false,true,false,false,false,false,false,false,false,-83.15186,42.43141,"{
  ""coordinates"": [
    -8.315185791661190e+01,
    4.243141300152230e+01
  ],
  ""type"": ""Point""
}","{
  ""coordinates"": [
    -83.151857917,
    42.431413002
  ],
  ""type"": ""Point""
}",-83.151857917,42.4314130020001
5318,1351301,CHALMERS,EVANSTON,2018-03-27,27,3,2018,19,3,5,9,,4,0,Asphalt,2,2,1,30,4,2,4,5,0,0,0,0,true,false,false,false,false,false,false,false,false,false,false,false,false,false,false,false,false,false,false,false,false,false,-82.965,42.40542,"{
  ""coordinates"": [
    -8.296499592610320e+01,
    4.240542065998960e+01
  ],
  ""type"": ""Point""
}","{
  ""coordinates"": [
    -82.964995926,
    42.40542066
  ],
  ""type"": ""Point""
}",-82.964995926,42.4054206600001
5319,1338608,W I 96,GRAND RIVER,2018-03-27,27,3,2018,14,3,8,1,,1,0,Concrete,2,2,1,55,4,2,1,3,0,0,1,0,false,false,false,false,true,false,false,false,false,true,false,false,false,true,false,false,false,false,false,false,false,false,-83.17453,42.38415,"{
  ""coordinates"": [
    -8.317453270301689e+01,
    4.238415232116160e+01
  ],
  ""type"": ""Point""
}","{
  ""coordinates"": [
    -83.174532703,
    42.384152321
  ],
  ""type"": ""Point""
}",-83.174532703,42.384152321
5320,1338607,W/B I 94,TRUMBULL,2018-03-27,27,3,2018,9,3,5,1,,1,0,Asphalt,2,4,1,55,3,2,2,5,0,0,0,0,true,false,false,false,false,false,false,false,false,false,false,false,false,false,false,false,false,false,false,false,false,false,-83.08452,42.35484,"{
  ""coordinates"": [
    -8.308451538303910e+01,
    4.235484350534410e+01
  ],
  ""type"": ""Point""
}","{
  ""coordinates"": [
    -83.084515383,
    42.354843505
  ],
  ""type"": ""Point""
}",-83.0845153829999,42.3548435050001
5321,1338734,MEYERS,MCNICHOLS,2018-03-27,27,3,2018,7,3,1,9,,4,0,Asphalt,2,4,1,30,4,2,1,2,0,1,0,0,false,false,false,false,false,false,false,false,false,false,false,false,true,false,false,false,false,false,false,false,false,false,-83.17012,42.41663,"{
  ""coordinates"": [
    -8.317012335279190e+01,
    4.241662840524340e+01
  ],
  ""type"": ""Point""
}","{
  ""coordinates"": [
    -83.170123353,
    42.416628405
  ],
  ""type"": ""Point""
}",-83.170123353,42.416628405
5322,1352402,E I 96,WARREN,2018-03-27,27,3,2018,22,3,4,1,,1,0,Concrete,2,2,4,25,5,2,4,5,0,0,0,0,true,false,true,true,false,false,false,false,false,false,false,false,false,false,false,true,false,false,false,false,false,false,-83.0969,42.34646,"{
  ""coordinates"": [
    -8.309690418619250e+01,
    4.234646408765230e+01
  ],
  ""type"": ""Point""
}","{
  ""coordinates"": [
    -83.096904186,
    42.346464088
  ],
  ""type"": ""Point""
}",-83.096904186,42.3464640880001
5323,1338579,W I 96,EVERGREEN,2018-03-27,27,3,2018,16,3,1,1,,1,1,Concrete,1,1,1,55,1,1,3,3,0,0,1,0,false,false,false,false,false,false,false,false,false,false,false,false,false,false,true,false,false,false,false,false,false,false,-83.23647,42.38034,"{
  ""coordinates"": [
    -8.323646906971790e+01,
    4.238034194798730e+01
  ],
  ""type"": ""Point""
}","{
  ""coordinates"": [
    -83.23646907,
    42.380341948
  ],
  ""type"": ""Point""
}",-83.2364690699999,42.3803419480001
5324,1338711,GRATIOT,SAINT PATRICK,2018-03-27,27,3,2018,14,3,8,3,,1,0,Asphalt,1,1,1,35,7,2,0,5,0,0,0,0,true,false,false,false,true,false,false,false,false,false,false,false,false,false,false,false,false,false,false,false,false,false,-82.99213,42.41312,"{
  ""coordinates"": [
    -8.299212848982010e+01,
    4.241311916449080e+01
  ],
  ""type"": ""Point""
}","{
  ""coordinates"": [
    -82.99212849,
    42.413119164
  ],
  ""type"": ""Point""
}",-82.99212849,42.4131191640001
5325,1335229,E I 94,RAMP 220D,2018-03-26,26,3,2018,19,2,8,1,,1,0,Asphalt,1,1,3,55,3,2,1,5,0,0,0,0,true,false,false,false,true,false,false,false,false,false,false,false,false,false,false,false,false,false,false,false,false,false,-82.98838,42.39598,"{
  ""coordinates"": [
    -8.298837898465260e+01,
    4.239598615686710e+01
  ],
  ""type"": ""Point""
}","{
  ""coordinates"": [
    -82.988378985,
    42.395986157
  ],
  ""type"": ""Point""
}",-82.9883789849999,42.395986157
5326,1335256,GRATIOT,GRAND,2018-03-26,26,3,2018,16,2,4,3,,1,0,Asphalt,1,1,1,30,2,2,3,5,0,0,0,0,true,false,false,false,false,false,false,false,false,false,false,false,false,true,false,false,false,false,false,false,false,false,-83.01876,42.3727,"{
  ""coordinates"": [
    -8.301875796541999e+01,
    4.237269883500140e+01
  ],
  ""type"": ""Point""
}","{
  ""coordinates"": [
    -83.018757965,
    42.372698835
  ],
  ""type"": ""Point""
}",-83.018757965,42.3726988350001
5327,1351128,E/B I-96,E/B I-94,2018-03-26,26,3,2018,9,2,5,1,,1,0,Concrete,1,1,1,55,3,2,2,5,0,0,0,0,true,false,false,false,true,false,false,false,false,false,false,false,false,false,false,false,false,false,false,false,false,false,-83.09831,42.34879,"{
  ""coordinates"": [
    -8.309830903597501e+01,
    4.234879180591630e+01
  ],
  ""type"": ""Point""
}","{
  ""coordinates"": [
    -83.098309036,
    42.348791806
  ],
  ""type"": ""Point""
}",-83.098309036,42.3487918060001
5328,1335260,SCHOOLCRAFT,WESTWOOD,2018-03-26,26,3,2018,12,2,8,9,,2,0,Asphalt,1,1,1,30,2,2,3,5,0,0,0,0,true,false,false,false,false,false,false,false,false,false,false,false,false,true,false,true,false,false,false,false,false,false,-83.23206,42.38636,"{
  ""coordinates"": [
    -8.323205209768240e+01,
    4.238636041261840e+01
  ],
  ""type"": ""Point""
}","{
  ""coordinates"": [
    -83.232052098,
    42.386360413
  ],
  ""type"": ""Point""
}",-83.2320520979999,42.386360413
5329,1349219,HENRY,2ND,2018-03-26,26,3,2018,16,2,10,9,,,0,,1,1,1,25,2,2,3,5,0,0,0,0,true,false,false,false,false,false,false,false,false,false,false,false,false,false,true,false,false,false,false,false,false,false,-83.05918,42.33842,"{
  ""coordinates"": [
    -8.305917829644240e+01,
    4.233841522033280e+01
  ],
  ""type"": ""Point""
}","{
  ""coordinates"": [
    -83.059178296,
    42.33841522
  ],
  ""type"": ""Point""
}",-83.059178296,42.3384152200001
5330,1338742,MCNICHOLS,WYOMING,2018-03-26,26,3,2018,17,2,4,9,,4,0,Asphalt,1,1,1,30,4,2,3,5,0,0,0,0,true,true,false,false,false,false,false,false,false,false,false,false,false,true,false,false,false,false,false,false,false,false,-83.15958,42.41695,"{
  ""coordinates"": [
    -8.315957810477060e+01,
    4.241694645032100e+01
  ],
  ""type"": ""Point""
}","{
  ""coordinates"": [
    -83.159578105,
    42.41694645
  ],
  ""type"": ""Point""
}",-83.159578105,42.4169464500001
5331,1338601,M10,BAGLEY,2018-03-26,26,3,2018,10,2,5,3,,1,0,Concrete,1,1,1,55,3,2,2,3,0,0,1,0,false,false,false,false,false,false,false,false,false,false,false,false,false,true,false,false,false,false,false,false,false,false,-83.0649,42.33592,"{
  ""coordinates"": [
    -8.306490547296541e+01,
    4.233591702219360e+01
  ],
  ""type"": ""Point""
}","{
  ""coordinates"": [
    -83.064905473,
    42.335917022
  ],
  ""type"": ""Point""
}",-83.064905473,42.335917022
5332,1335263,WYOMING,DESOTO,2018-03-26,26,3,2018,16,2,4,9,,4,0,Asphalt,1,1,1,35,4,2,1,5,0,0,0,0,true,true,false,false,true,false,false,false,false,false,false,false,false,false,false,false,false,false,false,false,false,false,-83.15961,42.40104,"{
  ""coordinates"": [
    -8.315960988436140e+01,
    4.240103381418620e+01
  ],
  ""type"": ""Point""
}","{
  ""coordinates"": [
    -83.159609884,
    42.401033814
  ],
  ""type"": ""Point""
}",-83.159609884,42.4010338140001
5333,1335269,DAVISON SERVICE,ROSA PARKS,2018-03-26,26,3,2018,17,2,5,3,,1,0,Asphalt,1,1,1,35,7,2,1,5,0,0,0,0,true,false,false,false,false,false,false,false,false,false,false,false,false,false,false,false,false,false,false,false,false,false,-83.11163,42.39703,"{
  ""coordinates"": [
    -8.311163055697300e+01,
    4.239703253557940e+01
  ],
  ""type"": ""Point""
}","{
  ""coordinates"": [
    -83.111630557,
    42.397032536
  ],
  ""type"": ""Point""
}",-83.111630557,42.397032536
5334,1338738,HUBBELL,PICKFORD,2018-03-26,26,3,2018,23,2,5,9,,4,3,Asphalt,1,1,5,30,2,2,1,5,0,0,0,0,true,false,false,false,false,false,false,false,false,false,false,false,false,true,true,false,false,false,false,false,false,false,-83.1898,42.42572,"{
  ""coordinates"": [
    -8.318979419429090e+01,
    4.242571838415090e+01
  ],
  ""type"": ""Point""
}","{
  ""coordinates"": [
    -83.189794194,
    42.425718384
  ],
  ""type"": ""Point""
}",-83.1897941939999,42.425718384
5335,1335250,VAN BUREN,VAUGHAN,2018-03-26,26,3,2018,16,2,4,9,,,0,,1,1,1,25,2,2,8,5,0,0,0,0,true,false,false,false,false,false,false,false,false,false,false,false,false,false,false,false,false,false,false,false,false,false,-83.23717,42.35571,"{
  ""coordinates"": [
    -8.323717690170490e+01,
    4.235570777253280e+01
  ],
  ""type"": ""Point""
}","{
  ""coordinates"": [
    -83.237176902,
    42.355707773
  ],
  ""type"": ""Point""
}",-83.237176902,42.3557077730001
5336,1335230,GREENFIELD,SCHOOLCRAFT,2018-03-26,26,3,2018,15,2,98,9,,2,0,Asphalt,1,1,1,35,5,2,1,5,0,0,0,0,true,false,false,false,true,false,false,false,false,false,false,false,false,false,false,false,false,false,false,false,false,false,-83.19814,42.38666,"{
  ""coordinates"": [
    -8.319814588428601e+01,
    4.238665668679600e+01
  ],
  ""type"": ""Point""
}","{
  ""coordinates"": [
    -83.198145884,
    42.386656687
  ],
  ""type"": ""Point""
}",-83.198145884,42.386656687
5337,1338600,I96,M39,2018-03-26,26,3,2018,10,2,1,1,,1,1,Concrete,1,1,1,70,3,1,1,3,0,0,1,0,false,false,false,false,false,false,false,false,false,false,false,false,false,true,false,false,false,false,false,false,false,false,-83.21104,42.37872,"{
  ""coordinates"": [
    -8.321104091933860e+01,
    4.237871526948860e+01
  ],
  ""type"": ""Point""
}","{
  ""coordinates"": [
    -83.211040919,
    42.378715269
  ],
  ""type"": ""Point""
}",-83.211040919,42.3787152690001
5338,1335232,SCHAEFER,MCNICHOLS,2018-03-26,26,3,2018,16,2,4,9,,4,0,Asphalt,1,1,1,35,4,2,1,5,0,0,0,0,true,false,false,false,true,false,false,false,false,false,false,false,false,false,false,false,false,false,false,false,false,false,-83.17981,42.41673,"{
  ""coordinates"": [
    -8.317981258614709e+01,
    4.241672518481740e+01
  ],
  ""type"": ""Point""
}","{
  ""coordinates"": [
    -83.179812586,
    42.416725185
  ],
  ""type"": ""Point""
}",-83.179812586,42.4167251850001
5339,1334650,LITTLEFIELD,FLORENCE,2018-03-26,26,3,2018,2,2,97,9,,,0,,1,1,4,25,2,3,0,5,0,0,0,0,true,false,false,false,true,false,false,false,false,false,false,false,false,false,false,false,false,false,false,false,false,false,-83.17636,42.41241,"{
  ""coordinates"": [
    -8.317636221011230e+01,
    4.241240705103530e+01
  ],
  ""type"": ""Point""
}","{
  ""coordinates"": [
    -83.17636221,
    42.412407051
  ],
  ""type"": ""Point""
}",-83.17636221,42.4124070510001
5340,1335252,GRATIOIT,CHENE,2018-03-26,26,3,2018,11,2,5,3,,1,0,Asphalt,1,1,1,35,3,2,2,5,0,0,0,0,true,false,true,true,false,false,false,false,false,false,false,false,false,true,false,false,false,false,false,false,false,false,-83.03209,42.35243,"{
  ""coordinates"": [
    -8.303208778685540e+01,
    4.235243201484060e+01
  ],
  ""type"": ""Point""
}","{
  ""coordinates"": [
    -83.032087787,
    42.352432015
  ],
  ""type"": ""Point""
}",-83.032087787,42.352432015