ObjectId,Crash ID,Primary Road,Intersecting Road,Crash Date,Day,Month,Year,Hour,Weekday,Crash Type Code,Highway Classification Code,Community Code,Jurisdiction Code,Lane Departure Type Code,Surface Type,Road Condition,Weather Condition,Lighting Condition,Speed Limit,Lanes,Units,Occupants,Most Severe Injury,Fatal Injuries,Suspected Serious Injuries,Suspected Minor Injuries,Possible Injuries,Property Damage Only,Secondary Crash,Traffic Control,Red Light Run,Hit and Run,Alcohol,Drugs,Unbelted Person,Work Zone,Speeding Driver,Distracted Driver,Driveway,Pedestrian,Elderly Driver,Young Driver,Commercial Vehicle,Emergency Vehicles,Train,School Bus,Motorcycle,Bicycle,Deer,Longitude,Latitude,geom,geog,x,y
5341,1336033,ROSELAWN,CURTIS,2018-03-26,26,3,2018,12,2,97,9,,,0,,1,1,1,25,1,3,5,2,0,1,0,1,false,false,false,false,false,false,false,false,false,false,false,false,false,false,false,false,false,false,false,false,false,false,-83.15279,42.42427,"{
  ""coordinates"": [
    -8.315278687585990e+01,
    4.242426873256070e+01
  ],
  ""type"": ""Point""
}","{
  ""coordinates"": [
    -83.152786876,
    42.424268733
  ],
  ""type"": ""Point""
}",-83.1527868759999,42.4242687330001
5342,1335265,8 MILE,LAHSER,2018-03-26,26,3,2018,14,2,5,3,,1,0,Asphalt,1,1,1,45,4,2,1,5,0,0,0,0,true,true,false,false,true,false,false,false,false,false,false,false,false,false,false,false,false,false,false,false,false,false,-83.25885,42.44323,"{
  ""coordinates"": [
    -8.325885134498429e+01,
    4.244323476600970e+01
  ],
  ""type"": ""Point""
}","{
  ""coordinates"": [
    -83.258851345,
    42.443234766
  ],
  ""type"": ""Point""
}",-83.258851345,42.443234766
5343,1335255,HARPER,OUTER,2018-03-26,26,3,2018,6,2,9,9,,4,0,Asphalt,1,1,1,35,3,2,2,5,0,0,0,0,true,false,false,false,false,false,false,false,false,false,false,false,false,false,false,false,false,false,false,false,false,false,-82.96065,42.40582,"{
  ""coordinates"": [
    -8.296064816982980e+01,
    4.240582433686470e+01
  ],
  ""type"": ""Point""
}","{
  ""coordinates"": [
    -82.96064817,
    42.405824337
  ],
  ""type"": ""Point""
}",-82.96064817,42.4058243370001
5344,1335236,ROSA PARKS,PORTER,2018-03-26,26,3,2018,0,2,4,9,,4,0,Asphalt,1,1,4,35,4,2,1,4,0,0,0,1,false,false,false,false,true,false,false,false,false,false,false,false,false,false,false,false,false,false,false,false,false,false,-83.06888,42.32589,"{
  ""coordinates"": [
    -8.306888031269359e+01,
    4.232589407180720e+01
  ],
  ""type"": ""Point""
}","{
  ""coordinates"": [
    -83.068880313,
    42.325894072
  ],
  ""type"": ""Point""
}",-83.068880313,42.325894072
5345,1336924,SECOND,PRENTIS,2018-03-26,26,3,2018,22,2,8,9,,4,0,Asphalt,1,1,4,25,3,2,2,5,0,0,0,0,true,false,false,false,true,false,false,false,false,false,false,false,false,false,false,false,false,false,false,false,false,false,-83.06719,42.35228,"{
  ""coordinates"": [
    -8.306719293351640e+01,
    4.235227960353600e+01
  ],
  ""type"": ""Point""
}","{
  ""coordinates"": [
    -83.067192934,
    42.352279604
  ],
  ""type"": ""Point""
}",-83.067192934,42.352279604
5346,1338690,TELEGRAPH,MCNICHOLS,2018-03-26,26,3,2018,15,2,5,2,,1,0,Asphalt,1,1,1,45,4,2,2,4,0,0,0,1,false,false,false,false,false,false,false,false,false,false,false,false,false,false,false,false,false,false,false,false,false,false,-83.27696,42.4144,"{
  ""coordinates"": [
    -8.327696099344099e+01,
    4.241439984092360e+01
  ],
  ""type"": ""Point""
}","{
  ""coordinates"": [
    -83.276960993,
    42.414399841
  ],
  ""type"": ""Point""
}",-83.276960993,42.414399841
5347,1338610,E I 96,TIREMAN,2018-03-26,26,3,2018,8,2,8,1,,1,0,Asphalt,1,1,1,55,4,2,2,5,0,0,0,0,true,false,false,false,false,false,false,false,false,false,false,false,false,true,false,true,false,false,false,false,false,false,-83.11053,42.35572,"{
  ""coordinates"": [
    -8.311053575236581e+01,
    4.235572272826470e+01
  ],
  ""type"": ""Point""
}","{
  ""coordinates"": [
    -83.110535752,
    42.355722728
  ],
  ""type"": ""Point""
}",-83.110535752,42.355722728
5348,1338597,N/B M 39,JOY,2018-03-26,26,3,2018,15,2,5,3,,1,0,Asphalt,1,1,1,55,3,2,2,5,0,0,0,0,true,true,false,false,false,false,false,false,false,false,false,false,false,false,true,false,false,false,false,false,false,false,-83.21628,42.35495,"{
  ""coordinates"": [
    -8.321627726715290e+01,
    4.235495416423580e+01
  ],
  ""type"": ""Point""
}","{
  ""coordinates"": [
    -83.216277267,
    42.354954164
  ],
  ""type"": ""Point""
}",-83.216277267,42.354954164
5349,1338728,PENNINGTON,CLARITA,2018-03-26,26,3,2018,10,2,5,9,,,0,,1,1,1,25,2,2,0,5,0,0,0,0,true,false,false,false,true,false,false,true,false,false,false,false,false,true,false,false,false,false,false,false,false,false,-83.14811,42.42972,"{
  ""coordinates"": [
    -8.314810708947280e+01,
    4.242972372804720e+01
  ],
  ""type"": ""Point""
}","{
  ""coordinates"": [
    -83.148107089,
    42.429723728
  ],
  ""type"": ""Point""
}",-83.148107089,42.4297237280001
5350,1335278,KEELER,MEYERS,2018-03-26,26,3,2018,8,2,5,3,,4,0,Asphalt,1,1,1,25,1,2,0,5,0,0,0,0,true,false,false,false,true,false,false,false,false,false,false,false,false,false,false,false,false,false,false,false,false,false,-83.16956,42.41348,"{
  ""coordinates"": [
    -8.316956204018560e+01,
    4.241347432654840e+01
  ],
  ""type"": ""Point""
}","{
  ""coordinates"": [
    -83.16956204,
    42.413474327
  ],
  ""type"": ""Point""
}",-83.16956204,42.4134743270001
5351,1335266,I94,CADIEUX,2018-03-26,26,3,2018,16,2,5,1,,1,0,Asphalt,1,1,1,55,3,2,2,5,0,0,0,0,true,false,false,false,false,false,false,false,false,false,false,false,false,false,false,false,false,false,false,false,false,false,-82.93684,42.41738,"{
  ""coordinates"": [
    -8.293684280823381e+01,
    4.241737694804840e+01
  ],
  ""type"": ""Point""
}","{
  ""coordinates"": [
    -82.936842808,
    42.417376948
  ],
  ""type"": ""Point""
}",-82.9368428079999,42.417376948
5352,1340260,SOUTHFIELD SERVICE DRIVE,PEMBROKE,2018-03-26,26,3,2018,22,2,1,9,,4,1,Asphalt,1,1,4,25,2,1,1,1,1,0,0,0,false,false,false,false,false,true,false,false,false,true,false,false,false,false,false,false,false,false,false,true,false,false,-83.22004,42.43656,"{
  ""coordinates"": [
    -8.322003766461170e+01,
    4.243656195828820e+01
  ],
  ""type"": ""Point""
}","{
  ""coordinates"": [
    -83.220037665,
    42.436561958
  ],
  ""type"": ""Point""
}",-83.2200376649999,42.436561958
5353,1335973,M-39,PLYMOUTH,2018-03-26,26,3,2018,14,2,5,3,,1,0,Asphalt,1,1,1,55,3,4,5,2,0,1,1,1,false,false,false,false,false,false,false,false,false,false,false,false,false,false,true,false,false,false,false,false,false,false,-83.21651,42.3706,"{
  ""coordinates"": [
    -8.321651687575969e+01,
    4.237060152531250e+01
  ],
  ""type"": ""Point""
}","{
  ""coordinates"": [
    -83.216516876,
    42.370601525
  ],
  ""type"": ""Point""
}",-83.216516876,42.370601525
5354,1338612,I-75,WARREN,2018-03-26,26,3,2018,12,2,1,1,,1,0,Asphalt,1,1,1,55,3,1,1,5,0,0,0,0,true,false,false,false,false,false,false,false,false,false,false,false,false,false,true,false,false,false,false,false,false,false,-83.05441,42.36108,"{
  ""coordinates"": [
    -8.305440684453831e+01,
    4.236107768246830e+01
  ],
  ""type"": ""Point""
}","{
  ""coordinates"": [
    -83.054406845,
    42.361077682
  ],
  ""type"": ""Point""
}",-83.054406845,42.361077682
5355,1335253,LAFAYETTE,RIVARD,2018-03-26,26,3,2018,15,2,97,9,,4,0,Asphalt,1,1,1,30,2,3,5,4,0,0,0,2,false,false,false,false,false,false,false,false,false,false,false,false,false,false,false,false,false,false,false,false,false,false,-83.03632,42.33649,"{
  ""coordinates"": [
    -8.303631690219849e+01,
    4.233648521140380e+01
  ],
  ""type"": ""Point""
}","{
  ""coordinates"": [
    -83.036316902,
    42.336485211
  ],
  ""type"": ""Point""
}",-83.036316902,42.3364852110001
5356,1335257,GLENHURST,KRESS,2018-03-26,26,3,2018,15,2,1,9,,,0,,1,1,1,25,2,1,1,3,0,0,1,0,false,false,false,false,false,false,false,false,false,false,false,false,false,false,false,false,false,false,false,true,false,false,-83.27079,42.42785,"{
  ""coordinates"": [
    -8.327079284875850e+01,
    4.242785349582150e+01
  ],
  ""type"": ""Point""
}","{
  ""coordinates"": [
    -83.270792849,
    42.427853496
  ],
  ""type"": ""Point""
}",-83.270792849,42.4278534960001
5357,1335275,WEXFORD,MINNESOTA,2018-03-26,26,3,2018,4,2,8,9,,,0,,1,1,4,25,1,2,0,5,0,0,0,0,true,false,false,false,true,false,false,false,false,false,false,false,false,false,false,false,false,false,false,false,false,false,-83.06468,42.42419,"{
  ""coordinates"": [
    -8.306467975468630e+01,
    4.242419016479390e+01
  ],
  ""type"": ""Point""
}","{
  ""coordinates"": [
    -83.064679755,
    42.424190165
  ],
  ""type"": ""Point""
}",-83.064679755,42.424190165
5358,1338753,MEYERS,MIDLAND,2018-03-26,26,3,2018,1,2,8,9,,4,0,Asphalt,1,1,4,30,2,2,0,5,0,0,0,0,true,false,false,false,true,false,false,false,false,false,false,false,false,false,false,false,false,false,false,false,false,false,-83.1696,42.4061,"{
  ""coordinates"": [
    -8.316959843172650e+01,
    4.240610026656030e+01
  ],
  ""type"": ""Point""
}","{
  ""coordinates"": [
    -83.169598432,
    42.406100267
  ],
  ""type"": ""Point""
}",-83.169598432,42.4061002670001
5359,1343912,PROMENADE,DICKERSON,2018-03-26,26,3,2018,15,2,98,9,,,0,,1,1,1,25,3,3,5,4,0,0,0,2,false,false,false,false,false,false,false,true,false,true,false,true,false,false,true,false,false,false,false,false,false,false,-82.97773,42.41156,"{
  ""coordinates"": [
    -8.297773306003070e+01,
    4.241155553514850e+01
  ],
  ""type"": ""Point""
}","{
  ""coordinates"": [
    -82.97773306,
    42.411555535
  ],
  ""type"": ""Point""
}",-82.9777330599999,42.411555535
5360,1335242,MICHIGAN,LAWNDALE,2018-03-26,26,3,2018,20,2,97,2,,1,0,Asphalt,1,1,4,35,5,3,2,4,0,0,0,1,false,false,false,false,false,false,false,false,false,false,false,false,false,false,false,false,false,false,false,false,false,false,-83.14827,42.32987,"{
  ""coordinates"": [
    -8.314826819109381e+01,
    4.232986969050380e+01
  ],
  ""type"": ""Point""
}","{
  ""coordinates"": [
    -83.148268191,
    42.329869691
  ],
  ""type"": ""Point""
}",-83.1482681909999,42.3298696910001
5361,1338726,PICKFORD,WARRINGTON,2018-03-26,26,3,2018,15,2,3,9,,,0,,1,1,1,25,2,2,2,5,0,0,0,0,true,false,false,false,false,false,false,false,false,false,false,false,false,false,true,true,false,false,true,false,false,false,-83.14012,42.42643,"{
  ""coordinates"": [
    -8.314011945378290e+01,
    4.242642842773100e+01
  ],
  ""type"": ""Point""
}","{
  ""coordinates"": [
    -83.140119454,
    42.426428428
  ],
  ""type"": ""Point""
}",-83.1401194539999,42.4264284280001
5362,1345514,M-10,6 MILE,2018-03-26,26,3,2018,19,2,5,3,,1,0,Concrete,1,2,4,55,3,2,3,5,0,0,0,0,true,false,false,false,false,false,false,false,false,true,false,false,false,true,false,false,false,false,false,false,false,false,-83.16888,42.41308,"{
  ""coordinates"": [
    -8.316888644934510e+01,
    4.241308320933020e+01
  ],
  ""type"": ""Point""
}","{
  ""coordinates"": [
    -83.168886449,
    42.413083209
  ],
  ""type"": ""Point""
}",-83.168886449,42.413083209
5363,1414630,7 MILE,SCHAEFER,2018-03-26,26,3,2018,2,2,5,9,,2,0,Asphalt,1,1,4,35,4,2,7,5,0,0,0,0,true,false,false,false,false,false,false,false,false,false,false,false,false,false,true,true,false,false,false,false,false,false,-83.18033,42.43108,"{
  ""coordinates"": [
    -8.318032996379669e+01,
    4.243108172831450e+01
  ],
  ""type"": ""Point""
}","{
  ""coordinates"": [
    -83.180329964,
    42.431081728
  ],
  ""type"": ""Point""
}",-83.180329964,42.431081728
5364,1335239,WOODWARD,JOSEPHINE,2018-03-26,26,3,2018,15,2,1,3,,1,0,Asphalt,1,1,1,20,1,2,0,5,0,0,0,0,true,false,false,false,true,false,false,false,false,false,false,false,true,false,false,false,false,false,false,false,false,false,-83.08121,42.38202,"{
  ""coordinates"": [
    -8.308120684250760e+01,
    4.238202426174330e+01
  ],
  ""type"": ""Point""
}","{
  ""coordinates"": [
    -83.081206843,
    42.382024262
  ],
  ""type"": ""Point""
}",-83.081206843,42.3820242620001
5365,1335264,7 MILE,GREENFIELD,2018-03-26,26,3,2018,14,2,4,9,,2,0,Asphalt,1,1,1,35,4,2,2,5,0,0,0,0,true,true,false,false,true,false,false,false,false,false,false,false,false,true,false,false,false,false,false,false,false,false,-83.19971,42.43043,"{
  ""coordinates"": [
    -8.319971556575651e+01,
    4.243042571506700e+01
  ],
  ""type"": ""Point""
}","{
  ""coordinates"": [
    -83.199715566,
    42.430425715
  ],
  ""type"": ""Point""
}",-83.199715566,42.4304257150001
5366,1335251,SCHOOLCRAFT,BURT,2018-03-26,26,3,2018,19,2,4,9,,4,0,Concrete,1,1,1,30,2,2,3,4,0,0,0,1,false,false,true,true,false,false,false,false,false,false,false,false,false,true,false,false,false,false,false,false,false,false,-83.24684,42.38499,"{
  ""coordinates"": [
    -8.324684450636850e+01,
    4.238499286979900e+01
  ],
  ""type"": ""Point""
}","{
  ""coordinates"": [
    -83.246844506,
    42.38499287
  ],
  ""type"": ""Point""
}",-83.2468445059999,42.3849928700001
5367,1335241,FORT,DOWNING,2018-03-26,26,3,2018,14,2,5,3,,1,0,Asphalt,1,1,1,45,4,2,3,5,0,0,0,0,true,false,false,false,false,false,false,false,false,false,false,false,false,false,false,false,false,false,false,false,false,false,-83.15841,42.27228,"{
  ""coordinates"": [
    -8.315841093559450e+01,
    4.227228242193980e+01
  ],
  ""type"": ""Point""
}","{
  ""coordinates"": [
    -83.158410936,
    42.272282422
  ],
  ""type"": ""Point""
}",-83.1584109359999,42.272282422
5368,1335249,ROSEMONT,SAWYER,2018-03-26,26,3,2018,13,2,4,9,,,0,,1,1,1,25,2,2,2,5,0,0,0,0,true,false,false,false,false,false,false,false,false,false,false,false,false,false,false,false,false,false,false,false,false,false,-83.21851,42.3473,"{
  ""coordinates"": [
    -8.321851534663151e+01,
    4.234729702200470e+01
  ],
  ""type"": ""Point""
}","{
  ""coordinates"": [
    -83.218515347,
    42.347297022
  ],
  ""type"": ""Point""
}",-83.2185153469999,42.3472970220001
5369,1375553,MILWAUKEE,3RD,2018-03-26,26,3,2018,13,2,4,9,,4,0,Asphalt,1,1,1,25,3,2,3,5,0,0,0,0,true,false,true,true,false,false,false,false,false,false,false,false,false,false,false,false,false,false,false,false,false,false,-83.07831,42.36695,"{
  ""coordinates"": [
    -8.307831112895840e+01,
    4.236695434066640e+01
  ],
  ""type"": ""Point""
}","{
  ""coordinates"": [
    -83.078311129,
    42.366954341
  ],
  ""type"": ""Point""
}",-83.078311129,42.3669543410001
5370,1335996,COPLIN,FLANDERS,2018-03-26,26,3,2018,2,2,97,9,,,1,,1,1,4,25,2,1,1,5,0,0,0,0,true,false,false,false,false,false,false,false,false,false,false,false,false,false,true,false,false,false,false,false,false,false,-82.97914,42.4172,"{
  ""coordinates"": [
    -8.297914135331760e+01,
    4.241719733410650e+01
  ],
  ""type"": ""Point""
}","{
  ""coordinates"": [
    -82.979141353,
    42.417197334
  ],
  ""type"": ""Point""
}",-82.979141353,42.417197334
5371,1334610,MCNICHOLS,GLASTONBURY,2018-03-26,26,3,2018,2,2,8,9,,2,0,Asphalt,1,1,4,35,4,2,1,5,0,0,0,0,true,false,false,false,false,false,false,false,false,false,false,false,false,false,false,false,false,false,false,false,false,false,-83.22271,42.41547,"{
  ""coordinates"": [
    -8.322270732373630e+01,
    4.241547550450110e+01
  ],
  ""type"": ""Point""
}","{
  ""coordinates"": [
    -83.222707324,
    42.415475505
  ],
  ""type"": ""Point""
}",-83.2227073239999,42.4154755050001
5372,1334596,MICHIGAN,PARKINSON,2018-03-26,26,3,2018,8,2,5,2,,1,0,Asphalt,1,1,1,35,4,2,2,5,0,0,0,0,true,false,false,false,false,false,false,false,false,false,false,false,false,false,false,false,false,false,false,false,false,false,-83.1319,42.33111,"{
  ""coordinates"": [
    -8.313189591306499e+01,
    4.233111099753090e+01
  ],
  ""type"": ""Point""
}","{
  ""coordinates"": [
    -83.131895913,
    42.331110998
  ],
  ""type"": ""Point""
}",-83.1318959129999,42.331110998
5373,1335238,CHRYSLER SERVICE,HOLBROOK,2018-03-26,26,3,2018,14,2,8,1,,1,0,Asphalt,1,1,1,35,3,2,1,5,0,0,0,0,true,false,false,false,false,false,false,false,false,false,false,false,false,false,false,false,false,false,false,false,false,false,-83.0664,42.38398,"{
  ""coordinates"": [
    -8.306639715961531e+01,
    4.238397692269580e+01
  ],
  ""type"": ""Point""
}","{
  ""coordinates"": [
    -83.06639716,
    42.383976923
  ],
  ""type"": ""Point""
}",-83.06639716,42.383976923
5374,1335244,FOREST,CHALMERS,2018-03-26,26,3,2018,20,2,4,9,,,0,,1,2,4,25,2,2,3,4,0,0,0,2,false,false,true,false,false,false,false,false,false,false,false,false,false,false,false,false,false,false,false,false,false,false,-82.95781,42.39385,"{
  ""coordinates"": [
    -8.295780893257260e+01,
    4.239385393681390e+01
  ],
  ""type"": ""Point""
}","{
  ""coordinates"": [
    -82.957808933,
    42.393853937
  ],
  ""type"": ""Point""
}",-82.957808933,42.3938539370001
5375,1352398,FORT,SHELBY,2018-03-26,26,3,2018,13,2,8,3,,1,0,Asphalt,1,1,1,35,6,2,3,5,0,0,0,0,true,false,false,false,false,false,false,false,false,false,false,false,false,false,false,false,false,false,false,false,false,false,-83.04844,42.33027,"{
  ""coordinates"": [
    -8.304843924916480e+01,
    4.233026495810590e+01
  ],
  ""type"": ""Point""
}","{
  ""coordinates"": [
    -83.048439249,
    42.330264958
  ],
  ""type"": ""Point""
}",-83.048439249,42.330264958
5376,1335246,NOTTINGHAM,WARREN,2018-03-26,26,3,2018,5,2,8,9,,,0,,1,1,5,25,2,2,2,5,0,0,0,0,true,false,false,false,false,false,false,true,false,false,true,false,false,false,false,false,false,false,false,false,false,false,-82.94882,42.39907,"{
  ""coordinates"": [
    -8.294882060455140e+01,
    4.239906913063280e+01
  ],
  ""type"": ""Point""
}","{
  ""coordinates"": [
    -82.948820605,
    42.399069131
  ],
  ""type"": ""Point""
}",-82.948820605,42.399069131
5377,1339581,CENTRAL,SENATOR,2018-03-26,26,3,2018,16,2,8,9,,4,0,Asphalt,1,2,1,25,4,2,0,5,0,0,0,0,true,false,false,false,true,false,false,false,false,false,false,false,false,false,false,true,false,false,false,false,false,false,-83.1234,42.31136,"{
  ""coordinates"": [
    -8.312340042822260e+01,
    4.231136118773960e+01
  ],
  ""type"": ""Point""
}","{
  ""coordinates"": [
    -83.123400428,
    42.311361188
  ],
  ""type"": ""Point""
}",-83.123400428,42.311361188
5378,1409756,LA SALLE,ATKINSON,2018-03-26,26,3,2018,22,2,1,9,,,1,,1,1,4,,2,1,3,4,0,0,0,3,false,false,false,false,false,false,false,true,false,false,true,false,false,false,false,false,false,false,false,false,false,false,-83.10621,42.37507,"{
  ""coordinates"": [
    -8.310621086265040e+01,
    4.237507141757410e+01
  ],
  ""type"": ""Point""
}","{
  ""coordinates"": [
    -83.106210863,
    42.375071418
  ],
  ""type"": ""Point""
}",-83.1062108629999,42.3750714180001
5379,1335268,BELAND,GIETZEN,2018-03-26,26,3,2018,15,2,1,9,,,1,,1,1,1,25,1,1,2,5,0,0,0,0,true,false,false,false,false,false,false,true,false,false,false,false,false,false,false,false,false,false,false,false,false,false,-83.00919,42.42584,"{
  ""coordinates"": [
    -8.300918958633690e+01,
    4.242583760915970e+01
  ],
  ""type"": ""Point""
}","{
  ""coordinates"": [
    -83.009189586,
    42.425837609
  ],
  ""type"": ""Point""
}",-83.0091895859999,42.425837609
5380,1338595,W/B I 94,CASS,2018-03-26,26,3,2018,9,2,5,1,,1,0,Asphalt,1,1,1,55,3,2,2,5,0,0,0,0,true,false,false,false,false,false,false,false,false,false,false,false,false,false,false,true,false,false,false,false,false,false,-83.07211,42.36195,"{
  ""coordinates"": [
    -8.307210834994650e+01,
    4.236195330778330e+01
  ],
  ""type"": ""Point""
}","{
  ""coordinates"": [
    -83.07210835,
    42.361953308
  ],
  ""type"": ""Point""
}",-83.07210835,42.3619533080001
5381,1335237,GRAND,N M 10,2018-03-26,26,3,2018,13,2,4,9,,4,0,Concrete,1,1,1,30,3,2,2,5,0,0,0,0,true,false,false,false,false,false,false,false,false,false,false,false,false,false,false,false,false,false,false,false,false,false,-83.08176,42.36699,"{
  ""coordinates"": [
    -8.308176056476550e+01,
    4.236699471390450e+01
  ],
  ""type"": ""Point""
}","{
  ""coordinates"": [
    -83.081760565,
    42.366994714
  ],
  ""type"": ""Point""
}",-83.081760565,42.366994714
5382,1336914,EDINBOUROUGH,VERNE,2018-03-26,26,3,2018,18,2,4,9,,,0,,1,1,1,25,1,2,1,4,0,0,0,1,false,true,false,false,true,false,false,false,false,false,false,false,false,false,false,false,false,false,false,false,false,false,-83.23419,42.41158,"{
  ""coordinates"": [
    -8.323419549507079e+01,
    4.241157381676570e+01
  ],
  ""type"": ""Point""
}","{
  ""coordinates"": [
    -83.234195495,
    42.411573817
  ],
  ""type"": ""Point""
}",-83.2341954949999,42.411573817
5383,1335259,8 MILE,LAHSER,2018-03-26,26,3,2018,9,2,5,3,,1,0,Asphalt,1,1,1,45,4,2,2,4,0,0,0,1,false,false,false,false,false,false,false,false,false,false,false,false,false,false,false,false,false,false,false,false,false,false,-83.25888,42.44323,"{
  ""coordinates"": [
    -8.325888419746410e+01,
    4.244323396072480e+01
  ],
  ""type"": ""Point""
}","{
  ""coordinates"": [
    -83.258884197,
    42.443233961
  ],
  ""type"": ""Point""
}",-83.258884197,42.443233961
5384,1338575,M 10,GRAND,2018-03-26,26,3,2018,16,2,5,3,,1,0,Concrete,1,1,1,55,3,2,3,5,0,0,0,0,true,false,false,false,false,false,false,false,false,false,false,false,false,true,false,false,false,false,false,false,false,false,-83.08262,42.36842,"{
  ""coordinates"": [
    -8.308262069633069e+01,
    4.236842506106170e+01
  ],
  ""type"": ""Point""
}","{
  ""coordinates"": [
    -83.082620696,
    42.368425061
  ],
  ""type"": ""Point""
}",-83.0826206959999,42.368425061
5385,1338627,DAVISON,LA SALLE,2018-03-26,26,3,2018,15,2,5,3,,1,0,Asphalt,1,1,1,35,4,3,3,4,0,0,0,1,false,false,false,false,true,false,false,false,false,false,false,false,false,false,false,false,false,false,false,false,false,false,-83.11947,42.39397,"{
  ""coordinates"": [
    -8.311946615562360e+01,
    4.239396988954170e+01
  ],
  ""type"": ""Point""
}","{
  ""coordinates"": [
    -83.119466156,
    42.39396989
  ],
  ""type"": ""Point""
}",-83.119466156,42.3939698900001
5386,1336023,CORBETT,DICKERSON,2018-03-26,26,3,2018,19,2,4,9,,,0,,1,1,1,30,2,2,2,5,0,0,0,0,true,false,true,false,false,false,false,false,false,false,false,false,false,true,false,false,false,false,false,false,false,false,-82.97579,42.40652,"{
  ""coordinates"": [
    -8.297578861120169e+01,
    4.240652456501190e+01
  ],
  ""type"": ""Point""
}","{
  ""coordinates"": [
    -82.975788611,
    42.406524565
  ],
  ""type"": ""Point""
}",-82.975788611,42.406524565
5387,1338628,I-94,TRUMBULL,2018-03-26,26,3,2018,16,2,5,1,,1,0,Asphalt,1,1,1,55,3,2,2,5,0,0,0,0,true,false,false,false,true,false,false,false,false,false,false,false,false,false,false,false,false,false,false,false,false,false,-83.0826,42.35534,"{
  ""coordinates"": [
    -8.308259223355060e+01,
    4.235533335650780e+01
  ],
  ""type"": ""Point""
}","{
  ""coordinates"": [
    -83.082592234,
    42.355333357
  ],
  ""type"": ""Point""
}",-83.0825922339999,42.3553333570001
5388,1335235,JOHN R,BROADWAY,2018-03-26,26,3,2018,13,2,97,9,,4,0,Asphalt,1,2,1,25,3,2,2,5,0,0,0,0,true,false,false,false,false,false,false,false,false,false,false,false,false,false,false,false,false,false,false,false,false,false,-83.04805,42.33604,"{
  ""coordinates"": [
    -8.304804645599010e+01,
    4.233604445950010e+01
  ],
  ""type"": ""Point""
}","{
  ""coordinates"": [
    -83.048046456,
    42.33604446
  ],
  ""type"": ""Point""
}",-83.048046456,42.33604446
5389,1335254,ROHNS,MACK,2018-03-26,26,3,2018,10,2,1,9,,,1,,1,1,1,30,2,1,1,5,0,0,0,0,true,false,false,false,false,false,false,false,false,false,false,false,false,false,false,false,false,false,false,false,false,false,-82.99696,42.37077,"{
  ""coordinates"": [
    -8.299695969909760e+01,
    4.237077308264720e+01
  ],
  ""type"": ""Point""
}","{
  ""coordinates"": [
    -82.996959699,
    42.370773083
  ],
  ""type"": ""Point""
}",-82.9969596989999,42.3707730830001
5390,1335247,ALTER,JEFFERSON,2018-03-26,26,3,2018,9,2,8,1,,1,0,Asphalt,1,1,1,25,2,2,0,5,0,0,0,0,true,false,false,false,true,false,false,false,false,false,true,false,false,false,false,false,false,false,false,false,false,false,-83.03623,42.33229,"{
  ""coordinates"": [
    -8.303623185620050e+01,
    4.233228999931450e+01
  ],
  ""type"": ""Point""
}","{
  ""coordinates"": [
    -83.036231856,
    42.332289999
  ],
  ""type"": ""Point""
}",-83.036231856,42.3322899990001
5391,1334588,2ND,LEDYARD,2018-03-26,26,3,2018,3,2,1,9,,4,1,Asphalt,1,1,4,25,4,1,2,3,0,0,2,0,false,false,false,false,false,false,false,false,false,false,false,false,false,false,false,false,false,false,false,false,false,false,-83.05926,42.33998,"{
  ""coordinates"": [
    -8.305925385468440e+01,
    4.233998067680300e+01
  ],
  ""type"": ""Point""
}","{
  ""coordinates"": [
    -83.059253855,
    42.339980677
  ],
  ""type"": ""Point""
}",-83.059253855,42.339980677
5392,1336031,CONANT,7 MILE,2018-03-26,26,3,2018,13,2,5,9,,4,0,Asphalt,1,1,1,30,4,2,5,5,0,0,0,0,true,false,false,false,true,false,false,false,false,false,false,false,false,false,false,false,false,false,false,false,false,false,-83.07354,42.43275,"{
  ""coordinates"": [
    -8.307354280026721e+01,
    4.243275401630890e+01
  ],
  ""type"": ""Point""
}","{
  ""coordinates"": [
    -83.0735428,
    42.432754016
  ],
  ""type"": ""Point""
}",-83.0735428,42.432754016
5393,1334581,SCHAEFER,FENKELL,2018-03-25,25,3,2018,18,1,4,9,,4,0,Asphalt,1,1,1,30,2,2,1,5,0,0,0,0,true,false,false,false,true,false,false,false,false,false,false,false,false,false,false,false,false,false,false,false,false,false,-83.17914,42.40221,"{
  ""coordinates"": [
    -8.317913511601870e+01,
    4.240221251481480e+01
  ],
  ""type"": ""Point""
}","{
  ""coordinates"": [
    -83.179135116,
    42.402212515
  ],
  ""type"": ""Point""
}",-83.1791351159999,42.402212515
5394,1336926,BRUSH,HANCOCK,2018-03-25,25,3,2018,14,1,4,9,,4,0,Asphalt,1,1,1,25,4,2,2,5,0,0,0,0,true,false,false,false,false,false,false,false,false,false,false,false,false,false,false,false,false,false,false,false,false,false,-83.0592,42.3577,"{
  ""coordinates"": [
    -8.305919935452390e+01,
    4.235769969679680e+01
  ],
  ""type"": ""Point""
}","{
  ""coordinates"": [
    -83.059199355,
    42.357699697
  ],
  ""type"": ""Point""
}",-83.059199355,42.357699697