ObjectId,Crash ID,Primary Road,Intersecting Road,Crash Date,Day,Month,Year,Hour,Weekday,Crash Type Code,Highway Classification Code,Community Code,Jurisdiction Code,Lane Departure Type Code,Surface Type,Road Condition,Weather Condition,Lighting Condition,Speed Limit,Lanes,Units,Occupants,Most Severe Injury,Fatal Injuries,Suspected Serious Injuries,Suspected Minor Injuries,Possible Injuries,Property Damage Only,Secondary Crash,Traffic Control,Red Light Run,Hit and Run,Alcohol,Drugs,Unbelted Person,Work Zone,Speeding Driver,Distracted Driver,Driveway,Pedestrian,Elderly Driver,Young Driver,Commercial Vehicle,Emergency Vehicles,Train,School Bus,Motorcycle,Bicycle,Deer,Longitude,Latitude,geom,geog,x,y
5450,1424244,E I 96,GREENFIELD,2018-03-24,24,3,2018,21,7,4,1,,1,0,Concrete,1,1,4,,6,2,2,3,0,0,1,1,false,false,false,false,false,false,false,false,false,false,false,false,false,false,false,false,false,false,false,false,false,false,-83.19839,42.37906,"{
  ""coordinates"": [
    -8.319838872956041e+01,
    4.237906047043020e+01
  ],
  ""type"": ""Point""
}","{
  ""coordinates"": [
    -83.19838873,
    42.37906047
  ],
  ""type"": ""Point""
}",-83.19838873,42.3790604700001
5451,1335978,I-94,CECIL,2018-03-24,24,3,2018,15,7,8,1,,1,0,Asphalt,1,1,1,55,3,2,2,5,0,0,0,0,true,false,false,false,false,false,false,false,false,false,false,false,false,true,false,false,false,false,false,false,false,false,-83.1339,42.33391,"{
  ""coordinates"": [
    -8.313390311126140e+01,
    4.233391199349400e+01
  ],
  ""type"": ""Point""
}","{
  ""coordinates"": [
    -83.133903111,
    42.333911993
  ],
  ""type"": ""Point""
}",-83.1339031109999,42.3339119930001
5452,1333546,S M 39,RAMP 009D,2018-03-24,24,3,2018,9,7,8,3,,1,0,Asphalt,1,1,1,55,3,2,2,5,0,0,0,0,true,false,false,false,false,false,false,false,false,false,false,false,false,false,false,false,false,false,false,false,false,false,-83.21818,42.39608,"{
  ""coordinates"": [
    -8.321818037878630e+01,
    4.239607650918800e+01
  ],
  ""type"": ""Point""
}","{
  ""coordinates"": [
    -83.218180379,
    42.396076509
  ],
  ""type"": ""Point""
}",-83.218180379,42.3960765090001
5453,1334629,20250 GILCHRIST,HESSEL,2018-03-24,24,3,2018,20,7,2,9,,,2,,1,1,4,25,2,2,1,5,0,0,0,0,true,false,false,false,false,true,true,false,false,false,false,false,false,false,false,false,false,false,false,false,false,false,-83.21371,42.44256,"{
  ""coordinates"": [
    -8.321370988867500e+01,
    4.244255814559480e+01
  ],
  ""type"": ""Point""
}","{
  ""coordinates"": [
    -83.213709889,
    42.442558146
  ],
  ""type"": ""Point""
}",-83.213709889,42.4425581460001
5454,1335969,M-10,MILWAUKEE,2018-03-24,24,3,2018,15,7,97,3,,1,0,Concrete,1,2,1,55,3,2,2,4,0,0,0,1,false,false,false,false,false,true,true,false,false,false,false,false,false,false,false,false,false,false,false,false,false,false,-83.08017,42.36473,"{
  ""coordinates"": [
    -8.308016755090640e+01,
    4.236473029436090e+01
  ],
  ""type"": ""Point""
}","{
  ""coordinates"": [
    -83.080167551,
    42.364730294
  ],
  ""type"": ""Point""
}",-83.080167551,42.364730294
5455,1336905,CHICAGO,N M 39,2018-03-24,24,3,2018,22,7,97,9,,4,0,Asphalt,1,1,4,25,2,2,4,3,0,0,1,2,false,false,true,false,false,false,false,false,false,false,false,false,false,false,false,false,false,true,false,false,false,false,-83.21643,42.36526,"{
  ""coordinates"": [
    -8.321643172909140e+01,
    4.236526000653810e+01
  ],
  ""type"": ""Point""
}","{
  ""coordinates"": [
    -83.216431729,
    42.365260007
  ],
  ""type"": ""Point""
}",-83.216431729,42.3652600070001
5456,1333592,HOLDEN,STERLING,2018-03-24,24,3,2018,2,7,97,9,,4,0,Asphalt,1,1,4,25,4,2,3,5,0,0,0,0,true,false,false,false,false,false,false,false,false,false,false,false,false,false,false,false,false,false,false,false,false,false,-83.08575,42.36329,"{
  ""coordinates"": [
    -8.308575107186699e+01,
    4.236328947193130e+01
  ],
  ""type"": ""Point""
}","{
  ""coordinates"": [
    -83.085751072,
    42.363289472
  ],
  ""type"": ""Point""
}",-83.0857510719999,42.3632894720001
5457,1335993,SECOND,GRANDRIVER,2018-03-24,24,3,2018,11,7,8,1,,4,0,Asphalt,1,1,4,,4,2,3,5,0,0,0,0,true,false,false,false,true,false,false,false,false,false,false,false,false,false,false,false,false,false,false,false,false,false,-83.05879,42.33746,"{
  ""coordinates"": [
    -8.305879560470839e+01,
    4.233745864358250e+01
  ],
  ""type"": ""Point""
}","{
  ""coordinates"": [
    -83.058795605,
    42.337458644
  ],
  ""type"": ""Point""
}",-83.0587956049999,42.337458644
5458,1336001,EVERGREEN,PAUL,2018-03-24,24,3,2018,18,7,10,9,,4,0,Asphalt,1,1,1,25,3,2,2,5,0,0,0,0,true,false,false,false,false,false,false,false,false,false,false,false,false,true,false,false,false,false,false,false,false,false,-83.23511,42.3359,"{
  ""coordinates"": [
    -8.323510775170180e+01,
    4.233589940441620e+01
  ],
  ""type"": ""Point""
}","{
  ""coordinates"": [
    -83.235107752,
    42.335899404
  ],
  ""type"": ""Point""
}",-83.235107752,42.335899404
5459,1334637,MCKINNEY,WHITTIER,2018-03-24,24,3,2018,8,7,9,9,,,2,,1,1,1,25,2,2,0,5,0,0,0,0,true,false,false,false,true,false,false,false,false,false,false,false,false,false,false,false,false,false,false,false,false,false,-82.94569,42.41702,"{
  ""coordinates"": [
    -8.294568921463980e+01,
    4.241702069839550e+01
  ],
  ""type"": ""Point""
}","{
  ""coordinates"": [
    -82.945689215,
    42.417020698
  ],
  ""type"": ""Point""
}",-82.945689215,42.417020698
5460,1334632,7 MILE,GOULBURN,2018-03-24,24,3,2018,22,7,4,9,,4,0,Asphalt,1,1,4,30,2,2,3,5,0,0,0,0,true,false,true,true,false,false,false,false,false,false,false,false,false,false,true,false,false,false,false,false,false,false,-82.99355,42.43473,"{
  ""coordinates"": [
    -8.299355541638459e+01,
    4.243473215268180e+01
  ],
  ""type"": ""Point""
}","{
  ""coordinates"": [
    -82.993555416,
    42.434732153
  ],
  ""type"": ""Point""
}",-82.9935554159999,42.434732153
5461,1333545,E I 94,E I 96,2018-03-24,24,3,2018,6,7,1,1,,1,1,Asphalt,1,1,1,55,3,1,1,5,0,0,0,0,true,false,false,false,true,false,false,false,false,true,false,false,false,false,false,false,false,false,false,false,false,false,-83.09916,42.35009,"{
  ""coordinates"": [
    -8.309915684861021e+01,
    4.235008526985370e+01
  ],
  ""type"": ""Point""
}","{
  ""coordinates"": [
    -83.099156849,
    42.35008527
  ],
  ""type"": ""Point""
}",-83.0991568489999,42.3500852700001
5462,1333665,MEYERS,CLARITA,2018-03-24,24,3,2018,12,7,8,9,,4,0,Asphalt,1,1,1,35,2,2,2,5,0,0,0,0,true,false,false,false,false,false,false,false,false,false,false,false,false,true,false,false,false,false,false,false,false,false,-83.17053,42.42671,"{
  ""coordinates"": [
    -8.317053473917190e+01,
    4.242671010126250e+01
  ],
  ""type"": ""Point""
}","{
  ""coordinates"": [
    -83.170534739,
    42.426710101
  ],
  ""type"": ""Point""
}",-83.1705347389999,42.426710101
5463,1336025,CHALMERS,EVANSTON,2018-03-24,24,3,2018,18,7,4,9,,4,0,Asphalt,1,1,1,25,4,2,2,5,0,0,0,0,true,false,false,false,false,false,false,false,false,false,false,false,false,false,false,false,false,false,false,false,false,false,-82.96499,42.40541,"{
  ""coordinates"": [
    -8.296498971360759e+01,
    4.240540661511740e+01
  ],
  ""type"": ""Point""
}","{
  ""coordinates"": [
    -82.964989714,
    42.405406615
  ],
  ""type"": ""Point""
}",-82.964989714,42.4054066150001
5464,1335979,CONNER,EVANSTON,2018-03-24,24,3,2018,16,7,5,9,,4,0,Asphalt,1,1,1,55,3,3,3,3,0,0,1,0,false,false,false,false,false,false,false,false,false,false,false,false,false,false,false,false,false,false,false,false,false,false,-82.99023,42.39756,"{
  ""coordinates"": [
    -8.299023518934520e+01,
    4.239755774143980e+01
  ],
  ""type"": ""Point""
}","{
  ""coordinates"": [
    -82.990235189,
    42.397557741
  ],
  ""type"": ""Point""
}",-82.990235189,42.3975577410001
5465,1334611,TELEGRAPH,MCNICHOLS,2018-03-24,24,3,2018,23,7,5,2,,1,0,Asphalt,1,1,4,45,4,2,2,5,0,0,0,0,true,false,false,false,false,false,false,false,false,false,false,false,false,false,false,false,false,false,false,false,false,false,-83.27705,42.41616,"{
  ""coordinates"": [
    -8.327704776600760e+01,
    4.241616374939520e+01
  ],
  ""type"": ""Point""
}","{
  ""coordinates"": [
    -83.277047766,
    42.416163749
  ],
  ""type"": ""Point""
}",-83.277047766,42.4161637490001
5466,1335270,LIVERNOIS,GRAND RIVER,2018-03-24,24,3,2018,16,7,8,3,,4,0,Asphalt,1,1,1,30,3,2,8,5,0,0,0,0,true,false,false,false,false,false,false,false,false,false,false,false,false,false,true,false,false,false,false,false,false,false,-83.13879,42.36873,"{
  ""coordinates"": [
    -8.313879486116790e+01,
    4.236873310457980e+01
  ],
  ""type"": ""Point""
}","{
  ""coordinates"": [
    -83.138794861,
    42.368733105
  ],
  ""type"": ""Point""
}",-83.138794861,42.368733105
5467,1356020,I-94,VAN DYKE,2018-03-24,24,3,2018,23,7,5,1,,1,0,Asphalt,1,1,4,55,3,2,3,4,0,0,0,8,false,false,false,false,false,false,false,true,false,false,false,false,false,false,false,false,false,false,false,false,false,false,-83.02483,42.38521,"{
  ""coordinates"": [
    -8.302483602198100e+01,
    4.238521157154760e+01
  ],
  ""type"": ""Point""
}","{
  ""coordinates"": [
    -83.024836022,
    42.385211572
  ],
  ""type"": ""Point""
}",-83.024836022,42.3852115720001
5468,1333625,BEAUFAIT,THEODORE,2018-03-24,24,3,2018,1,7,1,9,,,1,,1,1,4,25,2,1,0,5,0,0,0,0,true,false,false,false,true,false,false,false,false,false,false,false,false,false,false,false,false,false,false,false,false,false,-83.02557,42.37212,"{
  ""coordinates"": [
    -8.302557678203470e+01,
    4.237212108093610e+01
  ],
  ""type"": ""Point""
}","{
  ""coordinates"": [
    -83.025576782,
    42.372121081
  ],
  ""type"": ""Point""
}",-83.025576782,42.372121081
5469,1335985,S/B M 39,PAUL,2018-03-24,24,3,2018,16,7,5,3,,1,0,Asphalt,1,1,1,55,3,2,7,5,0,0,0,0,true,false,false,false,false,false,false,false,false,false,false,false,false,false,false,false,false,false,false,false,false,false,-83.21593,42.336,"{
  ""coordinates"": [
    -8.321593009830259e+01,
    4.233600306117950e+01
  ],
  ""type"": ""Point""
}","{
  ""coordinates"": [
    -83.215930098,
    42.336003061
  ],
  ""type"": ""Point""
}",-83.2159300979999,42.336003061
5470,1358538,OUTER,JEFFERSON,2018-03-24,24,3,2018,2,7,1,9,,2,0,Asphalt,1,1,4,35,5,1,2,3,0,0,1,0,false,false,false,false,true,false,false,false,false,false,false,false,false,false,false,false,false,false,false,false,false,false,-83.17587,42.42103,"{
  ""coordinates"": [
    -8.317586166320640e+01,
    4.242102806184150e+01
  ],
  ""type"": ""Point""
}","{
  ""coordinates"": [
    -83.175861663,
    42.421028062
  ],
  ""type"": ""Point""
}",-83.175861663,42.4210280620001
5471,1333652,7 MILE,HAMBURG,2018-03-24,24,3,2018,11,7,1,9,,4,0,Asphalt,1,1,1,30,3,1,1,5,0,0,0,0,true,false,false,false,false,false,false,false,false,false,false,false,false,false,false,false,false,false,false,false,false,false,-82.99741,42.43464,"{
  ""coordinates"": [
    -8.299740730079530e+01,
    4.243463717771730e+01
  ],
  ""type"": ""Point""
}","{
  ""coordinates"": [
    -82.997407301,
    42.434637178
  ],
  ""type"": ""Point""
}",-82.997407301,42.4346371780001
5472,1335971,S/B M 39,FITZPATRICK,2018-03-24,24,3,2018,13,7,5,3,,1,0,Asphalt,1,1,1,55,3,2,2,5,0,0,0,0,true,false,false,false,false,false,false,false,false,false,true,false,false,false,true,false,false,false,false,false,false,false,-83.21655,42.36335,"{
  ""coordinates"": [
    -8.321654330449010e+01,
    4.236335337842830e+01
  ],
  ""type"": ""Point""
}","{
  ""coordinates"": [
    -83.216543304,
    42.363353378
  ],
  ""type"": ""Point""
}",-83.216543304,42.3633533780001
5473,1333599,WESSON,KONKEL,2018-03-24,24,3,2018,1,7,8,9,,,3,,98,1,5,25,2,2,1,5,0,0,0,0,true,false,false,false,true,false,false,false,false,false,false,false,false,false,false,false,false,false,false,false,false,false,-83.11213,42.32635,"{
  ""coordinates"": [
    -8.311213020120270e+01,
    4.232634571221260e+01
  ],
  ""type"": ""Point""
}","{
  ""coordinates"": [
    -83.112130201,
    42.326345712
  ],
  ""type"": ""Point""
}",-83.112130201,42.326345712
5474,1334608,CHICAGO,FITZPATRICK,2018-03-24,24,3,2018,22,7,8,9,,4,0,Asphalt,1,1,5,25,3,2,2,5,0,0,0,0,true,false,false,false,false,false,false,false,false,false,false,false,false,false,false,false,true,false,false,false,false,false,-83.21888,42.36502,"{
  ""coordinates"": [
    -8.321887982360590e+01,
    4.236501656303660e+01
  ],
  ""type"": ""Point""
}","{
  ""coordinates"": [
    -83.218879824,
    42.365016563
  ],
  ""type"": ""Point""
}",-83.2188798239999,42.365016563
5475,1333659,OUTER,CLIFF,2018-03-24,24,3,2018,0,7,4,9,,2,0,Asphalt,1,1,5,,3,2,1,5,0,0,0,0,true,false,false,false,true,false,false,false,false,false,false,false,false,false,false,false,false,false,false,false,false,false,-83.02854,42.44105,"{
  ""coordinates"": [
    -8.302853839490220e+01,
    4.244104614205940e+01
  ],
  ""type"": ""Point""
}","{
  ""coordinates"": [
    -83.028538395,
    42.441046142
  ],
  ""type"": ""Point""
}",-83.0285383949999,42.4410461420001
5476,1336925,PALMER,JOHN R,2018-03-24,24,3,2018,16,7,98,9,,,3,,1,98,98,25,2,2,0,5,0,0,0,0,true,false,false,false,true,false,false,false,false,false,false,false,false,false,false,false,false,false,false,false,false,false,-83.06503,42.36325,"{
  ""coordinates"": [
    -8.306502515859840e+01,
    4.236324656720370e+01
  ],
  ""type"": ""Point""
}","{
  ""coordinates"": [
    -83.065025159,
    42.363246567
  ],
  ""type"": ""Point""
}",-83.065025159,42.363246567
5477,1333602,MICHIGAN,LARKINS,2018-03-24,24,3,2018,16,7,5,2,,1,0,Asphalt,1,1,1,35,5,2,2,5,0,0,0,0,true,false,false,false,false,false,false,false,false,false,false,false,false,false,false,true,false,false,false,false,false,false,-83.13054,42.33111,"{
  ""coordinates"": [
    -8.313054070045040e+01,
    4.233110897345410e+01
  ],
  ""type"": ""Point""
}","{
  ""coordinates"": [
    -83.1305407,
    42.331108973
  ],
  ""type"": ""Point""
}",-83.1305407,42.331108973
5478,1351276,GREENFIELD,RAMP 136D,2018-03-24,24,3,2018,2,7,5,1,,2,0,Concrete,1,1,4,35,2,2,1,5,0,0,0,0,true,false,false,false,true,false,false,false,false,false,false,false,false,false,false,false,false,false,false,false,false,false,-83.19825,42.37959,"{
  ""coordinates"": [
    -8.319824750145490e+01,
    4.237959419831930e+01
  ],
  ""type"": ""Point""
}","{
  ""coordinates"": [
    -83.198247501,
    42.379594198
  ],
  ""type"": ""Point""
}",-83.198247501,42.3795941980001
5479,1334612,EVERGREEN,W I 96,2018-03-24,24,3,2018,11,7,5,9,,4,0,Concrete,1,1,1,30,4,2,1,5,0,0,0,0,true,false,false,false,false,false,false,false,false,false,false,false,false,false,false,false,false,false,false,false,false,false,-83.23666,42.38054,"{
  ""coordinates"": [
    -8.323665737328200e+01,
    4.238053372771950e+01
  ],
  ""type"": ""Point""
}","{
  ""coordinates"": [
    -83.236657373,
    42.380533728
  ],
  ""type"": ""Point""
}",-83.236657373,42.380533728
5480,1333604,MICHIGAN,LONYO,2018-03-24,24,3,2018,13,7,4,2,,1,0,Asphalt,1,1,1,35,5,2,2,5,0,0,0,0,true,false,false,false,false,false,false,false,false,false,false,false,false,false,false,false,false,false,false,false,false,false,-83.14445,42.33045,"{
  ""coordinates"": [
    -8.314444836702820e+01,
    4.233044979989020e+01
  ],
  ""type"": ""Point""
}","{
  ""coordinates"": [
    -83.144448367,
    42.3304498
  ],
  ""type"": ""Point""
}",-83.1444483669999,42.3304498000001
5481,1333554,M-10,GREENLAWN,2018-03-24,24,3,2018,5,7,5,3,,1,0,Concrete,1,1,4,55,3,2,3,5,0,0,0,0,true,false,false,false,false,false,false,false,false,false,false,false,false,false,false,false,false,false,false,false,false,false,-83.20128,42.44318,"{
  ""coordinates"": [
    -8.320128007446010e+01,
    4.244318170403990e+01
  ],
  ""type"": ""Point""
}","{
  ""coordinates"": [
    -83.201280074,
    42.443181704
  ],
  ""type"": ""Point""
}",-83.201280074,42.443181704
5482,1334639,8 MILE,HOOVER,2018-03-24,24,3,2018,3,7,8,3,,1,0,Asphalt,8,1,4,40,3,2,1,5,0,0,0,0,true,false,false,false,true,false,false,false,false,false,false,false,false,false,false,false,false,false,false,false,false,false,-83.00717,42.44873,"{
  ""coordinates"": [
    -8.300717336538411e+01,
    4.244873119958190e+01
  ],
  ""type"": ""Point""
}","{
  ""coordinates"": [
    -83.007173365,
    42.4487312
  ],
  ""type"": ""Point""
}",-83.007173365,42.4487312000001
5483,1336027,BRAMFORD,SAVAGE,2018-03-24,24,3,2018,10,7,1,9,,,0,,1,1,4,15,2,1,1,5,0,0,0,0,true,false,false,false,false,false,false,false,false,false,false,false,false,false,false,false,false,false,false,false,false,false,-83.02354,42.44613,"{
  ""coordinates"": [
    -8.302354598596381e+01,
    4.244612682498850e+01
  ],
  ""type"": ""Point""
}","{
  ""coordinates"": [
    -83.023545986,
    42.446126825
  ],
  ""type"": ""Point""
}",-83.023545986,42.4461268250001
5484,1334587,TRUMBULL,HOWARD,2018-03-24,24,3,2018,22,7,4,9,,4,0,Asphalt,1,1,4,30,2,2,2,5,0,0,0,0,true,false,false,false,false,false,false,false,false,false,false,false,false,false,false,false,false,false,false,false,false,false,-83.063,42.32627,"{
  ""coordinates"": [
    -8.306299573590820e+01,
    4.232627468249100e+01
  ],
  ""type"": ""Point""
}","{
  ""coordinates"": [
    -83.062995736,
    42.326274682
  ],
  ""type"": ""Point""
}",-83.0629957359999,42.3262746820001
5485,1335982,M-39,TIREMAN,2018-03-24,24,3,2018,13,7,8,3,,1,0,Asphalt,1,1,1,55,3,2,2,5,0,0,0,0,true,false,false,false,false,false,false,false,false,false,false,false,false,true,false,false,false,false,false,false,false,false,-83.21626,42.35035,"{
  ""coordinates"": [
    -8.321626242690300e+01,
    4.235034569664820e+01
  ],
  ""type"": ""Point""
}","{
  ""coordinates"": [
    -83.216262427,
    42.350345697
  ],
  ""type"": ""Point""
}",-83.2162624269999,42.3503456970001
5486,1333651,STATE FAIR,WESTPHALIA,2018-03-24,24,3,2018,11,7,4,9,,4,0,Asphalt,1,1,1,30,2,2,2,5,0,0,0,0,true,false,true,false,true,false,false,false,false,false,false,false,false,false,false,false,false,false,false,false,false,false,-82.99277,42.44201,"{
  ""coordinates"": [
    -8.299276886414140e+01,
    4.244200401914840e+01
  ],
  ""type"": ""Point""
}","{
  ""coordinates"": [
    -82.992768864,
    42.442004019
  ],
  ""type"": ""Point""
}",-82.992768864,42.4420040190001
5487,1335986,RAMP 006C,S M 39,2018-03-24,24,3,2018,17,7,5,3,,1,0,Asphalt,1,2,1,55,1,2,2,3,0,0,1,1,false,false,false,false,false,false,false,false,false,false,false,false,false,false,false,false,false,false,false,false,false,false,-83.21645,42.34573,"{
  ""coordinates"": [
    -8.321645652022990e+01,
    4.234572921900720e+01
  ],
  ""type"": ""Point""
}","{
  ""coordinates"": [
    -83.21645652,
    42.345729219
  ],
  ""type"": ""Point""
}",-83.21645652,42.3457292190001
5488,1346324,JEFFERSON,WOODWARD,2018-03-24,24,3,2018,11,7,5,3,,1,0,Asphalt,1,1,1,35,3,2,6,4,0,0,0,1,false,false,false,false,false,false,false,true,false,false,false,false,false,false,false,false,false,false,false,false,false,false,-83.04438,42.32893,"{
  ""coordinates"": [
    -8.304438165003640e+01,
    4.232892694215410e+01
  ],
  ""type"": ""Point""
}","{
  ""coordinates"": [
    -83.04438165,
    42.328926942
  ],
  ""type"": ""Point""
}",-83.0443816499999,42.3289269420001
5489,1335980,S I 75,RAMP 041I,2018-03-24,24,3,2018,12,7,1,1,,1,1,Concrete,1,1,1,55,2,1,1,4,0,0,0,1,false,false,false,false,false,false,true,false,false,false,false,false,false,false,false,false,false,false,false,false,false,false,-83.04468,42.34511,"{
  ""coordinates"": [
    -8.304467448177461e+01,
    4.234511243330340e+01
  ],
  ""type"": ""Point""
}","{
  ""coordinates"": [
    -83.044674482,
    42.345112433
  ],
  ""type"": ""Point""
}",-83.0446744819999,42.3451124330001
5490,1343903,GUNSTON,CHELSEA,2018-03-24,24,3,2018,9,7,1,9,,,0,,1,1,4,25,2,2,1,5,0,0,0,0,true,false,false,false,false,false,false,false,false,false,false,false,false,false,false,false,false,false,false,false,true,false,-82.99158,42.40433,"{
  ""coordinates"": [
    -8.299158056511260e+01,
    4.240433076335430e+01
  ],
  ""type"": ""Point""
}","{
  ""coordinates"": [
    -82.991580565,
    42.404330763
  ],
  ""type"": ""Point""
}",-82.9915805649999,42.4043307630001
5491,1333667,LIVERNOIS,CAMBRIDGE,2018-03-24,24,3,2018,12,7,97,9,,4,0,Asphalt,1,1,1,30,2,2,1,5,0,0,0,0,true,true,false,false,true,false,false,false,false,false,false,false,false,true,false,false,false,false,false,false,false,false,-83.14165,42.43344,"{
  ""coordinates"": [
    -8.314165091612050e+01,
    4.243344499499350e+01
  ],
  ""type"": ""Point""
}","{
  ""coordinates"": [
    -83.141650916,
    42.433444995
  ],
  ""type"": ""Point""
}",-83.1416509159999,42.4334449950001
5492,1333582,PLYMOUTH,LITTLEFIELD,2018-03-24,24,3,2018,4,7,4,9,,4,0,Asphalt,1,1,4,,2,2,2,5,0,0,0,0,true,false,true,false,true,false,false,false,false,false,false,false,false,false,false,false,false,false,false,false,false,false,-83.17583,42.37307,"{
  ""coordinates"": [
    -8.317583635575789e+01,
    4.237307545096270e+01
  ],
  ""type"": ""Point""
}","{
  ""coordinates"": [
    -83.175836356,
    42.373075451
  ],
  ""type"": ""Point""
}",-83.1758363559999,42.373075451
5493,1333583,GRAND RIVER,E I 96 SERVICE DRIVE,2018-03-24,24,3,2018,20,7,8,3,,1,0,Concrete,1,1,4,30,5,2,2,2,0,2,0,0,false,false,false,false,false,false,false,false,false,false,false,false,false,false,true,false,false,false,false,false,false,false,-83.175,42.38325,"{
  ""coordinates"": [
    -8.317500399074490e+01,
    4.238325072686070e+01
  ],
  ""type"": ""Point""
}","{
  ""coordinates"": [
    -83.175003991,
    42.383250727
  ],
  ""type"": ""Point""
}",-83.175003991,42.3832507270001
5494,1333666,8 MILE,BASIL,2018-03-24,24,3,2018,10,7,8,3,,1,0,Asphalt,1,1,1,40,4,2,2,5,0,0,0,0,true,false,false,false,false,false,false,false,false,false,false,false,false,false,false,false,false,false,false,false,false,false,-83.19556,42.4449,"{
  ""coordinates"": [
    -8.319556481993220e+01,
    4.244489890294660e+01
  ],
  ""type"": ""Point""
}","{
  ""coordinates"": [
    -83.19556482,
    42.444898903
  ],
  ""type"": ""Point""
}",-83.19556482,42.4448989030001
5495,1333623,GREENVIEW,SCHOOLCRAFT,2018-03-24,24,3,2018,6,7,2,9,,,2,,1,1,4,25,2,2,0,5,0,0,0,0,true,false,false,false,true,false,false,false,false,false,false,false,false,false,false,false,false,false,false,false,false,false,-83.22354,42.38628,"{
  ""coordinates"": [
    -8.322354023895591e+01,
    4.238627734705370e+01
  ],
  ""type"": ""Point""
}","{
  ""coordinates"": [
    -83.223540239,
    42.386277347
  ],
  ""type"": ""Point""
}",-83.223540239,42.386277347
5496,1333573,N M 39,GRAND RIVER,2018-03-24,24,3,2018,18,7,5,3,,1,0,Asphalt,1,2,1,55,3,2,2,4,0,0,0,1,false,false,false,false,true,false,false,false,false,false,false,false,false,false,false,false,false,false,false,false,false,false,-83.21819,42.39988,"{
  ""coordinates"": [
    -8.321819367858819e+01,
    4.239987438152620e+01
  ],
  ""type"": ""Point""
}","{
  ""coordinates"": [
    -83.218193679,
    42.399874382
  ],
  ""type"": ""Point""
}",-83.218193679,42.3998743820001
5497,1333624,TIREMAN,RUTHERFORD,2018-03-24,24,3,2018,2,7,2,9,,4,2,Concrete,1,1,4,30,2,2,1,5,0,0,0,0,true,false,false,false,true,false,false,false,false,false,false,false,false,false,false,false,false,false,false,false,false,false,-83.20179,42.35081,"{
  ""coordinates"": [
    -8.320178926080420e+01,
    4.235081433992120e+01
  ],
  ""type"": ""Point""
}","{
  ""coordinates"": [
    -83.201789261,
    42.35081434
  ],
  ""type"": ""Point""
}",-83.201789261,42.3508143400001
5498,1333591,MONROE,BRUSH,2018-03-24,24,3,2018,15,7,8,9,,4,0,Asphalt,1,1,1,30,2,2,2,5,0,0,0,0,true,false,false,false,false,false,false,false,false,false,false,false,false,true,false,false,false,false,false,false,false,false,-83.04395,42.33432,"{
  ""coordinates"": [
    -8.304395169673310e+01,
    4.233432389742490e+01
  ],
  ""type"": ""Point""
}","{
  ""coordinates"": [
    -83.043951697,
    42.334323897
  ],
  ""type"": ""Point""
}",-83.043951697,42.334323897
5499,1334626,7 MILE,HUNTINGTON,2018-03-24,24,3,2018,0,7,98,9,,2,0,Asphalt,1,1,5,35,2,2,1,5,0,0,0,0,true,false,false,false,true,false,false,false,false,false,false,false,false,false,false,false,false,false,false,false,false,false,-83.23327,42.42973,"{
  ""coordinates"": [
    -8.323327062100670e+01,
    4.242972464401810e+01
  ],
  ""type"": ""Point""
}","{
  ""coordinates"": [
    -83.233270621,
    42.429724644
  ],
  ""type"": ""Point""
}",-83.233270621,42.429724644
5500,1347232,N I 75,CLARK,2018-03-24,24,3,2018,4,7,8,1,,1,0,Concrete,1,1,4,55,3,2,1,5,0,0,0,0,true,false,false,false,true,false,false,false,false,false,false,false,false,false,false,false,false,false,false,false,false,false,-83.09267,42.3128,"{
  ""coordinates"": [
    -8.309266759793680e+01,
    4.231279764465120e+01
  ],
  ""type"": ""Point""
}","{
  ""coordinates"": [
    -83.092667598,
    42.312797645
  ],
  ""type"": ""Point""
}",-83.0926675979999,42.312797645
5501,1338654,S I 75,ROSA PARKS,2018-03-24,24,3,2018,12,7,8,1,,1,0,Concrete,1,1,1,35,2,2,1,5,0,0,0,0,true,false,false,false,true,false,false,false,false,false,false,false,false,false,false,false,false,false,false,false,false,false,-83.07323,42.33341,"{
  ""coordinates"": [
    -8.307322731085929e+01,
    4.233340932322980e+01
  ],
  ""type"": ""Point""
}","{
  ""coordinates"": [
    -83.073227311,
    42.333409323
  ],
  ""type"": ""Point""
}",-83.073227311,42.3334093230001
5502,1333572,RAMP 046B,S I 75,2018-03-24,24,3,2018,1,7,8,1,,1,0,Asphalt,1,1,4,70,1,2,3,5,0,0,0,0,true,false,false,false,true,false,false,false,false,false,false,false,false,false,false,false,false,false,false,false,false,false,-83.06692,42.38419,"{
  ""coordinates"": [
    -8.306692098551540e+01,
    4.238418841127330e+01
  ],
  ""type"": ""Point""
}","{
  ""coordinates"": [
    -83.066920986,
    42.384188411
  ],
  ""type"": ""Point""
}",-83.066920986,42.384188411
5503,1341997,WHITEHILL,BONITA,2018-03-24,24,3,2018,19,7,4,9,,,0,,1,1,1,25,2,2,7,5,0,0,0,0,true,true,false,false,false,false,false,false,false,false,false,false,false,false,false,false,false,false,false,false,false,false,-82.96088,42.41423,"{
  ""coordinates"": [
    -8.296087938306330e+01,
    4.241422899724770e+01
  ],
  ""type"": ""Point""
}","{
  ""coordinates"": [
    -82.960879383,
    42.414228997
  ],
  ""type"": ""Point""
}",-82.960879383,42.4142289970001