ObjectId,Crash ID,Primary Road,Intersecting Road,Crash Date,Day,Month,Year,Hour,Weekday,Crash Type Code,Highway Classification Code,Community Code,Jurisdiction Code,Lane Departure Type Code,Surface Type,Road Condition,Weather Condition,Lighting Condition,Speed Limit,Lanes,Units,Occupants,Most Severe Injury,Fatal Injuries,Suspected Serious Injuries,Suspected Minor Injuries,Possible Injuries,Property Damage Only,Secondary Crash,Traffic Control,Red Light Run,Hit and Run,Alcohol,Drugs,Unbelted Person,Work Zone,Speeding Driver,Distracted Driver,Driveway,Pedestrian,Elderly Driver,Young Driver,Commercial Vehicle,Emergency Vehicles,Train,School Bus,Motorcycle,Bicycle,Deer,Longitude,Latitude,geom,geog,x,y
5558,1333630,VAN DYKE,E I 94,2018-03-23,23,3,2018,23,6,4,3,,1,0,Asphalt,1,1,4,35,5,2,2,4,0,0,0,2,false,false,false,false,true,false,false,false,false,false,false,false,false,false,false,false,false,false,false,false,false,false,-83.0201,42.38617,"{
  ""coordinates"": [
    -8.302010046011731e+01,
    4.238617437067770e+01
  ],
  ""type"": ""Point""
}","{
  ""coordinates"": [
    -83.02010046,
    42.386174371
  ],
  ""type"": ""Point""
}",-83.02010046,42.386174371
5559,1333569,W M 8,RAMP 139G,2018-03-23,23,3,2018,23,6,8,3,,1,0,Concrete,1,2,4,70,3,2,3,5,0,0,0,0,true,false,false,false,true,false,false,false,false,false,false,false,false,false,true,false,false,false,false,false,false,false,-83.15341,42.38524,"{
  ""coordinates"": [
    -8.315341524252869e+01,
    4.238524236986870e+01
  ],
  ""type"": ""Point""
}","{
  ""coordinates"": [
    -83.153415243,
    42.38524237
  ],
  ""type"": ""Point""
}",-83.153415243,42.3852423700001
5560,1333626,RUSSELL,HANCOCK,2018-03-23,23,3,2018,19,6,9,9,,4,2,Asphalt,1,1,3,30,2,2,3,2,0,1,0,0,false,false,false,false,false,false,false,false,false,false,false,false,false,false,false,false,true,false,false,false,false,false,-83.05023,42.361,"{
  ""coordinates"": [
    -8.305022831758200e+01,
    4.236099465302530e+01
  ],
  ""type"": ""Point""
}","{
  ""coordinates"": [
    -83.050228318,
    42.360994653
  ],
  ""type"": ""Point""
}",-83.0502283179999,42.360994653
5561,1334579,WASHINGTON,STATE,2018-03-23,23,3,2018,8,6,8,9,,4,0,,1,1,1,15,3,2,2,5,0,0,0,0,true,false,false,false,false,false,false,false,false,false,false,false,false,false,false,false,false,false,false,false,false,false,-83.05119,42.33223,"{
  ""coordinates"": [
    -8.305118987976820e+01,
    4.233222750737190e+01
  ],
  ""type"": ""Point""
}","{
  ""coordinates"": [
    -83.05118988,
    42.332227507
  ],
  ""type"": ""Point""
}",-83.05118988,42.332227507
5562,1333571,I-96,MANSFIELD,2018-03-23,23,3,2018,23,6,1,9,,2,1,Asphalt,1,1,4,70,3,1,3,4,0,0,0,3,false,false,false,false,false,false,false,false,false,false,false,false,false,false,true,false,false,false,false,false,false,false,-83.20338,42.38695,"{
  ""coordinates"": [
    -8.320338547079091e+01,
    4.238694670959220e+01
  ],
  ""type"": ""Point""
}","{
  ""coordinates"": [
    -83.203385471,
    42.38694671
  ],
  ""type"": ""Point""
}",-83.203385471,42.3869467100001
5563,1333644,NOTTINGHAM,YORKSHIRE,2018-03-23,23,3,2018,8,6,4,9,,,0,,4,1,1,25,2,2,7,5,0,0,0,0,true,false,false,false,true,false,false,false,false,false,false,false,false,false,false,false,false,false,false,false,false,false,-82.94936,42.41793,"{
  ""coordinates"": [
    -8.294936480489920e+01,
    4.241792860978000e+01
  ],
  ""type"": ""Point""
}","{
  ""coordinates"": [
    -82.949364805,
    42.41792861
  ],
  ""type"": ""Point""
}",-82.949364805,42.41792861
5564,1333586,HARPER,WOODWARD,2018-03-23,23,3,2018,15,6,4,3,,,0,,1,1,1,35,6,2,3,5,0,0,0,0,true,false,false,false,false,false,false,false,false,false,false,false,false,true,false,true,false,false,false,false,false,false,-83.06988,42.36518,"{
  ""coordinates"": [
    -8.306987912120169e+01,
    4.236518010862470e+01
  ],
  ""type"": ""Point""
}","{
  ""coordinates"": [
    -83.069879121,
    42.365180109
  ],
  ""type"": ""Point""
}",-83.069879121,42.3651801090001
5565,1333595,VERNOR,STAIR,2018-03-23,23,3,2018,17,6,8,9,,4,0,Asphalt,1,1,1,35,2,2,3,5,0,0,0,0,true,false,false,false,false,false,false,false,false,false,false,false,false,false,false,false,false,false,false,false,false,false,-83.12203,42.31358,"{
  ""coordinates"": [
    -8.312202843160790e+01,
    4.231357784877450e+01
  ],
  ""type"": ""Point""
}","{
  ""coordinates"": [
    -83.122028432,
    42.313577849
  ],
  ""type"": ""Point""
}",-83.122028432,42.3135778490001
5566,1333533,W I 94,RAMP 218C,2018-03-23,23,3,2018,9,6,5,1,,1,0,Asphalt,1,1,1,55,3,2,2,4,0,0,0,1,false,false,false,false,false,false,false,false,false,false,false,false,false,false,false,false,false,false,false,false,false,false,-83.01642,42.3877,"{
  ""coordinates"": [
    -8.301641543519330e+01,
    4.238770436185500e+01
  ],
  ""type"": ""Point""
}","{
  ""coordinates"": [
    -83.016415435,
    42.387704362
  ],
  ""type"": ""Point""
}",-83.0164154349999,42.3877043620001
5567,1333548,I-94,LIVERNOIS,2018-03-23,23,3,2018,23,6,5,1,,1,0,Asphalt,1,1,4,55,3,2,2,4,0,0,0,1,false,false,false,false,false,false,false,false,false,false,false,false,false,false,true,false,false,false,false,false,false,false,-83.12666,42.33676,"{
  ""coordinates"": [
    -8.312665224588650e+01,
    4.233675922337110e+01
  ],
  ""type"": ""Point""
}","{
  ""coordinates"": [
    -83.126652246,
    42.336759223
  ],
  ""type"": ""Point""
}",-83.1266522459999,42.3367592230001
5568,1333563,W/B I-94,BEAUBIEN,2018-03-23,23,3,2018,7,6,5,1,,1,0,Asphalt,1,1,1,55,4,2,2,4,0,0,0,1,false,false,false,false,false,false,false,false,false,false,false,false,false,false,false,false,false,false,false,false,false,false,-83.0631,42.36631,"{
  ""coordinates"": [
    -8.306309872853660e+01,
    4.236631430869940e+01
  ],
  ""type"": ""Point""
}","{
  ""coordinates"": [
    -83.063098729,
    42.366314309
  ],
  ""type"": ""Point""
}",-83.063098729,42.3663143090001
5569,1333570,I-75,7 MILE,2018-03-23,23,3,2018,18,6,5,1,,1,0,Asphalt,1,1,1,70,4,2,5,5,0,0,0,0,true,false,false,false,false,false,false,false,false,false,false,false,false,true,false,false,false,false,false,false,false,false,-83.09452,42.43139,"{
  ""coordinates"": [
    -8.309452260922590e+01,
    4.243138550000230e+01
  ],
  ""type"": ""Point""
}","{
  ""coordinates"": [
    -83.094522609,
    42.4313855
  ],
  ""type"": ""Point""
}",-83.094522609,42.4313855
5570,1335271,EWALD,DAVISON,2018-03-23,23,3,2018,,6,98,3,,4,0,Asphalt,1,1,98,25,2,2,0,5,0,0,0,0,true,false,false,false,true,false,false,false,false,false,false,false,false,false,false,false,false,false,false,false,false,false,-83.14528,42.38622,"{
  ""coordinates"": [
    -8.314527943908470e+01,
    4.238622130575660e+01
  ],
  ""type"": ""Point""
}","{
  ""coordinates"": [
    -83.145279439,
    42.386221306
  ],
  ""type"": ""Point""
}",-83.145279439,42.386221306
5571,1335965,S I 75,RAMP 216J,2018-03-23,23,3,2018,13,6,5,1,,1,0,Concrete,1,1,1,55,4,2,2,5,0,0,0,0,true,false,false,false,false,false,false,false,false,false,true,false,false,false,false,false,false,false,false,false,false,false,-83.05875,42.36967,"{
  ""coordinates"": [
    -8.305874966625630e+01,
    4.236967530441710e+01
  ],
  ""type"": ""Point""
}","{
  ""coordinates"": [
    -83.058749666,
    42.369675304
  ],
  ""type"": ""Point""
}",-83.058749666,42.3696753040001
5572,1332364,PETER HUNT,SENECA,2018-03-23,23,3,2018,3,6,1,9,,,1,,1,1,5,25,1,1,2,5,0,0,0,0,true,false,false,false,false,false,false,false,false,true,false,false,false,false,false,false,false,false,false,false,false,false,-83.01789,42.39202,"{
  ""coordinates"": [
    -8.301789367585739e+01,
    4.239202230699520e+01
  ],
  ""type"": ""Point""
}","{
  ""coordinates"": [
    -83.017893676,
    42.392022307
  ],
  ""type"": ""Point""
}",-83.017893676,42.392022307
5573,1333629,GRATIOT,BURNS,2018-03-23,23,3,2018,17,6,5,3,,1,0,Asphalt,1,1,1,35,7,2,2,5,0,0,0,0,true,false,false,false,false,false,false,false,false,false,false,false,false,false,false,false,false,false,false,false,false,false,-83.01096,42.38447,"{
  ""coordinates"": [
    -8.301095577517370e+01,
    4.238446954178880e+01
  ],
  ""type"": ""Point""
}","{
  ""coordinates"": [
    -83.010955775,
    42.384469542
  ],
  ""type"": ""Point""
}",-83.010955775,42.384469542
5574,1346734,GREENFIELD,WARREN,2018-03-23,23,3,2018,16,6,4,9,,2,0,Asphalt,1,1,1,35,5,2,2,5,0,0,0,0,true,false,false,false,false,false,false,false,false,false,false,false,false,false,false,false,false,false,false,false,false,false,-83.19629,42.34395,"{
  ""coordinates"": [
    -8.319629199874210e+01,
    4.234394694404880e+01
  ],
  ""type"": ""Point""
}","{
  ""coordinates"": [
    -83.196291999,
    42.343946944
  ],
  ""type"": ""Point""
}",-83.196291999,42.343946944
5575,1333557,W/B I 94,ADDISON,2018-03-23,23,3,2018,17,6,5,1,,1,0,Asphalt,1,1,1,55,3,2,2,5,0,0,0,0,true,false,false,false,false,false,false,false,false,false,false,false,false,false,false,false,false,false,false,false,false,false,-83.15291,42.32975,"{
  ""coordinates"": [
    -8.315290640256811e+01,
    4.232974907791320e+01
  ],
  ""type"": ""Point""
}","{
  ""coordinates"": [
    -83.152906403,
    42.329749078
  ],
  ""type"": ""Point""
}",-83.152906403,42.3297490780001
5576,1333627,MACK,JOSEPH CAMPAU,2018-03-23,23,3,2018,7,6,4,9,,4,0,Asphalt,1,1,1,25,2,2,14,3,0,0,1,4,false,false,true,false,false,false,false,false,false,false,true,false,false,true,false,false,false,false,false,false,false,false,-83.03162,42.35763,"{
  ""coordinates"": [
    -8.303162201218279e+01,
    4.235762864585460e+01
  ],
  ""type"": ""Point""
}","{
  ""coordinates"": [
    -83.031622012,
    42.357628646
  ],
  ""type"": ""Point""
}",-83.031622012,42.3576286460001
5577,1333590,GRAND RIVER,FIRST,2018-03-23,23,3,2018,9,6,5,3,,1,0,Asphalt,1,1,1,35,2,2,0,5,0,0,0,0,true,false,false,false,true,false,false,false,false,false,false,false,false,false,false,false,false,false,false,false,false,false,-83.05617,42.33526,"{
  ""coordinates"": [
    -8.305616405776210e+01,
    4.233525681826830e+01
  ],
  ""type"": ""Point""
}","{
  ""coordinates"": [
    -83.056164058,
    42.335256818
  ],
  ""type"": ""Point""
}",-83.056164058,42.3352568180001
5578,1334634,MACK,MCKINLEY,2018-03-23,23,3,2018,8,6,5,9,,2,0,Asphalt,1,1,2,35,2,2,3,5,0,0,0,0,true,false,false,false,false,false,false,false,false,false,false,false,false,true,false,false,false,false,false,false,false,false,-82.91461,42.40815,"{
  ""coordinates"": [
    -8.291461135330189e+01,
    4.240815537840940e+01
  ],
  ""type"": ""Point""
}","{
  ""coordinates"": [
    -82.914611353,
    42.408155378
  ],
  ""type"": ""Point""
}",-82.9146113529999,42.4081553780001
5579,1335224,W I 94,GRAND,2018-03-23,23,3,2018,15,6,5,1,,1,0,Asphalt,1,1,1,55,3,3,4,4,0,0,0,2,false,false,false,false,false,false,false,false,false,false,false,false,false,false,false,false,false,false,false,false,false,false,-83.1084,42.34732,"{
  ""coordinates"": [
    -8.310839732825799e+01,
    4.234732232943590e+01
  ],
  ""type"": ""Point""
}","{
  ""coordinates"": [
    -83.108397328,
    42.347322329
  ],
  ""type"": ""Point""
}",-83.108397328,42.3473223290001
5580,1333622,N M 39 SERVICE DRIVE,TIREMAN,2018-03-23,23,3,2018,12,6,10,9,,4,0,Asphalt,1,1,1,25,2,2,1,5,0,0,0,0,true,false,false,false,true,false,false,false,false,false,false,false,false,false,false,false,false,false,false,false,false,false,-83.21594,42.35054,"{
  ""coordinates"": [
    -8.321594029948091e+01,
    4.235054338340220e+01
  ],
  ""type"": ""Point""
}","{
  ""coordinates"": [
    -83.215940299,
    42.350543383
  ],
  ""type"": ""Point""
}",-83.215940299,42.3505433830001
5581,1333596,MICHIGAN,LUMLEY,2018-03-23,23,3,2018,8,6,4,2,,1,0,Asphalt,1,1,1,,2,2,2,5,0,0,0,0,true,false,false,false,false,false,false,false,false,false,false,false,false,false,false,false,false,false,false,false,false,false,-83.14114,42.33112,"{
  ""coordinates"": [
    -8.314113288177140e+01,
    4.233111390543980e+01
  ],
  ""type"": ""Point""
}","{
  ""coordinates"": [
    -83.141132882,
    42.331113905
  ],
  ""type"": ""Point""
}",-83.141132882,42.3311139050001
5582,1333601,DRAGOON,REGULAR,2018-03-23,23,3,2018,7,6,5,9,,4,0,Asphalt,1,1,1,25,2,2,1,5,0,0,0,0,true,false,false,false,false,false,false,false,false,false,true,false,false,false,false,false,false,false,false,false,false,false,-83.10625,42.31268,"{
  ""coordinates"": [
    -8.310625045345360e+01,
    4.231267576076640e+01
  ],
  ""type"": ""Point""
}","{
  ""coordinates"": [
    -83.106250453,
    42.312675761
  ],
  ""type"": ""Point""
}",-83.106250453,42.312675761
5583,1333564,S/B M-39,SCHOOLCRAFT,2018-03-23,23,3,2018,13,6,5,3,,1,0,Asphalt,1,1,1,55,3,2,2,5,0,0,0,0,true,false,false,false,false,false,false,false,false,false,false,false,false,false,false,false,false,false,false,false,false,false,-83.21772,42.38643,"{
  ""coordinates"": [
    -8.321772332127250e+01,
    4.238643123155860e+01
  ],
  ""type"": ""Point""
}","{
  ""coordinates"": [
    -83.217723321,
    42.386431232
  ],
  ""type"": ""Point""
}",-83.2177233209999,42.3864312320001
5584,1338583,I-94,24TH,2018-03-22,22,3,2018,14,5,5,1,,1,0,Asphalt,1,1,1,55,3,2,3,4,0,0,0,1,false,false,false,false,false,false,false,false,false,false,false,false,false,false,false,false,false,false,false,false,false,false,-83.10232,42.34908,"{
  ""coordinates"": [
    -8.310231779951710e+01,
    4.234908176887470e+01
  ],
  ""type"": ""Point""
}","{
  ""coordinates"": [
    -83.1023178,
    42.349081769
  ],
  ""type"": ""Point""
}",-83.1023178,42.3490817690001
5585,1333603,MICHIGAN,GRAND,2018-03-22,22,3,2018,8,5,5,2,,1,0,Asphalt,1,1,1,45,3,2,2,5,0,0,0,0,true,false,false,false,false,false,false,false,false,false,false,false,false,true,false,false,false,false,false,false,false,false,-83.09554,42.33133,"{
  ""coordinates"": [
    -8.309553716669120e+01,
    4.233133496221590e+01
  ],
  ""type"": ""Point""
}","{
  ""coordinates"": [
    -83.095537167,
    42.331334962
  ],
  ""type"": ""Point""
}",-83.095537167,42.331334962
5586,1335228,M 39,SCHOOLCRAFT,2018-03-22,22,3,2018,18,5,5,3,,1,0,Asphalt,1,1,1,55,3,2,2,5,0,0,0,0,true,false,false,false,false,false,false,false,false,false,false,false,false,false,false,false,false,false,false,false,false,false,-83.21774,42.38698,"{
  ""coordinates"": [
    -8.321774521749229e+01,
    4.238698171097640e+01
  ],
  ""type"": ""Point""
}","{
  ""coordinates"": [
    -83.217745217,
    42.386981711
  ],
  ""type"": ""Point""
}",-83.217745217,42.386981711
5587,1332371,7 MILE,SOUTHFIELD SERVICE DRIVE,2018-03-22,22,3,2018,19,5,5,9,,2,0,Asphalt,1,1,1,35,4,3,4,5,0,0,0,0,true,true,false,false,false,false,false,false,false,false,true,false,false,false,true,false,false,false,false,false,false,false,-83.21975,42.43001,"{
  ""coordinates"": [
    -8.321975019293450e+01,
    4.243000995518580e+01
  ],
  ""type"": ""Point""
}","{
  ""coordinates"": [
    -83.219750193,
    42.430009955
  ],
  ""type"": ""Point""
}",-83.219750193,42.4300099550001
5588,1334589,LARNED,SAINT ANTOINE,2018-03-22,22,3,2018,18,5,5,9,,4,0,Asphalt,1,1,1,25,3,2,3,5,0,0,0,0,true,false,false,false,false,false,false,false,false,false,false,false,false,false,false,true,true,false,false,false,false,false,-83.03889,42.33216,"{
  ""coordinates"": [
    -8.303889767492390e+01,
    4.233216483854040e+01
  ],
  ""type"": ""Point""
}","{
  ""coordinates"": [
    -83.038897675,
    42.332164839
  ],
  ""type"": ""Point""
}",-83.038897675,42.332164839
5589,1338739,OUTER,SCHAEFER,2018-03-22,22,3,2018,19,5,4,9,,2,0,Asphalt,1,1,1,35,2,2,2,5,0,0,0,0,true,false,true,true,false,false,false,false,false,false,false,false,false,false,false,false,false,false,false,false,false,false,-83.18027,42.4203,"{
  ""coordinates"": [
    -8.318027284815500e+01,
    4.242030427560780e+01
  ],
  ""type"": ""Point""
}","{
  ""coordinates"": [
    -83.180272848,
    42.420304276
  ],
  ""type"": ""Point""
}",-83.180272848,42.420304276
5590,1348436,W I 96 CD,RAMP 135C,2018-03-22,22,3,2018,14,5,5,1,,1,0,Concrete,1,1,1,25,2,2,2,5,0,0,0,0,true,false,false,false,false,false,false,false,false,false,false,false,false,false,true,false,false,false,false,false,false,false,-83.23428,42.37924,"{
  ""coordinates"": [
    -8.323427249498810e+01,
    4.237923661848990e+01
  ],
  ""type"": ""Point""
}","{
  ""coordinates"": [
    -83.234272495,
    42.379236618
  ],
  ""type"": ""Point""
}",-83.234272495,42.379236618
5591,1333634,FERGUSON,CLARITA,2018-03-22,22,3,2018,19,5,97,9,,,0,,1,1,1,25,2,2,1,5,0,0,0,0,true,false,false,false,true,false,false,false,false,false,false,true,false,false,false,false,false,false,false,false,false,false,-83.21053,42.4283,"{
  ""coordinates"": [
    -8.321052965780140e+01,
    4.242830047141830e+01
  ],
  ""type"": ""Point""
}","{
  ""coordinates"": [
    -83.210529658,
    42.428300471
  ],
  ""type"": ""Point""
}",-83.210529658,42.4283004710001
5592,1333650,7MILE,ROWE,2018-03-22,22,3,2018,19,5,97,9,,4,0,Asphalt,1,1,1,30,5,2,4,5,0,0,0,0,true,false,false,false,false,false,false,false,false,false,false,false,false,false,false,false,false,false,false,false,false,false,-83.00362,42.43446,"{
  ""coordinates"": [
    -8.300362328215760e+01,
    4.243445726996800e+01
  ],
  ""type"": ""Point""
}","{
  ""coordinates"": [
    -83.003623282,
    42.43445727
  ],
  ""type"": ""Point""
}",-83.003623282,42.4344572700001
5593,1332366,VAN DYKE,HARPER,2018-03-22,22,3,2018,17,5,5,3,,1,0,Asphalt,1,1,1,30,4,2,1,4,0,0,0,1,false,false,false,false,true,false,false,false,false,false,false,false,false,false,false,false,false,false,false,false,false,false,-83.02158,42.38823,"{
  ""coordinates"": [
    -8.302158595798950e+01,
    4.238823466040710e+01
  ],
  ""type"": ""Point""
}","{
  ""coordinates"": [
    -83.021585958,
    42.38823466
  ],
  ""type"": ""Point""
}",-83.0215859579999,42.3882346600001
5594,1355132,FORT,FIRST,2018-03-22,22,3,2018,18,5,4,3,,1,0,Asphalt,1,1,1,35,5,2,2,4,0,0,0,1,false,false,true,true,false,false,false,false,false,false,false,false,false,false,false,false,false,false,false,false,false,false,-83.05209,42.32869,"{
  ""coordinates"": [
    -8.305208677734031e+01,
    4.232869229652480e+01
  ],
  ""type"": ""Point""
}","{
  ""coordinates"": [
    -83.052086777,
    42.328692297
  ],
  ""type"": ""Point""
}",-83.0520867769999,42.328692297
5595,1333543,I 75 S/B,WOODWARD,2018-03-22,22,3,2018,17,5,5,1,,1,0,Concrete,1,1,1,55,4,2,2,4,0,0,0,1,false,false,false,false,false,false,false,false,false,false,false,false,false,false,false,false,false,false,false,false,false,false,-83.05624,42.33848,"{
  ""coordinates"": [
    -8.305624103690450e+01,
    4.233847854396730e+01
  ],
  ""type"": ""Point""
}","{
  ""coordinates"": [
    -83.056241037,
    42.338478544
  ],
  ""type"": ""Point""
}",-83.0562410369999,42.3384785440001
5596,1334605,KERCHEVAL,LYCAST,2018-03-22,22,3,2018,15,5,4,9,,,0,,1,1,1,25,7,2,2,5,0,0,0,0,true,false,true,false,false,false,false,false,false,false,false,false,false,false,false,false,false,false,false,false,false,false,-82.96934,42.37047,"{
  ""coordinates"": [
    -8.296933550209080e+01,
    4.237046810288730e+01
  ],
  ""type"": ""Point""
}","{
  ""coordinates"": [
    -82.969335502,
    42.370468103
  ],
  ""type"": ""Point""
}",-82.969335502,42.3704681030001
5597,1333576,FREELAND,GROVE,2018-03-22,22,3,2018,20,5,8,9,,,3,,1,1,4,25,2,2,0,5,0,0,0,0,true,false,false,false,false,false,false,false,false,false,false,false,false,false,false,false,false,false,false,false,false,false,-83.18605,42.4138,"{
  ""coordinates"": [
    -8.318605166945420e+01,
    4.241380481468280e+01
  ],
  ""type"": ""Point""
}","{
  ""coordinates"": [
    -83.186051669,
    42.413804815
  ],
  ""type"": ""Point""
}",-83.1860516689999,42.413804815
5598,1332370,SEVEN MILE,WESTMORELAND,2018-03-22,22,3,2018,18,5,3,9,,2,0,Asphalt,1,1,1,,4,2,2,5,0,0,0,0,true,false,false,false,false,false,false,false,false,false,true,false,false,false,false,false,false,false,false,false,false,false,-83.2365,42.42964,"{
  ""coordinates"": [
    -8.323649630928610e+01,
    4.242963729659440e+01
  ],
  ""type"": ""Point""
}","{
  ""coordinates"": [
    -83.236496309,
    42.429637297
  ],
  ""type"": ""Point""
}",-83.236496309,42.4296372970001
5599,1333640,GUILFORD,SOUTHAMPTON,2018-03-22,22,3,2018,8,5,97,9,,,0,,1,1,1,25,2,3,6,4,0,0,0,3,false,false,true,false,false,false,false,false,false,false,false,false,false,false,true,false,false,false,false,false,false,false,-82.92924,42.41042,"{
  ""coordinates"": [
    -8.292923388071090e+01,
    4.241042050618100e+01
  ],
  ""type"": ""Point""
}","{
  ""coordinates"": [
    -82.929233881,
    42.410420506
  ],
  ""type"": ""Point""
}",-82.929233881,42.410420506
5600,1333653,S I 75 SERVICE DRIVE,SPRINGWELLS,2018-03-22,22,3,2018,4,5,8,9,,4,0,Asphalt,1,1,1,25,2,2,1,5,0,0,0,0,true,false,false,false,true,false,false,false,false,false,false,false,false,false,false,false,false,false,false,false,false,false,-83.11954,42.30191,"{
  ""coordinates"": [
    -8.311953869124380e+01,
    4.230191024860540e+01
  ],
  ""type"": ""Point""
}","{
  ""coordinates"": [
    -83.119538691,
    42.301910249
  ],
  ""type"": ""Point""
}",-83.1195386909999,42.3019102490001
5601,1338744,LIVERNOIS,CAMBRIDGE,2018-03-22,22,3,2018,9,5,8,9,,4,0,Asphalt,1,1,1,30,2,2,1,4,0,0,0,1,false,false,false,false,false,false,false,false,false,true,false,false,false,false,false,false,false,false,false,false,false,false,-83.14166,42.43375,"{
  ""coordinates"": [
    -8.314166314351409e+01,
    4.243374920366080e+01
  ],
  ""type"": ""Point""
}","{
  ""coordinates"": [
    -83.141663144,
    42.433749204
  ],
  ""type"": ""Point""
}",-83.1416631439999,42.433749204
5602,1338629,I-75,7 MILE,2018-03-22,22,3,2018,8,5,8,1,,1,0,Asphalt,1,1,1,70,4,2,4,5,0,0,0,0,true,false,false,false,false,false,false,false,false,false,false,false,false,false,false,false,false,false,false,false,false,false,-83.09422,42.42887,"{
  ""coordinates"": [
    -8.309422573598290e+01,
    4.242887398933620e+01
  ],
  ""type"": ""Point""
}","{
  ""coordinates"": [
    -83.094225736,
    42.428873989
  ],
  ""type"": ""Point""
}",-83.0942257359999,42.4288739890001
5603,1333585,WOODWARD,BURLINGAME,2018-03-22,22,3,2018,15,5,5,3,,1,0,Asphalt,1,1,1,35,3,2,2,5,0,0,0,0,true,false,false,false,false,false,false,false,false,false,false,false,false,false,false,false,false,false,false,false,false,false,-83.08768,42.39164,"{
  ""coordinates"": [
    -8.308768206087670e+01,
    4.239164474847350e+01
  ],
  ""type"": ""Point""
}","{
  ""coordinates"": [
    -83.087682061,
    42.391644748
  ],
  ""type"": ""Point""
}",-83.087682061,42.391644748
5604,1338896,HERN,JEAN,2018-03-22,22,3,2018,9,5,97,9,,4,0,Asphalt,1,1,1,25,2,2,4,5,0,0,0,0,true,false,false,false,false,false,false,false,false,false,false,false,false,true,false,true,false,false,false,false,false,false,-82.98884,42.3949,"{
  ""coordinates"": [
    -8.298883487028050e+01,
    4.239490063168430e+01
  ],
  ""type"": ""Point""
}","{
  ""coordinates"": [
    -82.98883487,
    42.394900632
  ],
  ""type"": ""Point""
}",-82.9888348699999,42.394900632
5605,1338630,E I 94,RAMP 211D,2018-03-22,22,3,2018,15,5,5,1,,1,0,Asphalt,1,1,1,55,3,3,6,4,0,0,0,2,false,false,false,false,false,false,false,false,false,false,false,false,false,false,false,false,false,false,false,false,false,false,-83.14162,42.33176,"{
  ""coordinates"": [
    -8.314161956933120e+01,
    4.233176540031750e+01
  ],
  ""type"": ""Point""
}","{
  ""coordinates"": [
    -83.141619569,
    42.3317654
  ],
  ""type"": ""Point""
}",-83.1416195689999,42.3317654000001
5606,1365890,DAVISON,MCNICHOLS,2018-03-22,22,3,2018,18,5,5,9,,4,0,Asphalt,1,1,1,,2,2,1,5,0,0,0,0,true,true,false,false,true,false,false,false,false,false,false,false,false,false,false,false,false,false,false,false,false,false,-83.0525,42.41898,"{
  ""coordinates"": [
    -8.305249810079150e+01,
    4.241897806546140e+01
  ],
  ""type"": ""Point""
}","{
  ""coordinates"": [
    -83.052498101,
    42.418978065
  ],
  ""type"": ""Point""
}",-83.052498101,42.418978065
5607,1333663,SCHAEFER,S M 10,2018-03-22,22,3,2018,22,5,4,9,,4,0,Concrete,1,1,5,30,2,2,2,4,0,0,0,1,false,false,false,false,true,false,false,false,false,false,false,false,false,false,false,false,false,false,false,false,false,false,-83.1802,42.42491,"{
  ""coordinates"": [
    -8.318019794212250e+01,
    4.242490824834530e+01
  ],
  ""type"": ""Point""
}","{
  ""coordinates"": [
    -83.180197942,
    42.424908248
  ],
  ""type"": ""Point""
}",-83.1801979419999,42.4249082480001
5608,1340995,JOHN R,WARREN,2018-03-22,22,3,2018,15,5,4,9,,4,0,Asphalt,1,1,1,30,6,2,3,5,0,0,0,0,true,false,true,true,true,false,false,false,false,false,false,false,false,true,false,false,false,false,false,false,false,false,-83.0622,42.35775,"{
  ""coordinates"": [
    -8.306220441488350e+01,
    4.235774588919260e+01
  ],
  ""type"": ""Point""
}","{
  ""coordinates"": [
    -83.062204415,
    42.357745889
  ],
  ""type"": ""Point""
}",-83.0622044149999,42.3577458890001
5609,1373265,MCNICHOLS,FERGUSON,2018-03-22,22,3,2018,14,5,4,9,,2,0,Asphalt,1,1,1,35,4,2,1,2,0,1,0,0,false,false,false,false,true,false,false,false,false,false,false,false,false,true,false,false,false,false,false,false,false,false,-83.21003,42.41574,"{
  ""coordinates"": [
    -8.321002887726441e+01,
    4.241574343169840e+01
  ],
  ""type"": ""Point""
}","{
  ""coordinates"": [
    -83.210028877,
    42.415743432
  ],
  ""type"": ""Point""
}",-83.210028877,42.4157434320001
5610,1332375,N M 10,8 MILE,2018-03-22,22,3,2018,9,5,1,3,,1,0,Concrete,1,1,1,35,3,1,1,5,0,0,0,0,true,false,false,false,false,false,false,false,false,false,false,false,false,false,false,false,false,false,false,false,false,false,-83.20325,42.44465,"{
  ""coordinates"": [
    -8.320325413255740e+01,
    4.244464975063660e+01
  ],
  ""type"": ""Point""
}","{
  ""coordinates"": [
    -83.203254133,
    42.444649751
  ],
  ""type"": ""Point""
}",-83.203254133,42.444649751
5611,1332388,8 MILE,GREENFIELD,2018-03-22,22,3,2018,8,5,5,3,,1,0,Asphalt,1,1,1,35,2,2,3,5,0,0,0,0,true,false,false,false,false,false,false,false,false,false,false,false,false,false,false,false,false,false,false,false,false,false,-83.2008,42.44477,"{
  ""coordinates"": [
    -8.320079512837189e+01,
    4.244477603768080e+01
  ],
  ""type"": ""Point""
}","{
  ""coordinates"": [
    -83.200795128,
    42.444776038
  ],
  ""type"": ""Point""
}",-83.200795128,42.444776038
5612,1338631,I-75,ROSAPARKS,2018-03-22,22,3,2018,16,5,5,9,,4,0,Asphalt,1,1,1,55,2,2,2,5,0,0,0,0,true,false,false,false,false,false,false,false,true,false,false,false,false,false,true,false,false,false,false,false,false,false,-83.06883,42.33495,"{
  ""coordinates"": [
    -8.306882912825159e+01,
    4.233494577279770e+01
  ],
  ""type"": ""Point""
}","{
  ""coordinates"": [
    -83.068829128,
    42.334945773
  ],
  ""type"": ""Point""
}",-83.0688291279999,42.3349457730001