ObjectId,Crash ID,Primary Road,Intersecting Road,Crash Date,Day,Month,Year,Hour,Weekday,Crash Type Code,Highway Classification Code,Community Code,Jurisdiction Code,Lane Departure Type Code,Surface Type,Road Condition,Weather Condition,Lighting Condition,Speed Limit,Lanes,Units,Occupants,Most Severe Injury,Fatal Injuries,Suspected Serious Injuries,Suspected Minor Injuries,Possible Injuries,Property Damage Only,Secondary Crash,Traffic Control,Red Light Run,Hit and Run,Alcohol,Drugs,Unbelted Person,Work Zone,Speeding Driver,Distracted Driver,Driveway,Pedestrian,Elderly Driver,Young Driver,Commercial Vehicle,Emergency Vehicles,Train,School Bus,Motorcycle,Bicycle,Deer,Longitude,Latitude,geom,geog,x,y
5667,1333636,OUTER,ELMDALE,2018-03-21,21,3,2018,22,4,5,9,,2,3,Asphalt,1,1,4,35,2,2,0,5,0,0,0,0,true,false,false,false,true,false,false,false,false,false,false,false,false,false,false,false,false,false,false,false,false,false,-82.9613,42.41082,"{
  ""coordinates"": [
    -8.296129341568771e+01,
    4.241082325157600e+01
  ],
  ""type"": ""Point""
}","{
  ""coordinates"": [
    -82.961293416,
    42.410823252
  ],
  ""type"": ""Point""
}",-82.961293416,42.4108232520001
5668,1333620,RIVERVIEW,SCHOOLCRAFT,2018-03-21,21,3,2018,11,4,10,9,,,0,,1,1,1,25,2,2,1,5,0,0,0,0,true,false,false,false,false,false,false,false,false,false,false,false,false,false,false,false,false,false,false,false,false,false,-83.27314,42.38601,"{
  ""coordinates"": [
    -8.327314318916650e+01,
    4.238600393289970e+01
  ],
  ""type"": ""Point""
}","{
  ""coordinates"": [
    -83.273143189,
    42.386003933
  ],
  ""type"": ""Point""
}",-83.2731431889999,42.386003933
5669,1332389,SANTA BARBARA,OUTER,2018-03-21,21,3,2018,16,4,4,9,,,0,,1,1,1,30,2,2,1,4,0,0,0,1,false,false,false,false,true,false,false,false,false,false,false,false,false,true,false,false,false,false,false,false,false,false,-83.14954,42.43498,"{
  ""coordinates"": [
    -8.314954428308360e+01,
    4.243497862407230e+01
  ],
  ""type"": ""Point""
}","{
  ""coordinates"": [
    -83.149544283,
    42.434978624
  ],
  ""type"": ""Point""
}",-83.149544283,42.4349786240001
5670,1332397,LIVERNOIS,CAMBRIDGE,2018-03-21,21,3,2018,16,4,9,9,,4,0,Asphalt,1,1,1,35,2,2,2,5,0,0,0,0,true,false,false,false,false,false,false,false,false,false,false,true,false,false,false,false,false,false,false,false,false,false,-83.14144,42.43356,"{
  ""coordinates"": [
    -8.314144269720801e+01,
    4.243355805609550e+01
  ],
  ""type"": ""Point""
}","{
  ""coordinates"": [
    -83.141442697,
    42.433558056
  ],
  ""type"": ""Point""
}",-83.1414426969999,42.433558056
5671,1331529,MARTIN LUTHER KING JR,CASS,2018-03-21,21,3,2018,14,4,3,9,,4,0,Asphalt,1,1,1,35,4,2,3,4,0,0,0,1,false,false,false,false,false,false,false,false,false,false,false,false,false,true,false,false,false,false,false,false,false,false,-83.06073,42.34566,"{
  ""coordinates"": [
    -8.306072795554570e+01,
    4.234565948533370e+01
  ],
  ""type"": ""Point""
}","{
  ""coordinates"": [
    -83.060727956,
    42.345659485
  ],
  ""type"": ""Point""
}",-83.0607279559999,42.3456594850001
5672,1332369,7 MILE,HUNTINGTON,2018-03-21,21,3,2018,17,4,5,9,,2,0,Asphalt,1,1,1,35,2,2,3,5,0,0,0,0,true,false,false,false,false,false,false,false,false,false,false,false,false,false,false,false,false,false,false,false,false,false,-83.23336,42.42972,"{
  ""coordinates"": [
    -8.323336072512851e+01,
    4.242972208338010e+01
  ],
  ""type"": ""Point""
}","{
  ""coordinates"": [
    -83.233360725,
    42.429722083
  ],
  ""type"": ""Point""
}",-83.233360725,42.4297220830001
5673,1335276,WARD,KEELER,2018-03-21,21,3,2018,14,4,4,9,,,0,,1,1,1,25,1,2,1,5,0,0,0,0,true,false,true,false,true,false,false,false,false,false,false,false,false,false,false,false,false,false,false,false,false,false,-83.17379,42.40397,"{
  ""coordinates"": [
    -8.317379238279710e+01,
    4.240397408827630e+01
  ],
  ""type"": ""Point""
}","{
  ""coordinates"": [
    -83.173792383,
    42.403974088
  ],
  ""type"": ""Point""
}",-83.173792383,42.403974088
5674,1333609,STAHELIN,BELTON,2018-03-21,21,3,2018,22,4,8,9,,,0,,1,1,4,25,2,2,1,5,0,0,0,0,true,false,false,false,true,false,false,false,false,false,false,false,false,false,false,false,false,false,false,false,false,false,-83.22468,42.35258,"{
  ""coordinates"": [
    -8.322467635295740e+01,
    4.235257546531760e+01
  ],
  ""type"": ""Point""
}","{
  ""coordinates"": [
    -83.224676353,
    42.352575465
  ],
  ""type"": ""Point""
}",-83.2246763529999,42.352575465
5675,1331552,CHENE,CANFIELD,2018-03-21,21,3,2018,6,4,4,9,,4,0,Asphalt,1,2,4,35,2,2,2,4,0,0,0,2,false,false,false,false,false,false,false,false,false,false,false,false,false,false,false,false,false,false,false,false,false,false,-83.03802,42.36152,"{
  ""coordinates"": [
    -8.303802009074020e+01,
    4.236151538144060e+01
  ],
  ""type"": ""Point""
}","{
  ""coordinates"": [
    -83.038020091,
    42.361515381
  ],
  ""type"": ""Point""
}",-83.038020091,42.3615153810001
5676,1331541,6528 MANSFIELD,WHITLOCK,2018-03-21,21,3,2018,15,4,5,9,,,0,,1,1,1,25,2,2,2,5,0,0,0,0,true,false,false,false,true,false,false,false,false,false,false,false,false,false,false,true,false,false,false,false,false,false,-83.20226,42.34003,"{
  ""coordinates"": [
    -8.320225673177330e+01,
    4.234003279707190e+01
  ],
  ""type"": ""Point""
}","{
  ""coordinates"": [
    -83.202256732,
    42.340032797
  ],
  ""type"": ""Point""
}",-83.202256732,42.340032797
5677,1530974,TEMPLE,TRUMBULL,2018-03-21,21,3,2018,23,4,97,9,,,0,,1,1,4,25,2,1,2,5,0,0,0,0,true,false,false,false,true,false,false,false,false,false,false,false,false,false,false,false,false,false,false,false,false,false,-83.07066,42.33791,"{
  ""coordinates"": [
    -8.307065779545630e+01,
    4.233791246532830e+01
  ],
  ""type"": ""Point""
}","{
  ""coordinates"": [
    -83.070657795,
    42.337912465
  ],
  ""type"": ""Point""
}",-83.070657795,42.337912465
5678,1338609,M-10,M-8,2018-03-21,21,3,2018,8,4,5,3,,1,0,Concrete,1,2,1,55,3,2,2,4,0,0,0,1,false,false,false,false,false,false,false,false,false,false,true,false,false,false,false,false,false,false,false,false,false,false,-83.11201,42.39909,"{
  ""coordinates"": [
    -8.311201781899000e+01,
    4.239909516815750e+01
  ],
  ""type"": ""Point""
}","{
  ""coordinates"": [
    -83.112017819,
    42.399095168
  ],
  ""type"": ""Point""
}",-83.112017819,42.399095168
5679,1338581,I94,I75,2018-03-21,21,3,2018,14,4,5,1,,1,0,Asphalt,1,1,1,55,3,3,3,5,0,0,0,0,true,false,false,false,false,false,false,false,false,false,false,false,false,false,true,false,false,false,false,false,false,false,-83.06319,42.36628,"{
  ""coordinates"": [
    -8.306318438695070e+01,
    4.236627947419100e+01
  ],
  ""type"": ""Point""
}","{
  ""coordinates"": [
    -83.063184387,
    42.366279474
  ],
  ""type"": ""Point""
}",-83.063184387,42.3662794740001
5680,1338573,I 94,AUBIN,2018-03-21,21,3,2018,12,4,5,1,,1,0,Concrete,1,1,1,55,3,3,3,5,0,0,0,0,true,false,false,false,false,false,false,false,false,false,false,false,false,false,false,false,false,false,false,false,false,false,-83.0498,42.37322,"{
  ""coordinates"": [
    -8.304980667259670e+01,
    4.237321719194000e+01
  ],
  ""type"": ""Point""
}","{
  ""coordinates"": [
    -83.049806673,
    42.373217192
  ],
  ""type"": ""Point""
}",-83.049806673,42.373217192
5681,1338572,I 94,ADDISON,2018-03-21,21,3,2018,19,4,5,1,,1,0,Asphalt,1,1,1,55,3,2,2,4,0,0,0,1,false,false,false,false,false,false,false,false,false,false,false,false,false,false,false,false,false,false,false,false,false,false,-83.15033,42.33034,"{
  ""coordinates"": [
    -8.315033061333300e+01,
    4.233033787547250e+01
  ],
  ""type"": ""Point""
}","{
  ""coordinates"": [
    -83.150330613,
    42.330337875
  ],
  ""type"": ""Point""
}",-83.1503306129999,42.3303378750001
5682,1333615,BURT,PLYMOUTH,2018-03-21,21,3,2018,9,4,4,9,,4,0,Asphalt,1,2,1,30,4,2,2,5,0,0,0,0,true,false,false,false,false,false,false,false,false,true,false,false,false,false,true,false,false,false,false,false,false,false,-83.24623,42.3721,"{
  ""coordinates"": [
    -8.324623469838150e+01,
    4.237209739249000e+01
  ],
  ""type"": ""Point""
}","{
  ""coordinates"": [
    -83.246234698,
    42.372097392
  ],
  ""type"": ""Point""
}",-83.246234698,42.3720973920001
5683,1331527,JOHN R,FARNSWORTH,2018-03-21,21,3,2018,11,4,8,9,,4,0,Asphalt,1,2,1,25,3,2,2,5,0,0,0,0,true,false,false,false,false,false,false,false,false,false,false,true,false,false,true,false,false,false,false,false,false,false,-83.06305,42.35904,"{
  ""coordinates"": [
    -8.306304986680740e+01,
    4.235904232903550e+01
  ],
  ""type"": ""Point""
}","{
  ""coordinates"": [
    -83.063049867,
    42.359042329
  ],
  ""type"": ""Point""
}",-83.063049867,42.359042329
5684,1335226,I 94,ADDISON,2018-03-21,21,3,2018,19,4,1,1,,1,0,Asphalt,1,1,1,55,3,1,1,5,0,0,0,0,true,true,false,false,false,false,false,false,false,false,false,false,false,false,true,false,false,false,false,false,false,false,-83.15102,42.33003,"{
  ""coordinates"": [
    -8.315102279350469e+01,
    4.233003134662110e+01
  ],
  ""type"": ""Point""
}","{
  ""coordinates"": [
    -83.151022794,
    42.330031347
  ],
  ""type"": ""Point""
}",-83.151022794,42.330031347
5685,1333579,WYOMING,BELTON,2018-03-21,21,3,2018,16,4,4,9,,4,0,Asphalt,1,1,1,35,2,2,2,5,0,0,0,0,true,false,false,false,true,false,false,false,false,true,false,false,false,false,false,false,false,false,false,false,false,false,-83.15765,42.35411,"{
  ""coordinates"": [
    -8.315765368545971e+01,
    4.235411237598640e+01
  ],
  ""type"": ""Point""
}","{
  ""coordinates"": [
    -83.157653685,
    42.354112376
  ],
  ""type"": ""Point""
}",-83.157653685,42.354112376
5686,1335273,WASHBURN,EATON,2018-03-21,21,3,2018,23,4,4,9,,,0,,1,1,4,25,4,2,2,5,0,0,0,0,true,false,false,false,true,false,false,false,false,false,false,false,false,false,false,false,false,false,false,false,false,false,-83.16053,42.39795,"{
  ""coordinates"": [
    -8.316053179711071e+01,
    4.239794822555800e+01
  ],
  ""type"": ""Point""
}","{
  ""coordinates"": [
    -83.160531797,
    42.397948226
  ],
  ""type"": ""Point""
}",-83.160531797,42.397948226
5687,1338590,E I 96,EVERGREEN,2018-03-21,21,3,2018,9,4,5,1,,1,0,Concrete,1,2,1,70,3,2,2,5,0,0,0,0,true,false,false,false,false,false,false,false,false,false,false,false,false,false,false,false,false,false,false,false,false,false,-83.23638,42.38007,"{
  ""coordinates"": [
    -8.323637795392909e+01,
    4.238006846817120e+01
  ],
  ""type"": ""Point""
}","{
  ""coordinates"": [
    -83.236377954,
    42.380068468
  ],
  ""type"": ""Point""
}",-83.236377954,42.380068468
5688,1333613,WARWICK,SAWYER,2018-03-21,21,3,2018,12,4,4,9,,,0,,1,2,1,25,4,2,2,5,0,0,0,0,true,false,false,false,false,false,false,false,false,false,false,false,false,false,false,false,false,false,false,false,false,false,-83.22702,42.34692,"{
  ""coordinates"": [
    -8.322701953951000e+01,
    4.234692327266200e+01
  ],
  ""type"": ""Point""
}","{
  ""coordinates"": [
    -83.22701954,
    42.346923273
  ],
  ""type"": ""Point""
}",-83.22701954,42.3469232730001
5689,1332351,RAMP 215C,E I 94,2018-03-21,21,3,2018,23,4,1,1,,1,1,Concrete,1,1,4,55,1,1,4,5,0,0,0,0,true,false,false,false,false,false,false,false,false,true,false,false,false,false,false,false,false,false,false,false,false,false,-83.07487,42.35748,"{
  ""coordinates"": [
    -8.307486445466120e+01,
    4.235748124344670e+01
  ],
  ""type"": ""Point""
}","{
  ""coordinates"": [
    -83.074864455,
    42.357481243
  ],
  ""type"": ""Point""
}",-83.074864455,42.3574812430001
5690,1333649,PENNINGTON,CLARITA,2018-03-21,21,3,2018,15,4,5,9,,,0,,1,1,1,25,1,2,1,5,0,0,0,0,true,false,false,false,false,false,false,false,false,false,false,true,false,false,false,false,false,false,false,false,false,false,-83.14812,42.4299,"{
  ""coordinates"": [
    -8.314811567888140e+01,
    4.242989752313990e+01
  ],
  ""type"": ""Point""
}","{
  ""coordinates"": [
    -83.148115679,
    42.429897523
  ],
  ""type"": ""Point""
}",-83.1481156789999,42.4298975230001
5691,1356013,M39,WARREN,2018-03-21,21,3,2018,17,4,5,3,,1,0,Asphalt,98,98,98,55,3,2,2,5,0,0,0,0,true,false,false,false,false,false,false,false,false,false,false,false,false,false,false,false,false,false,false,false,false,false,-83.21629,42.34482,"{
  ""coordinates"": [
    -8.321628758228741e+01,
    4.234482230212660e+01
  ],
  ""type"": ""Point""
}","{
  ""coordinates"": [
    -83.216287582,
    42.344822302
  ],
  ""type"": ""Point""
}",-83.2162875819999,42.3448223020001
5692,1544378,MCNICHOLS,TELEGRAPH,2018-11-12,12,11,2018,18,2,4,2,,2,0,Asphalt,1,1,4,45,4,2,3,3,0,0,1,1,false,false,false,false,false,false,false,false,false,false,false,false,false,false,false,false,false,false,false,false,false,false,-83.27718,42.41453,"{
  ""coordinates"": [
    -8.327717649262181e+01,
    4.241453285387420e+01
  ],
  ""type"": ""Point""
}","{
  ""coordinates"": [
    -83.277176493,
    42.414532854
  ],
  ""type"": ""Point""
}",-83.277176493,42.4145328540001
5693,1541279,NOTTINGHAM,SOUTHAMPTON,2018-11-12,12,11,2018,21,2,4,9,,,0,,2,5,5,25,2,2,2,5,0,0,0,0,true,false,true,false,false,false,false,false,false,false,false,false,false,true,false,false,false,false,false,false,false,false,-82.95104,42.4024,"{
  ""coordinates"": [
    -8.295104571835560e+01,
    4.240240280786560e+01
  ],
  ""type"": ""Point""
}","{
  ""coordinates"": [
    -82.951045718,
    42.402402808
  ],
  ""type"": ""Point""
}",-82.951045718,42.402402808
5694,1540065,7 MILE,HARTWELL,2018-11-12,12,11,2018,10,2,8,9,,2,0,Asphalt,1,2,1,30,4,2,3,5,0,0,0,0,true,false,false,false,false,false,false,false,false,false,false,false,false,false,false,false,false,false,false,false,false,false,-83.17941,42.4311,"{
  ""coordinates"": [
    -8.317941105707339e+01,
    4.243110370673620e+01
  ],
  ""type"": ""Point""
}","{
  ""coordinates"": [
    -83.179411057,
    42.431103707
  ],
  ""type"": ""Point""
}",-83.179411057,42.431103707
5695,1532453,STOTTER,8 MILE,2018-11-12,12,11,2018,7,2,8,9,,,0,,98,98,98,25,1,2,1,5,0,0,0,0,true,false,false,false,true,false,false,false,false,false,false,false,false,false,false,false,false,false,false,false,false,false,-83.02593,42.44704,"{
  ""coordinates"": [
    -8.302592926871760e+01,
    4.244703711493170e+01
  ],
  ""type"": ""Point""
}","{
  ""coordinates"": [
    -83.025929269,
    42.447037115
  ],
  ""type"": ""Point""
}",-83.025929269,42.4470371150001
5696,1540076,LINWOOD,PURITAN,2018-11-12,12,11,2018,18,2,3,9,,4,0,Asphalt,1,1,4,,4,2,3,5,0,0,0,0,true,false,true,true,false,false,false,false,false,false,false,false,false,false,true,false,false,false,false,false,false,false,-83.12769,42.41016,"{
  ""coordinates"": [
    -8.312768939659890e+01,
    4.241015524509180e+01
  ],
  ""type"": ""Point""
}","{
  ""coordinates"": [
    -83.127689397,
    42.410155245
  ],
  ""type"": ""Point""
}",-83.127689397,42.4101552450001
5697,1533647,JEFERSON,VAN DYKE,2018-11-12,12,11,2018,14,2,4,9,,4,0,Asphalt,1,1,1,35,5,2,2,5,0,0,0,0,true,false,false,false,false,false,false,false,false,false,false,false,false,false,true,false,false,false,false,false,false,false,-82.99488,42.3514,"{
  ""coordinates"": [
    -8.299488090169770e+01,
    4.235139842194460e+01
  ],
  ""type"": ""Point""
}","{
  ""coordinates"": [
    -82.994880902,
    42.351398422
  ],
  ""type"": ""Point""
}",-82.994880902,42.351398422
5698,1530977,MARLOWE,MCNICHOLS,2018-11-12,12,11,2018,20,2,5,9,,,0,,2,5,5,35,4,3,3,5,0,0,0,0,true,false,false,false,false,false,false,false,false,false,false,false,false,false,false,false,false,false,false,false,false,false,-83.19073,42.4164,"{
  ""coordinates"": [
    -8.319072994764410e+01,
    4.241640606478780e+01
  ],
  ""type"": ""Point""
}","{
  ""coordinates"": [
    -83.190729948,
    42.416406065
  ],
  ""type"": ""Point""
}",-83.190729948,42.416406065
5699,1545719,MOROSS,ROSSITER,2018-11-12,12,11,2018,23,2,97,9,,2,0,Asphalt,3,5,5,45,2,2,1,5,0,0,0,0,true,true,false,false,false,false,false,false,false,false,false,false,false,false,false,false,false,false,false,false,false,false,-82.94495,42.43103,"{
  ""coordinates"": [
    -8.294495447222430e+01,
    4.243102658113590e+01
  ],
  ""type"": ""Point""
}","{
  ""coordinates"": [
    -82.944954472,
    42.431026581
  ],
  ""type"": ""Point""
}",-82.9449544719999,42.431026581
5700,1542255,SCHOOLCRAFT,ASBURY,2018-11-12,12,11,2018,21,2,6,9,,2,0,Asphalt,2,5,4,35,2,3,4,5,0,0,0,0,true,false,false,false,false,false,false,false,false,false,false,false,false,false,false,false,false,false,false,false,false,false,-83.20779,42.38687,"{
  ""coordinates"": [
    -8.320778294286490e+01,
    4.238686987864910e+01
  ],
  ""type"": ""Point""
}","{
  ""coordinates"": [
    -83.207782943,
    42.386869879
  ],
  ""type"": ""Point""
}",-83.207782943,42.3868698790001
5701,1545693,LAFAYETTE,1ST,2018-11-12,12,11,2018,22,2,98,9,,4,0,Asphalt,4,5,4,25,4,2,1,5,0,0,0,0,true,false,false,false,true,false,false,false,false,false,true,false,false,false,false,false,false,false,false,false,false,false,-83.05272,42.3296,"{
  ""coordinates"": [
    -8.305271686958480e+01,
    4.232959671596480e+01
  ],
  ""type"": ""Point""
}","{
  ""coordinates"": [
    -83.05271687,
    42.329596716
  ],
  ""type"": ""Point""
}",-83.05271687,42.329596716
5702,1532443,8 MILE,GRATIOT,2018-11-12,12,11,2018,8,2,5,3,,1,0,Asphalt,1,2,1,35,6,2,2,4,0,0,0,2,false,false,false,false,false,false,false,false,false,false,true,false,false,false,false,false,false,false,false,false,false,false,-82.96797,42.44983,"{
  ""coordinates"": [
    -8.296797283811171e+01,
    4.244983428727620e+01
  ],
  ""type"": ""Point""
}","{
  ""coordinates"": [
    -82.967972838,
    42.449834287
  ],
  ""type"": ""Point""
}",-82.967972838,42.449834287
5703,1543009,GREENFIELD,TIREMAN,2018-11-12,12,11,2018,15,2,1,9,,2,1,Asphalt,1,2,1,35,4,1,1,5,0,0,0,0,true,false,false,false,false,false,false,false,false,false,false,false,false,true,false,false,false,false,false,false,false,false,-83.19656,42.35006,"{
  ""coordinates"": [
    -8.319656633888530e+01,
    4.235005897036140e+01
  ],
  ""type"": ""Point""
}","{
  ""coordinates"": [
    -83.196566339,
    42.35005897
  ],
  ""type"": ""Point""
}",-83.196566339,42.3500589700001
5704,1545703,GRANDRIVER,SOUTHFIELD,2018-11-12,12,11,2018,14,2,5,3,,1,0,Concrete,1,1,1,45,6,2,1,5,0,0,0,0,true,false,false,false,true,false,false,false,false,false,false,false,false,false,false,false,false,false,false,false,false,false,-83.21808,42.40062,"{
  ""coordinates"": [
    -8.321807880627310e+01,
    4.240061544929040e+01
  ],
  ""type"": ""Point""
}","{
  ""coordinates"": [
    -83.218078806,
    42.400615449
  ],
  ""type"": ""Point""
}",-83.2180788059999,42.400615449
5705,1530982,GARTNER,SPRINGWELLS,2018-11-12,12,11,2018,12,2,97,9,,,0,,1,2,1,25,2,2,1,5,0,0,0,0,true,false,false,false,false,false,false,false,false,false,false,false,false,false,false,true,false,false,false,false,false,false,-83.12538,42.30873,"{
  ""coordinates"": [
    -8.312537866382790e+01,
    4.230872708246790e+01
  ],
  ""type"": ""Point""
}","{
  ""coordinates"": [
    -83.125378664,
    42.308727082
  ],
  ""type"": ""Point""
}",-83.125378664,42.3087270820001
5706,1545705,SANTA MARIA,WINSTON,2018-11-12,12,11,2018,15,2,8,9,,,0,,1,1,1,25,4,2,2,5,0,0,0,0,true,false,false,false,false,false,false,false,false,false,false,false,false,false,false,false,false,false,false,false,false,false,-83.28384,42.41671,"{
  ""coordinates"": [
    -8.328383695646880e+01,
    4.241671241652030e+01
  ],
  ""type"": ""Point""
}","{
  ""coordinates"": [
    -83.283836956,
    42.416712417
  ],
  ""type"": ""Point""
}",-83.283836956,42.416712417
5707,1532428,VERNOR,CRANE,2018-11-12,12,11,2018,19,2,4,9,,4,0,Asphalt,1,1,5,30,3,2,2,5,0,0,0,0,true,false,false,false,true,false,false,false,false,false,false,false,false,false,false,false,false,false,false,false,false,false,-82.99313,42.36374,"{
  ""coordinates"": [
    -8.299312534539480e+01,
    4.236374057865010e+01
  ],
  ""type"": ""Point""
}","{
  ""coordinates"": [
    -82.993125345,
    42.363740579
  ],
  ""type"": ""Point""
}",-82.993125345,42.3637405790001
5708,1540058,OUTER,JAMES COUZENS,2018-11-12,12,11,2018,22,2,1,9,,2,1,Asphalt,2,5,4,35,3,1,2,5,0,0,0,0,true,false,false,false,false,false,false,false,false,true,false,false,false,false,true,false,false,false,false,false,false,false,-83.17601,42.4212,"{
  ""coordinates"": [
    -8.317600929360280e+01,
    4.242119843646180e+01
  ],
  ""type"": ""Point""
}","{
  ""coordinates"": [
    -83.176009294,
    42.421198436
  ],
  ""type"": ""Point""
}",-83.176009294,42.4211984360001
5709,1557511,TIREMAN,SAINT MARYS,2018-11-12,12,11,2018,12,2,8,9,,4,0,Concrete,1,1,1,30,2,2,1,5,0,0,0,0,true,false,false,false,true,false,false,false,false,false,false,false,false,false,false,false,false,false,false,false,false,false,-83.20402,42.35078,"{
  ""coordinates"": [
    -8.320401623467690e+01,
    4.235078265630250e+01
  ],
  ""type"": ""Point""
}","{
  ""coordinates"": [
    -83.204016235,
    42.350782656
  ],
  ""type"": ""Point""
}",-83.204016235,42.350782656
5710,1537022,GRATIOT,WILFRED,2018-11-12,12,11,2018,9,2,4,3,,1,0,Asphalt,1,1,1,35,7,2,2,5,0,0,0,0,true,false,true,false,false,false,false,false,false,false,false,false,false,false,true,false,false,false,false,false,false,false,-82.99323,42.41144,"{
  ""coordinates"": [
    -8.299322944039081e+01,
    4.241143859938040e+01
  ],
  ""type"": ""Point""
}","{
  ""coordinates"": [
    -82.99322944,
    42.411438599
  ],
  ""type"": ""Point""
}",-82.9932294399999,42.4114385990001
5711,1562855,GRISWOLD,JEFFERSON,2018-11-12,12,11,2018,10,2,97,3,,4,0,Asphalt,2,5,4,30,4,3,2,5,0,0,0,0,true,false,false,false,true,true,false,false,false,false,false,false,false,false,false,false,false,false,false,false,false,false,-83.04562,42.32848,"{
  ""coordinates"": [
    -8.304561565576050e+01,
    4.232847802532930e+01
  ],
  ""type"": ""Point""
}","{
  ""coordinates"": [
    -83.045615656,
    42.328478025
  ],
  ""type"": ""Point""
}",-83.0456156559999,42.328478025
5712,1530997,HEALY,EMERY,2018-11-12,12,11,2018,7,2,4,9,,,0,,1,1,4,,2,2,5,2,0,1,0,0,false,false,false,false,true,false,false,false,false,false,false,false,false,false,false,false,false,false,false,false,false,false,-83.05592,42.43587,"{
  ""coordinates"": [
    -8.305591853577930e+01,
    4.243586705884800e+01
  ],
  ""type"": ""Point""
}","{
  ""coordinates"": [
    -83.055918536,
    42.435867059
  ],
  ""type"": ""Point""
}",-83.055918536,42.435867059
5713,1540077,JAMES COUZENS,GREENFIELD,2018-11-12,12,11,2018,19,2,8,3,,1,0,Asphalt,1,1,4,35,3,2,3,5,0,0,0,0,true,false,false,false,false,false,false,false,false,false,false,false,false,false,true,false,false,false,false,false,false,false,-83.20037,42.44269,"{
  ""coordinates"": [
    -8.320037459493970e+01,
    4.244268716855380e+01
  ],
  ""type"": ""Point""
}","{
  ""coordinates"": [
    -83.200374595,
    42.442687169
  ],
  ""type"": ""Point""
}",-83.200374595,42.4426871690001
5714,1530991,LAHSER,8 MILE,2018-11-12,12,11,2018,16,2,4,3,,,0,,1,1,1,,8,2,8,2,0,1,2,1,false,false,false,false,false,false,false,false,false,false,false,false,false,false,false,false,false,false,false,false,false,false,-83.26093,42.44318,"{
  ""coordinates"": [
    -8.326092309531090e+01,
    4.244318395518430e+01
  ],
  ""type"": ""Point""
}","{
  ""coordinates"": [
    -83.260923095,
    42.443183955
  ],
  ""type"": ""Point""
}",-83.260923095,42.4431839550001
5715,1536901,I 94,MT ELLIOTT,2018-11-12,12,11,2018,15,2,5,1,,1,0,Asphalt,1,1,1,55,3,2,2,4,0,0,0,3,false,false,false,false,false,false,false,false,false,false,false,false,false,false,false,true,false,false,false,false,false,false,-83.03348,42.37938,"{
  ""coordinates"": [
    -8.303347518810649e+01,
    4.237938126418540e+01
  ],
  ""type"": ""Point""
}","{
  ""coordinates"": [
    -83.033475188,
    42.379381264
  ],
  ""type"": ""Point""
}",-83.033475188,42.3793812640001
5716,1536946,GRAND,I 94,2018-11-12,12,11,2018,16,2,97,1,,4,0,Asphalt,1,1,1,30,4,2,4,5,0,0,0,0,true,false,false,false,false,false,false,false,false,false,false,false,false,true,false,false,false,false,false,false,false,false,-83.10966,42.3469,"{
  ""coordinates"": [
    -8.310965476937101e+01,
    4.234689898251240e+01
  ],
  ""type"": ""Point""
}","{
  ""coordinates"": [
    -83.109654769,
    42.346898983
  ],
  ""type"": ""Point""
}",-83.109654769,42.3468989830001
5717,1532436,GRAND RIVER,OUTER,2018-11-12,12,11,2018,21,2,5,3,,1,0,Asphalt,1,2,4,35,4,2,2,4,0,0,0,1,false,false,true,true,false,true,false,false,false,false,false,false,false,false,false,false,false,false,false,false,false,false,-83.2578,42.41655,"{
  ""coordinates"": [
    -8.325780366359911e+01,
    4.241655345550120e+01
  ],
  ""type"": ""Point""
}","{
  ""coordinates"": [
    -83.257803664,
    42.416553456
  ],
  ""type"": ""Point""
}",-83.2578036639999,42.416553456
5718,1530984,MANDALE,SHARON,2018-11-12,12,11,2018,14,2,2,9,,,2,,1,1,1,25,2,2,1,5,0,0,0,0,true,false,false,false,false,false,false,false,false,false,false,false,false,false,false,false,false,false,false,false,false,false,-83.13345,42.30596,"{
  ""coordinates"": [
    -8.313345137948021e+01,
    4.230595796521160e+01
  ],
  ""type"": ""Point""
}","{
  ""coordinates"": [
    -83.133451379,
    42.305957965
  ],
  ""type"": ""Point""
}",-83.133451379,42.3059579650001
5719,1529817,EDWARD,PARKINSON,2018-11-12,12,11,2018,2,2,8,9,,,0,,1,1,5,25,1,3,1,4,0,0,0,1,false,false,false,false,false,false,false,false,false,false,false,false,false,false,true,false,false,false,false,false,false,false,-83.12772,42.32713,"{
  ""coordinates"": [
    -8.312772577038480e+01,
    4.232712524521640e+01
  ],
  ""type"": ""Point""
}","{
  ""coordinates"": [
    -83.12772577,
    42.327125245
  ],
  ""type"": ""Point""
}",-83.12772577,42.327125245
5720,1536921,W I 96,GRAND RIVER,2018-11-12,12,11,2018,22,2,97,1,,1,0,Concrete,6,5,4,50,4,2,3,4,0,0,0,2,false,false,false,false,false,false,false,false,true,true,false,false,false,false,false,true,false,false,false,false,false,false,-83.17616,42.3838,"{
  ""coordinates"": [
    -8.317616578578200e+01,
    4.238380032238460e+01
  ],
  ""type"": ""Point""
}","{
  ""coordinates"": [
    -83.176165786,
    42.383800322
  ],
  ""type"": ""Point""
}",-83.176165786,42.3838003220001