ObjectId,Crash ID,Primary Road,Intersecting Road,Crash Date,Day,Month,Year,Hour,Weekday,Crash Type Code,Highway Classification Code,Community Code,Jurisdiction Code,Lane Departure Type Code,Surface Type,Road Condition,Weather Condition,Lighting Condition,Speed Limit,Lanes,Units,Occupants,Most Severe Injury,Fatal Injuries,Suspected Serious Injuries,Suspected Minor Injuries,Possible Injuries,Property Damage Only,Secondary Crash,Traffic Control,Red Light Run,Hit and Run,Alcohol,Drugs,Unbelted Person,Work Zone,Speeding Driver,Distracted Driver,Driveway,Pedestrian,Elderly Driver,Young Driver,Commercial Vehicle,Emergency Vehicles,Train,School Bus,Motorcycle,Bicycle,Deer,Longitude,Latitude,geom,geog,x,y
5721,1532446,8 MILE,GRATIOT,2018-11-12,12,11,2018,19,2,10,3,,1,0,Asphalt,1,2,4,40,4,5,1,5,0,0,0,0,true,false,false,false,false,false,false,false,false,false,false,false,false,false,false,false,false,false,false,false,false,false,-82.9679,42.44984,"{
  ""coordinates"": [
    -8.296789463985390e+01,
    4.244983680879250e+01
  ],
  ""type"": ""Point""
}","{
  ""coordinates"": [
    -82.96789464,
    42.449836809
  ],
  ""type"": ""Point""
}",-82.9678946399999,42.449836809
5722,1536875,I 94,VAN DYKE,2018-11-12,12,11,2018,14,2,8,1,,1,0,Asphalt,1,1,1,55,3,2,1,5,0,0,0,0,true,false,false,false,true,false,false,false,false,false,false,false,false,false,false,true,false,false,false,false,false,false,-83.02052,42.38617,"{
  ""coordinates"": [
    -8.302051455769160e+01,
    4.238616866615100e+01
  ],
  ""type"": ""Point""
}","{
  ""coordinates"": [
    -83.020514558,
    42.386168666
  ],
  ""type"": ""Point""
}",-83.0205145579999,42.3861686660001
5723,1539947,RAMP 136C,GREENFIELD,2018-11-12,12,11,2018,13,2,5,1,,1,0,Asphalt,1,1,1,55,2,5,6,3,0,0,1,2,false,false,false,false,false,false,false,false,false,false,true,false,false,false,false,false,false,false,false,false,false,false,-83.19805,42.37959,"{
  ""coordinates"": [
    -8.319804992752790e+01,
    4.237959403703030e+01
  ],
  ""type"": ""Point""
}","{
  ""coordinates"": [
    -83.198049928,
    42.379594037
  ],
  ""type"": ""Point""
}",-83.198049928,42.3795940370001
5724,1532448,LUMPKIN,MCNICHOLS,2018-11-12,12,11,2018,20,2,5,9,,,0,,4,5,4,15,2,2,0,5,0,0,0,0,true,false,false,false,true,false,false,false,false,false,false,false,false,false,false,false,false,false,false,false,false,false,-83.08024,42.41848,"{
  ""coordinates"": [
    -8.308023834099890e+01,
    4.241848370027610e+01
  ],
  ""type"": ""Point""
}","{
  ""coordinates"": [
    -83.080238341,
    42.4184837
  ],
  ""type"": ""Point""
}",-83.080238341,42.4184837
5725,1536958,ENDICOTT,JOHNR,2018-11-12,12,11,2018,12,2,8,9,,,0,,1,2,1,30,2,2,2,5,0,0,0,0,true,false,false,false,false,false,false,true,false,false,false,false,false,false,false,true,false,false,false,false,false,false,-83.06927,42.36804,"{
  ""coordinates"": [
    -8.306927782967540e+01,
    4.236804296555680e+01
  ],
  ""type"": ""Point""
}","{
  ""coordinates"": [
    -83.06927783,
    42.368042966
  ],
  ""type"": ""Point""
}",-83.06927783,42.3680429660001
5726,1532421,EVERGREEN,WHITLOCK,2018-11-12,12,11,2018,15,2,10,9,,4,0,Asphalt,1,1,1,,1,2,2,5,0,0,0,0,true,false,false,false,false,false,false,false,false,false,false,true,false,false,false,false,false,false,false,false,false,false,-83.23525,42.33962,"{
  ""coordinates"": [
    -8.323525391264010e+01,
    4.233962241624020e+01
  ],
  ""type"": ""Point""
}","{
  ""coordinates"": [
    -83.235253913,
    42.339622416
  ],
  ""type"": ""Point""
}",-83.235253913,42.3396224160001
5727,1536886,W I 96,GREENFIELD,2018-11-12,12,11,2018,6,2,8,1,,1,0,Concrete,1,1,1,55,3,2,2,5,0,0,0,0,true,false,false,false,false,false,false,false,false,false,false,false,false,false,false,false,false,false,false,false,false,false,-83.19841,42.37923,"{
  ""coordinates"": [
    -8.319840995111750e+01,
    4.237923371976710e+01
  ],
  ""type"": ""Point""
}","{
  ""coordinates"": [
    -83.198409951,
    42.37923372
  ],
  ""type"": ""Point""
}",-83.198409951,42.3792337200001
5728,1536965,GRAND,ROSA PARKS,2018-11-12,12,11,2018,8,2,4,9,,,0,,1,1,1,35,5,2,2,5,0,0,0,0,true,false,true,true,false,false,false,false,false,false,false,false,false,false,false,false,false,false,false,false,false,false,-83.11433,42.3979,"{
  ""coordinates"": [
    -8.311432630677270e+01,
    4.239789717123740e+01
  ],
  ""type"": ""Point""
}","{
  ""coordinates"": [
    -83.114326307,
    42.397897171
  ],
  ""type"": ""Point""
}",-83.1143263069999,42.3978971710001
5729,1540073,8 MILE,JAMES COUZENS,2018-11-12,12,11,2018,5,2,5,3,,1,0,Asphalt,1,1,4,40,3,2,5,5,0,0,0,0,true,false,false,false,false,false,false,false,false,false,false,false,false,false,false,false,false,false,false,false,false,false,-83.2039,42.44468,"{
  ""coordinates"": [
    -8.320390298719600e+01,
    4.244467456943330e+01
  ],
  ""type"": ""Point""
}","{
  ""coordinates"": [
    -83.203902987,
    42.444674569
  ],
  ""type"": ""Point""
}",-83.2039029869999,42.444674569
5730,1532409,TIREMAN,DACATUR,2018-11-12,12,11,2018,8,2,5,9,,2,0,Asphalt,1,2,1,30,2,2,2,5,0,0,0,0,true,false,false,false,false,false,false,false,false,false,false,false,false,false,false,false,false,false,false,false,false,false,-83.1796,42.35123,"{
  ""coordinates"": [
    -8.317959214921601e+01,
    4.235123240025270e+01
  ],
  ""type"": ""Point""
}","{
  ""coordinates"": [
    -83.179592149,
    42.3512324
  ],
  ""type"": ""Point""
}",-83.179592149,42.3512324000001
5731,1530989,BERG,CAMBRIDGE,2018-11-12,12,11,2018,19,2,5,9,,4,0,Concrete,1,1,5,25,2,2,1,5,0,0,0,0,true,false,false,false,false,true,false,false,false,false,false,false,false,false,false,false,false,false,false,false,false,false,-83.26793,42.4308,"{
  ""coordinates"": [
    -8.326793039328690e+01,
    4.243079913686820e+01
  ],
  ""type"": ""Point""
}","{
  ""coordinates"": [
    -83.267930393,
    42.430799137
  ],
  ""type"": ""Point""
}",-83.267930393,42.4307991370001
5732,1540030,BURNETTE,MACKENZIE,2018-11-12,12,11,2018,23,2,4,9,,,0,,3,5,4,25,2,2,1,5,0,0,0,0,true,false,false,false,true,false,false,false,false,false,false,false,false,false,false,false,false,false,false,false,false,false,-83.14109,42.35706,"{
  ""coordinates"": [
    -8.314109135702959e+01,
    4.235705685306510e+01
  ],
  ""type"": ""Point""
}","{
  ""coordinates"": [
    -83.141091357,
    42.357056853
  ],
  ""type"": ""Point""
}",-83.1410913569999,42.3570568530001
5733,1577969,N M 10,PURITAN,2018-11-12,12,11,2018,14,2,8,3,,1,0,Concrete,1,2,1,55,3,2,2,3,0,0,1,0,false,false,false,false,true,false,false,false,false,false,false,false,false,false,false,false,false,false,false,false,false,false,-83.1652,42.40985,"{
  ""coordinates"": [
    -8.316519704950680e+01,
    4.240985640585710e+01
  ],
  ""type"": ""Point""
}","{
  ""coordinates"": [
    -83.16519705,
    42.409856406
  ],
  ""type"": ""Point""
}",-83.16519705,42.4098564060001
5734,1536882,I-94,TRUMBULL,2018-11-12,12,11,2018,6,2,5,1,,1,0,Asphalt,1,2,4,55,3,2,2,5,0,0,0,0,true,false,false,false,false,false,false,false,false,false,false,false,false,false,false,false,false,false,false,false,false,false,-83.08273,42.35544,"{
  ""coordinates"": [
    -8.308273521961409e+01,
    4.235543696782230e+01
  ],
  ""type"": ""Point""
}","{
  ""coordinates"": [
    -83.08273522,
    42.355436968
  ],
  ""type"": ""Point""
}",-83.08273522,42.355436968
5735,1540057,MCHNICHOLS,SAN JUAN,2018-11-12,12,11,2018,21,2,4,9,,4,0,Asphalt,2,4,4,25,2,2,2,4,0,0,0,1,false,false,true,true,true,false,false,false,false,false,false,false,false,false,false,false,false,false,false,false,false,false,-83.14632,42.41713,"{
  ""coordinates"": [
    -8.314631592345530e+01,
    4.241713005732230e+01
  ],
  ""type"": ""Point""
}","{
  ""coordinates"": [
    -83.146315923,
    42.417130057
  ],
  ""type"": ""Point""
}",-83.146315923,42.4171300570001
5736,1530983,GLINNAN,I 75 SERVICE,2018-11-12,12,11,2018,13,2,8,9,,,0,,1,2,1,25,2,2,1,5,0,0,0,0,true,false,false,false,false,false,false,false,false,false,false,false,false,false,false,true,false,false,false,false,false,false,-83.11898,42.30268,"{
  ""coordinates"": [
    -8.311897960847460e+01,
    4.230267826623100e+01
  ],
  ""type"": ""Point""
}","{
  ""coordinates"": [
    -83.118979608,
    42.302678266
  ],
  ""type"": ""Point""
}",-83.118979608,42.302678266
5737,1530990,GRAND RIVER,OUTER,2018-11-12,12,11,2018,13,2,97,3,,1,0,Asphalt,1,1,1,,3,2,2,4,0,0,0,1,false,false,true,true,false,false,false,false,false,false,false,false,false,false,false,false,false,false,false,false,false,false,-83.23264,42.40647,"{
  ""coordinates"": [
    -8.323263738833360e+01,
    4.240646824515610e+01
  ],
  ""type"": ""Point""
}","{
  ""coordinates"": [
    -83.232637388,
    42.406468245
  ],
  ""type"": ""Point""
}",-83.2326373879999,42.406468245
5738,1530973,N/B I 75,GRAND RIVER,2018-11-12,12,11,2018,13,2,1,1,,1,0,Concrete,1,2,1,55,4,1,2,5,0,0,0,0,true,false,false,false,false,false,false,false,false,false,false,false,false,false,false,false,false,false,false,false,false,false,-83.05756,42.33735,"{
  ""coordinates"": [
    -8.305756653064191e+01,
    4.233734565209750e+01
  ],
  ""type"": ""Point""
}","{
  ""coordinates"": [
    -83.057566531,
    42.337345652
  ],
  ""type"": ""Point""
}",-83.057566531,42.3373456520001
5739,1536887,E I 94,MOROSS,2018-11-12,12,11,2018,13,2,8,1,,1,0,Asphalt,1,1,1,55,3,2,4,5,0,0,0,0,true,false,false,false,true,false,false,false,false,false,false,false,false,false,false,false,false,false,false,false,false,false,-82.9287,42.42445,"{
  ""coordinates"": [
    -8.292869434391720e+01,
    4.242445095041750e+01
  ],
  ""type"": ""Point""
}","{
  ""coordinates"": [
    -82.928694344,
    42.42445095
  ],
  ""type"": ""Point""
}",-82.928694344,42.4244509500001
5740,1533634,LAFAYETTE,THIRD,2018-11-12,12,11,2018,22,2,10,9,,4,0,Asphalt,2,4,4,25,2,3,1,5,0,0,0,0,true,true,false,false,true,true,false,true,false,false,false,false,false,false,false,false,false,false,false,false,false,false,-83.05471,42.32874,"{
  ""coordinates"": [
    -8.305471213430660e+01,
    4.232873758532000e+01
  ],
  ""type"": ""Point""
}","{
  ""coordinates"": [
    -83.054712134,
    42.328737585
  ],
  ""type"": ""Point""
}",-83.0547121339999,42.3287375850001
5741,1540060,SANTA CLARA,KENTUCKY,2018-11-11,11,11,2018,12,1,9,9,,,0,,1,2,1,25,2,2,1,1,1,0,0,0,false,false,false,false,false,false,false,true,false,true,false,false,false,false,true,false,false,false,false,false,false,false,-83.15994,42.42058,"{
  ""coordinates"": [
    -8.315994267472090e+01,
    4.242057616438560e+01
  ],
  ""type"": ""Point""
}","{
  ""coordinates"": [
    -83.159942675,
    42.420576164
  ],
  ""type"": ""Point""
}",-83.159942675,42.4205761640001
5742,1529810,I-94,CHENE,2018-11-11,11,11,2018,2,1,1,1,,1,1,Concrete,1,1,4,55,3,1,1,5,0,0,0,0,true,false,false,false,false,false,false,false,false,true,false,false,false,false,false,false,false,false,false,false,false,false,-83.0467,42.37418,"{
  ""coordinates"": [
    -8.304669619134120e+01,
    4.237417517150760e+01
  ],
  ""type"": ""Point""
}","{
  ""coordinates"": [
    -83.046696191,
    42.374175172
  ],
  ""type"": ""Point""
}",-83.046696191,42.374175172
5743,1530995,CONANT,JOSEPH CAMPAU,2018-11-11,11,11,2018,18,1,97,9,,4,0,Asphalt,1,2,4,,5,2,5,3,0,0,2,0,false,false,false,false,false,false,false,false,false,false,false,false,false,false,false,false,false,false,false,false,false,false,-83.07281,42.43176,"{
  ""coordinates"": [
    -8.307281297031381e+01,
    4.243176141047490e+01
  ],
  ""type"": ""Point""
}","{
  ""coordinates"": [
    -83.07281297,
    42.43176141
  ],
  ""type"": ""Point""
}",-83.07281297,42.43176141
5744,1529834,SOUTHFIELD SERVICE,7 MILE/N M 39 RAMP,2018-11-11,11,11,2018,15,1,97,3,,1,0,Concrete,1,1,1,25,6,3,3,4,0,0,0,1,false,false,true,true,false,false,false,false,false,false,false,false,false,false,true,false,false,false,false,false,false,false,-83.21929,42.42757,"{
  ""coordinates"": [
    -8.321929098958169e+01,
    4.242756595709900e+01
  ],
  ""type"": ""Point""
}","{
  ""coordinates"": [
    -83.21929099,
    42.427565957
  ],
  ""type"": ""Point""
}",-83.21929099,42.4275659570001
5745,1529846,DAVISON,ROSA PARKS,2018-11-11,11,11,2018,4,1,5,3,,1,0,Asphalt,1,1,4,35,3,2,1,3,0,0,1,0,false,false,false,false,false,false,false,false,false,false,false,false,false,false,false,false,false,false,false,false,false,false,-83.11317,42.39631,"{
  ""coordinates"": [
    -8.311317231866551e+01,
    4.239630482447390e+01
  ],
  ""type"": ""Point""
}","{
  ""coordinates"": [
    -83.113172319,
    42.396304824
  ],
  ""type"": ""Point""
}",-83.1131723189999,42.396304824
5746,1529868,8 MILE,S M 10 SERVICE DRIVE,2018-11-11,11,11,2018,16,1,5,3,,1,0,Asphalt,1,1,1,45,3,2,4,4,0,0,0,1,false,false,false,false,false,false,false,false,false,false,false,false,false,false,true,false,false,false,false,false,false,false,-83.20396,42.44467,"{
  ""coordinates"": [
    -8.320396164454550e+01,
    4.244467283746250e+01
  ],
  ""type"": ""Point""
}","{
  ""coordinates"": [
    -83.203961645,
    42.444672837
  ],
  ""type"": ""Point""
}",-83.2039616449999,42.444672837
5747,1532414,VERNOR,LANSING,2018-11-11,11,11,2018,13,1,8,9,,4,0,Asphalt,1,1,1,25,2,2,3,5,0,0,0,0,true,false,false,false,false,false,false,false,false,false,false,false,false,false,false,false,false,false,false,false,false,false,-83.09808,42.31936,"{
  ""coordinates"": [
    -8.309807867195890e+01,
    4.231936216601860e+01
  ],
  ""type"": ""Point""
}","{
  ""coordinates"": [
    -83.098078672,
    42.319362166
  ],
  ""type"": ""Point""
}",-83.098078672,42.3193621660001
5748,1539945,I 96,EVERGREEN,2018-11-11,11,11,2018,19,1,8,1,,1,0,Concrete,1,1,4,70,3,2,3,5,0,0,0,0,true,false,false,false,false,false,false,false,false,false,false,false,false,false,false,false,false,false,false,false,false,false,-83.24055,42.38371,"{
  ""coordinates"": [
    -8.324055505775520e+01,
    4.238371329469600e+01
  ],
  ""type"": ""Point""
}","{
  ""coordinates"": [
    -83.240555058,
    42.383713295
  ],
  ""type"": ""Point""
}",-83.240555058,42.3837132950001
5749,1539950,I94,14TH,2018-11-11,11,11,2018,4,1,1,1,,1,1,Asphalt,1,1,2,55,3,1,1,5,0,0,0,0,true,true,false,false,false,false,false,false,false,true,false,false,false,false,false,false,false,false,false,false,false,false,-83.09264,42.35228,"{
  ""coordinates"": [
    -8.309264166412871e+01,
    4.235227949095990e+01
  ],
  ""type"": ""Point""
}","{
  ""coordinates"": [
    -83.092641664,
    42.352279491
  ],
  ""type"": ""Point""
}",-83.092641664,42.352279491
5750,1577990,I-96,EVERGREEN,2018-11-11,11,11,2018,15,1,8,1,,1,0,Concrete,1,1,1,70,3,2,2,5,0,0,0,0,true,false,false,false,false,false,false,false,false,false,false,false,false,false,false,false,false,false,false,false,false,false,-83.23795,42.38145,"{
  ""coordinates"": [
    -8.323794976121771e+01,
    4.238145624368880e+01
  ],
  ""type"": ""Point""
}","{
  ""coordinates"": [
    -83.237949761,
    42.381456244
  ],
  ""type"": ""Point""
}",-83.237949761,42.381456244
5751,1533619,I-96,M-39,2018-11-11,11,11,2018,22,1,5,1,,1,0,Concrete,1,1,4,55,4,2,2,4,0,0,0,2,false,false,false,false,false,false,false,false,false,false,false,false,false,false,true,false,false,false,false,false,false,false,-83.20716,42.37906,"{
  ""coordinates"": [
    -8.320716133903900e+01,
    4.237906403845840e+01
  ],
  ""type"": ""Point""
}","{
  ""coordinates"": [
    -83.207161339,
    42.379064038
  ],
  ""type"": ""Point""
}",-83.207161339,42.3790640380001
5752,1529809,I-96,GLENDALE,2018-11-11,11,11,2018,1,1,1,1,,1,1,Concrete,1,1,4,70,3,1,1,5,0,0,0,0,true,false,false,false,true,false,false,false,false,true,false,false,false,false,false,false,false,false,false,false,false,false,-83.23858,42.38199,"{
  ""coordinates"": [
    -8.323857992456300e+01,
    4.238199101771930e+01
  ],
  ""type"": ""Point""
}","{
  ""coordinates"": [
    -83.238579925,
    42.381991018
  ],
  ""type"": ""Point""
}",-83.238579925,42.3819910180001
5753,1528529,MICHIGAN,TRENTON,2018-11-11,11,11,2018,2,1,8,2,,1,0,Asphalt,1,2,4,35,7,2,1,5,0,0,0,0,true,false,false,false,true,false,false,false,false,false,false,false,false,false,false,false,false,false,false,false,false,false,-83.14748,42.32999,"{
  ""coordinates"": [
    -8.314748220161999e+01,
    4.232999604032370e+01
  ],
  ""type"": ""Point""
}","{
  ""coordinates"": [
    -83.147482202,
    42.32999604
  ],
  ""type"": ""Point""
}",-83.1474822019999,42.32999604
5754,1529837,8 MILE,BERG,2018-11-11,11,11,2018,8,1,1,3,,1,0,Asphalt,1,2,1,45,4,1,1,4,0,0,0,1,false,false,false,false,false,false,true,false,false,false,false,false,false,false,false,false,false,false,false,false,false,false,-83.26874,42.44299,"{
  ""coordinates"": [
    -8.326874034201469e+01,
    4.244298765783860e+01
  ],
  ""type"": ""Point""
}","{
  ""coordinates"": [
    -83.268740342,
    42.442987658
  ],
  ""type"": ""Point""
}",-83.2687403419999,42.442987658
5755,1529860,CONANT,MCNICHOLS,2018-11-11,11,11,2018,10,1,5,9,,4,0,Asphalt,1,1,1,35,3,2,2,5,0,0,0,0,true,false,false,false,false,false,false,false,false,false,false,false,false,false,false,false,false,false,false,false,false,false,-83.06359,42.41862,"{
  ""coordinates"": [
    -8.306358969533581e+01,
    4.241862216974940e+01
  ],
  ""type"": ""Point""
}","{
  ""coordinates"": [
    -83.063589695,
    42.41862217
  ],
  ""type"": ""Point""
}",-83.063589695,42.41862217
5756,1532427,GRATIOT,GEORGIA,2018-11-11,11,11,2018,4,1,8,3,,1,0,Asphalt,1,1,4,40,4,2,1,5,0,0,0,0,true,false,false,false,true,false,false,false,false,false,false,false,false,false,false,false,false,false,false,false,false,false,-83.00345,42.39582,"{
  ""coordinates"": [
    -8.300344972093200e+01,
    4.239581533624960e+01
  ],
  ""type"": ""Point""
}","{
  ""coordinates"": [
    -83.003449721,
    42.395815336
  ],
  ""type"": ""Point""
}",-83.003449721,42.3958153360001
5757,1529845,WOODWARD,WEBB,2018-11-11,11,11,2018,6,1,1,3,,1,1,Asphalt,1,1,4,30,2,1,0,5,0,0,0,0,true,false,false,false,true,false,false,false,false,false,false,false,false,false,false,false,false,false,false,false,false,false,-83.08843,42.39276,"{
  ""coordinates"": [
    -8.308843347643339e+01,
    4.239275972044100e+01
  ],
  ""type"": ""Point""
}","{
  ""coordinates"": [
    -83.088433476,
    42.39275972
  ],
  ""type"": ""Point""
}",-83.088433476,42.3927597200001
5758,1529863,MCNICHOLS,WOODWARD,2018-11-11,11,11,2018,0,1,8,3,,4,0,Asphalt,1,1,4,35,4,2,1,5,0,0,0,0,true,false,false,false,true,false,false,false,false,false,false,false,false,false,false,false,false,false,false,false,false,false,-83.10526,42.41775,"{
  ""coordinates"": [
    -8.310525685742790e+01,
    4.241775011418360e+01
  ],
  ""type"": ""Point""
}","{
  ""coordinates"": [
    -83.105256857,
    42.417750114
  ],
  ""type"": ""Point""
}",-83.105256857,42.4177501140001
5759,1540071,HUBBELL,KEELER,2018-11-11,11,11,2018,21,1,4,9,,4,0,Asphalt,1,1,4,25,2,2,1,5,0,0,0,0,true,false,false,false,false,false,false,false,false,false,false,false,false,false,false,false,false,false,false,false,false,false,-83.189,42.4036,"{
  ""coordinates"": [
    -8.318899171708330e+01,
    4.240359709425510e+01
  ],
  ""type"": ""Point""
}","{
  ""coordinates"": [
    -83.188991717,
    42.403597094
  ],
  ""type"": ""Point""
}",-83.188991717,42.4035970940001
5760,1533507,I-75,8 MILE,2018-11-11,11,11,2018,2,1,5,1,,1,0,Asphalt,1,1,1,55,3,2,2,5,0,0,0,0,true,false,false,false,true,true,false,false,false,false,false,false,false,false,false,false,false,false,false,false,false,false,-83.09494,42.43957,"{
  ""coordinates"": [
    -8.309493744758301e+01,
    4.243956582902900e+01
  ],
  ""type"": ""Point""
}","{
  ""coordinates"": [
    -83.094937448,
    42.439565829
  ],
  ""type"": ""Point""
}",-83.0949374479999,42.4395658290001
5761,1533607,S I 75,E I 94,2018-11-11,11,11,2018,18,1,5,1,,1,0,Concrete,1,1,1,55,2,2,3,5,0,0,0,0,true,false,false,false,false,false,false,false,false,false,false,false,false,true,false,false,false,false,false,false,false,false,-83.05816,42.3684,"{
  ""coordinates"": [
    -8.305815862120789e+01,
    4.236840075009640e+01
  ],
  ""type"": ""Point""
}","{
  ""coordinates"": [
    -83.058158621,
    42.36840075
  ],
  ""type"": ""Point""
}",-83.058158621,42.36840075
5762,1532385,I-75,DAVISON,2018-11-11,11,11,2018,23,1,1,1,,1,1,Concrete,1,1,4,70,4,1,1,5,0,0,0,0,true,false,false,false,false,false,false,false,false,true,false,false,false,false,false,false,false,false,false,false,false,false,-83.07909,42.4085,"{
  ""coordinates"": [
    -8.307908454046800e+01,
    4.240849806190030e+01
  ],
  ""type"": ""Point""
}","{
  ""coordinates"": [
    -83.07908454,
    42.408498062
  ],
  ""type"": ""Point""
}",-83.0790845399999,42.408498062
5763,1529825,LARNED,RIVARD,2018-11-11,11,11,2018,13,1,8,9,,4,0,Asphalt,1,1,1,30,3,2,3,5,0,0,0,0,true,false,false,false,false,false,false,false,false,false,false,false,false,true,false,false,false,false,false,false,false,false,-83.03339,42.33472,"{
  ""coordinates"": [
    -8.303338298309760e+01,
    4.233472563713930e+01
  ],
  ""type"": ""Point""
}","{
  ""coordinates"": [
    -83.033382983,
    42.334725637
  ],
  ""type"": ""Point""
}",-83.033382983,42.3347256370001
5764,1539994,GRAND RIVER,BROOKLYN,2018-11-11,11,11,2018,3,1,9,3,,1,0,Asphalt,1,1,1,,4,2,3,4,0,0,0,1,false,false,false,false,false,false,false,false,false,false,false,false,false,false,false,false,false,false,false,false,false,false,-83.06884,42.34044,"{
  ""coordinates"": [
    -8.306884329975820e+01,
    4.234043591910360e+01
  ],
  ""type"": ""Point""
}","{
  ""coordinates"": [
    -83.0688433,
    42.340435919
  ],
  ""type"": ""Point""
}",-83.0688433,42.3404359190001
5765,1540050,7 MILE,I 75,2018-11-11,11,11,2018,20,1,4,9,,4,0,Concrete,1,1,4,25,2,2,1,5,0,0,0,0,true,false,false,false,false,false,false,false,false,false,false,false,false,false,false,false,false,false,false,false,false,false,-83.09465,42.43248,"{
  ""coordinates"": [
    -8.309465390906990e+01,
    4.243248365067920e+01
  ],
  ""type"": ""Point""
}","{
  ""coordinates"": [
    -83.094653909,
    42.432483651
  ],
  ""type"": ""Point""
}",-83.094653909,42.432483651
5766,1540046,APPOLINE,PURITAN,2018-11-11,11,11,2018,23,1,10,9,,,0,,1,1,4,25,1,2,0,5,0,0,0,0,true,false,false,false,true,false,false,false,false,false,false,false,false,false,false,false,false,false,false,false,false,false,-83.17086,42.41034,"{
  ""coordinates"": [
    -8.317086284454520e+01,
    4.241033620878960e+01
  ],
  ""type"": ""Point""
}","{
  ""coordinates"": [
    -83.170862845,
    42.410336209
  ],
  ""type"": ""Point""
}",-83.170862845,42.410336209
5767,1616101,N M 39,FENKELL,2018-11-11,11,11,2018,16,1,4,3,,1,0,Asphalt,1,1,1,35,3,2,3,5,0,0,0,0,true,false,false,false,false,false,false,false,false,false,false,false,false,false,false,false,false,false,false,false,false,false,-83.2182,42.40108,"{
  ""coordinates"": [
    -8.321820302568450e+01,
    4.240107724737980e+01
  ],
  ""type"": ""Point""
}","{
  ""coordinates"": [
    -83.218203026,
    42.401077247
  ],
  ""type"": ""Point""
}",-83.218203026,42.401077247
5768,1529853,MINNESOTA,WEXFORD,2018-11-11,11,11,2018,16,1,97,9,,,0,,1,2,1,,2,2,0,5,0,0,0,0,true,false,false,false,true,false,false,false,false,false,false,false,true,false,false,false,false,false,false,false,false,false,-83.06458,42.42399,"{
  ""coordinates"": [
    -8.306457605935090e+01,
    4.242398856685390e+01
  ],
  ""type"": ""Point""
}","{
  ""coordinates"": [
    -83.064576059,
    42.423988567
  ],
  ""type"": ""Point""
}",-83.064576059,42.423988567
5769,1533629,I-94,JUNCTION,2018-11-11,11,11,2018,5,1,5,1,,1,0,Asphalt,1,2,4,55,3,2,1,5,0,0,0,0,true,false,false,false,true,false,false,false,false,false,false,false,false,false,false,false,false,false,false,false,false,false,-83.12054,42.33906,"{
  ""coordinates"": [
    -8.312053904463360e+01,
    4.233905896256370e+01
  ],
  ""type"": ""Point""
}","{
  ""coordinates"": [
    -83.120539045,
    42.339058963
  ],
  ""type"": ""Point""
}",-83.120539045,42.3390589630001
5770,1529821,MCNICHOLS,S M 39,2018-11-11,11,11,2018,11,1,8,9,,2,0,Asphalt,1,1,1,35,2,2,2,5,0,0,0,0,true,false,false,false,false,false,false,false,false,false,false,false,false,false,false,false,false,false,false,false,false,false,-83.21898,42.41555,"{
  ""coordinates"": [
    -8.321897573948171e+01,
    4.241554566902780e+01
  ],
  ""type"": ""Point""
}","{
  ""coordinates"": [
    -83.218975739,
    42.415545669
  ],
  ""type"": ""Point""
}",-83.218975739,42.415545669
5771,1533655,PACKARD,LANTZ,2018-11-11,11,11,2018,23,1,98,9,,,0,,1,1,4,25,2,2,0,5,0,0,0,0,true,false,false,false,true,false,false,false,false,false,false,false,false,false,false,false,false,false,false,false,false,false,-83.02758,42.43883,"{
  ""coordinates"": [
    -8.302757967451180e+01,
    4.243883314824190e+01
  ],
  ""type"": ""Point""
}","{
  ""coordinates"": [
    -83.027579675,
    42.438833148
  ],
  ""type"": ""Point""
}",-83.027579675,42.4388331480001
5772,1533626,CHRYSLER SERVICE,HOLBROOK,2018-11-11,11,11,2018,2,1,1,1,,1,1,Asphalt,1,2,4,,2,1,1,3,0,0,1,0,false,false,false,false,false,false,false,false,false,true,false,false,false,false,false,false,false,false,false,false,false,false,-83.06973,42.38994,"{
  ""coordinates"": [
    -8.306973074967570e+01,
    4.238994364997120e+01
  ],
  ""type"": ""Point""
}","{
  ""coordinates"": [
    -83.06973075,
    42.38994365
  ],
  ""type"": ""Point""
}",-83.06973075,42.3899436500001
5773,1529812,PLYMOUTH,WARD,2018-11-11,11,11,2018,11,1,4,9,,4,0,Asphalt,1,1,1,30,4,2,4,4,0,0,0,1,false,false,false,false,false,false,false,false,false,false,false,false,false,false,false,false,false,false,false,false,false,false,-83.1731,42.37312,"{
  ""coordinates"": [
    -8.317310088897740e+01,
    4.237312444245510e+01
  ],
  ""type"": ""Point""
}","{
  ""coordinates"": [
    -83.173100889,
    42.373124442
  ],
  ""type"": ""Point""
}",-83.173100889,42.3731244420001
5774,1529832,TELEGRAPH,MCNICHOLS,2018-11-11,11,11,2018,9,1,5,2,,1,0,Asphalt,1,1,1,40,6,2,2,5,0,0,0,0,true,false,false,false,false,false,false,false,false,false,false,false,false,false,false,false,false,false,false,false,false,false,-83.27696,42.4145,"{
  ""coordinates"": [
    -8.327696565991720e+01,
    4.241450122776080e+01
  ],
  ""type"": ""Point""
}","{
  ""coordinates"": [
    -83.27696566,
    42.414501228
  ],
  ""type"": ""Point""
}",-83.27696566,42.4145012280001
5775,1529813,SCHAEFER,BELTON,2018-11-11,11,11,2018,18,1,4,9,,4,0,Asphalt,1,1,4,35,5,2,2,5,0,0,0,0,true,false,false,false,false,false,false,false,false,false,false,false,false,true,false,false,false,false,false,false,false,false,-83.17728,42.35368,"{
  ""coordinates"": [
    -8.317728643238139e+01,
    4.235368126805610e+01
  ],
  ""type"": ""Point""
}","{
  ""coordinates"": [
    -83.177286432,
    42.353681268
  ],
  ""type"": ""Point""
}",-83.177286432,42.3536812680001