ObjectId,Crash ID,Primary Road,Intersecting Road,Crash Date,Day,Month,Year,Hour,Weekday,Crash Type Code,Highway Classification Code,Community Code,Jurisdiction Code,Lane Departure Type Code,Surface Type,Road Condition,Weather Condition,Lighting Condition,Speed Limit,Lanes,Units,Occupants,Most Severe Injury,Fatal Injuries,Suspected Serious Injuries,Suspected Minor Injuries,Possible Injuries,Property Damage Only,Secondary Crash,Traffic Control,Red Light Run,Hit and Run,Alcohol,Drugs,Unbelted Person,Work Zone,Speeding Driver,Distracted Driver,Driveway,Pedestrian,Elderly Driver,Young Driver,Commercial Vehicle,Emergency Vehicles,Train,School Bus,Motorcycle,Bicycle,Deer,Longitude,Latitude,geom,geog,x,y
5830,1529848,PHILADELPHIA,QUINCY,2018-11-10,10,11,2018,2,7,8,9,,,3,,1,1,5,25,1,2,0,5,0,0,0,0,true,false,false,false,true,false,false,false,false,false,false,false,false,false,false,false,false,false,false,false,false,false,-83.12021,42.3623,"{
  ""coordinates"": [
    -8.312020588162160e+01,
    4.236229545718250e+01
  ],
  ""type"": ""Point""
}","{
  ""coordinates"": [
    -83.120205882,
    42.362295457
  ],
  ""type"": ""Point""
}",-83.1202058819999,42.3622954570001
5831,1536987,CHALMERS,CHALMERS/HAYES CUTOFF,2018-11-10,10,11,2018,18,7,97,1,,4,0,Asphalt,1,1,1,,4,2,0,5,0,0,0,0,true,false,false,false,true,false,false,false,false,false,false,false,true,false,false,false,false,false,false,false,false,false,-82.96458,42.40438,"{
  ""coordinates"": [
    -8.296458383029631e+01,
    4.240437792574810e+01
  ],
  ""type"": ""Point""
}","{
  ""coordinates"": [
    -82.96458383,
    42.404377926
  ],
  ""type"": ""Point""
}",-82.96458383,42.4043779260001
5832,1529857,7 MILE,GODDARD,2018-11-10,10,11,2018,5,7,4,9,,4,0,Asphalt,1,1,4,35,2,2,6,3,0,0,1,0,false,false,false,false,false,false,false,false,false,false,false,false,false,false,true,false,false,false,false,false,false,false,-83.0782,42.43291,"{
  ""coordinates"": [
    -8.307820457359020e+01,
    4.243291504981790e+01
  ],
  ""type"": ""Point""
}","{
  ""coordinates"": [
    -83.078204574,
    42.43291505
  ],
  ""type"": ""Point""
}",-83.078204574,42.4329150500001
5833,1528532,SCOTTEN,MAGNOLIA,2018-11-10,10,11,2018,11,7,1,9,,4,1,Asphalt,1,1,4,30,2,1,0,5,0,0,0,0,true,false,false,false,true,false,false,false,false,false,false,false,false,false,false,false,false,false,false,false,false,false,-83.10352,42.33432,"{
  ""coordinates"": [
    -8.310351335667730e+01,
    4.233432465127760e+01
  ],
  ""type"": ""Point""
}","{
  ""coordinates"": [
    -83.103513357,
    42.334324651
  ],
  ""type"": ""Point""
}",-83.1035133569999,42.334324651
5834,1529847,ELMHURST,BRYDEN,2018-11-10,10,11,2018,2,7,1,9,,4,1,Concrete,1,8,5,25,1,1,1,5,0,0,0,0,true,false,false,false,false,false,false,false,false,true,false,false,false,false,false,false,false,false,false,false,false,false,-83.14597,42.37602,"{
  ""coordinates"": [
    -8.314596246305140e+01,
    4.237601680860570e+01
  ],
  ""type"": ""Point""
}","{
  ""coordinates"": [
    -83.145962463,
    42.376016809
  ],
  ""type"": ""Point""
}",-83.145962463,42.3760168090001
5835,1528531,LIVERNOIS,DENNIS,2018-11-10,10,11,2018,3,7,1,9,,4,1,Asphalt,4,1,4,35,5,1,0,5,0,0,0,0,true,false,false,false,false,false,false,false,false,false,false,false,false,false,false,false,false,false,false,false,false,false,-83.11771,42.32749,"{
  ""coordinates"": [
    -8.311770865752700e+01,
    4.232749090553150e+01
  ],
  ""type"": ""Point""
}","{
  ""coordinates"": [
    -83.117708658,
    42.327490906
  ],
  ""type"": ""Point""
}",-83.117708658,42.327490906
5836,1532447,CHICAGO,LINWOOD,2018-11-10,10,11,2018,21,7,4,9,,4,0,Asphalt,1,1,5,30,5,2,5,4,0,0,0,5,false,false,false,false,false,false,false,false,false,false,false,false,false,false,false,false,true,false,false,false,false,false,-83.11081,42.3765,"{
  ""coordinates"": [
    -8.311080732066220e+01,
    4.237649616654910e+01
  ],
  ""type"": ""Point""
}","{
  ""coordinates"": [
    -83.110807321,
    42.376496167
  ],
  ""type"": ""Point""
}",-83.110807321,42.376496167
5837,1528530,MARTIN,MICHIGAN,2018-11-10,10,11,2018,11,7,9,2,,4,0,Asphalt,1,2,1,25,2,2,3,5,0,0,0,0,true,false,false,false,false,false,false,false,false,false,false,true,false,false,false,false,false,false,false,false,false,false,-83.12726,42.33078,"{
  ""coordinates"": [
    -8.312725676018070e+01,
    4.233077800012740e+01
  ],
  ""type"": ""Point""
}","{
  ""coordinates"": [
    -83.12725676,
    42.330778
  ],
  ""type"": ""Point""
}",-83.12725676,42.3307780000001
5838,1528578,HARPER,GRATIOT,2018-11-10,10,11,2018,15,7,5,3,,4,0,Asphalt,1,1,1,35,4,2,3,5,0,0,0,0,true,false,false,false,true,false,false,false,false,false,false,false,false,false,false,false,false,false,false,false,false,false,-83.00541,42.39312,"{
  ""coordinates"": [
    -8.300541186100290e+01,
    4.239311530940250e+01
  ],
  ""type"": ""Point""
}","{
  ""coordinates"": [
    -83.005411861,
    42.393115309
  ],
  ""type"": ""Point""
}",-83.005411861,42.3931153090001
5839,1528528,INGLIS,WOODMERE,2018-11-10,10,11,2018,20,7,5,9,,,0,,1,1,5,25,2,2,1,5,0,0,0,0,true,false,false,false,true,false,false,false,false,false,false,false,false,false,false,false,false,false,false,false,false,false,-83.13258,42.31669,"{
  ""coordinates"": [
    -8.313257363886640e+01,
    4.231669419122520e+01
  ],
  ""type"": ""Point""
}","{
  ""coordinates"": [
    -83.132573639,
    42.316694191
  ],
  ""type"": ""Point""
}",-83.132573639,42.3166941910001
5840,1534876,W I 94,VAN DYKE,2018-11-10,10,11,2018,14,7,5,1,,1,0,Asphalt,1,1,1,55,2,2,2,5,0,0,0,0,true,false,false,false,false,false,false,false,false,false,false,false,false,false,false,false,false,false,false,false,false,false,-83.01966,42.38646,"{
  ""coordinates"": [
    -8.301966236893190e+01,
    4.238645939457670e+01
  ],
  ""type"": ""Point""
}","{
  ""coordinates"": [
    -83.019662369,
    42.386459395
  ],
  ""type"": ""Point""
}",-83.0196623689999,42.386459395
5841,1529865,RAMP 105D,M 10,2018-11-10,10,11,2018,2,7,1,3,,1,1,Concrete,4,5,4,55,1,1,1,5,0,0,0,0,true,false,false,false,false,false,false,false,false,false,false,false,false,false,false,false,false,false,false,false,false,false,-83.15715,42.4049,"{
  ""coordinates"": [
    -8.315714850305130e+01,
    4.240490404224120e+01
  ],
  ""type"": ""Point""
}","{
  ""coordinates"": [
    -83.157148503,
    42.404904042
  ],
  ""type"": ""Point""
}",-83.157148503,42.4049040420001
5842,1534871,MANSFIELD,VERNE,2018-11-10,10,11,2018,2,7,4,9,,,0,,1,1,5,30,2,2,3,5,0,0,0,0,true,false,false,false,false,false,false,false,false,false,false,false,false,false,false,false,false,false,false,false,false,false,-83.20565,42.41222,"{
  ""coordinates"": [
    -8.320565187829220e+01,
    4.241222228079660e+01
  ],
  ""type"": ""Point""
}","{
  ""coordinates"": [
    -83.205651878,
    42.412222281
  ],
  ""type"": ""Point""
}",-83.205651878,42.412222281
5843,1545700,WINTHROP,PLYMOUTH,2018-11-10,10,11,2018,8,7,4,9,,,0,,2,1,1,30,2,2,2,5,0,0,0,0,true,false,false,false,false,false,false,false,false,false,false,false,false,true,false,false,false,false,false,false,false,false,-83.19875,42.37273,"{
  ""coordinates"": [
    -8.319875231770440e+01,
    4.237273581138870e+01
  ],
  ""type"": ""Point""
}","{
  ""coordinates"": [
    -83.198752318,
    42.372735811
  ],
  ""type"": ""Point""
}",-83.1987523179999,42.372735811
5844,1606919,SAINT JEAN,JEFFERSON,2018-11-10,10,11,2018,4,7,5,9,,4,0,Concrete,1,1,2,35,3,2,2,5,0,0,0,0,true,false,false,false,false,false,false,false,false,false,false,false,false,false,false,false,false,false,false,false,false,false,-82.97054,42.36687,"{
  ""coordinates"": [
    -8.297053797876600e+01,
    4.236686866660280e+01
  ],
  ""type"": ""Point""
}","{
  ""coordinates"": [
    -82.970537979,
    42.366868667
  ],
  ""type"": ""Point""
}",-82.970537979,42.3668686670001
5845,1528511,MCKINLEY,KIRBY,2018-11-10,10,11,2018,2,7,2,9,,,0,,4,5,4,25,1,2,1,5,0,0,0,0,true,false,false,false,true,false,false,false,false,false,false,false,false,false,false,false,false,false,false,false,false,false,-83.10603,42.34757,"{
  ""coordinates"": [
    -8.310603372015170e+01,
    4.234756815267590e+01
  ],
  ""type"": ""Point""
}","{
  ""coordinates"": [
    -83.10603372,
    42.347568153
  ],
  ""type"": ""Point""
}",-83.10603372,42.3475681530001
5846,1529864,STOEPEL,CHIPPEWA,2018-11-10,10,11,2018,16,7,10,9,,,0,,1,1,3,25,2,2,0,5,0,0,0,0,true,false,false,false,true,false,false,false,false,false,false,true,false,false,false,false,false,false,false,false,false,false,-83.14305,42.4416,"{
  ""coordinates"": [
    -8.314305183007539e+01,
    4.244159529622150e+01
  ],
  ""type"": ""Point""
}","{
  ""coordinates"": [
    -83.14305183,
    42.441595296
  ],
  ""type"": ""Point""
}",-83.14305183,42.4415952960001
5847,1534863,HONORAH,VERNOR,2018-11-10,10,11,2018,14,7,10,9,,,0,,1,2,1,25,1,2,1,5,0,0,0,0,true,false,false,false,true,false,false,false,false,false,false,false,false,false,false,false,false,false,false,false,false,false,-83.12308,42.31314,"{
  ""coordinates"": [
    -8.312307997972751e+01,
    4.231314460986390e+01
  ],
  ""type"": ""Point""
}","{
  ""coordinates"": [
    -83.12307998,
    42.31314461
  ],
  ""type"": ""Point""
}",-83.1230799799999,42.3131446100001
5848,1528461,I-94,GRAND RIVER,2018-11-10,10,11,2018,6,7,1,1,,1,1,Asphalt,4,2,2,55,3,1,1,5,0,0,0,0,true,false,false,false,false,false,false,false,false,true,false,false,false,false,true,false,false,false,false,false,false,false,-83.09736,42.35065,"{
  ""coordinates"": [
    -8.309735782851190e+01,
    4.235065075462960e+01
  ],
  ""type"": ""Point""
}","{
  ""coordinates"": [
    -83.097357829,
    42.350650755
  ],
  ""type"": ""Point""
}",-83.097357829,42.3506507550001
5849,1528586,CONNER,PORTLANCE,2018-11-10,10,11,2018,17,7,5,9,,4,0,Asphalt,1,1,3,35,4,2,3,4,0,0,0,1,false,false,false,false,false,false,false,false,false,false,false,false,false,false,false,false,false,false,false,false,false,false,-83.01136,42.41732,"{
  ""coordinates"": [
    -8.301135852796240e+01,
    4.241732574397100e+01
  ],
  ""type"": ""Point""
}","{
  ""coordinates"": [
    -83.011358528,
    42.417325744
  ],
  ""type"": ""Point""
}",-83.011358528,42.417325744
5850,1529815,JOY,PINEHURST,2018-11-10,10,11,2018,18,7,97,9,,4,0,Asphalt,1,1,4,35,5,2,0,3,0,0,1,0,false,false,false,false,true,false,false,false,false,false,false,false,true,false,false,false,false,false,false,false,false,false,-83.16555,42.35881,"{
  ""coordinates"": [
    -8.316554904661039e+01,
    4.235881405479280e+01
  ],
  ""type"": ""Point""
}","{
  ""coordinates"": [
    -83.165549047,
    42.358814055
  ],
  ""type"": ""Point""
}",-83.165549047,42.358814055
5851,1529827,FOREST,2ND,2018-11-10,10,11,2018,15,7,9,9,,4,0,Asphalt,1,1,1,35,3,2,4,5,0,0,0,0,true,false,false,false,false,false,false,false,false,false,false,false,false,false,false,false,false,false,false,false,false,false,-83.06871,42.3527,"{
  ""coordinates"": [
    -8.306871035100900e+01,
    4.235270075875530e+01
  ],
  ""type"": ""Point""
}","{
  ""coordinates"": [
    -83.068710351,
    42.352700759
  ],
  ""type"": ""Point""
}",-83.0687103509999,42.3527007590001
5852,1528485,SCHAEFER,JOY,2018-11-09,9,11,2018,15,6,5,9,,4,0,Asphalt,2,2,1,35,2,2,2,5,0,0,0,0,true,false,false,false,false,false,false,false,false,false,false,false,false,false,true,false,false,false,false,false,false,false,-83.1775,42.35856,"{
  ""coordinates"": [
    -8.317749609318710e+01,
    4.235856394394890e+01
  ],
  ""type"": ""Point""
}","{
  ""coordinates"": [
    -83.177496093,
    42.358563944
  ],
  ""type"": ""Point""
}",-83.1774960929999,42.358563944
5853,1528598,WYOMING,S M 10,2018-11-09,9,11,2018,15,6,1,9,,4,0,Concrete,2,2,1,35,4,2,1,4,0,0,0,1,false,false,false,false,true,false,false,false,false,false,false,false,false,false,false,false,false,false,false,false,true,false,-83.15982,42.40519,"{
  ""coordinates"": [
    -8.315981751959400e+01,
    4.240518935407810e+01
  ],
  ""type"": ""Point""
}","{
  ""coordinates"": [
    -83.15981752,
    42.405189354
  ],
  ""type"": ""Point""
}",-83.15981752,42.4051893540001
5854,1528396,W I 94,GRAND,2018-11-09,9,11,2018,18,6,5,1,,1,0,Asphalt,2,1,4,55,3,3,4,4,0,0,0,1,false,false,false,false,false,false,false,false,false,false,false,false,false,true,false,false,false,false,false,false,false,false,-83.10898,42.34715,"{
  ""coordinates"": [
    -8.310897457704810e+01,
    4.234714417631570e+01
  ],
  ""type"": ""Point""
}","{
  ""coordinates"": [
    -83.108974577,
    42.347144176
  ],
  ""type"": ""Point""
}",-83.108974577,42.347144176
5855,1528460,I-94,MT ELLIOT,2018-11-09,9,11,2018,16,6,5,1,,1,0,Asphalt,2,2,1,55,3,3,3,3,0,0,1,0,false,false,false,false,false,false,false,false,false,false,true,false,false,false,true,false,false,false,false,false,false,false,-83.0326,42.38036,"{
  ""coordinates"": [
    -8.303260064588220e+01,
    4.238036400032490e+01
  ],
  ""type"": ""Point""
}","{
  ""coordinates"": [
    -83.032600646,
    42.380364
  ],
  ""type"": ""Point""
}",-83.0326006459999,42.380364
5856,1556171,EVANSTON,WAYBURN,2018-11-09,9,11,2018,8,6,4,9,,,0,,2,7,1,25,2,2,2,4,0,0,0,1,false,false,true,false,true,false,false,false,false,false,false,false,false,false,false,false,false,false,false,false,false,false,-82.95941,42.40704,"{
  ""coordinates"": [
    -8.295940883743380e+01,
    4.240704203296270e+01
  ],
  ""type"": ""Point""
}","{
  ""coordinates"": [
    -82.959408837,
    42.407042033
  ],
  ""type"": ""Point""
}",-82.959408837,42.407042033
5857,1528442,I 96,VIRGIL,2018-11-09,9,11,2018,7,6,5,1,,1,0,Concrete,2,5,1,70,5,2,2,5,0,0,0,0,true,false,false,false,false,false,false,false,false,false,false,false,false,false,false,false,false,false,false,false,false,false,-83.26597,42.38556,"{
  ""coordinates"": [
    -8.326596786608710e+01,
    4.238555901928040e+01
  ],
  ""type"": ""Point""
}","{
  ""coordinates"": [
    -83.265967866,
    42.385559019
  ],
  ""type"": ""Point""
}",-83.265967866,42.385559019
5858,1540049,WOODWARD,8 MILE,2018-11-09,9,11,2018,20,6,8,3,,1,0,Asphalt,1,1,4,35,3,2,3,5,0,0,0,0,true,false,false,false,false,false,false,false,false,false,false,false,false,false,false,false,false,false,false,false,false,false,-83.12485,42.44651,"{
  ""coordinates"": [
    -8.312485085937180e+01,
    4.244650631830190e+01
  ],
  ""type"": ""Point""
}","{
  ""coordinates"": [
    -83.124850859,
    42.446506318
  ],
  ""type"": ""Point""
}",-83.1248508589999,42.446506318
5859,1528427,DAVISON,I-96,2018-11-09,9,11,2018,6,6,1,3,,1,1,Concrete,2,5,4,55,3,1,1,5,0,0,0,0,true,false,false,false,false,false,false,false,false,true,false,false,false,false,false,false,false,false,false,false,false,false,-83.14585,42.38639,"{
  ""coordinates"": [
    -8.314585263149260e+01,
    4.238639534871720e+01
  ],
  ""type"": ""Point""
}","{
  ""coordinates"": [
    -83.145852631,
    42.386395349
  ],
  ""type"": ""Point""
}",-83.145852631,42.3863953490001
5860,1534847,S I 75,SYNCPR CHANGE,2018-11-09,9,11,2018,7,6,97,1,,1,0,Concrete,2,5,1,55,2,2,2,5,0,0,0,0,true,false,false,false,false,false,false,false,false,false,false,false,false,false,true,false,false,false,false,false,false,false,-83.04816,42.34227,"{
  ""coordinates"": [
    -8.304815335869840e+01,
    4.234227064766770e+01
  ],
  ""type"": ""Point""
}","{
  ""coordinates"": [
    -83.048153359,
    42.342270648
  ],
  ""type"": ""Point""
}",-83.048153359,42.3422706480001
5861,1549677,S I 75 SERVICE DRIVE,MACK,2018-11-09,9,11,2018,8,6,8,1,,4,0,Asphalt,2,5,1,35,3,2,2,5,0,0,0,0,true,false,false,false,true,false,false,false,false,false,false,false,false,false,false,true,false,false,false,false,false,false,-83.04858,42.35109,"{
  ""coordinates"": [
    -8.304858098864260e+01,
    4.235109514138690e+01
  ],
  ""type"": ""Point""
}","{
  ""coordinates"": [
    -83.048580989,
    42.351095141
  ],
  ""type"": ""Point""
}",-83.048580989,42.351095141
5862,1625372,RUTLAND,WARREN,2018-11-09,9,11,2018,20,6,1,9,,,0,,98,98,5,25,2,2,0,1,1,0,0,0,false,false,false,false,true,true,false,false,false,false,false,false,true,false,false,false,false,false,false,false,false,false,-83.21223,42.34288,"{
  ""coordinates"": [
    -8.321223074012980e+01,
    4.234287590348750e+01
  ],
  ""type"": ""Point""
}","{
  ""coordinates"": [
    -83.21223074,
    42.342875903
  ],
  ""type"": ""Point""
}",-83.2122307399999,42.342875903
5863,1528430,E I 94,GRAND,2018-11-09,9,11,2018,14,6,5,1,,1,0,Asphalt,2,5,1,55,3,2,2,2,0,1,0,0,false,false,false,false,false,false,false,false,false,false,false,false,false,false,false,false,false,false,false,false,false,false,-83.10964,42.34652,"{
  ""coordinates"": [
    -8.310963985961970e+01,
    4.234651452899300e+01
  ],
  ""type"": ""Point""
}","{
  ""coordinates"": [
    -83.10963986,
    42.346514529
  ],
  ""type"": ""Point""
}",-83.10963986,42.346514529
5864,1528426,W I 96,GRAND RIVER,2018-11-09,9,11,2018,10,6,5,1,,1,0,Concrete,2,5,1,70,4,2,2,5,0,0,0,0,true,false,false,false,false,false,false,false,true,true,false,false,false,true,false,true,false,false,false,false,false,false,-83.17566,42.38391,"{
  ""coordinates"": [
    -8.317565897837861e+01,
    4.238390956413370e+01
  ],
  ""type"": ""Point""
}","{
  ""coordinates"": [
    -83.175658978,
    42.383909564
  ],
  ""type"": ""Point""
}",-83.1756589779999,42.3839095640001
5865,1528593,JOY,BROADSTREET,2018-11-09,9,11,2018,12,6,5,9,,4,0,Asphalt,2,4,1,30,2,2,3,5,0,0,0,0,true,false,false,false,false,false,false,false,false,false,false,false,false,false,false,false,false,false,false,false,false,false,-83.12569,42.36712,"{
  ""coordinates"": [
    -8.312568329344310e+01,
    4.236711475147970e+01
  ],
  ""type"": ""Point""
}","{
  ""coordinates"": [
    -83.125683293,
    42.367114751
  ],
  ""type"": ""Point""
}",-83.125683293,42.367114751
5866,1529875,GRAND RIVER,CENTRE,2018-11-09,9,11,2018,12,6,8,9,,4,0,Asphalt,2,4,1,30,2,2,2,5,0,0,0,0,true,false,false,false,false,false,false,false,false,false,false,false,false,false,false,false,false,false,false,false,false,false,-83.04651,42.33606,"{
  ""coordinates"": [
    -8.304650697785760e+01,
    4.233605781285900e+01
  ],
  ""type"": ""Point""
}","{
  ""coordinates"": [
    -83.046506978,
    42.336057813
  ],
  ""type"": ""Point""
}",-83.046506978,42.336057813
5867,1528486,GRAND RIVER,SPOKANE,2018-11-09,9,11,2018,8,6,8,3,,1,0,Asphalt,4,2,1,35,5,2,3,5,0,0,0,0,true,false,false,false,false,false,false,false,false,false,false,false,false,false,false,false,false,false,false,false,false,false,-83.12011,42.36112,"{
  ""coordinates"": [
    -8.312010979202080e+01,
    4.236111935897440e+01
  ],
  ""type"": ""Point""
}","{
  ""coordinates"": [
    -83.120109792,
    42.361119359
  ],
  ""type"": ""Point""
}",-83.1201097919999,42.361119359
5868,1526418,HAWTHORNE,EMERY,2018-11-09,9,11,2018,2,6,4,9,,,0,,1,1,4,25,2,2,2,4,0,0,0,2,false,false,false,false,false,false,false,false,false,false,false,false,false,false,false,false,false,false,false,false,false,false,-83.0927,42.4351,"{
  ""coordinates"": [
    -8.309270446684729e+01,
    4.243509989108320e+01
  ],
  ""type"": ""Point""
}","{
  ""coordinates"": [
    -83.092704467,
    42.435099891
  ],
  ""type"": ""Point""
}",-83.092704467,42.435099891
5869,1526419,JOHN R,STATE FAIR,2018-11-09,9,11,2018,1,6,4,9,,4,0,Asphalt,1,1,5,30,2,2,1,4,0,0,0,1,false,false,false,false,true,false,false,false,false,false,false,false,false,false,false,false,false,false,false,false,false,false,-83.10259,42.43953,"{
  ""coordinates"": [
    -8.310259071480171e+01,
    4.243952622734970e+01
  ],
  ""type"": ""Point""
}","{
  ""coordinates"": [
    -83.102590715,
    42.439526227
  ],
  ""type"": ""Point""
}",-83.102590715,42.439526227
5870,1528568,EATON,BRAMMEL,2018-11-09,9,11,2018,10,6,4,9,,,0,,2,5,1,25,8,2,2,5,0,0,0,0,true,false,false,false,false,false,false,false,false,false,false,false,false,false,false,false,false,false,false,false,false,false,-83.26414,42.39537,"{
  ""coordinates"": [
    -8.326414189578840e+01,
    4.239536838302430e+01
  ],
  ""type"": ""Point""
}","{
  ""coordinates"": [
    -83.264141896,
    42.395368383
  ],
  ""type"": ""Point""
}",-83.264141896,42.3953683830001
5871,1529823,JOY,STAHELIN,2018-11-09,9,11,2018,23,6,5,9,,2,0,Asphalt,1,1,4,35,4,2,1,5,0,0,0,0,true,false,false,false,true,false,false,false,false,false,false,false,false,false,false,false,false,false,false,false,false,false,-83.22488,42.35773,"{
  ""coordinates"": [
    -8.322487499955920e+01,
    4.235772713086430e+01
  ],
  ""type"": ""Point""
}","{
  ""coordinates"": [
    -83.224875,
    42.357727131
  ],
  ""type"": ""Point""
}",-83.2248749999999,42.357727131
5872,1536989,ST JEAN,JEFFERSON,2018-11-09,9,11,2018,15,6,5,9,,4,0,Concrete,1,1,1,35,5,2,2,5,0,0,0,0,true,false,false,false,false,false,false,false,false,false,false,false,false,true,false,false,false,false,false,false,false,false,-82.97064,42.36702,"{
  ""coordinates"": [
    -8.297063969652940e+01,
    4.236702535965680e+01
  ],
  ""type"": ""Point""
}","{
  ""coordinates"": [
    -82.970639697,
    42.36702536
  ],
  ""type"": ""Point""
}",-82.970639697,42.3670253600001
5873,1528459,I-96,GREENFIELD,2018-11-09,9,11,2018,14,6,8,1,,1,0,Concrete,2,2,1,55,3,3,2,5,0,0,0,0,true,false,false,false,true,false,false,false,false,false,false,false,false,false,false,false,false,false,false,false,false,false,-83.19608,42.37907,"{
  ""coordinates"": [
    -8.319608227800170e+01,
    4.237907362954480e+01
  ],
  ""type"": ""Point""
}","{
  ""coordinates"": [
    -83.196082278,
    42.37907363
  ],
  ""type"": ""Point""
}",-83.1960822779999,42.3790736300001
5874,1528596,LIVERNOIS,S M 10,2018-11-09,9,11,2018,10,6,4,9,,4,0,Concrete,2,4,1,30,6,2,2,4,0,0,0,1,false,false,false,false,false,false,false,false,false,false,false,false,false,false,false,false,false,false,false,false,false,false,-83.14023,42.40476,"{
  ""coordinates"": [
    -8.314022718754050e+01,
    4.240476262251690e+01
  ],
  ""type"": ""Point""
}","{
  ""coordinates"": [
    -83.140227188,
    42.404762623
  ],
  ""type"": ""Point""
}",-83.140227188,42.4047626230001
5875,1528603,BISHOP,MACK,2018-11-09,9,11,2018,17,6,98,9,,,3,,2,5,3,,1,2,0,5,0,0,0,0,true,false,false,false,true,false,false,false,false,false,false,false,false,false,false,false,false,false,false,false,false,false,-82.92572,42.3936,"{
  ""coordinates"": [
    -8.292571771615670e+01,
    4.239360306524690e+01
  ],
  ""type"": ""Point""
}","{
  ""coordinates"": [
    -82.925717716,
    42.393603065
  ],
  ""type"": ""Point""
}",-82.925717716,42.393603065
5876,1578066,7 MILE,MOUNT ELLIOTT,2018-11-09,9,11,2018,16,6,5,9,,4,0,Asphalt,4,5,1,30,2,2,1,5,0,0,0,0,true,false,false,false,true,false,false,false,false,false,false,false,false,false,false,false,false,false,false,false,false,false,-83.03895,42.43368,"{
  ""coordinates"": [
    -8.303894759769270e+01,
    4.243368179050990e+01
  ],
  ""type"": ""Point""
}","{
  ""coordinates"": [
    -83.038947598,
    42.433681791
  ],
  ""type"": ""Point""
}",-83.0389475979999,42.433681791
5877,1528587,7 MILE,MORANG,2018-11-09,9,11,2018,18,6,4,9,,2,0,Asphalt,1,4,4,30,4,2,1,5,0,0,0,0,true,false,false,false,true,false,false,false,false,false,false,false,false,false,true,false,false,false,false,false,false,false,-82.96211,42.43552,"{
  ""coordinates"": [
    -8.296211599355730e+01,
    4.243551877494210e+01
  ],
  ""type"": ""Point""
}","{
  ""coordinates"": [
    -82.962115994,
    42.435518775
  ],
  ""type"": ""Point""
}",-82.962115994,42.435518775
5878,1528579,CHALMERS/HAYES CUTOFF,HARPER,2018-11-09,9,11,2018,22,6,8,9,,4,0,Asphalt,2,5,4,30,2,2,3,4,0,0,0,2,false,false,false,false,false,false,false,false,false,false,false,false,false,false,false,false,false,false,false,false,false,false,-82.96433,42.40474,"{
  ""coordinates"": [
    -8.296433334722560e+01,
    4.240473832970960e+01
  ],
  ""type"": ""Point""
}","{
  ""coordinates"": [
    -82.964333347,
    42.40473833
  ],
  ""type"": ""Point""
}",-82.964333347,42.40473833
5879,1528501,3RD,BAGLEY,2018-11-09,9,11,2018,18,6,5,9,,4,0,Asphalt,2,2,4,25,3,2,3,5,0,0,0,0,true,false,false,false,false,false,false,false,false,false,true,false,false,false,false,false,false,false,false,false,false,false,-83.0576,42.33206,"{
  ""coordinates"": [
    -8.305760092929570e+01,
    4.233205817168970e+01
  ],
  ""type"": ""Point""
}","{
  ""coordinates"": [
    -83.057600929,
    42.332058172
  ],
  ""type"": ""Point""
}",-83.057600929,42.3320581720001
5880,1528589,DAVISON,PETOSKEY,2018-11-09,9,11,2018,8,6,5,3,,1,0,Asphalt,2,5,1,35,1,3,3,5,0,0,0,0,true,false,false,false,false,false,false,false,false,false,false,false,false,false,false,false,false,false,false,false,false,false,-83.13562,42.38795,"{
  ""coordinates"": [
    -8.313562150006410e+01,
    4.238794657776590e+01
  ],
  ""type"": ""Point""
}","{
  ""coordinates"": [
    -83.1356215,
    42.387946578
  ],
  ""type"": ""Point""
}",-83.1356215,42.387946578
5881,1529824,MACK,S I 75 SERVICE DRIVE,2018-11-09,9,11,2018,20,6,3,9,,4,0,Asphalt,1,1,4,25,6,2,5,4,0,0,0,1,false,false,false,false,false,false,false,false,false,false,false,false,false,false,false,false,false,false,false,false,false,false,-83.04858,42.35109,"{
  ""coordinates"": [
    -8.304858098864260e+01,
    4.235109514138690e+01
  ],
  ""type"": ""Point""
}","{
  ""coordinates"": [
    -83.048580989,
    42.351095141
  ],
  ""type"": ""Point""
}",-83.048580989,42.351095141
5882,1528489,PREST,GROVE,2018-11-09,9,11,2018,22,6,8,9,,,0,,1,2,4,25,2,2,1,4,0,0,0,1,false,false,false,false,false,true,false,false,false,false,false,false,false,false,false,false,false,false,false,false,false,false,-83.19804,42.41415,"{
  ""coordinates"": [
    -8.319804505372019e+01,
    4.241414993021840e+01
  ],
  ""type"": ""Point""
}","{
  ""coordinates"": [
    -83.198045054,
    42.41414993
  ],
  ""type"": ""Point""
}",-83.198045054,42.4141499300001
5883,1557473,E I 94,GRAND,2018-11-09,9,11,2018,14,6,5,1,,1,0,Asphalt,2,2,1,55,3,2,2,5,0,0,0,0,true,false,false,false,false,false,false,false,false,false,false,false,false,false,false,false,false,false,false,false,false,false,-83.10952,42.34657,"{
  ""coordinates"": [
    -8.310952291534660e+01,
    4.234656712597480e+01
  ],
  ""type"": ""Point""
}","{
  ""coordinates"": [
    -83.109522915,
    42.346567126
  ],
  ""type"": ""Point""
}",-83.109522915,42.346567126
5884,1528602,LIVERNOIS,EWALD,2018-11-09,9,11,2018,12,6,8,9,,4,0,Concrete,6,5,1,35,2,2,2,5,0,0,0,0,true,false,false,false,true,false,false,false,false,false,false,false,false,false,true,false,false,false,false,false,false,false,-83.13984,42.39129,"{
  ""coordinates"": [
    -8.313984248351680e+01,
    4.239129416473440e+01
  ],
  ""type"": ""Point""
}","{
  ""coordinates"": [
    -83.139842484,
    42.391294165
  ],
  ""type"": ""Point""
}",-83.139842484,42.391294165