ObjectId,Crash ID,Primary Road,Intersecting Road,Crash Date,Day,Month,Year,Hour,Weekday,Crash Type Code,Highway Classification Code,Community Code,Jurisdiction Code,Lane Departure Type Code,Surface Type,Road Condition,Weather Condition,Lighting Condition,Speed Limit,Lanes,Units,Occupants,Most Severe Injury,Fatal Injuries,Suspected Serious Injuries,Suspected Minor Injuries,Possible Injuries,Property Damage Only,Secondary Crash,Traffic Control,Red Light Run,Hit and Run,Alcohol,Drugs,Unbelted Person,Work Zone,Speeding Driver,Distracted Driver,Driveway,Pedestrian,Elderly Driver,Young Driver,Commercial Vehicle,Emergency Vehicles,Train,School Bus,Motorcycle,Bicycle,Deer,Longitude,Latitude,geom,geog,x,y
5939,1528563,SALEM,MCNICHOLS,2018-11-09,9,11,2018,18,6,8,9,,,0,,2,4,4,,1,2,2,4,0,0,0,1,false,true,false,false,false,false,false,false,false,false,false,false,false,false,true,false,false,false,false,false,false,false,-83.28517,42.41432,"{
  ""coordinates"": [
    -8.328517152534050e+01,
    4.241432375215980e+01
  ],
  ""type"": ""Point""
}","{
  ""coordinates"": [
    -83.285171525,
    42.414323752
  ],
  ""type"": ""Point""
}",-83.285171525,42.414323752
5940,1525248,CHICAGO,MONTROSE,2018-11-08,8,11,2018,2,5,98,9,,4,0,Asphalt,2,1,4,25,3,2,1,5,0,0,0,0,true,false,false,false,true,false,false,false,false,false,false,false,false,false,false,false,false,false,false,false,false,false,-83.19953,42.36533,"{
  ""coordinates"": [
    -8.319953333324520e+01,
    4.236533399931770e+01
  ],
  ""type"": ""Point""
}","{
  ""coordinates"": [
    -83.199533333,
    42.365333999
  ],
  ""type"": ""Point""
}",-83.199533333,42.365333999
5941,1536905,RAMP 213I,RAMP 213H,2018-11-08,8,11,2018,18,5,5,1,,1,0,Concrete,1,1,4,55,2,2,2,5,0,0,0,0,true,false,false,false,false,false,false,false,false,false,false,false,false,false,true,false,false,false,false,false,false,false,-83.09754,42.34894,"{
  ""coordinates"": [
    -8.309754296261650e+01,
    4.234894170850180e+01
  ],
  ""type"": ""Point""
}","{
  ""coordinates"": [
    -83.097542963,
    42.348941709
  ],
  ""type"": ""Point""
}",-83.097542963,42.348941709
5942,1528494,FOREST,N M 10 SERVICE DRIVE,2018-11-08,8,11,2018,17,5,5,9,,4,0,Concrete,1,1,1,30,4,2,2,5,0,0,0,0,true,false,false,false,false,false,false,false,false,false,false,false,false,false,false,false,false,false,false,false,false,false,-83.07173,42.35175,"{
  ""coordinates"": [
    -8.307173238353860e+01,
    4.235174514995820e+01
  ],
  ""type"": ""Point""
}","{
  ""coordinates"": [
    -83.071732384,
    42.35174515
  ],
  ""type"": ""Point""
}",-83.071732384,42.3517451500001
5943,1526391,GREENFIELD,CHALFONTE,2018-11-08,8,11,2018,20,5,8,9,,2,0,Asphalt,1,1,4,35,4,2,1,5,0,0,0,0,true,false,false,false,true,false,false,false,false,false,false,false,false,false,false,false,false,false,false,false,false,false,-83.19863,42.39911,"{
  ""coordinates"": [
    -8.319863118604979e+01,
    4.239910368153930e+01
  ],
  ""type"": ""Point""
}","{
  ""coordinates"": [
    -83.198631186,
    42.399103682
  ],
  ""type"": ""Point""
}",-83.1986311859999,42.399103682
5944,1536924,DAVISON,EWALD,2018-11-08,8,11,2018,17,5,8,3,,1,0,Concrete,1,1,4,30,3,2,2,5,0,0,0,0,true,false,false,false,false,false,false,false,false,false,false,false,false,false,false,true,false,false,false,false,false,false,-83.1457,42.3864,"{
  ""coordinates"": [
    -8.314569631336900e+01,
    4.238639855367690e+01
  ],
  ""type"": ""Point""
}","{
  ""coordinates"": [
    -83.145696313,
    42.386398554
  ],
  ""type"": ""Point""
}",-83.145696313,42.386398554
5945,1528574,DRESDEN,GIETZEN,2018-11-08,8,11,2018,22,5,5,9,,,0,,98,98,98,,2,2,0,5,0,0,0,0,true,false,false,false,true,false,false,false,false,false,false,false,false,false,false,false,false,false,false,false,false,false,-82.99937,42.42524,"{
  ""coordinates"": [
    -8.299936302347540e+01,
    4.242523712249490e+01
  ],
  ""type"": ""Point""
}","{
  ""coordinates"": [
    -82.999363023,
    42.425237122
  ],
  ""type"": ""Point""
}",-82.9993630229999,42.4252371220001
5946,1534640,I 75,LARNED,2018-11-08,8,11,2018,12,5,8,1,,1,0,Asphalt,1,1,1,70,4,2,2,5,0,0,0,0,true,false,false,false,true,false,false,false,false,false,false,false,false,true,false,false,false,false,false,false,false,false,-83.03625,42.33347,"{
  ""coordinates"": [
    -8.303624479743890e+01,
    4.233346813700110e+01
  ],
  ""type"": ""Point""
}","{
  ""coordinates"": [
    -83.036244797,
    42.333468137
  ],
  ""type"": ""Point""
}",-83.0362447969999,42.3334681370001
5947,1526399,LARNED,SAINT MARON,2018-11-08,8,11,2018,9,5,5,9,,4,0,Asphalt,1,1,1,,4,2,1,5,0,0,0,0,true,false,false,false,false,false,false,false,false,false,false,false,false,true,false,true,false,false,true,false,false,false,-83.01836,42.34101,"{
  ""coordinates"": [
    -8.301835479518491e+01,
    4.234101329469190e+01
  ],
  ""type"": ""Point""
}","{
  ""coordinates"": [
    -83.018354795,
    42.341013295
  ],
  ""type"": ""Point""
}",-83.0183547949999,42.341013295
5948,1528525,FORT,KAIER,2018-11-08,8,11,2018,8,5,1,3,,1,1,Asphalt,1,2,1,35,3,1,1,5,0,0,0,0,true,false,false,false,false,false,false,false,false,false,false,false,false,false,false,false,false,false,false,false,false,false,-83.1316,42.29547,"{
  ""coordinates"": [
    -8.313159676656130e+01,
    4.229547042750260e+01
  ],
  ""type"": ""Point""
}","{
  ""coordinates"": [
    -83.131596767,
    42.295470428
  ],
  ""type"": ""Point""
}",-83.131596767,42.295470428
5949,1526393,GRAND RIVER,MEYERS,2018-11-08,8,11,2018,9,5,5,3,,1,0,Concrete,1,1,1,35,6,3,4,4,0,0,0,2,false,false,false,false,true,false,false,false,false,false,false,false,false,false,false,false,false,false,false,false,false,false,-83.16853,42.38062,"{
  ""coordinates"": [
    -8.316852265206300e+01,
    4.238062035520990e+01
  ],
  ""type"": ""Point""
}","{
  ""coordinates"": [
    -83.168522652,
    42.380620355
  ],
  ""type"": ""Point""
}",-83.168522652,42.3806203550001
5950,1528507,ROSA PARKS,BAGLEY,2018-11-08,8,11,2018,13,5,8,9,,4,0,Asphalt,1,1,1,30,2,2,1,5,0,0,0,0,true,false,false,false,true,false,false,false,false,false,false,false,false,false,false,false,false,false,false,false,false,false,-83.07007,42.32802,"{
  ""coordinates"": [
    -8.307006737708720e+01,
    4.232802081264030e+01
  ],
  ""type"": ""Point""
}","{
  ""coordinates"": [
    -83.070067377,
    42.328020813
  ],
  ""type"": ""Point""
}",-83.070067377,42.3280208130001
5951,1528497,N M 10 SERVICE DRIVE,FOREST,2018-11-08,8,11,2018,12,5,8,3,,4,0,Asphalt,1,2,1,35,2,2,2,5,0,0,0,0,true,false,false,false,false,false,false,false,false,false,false,false,false,false,false,false,false,false,false,false,false,false,-83.07173,42.35175,"{
  ""coordinates"": [
    -8.307173238353860e+01,
    4.235174514995820e+01
  ],
  ""type"": ""Point""
}","{
  ""coordinates"": [
    -83.071732384,
    42.35174515
  ],
  ""type"": ""Point""
}",-83.071732384,42.3517451500001
5952,1532423,JOY,ASHTON,2018-11-08,8,11,2018,14,5,8,9,,2,0,Asphalt,1,2,1,35,4,2,1,5,0,0,0,0,true,false,false,false,true,false,false,false,false,false,false,false,false,false,false,false,false,false,false,false,false,false,-83.21763,42.35783,"{
  ""coordinates"": [
    -8.321762847910590e+01,
    4.235782776113890e+01
  ],
  ""type"": ""Point""
}","{
  ""coordinates"": [
    -83.217628479,
    42.357827761
  ],
  ""type"": ""Point""
}",-83.217628479,42.3578277610001
5953,1528628,WYOMING,MIDLAND,2018-11-08,8,11,2018,19,5,4,9,,4,0,Asphalt,1,1,4,25,3,2,2,3,0,0,1,0,false,false,false,false,false,false,false,false,false,false,false,false,false,true,false,true,false,false,false,false,false,false,-83.15985,42.40609,"{
  ""coordinates"": [
    -8.315985271749349e+01,
    4.240608752973870e+01
  ],
  ""type"": ""Point""
}","{
  ""coordinates"": [
    -83.159852717,
    42.40608753
  ],
  ""type"": ""Point""
}",-83.159852717,42.40608753
5954,1526410,HAYES,NOVARA,2018-11-08,8,11,2018,18,5,3,9,,4,0,Asphalt,1,1,4,35,2,2,4,5,0,0,0,0,true,false,false,false,false,false,false,false,false,false,false,false,false,false,false,false,false,false,false,false,false,false,-82.96562,42.439,"{
  ""coordinates"": [
    -8.296562209761809e+01,
    4.243899752304660e+01
  ],
  ""type"": ""Point""
}","{
  ""coordinates"": [
    -82.965622098,
    42.438997523
  ],
  ""type"": ""Point""
}",-82.965622098,42.4389975230001
5955,1528526,VERNOR,DRAGOON,2018-11-08,8,11,2018,12,5,4,9,,4,0,Asphalt,1,2,1,35,3,2,2,5,0,0,0,0,true,false,false,false,false,false,false,false,false,false,false,false,false,false,false,false,false,false,false,false,false,false,-83.10871,42.31566,"{
  ""coordinates"": [
    -8.310871439917800e+01,
    4.231566093390620e+01
  ],
  ""type"": ""Point""
}","{
  ""coordinates"": [
    -83.108714399,
    42.315660934
  ],
  ""type"": ""Point""
}",-83.108714399,42.3156609340001
5956,1534798,E/B I 94,I 75,2018-11-08,8,11,2018,16,5,5,1,,1,0,Concrete,1,2,1,55,3,3,4,5,0,0,0,0,true,false,false,false,false,false,false,false,false,false,false,false,false,false,false,false,false,false,false,false,false,false,-83.05972,42.36752,"{
  ""coordinates"": [
    -8.305971233707490e+01,
    4.236751661947910e+01
  ],
  ""type"": ""Point""
}","{
  ""coordinates"": [
    -83.059712337,
    42.367516619
  ],
  ""type"": ""Point""
}",-83.059712337,42.3675166190001
5957,1536951,TRUMBULL,TEMPLE,2018-11-08,8,11,2018,19,5,5,9,,4,0,Asphalt,1,1,4,35,2,2,2,5,0,0,0,0,true,false,false,false,false,false,false,false,false,false,false,false,false,false,false,false,false,false,false,false,false,false,-83.07063,42.33794,"{
  ""coordinates"": [
    -8.307063395197420e+01,
    4.233794395381840e+01
  ],
  ""type"": ""Point""
}","{
  ""coordinates"": [
    -83.070633952,
    42.337943954
  ],
  ""type"": ""Point""
}",-83.070633952,42.337943954
5958,1528506,WOODWARD,ANTOINETTE,2018-11-08,8,11,2018,17,5,97,3,,1,0,Asphalt,1,1,1,35,3,2,1,5,0,0,0,0,true,true,false,false,true,false,false,false,false,false,false,false,false,false,false,false,false,false,false,false,false,false,-83.06913,42.36404,"{
  ""coordinates"": [
    -8.306913132090649e+01,
    4.236403940532780e+01
  ],
  ""type"": ""Point""
}","{
  ""coordinates"": [
    -83.069131321,
    42.364039405
  ],
  ""type"": ""Point""
}",-83.069131321,42.364039405
5959,1572683,I-94,CONNER,2018-11-08,8,11,2018,0,5,97,1,,1,0,Asphalt,1,1,4,55,3,3,3,4,0,0,0,1,false,false,false,false,true,false,false,false,false,false,true,false,false,false,false,false,false,false,false,false,false,false,-82.98921,42.39537,"{
  ""coordinates"": [
    -8.298921112896720e+01,
    4.239537338128040e+01
  ],
  ""type"": ""Point""
}","{
  ""coordinates"": [
    -82.989211129,
    42.395373381
  ],
  ""type"": ""Point""
}",-82.989211129,42.3953733810001
5960,1528567,GRAND RIVER,CHAPEL,2018-11-08,8,11,2018,14,5,5,3,,1,0,Asphalt,1,1,1,35,2,2,2,5,0,0,0,0,true,false,false,false,false,false,false,false,false,false,false,false,false,true,false,false,false,false,false,false,false,false,-83.25382,42.415,"{
  ""coordinates"": [
    -8.325382070527620e+01,
    4.241500463970180e+01
  ],
  ""type"": ""Point""
}","{
  ""coordinates"": [
    -83.253820705,
    42.41500464
  ],
  ""type"": ""Point""
}",-83.253820705,42.4150046400001
5961,1528601,HUDSON,STANTON,2018-11-08,8,11,2018,3,5,2,9,,,2,,1,1,5,25,1,2,0,5,0,0,0,0,true,false,false,false,true,false,false,false,false,false,false,false,false,false,false,false,false,false,false,false,false,false,-83.09313,42.35312,"{
  ""coordinates"": [
    -8.309313533988380e+01,
    4.235312066937120e+01
  ],
  ""type"": ""Point""
}","{
  ""coordinates"": [
    -83.09313534,
    42.353120669
  ],
  ""type"": ""Point""
}",-83.0931353399999,42.3531206690001
5962,1526397,S M 39,SCHOOLCRAFT,2018-11-08,8,11,2018,8,5,8,3,,1,0,Asphalt,1,2,1,55,3,2,3,5,0,0,0,0,true,false,false,false,true,false,false,false,false,false,false,false,false,true,false,false,false,false,false,false,false,false,-83.21774,42.38687,"{
  ""coordinates"": [
    -8.321774126143460e+01,
    4.238686580562550e+01
  ],
  ""type"": ""Point""
}","{
  ""coordinates"": [
    -83.217741261,
    42.386865806
  ],
  ""type"": ""Point""
}",-83.217741261,42.3868658060001
5963,1528566,SCHOOLCRAFT,STAHELIN,2018-11-08,8,11,2018,16,5,8,9,,2,0,Asphalt,1,2,1,35,4,2,1,5,0,0,0,0,true,false,false,false,true,false,false,false,false,false,false,false,false,false,false,false,false,false,false,false,false,false,-83.22617,42.38649,"{
  ""coordinates"": [
    -8.322617045593680e+01,
    4.238649238204690e+01
  ],
  ""type"": ""Point""
}","{
  ""coordinates"": [
    -83.226170456,
    42.386492382
  ],
  ""type"": ""Point""
}",-83.226170456,42.386492382
5964,1526394,HUBBELL,PURITAN,2018-11-08,8,11,2018,2,5,8,9,,4,3,Asphalt,1,1,3,35,2,2,0,5,0,0,0,0,true,false,false,false,true,false,false,false,false,false,false,false,false,false,false,false,false,false,false,false,false,false,-83.18923,42.40903,"{
  ""coordinates"": [
    -8.318923161606300e+01,
    4.240902870706340e+01
  ],
  ""type"": ""Point""
}","{
  ""coordinates"": [
    -83.189231616,
    42.409028707
  ],
  ""type"": ""Point""
}",-83.189231616,42.4090287070001
5965,1525240,JOY,ASBURY,2018-11-08,8,11,2018,2,5,5,9,,2,0,Asphalt,1,1,4,35,4,2,3,3,0,0,1,2,false,false,false,false,false,false,false,false,false,false,false,false,false,false,true,false,false,false,false,false,false,false,-83.20691,42.35798,"{
  ""coordinates"": [
    -8.320690646670120e+01,
    4.235797841041030e+01
  ],
  ""type"": ""Point""
}","{
  ""coordinates"": [
    -83.206906467,
    42.35797841
  ],
  ""type"": ""Point""
}",-83.206906467,42.35797841
5966,1526395,PURITAN,LESURE,2018-11-08,8,11,2018,17,5,8,9,,4,0,Asphalt,1,1,4,30,2,2,0,5,0,0,0,0,true,false,false,false,true,false,false,false,false,false,false,false,false,false,false,false,false,false,false,false,false,false,-83.18153,42.4093,"{
  ""coordinates"": [
    -8.318153043896071e+01,
    4.240929745928370e+01
  ],
  ""type"": ""Point""
}","{
  ""coordinates"": [
    -83.181530439,
    42.409297459
  ],
  ""type"": ""Point""
}",-83.181530439,42.4092974590001
5967,1525273,ST CYRIL,MILLER,2018-11-08,8,11,2018,6,5,4,9,,4,0,Asphalt,1,1,4,15,2,2,2,5,0,0,0,0,true,false,false,false,false,false,false,false,false,false,false,false,false,false,false,false,false,false,false,false,false,false,-83.02645,42.39047,"{
  ""coordinates"": [
    -8.302644832586169e+01,
    4.239046861678770e+01
  ],
  ""type"": ""Point""
}","{
  ""coordinates"": [
    -83.026448326,
    42.390468617
  ],
  ""type"": ""Point""
}",-83.026448326,42.3904686170001
5968,1534838,I-75,GRAND RIVER,2018-11-08,8,11,2018,18,5,1,1,,1,0,Concrete,1,1,4,70,3,1,1,5,0,0,0,0,true,false,false,false,false,false,false,false,false,false,false,false,false,false,false,false,false,false,false,false,false,false,-83.05764,42.3373,"{
  ""coordinates"": [
    -8.305764028336699e+01,
    4.233729818900310e+01
  ],
  ""type"": ""Point""
}","{
  ""coordinates"": [
    -83.057640283,
    42.337298189
  ],
  ""type"": ""Point""
}",-83.057640283,42.3372981890001
5969,1528564,8 MILE,TRINITY,2018-11-08,8,11,2018,9,5,5,3,,1,0,Asphalt,1,1,1,,3,2,2,4,0,0,0,1,false,false,false,false,false,false,false,false,false,false,false,false,false,false,false,false,false,false,false,false,false,false,-83.25018,42.44346,"{
  ""coordinates"": [
    -8.325018225621530e+01,
    4.244346252595970e+01
  ],
  ""type"": ""Point""
}","{
  ""coordinates"": [
    -83.250182256,
    42.443462526
  ],
  ""type"": ""Point""
}",-83.250182256,42.4434625260001
5970,1528482,MARK TWAIN,PLYMOUTH,2018-11-08,8,11,2018,10,5,4,9,,,0,,1,1,1,,2,2,3,5,0,0,0,0,true,false,false,false,true,false,false,false,false,false,false,true,false,false,false,false,false,false,false,false,false,false,-83.1853,42.37244,"{
  ""coordinates"": [
    -8.318529568894340e+01,
    4.237244405253360e+01
  ],
  ""type"": ""Point""
}","{
  ""coordinates"": [
    -83.185295689,
    42.372444053
  ],
  ""type"": ""Point""
}",-83.185295689,42.372444053
5971,1534789,I 94,I 96,2018-11-08,8,11,2018,16,5,5,1,,1,0,Asphalt,1,1,1,55,3,2,2,5,0,0,0,0,true,false,false,false,false,false,false,false,false,false,false,false,false,false,false,true,false,false,false,false,false,false,-83.09969,42.35005,"{
  ""coordinates"": [
    -8.309968732983920e+01,
    4.235005259203060e+01
  ],
  ""type"": ""Point""
}","{
  ""coordinates"": [
    -83.09968733,
    42.350052592
  ],
  ""type"": ""Point""
}",-83.0996873299999,42.3500525920001
5972,1528559,PEMBROKE,BERG,2018-11-08,8,11,2018,11,5,9,9,,,0,,1,1,1,25,2,2,5,5,0,0,0,0,true,false,false,false,false,false,false,false,false,false,false,false,false,false,false,false,false,false,false,false,false,false,-83.26753,42.43627,"{
  ""coordinates"": [
    -8.326753291005610e+01,
    4.243626682080600e+01
  ],
  ""type"": ""Point""
}","{
  ""coordinates"": [
    -83.26753291,
    42.436266821
  ],
  ""type"": ""Point""
}",-83.2675329099999,42.4362668210001
5973,1530976,TERRY,ORANGELAWN,2018-11-08,8,11,2018,0,5,4,9,,,0,,1,1,4,25,2,2,5,4,0,0,0,5,false,false,false,false,false,false,false,false,false,false,false,false,false,false,false,false,false,false,false,false,false,false,-83.19083,42.36771,"{
  ""coordinates"": [
    -8.319083266354360e+01,
    4.236771170332560e+01
  ],
  ""type"": ""Point""
}","{
  ""coordinates"": [
    -83.190832664,
    42.367711703
  ],
  ""type"": ""Point""
}",-83.190832664,42.3677117030001
5974,1528548,GREENFIELD,TIREMAN,2018-11-08,8,11,2018,15,5,5,9,,2,0,Asphalt,1,2,1,35,4,2,1,5,0,0,0,0,true,false,false,false,true,false,false,false,false,false,false,false,false,false,false,false,false,false,false,false,false,false,-83.19662,42.35101,"{
  ""coordinates"": [
    -8.319661589660591e+01,
    4.235101485354030e+01
  ],
  ""type"": ""Point""
}","{
  ""coordinates"": [
    -83.196615897,
    42.351014854
  ],
  ""type"": ""Point""
}",-83.196615897,42.351014854
5975,1528621,7 MILE`,GRIGGS,2018-11-08,8,11,2018,12,5,8,9,,2,0,Asphalt,1,2,1,30,4,2,2,5,0,0,0,0,true,false,false,false,false,false,false,false,false,false,false,false,false,false,true,false,false,false,false,false,false,false,-83.16409,42.43132,"{
  ""coordinates"": [
    -8.316409651888740e+01,
    4.243132194198060e+01
  ],
  ""type"": ""Point""
}","{
  ""coordinates"": [
    -83.164096519,
    42.431321942
  ],
  ""type"": ""Point""
}",-83.1640965189999,42.4313219420001
5976,1546390,KELLY,OLD HOMESTEAD,2018-11-08,8,11,2018,8,5,4,9,,2,0,Asphalt,1,2,1,25,2,2,3,5,0,0,0,0,true,false,false,false,false,false,false,false,false,false,false,false,false,false,false,false,false,false,false,false,false,false,-82.94736,42.44194,"{
  ""coordinates"": [
    -8.294735345261221e+01,
    4.244193801846670e+01
  ],
  ""type"": ""Point""
}","{
  ""coordinates"": [
    -82.947353453,
    42.441938018
  ],
  ""type"": ""Point""
}",-82.9473534529999,42.441938018
5977,1529874,LIVERNOIS,7 MILE,2018-11-08,8,11,2018,14,5,5,9,,4,0,Asphalt,1,2,1,30,2,2,2,5,0,0,0,0,true,false,false,false,false,false,false,false,false,false,false,false,false,false,false,false,false,false,false,false,false,false,-83.14137,42.43144,"{
  ""coordinates"": [
    -8.314136856992810e+01,
    4.243144301412610e+01
  ],
  ""type"": ""Point""
}","{
  ""coordinates"": [
    -83.14136857,
    42.431443014
  ],
  ""type"": ""Point""
}",-83.1413685699999,42.4314430140001
5978,1539955,RAMP 216E,E I 94,2018-11-08,8,11,2018,18,5,8,1,,1,0,Concrete,1,1,4,55,3,2,3,5,0,0,0,0,true,false,false,false,false,false,false,false,false,false,false,false,false,true,false,false,false,false,false,false,false,false,-83.05507,42.3704,"{
  ""coordinates"": [
    -8.305506906830369e+01,
    4.237040002036440e+01
  ],
  ""type"": ""Point""
}","{
  ""coordinates"": [
    -83.055069068,
    42.37040002
  ],
  ""type"": ""Point""
}",-83.055069068,42.37040002
5979,1537029,LIVERNOIS,MCNICHOLS,2018-11-08,8,11,2018,14,5,5,9,,4,0,Asphalt,1,1,1,35,2,2,2,5,0,0,0,0,true,false,false,false,true,false,false,false,false,false,false,false,false,true,false,false,false,false,false,false,false,false,-83.14095,42.41716,"{
  ""coordinates"": [
    -8.314095148749431e+01,
    4.241716411961770e+01
  ],
  ""type"": ""Point""
}","{
  ""coordinates"": [
    -83.140951487,
    42.41716412
  ],
  ""type"": ""Point""
}",-83.1409514869999,42.4171641200001
5980,1528569,TELEGRAPH,7 MILE,2018-11-08,8,11,2018,14,5,5,2,,1,0,Asphalt,1,2,2,45,4,2,2,5,0,0,0,0,true,false,false,false,false,false,false,false,false,false,false,false,false,false,false,false,false,false,false,false,false,false,-83.27756,42.42891,"{
  ""coordinates"": [
    -8.327756001341650e+01,
    4.242891406583750e+01
  ],
  ""type"": ""Point""
}","{
  ""coordinates"": [
    -83.277560013,
    42.428914066
  ],
  ""type"": ""Point""
}",-83.277560013,42.4289140660001
5981,1536906,N/B M-10,MCNICHOLS,2018-11-08,8,11,2018,21,5,8,3,,1,0,Concrete,1,1,4,55,3,2,2,5,0,0,0,0,true,false,false,false,false,false,false,false,false,false,false,false,false,true,false,false,false,false,false,false,false,false,-83.17228,42.41687,"{
  ""coordinates"": [
    -8.317228129204490e+01,
    4.241687078315080e+01
  ],
  ""type"": ""Point""
}","{
  ""coordinates"": [
    -83.172281292,
    42.416870783
  ],
  ""type"": ""Point""
}",-83.172281292,42.416870783
5982,1528613,APPOLINE,FLORENCE,2018-11-08,8,11,2018,0,5,3,9,,,0,,1,1,4,25,2,2,1,5,0,0,0,0,true,false,false,false,true,false,false,false,false,false,false,false,false,false,false,false,false,false,false,false,false,false,-83.17094,42.41196,"{
  ""coordinates"": [
    -8.317094559184140e+01,
    4.241195847196960e+01
  ],
  ""type"": ""Point""
}","{
  ""coordinates"": [
    -83.170945592,
    42.411958472
  ],
  ""type"": ""Point""
}",-83.170945592,42.411958472
5983,1526402,JEFFERSON,N I 375 SERVICE DRIVE,2018-11-08,8,11,2018,13,5,5,9,,4,0,Asphalt,1,1,1,30,4,2,1,5,0,0,0,0,true,true,false,false,true,false,false,false,false,false,false,false,false,false,false,false,false,false,false,false,false,false,-83.03542,42.33279,"{
  ""coordinates"": [
    -8.303541343746539e+01,
    4.233278908667890e+01
  ],
  ""type"": ""Point""
}","{
  ""coordinates"": [
    -83.035413437,
    42.332789087
  ],
  ""type"": ""Point""
}",-83.035413437,42.332789087
5984,1528626,8MILE,DURHAM,2018-11-08,8,11,2018,8,5,1,3,,1,0,Asphalt,1,1,1,35,2,1,1,5,0,0,0,0,true,false,false,false,false,false,false,false,false,false,false,false,false,false,false,false,false,false,false,false,false,false,-83.13036,42.44633,"{
  ""coordinates"": [
    -8.313035794303261e+01,
    4.244633069636540e+01
  ],
  ""type"": ""Point""
}","{
  ""coordinates"": [
    -83.130357943,
    42.446330696
  ],
  ""type"": ""Point""
}",-83.130357943,42.4463306960001
5985,1526417,SAINT CYRIL,GEORGIA,2018-11-08,8,11,2018,6,5,4,9,,4,0,Asphalt,1,1,1,35,2,2,2,5,0,0,0,0,true,false,false,false,false,false,false,false,false,false,false,false,false,true,false,false,false,false,false,false,false,false,-83.02722,42.39347,"{
  ""coordinates"": [
    -8.302721788579630e+01,
    4.239347614203610e+01
  ],
  ""type"": ""Point""
}","{
  ""coordinates"": [
    -83.027217886,
    42.393476142
  ],
  ""type"": ""Point""
}",-83.027217886,42.3934761420001
5986,1537006,GREENFIELD,THATCHER,2018-11-08,8,11,2018,18,5,1,9,,2,0,Asphalt,1,1,5,35,2,2,0,3,0,0,1,0,false,false,false,false,true,false,false,false,false,false,false,false,true,false,false,false,false,false,false,false,false,false,-83.19952,42.42122,"{
  ""coordinates"": [
    -8.319951691694560e+01,
    4.242122344910890e+01
  ],
  ""type"": ""Point""
}","{
  ""coordinates"": [
    -83.199516917,
    42.421223449
  ],
  ""type"": ""Point""
}",-83.199516917,42.4212234490001
5987,1577989,M-39,JOY,2018-11-08,8,11,2018,18,5,5,3,,1,0,Asphalt,1,1,4,55,3,2,2,5,0,0,0,0,true,false,false,false,false,false,false,false,false,false,false,false,false,false,false,false,true,false,false,false,false,false,-83.21641,42.35813,"{
  ""coordinates"": [
    -8.321640930216910e+01,
    4.235812652787180e+01
  ],
  ""type"": ""Point""
}","{
  ""coordinates"": [
    -83.216409302,
    42.358126528
  ],
  ""type"": ""Point""
}",-83.216409302,42.3581265280001
5988,1578068,GRATIOT,WILFRED,2018-11-08,8,11,2018,16,5,97,3,,1,1,Asphalt,1,1,1,,7,2,1,4,0,0,0,1,false,false,false,false,true,false,false,false,false,false,false,false,true,false,false,false,false,false,false,false,false,false,-82.99323,42.41144,"{
  ""coordinates"": [
    -8.299322944039081e+01,
    4.241143859938040e+01
  ],
  ""type"": ""Point""
}","{
  ""coordinates"": [
    -82.99322944,
    42.411438599
  ],
  ""type"": ""Point""
}",-82.9932294399999,42.4114385990001
5989,1528575,NOTTINGHAM,EVANSTON,2018-11-08,8,11,2018,6,5,4,9,,,0,,1,2,4,25,2,2,3,4,0,0,0,3,false,false,true,false,false,false,false,true,false,false,false,false,false,false,false,false,false,false,false,false,false,false,-82.95459,42.40834,"{
  ""coordinates"": [
    -8.295458644399410e+01,
    4.240834542759550e+01
  ],
  ""type"": ""Point""
}","{
  ""coordinates"": [
    -82.954586444,
    42.408345428
  ],
  ""type"": ""Point""
}",-82.954586444,42.4083454280001
5990,1577974,M 10,OAKMAN,2018-11-08,8,11,2018,20,5,8,3,,1,0,Concrete,1,1,4,55,4,2,2,5,0,0,0,0,true,false,false,false,true,false,false,false,false,false,false,false,false,false,false,false,false,false,false,false,false,false,-83.11672,42.40245,"{
  ""coordinates"": [
    -8.311671945605040e+01,
    4.240244943657580e+01
  ],
  ""type"": ""Point""
}","{
  ""coordinates"": [
    -83.116719456,
    42.402449437
  ],
  ""type"": ""Point""
}",-83.1167194559999,42.402449437
5991,1571577,8 MILE,TELEGRAPH,2018-11-07,7,11,2018,13,4,8,3,,1,0,Concrete,1,2,1,45,4,2,3,4,0,0,0,1,false,false,false,false,false,false,false,false,false,false,false,false,false,false,false,false,false,false,false,false,false,false,-83.27831,42.44274,"{
  ""coordinates"": [
    -8.327830141343250e+01,
    4.244273949219720e+01
  ],
  ""type"": ""Point""
}","{
  ""coordinates"": [
    -83.278301413,
    42.442739492
  ],
  ""type"": ""Point""
}",-83.278301413,42.442739492
5992,1525228,SCHAEFER,FULLERTON,2018-11-07,7,11,2018,18,4,5,9,,4,0,Asphalt,1,1,4,35,3,2,2,3,0,0,1,1,false,false,false,false,false,false,false,false,false,false,false,false,false,false,false,false,false,false,false,false,false,false,-83.17827,42.38047,"{
  ""coordinates"": [
    -8.317826788529440e+01,
    4.238046908301420e+01
  ],
  ""type"": ""Point""
}","{
  ""coordinates"": [
    -83.178267885,
    42.380469083
  ],
  ""type"": ""Point""
}",-83.178267885,42.380469083