ObjectId,Crash ID,Primary Road,Intersecting Road,Crash Date,Day,Month,Year,Hour,Weekday,Crash Type Code,Highway Classification Code,Community Code,Jurisdiction Code,Lane Departure Type Code,Surface Type,Road Condition,Weather Condition,Lighting Condition,Speed Limit,Lanes,Units,Occupants,Most Severe Injury,Fatal Injuries,Suspected Serious Injuries,Suspected Minor Injuries,Possible Injuries,Property Damage Only,Secondary Crash,Traffic Control,Red Light Run,Hit and Run,Alcohol,Drugs,Unbelted Person,Work Zone,Speeding Driver,Distracted Driver,Driveway,Pedestrian,Elderly Driver,Young Driver,Commercial Vehicle,Emergency Vehicles,Train,School Bus,Motorcycle,Bicycle,Deer,Longitude,Latitude,geom,geog,x,y
5993,1545747,AMSTERDAM,CASS,2018-11-07,7,11,2018,16,4,9,9,,,2,,1,1,1,15,2,2,0,5,0,0,0,0,true,false,false,false,true,false,false,false,false,false,false,false,false,false,false,false,false,false,false,false,false,false,-83.07244,42.36606,"{
  ""coordinates"": [
    -8.307243915955010e+01,
    4.236606155351340e+01
  ],
  ""type"": ""Point""
}","{
  ""coordinates"": [
    -83.07243916,
    42.366061554
  ],
  ""type"": ""Point""
}",-83.07243916,42.3660615540001
5994,1530986,GRATIOT,SAINT AUBIN,2018-11-07,7,11,2018,9,4,8,3,,1,0,Asphalt,1,2,1,30,6,2,2,4,0,0,0,1,false,false,false,false,false,false,false,false,false,false,false,false,false,false,false,true,false,false,false,false,false,false,-83.03458,42.34893,"{
  ""coordinates"": [
    -8.303457676060469e+01,
    4.234893428677840e+01
  ],
  ""type"": ""Point""
}","{
  ""coordinates"": [
    -83.034576761,
    42.348934287
  ],
  ""type"": ""Point""
}",-83.034576761,42.3489342870001
5995,1525223,SCHAEFER,FULLERTON,2018-11-07,7,11,2018,15,4,5,9,,4,0,Asphalt,1,1,1,30,3,2,2,5,0,0,0,0,true,false,false,false,false,false,false,false,false,false,false,false,false,false,false,false,false,false,false,false,false,false,-83.17826,42.38028,"{
  ""coordinates"": [
    -8.317826147053030e+01,
    4.238028494468220e+01
  ],
  ""type"": ""Point""
}","{
  ""coordinates"": [
    -83.178261471,
    42.380284945
  ],
  ""type"": ""Point""
}",-83.178261471,42.380284945
5996,1529808,W I 96,KENTFIELD,2018-11-07,7,11,2018,16,4,5,1,,1,0,Concrete,1,2,1,55,3,2,1,5,0,0,0,0,true,false,false,false,true,false,false,false,true,false,false,false,false,true,false,false,false,false,false,false,false,false,-83.24075,42.38388,"{
  ""coordinates"": [
    -8.324074711324241e+01,
    4.238387756030430e+01
  ],
  ""type"": ""Point""
}","{
  ""coordinates"": [
    -83.240747113,
    42.38387756
  ],
  ""type"": ""Point""
}",-83.2407471129999,42.38387756
5997,1525230,GREENFIELD,CHICAGO,2018-11-07,7,11,2018,18,4,97,9,,2,0,Asphalt,1,2,4,35,4,2,2,4,0,0,0,1,false,false,false,false,false,false,false,false,false,false,false,false,false,true,false,false,false,false,false,false,false,false,-83.1973,42.36592,"{
  ""coordinates"": [
    -8.319729764749241e+01,
    4.236591839879630e+01
  ],
  ""type"": ""Point""
}","{
  ""coordinates"": [
    -83.197297647,
    42.365918399
  ],
  ""type"": ""Point""
}",-83.197297647,42.3659183990001
5998,1525272,SHERWOOD,BUHR,2018-11-07,7,11,2018,11,4,4,9,,4,0,Asphalt,1,1,1,35,2,2,2,5,0,0,0,0,true,false,false,false,true,false,false,false,false,false,false,false,false,false,false,false,false,false,false,false,false,false,-83.03365,42.42439,"{
  ""coordinates"": [
    -8.303364597799630e+01,
    4.242439427185670e+01
  ],
  ""type"": ""Point""
}","{
  ""coordinates"": [
    -83.033645978,
    42.424394272
  ],
  ""type"": ""Point""
}",-83.033645978,42.424394272
5999,1525269,RYAN,EMERY,2018-11-07,7,11,2018,10,4,8,9,,4,0,Asphalt,1,1,1,35,2,2,2,5,0,0,0,0,true,false,false,false,true,false,false,false,false,false,false,false,false,false,false,false,false,false,false,false,false,false,-83.06327,42.43568,"{
  ""coordinates"": [
    -8.306326995804710e+01,
    4.243568336862250e+01
  ],
  ""type"": ""Point""
}","{
  ""coordinates"": [
    -83.063269958,
    42.435683369
  ],
  ""type"": ""Point""
}",-83.063269958,42.4356833690001
6000,1534872,FRENCH,GRATIOT,2018-11-07,7,11,2018,16,4,1,9,,4,1,Asphalt,1,1,4,30,2,1,0,5,0,0,0,0,true,false,false,false,true,false,false,false,false,false,false,false,false,false,false,false,false,false,false,false,false,false,-83.00002,42.39994,"{
  ""coordinates"": [
    -8.300001164763330e+01,
    4.239994129644130e+01
  ],
  ""type"": ""Point""
}","{
  ""coordinates"": [
    -83.000011648,
    42.399941296
  ],
  ""type"": ""Point""
}",-83.0000116479999,42.3999412960001
6001,1525261,LIVERNOIS,DORIS,2018-11-07,7,11,2018,13,4,97,9,,4,0,Asphalt,1,1,1,30,2,2,2,5,0,0,0,0,true,false,false,false,false,false,false,false,false,false,false,false,false,false,false,true,false,false,false,false,false,false,-83.13976,42.39405,"{
  ""coordinates"": [
    -8.313975259662030e+01,
    4.239404611961220e+01
  ],
  ""type"": ""Point""
}","{
  ""coordinates"": [
    -83.139752597,
    42.39404612
  ],
  ""type"": ""Point""
}",-83.139752597,42.39404612
6002,1528541,HARPER,BARRETT,2018-11-07,7,11,2018,12,4,9,9,,4,2,Asphalt,1,2,1,35,2,2,2,2,0,1,0,0,false,false,false,false,false,false,false,false,false,false,false,false,false,false,false,false,false,false,false,false,false,false,-82.98436,42.39883,"{
  ""coordinates"": [
    -8.298435789624160e+01,
    4.239883359800520e+01
  ],
  ""type"": ""Point""
}","{
  ""coordinates"": [
    -82.984357896,
    42.398833598
  ],
  ""type"": ""Point""
}",-82.9843578959999,42.3988335980001
6003,1525267,CONANT,ALPHA,2018-11-07,7,11,2018,0,4,5,9,,4,0,Asphalt,1,1,1,35,4,2,2,5,0,0,0,0,true,false,false,false,true,false,false,false,false,false,false,false,false,true,false,false,false,false,false,false,false,false,-83.06415,42.41945,"{
  ""coordinates"": [
    -8.306415049109530e+01,
    4.241945141841670e+01
  ],
  ""type"": ""Point""
}","{
  ""coordinates"": [
    -83.064150491,
    42.419451418
  ],
  ""type"": ""Point""
}",-83.064150491,42.4194514180001
6004,1528518,BEARD,BOSTWICK,2018-11-07,7,11,2018,14,4,10,9,,,0,,1,1,1,25,2,2,2,5,0,0,0,0,true,false,false,false,false,false,false,false,false,false,false,false,false,false,false,false,false,false,false,false,false,false,-83.11539,42.30993,"{
  ""coordinates"": [
    -8.311538678827570e+01,
    4.230993199309030e+01
  ],
  ""type"": ""Point""
}","{
  ""coordinates"": [
    -83.115386788,
    42.309931993
  ],
  ""type"": ""Point""
}",-83.115386788,42.3099319930001
6005,1528539,MOROSS,E I 94,2018-11-07,7,11,2018,8,4,8,9,,2,0,Concrete,1,1,1,35,6,2,2,5,0,0,0,0,true,false,false,false,false,false,false,false,false,false,false,false,false,true,false,false,false,false,false,false,false,false,-82.9286,42.42472,"{
  ""coordinates"": [
    -8.292860074159150e+01,
    4.242472398424900e+01
  ],
  ""type"": ""Point""
}","{
  ""coordinates"": [
    -82.928600742,
    42.424723984
  ],
  ""type"": ""Point""
}",-82.928600742,42.424723984
6006,1534828,W I 94,S I 75,2018-11-07,7,11,2018,21,4,8,1,,1,0,Concrete,1,1,5,70,3,2,4,5,0,0,0,0,true,false,false,false,true,false,false,false,false,false,false,false,false,false,false,false,false,false,false,false,false,false,-83.05817,42.36863,"{
  ""coordinates"": [
    -8.305817415071810e+01,
    4.236863301560130e+01
  ],
  ""type"": ""Point""
}","{
  ""coordinates"": [
    -83.058174151,
    42.368633016
  ],
  ""type"": ""Point""
}",-83.0581741509999,42.368633016
6007,1525229,GREENFIELD,ORANGELAWN,2018-11-07,7,11,2018,17,4,5,9,,2,0,Asphalt,1,2,4,35,4,2,2,5,0,0,0,0,true,false,false,false,false,false,false,false,false,false,true,false,false,false,false,false,false,false,false,false,false,false,-83.19736,42.36782,"{
  ""coordinates"": [
    -8.319736300564830e+01,
    4.236781634337910e+01
  ],
  ""type"": ""Point""
}","{
  ""coordinates"": [
    -83.197363006,
    42.367816343
  ],
  ""type"": ""Point""
}",-83.197363006,42.3678163430001
6008,1524159,I 94,CONNER,2018-11-07,7,11,2018,8,4,5,1,,1,0,Asphalt,1,1,1,55,3,2,2,5,0,0,0,0,true,false,false,false,false,false,false,false,false,false,false,false,false,false,false,true,false,false,false,false,false,false,-82.98897,42.39575,"{
  ""coordinates"": [
    -8.298896493432630e+01,
    4.239574823400160e+01
  ],
  ""type"": ""Point""
}","{
  ""coordinates"": [
    -82.988964934,
    42.395748234
  ],
  ""type"": ""Point""
}",-82.988964934,42.3957482340001
6009,1526398,BALDWIN,GRATIOT,2018-11-07,7,11,2018,13,4,10,3,,,0,,1,1,1,25,2,2,5,5,0,0,0,0,true,false,false,false,false,false,false,false,false,false,true,false,false,false,false,false,false,false,false,false,false,false,-83.01587,42.37688,"{
  ""coordinates"": [
    -8.301587097318409e+01,
    4.237687791644620e+01
  ],
  ""type"": ""Point""
}","{
  ""coordinates"": [
    -83.015870973,
    42.376877916
  ],
  ""type"": ""Point""
}",-83.0158709729999,42.3768779160001
6010,1525224,GREENFIELD,DAVISON,2018-11-07,7,11,2018,14,4,5,9,,2,0,Asphalt,1,1,1,30,4,2,3,3,0,0,2,0,false,true,false,false,false,false,false,false,false,false,true,false,false,false,true,false,false,false,false,false,false,false,-83.19805,42.38483,"{
  ""coordinates"": [
    -8.319805174855161e+01,
    4.238483442920200e+01
  ],
  ""type"": ""Point""
}","{
  ""coordinates"": [
    -83.198051749,
    42.384834429
  ],
  ""type"": ""Point""
}",-83.1980517489999,42.3848344290001
6011,1583362,WYOMING,PEMBROKE,2018-11-07,7,11,2018,16,4,6,9,,4,0,Asphalt,1,1,1,30,2,2,3,5,0,0,0,0,true,false,false,false,false,false,false,false,false,false,false,false,false,false,false,false,false,false,false,false,false,false,-83.16122,42.43853,"{
  ""coordinates"": [
    -8.316121581618040e+01,
    4.243853358569710e+01
  ],
  ""type"": ""Point""
}","{
  ""coordinates"": [
    -83.161215816,
    42.438533586
  ],
  ""type"": ""Point""
}",-83.161215816,42.4385335860001
6012,1525271,FLEMING,MINNESOTA,2018-11-07,7,11,2018,0,4,5,9,,,0,,1,1,5,25,2,2,0,5,0,0,0,0,true,false,false,false,true,false,false,false,false,false,false,false,false,false,false,false,false,false,false,false,false,false,-83.07941,42.42353,"{
  ""coordinates"": [
    -8.307940811318819e+01,
    4.242353628349330e+01
  ],
  ""type"": ""Point""
}","{
  ""coordinates"": [
    -83.079408113,
    42.423536283
  ],
  ""type"": ""Point""
}",-83.0794081129999,42.423536283
6013,1525250,FISCHER,MEDBURY,2018-11-07,7,11,2018,0,4,8,9,,,3,,1,1,5,30,2,2,1,5,0,0,0,0,true,false,false,false,false,false,false,false,false,false,false,false,false,false,false,false,false,false,false,false,false,false,-83.01115,42.38609,"{
  ""coordinates"": [
    -8.301114412591160e+01,
    4.238608394705420e+01
  ],
  ""type"": ""Point""
}","{
  ""coordinates"": [
    -83.011144126,
    42.386083947
  ],
  ""type"": ""Point""
}",-83.011144126,42.386083947
6014,1525226,GREENFIELD,DAVISON,2018-11-07,7,11,2018,14,4,5,9,,2,0,Asphalt,1,2,1,35,4,2,7,4,0,0,0,3,false,false,false,false,true,false,false,false,false,false,false,false,false,false,false,false,false,false,false,false,false,false,-83.19805,42.38476,"{
  ""coordinates"": [
    -8.319804927602740e+01,
    4.238476300163430e+01
  ],
  ""type"": ""Point""
}","{
  ""coordinates"": [
    -83.198049276,
    42.384763002
  ],
  ""type"": ""Point""
}",-83.1980492759999,42.3847630020001
6015,1524158,I 75,SCHAEFER,2018-11-07,7,11,2018,7,4,5,1,,1,0,Concrete,1,1,1,55,3,2,2,5,0,0,0,0,true,false,false,false,false,false,false,false,false,false,false,false,false,false,false,false,false,false,false,false,false,false,-83.15799,42.27658,"{
  ""coordinates"": [
    -8.315798931206780e+01,
    4.227658397060770e+01
  ],
  ""type"": ""Point""
}","{
  ""coordinates"": [
    -83.157989312,
    42.276583971
  ],
  ""type"": ""Point""
}",-83.157989312,42.276583971
6016,1525239,MONTROSE,MAJESTIC,2018-11-07,7,11,2018,20,4,8,9,,,0,,1,1,4,25,2,2,2,4,0,0,0,2,false,false,false,false,true,false,false,false,false,false,false,false,false,false,false,false,false,false,false,false,false,false,-83.19881,42.34602,"{
  ""coordinates"": [
    -8.319880797332191e+01,
    4.234601653270350e+01
  ],
  ""type"": ""Point""
}","{
  ""coordinates"": [
    -83.198807973,
    42.346016533
  ],
  ""type"": ""Point""
}",-83.198807973,42.3460165330001
6017,1528505,HAZELWOOD,3RD,2018-11-07,7,11,2018,8,4,8,9,,,0,,1,2,1,30,4,2,2,5,0,0,0,0,true,false,false,false,false,false,false,false,false,false,false,false,false,false,false,false,false,false,false,false,false,false,-83.0866,42.37905,"{
  ""coordinates"": [
    -8.308660479369200e+01,
    4.237905111505460e+01
  ],
  ""type"": ""Point""
}","{
  ""coordinates"": [
    -83.086604794,
    42.379051115
  ],
  ""type"": ""Point""
}",-83.086604794,42.379051115
6018,1528524,DEARBORN,MELVILLE,2018-11-07,7,11,2018,13,4,5,9,,4,0,Asphalt,1,2,1,25,2,2,2,5,0,0,0,0,true,false,false,false,false,false,false,false,false,false,false,false,false,false,false,true,false,false,false,false,false,false,-83.12529,42.29275,"{
  ""coordinates"": [
    -8.312529204556800e+01,
    4.229274967199870e+01
  ],
  ""type"": ""Point""
}","{
  ""coordinates"": [
    -83.125292046,
    42.292749672
  ],
  ""type"": ""Point""
}",-83.125292046,42.2927496720001
6019,1525227,GREENFIELD,CHICAGO,2018-11-07,7,11,2018,16,4,8,9,,2,0,Asphalt,1,2,3,35,4,2,1,4,0,0,0,1,false,false,false,false,true,false,false,false,false,false,false,true,false,false,false,false,false,false,false,false,false,false,-83.19729,42.36536,"{
  ""coordinates"": [
    -8.319728581148340e+01,
    4.236536517259120e+01
  ],
  ""type"": ""Point""
}","{
  ""coordinates"": [
    -83.197285811,
    42.365365173
  ],
  ""type"": ""Point""
}",-83.197285811,42.365365173
6020,1526401,DUNCAN,RAMP 218C,2018-11-07,7,11,2018,15,4,8,1,,4,0,Asphalt,1,1,1,30,2,2,2,5,0,0,0,0,true,false,false,false,false,false,false,false,false,false,false,false,false,false,false,false,false,false,false,false,false,false,-83.02008,42.3867,"{
  ""coordinates"": [
    -8.302008170725810e+01,
    4.238669663327200e+01
  ],
  ""type"": ""Point""
}","{
  ""coordinates"": [
    -83.020081707,
    42.386696633
  ],
  ""type"": ""Point""
}",-83.020081707,42.386696633
6021,1549730,LAHSER,MCNICHOLS,2018-11-07,7,11,2018,19,4,4,9,,2,0,Asphalt,1,1,4,30,2,2,1,4,0,0,0,1,false,false,true,true,true,false,false,false,false,false,false,false,false,false,false,false,false,false,false,false,false,false,-83.25747,42.41465,"{
  ""coordinates"": [
    -8.325747273183970e+01,
    4.241465064444900e+01
  ],
  ""type"": ""Point""
}","{
  ""coordinates"": [
    -83.257472732,
    42.414650644
  ],
  ""type"": ""Point""
}",-83.2574727319999,42.4146506440001
6022,1524208,MCNICHOLES,DAVISON,2018-11-07,7,11,2018,5,4,5,9,,4,0,Asphalt,1,1,4,,2,2,2,5,0,0,0,0,true,false,false,false,false,false,false,false,false,false,false,false,false,false,false,true,false,false,false,false,false,false,-83.05283,42.41887,"{
  ""coordinates"": [
    -8.305282969719900e+01,
    4.241886337289810e+01
  ],
  ""type"": ""Point""
}","{
  ""coordinates"": [
    -83.052829697,
    42.418863373
  ],
  ""type"": ""Point""
}",-83.0528296969999,42.4188633730001
6023,1529836,REDFERN,FRISBEE,2018-11-07,7,11,2018,22,4,5,9,,,0,,1,1,4,25,2,2,0,5,0,0,0,0,true,false,false,false,true,false,false,false,false,false,false,false,false,false,false,false,false,false,false,false,false,false,-83.26443,42.4353,"{
  ""coordinates"": [
    -8.326443178643200e+01,
    4.243529945374020e+01
  ],
  ""type"": ""Point""
}","{
  ""coordinates"": [
    -83.264431786,
    42.435299454
  ],
  ""type"": ""Point""
}",-83.264431786,42.4352994540001
6024,1526412,HARPER,NORCROSS,2018-11-07,7,11,2018,15,4,8,9,,4,0,Asphalt,1,2,1,30,2,2,1,3,0,0,1,0,false,false,false,false,true,false,false,false,false,false,false,false,false,false,false,false,false,false,false,false,false,false,-82.98096,42.39984,"{
  ""coordinates"": [
    -8.298096187050319e+01,
    4.239983789614920e+01
  ],
  ""type"": ""Point""
}","{
  ""coordinates"": [
    -82.980961871,
    42.399837896
  ],
  ""type"": ""Point""
}",-82.980961871,42.3998378960001
6025,1525236,WARREN,PENROD,2018-11-07,7,11,2018,16,4,5,9,,2,0,Asphalt,1,2,1,30,4,2,2,4,0,0,0,1,false,false,false,false,false,false,false,false,false,false,false,false,false,false,false,false,false,false,false,false,false,false,-83.21969,42.34334,"{
  ""coordinates"": [
    -8.321968805940610e+01,
    4.234333706036430e+01
  ],
  ""type"": ""Point""
}","{
  ""coordinates"": [
    -83.219688059,
    42.34333706
  ],
  ""type"": ""Point""
}",-83.219688059,42.3433370600001
6026,1550960,W/B I 94,JOHN R,2018-11-07,7,11,2018,6,4,5,1,,1,0,Asphalt,1,2,4,55,3,2,1,5,0,0,0,0,true,false,false,false,true,false,false,false,false,false,false,false,false,false,false,false,false,false,false,false,false,false,-83.06654,42.36489,"{
  ""coordinates"": [
    -8.306654688847230e+01,
    4.236489548794140e+01
  ],
  ""type"": ""Point""
}","{
  ""coordinates"": [
    -83.066546888,
    42.364895488
  ],
  ""type"": ""Point""
}",-83.0665468879999,42.3648954880001
6027,1525249,HIBBARD,JEFFERSON,2018-11-07,7,11,2018,10,4,97,9,,,0,,1,2,1,25,2,2,1,4,0,0,0,1,false,false,false,false,false,false,false,false,false,false,false,false,true,false,false,false,false,false,false,false,false,false,-82.98708,42.35687,"{
  ""coordinates"": [
    -8.298707564873580e+01,
    4.235687250933750e+01
  ],
  ""type"": ""Point""
}","{
  ""coordinates"": [
    -82.987075649,
    42.356872509
  ],
  ""type"": ""Point""
}",-82.987075649,42.356872509
6028,1526422,LIVERNOIS,MCNICHOLS,2018-11-07,7,11,2018,8,4,8,9,,4,0,Asphalt,1,2,1,30,5,2,1,5,0,0,0,0,true,false,false,false,true,false,false,false,false,false,false,false,false,false,false,false,false,false,false,false,false,false,-83.14095,42.41722,"{
  ""coordinates"": [
    -8.314095412460929e+01,
    4.241722205486350e+01
  ],
  ""type"": ""Point""
}","{
  ""coordinates"": [
    -83.140954125,
    42.417222055
  ],
  ""type"": ""Point""
}",-83.140954125,42.417222055
6029,1529850,WARREN,TRUMBULL,2018-11-07,7,11,2018,12,4,9,9,,4,0,Asphalt,1,1,1,35,2,2,2,5,0,0,0,0,true,false,false,false,true,false,false,false,false,false,false,false,false,true,false,false,false,false,false,false,false,false,-83.07873,42.35209,"{
  ""coordinates"": [
    -8.307872831565069e+01,
    4.235209410190330e+01
  ],
  ""type"": ""Point""
}","{
  ""coordinates"": [
    -83.078728316,
    42.352094102
  ],
  ""type"": ""Point""
}",-83.078728316,42.3520941020001
6030,1528549,GREENVIEW,WARREN,2018-11-07,7,11,2018,13,4,97,9,,,0,,1,2,1,25,3,2,0,5,0,0,0,0,true,false,false,false,false,false,false,false,false,false,false,false,false,false,false,false,false,false,false,false,false,false,-83.22191,42.34085,"{
  ""coordinates"": [
    -8.322190538774780e+01,
    4.234085418977310e+01
  ],
  ""type"": ""Point""
}","{
  ""coordinates"": [
    -83.221905388,
    42.34085419
  ],
  ""type"": ""Point""
}",-83.221905388,42.3408541900001
6031,1528619,7 MILE,MARLOWE,2018-11-07,7,11,2018,11,4,5,9,,2,0,Asphalt,1,2,1,35,5,2,2,5,0,0,0,0,true,false,false,false,false,false,false,false,false,false,false,false,false,true,false,false,false,false,false,false,false,false,-83.19127,42.43068,"{
  ""coordinates"": [
    -8.319127001694380e+01,
    4.243068088299930e+01
  ],
  ""type"": ""Point""
}","{
  ""coordinates"": [
    -83.191270017,
    42.430680883
  ],
  ""type"": ""Point""
}",-83.191270017,42.430680883
6032,1528457,I94,GRAND,2018-11-07,7,11,2018,0,4,8,1,,1,0,Asphalt,1,1,3,55,3,2,2,5,0,0,0,0,true,false,false,false,false,false,false,false,false,false,false,false,false,false,true,false,false,false,false,false,false,false,-83.14219,42.33184,"{
  ""coordinates"": [
    -8.314219075495519e+01,
    4.233184311014740e+01
  ],
  ""type"": ""Point""
}","{
  ""coordinates"": [
    -83.142190755,
    42.33184311
  ],
  ""type"": ""Point""
}",-83.1421907549999,42.3318431100001
6033,1530985,MCGRAW,WESSON,2018-11-07,7,11,2018,9,4,8,9,,4,0,Asphalt,1,2,1,35,1,2,1,5,0,0,0,0,true,false,false,false,true,false,false,false,false,false,false,false,false,false,false,false,false,false,false,false,false,false,-83.12341,42.34241,"{
  ""coordinates"": [
    -8.312340595970051e+01,
    4.234240996208400e+01
  ],
  ""type"": ""Point""
}","{
  ""coordinates"": [
    -83.12340596,
    42.342409962
  ],
  ""type"": ""Point""
}",-83.12340596,42.342409962
6034,1536914,M-39,7 MILE,2018-11-07,7,11,2018,17,4,5,3,,1,0,Concrete,1,2,4,55,3,3,5,5,0,0,0,0,true,false,false,false,false,false,false,false,false,false,false,false,false,false,false,false,false,false,false,false,false,false,-83.21943,42.43029,"{
  ""coordinates"": [
    -8.321942564117010e+01,
    4.243028827695890e+01
  ],
  ""type"": ""Point""
}","{
  ""coordinates"": [
    -83.219425641,
    42.430288277
  ],
  ""type"": ""Point""
}",-83.219425641,42.430288277
6035,1531005,CASS,PALMER,2018-11-07,7,11,2018,10,4,5,9,,4,0,Asphalt,1,1,1,25,2,2,1,5,0,0,0,0,true,false,false,false,true,false,false,false,false,false,false,false,false,false,false,false,false,false,false,false,false,false,-83.06974,42.36139,"{
  ""coordinates"": [
    -8.306973722740460e+01,
    4.236138377756390e+01
  ],
  ""type"": ""Point""
}","{
  ""coordinates"": [
    -83.069737227,
    42.361383778
  ],
  ""type"": ""Point""
}",-83.069737227,42.3613837780001
6036,1536896,I-75,PLEASANT,2018-11-07,7,11,2018,8,4,8,1,,1,0,Concrete,1,2,1,50,4,2,3,5,0,0,0,0,true,true,false,false,false,false,false,false,false,false,false,false,false,false,false,true,false,false,false,false,false,false,-83.14395,42.28495,"{
  ""coordinates"": [
    -8.314395417233300e+01,
    4.228494728880560e+01
  ],
  ""type"": ""Point""
}","{
  ""coordinates"": [
    -83.143954172,
    42.284947289
  ],
  ""type"": ""Point""
}",-83.143954172,42.2849472890001
6037,1528614,WASHBURN,GROVE,2018-11-07,7,11,2018,11,4,4,9,,,0,,1,2,1,25,2,2,3,4,0,0,0,1,false,false,false,false,true,false,false,false,false,false,false,false,false,false,false,false,false,false,false,false,false,false,-83.16129,42.41449,"{
  ""coordinates"": [
    -8.316128607586350e+01,
    4.241448640802680e+01
  ],
  ""type"": ""Point""
}","{
  ""coordinates"": [
    -83.161286076,
    42.414486408
  ],
  ""type"": ""Point""
}",-83.161286076,42.4144864080001
6038,1525264,MOUND,CHARLES,2018-11-07,7,11,2018,11,4,4,9,,2,0,Asphalt,1,2,1,35,2,2,2,4,0,0,0,2,false,false,true,true,false,false,false,false,false,false,false,false,false,true,false,false,false,false,false,false,false,false,-83.04308,42.41188,"{
  ""coordinates"": [
    -8.304307854666760e+01,
    4.241187980252740e+01
  ],
  ""type"": ""Point""
}","{
  ""coordinates"": [
    -83.043078547,
    42.411879803
  ],
  ""type"": ""Point""
}",-83.0430785469999,42.411879803
6039,1529829,MCNICHOLS,WINTHROP,2018-11-07,7,11,2018,21,4,4,9,,2,0,Asphalt,1,1,4,35,6,2,3,4,0,0,0,1,false,false,false,false,false,false,false,false,false,false,false,false,false,false,false,false,false,false,false,false,false,false,-83.20103,42.41594,"{
  ""coordinates"": [
    -8.320102910321420e+01,
    4.241593657749900e+01
  ],
  ""type"": ""Point""
}","{
  ""coordinates"": [
    -83.201029103,
    42.415936577
  ],
  ""type"": ""Point""
}",-83.2010291029999,42.415936577
6040,1532452,DAVISON,FENELON,2018-11-07,7,11,2018,15,4,5,9,,4,0,Asphalt,1,1,1,35,4,2,2,5,0,0,0,0,true,false,false,false,false,false,false,false,false,false,false,false,false,false,false,false,false,false,false,false,false,false,-83.05287,42.41885,"{
  ""coordinates"": [
    -8.305286874655550e+01,
    4.241884711383100e+01
  ],
  ""type"": ""Point""
}","{
  ""coordinates"": [
    -83.052868747,
    42.418847114
  ],
  ""type"": ""Point""
}",-83.0528687469999,42.4188471140001
6041,1532433,MCNICHOLS,HARLOW,2018-11-07,7,11,2018,18,4,5,9,,2,0,Asphalt,1,1,4,35,4,2,2,5,0,0,0,0,true,false,false,false,false,false,false,false,false,false,false,false,false,false,false,false,false,false,false,false,false,false,-83.21577,42.41562,"{
  ""coordinates"": [
    -8.321576981012160e+01,
    4.241561819722870e+01
  ],
  ""type"": ""Point""
}","{
  ""coordinates"": [
    -83.21576981,
    42.415618197
  ],
  ""type"": ""Point""
}",-83.21576981,42.4156181970001
6042,1525270,GRINNELL,ST CYRIL,2018-11-07,7,11,2018,8,4,8,9,,,0,,1,1,1,35,2,2,2,5,0,0,0,0,true,false,false,false,false,false,false,false,false,false,false,false,false,false,false,false,false,false,false,false,false,false,-83.02375,42.40096,"{
  ""coordinates"": [
    -8.302375098308870e+01,
    4.240096351335600e+01
  ],
  ""type"": ""Point""
}","{
  ""coordinates"": [
    -83.023750983,
    42.400963513
  ],
  ""type"": ""Point""
}",-83.023750983,42.4009635130001
6043,1524160,I 94,FRONTENAC,2018-11-07,7,11,2018,9,4,8,1,,1,0,Asphalt,1,1,1,55,3,2,2,5,0,0,0,0,true,false,false,false,false,false,false,false,false,false,false,false,false,false,false,false,false,false,false,false,false,false,-83.02601,42.38498,"{
  ""coordinates"": [
    -8.302600635000550e+01,
    4.238497788163810e+01
  ],
  ""type"": ""Point""
}","{
  ""coordinates"": [
    -83.02600635,
    42.384977882
  ],
  ""type"": ""Point""
}",-83.02600635,42.384977882
6044,1528560,FENKELL,FERGUSON,2018-11-07,7,11,2018,21,4,1,9,,2,0,Asphalt,1,1,4,35,4,1,1,4,0,0,0,1,false,false,false,false,false,false,false,false,false,false,false,false,false,false,false,false,false,false,false,false,false,false,-83.20934,42.40127,"{
  ""coordinates"": [
    -8.320933585142041e+01,
    4.240127356938870e+01
  ],
  ""type"": ""Point""
}","{
  ""coordinates"": [
    -83.209335851,
    42.401273569
  ],
  ""type"": ""Point""
}",-83.2093358509999,42.4012735690001
6045,1528503,GRISWOLD,LARNED,2018-11-07,7,11,2018,7,4,8,9,,4,0,Asphalt,1,1,1,30,2,2,1,5,0,0,0,0,true,true,false,false,false,false,false,false,false,false,false,false,false,false,false,true,false,false,false,false,false,false,-83.04607,42.32906,"{
  ""coordinates"": [
    -8.304606680884690e+01,
    4.232905642185970e+01
  ],
  ""type"": ""Point""
}","{
  ""coordinates"": [
    -83.046066809,
    42.329056422
  ],
  ""type"": ""Point""
}",-83.046066809,42.3290564220001
6046,1536936,BRUSH,MONTCALM,2018-11-07,7,11,2018,16,4,8,9,,4,0,Asphalt,1,1,3,,2,2,2,5,0,0,0,0,true,false,true,false,false,false,false,false,false,false,false,false,false,false,false,false,false,false,false,false,false,false,-83.04798,42.34078,"{
  ""coordinates"": [
    -8.304798229466240e+01,
    4.234077883523260e+01
  ],
  ""type"": ""Point""
}","{
  ""coordinates"": [
    -83.047982295,
    42.340778835
  ],
  ""type"": ""Point""
}",-83.0479822949999,42.340778835
6047,1536935,VERNOR,LENOX,2018-11-07,7,11,2018,16,4,8,9,,4,0,Asphalt,1,1,1,,2,2,2,5,0,0,0,0,true,false,false,false,false,false,false,false,false,false,false,false,false,false,false,false,false,false,false,false,false,false,-82.95657,42.37776,"{
  ""coordinates"": [
    -8.295656335794720e+01,
    4.237776287907360e+01
  ],
  ""type"": ""Point""
}","{
  ""coordinates"": [
    -82.956563358,
    42.377762879
  ],
  ""type"": ""Point""
}",-82.956563358,42.377762879