ObjectId,Crash ID,Primary Road,Intersecting Road,Crash Date,Day,Month,Year,Hour,Weekday,Crash Type Code,Highway Classification Code,Community Code,Jurisdiction Code,Lane Departure Type Code,Surface Type,Road Condition,Weather Condition,Lighting Condition,Speed Limit,Lanes,Units,Occupants,Most Severe Injury,Fatal Injuries,Suspected Serious Injuries,Suspected Minor Injuries,Possible Injuries,Property Damage Only,Secondary Crash,Traffic Control,Red Light Run,Hit and Run,Alcohol,Drugs,Unbelted Person,Work Zone,Speeding Driver,Distracted Driver,Driveway,Pedestrian,Elderly Driver,Young Driver,Commercial Vehicle,Emergency Vehicles,Train,School Bus,Motorcycle,Bicycle,Deer,Longitude,Latitude,geom,geog,x,y
6211,1520223,TARNOW,KIRKWOOD,2018-11-04,4,11,2018,1,1,2,9,,,2,,1,1,4,25,2,2,0,5,0,0,0,0,true,false,false,false,false,false,false,false,false,false,false,false,false,false,false,false,false,false,false,false,false,false,-83.14107,42.34017,"{
  ""coordinates"": [
    -8.314106911350630e+01,
    4.234017004498150e+01
  ],
  ""type"": ""Point""
}","{
  ""coordinates"": [
    -83.141069114,
    42.340170045
  ],
  ""type"": ""Point""
}",-83.1410691139999,42.340170045
6212,1536904,E I 94,S M 10,2018-11-04,4,11,2018,18,1,5,1,,1,0,Asphalt,1,1,2,55,3,2,5,5,0,0,0,0,true,false,false,false,true,false,false,false,true,false,false,false,false,false,true,false,false,false,false,false,false,false,-83.07632,42.35888,"{
  ""coordinates"": [
    -8.307631361549279e+01,
    4.235888259601360e+01
  ],
  ""type"": ""Point""
}","{
  ""coordinates"": [
    -83.076313615,
    42.358882596
  ],
  ""type"": ""Point""
}",-83.0763136149999,42.3588825960001
6213,1522971,GRAND RIVER,BRAILE,2018-11-04,4,11,2018,23,1,4,3,,1,0,Asphalt,2,4,4,35,4,2,2,5,0,0,0,0,true,false,false,false,true,false,false,false,false,false,false,false,false,false,false,false,false,false,false,false,false,false,-83.24524,42.41153,"{
  ""coordinates"": [
    -8.324523789343240e+01,
    4.241153321645550e+01
  ],
  ""type"": ""Point""
}","{
  ""coordinates"": [
    -83.245237893,
    42.411533216
  ],
  ""type"": ""Point""
}",-83.245237893,42.4115332160001
6214,1529828,FORRER,CAMBRIDGE,2018-11-04,4,11,2018,23,1,2,9,,,2,,1,1,4,25,2,2,1,4,0,0,0,1,false,false,false,false,false,true,false,false,false,true,true,false,false,false,false,false,false,false,false,false,false,false,-83.2032,42.43223,"{
  ""coordinates"": [
    -8.320320381544090e+01,
    4.243223143857180e+01
  ],
  ""type"": ""Point""
}","{
  ""coordinates"": [
    -83.203203815,
    42.432231439
  ],
  ""type"": ""Point""
}",-83.2032038149999,42.4322314390001
6215,1524184,VERNOR,16TH,2018-11-04,4,11,2018,22,1,8,9,,4,0,Asphalt,1,1,4,25,2,2,2,5,0,0,0,0,true,false,false,false,false,false,false,false,false,false,false,false,false,false,false,false,false,false,false,false,false,false,-83.07877,42.32898,"{
  ""coordinates"": [
    -8.307877631117530e+01,
    4.232897959251500e+01
  ],
  ""type"": ""Point""
}","{
  ""coordinates"": [
    -83.078776311,
    42.328979593
  ],
  ""type"": ""Point""
}",-83.078776311,42.328979593
6216,1528515,JUNCTION,KULICK,2018-11-04,4,11,2018,15,1,8,9,,4,0,Asphalt,1,1,1,25,2,3,1,4,0,0,0,1,false,false,false,false,false,false,false,false,false,false,false,false,false,false,false,false,false,false,false,false,false,false,-83.11105,42.33058,"{
  ""coordinates"": [
    -8.311105347414440e+01,
    4.233058294325320e+01
  ],
  ""type"": ""Point""
}","{
  ""coordinates"": [
    -83.111053474,
    42.330582943
  ],
  ""type"": ""Point""
}",-83.111053474,42.330582943
6217,1521742,MARTIN,MICHIGAN,2018-11-04,4,11,2018,21,1,8,2,,4,0,Asphalt,2,1,4,35,5,2,1,5,0,0,0,0,true,false,false,false,true,false,false,false,false,false,false,false,false,false,true,false,false,false,false,false,false,false,-83.12737,42.3312,"{
  ""coordinates"": [
    -8.312736996252291e+01,
    4.233120081731560e+01
  ],
  ""type"": ""Point""
}","{
  ""coordinates"": [
    -83.127369963,
    42.331200817
  ],
  ""type"": ""Point""
}",-83.127369963,42.3312008170001
6218,1521743,ASBURY,FULLERTON,2018-11-04,4,11,2018,4,1,2,9,,,2,,1,1,4,,2,2,0,5,0,0,0,0,true,false,false,false,true,false,false,false,false,false,false,false,false,false,false,false,false,false,false,false,false,false,-83.20747,42.37988,"{
  ""coordinates"": [
    -8.320747103330891e+01,
    4.237988426569890e+01
  ],
  ""type"": ""Point""
}","{
  ""coordinates"": [
    -83.207471033,
    42.379884266
  ],
  ""type"": ""Point""
}",-83.207471033,42.379884266
6219,1521772,MEYERS,MCNICHOLS,2018-11-04,4,11,2018,18,1,3,9,,4,0,Asphalt,1,2,4,35,4,3,4,4,0,0,0,1,false,false,false,false,false,false,false,false,false,false,false,false,false,false,false,false,false,false,false,false,false,false,-83.17012,42.41663,"{
  ""coordinates"": [
    -8.317012335279190e+01,
    4.241662840524340e+01
  ],
  ""type"": ""Point""
}","{
  ""coordinates"": [
    -83.170123353,
    42.416628405
  ],
  ""type"": ""Point""
}",-83.170123353,42.416628405
6220,1521739,CLIPPERT,OTIS,2018-11-04,4,11,2018,13,1,8,9,,,0,,1,1,1,25,2,2,0,5,0,0,0,0,true,false,false,false,true,false,false,false,false,false,true,false,false,false,false,false,false,false,false,false,false,false,-83.12057,42.32463,"{
  ""coordinates"": [
    -8.312056667250980e+01,
    4.232463501699890e+01
  ],
  ""type"": ""Point""
}","{
  ""coordinates"": [
    -83.120566673,
    42.324635017
  ],
  ""type"": ""Point""
}",-83.120566673,42.324635017
6221,1521741,LIVERNOIS,CADET,2018-11-04,4,11,2018,18,1,8,9,,4,0,Asphalt,1,1,4,25,2,2,3,5,0,0,0,0,true,false,false,false,false,false,false,false,false,false,false,false,false,false,false,false,false,false,false,false,false,false,-83.10879,42.31395,"{
  ""coordinates"": [
    -8.310878858958139e+01,
    4.231395444820780e+01
  ],
  ""type"": ""Point""
}","{
  ""coordinates"": [
    -83.10878859,
    42.313954448
  ],
  ""type"": ""Point""
}",-83.10878859,42.3139544480001
6222,1522962,S I 75,S I 75/GRATIOT,2018-11-04,4,11,2018,4,1,5,1,,1,0,Concrete,1,1,4,35,4,2,2,5,0,0,0,0,true,false,false,false,false,false,false,true,true,false,false,false,false,false,false,true,false,false,false,false,false,false,-83.05154,42.34057,"{
  ""coordinates"": [
    -8.305153891415880e+01,
    4.234057116810620e+01
  ],
  ""type"": ""Point""
}","{
  ""coordinates"": [
    -83.051538914,
    42.340571168
  ],
  ""type"": ""Point""
}",-83.0515389139999,42.3405711680001
6223,1524195,CONNER,HARPER,2018-11-04,4,11,2018,11,1,4,9,,4,0,Asphalt,1,1,1,30,6,2,5,5,0,0,0,0,true,false,false,false,false,false,false,true,false,false,false,true,false,false,false,false,false,false,false,false,false,false,-82.98956,42.39735,"{
  ""coordinates"": [
    -8.298955467068090e+01,
    4.239734972442710e+01
  ],
  ""type"": ""Point""
}","{
  ""coordinates"": [
    -82.989554671,
    42.397349724
  ],
  ""type"": ""Point""
}",-82.989554671,42.397349724
6224,1524193,MACK,BEWICK,2018-11-04,4,11,2018,18,1,4,9,,4,0,Asphalt,1,1,5,30,3,2,14,5,0,0,0,0,true,false,false,false,true,false,false,false,false,false,false,true,false,false,true,true,false,false,false,false,false,false,-82.98862,42.37457,"{
  ""coordinates"": [
    -8.298861530555180e+01,
    4.237457142296140e+01
  ],
  ""type"": ""Point""
}","{
  ""coordinates"": [
    -82.988615306,
    42.374571423
  ],
  ""type"": ""Point""
}",-82.988615306,42.3745714230001
6225,1521734,WARREN,GRAND,2018-11-03,3,11,2018,21,7,3,9,,4,0,Asphalt,1,1,4,35,3,2,2,5,0,0,0,0,true,true,false,false,false,false,false,false,false,false,false,false,false,false,false,false,false,false,false,false,false,false,-83.10793,42.34479,"{
  ""coordinates"": [
    -8.310792823060279e+01,
    4.234479284685010e+01
  ],
  ""type"": ""Point""
}","{
  ""coordinates"": [
    -83.107928231,
    42.344792847
  ],
  ""type"": ""Point""
}",-83.107928231,42.3447928470001
6226,1520207,TIREMAN,WARD,2018-11-03,3,11,2018,21,7,8,9,,2,0,Asphalt,1,1,4,30,2,2,1,5,0,0,0,0,true,false,false,false,true,false,false,false,false,false,false,false,false,false,true,false,false,false,false,false,false,false,-83.17265,42.35138,"{
  ""coordinates"": [
    -8.317264465095290e+01,
    4.235138302881870e+01
  ],
  ""type"": ""Point""
}","{
  ""coordinates"": [
    -83.172644651,
    42.351383029
  ],
  ""type"": ""Point""
}",-83.172644651,42.351383029
6227,1522969,EVERGREEN,HESSEL,2018-11-03,3,11,2018,8,7,97,9,,4,0,Asphalt,2,2,97,25,2,2,2,5,0,0,0,0,true,false,true,false,false,false,false,false,false,false,false,false,false,true,false,false,false,false,false,false,false,false,-83.23932,42.44213,"{
  ""coordinates"": [
    -8.323931949195330e+01,
    4.244213637960280e+01
  ],
  ""type"": ""Point""
}","{
  ""coordinates"": [
    -83.239319492,
    42.44213638
  ],
  ""type"": ""Point""
}",-83.2393194919999,42.4421363800001
6228,1522973,SEVEN MILE,HEYDEN,2018-11-03,3,11,2018,10,7,5,9,,2,0,Asphalt,1,1,1,30,4,2,2,5,0,0,0,0,true,false,false,false,false,false,false,false,false,false,true,false,false,false,false,false,false,false,false,false,false,false,-83.24088,42.42952,"{
  ""coordinates"": [
    -8.324087562657471e+01,
    4.242952357525240e+01
  ],
  ""type"": ""Point""
}","{
  ""coordinates"": [
    -83.240875627,
    42.429523575
  ],
  ""type"": ""Point""
}",-83.240875627,42.4295235750001
6229,1520228,TARNOW,I 94 SERVICE,2018-11-03,3,11,2018,2,7,5,9,,,0,,2,1,5,25,2,2,0,5,0,0,0,0,true,false,false,false,true,false,false,false,false,false,false,false,false,false,false,false,false,false,false,false,false,false,-83.13563,42.33269,"{
  ""coordinates"": [
    -8.313562522291880e+01,
    4.233269297829010e+01
  ],
  ""type"": ""Point""
}","{
  ""coordinates"": [
    -83.135625223,
    42.332692978
  ],
  ""type"": ""Point""
}",-83.135625223,42.3326929780001
6230,1520318,FRENCH,LYNCH,2018-11-03,3,11,2018,0,7,1,9,,4,1,Asphalt,2,2,5,30,2,1,2,2,0,2,0,0,false,false,false,false,false,false,false,false,false,false,false,false,false,false,false,false,false,false,false,false,false,false,-83.00868,42.40846,"{
  ""coordinates"": [
    -8.300868446644220e+01,
    4.240846350103020e+01
  ],
  ""type"": ""Point""
}","{
  ""coordinates"": [
    -83.008684466,
    42.408463501
  ],
  ""type"": ""Point""
}",-83.008684466,42.408463501
6231,1520295,MOUNT ELLIOT,MACK,2018-11-03,3,11,2018,16,7,8,9,,4,0,Asphalt,1,1,1,25,1,2,2,5,0,0,0,0,true,false,false,false,true,false,false,false,false,false,false,false,false,false,false,false,false,false,false,false,false,false,-83.02173,42.36147,"{
  ""coordinates"": [
    -8.302172763836160e+01,
    4.236146601743530e+01
  ],
  ""type"": ""Point""
}","{
  ""coordinates"": [
    -83.021727638,
    42.361466017
  ],
  ""type"": ""Point""
}",-83.021727638,42.3614660170001
6232,1521723,I 75,SAVANNAH,2018-11-03,3,11,2018,16,7,5,9,,4,0,Asphalt,1,1,1,55,4,2,2,4,0,0,0,1,false,false,false,false,false,false,false,false,false,false,false,false,false,false,false,false,false,false,false,false,false,false,-83.09309,42.42546,"{
  ""coordinates"": [
    -8.309309454531440e+01,
    4.242546147863520e+01
  ],
  ""type"": ""Point""
}","{
  ""coordinates"": [
    -83.093094545,
    42.425461479
  ],
  ""type"": ""Point""
}",-83.093094545,42.425461479
6233,1521750,MCNICHOLS,OUTER,2018-11-03,3,11,2018,21,7,3,9,,2,0,Asphalt,1,1,4,35,5,2,3,3,0,0,1,0,false,false,false,false,false,false,false,false,false,false,false,false,false,false,false,false,false,false,false,false,false,false,-83.23199,42.41529,"{
  ""coordinates"": [
    -8.323199681751071e+01,
    4.241529050207060e+01
  ],
  ""type"": ""Point""
}","{
  ""coordinates"": [
    -83.231996818,
    42.415290502
  ],
  ""type"": ""Point""
}",-83.231996818,42.4152905020001
6234,1520227,LAWNDALE,SAINT JOHN,2018-11-03,3,11,2018,23,7,5,9,,,3,,1,1,4,25,1,2,0,5,0,0,0,0,true,false,false,false,true,false,false,false,false,false,false,false,false,false,false,false,false,false,false,false,false,false,-83.14406,42.32376,"{
  ""coordinates"": [
    -8.314405860767199e+01,
    4.232376082141930e+01
  ],
  ""type"": ""Point""
}","{
  ""coordinates"": [
    -83.144058608,
    42.323760821
  ],
  ""type"": ""Point""
}",-83.144058608,42.3237608210001
6235,1528470,I-96,M-39,2018-11-03,3,11,2018,11,7,5,1,,1,0,Concrete,2,4,1,55,2,2,2,5,0,0,0,0,true,false,false,false,false,false,false,false,false,false,true,false,false,true,false,false,false,false,false,false,false,false,-83.21905,42.37857,"{
  ""coordinates"": [
    -8.321905036239021e+01,
    4.237856655116590e+01
  ],
  ""type"": ""Point""
}","{
  ""coordinates"": [
    -83.219050362,
    42.378566551
  ],
  ""type"": ""Point""
}",-83.219050362,42.3785665510001
6236,1521725,GREENFIELD,TIREMAN,2018-11-03,3,11,2018,17,7,4,9,,2,0,Asphalt,1,1,5,35,2,2,1,5,0,0,0,0,true,false,false,false,false,false,false,false,false,false,false,false,false,false,false,false,false,false,false,false,false,false,-83.19662,42.35097,"{
  ""coordinates"": [
    -8.319661343665740e+01,
    4.235097141890760e+01
  ],
  ""type"": ""Point""
}","{
  ""coordinates"": [
    -83.196613437,
    42.350971419
  ],
  ""type"": ""Point""
}",-83.1966134369999,42.3509714190001
6237,1524168,GREENFIELD,RAMP 136B,2018-11-03,3,11,2018,14,7,5,1,,2,0,Asphalt,1,1,1,35,2,2,2,5,0,0,0,0,true,false,false,false,false,false,false,false,false,false,false,false,false,false,false,false,false,false,false,false,false,false,-83.19801,42.37855,"{
  ""coordinates"": [
    -8.319800582823670e+01,
    4.237855042790970e+01
  ],
  ""type"": ""Point""
}","{
  ""coordinates"": [
    -83.198005828,
    42.378550428
  ],
  ""type"": ""Point""
}",-83.198005828,42.378550428
6238,1528458,I75,MCNICHOLS,2018-11-03,3,11,2018,12,7,5,1,,1,0,Asphalt,1,1,1,55,4,2,3,5,0,0,0,0,true,false,false,false,false,false,false,false,false,false,false,false,false,false,false,false,false,false,false,false,false,false,-83.09002,42.42054,"{
  ""coordinates"": [
    -8.309002207861440e+01,
    4.242054229203620e+01
  ],
  ""type"": ""Point""
}","{
  ""coordinates"": [
    -83.090022079,
    42.420542292
  ],
  ""type"": ""Point""
}",-83.0900220789999,42.4205422920001
6239,1521767,WYOMING,JAMES COUZENS,2018-11-03,3,11,2018,2,7,5,9,,4,0,Asphalt,1,1,4,30,2,2,5,5,0,0,0,0,true,false,false,false,false,false,false,false,false,false,false,false,false,false,false,false,false,false,false,false,false,false,-83.15984,42.40571,"{
  ""coordinates"": [
    -8.315983932031401e+01,
    4.240571092183780e+01
  ],
  ""type"": ""Point""
}","{
  ""coordinates"": [
    -83.15983932,
    42.405710922
  ],
  ""type"": ""Point""
}",-83.1598393199999,42.405710922
6240,1520334,INVERNESS,PURITAN,2018-11-03,3,11,2018,16,7,4,9,,,0,,1,1,1,35,2,2,4,5,0,0,0,0,true,false,true,false,false,false,false,false,false,false,false,false,false,false,true,false,false,false,false,false,false,false,-83.12276,42.41032,"{
  ""coordinates"": [
    -8.312276437561580e+01,
    4.241031761315230e+01
  ],
  ""type"": ""Point""
}","{
  ""coordinates"": [
    -83.122764376,
    42.410317613
  ],
  ""type"": ""Point""
}",-83.122764376,42.4103176130001
6241,1520249,VAUGHAN,SCHOOLCRAFT,2018-11-03,3,11,2018,16,7,97,9,,,0,,1,1,1,25,5,2,2,5,0,0,0,0,true,false,false,false,false,false,false,false,false,false,false,false,false,false,false,false,false,false,false,false,false,false,-83.23792,42.3862,"{
  ""coordinates"": [
    -8.323791673508759e+01,
    4.238619860224210e+01
  ],
  ""type"": ""Point""
}","{
  ""coordinates"": [
    -83.237916735,
    42.386198602
  ],
  ""type"": ""Point""
}",-83.2379167349999,42.386198602
6242,1520271,MACK,SAINT AUBIN,2018-11-03,3,11,2018,8,7,9,9,,4,2,Asphalt,1,1,5,25,2,2,1,5,0,0,0,0,true,false,false,false,true,false,false,false,false,false,false,false,false,false,false,true,false,false,false,false,false,false,-83.0382,42.35523,"{
  ""coordinates"": [
    -8.303819875253789e+01,
    4.235523273123160e+01
  ],
  ""type"": ""Point""
}","{
  ""coordinates"": [
    -83.038198753,
    42.355232731
  ],
  ""type"": ""Point""
}",-83.038198753,42.3552327310001
6243,1521717,I 94,CASS,2018-11-03,3,11,2018,19,7,5,1,,1,0,Asphalt,1,1,4,55,3,2,2,4,0,0,0,2,false,false,false,false,false,false,false,false,true,false,false,false,false,false,false,false,false,false,false,false,false,false,-83.07107,42.36235,"{
  ""coordinates"": [
    -8.307106587732910e+01,
    4.236235329739130e+01
  ],
  ""type"": ""Point""
}","{
  ""coordinates"": [
    -83.071065877,
    42.362353297
  ],
  ""type"": ""Point""
}",-83.071065877,42.362353297
6244,1521747,GRATIOT,MCCLELLAN,2018-11-03,3,11,2018,16,7,4,3,,1,0,Asphalt,1,1,1,35,3,2,2,4,0,0,0,1,false,false,false,false,true,false,false,false,true,false,false,true,false,false,false,false,false,false,false,false,false,false,-83.00711,42.39029,"{
  ""coordinates"": [
    -8.300711119108470e+01,
    4.239028667349500e+01
  ],
  ""type"": ""Point""
}","{
  ""coordinates"": [
    -83.007111191,
    42.390286673
  ],
  ""type"": ""Point""
}",-83.007111191,42.390286673
6245,1520266,VERNOR,DUBOIS,2018-11-03,3,11,2018,2,7,1,9,,4,1,Asphalt,2,1,4,35,4,1,3,3,0,0,1,0,false,false,false,false,false,false,false,false,false,false,false,false,false,false,false,false,false,false,false,false,false,false,-83.03222,42.34907,"{
  ""coordinates"": [
    -8.303221900791560e+01,
    4.234906583599510e+01
  ],
  ""type"": ""Point""
}","{
  ""coordinates"": [
    -83.032219008,
    42.349065836
  ],
  ""type"": ""Point""
}",-83.032219008,42.3490658360001
6246,1525255,GRAND RIVER,FENKELL,2018-11-03,3,11,2018,10,7,9,3,,1,0,Asphalt,1,1,1,35,6,2,2,5,0,0,0,0,true,false,false,false,false,false,false,false,false,false,false,true,false,false,false,false,false,false,false,false,false,false,-83.21946,42.40116,"{
  ""coordinates"": [
    -8.321945861118790e+01,
    4.240116152432180e+01
  ],
  ""type"": ""Point""
}","{
  ""coordinates"": [
    -83.219458611,
    42.401161524
  ],
  ""type"": ""Point""
}",-83.2194586109999,42.401161524
6247,1525234,SCHOOLCRAFT,MONTROSE,2018-11-03,3,11,2018,13,7,8,9,,2,0,Asphalt,1,1,1,35,2,2,3,4,0,0,0,1,false,false,false,false,true,false,false,false,false,false,false,false,false,false,false,false,false,false,false,false,false,false,-83.20039,42.387,"{
  ""coordinates"": [
    -8.320039539853020e+01,
    4.238700313920580e+01
  ],
  ""type"": ""Point""
}","{
  ""coordinates"": [
    -83.200395399,
    42.387003139
  ],
  ""type"": ""Point""
}",-83.2003953989999,42.3870031390001
6248,1520226,S I 75 SERVICE DRIVE,SPRINGWELLS,2018-11-03,3,11,2018,9,7,8,9,,4,0,Asphalt,1,1,1,35,2,2,2,5,0,0,0,0,true,false,false,false,false,false,false,false,false,false,false,false,false,true,false,true,false,false,false,false,false,false,-83.11942,42.30196,"{
  ""coordinates"": [
    -8.311941876921460e+01,
    4.230195803644000e+01
  ],
  ""type"": ""Point""
}","{
  ""coordinates"": [
    -83.119418769,
    42.301958036
  ],
  ""type"": ""Point""
}",-83.1194187689999,42.301958036
6249,1520335,WYOMING,PURITAN,2018-11-03,3,11,2018,10,7,5,9,,4,0,Asphalt,1,1,1,30,3,2,1,5,0,0,0,0,true,false,false,false,false,false,false,false,false,false,false,false,false,false,false,false,false,false,false,false,false,false,-83.16,42.40974,"{
  ""coordinates"": [
    -8.316000491909250e+01,
    4.240973780323550e+01
  ],
  ""type"": ""Point""
}","{
  ""coordinates"": [
    -83.160004919,
    42.409737803
  ],
  ""type"": ""Point""
}",-83.160004919,42.409737803
6250,1521713,M-10,MCNICHOLS,2018-11-03,3,11,2018,19,7,97,3,,1,0,Concrete,1,1,4,55,3,3,3,4,0,0,0,1,false,false,false,false,false,false,false,false,false,false,false,false,false,true,false,false,false,false,false,false,false,false,-83.17154,42.41609,"{
  ""coordinates"": [
    -8.317154188449550e+01,
    4.241608680890690e+01
  ],
  ""type"": ""Point""
}","{
  ""coordinates"": [
    -83.171541884,
    42.416086809
  ],
  ""type"": ""Point""
}",-83.171541884,42.416086809
6251,1520306,GRATIOT,HARPER,2018-11-03,3,11,2018,19,7,5,3,,1,0,Asphalt,1,1,4,35,7,2,2,5,0,0,0,0,true,false,false,false,true,false,false,false,true,false,false,false,false,false,false,false,false,false,false,false,false,false,-83.0051,42.39332,"{
  ""coordinates"": [
    -8.300510735605251e+01,
    4.239331895958970e+01
  ],
  ""type"": ""Point""
}","{
  ""coordinates"": [
    -83.005107356,
    42.39331896
  ],
  ""type"": ""Point""
}",-83.0051073559999,42.39331896
6252,1520302,8 MILE,WESTPHALIA,2018-11-03,3,11,2018,8,7,5,3,,1,0,Asphalt,1,1,1,40,4,3,4,5,0,0,0,0,true,false,false,false,true,false,false,false,false,false,false,false,false,true,false,false,false,false,false,false,false,false,-82.99267,42.44912,"{
  ""coordinates"": [
    -8.299266549744981e+01,
    4.244912094816310e+01
  ],
  ""type"": ""Point""
}","{
  ""coordinates"": [
    -82.992665497,
    42.449120948
  ],
  ""type"": ""Point""
}",-82.992665497,42.449120948
6253,1521751,EVERGREEN,VAN BUREN,2018-11-03,3,11,2018,16,7,5,9,,4,0,Asphalt,1,1,1,,2,2,5,5,0,0,0,0,true,false,false,false,false,false,false,false,false,false,false,false,false,false,true,false,false,false,false,false,false,false,-83.23582,42.35435,"{
  ""coordinates"": [
    -8.323581964343040e+01,
    4.235435557389950e+01
  ],
  ""type"": ""Point""
}","{
  ""coordinates"": [
    -83.235819643,
    42.354355574
  ],
  ""type"": ""Point""
}",-83.235819643,42.3543555740001
6254,1522947,GRAND RIVER,SORRENTO,2018-11-03,3,11,2018,15,7,3,3,,1,0,Concrete,1,1,1,30,6,2,2,5,0,0,0,0,true,false,false,false,false,false,false,false,false,false,false,false,false,true,false,false,false,false,false,false,false,false,-83.17198,42.38203,"{
  ""coordinates"": [
    -8.317198272069830e+01,
    4.238203056514910e+01
  ],
  ""type"": ""Point""
}","{
  ""coordinates"": [
    -83.171982721,
    42.382030565
  ],
  ""type"": ""Point""
}",-83.1719827209999,42.382030565
6255,1520205,MIDLAND,HUBBELL,2018-11-03,3,11,2018,20,7,4,9,,,0,,1,1,4,30,4,2,2,4,0,0,0,1,false,false,false,false,true,false,false,false,false,false,false,false,false,false,false,false,false,false,false,false,false,false,-83.18907,42.40544,"{
  ""coordinates"": [
    -8.318907386833530e+01,
    4.240544252685340e+01
  ],
  ""type"": ""Point""
}","{
  ""coordinates"": [
    -83.189073868,
    42.405442527
  ],
  ""type"": ""Point""
}",-83.189073868,42.405442527
6256,1520221,N I 75,RAMP 043B,2018-11-03,3,11,2018,20,7,5,1,,1,0,Concrete,1,1,4,,3,2,3,5,0,0,0,0,true,false,false,false,true,false,false,false,false,false,false,false,false,false,false,false,false,false,false,false,false,false,-83.0498,42.35415,"{
  ""coordinates"": [
    -8.304980697592440e+01,
    4.235414802618530e+01
  ],
  ""type"": ""Point""
}","{
  ""coordinates"": [
    -83.049806976,
    42.354148026
  ],
  ""type"": ""Point""
}",-83.049806976,42.3541480260001
6257,1521726,GRISWOLD,MICHIGAN,2018-11-03,3,11,2018,2,7,1,9,,4,0,Asphalt,1,1,4,25,2,2,1,4,0,0,0,1,false,false,false,false,false,false,false,false,false,false,false,false,true,false,false,false,false,false,false,false,false,false,-83.04825,42.33165,"{
  ""coordinates"": [
    -8.304824911428490e+01,
    4.233165278877350e+01
  ],
  ""type"": ""Point""
}","{
  ""coordinates"": [
    -83.048249114,
    42.331652789
  ],
  ""type"": ""Point""
}",-83.048249114,42.331652789
6258,1520281,MCNICHOLS,GREENFIELD,2018-11-03,3,11,2018,0,7,5,9,,2,0,Asphalt,1,1,4,35,4,2,2,5,0,0,0,0,true,false,false,false,false,false,false,false,false,false,false,false,false,false,false,false,false,false,false,false,false,false,-83.19935,42.41598,"{
  ""coordinates"": [
    -8.319934837284920e+01,
    4.241598257448070e+01
  ],
  ""type"": ""Point""
}","{
  ""coordinates"": [
    -83.199348373,
    42.415982574
  ],
  ""type"": ""Point""
}",-83.199348373,42.4159825740001
6259,1520268,JEFFERSON,GRAND,2018-11-03,3,11,2018,4,7,9,9,,,0,,1,1,4,35,2,2,2,5,0,0,0,0,true,false,false,false,false,false,false,false,true,false,false,false,false,false,true,false,false,false,false,false,false,false,-83.0815,42.31282,"{
  ""coordinates"": [
    -8.308150437764419e+01,
    4.231282369216240e+01
  ],
  ""type"": ""Point""
}","{
  ""coordinates"": [
    -83.081504378,
    42.312823692
  ],
  ""type"": ""Point""
}",-83.081504378,42.3128236920001
6260,1521738,GRAND,M 10 SERVICE,2018-11-03,3,11,2018,20,7,4,9,,4,0,Asphalt,1,1,4,35,2,2,5,5,0,0,0,0,true,false,false,false,false,false,false,false,false,false,false,false,false,false,false,false,false,false,false,false,false,false,-83.08228,42.36702,"{
  ""coordinates"": [
    -8.308227607438450e+01,
    4.236701867423340e+01
  ],
  ""type"": ""Point""
}","{
  ""coordinates"": [
    -83.082276074,
    42.367018674
  ],
  ""type"": ""Point""
}",-83.0822760739999,42.3670186740001
6261,1520328,7 MILE,NORTHLAWN,2018-11-03,3,11,2018,3,7,1,9,,2,1,Asphalt,1,1,4,30,4,1,1,5,0,0,0,0,true,false,false,false,false,true,false,false,false,false,false,false,false,true,false,false,false,false,false,false,false,false,-83.15431,42.4314,"{
  ""coordinates"": [
    -8.315431588751990e+01,
    4.243139861960490e+01
  ],
  ""type"": ""Point""
}","{
  ""coordinates"": [
    -83.154315888,
    42.43139862
  ],
  ""type"": ""Point""
}",-83.154315888,42.43139862
6262,1520208,COYLE,KEELER,2018-11-03,3,11,2018,10,7,4,9,,,0,,1,2,1,,2,2,2,5,0,0,0,0,true,false,false,false,true,false,false,false,false,false,false,false,false,true,false,false,false,false,false,false,false,false,-83.19392,42.40359,"{
  ""coordinates"": [
    -8.319392369097740e+01,
    4.240358924653440e+01
  ],
  ""type"": ""Point""
}","{
  ""coordinates"": [
    -83.193923691,
    42.403589247
  ],
  ""type"": ""Point""
}",-83.193923691,42.4035892470001
6263,1524201,FENKELL,GREYDALE,2018-11-03,3,11,2018,12,7,4,9,,2,0,Asphalt,1,2,1,35,4,2,5,4,0,0,0,1,false,false,true,false,false,false,false,false,false,false,false,false,false,false,false,false,false,false,false,false,false,false,-83.2556,42.40031,"{
  ""coordinates"": [
    -8.325559982925979e+01,
    4.240031353907850e+01
  ],
  ""type"": ""Point""
}","{
  ""coordinates"": [
    -83.255599829,
    42.400313539
  ],
  ""type"": ""Point""
}",-83.2555998289999,42.4003135390001
6264,1524192,HARPER,OUTER,2018-11-03,3,11,2018,1,7,4,9,,4,0,Asphalt,1,1,1,30,2,2,3,5,0,0,0,0,true,false,false,false,false,false,false,false,false,false,true,false,false,false,false,false,false,false,false,false,false,false,-82.9607,42.40581,"{
  ""coordinates"": [
    -8.296070254516211e+01,
    4.240580804685630e+01
  ],
  ""type"": ""Point""
}","{
  ""coordinates"": [
    -82.960702545,
    42.405808047
  ],
  ""type"": ""Point""
}",-82.9607025449999,42.4058080470001