ObjectId,Crash ID,Primary Road,Intersecting Road,Crash Date,Day,Month,Year,Hour,Weekday,Crash Type Code,Highway Classification Code,Community Code,Jurisdiction Code,Lane Departure Type Code,Surface Type,Road Condition,Weather Condition,Lighting Condition,Speed Limit,Lanes,Units,Occupants,Most Severe Injury,Fatal Injuries,Suspected Serious Injuries,Suspected Minor Injuries,Possible Injuries,Property Damage Only,Secondary Crash,Traffic Control,Red Light Run,Hit and Run,Alcohol,Drugs,Unbelted Person,Work Zone,Speeding Driver,Distracted Driver,Driveway,Pedestrian,Elderly Driver,Young Driver,Commercial Vehicle,Emergency Vehicles,Train,School Bus,Motorcycle,Bicycle,Deer,Longitude,Latitude,geom,geog,x,y
6265,1521749,GRATIOT,HARPER,2018-11-03,3,11,2018,15,7,3,3,,1,0,Asphalt,1,1,1,35,3,2,2,5,0,0,0,0,true,false,false,false,false,false,false,false,false,false,false,false,false,false,true,false,false,false,false,false,false,false,-83.00523,42.39313,"{
  ""coordinates"": [
    -8.300523016147010e+01,
    4.239313264339730e+01
  ],
  ""type"": ""Point""
}","{
  ""coordinates"": [
    -83.005230161,
    42.393132643
  ],
  ""type"": ""Point""
}",-83.005230161,42.3931326430001
6266,1522944,CURTIS,FAUST,2018-11-03,3,11,2018,23,7,2,9,,,2,,1,1,5,25,2,2,2,4,0,0,0,2,false,false,false,false,true,false,false,false,false,false,false,false,false,false,false,false,false,false,false,false,false,false,-83.22386,42.42269,"{
  ""coordinates"": [
    -8.322386217372070e+01,
    4.242268588376800e+01
  ],
  ""type"": ""Point""
}","{
  ""coordinates"": [
    -83.223862174,
    42.422685884
  ],
  ""type"": ""Point""
}",-83.223862174,42.422685884
6267,1520197,N M 39,FENKELL,2018-11-03,3,11,2018,6,7,5,3,,1,0,Asphalt,2,2,4,55,1,2,2,5,0,0,0,0,true,false,false,false,false,false,false,false,false,false,false,false,false,false,false,false,false,false,false,false,false,false,-83.2182,42.40125,"{
  ""coordinates"": [
    -8.321820190687890e+01,
    4.240125115958350e+01
  ],
  ""type"": ""Point""
}","{
  ""coordinates"": [
    -83.218201907,
    42.40125116
  ],
  ""type"": ""Point""
}",-83.218201907,42.4012511600001
6268,1521748,GRATIOT,MAXWELL,2018-11-03,3,11,2018,23,7,4,3,,1,0,Asphalt,1,1,4,35,7,2,2,5,0,0,0,0,true,false,false,false,false,false,false,false,false,false,false,false,false,true,true,false,false,false,false,false,false,false,-83.01413,42.37967,"{
  ""coordinates"": [
    -8.301412916031890e+01,
    4.237966730202360e+01
  ],
  ""type"": ""Point""
}","{
  ""coordinates"": [
    -83.01412916,
    42.379667302
  ],
  ""type"": ""Point""
}",-83.01412916,42.379667302
6269,1521756,DAVISON,DEXTER,2018-11-03,3,11,2018,9,7,7,3,,1,0,Asphalt,1,2,1,35,3,2,1,5,0,0,0,0,true,false,false,false,true,false,false,false,false,false,false,false,false,false,true,false,false,false,false,false,false,false,-83.13054,42.38987,"{
  ""coordinates"": [
    -8.313053558363811e+01,
    4.238986781566200e+01
  ],
  ""type"": ""Point""
}","{
  ""coordinates"": [
    -83.130535584,
    42.389867816
  ],
  ""type"": ""Point""
}",-83.130535584,42.389867816
6270,1521730,SMITH,SAINT ANTOINE,2018-11-03,3,11,2018,21,7,5,9,,,0,,1,1,4,25,2,2,1,5,0,0,0,0,true,false,false,false,true,false,false,false,false,false,false,false,false,false,false,false,false,false,false,false,false,false,-83.0677,42.37594,"{
  ""coordinates"": [
    -8.306770181234720e+01,
    4.237594174507250e+01
  ],
  ""type"": ""Point""
}","{
  ""coordinates"": [
    -83.067701812,
    42.375941745
  ],
  ""type"": ""Point""
}",-83.0677018119999,42.375941745
6271,1521722,I 94,CHALMERS,2018-11-03,3,11,2018,14,7,5,1,,1,0,Asphalt,1,1,1,55,3,2,5,4,0,0,0,3,false,false,false,false,false,false,false,false,false,false,false,false,false,false,false,false,false,false,false,false,false,false,-82.96463,42.40371,"{
  ""coordinates"": [
    -8.296463350268850e+01,
    4.240370781687040e+01
  ],
  ""type"": ""Point""
}","{
  ""coordinates"": [
    -82.964633503,
    42.403707817
  ],
  ""type"": ""Point""
}",-82.964633503,42.4037078170001
6272,1521775,VAUGHAN,KENDALL,2018-11-03,3,11,2018,16,7,5,9,,,0,,1,1,1,25,2,2,0,5,0,0,0,0,true,false,false,false,true,false,false,true,false,false,false,false,false,false,false,false,false,false,false,false,false,false,-83.23801,42.38864,"{
  ""coordinates"": [
    -8.323801242640850e+01,
    4.238863623141530e+01
  ],
  ""type"": ""Point""
}","{
  ""coordinates"": [
    -83.238012426,
    42.388636231
  ],
  ""type"": ""Point""
}",-83.238012426,42.3886362310001
6273,1520206,WYOMING,LYNDON,2018-11-03,3,11,2018,1,7,3,9,,4,0,Asphalt,1,1,4,35,4,2,99,2,0,1,0,0,false,false,false,false,true,false,false,false,false,false,false,false,false,false,false,false,false,false,false,false,false,false,-83.15935,42.39524,"{
  ""coordinates"": [
    -8.315935046469799e+01,
    4.239524009886890e+01
  ],
  ""type"": ""Point""
}","{
  ""coordinates"": [
    -83.159350465,
    42.395240099
  ],
  ""type"": ""Point""
}",-83.159350465,42.395240099
6274,1529790,I-94,ADDISON,2018-11-03,3,11,2018,12,7,8,1,,1,0,Asphalt,1,2,1,55,3,2,3,4,0,0,0,1,false,false,false,false,false,false,false,false,false,false,false,false,false,false,false,true,false,false,false,false,false,false,-83.14505,42.33143,"{
  ""coordinates"": [
    -8.314504662466200e+01,
    4.233142836282860e+01
  ],
  ""type"": ""Point""
}","{
  ""coordinates"": [
    -83.145046625,
    42.331428363
  ],
  ""type"": ""Point""
}",-83.145046625,42.331428363
6275,1524200,GRAND RIVER,MCNICHOLS,2018-11-03,3,11,2018,23,7,8,3,,1,0,Asphalt,1,1,4,35,4,2,2,5,0,0,0,0,true,false,false,false,false,false,false,false,false,false,false,false,false,false,true,false,false,false,false,false,false,false,-83.25321,42.41475,"{
  ""coordinates"": [
    -8.325320976182481e+01,
    4.241474541038090e+01
  ],
  ""type"": ""Point""
}","{
  ""coordinates"": [
    -83.253209762,
    42.41474541
  ],
  ""type"": ""Point""
}",-83.253209762,42.4147454100001
6276,1529858,ROBINWOOD,BUFFALO,2018-11-03,3,11,2018,8,7,1,9,,,0,,1,1,1,25,2,1,1,5,0,0,0,0,true,false,false,false,true,false,false,false,false,false,false,true,false,false,false,false,false,false,false,false,false,false,-83.04759,42.43161,"{
  ""coordinates"": [
    -8.304759512245190e+01,
    4.243160563441800e+01
  ],
  ""type"": ""Point""
}","{
  ""coordinates"": [
    -83.047595122,
    42.431605634
  ],
  ""type"": ""Point""
}",-83.047595122,42.4316056340001
6277,1552493,CASS,BRAINARD,2018-11-03,3,11,2018,20,7,8,9,,4,0,Asphalt,1,1,4,30,2,2,4,5,0,0,0,0,true,true,false,false,false,false,false,false,false,false,false,false,false,false,false,false,false,false,false,false,false,false,-83.06145,42.34686,"{
  ""coordinates"": [
    -8.306144794076120e+01,
    4.234685691529260e+01
  ],
  ""type"": ""Point""
}","{
  ""coordinates"": [
    -83.061447941,
    42.346856915
  ],
  ""type"": ""Point""
}",-83.061447941,42.346856915
6278,1520317,8 MILE,RYAN,2018-11-03,3,11,2018,19,7,5,3,,1,0,Asphalt,1,1,4,40,4,2,3,5,0,0,0,0,true,false,false,false,true,false,false,false,false,false,false,false,false,false,false,false,false,false,false,false,false,false,-83.06572,42.44724,"{
  ""coordinates"": [
    -8.306572161016830e+01,
    4.244723641495400e+01
  ],
  ""type"": ""Point""
}","{
  ""coordinates"": [
    -83.06572161,
    42.447236415
  ],
  ""type"": ""Point""
}",-83.06572161,42.4472364150001
6279,1549738,7 MILE,GOULBURN,2018-11-03,3,11,2018,21,7,97,9,,4,0,Asphalt,1,1,4,35,2,2,3,5,0,0,0,0,true,false,false,false,true,false,false,false,false,false,false,false,false,true,false,false,false,false,false,false,false,false,-82.99326,42.43474,"{
  ""coordinates"": [
    -8.299326211055870e+01,
    4.243473838433910e+01
  ],
  ""type"": ""Point""
}","{
  ""coordinates"": [
    -82.993262111,
    42.434738384
  ],
  ""type"": ""Point""
}",-82.993262111,42.4347383840001
6280,1520336,8 MILE,CHEYENNE,2018-11-03,3,11,2018,23,7,5,3,,1,0,Asphalt,1,1,4,40,4,2,1,5,0,0,0,0,true,false,false,false,true,false,false,false,false,false,false,false,false,false,false,false,false,false,false,false,false,false,-83.17657,42.44529,"{
  ""coordinates"": [
    -8.317657329300189e+01,
    4.244528576963110e+01
  ],
  ""type"": ""Point""
}","{
  ""coordinates"": [
    -83.176573293,
    42.44528577
  ],
  ""type"": ""Point""
}",-83.176573293,42.4452857700001
6281,1521754,DAVISON,LIVERNOIS,2018-11-03,3,11,2018,11,7,5,3,,1,0,Concrete,1,1,1,35,6,2,1,5,0,0,0,0,true,false,false,false,true,false,false,false,false,false,false,false,false,false,true,false,false,false,false,false,false,false,-83.13954,42.38649,"{
  ""coordinates"": [
    -8.313954049655190e+01,
    4.238649276703980e+01
  ],
  ""type"": ""Point""
}","{
  ""coordinates"": [
    -83.139540497,
    42.386492767
  ],
  ""type"": ""Point""
}",-83.139540497,42.386492767
6282,1530951,RAMP 039A,S I 75 SERVICE DRIVE,2018-11-03,3,11,2018,19,7,5,1,,1,0,Asphalt,1,1,4,70,1,2,4,4,0,0,0,2,false,false,false,false,false,false,false,false,false,false,false,false,false,false,false,false,false,false,false,false,false,false,-83.05762,42.33775,"{
  ""coordinates"": [
    -8.305762472290120e+01,
    4.233774386403260e+01
  ],
  ""type"": ""Point""
}","{
  ""coordinates"": [
    -83.057624723,
    42.337743864
  ],
  ""type"": ""Point""
}",-83.0576247229999,42.3377438640001
6283,1521766,JOHN R,DAKOTA,2018-11-03,3,11,2018,22,7,1,9,,4,0,Asphalt,1,1,5,35,2,1,1,4,0,0,0,1,false,false,false,false,true,false,false,false,false,false,false,false,false,false,false,false,false,false,false,false,false,false,-83.1019,42.42022,"{
  ""coordinates"": [
    -8.310190138047059e+01,
    4.242021799702530e+01
  ],
  ""type"": ""Point""
}","{
  ""coordinates"": [
    -83.10190138,
    42.420217997
  ],
  ""type"": ""Point""
}",-83.10190138,42.4202179970001
6284,1524194,MACK,CHALMERS,2018-11-03,3,11,2018,4,7,4,9,,4,0,Asphalt,1,1,4,30,5,2,6,2,0,1,0,3,false,false,false,false,false,false,false,false,false,true,false,false,false,false,true,false,false,false,false,false,false,false,-82.95296,42.38648,"{
  ""coordinates"": [
    -8.295295560423619e+01,
    4.238647925790460e+01
  ],
  ""type"": ""Point""
}","{
  ""coordinates"": [
    -82.952955604,
    42.386479258
  ],
  ""type"": ""Point""
}",-82.952955604,42.3864792580001
6285,1521721,M 10,WYOMING,2018-11-03,3,11,2018,9,7,8,3,,1,0,Concrete,2,1,1,55,3,2,4,3,0,0,1,0,false,false,false,false,false,false,false,false,false,true,false,false,false,false,false,false,false,false,false,false,false,false,-83.16163,42.40603,"{
  ""coordinates"": [
    -8.316162596769260e+01,
    4.240602906663620e+01
  ],
  ""type"": ""Point""
}","{
  ""coordinates"": [
    -83.161625968,
    42.406029067
  ],
  ""type"": ""Point""
}",-83.161625968,42.4060290670001
6286,1520338,EIGHT MILE,MEYERS,2018-11-03,3,11,2018,12,7,4,3,,1,0,Asphalt,1,1,1,40,4,2,2,5,0,0,0,0,true,false,false,false,true,false,false,false,false,false,false,false,false,false,false,false,false,false,false,false,false,false,-83.17152,42.44539,"{
  ""coordinates"": [
    -8.317152691906790e+01,
    4.244539273619530e+01
  ],
  ""type"": ""Point""
}","{
  ""coordinates"": [
    -83.171526919,
    42.445392736
  ],
  ""type"": ""Point""
}",-83.171526919,42.445392736
6287,1543041,7 MILE,FAIRPORT,2018-11-03,3,11,2018,20,7,97,9,,4,0,Asphalt,1,1,4,30,2,2,0,4,0,0,0,1,false,false,false,false,true,false,false,false,false,false,false,false,true,false,false,false,false,false,false,false,false,false,-82.99131,42.43478,"{
  ""coordinates"": [
    -8.299130654979589e+01,
    4.243478056621730e+01
  ],
  ""type"": ""Point""
}","{
  ""coordinates"": [
    -82.99130655,
    42.434780566
  ],
  ""type"": ""Point""
}",-82.99130655,42.434780566
6288,1526396,WHITCOMB,OUTER,2018-11-03,3,11,2018,19,7,4,9,,,0,,2,2,4,25,2,2,1,2,0,1,0,0,false,false,false,false,true,false,false,false,false,false,false,false,false,false,false,false,false,false,false,false,false,false,-83.19702,42.4196,"{
  ""coordinates"": [
    -8.319702075627740e+01,
    4.241960164896900e+01
  ],
  ""type"": ""Point""
}","{
  ""coordinates"": [
    -83.197020756,
    42.419601649
  ],
  ""type"": ""Point""
}",-83.197020756,42.4196016490001
6289,1542607,MACK,WHITTIER,2018-11-03,3,11,2018,14,7,5,9,,4,0,Asphalt,1,2,1,30,4,2,3,4,0,0,0,1,false,false,false,false,false,false,false,false,false,false,false,false,false,false,false,false,false,false,false,false,false,false,-82.92921,42.39215,"{
  ""coordinates"": [
    -8.292921442763070e+01,
    4.239214862659960e+01
  ],
  ""type"": ""Point""
}","{
  ""coordinates"": [
    -82.929214428,
    42.392148627
  ],
  ""type"": ""Point""
}",-82.929214428,42.392148627
6290,1537053,JOY,NORTHFIELD,2018-11-03,3,11,2018,13,7,9,9,,4,0,Asphalt,1,1,1,25,2,2,2,5,0,0,0,0,true,false,false,false,true,false,false,false,false,false,false,false,false,false,false,false,false,false,false,false,false,false,-83.13305,42.36195,"{
  ""coordinates"": [
    -8.313305117224050e+01,
    4.236195256528360e+01
  ],
  ""type"": ""Point""
}","{
  ""coordinates"": [
    -83.133051172,
    42.361952565
  ],
  ""type"": ""Point""
}",-83.133051172,42.3619525650001
6291,1544392,PARK GROVE,HAYES,2018-11-03,3,11,2018,1,7,4,9,,,0,,2,1,4,25,2,2,2,4,0,0,0,1,false,false,true,false,true,false,false,false,false,false,false,false,false,false,false,false,false,false,false,false,false,false,-82.96535,42.43007,"{
  ""coordinates"": [
    -8.296535338685790e+01,
    4.243007396766820e+01
  ],
  ""type"": ""Point""
}","{
  ""coordinates"": [
    -82.965353387,
    42.430073968
  ],
  ""type"": ""Point""
}",-82.9653533869999,42.430073968
6292,1529777,S I 75,W I 94,2018-11-03,3,11,2018,10,7,5,1,,1,0,Concrete,1,2,1,55,4,2,3,5,0,0,0,0,true,false,false,false,false,false,false,false,false,false,true,false,false,false,false,false,false,false,false,false,false,false,-83.0582,42.36851,"{
  ""coordinates"": [
    -8.305820732832620e+01,
    4.236851095645830e+01
  ],
  ""type"": ""Point""
}","{
  ""coordinates"": [
    -83.058207328,
    42.368510956
  ],
  ""type"": ""Point""
}",-83.058207328,42.3685109560001
6293,1522964,VAN DYKE,GRATIOT,2018-11-03,3,11,2018,11,7,4,3,,4,0,Asphalt,1,1,1,30,8,2,3,3,0,0,1,1,false,false,false,false,false,false,false,false,false,false,false,false,false,false,false,false,false,false,false,false,false,false,-83.01469,42.37882,"{
  ""coordinates"": [
    -8.301468819715370e+01,
    4.237882279404220e+01
  ],
  ""type"": ""Point""
}","{
  ""coordinates"": [
    -83.014688197,
    42.378822794
  ],
  ""type"": ""Point""
}",-83.0146881969999,42.378822794
6294,1520297,GREENSBORO,EVANSTON,2018-11-03,3,11,2018,1,7,4,9,,,0,,1,1,4,25,1,2,3,4,0,0,0,3,false,false,true,false,false,false,false,false,false,false,false,false,false,false,false,false,false,false,false,false,false,false,-82.95674,42.40784,"{
  ""coordinates"": [
    -8.295674270678469e+01,
    4.240784395014580e+01
  ],
  ""type"": ""Point""
}","{
  ""coordinates"": [
    -82.956742707,
    42.40784395
  ],
  ""type"": ""Point""
}",-82.956742707,42.40784395
6295,1530971,N/B I 75,DEARBORN,2018-11-03,3,11,2018,10,7,8,1,,1,0,Concrete,1,2,1,45,3,2,3,5,0,0,0,0,true,false,false,false,false,false,false,false,true,false,false,false,false,false,false,false,false,false,false,false,false,false,-83.12875,42.29174,"{
  ""coordinates"": [
    -8.312875645570089e+01,
    4.229174107083840e+01
  ],
  ""type"": ""Point""
}","{
  ""coordinates"": [
    -83.128756456,
    42.291741071
  ],
  ""type"": ""Point""
}",-83.128756456,42.291741071
6296,1521758,KEYSTONE,HAMLET,2018-11-03,3,11,2018,20,7,4,9,,,0,,1,2,4,25,1,2,0,5,0,0,0,0,true,false,false,false,true,false,false,false,false,false,false,false,false,false,false,false,false,false,false,false,false,false,-83.0518,42.4462,"{
  ""coordinates"": [
    -8.305180032549190e+01,
    4.244619846666720e+01
  ],
  ""type"": ""Point""
}","{
  ""coordinates"": [
    -83.051800325,
    42.446198467
  ],
  ""type"": ""Point""
}",-83.051800325,42.446198467
6297,1530950,M-39,MCNICHOLS,2018-11-03,3,11,2018,3,7,5,3,,1,0,Concrete,1,1,4,55,3,2,1,4,0,0,0,1,false,false,false,false,true,false,false,false,false,false,false,false,false,false,false,false,false,false,false,false,false,false,-83.21889,42.41637,"{
  ""coordinates"": [
    -8.321888584348980e+01,
    4.241636759702510e+01
  ],
  ""type"": ""Point""
}","{
  ""coordinates"": [
    -83.218885843,
    42.416367597
  ],
  ""type"": ""Point""
}",-83.218885843,42.416367597
6298,1528540,WARREN,SEYBURN,2018-11-03,3,11,2018,12,7,5,9,,4,0,Asphalt,1,1,1,35,2,3,1,5,0,0,0,0,true,true,false,false,true,false,false,false,false,false,false,false,false,false,false,false,false,false,false,false,false,false,-83.01379,42.37554,"{
  ""coordinates"": [
    -8.301378414307780e+01,
    4.237553783158060e+01
  ],
  ""type"": ""Point""
}","{
  ""coordinates"": [
    -83.013784143,
    42.375537832
  ],
  ""type"": ""Point""
}",-83.013784143,42.3755378320001
6299,1521765,7 MILE,HASSE,2018-11-03,3,11,2018,9,7,98,9,,4,0,Asphalt,2,1,4,15,2,2,0,5,0,0,0,0,true,false,false,false,true,false,false,false,false,false,false,false,false,false,false,false,false,false,false,false,false,false,-83.05645,42.43328,"{
  ""coordinates"": [
    -8.305645274127360e+01,
    4.243327522385430e+01
  ],
  ""type"": ""Point""
}","{
  ""coordinates"": [
    -83.056452741,
    42.433275224
  ],
  ""type"": ""Point""
}",-83.056452741,42.4332752240001
6300,1529872,8 MILE,STEEL,2018-11-03,3,11,2018,19,7,8,3,,1,0,Asphalt,1,1,5,45,1,2,4,5,0,0,0,0,true,false,false,false,false,false,false,false,false,false,false,false,false,false,false,false,false,false,false,false,false,false,-83.17315,42.44535,"{
  ""coordinates"": [
    -8.317315023552879e+01,
    4.244535616004350e+01
  ],
  ""type"": ""Point""
}","{
  ""coordinates"": [
    -83.173150236,
    42.44535616
  ],
  ""type"": ""Point""
}",-83.173150236,42.4453561600001
6301,1539948,I-94,M-10,2018-11-03,3,11,2018,19,7,5,1,,1,0,Asphalt,1,1,4,55,3,3,3,4,0,0,0,2,false,false,false,false,false,false,false,false,false,false,true,false,false,false,false,false,false,false,false,false,false,false,-83.07736,42.35823,"{
  ""coordinates"": [
    -8.307735845945690e+01,
    4.235822788684180e+01
  ],
  ""type"": ""Point""
}","{
  ""coordinates"": [
    -83.077358459,
    42.358227887
  ],
  ""type"": ""Point""
}",-83.077358459,42.3582278870001
6302,1540003,WARREN,MINOCK,2018-11-03,3,11,2018,9,7,8,9,,2,0,Asphalt,1,1,1,35,4,2,3,5,0,0,0,0,true,false,false,false,false,false,false,false,false,false,false,false,false,false,false,false,false,false,false,false,false,false,-83.23168,42.34319,"{
  ""coordinates"": [
    -8.323168117310730e+01,
    4.234318368353290e+01
  ],
  ""type"": ""Point""
}","{
  ""coordinates"": [
    -83.231681173,
    42.343183684
  ],
  ""type"": ""Point""
}",-83.231681173,42.3431836840001
6303,1534870,ALTER,HAMPTON,2018-11-03,3,11,2018,1,7,9,9,,4,0,Asphalt,1,1,2,30,2,2,0,5,0,0,0,0,true,false,false,false,false,false,false,false,false,false,false,false,false,false,false,false,false,false,false,false,false,false,-82.94037,42.37614,"{
  ""coordinates"": [
    -8.294036907357490e+01,
    4.237613999571400e+01
  ],
  ""type"": ""Point""
}","{
  ""coordinates"": [
    -82.940369074,
    42.376139996
  ],
  ""type"": ""Point""
}",-82.940369074,42.3761399960001
6304,1602605,14TH,LOTHROP,2018-11-03,3,11,2018,12,7,4,9,,4,0,Asphalt,1,1,1,35,2,2,3,4,0,0,0,1,false,false,true,false,false,false,false,false,false,false,false,false,false,false,false,false,false,false,false,false,false,false,-83.09534,42.36357,"{
  ""coordinates"": [
    -8.309533883457151e+01,
    4.236357509633900e+01
  ],
  ""type"": ""Point""
}","{
  ""coordinates"": [
    -83.095338835,
    42.363575096
  ],
  ""type"": ""Point""
}",-83.0953388349999,42.363575096
6305,1530952,M-39,MCNICHOLS,2018-11-03,3,11,2018,23,7,5,3,,1,0,Concrete,1,1,4,55,3,2,2,5,0,0,0,0,true,false,false,false,false,false,false,false,false,false,false,false,false,false,false,false,false,false,false,false,false,false,-83.21889,42.41664,"{
  ""coordinates"": [
    -8.321889215509169e+01,
    4.241664291189420e+01
  ],
  ""type"": ""Point""
}","{
  ""coordinates"": [
    -83.218892155,
    42.416642912
  ],
  ""type"": ""Point""
}",-83.2188921549999,42.416642912
6306,1530965,E I 96,E M 8,2018-11-03,3,11,2018,18,7,5,1,,1,0,Concrete,1,1,1,70,3,2,1,5,0,0,0,0,true,false,false,false,false,false,false,false,false,false,false,false,false,true,false,false,false,false,false,false,false,false,-83.15833,42.38525,"{
  ""coordinates"": [
    -8.315832188601500e+01,
    4.238524624718290e+01
  ],
  ""type"": ""Point""
}","{
  ""coordinates"": [
    -83.158321886,
    42.385246247
  ],
  ""type"": ""Point""
}",-83.158321886,42.3852462470001
6307,1529791,S/B M 39,7 MILE,2018-11-03,3,11,2018,16,7,97,3,,1,0,Concrete,1,1,1,55,3,2,3,5,0,0,0,0,true,false,false,false,false,false,false,false,false,false,false,false,false,false,false,false,false,false,false,false,false,false,-83.21932,42.42857,"{
  ""coordinates"": [
    -8.321931844072400e+01,
    4.242856566202230e+01
  ],
  ""type"": ""Point""
}","{
  ""coordinates"": [
    -83.219318441,
    42.428565662
  ],
  ""type"": ""Point""
}",-83.219318441,42.428565662
6308,1562915,MCNICHOLS,MANSFIELD,2018-11-03,3,11,2018,17,7,4,9,,2,0,Asphalt,1,1,1,40,4,2,2,5,0,0,0,0,true,false,false,false,false,false,false,false,false,false,false,false,false,false,false,false,false,false,false,false,false,false,-83.2057,42.41583,"{
  ""coordinates"": [
    -8.320570136037681e+01,
    4.241583116847490e+01
  ],
  ""type"": ""Point""
}","{
  ""coordinates"": [
    -83.20570136,
    42.415831168
  ],
  ""type"": ""Point""
}",-83.20570136,42.4158311680001
6309,1521760,RYAN,DAVISON,2018-11-03,3,11,2018,17,7,8,9,,4,0,Asphalt,1,1,1,35,2,2,2,4,0,0,0,2,false,false,false,false,false,false,false,false,false,false,false,false,false,false,false,false,false,false,false,false,false,false,-83.06059,42.41586,"{
  ""coordinates"": [
    -8.306058832239140e+01,
    4.241586244615450e+01
  ],
  ""type"": ""Point""
}","{
  ""coordinates"": [
    -83.060588322,
    42.415862446
  ],
  ""type"": ""Point""
}",-83.0605883219999,42.4158624460001
6310,1530966,M-39,CURTIS,2018-11-03,3,11,2018,19,7,97,3,,1,0,Concrete,1,1,4,55,3,2,3,4,0,0,0,2,false,false,false,false,false,true,false,false,false,false,false,false,false,false,false,false,false,false,false,false,false,false,-83.21915,42.42319,"{
  ""coordinates"": [
    -8.321915521114880e+01,
    4.242319036251850e+01
  ],
  ""type"": ""Point""
}","{
  ""coordinates"": [
    -83.219155211,
    42.423190363
  ],
  ""type"": ""Point""
}",-83.219155211,42.4231903630001
6311,1529862,8 MILE,DEQUINDRE,2018-11-03,3,11,2018,13,7,5,3,,1,0,Asphalt,1,1,1,40,6,2,2,5,0,0,0,0,true,false,false,false,false,false,false,false,false,false,false,false,false,true,true,false,false,false,false,false,false,false,-83.08341,42.44702,"{
  ""coordinates"": [
    -8.308341086055400e+01,
    4.244701955240450e+01
  ],
  ""type"": ""Point""
}","{
  ""coordinates"": [
    -83.083410861,
    42.447019552
  ],
  ""type"": ""Point""
}",-83.0834108609999,42.447019552
6312,1521757,MOUND,RUPERT,2018-11-02,2,11,2018,13,6,4,9,,2,0,Asphalt,2,4,1,35,2,2,5,3,0,0,1,0,false,false,false,false,true,false,false,false,false,false,false,false,false,false,false,false,false,false,false,false,false,false,-83.04241,42.41414,"{
  ""coordinates"": [
    -8.304241143120530e+01,
    4.241414369578220e+01
  ],
  ""type"": ""Point""
}","{
  ""coordinates"": [
    -83.042411431,
    42.414143696
  ],
  ""type"": ""Point""
}",-83.0424114309999,42.4141436960001
6313,1520225,VERNOR,JOSEPH CAMPAU,2018-11-02,2,11,2018,20,6,3,9,,4,0,Asphalt,2,4,4,25,2,2,1,4,0,0,0,1,false,false,false,false,true,false,false,false,false,false,false,true,false,false,false,false,false,false,false,false,false,false,-83.02869,42.35058,"{
  ""coordinates"": [
    -8.302868351890589e+01,
    4.235058091936740e+01
  ],
  ""type"": ""Point""
}","{
  ""coordinates"": [
    -83.028683519,
    42.350580919
  ],
  ""type"": ""Point""
}",-83.028683519,42.350580919
6314,1534831,I75,CLAY,2018-11-02,2,11,2018,16,6,97,1,,1,0,Asphalt,1,2,1,55,4,1,1,5,0,0,0,0,true,false,false,false,false,false,false,false,false,false,false,false,false,false,false,false,false,false,false,false,false,false,-83.06374,42.37958,"{
  ""coordinates"": [
    -8.306374728044020e+01,
    4.237958224773710e+01
  ],
  ""type"": ""Point""
}","{
  ""coordinates"": [
    -83.06374728,
    42.379582248
  ],
  ""type"": ""Point""
}",-83.06374728,42.3795822480001
6315,1532397,CHRYSLER,HOLBROOK,2018-11-02,2,11,2018,16,6,5,1,,4,0,Asphalt,1,2,1,55,3,2,2,5,0,0,0,0,true,false,false,false,false,false,false,false,false,false,false,false,false,false,false,false,false,false,false,false,false,false,-83.06853,42.38617,"{
  ""coordinates"": [
    -8.306853408034300e+01,
    4.238616997932390e+01
  ],
  ""type"": ""Point""
}","{
  ""coordinates"": [
    -83.06853408,
    42.386169979
  ],
  ""type"": ""Point""
}",-83.0685340799999,42.386169979
6316,1529805,E I 94,CONNER,2018-11-02,2,11,2018,13,6,5,1,,1,0,Asphalt,1,2,1,55,3,3,4,3,0,0,1,0,false,false,false,false,false,false,false,false,false,false,false,false,false,true,false,false,false,false,false,false,false,false,-82.98744,42.39668,"{
  ""coordinates"": [
    -8.298743825080589e+01,
    4.239668251449680e+01
  ],
  ""type"": ""Point""
}","{
  ""coordinates"": [
    -82.987438251,
    42.396682514
  ],
  ""type"": ""Point""
}",-82.987438251,42.3966825140001
6317,1521719,M 39,FORD,2018-11-02,2,11,2018,12,6,5,3,,1,0,Asphalt,1,1,1,55,3,3,6,4,0,0,0,2,false,false,false,false,false,false,false,false,false,false,false,false,false,true,false,false,false,false,false,false,false,false,-83.21578,42.32937,"{
  ""coordinates"": [
    -8.321578430518980e+01,
    4.232936701347310e+01
  ],
  ""type"": ""Point""
}","{
  ""coordinates"": [
    -83.215784305,
    42.329367013
  ],
  ""type"": ""Point""
}",-83.2157843049999,42.3293670130001
6318,1520233,E I 94,HARPER,2018-11-02,2,11,2018,4,6,8,1,,1,0,Asphalt,2,4,4,55,3,3,2,5,0,0,0,0,true,false,false,false,true,false,false,false,false,false,false,false,false,false,false,false,false,false,false,false,false,false,-83.03188,42.381,"{
  ""coordinates"": [
    -8.303187513816090e+01,
    4.238099771604040e+01
  ],
  ""type"": ""Point""
}","{
  ""coordinates"": [
    -83.031875138,
    42.380997716
  ],
  ""type"": ""Point""
}",-83.031875138,42.380997716
6319,1528571,HAYES,LONGVIEW,2018-11-02,2,11,2018,5,6,1,9,,4,1,Asphalt,2,4,4,30,2,1,3,5,0,0,0,0,true,false,false,false,false,false,false,false,false,false,false,false,false,false,false,false,false,false,false,false,false,false,-82.96461,42.41094,"{
  ""coordinates"": [
    -8.296460470886370e+01,
    4.241093755359190e+01
  ],
  ""type"": ""Point""
}","{
  ""coordinates"": [
    -82.964604709,
    42.410937554
  ],
  ""type"": ""Point""
}",-82.964604709,42.410937554