ObjectId,Crash ID,Primary Road,Intersecting Road,Crash Date,Day,Month,Year,Hour,Weekday,Crash Type Code,Highway Classification Code,Community Code,Jurisdiction Code,Lane Departure Type Code,Surface Type,Road Condition,Weather Condition,Lighting Condition,Speed Limit,Lanes,Units,Occupants,Most Severe Injury,Fatal Injuries,Suspected Serious Injuries,Suspected Minor Injuries,Possible Injuries,Property Damage Only,Secondary Crash,Traffic Control,Red Light Run,Hit and Run,Alcohol,Drugs,Unbelted Person,Work Zone,Speeding Driver,Distracted Driver,Driveway,Pedestrian,Elderly Driver,Young Driver,Commercial Vehicle,Emergency Vehicles,Train,School Bus,Motorcycle,Bicycle,Deer,Longitude,Latitude,geom,geog,x,y
6538,1518622,HULL,LANTZ,2018-10-31,31,10,2018,6,4,4,9,,,0,,2,4,5,25,2,2,6,5,0,0,0,0,true,false,true,false,false,false,false,false,false,false,false,false,false,false,false,false,true,false,false,false,false,false,-83.08888,42.43742,"{
  ""coordinates"": [
    -8.308888394952520e+01,
    4.243742200201310e+01
  ],
  ""type"": ""Point""
}","{
  ""coordinates"": [
    -83.08888395,
    42.437422002
  ],
  ""type"": ""Point""
}",-83.08888395,42.4374220020001
6539,1649606,I-96,DAVISON,2018-10-31,31,10,2018,7,4,1,1,,1,1,Concrete,2,4,1,70,4,1,1,4,0,0,0,1,false,false,false,false,false,false,false,false,false,true,false,false,false,false,false,false,false,false,false,false,false,false,-83.16663,42.38542,"{
  ""coordinates"": [
    -8.316662878693870e+01,
    4.238541651989350e+01
  ],
  ""type"": ""Point""
}","{
  ""coordinates"": [
    -83.166628787,
    42.38541652
  ],
  ""type"": ""Point""
}",-83.166628787,42.38541652
6540,1521732,ROSA PARKS,DALZELLE,2018-10-31,31,10,2018,11,4,4,9,,4,0,Asphalt,2,2,1,30,4,2,1,5,0,0,0,0,true,false,false,false,true,false,false,false,false,false,false,false,false,false,false,false,false,false,false,false,false,false,-83.07164,42.33075,"{
  ""coordinates"": [
    -8.307163760862559e+01,
    4.233074504387980e+01
  ],
  ""type"": ""Point""
}","{
  ""coordinates"": [
    -83.071637609,
    42.330745044
  ],
  ""type"": ""Point""
}",-83.0716376089999,42.330745044
6541,1520259,JEFFERSON,GRAND,2018-10-31,31,10,2018,8,4,8,3,,4,0,Concrete,2,4,1,35,3,2,2,5,0,0,0,0,true,false,false,false,false,false,false,false,false,false,false,false,false,false,false,false,false,false,false,false,false,false,-83.00164,42.34702,"{
  ""coordinates"": [
    -8.300163735629440e+01,
    4.234702076932800e+01
  ],
  ""type"": ""Point""
}","{
  ""coordinates"": [
    -83.001637356,
    42.347020769
  ],
  ""type"": ""Point""
}",-83.0016373559999,42.347020769
6542,1535629,FORD,NORTHFORD,2018-10-31,31,10,2018,8,4,1,9,,,1,,2,4,1,55,2,1,1,5,0,0,0,0,true,false,false,false,false,false,false,false,false,false,false,false,false,true,false,false,false,false,false,false,false,false,-83.12297,42.34924,"{
  ""coordinates"": [
    -8.312296965853200e+01,
    4.234923915945650e+01
  ],
  ""type"": ""Point""
}","{
  ""coordinates"": [
    -83.122969659,
    42.349239159
  ],
  ""type"": ""Point""
}",-83.122969659,42.349239159
6543,1528504,LARNED,GRISWOLD,2018-10-31,31,10,2018,8,4,7,9,,4,0,Asphalt,2,4,4,25,2,2,1,5,0,0,0,0,true,false,false,false,false,false,false,false,false,false,false,false,false,false,false,false,false,false,false,false,false,false,-83.0461,42.32904,"{
  ""coordinates"": [
    -8.304609671598470e+01,
    4.232904384822300e+01
  ],
  ""type"": ""Point""
}","{
  ""coordinates"": [
    -83.046096716,
    42.329043848
  ],
  ""type"": ""Point""
}",-83.046096716,42.329043848
6544,1520324,8 MILE,GODDARD,2018-10-31,31,10,2018,6,4,8,3,,1,0,Asphalt,2,4,4,45,4,2,1,5,0,0,0,0,true,false,false,false,false,false,false,false,false,false,false,false,false,false,false,false,false,false,false,false,false,false,-83.07805,42.44709,"{
  ""coordinates"": [
    -8.307804556399149e+01,
    4.244709034152210e+01
  ],
  ""type"": ""Point""
}","{
  ""coordinates"": [
    -83.078045564,
    42.447090342
  ],
  ""type"": ""Point""
}",-83.078045564,42.4470903420001
6545,1528550,PLAINVIEW,PAUL,2018-10-31,31,10,2018,5,4,8,9,,,0,,2,4,4,25,1,3,0,5,0,0,0,0,true,false,false,false,true,false,false,false,false,false,false,false,false,false,false,false,false,false,false,false,false,false,-83.23383,42.33541,"{
  ""coordinates"": [
    -8.323383108886860e+01,
    4.233540645044450e+01
  ],
  ""type"": ""Point""
}","{
  ""coordinates"": [
    -83.233831089,
    42.33540645
  ],
  ""type"": ""Point""
}",-83.233831089,42.3354064500001
6546,1524227,CASS,HANCOCK,2018-10-31,31,10,2018,9,4,1,9,,4,0,Asphalt,2,4,1,,2,2,2,5,0,0,0,0,true,false,false,false,true,false,false,false,false,false,false,false,false,false,false,false,false,false,false,false,true,false,-83.06601,42.35485,"{
  ""coordinates"": [
    -8.306601258969010e+01,
    4.235485537498710e+01
  ],
  ""type"": ""Point""
}","{
  ""coordinates"": [
    -83.06601259,
    42.354855375
  ],
  ""type"": ""Point""
}",-83.06601259,42.3548553750001
6547,1518578,BUCKINGHAM,MACK,2018-10-31,31,10,2018,7,4,4,9,,,0,,2,4,2,35,3,2,1,5,0,0,0,0,true,false,false,false,false,false,false,false,false,false,false,false,false,false,false,false,false,false,false,false,false,false,-82.93638,42.38956,"{
  ""coordinates"": [
    -8.293637818880170e+01,
    4.238956087680520e+01
  ],
  ""type"": ""Point""
}","{
  ""coordinates"": [
    -82.936378189,
    42.389560877
  ],
  ""type"": ""Point""
}",-82.936378189,42.3895608770001
6548,1520298,STATE FAIR,DRESDEN,2018-10-31,31,10,2018,8,4,4,9,,4,0,Asphalt,2,4,1,25,2,2,5,4,0,0,0,4,false,false,true,false,false,false,false,false,false,false,false,false,false,false,false,false,false,false,false,false,false,false,-83.00001,42.44182,"{
  ""coordinates"": [
    -8.300000394428780e+01,
    4.244181834766200e+01
  ],
  ""type"": ""Point""
}","{
  ""coordinates"": [
    -83.000003944,
    42.441818348
  ],
  ""type"": ""Point""
}",-83.000003944,42.441818348
6549,1528452,I 94,BARRETT,2018-10-31,31,10,2018,7,4,5,1,,1,0,Asphalt,2,4,4,55,3,2,2,4,0,0,0,1,false,false,false,false,true,false,false,false,false,false,false,false,false,true,false,false,false,false,false,false,false,false,-82.98383,42.39862,"{
  ""coordinates"": [
    -8.298382450137230e+01,
    4.239861674722090e+01
  ],
  ""type"": ""Point""
}","{
  ""coordinates"": [
    -82.983824501,
    42.398616747
  ],
  ""type"": ""Point""
}",-82.983824501,42.3986167470001
6550,1534883,MARK TWAIN,VASSAR,2018-10-31,31,10,2018,12,4,4,9,,,0,,2,2,1,25,1,2,2,5,0,0,0,0,true,false,false,false,false,false,false,false,false,false,false,false,false,false,false,false,false,false,false,false,false,false,-83.18775,42.43432,"{
  ""coordinates"": [
    -8.318775010427480e+01,
    4.243431887035690e+01
  ],
  ""type"": ""Point""
}","{
  ""coordinates"": [
    -83.187750104,
    42.43431887
  ],
  ""type"": ""Point""
}",-83.187750104,42.43431887
6551,1518566,MARTIN,PARKWOOD,2018-10-31,31,10,2018,3,4,5,9,,4,0,Asphalt,2,2,4,30,2,2,0,5,0,0,0,0,true,false,false,false,true,false,false,false,false,false,false,false,false,false,false,false,false,false,false,false,false,false,-83.12653,42.32977,"{
  ""coordinates"": [
    -8.312652595335180e+01,
    4.232976969843000e+01
  ],
  ""type"": ""Point""
}","{
  ""coordinates"": [
    -83.126525953,
    42.329769698
  ],
  ""type"": ""Point""
}",-83.1265259529999,42.3297696980001
6552,1520258,LAFAYETTE,RIVARD,2018-10-31,31,10,2018,10,4,4,9,,4,0,Asphalt,1,1,1,30,4,2,2,4,0,0,0,1,false,false,false,false,false,false,false,false,false,false,false,false,false,true,false,false,false,false,false,false,false,false,-83.03622,42.33635,"{
  ""coordinates"": [
    -8.303622437147260e+01,
    4.233634528437590e+01
  ],
  ""type"": ""Point""
}","{
  ""coordinates"": [
    -83.036224371,
    42.336345284
  ],
  ""type"": ""Point""
}",-83.0362243709999,42.3363452840001
6553,1528572,VANDYKE,HARPER,2018-10-31,31,10,2018,7,4,5,3,,1,0,Asphalt,2,4,1,35,7,2,2,5,0,0,0,0,true,false,false,false,false,false,false,false,false,false,true,false,false,false,false,false,false,false,false,false,false,false,-83.02138,42.38795,"{
  ""coordinates"": [
    -8.302138071656670e+01,
    4.238795110131090e+01
  ],
  ""type"": ""Point""
}","{
  ""coordinates"": [
    -83.021380717,
    42.387951101
  ],
  ""type"": ""Point""
}",-83.0213807169999,42.3879511010001
6554,1518565,LIVERNOIS,BUCHANAN,2018-10-31,31,10,2018,12,4,4,9,,4,0,Asphalt,2,2,1,30,5,2,1,5,0,0,0,0,true,false,true,true,true,false,false,false,false,false,false,false,false,false,false,false,false,false,false,false,false,false,-83.12134,42.33249,"{
  ""coordinates"": [
    -8.312133764848210e+01,
    4.233248456724740e+01
  ],
  ""type"": ""Point""
}","{
  ""coordinates"": [
    -83.121337648,
    42.332484567
  ],
  ""type"": ""Point""
}",-83.121337648,42.3324845670001
6555,1518589,S/B ST MARYS,8 MILE,2018-10-31,31,10,2018,7,4,1,3,,,0,,2,4,1,25,2,1,12,5,0,0,0,0,true,false,false,false,false,false,false,false,false,false,false,false,false,true,false,true,false,false,true,false,false,false,-83.20795,42.44444,"{
  ""coordinates"": [
    -8.320795672105039e+01,
    4.244443385748090e+01
  ],
  ""type"": ""Point""
}","{
  ""coordinates"": [
    -83.207956721,
    42.444433857
  ],
  ""type"": ""Point""
}",-83.207956721,42.444433857
6556,1528444,M-39,GRAND RIVER,2018-10-31,31,10,2018,16,4,5,3,,1,0,Asphalt,1,1,1,55,3,2,3,4,0,0,0,1,false,false,false,false,false,false,false,false,false,false,true,false,false,false,false,false,false,false,false,false,false,false,-83.21838,42.40102,"{
  ""coordinates"": [
    -8.321838539782580e+01,
    4.240101562161410e+01
  ],
  ""type"": ""Point""
}","{
  ""coordinates"": [
    -83.218385398,
    42.401015622
  ],
  ""type"": ""Point""
}",-83.218385398,42.401015622
6557,1522991,TRUMBULL,S I 75,2018-10-31,31,10,2018,11,4,5,9,,4,0,Concrete,2,4,1,25,2,2,1,5,0,0,0,0,true,false,false,false,false,false,false,false,false,false,false,false,false,false,true,false,false,false,false,false,false,false,-83.06865,42.33445,"{
  ""coordinates"": [
    -8.306864607506149e+01,
    4.233444553431760e+01
  ],
  ""type"": ""Point""
}","{
  ""coordinates"": [
    -83.068646075,
    42.334445534
  ],
  ""type"": ""Point""
}",-83.0686460749999,42.3344455340001
6558,1524153,I 75,GRATIOT,2018-10-31,31,10,2018,11,4,1,1,,1,1,Asphalt,2,2,1,55,2,1,1,4,0,0,0,1,false,false,false,false,false,false,false,false,false,true,false,false,false,false,false,true,false,false,false,false,false,false,-83.04242,42.34039,"{
  ""coordinates"": [
    -8.304241655029939e+01,
    4.234039039207710e+01
  ],
  ""type"": ""Point""
}","{
  ""coordinates"": [
    -83.04241655,
    42.340390392
  ],
  ""type"": ""Point""
}",-83.04241655,42.3403903920001
6559,1522974,GRANDRIVER,WESTBROOK,2018-10-31,31,10,2018,12,4,8,3,,1,0,Asphalt,2,2,1,35,2,2,2,5,0,0,0,0,true,false,false,false,true,false,false,false,false,false,false,false,false,false,false,false,false,false,false,false,false,false,-83.25195,42.41422,"{
  ""coordinates"": [
    -8.325194702275191e+01,
    4.241422167349540e+01
  ],
  ""type"": ""Point""
}","{
  ""coordinates"": [
    -83.251947023,
    42.414221673
  ],
  ""type"": ""Point""
}",-83.251947023,42.414221673
6560,1518539,BEAUBIEN,MONROE,2018-10-31,31,10,2018,8,4,4,9,,4,0,Asphalt,2,4,1,15,2,2,2,5,0,0,0,0,true,false,false,false,false,false,false,false,false,false,false,false,false,false,true,false,false,false,false,false,false,false,-83.04257,42.33491,"{
  ""coordinates"": [
    -8.304257279062820e+01,
    4.233490614635320e+01
  ],
  ""type"": ""Point""
}","{
  ""coordinates"": [
    -83.042572791,
    42.334906146
  ],
  ""type"": ""Point""
}",-83.0425727909999,42.334906146
6561,1560499,I-75,7 MILE,2018-10-31,31,10,2018,5,4,5,1,,1,0,Asphalt,2,4,4,70,4,2,2,5,0,0,0,0,true,true,false,false,false,false,false,false,false,false,false,false,false,false,false,false,false,false,false,false,false,false,-83.09462,42.43221,"{
  ""coordinates"": [
    -8.309462279310820e+01,
    4.243220822478730e+01
  ],
  ""type"": ""Point""
}","{
  ""coordinates"": [
    -83.094622793,
    42.432208225
  ],
  ""type"": ""Point""
}",-83.094622793,42.4322082250001
6562,1560455,I-75,7 MILE,2018-10-31,31,10,2018,5,4,97,1,,1,0,Asphalt,2,4,4,70,4,3,2,4,0,0,0,1,false,false,false,false,false,false,false,false,false,true,false,false,false,false,false,false,false,false,false,false,false,false,-83.09462,42.43221,"{
  ""coordinates"": [
    -8.309462279310820e+01,
    4.243220822478730e+01
  ],
  ""type"": ""Point""
}","{
  ""coordinates"": [
    -83.094622793,
    42.432208225
  ],
  ""type"": ""Point""
}",-83.094622793,42.4322082250001
6563,1528451,I 94,CADIEUX,2018-10-31,31,10,2018,6,4,1,1,,1,1,Asphalt,2,4,4,55,3,1,1,5,0,0,0,0,true,false,false,false,false,false,false,false,false,true,false,false,false,false,false,false,false,false,false,false,false,false,-82.93657,42.41752,"{
  ""coordinates"": [
    -8.293657266723410e+01,
    4.241752053519740e+01
  ],
  ""type"": ""Point""
}","{
  ""coordinates"": [
    -82.936572667,
    42.417520535
  ],
  ""type"": ""Point""
}",-82.936572667,42.4175205350001
6564,1516059,W I 96,FULLERTON,2018-10-31,31,10,2018,6,4,1,1,,1,1,Concrete,2,4,4,55,4,1,1,5,0,0,0,0,true,false,false,false,false,false,false,false,false,true,false,false,false,false,false,false,false,false,false,false,false,false,-83.1887,42.38046,"{
  ""coordinates"": [
    -8.318869998147611e+01,
    4.238045501651980e+01
  ],
  ""type"": ""Point""
}","{
  ""coordinates"": [
    -83.188699981,
    42.380455017
  ],
  ""type"": ""Point""
}",-83.188699981,42.380455017
6565,1516618,GREENFIELD,PLYMOUTH,2018-10-31,31,10,2018,8,4,5,9,,2,0,Asphalt,2,4,4,35,4,2,5,5,0,0,0,0,true,false,false,false,false,false,false,false,false,false,false,false,false,true,false,false,false,false,false,false,false,false,-83.19755,42.37234,"{
  ""coordinates"": [
    -8.319755047693729e+01,
    4.237233583376240e+01
  ],
  ""type"": ""Point""
}","{
  ""coordinates"": [
    -83.197550477,
    42.372335834
  ],
  ""type"": ""Point""
}",-83.1975504769999,42.3723358340001
6566,1520252,VANDYKE,I94,2018-10-31,31,10,2018,17,4,1,3,,1,1,Asphalt,1,1,1,35,3,1,1,5,0,0,0,0,true,false,false,false,false,false,false,false,false,false,true,false,false,true,false,true,false,false,false,false,false,false,-83.02016,42.38625,"{
  ""coordinates"": [
    -8.302015681744810e+01,
    4.238625067344000e+01
  ],
  ""type"": ""Point""
}","{
  ""coordinates"": [
    -83.020156817,
    42.386250673
  ],
  ""type"": ""Point""
}",-83.020156817,42.3862506730001
6567,1520210,WOODWARD,WILLIS,2018-10-31,31,10,2018,8,4,8,3,,1,0,Asphalt,2,4,1,35,3,2,4,5,0,0,0,0,true,false,false,false,false,false,false,false,false,false,false,true,false,true,false,false,false,false,false,false,false,false,-83.06092,42.35192,"{
  ""coordinates"": [
    -8.306091732955331e+01,
    4.235191824680550e+01
  ],
  ""type"": ""Point""
}","{
  ""coordinates"": [
    -83.06091733,
    42.351918247
  ],
  ""type"": ""Point""
}",-83.0609173299999,42.3519182470001
6568,1525244,CHICAGO,FITZPATRICK,2018-10-31,31,10,2018,11,4,8,9,,4,0,Asphalt,2,4,1,35,2,2,1,5,0,0,0,0,true,false,false,false,true,false,false,false,false,false,false,false,false,false,false,false,false,false,false,false,false,false,-83.21873,42.36502,"{
  ""coordinates"": [
    -8.321872354688740e+01,
    4.236501736709560e+01
  ],
  ""type"": ""Point""
}","{
  ""coordinates"": [
    -83.218723547,
    42.365017367
  ],
  ""type"": ""Point""
}",-83.218723547,42.3650173670001
6569,1520326,JAMES COUZENS,APPOLINE,2018-10-31,31,10,2018,9,4,5,9,,4,0,Asphalt,2,4,1,30,2,2,1,5,0,0,0,0,true,false,false,false,false,false,false,false,false,false,false,false,false,false,false,false,false,false,false,false,false,false,-83.17089,42.41494,"{
  ""coordinates"": [
    -8.317088864823360e+01,
    4.241494360934350e+01
  ],
  ""type"": ""Point""
}","{
  ""coordinates"": [
    -83.170888648,
    42.414943609
  ],
  ""type"": ""Point""
}",-83.170888648,42.414943609
6570,1518617,2132 LAWLEY,GOODARD,2018-10-31,31,10,2018,16,4,98,9,,,0,,1,1,1,25,1,1,0,5,0,0,0,0,true,false,false,false,true,false,false,false,false,false,false,false,false,false,false,false,false,false,false,false,false,false,-83.07185,42.40926,"{
  ""coordinates"": [
    -8.307185405373760e+01,
    4.240926497742970e+01
  ],
  ""type"": ""Point""
}","{
  ""coordinates"": [
    -83.071854054,
    42.409264977
  ],
  ""type"": ""Point""
}",-83.071854054,42.4092649770001
6571,1524223,ANTHONY WAYNE,KIRBY,2018-10-31,31,10,2018,19,4,8,9,,4,0,Asphalt,1,2,98,25,4,2,0,5,0,0,0,0,true,false,false,false,true,false,false,false,false,false,false,false,false,false,false,false,false,false,false,false,false,false,-83.07301,42.35788,"{
  ""coordinates"": [
    -8.307300270647031e+01,
    4.235788274404710e+01
  ],
  ""type"": ""Point""
}","{
  ""coordinates"": [
    -83.073002706,
    42.357882744
  ],
  ""type"": ""Point""
}",-83.073002706,42.3578827440001
6572,1518597,SAINT MARYS,KEELER,2018-10-31,31,10,2018,15,4,4,9,,,0,,1,2,1,25,2,2,3,4,0,0,0,1,false,false,false,false,false,false,false,false,false,false,false,false,false,false,true,false,false,false,false,false,false,false,-83.20634,42.4031,"{
  ""coordinates"": [
    -8.320633408606039e+01,
    4.240310153144460e+01
  ],
  ""type"": ""Point""
}","{
  ""coordinates"": [
    -83.206334086,
    42.403101531
  ],
  ""type"": ""Point""
}",-83.206334086,42.4031015310001
6573,1518606,GRATIOT,CARLISLE,2018-10-31,31,10,2018,16,4,5,3,,1,0,Asphalt,1,1,1,35,6,2,1,5,0,0,0,0,true,false,false,false,true,false,false,false,false,false,false,false,false,false,false,false,false,false,false,false,false,false,-82.96848,42.44903,"{
  ""coordinates"": [
    -8.296848444409790e+01,
    4.244902866438970e+01
  ],
  ""type"": ""Point""
}","{
  ""coordinates"": [
    -82.968484444,
    42.449028664
  ],
  ""type"": ""Point""
}",-82.968484444,42.449028664
6574,1518588,MCNICHOLS,OUTER,2018-10-31,31,10,2018,10,4,4,9,,2,0,Asphalt,2,4,1,35,4,2,5,4,0,0,0,1,false,false,false,false,false,false,false,false,false,false,false,false,false,true,true,false,false,false,false,false,false,false,-83.23163,42.41529,"{
  ""coordinates"": [
    -8.323162469880781e+01,
    4.241529593297540e+01
  ],
  ""type"": ""Point""
}","{
  ""coordinates"": [
    -83.231624699,
    42.415295933
  ],
  ""type"": ""Point""
}",-83.231624699,42.415295933
6575,1518623,CONANT,DAVISON,2018-10-31,31,10,2018,21,4,5,3,,4,0,Asphalt,1,1,4,35,2,2,4,5,0,0,0,0,true,false,false,false,false,false,false,false,false,false,false,false,false,false,false,false,false,false,false,false,false,false,-83.06151,42.41555,"{
  ""coordinates"": [
    -8.306150861565040e+01,
    4.241555323828910e+01
  ],
  ""type"": ""Point""
}","{
  ""coordinates"": [
    -83.061508616,
    42.415553238
  ],
  ""type"": ""Point""
}",-83.061508616,42.415553238
6576,1525214,M-10,ELMHURST,2018-10-31,31,10,2018,15,4,1,9,,,0,,1,2,1,55,3,1,1,5,0,0,0,0,true,false,false,false,false,false,false,false,false,false,false,false,false,false,false,false,false,false,false,false,false,false,-83.10382,42.38952,"{
  ""coordinates"": [
    -8.310382034655180e+01,
    4.238952085641310e+01
  ],
  ""type"": ""Point""
}","{
  ""coordinates"": [
    -83.103820347,
    42.389520856
  ],
  ""type"": ""Point""
}",-83.103820347,42.389520856
6577,1518515,M-10,WYOMING,2018-10-31,31,10,2018,9,4,8,3,,1,0,Concrete,2,4,1,55,3,2,2,4,0,0,0,2,false,false,false,false,true,false,false,false,false,false,false,false,false,false,false,false,false,false,false,false,false,false,-83.16014,42.40528,"{
  ""coordinates"": [
    -8.316014409586460e+01,
    4.240528218752540e+01
  ],
  ""type"": ""Point""
}","{
  ""coordinates"": [
    -83.160144096,
    42.405282188
  ],
  ""type"": ""Point""
}",-83.160144096,42.4052821880001
6578,1518595,EVERGREEN,SCHOOLCRAFT,2018-10-31,31,10,2018,8,4,4,9,,4,0,Asphalt,2,4,2,35,5,2,2,5,0,0,0,0,true,false,false,false,false,false,false,false,false,false,false,false,false,false,false,false,false,false,false,false,false,false,-83.23684,42.38605,"{
  ""coordinates"": [
    -8.323684164825080e+01,
    4.238605326816950e+01
  ],
  ""type"": ""Point""
}","{
  ""coordinates"": [
    -83.236841648,
    42.386053268
  ],
  ""type"": ""Point""
}",-83.2368416479999,42.3860532680001
6579,1518562,DRAGOON,I 75 SERVICE,2018-10-31,31,10,2018,3,4,4,9,,4,0,Asphalt,2,4,4,25,5,2,3,5,0,0,0,0,true,false,true,true,true,false,false,false,false,false,false,false,false,false,false,false,false,false,false,false,false,false,-83.10343,42.30878,"{
  ""coordinates"": [
    -8.310343539192260e+01,
    4.230878056463940e+01
  ],
  ""type"": ""Point""
}","{
  ""coordinates"": [
    -83.103435392,
    42.308780565
  ],
  ""type"": ""Point""
}",-83.1034353919999,42.3087805650001
6580,1522938,N I 75,ROSA PARKS,2018-10-31,31,10,2018,6,4,97,1,,1,0,Concrete,2,4,5,55,3,3,3,2,0,1,0,1,false,false,false,false,false,true,false,false,false,false,false,false,false,false,false,false,false,false,false,false,false,false,-83.074,42.33298,"{
  ""coordinates"": [
    -8.307399709321200e+01,
    4.233298566483060e+01
  ],
  ""type"": ""Point""
}","{
  ""coordinates"": [
    -83.073997093,
    42.332985665
  ],
  ""type"": ""Point""
}",-83.0739970929999,42.3329856650001
6581,1518553,RANDOLPH,GRATIOT,2018-10-31,31,10,2018,10,4,1,3,,1,0,Asphalt,2,2,1,25,4,1,1,5,0,0,0,0,true,false,false,false,false,false,false,false,false,false,false,false,false,false,false,false,false,false,false,false,false,false,-83.04523,42.33509,"{
  ""coordinates"": [
    -8.304523290966689e+01,
    4.233509284214150e+01
  ],
  ""type"": ""Point""
}","{
  ""coordinates"": [
    -83.04523291,
    42.335092842
  ],
  ""type"": ""Point""
}",-83.04523291,42.3350928420001
6582,1518594,3RD,PLUM,2018-10-31,31,10,2018,8,4,8,9,,4,0,Asphalt,98,98,98,,4,2,2,5,0,0,0,0,true,false,false,false,false,false,false,false,false,false,false,false,false,false,false,false,false,false,false,false,false,false,-83.05937,42.33525,"{
  ""coordinates"": [
    -8.305937228034560e+01,
    4.233524688834500e+01
  ],
  ""type"": ""Point""
}","{
  ""coordinates"": [
    -83.05937228,
    42.335246888
  ],
  ""type"": ""Point""
}",-83.0593722799999,42.335246888
6583,1522956,LONYO,MCGRAW,2018-10-31,31,10,2018,12,4,97,9,,4,0,Asphalt,2,2,1,25,2,2,1,5,0,0,0,0,true,false,false,false,true,false,false,false,false,false,false,false,false,false,false,false,false,false,false,false,false,false,-83.14645,42.33324,"{
  ""coordinates"": [
    -8.314644828277450e+01,
    4.233324320278850e+01
  ],
  ""type"": ""Point""
}","{
  ""coordinates"": [
    -83.146448283,
    42.333243203
  ],
  ""type"": ""Point""
}",-83.146448283,42.3332432030001
6584,1521736,CANIFIELD,ST ANTIONE,2018-10-31,31,10,2018,7,4,98,9,,4,0,Asphalt,2,4,1,30,2,2,0,5,0,0,0,0,true,false,false,false,true,false,false,false,false,false,false,false,false,false,false,false,false,false,false,false,false,false,-83.0526,42.35622,"{
  ""coordinates"": [
    -8.305260295232270e+01,
    4.235621456470930e+01
  ],
  ""type"": ""Point""
}","{
  ""coordinates"": [
    -83.052602952,
    42.356214565
  ],
  ""type"": ""Point""
}",-83.052602952,42.3562145650001
6585,1518567,FORT,GLEASON,2018-10-31,31,10,2018,19,4,5,3,,1,0,Asphalt,1,1,4,35,3,2,2,5,0,0,0,0,true,false,false,false,false,false,false,false,false,false,false,false,false,false,false,false,false,false,false,false,false,false,-83.16467,42.26475,"{
  ""coordinates"": [
    -8.316467594233229e+01,
    4.226474885573450e+01
  ],
  ""type"": ""Point""
}","{
  ""coordinates"": [
    -83.164675942,
    42.264748856
  ],
  ""type"": ""Point""
}",-83.164675942,42.264748856
6586,1521718,RAMP 008P,RAMP 008R,2018-10-31,31,10,2018,17,4,5,1,,1,0,Concrete,1,1,1,55,2,2,2,5,0,0,0,0,true,false,false,false,false,false,false,false,false,false,false,false,false,false,false,false,false,false,false,false,false,false,-83.21573,42.37922,"{
  ""coordinates"": [
    -8.321572689629330e+01,
    4.237921807852980e+01
  ],
  ""type"": ""Point""
}","{
  ""coordinates"": [
    -83.215726896,
    42.379218079
  ],
  ""type"": ""Point""
}",-83.215726896,42.3792180790001
6587,1520332,OUTER,COYLE,2018-10-31,31,10,2018,7,4,97,9,,2,0,Asphalt,2,4,5,30,2,2,1,4,0,0,0,1,false,true,false,false,false,false,false,false,false,false,false,false,true,false,false,false,false,false,false,false,false,false,-83.19442,42.41968,"{
  ""coordinates"": [
    -8.319441857937090e+01,
    4.241968283388680e+01
  ],
  ""type"": ""Point""
}","{
  ""coordinates"": [
    -83.194418579,
    42.419682834
  ],
  ""type"": ""Point""
}",-83.1944185789999,42.4196828340001
6588,1525199,S/B M-39,6 MILE,2018-10-31,31,10,2018,16,4,5,3,,1,0,Concrete,1,1,1,55,3,2,2,5,0,0,0,0,true,false,false,false,false,false,false,false,false,false,false,false,false,false,false,false,false,false,false,false,false,false,-83.21915,42.42278,"{
  ""coordinates"": [
    -8.321914364078521e+01,
    4.242278074193550e+01
  ],
  ""type"": ""Point""
}","{
  ""coordinates"": [
    -83.219143641,
    42.422780742
  ],
  ""type"": ""Point""
}",-83.219143641,42.422780742
6589,1518619,MEADE,KLINGER,2018-10-31,31,10,2018,19,4,4,9,,,0,,1,2,4,25,1,2,0,5,0,0,0,0,true,false,false,false,true,false,false,false,false,false,false,false,false,false,false,false,false,false,false,false,false,false,-83.06132,42.41151,"{
  ""coordinates"": [
    -8.306131439302250e+01,
    4.241150757199720e+01
  ],
  ""type"": ""Point""
}","{
  ""coordinates"": [
    -83.061314393,
    42.411507572
  ],
  ""type"": ""Point""
}",-83.061314393,42.4115075720001
6590,1518575,LINNHURST,FAIRPORT,2018-10-31,31,10,2018,0,4,97,9,,,0,,1,1,4,,2,2,0,5,0,0,0,0,true,false,true,false,true,false,false,false,false,false,false,false,true,false,false,false,false,false,false,false,false,false,-82.9911,42.43116,"{
  ""coordinates"": [
    -8.299109800780090e+01,
    4.243115636095810e+01
  ],
  ""type"": ""Point""
}","{
  ""coordinates"": [
    -82.991098008,
    42.431156361
  ],
  ""type"": ""Point""
}",-82.9910980079999,42.431156361
6591,1522943,I-94,GRAND RIVER,2018-10-31,31,10,2018,16,4,5,1,,1,0,Asphalt,1,1,1,55,3,2,2,5,0,0,0,0,true,false,false,false,false,false,false,false,false,false,false,false,false,false,false,false,false,false,false,false,false,false,-83.08675,42.35414,"{
  ""coordinates"": [
    -8.308674407736819e+01,
    4.235413905753840e+01
  ],
  ""type"": ""Point""
}","{
  ""coordinates"": [
    -83.086744077,
    42.354139058
  ],
  ""type"": ""Point""
}",-83.0867440769999,42.354139058