ObjectId,Crash ID,Primary Road,Intersecting Road,Crash Date,Day,Month,Year,Hour,Weekday,Crash Type Code,Highway Classification Code,Community Code,Jurisdiction Code,Lane Departure Type Code,Surface Type,Road Condition,Weather Condition,Lighting Condition,Speed Limit,Lanes,Units,Occupants,Most Severe Injury,Fatal Injuries,Suspected Serious Injuries,Suspected Minor Injuries,Possible Injuries,Property Damage Only,Secondary Crash,Traffic Control,Red Light Run,Hit and Run,Alcohol,Drugs,Unbelted Person,Work Zone,Speeding Driver,Distracted Driver,Driveway,Pedestrian,Elderly Driver,Young Driver,Commercial Vehicle,Emergency Vehicles,Train,School Bus,Motorcycle,Bicycle,Deer,Longitude,Latitude,geom,geog,x,y
6755,1514539,DAVISON,LIVERNOIS,2018-10-28,28,10,2018,13,1,5,3,,1,0,Concrete,2,4,1,35,2,2,2,5,0,0,0,0,true,true,false,false,false,false,false,false,false,false,false,false,false,false,false,false,false,false,false,false,false,false,-83.13954,42.38649,"{
  ""coordinates"": [
    -8.313954049655190e+01,
    4.238649276703980e+01
  ],
  ""type"": ""Point""
}","{
  ""coordinates"": [
    -83.139540497,
    42.386492767
  ],
  ""type"": ""Point""
}",-83.139540497,42.386492767
6756,1514463,W I 96,E M 8,2018-10-28,28,10,2018,18,1,8,1,,1,0,Asphalt,2,4,1,70,3,2,2,5,0,0,0,0,true,false,false,false,false,false,false,false,false,true,false,false,false,false,true,false,false,false,false,false,false,false,-83.15096,42.38433,"{
  ""coordinates"": [
    -8.315095745552679e+01,
    4.238433542730750e+01
  ],
  ""type"": ""Point""
}","{
  ""coordinates"": [
    -83.150957456,
    42.384335427
  ],
  ""type"": ""Point""
}",-83.150957456,42.3843354270001
6757,1534899,WILLIS,TRUMBULL,2018-10-28,28,10,2018,21,1,97,9,,,0,,2,4,4,30,2,2,1,1,1,0,0,0,false,false,false,false,false,false,false,false,false,false,false,false,true,false,false,false,false,false,false,false,false,false,-83.07556,42.34658,"{
  ""coordinates"": [
    -8.307556178875370e+01,
    4.234658203806720e+01
  ],
  ""type"": ""Point""
}","{
  ""coordinates"": [
    -83.075561789,
    42.346582038
  ],
  ""type"": ""Point""
}",-83.0755617889999,42.3465820380001
6758,1528449,RAMP 122L,N M 10,2018-10-28,28,10,2018,16,1,1,1,,1,1,Concrete,2,4,1,55,1,1,1,4,0,0,0,1,false,false,false,false,false,false,false,false,false,true,false,false,false,false,false,false,false,false,false,false,false,false,-83.06557,42.33804,"{
  ""coordinates"": [
    -8.306556641024190e+01,
    4.233803661354520e+01
  ],
  ""type"": ""Point""
}","{
  ""coordinates"": [
    -83.06556641,
    42.338036614
  ],
  ""type"": ""Point""
}",-83.06556641,42.338036614
6759,1514515,HUNTINGTON,HESSEL,2018-10-28,28,10,2018,2,1,10,9,,,0,,2,4,4,25,2,2,3,5,0,0,0,0,true,false,false,false,false,false,false,false,false,false,false,false,false,false,false,false,true,false,false,false,false,false,-83.23447,42.44225,"{
  ""coordinates"": [
    -8.323447601342160e+01,
    4.244224422530220e+01
  ],
  ""type"": ""Point""
}","{
  ""coordinates"": [
    -83.234476013,
    42.442244225
  ],
  ""type"": ""Point""
}",-83.2344760129999,42.442244225
6760,1515533,N M 10,E I 94,2018-10-28,28,10,2018,17,1,8,3,,1,0,Concrete,1,1,1,70,3,2,2,5,0,0,0,0,true,false,false,false,false,false,false,false,false,false,false,false,false,false,false,false,false,false,false,false,false,false,-83.07594,42.35889,"{
  ""coordinates"": [
    -8.307593217161910e+01,
    4.235889188503510e+01
  ],
  ""type"": ""Point""
}","{
  ""coordinates"": [
    -83.075932172,
    42.358891885
  ],
  ""type"": ""Point""
}",-83.075932172,42.358891885
6761,1515578,CURTIS,MEYERS,2018-10-28,28,10,2018,11,1,4,9,,4,0,Asphalt,1,2,1,30,2,2,4,3,0,0,1,3,false,false,false,false,false,false,false,false,false,false,false,false,false,false,false,false,false,false,false,false,false,false,-83.17044,42.42399,"{
  ""coordinates"": [
    -8.317043840627410e+01,
    4.242399333297220e+01
  ],
  ""type"": ""Point""
}","{
  ""coordinates"": [
    -83.170438406,
    42.423993333
  ],
  ""type"": ""Point""
}",-83.170438406,42.4239933330001
6762,1649603,I-94,GRATIOT,2018-10-28,28,10,2018,6,1,5,1,,1,0,Asphalt,1,1,4,55,3,2,1,5,0,0,0,0,true,false,false,false,false,false,false,false,false,false,false,false,false,false,false,false,false,false,false,false,false,false,-83.015,42.3883,"{
  ""coordinates"": [
    -8.301500287622780e+01,
    4.238829614605500e+01
  ],
  ""type"": ""Point""
}","{
  ""coordinates"": [
    -83.015002876,
    42.388296146
  ],
  ""type"": ""Point""
}",-83.015002876,42.3882961460001
6763,1521769,PURITAN,SORRENTO,2018-10-28,28,10,2018,0,1,97,9,,4,0,Asphalt,2,1,4,30,2,6,2,5,0,0,0,0,true,false,false,false,true,false,false,false,false,false,false,false,false,false,false,false,false,false,false,false,false,false,-83.1729,42.40947,"{
  ""coordinates"": [
    -8.317290227401000e+01,
    4.240947398560700e+01
  ],
  ""type"": ""Point""
}","{
  ""coordinates"": [
    -83.172902274,
    42.409473986
  ],
  ""type"": ""Point""
}",-83.172902274,42.4094739860001
6764,1518512,N I 75,E M 8,2018-10-28,28,10,2018,0,1,5,1,,1,0,Concrete,2,4,4,70,4,2,3,5,0,0,0,0,true,false,false,false,false,false,false,false,false,false,false,false,false,false,false,false,false,false,false,false,false,false,-83.07935,42.40878,"{
  ""coordinates"": [
    -8.307934986041090e+01,
    4.240878472279050e+01
  ],
  ""type"": ""Point""
}","{
  ""coordinates"": [
    -83.07934986,
    42.408784723
  ],
  ""type"": ""Point""
}",-83.07934986,42.4087847230001
6765,1528446,RAMP 139G,W I 96 CD,2018-10-28,28,10,2018,12,1,1,1,,1,1,Asphalt,1,4,1,55,3,1,1,5,0,0,0,0,true,false,false,false,false,false,false,false,false,true,false,false,false,false,false,false,false,false,false,false,false,false,-83.15631,42.38559,"{
  ""coordinates"": [
    -8.315630864323521e+01,
    4.238558904330070e+01
  ],
  ""type"": ""Point""
}","{
  ""coordinates"": [
    -83.156308643,
    42.385589043
  ],
  ""type"": ""Point""
}",-83.156308643,42.385589043
6766,1521702,W I 96,RAMP 139C,2018-10-28,28,10,2018,14,1,1,1,,1,1,Asphalt,2,4,1,55,3,1,1,3,0,0,1,1,false,false,false,false,false,false,false,false,false,true,false,false,false,false,false,false,false,false,false,false,false,false,-83.14629,42.38025,"{
  ""coordinates"": [
    -8.314628787980260e+01,
    4.238024982744290e+01
  ],
  ""type"": ""Point""
}","{
  ""coordinates"": [
    -83.14628788,
    42.380249827
  ],
  ""type"": ""Point""
}",-83.14628788,42.3802498270001
6767,1525196,E I 94,CASS,2018-10-28,28,10,2018,13,1,5,1,,1,0,Asphalt,2,4,1,45,1,2,1,5,0,0,0,0,true,false,false,false,true,false,false,false,true,false,false,false,false,false,true,false,false,false,false,false,false,false,-83.07124,42.36224,"{
  ""coordinates"": [
    -8.307124533874450e+01,
    4.236224138872860e+01
  ],
  ""type"": ""Point""
}","{
  ""coordinates"": [
    -83.071245339,
    42.362241389
  ],
  ""type"": ""Point""
}",-83.071245339,42.3622413890001
6768,1524149,I 94,BRUSH,2018-10-28,28,10,2018,14,1,5,1,,1,0,Asphalt,2,2,1,55,3,2,3,5,0,0,0,0,true,false,false,false,false,false,false,false,false,false,false,false,false,true,false,false,false,false,false,false,false,false,-83.06422,42.3659,"{
  ""coordinates"": [
    -8.306421877052590e+01,
    4.236590218093600e+01
  ],
  ""type"": ""Point""
}","{
  ""coordinates"": [
    -83.064218771,
    42.365902181
  ],
  ""type"": ""Point""
}",-83.064218771,42.3659021810001
6769,1524126,S I 375,S I 75,2018-10-28,28,10,2018,11,1,8,1,,1,0,Concrete,1,1,1,70,6,2,3,5,0,0,0,0,true,false,false,false,false,false,false,false,false,false,false,false,false,true,false,false,false,false,false,false,false,false,-83.04466,42.34585,"{
  ""coordinates"": [
    -8.304466468188519e+01,
    4.234585174980930e+01
  ],
  ""type"": ""Point""
}","{
  ""coordinates"": [
    -83.044664682,
    42.34585175
  ],
  ""type"": ""Point""
}",-83.044664682,42.3458517500001
6770,1514462,W I 96,E M 8,2018-10-28,28,10,2018,17,1,8,1,,1,0,Asphalt,2,4,1,70,3,2,1,5,0,0,0,0,true,false,false,false,true,false,false,false,false,true,false,false,false,false,false,false,false,false,false,false,false,false,-83.15079,42.38427,"{
  ""coordinates"": [
    -8.315078596932440e+01,
    4.238426591263590e+01
  ],
  ""type"": ""Point""
}","{
  ""coordinates"": [
    -83.150785969,
    42.384265913
  ],
  ""type"": ""Point""
}",-83.150785969,42.384265913
6771,1520253,RIVARD,LARNED,2018-10-28,28,10,2018,13,1,4,9,,4,0,Asphalt,2,2,1,30,2,2,2,5,0,0,0,0,true,false,false,false,false,false,false,false,false,false,false,true,false,false,false,false,false,false,false,false,false,false,-83.03487,42.33434,"{
  ""coordinates"": [
    -8.303486811409380e+01,
    4.233433412431760e+01
  ],
  ""type"": ""Point""
}","{
  ""coordinates"": [
    -83.034868114,
    42.334334124
  ],
  ""type"": ""Point""
}",-83.0348681139999,42.3343341240001
6772,1534890,7 MILE,SPENCER,2018-10-28,28,10,2018,2,1,1,9,,4,1,Asphalt,2,1,4,30,2,1,3,2,0,1,1,0,false,false,false,false,false,true,false,true,false,false,false,false,false,false,false,false,false,false,false,false,false,false,-83.02644,42.43392,"{
  ""coordinates"": [
    -8.302644112201109e+01,
    4.243392360973570e+01
  ],
  ""type"": ""Point""
}","{
  ""coordinates"": [
    -83.026441122,
    42.43392361
  ],
  ""type"": ""Point""
}",-83.0264411219999,42.4339236100001
6773,1518516,S I 75,MILWAUKEE,2018-10-28,28,10,2018,22,1,1,1,,1,1,Asphalt,2,1,4,35,1,1,1,5,0,0,0,0,true,false,false,false,false,false,false,false,false,true,false,false,false,false,false,false,false,false,false,false,false,false,-83.05975,42.37308,"{
  ""coordinates"": [
    -8.305974455429570e+01,
    4.237307630869290e+01
  ],
  ""type"": ""Point""
}","{
  ""coordinates"": [
    -83.059744554,
    42.373076309
  ],
  ""type"": ""Point""
}",-83.059744554,42.3730763090001
6774,1649605,I-96,WYOMING,2018-10-28,28,10,2018,15,1,1,1,,1,1,Concrete,2,4,1,70,4,1,1,5,0,0,0,0,true,false,false,false,false,false,false,false,false,true,false,false,false,false,false,false,false,false,false,false,false,false,-83.15936,42.38543,"{
  ""coordinates"": [
    -8.315935777584311e+01,
    4.238542408524590e+01
  ],
  ""type"": ""Point""
}","{
  ""coordinates"": [
    -83.159357776,
    42.385424085
  ],
  ""type"": ""Point""
}",-83.159357776,42.3854240850001
6775,1528448,RAMP 122M,BAGLEY,2018-10-28,28,10,2018,13,1,1,3,,1,1,Asphalt,2,4,1,55,2,1,1,5,0,0,0,0,true,false,false,false,false,false,false,false,false,true,false,false,false,false,false,false,false,false,false,false,false,false,-83.05906,42.33191,"{
  ""coordinates"": [
    -8.305905621783610e+01,
    4.233190746028650e+01
  ],
  ""type"": ""Point""
}","{
  ""coordinates"": [
    -83.059056218,
    42.33190746
  ],
  ""type"": ""Point""
}",-83.059056218,42.33190746
6776,1514475,HUBBELL,CHICAGO,2018-10-28,28,10,2018,15,1,4,9,,4,0,Asphalt,2,4,1,30,4,2,3,3,0,0,1,0,false,false,true,true,false,false,false,false,false,false,false,false,false,false,false,false,false,false,false,false,false,false,-83.1875,42.36555,"{
  ""coordinates"": [
    -8.318750046328010e+01,
    4.236555056870850e+01
  ],
  ""type"": ""Point""
}","{
  ""coordinates"": [
    -83.187500463,
    42.365550569
  ],
  ""type"": ""Point""
}",-83.1875004629999,42.365550569
6777,1520263,MCCLELLAN,KERCHEVAL,2018-10-28,28,10,2018,3,1,5,9,,4,0,Asphalt,2,4,4,30,3,2,2,5,0,0,0,0,true,false,false,false,false,false,false,false,false,false,false,false,false,false,false,false,false,false,false,false,false,false,-82.98758,42.36297,"{
  ""coordinates"": [
    -8.298758051423800e+01,
    4.236297165305190e+01
  ],
  ""type"": ""Point""
}","{
  ""coordinates"": [
    -82.987580514,
    42.362971653
  ],
  ""type"": ""Point""
}",-82.9875805139999,42.362971653
6778,1516614,EB I-94,MOROSS,2018-10-28,28,10,2018,17,1,1,1,,1,1,Asphalt,2,4,1,55,3,1,3,5,0,0,0,0,true,false,false,false,false,false,false,false,false,true,false,false,false,false,false,false,false,false,false,false,false,false,-82.93121,42.42126,"{
  ""coordinates"": [
    -8.293120779369890e+01,
    4.242125999230590e+01
  ],
  ""type"": ""Point""
}","{
  ""coordinates"": [
    -82.931207794,
    42.421259992
  ],
  ""type"": ""Point""
}",-82.931207794,42.421259992
6779,1514544,LIVERNOIS,S M 10,2018-10-28,28,10,2018,23,1,4,9,,4,0,Concrete,1,1,4,35,7,2,2,3,0,0,1,0,false,false,true,true,false,false,false,false,false,false,false,false,false,false,true,false,false,false,false,false,false,false,-83.14043,42.40482,"{
  ""coordinates"": [
    -8.314042668620981e+01,
    4.240482304232060e+01
  ],
  ""type"": ""Point""
}","{
  ""coordinates"": [
    -83.140426686,
    42.404823042
  ],
  ""type"": ""Point""
}",-83.140426686,42.404823042
6780,1514538,CHEYENNE,PURITAN,2018-10-28,28,10,2018,1,1,4,9,,,0,,2,2,4,25,2,2,2,4,0,0,0,1,false,false,false,false,true,false,false,false,false,false,false,false,false,false,false,false,false,false,false,false,false,false,-83.17514,42.40942,"{
  ""coordinates"": [
    -8.317513959427080e+01,
    4.240941822970010e+01
  ],
  ""type"": ""Point""
}","{
  ""coordinates"": [
    -83.175139594,
    42.40941823
  ],
  ""type"": ""Point""
}",-83.175139594,42.40941823
6781,1518603,OUTER,GREINER,2018-10-28,28,10,2018,13,1,5,9,,2,0,Asphalt,2,2,1,35,2,2,2,4,0,0,0,2,false,false,false,false,true,false,false,false,false,false,false,false,false,false,false,false,false,false,false,false,false,false,-83.01402,42.427,"{
  ""coordinates"": [
    -8.301402262478420e+01,
    4.242700229888870e+01
  ],
  ""type"": ""Point""
}","{
  ""coordinates"": [
    -83.014022625,
    42.427002299
  ],
  ""type"": ""Point""
}",-83.0140226249999,42.427002299
6782,1515541,BRACE,KIRKWOOD,2018-10-28,28,10,2018,1,1,1,9,,,0,,2,4,5,25,2,1,1,5,0,0,0,0,true,false,false,false,false,false,false,false,false,false,false,true,false,false,false,false,false,false,false,false,false,false,-83.22279,42.33216,"{
  ""coordinates"": [
    -8.322278895181680e+01,
    4.233215732146110e+01
  ],
  ""type"": ""Point""
}","{
  ""coordinates"": [
    -83.222788952,
    42.332157321
  ],
  ""type"": ""Point""
}",-83.222788952,42.3321573210001
6783,1514459,I-94,FRENCH,2018-10-28,28,10,2018,3,1,1,1,,1,1,Asphalt,2,1,4,55,3,1,1,5,0,0,0,0,true,false,false,false,false,false,false,false,false,true,false,false,false,false,false,false,false,false,false,false,false,false,-82.99688,42.39227,"{
  ""coordinates"": [
    -8.299687714347900e+01,
    4.239227219580660e+01
  ],
  ""type"": ""Point""
}","{
  ""coordinates"": [
    -82.996877143,
    42.392272196
  ],
  ""type"": ""Point""
}",-82.9968771429999,42.3922721960001
6784,1514499,CENTRAL,MCGRAW,2018-10-27,27,10,2018,21,7,1,9,,4,0,Asphalt,2,4,4,25,2,1,1,5,0,0,0,0,true,false,false,false,false,true,false,false,false,false,false,true,false,false,false,false,false,false,false,false,false,false,-83.14072,42.33548,"{
  ""coordinates"": [
    -8.314072431107230e+01,
    4.233548072292840e+01
  ],
  ""type"": ""Point""
}","{
  ""coordinates"": [
    -83.140724311,
    42.335480723
  ],
  ""type"": ""Point""
}",-83.140724311,42.335480723
6785,1515546,BRAMELL,ELMIRA,2018-10-27,27,10,2018,22,7,97,9,,,1,,2,4,4,25,2,1,2,4,0,0,0,2,false,false,false,false,false,false,false,false,false,false,false,false,false,false,false,false,false,false,false,false,false,false,-83.26321,42.36919,"{
  ""coordinates"": [
    -8.326321195481390e+01,
    4.236918588122770e+01
  ],
  ""type"": ""Point""
}","{
  ""coordinates"": [
    -83.263211955,
    42.369185881
  ],
  ""type"": ""Point""
}",-83.263211955,42.3691858810001
6786,1516631,PLYMOUTH,SCHAEFER,2018-10-27,27,10,2018,22,7,5,9,,4,0,Asphalt,2,4,4,35,2,2,2,5,0,0,0,0,true,false,false,false,false,false,false,false,false,false,false,false,false,false,false,false,false,false,false,false,false,false,-83.17802,42.37304,"{
  ""coordinates"": [
    -8.317802488468919e+01,
    4.237303752330200e+01
  ],
  ""type"": ""Point""
}","{
  ""coordinates"": [
    -83.178024885,
    42.373037523
  ],
  ""type"": ""Point""
}",-83.178024885,42.3730375230001
6787,1513004,LIVERNOIS,VERNOR,2018-10-27,27,10,2018,16,7,9,9,,4,2,Asphalt,2,4,1,35,2,2,1,4,0,0,0,1,false,false,false,false,true,false,false,false,false,false,false,false,false,false,false,false,false,false,false,false,false,false,-83.10999,42.31567,"{
  ""coordinates"": [
    -8.310999015185971e+01,
    4.231567557344040e+01
  ],
  ""type"": ""Point""
}","{
  ""coordinates"": [
    -83.109990152,
    42.315675573
  ],
  ""type"": ""Point""
}",-83.109990152,42.3156755730001
6788,1512941,W I 96,RAMP 213L,2018-10-27,27,10,2018,9,7,1,1,,1,1,Asphalt,1,4,4,55,2,1,2,4,0,0,0,2,false,false,false,false,false,false,false,false,false,true,false,false,false,false,false,false,false,false,false,false,false,false,-83.10336,42.35332,"{
  ""coordinates"": [
    -8.310336520312551e+01,
    4.235332331111980e+01
  ],
  ""type"": ""Point""
}","{
  ""coordinates"": [
    -83.103365203,
    42.353323311
  ],
  ""type"": ""Point""
}",-83.103365203,42.3533233110001
6789,1514493,WOODWARD,GRATIOT,2018-10-27,27,10,2018,10,7,7,9,,4,0,Concrete,2,4,1,25,4,2,4,5,0,0,0,0,true,false,false,false,false,false,false,false,false,false,false,false,false,false,false,false,false,false,false,false,false,false,-83.04784,42.33294,"{
  ""coordinates"": [
    -8.304784661599130e+01,
    4.233294110519230e+01
  ],
  ""type"": ""Point""
}","{
  ""coordinates"": [
    -83.047846616,
    42.332941105
  ],
  ""type"": ""Point""
}",-83.047846616,42.332941105
6790,1512937,I-75,7 MILE,2018-10-27,27,10,2018,19,7,8,1,,1,0,Asphalt,2,4,4,70,4,2,4,4,0,0,0,2,false,false,false,false,false,false,false,false,false,false,false,false,false,false,false,false,false,false,false,false,false,false,-83.09422,42.42887,"{
  ""coordinates"": [
    -8.309422573598290e+01,
    4.242887398933620e+01
  ],
  ""type"": ""Point""
}","{
  ""coordinates"": [
    -83.094225736,
    42.428873989
  ],
  ""type"": ""Point""
}",-83.0942257359999,42.4288739890001
6791,1518543,SCHAEFER,S M 10,2018-10-27,27,10,2018,7,7,4,9,,4,0,Concrete,2,2,2,30,4,2,2,5,0,0,0,0,true,false,true,true,true,false,false,false,false,false,false,false,false,true,false,false,false,false,false,false,false,false,-83.1802,42.42489,"{
  ""coordinates"": [
    -8.318019725136780e+01,
    4.242489377016180e+01
  ],
  ""type"": ""Point""
}","{
  ""coordinates"": [
    -83.180197251,
    42.42489377
  ],
  ""type"": ""Point""
}",-83.180197251,42.42489377
6792,1520251,FIELD,GOETHE,2018-10-27,27,10,2018,4,7,8,9,,,0,,1,1,4,25,2,2,2,5,0,0,0,0,true,false,false,false,false,false,false,false,true,false,false,false,false,false,false,false,false,false,false,false,false,false,-83.01031,42.36285,"{
  ""coordinates"": [
    -8.301030655672190e+01,
    4.236284998611090e+01
  ],
  ""type"": ""Point""
}","{
  ""coordinates"": [
    -83.010306557,
    42.362849986
  ],
  ""type"": ""Point""
}",-83.010306557,42.3628499860001
6793,1514476,N I 75,WOODWARD,2018-10-27,27,10,2018,19,7,1,1,,1,0,Concrete,2,4,3,55,3,1,1,5,0,0,0,0,true,false,false,false,false,false,false,false,false,false,false,false,false,false,false,false,false,false,false,false,false,false,-83.05177,42.34029,"{
  ""coordinates"": [
    -8.305176468222329e+01,
    4.234028522312500e+01
  ],
  ""type"": ""Point""
}","{
  ""coordinates"": [
    -83.051764682,
    42.340285223
  ],
  ""type"": ""Point""
}",-83.0517646819999,42.3402852230001
6794,1512950,RAMP 122N,BAGLEY,2018-10-27,27,10,2018,19,7,1,3,,1,1,Asphalt,2,4,4,55,1,1,5,5,0,0,0,0,true,false,false,false,false,false,false,false,false,true,false,false,false,false,false,false,false,false,false,false,false,false,-83.05907,42.33191,"{
  ""coordinates"": [
    -8.305907390475430e+01,
    4.233191361039580e+01
  ],
  ""type"": ""Point""
}","{
  ""coordinates"": [
    -83.059073905,
    42.33191361
  ],
  ""type"": ""Point""
}",-83.0590739049999,42.3319136100001
6795,1529765,M39,PURITAN,2018-10-27,27,10,2018,0,7,5,3,,1,0,Asphalt,2,2,4,55,3,2,4,3,0,0,1,3,false,false,false,false,false,true,false,false,false,false,false,false,false,false,false,false,false,false,false,false,false,false,-83.21854,42.40861,"{
  ""coordinates"": [
    -8.321854778978729e+01,
    4.240860649187020e+01
  ],
  ""type"": ""Point""
}","{
  ""coordinates"": [
    -83.21854779,
    42.408606492
  ],
  ""type"": ""Point""
}",-83.2185477899999,42.408606492
6796,1514461,M-10,GRAND,2018-10-27,27,10,2018,4,7,8,3,,1,0,Concrete,2,4,4,55,3,2,2,5,0,0,0,0,true,false,false,false,false,false,false,false,false,false,false,false,false,false,true,false,false,false,false,false,false,false,-83.08196,42.36744,"{
  ""coordinates"": [
    -8.308196623288840e+01,
    4.236743633085260e+01
  ],
  ""type"": ""Point""
}","{
  ""coordinates"": [
    -83.081966233,
    42.367436331
  ],
  ""type"": ""Point""
}",-83.0819662329999,42.3674363310001
6797,1512942,E M 8,RAMP 047B,2018-10-27,27,10,2018,2,7,8,3,,1,0,Asphalt,2,4,4,55,4,2,2,5,0,0,0,0,true,false,false,false,false,false,false,false,false,false,false,false,false,false,false,false,false,false,false,false,false,false,-83.07916,42.40875,"{
  ""coordinates"": [
    -8.307916594556680e+01,
    4.240875040602090e+01
  ],
  ""type"": ""Point""
}","{
  ""coordinates"": [
    -83.079165946,
    42.408750406
  ],
  ""type"": ""Point""
}",-83.079165946,42.4087504060001
6798,1512997,HORATIO,CICOTTE,2018-10-27,27,10,2018,13,7,4,9,,,0,,2,4,1,25,2,2,8,3,0,0,1,0,false,false,false,false,false,false,false,true,false,false,false,false,false,false,false,false,false,false,false,false,false,false,-83.12629,42.33489,"{
  ""coordinates"": [
    -8.312629094195700e+01,
    4.233488750148100e+01
  ],
  ""type"": ""Point""
}","{
  ""coordinates"": [
    -83.126290942,
    42.334887501
  ],
  ""type"": ""Point""
}",-83.126290942,42.334887501
6799,1514546,THIRD,MICHIGAN,2018-10-27,27,10,2018,17,7,5,2,,4,0,Asphalt,2,4,1,25,4,2,3,4,0,0,0,1,false,false,false,false,false,false,false,false,false,false,false,false,false,false,false,false,false,false,false,false,false,false,-83.05737,42.3316,"{
  ""coordinates"": [
    -8.305737114558571e+01,
    4.233159754809460e+01
  ],
  ""type"": ""Point""
}","{
  ""coordinates"": [
    -83.057371146,
    42.331597548
  ],
  ""type"": ""Point""
}",-83.057371146,42.331597548
6800,1512963,FENKELL,WYOMING,2018-10-27,27,10,2018,9,7,5,9,,2,0,Asphalt,2,4,1,35,2,2,1,5,0,0,0,0,true,false,false,false,true,false,false,false,false,false,false,false,false,false,false,false,false,false,false,false,false,false,-83.15969,42.40252,"{
  ""coordinates"": [
    -8.315968832113870e+01,
    4.240251523000440e+01
  ],
  ""type"": ""Point""
}","{
  ""coordinates"": [
    -83.159688321,
    42.40251523
  ],
  ""type"": ""Point""
}",-83.159688321,42.4025152300001
6801,1515549,RIVARD,WINDER,2018-10-27,27,10,2018,14,7,10,9,,,0,,2,4,1,25,2,2,2,5,0,0,0,0,true,false,false,false,false,false,false,false,false,false,false,false,false,false,false,false,false,false,false,false,false,false,-83.04171,42.34548,"{
  ""coordinates"": [
    -8.304170754713650e+01,
    4.234547699246830e+01
  ],
  ""type"": ""Point""
}","{
  ""coordinates"": [
    -83.041707547,
    42.345476992
  ],
  ""type"": ""Point""
}",-83.041707547,42.345476992
6802,1513066,WOODWARD,MILWAUKEE,2018-10-27,27,10,2018,18,7,8,3,,1,0,Asphalt,2,4,4,30,3,2,4,4,0,0,0,2,false,false,false,false,true,false,false,false,false,false,false,false,false,false,false,false,false,false,false,false,false,false,-83.07254,42.36907,"{
  ""coordinates"": [
    -8.307253655554280e+01,
    4.236906680672790e+01
  ],
  ""type"": ""Point""
}","{
  ""coordinates"": [
    -83.072536556,
    42.369066807
  ],
  ""type"": ""Point""
}",-83.072536556,42.3690668070001
6803,1514530,8 MILE,HAYES,2018-10-27,27,10,2018,7,7,97,3,,1,0,Asphalt,2,4,4,40,5,2,2,3,0,0,1,0,false,false,false,false,false,false,false,false,false,false,false,false,false,false,true,false,false,false,false,false,false,false,-82.96609,42.44989,"{
  ""coordinates"": [
    -8.296609258790180e+01,
    4.244988643675930e+01
  ],
  ""type"": ""Point""
}","{
  ""coordinates"": [
    -82.966092588,
    42.449886437
  ],
  ""type"": ""Point""
}",-82.966092588,42.449886437
6804,1638971,HUBBELL,FENKELL,2018-10-27,27,10,2018,22,7,5,9,,4,0,Asphalt,2,4,4,30,4,2,3,5,0,0,0,0,true,false,false,false,false,false,false,false,false,false,false,false,false,true,false,false,false,false,false,false,false,false,-83.18892,42.40184,"{
  ""coordinates"": [
    -8.318891814510120e+01,
    4.240184427649270e+01
  ],
  ""type"": ""Point""
}","{
  ""coordinates"": [
    -83.188918145,
    42.401844276
  ],
  ""type"": ""Point""
}",-83.1889181449999,42.4018442760001
6805,1512940,W I 96,RAMP 213L,2018-10-27,27,10,2018,8,7,5,1,,1,0,Asphalt,1,4,1,70,4,2,2,5,0,0,0,0,true,false,false,false,false,false,false,false,true,false,false,false,false,false,false,false,false,false,false,false,false,false,-83.10379,42.35352,"{
  ""coordinates"": [
    -8.310379101249821e+01,
    4.235351575286210e+01
  ],
  ""type"": ""Point""
}","{
  ""coordinates"": [
    -83.103791012,
    42.353515753
  ],
  ""type"": ""Point""
}",-83.103791012,42.3535157530001
6806,1515560,I 75 SERVICE,GREENDALE,2018-10-27,27,10,2018,22,7,4,9,,4,0,Asphalt,2,4,4,,1,2,1,5,0,0,0,0,true,false,false,false,true,false,false,false,false,false,false,false,false,false,false,false,false,false,false,false,false,false,-83.09481,42.42706,"{
  ""coordinates"": [
    -8.309480922488760e+01,
    4.242705515325440e+01
  ],
  ""type"": ""Point""
}","{
  ""coordinates"": [
    -83.094809225,
    42.427055153
  ],
  ""type"": ""Point""
}",-83.0948092249999,42.427055153
6807,1514457,M-39,GRAND RIVER,2018-10-27,27,10,2018,1,7,5,3,,1,0,Asphalt,1,1,4,55,3,2,2,5,0,0,0,0,true,false,false,false,false,true,false,false,false,false,false,false,false,false,false,false,false,false,false,false,false,false,-83.2182,42.40095,"{
  ""coordinates"": [
    -8.321820317198301e+01,
    4.240094679924390e+01
  ],
  ""type"": ""Point""
}","{
  ""coordinates"": [
    -83.218203172,
    42.400946799
  ],
  ""type"": ""Point""
}",-83.218203172,42.4009467990001
6808,1515575,LIVERNOIS,PURITAN,2018-10-27,27,10,2018,8,7,8,9,,4,0,Asphalt,2,4,1,35,3,2,1,5,0,0,0,0,true,false,false,false,true,false,false,false,false,false,false,false,false,false,false,false,false,false,false,false,false,false,-83.14043,42.40989,"{
  ""coordinates"": [
    -8.314043222378430e+01,
    4.240989049133750e+01
  ],
  ""type"": ""Point""
}","{
  ""coordinates"": [
    -83.140432224,
    42.409890491
  ],
  ""type"": ""Point""
}",-83.1404322239999,42.4098904910001