ObjectId,Crash ID,Primary Road,Intersecting Road,Crash Date,Day,Month,Year,Hour,Weekday,Crash Type Code,Highway Classification Code,Community Code,Jurisdiction Code,Lane Departure Type Code,Surface Type,Road Condition,Weather Condition,Lighting Condition,Speed Limit,Lanes,Units,Occupants,Most Severe Injury,Fatal Injuries,Suspected Serious Injuries,Suspected Minor Injuries,Possible Injuries,Property Damage Only,Secondary Crash,Traffic Control,Red Light Run,Hit and Run,Alcohol,Drugs,Unbelted Person,Work Zone,Speeding Driver,Distracted Driver,Driveway,Pedestrian,Elderly Driver,Young Driver,Commercial Vehicle,Emergency Vehicles,Train,School Bus,Motorcycle,Bicycle,Deer,Longitude,Latitude,geom,geog,x,y
6809,1512977,JEFFERSON,BEAUBIEN,2018-10-27,27,10,2018,0,7,5,4,,1,0,Asphalt,1,2,4,40,4,2,5,5,0,0,0,0,true,false,false,false,false,false,false,false,false,false,true,false,false,false,false,false,false,false,false,false,false,false,-83.0397,42.33057,"{
  ""coordinates"": [
    -8.303969441539169e+01,
    4.233057142199120e+01
  ],
  ""type"": ""Point""
}","{
  ""coordinates"": [
    -83.039694415,
    42.330571422
  ],
  ""type"": ""Point""
}",-83.039694415,42.330571422
6810,1518630,MCNICHOLS,SNOWDEN,2018-10-27,27,10,2018,12,7,5,9,,2,0,Asphalt,2,4,1,30,5,2,1,5,0,0,0,0,true,false,false,false,true,false,false,false,false,false,false,false,false,false,false,false,false,false,false,false,false,false,-83.17754,42.4166,"{
  ""coordinates"": [
    -8.317754464645800e+01,
    4.241659559589310e+01
  ],
  ""type"": ""Point""
}","{
  ""coordinates"": [
    -83.177544646,
    42.416595596
  ],
  ""type"": ""Point""
}",-83.1775446459999,42.416595596
6811,1514489,E I 96,MARTIN LUTHER KING JR,2018-10-27,27,10,2018,20,7,1,1,,1,0,Asphalt,2,4,4,35,2,1,2,5,0,0,0,0,true,false,false,false,false,false,false,false,false,false,false,false,false,false,false,false,false,false,false,false,false,false,-83.09081,42.33624,"{
  ""coordinates"": [
    -8.309080236124910e+01,
    4.233623642118140e+01
  ],
  ""type"": ""Point""
}","{
  ""coordinates"": [
    -83.090802361,
    42.336236421
  ],
  ""type"": ""Point""
}",-83.090802361,42.3362364210001
6812,1514527,GRATIOT,FORDHAM,2018-10-27,27,10,2018,20,7,5,3,,1,0,Asphalt,2,4,1,30,3,2,2,5,0,0,0,0,true,false,false,false,true,false,false,false,false,false,false,false,false,false,false,false,false,false,false,false,false,false,-82.97823,42.43427,"{
  ""coordinates"": [
    -8.297823022673940e+01,
    4.243426544758620e+01
  ],
  ""type"": ""Point""
}","{
  ""coordinates"": [
    -82.978230227,
    42.434265448
  ],
  ""type"": ""Point""
}",-82.978230227,42.4342654480001
6813,1512957,M-10,CLAIRMONT,2018-10-27,27,10,2018,17,7,1,3,,1,0,Concrete,2,4,1,55,3,1,2,5,0,0,0,0,true,false,false,false,false,false,false,false,false,false,false,false,false,false,false,false,false,false,false,false,false,false,-83.09147,42.38078,"{
  ""coordinates"": [
    -8.309147168836429e+01,
    4.238078286637680e+01
  ],
  ""type"": ""Point""
}","{
  ""coordinates"": [
    -83.091471688,
    42.380782866
  ],
  ""type"": ""Point""
}",-83.091471688,42.3807828660001
6814,1516611,N M 10,RAMP 114B,2018-10-27,27,10,2018,13,7,1,3,,1,1,Concrete,2,4,1,55,2,1,4,3,0,0,1,1,false,false,false,false,false,false,false,false,false,true,false,false,false,false,false,false,false,false,false,false,false,false,-83.08553,42.37295,"{
  ""coordinates"": [
    -8.308553654602881e+01,
    4.237294878289370e+01
  ],
  ""type"": ""Point""
}","{
  ""coordinates"": [
    -83.085536546,
    42.372948783
  ],
  ""type"": ""Point""
}",-83.085536546,42.372948783
6815,1514506,MICHIGAN,CECIL,2018-10-27,27,10,2018,22,7,5,2,,1,0,Asphalt,2,4,4,35,5,3,6,4,0,0,0,1,false,false,false,false,false,false,false,false,false,false,false,false,false,false,false,false,false,false,false,false,false,false,-83.13206,42.33111,"{
  ""coordinates"": [
    -8.313206424045219e+01,
    4.233110916737230e+01
  ],
  ""type"": ""Point""
}","{
  ""coordinates"": [
    -83.13206424,
    42.331109167
  ],
  ""type"": ""Point""
}",-83.13206424,42.3311091670001
6816,1516630,GRATIOT,RIOPELLE,2018-10-27,27,10,2018,14,7,9,7,,1,2,Asphalt,1,1,1,35,2,2,1,5,0,0,0,0,true,false,false,false,true,false,false,false,false,false,false,false,false,false,false,false,false,false,false,false,false,false,-83.03741,42.34608,"{
  ""coordinates"": [
    -8.303740388907880e+01,
    4.234608558514030e+01
  ],
  ""type"": ""Point""
}","{
  ""coordinates"": [
    -83.037403889,
    42.346085585
  ],
  ""type"": ""Point""
}",-83.037403889,42.346085585
6817,1514523,GRAND RIVER,TELEGRAPH,2018-10-27,27,10,2018,8,7,8,3,,1,0,Asphalt,2,4,1,45,4,2,2,5,0,0,0,0,true,false,false,false,false,false,false,false,false,false,false,false,false,false,false,false,false,false,false,false,false,false,-83.27731,42.42453,"{
  ""coordinates"": [
    -8.327730217576300e+01,
    4.242453100693730e+01
  ],
  ""type"": ""Point""
}","{
  ""coordinates"": [
    -83.277302176,
    42.424531007
  ],
  ""type"": ""Point""
}",-83.277302176,42.424531007
6818,1514481,SCHAEFER,PLYMOUTH,2018-10-27,27,10,2018,13,7,5,9,,4,0,Asphalt,1,2,1,30,4,2,2,5,0,0,0,0,true,false,false,false,false,false,false,false,false,false,true,false,false,false,false,false,false,false,false,false,false,false,-83.17799,42.37317,"{
  ""coordinates"": [
    -8.317799758466521e+01,
    4.237316762953610e+01
  ],
  ""type"": ""Point""
}","{
  ""coordinates"": [
    -83.177997585,
    42.37316763
  ],
  ""type"": ""Point""
}",-83.177997585,42.3731676300001
6819,1525260,CONNER,MCNICHOLS,2018-10-27,27,10,2018,14,7,4,9,,4,0,Asphalt,2,1,1,30,4,2,3,5,0,0,0,0,true,false,false,false,true,false,false,false,false,false,false,false,false,true,false,false,false,false,false,false,false,false,-83.01363,42.41949,"{
  ""coordinates"": [
    -8.301363234336461e+01,
    4.241949465461570e+01
  ],
  ""type"": ""Point""
}","{
  ""coordinates"": [
    -83.013632343,
    42.419494655
  ],
  ""type"": ""Point""
}",-83.013632343,42.4194946550001
6820,1512991,CAMPBELL,BAKER,2018-10-27,27,10,2018,2,7,8,9,,,0,,2,4,4,30,1,2,1,5,0,0,0,0,true,false,false,false,true,false,false,false,false,false,false,false,false,false,false,false,false,false,false,false,false,false,-83.10339,42.31644,"{
  ""coordinates"": [
    -8.310339587051450e+01,
    4.231644297020540e+01
  ],
  ""type"": ""Point""
}","{
  ""coordinates"": [
    -83.103395871,
    42.31644297
  ],
  ""type"": ""Point""
}",-83.103395871,42.31644297
6821,1514469,JEFFERSON,RANDOLPH,2018-10-27,27,10,2018,19,7,4,3,,1,0,Asphalt,2,4,4,30,8,2,2,5,0,0,0,0,true,false,false,false,false,false,false,false,false,false,false,false,false,false,false,false,false,false,false,false,false,false,-83.04218,42.32988,"{
  ""coordinates"": [
    -8.304217720808640e+01,
    4.232987722141760e+01
  ],
  ""type"": ""Point""
}","{
  ""coordinates"": [
    -83.042177208,
    42.329877221
  ],
  ""type"": ""Point""
}",-83.0421772079999,42.3298772210001
6822,1515553,ELMO,PORTLANCE,2018-10-27,27,10,2018,0,7,4,9,,,0,,2,4,4,25,2,2,2,5,0,0,0,0,true,false,false,false,false,false,false,false,false,false,false,false,false,false,false,false,false,false,false,false,false,false,-83.00649,42.41904,"{
  ""coordinates"": [
    -8.300648971149270e+01,
    4.241904307810040e+01
  ],
  ""type"": ""Point""
}","{
  ""coordinates"": [
    -83.006489711,
    42.419043078
  ],
  ""type"": ""Point""
}",-83.006489711,42.4190430780001
6823,1512999,VERNOR,BEARD,2018-10-27,27,10,2018,11,7,97,9,,4,3,Asphalt,2,4,1,35,2,6,1,5,0,0,0,0,true,false,false,false,true,false,false,false,false,false,false,false,false,false,false,false,false,false,false,false,false,false,-83.11897,42.31484,"{
  ""coordinates"": [
    -8.311897325510530e+01,
    4.231483784392410e+01
  ],
  ""type"": ""Point""
}","{
  ""coordinates"": [
    -83.118973255,
    42.314837844
  ],
  ""type"": ""Point""
}",-83.118973255,42.3148378440001
6824,1513015,OUTER,CORNWALL,2018-10-27,27,10,2018,12,7,4,9,,2,0,Asphalt,2,4,1,35,2,2,5,5,0,0,0,0,true,false,false,false,true,false,false,false,false,false,false,false,false,false,true,false,false,false,false,false,false,false,-82.9353,42.40198,"{
  ""coordinates"": [
    -8.293529365701920e+01,
    4.240198239869240e+01
  ],
  ""type"": ""Point""
}","{
  ""coordinates"": [
    -82.935293657,
    42.401982399
  ],
  ""type"": ""Point""
}",-82.935293657,42.4019823990001
6825,1518583,WARREN,ROSEMONT,2018-10-27,27,10,2018,19,7,1,9,,2,0,Asphalt,2,4,4,35,2,2,2,1,1,0,0,0,false,false,false,false,false,false,false,false,false,false,false,false,true,false,false,false,false,false,false,false,false,false,-83.21816,42.34335,"{
  ""coordinates"": [
    -8.321816424221100e+01,
    4.234335045580620e+01
  ],
  ""type"": ""Point""
}","{
  ""coordinates"": [
    -83.218164242,
    42.343350456
  ],
  ""type"": ""Point""
}",-83.2181642419999,42.3433504560001
6826,1514509,CHENE,ROBERT BRADBY,2018-10-27,27,10,2018,21,7,4,9,,4,0,Asphalt,2,4,4,25,2,2,1,5,0,0,0,0,true,false,false,false,true,true,false,false,false,false,false,false,false,false,false,false,false,false,false,false,false,false,-83.02592,42.34507,"{
  ""coordinates"": [
    -8.302591861631240e+01,
    4.234507066352880e+01
  ],
  ""type"": ""Point""
}","{
  ""coordinates"": [
    -83.025918616,
    42.345070664
  ],
  ""type"": ""Point""
}",-83.025918616,42.345070664
6827,1513018,WARREN,ST JEAN,2018-10-27,27,10,2018,1,7,1,9,,4,1,Asphalt,2,4,1,35,2,1,0,5,0,0,0,0,true,false,false,false,false,false,false,false,false,false,false,false,false,false,false,false,false,false,false,false,false,false,-82.9836,42.38736,"{
  ""coordinates"": [
    -8.298360359372290e+01,
    4.238735483335840e+01
  ],
  ""type"": ""Point""
}","{
  ""coordinates"": [
    -82.983603594,
    42.387354833
  ],
  ""type"": ""Point""
}",-82.983603594,42.3873548330001
6828,1518631,8 MILE,GREENFIELD,2018-10-27,27,10,2018,6,7,97,3,,1,0,Asphalt,2,4,5,45,4,2,2,5,0,0,0,0,true,false,true,true,false,false,false,false,false,false,false,false,false,false,false,true,false,false,false,false,false,false,-83.20035,42.4448,"{
  ""coordinates"": [
    -8.320034612040730e+01,
    4.244479805209700e+01
  ],
  ""type"": ""Point""
}","{
  ""coordinates"": [
    -83.20034612,
    42.444798052
  ],
  ""type"": ""Point""
}",-83.2003461199999,42.4447980520001
6829,1513022,WARREN,ABINGTON,2018-10-27,27,10,2018,10,7,5,9,,2,0,Asphalt,2,2,1,35,4,3,2,5,0,0,0,0,true,false,false,false,true,false,false,false,false,false,false,false,false,false,true,false,false,false,false,false,false,false,-83.20937,42.34348,"{
  ""coordinates"": [
    -8.320937502358110e+01,
    4.234347998426400e+01
  ],
  ""type"": ""Point""
}","{
  ""coordinates"": [
    -83.209375024,
    42.343479984
  ],
  ""type"": ""Point""
}",-83.2093750239999,42.3434799840001
6830,1522989,GRINNELL,VAN DYKE,2018-10-27,27,10,2018,3,7,4,3,,4,0,Asphalt,2,4,4,30,4,2,3,4,0,0,0,2,false,false,false,false,false,false,false,false,false,false,false,false,false,false,false,false,false,false,false,false,false,false,-83.023,42.40095,"{
  ""coordinates"": [
    -8.302300034849441e+01,
    4.240095300472710e+01
  ],
  ""type"": ""Point""
}","{
  ""coordinates"": [
    -83.023000348,
    42.400953005
  ],
  ""type"": ""Point""
}",-83.023000348,42.4009530050001
6831,1516643,REX,CARLISLE,2018-10-27,27,10,2018,17,7,4,9,,,0,,2,1,1,25,2,2,2,4,0,0,0,2,false,false,true,false,true,false,false,false,false,false,false,false,false,false,false,false,false,false,false,false,false,false,-82.95865,42.44919,"{
  ""coordinates"": [
    -8.295864583678680e+01,
    4.244919015214650e+01
  ],
  ""type"": ""Point""
}","{
  ""coordinates"": [
    -82.958645837,
    42.449190152
  ],
  ""type"": ""Point""
}",-82.9586458369999,42.449190152
6832,1518635,WYOMING,NORFOLK,2018-10-27,27,10,2018,16,7,97,9,,4,0,Asphalt,2,4,1,25,4,2,5,5,0,0,0,0,true,false,false,false,false,false,false,false,false,false,false,false,false,true,false,false,false,false,false,false,false,false,-83.16139,42.44271,"{
  ""coordinates"": [
    -8.316138932373150e+01,
    4.244270542530880e+01
  ],
  ""type"": ""Point""
}","{
  ""coordinates"": [
    -83.161389324,
    42.442705425
  ],
  ""type"": ""Point""
}",-83.161389324,42.442705425
6833,1518582,PLYMOUTH,SOUTHFIELD,2018-10-27,27,10,2018,21,7,5,9,,4,0,Asphalt,2,4,4,30,3,2,3,4,0,0,0,1,false,false,false,false,false,true,false,true,false,false,false,false,false,false,false,false,false,false,false,false,false,false,-83.21618,42.37226,"{
  ""coordinates"": [
    -8.321618033413520e+01,
    4.237226112721580e+01
  ],
  ""type"": ""Point""
}","{
  ""coordinates"": [
    -83.216180334,
    42.372261127
  ],
  ""type"": ""Point""
}",-83.2161803339999,42.3722611270001
6834,1514494,3RD,MICHIGAN,2018-10-27,27,10,2018,15,7,8,2,,4,0,Asphalt,2,4,1,30,3,2,1,5,0,0,0,0,true,false,false,false,false,false,false,false,false,false,false,false,false,false,false,false,false,false,false,false,false,false,-83.05779,42.33195,"{
  ""coordinates"": [
    -8.305778392420490e+01,
    4.233195673084180e+01
  ],
  ""type"": ""Point""
}","{
  ""coordinates"": [
    -83.057783924,
    42.331956731
  ],
  ""type"": ""Point""
}",-83.057783924,42.331956731
6835,1513047,JOHN R,REMINGTON,2018-10-27,27,10,2018,4,7,1,9,,4,1,Asphalt,2,4,4,35,2,1,1,5,0,0,0,0,true,false,false,false,false,true,false,false,false,false,false,false,false,false,false,false,false,false,false,false,false,false,-83.10269,42.44231,"{
  ""coordinates"": [
    -8.310269475338271e+01,
    4.244231030693060e+01
  ],
  ""type"": ""Point""
}","{
  ""coordinates"": [
    -83.102694753,
    42.442310307
  ],
  ""type"": ""Point""
}",-83.102694753,42.4423103070001
6836,1514458,W I 96,GRAND,2018-10-27,27,10,2018,22,7,1,1,,1,1,Asphalt,2,4,4,70,2,1,1,5,0,0,0,0,true,false,false,false,false,false,false,false,false,true,false,false,false,false,false,false,false,false,false,false,false,false,-83.11012,42.35577,"{
  ""coordinates"": [
    -8.311011282208359e+01,
    4.235577148107070e+01
  ],
  ""type"": ""Point""
}","{
  ""coordinates"": [
    -83.110112822,
    42.355771481
  ],
  ""type"": ""Point""
}",-83.110112822,42.355771481
6837,1513029,GRATIOT,CHENE,2018-10-27,27,10,2018,0,7,8,3,,1,0,Asphalt,2,2,4,35,7,2,3,5,0,0,0,0,true,false,false,false,true,false,false,false,false,false,false,false,false,false,false,false,false,false,false,false,false,false,-83.03209,42.35243,"{
  ""coordinates"": [
    -8.303208778685540e+01,
    4.235243201484060e+01
  ],
  ""type"": ""Point""
}","{
  ""coordinates"": [
    -83.032087787,
    42.352432015
  ],
  ""type"": ""Point""
}",-83.032087787,42.352432015
6838,1512987,N I 75,SPRINGWELLS,2018-10-27,27,10,2018,6,7,4,1,,1,0,Concrete,2,4,4,35,2,2,2,5,0,0,0,0,true,false,true,true,false,false,false,false,false,false,false,false,false,false,false,false,false,false,false,false,false,false,-83.11948,42.30124,"{
  ""coordinates"": [
    -8.311948521655791e+01,
    4.230123958997370e+01
  ],
  ""type"": ""Point""
}","{
  ""coordinates"": [
    -83.119485217,
    42.30123959
  ],
  ""type"": ""Point""
}",-83.119485217,42.3012395900001
6839,1514478,W I 96,E M 8,2018-10-27,27,10,2018,17,7,9,1,,1,3,Asphalt,2,2,1,55,2,2,7,5,0,0,0,0,true,false,false,false,true,false,false,false,false,false,false,false,false,false,false,false,false,false,false,false,false,false,-83.15227,42.38478,"{
  ""coordinates"": [
    -8.315226931480990e+01,
    4.238478606003400e+01
  ],
  ""type"": ""Point""
}","{
  ""coordinates"": [
    -83.152269315,
    42.38478606
  ],
  ""type"": ""Point""
}",-83.152269315,42.3847860600001
6840,1514492,VINEWOOD,SCOVEL,2018-10-27,27,10,2018,9,7,4,9,,,0,,2,4,1,25,2,2,3,4,0,0,0,1,false,false,true,false,false,false,false,false,false,false,false,false,false,true,false,false,false,false,false,false,false,false,-83.10892,42.35397,"{
  ""coordinates"": [
    -8.310892378520360e+01,
    4.235396970082720e+01
  ],
  ""type"": ""Point""
}","{
  ""coordinates"": [
    -83.108923785,
    42.353969701
  ],
  ""type"": ""Point""
}",-83.1089237849999,42.353969701
6841,1547408,VAN DYKE,OUTER,2018-10-27,27,10,2018,23,7,4,3,,1,0,Asphalt,2,2,3,35,2,2,4,5,0,0,0,0,true,false,false,false,false,false,false,false,false,true,false,false,false,true,true,false,false,false,false,false,false,false,-83.02453,42.44196,"{
  ""coordinates"": [
    -8.302452618554619e+01,
    4.244196028590100e+01
  ],
  ""type"": ""Point""
}","{
  ""coordinates"": [
    -83.024526186,
    42.441960286
  ],
  ""type"": ""Point""
}",-83.0245261859999,42.441960286
6842,1512961,OAKMAN,KRAMER,2018-10-27,27,10,2018,7,7,1,9,,4,1,Asphalt,2,2,4,25,3,1,0,5,0,0,0,0,true,false,false,false,true,false,false,false,false,false,false,false,false,false,false,false,false,false,false,false,false,false,-83.16083,42.35917,"{
  ""coordinates"": [
    -8.316082857878671e+01,
    4.235916752549500e+01
  ],
  ""type"": ""Point""
}","{
  ""coordinates"": [
    -83.160828579,
    42.359167525
  ],
  ""type"": ""Point""
}",-83.1608285789999,42.359167525
6843,1533611,I-94,BRUSH,2018-10-27,27,10,2018,2,7,97,1,,1,0,Asphalt,1,1,4,,3,2,1,5,0,0,0,0,true,false,false,false,true,false,false,false,false,false,false,false,false,true,false,false,false,false,false,false,false,false,-83.06373,42.36608,"{
  ""coordinates"": [
    -8.306372596808880e+01,
    4.236607847868440e+01
  ],
  ""type"": ""Point""
}","{
  ""coordinates"": [
    -83.063725968,
    42.366078479
  ],
  ""type"": ""Point""
}",-83.063725968,42.3660784790001
6844,1521753,WYOMING,EATON,2018-10-27,27,10,2018,11,7,5,9,,4,0,Asphalt,1,1,1,30,2,2,1,5,0,0,0,0,true,false,false,false,false,false,false,false,false,false,false,false,false,true,false,false,false,false,false,false,false,false,-83.15947,42.39797,"{
  ""coordinates"": [
    -8.315947317712970e+01,
    4.239797029264480e+01
  ],
  ""type"": ""Point""
}","{
  ""coordinates"": [
    -83.159473177,
    42.397970293
  ],
  ""type"": ""Point""
}",-83.1594731769999,42.3979702930001
6845,1514518,SAINT MARYS,7 MILE,2018-10-27,27,10,2018,16,7,4,9,,,0,,2,4,1,30,2,2,3,5,0,0,0,0,true,false,false,false,false,false,false,false,false,false,false,false,false,false,true,false,false,false,false,false,false,false,-83.20738,42.43029,"{
  ""coordinates"": [
    -8.320737852326170e+01,
    4.243028531862380e+01
  ],
  ""type"": ""Point""
}","{
  ""coordinates"": [
    -83.207378523,
    42.430285319
  ],
  ""type"": ""Point""
}",-83.207378523,42.4302853190001
6846,1524167,MEYERS,SCHOOLCRAFT,2018-10-27,27,10,2018,18,7,1,9,,4,0,Asphalt,1,1,3,,2,2,0,5,0,0,0,0,true,false,false,false,true,false,false,false,false,false,true,false,true,false,false,false,false,false,false,false,false,false,-83.16872,42.38825,"{
  ""coordinates"": [
    -8.316872108346750e+01,
    4.238824826215160e+01
  ],
  ""type"": ""Point""
}","{
  ""coordinates"": [
    -83.168721083,
    42.388248262
  ],
  ""type"": ""Point""
}",-83.168721083,42.388248262
6847,1514510,JEFFERSON,GRAND,2018-10-27,27,10,2018,19,7,8,9,,4,0,Asphalt,2,4,4,30,3,2,3,5,0,0,0,0,true,false,false,false,true,false,false,false,false,false,false,false,false,false,false,false,false,false,false,false,false,false,-83.00169,42.34732,"{
  ""coordinates"": [
    -8.300169608617659e+01,
    4.234732180989970e+01
  ],
  ""type"": ""Point""
}","{
  ""coordinates"": [
    -83.001696086,
    42.34732181
  ],
  ""type"": ""Point""
}",-83.001696086,42.34732181
6848,1514495,14TH,I 94,2018-10-27,27,10,2018,21,7,1,9,,4,0,Concrete,2,4,3,30,2,1,1,5,0,0,0,0,true,false,false,false,false,false,false,false,false,false,false,false,false,false,false,true,false,false,false,false,false,false,-83.08896,42.35326,"{
  ""coordinates"": [
    -8.308896234308880e+01,
    4.235325548115730e+01
  ],
  ""type"": ""Point""
}","{
  ""coordinates"": [
    -83.088962343,
    42.353255481
  ],
  ""type"": ""Point""
}",-83.0889623429999,42.3532554810001
6849,1522174,W I 94,WYOMING,2018-10-27,27,10,2018,18,7,5,1,,1,0,Asphalt,1,4,1,55,3,2,2,4,0,0,0,1,false,false,false,false,true,false,false,false,false,false,false,false,false,false,true,false,false,false,false,false,false,false,-83.15643,42.32897,"{
  ""coordinates"": [
    -8.315642445736160e+01,
    4.232896908441510e+01
  ],
  ""type"": ""Point""
}","{
  ""coordinates"": [
    -83.156424457,
    42.328969084
  ],
  ""type"": ""Point""
}",-83.156424457,42.3289690840001
6850,1513038,HARPER,NEWPORT,2018-10-27,27,10,2018,8,7,8,9,,4,0,Asphalt,2,4,1,30,2,2,2,5,0,0,0,0,true,false,false,false,false,false,false,false,false,false,false,false,false,true,false,false,false,false,false,false,false,false,-82.96499,42.40454,"{
  ""coordinates"": [
    -8.296499126858021e+01,
    4.240454535201780e+01
  ],
  ""type"": ""Point""
}","{
  ""coordinates"": [
    -82.964991269,
    42.404545352
  ],
  ""type"": ""Point""
}",-82.9649912689999,42.4045453520001
6851,1513032,MACK,DEQUINDRE,2018-10-27,27,10,2018,5,7,1,9,,4,1,Concrete,2,4,5,35,2,1,2,5,0,0,0,0,true,false,false,false,false,false,false,true,false,true,false,false,false,false,false,false,true,false,false,false,false,false,-83.04183,42.35389,"{
  ""coordinates"": [
    -8.304183112195850e+01,
    4.235389257859460e+01
  ],
  ""type"": ""Point""
}","{
  ""coordinates"": [
    -83.041831122,
    42.353892579
  ],
  ""type"": ""Point""
}",-83.041831122,42.353892579
6852,1513053,LUCE,MOUND,2018-10-27,27,10,2018,21,7,4,9,,4,0,Asphalt,2,2,3,35,2,2,2,5,0,0,0,0,true,false,true,false,false,false,false,false,false,false,false,false,false,false,false,false,false,false,false,false,false,false,-83.0427,42.41549,"{
  ""coordinates"": [
    -8.304269818466810e+01,
    4.241548917971810e+01
  ],
  ""type"": ""Point""
}","{
  ""coordinates"": [
    -83.042698185,
    42.41548918
  ],
  ""type"": ""Point""
}",-83.0426981849999,42.4154891800001
6853,1524150,I-96,FULLERTON,2018-10-27,27,10,2018,13,7,1,1,,1,1,Concrete,2,4,1,70,4,1,1,5,0,0,0,0,true,false,false,false,false,false,false,false,false,true,false,false,false,false,false,false,false,false,false,false,false,false,-83.18845,42.38036,"{
  ""coordinates"": [
    -8.318844631940020e+01,
    4.238035758696930e+01
  ],
  ""type"": ""Point""
}","{
  ""coordinates"": [
    -83.188446319,
    42.380357587
  ],
  ""type"": ""Point""
}",-83.188446319,42.380357587
6854,1526380,RAMP 139G,I-96,2018-10-27,27,10,2018,13,7,1,3,,1,1,Concrete,2,2,2,25,4,1,1,5,0,0,0,0,true,false,false,false,false,false,false,false,false,true,false,false,false,false,false,false,false,false,false,false,false,false,-83.14732,42.38535,"{
  ""coordinates"": [
    -8.314732647861710e+01,
    4.238535465120350e+01
  ],
  ""type"": ""Point""
}","{
  ""coordinates"": [
    -83.147326479,
    42.385354651
  ],
  ""type"": ""Point""
}",-83.147326479,42.3853546510001
6855,1514514,SOUTHFIELD SERVICE DRIVE,GRAND RIVER,2018-10-27,27,10,2018,1,7,8,3,,4,0,Asphalt,1,1,4,55,3,2,1,5,0,0,0,0,true,false,false,false,true,false,false,false,false,false,false,false,false,false,false,false,false,false,false,false,false,false,-83.21799,42.40058,"{
  ""coordinates"": [
    -8.321798955639881e+01,
    4.240057965078680e+01
  ],
  ""type"": ""Point""
}","{
  ""coordinates"": [
    -83.217989556,
    42.400579651
  ],
  ""type"": ""Point""
}",-83.217989556,42.400579651
6856,1513046,JOSEPH CAMPAU,DAVISON,2018-10-27,27,10,2018,1,7,4,9,,4,0,Asphalt,2,4,5,30,4,2,1,5,0,0,0,0,true,false,false,false,true,false,false,false,false,false,false,false,false,false,false,false,false,false,false,false,false,false,-83.06914,42.41352,"{
  ""coordinates"": [
    -8.306913998188610e+01,
    4.241352196863760e+01
  ],
  ""type"": ""Point""
}","{
  ""coordinates"": [
    -83.069139982,
    42.413521969
  ],
  ""type"": ""Point""
}",-83.069139982,42.413521969
6857,1514541,GREENFIELD,7 MILE,2018-10-27,27,10,2018,17,7,4,9,,2,0,Asphalt,2,2,1,25,5,2,1,5,0,0,0,0,true,false,false,false,true,false,false,false,false,false,false,false,false,false,false,false,false,false,false,false,false,false,-83.19987,42.43036,"{
  ""coordinates"": [
    -8.319987143443311e+01,
    4.243036430955720e+01
  ],
  ""type"": ""Point""
}","{
  ""coordinates"": [
    -83.199871434,
    42.43036431
  ],
  ""type"": ""Point""
}",-83.199871434,42.4303643100001
6858,1513002,JEFFERSON,CHENE,2018-10-27,27,10,2018,14,7,4,9,,4,0,Asphalt,2,4,1,35,2,2,3,5,0,0,0,0,true,false,false,false,false,false,false,false,false,false,false,false,false,false,false,false,false,false,false,false,false,false,-83.02258,42.33828,"{
  ""coordinates"": [
    -8.302257492961010e+01,
    4.233827605338020e+01
  ],
  ""type"": ""Point""
}","{
  ""coordinates"": [
    -83.02257493,
    42.338276053
  ],
  ""type"": ""Point""
}",-83.02257493,42.3382760530001
6859,1514504,MICHIGAN,CABOT,2018-10-27,27,10,2018,6,7,8,2,,1,0,Asphalt,2,4,4,35,5,2,3,5,0,0,0,0,true,false,false,false,false,false,false,false,false,false,false,false,false,true,false,false,false,false,false,false,false,false,-83.14992,42.32964,"{
  ""coordinates"": [
    -8.314991817668550e+01,
    4.232963637096200e+01
  ],
  ""type"": ""Point""
}","{
  ""coordinates"": [
    -83.149918177,
    42.329636371
  ],
  ""type"": ""Point""
}",-83.149918177,42.329636371
6860,1514513,I 94 SERVICE,GRATIOT,2018-10-27,27,10,2018,20,7,5,3,,,0,,2,1,4,50,2,2,5,5,0,0,0,0,true,false,false,false,false,false,false,false,false,false,false,false,false,false,true,false,false,false,false,false,false,false,-83.00538,42.39289,"{
  ""coordinates"": [
    -8.300537562292850e+01,
    4.239288703000750e+01
  ],
  ""type"": ""Point""
}","{
  ""coordinates"": [
    -83.005375623,
    42.39288703
  ],
  ""type"": ""Point""
}",-83.005375623,42.3928870300001
6861,1518610,W I 94 SERVICE DRIVE,RAMP 223C,2018-10-27,27,10,2018,19,7,97,1,,4,0,Asphalt,2,4,4,35,1,3,1,5,0,0,0,0,true,false,false,false,true,false,false,false,false,false,false,false,false,true,false,false,false,false,false,false,false,false,-82.93729,42.41769,"{
  ""coordinates"": [
    -8.293728593921659e+01,
    4.241768537897790e+01
  ],
  ""type"": ""Point""
}","{
  ""coordinates"": [
    -82.937285939,
    42.417685379
  ],
  ""type"": ""Point""
}",-82.9372859389999,42.417685379
6862,1532403,I 94,RUSSELL,2018-10-27,27,10,2018,2,7,97,1,,1,0,Concrete,2,4,4,55,3,1,1,5,0,0,0,0,true,false,false,false,true,true,false,false,false,false,false,false,false,false,false,false,false,false,false,false,false,false,-83.05899,42.36789,"{
  ""coordinates"": [
    -8.305898866816730e+01,
    4.236788677382280e+01
  ],
  ""type"": ""Point""
}","{
  ""coordinates"": [
    -83.058988668,
    42.367886774
  ],
  ""type"": ""Point""
}",-83.058988668,42.3678867740001