ObjectId,Crash ID,Primary Road,Intersecting Road,Crash Date,Day,Month,Year,Hour,Weekday,Crash Type Code,Highway Classification Code,Community Code,Jurisdiction Code,Lane Departure Type Code,Surface Type,Road Condition,Weather Condition,Lighting Condition,Speed Limit,Lanes,Units,Occupants,Most Severe Injury,Fatal Injuries,Suspected Serious Injuries,Suspected Minor Injuries,Possible Injuries,Property Damage Only,Secondary Crash,Traffic Control,Red Light Run,Hit and Run,Alcohol,Drugs,Unbelted Person,Work Zone,Speeding Driver,Distracted Driver,Driveway,Pedestrian,Elderly Driver,Young Driver,Commercial Vehicle,Emergency Vehicles,Train,School Bus,Motorcycle,Bicycle,Deer,Longitude,Latitude,geom,geog,x,y
7080,1512959,SCHAEFER,EATON,2018-10-24,24,10,2018,11,4,4,9,,4,0,Asphalt,1,1,1,30,2,2,6,5,0,0,0,0,true,false,false,false,false,false,false,false,false,false,false,false,false,false,false,false,false,false,false,false,false,false,-83.17892,42.3974,"{
  ""coordinates"": [
    -8.317891703539929e+01,
    4.239740374515140e+01
  ],
  ""type"": ""Point""
}","{
  ""coordinates"": [
    -83.178917035,
    42.397403745
  ],
  ""type"": ""Point""
}",-83.178917035,42.3974037450001
7081,1512982,JOY,ESPER,2018-10-24,24,10,2018,18,4,10,9,,4,0,Asphalt,1,1,1,45,3,2,0,5,0,0,0,0,true,false,false,false,true,false,false,false,false,false,false,false,false,false,false,false,false,false,false,false,false,false,-83.15804,42.35889,"{
  ""coordinates"": [
    -8.315804517673379e+01,
    4.235888505372670e+01
  ],
  ""type"": ""Point""
}","{
  ""coordinates"": [
    -83.158045177,
    42.358885054
  ],
  ""type"": ""Point""
}",-83.158045177,42.358885054
7082,1510516,LAPPIN,WALTHAM,2018-10-24,24,10,2018,8,4,8,9,,,0,,1,1,1,25,2,2,2,5,0,0,0,0,true,false,false,false,false,false,false,false,false,false,false,false,false,false,false,false,false,false,false,false,false,false,-82.99493,42.43651,"{
  ""coordinates"": [
    -8.299493296266100e+01,
    4.243651240494850e+01
  ],
  ""type"": ""Point""
}","{
  ""coordinates"": [
    -82.994932963,
    42.436512405
  ],
  ""type"": ""Point""
}",-82.9949329629999,42.436512405
7083,1529775,M-10,ROSA,2018-10-24,24,10,2018,9,4,97,3,,1,0,Concrete,1,1,1,55,3,3,3,5,0,0,0,0,true,false,false,false,false,false,false,false,false,false,false,false,false,false,false,false,false,false,false,false,false,false,-83.12132,42.4046,"{
  ""coordinates"": [
    -8.312132046284340e+01,
    4.240460102682630e+01
  ],
  ""type"": ""Point""
}","{
  ""coordinates"": [
    -83.121320463,
    42.404601027
  ],
  ""type"": ""Point""
}",-83.121320463,42.4046010270001
7084,1532391,M10,ROSA PARKS,2018-10-24,24,10,2018,10,4,5,9,,4,0,Asphalt,1,1,1,55,3,2,2,4,0,0,0,1,false,false,false,false,false,false,false,false,false,true,false,false,false,false,false,false,false,false,false,false,false,false,-83.06979,42.33485,"{
  ""coordinates"": [
    -8.306979564738590e+01,
    4.233485382568470e+01
  ],
  ""type"": ""Point""
}","{
  ""coordinates"": [
    -83.069795647,
    42.334853826
  ],
  ""type"": ""Point""
}",-83.069795647,42.334853826
7085,1520219,DEARBORN,JEFFERSON,2018-10-24,24,10,2018,23,4,98,9,,4,0,Asphalt,1,98,4,30,3,2,0,5,0,0,0,0,true,false,false,false,true,false,false,false,false,false,false,false,false,false,false,false,false,false,false,false,false,false,-83.11677,42.29091,"{
  ""coordinates"": [
    -8.311676585711400e+01,
    4.229091072552120e+01
  ],
  ""type"": ""Point""
}","{
  ""coordinates"": [
    -83.116765857,
    42.290910726
  ],
  ""type"": ""Point""
}",-83.116765857,42.290910726
7086,1513034,MANSFIELD,MARGARETA,2018-10-24,24,10,2018,22,4,4,9,,,0,,1,1,4,25,2,2,4,4,0,0,0,2,false,false,false,false,false,false,false,true,false,false,false,false,false,false,false,false,false,false,false,false,false,false,-83.2062,42.42668,"{
  ""coordinates"": [
    -8.320619773593090e+01,
    4.242667844241270e+01
  ],
  ""type"": ""Point""
}","{
  ""coordinates"": [
    -83.206197736,
    42.426678442
  ],
  ""type"": ""Point""
}",-83.206197736,42.426678442
7087,1514472,GRISWOLD,LARNED,2018-10-24,24,10,2018,16,4,8,9,,4,0,Asphalt,1,2,1,30,2,2,1,5,0,0,0,0,true,false,false,false,false,false,false,false,false,false,false,false,false,false,false,true,false,false,false,false,false,false,-83.04606,42.32904,"{
  ""coordinates"": [
    -8.304605594780830e+01,
    4.232904249850050e+01
  ],
  ""type"": ""Point""
}","{
  ""coordinates"": [
    -83.046055948,
    42.329042499
  ],
  ""type"": ""Point""
}",-83.0460559479999,42.329042499
7088,1512980,JOHN R,CANFIELD,2018-10-24,24,10,2018,8,4,8,9,,4,0,Asphalt,1,1,1,35,2,2,4,5,0,0,0,0,true,true,false,false,false,false,false,false,false,false,false,false,false,false,false,true,false,false,false,false,false,false,-83.05937,42.35361,"{
  ""coordinates"": [
    -8.305937449434811e+01,
    4.235361361738960e+01
  ],
  ""type"": ""Point""
}","{
  ""coordinates"": [
    -83.059374494,
    42.353613617
  ],
  ""type"": ""Point""
}",-83.0593744939999,42.3536136170001
7089,1510511,ROSEMONT,JOY,2018-10-24,24,10,2018,8,4,97,9,,,0,,1,1,1,,4,1,1,5,0,0,0,0,true,false,false,false,false,false,false,false,false,false,false,false,false,true,false,false,false,false,false,false,false,false,-83.21891,42.35786,"{
  ""coordinates"": [
    -8.321890717203421e+01,
    4.235785820205650e+01
  ],
  ""type"": ""Point""
}","{
  ""coordinates"": [
    -83.218907172,
    42.357858202
  ],
  ""type"": ""Point""
}",-83.2189071719999,42.357858202
7090,1525200,S I 75,RAMP 035H,2018-10-24,24,10,2018,17,4,5,1,,1,0,Asphalt,1,1,1,55,2,2,2,4,0,0,0,1,false,false,false,false,false,false,false,false,false,false,false,false,false,false,false,false,false,false,false,false,false,false,-83.08247,42.32016,"{
  ""coordinates"": [
    -8.308247714797260e+01,
    4.232015582882550e+01
  ],
  ""type"": ""Point""
}","{
  ""coordinates"": [
    -83.082477148,
    42.320155829
  ],
  ""type"": ""Point""
}",-83.082477148,42.320155829
7091,1534841,E I 94,WOODWARD,2018-10-24,24,10,2018,13,4,1,1,,1,1,Asphalt,1,1,1,55,3,1,1,5,0,0,0,0,true,false,false,false,false,false,false,false,false,true,false,false,false,false,false,false,false,false,false,false,false,false,-83.0685,42.36375,"{
  ""coordinates"": [
    -8.306850637296860e+01,
    4.236375559541080e+01
  ],
  ""type"": ""Point""
}","{
  ""coordinates"": [
    -83.068506373,
    42.363755595
  ],
  ""type"": ""Point""
}",-83.0685063729999,42.363755595
7092,1507779,MACK,S I 75,2018-10-23,23,10,2018,6,3,4,9,,4,0,Asphalt,1,1,4,25,5,2,1,5,0,0,0,0,true,false,false,false,true,false,false,false,false,false,false,false,false,false,false,false,false,false,false,false,false,false,-83.04815,42.35109,"{
  ""coordinates"": [
    -8.304814733783250e+01,
    4.235109322068200e+01
  ],
  ""type"": ""Point""
}","{
  ""coordinates"": [
    -83.048147338,
    42.351093221
  ],
  ""type"": ""Point""
}",-83.048147338,42.351093221
7093,1509213,DRAGOON,CADET,2018-10-23,23,10,2018,13,3,1,9,,4,0,Asphalt,1,1,1,25,2,2,0,3,0,0,1,0,false,false,false,false,true,false,false,false,false,false,false,false,true,false,false,false,false,false,false,false,false,false,-83.10749,42.31438,"{
  ""coordinates"": [
    -8.310749260436580e+01,
    4.231438489491200e+01
  ],
  ""type"": ""Point""
}","{
  ""coordinates"": [
    -83.107492604,
    42.314384895
  ],
  ""type"": ""Point""
}",-83.107492604,42.314384895
7094,1509237,PASADENA,PETOSKEY,2018-10-23,23,10,2018,13,3,5,9,,,0,,1,1,1,25,2,2,1,5,0,0,0,0,true,false,false,false,true,false,false,false,false,false,false,false,false,true,false,false,false,false,false,false,false,false,-83.13691,42.39039,"{
  ""coordinates"": [
    -8.313690633792091e+01,
    4.239039261255160e+01
  ],
  ""type"": ""Point""
}","{
  ""coordinates"": [
    -83.136906338,
    42.390392613
  ],
  ""type"": ""Point""
}",-83.136906338,42.3903926130001
7095,1510504,WARREN,EUGENE,2018-10-23,23,10,2018,8,3,5,9,,4,0,Asphalt,1,1,1,30,2,2,2,5,0,0,0,0,true,false,false,false,false,false,false,false,false,false,false,false,false,false,false,false,false,false,false,false,false,false,-82.97474,42.38973,"{
  ""coordinates"": [
    -8.297473670870809e+01,
    4.238972989342580e+01
  ],
  ""type"": ""Point""
}","{
  ""coordinates"": [
    -82.974736709,
    42.389729893
  ],
  ""type"": ""Point""
}",-82.974736709,42.389729893
7096,1524142,S I 75,S I 75/GRATIOT,2018-10-23,23,10,2018,11,3,8,1,,1,0,Concrete,1,2,1,55,4,2,2,5,0,0,0,0,true,false,false,false,true,false,false,false,false,false,false,false,false,false,false,false,false,false,false,false,false,false,-83.05162,42.34053,"{
  ""coordinates"": [
    -8.305162357077610e+01,
    4.234053505335550e+01
  ],
  ""type"": ""Point""
}","{
  ""coordinates"": [
    -83.051623571,
    42.340535053
  ],
  ""type"": ""Point""
}",-83.0516235709999,42.3405350530001
7097,1528608,GRISWOLD,MICHIGAN,2018-10-23,23,10,2018,17,3,97,9,,4,0,Asphalt,1,1,1,,2,2,0,5,0,0,0,0,true,false,false,false,true,false,false,false,false,false,false,true,true,false,false,false,false,false,false,false,false,false,-83.0481,42.33149,"{
  ""coordinates"": [
    -8.304809255986930e+01,
    4.233148659033260e+01
  ],
  ""type"": ""Point""
}","{
  ""coordinates"": [
    -83.04809256,
    42.33148659
  ],
  ""type"": ""Point""
}",-83.04809256,42.3314865900001
7098,1539944,S I 75,MICHIGAN,2018-10-23,23,10,2018,9,3,8,1,,1,0,Asphalt,1,1,1,55,3,2,2,5,0,0,0,0,true,false,false,false,false,false,false,false,false,false,false,false,false,false,false,true,false,false,false,false,false,false,-83.08616,42.33096,"{
  ""coordinates"": [
    -8.308615913278550e+01,
    4.233095372491700e+01
  ],
  ""type"": ""Point""
}","{
  ""coordinates"": [
    -83.086159133,
    42.330953725
  ],
  ""type"": ""Point""
}",-83.086159133,42.330953725
7099,1510498,ALTER,JEFFERSON,2018-10-23,23,10,2018,12,3,10,1,,1,0,Asphalt,1,1,1,30,1,2,2,5,0,0,0,0,true,false,false,false,false,false,false,false,false,false,true,false,false,false,true,false,false,false,false,false,false,false,-83.03589,42.33259,"{
  ""coordinates"": [
    -8.303588984338660e+01,
    4.233259170874920e+01
  ],
  ""type"": ""Point""
}","{
  ""coordinates"": [
    -83.035889843,
    42.332591709
  ],
  ""type"": ""Point""
}",-83.0358898429999,42.332591709
7100,1509202,WARREN,LODGE S D,2018-10-23,23,10,2018,12,3,5,9,,4,0,Concrete,1,1,1,30,4,3,3,5,0,0,0,0,true,false,false,false,false,false,false,false,false,false,false,true,false,false,true,false,false,false,false,false,false,false,-83.07352,42.35391,"{
  ""coordinates"": [
    -8.307352212703550e+01,
    4.235391290906980e+01
  ],
  ""type"": ""Point""
}","{
  ""coordinates"": [
    -83.073522127,
    42.353912909
  ],
  ""type"": ""Point""
}",-83.073522127,42.353912909
7101,1509218,SOUTHFIELD,I-96,2018-10-23,23,10,2018,20,3,8,3,,1,0,Asphalt,1,1,4,55,3,2,1,5,0,0,0,0,true,false,false,false,true,false,false,false,false,false,false,false,false,false,false,false,false,false,false,true,false,false,-83.21711,42.37873,"{
  ""coordinates"": [
    -8.321711337227370e+01,
    4.237873568191460e+01
  ],
  ""type"": ""Point""
}","{
  ""coordinates"": [
    -83.217113372,
    42.378735682
  ],
  ""type"": ""Point""
}",-83.217113372,42.3787356820001
7102,1514467,SEMINOLE,AGNES,2018-10-23,23,10,2018,18,3,5,9,,,0,,1,1,1,25,1,2,0,5,0,0,0,0,true,false,false,false,true,false,false,false,false,false,false,false,false,false,false,false,false,false,false,false,false,false,-82.9947,42.35603,"{
  ""coordinates"": [
    -8.299469376121129e+01,
    4.235603238789180e+01
  ],
  ""type"": ""Point""
}","{
  ""coordinates"": [
    -82.994693761,
    42.356032388
  ],
  ""type"": ""Point""
}",-82.994693761,42.3560323880001
7103,1515583,MOUND,ROBINWOOD,2018-10-23,23,10,2018,16,3,8,9,,2,0,Asphalt,1,2,1,35,2,2,2,5,0,0,0,0,true,false,false,false,false,false,false,false,false,false,false,false,false,false,false,false,false,false,false,false,false,false,-83.04373,42.43156,"{
  ""coordinates"": [
    -8.304373148429720e+01,
    4.243156580393630e+01
  ],
  ""type"": ""Point""
}","{
  ""coordinates"": [
    -83.043731484,
    42.431565804
  ],
  ""type"": ""Point""
}",-83.043731484,42.4315658040001
7104,1509238,DAVISON,DEXTER,2018-10-23,23,10,2018,11,3,8,3,,1,0,Asphalt,1,1,1,30,7,2,2,5,0,0,0,0,true,false,false,false,false,false,false,false,false,false,false,false,false,true,false,false,false,false,false,false,false,false,-83.13054,42.38987,"{
  ""coordinates"": [
    -8.313053558363811e+01,
    4.238986781566200e+01
  ],
  ""type"": ""Point""
}","{
  ""coordinates"": [
    -83.130535584,
    42.389867816
  ],
  ""type"": ""Point""
}",-83.130535584,42.389867816
7105,1510525,CONANT,MCNICHOLS,2018-10-23,23,10,2018,6,3,8,9,,4,0,Asphalt,1,1,4,35,4,2,2,5,0,0,0,0,true,false,false,false,true,false,false,false,false,false,false,false,false,false,false,true,false,false,false,false,false,false,-83.06358,42.41861,"{
  ""coordinates"": [
    -8.306358087826530e+01,
    4.241860923428940e+01
  ],
  ""type"": ""Point""
}","{
  ""coordinates"": [
    -83.063580878,
    42.418609234
  ],
  ""type"": ""Point""
}",-83.063580878,42.418609234
7106,1509190,N I 75,RAMP 045B,2018-10-23,23,10,2018,23,3,1,1,,1,1,Asphalt,1,1,4,70,3,1,1,3,0,0,1,0,false,false,false,false,false,false,false,false,false,true,false,false,false,false,true,false,false,false,false,false,false,false,-83.06493,42.38187,"{
  ""coordinates"": [
    -8.306493427902450e+01,
    4.238187487634440e+01
  ],
  ""type"": ""Point""
}","{
  ""coordinates"": [
    -83.064934279,
    42.381874876
  ],
  ""type"": ""Point""
}",-83.0649342789999,42.381874876
7107,1509228,GRINNELL,VAN DYKE,2018-10-23,23,10,2018,8,3,8,3,,4,0,Asphalt,98,4,98,,2,2,1,5,0,0,0,0,true,false,false,false,true,false,false,false,false,false,false,false,false,false,false,false,false,false,false,false,false,false,-83.02264,42.40094,"{
  ""coordinates"": [
    -8.302263742571530e+01,
    4.240094116284620e+01
  ],
  ""type"": ""Point""
}","{
  ""coordinates"": [
    -83.022637426,
    42.400941163
  ],
  ""type"": ""Point""
}",-83.022637426,42.400941163
7108,1510464,I-94,GRAND RIVER,2018-10-23,23,10,2018,16,3,1,1,,1,1,Asphalt,1,1,1,55,3,1,2,4,0,0,0,1,false,false,false,false,false,false,false,false,false,true,false,false,false,false,true,false,false,false,false,false,false,false,-83.0959,42.35112,"{
  ""coordinates"": [
    -8.309590487328300e+01,
    4.235111585269720e+01
  ],
  ""type"": ""Point""
}","{
  ""coordinates"": [
    -83.095904873,
    42.351115853
  ],
  ""type"": ""Point""
}",-83.0959048729999,42.3511158530001
7109,1515570,7 MILE,LESURE,2018-10-23,23,10,2018,9,3,5,9,,2,0,Asphalt,1,1,1,35,4,2,3,5,0,0,0,0,true,false,false,false,false,false,false,false,false,false,false,false,false,false,false,false,false,false,false,false,false,false,-83.18283,42.431,"{
  ""coordinates"": [
    -8.318283135147180e+01,
    4.243099553871270e+01
  ],
  ""type"": ""Point""
}","{
  ""coordinates"": [
    -83.182831351,
    42.430995539
  ],
  ""type"": ""Point""
}",-83.1828313509999,42.430995539
7110,1509232,GRATIOT,GUNSTON,2018-10-23,23,10,2018,8,3,5,3,,1,0,Asphalt,1,2,1,35,8,2,2,4,0,0,0,1,false,false,false,false,false,false,false,false,false,false,false,false,false,false,false,false,false,false,false,false,false,false,-82.99516,42.40849,"{
  ""coordinates"": [
    -8.299515500107771e+01,
    4.240848911131560e+01
  ],
  ""type"": ""Point""
}","{
  ""coordinates"": [
    -82.995155001,
    42.408489111
  ],
  ""type"": ""Point""
}",-82.9951550009999,42.4084891110001
7111,1510506,MOROSS,CHANDLER PARK,2018-10-23,23,10,2018,17,3,5,9,,2,0,Asphalt,1,1,1,30,3,2,2,5,0,0,0,0,true,false,false,false,false,false,false,false,false,false,false,false,false,false,false,false,false,false,false,false,false,false,-82.91535,42.41875,"{
  ""coordinates"": [
    -8.291534891716010e+01,
    4.241875545705650e+01
  ],
  ""type"": ""Point""
}","{
  ""coordinates"": [
    -82.915348917,
    42.418755457
  ],
  ""type"": ""Point""
}",-82.915348917,42.418755457
7112,1512979,WARREN,N I 75,2018-10-23,23,10,2018,10,3,8,9,,4,0,Asphalt,1,1,1,40,3,2,4,5,0,0,0,0,true,false,false,false,false,false,false,false,false,false,false,false,false,false,true,false,false,false,false,false,false,false,-83.05434,42.36079,"{
  ""coordinates"": [
    -8.305434491837750e+01,
    4.236079398083770e+01
  ],
  ""type"": ""Point""
}","{
  ""coordinates"": [
    -83.054344918,
    42.360793981
  ],
  ""type"": ""Point""
}",-83.054344918,42.360793981
7113,1510492,PARK,BAGLEY,2018-10-23,23,10,2018,8,3,10,9,,4,0,Asphalt,1,1,1,25,3,3,0,5,0,0,0,0,true,false,false,false,true,false,false,false,false,false,false,false,false,false,false,false,false,false,false,false,false,false,-83.0518,42.33596,"{
  ""coordinates"": [
    -8.305179275435620e+01,
    4.233596470454760e+01
  ],
  ""type"": ""Point""
}","{
  ""coordinates"": [
    -83.051792754,
    42.335964705
  ],
  ""type"": ""Point""
}",-83.051792754,42.335964705
7114,1510477,M-10,FOREST,2018-10-23,23,10,2018,9,3,5,3,,1,0,Concrete,1,1,4,55,4,2,2,5,0,0,0,0,true,false,false,false,false,false,false,false,false,false,false,false,false,false,true,false,false,false,false,false,false,false,-83.07465,42.35553,"{
  ""coordinates"": [
    -8.307464291353909e+01,
    4.235553536143780e+01
  ],
  ""type"": ""Point""
}","{
  ""coordinates"": [
    -83.074642914,
    42.355535361
  ],
  ""type"": ""Point""
}",-83.074642914,42.3555353610001
7115,1510534,WILDEMERE,SANTA MARIA,2018-10-23,23,10,2018,13,3,10,9,,,0,,1,1,1,25,1,2,1,5,0,0,0,0,true,false,false,false,false,false,false,false,false,false,false,true,false,true,false,false,false,false,false,false,false,false,-83.133,42.42006,"{
  ""coordinates"": [
    -8.313299397124510e+01,
    4.242005591172410e+01
  ],
  ""type"": ""Point""
}","{
  ""coordinates"": [
    -83.132993971,
    42.420055912
  ],
  ""type"": ""Point""
}",-83.132993971,42.4200559120001
7116,1509210,WOODMERE,ELSMERE,2018-10-23,23,10,2018,7,3,97,9,,4,0,Asphalt,1,1,1,25,2,2,1,5,0,0,0,0,true,false,false,false,true,false,false,false,false,false,false,false,false,false,true,false,false,false,false,false,false,false,-83.13498,42.30595,"{
  ""coordinates"": [
    -8.313497966022410e+01,
    4.230595321162860e+01
  ],
  ""type"": ""Point""
}","{
  ""coordinates"": [
    -83.13497966,
    42.305953212
  ],
  ""type"": ""Point""
}",-83.1349796599999,42.3059532120001
7117,1510537,8 MILE,SANTA ROSA,2018-10-23,23,10,2018,14,3,8,3,,1,0,Asphalt,1,1,1,40,4,2,2,5,0,0,0,0,true,false,true,false,false,false,false,false,false,false,false,false,false,false,false,false,false,false,false,false,false,false,-83.14362,42.44605,"{
  ""coordinates"": [
    -8.314361913764250e+01,
    4.244604965369490e+01
  ],
  ""type"": ""Point""
}","{
  ""coordinates"": [
    -83.143619138,
    42.446049654
  ],
  ""type"": ""Point""
}",-83.143619138,42.446049654
7118,1510530,7 MILE,MEYERS,2018-10-23,23,10,2018,18,3,4,9,,2,0,Asphalt,1,1,3,30,5,2,2,4,0,0,0,1,false,false,false,false,false,false,false,false,false,false,false,false,false,true,false,false,false,false,false,false,false,false,-83.17106,42.43125,"{
  ""coordinates"": [
    -8.317106021400279e+01,
    4.243124640473440e+01
  ],
  ""type"": ""Point""
}","{
  ""coordinates"": [
    -83.171060214,
    42.431246405
  ],
  ""type"": ""Point""
}",-83.171060214,42.431246405
7119,1509209,FORT,CENTRAL,2018-10-23,23,10,2018,17,3,5,3,,1,0,Asphalt,1,1,1,30,5,2,2,5,0,0,0,0,true,false,false,false,false,false,false,false,false,false,false,false,false,false,false,false,false,false,false,false,false,false,-83.11623,42.30136,"{
  ""coordinates"": [
    -8.311622510179799e+01,
    4.230135554113330e+01
  ],
  ""type"": ""Point""
}","{
  ""coordinates"": [
    -83.116225102,
    42.301355541
  ],
  ""type"": ""Point""
}",-83.116225102,42.3013555410001
7120,1515527,CONGRESS,GRISWOLD,2018-10-23,23,10,2018,12,3,1,9,,4,0,Asphalt,1,1,1,25,2,2,2,3,0,0,1,0,false,false,false,false,false,false,false,false,false,false,false,false,false,false,false,false,false,false,false,false,true,false,-83.04678,42.3298,"{
  ""coordinates"": [
    -8.304678600401760e+01,
    4.232979793195150e+01
  ],
  ""type"": ""Point""
}","{
  ""coordinates"": [
    -83.046786004,
    42.329797932
  ],
  ""type"": ""Point""
}",-83.046786004,42.3297979320001
7121,1509211,MILITARY,TOLEDO,2018-10-23,23,10,2018,9,3,98,9,,,0,,1,1,1,25,2,1,0,5,0,0,0,0,true,false,false,false,true,false,false,false,false,false,false,false,false,false,false,false,false,false,false,false,false,false,-83.10921,42.31891,"{
  ""coordinates"": [
    -8.310921011225091e+01,
    4.231891123103000e+01
  ],
  ""type"": ""Point""
}","{
  ""coordinates"": [
    -83.109210112,
    42.318911231
  ],
  ""type"": ""Point""
}",-83.109210112,42.3189112310001
7122,1509227,8 MILE,N M 39,2018-10-23,23,10,2018,10,3,4,3,,1,0,Concrete,98,98,98,,2,2,2,5,0,0,0,0,true,false,true,true,false,false,false,false,false,false,false,false,false,false,false,false,false,false,false,false,false,false,-83.21967,42.44418,"{
  ""coordinates"": [
    -8.321967309776620e+01,
    4.244417534981930e+01
  ],
  ""type"": ""Point""
}","{
  ""coordinates"": [
    -83.219673098,
    42.44417535
  ],
  ""type"": ""Point""
}",-83.219673098,42.4441753500001
7123,1510523,DAVISON SERVICE,LIVERNOIS,2018-10-23,23,10,2018,19,3,1,3,,1,1,Asphalt,1,1,4,35,7,1,1,5,0,0,0,0,true,false,false,false,false,false,false,false,false,false,false,false,false,true,false,false,false,false,false,false,false,false,-83.13854,42.38681,"{
  ""coordinates"": [
    -8.313854450494129e+01,
    4.238680499672080e+01
  ],
  ""type"": ""Point""
}","{
  ""coordinates"": [
    -83.138544505,
    42.386804997
  ],
  ""type"": ""Point""
}",-83.138544505,42.3868049970001
7124,1510480,I-96,GRAND,2018-10-23,23,10,2018,9,3,5,1,,1,0,Asphalt,1,1,1,70,3,2,2,5,0,0,0,0,true,false,false,false,false,false,false,false,false,false,false,false,false,false,false,false,false,false,false,false,false,false,-83.11914,42.35989,"{
  ""coordinates"": [
    -8.311914255586009e+01,
    4.235989405459680e+01
  ],
  ""type"": ""Point""
}","{
  ""coordinates"": [
    -83.119142556,
    42.359894055
  ],
  ""type"": ""Point""
}",-83.119142556,42.359894055
7125,1511504,RAMP 216E,E I 94,2018-10-23,23,10,2018,15,3,5,1,,1,0,Concrete,1,1,1,55,1,2,2,5,0,0,0,0,true,false,false,false,false,false,false,false,false,false,false,false,false,false,true,false,false,false,false,false,false,false,-83.05522,42.37027,"{
  ""coordinates"": [
    -8.305522341904560e+01,
    4.237026908550780e+01
  ],
  ""type"": ""Point""
}","{
  ""coordinates"": [
    -83.055223419,
    42.370269086
  ],
  ""type"": ""Point""
}",-83.055223419,42.3702690860001
7126,1509231,GRATIOT,FAIRMOUNT,2018-10-23,23,10,2018,12,3,8,3,,1,0,Asphalt,1,1,1,35,7,2,1,5,0,0,0,0,true,false,false,false,false,false,false,false,false,false,false,false,false,false,false,false,false,false,false,false,false,false,-82.97153,42.44444,"{
  ""coordinates"": [
    -8.297152580794200e+01,
    4.244443568075310e+01
  ],
  ""type"": ""Point""
}","{
  ""coordinates"": [
    -82.971525808,
    42.444435681
  ],
  ""type"": ""Point""
}",-82.971525808,42.4444356810001
7127,1511501,N/B I-75,FERRY,2018-10-23,23,10,2018,16,3,1,1,,1,0,Asphalt,1,1,1,55,4,1,1,5,0,0,0,0,true,false,false,false,false,false,false,false,false,false,false,false,false,false,false,false,false,false,false,false,false,false,-83.0565,42.36547,"{
  ""coordinates"": [
    -8.305649688108640e+01,
    4.236547460577980e+01
  ],
  ""type"": ""Point""
}","{
  ""coordinates"": [
    -83.056496881,
    42.365474606
  ],
  ""type"": ""Point""
}",-83.056496881,42.3654746060001
7128,1509233,HAYES,ELMDALE,2018-10-23,23,10,2018,16,3,1,9,,4,0,Asphalt,1,1,1,30,2,1,1,4,0,0,0,1,false,false,false,false,false,true,false,false,false,false,false,false,false,false,false,false,false,false,false,false,false,false,-82.96458,42.41045,"{
  ""coordinates"": [
    -8.296458221145960e+01,
    4.241044509743840e+01
  ],
  ""type"": ""Point""
}","{
  ""coordinates"": [
    -82.964582211,
    42.410445097
  ],
  ""type"": ""Point""
}",-82.9645822109999,42.410445097
7129,1510505,WARREN,3 MILE,2018-10-23,23,10,2018,19,3,4,9,,4,0,Asphalt,1,1,4,30,3,2,2,5,0,0,0,0,true,false,false,false,false,false,false,false,false,true,false,true,false,true,false,false,false,false,false,false,false,false,-82.94008,42.40232,"{
  ""coordinates"": [
    -8.294007837690960e+01,
    4.240231526628980e+01
  ],
  ""type"": ""Point""
}","{
  ""coordinates"": [
    -82.940078377,
    42.402315266
  ],
  ""type"": ""Point""
}",-82.940078377,42.4023152660001
7130,1509200,CANFIELD,N I 75,2018-10-23,23,10,2018,16,3,97,9,,4,0,Asphalt,1,1,1,25,2,2,0,4,0,0,0,1,false,false,false,false,true,false,false,false,false,false,false,false,true,false,false,false,false,false,false,false,false,false,-83.05157,42.35659,"{
  ""coordinates"": [
    -8.305156599794880e+01,
    4.235658829441520e+01
  ],
  ""type"": ""Point""
}","{
  ""coordinates"": [
    -83.051565998,
    42.356588294
  ],
  ""type"": ""Point""
}",-83.0515659979999,42.3565882940001
7131,1510528,NORTHLAWN,7 MILE,2018-10-23,23,10,2018,18,3,97,9,,,0,,1,1,1,30,2,2,5,3,0,0,1,4,false,false,true,false,false,false,false,true,false,false,false,false,false,true,false,false,false,false,false,false,false,false,-83.15428,42.43137,"{
  ""coordinates"": [
    -8.315427878684901e+01,
    4.243136446017240e+01
  ],
  ""type"": ""Point""
}","{
  ""coordinates"": [
    -83.154278787,
    42.43136446
  ],
  ""type"": ""Point""
}",-83.154278787,42.4313644600001
7132,1509224,FENKELL,N M 39,2018-10-23,23,10,2018,17,3,4,9,,2,0,Asphalt,1,1,1,35,3,2,1,5,0,0,0,0,true,false,false,false,true,false,false,false,false,false,false,true,false,false,false,false,false,false,false,false,false,false,-83.21831,42.40112,"{
  ""coordinates"": [
    -8.321830878871080e+01,
    4.240112319245190e+01
  ],
  ""type"": ""Point""
}","{
  ""coordinates"": [
    -83.218308789,
    42.401123192
  ],
  ""type"": ""Point""
}",-83.2183087889999,42.4011231920001
7133,1507807,CONANT,MCNICHOLS,2018-10-23,23,10,2018,7,3,8,9,,4,0,Asphalt,1,1,2,30,2,2,1,5,0,0,0,0,true,false,false,false,true,false,false,false,false,false,false,false,false,false,false,true,false,false,false,false,false,false,-83.06359,42.41862,"{
  ""coordinates"": [
    -8.306358969533581e+01,
    4.241862216974940e+01
  ],
  ""type"": ""Point""
}","{
  ""coordinates"": [
    -83.063589695,
    42.41862217
  ],
  ""type"": ""Point""
}",-83.063589695,42.41862217
7134,1509220,MCNICHOLS,LENORE,2018-10-23,23,10,2018,10,3,5,9,,2,0,Asphalt,1,1,1,35,4,2,2,5,0,0,0,0,true,true,false,false,false,false,false,false,false,false,false,false,false,false,false,false,false,false,false,false,false,false,-83.28104,42.41442,"{
  ""coordinates"": [
    -8.328104586091010e+01,
    4.241442463232410e+01
  ],
  ""type"": ""Point""
}","{
  ""coordinates"": [
    -83.281045861,
    42.414424632
  ],
  ""type"": ""Point""
}",-83.2810458609999,42.4144246320001