ObjectId,Crash ID,Primary Road,Intersecting Road,Crash Date,Day,Month,Year,Hour,Weekday,Crash Type Code,Highway Classification Code,Community Code,Jurisdiction Code,Lane Departure Type Code,Surface Type,Road Condition,Weather Condition,Lighting Condition,Speed Limit,Lanes,Units,Occupants,Most Severe Injury,Fatal Injuries,Suspected Serious Injuries,Suspected Minor Injuries,Possible Injuries,Property Damage Only,Secondary Crash,Traffic Control,Red Light Run,Hit and Run,Alcohol,Drugs,Unbelted Person,Work Zone,Speeding Driver,Distracted Driver,Driveway,Pedestrian,Elderly Driver,Young Driver,Commercial Vehicle,Emergency Vehicles,Train,School Bus,Motorcycle,Bicycle,Deer,Longitude,Latitude,geom,geog,x,y
7135,1510489,GREENFIELD,ELLIS,2018-10-23,23,10,2018,19,3,8,9,,2,0,Asphalt,1,1,4,45,4,2,2,5,0,0,0,0,true,false,false,false,false,false,false,false,false,false,false,false,false,false,false,false,false,false,false,false,false,false,-83.19712,42.36068,"{
  ""coordinates"": [
    -8.319711846177400e+01,
    4.236067393565660e+01
  ],
  ""type"": ""Point""
}","{
  ""coordinates"": [
    -83.197118462,
    42.360673936
  ],
  ""type"": ""Point""
}",-83.1971184619999,42.3606739360001
7136,1509206,STATE,WOODWARD,2018-10-23,23,10,2018,14,3,8,3,,4,0,Asphalt,1,1,1,30,3,2,2,5,0,0,0,0,true,false,false,false,false,false,false,false,false,false,false,false,false,false,false,true,false,false,false,false,false,false,-83.11989,42.43925,"{
  ""coordinates"": [
    -8.311988727503760e+01,
    4.243925103581750e+01
  ],
  ""type"": ""Point""
}","{
  ""coordinates"": [
    -83.119887275,
    42.439251036
  ],
  ""type"": ""Point""
}",-83.1198872749999,42.439251036
7137,1509197,FULLERTON,WARD,2018-10-23,23,10,2018,9,3,4,9,,4,0,Concrete,1,1,1,35,2,2,2,4,0,0,0,1,false,false,false,false,false,false,false,false,false,false,false,false,false,false,false,false,false,false,false,false,false,false,-83.18893,42.38029,"{
  ""coordinates"": [
    -8.318893562746250e+01,
    4.238029426355630e+01
  ],
  ""type"": ""Point""
}","{
  ""coordinates"": [
    -83.188935627,
    42.380294264
  ],
  ""type"": ""Point""
}",-83.188935627,42.380294264
7138,1509207,E I 94,GRAND,2018-10-23,23,10,2018,8,3,5,1,,1,0,Asphalt,1,1,1,55,3,2,3,5,0,0,0,0,true,false,false,false,true,false,false,false,false,false,false,false,false,false,false,false,false,false,false,false,false,false,-83.10956,42.34655,"{
  ""coordinates"": [
    -8.310955630928289e+01,
    4.234655210720310e+01
  ],
  ""type"": ""Point""
}","{
  ""coordinates"": [
    -83.109556309,
    42.346552107
  ],
  ""type"": ""Point""
}",-83.109556309,42.346552107
7139,1511547,FISCHER,FOREST,2018-10-23,23,10,2018,13,3,9,9,,,2,,1,1,1,25,1,2,3,5,0,0,0,0,true,false,false,false,false,false,false,false,false,false,false,false,false,false,false,false,false,false,false,false,false,false,-83.00426,42.37657,"{
  ""coordinates"": [
    -8.300425738570270e+01,
    4.237656908323910e+01
  ],
  ""type"": ""Point""
}","{
  ""coordinates"": [
    -83.004257386,
    42.376569083
  ],
  ""type"": ""Point""
}",-83.0042573859999,42.376569083
7140,1521752,GREINER,OUTER,2018-10-23,23,10,2018,0,3,8,9,,4,0,Asphalt,1,1,4,35,2,2,2,2,0,1,0,0,false,false,false,false,false,false,false,false,false,false,false,false,false,false,false,false,false,false,false,true,false,false,-83.01427,42.42698,"{
  ""coordinates"": [
    -8.301427613871810e+01,
    4.242698075040100e+01
  ],
  ""type"": ""Point""
}","{
  ""coordinates"": [
    -83.014276139,
    42.42698075
  ],
  ""type"": ""Point""
}",-83.0142761389999,42.42698075
7141,1510476,M-39,JOY,2018-10-23,23,10,2018,6,3,8,3,,1,0,Asphalt,1,1,4,55,3,3,3,5,0,0,0,0,true,false,false,false,true,false,false,false,false,false,false,false,false,false,true,false,false,false,false,false,false,false,-83.21625,42.34916,"{
  ""coordinates"": [
    -8.321624943603010e+01,
    4.234915732230520e+01
  ],
  ""type"": ""Point""
}","{
  ""coordinates"": [
    -83.216249436,
    42.349157322
  ],
  ""type"": ""Point""
}",-83.2162494359999,42.3491573220001
7142,1509219,GRATIOT,CHENE,2018-10-23,23,10,2018,16,3,3,3,,1,0,Asphalt,1,2,1,35,7,2,1,5,0,0,0,0,true,false,false,false,true,false,false,false,false,false,false,false,false,false,false,false,false,false,false,false,false,false,-83.03204,42.35249,"{
  ""coordinates"": [
    -8.303204637835580e+01,
    4.235249507611840e+01
  ],
  ""type"": ""Point""
}","{
  ""coordinates"": [
    -83.032046378,
    42.352495076
  ],
  ""type"": ""Point""
}",-83.032046378,42.352495076
7143,1524230,ANTHONY WAYNE,MERRICK,2018-10-23,23,10,2018,15,3,10,9,,4,0,Asphalt,1,1,1,25,2,2,0,5,0,0,0,0,true,false,false,false,true,false,false,false,false,false,false,false,false,false,false,false,false,false,false,false,false,false,-83.07368,42.35865,"{
  ""coordinates"": [
    -8.307367769295099e+01,
    4.235865565976530e+01
  ],
  ""type"": ""Point""
}","{
  ""coordinates"": [
    -83.073677693,
    42.35865566
  ],
  ""type"": ""Point""
}",-83.073677693,42.3586556600001
7144,1510541,BALTIMORE,WOODWARD,2018-10-23,23,10,2018,9,3,10,3,,4,0,Asphalt,1,1,1,35,2,2,2,5,0,0,0,0,true,false,false,false,true,false,false,false,false,false,false,false,false,false,false,false,false,false,false,false,false,false,-83.0721,42.36841,"{
  ""coordinates"": [
    -8.307209852704790e+01,
    4.236841256771510e+01
  ],
  ""type"": ""Point""
}","{
  ""coordinates"": [
    -83.072098527,
    42.368412568
  ],
  ""type"": ""Point""
}",-83.072098527,42.3684125680001
7145,1511526,SCHAEFER,LIDDESDALE,2018-10-23,23,10,2018,19,3,5,9,,2,0,Asphalt,1,1,4,35,4,2,4,5,0,0,0,0,true,false,false,false,false,false,false,true,false,false,false,false,false,false,true,false,false,false,false,false,false,false,-83.15156,42.27512,"{
  ""coordinates"": [
    -8.315156137489240e+01,
    4.227511601556160e+01
  ],
  ""type"": ""Point""
}","{
  ""coordinates"": [
    -83.151561375,
    42.275116016
  ],
  ""type"": ""Point""
}",-83.151561375,42.275116016
7146,1520242,ROSEMONT,TIREMAN,2018-10-23,23,10,2018,12,3,9,9,,,2,,2,1,1,25,1,2,3,5,0,0,0,0,true,false,false,false,false,false,false,false,false,false,false,false,false,false,false,true,false,false,false,false,false,false,-83.21863,42.35031,"{
  ""coordinates"": [
    -8.321862963356720e+01,
    4.235031023899500e+01
  ],
  ""type"": ""Point""
}","{
  ""coordinates"": [
    -83.218629634,
    42.350310239
  ],
  ""type"": ""Point""
}",-83.218629634,42.3503102390001
7147,1522967,GRANDVILLE,KENDALL,2018-10-23,23,10,2018,12,3,8,9,,,0,,1,1,1,25,1,2,3,5,0,0,0,0,true,false,false,false,false,false,false,false,false,false,false,false,false,false,false,false,true,false,false,false,false,false,-83.23093,42.38879,"{
  ""coordinates"": [
    -8.323093400683710e+01,
    4.238879417080930e+01
  ],
  ""type"": ""Point""
}","{
  ""coordinates"": [
    -83.230934007,
    42.388794171
  ],
  ""type"": ""Point""
}",-83.230934007,42.388794171
7148,1509214,JUNCTION,N I 75,2018-10-23,23,10,2018,15,3,4,9,,1,0,Concrete,1,1,1,25,2,2,2,5,0,0,0,0,true,false,true,false,false,false,false,false,false,false,false,false,false,false,true,false,false,false,false,false,false,false,-83.09702,42.31112,"{
  ""coordinates"": [
    -8.309701223072580e+01,
    4.231111604871380e+01
  ],
  ""type"": ""Point""
}","{
  ""coordinates"": [
    -83.097012231,
    42.311116049
  ],
  ""type"": ""Point""
}",-83.097012231,42.3111160490001
7149,1509201,TIREMAN,SEEBALDT,2018-10-23,23,10,2018,21,3,1,9,,4,0,Asphalt,1,1,4,30,4,1,1,5,0,0,0,0,true,false,false,false,false,false,false,false,false,false,false,false,false,false,true,false,true,false,false,false,false,false,-83.12692,42.35191,"{
  ""coordinates"": [
    -8.312692205850550e+01,
    4.235190411656250e+01
  ],
  ""type"": ""Point""
}","{
  ""coordinates"": [
    -83.126922059,
    42.351904117
  ],
  ""type"": ""Point""
}",-83.126922059,42.3519041170001
7150,1510479,I-94,M-10,2018-10-23,23,10,2018,8,3,5,1,,1,0,Asphalt,1,1,1,55,3,2,2,5,0,0,0,0,true,false,false,false,false,false,false,false,false,false,false,false,false,false,false,false,false,false,false,false,false,false,-83.08448,42.35485,"{
  ""coordinates"": [
    -8.308447922929750e+01,
    4.235485454283380e+01
  ],
  ""type"": ""Point""
}","{
  ""coordinates"": [
    -83.084479229,
    42.354854543
  ],
  ""type"": ""Point""
}",-83.084479229,42.354854543
7151,1510515,7 MILE,STRASBURG,2018-10-23,23,10,2018,14,3,5,9,,4,0,Asphalt,1,1,1,30,5,2,2,4,0,0,0,1,false,false,false,false,false,false,false,false,false,false,false,false,false,true,false,false,false,false,false,false,false,false,-82.9985,42.43461,"{
  ""coordinates"": [
    -8.299850215389830e+01,
    4.243460953607240e+01
  ],
  ""type"": ""Point""
}","{
  ""coordinates"": [
    -82.998502154,
    42.434609536
  ],
  ""type"": ""Point""
}",-82.9985021539999,42.434609536
7152,1510522,W I 94 SERVICE DRIVE,WARREN,2018-10-23,23,10,2018,9,3,8,9,,4,0,Asphalt,1,1,1,,3,2,2,5,0,0,0,0,true,false,false,false,false,false,false,false,false,false,false,false,false,false,false,false,false,false,false,false,false,false,-83.11391,42.34468,"{
  ""coordinates"": [
    -8.311391138313240e+01,
    4.234468571204210e+01
  ],
  ""type"": ""Point""
}","{
  ""coordinates"": [
    -83.113911383,
    42.344685712
  ],
  ""type"": ""Point""
}",-83.113911383,42.3446857120001
7153,1594512,FENMORE,VERNE,2018-10-23,23,10,2018,16,3,10,9,,,0,,1,1,1,25,2,2,0,5,0,0,0,0,true,false,false,false,true,false,false,false,false,false,false,false,false,false,false,false,false,false,false,false,false,false,-83.21761,42.41193,"{
  ""coordinates"": [
    -8.321760690889811e+01,
    4.241193169607920e+01
  ],
  ""type"": ""Point""
}","{
  ""coordinates"": [
    -83.217606909,
    42.411931696
  ],
  ""type"": ""Point""
}",-83.217606909,42.4119316960001
7154,1524145,I 94,ROOSEVELT,2018-10-23,23,10,2018,16,3,5,9,,,0,,1,1,1,55,3,2,3,5,0,0,0,0,true,false,false,false,false,false,false,false,false,false,false,false,false,false,false,false,false,false,false,false,false,false,-83.10519,42.34784,"{
  ""coordinates"": [
    -8.310518884808100e+01,
    4.234783491221990e+01
  ],
  ""type"": ""Point""
}","{
  ""coordinates"": [
    -83.105188848,
    42.347834912
  ],
  ""type"": ""Point""
}",-83.105188848,42.3478349120001
7155,1570368,VAN DYKE,GEORGIA,2018-10-22,22,10,2018,17,2,97,3,,1,0,Asphalt,1,1,1,35,2,2,4,5,0,0,0,0,true,false,false,false,false,false,false,false,false,false,false,false,false,false,false,false,false,false,false,false,false,false,-83.02268,42.39329,"{
  ""coordinates"": [
    -8.302268381135620e+01,
    4.239328674573440e+01
  ],
  ""type"": ""Point""
}","{
  ""coordinates"": [
    -83.022683811,
    42.393286746
  ],
  ""type"": ""Point""
}",-83.022683811,42.3932867460001
7156,1510499,HARPER,CADIEUX,2018-10-22,22,10,2018,23,2,5,9,,4,0,Asphalt,1,1,4,30,5,2,3,5,0,0,0,0,true,false,false,false,false,false,false,false,false,false,false,false,false,false,false,false,false,false,false,false,false,false,-82.93664,42.41644,"{
  ""coordinates"": [
    -8.293663715442510e+01,
    4.241643623697990e+01
  ],
  ""type"": ""Point""
}","{
  ""coordinates"": [
    -82.936637154,
    42.416436237
  ],
  ""type"": ""Point""
}",-82.936637154,42.416436237
7157,1511548,VAN DYKE,WARREN,2018-10-22,22,10,2018,11,2,8,9,,4,0,Asphalt,1,1,1,25,2,2,2,5,0,0,0,0,true,false,false,false,false,false,false,false,false,false,false,false,false,false,false,false,false,false,false,false,false,false,-83.01297,42.37645,"{
  ""coordinates"": [
    -8.301296692130100e+01,
    4.237645307015120e+01
  ],
  ""type"": ""Point""
}","{
  ""coordinates"": [
    -83.012966921,
    42.37645307
  ],
  ""type"": ""Point""
}",-83.012966921,42.37645307
7158,1574077,W I 94,HARPER,2018-10-22,22,10,2018,20,2,98,1,,1,0,Asphalt,1,1,1,55,3,2,2,1,1,0,0,0,false,false,false,false,false,true,true,false,false,false,false,false,false,false,false,false,false,false,false,false,false,false,-82.93233,42.42035,"{
  ""coordinates"": [
    -8.293232874271790e+01,
    4.242035272778220e+01
  ],
  ""type"": ""Point""
}","{
  ""coordinates"": [
    -82.932328743,
    42.420352728
  ],
  ""type"": ""Point""
}",-82.932328743,42.4203527280001
7159,1507809,MOUND,STOCKTON,2018-10-22,22,10,2018,11,2,8,9,,2,0,Asphalt,1,1,1,35,4,2,2,5,0,0,0,0,true,false,false,false,false,false,false,false,false,false,false,false,false,false,false,true,false,false,false,false,false,false,-83.04314,42.42807,"{
  ""coordinates"": [
    -8.304313661661720e+01,
    4.242806832433980e+01
  ],
  ""type"": ""Point""
}","{
  ""coordinates"": [
    -83.043136617,
    42.428068324
  ],
  ""type"": ""Point""
}",-83.043136617,42.428068324
7160,1524147,RAMP 216E,RAMP 216D,2018-10-22,22,10,2018,14,2,5,1,,1,0,Concrete,1,1,1,70,2,2,2,4,0,0,0,1,false,false,false,false,false,false,false,false,false,false,false,false,false,false,false,false,false,false,false,false,false,false,-83.05715,42.36827,"{
  ""coordinates"": [
    -8.305715144366370e+01,
    4.236826876281770e+01
  ],
  ""type"": ""Point""
}","{
  ""coordinates"": [
    -83.057151444,
    42.368268763
  ],
  ""type"": ""Point""
}",-83.0571514439999,42.3682687630001
7161,1510475,I-75,MCNICHOLS,2018-10-22,22,10,2018,7,2,8,1,,1,0,Asphalt,1,1,4,70,4,2,1,5,0,0,0,0,true,false,false,false,false,false,false,false,false,false,false,false,false,false,false,false,false,false,false,false,false,false,-83.09014,42.42067,"{
  ""coordinates"": [
    -8.309014292020080e+01,
    4.242067418854630e+01
  ],
  ""type"": ""Point""
}","{
  ""coordinates"": [
    -83.09014292,
    42.420674189
  ],
  ""type"": ""Point""
}",-83.0901429199999,42.4206741890001
7162,1509198,WYOMING,I96,2018-10-22,22,10,2018,20,2,1,9,,4,0,Concrete,1,1,4,35,3,1,1,4,0,0,0,1,false,false,false,false,false,false,false,false,false,false,false,false,false,false,false,false,false,false,false,true,false,false,-83.15898,42.38549,"{
  ""coordinates"": [
    -8.315898108457890e+01,
    4.238549074953110e+01
  ],
  ""type"": ""Point""
}","{
  ""coordinates"": [
    -83.158981085,
    42.38549075
  ],
  ""type"": ""Point""
}",-83.1589810849999,42.38549075
7163,1507806,MCNICHOLS,MOUND,2018-10-22,22,10,2018,16,2,5,9,,4,0,Asphalt,1,1,1,40,2,2,5,5,0,0,0,0,true,false,false,false,false,false,false,false,false,false,false,false,false,false,false,false,false,false,false,false,false,false,-83.04311,42.41906,"{
  ""coordinates"": [
    -8.304310827552600e+01,
    4.241906173136430e+01
  ],
  ""type"": ""Point""
}","{
  ""coordinates"": [
    -83.043108276,
    42.419061731
  ],
  ""type"": ""Point""
}",-83.0431082759999,42.4190617310001
7164,1510490,CHRYSLER,CLAY,2018-10-22,22,10,2018,11,2,8,9,,4,0,Asphalt,1,1,4,,3,2,2,5,0,0,0,0,true,false,false,false,false,true,false,false,false,false,false,false,false,false,false,true,false,false,false,false,false,false,-83.06219,42.37851,"{
  ""coordinates"": [
    -8.306219569444499e+01,
    4.237850403226320e+01
  ],
  ""type"": ""Point""
}","{
  ""coordinates"": [
    -83.062195694,
    42.378504032
  ],
  ""type"": ""Point""
}",-83.062195694,42.3785040320001
7165,1506372,WYOMING,FENKELL,2018-10-22,22,10,2018,5,2,97,9,,4,0,Asphalt,1,1,4,30,5,2,2,5,0,0,0,0,true,false,false,false,false,false,false,false,false,false,false,false,false,false,false,false,false,false,false,false,false,false,-83.15968,42.4025,"{
  ""coordinates"": [
    -8.315968423320570e+01,
    4.240249619558920e+01
  ],
  ""type"": ""Point""
}","{
  ""coordinates"": [
    -83.159684233,
    42.402496196
  ],
  ""type"": ""Point""
}",-83.159684233,42.4024961960001
7166,1542252,MCNICHOLS,LENORE,2018-10-22,22,10,2018,19,2,3,9,,2,0,Asphalt,1,1,4,35,4,2,4,2,0,1,2,1,false,true,false,false,false,false,false,true,false,false,false,false,false,false,true,false,false,false,false,false,false,false,-83.28098,42.41443,"{
  ""coordinates"": [
    -8.328097825780659e+01,
    4.241442692604490e+01
  ],
  ""type"": ""Point""
}","{
  ""coordinates"": [
    -83.280978258,
    42.414426926
  ],
  ""type"": ""Point""
}",-83.2809782579999,42.414426926
7167,1509008,8 MILE SERVICE,M 10 SERVICE,2018-10-22,22,10,2018,9,2,4,3,,1,0,Asphalt,1,1,1,40,3,2,3,5,0,0,0,0,true,false,true,true,false,false,false,false,false,false,false,false,false,false,true,false,false,false,false,false,false,false,-83.20368,42.44456,"{
  ""coordinates"": [
    -8.320368088472510e+01,
    4.244455658584120e+01
  ],
  ""type"": ""Point""
}","{
  ""coordinates"": [
    -83.203680885,
    42.444556586
  ],
  ""type"": ""Point""
}",-83.203680885,42.444556586
7168,1507784,FORT,WOODMERE,2018-10-22,22,10,2018,7,2,5,3,,1,0,Asphalt,1,1,4,25,5,2,3,5,0,0,0,0,true,false,false,false,true,false,false,false,false,false,false,false,false,false,false,false,false,false,false,false,false,false,-83.13088,42.29573,"{
  ""coordinates"": [
    -8.313087946416840e+01,
    4.229573410020210e+01
  ],
  ""type"": ""Point""
}","{
  ""coordinates"": [
    -83.130879464,
    42.2957341
  ],
  ""type"": ""Point""
}",-83.130879464,42.2957341000001
7169,1518523,E I 94,GRAND,2018-10-22,22,10,2018,9,2,5,1,,1,0,Asphalt,1,1,1,55,3,3,2,4,0,0,0,1,false,false,false,false,true,false,false,false,false,false,false,false,false,false,false,true,false,false,false,false,false,false,-83.10931,42.34666,"{
  ""coordinates"": [
    -8.310930406810890e+01,
    4.234666270612020e+01
  ],
  ""type"": ""Point""
}","{
  ""coordinates"": [
    -83.109304068,
    42.346662706
  ],
  ""type"": ""Point""
}",-83.109304068,42.3466627060001
7170,1509181,W I 94,GRAND,2018-10-22,22,10,2018,8,2,5,1,,1,0,Asphalt,1,2,1,55,3,2,2,5,0,0,0,0,true,false,false,false,false,false,false,false,false,false,false,false,false,false,false,false,false,false,false,false,false,false,-83.10857,42.34727,"{
  ""coordinates"": [
    -8.310857766298631e+01,
    4.234726656461020e+01
  ],
  ""type"": ""Point""
}","{
  ""coordinates"": [
    -83.108577663,
    42.347266565
  ],
  ""type"": ""Point""
}",-83.1085776629999,42.347266565
7171,1510509,PLAINVIEW,WARREN,2018-10-22,22,10,2018,17,2,4,9,,,0,,1,1,1,25,4,2,2,5,0,0,0,0,true,false,false,false,true,false,false,false,false,false,false,false,false,false,false,false,false,false,false,false,false,false,-83.23414,42.34318,"{
  ""coordinates"": [
    -8.323414170716210e+01,
    4.234318225063240e+01
  ],
  ""type"": ""Point""
}","{
  ""coordinates"": [
    -83.234141707,
    42.343182251
  ],
  ""type"": ""Point""
}",-83.2341417069999,42.343182251
7172,1507798,8 MILE,EVERGREEN,2018-10-22,22,10,2018,14,2,4,3,,1,0,Asphalt,1,1,1,45,4,2,1,5,0,0,0,0,true,false,true,true,true,false,false,false,false,false,false,false,false,false,false,false,false,false,false,false,false,false,-83.23949,42.44375,"{
  ""coordinates"": [
    -8.323948633913660e+01,
    4.244375321724720e+01
  ],
  ""type"": ""Point""
}","{
  ""coordinates"": [
    -83.239486339,
    42.443753217
  ],
  ""type"": ""Point""
}",-83.2394863389999,42.4437532170001
7173,1507757,I-75 S/B,VERNER,2018-10-22,22,10,2018,17,2,5,1,,1,0,Asphalt,1,1,1,55,2,2,3,4,0,0,0,1,false,false,false,false,false,false,false,false,true,false,false,false,false,false,false,false,false,false,false,false,false,false,-83.09517,42.44319,"{
  ""coordinates"": [
    -8.309517050049200e+01,
    4.244319001913960e+01
  ],
  ""type"": ""Point""
}","{
  ""coordinates"": [
    -83.0951705,
    42.443190019
  ],
  ""type"": ""Point""
}",-83.0951704999999,42.443190019
7174,1547388,CIRCLE,ARCHDALE,2018-10-22,22,10,2018,7,2,9,3,,1,0,Concrete,1,1,5,35,2,2,2,5,0,0,0,0,true,false,false,false,false,false,false,false,false,false,false,false,false,true,false,false,false,false,false,false,false,false,-83.21735,42.44405,"{
  ""coordinates"": [
    -8.321735601059200e+01,
    4.244405204465200e+01
  ],
  ""type"": ""Point""
}","{
  ""coordinates"": [
    -83.217356011,
    42.444052045
  ],
  ""type"": ""Point""
}",-83.2173560109999,42.444052045
7175,1511508,I-94,I-96,2018-10-22,22,10,2018,10,2,5,1,,1,0,Asphalt,1,1,1,55,3,2,1,5,0,0,0,0,true,false,false,false,true,false,false,false,false,false,false,false,false,false,false,true,false,false,false,false,false,false,-83.10384,42.34874,"{
  ""coordinates"": [
    -8.310384105149291e+01,
    4.234874370044740e+01
  ],
  ""type"": ""Point""
}","{
  ""coordinates"": [
    -83.103841051,
    42.3487437
  ],
  ""type"": ""Point""
}",-83.103841051,42.3487437000001
7176,1562902,FENKELL,FERGUSON,2018-10-22,22,10,2018,7,2,97,9,,2,0,Asphalt,1,1,1,25,2,2,3,5,0,0,0,0,true,false,false,false,false,false,false,false,false,false,false,false,false,false,false,true,false,false,true,false,false,false,-83.20941,42.40127,"{
  ""coordinates"": [
    -8.320941403740140e+01,
    4.240127204209150e+01
  ],
  ""type"": ""Point""
}","{
  ""coordinates"": [
    -83.209414037,
    42.401272042
  ],
  ""type"": ""Point""
}",-83.209414037,42.4012720420001
7177,1510478,W I 94,GRAND,2018-10-22,22,10,2018,16,2,5,1,,1,0,Asphalt,1,1,1,55,3,2,2,5,0,0,0,0,true,false,false,false,false,false,false,false,false,false,true,false,false,false,true,false,false,false,false,false,false,false,-83.10876,42.34721,"{
  ""coordinates"": [
    -8.310875659154900e+01,
    4.234721123411420e+01
  ],
  ""type"": ""Point""
}","{
  ""coordinates"": [
    -83.108756592,
    42.347211234
  ],
  ""type"": ""Point""
}",-83.108756592,42.347211234
7178,1510538,CURTIS,WYOMING,2018-10-22,22,10,2018,19,2,4,9,,4,0,Asphalt,1,1,4,30,2,2,4,5,0,0,0,0,true,false,true,true,false,false,false,false,false,false,false,false,false,false,true,false,false,false,false,false,false,false,-83.16072,42.42418,"{
  ""coordinates"": [
    -8.316071940700439e+01,
    4.242417628152630e+01
  ],
  ""type"": ""Point""
}","{
  ""coordinates"": [
    -83.160719407,
    42.424176282
  ],
  ""type"": ""Point""
}",-83.160719407,42.4241762820001
7179,1511559,8 MILE,RYAN,2018-10-22,22,10,2018,12,2,8,3,,1,0,Asphalt,1,1,1,45,3,2,2,5,0,0,0,0,true,false,false,false,false,false,false,false,false,false,false,false,false,true,false,false,false,false,false,false,false,false,-83.06384,42.44726,"{
  ""coordinates"": [
    -8.306384135179690e+01,
    4.244725925214010e+01
  ],
  ""type"": ""Point""
}","{
  ""coordinates"": [
    -83.063841352,
    42.447259252
  ],
  ""type"": ""Point""
}",-83.0638413519999,42.447259252
7180,1507787,WARREN,COURVILLE,2018-10-22,22,10,2018,16,2,1,9,,4,1,Asphalt,1,1,1,25,2,2,2,4,0,0,0,1,false,false,true,false,false,false,false,false,false,false,false,false,false,false,true,false,false,false,false,false,true,false,-82.93896,42.40273,"{
  ""coordinates"": [
    -8.293895895773340e+01,
    4.240273001899370e+01
  ],
  ""type"": ""Point""
}","{
  ""coordinates"": [
    -82.938958958,
    42.402730019
  ],
  ""type"": ""Point""
}",-82.9389589579999,42.402730019
7181,1506334,ROUGE PARK,OUTER,2018-10-22,22,10,2018,1,2,1,9,,2,1,Asphalt,1,1,4,30,4,1,1,5,0,0,0,0,true,false,false,false,false,true,false,false,false,true,false,false,false,false,false,false,false,false,false,false,false,false,-83.26091,42.37641,"{
  ""coordinates"": [
    -8.326091311608650e+01,
    4.237640751872200e+01
  ],
  ""type"": ""Point""
}","{
  ""coordinates"": [
    -83.260913116,
    42.376407519
  ],
  ""type"": ""Point""
}",-83.260913116,42.3764075190001
7182,1568192,S M 39,MCNICHOLS,2018-10-22,22,10,2018,0,2,5,3,,1,0,Concrete,1,2,4,55,3,2,2,5,0,0,0,0,true,false,false,false,true,false,false,false,false,false,false,false,false,false,true,false,false,false,false,false,false,false,-83.21889,42.4159,"{
  ""coordinates"": [
    -8.321888747188810e+01,
    4.241590391404170e+01
  ],
  ""type"": ""Point""
}","{
  ""coordinates"": [
    -83.218887472,
    42.415903914
  ],
  ""type"": ""Point""
}",-83.2188874719999,42.4159039140001
7183,1511550,JEFFERSON,VAN DYKE,2018-10-22,22,10,2018,16,2,5,9,,4,0,Asphalt,1,1,1,30,5,4,4,4,0,0,0,2,false,false,false,false,false,false,false,true,false,false,false,false,false,true,false,false,false,false,false,false,false,false,-82.99502,42.35131,"{
  ""coordinates"": [
    -8.299501872085079e+01,
    4.235130949770490e+01
  ],
  ""type"": ""Point""
}","{
  ""coordinates"": [
    -82.995018721,
    42.351309498
  ],
  ""type"": ""Point""
}",-82.995018721,42.351309498
7184,1626784,SCHOOLCRAFT,RUTLAND,2018-10-22,22,10,2018,19,2,5,9,,2,0,Asphalt,1,1,4,35,1,2,3,4,0,0,0,3,false,false,false,false,true,false,false,false,false,false,false,false,false,false,false,false,false,false,false,false,false,false,-83.21329,42.38676,"{
  ""coordinates"": [
    -8.321329408111900e+01,
    4.238676468402280e+01
  ],
  ""type"": ""Point""
}","{
  ""coordinates"": [
    -83.213294081,
    42.386764684
  ],
  ""type"": ""Point""
}",-83.213294081,42.3867646840001
7185,1507765,MEYERS,BELTON,2018-10-22,22,10,2018,17,2,4,9,,,0,,1,1,1,25,2,2,1,5,0,0,0,0,true,false,true,false,true,false,false,false,false,false,false,false,false,true,false,false,false,false,false,false,false,false,-83.1675,42.3539,"{
  ""coordinates"": [
    -8.316750361014380e+01,
    4.235390196972650e+01
  ],
  ""type"": ""Point""
}","{
  ""coordinates"": [
    -83.16750361,
    42.35390197
  ],
  ""type"": ""Point""
}",-83.16750361,42.35390197
7186,1507795,CIRCLE,SOUTHFIELD SERVICE DRIVE,2018-10-22,22,10,2018,12,2,4,3,,1,0,Concrete,1,1,1,30,2,2,4,5,0,0,0,0,true,false,true,true,false,false,false,false,false,false,false,false,false,true,false,false,false,false,false,false,false,false,-83.21935,42.44305,"{
  ""coordinates"": [
    -8.321934163795871e+01,
    4.244305023783430e+01
  ],
  ""type"": ""Point""
}","{
  ""coordinates"": [
    -83.219341638,
    42.443050238
  ],
  ""type"": ""Point""
}",-83.2193416379999,42.4430502380001
7187,1507794,MCNICHOLS,WOODBINE,2018-10-22,22,10,2018,18,2,5,9,,2,0,Asphalt,1,1,1,,3,2,2,5,0,0,0,0,true,false,false,false,false,false,false,false,false,false,false,false,false,true,false,false,false,false,false,false,false,false,-83.27895,42.41449,"{
  ""coordinates"": [
    -8.327895505888191e+01,
    4.241448967213940e+01
  ],
  ""type"": ""Point""
}","{
  ""coordinates"": [
    -83.278955059,
    42.414489672
  ],
  ""type"": ""Point""
}",-83.2789550589999,42.4144896720001
7188,1515529,CLIFFORD,MONTCALM,2018-10-22,22,10,2018,9,2,4,9,,4,0,Asphalt,1,1,1,15,4,2,2,4,0,0,0,1,false,false,true,false,false,false,false,false,false,false,false,false,false,false,false,false,false,false,false,false,false,false,-83.05529,42.33761,"{
  ""coordinates"": [
    -8.305529050519290e+01,
    4.233760964843770e+01
  ],
  ""type"": ""Point""
}","{
  ""coordinates"": [
    -83.055290505,
    42.337609648
  ],
  ""type"": ""Point""
}",-83.055290505,42.3376096480001