ObjectId,Crash ID,Primary Road,Intersecting Road,Crash Date,Day,Month,Year,Hour,Weekday,Crash Type Code,Highway Classification Code,Community Code,Jurisdiction Code,Lane Departure Type Code,Surface Type,Road Condition,Weather Condition,Lighting Condition,Speed Limit,Lanes,Units,Occupants,Most Severe Injury,Fatal Injuries,Suspected Serious Injuries,Suspected Minor Injuries,Possible Injuries,Property Damage Only,Secondary Crash,Traffic Control,Red Light Run,Hit and Run,Alcohol,Drugs,Unbelted Person,Work Zone,Speeding Driver,Distracted Driver,Driveway,Pedestrian,Elderly Driver,Young Driver,Commercial Vehicle,Emergency Vehicles,Train,School Bus,Motorcycle,Bicycle,Deer,Longitude,Latitude,geom,geog,x,y
7189,1509217,PLYMOUTH,M 39,2018-10-22,22,10,2018,17,2,5,9,,4,0,Asphalt,1,1,1,35,5,2,1,5,0,0,0,0,true,false,false,false,false,false,false,false,false,false,false,false,false,false,false,false,false,false,false,false,false,false,-83.21714,42.37225,"{
  ""coordinates"": [
    -8.321713781100360e+01,
    4.237225091170920e+01
  ],
  ""type"": ""Point""
}","{
  ""coordinates"": [
    -83.217137811,
    42.372250912
  ],
  ""type"": ""Point""
}",-83.217137811,42.372250912
7190,1510488,MCNICHOLS,SCHAEFER,2018-10-22,22,10,2018,17,2,5,9,,2,0,Asphalt,1,1,1,35,4,2,2,5,0,0,0,0,true,false,false,false,false,false,false,false,false,false,false,false,false,false,false,false,false,false,false,false,false,false,-83.17986,42.41659,"{
  ""coordinates"": [
    -8.317985225489970e+01,
    4.241658982304240e+01
  ],
  ""type"": ""Point""
}","{
  ""coordinates"": [
    -83.179852255,
    42.416589823
  ],
  ""type"": ""Point""
}",-83.179852255,42.416589823
7191,1507755,W/B I-94,I-75FWY,2018-10-22,22,10,2018,17,2,5,1,,1,0,Asphalt,1,1,1,55,3,2,3,5,0,0,0,0,true,false,false,false,false,false,false,false,false,false,false,false,false,false,false,true,false,false,false,false,false,false,-83.05976,42.36768,"{
  ""coordinates"": [
    -8.305976486142249e+01,
    4.236768197835050e+01
  ],
  ""type"": ""Point""
}","{
  ""coordinates"": [
    -83.059764861,
    42.367681978
  ],
  ""type"": ""Point""
}",-83.059764861,42.3676819780001
7192,1512932,I96,TELEGRAPH,2018-10-22,22,10,2018,6,2,8,1,,1,0,Asphalt,1,1,1,70,4,2,1,5,0,0,0,0,true,false,false,false,true,false,false,false,false,false,false,false,false,false,false,false,false,false,false,false,false,false,-83.27214,42.38557,"{
  ""coordinates"": [
    -8.327213813389621e+01,
    4.238556498482190e+01
  ],
  ""type"": ""Point""
}","{
  ""coordinates"": [
    -83.272138134,
    42.385564985
  ],
  ""type"": ""Point""
}",-83.272138134,42.385564985
7193,1512935,RAMP 008K,E I 96 CD,2018-10-22,22,10,2018,6,2,5,1,,1,0,Concrete,1,1,4,55,2,2,2,5,0,0,0,0,true,false,false,false,false,false,false,false,false,false,false,false,false,false,false,false,false,false,false,false,false,false,-83.22309,42.37794,"{
  ""coordinates"": [
    -8.322308942094681e+01,
    4.237794179353340e+01
  ],
  ""type"": ""Point""
}","{
  ""coordinates"": [
    -83.223089421,
    42.377941794
  ],
  ""type"": ""Point""
}",-83.2230894209999,42.377941794
7194,1514501,TOLEDO,LIVERNOIS,2018-10-22,22,10,2018,10,2,8,9,,4,0,Asphalt,1,1,1,30,2,2,2,5,0,0,0,0,true,false,false,false,false,false,false,false,false,false,true,false,false,false,false,false,false,false,false,false,false,false,-83.11076,42.31821,"{
  ""coordinates"": [
    -8.311075394129590e+01,
    4.231821176292760e+01
  ],
  ""type"": ""Point""
}","{
  ""coordinates"": [
    -83.110753941,
    42.318211763
  ],
  ""type"": ""Point""
}",-83.110753941,42.3182117630001
7195,1510535,OHIO,THATCHER,2018-10-22,22,10,2018,16,2,4,9,,,0,,1,1,1,,2,2,6,4,0,0,0,4,false,false,true,false,false,false,false,false,false,false,false,false,false,false,true,false,false,false,false,false,false,false,-83.15627,42.42242,"{
  ""coordinates"": [
    -8.315626463410820e+01,
    4.242242331029500e+01
  ],
  ""type"": ""Point""
}","{
  ""coordinates"": [
    -83.156264634,
    42.42242331
  ],
  ""type"": ""Point""
}",-83.156264634,42.4224233100001
7196,1509212,N I 75,RAMP 029A,2018-10-22,22,10,2018,14,2,8,1,,1,0,Concrete,1,1,1,30,3,2,2,5,0,0,0,0,true,false,false,false,false,false,false,false,false,false,false,false,false,false,false,false,false,false,false,false,false,false,-83.15927,42.27603,"{
  ""coordinates"": [
    -8.315927036280860e+01,
    4.227603264591710e+01
  ],
  ""type"": ""Point""
}","{
  ""coordinates"": [
    -83.159270363,
    42.276032646
  ],
  ""type"": ""Point""
}",-83.159270363,42.276032646
7197,1507796,FENKELL,BURT,2018-10-22,22,10,2018,13,2,4,9,,2,0,Asphalt,1,1,1,35,4,2,3,5,0,0,0,0,true,false,false,false,false,false,false,false,false,false,false,false,false,false,false,false,false,false,false,false,false,false,-83.24714,42.40052,"{
  ""coordinates"": [
    -8.324713805980100e+01,
    4.240051602703690e+01
  ],
  ""type"": ""Point""
}","{
  ""coordinates"": [
    -83.24713806,
    42.400516027
  ],
  ""type"": ""Point""
}",-83.2471380599999,42.400516027
7198,1507766,HUBBELL,MCNICHOLS,2018-10-22,22,10,2018,17,2,4,9,,4,0,Asphalt,1,1,1,30,2,2,5,4,0,0,0,1,false,false,false,false,false,false,false,false,false,false,false,false,false,false,false,false,false,false,false,false,false,false,-83.18955,42.41646,"{
  ""coordinates"": [
    -8.318955500818090e+01,
    4.241645917406950e+01
  ],
  ""type"": ""Point""
}","{
  ""coordinates"": [
    -83.189555008,
    42.416459174
  ],
  ""type"": ""Point""
}",-83.189555008,42.4164591740001
7199,1509195,GRATOIT,ST.AUBIN,2018-10-22,22,10,2018,8,2,9,3,,1,0,Asphalt,1,1,1,35,3,2,1,5,0,0,0,0,true,false,false,false,true,false,false,false,false,false,false,false,false,false,false,false,false,false,false,false,false,false,-83.03422,42.3494,"{
  ""coordinates"": [
    -8.303421982055220e+01,
    4.234940055141310e+01
  ],
  ""type"": ""Point""
}","{
  ""coordinates"": [
    -83.034219821,
    42.349400551
  ],
  ""type"": ""Point""
}",-83.034219821,42.349400551
7200,1507723,RAMP 216I,W I 94,2018-10-22,22,10,2018,19,2,5,1,,1,0,Concrete,1,1,4,70,2,3,3,4,0,0,0,1,false,false,false,false,false,false,false,false,false,false,false,false,false,false,false,false,false,false,false,false,false,false,-83.06181,42.36694,"{
  ""coordinates"": [
    -8.306181275836050e+01,
    4.236693479260420e+01
  ],
  ""type"": ""Point""
}","{
  ""coordinates"": [
    -83.061812758,
    42.366934793
  ],
  ""type"": ""Point""
}",-83.061812758,42.366934793
7201,1532415,OUTER,BALFOUR,2018-10-22,22,10,2018,12,2,4,9,,2,0,Asphalt,1,1,1,,6,2,2,5,0,0,0,0,true,false,false,false,true,false,false,false,false,false,false,false,false,false,false,false,false,false,false,false,false,false,-82.95,42.40492,"{
  ""coordinates"": [
    -8.295000410462050e+01,
    4.240492138346500e+01
  ],
  ""type"": ""Point""
}","{
  ""coordinates"": [
    -82.950004105,
    42.404921383
  ],
  ""type"": ""Point""
}",-82.9500041049999,42.404921383
7202,1511545,MACK,FISCHER,2018-10-22,22,10,2018,16,2,1,9,,4,0,Asphalt,1,1,1,35,2,2,0,2,0,1,0,0,false,false,false,false,true,false,false,false,false,false,false,false,true,false,false,false,false,false,false,false,false,false,-82.9993,42.36971,"{
  ""coordinates"": [
    -8.299929674708100e+01,
    4.236971448952130e+01
  ],
  ""type"": ""Point""
}","{
  ""coordinates"": [
    -82.999296747,
    42.36971449
  ],
  ""type"": ""Point""
}",-82.999296747,42.36971449
7203,1524144,I 75,CARPENTER,2018-10-22,22,10,2018,12,2,1,1,,1,1,Asphalt,1,1,1,70,3,1,1,4,0,0,0,1,false,false,false,false,false,false,false,false,false,true,false,false,false,false,false,false,false,false,false,false,false,false,-83.07309,42.40371,"{
  ""coordinates"": [
    -8.307308696519750e+01,
    4.240370486049720e+01
  ],
  ""type"": ""Point""
}","{
  ""coordinates"": [
    -83.073086965,
    42.40370486
  ],
  ""type"": ""Point""
}",-83.073086965,42.4037048600001
7204,1510529,WOODWARD,STATE FAIR,2018-10-22,22,10,2018,15,2,8,3,,1,0,Asphalt,1,1,1,40,4,2,3,4,0,0,0,2,false,false,false,false,false,false,false,false,false,false,false,true,false,false,false,false,false,false,false,false,false,false,-83.11974,42.43912,"{
  ""coordinates"": [
    -8.311974529078040e+01,
    4.243912206183510e+01
  ],
  ""type"": ""Point""
}","{
  ""coordinates"": [
    -83.119745291,
    42.439122062
  ],
  ""type"": ""Point""
}",-83.119745291,42.4391220620001
7205,1511518,DAKOTA,JOHN R,2018-10-22,22,10,2018,18,2,4,9,,,3,,1,1,1,25,1,2,3,4,0,0,0,1,false,false,false,false,true,false,false,true,false,false,false,false,false,false,false,true,false,false,false,false,false,false,-83.10352,42.41958,"{
  ""coordinates"": [
    -8.310351839426831e+01,
    4.241957724430620e+01
  ],
  ""type"": ""Point""
}","{
  ""coordinates"": [
    -83.103518394,
    42.419577244
  ],
  ""type"": ""Point""
}",-83.1035183939999,42.419577244
7206,1507768,FENKELL,PINEHURST,2018-10-22,22,10,2018,18,2,4,9,,2,0,Asphalt,1,1,4,35,2,2,3,4,0,0,0,1,false,false,false,false,false,false,false,false,false,false,false,false,false,false,false,false,false,false,false,false,false,false,-83.16631,42.40231,"{
  ""coordinates"": [
    -8.316630239897290e+01,
    4.240231370073080e+01
  ],
  ""type"": ""Point""
}","{
  ""coordinates"": [
    -83.166302399,
    42.402313701
  ],
  ""type"": ""Point""
}",-83.166302399,42.402313701
7207,1511376,HARPER,MOROSS,2018-10-22,22,10,2018,14,2,5,9,,4,0,Asphalt,1,1,1,70,3,2,4,5,0,0,0,0,true,false,false,false,false,false,false,false,false,false,true,false,false,false,false,false,false,false,false,false,false,false,-82.92902,42.42494,"{
  ""coordinates"": [
    -8.292902401465760e+01,
    4.242493893785130e+01
  ],
  ""type"": ""Point""
}","{
  ""coordinates"": [
    -82.929024015,
    42.424938938
  ],
  ""type"": ""Point""
}",-82.929024015,42.424938938
7208,1528551,HOLCOMB,JEFFERSON,2018-10-22,22,10,2018,9,2,5,9,,,0,,1,1,1,25,2,3,0,5,0,0,0,0,true,false,false,false,true,false,false,false,false,false,false,false,false,false,false,false,false,false,false,false,false,false,-82.98674,42.35828,"{
  ""coordinates"": [
    -8.298673676923900e+01,
    4.235827603359240e+01
  ],
  ""type"": ""Point""
}","{
  ""coordinates"": [
    -82.986736769,
    42.358276034
  ],
  ""type"": ""Point""
}",-82.9867367689999,42.358276034
7209,1507790,HARPER,MT ELLIOT,2018-10-22,22,10,2018,7,2,8,1,,4,0,Asphalt,1,1,1,,3,2,2,5,0,0,0,0,true,false,false,false,true,false,false,false,false,false,false,false,false,false,false,false,false,false,false,false,false,false,-83.03423,42.37964,"{
  ""coordinates"": [
    -8.303422733570740e+01,
    4.237964281410120e+01
  ],
  ""type"": ""Point""
}","{
  ""coordinates"": [
    -83.034227336,
    42.379642814
  ],
  ""type"": ""Point""
}",-83.034227336,42.3796428140001
7210,1507756,N/B M-10,GLENDALE,2018-10-22,22,10,2018,18,2,5,3,,1,0,Concrete,1,1,1,55,3,2,2,5,0,0,0,0,true,false,false,false,false,false,false,false,false,false,false,false,false,true,false,false,false,false,false,false,false,false,-83.10629,42.39362,"{
  ""coordinates"": [
    -8.310628311242630e+01,
    4.239361588914140e+01
  ],
  ""type"": ""Point""
}","{
  ""coordinates"": [
    -83.106283112,
    42.393615889
  ],
  ""type"": ""Point""
}",-83.106283112,42.393615889
7211,1510469,I-96,MAPLEWOOD,2018-10-22,22,10,2018,6,2,8,1,,1,0,Asphalt,1,1,5,70,4,3,2,5,0,0,0,0,true,false,false,false,true,false,false,false,false,false,false,false,false,false,false,false,false,false,false,false,false,false,-83.12207,42.36108,"{
  ""coordinates"": [
    -8.312207393320820e+01,
    4.236108359271520e+01
  ],
  ""type"": ""Point""
}","{
  ""coordinates"": [
    -83.122073933,
    42.361083593
  ],
  ""type"": ""Point""
}",-83.122073933,42.361083593
7212,1509196,GREENFIELD,CHICAGO,2018-10-22,22,10,2018,23,2,1,9,,2,0,Asphalt,1,1,4,35,5,1,1,5,0,0,0,0,true,false,false,false,false,false,false,false,false,false,false,false,false,false,false,false,false,false,false,false,false,false,-83.19728,42.3653,"{
  ""coordinates"": [
    -8.319728451299849e+01,
    4.236529532552120e+01
  ],
  ""type"": ""Point""
}","{
  ""coordinates"": [
    -83.197284513,
    42.365295326
  ],
  ""type"": ""Point""
}",-83.1972845129999,42.3652953260001
7213,1507770,2ND,LEDYARD,2018-10-22,22,10,2018,8,2,5,1,,4,0,Concrete,1,1,1,25,3,2,2,5,0,0,0,0,true,false,false,false,false,false,false,false,false,false,false,false,false,true,false,false,false,false,false,false,false,false,-83.05865,42.33719,"{
  ""coordinates"": [
    -8.305865505881459e+01,
    4.233718833190620e+01
  ],
  ""type"": ""Point""
}","{
  ""coordinates"": [
    -83.058655059,
    42.337188332
  ],
  ""type"": ""Point""
}",-83.058655059,42.337188332
7214,1510521,14TH,DAVISON,2018-10-22,22,10,2018,7,2,8,3,,4,0,Asphalt,1,1,1,30,2,2,0,5,0,0,0,0,true,false,false,false,true,false,false,true,false,false,false,false,false,false,false,false,false,false,false,false,false,false,-83.11586,42.39498,"{
  ""coordinates"": [
    -8.311586200445410e+01,
    4.239497924030150e+01
  ],
  ""type"": ""Point""
}","{
  ""coordinates"": [
    -83.115862004,
    42.39497924
  ],
  ""type"": ""Point""
}",-83.115862004,42.3949792400001
7215,1532407,N M 39,JOY,2018-10-22,22,10,2018,15,2,5,3,,1,0,Asphalt,1,1,1,55,3,2,2,5,0,0,0,0,true,false,false,false,false,false,false,false,false,false,false,false,false,true,false,false,false,false,false,false,false,false,-83.21639,42.35778,"{
  ""coordinates"": [
    -8.321639292161980e+01,
    4.235777892138400e+01
  ],
  ""type"": ""Point""
}","{
  ""coordinates"": [
    -83.216392922,
    42.357778921
  ],
  ""type"": ""Point""
}",-83.216392922,42.357778921
7216,1510532,GREENLAWN,MCNICHOLS,2018-10-22,22,10,2018,17,2,1,9,,,0,,1,1,1,25,2,2,3,5,0,0,0,0,true,false,false,false,false,false,false,false,false,false,false,false,false,false,false,false,false,false,false,false,true,false,-83.15117,42.4171,"{
  ""coordinates"": [
    -8.315116601378590e+01,
    4.241709828452980e+01
  ],
  ""type"": ""Point""
}","{
  ""coordinates"": [
    -83.151166014,
    42.417098285
  ],
  ""type"": ""Point""
}",-83.151166014,42.4170982850001
7217,1536968,GRAND,3RD,2018-10-22,22,10,2018,7,2,8,9,,4,0,Asphalt,1,1,1,30,3,2,3,5,0,0,0,0,true,false,false,false,false,false,false,false,true,false,false,false,false,true,false,false,false,false,false,false,false,false,-83.07961,42.36802,"{
  ""coordinates"": [
    -8.307961312026561e+01,
    4.236801927296110e+01
  ],
  ""type"": ""Point""
}","{
  ""coordinates"": [
    -83.07961312,
    42.368019273
  ],
  ""type"": ""Point""
}",-83.07961312,42.3680192730001
7218,1515576,7 MILE,SOUTHFIELD SERVICE DRIVE,2018-10-22,22,10,2018,19,2,8,9,,2,0,Asphalt,1,1,4,35,6,2,2,5,0,0,0,0,true,false,false,false,false,false,false,false,false,false,false,false,false,false,false,false,false,false,false,false,false,false,-83.21903,42.43002,"{
  ""coordinates"": [
    -8.321903519605939e+01,
    4.243002451350390e+01
  ],
  ""type"": ""Point""
}","{
  ""coordinates"": [
    -83.219035196,
    42.430024514
  ],
  ""type"": ""Point""
}",-83.2190351959999,42.4300245140001
7219,1532405,I 94,M 10,2018-10-22,22,10,2018,12,2,8,1,,1,0,Asphalt,3,1,1,55,3,2,1,5,0,0,0,0,true,false,false,false,true,false,false,false,false,false,false,false,false,false,false,true,false,false,false,false,false,false,-83.07732,42.35884,"{
  ""coordinates"": [
    -8.307732763087810e+01,
    4.235883811886940e+01
  ],
  ""type"": ""Point""
}","{
  ""coordinates"": [
    -83.077327631,
    42.358838119
  ],
  ""type"": ""Point""
}",-83.0773276309999,42.358838119
7220,1507793,8 MILE,LAHSER,2018-10-22,22,10,2018,18,2,5,3,,1,0,Asphalt,1,1,1,35,2,2,1,5,0,0,0,0,true,true,false,false,true,false,false,false,false,false,false,false,false,false,false,false,false,false,false,false,false,false,-83.25646,42.4433,"{
  ""coordinates"": [
    -8.325645941722880e+01,
    4.244329728107920e+01
  ],
  ""type"": ""Point""
}","{
  ""coordinates"": [
    -83.256459417,
    42.443297281
  ],
  ""type"": ""Point""
}",-83.256459417,42.4432972810001
7221,1507804,MOUND,CHARLES,2018-10-22,22,10,2018,17,2,4,9,,2,0,Asphalt,1,1,4,40,2,2,7,4,0,0,0,5,false,false,false,false,false,false,false,false,false,false,false,false,false,false,false,false,false,false,false,false,false,false,-83.04308,42.41186,"{
  ""coordinates"": [
    -8.304307799273130e+01,
    4.241185763257430e+01
  ],
  ""type"": ""Point""
}","{
  ""coordinates"": [
    -83.043077993,
    42.411857633
  ],
  ""type"": ""Point""
}",-83.0430779929999,42.4118576330001
7222,1510543,LIVERNOIS,8 MILE,2018-10-22,22,10,2018,16,2,5,3,,,0,,1,1,1,30,4,2,2,5,0,0,0,0,true,false,false,false,false,false,false,false,false,false,false,false,false,false,true,true,false,false,false,false,false,false,-83.14482,42.44605,"{
  ""coordinates"": [
    -8.314481954211190e+01,
    4.244604926982960e+01
  ],
  ""type"": ""Point""
}","{
  ""coordinates"": [
    -83.144819542,
    42.44604927
  ],
  ""type"": ""Point""
}",-83.1448195419999,42.4460492700001
7223,1507789,MT ELLIOT,ST PAUL,2018-10-22,22,10,2018,10,2,8,9,,4,0,Asphalt,1,1,1,30,2,2,1,5,0,0,0,0,true,false,false,false,false,false,false,true,false,false,false,false,false,false,false,false,false,false,false,false,false,false,-83.0145,42.35052,"{
  ""coordinates"": [
    -8.301449590283440e+01,
    4.235052182486420e+01
  ],
  ""type"": ""Point""
}","{
  ""coordinates"": [
    -83.014495903,
    42.350521825
  ],
  ""type"": ""Point""
}",-83.014495903,42.350521825
7224,1512922,I-94,I-75,2018-10-22,22,10,2018,7,2,5,1,,1,0,Asphalt,1,1,2,55,3,2,2,5,0,0,0,0,true,false,false,false,false,false,false,false,false,false,false,false,false,false,false,false,false,false,false,false,false,false,-83.0666,42.36487,"{
  ""coordinates"": [
    -8.306659652445080e+01,
    4.236487234066730e+01
  ],
  ""type"": ""Point""
}","{
  ""coordinates"": [
    -83.066596524,
    42.364872341
  ],
  ""type"": ""Point""
}",-83.066596524,42.3648723410001
7225,1511505,N M 39,JOY,2018-10-22,22,10,2018,7,2,5,3,,1,0,Asphalt,1,1,1,55,3,2,2,5,0,0,0,0,true,false,false,false,false,false,false,false,false,false,false,false,false,false,false,false,false,false,false,false,false,false,-83.2164,42.35799,"{
  ""coordinates"": [
    -8.321640312557101e+01,
    4.235799570757370e+01
  ],
  ""type"": ""Point""
}","{
  ""coordinates"": [
    -83.216403126,
    42.357995708
  ],
  ""type"": ""Point""
}",-83.216403126,42.357995708
7226,1509236,N M 39,8 MILE,2018-10-22,22,10,2018,9,2,4,3,,1,0,Concrete,1,1,1,35,3,2,2,5,0,0,0,0,true,false,false,false,false,false,false,false,false,false,false,false,false,false,false,false,false,false,false,false,false,false,-83.21963,42.44404,"{
  ""coordinates"": [
    -8.321963072207760e+01,
    4.244404059850020e+01
  ],
  ""type"": ""Point""
}","{
  ""coordinates"": [
    -83.219630722,
    42.444040599
  ],
  ""type"": ""Point""
}",-83.219630722,42.4440405990001
7227,1507764,GREENFIELD,PILGRIM,2018-10-22,22,10,2018,7,2,5,9,,2,0,Asphalt,1,1,1,35,2,2,5,5,0,0,0,0,true,false,false,false,false,false,false,false,false,false,false,false,false,false,false,false,false,false,false,false,false,false,-83.19894,42.407,"{
  ""coordinates"": [
    -8.319894776329321e+01,
    4.240699820686320e+01
  ],
  ""type"": ""Point""
}","{
  ""coordinates"": [
    -83.198947763,
    42.406998207
  ],
  ""type"": ""Point""
}",-83.198947763,42.4069982070001
7228,1509239,OAKMAN,LA SALLE,2018-10-22,22,10,2018,15,2,8,9,,4,0,Asphalt,1,1,1,30,4,2,1,5,0,0,0,0,true,false,false,false,true,false,false,false,false,false,false,false,false,true,false,false,false,false,false,false,false,false,-83.12258,42.39922,"{
  ""coordinates"": [
    -8.312258357549730e+01,
    4.239922114901880e+01
  ],
  ""type"": ""Point""
}","{
  ""coordinates"": [
    -83.122583575,
    42.399221149
  ],
  ""type"": ""Point""
}",-83.122583575,42.399221149
7229,1536961,14TH,WARREN,2018-10-22,22,10,2018,13,2,1,9,,4,1,Asphalt,1,1,1,30,2,1,1,5,0,0,0,0,true,false,false,false,false,false,false,false,false,false,false,false,false,false,false,true,false,false,false,false,false,false,-83.0867,42.34925,"{
  ""coordinates"": [
    -8.308669851265280e+01,
    4.234924520325030e+01
  ],
  ""type"": ""Point""
}","{
  ""coordinates"": [
    -83.086698513,
    42.349245203
  ],
  ""type"": ""Point""
}",-83.086698513,42.3492452030001
7230,1530981,LAHSER,GRAND RIVER,2018-10-21,21,10,2018,14,1,97,3,,2,0,Asphalt,1,1,1,35,2,2,0,4,0,0,0,1,false,false,false,false,true,false,false,false,false,false,false,false,true,false,false,false,false,false,false,false,false,false,-83.25765,42.41656,"{
  ""coordinates"": [
    -8.325764996946771e+01,
    4.241655915299510e+01
  ],
  ""type"": ""Point""
}","{
  ""coordinates"": [
    -83.257649969,
    42.416559153
  ],
  ""type"": ""Point""
}",-83.2576499689999,42.416559153
7231,1506323,S I 75 SERVICE DRIVE,CASS,2018-10-21,21,10,2018,0,1,4,9,,4,0,Asphalt,1,1,4,,3,2,3,4,0,0,0,1,false,false,true,true,false,false,false,false,false,false,false,false,false,false,false,false,false,false,false,false,false,false,-83.05668,42.33847,"{
  ""coordinates"": [
    -8.305667892204310e+01,
    4.233847066111990e+01
  ],
  ""type"": ""Point""
}","{
  ""coordinates"": [
    -83.056678922,
    42.338470661
  ],
  ""type"": ""Point""
}",-83.0566789219999,42.338470661
7232,1506320,LIVERNOIS,TIREMAN,2018-10-21,21,10,2018,6,1,1,9,,4,1,Asphalt,1,1,4,40,4,1,1,3,0,0,1,0,false,false,false,false,false,false,false,false,false,false,false,false,false,false,false,false,false,false,false,false,false,false,-83.13557,42.35182,"{
  ""coordinates"": [
    -8.313557513033589e+01,
    4.235181731043760e+01
  ],
  ""type"": ""Point""
}","{
  ""coordinates"": [
    -83.13557513,
    42.35181731
  ],
  ""type"": ""Point""
}",-83.1355751299999,42.3518173100001
7233,1514465,PARK,MONTCALM,2018-10-21,21,10,2018,19,1,8,9,,4,0,Asphalt,98,98,4,20,2,2,1,5,0,0,0,0,true,false,false,false,false,false,false,false,false,false,false,false,false,false,true,false,false,false,false,false,false,false,-83.05403,42.33829,"{
  ""coordinates"": [
    -8.305403469704569e+01,
    4.233829504166130e+01
  ],
  ""type"": ""Point""
}","{
  ""coordinates"": [
    -83.054034697,
    42.338295042
  ],
  ""type"": ""Point""
}",-83.054034697,42.338295042
7234,1507781,3RD,N I 75,2018-10-21,21,10,2018,6,1,4,9,,4,0,Concrete,1,1,1,35,3,2,2,5,0,0,0,0,true,true,false,false,false,false,false,false,false,false,false,false,false,false,false,false,false,false,false,false,false,false,-83.06008,42.3362,"{
  ""coordinates"": [
    -8.306007937317980e+01,
    4.233619607462490e+01
  ],
  ""type"": ""Point""
}","{
  ""coordinates"": [
    -83.060079373,
    42.336196075
  ],
  ""type"": ""Point""
}",-83.060079373,42.336196075
7235,1529780,E I 94,GRAND,2018-10-21,21,10,2018,11,1,1,1,,1,1,Asphalt,1,2,1,55,3,1,1,4,0,0,0,1,false,false,false,false,false,false,true,false,false,false,false,false,false,false,false,false,false,false,false,false,false,false,-83.10959,42.34654,"{
  ""coordinates"": [
    -8.310958973629420e+01,
    4.234653707258100e+01
  ],
  ""type"": ""Point""
}","{
  ""coordinates"": [
    -83.109589736,
    42.346537073
  ],
  ""type"": ""Point""
}",-83.109589736,42.346537073
7236,1506349,ASHTON,CLARITA,2018-10-21,21,10,2018,3,1,97,9,,,0,,1,1,4,25,2,2,0,4,0,0,0,1,false,false,false,false,true,false,false,false,false,true,false,false,true,false,false,false,false,false,false,false,false,false,-83.2204,42.42786,"{
  ""coordinates"": [
    -8.322040035675360e+01,
    4.242785739531920e+01
  ],
  ""type"": ""Point""
}","{
  ""coordinates"": [
    -83.220400357,
    42.427857395
  ],
  ""type"": ""Point""
}",-83.220400357,42.427857395
7237,1506593,OUTER,S M 39,2018-10-21,21,10,2018,16,1,8,9,,2,0,Concrete,1,1,1,40,5,2,2,5,0,0,0,0,true,false,false,false,false,false,false,false,false,false,false,false,false,false,false,false,false,false,false,false,false,false,-83.21901,42.41927,"{
  ""coordinates"": [
    -8.321901071751270e+01,
    4.241926559018050e+01
  ],
  ""type"": ""Point""
}","{
  ""coordinates"": [
    -83.219010718,
    42.41926559
  ],
  ""type"": ""Point""
}",-83.2190107179999,42.4192655900001
7238,1521698,I-94,MCCLELLAN,2018-10-21,21,10,2018,0,1,5,1,,1,0,Asphalt,1,1,5,55,3,4,11,4,0,0,0,5,false,false,false,false,false,false,false,false,false,false,false,false,false,false,false,false,false,false,false,false,false,false,-83.00554,42.3917,"{
  ""coordinates"": [
    -8.300554221825230e+01,
    4.239169728220540e+01
  ],
  ""type"": ""Point""
}","{
  ""coordinates"": [
    -83.005542218,
    42.391697282
  ],
  ""type"": ""Point""
}",-83.005542218,42.3916972820001
7239,1513008,WARREN,ANDERDON,2018-10-21,21,10,2018,18,1,2,9,,4,0,Asphalt,1,1,3,30,3,2,3,4,0,0,0,3,false,false,false,false,false,false,false,true,false,false,false,false,false,false,false,false,false,false,false,false,false,false,-82.97128,42.39098,"{
  ""coordinates"": [
    -8.297127271440590e+01,
    4.239097771778290e+01
  ],
  ""type"": ""Point""
}","{
  ""coordinates"": [
    -82.971272714,
    42.390977718
  ],
  ""type"": ""Point""
}",-82.971272714,42.390977718
7240,1515563,CAMBRIDGE,WARRINGTON,2018-10-21,21,10,2018,10,1,1,9,,,0,,1,1,1,25,2,1,1,5,0,0,0,0,true,false,false,false,false,false,false,false,false,false,false,false,false,false,false,false,false,false,false,false,false,false,-83.14021,42.43398,"{
  ""coordinates"": [
    -8.314020645499400e+01,
    4.243397863115940e+01
  ],
  ""type"": ""Point""
}","{
  ""coordinates"": [
    -83.140206455,
    42.433978631
  ],
  ""type"": ""Point""
}",-83.1402064549999,42.4339786310001
7241,1514487,WOODWARD,CONGRESS,2018-10-21,21,10,2018,1,1,1,9,,4,0,Asphalt,1,1,4,30,3,2,2,5,0,0,0,0,true,false,false,false,false,false,false,false,false,false,false,false,false,false,false,false,false,true,false,false,false,false,-83.04594,42.3302,"{
  ""coordinates"": [
    -8.304594570480980e+01,
    4.233019645028390e+01
  ],
  ""type"": ""Point""
}","{
  ""coordinates"": [
    -83.045945705,
    42.33019645
  ],
  ""type"": ""Point""
}",-83.045945705,42.3301964500001
7242,1514491,S I 75 SERVICE DRIVE,CASS,2018-10-21,21,10,2018,3,1,4,9,,4,0,Asphalt,1,1,4,30,3,2,4,4,0,0,0,1,false,false,false,false,false,false,false,false,false,false,false,false,false,false,false,false,false,false,false,false,false,false,-83.05665,42.33849,"{
  ""coordinates"": [
    -8.305664993309050e+01,
    4.233848691102140e+01
  ],
  ""type"": ""Point""
}","{
  ""coordinates"": [
    -83.056649933,
    42.338486911
  ],
  ""type"": ""Point""
}",-83.056649933,42.3384869110001