ObjectId,Crash ID,Primary Road,Intersecting Road,Crash Date,Day,Month,Year,Hour,Weekday,Crash Type Code,Highway Classification Code,Community Code,Jurisdiction Code,Lane Departure Type Code,Surface Type,Road Condition,Weather Condition,Lighting Condition,Speed Limit,Lanes,Units,Occupants,Most Severe Injury,Fatal Injuries,Suspected Serious Injuries,Suspected Minor Injuries,Possible Injuries,Property Damage Only,Secondary Crash,Traffic Control,Red Light Run,Hit and Run,Alcohol,Drugs,Unbelted Person,Work Zone,Speeding Driver,Distracted Driver,Driveway,Pedestrian,Elderly Driver,Young Driver,Commercial Vehicle,Emergency Vehicles,Train,School Bus,Motorcycle,Bicycle,Deer,Longitude,Latitude,geom,geog,x,y
7243,1529767,S M 39,I 96 SERVICE DRIVE,2018-10-21,21,10,2018,16,1,1,3,,1,1,Asphalt,1,2,1,55,3,1,1,3,0,0,1,0,false,false,false,false,false,false,false,false,false,true,false,false,false,false,false,false,false,false,false,false,false,false,-83.21706,42.37827,"{
  ""coordinates"": [
    -8.321706643998090e+01,
    4.237827390262700e+01
  ],
  ""type"": ""Point""
}","{
  ""coordinates"": [
    -83.21706644,
    42.378273903
  ],
  ""type"": ""Point""
}",-83.2170664399999,42.378273903
7244,1532404,E I 96,SCHAEFER,2018-10-21,21,10,2018,19,1,8,1,,1,0,Concrete,1,1,4,55,3,2,2,5,0,0,0,0,true,false,false,false,true,false,false,false,false,false,false,false,false,false,false,false,false,false,false,false,false,false,-83.17911,42.38298,"{
  ""coordinates"": [
    -8.317910625268171e+01,
    4.238297678423540e+01
  ],
  ""type"": ""Point""
}","{
  ""coordinates"": [
    -83.179106253,
    42.382976784
  ],
  ""type"": ""Point""
}",-83.179106253,42.382976784
7245,1529819,EVERGREEN,LYNDON,2018-10-21,21,10,2018,19,1,9,9,,4,0,Asphalt,1,1,4,30,3,2,2,5,0,0,0,0,true,false,false,false,false,false,false,false,false,false,false,false,false,false,false,false,false,false,false,false,false,false,-83.23714,42.3935,"{
  ""coordinates"": [
    -8.323713848755941e+01,
    4.239349914876280e+01
  ],
  ""type"": ""Point""
}","{
  ""coordinates"": [
    -83.237138488,
    42.393499149
  ],
  ""type"": ""Point""
}",-83.237138488,42.393499149
7246,1506387,DAVISON,DEXTER,2018-10-21,21,10,2018,14,1,5,3,,1,0,Asphalt,1,1,1,35,6,3,4,5,0,0,0,0,true,false,false,false,false,false,false,false,false,false,false,false,false,false,false,false,false,false,false,false,false,false,-83.13251,42.38911,"{
  ""coordinates"": [
    -8.313251484119090e+01,
    4.238910844759530e+01
  ],
  ""type"": ""Point""
}","{
  ""coordinates"": [
    -83.132514841,
    42.389108448
  ],
  ""type"": ""Point""
}",-83.132514841,42.3891084480001
7247,1532387,M 39,RAMP 008T,2018-10-21,21,10,2018,1,1,1,3,,1,0,Asphalt,1,1,4,55,3,1,2,5,0,0,0,0,true,false,false,false,false,false,false,false,false,false,true,false,false,false,false,false,false,false,false,false,false,false,-83.21767,42.38945,"{
  ""coordinates"": [
    -8.321767061822170e+01,
    4.238944726382910e+01
  ],
  ""type"": ""Point""
}","{
  ""coordinates"": [
    -83.217670618,
    42.389447264
  ],
  ""type"": ""Point""
}",-83.2176706179999,42.3894472640001
7248,1520211,LINWOOD,E I 94,2018-10-21,21,10,2018,11,1,98,1,,4,0,Concrete,1,1,1,25,2,1,1,5,0,0,0,0,true,false,false,false,true,false,false,false,false,false,false,false,false,false,false,false,false,false,false,false,false,false,-83.09375,42.35184,"{
  ""coordinates"": [
    -8.309374692838860e+01,
    4.235184627380680e+01
  ],
  ""type"": ""Point""
}","{
  ""coordinates"": [
    -83.093746928,
    42.351846274
  ],
  ""type"": ""Point""
}",-83.093746928,42.351846274
7249,1532401,I-94,MT ELLIOTT,2018-10-21,21,10,2018,20,1,1,1,,1,1,Asphalt,1,1,4,55,3,1,1,4,0,0,0,3,false,false,false,false,false,false,false,false,false,true,false,false,false,false,true,false,false,false,false,false,false,false,-83.03104,42.38218,"{
  ""coordinates"": [
    -8.303104219652241e+01,
    4.238217835698470e+01
  ],
  ""type"": ""Point""
}","{
  ""coordinates"": [
    -83.031042197,
    42.382178357
  ],
  ""type"": ""Point""
}",-83.031042197,42.382178357
7250,1513017,MACK,OUTER,2018-10-21,21,10,2018,8,1,5,9,,2,0,Asphalt,1,2,1,35,2,2,1,5,0,0,0,0,true,false,false,false,true,false,false,false,false,false,false,false,false,false,false,false,false,false,false,false,false,false,-82.92883,42.39231,"{
  ""coordinates"": [
    -8.292882173461440e+01,
    4.239231098010030e+01
  ],
  ""type"": ""Point""
}","{
  ""coordinates"": [
    -82.928821735,
    42.39231098
  ],
  ""type"": ""Point""
}",-82.928821735,42.39231098
7251,1514488,BEAUBIEN,LAFAYETTE,2018-10-21,21,10,2018,0,1,97,9,,4,0,Concrete,2,2,4,25,2,1,1,5,0,0,0,0,true,false,false,false,false,false,false,true,false,false,true,false,false,false,false,false,true,false,false,false,false,false,-83.04183,42.33393,"{
  ""coordinates"": [
    -8.304183083144100e+01,
    4.233392874857880e+01
  ],
  ""type"": ""Point""
}","{
  ""coordinates"": [
    -83.041830831,
    42.333928749
  ],
  ""type"": ""Point""
}",-83.041830831,42.3339287490001
7252,1506337,SOUTHFIELD SERVICE DRIVE,MCNICHOLS,2018-10-21,21,10,2018,4,1,5,3,,4,0,Asphalt,1,1,4,55,3,2,2,4,0,0,0,1,false,false,false,false,false,false,false,false,false,false,true,false,false,false,false,false,false,false,false,false,false,false,-83.2184,42.41564,"{
  ""coordinates"": [
    -8.321840112477500e+01,
    4.241563930903070e+01
  ],
  ""type"": ""Point""
}","{
  ""coordinates"": [
    -83.218401125,
    42.415639309
  ],
  ""type"": ""Point""
}",-83.218401125,42.415639309
7253,1507783,CHOPIN,MCGRAW,2018-10-21,21,10,2018,15,1,8,9,,,0,,1,1,1,25,1,2,4,5,0,0,0,0,true,false,false,false,true,false,false,false,false,false,false,false,false,false,false,false,false,false,false,false,false,false,-83.13745,42.33678,"{
  ""coordinates"": [
    -8.313745231271700e+01,
    4.233677821217620e+01
  ],
  ""type"": ""Point""
}","{
  ""coordinates"": [
    -83.137452313,
    42.336778212
  ],
  ""type"": ""Point""
}",-83.137452313,42.3367782120001
7254,1506325,CENTRAL,VERNOR,2018-10-21,21,10,2018,22,1,9,9,,4,0,Asphalt,1,1,4,30,3,2,1,5,0,0,0,0,true,false,false,false,true,false,false,false,false,false,false,false,false,false,false,false,false,false,false,false,false,false,-83.12435,42.31269,"{
  ""coordinates"": [
    -8.312435348503330e+01,
    4.231269206514050e+01
  ],
  ""type"": ""Point""
}","{
  ""coordinates"": [
    -83.124353485,
    42.312692065
  ],
  ""type"": ""Point""
}",-83.124353485,42.3126920650001
7255,1506309,E/B I-94,VAN DYKE,2018-10-21,21,10,2018,20,1,5,1,,1,0,Asphalt,1,1,4,55,3,2,1,5,0,0,0,0,true,true,false,false,false,true,false,false,false,false,false,false,false,false,false,false,true,false,false,false,false,false,-83.02924,42.38375,"{
  ""coordinates"": [
    -8.302924260422600e+01,
    4.238374719490740e+01
  ],
  ""type"": ""Point""
}","{
  ""coordinates"": [
    -83.029242604,
    42.383747195
  ],
  ""type"": ""Point""
}",-83.029242604,42.3837471950001
7256,1505282,SEVEN MILE,MANSFIELD,2018-10-21,21,10,2018,1,1,97,9,,2,0,Asphalt,1,1,4,35,4,2,1,4,0,0,0,1,false,false,false,false,false,false,false,false,false,false,true,false,false,false,false,false,false,false,false,false,false,false,-83.20638,42.43032,"{
  ""coordinates"": [
    -8.320638507654030e+01,
    4.243032489715720e+01
  ],
  ""type"": ""Point""
}","{
  ""coordinates"": [
    -83.206385077,
    42.430324897
  ],
  ""type"": ""Point""
}",-83.2063850769999,42.430324897
7257,1507767,7 MILE,KENTFIELD,2018-10-21,21,10,2018,12,1,5,9,,2,0,Asphalt,1,2,1,35,2,2,2,5,0,0,0,0,true,false,false,false,false,false,false,false,false,false,false,false,false,true,false,false,false,false,false,false,false,false,-83.24191,42.4295,"{
  ""coordinates"": [
    -8.324191199769299e+01,
    4.242949917558650e+01
  ],
  ""type"": ""Point""
}","{
  ""coordinates"": [
    -83.241911998,
    42.429499176
  ],
  ""type"": ""Point""
}",-83.241911998,42.429499176
7258,1526378,I 75,GREEN,2018-10-21,21,10,2018,15,1,8,1,,1,0,Concrete,1,1,1,50,4,2,1,5,0,0,0,0,true,false,false,false,true,false,false,false,true,false,false,false,false,true,false,false,false,false,false,false,false,false,-83.11414,42.30335,"{
  ""coordinates"": [
    -8.311414183545570e+01,
    4.230334922464600e+01
  ],
  ""type"": ""Point""
}","{
  ""coordinates"": [
    -83.114141835,
    42.303349225
  ],
  ""type"": ""Point""
}",-83.1141418349999,42.303349225
7259,1507788,GRATIOT,RUSSELL,2018-10-21,21,10,2018,22,1,8,3,,1,0,Asphalt,1,1,1,30,3,2,1,5,0,0,0,0,true,false,true,true,true,false,false,false,false,false,false,false,false,true,false,false,false,false,false,false,false,false,-83.03868,42.34362,"{
  ""coordinates"": [
    -8.303868395263579e+01,
    4.234361525068570e+01
  ],
  ""type"": ""Point""
}","{
  ""coordinates"": [
    -83.038683953,
    42.343615251
  ],
  ""type"": ""Point""
}",-83.038683953,42.3436152510001
7260,1506328,OUTER,DEVONSHIRE,2018-10-21,21,10,2018,13,1,4,9,,2,0,Asphalt,1,2,1,25,2,2,2,5,0,0,0,0,true,false,false,false,false,false,false,false,false,false,false,false,false,false,false,false,false,false,false,false,false,false,-82.94521,42.40668,"{
  ""coordinates"": [
    -8.294520224061810e+01,
    4.240668130673060e+01
  ],
  ""type"": ""Point""
}","{
  ""coordinates"": [
    -82.945202241,
    42.406681307
  ],
  ""type"": ""Point""
}",-82.9452022409999,42.406681307
7261,1506358,7 MILE,CELESTINE,2018-10-21,21,10,2018,3,1,1,9,,2,1,Asphalt,1,2,4,30,2,1,1,5,0,0,0,0,true,false,false,false,false,false,false,false,false,false,false,false,false,false,false,false,false,false,false,false,false,false,-82.97301,42.4352,"{
  ""coordinates"": [
    -8.297300431067499e+01,
    4.243519932915230e+01
  ],
  ""type"": ""Point""
}","{
  ""coordinates"": [
    -82.973004311,
    42.435199329
  ],
  ""type"": ""Point""
}",-82.973004311,42.4351993290001
7262,1533610,I-94,I-75,2018-10-21,21,10,2018,3,1,1,1,,1,1,Concrete,1,1,4,70,3,1,1,5,0,0,0,0,true,false,false,false,false,true,false,false,false,true,false,false,false,false,false,false,false,false,false,false,false,false,-83.05851,42.36839,"{
  ""coordinates"": [
    -8.305850945970330e+01,
    4.236838999421680e+01
  ],
  ""type"": ""Point""
}","{
  ""coordinates"": [
    -83.05850946,
    42.368389994
  ],
  ""type"": ""Point""
}",-83.05850946,42.368389994
7263,1506342,ORLEANS,LAFAYETTE,2018-10-21,21,10,2018,10,1,10,9,,,0,,1,2,1,25,2,2,4,5,0,0,0,0,true,false,false,false,false,false,false,false,false,false,false,false,false,false,false,false,false,false,false,false,false,false,-83.03065,42.33875,"{
  ""coordinates"": [
    -8.303064702223890e+01,
    4.233874416099670e+01
  ],
  ""type"": ""Point""
}","{
  ""coordinates"": [
    -83.030647022,
    42.338744161
  ],
  ""type"": ""Point""
}",-83.030647022,42.3387441610001
7264,1506370,DAVISON,OAKMAN,2018-10-21,21,10,2018,19,1,5,3,,1,0,Concrete,1,2,4,35,3,3,6,5,0,0,0,0,true,false,false,false,true,false,false,false,false,false,false,false,false,false,false,false,false,false,false,false,false,false,-83.14375,42.38645,"{
  ""coordinates"": [
    -8.314374275251110e+01,
    4.238644781030500e+01
  ],
  ""type"": ""Point""
}","{
  ""coordinates"": [
    -83.143742753,
    42.38644781
  ],
  ""type"": ""Point""
}",-83.143742753,42.38644781
7265,1506362,8 MILE,GROESBECK,2018-10-21,21,10,2018,16,1,5,3,,1,0,Asphalt,1,1,1,40,9,2,1,5,0,0,0,0,true,false,false,false,false,false,false,false,false,false,false,false,false,true,false,false,false,false,false,false,false,false,-83.00253,42.4489,"{
  ""coordinates"": [
    -8.300252252702690e+01,
    4.244890225100850e+01
  ],
  ""type"": ""Point""
}","{
  ""coordinates"": [
    -83.002522527,
    42.448902251
  ],
  ""type"": ""Point""
}",-83.0025225269999,42.448902251
7266,1509216,HARRISON,SPRUCE,2018-10-21,21,10,2018,1,1,10,9,,,0,,1,1,4,25,2,2,0,5,0,0,0,0,true,false,false,false,true,false,false,false,false,false,false,false,false,false,false,false,false,false,false,false,false,false,-83.07288,42.33552,"{
  ""coordinates"": [
    -8.307288656627649e+01,
    4.233552314321710e+01
  ],
  ""type"": ""Point""
}","{
  ""coordinates"": [
    -83.072886566,
    42.335523143
  ],
  ""type"": ""Point""
}",-83.072886566,42.335523143
7267,1506340,WARREN,MOUNT ELLIOTT,2018-10-21,21,10,2018,15,1,5,9,,4,0,Asphalt,1,1,1,30,3,2,2,5,0,0,0,0,true,false,false,false,false,false,false,false,false,false,false,false,false,false,false,false,false,false,false,false,false,false,-83.0274,42.37056,"{
  ""coordinates"": [
    -8.302740751314380e+01,
    4.237056356136700e+01
  ],
  ""type"": ""Point""
}","{
  ""coordinates"": [
    -83.027407513,
    42.370563561
  ],
  ""type"": ""Point""
}",-83.027407513,42.370563561
7268,1506336,WARREN,GREENFIELD,2018-10-21,21,10,2018,18,1,4,9,,2,0,Asphalt,1,1,1,35,4,2,1,5,0,0,0,0,true,false,false,false,true,false,false,false,false,false,false,false,false,true,false,false,false,false,false,false,false,false,-83.1963,42.34367,"{
  ""coordinates"": [
    -8.319630784094230e+01,
    4.234366497502510e+01
  ],
  ""type"": ""Point""
}","{
  ""coordinates"": [
    -83.196307841,
    42.343664975
  ],
  ""type"": ""Point""
}",-83.196307841,42.3436649750001
7269,1507782,LAWNDALE,CHAMBERLAIN,2018-10-21,21,10,2018,16,1,4,9,,4,0,Asphalt,1,1,1,25,2,2,7,5,0,0,0,0,true,false,false,false,false,false,false,false,false,false,false,false,false,false,false,false,false,false,false,false,false,false,-83.12721,42.30148,"{
  ""coordinates"": [
    -8.312721388880320e+01,
    4.230148026474160e+01
  ],
  ""type"": ""Point""
}","{
  ""coordinates"": [
    -83.127213889,
    42.301480265
  ],
  ""type"": ""Point""
}",-83.127213889,42.3014802650001
7270,1506322,MEYERS,CHICAGO,2018-10-21,21,10,2018,16,1,5,9,,4,0,Asphalt,1,1,1,,4,2,3,3,0,0,1,0,false,false,false,false,false,false,false,true,false,false,false,false,false,false,false,false,false,false,false,false,false,false,-83.16793,42.36596,"{
  ""coordinates"": [
    -8.316792709646001e+01,
    4.236596393896450e+01
  ],
  ""type"": ""Point""
}","{
  ""coordinates"": [
    -83.167927096,
    42.365963939
  ],
  ""type"": ""Point""
}",-83.167927096,42.365963939
7271,1562910,GRAND RIVER,LAHSER,2018-10-21,21,10,2018,13,1,97,3,,1,0,Asphalt,1,1,1,35,6,2,1,4,0,0,0,1,false,false,false,false,false,false,false,false,false,false,false,false,true,false,false,false,false,false,false,false,false,false,-83.25749,42.41643,"{
  ""coordinates"": [
    -8.325749375133300e+01,
    4.241642968326130e+01
  ],
  ""type"": ""Point""
}","{
  ""coordinates"": [
    -83.257493751,
    42.416429683
  ],
  ""type"": ""Point""
}",-83.257493751,42.416429683
7272,1506319,FENKELL,WHITCOMB,2018-10-21,21,10,2018,0,1,5,9,,2,0,Asphalt,1,1,4,35,4,2,2,5,0,0,0,0,true,false,false,false,true,true,false,false,false,false,false,false,false,false,false,false,false,false,false,false,false,false,-83.19632,42.40158,"{
  ""coordinates"": [
    -8.319631987162040e+01,
    4.240158400267730e+01
  ],
  ""type"": ""Point""
}","{
  ""coordinates"": [
    -83.196319872,
    42.401584003
  ],
  ""type"": ""Point""
}",-83.1963198719999,42.401584003
7273,1511544,WARREN,GRAND,2018-10-21,21,10,2018,15,1,5,9,,4,0,Asphalt,1,1,1,,2,2,2,5,0,0,0,0,true,false,false,false,false,false,false,false,false,false,true,false,false,false,false,false,false,false,false,false,false,false,-83.01848,42.37381,"{
  ""coordinates"": [
    -8.301847877031339e+01,
    4.237381550923260e+01
  ],
  ""type"": ""Point""
}","{
  ""coordinates"": [
    -83.01847877,
    42.373815509
  ],
  ""type"": ""Point""
}",-83.0184787699999,42.3738155090001
7274,1506359,GROESBECK,HOOVER,2018-10-21,21,10,2018,1,1,1,3,,1,1,Asphalt,1,1,4,30,5,1,0,5,0,0,0,0,true,false,false,false,false,false,false,false,false,false,false,false,false,false,false,false,false,false,false,false,false,false,-83.00455,42.44646,"{
  ""coordinates"": [
    -8.300454599555000e+01,
    4.244646014415540e+01
  ],
  ""type"": ""Point""
}","{
  ""coordinates"": [
    -83.004545996,
    42.446460144
  ],
  ""type"": ""Point""
}",-83.004545996,42.4464601440001
7275,1506317,RAMP 041A,S I 375,2018-10-21,21,10,2018,5,1,1,1,,1,1,Concrete,1,2,4,55,1,1,1,5,0,0,0,0,true,false,false,false,false,false,false,false,false,false,false,false,false,false,false,false,false,false,false,false,false,false,-83.04282,42.34075,"{
  ""coordinates"": [
    -8.304282310695361e+01,
    4.234075137485320e+01
  ],
  ""type"": ""Point""
}","{
  ""coordinates"": [
    -83.042823107,
    42.340751375
  ],
  ""type"": ""Point""
}",-83.0428231069999,42.340751375
7276,1507760,I-75,7 MILE,2018-10-21,21,10,2018,2,1,8,1,,1,0,Asphalt,1,2,4,70,4,2,2,4,0,0,0,2,false,false,false,false,false,false,false,false,false,true,false,false,false,false,false,false,false,false,false,false,false,false,-83.09467,42.43261,"{
  ""coordinates"": [
    -8.309466636769240e+01,
    4.243261272338470e+01
  ],
  ""type"": ""Point""
}","{
  ""coordinates"": [
    -83.094666368,
    42.432612723
  ],
  ""type"": ""Point""
}",-83.0946663679999,42.432612723
7277,1506363,HAYES,EASTBURN,2018-10-21,21,10,2018,13,1,4,9,,4,0,Asphalt,1,2,1,30,2,2,5,3,0,0,1,4,false,false,false,false,false,false,false,false,false,false,false,false,false,false,true,false,false,false,false,false,false,false,-82.96589,42.4454,"{
  ""coordinates"": [
    -8.296588577748230e+01,
    4.244540462038740e+01
  ],
  ""type"": ""Point""
}","{
  ""coordinates"": [
    -82.965885777,
    42.44540462
  ],
  ""type"": ""Point""
}",-82.965885777,42.44540462
7278,1506367,CADIEUX,HARPER,2018-10-21,21,10,2018,0,1,5,9,,4,0,Asphalt,1,1,4,30,5,2,1,5,0,0,0,0,true,false,true,true,true,false,false,false,false,false,false,false,false,false,false,false,false,false,false,false,false,false,-82.93662,42.41641,"{
  ""coordinates"": [
    -8.293661942309880e+01,
    4.241640991318740e+01
  ],
  ""type"": ""Point""
}","{
  ""coordinates"": [
    -82.936619423,
    42.416409913
  ],
  ""type"": ""Point""
}",-82.936619423,42.4164099130001
7279,1506407,GREENFIELD,7 MILE,2018-10-21,21,10,2018,13,1,5,9,,2,0,Asphalt,1,1,1,30,5,2,2,5,0,0,0,0,true,false,false,false,false,false,false,false,false,false,false,false,false,false,false,false,false,false,false,false,false,false,-83.19987,42.43042,"{
  ""coordinates"": [
    -8.319987374423640e+01,
    4.243042209990690e+01
  ],
  ""type"": ""Point""
}","{
  ""coordinates"": [
    -83.199873744,
    42.4304221
  ],
  ""type"": ""Point""
}",-83.1998737439999,42.4304221
7280,1506386,LIVERNOIS,ELMHURST,2018-10-21,21,10,2018,14,1,4,9,,4,0,Concrete,1,2,1,30,4,2,14,4,0,0,0,7,false,false,true,true,false,false,false,true,false,false,false,false,false,false,false,true,false,false,false,false,false,false,-83.13921,42.37614,"{
  ""coordinates"": [
    -8.313921666732250e+01,
    4.237614145789550e+01
  ],
  ""type"": ""Point""
}","{
  ""coordinates"": [
    -83.139216667,
    42.376141458
  ],
  ""type"": ""Point""
}",-83.139216667,42.3761414580001
7281,1507802,BRADFORD,KENMOOR,2018-10-21,21,10,2018,19,1,4,9,,,0,,1,1,4,25,1,2,3,5,0,0,0,0,true,false,false,false,false,true,false,false,false,false,false,false,false,false,false,false,false,false,false,false,false,false,-82.9989,42.41982,"{
  ""coordinates"": [
    -8.299890483558190e+01,
    4.241982236180150e+01
  ],
  ""type"": ""Point""
}","{
  ""coordinates"": [
    -82.998904836,
    42.419822362
  ],
  ""type"": ""Point""
}",-82.998904836,42.419822362
7282,1518574,DALZELLE,14TH,2018-10-21,21,10,2018,20,1,98,9,,,0,,98,98,4,25,3,2,0,5,0,0,0,0,true,false,false,false,true,false,false,false,false,false,false,false,false,false,false,false,false,false,false,false,false,false,-83.07545,42.32959,"{
  ""coordinates"": [
    -8.307545797153020e+01,
    4.232958666061010e+01
  ],
  ""type"": ""Point""
}","{
  ""coordinates"": [
    -83.075457972,
    42.329586661
  ],
  ""type"": ""Point""
}",-83.075457972,42.3295866610001
7283,1506395,OUTER,FLEMING,2018-10-21,21,10,2018,22,1,4,9,,2,0,Asphalt,1,1,4,35,4,2,2,5,0,0,0,0,true,false,true,false,true,false,false,false,false,false,false,false,false,false,false,false,false,false,false,false,false,false,-83.07938,42.44006,"{
  ""coordinates"": [
    -8.307938286487099e+01,
    4.244005860975080e+01
  ],
  ""type"": ""Point""
}","{
  ""coordinates"": [
    -83.079382865,
    42.44005861
  ],
  ""type"": ""Point""
}",-83.079382865,42.4400586100001
7284,1506378,DAVISON SERVICE,LINWOOD,2018-10-21,21,10,2018,17,1,5,3,,1,0,Asphalt,1,1,3,35,6,2,1,5,0,0,0,0,true,false,false,false,true,false,false,false,false,true,false,false,false,false,false,false,false,false,false,false,false,false,-83.12212,42.39298,"{
  ""coordinates"": [
    -8.312212355720540e+01,
    4.239298361098980e+01
  ],
  ""type"": ""Point""
}","{
  ""coordinates"": [
    -83.122123557,
    42.392983611
  ],
  ""type"": ""Point""
}",-83.122123557,42.392983611
7285,1506394,8 MILE,RYAN,2018-10-21,21,10,2018,21,1,5,3,,1,0,Asphalt,1,1,4,40,4,2,1,5,0,0,0,0,true,false,false,false,false,false,false,false,false,false,false,false,false,false,false,false,false,false,false,false,false,false,-83.0657,42.44724,"{
  ""coordinates"": [
    -8.306569989780451e+01,
    4.244723671030220e+01
  ],
  ""type"": ""Point""
}","{
  ""coordinates"": [
    -83.065699898,
    42.44723671
  ],
  ""type"": ""Point""
}",-83.0656998979999,42.44723671
7286,1505259,CENTRAL,JOHN KRONK,2018-10-21,21,10,2018,2,1,1,9,,4,1,Asphalt,1,1,4,35,2,1,0,5,0,0,0,0,true,false,false,false,false,false,false,false,false,true,false,false,false,false,false,false,false,false,false,false,false,false,-83.13174,42.32291,"{
  ""coordinates"": [
    -8.313174318192570e+01,
    4.232290678123650e+01
  ],
  ""type"": ""Point""
}","{
  ""coordinates"": [
    -83.131743182,
    42.322906781
  ],
  ""type"": ""Point""
}",-83.131743182,42.322906781
7287,1506330,ALTER,JEFFERSON,2018-10-21,21,10,2018,19,1,8,9,,4,0,Asphalt,1,1,4,30,5,2,3,5,0,0,0,0,true,false,false,false,false,false,false,false,false,false,false,false,false,false,false,false,false,false,false,false,false,false,-82.93953,42.37487,"{
  ""coordinates"": [
    -8.293953026747469e+01,
    4.237487464367600e+01
  ],
  ""type"": ""Point""
}","{
  ""coordinates"": [
    -82.939530267,
    42.374874644
  ],
  ""type"": ""Point""
}",-82.939530267,42.374874644
7288,1564847,EIGHT MILE,STAHELIN,2018-10-21,21,10,2018,17,1,8,3,,1,0,Asphalt,1,1,1,45,8,2,6,5,0,0,0,0,true,false,true,true,false,false,false,false,false,false,false,false,false,false,false,false,false,false,false,false,false,false,-83.22811,42.44399,"{
  ""coordinates"": [
    -8.322810795811760e+01,
    4.244399054623790e+01
  ],
  ""type"": ""Point""
}","{
  ""coordinates"": [
    -83.228107958,
    42.443990546
  ],
  ""type"": ""Point""
}",-83.228107958,42.4439905460001
7289,1506402,S M 10,OUTER,2018-10-21,21,10,2018,3,1,5,3,,1,0,Concrete,1,1,4,30,3,2,1,5,0,0,0,0,true,false,false,false,true,false,false,false,false,false,false,false,false,false,false,false,false,false,false,false,false,false,-83.17619,42.42081,"{
  ""coordinates"": [
    -8.317619613564730e+01,
    4.242080644345950e+01
  ],
  ""type"": ""Point""
}","{
  ""coordinates"": [
    -83.176196136,
    42.420806443
  ],
  ""type"": ""Point""
}",-83.176196136,42.4208064430001
7290,1292249,LIVERNOIS,JEFFERSON,2018-02-06,6,2,2018,13,3,8,9,,4,0,Asphalt,2,1,1,30,3,2,2,4,0,0,0,1,false,false,false,false,false,false,false,false,false,false,false,false,false,true,false,true,false,false,false,false,false,false,-83.09884,42.30025,"{
  ""coordinates"": [
    -8.309884096483270e+01,
    4.230024684276190e+01
  ],
  ""type"": ""Point""
}","{
  ""coordinates"": [
    -83.098840965,
    42.300246843
  ],
  ""type"": ""Point""
}",-83.098840965,42.300246843
7291,1293494,FARMBROOK,LINVILLE,2018-02-06,6,2,2018,22,3,4,9,,,0,,4,1,4,25,2,2,1,5,0,0,0,0,true,false,false,false,true,false,false,false,false,false,false,false,false,false,false,false,false,false,false,false,false,false,-82.92374,42.41626,"{
  ""coordinates"": [
    -8.292373890835189e+01,
    4.241625741526620e+01
  ],
  ""type"": ""Point""
}","{
  ""coordinates"": [
    -82.923738908,
    42.416257415
  ],
  ""type"": ""Point""
}",-82.923738908,42.4162574150001
7292,1294554,THIRD,ABBOTT,2018-02-06,6,2,2018,9,3,4,9,,4,0,Asphalt,1,1,1,30,3,2,3,4,0,0,0,1,false,false,false,false,false,false,false,false,false,false,false,false,false,false,false,false,true,false,false,false,false,false,-83.05629,42.33022,"{
  ""coordinates"": [
    -8.305629272719000e+01,
    4.233021875567350e+01
  ],
  ""type"": ""Point""
}","{
  ""coordinates"": [
    -83.056292727,
    42.330218756
  ],
  ""type"": ""Point""
}",-83.056292727,42.3302187560001
7293,1293438,I-94,SAGINAW,2018-02-06,6,2,2018,15,3,5,1,,1,0,Asphalt,1,1,1,55,3,3,2,5,0,0,0,0,true,false,false,false,true,false,false,false,false,false,false,false,false,false,false,false,false,false,false,false,false,false,-83.03521,42.3784,"{
  ""coordinates"": [
    -8.303521012224530e+01,
    4.237839783876720e+01
  ],
  ""type"": ""Point""
}","{
  ""coordinates"": [
    -83.035210122,
    42.378397839
  ],
  ""type"": ""Point""
}",-83.035210122,42.3783978390001
7294,1294517,S/B M 39,MCNICHOLS,2018-02-06,6,2,2018,16,3,5,3,,1,0,Concrete,2,1,1,55,3,3,3,5,0,0,0,0,true,false,false,false,false,false,false,false,false,false,true,false,false,false,true,false,false,false,false,false,false,false,-83.21889,42.41579,"{
  ""coordinates"": [
    -8.321889004962431e+01,
    4.241578798573560e+01
  ],
  ""type"": ""Point""
}","{
  ""coordinates"": [
    -83.21889005,
    42.415787986
  ],
  ""type"": ""Point""
}",-83.21889005,42.4157879860001
7295,1293473,JEFFERSON,BEAUBIEN,2018-02-06,6,2,2018,9,3,8,4,,1,0,Asphalt,4,5,1,30,3,2,3,5,0,0,0,0,true,false,false,false,false,false,false,false,false,false,false,false,false,true,false,false,false,false,false,false,false,false,-83.03988,42.33085,"{
  ""coordinates"": [
    -8.303988060566689e+01,
    4.233084948992650e+01
  ],
  ""type"": ""Point""
}","{
  ""coordinates"": [
    -83.039880606,
    42.33084949
  ],
  ""type"": ""Point""
}",-83.0398806059999,42.33084949
7296,1294539,I-75,M-8,2018-02-06,6,2,2018,7,3,8,1,,1,0,Asphalt,2,1,1,70,4,2,1,5,0,0,0,0,true,false,false,false,true,false,false,false,false,false,false,false,false,false,false,false,false,false,false,false,false,false,-83.08009,42.40928,"{
  ""coordinates"": [
    -8.308009400474140e+01,
    4.240927521000660e+01
  ],
  ""type"": ""Point""
}","{
  ""coordinates"": [
    -83.080094005,
    42.40927521
  ],
  ""type"": ""Point""
}",-83.080094005,42.40927521
7297,1293511,MCCLELLAN,AMITY,2018-02-06,6,2,2018,23,3,8,9,,4,0,Asphalt,4,2,4,25,2,2,1,5,0,0,0,0,true,false,false,false,false,false,false,false,false,false,false,true,false,false,false,false,false,false,false,false,false,false,-82.98814,42.36374,"{
  ""coordinates"": [
    -8.298813318754419e+01,
    4.236373850948560e+01
  ],
  ""type"": ""Point""
}","{
  ""coordinates"": [
    -82.988133188,
    42.363738509
  ],
  ""type"": ""Point""
}",-82.9881331879999,42.363738509