ObjectId,Crash ID,Primary Road,Intersecting Road,Crash Date,Day,Month,Year,Hour,Weekday,Crash Type Code,Highway Classification Code,Community Code,Jurisdiction Code,Lane Departure Type Code,Surface Type,Road Condition,Weather Condition,Lighting Condition,Speed Limit,Lanes,Units,Occupants,Most Severe Injury,Fatal Injuries,Suspected Serious Injuries,Suspected Minor Injuries,Possible Injuries,Property Damage Only,Secondary Crash,Traffic Control,Red Light Run,Hit and Run,Alcohol,Drugs,Unbelted Person,Work Zone,Speeding Driver,Distracted Driver,Driveway,Pedestrian,Elderly Driver,Young Driver,Commercial Vehicle,Emergency Vehicles,Train,School Bus,Motorcycle,Bicycle,Deer,Longitude,Latitude,geom,geog,x,y
7516,1289761,GRAND RIVER,WARD,2018-02-04,4,2,2018,17,1,97,3,,1,0,Concrete,4,5,3,35,4,2,2,5,0,0,0,0,true,false,false,false,false,false,false,false,false,false,false,false,false,false,false,false,false,false,false,false,false,false,-83.17326,42.38255,"{
  ""coordinates"": [
    -8.317325251759110e+01,
    4.238254423130590e+01
  ],
  ""type"": ""Point""
}","{
  ""coordinates"": [
    -83.173252518,
    42.382544231
  ],
  ""type"": ""Point""
}",-83.173252518,42.3825442310001
7517,1291163,EDMORE,HAYES,2018-02-04,4,2,2018,18,1,2,9,,,2,,4,5,5,25,2,2,3,2,0,1,0,0,false,false,false,false,false,false,false,false,false,false,false,false,false,false,false,false,false,false,false,false,false,false,-82.96571,42.4472,"{
  ""coordinates"": [
    -8.296571068986030e+01,
    4.244720581345520e+01
  ],
  ""type"": ""Point""
}","{
  ""coordinates"": [
    -82.96571069,
    42.447205813
  ],
  ""type"": ""Point""
}",-82.96571069,42.447205813
7518,1304316,CHALMERS,FRANKFORT,2018-02-04,4,2,2018,16,1,4,9,,4,0,Asphalt,4,5,1,30,2,2,2,5,0,0,0,0,true,false,false,false,true,false,false,false,false,false,false,false,false,false,false,false,false,false,false,false,false,false,-82.95988,42.39706,"{
  ""coordinates"": [
    -8.295987708575070e+01,
    4.239706092114740e+01
  ],
  ""type"": ""Point""
}","{
  ""coordinates"": [
    -82.959877086,
    42.397060921
  ],
  ""type"": ""Point""
}",-82.9598770859999,42.397060921
7519,1289787,DAVISON,WILDEMERE,2018-02-04,4,2,2018,16,1,5,3,,1,0,Asphalt,2,5,1,30,7,2,1,5,0,0,0,0,true,false,false,false,true,false,false,false,false,false,false,false,false,false,false,false,false,false,false,false,false,false,-83.12742,42.39102,"{
  ""coordinates"": [
    -8.312742137470489e+01,
    4.239101903405090e+01
  ],
  ""type"": ""Point""
}","{
  ""coordinates"": [
    -83.127421375,
    42.391019034
  ],
  ""type"": ""Point""
}",-83.127421375,42.3910190340001
7520,1289791,VAN DYKE,ROLYAT,2018-02-04,4,2,2018,9,1,1,3,,1,1,Asphalt,4,5,1,30,3,1,1,5,0,0,0,0,true,false,false,false,false,false,false,false,false,false,false,false,false,false,false,false,false,false,false,false,false,false,-83.02444,42.4395,"{
  ""coordinates"": [
    -8.302443723746460e+01,
    4.243949755398590e+01
  ],
  ""type"": ""Point""
}","{
  ""coordinates"": [
    -83.024437237,
    42.439497554
  ],
  ""type"": ""Point""
}",-83.024437237,42.4394975540001
7521,1293450,N I 75 SERVICE DRIVE,GRAND RIVER,2018-02-04,4,2,2018,16,1,5,3,,1,0,Asphalt,2,5,1,30,3,2,3,5,0,0,0,0,true,false,false,false,false,false,false,false,false,false,false,false,false,false,false,false,false,false,false,false,false,false,-83.05889,42.33635,"{
  ""coordinates"": [
    -8.305889172804220e+01,
    4.233635420540090e+01
  ],
  ""type"": ""Point""
}","{
  ""coordinates"": [
    -83.058891728,
    42.336354205
  ],
  ""type"": ""Point""
}",-83.0588917279999,42.3363542050001
7522,1293446,M 10,FOREST,2018-02-04,4,2,2018,4,1,1,3,,1,1,Concrete,4,5,5,55,3,1,1,5,0,0,0,0,true,false,false,false,false,true,false,false,false,true,false,false,false,false,false,false,false,false,false,false,false,false,-83.07185,42.3508,"{
  ""coordinates"": [
    -8.307184654800530e+01,
    4.235079602877390e+01
  ],
  ""type"": ""Point""
}","{
  ""coordinates"": [
    -83.071846548,
    42.350796029
  ],
  ""type"": ""Point""
}",-83.0718465479999,42.350796029
7523,1314315,S I 75,S I 75,2018-02-04,4,2,2018,17,1,1,1,,1,1,Concrete,4,1,1,55,2,1,1,5,0,0,0,0,true,false,false,false,false,false,false,false,false,true,false,false,false,false,false,false,false,false,false,false,false,false,-83.04514,42.34663,"{
  ""coordinates"": [
    -8.304513639181120e+01,
    4.234663109330960e+01
  ],
  ""type"": ""Point""
}","{
  ""coordinates"": [
    -83.045136392,
    42.346631093
  ],
  ""type"": ""Point""
}",-83.045136392,42.346631093
7524,1289762,SCHOOLCRAFT,BURT,2018-02-04,4,2,2018,20,1,97,9,,4,0,Concrete,4,5,4,25,1,2,2,5,0,0,0,0,true,false,false,false,true,false,false,false,false,false,false,false,false,false,false,false,false,false,false,false,false,false,-83.24648,42.38499,"{
  ""coordinates"": [
    -8.324647308459080e+01,
    4.238499063279670e+01
  ],
  ""type"": ""Point""
}","{
  ""coordinates"": [
    -83.246473085,
    42.384990633
  ],
  ""type"": ""Point""
}",-83.2464730849999,42.384990633
7525,1293295,M39,7 MILE,2018-02-04,4,2,2018,5,1,1,3,,1,1,Concrete,2,5,4,55,3,1,2,4,0,0,0,1,false,false,false,false,false,false,false,false,false,true,false,false,false,false,false,false,false,false,false,false,false,false,-83.21917,42.42857,"{
  ""coordinates"": [
    -8.321916582232930e+01,
    4.242856983122860e+01
  ],
  ""type"": ""Point""
}","{
  ""coordinates"": [
    -83.219165822,
    42.428569831
  ],
  ""type"": ""Point""
}",-83.219165822,42.4285698310001
7526,1314413,CHALMERS,FAIRCREST,2018-02-04,4,2,2018,20,1,4,9,,4,0,Asphalt,3,5,4,35,2,2,2,4,0,0,0,2,false,false,false,false,true,false,false,false,false,false,false,false,false,true,false,false,false,false,false,false,false,false,-82.97521,42.43211,"{
  ""coordinates"": [
    -8.297520920155981e+01,
    4.243210945548780e+01
  ],
  ""type"": ""Point""
}","{
  ""coordinates"": [
    -82.975209202,
    42.432109455
  ],
  ""type"": ""Point""
}",-82.975209202,42.432109455
7527,1289778,GRAND,MT ELLIOT,2018-02-04,4,2,2018,22,1,9,9,,4,2,Asphalt,4,5,5,30,3,2,1,5,0,0,0,0,true,false,false,false,true,false,false,false,false,false,false,false,false,false,false,false,false,false,false,false,false,false,-83.03278,42.37641,"{
  ""coordinates"": [
    -8.303278441883261e+01,
    4.237641054285120e+01
  ],
  ""type"": ""Point""
}","{
  ""coordinates"": [
    -83.032784419,
    42.376410543
  ],
  ""type"": ""Point""
}",-83.0327844189999,42.3764105430001
7528,1291146,ARCHDALE,ELMIRA,2018-02-04,4,2,2018,12,1,5,9,,,0,,4,5,1,25,1,4,3,4,0,0,0,2,false,false,false,false,false,false,false,false,false,false,false,false,false,false,false,false,true,false,false,false,false,false,-83.21556,42.36934,"{
  ""coordinates"": [
    -8.321556380931131e+01,
    4.236934381258210e+01
  ],
  ""type"": ""Point""
}","{
  ""coordinates"": [
    -83.215563809,
    42.369343813
  ],
  ""type"": ""Point""
}",-83.2155638089999,42.3693438130001
7529,1291172,7 MILE,JOANN,2018-02-04,4,2,2018,2,1,2,9,,4,2,Asphalt,3,5,4,25,2,3,0,5,0,0,0,0,true,false,false,false,true,false,false,false,false,false,false,false,false,false,false,false,false,false,false,false,false,false,-82.98972,42.43481,"{
  ""coordinates"": [
    -8.298972254446041e+01,
    4.243481362683750e+01
  ],
  ""type"": ""Point""
}","{
  ""coordinates"": [
    -82.989722544,
    42.434813627
  ],
  ""type"": ""Point""
}",-82.989722544,42.434813627
7530,1291148,OUTER,E I 96,2018-02-04,4,2,2018,17,1,1,9,,2,0,Concrete,4,5,1,,2,1,2,5,0,0,0,0,true,false,false,false,false,false,false,false,false,false,false,false,false,false,false,false,false,false,false,false,false,false,-83.25619,42.38544,"{
  ""coordinates"": [
    -8.325619095760860e+01,
    4.238543617259510e+01
  ],
  ""type"": ""Point""
}","{
  ""coordinates"": [
    -83.256190958,
    42.385436173
  ],
  ""type"": ""Point""
}",-83.256190958,42.3854361730001
7531,1289756,OAKMAN,JOY,2018-02-04,4,2,2018,13,1,5,9,,4,0,Asphalt,4,1,1,30,2,2,1,5,0,0,0,0,true,false,false,false,false,false,false,false,false,true,false,false,false,true,false,false,false,false,false,false,false,false,-83.16081,42.35867,"{
  ""coordinates"": [
    -8.316081219971950e+01,
    4.235867485431840e+01
  ],
  ""type"": ""Point""
}","{
  ""coordinates"": [
    -83.1608122,
    42.358674854
  ],
  ""type"": ""Point""
}",-83.1608122,42.3586748540001
7532,1293442,I-75,8 MILE,2018-02-04,4,2,2018,21,1,1,1,,1,1,Asphalt,4,5,4,70,3,1,1,4,0,0,0,1,false,false,false,false,false,false,false,false,false,true,false,false,false,false,true,false,false,false,false,false,false,false,-83.09506,42.44391,"{
  ""coordinates"": [
    -8.309506023258530e+01,
    4.244390993844880e+01
  ],
  ""type"": ""Point""
}","{
  ""coordinates"": [
    -83.095060233,
    42.443909938
  ],
  ""type"": ""Point""
}",-83.095060233,42.443909938
7533,1289798,8 MILE,SANTA BARBARA,2018-02-04,4,2,2018,14,1,8,3,,1,0,Asphalt,2,5,1,40,4,2,3,5,0,0,0,0,true,false,false,false,false,false,false,false,false,false,false,false,false,false,false,true,false,false,false,false,false,false,-83.14902,42.44593,"{
  ""coordinates"": [
    -8.314901731689361e+01,
    4.244592943688040e+01
  ],
  ""type"": ""Point""
}","{
  ""coordinates"": [
    -83.149017317,
    42.445929437
  ],
  ""type"": ""Point""
}",-83.149017317,42.4459294370001
7534,1292194,I-75,GRANDRIVER,2018-02-04,4,2,2018,19,1,8,1,,1,0,Concrete,4,5,4,55,3,2,2,5,0,0,0,0,true,false,false,false,false,false,false,false,false,true,false,false,false,false,false,false,false,false,false,false,false,false,-83.06377,42.33536,"{
  ""coordinates"": [
    -8.306377351213550e+01,
    4.233536231828030e+01
  ],
  ""type"": ""Point""
}","{
  ""coordinates"": [
    -83.063773512,
    42.335362318
  ],
  ""type"": ""Point""
}",-83.063773512,42.3353623180001
7535,1304306,WHITTIER,E I 94,2018-02-04,4,2,2018,16,1,1,9,,4,0,Asphalt,4,5,1,25,2,1,1,5,0,0,0,0,true,false,false,false,false,false,false,false,false,false,false,false,false,true,false,false,false,false,false,false,false,false,-82.9437,42.41313,"{
  ""coordinates"": [
    -8.294369776207840e+01,
    4.241312902958950e+01
  ],
  ""type"": ""Point""
}","{
  ""coordinates"": [
    -82.943697762,
    42.41312903
  ],
  ""type"": ""Point""
}",-82.9436977619999,42.4131290300001
7536,1327874,I-94,LIVERNOIS,2018-02-04,4,2,2018,8,1,1,1,,1,1,Asphalt,4,5,1,70,3,1,2,5,0,0,0,0,true,false,false,false,false,false,false,false,false,true,false,false,false,false,false,false,false,false,false,false,false,false,-83.12066,42.3392,"{
  ""coordinates"": [
    -8.312065856588740e+01,
    4.233919868102930e+01
  ],
  ""type"": ""Point""
}","{
  ""coordinates"": [
    -83.120658566,
    42.339198681
  ],
  ""type"": ""Point""
}",-83.120658566,42.339198681
7537,1292225,GRAND RIVER,SCHAEFER,2018-02-04,4,2,2018,15,1,5,3,,1,0,Asphalt,4,5,1,35,7,2,10,4,0,0,0,1,false,false,false,false,true,false,false,true,false,false,false,false,false,false,false,true,false,false,false,false,false,false,-83.17844,42.38463,"{
  ""coordinates"": [
    -8.317844330529960e+01,
    4.238462781791640e+01
  ],
  ""type"": ""Point""
}","{
  ""coordinates"": [
    -83.178443305,
    42.384627818
  ],
  ""type"": ""Point""
}",-83.178443305,42.3846278180001
7538,1289757,EATON,MARLOWE,2018-02-04,4,2,2018,16,1,9,9,,,2,,4,5,3,15,2,2,2,5,0,0,0,0,true,false,false,false,false,false,false,false,false,false,false,false,false,true,false,false,false,false,false,false,false,false,-83.18962,42.39695,"{
  ""coordinates"": [
    -8.318961822795080e+01,
    4.239695046765190e+01
  ],
  ""type"": ""Point""
}","{
  ""coordinates"": [
    -83.189618228,
    42.396950468
  ],
  ""type"": ""Point""
}",-83.189618228,42.3969504680001
7539,1292233,MARTIN LUTHER KING JR,ROSA PARKS,2018-02-04,4,2,2018,15,1,8,9,,4,0,Concrete,4,5,3,35,4,2,3,5,0,0,0,0,true,false,false,false,false,false,false,false,false,false,false,false,false,false,false,true,false,false,false,false,false,false,-83.07702,42.34039,"{
  ""coordinates"": [
    -8.307701901607651e+01,
    4.234038834115890e+01
  ],
  ""type"": ""Point""
}","{
  ""coordinates"": [
    -83.077019016,
    42.340388341
  ],
  ""type"": ""Point""
}",-83.077019016,42.3403883410001
7540,1303428,M 10,FOREST,2018-02-04,4,2,2018,3,1,5,3,,1,0,Concrete,4,5,5,55,3,3,3,4,0,0,0,1,false,false,false,false,false,false,false,false,false,false,false,false,false,false,false,false,false,false,false,false,false,false,-83.07214,42.3513,"{
  ""coordinates"": [
    -8.307214038587240e+01,
    4.235130174138810e+01
  ],
  ""type"": ""Point""
}","{
  ""coordinates"": [
    -83.072140386,
    42.351301741
  ],
  ""type"": ""Point""
}",-83.0721403859999,42.351301741
7541,1289785,ROSSITER,MCCORMICK,2018-02-04,4,2,2018,13,1,4,9,,,0,,3,5,1,25,2,2,4,5,0,0,0,0,true,false,false,false,false,false,false,false,false,false,false,false,false,false,false,false,false,false,false,false,false,false,-82.94415,42.43192,"{
  ""coordinates"": [
    -8.294415413993690e+01,
    4.243191952233820e+01
  ],
  ""type"": ""Point""
}","{
  ""coordinates"": [
    -82.94415414,
    42.431919522
  ],
  ""type"": ""Point""
}",-82.94415414,42.431919522
7542,1289774,MICHIGAN,LIVERNOIS,2018-02-04,4,2,2018,9,1,4,2,,1,0,Asphalt,6,5,1,35,5,2,1,4,0,0,0,1,false,false,true,true,true,false,false,false,false,false,false,false,false,false,false,false,false,false,false,false,false,false,-83.1198,42.33111,"{
  ""coordinates"": [
    -8.311979922520570e+01,
    4.233110859368690e+01
  ],
  ""type"": ""Point""
}","{
  ""coordinates"": [
    -83.119799225,
    42.331108594
  ],
  ""type"": ""Point""
}",-83.119799225,42.3311085940001
7543,1291178,VAUGHAN,VAN BUREN,2018-02-04,4,2,2018,17,1,4,9,,,0,,4,5,1,25,1,2,3,5,0,0,0,0,true,false,false,false,false,false,false,false,false,false,false,false,false,false,false,false,false,false,false,false,false,false,-83.23711,42.35583,"{
  ""coordinates"": [
    -8.323711045835140e+01,
    4.235583537458030e+01
  ],
  ""type"": ""Point""
}","{
  ""coordinates"": [
    -83.237110458,
    42.355835375
  ],
  ""type"": ""Point""
}",-83.237110458,42.355835375
7544,1289789,MAINE,7MILE,2018-02-04,4,2,2018,12,1,4,9,,,0,,3,5,1,25,1,2,2,5,0,0,0,0,true,false,false,false,false,false,false,false,false,false,false,false,false,false,false,false,false,false,false,false,false,false,-83.07601,42.43272,"{
  ""coordinates"": [
    -8.307600964386550e+01,
    4.243271570547240e+01
  ],
  ""type"": ""Point""
}","{
  ""coordinates"": [
    -83.076009644,
    42.432715705
  ],
  ""type"": ""Point""
}",-83.076009644,42.4327157050001
7545,1318677,MAXWELL,VERNOR,2018-02-04,4,2,2018,13,1,97,9,,,0,,3,5,1,25,2,2,2,5,0,0,0,0,true,false,false,false,false,false,false,false,false,false,false,false,false,false,false,true,false,false,false,false,false,false,-82.9995,42.3613,"{
  ""coordinates"": [
    -8.299949593229459e+01,
    4.236129645658900e+01
  ],
  ""type"": ""Point""
}","{
  ""coordinates"": [
    -82.999495932,
    42.361296457
  ],
  ""type"": ""Point""
}",-82.9994959319999,42.361296457
7546,1289763,SCHAEFER,MIDLAND,2018-02-04,4,2,2018,18,1,4,9,,4,0,Asphalt,4,5,98,35,2,2,2,5,0,0,0,0,true,false,false,false,false,false,false,false,false,false,false,false,false,false,false,false,false,false,false,false,false,false,-83.1793,42.40572,"{
  ""coordinates"": [
    -8.317929563100060e+01,
    4.240572168020570e+01
  ],
  ""type"": ""Point""
}","{
  ""coordinates"": [
    -83.179295631,
    42.40572168
  ],
  ""type"": ""Point""
}",-83.1792956309999,42.4057216800001
7547,1292230,SAINT ANTOINE,WARREN,2018-02-04,4,2,2018,15,1,98,9,,4,0,Asphalt,4,5,1,35,3,2,2,5,0,0,0,0,true,false,false,false,false,false,false,false,false,false,false,false,false,false,false,false,false,false,false,false,false,false,-83.0571,42.35985,"{
  ""coordinates"": [
    -8.305709771623300e+01,
    4.235984820784560e+01
  ],
  ""type"": ""Point""
}","{
  ""coordinates"": [
    -83.057097716,
    42.359848208
  ],
  ""type"": ""Point""
}",-83.057097716,42.3598482080001
7548,1304307,DICKERSON,CHANDLER PARK,2018-02-04,4,2,2018,20,1,2,9,,4,0,Asphalt,4,5,4,30,2,2,4,5,0,0,0,0,true,false,false,false,false,false,false,false,false,false,false,false,false,false,false,false,false,false,false,false,false,false,-82.97042,42.39741,"{
  ""coordinates"": [
    -8.297041802983330e+01,
    4.239740705036670e+01
  ],
  ""type"": ""Point""
}","{
  ""coordinates"": [
    -82.97041803,
    42.39740705
  ],
  ""type"": ""Point""
}",-82.97041803,42.39740705
7549,1292181,I-96,HUBBELL,2018-02-04,4,2,2018,16,1,1,1,,1,1,Concrete,2,5,1,70,3,1,3,5,0,0,0,0,true,false,false,false,false,false,false,false,false,true,false,false,false,false,true,false,false,false,false,false,false,false,-83.18989,42.38005,"{
  ""coordinates"": [
    -8.318988741702159e+01,
    4.238004570139140e+01
  ],
  ""type"": ""Point""
}","{
  ""coordinates"": [
    -83.189887417,
    42.380045701
  ],
  ""type"": ""Point""
}",-83.189887417,42.380045701
7550,1292179,W I 94,CONNER,2018-02-04,4,2,2018,10,1,5,1,,1,0,Asphalt,2,5,1,55,3,2,3,5,0,0,0,0,true,false,false,false,false,false,false,false,false,true,false,false,false,false,false,false,false,false,false,false,false,false,-82.98906,42.39568,"{
  ""coordinates"": [
    -8.298906162163520e+01,
    4.239567644248500e+01
  ],
  ""type"": ""Point""
}","{
  ""coordinates"": [
    -82.989061622,
    42.395676442
  ],
  ""type"": ""Point""
}",-82.989061622,42.3956764420001
7551,1352393,JEFFERSON,BEAUBIEN,2018-02-04,4,2,2018,3,1,8,4,,1,0,Asphalt,2,5,4,35,4,2,3,5,0,0,0,0,true,false,false,false,false,false,false,false,false,false,false,false,false,false,false,false,false,false,false,false,false,false,-83.03968,42.33058,"{
  ""coordinates"": [
    -8.303967765427190e+01,
    4.233057886232080e+01
  ],
  ""type"": ""Point""
}","{
  ""coordinates"": [
    -83.039677654,
    42.330578862
  ],
  ""type"": ""Point""
}",-83.0396776539999,42.330578862
7552,1289758,FULLERTON,STEEL,2018-02-04,4,2,2018,16,1,4,9,,4,0,Asphalt,4,5,4,30,4,2,1,5,0,0,0,0,true,false,false,false,true,false,false,false,false,false,false,false,false,false,false,false,false,false,false,false,false,false,-83.17088,42.38044,"{
  ""coordinates"": [
    -8.317087583584410e+01,
    4.238044086997730e+01
  ],
  ""type"": ""Point""
}","{
  ""coordinates"": [
    -83.170875836,
    42.38044087
  ],
  ""type"": ""Point""
}",-83.1708758359999,42.38044087
7553,1289794,NEVADA,WOODWARD,2018-02-04,4,2,2018,20,1,1,3,,4,1,Asphalt,6,5,5,25,2,1,1,5,0,0,0,0,true,false,false,false,false,false,false,false,false,false,false,false,false,false,false,true,false,false,false,false,false,false,-83.10879,42.42357,"{
  ""coordinates"": [
    -8.310879069563551e+01,
    4.242356720843120e+01
  ],
  ""type"": ""Point""
}","{
  ""coordinates"": [
    -83.108790696,
    42.423567208
  ],
  ""type"": ""Point""
}",-83.108790696,42.4235672080001
7554,1291132,ROSA PARKS,MICHIGAN,2018-02-04,4,2,2018,21,1,98,2,,4,0,Asphalt,4,5,4,30,7,1,1,5,0,0,0,0,true,false,false,false,true,false,false,false,false,false,false,false,false,false,false,false,false,false,false,false,false,false,-83.07178,42.33139,"{
  ""coordinates"": [
    -8.307178434778029e+01,
    4.233139196448980e+01
  ],
  ""type"": ""Point""
}","{
  ""coordinates"": [
    -83.071784348,
    42.331391964
  ],
  ""type"": ""Point""
}",-83.0717843479999,42.331391964
7555,1293531,STATE FAIR,RAMP 050A,2018-02-04,4,2,2018,23,1,5,9,,4,0,Concrete,4,5,4,30,2,2,5,5,0,0,0,0,true,false,false,false,false,false,false,false,false,true,false,false,false,false,false,false,false,false,false,false,false,false,-83.09474,42.43976,"{
  ""coordinates"": [
    -8.309474397646591e+01,
    4.243975696489430e+01
  ],
  ""type"": ""Point""
}","{
  ""coordinates"": [
    -83.094743976,
    42.439756965
  ],
  ""type"": ""Point""
}",-83.094743976,42.4397569650001
7556,1289792,CHERRYLAWN,CURTIS,2018-02-04,4,2,2018,21,1,4,9,,,0,,4,5,5,25,2,2,2,4,0,0,0,1,false,false,true,false,false,false,false,false,false,false,false,false,false,false,false,false,false,false,false,false,false,false,-83.15526,42.42424,"{
  ""coordinates"": [
    -8.315525665704010e+01,
    4.242424026034870e+01
  ],
  ""type"": ""Point""
}","{
  ""coordinates"": [
    -83.155256657,
    42.42424026
  ],
  ""type"": ""Point""
}",-83.1552566569999,42.42424026
7557,1294542,I 94,WARREN,2018-02-04,4,2,2018,23,1,97,1,,1,0,Asphalt,3,5,4,55,3,2,2,5,0,0,0,0,true,false,false,false,false,false,false,false,false,true,false,false,false,true,false,true,false,false,false,false,false,false,-83.11244,42.34549,"{
  ""coordinates"": [
    -8.311244101097461e+01,
    4.234549499409320e+01
  ],
  ""type"": ""Point""
}","{
  ""coordinates"": [
    -83.112441011,
    42.345494994
  ],
  ""type"": ""Point""
}",-83.112441011,42.345494994
7558,1294563,MORANG,ROXBURY,2018-02-04,4,2,2018,15,1,5,9,,4,0,Asphalt,4,5,1,35,3,2,1,4,0,0,0,1,false,false,false,false,true,false,false,false,false,false,false,false,false,false,false,false,false,false,false,false,false,false,-82.94677,42.4248,"{
  ""coordinates"": [
    -8.294676898716109e+01,
    4.242480142366710e+01
  ],
  ""type"": ""Point""
}","{
  ""coordinates"": [
    -82.946768987,
    42.424801424
  ],
  ""type"": ""Point""
}",-82.946768987,42.4248014240001
7559,1292250,DIX,LONYO,2018-02-04,4,2,2018,23,1,97,9,,2,0,Asphalt,4,5,4,30,2,2,1,5,0,0,0,0,true,false,false,false,false,false,false,false,false,false,false,false,false,false,false,false,false,false,false,false,false,false,-83.13431,42.31644,"{
  ""coordinates"": [
    -8.313430470605370e+01,
    4.231644478644010e+01
  ],
  ""type"": ""Point""
}","{
  ""coordinates"": [
    -83.134304706,
    42.316444786
  ],
  ""type"": ""Point""
}",-83.134304706,42.316444786
7560,1296158,GROVE,TRACEY,2018-02-04,4,2,2018,13,1,4,9,,,0,,3,7,1,25,1,2,3,5,0,0,0,0,true,false,false,false,true,false,false,false,false,false,false,false,false,false,false,false,false,false,false,false,false,false,-83.18083,42.41444,"{
  ""coordinates"": [
    -8.318083520207550e+01,
    4.241444528877180e+01
  ],
  ""type"": ""Point""
}","{
  ""coordinates"": [
    -83.180835202,
    42.414445289
  ],
  ""type"": ""Point""
}",-83.180835202,42.4144452890001
7561,1292269,WILFRED,DICKERSON,2018-02-04,4,2,2018,19,1,97,9,,,3,,3,5,4,25,1,2,0,5,0,0,0,0,true,false,false,false,true,false,false,false,false,false,false,false,false,false,false,false,false,false,false,false,false,false,-82.98125,42.41565,"{
  ""coordinates"": [
    -8.298125687582760e+01,
    4.241564647353780e+01
  ],
  ""type"": ""Point""
}","{
  ""coordinates"": [
    -82.981256876,
    42.415646474
  ],
  ""type"": ""Point""
}",-82.981256876,42.415646474
7562,1289783,BILTMORE,CLARITA,2018-02-04,4,2,2018,13,1,4,9,,,0,,4,5,1,,2,2,1,5,0,0,0,0,true,false,false,false,true,false,false,false,false,true,false,false,false,false,false,false,false,false,false,false,false,false,-83.21162,42.42855,"{
  ""coordinates"": [
    -8.321162226885890e+01,
    4.242854624973530e+01
  ],
  ""type"": ""Point""
}","{
  ""coordinates"": [
    -83.211622269,
    42.42854625
  ],
  ""type"": ""Point""
}",-83.211622269,42.4285462500001
7563,1299824,I-75,7 MILE,2018-02-04,4,2,2018,15,1,1,1,,1,1,Asphalt,2,5,1,70,4,1,1,5,0,0,0,0,true,false,false,false,false,false,false,false,false,true,true,false,false,false,false,false,false,false,false,false,false,false,-83.09447,42.43104,"{
  ""coordinates"": [
    -8.309447566149269e+01,
    4.243103943624130e+01
  ],
  ""type"": ""Point""
}","{
  ""coordinates"": [
    -83.094475661,
    42.431039436
  ],
  ""type"": ""Point""
}",-83.094475661,42.431039436
7564,1291171,7 MILE,RUNYON,2018-02-04,4,2,2018,6,1,97,9,,4,0,Asphalt,3,5,4,30,2,2,3,4,0,0,0,1,false,false,false,false,false,false,false,false,false,false,false,false,false,false,false,false,false,false,false,false,false,false,-83.00706,42.43438,"{
  ""coordinates"": [
    -8.300706469209040e+01,
    4.243437549823370e+01
  ],
  ""type"": ""Point""
}","{
  ""coordinates"": [
    -83.007064692,
    42.434375498
  ],
  ""type"": ""Point""
}",-83.007064692,42.4343754980001
7565,1292255,BROADWAY,GRATIOT,2018-02-04,4,2,2018,2,1,7,9,,4,0,Asphalt,1,1,4,25,2,2,1,5,0,0,0,0,true,false,false,false,true,false,false,false,false,false,false,false,false,false,false,false,false,false,false,false,false,false,-83.04625,42.335,"{
  ""coordinates"": [
    -8.304624893096910e+01,
    4.233500237666600e+01
  ],
  ""type"": ""Point""
}","{
  ""coordinates"": [
    -83.046248931,
    42.335002377
  ],
  ""type"": ""Point""
}",-83.046248931,42.3350023770001
7566,1299796,M-10,CALVERT,2018-02-04,4,2,2018,7,1,1,3,,1,1,Concrete,4,5,1,55,3,1,1,5,0,0,0,0,true,false,false,false,false,false,false,false,false,true,false,false,false,false,false,false,false,false,false,false,false,false,-83.10042,42.38507,"{
  ""coordinates"": [
    -8.310041506571390e+01,
    4.238507151768300e+01
  ],
  ""type"": ""Point""
}","{
  ""coordinates"": [
    -83.100415066,
    42.385071518
  ],
  ""type"": ""Point""
}",-83.100415066,42.3850715180001
7567,1289776,WARREN,MEMORIAL,2018-02-04,4,2,2018,9,1,5,9,,2,0,Asphalt,4,5,1,30,4,2,2,5,0,0,0,0,true,false,false,false,false,false,false,false,false,false,false,false,false,false,false,false,false,false,false,false,false,false,-83.21076,42.34346,"{
  ""coordinates"": [
    -8.321076166732580e+01,
    4.234345733139850e+01
  ],
  ""type"": ""Point""
}","{
  ""coordinates"": [
    -83.210761667,
    42.343457331
  ],
  ""type"": ""Point""
}",-83.210761667,42.343457331
7568,1299795,I96,BURT,2018-02-04,4,2,2018,8,1,1,1,,1,1,Concrete,4,5,1,70,3,1,1,5,0,0,0,0,true,false,false,false,false,false,false,false,false,true,false,false,false,false,false,false,false,false,false,false,false,false,-83.24854,42.38541,"{
  ""coordinates"": [
    -8.324853559301880e+01,
    4.238540883492910e+01
  ],
  ""type"": ""Point""
}","{
  ""coordinates"": [
    -83.248535593,
    42.385408835
  ],
  ""type"": ""Point""
}",-83.248535593,42.3854088350001
7569,1293490,CANYON,CHESTER,2018-02-04,4,2,2018,7,1,4,9,,,0,,4,5,2,,2,2,0,5,0,0,0,0,true,false,false,false,true,false,false,false,false,false,false,false,false,false,false,false,false,false,false,false,false,false,-82.92587,42.42156,"{
  ""coordinates"": [
    -8.292586212571690e+01,
    4.242156014054500e+01
  ],
  ""type"": ""Point""
}","{
  ""coordinates"": [
    -82.925862126,
    42.421560141
  ],
  ""type"": ""Point""
}",-82.925862126,42.421560141