ObjectId,Crash ID,Primary Road,Intersecting Road,Crash Date,Day,Month,Year,Hour,Weekday,Crash Type Code,Highway Classification Code,Community Code,Jurisdiction Code,Lane Departure Type Code,Surface Type,Road Condition,Weather Condition,Lighting Condition,Speed Limit,Lanes,Units,Occupants,Most Severe Injury,Fatal Injuries,Suspected Serious Injuries,Suspected Minor Injuries,Possible Injuries,Property Damage Only,Secondary Crash,Traffic Control,Red Light Run,Hit and Run,Alcohol,Drugs,Unbelted Person,Work Zone,Speeding Driver,Distracted Driver,Driveway,Pedestrian,Elderly Driver,Young Driver,Commercial Vehicle,Emergency Vehicles,Train,School Bus,Motorcycle,Bicycle,Deer,Longitude,Latitude,geom,geog,x,y
7625,1288278,7 MILE,STAHELIN,2018-02-03,3,2,2018,15,7,97,9,,2,0,Asphalt,2,5,1,35,4,4,2,5,0,0,0,0,true,true,false,false,false,false,false,false,false,false,true,false,false,false,false,false,false,false,false,false,false,false,-83.22795,42.42986,"{
  ""coordinates"": [
    -8.322795285999510e+01,
    4.242986077424240e+01
  ],
  ""type"": ""Point""
}","{
  ""coordinates"": [
    -83.22795286,
    42.429860774
  ],
  ""type"": ""Point""
}",-83.22795286,42.4298607740001
7626,1363578,BEWICK,SHOEMAKER,2018-02-03,3,2,2018,20,7,5,9,,,0,,3,1,3,25,2,2,1,5,0,0,0,0,true,false,false,false,false,false,false,false,false,false,false,false,false,false,true,false,false,false,false,false,false,false,-82.99889,42.38961,"{
  ""coordinates"": [
    -8.299888957351369e+01,
    4.238961283005270e+01
  ],
  ""type"": ""Point""
}","{
  ""coordinates"": [
    -82.998889574,
    42.38961283
  ],
  ""type"": ""Point""
}",-82.998889574,42.38961283
7627,1288309,STATE FAIR,HAVANA,2018-02-03,3,2,2018,2,7,1,9,,4,0,Asphalt,1,1,4,30,2,1,0,5,0,0,0,0,true,false,false,false,false,false,false,false,false,false,false,false,false,false,false,false,false,false,false,false,false,false,-83.11059,42.43944,"{
  ""coordinates"": [
    -8.311058489185990e+01,
    4.243944044506670e+01
  ],
  ""type"": ""Point""
}","{
  ""coordinates"": [
    -83.110584892,
    42.439440445
  ],
  ""type"": ""Point""
}",-83.110584892,42.4394404450001
7628,1288304,MACKAY,MCNICHOLS,2018-02-03,3,2,2018,9,7,5,9,,,0,,3,1,1,25,1,2,0,5,0,0,0,0,true,false,false,false,true,false,false,false,false,false,false,false,false,false,false,false,false,false,false,false,false,false,-83.07616,42.4186,"{
  ""coordinates"": [
    -8.307616686249740e+01,
    4.241860380784100e+01
  ],
  ""type"": ""Point""
}","{
  ""coordinates"": [
    -83.076166862,
    42.418603808
  ],
  ""type"": ""Point""
}",-83.076166862,42.4186038080001
7629,1289760,FREELAND,EATON,2018-02-03,3,2,2018,12,7,10,9,,,0,,4,5,1,15,2,2,2,5,0,0,0,0,true,false,false,false,false,false,false,false,false,false,false,false,false,false,false,false,false,false,false,false,false,false,-83.18532,42.39708,"{
  ""coordinates"": [
    -8.318532146228461e+01,
    4.239707583886610e+01
  ],
  ""type"": ""Point""
}","{
  ""coordinates"": [
    -83.185321462,
    42.397075839
  ],
  ""type"": ""Point""
}",-83.185321462,42.3970758390001
7630,1299790,W I 96,CONSOLIDATED RAIL CORPORATION,2018-02-03,3,2,2018,16,7,1,1,,1,1,Concrete,4,5,1,70,3,1,1,5,0,0,0,0,true,false,false,false,false,false,false,false,false,false,false,false,false,false,false,false,false,false,false,false,false,false,-83.18096,42.38274,"{
  ""coordinates"": [
    -8.318096162245490e+01,
    4.238274033967030e+01
  ],
  ""type"": ""Point""
}","{
  ""coordinates"": [
    -83.180961622,
    42.38274034
  ],
  ""type"": ""Point""
}",-83.180961622,42.3827403400001
7631,1288280,HESSELL,FAUST,2018-02-03,3,2,2018,15,7,4,9,,,0,,2,5,1,25,3,2,4,4,0,0,0,1,false,false,false,false,false,false,false,false,false,false,false,false,false,false,false,false,false,false,false,false,false,false,-83.22481,42.44248,"{
  ""coordinates"": [
    -8.322480611744250e+01,
    4.244248200139140e+01
  ],
  ""type"": ""Point""
}","{
  ""coordinates"": [
    -83.224806117,
    42.442482001
  ],
  ""type"": ""Point""
}",-83.224806117,42.442482001
7632,1288236,JUNCTION,HERBERT,2018-02-03,3,2,2018,19,7,4,9,,4,0,Asphalt,1,1,4,30,2,2,2,4,0,0,0,1,false,false,false,false,true,false,false,false,false,false,false,false,false,false,false,false,false,false,false,false,false,false,-83.11807,42.33993,"{
  ""coordinates"": [
    -8.311807436316489e+01,
    4.233992916796940e+01
  ],
  ""type"": ""Point""
}","{
  ""coordinates"": [
    -83.118074363,
    42.339929168
  ],
  ""type"": ""Point""
}",-83.1180743629999,42.339929168
7633,1428799,RUTLAND,PAUL,2018-02-03,3,2,2018,10,7,5,9,,,0,,3,5,1,,2,2,0,5,0,0,0,0,true,false,false,false,true,false,false,false,false,false,false,false,false,false,false,false,false,false,false,false,false,false,-83.21201,42.33649,"{
  ""coordinates"": [
    -8.321200302220340e+01,
    4.233648681146530e+01
  ],
  ""type"": ""Point""
}","{
  ""coordinates"": [
    -83.212003022,
    42.336486811
  ],
  ""type"": ""Point""
}",-83.212003022,42.336486811
7634,1289770,GRAND,WILDEMERE,2018-02-03,3,2,2018,23,7,5,9,,4,0,Asphalt,2,1,4,,2,2,1,5,0,0,0,0,true,false,false,false,true,false,false,false,false,false,false,false,false,false,false,false,false,false,false,false,false,false,-83.10524,42.35847,"{
  ""coordinates"": [
    -8.310523612095160e+01,
    4.235847326107930e+01
  ],
  ""type"": ""Point""
}","{
  ""coordinates"": [
    -83.105236121,
    42.358473261
  ],
  ""type"": ""Point""
}",-83.105236121,42.358473261
7635,1299787,I-75,GRAND RIVER,2018-02-03,3,2,2018,3,7,1,1,,1,1,Concrete,1,1,4,70,3,1,3,2,0,1,0,0,false,false,false,false,false,false,false,false,false,true,false,false,false,false,false,false,false,false,false,false,false,false,-83.05476,42.3392,"{
  ""coordinates"": [
    -8.305476072314060e+01,
    4.233920390112050e+01
  ],
  ""type"": ""Point""
}","{
  ""coordinates"": [
    -83.054760723,
    42.339203901
  ],
  ""type"": ""Point""
}",-83.054760723,42.3392039010001
7636,1291160,HESSEL,FAUST,2018-02-03,3,2,2018,15,7,4,9,,,0,,4,5,1,25,4,2,2,4,0,0,0,1,false,false,false,false,false,false,false,false,false,false,false,false,false,false,false,false,false,false,false,false,false,false,-83.22476,42.44248,"{
  ""coordinates"": [
    -8.322476230177510e+01,
    4.244248295950420e+01
  ],
  ""type"": ""Point""
}","{
  ""coordinates"": [
    -83.224762302,
    42.44248296
  ],
  ""type"": ""Point""
}",-83.224762302,42.4424829600001
7637,1291128,HARTWELL,CAPITOL,2018-02-03,3,2,2018,4,7,4,9,,,0,,3,1,5,25,2,2,2,5,0,0,0,0,true,false,false,false,false,true,false,false,false,false,true,false,false,false,false,true,false,false,false,false,false,false,-83.17693,42.37764,"{
  ""coordinates"": [
    -8.317693314366420e+01,
    4.237764330526760e+01
  ],
  ""type"": ""Point""
}","{
  ""coordinates"": [
    -83.176933144,
    42.377643305
  ],
  ""type"": ""Point""
}",-83.176933144,42.377643305
7638,1299788,I96,M39,2018-02-03,3,2,2018,15,7,1,1,,1,1,Concrete,3,5,1,70,3,1,1,5,0,0,0,0,true,false,false,false,false,false,false,false,false,true,false,false,false,false,false,false,false,false,false,false,false,false,-83.213,42.3787,"{
  ""coordinates"": [
    -8.321299542885809e+01,
    4.237869509816090e+01
  ],
  ""type"": ""Point""
}","{
  ""coordinates"": [
    -83.212995429,
    42.378695098
  ],
  ""type"": ""Point""
}",-83.212995429,42.378695098
7639,1299798,M-10,VASSAR,2018-02-03,3,2,2018,15,7,1,3,,1,1,Concrete,2,5,1,55,3,1,2,4,0,0,0,2,false,false,false,false,false,false,false,false,false,false,true,false,false,false,false,false,false,false,false,false,false,false,-83.19154,42.43535,"{
  ""coordinates"": [
    -8.319154670470500e+01,
    4.243534810490790e+01
  ],
  ""type"": ""Point""
}","{
  ""coordinates"": [
    -83.191546705,
    42.435348105
  ],
  ""type"": ""Point""
}",-83.191546705,42.4353481050001
7640,1288285,GRATIOT,WILFRED,2018-02-03,3,2,2018,0,7,8,3,,1,0,Asphalt,1,1,3,35,3,4,4,4,0,0,0,3,false,false,false,false,true,false,false,false,false,true,false,false,false,false,false,false,false,false,false,false,false,false,-82.99335,42.41125,"{
  ""coordinates"": [
    -8.299334981346510e+01,
    4.241125490948500e+01
  ],
  ""type"": ""Point""
}","{
  ""coordinates"": [
    -82.993349813,
    42.411254909
  ],
  ""type"": ""Point""
}",-82.993349813,42.411254909
7641,1288287,7 MILE,ALGONAC,2018-02-03,3,2,2018,12,7,8,9,,4,0,Asphalt,2,5,1,35,4,2,3,5,0,0,0,0,true,false,false,false,false,false,false,false,false,true,false,false,false,false,false,false,false,false,false,false,false,false,-83.01041,42.43428,"{
  ""coordinates"": [
    -8.301040729037101e+01,
    4.243427641592220e+01
  ],
  ""type"": ""Point""
}","{
  ""coordinates"": [
    -83.01040729,
    42.434276416
  ],
  ""type"": ""Point""
}",-83.01040729,42.434276416
7642,1296156,MCNICHOLS,MENDOTA,2018-02-03,3,2,2018,18,7,4,9,,2,0,Asphalt,4,5,5,30,4,2,2,5,0,0,0,0,true,false,false,false,false,false,false,false,false,false,false,false,false,true,false,false,false,false,false,false,false,false,-83.1658,42.41678,"{
  ""coordinates"": [
    -8.316579848256301e+01,
    4.241677696619940e+01
  ],
  ""type"": ""Point""
}","{
  ""coordinates"": [
    -83.165798483,
    42.416776966
  ],
  ""type"": ""Point""
}",-83.1657984829999,42.416776966
7643,1289793,LIVERNOIS,CHIPPEWA,2018-02-03,3,2,2018,8,7,97,9,,4,0,Asphalt,1,1,1,,2,3,2,4,0,0,0,1,false,false,false,false,false,false,false,false,false,true,false,false,false,false,false,false,false,false,false,false,false,false,-83.14175,42.44141,"{
  ""coordinates"": [
    -8.314175222356040e+01,
    4.244140912567860e+01
  ],
  ""type"": ""Point""
}","{
  ""coordinates"": [
    -83.141752224,
    42.441409126
  ],
  ""type"": ""Point""
}",-83.141752224,42.4414091260001
7644,1291168,MCKINNEY,GRAYTON,2018-02-03,3,2,2018,16,7,4,9,,,0,,2,2,1,20,2,2,1,5,0,0,0,0,true,false,true,false,true,false,true,false,false,false,false,false,false,false,false,false,false,false,false,false,false,false,-82.94482,42.41817,"{
  ""coordinates"": [
    -8.294482516427750e+01,
    4.241817370256400e+01
  ],
  ""type"": ""Point""
}","{
  ""coordinates"": [
    -82.944825164,
    42.418173703
  ],
  ""type"": ""Point""
}",-82.944825164,42.418173703
7645,1293449,CASS,TEMPLE,2018-02-03,3,2,2018,21,7,8,9,,4,0,Asphalt,1,1,4,25,2,2,1,5,0,0,0,0,true,true,false,false,false,false,false,false,false,false,false,false,false,false,false,false,false,false,false,false,false,false,-83.05871,42.34206,"{
  ""coordinates"": [
    -8.305870692824070e+01,
    4.234205744120760e+01
  ],
  ""type"": ""Point""
}","{
  ""coordinates"": [
    -83.058706928,
    42.342057441
  ],
  ""type"": ""Point""
}",-83.0587069279999,42.3420574410001
7646,1288258,PLYMOUTH,WOODMONT,2018-02-03,3,2,2018,14,7,97,9,,4,0,Asphalt,2,5,1,35,5,2,1,4,0,0,0,2,false,false,false,false,true,false,false,false,false,false,false,false,false,false,false,false,false,false,false,false,false,false,-83.20839,42.37242,"{
  ""coordinates"": [
    -8.320839146404739e+01,
    4.237241582907470e+01
  ],
  ""type"": ""Point""
}","{
  ""coordinates"": [
    -83.208391464,
    42.372415829
  ],
  ""type"": ""Point""
}",-83.208391464,42.372415829
7647,1288321,8 MILE,HUBBELL,2018-02-03,3,2,2018,16,7,5,3,,1,0,Asphalt,4,2,1,35,6,2,3,4,0,0,0,1,false,false,false,false,false,false,false,false,false,false,false,false,false,false,false,false,false,false,false,false,false,false,-83.19083,42.445,"{
  ""coordinates"": [
    -8.319083244569070e+01,
    4.244499688872640e+01
  ],
  ""type"": ""Point""
}","{
  ""coordinates"": [
    -83.190832446,
    42.444996889
  ],
  ""type"": ""Point""
}",-83.1908324459999,42.444996889
7648,1288220,WYOMING,SCHOOLCRAFT,2018-02-03,3,2,2018,13,7,8,9,,4,0,Asphalt,2,1,1,25,2,2,0,5,0,0,0,0,true,false,false,false,false,false,false,false,false,false,false,false,false,false,false,false,false,false,false,false,false,false,-83.15906,42.3883,"{
  ""coordinates"": [
    -8.315906138099049e+01,
    4.238830166374230e+01
  ],
  ""type"": ""Point""
}","{
  ""coordinates"": [
    -83.159061381,
    42.388301664
  ],
  ""type"": ""Point""
}",-83.159061381,42.388301664
7649,1299791,I96,EVERGREEN,2018-02-03,3,2,2018,16,7,8,1,,1,0,Concrete,3,1,1,70,3,2,2,4,0,0,0,1,false,false,false,false,false,false,false,false,false,true,false,false,false,false,false,false,false,false,false,false,false,false,-83.23516,42.37932,"{
  ""coordinates"": [
    -8.323516243229351e+01,
    4.237931669994740e+01
  ],
  ""type"": ""Point""
}","{
  ""coordinates"": [
    -83.235162432,
    42.3793167
  ],
  ""type"": ""Point""
}",-83.235162432,42.3793167000001
7650,1288320,7 MILE,WOODWARD,2018-02-03,3,2,2018,16,7,5,3,,2,0,Asphalt,4,2,1,30,5,2,3,5,0,0,0,0,true,false,false,false,false,false,false,false,false,false,false,false,false,false,false,false,false,false,false,false,false,false,-83.1151,42.43213,"{
  ""coordinates"": [
    -8.311509805351820e+01,
    4.243212812083820e+01
  ],
  ""type"": ""Point""
}","{
  ""coordinates"": [
    -83.115098054,
    42.432128121
  ],
  ""type"": ""Point""
}",-83.115098054,42.4321281210001
7651,1294567,FORRER,CLARITA,2018-02-03,3,2,2018,20,7,4,9,,,3,,4,1,4,25,2,2,1,5,0,0,0,0,true,false,false,false,false,false,false,false,false,false,false,false,false,false,false,false,false,false,false,false,false,false,-83.20262,42.42856,"{
  ""coordinates"": [
    -8.320262513988490e+01,
    4.242855906016770e+01
  ],
  ""type"": ""Point""
}","{
  ""coordinates"": [
    -83.20262514,
    42.42855906
  ],
  ""type"": ""Point""
}",-83.20262514,42.4285590600001
7652,1299799,N M 39,E I 96,2018-02-03,3,2,2018,14,7,1,3,,1,1,Asphalt,2,1,1,55,2,1,1,5,0,0,0,0,true,false,false,false,false,false,false,false,false,true,true,false,false,false,false,false,false,false,false,false,false,false,-83.21691,42.37867,"{
  ""coordinates"": [
    -8.321691502657021e+01,
    4.237866782714800e+01
  ],
  ""type"": ""Point""
}","{
  ""coordinates"": [
    -83.216915027,
    42.378667827
  ],
  ""type"": ""Point""
}",-83.216915027,42.3786678270001
7653,1299893,6088 AUBURN,DAYTONA,2018-02-03,3,2,2018,0,7,98,9,,,0,,4,2,4,25,1,2,0,5,0,0,0,0,true,false,false,false,true,false,false,false,false,false,true,false,false,false,false,false,false,false,false,false,false,false,-83.23259,42.3343,"{
  ""coordinates"": [
    -8.323258688545000e+01,
    4.233430310059680e+01
  ],
  ""type"": ""Point""
}","{
  ""coordinates"": [
    -83.232586885,
    42.334303101
  ],
  ""type"": ""Point""
}",-83.232586885,42.334303101
7654,1296136,7 MILE,HUBBELL,2018-02-03,3,2,2018,16,7,9,9,,2,0,Asphalt,3,2,1,35,5,2,2,5,0,0,0,0,true,false,true,true,false,false,false,false,false,false,false,false,false,false,false,false,false,false,false,false,false,false,-83.18992,42.43073,"{
  ""coordinates"": [
    -8.318992082211589e+01,
    4.243072436305940e+01
  ],
  ""type"": ""Point""
}","{
  ""coordinates"": [
    -83.189920822,
    42.430724363
  ],
  ""type"": ""Point""
}",-83.189920822,42.430724363
7655,1288235,FORT,BAYSIDE,2018-02-03,3,2,2018,8,7,1,3,,1,1,Asphalt,1,1,1,30,2,1,1,5,0,0,0,0,true,false,false,false,false,false,false,false,false,true,false,false,false,false,false,true,false,false,false,false,false,false,-83.14361,42.29,"{
  ""coordinates"": [
    -8.314361190513320e+01,
    4.229000025496470e+01
  ],
  ""type"": ""Point""
}","{
  ""coordinates"": [
    -83.143611905,
    42.290000255
  ],
  ""type"": ""Point""
}",-83.1436119049999,42.2900002550001
7656,1294386,N M 39,MCNICHOLS,2018-02-03,3,2,2018,14,7,8,3,,1,0,Concrete,1,2,1,55,3,2,2,5,0,0,0,0,true,false,false,false,false,false,false,false,false,false,false,false,false,false,false,false,false,false,false,false,false,false,-83.21871,42.41541,"{
  ""coordinates"": [
    -8.321871343541650e+01,
    4.241540537279390e+01
  ],
  ""type"": ""Point""
}","{
  ""coordinates"": [
    -83.218713435,
    42.415405373
  ],
  ""type"": ""Point""
}",-83.218713435,42.4154053730001
7657,1314314,W/B I-94,WOODWARD,2018-02-02,2,2,2018,3,6,8,1,,1,0,Asphalt,1,1,4,55,3,2,1,5,0,0,0,0,true,false,false,false,true,false,false,false,false,false,false,false,false,false,false,false,false,false,false,false,false,false,-83.06908,42.36367,"{
  ""coordinates"": [
    -8.306908690769630e+01,
    4.236367207260570e+01
  ],
  ""type"": ""Point""
}","{
  ""coordinates"": [
    -83.069086908,
    42.363672073
  ],
  ""type"": ""Point""
}",-83.069086908,42.363672073
7658,1288230,MADISON,RANDOLPH,2018-02-02,2,2,2018,15,6,4,9,,4,0,Asphalt,1,1,1,25,2,2,1,5,0,0,0,0,true,false,false,false,false,false,false,false,false,false,false,false,false,false,false,false,false,false,false,false,false,false,-83.04668,42.33712,"{
  ""coordinates"": [
    -8.304668360991511e+01,
    4.233711441725850e+01
  ],
  ""type"": ""Point""
}","{
  ""coordinates"": [
    -83.04668361,
    42.337114417
  ],
  ""type"": ""Point""
}",-83.0466836099999,42.3371144170001
7659,1288221,BEAUBIEN,FORT,2018-02-02,2,2,2018,15,6,5,9,,4,0,Concrete,1,1,1,25,2,2,3,5,0,0,0,0,true,false,false,false,false,false,false,false,false,false,true,false,false,false,true,false,false,false,false,false,false,false,-83.04148,42.33322,"{
  ""coordinates"": [
    -8.304148151811251e+01,
    4.233322223147150e+01
  ],
  ""type"": ""Point""
}","{
  ""coordinates"": [
    -83.041481518,
    42.333222231
  ],
  ""type"": ""Point""
}",-83.041481518,42.333222231
7660,1288291,DAVISON,ROSA PARKS,2018-02-02,2,2,2018,7,6,5,3,,1,0,Asphalt,1,2,1,35,3,2,2,5,0,0,0,0,true,false,false,false,false,false,false,false,false,false,false,false,false,false,false,false,false,false,false,false,false,false,-83.11293,42.39637,"{
  ""coordinates"": [
    -8.311293386081080e+01,
    4.239636834457740e+01
  ],
  ""type"": ""Point""
}","{
  ""coordinates"": [
    -83.112933861,
    42.396368345
  ],
  ""type"": ""Point""
}",-83.112933861,42.396368345
7661,1288289,GRATIOT,GUNSTON,2018-02-02,2,2,2018,7,6,5,3,,1,0,Asphalt,1,2,1,35,7,2,2,5,0,0,0,0,true,false,false,false,false,false,false,false,false,false,false,false,false,false,false,false,false,false,false,false,false,false,-82.99522,42.4084,"{
  ""coordinates"": [
    -8.299521448121131e+01,
    4.240839775122230e+01
  ],
  ""type"": ""Point""
}","{
  ""coordinates"": [
    -82.995214481,
    42.408397751
  ],
  ""type"": ""Point""
}",-82.9952144809999,42.4083977510001
7662,1291190,FENELON,DESNER,2018-02-02,2,2,2018,11,6,4,9,,,0,,4,1,1,35,2,2,1,5,0,0,0,0,true,false,false,false,true,false,false,false,false,false,false,false,false,false,false,false,false,false,false,false,false,false,-83.0528,42.41683,"{
  ""coordinates"": [
    -8.305280684487070e+01,
    4.241683014132140e+01
  ],
  ""type"": ""Point""
}","{
  ""coordinates"": [
    -83.052806845,
    42.416830141
  ],
  ""type"": ""Point""
}",-83.052806845,42.416830141
7663,1289790,OUTER,TERRELL,2018-02-02,2,2,2018,20,6,2,9,,2,0,Concrete,1,1,4,35,2,2,2,4,0,0,0,1,false,false,false,false,false,true,false,false,false,false,false,false,false,false,false,false,false,false,false,false,false,false,-83.02213,42.44125,"{
  ""coordinates"": [
    -8.302213056865520e+01,
    4.244125132310000e+01
  ],
  ""type"": ""Point""
}","{
  ""coordinates"": [
    -83.022130569,
    42.441251323
  ],
  ""type"": ""Point""
}",-83.022130569,42.4412513230001
7664,1288249,GRATIOT,FRENCH,2018-02-02,2,2,2018,17,6,4,3,,1,0,Asphalt,1,1,3,35,7,2,3,5,0,0,0,0,true,false,true,true,false,false,false,false,false,false,false,false,false,false,false,false,false,false,false,false,false,false,-83.00042,42.40044,"{
  ""coordinates"": [
    -8.300041937549460e+01,
    4.240044381701240e+01
  ],
  ""type"": ""Point""
}","{
  ""coordinates"": [
    -83.000419375,
    42.400443817
  ],
  ""type"": ""Point""
}",-83.000419375,42.4004438170001
7665,1288229,VERNOR,25TH,2018-02-02,2,2,2018,1,6,1,9,,4,1,Concrete,1,1,4,25,2,1,1,5,0,0,0,0,true,false,false,false,false,true,false,false,false,false,false,false,false,false,true,false,false,false,false,false,false,false,-83.08794,42.32336,"{
  ""coordinates"": [
    -8.308794244697930e+01,
    4.232336598073850e+01
  ],
  ""type"": ""Point""
}","{
  ""coordinates"": [
    -83.087942447,
    42.323365981
  ],
  ""type"": ""Point""
}",-83.087942447,42.3233659810001
7666,1288237,CENTRAL,DIX,2018-02-02,2,2,2018,13,6,5,9,,4,0,Asphalt,1,2,1,30,2,2,3,5,0,0,0,0,true,false,false,false,false,false,false,false,false,false,false,false,false,false,false,false,false,false,false,false,false,false,-83.12775,42.31739,"{
  ""coordinates"": [
    -8.312775561137850e+01,
    4.231738987251970e+01
  ],
  ""type"": ""Point""
}","{
  ""coordinates"": [
    -83.127755611,
    42.317389873
  ],
  ""type"": ""Point""
}",-83.1277556109999,42.317389873
7667,1350268,CLARK,S I 75,2018-02-02,2,2,2018,16,6,8,7,,1,0,Concrete,1,1,1,25,4,2,3,5,0,0,0,0,true,false,false,false,false,false,false,false,false,false,false,false,false,true,false,true,false,false,false,false,false,false,-83.09106,42.31363,"{
  ""coordinates"": [
    -8.309105943246450e+01,
    4.231362592302120e+01
  ],
  ""type"": ""Point""
}","{
  ""coordinates"": [
    -83.091059432,
    42.313625923
  ],
  ""type"": ""Point""
}",-83.091059432,42.3136259230001
7668,1288262,WHITLOCK,WOODMONT,2018-02-02,2,2,2018,21,6,4,9,,,0,,1,1,4,25,2,2,4,5,0,0,0,0,true,false,true,false,true,false,false,false,false,false,false,false,false,false,false,false,false,false,false,false,false,false,-83.20724,42.33989,"{
  ""coordinates"": [
    -8.320723573255660e+01,
    4.233989299942500e+01
  ],
  ""type"": ""Point""
}","{
  ""coordinates"": [
    -83.207235733,
    42.339892999
  ],
  ""type"": ""Point""
}",-83.2072357329999,42.339892999
7669,1328723,FERGUSON,GROVE,2018-02-02,2,2,2018,18,6,97,9,,,3,,1,1,1,25,2,2,1,5,0,0,0,0,true,false,false,false,false,false,false,false,false,false,false,false,false,false,false,false,false,false,false,false,false,false,-83.20997,42.41421,"{
  ""coordinates"": [
    -8.320996602719930e+01,
    4.241420719582340e+01
  ],
  ""type"": ""Point""
}","{
  ""coordinates"": [
    -83.209966027,
    42.414207196
  ],
  ""type"": ""Point""
}",-83.209966027,42.4142071960001
7670,1288286,CRAFT,DUCHESS,2018-02-02,2,2,2018,7,6,4,9,,,0,,1,1,2,25,2,2,4,5,0,0,0,0,true,false,false,false,false,false,false,false,false,false,false,false,false,false,false,false,false,false,false,false,false,false,-82.96164,42.41751,"{
  ""coordinates"": [
    -8.296164302092549e+01,
    4.241750672067340e+01
  ],
  ""type"": ""Point""
}","{
  ""coordinates"": [
    -82.961643021,
    42.417506721
  ],
  ""type"": ""Point""
}",-82.961643021,42.4175067210001
7671,1288184,I-375,GRATIOT,2018-02-02,2,2,2018,20,6,1,1,,1,1,Asphalt,1,1,4,55,4,1,1,5,0,0,0,0,true,false,false,false,false,false,false,false,false,true,false,false,false,false,false,false,false,false,false,false,false,false,-83.04134,42.34016,"{
  ""coordinates"": [
    -8.304134404257000e+01,
    4.234016089348750e+01
  ],
  ""type"": ""Point""
}","{
  ""coordinates"": [
    -83.041344043,
    42.340160893
  ],
  ""type"": ""Point""
}",-83.041344043,42.3401608930001
7672,1288299,7 MILE,SHERWOOD,2018-02-02,2,2,2018,16,6,4,9,,4,0,Asphalt,1,1,1,30,4,2,4,3,0,0,1,2,false,false,true,true,false,false,false,false,false,false,false,false,false,false,false,false,false,false,false,false,false,false,-83.03405,42.43377,"{
  ""coordinates"": [
    -8.303404618825159e+01,
    4.243376839022420e+01
  ],
  ""type"": ""Point""
}","{
  ""coordinates"": [
    -83.034046188,
    42.43376839
  ],
  ""type"": ""Point""
}",-83.0340461879999,42.4337683900001
7673,1288271,MCNICHOLS,MANSFIELD,2018-02-02,2,2,2018,12,6,8,9,,2,0,Asphalt,1,2,1,35,4,4,2,5,0,0,0,0,true,false,false,false,true,false,false,false,false,false,false,false,false,false,false,false,false,false,false,false,false,false,-83.20598,42.41582,"{
  ""coordinates"": [
    -8.320597508126581e+01,
    4.241582565008960e+01
  ],
  ""type"": ""Point""
}","{
  ""coordinates"": [
    -83.205975081,
    42.41582565
  ],
  ""type"": ""Point""
}",-83.205975081,42.41582565
7674,1288185,I-94,M-10,2018-02-02,2,2,2018,18,6,5,1,,1,0,Asphalt,1,1,1,55,3,2,2,4,0,0,0,1,false,false,false,false,false,false,false,false,false,false,false,false,false,true,false,false,false,false,false,false,false,false,-83.07169,42.36219,"{
  ""coordinates"": [
    -8.307169369379980e+01,
    4.236219529033420e+01
  ],
  ""type"": ""Point""
}","{
  ""coordinates"": [
    -83.071693694,
    42.36219529
  ],
  ""type"": ""Point""
}",-83.071693694,42.36219529
7675,1291159,DAVISION,ASHTON,2018-02-02,2,2,2018,11,6,97,9,,,0,,1,1,1,25,4,3,0,5,0,0,0,0,true,false,false,false,true,false,false,false,false,false,false,false,false,false,false,false,false,false,false,false,false,false,-83.21848,42.38436,"{
  ""coordinates"": [
    -8.321848167811460e+01,
    4.238435860109620e+01
  ],
  ""type"": ""Point""
}","{
  ""coordinates"": [
    -83.218481678,
    42.384358601
  ],
  ""type"": ""Point""
}",-83.218481678,42.384358601
7676,1288215,I-94,M-10,2018-02-02,2,2,2018,19,6,5,1,,1,0,Asphalt,1,1,4,55,3,2,3,5,0,0,0,0,true,false,false,false,false,false,false,false,false,false,false,false,false,true,false,false,false,false,false,false,false,false,-83.07169,42.36219,"{
  ""coordinates"": [
    -8.307169369379980e+01,
    4.236219529033420e+01
  ],
  ""type"": ""Point""
}","{
  ""coordinates"": [
    -83.071693694,
    42.36219529
  ],
  ""type"": ""Point""
}",-83.071693694,42.36219529
7677,1291118,I-94,VAN DYKE,2018-02-02,2,2,2018,1,6,8,1,,1,0,Asphalt,1,1,4,55,3,2,2,5,0,0,0,0,true,false,false,false,false,false,false,false,false,true,false,false,false,false,false,false,false,false,false,false,false,false,-83.02182,42.38567,"{
  ""coordinates"": [
    -8.302181979700801e+01,
    4.238566432052600e+01
  ],
  ""type"": ""Point""
}","{
  ""coordinates"": [
    -83.021819797,
    42.385664321
  ],
  ""type"": ""Point""
}",-83.021819797,42.385664321
7678,1288240,JEFFERSON,DEARBORN,2018-02-02,2,2,2018,18,6,5,9,,4,0,Asphalt,1,1,4,30,4,2,3,4,0,0,0,1,false,false,false,false,false,false,false,false,false,false,false,false,false,false,false,false,false,false,false,false,false,false,-83.11981,42.28942,"{
  ""coordinates"": [
    -8.311981524543100e+01,
    4.228942113421240e+01
  ],
  ""type"": ""Point""
}","{
  ""coordinates"": [
    -83.119815245,
    42.289421134
  ],
  ""type"": ""Point""
}",-83.119815245,42.2894211340001
7679,1288290,MILWAUKEE,N M 10,2018-02-02,2,2,2018,15,6,5,3,,4,0,Asphalt,2,1,1,55,4,2,2,5,0,0,0,0,true,false,false,false,false,false,false,false,false,false,false,false,false,true,false,false,false,false,false,false,false,false,-83.08096,42.36596,"{
  ""coordinates"": [
    -8.308096054575360e+01,
    4.236595802778360e+01
  ],
  ""type"": ""Point""
}","{
  ""coordinates"": [
    -83.080960546,
    42.365958028
  ],
  ""type"": ""Point""
}",-83.080960546,42.3659580280001