ObjectId,Crash ID,Primary Road,Intersecting Road,Crash Date,Day,Month,Year,Hour,Weekday,Crash Type Code,Highway Classification Code,Community Code,Jurisdiction Code,Lane Departure Type Code,Surface Type,Road Condition,Weather Condition,Lighting Condition,Speed Limit,Lanes,Units,Occupants,Most Severe Injury,Fatal Injuries,Suspected Serious Injuries,Suspected Minor Injuries,Possible Injuries,Property Damage Only,Secondary Crash,Traffic Control,Red Light Run,Hit and Run,Alcohol,Drugs,Unbelted Person,Work Zone,Speeding Driver,Distracted Driver,Driveway,Pedestrian,Elderly Driver,Young Driver,Commercial Vehicle,Emergency Vehicles,Train,School Bus,Motorcycle,Bicycle,Deer,Longitude,Latitude,geom,geog,x,y
7680,1288273,GRAND RIVER,OUTER,2018-02-02,2,2,2018,18,6,97,3,,1,0,Asphalt,1,1,4,35,5,3,5,5,0,0,0,0,true,false,false,false,false,false,false,false,false,false,false,false,false,false,true,false,false,false,false,false,false,false,-83.25797,42.41662,"{
  ""coordinates"": [
    -8.325797567083040e+01,
    4.241662248557550e+01
  ],
  ""type"": ""Point""
}","{
  ""coordinates"": [
    -83.257975671,
    42.416622486
  ],
  ""type"": ""Point""
}",-83.2579756709999,42.4166224860001
7681,1288255,WARREN,WOODMONT,2018-02-02,2,2,2018,10,6,97,9,,2,0,Asphalt,1,1,1,35,4,3,2,5,0,0,0,0,true,false,false,false,true,false,false,false,false,false,false,false,false,false,false,false,false,false,false,false,false,false,-83.20695,42.34352,"{
  ""coordinates"": [
    -8.320695309617300e+01,
    4.234351945825840e+01
  ],
  ""type"": ""Point""
}","{
  ""coordinates"": [
    -83.206953096,
    42.343519458
  ],
  ""type"": ""Point""
}",-83.2069530959999,42.3435194580001
7682,1288250,HARPER,HAYES,2018-02-02,2,2,2018,7,6,5,9,,4,0,Asphalt,1,1,1,,4,2,1,5,0,0,0,0,true,false,false,false,true,false,false,false,false,false,false,false,false,false,false,false,false,false,false,false,false,false,-82.96425,42.40476,"{
  ""coordinates"": [
    -8.296424591461580e+01,
    4.240476403419400e+01
  ],
  ""type"": ""Point""
}","{
  ""coordinates"": [
    -82.964245915,
    42.404764034
  ],
  ""type"": ""Point""
}",-82.9642459149999,42.404764034
7683,1288225,W I 94,RAMP 215F,2018-02-02,2,2,2018,18,6,5,1,,1,0,Asphalt,1,1,4,55,3,2,1,5,0,0,0,0,true,false,false,false,true,false,false,false,false,false,false,false,false,false,false,false,false,false,false,false,false,false,-83.07571,42.35985,"{
  ""coordinates"": [
    -8.307571683113871e+01,
    4.235984929258340e+01
  ],
  ""type"": ""Point""
}","{
  ""coordinates"": [
    -83.075716831,
    42.359849293
  ],
  ""type"": ""Point""
}",-83.075716831,42.359849293
7684,1298818,ROSEBERRY,PROMENADE,2018-02-02,2,2,2018,18,6,4,9,,,0,,3,1,4,25,2,2,3,5,0,0,0,0,true,false,false,false,false,false,false,false,false,false,false,false,false,false,false,false,false,false,false,false,false,false,-82.98698,42.40838,"{
  ""coordinates"": [
    -8.298697693729321e+01,
    4.240838029166730e+01
  ],
  ""type"": ""Point""
}","{
  ""coordinates"": [
    -82.986976937,
    42.408380292
  ],
  ""type"": ""Point""
}",-82.986976937,42.4083802920001
7685,1288245,FORT,SCHAEFER,2018-02-02,2,2,2018,20,6,5,3,,1,0,Asphalt,1,1,4,30,4,2,2,5,0,0,0,0,true,false,false,false,false,false,false,false,false,false,false,false,false,false,false,false,false,false,false,false,false,false,-83.15585,42.27594,"{
  ""coordinates"": [
    -8.315585344862670e+01,
    4.227594054023790e+01
  ],
  ""type"": ""Point""
}","{
  ""coordinates"": [
    -83.155853449,
    42.27594054
  ],
  ""type"": ""Point""
}",-83.1558534489999,42.2759405400001
7686,1288252,HUBBELL,LYNDON,2018-02-02,2,2,2018,14,6,8,9,,4,0,Asphalt,1,1,1,30,4,2,2,5,0,0,0,0,true,false,false,false,true,false,false,false,false,false,false,false,false,false,false,false,false,false,false,false,false,false,-83.18861,42.39447,"{
  ""coordinates"": [
    -8.318861483771479e+01,
    4.239447107927290e+01
  ],
  ""type"": ""Point""
}","{
  ""coordinates"": [
    -83.188614838,
    42.394471079
  ],
  ""type"": ""Point""
}",-83.188614838,42.394471079
7687,1288224,STATE,WASHINGTON,2018-02-02,2,2,2018,15,6,8,3,,1,0,Asphalt,1,1,1,25,2,2,3,5,0,0,0,0,true,false,false,false,false,false,false,false,false,false,false,false,false,false,false,false,false,false,false,false,false,false,-83.0492,42.32994,"{
  ""coordinates"": [
    -8.304920216169810e+01,
    4.232994122548930e+01
  ],
  ""type"": ""Point""
}","{
  ""coordinates"": [
    -83.049202162,
    42.329941225
  ],
  ""type"": ""Point""
}",-83.049202162,42.329941225
7688,1288217,CHERRYLAWN,CORTLAND,2018-02-02,2,2,2018,18,6,5,9,,,0,,1,1,3,25,1,2,1,3,0,0,1,0,false,false,false,false,false,false,false,false,false,false,false,false,false,true,false,false,false,false,false,false,false,false,-83.15379,42.37754,"{
  ""coordinates"": [
    -8.315379337043440e+01,
    4.237753736455220e+01
  ],
  ""type"": ""Point""
}","{
  ""coordinates"": [
    -83.15379337,
    42.377537365
  ],
  ""type"": ""Point""
}",-83.15379337,42.3775373650001
7689,1293537,CASS,PUTNAM,2018-02-02,2,2,2018,10,6,8,9,,4,3,Asphalt,1,1,1,30,2,2,2,5,0,0,0,0,true,false,false,false,false,false,false,true,false,false,false,false,false,false,false,true,false,false,false,false,false,false,-83.06731,42.35714,"{
  ""coordinates"": [
    -8.306731609168340e+01,
    4.235713720689390e+01
  ],
  ""type"": ""Point""
}","{
  ""coordinates"": [
    -83.067316092,
    42.357137207
  ],
  ""type"": ""Point""
}",-83.0673160919999,42.3571372070001
7690,1288213,M39,WARREN,2018-02-02,2,2,2018,15,6,5,3,,1,0,Asphalt,1,1,1,55,3,2,1,5,0,0,0,0,true,false,false,false,true,false,false,false,false,false,false,false,false,false,false,false,false,false,false,false,false,false,-83.21603,42.34193,"{
  ""coordinates"": [
    -8.321603633675250e+01,
    4.234192768373840e+01
  ],
  ""type"": ""Point""
}","{
  ""coordinates"": [
    -83.216036337,
    42.341927684
  ],
  ""type"": ""Point""
}",-83.2160363369999,42.341927684
7691,1288308,WYOMING,INTERVALE,2018-02-02,2,2,2018,17,6,97,9,,4,0,Asphalt,1,1,1,35,3,3,7,4,0,0,0,4,false,false,false,false,false,false,false,false,false,false,false,false,false,false,false,false,false,false,false,false,false,false,-83.15923,42.3922,"{
  ""coordinates"": [
    -8.315923556266171e+01,
    4.239219794468900e+01
  ],
  ""type"": ""Point""
}","{
  ""coordinates"": [
    -83.159235563,
    42.392197945
  ],
  ""type"": ""Point""
}",-83.159235563,42.3921979450001
7692,1293451,JEFFERSON,BEAUBIEN,2018-02-02,2,2,2018,16,6,8,4,,1,0,Asphalt,4,1,1,30,3,2,3,4,0,0,0,2,false,false,false,false,false,false,false,false,false,false,true,false,false,false,false,false,false,false,false,false,false,false,-83.03983,42.33087,"{
  ""coordinates"": [
    -8.303983041584620e+01,
    4.233086928464030e+01
  ],
  ""type"": ""Point""
}","{
  ""coordinates"": [
    -83.039830416,
    42.330869285
  ],
  ""type"": ""Point""
}",-83.039830416,42.3308692850001
7693,1288226,I-94,WARREN,2018-02-02,2,2,2018,18,6,5,1,,1,0,Asphalt,1,1,4,55,3,2,3,5,0,0,0,0,true,false,false,false,false,false,false,false,false,false,false,false,false,false,false,false,false,false,false,false,false,false,-83.11348,42.34433,"{
  ""coordinates"": [
    -8.311347657002391e+01,
    4.234433253552620e+01
  ],
  ""type"": ""Point""
}","{
  ""coordinates"": [
    -83.11347657,
    42.344332536
  ],
  ""type"": ""Point""
}",-83.11347657,42.344332536
7694,1296087,ELMIRA,ASHTON,2018-02-02,2,2,2018,16,6,1,9,,,0,,1,2,1,25,4,1,1,5,0,0,0,0,true,false,false,false,false,false,false,false,false,false,true,false,false,false,false,false,false,false,false,false,false,false,-83.21796,42.36983,"{
  ""coordinates"": [
    -8.321795904793839e+01,
    4.236983000712910e+01
  ],
  ""type"": ""Point""
}","{
  ""coordinates"": [
    -83.217959048,
    42.369830007
  ],
  ""type"": ""Point""
}",-83.217959048,42.3698300070001
7695,1288276,CONGRESS,RANDOLPH,2018-02-02,2,2,2018,10,6,5,3,,4,0,Asphalt,1,1,1,30,2,2,2,5,0,0,0,0,true,false,false,false,false,false,false,false,false,false,false,false,false,false,false,false,false,false,false,false,false,false,-83.04359,42.33116,"{
  ""coordinates"": [
    -8.304358329607190e+01,
    4.233115876106040e+01
  ],
  ""type"": ""Point""
}","{
  ""coordinates"": [
    -83.043583296,
    42.331158761
  ],
  ""type"": ""Point""
}",-83.043583296,42.331158761
7696,1293453,HOWARD,N M 10,2018-02-02,2,2,2018,14,6,8,9,,4,0,Asphalt,1,1,1,30,2,2,2,5,0,0,0,0,true,false,false,false,false,false,false,false,false,false,false,false,false,false,false,false,false,false,false,false,false,false,-83.05766,42.32856,"{
  ""coordinates"": [
    -8.305766654759600e+01,
    4.232856454064610e+01
  ],
  ""type"": ""Point""
}","{
  ""coordinates"": [
    -83.057666548,
    42.328564541
  ],
  ""type"": ""Point""
}",-83.057666548,42.328564541
7697,1288241,OUTER,FORT,2018-02-02,2,2,2018,15,6,5,3,,2,0,Asphalt,1,2,1,,2,2,1,5,0,0,0,0,true,false,false,false,false,false,false,false,false,false,false,false,false,false,false,false,false,false,false,false,false,false,-83.16705,42.26242,"{
  ""coordinates"": [
    -8.316705352702201e+01,
    4.226242084156180e+01
  ],
  ""type"": ""Point""
}","{
  ""coordinates"": [
    -83.167053527,
    42.262420842
  ],
  ""type"": ""Point""
}",-83.167053527,42.262420842
7698,1288293,FAIRFIELD,MIDLAND,2018-02-02,2,2,2018,11,6,8,9,,,0,,2,1,98,25,1,2,1,5,0,0,0,0,true,false,false,false,true,false,false,false,false,false,false,false,false,false,false,false,false,false,false,false,false,false,-83.13448,42.4062,"{
  ""coordinates"": [
    -8.313447258021600e+01,
    4.240620301926900e+01
  ],
  ""type"": ""Point""
}","{
  ""coordinates"": [
    -83.13447258,
    42.406203019
  ],
  ""type"": ""Point""
}",-83.13447258,42.406203019
7699,1288305,LANTZ,BAUMAN,2018-02-02,2,2,2018,11,6,97,9,,,3,,3,1,1,25,1,3,1,5,0,0,0,0,true,false,false,false,false,false,false,false,false,true,false,false,false,true,false,false,false,false,false,false,false,false,-83.11165,42.43697,"{
  ""coordinates"": [
    -8.311165077773100e+01,
    4.243697516505230e+01
  ],
  ""type"": ""Point""
}","{
  ""coordinates"": [
    -83.111650778,
    42.436975165
  ],
  ""type"": ""Point""
}",-83.111650778,42.436975165
7700,1291138,WOODMEERE,SHARON,2018-02-02,2,2,2018,15,6,97,9,,4,0,Asphalt,1,1,1,25,4,2,0,5,0,0,0,0,true,false,false,false,true,false,false,false,false,false,false,false,false,false,false,false,false,false,false,false,false,false,-83.1369,42.3102,"{
  ""coordinates"": [
    -8.313690099480230e+01,
    4.231019588361880e+01
  ],
  ""type"": ""Point""
}","{
  ""coordinates"": [
    -83.136900995,
    42.310195884
  ],
  ""type"": ""Point""
}",-83.136900995,42.3101958840001
7701,1288310,FENKELL,MEYERS,2018-02-02,2,2,2018,19,6,5,9,,2,0,Asphalt,1,1,1,35,2,2,2,5,0,0,0,0,true,false,false,false,false,false,false,false,false,false,false,false,false,false,false,false,false,false,false,false,false,false,-83.1694,42.40223,"{
  ""coordinates"": [
    -8.316940170851809e+01,
    4.240222940666750e+01
  ],
  ""type"": ""Point""
}","{
  ""coordinates"": [
    -83.169401709,
    42.402229407
  ],
  ""type"": ""Point""
}",-83.1694017089999,42.402229407
7702,1288188,S M 10,CHICAGO,2018-02-02,2,2,2018,6,6,8,3,,1,0,Concrete,1,1,4,55,3,2,2,5,0,0,0,0,true,false,false,false,false,false,false,false,false,false,true,false,false,true,false,false,false,false,false,false,false,false,-83.0953,42.38242,"{
  ""coordinates"": [
    -8.309529554664461e+01,
    4.238242421267170e+01
  ],
  ""type"": ""Point""
}","{
  ""coordinates"": [
    -83.095295547,
    42.382424213
  ],
  ""type"": ""Point""
}",-83.095295547,42.382424213
7703,1312927,LAHSER,VASSAR,2018-02-02,2,2,2018,11,6,1,9,,2,1,Asphalt,4,1,1,40,3,1,2,3,0,0,1,0,false,false,false,false,false,false,true,false,false,false,false,false,false,false,false,false,false,false,false,false,false,false,-83.25845,42.43286,"{
  ""coordinates"": [
    -8.325844943981370e+01,
    4.243286190278230e+01
  ],
  ""type"": ""Point""
}","{
  ""coordinates"": [
    -83.25844944,
    42.432861903
  ],
  ""type"": ""Point""
}",-83.2584494399999,42.4328619030001
7704,1301094,CHENE,MACOMB,2018-02-02,2,2,2018,19,6,1,9,,4,1,Asphalt,1,1,4,35,2,1,1,5,0,0,0,0,true,false,false,false,false,false,false,false,false,false,false,false,false,false,false,false,false,false,false,false,false,false,-83.02592,42.34321,"{
  ""coordinates"": [
    -8.302592121141710e+01,
    4.234321381460560e+01
  ],
  ""type"": ""Point""
}","{
  ""coordinates"": [
    -83.025921211,
    42.343213815
  ],
  ""type"": ""Point""
}",-83.025921211,42.3432138150001
7705,1292231,N M 10,GRAND,2018-02-02,2,2,2018,15,6,8,3,,1,0,Concrete,1,1,1,25,2,2,3,5,0,0,0,0,true,false,false,false,false,false,false,false,false,false,false,false,false,false,false,false,false,false,false,false,false,false,-83.08167,42.36701,"{
  ""coordinates"": [
    -8.308166862467650e+01,
    4.236701217560980e+01
  ],
  ""type"": ""Point""
}","{
  ""coordinates"": [
    -83.081668625,
    42.367012176
  ],
  ""type"": ""Point""
}",-83.081668625,42.3670121760001
7706,1291167,GRATIOT,MCNICHOLS,2018-02-02,2,2,2018,22,6,97,3,,1,0,Asphalt,1,1,4,35,5,5,7,4,0,0,0,7,false,false,false,false,false,false,false,true,false,true,false,false,false,true,false,false,true,false,false,false,false,false,-82.98318,42.42675,"{
  ""coordinates"": [
    -8.298318603207581e+01,
    4.242675279627220e+01
  ],
  ""type"": ""Point""
}","{
  ""coordinates"": [
    -82.983186032,
    42.426752796
  ],
  ""type"": ""Point""
}",-82.9831860319999,42.4267527960001
7707,1288256,AUBURN,PLYMOUTH,2018-02-02,2,2,2018,6,6,5,9,,,0,,1,1,4,25,2,2,0,5,0,0,0,0,true,false,false,false,true,false,false,false,false,false,false,false,false,false,false,false,false,false,false,false,false,false,-83.23382,42.3718,"{
  ""coordinates"": [
    -8.323382181106810e+01,
    4.237179400145090e+01
  ],
  ""type"": ""Point""
}","{
  ""coordinates"": [
    -83.233821811,
    42.371794001
  ],
  ""type"": ""Point""
}",-83.233821811,42.3717940010001
7708,1291177,7 MILE,MOUND,2018-02-02,2,2,2018,23,6,2,9,,4,2,Asphalt,1,1,4,30,2,3,1,3,0,0,1,0,false,false,false,false,true,false,false,false,false,false,false,true,false,false,false,false,false,false,false,false,false,false,-83.04351,42.43357,"{
  ""coordinates"": [
    -8.304351282758731e+01,
    4.243357240154010e+01
  ],
  ""type"": ""Point""
}","{
  ""coordinates"": [
    -83.043512828,
    42.433572402
  ],
  ""type"": ""Point""
}",-83.043512828,42.433572402
7709,1288231,MICHIGAN,TRENTON,2018-02-02,2,2,2018,0,6,5,2,,1,0,Asphalt,1,1,4,40,5,2,3,5,0,0,0,0,true,false,false,false,false,true,false,false,false,false,false,false,false,false,false,false,false,false,false,false,false,false,-83.14775,42.32995,"{
  ""coordinates"": [
    -8.314775222504650e+01,
    4.232995032045180e+01
  ],
  ""type"": ""Point""
}","{
  ""coordinates"": [
    -83.147752225,
    42.32995032
  ],
  ""type"": ""Point""
}",-83.147752225,42.3299503200001
7710,1307163,GRAND RIVER,BUCHANAN,2018-02-02,2,2,2018,11,6,1,3,,1,1,Asphalt,1,2,1,35,5,1,1,5,0,0,0,0,true,false,false,false,false,false,false,false,false,false,false,false,false,false,false,false,false,false,false,false,false,false,-83.08271,42.34604,"{
  ""coordinates"": [
    -8.308270724244819e+01,
    4.234603414990330e+01
  ],
  ""type"": ""Point""
}","{
  ""coordinates"": [
    -83.082707242,
    42.34603415
  ],
  ""type"": ""Point""
}",-83.082707242,42.34603415
7711,1307216,3RD,ALEXANDRINE,2018-02-02,2,2,2018,20,6,4,9,,4,0,Asphalt,1,1,4,25,2,2,2,4,0,0,0,2,false,false,false,false,true,false,false,false,false,false,false,false,false,false,false,false,false,false,false,false,false,false,-83.06733,42.34792,"{
  ""coordinates"": [
    -8.306733135052120e+01,
    4.234791991572150e+01
  ],
  ""type"": ""Point""
}","{
  ""coordinates"": [
    -83.067331351,
    42.347919916
  ],
  ""type"": ""Point""
}",-83.067331351,42.3479199160001
7712,1288238,MCGRAW,LIVERNOIS,2018-02-02,2,2,2018,8,6,3,9,,4,0,Asphalt,1,1,1,35,2,2,2,5,0,0,0,0,true,false,false,false,true,false,false,false,false,false,false,false,false,true,false,false,false,false,false,false,false,false,-83.1274,42.34083,"{
  ""coordinates"": [
    -8.312739909674910e+01,
    4.234082920427100e+01
  ],
  ""type"": ""Point""
}","{
  ""coordinates"": [
    -83.127399097,
    42.340829204
  ],
  ""type"": ""Point""
}",-83.127399097,42.340829204
7713,1301104,MOENART,GARVIN,2018-02-02,2,2,2018,15,6,4,9,,,0,,1,1,1,25,1,2,1,5,0,0,0,0,true,false,false,false,false,false,false,false,false,false,false,false,false,false,false,false,false,false,false,false,false,false,-83.04935,42.41077,"{
  ""coordinates"": [
    -8.304934488717640e+01,
    4.241077374909570e+01
  ],
  ""type"": ""Point""
}","{
  ""coordinates"": [
    -83.049344887,
    42.410773749
  ],
  ""type"": ""Point""
}",-83.049344887,42.410773749
7714,1288302,SHERWOOD,DAVISON,2018-02-02,2,2,2018,17,6,8,9,,4,0,Asphalt,1,1,3,35,2,2,2,5,0,0,0,0,true,false,false,false,false,false,false,false,false,false,false,false,false,false,false,true,false,false,false,false,false,false,-83.03362,42.42341,"{
  ""coordinates"": [
    -8.303361259802760e+01,
    4.242340928380340e+01
  ],
  ""type"": ""Point""
}","{
  ""coordinates"": [
    -83.033612598,
    42.423409284
  ],
  ""type"": ""Point""
}",-83.033612598,42.4234092840001
7715,1288272,MCNICHOLS,HUBBELL,2018-02-02,2,2,2018,15,6,4,9,,2,0,Asphalt,1,1,1,25,2,2,2,5,0,0,0,0,true,false,false,false,false,false,false,false,false,false,false,false,false,true,false,false,false,false,false,false,false,false,-83.18951,42.41646,"{
  ""coordinates"": [
    -8.318951236835569e+01,
    4.241645998563260e+01
  ],
  ""type"": ""Point""
}","{
  ""coordinates"": [
    -83.189512368,
    42.416459986
  ],
  ""type"": ""Point""
}",-83.189512368,42.4164599860001
7716,1301077,3RD,PETERBORO,2018-02-02,2,2,2018,10,6,8,9,,4,0,Asphalt,1,1,1,25,2,3,2,5,0,0,0,0,true,false,true,false,true,false,false,false,false,false,true,false,false,false,false,false,false,false,false,false,false,false,-83.06448,42.3429,"{
  ""coordinates"": [
    -8.306447802206699e+01,
    4.234290377916360e+01
  ],
  ""type"": ""Point""
}","{
  ""coordinates"": [
    -83.064478022,
    42.342903779
  ],
  ""type"": ""Point""
}",-83.0644780219999,42.342903779
7717,1288300,CHARLES,CONANT,2018-02-02,2,2,2018,6,6,8,9,,4,0,Asphalt,1,2,2,30,2,2,2,5,0,0,0,0,true,false,false,false,true,false,false,false,false,false,false,false,false,false,false,false,false,false,false,false,false,false,-83.0586,42.41151,"{
  ""coordinates"": [
    -8.305860335557990e+01,
    4.241151196448970e+01
  ],
  ""type"": ""Point""
}","{
  ""coordinates"": [
    -83.058603356,
    42.411511964
  ],
  ""type"": ""Point""
}",-83.0586033559999,42.4115119640001
7718,1292161,I 94,WOODWARD,2018-02-02,2,2,2018,19,6,5,1,,1,0,Asphalt,1,1,4,55,3,2,2,5,0,0,0,0,true,false,false,false,false,false,false,false,false,false,false,false,false,true,false,false,false,false,false,false,false,false,-83.06923,42.3636,"{
  ""coordinates"": [
    -8.306923222585409e+01,
    4.236359858683400e+01
  ],
  ""type"": ""Point""
}","{
  ""coordinates"": [
    -83.069232226,
    42.363598587
  ],
  ""type"": ""Point""
}",-83.0692322259999,42.3635985870001
7719,1307164,BRAINARD,3RD,2018-02-02,2,2,2018,8,6,4,9,,,0,,1,1,1,,1,2,2,5,0,0,0,0,true,false,false,false,false,false,false,false,false,false,false,false,false,false,false,true,false,false,false,false,false,false,-83.06591,42.34546,"{
  ""coordinates"": [
    -8.306590770032730e+01,
    4.234545676417070e+01
  ],
  ""type"": ""Point""
}","{
  ""coordinates"": [
    -83.0659077,
    42.345456764
  ],
  ""type"": ""Point""
}",-83.0659077,42.3454567640001
7720,1302179,W I 94,WHITTIER,2018-02-02,2,2,2018,20,6,8,1,,1,0,Asphalt,1,1,4,55,2,2,2,5,0,0,0,0,true,false,false,false,false,false,false,false,false,false,false,false,false,false,false,true,false,false,false,false,false,false,-82.94321,42.41307,"{
  ""coordinates"": [
    -8.294321221828341e+01,
    4.241307324090350e+01
  ],
  ""type"": ""Point""
}","{
  ""coordinates"": [
    -82.943212218,
    42.413073241
  ],
  ""type"": ""Point""
}",-82.943212218,42.4130732410001
7721,1288257,PLYMOUTH,FAUST,2018-02-01,1,2,2018,20,5,10,9,,4,0,Asphalt,1,1,4,35,4,2,0,5,0,0,0,0,true,false,false,false,true,false,false,false,false,false,true,false,false,false,false,false,false,false,false,false,false,false,-83.22151,42.37216,"{
  ""coordinates"": [
    -8.322151416448800e+01,
    4.237215961779810e+01
  ],
  ""type"": ""Point""
}","{
  ""coordinates"": [
    -83.221514164,
    42.372159618
  ],
  ""type"": ""Point""
}",-83.221514164,42.3721596180001
7722,1286635,LARNED,CHENE,2018-02-01,1,2,2018,8,5,5,9,,4,0,Asphalt,1,1,4,35,3,3,4,4,0,0,0,1,false,false,false,false,false,false,false,false,false,false,true,false,false,false,false,false,false,false,false,false,false,false,-83.02103,42.33986,"{
  ""coordinates"": [
    -8.302102724293550e+01,
    4.233986413246500e+01
  ],
  ""type"": ""Point""
}","{
  ""coordinates"": [
    -83.021027243,
    42.339864132
  ],
  ""type"": ""Point""
}",-83.0210272429999,42.3398641320001
7723,1286657,ANN ARBOR,EVERGREEN,2018-02-01,1,2,2018,15,5,6,9,,4,0,Concrete,1,2,1,30,6,2,2,5,0,0,0,0,true,false,false,false,false,false,false,false,false,false,false,false,false,false,false,false,false,false,false,false,false,false,-83.23511,42.33583,"{
  ""coordinates"": [
    -8.323510517365870e+01,
    4.233583378079010e+01
  ],
  ""type"": ""Point""
}","{
  ""coordinates"": [
    -83.235105174,
    42.335833781
  ],
  ""type"": ""Point""
}",-83.235105174,42.3358337810001
7724,1292187,I-75,MACK,2018-02-01,1,2,2018,11,5,1,1,,1,0,Concrete,1,2,1,70,5,1,1,5,0,0,0,0,true,false,false,false,false,false,false,false,false,false,false,false,false,false,false,false,false,false,false,false,false,false,-83.0476,42.35036,"{
  ""coordinates"": [
    -8.304760245326790e+01,
    4.235036583729030e+01
  ],
  ""type"": ""Point""
}","{
  ""coordinates"": [
    -83.047602453,
    42.350365837
  ],
  ""type"": ""Point""
}",-83.047602453,42.350365837
7725,1288269,ADELAIDE,DETROIT CONNECTING RAILROAD,2018-02-01,1,2,2018,9,5,10,9,,,0,,1,1,1,25,1,2,2,5,0,0,0,0,true,false,false,false,false,false,false,false,false,false,false,false,false,false,false,false,false,false,false,false,false,false,-83.03586,42.34831,"{
  ""coordinates"": [
    -8.303586058836480e+01,
    4.234831288703410e+01
  ],
  ""type"": ""Point""
}","{
  ""coordinates"": [
    -83.035860588,
    42.348312887
  ],
  ""type"": ""Point""
}",-83.0358605879999,42.3483128870001
7726,1286666,CHENE,GRAND,2018-02-01,1,2,2018,7,5,4,1,,4,0,Asphalt,1,1,1,30,2,2,1,5,0,0,0,0,true,false,true,true,true,false,false,false,false,false,false,false,false,false,false,false,false,false,false,false,false,false,-83.04651,42.37499,"{
  ""coordinates"": [
    -8.304650702682690e+01,
    4.237499029909850e+01
  ],
  ""type"": ""Point""
}","{
  ""coordinates"": [
    -83.046507027,
    42.374990299
  ],
  ""type"": ""Point""
}",-83.046507027,42.374990299
7727,1286662,MOUNT ELLIOTT,CHARLEVOIX,2018-02-01,1,2,2018,17,5,4,9,,4,0,Asphalt,1,8,1,35,2,2,2,5,0,0,0,0,true,false,false,false,false,false,false,false,false,false,false,true,false,true,false,false,false,false,false,false,false,false,-83.01879,42.35703,"{
  ""coordinates"": [
    -8.301879446317930e+01,
    4.235702868741800e+01
  ],
  ""type"": ""Point""
}","{
  ""coordinates"": [
    -83.018794463,
    42.357028687
  ],
  ""type"": ""Point""
}",-83.0187944629999,42.357028687
7728,1292189,I-94,14TH,2018-02-01,1,2,2018,16,5,5,1,,1,0,Asphalt,1,2,1,55,3,2,2,5,0,0,0,0,true,false,false,false,false,false,false,false,false,false,false,false,false,false,true,false,false,false,false,false,false,false,-83.08939,42.3533,"{
  ""coordinates"": [
    -8.308938585186060e+01,
    4.235330348239320e+01
  ],
  ""type"": ""Point""
}","{
  ""coordinates"": [
    -83.089385852,
    42.353303482
  ],
  ""type"": ""Point""
}",-83.089385852,42.3533034820001
7729,1286669,GREENVIEW,MCNICHOLS,2018-02-01,1,2,2018,16,5,8,9,,,0,,3,2,3,25,6,2,1,5,0,0,0,0,true,false,false,false,false,false,false,false,false,false,false,false,false,true,false,false,false,false,false,false,false,false,-83.22431,42.41489,"{
  ""coordinates"": [
    -8.322431004412149e+01,
    4.241488893825810e+01
  ],
  ""type"": ""Point""
}","{
  ""coordinates"": [
    -83.224310044,
    42.414888938
  ],
  ""type"": ""Point""
}",-83.2243100439999,42.414888938
7730,1291186,VAN DYKE,MILTON,2018-02-01,1,2,2018,11,5,1,3,,1,1,Asphalt,1,1,1,35,6,1,1,5,0,0,0,0,true,false,false,false,false,false,false,false,false,false,false,false,false,false,false,false,false,false,false,false,false,false,-83.02324,42.40712,"{
  ""coordinates"": [
    -8.302323921441619e+01,
    4.240712040933820e+01
  ],
  ""type"": ""Point""
}","{
  ""coordinates"": [
    -83.023239214,
    42.407120409
  ],
  ""type"": ""Point""
}",-83.0232392139999,42.4071204090001
7731,1288274,OUTER,SANTA MARIA,2018-02-01,1,2,2018,16,5,3,9,,2,0,Asphalt,1,1,1,35,2,2,2,5,0,0,0,0,true,false,false,false,true,false,false,false,false,false,false,false,false,true,false,false,false,false,false,false,false,false,-83.23186,42.41761,"{
  ""coordinates"": [
    -8.323186661706310e+01,
    4.241760498386190e+01
  ],
  ""type"": ""Point""
}","{
  ""coordinates"": [
    -83.231866617,
    42.417604984
  ],
  ""type"": ""Point""
}",-83.231866617,42.417604984
7732,1286675,ATKINSON,ROSA PARKS,2018-02-01,1,2,2018,7,5,3,9,,,0,,1,1,1,30,4,2,1,5,0,0,0,0,true,false,false,false,true,false,false,false,false,false,false,false,false,false,false,false,false,false,false,false,false,false,-83.10012,42.37724,"{
  ""coordinates"": [
    -8.310012187862820e+01,
    4.237723800786970e+01
  ],
  ""type"": ""Point""
}","{
  ""coordinates"": [
    -83.100121879,
    42.377238008
  ],
  ""type"": ""Point""
}",-83.100121879,42.3772380080001
7733,1286649,RUSSELL,CANIFF,2018-02-01,1,2,2018,12,5,10,9,,,0,,1,1,1,25,2,2,2,5,0,0,0,0,true,false,false,false,true,false,false,false,false,false,false,true,false,false,false,false,false,false,false,false,false,false,-83.07311,42.39494,"{
  ""coordinates"": [
    -8.307311445944531e+01,
    4.239493851178380e+01
  ],
  ""type"": ""Point""
}","{
  ""coordinates"": [
    -83.073114459,
    42.394938512
  ],
  ""type"": ""Point""
}",-83.073114459,42.3949385120001