ObjectId,Crash ID,Primary Road,Intersecting Road,Crash Date,Day,Month,Year,Hour,Weekday,Crash Type Code,Highway Classification Code,Community Code,Jurisdiction Code,Lane Departure Type Code,Surface Type,Road Condition,Weather Condition,Lighting Condition,Speed Limit,Lanes,Units,Occupants,Most Severe Injury,Fatal Injuries,Suspected Serious Injuries,Suspected Minor Injuries,Possible Injuries,Property Damage Only,Secondary Crash,Traffic Control,Red Light Run,Hit and Run,Alcohol,Drugs,Unbelted Person,Work Zone,Speeding Driver,Distracted Driver,Driveway,Pedestrian,Elderly Driver,Young Driver,Commercial Vehicle,Emergency Vehicles,Train,School Bus,Motorcycle,Bicycle,Deer,Longitude,Latitude,geom,geog,x,y
7734,1288216,GRAND RIVER,N M 10 SERVICE DRIVE,2018-02-01,1,2,2018,20,5,5,3,,1,0,Concrete,1,1,4,40,4,2,1,5,0,0,0,0,true,false,false,false,true,false,false,false,false,false,false,false,false,false,false,false,false,false,false,false,false,false,-83.06516,42.33894,"{
  ""coordinates"": [
    -8.306516200902590e+01,
    4.233893630648450e+01
  ],
  ""type"": ""Point""
}","{
  ""coordinates"": [
    -83.065162009,
    42.338936306
  ],
  ""type"": ""Point""
}",-83.0651620089999,42.3389363060001
7735,1286674,LIVERNOIS,LODGE,2018-02-01,1,2,2018,7,5,8,9,,4,0,Concrete,2,1,1,25,2,2,2,5,0,0,0,0,true,false,false,false,true,false,false,false,false,false,false,false,false,false,false,false,false,false,false,false,false,false,-83.14041,42.40461,"{
  ""coordinates"": [
    -8.314041477591761e+01,
    4.240460584576850e+01
  ],
  ""type"": ""Point""
}","{
  ""coordinates"": [
    -83.140414776,
    42.404605846
  ],
  ""type"": ""Point""
}",-83.1404147759999,42.404605846
7736,1286665,FIVE MILE,MARK TWAIN,2018-02-01,1,2,2018,6,5,97,9,,2,0,Asphalt,2,2,4,35,2,2,1,5,0,0,0,0,true,false,false,false,false,false,false,false,false,false,false,false,false,false,false,false,false,false,false,false,false,false,-83.18655,42.40188,"{
  ""coordinates"": [
    -8.318655124271331e+01,
    4.240188332216150e+01
  ],
  ""type"": ""Point""
}","{
  ""coordinates"": [
    -83.186551243,
    42.401883322
  ],
  ""type"": ""Point""
}",-83.1865512429999,42.4018833220001
7737,1286659,FORD,GREENVIEW,2018-02-01,1,2,2018,14,5,5,3,,1,0,Asphalt,1,1,1,45,3,2,3,5,0,0,0,0,true,false,false,false,false,false,false,false,false,false,false,false,false,false,false,false,false,false,false,false,false,false,-83.22139,42.32901,"{
  ""coordinates"": [
    -8.322138729058760e+01,
    4.232900472043110e+01
  ],
  ""type"": ""Point""
}","{
  ""coordinates"": [
    -83.221387291,
    42.32900472
  ],
  ""type"": ""Point""
}",-83.221387291,42.3290047200001
7738,1291176,GRAND,LAWTON,2018-02-01,1,2,2018,17,5,4,9,,,0,,2,1,3,25,2,2,2,4,0,0,0,1,false,false,false,false,false,false,false,false,false,false,false,false,false,false,false,false,false,false,false,false,false,false,-83.12515,42.39386,"{
  ""coordinates"": [
    -8.312515624572499e+01,
    4.239386175076670e+01
  ],
  ""type"": ""Point""
}","{
  ""coordinates"": [
    -83.125156246,
    42.393861751
  ],
  ""type"": ""Point""
}",-83.125156246,42.393861751
7739,1291113,I-94,LIVERNOIS,2018-02-01,1,2,2018,22,5,1,1,,1,1,Asphalt,1,1,4,55,3,1,1,5,0,0,0,0,true,false,false,false,false,false,false,false,false,false,false,false,false,false,false,false,false,false,false,false,false,false,-83.12494,42.33744,"{
  ""coordinates"": [
    -8.312494048507070e+01,
    4.233744435157510e+01
  ],
  ""type"": ""Point""
}","{
  ""coordinates"": [
    -83.124940485,
    42.337444352
  ],
  ""type"": ""Point""
}",-83.124940485,42.337444352
7740,1288232,MCGRAW,CABOT,2018-02-01,1,2,2018,11,5,97,9,,4,0,Asphalt,1,2,1,30,4,2,3,5,0,0,0,0,true,false,false,false,false,false,false,false,false,false,false,false,false,true,false,true,false,false,false,false,false,false,-83.15092,42.33141,"{
  ""coordinates"": [
    -8.315091863787980e+01,
    4.233141023358940e+01
  ],
  ""type"": ""Point""
}","{
  ""coordinates"": [
    -83.150918638,
    42.331410234
  ],
  ""type"": ""Point""
}",-83.150918638,42.331410234
7741,1288312,MIDLAND,BELDEN,2018-02-01,1,2,2018,15,5,5,9,,,0,,98,1,1,25,4,2,1,5,0,0,0,0,true,false,false,false,true,false,false,false,false,false,false,false,false,true,false,false,false,false,false,false,false,false,-83.13531,42.40639,"{
  ""coordinates"": [
    -8.313531145494370e+01,
    4.240639384232040e+01
  ],
  ""type"": ""Point""
}","{
  ""coordinates"": [
    -83.135311455,
    42.406393842
  ],
  ""type"": ""Point""
}",-83.135311455,42.4063938420001
7742,1288243,ST JOHN,CENTRAL,2018-02-01,1,2,2018,17,5,8,9,,,0,,2,1,1,25,1,2,1,5,0,0,0,0,true,false,false,false,true,false,false,false,false,false,false,false,false,false,false,false,false,false,false,false,false,false,-83.13398,42.32718,"{
  ""coordinates"": [
    -8.313398318416750e+01,
    4.232717618754900e+01
  ],
  ""type"": ""Point""
}","{
  ""coordinates"": [
    -83.133983184,
    42.327176188
  ],
  ""type"": ""Point""
}",-83.133983184,42.3271761880001
7743,1285654,11 MILE,SCHOENHERR,2018-02-01,1,2,2018,7,5,4,3,,1,0,Asphalt,2,2,2,40,2,2,4,5,0,0,0,0,true,false,false,false,false,false,false,false,false,false,false,false,false,false,true,false,false,false,false,false,false,false,-82.98359,42.44933,"{
  ""coordinates"": [
    -8.298359051188750e+01,
    4.244932982286680e+01
  ],
  ""type"": ""Point""
}","{
  ""coordinates"": [
    -82.983590512,
    42.449329823
  ],
  ""type"": ""Point""
}",-82.983590512,42.449329823
7744,1315859,GROVE,LINWOOD,2018-02-01,1,2,2018,15,5,8,9,,,0,,1,1,1,,2,2,2,5,0,0,0,0,true,false,false,false,false,false,false,false,false,false,false,false,false,false,false,false,false,false,false,false,false,false,-83.12823,42.41498,"{
  ""coordinates"": [
    -8.312822375209871e+01,
    4.241498197926970e+01
  ],
  ""type"": ""Point""
}","{
  ""coordinates"": [
    -83.128223752,
    42.414981979
  ],
  ""type"": ""Point""
}",-83.1282237519999,42.4149819790001
7745,1289765,WARREN,JOHN R,2018-02-01,1,2,2018,11,5,8,9,,4,0,Asphalt,1,2,1,30,3,2,3,5,0,0,0,0,true,false,false,false,true,false,false,false,false,false,false,false,false,true,false,false,false,false,false,false,false,false,-83.06176,42.35773,"{
  ""coordinates"": [
    -8.306175931903840e+01,
    4.235773368071580e+01
  ],
  ""type"": ""Point""
}","{
  ""coordinates"": [
    -83.061759319,
    42.357733681
  ],
  ""type"": ""Point""
}",-83.061759319,42.3577336810001
7746,1292188,I-94,FRENCH,2018-02-01,1,2,2018,13,5,5,1,,1,0,Asphalt,1,2,1,55,3,2,2,5,0,0,0,0,true,false,false,false,false,false,false,false,false,false,true,false,false,false,false,false,false,false,false,false,false,false,-82.99703,42.39226,"{
  ""coordinates"": [
    -8.299703257553300e+01,
    4.239225932519500e+01
  ],
  ""type"": ""Point""
}","{
  ""coordinates"": [
    -82.997032576,
    42.392259325
  ],
  ""type"": ""Point""
}",-82.997032576,42.3922593250001
7747,1288297,I 96,GRAND,2018-02-01,1,2,2018,8,5,5,1,,1,0,Asphalt,1,2,1,70,4,2,2,4,0,0,0,1,false,false,false,false,true,false,false,false,false,false,false,false,false,false,false,false,false,false,false,false,false,false,-83.11333,42.35709,"{
  ""coordinates"": [
    -8.311332463125260e+01,
    4.235708755718170e+01
  ],
  ""type"": ""Point""
}","{
  ""coordinates"": [
    -83.113324631,
    42.357087557
  ],
  ""type"": ""Point""
}",-83.113324631,42.3570875570001
7748,1311380,PLYMOUTH,GREENFIELD,2018-02-01,1,2,2018,19,5,97,9,,4,0,Asphalt,1,1,4,30,4,2,1,2,0,1,0,0,false,false,false,false,true,false,false,false,false,true,false,false,true,false,false,false,false,false,false,false,false,false,-83.19729,42.37257,"{
  ""coordinates"": [
    -8.319728524453910e+01,
    4.237256521466360e+01
  ],
  ""type"": ""Point""
}","{
  ""coordinates"": [
    -83.197285245,
    42.372565215
  ],
  ""type"": ""Point""
}",-83.197285245,42.3725652150001
7749,1288264,GRATIOT,VERNOR,2018-02-01,1,2,2018,17,5,5,3,,1,0,Asphalt,1,1,1,40,3,2,2,5,0,0,0,0,true,false,false,false,false,false,false,false,false,false,false,false,false,false,false,false,false,false,false,false,false,false,-83.03472,42.34875,"{
  ""coordinates"": [
    -8.303472212658021e+01,
    4.234874558971400e+01
  ],
  ""type"": ""Point""
}","{
  ""coordinates"": [
    -83.034722127,
    42.34874559
  ],
  ""type"": ""Point""
}",-83.034722127,42.3487455900001
7750,1292203,N I 75,GRAND,2018-02-01,1,2,2018,7,5,8,1,,1,0,Asphalt,1,1,2,55,2,2,1,5,0,0,0,0,true,false,false,false,true,false,false,false,false,false,false,false,false,false,false,true,false,false,false,false,false,false,-83.08581,42.31545,"{
  ""coordinates"": [
    -8.308581153465040e+01,
    4.231545070804640e+01
  ],
  ""type"": ""Point""
}","{
  ""coordinates"": [
    -83.085811535,
    42.315450708
  ],
  ""type"": ""Point""
}",-83.0858115349999,42.3154507080001
7751,1286621,N/B M-10,VASSAR,2018-02-01,1,2,2018,5,5,1,3,,1,1,Concrete,1,2,4,55,3,1,2,5,0,0,0,0,true,false,false,false,false,false,false,false,false,false,false,false,false,false,false,false,false,false,false,false,false,false,-83.19274,42.43649,"{
  ""coordinates"": [
    -8.319274462927579e+01,
    4.243649388340450e+01
  ],
  ""type"": ""Point""
}","{
  ""coordinates"": [
    -83.192744629,
    42.436493883
  ],
  ""type"": ""Point""
}",-83.1927446289999,42.436493883
7752,1304310,VERNOR,ST JEAN,2018-02-01,1,2,2018,15,5,4,9,,4,0,Asphalt,98,98,1,25,4,2,2,5,0,0,0,0,true,false,false,false,true,false,false,false,false,false,false,false,false,false,false,false,false,false,false,false,false,false,-82.97419,42.37138,"{
  ""coordinates"": [
    -8.297419131094020e+01,
    4.237137573022350e+01
  ],
  ""type"": ""Point""
}","{
  ""coordinates"": [
    -82.974191311,
    42.37137573
  ],
  ""type"": ""Point""
}",-82.974191311,42.3713757300001
7753,1288228,CALVARY,MCMILLAN,2018-02-01,1,2,2018,15,5,10,9,,,0,,1,1,1,25,2,2,2,5,0,0,0,0,true,false,false,false,true,false,false,false,false,false,false,false,false,false,false,false,false,false,false,false,false,false,-83.1068,42.31782,"{
  ""coordinates"": [
    -8.310679519211880e+01,
    4.231781838651490e+01
  ],
  ""type"": ""Point""
}","{
  ""coordinates"": [
    -83.106795192,
    42.317818387
  ],
  ""type"": ""Point""
}",-83.1067951919999,42.317818387
7754,1298746,I-94,LIVERNOIS,2018-02-01,1,2,2018,23,5,5,1,,1,0,Asphalt,1,2,4,55,3,2,1,5,0,0,0,0,true,false,false,false,true,false,false,false,false,false,false,false,false,false,false,false,false,false,false,false,false,false,-83.1233,42.3381,"{
  ""coordinates"": [
    -8.312329694254510e+01,
    4.233809694220120e+01
  ],
  ""type"": ""Point""
}","{
  ""coordinates"": [
    -83.123296943,
    42.338096942
  ],
  ""type"": ""Point""
}",-83.123296943,42.338096942
7755,1293545,WARREN,CASS,2018-02-01,1,2,2018,11,5,1,9,,4,0,Asphalt,1,2,1,30,3,2,0,4,0,0,0,1,false,false,false,false,true,false,false,false,true,false,false,false,true,false,false,false,false,false,false,false,false,false,-83.06661,42.35592,"{
  ""coordinates"": [
    -8.306661605386070e+01,
    4.235591376987590e+01
  ],
  ""type"": ""Point""
}","{
  ""coordinates"": [
    -83.066616054,
    42.35591377
  ],
  ""type"": ""Point""
}",-83.066616054,42.35591377
7756,1288281,CADIEUX,MARNE,2018-02-01,1,2,2018,16,5,8,9,,4,0,Asphalt,1,1,1,30,4,2,3,4,0,0,0,1,false,false,false,false,false,false,false,false,false,false,false,false,false,false,false,false,false,false,false,false,false,false,-82.93952,42.42081,"{
  ""coordinates"": [
    -8.293952208350980e+01,
    4.242081030993760e+01
  ],
  ""type"": ""Point""
}","{
  ""coordinates"": [
    -82.939522084,
    42.42081031
  ],
  ""type"": ""Point""
}",-82.939522084,42.42081031
7757,1293452,CASS,CHARLOTTE,2018-02-01,1,2,2018,18,5,1,9,,4,0,Asphalt,1,1,4,30,4,2,0,3,0,0,1,0,false,false,false,false,true,false,false,false,false,false,false,false,true,false,false,false,false,false,false,false,false,false,-83.05925,42.343,"{
  ""coordinates"": [
    -8.305925295582000e+01,
    4.234300329682870e+01
  ],
  ""type"": ""Point""
}","{
  ""coordinates"": [
    -83.059252956,
    42.343003297
  ],
  ""type"": ""Point""
}",-83.059252956,42.3430032970001
7758,1286661,WOODWARD,MACK,2018-02-01,1,2,2018,17,5,8,3,,1,0,Asphalt,2,5,3,35,7,2,1,5,0,0,0,0,true,false,false,false,true,false,false,false,false,false,false,false,false,false,false,false,false,false,false,false,false,false,-83.05772,42.34716,"{
  ""coordinates"": [
    -8.305772562566260e+01,
    4.234715567344010e+01
  ],
  ""type"": ""Point""
}","{
  ""coordinates"": [
    -83.057725626,
    42.347155673
  ],
  ""type"": ""Point""
}",-83.057725626,42.347155673
7759,1293541,WARREN,S M 10,2018-02-01,1,2,2018,21,5,4,9,,4,0,Concrete,1,1,4,30,6,2,5,4,0,0,0,5,false,false,true,true,false,false,false,false,false,false,false,false,false,false,true,false,false,false,false,false,false,false,-83.07364,42.35369,"{
  ""coordinates"": [
    -8.307364173134540e+01,
    4.235369005167850e+01
  ],
  ""type"": ""Point""
}","{
  ""coordinates"": [
    -83.073641731,
    42.353690052
  ],
  ""type"": ""Point""
}",-83.073641731,42.353690052
7760,1286664,GRATIOT,CHENE,2018-02-01,1,2,2018,9,5,8,3,,1,0,Asphalt,2,1,1,35,6,2,3,5,0,0,0,0,true,false,false,false,false,false,false,false,false,false,false,false,false,false,false,false,true,false,false,false,false,false,-83.03204,42.35249,"{
  ""coordinates"": [
    -8.303204637835580e+01,
    4.235249507611840e+01
  ],
  ""type"": ""Point""
}","{
  ""coordinates"": [
    -83.032046378,
    42.352495076
  ],
  ""type"": ""Point""
}",-83.032046378,42.352495076
7761,1298852,WOODWARD,GRAND,2018-02-01,1,2,2018,13,5,4,3,,1,0,Asphalt,1,2,1,30,6,2,2,5,0,0,0,0,true,false,true,true,false,false,false,false,false,false,false,false,false,true,false,false,false,false,false,false,false,false,-83.07327,42.37018,"{
  ""coordinates"": [
    -8.307327574324330e+01,
    4.237017763958810e+01
  ],
  ""type"": ""Point""
}","{
  ""coordinates"": [
    -83.073275743,
    42.37017764
  ],
  ""type"": ""Point""
}",-83.073275743,42.3701776400001
7762,1293539,S I 75 SERVICE DRIVE,WARREN,2018-02-01,1,2,2018,11,5,7,1,,4,0,Asphalt,1,1,1,25,3,2,2,5,0,0,0,0,true,false,false,false,false,false,false,false,false,false,false,false,false,false,false,false,false,false,false,false,false,false,-83.05502,42.36079,"{
  ""coordinates"": [
    -8.305502072368721e+01,
    4.236078874664480e+01
  ],
  ""type"": ""Point""
}","{
  ""coordinates"": [
    -83.055020724,
    42.360788747
  ],
  ""type"": ""Point""
}",-83.055020724,42.3607887470001
7763,1291184,VANDYKE,GRINNELL,2018-02-01,1,2,2018,9,5,97,3,,1,0,Asphalt,1,1,1,35,2,2,0,3,0,0,1,0,false,false,false,false,true,false,false,false,false,false,false,false,true,false,false,false,false,false,false,false,false,false,-83.023,42.40098,"{
  ""coordinates"": [
    -8.302300136977600e+01,
    4.240097835434370e+01
  ],
  ""type"": ""Point""
}","{
  ""coordinates"": [
    -83.02300137,
    42.400978354
  ],
  ""type"": ""Point""
}",-83.02300137,42.4009783540001
7764,1291175,DAVISON,PETOSKY,2018-02-01,1,2,2018,14,5,5,3,,1,0,Asphalt,1,1,1,35,7,2,2,5,0,0,0,0,true,false,false,false,true,false,false,false,false,false,false,false,false,true,false,false,false,false,false,false,false,false,-83.13531,42.38807,"{
  ""coordinates"": [
    -8.313530938107580e+01,
    4.238806701944920e+01
  ],
  ""type"": ""Point""
}","{
  ""coordinates"": [
    -83.135309381,
    42.388067019
  ],
  ""type"": ""Point""
}",-83.135309381,42.3880670190001
7765,1286670,8 MILE,KELLY,2018-02-01,1,2,2018,11,5,4,3,,1,0,Asphalt,1,2,1,40,6,2,4,5,0,0,0,0,true,false,true,true,false,false,false,false,false,false,false,false,false,false,false,false,false,false,false,false,false,false,-82.94092,42.45023,"{
  ""coordinates"": [
    -8.294091813620300e+01,
    4.245022558038590e+01
  ],
  ""type"": ""Point""
}","{
  ""coordinates"": [
    -82.940918136,
    42.45022558
  ],
  ""type"": ""Point""
}",-82.9409181359999,42.4502255800001
7766,1295926,M-39,PLYMOUTH,2018-02-01,1,2,2018,8,5,5,3,,1,0,Asphalt,1,2,1,55,3,2,2,4,0,0,0,1,false,false,false,false,false,false,false,false,false,false,false,false,false,false,false,false,false,false,false,false,false,false,-83.21672,42.37115,"{
  ""coordinates"": [
    -8.321671980691920e+01,
    4.237114880326040e+01
  ],
  ""type"": ""Point""
}","{
  ""coordinates"": [
    -83.216719807,
    42.371148803
  ],
  ""type"": ""Point""
}",-83.2167198069999,42.371148803
7767,1286676,CHICAGO,E I 96,2018-02-01,1,2,2018,3,5,8,9,,4,0,Concrete,1,1,4,30,2,2,3,4,0,0,0,1,false,false,false,false,false,false,false,true,false,false,false,false,false,false,false,false,false,false,false,false,false,false,-83.13993,42.36749,"{
  ""coordinates"": [
    -8.313992991772540e+01,
    4.236748853016380e+01
  ],
  ""type"": ""Point""
}","{
  ""coordinates"": [
    -83.139929918,
    42.36748853
  ],
  ""type"": ""Point""
}",-83.139929918,42.3674885300001
7768,1286642,SCHAEFER,TIREMAN,2018-02-01,1,2,2018,8,5,2,9,,4,0,Asphalt,2,1,1,30,4,2,2,4,0,0,0,1,false,false,false,false,false,false,false,false,false,false,false,false,false,false,false,false,false,false,false,false,false,false,-83.17719,42.35128,"{
  ""coordinates"": [
    -8.317718387229350e+01,
    4.235128427140040e+01
  ],
  ""type"": ""Point""
}","{
  ""coordinates"": [
    -83.177183872,
    42.351284271
  ],
  ""type"": ""Point""
}",-83.1771838719999,42.3512842710001
7769,1288322,7 MILE,MEYERS,2018-02-01,1,2,2018,22,5,4,9,,2,0,Asphalt,1,1,5,35,2,2,2,5,0,0,0,0,true,false,true,false,false,false,false,false,false,false,false,false,false,false,false,false,false,false,false,false,false,false,-83.17042,42.43125,"{
  ""coordinates"": [
    -8.317041465425210e+01,
    4.243125053649030e+01
  ],
  ""type"": ""Point""
}","{
  ""coordinates"": [
    -83.170414654,
    42.431250536
  ],
  ""type"": ""Point""
}",-83.170414654,42.4312505360001
7770,1291117,I-75,DAVISON,2018-02-01,1,2,2018,23,5,5,1,,1,0,Concrete,1,2,4,70,4,2,1,5,0,0,0,0,true,false,false,false,true,false,false,false,false,false,false,false,false,false,false,false,false,false,false,false,false,false,-83.07809,42.40768,"{
  ""coordinates"": [
    -8.307809767902000e+01,
    4.240767768956980e+01
  ],
  ""type"": ""Point""
}","{
  ""coordinates"": [
    -83.078097679,
    42.40767769
  ],
  ""type"": ""Point""
}",-83.0780976789999,42.4076776900001
7771,1286651,CASS,PUTNAM,2018-02-01,1,2,2018,10,5,8,9,,4,0,Asphalt,1,2,1,25,4,2,1,5,0,0,0,0,true,false,false,false,false,false,false,false,false,false,false,false,false,false,false,true,false,false,false,false,false,false,-83.06736,42.35722,"{
  ""coordinates"": [
    -8.306736179846099e+01,
    4.235721727713630e+01
  ],
  ""type"": ""Point""
}","{
  ""coordinates"": [
    -83.067361798,
    42.357217277
  ],
  ""type"": ""Point""
}",-83.067361798,42.3572172770001
7772,1286641,GRISWOLD,CONGRESS,2018-02-01,1,2,2018,8,5,8,9,,4,0,Asphalt,1,1,1,35,2,2,1,4,0,0,0,1,false,false,false,false,true,false,false,false,false,false,false,false,false,false,false,false,false,false,false,false,false,false,-83.04659,42.32973,"{
  ""coordinates"": [
    -8.304659591069640e+01,
    4.232973151596290e+01
  ],
  ""type"": ""Point""
}","{
  ""coordinates"": [
    -83.046595911,
    42.329731516
  ],
  ""type"": ""Point""
}",-83.0465959109999,42.329731516
7773,1291114,I-94,LANYO,2018-02-01,1,2,2018,23,5,5,1,,1,0,Asphalt,1,1,4,55,3,2,1,5,0,0,0,0,true,false,false,false,true,false,false,false,false,false,false,false,false,false,false,false,false,false,false,false,false,false,-83.14332,42.33167,"{
  ""coordinates"": [
    -8.314331836528710e+01,
    4.233166735917960e+01
  ],
  ""type"": ""Point""
}","{
  ""coordinates"": [
    -83.143318365,
    42.331667359
  ],
  ""type"": ""Point""
}",-83.143318365,42.3316673590001
7774,1288307,DEQUINDRE,7 MILE,2018-02-01,1,2,2018,13,5,6,9,,4,0,Asphalt,1,1,1,25,2,2,1,5,0,0,0,0,true,false,false,false,true,false,false,false,false,false,false,false,false,true,false,false,false,false,false,false,false,false,-83.08292,42.43346,"{
  ""coordinates"": [
    -8.308291267370500e+01,
    4.243345720648370e+01
  ],
  ""type"": ""Point""
}","{
  ""coordinates"": [
    -83.082912674,
    42.433457206
  ],
  ""type"": ""Point""
}",-83.0829126739999,42.4334572060001
7775,1286677,LYNCH,WOOD,2018-02-01,1,2,2018,8,5,1,9,,4,0,Asphalt,1,1,2,25,2,1,1,5,0,0,0,0,true,false,false,false,false,false,false,false,false,false,false,false,false,false,false,false,false,false,false,false,false,false,-83.0149,42.40529,"{
  ""coordinates"": [
    -8.301489983347631e+01,
    4.240528933512320e+01
  ],
  ""type"": ""Point""
}","{
  ""coordinates"": [
    -83.014899833,
    42.405289335
  ],
  ""type"": ""Point""
}",-83.014899833,42.4052893350001
7776,1292147,N I 75,OAKLAND,2018-02-01,1,2,2018,7,5,1,1,,1,1,Asphalt,1,1,4,70,4,1,1,4,0,0,0,1,false,false,false,false,false,false,false,false,false,true,false,false,false,false,false,false,false,false,false,false,false,false,-83.09412,42.42704,"{
  ""coordinates"": [
    -8.309411448750210e+01,
    4.242703562874740e+01
  ],
  ""type"": ""Point""
}","{
  ""coordinates"": [
    -83.094114488,
    42.427035629
  ],
  ""type"": ""Point""
}",-83.0941144879999,42.427035629
7777,1291106,I-75,8 MILE,2018-02-01,1,2,2018,18,5,8,1,,1,0,Asphalt,3,2,4,70,4,2,2,5,0,0,0,0,true,false,false,false,false,false,false,false,false,true,false,false,false,false,false,false,false,false,false,false,false,false,-83.09489,42.44543,"{
  ""coordinates"": [
    -8.309488999629140e+01,
    4.244542537589950e+01
  ],
  ""type"": ""Point""
}","{
  ""coordinates"": [
    -83.094889996,
    42.445425376
  ],
  ""type"": ""Point""
}",-83.0948899959999,42.4454253760001
7778,1288313,SCHAEFER,JAMES COUZENS,2018-02-01,1,2,2018,20,5,4,9,,4,0,Asphalt,1,1,4,30,5,2,1,5,0,0,0,0,true,false,false,false,true,false,false,false,false,false,false,true,false,false,false,false,false,false,false,false,false,false,-83.18022,42.42538,"{
  ""coordinates"": [
    -8.318022053365480e+01,
    4.242538625136610e+01
  ],
  ""type"": ""Point""
}","{
  ""coordinates"": [
    -83.180220534,
    42.425386251
  ],
  ""type"": ""Point""
}",-83.1802205339999,42.4253862510001
7779,1286633,I 75 S/B,VERNOR,2018-02-01,1,2,2018,17,5,8,1,,1,0,Concrete,1,2,1,50,2,2,2,5,0,0,0,0,true,false,false,false,false,false,false,false,true,false,false,false,false,false,false,false,false,false,false,false,false,false,-83.13209,42.29004,"{
  ""coordinates"": [
    -8.313209131769750e+01,
    4.229003516580730e+01
  ],
  ""type"": ""Point""
}","{
  ""coordinates"": [
    -83.132091318,
    42.290035166
  ],
  ""type"": ""Point""
}",-83.1320913179999,42.2900351660001
7780,1288277,LENORE,FRISBEE,2018-02-01,1,2,2018,21,5,9,9,,,2,,1,1,4,25,2,2,1,4,0,0,0,1,false,false,false,false,true,false,false,false,false,false,false,true,false,false,false,false,false,false,false,false,false,false,-83.28141,42.43413,"{
  ""coordinates"": [
    -8.328140654069740e+01,
    4.243412751289530e+01
  ],
  ""type"": ""Point""
}","{
  ""coordinates"": [
    -83.281406541,
    42.434127513
  ],
  ""type"": ""Point""
}",-83.281406541,42.4341275130001
7781,1288242,MICHIGAN,CENTRAL,2018-02-01,1,2,2018,15,5,9,2,,1,2,Asphalt,1,1,1,35,5,2,2,5,0,0,0,0,true,false,false,false,false,false,false,false,false,false,false,false,false,false,false,false,false,false,false,false,false,false,-83.13834,42.33113,"{
  ""coordinates"": [
    -8.313833281237341e+01,
    4.233112596914780e+01
  ],
  ""type"": ""Point""
}","{
  ""coordinates"": [
    -83.138332812,
    42.331125969
  ],
  ""type"": ""Point""
}",-83.138332812,42.331125969
7782,1288239,DIX,POWELL,2018-02-01,1,2,2018,7,5,9,9,,2,0,Asphalt,2,1,2,35,4,2,1,5,0,0,0,0,true,false,false,false,true,false,false,false,false,false,false,false,false,false,false,false,false,false,false,false,false,false,-83.15234,42.29538,"{
  ""coordinates"": [
    -8.315234422913740e+01,
    4.229537614556410e+01
  ],
  ""type"": ""Point""
}","{
  ""coordinates"": [
    -83.152344229,
    42.295376146
  ],
  ""type"": ""Point""
}",-83.1523442289999,42.2953761460001
7783,1291105,I 94 W/B,VAN DYKE,2018-02-01,1,2,2018,21,5,1,1,,1,1,Asphalt,1,2,4,55,3,1,3,5,0,0,0,0,true,false,false,false,false,false,false,false,false,true,false,false,false,false,true,false,false,false,false,false,false,false,-83.01328,42.389,"{
  ""coordinates"": [
    -8.301327331070330e+01,
    4.238900198956550e+01
  ],
  ""type"": ""Point""
}","{
  ""coordinates"": [
    -83.013273311,
    42.38900199
  ],
  ""type"": ""Point""
}",-83.013273311,42.3890019900001
7784,1292193,W I 94,HARPER,2018-02-01,1,2,2018,9,5,8,1,,1,0,Asphalt,2,1,1,55,3,2,1,5,0,0,0,0,true,false,false,false,true,false,false,false,false,false,false,false,false,false,false,false,false,false,false,false,false,false,-83.03185,42.38133,"{
  ""coordinates"": [
    -8.303184938783910e+01,
    4.238133059524250e+01
  ],
  ""type"": ""Point""
}","{
  ""coordinates"": [
    -83.031849388,
    42.381330595
  ],
  ""type"": ""Point""
}",-83.031849388,42.3813305950001
7785,1292153,E/B I-96,WARREN,2018-02-01,1,2,2018,8,5,8,1,,1,0,Asphalt,2,1,1,55,5,3,3,5,0,0,0,0,true,false,false,false,false,false,false,false,false,true,false,false,false,false,false,true,false,false,false,false,false,false,-83.09612,42.34507,"{
  ""coordinates"": [
    -8.309611585284379e+01,
    4.234507521533520e+01
  ],
  ""type"": ""Point""
}","{
  ""coordinates"": [
    -83.096115853,
    42.345075215
  ],
  ""type"": ""Point""
}",-83.096115853,42.3450752150001
7786,1481295,TROJAN,BRAILE,2018-02-01,1,2,2018,1,5,4,9,,,0,,3,1,4,25,2,2,2,5,0,0,0,0,true,false,false,false,false,false,false,false,false,false,false,false,false,false,false,false,false,false,false,false,false,false,-83.24655,42.44017,"{
  ""coordinates"": [
    -8.324654877912830e+01,
    4.244017256066480e+01
  ],
  ""type"": ""Point""
}","{
  ""coordinates"": [
    -83.246548779,
    42.440172561
  ],
  ""type"": ""Point""
}",-83.246548779,42.4401725610001
7787,1288259,EVERGREEN,JOY,2018-02-01,1,2,2018,16,5,5,9,,4,0,Asphalt,1,1,1,25,4,2,1,5,0,0,0,0,true,false,false,false,false,false,false,false,false,false,false,false,false,false,false,false,false,false,false,false,false,false,-83.23595,42.3575,"{
  ""coordinates"": [
    -8.323595073289211e+01,
    4.235749879795750e+01
  ],
  ""type"": ""Point""
}","{
  ""coordinates"": [
    -83.235950733,
    42.357498798
  ],
  ""type"": ""Point""
}",-83.235950733,42.3574987980001
7788,1286640,ADAMS,WITHERELL,2018-01-31,31,1,2018,19,4,5,9,,4,0,Asphalt,1,1,4,30,3,2,3,5,0,0,0,0,true,false,false,false,false,false,false,false,false,false,false,false,false,false,false,false,false,false,false,false,false,false,-83.04951,42.33759,"{
  ""coordinates"": [
    -8.304951422167510e+01,
    4.233758758070790e+01
  ],
  ""type"": ""Point""
}","{
  ""coordinates"": [
    -83.049514222,
    42.337587581
  ],
  ""type"": ""Point""
}",-83.049514222,42.337587581