ObjectId,Crash ID,Primary Road,Intersecting Road,Crash Date,Day,Month,Year,Hour,Weekday,Crash Type Code,Highway Classification Code,Community Code,Jurisdiction Code,Lane Departure Type Code,Surface Type,Road Condition,Weather Condition,Lighting Condition,Speed Limit,Lanes,Units,Occupants,Most Severe Injury,Fatal Injuries,Suspected Serious Injuries,Suspected Minor Injuries,Possible Injuries,Property Damage Only,Secondary Crash,Traffic Control,Red Light Run,Hit and Run,Alcohol,Drugs,Unbelted Person,Work Zone,Speeding Driver,Distracted Driver,Driveway,Pedestrian,Elderly Driver,Young Driver,Commercial Vehicle,Emergency Vehicles,Train,School Bus,Motorcycle,Bicycle,Deer,Longitude,Latitude,geom,geog,x,y
7789,1284655,GRATIOT,7 MILE,2018-01-31,31,1,2018,8,4,5,3,,1,0,Asphalt,3,2,2,35,7,2,2,5,0,0,0,0,true,false,false,false,false,false,false,false,false,false,false,false,false,false,false,false,false,false,false,false,false,false,-82.97765,42.43514,"{
  ""coordinates"": [
    -8.297765592700929e+01,
    4.243513812354240e+01
  ],
  ""type"": ""Point""
}","{
  ""coordinates"": [
    -82.977655927,
    42.435138124
  ],
  ""type"": ""Point""
}",-82.9776559269999,42.435138124
7790,1286655,LAWTON,GRAND,2018-01-31,31,1,2018,12,4,1,9,,,0,,1,1,1,30,4,1,1,5,0,0,0,0,true,false,false,false,false,false,false,false,false,false,true,false,false,false,false,false,false,false,false,false,false,false,-83.12585,42.39366,"{
  ""coordinates"": [
    -8.312585288683680e+01,
    4.239365595072130e+01
  ],
  ""type"": ""Point""
}","{
  ""coordinates"": [
    -83.125852887,
    42.393655951
  ],
  ""type"": ""Point""
}",-83.125852887,42.393655951
7791,1293487,WARREN,OUTER,2018-01-31,31,1,2018,4,4,5,9,,4,0,Asphalt,4,5,4,30,2,2,2,5,0,0,0,0,true,false,false,false,false,false,false,false,false,false,false,false,false,false,false,false,false,false,false,false,false,false,-82.93631,42.4037,"{
  ""coordinates"": [
    -8.293631170233040e+01,
    4.240369905163230e+01
  ],
  ""type"": ""Point""
}","{
  ""coordinates"": [
    -82.936311702,
    42.403699052
  ],
  ""type"": ""Point""
}",-82.936311702,42.403699052
7792,1286617,M-39,MCNICHOLS,2018-01-31,31,1,2018,18,4,5,3,,1,0,Concrete,1,1,3,55,3,2,2,5,0,0,0,0,true,false,false,false,false,false,false,false,false,false,false,false,false,false,true,false,false,false,false,false,false,false,-83.21889,42.41471,"{
  ""coordinates"": [
    -8.321888645576770e+01,
    4.241471564901610e+01
  ],
  ""type"": ""Point""
}","{
  ""coordinates"": [
    -83.218886456,
    42.414715649
  ],
  ""type"": ""Point""
}",-83.218886456,42.4147156490001
7793,1305147,MANSFIELD,VASSAR,2018-01-31,31,1,2018,15,4,4,9,,,0,,3,2,1,25,1,2,13,4,0,0,0,1,false,false,false,false,false,false,false,false,false,false,false,false,false,true,false,true,false,false,true,false,false,false,-83.20643,42.43394,"{
  ""coordinates"": [
    -8.320642771251040e+01,
    4.243394143879130e+01
  ],
  ""type"": ""Point""
}","{
  ""coordinates"": [
    -83.206427713,
    42.433941439
  ],
  ""type"": ""Point""
}",-83.206427713,42.4339414390001
7794,1286647,8TH,FORT,2018-01-31,31,1,2018,17,4,8,9,,,0,,1,1,4,25,2,2,0,5,0,0,0,0,true,false,false,false,true,false,false,false,false,false,false,false,false,false,false,false,false,false,false,false,false,false,-83.06009,42.32461,"{
  ""coordinates"": [
    -8.306009035034950e+01,
    4.232460700846440e+01
  ],
  ""type"": ""Point""
}","{
  ""coordinates"": [
    -83.06009035,
    42.324607008
  ],
  ""type"": ""Point""
}",-83.0600903499999,42.324607008
7795,1286618,M-39,SCHOOLCRAFT,2018-01-31,31,1,2018,18,4,5,3,,1,0,Asphalt,1,1,4,55,3,2,1,5,0,0,0,0,true,false,false,false,true,false,false,false,false,false,false,false,false,false,false,true,false,false,false,false,false,false,-83.21769,42.3856,"{
  ""coordinates"": [
    -8.321768965080960e+01,
    4.238560549954230e+01
  ],
  ""type"": ""Point""
}","{
  ""coordinates"": [
    -83.217689651,
    42.3856055
  ],
  ""type"": ""Point""
}",-83.2176896509999,42.3856055000001
7796,1288311,PILGRIM,KENTUCKY,2018-01-31,31,1,2018,17,4,98,9,,,0,,6,1,1,25,2,2,0,5,0,0,0,0,true,false,false,false,true,false,false,false,false,false,false,false,false,false,false,false,false,false,false,false,false,false,-83.15871,42.40789,"{
  ""coordinates"": [
    -8.315870523088550e+01,
    4.240789549267280e+01
  ],
  ""type"": ""Point""
}","{
  ""coordinates"": [
    -83.158705231,
    42.407895493
  ],
  ""type"": ""Point""
}",-83.1587052309999,42.4078954930001
7797,1374705,CONNER,CHANDLER PARK,2018-01-31,31,1,2018,16,4,5,9,,4,0,Asphalt,1,1,1,35,5,3,3,5,0,0,0,0,true,false,false,false,false,false,false,false,false,false,false,false,false,true,false,false,false,false,false,false,false,false,-82.98231,42.39247,"{
  ""coordinates"": [
    -8.298231108728621e+01,
    4.239247237054110e+01
  ],
  ""type"": ""Point""
}","{
  ""coordinates"": [
    -82.982311087,
    42.392472371
  ],
  ""type"": ""Point""
}",-82.982311087,42.3924723710001
7798,1285678,TELEGRAPH,7 MILE,2018-01-31,31,1,2018,,4,97,2,,1,0,Asphalt,1,1,4,55,4,2,3,5,0,0,0,0,true,false,false,false,false,false,false,false,false,false,false,false,false,false,false,false,false,false,false,false,false,false,-83.27757,42.429,"{
  ""coordinates"": [
    -8.327756372509511e+01,
    4.242900099699560e+01
  ],
  ""type"": ""Point""
}","{
  ""coordinates"": [
    -83.277563725,
    42.429000997
  ],
  ""type"": ""Point""
}",-83.2775637249999,42.4290009970001
7799,1285687,PILGRIM,BURGESS,2018-01-31,31,1,2018,10,4,4,9,,,0,,3,2,1,25,2,2,4,3,0,0,1,2,false,false,false,false,false,false,false,false,false,false,false,false,false,false,false,false,false,false,false,false,false,false,-83.25458,42.40577,"{
  ""coordinates"": [
    -8.325457392636010e+01,
    4.240577039976180e+01
  ],
  ""type"": ""Point""
}","{
  ""coordinates"": [
    -83.254573926,
    42.4057704
  ],
  ""type"": ""Point""
}",-83.254573926,42.4057704000001
7800,1293544,SECOND,HANCOCK,2018-01-31,31,1,2018,14,4,5,9,,4,0,Asphalt,1,1,1,30,2,2,2,5,0,0,0,0,true,false,false,false,false,false,false,false,false,false,false,false,false,true,true,false,false,false,false,false,false,false,-83.06853,42.35461,"{
  ""coordinates"": [
    -8.306852901795790e+01,
    4.235460745599520e+01
  ],
  ""type"": ""Point""
}","{
  ""coordinates"": [
    -83.068529018,
    42.354607456
  ],
  ""type"": ""Point""
}",-83.0685290179999,42.3546074560001
7801,1292207,EB I-94,CONNER,2018-01-31,31,1,2018,21,4,8,1,,1,0,Asphalt,1,1,4,55,3,2,2,5,0,0,0,0,true,false,false,false,false,false,false,false,false,false,false,false,false,false,false,false,false,false,false,false,false,false,-82.98612,42.39753,"{
  ""coordinates"": [
    -8.298612358196480e+01,
    4.239752523346820e+01
  ],
  ""type"": ""Point""
}","{
  ""coordinates"": [
    -82.986123582,
    42.397525233
  ],
  ""type"": ""Point""
}",-82.9861235819999,42.3975252330001
7802,1388442,8 MILE,SUNSET,2018-01-31,31,1,2018,11,4,1,3,,1,0,Asphalt,4,5,1,10,1,1,1,5,0,0,0,0,true,false,false,false,false,false,false,false,false,false,false,false,false,false,false,false,false,false,false,false,false,false,-83.06175,42.44732,"{
  ""coordinates"": [
    -8.306174896351629e+01,
    4.244731655234310e+01
  ],
  ""type"": ""Point""
}","{
  ""coordinates"": [
    -83.061748964,
    42.447316552
  ],
  ""type"": ""Point""
}",-83.0617489639999,42.4473165520001
7803,1301027,N I 75,GRAND,2018-01-31,31,1,2018,13,4,5,1,,1,0,Asphalt,2,1,1,55,4,2,2,5,0,0,0,0,true,false,false,false,false,false,false,false,false,true,false,false,false,false,false,false,false,false,false,false,false,false,-83.08464,42.31607,"{
  ""coordinates"": [
    -8.308463738041650e+01,
    4.231607239732470e+01
  ],
  ""type"": ""Point""
}","{
  ""coordinates"": [
    -83.08463738,
    42.316072397
  ],
  ""type"": ""Point""
}",-83.0846373799999,42.316072397
7804,1296069,JOHN R,ALEXANDRINE,2018-01-31,31,1,2018,8,4,98,9,,4,0,Asphalt,2,2,1,25,6,2,1,4,0,0,0,1,false,false,false,false,true,false,false,false,false,false,false,false,false,true,false,false,false,false,false,false,false,false,-83.05796,42.35138,"{
  ""coordinates"": [
    -8.305795745202791e+01,
    4.235137568291380e+01
  ],
  ""type"": ""Point""
}","{
  ""coordinates"": [
    -83.057957452,
    42.351375683
  ],
  ""type"": ""Point""
}",-83.057957452,42.3513756830001
7805,1293484,HARDING,GOETHE,2018-01-31,31,1,2018,13,4,4,9,,,0,,1,1,1,,3,2,1,5,0,0,0,0,true,false,false,false,true,false,false,false,false,false,false,false,false,false,false,false,false,false,false,false,false,false,-82.98359,42.37364,"{
  ""coordinates"": [
    -8.298358984246610e+01,
    4.237363732807370e+01
  ],
  ""type"": ""Point""
}","{
  ""coordinates"": [
    -82.983589842,
    42.373637328
  ],
  ""type"": ""Point""
}",-82.983589842,42.373637328
7806,1285665,MANOR,WADSWORTH,2018-01-31,31,1,2018,0,4,98,9,,,3,,3,1,5,25,2,2,0,5,0,0,0,0,true,false,false,false,true,false,false,false,false,false,false,false,false,false,false,false,false,false,false,false,false,false,-83.16707,42.3763,"{
  ""coordinates"": [
    -8.316707191830061e+01,
    4.237629837410940e+01
  ],
  ""type"": ""Point""
}","{
  ""coordinates"": [
    -83.167071918,
    42.376298374
  ],
  ""type"": ""Point""
}",-83.167071918,42.376298374
7807,1286631,I 94 E/B,CHENE,2018-01-31,31,1,2018,14,4,5,1,,1,0,Concrete,1,1,1,55,4,2,3,5,0,0,0,0,true,false,false,false,false,false,false,false,false,false,false,false,false,true,false,false,false,false,false,false,false,false,-83.05328,42.37162,"{
  ""coordinates"": [
    -8.305328017734990e+01,
    4.237162243863580e+01
  ],
  ""type"": ""Point""
}","{
  ""coordinates"": [
    -83.053280177,
    42.371622439
  ],
  ""type"": ""Point""
}",-83.053280177,42.3716224390001
7808,1285676,MACK,N I 75,2018-01-31,31,1,2018,13,4,97,9,,4,0,Asphalt,1,1,1,25,2,2,2,4,0,0,0,2,false,false,false,false,false,false,false,false,false,false,false,false,false,true,false,false,false,false,false,false,false,false,-83.04794,42.35133,"{
  ""coordinates"": [
    -8.304793741779780e+01,
    4.235133212138870e+01
  ],
  ""type"": ""Point""
}","{
  ""coordinates"": [
    -83.047937418,
    42.351332121
  ],
  ""type"": ""Point""
}",-83.0479374179999,42.351332121
7809,1293430,JOHN C LODGE,MUIRLAND,2018-01-31,31,1,2018,19,4,5,9,,5,0,Asphalt,1,1,4,55,3,2,1,4,0,0,0,1,false,false,false,false,false,false,false,false,false,false,false,false,false,false,false,false,false,false,false,false,false,false,-83.13339,42.40536,"{
  ""coordinates"": [
    -8.313339044512389e+01,
    4.240535612237430e+01
  ],
  ""type"": ""Point""
}","{
  ""coordinates"": [
    -83.133390445,
    42.405356122
  ],
  ""type"": ""Point""
}",-83.133390445,42.4053561220001
7810,1286660,I 94,CHENE,2018-01-31,31,1,2018,17,4,5,1,,1,0,Concrete,1,1,1,55,3,2,1,5,0,0,0,0,true,false,false,false,true,false,false,false,false,false,false,false,false,false,false,false,false,false,false,false,false,false,-83.04626,42.37433,"{
  ""coordinates"": [
    -8.304625535192540e+01,
    4.237433138851450e+01
  ],
  ""type"": ""Point""
}","{
  ""coordinates"": [
    -83.046255352,
    42.374331389
  ],
  ""type"": ""Point""
}",-83.0462553519999,42.3743313890001
7811,1285664,GRATIOT,FARMER,2018-01-31,31,1,2018,8,4,5,9,,4,0,Asphalt,3,1,1,35,2,2,2,5,0,0,0,0,true,false,false,false,false,false,false,false,false,false,false,false,false,false,false,false,false,false,false,false,false,false,-83.04663,42.33351,"{
  ""coordinates"": [
    -8.304662991164280e+01,
    4.233350574000020e+01
  ],
  ""type"": ""Point""
}","{
  ""coordinates"": [
    -83.046629912,
    42.33350574
  ],
  ""type"": ""Point""
}",-83.046629912,42.3335057400001
7812,1294522,I-75,MICHIGAN,2018-01-31,31,1,2018,12,4,1,1,,1,1,Asphalt,2,1,1,55,3,1,1,5,0,0,0,0,true,false,false,false,false,false,false,false,false,false,false,false,false,false,false,false,false,false,false,false,false,false,-83.08565,42.33028,"{
  ""coordinates"": [
    -8.308564704813250e+01,
    4.233028122564330e+01
  ],
  ""type"": ""Point""
}","{
  ""coordinates"": [
    -83.085647048,
    42.330281226
  ],
  ""type"": ""Point""
}",-83.0856470479999,42.3302812260001
7813,1304319,CONNER,SHOEMAKER,2018-01-31,31,1,2018,14,4,8,9,,4,0,Asphalt,1,1,1,35,5,2,2,5,0,0,0,0,true,false,false,false,false,false,false,false,false,false,false,false,false,false,false,false,false,false,false,false,false,false,-82.98328,42.39297,"{
  ""coordinates"": [
    -8.298327489530300e+01,
    4.239296706772410e+01
  ],
  ""type"": ""Point""
}","{
  ""coordinates"": [
    -82.983274895,
    42.392967068
  ],
  ""type"": ""Point""
}",-82.983274895,42.3929670680001
7814,1286648,ROSA PARKS,ELM,2018-01-31,31,1,2018,7,4,4,9,,4,0,Asphalt,4,2,1,25,2,2,3,5,0,0,0,0,true,false,false,false,false,false,false,false,false,false,false,false,false,false,false,false,false,false,false,false,false,false,-83.07581,42.33807,"{
  ""coordinates"": [
    -8.307581470272100e+01,
    4.233807469759370e+01
  ],
  ""type"": ""Point""
}","{
  ""coordinates"": [
    -83.075814703,
    42.338074698
  ],
  ""type"": ""Point""
}",-83.0758147029999,42.3380746980001
7815,1285686,FENKELL,OUTER,2018-01-31,31,1,2018,8,4,97,9,,2,0,Asphalt,2,2,1,35,4,3,4,4,0,0,0,1,false,false,true,true,false,false,false,false,false,false,false,false,false,false,false,false,false,false,false,false,false,false,-83.23269,42.40077,"{
  ""coordinates"": [
    -8.323269208334440e+01,
    4.240076975495970e+01
  ],
  ""type"": ""Point""
}","{
  ""coordinates"": [
    -83.232692083,
    42.400769755
  ],
  ""type"": ""Point""
}",-83.232692083,42.4007697550001
7816,1284651,OUTER,GRATIOT,2018-01-31,31,1,2018,7,4,4,3,,2,0,Asphalt,1,1,2,30,9,2,3,5,0,0,0,0,true,false,false,false,false,false,false,false,false,false,false,false,false,false,false,false,false,false,false,false,false,false,-82.99634,42.40648,"{
  ""coordinates"": [
    -8.299633690545539e+01,
    4.240647487148840e+01
  ],
  ""type"": ""Point""
}","{
  ""coordinates"": [
    -82.996336905,
    42.406474871
  ],
  ""type"": ""Point""
}",-82.996336905,42.4064748710001
7817,1288233,KIRKWOOD,CHOPIN,2018-01-31,31,1,2018,21,4,4,9,,,0,,3,5,4,25,2,2,3,5,0,0,0,0,true,false,false,false,true,false,false,false,false,false,false,false,false,false,false,false,false,false,false,false,false,false,-83.14023,42.34059,"{
  ""coordinates"": [
    -8.314022653354129e+01,
    4.234058899791020e+01
  ],
  ""type"": ""Point""
}","{
  ""coordinates"": [
    -83.140226534,
    42.340588998
  ],
  ""type"": ""Point""
}",-83.140226534,42.340588998
7818,1285685,BERG,VASSAR,2018-01-31,31,1,2018,7,4,8,9,,4,0,Concrete,3,2,1,25,2,2,2,5,0,0,0,0,true,false,false,false,false,false,false,false,false,false,false,false,false,false,false,false,false,false,false,false,false,false,-83.26799,42.43229,"{
  ""coordinates"": [
    -8.326799101952901e+01,
    4.243229119027300e+01
  ],
  ""type"": ""Point""
}","{
  ""coordinates"": [
    -83.26799102,
    42.43229119
  ],
  ""type"": ""Point""
}",-83.26799102,42.4322911900001
7819,1288275,BURT,SCHOOLCRAFT,2018-01-31,31,1,2018,16,4,8,9,,4,0,Asphalt,1,1,1,,2,2,2,5,0,0,0,0,true,false,false,false,false,false,false,false,false,false,false,false,false,true,false,false,false,false,false,false,false,false,-83.24658,42.38499,"{
  ""coordinates"": [
    -8.324657843037340e+01,
    4.238499224094420e+01
  ],
  ""type"": ""Point""
}","{
  ""coordinates"": [
    -83.24657843,
    42.384992241
  ],
  ""type"": ""Point""
}",-83.2465784299999,42.3849922410001
7820,1292149,N I 75,RAMP 216D,2018-01-31,31,1,2018,13,4,8,1,,1,0,Asphalt,1,1,1,70,3,2,1,4,0,0,0,1,false,false,false,false,true,false,false,false,false,false,false,false,false,false,false,false,false,false,false,false,false,false,-83.05786,42.36837,"{
  ""coordinates"": [
    -8.305786127342419e+01,
    4.236837551741760e+01
  ],
  ""type"": ""Point""
}","{
  ""coordinates"": [
    -83.057861273,
    42.368375517
  ],
  ""type"": ""Point""
}",-83.057861273,42.3683755170001
7821,1285668,MICHIGAN,LONYO,2018-01-31,31,1,2018,20,4,5,2,,1,0,Asphalt,1,1,4,35,4,2,2,5,0,0,0,0,true,false,false,false,false,false,false,false,false,false,false,false,false,false,false,false,false,false,false,false,false,false,-83.14626,42.33018,"{
  ""coordinates"": [
    -8.314626148870300e+01,
    4.233018295368610e+01
  ],
  ""type"": ""Point""
}","{
  ""coordinates"": [
    -83.146261489,
    42.330182954
  ],
  ""type"": ""Point""
}",-83.146261489,42.3301829540001
7822,1284534,I-75,CANIFF,2018-01-31,31,1,2018,8,4,5,9,,4,0,Asphalt,1,1,1,70,4,2,2,5,0,0,0,0,true,false,false,false,false,false,false,false,false,false,false,false,false,false,false,false,false,false,false,false,false,false,-83.06944,42.39291,"{
  ""coordinates"": [
    -8.306943384678260e+01,
    4.239291399267920e+01
  ],
  ""type"": ""Point""
}","{
  ""coordinates"": [
    -83.069433847,
    42.392913993
  ],
  ""type"": ""Point""
}",-83.069433847,42.392913993
7823,1284684,JAMES COUZENS,ILENE,2018-01-31,31,1,2018,3,4,5,9,,4,0,Asphalt,2,1,4,35,2,2,0,5,0,0,0,0,true,false,false,false,false,false,false,false,false,false,false,false,false,false,false,true,false,false,false,false,false,false,-83.16244,42.40712,"{
  ""coordinates"": [
    -8.316244117130350e+01,
    4.240711828854440e+01
  ],
  ""type"": ""Point""
}","{
  ""coordinates"": [
    -83.162441171,
    42.407118289
  ],
  ""type"": ""Point""
}",-83.162441171,42.407118289
7824,1291122,I-75,7 MILE,2018-01-31,31,1,2018,11,4,8,1,,1,0,Asphalt,2,1,1,70,4,2,4,4,0,0,0,1,false,false,false,false,false,false,false,false,false,true,false,false,false,false,false,true,false,false,false,false,false,false,-83.09447,42.43104,"{
  ""coordinates"": [
    -8.309447566149269e+01,
    4.243103943624130e+01
  ],
  ""type"": ""Point""
}","{
  ""coordinates"": [
    -83.094475661,
    42.431039436
  ],
  ""type"": ""Point""
}",-83.094475661,42.431039436
7825,1285674,TIREMAN,FIELDING,2018-01-31,31,1,2018,17,4,97,9,,7,0,Asphalt,1,1,1,25,1,2,2,5,0,0,0,0,true,false,false,false,false,false,false,false,false,false,false,true,false,false,false,false,false,false,false,false,false,false,-83.24006,42.35026,"{
  ""coordinates"": [
    -8.324005741982920e+01,
    4.235026177176970e+01
  ],
  ""type"": ""Point""
}","{
  ""coordinates"": [
    -83.24005742,
    42.350261772
  ],
  ""type"": ""Point""
}",-83.24005742,42.3502617720001
7826,1285690,OUTER,LYNDON,2018-01-31,31,1,2018,12,4,4,9,,2,0,Asphalt,1,1,1,35,2,2,2,5,0,0,0,0,true,false,false,false,true,false,false,false,false,false,false,false,false,false,false,false,false,false,false,false,false,false,-83.25642,42.39306,"{
  ""coordinates"": [
    -8.325641870908611e+01,
    4.239306097063390e+01
  ],
  ""type"": ""Point""
}","{
  ""coordinates"": [
    -83.256418709,
    42.393060971
  ],
  ""type"": ""Point""
}",-83.2564187089999,42.3930609710001
7827,1289768,MACK,JOHN R,2018-01-31,31,1,2018,2,4,4,9,,4,0,Asphalt,1,1,4,35,2,2,1,4,0,0,0,1,false,false,true,true,true,false,false,false,false,false,false,false,false,false,false,false,false,false,false,false,false,false,-83.05597,42.3484,"{
  ""coordinates"": [
    -8.305597193840519e+01,
    4.234840290988280e+01
  ],
  ""type"": ""Point""
}","{
  ""coordinates"": [
    -83.055971938,
    42.34840291
  ],
  ""type"": ""Point""
}",-83.055971938,42.3484029100001
7828,1288244,LIVERNOIS,8 MILE,2018-01-31,31,1,2018,21,4,5,3,,4,0,Asphalt,1,1,4,25,2,2,1,5,0,0,0,0,true,false,false,false,true,false,false,false,false,false,false,false,false,false,false,false,false,false,false,false,false,false,-83.14203,42.44611,"{
  ""coordinates"": [
    -8.314203212856010e+01,
    4.244611168879690e+01
  ],
  ""type"": ""Point""
}","{
  ""coordinates"": [
    -83.142032129,
    42.446111689
  ],
  ""type"": ""Point""
}",-83.142032129,42.4461116890001
7829,1286512,M10,7 MILE,2018-01-31,31,1,2018,15,4,8,3,,1,0,Concrete,1,2,1,70,3,2,1,5,0,0,0,0,true,false,false,false,true,false,false,false,false,false,false,false,false,false,false,false,false,false,false,false,false,false,-83.17478,42.4195,"{
  ""coordinates"": [
    -8.317477848952321e+01,
    4.241950276798620e+01
  ],
  ""type"": ""Point""
}","{
  ""coordinates"": [
    -83.17477849,
    42.419502768
  ],
  ""type"": ""Point""
}",-83.1747784899999,42.419502768
7830,1285682,GRAND RIVER,OAKFIELD,2018-01-31,31,1,2018,6,4,1,3,,1,1,Asphalt,3,1,4,25,1,1,21,5,0,0,0,0,true,false,false,false,false,false,false,false,false,false,false,false,false,false,false,true,false,false,false,false,false,false,-83.21416,42.39904,"{
  ""coordinates"": [
    -8.321416396489570e+01,
    4.239903468969640e+01
  ],
  ""type"": ""Point""
}","{
  ""coordinates"": [
    -83.214163965,
    42.39903469
  ],
  ""type"": ""Point""
}",-83.214163965,42.3990346900001
7831,1285691,YORKSHIRE,DUCHESS,2018-01-31,31,1,2018,11,4,4,9,,,0,,4,5,1,25,4,2,1,5,0,0,0,0,true,false,false,false,true,false,false,false,false,false,false,false,false,false,false,false,false,false,false,false,false,false,-82.95868,42.42164,"{
  ""coordinates"": [
    -8.295867977225340e+01,
    4.242163751988110e+01
  ],
  ""type"": ""Point""
}","{
  ""coordinates"": [
    -82.958679772,
    42.42163752
  ],
  ""type"": ""Point""
}",-82.958679772,42.42163752
7832,1292151,N/B I-75,WARREN,2018-01-31,31,1,2018,14,4,1,1,,1,1,Asphalt,1,1,1,55,4,1,1,5,0,0,0,0,true,false,false,false,false,false,false,false,false,false,false,false,false,false,false,false,false,false,false,false,false,false,-83.05374,42.36009,"{
  ""coordinates"": [
    -8.305374240945180e+01,
    4.236009299641000e+01
  ],
  ""type"": ""Point""
}","{
  ""coordinates"": [
    -83.053742409,
    42.360092996
  ],
  ""type"": ""Point""
}",-83.0537424089999,42.360092996
7833,1286627,I-75,6 MILE,2018-01-31,31,1,2018,19,4,8,1,,1,0,Asphalt,1,2,4,70,4,2,2,5,0,0,0,0,true,false,false,false,false,false,false,false,false,false,false,false,false,false,false,false,false,false,false,false,false,false,-83.08668,42.41691,"{
  ""coordinates"": [
    -8.308667616887230e+01,
    4.241691329755710e+01
  ],
  ""type"": ""Point""
}","{
  ""coordinates"": [
    -83.086676169,
    42.416913298
  ],
  ""type"": ""Point""
}",-83.086676169,42.4169132980001
7834,1288288,8 MILE,VAN DYKE,2018-01-31,31,1,2018,22,4,97,3,,1,0,Asphalt,1,1,4,45,4,3,3,5,0,0,0,0,true,false,false,false,false,false,false,false,false,false,true,false,false,true,true,false,false,false,false,false,false,false,-83.02251,42.44822,"{
  ""coordinates"": [
    -8.302251655209020e+01,
    4.244821843941830e+01
  ],
  ""type"": ""Point""
}","{
  ""coordinates"": [
    -83.022516552,
    42.448218439
  ],
  ""type"": ""Point""
}",-83.022516552,42.4482184390001
7835,1291120,I-75,M-10,2018-01-31,31,1,2018,9,4,5,1,,1,0,Asphalt,1,1,1,55,3,2,2,5,0,0,0,0,true,false,false,false,false,false,false,false,false,false,false,false,false,false,false,false,false,false,false,false,false,false,-83.09495,42.44296,"{
  ""coordinates"": [
    -8.309494443279171e+01,
    4.244295586030370e+01
  ],
  ""type"": ""Point""
}","{
  ""coordinates"": [
    -83.094944433,
    42.44295586
  ],
  ""type"": ""Point""
}",-83.094944433,42.44295586
7836,1286667,OUTER,DOLPHIN,2018-01-31,31,1,2018,12,4,5,9,,2,0,Asphalt,3,5,5,25,1,2,1,4,0,0,0,1,false,false,false,false,true,false,false,false,false,false,false,false,false,false,false,false,false,false,false,false,false,false,-83.25848,42.38354,"{
  ""coordinates"": [
    -8.325847347079990e+01,
    4.238354433001290e+01
  ],
  ""type"": ""Point""
}","{
  ""coordinates"": [
    -83.258473471,
    42.38354433
  ],
  ""type"": ""Point""
}",-83.2584734709999,42.3835443300001
7837,1285695,MACKAY,EMERY,2018-01-31,31,1,2018,11,4,8,9,,,0,,4,1,1,,3,2,1,5,0,0,0,0,true,false,false,false,false,false,false,false,false,false,false,false,false,false,false,false,false,false,false,false,false,false,-83.07686,42.43526,"{
  ""coordinates"": [
    -8.307685490012641e+01,
    4.243526342561060e+01
  ],
  ""type"": ""Point""
}","{
  ""coordinates"": [
    -83.0768549,
    42.435263426
  ],
  ""type"": ""Point""
}",-83.0768548999999,42.4352634260001
7838,1285671,S M 39 SERVICE DRIVE,WARREN,2018-01-31,31,1,2018,12,4,8,9,,4,0,Asphalt,2,1,1,30,8,2,2,5,0,0,0,0,true,false,false,false,false,false,false,false,false,false,false,false,false,true,false,true,false,false,false,false,false,false,-83.21653,42.34326,"{
  ""coordinates"": [
    -8.321653310777920e+01,
    4.234325906982550e+01
  ],
  ""type"": ""Point""
}","{
  ""coordinates"": [
    -83.216533108,
    42.34325907
  ],
  ""type"": ""Point""
}",-83.216533108,42.34325907
7839,1285675,SHERIDAN,CHARLEVOIX,2018-01-31,31,1,2018,4,4,1,9,,,0,,4,5,5,25,2,1,0,5,0,0,0,0,true,false,false,false,false,false,false,false,false,false,false,true,false,false,false,false,false,false,false,false,false,false,-83.00844,42.36209,"{
  ""coordinates"": [
    -8.300843807113340e+01,
    4.236209516349030e+01
  ],
  ""type"": ""Point""
}","{
  ""coordinates"": [
    -83.008438071,
    42.362095163
  ],
  ""type"": ""Point""
}",-83.0084380709999,42.362095163
7840,1285680,BILTMORE,HESSEL,2018-01-31,31,1,2018,16,4,4,9,,,0,,2,2,1,25,2,2,2,5,0,0,0,0,true,false,false,false,false,false,false,false,false,false,true,false,false,true,false,false,false,false,false,false,false,false,-83.21253,42.44278,"{
  ""coordinates"": [
    -8.321253294970781e+01,
    4.244278498709480e+01
  ],
  ""type"": ""Point""
}","{
  ""coordinates"": [
    -83.21253295,
    42.442784987
  ],
  ""type"": ""Point""
}",-83.21253295,42.442784987
7841,1292146,E I 96 CD,RAMP 008V,2018-01-31,31,1,2018,14,4,5,1,,1,0,Concrete,2,1,1,55,1,2,3,4,0,0,0,1,false,false,false,false,false,false,false,false,false,false,false,false,false,false,false,false,false,false,false,false,false,false,-83.21318,42.37835,"{
  ""coordinates"": [
    -8.321318110374921e+01,
    4.237834576325110e+01
  ],
  ""type"": ""Point""
}","{
  ""coordinates"": [
    -83.213181104,
    42.378345763
  ],
  ""type"": ""Point""
}",-83.2131811039999,42.378345763
7842,1288248,MOROSS,I 94 SERVICE,2018-01-31,31,1,2018,20,4,4,9,,2,0,Asphalt,1,1,4,30,3,2,2,4,0,0,0,2,false,false,true,true,false,false,false,false,false,false,false,false,false,false,false,false,false,false,false,false,false,false,-82.928,42.42445,"{
  ""coordinates"": [
    -8.292800154684330e+01,
    4.242445176325820e+01
  ],
  ""type"": ""Point""
}","{
  ""coordinates"": [
    -82.928001547,
    42.424451763
  ],
  ""type"": ""Point""
}",-82.928001547,42.424451763