ObjectId,Crash ID,Primary Road,Intersecting Road,Crash Date,Day,Month,Year,Hour,Weekday,Crash Type Code,Highway Classification Code,Community Code,Jurisdiction Code,Lane Departure Type Code,Surface Type,Road Condition,Weather Condition,Lighting Condition,Speed Limit,Lanes,Units,Occupants,Most Severe Injury,Fatal Injuries,Suspected Serious Injuries,Suspected Minor Injuries,Possible Injuries,Property Damage Only,Secondary Crash,Traffic Control,Red Light Run,Hit and Run,Alcohol,Drugs,Unbelted Person,Work Zone,Speeding Driver,Distracted Driver,Driveway,Pedestrian,Elderly Driver,Young Driver,Commercial Vehicle,Emergency Vehicles,Train,School Bus,Motorcycle,Bicycle,Deer,Longitude,Latitude,geom,geog,x,y
7843,1285693,ROSA PARKS,OAKMAN,2018-01-31,31,1,2018,15,4,4,9,,4,0,Asphalt,2,2,1,30,8,2,2,5,0,0,0,0,true,false,false,false,false,false,false,false,false,false,false,false,false,false,true,false,false,false,false,false,false,false,-83.11667,42.40132,"{
  ""coordinates"": [
    -8.311666514245150e+01,
    4.240131666667820e+01
  ],
  ""type"": ""Point""
}","{
  ""coordinates"": [
    -83.116665142,
    42.401316667
  ],
  ""type"": ""Point""
}",-83.116665142,42.4013166670001
7844,1285694,ST LOUIS,OUTER,2018-01-31,31,1,2018,14,4,1,9,,,1,,4,1,1,25,1,1,2,5,0,0,0,0,true,false,false,false,false,false,false,false,false,false,false,false,false,false,false,false,false,false,false,false,false,false,-83.04047,42.44039,"{
  ""coordinates"": [
    -8.304046258733850e+01,
    4.244038609990280e+01
  ],
  ""type"": ""Point""
}","{
  ""coordinates"": [
    -83.040462587,
    42.4403861
  ],
  ""type"": ""Point""
}",-83.040462587,42.4403861000001
7845,1292148,S M 10,OAKMAN,2018-01-31,31,1,2018,8,4,5,3,,1,0,Concrete,3,2,1,55,3,2,2,5,0,0,0,0,true,false,false,false,false,false,false,false,false,false,false,false,false,false,false,false,false,false,false,false,false,false,-83.11598,42.40173,"{
  ""coordinates"": [
    -8.311598047706880e+01,
    4.240172411029840e+01
  ],
  ""type"": ""Point""
}","{
  ""coordinates"": [
    -83.115980477,
    42.40172411
  ],
  ""type"": ""Point""
}",-83.1159804769999,42.40172411
7846,1285667,CLARK,N I 75,2018-01-31,31,1,2018,10,4,4,7,,1,0,Concrete,2,2,1,30,4,2,1,5,0,0,0,0,true,false,true,true,true,false,false,false,false,false,false,false,false,false,false,false,false,false,false,false,false,false,-83.09093,42.31343,"{
  ""coordinates"": [
    -8.309092339332680e+01,
    4.231343338313660e+01
  ],
  ""type"": ""Point""
}","{
  ""coordinates"": [
    -83.090923393,
    42.313433383
  ],
  ""type"": ""Point""
}",-83.090923393,42.3134333830001
7847,1284563,KENTUCKEY,BELTON,2018-01-30,30,1,2018,14,3,5,9,,,0,,4,1,1,25,2,2,0,5,0,0,0,0,true,false,false,false,true,false,false,false,false,false,false,false,false,false,false,false,false,false,false,false,false,false,-83.15656,42.35552,"{
  ""coordinates"": [
    -8.315656129258480e+01,
    4.235551885584930e+01
  ],
  ""type"": ""Point""
}","{
  ""coordinates"": [
    -83.156561293,
    42.355518856
  ],
  ""type"": ""Point""
}",-83.156561293,42.3555188560001
7848,1286643,SCHAEFER,FULLERTON,2018-01-30,30,1,2018,17,3,97,9,,4,0,Asphalt,2,1,3,30,3,3,8,3,0,0,1,6,false,false,true,true,false,false,false,true,false,false,false,false,false,false,false,false,false,false,false,false,false,false,-83.17826,42.38024,"{
  ""coordinates"": [
    -8.317825995228171e+01,
    4.238023724528010e+01
  ],
  ""type"": ""Point""
}","{
  ""coordinates"": [
    -83.178259952,
    42.380237245
  ],
  ""type"": ""Point""
}",-83.178259952,42.380237245
7849,1283591,TROJAN,BERG,2018-01-30,30,1,2018,8,3,5,9,,,0,,3,1,1,25,2,2,2,5,0,0,0,0,true,false,false,false,false,false,false,false,false,false,false,false,false,false,false,false,false,false,false,false,false,false,-83.26825,42.43945,"{
  ""coordinates"": [
    -8.326824786538531e+01,
    4.243945490829800e+01
  ],
  ""type"": ""Point""
}","{
  ""coordinates"": [
    -83.268247865,
    42.439454908
  ],
  ""type"": ""Point""
}",-83.268247865,42.4394549080001
7850,1284686,PARKSIDE,CAMBRIDGE,2018-01-30,30,1,2018,10,3,4,9,,,0,,3,2,1,25,2,2,2,4,0,0,0,1,false,false,false,false,false,false,false,false,false,false,false,false,false,false,false,false,false,false,false,false,false,false,-83.13301,42.43411,"{
  ""coordinates"": [
    -8.313301246050550e+01,
    4.243411299750340e+01
  ],
  ""type"": ""Point""
}","{
  ""coordinates"": [
    -83.133012461,
    42.434112998
  ],
  ""type"": ""Point""
}",-83.133012461,42.434112998
7851,1298787,WESTEND,JEFFERSON,2018-01-30,30,1,2018,10,3,5,9,,,0,,3,2,1,,2,3,3,5,0,0,0,0,true,false,false,false,false,false,false,false,false,false,false,false,false,false,false,true,false,false,false,false,false,false,-83.11312,42.29186,"{
  ""coordinates"": [
    -8.311312022564201e+01,
    4.229185770450430e+01
  ],
  ""type"": ""Point""
}","{
  ""coordinates"": [
    -83.113120226,
    42.291857705
  ],
  ""type"": ""Point""
}",-83.113120226,42.291857705
7852,1284589,FISHER,JUNCTION,2018-01-30,30,1,2018,12,3,4,1,,1,0,Concrete,2,2,1,25,3,2,2,5,0,0,0,0,true,false,true,false,true,false,false,false,false,false,false,false,false,false,false,false,false,false,false,false,false,false,-83.09702,42.31112,"{
  ""coordinates"": [
    -8.309701223072580e+01,
    4.231111604871380e+01
  ],
  ""type"": ""Point""
}","{
  ""coordinates"": [
    -83.097012231,
    42.311116049
  ],
  ""type"": ""Point""
}",-83.097012231,42.3111160490001
7853,1292212,N M 10,LIVERNOIS,2018-01-30,30,1,2018,15,3,5,3,,1,0,Concrete,2,2,1,55,3,2,2,5,0,0,0,0,true,true,false,false,false,false,false,false,false,false,false,false,false,false,false,false,false,false,false,false,false,false,-83.14021,42.40496,"{
  ""coordinates"": [
    -8.314020659150650e+01,
    4.240495728431230e+01
  ],
  ""type"": ""Point""
}","{
  ""coordinates"": [
    -83.140206592,
    42.404957284
  ],
  ""type"": ""Point""
}",-83.140206592,42.404957284
7854,1288211,I94,ROSA,2018-01-30,30,1,2018,7,3,5,1,,1,0,Asphalt,1,1,4,55,3,2,2,5,0,0,0,0,true,false,false,false,false,false,false,false,false,false,false,false,false,false,false,false,false,false,false,false,false,false,-83.0817,42.3559,"{
  ""coordinates"": [
    -8.308169989714079e+01,
    4.235590169995220e+01
  ],
  ""type"": ""Point""
}","{
  ""coordinates"": [
    -83.081699897,
    42.3559017
  ],
  ""type"": ""Point""
}",-83.081699897,42.3559017000001
7855,1284645,7 MILE,KENTFIELD,2018-01-30,30,1,2018,11,3,4,9,,2,0,Asphalt,2,1,1,35,4,2,1,5,0,0,0,0,true,false,true,true,false,false,false,false,false,false,false,false,false,true,false,false,false,false,false,false,false,false,-83.24199,42.4295,"{
  ""coordinates"": [
    -8.324199022725040e+01,
    4.242949746389120e+01
  ],
  ""type"": ""Point""
}","{
  ""coordinates"": [
    -83.241990227,
    42.429497464
  ],
  ""type"": ""Point""
}",-83.241990227,42.4294974640001
7856,1291142,HOLMUR,PASADENA,2018-01-30,30,1,2018,15,3,4,9,,,0,,3,1,1,25,2,2,2,5,0,0,0,0,true,false,false,false,true,false,false,false,false,false,false,false,false,true,false,true,false,false,false,false,false,false,-83.13486,42.39116,"{
  ""coordinates"": [
    -8.313486453061370e+01,
    4.239116309807880e+01
  ],
  ""type"": ""Point""
}","{
  ""coordinates"": [
    -83.134864531,
    42.391163098
  ],
  ""type"": ""Point""
}",-83.1348645309999,42.391163098
7857,1284678,VAN DYKE,LYNCH,2018-01-30,30,1,2018,10,3,8,3,,1,0,Asphalt,1,1,1,35,4,2,1,5,0,0,0,0,true,false,false,false,false,false,false,false,false,false,false,false,false,false,false,true,false,false,false,false,false,false,-83.02316,42.40499,"{
  ""coordinates"": [
    -8.302315892870141e+01,
    4.240499680864120e+01
  ],
  ""type"": ""Point""
}","{
  ""coordinates"": [
    -83.023158929,
    42.404996809
  ],
  ""type"": ""Point""
}",-83.023158929,42.4049968090001
7858,1289775,ST JEAN,WARREN1,2018-01-30,30,1,2018,3,3,8,9,,,0,,4,5,4,,3,2,2,5,0,0,0,0,true,false,false,false,false,false,false,false,false,false,false,false,false,false,false,false,false,false,false,false,false,false,-82.98373,42.38708,"{
  ""coordinates"": [
    -8.298372713890150e+01,
    4.238708172514770e+01
  ],
  ""type"": ""Point""
}","{
  ""coordinates"": [
    -82.983727139,
    42.387081725
  ],
  ""type"": ""Point""
}",-82.9837271389999,42.387081725
7859,1286629,RAMP 213I,W I 94,2018-01-30,30,1,2018,16,3,5,1,,1,0,Concrete,1,2,1,70,2,2,2,5,0,0,0,0,true,false,false,false,false,false,false,false,false,true,false,false,false,false,false,true,false,false,false,false,false,false,-83.09861,42.35033,"{
  ""coordinates"": [
    -8.309860700477790e+01,
    4.235033283133590e+01
  ],
  ""type"": ""Point""
}","{
  ""coordinates"": [
    -83.098607005,
    42.350332831
  ],
  ""type"": ""Point""
}",-83.098607005,42.3503328310001
7860,1284605,OUTER,WARREN,2018-01-30,30,1,2018,8,3,3,9,,2,0,Asphalt,2,1,1,35,2,2,2,5,0,0,0,0,true,false,false,false,false,false,false,false,false,false,false,false,false,false,false,false,false,false,false,false,false,false,-83.25217,42.34207,"{
  ""coordinates"": [
    -8.325217262944520e+01,
    4.234206727851780e+01
  ],
  ""type"": ""Point""
}","{
  ""coordinates"": [
    -83.252172629,
    42.342067279
  ],
  ""type"": ""Point""
}",-83.252172629,42.342067279
7861,1284505,W I 96,MEYERS,2018-01-30,30,1,2018,16,3,1,1,,1,1,Concrete,1,2,1,55,3,1,1,5,0,0,0,0,true,false,false,false,false,false,false,false,false,false,false,false,false,true,false,false,false,false,false,false,false,false,-83.16803,42.38534,"{
  ""coordinates"": [
    -8.316803259377021e+01,
    4.238534280623950e+01
  ],
  ""type"": ""Point""
}","{
  ""coordinates"": [
    -83.168032594,
    42.385342806
  ],
  ""type"": ""Point""
}",-83.168032594,42.385342806
7862,1284622,DICKERSON,WARREN,2018-01-30,30,1,2018,8,3,5,9,,4,0,Asphalt,4,5,1,,4,2,2,5,0,0,0,0,true,false,false,false,true,false,false,false,false,false,false,false,false,false,false,false,false,false,false,false,false,false,-82.96715,42.39259,"{
  ""coordinates"": [
    -8.296714761570411e+01,
    4.239259036879210e+01
  ],
  ""type"": ""Point""
}","{
  ""coordinates"": [
    -82.967147616,
    42.392590369
  ],
  ""type"": ""Point""
}",-82.967147616,42.3925903690001
7863,1291116,W I 94,RAMP 216I,2018-01-30,30,1,2018,15,3,8,1,,1,0,Concrete,1,1,1,70,4,2,2,5,0,0,0,0,true,false,false,false,true,false,false,false,false,false,false,false,false,false,false,true,false,false,false,false,false,false,-83.0606,42.36777,"{
  ""coordinates"": [
    -8.306059653928450e+01,
    4.236776996295300e+01
  ],
  ""type"": ""Point""
}","{
  ""coordinates"": [
    -83.060596539,
    42.367769963
  ],
  ""type"": ""Point""
}",-83.060596539,42.3677699630001
7864,1284642,JOHN C LODGE SD,8 MILE,2018-01-30,30,1,2018,13,3,8,3,,1,0,Concrete,4,5,1,35,3,2,2,5,0,0,0,0,true,true,false,false,false,false,false,false,false,false,false,false,false,false,false,false,false,false,false,false,false,false,-83.20226,42.44392,"{
  ""coordinates"": [
    -8.320225449819699e+01,
    4.244391511236860e+01
  ],
  ""type"": ""Point""
}","{
  ""coordinates"": [
    -83.202254498,
    42.443915112
  ],
  ""type"": ""Point""
}",-83.2022544979999,42.4439151120001
7865,1288204,I-75,MICHIGAN,2018-01-30,30,1,2018,15,3,1,1,,1,1,Asphalt,1,1,1,55,3,1,1,5,0,0,0,0,true,false,false,false,false,false,false,false,false,true,true,false,false,false,false,false,false,false,false,false,false,false,-83.08565,42.33028,"{
  ""coordinates"": [
    -8.308564704813250e+01,
    4.233028122564330e+01
  ],
  ""type"": ""Point""
}","{
  ""coordinates"": [
    -83.085647048,
    42.330281226
  ],
  ""type"": ""Point""
}",-83.0856470479999,42.3302812260001
7866,1286645,3RD,GRAND,2018-01-30,30,1,2018,8,3,8,9,,4,0,Asphalt,1,1,1,30,2,2,2,5,0,0,0,0,true,false,false,false,false,false,false,false,false,false,false,false,false,false,false,false,false,false,false,false,false,false,-83.07738,42.36559,"{
  ""coordinates"": [
    -8.307738410793800e+01,
    4.236558985655750e+01
  ],
  ""type"": ""Point""
}","{
  ""coordinates"": [
    -83.077384108,
    42.365589857
  ],
  ""type"": ""Point""
}",-83.077384108,42.365589857
7867,1284687,CURTIS,CHERRYLAWN,2018-01-30,30,1,2018,1,3,2,9,,4,0,Asphalt,4,1,4,,2,2,1,5,0,0,0,0,true,false,false,false,true,false,false,false,false,true,false,false,false,false,false,false,false,false,false,false,false,false,-83.15502,42.42424,"{
  ""coordinates"": [
    -8.315502255204490e+01,
    4.242424272727660e+01
  ],
  ""type"": ""Point""
}","{
  ""coordinates"": [
    -83.155022552,
    42.424242727
  ],
  ""type"": ""Point""
}",-83.1550225519999,42.424242727
7868,1289766,GRAND RIVER,BROADWAY,2018-01-30,30,1,2018,7,3,4,9,,4,0,Asphalt,1,1,4,25,4,2,3,4,0,0,0,2,false,false,true,true,false,false,false,false,false,false,false,false,false,false,false,false,false,false,false,false,false,false,-83.04703,42.33538,"{
  ""coordinates"": [
    -8.304702886239519e+01,
    4.233537767708260e+01
  ],
  ""type"": ""Point""
}","{
  ""coordinates"": [
    -83.047028862,
    42.335377677
  ],
  ""type"": ""Point""
}",-83.047028862,42.3353776770001
7869,1304279,N I 75,RAMP 049B,2018-01-30,30,1,2018,9,3,98,1,,1,0,Asphalt,1,2,1,70,4,2,2,5,0,0,0,0,true,false,false,false,false,false,false,false,false,false,false,false,false,false,false,true,false,false,false,false,false,false,-83.0948,42.43603,"{
  ""coordinates"": [
    -8.309479865167120e+01,
    4.243603125190940e+01
  ],
  ""type"": ""Point""
}","{
  ""coordinates"": [
    -83.094798652,
    42.436031252
  ],
  ""type"": ""Point""
}",-83.094798652,42.4360312520001
7870,1293485,ST.JEAN,CANFIELD,2018-01-30,30,1,2018,3,3,4,9,,,0,,1,1,4,,4,2,2,5,0,0,0,0,true,false,false,false,true,false,false,false,false,false,false,false,false,false,false,false,false,false,false,false,false,false,-82.98117,42.38319,"{
  ""coordinates"": [
    -8.298117139390500e+01,
    4.238318484868270e+01
  ],
  ""type"": ""Point""
}","{
  ""coordinates"": [
    -82.981171394,
    42.383184849
  ],
  ""type"": ""Point""
}",-82.9811713939999,42.383184849
7871,1294524,I-75,CLAY,2018-01-30,30,1,2018,20,3,1,1,,1,1,Asphalt,3,1,1,70,4,1,2,5,0,0,0,0,true,false,false,false,false,false,false,false,false,true,false,false,false,false,false,false,false,false,false,false,false,false,-83.06026,42.37439,"{
  ""coordinates"": [
    -8.306026437002870e+01,
    4.237439325720630e+01
  ],
  ""type"": ""Point""
}","{
  ""coordinates"": [
    -83.06026437,
    42.374393257
  ],
  ""type"": ""Point""
}",-83.06026437,42.3743932570001
7872,1288166,I 75,DAVISON,2018-01-30,30,1,2018,20,3,1,1,,1,1,Concrete,1,1,4,70,4,1,2,5,0,0,0,0,true,false,false,false,false,false,false,false,false,true,false,false,false,false,true,false,false,false,false,false,false,false,-83.07909,42.4085,"{
  ""coordinates"": [
    -8.307908454046800e+01,
    4.240849806190030e+01
  ],
  ""type"": ""Point""
}","{
  ""coordinates"": [
    -83.07908454,
    42.408498062
  ],
  ""type"": ""Point""
}",-83.0790845399999,42.408498062
7873,1288202,I-94,MT ELLIOTT,2018-01-30,30,1,2018,13,3,8,1,,1,0,Asphalt,1,1,1,55,3,2,2,5,0,0,0,0,true,false,false,false,true,false,false,false,false,false,false,false,false,false,false,false,false,false,false,false,false,false,-83.03532,42.37834,"{
  ""coordinates"": [
    -8.303532486405460e+01,
    4.237834350833860e+01
  ],
  ""type"": ""Point""
}","{
  ""coordinates"": [
    -83.035324864,
    42.378343508
  ],
  ""type"": ""Point""
}",-83.035324864,42.3783435080001
7874,1293543,MACK,BRUSH,2018-01-30,30,1,2018,17,3,5,9,,4,0,Asphalt,2,1,1,30,2,2,2,5,0,0,0,0,true,false,false,false,false,false,false,false,false,false,false,false,false,false,false,false,false,false,false,false,false,false,-83.0537,42.34937,"{
  ""coordinates"": [
    -8.305369525032791e+01,
    4.234936361603560e+01
  ],
  ""type"": ""Point""
}","{
  ""coordinates"": [
    -83.05369525,
    42.349363616
  ],
  ""type"": ""Point""
}",-83.05369525,42.3493636160001
7875,1284670,7 MILE,DEQUINDRE,2018-01-30,30,1,2018,12,3,8,9,,4,0,Asphalt,4,5,1,35,4,2,2,5,0,0,0,0,true,false,false,false,true,false,false,false,false,false,false,false,false,false,false,false,false,false,false,false,false,false,-83.08289,42.4329,"{
  ""coordinates"": [
    -8.308289443428980e+01,
    4.243290145699290e+01
  ],
  ""type"": ""Point""
}","{
  ""coordinates"": [
    -83.082894434,
    42.432901457
  ],
  ""type"": ""Point""
}",-83.082894434,42.4329014570001
7876,1298825,N I 75 SERVICE DRIVE,WINCHESTER,2018-01-30,30,1,2018,5,3,6,1,,1,0,Asphalt,4,5,4,35,2,2,2,2,0,1,0,0,false,false,false,false,false,false,false,false,false,true,false,false,false,false,false,true,false,false,false,false,false,false,-83.09431,42.44442,"{
  ""coordinates"": [
    -8.309431704621770e+01,
    4.244442001805470e+01
  ],
  ""type"": ""Point""
}","{
  ""coordinates"": [
    -83.094317046,
    42.444420018
  ],
  ""type"": ""Point""
}",-83.094317046,42.4444200180001
7877,1288260,GREENFIELD,PLYMOUTH,2018-01-30,30,1,2018,17,3,4,9,,2,0,Asphalt,2,1,4,35,7,2,7,5,0,0,0,0,true,false,false,false,false,false,false,false,false,false,false,true,false,false,false,false,false,false,false,false,false,false,-83.19758,42.37303,"{
  ""coordinates"": [
    -8.319757936200971e+01,
    4.237303115910290e+01
  ],
  ""type"": ""Point""
}","{
  ""coordinates"": [
    -83.197579362,
    42.373031159
  ],
  ""type"": ""Point""
}",-83.1975793619999,42.373031159
7878,1301081,N M 10,RAMP 119C,2018-01-30,30,1,2018,9,3,5,3,,1,0,Concrete,3,1,1,30,2,2,3,5,0,0,0,0,true,false,false,false,false,false,false,false,false,false,false,false,false,false,false,true,false,false,false,false,false,false,-83.07095,42.34959,"{
  ""coordinates"": [
    -8.307094555664870e+01,
    4.234958729113920e+01
  ],
  ""type"": ""Point""
}","{
  ""coordinates"": [
    -83.070945557,
    42.349587291
  ],
  ""type"": ""Point""
}",-83.070945557,42.349587291
7879,1307217,WARREN,SAINT ANTOINE,2018-01-30,30,1,2018,16,3,5,9,,4,0,Asphalt,2,2,1,30,4,2,3,5,0,0,0,0,true,false,false,false,false,false,false,false,false,false,false,false,false,false,false,false,false,false,false,false,false,false,-83.05711,42.35978,"{
  ""coordinates"": [
    -8.305711614782930e+01,
    4.235978472313340e+01
  ],
  ""type"": ""Point""
}","{
  ""coordinates"": [
    -83.057116148,
    42.359784723
  ],
  ""type"": ""Point""
}",-83.057116148,42.3597847230001
7880,1304318,WARREN,FRENCH,2018-01-30,30,1,2018,13,3,9,9,,4,0,Asphalt,6,5,1,35,5,2,2,5,0,0,0,0,true,false,false,false,false,false,false,false,false,false,false,false,false,false,false,false,false,false,false,false,false,false,-82.9906,42.38477,"{
  ""coordinates"": [
    -8.299059833945580e+01,
    4.238476478725210e+01
  ],
  ""type"": ""Point""
}","{
  ""coordinates"": [
    -82.990598339,
    42.384764787
  ],
  ""type"": ""Point""
}",-82.990598339,42.3847647870001
7881,1288191,N/B I 75,MICHIGAN,2018-01-30,30,1,2018,14,3,1,1,,1,1,Concrete,3,2,1,55,3,1,1,2,0,1,0,0,false,false,false,false,false,false,false,false,false,true,false,false,false,false,false,false,false,false,false,false,false,false,-83.08288,42.33216,"{
  ""coordinates"": [
    -8.308287806336810e+01,
    4.233215664923240e+01
  ],
  ""type"": ""Point""
}","{
  ""coordinates"": [
    -83.082878063,
    42.332156649
  ],
  ""type"": ""Point""
}",-83.082878063,42.3321566490001
7882,1610476,ASHTON,FENKELL,2018-01-30,30,1,2018,16,3,4,3,,,0,,1,1,1,25,2,2,2,5,0,0,0,0,true,false,false,false,false,false,false,false,false,false,false,false,false,false,false,false,false,false,false,false,false,false,-83.21931,42.40107,"{
  ""coordinates"": [
    -8.321930605000369e+01,
    4.240106435507910e+01
  ],
  ""type"": ""Point""
}","{
  ""coordinates"": [
    -83.21930605,
    42.401064355
  ],
  ""type"": ""Point""
}",-83.2193060499999,42.4010643550001
7883,1303439,LARNED,N I 375 SERVICE DRIVE,2018-01-30,30,1,2018,16,3,5,9,,4,0,Concrete,4,5,1,30,5,2,2,5,0,0,0,0,true,false,false,false,false,false,false,false,false,false,false,false,false,false,false,false,false,false,false,false,false,false,-83.03608,42.33356,"{
  ""coordinates"": [
    -8.303607938192050e+01,
    4.233356502437800e+01
  ],
  ""type"": ""Point""
}","{
  ""coordinates"": [
    -83.036079382,
    42.333565024
  ],
  ""type"": ""Point""
}",-83.036079382,42.3335650240001
7884,1288181,E M 8,S M 10,2018-01-30,30,1,2018,22,3,8,3,,1,0,Concrete,1,2,5,55,3,2,2,5,0,0,0,0,true,false,false,false,false,false,false,false,false,false,false,false,false,false,false,false,true,false,false,false,false,false,-83.11065,42.39778,"{
  ""coordinates"": [
    -8.311064634311040e+01,
    4.239777766956200e+01
  ],
  ""type"": ""Point""
}","{
  ""coordinates"": [
    -83.110646343,
    42.39777767
  ],
  ""type"": ""Point""
}",-83.110646343,42.39777767
7885,1327858,M-10,I-94,2018-01-30,30,1,2018,15,3,5,3,,1,0,Concrete,1,2,1,70,3,2,1,5,0,0,0,0,true,false,false,false,true,false,false,false,false,false,false,false,false,false,false,false,false,false,false,false,false,false,-83.07441,42.35566,"{
  ""coordinates"": [
    -8.307440917993920e+01,
    4.235565830492090e+01
  ],
  ""type"": ""Point""
}","{
  ""coordinates"": [
    -83.07440918,
    42.355658305
  ],
  ""type"": ""Point""
}",-83.07440918,42.3556583050001
7886,1288198,I-94,I-96,2018-01-30,30,1,2018,8,3,5,1,,1,0,Asphalt,1,1,1,55,3,2,4,5,0,0,0,0,true,false,false,false,true,false,false,false,false,false,true,false,false,false,false,false,false,false,false,false,false,false,-83.09727,42.35081,"{
  ""coordinates"": [
    -8.309727722529441e+01,
    4.235081076878750e+01
  ],
  ""type"": ""Point""
}","{
  ""coordinates"": [
    -83.097277225,
    42.350810769
  ],
  ""type"": ""Point""
}",-83.097277225,42.3508107690001
7887,1284543,I-375,JEFFERSON,2018-01-30,30,1,2018,13,3,1,1,,1,1,Asphalt,1,1,1,55,2,1,1,5,0,0,0,0,true,false,false,false,false,false,false,false,false,false,false,false,false,false,false,false,false,false,false,false,false,false,-83.03648,42.33201,"{
  ""coordinates"": [
    -8.303647666851209e+01,
    4.233200891405930e+01
  ],
  ""type"": ""Point""
}","{
  ""coordinates"": [
    -83.036476669,
    42.332008914
  ],
  ""type"": ""Point""
}",-83.036476669,42.332008914
7888,1284659,LIVERNOIS,DAVISON,2018-01-30,30,1,2018,16,3,98,9,,4,0,Asphalt,1,1,1,35,4,2,2,4,0,0,0,1,false,false,false,false,false,false,false,false,false,false,false,false,false,false,true,false,false,false,false,false,false,false,-83.1394,42.38597,"{
  ""coordinates"": [
    -8.313939779863411e+01,
    4.238596796890280e+01
  ],
  ""type"": ""Point""
}","{
  ""coordinates"": [
    -83.139397799,
    42.385967969
  ],
  ""type"": ""Point""
}",-83.1393977989999,42.385967969
7889,1286673,CHALMERS,HARPER,2018-01-30,30,1,2018,8,3,5,9,,4,0,Asphalt,1,2,1,35,3,2,3,5,0,0,0,0,true,false,false,false,false,false,false,false,false,false,false,false,false,false,false,false,false,false,false,false,false,false,-82.96459,42.40466,"{
  ""coordinates"": [
    -8.296458883554780e+01,
    4.240466323699020e+01
  ],
  ""type"": ""Point""
}","{
  ""coordinates"": [
    -82.964588836,
    42.404663237
  ],
  ""type"": ""Point""
}",-82.964588836,42.4046632370001
7890,1288200,I-94,WOODWARD,2018-01-30,30,1,2018,11,3,5,1,,1,0,Asphalt,1,1,1,55,3,2,2,4,0,0,0,1,false,false,false,false,false,false,false,false,false,false,true,false,false,false,false,false,false,false,false,false,false,false,-83.07052,42.36292,"{
  ""coordinates"": [
    -8.307051861930989e+01,
    4.236291521141990e+01
  ],
  ""type"": ""Point""
}","{
  ""coordinates"": [
    -83.070518619,
    42.362915211
  ],
  ""type"": ""Point""
}",-83.070518619,42.362915211
7891,1284559,LARNED,CHRYSLER,2018-01-30,30,1,2018,16,3,5,9,,4,0,Asphalt,4,5,1,30,5,2,2,5,0,0,0,0,true,false,false,false,false,false,false,false,false,false,false,false,false,false,false,false,false,false,false,false,false,false,-83.03593,42.33363,"{
  ""coordinates"": [
    -8.303593219707770e+01,
    4.233362506090370e+01
  ],
  ""type"": ""Point""
}","{
  ""coordinates"": [
    -83.035932197,
    42.333625061
  ],
  ""type"": ""Point""
}",-83.035932197,42.3336250610001
7892,1284579,CHRYSLER,HINDLE,2018-01-30,30,1,2018,14,3,1,9,,4,1,Asphalt,3,2,1,30,2,1,1,5,0,0,0,0,true,false,false,false,false,false,false,false,false,false,false,false,false,false,false,false,false,false,false,false,false,false,-83.0703,42.39058,"{
  ""coordinates"": [
    -8.307029768058730e+01,
    4.239057436186620e+01
  ],
  ""type"": ""Point""
}","{
  ""coordinates"": [
    -83.070297681,
    42.390574362
  ],
  ""type"": ""Point""
}",-83.0702976809999,42.3905743620001
7893,1284653,DICKERSON,FLANDERS,2018-01-30,30,1,2018,15,3,5,9,,4,0,Asphalt,6,2,1,30,2,2,3,4,0,0,0,3,false,false,false,false,true,false,false,false,false,false,false,false,false,false,false,false,false,false,false,false,false,false,-82.98215,42.41652,"{
  ""coordinates"": [
    -8.298215852674539e+01,
    4.241652100841000e+01
  ],
  ""type"": ""Point""
}","{
  ""coordinates"": [
    -82.982158527,
    42.416521008
  ],
  ""type"": ""Point""
}",-82.982158527,42.4165210080001
7894,1288201,I-94,I-75,2018-01-30,30,1,2018,12,3,5,1,,1,0,Concrete,1,1,1,55,3,2,3,4,0,0,0,1,false,false,false,false,false,false,false,false,false,false,true,false,false,false,false,false,false,false,false,false,false,false,-83.05653,42.36966,"{
  ""coordinates"": [
    -8.305652648056950e+01,
    4.236965567002360e+01
  ],
  ""type"": ""Point""
}","{
  ""coordinates"": [
    -83.056526481,
    42.36965567
  ],
  ""type"": ""Point""
}",-83.0565264809999,42.36965567
7895,1284591,JEFFERSON,END,2018-01-30,30,1,2018,7,3,5,3,,1,0,Concrete,3,5,1,35,1,2,2,5,0,0,0,0,true,false,false,false,false,false,false,false,false,false,false,false,false,false,false,false,false,false,false,false,false,false,-83.10617,42.39346,"{
  ""coordinates"": [
    -8.310617122532180e+01,
    4.239346304139270e+01
  ],
  ""type"": ""Point""
}","{
  ""coordinates"": [
    -83.106171225,
    42.393463041
  ],
  ""type"": ""Point""
}",-83.106171225,42.3934630410001
7896,1284541,I-94,I-96,2018-01-30,30,1,2018,8,3,5,1,,1,0,Asphalt,1,1,1,55,3,2,2,5,0,0,0,0,true,false,false,false,false,false,false,false,false,false,false,false,false,false,false,false,false,false,false,false,false,false,-83.09874,42.35022,"{
  ""coordinates"": [
    -8.309874264404090e+01,
    4.235021449469690e+01
  ],
  ""type"": ""Point""
}","{
  ""coordinates"": [
    -83.098742644,
    42.350214495
  ],
  ""type"": ""Point""
}",-83.098742644,42.350214495
7897,1284553,LARNED,N I 375,2018-01-30,30,1,2018,17,3,5,9,,4,0,Concrete,4,1,1,35,2,2,3,5,0,0,0,0,true,false,false,false,true,false,false,false,false,false,false,false,false,false,false,false,false,false,false,false,false,false,-83.03626,42.3333,"{
  ""coordinates"": [
    -8.303626407829400e+01,
    4.233330176943950e+01
  ],
  ""type"": ""Point""
}","{
  ""coordinates"": [
    -83.036264078,
    42.333301769
  ],
  ""type"": ""Point""
}",-83.036264078,42.3333017690001