ObjectId,Crash ID,Primary Road,Intersecting Road,Crash Date,Day,Month,Year,Hour,Weekday,Crash Type Code,Highway Classification Code,Community Code,Jurisdiction Code,Lane Departure Type Code,Surface Type,Road Condition,Weather Condition,Lighting Condition,Speed Limit,Lanes,Units,Occupants,Most Severe Injury,Fatal Injuries,Suspected Serious Injuries,Suspected Minor Injuries,Possible Injuries,Property Damage Only,Secondary Crash,Traffic Control,Red Light Run,Hit and Run,Alcohol,Drugs,Unbelted Person,Work Zone,Speeding Driver,Distracted Driver,Driveway,Pedestrian,Elderly Driver,Young Driver,Commercial Vehicle,Emergency Vehicles,Train,School Bus,Motorcycle,Bicycle,Deer,Longitude,Latitude,geom,geog,x,y
7898,1286614,M-39,GRANDRIVER,2018-01-30,30,1,2018,9,3,5,3,,1,0,Asphalt,2,2,1,55,3,2,2,4,0,0,0,1,false,false,false,false,false,false,false,false,false,false,true,false,false,false,false,false,false,false,false,false,false,false,-83.21838,42.40019,"{
  ""coordinates"": [
    -8.321837871492110e+01,
    4.240018955355050e+01
  ],
  ""type"": ""Point""
}","{
  ""coordinates"": [
    -83.218378715,
    42.400189554
  ],
  ""type"": ""Point""
}",-83.218378715,42.4001895540001
7899,1284683,LIVERNOIS,PURITAN,2018-01-30,30,1,2018,13,3,5,9,,4,0,Asphalt,1,2,1,30,6,2,3,5,0,0,0,0,true,false,false,false,false,false,false,false,false,false,false,false,false,false,false,false,false,false,false,false,false,false,-83.14069,42.41006,"{
  ""coordinates"": [
    -8.314068360724850e+01,
    4.241006571297040e+01
  ],
  ""type"": ""Point""
}","{
  ""coordinates"": [
    -83.140683607,
    42.410065713
  ],
  ""type"": ""Point""
}",-83.140683607,42.4100657130001
7900,1284669,BRIMSON,GABLE,2018-01-30,30,1,2018,9,3,8,9,,,3,,4,5,1,,2,2,0,5,0,0,0,0,true,false,false,false,true,false,false,false,false,false,false,false,false,false,false,false,false,false,false,false,false,false,-83.04209,42.42163,"{
  ""coordinates"": [
    -8.304209212778430e+01,
    4.242162613720150e+01
  ],
  ""type"": ""Point""
}","{
  ""coordinates"": [
    -83.042092128,
    42.421626137
  ],
  ""type"": ""Point""
}",-83.042092128,42.421626137
7901,1286644,N I 75,W I 94,2018-01-30,30,1,2018,13,3,5,1,,1,0,Asphalt,1,1,1,55,4,2,3,5,0,0,0,0,true,false,false,false,false,false,false,false,false,false,false,false,false,false,false,false,false,false,false,false,false,false,-83.05804,42.36877,"{
  ""coordinates"": [
    -8.305804307298510e+01,
    4.236877360573880e+01
  ],
  ""type"": ""Point""
}","{
  ""coordinates"": [
    -83.058043073,
    42.368773606
  ],
  ""type"": ""Point""
}",-83.058043073,42.368773606
7902,1284644,WARWICK,GAINSBOROUGH,2018-01-30,30,1,2018,11,3,8,9,,,0,,3,1,1,25,2,2,1,5,0,0,0,0,true,false,false,false,false,false,false,false,false,false,false,false,false,false,true,true,false,false,false,false,false,false,-83.22843,42.4066,"{
  ""coordinates"": [
    -8.322842886629439e+01,
    4.240660001953710e+01
  ],
  ""type"": ""Point""
}","{
  ""coordinates"": [
    -83.228428866,
    42.40660002
  ],
  ""type"": ""Point""
}",-83.2284288659999,42.40660002
7903,1284688,7 MILE,MEYERS,2018-01-30,30,1,2018,16,3,5,9,,2,0,Asphalt,1,1,1,30,5,2,2,4,0,0,0,1,false,false,false,false,false,false,false,false,false,false,false,true,false,false,false,false,false,false,false,false,false,false,-83.16994,42.43126,"{
  ""coordinates"": [
    -8.316994512485070e+01,
    4.243125352010780e+01
  ],
  ""type"": ""Point""
}","{
  ""coordinates"": [
    -83.169945125,
    42.43125352
  ],
  ""type"": ""Point""
}",-83.169945125,42.43125352
7904,1284568,BRUSH,MILWAUKEE,2018-01-30,30,1,2018,8,3,5,9,,4,0,Asphalt,3,1,1,30,4,2,2,5,0,0,0,0,true,false,false,false,false,false,false,false,false,false,false,false,false,false,false,false,false,false,false,false,false,false,-83.06789,42.37079,"{
  ""coordinates"": [
    -8.306788924877870e+01,
    4.237079315817830e+01
  ],
  ""type"": ""Point""
}","{
  ""coordinates"": [
    -83.067889249,
    42.370793158
  ],
  ""type"": ""Point""
}",-83.067889249,42.370793158
7905,1286678,CHARLES,FENELON,2018-01-30,30,1,2018,6,3,5,9,,4,0,Asphalt,3,1,4,35,2,4,7,4,0,0,0,2,false,false,false,false,false,false,false,false,false,false,false,false,true,true,false,false,false,false,false,false,false,false,-83.05251,42.41166,"{
  ""coordinates"": [
    -8.305250482886080e+01,
    4.241165825767340e+01
  ],
  ""type"": ""Point""
}","{
  ""coordinates"": [
    -83.052504829,
    42.411658258
  ],
  ""type"": ""Point""
}",-83.052504829,42.411658258
7906,1284654,CHANDLER PARK,CADIEUX,2018-01-30,30,1,2018,7,3,5,9,,2,0,Asphalt,4,1,1,30,3,2,7,5,0,0,0,0,true,false,false,false,false,false,false,false,false,false,false,false,false,false,false,false,false,false,false,false,false,false,-82.93301,42.41092,"{
  ""coordinates"": [
    -8.293300478037560e+01,
    4.241092435972690e+01
  ],
  ""type"": ""Point""
}","{
  ""coordinates"": [
    -82.93300478,
    42.41092436
  ],
  ""type"": ""Point""
}",-82.93300478,42.4109243600001
7907,1284588,N I 75 SERVICE DRIVE,GREEN,2018-01-30,30,1,2018,8,3,1,9,,4,0,Asphalt,3,1,1,,1,1,1,5,0,0,0,0,true,false,false,false,false,false,false,false,false,false,false,false,false,false,false,false,false,false,false,false,false,false,-83.11361,42.30317,"{
  ""coordinates"": [
    -8.311361044340440e+01,
    4.230316854809870e+01
  ],
  ""type"": ""Point""
}","{
  ""coordinates"": [
    -83.113610443,
    42.303168548
  ],
  ""type"": ""Point""
}",-83.113610443,42.303168548
7908,1284564,FLORENCE,TRACEY,2018-01-30,30,1,2018,16,3,4,9,,,0,,3,1,1,25,4,2,2,5,0,0,0,0,true,false,false,false,false,false,false,false,false,false,true,false,false,false,false,false,false,false,false,false,false,false,-83.18072,42.41177,"{
  ""coordinates"": [
    -8.318071417464070e+01,
    4.241176428296400e+01
  ],
  ""type"": ""Point""
}","{
  ""coordinates"": [
    -83.180714175,
    42.411764283
  ],
  ""type"": ""Point""
}",-83.1807141749999,42.411764283
7909,1283575,BELLEVUE,KERCHEVAL,2018-01-30,30,1,2018,7,3,4,9,,,0,,3,5,1,25,2,2,4,5,0,0,0,0,true,false,false,false,false,false,false,true,false,false,false,false,false,false,false,true,false,false,true,false,false,false,-83.01195,42.35397,"{
  ""coordinates"": [
    -8.301195081180190e+01,
    4.235397351629100e+01
  ],
  ""type"": ""Point""
}","{
  ""coordinates"": [
    -83.011950812,
    42.353973516
  ],
  ""type"": ""Point""
}",-83.011950812,42.3539735160001
7910,1284628,PLYMOUTH,BURT,2018-01-30,30,1,2018,1,3,5,9,,4,0,Asphalt,4,5,4,35,7,2,3,4,0,0,0,3,false,false,false,false,false,false,false,false,false,false,false,false,false,false,false,false,false,false,false,false,false,false,-83.24629,42.37183,"{
  ""coordinates"": [
    -8.324629153250130e+01,
    4.237182781184000e+01
  ],
  ""type"": ""Point""
}","{
  ""coordinates"": [
    -83.246291533,
    42.371827812
  ],
  ""type"": ""Point""
}",-83.246291533,42.371827812
7911,1284633,MACK,ELLERY,2018-01-30,30,1,2018,15,3,97,9,,4,0,Asphalt,2,2,1,30,2,2,1,5,0,0,0,0,true,false,false,false,false,false,false,false,false,false,false,false,false,false,false,false,false,false,false,false,false,false,-83.02451,42.36024,"{
  ""coordinates"": [
    -8.302451190997409e+01,
    4.236023770186620e+01
  ],
  ""type"": ""Point""
}","{
  ""coordinates"": [
    -83.02451191,
    42.360237702
  ],
  ""type"": ""Point""
}",-83.0245119099999,42.3602377020001
7912,1284565,MCNICHOLS,HUBBELL,2018-01-30,30,1,2018,17,3,4,9,,2,0,Asphalt,1,1,4,35,4,2,1,3,0,0,1,0,false,false,false,false,true,false,false,false,false,false,false,false,false,false,false,false,false,false,false,false,false,false,-83.18955,42.41646,"{
  ""coordinates"": [
    -8.318955500818090e+01,
    4.241645917406950e+01
  ],
  ""type"": ""Point""
}","{
  ""coordinates"": [
    -83.189555008,
    42.416459174
  ],
  ""type"": ""Point""
}",-83.189555008,42.4164591740001
7913,1284675,SCHOENHERR,7 MILE,2018-01-30,30,1,2018,8,3,1,9,,4,0,Asphalt,3,1,1,35,2,1,1,5,0,0,0,0,true,false,false,false,false,false,false,false,false,false,false,false,false,false,false,false,false,false,false,false,false,false,-82.98512,42.43492,"{
  ""coordinates"": [
    -8.298512519275640e+01,
    4.243491703816040e+01
  ],
  ""type"": ""Point""
}","{
  ""coordinates"": [
    -82.985125193,
    42.434917038
  ],
  ""type"": ""Point""
}",-82.985125193,42.434917038
7914,1285679,MCNICHOLS,GRANDRIVER,2018-01-30,30,1,2018,17,3,8,3,,2,0,Asphalt,1,1,1,35,2,2,2,5,0,0,0,0,true,false,false,false,false,false,false,false,false,false,false,false,false,true,false,false,false,false,false,false,false,false,-83.25354,42.41481,"{
  ""coordinates"": [
    -8.325353638863250e+01,
    4.241481004072580e+01
  ],
  ""type"": ""Point""
}","{
  ""coordinates"": [
    -83.253536389,
    42.414810041
  ],
  ""type"": ""Point""
}",-83.253536389,42.4148100410001
7915,1286609,I-94,VAN DYKE,2018-01-30,30,1,2018,9,3,5,1,,1,0,Asphalt,2,2,1,55,3,3,3,5,0,0,0,0,true,false,false,false,false,false,false,false,false,false,false,false,false,true,false,false,false,false,false,false,false,false,-83.01998,42.38634,"{
  ""coordinates"": [
    -8.301997895313910e+01,
    4.238634566191810e+01
  ],
  ""type"": ""Point""
}","{
  ""coordinates"": [
    -83.019978953,
    42.386345662
  ],
  ""type"": ""Point""
}",-83.019978953,42.3863456620001
7916,1284635,I 94,I 75,2018-01-30,30,1,2018,12,3,8,1,,1,0,Concrete,1,2,1,55,4,2,2,5,0,0,0,0,true,false,false,false,false,false,false,false,false,false,false,false,false,false,false,true,true,false,false,false,false,false,-83.05738,42.36887,"{
  ""coordinates"": [
    -8.305737735613521e+01,
    4.236887076883490e+01
  ],
  ""type"": ""Point""
}","{
  ""coordinates"": [
    -83.057377356,
    42.368870769
  ],
  ""type"": ""Point""
}",-83.057377356,42.3688707690001
7917,1286650,GRAND,BRUSH,2018-01-30,30,1,2018,5,3,97,9,,4,0,Asphalt,2,1,4,30,5,3,4,5,0,0,0,0,true,true,true,true,false,false,false,false,false,false,false,false,false,false,false,false,false,false,false,false,false,false,-83.06863,42.3719,"{
  ""coordinates"": [
    -8.306863187929240e+01,
    4.237190346616230e+01
  ],
  ""type"": ""Point""
}","{
  ""coordinates"": [
    -83.068631879,
    42.371903466
  ],
  ""type"": ""Point""
}",-83.068631879,42.371903466
7918,1284546,S I 75,WARREN,2018-01-30,30,1,2018,6,3,6,1,,1,0,Concrete,2,1,2,35,3,2,2,5,0,0,0,0,true,false,false,false,false,false,false,false,false,false,false,false,false,false,false,true,false,false,false,false,false,false,-83.0544,42.36063,"{
  ""coordinates"": [
    -8.305439697301330e+01,
    4.236062954100350e+01
  ],
  ""type"": ""Point""
}","{
  ""coordinates"": [
    -83.054396973,
    42.360629541
  ],
  ""type"": ""Point""
}",-83.0543969729999,42.360629541
7919,1285669,FORT,JUNCTION,2018-01-30,30,1,2018,22,3,4,3,,1,0,Asphalt,2,1,4,30,4,2,2,5,0,0,0,0,true,false,false,false,true,false,false,false,false,false,false,false,false,false,false,false,false,false,false,false,false,false,-83.09604,42.30976,"{
  ""coordinates"": [
    -8.309603811201150e+01,
    4.230976156767480e+01
  ],
  ""type"": ""Point""
}","{
  ""coordinates"": [
    -83.096038112,
    42.309761568
  ],
  ""type"": ""Point""
}",-83.096038112,42.3097615680001
7920,1284535,I-75,M-8,2018-01-30,30,1,2018,18,3,5,1,,1,0,Asphalt,1,1,4,70,4,3,3,5,0,0,0,0,true,false,false,false,false,false,false,false,false,false,false,false,false,false,false,false,false,false,false,false,false,false,-83.07488,42.40591,"{
  ""coordinates"": [
    -8.307487910820640e+01,
    4.240591158662350e+01
  ],
  ""type"": ""Point""
}","{
  ""coordinates"": [
    -83.074879108,
    42.405911587
  ],
  ""type"": ""Point""
}",-83.0748791079999,42.405911587
7921,1286630,I 96,OUTER,2018-01-30,30,1,2018,19,3,4,1,,1,0,Concrete,1,2,4,70,4,2,4,4,0,0,0,2,false,false,false,false,false,false,false,false,false,true,false,false,false,false,false,false,false,false,false,false,false,false,-83.26402,42.38557,"{
  ""coordinates"": [
    -8.326401301355520e+01,
    4.238557039942230e+01
  ],
  ""type"": ""Point""
}","{
  ""coordinates"": [
    -83.264013014,
    42.385570399
  ],
  ""type"": ""Point""
}",-83.2640130139999,42.3855703990001
7922,1284658,JEFFERIES,JOY,2018-01-30,30,1,2018,17,3,8,9,,,0,,1,1,1,70,3,2,1,5,0,0,0,0,true,false,false,false,false,false,false,false,false,false,false,false,false,false,false,false,false,false,false,false,false,false,-83.13017,42.36462,"{
  ""coordinates"": [
    -8.313016188095600e+01,
    4.236461826398530e+01
  ],
  ""type"": ""Point""
}","{
  ""coordinates"": [
    -83.130161881,
    42.364618264
  ],
  ""type"": ""Point""
}",-83.1301618809999,42.3646182640001
7923,1284641,HOUGHTON,ST MARTINS,2018-01-30,30,1,2018,14,3,5,9,,,0,,4,5,1,25,2,2,1,5,0,0,0,0,true,true,false,false,true,false,false,false,false,true,false,false,false,false,false,false,false,false,false,false,false,false,-83.26104,42.43397,"{
  ""coordinates"": [
    -8.326104348618939e+01,
    4.243397242546720e+01
  ],
  ""type"": ""Point""
}","{
  ""coordinates"": [
    -83.261043486,
    42.433972425
  ],
  ""type"": ""Point""
}",-83.2610434859999,42.433972425
7924,1284569,CASS,WARREN,2018-01-30,30,1,2018,10,3,8,9,,4,0,Asphalt,1,1,1,25,2,2,1,5,0,0,0,0,true,false,false,false,false,false,false,false,false,false,false,false,false,false,false,true,false,false,false,false,false,false,-83.06676,42.35618,"{
  ""coordinates"": [
    -8.306676650781860e+01,
    4.235617663794010e+01
  ],
  ""type"": ""Point""
}","{
  ""coordinates"": [
    -83.066766508,
    42.356176638
  ],
  ""type"": ""Point""
}",-83.0667665079999,42.3561766380001
7925,1284631,VANDYKE,KERCHEVAL,2018-01-30,30,1,2018,8,3,4,9,,4,0,Asphalt,6,1,1,35,4,2,2,5,0,0,0,0,true,false,true,true,false,false,false,false,false,false,false,false,false,false,true,false,false,false,false,false,false,false,-82.99992,42.35839,"{
  ""coordinates"": [
    -8.299991819684760e+01,
    4.235838857563910e+01
  ],
  ""type"": ""Point""
}","{
  ""coordinates"": [
    -82.999918197,
    42.358388576
  ],
  ""type"": ""Point""
}",-82.9999181969999,42.358388576
7926,1285684,EVERGREEN,7 MILE,2018-01-30,30,1,2018,18,3,3,9,,4,0,Asphalt,2,2,4,35,5,2,2,4,0,0,0,1,false,false,true,true,false,false,false,false,false,false,false,false,false,false,false,false,false,false,false,false,false,false,-83.23886,42.42955,"{
  ""coordinates"": [
    -8.323886483877060e+01,
    4.242954712035080e+01
  ],
  ""type"": ""Point""
}","{
  ""coordinates"": [
    -83.238864839,
    42.42954712
  ],
  ""type"": ""Point""
}",-83.238864839,42.4295471200001
7927,1284542,I-94,SCOTTEN,2018-01-30,30,1,2018,10,3,8,1,,1,0,Asphalt,1,1,1,55,3,2,4,3,0,0,1,0,false,false,false,false,false,false,false,false,false,false,true,false,false,false,false,true,false,false,false,false,false,false,-83.11128,42.3462,"{
  ""coordinates"": [
    -8.311128146474979e+01,
    4.234620155119400e+01
  ],
  ""type"": ""Point""
}","{
  ""coordinates"": [
    -83.111281465,
    42.346201551
  ],
  ""type"": ""Point""
}",-83.111281465,42.346201551
7928,1284677,MOUND,CASMERE,2018-01-30,30,1,2018,0,3,4,9,,2,0,Asphalt,4,5,4,35,3,2,2,5,0,0,0,0,true,false,false,false,true,false,false,false,false,false,false,false,false,false,false,false,false,false,false,false,false,false,-83.04249,42.40832,"{
  ""coordinates"": [
    -8.304248886423200e+01,
    4.240832049003410e+01
  ],
  ""type"": ""Point""
}","{
  ""coordinates"": [
    -83.042488864,
    42.40832049
  ],
  ""type"": ""Point""
}",-83.0424888639999,42.4083204900001
7929,1286654,JOHN C LODGE,GRAND,2018-01-30,30,1,2018,4,3,5,3,,1,0,Concrete,2,1,1,25,3,2,2,5,0,0,0,0,true,true,false,false,false,false,false,false,false,false,false,false,false,false,false,false,false,false,false,false,false,false,-83.0818,42.3672,"{
  ""coordinates"": [
    -8.308180154627800e+01,
    4.236719671535220e+01
  ],
  ""type"": ""Point""
}","{
  ""coordinates"": [
    -83.081801546,
    42.367196715
  ],
  ""type"": ""Point""
}",-83.081801546,42.367196715
7930,1284574,WOODWARD,CLIFFORD,2018-01-30,30,1,2018,8,3,3,9,,4,0,Asphalt,2,2,1,25,4,2,2,5,0,0,0,0,true,false,false,false,false,false,false,false,false,false,false,false,false,false,false,false,false,false,false,false,false,false,-83.04942,42.33495,"{
  ""coordinates"": [
    -8.304942399299640e+01,
    4.233494870943820e+01
  ],
  ""type"": ""Point""
}","{
  ""coordinates"": [
    -83.049423993,
    42.334948709
  ],
  ""type"": ""Point""
}",-83.0494239929999,42.3349487090001
7931,1284636,S I 75,RAMP 035E,2018-01-30,30,1,2018,2,3,5,1,,1,0,Asphalt,1,1,4,,2,2,1,5,0,0,0,0,true,false,true,true,false,false,false,false,false,false,false,false,false,false,false,false,false,false,false,false,false,false,-83.08263,42.31916,"{
  ""coordinates"": [
    -8.308262747814560e+01,
    4.231916391800250e+01
  ],
  ""type"": ""Point""
}","{
  ""coordinates"": [
    -83.082627478,
    42.319163918
  ],
  ""type"": ""Point""
}",-83.0826274779999,42.3191639180001
7932,1285661,S M 10,WEBB,2018-01-30,30,1,2018,10,3,5,3,,1,0,Concrete,2,2,1,55,3,2,3,4,0,0,0,2,false,false,false,false,false,false,false,false,false,false,false,false,false,false,false,false,false,false,false,false,false,false,-83.10315,42.38906,"{
  ""coordinates"": [
    -8.310314782404610e+01,
    4.238906291650690e+01
  ],
  ""type"": ""Point""
}","{
  ""coordinates"": [
    -83.103147824,
    42.389062917
  ],
  ""type"": ""Point""
}",-83.103147824,42.389062917
7933,1284632,SEMINOLE,MOFFAT,2018-01-30,30,1,2018,16,3,4,9,,,0,,4,2,1,25,2,2,2,5,0,0,0,0,true,false,false,false,false,false,false,false,false,false,false,false,false,false,false,false,false,false,false,false,false,false,-83.01145,42.37957,"{
  ""coordinates"": [
    -8.301144889452910e+01,
    4.237957383335940e+01
  ],
  ""type"": ""Point""
}","{
  ""coordinates"": [
    -83.011448895,
    42.379573833
  ],
  ""type"": ""Point""
}",-83.0114488949999,42.3795738330001
7934,1284682,7 MILE,LIVERNOIS,2018-01-30,30,1,2018,12,3,4,9,,2,0,Asphalt,2,1,1,30,4,2,2,4,0,0,0,2,false,false,true,true,false,false,false,false,false,false,false,false,false,false,false,false,false,false,false,false,false,false,-83.14164,42.4316,"{
  ""coordinates"": [
    -8.314164246027350e+01,
    4.243160326942470e+01
  ],
  ""type"": ""Point""
}","{
  ""coordinates"": [
    -83.14164246,
    42.431603269
  ],
  ""type"": ""Point""
}",-83.14164246,42.431603269
7935,1285681,HOUGHTON,ST MARTINS,2018-01-30,30,1,2018,16,3,98,9,,,3,,3,1,1,25,2,2,0,5,0,0,0,0,true,false,false,false,true,false,false,false,false,false,false,false,false,false,false,false,false,false,false,false,false,false,-83.26105,42.43412,"{
  ""coordinates"": [
    -8.326104875619600e+01,
    4.243411730515580e+01
  ],
  ""type"": ""Point""
}","{
  ""coordinates"": [
    -83.261048756,
    42.434117305
  ],
  ""type"": ""Point""
}",-83.261048756,42.434117305
7936,1284587,MICHIGAN,LONYO,2018-01-30,30,1,2018,11,3,5,2,,1,0,Asphalt,2,1,1,35,5,2,5,5,0,0,0,0,true,false,false,false,false,false,false,false,false,false,false,false,false,false,false,false,false,false,false,false,false,false,-83.14517,42.33034,"{
  ""coordinates"": [
    -8.314516926764961e+01,
    4.233034323162760e+01
  ],
  ""type"": ""Point""
}","{
  ""coordinates"": [
    -83.145169268,
    42.330343232
  ],
  ""type"": ""Point""
}",-83.145169268,42.3303432320001
7937,1284674,CANIFF,BUFFALO,2018-01-30,30,1,2018,19,3,8,9,,4,3,Asphalt,4,1,4,25,2,2,0,5,0,0,0,0,true,false,false,false,true,false,false,true,false,false,true,false,false,false,false,false,false,false,false,false,false,false,-83.0471,42.40452,"{
  ""coordinates"": [
    -8.304710242040611e+01,
    4.240451751387750e+01
  ],
  ""type"": ""Point""
}","{
  ""coordinates"": [
    -83.04710242,
    42.404517514
  ],
  ""type"": ""Point""
}",-83.04710242,42.4045175140001
7938,1284671,SCHOENHERR,7 MILE,2018-01-30,30,1,2018,8,3,98,9,,4,1,Asphalt,4,1,1,35,2,1,1,5,0,0,0,0,true,false,false,false,true,false,false,false,false,false,false,false,false,false,false,false,false,false,false,false,false,false,-82.98512,42.43489,"{
  ""coordinates"": [
    -8.298512423293980e+01,
    4.243489386330510e+01
  ],
  ""type"": ""Point""
}","{
  ""coordinates"": [
    -82.985124233,
    42.434893863
  ],
  ""type"": ""Point""
}",-82.985124233,42.4348938630001
7939,1284685,NORFOLK,MONICA,2018-01-30,30,1,2018,9,3,4,9,,,0,,4,5,1,25,2,2,3,5,0,0,0,0,true,false,true,false,false,false,false,false,false,false,true,false,false,false,false,false,false,false,false,false,false,false,-83.14509,42.44362,"{
  ""coordinates"": [
    -8.314508777178401e+01,
    4.244362259802380e+01
  ],
  ""type"": ""Point""
}","{
  ""coordinates"": [
    -83.145087772,
    42.443622598
  ],
  ""type"": ""Point""
}",-83.145087772,42.443622598
7940,1284561,6456 OAKMAN,MACKENZIE,2018-01-30,30,1,2018,12,3,8,9,,4,3,Asphalt,6,5,1,25,3,2,1,5,0,0,0,0,true,false,false,false,true,false,false,false,false,false,false,false,false,false,false,false,false,false,false,false,false,false,-83.17011,42.35629,"{
  ""coordinates"": [
    -8.317010990046850e+01,
    4.235629096015520e+01
  ],
  ""type"": ""Point""
}","{
  ""coordinates"": [
    -83.1701099,
    42.35629096
  ],
  ""type"": ""Point""
}",-83.1701098999999,42.3562909600001
7941,1284570,S I 75,WOODWARD,2018-01-30,30,1,2018,7,3,4,1,,1,0,Concrete,2,2,4,25,3,2,2,5,0,0,0,0,true,false,true,true,false,false,false,true,false,false,false,false,false,false,false,false,false,false,false,false,false,false,-83.05288,42.34,"{
  ""coordinates"": [
    -8.305287671140510e+01,
    4.234000043710000e+01
  ],
  ""type"": ""Point""
}","{
  ""coordinates"": [
    -83.052876711,
    42.340000437
  ],
  ""type"": ""Point""
}",-83.052876711,42.3400004370001
7942,1286652,PETTERBORO,CASS,2018-01-30,30,1,2018,20,3,98,9,,,0,,2,2,5,25,2,2,2,5,0,0,0,0,true,false,false,false,false,false,false,false,false,false,false,false,false,false,false,false,false,false,false,false,false,false,-83.06008,42.3443,"{
  ""coordinates"": [
    -8.306008510817590e+01,
    4.234429810241890e+01
  ],
  ""type"": ""Point""
}","{
  ""coordinates"": [
    -83.060085108,
    42.344298102
  ],
  ""type"": ""Point""
}",-83.060085108,42.344298102
7943,1284572,CONGRESS,WASHINGTON,2018-01-30,30,1,2018,17,3,4,9,,4,0,Asphalt,1,1,3,25,3,2,2,4,0,0,0,2,false,false,true,true,false,false,false,false,false,false,false,false,false,false,true,false,false,false,false,false,false,false,-83.04922,42.32873,"{
  ""coordinates"": [
    -8.304922693348240e+01,
    4.232873249660240e+01
  ],
  ""type"": ""Point""
}","{
  ""coordinates"": [
    -83.049226933,
    42.328732497
  ],
  ""type"": ""Point""
}",-83.0492269329999,42.328732497
7944,1285677,GRATIOT,WARREN,2018-01-30,30,1,2018,15,3,97,3,,1,0,Asphalt,1,5,1,30,3,2,1,5,0,0,0,0,true,false,false,false,true,false,false,false,false,false,false,false,false,false,false,false,false,false,false,false,false,false,-83.01784,42.37409,"{
  ""coordinates"": [
    -8.301783371154350e+01,
    4.237408993400480e+01
  ],
  ""type"": ""Point""
}","{
  ""coordinates"": [
    -83.017833712,
    42.374089934
  ],
  ""type"": ""Point""
}",-83.017833712,42.374089934
7945,1284640,SEVEN MILE,HARLOW,2018-01-30,30,1,2018,17,3,4,9,,2,0,Asphalt,4,1,3,35,4,2,2,4,0,0,0,1,false,false,true,false,false,false,false,false,false,false,false,false,false,false,false,false,false,false,false,false,false,false,-83.21616,42.4301,"{
  ""coordinates"": [
    -8.321616155147110e+01,
    4.243010286259820e+01
  ],
  ""type"": ""Point""
}","{
  ""coordinates"": [
    -83.216161551,
    42.430102863
  ],
  ""type"": ""Point""
}",-83.216161551,42.4301028630001
7946,1284503,I-75,M-10,2018-01-30,30,1,2018,11,3,97,1,,1,0,Asphalt,1,2,1,55,4,2,2,4,0,0,0,2,false,false,false,false,false,false,false,false,false,true,false,false,false,false,false,false,false,false,false,false,false,false,-83.09489,42.44595,"{
  ""coordinates"": [
    -8.309488903624290e+01,
    4.244594700000030e+01
  ],
  ""type"": ""Point""
}","{
  ""coordinates"": [
    -83.094889036,
    42.445947
  ],
  ""type"": ""Point""
}",-83.094889036,42.445947
7947,1284592,VISGER,WARING,2018-01-30,30,1,2018,8,3,5,3,,,0,,3,5,1,25,2,2,1,5,0,0,0,0,true,false,false,false,false,false,false,false,false,false,false,false,false,false,false,false,false,false,false,false,false,false,-83.16242,42.26879,"{
  ""coordinates"": [
    -8.316242364092700e+01,
    4.226879019936060e+01
  ],
  ""type"": ""Point""
}","{
  ""coordinates"": [
    -83.162423641,
    42.268790199
  ],
  ""type"": ""Point""
}",-83.162423641,42.2687901990001
7948,1284673,CONANT,OUTER,2018-01-30,30,1,2018,8,3,5,9,,4,0,Asphalt,3,5,1,35,4,3,2,5,0,0,0,0,true,false,false,false,true,false,false,false,false,false,false,false,false,false,false,false,false,false,false,false,false,false,-83.07877,42.44001,"{
  ""coordinates"": [
    -8.307877564205501e+01,
    4.244001568243260e+01
  ],
  ""type"": ""Point""
}","{
  ""coordinates"": [
    -83.078775642,
    42.440015682
  ],
  ""type"": ""Point""
}",-83.078775642,42.4400156820001
7949,1284667,8 MILE,BRAMFORD,2018-01-30,30,1,2018,17,3,5,3,,1,0,Asphalt,2,1,1,45,4,2,2,4,0,0,0,1,false,false,false,false,true,false,false,false,false,false,false,false,false,false,false,false,false,false,false,false,false,false,-83.02332,42.4482,"{
  ""coordinates"": [
    -8.302331821785640e+01,
    4.244819595694600e+01
  ],
  ""type"": ""Point""
}","{
  ""coordinates"": [
    -83.023318218,
    42.448195957
  ],
  ""type"": ""Point""
}",-83.023318218,42.4481959570001
7950,1284643,FENKELL,OUTER,2018-01-30,30,1,2018,8,3,4,9,,2,0,Asphalt,2,1,1,35,4,2,6,5,0,0,0,0,true,false,false,false,false,false,false,false,false,false,false,false,false,false,false,false,false,false,false,false,false,false,-83.23269,42.40077,"{
  ""coordinates"": [
    -8.323269208334440e+01,
    4.240076975495970e+01
  ],
  ""type"": ""Point""
}","{
  ""coordinates"": [
    -83.232692083,
    42.400769755
  ],
  ""type"": ""Point""
}",-83.232692083,42.4007697550001
7951,1285672,DAVISON,LIVERNOIS,2018-01-30,30,1,2018,8,3,5,3,,1,0,Concrete,2,1,1,30,3,2,1,5,0,0,0,0,true,false,false,false,false,false,false,false,false,false,false,false,false,true,false,false,false,false,false,false,false,false,-83.13945,42.3865,"{
  ""coordinates"": [
    -8.313945017582570e+01,
    4.238650029341360e+01
  ],
  ""type"": ""Point""
}","{
  ""coordinates"": [
    -83.139450176,
    42.386500293
  ],
  ""type"": ""Point""
}",-83.139450176,42.386500293