ObjectId,Crash ID,Primary Road,Intersecting Road,Crash Date,Day,Month,Year,Hour,Weekday,Crash Type Code,Highway Classification Code,Community Code,Jurisdiction Code,Lane Departure Type Code,Surface Type,Road Condition,Weather Condition,Lighting Condition,Speed Limit,Lanes,Units,Occupants,Most Severe Injury,Fatal Injuries,Suspected Serious Injuries,Suspected Minor Injuries,Possible Injuries,Property Damage Only,Secondary Crash,Traffic Control,Red Light Run,Hit and Run,Alcohol,Drugs,Unbelted Person,Work Zone,Speeding Driver,Distracted Driver,Driveway,Pedestrian,Elderly Driver,Young Driver,Commercial Vehicle,Emergency Vehicles,Train,School Bus,Motorcycle,Bicycle,Deer,Longitude,Latitude,geom,geog,x,y
8007,1284510,M-10,GRAND,2018-01-29,29,1,2018,9,2,8,3,,1,0,Concrete,4,5,1,55,3,2,2,5,0,0,0,0,true,false,false,false,false,false,false,false,false,true,false,false,false,false,false,false,false,false,false,false,false,false,-83.08073,42.36576,"{
  ""coordinates"": [
    -8.308072333786031e+01,
    4.236576052578820e+01
  ],
  ""type"": ""Point""
}","{
  ""coordinates"": [
    -83.080723338,
    42.365760526
  ],
  ""type"": ""Point""
}",-83.080723338,42.365760526
8008,1292163,I-75,HOLBROOK,2018-01-29,29,1,2018,10,2,5,1,,1,0,Asphalt,2,5,1,70,4,2,3,5,0,0,0,0,true,false,false,false,false,false,false,false,false,true,false,false,false,false,false,true,false,false,false,false,false,false,-83.06972,42.39068,"{
  ""coordinates"": [
    -8.306971918812221e+01,
    4.239068150121400e+01
  ],
  ""type"": ""Point""
}","{
  ""coordinates"": [
    -83.069719188,
    42.390681501
  ],
  ""type"": ""Point""
}",-83.069719188,42.3906815010001
8009,1284656,HARPER,CONNER,2018-01-29,29,1,2018,19,2,8,9,,4,0,Asphalt,4,1,4,,4,2,2,5,0,0,0,0,true,false,false,false,false,false,false,false,false,false,false,false,false,true,false,false,false,false,false,false,false,false,-82.98995,42.39718,"{
  ""coordinates"": [
    -8.298995160783110e+01,
    4.239718029339390e+01
  ],
  ""type"": ""Point""
}","{
  ""coordinates"": [
    -82.989951608,
    42.397180293
  ],
  ""type"": ""Point""
}",-82.989951608,42.3971802930001
8010,1283604,HAYES,SEVEN MILE,2018-01-29,29,1,2018,8,2,8,9,,4,0,Asphalt,4,5,1,30,6,2,2,5,0,0,0,0,true,false,false,false,false,false,false,false,false,false,false,false,false,false,false,false,false,false,false,false,false,false,-82.96547,42.43539,"{
  ""coordinates"": [
    -8.296547116811520e+01,
    4.243539048531200e+01
  ],
  ""type"": ""Point""
}","{
  ""coordinates"": [
    -82.965471168,
    42.435390485
  ],
  ""type"": ""Point""
}",-82.965471168,42.435390485
8011,1284593,FORT,ROSA PARKS,2018-01-29,29,1,2018,17,2,8,3,,1,0,Asphalt,4,5,2,35,4,2,1,5,0,0,0,0,true,false,false,false,false,false,false,false,false,false,false,false,false,true,false,false,false,false,false,false,false,false,-83.0662,42.32263,"{
  ""coordinates"": [
    -8.306620030807730e+01,
    4.232262985452240e+01
  ],
  ""type"": ""Point""
}","{
  ""coordinates"": [
    -83.066200308,
    42.322629855
  ],
  ""type"": ""Point""
}",-83.066200308,42.3226298550001
8012,1292156,S/B M-39,7 MILE,2018-01-29,29,1,2018,9,2,97,3,,1,0,Concrete,4,8,1,55,3,2,2,5,0,0,0,0,true,false,false,false,false,false,false,false,false,true,false,false,false,false,false,false,false,false,false,false,false,false,-83.21939,42.42974,"{
  ""coordinates"": [
    -8.321939411524470e+01,
    4.242973815818180e+01
  ],
  ""type"": ""Point""
}","{
  ""coordinates"": [
    -83.219394115,
    42.429738158
  ],
  ""type"": ""Point""
}",-83.2193941149999,42.4297381580001
8013,1283582,FORD,ARTESIAN,2018-01-29,29,1,2018,9,2,5,3,,1,0,Asphalt,4,5,1,45,4,2,3,4,0,0,0,2,false,false,false,false,false,false,false,false,false,false,false,false,false,false,true,false,false,false,false,false,false,false,-83.22519,42.32894,"{
  ""coordinates"": [
    -8.322518792385490e+01,
    4.232894241383960e+01
  ],
  ""type"": ""Point""
}","{
  ""coordinates"": [
    -83.225187924,
    42.328942414
  ],
  ""type"": ""Point""
}",-83.225187924,42.328942414
8014,1283547,GRAND RIVER,GRISWOLD,2018-01-29,29,1,2018,12,2,8,9,,4,0,Asphalt,2,5,1,25,2,2,2,5,0,0,0,0,true,false,false,false,false,false,false,false,false,false,false,false,false,false,false,true,false,false,false,false,false,false,-83.04988,42.33368,"{
  ""coordinates"": [
    -8.304988413669210e+01,
    4.233367371729110e+01
  ],
  ""type"": ""Point""
}","{
  ""coordinates"": [
    -83.049884137,
    42.333673717
  ],
  ""type"": ""Point""
}",-83.0498841369999,42.3336737170001
8015,1288196,I-96,WARREN,2018-01-29,29,1,2018,7,2,4,1,,1,0,Concrete,3,5,1,70,4,2,2,4,0,0,0,1,false,false,false,false,false,false,false,false,false,true,true,false,false,false,false,false,false,false,false,false,false,false,-83.09761,42.34768,"{
  ""coordinates"": [
    -8.309761229149890e+01,
    4.234767378709240e+01
  ],
  ""type"": ""Point""
}","{
  ""coordinates"": [
    -83.097612291,
    42.347673787
  ],
  ""type"": ""Point""
}",-83.097612291,42.3476737870001
8016,1286663,EDSEL FORD S/D,JOHN R,2018-01-29,29,1,2018,20,2,4,1,,1,0,Asphalt,4,5,3,25,2,2,2,5,0,0,0,0,true,false,true,true,false,false,false,false,false,false,false,false,false,false,false,true,false,false,false,false,false,false,-83.06676,42.3646,"{
  ""coordinates"": [
    -8.306676755141240e+01,
    4.236459753048770e+01
  ],
  ""type"": ""Point""
}","{
  ""coordinates"": [
    -83.066767551,
    42.36459753
  ],
  ""type"": ""Point""
}",-83.0667675509999,42.36459753
8017,1282096,MOUND,DAVISON,2018-01-29,29,1,2018,9,2,4,9,,2,0,Asphalt,4,5,1,35,4,2,1,5,0,0,0,0,true,false,false,false,true,false,false,false,false,false,false,false,false,false,false,false,false,false,false,false,false,false,-83.04279,42.42285,"{
  ""coordinates"": [
    -8.304278227611580e+01,
    4.242284717856900e+01
  ],
  ""type"": ""Point""
}","{
  ""coordinates"": [
    -83.042782276,
    42.422847179
  ],
  ""type"": ""Point""
}",-83.042782276,42.422847179
8018,1283594,MOROSS,BALFOUR,2018-01-29,29,1,2018,22,2,4,9,,2,0,Asphalt,3,1,4,35,6,2,3,2,0,1,0,1,false,false,false,false,false,false,false,false,false,false,false,false,false,false,false,false,true,false,false,false,false,false,-82.93845,42.42877,"{
  ""coordinates"": [
    -8.293845213335840e+01,
    4.242877080484380e+01
  ],
  ""type"": ""Point""
}","{
  ""coordinates"": [
    -82.938452133,
    42.428770805
  ],
  ""type"": ""Point""
}",-82.9384521329999,42.4287708050001
8019,1283571,EVERGREEN,PLYMOUTH,2018-01-29,29,1,2018,8,2,8,9,,4,0,Asphalt,4,5,1,25,4,2,1,5,0,0,0,0,true,false,false,false,true,false,false,false,false,false,false,false,false,false,false,false,false,false,false,false,false,false,-83.23625,42.37181,"{
  ""coordinates"": [
    -8.323625490073040e+01,
    4.237181541606620e+01
  ],
  ""type"": ""Point""
}","{
  ""coordinates"": [
    -83.236254901,
    42.371815416
  ],
  ""type"": ""Point""
}",-83.2362549009999,42.3718154160001
8020,1283616,2ND,TEMPLE,2018-01-29,29,1,2018,15,2,1,9,,4,1,Asphalt,4,5,1,30,2,1,6,5,0,0,0,0,true,false,false,false,false,false,false,false,false,false,false,false,false,false,false,false,false,false,false,false,false,false,-83.05988,42.34108,"{
  ""coordinates"": [
    -8.305987476865980e+01,
    4.234107616261070e+01
  ],
  ""type"": ""Point""
}","{
  ""coordinates"": [
    -83.059874769,
    42.341076163
  ],
  ""type"": ""Point""
}",-83.059874769,42.341076163
8021,1284623,ALTER,JEFFERSON,2018-01-29,29,1,2018,7,2,5,9,,4,0,Asphalt,4,5,1,,4,2,1,4,0,0,0,1,false,false,false,false,true,false,false,false,false,true,false,false,false,false,true,false,false,false,false,false,false,false,-82.93953,42.37487,"{
  ""coordinates"": [
    -8.293953026747469e+01,
    4.237487464367600e+01
  ],
  ""type"": ""Point""
}","{
  ""coordinates"": [
    -82.939530267,
    42.374874644
  ],
  ""type"": ""Point""
}",-82.939530267,42.374874644
8022,1288195,S M 10,W M 8,2018-01-29,29,1,2018,6,2,1,3,,1,1,Concrete,2,5,4,55,4,1,1,5,0,0,0,0,true,false,false,false,false,false,false,false,false,true,true,false,false,false,true,false,false,false,false,false,false,false,-83.11073,42.3982,"{
  ""coordinates"": [
    -8.311073328702371e+01,
    4.239820363566850e+01
  ],
  ""type"": ""Point""
}","{
  ""coordinates"": [
    -83.110733287,
    42.398203636
  ],
  ""type"": ""Point""
}",-83.110733287,42.3982036360001
8023,1283595,HOOVER,HOOVER,2018-01-29,29,1,2018,8,2,97,3,,1,0,Asphalt,3,5,1,35,2,2,3,5,0,0,0,0,true,false,false,false,false,false,false,false,false,false,false,false,false,false,false,false,false,false,false,false,false,false,-83.00404,42.42104,"{
  ""coordinates"": [
    -8.300403905724249e+01,
    4.242104261031500e+01
  ],
  ""type"": ""Point""
}","{
  ""coordinates"": [
    -83.004039057,
    42.42104261
  ],
  ""type"": ""Point""
}",-83.0040390569999,42.42104261
8024,1283626,PURITAN,OHIO,2018-01-29,29,1,2018,9,2,4,9,,4,0,Asphalt,4,5,1,30,2,2,2,4,0,0,0,1,false,false,false,false,true,false,false,false,false,false,false,false,false,false,false,false,false,false,false,false,false,false,-83.15571,42.40975,"{
  ""coordinates"": [
    -8.315570449849530e+01,
    4.240975223731830e+01
  ],
  ""type"": ""Point""
}","{
  ""coordinates"": [
    -83.155704498,
    42.409752237
  ],
  ""type"": ""Point""
}",-83.155704498,42.4097522370001
8025,1284540,I-75,HOLBROOK,2018-01-29,29,1,2018,10,2,8,1,,1,0,Asphalt,2,5,1,70,4,2,2,5,0,0,0,0,true,false,false,false,false,false,false,false,false,true,false,false,false,false,false,true,false,false,false,false,false,false,-83.06375,42.38008,"{
  ""coordinates"": [
    -8.306374948586090e+01,
    4.238007880059000e+01
  ],
  ""type"": ""Point""
}","{
  ""coordinates"": [
    -83.063749486,
    42.380078801
  ],
  ""type"": ""Point""
}",-83.0637494859999,42.380078801
8026,1284370,S/B M-39,MCNICHOLS,2018-01-29,29,1,2018,13,2,1,3,,1,1,Asphalt,2,5,1,55,3,1,1,5,0,0,0,0,true,false,false,false,false,false,false,false,false,true,false,false,false,false,false,false,false,false,false,false,false,false,-83.21886,42.41191,"{
  ""coordinates"": [
    -8.321886521519750e+01,
    4.241191341032670e+01
  ],
  ""type"": ""Point""
}","{
  ""coordinates"": [
    -83.218865215,
    42.41191341
  ],
  ""type"": ""Point""
}",-83.2188652149999,42.4119134100001
8027,1284648,CONNER,LONGVIEW,2018-01-29,29,1,2018,17,2,2,9,,4,0,Asphalt,4,5,4,30,5,2,2,5,0,0,0,0,true,false,false,false,false,false,false,false,false,false,false,false,false,false,false,false,false,false,false,false,false,false,-82.9944,42.40237,"{
  ""coordinates"": [
    -8.299439926713330e+01,
    4.240236746518990e+01
  ],
  ""type"": ""Point""
}","{
  ""coordinates"": [
    -82.994399267,
    42.402367465
  ],
  ""type"": ""Point""
}",-82.9943992669999,42.4023674650001
8028,1283607,FENKELL,DEXTER,2018-01-29,29,1,2018,9,2,8,9,,4,0,Asphalt,4,5,1,35,2,2,3,5,0,0,0,0,true,false,false,false,false,false,false,false,false,false,false,false,false,false,true,false,false,false,false,false,false,false,-83.13596,42.40276,"{
  ""coordinates"": [
    -8.313596363375591e+01,
    4.240276123975640e+01
  ],
  ""type"": ""Point""
}","{
  ""coordinates"": [
    -83.135963634,
    42.40276124
  ],
  ""type"": ""Point""
}",-83.1359636339999,42.4027612400001
8029,1284583,RUSSELL,PIQUETTE,2018-01-29,29,1,2018,16,2,5,9,,4,0,Asphalt,4,5,1,20,2,2,3,5,0,0,0,0,true,false,false,false,true,false,false,false,false,false,false,false,false,false,false,false,false,false,false,false,false,false,-83.05696,42.37115,"{
  ""coordinates"": [
    -8.305696084677589e+01,
    4.237114778506050e+01
  ],
  ""type"": ""Point""
}","{
  ""coordinates"": [
    -83.056960847,
    42.371147785
  ],
  ""type"": ""Point""
}",-83.056960847,42.3711477850001
8030,1291195,WOODAWARD,7 MILE,2018-01-29,29,1,2018,12,2,4,3,,1,0,Asphalt,4,5,1,40,4,2,1,5,0,0,0,0,true,false,false,false,true,false,false,false,false,false,false,false,false,false,false,false,false,false,false,false,false,false,-83.11559,42.43237,"{
  ""coordinates"": [
    -8.311558786807120e+01,
    4.243236439575210e+01
  ],
  ""type"": ""Point""
}","{
  ""coordinates"": [
    -83.115587868,
    42.432364396
  ],
  ""type"": ""Point""
}",-83.115587868,42.432364396
8031,1283601,GRATIOT,FILBERT,2018-01-29,29,1,2018,7,2,5,3,,1,0,Asphalt,4,5,1,35,8,2,2,5,0,0,0,0,true,false,false,false,false,false,false,false,false,false,false,false,false,false,true,false,false,false,false,false,false,false,-82.98928,42.41746,"{
  ""coordinates"": [
    -8.298928230943510e+01,
    4.241745970428740e+01
  ],
  ""type"": ""Point""
}","{
  ""coordinates"": [
    -82.989282309,
    42.417459704
  ],
  ""type"": ""Point""
}",-82.989282309,42.4174597040001
8032,1283646,CASS,KIRBY,2018-01-29,29,1,2018,10,2,4,9,,4,0,Asphalt,4,5,1,25,2,2,3,5,0,0,0,0,true,false,false,false,false,false,false,false,false,false,false,false,false,false,false,false,false,false,false,false,false,false,-83.06877,42.35969,"{
  ""coordinates"": [
    -8.306877087676280e+01,
    4.235968623638530e+01
  ],
  ""type"": ""Point""
}","{
  ""coordinates"": [
    -83.068770877,
    42.359686236
  ],
  ""type"": ""Point""
}",-83.068770877,42.3596862360001
8033,1283573,FORD,GREENVIEW,2018-01-29,29,1,2018,10,2,1,3,,1,1,Asphalt,3,8,1,45,4,1,1,5,0,0,0,0,true,false,false,false,false,false,false,false,false,false,false,false,false,false,false,false,false,false,false,false,false,false,-83.2216,42.329,"{
  ""coordinates"": [
    -8.322160208774341e+01,
    4.232900142043870e+01
  ],
  ""type"": ""Point""
}","{
  ""coordinates"": [
    -83.221602088,
    42.32900142
  ],
  ""type"": ""Point""
}",-83.2216020879999,42.3290014200001
8034,1283622,SOUTHFIELD SD,8 MILE,2018-01-29,29,1,2018,7,2,8,3,,1,0,Concrete,3,5,3,35,3,2,2,5,0,0,0,0,true,false,false,false,false,false,false,false,false,true,false,false,false,false,false,false,false,false,false,false,false,false,-83.2198,42.44409,"{
  ""coordinates"": [
    -8.321980488363670e+01,
    4.244409332531310e+01
  ],
  ""type"": ""Point""
}","{
  ""coordinates"": [
    -83.219804884,
    42.444093325
  ],
  ""type"": ""Point""
}",-83.219804884,42.444093325
8035,1283576,CHARLEVOIX,VAN DYKE,2018-01-29,29,1,2018,8,2,4,9,,4,0,Asphalt,4,5,1,30,5,2,2,4,0,0,0,1,false,false,false,false,false,false,false,false,false,false,false,false,false,false,false,false,false,false,false,false,false,false,-83.00313,42.3628,"{
  ""coordinates"": [
    -8.300312577788610e+01,
    4.236280592233380e+01
  ],
  ""type"": ""Point""
}","{
  ""coordinates"": [
    -83.003125778,
    42.362805922
  ],
  ""type"": ""Point""
}",-83.003125778,42.3628059220001
8036,1284573,OAKLAND,WOODLAND,2018-01-29,29,1,2018,12,2,4,9,,4,0,Asphalt,4,5,1,25,3,2,2,4,0,0,0,1,false,false,false,false,false,false,false,false,false,false,false,false,false,false,false,false,false,false,false,false,false,false,-83.07948,42.39604,"{
  ""coordinates"": [
    -8.307948374144161e+01,
    4.239604367808660e+01
  ],
  ""type"": ""Point""
}","{
  ""coordinates"": [
    -83.079483741,
    42.396043678
  ],
  ""type"": ""Point""
}",-83.079483741,42.3960436780001
8037,1283606,E I 96,LIVERNOIS,2018-01-29,29,1,2018,10,2,1,1,,1,1,Asphalt,4,5,1,35,2,1,1,5,0,0,0,0,true,false,false,false,false,false,false,false,false,false,false,false,false,false,false,false,false,false,false,false,false,false,-83.13856,42.36709,"{
  ""coordinates"": [
    -8.313855504673080e+01,
    4.236709336971220e+01
  ],
  ""type"": ""Point""
}","{
  ""coordinates"": [
    -83.138555047,
    42.36709337
  ],
  ""type"": ""Point""
}",-83.138555047,42.3670933700001
8038,1283611,CONANT,GODDARD,2018-01-29,29,1,2018,16,2,4,9,,4,0,Asphalt,4,5,1,30,4,2,4,5,0,0,0,0,true,false,true,false,false,false,false,false,false,false,false,false,false,false,false,false,false,false,false,false,false,false,-83.07774,42.43857,"{
  ""coordinates"": [
    -8.307773935363470e+01,
    4.243857142840020e+01
  ],
  ""type"": ""Point""
}","{
  ""coordinates"": [
    -83.077739354,
    42.438571428
  ],
  ""type"": ""Point""
}",-83.077739354,42.438571428
8039,1283578,WOODWARD,MACK,2018-01-29,29,1,2018,17,2,5,3,,1,0,Asphalt,6,5,3,,7,2,2,5,0,0,0,0,true,false,false,false,false,false,false,false,false,false,false,false,false,false,false,false,false,false,false,false,false,false,-83.05775,42.34719,"{
  ""coordinates"": [
    -8.305775170632209e+01,
    4.234719461782590e+01
  ],
  ""type"": ""Point""
}","{
  ""coordinates"": [
    -83.057751706,
    42.347194618
  ],
  ""type"": ""Point""
}",-83.057751706,42.3471946180001
8040,1283590,PURITAN,S M 39,2018-01-29,29,1,2018,20,2,5,9,,4,0,Asphalt,4,5,4,25,1,2,1,5,0,0,0,0,true,false,false,false,true,false,false,false,false,false,false,false,false,false,false,false,false,false,false,false,false,false,-83.21868,42.40833,"{
  ""coordinates"": [
    -8.321868237587620e+01,
    4.240832840231230e+01
  ],
  ""type"": ""Point""
}","{
  ""coordinates"": [
    -83.218682376,
    42.408328402
  ],
  ""type"": ""Point""
}",-83.2186823759999,42.4083284020001
8041,1324956,N/B M39,8 MILE,2018-01-29,29,1,2018,15,2,8,3,,1,0,Concrete,3,5,1,55,3,2,3,5,0,0,0,0,true,false,false,false,true,false,false,false,false,true,false,false,false,false,true,false,false,false,false,false,false,false,-83.21968,42.44054,"{
  ""coordinates"": [
    -8.321968170753900e+01,
    4.244053889205810e+01
  ],
  ""type"": ""Point""
}","{
  ""coordinates"": [
    -83.219681708,
    42.440538892
  ],
  ""type"": ""Point""
}",-83.2196817079999,42.4405388920001
8042,1283562,PORTER,JUNCTION,2018-01-29,29,1,2018,10,2,4,9,,,0,,4,5,1,25,2,2,3,5,0,0,0,0,true,false,false,false,false,false,false,false,false,false,false,false,false,false,false,false,false,false,false,false,false,false,-83.09904,42.314,"{
  ""coordinates"": [
    -8.309904066382040e+01,
    4.231399819429130e+01
  ],
  ""type"": ""Point""
}","{
  ""coordinates"": [
    -83.099040664,
    42.313998194
  ],
  ""type"": ""Point""
}",-83.099040664,42.3139981940001
8043,1283559,VISGER,ANNABELLE,2018-01-29,29,1,2018,8,2,4,9,,4,0,Concrete,4,5,1,25,2,2,2,5,0,0,0,0,true,false,true,false,false,false,false,false,false,false,false,false,false,false,false,false,false,false,false,false,false,false,-83.15748,42.26648,"{
  ""coordinates"": [
    -8.315747824779410e+01,
    4.226647978043570e+01
  ],
  ""type"": ""Point""
}","{
  ""coordinates"": [
    -83.157478248,
    42.26647978
  ],
  ""type"": ""Point""
}",-83.157478248,42.2664797800001
8044,1284634,VANDYKE,WARREN,2018-01-29,29,1,2018,17,2,4,9,,4,0,Asphalt,4,1,1,30,2,2,1,4,0,0,0,1,false,false,false,false,true,false,false,false,false,false,false,false,false,false,true,false,false,false,false,false,false,false,-83.01258,42.37592,"{
  ""coordinates"": [
    -8.301257771716340e+01,
    4.237591713375190e+01
  ],
  ""type"": ""Point""
}","{
  ""coordinates"": [
    -83.012577717,
    42.375917134
  ],
  ""type"": ""Point""
}",-83.0125777169999,42.3759171340001
8045,1282088,GUNSTON,CHARLEMAGNE,2018-01-29,29,1,2018,6,2,8,3,,1,0,Asphalt,4,5,2,30,7,2,2,5,0,0,0,0,true,false,false,false,false,false,false,false,false,false,false,false,false,true,false,true,false,false,false,false,false,false,-82.99561,42.40876,"{
  ""coordinates"": [
    -8.299560834258600e+01,
    4.240875997812410e+01
  ],
  ""type"": ""Point""
}","{
  ""coordinates"": [
    -82.995608343,
    42.408759978
  ],
  ""type"": ""Point""
}",-82.995608343,42.408759978
8046,1283564,N M 39,FITZPATRICK,2018-01-29,29,1,2018,7,2,8,3,,1,0,Asphalt,4,1,1,25,2,2,1,5,0,0,0,0,true,false,false,false,true,false,false,false,false,false,false,false,false,false,false,false,false,false,false,false,false,false,-83.21637,42.36425,"{
  ""coordinates"": [
    -8.321637109650641e+01,
    4.236425527484360e+01
  ],
  ""type"": ""Point""
}","{
  ""coordinates"": [
    -83.216371097,
    42.364255275
  ],
  ""type"": ""Point""
}",-83.216371097,42.3642552750001
8047,1282098,WYOMING,N M 10,2018-01-29,29,1,2018,4,2,5,9,,4,0,Concrete,1,1,4,30,4,2,2,5,0,0,0,0,true,false,false,false,true,false,false,false,false,false,false,false,false,false,false,false,false,false,false,false,false,false,-83.15982,42.40525,"{
  ""coordinates"": [
    -8.315982012343100e+01,
    4.240524731358330e+01
  ],
  ""type"": ""Point""
}","{
  ""coordinates"": [
    -83.159820123,
    42.405247314
  ],
  ""type"": ""Point""
}",-83.159820123,42.4052473140001
8048,1284521,RAMP 136C,GREENFIELD,2018-01-29,29,1,2018,8,2,5,1,,1,0,Asphalt,4,8,1,55,3,2,2,5,0,0,0,0,true,false,false,false,false,false,false,false,false,false,false,false,false,false,false,false,false,false,false,false,false,false,-83.198,42.37959,"{
  ""coordinates"": [
    -8.319800184923140e+01,
    4.237959343056910e+01
  ],
  ""type"": ""Point""
}","{
  ""coordinates"": [
    -83.198001849,
    42.379593431
  ],
  ""type"": ""Point""
}",-83.198001849,42.379593431
8049,1284539,I-75,MICHIGAN,2018-01-29,29,1,2018,14,2,1,1,,1,1,Asphalt,4,5,1,55,1,1,1,5,0,0,0,0,true,false,false,false,false,false,false,false,false,true,false,false,false,false,false,false,false,false,false,false,false,false,-83.08509,42.33208,"{
  ""coordinates"": [
    -8.308509218807021e+01,
    4.233208099686370e+01
  ],
  ""type"": ""Point""
}","{
  ""coordinates"": [
    -83.085092188,
    42.332080997
  ],
  ""type"": ""Point""
}",-83.085092188,42.332080997
8050,1284649,GRATIOT,OUTER,2018-01-29,29,1,2018,21,2,1,3,,1,0,Asphalt,3,5,4,35,7,2,2,2,0,1,0,0,false,false,false,false,false,false,false,false,false,false,false,false,false,false,false,false,false,false,false,false,true,false,-82.99668,42.40615,"{
  ""coordinates"": [
    -8.299668403427211e+01,
    4.240615568271580e+01
  ],
  ""type"": ""Point""
}","{
  ""coordinates"": [
    -82.996684034,
    42.406155683
  ],
  ""type"": ""Point""
}",-82.9966840339999,42.4061556830001
8051,1283555,FORT,ROSA PARKS,2018-01-29,29,1,2018,17,2,97,3,,1,0,Concrete,4,5,4,30,4,3,3,4,0,0,0,1,false,false,false,false,true,false,false,false,false,false,false,false,false,true,false,false,false,false,false,false,false,false,-83.06685,42.32235,"{
  ""coordinates"": [
    -8.306684505200840e+01,
    4.232235418822690e+01
  ],
  ""type"": ""Point""
}","{
  ""coordinates"": [
    -83.066845052,
    42.322354188
  ],
  ""type"": ""Point""
}",-83.066845052,42.3223541880001
8052,1284600,ALTER,WARREN,2018-01-29,29,1,2018,17,2,9,9,,4,2,Asphalt,4,5,3,30,4,2,1,5,0,0,0,0,true,false,false,false,true,false,false,false,false,false,false,false,false,false,false,false,false,false,false,false,false,false,-82.9543,42.39679,"{
  ""coordinates"": [
    -8.295429688287329e+01,
    4.239679358277250e+01
  ],
  ""type"": ""Point""
}","{
  ""coordinates"": [
    -82.954296883,
    42.396793583
  ],
  ""type"": ""Point""
}",-82.954296883,42.396793583
8053,1283580,GRAND RIVER,LONGACRE,2018-01-29,29,1,2018,17,2,97,3,,1,0,Asphalt,4,5,1,35,5,2,2,5,0,0,0,0,true,false,false,false,false,false,false,false,false,false,false,false,false,false,false,false,false,false,false,false,false,false,-83.21518,42.39944,"{
  ""coordinates"": [
    -8.321517645877150e+01,
    4.239944442085520e+01
  ],
  ""type"": ""Point""
}","{
  ""coordinates"": [
    -83.215176459,
    42.399444421
  ],
  ""type"": ""Point""
}",-83.215176459,42.3994444210001
8054,1283592,HAYES,7 MILE,2018-01-29,29,1,2018,8,2,6,9,,4,0,Asphalt,4,5,1,35,4,2,1,4,0,0,0,1,false,false,false,false,false,false,false,false,false,false,false,false,false,false,false,false,false,false,false,false,false,false,-82.96547,42.43521,"{
  ""coordinates"": [
    -8.296546775747240e+01,
    4.243521660568500e+01
  ],
  ""type"": ""Point""
}","{
  ""coordinates"": [
    -82.965467757,
    42.435216606
  ],
  ""type"": ""Point""
}",-82.9654677569999,42.435216606
8055,1284525,I-96 FWY,EVERGREEN,2018-01-29,29,1,2018,21,2,1,1,,1,1,Concrete,2,5,4,70,3,1,1,5,0,0,0,0,true,false,false,false,false,false,false,false,false,true,false,false,false,false,false,false,false,false,false,false,false,false,-83.24374,42.38533,"{
  ""coordinates"": [
    -8.324373875811820e+01,
    4.238533243513820e+01
  ],
  ""type"": ""Point""
}","{
  ""coordinates"": [
    -83.243738758,
    42.385332435
  ],
  ""type"": ""Point""
}",-83.2437387579999,42.3853324350001
8056,1333648,MORANG,7MILE,2018-01-29,29,1,2018,18,2,4,9,,4,0,Asphalt,1,1,4,30,2,2,1,5,0,0,0,0,true,false,false,false,false,false,false,false,false,false,false,false,false,false,false,false,false,false,false,false,false,false,-82.96197,42.43542,"{
  ""coordinates"": [
    -8.296196382627190e+01,
    4.243541879174710e+01
  ],
  ""type"": ""Point""
}","{
  ""coordinates"": [
    -82.961963826,
    42.435418792
  ],
  ""type"": ""Point""
}",-82.961963826,42.4354187920001
8057,1284597,LONYO,DIX,2018-01-29,29,1,2018,18,2,8,9,,4,0,Asphalt,4,5,3,35,2,2,1,5,0,0,0,0,true,false,false,false,false,false,false,false,false,false,false,false,false,false,false,false,false,false,false,false,false,false,-83.13525,42.31777,"{
  ""coordinates"": [
    -8.313525708416770e+01,
    4.231776693930300e+01
  ],
  ""type"": ""Point""
}","{
  ""coordinates"": [
    -83.135257084,
    42.317766939
  ],
  ""type"": ""Point""
}",-83.135257084,42.3177669390001
8058,1282083,ADELAIDE,ORLEANS,2018-01-29,29,1,2018,,2,1,9,,,1,,2,1,4,25,2,1,0,5,0,0,0,0,true,false,false,false,false,false,false,false,false,false,false,false,false,false,false,false,false,false,false,false,false,false,-83.03725,42.34782,"{
  ""coordinates"": [
    -8.303725204455711e+01,
    4.234781808243430e+01
  ],
  ""type"": ""Point""
}","{
  ""coordinates"": [
    -83.037252045,
    42.347818082
  ],
  ""type"": ""Point""
}",-83.0372520449999,42.3478180820001
8059,1283588,FERGUSON,OUTER,2018-01-29,29,1,2018,7,2,5,9,,,0,,4,5,1,25,2,2,0,5,0,0,0,0,true,false,false,false,true,false,false,false,false,false,false,false,false,false,false,false,false,false,false,false,false,false,-83.21016,42.41938,"{
  ""coordinates"": [
    -8.321015761424491e+01,
    4.241937901697990e+01
  ],
  ""type"": ""Point""
}","{
  ""coordinates"": [
    -83.210157614,
    42.419379017
  ],
  ""type"": ""Point""
}",-83.210157614,42.419379017
8060,1284382,M-39,GRAND RIVER,2018-01-29,29,1,2018,14,2,8,3,,1,0,Asphalt,4,5,1,55,3,2,1,5,0,0,0,0,true,false,false,false,true,false,false,false,false,false,false,false,false,false,true,false,false,false,false,false,false,false,-83.21806,42.39705,"{
  ""coordinates"": [
    -8.321805249306939e+01,
    4.239705043286170e+01
  ],
  ""type"": ""Point""
}","{
  ""coordinates"": [
    -83.218052493,
    42.397050433
  ],
  ""type"": ""Point""
}",-83.218052493,42.3970504330001