ObjectId,Crash ID,Primary Road,Intersecting Road,Crash Date,Day,Month,Year,Hour,Weekday,Crash Type Code,Highway Classification Code,Community Code,Jurisdiction Code,Lane Departure Type Code,Surface Type,Road Condition,Weather Condition,Lighting Condition,Speed Limit,Lanes,Units,Occupants,Most Severe Injury,Fatal Injuries,Suspected Serious Injuries,Suspected Minor Injuries,Possible Injuries,Property Damage Only,Secondary Crash,Traffic Control,Red Light Run,Hit and Run,Alcohol,Drugs,Unbelted Person,Work Zone,Speeding Driver,Distracted Driver,Driveway,Pedestrian,Elderly Driver,Young Driver,Commercial Vehicle,Emergency Vehicles,Train,School Bus,Motorcycle,Bicycle,Deer,Longitude,Latitude,geom,geog,x,y
8061,1298519,W I 96,W I 96 CD,2018-01-29,29,1,2018,13,2,1,1,,1,1,Concrete,2,5,1,70,4,1,1,4,0,0,0,1,false,false,false,false,false,false,false,false,false,true,false,false,false,false,false,false,false,false,false,false,false,false,-83.25146,42.38555,"{
  ""coordinates"": [
    -8.325145637623440e+01,
    4.238554719952100e+01
  ],
  ""type"": ""Point""
}","{
  ""coordinates"": [
    -83.251456376,
    42.3855472
  ],
  ""type"": ""Point""
}",-83.251456376,42.3855472000001
8062,1299779,I 75,7 MILE,2018-01-29,29,1,2018,15,2,8,1,,1,0,Asphalt,4,2,1,70,4,2,2,5,0,0,0,0,true,false,false,false,false,false,false,false,false,true,false,false,false,true,false,false,false,false,false,false,false,false,-83.0948,42.4361,"{
  ""coordinates"": [
    -8.309480110042830e+01,
    4.243610369103480e+01
  ],
  ""type"": ""Point""
}","{
  ""coordinates"": [
    -83.0948011,
    42.436103691
  ],
  ""type"": ""Point""
}",-83.0948011,42.436103691
8063,1308264,WASHINGTON,LAFAYETTE,2018-01-29,29,1,2018,6,2,97,9,,4,0,Asphalt,1,1,3,25,5,2,2,5,0,0,0,0,true,false,false,false,false,false,false,false,false,false,false,false,false,false,false,false,false,false,false,false,false,false,-83.05048,42.33051,"{
  ""coordinates"": [
    -8.305047952374549e+01,
    4.233051306394650e+01
  ],
  ""type"": ""Point""
}","{
  ""coordinates"": [
    -83.050479524,
    42.330513064
  ],
  ""type"": ""Point""
}",-83.050479524,42.3305130640001
8064,1304274,I-96,GREENFIELD,2018-01-29,29,1,2018,8,2,8,1,,1,0,Concrete,2,5,1,55,4,2,1,5,0,0,0,0,true,false,false,false,true,false,false,false,false,false,false,false,false,false,false,false,false,false,false,false,false,false,-83.19315,42.3791,"{
  ""coordinates"": [
    -8.319315068454070e+01,
    4.237909944024560e+01
  ],
  ""type"": ""Point""
}","{
  ""coordinates"": [
    -83.193150685,
    42.37909944
  ],
  ""type"": ""Point""
}",-83.193150685,42.3790994400001
8065,1283556,WOODWARD,BALTIMORE,2018-01-29,29,1,2018,17,2,8,3,,1,0,Asphalt,4,5,4,35,3,2,2,5,0,0,0,0,true,false,false,false,true,false,false,false,false,false,false,false,false,false,false,false,false,false,false,false,false,false,-83.07178,42.36792,"{
  ""coordinates"": [
    -8.307177639321350e+01,
    4.236792277026570e+01
  ],
  ""type"": ""Point""
}","{
  ""coordinates"": [
    -83.071776393,
    42.36792277
  ],
  ""type"": ""Point""
}",-83.0717763929999,42.3679227700001
8066,1283608,DAVISON CROSSOVER,MONICA,2018-01-29,29,1,2018,9,2,5,3,,1,0,Concrete,4,5,1,25,2,2,2,5,0,0,0,0,true,false,false,false,false,false,false,false,false,false,false,false,false,false,false,false,false,false,false,false,false,false,-83.14252,42.38638,"{
  ""coordinates"": [
    -8.314251483624810e+01,
    4.238638121075510e+01
  ],
  ""type"": ""Point""
}","{
  ""coordinates"": [
    -83.142514836,
    42.386381211
  ],
  ""type"": ""Point""
}",-83.142514836,42.3863812110001
8067,1284537,M-39,SCHOOLCRAFT,2018-01-29,29,1,2018,15,2,5,3,,1,0,Asphalt,4,5,1,55,3,2,3,5,0,0,0,0,true,false,false,false,false,false,false,false,false,false,false,false,false,false,false,false,false,false,false,false,false,false,-83.21754,42.38651,"{
  ""coordinates"": [
    -8.321754147074270e+01,
    4.238650684583280e+01
  ],
  ""type"": ""Point""
}","{
  ""coordinates"": [
    -83.217541471,
    42.386506846
  ],
  ""type"": ""Point""
}",-83.2175414709999,42.386506846
8068,1283628,N M 10,GREENLAWN,2018-01-29,29,1,2018,8,2,5,3,,1,0,Concrete,3,5,1,35,2,2,2,5,0,0,0,0,true,false,false,false,false,false,false,false,false,true,false,false,false,true,false,false,false,false,false,false,false,false,-83.15039,42.40487,"{
  ""coordinates"": [
    -8.315039318250460e+01,
    4.240486754750000e+01
  ],
  ""type"": ""Point""
}","{
  ""coordinates"": [
    -83.150393183,
    42.404867547
  ],
  ""type"": ""Point""
}",-83.1503931829999,42.404867547
8069,1293529,MOUND,8 MILE,2018-01-29,29,1,2018,17,2,8,3,,2,0,Asphalt,6,5,1,35,4,2,3,5,0,0,0,0,true,false,false,false,true,false,false,false,false,false,false,false,false,false,false,false,false,false,false,false,false,false,-83.04395,42.44775,"{
  ""coordinates"": [
    -8.304395475275820e+01,
    4.244775262126840e+01
  ],
  ""type"": ""Point""
}","{
  ""coordinates"": [
    -83.043954753,
    42.447752621
  ],
  ""type"": ""Point""
}",-83.043954753,42.4477526210001
8070,1284523,E I 94,GRAND,2018-01-29,29,1,2018,11,2,1,1,,1,1,Asphalt,6,8,1,55,3,1,1,5,0,0,0,0,true,false,false,false,false,false,false,false,false,true,false,false,false,false,false,false,false,false,false,false,false,false,-83.1097,42.34649,"{
  ""coordinates"": [
    -8.310970668043670e+01,
    4.234648447643050e+01
  ],
  ""type"": ""Point""
}","{
  ""coordinates"": [
    -83.10970668,
    42.346484476
  ],
  ""type"": ""Point""
}",-83.10970668,42.3464844760001
8071,1292277,MOUND,N MOUND/S MOUND,2018-01-29,29,1,2018,10,2,1,9,,2,1,Asphalt,2,1,4,,2,1,1,5,0,0,0,0,true,false,false,false,false,false,false,false,false,true,false,false,false,false,false,false,false,false,false,false,false,false,-83.04249,42.40832,"{
  ""coordinates"": [
    -8.304248886423200e+01,
    4.240832049003410e+01
  ],
  ""type"": ""Point""
}","{
  ""coordinates"": [
    -83.042488864,
    42.40832049
  ],
  ""type"": ""Point""
}",-83.0424888639999,42.4083204900001
8072,1296086,ASHTON,WESTFIELD,2018-01-29,29,1,2018,15,2,4,9,,,0,,3,2,1,25,4,2,2,5,0,0,0,0,true,false,false,false,false,false,false,false,false,false,false,false,false,false,true,false,false,false,false,false,false,false,-83.21783,42.36321,"{
  ""coordinates"": [
    -8.321783625169280e+01,
    4.236321413692620e+01
  ],
  ""type"": ""Point""
}","{
  ""coordinates"": [
    -83.217836252,
    42.363214137
  ],
  ""type"": ""Point""
}",-83.217836252,42.3632141370001
8073,1284363,W/B I-96,GRAND,2018-01-29,29,1,2018,12,2,1,1,,1,1,Asphalt,2,5,1,70,4,1,1,5,0,0,0,0,true,false,false,false,false,false,false,false,false,true,false,false,false,false,false,false,false,false,false,false,false,false,-83.10981,42.35561,"{
  ""coordinates"": [
    -8.310981296642660e+01,
    4.235560930690380e+01
  ],
  ""type"": ""Point""
}","{
  ""coordinates"": [
    -83.109812966,
    42.355609307
  ],
  ""type"": ""Point""
}",-83.1098129659999,42.3556093070001
8074,1284625,N M 10,LAFAYETTE,2018-01-29,29,1,2018,10,2,5,3,,1,0,Asphalt,4,5,1,55,4,2,1,5,0,0,0,0,true,false,false,false,false,false,false,false,false,true,false,false,false,false,false,false,false,false,false,false,false,false,-83.05663,42.32786,"{
  ""coordinates"": [
    -8.305662670707930e+01,
    4.232786113354520e+01
  ],
  ""type"": ""Point""
}","{
  ""coordinates"": [
    -83.056626707,
    42.327861134
  ],
  ""type"": ""Point""
}",-83.056626707,42.327861134
8075,1299780,N/B I-75,7 MILE,2018-01-29,29,1,2018,17,2,5,1,,1,0,Asphalt,4,2,3,70,4,2,3,5,0,0,0,0,true,false,false,false,false,false,false,false,false,false,false,false,false,false,false,false,false,false,false,false,false,false,-83.0948,42.4361,"{
  ""coordinates"": [
    -8.309480110042830e+01,
    4.243610369103480e+01
  ],
  ""type"": ""Point""
}","{
  ""coordinates"": [
    -83.0948011,
    42.436103691
  ],
  ""type"": ""Point""
}",-83.0948011,42.436103691
8076,1301083,GRAND RIVER,LINWOOD,2018-01-29,29,1,2018,7,2,1,3,,1,1,Asphalt,4,2,1,35,4,1,1,5,0,0,0,0,true,false,false,false,false,false,false,false,false,false,false,false,false,false,false,false,false,false,false,false,false,false,-83.09256,42.35001,"{
  ""coordinates"": [
    -8.309255629786530e+01,
    4.235001198360600e+01
  ],
  ""type"": ""Point""
}","{
  ""coordinates"": [
    -83.092556298,
    42.350011984
  ],
  ""type"": ""Point""
}",-83.092556298,42.350011984
8077,1304315,CHANDLER,CHANDLER PARK,2018-01-29,29,1,2018,8,2,1,9,,2,1,Asphalt,4,5,1,25,4,1,1,5,0,0,0,0,true,false,false,false,false,false,false,false,false,true,false,false,false,false,false,false,false,false,false,false,false,false,-82.97012,42.3974,"{
  ""coordinates"": [
    -8.297012368643600e+01,
    4.239739919781430e+01
  ],
  ""type"": ""Point""
}","{
  ""coordinates"": [
    -82.970123686,
    42.397399198
  ],
  ""type"": ""Point""
}",-82.970123686,42.3973991980001
8078,1315794,S M 10,CLAIRMOUNT,2018-01-29,29,1,2018,11,2,1,3,,1,0,Concrete,3,5,1,30,2,1,1,4,0,0,0,1,false,false,false,false,false,false,false,false,false,false,false,false,false,false,false,false,false,false,false,false,false,false,-83.09048,42.37978,"{
  ""coordinates"": [
    -8.309048590391330e+01,
    4.237977864409880e+01
  ],
  ""type"": ""Point""
}","{
  ""coordinates"": [
    -83.090485904,
    42.379778644
  ],
  ""type"": ""Point""
}",-83.090485904,42.3797786440001
8079,1324888,M-10,WYOMING,2018-01-29,29,1,2018,16,2,5,3,,4,0,Concrete,4,5,1,55,3,3,6,5,0,0,0,0,true,false,false,false,false,false,false,false,false,false,false,false,false,false,true,false,false,false,false,false,false,false,-83.15968,42.40559,"{
  ""coordinates"": [
    -8.315967665851871e+01,
    4.240558497436500e+01
  ],
  ""type"": ""Point""
}","{
  ""coordinates"": [
    -83.159676659,
    42.405584974
  ],
  ""type"": ""Point""
}",-83.159676659,42.4055849740001
8080,1285659,I-75,CARPENTER,2018-01-29,29,1,2018,10,2,5,1,,1,0,Asphalt,6,5,1,70,4,2,3,5,0,0,0,0,true,false,false,false,false,false,false,false,false,true,false,false,false,false,false,false,false,false,false,false,false,false,-83.07328,42.40448,"{
  ""coordinates"": [
    -8.307328283096069e+01,
    4.240448274433480e+01
  ],
  ""type"": ""Point""
}","{
  ""coordinates"": [
    -83.073282831,
    42.404482744
  ],
  ""type"": ""Point""
}",-83.073282831,42.4044827440001
8081,1283627,MCNICHOLS,MEYERS,2018-01-29,29,1,2018,9,2,1,9,,2,1,Asphalt,3,5,1,30,4,1,2,3,0,0,1,0,false,false,false,false,false,false,false,false,false,true,false,false,false,false,false,false,false,false,false,false,false,false,-83.16996,42.41666,"{
  ""coordinates"": [
    -8.316995646940209e+01,
    4.241666086677810e+01
  ],
  ""type"": ""Point""
}","{
  ""coordinates"": [
    -83.169956469,
    42.416660867
  ],
  ""type"": ""Point""
}",-83.1699564689999,42.4166608670001
8082,1284531,M-10,DAVISON,2018-01-29,29,1,2018,6,2,1,3,,1,1,Concrete,2,5,4,55,3,1,1,5,0,0,0,0,true,false,false,false,false,false,false,false,false,true,false,false,false,false,false,false,false,false,false,false,false,false,-83.10962,42.39817,"{
  ""coordinates"": [
    -8.310961784823920e+01,
    4.239817303991630e+01
  ],
  ""type"": ""Point""
}","{
  ""coordinates"": [
    -83.109617848,
    42.39817304
  ],
  ""type"": ""Point""
}",-83.109617848,42.3981730400001
8083,1284665,LIVERNOIS,DAVISON,2018-01-29,29,1,2018,11,2,5,3,,4,0,Concrete,4,5,1,35,2,2,1,5,0,0,0,0,true,false,false,false,true,false,false,false,false,false,false,false,false,false,false,false,false,false,false,false,false,false,-83.13962,42.3863,"{
  ""coordinates"": [
    -8.313962118317050e+01,
    4.238630344474940e+01
  ],
  ""type"": ""Point""
}","{
  ""coordinates"": [
    -83.139621183,
    42.386303445
  ],
  ""type"": ""Point""
}",-83.139621183,42.3863034450001
8084,1283618,RYAN,HAMLET,2018-01-29,29,1,2018,18,2,5,9,,4,0,Asphalt,4,5,4,35,4,2,1,5,0,0,0,0,true,false,false,false,false,false,false,false,false,false,true,false,false,false,false,false,false,false,false,false,false,false,-83.06381,42.44556,"{
  ""coordinates"": [
    -8.306381301890529e+01,
    4.244555853966760e+01
  ],
  ""type"": ""Point""
}","{
  ""coordinates"": [
    -83.063813019,
    42.44555854
  ],
  ""type"": ""Point""
}",-83.063813019,42.44555854
8085,1283561,FORT,CENTRAL,2018-01-29,29,1,2018,7,2,4,3,,1,0,Asphalt,4,5,2,35,6,2,3,4,0,0,0,2,false,false,false,false,false,false,false,false,false,false,false,false,false,false,false,true,false,false,false,false,false,false,-83.11655,42.30123,"{
  ""coordinates"": [
    -8.311654782403301e+01,
    4.230122983463920e+01
  ],
  ""type"": ""Point""
}","{
  ""coordinates"": [
    -83.116547824,
    42.301229835
  ],
  ""type"": ""Point""
}",-83.116547824,42.3012298350001
8086,1296013,M-39,JOY,2018-01-29,29,1,2018,8,2,5,3,,1,0,Asphalt,4,5,1,55,3,2,2,5,0,0,0,0,true,false,false,false,false,false,false,true,false,false,false,false,false,false,false,false,false,false,false,false,false,false,-83.21633,42.36147,"{
  ""coordinates"": [
    -8.321633176216559e+01,
    4.236146875811890e+01
  ],
  ""type"": ""Point""
}","{
  ""coordinates"": [
    -83.216331762,
    42.361468758
  ],
  ""type"": ""Point""
}",-83.216331762,42.3614687580001
8087,1284620,I 94,DICKERSON,2018-01-29,29,1,2018,8,2,1,1,,1,1,Asphalt,4,5,1,55,3,1,1,5,0,0,0,0,true,false,false,false,false,false,false,false,false,false,false,false,false,false,false,false,false,false,false,false,false,false,-82.97269,42.40155,"{
  ""coordinates"": [
    -8.297268372160430e+01,
    4.240154760030610e+01
  ],
  ""type"": ""Point""
}","{
  ""coordinates"": [
    -82.972683722,
    42.4015476
  ],
  ""type"": ""Point""
}",-82.9726837219999,42.4015476000001
8088,1284594,PACFIC,BEECHWOOD,2018-01-29,29,1,2018,16,2,4,9,,,0,,4,5,1,25,1,2,1,5,0,0,0,0,true,false,false,false,false,false,false,false,false,false,false,false,false,true,false,false,false,false,false,false,false,false,-83.12114,42.35653,"{
  ""coordinates"": [
    -8.312113722010839e+01,
    4.235653274824820e+01
  ],
  ""type"": ""Point""
}","{
  ""coordinates"": [
    -83.12113722,
    42.356532748
  ],
  ""type"": ""Point""
}",-83.12113722,42.3565327480001
8089,1282092,HILEDALE,LAMONT,2018-01-29,29,1,2018,1,2,1,9,,,1,,1,1,5,25,2,1,2,4,0,0,0,1,false,false,false,false,false,false,false,false,false,false,false,false,false,false,false,false,false,false,false,false,false,false,-83.0545,42.42969,"{
  ""coordinates"": [
    -8.305449891754240e+01,
    4.242969060989850e+01
  ],
  ""type"": ""Point""
}","{
  ""coordinates"": [
    -83.054498918,
    42.42969061
  ],
  ""type"": ""Point""
}",-83.054498918,42.4296906100001
8090,1283572,WARREN,LONGACRE,2018-01-29,29,1,2018,12,2,5,9,,2,0,Asphalt,4,5,1,30,4,2,1,4,0,0,0,1,false,false,false,false,true,false,false,false,false,false,false,false,false,false,false,false,false,false,false,false,false,false,-83.21358,42.34341,"{
  ""coordinates"": [
    -8.321357419992290e+01,
    4.234341037479440e+01
  ],
  ""type"": ""Point""
}","{
  ""coordinates"": [
    -83.2135742,
    42.343410375
  ],
  ""type"": ""Point""
}",-83.2135742,42.3434103750001
8091,1283557,ARMY,LIVERNOIS,2018-01-29,29,1,2018,9,2,4,9,,,0,,4,5,1,25,2,2,2,5,0,0,0,0,true,false,false,false,false,false,false,false,false,false,false,false,false,false,false,false,false,false,false,false,false,false,-83.10616,42.31034,"{
  ""coordinates"": [
    -8.310616264875750e+01,
    4.231034112964960e+01
  ],
  ""type"": ""Point""
}","{
  ""coordinates"": [
    -83.106162649,
    42.31034113
  ],
  ""type"": ""Point""
}",-83.1061626489999,42.31034113
8092,1283587,WOODBINE,PICKFORD,2018-01-29,29,1,2018,12,2,1,9,,,0,,4,4,1,25,2,1,3,5,0,0,0,0,true,false,false,false,false,false,false,false,false,false,false,false,false,false,false,false,false,false,false,false,false,false,-83.2787,42.42353,"{
  ""coordinates"": [
    -8.327870010154450e+01,
    4.242352657318670e+01
  ],
  ""type"": ""Point""
}","{
  ""coordinates"": [
    -83.278700102,
    42.423526573
  ],
  ""type"": ""Point""
}",-83.278700102,42.4235265730001
8093,1283579,GREENFIELD,GRAND RIVER,2018-01-29,29,1,2018,10,2,5,3,,2,0,Asphalt,4,5,1,25,1,2,1,5,0,0,0,0,true,false,false,false,true,false,false,false,false,false,false,false,false,false,false,false,false,false,false,false,false,false,-83.19836,42.39268,"{
  ""coordinates"": [
    -8.319836621562510e+01,
    4.239268654630430e+01
  ],
  ""type"": ""Point""
}","{
  ""coordinates"": [
    -83.198366216,
    42.392686546
  ],
  ""type"": ""Point""
}",-83.198366216,42.392686546
8094,1284639,N M 39,GRAND RIVER,2018-01-29,29,1,2018,18,2,8,3,,1,0,Asphalt,4,5,4,,1,2,2,5,0,0,0,0,true,false,false,false,false,false,false,false,false,false,false,false,false,false,false,true,false,false,false,false,false,false,-83.2182,42.40064,"{
  ""coordinates"": [
    -8.321820351171880e+01,
    4.240064242054190e+01
  ],
  ""type"": ""Point""
}","{
  ""coordinates"": [
    -83.218203512,
    42.400642421
  ],
  ""type"": ""Point""
}",-83.2182035119999,42.400642421
8095,1286634,RAMP 122L,N M 10,2018-01-29,29,1,2018,10,2,1,1,,1,1,Concrete,4,5,1,55,1,1,1,5,0,0,0,0,true,false,false,false,false,false,false,false,false,true,false,false,false,false,false,false,false,false,false,false,false,false,-83.06565,42.33818,"{
  ""coordinates"": [
    -8.306565072086630e+01,
    4.233818323586440e+01
  ],
  ""type"": ""Point""
}","{
  ""coordinates"": [
    -83.065650721,
    42.338183236
  ],
  ""type"": ""Point""
}",-83.0656507209999,42.3381832360001
8096,1284571,GRAND,CAMERON,2018-01-29,29,1,2018,15,2,5,9,,4,0,Asphalt,3,5,1,30,3,2,2,5,0,0,0,0,true,false,false,false,false,false,false,false,false,false,false,false,false,false,false,false,false,false,false,false,false,false,-83.06206,42.37432,"{
  ""coordinates"": [
    -8.306205647099701e+01,
    4.237431734812490e+01
  ],
  ""type"": ""Point""
}","{
  ""coordinates"": [
    -83.062056471,
    42.374317348
  ],
  ""type"": ""Point""
}",-83.0620564709999,42.374317348
8097,1284586,CENTRAL,W I 94,2018-01-29,29,1,2018,16,2,4,9,,4,0,Asphalt,3,5,1,25,2,2,2,5,0,0,0,0,true,false,false,false,false,false,false,false,false,true,false,false,false,false,false,true,false,false,false,false,false,false,-83.13847,42.3324,"{
  ""coordinates"": [
    -8.313847226873510e+01,
    4.233239722271320e+01
  ],
  ""type"": ""Point""
}","{
  ""coordinates"": [
    -83.138472269,
    42.332397223
  ],
  ""type"": ""Point""
}",-83.138472269,42.332397223
8098,1284585,MICHIGAN,TERNES,2018-01-29,29,1,2018,16,2,4,2,,1,0,Asphalt,3,5,1,35,5,2,2,5,0,0,0,0,true,false,false,false,false,false,false,false,false,false,false,false,false,false,false,true,false,false,false,false,false,false,-83.14199,42.33087,"{
  ""coordinates"": [
    -8.314199311695791e+01,
    4.233086641926690e+01
  ],
  ""type"": ""Point""
}","{
  ""coordinates"": [
    -83.141993117,
    42.330866419
  ],
  ""type"": ""Point""
}",-83.141993117,42.3308664190001
8099,1284522,E/B I-96,FULLERTON,2018-01-29,29,1,2018,10,2,1,1,,1,1,Concrete,4,8,1,70,4,1,1,5,0,0,0,0,true,false,false,false,false,false,false,false,false,true,false,false,false,false,true,false,false,false,false,false,false,false,-83.1881,42.38048,"{
  ""coordinates"": [
    -8.318810519207121e+01,
    4.238048200135610e+01
  ],
  ""type"": ""Point""
}","{
  ""coordinates"": [
    -83.188105192,
    42.380482001
  ],
  ""type"": ""Point""
}",-83.188105192,42.3804820010001
8100,1284676,OUTER,BLOOM,2018-01-28,28,1,2018,2,1,4,9,,2,0,Asphalt,1,1,5,40,4,2,1,5,0,0,0,0,true,false,false,false,true,false,false,false,false,false,false,false,false,false,false,false,false,false,false,false,false,false,-83.04913,42.44061,"{
  ""coordinates"": [
    -8.304912476170890e+01,
    4.244061054603000e+01
  ],
  ""type"": ""Point""
}","{
  ""coordinates"": [
    -83.049124762,
    42.440610546
  ],
  ""type"": ""Point""
}",-83.049124762,42.4406105460001
8101,1284657,DAVISON,WOODROW WILSON,2018-01-28,28,1,2018,19,1,8,3,,1,0,Concrete,1,1,4,35,3,2,2,5,0,0,0,0,true,false,false,false,true,false,false,false,false,false,false,false,false,false,false,false,true,false,false,false,false,false,-83.11085,42.39762,"{
  ""coordinates"": [
    -8.311084573267181e+01,
    4.239761830101130e+01
  ],
  ""type"": ""Point""
}","{
  ""coordinates"": [
    -83.110845733,
    42.397618301
  ],
  ""type"": ""Point""
}",-83.110845733,42.3976183010001
8102,1283584,ASBURY,MIDLAND,2018-01-28,28,1,2018,15,1,4,9,,4,0,Asphalt,1,1,1,25,4,2,2,5,0,0,0,0,true,false,false,false,true,false,false,false,false,false,false,false,false,false,true,false,false,false,false,false,false,false,-83.20858,42.40488,"{
  ""coordinates"": [
    -8.320858151390949e+01,
    4.240488353304420e+01
  ],
  ""type"": ""Point""
}","{
  ""coordinates"": [
    -83.208581514,
    42.404883533
  ],
  ""type"": ""Point""
}",-83.2085815139999,42.404883533
8103,1282091,STATEFAIR,RIOPELLE,2018-01-28,28,1,2018,10,1,3,9,,4,0,Asphalt,1,1,1,35,2,2,5,4,0,0,0,1,false,false,false,false,false,false,false,false,false,false,false,false,false,false,true,false,false,false,false,false,false,false,-83.08678,42.43999,"{
  ""coordinates"": [
    -8.308677424784130e+01,
    4.243999010021440e+01
  ],
  ""type"": ""Point""
}","{
  ""coordinates"": [
    -83.086774248,
    42.4399901
  ],
  ""type"": ""Point""
}",-83.086774248,42.4399901
8104,1282094,DAVISON SERVICE,CONANT,2018-01-28,28,1,2018,3,1,5,3,,4,0,Asphalt,1,1,5,35,3,2,1,5,0,0,0,0,true,false,false,false,true,false,false,false,false,false,false,false,false,false,false,false,false,false,false,false,false,false,-83.06142,42.41555,"{
  ""coordinates"": [
    -8.306141924714051e+01,
    4.241554665073090e+01
  ],
  ""type"": ""Point""
}","{
  ""coordinates"": [
    -83.061419247,
    42.415546651
  ],
  ""type"": ""Point""
}",-83.0614192469999,42.4155466510001
8105,1283600,GRATIOT,BARLOW,2018-01-28,28,1,2018,19,1,3,3,,1,0,Asphalt,1,1,4,40,6,2,2,5,0,0,0,0,true,false,false,false,true,false,false,false,false,false,false,false,false,false,false,false,false,false,false,false,false,false,-82.98881,42.41818,"{
  ""coordinates"": [
    -8.298881097351720e+01,
    4.241818322125480e+01
  ],
  ""type"": ""Point""
}","{
  ""coordinates"": [
    -82.988810974,
    42.418183221
  ],
  ""type"": ""Point""
}",-82.988810974,42.418183221
8106,1284663,CHICAGO,SAVERY,2018-01-28,28,1,2018,12,1,3,9,,4,0,Asphalt,4,5,1,25,2,2,2,5,0,0,0,0,true,false,true,false,false,false,false,false,false,false,false,false,false,false,false,false,false,false,false,false,false,false,-83.11761,42.37407,"{
  ""coordinates"": [
    -8.311761323106100e+01,
    4.237406535352440e+01
  ],
  ""type"": ""Point""
}","{
  ""coordinates"": [
    -83.117613231,
    42.374065354
  ],
  ""type"": ""Point""
}",-83.117613231,42.374065354
8107,1282100,MACK,BEAUBIEN,2018-01-28,28,1,2018,17,1,97,9,,4,0,Asphalt,1,1,3,35,3,2,2,5,0,0,0,0,true,false,false,false,false,false,false,false,false,false,false,false,false,true,false,false,false,false,false,false,false,false,-83.05206,42.34981,"{
  ""coordinates"": [
    -8.305206670126830e+01,
    4.234981105289080e+01
  ],
  ""type"": ""Point""
}","{
  ""coordinates"": [
    -83.052066701,
    42.349811053
  ],
  ""type"": ""Point""
}",-83.0520667009999,42.3498110530001
8108,1282105,MCNICHOLS,MEYERS,2018-01-28,28,1,2018,13,1,5,9,,2,0,Asphalt,1,1,1,35,2,2,1,5,0,0,0,0,true,false,false,false,true,false,false,false,false,false,false,false,false,false,false,false,false,false,false,false,false,false,-83.1705,42.41665,"{
  ""coordinates"": [
    -8.317050397571251e+01,
    4.241665298058230e+01
  ],
  ""type"": ""Point""
}","{
  ""coordinates"": [
    -83.170503976,
    42.416652981
  ],
  ""type"": ""Point""
}",-83.170503976,42.416652981
8109,1284603,CHANDLER PARK,NEFF,2018-01-28,28,1,2018,17,1,4,9,,2,0,Asphalt,1,1,4,30,4,2,2,5,0,0,0,0,true,false,true,false,false,false,false,false,false,false,false,false,false,true,false,false,false,false,false,false,false,false,-82.92809,42.41273,"{
  ""coordinates"": [
    -8.292809139556159e+01,
    4.241273287501050e+01
  ],
  ""type"": ""Point""
}","{
  ""coordinates"": [
    -82.928091396,
    42.412732875
  ],
  ""type"": ""Point""
}",-82.928091396,42.4127328750001
8110,1283549,SCHOOLCRAFT,ILENE,2018-01-28,28,1,2018,20,1,2,9,,4,0,Asphalt,1,1,4,30,4,2,2,4,0,0,0,1,false,false,false,false,false,false,false,false,false,false,false,false,false,true,false,false,false,false,false,false,false,false,-83.16153,42.38844,"{
  ""coordinates"": [
    -8.316152693843030e+01,
    4.238843793148700e+01
  ],
  ""type"": ""Point""
}","{
  ""coordinates"": [
    -83.161526938,
    42.388437931
  ],
  ""type"": ""Point""
}",-83.161526938,42.3884379310001
8111,1282073,KIRKWOOD,FAUST,2018-01-28,28,1,2018,3,1,1,9,,,0,,1,1,4,25,2,1,1,5,0,0,0,0,true,false,false,false,false,false,false,false,false,false,false,false,false,false,false,false,false,false,false,false,false,false,-83.22041,42.33245,"{
  ""coordinates"": [
    -8.322041148313710e+01,
    4.233244940940610e+01
  ],
  ""type"": ""Point""
}","{
  ""coordinates"": [
    -83.220411483,
    42.332449409
  ],
  ""type"": ""Point""
}",-83.220411483,42.332449409
8112,1282097,8 MILE,STEEL,2018-01-28,28,1,2018,21,1,4,3,,,0,,1,1,4,35,4,2,2,5,0,0,0,0,true,false,false,false,true,false,false,false,false,false,false,true,false,false,false,false,false,false,false,false,false,false,-83.17346,42.4454,"{
  ""coordinates"": [
    -8.317346280883430e+01,
    4.244540186678910e+01
  ],
  ""type"": ""Point""
}","{
  ""coordinates"": [
    -83.173462809,
    42.445401867
  ],
  ""type"": ""Point""
}",-83.1734628089999,42.445401867
8113,1400791,I-96,DAVISON,2018-01-28,28,1,2018,4,1,97,3,,1,0,Asphalt,1,1,4,70,3,4,4,4,0,0,0,3,false,true,false,false,true,false,false,false,false,false,false,false,false,false,false,false,false,false,false,false,false,false,-83.11485,42.39568,"{
  ""coordinates"": [
    -8.311485044600020e+01,
    4.239568213138640e+01
  ],
  ""type"": ""Point""
}","{
  ""coordinates"": [
    -83.114850446,
    42.395682131
  ],
  ""type"": ""Point""
}",-83.1148504459999,42.3956821310001
8114,1289786,CAMDEN,COPLIN,2018-01-28,28,1,2018,15,1,4,9,,,0,,2,2,1,25,2,2,2,3,0,0,1,0,false,false,false,false,true,false,false,false,false,false,false,false,false,false,false,false,false,false,false,false,false,false,-82.97167,42.40529,"{
  ""coordinates"": [
    -8.297167182608050e+01,
    4.240529361284540e+01
  ],
  ""type"": ""Point""
}","{
  ""coordinates"": [
    -82.971671826,
    42.405293613
  ],
  ""type"": ""Point""
}",-82.971671826,42.405293613
8115,1288292,W I 94,GRAND,2018-01-28,28,1,2018,19,1,5,1,,1,0,Asphalt,1,1,3,30,5,2,1,5,0,0,0,0,true,false,false,false,true,false,false,false,false,false,false,true,false,false,false,false,false,false,false,false,false,false,-83.10876,42.34721,"{
  ""coordinates"": [
    -8.310875659154900e+01,
    4.234721123411420e+01
  ],
  ""type"": ""Point""
}","{
  ""coordinates"": [
    -83.108756592,
    42.347211234
  ],
  ""type"": ""Point""
}",-83.108756592,42.347211234