ObjectId,Crash ID,Primary Road,Intersecting Road,Crash Date,Day,Month,Year,Hour,Weekday,Crash Type Code,Highway Classification Code,Community Code,Jurisdiction Code,Lane Departure Type Code,Surface Type,Road Condition,Weather Condition,Lighting Condition,Speed Limit,Lanes,Units,Occupants,Most Severe Injury,Fatal Injuries,Suspected Serious Injuries,Suspected Minor Injuries,Possible Injuries,Property Damage Only,Secondary Crash,Traffic Control,Red Light Run,Hit and Run,Alcohol,Drugs,Unbelted Person,Work Zone,Speeding Driver,Distracted Driver,Driveway,Pedestrian,Elderly Driver,Young Driver,Commercial Vehicle,Emergency Vehicles,Train,School Bus,Motorcycle,Bicycle,Deer,Longitude,Latitude,geom,geog,x,y
8116,1284532,S M 39,RAMP 008K,2018-01-28,28,1,2018,13,1,5,3,,1,0,Asphalt,1,1,1,55,3,2,2,5,0,0,0,0,true,false,false,false,false,false,false,false,false,false,false,false,false,false,false,false,false,false,false,false,false,false,-83.21693,42.37592,"{
  ""coordinates"": [
    -8.321692324282679e+01,
    4.237591420690820e+01
  ],
  ""type"": ""Point""
}","{
  ""coordinates"": [
    -83.216923243,
    42.375914207
  ],
  ""type"": ""Point""
}",-83.2169232429999,42.3759142070001
8117,1282089,GRATIOT,7 MILE,2018-01-28,28,1,2018,11,1,4,3,,1,0,Asphalt,1,1,1,45,8,2,2,5,0,0,0,0,true,false,false,false,false,false,false,false,false,false,true,false,false,false,false,false,false,false,false,false,false,false,-82.97782,42.43489,"{
  ""coordinates"": [
    -8.297781885261870e+01,
    4.243489066504750e+01
  ],
  ""type"": ""Point""
}","{
  ""coordinates"": [
    -82.977818853,
    42.434890665
  ],
  ""type"": ""Point""
}",-82.977818853,42.4348906650001
8118,1283598,CHANDLER PARK,UNIVERSITY,2018-01-28,28,1,2018,15,1,4,9,,2,0,Asphalt,1,1,1,25,2,2,5,2,0,1,1,0,false,false,false,false,false,false,false,false,false,false,false,false,false,false,true,false,false,false,false,false,false,false,-82.92577,42.41385,"{
  ""coordinates"": [
    -8.292576338595330e+01,
    4.241385097961900e+01
  ],
  ""type"": ""Point""
}","{
  ""coordinates"": [
    -82.925763386,
    42.41385098
  ],
  ""type"": ""Point""
}",-82.925763386,42.4138509800001
8119,1282104,MCNICHOLS,GREENLAWN,2018-01-28,28,1,2018,23,1,97,9,,4,0,Asphalt,1,1,5,,2,3,0,2,0,2,0,0,false,false,false,false,true,false,false,false,false,false,false,false,true,false,false,false,false,false,false,false,false,false,-83.15125,42.4171,"{
  ""coordinates"": [
    -8.315124873280141e+01,
    4.241709686354280e+01
  ],
  ""type"": ""Point""
}","{
  ""coordinates"": [
    -83.151248733,
    42.417096864
  ],
  ""type"": ""Point""
}",-83.151248733,42.417096864
8120,1282075,GREENVIEW,PAUL,2018-01-28,28,1,2018,14,1,4,9,,,0,,1,1,1,35,2,2,2,4,0,0,0,1,false,false,false,false,false,false,false,false,false,false,false,false,false,false,false,false,false,false,false,false,false,false,-83.22176,42.33596,"{
  ""coordinates"": [
    -8.322175429626010e+01,
    4.233595698377180e+01
  ],
  ""type"": ""Point""
}","{
  ""coordinates"": [
    -83.221754296,
    42.335956984
  ],
  ""type"": ""Point""
}",-83.221754296,42.3359569840001
8121,1282080,VANDYKE,KERCHEVAL,2018-01-28,28,1,2018,15,1,9,9,,4,2,Asphalt,1,1,1,25,4,2,0,5,0,0,0,0,true,false,false,false,false,false,false,false,false,false,false,false,false,false,false,false,false,false,false,false,false,false,-83.00018,42.35875,"{
  ""coordinates"": [
    -8.300017699616510e+01,
    4.235874737603620e+01
  ],
  ""type"": ""Point""
}","{
  ""coordinates"": [
    -83.000176996,
    42.358747376
  ],
  ""type"": ""Point""
}",-83.0001769959999,42.3587473760001
8122,1291143,JEFFERSON,WOODWARD,2018-01-28,28,1,2018,17,1,5,3,,1,0,Asphalt,1,1,3,35,4,2,2,5,0,0,0,0,true,false,false,false,false,false,false,false,false,false,false,false,false,false,true,false,false,false,false,false,false,false,-83.04476,42.32875,"{
  ""coordinates"": [
    -8.304476378123159e+01,
    4.232875161705200e+01
  ],
  ""type"": ""Point""
}","{
  ""coordinates"": [
    -83.044763781,
    42.328751617
  ],
  ""type"": ""Point""
}",-83.044763781,42.3287516170001
8123,1293486,HARPER,CADIEUX,2018-01-28,28,1,2018,16,1,4,9,,4,0,Asphalt,1,1,1,35,4,2,3,5,0,0,0,0,true,false,false,false,true,false,false,false,false,false,false,false,false,true,false,false,false,false,false,false,false,false,-82.93671,42.41641,"{
  ""coordinates"": [
    -8.293670776811130e+01,
    4.241640808255620e+01
  ],
  ""type"": ""Point""
}","{
  ""coordinates"": [
    -82.936707768,
    42.416408083
  ],
  ""type"": ""Point""
}",-82.936707768,42.4164080830001
8124,1283645,WARREN,SECOND,2018-01-28,28,1,2018,14,1,8,9,,4,0,Asphalt,1,1,1,30,4,2,4,5,0,0,0,0,true,false,false,false,false,false,false,false,false,false,false,false,false,false,true,false,false,false,false,false,false,false,-83.06902,42.35534,"{
  ""coordinates"": [
    -8.306901313149670e+01,
    4.235534338167760e+01
  ],
  ""type"": ""Point""
}","{
  ""coordinates"": [
    -83.069013131,
    42.355343382
  ],
  ""type"": ""Point""
}",-83.069013131,42.3553433820001
8125,1284558,GRAND,SECOND,2018-01-28,28,1,2018,21,1,4,9,,4,0,Asphalt,1,1,4,30,5,2,3,2,0,2,0,0,false,false,false,false,false,false,false,false,false,false,false,false,false,false,false,false,false,false,false,false,false,false,-83.06297,42.34489,"{
  ""coordinates"": [
    -8.306297284783690e+01,
    4.234488554708540e+01
  ],
  ""type"": ""Point""
}","{
  ""coordinates"": [
    -83.062972848,
    42.344885547
  ],
  ""type"": ""Point""
}",-83.062972848,42.344885547
8126,1284660,PETOSKEY,HAZELWOOD,2018-01-28,28,1,2018,23,1,4,9,,,0,,1,1,4,25,2,2,2,5,0,0,0,0,true,false,false,false,true,false,false,false,false,false,false,false,false,false,false,false,false,false,false,false,false,false,-83.12121,42.36642,"{
  ""coordinates"": [
    -8.312121151581890e+01,
    4.236642063617840e+01
  ],
  ""type"": ""Point""
}","{
  ""coordinates"": [
    -83.121211516,
    42.366420636
  ],
  ""type"": ""Point""
}",-83.121211516,42.366420636
8127,1289784,MORANG,FAIRCREST,2018-01-28,28,1,2018,18,1,5,9,,4,0,Asphalt,2,5,1,25,2,2,0,5,0,0,0,0,true,false,false,false,true,false,false,false,false,false,false,false,false,false,false,false,false,false,false,false,false,false,-82.95938,42.43151,"{
  ""coordinates"": [
    -8.295938427576820e+01,
    4.243151370154890e+01
  ],
  ""type"": ""Point""
}","{
  ""coordinates"": [
    -82.959384276,
    42.431513702
  ],
  ""type"": ""Point""
}",-82.959384276,42.4315137020001
8128,1282074,BRACE,WHITLOCK,2018-01-28,28,1,2018,3,1,3,9,,,0,,1,1,5,25,2,2,4,5,0,0,0,0,true,false,false,false,true,false,false,false,false,false,false,false,false,false,false,false,false,false,false,false,false,false,-83.22304,42.33967,"{
  ""coordinates"": [
    -8.322303671858310e+01,
    4.233966919870580e+01
  ],
  ""type"": ""Point""
}","{
  ""coordinates"": [
    -83.223036719,
    42.339669199
  ],
  ""type"": ""Point""
}",-83.2230367189999,42.3396691990001
8129,1282078,GRATIOT,CHENE,2018-01-28,28,1,2018,22,1,5,3,,1,3,Asphalt,1,1,5,40,3,2,1,5,0,0,0,0,true,false,false,false,true,false,false,false,false,false,false,false,false,false,false,false,false,false,false,false,false,false,-83.0321,42.35242,"{
  ""coordinates"": [
    -8.303209634182900e+01,
    4.235241898656600e+01
  ],
  ""type"": ""Point""
}","{
  ""coordinates"": [
    -83.032096342,
    42.352418987
  ],
  ""type"": ""Point""
}",-83.032096342,42.3524189870001
8130,1282072,WESTFIELD,PATTON,2018-01-28,28,1,2018,14,1,4,9,,,0,,1,1,1,25,3,2,1,4,0,0,0,1,false,false,true,false,true,false,false,false,false,false,false,false,false,false,false,false,false,false,false,false,false,false,-83.24207,42.36279,"{
  ""coordinates"": [
    -8.324207007608030e+01,
    4.236278759569600e+01
  ],
  ""type"": ""Point""
}","{
  ""coordinates"": [
    -83.242070076,
    42.362787596
  ],
  ""type"": ""Point""
}",-83.2420700759999,42.362787596
8131,1282077,BURT,ORANGELAWN,2018-01-28,28,1,2018,11,1,4,9,,4,0,Asphalt,1,1,1,30,2,2,3,5,0,0,0,0,true,false,false,false,false,false,false,false,false,false,false,false,false,false,false,false,false,false,false,false,false,false,-83.24605,42.36697,"{
  ""coordinates"": [
    -8.324605172961959e+01,
    4.236697074370550e+01
  ],
  ""type"": ""Point""
}","{
  ""coordinates"": [
    -83.24605173,
    42.366970744
  ],
  ""type"": ""Point""
}",-83.24605173,42.3669707440001
8132,1289767,SECOND,FORT,2018-01-28,28,1,2018,2,1,98,3,,4,0,Asphalt,1,1,4,35,2,2,0,5,0,0,0,0,true,false,false,false,true,false,false,false,false,false,false,true,false,false,false,false,false,false,false,false,false,false,-83.05299,42.32799,"{
  ""coordinates"": [
    -8.305299731104300e+01,
    4.232798698775780e+01
  ],
  ""type"": ""Point""
}","{
  ""coordinates"": [
    -83.052997311,
    42.327986988
  ],
  ""type"": ""Point""
}",-83.052997311,42.3279869880001
8133,1282068,JEFFERSON,BRUSH,2018-01-28,28,1,2018,18,1,6,4,,1,0,Asphalt,1,1,5,35,4,2,2,5,0,0,0,0,true,false,false,false,false,false,false,false,false,false,false,false,false,false,false,false,false,false,false,false,false,false,-83.041,42.33038,"{
  ""coordinates"": [
    -8.304100158429800e+01,
    4.233037722897060e+01
  ],
  ""type"": ""Point""
}","{
  ""coordinates"": [
    -83.041001584,
    42.330377229
  ],
  ""type"": ""Point""
}",-83.041001584,42.3303772290001
8134,1282057,WYOMING,FULLERTON,2018-01-28,28,1,2018,20,1,5,9,,4,0,Asphalt,1,1,4,30,2,2,4,5,0,0,0,0,true,false,false,false,false,false,false,false,false,true,false,false,false,false,false,false,false,false,false,false,false,false,-83.15884,42.38074,"{
  ""coordinates"": [
    -8.315883414822601e+01,
    4.238073929169100e+01
  ],
  ""type"": ""Point""
}","{
  ""coordinates"": [
    -83.158834148,
    42.380739292
  ],
  ""type"": ""Point""
}",-83.158834148,42.380739292
8135,1283625,PURITAN,KENTUCKY,2018-01-28,28,1,2018,15,1,97,9,,4,0,Asphalt,1,1,3,30,2,2,1,5,0,0,0,0,true,false,false,false,false,false,false,false,false,false,false,false,true,false,false,false,false,false,false,false,false,false,-83.1591,42.40972,"{
  ""coordinates"": [
    -8.315910690447340e+01,
    4.240971648428420e+01
  ],
  ""type"": ""Point""
}","{
  ""coordinates"": [
    -83.159106904,
    42.409716484
  ],
  ""type"": ""Point""
}",-83.1591069039999,42.4097164840001
8136,1282065,GRISWOLD,CONGRESS,2018-01-28,28,1,2018,12,1,8,9,,4,0,Asphalt,1,1,1,25,5,2,1,5,0,0,0,0,true,false,false,false,false,false,false,false,false,false,false,false,false,false,false,true,true,false,false,false,false,false,-83.04671,42.32987,"{
  ""coordinates"": [
    -8.304670379202530e+01,
    4.232986936825850e+01
  ],
  ""type"": ""Point""
}","{
  ""coordinates"": [
    -83.046703792,
    42.329869368
  ],
  ""type"": ""Point""
}",-83.046703792,42.3298693680001
8137,1283596,8 MILE,REGENT,2018-01-28,28,1,2018,4,1,5,3,,1,0,Asphalt,1,1,4,40,4,2,2,4,0,0,0,1,false,false,true,true,false,false,false,false,false,false,false,false,false,false,false,false,false,false,false,false,false,false,-82.97596,42.44953,"{
  ""coordinates"": [
    -8.297596354535671e+01,
    4.244952655534970e+01
  ],
  ""type"": ""Point""
}","{
  ""coordinates"": [
    -82.975963545,
    42.449526555
  ],
  ""type"": ""Point""
}",-82.975963545,42.449526555
8138,1284637,GRAND,MOUNT ELLIOTT,2018-01-28,28,1,2018,12,1,97,9,,4,0,Asphalt,1,1,4,30,2,2,0,5,0,0,0,0,true,false,false,false,true,false,false,false,false,false,false,false,false,false,false,false,false,false,false,false,false,false,-83.03145,42.3769,"{
  ""coordinates"": [
    -8.303145172092690e+01,
    4.237689702505730e+01
  ],
  ""type"": ""Point""
}","{
  ""coordinates"": [
    -83.031451721,
    42.376897025
  ],
  ""type"": ""Point""
}",-83.0314517209999,42.3768970250001
8139,1282060,SCHAEFER,PLYMOUTH,2018-01-28,28,1,2018,14,1,4,9,,4,0,Asphalt,1,1,1,30,3,2,4,5,0,0,0,0,true,false,true,true,false,false,false,false,false,false,false,false,false,false,false,false,false,false,false,false,false,false,-83.17799,42.37304,"{
  ""coordinates"": [
    -8.317799301098320e+01,
    4.237303782888230e+01
  ],
  ""type"": ""Point""
}","{
  ""coordinates"": [
    -83.177993011,
    42.373037829
  ],
  ""type"": ""Point""
}",-83.177993011,42.3730378290001
8140,1345493,DAVISON,RAMP 047H,2018-01-28,28,1,2018,4,1,1,9,,4,1,Concrete,1,1,4,35,2,1,1,5,0,0,0,0,true,false,false,false,false,true,false,false,false,false,false,false,false,false,false,false,false,false,false,false,false,false,-83.07973,42.40893,"{
  ""coordinates"": [
    -8.307973197689310e+01,
    4.240892650552190e+01
  ],
  ""type"": ""Point""
}","{
  ""coordinates"": [
    -83.079731977,
    42.408926506
  ],
  ""type"": ""Point""
}",-83.0797319769999,42.4089265060001
8141,1284527,N/B I-75,STATE FAIR,2018-01-28,28,1,2018,17,1,1,1,,1,1,Asphalt,1,1,3,70,3,1,1,5,0,0,0,0,true,false,false,false,false,false,false,false,false,false,false,false,false,false,true,false,false,false,false,false,false,false,-83.09494,42.43955,"{
  ""coordinates"": [
    -8.309493686547340e+01,
    4.243955133693240e+01
  ],
  ""type"": ""Point""
}","{
  ""coordinates"": [
    -83.094936865,
    42.439551337
  ],
  ""type"": ""Point""
}",-83.094936865,42.4395513370001
8142,1318679,JOSEPH CAMPAU,ROBINWOOD,2018-01-28,28,1,2018,16,1,97,9,,4,0,Asphalt,1,1,1,30,4,2,0,2,0,1,0,0,false,false,false,false,true,false,false,false,false,false,false,false,true,false,false,false,false,false,false,false,false,false,-83.07285,42.43036,"{
  ""coordinates"": [
    -8.307285264604251e+01,
    4.243035966640720e+01
  ],
  ""type"": ""Point""
}","{
  ""coordinates"": [
    -83.072852646,
    42.430359666
  ],
  ""type"": ""Point""
}",-83.0728526459999,42.4303596660001
8143,1280936,WARREN,JOHN R,2018-01-27,27,1,2018,17,7,4,9,,4,0,Asphalt,1,1,1,30,4,2,2,5,0,0,0,0,true,false,true,true,false,false,false,false,false,false,false,false,false,false,false,false,false,false,false,false,false,false,-83.0622,42.35775,"{
  ""coordinates"": [
    -8.306220441488350e+01,
    4.235774588919260e+01
  ],
  ""type"": ""Point""
}","{
  ""coordinates"": [
    -83.062204415,
    42.357745889
  ],
  ""type"": ""Point""
}",-83.0622044149999,42.3577458890001
8144,1280892,GRAYTON,HARPER,2018-01-27,27,1,2018,12,7,10,9,,,0,,2,2,1,25,1,2,1,5,0,0,0,0,true,false,false,false,false,false,false,false,false,false,false,false,false,false,false,false,false,false,false,false,false,false,-82.93858,42.41541,"{
  ""coordinates"": [
    -8.293858119442950e+01,
    4.241541198953320e+01
  ],
  ""type"": ""Point""
}","{
  ""coordinates"": [
    -82.938581194,
    42.41541199
  ],
  ""type"": ""Point""
}",-82.9385811939999,42.4154119900001
8145,1282067,ROSA PARKS,S I 75,2018-01-27,27,1,2018,15,7,5,9,,4,0,Concrete,1,1,1,25,3,2,1,5,0,0,0,0,true,false,false,false,true,false,false,false,false,false,false,false,false,false,false,false,false,false,false,false,false,false,-83.07317,42.33339,"{
  ""coordinates"": [
    -8.307316731470550e+01,
    4.233339495316780e+01
  ],
  ""type"": ""Point""
}","{
  ""coordinates"": [
    -83.073167315,
    42.333394953
  ],
  ""type"": ""Point""
}",-83.073167315,42.333394953
8146,1285655,RAMP 216H,E I 94,2018-01-27,27,1,2018,18,7,5,1,,1,0,Concrete,1,2,4,55,2,2,3,5,0,0,0,0,true,false,false,false,false,false,false,false,false,false,false,false,false,false,false,false,false,false,false,false,false,false,-83.06007,42.36701,"{
  ""coordinates"": [
    -8.306007694601919e+01,
    4.236701369602440e+01
  ],
  ""type"": ""Point""
}","{
  ""coordinates"": [
    -83.060076946,
    42.367013696
  ],
  ""type"": ""Point""
}",-83.060076946,42.3670136960001
8147,1282085,GREENVIEW,CURTIS,2018-01-27,27,1,2018,3,7,2,9,,,2,,1,1,4,25,2,2,0,5,0,0,0,0,true,false,false,false,true,false,false,false,false,false,false,false,false,false,false,false,false,false,false,false,false,false,-83.22499,42.42225,"{
  ""coordinates"": [
    -8.322499048354770e+01,
    4.242225376303620e+01
  ],
  ""type"": ""Point""
}","{
  ""coordinates"": [
    -83.224990484,
    42.422253763
  ],
  ""type"": ""Point""
}",-83.224990484,42.4222537630001
8148,1296131,HUBBELL,7 MILE,2018-01-27,27,1,2018,3,7,5,9,,4,0,Asphalt,1,1,5,30,5,2,2,5,0,0,0,0,true,false,false,false,true,false,false,false,false,false,false,false,false,false,false,false,false,false,false,false,false,false,-83.18992,42.43052,"{
  ""coordinates"": [
    -8.318991472334220e+01,
    4.243051442439020e+01
  ],
  ""type"": ""Point""
}","{
  ""coordinates"": [
    -83.189914723,
    42.430514424
  ],
  ""type"": ""Point""
}",-83.189914723,42.4305144240001
8149,1284666,LIVERNOIS,EWALD,2018-01-27,27,1,2018,17,7,8,9,,4,0,Asphalt,1,2,2,30,4,2,1,4,0,0,0,1,false,false,false,false,true,false,false,false,false,false,false,true,false,false,false,false,false,false,false,false,false,false,-83.13966,42.3917,"{
  ""coordinates"": [
    -8.313966222518930e+01,
    4.239169941567080e+01
  ],
  ""type"": ""Point""
}","{
  ""coordinates"": [
    -83.139662225,
    42.391699416
  ],
  ""type"": ""Point""
}",-83.1396622249999,42.3916994160001
8150,1280861,I-375,LAFAYETTE,2018-01-27,27,1,2018,22,7,5,1,,1,0,Asphalt,1,1,4,55,4,3,1,5,0,0,0,0,true,false,false,false,true,false,false,false,false,false,false,false,false,false,false,false,false,false,false,false,false,false,-83.03875,42.33683,"{
  ""coordinates"": [
    -8.303875111984760e+01,
    4.233683189841420e+01
  ],
  ""type"": ""Point""
}","{
  ""coordinates"": [
    -83.03875112,
    42.336831898
  ],
  ""type"": ""Point""
}",-83.03875112,42.3368318980001
8151,1280927,MCNICHOLS,PONTCHARTRAIN,2018-01-27,27,1,2018,22,7,4,9,,4,0,Asphalt,1,1,4,30,2,2,2,5,0,0,0,0,true,false,false,false,false,true,false,false,false,false,false,false,false,false,false,false,false,false,false,false,false,false,-83.11644,42.41758,"{
  ""coordinates"": [
    -8.311643961164221e+01,
    4.241757940699210e+01
  ],
  ""type"": ""Point""
}","{
  ""coordinates"": [
    -83.116439612,
    42.417579407
  ],
  ""type"": ""Point""
}",-83.116439612,42.4175794070001
8152,1280865,I-375,LAFAYETTE,2018-01-27,27,1,2018,15,7,5,1,,1,0,Asphalt,1,2,1,55,3,2,4,5,0,0,0,0,true,false,false,false,false,false,false,false,false,false,true,false,false,false,false,false,false,false,false,false,false,false,-83.0388,42.33689,"{
  ""coordinates"": [
    -8.303879452373189e+01,
    4.233689680265560e+01
  ],
  ""type"": ""Point""
}","{
  ""coordinates"": [
    -83.038794524,
    42.336896803
  ],
  ""type"": ""Point""
}",-83.038794524,42.3368968030001
8153,1284624,CHALMERS,WARREN,2018-01-27,27,1,2018,23,7,9,9,,4,0,Asphalt,1,1,3,35,6,2,3,5,0,0,0,0,true,false,false,false,true,false,false,false,false,false,false,false,false,false,false,false,false,false,false,false,false,false,-82.95885,42.39545,"{
  ""coordinates"": [
    -8.295884789139740e+01,
    4.239544804284700e+01
  ],
  ""type"": ""Point""
}","{
  ""coordinates"": [
    -82.958847891,
    42.395448043
  ],
  ""type"": ""Point""
}",-82.9588478909999,42.395448043
8154,1288317,GREENFIELD,S M 10,2018-01-27,27,1,2018,2,7,1,7,,1,0,Asphalt,98,98,4,30,5,2,0,2,0,1,0,0,false,false,false,false,true,false,false,false,false,false,false,false,true,false,false,false,false,false,false,false,false,false,-83.20038,42.44224,"{
  ""coordinates"": [
    -8.320038130551970e+01,
    4.244224188678130e+01
  ],
  ""type"": ""Point""
}","{
  ""coordinates"": [
    -83.200381306,
    42.442241887
  ],
  ""type"": ""Point""
}",-83.2003813059999,42.4422418870001
8155,1282071,M 10,JOHN R,2018-01-27,27,1,2018,0,7,8,3,,1,0,Asphalt,1,1,4,,4,2,2,4,0,0,0,1,false,false,false,false,false,false,false,false,false,false,false,false,false,false,false,false,false,false,false,false,false,false,-83.10259,42.44698,"{
  ""coordinates"": [
    -8.310259239051530e+01,
    4.244697659211440e+01
  ],
  ""type"": ""Point""
}","{
  ""coordinates"": [
    -83.102592391,
    42.446976592
  ],
  ""type"": ""Point""
}",-83.102592391,42.4469765920001
8156,1280864,I-375,LAFAYETTE,2018-01-27,27,1,2018,14,7,5,1,,1,0,Asphalt,1,1,1,55,3,2,4,5,0,0,0,0,true,false,false,false,false,false,false,false,false,false,false,false,false,false,true,false,false,false,false,false,false,false,-83.0388,42.33689,"{
  ""coordinates"": [
    -8.303879452373189e+01,
    4.233689680265560e+01
  ],
  ""type"": ""Point""
}","{
  ""coordinates"": [
    -83.038794524,
    42.336896803
  ],
  ""type"": ""Point""
}",-83.038794524,42.3368968030001
8157,1283623,8 MILE,OXLEY,2018-01-27,27,1,2018,12,7,8,3,,1,0,Asphalt,1,2,1,40,5,2,4,3,0,0,2,0,false,false,false,false,false,false,false,false,false,false,false,false,false,true,false,false,false,false,false,false,false,false,-83.19646,42.44488,"{
  ""coordinates"": [
    -8.319645698074790e+01,
    4.244487926631580e+01
  ],
  ""type"": ""Point""
}","{
  ""coordinates"": [
    -83.196456981,
    42.444879266
  ],
  ""type"": ""Point""
}",-83.196456981,42.444879266
8158,1282069,MACK,WOODWARD,2018-01-27,27,1,2018,22,7,4,3,,4,0,Asphalt,1,1,4,35,5,2,2,5,0,0,0,0,true,false,false,false,false,false,false,false,false,false,false,false,false,false,false,false,false,false,false,false,false,false,-83.05797,42.34752,"{
  ""coordinates"": [
    -8.305797148481470e+01,
    4.234752279198190e+01
  ],
  ""type"": ""Point""
}","{
  ""coordinates"": [
    -83.057971485,
    42.347522792
  ],
  ""type"": ""Point""
}",-83.0579714849999,42.3475227920001
8159,1327949,MOROSS,KELLY,2018-01-27,27,1,2018,3,7,1,9,,2,1,Asphalt,1,1,4,30,5,1,0,5,0,0,0,0,true,false,false,false,true,false,false,false,false,false,false,false,false,false,false,false,false,false,false,false,false,false,-82.95308,42.43468,"{
  ""coordinates"": [
    -8.295308209182480e+01,
    4.243467732230680e+01
  ],
  ""type"": ""Point""
}","{
  ""coordinates"": [
    -82.953082092,
    42.434677322
  ],
  ""type"": ""Point""
}",-82.953082092,42.434677322
8160,1282086,FENKELL,GREENVIEW,2018-01-27,27,1,2018,19,7,5,9,,2,0,Asphalt,1,1,4,35,2,2,3,5,0,0,0,0,true,false,false,false,false,false,false,false,false,false,true,false,false,false,false,false,false,false,false,false,false,false,-83.22386,42.40097,"{
  ""coordinates"": [
    -8.322385794573370e+01,
    4.240096966163550e+01
  ],
  ""type"": ""Point""
}","{
  ""coordinates"": [
    -83.223857946,
    42.400969662
  ],
  ""type"": ""Point""
}",-83.223857946,42.4009696620001
8161,1280926,OUTER,ARDMORE,2018-01-27,27,1,2018,11,7,4,9,,2,0,Asphalt,2,4,1,30,2,2,2,4,0,0,0,1,false,false,true,false,false,false,false,false,false,false,false,false,false,true,false,false,false,false,false,false,false,false,-83.18472,42.42022,"{
  ""coordinates"": [
    -8.318471155628509e+01,
    4.242022212420050e+01
  ],
  ""type"": ""Point""
}","{
  ""coordinates"": [
    -83.184711556,
    42.420222124
  ],
  ""type"": ""Point""
}",-83.184711556,42.4202221240001
8162,1280913,YOUNG,MCCRARY,2018-01-27,27,1,2018,1,7,2,9,,,2,,1,1,4,25,1,2,2,5,0,0,0,0,true,false,false,false,true,false,false,false,false,false,false,false,false,false,false,false,true,false,false,false,false,false,-82.96967,42.42393,"{
  ""coordinates"": [
    -8.296967371244151e+01,
    4.242393046906930e+01
  ],
  ""type"": ""Point""
}","{
  ""coordinates"": [
    -82.969673712,
    42.423930469
  ],
  ""type"": ""Point""
}",-82.969673712,42.423930469
8163,1280873,WARREN,WOODMONT,2018-01-27,27,1,2018,4,7,6,9,,2,0,Asphalt,1,1,5,,2,2,4,5,0,0,0,0,true,false,false,false,false,false,false,false,false,false,false,false,false,false,false,false,false,false,false,false,false,false,-83.20718,42.34352,"{
  ""coordinates"": [
    -8.320718742728830e+01,
    4.234351562113080e+01
  ],
  ""type"": ""Point""
}","{
  ""coordinates"": [
    -83.207187427,
    42.343515621
  ],
  ""type"": ""Point""
}",-83.207187427,42.3435156210001
8164,1284552,SAINT ANTOINE,MONROE,2018-01-27,27,1,2018,18,7,8,9,,4,0,Asphalt,1,1,3,25,2,2,5,5,0,0,0,0,true,false,false,false,false,false,false,false,false,false,false,false,false,false,false,false,false,false,false,false,false,false,-83.04098,42.3356,"{
  ""coordinates"": [
    -8.304097707373130e+01,
    4.233559730295000e+01
  ],
  ""type"": ""Point""
}","{
  ""coordinates"": [
    -83.040977074,
    42.335597303
  ],
  ""type"": ""Point""
}",-83.040977074,42.335597303
8165,1284607,MACK,GARLAND,2018-01-27,27,1,2018,11,7,5,9,,4,0,Asphalt,2,1,1,35,1,3,1,5,0,0,0,0,true,false,false,false,true,false,false,false,false,false,false,false,false,false,true,false,false,false,false,false,false,false,-82.98768,42.375,"{
  ""coordinates"": [
    -8.298767724807711e+01,
    4.237500134757230e+01
  ],
  ""type"": ""Point""
}","{
  ""coordinates"": [
    -82.987677248,
    42.375001348
  ],
  ""type"": ""Point""
}",-82.987677248,42.3750013480001
8166,1280869,HUBBELL S/B,FENKELL,2018-01-27,27,1,2018,15,7,2,9,,4,0,Asphalt,1,2,1,30,3,2,2,5,0,0,0,0,true,false,false,false,false,false,false,false,false,false,false,false,false,true,true,false,false,false,false,false,false,false,-83.18892,42.40182,"{
  ""coordinates"": [
    -8.318891704554611e+01,
    4.240181776591010e+01
  ],
  ""type"": ""Point""
}","{
  ""coordinates"": [
    -83.188917046,
    42.401817766
  ],
  ""type"": ""Point""
}",-83.188917046,42.4018177660001
8167,1282064,GRISWALD,CONGRESS,2018-01-27,27,1,2018,16,7,8,9,,4,0,Asphalt,1,1,1,25,2,2,7,5,0,0,0,0,true,false,false,false,false,false,false,false,false,false,false,false,false,true,false,true,false,false,false,false,false,false,-83.04669,42.32986,"{
  ""coordinates"": [
    -8.304669403149170e+01,
    4.232985681558080e+01
  ],
  ""type"": ""Point""
}","{
  ""coordinates"": [
    -83.046694031,
    42.329856816
  ],
  ""type"": ""Point""
}",-83.046694031,42.3298568160001
8168,1282066,WASHINGTON,PARK,2018-01-27,27,1,2018,15,7,5,9,,4,0,,1,1,1,25,2,2,5,5,0,0,0,0,true,false,false,false,false,false,false,false,false,false,false,false,false,false,true,false,false,false,false,false,false,false,-83.05121,42.33579,"{
  ""coordinates"": [
    -8.305120660220260e+01,
    4.233579251239590e+01
  ],
  ""type"": ""Point""
}","{
  ""coordinates"": [
    -83.051206602,
    42.335792512
  ],
  ""type"": ""Point""
}",-83.051206602,42.3357925120001
8169,1288316,LINWOOD,MCNICHOLS,2018-01-27,27,1,2018,19,7,5,9,,4,0,Asphalt,1,1,4,25,2,2,1,5,0,0,0,0,true,false,false,false,false,false,false,false,false,false,false,false,false,false,false,false,false,false,false,false,false,false,-83.12811,42.41653,"{
  ""coordinates"": [
    -8.312810629805369e+01,
    4.241652672647400e+01
  ],
  ""type"": ""Point""
}","{
  ""coordinates"": [
    -83.128106298,
    42.416526726
  ],
  ""type"": ""Point""
}",-83.128106298,42.416526726