ObjectId,Crash ID,Primary Road,Intersecting Road,Crash Date,Day,Month,Year,Hour,Weekday,Crash Type Code,Highway Classification Code,Community Code,Jurisdiction Code,Lane Departure Type Code,Surface Type,Road Condition,Weather Condition,Lighting Condition,Speed Limit,Lanes,Units,Occupants,Most Severe Injury,Fatal Injuries,Suspected Serious Injuries,Suspected Minor Injuries,Possible Injuries,Property Damage Only,Secondary Crash,Traffic Control,Red Light Run,Hit and Run,Alcohol,Drugs,Unbelted Person,Work Zone,Speeding Driver,Distracted Driver,Driveway,Pedestrian,Elderly Driver,Young Driver,Commercial Vehicle,Emergency Vehicles,Train,School Bus,Motorcycle,Bicycle,Deer,Longitude,Latitude,geom,geog,x,y
8170,1280872,DAVISON,EWALD,2018-01-27,27,1,2018,12,7,1,3,,1,0,Concrete,1,2,1,35,3,1,1,5,0,0,0,0,true,false,false,false,false,false,false,false,false,false,false,false,false,false,false,true,false,false,false,false,false,false,-83.14548,42.3864,"{
  ""coordinates"": [
    -8.314548137409710e+01,
    4.238640296035070e+01
  ],
  ""type"": ""Point""
}","{
  ""coordinates"": [
    -83.145481374,
    42.38640296
  ],
  ""type"": ""Point""
}",-83.145481374,42.3864029600001
8171,1283581,KEELER,FORRER,2018-01-27,27,1,2018,1,7,4,9,,,0,,1,1,4,25,8,2,2,3,0,0,1,0,false,false,false,false,false,true,false,false,false,false,false,true,false,false,false,false,false,false,false,false,false,false,-83.20167,42.40323,"{
  ""coordinates"": [
    -8.320166416261790e+01,
    4.240323113882950e+01
  ],
  ""type"": ""Point""
}","{
  ""coordinates"": [
    -83.201664163,
    42.403231139
  ],
  ""type"": ""Point""
}",-83.201664163,42.4032311390001
8172,1280870,CHICAGO,MEYERS,2018-01-27,27,1,2018,19,7,4,9,,4,0,Asphalt,1,1,4,,4,2,1,5,0,0,0,0,true,false,false,false,true,false,false,false,false,false,false,false,false,false,false,false,false,false,false,false,false,false,-83.16756,42.366,"{
  ""coordinates"": [
    -8.316755479146400e+01,
    4.236600582870480e+01
  ],
  ""type"": ""Point""
}","{
  ""coordinates"": [
    -83.167554791,
    42.366005829
  ],
  ""type"": ""Point""
}",-83.167554791,42.3660058290001
8173,1284580,TEMPLE,TRUMBULL,2018-01-27,27,1,2018,21,7,5,9,,,0,,1,1,4,25,2,2,1,5,0,0,0,0,true,false,false,false,true,false,false,false,false,false,false,false,false,false,false,false,false,false,false,false,false,false,-83.07073,42.33789,"{
  ""coordinates"": [
    -8.307072967141330e+01,
    4.233788972177630e+01
  ],
  ""type"": ""Point""
}","{
  ""coordinates"": [
    -83.070729671,
    42.337889722
  ],
  ""type"": ""Point""
}",-83.070729671,42.3378897220001
8174,1284609,DICKERSON,CHANDLER PARK,2018-01-27,27,1,2018,0,7,1,9,,4,1,Asphalt,1,1,4,30,2,1,1,3,0,0,1,0,false,false,false,false,false,false,false,false,false,false,false,false,false,false,false,false,false,false,false,false,false,false,-82.97121,42.39862,"{
  ""coordinates"": [
    -8.297120885660300e+01,
    4.239862042157130e+01
  ],
  ""type"": ""Point""
}","{
  ""coordinates"": [
    -82.971208857,
    42.398620422
  ],
  ""type"": ""Point""
}",-82.971208857,42.3986204220001
8175,1286616,M-10,WYOMING,2018-01-27,27,1,2018,23,7,1,3,,1,1,Concrete,1,1,4,55,3,1,0,4,0,0,0,1,false,false,false,false,true,false,false,false,false,false,false,false,false,false,false,false,false,false,false,false,false,false,-83.16138,42.40588,"{
  ""coordinates"": [
    -8.316138718620000e+01,
    4.240588184205250e+01
  ],
  ""type"": ""Point""
}","{
  ""coordinates"": [
    -83.161387186,
    42.405881842
  ],
  ""type"": ""Point""
}",-83.161387186,42.405881842
8176,1288318,LIVERNOIS,MARGARETA,2018-01-27,27,1,2018,14,7,8,9,,4,0,Asphalt,98,2,1,30,4,2,2,5,0,0,0,0,true,false,false,false,false,false,false,false,false,false,false,false,false,false,true,false,false,false,false,false,false,false,-83.14121,42.42815,"{
  ""coordinates"": [
    -8.314120895984360e+01,
    4.242815540704480e+01
  ],
  ""type"": ""Point""
}","{
  ""coordinates"": [
    -83.14120896,
    42.428155407
  ],
  ""type"": ""Point""
}",-83.14120896,42.4281554070001
8177,1282103,8 MILE RED,LIVERNOIS,2018-01-27,27,1,2018,15,7,4,3,,1,0,Asphalt,1,1,1,45,4,2,1,5,0,0,0,0,true,false,false,false,true,false,false,false,false,false,false,false,false,true,false,false,false,false,false,false,false,false,-83.14426,42.44603,"{
  ""coordinates"": [
    -8.314426452834390e+01,
    4.244603535040390e+01
  ],
  ""type"": ""Point""
}","{
  ""coordinates"": [
    -83.144264528,
    42.44603535
  ],
  ""type"": ""Point""
}",-83.144264528,42.44603535
8178,1284514,M-39,FENKELL,2018-01-27,27,1,2018,16,7,8,3,,1,0,Asphalt,1,2,1,55,3,2,3,5,0,0,0,0,true,false,false,false,false,false,false,false,false,false,false,false,false,false,false,false,false,false,false,false,false,false,-83.21838,42.4018,"{
  ""coordinates"": [
    -8.321837238076890e+01,
    4.240179813366080e+01
  ],
  ""type"": ""Point""
}","{
  ""coordinates"": [
    -83.218372381,
    42.401798134
  ],
  ""type"": ""Point""
}",-83.2183723809999,42.401798134
8179,1283599,W I 94,GRATIOT,2018-01-27,27,1,2018,19,7,97,1,,1,0,Asphalt,1,1,3,15,3,2,3,5,0,0,0,0,true,false,false,false,true,false,false,false,false,false,false,false,false,false,false,false,false,false,false,false,false,false,-83.00623,42.39154,"{
  ""coordinates"": [
    -8.300623623167670e+01,
    4.239154623637660e+01
  ],
  ""type"": ""Point""
}","{
  ""coordinates"": [
    -83.006236232,
    42.391546236
  ],
  ""type"": ""Point""
}",-83.0062362319999,42.3915462360001
8180,1282106,WOODWARD,MARTIN LUTHER KING JR,2018-01-27,27,1,2018,19,7,4,3,,1,0,Asphalt,1,1,4,40,3,2,3,5,0,0,0,0,true,false,true,false,false,false,false,false,false,false,false,false,false,false,false,false,false,false,false,false,false,false,-83.0581,42.34771,"{
  ""coordinates"": [
    -8.305809943110710e+01,
    4.234771367380160e+01
  ],
  ""type"": ""Point""
}","{
  ""coordinates"": [
    -83.058099431,
    42.347713674
  ],
  ""type"": ""Point""
}",-83.058099431,42.347713674
8181,1284386,OMIRA,WINCHESTER,2018-01-27,27,1,2018,4,7,1,9,,,1,,1,1,4,25,1,1,2,5,0,0,0,0,true,false,false,false,false,false,true,false,false,false,true,false,false,false,false,false,false,false,false,false,false,false,-83.09637,42.44465,"{
  ""coordinates"": [
    -8.309637015502889e+01,
    4.244464690392660e+01
  ],
  ""type"": ""Point""
}","{
  ""coordinates"": [
    -83.096370155,
    42.444646904
  ],
  ""type"": ""Point""
}",-83.096370155,42.4446469040001
8182,1282070,MICHIGAN,CASS,2018-01-27,27,1,2018,13,7,8,9,,4,0,Asphalt,1,2,1,30,3,2,3,5,0,0,0,0,true,false,false,false,false,false,false,false,false,false,false,false,false,false,false,true,false,false,false,false,false,false,-83.04898,42.33167,"{
  ""coordinates"": [
    -8.304897844387300e+01,
    4.233166380398450e+01
  ],
  ""type"": ""Point""
}","{
  ""coordinates"": [
    -83.048978444,
    42.331663804
  ],
  ""type"": ""Point""
}",-83.0489784439999,42.3316638040001
8183,1280925,8 MILE,SAN JUAN,2018-01-27,27,1,2018,15,7,5,3,,1,0,Asphalt,1,1,1,40,4,2,1,5,0,0,0,0,true,false,false,false,true,false,false,false,false,false,false,false,false,false,false,false,false,false,false,false,false,false,-83.14806,42.44595,"{
  ""coordinates"": [
    -8.314805896886649e+01,
    4.244595009167370e+01
  ],
  ""type"": ""Point""
}","{
  ""coordinates"": [
    -83.148058969,
    42.445950092
  ],
  ""type"": ""Point""
}",-83.148058969,42.445950092
8184,1282076,PLYMOUTH,WINTHROP,2018-01-27,27,1,2018,2,7,1,9,,4,1,Asphalt,1,1,4,35,7,1,1,3,0,0,1,0,false,false,false,false,false,false,false,false,false,false,false,false,false,false,false,false,false,false,false,false,false,false,-83.19875,42.37254,"{
  ""coordinates"": [
    -8.319874470523830e+01,
    4.237254416139510e+01
  ],
  ""type"": ""Point""
}","{
  ""coordinates"": [
    -83.198744705,
    42.372544161
  ],
  ""type"": ""Point""
}",-83.198744705,42.3725441610001
8185,1280871,HUBBELL,FLORENCE,2018-01-27,27,1,2018,23,7,4,9,,4,0,Asphalt,1,1,5,35,2,2,1,4,0,0,0,1,false,false,false,false,true,false,false,false,false,false,false,false,false,false,false,false,false,false,false,false,false,false,-83.18935,42.41155,"{
  ""coordinates"": [
    -8.318934415415350e+01,
    4.241154898397890e+01
  ],
  ""type"": ""Point""
}","{
  ""coordinates"": [
    -83.189344154,
    42.411548984
  ],
  ""type"": ""Point""
}",-83.189344154,42.411548984
8186,1282090,LIVERNOIS,EWALD,2018-01-26,26,1,2018,22,6,4,9,,4,0,Concrete,1,1,4,35,3,2,2,5,0,0,0,0,true,false,false,false,false,false,false,false,false,false,false,false,false,false,false,false,false,false,false,false,false,false,-83.13985,42.39151,"{
  ""coordinates"": [
    -8.313985085534790e+01,
    4.239151150963400e+01
  ],
  ""type"": ""Point""
}","{
  ""coordinates"": [
    -83.139850855,
    42.39151151
  ],
  ""type"": ""Point""
}",-83.139850855,42.39151151
8187,1284528,W I 96,EVERGREEN,2018-01-26,26,1,2018,2,6,1,1,,1,1,Concrete,1,1,4,55,3,1,1,5,0,0,0,0,true,false,false,false,false,false,false,false,false,true,false,false,false,false,false,false,false,false,false,false,false,false,-83.23672,42.38051,"{
  ""coordinates"": [
    -8.323671550343090e+01,
    4.238050714001300e+01
  ],
  ""type"": ""Point""
}","{
  ""coordinates"": [
    -83.236715503,
    42.38050714
  ],
  ""type"": ""Point""
}",-83.236715503,42.3805071400001
8188,1280874,JEFFERSON,WOODWARD,2018-01-26,26,1,2018,15,6,97,3,,1,0,Asphalt,1,1,1,35,4,2,1,5,0,0,0,0,true,false,false,false,true,false,false,false,false,false,false,false,false,false,false,false,false,false,false,false,false,false,-83.0451,42.32858,"{
  ""coordinates"": [
    -8.304509809773340e+01,
    4.232857548432270e+01
  ],
  ""type"": ""Point""
}","{
  ""coordinates"": [
    -83.045098098,
    42.328575484
  ],
  ""type"": ""Point""
}",-83.045098098,42.3285754840001
8189,1284619,WARREN,GRAY,2018-01-26,26,1,2018,17,6,97,9,,4,0,Asphalt,1,1,1,30,5,2,3,5,0,0,0,0,true,false,false,false,false,false,false,false,false,false,false,false,false,false,false,false,false,false,false,false,false,false,-82.96816,42.3921,"{
  ""coordinates"": [
    -8.296815995811130e+01,
    4.239209831608370e+01
  ],
  ""type"": ""Point""
}","{
  ""coordinates"": [
    -82.968159958,
    42.392098316
  ],
  ""type"": ""Point""
}",-82.9681599579999,42.392098316
8190,1280851,E/B I 94,LIVERNOIS,2018-01-26,26,1,2018,16,6,5,1,,1,0,Asphalt,1,1,1,55,3,3,3,4,0,0,0,2,false,false,false,false,false,false,false,false,false,false,false,false,false,false,true,false,false,false,false,false,false,false,-83.1283,42.33597,"{
  ""coordinates"": [
    -8.312830178130450e+01,
    4.233596910075950e+01
  ],
  ""type"": ""Point""
}","{
  ""coordinates"": [
    -83.128301781,
    42.335969101
  ],
  ""type"": ""Point""
}",-83.1283017809999,42.335969101
8191,1280916,GLYNN,ROSA PARKS,2018-01-26,26,1,2018,12,6,4,9,,,0,,1,1,1,15,2,2,2,5,0,0,0,0,true,false,false,false,true,false,false,false,false,false,false,false,false,false,false,false,false,false,false,false,false,false,-83.10352,42.38206,"{
  ""coordinates"": [
    -8.310351372224410e+01,
    4.238205912342620e+01
  ],
  ""type"": ""Point""
}","{
  ""coordinates"": [
    -83.103513722,
    42.382059123
  ],
  ""type"": ""Point""
}",-83.1035137219999,42.382059123
8192,1282047,N/B M-39,JOY,2018-01-26,26,1,2018,15,6,5,3,,1,0,Asphalt,1,1,1,55,3,5,5,5,0,0,0,0,true,false,false,false,false,false,false,false,false,false,false,false,false,false,true,false,false,false,false,false,false,false,-83.21638,42.35765,"{
  ""coordinates"": [
    -8.321638685064310e+01,
    4.235764856584980e+01
  ],
  ""type"": ""Point""
}","{
  ""coordinates"": [
    -83.216386851,
    42.357648566
  ],
  ""type"": ""Point""
}",-83.216386851,42.3576485660001
8193,1280862,M-39,JOY,2018-01-26,26,1,2018,12,6,1,3,,1,0,Asphalt,1,1,1,55,3,1,1,5,0,0,0,0,true,false,false,false,false,false,false,false,false,false,false,false,false,false,true,false,false,false,false,false,false,false,-83.21633,42.3564,"{
  ""coordinates"": [
    -8.321633081119650e+01,
    4.235640286400070e+01
  ],
  ""type"": ""Point""
}","{
  ""coordinates"": [
    -83.216330811,
    42.356402864
  ],
  ""type"": ""Point""
}",-83.216330811,42.3564028640001
8194,1280907,HICKORY,7 MILE,2018-01-26,26,1,2018,8,6,4,9,,,0,,3,1,1,25,3,2,2,4,0,0,0,1,false,false,true,false,false,false,false,false,false,false,false,false,false,false,true,false,false,false,false,false,false,false,-82.98755,42.43486,"{
  ""coordinates"": [
    -8.298754767885400e+01,
    4.243486234579250e+01
  ],
  ""type"": ""Point""
}","{
  ""coordinates"": [
    -82.987547679,
    42.434862346
  ],
  ""type"": ""Point""
}",-82.987547679,42.434862346
8195,1302197,GRISWOLD,FORT,2018-01-26,26,1,2018,17,6,5,3,,4,0,Asphalt,1,1,1,25,2,2,2,4,0,0,0,1,false,false,false,false,false,false,false,false,false,false,false,false,false,true,false,false,false,false,false,false,false,false,-83.04742,42.3307,"{
  ""coordinates"": [
    -8.304741509488839e+01,
    4.233070526204480e+01
  ],
  ""type"": ""Point""
}","{
  ""coordinates"": [
    -83.047415095,
    42.330705262
  ],
  ""type"": ""Point""
}",-83.047415095,42.330705262
8196,1284549,JEFFERSON,BATES,2018-01-26,26,1,2018,18,6,8,3,,1,0,Asphalt,1,1,4,30,3,2,4,4,0,0,0,1,false,false,false,false,false,false,false,false,false,false,false,false,false,false,false,false,false,false,false,false,false,false,-83.04346,42.32893,"{
  ""coordinates"": [
    -8.304346165495930e+01,
    4.232893319883840e+01
  ],
  ""type"": ""Point""
}","{
  ""coordinates"": [
    -83.043461655,
    42.328933199
  ],
  ""type"": ""Point""
}",-83.043461655,42.3289331990001
8197,1284520,S I 75,RAMP 035E,2018-01-26,26,1,2018,6,6,5,1,,1,0,Asphalt,1,1,4,55,5,2,2,5,0,0,0,0,true,false,false,false,true,false,false,false,false,false,false,false,false,false,false,true,false,false,false,false,false,false,-83.08255,42.31954,"{
  ""coordinates"": [
    -8.308255153885850e+01,
    4.231953638815080e+01
  ],
  ""type"": ""Point""
}","{
  ""coordinates"": [
    -83.082551539,
    42.319536388
  ],
  ""type"": ""Point""
}",-83.082551539,42.3195363880001
8198,1347242,BEAUBIEN,LARNARD,2018-01-26,26,1,2018,14,6,4,9,,4,0,Concrete,1,1,1,25,2,2,2,5,0,0,0,0,true,false,false,false,false,false,false,false,false,false,false,false,false,false,false,false,false,false,false,false,false,false,-83.04028,42.33157,"{
  ""coordinates"": [
    -8.304028305530240e+01,
    4.233156635973920e+01
  ],
  ""type"": ""Point""
}","{
  ""coordinates"": [
    -83.040283055,
    42.33156636
  ],
  ""type"": ""Point""
}",-83.040283055,42.3315663600001
8199,1280846,N/B M-39,JOY,2018-01-26,26,1,2018,15,6,5,3,,1,0,Asphalt,1,1,1,55,3,2,3,4,0,0,0,1,false,false,false,false,false,false,false,false,false,false,false,false,false,false,false,false,false,false,false,false,false,false,-83.21638,42.35757,"{
  ""coordinates"": [
    -8.321638359239400e+01,
    4.235757613956540e+01
  ],
  ""type"": ""Point""
}","{
  ""coordinates"": [
    -83.216383592,
    42.35757614
  ],
  ""type"": ""Point""
}",-83.2163835919999,42.35757614
8200,1324877,LINWOOD,S M 10,2018-01-26,26,1,2018,15,6,5,3,,4,0,Concrete,1,1,1,55,3,2,1,5,0,0,0,0,true,false,false,false,true,false,false,false,false,false,false,false,false,false,false,false,false,false,false,false,false,false,-83.1274,42.40505,"{
  ""coordinates"": [
    -8.312740503689029e+01,
    4.240505182447160e+01
  ],
  ""type"": ""Point""
}","{
  ""coordinates"": [
    -83.127405037,
    42.405051824
  ],
  ""type"": ""Point""
}",-83.127405037,42.4050518240001
8201,1280849,E I 96,RAMP 142B,2018-01-26,26,1,2018,13,6,1,1,,1,1,Asphalt,1,1,1,70,4,1,1,5,0,0,0,0,true,false,false,false,false,false,false,false,false,true,true,false,false,false,true,false,false,false,false,false,false,false,-83.1274,42.36293,"{
  ""coordinates"": [
    -8.312740396915460e+01,
    4.236292654144480e+01
  ],
  ""type"": ""Point""
}","{
  ""coordinates"": [
    -83.127403969,
    42.362926541
  ],
  ""type"": ""Point""
}",-83.1274039689999,42.362926541
8202,1283585,GRAND RIVER,TELEGRAPH,2018-01-26,26,1,2018,19,6,8,3,,1,0,Asphalt,1,1,4,45,3,2,4,5,0,0,0,0,true,false,false,false,false,false,false,false,false,false,false,false,false,false,true,true,false,false,false,false,false,false,-83.27767,42.42433,"{
  ""coordinates"": [
    -8.327766970394850e+01,
    4.242433034653080e+01
  ],
  ""type"": ""Point""
}","{
  ""coordinates"": [
    -83.277669704,
    42.424330347
  ],
  ""type"": ""Point""
}",-83.2776697039999,42.4243303470001
8203,1280860,S I 75,14TH,2018-01-26,26,1,2018,18,6,5,1,,1,0,Concrete,1,1,4,55,3,2,1,4,0,0,0,1,false,false,false,false,true,false,false,false,true,false,false,false,false,false,false,false,false,false,false,false,false,false,-83.07689,42.33254,"{
  ""coordinates"": [
    -8.307689197469089e+01,
    4.233254283530740e+01
  ],
  ""type"": ""Point""
}","{
  ""coordinates"": [
    -83.076891975,
    42.332542835
  ],
  ""type"": ""Point""
}",-83.076891975,42.332542835
8204,1280839,W/B I-96,TELEGRAPH,2018-01-26,26,1,2018,11,6,8,1,,1,0,Asphalt,1,1,1,70,4,2,3,5,0,0,0,0,true,false,false,false,false,false,false,false,false,false,false,false,false,false,false,false,false,false,false,false,false,false,-83.27512,42.38547,"{
  ""coordinates"": [
    -8.327512607634250e+01,
    4.238547024791720e+01
  ],
  ""type"": ""Point""
}","{
  ""coordinates"": [
    -83.275126076,
    42.385470248
  ],
  ""type"": ""Point""
}",-83.2751260759999,42.385470248
8205,1280842,I-94,VAN DYKE,2018-01-26,26,1,2018,15,6,5,1,,1,0,Asphalt,1,1,1,55,3,3,4,4,0,0,0,1,false,false,false,false,false,false,false,false,false,false,false,false,false,false,false,false,false,false,false,false,false,false,-83.02474,42.38508,"{
  ""coordinates"": [
    -8.302474487861760e+01,
    4.238507973789860e+01
  ],
  ""type"": ""Point""
}","{
  ""coordinates"": [
    -83.024744879,
    42.385079738
  ],
  ""type"": ""Point""
}",-83.024744879,42.3850797380001
8206,1280844,RAMP 041I,S I 75/GRATIOT,2018-01-26,26,1,2018,17,6,5,1,,1,0,Concrete,1,1,1,55,3,3,4,5,0,0,0,0,true,false,false,false,false,false,false,false,false,false,false,false,false,false,false,false,false,false,false,false,false,false,-83.04605,42.34343,"{
  ""coordinates"": [
    -8.304604968552610e+01,
    4.234343073260140e+01
  ],
  ""type"": ""Point""
}","{
  ""coordinates"": [
    -83.046049686,
    42.343430733
  ],
  ""type"": ""Point""
}",-83.0460496859999,42.343430733
8207,1280867,SCHAEFER,KEELER,2018-01-26,26,1,2018,15,6,5,9,,4,0,Asphalt,1,1,1,30,2,2,1,5,0,0,0,0,true,false,false,false,false,false,false,false,false,false,false,false,false,false,false,false,false,false,false,false,false,false,-83.17921,42.40404,"{
  ""coordinates"": [
    -8.317921634277100e+01,
    4.240403749666720e+01
  ],
  ""type"": ""Point""
}","{
  ""coordinates"": [
    -83.179216343,
    42.404037497
  ],
  ""type"": ""Point""
}",-83.179216343,42.404037497
8208,1282058,SCHAEFER S/B,FENKELL,2018-01-26,26,1,2018,14,6,5,9,,4,0,Asphalt,1,1,1,30,3,2,2,5,0,0,0,0,true,false,false,false,false,false,false,false,false,false,false,false,false,false,false,false,false,false,false,false,false,false,-83.17914,42.40224,"{
  ""coordinates"": [
    -8.317913642103851e+01,
    4.240224148033110e+01
  ],
  ""type"": ""Point""
}","{
  ""coordinates"": [
    -83.179136421,
    42.40224148
  ],
  ""type"": ""Point""
}",-83.179136421,42.40224148
8209,1280928,WYOMING,MIDLAND,2018-01-26,26,1,2018,22,6,4,9,,4,0,Asphalt,1,1,4,30,4,2,2,5,0,0,0,0,true,false,false,false,false,false,false,false,false,false,true,false,false,false,false,false,false,false,false,false,false,false,-83.15988,42.40693,"{
  ""coordinates"": [
    -8.315988080461671e+01,
    4.240692782583130e+01
  ],
  ""type"": ""Point""
}","{
  ""coordinates"": [
    -83.159880805,
    42.406927826
  ],
  ""type"": ""Point""
}",-83.1598808049999,42.4069278260001
8210,1283563,PROCTOR,KIRKWOOD,2018-01-26,26,1,2018,15,6,10,9,,,0,,98,2,1,20,2,2,2,5,0,0,0,0,true,false,false,false,false,false,false,false,false,false,false,false,false,true,false,false,false,false,false,false,false,false,-83.14178,42.33966,"{
  ""coordinates"": [
    -8.314178062795510e+01,
    4.233965518325750e+01
  ],
  ""type"": ""Point""
}","{
  ""coordinates"": [
    -83.141780628,
    42.339655183
  ],
  ""type"": ""Point""
}",-83.1417806279999,42.339655183
8211,1280895,GRATIOT,SEYBURN,2018-01-26,26,1,2018,6,6,5,3,,1,0,Asphalt,1,1,2,35,3,2,2,4,0,0,0,1,false,false,false,false,false,false,false,false,false,false,true,false,false,false,false,false,false,false,false,false,false,false,-83.01539,42.37777,"{
  ""coordinates"": [
    -8.301539106838490e+01,
    4.237776961320130e+01
  ],
  ""type"": ""Point""
}","{
  ""coordinates"": [
    -83.015391068,
    42.377769613
  ],
  ""type"": ""Point""
}",-83.015391068,42.3777696130001
8212,1280910,MCKINNEY,GRAYTON,2018-01-26,26,1,2018,2,6,98,9,,,0,,1,1,4,25,2,2,0,5,0,0,0,0,true,false,false,false,true,false,false,false,false,false,false,false,false,false,false,false,false,false,false,false,false,false,-82.9446,42.41846,"{
  ""coordinates"": [
    -8.294460675233830e+01,
    4.241846505990380e+01
  ],
  ""type"": ""Point""
}","{
  ""coordinates"": [
    -82.944606752,
    42.41846506
  ],
  ""type"": ""Point""
}",-82.944606752,42.4184650600001
8213,1288319,SCHAEFER,7 MILE,2018-01-26,26,1,2018,12,6,5,9,,4,0,Asphalt,1,1,1,,2,2,3,4,0,0,0,1,false,false,false,false,false,false,false,false,false,false,false,false,false,false,true,false,false,false,false,false,false,false,-83.18051,42.43122,"{
  ""coordinates"": [
    -8.318051187222549e+01,
    4.243122258064000e+01
  ],
  ""type"": ""Point""
}","{
  ""coordinates"": [
    -83.180511872,
    42.431222581
  ],
  ""type"": ""Point""
}",-83.180511872,42.431222581
8214,1280894,SCHOOLCRAFT,SOUTHFIELD SERVICE DRIVE,2018-01-26,26,1,2018,6,6,5,9,,2,0,Asphalt,1,1,2,30,3,2,1,4,0,0,0,1,false,false,false,false,true,false,false,false,false,false,false,false,false,false,false,false,false,false,false,false,false,false,-83.21796,42.3867,"{
  ""coordinates"": [
    -8.321796483674250e+01,
    4.238669837551210e+01
  ],
  ""type"": ""Point""
}","{
  ""coordinates"": [
    -83.217964837,
    42.386698376
  ],
  ""type"": ""Point""
}",-83.217964837,42.386698376
8215,1285688,7 MILE,DALE,2018-01-26,26,1,2018,19,6,4,9,,2,0,Asphalt,2,4,4,,3,2,2,5,0,0,0,0,true,false,false,false,false,false,false,false,false,false,false,false,false,true,false,false,false,false,false,false,false,false,-83.27674,42.42896,"{
  ""coordinates"": [
    -8.327674462333719e+01,
    4.242895876610860e+01
  ],
  ""type"": ""Point""
}","{
  ""coordinates"": [
    -83.276744623,
    42.428958766
  ],
  ""type"": ""Point""
}",-83.276744623,42.4289587660001
8216,1284606,W I 94,CONNER,2018-01-26,26,1,2018,20,6,5,1,,1,0,Asphalt,1,1,3,,6,2,1,5,0,0,0,0,true,false,false,false,true,false,false,false,false,false,false,false,false,false,false,false,false,false,false,false,false,false,-82.98858,42.39603,"{
  ""coordinates"": [
    -8.298857818167180e+01,
    4.239603539832880e+01
  ],
  ""type"": ""Point""
}","{
  ""coordinates"": [
    -82.988578182,
    42.396035398
  ],
  ""type"": ""Point""
}",-82.988578182,42.396035398
8217,1280876,WARREN,CASS,2018-01-26,26,1,2018,14,6,8,9,,4,0,Asphalt,1,1,1,25,3,2,3,5,0,0,0,0,true,false,false,false,false,false,false,false,false,false,true,false,false,false,false,false,false,false,false,false,false,false,-83.06663,42.35611,"{
  ""coordinates"": [
    -8.306662999830370e+01,
    4.235611105132460e+01
  ],
  ""type"": ""Point""
}","{
  ""coordinates"": [
    -83.066629998,
    42.356111051
  ],
  ""type"": ""Point""
}",-83.0666299979999,42.356111051
8218,1280852,I-75,NEVADA,2018-01-26,26,1,2018,18,6,5,1,,1,0,Asphalt,1,2,4,70,4,2,3,5,0,0,0,0,true,false,false,false,false,false,false,false,false,false,false,false,false,true,false,false,false,false,false,false,false,false,-83.09392,42.42619,"{
  ""coordinates"": [
    -8.309391485990420e+01,
    4.242619043739260e+01
  ],
  ""type"": ""Point""
}","{
  ""coordinates"": [
    -83.09391486,
    42.426190437
  ],
  ""type"": ""Point""
}",-83.09391486,42.4261904370001
8219,1280918,BRIMSON,SHERWOOD,2018-01-26,26,1,2018,13,6,4,9,,,0,,1,1,1,25,4,2,3,5,0,0,0,0,true,false,false,false,false,false,false,false,false,false,false,false,false,false,false,true,false,false,false,false,false,false,-83.03351,42.42183,"{
  ""coordinates"": [
    -8.303350516086680e+01,
    4.242182756501950e+01
  ],
  ""type"": ""Point""
}","{
  ""coordinates"": [
    -83.033505161,
    42.421827565
  ],
  ""type"": ""Point""
}",-83.0335051609999,42.4218275650001
8220,1282055,WB I-94,M-10,2018-01-26,26,1,2018,6,6,8,1,,1,0,Asphalt,1,1,4,55,4,2,3,4,0,0,0,1,false,false,false,false,false,false,false,false,false,false,true,false,false,false,false,false,false,false,false,false,false,false,-83.08037,42.35675,"{
  ""coordinates"": [
    -8.308036589631720e+01,
    4.235674993096450e+01
  ],
  ""type"": ""Point""
}","{
  ""coordinates"": [
    -83.080365896,
    42.356749931
  ],
  ""type"": ""Point""
}",-83.080365896,42.356749931
8221,1280915,LIVERNOIS,DAVISON,2018-01-26,26,1,2018,23,6,3,3,,4,0,Asphalt,1,1,4,35,9,2,2,5,0,0,0,0,true,false,false,false,false,true,false,false,false,true,false,false,false,false,false,false,false,false,false,false,false,false,-83.13954,42.38653,"{
  ""coordinates"": [
    -8.313954212889089e+01,
    4.238653347606010e+01
  ],
  ""type"": ""Point""
}","{
  ""coordinates"": [
    -83.139542129,
    42.386533476
  ],
  ""type"": ""Point""
}",-83.1395421289999,42.3865334760001
8222,1284504,I-75,CLAY,2018-01-26,26,1,2018,15,6,8,1,,1,0,Asphalt,1,1,1,70,4,2,2,5,0,0,0,0,true,false,false,false,false,false,false,false,false,false,false,false,false,true,false,false,false,false,false,false,false,false,-83.06269,42.37804,"{
  ""coordinates"": [
    -8.306269188084380e+01,
    4.237804544737860e+01
  ],
  ""type"": ""Point""
}","{
  ""coordinates"": [
    -83.062691881,
    42.378045447
  ],
  ""type"": ""Point""
}",-83.062691881,42.378045447
8223,1289780,GRATIOT,CRANE,2018-01-26,26,1,2018,17,6,97,3,,1,0,Asphalt,1,1,4,35,3,2,3,5,0,0,0,0,true,false,false,false,false,false,false,false,false,false,false,false,false,false,false,false,false,false,false,false,false,false,-83.00977,42.38625,"{
  ""coordinates"": [
    -8.300977623890471e+01,
    4.238625197478110e+01
  ],
  ""type"": ""Point""
}","{
  ""coordinates"": [
    -83.009776239,
    42.386251975
  ],
  ""type"": ""Point""
}",-83.009776239,42.3862519750001