ObjectId,Crash ID,Primary Road,Intersecting Road,Crash Date,Day,Month,Year,Hour,Weekday,Crash Type Code,Highway Classification Code,Community Code,Jurisdiction Code,Lane Departure Type Code,Surface Type,Road Condition,Weather Condition,Lighting Condition,Speed Limit,Lanes,Units,Occupants,Most Severe Injury,Fatal Injuries,Suspected Serious Injuries,Suspected Minor Injuries,Possible Injuries,Property Damage Only,Secondary Crash,Traffic Control,Red Light Run,Hit and Run,Alcohol,Drugs,Unbelted Person,Work Zone,Speeding Driver,Distracted Driver,Driveway,Pedestrian,Elderly Driver,Young Driver,Commercial Vehicle,Emergency Vehicles,Train,School Bus,Motorcycle,Bicycle,Deer,Longitude,Latitude,geom,geog,x,y
8224,1280922,MARGARETA,MEYERS,2018-01-26,26,1,2018,14,6,9,9,,,0,,1,1,1,25,1,2,1,5,0,0,0,0,true,false,false,false,true,false,false,false,false,false,false,false,false,false,false,true,false,false,false,false,false,false,-83.17054,42.42762,"{
  ""coordinates"": [
    -8.317053856834160e+01,
    4.242762381751520e+01
  ],
  ""type"": ""Point""
}","{
  ""coordinates"": [
    -83.170538568,
    42.427623818
  ],
  ""type"": ""Point""
}",-83.170538568,42.427623818
8225,1280898,LARNED,MCDOUGALL,2018-01-26,26,1,2018,6,6,98,9,,4,0,Asphalt,1,1,4,30,2,2,0,5,0,0,0,0,true,false,false,false,true,false,false,false,false,false,false,false,false,false,false,false,false,false,false,false,false,false,-83.01752,42.34155,"{
  ""coordinates"": [
    -8.301751740735070e+01,
    4.234155434185580e+01
  ],
  ""type"": ""Point""
}","{
  ""coordinates"": [
    -83.017517407,
    42.341554342
  ],
  ""type"": ""Point""
}",-83.017517407,42.3415543420001
8226,1280906,OUTER,HUBBELL,2018-01-26,26,1,2018,8,6,8,9,,2,0,Asphalt,1,1,1,25,2,2,3,5,0,0,0,0,true,false,false,false,false,false,false,false,false,false,false,false,false,false,false,false,false,false,false,false,false,false,-83.18974,42.41994,"{
  ""coordinates"": [
    -8.318973683522000e+01,
    4.241993629201940e+01
  ],
  ""type"": ""Point""
}","{
  ""coordinates"": [
    -83.189736835,
    42.419936292
  ],
  ""type"": ""Point""
}",-83.189736835,42.419936292
8227,1295992,LARNED,WASHINGTON,2018-01-26,26,1,2018,18,6,5,9,,4,0,Concrete,1,1,4,55,3,2,1,5,0,0,0,0,true,false,false,false,true,false,false,false,false,false,false,false,false,false,false,false,false,false,false,false,false,false,-83.04868,42.32795,"{
  ""coordinates"": [
    -8.304867590634080e+01,
    4.232795292290490e+01
  ],
  ""type"": ""Point""
}","{
  ""coordinates"": [
    -83.048675906,
    42.327952923
  ],
  ""type"": ""Point""
}",-83.048675906,42.3279529230001
8228,1284530,N M 39,RAMP 008C,2018-01-26,26,1,2018,2,6,5,3,,1,0,Asphalt,1,1,4,55,2,2,2,5,0,0,0,0,true,false,false,false,false,false,false,true,false,false,false,false,false,false,false,false,false,false,false,false,false,false,-83.2169,42.37852,"{
  ""coordinates"": [
    -8.321689720326670e+01,
    4.237852342745060e+01
  ],
  ""type"": ""Point""
}","{
  ""coordinates"": [
    -83.216897203,
    42.378523427
  ],
  ""type"": ""Point""
}",-83.216897203,42.3785234270001
8229,1282054,E I 96,SOUTHFIELD SERVICE DRIVE,2018-01-26,26,1,2018,5,6,1,1,,1,1,Concrete,3,2,4,55,3,1,1,3,0,0,2,0,false,false,false,false,false,false,false,false,false,true,false,false,false,false,false,false,false,false,false,false,false,false,-83.21892,42.37858,"{
  ""coordinates"": [
    -8.321891430888060e+01,
    4.237857680711760e+01
  ],
  ""type"": ""Point""
}","{
  ""coordinates"": [
    -83.218914309,
    42.378576807
  ],
  ""type"": ""Point""
}",-83.218914309,42.3785768070001
8230,1280919,CONANT,DEQUINDRE,2018-01-26,26,1,2018,17,6,4,9,,4,0,Asphalt,1,1,1,,4,2,1,5,0,0,0,0,true,true,false,false,true,true,false,false,false,false,false,false,false,true,false,false,false,false,false,false,false,false,-83.08313,42.44608,"{
  ""coordinates"": [
    -8.308312666190980e+01,
    4.244608199843720e+01
  ],
  ""type"": ""Point""
}","{
  ""coordinates"": [
    -83.083126662,
    42.446081998
  ],
  ""type"": ""Point""
}",-83.083126662,42.4460819980001
8231,1280920,CONNER,RAMP 220H,2018-01-26,26,1,2018,21,6,2,1,,4,2,Asphalt,1,1,5,,1,2,1,5,0,0,0,0,true,true,false,false,true,false,false,false,false,false,true,false,false,false,false,false,false,false,false,false,false,false,-82.98972,42.39621,"{
  ""coordinates"": [
    -8.298971688682880e+01,
    4.239621053656540e+01
  ],
  ""type"": ""Point""
}","{
  ""coordinates"": [
    -82.989716887,
    42.396210537
  ],
  ""type"": ""Point""
}",-82.989716887,42.3962105370001
8232,1280888,DRAGOON,LAFAYETTE,2018-01-26,26,1,2018,15,6,9,9,,4,2,Asphalt,2,1,1,,2,2,1,5,0,0,0,0,true,false,false,false,true,false,false,false,false,false,false,false,false,false,false,true,false,false,false,false,false,false,-83.10367,42.30912,"{
  ""coordinates"": [
    -8.310366984067220e+01,
    4.230911470206750e+01
  ],
  ""type"": ""Point""
}","{
  ""coordinates"": [
    -83.103669841,
    42.309114702
  ],
  ""type"": ""Point""
}",-83.1036698409999,42.309114702
8233,1280845,I 94 E/B,THIRD,2018-01-26,26,1,2018,18,6,5,1,,1,0,Asphalt,1,1,4,55,3,2,2,5,0,0,0,0,true,false,false,false,false,false,false,false,false,false,true,false,false,false,false,false,false,false,false,false,false,false,-83.07555,42.35936,"{
  ""coordinates"": [
    -8.307555194688800e+01,
    4.235935921212640e+01
  ],
  ""type"": ""Point""
}","{
  ""coordinates"": [
    -83.075551947,
    42.359359212
  ],
  ""type"": ""Point""
}",-83.075551947,42.3593592120001
8234,1280881,JUNCTION,VERNOR,2018-01-26,26,1,2018,19,6,97,9,,4,0,Asphalt,1,1,4,30,2,2,7,5,0,0,0,0,true,false,false,false,false,false,false,false,false,false,false,false,false,false,false,false,false,false,false,false,false,false,-83.10188,42.31788,"{
  ""coordinates"": [
    -8.310187768699539e+01,
    4.231788182706430e+01
  ],
  ""type"": ""Point""
}","{
  ""coordinates"": [
    -83.101877687,
    42.317881827
  ],
  ""type"": ""Point""
}",-83.101877687,42.3178818270001
8235,1300312,WARREN AVE,GREENFIELD,2018-01-26,26,1,2018,7,6,4,9,,2,0,Asphalt,1,1,1,35,5,2,6,4,0,0,0,3,false,false,false,false,false,false,false,false,false,false,false,false,false,true,false,false,false,false,false,false,false,false,-83.19629,42.34367,"{
  ""coordinates"": [
    -8.319628772463820e+01,
    4.234366524206780e+01
  ],
  ""type"": ""Point""
}","{
  ""coordinates"": [
    -83.196287725,
    42.343665242
  ],
  ""type"": ""Point""
}",-83.196287725,42.343665242
8236,1280693,I-75,8 MILE,2018-01-26,26,1,2018,19,6,8,1,,1,0,Asphalt,1,1,4,70,4,2,4,5,0,0,0,0,true,false,false,false,true,false,false,false,false,false,false,false,false,false,false,false,false,false,false,false,false,false,-83.09492,42.44319,"{
  ""coordinates"": [
    -8.309492072976310e+01,
    4.244318705826950e+01
  ],
  ""type"": ""Point""
}","{
  ""coordinates"": [
    -83.09492073,
    42.443187058
  ],
  ""type"": ""Point""
}",-83.09492073,42.443187058
8237,1284556,JEFFERSON,BEAUBIEN,2018-01-26,26,1,2018,16,6,8,4,,1,0,Asphalt,1,1,2,30,4,2,2,5,0,0,0,0,true,false,false,false,false,false,false,false,false,false,false,false,false,true,false,true,false,false,false,false,false,false,-83.03964,42.33059,"{
  ""coordinates"": [
    -8.303964413323339e+01,
    4.233059374298680e+01
  ],
  ""type"": ""Point""
}","{
  ""coordinates"": [
    -83.039644133,
    42.330593743
  ],
  ""type"": ""Point""
}",-83.039644133,42.3305937430001
8238,1280866,CHICAGO,JEFFERIES,2018-01-26,26,1,2018,15,6,6,3,,4,0,Concrete,1,1,1,25,2,2,3,5,0,0,0,0,true,false,false,false,false,false,false,false,false,false,false,false,false,false,false,false,false,false,false,false,false,false,-83.09508,42.38248,"{
  ""coordinates"": [
    -8.309507857435560e+01,
    4.238247963110130e+01
  ],
  ""type"": ""Point""
}","{
  ""coordinates"": [
    -83.095078574,
    42.382479631
  ],
  ""type"": ""Point""
}",-83.095078574,42.3824796310001
8239,1280923,7 MILE,OUTER,2018-01-26,26,1,2018,12,6,5,9,,2,0,Asphalt,1,1,1,30,4,2,3,5,0,0,0,0,true,false,false,false,false,false,false,false,false,false,false,false,false,false,false,false,false,false,false,false,false,false,-83.17587,42.43116,"{
  ""coordinates"": [
    -8.317587110315640e+01,
    4.243116447432960e+01
  ],
  ""type"": ""Point""
}","{
  ""coordinates"": [
    -83.175871103,
    42.431164474
  ],
  ""type"": ""Point""
}",-83.175871103,42.4311644740001
8240,1280921,PURITAN,INDIANA,2018-01-26,26,1,2018,16,6,5,9,,4,0,Asphalt,1,1,1,30,2,3,1,4,0,0,0,1,false,false,false,false,true,false,false,false,false,false,false,false,false,false,false,false,false,false,false,false,false,false,-83.15813,42.40973,"{
  ""coordinates"": [
    -8.315812923861830e+01,
    4.240972736865640e+01
  ],
  ""type"": ""Point""
}","{
  ""coordinates"": [
    -83.158129239,
    42.409727369
  ],
  ""type"": ""Point""
}",-83.1581292389999,42.4097273690001
8241,1280908,CADIEUX,MEUSE,2018-01-26,26,1,2018,9,6,5,9,,4,0,Asphalt,1,1,1,30,3,2,3,5,0,0,0,0,true,false,false,false,false,false,false,false,false,false,false,false,false,false,false,false,false,false,false,false,false,false,-82.93984,42.42129,"{
  ""coordinates"": [
    -8.293984083334810e+01,
    4.242129163329890e+01
  ],
  ""type"": ""Point""
}","{
  ""coordinates"": [
    -82.939840833,
    42.421291633
  ],
  ""type"": ""Point""
}",-82.9398408329999,42.4212916330001
8242,1283605,MINERVA,FARMBROOK,2018-01-26,26,1,2018,15,6,8,9,,,0,,1,1,1,25,2,2,1,5,0,0,0,0,true,false,false,false,true,false,false,false,false,true,false,false,false,false,false,false,false,false,false,false,false,false,-82.92567,42.4198,"{
  ""coordinates"": [
    -8.292566434319799e+01,
    4.241979836721240e+01
  ],
  ""type"": ""Point""
}","{
  ""coordinates"": [
    -82.925664343,
    42.419798367
  ],
  ""type"": ""Point""
}",-82.9256643429999,42.4197983670001
8243,1280897,JEFFERSON,MT ELLIOTT,2018-01-26,26,1,2018,7,6,5,9,,4,0,Asphalt,1,1,1,35,7,2,1,5,0,0,0,0,true,false,false,false,true,false,false,false,false,false,false,false,false,false,false,false,false,false,false,false,false,false,-83.00998,42.34369,"{
  ""coordinates"": [
    -8.300998300132331e+01,
    4.234368944861730e+01
  ],
  ""type"": ""Point""
}","{
  ""coordinates"": [
    -83.009983001,
    42.343689449
  ],
  ""type"": ""Point""
}",-83.009983001,42.3436894490001
8244,1282053,W/B I 94,LIVERNOIS,2018-01-26,26,1,2018,14,6,5,1,,1,0,Asphalt,1,1,1,55,3,2,2,5,0,0,0,0,true,false,false,false,false,false,false,false,false,false,false,false,false,false,false,false,false,false,false,false,false,false,-83.11837,42.34055,"{
  ""coordinates"": [
    -8.311837386322971e+01,
    4.234054727540330e+01
  ],
  ""type"": ""Point""
}","{
  ""coordinates"": [
    -83.118373863,
    42.340547275
  ],
  ""type"": ""Point""
}",-83.118373863,42.3405472750001
8245,1280917,MOUNT ELLIOTT,NEVADA,2018-01-26,26,1,2018,12,6,4,9,,4,0,Asphalt,1,1,1,30,2,2,6,5,0,0,0,0,true,false,true,true,false,false,false,false,false,false,false,false,false,true,false,false,false,false,false,false,false,false,-83.03864,42.42633,"{
  ""coordinates"": [
    -8.303863549851560e+01,
    4.242632552236630e+01
  ],
  ""type"": ""Point""
}","{
  ""coordinates"": [
    -83.038635499,
    42.426325522
  ],
  ""type"": ""Point""
}",-83.038635499,42.4263255220001
8246,1280901,GRATIOT,PROMENADE,2018-01-26,26,1,2018,11,6,8,3,,1,0,Asphalt,1,1,1,35,3,2,2,5,0,0,0,0,true,false,false,false,false,false,false,false,false,false,false,false,false,false,false,true,false,false,false,false,false,false,-82.99889,42.40279,"{
  ""coordinates"": [
    -8.299888726615519e+01,
    4.240279226937730e+01
  ],
  ""type"": ""Point""
}","{
  ""coordinates"": [
    -82.998887266,
    42.402792269
  ],
  ""type"": ""Point""
}",-82.9988872659999,42.402792269
8247,1280899,VAN DYKE,MACK,2018-01-26,26,1,2018,20,6,5,9,,4,0,Asphalt,1,1,4,25,2,2,3,4,0,0,0,1,false,false,false,false,false,false,false,false,false,false,false,false,false,false,false,false,false,false,false,false,false,false,-83.00599,42.36681,"{
  ""coordinates"": [
    -8.300598678485150e+01,
    4.236681327034020e+01
  ],
  ""type"": ""Point""
}","{
  ""coordinates"": [
    -83.005986785,
    42.36681327
  ],
  ""type"": ""Point""
}",-83.0059867849999,42.3668132700001
8248,1282084,S I 75,MACK,2018-01-26,26,1,2018,13,6,7,1,,1,0,Concrete,1,1,1,25,2,2,6,4,0,0,0,1,false,false,false,false,true,false,false,false,false,false,false,false,false,false,false,false,false,false,false,false,false,false,-83.04822,42.35127,"{
  ""coordinates"": [
    -8.304821644485170e+01,
    4.235127230850850e+01
  ],
  ""type"": ""Point""
}","{
  ""coordinates"": [
    -83.048216445,
    42.351272309
  ],
  ""type"": ""Point""
}",-83.048216445,42.3512723090001
8249,1284616,CHANDLER PARK,DICKERSON,2018-01-26,26,1,2018,9,6,4,9,,2,0,Asphalt,1,1,1,25,2,2,3,5,0,0,0,0,true,false,false,false,false,false,false,false,false,false,false,false,false,false,false,false,false,false,false,false,false,false,-82.97041,42.39739,"{
  ""coordinates"": [
    -8.297040333552320e+01,
    4.239738658058150e+01
  ],
  ""type"": ""Point""
}","{
  ""coordinates"": [
    -82.970403336,
    42.397386581
  ],
  ""type"": ""Point""
}",-82.9704033359999,42.397386581
8250,1280914,S M 10 SERVICE DRIVE,ELMHURST,2018-01-26,26,1,2018,18,6,1,3,,4,1,Asphalt,1,1,5,35,1,1,1,5,0,0,0,0,true,false,false,false,false,false,false,false,false,true,false,false,false,false,false,false,false,false,false,false,false,false,-83.1039,42.38958,"{
  ""coordinates"": [
    -8.310389783369919e+01,
    4.238958394985590e+01
  ],
  ""type"": ""Point""
}","{
  ""coordinates"": [
    -83.103897834,
    42.38958395
  ],
  ""type"": ""Point""
}",-83.103897834,42.38958395
8251,1284578,LARNED,BRUSH,2018-01-26,26,1,2018,16,6,5,9,,4,0,Asphalt,1,1,1,35,4,3,2,5,0,0,0,0,true,false,false,false,true,false,false,false,false,false,false,false,false,false,false,false,false,false,false,false,false,false,-83.04143,42.33107,"{
  ""coordinates"": [
    -8.304142716991851e+01,
    4.233106788033210e+01
  ],
  ""type"": ""Point""
}","{
  ""coordinates"": [
    -83.04142717,
    42.33106788
  ],
  ""type"": ""Point""
}",-83.04142717,42.33106788
8252,1283558,FORT,DEARBORN,2018-01-26,26,1,2018,17,6,5,3,,1,0,Asphalt,1,1,4,35,4,3,4,5,0,0,0,0,true,false,false,false,false,false,false,false,false,false,false,false,false,false,true,false,false,false,false,false,false,false,-83.13707,42.29343,"{
  ""coordinates"": [
    -8.313707248554640e+01,
    4.229342549492550e+01
  ],
  ""type"": ""Point""
}","{
  ""coordinates"": [
    -83.137072486,
    42.293425495
  ],
  ""type"": ""Point""
}",-83.137072486,42.2934254950001
8253,1280902,EVERGREEN,8 MILE,2018-01-26,26,1,2018,17,6,5,3,,,0,,1,1,3,35,2,2,3,5,0,0,0,0,true,false,false,false,false,false,false,false,false,true,false,false,false,false,false,false,true,false,false,false,false,false,-83.2374,42.4439,"{
  ""coordinates"": [
    -8.323740305790220e+01,
    4.244390200438530e+01
  ],
  ""type"": ""Point""
}","{
  ""coordinates"": [
    -83.237403058,
    42.443902004
  ],
  ""type"": ""Point""
}",-83.237403058,42.4439020040001
8254,1280890,VERNOR,RIEDEN,2018-01-26,26,1,2018,16,6,4,9,,4,0,Asphalt,1,1,1,35,2,2,1,5,0,0,0,0,true,false,false,false,false,false,false,false,false,false,false,false,false,false,false,false,false,false,false,false,false,false,-83.12007,42.31438,"{
  ""coordinates"": [
    -8.312007481156900e+01,
    4.231438423567420e+01
  ],
  ""type"": ""Point""
}","{
  ""coordinates"": [
    -83.120074812,
    42.314384236
  ],
  ""type"": ""Point""
}",-83.120074812,42.3143842360001
8255,1280887,OUTER,BEATRICE,2018-01-26,26,1,2018,13,6,4,9,,2,0,Asphalt,1,1,1,35,4,2,2,4,0,0,0,1,false,false,true,false,false,false,false,false,false,false,false,false,false,false,false,false,false,false,false,false,false,false,-83.16359,42.25795,"{
  ""coordinates"": [
    -8.316359150058560e+01,
    4.225794959560900e+01
  ],
  ""type"": ""Point""
}","{
  ""coordinates"": [
    -83.163591501,
    42.257949596
  ],
  ""type"": ""Point""
}",-83.163591501,42.2579495960001
8256,1282038,E I 94,N M 10,2018-01-25,25,1,2018,16,5,8,1,,1,0,Asphalt,1,1,1,55,3,2,2,5,0,0,0,0,true,false,false,false,false,false,false,false,false,false,false,false,false,false,false,false,false,false,false,false,false,false,-83.07623,42.35894,"{
  ""coordinates"": [
    -8.307622402877649e+01,
    4.235893871168840e+01
  ],
  ""type"": ""Point""
}","{
  ""coordinates"": [
    -83.076224029,
    42.358938712
  ],
  ""type"": ""Point""
}",-83.0762240289999,42.3589387120001
8257,1279381,7 MILE,MONTEVISTA,2018-01-25,25,1,2018,5,5,4,9,,2,0,Asphalt,1,1,4,35,5,2,2,5,0,0,0,0,true,false,true,false,false,false,false,false,false,false,false,false,false,true,false,false,false,false,false,false,false,false,-83.16889,42.43126,"{
  ""coordinates"": [
    -8.316888879582910e+01,
    4.243126028046140e+01
  ],
  ""type"": ""Point""
}","{
  ""coordinates"": [
    -83.168888796,
    42.43126028
  ],
  ""type"": ""Point""
}",-83.168888796,42.4312602800001
8258,1305939,I-96,M-39,2018-01-25,25,1,2018,16,5,5,1,,1,0,Concrete,1,1,1,30,2,2,1,5,0,0,0,0,true,false,false,false,false,false,false,false,false,false,false,false,false,false,false,false,false,false,false,false,false,false,-83.21689,42.37905,"{
  ""coordinates"": [
    -8.321688655404699e+01,
    4.237904696156180e+01
  ],
  ""type"": ""Point""
}","{
  ""coordinates"": [
    -83.216886554,
    42.379046962
  ],
  ""type"": ""Point""
}",-83.216886554,42.3790469620001
8259,1307142,I-96,DAVISON,2018-01-25,25,1,2018,9,5,97,3,,1,0,Asphalt,1,1,1,55,3,2,0,5,0,0,0,0,true,false,false,false,true,false,false,false,false,false,false,false,false,false,false,false,false,false,false,false,false,false,-83.13068,42.38982,"{
  ""coordinates"": [
    -8.313067553442249e+01,
    4.238981605723810e+01
  ],
  ""type"": ""Point""
}","{
  ""coordinates"": [
    -83.130675534,
    42.389816057
  ],
  ""type"": ""Point""
}",-83.130675534,42.3898160570001
8260,1298801,WESTWOOD,SCHOOLCRAFT,2018-01-25,25,1,2018,19,5,98,9,,,0,,1,1,4,25,2,2,1,5,0,0,0,0,true,false,false,false,true,false,false,false,false,false,false,false,false,true,false,false,false,false,false,false,false,false,-83.232,42.38625,"{
  ""coordinates"": [
    -8.323200216696701e+01,
    4.238624616186950e+01
  ],
  ""type"": ""Point""
}","{
  ""coordinates"": [
    -83.232002167,
    42.386246162
  ],
  ""type"": ""Point""
}",-83.232002167,42.3862461620001
8261,1280904,ASHTON,PURITAN,2018-01-25,25,1,2018,18,5,4,9,,,0,,1,1,2,25,2,2,2,4,0,0,0,1,false,false,false,false,false,false,false,false,false,false,false,false,false,false,false,false,false,false,false,false,false,false,-83.21977,42.40834,"{
  ""coordinates"": [
    -8.321977073936910e+01,
    4.240833515088000e+01
  ],
  ""type"": ""Point""
}","{
  ""coordinates"": [
    -83.219770739,
    42.408335151
  ],
  ""type"": ""Point""
}",-83.219770739,42.4083351510001
8262,1288223,PRENTIS,2ND,2018-01-25,25,1,2018,17,5,98,9,,,0,,1,1,1,20,2,2,0,5,0,0,0,0,true,false,false,false,true,false,false,false,false,false,false,false,false,false,false,false,false,false,false,false,false,false,-83.06722,42.35227,"{
  ""coordinates"": [
    -8.306722510389450e+01,
    4.235226942993370e+01
  ],
  ""type"": ""Point""
}","{
  ""coordinates"": [
    -83.067225104,
    42.35226943
  ],
  ""type"": ""Point""
}",-83.067225104,42.35226943
8263,1299761,W I 94,GRAND,2018-01-25,25,1,2018,17,5,5,1,,1,0,Asphalt,1,1,3,55,3,2,2,5,0,0,0,0,true,false,false,false,false,false,false,false,false,false,false,false,false,false,false,true,false,false,false,false,false,false,-83.1091,42.34711,"{
  ""coordinates"": [
    -8.310910090450110e+01,
    4.234710531496200e+01
  ],
  ""type"": ""Point""
}","{
  ""coordinates"": [
    -83.109100905,
    42.347105315
  ],
  ""type"": ""Point""
}",-83.1091009049999,42.3471053150001
8264,1283736,CHALMERS,SEYMOUR,2018-01-25,25,1,2018,8,5,1,9,,4,0,Asphalt,1,1,1,25,2,1,1,5,0,0,0,0,true,false,false,false,false,false,false,true,false,false,false,false,false,false,false,false,false,false,false,false,false,false,-82.97508,42.42724,"{
  ""coordinates"": [
    -8.297508241056209e+01,
    4.242724120815250e+01
  ],
  ""type"": ""Point""
}","{
  ""coordinates"": [
    -82.975082411,
    42.427241208
  ],
  ""type"": ""Point""
}",-82.975082411,42.4272412080001
8265,1280905,OUTER,N M 10,2018-01-25,25,1,2018,21,5,4,9,,2,0,Asphalt,1,1,4,25,2,2,2,5,0,0,0,0,true,false,false,false,true,false,false,false,false,false,false,false,false,false,false,false,false,false,false,false,false,false,-83.17607,42.42092,"{
  ""coordinates"": [
    -8.317607060487160e+01,
    4.242092063493720e+01
  ],
  ""type"": ""Point""
}","{
  ""coordinates"": [
    -83.176070605,
    42.420920635
  ],
  ""type"": ""Point""
}",-83.1760706049999,42.4209206350001
8266,1280868,SCHAEFER,WESTFIELD,2018-01-25,25,1,2018,23,5,8,9,,4,0,Asphalt,1,1,4,35,4,3,2,4,0,0,0,1,false,false,false,false,true,false,false,false,false,false,false,false,false,false,false,false,false,false,false,false,false,false,-83.17767,42.36394,"{
  ""coordinates"": [
    -8.317766398568460e+01,
    4.236393913619890e+01
  ],
  ""type"": ""Point""
}","{
  ""coordinates"": [
    -83.177663986,
    42.363939136
  ],
  ""type"": ""Point""
}",-83.177663986,42.3639391360001
8267,1299760,I-75,SCHAEFER,2018-01-25,25,1,2018,7,5,5,1,,1,0,Concrete,1,2,1,55,3,6,6,4,0,0,0,1,false,false,false,false,false,false,false,false,false,false,false,false,false,false,false,false,false,false,false,false,false,false,-83.15663,42.27703,"{
  ""coordinates"": [
    -8.315663428703930e+01,
    4.227703150495940e+01
  ],
  ""type"": ""Point""
}","{
  ""coordinates"": [
    -83.156634287,
    42.277031505
  ],
  ""type"": ""Point""
}",-83.156634287,42.277031505
8268,1292289,N M 10 SERVICE DRIVE,WARREN,2018-01-25,25,1,2018,14,5,4,9,,4,0,Asphalt,1,1,1,15,1,2,2,5,0,0,0,0,true,false,false,false,false,false,false,false,false,false,false,true,false,false,false,false,false,false,false,false,false,false,-83.07339,42.35456,"{
  ""coordinates"": [
    -8.307339374913370e+01,
    4.235456162064000e+01
  ],
  ""type"": ""Point""
}","{
  ""coordinates"": [
    -83.073393749,
    42.354561621
  ],
  ""type"": ""Point""
}",-83.073393749,42.3545616210001
8269,1280880,CHOPIN,MCGRAW,2018-01-25,25,1,2018,19,5,10,9,,,0,,1,2,5,25,1,2,0,5,0,0,0,0,true,false,false,false,true,false,false,false,false,false,false,false,false,false,false,false,false,false,false,false,false,false,-83.13737,42.33666,"{
  ""coordinates"": [
    -8.313736866505840e+01,
    4.233666348741190e+01
  ],
  ""type"": ""Point""
}","{
  ""coordinates"": [
    -83.137368665,
    42.336663487
  ],
  ""type"": ""Point""
}",-83.1373686649999,42.3366634870001
8270,1284098,E I 94,MOUNT ELLIOTT,2018-01-25,25,1,2018,20,5,5,1,,1,0,Asphalt,1,1,4,55,4,3,3,5,0,0,0,0,true,false,false,false,false,false,false,false,false,false,false,false,false,false,false,false,false,false,false,false,false,false,-83.03365,42.37926,"{
  ""coordinates"": [
    -8.303364952743330e+01,
    4.237926494689710e+01
  ],
  ""type"": ""Point""
}","{
  ""coordinates"": [
    -83.033649527,
    42.379264947
  ],
  ""type"": ""Point""
}",-83.033649527,42.3792649470001
8271,1279365,VERNOR,MICHIGAN,2018-01-25,25,1,2018,9,5,8,2,,4,0,Asphalt,1,2,1,25,3,2,3,5,0,0,0,0,true,false,false,false,false,false,false,false,false,false,false,false,false,true,false,true,false,false,false,false,false,false,-83.07655,42.33112,"{
  ""coordinates"": [
    -8.307654324532980e+01,
    4.233112186912150e+01
  ],
  ""type"": ""Point""
}","{
  ""coordinates"": [
    -83.076543245,
    42.331121869
  ],
  ""type"": ""Point""
}",-83.076543245,42.3311218690001
8272,1324968,I-375,LAYFEYETTE,2018-01-25,25,1,2018,9,5,5,1,,1,0,Asphalt,1,1,1,55,3,2,2,5,0,0,0,0,true,false,false,false,false,false,false,false,false,false,true,false,false,false,false,false,false,false,false,false,false,false,-83.03887,42.33701,"{
  ""coordinates"": [
    -8.303887265360470e+01,
    4.233701363099950e+01
  ],
  ""type"": ""Point""
}","{
  ""coordinates"": [
    -83.038872654,
    42.337013631
  ],
  ""type"": ""Point""
}",-83.038872654,42.337013631
8273,1284560,JEFFERSON,STEVE YZERMAN,2018-01-25,25,1,2018,14,5,8,9,,4,0,Asphalt,1,1,1,35,2,2,3,5,0,0,0,0,true,false,false,false,false,false,false,false,false,false,false,false,false,false,false,false,false,false,false,false,false,false,-83.05288,42.32564,"{
  ""coordinates"": [
    -8.305288037998331e+01,
    4.232563859932610e+01
  ],
  ""type"": ""Point""
}","{
  ""coordinates"": [
    -83.05288038,
    42.325638599
  ],
  ""type"": ""Point""
}",-83.05288038,42.3256385990001
8274,1282051,I-75,6 MILE,2018-01-25,25,1,2018,19,5,5,1,,1,0,Asphalt,1,1,4,70,5,2,2,5,0,0,0,0,true,false,false,false,false,false,false,false,false,false,false,false,false,false,true,false,false,false,false,false,false,false,-83.08559,42.41563,"{
  ""coordinates"": [
    -8.308558333418210e+01,
    4.241562509530150e+01
  ],
  ""type"": ""Point""
}","{
  ""coordinates"": [
    -83.085583334,
    42.415625095
  ],
  ""type"": ""Point""
}",-83.085583334,42.4156250950001
8275,1284551,RANDOLPH,JEFFERSON,2018-01-25,25,1,2018,17,5,8,3,,1,0,Asphalt,1,1,1,30,3,2,2,5,0,0,0,0,true,false,false,false,false,false,false,false,false,false,false,false,false,false,false,false,false,false,false,false,false,false,-83.04218,42.32988,"{
  ""coordinates"": [
    -8.304217720808640e+01,
    4.232987722141760e+01
  ],
  ""type"": ""Point""
}","{
  ""coordinates"": [
    -83.042177208,
    42.329877221
  ],
  ""type"": ""Point""
}",-83.0421772079999,42.3298772210001
8276,1284566,S I 75 SERVICE DRIVE,GRAND RIVER,2018-01-25,25,1,2018,14,5,4,3,,4,0,Asphalt,1,1,1,30,6,2,3,5,0,0,0,0,true,false,false,false,false,false,false,false,false,false,false,false,false,false,false,false,false,false,false,false,false,false,-83.05994,42.33681,"{
  ""coordinates"": [
    -8.305993645800950e+01,
    4.233681155914190e+01
  ],
  ""type"": ""Point""
}","{
  ""coordinates"": [
    -83.059936458,
    42.336811559
  ],
  ""type"": ""Point""
}",-83.059936458,42.3368115590001
8277,1282042,E I 96,CSX TRANSPORTATION,2018-01-25,25,1,2018,22,5,1,1,,1,1,Concrete,1,1,4,55,3,1,2,4,0,0,0,2,false,false,false,false,false,false,false,false,false,true,false,false,false,false,false,false,false,false,false,false,false,false,-83.23309,42.37836,"{
  ""coordinates"": [
    -8.323309628940950e+01,
    4.237836091910490e+01
  ],
  ""type"": ""Point""
}","{
  ""coordinates"": [
    -83.233096289,
    42.378360919
  ],
  ""type"": ""Point""
}",-83.2330962889999,42.378360919
8278,1279352,216I,I-94,2018-01-25,25,1,2018,7,5,5,1,,1,0,Concrete,1,2,2,55,3,2,2,5,0,0,0,0,true,false,false,false,false,false,false,false,false,false,false,false,false,false,false,true,false,false,false,false,false,false,-83.06079,42.36757,"{
  ""coordinates"": [
    -8.306079352050710e+01,
    4.236756927872670e+01
  ],
  ""type"": ""Point""
}","{
  ""coordinates"": [
    -83.060793521,
    42.367569279
  ],
  ""type"": ""Point""
}",-83.0607935209999,42.3675692790001