ObjectId,Crash ID,Primary Road,Intersecting Road,Crash Date,Day,Month,Year,Hour,Weekday,Crash Type Code,Highway Classification Code,Community Code,Jurisdiction Code,Lane Departure Type Code,Surface Type,Road Condition,Weather Condition,Lighting Condition,Speed Limit,Lanes,Units,Occupants,Most Severe Injury,Fatal Injuries,Suspected Serious Injuries,Suspected Minor Injuries,Possible Injuries,Property Damage Only,Secondary Crash,Traffic Control,Red Light Run,Hit and Run,Alcohol,Drugs,Unbelted Person,Work Zone,Speeding Driver,Distracted Driver,Driveway,Pedestrian,Elderly Driver,Young Driver,Commercial Vehicle,Emergency Vehicles,Train,School Bus,Motorcycle,Bicycle,Deer,Longitude,Latitude,geom,geog,x,y
8333,1279362,WILLIS,CASS,2018-01-24,24,1,2018,16,4,8,9,,,0,,1,1,1,25,2,2,2,5,0,0,0,0,true,false,false,false,true,false,false,false,false,false,false,false,false,true,false,false,false,false,false,false,false,false,-83.06356,42.35049,"{
  ""coordinates"": [
    -8.306355903698100e+01,
    4.235049380425900e+01
  ],
  ""type"": ""Point""
}","{
  ""coordinates"": [
    -83.063559037,
    42.350493804
  ],
  ""type"": ""Point""
}",-83.0635590369999,42.3504938040001
8334,1278266,HOWARD,N M 10,2018-01-24,24,1,2018,14,4,4,3,,4,0,Concrete,4,5,1,25,4,2,2,5,0,0,0,0,true,false,true,true,true,false,false,false,false,false,false,false,false,false,false,false,false,false,false,false,false,false,-83.05776,42.32853,"{
  ""coordinates"": [
    -8.305776128686701e+01,
    4.232852938335110e+01
  ],
  ""type"": ""Point""
}","{
  ""coordinates"": [
    -83.057761287,
    42.328529383
  ],
  ""type"": ""Point""
}",-83.0577612869999,42.328529383
8335,1278268,JEFFERSON,WOODWARD,2018-01-24,24,1,2018,13,4,8,3,,1,0,Asphalt,1,2,1,30,4,2,2,5,0,0,0,0,true,false,false,false,false,false,false,false,false,false,true,false,false,false,true,true,false,false,false,false,false,false,-83.0444,42.32854,"{
  ""coordinates"": [
    -8.304439285034540e+01,
    4.232853574209700e+01
  ],
  ""type"": ""Point""
}","{
  ""coordinates"": [
    -83.04439285,
    42.328535742
  ],
  ""type"": ""Point""
}",-83.04439285,42.328535742
8336,1280891,CECIL,I 94/CECIL RAMP,2018-01-24,24,1,2018,14,4,97,9,,4,0,Asphalt,1,2,1,25,1,2,2,5,0,0,0,0,true,false,false,false,false,false,false,false,false,false,false,false,false,false,false,false,false,false,false,false,false,false,-83.13603,42.33657,"{
  ""coordinates"": [
    -8.313603116308840e+01,
    4.233656778323030e+01
  ],
  ""type"": ""Point""
}","{
  ""coordinates"": [
    -83.136031163,
    42.336567783
  ],
  ""type"": ""Point""
}",-83.136031163,42.3365677830001
8337,1288172,M39,7 MILE,2018-01-24,24,1,2018,9,4,8,3,,1,0,Concrete,1,1,1,55,3,2,1,5,0,0,0,0,true,false,false,false,true,false,false,false,false,false,false,false,false,false,false,false,false,false,false,false,false,false,-83.21911,42.42712,"{
  ""coordinates"": [
    -8.321910847118390e+01,
    4.242712129374190e+01
  ],
  ""type"": ""Point""
}","{
  ""coordinates"": [
    -83.219108471,
    42.427121294
  ],
  ""type"": ""Point""
}",-83.219108471,42.4271212940001
8338,1307145,7 MILE,APPLETON,2018-01-24,24,1,2018,23,4,97,9,,2,0,Asphalt,1,2,4,35,4,2,2,2,0,1,0,0,false,false,false,false,true,false,false,false,false,false,false,false,false,false,false,false,false,false,false,false,false,false,-83.27449,42.42901,"{
  ""coordinates"": [
    -8.327449151344879e+01,
    4.242901305363380e+01
  ],
  ""type"": ""Point""
}","{
  ""coordinates"": [
    -83.274491513,
    42.429013054
  ],
  ""type"": ""Point""
}",-83.274491513,42.4290130540001
8339,1279351,I-94,I-75,2018-01-24,24,1,2018,14,4,8,1,,1,0,Concrete,1,2,1,55,3,2,1,5,0,0,0,0,true,false,false,false,true,false,false,false,false,false,false,false,false,false,false,false,false,false,false,false,false,false,-83.05653,42.36966,"{
  ""coordinates"": [
    -8.305652648056950e+01,
    4.236965567002360e+01
  ],
  ""type"": ""Point""
}","{
  ""coordinates"": [
    -83.056526481,
    42.36965567
  ],
  ""type"": ""Point""
}",-83.0565264809999,42.36965567
8340,1278290,SOUTHFIELD SERVICE DRIVE,HESSEL,2018-01-24,24,1,2018,11,4,5,3,,5,0,Asphalt,1,1,1,25,3,2,1,5,0,0,0,0,true,false,false,false,false,false,false,false,false,false,false,false,false,true,false,false,false,false,false,false,false,false,-83.21948,42.44261,"{
  ""coordinates"": [
    -8.321948405539440e+01,
    4.244260742720660e+01
  ],
  ""type"": ""Point""
}","{
  ""coordinates"": [
    -83.219484055,
    42.442607427
  ],
  ""type"": ""Point""
}",-83.219484055,42.442607427
8341,1280837,I-94,LIVERNOIS,2018-01-24,24,1,2018,14,4,5,1,,1,0,Asphalt,1,2,1,55,3,2,1,5,0,0,0,0,true,false,false,false,true,false,false,false,false,false,false,false,false,false,false,false,false,false,false,false,false,false,-83.12066,42.3392,"{
  ""coordinates"": [
    -8.312065856588740e+01,
    4.233919868102930e+01
  ],
  ""type"": ""Point""
}","{
  ""coordinates"": [
    -83.120658566,
    42.339198681
  ],
  ""type"": ""Point""
}",-83.120658566,42.339198681
8342,1278312,RUSSELL,REMINGTON,2018-01-24,24,1,2018,11,4,5,9,,,0,,1,1,1,25,1,2,4,5,0,0,0,0,true,false,false,false,false,false,false,false,false,false,false,false,false,false,false,false,false,false,false,false,false,false,-83.09106,42.44292,"{
  ""coordinates"": [
    -8.309105338767490e+01,
    4.244291851965350e+01
  ],
  ""type"": ""Point""
}","{
  ""coordinates"": [
    -83.091053388,
    42.44291852
  ],
  ""type"": ""Point""
}",-83.091053388,42.44291852
8343,1278294,OUTER,S M 39,2018-01-24,24,1,2018,17,4,4,9,,2,0,Concrete,1,1,1,35,2,2,3,4,0,0,0,1,false,false,true,true,false,false,false,false,false,false,false,false,false,false,false,false,false,false,false,false,false,false,-83.21893,42.41907,"{
  ""coordinates"": [
    -8.321893022870830e+01,
    4.241907095270900e+01
  ],
  ""type"": ""Point""
}","{
  ""coordinates"": [
    -83.218930229,
    42.419070953
  ],
  ""type"": ""Point""
}",-83.218930229,42.4190709530001
8344,1329949,CHICAGO,SOUTHFIELD SERVICE DRIVE,2018-01-24,24,1,2018,16,4,10,9,,4,0,Asphalt,1,1,1,35,4,2,1,5,0,0,0,0,true,false,false,false,true,false,false,false,false,false,false,false,false,false,false,false,false,false,false,false,false,false,-83.21684,42.36524,"{
  ""coordinates"": [
    -8.321684120066190e+01,
    4.236524351157300e+01
  ],
  ""type"": ""Point""
}","{
  ""coordinates"": [
    -83.216841201,
    42.365243512
  ],
  ""type"": ""Point""
}",-83.216841201,42.3652435120001
8345,1278292,CANFIELD,HOLCOMB,2018-01-24,24,1,2018,21,4,97,9,,,0,,1,1,4,25,2,2,1,5,0,0,0,0,true,false,false,false,false,false,false,false,false,false,false,false,false,false,false,false,false,false,false,false,false,false,-82.99976,42.37644,"{
  ""coordinates"": [
    -8.299976508870979e+01,
    4.237644026525470e+01
  ],
  ""type"": ""Point""
}","{
  ""coordinates"": [
    -82.999765089,
    42.376440265
  ],
  ""type"": ""Point""
}",-82.9997650889999,42.376440265
8346,1288174,N M 39,RAMP 011A,2018-01-24,24,1,2018,9,4,5,3,,1,0,Concrete,1,1,1,55,3,2,1,5,0,0,0,0,true,false,false,false,true,false,false,false,false,false,false,false,false,false,false,false,false,false,false,false,false,false,-83.21911,42.42712,"{
  ""coordinates"": [
    -8.321910847118390e+01,
    4.242712129374190e+01
  ],
  ""type"": ""Point""
}","{
  ""coordinates"": [
    -83.219108471,
    42.427121294
  ],
  ""type"": ""Point""
}",-83.219108471,42.4271212940001
8347,1278298,7 MILE,JOANN,2018-01-24,24,1,2018,0,4,3,9,,4,0,Asphalt,1,1,4,30,2,2,4,3,0,0,1,3,false,false,false,false,false,false,false,false,false,false,false,false,false,false,true,false,false,false,false,false,false,false,-82.99094,42.43479,"{
  ""coordinates"": [
    -8.299093500114640e+01,
    4.243478836972210e+01
  ],
  ""type"": ""Point""
}","{
  ""coordinates"": [
    -82.990935001,
    42.43478837
  ],
  ""type"": ""Point""
}",-82.990935001,42.43478837
8348,1296011,LIVERNOIS,E I 94,2018-01-24,24,1,2018,16,4,5,1,,4,0,Concrete,1,2,1,40,3,2,2,5,0,0,0,0,true,false,false,false,false,false,false,false,false,false,false,false,false,false,false,false,false,false,false,false,false,false,-83.12477,42.33721,"{
  ""coordinates"": [
    -8.312477325848219e+01,
    4.233721091757180e+01
  ],
  ""type"": ""Point""
}","{
  ""coordinates"": [
    -83.124773258,
    42.337210918
  ],
  ""type"": ""Point""
}",-83.1247732579999,42.337210918
8349,1279355,HUBBELL,MCNICHOLS,2018-01-24,24,1,2018,20,4,1,9,,4,0,Asphalt,1,5,4,35,4,1,1,5,0,0,0,0,true,false,false,false,false,false,false,false,false,false,false,false,false,false,false,false,false,false,false,false,false,false,-83.18956,42.41659,"{
  ""coordinates"": [
    -8.318955948689531e+01,
    4.241658984801080e+01
  ],
  ""type"": ""Point""
}","{
  ""coordinates"": [
    -83.189559487,
    42.416589848
  ],
  ""type"": ""Point""
}",-83.1895594869999,42.4165898480001
8350,1278282,WESTEND,FORT,2018-01-24,24,1,2018,12,4,97,3,,4,0,Asphalt,1,2,1,25,2,2,2,5,0,0,0,0,true,false,false,false,false,false,false,false,false,false,false,false,false,false,false,true,false,false,false,false,false,false,-83.11915,42.30013,"{
  ""coordinates"": [
    -8.311915181629580e+01,
    4.230012481709440e+01
  ],
  ""type"": ""Point""
}","{
  ""coordinates"": [
    -83.119151816,
    42.300124817
  ],
  ""type"": ""Point""
}",-83.1191518159999,42.300124817
8351,1286638,BATES,JEFFERSON,2018-01-24,24,1,2018,13,4,97,3,,7,0,Concrete,1,1,1,30,3,2,2,5,0,0,0,0,true,false,false,false,true,false,false,false,false,false,false,false,false,false,false,false,false,false,false,false,false,false,-83.04348,42.32893,"{
  ""coordinates"": [
    -8.304348091234860e+01,
    4.232892490557400e+01
  ],
  ""type"": ""Point""
}","{
  ""coordinates"": [
    -83.043480912,
    42.328924906
  ],
  ""type"": ""Point""
}",-83.0434809119999,42.3289249060001
8352,1283593,8 MILE,WALTHAM,2018-01-24,24,1,2018,22,4,97,3,,1,0,Asphalt,1,5,4,45,4,2,1,2,0,1,1,0,false,false,false,false,false,false,false,false,false,false,true,false,true,false,false,false,false,false,false,false,false,false,-82.9958,42.44905,"{
  ""coordinates"": [
    -8.299579491977219e+01,
    4.244905033648840e+01
  ],
  ""type"": ""Point""
}","{
  ""coordinates"": [
    -82.99579492,
    42.449050336
  ],
  ""type"": ""Point""
}",-82.99579492,42.449050336
8353,1334578,WASHINGTON,CONGRESS,2018-01-24,24,1,2018,15,4,4,9,,4,0,Asphalt,1,1,1,25,4,2,2,5,0,0,0,0,true,false,false,false,false,false,false,false,false,false,false,false,false,false,false,false,false,false,false,false,false,false,-83.0492,42.32874,"{
  ""coordinates"": [
    -8.304920502382150e+01,
    4.232874202150380e+01
  ],
  ""type"": ""Point""
}","{
  ""coordinates"": [
    -83.049205024,
    42.328742022
  ],
  ""type"": ""Point""
}",-83.0492050239999,42.328742022
8354,1277324,MARGARET,KENTUCKY,2018-01-24,24,1,2018,2,4,2,9,,,2,,1,1,4,25,2,3,2,5,0,0,0,0,true,false,false,false,false,false,false,false,false,false,false,false,false,false,false,false,false,false,false,false,false,false,-83.15951,42.42778,"{
  ""coordinates"": [
    -8.315950887527870e+01,
    4.242778445791630e+01
  ],
  ""type"": ""Point""
}","{
  ""coordinates"": [
    -83.159508875,
    42.427784458
  ],
  ""type"": ""Point""
}",-83.159508875,42.4277844580001
8355,1283553,JEFFERSON,BEAUBIEN,2018-01-24,24,1,2018,9,4,4,4,,1,0,Asphalt,1,2,1,25,4,2,2,3,0,0,1,0,false,false,false,false,false,true,false,false,false,false,false,false,false,false,false,true,false,false,false,false,false,false,-83.03937,42.33071,"{
  ""coordinates"": [
    -8.303937121782930e+01,
    4.233070664477090e+01
  ],
  ""type"": ""Point""
}","{
  ""coordinates"": [
    -83.039371218,
    42.330706645
  ],
  ""type"": ""Point""
}",-83.039371218,42.3307066450001
8356,1278275,LIVERNOIS,MICHIGAN,2018-01-24,24,1,2018,13,4,4,9,,4,0,Asphalt,1,2,1,35,5,2,3,4,0,0,0,1,false,false,false,false,false,false,false,false,false,false,false,true,false,false,false,false,false,false,false,false,false,false,-83.11981,42.33039,"{
  ""coordinates"": [
    -8.311981394328060e+01,
    4.233038613249830e+01
  ],
  ""type"": ""Point""
}","{
  ""coordinates"": [
    -83.119813943,
    42.330386132
  ],
  ""type"": ""Point""
}",-83.1198139429999,42.3303861320001
8357,1282036,I-94,CADIEUX,2018-01-24,24,1,2018,8,4,5,1,,1,0,Asphalt,1,1,1,55,3,2,2,4,0,0,0,1,false,false,false,false,false,false,false,false,false,false,false,false,false,false,false,false,false,false,false,false,false,false,-82.93744,42.41705,"{
  ""coordinates"": [
    -8.293743666784350e+01,
    4.241704604412980e+01
  ],
  ""type"": ""Point""
}","{
  ""coordinates"": [
    -82.937436668,
    42.417046044
  ],
  ""type"": ""Point""
}",-82.937436668,42.4170460440001
8358,1284618,W I 94,HARPER,2018-01-24,24,1,2018,16,4,5,1,,1,0,Asphalt,1,1,1,,3,2,2,5,0,0,0,0,true,false,false,false,false,false,false,false,false,false,false,false,false,false,false,false,false,false,false,false,false,false,-83.03194,42.38122,"{
  ""coordinates"": [
    -8.303193721760520e+01,
    4.238121760708910e+01
  ],
  ""type"": ""Point""
}","{
  ""coordinates"": [
    -83.031937218,
    42.381217607
  ],
  ""type"": ""Point""
}",-83.0319372179999,42.3812176070001
8359,1278285,PAUL,EVERGREEN,2018-01-24,24,1,2018,17,4,4,9,,4,0,Asphalt,1,1,4,25,3,2,2,3,0,0,1,0,false,false,false,false,false,false,false,false,false,false,false,false,false,true,false,false,false,false,false,false,false,false,-83.23493,42.33585,"{
  ""coordinates"": [
    -8.323493569035639e+01,
    4.233584899872830e+01
  ],
  ""type"": ""Point""
}","{
  ""coordinates"": [
    -83.23493569,
    42.335848999
  ],
  ""type"": ""Point""
}",-83.23493569,42.3358489990001
8360,1278300,YORKSHIRE,DUCHESS,2018-01-24,24,1,2018,18,4,4,9,,,0,,1,1,4,25,4,2,1,3,0,0,1,0,false,false,false,false,true,false,false,false,false,false,false,false,false,false,false,false,false,false,false,false,false,false,-82.95872,42.42165,"{
  ""coordinates"": [
    -8.295871563469591e+01,
    4.242165235569290e+01
  ],
  ""type"": ""Point""
}","{
  ""coordinates"": [
    -82.958715635,
    42.421652356
  ],
  ""type"": ""Point""
}",-82.958715635,42.421652356
8361,1277261,E I 96,RAMP 143B,2018-01-23,23,1,2018,12,3,1,1,,1,1,Asphalt,1,2,1,70,4,1,1,5,0,0,0,0,true,false,false,false,false,false,false,false,false,false,false,false,false,false,true,false,false,false,false,false,false,false,-83.10674,42.35427,"{
  ""coordinates"": [
    -8.310673666387640e+01,
    4.235427630912150e+01
  ],
  ""type"": ""Point""
}","{
  ""coordinates"": [
    -83.106736664,
    42.354276309
  ],
  ""type"": ""Point""
}",-83.106736664,42.3542763090001
8362,1280835,RAMP 122K,RAMP 122E,2018-01-23,23,1,2018,14,3,8,1,,1,0,Concrete,1,98,1,55,1,2,2,5,0,0,0,0,true,false,false,false,false,false,false,false,false,false,false,false,false,false,false,false,false,false,false,false,false,false,-83.06406,42.33556,"{
  ""coordinates"": [
    -8.306406311139850e+01,
    4.233556317748640e+01
  ],
  ""type"": ""Point""
}","{
  ""coordinates"": [
    -83.064063111,
    42.335563177
  ],
  ""type"": ""Point""
}",-83.0640631109999,42.335563177
8363,1276378,8 MILE,DEQUINDRE,2018-01-23,23,1,2018,1,3,98,3,,1,0,Asphalt,1,1,4,35,3,2,1,5,0,0,0,0,true,false,false,false,true,false,false,false,false,false,false,true,false,false,false,false,false,false,false,false,false,false,-83.08343,42.44702,"{
  ""coordinates"": [
    -8.308343041835479e+01,
    4.244701937611760e+01
  ],
  ""type"": ""Point""
}","{
  ""coordinates"": [
    -83.083430418,
    42.447019376
  ],
  ""type"": ""Point""
}",-83.083430418,42.4470193760001
8364,1285670,GLADYS,GILBERT,2018-01-23,23,1,2018,14,3,4,9,,,0,,98,98,4,20,2,2,1,4,0,0,0,1,false,false,false,false,true,false,false,false,false,false,false,false,false,false,false,false,false,false,false,false,false,false,-83.12818,42.33954,"{
  ""coordinates"": [
    -8.312818163818579e+01,
    4.233954192239000e+01
  ],
  ""type"": ""Point""
}","{
  ""coordinates"": [
    -83.128181638,
    42.339541922
  ],
  ""type"": ""Point""
}",-83.1281816379999,42.3395419220001
8365,1278319,HARPER,CADIEUX,2018-01-23,23,1,2018,20,3,5,9,,4,0,Asphalt,2,4,4,,4,2,2,5,0,0,0,0,true,false,false,false,false,false,false,false,false,false,false,false,false,false,false,false,false,false,false,false,false,false,-82.93658,42.41645,"{
  ""coordinates"": [
    -8.293658720443040e+01,
    4.241645614784900e+01
  ],
  ""type"": ""Point""
}","{
  ""coordinates"": [
    -82.936587204,
    42.416456148
  ],
  ""type"": ""Point""
}",-82.936587204,42.4164561480001
8366,1280811,S M 39,FULLERTON,2018-01-23,23,1,2018,19,3,5,3,,1,0,Asphalt,2,1,4,55,4,2,2,5,0,0,0,0,true,false,false,false,false,false,false,false,false,false,false,false,false,false,true,false,false,false,false,false,false,false,-83.21726,42.38002,"{
  ""coordinates"": [
    -8.321725913526640e+01,
    4.238002144825320e+01
  ],
  ""type"": ""Point""
}","{
  ""coordinates"": [
    -83.217259135,
    42.380021448
  ],
  ""type"": ""Point""
}",-83.2172591349999,42.380021448
8367,1277317,PURITAN,WISCONSIN,2018-01-23,23,1,2018,14,3,1,9,,4,0,Asphalt,1,2,1,30,2,2,2,3,0,0,1,0,false,false,false,false,false,false,false,false,false,false,false,false,true,false,false,false,false,false,false,false,false,false,-83.15662,42.40974,"{
  ""coordinates"": [
    -8.315662361755140e+01,
    4.240974230698690e+01
  ],
  ""type"": ""Point""
}","{
  ""coordinates"": [
    -83.156623618,
    42.409742307
  ],
  ""type"": ""Point""
}",-83.156623618,42.409742307
8368,1276377,7 MILE,PACKARD,2018-01-23,23,1,2018,6,3,9,9,,4,0,Asphalt,2,4,4,15,2,2,2,5,0,0,0,0,true,false,false,false,false,false,false,false,false,false,false,false,false,false,false,false,false,false,false,false,false,false,-83.02742,42.43391,"{
  ""coordinates"": [
    -8.302741890642061e+01,
    4.243390522395180e+01
  ],
  ""type"": ""Point""
}","{
  ""coordinates"": [
    -83.027418906,
    42.433905224
  ],
  ""type"": ""Point""
}",-83.027418906,42.4339052240001
8369,1280817,M 39,PLYMOUTH,2018-01-23,23,1,2018,14,3,5,3,,1,0,Asphalt,2,2,1,55,3,2,2,4,0,0,0,1,false,false,false,false,false,false,false,false,false,false,false,false,false,false,false,false,false,false,false,false,false,false,-83.21655,42.37143,"{
  ""coordinates"": [
    -8.321655086212810e+01,
    4.237142721816940e+01
  ],
  ""type"": ""Point""
}","{
  ""coordinates"": [
    -83.216550862,
    42.371427218
  ],
  ""type"": ""Point""
}",-83.216550862,42.3714272180001
8370,1277319,SCHAEFER,EIGHT MILE,2018-01-23,23,1,2018,17,3,8,3,,4,0,Asphalt,1,1,4,35,5,2,1,5,0,0,0,0,true,false,false,false,true,false,false,false,false,false,false,false,false,false,false,false,false,false,false,false,false,false,-83.181,42.44513,"{
  ""coordinates"": [
    -8.318099749461820e+01,
    4.244513039802050e+01
  ],
  ""type"": ""Point""
}","{
  ""coordinates"": [
    -83.180997495,
    42.445130398
  ],
  ""type"": ""Point""
}",-83.180997495,42.4451303980001
8371,1277408,FORD,ROSA PARKS,2018-01-23,23,1,2018,8,3,5,9,,,0,,2,2,1,30,2,2,2,5,0,0,0,0,true,false,false,false,false,false,false,false,false,false,false,false,false,false,true,false,false,false,false,false,false,false,-83.11547,42.3992,"{
  ""coordinates"": [
    -8.311547097263259e+01,
    4.239919847992910e+01
  ],
  ""type"": ""Point""
}","{
  ""coordinates"": [
    -83.115470973,
    42.39919848
  ],
  ""type"": ""Point""
}",-83.115470973,42.3991984800001
8372,1280822,I-75,LIVERNOIS,2018-01-23,23,1,2018,14,3,8,1,,1,0,Concrete,1,2,1,55,3,2,2,5,0,0,0,0,true,false,false,false,false,false,false,false,false,false,false,false,false,false,false,true,false,false,false,false,false,false,-83.10445,42.30739,"{
  ""coordinates"": [
    -8.310444609676991e+01,
    4.230739171208330e+01
  ],
  ""type"": ""Point""
}","{
  ""coordinates"": [
    -83.104446097,
    42.307391712
  ],
  ""type"": ""Point""
}",-83.1044460969999,42.307391712
8373,1278291,MCCLELLAN,FELCH,2018-01-23,23,1,2018,17,3,97,9,,4,0,Asphalt,1,2,1,30,2,2,2,5,0,0,0,0,true,false,true,false,false,false,false,false,false,false,false,false,false,false,false,false,false,false,false,false,false,false,-83.00671,42.38991,"{
  ""coordinates"": [
    -8.300671318835170e+01,
    4.238991230753320e+01
  ],
  ""type"": ""Point""
}","{
  ""coordinates"": [
    -83.006713188,
    42.389912308
  ],
  ""type"": ""Point""
}",-83.0067131879999,42.3899123080001
8374,1277292,TREVOR,LAFAYETTE,2018-01-23,23,1,2018,13,3,97,9,,,0,,1,1,1,25,2,2,1,5,0,0,0,0,true,false,false,false,false,false,false,false,false,false,false,false,false,true,false,false,false,false,false,false,false,false,-83.02586,42.34106,"{
  ""coordinates"": [
    -8.302585398951550e+01,
    4.234105595107970e+01
  ],
  ""type"": ""Point""
}","{
  ""coordinates"": [
    -83.02585399,
    42.341055951
  ],
  ""type"": ""Point""
}",-83.02585399,42.341055951
8375,1277284,WATERMAN,DESMOND,2018-01-23,23,1,2018,17,3,2,9,,4,2,Asphalt,1,1,4,25,2,2,3,3,0,0,2,1,false,false,false,false,false,false,false,false,false,false,true,false,false,false,true,false,false,false,false,false,false,false,-83.1144,42.31282,"{
  ""coordinates"": [
    -8.311439231666660e+01,
    4.231281848240850e+01
  ],
  ""type"": ""Point""
}","{
  ""coordinates"": [
    -83.114392317,
    42.312818482
  ],
  ""type"": ""Point""
}",-83.114392317,42.3128184820001
8376,1277281,GRAND,WARREN,2018-01-23,23,1,2018,8,3,4,9,,4,0,Asphalt,2,1,1,25,3,2,4,2,0,1,0,1,false,false,false,false,true,false,false,false,false,false,true,false,false,false,false,false,false,false,false,false,false,false,-83.10809,42.34473,"{
  ""coordinates"": [
    -8.310808785602551e+01,
    4.234473398000950e+01
  ],
  ""type"": ""Point""
}","{
  ""coordinates"": [
    -83.108087856,
    42.34473398
  ],
  ""type"": ""Point""
}",-83.1080878559999,42.3447339800001
8377,1277269,M-10,WYOMING,2018-01-23,23,1,2018,16,3,1,3,,1,1,Concrete,1,2,1,55,3,1,1,5,0,0,0,0,true,false,false,false,false,false,false,false,false,true,false,false,false,false,false,false,false,false,false,false,false,false,-83.15945,42.40505,"{
  ""coordinates"": [
    -8.315945072360500e+01,
    4.240504733176710e+01
  ],
  ""type"": ""Point""
}","{
  ""coordinates"": [
    -83.159450724,
    42.405047332
  ],
  ""type"": ""Point""
}",-83.159450724,42.405047332
8378,1277293,FOREST,MCCLELLAN,2018-01-23,23,1,2018,9,3,4,9,,4,0,Asphalt,2,2,1,30,3,2,2,4,0,0,0,2,false,false,true,true,false,false,false,false,false,false,false,false,false,false,false,false,false,false,false,false,false,false,-82.9989,42.37871,"{
  ""coordinates"": [
    -8.299890045550789e+01,
    4.237870901744480e+01
  ],
  ""type"": ""Point""
}","{
  ""coordinates"": [
    -82.998900456,
    42.378709017
  ],
  ""type"": ""Point""
}",-82.9989004559999,42.3787090170001
8379,1278265,GRAND,JOHN C LODGE,2018-01-23,23,1,2018,20,3,97,9,,,0,,1,1,4,25,6,3,3,5,0,0,0,0,true,false,false,false,false,false,false,false,false,false,false,false,false,false,false,false,false,false,false,false,false,false,-83.11259,42.39854,"{
  ""coordinates"": [
    -8.311259739193861e+01,
    4.239854221428770e+01
  ],
  ""type"": ""Point""
}","{
  ""coordinates"": [
    -83.112597392,
    42.398542214
  ],
  ""type"": ""Point""
}",-83.1125973919999,42.398542214
8380,1278303,KENNEBEC,ELMO,2018-01-23,23,1,2018,18,3,8,9,,,0,,1,1,4,25,2,2,1,4,0,0,0,1,false,false,false,false,false,false,false,false,false,false,false,false,false,false,false,false,false,false,false,false,false,false,-83.00572,42.41833,"{
  ""coordinates"": [
    -8.300572322779200e+01,
    4.241833364086860e+01
  ],
  ""type"": ""Point""
}","{
  ""coordinates"": [
    -83.005723228,
    42.418333641
  ],
  ""type"": ""Point""
}",-83.005723228,42.4183336410001
8381,1279366,FORT,TRUMBELL,2018-01-23,23,1,2018,8,3,8,3,,1,0,Asphalt,1,1,1,25,3,2,4,5,0,0,0,0,true,false,false,false,false,false,false,false,false,false,false,false,false,false,false,false,false,false,false,false,false,false,-83.06166,42.32457,"{
  ""coordinates"": [
    -8.306165907836440e+01,
    4.232457301573340e+01
  ],
  ""type"": ""Point""
}","{
  ""coordinates"": [
    -83.061659078,
    42.324573016
  ],
  ""type"": ""Point""
}",-83.0616590779999,42.324573016
8382,1277322,GREENFIELD,PEMBROKE,2018-01-23,23,1,2018,3,3,4,9,,2,0,Asphalt,2,4,4,35,4,2,1,5,0,0,0,0,true,false,false,false,true,false,false,false,false,false,false,false,false,false,false,false,false,false,false,false,false,false,-83.20017,42.43749,"{
  ""coordinates"": [
    -8.320017216625480e+01,
    4.243749107823490e+01
  ],
  ""type"": ""Point""
}","{
  ""coordinates"": [
    -83.200172166,
    42.437491078
  ],
  ""type"": ""Point""
}",-83.200172166,42.4374910780001
8383,1277270,M-10,WARREN,2018-01-23,23,1,2018,17,3,5,3,,1,0,Concrete,1,2,3,55,3,2,2,5,0,0,0,0,true,false,false,false,false,false,false,false,false,false,false,false,false,false,false,false,false,false,false,false,false,false,-83.07413,42.35511,"{
  ""coordinates"": [
    -8.307413589922490e+01,
    4.235511530578550e+01
  ],
  ""type"": ""Point""
}","{
  ""coordinates"": [
    -83.074135899,
    42.355115306
  ],
  ""type"": ""Point""
}",-83.0741358989999,42.3551153060001
8384,1277312,DAVISON,JOS CAMPAU,2018-01-23,23,1,2018,8,3,8,3,,1,0,Asphalt,2,4,1,,2,2,2,4,0,0,0,1,false,false,false,false,false,false,false,false,false,false,false,false,false,false,false,false,false,false,false,false,false,false,-83.06889,42.41311,"{
  ""coordinates"": [
    -8.306888322104609e+01,
    4.241311292225560e+01
  ],
  ""type"": ""Point""
}","{
  ""coordinates"": [
    -83.068883221,
    42.413112922
  ],
  ""type"": ""Point""
}",-83.068883221,42.413112922
8385,1279354,TIREMAN,BURNETTE,2018-01-23,23,1,2018,15,3,8,9,,4,0,Asphalt,1,2,1,30,2,2,2,5,0,0,0,0,true,false,false,false,false,false,false,false,false,false,false,true,false,true,false,false,false,false,false,false,false,false,-83.14095,42.35205,"{
  ""coordinates"": [
    -8.314094658486070e+01,
    4.235205141940380e+01
  ],
  ""type"": ""Point""
}","{
  ""coordinates"": [
    -83.140946585,
    42.352051419
  ],
  ""type"": ""Point""
}",-83.1409465849999,42.3520514190001
8386,1277313,GODDARD,DEARING,2018-01-23,23,1,2018,9,3,97,9,,,0,,2,1,1,25,4,3,1,4,0,0,0,1,false,false,false,false,true,false,false,false,false,false,false,false,false,false,false,false,false,false,false,false,false,false,-83.07231,42.40993,"{
  ""coordinates"": [
    -8.307230875939609e+01,
    4.240993375498630e+01
  ],
  ""type"": ""Point""
}","{
  ""coordinates"": [
    -83.072308759,
    42.409933755
  ],
  ""type"": ""Point""
}",-83.072308759,42.4099337550001
8387,1278278,VASSAR,OAKFIELD,2018-01-23,23,1,2018,21,3,2,9,,,2,,1,1,5,25,2,2,0,5,0,0,0,0,true,false,false,false,true,false,false,false,false,false,false,false,false,false,false,false,false,false,false,false,false,false,-83.21572,42.43374,"{
  ""coordinates"": [
    -8.321572328528890e+01,
    4.243373927258170e+01
  ],
  ""type"": ""Point""
}","{
  ""coordinates"": [
    -83.215723285,
    42.433739273
  ],
  ""type"": ""Point""
}",-83.215723285,42.4337392730001