ObjectId,Crash ID,Primary Road,Intersecting Road,Crash Date,Day,Month,Year,Hour,Weekday,Crash Type Code,Highway Classification Code,Community Code,Jurisdiction Code,Lane Departure Type Code,Surface Type,Road Condition,Weather Condition,Lighting Condition,Speed Limit,Lanes,Units,Occupants,Most Severe Injury,Fatal Injuries,Suspected Serious Injuries,Suspected Minor Injuries,Possible Injuries,Property Damage Only,Secondary Crash,Traffic Control,Red Light Run,Hit and Run,Alcohol,Drugs,Unbelted Person,Work Zone,Speeding Driver,Distracted Driver,Driveway,Pedestrian,Elderly Driver,Young Driver,Commercial Vehicle,Emergency Vehicles,Train,School Bus,Motorcycle,Bicycle,Deer,Longitude,Latitude,geom,geog,x,y
8551,1278310,DAVISON,OAKMAN,2018-01-20,20,1,2018,4,7,5,3,,1,0,Concrete,1,1,1,30,3,2,2,5,0,0,0,0,true,false,false,false,false,false,false,false,false,false,true,false,false,false,true,false,false,false,false,false,false,false,-83.14391,42.3863,"{
  ""coordinates"": [
    -8.314391244006880e+01,
    4.238630255600350e+01
  ],
  ""type"": ""Point""
}","{
  ""coordinates"": [
    -83.14391244,
    42.386302556
  ],
  ""type"": ""Point""
}",-83.14391244,42.386302556
8552,1274005,FORT,GRISWOLD,2018-01-20,20,1,2018,16,7,97,3,,1,0,Asphalt,1,1,1,25,4,2,0,5,0,0,0,0,true,false,false,false,true,false,false,false,false,false,false,false,false,false,false,false,false,false,false,false,false,false,-83.04751,42.33067,"{
  ""coordinates"": [
    -8.304750973930440e+01,
    4.233066457369950e+01
  ],
  ""type"": ""Point""
}","{
  ""coordinates"": [
    -83.047509739,
    42.330664574
  ],
  ""type"": ""Point""
}",-83.047509739,42.330664574
8553,1288246,MACK,AUDUBON,2018-01-20,20,1,2018,15,7,2,9,,4,2,Asphalt,1,1,1,30,4,2,2,2,0,1,1,0,false,false,false,false,false,false,false,false,false,false,false,false,false,true,false,false,false,false,false,false,false,false,-82.93,42.39182,"{
  ""coordinates"": [
    -8.292999978101280e+01,
    4.239182385395860e+01
  ],
  ""type"": ""Point""
}","{
  ""coordinates"": [
    -82.929999781,
    42.391823854
  ],
  ""type"": ""Point""
}",-82.9299997809999,42.3918238540001
8554,1278308,DAVISON,OAKMAN,2018-01-20,20,1,2018,18,7,4,3,,1,0,Concrete,1,1,4,35,3,2,2,5,0,0,0,0,true,false,false,false,false,false,false,false,false,false,false,false,false,false,true,false,false,false,false,false,false,false,-83.14394,42.3863,"{
  ""coordinates"": [
    -8.314393773275050e+01,
    4.238630072052020e+01
  ],
  ""type"": ""Point""
}","{
  ""coordinates"": [
    -83.143937733,
    42.386300721
  ],
  ""type"": ""Point""
}",-83.143937733,42.3863007210001
8555,1284626,PLYMOUTH,ROSEMONT,2018-01-20,20,1,2018,19,7,1,9,,4,0,Asphalt,1,1,4,35,7,2,2,1,1,0,0,0,false,false,false,false,false,false,false,false,false,false,false,false,true,false,true,false,false,false,false,false,false,false,-83.21899,42.37221,"{
  ""coordinates"": [
    -8.321899391836590e+01,
    4.237221240149900e+01
  ],
  ""type"": ""Point""
}","{
  ""coordinates"": [
    -83.218993918,
    42.372212401
  ],
  ""type"": ""Point""
}",-83.218993918,42.3722124010001
8556,1284681,MCNICHOLS,HARTWELL,2018-01-20,20,1,2018,12,7,8,9,,2,0,Asphalt,1,1,1,35,4,3,3,5,0,0,0,0,true,false,false,false,true,false,false,false,false,false,false,false,false,true,false,false,false,false,false,false,false,false,-83.1787,42.41659,"{
  ""coordinates"": [
    -8.317869845570949e+01,
    4.241658942312220e+01
  ],
  ""type"": ""Point""
}","{
  ""coordinates"": [
    -83.178698456,
    42.416589423
  ],
  ""type"": ""Point""
}",-83.1786984559999,42.4165894230001
8557,1278309,DAVISON,NORTHLAWN,2018-01-20,20,1,2018,22,7,4,9,,4,0,Asphalt,1,1,4,35,2,2,2,5,0,0,0,0,true,false,false,false,false,false,false,false,false,false,false,false,false,false,true,false,false,false,false,false,false,false,-83.15296,42.38608,"{
  ""coordinates"": [
    -8.315296080810560e+01,
    4.238607621919960e+01
  ],
  ""type"": ""Point""
}","{
  ""coordinates"": [
    -83.152960808,
    42.386076219
  ],
  ""type"": ""Point""
}",-83.152960808,42.3860762190001
8558,1277286,JOY,LAHSER,2018-01-20,20,1,2018,11,7,9,9,,2,2,Asphalt,2,1,1,35,4,2,6,3,0,0,1,0,false,false,false,false,false,false,false,false,false,false,false,false,false,false,false,false,false,false,false,false,false,false,-83.25658,42.35732,"{
  ""coordinates"": [
    -8.325657371760509e+01,
    4.235731890847740e+01
  ],
  ""type"": ""Point""
}","{
  ""coordinates"": [
    -83.256573718,
    42.357318908
  ],
  ""type"": ""Point""
}",-83.256573718,42.357318908
8559,1282043,CONNER RAMP ID 220H,I-94,2018-01-20,20,1,2018,7,7,1,1,,1,1,Asphalt,1,1,1,25,1,1,1,5,0,0,0,0,true,false,false,false,false,false,false,false,false,true,true,false,false,false,false,true,false,false,false,false,false,false,-82.98684,42.3968,"{
  ""coordinates"": [
    -8.298684006522690e+01,
    4.239680371041530e+01
  ],
  ""type"": ""Point""
}","{
  ""coordinates"": [
    -82.986840065,
    42.39680371
  ],
  ""type"": ""Point""
}",-82.986840065,42.39680371
8560,1278263,WOODWARD,CHARLOTTE,2018-01-20,20,1,2018,16,7,98,3,,1,0,Asphalt,1,1,1,30,7,2,6,5,0,0,0,0,true,false,false,false,false,false,false,false,false,false,false,false,false,false,false,false,false,true,false,false,false,false,-83.05589,42.34442,"{
  ""coordinates"": [
    -8.305589247397300e+01,
    4.234441678706690e+01
  ],
  ""type"": ""Point""
}","{
  ""coordinates"": [
    -83.055892474,
    42.344416787
  ],
  ""type"": ""Point""
}",-83.055892474,42.3444167870001
8561,1275371,JOY,MANSFIELD,2018-01-20,20,1,2018,18,7,5,9,,2,0,Asphalt,1,1,4,35,4,2,3,4,0,0,0,1,false,false,false,false,false,true,false,false,false,false,false,false,false,false,false,false,false,false,false,false,false,false,-83.20351,42.35803,"{
  ""coordinates"": [
    -8.320350727389300e+01,
    4.235803028128390e+01
  ],
  ""type"": ""Point""
}","{
  ""coordinates"": [
    -83.203507274,
    42.358030281
  ],
  ""type"": ""Point""
}",-83.2035072739999,42.358030281
8562,1277278,N I 75,GRAND RIVER,2018-01-20,20,1,2018,23,7,8,1,,1,0,Concrete,1,1,4,25,3,2,2,5,0,0,0,0,true,false,false,false,false,false,false,false,false,false,false,false,false,false,false,false,false,false,false,false,false,false,-83.05917,42.33648,"{
  ""coordinates"": [
    -8.305917174626340e+01,
    4.233647498652140e+01
  ],
  ""type"": ""Point""
}","{
  ""coordinates"": [
    -83.059171746,
    42.336474987
  ],
  ""type"": ""Point""
}",-83.0591717459999,42.336474987
8563,1276326,LIVERNOIS,RAMP 212B,2018-01-20,20,1,2018,14,7,5,1,,4,0,Concrete,1,1,1,35,6,2,5,5,0,0,0,0,true,false,false,false,false,false,false,false,false,false,false,false,false,false,false,false,false,false,false,false,false,false,-83.12463,42.33701,"{
  ""coordinates"": [
    -8.312462518739930e+01,
    4.233700671809410e+01
  ],
  ""type"": ""Point""
}","{
  ""coordinates"": [
    -83.124625187,
    42.337006718
  ],
  ""type"": ""Point""
}",-83.1246251869999,42.3370067180001
8564,1276361,GRAND,NORFOLK SOUTHERN RAILWAY,2018-01-20,20,1,2018,15,7,6,9,,4,0,Asphalt,1,1,1,35,6,2,5,5,0,0,0,0,true,false,false,false,false,false,false,false,false,false,false,false,false,false,true,false,false,false,false,false,false,false,-83.08176,42.31258,"{
  ""coordinates"": [
    -8.308175340631280e+01,
    4.231257599748490e+01
  ],
  ""type"": ""Point""
}","{
  ""coordinates"": [
    -83.081753406,
    42.312575997
  ],
  ""type"": ""Point""
}",-83.081753406,42.3125759970001
8565,1275388,GREINER,GOULBURN,2018-01-20,20,1,2018,20,7,98,9,,4,0,Asphalt,2,1,4,25,2,2,0,5,0,0,0,0,true,false,false,false,true,false,false,false,false,false,false,false,false,false,false,false,false,false,false,false,false,false,-82.99365,42.42747,"{
  ""coordinates"": [
    -8.299364960982760e+01,
    4.242746650867850e+01
  ],
  ""type"": ""Point""
}","{
  ""coordinates"": [
    -82.99364961,
    42.427466509
  ],
  ""type"": ""Point""
}",-82.99364961,42.4274665090001
8566,1274025,IRONWOOD,LINSDALE,2018-01-20,20,1,2018,14,7,4,9,,,0,,1,1,1,25,2,2,4,5,0,0,0,0,true,false,true,false,false,false,false,false,false,false,false,false,false,false,false,false,false,false,false,false,false,false,-83.12696,42.36032,"{
  ""coordinates"": [
    -8.312695872927840e+01,
    4.236032645277250e+01
  ],
  ""type"": ""Point""
}","{
  ""coordinates"": [
    -83.126958729,
    42.360326453
  ],
  ""type"": ""Point""
}",-83.126958729,42.360326453
8567,1274048,FRISBEE,SHIAWASSEE,2018-01-20,20,1,2018,10,7,2,9,,,2,,6,1,1,25,1,2,2,4,0,0,0,1,false,false,false,false,false,false,false,false,false,false,false,false,false,false,false,false,false,false,false,false,false,false,-83.27401,42.4352,"{
  ""coordinates"": [
    -8.327401258182741e+01,
    4.243519755004110e+01
  ],
  ""type"": ""Point""
}","{
  ""coordinates"": [
    -83.274012582,
    42.43519755
  ],
  ""type"": ""Point""
}",-83.274012582,42.4351975500001
8568,1274042,MURRAY HILL,PEMBROKE,2018-01-20,20,1,2018,16,7,4,9,,,0,,1,1,1,25,4,2,5,4,0,0,0,1,false,false,true,false,false,false,false,false,false,false,false,false,false,false,false,false,false,false,false,false,false,false,-83.20872,42.43745,"{
  ""coordinates"": [
    -8.320872713428329e+01,
    4.243745293815160e+01
  ],
  ""type"": ""Point""
}","{
  ""coordinates"": [
    -83.208727134,
    42.437452938
  ],
  ""type"": ""Point""
}",-83.208727134,42.437452938
8569,1276366,MCCLELLAN,KERCHEVAL,2018-01-20,20,1,2018,16,7,97,9,,4,0,Asphalt,1,1,1,30,2,3,5,4,0,0,0,2,false,false,true,true,false,false,false,false,false,false,false,false,false,false,false,false,false,false,false,false,false,false,-82.98777,42.36324,"{
  ""coordinates"": [
    -8.298777376186500e+01,
    4.236324011878210e+01
  ],
  ""type"": ""Point""
}","{
  ""coordinates"": [
    -82.987773762,
    42.363240119
  ],
  ""type"": ""Point""
}",-82.987773762,42.3632401190001
8570,1274041,OUTER,MCNICHOLS,2018-01-20,20,1,2018,16,7,97,9,,2,0,Asphalt,1,1,1,35,4,3,4,4,0,0,0,1,false,false,true,true,false,false,false,false,false,false,false,false,false,true,false,false,false,false,false,false,false,false,-83.25747,42.41463,"{
  ""coordinates"": [
    -8.325747185933740e+01,
    4.241463616063390e+01
  ],
  ""type"": ""Point""
}","{
  ""coordinates"": [
    -83.257471859,
    42.414636161
  ],
  ""type"": ""Point""
}",-83.257471859,42.414636161
8571,1274064,DAVISON,WILDEMERE,2018-01-20,20,1,2018,15,7,8,3,,1,0,Asphalt,1,1,1,35,7,2,2,5,0,0,0,0,true,false,false,false,false,false,false,false,false,false,false,false,false,false,false,false,false,false,false,false,false,false,-83.12737,42.39104,"{
  ""coordinates"": [
    -8.312736830326580e+01,
    4.239103754777300e+01
  ],
  ""type"": ""Point""
}","{
  ""coordinates"": [
    -83.127368303,
    42.391037548
  ],
  ""type"": ""Point""
}",-83.127368303,42.391037548
8572,1276372,CURTIS,GRANDVILLE,2018-01-20,20,1,2018,21,7,8,9,,,0,,4,5,4,15,1,2,1,5,0,0,0,0,true,false,false,false,true,false,false,false,false,false,false,false,false,false,true,false,false,false,false,false,false,false,-83.23194,42.42252,"{
  ""coordinates"": [
    -8.323193791065580e+01,
    4.242251706960830e+01
  ],
  ""type"": ""Point""
}","{
  ""coordinates"": [
    -83.231937911,
    42.42251707
  ],
  ""type"": ""Point""
}",-83.231937911,42.42251707
8573,1276382,EIGHT MILE,WOODWARD,2018-01-20,20,1,2018,1,7,97,3,,1,1,Asphalt,1,1,4,40,2,1,1,5,0,0,0,0,true,false,false,false,false,false,false,false,false,false,false,false,false,false,false,false,false,false,false,false,false,false,-83.12466,42.44651,"{
  ""coordinates"": [
    -8.312466236119340e+01,
    4.244651308361720e+01
  ],
  ""type"": ""Point""
}","{
  ""coordinates"": [
    -83.124662361,
    42.446513084
  ],
  ""type"": ""Point""
}",-83.1246623609999,42.4465130840001
8574,1275379,7 MILE,GRAND RIVER,2018-01-20,20,1,2018,22,7,1,3,,2,1,Asphalt,1,1,4,35,2,1,1,5,0,0,0,0,true,false,false,false,false,false,false,false,false,false,false,false,false,false,false,false,false,false,false,false,false,false,-83.28725,42.42855,"{
  ""coordinates"": [
    -8.328725023701340e+01,
    4.242855412373180e+01
  ],
  ""type"": ""Point""
}","{
  ""coordinates"": [
    -83.287250237,
    42.428554124
  ],
  ""type"": ""Point""
}",-83.287250237,42.4285541240001
8575,1284630,MCNICHOLS,SCHAEFER,2018-01-20,20,1,2018,18,7,4,9,,2,0,Asphalt,1,1,1,35,5,2,1,5,0,0,0,0,true,false,false,false,true,false,false,false,false,false,false,false,false,false,true,false,false,false,false,false,false,false,-83.17986,42.41659,"{
  ""coordinates"": [
    -8.317985225489970e+01,
    4.241658982304240e+01
  ],
  ""type"": ""Point""
}","{
  ""coordinates"": [
    -83.179852255,
    42.416589823
  ],
  ""type"": ""Point""
}",-83.179852255,42.416589823
8576,1276360,JEFFERSON,MT ELLIOT,2018-01-20,20,1,2018,15,7,5,9,,4,0,Asphalt,1,1,1,35,8,2,2,4,0,0,0,1,false,false,false,false,false,false,false,false,false,false,false,false,false,false,false,false,false,false,false,false,false,false,-83.00981,42.34376,"{
  ""coordinates"": [
    -8.300981422332160e+01,
    4.234376241176000e+01
  ],
  ""type"": ""Point""
}","{
  ""coordinates"": [
    -83.009814223,
    42.343762412
  ],
  ""type"": ""Point""
}",-83.009814223,42.343762412
8577,1275385,BRAILE,FARGO,2018-01-20,20,1,2018,21,7,9,9,,,0,,1,1,5,25,2,2,1,5,0,0,0,0,true,false,false,false,false,false,false,false,false,false,true,false,false,false,false,false,false,false,false,false,false,false,-83.24649,42.43858,"{
  ""coordinates"": [
    -8.324648766609140e+01,
    4.243858076745430e+01
  ],
  ""type"": ""Point""
}","{
  ""coordinates"": [
    -83.246487666,
    42.438580767
  ],
  ""type"": ""Point""
}",-83.246487666,42.4385807670001
8578,1273948,M-10,OAKMAN,2018-01-20,20,1,2018,21,7,1,3,,1,1,Concrete,1,1,4,55,3,1,1,5,0,0,0,0,true,false,false,false,false,false,false,false,false,true,false,false,false,false,false,false,false,false,false,false,false,false,-83.11408,42.4007,"{
  ""coordinates"": [
    -8.311408397388909e+01,
    4.240069903395400e+01
  ],
  ""type"": ""Point""
}","{
  ""coordinates"": [
    -83.114083974,
    42.400699034
  ],
  ""type"": ""Point""
}",-83.114083974,42.4006990340001
8579,1288167,I-94,OUTER DRIVE,2018-01-20,20,1,2018,23,7,8,1,,1,0,Asphalt,1,1,4,55,3,2,1,5,0,0,0,0,true,false,false,false,true,false,false,false,false,false,false,false,false,false,true,false,false,false,false,false,false,false,-82.95146,42.40759,"{
  ""coordinates"": [
    -8.295146491919751e+01,
    4.240758497201090e+01
  ],
  ""type"": ""Point""
}","{
  ""coordinates"": [
    -82.951464919,
    42.407584972
  ],
  ""type"": ""Point""
}",-82.951464919,42.4075849720001
8580,1275361,ALSTEAD,MOROSS,2018-01-20,20,1,2018,9,7,8,9,,,0,,1,1,1,,3,2,2,5,0,0,0,0,true,false,false,false,false,false,false,false,false,false,false,false,false,true,false,false,false,false,false,false,false,false,-82.92791,42.42398,"{
  ""coordinates"": [
    -8.292790875157760e+01,
    4.242397710288310e+01
  ],
  ""type"": ""Point""
}","{
  ""coordinates"": [
    -82.927908752,
    42.423977103
  ],
  ""type"": ""Point""
}",-82.927908752,42.423977103
8581,1274072,VAN DYKE,SAVAGE,2018-01-20,20,1,2018,19,7,8,3,,1,0,Asphalt,1,1,4,35,2,2,4,4,0,0,0,1,false,false,false,false,true,false,false,false,false,false,false,false,false,false,false,false,false,false,false,false,false,false,-83.02467,42.44597,"{
  ""coordinates"": [
    -8.302467400649969e+01,
    4.244597296392070e+01
  ],
  ""type"": ""Point""
}","{
  ""coordinates"": [
    -83.024674006,
    42.445972964
  ],
  ""type"": ""Point""
}",-83.0246740059999,42.4459729640001
8582,1277272,RAMP 215H,W I 94,2018-01-20,20,1,2018,23,7,1,1,,1,1,Concrete,1,1,4,55,1,1,2,4,0,0,0,1,false,false,false,false,false,false,false,false,false,true,false,false,false,false,false,false,false,false,false,false,false,false,-83.07915,42.35753,"{
  ""coordinates"": [
    -8.307915682249950e+01,
    4.235753073350850e+01
  ],
  ""type"": ""Point""
}","{
  ""coordinates"": [
    -83.079156822,
    42.357530734
  ],
  ""type"": ""Point""
}",-83.079156822,42.3575307340001
8583,1274076,LIVERNOIS,MCNICHOLS,2018-01-20,20,1,2018,4,7,4,9,,4,0,Asphalt,1,1,4,,2,2,1,5,0,0,0,0,true,false,false,false,true,false,false,false,false,false,false,false,false,false,false,false,false,false,false,false,false,false,-83.14072,42.41715,"{
  ""coordinates"": [
    -8.314072039029089e+01,
    4.241714900732960e+01
  ],
  ""type"": ""Point""
}","{
  ""coordinates"": [
    -83.14072039,
    42.417149007
  ],
  ""type"": ""Point""
}",-83.14072039,42.417149007
8584,1288163,I96,M39,2018-01-20,20,1,2018,16,7,5,1,,1,0,Concrete,1,1,1,70,3,2,1,3,0,0,1,0,false,false,false,false,true,false,false,false,false,false,false,false,false,false,false,false,false,false,false,false,false,false,-83.21497,42.37882,"{
  ""coordinates"": [
    -8.321496979461671e+01,
    4.237882075808200e+01
  ],
  ""type"": ""Point""
}","{
  ""coordinates"": [
    -83.214969795,
    42.378820758
  ],
  ""type"": ""Point""
}",-83.2149697949999,42.3788207580001
8585,1273916,S/B M 39,SCHOOLCRAFT,2018-01-19,19,1,2018,9,6,5,3,,1,0,Asphalt,1,1,1,55,3,2,2,5,0,0,0,0,true,false,false,false,false,false,false,false,false,false,false,false,false,false,false,false,false,false,false,false,false,false,-83.21785,42.3896,"{
  ""coordinates"": [
    -8.321784776056769e+01,
    4.238960359068770e+01
  ],
  ""type"": ""Point""
}","{
  ""coordinates"": [
    -83.217847761,
    42.389603591
  ],
  ""type"": ""Point""
}",-83.217847761,42.389603591
8586,1274079,OUTER,WYOMING,2018-01-19,19,1,2018,19,6,9,9,,2,0,Asphalt,2,5,5,30,2,2,1,5,0,0,0,0,true,false,false,false,true,false,false,false,false,false,false,false,false,false,false,false,false,false,false,false,false,false,-83.16111,42.43485,"{
  ""coordinates"": [
    -8.316110651143561e+01,
    4.243485221550920e+01
  ],
  ""type"": ""Point""
}","{
  ""coordinates"": [
    -83.161106511,
    42.434852216
  ],
  ""type"": ""Point""
}",-83.161106511,42.434852216
8587,1273980,M-10,HOLDEN,2018-01-19,19,1,2018,14,6,1,9,,,1,,1,1,1,55,4,1,2,5,0,0,0,0,true,false,false,false,false,false,false,false,false,false,false,false,false,false,false,false,false,false,false,false,false,false,-83.07847,42.36131,"{
  ""coordinates"": [
    -8.307847074226220e+01,
    4.236130568549290e+01
  ],
  ""type"": ""Point""
}","{
  ""coordinates"": [
    -83.078470742,
    42.361305685
  ],
  ""type"": ""Point""
}",-83.078470742,42.361305685
8588,1335283,N M 10,MARTIN LUTHER KING JR,2018-01-19,19,1,2018,8,6,97,3,,1,0,Concrete,98,1,1,25,3,2,1,4,0,0,0,1,false,false,false,false,true,false,false,false,false,false,false,false,true,false,false,true,false,false,false,false,false,false,-83.06802,42.34324,"{
  ""coordinates"": [
    -8.306802138749811e+01,
    4.234323823463950e+01
  ],
  ""type"": ""Point""
}","{
  ""coordinates"": [
    -83.068021387,
    42.343238235
  ],
  ""type"": ""Point""
}",-83.068021387,42.3432382350001
8589,1283566,WARREN,WINTHROP,2018-01-19,19,1,2018,16,6,4,9,,2,0,Asphalt,1,1,1,35,6,2,3,4,0,0,0,2,false,false,false,false,false,false,false,false,false,false,false,false,false,false,false,false,false,false,false,false,false,false,-83.19747,42.34365,"{
  ""coordinates"": [
    -8.319747187619539e+01,
    4.234364953806310e+01
  ],
  ""type"": ""Point""
}","{
  ""coordinates"": [
    -83.197471876,
    42.343649538
  ],
  ""type"": ""Point""
}",-83.197471876,42.3436495380001
8590,1291115,I-94,TRUMBULL,2018-01-19,19,1,2018,13,6,5,1,,1,0,Asphalt,1,1,1,55,3,2,3,5,0,0,0,0,true,false,false,false,false,false,false,false,false,false,false,false,false,false,true,false,false,false,false,false,false,false,-83.0859,42.35426,"{
  ""coordinates"": [
    -8.308590205553411e+01,
    4.235425723874120e+01
  ],
  ""type"": ""Point""
}","{
  ""coordinates"": [
    -83.085902056,
    42.354257239
  ],
  ""type"": ""Point""
}",-83.085902056,42.354257239
8591,1274051,VIRGIL,KEELER,2018-01-19,19,1,2018,15,6,97,9,,,0,,1,1,1,25,1,2,1,5,0,0,0,0,true,false,false,false,false,false,false,false,false,false,false,false,false,true,false,false,false,false,true,false,false,false,-83.27126,42.40199,"{
  ""coordinates"": [
    -8.327125509676800e+01,
    4.240198618134300e+01
  ],
  ""type"": ""Point""
}","{
  ""coordinates"": [
    -83.271255097,
    42.401986181
  ],
  ""type"": ""Point""
}",-83.2712550969999,42.401986181
8592,1273999,S M 10,E M 8,2018-01-19,19,1,2018,12,6,97,3,,1,0,Concrete,1,2,1,55,3,1,1,5,0,0,0,0,true,false,false,false,false,false,false,false,false,false,false,false,false,false,false,false,false,false,false,false,false,false,-83.11032,42.39794,"{
  ""coordinates"": [
    -8.311032235976690e+01,
    4.239793632149250e+01
  ],
  ""type"": ""Point""
}","{
  ""coordinates"": [
    -83.11032236,
    42.397936321
  ],
  ""type"": ""Point""
}",-83.1103223599999,42.397936321
8593,1279349,M-39,I-96,2018-01-19,19,1,2018,7,6,5,3,,1,0,Asphalt,1,1,2,55,3,2,2,5,0,0,0,0,true,false,false,false,false,false,false,false,false,false,false,false,false,false,false,true,false,false,false,false,false,false,-83.21682,42.37735,"{
  ""coordinates"": [
    -8.321682115273190e+01,
    4.237735108501410e+01
  ],
  ""type"": ""Point""
}","{
  ""coordinates"": [
    -83.216821153,
    42.377351085
  ],
  ""type"": ""Point""
}",-83.216821153,42.377351085
8594,1274017,CLARK,MICHIGAN,2018-01-19,19,1,2018,21,6,1,2,,4,1,Asphalt,1,1,4,25,2,1,1,2,0,1,0,0,false,false,false,false,false,false,false,false,false,false,false,false,false,false,false,false,false,false,false,false,false,false,-83.10254,42.33089,"{
  ""coordinates"": [
    -8.310253991557499e+01,
    4.233089220477460e+01
  ],
  ""type"": ""Point""
}","{
  ""coordinates"": [
    -83.102539916,
    42.330892205
  ],
  ""type"": ""Point""
}",-83.102539916,42.3308922050001
8595,1273977,I-75,GRAND,2018-01-19,19,1,2018,11,6,5,1,,1,0,Asphalt,1,1,1,55,3,2,1,5,0,0,0,0,true,false,false,false,true,false,false,false,false,false,false,false,false,false,false,false,false,false,false,false,false,false,-83.06106,42.37562,"{
  ""coordinates"": [
    -8.306106143524160e+01,
    4.237561990340680e+01
  ],
  ""type"": ""Point""
}","{
  ""coordinates"": [
    -83.061061435,
    42.375619903
  ],
  ""type"": ""Point""
}",-83.0610614349999,42.375619903
8596,1274057,HAYES,KELLY,2018-01-19,19,1,2018,12,6,3,9,,4,0,Asphalt,1,1,1,30,2,2,2,5,0,0,0,0,true,false,true,true,false,false,false,false,false,false,false,false,false,false,false,false,false,false,false,false,false,false,-82.96495,42.41884,"{
  ""coordinates"": [
    -8.296495385226100e+01,
    4.241884174531290e+01
  ],
  ""type"": ""Point""
}","{
  ""coordinates"": [
    -82.964953852,
    42.418841745
  ],
  ""type"": ""Point""
}",-82.964953852,42.4188417450001
8597,1274061,OUTER,HARPER,2018-01-19,19,1,2018,9,6,4,9,,2,0,Asphalt,1,1,1,35,3,2,2,5,0,0,0,0,true,false,false,false,false,false,false,false,false,false,false,false,false,false,false,false,false,false,false,false,false,false,-82.96091,42.40595,"{
  ""coordinates"": [
    -8.296091783243330e+01,
    4.240595432205400e+01
  ],
  ""type"": ""Point""
}","{
  ""coordinates"": [
    -82.960917832,
    42.405954322
  ],
  ""type"": ""Point""
}",-82.960917832,42.4059543220001
8598,1275338,GRISWOLD,FORT,2018-01-19,19,1,2018,17,6,97,3,,4,0,Asphalt,1,1,1,25,2,2,2,5,0,0,0,0,true,false,false,false,false,false,false,false,false,false,false,false,false,false,false,true,false,false,false,false,false,false,-83.04755,42.33086,"{
  ""coordinates"": [
    -8.304754885488340e+01,
    4.233086163052910e+01
  ],
  ""type"": ""Point""
}","{
  ""coordinates"": [
    -83.047548855,
    42.330861631
  ],
  ""type"": ""Point""
}",-83.0475488549999,42.3308616310001
8599,1273988,MARK TWAIN,CHALFONTE,2018-01-19,19,1,2018,8,6,8,9,,,0,,3,5,1,25,2,2,1,5,0,0,0,0,true,false,false,false,false,false,false,false,false,false,false,false,false,false,false,false,false,false,false,false,false,false,-83.1865,42.39948,"{
  ""coordinates"": [
    -8.318650241015889e+01,
    4.239947693007530e+01
  ],
  ""type"": ""Point""
}","{
  ""coordinates"": [
    -83.18650241,
    42.39947693
  ],
  ""type"": ""Point""
}",-83.1865024099999,42.39947693
8600,1274038,GROVE,LITTLEFIELD,2018-01-19,19,1,2018,22,6,97,9,,,0,,2,4,4,25,2,2,2,5,0,0,0,0,true,false,false,false,false,false,false,false,false,false,false,false,false,false,false,false,false,false,false,false,false,false,-83.17661,42.41399,"{
  ""coordinates"": [
    -8.317661605948950e+01,
    4.241398967062080e+01
  ],
  ""type"": ""Point""
}","{
  ""coordinates"": [
    -83.176616059,
    42.413989671
  ],
  ""type"": ""Point""
}",-83.176616059,42.413989671
8601,1292646,GREENFIELD,DIVERSEY,2018-01-19,19,1,2018,15,6,4,9,,2,0,Asphalt,1,3,1,35,4,2,2,5,0,0,0,0,true,false,false,false,false,false,false,false,false,false,false,false,false,false,false,false,false,false,false,false,false,false,-83.19643,42.34734,"{
  ""coordinates"": [
    -8.319643472172140e+01,
    4.234733606553150e+01
  ],
  ""type"": ""Point""
}","{
  ""coordinates"": [
    -83.196434722,
    42.347336066
  ],
  ""type"": ""Point""
}",-83.1964347219999,42.347336066
8602,1276359,8 MILE,BERG,2018-01-19,19,1,2018,10,6,5,3,,1,0,Asphalt,1,1,1,35,4,2,1,5,0,0,0,0,true,false,false,false,false,false,false,false,false,false,false,false,false,true,false,false,false,false,false,false,false,false,-83.26856,42.44299,"{
  ""coordinates"": [
    -8.326856439424419e+01,
    4.244299312064180e+01
  ],
  ""type"": ""Point""
}","{
  ""coordinates"": [
    -83.268564394,
    42.442993121
  ],
  ""type"": ""Point""
}",-83.268564394,42.442993121
8603,1280912,EASTBURN,GRATIOT,2018-01-19,19,1,2018,21,6,97,3,,,1,,3,1,4,,2,1,1,5,0,0,0,0,true,false,false,false,false,false,false,false,false,false,false,false,false,false,false,false,false,false,false,false,false,false,-82.97072,42.44525,"{
  ""coordinates"": [
    -8.297071948317620e+01,
    4.244524852409270e+01
  ],
  ""type"": ""Point""
}","{
  ""coordinates"": [
    -82.970719483,
    42.445248524
  ],
  ""type"": ""Point""
}",-82.970719483,42.4452485240001
8604,1274063,CHRYSLER SERVICE,ELIOT,2018-01-19,19,1,2018,15,6,5,9,,5,0,Asphalt,1,1,1,30,2,2,2,4,0,0,0,1,false,false,false,false,false,false,false,false,false,false,false,false,false,false,false,false,false,false,false,false,false,false,-83.0462,42.34945,"{
  ""coordinates"": [
    -8.304620037147610e+01,
    4.234945239664080e+01
  ],
  ""type"": ""Point""
}","{
  ""coordinates"": [
    -83.046200371,
    42.349452397
  ],
  ""type"": ""Point""
}",-83.0462003709999,42.3494523970001