ObjectId,Crash ID,Primary Road,Intersecting Road,Crash Date,Day,Month,Year,Hour,Weekday,Crash Type Code,Highway Classification Code,Community Code,Jurisdiction Code,Lane Departure Type Code,Surface Type,Road Condition,Weather Condition,Lighting Condition,Speed Limit,Lanes,Units,Occupants,Most Severe Injury,Fatal Injuries,Suspected Serious Injuries,Suspected Minor Injuries,Possible Injuries,Property Damage Only,Secondary Crash,Traffic Control,Red Light Run,Hit and Run,Alcohol,Drugs,Unbelted Person,Work Zone,Speeding Driver,Distracted Driver,Driveway,Pedestrian,Elderly Driver,Young Driver,Commercial Vehicle,Emergency Vehicles,Train,School Bus,Motorcycle,Bicycle,Deer,Longitude,Latitude,geom,geog,x,y
8714,1404756,SCHOENHERR,8 MILE,2018-06-20,20,6,2018,10,4,8,3,,4,0,Asphalt,1,1,1,30,2,2,1,5,0,0,0,0,true,false,false,false,true,false,false,false,false,false,false,false,false,true,false,false,false,false,false,false,false,false,-82.98565,42.44909,"{
  ""coordinates"": [
    -8.298565126357190e+01,
    4.244909017963910e+01
  ],
  ""type"": ""Point""
}","{
  ""coordinates"": [
    -82.985651264,
    42.44909018
  ],
  ""type"": ""Point""
}",-82.985651264,42.44909018
8715,1404734,KERCHEVAL,MAXWELL,2018-06-20,20,6,2018,7,4,5,9,,4,0,Asphalt,2,4,1,30,3,2,3,5,0,0,0,0,true,false,false,false,false,false,false,false,false,false,false,false,false,false,false,false,false,false,false,false,false,false,-82.9979,42.35919,"{
  ""coordinates"": [
    -8.299789842793710e+01,
    4.235918807266590e+01
  ],
  ""type"": ""Point""
}","{
  ""coordinates"": [
    -82.997898428,
    42.359188073
  ],
  ""type"": ""Point""
}",-82.997898428,42.359188073
8716,1404744,SOUTHFIELD SERVICE DRIVE,CIRCLE,2018-06-20,20,6,2018,12,4,4,3,,5,0,Asphalt,1,2,1,30,2,2,3,5,0,0,0,0,true,false,true,true,false,false,false,false,false,false,false,false,false,true,false,false,false,false,false,false,false,false,-83.21928,42.44355,"{
  ""coordinates"": [
    -8.321927313580260e+01,
    4.244354758660000e+01
  ],
  ""type"": ""Point""
}","{
  ""coordinates"": [
    -83.219273136,
    42.443547587
  ],
  ""type"": ""Point""
}",-83.219273136,42.4435475870001
8717,1404740,7 MILE,WINTHROP,2018-06-20,20,6,2018,0,4,3,9,,2,0,Asphalt,1,1,4,35,5,2,6,3,0,0,1,0,false,false,false,false,false,false,false,false,false,false,false,false,false,false,true,false,false,false,false,false,false,false,-83.20042,42.43041,"{
  ""coordinates"": [
    -8.320041964640170e+01,
    4.243041186577060e+01
  ],
  ""type"": ""Point""
}","{
  ""coordinates"": [
    -83.200419646,
    42.430411866
  ],
  ""type"": ""Point""
}",-83.2004196459999,42.430411866
8718,1405630,GRATIOT,DEVINE,2018-06-20,20,6,2018,6,4,4,3,,1,0,Asphalt,2,1,1,35,2,2,2,5,0,0,0,0,true,false,false,false,false,false,false,false,true,false,false,false,false,false,false,false,false,false,false,false,false,false,-83.00182,42.39829,"{
  ""coordinates"": [
    -8.300182672008060e+01,
    4.239829214415410e+01
  ],
  ""type"": ""Point""
}","{
  ""coordinates"": [
    -83.00182672,
    42.398292144
  ],
  ""type"": ""Point""
}",-83.0018267199999,42.398292144
8719,1405627,MARNE,MOROSS,2018-06-20,20,6,2018,13,4,8,9,,,0,,1,1,1,25,2,2,1,5,0,0,0,0,true,false,false,false,false,false,false,false,false,false,false,false,false,false,false,false,false,false,false,false,false,false,-82.93459,42.42676,"{
  ""coordinates"": [
    -8.293459676485040e+01,
    4.242675977143410e+01
  ],
  ""type"": ""Point""
}","{
  ""coordinates"": [
    -82.934596765,
    42.426759771
  ],
  ""type"": ""Point""
}",-82.934596765,42.426759771
8720,1406864,DUCHESS,STOCKWELL,2018-06-20,20,6,2018,12,4,4,9,,,0,,1,1,1,25,2,2,3,4,0,0,0,2,false,false,false,false,false,false,false,false,false,false,false,false,false,false,false,false,false,false,false,false,false,false,-82.9605,42.41922,"{
  ""coordinates"": [
    -8.296050077374390e+01,
    4.241921668282140e+01
  ],
  ""type"": ""Point""
}","{
  ""coordinates"": [
    -82.960500774,
    42.419216683
  ],
  ""type"": ""Point""
}",-82.960500774,42.4192166830001
8721,1459466,WOODMONT,GRAND RIVER,2018-06-20,20,6,2018,21,4,1,3,,,0,,1,1,4,25,2,2,0,5,0,0,0,0,true,true,false,false,true,false,false,false,false,false,false,false,true,false,false,false,false,false,false,false,false,false,-83.2086,42.39674,"{
  ""coordinates"": [
    -8.320859218296511e+01,
    4.239674358764850e+01
  ],
  ""type"": ""Point""
}","{
  ""coordinates"": [
    -83.208592183,
    42.396743588
  ],
  ""type"": ""Point""
}",-83.208592183,42.396743588
8722,1452543,WARREN,RIVARD,2018-06-20,20,6,2018,23,4,1,9,,4,1,Asphalt,1,1,4,35,6,1,1,5,0,0,0,0,true,false,false,false,false,false,false,false,false,false,false,false,false,false,false,false,false,false,false,false,false,false,-83.05224,42.36155,"{
  ""coordinates"": [
    -8.305223601554910e+01,
    4.236155402484940e+01
  ],
  ""type"": ""Point""
}","{
  ""coordinates"": [
    -83.052236016,
    42.361554025
  ],
  ""type"": ""Point""
}",-83.0522360159999,42.361554025
8723,1404772,KEYSTONE,EMERY,2018-06-20,20,6,2018,20,4,2,9,,,2,,1,2,4,25,1,2,1,5,0,0,0,0,true,false,false,false,true,false,false,false,false,false,false,false,false,false,false,false,false,false,false,false,false,false,-83.05154,42.43572,"{
  ""coordinates"": [
    -8.305154355069050e+01,
    4.243572183011850e+01
  ],
  ""type"": ""Point""
}","{
  ""coordinates"": [
    -83.051543551,
    42.43572183
  ],
  ""type"": ""Point""
}",-83.051543551,42.43572183
8724,1404725,CASS,FOREST,2018-06-20,20,6,2018,10,4,9,9,,4,0,Asphalt,1,2,1,25,4,2,2,5,0,0,0,0,true,false,false,false,false,false,false,false,false,false,false,false,false,false,false,true,false,false,false,false,false,false,-83.06538,42.35374,"{
  ""coordinates"": [
    -8.306537554038800e+01,
    4.235373831926340e+01
  ],
  ""type"": ""Point""
}","{
  ""coordinates"": [
    -83.06537554,
    42.353738319
  ],
  ""type"": ""Point""
}",-83.0653755399999,42.3537383190001
8725,1405598,JEFFERSON,BRUSH,2018-06-20,20,6,2018,21,4,8,4,,1,0,Asphalt,1,1,3,35,6,2,7,5,0,0,0,0,true,false,false,false,false,false,false,false,false,false,false,false,false,true,false,false,false,false,false,false,false,false,-83.04083,42.33009,"{
  ""coordinates"": [
    -8.304082913534850e+01,
    4.233008808369970e+01
  ],
  ""type"": ""Point""
}","{
  ""coordinates"": [
    -83.040829135,
    42.330088084
  ],
  ""type"": ""Point""
}",-83.040829135,42.3300880840001
8726,1405603,FORT,DEARBORN,2018-06-20,20,6,2018,15,4,5,3,,1,0,Asphalt,1,2,1,30,5,3,3,4,0,0,0,1,false,false,false,false,false,false,false,false,false,false,false,false,false,true,false,false,false,false,false,false,false,false,-83.13641,42.29368,"{
  ""coordinates"": [
    -8.313640551521100e+01,
    4.229368195044100e+01
  ],
  ""type"": ""Point""
}","{
  ""coordinates"": [
    -83.136405515,
    42.29368195
  ],
  ""type"": ""Point""
}",-83.136405515,42.2936819500001
8727,1406885,SAINT AUBIN,7 MILE,2018-06-20,20,6,2018,17,4,5,9,,,0,,1,1,1,25,1,2,2,2,0,1,0,1,false,false,false,false,true,false,false,true,false,false,false,false,false,false,false,false,false,false,false,false,false,false,-83.08166,42.43271,"{
  ""coordinates"": [
    -8.308165749179069e+01,
    4.243271234982670e+01
  ],
  ""type"": ""Point""
}","{
  ""coordinates"": [
    -83.081657492,
    42.43271235
  ],
  ""type"": ""Point""
}",-83.081657492,42.43271235
8728,1428868,EVERGREEN,PLYMOUTH,2018-06-20,20,6,2018,17,4,5,9,,4,0,Asphalt,1,1,1,35,5,2,3,5,0,0,0,0,true,false,false,false,false,false,false,false,false,false,false,false,false,false,false,false,false,false,false,false,false,false,-83.23626,42.37193,"{
  ""coordinates"": [
    -8.323625865099160e+01,
    4.237193132112770e+01
  ],
  ""type"": ""Point""
}","{
  ""coordinates"": [
    -83.236258651,
    42.371931321
  ],
  ""type"": ""Point""
}",-83.236258651,42.371931321
8729,1407816,E I 94,RAMP 215D,2018-06-20,20,6,2018,8,4,5,1,,1,0,Asphalt,2,4,1,,3,2,2,4,0,0,0,1,false,false,false,false,false,false,false,false,false,false,false,false,false,false,false,false,false,false,false,false,false,false,-83.07561,42.35932,"{
  ""coordinates"": [
    -8.307561172014940e+01,
    4.235932183109650e+01
  ],
  ""type"": ""Point""
}","{
  ""coordinates"": [
    -83.07561172,
    42.359321831
  ],
  ""type"": ""Point""
}",-83.07561172,42.359321831
8730,1404742,HEYDEN,MIDLAND,2018-06-20,20,6,2018,14,4,9,9,,,2,,1,2,1,25,2,2,4,4,0,0,0,3,false,false,false,false,false,false,false,true,false,false,false,false,false,false,false,false,false,false,false,false,false,false,-83.23968,42.40405,"{
  ""coordinates"": [
    -8.323967977865431e+01,
    4.240405116567570e+01
  ],
  ""type"": ""Point""
}","{
  ""coordinates"": [
    -83.239679779,
    42.404051166
  ],
  ""type"": ""Point""
}",-83.239679779,42.404051166
8731,1428735,E I 96 SERVICE DRIVE,GRAND RIVER,2018-06-20,20,6,2018,10,4,4,1,,1,0,Asphalt,1,2,1,30,5,2,2,3,0,0,1,0,false,false,true,true,true,false,false,false,false,false,false,false,false,false,false,false,false,false,false,false,false,false,-83.17523,42.3833,"{
  ""coordinates"": [
    -8.317523073371400e+01,
    4.238329514418690e+01
  ],
  ""type"": ""Point""
}","{
  ""coordinates"": [
    -83.175230734,
    42.383295144
  ],
  ""type"": ""Point""
}",-83.175230734,42.383295144
8732,1408802,I 94,TARNOW,2018-06-19,19,6,2018,1,3,1,9,,4,1,Asphalt,2,4,4,55,3,1,2,4,0,0,0,2,false,false,false,false,false,false,false,false,false,true,false,false,false,false,true,false,false,false,false,false,false,false,-83.13587,42.33276,"{
  ""coordinates"": [
    -8.313587558117570e+01,
    4.233275585763550e+01
  ],
  ""type"": ""Point""
}","{
  ""coordinates"": [
    -83.135875581,
    42.332755858
  ],
  ""type"": ""Point""
}",-83.1358755809999,42.332755858
8733,1408809,I 75,DAVISON,2018-06-19,19,6,2018,17,3,5,1,,1,0,Asphalt,1,1,1,70,4,2,5,4,0,0,0,1,false,false,false,false,false,false,false,false,false,false,false,false,false,false,true,false,false,false,false,false,false,false,-83.08059,42.40988,"{
  ""coordinates"": [
    -8.308059100249601e+01,
    4.240988226424100e+01
  ],
  ""type"": ""Point""
}","{
  ""coordinates"": [
    -83.080591002,
    42.409882264
  ],
  ""type"": ""Point""
}",-83.0805910019999,42.409882264
8734,1403970,THIRD,EDISON,2018-06-19,19,6,2018,11,3,4,9,,4,0,Asphalt,1,1,1,30,3,2,2,4,0,0,0,2,false,false,true,false,false,false,false,false,false,false,false,false,false,false,true,false,false,false,false,false,false,false,-83.08892,42.38237,"{
  ""coordinates"": [
    -8.308892147882391e+01,
    4.238236508057380e+01
  ],
  ""type"": ""Point""
}","{
  ""coordinates"": [
    -83.088921479,
    42.382365081
  ],
  ""type"": ""Point""
}",-83.088921479,42.382365081
8735,1407858,CHALMERS,SEYMOUR,2018-06-19,19,6,2018,0,3,4,9,,4,0,Asphalt,2,4,4,,5,2,1,5,0,0,0,0,true,false,false,false,false,false,false,false,false,false,false,false,false,false,false,false,false,false,false,false,false,false,-82.97507,42.42704,"{
  ""coordinates"": [
    -8.297507515793239e+01,
    4.242704115191860e+01
  ],
  ""type"": ""Point""
}","{
  ""coordinates"": [
    -82.975075158,
    42.427041152
  ],
  ""type"": ""Point""
}",-82.975075158,42.4270411520001
8736,1406797,S M 10,LIVERNOIS,2018-06-19,19,6,2018,17,3,5,3,,1,0,Concrete,1,2,1,55,3,2,1,4,0,0,0,1,false,false,false,false,true,false,false,false,false,false,false,false,false,false,false,false,false,false,false,false,false,false,-83.14027,42.40481,"{
  ""coordinates"": [
    -8.314027389339610e+01,
    4.240480795001880e+01
  ],
  ""type"": ""Point""
}","{
  ""coordinates"": [
    -83.140273893,
    42.40480795
  ],
  ""type"": ""Point""
}",-83.140273893,42.4048079500001
8737,1403915,I-96,GREENFIELD,2018-06-19,19,6,2018,7,3,8,1,,1,0,Concrete,1,1,1,70,3,2,2,5,0,0,0,0,true,false,false,false,false,false,false,false,false,true,false,false,false,false,false,false,false,false,false,false,false,false,-83.208,42.37902,"{
  ""coordinates"": [
    -8.320799961146960e+01,
    4.237901830957280e+01
  ],
  ""type"": ""Point""
}","{
  ""coordinates"": [
    -83.207999611,
    42.37901831
  ],
  ""type"": ""Point""
}",-83.2079996109999,42.37901831
8738,1403968,AVON,OUTER,2018-06-19,19,6,2018,20,3,8,9,,,0,,1,1,1,30,2,2,3,5,0,0,0,0,true,false,false,false,true,false,false,false,false,false,false,false,false,true,false,false,false,false,false,false,false,false,-83.22599,42.41912,"{
  ""coordinates"": [
    -8.322598814160460e+01,
    4.241912040142560e+01
  ],
  ""type"": ""Point""
}","{
  ""coordinates"": [
    -83.225988142,
    42.419120401
  ],
  ""type"": ""Point""
}",-83.2259881419999,42.419120401
8739,1403949,VAN BUREN,TRINITY,2018-06-19,19,6,2018,9,3,5,9,,,0,,1,1,1,25,2,2,1,5,0,0,0,0,true,false,false,false,false,false,false,true,false,false,false,false,false,false,false,false,false,false,false,false,false,false,-83.24686,42.35552,"{
  ""coordinates"": [
    -8.324686519874450e+01,
    4.235551942488450e+01
  ],
  ""type"": ""Point""
}","{
  ""coordinates"": [
    -83.246865199,
    42.355519425
  ],
  ""type"": ""Point""
}",-83.246865199,42.3555194250001
8740,1403948,18TH,PORTER,2018-06-19,19,6,2018,4,3,8,9,,,0,,1,2,5,25,3,2,1,5,0,0,0,0,true,false,false,false,false,false,false,false,false,false,false,false,false,false,false,false,false,false,false,false,false,false,-83.07698,42.32354,"{
  ""coordinates"": [
    -8.307697881322970e+01,
    4.232353672957540e+01
  ],
  ""type"": ""Point""
}","{
  ""coordinates"": [
    -83.076978813,
    42.32353673
  ],
  ""type"": ""Point""
}",-83.076978813,42.3235367300001
8741,1409747,DRESDEN,SAUER,2018-06-19,19,6,2018,8,3,5,9,,,3,,2,4,5,25,2,2,0,5,0,0,0,0,true,false,false,false,true,false,false,false,false,false,false,false,false,false,false,false,false,false,false,false,false,false,-82.99931,42.42424,"{
  ""coordinates"": [
    -8.299931700046309e+01,
    4.242423771409290e+01
  ],
  ""type"": ""Point""
}","{
  ""coordinates"": [
    -82.999317,
    42.424237714
  ],
  ""type"": ""Point""
}",-82.999317,42.4242377140001
8742,1404751,MOROSS,ROSSITER,2018-06-19,19,6,2018,3,3,8,9,,2,0,Asphalt,2,2,4,35,2,2,5,5,0,0,0,0,true,false,false,false,false,false,false,false,false,false,false,false,false,false,false,false,false,false,false,false,false,false,-82.94485,42.43098,"{
  ""coordinates"": [
    -8.294485254487741e+01,
    4.243098495077080e+01
  ],
  ""type"": ""Point""
}","{
  ""coordinates"": [
    -82.944852545,
    42.430984951
  ],
  ""type"": ""Point""
}",-82.9448525449999,42.430984951
8743,1404727,3647 GILBERT,DENNIS,2018-06-19,19,6,2018,20,3,9,9,,,2,,1,1,1,,3,2,2,5,0,0,0,0,true,false,false,false,false,false,false,false,false,false,false,false,false,false,true,false,true,false,false,false,false,false,-83.11921,42.32718,"{
  ""coordinates"": [
    -8.311920641823750e+01,
    4.232717896629340e+01
  ],
  ""type"": ""Point""
}","{
  ""coordinates"": [
    -83.119206418,
    42.327178966
  ],
  ""type"": ""Point""
}",-83.119206418,42.3271789660001
8744,1403930,RAMP 108C,HUGHES,2018-06-19,19,6,2018,0,3,1,3,,1,1,Asphalt,2,4,4,55,3,1,1,5,0,0,0,0,true,false,false,false,false,false,false,false,false,true,false,false,false,false,true,false,false,false,false,false,false,false,-83.12679,42.40556,"{
  ""coordinates"": [
    -8.312678491217601e+01,
    4.240556083139160e+01
  ],
  ""type"": ""Point""
}","{
  ""coordinates"": [
    -83.126784912,
    42.405560831
  ],
  ""type"": ""Point""
}",-83.1267849119999,42.4055608310001
8745,1403932,GREENFIELD,EATON,2018-06-19,19,6,2018,12,3,8,9,,2,0,Asphalt,1,1,1,35,2,2,2,5,0,0,0,0,true,false,false,false,false,false,false,false,false,false,true,false,false,false,false,false,false,false,false,false,false,false,-83.19859,42.39806,"{
  ""coordinates"": [
    -8.319858749985760e+01,
    4.239806076013430e+01
  ],
  ""type"": ""Point""
}","{
  ""coordinates"": [
    -83.1985875,
    42.39806076
  ],
  ""type"": ""Point""
}",-83.1985875,42.3980607600001
8746,1404731,SCHAEFER,BEATRICE,2018-06-19,19,6,2018,15,3,5,9,,2,0,Asphalt,1,1,1,35,4,2,3,5,0,0,0,0,true,false,false,false,false,false,false,false,false,false,false,false,false,false,false,false,false,false,false,false,false,false,-83.14909,42.27494,"{
  ""coordinates"": [
    -8.314909219428320e+01,
    4.227493770125420e+01
  ],
  ""type"": ""Point""
}","{
  ""coordinates"": [
    -83.149092194,
    42.274937701
  ],
  ""type"": ""Point""
}",-83.1490921939999,42.2749377010001
8747,1403963,METTETAL,KENDALL,2018-06-19,19,6,2018,3,3,98,9,,,0,,2,1,4,25,2,2,0,5,0,0,0,0,true,false,false,false,true,false,false,false,false,false,false,false,false,false,false,false,false,false,false,false,false,false,-83.20688,42.38901,"{
  ""coordinates"": [
    -8.320687633407429e+01,
    4.238901230616350e+01
  ],
  ""type"": ""Point""
}","{
  ""coordinates"": [
    -83.206876334,
    42.389012306
  ],
  ""type"": ""Point""
}",-83.206876334,42.389012306
8748,1409740,8 MILE,EVERGREEN,2018-06-19,19,6,2018,12,3,5,3,,1,0,Asphalt,1,1,1,40,1,2,2,5,0,0,0,0,true,false,false,false,false,false,false,false,false,false,false,false,false,true,true,false,false,false,false,false,false,false,-83.23866,42.44377,"{
  ""coordinates"": [
    -8.323866479874459e+01,
    4.244377024380190e+01
  ],
  ""type"": ""Point""
}","{
  ""coordinates"": [
    -83.238664799,
    42.443770244
  ],
  ""type"": ""Point""
}",-83.2386647989999,42.4437702440001
8749,1403984,7 MILE,WOODINGHAM,2018-06-19,19,6,2018,17,3,5,9,,2,0,Asphalt,1,2,1,30,5,2,1,5,0,0,0,0,true,false,false,false,true,false,false,false,false,false,false,false,false,false,false,false,false,false,false,false,false,false,-83.15068,42.43143,"{
  ""coordinates"": [
    -8.315068365220040e+01,
    4.243142736377270e+01
  ],
  ""type"": ""Point""
}","{
  ""coordinates"": [
    -83.150683652,
    42.431427364
  ],
  ""type"": ""Point""
}",-83.1506836519999,42.4314273640001
8750,1409753,E I 94,RAMP 215B,2018-06-19,19,6,2018,9,3,8,1,,1,0,Concrete,1,1,1,55,3,2,2,5,0,0,0,0,true,false,false,false,true,false,false,false,false,false,false,false,false,true,false,false,false,false,false,false,false,false,-83.07878,42.35733,"{
  ""coordinates"": [
    -8.307877920719071e+01,
    4.235733447325000e+01
  ],
  ""type"": ""Point""
}","{
  ""coordinates"": [
    -83.078779207,
    42.357334473
  ],
  ""type"": ""Point""
}",-83.078779207,42.357334473
8751,1406819,GRATIOT,BRUSH,2018-06-19,19,6,2018,13,3,5,3,,1,0,Asphalt,1,2,1,25,7,2,2,4,0,0,0,1,false,false,false,false,false,false,false,false,false,false,false,false,false,false,false,false,false,false,false,false,false,false,-83.04482,42.33562,"{
  ""coordinates"": [
    -8.304481576182410e+01,
    4.233561676821970e+01
  ],
  ""type"": ""Point""
}","{
  ""coordinates"": [
    -83.044815762,
    42.335616768
  ],
  ""type"": ""Point""
}",-83.044815762,42.3356167680001
8752,1404735,GRATIOT,FRENCH,2018-06-19,19,6,2018,13,3,9,3,,1,0,Asphalt,1,1,1,35,3,2,2,4,0,0,0,1,false,false,false,false,false,false,false,false,false,false,false,false,false,true,false,false,false,false,false,false,false,false,-83.00046,42.40038,"{
  ""coordinates"": [
    -8.300046041519390e+01,
    4.240038093771890e+01
  ],
  ""type"": ""Point""
}","{
  ""coordinates"": [
    -83.000460415,
    42.400380938
  ],
  ""type"": ""Point""
}",-83.000460415,42.4003809380001
8753,1404724,MCNICHOLS,MARLOWE,2018-06-19,19,6,2018,22,3,5,9,,2,0,Asphalt,1,1,4,35,4,3,4,3,0,0,2,0,false,false,false,false,false,false,false,false,false,false,false,false,false,true,false,false,false,false,false,false,false,false,-83.19073,42.4164,"{
  ""coordinates"": [
    -8.319072994764410e+01,
    4.241640606478780e+01
  ],
  ""type"": ""Point""
}","{
  ""coordinates"": [
    -83.190729948,
    42.416406065
  ],
  ""type"": ""Point""
}",-83.190729948,42.416406065
8754,1405613,E I 94,RAMP 220D,2018-06-19,19,6,2018,21,3,8,1,,1,0,Asphalt,1,1,3,65,3,2,1,5,0,0,0,0,true,false,false,false,true,false,false,false,false,false,false,false,false,false,false,false,false,false,false,false,false,false,-82.9884,42.39597,"{
  ""coordinates"": [
    -8.298840665245450e+01,
    4.239596569931150e+01
  ],
  ""type"": ""Point""
}","{
  ""coordinates"": [
    -82.988406652,
    42.395965699
  ],
  ""type"": ""Point""
}",-82.988406652,42.395965699
8755,1404745,LODEWYCK,SOUTHAMPTON,2018-06-19,19,6,2018,13,3,8,9,,,0,,1,1,1,25,2,2,0,5,0,0,0,0,true,false,false,false,true,false,false,false,false,false,false,false,false,false,false,false,false,false,false,false,false,false,-82.92266,42.41296,"{
  ""coordinates"": [
    -8.292266108326881e+01,
    4.241296377803200e+01
  ],
  ""type"": ""Point""
}","{
  ""coordinates"": [
    -82.922661083,
    42.412963778
  ],
  ""type"": ""Point""
}",-82.922661083,42.4129637780001
8756,1404739,CHAPEL,LYNDON,2018-06-19,19,6,2018,23,3,4,9,,,0,,2,4,4,25,4,2,1,5,0,0,0,0,true,true,false,false,false,false,false,false,false,false,false,false,false,false,false,false,false,false,false,false,false,false,-83.25292,42.39311,"{
  ""coordinates"": [
    -8.325291959241150e+01,
    4.239310993569820e+01
  ],
  ""type"": ""Point""
}","{
  ""coordinates"": [
    -83.252919592,
    42.393109936
  ],
  ""type"": ""Point""
}",-83.252919592,42.393109936
8757,1408800,I-96,LIVERNOIS,2018-06-19,19,6,2018,0,3,1,1,,1,1,Asphalt,8,4,4,55,4,1,2,5,0,0,0,0,true,false,false,false,false,false,false,false,false,true,false,false,false,false,false,false,false,false,false,false,false,false,-83.14222,42.36847,"{
  ""coordinates"": [
    -8.314222106388300e+01,
    4.236847452555670e+01
  ],
  ""type"": ""Point""
}","{
  ""coordinates"": [
    -83.142221064,
    42.368474526
  ],
  ""type"": ""Point""
}",-83.142221064,42.3684745260001
8758,1406796,M 10,JEFFERSON,2018-06-19,19,6,2018,15,3,5,3,,1,0,Asphalt,1,2,1,45,3,2,5,5,0,0,0,0,true,false,false,false,false,false,false,false,false,false,true,false,false,false,false,false,false,false,false,false,false,false,-83.04503,42.32829,"{
  ""coordinates"": [
    -8.304503247265799e+01,
    4.232828688215640e+01
  ],
  ""type"": ""Point""
}","{
  ""coordinates"": [
    -83.045032473,
    42.328286882
  ],
  ""type"": ""Point""
}",-83.0450324729999,42.328286882
8759,1404765,JOHN C,BETHUNE,2018-06-19,19,6,2018,22,3,4,9,,4,0,Asphalt,1,1,4,35,3,2,1,4,0,0,0,1,false,false,false,false,true,false,false,false,false,false,false,false,false,false,false,false,false,false,false,false,false,false,-83.08272,42.36918,"{
  ""coordinates"": [
    -8.308272131836770e+01,
    4.236918355128870e+01
  ],
  ""type"": ""Point""
}","{
  ""coordinates"": [
    -83.082721318,
    42.369183551
  ],
  ""type"": ""Point""
}",-83.082721318,42.369183551
8760,1403940,GRAND,LAWTON,2018-06-19,19,6,2018,10,3,8,9,,,0,,1,2,1,30,2,2,2,5,0,0,0,0,true,false,false,false,true,false,false,false,false,false,false,false,false,false,false,false,false,false,false,false,false,false,-83.12587,42.3936,"{
  ""coordinates"": [
    -8.312587335574690e+01,
    4.239359626848110e+01
  ],
  ""type"": ""Point""
}","{
  ""coordinates"": [
    -83.125873356,
    42.393596268
  ],
  ""type"": ""Point""
}",-83.1258733559999,42.3935962680001
8761,1403928,I96,MARTIN LUTHER KING,2018-06-19,19,6,2018,16,3,8,1,,1,0,Asphalt,1,2,1,70,4,2,1,5,0,0,0,0,true,false,false,false,true,false,false,false,false,false,false,false,false,false,true,false,false,false,false,false,false,false,-83.09135,42.33754,"{
  ""coordinates"": [
    -8.309135308610730e+01,
    4.233753987744730e+01
  ],
  ""type"": ""Point""
}","{
  ""coordinates"": [
    -83.091353086,
    42.337539877
  ],
  ""type"": ""Point""
}",-83.091353086,42.337539877
8762,1403938,PALLISTER,BYRON,2018-06-19,19,6,2018,14,3,8,9,,,0,,1,1,1,25,2,2,0,5,0,0,0,0,true,false,false,false,true,false,false,false,false,false,false,false,false,false,false,false,false,false,false,false,false,false,-83.08775,42.36892,"{
  ""coordinates"": [
    -8.308774628318371e+01,
    4.236891592155000e+01
  ],
  ""type"": ""Point""
}","{
  ""coordinates"": [
    -83.087746283,
    42.368915922
  ],
  ""type"": ""Point""
}",-83.0877462829999,42.368915922
8763,1405620,EVERGREEN,RAMP 135C,2018-06-19,19,6,2018,11,3,1,1,,4,1,Asphalt,1,2,1,30,6,1,1,5,0,0,0,0,true,false,false,false,false,false,false,false,false,false,false,false,false,false,false,false,false,false,false,false,false,false,-83.23669,42.3813,"{
  ""coordinates"": [
    -8.323669097758641e+01,
    4.238130128311800e+01
  ],
  ""type"": ""Point""
}","{
  ""coordinates"": [
    -83.236690978,
    42.381301283
  ],
  ""type"": ""Point""
}",-83.236690978,42.381301283
8764,1403977,JOY,GRAND RIVER,2018-06-19,19,6,2018,13,3,5,3,,4,0,Asphalt,1,2,1,30,5,2,2,5,0,0,0,0,true,false,false,false,false,false,false,false,false,false,false,false,false,false,false,false,false,false,false,false,false,false,-83.13051,42.3653,"{
  ""coordinates"": [
    -8.313051006341320e+01,
    4.236529773609000e+01
  ],
  ""type"": ""Point""
}","{
  ""coordinates"": [
    -83.130510063,
    42.365297736
  ],
  ""type"": ""Point""
}",-83.130510063,42.3652977360001
8765,1406812,E I 96,CHICAGO,2018-06-19,19,6,2018,4,3,4,1,,1,0,Asphalt,1,1,4,30,3,2,2,3,0,0,1,0,false,false,false,false,false,false,false,false,false,false,false,false,false,false,false,false,false,false,false,false,false,false,-83.13956,42.36745,"{
  ""coordinates"": [
    -8.313956121176000e+01,
    4.236744693070340e+01
  ],
  ""type"": ""Point""
}","{
  ""coordinates"": [
    -83.139561212,
    42.367446931
  ],
  ""type"": ""Point""
}",-83.139561212,42.3674469310001
8766,1403895,I-96,EVERGREEN,2018-06-19,19,6,2018,11,3,1,1,,1,1,Concrete,1,1,1,55,2,1,1,4,0,0,0,1,false,false,false,false,false,false,false,false,false,true,false,false,false,false,true,false,false,false,false,false,false,false,-83.23525,42.37957,"{
  ""coordinates"": [
    -8.323525357953430e+01,
    4.237956765728840e+01
  ],
  ""type"": ""Point""
}","{
  ""coordinates"": [
    -83.23525358,
    42.379567657
  ],
  ""type"": ""Point""
}",-83.2352535799999,42.3795676570001
8767,1406792,M 10,SCHAEFER,2018-06-19,19,6,2018,14,3,8,3,,1,3,Concrete,1,2,1,55,3,2,1,5,0,0,0,0,true,false,false,false,false,false,false,false,false,true,false,false,false,false,false,false,false,false,false,false,false,false,-83.17948,42.42442,"{
  ""coordinates"": [
    -8.317947931023430e+01,
    4.242442035982780e+01
  ],
  ""type"": ""Point""
}","{
  ""coordinates"": [
    -83.17947931,
    42.42442036
  ],
  ""type"": ""Point""
}",-83.17947931,42.4244203600001
8768,1417022,I-94,CADIUEX,2018-06-19,19,6,2018,11,3,8,1,,1,0,Asphalt,1,1,1,55,3,2,2,5,0,0,0,0,true,false,false,false,false,false,false,false,false,false,false,false,false,false,false,false,false,false,false,false,false,false,-82.94424,42.4123,"{
  ""coordinates"": [
    -8.294423777302310e+01,
    4.241229621835350e+01
  ],
  ""type"": ""Point""
}","{
  ""coordinates"": [
    -82.944237773,
    42.412296218
  ],
  ""type"": ""Point""
}",-82.9442377729999,42.4122962180001