ObjectId,Crash ID,Primary Road,Intersecting Road,Crash Date,Day,Month,Year,Hour,Weekday,Crash Type Code,Highway Classification Code,Community Code,Jurisdiction Code,Lane Departure Type Code,Surface Type,Road Condition,Weather Condition,Lighting Condition,Speed Limit,Lanes,Units,Occupants,Most Severe Injury,Fatal Injuries,Suspected Serious Injuries,Suspected Minor Injuries,Possible Injuries,Property Damage Only,Secondary Crash,Traffic Control,Red Light Run,Hit and Run,Alcohol,Drugs,Unbelted Person,Work Zone,Speeding Driver,Distracted Driver,Driveway,Pedestrian,Elderly Driver,Young Driver,Commercial Vehicle,Emergency Vehicles,Train,School Bus,Motorcycle,Bicycle,Deer,Longitude,Latitude,geom,geog,x,y
8769,1404728,VINEWOOD,BUCHANAN,2018-06-19,19,6,2018,2,3,8,9,,4,0,Asphalt,98,98,4,25,2,2,0,5,0,0,0,0,true,false,false,false,true,false,false,false,false,false,false,false,false,false,false,false,false,false,false,false,false,false,-83.10253,42.33931,"{
  ""coordinates"": [
    -8.310253320334600e+01,
    4.233931153708170e+01
  ],
  ""type"": ""Point""
}","{
  ""coordinates"": [
    -83.102533203,
    42.339311537
  ],
  ""type"": ""Point""
}",-83.102533203,42.3393115370001
8770,1403945,DRAGOON,REGULAR,2018-06-19,19,6,2018,4,3,5,9,,4,0,Asphalt,2,4,4,25,2,2,0,5,0,0,0,0,true,false,false,false,true,false,false,false,false,false,false,false,false,false,false,false,false,false,false,false,false,false,-83.10603,42.31237,"{
  ""coordinates"": [
    -8.310602822389330e+01,
    4.231236953754070e+01
  ],
  ""type"": ""Point""
}","{
  ""coordinates"": [
    -83.106028224,
    42.312369538
  ],
  ""type"": ""Point""
}",-83.1060282239999,42.312369538
8771,1428890,REDMOND,STATE FAIR,2018-06-19,19,6,2018,14,3,5,9,,,0,,1,1,1,25,2,2,3,2,0,1,1,0,false,false,false,false,false,false,false,false,false,false,false,false,false,false,false,false,false,false,false,false,false,false,-82.956,42.44292,"{
  ""coordinates"": [
    -8.295600430807301e+01,
    4.244292633227770e+01
  ],
  ""type"": ""Point""
}","{
  ""coordinates"": [
    -82.956004308,
    42.442926332
  ],
  ""type"": ""Point""
}",-82.956004308,42.4429263320001
8772,1411723,GRIXDALE,JOHN R,2018-06-19,19,6,2018,16,3,2,9,,,2,,1,1,1,25,1,2,1,5,0,0,0,0,true,false,false,false,true,false,false,false,false,false,false,false,false,false,true,false,false,false,false,false,false,false,-83.10108,42.42763,"{
  ""coordinates"": [
    -8.310107887067289e+01,
    4.242762908924680e+01
  ],
  ""type"": ""Point""
}","{
  ""coordinates"": [
    -83.101078871,
    42.427629089
  ],
  ""type"": ""Point""
}",-83.101078871,42.427629089
8773,1403923,I 94,ROSAPARKS,2018-06-19,19,6,2018,2,3,5,1,,1,0,Asphalt,8,1,4,55,3,2,3,4,0,0,0,1,false,false,false,false,false,false,false,false,false,false,false,false,false,false,false,false,false,false,false,false,false,false,-83.08512,42.35464,"{
  ""coordinates"": [
    -8.308512242444540e+01,
    4.235464326881850e+01
  ],
  ""type"": ""Point""
}","{
  ""coordinates"": [
    -83.085122424,
    42.354643269
  ],
  ""type"": ""Point""
}",-83.085122424,42.3546432690001
8774,1404729,GREEN,ARMY,2018-06-19,19,6,2018,15,3,5,9,,,0,,1,1,1,25,2,2,1,5,0,0,0,0,true,false,false,false,false,false,false,false,false,false,false,false,false,false,false,false,false,false,false,false,false,false,-83.11566,42.30605,"{
  ""coordinates"": [
    -8.311566325490240e+01,
    4.230604487148990e+01
  ],
  ""type"": ""Point""
}","{
  ""coordinates"": [
    -83.115663255,
    42.306044871
  ],
  ""type"": ""Point""
}",-83.115663255,42.306044871
8775,1424236,GRISWOLD,LARNED,2018-06-19,19,6,2018,8,3,8,9,,4,0,Asphalt,1,1,1,35,4,2,2,5,0,0,0,0,true,false,false,false,false,false,false,false,false,false,false,false,false,false,true,false,false,false,false,false,false,false,-83.04654,42.32965,"{
  ""coordinates"": [
    -8.304653700117360e+01,
    4.232965635246570e+01
  ],
  ""type"": ""Point""
}","{
  ""coordinates"": [
    -83.046537001,
    42.329656352
  ],
  ""type"": ""Point""
}",-83.046537001,42.329656352
8776,1404748,DUCHESS,YORKSHIRE,2018-06-19,19,6,2018,1,3,98,9,,,0,,2,1,4,25,1,2,4,2,0,3,0,0,false,false,false,false,true,false,false,false,false,false,false,false,false,false,false,false,false,false,false,false,false,false,-82.95872,42.42165,"{
  ""coordinates"": [
    -8.295871563469591e+01,
    4.242165235569290e+01
  ],
  ""type"": ""Point""
}","{
  ""coordinates"": [
    -82.958715635,
    42.421652356
  ],
  ""type"": ""Point""
}",-82.958715635,42.421652356
8777,1420163,M39,PAUL,2018-06-19,19,6,2018,16,3,5,9,,4,0,Asphalt,1,1,1,55,3,2,2,5,0,0,0,0,true,false,false,false,false,false,false,false,false,false,false,false,false,false,false,true,false,false,false,false,false,false,-83.21542,42.33586,"{
  ""coordinates"": [
    -8.321541338996640e+01,
    4.233585954400690e+01
  ],
  ""type"": ""Point""
}","{
  ""coordinates"": [
    -83.21541339,
    42.335859544
  ],
  ""type"": ""Point""
}",-83.21541339,42.3358595440001
8778,1417631,GOULD,GREENFIELD,2018-06-19,19,6,2018,14,3,4,9,,,0,,1,1,1,25,2,2,2,4,0,0,0,1,false,false,false,false,false,false,false,false,false,false,false,false,false,false,true,false,false,false,false,false,false,false,-83.1963,42.34546,"{
  ""coordinates"": [
    -8.319630321571429e+01,
    4.234545648477330e+01
  ],
  ""type"": ""Point""
}","{
  ""coordinates"": [
    -83.196303216,
    42.345456485
  ],
  ""type"": ""Point""
}",-83.196303216,42.3454564850001
8779,1405632,GRATIOT,HOUSTON WHITTIER,2018-06-19,19,6,2018,15,3,5,3,,1,0,Asphalt,1,1,1,35,7,2,3,5,0,0,0,0,true,false,false,false,true,false,false,false,false,false,false,true,false,false,false,false,false,false,false,false,false,false,-82.98736,42.42041,"{
  ""coordinates"": [
    -8.298735638096070e+01,
    4.242040756980370e+01
  ],
  ""type"": ""Point""
}","{
  ""coordinates"": [
    -82.987356381,
    42.42040757
  ],
  ""type"": ""Point""
}",-82.987356381,42.4204075700001
8780,1417021,I-94,MORANG,2018-06-19,19,6,2018,7,3,5,1,,1,0,Asphalt,1,2,1,55,3,2,2,5,0,0,0,0,true,false,false,false,false,false,false,false,false,false,false,false,false,false,true,false,false,false,false,false,false,false,-82.9375,42.41717,"{
  ""coordinates"": [
    -8.293749732869280e+01,
    4.241717273967760e+01
  ],
  ""type"": ""Point""
}","{
  ""coordinates"": [
    -82.937497329,
    42.41717274
  ],
  ""type"": ""Point""
}",-82.9374973289999,42.4171727400001
8781,1404777,BRIARCLIFF,PEMBROKE,2018-06-19,19,6,2018,22,3,98,9,,,0,,1,1,4,25,1,2,0,5,0,0,0,0,true,false,false,false,true,false,false,false,false,false,false,false,false,false,false,false,false,false,false,false,false,false,-83.1341,42.43925,"{
  ""coordinates"": [
    -8.313410113327160e+01,
    4.243925150360420e+01
  ],
  ""type"": ""Point""
}","{
  ""coordinates"": [
    -83.134101133,
    42.439251504
  ],
  ""type"": ""Point""
}",-83.1341011329999,42.439251504
8782,1428860,FENKELL,DALE,2018-06-19,19,6,2018,16,3,97,9,,2,0,Asphalt,1,1,1,35,4,3,2,4,0,0,0,1,false,false,false,false,false,false,false,false,false,false,false,true,true,true,false,false,false,false,false,false,false,false,-83.27538,42.4001,"{
  ""coordinates"": [
    -8.327538673560760e+01,
    4.240010463691570e+01
  ],
  ""type"": ""Point""
}","{
  ""coordinates"": [
    -83.275386736,
    42.400104637
  ],
  ""type"": ""Point""
}",-83.275386736,42.400104637
8783,1433436,S M 39,SCHOOLCRAFT,2018-06-19,19,6,2018,1,3,5,3,,1,0,Asphalt,2,4,4,55,3,2,5,5,0,0,0,0,true,false,false,false,false,false,false,false,false,true,false,false,false,true,true,false,false,false,false,false,false,false,-83.21773,42.38656,"{
  ""coordinates"": [
    -8.321772863837550e+01,
    4.238656160717430e+01
  ],
  ""type"": ""Point""
}","{
  ""coordinates"": [
    -83.217728638,
    42.386561607
  ],
  ""type"": ""Point""
}",-83.217728638,42.386561607
8784,1428865,VAN BUREN,TRINITY,2018-06-19,19,6,2018,9,3,97,9,,,3,,1,1,1,25,2,2,1,5,0,0,0,0,true,false,false,false,true,false,false,false,false,false,false,false,false,false,false,false,false,false,false,false,false,false,-83.24686,42.35552,"{
  ""coordinates"": [
    -8.324686519874450e+01,
    4.235551942488450e+01
  ],
  ""type"": ""Point""
}","{
  ""coordinates"": [
    -83.246865199,
    42.355519425
  ],
  ""type"": ""Point""
}",-83.246865199,42.3555194250001
8785,1428848,TIREMAN,PENROD,2018-06-19,19,6,2018,8,3,4,9,,4,0,Asphalt,1,2,1,35,2,2,5,4,0,0,0,3,false,false,true,false,false,false,false,false,false,false,false,false,false,false,false,false,false,false,false,false,false,false,-83.21984,42.35057,"{
  ""coordinates"": [
    -8.321983772756590e+01,
    4.235056731984280e+01
  ],
  ""type"": ""Point""
}","{
  ""coordinates"": [
    -83.219837728,
    42.35056732
  ],
  ""type"": ""Point""
}",-83.219837728,42.35056732
8786,1406878,MOROSS,KELLY,2018-06-19,19,6,2018,1,3,1,9,,2,0,Asphalt,2,1,5,35,4,1,1,5,0,0,0,0,true,false,false,false,false,true,false,false,false,true,false,false,false,false,false,false,false,false,false,false,false,false,-82.95296,42.43466,"{
  ""coordinates"": [
    -8.295295967067641e+01,
    4.243465652691080e+01
  ],
  ""type"": ""Point""
}","{
  ""coordinates"": [
    -82.952959671,
    42.434656527
  ],
  ""type"": ""Point""
}",-82.952959671,42.4346565270001
8787,1408799,I-96,LIVERNOIS,2018-06-19,19,6,2018,0,3,5,1,,1,0,Asphalt,8,4,4,55,4,2,3,5,0,0,0,0,true,false,false,false,false,false,false,false,false,true,false,false,false,false,false,false,false,false,false,false,false,false,-83.14222,42.36847,"{
  ""coordinates"": [
    -8.314222106388300e+01,
    4.236847452555670e+01
  ],
  ""type"": ""Point""
}","{
  ""coordinates"": [
    -83.142221064,
    42.368474526
  ],
  ""type"": ""Point""
}",-83.142221064,42.3684745260001
8788,1403917,N M 10,E I 94,2018-06-18,18,6,2018,20,2,8,3,,1,0,Concrete,1,1,1,55,3,2,2,5,0,0,0,0,true,true,false,false,false,false,false,false,false,false,false,false,false,false,false,false,false,false,false,false,false,false,-83.07592,42.35886,"{
  ""coordinates"": [
    -8.307591651475531e+01,
    4.235886531171730e+01
  ],
  ""type"": ""Point""
}","{
  ""coordinates"": [
    -83.075916515,
    42.358865312
  ],
  ""type"": ""Point""
}",-83.075916515,42.358865312
8789,1428738,SOUTHFIELD SERVICE DRIVE,RAMP 010B,2018-06-18,18,6,2018,7,2,8,3,,4,0,Asphalt,1,1,1,55,3,2,1,5,0,0,0,0,true,false,false,false,true,false,false,false,false,false,false,false,false,false,false,false,false,false,false,false,false,false,-83.21841,42.41571,"{
  ""coordinates"": [
    -8.321840395807970e+01,
    4.241571174431110e+01
  ],
  ""type"": ""Point""
}","{
  ""coordinates"": [
    -83.218403958,
    42.415711744
  ],
  ""type"": ""Point""
}",-83.218403958,42.4157117440001
8790,1410559,I-94,LONYO,2018-06-18,18,6,2018,14,2,5,1,,1,0,Asphalt,1,1,1,55,3,3,3,4,0,0,0,1,false,false,false,false,false,false,false,false,false,false,false,false,false,false,false,true,false,false,false,false,false,false,-83.15452,42.3294,"{
  ""coordinates"": [
    -8.315452034782460e+01,
    4.232940392789920e+01
  ],
  ""type"": ""Point""
}","{
  ""coordinates"": [
    -83.154520348,
    42.329403928
  ],
  ""type"": ""Point""
}",-83.1545203479999,42.329403928
8791,1406863,LAMBERT,CANTON,2018-06-18,18,6,2018,4,2,5,9,,,0,,1,1,4,25,3,2,2,5,0,0,0,0,true,false,false,false,true,false,false,false,false,false,false,false,false,false,false,false,false,false,false,false,false,false,-83.02733,42.38138,"{
  ""coordinates"": [
    -8.302732868287950e+01,
    4.238138375674240e+01
  ],
  ""type"": ""Point""
}","{
  ""coordinates"": [
    -83.027328683,
    42.381383757
  ],
  ""type"": ""Point""
}",-83.027328683,42.381383757
8792,1403955,GRAND,W I 94,2018-06-18,18,6,2018,14,2,1,1,,4,0,Concrete,1,1,1,30,3,1,0,5,0,0,0,0,true,false,false,false,false,false,false,false,false,false,false,false,false,false,false,false,false,false,false,false,false,false,-83.10921,42.34697,"{
  ""coordinates"": [
    -8.310920670451370e+01,
    4.234696943428510e+01
  ],
  ""type"": ""Point""
}","{
  ""coordinates"": [
    -83.109206705,
    42.346969434
  ],
  ""type"": ""Point""
}",-83.109206705,42.3469694340001
8793,1405614,LONGVIEW,GUNSTON,2018-06-18,18,6,2018,3,2,8,9,,,0,,1,1,5,25,1,2,1,5,0,0,0,0,true,false,false,false,true,false,false,false,false,false,false,false,false,false,false,false,false,false,false,false,false,false,-82.99129,42.40338,"{
  ""coordinates"": [
    -8.299128823844130e+01,
    4.240337787943960e+01
  ],
  ""type"": ""Point""
}","{
  ""coordinates"": [
    -82.991288238,
    42.403377879
  ],
  ""type"": ""Point""
}",-82.991288238,42.4033778790001
8794,1428867,SAINT MARYS,WARREN,2018-06-18,18,6,2018,17,2,5,9,,,0,,98,98,98,25,2,2,1,5,0,0,0,0,true,false,false,false,false,false,false,false,false,false,false,false,false,false,false,false,false,false,false,false,false,false,-83.20364,42.34359,"{
  ""coordinates"": [
    -8.320364244557550e+01,
    4.234358690345340e+01
  ],
  ""type"": ""Point""
}","{
  ""coordinates"": [
    -83.203642446,
    42.343586903
  ],
  ""type"": ""Point""
}",-83.2036424459999,42.3435869030001
8795,1403089,FLEMING,REMINGTON,2018-06-18,18,6,2018,10,2,8,9,,,0,,1,1,1,25,2,2,2,5,0,0,0,0,true,false,false,false,false,false,false,false,false,false,false,false,false,false,false,false,false,false,false,false,false,false,-83.0788,42.44258,"{
  ""coordinates"": [
    -8.307880267380740e+01,
    4.244257559985210e+01
  ],
  ""type"": ""Point""
}","{
  ""coordinates"": [
    -83.078802674,
    42.4425756
  ],
  ""type"": ""Point""
}",-83.078802674,42.4425756000001
8796,1405625,GRAND RIVER,FENKELL,2018-06-18,18,6,2018,3,2,5,3,,1,0,Asphalt,1,1,4,35,2,2,4,5,0,0,0,0,true,false,false,false,true,true,false,false,false,false,false,false,false,false,false,false,false,false,false,false,false,false,-83.21938,42.40113,"{
  ""coordinates"": [
    -8.321937312272669e+01,
    4.240112635195730e+01
  ],
  ""type"": ""Point""
}","{
  ""coordinates"": [
    -83.219373123,
    42.401126352
  ],
  ""type"": ""Point""
}",-83.219373123,42.4011263520001
8797,1403927,I 94,VAN DYKE,2018-06-18,18,6,2018,17,2,8,1,,1,0,Asphalt,1,2,1,55,3,2,6,5,0,0,0,0,true,false,false,false,false,false,false,false,false,false,false,false,false,false,false,false,false,false,false,false,false,false,-83.02191,42.38564,"{
  ""coordinates"": [
    -8.302191334631669e+01,
    4.238564326926340e+01
  ],
  ""type"": ""Point""
}","{
  ""coordinates"": [
    -83.021913346,
    42.385643269
  ],
  ""type"": ""Point""
}",-83.021913346,42.3856432690001
8798,1427080,CASPER,MCGRAW,2018-06-18,18,6,2018,17,2,97,9,,,0,,1,1,1,25,1,2,1,5,0,0,0,0,true,false,false,false,false,false,false,false,false,false,false,false,false,false,false,false,true,false,false,false,false,false,-83.14176,42.33541,"{
  ""coordinates"": [
    -8.314175879197280e+01,
    4.233540844302360e+01
  ],
  ""type"": ""Point""
}","{
  ""coordinates"": [
    -83.141758792,
    42.335408443
  ],
  ""type"": ""Point""
}",-83.141758792,42.3354084430001
8799,1434190,I-96,WYOMING,2018-06-18,18,6,2018,0,2,8,1,,1,0,Concrete,1,1,4,70,3,2,1,5,0,0,0,0,true,false,false,false,true,false,false,false,false,false,false,false,false,false,false,false,false,false,false,false,false,false,-83.15973,42.38543,"{
  ""coordinates"": [
    -8.315972918782720e+01,
    4.238542657284620e+01
  ],
  ""type"": ""Point""
}","{
  ""coordinates"": [
    -83.159729188,
    42.385426573
  ],
  ""type"": ""Point""
}",-83.159729188,42.3854265730001
8800,1428739,EVERGREEN,FENKELL,2018-06-18,18,6,2018,14,2,3,9,,4,0,Asphalt,1,1,1,,4,2,2,4,0,0,0,1,false,false,false,false,false,false,false,false,false,false,true,true,false,false,false,false,false,false,false,false,false,false,-83.23742,42.40058,"{
  ""coordinates"": [
    -8.323742119553580e+01,
    4.240058280141220e+01
  ],
  ""type"": ""Point""
}","{
  ""coordinates"": [
    -83.237421196,
    42.400582801
  ],
  ""type"": ""Point""
}",-83.237421196,42.400582801
8801,1430798,I 96 SERVICE,MICHIGAN,2018-06-18,18,6,2018,17,2,4,9,,2,0,Asphalt,1,1,1,35,2,2,4,4,0,0,0,1,false,false,false,false,true,false,false,true,false,false,true,false,false,false,false,false,false,false,false,false,false,false,-83.23678,42.38625,"{
  ""coordinates"": [
    -8.323678083991371e+01,
    4.238625521551890e+01
  ],
  ""type"": ""Point""
}","{
  ""coordinates"": [
    -83.23678084,
    42.386255216
  ],
  ""type"": ""Point""
}",-83.2367808399999,42.3862552160001
8802,1428862,S M 39 SERVICE DRIVE,JOY,2018-06-18,18,6,2018,11,2,10,9,,4,0,Asphalt,1,1,1,30,2,2,2,5,0,0,0,0,true,false,false,false,false,false,false,false,false,false,false,false,false,false,false,true,false,false,false,false,false,false,-83.21691,42.35784,"{
  ""coordinates"": [
    -8.321690778064669e+01,
    4.235783749231690e+01
  ],
  ""type"": ""Point""
}","{
  ""coordinates"": [
    -83.216907781,
    42.357837492
  ],
  ""type"": ""Point""
}",-83.216907781,42.357837492
8803,1403950,GRATIOT,SAINT AUBIN,2018-06-18,18,6,2018,21,2,3,3,,1,0,Asphalt,1,1,1,35,5,2,2,5,0,0,0,0,true,false,false,false,false,false,false,false,false,false,false,false,false,false,true,false,false,false,false,false,false,false,-83.03429,42.34931,"{
  ""coordinates"": [
    -8.303428640660950e+01,
    4.234931193422870e+01
  ],
  ""type"": ""Point""
}","{
  ""coordinates"": [
    -83.034286407,
    42.349311934
  ],
  ""type"": ""Point""
}",-83.034286407,42.3493119340001
8804,1408798,I-96,GREENFIELD,2018-06-18,18,6,2018,20,2,5,1,,1,0,Concrete,1,1,1,55,3,2,3,4,0,0,0,1,false,false,false,false,false,false,false,false,false,true,false,false,false,true,false,false,false,false,false,false,false,false,-83.20194,42.37904,"{
  ""coordinates"": [
    -8.320194594966850e+01,
    4.237904227073240e+01
  ],
  ""type"": ""Point""
}","{
  ""coordinates"": [
    -83.20194595,
    42.379042271
  ],
  ""type"": ""Point""
}",-83.20194595,42.3790422710001
8805,1408804,I-75,JUNCTION,2018-06-18,18,6,2018,21,2,5,1,,1,0,Concrete,1,1,5,50,3,2,2,4,0,0,0,1,false,false,false,false,false,false,false,false,true,false,false,false,false,false,true,false,false,false,false,false,false,false,-83.0971,42.31108,"{
  ""coordinates"": [
    -8.309709974536879e+01,
    4.231108201809550e+01
  ],
  ""type"": ""Point""
}","{
  ""coordinates"": [
    -83.097099745,
    42.311082018
  ],
  ""type"": ""Point""
}",-83.097099745,42.311082018
8806,1404753,3RD,ANTHONY WAYNE,2018-06-18,18,6,2018,16,2,8,9,,4,0,Asphalt,1,1,1,30,5,2,2,5,0,0,0,0,true,false,false,false,false,false,false,false,false,false,false,false,false,false,false,false,false,false,false,false,false,false,-83.06976,42.35209,"{
  ""coordinates"": [
    -8.306975664507860e+01,
    4.235208819507370e+01
  ],
  ""type"": ""Point""
}","{
  ""coordinates"": [
    -83.069756645,
    42.352088195
  ],
  ""type"": ""Point""
}",-83.069756645,42.3520881950001
8807,1403956,SAINT AUBIN,VERNOR,2018-06-18,18,6,2018,13,2,5,9,,4,0,Asphalt,1,2,1,30,2,2,3,5,0,0,0,0,true,true,false,false,false,false,false,false,false,false,false,false,false,false,false,false,false,false,false,false,false,false,-83.03371,42.34859,"{
  ""coordinates"": [
    -8.303371444900679e+01,
    4.234859291712060e+01
  ],
  ""type"": ""Point""
}","{
  ""coordinates"": [
    -83.033714449,
    42.348592917
  ],
  ""type"": ""Point""
}",-83.0337144489999,42.3485929170001
8808,1403076,TELEGRAPH,GRAND RIVER,2018-06-18,18,6,2018,17,2,5,2,,1,0,Asphalt,1,1,1,40,4,2,2,5,0,0,0,0,true,false,false,false,false,false,false,false,false,false,false,false,false,true,false,false,false,false,false,false,false,false,-83.27782,42.42469,"{
  ""coordinates"": [
    -8.327782427524640e+01,
    4.242468978870670e+01
  ],
  ""type"": ""Point""
}","{
  ""coordinates"": [
    -83.277824275,
    42.424689789
  ],
  ""type"": ""Point""
}",-83.2778242749999,42.4246897890001
8809,1403068,JOHN KRONK,LONYO,2018-06-18,18,6,2018,13,2,1,9,,4,0,Asphalt,1,1,1,30,2,2,2,5,0,0,0,0,true,false,false,false,false,false,false,true,false,false,false,false,false,true,false,true,false,false,false,false,true,false,-83.13768,42.32111,"{
  ""coordinates"": [
    -8.313767929739960e+01,
    4.232110994709160e+01
  ],
  ""type"": ""Point""
}","{
  ""coordinates"": [
    -83.137679297,
    42.321109947
  ],
  ""type"": ""Point""
}",-83.137679297,42.321109947
8810,1428859,JOY,S M 39,2018-06-18,18,6,2018,13,2,4,9,,2,0,Asphalt,1,1,1,35,9,2,2,5,0,0,0,0,true,false,true,true,false,false,false,false,false,false,false,false,false,true,false,false,false,false,false,false,false,false,-83.21654,42.35785,"{
  ""coordinates"": [
    -8.321653448937090e+01,
    4.235784582882990e+01
  ],
  ""type"": ""Point""
}","{
  ""coordinates"": [
    -83.216534489,
    42.357845829
  ],
  ""type"": ""Point""
}",-83.216534489,42.357845829
8811,1403929,I 94,HOUSTON WHITTIER,2018-06-18,18,6,2018,19,2,1,1,,1,1,Asphalt,1,2,1,55,3,1,3,2,0,1,0,1,false,false,false,false,false,false,false,true,false,true,true,false,false,false,false,false,false,false,false,false,false,false,-82.94614,42.41087,"{
  ""coordinates"": [
    -8.294613317639850e+01,
    4.241087266164570e+01
  ],
  ""type"": ""Point""
}","{
  ""coordinates"": [
    -82.946133176,
    42.410872662
  ],
  ""type"": ""Point""
}",-82.946133176,42.410872662
8812,1403063,MACK,I 75 SERVICE,2018-06-18,18,6,2018,16,2,4,9,,4,0,Asphalt,1,1,1,25,3,2,2,5,0,0,0,0,true,false,false,false,false,false,false,false,false,false,false,false,false,true,false,false,true,false,false,false,false,false,-83.04752,42.35149,"{
  ""coordinates"": [
    -8.304751960621110e+01,
    4.235148985427720e+01
  ],
  ""type"": ""Point""
}","{
  ""coordinates"": [
    -83.047519606,
    42.351489854
  ],
  ""type"": ""Point""
}",-83.047519606,42.3514898540001
8813,1498476,GRAND,3RD,2018-06-18,18,6,2018,10,2,9,9,,4,2,Asphalt,1,1,1,30,2,2,2,5,0,0,0,0,true,false,false,false,false,false,false,false,false,false,false,false,false,false,false,false,false,false,false,false,false,false,-83.07932,42.36813,"{
  ""coordinates"": [
    -8.307931660442109e+01,
    4.236813041952440e+01
  ],
  ""type"": ""Point""
}","{
  ""coordinates"": [
    -83.079316604,
    42.36813042
  ],
  ""type"": ""Point""
}",-83.079316604,42.3681304200001
8814,1403069,DRAGOON,ARMY,2018-06-18,18,6,2018,18,2,5,9,,4,0,Asphalt,1,1,1,30,2,2,2,5,0,0,0,0,true,false,false,false,false,false,false,false,false,false,false,false,false,true,false,true,false,false,false,false,false,false,-83.10474,42.3106,"{
  ""coordinates"": [
    -8.310474186079240e+01,
    4.231059568181950e+01
  ],
  ""type"": ""Point""
}","{
  ""coordinates"": [
    -83.104741861,
    42.310595682
  ],
  ""type"": ""Point""
}",-83.104741861,42.310595682
8815,1428785,PENROD,WARREN,2018-06-18,18,6,2018,16,2,4,9,,,0,,1,1,1,35,4,2,3,4,0,0,0,1,false,false,false,false,false,false,false,false,false,false,false,false,false,false,false,false,false,false,false,false,false,false,-83.21957,42.34334,"{
  ""coordinates"": [
    -8.321956461193490e+01,
    4.234333812660080e+01
  ],
  ""type"": ""Point""
}","{
  ""coordinates"": [
    -83.219564612,
    42.343338127
  ],
  ""type"": ""Point""
}",-83.2195646119999,42.343338127
8816,1403933,JEFFERSON,ST CLAIR,2018-06-18,18,6,2018,8,2,5,9,,4,0,Asphalt,1,1,1,35,3,2,1,5,0,0,0,0,true,false,false,false,true,false,false,false,false,false,false,false,false,false,false,false,false,false,false,false,false,false,-82.97787,42.36354,"{
  ""coordinates"": [
    -8.297787291347559e+01,
    4.236353957235370e+01
  ],
  ""type"": ""Point""
}","{
  ""coordinates"": [
    -82.977872913,
    42.363539572
  ],
  ""type"": ""Point""
}",-82.9778729129999,42.363539572
8817,1403078,GRATIOT,CONNER,2018-06-18,18,6,2018,10,2,5,3,,1,0,Asphalt,1,1,1,35,7,2,2,5,0,0,0,0,true,false,false,false,true,false,false,false,false,false,false,false,false,false,false,false,false,false,false,false,false,false,-82.99748,42.40495,"{
  ""coordinates"": [
    -8.299748079380150e+01,
    4.240494429936890e+01
  ],
  ""type"": ""Point""
}","{
  ""coordinates"": [
    -82.997480794,
    42.404944299
  ],
  ""type"": ""Point""
}",-82.997480794,42.4049442990001
8818,1409743,HAYES,OUTER,2018-06-18,18,6,2018,12,2,5,9,,4,0,Asphalt,1,1,1,35,2,2,2,4,0,0,0,1,false,false,false,false,false,false,false,false,false,false,false,false,false,false,false,false,false,false,false,false,false,false,-82.96476,42.41452,"{
  ""coordinates"": [
    -8.296476338535730e+01,
    4.241451500485420e+01
  ],
  ""type"": ""Point""
}","{
  ""coordinates"": [
    -82.964763385,
    42.414515005
  ],
  ""type"": ""Point""
}",-82.964763385,42.4145150050001
8819,1480069,CARLISLE,BOULDER,2018-06-18,18,6,2018,13,2,1,9,,,0,,1,1,1,25,2,1,1,5,0,0,0,0,true,false,false,false,false,false,false,false,false,false,false,false,false,false,false,false,false,false,false,false,false,false,-82.95391,42.44921,"{
  ""coordinates"": [
    -8.295390881959430e+01,
    4.244921063524200e+01
  ],
  ""type"": ""Point""
}","{
  ""coordinates"": [
    -82.95390882,
    42.449210635
  ],
  ""type"": ""Point""
}",-82.95390882,42.449210635
8820,1428801,SAINT MARYS,WARREN,2018-06-18,18,6,2018,16,2,97,9,,,0,,1,1,1,25,3,2,3,5,0,0,0,0,true,false,false,false,false,false,false,false,false,false,false,false,false,false,false,false,false,false,false,false,false,false,-83.20365,42.34372,"{
  ""coordinates"": [
    -8.320364915888310e+01,
    4.234371724225160e+01
  ],
  ""type"": ""Point""
}","{
  ""coordinates"": [
    -83.203649159,
    42.343717242
  ],
  ""type"": ""Point""
}",-83.203649159,42.343717242
8821,1410537,I-94,NOTINGHAM,2018-06-18,18,6,2018,8,2,8,1,,1,0,Asphalt,1,1,1,55,3,2,2,5,0,0,0,0,true,false,false,false,false,false,false,false,false,false,false,false,false,true,false,true,false,false,false,false,false,false,-82.9557,42.40631,"{
  ""coordinates"": [
    -8.295570298545150e+01,
    4.240630779149040e+01
  ],
  ""type"": ""Point""
}","{
  ""coordinates"": [
    -82.955702985,
    42.406307791
  ],
  ""type"": ""Point""
}",-82.955702985,42.4063077910001
8822,1403943,JOHN C LODGE SERVICE,BAGLEY,2018-06-18,18,6,2018,12,2,5,3,,,0,,1,2,1,35,2,2,2,4,0,0,0,1,false,false,false,false,false,false,false,false,false,false,false,false,false,false,false,false,false,false,false,false,false,false,-83.05906,42.33192,"{
  ""coordinates"": [
    -8.305906245787250e+01,
    4.233192119314530e+01
  ],
  ""type"": ""Point""
}","{
  ""coordinates"": [
    -83.059062458,
    42.331921193
  ],
  ""type"": ""Point""
}",-83.059062458,42.331921193