ObjectId,Crash ID,Primary Road,Intersecting Road,Crash Date,Day,Month,Year,Hour,Weekday,Crash Type Code,Highway Classification Code,Community Code,Jurisdiction Code,Lane Departure Type Code,Surface Type,Road Condition,Weather Condition,Lighting Condition,Speed Limit,Lanes,Units,Occupants,Most Severe Injury,Fatal Injuries,Suspected Serious Injuries,Suspected Minor Injuries,Possible Injuries,Property Damage Only,Secondary Crash,Traffic Control,Red Light Run,Hit and Run,Alcohol,Drugs,Unbelted Person,Work Zone,Speeding Driver,Distracted Driver,Driveway,Pedestrian,Elderly Driver,Young Driver,Commercial Vehicle,Emergency Vehicles,Train,School Bus,Motorcycle,Bicycle,Deer,Longitude,Latitude,geom,geog,x,y
8823,1406818,MADISON,BEAUBIEN,2018-06-18,18,6,2018,9,2,4,9,,4,0,Asphalt,1,1,1,25,4,2,2,5,0,0,0,0,true,false,false,false,false,false,false,false,false,false,false,false,false,false,false,false,false,false,false,false,false,false,-83.04456,42.33785,"{
  ""coordinates"": [
    -8.304456660775590e+01,
    4.233785193241020e+01
  ],
  ""type"": ""Point""
}","{
  ""coordinates"": [
    -83.044566608,
    42.337851932
  ],
  ""type"": ""Point""
}",-83.044566608,42.337851932
8824,1428864,JOY,S M 39 SERVICE DRIVE,2018-06-18,18,6,2018,13,2,10,9,,2,0,Asphalt,1,1,1,35,2,2,1,5,0,0,0,0,true,false,false,false,false,false,false,false,false,false,false,false,false,false,false,false,false,false,false,false,false,false,-83.21708,42.35783,"{
  ""coordinates"": [
    -8.321707842495290e+01,
    4.235783518695220e+01
  ],
  ""type"": ""Point""
}","{
  ""coordinates"": [
    -83.217078425,
    42.357835187
  ],
  ""type"": ""Point""
}",-83.217078425,42.357835187
8825,1403889,I-75,HOLBROOK,2018-06-18,18,6,2018,6,2,5,1,,1,0,Asphalt,1,1,2,70,4,2,1,5,0,0,0,0,true,false,false,false,true,false,false,false,false,false,false,false,false,false,true,false,false,false,false,false,false,false,-83.06793,42.38632,"{
  ""coordinates"": [
    -8.306793292247730e+01,
    4.238632043585430e+01
  ],
  ""type"": ""Point""
}","{
  ""coordinates"": [
    -83.067932922,
    42.386320436
  ],
  ""type"": ""Point""
}",-83.067932922,42.3863204360001
8826,1403981,DAVISON,CANADIAN NATIONAL RAILWAY,2018-06-18,18,6,2018,22,2,1,3,,4,1,Asphalt,1,1,4,35,2,2,2,5,0,0,0,0,true,false,false,false,false,false,false,false,false,false,false,false,false,false,false,false,false,true,false,false,false,false,-83.02439,42.42359,"{
  ""coordinates"": [
    -8.302438907376261e+01,
    4.242359236182070e+01
  ],
  ""type"": ""Point""
}","{
  ""coordinates"": [
    -83.024389074,
    42.423592362
  ],
  ""type"": ""Point""
}",-83.0243890739999,42.4235923620001
8827,1405616,WINTHROP,DIVERSITY,2018-06-18,18,6,2018,22,2,98,9,,,0,,98,98,98,25,2,2,0,5,0,0,0,0,true,false,false,false,true,false,false,false,false,false,false,false,false,false,false,false,false,false,false,false,false,false,-83.19771,42.34843,"{
  ""coordinates"": [
    -8.319770639189170e+01,
    4.234843443491440e+01
  ],
  ""type"": ""Point""
}","{
  ""coordinates"": [
    -83.197706392,
    42.348434435
  ],
  ""type"": ""Point""
}",-83.197706392,42.3484344350001
8828,1403935,ANTHONY WAYNE,WARREN,2018-06-18,18,6,2018,11,2,8,9,,4,0,Asphalt,1,1,1,,3,2,1,5,0,0,0,0,true,false,false,false,true,false,false,false,false,false,false,false,false,false,false,false,false,false,false,false,false,false,-83.07124,42.35479,"{
  ""coordinates"": [
    -8.307123934803180e+01,
    4.235478545569670e+01
  ],
  ""type"": ""Point""
}","{
  ""coordinates"": [
    -83.071239348,
    42.354785456
  ],
  ""type"": ""Point""
}",-83.0712393479999,42.3547854560001
8829,1406880,8 MILE,GRATIOT,2018-06-18,18,6,2018,16,2,5,3,,1,0,Asphalt,1,1,1,35,4,2,2,5,0,0,0,0,true,false,false,false,false,false,false,false,false,false,false,false,false,false,true,false,false,false,false,false,false,false,-82.96794,42.44984,"{
  ""coordinates"": [
    -8.296793844184020e+01,
    4.244983560185600e+01
  ],
  ""type"": ""Point""
}","{
  ""coordinates"": [
    -82.967938442,
    42.449835602
  ],
  ""type"": ""Point""
}",-82.967938442,42.4498356020001
8830,1425313,RAMP 215H,E I 94,2018-06-18,18,6,2018,7,2,8,1,,1,0,Concrete,1,2,1,55,4,2,2,5,0,0,0,0,true,true,false,false,false,false,false,false,false,false,false,false,false,false,false,false,false,false,false,false,false,false,-83.07902,42.35761,"{
  ""coordinates"": [
    -8.307901898852570e+01,
    4.235761173320580e+01
  ],
  ""type"": ""Point""
}","{
  ""coordinates"": [
    -83.079018989,
    42.357611733
  ],
  ""type"": ""Point""
}",-83.079018989,42.3576117330001
8831,1403944,FORT,SCHAEFER,2018-06-18,18,6,2018,17,2,8,3,,1,0,Asphalt,1,1,1,35,3,2,2,5,0,0,0,0,true,false,false,false,false,false,false,false,false,false,false,false,false,false,false,false,false,false,false,false,false,false,-83.15551,42.27636,"{
  ""coordinates"": [
    -8.315551242348640e+01,
    4.227636314884840e+01
  ],
  ""type"": ""Point""
}","{
  ""coordinates"": [
    -83.155512423,
    42.276363149
  ],
  ""type"": ""Point""
}",-83.1555124229999,42.2763631490001
8832,1418313,M 39,SCHOOLCRAFT,2018-06-18,18,6,2018,20,2,5,3,,1,0,Asphalt,1,1,3,55,3,2,2,4,0,0,0,1,false,false,false,false,true,false,false,false,false,true,false,false,false,false,false,false,false,false,false,false,false,false,-83.21778,42.38808,"{
  ""coordinates"": [
    -8.321778101932870e+01,
    4.238808279331520e+01
  ],
  ""type"": ""Point""
}","{
  ""coordinates"": [
    -83.217781019,
    42.388082793
  ],
  ""type"": ""Point""
}",-83.217781019,42.3880827930001
8833,1404746,EVANSTON,BARRETT,2018-06-18,18,6,2018,21,2,2,9,,,0,,1,2,5,25,2,2,1,5,0,0,0,0,true,false,false,false,true,false,false,false,false,false,false,false,false,false,false,false,false,false,false,false,false,false,-82.98476,42.39958,"{
  ""coordinates"": [
    -8.298475846616120e+01,
    4.239957776561970e+01
  ],
  ""type"": ""Point""
}","{
  ""coordinates"": [
    -82.984758466,
    42.399577766
  ],
  ""type"": ""Point""
}",-82.984758466,42.399577766
8834,1409749,HARPER,HARRELL,2018-06-18,18,6,2018,12,2,9,9,,4,2,Asphalt,1,1,1,35,4,2,2,4,0,0,0,1,false,false,false,false,false,false,false,false,false,false,false,false,false,false,false,false,false,false,false,false,false,false,-82.98276,42.39931,"{
  ""coordinates"": [
    -8.298275951815970e+01,
    4.239930568816900e+01
  ],
  ""type"": ""Point""
}","{
  ""coordinates"": [
    -82.982759518,
    42.399305688
  ],
  ""type"": ""Point""
}",-82.982759518,42.399305688
8835,1403070,GREEN,CAHALAN,2018-06-18,18,6,2018,12,2,97,9,,,0,,1,1,1,25,2,2,2,5,0,0,0,0,true,false,false,false,false,false,false,false,false,false,false,false,false,false,false,false,false,false,false,false,false,false,-83.11887,42.31051,"{
  ""coordinates"": [
    -8.311886685726230e+01,
    4.231050790932900e+01
  ],
  ""type"": ""Point""
}","{
  ""coordinates"": [
    -83.118866857,
    42.310507909
  ],
  ""type"": ""Point""
}",-83.1188668569999,42.3105079090001
8836,1403987,WHITCOMB,CLARITA,2018-06-18,18,6,2018,8,2,1,9,,,0,,1,1,1,25,2,1,1,4,0,0,0,1,false,false,false,false,false,false,false,false,false,false,false,false,false,false,false,false,true,false,false,false,false,false,-83.19736,42.4287,"{
  ""coordinates"": [
    -8.319736550967470e+01,
    4.242870311948310e+01
  ],
  ""type"": ""Point""
}","{
  ""coordinates"": [
    -83.19736551,
    42.428703119
  ],
  ""type"": ""Point""
}",-83.1973655099999,42.428703119
8837,1403072,SHAFTSBURY,MCNICHOLS,2018-06-18,18,6,2018,17,2,6,9,,,0,,1,1,1,,2,2,1,5,0,0,0,0,true,false,false,false,true,false,false,false,false,false,false,false,false,false,false,false,false,false,false,false,false,false,-83.23058,42.41529,"{
  ""coordinates"": [
    -8.323057584848419e+01,
    4.241529648225070e+01
  ],
  ""type"": ""Point""
}","{
  ""coordinates"": [
    -83.230575848,
    42.415296482
  ],
  ""type"": ""Point""
}",-83.2305758479999,42.415296482
8838,1415285,I-75,MICNICHOLS,2018-06-18,18,6,2018,8,2,5,1,,1,0,Asphalt,1,2,1,70,4,2,2,5,0,0,0,0,true,false,false,false,false,false,false,false,false,false,false,false,false,false,false,false,false,false,false,false,false,false,-83.08535,42.41502,"{
  ""coordinates"": [
    -8.308535232469980e+01,
    4.241501535563810e+01
  ],
  ""type"": ""Point""
}","{
  ""coordinates"": [
    -83.085352325,
    42.415015356
  ],
  ""type"": ""Point""
}",-83.085352325,42.415015356
8839,1417056,5593 OLDTOWN,HARPER,2018-06-18,18,6,2018,2,2,9,9,,,2,,1,1,5,25,2,2,0,5,0,0,0,0,true,false,false,false,false,false,false,false,false,false,false,false,false,false,false,false,false,false,false,false,false,false,-82.93358,42.41356,"{
  ""coordinates"": [
    -8.293358141477469e+01,
    4.241356362374460e+01
  ],
  ""type"": ""Point""
}","{
  ""coordinates"": [
    -82.933581415,
    42.413563624
  ],
  ""type"": ""Point""
}",-82.9335814149999,42.4135636240001
8840,1403953,MACK,GRATIOT,2018-06-18,18,6,2018,12,2,9,3,,4,0,Asphalt,1,1,1,25,2,2,5,4,0,0,0,1,false,false,false,false,false,false,false,false,false,false,false,false,false,false,false,false,false,false,false,false,false,false,-83.02776,42.35904,"{
  ""coordinates"": [
    -8.302776195435629e+01,
    4.235903487265410e+01
  ],
  ""type"": ""Point""
}","{
  ""coordinates"": [
    -83.027761954,
    42.359034873
  ],
  ""type"": ""Point""
}",-83.027761954,42.359034873
8841,1403961,GRAND RIVER,FIELDING,2018-06-18,18,6,2018,15,2,97,3,,1,0,Asphalt,1,1,1,40,4,3,2,4,0,0,0,1,false,false,false,false,false,false,false,false,false,false,false,false,false,true,false,false,false,false,false,false,false,false,-83.24302,42.41064,"{
  ""coordinates"": [
    -8.324302118820140e+01,
    4.241064059253940e+01
  ],
  ""type"": ""Point""
}","{
  ""coordinates"": [
    -83.243021188,
    42.410640593
  ],
  ""type"": ""Point""
}",-83.2430211879999,42.410640593
8842,1403092,7 MILE,WYOMING,2018-06-18,18,6,2018,18,2,4,9,,2,0,Asphalt,1,1,1,30,9,2,3,4,0,0,0,1,false,false,false,false,false,false,false,false,false,false,false,false,false,false,false,false,false,false,false,false,false,false,-83.16099,42.43135,"{
  ""coordinates"": [
    -8.316098439759490e+01,
    4.243134696655210e+01
  ],
  ""type"": ""Point""
}","{
  ""coordinates"": [
    -83.160984398,
    42.431346967
  ],
  ""type"": ""Point""
}",-83.160984398,42.431346967
8843,1417016,I-94,TRUMBALL,2018-06-18,18,6,2018,7,2,8,1,,1,0,Asphalt,1,1,1,55,4,2,5,5,0,0,0,0,true,false,false,false,false,false,false,false,false,false,false,false,false,true,false,false,false,false,false,false,false,false,-83.07841,42.35811,"{
  ""coordinates"": [
    -8.307841313390730e+01,
    4.235810787796730e+01
  ],
  ""type"": ""Point""
}","{
  ""coordinates"": [
    -83.078413134,
    42.358107878
  ],
  ""type"": ""Point""
}",-83.078413134,42.3581078780001
8844,1406780,SOUTHFIELD,WARREN,2018-06-18,18,6,2018,16,2,5,3,,1,0,Asphalt,1,1,1,55,3,2,2,5,0,0,0,0,true,false,false,false,false,false,false,false,false,false,false,false,false,false,false,false,false,false,false,false,false,false,-83.21618,42.347,"{
  ""coordinates"": [
    -8.321617677475430e+01,
    4.234699861545270e+01
  ],
  ""type"": ""Point""
}","{
  ""coordinates"": [
    -83.216176775,
    42.346998615
  ],
  ""type"": ""Point""
}",-83.216176775,42.3469986150001
8845,1405631,7 MILE,CHALMERS,2018-06-18,18,6,2018,11,2,8,9,,2,0,Asphalt,1,1,1,30,4,2,2,5,0,0,0,0,true,false,false,false,false,false,false,false,false,false,false,false,false,true,false,false,false,false,false,false,false,false,-82.97533,42.43513,"{
  ""coordinates"": [
    -8.297533068134430e+01,
    4.243513152206520e+01
  ],
  ""type"": ""Point""
}","{
  ""coordinates"": [
    -82.975330681,
    42.435131522
  ],
  ""type"": ""Point""
}",-82.9753306809999,42.4351315220001
8846,1403894,I-94,FRENCH,2018-06-18,18,6,2018,10,2,8,1,,1,0,Asphalt,1,1,1,55,3,2,2,5,0,0,0,0,true,false,false,false,false,false,false,false,false,false,false,false,false,true,false,true,false,false,false,false,false,false,-82.99622,42.39221,"{
  ""coordinates"": [
    -8.299622688281210e+01,
    4.239221092946500e+01
  ],
  ""type"": ""Point""
}","{
  ""coordinates"": [
    -82.996226883,
    42.392210929
  ],
  ""type"": ""Point""
}",-82.996226883,42.392210929
8847,1403074,7 MILE,SUNDERLAND,2018-06-18,18,6,2018,13,2,4,9,,2,0,Asphalt,1,1,1,35,4,2,3,5,0,0,0,0,true,false,false,false,false,false,false,false,false,false,false,false,false,false,false,false,false,false,false,false,false,false,-83.22916,42.42984,"{
  ""coordinates"": [
    -8.322916532736789e+01,
    4.242983774727140e+01
  ],
  ""type"": ""Point""
}","{
  ""coordinates"": [
    -83.229165327,
    42.429837747
  ],
  ""type"": ""Point""
}",-83.229165327,42.4298377470001
8848,1428824,MARK TWAIN,SAINT MARTINS,2018-06-18,18,6,2018,3,2,4,9,,,0,,1,1,4,25,2,2,3,5,0,0,0,0,true,false,false,false,true,false,false,false,false,false,false,false,false,false,false,false,true,false,false,false,false,false,-83.18785,42.4362,"{
  ""coordinates"": [
    -8.318785032334320e+01,
    4.243620145536460e+01
  ],
  ""type"": ""Point""
}","{
  ""coordinates"": [
    -83.187850323,
    42.436201455
  ],
  ""type"": ""Point""
}",-83.187850323,42.4362014550001
8849,1428064,ADDISON,DENNISON,2018-06-18,18,6,2018,13,2,8,9,,,0,,1,1,1,25,2,2,0,5,0,0,0,0,true,false,false,false,true,false,false,false,false,false,false,false,false,false,false,false,false,false,false,false,false,false,-83.15392,42.33416,"{
  ""coordinates"": [
    -8.315392297404109e+01,
    4.233416441946700e+01
  ],
  ""type"": ""Point""
}","{
  ""coordinates"": [
    -83.153922974,
    42.334164419
  ],
  ""type"": ""Point""
}",-83.153922974,42.334164419
8850,1403958,WARREN,GRAND,2018-06-18,18,6,2018,15,2,8,9,,4,0,Asphalt,1,1,1,30,2,2,3,5,0,0,0,0,true,false,false,false,false,false,false,false,false,false,false,false,false,true,true,false,false,false,false,false,false,false,-83.01882,42.37369,"{
  ""coordinates"": [
    -8.301881915336450e+01,
    4.237369113931610e+01
  ],
  ""type"": ""Point""
}","{
  ""coordinates"": [
    -83.018819153,
    42.373691139
  ],
  ""type"": ""Point""
}",-83.018819153,42.3736911390001
8851,1403084,JOY,GRAND RIVER,2018-06-18,18,6,2018,12,2,5,3,,4,0,Asphalt,1,1,1,,2,2,2,5,0,0,0,0,true,false,false,false,false,false,false,false,false,false,false,false,false,false,false,false,false,false,false,false,false,false,-83.13046,42.36532,"{
  ""coordinates"": [
    -8.313045818413650e+01,
    4.236531796034020e+01
  ],
  ""type"": ""Point""
}","{
  ""coordinates"": [
    -83.130458184,
    42.36531796
  ],
  ""type"": ""Point""
}",-83.130458184,42.36531796
8852,1408803,I-94,WYOMING,2018-06-18,18,6,2018,15,2,5,1,,1,0,Asphalt,1,1,1,55,3,2,2,5,0,0,0,0,true,false,false,false,false,false,false,false,false,false,false,false,false,false,false,false,false,false,false,false,false,false,-83.15659,42.32893,"{
  ""coordinates"": [
    -8.315659244289830e+01,
    4.232893072060910e+01
  ],
  ""type"": ""Point""
}","{
  ""coordinates"": [
    -83.156592443,
    42.328930721
  ],
  ""type"": ""Point""
}",-83.156592443,42.3289307210001
8853,1406781,SOUTHFIELD,WARREN,2018-06-18,18,6,2018,16,2,5,3,,1,0,Asphalt,1,1,1,55,3,2,2,5,0,0,0,0,true,true,false,false,true,false,false,false,false,false,false,false,false,false,false,false,false,false,false,false,false,false,-83.21601,42.33975,"{
  ""coordinates"": [
    -8.321600945692430e+01,
    4.233975399010810e+01
  ],
  ""type"": ""Point""
}","{
  ""coordinates"": [
    -83.216009457,
    42.33975399
  ],
  ""type"": ""Point""
}",-83.216009457,42.3397539900001
8854,1405629,WHITEHILL,HAVERHILL,2018-06-18,18,6,2018,20,2,8,9,,,3,,1,1,1,25,2,2,1,5,0,0,0,0,true,false,false,false,false,true,false,false,false,false,false,false,false,false,false,false,false,false,false,false,false,false,-82.96044,42.41481,"{
  ""coordinates"": [
    -8.296043901374971e+01,
    4.241481129593110e+01
  ],
  ""type"": ""Point""
}","{
  ""coordinates"": [
    -82.960439014,
    42.414811296
  ],
  ""type"": ""Point""
}",-82.960439014,42.414811296
8855,1422069,RAMP 116A,S M 10,2018-06-18,18,6,2018,15,2,5,3,,1,0,Asphalt,1,1,1,55,3,2,2,5,0,0,0,0,true,false,false,false,false,false,false,false,false,false,false,false,false,false,true,false,false,false,false,false,false,false,-83.08341,42.36895,"{
  ""coordinates"": [
    -8.308341224169919e+01,
    4.236894453716020e+01
  ],
  ""type"": ""Point""
}","{
  ""coordinates"": [
    -83.083412242,
    42.368944537
  ],
  ""type"": ""Point""
}",-83.083412242,42.3689445370001
8856,1403086,DAVISON,MONICA,2018-06-18,18,6,2018,16,2,4,3,,1,0,Concrete,1,1,1,35,7,2,2,5,0,0,0,0,true,false,false,false,false,false,false,false,false,false,false,false,false,false,false,false,false,false,false,false,false,false,-83.14297,42.3865,"{
  ""coordinates"": [
    -8.314296382821470e+01,
    4.238649841947990e+01
  ],
  ""type"": ""Point""
}","{
  ""coordinates"": [
    -83.142963828,
    42.386498419
  ],
  ""type"": ""Point""
}",-83.1429638279999,42.3864984190001
8857,1404749,EASTBURN,HAYES,2018-06-18,18,6,2018,14,2,1,9,,,0,,2,1,1,25,1,2,1,4,0,0,0,1,false,false,false,false,false,false,false,false,false,false,false,false,true,false,false,false,false,false,false,false,false,false,-82.96616,42.4454,"{
  ""coordinates"": [
    -8.296616518576749e+01,
    4.244539698549180e+01
  ],
  ""type"": ""Point""
}","{
  ""coordinates"": [
    -82.966165186,
    42.445396985
  ],
  ""type"": ""Point""
}",-82.966165186,42.4453969850001
8858,1403937,EDSEL,LORAINE,2018-06-18,18,6,2018,14,2,8,9,,4,0,Asphalt,1,1,1,30,3,2,2,5,0,0,0,0,true,false,false,false,true,false,false,false,false,false,false,false,false,false,true,false,false,false,false,false,false,false,-83.09498,42.35197,"{
  ""coordinates"": [
    -8.309498161460210e+01,
    4.235196708096340e+01
  ],
  ""type"": ""Point""
}","{
  ""coordinates"": [
    -83.094981615,
    42.351967081
  ],
  ""type"": ""Point""
}",-83.0949816149999,42.3519670810001
8859,1403988,PARKSIDE,MCNICHOLS,2018-06-18,18,6,2018,15,2,4,9,,,0,,1,1,1,25,2,2,3,4,0,0,0,2,false,false,false,false,false,false,false,false,false,false,false,false,false,false,false,false,false,false,false,false,false,false,-83.13165,42.41728,"{
  ""coordinates"": [
    -8.313164327305140e+01,
    4.241727993442950e+01
  ],
  ""type"": ""Point""
}","{
  ""coordinates"": [
    -83.131643273,
    42.417279934
  ],
  ""type"": ""Point""
}",-83.131643273,42.4172799340001
8860,1403066,SPRINGWELLS,LAFAYETTE,2018-06-18,18,6,2018,19,2,5,9,,4,0,Asphalt,1,1,1,25,2,2,6,4,0,0,0,1,false,false,false,false,false,false,false,false,false,false,false,false,false,false,true,false,false,false,false,false,false,false,-83.12029,42.30309,"{
  ""coordinates"": [
    -8.312028266287400e+01,
    4.230309155143540e+01
  ],
  ""type"": ""Point""
}","{
  ""coordinates"": [
    -83.120282663,
    42.303091551
  ],
  ""type"": ""Point""
}",-83.120282663,42.3030915510001
8861,1422111,OUTER,ANNSBURY,2018-06-18,18,6,2018,17,2,4,9,,2,0,Asphalt,1,1,1,35,3,2,3,2,0,1,1,0,false,false,false,false,false,true,false,false,false,false,false,false,false,false,true,false,false,false,false,false,false,false,-82.98485,42.41025,"{
  ""coordinates"": [
    -8.298484736537020e+01,
    4.241024869182120e+01
  ],
  ""type"": ""Point""
}","{
  ""coordinates"": [
    -82.984847365,
    42.410248692
  ],
  ""type"": ""Point""
}",-82.984847365,42.410248692
8862,1401991,7 MILE,BUFFALO,2018-06-17,17,6,2018,8,1,8,9,,4,0,Asphalt,1,1,1,30,4,2,4,5,0,0,0,0,true,false,false,false,false,false,false,false,false,false,false,false,false,false,false,false,false,false,false,false,false,false,-83.0478,42.43347,"{
  ""coordinates"": [
    -8.304779510443350e+01,
    4.243347276129950e+01
  ],
  ""type"": ""Point""
}","{
  ""coordinates"": [
    -83.047795104,
    42.433472761
  ],
  ""type"": ""Point""
}",-83.047795104,42.4334727610001
8863,1401986,STATEFAIR,DEQUINDRE,2018-06-17,17,6,2018,13,1,4,9,,4,0,Asphalt,1,1,1,35,4,2,2,5,0,0,0,0,true,false,false,false,false,false,false,false,false,false,false,false,false,false,false,false,false,false,false,false,false,false,-83.08339,42.44011,"{
  ""coordinates"": [
    -8.308338762573860e+01,
    4.244010685334110e+01
  ],
  ""type"": ""Point""
}","{
  ""coordinates"": [
    -83.083387626,
    42.440106853
  ],
  ""type"": ""Point""
}",-83.083387626,42.440106853
8864,1403952,GRATIOT,VAN DYKE,2018-06-17,17,6,2018,6,1,9,3,,1,0,Asphalt,1,1,1,35,7,3,4,2,0,1,1,0,false,false,false,false,true,false,false,false,false,false,false,false,false,true,false,false,false,false,false,false,false,false,-83.01445,42.37918,"{
  ""coordinates"": [
    -8.301444781579160e+01,
    4.237918592833360e+01
  ],
  ""type"": ""Point""
}","{
  ""coordinates"": [
    -83.014447816,
    42.379185928
  ],
  ""type"": ""Point""
}",-83.014447816,42.379185928
8865,1403974,DAVISON SERVICE,WILDMERE,2018-06-17,17,6,2018,22,1,1,3,,1,0,Asphalt,1,1,4,35,6,1,0,5,0,0,0,0,true,false,false,false,false,false,false,false,false,false,false,false,false,false,false,false,false,false,false,false,false,false,-83.12749,42.391,"{
  ""coordinates"": [
    -8.312749158316790e+01,
    4.239099350954750e+01
  ],
  ""type"": ""Point""
}","{
  ""coordinates"": [
    -83.127491583,
    42.39099351
  ],
  ""type"": ""Point""
}",-83.1274915829999,42.39099351
8866,1404776,ROSELAWN,7 MILE,2018-06-17,17,6,2018,5,1,98,9,,,3,,98,98,98,25,4,2,0,5,0,0,0,0,true,false,false,false,true,false,false,false,false,false,false,true,false,false,false,false,false,false,false,false,false,false,-83.15305,42.43085,"{
  ""coordinates"": [
    -8.315305453034929e+01,
    4.243084977505930e+01
  ],
  ""type"": ""Point""
}","{
  ""coordinates"": [
    -83.15305453,
    42.430849775
  ],
  ""type"": ""Point""
}",-83.15305453,42.4308497750001
8867,1402000,7 MILE,N M 10,2018-06-17,17,6,2018,7,1,4,9,,2,0,Asphalt,1,1,1,35,6,2,3,4,0,0,0,1,false,false,true,true,false,false,false,false,false,false,false,false,false,false,false,false,false,false,false,false,false,false,-83.1869,42.43084,"{
  ""coordinates"": [
    -8.318689451676080e+01,
    4.243083405909030e+01
  ],
  ""type"": ""Point""
}","{
  ""coordinates"": [
    -83.186894517,
    42.430834059
  ],
  ""type"": ""Point""
}",-83.186894517,42.4308340590001
8868,1403954,I 75/I 375 SERVICE DRIVE,GRATIOT,2018-06-17,17,6,2018,2,1,5,3,,4,0,Asphalt,1,1,4,35,3,2,5,4,0,0,0,2,false,false,false,false,false,false,false,false,false,false,true,false,false,false,false,false,false,false,false,false,false,false,-83.03737,42.34533,"{
  ""coordinates"": [
    -8.303736742002459e+01,
    4.234532741829790e+01
  ],
  ""type"": ""Point""
}","{
  ""coordinates"": [
    -83.03736742,
    42.345327418
  ],
  ""type"": ""Point""
}",-83.03736742,42.3453274180001
8869,1406872,COLLINGHAM,HOYT,2018-06-17,17,6,2018,16,1,4,9,,,0,,1,1,1,25,2,2,3,3,0,0,1,1,false,false,false,false,false,false,false,false,false,false,false,false,false,false,false,false,false,false,false,false,false,false,-82.9808,42.44774,"{
  ""coordinates"": [
    -8.298080290196570e+01,
    4.244774429986060e+01
  ],
  ""type"": ""Point""
}","{
  ""coordinates"": [
    -82.980802902,
    42.4477443
  ],
  ""type"": ""Point""
}",-82.9808029019999,42.4477443000001
8870,1402002,PEMBROKE,AVON,2018-06-17,17,6,2018,23,1,5,9,,,0,,1,1,4,30,2,2,2,4,0,0,0,1,false,false,true,true,false,false,false,false,false,false,true,false,false,false,false,false,true,false,false,true,false,false,-83.22746,42.43711,"{
  ""coordinates"": [
    -8.322746006435921e+01,
    4.243711040536660e+01
  ],
  ""type"": ""Point""
}","{
  ""coordinates"": [
    -83.227460064,
    42.437110405
  ],
  ""type"": ""Point""
}",-83.227460064,42.4371104050001
8871,1401959,GRAND RIVER,SCHAEFER,2018-06-17,17,6,2018,0,1,5,3,,1,0,Asphalt,1,1,4,35,4,2,1,5,0,0,0,0,true,false,false,false,true,false,false,false,false,false,false,false,false,false,true,false,false,false,false,false,false,false,-83.17697,42.38403,"{
  ""coordinates"": [
    -8.317696899552600e+01,
    4.238402962721220e+01
  ],
  ""type"": ""Point""
}","{
  ""coordinates"": [
    -83.176968996,
    42.384029627
  ],
  ""type"": ""Point""
}",-83.176968996,42.3840296270001
8872,1401981,HOUSTON WHITTIER,FOURNIER,2018-06-17,17,6,2018,6,1,1,9,,4,0,Asphalt,1,1,2,35,1,1,1,5,0,0,0,0,true,false,true,false,true,false,false,false,false,false,false,false,false,false,true,false,false,false,false,false,false,false,-82.98515,42.42042,"{
  ""coordinates"": [
    -8.298515356636121e+01,
    4.242041713199670e+01
  ],
  ""type"": ""Point""
}","{
  ""coordinates"": [
    -82.985153566,
    42.420417132
  ],
  ""type"": ""Point""
}",-82.985153566,42.4204171320001
8873,1401995,CANIFF,RUSSELL,2018-06-17,17,6,2018,20,1,8,9,,4,0,Asphalt,1,1,1,35,2,2,2,3,0,0,1,0,false,false,false,false,true,false,false,true,false,true,false,false,false,false,false,false,false,false,false,false,false,false,-83.07296,42.39476,"{
  ""coordinates"": [
    -8.307295872186830e+01,
    4.239475566985970e+01
  ],
  ""type"": ""Point""
}","{
  ""coordinates"": [
    -83.072958722,
    42.39475567
  ],
  ""type"": ""Point""
}",-83.072958722,42.3947556700001
8874,1403077,ALCOY,EASTWOOD,2018-06-17,17,6,2018,21,1,4,9,,,0,,1,1,4,25,2,2,4,4,0,0,0,1,false,true,false,false,false,false,false,false,false,false,false,false,false,false,true,false,false,false,false,false,false,false,-82.98872,42.43303,"{
  ""coordinates"": [
    -8.298871709519921e+01,
    4.243302385231330e+01
  ],
  ""type"": ""Point""
}","{
  ""coordinates"": [
    -82.988717095,
    42.433023852
  ],
  ""type"": ""Point""
}",-82.988717095,42.4330238520001
8875,1402001,8 MILE,DWYER,2018-06-17,17,6,2018,1,1,8,3,,1,0,Asphalt,1,1,4,45,3,2,2,5,0,0,0,0,true,false,false,false,true,false,false,false,false,false,false,false,false,false,false,false,false,false,false,false,false,false,-83.04128,42.44784,"{
  ""coordinates"": [
    -8.304127398533220e+01,
    4.244783667832400e+01
  ],
  ""type"": ""Point""
}","{
  ""coordinates"": [
    -83.041273985,
    42.447836678
  ],
  ""type"": ""Point""
}",-83.041273985,42.447836678
8876,1407873,7 MILE,VEACH,2018-06-17,17,6,2018,1,1,8,9,,4,0,Asphalt,1,1,4,35,2,2,3,5,0,0,0,0,true,false,false,false,false,false,false,false,false,false,false,false,false,false,false,false,false,false,false,false,false,false,-83.02106,42.43403,"{
  ""coordinates"": [
    -8.302105824057880e+01,
    4.243402961087420e+01
  ],
  ""type"": ""Point""
}","{
  ""coordinates"": [
    -83.021058241,
    42.434029611
  ],
  ""type"": ""Point""
}",-83.0210582409999,42.434029611
8877,1428784,GREENFIELD,E I 96 CD,2018-06-17,17,6,2018,14,1,5,1,,2,0,Asphalt,1,1,1,35,5,2,1,5,0,0,0,0,true,false,false,false,true,false,false,false,false,false,false,false,false,false,true,false,false,false,false,false,false,false,-83.19803,42.37883,"{
  ""coordinates"": [
    -8.319802776650070e+01,
    4.237882523975270e+01
  ],
  ""type"": ""Point""
}","{
  ""coordinates"": [
    -83.198027767,
    42.37882524
  ],
  ""type"": ""Point""
}",-83.198027767,42.37882524