ObjectId,Crash ID,Primary Road,Intersecting Road,Crash Date,Day,Month,Year,Hour,Weekday,Crash Type Code,Highway Classification Code,Community Code,Jurisdiction Code,Lane Departure Type Code,Surface Type,Road Condition,Weather Condition,Lighting Condition,Speed Limit,Lanes,Units,Occupants,Most Severe Injury,Fatal Injuries,Suspected Serious Injuries,Suspected Minor Injuries,Possible Injuries,Property Damage Only,Secondary Crash,Traffic Control,Red Light Run,Hit and Run,Alcohol,Drugs,Unbelted Person,Work Zone,Speeding Driver,Distracted Driver,Driveway,Pedestrian,Elderly Driver,Young Driver,Commercial Vehicle,Emergency Vehicles,Train,School Bus,Motorcycle,Bicycle,Deer,Longitude,Latitude,geom,geog,x,y
9041,1400829,FORT,CLARK,2018-06-15,15,6,2018,18,6,4,3,,1,0,Asphalt,1,1,1,30,5,2,2,3,0,0,1,0,false,true,true,true,false,false,false,false,false,false,false,false,false,false,false,false,false,false,false,false,false,false,-83.09015,42.31231,"{
  ""coordinates"": [
    -8.309014782805249e+01,
    4.231231418712120e+01
  ],
  ""type"": ""Point""
}","{
  ""coordinates"": [
    -83.090147828,
    42.312314187
  ],
  ""type"": ""Point""
}",-83.0901478279999,42.312314187
9042,1400886,OUTER,BURGESS,2018-06-15,15,6,2018,15,6,4,9,,2,0,Asphalt,1,1,1,35,2,2,1,5,0,0,0,0,true,false,false,false,true,false,false,false,false,false,false,false,false,false,false,false,false,false,false,false,false,false,-83.2543,42.39776,"{
  ""coordinates"": [
    -8.325429868774610e+01,
    4.239776283598640e+01
  ],
  ""type"": ""Point""
}","{
  ""coordinates"": [
    -83.254298688,
    42.397762836
  ],
  ""type"": ""Point""
}",-83.2542986879999,42.397762836
9043,1403060,RAMP 216E,I 75,2018-06-15,15,6,2018,14,6,5,1,,1,0,Concrete,1,1,1,55,2,2,2,5,0,0,0,0,true,false,false,false,false,false,false,false,false,false,false,false,false,false,false,false,false,false,false,false,false,false,-83.05468,42.36236,"{
  ""coordinates"": [
    -8.305467642700830e+01,
    4.236236074016600e+01
  ],
  ""type"": ""Point""
}","{
  ""coordinates"": [
    -83.054676427,
    42.36236074
  ],
  ""type"": ""Point""
}",-83.0546764269999,42.36236074
9044,1400857,STAHELIN,ORANGELAWN,2018-06-15,15,6,2018,19,6,97,9,,,0,,1,1,1,25,2,2,1,4,0,0,0,1,false,false,false,false,false,false,false,false,false,false,false,false,true,false,false,false,false,false,false,false,false,false,-83.22522,42.36735,"{
  ""coordinates"": [
    -8.322521946758449e+01,
    4.236735168484810e+01
  ],
  ""type"": ""Point""
}","{
  ""coordinates"": [
    -83.225219468,
    42.367351685
  ],
  ""type"": ""Point""
}",-83.225219468,42.3673516850001
9045,1400945,WYOMING,JAMES COUZENS,2018-06-15,15,6,2018,0,6,8,9,,4,0,Asphalt,1,1,4,30,4,2,2,5,0,0,0,0,true,false,false,false,false,false,false,false,false,false,false,false,false,false,false,false,false,false,false,false,false,false,-83.15985,42.40593,"{
  ""coordinates"": [
    -8.315984906947941e+01,
    4.240592815568810e+01
  ],
  ""type"": ""Point""
}","{
  ""coordinates"": [
    -83.159849069,
    42.405928156
  ],
  ""type"": ""Point""
}",-83.159849069,42.4059281560001
9046,1400833,MCKINSTRY,TOLEDO,2018-06-15,15,6,2018,7,6,4,9,,,0,,1,1,1,,1,2,2,5,0,0,0,0,true,false,false,false,true,false,false,false,false,false,false,false,false,false,false,false,false,false,false,false,false,false,-83.09931,42.32273,"{
  ""coordinates"": [
    -8.309931212900941e+01,
    4.232273627072140e+01
  ],
  ""type"": ""Point""
}","{
  ""coordinates"": [
    -83.099312129,
    42.322736271
  ],
  ""type"": ""Point""
}",-83.0993121289999,42.3227362710001
9047,1412902,RAMP 125C,LARNED,2018-06-15,15,6,2018,9,6,5,3,,1,0,Concrete,1,1,4,55,3,3,4,5,0,0,0,0,true,false,false,false,false,false,false,false,false,false,false,false,false,false,false,false,false,false,false,false,false,false,-83.05098,42.3268,"{
  ""coordinates"": [
    -8.305097884714429e+01,
    4.232680100265870e+01
  ],
  ""type"": ""Point""
}","{
  ""coordinates"": [
    -83.050978847,
    42.326801003
  ],
  ""type"": ""Point""
}",-83.050978847,42.3268010030001
9048,1400896,GRAND RIVER,GLASTONBURY,2018-06-15,15,6,2018,17,6,5,3,,1,0,Asphalt,1,1,1,45,4,3,4,4,0,0,0,4,false,true,false,false,false,false,false,false,false,false,false,false,false,false,false,false,false,false,false,false,false,false,-83.22507,42.40343,"{
  ""coordinates"": [
    -8.322507351854620e+01,
    4.240342880340980e+01
  ],
  ""type"": ""Point""
}","{
  ""coordinates"": [
    -83.225073519,
    42.403428803
  ],
  ""type"": ""Point""
}",-83.225073519,42.4034288030001
9049,1411655,RAMP 212B,LIVERNOIS,2018-06-15,15,6,2018,6,6,8,1,,1,0,Asphalt,3,1,1,55,3,2,2,5,0,0,0,0,true,false,false,false,false,false,false,false,false,false,false,false,false,false,false,true,false,false,false,false,false,false,-83.1246,42.337,"{
  ""coordinates"": [
    -8.312459805391030e+01,
    4.233699980949720e+01
  ],
  ""type"": ""Point""
}","{
  ""coordinates"": [
    -83.124598054,
    42.336999809
  ],
  ""type"": ""Point""
}",-83.124598054,42.3369998090001
9050,1400788,I 94,CHALMERS,2018-06-15,15,6,2018,11,6,8,1,,1,0,Asphalt,1,1,1,55,3,2,2,5,0,0,0,0,true,false,false,false,false,false,false,false,false,false,false,false,false,false,false,false,false,false,false,false,false,false,-82.96533,42.40349,"{
  ""coordinates"": [
    -8.296533282025840e+01,
    4.240349300796120e+01
  ],
  ""type"": ""Point""
}","{
  ""coordinates"": [
    -82.96533282,
    42.403493008
  ],
  ""type"": ""Point""
}",-82.96533282,42.4034930080001
9051,1400765,I 75,7 MILE,2018-06-15,15,6,2018,8,6,5,1,,1,0,Asphalt,1,1,1,70,3,2,2,5,0,0,0,0,true,false,false,false,false,false,false,false,false,false,false,false,false,false,false,false,false,false,false,false,false,false,-83.0947,42.43331,"{
  ""coordinates"": [
    -8.309470508258310e+01,
    4.243330760233350e+01
  ],
  ""type"": ""Point""
}","{
  ""coordinates"": [
    -83.094705083,
    42.433307602
  ],
  ""type"": ""Point""
}",-83.094705083,42.4333076020001
9052,1400810,M 39,WARREN,2018-06-15,15,6,2018,0,6,8,3,,1,0,Asphalt,1,1,4,55,3,2,1,5,0,0,0,0,true,false,false,false,true,false,false,false,false,false,false,false,false,false,false,false,false,false,false,false,false,false,-83.21626,42.34406,"{
  ""coordinates"": [
    -8.321625768615590e+01,
    4.234405451307040e+01
  ],
  ""type"": ""Point""
}","{
  ""coordinates"": [
    -83.216257686,
    42.344054513
  ],
  ""type"": ""Point""
}",-83.2162576859999,42.3440545130001
9053,1403082,DAVISON,LAWTON,2018-06-15,15,6,2018,8,6,97,3,,1,0,Asphalt,1,1,1,30,4,2,2,5,0,0,0,0,true,false,false,false,false,false,false,false,false,false,true,false,false,false,false,true,false,false,false,false,false,false,-83.12485,42.39197,"{
  ""coordinates"": [
    -8.312484968268380e+01,
    4.239197002848800e+01
  ],
  ""type"": ""Point""
}","{
  ""coordinates"": [
    -83.124849683,
    42.391970028
  ],
  ""type"": ""Point""
}",-83.124849683,42.3919700280001
9054,1400813,FENKELL,MEYERS,2018-06-15,15,6,2018,10,6,4,9,,2,0,Asphalt,1,1,1,35,4,2,2,5,0,0,0,0,true,false,false,false,true,false,false,false,false,false,false,false,false,false,true,false,false,false,false,false,false,false,-83.1694,42.40223,"{
  ""coordinates"": [
    -8.316940170851809e+01,
    4.240222940666750e+01
  ],
  ""type"": ""Point""
}","{
  ""coordinates"": [
    -83.169401709,
    42.402229407
  ],
  ""type"": ""Point""
}",-83.1694017089999,42.402229407
9055,1502722,CONNER,WARREN,2018-06-15,15,6,2018,23,6,1,9,,4,0,Asphalt,1,1,4,35,4,2,2,3,0,0,1,0,false,false,false,false,false,false,false,false,false,false,false,false,false,true,false,false,false,false,false,false,true,false,-82.97603,42.38929,"{
  ""coordinates"": [
    -8.297602904809420e+01,
    4.238928761360500e+01
  ],
  ""type"": ""Point""
}","{
  ""coordinates"": [
    -82.976029048,
    42.389287614
  ],
  ""type"": ""Point""
}",-82.976029048,42.3892876140001
9056,1406779,I75,WARREN,2018-06-15,15,6,2018,16,6,8,1,,1,0,Asphalt,1,1,1,55,3,2,5,5,0,0,0,0,true,false,false,false,false,false,false,false,false,false,false,false,false,false,false,false,false,false,false,false,false,false,-83.05598,42.36421,"{
  ""coordinates"": [
    -8.305598345006111e+01,
    4.236421292908250e+01
  ],
  ""type"": ""Point""
}","{
  ""coordinates"": [
    -83.05598345,
    42.364212929
  ],
  ""type"": ""Point""
}",-83.05598345,42.3642129290001
9057,1400855,JOY,ROSEMONT,2018-06-15,15,6,2018,22,6,5,9,,2,0,Asphalt,1,1,4,35,4,2,3,5,0,0,0,0,true,false,false,false,false,false,false,false,false,false,false,false,false,false,true,false,false,false,false,false,false,false,-83.21882,42.35781,"{
  ""coordinates"": [
    -8.321882023362150e+01,
    4.235781236158480e+01
  ],
  ""type"": ""Point""
}","{
  ""coordinates"": [
    -83.218820234,
    42.357812362
  ],
  ""type"": ""Point""
}",-83.218820234,42.3578123620001
9058,1407812,N I 75,GRAND,2018-06-15,15,6,2018,16,6,8,1,,1,0,Asphalt,1,1,1,,2,2,2,5,0,0,0,0,true,false,false,false,false,false,false,false,false,false,false,false,false,false,false,false,false,false,false,false,false,false,-83.08466,42.31606,"{
  ""coordinates"": [
    -8.308466707322459e+01,
    4.231605355437220e+01
  ],
  ""type"": ""Point""
}","{
  ""coordinates"": [
    -83.084667073,
    42.316053554
  ],
  ""type"": ""Point""
}",-83.0846670729999,42.3160535540001
9059,1407880,BAUMAN,PENROSE,2018-06-15,15,6,2018,17,6,2,9,,,0,,1,1,1,25,4,2,1,5,0,0,0,0,true,false,false,false,true,false,false,false,false,true,false,false,false,false,false,false,false,false,false,false,false,false,-83.11221,42.43416,"{
  ""coordinates"": [
    -8.311220213434900e+01,
    4.243416383950070e+01
  ],
  ""type"": ""Point""
}","{
  ""coordinates"": [
    -83.112202134,
    42.43416384
  ],
  ""type"": ""Point""
}",-83.112202134,42.4341638400001
9060,1400815,ROBSON,SCHOOLCRAFT,2018-06-15,15,6,2018,16,6,4,9,,,0,,1,1,1,35,2,2,2,5,0,0,0,0,true,false,false,false,false,false,false,false,false,false,false,false,false,false,false,false,false,false,false,false,false,false,-83.1925,42.38731,"{
  ""coordinates"": [
    -8.319250538249079e+01,
    4.238731271814160e+01
  ],
  ""type"": ""Point""
}","{
  ""coordinates"": [
    -83.192505382,
    42.387312718
  ],
  ""type"": ""Point""
}",-83.192505382,42.387312718
9061,1409763,MCNICHOLS,SNOWDEN,2018-06-15,15,6,2018,23,6,97,9,,2,0,Asphalt,1,1,4,30,2,4,1,1,2,0,0,0,false,false,false,false,true,true,true,true,false,false,false,false,true,true,false,false,false,false,false,false,false,false,-83.17767,42.4166,"{
  ""coordinates"": [
    -8.317766199882971e+01,
    4.241659494764210e+01
  ],
  ""type"": ""Point""
}","{
  ""coordinates"": [
    -83.177661999,
    42.416594948
  ],
  ""type"": ""Point""
}",-83.177661999,42.4165949480001
9062,1400839,GUILFORD,BERDEN,2018-06-15,15,6,2018,12,6,4,9,,,0,,1,1,1,25,2,2,3,4,0,0,0,3,false,false,false,false,false,false,false,false,false,false,false,false,false,false,false,false,false,false,false,false,false,false,-82.93243,42.41528,"{
  ""coordinates"": [
    -8.293243663308910e+01,
    4.241528415066900e+01
  ],
  ""type"": ""Point""
}","{
  ""coordinates"": [
    -82.932436633,
    42.415284151
  ],
  ""type"": ""Point""
}",-82.932436633,42.415284151
9063,1403045,I75,MCNICHOLS,2018-06-15,15,6,2018,16,6,5,1,,1,0,Asphalt,1,1,1,70,4,3,3,5,0,0,0,0,true,false,false,false,true,false,false,false,false,false,false,false,false,false,false,false,false,false,false,false,false,false,-83.08725,42.41762,"{
  ""coordinates"": [
    -8.308725063171840e+01,
    4.241762120916810e+01
  ],
  ""type"": ""Point""
}","{
  ""coordinates"": [
    -83.087250632,
    42.417621209
  ],
  ""type"": ""Point""
}",-83.087250632,42.4176212090001
9064,1401954,N I 75,N I 75/GRATIOT,2018-06-15,15,6,2018,7,6,8,1,,1,0,Concrete,1,1,1,55,4,2,1,5,0,0,0,0,true,false,false,false,true,false,false,false,false,false,false,false,false,false,false,false,false,false,false,false,false,false,-83.04948,42.34124,"{
  ""coordinates"": [
    -8.304948449814950e+01,
    4.234123910719410e+01
  ],
  ""type"": ""Point""
}","{
  ""coordinates"": [
    -83.049484498,
    42.341239107
  ],
  ""type"": ""Point""
}",-83.049484498,42.341239107
9065,1400927,MCNICHOLS,WARRINGTON,2018-06-15,15,6,2018,15,6,4,9,,4,0,Asphalt,1,1,1,25,1,2,2,5,0,0,0,0,true,false,false,false,false,false,false,false,false,false,false,false,false,false,false,false,false,false,false,false,false,false,-83.13983,42.41716,"{
  ""coordinates"": [
    -8.313982959167920e+01,
    4.241716073491420e+01
  ],
  ""type"": ""Point""
}","{
  ""coordinates"": [
    -83.139829592,
    42.417160735
  ],
  ""type"": ""Point""
}",-83.139829592,42.417160735
9066,1406852,GRAND RIVER,GLASTONBURY,2018-06-15,15,6,2018,16,6,97,3,,1,0,Asphalt,1,1,1,35,5,3,3,5,0,0,0,0,true,false,false,false,false,false,false,false,false,true,false,false,false,false,true,false,false,false,false,false,false,false,-83.22517,42.40347,"{
  ""coordinates"": [
    -8.322517656557770e+01,
    4.240347042979970e+01
  ],
  ""type"": ""Point""
}","{
  ""coordinates"": [
    -83.225176566,
    42.40347043
  ],
  ""type"": ""Point""
}",-83.225176566,42.40347043
9067,1403055,M-10,SEWARD,2018-06-15,15,6,2018,16,6,5,3,,1,0,Concrete,1,1,1,55,4,4,4,5,0,0,0,0,true,false,false,false,false,false,false,false,false,false,false,false,false,true,false,false,false,false,false,false,false,false,-83.08447,42.37129,"{
  ""coordinates"": [
    -8.308446504537150e+01,
    4.237128882946870e+01
  ],
  ""type"": ""Point""
}","{
  ""coordinates"": [
    -83.084465045,
    42.371288829
  ],
  ""type"": ""Point""
}",-83.0844650449999,42.371288829
9068,1539990,HARPER,CADILLAC,2018-06-15,15,6,2018,21,6,5,9,,4,0,Asphalt,1,1,4,25,2,2,2,4,0,0,0,1,false,false,false,false,true,false,false,false,false,false,false,false,false,false,false,false,false,false,false,false,false,false,-83.0462,42.37406,"{
  ""coordinates"": [
    -8.304620404533379e+01,
    4.237405775973320e+01
  ],
  ""type"": ""Point""
}","{
  ""coordinates"": [
    -83.046204045,
    42.37405776
  ],
  ""type"": ""Point""
}",-83.046204045,42.37405776
9069,1400865,S I 75 SERVICE DRIVE,HOWARD,2018-06-15,15,6,2018,7,6,8,9,,4,0,Asphalt,1,1,1,30,3,2,2,5,0,0,0,0,true,false,false,false,false,false,false,false,false,false,false,false,false,false,false,false,false,false,false,false,false,false,-83.08315,42.31893,"{
  ""coordinates"": [
    -8.308314910524280e+01,
    4.231893173265120e+01
  ],
  ""type"": ""Point""
}","{
  ""coordinates"": [
    -83.083149105,
    42.318931733
  ],
  ""type"": ""Point""
}",-83.083149105,42.3189317330001
9070,1407820,FORT,GRISWOLD,2018-06-15,15,6,2018,13,6,1,3,,4,1,Brick,1,1,1,25,2,1,1,5,0,0,0,0,true,false,false,false,false,false,false,false,false,false,false,false,false,false,false,true,false,false,false,false,false,false,-83.04707,42.33088,"{
  ""coordinates"": [
    -8.304706564403600e+01,
    4.233087546393010e+01
  ],
  ""type"": ""Point""
}","{
  ""coordinates"": [
    -83.047065644,
    42.330875464
  ],
  ""type"": ""Point""
}",-83.047065644,42.330875464
9071,1400864,RIOPELLE,WARREN,2018-06-15,15,6,2018,13,6,9,9,,,0,,1,1,1,,2,2,2,5,0,0,0,0,true,false,false,false,false,false,false,false,false,false,false,false,false,false,false,true,false,false,false,false,false,false,-83.04929,42.36273,"{
  ""coordinates"": [
    -8.304928895880310e+01,
    4.236272810250560e+01
  ],
  ""type"": ""Point""
}","{
  ""coordinates"": [
    -83.049288959,
    42.362728103
  ],
  ""type"": ""Point""
}",-83.049288959,42.3627281030001
9072,1407813,BEAUBIEN,MONROE,2018-06-15,15,6,2018,20,6,97,9,,4,0,Asphalt,1,1,2,,2,1,1,5,0,0,0,0,true,false,false,false,true,false,false,false,false,false,false,false,false,false,false,false,false,false,false,false,false,false,-83.04257,42.33491,"{
  ""coordinates"": [
    -8.304257279062820e+01,
    4.233490614635320e+01
  ],
  ""type"": ""Point""
}","{
  ""coordinates"": [
    -83.042572791,
    42.334906146
  ],
  ""type"": ""Point""
}",-83.0425727909999,42.334906146
9073,1404732,PLYMOUTH,OUTER,2018-06-15,15,6,2018,21,6,3,9,,4,0,Asphalt,1,1,4,40,5,2,4,4,0,0,0,1,false,false,false,false,false,false,false,false,false,false,false,false,false,true,false,false,false,false,false,false,false,false,-83.26073,42.3716,"{
  ""coordinates"": [
    -8.326073177547210e+01,
    4.237159851060780e+01
  ],
  ""type"": ""Point""
}","{
  ""coordinates"": [
    -83.260731775,
    42.371598511
  ],
  ""type"": ""Point""
}",-83.260731775,42.3715985110001
9074,1400870,JOESPH CAMPAU,DAVISON,2018-06-15,15,6,2018,17,6,4,9,,4,0,Asphalt,1,2,1,,7,2,6,4,0,0,0,1,false,false,false,false,false,false,false,false,false,false,false,false,false,false,false,false,false,false,false,false,false,false,-83.06887,42.41317,"{
  ""coordinates"": [
    -8.306887241891540e+01,
    4.241316782242050e+01
  ],
  ""type"": ""Point""
}","{
  ""coordinates"": [
    -83.068872419,
    42.413167822
  ],
  ""type"": ""Point""
}",-83.0688724189999,42.413167822
9075,1400812,PURITAN,PREST,2018-06-15,15,6,2018,15,6,4,9,,4,0,Asphalt,1,1,1,30,2,2,7,5,0,0,0,0,true,false,false,false,false,false,false,false,false,false,false,false,false,false,false,false,false,false,false,false,false,false,-83.19782,42.40879,"{
  ""coordinates"": [
    -8.319782142577670e+01,
    4.240878703418120e+01
  ],
  ""type"": ""Point""
}","{
  ""coordinates"": [
    -83.197821426,
    42.408787034
  ],
  ""type"": ""Point""
}",-83.197821426,42.4087870340001
9076,1400827,CASS,CANFIELD,2018-06-15,15,6,2018,7,6,8,9,,4,0,Asphalt,1,1,1,25,2,2,1,5,0,0,0,0,true,false,false,false,false,false,false,false,false,false,false,true,false,false,false,true,false,false,false,false,false,false,-83.06412,42.35153,"{
  ""coordinates"": [
    -8.306411408976160e+01,
    4.235153288781470e+01
  ],
  ""type"": ""Point""
}","{
  ""coordinates"": [
    -83.06411409,
    42.351532888
  ],
  ""type"": ""Point""
}",-83.06411409,42.3515328880001
9077,1400897,GRAND RIVER,ARCHDALE,2018-06-15,15,6,2018,17,6,3,3,,1,0,Asphalt,1,1,1,35,5,2,4,5,0,0,0,0,true,false,false,false,false,false,false,false,false,false,false,false,false,false,false,false,false,false,false,false,false,false,-83.21622,42.39986,"{
  ""coordinates"": [
    -8.321622523520109e+01,
    4.239986547605420e+01
  ],
  ""type"": ""Point""
}","{
  ""coordinates"": [
    -83.216225235,
    42.399865476
  ],
  ""type"": ""Point""
}",-83.216225235,42.3998654760001
9078,1428745,WHITCOMB,JOY,2018-06-15,15,6,2018,0,6,8,9,,,0,,1,1,4,25,2,2,0,5,0,0,0,0,true,false,false,false,true,false,false,false,false,false,false,false,false,false,false,false,false,false,false,false,false,false,-83.19486,42.3583,"{
  ""coordinates"": [
    -8.319485920461210e+01,
    4.235830183141730e+01
  ],
  ""type"": ""Point""
}","{
  ""coordinates"": [
    -83.194859205,
    42.358301831
  ],
  ""type"": ""Point""
}",-83.1948592049999,42.3583018310001
9079,1400799,M-39,PAUL,2018-06-15,15,6,2018,21,6,1,3,,1,1,Asphalt,1,1,3,55,3,1,1,4,0,0,0,1,false,false,false,false,false,false,false,true,false,false,false,false,false,false,false,false,false,false,false,false,false,false,-83.21576,42.33613,"{
  ""coordinates"": [
    -8.321575903414760e+01,
    4.233613320768350e+01
  ],
  ""type"": ""Point""
}","{
  ""coordinates"": [
    -83.215759034,
    42.336133208
  ],
  ""type"": ""Point""
}",-83.215759034,42.336133208
9080,1406904,THATCHER,BIRCHREST,2018-06-15,15,6,2018,1,6,8,9,,,0,,1,9,4,25,2,2,1,5,0,0,0,0,true,false,false,false,false,false,false,false,false,false,false,false,false,false,false,false,false,false,false,false,false,false,-83.13696,42.42265,"{
  ""coordinates"": [
    -8.313695987955890e+01,
    4.242265228284640e+01
  ],
  ""type"": ""Point""
}","{
  ""coordinates"": [
    -83.13695988,
    42.422652283
  ],
  ""type"": ""Point""
}",-83.1369598799999,42.422652283
9081,1400825,14TH,GRAND RIVER,2018-06-15,15,6,2018,8,6,4,3,,4,0,Asphalt,1,1,1,30,3,2,3,5,0,0,0,0,true,false,true,true,false,false,false,false,false,false,false,false,false,false,false,false,false,false,false,false,false,false,-83.08552,42.34716,"{
  ""coordinates"": [
    -8.308551450181790e+01,
    4.234716439653810e+01
  ],
  ""type"": ""Point""
}","{
  ""coordinates"": [
    -83.085514502,
    42.347164397
  ],
  ""type"": ""Point""
}",-83.085514502,42.347164397
9082,1403962,GLASTONBURY,SAINT MARTINS,2018-06-15,15,6,2018,4,6,8,9,,,0,,1,1,4,20,1,2,0,5,0,0,0,0,true,false,false,false,true,false,false,false,false,false,false,false,false,false,false,false,false,false,false,false,false,false,-83.2232,42.43537,"{
  ""coordinates"": [
    -8.322319984187220e+01,
    4.243537233425530e+01
  ],
  ""type"": ""Point""
}","{
  ""coordinates"": [
    -83.223199842,
    42.435372334
  ],
  ""type"": ""Point""
}",-83.223199842,42.4353723340001
9083,1403085,KENDALL,LAWTON,2018-06-15,15,6,2018,14,6,8,9,,4,0,Asphalt,1,1,1,25,4,2,2,5,0,0,0,0,true,false,false,false,false,false,false,false,false,false,false,false,false,false,false,true,false,false,false,false,false,false,-83.12788,42.3969,"{
  ""coordinates"": [
    -8.312788443777320e+01,
    4.239690382263100e+01
  ],
  ""type"": ""Point""
}","{
  ""coordinates"": [
    -83.127884438,
    42.396903823
  ],
  ""type"": ""Point""
}",-83.127884438,42.3969038230001
9084,1403891,I 94,LIVERNOIS,2018-06-15,15,6,2018,8,6,5,1,,1,0,Asphalt,1,1,1,70,3,3,9,5,0,0,0,0,true,false,false,false,false,false,false,false,false,false,false,false,false,false,false,true,false,false,false,false,false,false,-83.11696,42.34147,"{
  ""coordinates"": [
    -8.311695914444350e+01,
    4.234147350987730e+01
  ],
  ""type"": ""Point""
}","{
  ""coordinates"": [
    -83.116959144,
    42.34147351
  ],
  ""type"": ""Point""
}",-83.116959144,42.3414735100001
9085,1406774,W I 94,CONNER,2018-06-15,15,6,2018,15,6,5,1,,1,0,Asphalt,1,1,1,55,3,2,1,5,0,0,0,0,true,false,false,false,true,false,false,false,false,false,false,false,false,false,false,false,false,false,false,false,false,false,-82.98775,42.39665,"{
  ""coordinates"": [
    -8.298774941699899e+01,
    4.239665078297010e+01
  ],
  ""type"": ""Point""
}","{
  ""coordinates"": [
    -82.987749417,
    42.396650783
  ],
  ""type"": ""Point""
}",-82.987749417,42.396650783
9086,1403056,RAMP216G,W I 94,2018-06-15,15,6,2018,19,6,1,1,,1,1,Concrete,1,1,3,55,2,1,1,5,0,0,0,0,true,false,false,false,false,false,false,false,false,false,false,false,false,false,false,false,false,false,false,false,false,false,-83.05484,42.3708,"{
  ""coordinates"": [
    -8.305483821405440e+01,
    4.237080225726310e+01
  ],
  ""type"": ""Point""
}","{
  ""coordinates"": [
    -83.054838214,
    42.370802257
  ],
  ""type"": ""Point""
}",-83.054838214,42.370802257
9087,1400925,N I 75,I 75 SERVICE DRIVE,2018-06-15,15,6,2018,14,6,5,1,,1,0,Asphalt,1,1,1,30,3,2,1,4,0,0,0,1,false,false,false,false,true,false,false,false,false,false,false,true,false,true,false,false,false,false,false,false,false,false,-83.0947,42.43303,"{
  ""coordinates"": [
    -8.309469294062490e+01,
    4.243303242395270e+01
  ],
  ""type"": ""Point""
}","{
  ""coordinates"": [
    -83.094692941,
    42.433032424
  ],
  ""type"": ""Point""
}",-83.0946929409999,42.433032424
9088,1403079,WEAVELY,DEXTER,2018-06-15,15,6,2018,7,6,8,9,,,0,,1,1,4,25,1,2,0,5,0,0,0,0,true,false,false,false,true,false,false,false,false,false,false,false,false,false,false,false,false,false,false,false,false,false,-83.1302,42.38921,"{
  ""coordinates"": [
    -8.313020242952510e+01,
    4.238921157897410e+01
  ],
  ""type"": ""Point""
}","{
  ""coordinates"": [
    -83.13020243,
    42.389211579
  ],
  ""type"": ""Point""
}",-83.1302024299999,42.3892115790001
9089,1403059,M 10,RAMP 125E,2018-06-15,15,6,2018,13,6,5,3,,1,0,Concrete,1,1,1,55,3,2,3,5,0,0,0,0,true,false,false,false,false,false,false,false,false,false,false,false,false,true,false,false,false,false,false,false,false,false,-83.05058,42.32617,"{
  ""coordinates"": [
    -8.305057388068850e+01,
    4.232617340622830e+01
  ],
  ""type"": ""Point""
}","{
  ""coordinates"": [
    -83.050573881,
    42.326173406
  ],
  ""type"": ""Point""
}",-83.0505738809999,42.3261734060001
9090,1400909,GRATIOT,FINDLAY,2018-06-15,15,6,2018,23,6,4,3,,1,0,Asphalt,1,1,4,35,7,2,4,5,0,0,0,0,true,false,false,false,true,false,false,false,false,false,false,false,false,false,false,false,false,false,false,false,false,false,-82.98947,42.41717,"{
  ""coordinates"": [
    -8.298947004087800e+01,
    4.241717281886010e+01
  ],
  ""type"": ""Point""
}","{
  ""coordinates"": [
    -82.989470041,
    42.417172819
  ],
  ""type"": ""Point""
}",-82.9894700409999,42.417172819
9091,1403046,M10,DAVISON,2018-06-15,15,6,2018,17,6,5,3,,1,0,Concrete,1,1,1,55,3,2,2,3,0,0,1,0,false,false,false,false,false,false,false,false,false,false,true,false,false,false,false,false,false,false,false,false,false,false,-83.10934,42.39789,"{
  ""coordinates"": [
    -8.310934413947480e+01,
    4.239789068602170e+01
  ],
  ""type"": ""Point""
}","{
  ""coordinates"": [
    -83.109344139,
    42.397890686
  ],
  ""type"": ""Point""
}",-83.109344139,42.397890686
9092,1400785,I 94,GRAND RIVER,2018-06-14,14,6,2018,9,5,5,1,,1,0,Asphalt,1,1,1,55,3,2,2,4,0,0,0,1,false,false,false,false,false,false,false,false,false,false,false,false,false,false,false,true,false,false,false,false,false,false,-83.0956,42.35134,"{
  ""coordinates"": [
    -8.309560482774430e+01,
    4.235133741519120e+01
  ],
  ""type"": ""Point""
}","{
  ""coordinates"": [
    -83.095604828,
    42.351337415
  ],
  ""type"": ""Point""
}",-83.095604828,42.351337415
9093,1398456,FORT,GREEN,2018-06-14,14,6,2018,0,5,2,3,,1,0,Asphalt,1,1,4,35,4,2,3,4,0,0,0,1,false,false,false,false,false,false,false,false,false,false,true,false,false,false,true,true,false,false,false,false,false,false,-83.11347,42.30243,"{
  ""coordinates"": [
    -8.311347541149600e+01,
    4.230242476490660e+01
  ],
  ""type"": ""Point""
}","{
  ""coordinates"": [
    -83.113475411,
    42.302424765
  ],
  ""type"": ""Point""
}",-83.113475411,42.3024247650001
9094,1408913,8 MILE,VAN DYKE,2018-06-14,14,6,2018,17,5,5,3,,1,0,Asphalt,1,1,1,40,6,2,2,5,0,0,0,0,true,false,false,false,false,false,false,false,false,false,false,true,false,false,false,false,false,false,false,false,false,false,-83.02586,42.44814,"{
  ""coordinates"": [
    -8.302586062311910e+01,
    4.244813370173340e+01
  ],
  ""type"": ""Point""
}","{
  ""coordinates"": [
    -83.025860623,
    42.448133702
  ],
  ""type"": ""Point""
}",-83.025860623,42.4481337020001
9095,1422041,I-75,DAVISON,2018-06-14,14,6,2018,8,5,5,1,,1,0,Asphalt,1,1,1,55,3,2,2,5,0,0,0,0,true,false,false,false,false,false,false,false,false,false,true,false,false,false,false,false,false,false,false,false,false,false,-83.07294,42.40348,"{
  ""coordinates"": [
    -8.307294250978150e+01,
    4.240348297445660e+01
  ],
  ""type"": ""Point""
}","{
  ""coordinates"": [
    -83.07294251,
    42.403482974
  ],
  ""type"": ""Point""
}",-83.07294251,42.403482974