ObjectId,Crash ID,Primary Road,Intersecting Road,Crash Date,Day,Month,Year,Hour,Weekday,Crash Type Code,Highway Classification Code,Community Code,Jurisdiction Code,Lane Departure Type Code,Surface Type,Road Condition,Weather Condition,Lighting Condition,Speed Limit,Lanes,Units,Occupants,Most Severe Injury,Fatal Injuries,Suspected Serious Injuries,Suspected Minor Injuries,Possible Injuries,Property Damage Only,Secondary Crash,Traffic Control,Red Light Run,Hit and Run,Alcohol,Drugs,Unbelted Person,Work Zone,Speeding Driver,Distracted Driver,Driveway,Pedestrian,Elderly Driver,Young Driver,Commercial Vehicle,Emergency Vehicles,Train,School Bus,Motorcycle,Bicycle,Deer,Longitude,Latitude,geom,geog,x,y
9368,1397541,MICHIGAN,23RD,2018-06-11,11,6,2018,15,2,5,2,,1,0,Concrete,1,1,1,35,5,2,8,5,0,0,0,0,true,false,false,false,false,false,false,false,false,false,false,false,false,false,false,false,false,false,false,false,false,false,-83.09051,42.33144,"{
  ""coordinates"": [
    -8.309050761737490e+01,
    4.233143902777540e+01
  ],
  ""type"": ""Point""
}","{
  ""coordinates"": [
    -83.090507617,
    42.331439028
  ],
  ""type"": ""Point""
}",-83.090507617,42.331439028
9369,1398460,WARREN,HAVERHILL,2018-06-11,11,6,2018,17,2,4,9,,4,0,Asphalt,1,1,1,30,2,2,6,4,0,0,0,1,false,false,false,false,false,false,false,false,false,false,true,false,false,false,false,false,false,false,false,false,false,false,-82.9429,42.40128,"{
  ""coordinates"": [
    -8.294289984634671e+01,
    4.240128072371930e+01
  ],
  ""type"": ""Point""
}","{
  ""coordinates"": [
    -82.942899846,
    42.401280724
  ],
  ""type"": ""Point""
}",-82.942899846,42.4012807240001
9370,1399392,VAN DYKE,DUNCAN,2018-06-11,11,6,2018,4,2,8,3,,1,0,Asphalt,1,1,4,35,5,2,1,5,0,0,0,0,true,false,false,false,true,false,false,false,false,false,false,false,false,false,false,false,false,false,false,false,false,false,-83.02039,42.38655,"{
  ""coordinates"": [
    -8.302038214435071e+01,
    4.238655568488730e+01
  ],
  ""type"": ""Point""
}","{
  ""coordinates"": [
    -83.020382144,
    42.386555685
  ],
  ""type"": ""Point""
}",-83.0203821439999,42.3865556850001
9371,1400728,I-94,LIVERNOIS,2018-06-11,11,6,2018,6,2,8,1,,1,0,Asphalt,1,1,2,55,3,2,2,5,0,0,0,0,true,false,false,false,false,false,false,false,false,false,false,false,false,false,false,true,false,false,false,false,false,false,-83.12453,42.33746,"{
  ""coordinates"": [
    -8.312452355994600e+01,
    4.233745752438420e+01
  ],
  ""type"": ""Point""
}","{
  ""coordinates"": [
    -83.12452356,
    42.337457524
  ],
  ""type"": ""Point""
}",-83.1245235599999,42.3374575240001
9372,1397548,MCCLELLAN,MOFFAT,2018-06-11,11,6,2018,18,2,8,9,,4,0,Asphalt,1,1,1,25,2,2,1,5,0,0,0,0,true,false,false,false,false,false,false,false,false,false,false,false,false,false,false,false,false,false,false,false,false,false,-83.00206,42.38331,"{
  ""coordinates"": [
    -8.300206342307909e+01,
    4.238330896230290e+01
  ],
  ""type"": ""Point""
}","{
  ""coordinates"": [
    -83.002063423,
    42.383308962
  ],
  ""type"": ""Point""
}",-83.002063423,42.3833089620001
9373,1404779,GRATIOT,SAINT AUBIN,2018-06-11,11,6,2018,7,2,1,3,,1,0,Asphalt,1,1,1,35,6,2,1,1,1,0,0,0,false,false,false,false,false,false,false,false,false,false,false,false,true,false,false,false,false,false,false,false,false,false,-83.0334,42.35049,"{
  ""coordinates"": [
    -8.303340355120790e+01,
    4.235049001899510e+01
  ],
  ""type"": ""Point""
}","{
  ""coordinates"": [
    -83.033403551,
    42.350490019
  ],
  ""type"": ""Point""
}",-83.0334035509999,42.3504900190001
9374,1396778,8 MILE,WOODWARD,2018-06-11,11,6,2018,7,2,5,3,,1,0,Asphalt,1,1,1,40,3,2,3,4,0,0,0,1,false,false,false,false,false,false,false,false,false,false,false,false,false,false,false,false,false,false,false,false,false,false,-83.12503,42.4465,"{
  ""coordinates"": [
    -8.312502872792930e+01,
    4.244650213774250e+01
  ],
  ""type"": ""Point""
}","{
  ""coordinates"": [
    -83.125028728,
    42.446502138
  ],
  ""type"": ""Point""
}",-83.125028728,42.446502138
9375,1398477,COLLINGHAM,PELKEY,2018-06-11,11,6,2018,23,2,1,9,,,0,,1,1,4,25,2,1,0,5,0,0,0,0,true,false,false,false,true,false,false,false,false,true,false,false,false,false,false,false,false,false,false,false,false,false,-82.98691,42.44759,"{
  ""coordinates"": [
    -8.298690442167450e+01,
    4.244759201718900e+01
  ],
  ""type"": ""Point""
}","{
  ""coordinates"": [
    -82.986904422,
    42.447592017
  ],
  ""type"": ""Point""
}",-82.986904422,42.447592017
9376,1395712,CONANT,DAVISON,2018-06-11,11,6,2018,2,2,4,3,,4,0,Asphalt,1,1,4,45,4,2,1,5,0,0,0,0,true,false,false,false,true,false,false,false,false,false,false,false,false,false,false,false,false,false,false,false,false,false,-83.06149,42.41552,"{
  ""coordinates"": [
    -8.306148677748760e+01,
    4.241552098529270e+01
  ],
  ""type"": ""Point""
}","{
  ""coordinates"": [
    -83.061486777,
    42.415520985
  ],
  ""type"": ""Point""
}",-83.061486777,42.4155209850001
9377,1400742,I-94,MARTIN,2018-06-11,11,6,2018,11,2,8,1,,1,0,Asphalt,1,1,1,55,3,2,2,5,0,0,0,0,true,false,false,false,false,false,false,false,false,false,false,false,false,false,false,false,false,false,false,false,false,false,-83.13064,42.33503,"{
  ""coordinates"": [
    -8.313063513015230e+01,
    4.233502706654710e+01
  ],
  ""type"": ""Point""
}","{
  ""coordinates"": [
    -83.13063513,
    42.335027067
  ],
  ""type"": ""Point""
}",-83.13063513,42.3350270670001
9378,1396767,ASBURY,PEMBROKE,2018-06-11,11,6,2018,19,2,4,9,,4,0,Asphalt,1,1,1,25,2,2,2,2,0,1,0,0,false,false,false,false,false,false,false,false,false,false,false,false,false,false,true,false,false,false,false,true,false,false,-83.20991,42.4381,"{
  ""coordinates"": [
    -8.320990614737210e+01,
    4.243809794467620e+01
  ],
  ""type"": ""Point""
}","{
  ""coordinates"": [
    -83.209906147,
    42.438097945
  ],
  ""type"": ""Point""
}",-83.209906147,42.438097945
9379,1396735,JOY,HUBBELL,2018-06-11,11,6,2018,1,2,5,9,,4,0,Asphalt,1,1,4,30,3,2,3,3,0,0,2,0,false,false,false,false,true,false,false,false,false,false,false,false,false,false,false,false,false,false,false,false,false,false,-83.18724,42.35835,"{
  ""coordinates"": [
    -8.318723965872820e+01,
    4.235834764829270e+01
  ],
  ""type"": ""Point""
}","{
  ""coordinates"": [
    -83.187239659,
    42.358347648
  ],
  ""type"": ""Point""
}",-83.1872396589999,42.3583476480001
9380,1424303,GRATIOT,GUNSTON,2018-06-11,11,6,2018,0,2,5,3,,1,0,Asphalt,1,1,4,35,7,2,2,5,0,0,0,0,true,false,false,false,true,true,false,false,false,false,false,false,false,false,false,false,false,false,false,false,false,false,-82.9951,42.40858,"{
  ""coordinates"": [
    -8.299509832496319e+01,
    4.240857616433570e+01
  ],
  ""type"": ""Point""
}","{
  ""coordinates"": [
    -82.995098325,
    42.408576164
  ],
  ""type"": ""Point""
}",-82.995098325,42.4085761640001
9381,1396741,GRISWOLD,CONGRESS,2018-06-11,11,6,2018,15,2,8,9,,4,0,Asphalt,1,1,1,30,5,2,3,5,0,0,0,0,true,false,false,false,false,false,false,false,false,false,false,false,false,false,false,false,false,false,false,false,false,false,-83.04668,42.32984,"{
  ""coordinates"": [
    -8.304668349006759e+01,
    4.232984325886730e+01
  ],
  ""type"": ""Point""
}","{
  ""coordinates"": [
    -83.04668349,
    42.329843259
  ],
  ""type"": ""Point""
}",-83.04668349,42.329843259
9382,1395936,N M 39,OUTER,2018-06-11,11,6,2018,7,2,8,3,,1,0,Concrete,1,1,1,55,4,2,3,5,0,0,0,0,true,false,false,false,false,false,false,false,false,false,false,false,false,false,false,false,false,false,false,false,false,false,-83.21884,42.41956,"{
  ""coordinates"": [
    -8.321883808532520e+01,
    4.241955897240320e+01
  ],
  ""type"": ""Point""
}","{
  ""coordinates"": [
    -83.218838085,
    42.419558972
  ],
  ""type"": ""Point""
}",-83.218838085,42.4195589720001
9383,1397558,MOUNT ELLIOT,WILLIS,2018-06-11,11,6,2018,8,2,8,9,,4,0,Asphalt,1,1,1,30,2,2,3,5,0,0,0,0,true,false,false,false,false,false,false,false,false,false,false,false,false,true,false,false,false,false,false,false,false,false,-83.02435,42.36543,"{
  ""coordinates"": [
    -8.302435461363210e+01,
    4.236543357580620e+01
  ],
  ""type"": ""Point""
}","{
  ""coordinates"": [
    -83.024354614,
    42.365433576
  ],
  ""type"": ""Point""
}",-83.0243546139999,42.365433576
9384,1398436,GREENFIELD,RAMP 136D,2018-06-11,11,6,2018,13,2,4,1,,2,0,Concrete,1,1,1,35,4,2,4,3,0,0,1,1,false,false,false,false,true,false,false,false,false,false,false,false,false,false,false,false,false,false,false,false,false,false,-83.19805,42.37958,"{
  ""coordinates"": [
    -8.319805018524370e+01,
    4.237957852069010e+01
  ],
  ""type"": ""Point""
}","{
  ""coordinates"": [
    -83.198050185,
    42.379578521
  ],
  ""type"": ""Point""
}",-83.1980501849999,42.379578521
9385,1395715,LUMPKIN,VICTORIA,2018-06-11,11,6,2018,2,2,2,9,,,2,,1,1,4,25,2,3,1,5,0,0,0,0,true,false,false,false,true,false,false,false,false,false,false,false,false,false,false,false,false,false,false,false,false,false,-83.07624,42.41261,"{
  ""coordinates"": [
    -8.307624278272330e+01,
    4.241261014858670e+01
  ],
  ""type"": ""Point""
}","{
  ""coordinates"": [
    -83.076242783,
    42.412610149
  ],
  ""type"": ""Point""
}",-83.0762427829999,42.412610149
9386,1414070,CRANBROOK,CRANBROOK,2018-06-11,11,6,2018,8,2,8,9,,,0,,1,1,1,25,2,2,12,5,0,0,0,0,true,false,false,false,false,false,false,false,false,false,false,false,false,false,false,true,false,false,true,false,false,false,-83.16019,42.43746,"{
  ""coordinates"": [
    -8.316019331969591e+01,
    4.243746307874640e+01
  ],
  ""type"": ""Point""
}","{
  ""coordinates"": [
    -83.16019332,
    42.437463079
  ],
  ""type"": ""Point""
}",-83.16019332,42.4374630790001
9387,1396750,CENTRAL,GARTNER,2018-06-11,11,6,2018,8,2,5,9,,4,0,Asphalt,1,1,1,25,4,2,2,3,0,0,1,1,false,false,false,false,false,false,false,false,false,false,false,false,false,true,false,false,false,false,false,false,false,false,-83.1224,42.30996,"{
  ""coordinates"": [
    -8.312239989405590e+01,
    4.230995831492120e+01
  ],
  ""type"": ""Point""
}","{
  ""coordinates"": [
    -83.122399894,
    42.309958315
  ],
  ""type"": ""Point""
}",-83.122399894,42.3099583150001
9388,1396779,LIVERNOIS,MCNICHOLS,2018-06-11,11,6,2018,7,2,7,9,,4,0,Asphalt,1,1,1,25,2,2,2,4,0,0,0,2,false,false,false,false,false,false,false,false,false,false,false,false,false,true,false,false,false,false,false,false,false,false,-83.14072,42.41719,"{
  ""coordinates"": [
    -8.314072241220600e+01,
    4.241719130517010e+01
  ],
  ""type"": ""Point""
}","{
  ""coordinates"": [
    -83.140722412,
    42.417191305
  ],
  ""type"": ""Point""
}",-83.1407224119999,42.4171913050001
9389,1398463,BENITEAU,MACK,2018-06-11,11,6,2018,0,2,9,9,,,2,,1,1,4,25,2,2,1,5,0,0,0,0,true,false,false,false,false,false,false,false,false,false,true,false,false,false,false,false,false,false,false,false,false,false,-82.97857,42.37676,"{
  ""coordinates"": [
    -8.297856770778910e+01,
    4.237676331271370e+01
  ],
  ""type"": ""Point""
}","{
  ""coordinates"": [
    -82.978567708,
    42.376763313
  ],
  ""type"": ""Point""
}",-82.978567708,42.376763313
9390,1427088,MARLBOROUGH,AVONDALE,2018-06-11,11,6,2018,1,2,98,9,,,0,,1,1,4,25,2,2,0,5,0,0,0,0,true,false,false,false,true,false,false,false,false,false,false,false,false,false,false,false,false,false,false,false,false,false,-82.93773,42.3647,"{
  ""coordinates"": [
    -8.293772671793730e+01,
    4.236470025742630e+01
  ],
  ""type"": ""Point""
}","{
  ""coordinates"": [
    -82.937726718,
    42.364700257
  ],
  ""type"": ""Point""
}",-82.937726718,42.364700257
9391,1428748,ASBURY,PILGRIM,2018-06-11,11,6,2018,9,2,97,9,,4,0,Asphalt,1,1,1,25,2,2,1,4,0,0,0,1,false,false,false,false,false,false,false,false,false,false,false,false,false,true,false,false,false,false,false,false,false,false,-83.20866,42.40658,"{
  ""coordinates"": [
    -8.320866028275280e+01,
    4.240657809005240e+01
  ],
  ""type"": ""Point""
}","{
  ""coordinates"": [
    -83.208660283,
    42.40657809
  ],
  ""type"": ""Point""
}",-83.208660283,42.40657809
9392,1399420,7 MILE,TRACEY,2018-06-11,11,6,2018,21,2,4,9,,2,0,Asphalt,1,1,4,30,5,2,5,2,0,1,1,1,false,false,false,false,false,false,false,false,false,false,false,false,false,false,false,false,false,false,false,false,false,false,-83.18179,42.43103,"{
  ""coordinates"": [
    -8.318179567143819e+01,
    4.243103098804560e+01
  ],
  ""type"": ""Point""
}","{
  ""coordinates"": [
    -83.181795671,
    42.431030988
  ],
  ""type"": ""Point""
}",-83.181795671,42.431030988
9393,1397535,GRAND RIVER,AUBURN,2018-06-11,11,6,2018,16,2,8,3,,1,3,Asphalt,1,1,1,35,5,2,2,5,0,0,0,0,true,false,false,false,true,false,false,false,false,false,false,false,false,false,false,false,false,false,false,false,false,false,-83.2354,42.40758,"{
  ""coordinates"": [
    -8.323540391948060e+01,
    4.240758226170020e+01
  ],
  ""type"": ""Point""
}","{
  ""coordinates"": [
    -83.235403919,
    42.407582262
  ],
  ""type"": ""Point""
}",-83.235403919,42.4075822620001
9394,1397561,FLORENCE,BURT,2018-06-11,11,6,2018,20,2,4,9,,,0,,1,1,3,25,4,2,3,3,0,0,1,2,false,false,true,false,false,false,false,false,false,false,false,false,false,false,false,false,false,false,false,false,false,false,-83.24752,42.40954,"{
  ""coordinates"": [
    -8.324751887124410e+01,
    4.240954181598250e+01
  ],
  ""type"": ""Point""
}","{
  ""coordinates"": [
    -83.247518871,
    42.409541816
  ],
  ""type"": ""Point""
}",-83.247518871,42.4095418160001
9395,1400730,I-94,MT ELLIOT,2018-06-11,11,6,2018,6,2,97,1,,1,0,Asphalt,1,1,2,55,3,2,3,5,0,0,0,0,true,false,false,false,false,false,false,false,false,false,false,false,false,false,false,false,false,false,false,false,false,false,-83.03416,42.3791,"{
  ""coordinates"": [
    -8.303416748441209e+01,
    4.237909764192290e+01
  ],
  ""type"": ""Point""
}","{
  ""coordinates"": [
    -83.034167484,
    42.379097642
  ],
  ""type"": ""Point""
}",-83.034167484,42.379097642
9396,1397560,GRATIOT,HEIDELBERG,2018-06-11,11,6,2018,17,2,5,3,,1,0,Asphalt,1,1,1,35,6,3,2,4,0,0,0,1,false,false,false,false,false,false,false,false,false,true,false,false,false,false,false,false,false,false,false,false,false,false,-83.02998,42.35566,"{
  ""coordinates"": [
    -8.302998542304850e+01,
    4.235565377366950e+01
  ],
  ""type"": ""Point""
}","{
  ""coordinates"": [
    -83.029985423,
    42.355653774
  ],
  ""type"": ""Point""
}",-83.029985423,42.3556537740001
9397,1396744,MICHIGAN,GRAND,2018-06-11,11,6,2018,12,2,4,2,,1,0,Asphalt,1,1,1,35,8,2,2,4,0,0,0,1,false,false,true,true,false,false,false,false,false,false,false,false,false,true,false,false,false,false,false,false,false,false,-83.09543,42.33134,"{
  ""coordinates"": [
    -8.309543048971170e+01,
    4.233134143664000e+01
  ],
  ""type"": ""Point""
}","{
  ""coordinates"": [
    -83.09543049,
    42.331341437
  ],
  ""type"": ""Point""
}",-83.09543049,42.331341437
9398,1396751,FORT,JUNCTION,2018-06-11,11,6,2018,15,2,5,3,,1,0,Asphalt,1,1,1,30,5,2,1,5,0,0,0,0,true,false,false,false,true,false,false,false,false,false,false,false,false,false,true,false,false,false,false,false,false,false,-83.09602,42.30977,"{
  ""coordinates"": [
    -8.309601596044530e+01,
    4.230977162548340e+01
  ],
  ""type"": ""Point""
}","{
  ""coordinates"": [
    -83.09601596,
    42.309771625
  ],
  ""type"": ""Point""
}",-83.09601596,42.3097716250001
9399,1396739,HUBBELL,INTERVALE,2018-06-11,11,6,2018,0,2,4,9,,4,0,Asphalt,1,1,4,30,2,2,3,4,0,0,0,3,false,false,false,false,true,false,false,false,false,false,false,false,false,false,true,false,false,false,false,false,false,false,-83.18847,42.39085,"{
  ""coordinates"": [
    -8.318846803112601e+01,
    4.239084968742710e+01
  ],
  ""type"": ""Point""
}","{
  ""coordinates"": [
    -83.188468031,
    42.390849687
  ],
  ""type"": ""Point""
}",-83.188468031,42.3908496870001
9400,1396756,LIVERNOIS,I 94,2018-06-11,11,6,2018,8,2,5,1,,4,0,Concrete,1,1,1,35,2,2,2,5,0,0,0,0,true,false,false,false,false,false,false,false,false,false,false,false,false,false,false,false,false,false,false,false,false,false,-83.12486,42.33734,"{
  ""coordinates"": [
    -8.312486562368930e+01,
    4.233733861570090e+01
  ],
  ""type"": ""Point""
}","{
  ""coordinates"": [
    -83.124865624,
    42.337338616
  ],
  ""type"": ""Point""
}",-83.1248656239999,42.3373386160001
9401,1406769,I-94,OUTER,2018-06-11,11,6,2018,10,2,5,1,,1,0,Asphalt,1,1,1,55,3,4,4,3,0,0,1,2,false,false,false,false,false,false,false,false,false,false,true,false,false,false,false,false,false,false,false,false,false,false,-82.95955,42.40529,"{
  ""coordinates"": [
    -8.295954967134470e+01,
    4.240528992695530e+01
  ],
  ""type"": ""Point""
}","{
  ""coordinates"": [
    -82.959549671,
    42.405289927
  ],
  ""type"": ""Point""
}",-82.9595496709999,42.4052899270001
9402,1400748,W I 96,W/E SCHOOLCRAFT CROSSOVER,2018-06-11,11,6,2018,13,2,8,1,,1,0,Concrete,1,1,1,55,3,2,4,4,0,0,0,3,false,false,false,false,false,false,false,false,false,false,false,false,false,false,false,false,false,false,false,false,false,false,-83.25603,42.38562,"{
  ""coordinates"": [
    -8.325603334116030e+01,
    4.238561477893950e+01
  ],
  ""type"": ""Point""
}","{
  ""coordinates"": [
    -83.256033341,
    42.385614779
  ],
  ""type"": ""Point""
}",-83.256033341,42.385614779
9403,1396754,JOHN KRONK,LONYO,2018-06-11,11,6,2018,15,2,97,9,,4,0,Asphalt,1,1,1,30,2,2,2,5,0,0,0,0,true,false,false,false,false,false,false,false,false,false,false,false,false,false,false,false,false,false,false,false,false,false,-83.13772,42.3211,"{
  ""coordinates"": [
    -8.313772091143581e+01,
    4.232110399702050e+01
  ],
  ""type"": ""Point""
}","{
  ""coordinates"": [
    -83.137720911,
    42.321103997
  ],
  ""type"": ""Point""
}",-83.137720911,42.3211039970001
9404,1398468,JEFFERSON,MCDOUGALL,2018-06-11,11,6,2018,15,2,5,9,,4,0,Asphalt,1,1,1,,7,2,2,5,0,0,0,0,true,false,false,false,false,false,false,false,false,false,false,false,false,false,false,false,false,false,false,false,false,false,-83.01647,42.3409,"{
  ""coordinates"": [
    -8.301647281338150e+01,
    4.234089845274750e+01
  ],
  ""type"": ""Point""
}","{
  ""coordinates"": [
    -83.016472813,
    42.340898453
  ],
  ""type"": ""Point""
}",-83.016472813,42.3408984530001
9405,1401972,BURT,VERNE,2018-06-11,11,6,2018,3,2,5,9,,4,0,Asphalt,1,1,4,35,1,2,0,5,0,0,0,0,true,false,false,false,true,false,false,false,false,false,false,false,false,false,false,false,false,false,false,false,false,false,-83.24761,42.41163,"{
  ""coordinates"": [
    -8.324760851238750e+01,
    4.241163361899270e+01
  ],
  ""type"": ""Point""
}","{
  ""coordinates"": [
    -83.247608512,
    42.411633619
  ],
  ""type"": ""Point""
}",-83.2476085119999,42.411633619
9406,1400745,I-94,I-75,2018-06-11,11,6,2018,12,2,5,1,,1,0,Asphalt,1,1,1,55,3,2,2,5,0,0,0,0,true,false,false,false,false,false,false,false,false,false,false,false,false,false,false,false,false,false,false,false,false,false,-83.0415,42.37625,"{
  ""coordinates"": [
    -8.304149387406090e+01,
    4.237624862689380e+01
  ],
  ""type"": ""Point""
}","{
  ""coordinates"": [
    -83.041493874,
    42.376248627
  ],
  ""type"": ""Point""
}",-83.041493874,42.3762486270001
9407,1399405,HARPER,KENSINGTON,2018-06-11,11,6,2018,18,2,4,9,,4,0,Asphalt,1,1,1,30,2,2,1,5,0,0,0,0,true,false,false,false,true,false,false,false,false,false,false,false,false,false,false,false,false,false,false,false,false,false,-82.94131,42.41325,"{
  ""coordinates"": [
    -8.294131808312660e+01,
    4.241324748757570e+01
  ],
  ""type"": ""Point""
}","{
  ""coordinates"": [
    -82.941318083,
    42.413247488
  ],
  ""type"": ""Point""
}",-82.9413180829999,42.413247488
9408,1396771,MT ELLIOTT,HUBER,2018-06-11,11,6,2018,8,2,5,9,,4,0,Asphalt,1,1,1,30,4,2,2,5,0,0,0,0,true,false,false,false,false,false,false,false,false,false,false,false,false,false,false,false,false,false,false,false,false,false,-83.03759,42.39769,"{
  ""coordinates"": [
    -8.303759124745621e+01,
    4.239768481071770e+01
  ],
  ""type"": ""Point""
}","{
  ""coordinates"": [
    -83.037591247,
    42.397684811
  ],
  ""type"": ""Point""
}",-83.037591247,42.397684811
9409,1397500,E I 96,CSX TRANSPORTATION,2018-06-11,11,6,2018,15,2,5,1,,1,0,Concrete,1,1,1,70,4,2,5,4,0,0,0,5,false,false,false,false,false,false,false,false,false,false,false,false,false,false,false,false,false,false,false,false,false,false,-83.19055,42.37962,"{
  ""coordinates"": [
    -8.319055314787050e+01,
    4.237961526708000e+01
  ],
  ""type"": ""Point""
}","{
  ""coordinates"": [
    -83.190553148,
    42.379615267
  ],
  ""type"": ""Point""
}",-83.1905531479999,42.3796152670001
9410,1398448,2ND,I 75 SERVICE,2018-06-11,11,6,2018,9,2,8,9,,4,0,Asphalt,1,1,1,25,2,2,2,5,0,0,0,0,true,false,false,false,false,false,false,false,false,false,false,false,false,false,false,false,true,false,false,false,false,false,-83.05831,42.33669,"{
  ""coordinates"": [
    -8.305831128289260e+01,
    4.233668733418550e+01
  ],
  ""type"": ""Point""
}","{
  ""coordinates"": [
    -83.058311283,
    42.336687334
  ],
  ""type"": ""Point""
}",-83.058311283,42.336687334
9411,1396745,S I 75,GRAND,2018-06-11,11,6,2018,2,2,4,1,,1,0,Asphalt,1,1,4,30,3,2,2,5,0,0,0,0,true,false,false,false,true,false,false,false,false,false,false,false,false,false,false,false,false,false,false,false,false,false,-83.08459,42.31647,"{
  ""coordinates"": [
    -8.308459395869760e+01,
    4.231646704658530e+01
  ],
  ""type"": ""Point""
}","{
  ""coordinates"": [
    -83.084593959,
    42.316467047
  ],
  ""type"": ""Point""
}",-83.084593959,42.3164670470001
9412,1396777,LIVERNOIS,CURTIS,2018-06-11,11,6,2018,7,2,5,9,,4,0,Asphalt,1,1,1,30,2,2,4,5,0,0,0,0,true,false,false,false,false,false,false,false,false,false,false,false,false,false,false,false,false,false,false,false,false,false,-83.14128,42.42435,"{
  ""coordinates"": [
    -8.314127840116700e+01,
    4.242434819003490e+01
  ],
  ""type"": ""Point""
}","{
  ""coordinates"": [
    -83.141278401,
    42.42434819
  ],
  ""type"": ""Point""
}",-83.141278401,42.42434819
9413,1411654,DAVISON,I 96,2018-06-11,11,6,2018,19,2,8,3,,1,0,Asphalt,1,1,1,55,3,2,3,5,0,0,0,0,true,false,false,false,true,false,false,false,false,false,false,false,false,false,false,false,false,false,false,false,false,false,-83.13763,42.38716,"{
  ""coordinates"": [
    -8.313762783506320e+01,
    4.238716301480140e+01
  ],
  ""type"": ""Point""
}","{
  ""coordinates"": [
    -83.137627835,
    42.387163015
  ],
  ""type"": ""Point""
}",-83.137627835,42.3871630150001
9414,1396781,7 MILE,SCHAEFER,2018-06-11,11,6,2018,10,2,5,9,,2,0,Asphalt,1,1,1,35,4,2,1,5,0,0,0,0,true,false,false,false,true,false,false,false,false,false,false,false,false,false,false,false,false,false,false,false,false,false,-83.18039,42.43108,"{
  ""coordinates"": [
    -8.318038862321760e+01,
    4.243108034809950e+01
  ],
  ""type"": ""Point""
}","{
  ""coordinates"": [
    -83.180388623,
    42.431080348
  ],
  ""type"": ""Point""
}",-83.1803886229999,42.4310803480001
9415,1399396,EASTBURN,GRATIOT,2018-06-11,11,6,2018,9,2,8,3,,,0,,1,1,1,25,2,2,0,5,0,0,0,0,true,false,false,false,true,false,false,false,false,false,false,false,false,false,false,false,false,false,false,false,false,false,-82.97072,42.44525,"{
  ""coordinates"": [
    -8.297071948317620e+01,
    4.244524852409270e+01
  ],
  ""type"": ""Point""
}","{
  ""coordinates"": [
    -82.970719483,
    42.445248524
  ],
  ""type"": ""Point""
}",-82.970719483,42.4452485240001
9416,1403080,N M 10,GLENDALE,2018-06-11,11,6,2018,18,2,98,3,,1,0,Concrete,1,1,1,55,4,1,1,5,0,0,0,0,true,false,false,false,false,false,false,false,false,false,false,false,false,false,false,false,false,false,false,false,false,false,-83.10719,42.39485,"{
  ""coordinates"": [
    -8.310718754784800e+01,
    4.239485139403400e+01
  ],
  ""type"": ""Point""
}","{
  ""coordinates"": [
    -83.107187548,
    42.394851394
  ],
  ""type"": ""Point""
}",-83.107187548,42.3948513940001
9417,1397518,I 96,WYOMING,2018-06-10,10,6,2018,23,1,8,1,,1,0,Concrete,1,1,4,70,2,2,1,3,0,0,1,0,false,false,false,false,true,false,false,false,false,false,false,false,false,false,false,false,false,false,false,false,false,false,-83.15889,42.38542,"{
  ""coordinates"": [
    -8.315888862306960e+01,
    4.238542239823920e+01
  ],
  ""type"": ""Point""
}","{
  ""coordinates"": [
    -83.158888623,
    42.385422398
  ],
  ""type"": ""Point""
}",-83.1588886229999,42.3854223980001
9418,1395682,STOUT,PICKFORD,2018-06-10,10,6,2018,8,1,5,9,,,0,,1,1,98,25,2,2,0,5,0,0,0,0,true,false,false,false,true,false,false,false,false,false,false,false,false,false,false,false,false,false,false,false,false,false,-83.24285,42.42459,"{
  ""coordinates"": [
    -8.324285432517490e+01,
    4.242459204896880e+01
  ],
  ""type"": ""Point""
}","{
  ""coordinates"": [
    -83.242854325,
    42.424592049
  ],
  ""type"": ""Point""
}",-83.2428543249999,42.4245920490001
9419,1395713,CANIFF,BUFFALO,2018-06-10,10,6,2018,7,1,8,9,,4,0,Asphalt,1,1,1,25,4,3,1,5,0,0,0,0,true,false,false,false,false,false,false,false,false,false,false,true,false,false,false,false,false,false,false,false,false,false,-83.04701,42.40455,"{
  ""coordinates"": [
    -8.304701514735800e+01,
    4.240455017611080e+01
  ],
  ""type"": ""Point""
}","{
  ""coordinates"": [
    -83.047015147,
    42.404550176
  ],
  ""type"": ""Point""
}",-83.047015147,42.404550176
9420,1396768,7 MILE,LAHSER,2018-06-10,10,6,2018,23,1,4,9,,2,0,Asphalt,1,1,4,35,5,2,2,5,0,0,0,0,true,false,false,false,true,false,false,false,false,false,false,false,false,false,false,false,false,false,false,false,false,false,-83.25884,42.42912,"{
  ""coordinates"": [
    -8.325884512718660e+01,
    4.242911591247790e+01
  ],
  ""type"": ""Point""
}","{
  ""coordinates"": [
    -83.258845127,
    42.429115912
  ],
  ""type"": ""Point""
}",-83.258845127,42.429115912
9421,1399384,FRANKFORT,DICKERSON,2018-06-10,10,6,2018,1,1,4,9,,,0,,1,1,4,35,2,2,2,4,0,0,0,1,false,false,true,false,false,false,false,false,false,false,false,false,false,false,false,false,false,false,false,false,false,false,-82.96816,42.39403,"{
  ""coordinates"": [
    -8.296815907803180e+01,
    4.239403297938240e+01
  ],
  ""type"": ""Point""
}","{
  ""coordinates"": [
    -82.968159078,
    42.394032979
  ],
  ""type"": ""Point""
}",-82.968159078,42.394032979