ObjectId,Crash ID,Primary Road,Intersecting Road,Crash Date,Day,Month,Year,Hour,Weekday,Crash Type Code,Highway Classification Code,Community Code,Jurisdiction Code,Lane Departure Type Code,Surface Type,Road Condition,Weather Condition,Lighting Condition,Speed Limit,Lanes,Units,Occupants,Most Severe Injury,Fatal Injuries,Suspected Serious Injuries,Suspected Minor Injuries,Possible Injuries,Property Damage Only,Secondary Crash,Traffic Control,Red Light Run,Hit and Run,Alcohol,Drugs,Unbelted Person,Work Zone,Speeding Driver,Distracted Driver,Driveway,Pedestrian,Elderly Driver,Young Driver,Commercial Vehicle,Emergency Vehicles,Train,School Bus,Motorcycle,Bicycle,Deer,Longitude,Latitude,geom,geog,x,y
9476,1394625,VAN DYKE,OUTER,2018-06-09,9,6,2018,1,7,4,3,,1,0,Asphalt,1,1,1,45,4,2,4,3,0,0,1,0,false,false,true,true,true,false,false,false,false,false,false,false,false,false,false,false,false,false,false,false,false,false,-83.0245,42.44128,"{
  ""coordinates"": [
    -8.302449860465950e+01,
    4.244127950358210e+01
  ],
  ""type"": ""Point""
}","{
  ""coordinates"": [
    -83.024498605,
    42.441279504
  ],
  ""type"": ""Point""
}",-83.024498605,42.4412795040001
9477,1407811,JEFFERSON,RANDOLPH,2018-06-09,9,6,2018,13,7,4,3,,1,0,Asphalt,1,1,1,30,4,2,1,5,0,0,0,0,true,false,false,false,false,false,false,false,false,false,false,false,false,false,false,false,false,false,false,false,false,false,-83.04218,42.32988,"{
  ""coordinates"": [
    -8.304217720808640e+01,
    4.232987722141760e+01
  ],
  ""type"": ""Point""
}","{
  ""coordinates"": [
    -83.042177208,
    42.329877221
  ],
  ""type"": ""Point""
}",-83.0421772079999,42.3298772210001
9478,1394613,BROCK,7 MILE,2018-06-09,9,6,2018,14,7,4,9,,,0,,2,4,1,30,5,2,2,4,0,0,0,2,false,false,false,false,true,false,false,false,false,false,false,false,false,false,true,false,false,false,false,false,false,false,-82.96307,42.4355,"{
  ""coordinates"": [
    -8.296306935179651e+01,
    4.243549573576000e+01
  ],
  ""type"": ""Point""
}","{
  ""coordinates"": [
    -82.963069352,
    42.435495736
  ],
  ""type"": ""Point""
}",-82.9630693519999,42.4354957360001
9479,1395672,CARLIN,TIREMAN,2018-06-09,9,6,2018,11,7,8,9,,,0,,1,1,1,25,1,2,0,5,0,0,0,0,true,false,false,false,false,false,false,false,false,false,false,true,false,false,false,false,false,false,false,false,false,false,-83.17838,42.35133,"{
  ""coordinates"": [
    -8.317838312518560e+01,
    4.235133059789820e+01
  ],
  ""type"": ""Point""
}","{
  ""coordinates"": [
    -83.178383125,
    42.351330598
  ],
  ""type"": ""Point""
}",-83.178383125,42.3513305980001
9480,1394595,EVERGREEN,PURITAN,2018-06-09,9,6,2018,10,7,4,9,,4,0,Asphalt,2,4,1,35,4,2,2,4,0,0,0,1,false,false,false,false,false,false,false,false,false,false,false,false,false,false,false,false,false,false,false,false,false,false,-83.23774,42.40789,"{
  ""coordinates"": [
    -8.323774270508710e+01,
    4.240789576198860e+01
  ],
  ""type"": ""Point""
}","{
  ""coordinates"": [
    -83.237742705,
    42.407895762
  ],
  ""type"": ""Point""
}",-83.237742705,42.4078957620001
9481,1399341,HARPER,MOUNT ELLIOTT,2018-06-09,9,6,2018,12,7,8,1,,4,0,Asphalt,1,1,1,25,2,2,2,5,0,0,0,0,true,false,false,false,false,false,false,false,false,false,false,false,false,false,false,true,false,false,false,false,false,false,-83.03429,42.3796,"{
  ""coordinates"": [
    -8.303428678624940e+01,
    4.237960517591970e+01
  ],
  ""type"": ""Point""
}","{
  ""coordinates"": [
    -83.034286786,
    42.379605176
  ],
  ""type"": ""Point""
}",-83.0342867859999,42.379605176
9482,1396736,RIOPELLE,DIVISION,2018-06-09,9,6,2018,15,7,8,9,,,0,,2,4,1,25,2,2,3,5,0,0,0,0,true,false,false,false,false,false,false,false,false,false,false,false,false,true,false,false,false,false,false,false,false,false,-83.03953,42.34785,"{
  ""coordinates"": [
    -8.303953143913920e+01,
    4.234785469074200e+01
  ],
  ""type"": ""Point""
}","{
  ""coordinates"": [
    -83.039531439,
    42.347854691
  ],
  ""type"": ""Point""
}",-83.039531439,42.3478546910001
9483,1410535,S/B M-10,M-8,2018-06-09,9,6,2018,0,7,8,3,,1,0,Concrete,1,1,4,55,3,2,4,4,0,0,0,2,false,false,false,false,false,false,false,false,false,false,false,false,false,false,false,false,false,false,false,false,false,false,-83.12202,42.40478,"{
  ""coordinates"": [
    -8.312202448681060e+01,
    4.240477639076870e+01
  ],
  ""type"": ""Point""
}","{
  ""coordinates"": [
    -83.122024487,
    42.404776391
  ],
  ""type"": ""Point""
}",-83.122024487,42.404776391
9484,1399391,W M 1 SERVICE DRIVE,WINCHESTER,2018-06-09,9,6,2018,14,7,5,3,,1,0,Asphalt,1,1,1,35,2,2,3,5,0,0,0,0,true,false,false,false,true,false,false,false,false,false,false,false,false,false,false,false,false,false,false,false,false,false,-83.12294,42.44397,"{
  ""coordinates"": [
    -8.312294343333740e+01,
    4.244396865331900e+01
  ],
  ""type"": ""Point""
}","{
  ""coordinates"": [
    -83.122943433,
    42.443968653
  ],
  ""type"": ""Point""
}",-83.122943433,42.4439686530001
9485,1394635,SORRENTO,FENKELL,2018-06-09,9,6,2018,20,7,1,9,,,1,,1,2,1,35,4,1,1,1,1,0,0,0,false,false,false,false,false,true,true,true,false,true,false,false,false,false,false,false,false,false,false,false,false,false,-83.17253,42.40216,"{
  ""coordinates"": [
    -8.317252978666750e+01,
    4.240215813675760e+01
  ],
  ""type"": ""Point""
}","{
  ""coordinates"": [
    -83.172529787,
    42.402158137
  ],
  ""type"": ""Point""
}",-83.172529787,42.4021581370001
9486,1394612,NEVADA,MOUND,2018-06-09,9,6,2018,18,7,5,9,,4,0,Asphalt,1,2,1,35,2,2,4,5,0,0,0,0,true,false,false,false,true,false,false,false,false,false,false,false,false,false,false,false,false,false,false,false,false,false,-83.0434,42.42629,"{
  ""coordinates"": [
    -8.304340434309240e+01,
    4.242629144641800e+01
  ],
  ""type"": ""Point""
}","{
  ""coordinates"": [
    -83.043404343,
    42.426291446
  ],
  ""type"": ""Point""
}",-83.043404343,42.4262914460001
9487,1396742,WOODWARD,GRATIOT,2018-06-09,9,6,2018,15,7,1,9,,4,0,Concrete,2,4,1,25,4,2,3,5,0,0,0,0,true,false,false,false,false,false,false,false,false,false,false,false,false,false,true,false,false,true,false,false,false,false,-83.04781,42.33289,"{
  ""coordinates"": [
    -8.304780792351620e+01,
    4.233289075400230e+01
  ],
  ""type"": ""Point""
}","{
  ""coordinates"": [
    -83.047807924,
    42.332890754
  ],
  ""type"": ""Point""
}",-83.047807924,42.3328907540001
9488,1396723,E I 96,CSX TRANSPORTATION,2018-06-09,9,6,2018,14,7,1,1,,1,1,Concrete,1,2,1,70,4,1,1,4,0,0,0,1,false,false,false,false,false,false,false,false,false,true,false,false,false,false,false,false,false,false,false,false,false,false,-83.18929,42.38008,"{
  ""coordinates"": [
    -8.318928276155749e+01,
    4.238007640592980e+01
  ],
  ""type"": ""Point""
}","{
  ""coordinates"": [
    -83.189282762,
    42.380076406
  ],
  ""type"": ""Point""
}",-83.1892827619999,42.3800764060001
9489,1394608,OUTER,DEQUINDRE,2018-06-09,9,6,2018,2,7,8,9,,2,0,Asphalt,1,1,4,35,2,2,0,5,0,0,0,0,true,false,false,false,true,false,false,false,false,false,false,false,false,false,false,false,false,false,false,false,false,false,-83.08266,42.4402,"{
  ""coordinates"": [
    -8.308266203117260e+01,
    4.244020162643640e+01
  ],
  ""type"": ""Point""
}","{
  ""coordinates"": [
    -83.082662031,
    42.440201626
  ],
  ""type"": ""Point""
}",-83.082662031,42.440201626
9490,1394590,MCNICHOLS,KENTFIELD,2018-06-09,9,6,2018,19,7,97,9,,2,0,Asphalt,1,1,1,30,4,3,3,5,0,0,0,0,true,false,true,false,false,false,false,false,false,false,false,false,false,false,false,false,false,false,false,false,false,false,-83.24099,42.4151,"{
  ""coordinates"": [
    -8.324098662757361e+01,
    4.241510371760660e+01
  ],
  ""type"": ""Point""
}","{
  ""coordinates"": [
    -83.240986628,
    42.415103718
  ],
  ""type"": ""Point""
}",-83.240986628,42.4151037180001
9491,1400774,RAMP 044B,N I 75 SERVICE DRIVE,2018-06-09,9,6,2018,13,7,5,1,,1,0,Asphalt,1,1,1,70,4,2,2,4,0,0,0,1,false,false,false,false,false,false,false,false,false,false,true,false,false,false,false,false,false,false,false,false,false,false,-83.05428,42.3621,"{
  ""coordinates"": [
    -8.305427315904750e+01,
    4.236209781172130e+01
  ],
  ""type"": ""Point""
}","{
  ""coordinates"": [
    -83.054273159,
    42.362097812
  ],
  ""type"": ""Point""
}",-83.054273159,42.3620978120001
9492,1394626,NEVADA,MOENART,2018-06-09,9,6,2018,14,7,1,9,,4,0,Asphalt,2,1,1,30,4,1,1,5,0,0,0,0,true,false,false,false,false,false,false,false,false,true,false,false,false,false,false,false,false,false,false,false,false,false,-83.05023,42.42615,"{
  ""coordinates"": [
    -8.305022849881310e+01,
    4.242614927229220e+01
  ],
  ""type"": ""Point""
}","{
  ""coordinates"": [
    -83.050228499,
    42.426149272
  ],
  ""type"": ""Point""
}",-83.050228499,42.426149272
9493,1394592,EVERGREEN,PEMBROKE,2018-06-09,9,6,2018,18,7,97,9,,4,0,Asphalt,2,1,1,30,1,1,1,5,0,0,0,0,true,false,false,false,true,false,false,false,false,false,false,false,false,false,false,false,false,false,false,false,false,false,-83.23914,42.4367,"{
  ""coordinates"": [
    -8.323913365286280e+01,
    4.243670357895690e+01
  ],
  ""type"": ""Point""
}","{
  ""coordinates"": [
    -83.239133653,
    42.436703579
  ],
  ""type"": ""Point""
}",-83.239133653,42.436703579
9494,1422992,I94,I96,2018-06-09,9,6,2018,15,7,5,1,,1,0,Asphalt,2,4,1,55,3,2,4,4,0,0,0,1,false,false,false,false,false,false,false,true,false,false,false,false,false,false,false,true,false,false,false,false,false,false,-83.08128,42.35616,"{
  ""coordinates"": [
    -8.308127267426850e+01,
    4.235615464840510e+01
  ],
  ""type"": ""Point""
}","{
  ""coordinates"": [
    -83.081272674,
    42.356154648
  ],
  ""type"": ""Point""
}",-83.081272674,42.356154648
9495,1395659,EPWORTH,VANCOUVER,2018-06-09,9,6,2018,18,7,6,9,,4,0,Asphalt,1,1,1,30,2,2,6,5,0,0,0,0,true,false,false,false,false,false,false,false,false,false,true,false,false,false,true,false,false,false,false,false,false,false,-83.13152,42.35439,"{
  ""coordinates"": [
    -8.313151285942151e+01,
    4.235438387233770e+01
  ],
  ""type"": ""Point""
}","{
  ""coordinates"": [
    -83.131512859,
    42.354383872
  ],
  ""type"": ""Point""
}",-83.1315128589999,42.354383872
9496,1396762,GRATIOT,HARPER,2018-06-09,9,6,2018,15,7,2,3,,1,0,Asphalt,2,4,1,35,4,2,2,5,0,0,0,0,true,false,false,false,true,false,false,false,false,false,false,false,false,false,true,false,false,false,false,false,false,false,-83.00517,42.39323,"{
  ""coordinates"": [
    -8.300516742903810e+01,
    4.239322781960190e+01
  ],
  ""type"": ""Point""
}","{
  ""coordinates"": [
    -83.005167429,
    42.39322782
  ],
  ""type"": ""Point""
}",-83.005167429,42.39322782
9497,1394633,JOHN R,DAKOTA,2018-06-09,9,6,2018,7,7,1,9,,4,0,Asphalt,2,4,2,30,2,1,0,5,0,0,0,0,true,false,false,false,true,false,false,false,false,false,false,false,false,false,false,false,false,false,false,false,false,false,-83.10191,42.42029,"{
  ""coordinates"": [
    -8.310190400223460e+01,
    4.242029043067750e+01
  ],
  ""type"": ""Point""
}","{
  ""coordinates"": [
    -83.101904002,
    42.420290431
  ],
  ""type"": ""Point""
}",-83.101904002,42.4202904310001
9498,1394610,CHALMERS,HOUSTON WHITTIER,2018-06-09,9,6,2018,22,7,3,9,,4,0,Asphalt,1,1,4,30,2,2,2,4,0,0,0,2,false,true,false,false,false,false,false,false,false,false,false,false,false,false,false,false,false,false,false,false,false,false,-82.97482,42.42066,"{
  ""coordinates"": [
    -8.297482104234430e+01,
    4.242065836639670e+01
  ],
  ""type"": ""Point""
}","{
  ""coordinates"": [
    -82.974821042,
    42.420658366
  ],
  ""type"": ""Point""
}",-82.974821042,42.4206583660001
9499,1399368,CENTRAL,MICHIGAN,2018-06-09,9,6,2018,3,7,1,2,,4,0,Asphalt,1,1,4,25,2,2,0,1,1,0,0,0,false,false,false,false,true,false,true,false,false,true,false,false,true,false,false,false,false,false,false,false,false,false,-83.1376,42.33114,"{
  ""coordinates"": [
    -8.313760357218960e+01,
    4.233113716666230e+01
  ],
  ""type"": ""Point""
}","{
  ""coordinates"": [
    -83.137603572,
    42.331137167
  ],
  ""type"": ""Point""
}",-83.137603572,42.3311371670001
9500,1406845,GRATIOT,BELLEVUE,2018-06-09,9,6,2018,2,7,1,3,,1,0,Asphalt,1,1,4,35,3,1,1,3,0,0,1,0,false,false,false,false,false,false,false,false,false,false,false,false,false,false,false,false,false,false,false,true,false,false,-83.02143,42.36865,"{
  ""coordinates"": [
    -8.302143153499669e+01,
    4.236865144384070e+01
  ],
  ""type"": ""Point""
}","{
  ""coordinates"": [
    -83.021431535,
    42.368651444
  ],
  ""type"": ""Point""
}",-83.021431535,42.3686514440001
9501,1395718,PURITAN,MEYERS,2018-06-09,9,6,2018,17,7,5,9,,4,0,Asphalt,1,1,1,30,2,4,7,4,0,0,0,5,false,false,false,false,false,false,false,false,false,false,true,false,false,false,true,false,false,false,false,false,false,false,-83.16972,42.40953,"{
  ""coordinates"": [
    -8.316972315436580e+01,
    4.240953562534430e+01
  ],
  ""type"": ""Point""
}","{
  ""coordinates"": [
    -83.169723154,
    42.409535625
  ],
  ""type"": ""Point""
}",-83.1697231539999,42.409535625
9502,1394597,BILTMORE,SANTA MARIA,2018-06-09,9,6,2018,0,7,1,9,,,1,,1,1,4,25,2,1,3,4,0,0,0,2,false,false,false,false,false,false,false,false,false,true,false,false,false,false,true,false,false,false,false,false,false,false,-83.21105,42.41713,"{
  ""coordinates"": [
    -8.321105559184440e+01,
    4.241712888949450e+01
  ],
  ""type"": ""Point""
}","{
  ""coordinates"": [
    -83.211055592,
    42.417128889
  ],
  ""type"": ""Point""
}",-83.211055592,42.417128889
9503,1394617,FENKELL,MEYERS,2018-06-09,9,6,2018,10,7,4,9,,2,0,Asphalt,2,4,1,30,4,2,3,5,0,0,0,0,true,false,true,true,false,false,false,false,false,false,false,false,false,false,false,false,false,false,false,false,false,false,-83.1694,42.40223,"{
  ""coordinates"": [
    -8.316940170851809e+01,
    4.240222940666750e+01
  ],
  ""type"": ""Point""
}","{
  ""coordinates"": [
    -83.169401709,
    42.402229407
  ],
  ""type"": ""Point""
}",-83.1694017089999,42.402229407
9504,1395670,WOODWARD,CUSTER,2018-06-09,9,6,2018,20,7,5,3,,1,0,Asphalt,2,1,1,35,3,2,2,5,0,0,0,0,true,false,false,false,false,false,false,false,false,false,true,false,false,false,false,false,false,false,false,false,false,false,-83.07442,42.37193,"{
  ""coordinates"": [
    -8.307441510634099e+01,
    4.237193453224600e+01
  ],
  ""type"": ""Point""
}","{
  ""coordinates"": [
    -83.074415106,
    42.371934532
  ],
  ""type"": ""Point""
}",-83.0744151059999,42.3719345320001
9505,1394611,HOOVER,MCNICHOLS,2018-06-09,9,6,2018,16,7,8,9,,4,0,Asphalt,1,2,1,30,2,2,3,5,0,0,0,0,true,false,false,false,true,false,false,false,false,false,false,false,false,false,true,false,false,false,false,false,false,false,-83.00402,42.42008,"{
  ""coordinates"": [
    -8.300402387583409e+01,
    4.242008097484430e+01
  ],
  ""type"": ""Point""
}","{
  ""coordinates"": [
    -83.004023876,
    42.420080975
  ],
  ""type"": ""Point""
}",-83.004023876,42.4200809750001
9506,1455905,SOUTHFIELD SERVICE,OUTER,2018-06-09,9,6,2018,22,7,4,3,,1,0,Concrete,1,1,4,35,4,2,1,5,0,0,0,0,true,false,true,true,true,false,false,false,false,false,false,false,false,false,false,false,false,false,false,false,false,false,-83.21882,42.41914,"{
  ""coordinates"": [
    -8.321882224597590e+01,
    4.241913887229580e+01
  ],
  ""type"": ""Point""
}","{
  ""coordinates"": [
    -83.218822246,
    42.419138872
  ],
  ""type"": ""Point""
}",-83.2188222459999,42.4191388720001
9507,1394591,MCNICHOLS,WINTHROP,2018-06-09,9,6,2018,1,7,97,9,,2,0,Asphalt,1,1,4,35,4,2,0,4,0,0,0,1,false,false,false,false,true,false,false,false,false,false,false,false,true,false,false,false,false,false,false,false,false,false,-83.20075,42.41594,"{
  ""coordinates"": [
    -8.320075294795770e+01,
    4.241594420550650e+01
  ],
  ""type"": ""Point""
}","{
  ""coordinates"": [
    -83.200752948,
    42.415944206
  ],
  ""type"": ""Point""
}",-83.2007529479999,42.4159442060001
9508,1395664,STATE,WASHINGTON,2018-06-09,9,6,2018,18,7,8,3,,1,0,Asphalt,1,1,1,30,2,2,3,5,0,0,0,0,true,false,false,false,true,false,false,false,false,false,false,false,false,true,false,false,false,false,false,false,false,false,-83.04984,42.32967,"{
  ""coordinates"": [
    -8.304983872728241e+01,
    4.232966707092580e+01
  ],
  ""type"": ""Point""
}","{
  ""coordinates"": [
    -83.049838727,
    42.329667071
  ],
  ""type"": ""Point""
}",-83.049838727,42.3296670710001
9509,1394627,8 MILE,GALLAGHER,2018-06-09,9,6,2018,2,7,5,3,,1,0,Asphalt,1,1,4,40,4,2,2,4,0,0,0,2,false,false,false,false,false,false,false,false,false,false,false,false,false,false,false,false,false,false,false,false,false,false,-83.07104,42.44717,"{
  ""coordinates"": [
    -8.307104565888940e+01,
    4.244717495264510e+01
  ],
  ""type"": ""Point""
}","{
  ""coordinates"": [
    -83.071045659,
    42.447174953
  ],
  ""type"": ""Point""
}",-83.0710456589999,42.4471749530001
9510,1396726,I 75 S/B,MCNICHOLS,2018-06-09,9,6,2018,15,7,5,1,,1,0,Asphalt,2,4,1,70,5,2,5,5,0,0,0,0,true,false,false,false,false,false,false,false,false,false,false,false,false,false,false,false,false,false,false,false,false,false,-83.08642,42.41623,"{
  ""coordinates"": [
    -8.308641741357970e+01,
    4.241623064220420e+01
  ],
  ""type"": ""Point""
}","{
  ""coordinates"": [
    -83.086417414,
    42.416230642
  ],
  ""type"": ""Point""
}",-83.086417414,42.4162306420001
9511,1395680,GRATIOT,HOLCOMB,2018-06-09,9,6,2018,23,7,4,3,,1,0,Asphalt,1,1,4,35,7,2,1,2,0,1,0,0,false,false,false,false,true,false,false,false,false,false,false,false,false,false,false,false,false,false,false,true,false,false,-83.00855,42.3881,"{
  ""coordinates"": [
    -8.300855458650490e+01,
    4.238809985592310e+01
  ],
  ""type"": ""Point""
}","{
  ""coordinates"": [
    -83.008554587,
    42.388099856
  ],
  ""type"": ""Point""
}",-83.0085545869999,42.3880998560001
9512,1394555,LIVERNOIS,FEDERAL,2018-06-09,9,6,2018,15,7,5,9,,4,0,Asphalt,2,4,1,35,4,2,2,4,0,0,0,1,false,false,false,false,false,false,false,false,false,false,false,false,false,true,false,false,false,false,false,false,false,false,-83.11324,42.32134,"{
  ""coordinates"": [
    -8.311323698218651e+01,
    4.232134409799340e+01
  ],
  ""type"": ""Point""
}","{
  ""coordinates"": [
    -83.113236982,
    42.321344098
  ],
  ""type"": ""Point""
}",-83.113236982,42.3213440980001
9513,1395673,MANSFIELD,SANTA MARIA,2018-06-09,9,6,2018,22,7,97,9,,,0,,1,1,4,25,2,2,0,5,0,0,0,0,true,false,false,false,true,false,false,false,false,false,false,false,true,false,false,false,false,false,false,false,false,false,-83.20585,42.41697,"{
  ""coordinates"": [
    -8.320584607447290e+01,
    4.241697361277250e+01
  ],
  ""type"": ""Point""
}","{
  ""coordinates"": [
    -83.205846074,
    42.416973613
  ],
  ""type"": ""Point""
}",-83.205846074,42.416973613
9514,1400760,E I 96,MARTIN LUTHER KING JR,2018-06-09,9,6,2018,11,7,1,1,,1,1,Asphalt,1,1,1,70,4,1,1,5,0,0,0,0,true,false,false,false,false,false,false,false,false,false,false,false,false,false,false,false,false,false,false,false,false,false,-83.0909,42.33635,"{
  ""coordinates"": [
    -8.309089463017600e+01,
    4.233634744605150e+01
  ],
  ""type"": ""Point""
}","{
  ""coordinates"": [
    -83.09089463,
    42.336347446
  ],
  ""type"": ""Point""
}",-83.09089463,42.336347446
9515,1407807,JEFFERSON,BRUSH,2018-06-09,9,6,2018,13,7,5,4,,1,0,Asphalt,1,1,1,25,3,2,5,4,0,0,0,1,false,false,false,false,false,false,false,true,false,false,false,false,false,false,true,false,false,false,false,false,false,false,-83.04092,42.33005,"{
  ""coordinates"": [
    -8.304091462735350e+01,
    4.233005306187740e+01
  ],
  ""type"": ""Point""
}","{
  ""coordinates"": [
    -83.040914627,
    42.330053062
  ],
  ""type"": ""Point""
}",-83.0409146269999,42.330053062
9516,1403939,WOODWARD,PARK,2018-06-09,9,6,2018,23,7,8,9,,4,0,Asphalt,1,1,2,35,2,2,4,4,0,0,0,2,false,false,false,false,false,false,false,false,false,false,false,false,false,false,false,false,false,false,false,false,false,false,-83.05013,42.33586,"{
  ""coordinates"": [
    -8.305012736558569e+01,
    4.233586203693550e+01
  ],
  ""type"": ""Point""
}","{
  ""coordinates"": [
    -83.050127366,
    42.335862037
  ],
  ""type"": ""Point""
}",-83.050127366,42.335862037
9517,1405591,I-96,JOY,2018-06-09,9,6,2018,3,7,8,1,,1,0,Asphalt,1,1,4,55,4,2,3,5,0,0,0,0,true,false,false,false,false,false,false,false,false,false,false,false,false,false,false,false,false,false,false,false,false,false,-83.12691,42.36275,"{
  ""coordinates"": [
    -8.312691111218410e+01,
    4.236275028145120e+01
  ],
  ""type"": ""Point""
}","{
  ""coordinates"": [
    -83.126911112,
    42.362750281
  ],
  ""type"": ""Point""
}",-83.126911112,42.362750281
9518,1394554,VERNOR,FISHER,2018-06-09,9,6,2018,12,7,4,9,,4,0,Asphalt,1,1,1,25,4,2,3,2,0,1,0,2,false,false,true,true,false,false,false,false,false,false,false,false,false,false,true,false,false,false,false,false,false,false,-83.08415,42.32489,"{
  ""coordinates"": [
    -8.308414958246550e+01,
    4.232489420949980e+01
  ],
  ""type"": ""Point""
}","{
  ""coordinates"": [
    -83.084149582,
    42.324894209
  ],
  ""type"": ""Point""
}",-83.084149582,42.324894209
9519,1396773,RUSSELL,8 MILE,2018-06-09,9,6,2018,19,7,8,3,,,0,,1,1,1,25,1,2,2,5,0,0,0,0,true,false,false,false,true,false,false,false,false,false,false,false,false,false,false,false,false,false,false,false,false,false,-83.09122,42.44673,"{
  ""coordinates"": [
    -8.309122065127600e+01,
    4.244672696262810e+01
  ],
  ""type"": ""Point""
}","{
  ""coordinates"": [
    -83.091220651,
    42.446726963
  ],
  ""type"": ""Point""
}",-83.091220651,42.4467269630001
9520,1395716,DAVISON,MONICA,2018-06-09,9,6,2018,11,7,8,3,,1,0,Concrete,2,2,1,,2,2,1,5,0,0,0,0,true,true,false,false,true,false,false,false,true,false,false,false,false,true,false,false,false,false,false,false,false,false,-83.14323,42.38634,"{
  ""coordinates"": [
    -8.314323580010689e+01,
    4.238633788569380e+01
  ],
  ""type"": ""Point""
}","{
  ""coordinates"": [
    -83.1432358,
    42.386337886
  ],
  ""type"": ""Point""
}",-83.1432358,42.386337886
9521,1396763,VAN DYKE,HARPER,2018-06-09,9,6,2018,1,7,5,3,,1,0,Asphalt,1,1,4,35,5,2,5,3,0,0,1,0,false,false,false,false,false,false,false,false,false,false,false,false,false,false,false,true,false,false,false,false,false,false,-83.02145,42.38804,"{
  ""coordinates"": [
    -8.302144511485140e+01,
    4.238804061492690e+01
  ],
  ""type"": ""Point""
}","{
  ""coordinates"": [
    -83.021445115,
    42.388040615
  ],
  ""type"": ""Point""
}",-83.0214451149999,42.3880406150001
9522,1400794,I-94 E/B,VANDYKE,2018-06-09,9,6,2018,2,7,1,1,,1,1,Asphalt,1,1,1,55,3,1,2,4,0,0,0,2,false,false,false,false,false,false,false,false,false,false,false,false,false,false,false,false,false,false,false,false,false,false,-83.02474,42.38508,"{
  ""coordinates"": [
    -8.302474487861760e+01,
    4.238507973789860e+01
  ],
  ""type"": ""Point""
}","{
  ""coordinates"": [
    -83.024744879,
    42.385079738
  ],
  ""type"": ""Point""
}",-83.024744879,42.3850797380001
9523,1400761,I-94,TRUMBULL,2018-06-09,9,6,2018,12,7,1,1,,1,0,Asphalt,1,1,1,55,3,1,1,5,0,0,0,0,true,false,false,false,false,false,false,false,false,false,false,false,false,false,false,false,false,false,false,false,false,false,-83.07354,42.36071,"{
  ""coordinates"": [
    -8.307354106189740e+01,
    4.236071194848090e+01
  ],
  ""type"": ""Point""
}","{
  ""coordinates"": [
    -83.073541062,
    42.360711948
  ],
  ""type"": ""Point""
}",-83.0735410619999,42.3607119480001
9524,1394531,LIVERNOIS,PICKFORD,2018-06-09,9,6,2018,11,7,1,9,,4,1,Asphalt,1,1,1,30,2,1,1,5,0,0,0,0,true,false,false,false,false,false,false,false,false,false,false,false,false,true,false,false,false,false,false,false,false,false,-83.14114,42.42633,"{
  ""coordinates"": [
    -8.314113684325220e+01,
    4.242633028636670e+01
  ],
  ""type"": ""Point""
}","{
  ""coordinates"": [
    -83.141136843,
    42.426330286
  ],
  ""type"": ""Point""
}",-83.141136843,42.4263302860001
9525,1396728,I 94,M 10,2018-06-09,9,6,2018,17,7,5,1,,1,0,Asphalt,2,2,1,55,3,3,5,5,0,0,0,0,true,false,false,false,false,false,false,false,false,false,false,false,false,false,false,false,false,false,false,false,false,false,-83.07563,42.35991,"{
  ""coordinates"": [
    -8.307562726598900e+01,
    4.235990538734430e+01
  ],
  ""type"": ""Point""
}","{
  ""coordinates"": [
    -83.075627266,
    42.359905387
  ],
  ""type"": ""Point""
}",-83.075627266,42.359905387
9526,1396729,I 94,JOHN R,2018-06-09,9,6,2018,16,7,5,1,,1,0,Asphalt,2,2,1,55,3,2,2,5,0,0,0,0,true,false,false,false,false,false,false,false,false,false,false,false,false,false,true,false,false,false,false,false,false,false,-83.06771,42.36415,"{
  ""coordinates"": [
    -8.306771204947511e+01,
    4.236415223168970e+01
  ],
  ""type"": ""Point""
}","{
  ""coordinates"": [
    -83.067712049,
    42.364152232
  ],
  ""type"": ""Point""
}",-83.067712049,42.364152232
9527,1398465,MCCLELLAN,KERCHEVAL,2018-06-09,9,6,2018,23,7,3,9,,4,0,Asphalt,1,1,4,30,2,2,6,5,0,0,0,0,true,false,false,false,true,false,false,false,false,false,false,false,false,false,false,false,false,false,false,false,false,false,-82.98776,42.36323,"{
  ""coordinates"": [
    -8.298776454707451e+01,
    4.236322733978660e+01
  ],
  ""type"": ""Point""
}","{
  ""coordinates"": [
    -82.987764547,
    42.36322734
  ],
  ""type"": ""Point""
}",-82.987764547,42.36322734
9528,1394540,LYNDON,MEYERS,2018-06-09,9,6,2018,11,7,4,9,,4,0,Concrete,1,1,1,,2,2,1,5,0,0,0,0,true,false,false,false,false,false,false,false,false,false,false,false,false,false,true,false,false,false,false,false,false,false,-83.16878,42.39503,"{
  ""coordinates"": [
    -8.316878000206120e+01,
    4.239503658147470e+01
  ],
  ""type"": ""Point""
}","{
  ""coordinates"": [
    -83.168780002,
    42.395036581
  ],
  ""type"": ""Point""
}",-83.1687800019999,42.3950365810001
9529,1394594,WOODBINE,FLORENCE,2018-06-09,9,6,2018,16,7,8,9,,,0,,2,4,1,25,2,2,5,5,0,0,0,0,true,false,false,false,false,false,false,false,false,false,false,false,false,false,false,false,false,false,false,false,false,false,-83.27814,42.40993,"{
  ""coordinates"": [
    -8.327814016978540e+01,
    4.240992961037250e+01
  ],
  ""type"": ""Point""
}","{
  ""coordinates"": [
    -83.27814017,
    42.40992961
  ],
  ""type"": ""Point""
}",-83.27814017,42.4099296100001
9530,1407837,MACK,MCLELLAN,2018-06-09,9,6,2018,2,7,8,9,,4,0,Asphalt,1,2,4,35,5,2,5,5,0,0,0,0,true,false,false,false,false,false,false,true,false,false,false,false,false,false,false,true,false,false,false,false,false,false,-82.99406,42.37207,"{
  ""coordinates"": [
    -8.299406750843050e+01,
    4.237207115232310e+01
  ],
  ""type"": ""Point""
}","{
  ""coordinates"": [
    -82.994067508,
    42.372071152
  ],
  ""type"": ""Point""
}",-82.9940675079999,42.372071152