ObjectId,Crash ID,Primary Road,Intersecting Road,Crash Date,Day,Month,Year,Hour,Weekday,Crash Type Code,Highway Classification Code,Community Code,Jurisdiction Code,Lane Departure Type Code,Surface Type,Road Condition,Weather Condition,Lighting Condition,Speed Limit,Lanes,Units,Occupants,Most Severe Injury,Fatal Injuries,Suspected Serious Injuries,Suspected Minor Injuries,Possible Injuries,Property Damage Only,Secondary Crash,Traffic Control,Red Light Run,Hit and Run,Alcohol,Drugs,Unbelted Person,Work Zone,Speeding Driver,Distracted Driver,Driveway,Pedestrian,Elderly Driver,Young Driver,Commercial Vehicle,Emergency Vehicles,Train,School Bus,Motorcycle,Bicycle,Deer,Longitude,Latitude,geom,geog,x,y
9531,1394539,BUENA VISTA,WYOMING,2018-06-09,9,6,2018,1,7,1,9,,,0,,1,1,4,30,4,1,0,5,0,0,0,0,true,false,false,false,true,false,false,false,false,false,false,false,false,false,false,false,false,false,false,false,false,false,-83.15893,42.38365,"{
  ""coordinates"": [
    -8.315892589236030e+01,
    4.238364878477370e+01
  ],
  ""type"": ""Point""
}","{
  ""coordinates"": [
    -83.158925892,
    42.383648785
  ],
  ""type"": ""Point""
}",-83.158925892,42.383648785
9532,1395675,GREENFIELD,DIVERSEY,2018-06-09,9,6,2018,15,7,5,9,,2,0,Asphalt,2,4,1,35,4,2,8,4,0,0,0,4,false,false,false,false,false,false,false,false,false,false,false,false,false,false,false,false,false,false,false,false,false,false,-83.19648,42.3483,"{
  ""coordinates"": [
    -8.319648267246360e+01,
    4.234830648967200e+01
  ],
  ""type"": ""Point""
}","{
  ""coordinates"": [
    -83.196482672,
    42.34830649
  ],
  ""type"": ""Point""
}",-83.1964826719999,42.34830649
9533,1394581,KIRBY,SHERIDAN,2018-06-09,9,6,2018,7,7,1,9,,,0,,1,2,1,25,2,1,1,5,0,0,0,0,true,false,false,false,false,false,false,false,false,false,false,false,false,false,false,false,false,false,false,false,false,false,-83.01893,42.37752,"{
  ""coordinates"": [
    -8.301892576736360e+01,
    4.237752184293500e+01
  ],
  ""type"": ""Point""
}","{
  ""coordinates"": [
    -83.018925767,
    42.377521843
  ],
  ""type"": ""Point""
}",-83.018925767,42.3775218430001
9534,1403965,7 MILE,JAMES COUZENS,2018-06-09,9,6,2018,13,7,4,9,,2,0,Asphalt,1,1,1,35,4,2,1,5,0,0,0,0,true,false,true,true,true,false,false,false,false,false,false,false,false,true,false,false,false,false,false,false,false,false,-83.18742,42.43081,"{
  ""coordinates"": [
    -8.318742162014981e+01,
    4.243080888897920e+01
  ],
  ""type"": ""Point""
}","{
  ""coordinates"": [
    -83.18742162,
    42.430808889
  ],
  ""type"": ""Point""
}",-83.18742162,42.430808889
9535,1394593,AVON,CURTIS,2018-06-09,9,6,2018,4,7,9,9,,,2,,1,1,5,25,2,2,1,5,0,0,0,0,true,false,false,false,false,false,false,false,false,false,false,false,false,false,false,false,false,false,false,false,false,false,-83.22608,42.42208,"{
  ""coordinates"": [
    -8.322608486474491e+01,
    4.242208511023260e+01
  ],
  ""type"": ""Point""
}","{
  ""coordinates"": [
    -83.226084865,
    42.42208511
  ],
  ""type"": ""Point""
}",-83.226084865,42.4220851100001
9536,1395665,S I 75 SERVICE DRIVE,RAMP 039A,2018-06-09,9,6,2018,15,7,6,1,,4,0,Asphalt,2,4,1,35,2,2,6,5,0,0,0,0,true,false,false,false,false,false,false,false,false,false,false,false,false,false,false,false,false,false,false,false,false,false,-83.05866,42.3372,"{
  ""coordinates"": [
    -8.305866529007081e+01,
    4.233720268344650e+01
  ],
  ""type"": ""Point""
}","{
  ""coordinates"": [
    -83.05866529,
    42.337202683
  ],
  ""type"": ""Point""
}",-83.05866529,42.337202683
9537,1395707,WYOMING,S M 10,2018-06-09,9,6,2018,14,7,5,9,,4,0,Concrete,2,4,1,30,4,2,2,5,0,0,0,0,true,false,false,false,false,false,false,false,false,false,false,false,false,false,false,false,false,false,false,false,false,false,-83.15982,42.40522,"{
  ""coordinates"": [
    -8.315981882152060e+01,
    4.240521833338060e+01
  ],
  ""type"": ""Point""
}","{
  ""coordinates"": [
    -83.159818822,
    42.405218333
  ],
  ""type"": ""Point""
}",-83.159818822,42.4052183330001
9538,1394589,EVERGREEN,FENKELL,2018-06-09,9,6,2018,16,7,5,9,,4,0,Asphalt,2,2,1,30,2,2,2,5,0,0,0,0,true,false,false,false,true,false,false,false,false,false,false,false,false,false,false,false,false,false,false,false,false,false,-83.23742,42.4006,"{
  ""coordinates"": [
    -8.323742180808949e+01,
    4.240059728465180e+01
  ],
  ""type"": ""Point""
}","{
  ""coordinates"": [
    -83.237421808,
    42.400597285
  ],
  ""type"": ""Point""
}",-83.237421808,42.4005972850001
9539,1403049,E M 8,DAVISON,2018-06-09,9,6,2018,15,7,5,3,,1,0,Concrete,2,4,1,30,3,2,4,5,0,0,0,0,true,false,false,false,false,false,false,false,false,false,false,false,false,false,false,false,false,false,false,false,false,false,-83.14601,42.3862,"{
  ""coordinates"": [
    -8.314601426086300e+01,
    4.238619982325240e+01
  ],
  ""type"": ""Point""
}","{
  ""coordinates"": [
    -83.146014261,
    42.386199823
  ],
  ""type"": ""Point""
}",-83.1460142609999,42.386199823
9540,1399381,WAVENEY,BARHAM,2018-06-09,9,6,2018,0,7,9,9,,,0,,1,1,3,25,2,2,2,4,0,0,0,2,false,false,false,false,true,false,false,false,false,false,false,false,false,false,false,false,false,false,false,false,false,false,-82.94714,42.39371,"{
  ""coordinates"": [
    -8.294713973346340e+01,
    4.239371147252390e+01
  ],
  ""type"": ""Point""
}","{
  ""coordinates"": [
    -82.947139733,
    42.393711473
  ],
  ""type"": ""Point""
}",-82.947139733,42.3937114730001
9541,1403920,I 75 S/B,CLAY,2018-06-09,9,6,2018,16,7,5,1,,1,0,Asphalt,2,4,1,70,4,3,5,4,0,0,0,1,false,false,false,false,false,false,false,false,false,false,false,false,false,true,false,false,true,false,false,false,false,false,-83.06199,42.377,"{
  ""coordinates"": [
    -8.306198781577240e+01,
    4.237699400578390e+01
  ],
  ""type"": ""Point""
}","{
  ""coordinates"": [
    -83.061987816,
    42.376994006
  ],
  ""type"": ""Point""
}",-83.0619878159999,42.3769940060001
9542,1396760,DACOSTA,MAJESTIC,2018-06-09,9,6,2018,0,7,8,9,,,0,,1,1,4,25,2,2,0,5,0,0,0,0,true,false,false,false,true,false,false,false,false,false,true,false,false,false,false,false,false,false,false,false,false,false,-83.25761,42.34434,"{
  ""coordinates"": [
    -8.325760803186760e+01,
    4.234434159551100e+01
  ],
  ""type"": ""Point""
}","{
  ""coordinates"": [
    -83.257608032,
    42.344341596
  ],
  ""type"": ""Point""
}",-83.257608032,42.344341596
9543,1398433,GRAND RIVER,GRAND RIVER,2018-06-08,8,6,2018,19,6,5,9,,4,0,Asphalt,1,1,1,25,2,2,5,4,0,0,0,3,false,false,false,false,false,false,false,false,false,false,false,false,false,true,true,false,false,false,false,false,false,false,-83.04874,42.33409,"{
  ""coordinates"": [
    -8.304874577656589e+01,
    4.233408914108320e+01
  ],
  ""type"": ""Point""
}","{
  ""coordinates"": [
    -83.048745777,
    42.334089141
  ],
  ""type"": ""Point""
}",-83.048745777,42.334089141
9544,1394571,FENKELL,BURT,2018-06-08,8,6,2018,16,6,4,9,,2,0,Asphalt,1,1,1,30,4,2,2,5,0,0,0,0,true,false,true,true,false,false,false,false,false,false,false,false,false,false,true,false,false,false,false,false,false,false,-83.24715,42.40052,"{
  ""coordinates"": [
    -8.324715760321190e+01,
    4.240051558128840e+01
  ],
  ""type"": ""Point""
}","{
  ""coordinates"": [
    -83.247157603,
    42.400515581
  ],
  ""type"": ""Point""
}",-83.2471576029999,42.400515581
9545,1396786,MENDOTA,CURTIS,2018-06-08,8,6,2018,14,6,10,9,,,3,,1,1,1,25,2,2,0,5,0,0,0,0,true,false,false,false,false,false,false,false,false,false,false,true,false,false,false,false,false,false,false,false,false,false,-83.16611,42.4234,"{
  ""coordinates"": [
    -8.316611476336770e+01,
    4.242339627394460e+01
  ],
  ""type"": ""Point""
}","{
  ""coordinates"": [
    -83.166114763,
    42.423396274
  ],
  ""type"": ""Point""
}",-83.1661147629999,42.423396274
9546,1394609,MORANG,WHITEHILL,2018-06-08,8,6,2018,21,6,4,9,,4,0,Asphalt,1,1,5,30,3,2,2,4,0,0,0,1,false,false,false,false,false,false,false,false,false,false,false,true,false,false,true,false,false,false,false,false,false,false,-82.9523,42.42706,"{
  ""coordinates"": [
    -8.295229746267420e+01,
    4.242706313564500e+01
  ],
  ""type"": ""Point""
}","{
  ""coordinates"": [
    -82.952297463,
    42.427063136
  ],
  ""type"": ""Point""
}",-82.952297463,42.4270631360001
9547,1398459,WARREN,CONNER,2018-06-08,8,6,2018,11,6,5,9,,4,0,Asphalt,1,1,1,35,2,2,2,5,0,0,0,0,true,false,false,false,false,false,false,false,false,false,false,false,false,false,false,false,false,false,false,false,false,false,-82.97603,42.38929,"{
  ""coordinates"": [
    -8.297602904809420e+01,
    4.238928761360500e+01
  ],
  ""type"": ""Point""
}","{
  ""coordinates"": [
    -82.976029048,
    42.389287614
  ],
  ""type"": ""Point""
}",-82.976029048,42.3892876140001
9548,1395668,WOODWARD,EUCLID,2018-06-08,8,6,2018,8,6,8,3,,1,0,Asphalt,2,1,1,35,4,2,2,5,0,0,0,0,true,false,false,false,false,false,false,false,false,false,false,false,false,false,false,false,false,false,false,false,false,false,-83.0779,42.37711,"{
  ""coordinates"": [
    -8.307789850417529e+01,
    4.237710804506070e+01
  ],
  ""type"": ""Point""
}","{
  ""coordinates"": [
    -83.077898504,
    42.377108045
  ],
  ""type"": ""Point""
}",-83.077898504,42.3771080450001
9549,1394569,BURT,SCHOOLCRAFT,2018-06-08,8,6,2018,20,6,5,9,,4,0,Asphalt,1,1,1,30,4,2,2,5,0,0,0,0,true,false,false,false,true,false,false,false,false,false,false,false,false,false,false,false,false,false,false,false,false,false,-83.2466,42.38609,"{
  ""coordinates"": [
    -8.324660172330989e+01,
    4.238609461469850e+01
  ],
  ""type"": ""Point""
}","{
  ""coordinates"": [
    -83.246601723,
    42.386094615
  ],
  ""type"": ""Point""
}",-83.246601723,42.386094615
9550,1418368,FIELDING,ORANGELAWN,2018-06-08,8,6,2018,21,6,4,9,,,0,,1,1,4,25,2,2,2,5,0,0,0,0,true,false,false,false,false,false,false,false,false,false,true,false,false,true,false,false,false,false,false,false,false,false,-83.24107,42.36704,"{
  ""coordinates"": [
    -8.324107326130870e+01,
    4.236704105657730e+01
  ],
  ""type"": ""Point""
}","{
  ""coordinates"": [
    -83.241073261,
    42.367041057
  ],
  ""type"": ""Point""
}",-83.2410732609999,42.3670410570001
9551,1394631,DAVISON,JEFFRIES,2018-06-08,8,6,2018,9,6,6,9,,,0,,1,1,1,35,3,2,4,5,0,0,0,0,true,false,false,false,true,false,false,false,false,false,false,false,false,false,false,false,false,false,false,false,false,false,-83.16914,42.38573,"{
  ""coordinates"": [
    -8.316913711112051e+01,
    4.238573355340450e+01
  ],
  ""type"": ""Point""
}","{
  ""coordinates"": [
    -83.169137111,
    42.385733553
  ],
  ""type"": ""Point""
}",-83.1691371109999,42.3857335530001
9552,1394602,CHALMERS,W I 94 SERVICE DRIVE,2018-06-08,8,6,2018,11,6,8,1,,4,0,Asphalt,1,1,1,30,1,2,1,5,0,0,0,0,true,false,false,false,true,false,false,false,false,false,false,false,false,false,false,false,false,false,false,false,false,false,-82.96439,42.40395,"{
  ""coordinates"": [
    -8.296438661979070e+01,
    4.240395520050760e+01
  ],
  ""type"": ""Point""
}","{
  ""coordinates"": [
    -82.96438662,
    42.403955201
  ],
  ""type"": ""Point""
}",-82.96438662,42.403955201
9553,1394553,BURTON,MICHIGAN,2018-06-08,8,6,2018,20,6,5,2,,,0,,1,1,1,25,2,2,1,5,0,0,0,0,true,false,false,false,false,false,false,false,false,false,false,false,false,false,false,false,false,false,false,false,false,false,-83.12441,42.33113,"{
  ""coordinates"": [
    -8.312441343104190e+01,
    4.233113060517970e+01
  ],
  ""type"": ""Point""
}","{
  ""coordinates"": [
    -83.124413431,
    42.331130605
  ],
  ""type"": ""Point""
}",-83.1244134309999,42.3311306050001
9554,1394578,GRATIOT,BURNS,2018-06-08,8,6,2018,16,6,97,3,,1,0,Asphalt,1,1,1,35,7,3,6,4,0,0,0,1,false,false,true,true,false,false,false,true,false,false,false,false,false,false,false,false,false,false,false,false,false,false,-83.01108,42.38429,"{
  ""coordinates"": [
    -8.301107571061470e+01,
    4.238428832404120e+01
  ],
  ""type"": ""Point""
}","{
  ""coordinates"": [
    -83.011075711,
    42.384288324
  ],
  ""type"": ""Point""
}",-83.011075711,42.3842883240001
9555,1459465,GREENFIELD,VASSAR,2018-06-08,8,6,2018,13,6,5,9,,2,0,Asphalt,1,1,1,35,2,2,3,5,0,0,0,0,true,false,false,false,false,false,false,false,false,false,false,false,false,false,false,false,false,false,false,false,false,false,-83.20004,42.43428,"{
  ""coordinates"": [
    -8.320003797273570e+01,
    4.243427524207140e+01
  ],
  ""type"": ""Point""
}","{
  ""coordinates"": [
    -83.200037973,
    42.434275242
  ],
  ""type"": ""Point""
}",-83.200037973,42.4342752420001
9556,1471123,MORANG,LAING,2018-06-08,8,6,2018,1,6,5,9,,4,0,Asphalt,1,1,4,35,2,2,0,5,0,0,0,0,true,false,false,false,true,false,false,false,false,false,true,false,false,false,false,false,false,false,false,false,false,false,-82.95314,42.42741,"{
  ""coordinates"": [
    -8.295313681694870e+01,
    4.242740497898120e+01
  ],
  ""type"": ""Point""
}","{
  ""coordinates"": [
    -82.953136817,
    42.427404979
  ],
  ""type"": ""Point""
}",-82.953136817,42.4274049790001
9557,1470035,PLYMOUTH,SAINT MARYS,2018-06-08,8,6,2018,14,6,8,9,,4,0,Asphalt,1,1,1,,2,2,3,5,0,0,0,0,true,false,false,false,false,false,false,false,false,false,false,false,false,false,false,false,false,false,false,false,false,false,-83.20504,42.37247,"{
  ""coordinates"": [
    -8.320504344751660e+01,
    4.237246762144880e+01
  ],
  ""type"": ""Point""
}","{
  ""coordinates"": [
    -83.205043448,
    42.372467621
  ],
  ""type"": ""Point""
}",-83.205043448,42.3724676210001
9558,1394513,I-94,CONCORD,2018-06-08,8,6,2018,11,6,5,1,,1,0,Asphalt,1,1,1,55,3,2,2,5,0,0,0,0,true,false,false,false,false,false,false,false,false,false,false,false,false,false,false,false,false,false,false,false,false,false,-83.02913,42.38399,"{
  ""coordinates"": [
    -8.302913030438900e+01,
    4.238398943653220e+01
  ],
  ""type"": ""Point""
}","{
  ""coordinates"": [
    -83.029130304,
    42.383989437
  ],
  ""type"": ""Point""
}",-83.029130304,42.383989437
9559,1393243,VISGER,FORT,2018-06-08,8,6,2018,9,6,8,3,,4,0,Concrete,1,1,1,30,4,2,5,5,0,0,0,0,true,false,false,false,false,false,false,false,false,false,false,false,false,false,false,false,false,false,false,false,false,false,-83.1616,42.26841,"{
  ""coordinates"": [
    -8.316159458678790e+01,
    4.226840543011880e+01
  ],
  ""type"": ""Point""
}","{
  ""coordinates"": [
    -83.161594587,
    42.26840543
  ],
  ""type"": ""Point""
}",-83.161594587,42.26840543
9560,1394547,LIVERNOIS,VERNOR,2018-06-08,8,6,2018,8,6,9,9,,4,0,Asphalt,1,1,1,35,4,2,2,5,0,0,0,0,true,false,false,false,false,false,false,false,false,false,false,false,false,false,false,true,false,false,false,false,false,false,-83.10998,42.31561,"{
  ""coordinates"": [
    -8.310997815348141e+01,
    4.231561404425880e+01
  ],
  ""type"": ""Point""
}","{
  ""coordinates"": [
    -83.109978153,
    42.315614044
  ],
  ""type"": ""Point""
}",-83.109978153,42.315614044
9561,1403931,MEYERS,BUENA VISTA,2018-06-08,8,6,2018,23,6,5,9,,4,0,Asphalt,1,1,4,,4,2,0,5,0,0,0,0,true,false,false,false,true,false,false,false,false,false,false,false,false,false,false,false,false,false,false,false,false,false,-83.16853,42.38332,"{
  ""coordinates"": [
    -8.316853200820300e+01,
    4.238331946623920e+01
  ],
  ""type"": ""Point""
}","{
  ""coordinates"": [
    -83.168532008,
    42.383319466
  ],
  ""type"": ""Point""
}",-83.1685320079999,42.383319466
9562,1394509,W I 94,2ND,2018-06-08,8,6,2018,8,6,5,1,,1,0,Asphalt,1,1,1,55,3,2,2,5,0,0,0,0,true,false,false,false,false,false,false,false,false,false,true,false,false,false,false,false,false,false,false,false,false,false,-83.0716,42.36225,"{
  ""coordinates"": [
    -8.307160154114560e+01,
    4.236224906725700e+01
  ],
  ""type"": ""Point""
}","{
  ""coordinates"": [
    -83.071601541,
    42.362249067
  ],
  ""type"": ""Point""
}",-83.0716015409999,42.3622490670001
9563,1399382,I 94 SERVICE,HOUSTON-WHITTIER,2018-06-08,8,6,2018,15,6,5,1,,4,0,Asphalt,1,1,1,35,3,2,1,5,0,0,0,0,true,false,false,false,false,false,false,false,false,false,false,false,false,false,false,false,false,false,false,false,false,false,-82.94376,42.41308,"{
  ""coordinates"": [
    -8.294375735757950e+01,
    4.241308322862910e+01
  ],
  ""type"": ""Point""
}","{
  ""coordinates"": [
    -82.943757358,
    42.413083229
  ],
  ""type"": ""Point""
}",-82.943757358,42.4130832290001
9564,1408793,I-94,CADIEUX,2018-06-08,8,6,2018,23,6,1,1,,1,1,Asphalt,1,1,5,55,3,1,1,4,0,0,0,1,false,false,false,false,false,true,false,false,false,true,false,false,false,false,false,false,false,false,false,false,false,false,-82.93334,42.41953,"{
  ""coordinates"": [
    -8.293333865827950e+01,
    4.241952556742600e+01
  ],
  ""type"": ""Point""
}","{
  ""coordinates"": [
    -82.933338658,
    42.419525567
  ],
  ""type"": ""Point""
}",-82.933338658,42.4195255670001
9565,1394583,VERNOR,SAINT AUBIN,2018-06-08,8,6,2018,2,6,1,9,,4,1,Asphalt,1,1,4,35,4,1,1,5,0,0,0,0,true,false,false,false,false,false,false,false,false,false,false,false,false,false,false,false,false,false,false,false,false,false,-83.03383,42.34864,"{
  ""coordinates"": [
    -8.303382793993740e+01,
    4.234864331689910e+01
  ],
  ""type"": ""Point""
}","{
  ""coordinates"": [
    -83.03382794,
    42.348643317
  ],
  ""type"": ""Point""
}",-83.03382794,42.348643317
9566,1407806,JEFFERSON,BRUSH,2018-06-08,8,6,2018,8,6,8,4,,1,0,Asphalt,1,1,1,25,3,2,1,5,0,0,0,0,true,false,false,false,true,false,false,false,false,false,false,false,false,false,false,false,false,false,false,false,false,false,-83.041,42.33038,"{
  ""coordinates"": [
    -8.304100158429800e+01,
    4.233037722897060e+01
  ],
  ""type"": ""Point""
}","{
  ""coordinates"": [
    -83.041001584,
    42.330377229
  ],
  ""type"": ""Point""
}",-83.041001584,42.3303772290001
9567,1394605,GLENFIELD,CONNER,2018-06-08,8,6,2018,4,6,5,9,,,0,,1,1,4,25,1,2,0,5,0,0,0,0,true,false,false,false,true,false,false,false,false,false,false,false,false,false,false,false,false,false,false,false,false,false,-82.99986,42.40824,"{
  ""coordinates"": [
    -8.299985412732900e+01,
    4.240824087081800e+01
  ],
  ""type"": ""Point""
}","{
  ""coordinates"": [
    -82.999854127,
    42.408240871
  ],
  ""type"": ""Point""
}",-82.9998541269999,42.408240871
9568,1394606,GRATIOT,GUNSTON,2018-06-08,8,6,2018,20,6,1,3,,1,1,Asphalt,1,1,1,35,3,1,1,5,0,0,0,0,true,false,false,false,false,false,false,false,false,false,false,false,false,false,false,false,false,false,false,false,false,false,-82.99493,42.40883,"{
  ""coordinates"": [
    -8.299493381461380e+01,
    4.240882841363400e+01
  ],
  ""type"": ""Point""
}","{
  ""coordinates"": [
    -82.994933815,
    42.408828414
  ],
  ""type"": ""Point""
}",-82.994933815,42.408828414
9569,1396774,MCNICHOLS,SHERWOOD,2018-06-08,8,6,2018,19,6,5,9,,4,0,Asphalt,1,1,4,35,4,2,3,5,0,0,0,0,true,false,false,false,true,false,false,false,false,false,false,false,false,true,false,false,false,false,false,false,false,false,-83.03322,42.41928,"{
  ""coordinates"": [
    -8.303321623858710e+01,
    4.241928628937580e+01
  ],
  ""type"": ""Point""
}","{
  ""coordinates"": [
    -83.033216239,
    42.419286289
  ],
  ""type"": ""Point""
}",-83.033216239,42.4192862890001
9570,1397550,PARKWAY,MAJESTIC,2018-06-08,8,6,2018,14,6,4,9,,5,0,Concrete,1,1,1,25,2,2,2,5,0,0,0,0,true,false,false,false,false,false,false,false,false,false,false,false,false,false,true,false,false,false,false,false,false,false,-83.26363,42.34393,"{
  ""coordinates"": [
    -8.326362697429950e+01,
    4.234392515448190e+01
  ],
  ""type"": ""Point""
}","{
  ""coordinates"": [
    -83.263626974,
    42.343925154
  ],
  ""type"": ""Point""
}",-83.263626974,42.343925154
9571,1396755,BUCHANAN,LAWTON,2018-06-08,8,6,2018,9,6,8,9,,4,0,Asphalt,1,1,1,35,2,2,1,5,0,0,0,0,true,false,false,false,true,false,false,false,false,false,false,false,false,false,false,false,false,false,false,false,false,false,-83.09201,42.34277,"{
  ""coordinates"": [
    -8.309200777869100e+01,
    4.234276693431320e+01
  ],
  ""type"": ""Point""
}","{
  ""coordinates"": [
    -83.092007779,
    42.342766934
  ],
  ""type"": ""Point""
}",-83.092007779,42.3427669340001
9572,1425311,N M 10,CHICAGO,2018-06-08,8,6,2018,12,6,97,3,,1,0,Concrete,1,1,1,55,3,1,3,5,0,0,0,0,true,false,false,false,false,false,false,false,false,false,false,false,false,false,false,false,false,false,false,false,false,false,-83.09454,42.38238,"{
  ""coordinates"": [
    -8.309454419996641e+01,
    4.238237915176290e+01
  ],
  ""type"": ""Point""
}","{
  ""coordinates"": [
    -83.0945442,
    42.382379152
  ],
  ""type"": ""Point""
}",-83.0945442,42.3823791520001
9573,1403924,N M 39,RAMP 009B,2018-06-08,8,6,2018,7,6,5,3,,1,0,Asphalt,1,2,1,55,3,2,2,5,0,0,0,0,true,false,false,false,false,false,false,false,false,false,false,false,false,false,false,false,false,false,false,false,false,false,-83.21825,42.40429,"{
  ""coordinates"": [
    -8.321825372602680e+01,
    4.240429323570970e+01
  ],
  ""type"": ""Point""
}","{
  ""coordinates"": [
    -83.218253726,
    42.404293236
  ],
  ""type"": ""Point""
}",-83.2182537259999,42.4042932360001
9574,1402003,DAVISON,DAVISON,2018-06-08,8,6,2018,22,6,98,3,,1,1,Concrete,1,1,4,,3,1,1,5,0,0,0,0,true,false,false,false,true,false,false,false,false,true,false,false,false,false,false,false,false,false,false,false,false,false,-83.14635,42.38626,"{
  ""coordinates"": [
    -8.314634670043699e+01,
    4.238625752395100e+01
  ],
  ""type"": ""Point""
}","{
  ""coordinates"": [
    -83.1463467,
    42.386257524
  ],
  ""type"": ""Point""
}",-83.1463467,42.386257524
9575,1406773,S I 75,MILWAUKEE,2018-06-08,8,6,2018,18,6,8,1,,1,0,Asphalt,1,1,1,70,3,2,3,4,0,0,0,1,false,false,false,false,false,false,false,false,false,false,false,false,false,false,false,true,false,false,false,false,false,false,-83.05994,42.37373,"{
  ""coordinates"": [
    -8.305993442834141e+01,
    4.237372706801710e+01
  ],
  ""type"": ""Point""
}","{
  ""coordinates"": [
    -83.059934428,
    42.373727068
  ],
  ""type"": ""Point""
}",-83.059934428,42.3737270680001
9576,1394565,EVERGREEN,CSX TRANSPORTATION,2018-06-08,8,6,2018,19,6,8,9,,4,0,Asphalt,1,1,3,30,6,2,5,4,0,0,0,1,false,false,false,false,false,false,false,false,false,false,false,false,false,false,false,false,false,false,false,false,false,false,-83.23656,42.37888,"{
  ""coordinates"": [
    -8.323656578500270e+01,
    4.237888301970790e+01
  ],
  ""type"": ""Point""
}","{
  ""coordinates"": [
    -83.236565785,
    42.37888302
  ],
  ""type"": ""Point""
}",-83.236565785,42.37888302
9577,1394511,M-39,JOY,2018-06-08,8,6,2018,15,6,5,3,,1,0,Asphalt,1,1,1,55,3,2,2,5,0,0,0,0,true,false,false,false,false,false,false,false,false,false,false,false,false,false,false,false,false,false,false,false,false,false,-83.21641,42.35813,"{
  ""coordinates"": [
    -8.321640930216910e+01,
    4.235812652787180e+01
  ],
  ""type"": ""Point""
}","{
  ""coordinates"": [
    -83.216409302,
    42.358126528
  ],
  ""type"": ""Point""
}",-83.216409302,42.3581265280001
9578,1394630,FREELAND,SAINT MARTINS,2018-06-08,8,6,2018,23,6,98,9,,,3,,1,1,4,25,2,2,0,5,0,0,0,0,true,false,false,false,true,false,false,false,false,false,false,false,false,false,false,false,false,false,false,false,false,false,-83.18665,42.43649,"{
  ""coordinates"": [
    -8.318665191102070e+01,
    4.243649254076170e+01
  ],
  ""type"": ""Point""
}","{
  ""coordinates"": [
    -83.186651911,
    42.436492541
  ],
  ""type"": ""Point""
}",-83.186651911,42.4364925410001
9579,1394616,DAVISON,LASALLE,2018-06-08,8,6,2018,9,6,5,3,,1,0,Asphalt,1,1,1,35,7,2,3,5,0,0,0,0,true,false,false,false,false,false,false,false,false,false,false,false,false,false,false,false,false,false,false,false,false,false,-83.11915,42.39409,"{
  ""coordinates"": [
    -8.311915174444910e+01,
    4.239408710011760e+01
  ],
  ""type"": ""Point""
}","{
  ""coordinates"": [
    -83.119151744,
    42.3940871
  ],
  ""type"": ""Point""
}",-83.119151744,42.3940871
9580,1394585,7 MILE,RUTHERFORD,2018-06-08,8,6,2018,17,6,5,9,,2,0,Asphalt,1,1,1,35,4,2,4,5,0,0,0,0,true,false,false,false,false,false,false,false,false,false,false,false,false,false,false,false,false,false,false,false,false,false,-83.20544,42.43034,"{
  ""coordinates"": [
    -8.320544619265490e+01,
    4.243033601702010e+01
  ],
  ""type"": ""Point""
}","{
  ""coordinates"": [
    -83.205446193,
    42.430336017
  ],
  ""type"": ""Point""
}",-83.2054461929999,42.4303360170001
9581,1394526,I-94,CONNER,2018-06-08,8,6,2018,6,6,5,1,,1,0,Asphalt,1,2,1,55,3,2,4,5,0,0,0,0,true,false,false,false,false,false,false,false,false,false,false,false,false,false,false,false,false,false,false,false,false,false,-82.98354,42.39855,"{
  ""coordinates"": [
    -8.298354482605170e+01,
    4.239854917907450e+01
  ],
  ""type"": ""Point""
}","{
  ""coordinates"": [
    -82.983544826,
    42.398549179
  ],
  ""type"": ""Point""
}",-82.983544826,42.398549179
9582,1394619,RYAN,8 MILE,2018-06-08,8,6,2018,0,6,5,3,,,0,,2,1,4,30,2,2,2,5,0,0,0,0,true,false,false,false,false,false,false,false,false,false,false,false,false,false,false,false,false,false,false,false,false,false,-83.06205,42.44731,"{
  ""coordinates"": [
    -8.306204935471619e+01,
    4.244730898392020e+01
  ],
  ""type"": ""Point""
}","{
  ""coordinates"": [
    -83.062049355,
    42.447308984
  ],
  ""type"": ""Point""
}",-83.0620493549999,42.4473089840001
9583,1396747,GRAND,LINWOOD,2018-06-08,8,6,2018,16,6,9,9,,,0,,1,1,1,35,6,2,4,5,0,0,0,0,true,false,false,false,false,false,false,false,false,false,false,false,false,false,true,false,false,false,false,false,false,false,-83.12327,42.39456,"{
  ""coordinates"": [
    -8.312326733617550e+01,
    4.239456117238040e+01
  ],
  ""type"": ""Point""
}","{
  ""coordinates"": [
    -83.123267336,
    42.394561172
  ],
  ""type"": ""Point""
}",-83.123267336,42.3945611720001
9584,1396721,S M 39,FENKELL,2018-06-08,8,6,2018,19,6,5,3,,1,0,Asphalt,1,1,1,55,3,2,3,5,0,0,0,0,true,false,false,false,false,false,false,false,false,false,false,false,false,false,true,false,false,false,false,false,false,false,-83.21838,42.40102,"{
  ""coordinates"": [
    -8.321838539782580e+01,
    4.240101562161410e+01
  ],
  ""type"": ""Point""
}","{
  ""coordinates"": [
    -83.218385398,
    42.401015622
  ],
  ""type"": ""Point""
}",-83.218385398,42.401015622