ObjectId,Crash ID,Primary Road,Intersecting Road,Crash Date,Day,Month,Year,Hour,Weekday,Crash Type Code,Highway Classification Code,Community Code,Jurisdiction Code,Lane Departure Type Code,Surface Type,Road Condition,Weather Condition,Lighting Condition,Speed Limit,Lanes,Units,Occupants,Most Severe Injury,Fatal Injuries,Suspected Serious Injuries,Suspected Minor Injuries,Possible Injuries,Property Damage Only,Secondary Crash,Traffic Control,Red Light Run,Hit and Run,Alcohol,Drugs,Unbelted Person,Work Zone,Speeding Driver,Distracted Driver,Driveway,Pedestrian,Elderly Driver,Young Driver,Commercial Vehicle,Emergency Vehicles,Train,School Bus,Motorcycle,Bicycle,Deer,Longitude,Latitude,geom,geog,x,y
9585,1394548,DEACON,SCHAEFER,2018-06-08,8,6,2018,10,6,9,9,,,2,,1,1,1,25,2,2,0,5,0,0,0,0,true,false,false,false,true,false,false,false,false,false,false,false,false,false,false,false,false,false,false,false,false,false,-83.14841,42.27494,"{
  ""coordinates"": [
    -8.314841179341920e+01,
    4.227494266617370e+01
  ],
  ""type"": ""Point""
}","{
  ""coordinates"": [
    -83.148411793,
    42.274942666
  ],
  ""type"": ""Point""
}",-83.148411793,42.2749426660001
9586,1394518,I-94,TRUMBELL,2018-06-08,8,6,2018,16,6,5,1,,1,0,Asphalt,1,1,1,55,3,3,3,4,0,0,0,1,false,false,false,false,false,false,false,false,false,false,false,false,false,false,false,false,false,false,false,false,false,false,-83.08084,42.35643,"{
  ""coordinates"": [
    -8.308084149056511e+01,
    4.235642715575390e+01
  ],
  ""type"": ""Point""
}","{
  ""coordinates"": [
    -83.080841491,
    42.356427156
  ],
  ""type"": ""Point""
}",-83.0808414909999,42.3564271560001
9587,1394530,WINTHOP,KENDALL,2018-06-08,8,6,2018,0,6,4,9,,,0,,1,1,5,25,4,2,8,3,0,0,3,2,false,true,true,false,false,true,false,false,false,false,false,false,false,false,true,false,false,false,false,false,false,false,-83.19928,42.38933,"{
  ""coordinates"": [
    -8.319928311480460e+01,
    4.238932945853380e+01
  ],
  ""type"": ""Point""
}","{
  ""coordinates"": [
    -83.199283115,
    42.389329459
  ],
  ""type"": ""Point""
}",-83.199283115,42.3893294590001
9588,1393283,LA SALLE,WEBB,2018-06-08,8,6,2018,1,6,1,9,,,0,,1,1,4,25,4,1,1,4,0,0,0,1,false,false,false,false,false,false,false,false,false,true,false,false,false,false,true,false,false,false,false,false,false,false,-83.11079,42.38447,"{
  ""coordinates"": [
    -8.311079156764690e+01,
    4.238446727740910e+01
  ],
  ""type"": ""Point""
}","{
  ""coordinates"": [
    -83.110791568,
    42.384467277
  ],
  ""type"": ""Point""
}",-83.110791568,42.3844672770001
9589,1394534,PLYMOUTH,CHEYENNE,2018-06-08,8,6,2018,0,6,4,9,,4,0,Asphalt,1,1,1,35,4,2,3,5,0,0,0,0,true,false,false,false,true,false,false,false,false,true,false,false,false,false,false,false,false,false,false,false,false,false,-83.17435,42.3731,"{
  ""coordinates"": [
    -8.317434356676760e+01,
    4.237310238239060e+01
  ],
  ""type"": ""Point""
}","{
  ""coordinates"": [
    -83.174343567,
    42.373102382
  ],
  ""type"": ""Point""
}",-83.1743435669999,42.3731023820001
9590,1394604,7 MILE,WESTPHALIA,2018-06-08,8,6,2018,11,6,1,9,,4,0,Asphalt,1,1,1,30,3,2,1,4,0,0,0,1,false,false,false,false,true,false,false,false,false,true,false,true,false,false,false,false,false,false,false,false,true,false,-82.99203,42.43476,"{
  ""coordinates"": [
    -8.299203014513419e+01,
    4.243476477370690e+01
  ],
  ""type"": ""Point""
}","{
  ""coordinates"": [
    -82.992030145,
    42.434764774
  ],
  ""type"": ""Point""
}",-82.9920301449999,42.434764774
9591,1394538,ROBSON,ELLIS,2018-06-08,8,6,2018,22,6,5,9,,,0,,1,1,4,25,2,3,1,4,0,0,0,1,false,false,false,false,false,true,false,false,false,false,false,false,false,false,false,false,false,false,false,false,false,false,-83.19166,42.36025,"{
  ""coordinates"": [
    -8.319166057170230e+01,
    4.236024680929900e+01
  ],
  ""type"": ""Point""
}","{
  ""coordinates"": [
    -83.191660572,
    42.360246809
  ],
  ""type"": ""Point""
}",-83.191660572,42.360246809
9592,1394574,VAN DYKE,KIRBY,2018-06-08,8,6,2018,7,6,5,3,,1,0,Asphalt,1,1,1,30,4,3,7,5,0,0,0,0,true,false,false,false,false,false,false,false,false,false,false,false,false,true,false,false,false,false,false,false,false,false,-83.01502,42.37928,"{
  ""coordinates"": [
    -8.301502543916220e+01,
    4.237928073452540e+01
  ],
  ""type"": ""Point""
}","{
  ""coordinates"": [
    -83.015025439,
    42.379280735
  ],
  ""type"": ""Point""
}",-83.0150254389999,42.3792807350001
9593,1394573,GRATIOT,BURNS,2018-06-08,8,6,2018,16,6,3,3,,1,0,Asphalt,1,1,1,35,3,2,2,5,0,0,0,0,true,false,false,false,true,false,false,false,false,false,false,false,false,false,false,false,false,false,false,false,false,false,-83.01096,42.38446,"{
  ""coordinates"": [
    -8.301096438348470e+01,
    4.238445653365520e+01
  ],
  ""type"": ""Point""
}","{
  ""coordinates"": [
    -83.010964383,
    42.384456534
  ],
  ""type"": ""Point""
}",-83.010964383,42.384456534
9594,1394607,HAYES,KELLY,2018-06-08,8,6,2018,16,6,5,9,,4,3,Asphalt,1,1,1,,2,2,2,5,0,0,0,0,true,false,false,false,false,true,true,false,false,false,false,false,false,false,false,false,false,false,false,false,false,false,-82.96495,42.41878,"{
  ""coordinates"": [
    -8.296495098695090e+01,
    4.241877895162150e+01
  ],
  ""type"": ""Point""
}","{
  ""coordinates"": [
    -82.964950987,
    42.418778952
  ],
  ""type"": ""Point""
}",-82.964950987,42.418778952
9595,1394512,I-75,FERRY,2018-06-08,8,6,2018,16,6,5,1,,1,0,Asphalt,1,1,1,55,3,2,2,5,0,0,0,0,true,true,false,false,false,false,false,false,false,false,false,false,false,false,true,false,false,false,false,false,false,false,-83.05582,42.36383,"{
  ""coordinates"": [
    -8.305582144474560e+01,
    4.236382586155510e+01
  ],
  ""type"": ""Point""
}","{
  ""coordinates"": [
    -83.055821445,
    42.363825862
  ],
  ""type"": ""Point""
}",-83.0558214449999,42.3638258620001
9596,1394624,8 MILE,RYAN,2018-06-08,8,6,2018,18,6,97,3,,1,0,Asphalt,1,1,1,40,4,3,5,4,0,0,0,1,false,false,false,false,false,false,false,false,false,false,false,false,false,false,false,false,false,false,false,false,false,false,-83.06371,42.44726,"{
  ""coordinates"": [
    -8.306370449146360e+01,
    4.244726324524540e+01
  ],
  ""type"": ""Point""
}","{
  ""coordinates"": [
    -83.063704491,
    42.447263245
  ],
  ""type"": ""Point""
}",-83.063704491,42.447263245
9597,1395671,JUNCTION,PLUMER,2018-06-08,8,6,2018,18,6,8,9,,4,0,Asphalt,1,1,1,30,4,2,2,5,0,0,0,0,true,false,false,false,false,false,false,false,false,false,false,false,false,false,false,false,false,false,false,false,false,false,-83.10523,42.32253,"{
  ""coordinates"": [
    -8.310522973041130e+01,
    4.232253093398200e+01
  ],
  ""type"": ""Point""
}","{
  ""coordinates"": [
    -83.10522973,
    42.322530934
  ],
  ""type"": ""Point""
}",-83.10522973,42.322530934
9598,1394582,GRATIOT,KNODELL,2018-06-08,8,6,2018,8,6,4,3,,1,0,Asphalt,1,1,1,35,6,2,1,4,0,0,0,1,false,false,false,false,true,false,false,false,false,false,false,false,false,true,false,false,false,false,false,false,false,false,-83.00131,42.39907,"{
  ""coordinates"": [
    -8.300131412209799e+01,
    4.239907423081270e+01
  ],
  ""type"": ""Point""
}","{
  ""coordinates"": [
    -83.001314122,
    42.399074231
  ],
  ""type"": ""Point""
}",-83.0013141219999,42.399074231
9599,1394586,GRAND RIVER,VAUGHAN,2018-06-08,8,6,2018,16,6,5,3,,1,0,Asphalt,1,1,1,35,6,2,2,5,0,0,0,0,true,false,false,false,false,false,false,false,false,false,false,false,false,false,false,false,false,false,false,false,false,false,-83.23853,42.40884,"{
  ""coordinates"": [
    -8.323853277834270e+01,
    4.240883938836810e+01
  ],
  ""type"": ""Point""
}","{
  ""coordinates"": [
    -83.238532778,
    42.408839388
  ],
  ""type"": ""Point""
}",-83.238532778,42.408839388
9600,1400763,W I 94,GRAND,2018-06-08,8,6,2018,10,6,5,1,,1,0,Asphalt,1,1,1,55,3,4,3,4,0,0,0,2,false,false,false,false,false,false,false,false,false,false,true,false,false,false,false,false,false,false,false,false,false,false,-83.04115,42.37637,"{
  ""coordinates"": [
    -8.304114162149300e+01,
    4.237637425484100e+01
  ],
  ""type"": ""Point""
}","{
  ""coordinates"": [
    -83.041141621,
    42.376374255
  ],
  ""type"": ""Point""
}",-83.041141621,42.376374255
9601,1396733,I-94,I-75,2018-06-08,8,6,2018,17,6,5,1,,1,0,Asphalt,1,1,1,55,3,2,2,5,0,0,0,0,true,false,false,false,false,false,false,false,false,false,false,false,false,false,false,false,false,false,false,false,false,false,-83.05976,42.36768,"{
  ""coordinates"": [
    -8.305976486142249e+01,
    4.236768197835050e+01
  ],
  ""type"": ""Point""
}","{
  ""coordinates"": [
    -83.059764861,
    42.367681978
  ],
  ""type"": ""Point""
}",-83.059764861,42.3676819780001
9602,1394562,VERNOR,MCKINSTRY,2018-06-08,8,6,2018,14,6,97,9,,4,0,Asphalt,1,1,1,20,2,2,3,4,0,0,0,1,false,false,false,false,false,false,false,false,false,false,false,false,true,false,false,false,false,false,false,false,false,false,-83.09716,42.31974,"{
  ""coordinates"": [
    -8.309716401469640e+01,
    4.231973733327190e+01
  ],
  ""type"": ""Point""
}","{
  ""coordinates"": [
    -83.097164015,
    42.319737333
  ],
  ""type"": ""Point""
}",-83.097164015,42.319737333
9603,1394566,S M 39,RAMP 007D,2018-06-08,8,6,2018,19,6,4,3,,1,0,Asphalt,1,1,1,25,2,2,2,5,0,0,0,0,true,false,true,false,false,false,false,false,false,false,false,false,false,false,true,false,false,false,false,false,false,false,-83.21644,42.35444,"{
  ""coordinates"": [
    -8.321643765784501e+01,
    4.235444351027970e+01
  ],
  ""type"": ""Point""
}","{
  ""coordinates"": [
    -83.216437658,
    42.35444351
  ],
  ""type"": ""Point""
}",-83.216437658,42.3544435100001
9604,1394636,RAMP 029A,N I 75,2018-06-08,8,6,2018,0,6,1,1,,1,0,Concrete,1,1,5,70,1,1,1,5,0,0,0,0,true,false,false,false,false,false,false,false,false,false,false,false,false,false,true,false,false,false,false,false,false,true,-83.1577,42.27633,"{
  ""coordinates"": [
    -8.315769759663659e+01,
    4.227632347379060e+01
  ],
  ""type"": ""Point""
}","{
  ""coordinates"": [
    -83.157697597,
    42.276323474
  ],
  ""type"": ""Point""
}",-83.157697597,42.276323474
9605,1394514,I-94,I-75,2018-06-08,8,6,2018,13,6,5,1,,1,0,Asphalt,1,1,1,55,3,2,1,5,0,0,0,0,true,false,false,false,true,false,false,false,false,false,false,false,false,true,false,false,false,false,false,false,false,false,-83.05937,42.36787,"{
  ""coordinates"": [
    -8.305936995210760e+01,
    4.236786954273960e+01
  ],
  ""type"": ""Point""
}","{
  ""coordinates"": [
    -83.059369952,
    42.367869543
  ],
  ""type"": ""Point""
}",-83.0593699519999,42.367869543
9606,1400762,RAMP 216I,RAMP 216K,2018-06-08,8,6,2018,8,6,8,1,,1,0,Concrete,1,1,1,55,1,2,2,5,0,0,0,0,true,false,false,false,false,false,false,false,false,false,false,false,false,false,false,true,false,false,false,false,false,false,-83.06062,42.36769,"{
  ""coordinates"": [
    -8.306062556704020e+01,
    4.236768861492130e+01
  ],
  ""type"": ""Point""
}","{
  ""coordinates"": [
    -83.060625567,
    42.367688615
  ],
  ""type"": ""Point""
}",-83.060625567,42.3676886150001
9607,1395698,DAVISON,LIVERNOIS,2018-06-08,8,6,2018,3,6,5,3,,1,0,Concrete,1,1,1,35,2,3,3,4,0,0,0,1,false,false,false,false,false,false,false,false,false,false,false,true,false,false,false,false,false,false,false,false,false,false,-83.13955,42.38669,"{
  ""coordinates"": [
    -8.313954844527470e+01,
    4.238669096061450e+01
  ],
  ""type"": ""Point""
}","{
  ""coordinates"": [
    -83.139548445,
    42.386690961
  ],
  ""type"": ""Point""
}",-83.1395484449999,42.3866909610001
9608,1393263,GRAND RIVER,LONGACRE,2018-06-08,8,6,2018,8,6,2,3,,1,0,Asphalt,1,1,1,35,5,2,2,5,0,0,0,0,true,false,false,false,false,false,false,false,false,false,false,false,false,true,false,false,false,false,false,false,false,false,-83.21518,42.39944,"{
  ""coordinates"": [
    -8.321517645877150e+01,
    4.239944442085520e+01
  ],
  ""type"": ""Point""
}","{
  ""coordinates"": [
    -83.215176459,
    42.399444421
  ],
  ""type"": ""Point""
}",-83.215176459,42.3994444210001
9609,1394567,MEMORIAL,GLENDALE,2018-06-08,8,6,2018,0,6,5,9,,,3,,1,1,4,25,2,2,1,5,0,0,0,0,true,false,false,false,false,false,false,false,false,true,false,false,false,false,false,false,false,false,false,false,false,false,-83.21242,42.38214,"{
  ""coordinates"": [
    -8.321241511474400e+01,
    4.238214602009190e+01
  ],
  ""type"": ""Point""
}","{
  ""coordinates"": [
    -83.212415115,
    42.38214602
  ],
  ""type"": ""Point""
}",-83.2124151149999,42.3821460200001
9610,1395676,PLAINVIEW,WHITLOCK,2018-06-08,8,6,2018,22,6,10,9,,,0,,1,1,3,,1,2,2,5,0,0,0,0,true,false,false,false,false,false,false,false,false,false,false,false,false,false,false,true,false,false,false,false,false,false,-83.23396,42.33926,"{
  ""coordinates"": [
    -8.323396354074890e+01,
    4.233926031572810e+01
  ],
  ""type"": ""Point""
}","{
  ""coordinates"": [
    -83.233963541,
    42.339260316
  ],
  ""type"": ""Point""
}",-83.233963541,42.339260316
9611,1395679,SOUTHFIELD,DIVERSEY,2018-06-08,8,6,2018,11,6,5,9,,4,0,Asphalt,1,1,1,35,2,2,1,5,0,0,0,0,true,true,false,false,false,false,false,false,false,false,true,false,false,false,false,false,false,false,false,false,false,false,-83.21598,42.34752,"{
  ""coordinates"": [
    -8.321597839328270e+01,
    4.234751462726680e+01
  ],
  ""type"": ""Point""
}","{
  ""coordinates"": [
    -83.215978393,
    42.347514627
  ],
  ""type"": ""Point""
}",-83.2159783929999,42.3475146270001
9612,1400792,M 39,RAMP 009D,2018-06-08,8,6,2018,15,6,5,3,,1,0,Asphalt,1,1,1,55,3,2,2,4,0,0,0,2,false,false,false,false,false,false,false,false,false,false,false,false,false,true,false,false,false,false,false,false,false,false,-83.21827,42.39783,"{
  ""coordinates"": [
    -8.321827289740240e+01,
    4.239782878560340e+01
  ],
  ""type"": ""Point""
}","{
  ""coordinates"": [
    -83.218272897,
    42.397828786
  ],
  ""type"": ""Point""
}",-83.218272897,42.397828786
9613,1397569,MCNICHOLS,FORRER,2018-06-08,8,6,2018,18,6,97,9,,2,0,Asphalt,1,1,1,35,4,3,1,4,0,0,0,1,false,false,false,false,true,false,false,false,false,false,false,false,false,false,false,false,false,false,false,false,false,false,-83.2022,42.4159,"{
  ""coordinates"": [
    -8.320220184992441e+01,
    4.241590459699580e+01
  ],
  ""type"": ""Point""
}","{
  ""coordinates"": [
    -83.20220185,
    42.415904597
  ],
  ""type"": ""Point""
}",-83.2022018499999,42.4159045970001
9614,1394603,HAYES,7 MILE,2018-06-08,8,6,2018,16,6,4,9,,4,0,Asphalt,1,1,1,30,2,2,2,5,0,0,0,0,true,false,false,false,false,false,false,false,false,false,false,false,false,false,false,false,false,false,false,false,false,false,-82.96547,42.43514,"{
  ""coordinates"": [
    -8.296546633684430e+01,
    4.243514415306960e+01
  ],
  ""type"": ""Point""
}","{
  ""coordinates"": [
    -82.965466337,
    42.435144153
  ],
  ""type"": ""Point""
}",-82.965466337,42.4351441530001
9615,1394560,RAMP 211B,CABOT,2018-06-08,8,6,2018,17,6,5,1,,1,0,Asphalt,1,1,1,25,2,2,2,5,0,0,0,0,true,false,false,false,false,false,false,false,false,false,false,false,false,false,false,true,false,false,false,false,false,false,-83.15012,42.33062,"{
  ""coordinates"": [
    -8.315011748974131e+01,
    4.233062323642760e+01
  ],
  ""type"": ""Point""
}","{
  ""coordinates"": [
    -83.15011749,
    42.330623236
  ],
  ""type"": ""Point""
}",-83.15011749,42.3306232360001
9616,1394517,E I 94,FRONTENAC,2018-06-08,8,6,2018,14,6,8,1,,1,0,Asphalt,1,1,1,55,3,2,1,5,0,0,0,0,true,false,false,false,true,false,false,false,false,false,false,false,false,false,false,false,false,false,false,false,false,false,-83.02474,42.38508,"{
  ""coordinates"": [
    -8.302474487861760e+01,
    4.238507973789860e+01
  ],
  ""type"": ""Point""
}","{
  ""coordinates"": [
    -83.024744879,
    42.385079738
  ],
  ""type"": ""Point""
}",-83.024744879,42.3850797380001
9617,1394634,JOHN R,WINCHESTER,2018-06-08,8,6,2018,16,6,4,9,,4,0,Asphalt,1,5,1,35,2,2,2,5,0,0,0,0,true,false,false,false,true,false,false,false,false,false,false,false,false,false,false,false,false,false,false,false,false,false,-83.10277,42.44457,"{
  ""coordinates"": [
    -8.310277007807230e+01,
    4.244457036979210e+01
  ],
  ""type"": ""Point""
}","{
  ""coordinates"": [
    -83.102770078,
    42.44457037
  ],
  ""type"": ""Point""
}",-83.1027700779999,42.4445703700001
9618,1400903,CONNER,WILSHIRE,2018-06-08,8,6,2018,16,6,5,9,,4,0,Asphalt,1,1,1,35,2,3,7,4,0,0,0,1,false,false,false,false,true,false,false,false,false,false,false,false,false,false,false,false,false,false,false,false,false,false,-82.99583,42.40359,"{
  ""coordinates"": [
    -8.299582604330320e+01,
    4.240359531397000e+01
  ],
  ""type"": ""Point""
}","{
  ""coordinates"": [
    -82.995826043,
    42.403595314
  ],
  ""type"": ""Point""
}",-82.995826043,42.403595314
9619,1394522,N M 39,RAMP 011B,2018-06-08,8,6,2018,13,6,1,3,,1,1,Concrete,1,1,1,55,3,1,4,5,0,0,0,0,true,false,false,false,false,false,false,false,false,false,false,false,false,false,false,false,false,false,false,false,false,false,-83.21929,42.43148,"{
  ""coordinates"": [
    -8.321928892512820e+01,
    4.243148137235040e+01
  ],
  ""type"": ""Point""
}","{
  ""coordinates"": [
    -83.219288925,
    42.431481372
  ],
  ""type"": ""Point""
}",-83.2192889249999,42.4314813720001
9620,1394587,FENMORE,VASSAR,2018-06-08,8,6,2018,11,6,8,9,,,0,,1,1,1,25,2,2,1,5,0,0,0,0,true,false,false,false,false,false,false,false,false,false,false,true,false,false,false,false,false,false,false,false,false,false,-83.21844,42.43406,"{
  ""coordinates"": [
    -8.321844334367270e+01,
    4.243406345830780e+01
  ],
  ""type"": ""Point""
}","{
  ""coordinates"": [
    -83.218443344,
    42.434063458
  ],
  ""type"": ""Point""
}",-83.218443344,42.434063458
9621,1396734,I-94,VAN DYKE,2018-06-08,8,6,2018,19,6,1,1,,1,0,Asphalt,1,1,1,55,3,1,1,5,0,0,0,0,true,false,false,false,false,false,false,false,false,false,false,false,false,false,false,false,false,false,false,false,false,false,-83.01835,42.38682,"{
  ""coordinates"": [
    -8.301834867831271e+01,
    4.238681777317740e+01
  ],
  ""type"": ""Point""
}","{
  ""coordinates"": [
    -83.018348678,
    42.386817773
  ],
  ""type"": ""Point""
}",-83.0183486779999,42.3868177730001
9622,1399418,NEVEDA,MOUND,2018-06-07,7,6,2018,15,5,8,9,,4,0,Asphalt,1,1,1,35,2,2,2,5,0,0,0,0,true,false,false,false,false,false,false,false,false,false,false,false,false,true,false,false,false,false,false,false,false,false,-83.04321,42.4263,"{
  ""coordinates"": [
    -8.304320890156110e+01,
    4.242629653474990e+01
  ],
  ""type"": ""Point""
}","{
  ""coordinates"": [
    -83.043208902,
    42.426296535
  ],
  ""type"": ""Point""
}",-83.0432089019999,42.4262965350001
9623,1396746,GRAND,MCKINLEY,2018-06-07,7,6,2018,21,5,5,9,,4,0,Asphalt,1,1,3,25,4,2,2,3,0,0,1,1,false,false,false,false,false,false,false,false,false,false,false,false,false,false,false,false,false,false,false,true,false,false,-83.09719,42.33409,"{
  ""coordinates"": [
    -8.309719240937810e+01,
    4.233408979156310e+01
  ],
  ""type"": ""Point""
}","{
  ""coordinates"": [
    -83.097192409,
    42.334089792
  ],
  ""type"": ""Point""
}",-83.0971924089999,42.334089792
9624,1394600,GRATIOT,FRENCH,2018-06-07,7,6,2018,22,5,5,3,,1,0,Asphalt,1,1,4,35,7,2,7,4,0,0,0,1,false,false,false,false,false,false,false,false,false,false,false,false,false,false,false,false,false,false,false,false,false,false,-83.00048,42.40035,"{
  ""coordinates"": [
    -8.300047901398320e+01,
    4.240035250935530e+01
  ],
  ""type"": ""Point""
}","{
  ""coordinates"": [
    -83.000479014,
    42.400352509
  ],
  ""type"": ""Point""
}",-83.0004790139999,42.4003525090001
9625,1393257,EVERGREENRD,WESTFIELD,2018-06-07,7,6,2018,12,5,10,9,,4,0,Asphalt,1,1,1,35,4,2,2,5,0,0,0,0,true,false,false,false,false,false,false,false,false,false,false,false,false,false,false,false,false,false,false,false,false,false,-83.23602,42.36291,"{
  ""coordinates"": [
    -8.323601746580920e+01,
    4.236291039250600e+01
  ],
  ""type"": ""Point""
}","{
  ""coordinates"": [
    -83.236017466,
    42.362910393
  ],
  ""type"": ""Point""
}",-83.236017466,42.362910393
9626,1393259,I 94,LINWOOD,2018-06-07,7,6,2018,17,5,5,1,,1,0,Asphalt,1,1,1,55,4,2,4,4,0,0,0,3,false,false,false,false,false,false,false,false,false,false,false,false,false,true,false,false,false,false,false,false,false,false,-83.09474,42.35161,"{
  ""coordinates"": [
    -8.309474414127540e+01,
    4.235161375959460e+01
  ],
  ""type"": ""Point""
}","{
  ""coordinates"": [
    -83.094744141,
    42.35161376
  ],
  ""type"": ""Point""
}",-83.094744141,42.3516137600001
9627,1393291,ANGLIN,VICTORIA,2018-06-07,7,6,2018,8,5,4,9,,,0,,1,1,1,25,2,2,2,5,0,0,0,0,true,false,false,false,false,false,false,false,false,false,false,false,false,false,false,false,false,false,false,false,false,false,-83.07124,42.415,"{
  ""coordinates"": [
    -8.307124665687300e+01,
    4.241500277493990e+01
  ],
  ""type"": ""Point""
}","{
  ""coordinates"": [
    -83.071246657,
    42.415002775
  ],
  ""type"": ""Point""
}",-83.071246657,42.4150027750001
9628,1394482,I 94,RAMP 216I,2018-06-07,7,6,2018,5,5,5,1,,1,0,Asphalt,1,1,1,55,3,2,2,5,0,0,0,0,true,false,false,false,false,false,false,false,false,false,false,false,false,false,false,false,false,false,false,false,false,false,-83.06229,42.36664,"{
  ""coordinates"": [
    -8.306229338986080e+01,
    4.236664180497870e+01
  ],
  ""type"": ""Point""
}","{
  ""coordinates"": [
    -83.06229339,
    42.366641805
  ],
  ""type"": ""Point""
}",-83.06229339,42.366641805
9629,1400796,I-75,CLAY,2018-06-07,7,6,2018,1,5,8,1,,1,0,Asphalt,1,1,5,70,3,2,2,5,0,0,0,0,true,false,false,false,false,false,false,false,false,false,false,false,false,false,true,false,false,false,false,false,false,false,-83.06274,42.37856,"{
  ""coordinates"": [
    -8.306273388647411e+01,
    4.237855968034880e+01
  ],
  ""type"": ""Point""
}","{
  ""coordinates"": [
    -83.062733886,
    42.37855968
  ],
  ""type"": ""Point""
}",-83.062733886,42.3785596800001
9630,1395710,GRAND,W I 96,2018-06-07,7,6,2018,0,5,4,9,,4,0,Concrete,1,1,4,30,2,2,1,5,0,0,0,0,true,false,true,true,true,false,false,false,false,false,false,false,false,false,false,false,false,false,false,false,false,false,-83.11082,42.356,"{
  ""coordinates"": [
    -8.311082558121150e+01,
    4.235600426044420e+01
  ],
  ""type"": ""Point""
}","{
  ""coordinates"": [
    -83.110825581,
    42.35600426
  ],
  ""type"": ""Point""
}",-83.110825581,42.3560042600001
9631,1394576,GRAND,LAFAYETTE,2018-06-07,7,6,2018,19,5,4,9,,4,0,Concrete,1,1,1,30,3,2,4,4,0,0,0,2,false,false,true,true,false,false,false,false,false,false,false,false,false,false,true,false,false,false,false,false,false,false,-83.08474,42.31696,"{
  ""coordinates"": [
    -8.308474312710381e+01,
    4.231695794003310e+01
  ],
  ""type"": ""Point""
}","{
  ""coordinates"": [
    -83.084743127,
    42.31695794
  ],
  ""type"": ""Point""
}",-83.084743127,42.3169579400001
9632,1394483,I 94,DICKERSON,2018-06-07,7,6,2018,8,5,5,1,,1,0,Asphalt,1,1,1,55,3,2,2,5,0,0,0,0,true,false,false,false,false,false,false,false,false,false,false,false,false,false,false,false,false,false,false,false,false,false,-82.97099,42.4021,"{
  ""coordinates"": [
    -8.297099565550130e+01,
    4.240209650505460e+01
  ],
  ""type"": ""Point""
}","{
  ""coordinates"": [
    -82.970995656,
    42.402096505
  ],
  ""type"": ""Point""
}",-82.970995656,42.402096505
9633,1394523,RAMP 009A,N M 39,2018-06-07,7,6,2018,16,5,5,3,,1,0,Asphalt,1,1,1,55,1,2,2,5,0,0,0,0,true,false,false,false,false,false,false,false,false,false,false,false,false,false,false,false,false,false,false,false,false,false,-83.21799,42.39811,"{
  ""coordinates"": [
    -8.321798941156329e+01,
    4.239811158414410e+01
  ],
  ""type"": ""Point""
}","{
  ""coordinates"": [
    -83.217989412,
    42.398111584
  ],
  ""type"": ""Point""
}",-83.217989412,42.398111584
9634,1394510,I-94,14TH,2018-06-07,7,6,2018,20,5,5,1,,1,0,Asphalt,1,1,1,55,3,2,2,5,0,0,0,0,true,false,false,false,false,false,false,false,false,false,false,false,false,false,false,false,false,false,false,false,false,false,-83.08801,42.35373,"{
  ""coordinates"": [
    -8.308801549136371e+01,
    4.235372778116100e+01
  ],
  ""type"": ""Point""
}","{
  ""coordinates"": [
    -83.088015491,
    42.353727781
  ],
  ""type"": ""Point""
}",-83.088015491,42.353727781
9635,1394541,MCNICHOLS,FREELAND,2018-06-07,7,6,2018,18,5,5,9,,2,0,Asphalt,1,1,1,35,4,2,2,3,0,0,1,1,false,false,false,false,true,false,false,false,false,false,false,false,false,false,false,false,false,false,false,false,false,false,-83.18619,42.41651,"{
  ""coordinates"": [
    -8.318618809438949e+01,
    4.241651153856130e+01
  ],
  ""type"": ""Point""
}","{
  ""coordinates"": [
    -83.186188094,
    42.416511539
  ],
  ""type"": ""Point""
}",-83.186188094,42.4165115390001
9636,1395711,DAVISON,OAKMAN,2018-06-07,7,6,2018,15,5,5,3,,1,0,Concrete,1,1,1,35,3,3,1,5,0,0,0,0,true,false,false,false,true,false,false,false,false,false,false,false,false,true,false,false,false,false,false,false,false,false,-83.14384,42.38644,"{
  ""coordinates"": [
    -8.314384032027441e+01,
    4.238644367199670e+01
  ],
  ""type"": ""Point""
}","{
  ""coordinates"": [
    -83.14384032,
    42.386443672
  ],
  ""type"": ""Point""
}",-83.14384032,42.386443672
9637,1398432,JEFFERSON,RANDOLPH,2018-06-07,7,6,2018,14,5,5,4,,1,0,Asphalt,1,1,1,25,3,2,5,5,0,0,0,0,true,false,false,false,false,false,false,false,false,false,false,false,false,false,false,false,false,false,false,false,false,false,-83.04197,42.32997,"{
  ""coordinates"": [
    -8.304196735902740e+01,
    4.232996638707650e+01
  ],
  ""type"": ""Point""
}","{
  ""coordinates"": [
    -83.041967359,
    42.329966387
  ],
  ""type"": ""Point""
}",-83.041967359,42.3299663870001
9638,1393290,7 MILE,OUTER,2018-06-07,7,6,2018,7,5,8,9,,2,0,Asphalt,1,1,1,,2,2,0,5,0,0,0,0,true,true,false,false,false,false,false,false,false,false,true,false,false,false,false,false,false,false,false,false,false,false,-83.17587,42.43116,"{
  ""coordinates"": [
    -8.317587110315640e+01,
    4.243116447432960e+01
  ],
  ""type"": ""Point""
}","{
  ""coordinates"": [
    -83.175871103,
    42.431164474
  ],
  ""type"": ""Point""
}",-83.175871103,42.4311644740001
9639,1393296,JAMES COUZENS,MOTOR,2018-06-07,7,6,2018,1,5,8,3,,1,0,Asphalt,1,1,4,55,6,2,2,5,0,0,0,0,true,false,false,false,true,false,false,false,false,false,false,false,false,false,false,false,false,false,false,false,false,false,-83.20326,42.44421,"{
  ""coordinates"": [
    -8.320326204228920e+01,
    4.244421266836640e+01
  ],
  ""type"": ""Point""
}","{
  ""coordinates"": [
    -83.203262042,
    42.444212668
  ],
  ""type"": ""Point""
}",-83.2032620419999,42.444212668