ObjectId,Crash ID,Primary Road,Intersecting Road,Crash Date,Day,Month,Year,Hour,Weekday,Crash Type Code,Highway Classification Code,Community Code,Jurisdiction Code,Lane Departure Type Code,Surface Type,Road Condition,Weather Condition,Lighting Condition,Speed Limit,Lanes,Units,Occupants,Most Severe Injury,Fatal Injuries,Suspected Serious Injuries,Suspected Minor Injuries,Possible Injuries,Property Damage Only,Secondary Crash,Traffic Control,Red Light Run,Hit and Run,Alcohol,Drugs,Unbelted Person,Work Zone,Speeding Driver,Distracted Driver,Driveway,Pedestrian,Elderly Driver,Young Driver,Commercial Vehicle,Emergency Vehicles,Train,School Bus,Motorcycle,Bicycle,Deer,Longitude,Latitude,geom,geog,x,y
9804,1391495,MOENART,7 MILE,2018-06-05,5,6,2018,5,3,10,9,,,0,,1,2,1,20,2,2,1,5,0,0,0,0,true,false,false,false,false,false,false,false,false,false,false,true,false,false,false,false,false,false,false,false,false,false,-83.05023,42.43348,"{
  ""coordinates"": [
    -8.305023149523350e+01,
    4.243348499675940e+01
  ],
  ""type"": ""Point""
}","{
  ""coordinates"": [
    -83.050231495,
    42.433484997
  ],
  ""type"": ""Point""
}",-83.0502314949999,42.4334849970001
9805,1390544,8 MILE,TELEGRAPH,2018-06-05,5,6,2018,7,3,5,3,,1,0,Concrete,1,1,1,45,5,2,2,5,0,0,0,0,true,false,false,false,false,false,false,false,false,false,false,false,false,false,false,false,false,false,false,false,false,false,-83.27842,42.44274,"{
  ""coordinates"": [
    -8.327841982041819e+01,
    4.244273776451830e+01
  ],
  ""type"": ""Point""
}","{
  ""coordinates"": [
    -83.27841982,
    42.442737765
  ],
  ""type"": ""Point""
}",-83.27841982,42.4427377650001
9806,1403067,GRAND,TOLEDO,2018-06-05,5,6,2018,9,3,97,9,,4,0,Concrete,1,1,1,25,2,1,1,5,0,0,0,0,true,false,false,false,false,false,false,false,false,false,false,false,false,false,false,true,false,false,false,false,false,false,-83.09268,42.32762,"{
  ""coordinates"": [
    -8.309267956022030e+01,
    4.232761832582400e+01
  ],
  ""type"": ""Point""
}","{
  ""coordinates"": [
    -83.09267956,
    42.327618326
  ],
  ""type"": ""Point""
}",-83.09267956,42.327618326
9807,1392355,GREENFIELD,E I 96 CD,2018-06-05,5,6,2018,23,3,5,1,,2,0,Concrete,1,1,1,35,5,2,1,5,0,0,0,0,true,false,false,false,true,false,false,false,false,false,false,false,false,false,false,false,false,false,false,false,false,false,-83.19804,42.37894,"{
  ""coordinates"": [
    -8.319803586710880e+01,
    4.237894099076180e+01
  ],
  ""type"": ""Point""
}","{
  ""coordinates"": [
    -83.198035867,
    42.378940991
  ],
  ""type"": ""Point""
}",-83.198035867,42.378940991
9808,1397513,I 94,MOUNT ELLIOTT,2018-06-05,5,6,2018,4,3,1,1,,1,1,Asphalt,2,4,4,55,3,1,1,5,0,0,0,0,true,false,false,false,false,false,false,false,false,true,false,false,false,false,false,true,false,false,false,false,false,false,-83.03415,42.37894,"{
  ""coordinates"": [
    -8.303414698637880e+01,
    4.237893845045250e+01
  ],
  ""type"": ""Point""
}","{
  ""coordinates"": [
    -83.034146986,
    42.37893845
  ],
  ""type"": ""Point""
}",-83.0341469859999,42.3789384500001
9809,1391496,ARDMORE,OUTER,2018-06-05,5,6,2018,10,3,4,9,,,0,,1,2,1,25,1,2,5,5,0,0,0,0,true,false,false,false,false,false,false,false,true,false,false,false,false,false,false,true,false,false,false,false,false,false,-83.18486,42.42022,"{
  ""coordinates"": [
    -8.318485703204280e+01,
    4.242021946231420e+01
  ],
  ""type"": ""Point""
}","{
  ""coordinates"": [
    -83.184857032,
    42.420219462
  ],
  ""type"": ""Point""
}",-83.184857032,42.420219462
9810,1393292,7 MILE,ROSELAWN,2018-06-05,5,6,2018,20,3,2,9,,2,0,Asphalt,1,1,3,,6,2,2,3,0,0,1,0,false,false,false,false,true,true,false,true,false,false,false,false,false,false,false,false,false,false,false,false,false,false,-83.15307,42.4314,"{
  ""coordinates"": [
    -8.315306840925960e+01,
    4.243140441815750e+01
  ],
  ""type"": ""Point""
}","{
  ""coordinates"": [
    -83.153068409,
    42.431404418
  ],
  ""type"": ""Point""
}",-83.153068409,42.4314044180001
9811,1391494,7 MILE,OUTER,2018-06-05,5,6,2018,13,3,4,9,,2,0,Asphalt,1,1,1,,2,2,1,5,0,0,0,0,true,false,false,false,true,false,false,false,false,false,false,false,false,false,false,false,false,false,false,false,false,false,-83.17599,42.43116,"{
  ""coordinates"": [
    -8.317598844324699e+01,
    4.243116278834760e+01
  ],
  ""type"": ""Point""
}","{
  ""coordinates"": [
    -83.175988443,
    42.431162788
  ],
  ""type"": ""Point""
}",-83.1759884429999,42.4311627880001
9812,1391489,MCNICHOLS,OAKLAND,2018-06-05,5,6,2018,18,3,8,9,,4,0,Asphalt,1,1,1,30,5,2,1,5,0,0,0,0,true,false,false,false,true,false,false,false,false,false,false,true,false,false,false,false,false,false,false,false,false,false,-83.09611,42.41801,"{
  ""coordinates"": [
    -8.309611063180149e+01,
    4.241801246712170e+01
  ],
  ""type"": ""Point""
}","{
  ""coordinates"": [
    -83.096110632,
    42.418012467
  ],
  ""type"": ""Point""
}",-83.096110632,42.418012467
9813,1393253,HARVARD,WAVENEY,2018-06-05,5,6,2018,23,3,4,9,,,0,,1,1,4,25,2,2,0,5,0,0,0,0,true,false,false,false,true,false,false,false,false,false,false,false,false,false,false,false,false,false,false,false,false,false,-82.92769,42.40085,"{
  ""coordinates"": [
    -8.292769204707820e+01,
    4.240084673594370e+01
  ],
  ""type"": ""Point""
}","{
  ""coordinates"": [
    -82.927692047,
    42.400846736
  ],
  ""type"": ""Point""
}",-82.9276920469999,42.4008467360001
9814,1391461,BEWICK,MACK,2018-06-05,5,6,2018,10,3,4,9,,,0,,1,1,1,30,2,2,2,5,0,0,0,0,true,false,false,false,true,false,false,false,false,true,false,false,false,true,false,false,false,false,false,false,false,false,-82.98875,42.37448,"{
  ""coordinates"": [
    -8.298875601623691e+01,
    4.237447730030420e+01
  ],
  ""type"": ""Point""
}","{
  ""coordinates"": [
    -82.988756016,
    42.3744773
  ],
  ""type"": ""Point""
}",-82.988756016,42.3744773000001
9815,1392333,I-96,CHICAGO,2018-06-05,5,6,2018,6,3,1,1,,1,1,Asphalt,2,2,2,70,4,1,1,5,0,0,0,0,true,false,false,false,false,false,false,false,false,true,false,false,false,false,true,false,false,false,false,false,false,false,-83.13942,42.36762,"{
  ""coordinates"": [
    -8.313942168791721e+01,
    4.236762104120660e+01
  ],
  ""type"": ""Point""
}","{
  ""coordinates"": [
    -83.139421688,
    42.367621041
  ],
  ""type"": ""Point""
}",-83.139421688,42.3676210410001
9816,1391460,JEFFERSON,CONNER,2018-06-05,5,6,2018,15,3,8,9,,4,0,Asphalt,1,1,1,35,5,2,2,5,0,0,0,0,true,false,false,false,false,false,false,false,false,false,false,false,false,false,false,false,false,false,false,false,false,false,-82.95891,42.37,"{
  ""coordinates"": [
    -8.295890529104210e+01,
    4.237000075680660e+01
  ],
  ""type"": ""Point""
}","{
  ""coordinates"": [
    -82.958905291,
    42.370000757
  ],
  ""type"": ""Point""
}",-82.958905291,42.3700007570001
9817,1397521,I 75,MACK,2018-06-05,5,6,2018,1,3,1,1,,1,1,Concrete,2,1,4,55,3,1,1,5,0,0,0,0,true,false,false,false,false,false,false,false,false,true,false,false,false,false,false,false,false,false,false,false,false,false,-83.04597,42.34784,"{
  ""coordinates"": [
    -8.304597199045450e+01,
    4.234784418657550e+01
  ],
  ""type"": ""Point""
}","{
  ""coordinates"": [
    -83.04597199,
    42.347844187
  ],
  ""type"": ""Point""
}",-83.0459719899999,42.3478441870001
9818,1397579,7 MILE,CHALMERS,2018-06-05,5,6,2018,16,3,4,9,,2,0,Asphalt,1,2,1,30,2,2,2,5,0,0,0,0,true,false,false,false,false,false,false,false,false,false,false,false,false,false,false,false,false,false,false,false,false,false,-82.97521,42.43513,"{
  ""coordinates"": [
    -8.297521336651900e+01,
    4.243513468331490e+01
  ],
  ""type"": ""Point""
}","{
  ""coordinates"": [
    -82.975213367,
    42.435134683
  ],
  ""type"": ""Point""
}",-82.975213367,42.4351346830001
9819,1393279,EWALD,FULLERTON,2018-06-05,5,6,2018,7,3,1,9,,4,1,Asphalt,1,1,1,25,1,1,2,4,0,0,0,1,false,false,false,false,false,false,false,false,false,false,false,false,false,false,false,false,false,false,false,false,false,false,-83.14519,42.38124,"{
  ""coordinates"": [
    -8.314518475970930e+01,
    4.238123628064480e+01
  ],
  ""type"": ""Point""
}","{
  ""coordinates"": [
    -83.14518476,
    42.381236281
  ],
  ""type"": ""Point""
}",-83.1451847599999,42.381236281
9820,1400904,OUTER,DICKERSON,2018-06-05,5,6,2018,17,3,5,9,,2,0,Asphalt,1,1,1,35,4,2,1,4,0,0,0,1,false,false,false,false,true,false,false,false,false,false,false,false,false,false,false,false,false,false,false,false,false,false,-82.9794,42.41191,"{
  ""coordinates"": [
    -8.297940039670711e+01,
    4.241191625454430e+01
  ],
  ""type"": ""Point""
}","{
  ""coordinates"": [
    -82.979400397,
    42.411916255
  ],
  ""type"": ""Point""
}",-82.9794003969999,42.4119162550001
9821,1393309,WARREN,S M 10,2018-06-05,5,6,2018,8,3,4,9,,4,0,Concrete,1,1,1,30,3,2,3,4,0,0,0,2,false,false,false,false,false,false,false,false,false,false,false,false,false,false,false,false,false,false,false,false,false,false,-83.07361,42.3537,"{
  ""coordinates"": [
    -8.307360596849330e+01,
    4.235370172855780e+01
  ],
  ""type"": ""Point""
}","{
  ""coordinates"": [
    -83.073605968,
    42.353701729
  ],
  ""type"": ""Point""
}",-83.073605968,42.3537017290001
9822,1393271,SANFORD,BRADFORD,2018-06-05,5,6,2018,19,3,5,9,,,0,,1,2,1,25,1,2,2,5,0,0,0,0,true,false,false,false,false,false,false,false,false,false,false,false,false,true,false,false,false,false,false,false,false,false,-82.99485,42.41352,"{
  ""coordinates"": [
    -8.299485008934830e+01,
    4.241351687932720e+01
  ],
  ""type"": ""Point""
}","{
  ""coordinates"": [
    -82.994850089,
    42.413516879
  ],
  ""type"": ""Point""
}",-82.994850089,42.413516879
9823,1391415,W I 94,CONNER,2018-06-05,5,6,2018,18,3,1,1,,1,1,Asphalt,1,1,1,55,3,1,1,4,0,0,0,1,false,false,false,false,false,false,false,false,false,true,false,false,false,false,false,false,false,false,false,false,false,false,-82.98792,42.39653,"{
  ""coordinates"": [
    -8.298791516106709e+01,
    4.239652768317220e+01
  ],
  ""type"": ""Point""
}","{
  ""coordinates"": [
    -82.987915161,
    42.396527683
  ],
  ""type"": ""Point""
}",-82.987915161,42.396527683
9824,1391493,RAMP 048A,MCNICHOLS,2018-06-05,5,6,2018,11,3,5,1,,1,0,Concrete,1,2,1,55,2,2,2,5,0,0,0,0,true,false,false,false,false,false,false,false,false,false,false,false,false,false,false,false,false,false,false,false,false,false,-83.08709,42.4181,"{
  ""coordinates"": [
    -8.308709179297141e+01,
    4.241810289675340e+01
  ],
  ""type"": ""Point""
}","{
  ""coordinates"": [
    -83.087091793,
    42.418102897
  ],
  ""type"": ""Point""
}",-83.087091793,42.418102897
9825,1391455,LAFAYETTE,WOODMERE,2018-06-05,5,6,2018,16,3,8,9,,,3,,1,1,1,25,1,2,2,5,0,0,0,0,true,false,false,false,false,false,false,false,false,false,false,false,false,false,false,false,true,false,false,false,false,false,-83.13209,42.29863,"{
  ""coordinates"": [
    -8.313209072872679e+01,
    4.229862930519820e+01
  ],
  ""type"": ""Point""
}","{
  ""coordinates"": [
    -83.132090729,
    42.298629305
  ],
  ""type"": ""Point""
}",-83.132090729,42.2986293050001
9826,1397502,I 94,CONNER,2018-06-05,5,6,2018,23,3,1,1,,1,1,Asphalt,1,1,4,55,3,1,2,2,0,1,1,0,false,false,false,false,false,false,false,false,false,true,false,false,false,false,false,false,false,false,false,false,false,false,-82.98795,42.3965,"{
  ""coordinates"": [
    -8.298795657731210e+01,
    4.239649693248240e+01
  ],
  ""type"": ""Point""
}","{
  ""coordinates"": [
    -82.987956577,
    42.396496932
  ],
  ""type"": ""Point""
}",-82.987956577,42.396496932
9827,1391463,CONNER,CHANDLER PARK,2018-06-05,5,6,2018,17,3,3,9,,4,0,Asphalt,1,2,1,35,6,2,2,5,0,0,0,0,true,false,false,false,false,false,false,false,false,false,false,false,false,true,false,true,false,false,false,false,false,false,-82.98318,42.39292,"{
  ""coordinates"": [
    -8.298317746089030e+01,
    4.239291864497840e+01
  ],
  ""type"": ""Point""
}","{
  ""coordinates"": [
    -82.983177461,
    42.392918645
  ],
  ""type"": ""Point""
}",-82.983177461,42.3929186450001
9828,1391475,GRAND RIVER,WESTBROOK,2018-06-05,5,6,2018,17,3,5,3,,1,0,Asphalt,1,2,1,35,5,3,4,4,0,0,0,1,false,false,false,false,false,false,false,false,false,false,false,false,false,false,false,false,false,false,false,false,false,false,-83.25112,42.41389,"{
  ""coordinates"": [
    -8.325112206330110e+01,
    4.241388971374240e+01
  ],
  ""type"": ""Point""
}","{
  ""coordinates"": [
    -83.251122063,
    42.413889714
  ],
  ""type"": ""Point""
}",-83.251122063,42.413889714
9829,1391418,W I 94,RAMP 222B,2018-06-05,5,6,2018,9,3,5,1,,1,0,Asphalt,1,1,1,55,3,2,2,5,0,0,0,0,true,false,false,false,false,false,false,false,false,false,false,false,false,false,true,false,false,false,false,false,false,false,-82.94629,42.41076,"{
  ""coordinates"": [
    -8.294628610590490e+01,
    4.241076050641200e+01
  ],
  ""type"": ""Point""
}","{
  ""coordinates"": [
    -82.946286106,
    42.410760506
  ],
  ""type"": ""Point""
}",-82.9462861059999,42.410760506
9830,1394536,TIREMAN,HUBBELL,2018-06-05,5,6,2018,16,3,8,9,,2,0,Asphalt,1,1,1,35,2,2,15,5,0,0,0,0,true,false,false,false,false,false,false,false,false,false,false,false,false,false,false,true,false,false,true,false,false,false,-83.18682,42.35108,"{
  ""coordinates"": [
    -8.318682363629530e+01,
    4.235108255974100e+01
  ],
  ""type"": ""Point""
}","{
  ""coordinates"": [
    -83.186823636,
    42.35108256
  ],
  ""type"": ""Point""
}",-83.186823636,42.3510825600001
9831,1391485,SEVEN MILE,DEAN,2018-06-05,5,6,2018,16,3,97,9,,4,0,Asphalt,1,2,1,30,1,2,1,5,0,0,0,0,true,false,false,false,true,false,false,false,false,false,false,false,false,false,false,false,false,false,false,false,false,false,-83.06199,42.43316,"{
  ""coordinates"": [
    -8.306199140681680e+01,
    4.243315520457190e+01
  ],
  ""type"": ""Point""
}","{
  ""coordinates"": [
    -83.061991407,
    42.433155205
  ],
  ""type"": ""Point""
}",-83.0619914069999,42.433155205
9832,1393234,DEACON,DOWNING,2018-06-05,5,6,2018,12,3,4,9,,,0,,1,1,1,25,3,2,2,5,0,0,0,0,true,false,false,false,false,false,false,false,false,false,false,false,false,false,false,false,false,false,false,false,false,false,-83.15228,42.26952,"{
  ""coordinates"": [
    -8.315227591505270e+01,
    4.226951614074940e+01
  ],
  ""type"": ""Point""
}","{
  ""coordinates"": [
    -83.152275915,
    42.269516141
  ],
  ""type"": ""Point""
}",-83.152275915,42.2695161410001
9833,1391488,MT ELLIOTT,HUBER35,2018-06-05,5,6,2018,8,3,8,9,,4,0,Asphalt,1,1,1,35,2,2,2,5,0,0,0,0,true,false,false,false,false,false,false,false,false,false,false,true,false,false,false,false,false,false,false,false,false,false,-83.03759,42.39769,"{
  ""coordinates"": [
    -8.303759124745621e+01,
    4.239768481071770e+01
  ],
  ""type"": ""Point""
}","{
  ""coordinates"": [
    -83.037591247,
    42.397684811
  ],
  ""type"": ""Point""
}",-83.037591247,42.397684811
9834,1404763,DAVISON,PETOSKEY,2018-06-04,4,6,2018,11,2,4,3,,1,0,Asphalt,1,1,1,30,6,2,1,5,0,0,0,0,true,false,false,false,true,false,false,false,false,false,false,false,false,false,false,false,false,false,false,false,false,false,-83.13537,42.38804,"{
  ""coordinates"": [
    -8.313537208963680e+01,
    4.238804397944250e+01
  ],
  ""type"": ""Point""
}","{
  ""coordinates"": [
    -83.13537209,
    42.388043979
  ],
  ""type"": ""Point""
}",-83.13537209,42.388043979
9835,1390564,MICHIGAN,MILITARY,2018-06-04,4,6,2018,16,2,5,2,,1,0,Asphalt,1,1,1,35,7,2,3,5,0,0,0,0,true,false,false,false,true,false,false,false,false,false,false,false,false,false,false,false,false,false,false,false,false,false,-83.11871,42.33112,"{
  ""coordinates"": [
    -8.311870547143251e+01,
    4.233111936764260e+01
  ],
  ""type"": ""Point""
}","{
  ""coordinates"": [
    -83.118705471,
    42.331119368
  ],
  ""type"": ""Point""
}",-83.1187054709999,42.331119368
9836,1404783,CASS,KIRBY,2018-06-04,4,6,2018,12,2,8,9,,4,0,Asphalt,1,1,1,25,4,2,2,5,0,0,0,0,true,false,false,false,false,false,false,false,false,false,false,false,false,false,false,false,false,false,false,false,false,false,-83.06837,42.35899,"{
  ""coordinates"": [
    -8.306837495199061e+01,
    4.235899217096430e+01
  ],
  ""type"": ""Point""
}","{
  ""coordinates"": [
    -83.068374952,
    42.358992171
  ],
  ""type"": ""Point""
}",-83.0683749519999,42.3589921710001
9837,1393297,MERTON,3RD,2018-06-04,4,6,2018,22,2,1,9,,,0,,1,1,98,30,4,2,1,3,0,0,1,0,false,false,false,false,false,false,false,false,false,false,false,true,true,false,false,false,false,false,false,false,false,false,-83.1145,42.41846,"{
  ""coordinates"": [
    -8.311450310166040e+01,
    4.241846161839600e+01
  ],
  ""type"": ""Point""
}","{
  ""coordinates"": [
    -83.114503102,
    42.418461618
  ],
  ""type"": ""Point""
}",-83.114503102,42.418461618
9838,1390552,EVERGREEN,MCNICHOLS,2018-06-04,4,6,2018,0,2,5,9,,4,0,Concrete,1,1,4,35,2,2,1,3,0,0,1,0,false,false,false,false,false,false,false,false,false,false,false,false,false,false,false,false,false,false,false,false,false,false,-83.2382,42.41509,"{
  ""coordinates"": [
    -8.323820035258960e+01,
    4.241509222222250e+01
  ],
  ""type"": ""Point""
}","{
  ""coordinates"": [
    -83.238200353,
    42.415092222
  ],
  ""type"": ""Point""
}",-83.238200353,42.4150922220001
9839,1390574,DAVISON,RYAN,2018-06-04,4,6,2018,15,2,5,9,,4,0,Asphalt,1,1,1,35,4,2,2,5,0,0,0,0,true,false,false,false,false,false,false,false,false,false,false,false,false,false,false,false,false,false,false,false,false,false,-83.06059,42.41586,"{
  ""coordinates"": [
    -8.306058832239140e+01,
    4.241586244615450e+01
  ],
  ""type"": ""Point""
}","{
  ""coordinates"": [
    -83.060588322,
    42.415862446
  ],
  ""type"": ""Point""
}",-83.0605883219999,42.4158624460001
9840,1390555,7 MILE,WINSTON,2018-06-04,4,6,2018,12,2,5,9,,2,0,Asphalt,1,1,1,30,4,3,2,5,0,0,0,0,true,false,false,false,true,false,false,false,false,false,false,false,false,true,false,false,false,false,false,false,false,false,-83.28529,42.42863,"{
  ""coordinates"": [
    -8.328529662412789e+01,
    4.242862962285820e+01
  ],
  ""type"": ""Point""
}","{
  ""coordinates"": [
    -83.285296624,
    42.428629623
  ],
  ""type"": ""Point""
}",-83.285296624,42.4286296230001
9841,1390577,CURTIS,STEEL,2018-06-04,4,6,2018,19,2,4,9,,4,0,Asphalt,1,1,1,30,2,2,4,5,0,0,0,0,true,true,false,false,false,false,false,false,false,false,false,false,false,false,true,false,false,false,false,false,false,false,-83.17274,42.42396,"{
  ""coordinates"": [
    -8.317274033540100e+01,
    4.242395773559350e+01
  ],
  ""type"": ""Point""
}","{
  ""coordinates"": [
    -83.172740335,
    42.423957736
  ],
  ""type"": ""Point""
}",-83.172740335,42.423957736
9842,1391403,I-94,TRUMBULL,2018-06-04,4,6,2018,9,2,5,1,,1,0,Asphalt,1,1,1,55,3,2,2,5,0,0,0,0,true,false,false,false,false,false,false,false,false,false,false,false,false,false,false,false,false,false,false,false,false,false,-83.07354,42.36071,"{
  ""coordinates"": [
    -8.307354106189740e+01,
    4.236071194848090e+01
  ],
  ""type"": ""Point""
}","{
  ""coordinates"": [
    -83.073541062,
    42.360711948
  ],
  ""type"": ""Point""
}",-83.0735410619999,42.3607119480001
9843,1392356,WOODWARD,ALFRED,2018-06-04,4,6,2018,15,2,8,3,,1,0,Asphalt,1,1,1,30,8,2,3,4,0,0,0,1,false,false,false,false,false,false,false,true,false,false,false,false,false,false,false,true,false,false,false,false,false,false,-83.05477,42.34274,"{
  ""coordinates"": [
    -8.305477094435351e+01,
    4.234274116287950e+01
  ],
  ""type"": ""Point""
}","{
  ""coordinates"": [
    -83.054770944,
    42.342741163
  ],
  ""type"": ""Point""
}",-83.054770944,42.342741163
9844,1391464,SOUTHFIELD SERVICE DRIVE,I 96 SERVICE DRIVE,2018-06-04,4,6,2018,15,2,5,9,,4,0,Asphalt,1,1,1,55,5,2,1,5,0,0,0,0,true,false,false,false,false,false,false,false,false,false,false,false,false,false,false,false,false,false,false,false,false,false,-83.21654,42.37811,"{
  ""coordinates"": [
    -8.321653921684960e+01,
    4.237811057037120e+01
  ],
  ""type"": ""Point""
}","{
  ""coordinates"": [
    -83.216539217,
    42.37811057
  ],
  ""type"": ""Point""
}",-83.216539217,42.37811057
9845,1391431,I-94,CONNER,2018-06-04,4,6,2018,8,2,5,1,,1,0,Asphalt,1,1,1,55,3,3,4,5,0,0,0,0,true,false,false,false,false,false,false,false,false,false,false,false,false,false,false,false,false,false,false,false,false,false,-82.9976,42.39223,"{
  ""coordinates"": [
    -8.299759784983679e+01,
    4.239222904017610e+01
  ],
  ""type"": ""Point""
}","{
  ""coordinates"": [
    -82.99759785,
    42.39222904
  ],
  ""type"": ""Point""
}",-82.99759785,42.3922290400001
9846,1391465,SENECA,MEDBURY,2018-06-04,4,6,2018,15,2,4,9,,,0,,1,1,1,25,2,2,3,3,0,0,1,0,false,false,false,false,false,false,false,false,false,false,false,false,false,true,false,false,false,false,false,false,false,false,-83.01295,42.38514,"{
  ""coordinates"": [
    -8.301294528162801e+01,
    4.238513748782870e+01
  ],
  ""type"": ""Point""
}","{
  ""coordinates"": [
    -83.012945282,
    42.385137488
  ],
  ""type"": ""Point""
}",-83.012945282,42.3851374880001
9847,1392353,STOEPEL,CHICAGO,2018-06-04,4,6,2018,13,2,1,9,,,0,,1,1,1,35,2,1,4,2,0,4,0,0,false,false,false,false,false,false,false,false,false,false,false,false,false,false,false,false,false,false,false,false,false,false,-83.13995,42.36663,"{
  ""coordinates"": [
    -8.313994313908410e+01,
    4.236663252941180e+01
  ],
  ""type"": ""Point""
}","{
  ""coordinates"": [
    -83.139943139,
    42.366632529
  ],
  ""type"": ""Point""
}",-83.139943139,42.3666325290001
9848,1394596,FENKELL,N M 39,2018-06-04,4,6,2018,15,2,8,9,,2,0,Asphalt,1,1,1,35,3,2,2,5,0,0,0,0,true,false,false,false,false,false,false,false,false,false,false,false,false,true,false,false,false,false,false,false,false,false,-83.21825,42.40113,"{
  ""coordinates"": [
    -8.321825021394849e+01,
    4.240112519875780e+01
  ],
  ""type"": ""Point""
}","{
  ""coordinates"": [
    -83.218250214,
    42.401125199
  ],
  ""type"": ""Point""
}",-83.218250214,42.401125199
9849,1406824,FORT,GREEN,2018-06-04,4,6,2018,12,2,8,3,,1,0,Asphalt,1,1,1,30,4,2,0,5,0,0,0,0,true,false,false,false,true,false,false,false,false,false,false,false,false,false,false,false,false,false,false,false,false,false,-83.1131,42.30257,"{
  ""coordinates"": [
    -8.311309534543381e+01,
    4.230257330048820e+01
  ],
  ""type"": ""Point""
}","{
  ""coordinates"": [
    -83.113095345,
    42.3025733
  ],
  ""type"": ""Point""
}",-83.113095345,42.3025733000001
9850,1389544,WINDSOR,DEVONSHIRE,2018-06-04,4,6,2018,1,2,4,9,,,0,,1,1,4,25,2,2,1,5,0,0,0,0,true,false,false,false,true,false,false,false,false,false,false,false,false,false,false,false,false,false,false,false,false,false,-82.93655,42.39344,"{
  ""coordinates"": [
    -8.293654625170601e+01,
    4.239344118854920e+01
  ],
  ""type"": ""Point""
}","{
  ""coordinates"": [
    -82.936546252,
    42.393441189
  ],
  ""type"": ""Point""
}",-82.936546252,42.393441189
9851,1400828,CASS,PUTNAM,2018-06-04,4,6,2018,12,2,8,9,,4,0,Asphalt,1,1,1,,2,2,1,5,0,0,0,0,true,false,false,false,false,false,false,false,false,false,false,false,false,true,false,true,false,false,false,false,false,false,-83.06722,42.35698,"{
  ""coordinates"": [
    -8.306722468206480e+01,
    4.235697706909590e+01
  ],
  ""type"": ""Point""
}","{
  ""coordinates"": [
    -83.067224682,
    42.356977069
  ],
  ""type"": ""Point""
}",-83.067224682,42.356977069
9852,1391428,I 94 E/B,RUSSELL,2018-06-04,4,6,2018,16,2,8,1,,1,0,Asphalt,1,1,1,55,3,2,1,5,0,0,0,0,true,false,false,false,true,false,false,false,false,false,false,false,false,false,false,false,false,false,false,false,false,false,-83.06064,42.36711,"{
  ""coordinates"": [
    -8.306063559904410e+01,
    4.236710937057970e+01
  ],
  ""type"": ""Point""
}","{
  ""coordinates"": [
    -83.060635599,
    42.367109371
  ],
  ""type"": ""Point""
}",-83.060635599,42.367109371
9853,1406194,GREENFIELD,WARREN,2018-06-04,4,6,2018,15,2,1,9,,2,1,Asphalt,1,1,1,35,4,1,1,5,0,0,0,0,true,false,false,false,false,false,false,false,false,false,false,false,false,false,false,false,false,false,false,false,false,false,-83.19627,42.34327,"{
  ""coordinates"": [
    -8.319627709905980e+01,
    4.234326593404330e+01
  ],
  ""type"": ""Point""
}","{
  ""coordinates"": [
    -83.196277099,
    42.343265934
  ],
  ""type"": ""Point""
}",-83.196277099,42.343265934
9854,1391483,GRATIOT,FINDLAY,2018-06-04,4,6,2018,18,2,2,3,,1,0,Asphalt,1,1,1,35,2,2,3,3,0,0,1,1,false,false,false,false,false,false,false,false,false,false,false,false,false,false,true,false,false,false,false,false,false,false,-82.98948,42.41715,"{
  ""coordinates"": [
    -8.298948224476349e+01,
    4.241715417332140e+01
  ],
  ""type"": ""Point""
}","{
  ""coordinates"": [
    -82.989482245,
    42.417154173
  ],
  ""type"": ""Point""
}",-82.989482245,42.417154173
9855,1390535,MICHIGAN,WABASH,2018-06-04,4,6,2018,12,2,8,2,,1,0,Asphalt,1,1,1,35,5,2,3,5,0,0,0,0,true,false,false,false,false,false,false,false,false,false,false,false,false,false,false,false,false,false,false,false,false,false,-83.075,42.33138,"{
  ""coordinates"": [
    -8.307499412539130e+01,
    4.233137448625870e+01
  ],
  ""type"": ""Point""
}","{
  ""coordinates"": [
    -83.074994125,
    42.331374486
  ],
  ""type"": ""Point""
}",-83.074994125,42.3313744860001
9856,1390548,JEFFERSON,GRAND,2018-06-04,4,6,2018,10,2,5,9,,4,0,Concrete,1,1,1,35,8,2,2,5,0,0,0,0,true,false,false,false,false,false,false,false,false,false,false,false,false,false,false,false,false,false,false,false,false,false,-83.00187,42.34725,"{
  ""coordinates"": [
    -8.300186538963329e+01,
    4.234724951682270e+01
  ],
  ""type"": ""Point""
}","{
  ""coordinates"": [
    -83.00186539,
    42.347249517
  ],
  ""type"": ""Point""
}",-83.00186539,42.3472495170001
9857,1391477,7 MILE,BURT,2018-06-04,4,6,2018,12,2,4,9,,2,0,Asphalt,1,1,1,35,4,2,2,4,0,0,0,1,false,false,false,false,false,false,false,false,false,false,false,false,false,false,false,false,false,false,false,false,false,false,-83.24853,42.42934,"{
  ""coordinates"": [
    -8.324852689148440e+01,
    4.242933716894180e+01
  ],
  ""type"": ""Point""
}","{
  ""coordinates"": [
    -83.248526891,
    42.429337169
  ],
  ""type"": ""Point""
}",-83.248526891,42.4293371690001