ObjectId,Crash ID,Primary Road,Intersecting Road,Crash Date,Day,Month,Year,Hour,Weekday,Crash Type Code,Highway Classification Code,Community Code,Jurisdiction Code,Lane Departure Type Code,Surface Type,Road Condition,Weather Condition,Lighting Condition,Speed Limit,Lanes,Units,Occupants,Most Severe Injury,Fatal Injuries,Suspected Serious Injuries,Suspected Minor Injuries,Possible Injuries,Property Damage Only,Secondary Crash,Traffic Control,Red Light Run,Hit and Run,Alcohol,Drugs,Unbelted Person,Work Zone,Speeding Driver,Distracted Driver,Driveway,Pedestrian,Elderly Driver,Young Driver,Commercial Vehicle,Emergency Vehicles,Train,School Bus,Motorcycle,Bicycle,Deer,Longitude,Latitude,geom,geog,x,y
9858,1392349,S I 375 SERVICE DRIVE,LARNED,2018-06-04,4,6,2018,17,2,97,1,,4,0,Asphalt,1,1,1,30,3,2,0,4,0,0,0,1,false,false,false,false,true,false,false,false,false,false,false,false,true,false,false,false,false,false,false,false,false,false,-83.03684,42.3333,"{
  ""coordinates"": [
    -8.303684610441780e+01,
    4.233330073993350e+01
  ],
  ""type"": ""Point""
}","{
  ""coordinates"": [
    -83.036846104,
    42.33330074
  ],
  ""type"": ""Point""
}",-83.0368461039999,42.33330074
9859,1391401,S M 39,7 MILE,2018-06-04,4,6,2018,7,2,5,3,,1,0,Concrete,1,1,1,55,3,2,2,5,0,0,0,0,true,false,false,false,false,false,false,false,false,false,false,false,false,false,false,false,false,false,false,false,false,false,-83.21946,42.43139,"{
  ""coordinates"": [
    -8.321946047840400e+01,
    4.243138939020990e+01
  ],
  ""type"": ""Point""
}","{
  ""coordinates"": [
    -83.219460478,
    42.43138939
  ],
  ""type"": ""Point""
}",-83.219460478,42.43138939
9860,1391413,M-39,I-96,2018-06-04,4,6,2018,16,2,5,3,,1,0,Asphalt,1,1,1,55,3,3,2,5,0,0,0,0,true,false,false,false,true,false,false,false,false,false,false,false,false,false,false,false,false,false,false,false,false,false,-83.2167,42.37502,"{
  ""coordinates"": [
    -8.321670048508000e+01,
    4.237501955039120e+01
  ],
  ""type"": ""Point""
}","{
  ""coordinates"": [
    -83.216700485,
    42.37501955
  ],
  ""type"": ""Point""
}",-83.216700485,42.37501955
9861,1390541,WARREN,FAUST,2018-06-04,4,6,2018,10,2,5,9,,2,0,Asphalt,1,1,1,35,4,2,2,5,0,0,0,0,true,false,false,false,false,false,false,false,false,false,false,false,false,false,false,false,false,false,false,false,false,false,-83.2208,42.34333,"{
  ""coordinates"": [
    -8.322079890199180e+01,
    4.234332745723090e+01
  ],
  ""type"": ""Point""
}","{
  ""coordinates"": [
    -83.220798902,
    42.343327457
  ],
  ""type"": ""Point""
}",-83.220798902,42.343327457
9862,1391404,I-94,M-10,2018-06-04,4,6,2018,11,2,5,1,,1,0,Asphalt,1,1,1,55,3,2,2,5,0,0,0,0,true,false,false,false,false,false,false,false,false,false,false,false,false,false,false,true,false,false,false,false,false,false,-83.08448,42.35485,"{
  ""coordinates"": [
    -8.308447922929750e+01,
    4.235485454283380e+01
  ],
  ""type"": ""Point""
}","{
  ""coordinates"": [
    -83.084479229,
    42.354854543
  ],
  ""type"": ""Point""
}",-83.084479229,42.354854543
9863,1392364,MOUNT ELLIOTT,GRATIOT,2018-06-04,4,6,2018,16,2,4,3,,4,0,Asphalt,1,1,1,35,2,2,2,5,0,0,0,0,true,false,true,true,false,false,false,false,false,false,false,false,false,false,false,false,false,false,false,false,false,false,-83.02399,42.36489,"{
  ""coordinates"": [
    -8.302399530421300e+01,
    4.236488635843300e+01
  ],
  ""type"": ""Point""
}","{
  ""coordinates"": [
    -83.023995304,
    42.364886358
  ],
  ""type"": ""Point""
}",-83.023995304,42.364886358
9864,1391435,I 94,LIVERNOIS,2018-06-04,4,6,2018,16,2,5,1,,1,0,Asphalt,1,1,1,55,3,3,4,5,0,0,0,0,true,false,false,false,false,false,false,false,false,false,false,false,false,false,true,false,false,false,false,false,false,false,-83.12583,42.33694,"{
  ""coordinates"": [
    -8.312583112647590e+01,
    4.233693597061810e+01
  ],
  ""type"": ""Point""
}","{
  ""coordinates"": [
    -83.125831126,
    42.336935971
  ],
  ""type"": ""Point""
}",-83.125831126,42.3369359710001
9865,1391412,I-75,8 MILE,2018-06-04,4,6,2018,15,2,5,1,,1,0,Asphalt,1,1,1,70,4,2,3,5,0,0,0,0,true,false,false,false,false,false,false,false,false,false,false,false,false,false,false,false,false,false,false,false,false,false,-83.09494,42.43957,"{
  ""coordinates"": [
    -8.309493744758301e+01,
    4.243956582902900e+01
  ],
  ""type"": ""Point""
}","{
  ""coordinates"": [
    -83.094937448,
    42.439565829
  ],
  ""type"": ""Point""
}",-83.0949374479999,42.4395658290001
9866,1395693,DEXTER,FENKELL,2018-06-04,4,6,2018,18,2,3,9,,4,0,Asphalt,1,1,1,25,3,2,2,5,0,0,0,0,true,false,false,false,false,false,false,false,false,false,false,false,false,false,false,false,false,false,false,false,false,false,-83.13558,42.40277,"{
  ""coordinates"": [
    -8.313558312258070e+01,
    4.240276979760620e+01
  ],
  ""type"": ""Point""
}","{
  ""coordinates"": [
    -83.135583123,
    42.402769798
  ],
  ""type"": ""Point""
}",-83.1355831229999,42.4027697980001
9867,1393231,ROSA PARKS,MICHIGAN,2018-06-04,4,6,2018,5,2,5,2,,4,0,Asphalt,1,1,1,25,4,2,2,5,0,0,0,0,true,false,false,false,false,false,false,false,false,false,false,false,false,false,false,false,false,false,false,false,false,false,-83.07177,42.33137,"{
  ""coordinates"": [
    -8.307176972017230e+01,
    4.233136603252110e+01
  ],
  ""type"": ""Point""
}","{
  ""coordinates"": [
    -83.07176972,
    42.331366033
  ],
  ""type"": ""Point""
}",-83.07176972,42.3313660330001
9868,1393262,7 MILE,HEYDEN,2018-06-04,4,6,2018,19,2,4,9,,2,0,Asphalt,1,1,1,35,4,2,6,5,0,0,0,0,true,false,false,false,false,false,false,false,false,false,false,false,false,false,false,false,false,false,false,false,false,false,-83.24081,42.42952,"{
  ""coordinates"": [
    -8.324081695829121e+01,
    4.242952496046000e+01
  ],
  ""type"": ""Point""
}","{
  ""coordinates"": [
    -83.240816958,
    42.42952496
  ],
  ""type"": ""Point""
}",-83.240816958,42.42952496
9869,1391457,MICHIGAN,ROSA PARKS,2018-06-04,4,6,2018,13,2,8,2,,1,0,Asphalt,1,1,1,35,4,2,2,5,0,0,0,0,true,false,false,false,false,false,false,false,false,false,false,false,false,false,false,false,false,false,false,false,false,false,-83.07205,42.33139,"{
  ""coordinates"": [
    -8.307205437062611e+01,
    4.233139051499890e+01
  ],
  ""type"": ""Point""
}","{
  ""coordinates"": [
    -83.072054371,
    42.331390515
  ],
  ""type"": ""Point""
}",-83.072054371,42.3313905150001
9870,1393233,28TH,RICH,2018-06-04,4,6,2018,21,2,1,9,,,0,,1,1,4,25,1,1,1,4,0,0,0,1,false,false,false,false,false,false,false,false,false,false,false,false,false,false,false,false,false,false,false,false,false,false,-83.11025,42.33875,"{
  ""coordinates"": [
    -8.311025467093900e+01,
    4.233874721140240e+01
  ],
  ""type"": ""Point""
}","{
  ""coordinates"": [
    -83.110254671,
    42.338747211
  ],
  ""type"": ""Point""
}",-83.110254671,42.3387472110001
9871,1400853,WARREN,METTETAL,2018-06-04,4,6,2018,14,2,5,9,,2,0,Asphalt,1,1,1,35,5,2,1,5,0,0,0,0,true,false,false,false,false,false,false,false,false,false,false,false,false,false,false,false,false,false,false,false,false,false,-83.2047,42.34356,"{
  ""coordinates"": [
    -8.320470698110231e+01,
    4.234355605109660e+01
  ],
  ""type"": ""Point""
}","{
  ""coordinates"": [
    -83.204706981,
    42.343556051
  ],
  ""type"": ""Point""
}",-83.204706981,42.3435560510001
9872,1391458,CONNER,KERCHEVAL,2018-06-04,4,6,2018,18,2,8,9,,4,0,Concrete,1,1,1,35,5,2,2,5,0,0,0,0,true,false,false,false,false,false,false,false,false,false,false,false,false,false,false,false,false,false,false,false,false,false,-82.96134,42.37373,"{
  ""coordinates"": [
    -8.296134065001010e+01,
    4.237373138247130e+01
  ],
  ""type"": ""Point""
}","{
  ""coordinates"": [
    -82.96134065,
    42.373731382
  ],
  ""type"": ""Point""
}",-82.96134065,42.3737313820001
9873,1390529,LYNDON,MARLOWE,2018-06-04,4,6,2018,1,2,4,9,,4,0,Asphalt,1,1,4,25,4,2,2,5,0,0,0,0,true,false,true,false,false,false,false,false,false,false,false,false,false,false,false,false,false,false,false,false,false,false,-83.18963,42.39451,"{
  ""coordinates"": [
    -8.318962831202180e+01,
    4.239450963099810e+01
  ],
  ""type"": ""Point""
}","{
  ""coordinates"": [
    -83.189628312,
    42.394509631
  ],
  ""type"": ""Point""
}",-83.189628312,42.3945096310001
9874,1428781,W I 96,SOUTHFIELD SERVICE DRIVE,2018-06-04,4,6,2018,15,2,5,1,,1,0,Concrete,1,1,1,55,3,2,1,5,0,0,0,0,true,false,false,false,false,false,false,false,false,false,false,false,false,false,false,false,false,false,false,false,false,false,-83.21665,42.3788,"{
  ""coordinates"": [
    -8.321665062720891e+01,
    4.237880428171840e+01
  ],
  ""type"": ""Point""
}","{
  ""coordinates"": [
    -83.216650627,
    42.378804282
  ],
  ""type"": ""Point""
}",-83.216650627,42.378804282
9875,1390575,MEYERS,CURTIS,2018-06-04,4,6,2018,14,2,4,9,,4,0,Asphalt,1,1,1,30,2,2,3,5,0,0,0,0,true,false,false,false,false,false,false,false,false,false,false,true,false,false,false,false,false,false,false,false,false,false,-83.17041,42.42331,"{
  ""coordinates"": [
    -8.317040970029490e+01,
    4.242330567918790e+01
  ],
  ""type"": ""Point""
}","{
  ""coordinates"": [
    -83.1704097,
    42.423305679
  ],
  ""type"": ""Point""
}",-83.1704096999999,42.4233056790001
9876,1428878,FENKELL,GRAND RIVER,2018-06-04,4,6,2018,13,2,97,3,,2,0,Asphalt,1,1,1,35,4,2,1,5,0,0,0,0,true,false,false,false,false,false,false,false,false,true,false,false,false,true,false,false,false,false,false,false,false,false,-83.21931,42.4011,"{
  ""coordinates"": [
    -8.321930730066690e+01,
    4.240109927089870e+01
  ],
  ""type"": ""Point""
}","{
  ""coordinates"": [
    -83.219307301,
    42.401099271
  ],
  ""type"": ""Point""
}",-83.219307301,42.4010992710001
9877,1395702,SEEBALDT,NORTHFIELD,2018-06-04,4,6,2018,21,2,5,9,,,0,,1,1,5,25,2,2,0,5,0,0,0,0,true,false,false,false,true,false,false,false,false,false,false,true,false,false,false,false,false,false,false,false,false,false,-83.12451,42.35322,"{
  ""coordinates"": [
    -8.312451464537379e+01,
    4.235322273626360e+01
  ],
  ""type"": ""Point""
}","{
  ""coordinates"": [
    -83.124514645,
    42.353222736
  ],
  ""type"": ""Point""
}",-83.124514645,42.3532227360001
9878,1391402,N M 39,JOY,2018-06-04,4,6,2018,15,2,5,3,,1,0,Asphalt,1,1,1,55,3,2,2,5,0,0,0,0,true,false,false,false,false,false,false,false,false,false,false,false,false,true,false,false,false,false,false,false,false,false,-83.21641,42.3592,"{
  ""coordinates"": [
    -8.321640695458019e+01,
    4.235919862363710e+01
  ],
  ""type"": ""Point""
}","{
  ""coordinates"": [
    -83.216406955,
    42.359198624
  ],
  ""type"": ""Point""
}",-83.216406955,42.359198624
9879,1392394,ANTHONY WAYNE,KIRBY,2018-06-04,4,6,2018,16,2,8,9,,4,0,Asphalt,1,1,1,25,4,2,1,5,0,0,0,0,true,false,false,false,true,false,false,false,false,false,false,false,false,false,true,false,false,false,false,false,false,false,-83.07328,42.35789,"{
  ""coordinates"": [
    -8.307327808734971e+01,
    4.235788896160580e+01
  ],
  ""type"": ""Point""
}","{
  ""coordinates"": [
    -83.073278087,
    42.357888962
  ],
  ""type"": ""Point""
}",-83.0732780869999,42.3578889620001
9880,1428780,7 MILE,WINSTON,2018-06-04,4,6,2018,13,2,5,9,,2,0,Asphalt,1,1,1,35,2,3,3,5,0,0,0,0,true,false,false,false,false,false,false,false,false,false,false,false,false,false,true,false,false,false,false,false,false,false,-83.28371,42.4287,"{
  ""coordinates"": [
    -8.328371458427570e+01,
    4.242869550891890e+01
  ],
  ""type"": ""Point""
}","{
  ""coordinates"": [
    -83.283714584,
    42.428695509
  ],
  ""type"": ""Point""
}",-83.2837145839999,42.4286955090001
9881,1428842,FENKELL,LAHSER,2018-06-04,4,6,2018,17,2,5,9,,2,0,Asphalt,1,1,1,,2,2,2,5,0,0,0,0,true,false,false,false,false,false,false,false,false,false,false,false,false,false,false,false,false,false,false,false,false,false,-83.2571,42.40029,"{
  ""coordinates"": [
    -8.325710555368360e+01,
    4.240028740197000e+01
  ],
  ""type"": ""Point""
}","{
  ""coordinates"": [
    -83.257105554,
    42.400287402
  ],
  ""type"": ""Point""
}",-83.257105554,42.4002874020001
9882,1390528,SCHAEFER,BELTON,2018-06-04,4,6,2018,16,2,5,9,,4,0,Asphalt,1,1,1,30,2,2,2,5,0,0,0,0,true,false,false,false,true,false,false,false,false,false,false,false,false,false,false,false,false,false,false,false,false,false,-83.17729,42.35381,"{
  ""coordinates"": [
    -8.317729222437779e+01,
    4.235381278961110e+01
  ],
  ""type"": ""Point""
}","{
  ""coordinates"": [
    -83.177292224,
    42.35381279
  ],
  ""type"": ""Point""
}",-83.177292224,42.3538127900001
9883,1394638,RAMP 029A,N I 75,2018-06-04,4,6,2018,8,2,5,1,,1,0,Concrete,1,1,1,25,1,2,2,5,0,0,0,0,true,false,false,false,false,false,false,false,false,false,false,false,false,false,false,false,false,false,false,false,false,false,-83.1582,42.27631,"{
  ""coordinates"": [
    -8.315820080337710e+01,
    4.227631444828320e+01
  ],
  ""type"": ""Point""
}","{
  ""coordinates"": [
    -83.158200803,
    42.276314448
  ],
  ""type"": ""Point""
}",-83.1582008029999,42.2763144480001
9884,1392357,ROSA PARK,FERRY,2018-06-04,4,6,2018,22,2,4,9,,4,0,Asphalt,1,1,4,25,4,2,1,5,0,0,0,0,true,false,false,false,true,false,false,false,false,false,false,false,false,false,false,false,false,false,false,false,false,false,-83.09015,42.36242,"{
  ""coordinates"": [
    -8.309014780672911e+01,
    4.236242402026160e+01
  ],
  ""type"": ""Point""
}","{
  ""coordinates"": [
    -83.090147807,
    42.36242402
  ],
  ""type"": ""Point""
}",-83.0901478069999,42.36242402
9885,1390522,I-94,LIVERNOIS,2018-06-04,4,6,2018,14,2,5,1,,1,0,Asphalt,1,1,1,55,3,2,2,5,0,0,0,0,true,false,false,false,false,false,false,false,false,false,false,false,false,false,true,false,false,false,false,false,false,false,-83.13346,42.33391,"{
  ""coordinates"": [
    -8.313346317359419e+01,
    4.233391088470870e+01
  ],
  ""type"": ""Point""
}","{
  ""coordinates"": [
    -83.133463174,
    42.333910885
  ],
  ""type"": ""Point""
}",-83.133463174,42.3339108850001
9886,1391445,I-94,MT ELLIOT,2018-06-04,4,6,2018,18,2,8,1,,1,0,Concrete,1,1,1,55,3,2,1,5,0,0,0,0,true,false,false,false,true,false,false,false,false,false,false,false,false,false,false,true,false,false,false,false,false,false,-83.04249,42.37587,"{
  ""coordinates"": [
    -8.304248451661060e+01,
    4.237587074584230e+01
  ],
  ""type"": ""Point""
}","{
  ""coordinates"": [
    -83.042484517,
    42.375870746
  ],
  ""type"": ""Point""
}",-83.0424845169999,42.375870746
9887,1395699,PRAIRE,ELMHURST,2018-06-04,4,6,2018,20,2,5,9,,,0,,1,1,1,25,2,2,2,5,0,0,0,0,true,false,false,false,false,false,false,false,false,false,false,false,false,false,false,false,false,false,false,false,false,false,-83.14352,42.37745,"{
  ""coordinates"": [
    -8.314352180674800e+01,
    4.237744490451270e+01
  ],
  ""type"": ""Point""
}","{
  ""coordinates"": [
    -83.143521807,
    42.377444905
  ],
  ""type"": ""Point""
}",-83.143521807,42.3774449050001
9888,1424251,GREENFEILD,CHICAGO,2018-06-04,4,6,2018,5,2,1,9,,2,1,Asphalt,1,1,4,35,5,1,0,5,0,0,0,0,true,false,false,false,false,false,false,false,false,false,false,false,false,false,false,false,false,false,false,false,false,false,-83.1973,42.36592,"{
  ""coordinates"": [
    -8.319729764749241e+01,
    4.236591839879630e+01
  ],
  ""type"": ""Point""
}","{
  ""coordinates"": [
    -83.197297647,
    42.365918399
  ],
  ""type"": ""Point""
}",-83.197297647,42.3659183990001
9889,1403906,I-94,MT ELLIOT,2018-06-04,4,6,2018,10,2,5,1,,1,0,Asphalt,1,2,1,55,3,2,2,3,0,0,2,1,false,false,false,false,false,false,false,false,false,false,false,false,false,false,false,true,false,false,false,false,false,false,-83.03117,42.38226,"{
  ""coordinates"": [
    -8.303117657359610e+01,
    4.238226333874980e+01
  ],
  ""type"": ""Point""
}","{
  ""coordinates"": [
    -83.031176574,
    42.382263339
  ],
  ""type"": ""Point""
}",-83.031176574,42.3822633390001
9890,1390525,MEYERS,PLYMOUTH,2018-06-04,4,6,2018,0,2,5,9,,4,0,Asphalt,1,1,4,35,6,2,4,4,0,0,0,4,false,false,false,false,true,false,false,false,false,false,false,false,false,false,false,false,false,false,false,false,false,false,-83.16815,42.37321,"{
  ""coordinates"": [
    -8.316815436265109e+01,
    4.237320818581680e+01
  ],
  ""type"": ""Point""
}","{
  ""coordinates"": [
    -83.168154363,
    42.373208186
  ],
  ""type"": ""Point""
}",-83.168154363,42.3732081860001
9891,1393244,TOLEDO,JUNCTION,2018-06-04,4,6,2018,8,2,4,9,,4,0,Asphalt,1,2,1,25,2,2,5,4,0,0,0,1,false,false,true,true,false,false,false,true,false,false,false,false,false,false,false,true,false,false,false,false,false,false,-83.10408,42.32093,"{
  ""coordinates"": [
    -8.310407796722460e+01,
    4.232093162323010e+01
  ],
  ""type"": ""Point""
}","{
  ""coordinates"": [
    -83.104077967,
    42.320931623
  ],
  ""type"": ""Point""
}",-83.104077967,42.320931623
9892,1391406,M-10,HOLDEN,2018-06-04,4,6,2018,15,2,97,9,,4,0,Asphalt,1,1,1,55,3,2,2,5,0,0,0,0,true,false,false,false,false,false,false,false,false,false,false,true,false,false,false,true,false,false,false,false,false,false,-83.0792,42.36235,"{
  ""coordinates"": [
    -8.307919700422570e+01,
    4.236234609731320e+01
  ],
  ""type"": ""Point""
}","{
  ""coordinates"": [
    -83.079197004,
    42.362346097
  ],
  ""type"": ""Point""
}",-83.079197004,42.3623460970001
9893,1395687,WARREN,CAMPBELL,2018-06-04,4,6,2018,19,2,98,9,,4,0,Asphalt,1,1,1,35,7,2,0,5,0,0,0,0,true,false,false,false,true,false,false,false,false,false,false,false,false,false,false,true,false,false,false,false,false,false,-83.12379,42.34451,"{
  ""coordinates"": [
    -8.312378664457100e+01,
    4.234450733388990e+01
  ],
  ""type"": ""Point""
}","{
  ""coordinates"": [
    -83.123786645,
    42.344507334
  ],
  ""type"": ""Point""
}",-83.1237866449999,42.3445073340001
9894,1393245,LIVERNOIS,WHITEHEAD,2018-06-04,4,6,2018,16,2,9,1,,4,2,Asphalt,1,1,1,30,5,2,2,5,0,0,0,0,true,false,false,false,false,false,false,false,false,false,false,false,false,false,false,true,false,false,false,false,false,false,-83.12441,42.33671,"{
  ""coordinates"": [
    -8.312441178734390e+01,
    4.233671334308150e+01
  ],
  ""type"": ""Point""
}","{
  ""coordinates"": [
    -83.124411787,
    42.336713343
  ],
  ""type"": ""Point""
}",-83.124411787,42.336713343
9895,1404255,FORD,NORTHFORD,2018-06-04,4,6,2018,5,2,1,9,,,0,,1,1,2,55,2,1,1,5,0,0,0,0,true,false,false,false,false,false,false,false,false,false,false,false,false,false,false,false,false,false,false,false,false,true,-83.12347,42.34904,"{
  ""coordinates"": [
    -8.312347094006699e+01,
    4.234904329361890e+01
  ],
  ""type"": ""Point""
}","{
  ""coordinates"": [
    -83.12347094,
    42.349043294
  ],
  ""type"": ""Point""
}",-83.1234709399999,42.3490432940001
9896,1390527,WYOMING,GRANDRIVER,2018-06-04,4,6,2018,11,2,7,3,,4,0,Asphalt,1,1,1,35,4,2,3,5,0,0,0,0,true,false,false,false,false,false,false,false,false,false,false,false,false,false,false,false,false,false,false,false,false,false,-83.15868,42.37661,"{
  ""coordinates"": [
    -8.315868502209921e+01,
    4.237660960440400e+01
  ],
  ""type"": ""Point""
}","{
  ""coordinates"": [
    -83.158685022,
    42.376609604
  ],
  ""type"": ""Point""
}",-83.158685022,42.3766096040001
9897,1393236,LIVERNOIS,TOLEDO,2018-06-04,4,6,2018,16,2,8,9,,4,0,Concrete,1,1,1,35,4,2,1,5,0,0,0,0,true,false,false,false,true,false,false,false,false,false,false,false,false,false,false,true,false,false,false,false,false,false,-83.10432,42.3078,"{
  ""coordinates"": [
    -8.310432268767690e+01,
    4.230780550658070e+01
  ],
  ""type"": ""Point""
}","{
  ""coordinates"": [
    -83.104322688,
    42.307805507
  ],
  ""type"": ""Point""
}",-83.104322688,42.3078055070001
9898,1391438,W I 94,14TH,2018-06-04,4,6,2018,0,2,1,1,,1,0,Asphalt,1,1,4,55,4,1,3,5,0,0,0,0,true,false,false,false,false,false,false,false,false,false,false,false,false,false,false,false,false,false,false,false,false,false,-83.08836,42.35362,"{
  ""coordinates"": [
    -8.308835824953989e+01,
    4.235362194534790e+01
  ],
  ""type"": ""Point""
}","{
  ""coordinates"": [
    -83.08835825,
    42.353621945
  ],
  ""type"": ""Point""
}",-83.0883582499999,42.353621945
9899,1390560,E I 94,RAMP 216A,2018-06-04,4,6,2018,14,2,5,1,,1,0,Asphalt,1,1,1,45,6,2,2,5,0,0,0,0,true,false,false,false,false,false,false,false,true,false,false,false,false,true,false,true,false,false,false,false,false,false,-83.06239,42.36644,"{
  ""coordinates"": [
    -8.306238933741480e+01,
    4.236643759722380e+01
  ],
  ""type"": ""Point""
}","{
  ""coordinates"": [
    -83.062389337,
    42.366437597
  ],
  ""type"": ""Point""
}",-83.062389337,42.3664375970001
9900,1391462,WARREN,OUTER,2018-06-04,4,6,2018,20,2,5,9,,4,0,Asphalt,1,1,3,30,5,3,4,3,0,0,1,2,false,false,false,false,false,false,false,false,false,true,false,false,false,false,false,false,false,false,false,false,false,false,-82.93591,42.40385,"{
  ""coordinates"": [
    -8.293590856107640e+01,
    4.240384676043330e+01
  ],
  ""type"": ""Point""
}","{
  ""coordinates"": [
    -82.935908561,
    42.40384676
  ],
  ""type"": ""Point""
}",-82.935908561,42.4038467600001
9901,1392323,I-94,MT ELLIOT,2018-06-04,4,6,2018,18,2,8,1,,1,0,Concrete,1,1,1,55,3,2,2,5,0,0,0,0,true,false,false,false,false,false,false,false,false,false,false,false,false,false,false,true,false,false,false,false,false,false,-83.04249,42.37587,"{
  ""coordinates"": [
    -8.304248451661060e+01,
    4.237587074584230e+01
  ],
  ""type"": ""Point""
}","{
  ""coordinates"": [
    -83.042484517,
    42.375870746
  ],
  ""type"": ""Point""
}",-83.0424845169999,42.375870746
9902,1418400,WHITTIER,GREENSBORO,2018-06-04,4,6,2018,22,2,4,9,,4,0,Asphalt,1,1,4,30,2,2,4,2,0,1,1,0,false,false,false,false,false,false,false,false,false,true,false,false,false,false,false,false,false,false,false,false,false,false,-82.95227,42.41661,"{
  ""coordinates"": [
    -8.295227379036631e+01,
    4.241660970297900e+01
  ],
  ""type"": ""Point""
}","{
  ""coordinates"": [
    -82.95227379,
    42.416609703
  ],
  ""type"": ""Point""
}",-82.9522737899999,42.4166097030001
9903,1390579,CHERRYLAWN,OUTER,2018-06-03,3,6,2018,22,1,4,9,,,0,,1,1,4,35,4,2,2,5,0,0,0,0,true,false,true,false,true,false,false,false,false,false,false,false,false,false,false,false,false,false,false,false,false,false,-83.15561,42.43502,"{
  ""coordinates"": [
    -8.315561171940659e+01,
    4.243501762159030e+01
  ],
  ""type"": ""Point""
}","{
  ""coordinates"": [
    -83.155611719,
    42.435017622
  ],
  ""type"": ""Point""
}",-83.155611719,42.435017622
9904,1390561,CONNER,WADE,2018-06-03,3,6,2018,12,1,1,9,,4,0,Asphalt,8,4,1,30,2,1,2,2,0,1,0,0,false,false,false,false,false,false,false,false,false,false,false,false,false,false,false,false,false,false,false,false,false,false,-82.9915,42.39934,"{
  ""coordinates"": [
    -8.299150089889450e+01,
    4.239934277379800e+01
  ],
  ""type"": ""Point""
}","{
  ""coordinates"": [
    -82.991500899,
    42.399342774
  ],
  ""type"": ""Point""
}",-82.991500899,42.399342774
9905,1389540,SCHOOLCRAFT,STANSBURY,2018-06-03,3,6,2018,6,1,4,9,,4,0,Asphalt,1,1,1,25,2,2,3,3,0,0,1,1,false,false,false,false,false,false,false,false,false,false,false,false,false,false,false,false,false,false,false,false,false,false,-83.18227,42.38791,"{
  ""coordinates"": [
    -8.318227128904250e+01,
    4.238791311527890e+01
  ],
  ""type"": ""Point""
}","{
  ""coordinates"": [
    -83.182271289,
    42.387913115
  ],
  ""type"": ""Point""
}",-83.182271289,42.3879131150001
9906,1389554,MOUND,CASMERE,2018-06-03,3,6,2018,13,1,4,9,,2,0,Asphalt,2,2,1,35,2,2,2,5,0,0,0,0,true,false,true,false,false,false,false,true,false,false,false,false,false,true,false,false,false,false,false,false,false,false,-83.043,42.40852,"{
  ""coordinates"": [
    -8.304300303655640e+01,
    4.240852050634570e+01
  ],
  ""type"": ""Point""
}","{
  ""coordinates"": [
    -83.043003037,
    42.408520506
  ],
  ""type"": ""Point""
}",-83.0430030369999,42.4085205060001
9907,1390538,FORD,BRACE,2018-06-03,3,6,2018,17,1,5,3,,1,0,Asphalt,1,2,1,45,3,3,5,5,0,0,0,0,true,false,false,false,false,false,false,false,false,false,false,false,false,false,false,false,false,false,false,false,false,false,-83.2224,42.32899,"{
  ""coordinates"": [
    -8.322240263389260e+01,
    4.232898879818740e+01
  ],
  ""type"": ""Point""
}","{
  ""coordinates"": [
    -83.222402634,
    42.328988798
  ],
  ""type"": ""Point""
}",-83.2224026339999,42.3289887980001
9908,1389536,I94,MORANG,2018-06-03,3,6,2018,11,1,8,1,,1,0,Asphalt,2,4,1,55,3,2,1,5,0,0,0,0,true,false,false,false,true,false,false,false,false,false,false,false,false,false,false,false,false,false,false,false,false,false,-82.93113,42.42159,"{
  ""coordinates"": [
    -8.293112939661459e+01,
    4.242158548354670e+01
  ],
  ""type"": ""Point""
}","{
  ""coordinates"": [
    -82.931129397,
    42.421585484
  ],
  ""type"": ""Point""
}",-82.9311293969999,42.421585484
9909,1388366,FORT,CLARK,2018-06-03,3,6,2018,1,1,4,3,,1,0,Asphalt,1,1,4,45,5,2,1,4,0,0,0,1,false,false,false,false,true,false,false,false,false,false,false,false,false,false,false,false,false,false,false,false,false,false,-83.09013,42.31232,"{
  ""coordinates"": [
    -8.309012367332960e+01,
    4.231232458231650e+01
  ],
  ""type"": ""Point""
}","{
  ""coordinates"": [
    -83.090123673,
    42.312324582
  ],
  ""type"": ""Point""
}",-83.0901236729999,42.312324582
9910,1388376,YORKSHIRE,WARREN,2018-06-03,3,6,2018,4,1,9,9,,,2,,1,1,5,25,2,2,0,5,0,0,0,0,true,false,false,false,true,false,false,false,false,false,false,false,false,false,false,false,false,false,false,false,false,false,-82.9341,42.40449,"{
  ""coordinates"": [
    -8.293410373237730e+01,
    4.240449062500960e+01
  ],
  ""type"": ""Point""
}","{
  ""coordinates"": [
    -82.934103732,
    42.404490625
  ],
  ""type"": ""Point""
}",-82.934103732,42.4044906250001
9911,1393242,MCGRAW,LAWNDALE,2018-06-03,3,6,2018,18,1,1,9,,4,0,Asphalt,1,1,1,30,2,2,1,4,0,0,0,1,false,false,false,false,false,false,false,false,false,false,false,false,true,false,true,false,false,false,false,false,false,false,-83.15008,42.33175,"{
  ""coordinates"": [
    -8.315007677250711e+01,
    4.233174825723950e+01
  ],
  ""type"": ""Point""
}","{
  ""coordinates"": [
    -83.150076773,
    42.331748257
  ],
  ""type"": ""Point""
}",-83.150076773,42.3317482570001
9912,1403901,M-10,HOWARD,2018-06-03,3,6,2018,0,1,8,3,,1,0,Asphalt,1,2,4,55,3,2,3,5,0,0,0,0,true,false,false,false,false,false,false,false,false,false,false,false,false,false,true,false,false,false,false,false,false,false,-83.05923,42.32943,"{
  ""coordinates"": [
    -8.305922375104520e+01,
    4.232943167902200e+01
  ],
  ""type"": ""Point""
}","{
  ""coordinates"": [
    -83.059223751,
    42.329431679
  ],
  ""type"": ""Point""
}",-83.059223751,42.329431679