ObjectId,Crash ID,Primary Road,Intersecting Road,Crash Date,Day,Month,Year,Hour,Weekday,Crash Type Code,Highway Classification Code,Community Code,Jurisdiction Code,Lane Departure Type Code,Surface Type,Road Condition,Weather Condition,Lighting Condition,Speed Limit,Lanes,Units,Occupants,Most Severe Injury,Fatal Injuries,Suspected Serious Injuries,Suspected Minor Injuries,Possible Injuries,Property Damage Only,Secondary Crash,Traffic Control,Red Light Run,Hit and Run,Alcohol,Drugs,Unbelted Person,Work Zone,Speeding Driver,Distracted Driver,Driveway,Pedestrian,Elderly Driver,Young Driver,Commercial Vehicle,Emergency Vehicles,Train,School Bus,Motorcycle,Bicycle,Deer,Longitude,Latitude,geom,geog,x,y
9913,1389537,WYOMING,TIREMAN,2018-06-03,3,6,2018,0,1,5,9,,4,0,Asphalt,1,1,4,30,2,2,3,5,0,0,0,0,true,false,false,false,false,false,false,false,false,false,false,false,false,false,true,false,false,false,false,false,false,false,-83.15754,42.35212,"{
  ""coordinates"": [
    -8.315754177323841e+01,
    4.235211862291720e+01
  ],
  ""type"": ""Point""
}","{
  ""coordinates"": [
    -83.157541773,
    42.352118623
  ],
  ""type"": ""Point""
}",-83.1575417729999,42.3521186230001
9914,1394516,RAMP 222B,I 94,2018-06-03,3,6,2018,13,1,5,1,,1,0,Asphalt,1,2,1,55,1,2,5,4,0,0,0,1,false,false,false,false,false,false,false,false,false,false,false,false,false,false,false,false,false,false,false,false,false,false,-82.94548,42.4114,"{
  ""coordinates"": [
    -8.294547865450809e+01,
    4.241139864073730e+01
  ],
  ""type"": ""Point""
}","{
  ""coordinates"": [
    -82.945478655,
    42.411398641
  ],
  ""type"": ""Point""
}",-82.945478655,42.4113986410001
9915,1390543,WINTHROP,CAPITOL,2018-06-03,3,6,2018,17,1,97,9,,,0,,1,1,1,25,3,2,0,5,0,0,0,0,true,false,false,false,true,false,false,false,false,false,false,false,false,false,false,false,false,false,false,false,false,false,-83.19885,42.37539,"{
  ""coordinates"": [
    -8.319885434583910e+01,
    4.237538684495550e+01
  ],
  ""type"": ""Point""
}","{
  ""coordinates"": [
    -83.198854346,
    42.375386845
  ],
  ""type"": ""Point""
}",-83.198854346,42.375386845
9916,1389557,PONTCHARTRAIN,MERTON,2018-06-03,3,6,2018,14,1,4,9,,4,0,Asphalt,2,2,1,25,4,2,1,5,0,0,0,0,true,false,false,false,true,false,false,false,false,false,false,false,false,false,false,false,false,false,false,false,false,false,-83.11698,42.41838,"{
  ""coordinates"": [
    -8.311698251440090e+01,
    4.241838278475500e+01
  ],
  ""type"": ""Point""
}","{
  ""coordinates"": [
    -83.116982514,
    42.418382785
  ],
  ""type"": ""Point""
}",-83.116982514,42.4183827850001
9917,1390509,S I 75,RAMP 045C,2018-06-03,3,6,2018,10,1,1,1,,1,1,Asphalt,2,4,1,55,5,1,1,4,0,0,0,1,false,false,false,false,false,false,false,false,false,true,false,false,false,false,false,false,false,false,false,false,false,false,-83.06369,42.37951,"{
  ""coordinates"": [
    -8.306369387235711e+01,
    4.237950483856840e+01
  ],
  ""type"": ""Point""
}","{
  ""coordinates"": [
    -83.063693872,
    42.379504839
  ],
  ""type"": ""Point""
}",-83.063693872,42.379504839
9918,1390545,WOODLAWN,GRACE,2018-06-03,3,6,2018,12,1,4,9,,,0,,1,2,1,25,2,2,2,4,0,0,0,1,false,false,false,false,true,false,false,false,false,false,false,false,false,false,false,false,false,false,false,false,false,false,-83.00285,42.39973,"{
  ""coordinates"": [
    -8.300284735395999e+01,
    4.239972596402260e+01
  ],
  ""type"": ""Point""
}","{
  ""coordinates"": [
    -83.002847354,
    42.399725964
  ],
  ""type"": ""Point""
}",-83.002847354,42.399725964
9919,1389541,PLYMOUTH,SCHAEFER,2018-06-03,3,6,2018,1,1,4,9,,4,0,Asphalt,1,1,1,35,2,2,1,5,0,0,0,0,true,false,false,false,false,false,false,false,false,false,false,false,false,false,false,false,false,false,false,false,false,false,-83.17789,42.37304,"{
  ""coordinates"": [
    -8.317788806245700e+01,
    4.237303959691560e+01
  ],
  ""type"": ""Point""
}","{
  ""coordinates"": [
    -83.177888062,
    42.373039597
  ],
  ""type"": ""Point""
}",-83.177888062,42.3730395970001
9920,1397576,PARKSIDE,CLARITA,2018-06-03,3,6,2018,12,1,8,9,,,0,,2,4,1,25,4,2,1,5,0,0,0,0,true,false,false,false,false,false,false,false,false,false,false,false,false,false,false,false,false,false,false,false,false,false,-83.13222,42.4296,"{
  ""coordinates"": [
    -8.313221754268569e+01,
    4.242960073110940e+01
  ],
  ""type"": ""Point""
}","{
  ""coordinates"": [
    -83.132217543,
    42.429600731
  ],
  ""type"": ""Point""
}",-83.132217543,42.4296007310001
9921,1389532,I 94,BEAUBIEN,2018-06-03,3,6,2018,11,1,5,1,,1,0,Asphalt,2,4,1,55,3,2,3,5,0,0,0,0,true,false,false,false,false,false,false,false,false,false,false,false,false,false,false,false,false,false,false,false,false,false,-83.06294,42.36638,"{
  ""coordinates"": [
    -8.306294450544260e+01,
    4.236637702552550e+01
  ],
  ""type"": ""Point""
}","{
  ""coordinates"": [
    -83.062944505,
    42.366377026
  ],
  ""type"": ""Point""
}",-83.062944505,42.3663770260001
9922,1394615,JOY,DEXTER,2018-06-03,3,6,2018,17,1,8,9,,4,0,Asphalt,1,1,1,30,3,2,5,5,0,0,0,0,true,false,false,false,false,true,false,true,false,false,false,false,false,true,false,false,false,false,false,false,false,false,-83.11739,42.37024,"{
  ""coordinates"": [
    -8.311739026684400e+01,
    4.237024012214710e+01
  ],
  ""type"": ""Point""
}","{
  ""coordinates"": [
    -83.117390267,
    42.370240122
  ],
  ""type"": ""Point""
}",-83.117390267,42.370240122
9923,1394503,I 94,BARRETT,2018-06-03,3,6,2018,11,1,1,1,,1,1,Asphalt,2,4,1,55,3,1,1,5,0,0,0,0,true,false,false,false,false,false,false,false,false,true,false,false,false,false,false,false,false,false,false,false,false,false,-82.9846,42.39837,"{
  ""coordinates"": [
    -8.298460182350961e+01,
    4.239836766629160e+01
  ],
  ""type"": ""Point""
}","{
  ""coordinates"": [
    -82.984601824,
    42.398367666
  ],
  ""type"": ""Point""
}",-82.984601824,42.3983676660001
9924,1428879,PENROD,LYNDON,2018-06-03,3,6,2018,19,1,97,9,,,0,,1,1,1,25,3,2,1,5,0,0,0,0,true,false,false,false,false,false,false,false,false,false,false,false,false,false,false,false,false,false,false,false,false,false,-83.22138,42.39391,"{
  ""coordinates"": [
    -8.322138145974959e+01,
    4.239391150751030e+01
  ],
  ""type"": ""Point""
}","{
  ""coordinates"": [
    -83.22138146,
    42.393911508
  ],
  ""type"": ""Point""
}",-83.22138146,42.393911508
9925,1394504,I 94,RAMP 215F,2018-06-03,3,6,2018,14,1,8,1,,1,0,Asphalt,1,1,1,55,3,2,3,5,0,0,0,0,true,false,false,false,false,false,false,false,false,false,false,false,false,false,false,false,false,false,false,false,false,false,-83.073,42.36111,"{
  ""coordinates"": [
    -8.307299574129830e+01,
    4.236110661216330e+01
  ],
  ""type"": ""Point""
}","{
  ""coordinates"": [
    -83.072995741,
    42.361106612
  ],
  ""type"": ""Point""
}",-83.0729957409999,42.3611066120001
9926,1395697,WYOMING,DAVISON,2018-06-03,3,6,2018,17,1,97,9,,4,0,Asphalt,1,1,1,35,4,2,1,3,0,0,1,0,false,false,false,false,true,false,false,false,false,false,false,false,false,false,false,false,false,false,false,false,false,false,-83.159,42.38604,"{
  ""coordinates"": [
    -8.315899704612811e+01,
    4.238604126989170e+01
  ],
  ""type"": ""Point""
}","{
  ""coordinates"": [
    -83.158997046,
    42.38604127
  ],
  ""type"": ""Point""
}",-83.158997046,42.3860412700001
9927,1389545,FRENCH,SHOEMAKER,2018-06-03,3,6,2018,15,1,4,9,,4,0,Asphalt,1,1,1,25,2,2,3,4,0,0,0,1,false,false,true,true,false,false,false,false,false,false,false,false,false,false,false,false,false,false,false,false,false,false,-82.99383,42.38941,"{
  ""coordinates"": [
    -8.299382589836000e+01,
    4.238940659543050e+01
  ],
  ""type"": ""Point""
}","{
  ""coordinates"": [
    -82.993825898,
    42.389406595
  ],
  ""type"": ""Point""
}",-82.993825898,42.389406595
9928,1390514,I-94,WOODWARD,2018-06-03,3,6,2018,22,1,5,1,,1,0,Asphalt,1,1,5,55,3,2,3,4,0,0,0,2,false,false,false,false,false,false,false,false,false,false,true,false,false,false,false,false,false,false,false,false,false,false,-83.06862,42.36391,"{
  ""coordinates"": [
    -8.306861867833750e+01,
    4.236390881363880e+01
  ],
  ""type"": ""Point""
}","{
  ""coordinates"": [
    -83.068618678,
    42.363908814
  ],
  ""type"": ""Point""
}",-83.068618678,42.3639088140001
9929,1389526,E I 96,GRAND RIVER,2018-06-03,3,6,2018,10,1,8,1,,1,0,Concrete,2,4,1,55,4,2,6,5,0,0,0,0,true,false,false,false,false,false,false,false,false,true,false,false,false,true,false,false,false,false,false,false,false,false,-83.17532,42.38381,"{
  ""coordinates"": [
    -8.317531957387730e+01,
    4.238380714335340e+01
  ],
  ""type"": ""Point""
}","{
  ""coordinates"": [
    -83.175319574,
    42.383807143
  ],
  ""type"": ""Point""
}",-83.175319574,42.3838071430001
9930,1390533,MILFORD,GRAND,2018-06-03,3,6,2018,21,1,4,9,,,0,,1,1,4,35,2,2,1,3,0,0,1,0,false,false,true,false,true,false,false,false,false,false,false,false,false,false,false,false,false,false,false,false,false,false,-83.11064,42.34998,"{
  ""coordinates"": [
    -8.311063908946520e+01,
    4.234997387834880e+01
  ],
  ""type"": ""Point""
}","{
  ""coordinates"": [
    -83.110639089,
    42.349973878
  ],
  ""type"": ""Point""
}",-83.110639089,42.3499738780001
9931,1394491,W I 96,RAMP 213H,2018-06-03,3,6,2018,14,1,1,1,,1,1,Concrete,1,1,1,30,1,1,1,5,0,0,0,0,true,false,false,false,false,false,false,false,false,true,false,false,false,false,true,false,false,false,false,false,false,false,-83.09718,42.34821,"{
  ""coordinates"": [
    -8.309718680742230e+01,
    4.234821358420980e+01
  ],
  ""type"": ""Point""
}","{
  ""coordinates"": [
    -83.097186807,
    42.348213584
  ],
  ""type"": ""Point""
}",-83.097186807,42.3482135840001
9932,1422035,S M 10,LINWOOD,2018-06-03,3,6,2018,2,1,8,3,,1,0,Concrete,1,2,4,55,3,2,2,5,0,0,0,0,true,false,false,false,true,false,false,false,false,false,false,false,false,false,false,false,false,false,false,false,false,false,-83.1275,42.40508,"{
  ""coordinates"": [
    -8.312749868807531e+01,
    4.240507783020700e+01
  ],
  ""type"": ""Point""
}","{
  ""coordinates"": [
    -83.127498688,
    42.40507783
  ],
  ""type"": ""Point""
}",-83.1274986879999,42.40507783
9933,1389539,LIVERNOIS,TIREMAN,2018-06-03,3,6,2018,5,1,1,9,,4,1,Asphalt,1,1,4,40,5,1,1,5,0,0,0,0,true,false,false,false,false,false,false,false,false,false,false,false,false,false,false,false,false,false,false,false,false,false,-83.13577,42.35218,"{
  ""coordinates"": [
    -8.313576742859711e+01,
    4.235218384072160e+01
  ],
  ""type"": ""Point""
}","{
  ""coordinates"": [
    -83.135767429,
    42.352183841
  ],
  ""type"": ""Point""
}",-83.1357674289999,42.3521838410001
9934,1390576,7 MILE,SCHAEFER,2018-06-03,3,6,2018,20,1,5,9,,2,0,Asphalt,1,2,3,30,5,2,2,4,0,0,0,1,false,false,false,false,true,false,false,false,false,false,false,false,false,true,false,false,false,false,false,false,false,false,-83.18056,42.43108,"{
  ""coordinates"": [
    -8.318056455227990e+01,
    4.243107547024550e+01
  ],
  ""type"": ""Point""
}","{
  ""coordinates"": [
    -83.180564552,
    42.43107547
  ],
  ""type"": ""Point""
}",-83.180564552,42.4310754700001
9935,1390512,W I 94,BRUSH,2018-06-03,3,6,2018,16,1,5,1,,1,0,Asphalt,1,1,1,55,3,2,1,5,0,0,0,0,true,false,false,false,true,false,false,false,false,false,false,false,false,false,false,false,false,false,false,false,false,false,-83.06452,42.3658,"{
  ""coordinates"": [
    -8.306451797645460e+01,
    4.236579514007850e+01
  ],
  ""type"": ""Point""
}","{
  ""coordinates"": [
    -83.064517976,
    42.36579514
  ],
  ""type"": ""Point""
}",-83.064517976,42.36579514
9936,1389546,OLDTOWN,HARPER,2018-06-03,3,6,2018,8,1,9,9,,,2,,1,2,1,25,1,2,1,5,0,0,0,0,true,false,false,false,false,false,false,false,false,false,false,false,false,false,false,false,false,false,false,false,false,false,-82.93571,42.41679,"{
  ""coordinates"": [
    -8.293570556766890e+01,
    4.241679451099710e+01
  ],
  ""type"": ""Point""
}","{
  ""coordinates"": [
    -82.935705568,
    42.416794511
  ],
  ""type"": ""Point""
}",-82.9357055679999,42.416794511
9937,1393306,WOODWARD,WARREN,2018-06-03,3,6,2018,11,1,97,3,,1,0,Asphalt,2,2,1,30,7,2,7,5,0,0,0,0,true,false,false,false,false,false,false,false,false,false,false,false,false,false,false,false,false,false,false,false,false,false,-83.06429,42.35678,"{
  ""coordinates"": [
    -8.306428658620530e+01,
    4.235678494242270e+01
  ],
  ""type"": ""Point""
}","{
  ""coordinates"": [
    -83.064286586,
    42.356784942
  ],
  ""type"": ""Point""
}",-83.064286586,42.356784942
9938,1394519,I-94,MOROSS,2018-06-03,3,6,2018,14,1,5,1,,1,0,Asphalt,1,2,1,55,3,2,3,5,0,0,0,0,true,false,false,false,false,false,false,false,false,false,false,false,false,false,true,false,false,false,false,false,false,false,-82.92955,42.42364,"{
  ""coordinates"": [
    -8.292954938675550e+01,
    4.242363693458380e+01
  ],
  ""type"": ""Point""
}","{
  ""coordinates"": [
    -82.929549387,
    42.423636935
  ],
  ""type"": ""Point""
}",-82.929549387,42.423636935
9939,1388382,HURLBUT,CHARLEVOIX,2018-06-03,3,6,2018,0,1,5,9,,,0,,1,1,4,25,2,2,0,5,0,0,0,0,true,false,false,false,true,false,false,false,false,false,false,false,false,false,false,false,false,false,false,false,false,false,-82.98596,42.36881,"{
  ""coordinates"": [
    -8.298596355083720e+01,
    4.236881220091370e+01
  ],
  ""type"": ""Point""
}","{
  ""coordinates"": [
    -82.985963551,
    42.368812201
  ],
  ""type"": ""Point""
}",-82.9859635509999,42.368812201
9940,1390539,WYOMING,E I 96 CD,2018-06-03,3,6,2018,15,1,4,9,,4,0,Concrete,1,1,1,,2,2,2,5,0,0,0,0,true,false,false,false,true,false,false,false,false,false,false,false,false,false,false,false,false,false,false,false,false,false,-83.15897,42.38514,"{
  ""coordinates"": [
    -8.315897111360400e+01,
    4.238514301078520e+01
  ],
  ""type"": ""Point""
}","{
  ""coordinates"": [
    -83.158971114,
    42.385143011
  ],
  ""type"": ""Point""
}",-83.1589711139999,42.385143011
9941,1395719,DAVISON,FILER,2018-06-03,3,6,2018,23,1,4,9,,4,0,Asphalt,1,1,4,35,2,2,3,5,0,0,0,0,true,false,true,false,false,false,false,false,false,false,false,false,false,false,true,false,true,false,false,false,false,false,-83.03713,42.42331,"{
  ""coordinates"": [
    -8.303713507687230e+01,
    4.242330864985690e+01
  ],
  ""type"": ""Point""
}","{
  ""coordinates"": [
    -83.037135077,
    42.42330865
  ],
  ""type"": ""Point""
}",-83.037135077,42.4233086500001
9942,1389548,JEFFERSON,MCDOUGALL,2018-06-03,3,6,2018,18,1,5,9,,4,0,Asphalt,1,1,1,35,5,2,3,5,0,0,0,0,true,false,false,false,true,false,false,false,false,false,false,false,false,false,false,false,false,false,false,false,false,false,-83.01636,42.34095,"{
  ""coordinates"": [
    -8.301635501219729e+01,
    4.234094910747410e+01
  ],
  ""type"": ""Point""
}","{
  ""coordinates"": [
    -83.016355012,
    42.340949107
  ],
  ""type"": ""Point""
}",-83.016355012,42.340949107
9943,1455902,PEMBROKE,BILTMORE,2018-06-03,3,6,2018,17,1,4,9,,4,0,Asphalt,1,1,1,25,2,2,1,5,0,0,0,0,true,false,false,false,true,false,false,false,false,false,false,false,false,true,false,false,false,false,false,false,false,false,-83.21215,42.43737,"{
  ""coordinates"": [
    -8.321214701363130e+01,
    4.243736863388100e+01
  ],
  ""type"": ""Point""
}","{
  ""coordinates"": [
    -83.212147014,
    42.437368634
  ],
  ""type"": ""Point""
}",-83.212147014,42.4373686340001
9944,1406181,FORD,N M 39,2018-06-03,3,6,2018,3,1,4,3,,1,0,Asphalt,1,1,4,45,3,2,3,3,0,0,1,0,false,false,false,false,false,true,false,false,false,false,false,false,false,true,false,false,false,false,false,false,false,false,-83.21555,42.3291,"{
  ""coordinates"": [
    -8.321554903055360e+01,
    4.232910152469220e+01
  ],
  ""type"": ""Point""
}","{
  ""coordinates"": [
    -83.215549031,
    42.329101525
  ],
  ""type"": ""Point""
}",-83.215549031,42.3291015250001
9945,1454964,M-10,WYOMING,2018-06-03,3,6,2018,1,1,1,3,,1,0,Concrete,1,2,5,55,3,1,1,5,0,0,0,0,true,true,false,false,false,false,false,false,false,false,false,false,false,true,false,false,false,false,false,false,false,false,-83.16163,42.40603,"{
  ""coordinates"": [
    -8.316162596769260e+01,
    4.240602906663620e+01
  ],
  ""type"": ""Point""
}","{
  ""coordinates"": [
    -83.161625968,
    42.406029067
  ],
  ""type"": ""Point""
}",-83.161625968,42.4060290670001
9946,1389538,PURITAN,ARDMORE,2018-06-03,3,6,2018,4,1,1,9,,4,0,Asphalt,1,1,4,35,2,1,1,4,0,0,0,1,false,false,false,false,false,false,false,false,false,true,false,false,false,false,false,false,false,false,false,false,false,false,-83.18489,42.40919,"{
  ""coordinates"": [
    -8.318489129806740e+01,
    4.240919386185650e+01
  ],
  ""type"": ""Point""
}","{
  ""coordinates"": [
    -83.184891298,
    42.409193862
  ],
  ""type"": ""Point""
}",-83.184891298,42.4091938620001
9947,1390542,S M 39,WARREN,2018-06-03,3,6,2018,17,1,5,3,,1,0,Asphalt,1,1,1,55,3,2,1,5,0,0,0,0,true,false,false,false,false,false,false,false,false,false,false,false,false,false,false,false,false,false,false,false,false,false,-83.21625,42.34378,"{
  ""coordinates"": [
    -8.321624696914310e+01,
    4.234377928331080e+01
  ],
  ""type"": ""Point""
}","{
  ""coordinates"": [
    -83.216246969,
    42.343779283
  ],
  ""type"": ""Point""
}",-83.2162469689999,42.3437792830001
9948,1400768,W I 96,SCHOOLCRAFT,2018-06-03,3,6,2018,9,1,1,1,,1,1,Concrete,2,4,1,70,3,1,1,5,0,0,0,0,true,false,false,false,false,false,false,false,false,true,false,false,false,false,false,false,false,false,false,false,false,false,-83.24281,42.38504,"{
  ""coordinates"": [
    -8.324280318123880e+01,
    4.238503974080250e+01
  ],
  ""type"": ""Point""
}","{
  ""coordinates"": [
    -83.242803181,
    42.385039741
  ],
  ""type"": ""Point""
}",-83.2428031809999,42.3850397410001
9949,1398431,ATWATER,BATES,2018-06-03,3,6,2018,0,1,5,9,,4,3,Concrete,1,1,4,25,2,2,1,5,0,0,0,0,true,false,false,false,true,false,false,false,false,false,false,false,false,false,true,false,false,false,false,false,false,false,-83.04208,42.32737,"{
  ""coordinates"": [
    -8.304207617598399e+01,
    4.232737132607690e+01
  ],
  ""type"": ""Point""
}","{
  ""coordinates"": [
    -83.042076176,
    42.327371326
  ],
  ""type"": ""Point""
}",-83.042076176,42.327371326
9950,1394490,E I 96,CSX TRANSPORTATION,2018-06-03,3,6,2018,10,1,1,1,,1,1,Concrete,1,4,1,55,3,1,1,5,0,0,0,0,true,false,false,false,false,false,false,false,false,false,false,false,false,false,true,false,false,false,false,false,false,false,-83.19055,42.37962,"{
  ""coordinates"": [
    -8.319055314787050e+01,
    4.237961526708000e+01
  ],
  ""type"": ""Point""
}","{
  ""coordinates"": [
    -83.190553148,
    42.379615267
  ],
  ""type"": ""Point""
}",-83.1905531479999,42.3796152670001
9951,1464877,GRAND RIVER,HUBBELL,2018-06-02,2,6,2018,2,7,5,3,,1,0,Asphalt,1,1,4,40,5,2,1,3,0,0,1,0,false,false,false,false,false,false,false,false,false,false,false,false,false,false,false,false,false,false,false,false,false,false,-83.18823,42.38858,"{
  ""coordinates"": [
    -8.318823165547460e+01,
    4.238857521207140e+01
  ],
  ""type"": ""Point""
}","{
  ""coordinates"": [
    -83.188231655,
    42.388575212
  ],
  ""type"": ""Point""
}",-83.188231655,42.388575212
9952,1390546,SYLVESTER,FISCHER,2018-06-02,2,6,2018,10,7,4,9,,,0,,1,2,1,25,2,2,3,5,0,0,0,0,true,false,true,false,false,false,false,false,false,false,false,false,false,false,true,false,false,false,false,false,false,false,-83.00123,42.37236,"{
  ""coordinates"": [
    -8.300122664029820e+01,
    4.237236520892150e+01
  ],
  ""type"": ""Point""
}","{
  ""coordinates"": [
    -83.00122664,
    42.372365209
  ],
  ""type"": ""Point""
}",-83.00122664,42.3723652090001
9953,1388336,MACK,S I 75,2018-06-02,2,6,2018,10,7,8,9,,4,0,Asphalt,1,1,1,30,2,2,3,5,0,0,0,0,true,false,false,false,false,false,false,false,false,false,false,false,false,false,false,false,false,false,false,false,false,false,-83.04808,42.35112,"{
  ""coordinates"": [
    -8.304807794257231e+01,
    4.235111986607460e+01
  ],
  ""type"": ""Point""
}","{
  ""coordinates"": [
    -83.048077943,
    42.351119866
  ],
  ""type"": ""Point""
}",-83.048077943,42.351119866
9954,1640810,GRAND RIVER,HUBBELL,2018-06-02,2,6,2018,2,7,5,3,,1,0,Asphalt,1,1,4,40,5,2,1,3,0,0,1,1,false,false,false,false,false,false,false,false,false,false,false,false,false,false,false,false,false,false,false,false,false,false,-83.18823,42.38858,"{
  ""coordinates"": [
    -8.318823165547460e+01,
    4.238857521207140e+01
  ],
  ""type"": ""Point""
}","{
  ""coordinates"": [
    -83.188231655,
    42.388575212
  ],
  ""type"": ""Point""
}",-83.188231655,42.388575212
9955,1388397,S M 39,PLYMOUTH,2018-06-02,2,6,2018,15,7,5,3,,1,0,Asphalt,1,1,1,55,3,2,3,5,0,0,0,0,true,false,false,false,false,false,false,false,false,false,true,false,false,false,false,false,false,false,false,false,false,false,-83.21675,42.37185,"{
  ""coordinates"": [
    -8.321675072973569e+01,
    4.237184407107470e+01
  ],
  ""type"": ""Point""
}","{
  ""coordinates"": [
    -83.21675073,
    42.371844071
  ],
  ""type"": ""Point""
}",-83.2167507299999,42.3718440710001
9956,1389531,W I 94,RAMP 217H,2018-06-02,2,6,2018,16,7,5,1,,1,0,Concrete,1,1,1,55,3,3,3,5,0,0,0,0,true,false,false,false,false,false,false,false,false,false,false,false,false,false,false,false,false,false,false,false,false,false,-83.0426,42.37582,"{
  ""coordinates"": [
    -8.304260616658570e+01,
    4.237582432589220e+01
  ],
  ""type"": ""Point""
}","{
  ""coordinates"": [
    -83.042606167,
    42.375824326
  ],
  ""type"": ""Point""
}",-83.042606167,42.375824326
9957,1388443,7 MILE,ANTWERP,2018-06-02,2,6,2018,17,7,8,9,,4,0,Asphalt,1,2,1,35,2,2,16,5,0,0,0,0,true,false,false,false,true,false,false,false,false,true,false,false,false,false,false,true,false,false,false,false,false,false,-83.01784,42.43409,"{
  ""coordinates"": [
    -8.301783620369250e+01,
    4.243409008965700e+01
  ],
  ""type"": ""Point""
}","{
  ""coordinates"": [
    -83.017836204,
    42.43409009
  ],
  ""type"": ""Point""
}",-83.0178362039999,42.43409009
9958,1399390,SEMINOLE,WARREN,2018-06-02,2,6,2018,0,7,8,9,,,0,,1,1,4,25,2,2,0,5,0,0,0,0,true,false,false,false,true,false,false,false,false,true,false,false,false,false,false,false,false,false,false,false,false,false,-83.00968,42.37713,"{
  ""coordinates"": [
    -8.300967943486820e+01,
    4.237713266677570e+01
  ],
  ""type"": ""Point""
}","{
  ""coordinates"": [
    -83.009679435,
    42.377132667
  ],
  ""type"": ""Point""
}",-83.009679435,42.3771326670001
9959,1390532,OAKLAND,PHILADELPHIA,2018-06-02,2,6,2018,11,7,4,9,,4,0,Asphalt,1,1,1,35,2,2,3,5,0,0,0,0,true,true,false,false,false,false,false,false,false,false,false,false,false,false,false,false,false,false,false,false,false,false,-83.06954,42.38131,"{
  ""coordinates"": [
    -8.306954476907030e+01,
    4.238131326872750e+01
  ],
  ""type"": ""Point""
}","{
  ""coordinates"": [
    -83.069544769,
    42.381313269
  ],
  ""type"": ""Point""
}",-83.0695447689999,42.381313269
9960,1388398,FERGUSON,MIDLAND,2018-06-02,2,6,2018,7,7,98,9,,,0,,1,1,2,25,2,2,0,5,0,0,0,0,true,false,false,false,true,false,false,false,false,false,false,false,false,false,false,false,false,false,false,false,false,false,-83.20955,42.40466,"{
  ""coordinates"": [
    -8.320954687425861e+01,
    4.240466179633650e+01
  ],
  ""type"": ""Point""
}","{
  ""coordinates"": [
    -83.209546874,
    42.404661796
  ],
  ""type"": ""Point""
}",-83.209546874,42.404661796
9961,1389479,M-10,DAVISON,2018-06-02,2,6,2018,23,7,1,3,,1,0,Concrete,1,1,4,55,3,1,5,5,0,0,0,0,true,false,false,false,false,false,false,false,false,false,false,false,false,false,false,false,false,false,false,false,false,false,-83.10995,42.3985,"{
  ""coordinates"": [
    -8.310994515445410e+01,
    4.239849819940070e+01
  ],
  ""type"": ""Point""
}","{
  ""coordinates"": [
    -83.109945154,
    42.398498199
  ],
  ""type"": ""Point""
}",-83.1099451539999,42.3984981990001
9962,1389556,NEVADA,DWYER,2018-06-02,2,6,2018,22,7,9,9,,4,2,Asphalt,1,1,1,,2,2,1,5,0,0,0,0,true,false,false,false,false,false,false,false,false,false,false,false,false,false,false,false,false,false,false,false,false,false,-83.04098,42.42635,"{
  ""coordinates"": [
    -8.304098011255719e+01,
    4.242635081338060e+01
  ],
  ""type"": ""Point""
}","{
  ""coordinates"": [
    -83.040980113,
    42.426350813
  ],
  ""type"": ""Point""
}",-83.040980113,42.4263508130001
9963,1390557,HOUSTON WHITTIER,HAYES,2018-06-02,2,6,2018,21,7,97,9,,4,0,Asphalt,1,1,3,35,2,3,6,2,0,1,3,0,false,false,true,true,false,false,false,true,false,false,false,false,false,false,false,false,false,false,false,false,false,false,-82.96503,42.42078,"{
  ""coordinates"": [
    -8.296503582348620e+01,
    4.242077514055280e+01
  ],
  ""type"": ""Point""
}","{
  ""coordinates"": [
    -82.965035823,
    42.420775141
  ],
  ""type"": ""Point""
}",-82.9650358229999,42.420775141
9964,1388348,CHRYSLER,JEFFERSON,2018-06-02,2,6,2018,2,7,8,7,,1,0,Concrete,1,2,4,55,4,2,5,4,0,0,0,4,false,false,false,false,false,false,false,false,false,false,false,false,false,false,true,false,false,false,false,false,false,false,-83.04389,42.34356,"{
  ""coordinates"": [
    -8.304389132389370e+01,
    4.234355982469340e+01
  ],
  ""type"": ""Point""
}","{
  ""coordinates"": [
    -83.043891324,
    42.343559825
  ],
  ""type"": ""Point""
}",-83.043891324,42.3435598250001
9965,1389558,LAHSER,TROJAN,2018-06-02,2,6,2018,14,7,8,9,,2,0,Asphalt,1,1,1,35,3,2,3,5,0,0,0,0,true,false,false,false,false,false,false,false,false,false,false,false,false,false,true,false,false,false,false,false,false,false,-83.25871,42.43999,"{
  ""coordinates"": [
    -8.325871635392120e+01,
    4.243998942095850e+01
  ],
  ""type"": ""Point""
}","{
  ""coordinates"": [
    -83.258716354,
    42.439989421
  ],
  ""type"": ""Point""
}",-83.2587163539999,42.4399894210001
9966,1388418,LAHSER,KESSLER,2018-06-02,2,6,2018,10,7,97,9,,2,1,Asphalt,1,1,1,35,4,1,1,5,0,0,0,0,true,false,false,false,false,false,false,false,false,false,false,false,false,false,false,false,false,false,false,false,false,false,-83.25716,42.40821,"{
  ""coordinates"": [
    -8.325715297272740e+01,
    4.240820581690540e+01
  ],
  ""type"": ""Point""
}","{
  ""coordinates"": [
    -83.257152973,
    42.408205817
  ],
  ""type"": ""Point""
}",-83.257152973,42.4082058170001