ObjectId,Crash ID,Primary Road,Intersecting Road,Crash Date,Day,Month,Year,Hour,Weekday,Crash Type Code,Highway Classification Code,Community Code,Jurisdiction Code,Lane Departure Type Code,Surface Type,Road Condition,Weather Condition,Lighting Condition,Speed Limit,Lanes,Units,Occupants,Most Severe Injury,Fatal Injuries,Suspected Serious Injuries,Suspected Minor Injuries,Possible Injuries,Property Damage Only,Secondary Crash,Traffic Control,Red Light Run,Hit and Run,Alcohol,Drugs,Unbelted Person,Work Zone,Speeding Driver,Distracted Driver,Driveway,Pedestrian,Elderly Driver,Young Driver,Commercial Vehicle,Emergency Vehicles,Train,School Bus,Motorcycle,Bicycle,Deer,Longitude,Latitude,geom,geog,x,y
9967,1390566,GUNSTON,ELMDALE,2018-06-02,2,6,2018,5,7,2,9,,,2,,1,2,4,25,2,2,3,5,0,0,0,0,true,false,false,false,false,true,false,false,false,false,false,false,false,false,false,false,false,false,false,false,false,false,-82.99017,42.40211,"{
  ""coordinates"": [
    -8.299017420130160e+01,
    4.240211456770190e+01
  ],
  ""type"": ""Point""
}","{
  ""coordinates"": [
    -82.990174201,
    42.402114568
  ],
  ""type"": ""Point""
}",-82.9901742009999,42.4021145680001
9968,1389457,RAMP 216I,PIQUETTE,2018-06-02,2,6,2018,16,7,5,1,,1,0,Concrete,1,1,1,45,2,2,2,5,0,0,0,0,true,false,false,false,true,false,false,false,false,false,false,false,false,false,false,false,false,false,false,false,false,false,-83.05923,42.37028,"{
  ""coordinates"": [
    -8.305922887219010e+01,
    4.237028307851410e+01
  ],
  ""type"": ""Point""
}","{
  ""coordinates"": [
    -83.059228872,
    42.370283079
  ],
  ""type"": ""Point""
}",-83.0592288719999,42.370283079
9969,1394628,8 MILE,RYAN,2018-06-02,2,6,2018,14,7,5,3,,1,0,Asphalt,1,1,1,,1,2,1,5,0,0,0,0,true,true,false,false,false,false,false,false,false,false,false,false,false,false,true,false,false,false,false,false,false,false,-83.06351,42.44727,"{
  ""coordinates"": [
    -8.306350897856809e+01,
    4.244726895006060e+01
  ],
  ""type"": ""Point""
}","{
  ""coordinates"": [
    -83.063508979,
    42.44726895
  ],
  ""type"": ""Point""
}",-83.0635089789999,42.4472689500001
9970,1389456,N I 375,RAMP 041D,2018-06-02,2,6,2018,20,7,1,1,,1,1,Asphalt,1,1,1,55,5,1,1,3,0,0,1,0,false,false,false,false,false,false,false,false,false,true,false,false,false,false,false,false,false,false,false,true,false,false,-83.04268,42.34133,"{
  ""coordinates"": [
    -8.304267551046600e+01,
    4.234132615148730e+01
  ],
  ""type"": ""Point""
}","{
  ""coordinates"": [
    -83.04267551,
    42.341326151
  ],
  ""type"": ""Point""
}",-83.04267551,42.341326151
9971,1390547,GEORGIA,GRATIOT,2018-06-02,2,6,2018,14,7,3,3,,,0,,1,1,1,35,2,2,1,5,0,0,0,0,true,false,false,false,true,false,false,false,false,false,false,false,false,false,false,false,false,false,false,false,false,false,-83.00349,42.39576,"{
  ""coordinates"": [
    -8.300348852819820e+01,
    4.239575616584800e+01
  ],
  ""type"": ""Point""
}","{
  ""coordinates"": [
    -83.003488528,
    42.395756166
  ],
  ""type"": ""Point""
}",-83.0034885279999,42.3957561660001
9972,1389547,MCNICHOLS,FORRER,2018-06-02,2,6,2018,12,7,4,9,,2,0,Asphalt,1,1,1,35,4,2,1,5,0,0,0,0,true,false,false,false,false,false,false,false,false,false,false,false,false,true,false,false,false,false,false,false,false,false,-83.20218,42.4159,"{
  ""coordinates"": [
    -8.320218227133800e+01,
    4.241590501669420e+01
  ],
  ""type"": ""Point""
}","{
  ""coordinates"": [
    -83.202182271,
    42.415905017
  ],
  ""type"": ""Point""
}",-83.202182271,42.4159050170001
9973,1390549,SOUTHFIELD SERVICE DRIVE,GROVE,2018-06-02,2,6,2018,1,7,5,9,,4,0,Asphalt,1,1,1,35,2,2,1,5,0,0,0,0,true,false,false,false,true,false,false,false,false,false,false,false,false,true,false,false,false,false,false,false,false,false,-83.21842,42.41396,"{
  ""coordinates"": [
    -8.321842477114500e+01,
    4.241395869239930e+01
  ],
  ""type"": ""Point""
}","{
  ""coordinates"": [
    -83.218424771,
    42.413958692
  ],
  ""type"": ""Point""
}",-83.2184247709999,42.4139586920001
9974,1393307,E I 94 SERVICE DRIVE,BRUSH,2018-06-02,2,6,2018,11,7,4,9,,4,0,Asphalt,2,1,1,,2,2,3,4,0,0,0,1,false,false,true,true,false,false,false,false,false,false,true,false,false,false,false,false,false,false,false,false,false,false,-83.06429,42.36538,"{
  ""coordinates"": [
    -8.306428998217770e+01,
    4.236538219359440e+01
  ],
  ""type"": ""Point""
}","{
  ""coordinates"": [
    -83.064289982,
    42.365382194
  ],
  ""type"": ""Point""
}",-83.0642899819999,42.3653821940001
9975,1388332,FOLEY,PINEHURST,2018-06-02,2,6,2018,13,7,4,9,,,0,,1,2,1,25,2,2,1,5,0,0,0,0,true,false,true,false,true,false,false,false,false,false,false,false,false,false,false,false,false,false,false,false,false,false,-83.16595,42.37793,"{
  ""coordinates"": [
    -8.316594487433029e+01,
    4.237793435022360e+01
  ],
  ""type"": ""Point""
}","{
  ""coordinates"": [
    -83.165944874,
    42.37793435
  ],
  ""type"": ""Point""
}",-83.165944874,42.37793435
9976,1389552,REDFORD,ORCHARD,2018-06-02,2,6,2018,20,7,2,9,,4,0,Asphalt,1,2,1,25,2,2,1,5,0,0,0,0,true,false,false,false,false,false,false,false,false,false,true,false,false,false,false,false,false,false,false,false,false,false,-83.2579,42.41776,"{
  ""coordinates"": [
    -8.325789808695050e+01,
    4.241775826197490e+01
  ],
  ""type"": ""Point""
}","{
  ""coordinates"": [
    -83.257898087,
    42.417758262
  ],
  ""type"": ""Point""
}",-83.2578980869999,42.4177582620001
9977,1393224,FARMER,BATES,2018-06-02,2,6,2018,19,7,10,9,,7,0,Asphalt,1,1,1,25,2,2,6,5,0,0,0,0,true,false,false,false,false,false,false,false,false,false,false,false,false,false,false,false,false,false,false,false,false,false,-83.04465,42.33255,"{
  ""coordinates"": [
    -8.304465195217770e+01,
    4.233254895373620e+01
  ],
  ""type"": ""Point""
}","{
  ""coordinates"": [
    -83.044651952,
    42.332548954
  ],
  ""type"": ""Point""
}",-83.044651952,42.3325489540001
9978,1400754,E/B I-94,M-10,2018-06-02,2,6,2018,19,7,5,1,,1,0,Asphalt,1,1,1,55,3,2,2,5,0,0,0,0,true,false,false,false,false,false,false,false,false,true,false,false,false,true,false,false,false,false,false,false,false,false,-83.08027,42.35645,"{
  ""coordinates"": [
    -8.308026945101810e+01,
    4.235645091230960e+01
  ],
  ""type"": ""Point""
}","{
  ""coordinates"": [
    -83.080269451,
    42.356450912
  ],
  ""type"": ""Point""
}",-83.0802694509999,42.3564509120001
9979,1388379,CONNER TURN AROUND,CONNER,2018-06-02,2,6,2018,21,7,5,9,,4,0,Asphalt,1,1,3,35,1,2,1,5,0,0,0,0,true,false,false,false,false,false,false,false,false,false,true,false,false,true,false,false,false,false,false,false,false,false,-82.99017,42.39795,"{
  ""coordinates"": [
    -8.299017295820271e+01,
    4.239794537257060e+01
  ],
  ""type"": ""Point""
}","{
  ""coordinates"": [
    -82.990172958,
    42.397945373
  ],
  ""type"": ""Point""
}",-82.990172958,42.397945373
9980,1388329,CHICAGO,MANOR,2018-06-02,2,6,2018,20,7,4,9,,4,0,Asphalt,1,1,1,35,3,2,6,3,0,0,1,1,false,false,false,false,false,false,false,false,false,false,false,false,false,false,false,false,false,false,false,false,false,false,-83.16673,42.36602,"{
  ""coordinates"": [
    -8.316673537907010e+01,
    4.236602271557950e+01
  ],
  ""type"": ""Point""
}","{
  ""coordinates"": [
    -83.166735379,
    42.366022716
  ],
  ""type"": ""Point""
}",-83.166735379,42.366022716
9981,1390573,DWYER,CHARLES,2018-06-02,2,6,2018,23,7,5,9,,,0,,1,1,4,,2,2,4,5,0,0,0,0,true,false,false,false,false,false,false,false,false,false,false,false,false,false,false,false,false,false,false,false,false,false,-83.04047,42.412,"{
  ""coordinates"": [
    -8.304047169968860e+01,
    4.241200371753570e+01
  ],
  ""type"": ""Point""
}","{
  ""coordinates"": [
    -83.0404717,
    42.412003718
  ],
  ""type"": ""Point""
}",-83.0404717,42.4120037180001
9982,1396722,W I 94,GRAND RIVER,2018-06-02,2,6,2018,1,7,8,1,,1,0,Asphalt,1,1,4,55,3,4,4,5,0,0,0,0,true,false,false,false,false,false,false,false,false,true,false,false,false,false,false,false,false,false,false,false,false,false,-83.09544,42.35139,"{
  ""coordinates"": [
    -8.309544347868160e+01,
    4.235138930791140e+01
  ],
  ""type"": ""Point""
}","{
  ""coordinates"": [
    -83.095443479,
    42.351389308
  ],
  ""type"": ""Point""
}",-83.095443479,42.3513893080001
9983,1388377,CONNER,JEFFERSON,2018-06-02,2,6,2018,17,7,97,9,,4,0,Asphalt,1,1,1,35,6,2,2,5,0,0,0,0,true,false,false,false,false,false,false,false,false,false,false,false,false,false,false,false,false,false,false,false,false,false,-82.95891,42.37,"{
  ""coordinates"": [
    -8.295890529104210e+01,
    4.237000075680660e+01
  ],
  ""type"": ""Point""
}","{
  ""coordinates"": [
    -82.958905291,
    42.370000757
  ],
  ""type"": ""Point""
}",-82.958905291,42.3700007570001
9984,1388380,MOROSS,EDGEFIELD,2018-06-02,2,6,2018,14,7,8,9,,2,0,Asphalt,1,1,1,30,3,2,2,5,0,0,0,0,true,false,false,false,false,false,false,false,false,false,false,false,false,false,false,false,false,false,false,false,false,false,-82.92603,42.4231,"{
  ""coordinates"": [
    -8.292602382798860e+01,
    4.242310496630670e+01
  ],
  ""type"": ""Point""
}","{
  ""coordinates"": [
    -82.926023828,
    42.423104966
  ],
  ""type"": ""Point""
}",-82.926023828,42.423104966
9985,1388411,N I 75,MACK,2018-06-02,2,6,2018,10,7,4,1,,1,0,Concrete,1,1,1,35,8,2,2,5,0,0,0,0,true,false,false,false,false,false,false,false,false,false,false,false,false,false,false,false,false,false,false,false,false,false,-83.04784,42.35125,"{
  ""coordinates"": [
    -8.304784101800951e+01,
    4.235124788382990e+01
  ],
  ""type"": ""Point""
}","{
  ""coordinates"": [
    -83.047841018,
    42.351247884
  ],
  ""type"": ""Point""
}",-83.047841018,42.351247884
9986,1388416,TELEGRAPH,BENNETT,2018-06-02,2,6,2018,2,7,1,2,,1,0,Asphalt,1,1,4,45,4,1,0,5,0,0,0,0,true,false,false,false,false,false,false,false,true,false,false,false,false,false,false,false,false,false,false,false,false,false,-83.2776,42.41933,"{
  ""coordinates"": [
    -8.327759222880449e+01,
    4.241933121171500e+01
  ],
  ""type"": ""Point""
}","{
  ""coordinates"": [
    -83.277592229,
    42.419331212
  ],
  ""type"": ""Point""
}",-83.2775922289999,42.419331212
9987,1388446,MORAN,DAVISON,2018-06-02,2,6,2018,17,7,4,3,,,0,,1,2,1,25,2,2,2,5,0,0,0,0,true,false,false,false,false,false,false,false,false,false,false,false,false,false,true,false,false,false,false,false,false,false,-83.06239,42.41516,"{
  ""coordinates"": [
    -8.306239499316381e+01,
    4.241516059496920e+01
  ],
  ""type"": ""Point""
}","{
  ""coordinates"": [
    -83.062394993,
    42.415160595
  ],
  ""type"": ""Point""
}",-83.0623949929999,42.415160595
9988,1388360,SPRINGWELLS,LAFAYETTE,2018-06-02,2,6,2018,16,7,4,9,,4,0,Asphalt,1,1,1,25,2,2,4,5,0,0,0,0,true,false,false,false,false,false,false,false,false,false,false,false,false,false,true,false,false,false,false,false,false,false,-83.12029,42.30309,"{
  ""coordinates"": [
    -8.312028266287400e+01,
    4.230309155143540e+01
  ],
  ""type"": ""Point""
}","{
  ""coordinates"": [
    -83.120282663,
    42.303091551
  ],
  ""type"": ""Point""
}",-83.120282663,42.3030915510001
9989,1392234,N M 39,JOY,2018-06-02,2,6,2018,12,7,5,3,,1,0,Asphalt,1,2,1,55,3,2,6,5,0,0,0,0,true,false,false,false,true,false,false,false,false,false,false,false,false,false,false,false,false,false,false,false,false,false,-83.21628,42.35501,"{
  ""coordinates"": [
    -8.321627847278090e+01,
    4.235501213843130e+01
  ],
  ""type"": ""Point""
}","{
  ""coordinates"": [
    -83.216278473,
    42.355012138
  ],
  ""type"": ""Point""
}",-83.216278473,42.3550121380001
9990,1388454,STANSBURY,VASSAR,2018-06-02,2,6,2018,11,7,4,9,,,0,,1,2,1,25,4,2,3,5,0,0,0,0,true,false,false,false,true,false,false,false,false,false,false,false,false,true,false,false,false,false,false,false,false,false,-83.1842,42.43463,"{
  ""coordinates"": [
    -8.318420252235769e+01,
    4.243463036791810e+01
  ],
  ""type"": ""Point""
}","{
  ""coordinates"": [
    -83.184202522,
    42.434630368
  ],
  ""type"": ""Point""
}",-83.184202522,42.4346303680001
9991,1400790,I 96,JOY,2018-06-02,2,6,2018,23,7,5,1,,1,0,Asphalt,1,1,4,70,4,2,3,5,0,0,0,0,true,false,false,false,true,false,false,false,false,false,false,false,false,false,false,false,false,false,false,false,false,false,-83.14002,42.36761,"{
  ""coordinates"": [
    -8.314001980274720e+01,
    4.236760886719950e+01
  ],
  ""type"": ""Point""
}","{
  ""coordinates"": [
    -83.140019803,
    42.367608867
  ],
  ""type"": ""Point""
}",-83.140019803,42.3676088670001
9992,1389549,8 MILE,EVERGREEN,2018-06-02,2,6,2018,17,7,8,3,,1,0,Asphalt,1,2,1,45,4,2,2,5,0,0,0,0,true,false,false,false,false,false,false,false,false,false,false,false,false,true,false,false,false,false,false,false,false,false,-83.23735,42.4438,"{
  ""coordinates"": [
    -8.323735427696759e+01,
    4.244379689978670e+01
  ],
  ""type"": ""Point""
}","{
  ""coordinates"": [
    -83.237354277,
    42.4437969
  ],
  ""type"": ""Point""
}",-83.237354277,42.4437969000001
9993,1403900,I-96,TELEGRAPH,2018-06-02,2,6,2018,0,7,5,1,,1,0,Asphalt,1,2,4,70,3,2,4,5,0,0,0,0,true,false,false,false,true,false,false,false,false,false,false,false,false,false,false,false,false,false,false,false,false,false,-83.27419,42.38549,"{
  ""coordinates"": [
    -8.327418815125810e+01,
    4.238549140209310e+01
  ],
  ""type"": ""Point""
}","{
  ""coordinates"": [
    -83.274188151,
    42.385491402
  ],
  ""type"": ""Point""
}",-83.274188151,42.3854914020001
9994,1388440,CONANT,OUTER,2018-06-02,2,6,2018,1,7,5,9,,4,0,Asphalt,1,1,4,35,4,2,3,4,0,0,0,2,false,false,false,false,true,false,false,false,false,false,false,false,false,false,false,false,false,false,false,false,false,false,-83.07896,42.44027,"{
  ""coordinates"": [
    -8.307895660345660e+01,
    4.244026869930760e+01
  ],
  ""type"": ""Point""
}","{
  ""coordinates"": [
    -83.078956603,
    42.440268699
  ],
  ""type"": ""Point""
}",-83.0789566029999,42.4402686990001
9995,1389555,CAELY,CARPENTER,2018-06-02,2,6,2018,20,7,97,9,,,0,,1,1,3,25,1,2,0,5,0,0,0,0,true,false,false,false,true,false,false,false,false,false,true,true,false,false,false,false,false,false,false,false,false,false,-83.0528,42.40864,"{
  ""coordinates"": [
    -8.305279873271310e+01,
    4.240863782812380e+01
  ],
  ""type"": ""Point""
}","{
  ""coordinates"": [
    -83.052798733,
    42.408637828
  ],
  ""type"": ""Point""
}",-83.052798733,42.4086378280001
9996,1389543,E I 96,GRAND,2018-06-02,2,6,2018,12,7,4,1,,1,0,Asphalt,1,2,1,30,5,2,3,5,0,0,0,0,true,false,true,true,false,false,false,false,false,false,false,false,false,true,false,false,false,false,false,false,false,false,-83.11089,42.3559,"{
  ""coordinates"": [
    -8.311089527998119e+01,
    4.235589737839170e+01
  ],
  ""type"": ""Point""
}","{
  ""coordinates"": [
    -83.11089528,
    42.355897378
  ],
  ""type"": ""Point""
}",-83.11089528,42.3558973780001
9997,1388328,CHICAGO,ROBSON,2018-06-02,2,6,2018,14,7,4,9,,4,0,Asphalt,1,1,1,35,3,2,1,2,0,1,0,0,false,false,false,false,true,false,false,false,false,true,false,false,false,false,false,false,false,false,false,true,false,false,-83.19184,42.36548,"{
  ""coordinates"": [
    -8.319184023531170e+01,
    4.236548397696730e+01
  ],
  ""type"": ""Point""
}","{
  ""coordinates"": [
    -83.191840235,
    42.365483977
  ],
  ""type"": ""Point""
}",-83.191840235,42.3654839770001
9998,1389455,I-94,FRONTENAC,2018-06-02,2,6,2018,14,7,5,1,,1,0,Asphalt,1,1,1,55,3,2,3,4,0,0,0,1,false,false,false,false,false,false,false,false,false,false,false,false,false,false,false,false,false,false,false,false,false,false,-83.0261,42.38496,"{
  ""coordinates"": [
    -8.302610075072531e+01,
    4.238495903130500e+01
  ],
  ""type"": ""Point""
}","{
  ""coordinates"": [
    -83.026100751,
    42.384959031
  ],
  ""type"": ""Point""
}",-83.0261007509999,42.3849590310001
9999,1388337,WASHINGTON,FORT,2018-06-02,2,6,2018,19,7,5,3,,4,0,Asphalt,1,1,1,35,2,2,6,4,0,0,0,1,false,true,false,false,false,false,false,false,false,false,false,false,false,false,true,false,false,false,false,false,false,false,-83.04984,42.32967,"{
  ""coordinates"": [
    -8.304983872728241e+01,
    4.232966707092580e+01
  ],
  ""type"": ""Point""
}","{
  ""coordinates"": [
    -83.049838727,
    42.329667071
  ],
  ""type"": ""Point""
}",-83.049838727,42.3296670710001
10000,1388432,MITCHELL,REMINGTON,2018-06-02,2,6,2018,5,7,10,9,,,0,,1,1,4,25,1,2,2,5,0,0,0,0,true,false,false,false,false,false,false,false,false,false,false,false,false,false,false,false,true,false,false,false,false,false,-83.07282,42.44291,"{
  ""coordinates"": [
    -8.307282181931770e+01,
    4.244290969258520e+01
  ],
  ""type"": ""Point""
}","{
  ""coordinates"": [
    -83.072821819,
    42.442909693
  ],
  ""type"": ""Point""
}",-83.072821819,42.442909693
10001,1395704,BROADSTREET,BUENA VISTA,2018-06-02,2,6,2018,18,7,4,9,,4,0,Asphalt,1,1,1,25,2,2,2,5,0,0,0,0,true,false,true,false,false,false,false,false,false,false,false,false,false,false,false,false,false,false,false,false,false,false,-83.13792,42.38492,"{
  ""coordinates"": [
    -8.313791744776231e+01,
    4.238492067318380e+01
  ],
  ""type"": ""Point""
}","{
  ""coordinates"": [
    -83.137917448,
    42.384920673
  ],
  ""type"": ""Point""
}",-83.1379174479999,42.3849206730001
10002,1388333,WARD,WESTFIELD,2018-06-02,2,6,2018,1,7,4,9,,,0,,2,1,4,25,1,2,3,5,0,0,0,0,true,false,false,false,true,false,false,false,false,false,false,false,false,false,false,false,false,false,false,false,false,false,-83.17274,42.36316,"{
  ""coordinates"": [
    -8.317274377209139e+01,
    4.236315842615290e+01
  ],
  ""type"": ""Point""
}","{
  ""coordinates"": [
    -83.172743772,
    42.363158426
  ],
  ""type"": ""Point""
}",-83.172743772,42.363158426
10003,1388455,MCNICHOLS,LOG CABIN,2018-06-02,2,6,2018,9,7,5,9,,4,0,Asphalt,1,2,2,30,2,2,2,5,0,0,0,0,true,false,false,false,false,false,false,false,false,false,false,false,false,false,false,false,false,false,false,false,false,false,-83.12193,42.41748,"{
  ""coordinates"": [
    -8.312193157237030e+01,
    4.241748160440380e+01
  ],
  ""type"": ""Point""
}","{
  ""coordinates"": [
    -83.121931572,
    42.417481604
  ],
  ""type"": ""Point""
}",-83.1219315719999,42.417481604
10004,1389528,W I 94,RAMP 213C,2018-06-02,2,6,2018,0,7,8,1,,1,0,Asphalt,1,1,4,55,3,2,2,5,0,0,0,0,true,false,false,false,false,false,false,false,false,false,false,false,false,false,false,false,false,false,false,false,false,false,-83.10784,42.3475,"{
  ""coordinates"": [
    -8.310783833545111e+01,
    4.234749518432790e+01
  ],
  ""type"": ""Point""
}","{
  ""coordinates"": [
    -83.107838335,
    42.347495184
  ],
  ""type"": ""Point""
}",-83.1078383349999,42.347495184
10005,1399361,SOUTHFIELD SERVICE DRIVE,GRAND RIVER,2018-06-02,2,6,2018,19,7,8,3,,4,0,Asphalt,1,1,1,35,3,2,1,5,0,0,0,0,true,false,false,false,true,false,false,false,false,false,false,false,false,false,false,false,false,false,false,false,false,false,-83.21799,42.40058,"{
  ""coordinates"": [
    -8.321798955639881e+01,
    4.240057965078680e+01
  ],
  ""type"": ""Point""
}","{
  ""coordinates"": [
    -83.217989556,
    42.400579651
  ],
  ""type"": ""Point""
}",-83.217989556,42.400579651
10006,1388421,8 MILE,LAHSER,2018-06-02,2,6,2018,12,7,8,3,,1,0,Asphalt,1,1,1,45,4,2,2,5,0,0,0,0,true,false,false,false,false,false,false,false,false,false,false,false,false,false,false,false,false,false,false,false,false,false,-83.25922,42.44323,"{
  ""coordinates"": [
    -8.325921665169210e+01,
    4.244322580968180e+01
  ],
  ""type"": ""Point""
}","{
  ""coordinates"": [
    -83.259216652,
    42.44322581
  ],
  ""type"": ""Point""
}",-83.259216652,42.4432258100001
10007,1388393,WARREN,MINOCK,2018-06-01,1,6,2018,18,6,8,9,,2,0,Asphalt,1,2,1,35,4,2,2,5,0,0,0,0,true,false,false,false,false,false,false,false,false,false,true,false,false,false,false,false,false,false,false,false,false,false,-83.23182,42.34318,"{
  ""coordinates"": [
    -8.323181789672230e+01,
    4.234318160330880e+01
  ],
  ""type"": ""Point""
}","{
  ""coordinates"": [
    -83.231817897,
    42.343181603
  ],
  ""type"": ""Point""
}",-83.231817897,42.3431816030001
10008,1388423,ACACIA,GRANDMONT,2018-06-01,1,6,2018,12,6,4,9,,,0,,1,1,1,,2,2,1,5,0,0,0,0,true,false,false,false,true,false,false,false,false,false,false,false,false,false,false,false,false,false,false,false,false,false,-83.21081,42.39162,"{
  ""coordinates"": [
    -8.321080622543630e+01,
    4.239162093883570e+01
  ],
  ""type"": ""Point""
}","{
  ""coordinates"": [
    -83.210806225,
    42.391620939
  ],
  ""type"": ""Point""
}",-83.2108062249999,42.3916209390001
10009,1388437,MOUND,OUTER,2018-06-01,1,6,2018,16,6,8,9,,2,0,Asphalt,1,1,1,35,4,2,2,5,0,0,0,0,true,false,false,false,false,false,false,false,false,false,false,false,false,false,false,false,false,false,false,false,false,false,-83.04406,42.44092,"{
  ""coordinates"": [
    -8.304406114664530e+01,
    4.244091778379280e+01
  ],
  ""type"": ""Point""
}","{
  ""coordinates"": [
    -83.044061147,
    42.440917784
  ],
  ""type"": ""Point""
}",-83.044061147,42.4409177840001
10010,1388431,DAVISON SERVICE,GALLAGHER,2018-06-01,1,6,2018,23,6,97,3,,1,0,Asphalt,1,1,5,35,3,2,4,3,0,0,1,0,false,false,false,false,false,false,false,false,false,false,false,false,false,false,true,false,false,false,false,false,false,false,-83.06511,42.41469,"{
  ""coordinates"": [
    -8.306510736765780e+01,
    4.241468722561330e+01
  ],
  ""type"": ""Point""
}","{
  ""coordinates"": [
    -83.065107368,
    42.414687226
  ],
  ""type"": ""Point""
}",-83.065107368,42.4146872260001
10011,1388334,GRAND,I 96 SERVICE,2018-06-01,1,6,2018,8,6,4,1,,1,0,Concrete,1,1,1,45,5,2,4,4,0,0,0,1,false,false,false,false,false,false,false,false,false,false,false,false,false,false,false,false,false,false,false,false,false,false,-83.17628,42.38308,"{
  ""coordinates"": [
    -8.317628708152830e+01,
    4.238308516516980e+01
  ],
  ""type"": ""Point""
}","{
  ""coordinates"": [
    -83.176287082,
    42.383085165
  ],
  ""type"": ""Point""
}",-83.176287082,42.3830851650001
10012,1389542,3RD,BALTIMORE,2018-06-01,1,6,2018,7,6,8,9,,4,0,Asphalt,1,2,1,25,4,2,2,5,0,0,0,0,true,false,false,false,false,false,false,false,false,false,false,false,false,false,false,true,false,false,false,false,false,false,-83.07781,42.36625,"{
  ""coordinates"": [
    -8.307780946742220e+01,
    4.236624592806600e+01
  ],
  ""type"": ""Point""
}","{
  ""coordinates"": [
    -83.077809467,
    42.366245928
  ],
  ""type"": ""Point""
}",-83.077809467,42.3662459280001
10013,1390556,MORANG,LAING,2018-06-01,1,6,2018,17,6,4,9,,4,0,Asphalt,2,4,1,30,2,2,2,5,0,0,0,0,true,false,false,false,false,false,false,false,false,false,false,false,false,false,false,false,false,false,false,false,false,false,-82.95314,42.42741,"{
  ""coordinates"": [
    -8.295313681694870e+01,
    4.242740497898120e+01
  ],
  ""type"": ""Point""
}","{
  ""coordinates"": [
    -82.953136817,
    42.427404979
  ],
  ""type"": ""Point""
}",-82.953136817,42.4274049790001
10014,1388400,AUBURN,JOY,2018-06-01,1,6,2018,23,6,4,9,,,0,,1,1,4,35,4,2,2,5,0,0,0,0,true,false,false,false,false,false,false,false,false,false,false,false,false,false,false,false,false,false,false,false,false,false,-83.23353,42.3576,"{
  ""coordinates"": [
    -8.323353008016710e+01,
    4.235760687337900e+01
  ],
  ""type"": ""Point""
}","{
  ""coordinates"": [
    -83.23353008,
    42.357606873
  ],
  ""type"": ""Point""
}",-83.23353008,42.3576068730001
10015,1391228,W I 94,RAMP 213M,2018-06-01,1,6,2018,16,6,5,1,,1,0,Asphalt,1,2,1,55,3,2,2,5,0,0,0,0,true,false,false,false,false,false,false,false,false,false,false,false,false,false,false,false,false,false,false,false,false,false,-83.10027,42.34987,"{
  ""coordinates"": [
    -8.310026333830100e+01,
    4.234987245192580e+01
  ],
  ""type"": ""Point""
}","{
  ""coordinates"": [
    -83.100263338,
    42.349872452
  ],
  ""type"": ""Point""
}",-83.1002633379999,42.3498724520001
10016,1395674,BURT,CATHEDRAL,2018-06-01,1,6,2018,14,6,8,9,,,0,,1,1,1,25,1,2,2,5,0,0,0,0,true,false,false,false,true,false,false,false,false,false,false,false,false,false,false,false,false,false,false,false,false,false,-83.24576,42.36121,"{
  ""coordinates"": [
    -8.324575985887110e+01,
    4.236120621333550e+01
  ],
  ""type"": ""Point""
}","{
  ""coordinates"": [
    -83.245759859,
    42.361206213
  ],
  ""type"": ""Point""
}",-83.245759859,42.3612062130001
10017,1388347,JEFFERSON,BEAUBIEN,2018-06-01,1,6,2018,6,6,8,4,,1,0,Asphalt,1,1,1,35,6,2,1,5,0,0,0,0,true,false,false,false,false,false,false,false,false,false,false,false,false,false,false,false,false,false,false,false,false,false,-83.03957,42.33062,"{
  ""coordinates"": [
    -8.303957650766280e+01,
    4.233062275012580e+01
  ],
  ""type"": ""Point""
}","{
  ""coordinates"": [
    -83.039576508,
    42.33062275
  ],
  ""type"": ""Point""
}",-83.039576508,42.33062275
10018,1391257,S/B I-75,DAVISON,2018-06-01,1,6,2018,17,6,1,1,,1,1,Asphalt,2,4,1,70,4,1,1,3,0,0,1,0,false,false,false,false,false,false,false,false,false,true,false,false,false,false,true,false,false,false,false,false,false,false,-83.07935,42.40842,"{
  ""coordinates"": [
    -8.307935163798760e+01,
    4.240842470886660e+01
  ],
  ""type"": ""Point""
}","{
  ""coordinates"": [
    -83.079351638,
    42.408424709
  ],
  ""type"": ""Point""
}",-83.0793516379999,42.408424709
10019,1388248,I 75,NEVADA,2018-06-01,1,6,2018,17,6,8,1,,1,0,Asphalt,1,2,1,70,4,2,2,5,0,0,0,0,true,false,false,false,true,false,false,false,false,false,false,false,false,false,false,false,false,false,false,false,false,false,-83.0937,42.42521,"{
  ""coordinates"": [
    -8.309370554094930e+01,
    4.242520559073290e+01
  ],
  ""type"": ""Point""
}","{
  ""coordinates"": [
    -83.093705541,
    42.425205591
  ],
  ""type"": ""Point""
}",-83.093705541,42.4252055910001
10020,1409759,7 MILE,MOUNT ELLIOTT,2018-06-01,1,6,2018,23,6,4,9,,4,0,Asphalt,1,1,4,35,5,2,1,4,0,0,0,1,false,false,true,true,true,false,false,false,false,false,false,false,false,false,false,false,false,false,false,false,false,false,-83.03895,42.43368,"{
  ""coordinates"": [
    -8.303894759769270e+01,
    4.243368179050990e+01
  ],
  ""type"": ""Point""
}","{
  ""coordinates"": [
    -83.038947598,
    42.433681791
  ],
  ""type"": ""Point""
}",-83.0389475979999,42.433681791
10021,1481243,N I 75,8 MILE SERVICE DRIVE,2018-06-01,1,6,2018,16,6,5,1,,1,0,Asphalt,2,1,1,55,3,2,4,5,0,0,0,0,true,false,false,false,true,false,false,false,false,false,false,false,false,false,false,false,false,false,false,false,false,false,-83.09468,42.4465,"{
  ""coordinates"": [
    -8.309467726854869e+01,
    4.244649649163980e+01
  ],
  ""type"": ""Point""
}","{
  ""coordinates"": [
    -83.094677269,
    42.446496492
  ],
  ""type"": ""Point""
}",-83.094677269,42.4464964920001