ObjectId,Crash ID,Primary Road,Intersecting Road,Crash Date,Day,Month,Year,Hour,Weekday,Crash Type Code,Highway Classification Code,Community Code,Jurisdiction Code,Lane Departure Type Code,Surface Type,Road Condition,Weather Condition,Lighting Condition,Speed Limit,Lanes,Units,Occupants,Most Severe Injury,Fatal Injuries,Suspected Serious Injuries,Suspected Minor Injuries,Possible Injuries,Property Damage Only,Secondary Crash,Traffic Control,Red Light Run,Hit and Run,Alcohol,Drugs,Unbelted Person,Work Zone,Speeding Driver,Distracted Driver,Driveway,Pedestrian,Elderly Driver,Young Driver,Commercial Vehicle,Emergency Vehicles,Train,School Bus,Motorcycle,Bicycle,Deer,Longitude,Latitude,geom,geog,x,y
10076,1390570,CONNER,GRATIOT,2018-06-01,1,6,2018,11,6,8,3,,4,0,Asphalt,1,1,1,30,5,2,1,5,0,0,0,0,true,false,false,false,true,false,false,false,false,false,false,false,false,false,false,false,false,false,false,false,false,false,-82.99754,42.40493,"{
  ""coordinates"": [
    -8.299753307297060e+01,
    4.240493185368080e+01
  ],
  ""type"": ""Point""
}","{
  ""coordinates"": [
    -82.997533073,
    42.404931854
  ],
  ""type"": ""Point""
}",-82.9975330729999,42.404931854
10077,1388353,FORT,CLARK,2018-06-01,1,6,2018,14,6,4,3,,1,0,Concrete,1,1,1,30,5,2,2,5,0,0,0,0,true,false,false,false,false,false,false,false,false,false,false,true,false,true,false,false,false,false,false,false,false,false,-83.08981,42.31246,"{
  ""coordinates"": [
    -8.308981046656410e+01,
    4.231246020206380e+01
  ],
  ""type"": ""Point""
}","{
  ""coordinates"": [
    -83.089810467,
    42.312460202
  ],
  ""type"": ""Point""
}",-83.0898104669999,42.3124602020001
10078,1401982,LAWRENCE,LAWTON,2018-06-01,1,6,2018,20,6,1,9,,,0,,1,1,1,25,2,2,1,3,0,0,1,0,false,false,false,false,false,false,false,false,false,false,false,false,true,false,false,false,false,false,false,false,false,false,-83.11644,42.38032,"{
  ""coordinates"": [
    -8.311643784691270e+01,
    4.238032176700150e+01
  ],
  ""type"": ""Point""
}","{
  ""coordinates"": [
    -83.116437847,
    42.380321767
  ],
  ""type"": ""Point""
}",-83.116437847,42.3803217670001
10079,1388424,MCNICHOLS,HARLOW,2018-06-01,1,6,2018,14,6,5,9,,2,0,Asphalt,1,1,1,35,4,2,3,3,0,0,1,2,false,false,false,false,false,false,false,false,false,false,false,false,false,false,false,false,false,false,false,false,false,false,-83.21587,42.41562,"{
  ""coordinates"": [
    -8.321586754658971e+01,
    4.241561615385000e+01
  ],
  ""type"": ""Point""
}","{
  ""coordinates"": [
    -83.215867547,
    42.415616154
  ],
  ""type"": ""Point""
}",-83.215867547,42.4156161540001
10080,1393285,LIVERNOIS,COLLINGWOOD,2018-06-01,1,6,2018,14,6,97,9,,4,0,Asphalt,1,1,1,30,2,2,3,4,0,0,0,2,false,false,false,false,false,false,false,false,false,false,true,true,true,false,true,false,false,false,false,false,false,false,-83.13878,42.37163,"{
  ""coordinates"": [
    -8.313878201588210e+01,
    4.237162833538960e+01
  ],
  ""type"": ""Point""
}","{
  ""coordinates"": [
    -83.138782016,
    42.371628335
  ],
  ""type"": ""Point""
}",-83.1387820159999,42.371628335
10081,1388417,FORRER,CAMBRIDGE,2018-06-01,1,6,2018,9,6,4,9,,,0,,1,1,1,25,2,2,1,4,0,0,0,1,false,false,false,false,true,false,false,false,false,false,false,false,false,false,true,false,false,false,false,false,false,false,-83.2032,42.43216,"{
  ""coordinates"": [
    -8.320320078490050e+01,
    4.243216162087060e+01
  ],
  ""type"": ""Point""
}","{
  ""coordinates"": [
    -83.203200785,
    42.432161621
  ],
  ""type"": ""Point""
}",-83.203200785,42.432161621
10082,1388385,SCHOOLCRAFT,BENTLER,2018-06-01,1,6,2018,17,6,5,9,,4,0,Concrete,1,1,1,30,2,2,3,5,0,0,0,0,true,false,false,false,false,false,false,false,false,true,false,false,false,false,true,false,false,false,false,false,false,false,-83.25122,42.38493,"{
  ""coordinates"": [
    -8.325122255290000e+01,
    4.238493335959550e+01
  ],
  ""type"": ""Point""
}","{
  ""coordinates"": [
    -83.251222553,
    42.38493336
  ],
  ""type"": ""Point""
}",-83.2512225529999,42.38493336
10083,1388408,WARREN,GRANDY,2018-06-01,1,6,2018,16,6,1,9,,4,0,Asphalt,1,2,1,35,3,1,1,5,0,0,0,0,true,false,false,false,false,false,false,false,false,false,false,false,false,false,false,false,false,false,false,false,false,false,-83.03883,42.36641,"{
  ""coordinates"": [
    -8.303883077422780e+01,
    4.236641012186810e+01
  ],
  ""type"": ""Point""
}","{
  ""coordinates"": [
    -83.038830774,
    42.366410122
  ],
  ""type"": ""Point""
}",-83.038830774,42.366410122
10084,1388436,MARCUS,CULVER,2018-06-01,1,6,2018,14,6,4,9,,,0,,1,1,1,25,2,2,2,5,0,0,0,0,true,false,false,false,false,false,false,false,false,false,false,false,false,true,true,false,false,false,false,false,false,false,-83.00766,42.39709,"{
  ""coordinates"": [
    -8.300765738786130e+01,
    4.239709425707180e+01
  ],
  ""type"": ""Point""
}","{
  ""coordinates"": [
    -83.007657388,
    42.397094257
  ],
  ""type"": ""Point""
}",-83.007657388,42.397094257
10085,1390567,CONNER,GRATIOT,2018-06-01,1,6,2018,8,6,9,3,,4,2,Asphalt,1,1,1,30,5,2,2,5,0,0,0,0,true,false,false,false,false,false,false,false,false,false,false,false,false,true,false,true,false,false,false,false,false,false,-82.99756,42.40495,"{
  ""coordinates"": [
    -8.299756013623100e+01,
    4.240495277324150e+01
  ],
  ""type"": ""Point""
}","{
  ""coordinates"": [
    -82.997560136,
    42.404952773
  ],
  ""type"": ""Point""
}",-82.9975601359999,42.404952773
10086,1388375,CONNER,E I 94,2018-06-01,1,6,2018,10,6,8,1,,4,0,Asphalt,1,1,1,35,3,2,3,5,0,0,0,0,true,false,false,false,false,false,false,false,false,false,false,false,false,false,false,true,false,false,false,false,false,false,-82.98766,42.39659,"{
  ""coordinates"": [
    -8.298765897324500e+01,
    4.239659289834260e+01
  ],
  ""type"": ""Point""
}","{
  ""coordinates"": [
    -82.987658973,
    42.396592898
  ],
  ""type"": ""Point""
}",-82.987658973,42.3965928980001
10087,1412999,8 MILE,SHEFFIELD,2018-06-01,1,6,2018,16,6,8,3,,1,0,Asphalt,1,1,1,40,4,2,3,5,0,0,0,0,true,false,false,false,false,false,false,false,false,false,false,false,false,false,false,false,false,false,false,false,false,false,-83.13961,42.44614,"{
  ""coordinates"": [
    -8.313960961471240e+01,
    4.244613817466780e+01
  ],
  ""type"": ""Point""
}","{
  ""coordinates"": [
    -83.139609615,
    42.446138175
  ],
  ""type"": ""Point""
}",-83.139609615,42.446138175
10088,1388433,OUTER,GALLAGHER,2018-06-01,1,6,2018,10,6,97,9,,2,0,Asphalt,1,1,1,35,4,3,3,5,0,0,0,0,true,false,false,false,true,false,false,false,false,false,false,false,false,false,true,false,false,false,false,false,false,false,-83.07038,42.44041,"{
  ""coordinates"": [
    -8.307037833902950e+01,
    4.244041519261010e+01
  ],
  ""type"": ""Point""
}","{
  ""coordinates"": [
    -83.070378339,
    42.440415193
  ],
  ""type"": ""Point""
}",-83.0703783389999,42.440415193
10089,1389515,M-10,WYOMING,2018-06-01,1,6,2018,0,6,1,3,,1,1,Concrete,1,1,4,55,3,1,1,5,0,0,0,0,true,false,false,false,false,false,false,false,false,true,false,false,false,false,true,false,false,false,false,false,false,false,-83.16138,42.40588,"{
  ""coordinates"": [
    -8.316138718620000e+01,
    4.240588184205250e+01
  ],
  ""type"": ""Point""
}","{
  ""coordinates"": [
    -83.161387186,
    42.405881842
  ],
  ""type"": ""Point""
}",-83.161387186,42.405881842
10090,1388325,MANOR,OAKMAN,2018-06-01,1,6,2018,4,6,10,9,,4,0,Asphalt,1,1,5,,2,2,2,5,0,0,0,0,true,false,false,false,false,false,false,false,false,false,true,false,false,false,true,false,false,false,false,false,false,false,-83.16629,42.3553,"{
  ""coordinates"": [
    -8.316629301530790e+01,
    4.235529758853630e+01
  ],
  ""type"": ""Point""
}","{
  ""coordinates"": [
    -83.166293015,
    42.355297589
  ],
  ""type"": ""Point""
}",-83.166293015,42.355297589
10091,1388396,GRANDVILE,WARREN,2018-06-01,1,6,2018,19,6,10,9,,,0,,1,1,1,25,2,2,2,5,0,0,0,0,true,false,false,false,false,false,false,false,false,false,false,false,false,false,false,false,false,false,false,false,false,false,-83.2293,42.34322,"{
  ""coordinates"": [
    -8.322929790676309e+01,
    4.234322132232700e+01
  ],
  ""type"": ""Point""
}","{
  ""coordinates"": [
    -83.229297907,
    42.343221322
  ],
  ""type"": ""Point""
}",-83.229297907,42.343221322
10092,1388331,WYOMING,GRAND RIVER,2018-06-01,1,6,2018,19,6,5,3,,4,0,Asphalt,1,1,1,35,5,2,3,5,0,0,0,0,true,false,false,false,false,false,false,false,false,false,false,false,false,false,false,false,false,false,false,false,false,false,-83.15868,42.37663,"{
  ""coordinates"": [
    -8.315868556512190e+01,
    4.237662408932840e+01
  ],
  ""type"": ""Point""
}","{
  ""coordinates"": [
    -83.158685565,
    42.376624089
  ],
  ""type"": ""Point""
}",-83.158685565,42.3766240890001
10093,1388373,JEFFERSON,MANISTIQUE,2018-06-01,1,6,2018,17,6,5,9,,4,0,Asphalt,1,1,1,35,4,2,2,5,0,0,0,0,true,false,false,false,false,false,false,false,false,false,false,false,false,false,false,false,false,false,false,false,false,false,-82.94081,42.37433,"{
  ""coordinates"": [
    -8.294081445647920e+01,
    4.237433210956160e+01
  ],
  ""type"": ""Point""
}","{
  ""coordinates"": [
    -82.940814456,
    42.37433211
  ],
  ""type"": ""Point""
}",-82.9408144559999,42.3743321100001
10094,1388358,EDSEL,GLEASON,2018-06-01,1,6,2018,13,6,10,9,,,0,,1,1,1,25,1,2,1,5,0,0,0,0,true,false,false,false,false,false,false,false,false,false,true,true,false,false,false,false,false,false,false,false,false,false,-83.16341,42.26488,"{
  ""coordinates"": [
    -8.316341196565340e+01,
    4.226487758662840e+01
  ],
  ""type"": ""Point""
}","{
  ""coordinates"": [
    -83.163411966,
    42.264877587
  ],
  ""type"": ""Point""
}",-83.163411966,42.2648775870001
10095,1396727,I-94,GRATIOT,2018-06-01,1,6,2018,16,6,5,1,,1,0,Concrete,1,1,1,55,3,2,2,4,0,0,0,1,false,false,false,false,false,false,false,false,false,false,false,false,false,false,false,false,false,false,false,false,false,false,-83.05596,42.37003,"{
  ""coordinates"": [
    -8.305595913800890e+01,
    4.237003308749860e+01
  ],
  ""type"": ""Point""
}","{
  ""coordinates"": [
    -83.055959138,
    42.370033087
  ],
  ""type"": ""Point""
}",-83.0559591379999,42.370033087
10096,1390572,GRATIOT,STATE FAIR,2018-06-01,1,6,2018,15,6,8,3,,1,0,Asphalt,1,1,1,35,3,2,1,5,0,0,0,0,true,false,false,false,true,false,false,false,false,false,false,false,false,false,false,false,false,false,false,false,false,false,-82.97297,42.44225,"{
  ""coordinates"": [
    -8.297297286130730e+01,
    4.244224972451910e+01
  ],
  ""type"": ""Point""
}","{
  ""coordinates"": [
    -82.972972861,
    42.442249725
  ],
  ""type"": ""Point""
}",-82.972972861,42.4422497250001
10097,1388378,W I 94,OUTER,2018-06-01,1,6,2018,9,6,5,1,,1,0,Asphalt,1,1,1,,3,2,1,5,0,0,0,0,true,false,false,false,true,false,false,false,false,false,false,false,false,false,false,false,false,false,false,false,false,false,-82.9598,42.40521,"{
  ""coordinates"": [
    -8.295980214248731e+01,
    4.240521150118290e+01
  ],
  ""type"": ""Point""
}","{
  ""coordinates"": [
    -82.959802142,
    42.405211501
  ],
  ""type"": ""Point""
}",-82.9598021419999,42.4052115010001
10098,1392389,CURTIS,BIRWOOD,2018-06-01,1,6,2018,0,6,8,9,,4,0,Asphalt,1,1,4,30,2,2,4,5,0,0,0,0,true,false,false,false,false,false,false,false,false,false,false,false,false,false,true,false,false,false,false,false,false,false,-83.16468,42.4241,"{
  ""coordinates"": [
    -8.316468364904580e+01,
    4.242410246565950e+01
  ],
  ""type"": ""Point""
}","{
  ""coordinates"": [
    -83.164683649,
    42.424102466
  ],
  ""type"": ""Point""
}",-83.164683649,42.4241024660001
10099,1391256,E/B I-94,LIVERNOIS,2018-06-01,1,6,2018,15,6,5,1,,1,0,Asphalt,1,1,1,55,3,3,9,5,0,0,0,0,true,false,false,false,false,false,false,false,false,false,false,false,false,false,false,false,false,false,false,false,false,false,-83.12461,42.33742,"{
  ""coordinates"": [
    -8.312460960993459e+01,
    4.233742322307350e+01
  ],
  ""type"": ""Point""
}","{
  ""coordinates"": [
    -83.12460961,
    42.337423223
  ],
  ""type"": ""Point""
}",-83.1246096099999,42.337423223
10100,1389294,I 75,17TH,2018-06-01,1,6,2018,18,6,5,9,,4,0,Asphalt,1,2,1,55,2,2,2,5,0,0,0,0,true,false,false,false,true,false,false,false,false,false,false,false,false,false,false,false,false,false,false,false,false,false,-83.08323,42.33339,"{
  ""coordinates"": [
    -8.308322891063921e+01,
    4.233339328179740e+01
  ],
  ""type"": ""Point""
}","{
  ""coordinates"": [
    -83.083228911,
    42.333393282
  ],
  ""type"": ""Point""
}",-83.0832289109999,42.333393282
10101,1389482,I 96,HUBBELL,2018-06-01,1,6,2018,22,6,1,1,,1,1,Concrete,1,2,4,55,3,1,1,5,0,0,0,0,true,false,false,false,false,false,false,false,false,true,false,false,false,false,false,false,false,false,false,false,false,false,-83.18805,42.38069,"{
  ""coordinates"": [
    -8.318805094005020e+01,
    4.238069170492390e+01
  ],
  ""type"": ""Point""
}","{
  ""coordinates"": [
    -83.18805094,
    42.380691705
  ],
  ""type"": ""Point""
}",-83.18805094,42.3806917050001
10102,1394381,N/B I-75,MCNICHOLS,2018-06-01,1,6,2018,17,6,5,1,,1,0,Asphalt,2,4,1,70,4,2,1,5,0,0,0,0,true,false,false,false,true,false,false,false,false,false,false,false,false,false,false,false,false,false,false,false,false,false,-83.09282,42.42442,"{
  ""coordinates"": [
    -8.309281670297510e+01,
    4.242442206695270e+01
  ],
  ""type"": ""Point""
}","{
  ""coordinates"": [
    -83.092816703,
    42.424422067
  ],
  ""type"": ""Point""
}",-83.092816703,42.4244220670001
10103,1389553,2ND,GLYNN,2018-06-01,1,6,2018,15,6,8,9,,4,0,Asphalt,1,2,1,30,4,2,2,5,0,0,0,0,true,false,false,false,false,false,false,false,false,false,false,false,false,false,false,false,false,false,false,true,false,false,-83.08865,42.38749,"{
  ""coordinates"": [
    -8.308865324234820e+01,
    4.238749491197930e+01
  ],
  ""type"": ""Point""
}","{
  ""coordinates"": [
    -83.088653242,
    42.387494912
  ],
  ""type"": ""Point""
}",-83.088653242,42.3874949120001
10104,1428856,METTETAL,GRAND,2018-06-01,1,6,2018,14,6,5,3,,,0,,1,1,1,25,2,2,2,5,0,0,0,0,true,false,false,false,true,false,false,false,false,true,false,false,false,false,false,false,false,false,false,false,false,false,-83.20762,42.3964,"{
  ""coordinates"": [
    -8.320761661905060e+01,
    4.239640515615950e+01
  ],
  ""type"": ""Point""
}","{
  ""coordinates"": [
    -83.207616619,
    42.396405156
  ],
  ""type"": ""Point""
}",-83.207616619,42.3964051560001
10105,1388429,8 MILE,WEXFORD,2018-06-01,1,6,2018,10,6,5,3,,1,0,Asphalt,1,1,1,,3,2,1,5,0,0,0,0,true,true,false,false,false,false,false,false,false,false,false,false,false,false,true,false,false,false,false,false,false,false,-83.06632,42.44723,"{
  ""coordinates"": [
    -8.306632603712850e+01,
    4.244722992747710e+01
  ],
  ""type"": ""Point""
}","{
  ""coordinates"": [
    -83.066326037,
    42.447229927
  ],
  ""type"": ""Point""
}",-83.066326037,42.4472299270001
10106,1388435,TAPPAN,CARRIE,2018-06-01,1,6,2018,1,6,8,9,,,0,,1,1,1,,2,2,1,5,0,0,0,0,true,false,false,false,false,false,false,false,false,false,false,false,false,false,false,false,false,false,false,false,false,false,-83.0296,42.40651,"{
  ""coordinates"": [
    -8.302959906780640e+01,
    4.240650943860570e+01
  ],
  ""type"": ""Point""
}","{
  ""coordinates"": [
    -83.029599068,
    42.406509439
  ],
  ""type"": ""Point""
}",-83.029599068,42.406509439
10107,1389512,I 94,OUTER,2018-05-31,31,5,2018,7,5,5,1,,1,0,Asphalt,1,2,1,55,3,2,2,5,0,0,0,0,true,false,false,false,false,false,false,false,false,false,false,false,false,true,false,true,false,false,false,false,false,false,-82.95899,42.40546,"{
  ""coordinates"": [
    -8.295899065370649e+01,
    4.240546357400950e+01
  ],
  ""type"": ""Point""
}","{
  ""coordinates"": [
    -82.958990654,
    42.405463574
  ],
  ""type"": ""Point""
}",-82.958990654,42.4054635740001
10108,1400954,WARREN,CASS,2018-05-31,31,5,2018,15,5,8,9,,4,0,Asphalt,1,1,1,30,4,2,2,5,0,0,0,0,true,false,false,false,false,false,false,false,false,false,false,false,false,false,false,false,false,false,false,false,false,false,-83.0666,42.35592,"{
  ""coordinates"": [
    -8.306659782325220e+01,
    4.235592042754470e+01
  ],
  ""type"": ""Point""
}","{
  ""coordinates"": [
    -83.066597823,
    42.355920428
  ],
  ""type"": ""Point""
}",-83.0665978229999,42.355920428
10109,1395685,WOODSIDE,GRAND RIVER,2018-05-31,31,5,2018,21,5,1,3,,,0,,1,1,1,15,1,2,2,5,0,0,0,0,true,false,false,false,true,false,false,false,false,false,false,false,false,false,false,false,false,false,false,false,true,false,-83.13763,42.36823,"{
  ""coordinates"": [
    -8.313762416012339e+01,
    4.236823263880670e+01
  ],
  ""type"": ""Point""
}","{
  ""coordinates"": [
    -83.13762416,
    42.368232639
  ],
  ""type"": ""Point""
}",-83.13762416,42.368232639
10110,1394542,VINEWOOD,WARREN,2018-05-31,31,5,2018,16,5,4,9,,4,0,Asphalt,1,1,1,,2,2,5,4,0,0,0,1,false,false,false,false,false,false,false,false,false,false,false,false,false,false,false,false,false,false,false,false,false,false,-83.10608,42.3447,"{
  ""coordinates"": [
    -8.310607890159891e+01,
    4.234470408766870e+01
  ],
  ""type"": ""Point""
}","{
  ""coordinates"": [
    -83.106078902,
    42.344704088
  ],
  ""type"": ""Point""
}",-83.106078902,42.3447040880001
10111,1394527,I-96,MCGRAW,2018-05-31,31,5,2018,8,5,5,1,,1,0,Asphalt,1,1,1,70,5,2,3,5,0,0,0,0,true,false,false,false,false,false,false,false,false,false,false,false,false,false,true,false,false,false,false,false,false,false,-83.10637,42.35438,"{
  ""coordinates"": [
    -8.310636722512029e+01,
    4.235438238828590e+01
  ],
  ""type"": ""Point""
}","{
  ""coordinates"": [
    -83.106367225,
    42.354382388
  ],
  ""type"": ""Point""
}",-83.106367225,42.354382388
10112,1400025,MILITARY,MICHIGAN,2018-05-31,31,5,2018,9,5,8,9,,,0,,1,1,1,40,2,2,3,5,0,0,0,0,true,false,false,false,false,false,false,false,false,false,false,false,false,false,false,false,false,false,false,false,false,false,-83.11849,42.33064,"{
  ""coordinates"": [
    -8.311848938604450e+01,
    4.233063695392820e+01
  ],
  ""type"": ""Point""
}","{
  ""coordinates"": [
    -83.118489386,
    42.330636954
  ],
  ""type"": ""Point""
}",-83.118489386,42.3306369540001
10113,1387153,N I 75,WARREN,2018-05-31,31,5,2018,14,5,8,1,,1,0,Asphalt,1,1,1,55,3,2,1,5,0,0,0,0,true,false,false,false,true,false,false,false,false,false,false,false,false,false,false,false,false,false,false,false,false,false,-83.05403,42.36052,"{
  ""coordinates"": [
    -8.305403038752360e+01,
    4.236052090050400e+01
  ],
  ""type"": ""Point""
}","{
  ""coordinates"": [
    -83.054030388,
    42.360520901
  ],
  ""type"": ""Point""
}",-83.0540303879999,42.360520901
10114,1389518,I 94,MOROSS,2018-05-31,31,5,2018,14,5,5,1,,1,0,Asphalt,1,1,1,55,3,3,3,5,0,0,0,0,true,false,false,false,false,false,false,false,false,false,false,false,false,true,false,false,false,false,false,false,false,false,-82.93134,42.42133,"{
  ""coordinates"": [
    -8.293134399825080e+01,
    4.242132621405650e+01
  ],
  ""type"": ""Point""
}","{
  ""coordinates"": [
    -82.931343998,
    42.421326214
  ],
  ""type"": ""Point""
}",-82.931343998,42.421326214
10115,1387185,ILENE,JAMES COUZENS,2018-05-31,31,5,2018,5,5,97,9,,,0,,1,1,3,,1,2,0,5,0,0,0,0,true,false,false,false,true,false,false,false,false,false,false,false,false,false,false,false,false,false,false,false,false,false,-83.16197,42.40585,"{
  ""coordinates"": [
    -8.316196923662631e+01,
    4.240584757885880e+01
  ],
  ""type"": ""Point""
}","{
  ""coordinates"": [
    -83.161969237,
    42.405847579
  ],
  ""type"": ""Point""
}",-83.1619692369999,42.4058475790001
10116,1387180,OUTER,ROSELAWN,2018-05-31,31,5,2018,16,5,4,9,,2,0,Asphalt,1,1,1,35,3,2,2,5,0,0,0,0,true,false,false,false,false,false,false,false,false,false,false,false,false,true,false,false,false,false,false,false,false,false,-83.15318,42.43493,"{
  ""coordinates"": [
    -8.315318619340670e+01,
    4.243492717367010e+01
  ],
  ""type"": ""Point""
}","{
  ""coordinates"": [
    -83.153186193,
    42.434927174
  ],
  ""type"": ""Point""
}",-83.153186193,42.4349271740001
10117,1387160,OUTER,GRATIOT,2018-05-31,31,5,2018,17,5,5,3,,2,0,Asphalt,1,1,1,25,3,2,3,5,0,0,0,0,true,false,false,false,false,false,false,false,false,false,false,false,false,true,false,false,false,false,false,false,false,false,-82.9969,42.40646,"{
  ""coordinates"": [
    -8.299690300776579e+01,
    4.240645514762460e+01
  ],
  ""type"": ""Point""
}","{
  ""coordinates"": [
    -82.996903008,
    42.406455148
  ],
  ""type"": ""Point""
}",-82.9969030079999,42.4064551480001
10118,1387141,ALGONQUIN,WARREN,2018-05-31,31,5,2018,13,5,2,9,,,0,,1,1,1,35,2,2,3,5,0,0,0,0,true,false,false,false,true,false,false,false,false,false,false,false,false,false,false,false,false,false,false,false,false,false,-82.97023,42.39135,"{
  ""coordinates"": [
    -8.297023357430950e+01,
    4.239135256858170e+01
  ],
  ""type"": ""Point""
}","{
  ""coordinates"": [
    -82.970233574,
    42.391352569
  ],
  ""type"": ""Point""
}",-82.970233574,42.391352569
10119,1393284,CHICAGO,M 10 SERVICE,2018-05-31,31,5,2018,15,5,5,3,,4,0,Concrete,1,1,1,30,4,2,4,4,0,0,0,2,false,false,false,false,false,false,false,false,false,false,false,false,false,false,false,false,false,false,false,false,false,false,-83.09532,42.38218,"{
  ""coordinates"": [
    -8.309532382464620e+01,
    4.238218167743130e+01
  ],
  ""type"": ""Point""
}","{
  ""coordinates"": [
    -83.095323825,
    42.382181677
  ],
  ""type"": ""Point""
}",-83.095323825,42.3821816770001
10120,1390399,N M 39,RAMP 008M,2018-05-31,31,5,2018,9,5,5,3,,1,0,Asphalt,98,98,1,55,3,2,1,5,0,0,0,0,true,false,false,false,true,false,false,false,false,true,false,false,false,false,false,false,false,false,false,false,false,false,-83.21695,42.37893,"{
  ""coordinates"": [
    -8.321694767504989e+01,
    4.237892755262510e+01
  ],
  ""type"": ""Point""
}","{
  ""coordinates"": [
    -83.216947675,
    42.378927553
  ],
  ""type"": ""Point""
}",-83.216947675,42.378927553
10121,1387162,GRATIOT,BARLOW,2018-05-31,31,5,2018,7,5,8,3,,1,0,Asphalt,1,1,1,30,6,2,1,5,0,0,0,0,true,false,false,false,true,false,false,false,false,false,false,false,false,false,false,false,false,false,false,false,false,false,-82.98859,42.41853,"{
  ""coordinates"": [
    -8.298858412140871e+01,
    4.241852952769910e+01
  ],
  ""type"": ""Point""
}","{
  ""coordinates"": [
    -82.988584121,
    42.418529528
  ],
  ""type"": ""Point""
}",-82.988584121,42.4185295280001
10122,1387148,JOY,FIELDING,2018-05-31,31,5,2018,12,5,5,9,,2,0,Asphalt,1,1,1,35,3,2,2,4,0,0,0,2,false,false,false,false,true,false,false,false,false,false,false,false,false,false,false,false,false,false,false,false,false,false,-83.24091,42.35748,"{
  ""coordinates"": [
    -8.324091557247840e+01,
    4.235747534399730e+01
  ],
  ""type"": ""Point""
}","{
  ""coordinates"": [
    -83.240915572,
    42.357475344
  ],
  ""type"": ""Point""
}",-83.2409155719999,42.3574753440001
10123,1387161,GRATIOT,SANFORD,2018-05-31,31,5,2018,16,5,8,3,,1,0,Asphalt,1,1,1,35,7,2,2,5,0,0,0,0,true,false,false,false,false,false,false,false,false,false,false,false,false,false,false,false,false,false,false,false,false,false,-82.99126,42.41444,"{
  ""coordinates"": [
    -8.299126586116191e+01,
    4.241443586953040e+01
  ],
  ""type"": ""Point""
}","{
  ""coordinates"": [
    -82.991265861,
    42.41443587
  ],
  ""type"": ""Point""
}",-82.991265861,42.41443587
10124,1387136,SAINT JEAN,MACK,2018-05-31,31,5,2018,15,5,2,9,,,0,,1,1,1,30,5,2,2,5,0,0,0,0,true,false,true,false,false,false,false,false,false,false,false,false,false,false,false,false,false,false,false,false,false,false,-82.97855,42.37912,"{
  ""coordinates"": [
    -8.297855507022410e+01,
    4.237911868455080e+01
  ],
  ""type"": ""Point""
}","{
  ""coordinates"": [
    -82.97855507,
    42.379118685
  ],
  ""type"": ""Point""
}",-82.97855507,42.379118685
10125,1400922,CHICAGO,LAWTON,2018-05-31,31,5,2018,16,5,98,9,,4,3,Asphalt,98,1,1,25,4,2,0,5,0,0,0,0,true,false,false,false,true,false,false,false,false,false,false,false,false,false,false,false,false,false,false,false,false,false,-83.11353,42.37547,"{
  ""coordinates"": [
    -8.311352581425020e+01,
    4.237547227654890e+01
  ],
  ""type"": ""Point""
}","{
  ""coordinates"": [
    -83.113525814,
    42.375472277
  ],
  ""type"": ""Point""
}",-83.113525814,42.375472277
10126,1387121,FORT,21ST,2018-05-31,31,5,2018,15,5,5,3,,1,0,Concrete,1,1,1,30,5,2,2,4,0,0,0,2,false,false,false,false,false,false,false,false,false,false,false,false,false,true,false,true,false,false,false,false,false,false,-83.07687,42.31805,"{
  ""coordinates"": [
    -8.307686569085929e+01,
    4.231804956981860e+01
  ],
  ""type"": ""Point""
}","{
  ""coordinates"": [
    -83.076865691,
    42.31804957
  ],
  ""type"": ""Point""
}",-83.076865691,42.31804957
10127,1392366,CHRYSLER,MACK,2018-05-31,31,5,2018,15,5,4,1,,1,0,Concrete,1,1,1,35,3,2,6,4,0,0,0,2,false,false,true,true,false,false,false,false,false,false,false,false,false,false,false,false,false,false,false,false,false,false,-83.04809,42.35108,"{
  ""coordinates"": [
    -8.304808699993410e+01,
    4.235107724430530e+01
  ],
  ""type"": ""Point""
}","{
  ""coordinates"": [
    -83.048087,
    42.351077244
  ],
  ""type"": ""Point""
}",-83.048087,42.3510772440001
10128,1387170,NEVADA,SUNSET,2018-05-31,31,5,2018,13,5,8,9,,4,0,Asphalt,1,1,1,,1,2,1,5,0,0,0,0,true,true,false,false,false,false,false,false,false,false,false,false,false,false,true,false,false,false,false,false,false,false,-83.06018,42.42596,"{
  ""coordinates"": [
    -8.306018163605020e+01,
    4.242595711285120e+01
  ],
  ""type"": ""Point""
}","{
  ""coordinates"": [
    -83.060181636,
    42.425957113
  ],
  ""type"": ""Point""
}",-83.060181636,42.425957113
10129,1387146,WARREN,UNIVERSITY,2018-05-31,31,5,2018,21,5,4,9,,4,0,Asphalt,1,1,4,35,2,2,3,5,0,0,0,0,true,false,false,false,true,false,false,false,false,true,false,false,false,false,true,false,false,false,false,false,false,false,-82.92235,42.40879,"{
  ""coordinates"": [
    -8.292234581355100e+01,
    4.240879191393450e+01
  ],
  ""type"": ""Point""
}","{
  ""coordinates"": [
    -82.922345814,
    42.408791914
  ],
  ""type"": ""Point""
}",-82.922345814,42.4087919140001
10130,1387158,MANNING,GRATIOT,2018-05-31,31,5,2018,18,5,5,3,,,3,,1,1,1,25,1,2,4,4,0,0,0,2,false,false,false,false,true,false,false,false,false,false,false,false,false,false,false,false,false,false,false,false,false,false,-82.97385,42.44081,"{
  ""coordinates"": [
    -8.297385198625859e+01,
    4.244081676822230e+01
  ],
  ""type"": ""Point""
}","{
  ""coordinates"": [
    -82.973851986,
    42.440816768
  ],
  ""type"": ""Point""
}",-82.9738519859999,42.440816768