ObjectId,Crash ID,Primary Road,Intersecting Road,Crash Date,Day,Month,Year,Hour,Weekday,Crash Type Code,Highway Classification Code,Community Code,Jurisdiction Code,Lane Departure Type Code,Surface Type,Road Condition,Weather Condition,Lighting Condition,Speed Limit,Lanes,Units,Occupants,Most Severe Injury,Fatal Injuries,Suspected Serious Injuries,Suspected Minor Injuries,Possible Injuries,Property Damage Only,Secondary Crash,Traffic Control,Red Light Run,Hit and Run,Alcohol,Drugs,Unbelted Person,Work Zone,Speeding Driver,Distracted Driver,Driveway,Pedestrian,Elderly Driver,Young Driver,Commercial Vehicle,Emergency Vehicles,Train,School Bus,Motorcycle,Bicycle,Deer,Longitude,Latitude,geom,geog,x,y
10131,1388364,PITT,HONORAH,2018-05-31,31,5,2018,6,5,8,9,,,3,,1,1,2,25,2,2,1,5,0,0,0,0,true,false,false,false,false,false,false,true,false,false,false,false,false,false,false,false,false,false,false,false,false,false,-83.12449,42.31498,"{
  ""coordinates"": [
    -8.312449181484131e+01,
    4.231498164546400e+01
  ],
  ""type"": ""Point""
}","{
  ""coordinates"": [
    -83.124491815,
    42.314981645
  ],
  ""type"": ""Point""
}",-83.1244918149999,42.314981645
10132,1387172,SYRACUSE,LANTZ,2018-05-31,31,5,2018,13,5,4,9,,,0,,1,1,1,25,1,2,2,5,0,0,0,0,true,false,false,false,true,false,false,false,false,false,false,false,false,false,false,false,false,false,false,false,false,false,-83.04614,42.43829,"{
  ""coordinates"": [
    -8.304614153262111e+01,
    4.243828670276620e+01
  ],
  ""type"": ""Point""
}","{
  ""coordinates"": [
    -83.046141533,
    42.438286703
  ],
  ""type"": ""Point""
}",-83.046141533,42.4382867030001
10133,1388448,WOODWARD,7 MILE,2018-05-31,31,5,2018,14,5,5,3,,1,0,Asphalt,1,1,1,40,4,2,4,4,0,0,0,2,false,false,false,false,false,false,false,false,false,false,false,false,false,false,false,false,false,false,false,false,false,false,-83.11497,42.43211,"{
  ""coordinates"": [
    -8.311496678106469e+01,
    4.243211150612910e+01
  ],
  ""type"": ""Point""
}","{
  ""coordinates"": [
    -83.114966781,
    42.432111506
  ],
  ""type"": ""Point""
}",-83.114966781,42.4321115060001
10134,1397571,VASSAR,MURRAY,2018-05-31,31,5,2018,1,5,10,9,,,0,,8,1,4,25,2,2,1,5,0,0,0,0,true,false,false,false,false,false,false,false,false,false,false,false,false,false,false,false,false,false,false,false,false,false,-83.20841,42.43392,"{
  ""coordinates"": [
    -8.320841065485600e+01,
    4.243391831731450e+01
  ],
  ""type"": ""Point""
}","{
  ""coordinates"": [
    -83.208410655,
    42.433918317
  ],
  ""type"": ""Point""
}",-83.208410655,42.4339183170001
10135,1388426,COYLE,MCNICHOLS,2018-05-31,31,5,2018,10,5,98,9,,,0,,1,1,1,20,2,2,0,5,0,0,0,0,true,false,false,false,true,false,false,false,false,false,false,false,false,false,false,false,false,false,false,false,false,false,-83.19445,42.41621,"{
  ""coordinates"": [
    -8.319444687219010e+01,
    4.241621407167270e+01
  ],
  ""type"": ""Point""
}","{
  ""coordinates"": [
    -83.194446872,
    42.416214072
  ],
  ""type"": ""Point""
}",-83.194446872,42.4162140720001
10136,1395695,WYOMING,PLYMOUTH,2018-05-31,31,5,2018,16,5,9,9,,4,2,Asphalt,1,1,1,35,4,2,4,4,0,0,0,3,false,false,false,false,true,false,false,false,false,false,false,false,false,true,false,false,false,false,false,false,false,false,-83.15857,42.37347,"{
  ""coordinates"": [
    -8.315856734956540e+01,
    4.237346602165910e+01
  ],
  ""type"": ""Point""
}","{
  ""coordinates"": [
    -83.15856735,
    42.373466022
  ],
  ""type"": ""Point""
}",-83.1585673499999,42.3734660220001
10137,1387177,FAIRFIELD,MCNICHOLS,2018-05-31,31,5,2018,11,5,97,9,,,0,,1,1,1,25,1,2,2,5,0,0,0,0,true,false,false,false,false,false,false,false,false,false,false,true,false,true,false,false,false,false,false,false,false,false,-83.13532,42.41749,"{
  ""coordinates"": [
    -8.313531950397380e+01,
    4.241749352711280e+01
  ],
  ""type"": ""Point""
}","{
  ""coordinates"": [
    -83.135319504,
    42.417493527
  ],
  ""type"": ""Point""
}",-83.1353195039999,42.417493527
10138,1390524,JEFFERSON,BEAUBIEN,2018-05-31,31,5,2018,23,5,1,4,,1,0,Asphalt,1,1,4,35,6,1,1,5,0,0,0,0,true,false,false,false,false,false,false,false,false,false,false,false,false,false,false,false,false,false,false,false,false,false,-83.03957,42.33062,"{
  ""coordinates"": [
    -8.303957650766280e+01,
    4.233062275012580e+01
  ],
  ""type"": ""Point""
}","{
  ""coordinates"": [
    -83.039576508,
    42.33062275
  ],
  ""type"": ""Point""
}",-83.039576508,42.33062275
10139,1388317,M10,GRANDRIVER,2018-05-31,31,5,2018,17,5,5,3,,1,0,Concrete,1,2,1,55,3,2,3,5,0,0,0,0,true,false,false,false,false,false,false,false,false,false,false,false,false,false,false,false,false,false,false,false,false,false,-83.06592,42.33872,"{
  ""coordinates"": [
    -8.306591686412230e+01,
    4.233871834010400e+01
  ],
  ""type"": ""Point""
}","{
  ""coordinates"": [
    -83.065916864,
    42.33871834
  ],
  ""type"": ""Point""
}",-83.065916864,42.3387183400001
10140,1392341,M-39,WARREN,2018-05-31,31,5,2018,17,5,8,3,,1,0,Asphalt,1,1,1,55,3,2,1,5,0,0,0,0,true,false,false,false,true,false,false,false,false,false,false,false,false,false,false,false,false,false,false,false,false,false,-83.21629,42.34482,"{
  ""coordinates"": [
    -8.321628758228741e+01,
    4.234482230212660e+01
  ],
  ""type"": ""Point""
}","{
  ""coordinates"": [
    -83.216287582,
    42.344822302
  ],
  ""type"": ""Point""
}",-83.2162875819999,42.3448223020001
10141,1390498,I-75,PIQUETTE,2018-05-31,31,5,2018,15,5,5,1,,1,0,Asphalt,1,1,1,55,3,2,2,5,0,0,0,0,true,false,false,false,false,false,false,false,false,false,false,false,false,false,false,false,false,false,false,false,false,false,-83.05832,42.36936,"{
  ""coordinates"": [
    -8.305831639895750e+01,
    4.236936285909630e+01
  ],
  ""type"": ""Point""
}","{
  ""coordinates"": [
    -83.058316399,
    42.369362859
  ],
  ""type"": ""Point""
}",-83.058316399,42.369362859
10142,1388388,GRAND RIVER,TELEGRAPH,2018-05-31,31,5,2018,16,5,8,3,,1,0,Asphalt,1,1,1,,4,2,2,5,0,0,0,0,true,false,false,false,false,false,false,false,false,false,false,false,false,false,false,false,false,false,false,false,false,false,-83.27795,42.42443,"{
  ""coordinates"": [
    -8.327794890261281e+01,
    4.242443514182940e+01
  ],
  ""type"": ""Point""
}","{
  ""coordinates"": [
    -83.277948903,
    42.424435142
  ],
  ""type"": ""Point""
}",-83.277948903,42.424435142
10143,1388422,7 MILE,HARLOW,2018-05-31,31,5,2018,8,5,8,9,,2,0,Asphalt,1,1,1,35,2,2,2,5,0,0,0,0,true,false,false,false,false,false,false,false,false,false,false,false,false,false,false,true,false,false,false,false,false,false,-83.21616,42.4301,"{
  ""coordinates"": [
    -8.321616155147110e+01,
    4.243010286259820e+01
  ],
  ""type"": ""Point""
}","{
  ""coordinates"": [
    -83.216161551,
    42.430102863
  ],
  ""type"": ""Point""
}",-83.216161551,42.4301028630001
10144,1438551,CENTRAL,JOHN KRONK,2018-05-31,31,5,2018,21,5,1,9,,4,1,Asphalt,1,1,4,30,2,1,2,5,0,0,0,0,true,false,false,false,false,false,false,false,false,false,false,false,false,false,true,false,false,false,false,false,false,false,-83.13174,42.3229,"{
  ""coordinates"": [
    -8.313173395715449e+01,
    4.232289400598290e+01
  ],
  ""type"": ""Point""
}","{
  ""coordinates"": [
    -83.131733957,
    42.322894006
  ],
  ""type"": ""Point""
}",-83.1317339569999,42.3228940060001
10145,1388316,I94,14TH,2018-05-31,31,5,2018,16,5,5,1,,1,0,Asphalt,1,1,1,,3,2,2,5,0,0,0,0,true,false,false,false,false,false,false,false,false,false,false,false,false,false,false,false,false,false,false,false,false,false,-83.08973,42.3532,"{
  ""coordinates"": [
    -8.308972799687420e+01,
    4.235319664965770e+01
  ],
  ""type"": ""Point""
}","{
  ""coordinates"": [
    -83.089727997,
    42.35319665
  ],
  ""type"": ""Point""
}",-83.089727997,42.35319665
10146,1388355,KOPERNICK,WESSON,2018-05-31,31,5,2018,0,5,8,9,,,0,,1,1,5,25,4,2,2,4,0,0,0,2,false,false,false,false,true,false,false,false,false,false,false,false,false,false,false,false,false,false,false,false,false,false,-83.1137,42.3285,"{
  ""coordinates"": [
    -8.311369882575811e+01,
    4.232850328766970e+01
  ],
  ""type"": ""Point""
}","{
  ""coordinates"": [
    -83.113698826,
    42.328503288
  ],
  ""type"": ""Point""
}",-83.113698826,42.328503288
10147,1388345,THIRD,FISHER,2018-05-31,31,5,2018,8,5,8,9,,4,0,Asphalt,1,1,4,35,3,2,2,5,0,0,0,0,true,false,false,false,false,false,false,false,false,false,false,false,false,false,false,false,false,false,false,false,false,false,-83.0605,42.33666,"{
  ""coordinates"": [
    -8.306050274897930e+01,
    4.233665871651570e+01
  ],
  ""type"": ""Point""
}","{
  ""coordinates"": [
    -83.060502749,
    42.336658717
  ],
  ""type"": ""Point""
}",-83.060502749,42.336658717
10148,1388409,7 MILE,DEQUINDRE,2018-05-31,31,5,2018,18,5,5,9,,4,0,Asphalt,1,1,2,35,4,2,2,5,0,0,0,0,true,false,false,false,false,false,false,false,false,false,false,false,false,false,false,false,false,false,false,false,false,false,-83.08289,42.4329,"{
  ""coordinates"": [
    -8.308289443428980e+01,
    4.243290145699290e+01
  ],
  ""type"": ""Point""
}","{
  ""coordinates"": [
    -83.082894434,
    42.432901457
  ],
  ""type"": ""Point""
}",-83.082894434,42.4329014570001
10149,1388404,I 94,CASS,2018-05-31,31,5,2018,18,5,5,1,,1,0,Asphalt,1,1,1,55,4,2,1,4,0,0,0,1,false,false,false,false,true,false,false,false,false,false,false,false,false,false,false,false,false,false,false,false,false,false,-83.07069,42.36281,"{
  ""coordinates"": [
    -8.307068419672730e+01,
    4.236281357535270e+01
  ],
  ""type"": ""Point""
}","{
  ""coordinates"": [
    -83.070684197,
    42.362813575
  ],
  ""type"": ""Point""
}",-83.0706841969999,42.3628135750001
10150,1390553,8 MILE,GRANDVILLE,2018-05-31,31,5,2018,0,5,8,3,,1,0,Asphalt,1,1,4,45,2,2,0,5,0,0,0,0,true,false,false,false,true,false,false,false,false,false,false,false,false,false,false,false,false,false,false,false,false,false,-83.23332,42.44388,"{
  ""coordinates"": [
    -8.323332234143960e+01,
    4.244387990646630e+01
  ],
  ""type"": ""Point""
}","{
  ""coordinates"": [
    -83.233322341,
    42.443879906
  ],
  ""type"": ""Point""
}",-83.233322341,42.4438799060001
10151,1388434,8 MILE,MOUNT ELLIOTT,2018-05-31,31,5,2018,15,5,5,3,,1,0,Asphalt,1,1,1,40,4,2,2,5,0,0,0,0,true,false,false,false,true,false,false,false,false,false,false,false,false,false,false,false,false,false,false,false,false,false,-83.03942,42.44787,"{
  ""coordinates"": [
    -8.303941744370189e+01,
    4.244787363910560e+01
  ],
  ""type"": ""Point""
}","{
  ""coordinates"": [
    -83.039417444,
    42.447873639
  ],
  ""type"": ""Point""
}",-83.039417444,42.4478736390001
10152,1391501,WOODWARD,GRAND,2018-05-31,31,5,2018,16,5,8,3,,1,0,Asphalt,1,1,1,30,4,2,4,5,0,0,0,0,true,false,false,false,false,false,false,false,false,false,false,false,false,false,false,false,false,false,false,false,false,false,-83.07345,42.37045,"{
  ""coordinates"": [
    -8.307344832971060e+01,
    4.237044614356630e+01
  ],
  ""type"": ""Point""
}","{
  ""coordinates"": [
    -83.07344833,
    42.370446144
  ],
  ""type"": ""Point""
}",-83.07344833,42.370446144
10153,1408909,ROBINWOOD,SYRACUSE,2018-05-31,31,5,2018,15,5,97,9,,,0,,1,1,1,,4,2,0,5,0,0,0,0,true,true,false,false,true,false,false,false,false,false,false,false,true,false,false,false,false,false,false,false,false,false,-83.04568,42.43165,"{
  ""coordinates"": [
    -8.304567876780040e+01,
    4.243164687054120e+01
  ],
  ""type"": ""Point""
}","{
  ""coordinates"": [
    -83.045678768,
    42.431646871
  ],
  ""type"": ""Point""
}",-83.045678768,42.4316468710001
10154,1408891,EVERGREEN,CATHEDRAL,2018-05-31,31,5,2018,2,5,1,9,,4,0,Asphalt,1,1,5,30,2,1,3,1,1,0,1,1,false,false,false,false,false,true,false,false,false,false,false,false,false,false,false,false,false,false,false,false,false,false,-83.23599,42.36057,"{
  ""coordinates"": [
    -8.323598949093260e+01,
    4.236057108771250e+01
  ],
  ""type"": ""Point""
}","{
  ""coordinates"": [
    -83.235989491,
    42.360571088
  ],
  ""type"": ""Point""
}",-83.2359894909999,42.360571088
10155,1389521,N M 39,RAMP 006B,2018-05-31,31,5,2018,13,5,5,3,,1,0,Asphalt,1,1,1,55,3,2,2,3,0,0,1,0,false,false,false,false,false,false,false,false,false,false,false,false,false,false,false,false,false,false,false,false,false,false,-83.21615,42.34626,"{
  ""coordinates"": [
    -8.321614888478889e+01,
    4.234625971111490e+01
  ],
  ""type"": ""Point""
}","{
  ""coordinates"": [
    -83.216148885,
    42.346259711
  ],
  ""type"": ""Point""
}",-83.2161488849999,42.3462597110001
10156,1562904,TRINITY,GRAND RIVER,2018-05-31,31,5,2018,7,5,9,3,,4,2,Asphalt,1,1,1,25,1,2,3,5,0,0,0,0,true,false,false,false,false,false,false,false,false,false,false,false,false,false,false,false,false,false,false,false,false,false,-83.24882,42.41299,"{
  ""coordinates"": [
    -8.324881997078090e+01,
    4.241299375785780e+01
  ],
  ""type"": ""Point""
}","{
  ""coordinates"": [
    -83.248819971,
    42.412993758
  ],
  ""type"": ""Point""
}",-83.248819971,42.412993758
10157,1511553,GREENFIELD,MIDLAND,2018-05-31,31,5,2018,9,5,5,9,,2,0,Asphalt,1,1,1,35,6,2,2,5,0,0,0,0,true,false,false,false,false,false,false,false,false,false,false,false,false,true,false,false,false,false,false,true,false,false,-83.19888,42.40533,"{
  ""coordinates"": [
    -8.319888308626550e+01,
    4.240533224728050e+01
  ],
  ""type"": ""Point""
}","{
  ""coordinates"": [
    -83.198883086,
    42.405332247
  ],
  ""type"": ""Point""
}",-83.198883086,42.405332247
10158,1391444,I-94,ROOSEVELT,2018-05-31,31,5,2018,18,5,5,9,,,0,,1,1,1,55,3,2,3,5,0,0,0,0,true,false,false,false,true,false,false,false,false,false,false,false,false,false,true,false,false,false,false,false,false,false,-83.10416,42.34816,"{
  ""coordinates"": [
    -8.310416362584070e+01,
    4.234815746406740e+01
  ],
  ""type"": ""Point""
}","{
  ""coordinates"": [
    -83.104163626,
    42.348157464
  ],
  ""type"": ""Point""
}",-83.1041636259999,42.3481574640001
10159,1389534,S M 10,S JOHN C LODGE/N JOHN C LODGE,2018-05-31,31,5,2018,9,5,5,3,,1,0,Concrete,1,1,1,55,3,2,4,4,0,0,0,3,false,false,false,false,false,false,false,false,false,false,false,false,false,false,false,false,false,false,false,false,false,false,-83.07252,42.35194,"{
  ""coordinates"": [
    -8.307251514016100e+01,
    4.235193934661280e+01
  ],
  ""type"": ""Point""
}","{
  ""coordinates"": [
    -83.07251514,
    42.351939347
  ],
  ""type"": ""Point""
}",-83.07251514,42.351939347
10160,1389533,I 94,MOUNT ELLIOTT,2018-05-31,31,5,2018,8,5,5,1,,1,0,Asphalt,1,1,1,55,3,2,2,5,0,0,0,0,true,false,false,false,false,false,false,false,false,false,true,false,false,false,false,true,false,false,false,false,false,false,-83.03434,42.379,"{
  ""coordinates"": [
    -8.303433696224771e+01,
    4.237899955024720e+01
  ],
  ""type"": ""Point""
}","{
  ""coordinates"": [
    -83.034336962,
    42.37899955
  ],
  ""type"": ""Point""
}",-83.0343369619999,42.3789995500001
10161,1388338,MICHIGAN,CASS,2018-05-31,31,5,2018,17,5,8,2,,4,0,Asphalt,1,1,1,35,4,2,2,4,0,0,0,1,false,false,false,false,false,false,false,false,false,false,false,false,false,false,false,true,false,false,false,false,false,false,-83.05241,42.33167,"{
  ""coordinates"": [
    -8.305241575262410e+01,
    4.233167385075820e+01
  ],
  ""type"": ""Point""
}","{
  ""coordinates"": [
    -83.052415753,
    42.331673851
  ],
  ""type"": ""Point""
}",-83.0524157529999,42.3316738510001
10162,1390402,M 39,RAMP 012D,2018-05-31,31,5,2018,17,5,5,3,,1,0,Concrete,1,2,1,55,3,3,3,4,0,0,0,3,false,false,false,false,false,false,false,false,false,false,false,false,false,false,false,false,false,false,false,false,false,false,-83.21982,42.44025,"{
  ""coordinates"": [
    -8.321981558578230e+01,
    4.244025418131550e+01
  ],
  ""type"": ""Point""
}","{
  ""coordinates"": [
    -83.219815586,
    42.440254181
  ],
  ""type"": ""Point""
}",-83.219815586,42.4402541810001
10163,1388419,7 MILE,FENTON,2018-05-31,31,5,2018,16,5,5,9,,2,0,Asphalt,1,1,1,35,4,2,3,5,0,0,0,0,true,false,false,false,false,false,false,false,false,false,false,false,false,false,true,false,false,false,false,false,false,false,-83.28316,42.42872,"{
  ""coordinates"": [
    -8.328316762586439e+01,
    4.242871788981730e+01
  ],
  ""type"": ""Point""
}","{
  ""coordinates"": [
    -83.283167626,
    42.42871789
  ],
  ""type"": ""Point""
}",-83.283167626,42.42871789
10164,1388326,E I 96,LIVERNOIS,2018-05-31,31,5,2018,20,5,5,1,,1,0,Asphalt,1,1,1,35,3,2,4,3,0,0,1,0,false,false,false,false,false,false,false,false,false,false,false,false,false,false,false,false,false,false,false,false,false,false,-83.13859,42.36711,"{
  ""coordinates"": [
    -8.313858917632960e+01,
    4.236710750050250e+01
  ],
  ""type"": ""Point""
}","{
  ""coordinates"": [
    -83.138589176,
    42.367107501
  ],
  ""type"": ""Point""
}",-83.138589176,42.3671075010001
10165,1387186,N M 10,VASSAR,2018-05-31,31,5,2018,7,5,4,3,,1,0,Concrete,1,1,1,,5,2,3,5,0,0,0,0,true,false,true,true,false,false,false,false,false,false,false,false,false,false,false,false,false,false,false,false,false,false,-83.19024,42.43408,"{
  ""coordinates"": [
    -8.319023680484069e+01,
    4.243408346708760e+01
  ],
  ""type"": ""Point""
}","{
  ""coordinates"": [
    -83.190236805,
    42.434083467
  ],
  ""type"": ""Point""
}",-83.190236805,42.4340834670001
10166,1391425,M-39,CHICAGO,2018-05-31,31,5,2018,16,5,5,3,,1,0,Asphalt,1,1,1,55,3,2,2,5,0,0,0,0,true,false,false,false,false,false,false,false,false,false,false,false,false,false,true,false,false,false,false,false,false,false,-83.21638,42.36546,"{
  ""coordinates"": [
    -8.321638552780340e+01,
    4.236545815414980e+01
  ],
  ""type"": ""Point""
}","{
  ""coordinates"": [
    -83.216385528,
    42.365458154
  ],
  ""type"": ""Point""
}",-83.216385528,42.3654581540001
10167,1388425,GRAND RIVER,TELEGRAPH,2018-05-31,31,5,2018,16,5,97,3,,1,0,Asphalt,1,1,1,45,4,2,1,5,0,0,0,0,true,false,false,false,false,false,false,false,false,false,false,false,false,false,false,false,false,false,false,false,false,false,-83.27744,42.42458,"{
  ""coordinates"": [
    -8.327744194188941e+01,
    4.242458314561480e+01
  ],
  ""type"": ""Point""
}","{
  ""coordinates"": [
    -83.277441942,
    42.424583146
  ],
  ""type"": ""Point""
}",-83.2774419419999,42.424583146
10168,1391443,N I 75,RAMP 216F,2018-05-31,31,5,2018,17,5,5,1,,1,0,Asphalt,1,1,1,55,3,2,3,5,0,0,0,0,true,false,false,false,false,false,false,false,false,false,true,false,false,false,false,false,false,false,false,false,false,false,-83.05755,42.36772,"{
  ""coordinates"": [
    -8.305754887371450e+01,
    4.236771963523510e+01
  ],
  ""type"": ""Point""
}","{
  ""coordinates"": [
    -83.057548874,
    42.367719635
  ],
  ""type"": ""Point""
}",-83.057548874,42.3677196350001
10169,1393278,LIVERNOIS,RIDGEWOOD,2018-05-31,31,5,2018,8,5,97,9,,4,0,Asphalt,1,2,1,30,2,2,2,5,0,0,0,0,true,false,false,false,false,false,false,false,false,false,false,false,false,false,false,false,false,false,false,false,false,false,-83.13854,42.36275,"{
  ""coordinates"": [
    -8.313854246959920e+01,
    4.236275106802940e+01
  ],
  ""type"": ""Point""
}","{
  ""coordinates"": [
    -83.13854247,
    42.362751068
  ],
  ""type"": ""Point""
}",-83.1385424699999,42.3627510680001
10170,1390534,MILWAUKEE,S M 10 SERVICE DRIVE,2018-05-31,31,5,2018,16,5,8,9,,4,0,Asphalt,1,1,1,25,2,2,2,5,0,0,0,0,true,false,false,false,false,false,false,false,false,false,false,false,false,false,false,false,false,false,false,false,false,false,-83.08131,42.36583,"{
  ""coordinates"": [
    -8.308130967108060e+01,
    4.236582786471710e+01
  ],
  ""type"": ""Point""
}","{
  ""coordinates"": [
    -83.081309671,
    42.365827865
  ],
  ""type"": ""Point""
}",-83.081309671,42.365827865
10171,1390554,LINWOOD,WAVERLY,2018-05-31,31,5,2018,21,5,6,9,,4,0,Asphalt,1,1,4,35,4,2,6,5,0,0,0,0,true,false,false,false,false,false,false,false,false,false,false,true,false,true,false,false,false,false,false,false,false,false,-83.12178,42.39265,"{
  ""coordinates"": [
    -8.312178017439530e+01,
    4.239264745106300e+01
  ],
  ""type"": ""Point""
}","{
  ""coordinates"": [
    -83.121780174,
    42.392647451
  ],
  ""type"": ""Point""
}",-83.121780174,42.3926474510001
10172,1387179,PURITAN,LITTLEFIELD,2018-05-31,31,5,2018,0,5,4,9,,4,0,Asphalt,1,1,4,30,4,2,1,5,0,0,0,0,true,false,false,false,true,false,false,false,false,false,true,false,false,false,false,false,false,false,false,false,false,false,-83.17622,42.40942,"{
  ""coordinates"": [
    -8.317622060184880e+01,
    4.240941762077720e+01
  ],
  ""type"": ""Point""
}","{
  ""coordinates"": [
    -83.176220602,
    42.409417621
  ],
  ""type"": ""Point""
}",-83.1762206019999,42.409417621
10173,1388410,MACK,N I 75,2018-05-31,31,5,2018,10,5,8,9,,4,0,Asphalt,1,1,1,30,2,2,1,5,0,0,0,0,true,false,false,false,false,false,false,false,false,false,false,false,false,false,false,true,false,false,false,false,false,false,-83.04778,42.35123,"{
  ""coordinates"": [
    -8.304778235088290e+01,
    4.235123222744230e+01
  ],
  ""type"": ""Point""
}","{
  ""coordinates"": [
    -83.047782351,
    42.351232227
  ],
  ""type"": ""Point""
}",-83.047782351,42.351232227
10174,1391442,RAMP 135E,W I 96 CD,2018-05-31,31,5,2018,14,5,5,1,,1,0,Concrete,1,1,1,55,2,3,3,4,0,0,0,1,false,false,false,false,false,false,false,false,false,false,true,false,false,false,false,false,false,false,false,false,false,false,-83.24085,42.38424,"{
  ""coordinates"": [
    -8.324084998688150e+01,
    4.238423803200850e+01
  ],
  ""type"": ""Point""
}","{
  ""coordinates"": [
    -83.240849987,
    42.384238032
  ],
  ""type"": ""Point""
}",-83.240849987,42.384238032
10175,1393280,OAKMAN,DEXTER,2018-05-31,31,5,2018,21,5,5,9,,4,3,Asphalt,2,1,4,30,4,2,4,3,0,0,2,0,false,false,false,false,false,false,false,false,false,false,true,true,false,false,false,false,false,false,false,false,false,false,-83.13293,42.3931,"{
  ""coordinates"": [
    -8.313292428733480e+01,
    4.239309900098060e+01
  ],
  ""type"": ""Point""
}","{
  ""coordinates"": [
    -83.132924287,
    42.393099001
  ],
  ""type"": ""Point""
}",-83.132924287,42.3930990010001
10176,1387154,JEFFERSON,MOUNT ELLIOTT,2018-05-31,31,5,2018,12,5,8,9,,4,0,Asphalt,1,1,1,40,7,2,2,5,0,0,0,0,true,false,false,false,false,false,false,false,false,false,false,false,false,false,false,false,false,false,false,false,false,false,-83.00993,42.34371,"{
  ""coordinates"": [
    -8.300993236724010e+01,
    4.234371133739770e+01
  ],
  ""type"": ""Point""
}","{
  ""coordinates"": [
    -83.009932367,
    42.343711337
  ],
  ""type"": ""Point""
}",-83.009932367,42.3437113370001
10177,1394495,I94,LODGE,2018-05-31,31,5,2018,18,5,5,1,,1,0,Asphalt,1,1,1,55,3,2,1,5,0,0,0,0,true,false,false,false,false,false,false,false,false,false,false,false,false,false,false,false,false,false,false,false,false,false,-83.11119,42.34576,"{
  ""coordinates"": [
    -8.311118914360380e+01,
    4.234575733501060e+01
  ],
  ""type"": ""Point""
}","{
  ""coordinates"": [
    -83.111189144,
    42.345757335
  ],
  ""type"": ""Point""
}",-83.111189144,42.345757335
10178,1387114,JEFFERSON,WOODWARD,2018-05-31,31,5,2018,20,5,8,3,,1,0,Asphalt,97,1,4,35,5,4,7,4,0,0,0,1,false,false,false,false,false,false,false,true,false,true,false,false,false,true,false,false,false,false,false,false,false,false,-83.04467,42.32842,"{
  ""coordinates"": [
    -8.304466881260019e+01,
    4.232841823045550e+01
  ],
  ""type"": ""Point""
}","{
  ""coordinates"": [
    -83.044668813,
    42.32841823
  ],
  ""type"": ""Point""
}",-83.044668813,42.3284182300001
10179,1388339,LODGE S D,MILWAUKEE,2018-05-31,31,5,2018,9,5,4,3,,4,0,Asphalt,1,1,1,30,4,2,2,5,0,0,0,0,true,false,true,false,false,false,false,false,false,false,false,false,false,false,false,false,false,false,false,false,false,false,-83.08144,42.36578,"{
  ""coordinates"": [
    -8.308143816105550e+01,
    4.236577996577960e+01
  ],
  ""type"": ""Point""
}","{
  ""coordinates"": [
    -83.081438161,
    42.365779966
  ],
  ""type"": ""Point""
}",-83.0814381609999,42.365779966
10180,1387164,STOTTER,LANTZ,2018-05-30,30,5,2018,18,4,4,9,,,0,,1,1,1,,1,2,1,5,0,0,0,0,true,true,false,false,true,false,false,false,false,false,false,false,false,true,false,false,false,false,false,false,false,false,-83.02548,42.43912,"{
  ""coordinates"": [
    -8.302548463918330e+01,
    4.243911562238850e+01
  ],
  ""type"": ""Point""
}","{
  ""coordinates"": [
    -83.025484639,
    42.439115622
  ],
  ""type"": ""Point""
}",-83.025484639,42.439115622
10181,1511573,WILDEMERE,DAVISON,2018-05-30,30,5,2018,21,4,4,3,,,0,,2,4,4,35,4,2,3,5,0,0,0,0,true,false,true,false,false,false,false,false,false,false,false,false,false,false,false,false,false,false,false,false,false,false,-83.12727,42.39077,"{
  ""coordinates"": [
    -8.312727622642770e+01,
    4.239076667266470e+01
  ],
  ""type"": ""Point""
}","{
  ""coordinates"": [
    -83.127276226,
    42.390766673
  ],
  ""type"": ""Point""
}",-83.1272762259999,42.390766673
10182,1388327,MARK TWAIN,PLYMOUTH,2018-05-30,30,5,2018,12,4,97,9,,,0,,1,1,4,25,3,2,0,5,0,0,0,0,true,false,false,false,true,false,false,false,false,false,false,false,false,false,false,false,false,false,false,false,false,false,-83.1853,42.3726,"{
  ""coordinates"": [
    -8.318530133213660e+01,
    4.237260341268450e+01
  ],
  ""type"": ""Point""
}","{
  ""coordinates"": [
    -83.185301332,
    42.372603413
  ],
  ""type"": ""Point""
}",-83.1853013319999,42.372603413
10183,1393214,W I 94,LINWOOD,2018-05-30,30,5,2018,16,4,5,1,,1,0,Asphalt,1,1,1,55,3,3,3,5,0,0,0,0,true,false,false,false,true,false,false,false,false,false,false,false,false,true,false,false,false,false,false,false,false,false,-83.09393,42.35187,"{
  ""coordinates"": [
    -8.309393594421610e+01,
    4.235187058475560e+01
  ],
  ""type"": ""Point""
}","{
  ""coordinates"": [
    -83.093935944,
    42.351870585
  ],
  ""type"": ""Point""
}",-83.093935944,42.351870585
10184,1387123,WITT,LAWNDALE,2018-05-30,30,5,2018,23,4,2,9,,,2,,2,4,5,25,2,2,0,5,0,0,0,0,true,false,false,false,false,false,false,false,false,false,false,false,false,false,false,false,false,false,false,false,false,false,-83.12583,42.29934,"{
  ""coordinates"": [
    -8.312583493468910e+01,
    4.229933595830410e+01
  ],
  ""type"": ""Point""
}","{
  ""coordinates"": [
    -83.125834935,
    42.299335958
  ],
  ""type"": ""Point""
}",-83.1258349349999,42.299335958