ObjectId,Crash ID,Primary Road,Intersecting Road,Crash Date,Day,Month,Year,Hour,Weekday,Crash Type Code,Highway Classification Code,Community Code,Jurisdiction Code,Lane Departure Type Code,Surface Type,Road Condition,Weather Condition,Lighting Condition,Speed Limit,Lanes,Units,Occupants,Most Severe Injury,Fatal Injuries,Suspected Serious Injuries,Suspected Minor Injuries,Possible Injuries,Property Damage Only,Secondary Crash,Traffic Control,Red Light Run,Hit and Run,Alcohol,Drugs,Unbelted Person,Work Zone,Speeding Driver,Distracted Driver,Driveway,Pedestrian,Elderly Driver,Young Driver,Commercial Vehicle,Emergency Vehicles,Train,School Bus,Motorcycle,Bicycle,Deer,Longitude,Latitude,geom,geog,x,y
10185,1389477,M-10,LINWOOD,2018-05-30,30,5,2018,23,4,1,3,,1,1,Concrete,1,1,4,55,3,1,2,4,0,0,0,2,false,false,false,false,false,false,false,false,false,true,false,false,false,false,true,false,false,false,false,false,false,false,-83.12107,42.40452,"{
  ""coordinates"": [
    -8.312106798051440e+01,
    4.240452266601620e+01
  ],
  ""type"": ""Point""
}","{
  ""coordinates"": [
    -83.121067981,
    42.404522666
  ],
  ""type"": ""Point""
}",-83.121067981,42.404522666
10186,1393216,RAMP 037C,S I 75,2018-05-30,30,5,2018,17,4,5,1,,1,0,Concrete,1,1,1,70,5,2,4,4,0,0,0,1,false,false,false,false,true,false,false,false,false,true,false,false,false,true,false,false,false,false,false,false,false,false,-83.08472,42.33201,"{
  ""coordinates"": [
    -8.308472208945339e+01,
    4.233201059956760e+01
  ],
  ""type"": ""Point""
}","{
  ""coordinates"": [
    -83.084722089,
    42.3320106
  ],
  ""type"": ""Point""
}",-83.084722089,42.3320106
10187,1386017,MOROSS,LAING,2018-05-30,30,5,2018,18,4,6,9,,2,0,Asphalt,1,1,1,30,6,2,2,5,0,0,0,0,true,false,false,false,false,false,false,false,false,false,false,false,false,false,false,false,false,false,false,false,false,false,-82.94896,42.43267,"{
  ""coordinates"": [
    -8.294896129426810e+01,
    4.243266641246580e+01
  ],
  ""type"": ""Point""
}","{
  ""coordinates"": [
    -82.948961294,
    42.432666412
  ],
  ""type"": ""Point""
}",-82.948961294,42.4326664120001
10188,1386117,SOUTHFIELD SERVICE DRIVE,OUTER,2018-05-30,30,5,2018,16,4,5,9,,4,0,Asphalt,1,1,1,55,3,2,2,4,0,0,0,2,false,false,false,false,false,false,false,false,false,false,false,false,false,false,false,false,false,false,false,false,false,false,-83.21864,42.41894,"{
  ""coordinates"": [
    -8.321864598178560e+01,
    4.241893667895510e+01
  ],
  ""type"": ""Point""
}","{
  ""coordinates"": [
    -83.218645982,
    42.418936679
  ],
  ""type"": ""Point""
}",-83.2186459819999,42.4189366790001
10189,1386009,FRONTENAC,DUNCAN,2018-05-30,30,5,2018,11,4,4,9,,4,0,Concrete,1,1,5,30,2,2,2,4,0,0,0,1,false,false,false,false,true,false,false,false,false,false,false,false,false,false,false,false,false,false,false,false,false,false,-83.02653,42.38516,"{
  ""coordinates"": [
    -8.302652741106699e+01,
    4.238516210069950e+01
  ],
  ""type"": ""Point""
}","{
  ""coordinates"": [
    -83.026527411,
    42.385162101
  ],
  ""type"": ""Point""
}",-83.026527411,42.385162101
10190,1389525,I-94,BURNS,2018-05-30,30,5,2018,14,4,5,1,,1,0,Asphalt,1,1,1,55,3,5,4,4,0,0,0,1,false,false,false,false,true,false,false,false,false,false,false,false,false,false,false,false,false,false,false,false,false,false,-83.01332,42.38882,"{
  ""coordinates"": [
    -8.301332159948340e+01,
    4.238882243763290e+01
  ],
  ""type"": ""Point""
}","{
  ""coordinates"": [
    -83.013321599,
    42.388822438
  ],
  ""type"": ""Point""
}",-83.0133215989999,42.388822438
10191,1386022,CONANT,BRENTWOOD,2018-05-30,30,5,2018,19,4,5,9,,4,0,Asphalt,1,1,1,35,4,2,4,5,0,0,0,0,true,false,false,false,false,false,false,false,false,false,false,false,false,false,false,false,false,false,false,false,false,false,-83.07314,42.43221,"{
  ""coordinates"": [
    -8.307313841418380e+01,
    4.243220758830270e+01
  ],
  ""type"": ""Point""
}","{
  ""coordinates"": [
    -83.073138414,
    42.432207588
  ],
  ""type"": ""Point""
}",-83.073138414,42.432207588
10192,1387175,PARKSIDE,MCNICHOLS,2018-05-30,30,5,2018,17,4,8,9,,,3,,1,1,1,25,1,2,0,5,0,0,0,0,true,false,false,false,true,false,false,false,false,false,false,false,false,false,false,false,false,false,false,false,false,false,-83.13165,42.41748,"{
  ""coordinates"": [
    -8.313165262013101e+01,
    4.241747805647090e+01
  ],
  ""type"": ""Point""
}","{
  ""coordinates"": [
    -83.13165262,
    42.417478056
  ],
  ""type"": ""Point""
}",-83.13165262,42.417478056
10193,1387176,7 MILE,OUTER,2018-05-30,30,5,2018,20,4,8,9,,2,0,Asphalt,2,2,4,35,4,2,3,5,0,0,0,0,true,false,true,true,false,false,false,false,false,false,false,false,false,false,false,false,false,false,false,false,false,false,-83.17544,42.43117,"{
  ""coordinates"": [
    -8.317544081500000e+01,
    4.243117108908160e+01
  ],
  ""type"": ""Point""
}","{
  ""coordinates"": [
    -83.175440815,
    42.431171089
  ],
  ""type"": ""Point""
}",-83.1754408149999,42.431171089
10194,1386010,MOROSS,W I 94,2018-05-30,30,5,2018,15,4,8,9,,2,0,Concrete,1,1,1,25,3,2,1,4,0,0,0,1,false,false,false,false,true,false,false,false,false,false,false,false,false,false,false,false,false,false,false,false,false,false,-82.92882,42.42482,"{
  ""coordinates"": [
    -8.292881777144871e+01,
    4.242482202730440e+01
  ],
  ""type"": ""Point""
}","{
  ""coordinates"": [
    -82.928817771,
    42.424822027
  ],
  ""type"": ""Point""
}",-82.928817771,42.4248220270001
10195,1386023,GALLAGHER,7 MILE,2018-05-30,30,5,2018,3,4,8,9,,,0,,1,1,4,25,2,2,3,5,0,0,0,0,true,false,false,false,false,false,false,true,false,false,false,false,false,false,false,false,false,false,false,false,false,false,-83.06992,42.43296,"{
  ""coordinates"": [
    -8.306991222560710e+01,
    4.243296171652880e+01
  ],
  ""type"": ""Point""
}","{
  ""coordinates"": [
    -83.069912226,
    42.432961717
  ],
  ""type"": ""Point""
}",-83.069912226,42.4329617170001
10196,1386018,7 MILE,PELKEY,2018-05-30,30,5,2018,18,4,8,9,,4,0,Asphalt,1,1,1,30,6,2,2,5,0,0,0,0,true,false,false,false,true,false,false,false,false,false,false,true,false,true,false,false,false,false,false,false,false,false,-82.9865,42.43489,"{
  ""coordinates"": [
    -8.298649616784790e+01,
    4.243488936931190e+01
  ],
  ""type"": ""Point""
}","{
  ""coordinates"": [
    -82.986496168,
    42.434889369
  ],
  ""type"": ""Point""
}",-82.986496168,42.4348893690001
10197,1387181,8 MILE,WOODWARD,2018-05-30,30,5,2018,19,4,1,3,,1,0,Asphalt,1,1,3,40,4,2,6,4,0,0,0,1,false,false,false,false,false,false,false,false,false,false,false,false,false,false,false,false,false,false,false,false,true,false,-83.125,42.4465,"{
  ""coordinates"": [
    -8.312500172478840e+01,
    4.244650277198710e+01
  ],
  ""type"": ""Point""
}","{
  ""coordinates"": [
    -83.125001725,
    42.446502772
  ],
  ""type"": ""Point""
}",-83.1250017249999,42.446502772
10198,1386024,JOHN R,GREENDALE,2018-05-30,30,5,2018,20,4,4,9,,4,0,Asphalt,1,2,1,30,2,2,2,4,0,0,0,1,false,false,false,false,false,false,false,false,false,false,false,false,false,false,false,false,false,false,false,false,false,false,-83.10216,42.42694,"{
  ""coordinates"": [
    -8.310215860645521e+01,
    4.242693959632610e+01
  ],
  ""type"": ""Point""
}","{
  ""coordinates"": [
    -83.102158606,
    42.426939596
  ],
  ""type"": ""Point""
}",-83.102158606,42.4269395960001
10199,1385977,EATON,SNOWDEN,2018-05-30,30,5,2018,21,4,5,9,,,0,,2,4,5,,2,2,1,5,0,0,0,0,true,false,false,false,true,false,false,false,false,false,false,false,false,false,false,false,false,false,false,false,false,false,-83.17692,42.39729,"{
  ""coordinates"": [
    -8.317691795518959e+01,
    4.239728695074740e+01
  ],
  ""type"": ""Point""
}","{
  ""coordinates"": [
    -83.176917955,
    42.397286951
  ],
  ""type"": ""Point""
}",-83.176917955,42.3972869510001
10200,1385982,NORTHLAWN,MCNICHOLS,2018-05-30,30,5,2018,3,4,8,9,,,0,,1,1,5,25,2,2,0,5,0,0,0,0,true,false,false,false,false,false,false,false,false,false,false,false,false,false,false,false,false,false,false,false,false,false,-83.1536,42.41726,"{
  ""coordinates"": [
    -8.315360151721130e+01,
    4.241725865617070e+01
  ],
  ""type"": ""Point""
}","{
  ""coordinates"": [
    -83.153601517,
    42.417258656
  ],
  ""type"": ""Point""
}",-83.153601517,42.4172586560001
10201,1386021,HARNED,OUTER,2018-05-30,30,5,2018,18,4,10,9,,,0,,1,1,1,25,1,2,2,4,0,0,0,1,false,false,false,false,false,false,false,false,false,false,false,false,false,false,false,true,false,false,false,false,false,false,-83.07373,42.43987,"{
  ""coordinates"": [
    -8.307373140682330e+01,
    4.243987426638320e+01
  ],
  ""type"": ""Point""
}","{
  ""coordinates"": [
    -83.073731407,
    42.439874266
  ],
  ""type"": ""Point""
}",-83.073731407,42.4398742660001
10202,1397531,DAVISON,I-96,2018-05-30,30,5,2018,21,4,1,3,,1,1,Concrete,2,4,3,55,3,1,1,5,0,0,0,0,true,false,false,false,false,false,false,false,false,true,false,false,false,false,true,false,false,false,false,false,false,false,-83.14135,42.38659,"{
  ""coordinates"": [
    -8.314135257041021e+01,
    4.238659348926910e+01
  ],
  ""type"": ""Point""
}","{
  ""coordinates"": [
    -83.14135257,
    42.386593489
  ],
  ""type"": ""Point""
}",-83.14135257,42.3865934890001
10203,1386006,TELEGRAPH,DEHNER,2018-05-30,30,5,2018,17,4,1,2,,1,1,Asphalt,1,1,1,35,8,1,1,5,0,0,0,0,true,false,false,false,false,false,false,false,false,false,false,false,false,false,false,false,false,false,false,false,false,false,-83.27686,42.41132,"{
  ""coordinates"": [
    -8.327685253101740e+01,
    4.241131442072410e+01
  ],
  ""type"": ""Point""
}","{
  ""coordinates"": [
    -83.276852531,
    42.411314421
  ],
  ""type"": ""Point""
}",-83.276852531,42.411314421
10204,1395708,8 MILE,GRATIOT,2018-05-30,30,5,2018,17,4,5,3,,1,0,Asphalt,1,2,1,40,5,4,1,5,0,0,0,0,true,false,false,false,true,false,false,false,false,false,false,false,false,false,false,false,false,false,false,false,false,false,-82.96811,42.44983,"{
  ""coordinates"": [
    -8.296810963343600e+01,
    4.244982905875490e+01
  ],
  ""type"": ""Point""
}","{
  ""coordinates"": [
    -82.968109633,
    42.449829059
  ],
  ""type"": ""Point""
}",-82.968109633,42.4498290590001
10205,1387166,MOROSS,I-94 SERVICE,2018-05-30,30,5,2018,16,4,8,9,,2,0,Concrete,1,1,1,,2,2,1,5,0,0,0,0,true,true,false,false,true,false,false,false,false,false,false,false,false,false,false,false,false,false,false,false,false,false,-82.9287,42.42436,"{
  ""coordinates"": [
    -8.292869664981779e+01,
    4.242436247853680e+01
  ],
  ""type"": ""Point""
}","{
  ""coordinates"": [
    -82.92869665,
    42.424362479
  ],
  ""type"": ""Point""
}",-82.9286966499999,42.4243624790001
10206,1395694,MCNICHOLS,SOUTHFIELD SERVICE DRIVE,2018-05-30,30,5,2018,16,4,5,9,,2,0,Asphalt,1,1,1,35,6,2,6,5,0,0,0,0,true,false,false,false,false,false,false,false,false,false,false,false,false,false,false,false,false,false,false,false,false,false,-83.21927,42.41554,"{
  ""coordinates"": [
    -8.321926894684410e+01,
    4.241553702820080e+01
  ],
  ""type"": ""Point""
}","{
  ""coordinates"": [
    -83.219268947,
    42.415537028
  ],
  ""type"": ""Point""
}",-83.219268947,42.4155370280001
10207,1395686,MCNICHOLS,SOUTHFIELD SERVICE DRIVE,2018-05-30,30,5,2018,16,4,5,9,,2,0,Asphalt,1,1,1,35,6,2,5,4,0,0,0,1,false,false,false,false,true,false,false,false,false,false,false,false,false,false,false,false,false,false,false,false,false,false,-83.21927,42.41554,"{
  ""coordinates"": [
    -8.321926894684410e+01,
    4.241553702820080e+01
  ],
  ""type"": ""Point""
}","{
  ""coordinates"": [
    -83.219268947,
    42.415537028
  ],
  ""type"": ""Point""
}",-83.219268947,42.4155370280001
10208,1386015,GRATIOT,FILBERT,2018-05-30,30,5,2018,17,4,5,3,,1,0,Asphalt,1,1,1,35,7,2,2,5,0,0,0,0,true,false,false,false,true,false,false,false,false,false,false,false,false,false,false,false,false,false,false,false,false,false,-82.98943,42.41722,"{
  ""coordinates"": [
    -8.298943590040530e+01,
    4.241722497936860e+01
  ],
  ""type"": ""Point""
}","{
  ""coordinates"": [
    -82.9894359,
    42.417224979
  ],
  ""type"": ""Point""
}",-82.9894359,42.417224979
10209,1471122,JEFFERSON,ST CLAIR,2018-05-30,30,5,2018,16,4,97,9,,4,0,Asphalt,1,1,1,30,5,3,3,2,0,2,0,0,false,false,false,false,false,false,false,false,false,true,false,true,false,false,false,false,false,false,false,false,false,false,-82.97789,42.36353,"{
  ""coordinates"": [
    -8.297788938218650e+01,
    4.236353176911200e+01
  ],
  ""type"": ""Point""
}","{
  ""coordinates"": [
    -82.977889382,
    42.363531769
  ],
  ""type"": ""Point""
}",-82.9778893819999,42.3635317690001
10210,1477872,LARNED,WOODWARD,2018-05-30,30,5,2018,13,4,97,9,,4,0,Asphalt,1,1,1,25,4,2,3,5,0,0,0,0,true,false,false,false,false,false,false,false,false,false,false,false,false,false,false,true,false,false,false,false,false,false,-83.04433,42.32982,"{
  ""coordinates"": [
    -8.304433334771770e+01,
    4.232981772227160e+01
  ],
  ""type"": ""Point""
}","{
  ""coordinates"": [
    -83.044333348,
    42.329817722
  ],
  ""type"": ""Point""
}",-83.044333348,42.329817722
10211,1477873,S I 75,WOODWARD,2018-05-30,30,5,2018,15,4,1,1,,1,0,Concrete,1,1,1,35,3,2,2,4,0,0,0,1,false,false,false,false,false,false,false,false,false,false,false,false,false,false,false,false,false,false,false,false,true,false,-83.05273,42.34007,"{
  ""coordinates"": [
    -8.305272429280970e+01,
    4.234006546356300e+01
  ],
  ""type"": ""Point""
}","{
  ""coordinates"": [
    -83.052724293,
    42.340065464
  ],
  ""type"": ""Point""
}",-83.052724293,42.3400654640001
10212,1387159,7 MILE,HAYES,2018-05-30,30,5,2018,19,4,5,9,,2,0,Asphalt,1,2,1,,5,2,3,4,0,0,0,1,false,false,false,false,true,false,false,false,false,false,false,true,false,false,false,false,false,false,false,false,false,false,-82.96544,42.43542,"{
  ""coordinates"": [
    -8.296543935971209e+01,
    4.243542407044440e+01
  ],
  ""type"": ""Point""
}","{
  ""coordinates"": [
    -82.96543936,
    42.43542407
  ],
  ""type"": ""Point""
}",-82.9654393599999,42.4354240700001
10213,1398430,ST ANTOINE,FRANKLIN,2018-05-30,30,5,2018,6,4,8,9,,4,0,Concrete,1,1,1,25,2,2,3,5,0,0,0,0,true,false,false,false,false,false,false,false,false,false,false,false,false,true,false,true,false,false,false,false,false,false,-83.03738,42.33016,"{
  ""coordinates"": [
    -8.303738635602809e+01,
    4.233016325776650e+01
  ],
  ""type"": ""Point""
}","{
  ""coordinates"": [
    -83.037386356,
    42.330163258
  ],
  ""type"": ""Point""
}",-83.037386356,42.330163258
10214,1398445,CHRYSLER,CLAY,2018-05-30,30,5,2018,17,4,5,1,,4,0,Asphalt,1,1,1,25,3,2,2,5,0,0,0,0,true,false,true,false,false,false,false,false,false,false,false,false,false,false,false,false,false,false,false,false,false,false,-83.06221,42.37852,"{
  ""coordinates"": [
    -8.306220921930409e+01,
    4.237852397221550e+01
  ],
  ""type"": ""Point""
}","{
  ""coordinates"": [
    -83.062209219,
    42.378523972
  ],
  ""type"": ""Point""
}",-83.062209219,42.378523972
10215,1387184,APPOLINE,MCNICHOLS,2018-05-30,30,5,2018,16,4,8,9,,,3,,1,1,1,25,4,2,0,5,0,0,0,0,true,false,false,false,true,false,false,false,false,false,false,true,false,false,false,false,false,false,false,false,false,false,-83.17123,42.4172,"{
  ""coordinates"": [
    -8.317123527744850e+01,
    4.241719679213850e+01
  ],
  ""type"": ""Point""
}","{
  ""coordinates"": [
    -83.171235277,
    42.417196792
  ],
  ""type"": ""Point""
}",-83.1712352769999,42.417196792
10216,1493904,7 MILE,VAN DYKE,2018-05-30,30,5,2018,14,4,5,3,,4,0,Asphalt,1,1,1,30,2,2,3,5,0,0,0,0,true,false,false,false,false,false,false,false,false,false,false,false,false,false,false,true,true,false,false,false,false,false,-83.02441,42.43397,"{
  ""coordinates"": [
    -8.302440726836110e+01,
    4.243396670411300e+01
  ],
  ""type"": ""Point""
}","{
  ""coordinates"": [
    -83.024407268,
    42.433966704
  ],
  ""type"": ""Point""
}",-83.0244072679999,42.4339667040001
10217,1390495,I-96,MARTIN LUTHER KING,2018-05-30,30,5,2018,17,4,8,1,,1,0,Asphalt,1,1,1,55,4,2,2,5,0,0,0,0,true,false,false,false,false,false,false,false,false,false,false,false,false,true,false,true,false,false,false,false,false,false,-83.09139,42.3376,"{
  ""coordinates"": [
    -8.309139254191450e+01,
    4.233760616260760e+01
  ],
  ""type"": ""Point""
}","{
  ""coordinates"": [
    -83.091392542,
    42.337606163
  ],
  ""type"": ""Point""
}",-83.0913925419999,42.337606163
10218,1385995,WARREN,PENROD,2018-05-30,30,5,2018,13,4,97,9,,2,0,Asphalt,1,1,1,30,4,2,1,5,0,0,0,0,true,false,false,false,true,false,false,false,false,false,false,false,false,true,false,false,false,false,false,false,false,false,-83.21953,42.34334,"{
  ""coordinates"": [
    -8.321953179173150e+01,
    4.234333841070930e+01
  ],
  ""type"": ""Point""
}","{
  ""coordinates"": [
    -83.219531792,
    42.343338411
  ],
  ""type"": ""Point""
}",-83.2195317919999,42.343338411
10219,1386011,OUTER,GREINER,2018-05-30,30,5,2018,0,4,97,9,,2,0,Asphalt,1,1,4,35,4,2,4,4,0,0,0,2,false,false,false,false,true,false,false,false,false,true,false,false,false,false,false,false,false,false,false,false,false,false,-83.01403,42.42719,"{
  ""coordinates"": [
    -8.301403084558440e+01,
    4.242719059428580e+01
  ],
  ""type"": ""Point""
}","{
  ""coordinates"": [
    -83.014030846,
    42.427190594
  ],
  ""type"": ""Point""
}",-83.014030846,42.4271905940001
10220,1388392,DAVISON,MANSFIELD,2018-05-30,30,5,2018,16,4,5,9,,,0,,1,1,1,25,2,2,0,5,0,0,0,0,true,false,false,false,true,false,false,false,false,false,false,false,false,false,false,false,false,false,false,false,false,false,-83.20417,42.38472,"{
  ""coordinates"": [
    -8.320417067031950e+01,
    4.238471583267450e+01
  ],
  ""type"": ""Point""
}","{
  ""coordinates"": [
    -83.20417067,
    42.384715833
  ],
  ""type"": ""Point""
}",-83.2041706699999,42.384715833
10221,1394488,W I 94,CONSOLIDATED RAIL CORPORATION,2018-05-30,30,5,2018,11,4,97,1,,1,0,Asphalt,1,2,1,55,3,1,1,5,0,0,0,0,true,false,false,false,false,false,false,false,false,false,false,false,false,false,false,false,false,false,false,false,false,false,-83.0311,42.38238,"{
  ""coordinates"": [
    -8.303109527221341e+01,
    4.238237901161520e+01
  ],
  ""type"": ""Point""
}","{
  ""coordinates"": [
    -83.031095272,
    42.382379012
  ],
  ""type"": ""Point""
}",-83.031095272,42.3823790120001
10222,1391430,RAMP 216G,N/B I-75,2018-05-30,30,5,2018,18,4,5,1,,1,0,Concrete,1,1,1,25,3,2,2,5,0,0,0,0,true,false,false,false,false,false,false,false,false,false,false,false,false,false,false,false,false,false,false,false,false,false,-83.0597,42.37381,"{
  ""coordinates"": [
    -8.305969985857470e+01,
    4.237381498745340e+01
  ],
  ""type"": ""Point""
}","{
  ""coordinates"": [
    -83.059699859,
    42.373814987
  ],
  ""type"": ""Point""
}",-83.059699859,42.3738149870001
10223,1390497,M-39,GRAND RIVER,2018-05-30,30,5,2018,18,4,5,3,,1,0,Asphalt,1,1,1,55,3,3,3,5,0,0,0,0,true,false,false,false,false,false,false,false,false,false,false,false,false,true,false,false,false,false,false,false,false,false,-83.21809,42.39777,"{
  ""coordinates"": [
    -8.321808438572690e+01,
    4.239777469891950e+01
  ],
  ""type"": ""Point""
}","{
  ""coordinates"": [
    -83.218084386,
    42.397774699
  ],
  ""type"": ""Point""
}",-83.218084386,42.3977746990001
10224,1390516,W/B I-96,HUBBELL,2018-05-30,30,5,2018,17,4,5,1,,1,0,Concrete,1,1,1,70,3,2,2,5,0,0,0,0,true,false,false,false,false,false,false,false,false,false,false,false,false,false,false,false,false,false,false,false,false,false,-83.18816,42.38065,"{
  ""coordinates"": [
    -8.318815645609109e+01,
    4.238065371891440e+01
  ],
  ""type"": ""Point""
}","{
  ""coordinates"": [
    -83.188156456,
    42.380653719
  ],
  ""type"": ""Point""
}",-83.1881564559999,42.3806537190001
10225,1388335,RAMP 017A,N I 375,2018-05-30,30,5,2018,23,4,8,1,,1,0,Asphalt,2,4,4,55,3,2,2,2,0,1,0,1,false,false,false,false,true,false,false,false,false,false,false,false,false,false,false,false,false,false,false,false,false,false,-83.03959,42.33849,"{
  ""coordinates"": [
    -8.303958878892900e+01,
    4.233849370160710e+01
  ],
  ""type"": ""Point""
}","{
  ""coordinates"": [
    -83.039588789,
    42.338493702
  ],
  ""type"": ""Point""
}",-83.0395887889999,42.3384937020001
10226,1390584,FOREST,SECOND,2018-05-30,30,5,2018,12,4,9,9,,4,2,Asphalt,1,1,1,30,2,2,0,5,0,0,0,0,true,false,false,false,true,false,false,false,false,false,false,false,false,false,false,false,false,false,false,false,false,false,-83.06831,42.35282,"{
  ""coordinates"": [
    -8.306831175376050e+01,
    4.235282005835870e+01
  ],
  ""type"": ""Point""
}","{
  ""coordinates"": [
    -83.068311754,
    42.352820058
  ],
  ""type"": ""Point""
}",-83.068311754,42.3528200580001
10227,1409755,PREST,VASSAR,2018-05-30,30,5,2018,18,4,97,9,,,0,,1,1,1,25,2,2,0,5,0,0,0,0,true,false,false,false,true,false,false,false,false,false,false,false,true,false,false,false,false,false,false,false,false,false,-83.19883,42.43407,"{
  ""coordinates"": [
    -8.319883144551621e+01,
    4.243406527637350e+01
  ],
  ""type"": ""Point""
}","{
  ""coordinates"": [
    -83.198831446,
    42.434065276
  ],
  ""type"": ""Point""
}",-83.198831446,42.4340652760001
10228,1411693,N I 75 SERVICE DRIVE,MACK,2018-05-30,30,5,2018,11,4,8,1,,5,0,Asphalt,1,1,1,,4,2,2,5,0,0,0,0,true,false,false,false,false,false,false,false,false,false,false,false,false,true,false,false,false,false,false,false,false,false,-83.04739,42.35135,"{
  ""coordinates"": [
    -8.304738517055250e+01,
    4.235134338382640e+01
  ],
  ""type"": ""Point""
}","{
  ""coordinates"": [
    -83.047385171,
    42.351343384
  ],
  ""type"": ""Point""
}",-83.047385171,42.3513433840001
10229,1400021,OUTER,S M 39,2018-05-30,30,5,2018,22,4,5,9,,2,0,Concrete,1,1,4,35,3,2,3,5,0,0,0,0,true,false,false,false,false,false,false,false,false,false,false,false,false,false,false,false,false,false,false,false,false,false,-83.21897,42.41927,"{
  ""coordinates"": [
    -8.321896924266080e+01,
    4.241926582222700e+01
  ],
  ""type"": ""Point""
}","{
  ""coordinates"": [
    -83.218969243,
    42.419265822
  ],
  ""type"": ""Point""
}",-83.2189692429999,42.4192658220001
10230,1404764,3RD,CLAIRMOUNT,2018-05-30,30,5,2018,16,4,4,9,,4,0,Asphalt,1,1,1,30,2,2,2,5,0,0,0,0,true,false,false,false,false,false,false,false,false,false,false,false,false,false,false,false,false,false,false,false,false,false,-83.08773,42.38061,"{
  ""coordinates"": [
    -8.308773395225450e+01,
    4.238060824117590e+01
  ],
  ""type"": ""Point""
}","{
  ""coordinates"": [
    -83.087733952,
    42.380608241
  ],
  ""type"": ""Point""
}",-83.087733952,42.3806082410001
10231,1390568,8 MILE,GRATIOT,2018-05-30,30,5,2018,17,4,5,3,,1,0,Asphalt,1,1,1,35,4,3,4,4,0,0,0,4,false,false,false,false,true,false,false,false,false,false,false,false,false,false,true,false,false,false,false,false,false,false,-82.9649,42.44991,"{
  ""coordinates"": [
    -8.296490236785149e+01,
    4.244990819156710e+01
  ],
  ""type"": ""Point""
}","{
  ""coordinates"": [
    -82.964902368,
    42.449908192
  ],
  ""type"": ""Point""
}",-82.964902368,42.4499081920001
10232,1388447,7 MILE,KEMPA,2018-05-30,30,5,2018,4,4,8,9,,4,0,Asphalt,1,1,4,30,2,2,1,5,0,0,0,0,true,false,false,false,true,false,false,false,false,false,false,false,false,false,false,false,false,false,false,false,false,false,-83.01944,42.43406,"{
  ""coordinates"": [
    -8.301943981849580e+01,
    4.243405983873750e+01
  ],
  ""type"": ""Point""
}","{
  ""coordinates"": [
    -83.019439818,
    42.434059839
  ],
  ""type"": ""Point""
}",-83.019439818,42.434059839
10233,1390519,I-94,14TH,2018-05-30,30,5,2018,18,4,5,1,,1,0,Asphalt,1,2,1,55,3,2,2,4,0,0,0,2,false,false,false,false,false,false,false,false,false,false,true,false,false,false,false,false,false,false,false,false,false,false,-83.09042,42.35298,"{
  ""coordinates"": [
    -8.309041221375190e+01,
    4.235298300281930e+01
  ],
  ""type"": ""Point""
}","{
  ""coordinates"": [
    -83.090412214,
    42.352983003
  ],
  ""type"": ""Point""
}",-83.090412214,42.3529830030001
10234,1393221,N I 75,DEARBORN,2018-05-30,30,5,2018,19,4,9,1,,1,0,Concrete,1,2,1,30,3,2,3,5,0,0,0,0,true,false,false,false,true,false,false,false,false,false,false,false,false,false,false,false,false,false,false,false,false,false,-83.12782,42.293,"{
  ""coordinates"": [
    -8.312782062539070e+01,
    4.229300358318340e+01
  ],
  ""type"": ""Point""
}","{
  ""coordinates"": [
    -83.127820625,
    42.293003583
  ],
  ""type"": ""Point""
}",-83.127820625,42.293003583
10235,1389463,RIVERBANK,INSELRUHE,2018-05-30,30,5,2018,16,4,5,3,,1,0,Asphalt,1,1,1,25,2,3,1,5,0,0,0,0,true,false,false,false,false,false,false,false,false,false,false,false,false,false,true,false,false,false,false,false,false,false,-82.98925,42.34029,"{
  ""coordinates"": [
    -8.298925059826620e+01,
    4.234029337496140e+01
  ],
  ""type"": ""Point""
}","{
  ""coordinates"": [
    -82.989250598,
    42.340293375
  ],
  ""type"": ""Point""
}",-82.989250598,42.340293375
10236,1390520,I-75,HOLBROOK,2018-05-30,30,5,2018,19,4,8,1,,1,0,Asphalt,1,2,1,70,4,2,3,5,0,0,0,0,true,false,false,false,false,false,false,false,false,true,false,false,false,false,true,false,false,false,false,false,false,false,-83.06877,42.38755,"{
  ""coordinates"": [
    -8.306877349660620e+01,
    4.238754754329740e+01
  ],
  ""type"": ""Point""
}","{
  ""coordinates"": [
    -83.068773497,
    42.387547543
  ],
  ""type"": ""Point""
}",-83.0687734969999,42.387547543
10237,1393217,E I 96,ELMHURST,2018-05-30,30,5,2018,16,4,97,1,,1,0,Asphalt,1,1,1,65,3,1,1,5,0,0,0,0,true,false,false,false,false,false,false,false,false,false,false,false,false,false,false,false,false,false,false,false,false,false,-83.14646,42.37605,"{
  ""coordinates"": [
    -8.314646267315629e+01,
    4.237605081318370e+01
  ],
  ""type"": ""Point""
}","{
  ""coordinates"": [
    -83.146462673,
    42.376050813
  ],
  ""type"": ""Point""
}",-83.146462673,42.3760508130001
10238,1386002,GRATIOT,PETER HUNT,2018-05-30,30,5,2018,17,4,5,3,,1,0,Asphalt,1,1,1,35,4,2,3,5,0,0,0,0,true,false,false,false,true,false,false,false,true,false,false,false,false,false,false,false,false,false,false,false,false,false,-83.00451,42.39423,"{
  ""coordinates"": [
    -8.300450574209370e+01,
    4.239423018334550e+01
  ],
  ""type"": ""Point""
}","{
  ""coordinates"": [
    -83.004505742,
    42.394230183
  ],
  ""type"": ""Point""
}",-83.0045057419999,42.394230183