ObjectId,Crash ID,Primary Road,Intersecting Road,Crash Date,Day,Month,Year,Hour,Weekday,Crash Type Code,Highway Classification Code,Community Code,Jurisdiction Code,Lane Departure Type Code,Surface Type,Road Condition,Weather Condition,Lighting Condition,Speed Limit,Lanes,Units,Occupants,Most Severe Injury,Fatal Injuries,Suspected Serious Injuries,Suspected Minor Injuries,Possible Injuries,Property Damage Only,Secondary Crash,Traffic Control,Red Light Run,Hit and Run,Alcohol,Drugs,Unbelted Person,Work Zone,Speeding Driver,Distracted Driver,Driveway,Pedestrian,Elderly Driver,Young Driver,Commercial Vehicle,Emergency Vehicles,Train,School Bus,Motorcycle,Bicycle,Deer,Longitude,Latitude,geom,geog,x,y
10294,1388453,LAUDER,CAMBRIDGE,2018-05-29,29,5,2018,9,3,5,9,,,0,,1,1,1,,2,2,1,5,0,0,0,0,true,false,false,false,true,false,false,false,false,false,false,false,false,false,false,false,false,false,false,false,false,false,-83.19247,42.43257,"{
  ""coordinates"": [
    -8.319246792934240e+01,
    4.243257009008780e+01
  ],
  ""type"": ""Point""
}","{
  ""coordinates"": [
    -83.192467929,
    42.43257009
  ],
  ""type"": ""Point""
}",-83.192467929,42.4325700900001
10295,1385070,HAMPSHIRE,COPLIN,2018-05-29,29,5,2018,3,3,2,9,,,0,,1,1,5,25,2,2,1,4,0,0,0,1,false,false,false,false,true,false,false,false,false,false,false,false,false,false,false,false,false,false,false,false,false,false,-82.9712,42.40439,"{
  ""coordinates"": [
    -8.297119758968100e+01,
    4.240438885843370e+01
  ],
  ""type"": ""Point""
}","{
  ""coordinates"": [
    -82.97119759,
    42.404388858
  ],
  ""type"": ""Point""
}",-82.97119759,42.4043888580001
10296,1390537,OUTER,VAUGHAN,2018-05-29,29,5,2018,22,3,97,9,,2,0,Asphalt,1,1,4,35,4,3,1,5,0,0,0,0,true,false,false,false,true,false,false,false,false,false,true,false,false,false,false,false,false,false,false,false,false,false,-83.2384,42.39787,"{
  ""coordinates"": [
    -8.323840149396430e+01,
    4.239787087857250e+01
  ],
  ""type"": ""Point""
}","{
  ""coordinates"": [
    -83.238401494,
    42.397870879
  ],
  ""type"": ""Point""
}",-83.238401494,42.397870879
10297,1387165,VAN DYKE,8 MILE,2018-05-29,29,5,2018,13,3,5,3,,1,0,Asphalt,1,1,1,35,4,2,2,4,0,0,0,1,false,false,false,false,false,false,false,false,false,false,false,false,false,true,false,false,false,false,false,false,false,false,-83.02473,42.44796,"{
  ""coordinates"": [
    -8.302473829872770e+01,
    4.244795775340930e+01
  ],
  ""type"": ""Point""
}","{
  ""coordinates"": [
    -83.024738299,
    42.447957753
  ],
  ""type"": ""Point""
}",-83.024738299,42.447957753
10298,1385987,ANNABELLE,MIAMI,2018-05-29,29,5,2018,12,3,2,9,,,2,,1,1,4,25,1,2,0,5,0,0,0,0,true,false,false,false,true,false,false,false,false,false,false,false,false,false,false,false,false,false,false,false,false,false,-83.15306,42.27205,"{
  ""coordinates"": [
    -8.315305879261450e+01,
    4.227204421526260e+01
  ],
  ""type"": ""Point""
}","{
  ""coordinates"": [
    -83.153058793,
    42.272044215
  ],
  ""type"": ""Point""
}",-83.153058793,42.2720442150001
10299,1389491,I-94,CECIL,2018-05-29,29,5,2018,12,3,97,1,,1,0,Asphalt,1,1,1,70,3,4,4,5,0,0,0,0,true,false,false,false,false,false,false,false,false,false,false,false,false,false,false,true,false,false,false,false,false,false,-83.13235,42.33453,"{
  ""coordinates"": [
    -8.313235375800450e+01,
    4.233452819466280e+01
  ],
  ""type"": ""Point""
}","{
  ""coordinates"": [
    -83.132353758,
    42.334528195
  ],
  ""type"": ""Point""
}",-83.132353758,42.3345281950001
10300,1385081,JAMES COUZENS,7 MILE,2018-05-29,29,5,2018,9,3,4,3,,4,0,Asphalt,1,1,1,35,2,2,1,3,0,0,1,0,false,false,false,false,true,false,false,false,false,false,false,false,false,true,false,false,false,false,false,false,false,false,-83.18739,42.43081,"{
  ""coordinates"": [
    -8.318738530354589e+01,
    4.243081062442480e+01
  ],
  ""type"": ""Point""
}","{
  ""coordinates"": [
    -83.187385304,
    42.430810624
  ],
  ""type"": ""Point""
}",-83.187385304,42.4308106240001
10301,1386007,LAHSER,ULSTER,2018-05-29,29,5,2018,21,3,5,9,,2,3,Asphalt,1,1,4,35,2,2,2,5,0,0,0,0,true,false,false,false,false,true,false,false,false,false,false,false,false,false,false,false,false,false,false,false,false,false,-83.25725,42.41018,"{
  ""coordinates"": [
    -8.325724964902210e+01,
    4.241017544959360e+01
  ],
  ""type"": ""Point""
}","{
  ""coordinates"": [
    -83.257249649,
    42.41017545
  ],
  ""type"": ""Point""
}",-83.257249649,42.4101754500001
10302,1387082,M-10,MILWAUKEE,2018-05-29,29,5,2018,14,3,5,3,,1,0,Concrete,1,1,1,55,3,2,2,5,0,0,0,0,true,false,false,false,true,false,false,false,false,true,false,false,false,false,false,true,false,false,false,false,false,false,-83.08034,42.36527,"{
  ""coordinates"": [
    -8.308034096553691e+01,
    4.236527162314500e+01
  ],
  ""type"": ""Point""
}","{
  ""coordinates"": [
    -83.080340966,
    42.365271623
  ],
  ""type"": ""Point""
}",-83.0803409659999,42.3652716230001
10303,1387083,W I 94,RAMP 213P,2018-05-29,29,5,2018,15,3,5,1,,1,0,Asphalt,1,1,1,70,3,2,2,4,0,0,0,1,false,false,false,false,false,false,false,false,false,false,false,false,false,true,false,false,false,false,false,false,false,false,-83.09735,42.35079,"{
  ""coordinates"": [
    -8.309734928340660e+01,
    4.235078825796940e+01
  ],
  ""type"": ""Point""
}","{
  ""coordinates"": [
    -83.097349283,
    42.350788258
  ],
  ""type"": ""Point""
}",-83.097349283,42.3507882580001
10304,1385054,FORT,SCOTTEN,2018-05-29,29,5,2018,14,3,4,3,,1,0,Concrete,1,1,1,35,5,2,4,5,0,0,0,0,true,false,false,false,false,false,false,false,false,false,false,false,false,false,false,true,false,false,false,false,false,false,-83.0883,42.31311,"{
  ""coordinates"": [
    -8.308830546501690e+01,
    4.231311185046350e+01
  ],
  ""type"": ""Point""
}","{
  ""coordinates"": [
    -83.088305465,
    42.31311185
  ],
  ""type"": ""Point""
}",-83.088305465,42.31311185
10305,1387113,N/B I-75,MACK,2018-05-29,29,5,2018,12,3,5,1,,1,0,Concrete,1,1,1,70,4,2,2,5,0,0,0,0,true,false,false,false,false,false,false,false,false,false,false,false,false,true,false,false,false,false,false,false,false,false,-83.04966,42.35393,"{
  ""coordinates"": [
    -8.304966143580430e+01,
    4.235392657714910e+01
  ],
  ""type"": ""Point""
}","{
  ""coordinates"": [
    -83.049661436,
    42.353926577
  ],
  ""type"": ""Point""
}",-83.049661436,42.353926577
10306,1387187,INDIANA,7 MILE,2018-05-29,29,5,2018,15,3,4,9,,,0,,1,1,1,25,1,2,2,4,0,0,0,2,false,false,false,false,true,false,false,false,false,false,false,false,false,false,false,false,false,false,false,false,false,false,-83.1588,42.43138,"{
  ""coordinates"": [
    -8.315879641616810e+01,
    4.243137676269210e+01
  ],
  ""type"": ""Point""
}","{
  ""coordinates"": [
    -83.158796416,
    42.431376763
  ],
  ""type"": ""Point""
}",-83.158796416,42.4313767630001
10307,1385997,WARWICK,WARREN,2018-05-29,29,5,2018,10,3,8,9,,,0,,1,1,5,25,2,2,1,5,0,0,0,0,true,false,false,false,true,false,false,false,false,false,false,false,false,false,false,false,false,false,false,false,false,false,-83.22688,42.34336,"{
  ""coordinates"": [
    -8.322687623500570e+01,
    4.234335612644450e+01
  ],
  ""type"": ""Point""
}","{
  ""coordinates"": [
    -83.226876235,
    42.343356126
  ],
  ""type"": ""Point""
}",-83.226876235,42.3433561260001
10308,1413817,MILWAUKEE RAMP/BALTIMORE CUTOF,2ND,2018-05-29,29,5,2018,11,3,8,9,,4,0,Asphalt,1,1,1,30,4,2,2,5,0,0,0,0,true,false,false,false,false,false,false,false,false,false,false,false,false,true,false,false,false,false,false,false,false,false,-83.07631,42.36771,"{
  ""coordinates"": [
    -8.307630732374299e+01,
    4.236770899218760e+01
  ],
  ""type"": ""Point""
}","{
  ""coordinates"": [
    -83.076307324,
    42.367708992
  ],
  ""type"": ""Point""
}",-83.076307324,42.3677089920001
10309,1387076,S M 39,PLYMOUTH,2018-05-29,29,5,2018,16,3,5,3,,1,0,Asphalt,1,1,1,55,3,3,2,5,0,0,0,0,true,false,false,false,true,false,false,false,false,false,false,false,false,false,false,false,false,false,false,false,false,false,-83.21674,42.37144,"{
  ""coordinates"": [
    -8.321673269161940e+01,
    4.237143849413630e+01
  ],
  ""type"": ""Point""
}","{
  ""coordinates"": [
    -83.216732692,
    42.371438494
  ],
  ""type"": ""Point""
}",-83.2167326919999,42.3714384940001
10310,1387133,GRATIOT,EASTBURN,2018-05-29,29,5,2018,8,3,4,3,,1,0,Asphalt,1,1,1,,7,2,2,5,0,0,0,0,true,true,false,false,false,false,false,false,false,false,false,false,false,false,false,false,false,false,false,false,false,false,-82.97099,42.44526,"{
  ""coordinates"": [
    -8.297098747964870e+01,
    4.244525568414260e+01
  ],
  ""type"": ""Point""
}","{
  ""coordinates"": [
    -82.97098748,
    42.445255684
  ],
  ""type"": ""Point""
}",-82.97098748,42.4452556840001
10311,1385986,W I 96,GRAND,2018-05-29,29,5,2018,13,3,4,1,,1,0,Asphalt,1,1,1,35,3,2,2,5,0,0,0,0,true,false,false,false,false,false,false,false,false,false,false,false,false,false,false,false,false,false,false,false,false,false,-83.11089,42.35617,"{
  ""coordinates"": [
    -8.311088418746390e+01,
    4.235616661462730e+01
  ],
  ""type"": ""Point""
}","{
  ""coordinates"": [
    -83.110884187,
    42.356166615
  ],
  ""type"": ""Point""
}",-83.110884187,42.3561666150001
10312,1387120,NEWBERRY,CAMPBELL,2018-05-29,29,5,2018,5,3,4,9,,,0,,1,1,1,,2,2,2,5,0,0,0,0,true,false,true,false,false,false,false,false,false,false,false,false,false,false,false,false,false,false,false,false,false,false,-83.10439,42.31779,"{
  ""coordinates"": [
    -8.310438529331960e+01,
    4.231779498746110e+01
  ],
  ""type"": ""Point""
}","{
  ""coordinates"": [
    -83.104385293,
    42.317794987
  ],
  ""type"": ""Point""
}",-83.104385293,42.3177949870001
10313,1387157,8 MILE,N M 39,2018-05-29,29,5,2018,16,3,5,3,,1,0,Concrete,1,1,1,40,5,3,1,5,0,0,0,0,true,false,false,false,true,false,false,false,false,false,false,false,false,false,false,false,false,false,false,false,false,false,-83.21971,42.44418,"{
  ""coordinates"": [
    -8.321971218475720e+01,
    4.244417398489010e+01
  ],
  ""type"": ""Point""
}","{
  ""coordinates"": [
    -83.219712185,
    42.444173985
  ],
  ""type"": ""Point""
}",-83.2197121849999,42.4441739850001
10314,1399340,I 96,DAVISON,2018-05-29,29,5,2018,9,3,1,3,,1,0,Asphalt,1,1,1,55,2,1,1,5,0,0,0,0,true,false,false,false,false,false,false,false,false,false,false,false,false,true,false,false,false,false,false,false,false,false,-83.11844,42.39435,"{
  ""coordinates"": [
    -8.311843537442410e+01,
    4.239435354970940e+01
  ],
  ""type"": ""Point""
}","{
  ""coordinates"": [
    -83.118435374,
    42.39435355
  ],
  ""type"": ""Point""
}",-83.1184353739999,42.3943535500001
10315,1385050,DAVISON SERV,WYOMING,2018-05-29,29,5,2018,10,3,4,9,,4,0,Asphalt,1,1,1,35,4,2,4,4,0,0,0,1,false,false,false,false,false,false,false,false,false,false,false,false,false,false,false,false,false,false,false,false,false,false,-83.15903,42.38607,"{
  ""coordinates"": [
    -8.315903526437729e+01,
    4.238606505759890e+01
  ],
  ""type"": ""Point""
}","{
  ""coordinates"": [
    -83.159035264,
    42.386065058
  ],
  ""type"": ""Point""
}",-83.159035264,42.386065058
10316,1385047,BEAUBIEN,JEFFERSON,2018-05-29,29,5,2018,16,3,5,4,,4,0,Asphalt,1,1,1,30,2,2,2,5,0,0,0,0,true,false,false,false,false,false,false,false,false,false,false,false,false,false,false,true,false,false,false,false,false,false,-83.03962,42.33062,"{
  ""coordinates"": [
    -8.303961627776300e+01,
    4.233062365739580e+01
  ],
  ""type"": ""Point""
}","{
  ""coordinates"": [
    -83.039616278,
    42.330623657
  ],
  ""type"": ""Point""
}",-83.039616278,42.330623657
10317,1385075,DAVISON,LA SALLE,2018-05-29,29,5,2018,16,3,5,3,,1,0,Asphalt,1,1,1,35,4,2,1,5,0,0,0,0,true,false,false,false,true,false,false,false,false,false,false,false,false,false,false,false,false,false,false,false,false,false,-83.11903,42.39413,"{
  ""coordinates"": [
    -8.311902933148831e+01,
    4.239413243100810e+01
  ],
  ""type"": ""Point""
}","{
  ""coordinates"": [
    -83.119029331,
    42.394132431
  ],
  ""type"": ""Point""
}",-83.119029331,42.3941324310001
10318,1385976,KELLY,ROCHELLE,2018-05-29,29,5,2018,14,3,9,9,,4,2,Asphalt,1,1,1,35,2,2,1,5,0,0,0,0,true,false,false,false,false,false,false,false,false,true,false,false,false,false,false,false,false,false,false,false,false,false,-82.96183,42.42298,"{
  ""coordinates"": [
    -8.296183099953841e+01,
    4.242297715299400e+01
  ],
  ""type"": ""Point""
}","{
  ""coordinates"": [
    -82.961831,
    42.422977153
  ],
  ""type"": ""Point""
}",-82.961831,42.422977153
10319,1387124,CONGRESS,SHELBY,2018-05-29,29,5,2018,12,3,10,9,,4,0,Asphalt,1,1,1,25,1,2,2,5,0,0,0,0,true,false,false,false,false,false,false,false,false,false,false,false,false,false,false,false,false,false,false,false,false,false,-83.04791,42.3293,"{
  ""coordinates"": [
    -8.304791012236809e+01,
    4.232930088881000e+01
  ],
  ""type"": ""Point""
}","{
  ""coordinates"": [
    -83.047910122,
    42.329300889
  ],
  ""type"": ""Point""
}",-83.047910122,42.3293008890001
10320,1385057,CADIEUX,HARPER,2018-05-28,28,5,2018,21,2,5,9,,4,0,Asphalt,1,1,4,30,4,2,4,4,0,0,0,1,false,false,false,false,true,false,false,false,false,false,false,false,false,false,false,false,false,false,false,false,false,false,-82.93647,42.41619,"{
  ""coordinates"": [
    -8.293647094630850e+01,
    4.241618947782370e+01
  ],
  ""type"": ""Point""
}","{
  ""coordinates"": [
    -82.936470946,
    42.416189478
  ],
  ""type"": ""Point""
}",-82.936470946,42.416189478
10321,1386004,JEFFERSON,BEAUFAIT,2018-05-28,28,5,2018,16,2,8,9,,4,0,Asphalt,1,1,1,30,7,2,8,4,0,0,0,1,false,false,false,false,false,false,false,false,false,false,false,false,false,false,false,false,false,false,false,false,false,false,-83.00845,42.34435,"{
  ""coordinates"": [
    -8.300844512713920e+01,
    4.234435088936370e+01
  ],
  ""type"": ""Point""
}","{
  ""coordinates"": [
    -83.008445127,
    42.344350889
  ],
  ""type"": ""Point""
}",-83.008445127,42.3443508890001
10322,1385067,PICKFORD,VAUGHAN,2018-05-28,28,5,2018,23,2,4,9,,4,0,Asphalt,1,1,4,25,1,2,2,5,0,0,0,0,true,false,false,false,true,false,false,false,false,false,false,false,false,false,false,false,false,false,false,false,false,false,-83.23963,42.42447,"{
  ""coordinates"": [
    -8.323963165109910e+01,
    4.242446440720340e+01
  ],
  ""type"": ""Point""
}","{
  ""coordinates"": [
    -83.239631651,
    42.424464407
  ],
  ""type"": ""Point""
}",-83.239631651,42.4244644070001
10323,1387142,SPRINGLE,CANFIELD,2018-05-28,28,5,2018,14,2,2,9,,,2,,1,1,1,25,1,2,1,5,0,0,0,0,true,false,false,false,false,false,false,false,false,false,false,false,false,true,true,false,false,false,false,false,false,false,-82.96697,42.38829,"{
  ""coordinates"": [
    -8.296697269860221e+01,
    4.238829302002370e+01
  ],
  ""type"": ""Point""
}","{
  ""coordinates"": [
    -82.966972699,
    42.38829302
  ],
  ""type"": ""Point""
}",-82.9669726989999,42.38829302
10324,1384199,WINTHROP,VERNE,2018-05-28,28,5,2018,4,2,2,9,,,2,,1,1,5,25,2,2,0,5,0,0,0,0,true,false,false,false,true,false,false,false,false,false,false,true,false,false,false,false,false,false,false,false,false,false,-83.20062,42.41271,"{
  ""coordinates"": [
    -8.320061949295361e+01,
    4.241271222660610e+01
  ],
  ""type"": ""Point""
}","{
  ""coordinates"": [
    -83.200619493,
    42.412712227
  ],
  ""type"": ""Point""
}",-83.200619493,42.412712227
10325,1385078,MACKAY,NEVADA,2018-05-28,28,5,2018,18,2,8,9,,,0,,1,1,1,25,2,2,1,5,0,0,0,0,true,false,false,false,true,false,false,false,false,false,true,false,false,true,false,false,false,false,false,false,false,false,-83.07646,42.42567,"{
  ""coordinates"": [
    -8.307646236036970e+01,
    4.242567255867510e+01
  ],
  ""type"": ""Point""
}","{
  ""coordinates"": [
    -83.07646236,
    42.425672559
  ],
  ""type"": ""Point""
}",-83.0764623599999,42.4256725590001
10326,1388361,NORMAN,PITT,2018-05-28,28,5,2018,23,2,8,9,,,0,,1,1,5,25,3,2,0,5,0,0,0,0,true,false,false,false,true,false,false,false,false,false,false,false,false,false,false,false,false,false,false,false,false,false,-83.1308,42.31266,"{
  ""coordinates"": [
    -8.313079810265890e+01,
    4.231265804152360e+01
  ],
  ""type"": ""Point""
}","{
  ""coordinates"": [
    -83.130798103,
    42.312658042
  ],
  ""type"": ""Point""
}",-83.130798103,42.3126580420001
10327,1394546,WOODWARD,KIRBY,2018-05-28,28,5,2018,15,2,8,3,,1,0,Asphalt,1,1,1,35,6,2,3,5,0,0,0,0,true,true,false,false,false,false,false,false,false,false,false,true,false,false,true,false,false,false,false,false,false,false,-83.0663,42.35981,"{
  ""coordinates"": [
    -8.306629897693659e+01,
    4.235981518241710e+01
  ],
  ""type"": ""Point""
}","{
  ""coordinates"": [
    -83.066298977,
    42.359815182
  ],
  ""type"": ""Point""
}",-83.066298977,42.359815182
10328,1388359,FISHER,WITT,2018-05-28,28,5,2018,2,2,1,1,,4,1,Asphalt,1,1,4,30,2,1,1,5,0,0,0,0,true,false,false,false,false,false,false,false,false,false,false,false,false,false,false,false,false,false,false,false,false,false,-83.12015,42.30157,"{
  ""coordinates"": [
    -8.312014818173000e+01,
    4.230157308670460e+01
  ],
  ""type"": ""Point""
}","{
  ""coordinates"": [
    -83.120148182,
    42.301573087
  ],
  ""type"": ""Point""
}",-83.120148182,42.3015730870001
10329,1385988,EVERGREEN,E I 96,2018-05-28,28,5,2018,20,2,8,9,,4,0,Concrete,1,1,1,30,6,2,4,2,0,1,0,0,false,false,true,true,false,true,false,false,false,false,false,false,false,true,false,false,false,false,false,true,false,false,-83.23665,42.38033,"{
  ""coordinates"": [
    -8.323664837810280e+01,
    4.238033094266980e+01
  ],
  ""type"": ""Point""
}","{
  ""coordinates"": [
    -83.236648378,
    42.380330943
  ],
  ""type"": ""Point""
}",-83.236648378,42.380330943
10330,1385051,WASHINGTON,STATE,2018-05-28,28,5,2018,12,2,10,9,,4,0,,1,1,1,25,4,2,2,5,0,0,0,0,true,false,false,false,false,false,false,false,false,false,false,false,false,true,false,false,false,false,false,false,false,false,-83.0512,42.33253,"{
  ""coordinates"": [
    -8.305119883430901e+01,
    4.233253176213650e+01
  ],
  ""type"": ""Point""
}","{
  ""coordinates"": [
    -83.051198834,
    42.332531762
  ],
  ""type"": ""Point""
}",-83.051198834,42.332531762
10331,1384181,LYNDON,SUSSEX,2018-05-28,28,5,2018,11,2,98,9,,4,0,Asphalt,1,1,1,25,2,3,2,4,0,0,0,1,false,false,true,false,true,true,false,false,false,false,false,true,true,false,false,false,false,false,false,false,false,false,-83.19472,42.39437,"{
  ""coordinates"": [
    -8.319471784034280e+01,
    4.239437174665360e+01
  ],
  ""type"": ""Point""
}","{
  ""coordinates"": [
    -83.19471784,
    42.394371747
  ],
  ""type"": ""Point""
}",-83.19471784,42.394371747
10332,1390412,I-75,EIGHT MILE,2018-05-28,28,5,2018,6,2,5,1,,1,0,Asphalt,1,1,2,70,3,3,2,4,0,0,0,1,false,false,false,false,true,false,false,false,false,true,false,false,false,false,false,false,false,false,false,false,false,false,-83.09468,42.44653,"{
  ""coordinates"": [
    -8.309467822966610e+01,
    4.244652547985740e+01
  ],
  ""type"": ""Point""
}","{
  ""coordinates"": [
    -83.09467823,
    42.44652548
  ],
  ""type"": ""Point""
}",-83.0946782299999,42.44652548
10333,1384208,GRATIOT,GLENFIELD,2018-05-28,28,5,2018,22,2,1,3,,1,0,Asphalt,1,1,1,35,7,1,1,4,0,0,0,1,false,false,false,false,false,false,false,false,false,false,false,false,false,false,false,false,false,false,false,false,false,false,-82.99406,42.41017,"{
  ""coordinates"": [
    -8.299405804724110e+01,
    4.241017257678220e+01
  ],
  ""type"": ""Point""
}","{
  ""coordinates"": [
    -82.994058047,
    42.410172577
  ],
  ""type"": ""Point""
}",-82.994058047,42.410172577
10334,1384220,KNODELL,MCCLELLAN,2018-05-28,28,5,2018,14,2,97,9,,,0,,1,1,1,25,1,2,2,5,0,0,0,0,true,false,false,false,true,false,false,false,false,false,false,false,false,false,false,false,false,false,false,false,false,false,-83.01292,42.39856,"{
  ""coordinates"": [
    -8.301291383922560e+01,
    4.239855416124550e+01
  ],
  ""type"": ""Point""
}","{
  ""coordinates"": [
    -83.012913839,
    42.398554161
  ],
  ""type"": ""Point""
}",-83.012913839,42.398554161
10335,1384178,FREELAND,MIDLAND,2018-05-28,28,5,2018,17,2,1,9,,,0,,1,1,1,25,2,1,1,3,0,0,1,0,false,false,false,false,false,false,false,false,false,false,false,false,false,false,false,false,false,false,false,false,false,false,-83.18569,42.40554,"{
  ""coordinates"": [
    -8.318568893599630e+01,
    4.240553505682280e+01
  ],
  ""type"": ""Point""
}","{
  ""coordinates"": [
    -83.185688936,
    42.405535057
  ],
  ""type"": ""Point""
}",-83.185688936,42.4055350570001
10336,1384228,WYOMING,EATON,2018-05-28,28,5,2018,2,2,4,9,,4,0,Asphalt,1,1,4,,2,2,3,4,0,0,0,1,false,false,false,false,false,false,false,false,false,false,false,false,false,false,false,false,false,false,false,false,false,false,-83.15947,42.39797,"{
  ""coordinates"": [
    -8.315947317712970e+01,
    4.239797029264480e+01
  ],
  ""type"": ""Point""
}","{
  ""coordinates"": [
    -83.159473177,
    42.397970293
  ],
  ""type"": ""Point""
}",-83.1594731769999,42.3979702930001
10337,1397529,I-94,CONNER,2018-05-28,28,5,2018,3,2,1,1,,1,1,Asphalt,1,1,4,55,3,1,1,4,0,0,0,1,false,false,false,false,false,false,false,false,false,false,false,false,false,false,false,false,false,false,false,false,false,false,-82.97737,42.40051,"{
  ""coordinates"": [
    -8.297737251361880e+01,
    4.240051354148670e+01
  ],
  ""type"": ""Point""
}","{
  ""coordinates"": [
    -82.977372514,
    42.400513541
  ],
  ""type"": ""Point""
}",-82.977372514,42.4005135410001
10338,1384233,CANTERBURY,SAINT MARTINS,2018-05-28,28,5,2018,12,2,8,9,,,0,,1,1,1,25,1,2,2,5,0,0,0,0,true,false,false,false,false,false,false,false,false,false,false,false,false,true,false,false,false,false,false,false,false,false,-83.13973,42.43689,"{
  ""coordinates"": [
    -8.313973244029739e+01,
    4.243688871857770e+01
  ],
  ""type"": ""Point""
}","{
  ""coordinates"": [
    -83.13973244,
    42.436888719
  ],
  ""type"": ""Point""
}",-83.13973244,42.4368887190001
10339,1388399,MEMORIAL,TIREMAN,2018-05-28,28,5,2018,22,2,4,9,,,0,,1,1,4,25,2,2,3,5,0,0,0,0,true,false,true,false,false,false,false,false,false,false,false,false,false,false,false,false,false,false,false,false,false,false,-83.21071,42.35069,"{
  ""coordinates"": [
    -8.321070546028800e+01,
    4.235069309950140e+01
  ],
  ""type"": ""Point""
}","{
  ""coordinates"": [
    -83.21070546,
    42.3506931
  ],
  ""type"": ""Point""
}",-83.21070546,42.3506931000001
10340,1385983,WAYBURN,WADE,2018-05-28,28,5,2018,23,2,9,9,,,2,,1,1,4,25,2,2,2,5,0,0,0,0,true,false,false,false,true,false,false,false,false,false,false,false,false,false,false,false,false,false,false,false,false,false,-82.95953,42.40878,"{
  ""coordinates"": [
    -8.295953734341030e+01,
    4.240877379157590e+01
  ],
  ""type"": ""Point""
}","{
  ""coordinates"": [
    -82.959537343,
    42.408773792
  ],
  ""type"": ""Point""
}",-82.959537343,42.408773792
10341,1388370,WARREN,ALTER,2018-05-28,28,5,2018,21,2,97,9,,4,0,Asphalt,1,1,4,35,5,3,5,3,0,0,2,2,false,false,true,true,true,true,false,false,false,false,false,false,false,false,false,false,false,false,false,false,false,false,-82.95449,42.39702,"{
  ""coordinates"": [
    -8.295449186229609e+01,
    4.239702076065620e+01
  ],
  ""type"": ""Point""
}","{
  ""coordinates"": [
    -82.954491862,
    42.397020761
  ],
  ""type"": ""Point""
}",-82.9544918619999,42.3970207610001
10342,1393273,CHALMERS/HAYES,HARPER,2018-05-28,28,5,2018,16,2,97,9,,4,0,Asphalt,1,1,1,30,2,2,2,4,0,0,0,1,false,false,false,false,true,false,false,false,false,false,false,false,true,false,false,false,false,false,false,false,false,false,-82.96433,42.40474,"{
  ""coordinates"": [
    -8.296433334722560e+01,
    4.240473832970960e+01
  ],
  ""type"": ""Point""
}","{
  ""coordinates"": [
    -82.964333347,
    42.40473833
  ],
  ""type"": ""Point""
}",-82.964333347,42.40473833
10343,1384232,WOODWARD,8 MILE,2018-05-28,28,5,2018,8,2,8,3,,1,0,Asphalt,1,1,1,35,3,2,2,5,0,0,0,0,true,false,false,false,false,false,false,false,false,false,false,false,false,true,true,false,false,false,false,false,false,false,-83.12485,42.44651,"{
  ""coordinates"": [
    -8.312485085937180e+01,
    4.244650631830190e+01
  ],
  ""type"": ""Point""
}","{
  ""coordinates"": [
    -83.124850859,
    42.446506318
  ],
  ""type"": ""Point""
}",-83.1248508589999,42.446506318
10344,1384207,GRATIOT,8 MILE,2018-05-28,28,5,2018,14,2,4,3,,1,0,Asphalt,1,1,1,35,7,2,3,3,0,0,2,0,false,false,false,false,false,false,false,true,false,false,false,true,false,false,false,false,false,false,false,false,false,false,-82.96806,42.44965,"{
  ""coordinates"": [
    -8.296806363106759e+01,
    4.244965058640220e+01
  ],
  ""type"": ""Point""
}","{
  ""coordinates"": [
    -82.968063631,
    42.449650586
  ],
  ""type"": ""Point""
}",-82.9680636309999,42.4496505860001
10345,1392354,FORT,GRISWOLD,2018-05-28,28,5,2018,10,2,4,3,,4,0,Brick,98,98,98,35,4,2,2,5,0,0,0,0,true,false,false,false,false,false,false,false,false,false,false,false,false,false,false,false,false,false,false,false,false,false,-83.04718,42.33082,"{
  ""coordinates"": [
    -8.304717995110180e+01,
    4.233081979036380e+01
  ],
  ""type"": ""Point""
}","{
  ""coordinates"": [
    -83.047179951,
    42.33081979
  ],
  ""type"": ""Point""
}",-83.047179951,42.3308197900001
10346,1387115,MICHIGAN,CASS,2018-05-28,28,5,2018,20,2,4,2,,1,0,Concrete,1,1,3,,5,2,3,5,0,0,0,0,true,false,true,true,false,false,false,false,false,false,false,false,false,false,true,false,false,false,false,false,false,false,-83.05267,42.33167,"{
  ""coordinates"": [
    -8.305266339440750e+01,
    4.233167311286170e+01
  ],
  ""type"": ""Point""
}","{
  ""coordinates"": [
    -83.052663394,
    42.331673113
  ],
  ""type"": ""Point""
}",-83.052663394,42.3316731130001
10347,1385049,BUENA VISTA,SCHAEFER/W I 96,2018-05-28,28,5,2018,19,2,5,1,,,0,,1,1,1,25,2,2,1,5,0,0,0,0,true,false,false,false,true,false,false,false,false,false,false,false,false,false,false,false,false,false,false,false,false,false,-83.17983,42.38345,"{
  ""coordinates"": [
    -8.317983623289329e+01,
    4.238345181578280e+01
  ],
  ""type"": ""Point""
}","{
  ""coordinates"": [
    -83.179836233,
    42.383451816
  ],
  ""type"": ""Point""
}",-83.1798362329999,42.383451816