ObjectId,Crash ID,Primary Road,Intersecting Road,Crash Date,Day,Month,Year,Hour,Weekday,Crash Type Code,Highway Classification Code,Community Code,Jurisdiction Code,Lane Departure Type Code,Surface Type,Road Condition,Weather Condition,Lighting Condition,Speed Limit,Lanes,Units,Occupants,Most Severe Injury,Fatal Injuries,Suspected Serious Injuries,Suspected Minor Injuries,Possible Injuries,Property Damage Only,Secondary Crash,Traffic Control,Red Light Run,Hit and Run,Alcohol,Drugs,Unbelted Person,Work Zone,Speeding Driver,Distracted Driver,Driveway,Pedestrian,Elderly Driver,Young Driver,Commercial Vehicle,Emergency Vehicles,Train,School Bus,Motorcycle,Bicycle,Deer,Longitude,Latitude,geom,geog,x,y
10348,1385061,ASHTON,PICKFORD,2018-05-28,28,5,2018,22,2,9,9,,,0,,1,1,4,25,2,2,0,5,0,0,0,0,true,false,false,false,true,false,false,false,false,false,false,true,false,false,false,false,false,false,false,false,false,false,-83.2203,42.42509,"{
  ""coordinates"": [
    -8.322030033266191e+01,
    4.242509033155090e+01
  ],
  ""type"": ""Point""
}","{
  ""coordinates"": [
    -83.220300333,
    42.425090332
  ],
  ""type"": ""Point""
}",-83.220300333,42.425090332
10349,1384224,DAVISON,PETOSKEY,2018-05-28,28,5,2018,13,2,97,3,,1,0,Asphalt,1,1,1,35,7,2,2,5,0,0,0,0,true,false,false,false,true,false,false,false,false,false,false,false,false,false,false,true,false,false,false,false,false,false,-83.13586,42.38785,"{
  ""coordinates"": [
    -8.313586364762740e+01,
    4.238785201140380e+01
  ],
  ""type"": ""Point""
}","{
  ""coordinates"": [
    -83.135863648,
    42.387852011
  ],
  ""type"": ""Point""
}",-83.1358636479999,42.3878520110001
10350,1384200,MCNICHOLS,STAHELIN,2018-05-28,28,5,2018,1,2,4,9,,2,0,Asphalt,1,1,4,35,4,2,2,3,0,0,2,0,false,false,true,false,false,false,false,false,false,false,false,false,false,false,false,false,false,false,false,false,false,false,-83.22701,42.41539,"{
  ""coordinates"": [
    -8.322701062861790e+01,
    4.241538790138460e+01
  ],
  ""type"": ""Point""
}","{
  ""coordinates"": [
    -83.227010629,
    42.415387901
  ],
  ""type"": ""Point""
}",-83.2270106289999,42.415387901
10351,1400949,PRAIRIE,CLARITA,2018-05-28,28,5,2018,21,2,4,9,,,0,,1,1,3,25,2,2,1,5,0,0,0,0,true,false,false,false,true,false,false,false,false,true,false,false,false,false,false,false,false,false,false,false,false,false,-83.14574,42.42974,"{
  ""coordinates"": [
    -8.314574118479921e+01,
    4.242974043269710e+01
  ],
  ""type"": ""Point""
}","{
  ""coordinates"": [
    -83.145741185,
    42.429740433
  ],
  ""type"": ""Point""
}",-83.145741185,42.4297404330001
10352,1384214,7 MILE,CHALMERS,2018-05-28,28,5,2018,11,2,5,9,,2,0,Asphalt,1,1,1,30,2,2,2,5,0,0,0,0,true,false,false,false,false,false,false,false,false,false,true,false,false,true,true,false,false,false,false,false,false,false,-82.97386,42.43517,"{
  ""coordinates"": [
    -8.297386448028620e+01,
    4.243517416261570e+01
  ],
  ""type"": ""Point""
}","{
  ""coordinates"": [
    -82.97386448,
    42.435174163
  ],
  ""type"": ""Point""
}",-82.97386448,42.4351741630001
10353,1384210,QUEEN,LIBERAL,2018-05-28,28,5,2018,15,2,97,9,,,0,,1,1,1,30,2,2,1,2,0,1,0,0,false,false,false,false,true,false,false,false,false,false,false,false,true,false,false,false,false,false,false,false,false,false,-82.96878,42.44014,"{
  ""coordinates"": [
    -8.296877829384179e+01,
    4.244013897326720e+01
  ],
  ""type"": ""Point""
}","{
  ""coordinates"": [
    -82.968778294,
    42.440138973
  ],
  ""type"": ""Point""
}",-82.9687782939999,42.440138973
10354,1387156,7 MILE,EDINBOROUGH,2018-05-28,28,5,2018,14,2,5,9,,2,0,Asphalt,1,1,2,35,5,2,2,4,0,0,0,1,false,false,false,false,false,false,false,false,false,false,false,false,false,false,false,false,false,false,false,false,false,false,-83.2345,42.42969,"{
  ""coordinates"": [
    -8.323450226881140e+01,
    4.242969184101130e+01
  ],
  ""type"": ""Point""
}","{
  ""coordinates"": [
    -83.234502269,
    42.429691841
  ],
  ""type"": ""Point""
}",-83.234502269,42.4296918410001
10355,1387169,MT ELLIOTT,SOBIESKI,2018-05-28,28,5,2018,12,2,8,9,,4,0,Asphalt,1,1,1,,2,2,1,5,0,0,0,0,true,true,false,false,true,false,false,false,false,false,false,false,false,false,false,false,false,false,false,true,false,false,-83.03807,42.4102,"{
  ""coordinates"": [
    -8.303806721469330e+01,
    4.241020165476230e+01
  ],
  ""type"": ""Point""
}","{
  ""coordinates"": [
    -83.038067215,
    42.410201655
  ],
  ""type"": ""Point""
}",-83.038067215,42.410201655
10356,1384180,JOY,PREST,2018-05-28,28,5,2018,16,2,4,9,,4,0,Asphalt,1,1,1,30,2,2,2,5,0,0,0,0,true,false,false,false,false,false,false,false,false,false,false,false,false,false,false,false,false,false,false,false,false,false,-83.19583,42.35815,"{
  ""coordinates"": [
    -8.319583301581081e+01,
    4.235815218727220e+01
  ],
  ""type"": ""Point""
}","{
  ""coordinates"": [
    -83.195833016,
    42.358152187
  ],
  ""type"": ""Point""
}",-83.1958330159999,42.358152187
10357,1400876,MACK,CRANE,2018-05-28,28,5,2018,12,2,5,9,,4,0,Asphalt,1,1,1,30,1,2,2,5,0,0,0,0,true,false,false,false,true,false,false,false,false,false,false,false,false,true,false,false,false,false,false,false,false,false,-82.99816,42.37017,"{
  ""coordinates"": [
    -8.299816035178810e+01,
    4.237017369839210e+01
  ],
  ""type"": ""Point""
}","{
  ""coordinates"": [
    -82.998160352,
    42.370173698
  ],
  ""type"": ""Point""
}",-82.998160352,42.370173698
10358,1428841,JOY,GRANDVILLE,2018-05-28,28,5,2018,6,2,1,9,,2,1,Asphalt,1,1,1,35,4,1,1,5,0,0,0,0,true,false,false,false,false,false,false,false,false,true,false,true,false,false,false,false,false,false,false,false,false,false,-83.23019,42.35765,"{
  ""coordinates"": [
    -8.323019075786610e+01,
    4.235765324358910e+01
  ],
  ""type"": ""Point""
}","{
  ""coordinates"": [
    -83.230190758,
    42.357653244
  ],
  ""type"": ""Point""
}",-83.2301907579999,42.3576532440001
10359,1408890,CHICAGO,MINOCK,2018-05-28,28,5,2018,3,2,5,9,,4,0,Asphalt,1,1,4,30,2,2,1,5,0,0,0,0,true,false,false,false,false,false,false,false,false,false,false,false,false,false,false,false,false,false,false,false,false,false,-83.23234,42.36477,"{
  ""coordinates"": [
    -8.323234065920650e+01,
    4.236477286119260e+01
  ],
  ""type"": ""Point""
}","{
  ""coordinates"": [
    -83.232340659,
    42.364772861
  ],
  ""type"": ""Point""
}",-83.232340659,42.3647728610001
10360,1387174,HARTWELL,KEELER,2018-05-28,28,5,2018,22,2,9,9,,,0,,1,1,4,25,2,2,2,5,0,0,0,0,true,false,false,false,false,false,false,false,false,false,false,false,false,false,false,false,false,false,false,false,false,false,-83.17878,42.42315,"{
  ""coordinates"": [
    -8.317877782934610e+01,
    4.242314359601800e+01
  ],
  ""type"": ""Point""
}","{
  ""coordinates"": [
    -83.178777829,
    42.423143596
  ],
  ""type"": ""Point""
}",-83.178777829,42.423143596
10361,1387152,GRATIOT,SAINT AUBIN,2018-05-28,28,5,2018,16,2,8,3,,1,0,Asphalt,1,1,1,35,7,2,4,5,0,0,0,0,true,false,false,false,false,false,false,false,false,false,false,false,false,true,false,false,false,false,false,false,false,false,-83.03432,42.34926,"{
  ""coordinates"": [
    -8.303432474749260e+01,
    4.234926142028630e+01
  ],
  ""type"": ""Point""
}","{
  ""coordinates"": [
    -83.034324747,
    42.34926142
  ],
  ""type"": ""Point""
}",-83.034324747,42.3492614200001
10362,1398443,LARNED,WASHINGTON,2018-05-28,28,5,2018,17,2,4,9,,4,0,Concrete,1,1,1,35,6,2,4,4,0,0,0,1,false,true,true,true,false,false,false,false,false,false,false,false,false,false,false,false,false,false,false,false,false,false,-83.0486,42.32798,"{
  ""coordinates"": [
    -8.304860191342620e+01,
    4.232798389899280e+01
  ],
  ""type"": ""Point""
}","{
  ""coordinates"": [
    -83.048601913,
    42.327983899
  ],
  ""type"": ""Point""
}",-83.048601913,42.3279838990001
10363,1424308,ALBION,GREINER,2018-05-28,28,5,2018,2,2,98,9,,,0,,1,1,4,25,2,2,0,5,0,0,0,0,true,false,false,false,true,false,false,false,false,false,false,false,false,false,false,false,false,false,false,false,false,false,-83.00557,42.42775,"{
  ""coordinates"": [
    -8.300557075574190e+01,
    4.242774406896960e+01
  ],
  ""type"": ""Point""
}","{
  ""coordinates"": [
    -83.005570756,
    42.427744069
  ],
  ""type"": ""Point""
}",-83.0055707559999,42.427744069
10364,1387143,JEFFERSON,MELDRUM,2018-05-28,28,5,2018,21,2,3,9,,4,0,Asphalt,1,1,4,30,7,2,2,5,0,0,0,0,true,false,false,false,true,false,false,false,false,false,false,false,false,false,false,false,false,false,false,false,false,false,-83.00854,42.34431,"{
  ""coordinates"": [
    -8.300854645917660e+01,
    4.234430722820010e+01
  ],
  ""type"": ""Point""
}","{
  ""coordinates"": [
    -83.008546459,
    42.344307228
  ],
  ""type"": ""Point""
}",-83.0085464589999,42.344307228
10365,1385055,JEFFERSON,DEARBORN,2018-05-28,28,5,2018,15,2,1,9,,4,0,Asphalt,1,1,1,30,2,1,2,3,0,0,1,0,false,false,false,false,false,false,false,false,false,false,false,false,false,false,false,false,false,false,false,false,false,false,-83.11673,42.2909,"{
  ""coordinates"": [
    -8.311672802266411e+01,
    4.229090358610340e+01
  ],
  ""type"": ""Point""
}","{
  ""coordinates"": [
    -83.116728023,
    42.290903586
  ],
  ""type"": ""Point""
}",-83.116728023,42.2909035860001
10366,1394529,S/B M-39,JOY,2018-05-28,28,5,2018,17,2,8,3,,1,0,Asphalt,1,1,1,55,3,2,2,4,0,0,0,1,false,false,false,false,false,true,false,false,false,false,false,false,false,false,false,false,false,false,false,false,false,false,-83.21657,42.36002,"{
  ""coordinates"": [
    -8.321656892144210e+01,
    4.236002068662460e+01
  ],
  ""type"": ""Point""
}","{
  ""coordinates"": [
    -83.216568921,
    42.360020687
  ],
  ""type"": ""Point""
}",-83.216568921,42.360020687
10367,1385048,JEFFERSON,ST ANTOINE,2018-05-28,28,5,2018,15,2,5,9,,4,0,Asphalt,1,1,1,30,2,2,3,5,0,0,0,0,true,false,false,false,false,false,false,false,false,false,false,false,false,false,false,false,false,false,false,true,false,false,-83.03802,42.33113,"{
  ""coordinates"": [
    -8.303801599559250e+01,
    4.233112839744850e+01
  ],
  ""type"": ""Point""
}","{
  ""coordinates"": [
    -83.038015996,
    42.331128397
  ],
  ""type"": ""Point""
}",-83.038015996,42.331128397
10368,1385999,GREENFIELD,CAPITOL,2018-05-28,28,5,2018,23,2,97,9,,2,0,Asphalt,1,1,4,30,4,2,1,5,0,0,0,0,true,false,false,false,true,false,false,false,false,false,false,false,false,false,false,false,false,false,false,false,false,false,-83.19775,42.37698,"{
  ""coordinates"": [
    -8.319774749790621e+01,
    4.237698497930910e+01
  ],
  ""type"": ""Point""
}","{
  ""coordinates"": [
    -83.197747498,
    42.376984979
  ],
  ""type"": ""Point""
}",-83.197747498,42.376984979
10369,1385978,MCNICHOLS,ST MARYS,2018-05-28,28,5,2018,22,2,4,9,,2,0,Asphalt,1,1,4,,4,2,2,5,0,0,0,0,true,false,false,false,true,false,false,false,false,false,false,false,false,false,false,false,false,false,false,false,false,false,-83.20692,42.41581,"{
  ""coordinates"": [
    -8.320691359819681e+01,
    4.241580669553050e+01
  ],
  ""type"": ""Point""
}","{
  ""coordinates"": [
    -83.206913598,
    42.415806696
  ],
  ""type"": ""Point""
}",-83.206913598,42.4158066960001
10370,1428855,STOUT,TIREMAN,2018-05-28,28,5,2018,13,2,10,9,,,0,,1,1,1,25,2,2,1,5,0,0,0,0,true,false,false,false,false,false,false,false,false,false,false,true,false,true,false,false,false,false,false,false,false,false,-83.23927,42.3502,"{
  ""coordinates"": [
    -8.323926241911140e+01,
    4.235020269744380e+01
  ],
  ""type"": ""Point""
}","{
  ""coordinates"": [
    -83.239262419,
    42.350202697
  ],
  ""type"": ""Point""
}",-83.2392624189999,42.350202697
10371,1384202,SOUTHFIELD SERVICE DRIVE,7 MILE,2018-05-28,28,5,2018,17,2,8,9,,4,0,Asphalt,1,1,1,35,3,2,0,5,0,0,0,0,true,false,false,false,true,false,false,false,false,false,false,false,false,false,false,false,false,false,false,false,false,false,-83.21889,42.43003,"{
  ""coordinates"": [
    -8.321889302190110e+01,
    4.243002741117350e+01
  ],
  ""type"": ""Point""
}","{
  ""coordinates"": [
    -83.218893022,
    42.430027411
  ],
  ""type"": ""Point""
}",-83.218893022,42.430027411
10372,1386001,PIEDMONT,WHITLOCK,2018-05-28,28,5,2018,22,2,5,9,,,0,,1,1,4,25,2,2,3,5,0,0,0,0,true,false,false,false,false,false,false,false,false,false,false,false,false,false,false,false,false,false,false,false,false,false,-83.22797,42.33961,"{
  ""coordinates"": [
    -8.322797241046550e+01,
    4.233961649525490e+01
  ],
  ""type"": ""Point""
}","{
  ""coordinates"": [
    -83.22797241,
    42.339616495
  ],
  ""type"": ""Point""
}",-83.2279724099999,42.339616495
10373,1385069,WAYBURN,WADE,2018-05-28,28,5,2018,22,2,9,9,,,2,,1,1,4,25,1,2,4,4,0,0,0,1,false,false,false,false,false,false,false,false,false,false,false,false,false,false,false,false,false,false,false,false,false,false,-82.95954,42.40891,"{
  ""coordinates"": [
    -8.295954305670890e+01,
    4.240890414873310e+01
  ],
  ""type"": ""Point""
}","{
  ""coordinates"": [
    -82.959543057,
    42.408904149
  ],
  ""type"": ""Point""
}",-82.959543057,42.4089041490001
10374,1384212,OUTER,BARRETT,2018-05-28,28,5,2018,16,2,9,9,,2,2,Asphalt,1,1,1,35,3,2,2,4,0,0,0,1,false,false,false,false,false,false,false,false,false,false,false,false,false,false,false,false,false,false,false,false,false,false,-82.9901,42.4082,"{
  ""coordinates"": [
    -8.299009553235280e+01,
    4.240820117410310e+01
  ],
  ""type"": ""Point""
}","{
  ""coordinates"": [
    -82.990095532,
    42.408201174
  ],
  ""type"": ""Point""
}",-82.9900955319999,42.4082011740001
10375,1397567,8 MILE,N M 39,2018-05-28,28,5,2018,3,2,4,3,,1,0,Concrete,1,1,4,35,3,2,3,3,0,0,1,2,false,false,true,true,false,false,false,false,false,false,false,false,false,false,false,false,false,false,false,false,false,false,-83.21954,42.44418,"{
  ""coordinates"": [
    -8.321953622414890e+01,
    4.244417906112150e+01
  ],
  ""type"": ""Point""
}","{
  ""coordinates"": [
    -83.219536224,
    42.444179061
  ],
  ""type"": ""Point""
}",-83.219536224,42.4441790610001
10376,1384182,S/B STOUT,SEVEN MILE,2018-05-28,28,5,2018,20,2,98,9,,,0,,1,1,2,25,3,2,0,5,0,0,0,0,true,false,false,false,true,false,false,false,false,false,false,false,false,false,false,false,false,false,false,false,false,false,-83.24309,42.4294,"{
  ""coordinates"": [
    -8.324308558110360e+01,
    4.242939762492520e+01
  ],
  ""type"": ""Point""
}","{
  ""coordinates"": [
    -83.243085581,
    42.429397625
  ],
  ""type"": ""Point""
}",-83.2430855809999,42.429397625
10377,1385060,EVERGREEN,ELMIRA,2018-05-28,28,5,2018,9,2,8,9,,4,0,Asphalt,1,1,4,35,4,2,6,4,0,0,0,2,false,false,false,false,false,false,false,false,false,true,false,false,false,false,true,false,false,false,false,false,false,false,-83.23618,42.36941,"{
  ""coordinates"": [
    -8.323618134582360e+01,
    4.236941027890760e+01
  ],
  ""type"": ""Point""
}","{
  ""coordinates"": [
    -83.236181346,
    42.369410279
  ],
  ""type"": ""Point""
}",-83.236181346,42.3694102790001
10378,1423069,GRATIOT,JANE,2018-05-28,28,5,2018,2,2,1,3,,1,0,Asphalt,1,1,4,35,7,2,1,5,0,0,0,0,true,false,false,false,false,false,false,false,false,false,false,false,true,false,false,false,false,false,false,false,false,false,-82.99114,42.41462,"{
  ""coordinates"": [
    -8.299114521754061e+01,
    4.241461798915060e+01
  ],
  ""type"": ""Point""
}","{
  ""coordinates"": [
    -82.991145218,
    42.414617989
  ],
  ""type"": ""Point""
}",-82.991145218,42.4146179890001
10379,1385989,N M 39 SERVICE DRIVE,WARREN,2018-05-28,28,5,2018,17,2,5,9,,4,0,Asphalt,1,1,1,55,4,2,1,4,0,0,0,1,false,false,false,false,false,false,false,false,false,false,false,false,false,false,false,false,false,false,false,false,false,false,-83.21577,42.34407,"{
  ""coordinates"": [
    -8.321577323560609e+01,
    4.234407235106040e+01
  ],
  ""type"": ""Point""
}","{
  ""coordinates"": [
    -83.215773236,
    42.344072351
  ],
  ""type"": ""Point""
}",-83.215773236,42.3440723510001
10380,1384188,VAN DYKE,MILLER,2018-05-28,28,5,2018,2,2,1,3,,1,0,Asphalt,1,1,4,35,5,1,1,3,0,0,1,0,false,false,false,false,false,false,false,false,false,false,true,false,false,false,false,false,false,false,false,false,false,false,-83.02254,42.39065,"{
  ""coordinates"": [
    -8.302253559090310e+01,
    4.239065160866520e+01
  ],
  ""type"": ""Point""
}","{
  ""coordinates"": [
    -83.022535591,
    42.390651609
  ],
  ""type"": ""Point""
}",-83.022535591,42.390651609
10381,1386014,ROGGE,HILDALE,2018-05-28,28,5,2018,20,2,4,9,,,0,,1,1,3,25,2,2,1,5,0,0,0,0,true,false,false,false,true,false,false,false,false,false,false,false,false,false,false,false,false,false,false,false,false,false,-83.02913,42.43046,"{
  ""coordinates"": [
    -8.302912978984520e+01,
    4.243046157974320e+01
  ],
  ""type"": ""Point""
}","{
  ""coordinates"": [
    -83.02912979,
    42.43046158
  ],
  ""type"": ""Point""
}",-83.02912979,42.43046158
10382,1384227,LINWOOD,GRAND,2018-05-28,28,5,2018,11,2,4,9,,4,0,Asphalt,1,1,1,30,3,2,3,5,0,0,0,0,true,false,true,false,true,false,false,false,false,false,false,false,false,false,false,false,false,false,false,false,false,false,-83.12311,42.39462,"{
  ""coordinates"": [
    -8.312310642860990e+01,
    4.239462075362170e+01
  ],
  ""type"": ""Point""
}","{
  ""coordinates"": [
    -83.123106429,
    42.394620754
  ],
  ""type"": ""Point""
}",-83.123106429,42.3946207540001
10383,1383396,SANTA ROSA,SAINT MARTINS,2018-05-27,27,5,2018,13,1,8,9,,,0,,1,1,1,25,4,2,3,5,0,0,0,0,true,false,false,false,true,false,false,false,false,false,false,true,false,true,false,false,false,false,false,false,false,false,-83.14381,42.43643,"{
  ""coordinates"": [
    -8.314380822254910e+01,
    4.243642811636590e+01
  ],
  ""type"": ""Point""
}","{
  ""coordinates"": [
    -83.143808223,
    42.436428116
  ],
  ""type"": ""Point""
}",-83.143808223,42.4364281160001
10384,1384197,SOUTFIELD,GRANDRIVER,2018-05-27,27,5,2018,1,1,5,3,,1,0,Asphalt,1,1,4,35,4,2,2,5,0,0,0,0,true,false,false,false,false,false,false,false,false,false,false,false,false,false,false,false,false,false,false,false,false,false,-83.21825,42.40413,"{
  ""coordinates"": [
    -8.321824388260420e+01,
    4.240413398701480e+01
  ],
  ""type"": ""Point""
}","{
  ""coordinates"": [
    -83.218243883,
    42.404133987
  ],
  ""type"": ""Point""
}",-83.218243883,42.4041339870001
10385,1388381,LAING,CASINO,2018-05-27,27,5,2018,20,1,4,9,,,0,,1,1,4,25,2,2,2,2,0,2,0,0,false,false,false,false,true,false,false,false,false,false,false,false,false,false,false,false,false,false,false,false,false,false,-82.95126,42.42987,"{
  ""coordinates"": [
    -8.295125288189379e+01,
    4.242986560735110e+01
  ],
  ""type"": ""Point""
}","{
  ""coordinates"": [
    -82.951252882,
    42.429865607
  ],
  ""type"": ""Point""
}",-82.9512528819999,42.4298656070001
10386,1383372,JOY,CENTRAL,2018-05-27,27,5,2018,2,1,6,9,,4,0,Asphalt,1,1,1,25,2,2,2,3,0,0,1,0,false,false,false,false,false,false,false,false,false,false,false,false,false,false,false,false,false,false,false,true,false,false,-83.14632,42.35919,"{
  ""coordinates"": [
    -8.314631436712610e+01,
    4.235919084676330e+01
  ],
  ""type"": ""Point""
}","{
  ""coordinates"": [
    -83.146314367,
    42.359190847
  ],
  ""type"": ""Point""
}",-83.1463143669999,42.359190847
10387,1383393,ERBIE,ST CYRIL,2018-05-27,27,5,2018,4,1,5,9,,,0,,1,1,4,25,2,2,0,5,0,0,0,0,true,false,false,false,true,false,false,false,false,false,false,false,false,false,false,false,false,false,false,false,false,false,-83.02692,42.3927,"{
  ""coordinates"": [
    -8.302692607866000e+01,
    4.239270566117020e+01
  ],
  ""type"": ""Point""
}","{
  ""coordinates"": [
    -83.026926079,
    42.392705661
  ],
  ""type"": ""Point""
}",-83.026926079,42.392705661
10388,1387126,JEFFERSON,PHILIP,2018-05-27,27,5,2018,15,1,5,9,,4,0,Asphalt,1,1,1,35,2,2,2,5,0,0,0,0,true,false,false,false,false,false,false,false,false,false,false,false,false,false,false,false,false,false,false,false,false,false,-82.94219,42.37377,"{
  ""coordinates"": [
    -8.294219484630869e+01,
    4.237377275791800e+01
  ],
  ""type"": ""Point""
}","{
  ""coordinates"": [
    -82.942194846,
    42.373772758
  ],
  ""type"": ""Point""
}",-82.9421948459999,42.373772758
10389,1383382,SCHOOLCRAFT,SOUTHFIELD SERVICE DRIVE,2018-05-27,27,5,2018,5,1,1,9,,2,1,Asphalt,1,1,1,30,4,1,1,5,0,0,0,0,true,false,false,false,false,false,false,false,false,false,false,false,false,false,false,false,false,false,false,false,false,false,-83.2179,42.3867,"{
  ""coordinates"": [
    -8.321790630734880e+01,
    4.238670135707440e+01
  ],
  ""type"": ""Point""
}","{
  ""coordinates"": [
    -83.217906307,
    42.386701357
  ],
  ""type"": ""Point""
}",-83.217906307,42.386701357
10390,1387183,FREELAND,SAINT MARTINS,2018-05-27,27,5,2018,15,1,9,9,,,0,,1,1,4,,1,2,0,5,0,0,0,0,true,false,false,false,true,false,false,false,false,false,false,false,false,false,false,false,false,false,false,false,false,false,-83.18665,42.43636,"{
  ""coordinates"": [
    -8.318664540437820e+01,
    4.243636220044770e+01
  ],
  ""type"": ""Point""
}","{
  ""coordinates"": [
    -83.186645404,
    42.4363622
  ],
  ""type"": ""Point""
}",-83.186645404,42.4363622000001
10391,1383391,BINDER,NEVADA,2018-05-27,27,5,2018,5,1,98,9,,,0,,1,1,1,25,1,3,0,5,0,0,0,0,true,false,false,false,true,false,false,false,false,false,false,false,false,true,false,false,false,false,false,false,false,false,-83.0639,42.42629,"{
  ""coordinates"": [
    -8.306389559344660e+01,
    4.242628768726060e+01
  ],
  ""type"": ""Point""
}","{
  ""coordinates"": [
    -83.063895593,
    42.426287687
  ],
  ""type"": ""Point""
}",-83.063895593,42.4262876870001
10392,1384206,JOHN C LODGE,SEVEN MILE RD`,2018-05-27,27,5,2018,23,1,1,3,,1,0,Concrete,1,1,4,55,4,1,2,5,0,0,0,0,true,false,false,false,false,false,false,false,false,false,false,false,false,true,false,false,false,false,false,false,false,false,-83.18693,42.43061,"{
  ""coordinates"": [
    -8.318692650278490e+01,
    4.243061027236700e+01
  ],
  ""type"": ""Point""
}","{
  ""coordinates"": [
    -83.186926503,
    42.430610272
  ],
  ""type"": ""Point""
}",-83.1869265029999,42.4306102720001
10393,1384203,HESSEL,FAUST,2018-05-27,27,5,2018,21,1,8,9,,,0,,1,1,2,25,2,2,0,5,0,0,0,0,true,false,false,false,true,false,false,false,false,false,false,true,false,false,false,false,false,false,false,false,false,false,-83.22469,42.44249,"{
  ""coordinates"": [
    -8.322468405890440e+01,
    4.244248467017910e+01
  ],
  ""type"": ""Point""
}","{
  ""coordinates"": [
    -83.224684059,
    42.44248467
  ],
  ""type"": ""Point""
}",-83.224684059,42.4424846700001
10394,1384223,8 MILE,GROESBECK,2018-05-27,27,5,2018,15,1,5,3,,1,0,Asphalt,1,1,1,40,7,2,3,3,0,0,2,0,false,false,false,false,false,false,false,false,false,false,false,false,false,false,false,false,false,false,false,false,false,false,-83.00266,42.4489,"{
  ""coordinates"": [
    -8.300265950000200e+01,
    4.244890147165900e+01
  ],
  ""type"": ""Point""
}","{
  ""coordinates"": [
    -83.0026595,
    42.448901472
  ],
  ""type"": ""Point""
}",-83.0026594999999,42.448901472
10395,1384205,LAHSER,THATCHER,2018-05-27,27,5,2018,19,1,97,9,,2,0,Asphalt,1,1,1,35,2,3,2,2,0,1,0,0,false,false,false,false,false,false,false,false,false,false,false,true,true,false,false,false,false,false,false,false,false,false,-83.25803,42.42054,"{
  ""coordinates"": [
    -8.325803296940261e+01,
    4.242053434976350e+01
  ],
  ""type"": ""Point""
}","{
  ""coordinates"": [
    -83.258032969,
    42.42053435
  ],
  ""type"": ""Point""
}",-83.2580329689999,42.42053435
10396,1387125,I-94,GRATIOT,2018-05-27,27,5,2018,4,1,5,1,,1,0,Asphalt,1,1,4,55,3,2,1,5,0,0,0,0,true,false,false,false,true,false,false,false,false,false,false,false,false,false,false,false,false,false,false,false,false,false,-83.00642,42.39071,"{
  ""coordinates"": [
    -8.300641954402670e+01,
    4.239070761471450e+01
  ],
  ""type"": ""Point""
}","{
  ""coordinates"": [
    -83.006419544,
    42.390707615
  ],
  ""type"": ""Point""
}",-83.006419544,42.3907076150001
10397,1388450,APPOLINE,CLARITA,2018-05-27,27,5,2018,13,1,97,9,,,0,,1,1,1,30,2,2,1,3,0,0,1,0,false,false,false,false,false,false,false,false,false,false,false,false,false,false,false,false,false,false,false,true,false,false,-83.17181,42.42942,"{
  ""coordinates"": [
    -8.317180331379470e+01,
    4.242942259925470e+01
  ],
  ""type"": ""Point""
}","{
  ""coordinates"": [
    -83.171803314,
    42.429422599
  ],
  ""type"": ""Point""
}",-83.171803314,42.4294225990001
10398,1383397,GREENFIELD,7 MILE,2018-05-27,27,5,2018,21,1,4,9,,2,0,Asphalt,1,1,4,35,5,2,2,5,0,0,0,0,true,false,true,true,false,false,false,false,false,false,false,false,false,false,false,false,false,false,false,false,false,false,-83.19987,42.4305,"{
  ""coordinates"": [
    -8.319987670356809e+01,
    4.243049467577630e+01
  ],
  ""type"": ""Point""
}","{
  ""coordinates"": [
    -83.199876704,
    42.430494676
  ],
  ""type"": ""Point""
}",-83.199876704,42.4304946760001
10399,1384222,GRATIOT,WILFRED,2018-05-27,27,5,2018,0,1,1,3,,1,1,Asphalt,1,1,4,35,4,1,1,5,0,0,0,0,true,false,false,false,false,false,false,false,false,false,false,false,false,false,false,false,false,false,false,false,false,false,-82.99323,42.41144,"{
  ""coordinates"": [
    -8.299322944039081e+01,
    4.241143859938040e+01
  ],
  ""type"": ""Point""
}","{
  ""coordinates"": [
    -82.99322944,
    42.411438599
  ],
  ""type"": ""Point""
}",-82.9932294399999,42.4114385990001
10400,1384217,MACCRARY,SARATOGA,2018-05-27,27,5,2018,18,1,4,9,,,0,,1,1,1,25,1,2,1,4,0,0,0,1,false,false,false,false,true,false,false,false,false,false,false,false,false,false,false,false,false,false,false,false,false,false,-82.97032,42.43298,"{
  ""coordinates"": [
    -8.297032294398980e+01,
    4.243297667770360e+01
  ],
  ""type"": ""Point""
}","{
  ""coordinates"": [
    -82.970322944,
    42.432976678
  ],
  ""type"": ""Point""
}",-82.970322944,42.432976678
10401,1383379,N I 75 SERVICE DRIVE,CASS,2018-05-27,27,5,2018,18,1,8,9,,4,0,Asphalt,1,1,1,,2,2,3,5,0,0,0,0,true,false,false,false,false,false,false,false,false,false,false,false,false,false,false,false,false,false,false,false,false,false,-83.05637,42.33793,"{
  ""coordinates"": [
    -8.305637536978320e+01,
    4.233793345188500e+01
  ],
  ""type"": ""Point""
}","{
  ""coordinates"": [
    -83.05637537,
    42.337933452
  ],
  ""type"": ""Point""
}",-83.05637537,42.3379334520001