ObjectId,Crash ID,Primary Road,Intersecting Road,Crash Date,Day,Month,Year,Hour,Weekday,Crash Type Code,Highway Classification Code,Community Code,Jurisdiction Code,Lane Departure Type Code,Surface Type,Road Condition,Weather Condition,Lighting Condition,Speed Limit,Lanes,Units,Occupants,Most Severe Injury,Fatal Injuries,Suspected Serious Injuries,Suspected Minor Injuries,Possible Injuries,Property Damage Only,Secondary Crash,Traffic Control,Red Light Run,Hit and Run,Alcohol,Drugs,Unbelted Person,Work Zone,Speeding Driver,Distracted Driver,Driveway,Pedestrian,Elderly Driver,Young Driver,Commercial Vehicle,Emergency Vehicles,Train,School Bus,Motorcycle,Bicycle,Deer,Longitude,Latitude,geom,geog,x,y
10402,1396724,M-10,JEFFERSON,2018-05-27,27,5,2018,19,1,1,3,,1,1,Asphalt,1,1,1,55,2,1,3,4,0,0,0,3,false,false,false,false,false,false,false,true,false,true,true,false,false,false,true,false,false,false,false,false,false,false,-83.04405,42.32868,"{
  ""coordinates"": [
    -8.304405402542920e+01,
    4.232868005743640e+01
  ],
  ""type"": ""Point""
}","{
  ""coordinates"": [
    -83.044054025,
    42.328680057
  ],
  ""type"": ""Point""
}",-83.044054025,42.328680057
10403,1393258,TIREMAN,PARKLAND,2018-05-27,27,5,2018,21,1,4,9,,5,0,Asphalt,98,98,98,25,2,2,2,4,0,0,0,1,false,false,false,false,true,false,false,false,false,false,false,false,false,false,false,false,false,false,false,false,false,false,-83.25626,42.3494,"{
  ""coordinates"": [
    -8.325625431918540e+01,
    4.234939883200050e+01
  ],
  ""type"": ""Point""
}","{
  ""coordinates"": [
    -83.256254319,
    42.349398832
  ],
  ""type"": ""Point""
}",-83.2562543189999,42.3493988320001
10404,1383398,MONICA,SAINT MARTINS,2018-05-27,27,5,2018,12,1,4,9,,,0,,1,1,1,25,2,2,1,5,0,0,0,0,true,false,false,false,false,false,false,false,false,false,false,false,false,false,false,false,false,false,false,false,false,false,-83.1449,42.43833,"{
  ""coordinates"": [
    -8.314490075594620e+01,
    4.243832836096300e+01
  ],
  ""type"": ""Point""
}","{
  ""coordinates"": [
    -83.144900756,
    42.438328361
  ],
  ""type"": ""Point""
}",-83.144900756,42.4383283610001
10405,1383373,SCHAEFER,GRAND RIVER,2018-05-27,27,5,2018,23,1,5,3,,4,0,Asphalt,1,1,4,30,5,2,1,3,0,0,1,0,false,false,false,false,false,false,false,false,false,false,true,false,false,false,false,false,false,false,false,true,false,false,-83.17842,42.38474,"{
  ""coordinates"": [
    -8.317841730703449e+01,
    4.238474285102640e+01
  ],
  ""type"": ""Point""
}","{
  ""coordinates"": [
    -83.178417307,
    42.384742851
  ],
  ""type"": ""Point""
}",-83.178417307,42.3847428510001
10406,1385052,JEFFERSON,BEAUBIEN,2018-05-27,27,5,2018,0,1,5,4,,1,0,Asphalt,1,1,5,35,4,2,1,5,0,0,0,0,true,false,false,false,true,false,false,false,false,false,false,false,false,false,false,false,false,false,false,false,false,false,-83.03999,42.33081,"{
  ""coordinates"": [
    -8.303998409111860e+01,
    4.233080867437730e+01
  ],
  ""type"": ""Point""
}","{
  ""coordinates"": [
    -83.039984091,
    42.330808674
  ],
  ""type"": ""Point""
}",-83.039984091,42.330808674
10407,1428814,7 MILE,HUNTINGTON,2018-05-27,27,5,2018,11,1,4,9,,2,0,Asphalt,1,1,1,,2,2,2,5,0,0,0,0,true,false,false,false,false,false,false,false,false,false,false,false,false,false,false,false,false,false,false,false,false,false,-83.23362,42.42971,"{
  ""coordinates"": [
    -8.323362250278650e+01,
    4.242971514969280e+01
  ],
  ""type"": ""Point""
}","{
  ""coordinates"": [
    -83.233622503,
    42.42971515
  ],
  ""type"": ""Point""
}",-83.2336225029999,42.42971515
10408,1382717,GREENFIELD,FENKELL,2018-05-27,27,5,2018,0,1,97,9,,2,0,Asphalt,1,1,4,35,2,2,3,4,0,0,0,1,false,false,false,false,false,false,false,false,false,false,false,false,false,false,false,false,false,false,false,false,false,false,-83.19868,42.40131,"{
  ""coordinates"": [
    -8.319868474913790e+01,
    4.240130607940780e+01
  ],
  ""type"": ""Point""
}","{
  ""coordinates"": [
    -83.198684749,
    42.401306079
  ],
  ""type"": ""Point""
}",-83.1986847489999,42.4013060790001
10409,1383374,PLYMOUTH,COYLE,2018-05-27,27,5,2018,21,1,4,9,,4,0,Asphalt,1,1,3,30,4,2,3,5,0,0,0,0,true,false,false,false,true,false,false,false,false,false,false,false,false,true,true,false,false,false,false,false,false,false,-83.19301,42.37269,"{
  ""coordinates"": [
    -8.319300802206951e+01,
    4.237268657660900e+01
  ],
  ""type"": ""Point""
}","{
  ""coordinates"": [
    -83.193008022,
    42.372686577
  ],
  ""type"": ""Point""
}",-83.193008022,42.372686577
10410,1428886,WESTWOOD,SCHOOLCRAFT,2018-05-27,27,5,2018,18,1,8,9,,,0,,1,1,1,25,2,2,1,5,0,0,0,0,true,false,false,false,true,false,false,false,false,false,false,false,false,false,false,false,false,false,false,false,false,false,-83.23211,42.3891,"{
  ""coordinates"": [
    -8.323211110155511e+01,
    4.238909998507710e+01
  ],
  ""type"": ""Point""
}","{
  ""coordinates"": [
    -83.232111102,
    42.389099985
  ],
  ""type"": ""Point""
}",-83.232111102,42.389099985
10411,1428849,LONGACRE,DAVISON,2018-05-27,27,5,2018,14,1,4,9,,,0,,1,1,1,25,2,2,5,5,0,0,0,0,true,false,false,false,false,false,false,false,false,false,false,false,false,false,true,false,false,false,false,false,false,false,-83.21494,42.38449,"{
  ""coordinates"": [
    -8.321493721334430e+01,
    4.238448716695980e+01
  ],
  ""type"": ""Point""
}","{
  ""coordinates"": [
    -83.214937213,
    42.384487167
  ],
  ""type"": ""Point""
}",-83.214937213,42.384487167
10412,1403897,I 94 E/B,VAN DYKE,2018-05-27,27,5,2018,6,1,5,1,,1,0,Asphalt,1,1,1,55,3,2,2,5,0,0,0,0,true,false,false,false,false,false,false,false,false,false,false,false,false,false,false,false,false,false,false,false,false,false,-83.02924,42.38375,"{
  ""coordinates"": [
    -8.302924260422600e+01,
    4.238374719490740e+01
  ],
  ""type"": ""Point""
}","{
  ""coordinates"": [
    -83.029242604,
    42.383747195
  ],
  ""type"": ""Point""
}",-83.029242604,42.3837471950001
10413,1406811,PURITAN,ARDMORE,2018-05-27,27,5,2018,23,1,6,9,,4,0,Asphalt,1,1,1,,2,2,5,5,0,0,0,0,true,false,false,false,true,false,false,false,false,false,false,false,false,false,false,false,false,false,false,false,false,false,-83.18484,42.40919,"{
  ""coordinates"": [
    -8.318484557896150e+01,
    4.240919534098390e+01
  ],
  ""type"": ""Point""
}","{
  ""coordinates"": [
    -83.184845579,
    42.409195341
  ],
  ""type"": ""Point""
}",-83.184845579,42.409195341
10414,1383376,MCNICHOLS,LINDSAY,2018-05-27,27,5,2018,17,1,8,9,,2,0,Asphalt,1,1,1,40,4,2,4,5,0,0,0,0,true,false,false,false,true,false,false,false,false,false,false,false,false,false,false,false,false,false,false,false,false,false,-83.21323,42.41567,"{
  ""coordinates"": [
    -8.321322821041760e+01,
    4.241566943892570e+01
  ],
  ""type"": ""Point""
}","{
  ""coordinates"": [
    -83.21322821,
    42.415669439
  ],
  ""type"": ""Point""
}",-83.21322821,42.4156694390001
10415,1398769,TIREMAN,SCHAEFER,2018-05-27,27,5,2018,14,1,8,9,,2,0,Asphalt,1,1,1,25,4,2,1,5,0,0,0,0,true,false,false,false,true,false,false,false,false,false,false,false,false,false,false,false,false,false,false,false,false,false,-83.17792,42.35127,"{
  ""coordinates"": [
    -8.317791762486820e+01,
    4.235126826251600e+01
  ],
  ""type"": ""Point""
}","{
  ""coordinates"": [
    -83.177917625,
    42.351268263
  ],
  ""type"": ""Point""
}",-83.177917625,42.3512682630001
10416,1384211,MORANG,NOTTINGHAM,2018-05-27,27,5,2018,1,1,97,9,,4,0,Asphalt,1,1,4,30,2,3,4,5,0,0,0,0,true,false,false,false,true,false,false,false,false,false,false,false,false,false,false,false,false,false,false,false,false,false,-82.94481,42.424,"{
  ""coordinates"": [
    -8.294480906376980e+01,
    4.242399894672960e+01
  ],
  ""type"": ""Point""
}","{
  ""coordinates"": [
    -82.944809064,
    42.423998947
  ],
  ""type"": ""Point""
}",-82.944809064,42.423998947
10417,1385984,FISHER SER,CASS,2018-05-27,27,5,2018,18,1,8,9,,4,0,Asphalt,1,1,4,35,2,2,3,5,0,0,0,0,true,false,false,false,false,false,false,false,false,false,false,false,false,false,false,false,false,false,false,false,false,false,-83.05668,42.33847,"{
  ""coordinates"": [
    -8.305667892204310e+01,
    4.233847066111990e+01
  ],
  ""type"": ""Point""
}","{
  ""coordinates"": [
    -83.056678922,
    42.338470661
  ],
  ""type"": ""Point""
}",-83.0566789219999,42.338470661
10418,1384231,RIOPELLE,FRANKLIN,2018-05-27,27,5,2018,19,1,5,9,,5,0,Asphalt,1,1,1,,2,2,3,5,0,0,0,0,true,false,false,false,false,false,false,false,false,false,true,false,false,false,false,false,false,false,false,false,false,false,-83.02991,42.33344,"{
  ""coordinates"": [
    -8.302991544139010e+01,
    4.233343751011060e+01
  ],
  ""type"": ""Point""
}","{
  ""coordinates"": [
    -83.029915441,
    42.33343751
  ],
  ""type"": ""Point""
}",-83.029915441,42.3334375100001
10419,1383394,RAMP 050H,STATE FAIR,2018-05-27,27,5,2018,16,1,1,1,,1,0,Asphalt,1,1,1,30,2,2,1,5,0,0,0,0,true,false,true,true,true,false,false,false,false,false,false,false,false,false,false,false,false,false,false,false,true,false,-83.09528,42.43976,"{
  ""coordinates"": [
    -8.309527485361509e+01,
    4.243976232829670e+01
  ],
  ""type"": ""Point""
}","{
  ""coordinates"": [
    -83.095274854,
    42.439762328
  ],
  ""type"": ""Point""
}",-83.095274854,42.439762328
10420,1383386,CURTIS,WHITCOMB,2018-05-27,27,5,2018,17,1,5,9,,,0,,1,1,1,25,1,2,2,5,0,0,0,0,true,false,false,false,true,false,false,false,false,false,false,false,false,false,false,false,false,false,false,false,false,false,-83.19733,42.42323,"{
  ""coordinates"": [
    -8.319732889634720e+01,
    4.242322545723990e+01
  ],
  ""type"": ""Point""
}","{
  ""coordinates"": [
    -83.197328896,
    42.423225457
  ],
  ""type"": ""Point""
}",-83.197328896,42.4232254570001
10421,1392374,FENMORE,MCNICHOLS,2018-05-27,27,5,2018,17,1,5,9,,,0,,1,1,1,,3,2,3,5,0,0,0,0,true,false,false,false,false,false,false,false,false,true,false,false,false,false,false,false,false,false,false,false,false,false,-83.21776,42.41556,"{
  ""coordinates"": [
    -8.321775802590081e+01,
    4.241555875517070e+01
  ],
  ""type"": ""Point""
}","{
  ""coordinates"": [
    -83.217758026,
    42.415558755
  ],
  ""type"": ""Point""
}",-83.217758026,42.4155587550001
10422,1471153,CORTLAND,HOLMUR,2018-05-27,27,5,2018,21,1,97,9,,,0,,1,1,4,,3,2,2,5,0,0,0,0,true,false,false,false,true,false,false,false,false,false,false,false,false,false,false,false,false,false,false,false,false,false,-83.12983,42.38237,"{
  ""coordinates"": [
    -8.312982890272870e+01,
    4.238237523300610e+01
  ],
  ""type"": ""Point""
}","{
  ""coordinates"": [
    -83.129828903,
    42.382375233
  ],
  ""type"": ""Point""
}",-83.129828903,42.3823752330001
10423,1405601,GRAND RIVER,I75,2018-05-27,27,5,2018,20,1,8,3,,1,0,Concrete,1,1,1,30,2,2,3,5,0,0,0,0,true,false,false,false,false,false,false,false,false,false,false,false,false,false,false,false,false,false,false,false,false,false,-83.05922,42.33652,"{
  ""coordinates"": [
    -8.305921643471810e+01,
    4.233652166701170e+01
  ],
  ""type"": ""Point""
}","{
  ""coordinates"": [
    -83.059216435,
    42.336521667
  ],
  ""type"": ""Point""
}",-83.0592164349999,42.3365216670001
10424,1387127,LENOX,KORTE,2018-05-27,27,5,2018,18,1,8,9,,5,0,Asphalt,1,1,1,25,2,2,1,4,0,0,0,1,false,false,false,false,false,false,false,false,false,false,false,true,false,false,false,false,false,false,false,false,false,false,-82.94508,42.36085,"{
  ""coordinates"": [
    -8.294508260953350e+01,
    4.236084713601290e+01
  ],
  ""type"": ""Point""
}","{
  ""coordinates"": [
    -82.94508261,
    42.360847136
  ],
  ""type"": ""Point""
}",-82.94508261,42.3608471360001
10425,1385063,GRAND RIVER,EVERGREEN,2018-05-27,27,5,2018,12,1,1,3,,1,0,Asphalt,1,1,1,35,5,2,1,5,0,0,0,0,true,false,false,false,false,false,false,false,false,false,false,false,true,false,false,false,false,false,false,false,false,false,-83.23774,42.40852,"{
  ""coordinates"": [
    -8.323774263300120e+01,
    4.240852069605470e+01
  ],
  ""type"": ""Point""
}","{
  ""coordinates"": [
    -83.237742633,
    42.408520696
  ],
  ""type"": ""Point""
}",-83.237742633,42.408520696
10426,1387130,HARPER,AUDUBON,2018-05-27,27,5,2018,0,1,5,9,,4,0,Asphalt,1,1,4,30,2,2,2,3,0,0,2,0,false,false,false,false,true,false,false,false,false,false,false,false,false,false,false,false,false,false,false,false,false,false,-82.94341,42.41168,"{
  ""coordinates"": [
    -8.294340697929120e+01,
    4.241168025132100e+01
  ],
  ""type"": ""Point""
}","{
  ""coordinates"": [
    -82.943406979,
    42.411680251
  ],
  ""type"": ""Point""
}",-82.943406979,42.4116802510001
10427,1387118,JEFFERSON,AMBASSADOR,2018-05-27,27,5,2018,18,1,5,9,,,0,,1,1,1,30,2,2,4,5,0,0,0,0,true,false,false,false,false,false,false,false,false,false,false,false,false,false,false,false,false,false,false,false,false,false,-83.07722,42.31644,"{
  ""coordinates"": [
    -8.307722130228970e+01,
    4.231643967073240e+01
  ],
  ""type"": ""Point""
}","{
  ""coordinates"": [
    -83.077221302,
    42.316439671
  ],
  ""type"": ""Point""
}",-83.0772213019999,42.3164396710001
10428,1385046,M-10,LARNED,2018-05-27,27,5,2018,5,1,1,3,,1,1,Concrete,1,1,3,55,1,1,1,3,0,0,1,0,false,false,false,false,false,true,false,false,false,true,false,false,false,false,false,false,false,false,false,false,false,false,-83.05171,42.32766,"{
  ""coordinates"": [
    -8.305171556025080e+01,
    4.232766451825840e+01
  ],
  ""type"": ""Point""
}","{
  ""coordinates"": [
    -83.05171556,
    42.327664518
  ],
  ""type"": ""Point""
}",-83.0517155599999,42.3276645180001
10429,1384204,GREENFIELD,7 MILE,2018-05-27,27,5,2018,17,1,4,9,,2,0,Asphalt,1,1,1,35,4,2,3,4,0,0,0,1,false,false,false,false,false,false,false,false,false,false,false,false,false,true,false,false,false,false,false,false,false,false,-83.19987,42.43038,"{
  ""coordinates"": [
    -8.319987201314210e+01,
    4.243037878732040e+01
  ],
  ""type"": ""Point""
}","{
  ""coordinates"": [
    -83.199872013,
    42.430378787
  ],
  ""type"": ""Point""
}",-83.1998720129999,42.4303787870001
10430,1389487,I-94,GRATIOT,2018-05-27,27,5,2018,6,1,1,1,,1,1,Asphalt,1,1,1,55,3,1,1,5,0,0,0,0,true,true,false,false,false,false,false,false,false,false,false,false,false,false,false,false,false,false,false,false,false,false,-83.00456,42.39172,"{
  ""coordinates"": [
    -8.300456208013570e+01,
    4.239171947667980e+01
  ],
  ""type"": ""Point""
}","{
  ""coordinates"": [
    -83.00456208,
    42.391719477
  ],
  ""type"": ""Point""
}",-83.00456208,42.391719477
10431,1397517,I-94,DICKERSON,2018-05-27,27,5,2018,4,1,1,1,,1,1,Asphalt,1,1,4,55,3,2,0,3,0,0,1,0,false,false,false,false,true,false,false,false,false,false,false,false,true,false,false,false,false,false,false,false,false,false,-82.973,42.40147,"{
  ""coordinates"": [
    -8.297300052258120e+01,
    4.240147294334270e+01
  ],
  ""type"": ""Point""
}","{
  ""coordinates"": [
    -82.973000523,
    42.401472943
  ],
  ""type"": ""Point""
}",-82.9730005229999,42.401472943
10432,1384209,KENNEBEC,CONNER,2018-05-27,27,5,2018,4,1,98,9,,,0,,1,1,4,25,2,2,0,5,0,0,0,0,true,false,false,false,true,false,false,false,false,true,false,false,false,false,false,false,false,false,false,false,false,false,-83.01066,42.41654,"{
  ""coordinates"": [
    -8.301065869117841e+01,
    4.241654223556740e+01
  ],
  ""type"": ""Point""
}","{
  ""coordinates"": [
    -83.010658691,
    42.416542236
  ],
  ""type"": ""Point""
}",-83.0106586909999,42.4165422360001
10433,1388369,JOHNKRONK,CENTRAL,2018-05-27,27,5,2018,2,1,4,9,,4,0,Asphalt,1,1,4,,3,2,2,5,0,0,0,0,true,false,true,true,false,false,false,false,false,false,false,false,false,false,true,false,false,false,false,false,false,false,-83.13183,42.32273,"{
  ""coordinates"": [
    -8.313182727454750e+01,
    4.232273321748410e+01
  ],
  ""type"": ""Point""
}","{
  ""coordinates"": [
    -83.131827275,
    42.322733217
  ],
  ""type"": ""Point""
}",-83.131827275,42.3227332170001
10434,1383388,SCHOENHERR,7 MILE,2018-05-27,27,5,2018,14,1,1,9,,4,0,Asphalt,1,1,1,30,2,1,0,5,0,0,0,0,true,false,false,false,true,false,false,false,false,false,false,false,false,false,false,false,false,false,false,false,false,false,-82.98512,42.43492,"{
  ""coordinates"": [
    -8.298512519275640e+01,
    4.243491703816040e+01
  ],
  ""type"": ""Point""
}","{
  ""coordinates"": [
    -82.985125193,
    42.434917038
  ],
  ""type"": ""Point""
}",-82.985125193,42.434917038
10435,1383381,LARNED,SHELBY,2018-05-27,27,5,2018,16,1,8,9,,4,0,Asphalt,1,1,1,30,4,2,5,5,0,0,0,0,true,false,false,false,false,false,false,false,false,false,false,false,false,false,true,false,false,false,false,false,false,false,-83.04748,42.32846,"{
  ""coordinates"": [
    -8.304747601453570e+01,
    4.232846396338270e+01
  ],
  ""type"": ""Point""
}","{
  ""coordinates"": [
    -83.047476015,
    42.328463963
  ],
  ""type"": ""Point""
}",-83.047476015,42.328463963
10436,1408881,CHALMERS,FRANKFORT,2018-05-27,27,5,2018,22,1,3,9,,4,0,Asphalt,1,1,5,,2,2,8,3,0,0,2,5,false,false,false,false,false,false,false,true,false,false,false,false,false,false,false,false,false,false,false,false,false,false,-82.95988,42.39706,"{
  ""coordinates"": [
    -8.295987708575070e+01,
    4.239706092114740e+01
  ],
  ""type"": ""Point""
}","{
  ""coordinates"": [
    -82.959877086,
    42.397060921
  ],
  ""type"": ""Point""
}",-82.9598770859999,42.397060921
10437,1384221,HAYES,SARATOGA,2018-05-27,27,5,2018,4,1,1,9,,4,1,Asphalt,1,1,4,35,4,1,2,4,0,0,0,1,false,false,false,false,false,false,false,false,false,false,false,false,false,true,false,false,false,false,false,false,false,false,-82.96543,42.43309,"{
  ""coordinates"": [
    -8.296543502191091e+01,
    4.243309469975590e+01
  ],
  ""type"": ""Point""
}","{
  ""coordinates"": [
    -82.965435022,
    42.4330947
  ],
  ""type"": ""Point""
}",-82.965435022,42.4330947
10438,1389467,RAMP 216F,I-94,2018-05-27,27,5,2018,10,1,1,1,,1,1,Concrete,1,1,1,25,1,1,1,5,0,0,0,0,true,false,false,false,false,false,false,false,false,true,false,false,false,false,false,false,false,false,false,true,false,false,-83.05884,42.36828,"{
  ""coordinates"": [
    -8.305883587589290e+01,
    4.236827869766400e+01
  ],
  ""type"": ""Point""
}","{
  ""coordinates"": [
    -83.058835876,
    42.368278698
  ],
  ""type"": ""Point""
}",-83.058835876,42.368278698
10439,1391439,I-94,FRENCH,2018-05-27,27,5,2018,5,1,98,1,,1,0,Asphalt,1,1,2,55,3,6,6,5,0,0,0,0,true,false,false,false,false,false,false,false,false,false,false,false,false,false,false,false,false,false,false,false,false,false,-82.99622,42.39221,"{
  ""coordinates"": [
    -8.299622688281210e+01,
    4.239221092946500e+01
  ],
  ""type"": ""Point""
}","{
  ""coordinates"": [
    -82.996226883,
    42.392210929
  ],
  ""type"": ""Point""
}",-82.996226883,42.392210929
10440,1467790,PIERSON,7 MILE,2018-09-07,7,9,2018,11,6,4,9,,,0,,1,1,1,35,4,2,2,4,0,0,0,2,false,false,false,false,false,false,false,false,false,false,false,false,false,true,false,false,false,false,false,false,false,false,-83.24736,42.42941,"{
  ""coordinates"": [
    -8.324735799148570e+01,
    4.242940875923610e+01
  ],
  ""type"": ""Point""
}","{
  ""coordinates"": [
    -83.247357991,
    42.429408759
  ],
  ""type"": ""Point""
}",-83.2473579909999,42.4294087590001
10441,1467828,NORTHWESTERN,GRAND RIVER,2018-09-07,7,9,2018,6,6,1,3,,1,0,Asphalt,1,1,2,25,1,2,2,4,0,0,0,1,false,false,false,false,false,false,false,false,false,false,false,false,false,false,false,false,false,false,false,false,true,false,-83.06423,42.33537,"{
  ""coordinates"": [
    -8.306423322243430e+01,
    4.233537030437260e+01
  ],
  ""type"": ""Point""
}","{
  ""coordinates"": [
    -83.064233222,
    42.335370304
  ],
  ""type"": ""Point""
}",-83.064233222,42.335370304
10442,1467777,GRATIOT,RUSSELL,2018-09-07,7,9,2018,12,6,1,3,,1,1,Asphalt,1,1,1,,1,2,3,4,0,0,0,1,false,false,false,false,false,false,false,true,false,false,false,false,false,true,false,false,false,false,false,false,true,false,-83.03867,42.34363,"{
  ""coordinates"": [
    -8.303867427231400e+01,
    4.234362783946550e+01
  ],
  ""type"": ""Point""
}","{
  ""coordinates"": [
    -83.038674272,
    42.343627839
  ],
  ""type"": ""Point""
}",-83.038674272,42.3436278390001
10443,1467765,KERCHEVAL,PHILLIP,2018-09-07,7,9,2018,12,6,97,9,,4,0,Asphalt,1,1,1,30,4,2,2,5,0,0,0,0,true,false,false,false,false,false,false,false,false,false,false,false,false,true,true,false,false,false,false,false,false,false,-82.94595,42.37946,"{
  ""coordinates"": [
    -8.294594488477770e+01,
    4.237945520493220e+01
  ],
  ""type"": ""Point""
}","{
  ""coordinates"": [
    -82.945944885,
    42.379455205
  ],
  ""type"": ""Point""
}",-82.945944885,42.3794552050001
10444,1467793,FENKELL,LINDSAY,2018-09-07,7,9,2018,17,6,4,9,,2,0,Asphalt,1,1,3,35,2,2,2,3,0,0,1,1,false,false,true,false,true,false,false,false,false,false,false,false,false,false,false,false,false,false,false,false,false,false,-83.21268,42.40121,"{
  ""coordinates"": [
    -8.321268566685370e+01,
    4.240120999225200e+01
  ],
  ""type"": ""Point""
}","{
  ""coordinates"": [
    -83.212685667,
    42.401209992
  ],
  ""type"": ""Point""
}",-83.212685667,42.4012099920001
10445,1467862,PURITAN,LAUDER,2018-09-07,7,9,2018,18,6,8,9,,4,0,Asphalt,1,1,1,30,2,2,2,5,0,0,0,0,true,false,false,false,false,false,false,false,false,false,false,false,false,true,false,false,false,false,false,false,false,false,-83.19171,42.40897,"{
  ""coordinates"": [
    -8.319171308039500e+01,
    4.240897549108500e+01
  ],
  ""type"": ""Point""
}","{
  ""coordinates"": [
    -83.19171308,
    42.408975491
  ],
  ""type"": ""Point""
}",-83.1917130799999,42.408975491
10446,1481249,W I 96 CD,RAMP 138D,2018-09-07,7,9,2018,9,6,5,1,,1,0,Asphalt,1,1,1,70,3,2,4,5,0,0,0,0,true,false,false,false,false,true,false,false,false,false,false,false,false,false,false,false,false,false,false,false,false,false,-83.16291,42.38563,"{
  ""coordinates"": [
    -8.316290723208780e+01,
    4.238562902513530e+01
  ],
  ""type"": ""Point""
}","{
  ""coordinates"": [
    -83.162907232,
    42.385629025
  ],
  ""type"": ""Point""
}",-83.162907232,42.3856290250001
10447,1471134,SYLVESTER,MAXWELL,2018-09-07,7,9,2018,15,6,1,9,,,0,,1,1,1,25,2,2,2,4,0,0,0,1,false,false,false,false,false,false,false,false,false,false,false,false,false,false,true,false,false,false,false,false,true,false,-83.00609,42.37044,"{
  ""coordinates"": [
    -8.300609078642491e+01,
    4.237043892349980e+01
  ],
  ""type"": ""Point""
}","{
  ""coordinates"": [
    -83.006090786,
    42.370438923
  ],
  ""type"": ""Point""
}",-83.006090786,42.3704389230001
10448,1467748,MCNICHOLS,CHEYENNE,2018-09-07,7,9,2018,19,6,8,9,,2,0,Asphalt,1,1,1,30,2,3,2,2,0,1,0,0,false,false,false,false,false,false,false,false,false,false,false,false,false,false,false,false,false,false,false,true,false,false,-83.17548,42.41662,"{
  ""coordinates"": [
    -8.317548033668299e+01,
    4.241661958734910e+01
  ],
  ""type"": ""Point""
}","{
  ""coordinates"": [
    -83.175480337,
    42.416619587
  ],
  ""type"": ""Point""
}",-83.175480337,42.4166195870001
10449,1469989,15TH,PERRY,2018-09-07,7,9,2018,21,6,4,9,,,0,,1,1,5,30,2,2,1,5,0,0,0,0,true,false,false,false,true,false,false,false,false,false,false,false,false,false,false,false,false,false,false,false,false,false,-83.0795,42.33422,"{
  ""coordinates"": [
    -8.307950179730710e+01,
    4.233421687281490e+01
  ],
  ""type"": ""Point""
}","{
  ""coordinates"": [
    -83.079501797,
    42.334216873
  ],
  ""type"": ""Point""
}",-83.079501797,42.3342168730001
10450,1467743,I-75,SCHAEFER,2018-09-07,7,9,2018,21,6,1,1,,1,0,Concrete,1,2,4,55,3,1,1,5,0,0,0,0,true,true,false,false,false,false,false,false,true,false,false,false,false,false,false,true,false,false,false,false,false,false,-83.14139,42.286,"{
  ""coordinates"": [
    -8.314139109807350e+01,
    4.228599814024000e+01
  ],
  ""type"": ""Point""
}","{
  ""coordinates"": [
    -83.141391098,
    42.28599814
  ],
  ""type"": ""Point""
}",-83.141391098,42.2859981400001
10451,1475347,S M 39,MCNICHOLS,2018-09-07,7,9,2018,14,6,97,3,,1,0,Concrete,1,2,1,55,3,7,6,4,0,0,0,1,false,false,false,false,false,false,false,false,false,false,false,false,false,false,true,true,false,false,false,true,false,false,-83.21889,42.41525,"{
  ""coordinates"": [
    -8.321889457902969e+01,
    4.241525182276650e+01
  ],
  ""type"": ""Point""
}","{
  ""coordinates"": [
    -83.218894579,
    42.415251823
  ],
  ""type"": ""Point""
}",-83.2188945789999,42.4152518230001
10452,1469923,I-94,BRUSH,2018-09-07,7,9,2018,22,6,5,1,,1,0,Asphalt,1,1,5,55,3,2,2,5,0,0,0,0,true,false,false,false,false,false,false,false,false,false,true,false,false,false,false,false,false,false,false,false,false,false,-83.06488,42.36565,"{
  ""coordinates"": [
    -8.306487779959430e+01,
    4.236564888047490e+01
  ],
  ""type"": ""Point""
}","{
  ""coordinates"": [
    -83.0648778,
    42.36564888
  ],
  ""type"": ""Point""
}",-83.0648778,42.36564888
10453,1467837,VAN DYKE,DOBEL,2018-09-07,7,9,2018,4,6,1,3,,1,0,Asphalt,1,1,4,35,2,1,1,5,0,0,0,0,true,false,false,false,false,false,false,false,false,false,false,false,false,false,false,false,false,false,false,false,false,false,-83.02358,42.41603,"{
  ""coordinates"": [
    -8.302357965736030e+01,
    4.241602935925500e+01
  ],
  ""type"": ""Point""
}","{
  ""coordinates"": [
    -83.023579657,
    42.416029359
  ],
  ""type"": ""Point""
}",-83.023579657,42.416029359
10454,1470007,OUTER,FENKELL,2018-09-07,7,9,2018,21,6,4,9,,2,0,Asphalt,98,98,98,35,4,2,1,5,0,0,0,0,true,false,false,false,true,false,false,false,false,false,false,false,false,false,false,false,false,false,false,false,false,false,-83.23261,42.40077,"{
  ""coordinates"": [
    -8.323261075560410e+01,
    4.240077124349000e+01
  ],
  ""type"": ""Point""
}","{
  ""coordinates"": [
    -83.232610756,
    42.400771243
  ],
  ""type"": ""Point""
}",-83.232610756,42.4007712430001
10455,1477906,N M 39 SERVICE DRIVE,WARREN,2018-09-07,7,9,2018,15,6,5,9,,4,0,Asphalt,1,1,1,30,2,2,4,5,0,0,0,0,true,false,false,false,false,false,false,false,false,false,false,false,false,false,true,false,false,false,false,false,false,false,-83.21571,42.34319,"{
  ""coordinates"": [
    -8.321571040898981e+01,
    4.234319007668700e+01
  ],
  ""type"": ""Point""
}","{
  ""coordinates"": [
    -83.215710409,
    42.343190077
  ],
  ""type"": ""Point""
}",-83.2157104089999,42.343190077
10456,1467764,LILLIBRIDGE,WARREN,2018-09-07,7,9,2018,10,6,8,9,,,0,,1,1,1,,2,2,2,5,0,0,0,0,true,false,false,false,false,false,false,false,false,false,false,false,false,false,false,false,false,false,false,false,false,false,-82.9864,42.38648,"{
  ""coordinates"": [
    -8.298640578347469e+01,
    4.238648134355830e+01
  ],
  ""type"": ""Point""
}","{
  ""coordinates"": [
    -82.986405783,
    42.386481344
  ],
  ""type"": ""Point""
}",-82.986405783,42.3864813440001