ObjectId,Crash ID,Primary Road,Intersecting Road,Crash Date,Day,Month,Year,Hour,Weekday,Crash Type Code,Highway Classification Code,Community Code,Jurisdiction Code,Lane Departure Type Code,Surface Type,Road Condition,Weather Condition,Lighting Condition,Speed Limit,Lanes,Units,Occupants,Most Severe Injury,Fatal Injuries,Suspected Serious Injuries,Suspected Minor Injuries,Possible Injuries,Property Damage Only,Secondary Crash,Traffic Control,Red Light Run,Hit and Run,Alcohol,Drugs,Unbelted Person,Work Zone,Speeding Driver,Distracted Driver,Driveway,Pedestrian,Elderly Driver,Young Driver,Commercial Vehicle,Emergency Vehicles,Train,School Bus,Motorcycle,Bicycle,Deer,Longitude,Latitude,geom,geog,x,y
10457,1470082,DAVISON,HOLMUR,2018-09-07,7,9,2018,17,6,5,3,,1,0,Asphalt,1,2,1,35,6,2,2,5,0,0,0,0,true,false,false,false,true,false,false,false,false,false,false,false,false,false,false,false,false,false,false,false,false,false,-83.13361,42.38869,"{
  ""coordinates"": [
    -8.313361030725990e+01,
    4.238869125427700e+01
  ],
  ""type"": ""Point""
}","{
  ""coordinates"": [
    -83.133610307,
    42.388691254
  ],
  ""type"": ""Point""
}",-83.133610307,42.388691254
10458,1467831,MILBANK,ROGGE,2018-09-07,7,9,2018,17,6,1,9,,,1,,1,2,1,25,1,1,1,4,0,0,0,1,false,false,false,false,false,false,false,false,false,false,false,false,false,false,true,false,false,false,false,false,false,false,-83.02921,42.44355,"{
  ""coordinates"": [
    -8.302920914952929e+01,
    4.244354692422790e+01
  ],
  ""type"": ""Point""
}","{
  ""coordinates"": [
    -83.02920915,
    42.443546924
  ],
  ""type"": ""Point""
}",-83.02920915,42.443546924
10459,1467794,HUNTINGTON,PEMBROKE,2018-09-07,7,9,2018,1,6,97,9,,,0,,1,1,5,25,2,2,0,5,0,0,0,0,true,false,false,false,true,false,false,false,false,false,false,false,false,false,false,false,false,false,false,false,false,false,-83.23381,42.43687,"{
  ""coordinates"": [
    -8.323381117600900e+01,
    4.243687127353930e+01
  ],
  ""type"": ""Point""
}","{
  ""coordinates"": [
    -83.233811176,
    42.436871274
  ],
  ""type"": ""Point""
}",-83.233811176,42.4368712740001
10460,1470117,CASS,BURROUGHS,2018-09-07,7,9,2018,18,6,97,9,,4,1,Asphalt,1,2,3,30,2,2,2,5,0,0,0,0,true,false,false,false,false,false,false,false,false,false,false,true,true,false,false,false,true,false,false,false,false,false,-83.07157,42.3646,"{
  ""coordinates"": [
    -8.307157509708870e+01,
    4.236459726937780e+01
  ],
  ""type"": ""Point""
}","{
  ""coordinates"": [
    -83.071575097,
    42.364597269
  ],
  ""type"": ""Point""
}",-83.0715750969999,42.3645972690001
10461,1467821,7 MILE,N M 10,2018-09-07,7,9,2018,14,6,8,9,,2,0,Asphalt,1,2,1,25,7,2,2,5,0,0,0,0,true,false,false,false,true,false,false,false,false,false,false,false,false,true,false,false,false,false,false,false,false,false,-83.18699,42.43083,"{
  ""coordinates"": [
    -8.318699212500340e+01,
    4.243082939904020e+01
  ],
  ""type"": ""Point""
}","{
  ""coordinates"": [
    -83.186992125,
    42.430829399
  ],
  ""type"": ""Point""
}",-83.186992125,42.4308293990001
10462,1467807,GRATIOT,8 MILE,2018-09-07,7,9,2018,8,6,5,3,,1,0,Asphalt,1,1,1,35,3,2,2,5,0,0,0,0,true,false,false,false,false,false,false,false,false,false,false,false,false,false,false,false,false,false,false,false,false,false,-82.96806,42.44967,"{
  ""coordinates"": [
    -8.296805486988281e+01,
    4.244966353556870e+01
  ],
  ""type"": ""Point""
}","{
  ""coordinates"": [
    -82.96805487,
    42.449663536
  ],
  ""type"": ""Point""
}",-82.9680548699999,42.4496635360001
10463,1467835,VAN DYKE,LANTZ,2018-09-07,7,9,2018,18,6,8,3,,1,0,Asphalt,1,2,2,35,5,2,2,5,0,0,0,0,true,false,false,false,false,false,false,false,false,false,false,true,false,false,true,false,false,false,false,false,false,false,-83.02442,42.43885,"{
  ""coordinates"": [
    -8.302441924325710e+01,
    4.243885429044040e+01
  ],
  ""type"": ""Point""
}","{
  ""coordinates"": [
    -83.024419243,
    42.43885429
  ],
  ""type"": ""Point""
}",-83.024419243,42.4388542900001
10464,1467841,8 MILE,MOUND,2018-09-07,7,9,2018,1,6,4,3,,1,0,Asphalt,1,1,4,35,4,2,7,3,0,0,1,4,false,false,true,true,false,false,false,false,false,false,false,false,false,false,true,false,false,false,false,false,false,false,-83.04399,42.44777,"{
  ""coordinates"": [
    -8.304399238761590e+01,
    4.244777087909980e+01
  ],
  ""type"": ""Point""
}","{
  ""coordinates"": [
    -83.043992388,
    42.447770879
  ],
  ""type"": ""Point""
}",-83.0439923879999,42.4477708790001
10465,1469916,I-75,DEARBORN,2018-09-07,7,9,2018,21,6,1,1,,1,0,Concrete,1,1,4,70,3,1,1,5,0,0,0,0,true,false,false,false,false,false,false,false,false,false,false,false,false,false,false,false,false,false,false,false,false,false,-83.12734,42.29375,"{
  ""coordinates"": [
    -8.312734488402150e+01,
    4.229375569785910e+01
  ],
  ""type"": ""Point""
}","{
  ""coordinates"": [
    -83.127344884,
    42.293755698
  ],
  ""type"": ""Point""
}",-83.127344884,42.293755698
10466,1475349,M-10,CLAIRMONT,2018-09-07,7,9,2018,6,6,1,3,,1,0,Concrete,1,2,4,55,3,1,1,3,0,0,1,0,false,true,false,false,false,true,false,false,false,false,true,false,false,false,false,false,false,false,false,true,false,false,-83.09154,42.38084,"{
  ""coordinates"": [
    -8.309153856647130e+01,
    4.238083570639010e+01
  ],
  ""type"": ""Point""
}","{
  ""coordinates"": [
    -83.091538566,
    42.380835706
  ],
  ""type"": ""Point""
}",-83.0915385659999,42.380835706
10467,1474355,FERGUSON,CHALFONTE,2018-09-07,7,9,2018,6,6,1,9,,,0,,1,1,4,25,2,1,1,5,0,0,0,0,true,false,false,false,false,false,false,false,false,false,false,false,false,false,false,false,false,false,false,false,false,false,-83.21022,42.39969,"{
  ""coordinates"": [
    -8.321022353902650e+01,
    4.239968917140000e+01
  ],
  ""type"": ""Point""
}","{
  ""coordinates"": [
    -83.210223539,
    42.399689171
  ],
  ""type"": ""Point""
}",-83.210223539,42.399689171
10468,1467721,W I 94,HARPER,2018-09-07,7,9,2018,21,6,8,1,,1,0,Asphalt,1,2,5,55,3,2,2,5,0,0,0,0,true,false,false,false,true,false,false,false,false,false,false,false,false,false,false,false,false,false,false,false,false,false,-82.94837,42.40921,"{
  ""coordinates"": [
    -8.294837090893800e+01,
    4.240921084061050e+01
  ],
  ""type"": ""Point""
}","{
  ""coordinates"": [
    -82.948370909,
    42.409210841
  ],
  ""type"": ""Point""
}",-82.9483709089999,42.4092108410001
10469,1469959,WOODWARD,MONROE,2018-09-07,7,9,2018,17,6,8,9,,4,0,Brick,1,2,1,30,2,2,2,5,0,0,0,0,true,false,false,false,true,false,false,false,false,false,false,false,false,false,false,false,false,false,false,false,false,false,-83.04621,42.33194,"{
  ""coordinates"": [
    -8.304621117770080e+01,
    4.233193880269170e+01
  ],
  ""type"": ""Point""
}","{
  ""coordinates"": [
    -83.046211178,
    42.331938803
  ],
  ""type"": ""Point""
}",-83.046211178,42.3319388030001
10470,1467769,WARREN,WOODHALL,2018-09-07,7,9,2018,20,6,3,9,,4,0,Asphalt,1,2,5,35,2,2,5,4,0,0,0,3,false,false,false,false,false,false,false,false,false,false,false,false,false,false,true,false,false,false,false,false,false,false,-82.92606,42.40745,"{
  ""coordinates"": [
    -8.292605319381489e+01,
    4.240745006123740e+01
  ],
  ""type"": ""Point""
}","{
  ""coordinates"": [
    -82.926053194,
    42.407450061
  ],
  ""type"": ""Point""
}",-82.926053194,42.4074500610001
10471,1467787,LAHSER,GROVE,2018-09-07,7,9,2018,17,6,5,9,,2,0,Asphalt,1,2,1,30,4,2,3,5,0,0,0,0,true,false,false,false,false,false,false,false,false,false,false,false,false,false,false,false,false,false,false,false,false,false,-83.25739,42.41291,"{
  ""coordinates"": [
    -8.325738542661010e+01,
    4.241291279777300e+01
  ],
  ""type"": ""Point""
}","{
  ""coordinates"": [
    -83.257385427,
    42.412912798
  ],
  ""type"": ""Point""
}",-83.257385427,42.412912798
10472,1467792,MCNICHOLS,GREENFIELD,2018-09-07,7,9,2018,23,6,5,9,,2,0,Asphalt,1,1,4,35,4,2,2,5,0,0,0,0,true,false,false,false,true,false,false,false,false,false,false,false,false,false,false,false,false,false,false,false,false,false,-83.19932,42.41599,"{
  ""coordinates"": [
    -8.319931630710580e+01,
    4.241598347494790e+01
  ],
  ""type"": ""Point""
}","{
  ""coordinates"": [
    -83.199316307,
    42.415983475
  ],
  ""type"": ""Point""
}",-83.1993163069999,42.4159834750001
10473,1469930,RAMP 008M,S M 39,2018-09-07,7,9,2018,15,6,5,1,,1,0,Concrete,1,2,1,55,2,2,2,4,0,0,0,1,false,false,false,false,false,false,false,false,false,false,false,false,false,false,false,false,false,false,false,false,false,false,-83.21709,42.37877,"{
  ""coordinates"": [
    -8.321708669050309e+01,
    4.237876688636230e+01
  ],
  ""type"": ""Point""
}","{
  ""coordinates"": [
    -83.217086691,
    42.378766886
  ],
  ""type"": ""Point""
}",-83.217086691,42.3787668860001
10474,1467869,CASS,YORK,2018-09-07,7,9,2018,18,6,9,9,,4,0,Asphalt,1,1,1,25,2,2,1,5,0,0,0,0,true,false,false,false,false,false,false,false,false,false,false,false,false,true,false,true,false,false,false,false,false,false,-83.07137,42.36422,"{
  ""coordinates"": [
    -8.307136217547109e+01,
    4.236422348255150e+01
  ],
  ""type"": ""Point""
}","{
  ""coordinates"": [
    -83.071362175,
    42.364223483
  ],
  ""type"": ""Point""
}",-83.071362175,42.364223483
10475,1469928,I-75,I-94,2018-09-07,7,9,2018,16,6,5,1,,1,0,Asphalt,1,1,1,55,5,2,1,5,0,0,0,0,true,false,false,false,true,false,false,false,false,true,false,false,false,false,false,false,false,false,false,false,false,false,-83.05816,42.36902,"{
  ""coordinates"": [
    -8.305815632223270e+01,
    4.236902056129460e+01
  ],
  ""type"": ""Point""
}","{
  ""coordinates"": [
    -83.058156322,
    42.369020561
  ],
  ""type"": ""Point""
}",-83.0581563219999,42.3690205610001
10476,1474322,I-94,JEFFRIES,2018-09-07,7,9,2018,13,6,5,1,,1,0,Asphalt,1,1,1,,4,2,1,5,0,0,0,0,true,false,false,false,true,false,false,false,false,false,false,false,false,false,true,false,false,false,false,false,false,false,-83.08128,42.35616,"{
  ""coordinates"": [
    -8.308127267426850e+01,
    4.235615464840510e+01
  ],
  ""type"": ""Point""
}","{
  ""coordinates"": [
    -83.081272674,
    42.356154648
  ],
  ""type"": ""Point""
}",-83.081272674,42.356154648
10477,1469906,I 96,BUCHANAN,2018-09-07,7,9,2018,8,6,5,1,,1,0,Asphalt,1,1,1,70,4,4,4,4,0,0,0,1,false,false,false,false,false,false,false,false,false,false,false,false,false,false,false,false,false,false,false,false,false,false,-83.09445,42.34224,"{
  ""coordinates"": [
    -8.309445531421510e+01,
    4.234224486049380e+01
  ],
  ""type"": ""Point""
}","{
  ""coordinates"": [
    -83.094455314,
    42.34224486
  ],
  ""type"": ""Point""
}",-83.094455314,42.3422448600001
10478,1498614,MEYERS,SCHOOLCRAFT,2018-09-07,7,9,2018,22,6,8,9,,4,0,Asphalt,1,1,4,30,2,2,1,5,0,0,0,0,true,false,false,false,true,false,false,false,false,false,false,false,false,false,false,false,false,false,false,false,false,false,-83.16872,42.38828,"{
  ""coordinates"": [
    -8.316872235500639e+01,
    4.238827389606820e+01
  ],
  ""type"": ""Point""
}","{
  ""coordinates"": [
    -83.168722355,
    42.388273896
  ],
  ""type"": ""Point""
}",-83.1687223549999,42.388273896
10479,1583337,SEVEN MILE,PLAINVIEW,2018-09-07,7,9,2018,12,6,97,9,,2,0,Asphalt,1,1,1,35,1,2,0,5,0,0,0,0,true,false,false,false,true,false,false,false,false,false,false,false,false,false,false,false,false,false,false,false,false,false,-83.23772,42.4296,"{
  ""coordinates"": [
    -8.323772794703549e+01,
    4.242960247503690e+01
  ],
  ""type"": ""Point""
}","{
  ""coordinates"": [
    -83.237727947,
    42.429602475
  ],
  ""type"": ""Point""
}",-83.2377279469999,42.4296024750001
10480,1467758,HOWARD,CAMPBELL,2018-09-07,7,9,2018,20,6,97,9,,,0,,1,1,5,25,2,3,2,5,0,0,0,0,true,false,false,false,false,false,false,false,false,false,false,false,false,false,false,false,false,false,false,false,false,false,-83.10043,42.31233,"{
  ""coordinates"": [
    -8.310042961706669e+01,
    4.231232764905390e+01
  ],
  ""type"": ""Point""
}","{
  ""coordinates"": [
    -83.100429617,
    42.312327649
  ],
  ""type"": ""Point""
}",-83.100429617,42.3123276490001
10481,1467844,VAN DYKE,7 MILE,2018-09-07,7,9,2018,21,6,97,3,,1,0,Asphalt,1,1,3,35,5,2,0,4,0,0,0,1,false,false,false,false,true,false,false,false,false,false,false,false,true,false,false,false,false,false,false,false,false,false,-83.02426,42.43417,"{
  ""coordinates"": [
    -8.302426363913020e+01,
    4.243416606531490e+01
  ],
  ""type"": ""Point""
}","{
  ""coordinates"": [
    -83.024263639,
    42.434166065
  ],
  ""type"": ""Point""
}",-83.024263639,42.4341660650001
10482,1470053,7 MILE,HICKORY ST 01,2018-09-07,7,9,2018,16,6,97,9,,4,0,Asphalt,1,1,1,35,2,2,0,4,0,0,0,1,false,false,false,false,true,true,false,false,false,false,false,false,true,false,false,false,false,false,false,false,false,false,-82.98746,42.43486,"{
  ""coordinates"": [
    -8.298745420797660e+01,
    4.243486474831740e+01
  ],
  ""type"": ""Point""
}","{
  ""coordinates"": [
    -82.987454208,
    42.434864748
  ],
  ""type"": ""Point""
}",-82.987454208,42.4348647480001
10483,1467774,MACK,MT ELLIOT,2018-09-07,7,9,2018,2,6,9,9,,4,2,Asphalt,1,1,4,35,2,2,1,5,0,0,0,0,true,false,false,false,false,false,false,false,false,false,false,false,false,false,false,false,false,false,false,false,false,false,-83.02493,42.36008,"{
  ""coordinates"": [
    -8.302493281267490e+01,
    4.236008429106870e+01
  ],
  ""type"": ""Point""
}","{
  ""coordinates"": [
    -83.024932813,
    42.360084291
  ],
  ""type"": ""Point""
}",-83.024932813,42.3600842910001
10484,1467753,MACK,JOHN R,2018-09-07,7,9,2018,10,6,3,9,,4,0,Asphalt,1,1,1,35,2,2,1,5,0,0,0,0,true,false,false,false,true,false,false,false,false,false,false,false,false,false,false,false,false,false,false,false,false,false,-83.05586,42.34827,"{
  ""coordinates"": [
    -8.305586055654361e+01,
    4.234826724249880e+01
  ],
  ""type"": ""Point""
}","{
  ""coordinates"": [
    -83.055860557,
    42.348267242
  ],
  ""type"": ""Point""
}",-83.055860557,42.3482672420001
10485,1488008,RAMP 047B,RAMP 047D,2018-09-07,7,9,2018,15,6,5,1,,1,0,Concrete,1,1,1,70,1,3,3,5,0,0,0,0,true,false,false,false,false,false,false,false,false,false,true,false,false,true,true,false,false,false,false,false,false,false,-83.08176,42.40968,"{
  ""coordinates"": [
    -8.308175944930960e+01,
    4.240967714698850e+01
  ],
  ""type"": ""Point""
}","{
  ""coordinates"": [
    -83.081759449,
    42.409677147
  ],
  ""type"": ""Point""
}",-83.0817594489999,42.409677147
10486,1467804,MANNING,BOLDER,2018-09-07,7,9,2018,1,6,97,9,,,3,,1,1,4,,1,2,0,5,0,0,0,0,true,false,false,false,true,false,false,false,false,false,false,false,false,false,false,false,false,false,false,false,false,false,-82.95313,42.44105,"{
  ""coordinates"": [
    -8.295312770461970e+01,
    4.244104823425180e+01
  ],
  ""type"": ""Point""
}","{
  ""coordinates"": [
    -82.953127705,
    42.441048234
  ],
  ""type"": ""Point""
}",-82.953127705,42.441048234
10487,1467728,M 39,WARREN,2018-09-07,7,9,2018,22,6,8,3,,1,0,Asphalt,1,1,4,55,3,2,2,5,0,0,0,0,true,false,false,false,false,false,false,false,false,true,false,false,false,false,true,false,false,false,false,false,false,false,-83.21606,42.34365,"{
  ""coordinates"": [
    -8.321605469649980e+01,
    4.234365197408790e+01
  ],
  ""type"": ""Point""
}","{
  ""coordinates"": [
    -83.216054696,
    42.343651974
  ],
  ""type"": ""Point""
}",-83.216054696,42.3436519740001
10488,1467816,8 MILE,MOHICAN,2018-09-07,7,9,2018,22,6,1,3,,1,0,Asphalt,1,1,4,40,2,2,2,5,0,0,0,0,true,false,false,false,false,false,false,false,false,false,false,false,false,false,false,false,false,false,false,false,true,false,-82.97092,42.44967,"{
  ""coordinates"": [
    -8.297092054302060e+01,
    4.244966951016560e+01
  ],
  ""type"": ""Point""
}","{
  ""coordinates"": [
    -82.970920543,
    42.44966951
  ],
  ""type"": ""Point""
}",-82.970920543,42.44966951
10489,1467772,EDLIE,MONTCLAIR,2018-09-07,7,9,2018,20,6,9,9,,,2,,1,1,4,,1,3,2,5,0,0,0,0,true,false,false,false,false,true,false,false,false,true,false,false,false,false,false,false,false,false,false,false,false,false,-82.97434,42.36315,"{
  ""coordinates"": [
    -8.297434008630360e+01,
    4.236314900284670e+01
  ],
  ""type"": ""Point""
}","{
  ""coordinates"": [
    -82.974340086,
    42.363149003
  ],
  ""type"": ""Point""
}",-82.974340086,42.363149003
10490,1486918,DRESDEN,7 MILE,2018-09-07,7,9,2018,5,6,2,9,,,2,,1,1,4,,2,2,1,5,0,0,0,0,true,false,false,false,false,false,false,false,false,false,false,false,false,false,false,false,false,false,false,false,false,false,-82.99976,42.4345,"{
  ""coordinates"": [
    -8.299976172631850e+01,
    4.243449813686680e+01
  ],
  ""type"": ""Point""
}","{
  ""coordinates"": [
    -82.999761726,
    42.434498137
  ],
  ""type"": ""Point""
}",-82.999761726,42.434498137
10491,1467786,EVERGREEN,CURTIS,2018-09-07,7,9,2018,14,6,8,9,,4,0,Asphalt,1,1,1,30,4,2,2,5,0,0,0,0,true,false,false,false,true,false,false,false,false,false,false,false,false,false,false,false,false,false,false,false,false,false,-83.23853,42.42237,"{
  ""coordinates"": [
    -8.323852629291881e+01,
    4.242236719399110e+01
  ],
  ""type"": ""Point""
}","{
  ""coordinates"": [
    -83.238526293,
    42.422367194
  ],
  ""type"": ""Point""
}",-83.2385262929999,42.4223671940001
10492,1469922,S M 10,RAMP 111A,2018-09-07,7,9,2018,15,6,1,3,,1,0,Concrete,1,1,1,55,3,1,1,5,0,0,0,0,true,false,false,false,false,false,false,false,false,false,false,false,false,false,false,false,false,false,false,false,false,false,-83.10356,42.38964,"{
  ""coordinates"": [
    -8.310355895657780e+01,
    4.238964103375500e+01
  ],
  ""type"": ""Point""
}","{
  ""coordinates"": [
    -83.103558957,
    42.389641034
  ],
  ""type"": ""Point""
}",-83.103558957,42.3896410340001
10493,1467791,7 MILE,HUNTINGTON,2018-09-07,7,9,2018,15,6,4,9,,2,0,Asphalt,1,2,1,35,4,2,2,5,0,0,0,0,true,false,false,false,false,false,false,false,false,false,false,false,false,false,true,false,false,false,false,false,false,false,-83.23344,42.42972,"{
  ""coordinates"": [
    -8.323344655316770e+01,
    4.242971980956800e+01
  ],
  ""type"": ""Point""
}","{
  ""coordinates"": [
    -83.233446553,
    42.42971981
  ],
  ""type"": ""Point""
}",-83.233446553,42.4297198100001
10494,1467789,8 MILE,LASHER,2018-09-07,7,9,2018,17,6,5,3,,1,0,Asphalt,1,1,1,40,6,2,2,5,0,0,0,0,true,true,false,false,false,false,false,false,false,false,false,false,false,false,false,false,false,false,false,false,false,false,-83.25885,42.44323,"{
  ""coordinates"": [
    -8.325885134498429e+01,
    4.244323476600970e+01
  ],
  ""type"": ""Point""
}","{
  ""coordinates"": [
    -83.258851345,
    42.443234766
  ],
  ""type"": ""Point""
}",-83.258851345,42.443234766
10495,1469905,M-10,MILWAULKEE,2018-09-07,7,9,2018,8,6,8,3,,1,0,Concrete,1,2,1,55,4,2,2,5,0,0,0,0,true,false,false,false,false,false,false,false,false,false,false,false,false,false,true,false,false,false,false,false,false,false,-83.08314,42.36921,"{
  ""coordinates"": [
    -8.308313566639600e+01,
    4.236920626794910e+01
  ],
  ""type"": ""Point""
}","{
  ""coordinates"": [
    -83.083135666,
    42.369206268
  ],
  ""type"": ""Point""
}",-83.083135666,42.369206268
10496,1467762,CHESTER,RADNOR,2018-09-07,7,9,2018,21,6,3,9,,4,0,Asphalt,1,1,4,25,2,2,2,5,0,0,0,0,true,false,false,false,true,false,false,false,false,false,false,false,false,false,false,false,false,false,false,false,false,false,-82.92612,42.42128,"{
  ""coordinates"": [
    -8.292612006168631e+01,
    4.242128505768730e+01
  ],
  ""type"": ""Point""
}","{
  ""coordinates"": [
    -82.926120062,
    42.421285058
  ],
  ""type"": ""Point""
}",-82.9261200619999,42.4212850580001
10497,1467755,BUCHANAN,35TH,2018-09-07,7,9,2018,8,6,4,9,,4,0,Asphalt,1,1,1,25,2,2,4,5,0,0,0,0,true,false,true,false,false,false,false,false,false,false,false,false,false,false,false,false,false,false,false,false,false,false,-83.11553,42.33479,"{
  ""coordinates"": [
    -8.311553077086050e+01,
    4.233478453527090e+01
  ],
  ""type"": ""Point""
}","{
  ""coordinates"": [
    -83.115530771,
    42.334784535
  ],
  ""type"": ""Point""
}",-83.115530771,42.334784535
10498,1500768,FENKELL,WARD,2018-09-07,7,9,2018,1,6,5,9,,2,0,Asphalt,1,1,4,30,2,2,3,4,0,0,0,2,false,false,false,false,true,false,false,false,false,false,false,false,false,false,false,false,false,false,false,false,false,false,-83.17375,42.40216,"{
  ""coordinates"": [
    -8.317374948390351e+01,
    4.240216368177150e+01
  ],
  ""type"": ""Point""
}","{
  ""coordinates"": [
    -83.173749484,
    42.402163682
  ],
  ""type"": ""Point""
}",-83.173749484,42.402163682
10499,1470048,SCHOENHERR,STATE FAIR,2018-09-07,7,9,2018,20,6,97,9,,4,0,Asphalt,1,1,1,30,2,2,4,4,0,0,0,2,false,false,false,false,true,false,false,false,false,false,false,false,false,false,true,true,false,false,false,false,false,false,-82.98541,42.44238,"{
  ""coordinates"": [
    -8.298541336968050e+01,
    4.244238303502510e+01
  ],
  ""type"": ""Point""
}","{
  ""coordinates"": [
    -82.98541337,
    42.442383035
  ],
  ""type"": ""Point""
}",-82.9854133699999,42.442383035
10500,1469931,I-94,RUSSELL,2018-09-07,7,9,2018,18,6,5,1,,1,0,Concrete,1,2,1,55,3,2,3,5,0,0,0,0,true,false,false,false,false,false,false,false,false,false,false,false,false,false,false,false,false,false,false,false,false,false,-83.05768,42.36866,"{
  ""coordinates"": [
    -8.305767647333261e+01,
    4.236866237441980e+01
  ],
  ""type"": ""Point""
}","{
  ""coordinates"": [
    -83.057676473,
    42.368662374
  ],
  ""type"": ""Point""
}",-83.057676473,42.3686623740001
10501,1477825,I 94 W/B,MCCLELLAN,2018-09-06,6,9,2018,12,5,5,1,,1,0,Asphalt,1,2,1,55,3,2,3,5,0,0,0,0,true,false,false,false,false,false,false,false,true,false,false,false,false,false,false,true,false,false,false,false,false,false,-83.01003,42.39028,"{
  ""coordinates"": [
    -8.301002794477000e+01,
    4.239028065953980e+01
  ],
  ""type"": ""Point""
}","{
  ""coordinates"": [
    -83.010027945,
    42.39028066
  ],
  ""type"": ""Point""
}",-83.010027945,42.39028066
10502,1467730,I 96,WYOMING,2018-09-06,6,9,2018,19,5,1,1,,1,1,Concrete,1,1,1,70,3,1,2,5,0,0,0,0,true,false,false,false,false,false,false,false,false,true,false,false,false,false,false,false,false,false,false,false,false,false,-83.16872,42.38509,"{
  ""coordinates"": [
    -8.316872731356050e+01,
    4.238509157553580e+01
  ],
  ""type"": ""Point""
}","{
  ""coordinates"": [
    -83.168727314,
    42.385091576
  ],
  ""type"": ""Point""
}",-83.168727314,42.385091576
10503,1467712,RAMP 217C,HARPER,2018-09-06,6,9,2018,15,5,5,1,,1,0,Concrete,1,1,1,55,2,2,2,5,0,0,0,0,true,false,false,false,false,false,false,false,false,false,false,false,false,false,true,false,false,false,false,false,false,false,-83.04408,42.37494,"{
  ""coordinates"": [
    -8.304407951633470e+01,
    4.237494163648200e+01
  ],
  ""type"": ""Point""
}","{
  ""coordinates"": [
    -83.044079516,
    42.374941636
  ],
  ""type"": ""Point""
}",-83.044079516,42.3749416360001
10504,1470106,RAMP 029D,SCHAEFER,2018-09-06,6,9,2018,16,5,5,1,,1,0,Concrete,1,1,1,35,2,2,2,5,0,0,0,0,true,false,false,false,false,false,false,false,false,false,false,false,false,false,false,false,false,false,false,false,false,false,-83.15758,42.27833,"{
  ""coordinates"": [
    -8.315757686025520e+01,
    4.227832864769490e+01
  ],
  ""type"": ""Point""
}","{
  ""coordinates"": [
    -83.15757686,
    42.278328648
  ],
  ""type"": ""Point""
}",-83.1575768599999,42.2783286480001
10505,1469904,I 75,MEADE,2018-09-06,6,9,2018,8,5,5,1,,1,0,Asphalt,2,4,1,70,4,3,4,5,0,0,0,0,true,false,false,false,false,false,false,false,false,false,false,false,false,false,false,false,false,false,false,false,false,false,-83.07627,42.40642,"{
  ""coordinates"": [
    -8.307627398447870e+01,
    4.240641995225350e+01
  ],
  ""type"": ""Point""
}","{
  ""coordinates"": [
    -83.076273984,
    42.406419952
  ],
  ""type"": ""Point""
}",-83.076273984,42.4064199520001
10506,1467715,I-75,8 MILE,2018-09-06,6,9,2018,18,5,8,1,,1,0,Asphalt,1,1,1,70,4,2,2,5,0,0,0,0,true,false,false,false,false,false,false,false,false,true,false,false,false,false,false,false,false,false,false,false,false,false,-83.09468,42.44653,"{
  ""coordinates"": [
    -8.309467822966610e+01,
    4.244652547985740e+01
  ],
  ""type"": ""Point""
}","{
  ""coordinates"": [
    -83.09467823,
    42.44652548
  ],
  ""type"": ""Point""
}",-83.0946782299999,42.44652548
10507,1466628,LINWOOD,I 94,2018-09-06,6,9,2018,1,5,1,1,,1,1,Concrete,1,1,4,,2,1,0,5,0,0,0,0,true,false,false,false,false,false,false,false,false,false,false,false,false,false,false,false,false,false,false,false,false,false,-83.09346,42.35151,"{
  ""coordinates"": [
    -8.309346310591700e+01,
    4.235151327678340e+01
  ],
  ""type"": ""Point""
}","{
  ""coordinates"": [
    -83.093463106,
    42.351513277
  ],
  ""type"": ""Point""
}",-83.0934631059999,42.351513277
10508,1466637,SCOTTEN,LAFAYETTE,2018-09-06,6,9,2018,15,5,5,9,,4,0,Asphalt,1,1,1,25,2,2,2,5,0,0,0,0,true,false,false,false,false,false,false,false,false,false,false,false,false,false,false,false,false,false,false,false,false,false,-83.08946,42.31471,"{
  ""coordinates"": [
    -8.308946179547860e+01,
    4.231470881101160e+01
  ],
  ""type"": ""Point""
}","{
  ""coordinates"": [
    -83.089461795,
    42.314708811
  ],
  ""type"": ""Point""
}",-83.089461795,42.3147088110001
10509,1466683,LIVERNOIS,CURTIS,2018-09-06,6,9,2018,19,5,4,9,,4,0,Asphalt,1,1,1,35,4,2,4,5,0,0,0,0,true,false,true,true,false,false,false,false,false,false,false,false,false,false,true,false,false,false,false,false,false,false,-83.14128,42.42442,"{
  ""coordinates"": [
    -8.314128169732550e+01,
    4.242442061333070e+01
  ],
  ""type"": ""Point""
}","{
  ""coordinates"": [
    -83.141281697,
    42.424420613
  ],
  ""type"": ""Point""
}",-83.141281697,42.4244206130001
10510,1466612,LYNDON,SUSSEX,2018-09-06,6,9,2018,7,5,4,9,,4,0,Asphalt,2,4,1,35,2,2,2,4,0,0,0,1,false,false,false,false,true,false,false,false,false,true,false,false,false,true,false,false,false,false,false,false,false,false,-83.19472,42.39437,"{
  ""coordinates"": [
    -8.319471784034280e+01,
    4.239437174665360e+01
  ],
  ""type"": ""Point""
}","{
  ""coordinates"": [
    -83.19471784,
    42.394371747
  ],
  ""type"": ""Point""
}",-83.19471784,42.394371747