ObjectId,Crash ID,Primary Road,Intersecting Road,Crash Date,Day,Month,Year,Hour,Weekday,Crash Type Code,Highway Classification Code,Community Code,Jurisdiction Code,Lane Departure Type Code,Surface Type,Road Condition,Weather Condition,Lighting Condition,Speed Limit,Lanes,Units,Occupants,Most Severe Injury,Fatal Injuries,Suspected Serious Injuries,Suspected Minor Injuries,Possible Injuries,Property Damage Only,Secondary Crash,Traffic Control,Red Light Run,Hit and Run,Alcohol,Drugs,Unbelted Person,Work Zone,Speeding Driver,Distracted Driver,Driveway,Pedestrian,Elderly Driver,Young Driver,Commercial Vehicle,Emergency Vehicles,Train,School Bus,Motorcycle,Bicycle,Deer,Longitude,Latitude,geom,geog,x,y
10729,1465769,LAFAYETTE,LEWERENZ,2018-09-04,4,9,2018,17,3,4,9,,4,0,Asphalt,1,1,1,25,2,2,1,4,0,0,0,1,false,false,false,false,true,false,false,false,false,true,false,false,false,false,false,false,false,false,false,false,false,false,-83.11114,42.30615,"{
  ""coordinates"": [
    -8.311114060795330e+01,
    4.230614792488580e+01
  ],
  ""type"": ""Point""
}","{
  ""coordinates"": [
    -83.111140608,
    42.306147925
  ],
  ""type"": ""Point""
}",-83.111140608,42.3061479250001
10730,1464792,I-94,OUTER,2018-09-04,4,9,2018,8,3,5,1,,1,0,Asphalt,1,1,1,55,3,3,3,5,0,0,0,0,true,false,false,false,false,false,false,false,false,false,false,false,false,false,false,false,false,false,false,false,false,false,-82.95663,42.40615,"{
  ""coordinates"": [
    -8.295662881037779e+01,
    4.240615228886620e+01
  ],
  ""type"": ""Point""
}","{
  ""coordinates"": [
    -82.95662881,
    42.406152289
  ],
  ""type"": ""Point""
}",-82.95662881,42.406152289
10731,1467824,DAVISON,LINWOOD,2018-09-04,4,9,2018,6,3,5,3,,1,0,Asphalt,2,1,4,35,6,2,2,5,0,0,0,0,true,false,false,false,false,false,false,false,false,false,true,false,false,false,false,false,false,false,false,false,false,false,-83.12211,42.39299,"{
  ""coordinates"": [
    -8.312210611592340e+01,
    4.239299016471680e+01
  ],
  ""type"": ""Point""
}","{
  ""coordinates"": [
    -83.122106116,
    42.392990165
  ],
  ""type"": ""Point""
}",-83.1221061159999,42.3929901650001
10732,1464855,JEFFERSON,CHENE,2018-09-04,4,9,2018,10,3,1,9,,4,0,Asphalt,1,1,1,35,2,2,2,5,0,0,0,0,true,false,false,false,false,false,false,false,false,false,false,false,false,true,false,false,false,false,false,false,true,false,-83.02263,42.33825,"{
  ""coordinates"": [
    -8.302262565537541e+01,
    4.233825428170440e+01
  ],
  ""type"": ""Point""
}","{
  ""coordinates"": [
    -83.022625655,
    42.338254282
  ],
  ""type"": ""Point""
}",-83.022625655,42.338254282
10733,1467843,7 MILE,VEACH,2018-09-04,4,9,2018,16,3,97,9,,4,0,Asphalt,1,1,1,30,2,2,3,4,0,0,0,1,false,true,false,false,false,false,false,false,false,false,false,false,true,false,false,false,false,false,false,false,false,false,-83.02124,42.43402,"{
  ""coordinates"": [
    -8.302123911092120e+01,
    4.243402614362620e+01
  ],
  ""type"": ""Point""
}","{
  ""coordinates"": [
    -83.021239111,
    42.434026144
  ],
  ""type"": ""Point""
}",-83.0212391109999,42.434026144
10734,1518564,S I 75 SERVICE DRIVE,14TH,2018-09-04,4,9,2018,14,3,8,9,,4,0,Asphalt,98,98,98,,3,2,1,5,0,0,0,0,true,false,false,false,true,false,false,false,false,false,false,false,false,false,false,false,false,false,false,false,false,false,-83.07739,42.33296,"{
  ""coordinates"": [
    -8.307739208384690e+01,
    4.233296019910620e+01
  ],
  ""type"": ""Point""
}","{
  ""coordinates"": [
    -83.077392084,
    42.332960199
  ],
  ""type"": ""Point""
}",-83.0773920839999,42.3329601990001
10735,1467854,ROSEMONT,CURTIS,2018-09-04,4,9,2018,8,3,8,9,,,0,,1,1,1,25,1,2,0,5,0,0,0,0,true,false,false,false,true,false,false,false,false,false,false,false,false,false,false,false,false,false,false,false,false,false,-83.22137,42.42301,"{
  ""coordinates"": [
    -8.322137420385251e+01,
    4.242300944796310e+01
  ],
  ""type"": ""Point""
}","{
  ""coordinates"": [
    -83.221374204,
    42.423009448
  ],
  ""type"": ""Point""
}",-83.221374204,42.4230094480001
10736,1470032,VAN DYKE,FOREST,2018-09-04,4,9,2018,20,3,5,9,,4,0,Asphalt,1,1,3,35,5,2,3,4,0,0,0,1,false,false,false,false,true,false,false,false,false,false,false,false,false,false,false,false,false,false,false,false,false,false,-83.01098,42.37371,"{
  ""coordinates"": [
    -8.301097832163499e+01,
    4.237370820242110e+01
  ],
  ""type"": ""Point""
}","{
  ""coordinates"": [
    -83.010978322,
    42.373708202
  ],
  ""type"": ""Point""
}",-83.010978322,42.373708202
10737,1467726,N M 39,JOY,2018-09-04,4,9,2018,17,3,5,3,,1,0,Asphalt,1,1,1,55,3,2,2,4,0,0,0,1,false,false,false,false,false,false,false,false,false,false,false,false,false,false,false,false,false,false,false,false,false,false,-83.21639,42.35769,"{
  ""coordinates"": [
    -8.321638889516740e+01,
    4.235769402605390e+01
  ],
  ""type"": ""Point""
}","{
  ""coordinates"": [
    -83.216388895,
    42.357694026
  ],
  ""type"": ""Point""
}",-83.216388895,42.357694026
10738,1467741,W I 96,GRAND RIVER,2018-09-04,4,9,2018,3,3,1,1,,1,1,Concrete,2,4,4,70,4,1,1,5,0,0,0,0,true,false,false,false,false,false,false,false,false,true,false,false,false,false,true,false,false,false,false,false,false,false,-83.17592,42.38385,"{
  ""coordinates"": [
    -8.317592177137200e+01,
    4.238385291978510e+01
  ],
  ""type"": ""Point""
}","{
  ""coordinates"": [
    -83.175921771,
    42.38385292
  ],
  ""type"": ""Point""
}",-83.1759217709999,42.38385292
10739,1473270,I-94,LINWOOD,2018-09-04,4,9,2018,11,3,5,1,,1,0,Asphalt,1,1,1,55,3,3,3,5,0,0,0,0,true,false,false,false,false,false,false,false,false,false,false,false,false,true,false,false,false,false,false,false,false,false,-83.0934,42.35189,"{
  ""coordinates"": [
    -8.309339747605210e+01,
    4.235188980328910e+01
  ],
  ""type"": ""Point""
}","{
  ""coordinates"": [
    -83.093397476,
    42.351889803
  ],
  ""type"": ""Point""
}",-83.093397476,42.3518898030001
10740,1465770,CENTRAL,W I 94,2018-09-04,4,9,2018,18,3,4,9,,4,0,Asphalt,1,1,1,25,2,2,3,3,0,0,1,1,false,false,false,false,true,false,false,false,false,false,false,false,false,false,false,false,false,false,false,false,false,false,-83.1385,42.33244,"{
  ""coordinates"": [
    -8.313850016213679e+01,
    4.233243544466110e+01
  ],
  ""type"": ""Point""
}","{
  ""coordinates"": [
    -83.138500162,
    42.332435445
  ],
  ""type"": ""Point""
}",-83.138500162,42.332435445
10741,1467849,PURITAN,GRIGGS,2018-09-04,4,9,2018,8,3,1,9,,4,0,Asphalt,1,1,1,,2,2,0,4,0,0,0,1,false,false,false,false,true,false,false,false,false,true,false,false,true,false,false,false,false,false,false,false,false,false,-83.16331,42.40965,"{
  ""coordinates"": [
    -8.316331058234420e+01,
    4.240965029229500e+01
  ],
  ""type"": ""Point""
}","{
  ""coordinates"": [
    -83.163310582,
    42.409650292
  ],
  ""type"": ""Point""
}",-83.163310582,42.409650292
10742,1471113,I-75,WARREN,2018-09-04,4,9,2018,14,3,8,1,,1,0,Asphalt,1,1,1,70,4,2,2,5,0,0,0,0,true,false,false,false,false,false,false,false,false,false,false,false,false,false,false,true,false,false,false,false,false,false,-83.05441,42.36108,"{
  ""coordinates"": [
    -8.305440684453831e+01,
    4.236107768246830e+01
  ],
  ""type"": ""Point""
}","{
  ""coordinates"": [
    -83.054406845,
    42.361077682
  ],
  ""type"": ""Point""
}",-83.054406845,42.361077682
10743,1464761,N M 39,WARREN,2018-09-04,4,9,2018,15,3,5,3,,1,0,Asphalt,1,1,1,55,3,2,4,5,0,0,0,0,true,false,false,false,false,false,false,false,false,false,false,false,false,true,false,false,false,false,false,false,false,false,-83.21605,42.34352,"{
  ""coordinates"": [
    -8.321604998748390e+01,
    4.234352158998050e+01
  ],
  ""type"": ""Point""
}","{
  ""coordinates"": [
    -83.216049987,
    42.34352159
  ],
  ""type"": ""Point""
}",-83.216049987,42.3435215900001
10744,1465747,I-94,I-96,2018-09-04,4,9,2018,7,3,5,1,,1,0,Asphalt,1,1,1,55,3,2,2,5,0,0,0,0,true,false,false,false,false,false,false,false,false,false,false,false,false,false,false,false,false,false,false,false,false,false,-83.09,42.35297,"{
  ""coordinates"": [
    -8.309000469214490e+01,
    4.235297058713880e+01
  ],
  ""type"": ""Point""
}","{
  ""coordinates"": [
    -83.090004692,
    42.352970587
  ],
  ""type"": ""Point""
}",-83.090004692,42.3529705870001
10745,1466630,WARREN,RAMP 216E,2018-09-04,4,9,2018,15,3,5,9,,4,0,Asphalt,1,1,1,55,3,3,3,4,0,0,0,1,false,false,false,false,false,false,false,false,false,false,false,false,false,false,false,false,false,false,false,false,false,false,-83.05437,42.361,"{
  ""coordinates"": [
    -8.305436506977600e+01,
    4.236100376966760e+01
  ],
  ""type"": ""Point""
}","{
  ""coordinates"": [
    -83.05436507,
    42.36100377
  ],
  ""type"": ""Point""
}",-83.05436507,42.36100377
10746,1473370,8 MILE,SHERWOOD,2018-09-04,4,9,2018,16,3,5,3,,1,0,Asphalt,1,1,1,40,5,2,4,5,0,0,0,0,true,false,false,false,false,false,false,false,false,false,false,true,false,false,false,false,false,false,false,false,false,false,-83.03527,42.44793,"{
  ""coordinates"": [
    -8.303526853105950e+01,
    4.244793375896960e+01
  ],
  ""type"": ""Point""
}","{
  ""coordinates"": [
    -83.035268531,
    42.447933759
  ],
  ""type"": ""Point""
}",-83.035268531,42.4479337590001
10747,1466671,CARPENTER,MCDOUGALL,2018-09-04,4,9,2018,15,3,4,9,,4,0,Asphalt,1,1,1,25,1,2,4,5,0,0,0,0,true,false,false,false,false,false,false,false,false,false,false,false,false,false,true,false,false,false,false,false,false,false,-83.06209,42.40714,"{
  ""coordinates"": [
    -8.306208526403660e+01,
    4.240714044774700e+01
  ],
  ""type"": ""Point""
}","{
  ""coordinates"": [
    -83.062085264,
    42.407140448
  ],
  ""type"": ""Point""
}",-83.062085264,42.4071404480001
10748,1466665,CRAFT,WHITEHILL,2018-09-04,4,9,2018,22,3,4,9,,,0,,98,98,98,25,2,2,1,5,0,0,0,0,true,false,false,false,true,false,false,false,false,false,false,false,false,false,false,false,false,false,false,false,false,false,-82.95921,42.41648,"{
  ""coordinates"": [
    -8.295921111917630e+01,
    4.241648323709890e+01
  ],
  ""type"": ""Point""
}","{
  ""coordinates"": [
    -82.959211119,
    42.416483237
  ],
  ""type"": ""Point""
}",-82.959211119,42.4164832370001
10749,1464832,LIDDESDALE,SALLIOTTE,2018-09-03,3,9,2018,21,2,98,9,,,3,,2,1,5,25,2,2,0,5,0,0,0,0,true,false,false,false,true,false,false,false,false,false,true,false,false,false,false,false,false,false,false,false,false,false,-83.16422,42.26019,"{
  ""coordinates"": [
    -8.316422028117800e+01,
    4.226019423823100e+01
  ],
  ""type"": ""Point""
}","{
  ""coordinates"": [
    -83.164220281,
    42.260194238
  ],
  ""type"": ""Point""
}",-83.164220281,42.2601942380001
10750,1463988,GRIGGS,PURITAN,2018-09-03,3,9,2018,20,2,1,9,,,0,,2,1,3,25,2,2,1,2,0,1,0,0,false,false,false,false,false,false,false,false,false,false,false,false,true,false,false,false,false,false,false,false,false,false,-83.16327,42.41005,"{
  ""coordinates"": [
    -8.316326910575459e+01,
    4.241004610966300e+01
  ],
  ""type"": ""Point""
}","{
  ""coordinates"": [
    -83.163269106,
    42.41004611
  ],
  ""type"": ""Point""
}",-83.163269106,42.4100461100001
10751,1475300,GRAND,TRUMBULL,2018-09-03,3,9,2018,18,2,5,3,,1,0,Asphalt,1,1,1,30,3,2,7,5,0,0,0,0,true,false,false,false,false,true,false,false,false,false,false,false,false,false,false,false,false,false,false,false,false,false,-83.07269,42.34199,"{
  ""coordinates"": [
    -8.307268408495210e+01,
    4.234199152962980e+01
  ],
  ""type"": ""Point""
}","{
  ""coordinates"": [
    -83.072684085,
    42.34199153
  ],
  ""type"": ""Point""
}",-83.0726840849999,42.34199153
10752,1463981,7 MILE,GREELEY,2018-09-03,3,9,2018,14,2,5,9,,4,0,Asphalt,2,1,1,,2,2,2,5,0,0,0,0,true,false,false,false,false,false,false,false,false,false,true,false,false,false,false,false,false,false,false,false,false,false,-83.08776,42.43274,"{
  ""coordinates"": [
    -8.308776393172700e+01,
    4.243273363351790e+01
  ],
  ""type"": ""Point""
}","{
  ""coordinates"": [
    -83.087763932,
    42.432733634
  ],
  ""type"": ""Point""
}",-83.087763932,42.432733634
10753,1464831,CAVALRY,AMHERST,2018-09-03,3,9,2018,19,2,5,9,,,0,,2,2,1,25,1,2,0,5,0,0,0,0,true,false,false,false,true,false,false,false,false,false,true,true,false,false,false,false,false,false,false,false,false,false,-83.10176,42.31087,"{
  ""coordinates"": [
    -8.310176117852200e+01,
    4.231087599618500e+01
  ],
  ""type"": ""Point""
}","{
  ""coordinates"": [
    -83.101761179,
    42.310875996
  ],
  ""type"": ""Point""
}",-83.1017611789999,42.310875996
10754,1464851,BURT,GLENDALE,2018-09-03,3,9,2018,10,2,4,9,,4,0,Asphalt,1,1,1,30,2,2,1,5,0,0,0,0,true,false,false,false,true,false,false,false,false,false,false,false,false,false,false,false,false,false,false,false,false,false,-83.2465,42.38235,"{
  ""coordinates"": [
    -8.324650182226090e+01,
    4.238235627120250e+01
  ],
  ""type"": ""Point""
}","{
  ""coordinates"": [
    -83.246501822,
    42.382356271
  ],
  ""type"": ""Point""
}",-83.246501822,42.382356271
10755,1475315,I 75,CLAY,2018-09-03,3,9,2018,23,2,1,1,,1,1,Asphalt,2,4,4,5,4,1,1,5,0,0,0,0,true,false,false,false,false,false,false,false,false,true,false,false,false,false,false,false,false,false,false,false,false,false,-83.06236,42.37755,"{
  ""coordinates"": [
    -8.306236157661350e+01,
    4.237755217970570e+01
  ],
  ""type"": ""Point""
}","{
  ""coordinates"": [
    -83.062361577,
    42.37755218
  ],
  ""type"": ""Point""
}",-83.062361577,42.3775521800001
10756,1483540,STRATHMOOR,JAMES COUZENS,2018-09-03,3,9,2018,2,2,1,9,,,1,,1,1,4,35,2,1,2,3,0,0,1,1,false,false,false,false,true,true,false,false,false,true,false,false,false,false,false,false,false,false,false,false,false,false,-83.18903,42.43324,"{
  ""coordinates"": [
    -8.318903508727860e+01,
    4.243323733207210e+01
  ],
  ""type"": ""Point""
}","{
  ""coordinates"": [
    -83.189035087,
    42.433237332
  ],
  ""type"": ""Point""
}",-83.189035087,42.433237332
10757,1466652,CHICAGO,ARTESIAN,2018-09-03,3,9,2018,18,2,97,9,,4,0,Asphalt,2,4,1,35,2,2,5,5,0,0,0,0,true,false,false,false,false,false,false,false,false,false,false,false,false,false,false,false,false,false,false,false,false,false,-83.22638,42.36489,"{
  ""coordinates"": [
    -8.322638208504689e+01,
    4.236488662930350e+01
  ],
  ""type"": ""Point""
}","{
  ""coordinates"": [
    -83.226382085,
    42.364886629
  ],
  ""type"": ""Point""
}",-83.226382085,42.3648866290001
10758,1470076,SANTA ROSA,DAVISON,2018-09-03,3,9,2018,0,2,8,3,,,0,,1,1,5,25,2,2,0,5,0,0,0,0,true,false,false,false,true,false,false,false,false,false,false,false,false,true,false,false,false,false,false,false,false,false,-83.14169,42.38641,"{
  ""coordinates"": [
    -8.314168962042920e+01,
    4.238641446496530e+01
  ],
  ""type"": ""Point""
}","{
  ""coordinates"": [
    -83.14168962,
    42.386414465
  ],
  ""type"": ""Point""
}",-83.14168962,42.386414465
10759,1466662,CURTIS,HUBBELL,2018-09-03,3,9,2018,21,2,4,9,,,0,,98,98,98,35,2,2,2,5,0,0,0,0,true,false,false,false,true,false,false,false,false,false,false,false,false,false,false,false,false,false,false,false,false,false,-83.18974,42.4235,"{
  ""coordinates"": [
    -8.318973819068231e+01,
    4.242350195997420e+01
  ],
  ""type"": ""Point""
}","{
  ""coordinates"": [
    -83.189738191,
    42.42350196
  ],
  ""type"": ""Point""
}",-83.1897381909999,42.4235019600001
10760,1463986,JAMES COUZENS,WYOMING,2018-09-03,3,9,2018,15,2,4,3,,4,0,Asphalt,2,2,1,25,7,2,3,5,0,0,0,0,true,false,true,true,true,false,false,false,false,false,false,false,false,false,false,false,false,false,false,false,false,false,-83.15984,42.40565,"{
  ""coordinates"": [
    -8.315983558159390e+01,
    4.240564649809980e+01
  ],
  ""type"": ""Point""
}","{
  ""coordinates"": [
    -83.159835582,
    42.405646498
  ],
  ""type"": ""Point""
}",-83.159835582,42.4056464980001
10761,1463974,MCNICHOLS,GRANDRIVER,2018-09-03,3,9,2018,16,2,5,3,,2,0,Asphalt,1,1,1,35,3,2,3,5,0,0,0,0,true,true,false,false,true,false,false,false,false,false,false,false,false,false,false,false,false,false,false,false,false,false,-83.2533,42.41481,"{
  ""coordinates"": [
    -8.325330176936710e+01,
    4.241481418670560e+01
  ],
  ""type"": ""Point""
}","{
  ""coordinates"": [
    -83.253301769,
    42.414814187
  ],
  ""type"": ""Point""
}",-83.253301769,42.414814187
10762,1475313,I-94,24TH,2018-09-03,3,9,2018,2,2,5,1,,1,0,Asphalt,1,1,4,55,3,2,6,1,1,0,2,1,false,false,false,false,true,false,false,true,false,false,false,false,false,false,false,false,false,false,false,false,false,false,-83.10256,42.34914,"{
  ""coordinates"": [
    -8.310256240066290e+01,
    4.234914258449490e+01
  ],
  ""type"": ""Point""
}","{
  ""coordinates"": [
    -83.102562401,
    42.349142584
  ],
  ""type"": ""Point""
}",-83.1025624009999,42.349142584
10763,1463209,JEFFERSON,CHENE,2018-09-03,3,9,2018,0,2,1,9,,4,1,Asphalt,1,1,4,35,4,1,2,5,0,0,0,0,true,false,false,false,true,false,false,false,true,false,false,false,false,false,false,false,false,false,false,false,false,false,-83.02273,42.33821,"{
  ""coordinates"": [
    -8.302272694130980e+01,
    4.233821053283190e+01
  ],
  ""type"": ""Point""
}","{
  ""coordinates"": [
    -83.022726941,
    42.338210533
  ],
  ""type"": ""Point""
}",-83.022726941,42.3382105330001
10764,1464852,ELMIRA,CHATHAM,2018-09-03,3,9,2018,3,2,5,9,,,3,,1,1,4,25,2,2,0,5,0,0,0,0,true,false,false,false,false,false,false,false,false,false,false,false,false,false,false,false,false,false,false,false,false,false,-83.26217,42.36917,"{
  ""coordinates"": [
    -8.326216858499160e+01,
    4.236917008664860e+01
  ],
  ""type"": ""Point""
}","{
  ""coordinates"": [
    -83.262168585,
    42.369170087
  ],
  ""type"": ""Point""
}",-83.262168585,42.369170087
10765,1464875,DAVISON,LIVERNOIS,2018-09-03,3,9,2018,15,2,5,3,,1,0,Concrete,1,1,1,35,7,2,7,3,0,0,1,3,false,false,false,false,false,false,false,false,false,false,false,false,false,false,false,false,false,false,false,false,false,false,-83.13902,42.38656,"{
  ""coordinates"": [
    -8.313901748206420e+01,
    4.238656400858070e+01
  ],
  ""type"": ""Point""
}","{
  ""coordinates"": [
    -83.139017482,
    42.386564009
  ],
  ""type"": ""Point""
}",-83.139017482,42.386564009
10766,1465745,I-94,MARTIN,2018-09-03,3,9,2018,23,2,1,1,,1,1,Asphalt,2,4,4,55,3,1,1,5,0,0,0,0,true,false,false,false,false,false,false,false,false,true,false,false,false,false,false,false,false,false,false,false,false,false,-83.13064,42.33503,"{
  ""coordinates"": [
    -8.313063513015230e+01,
    4.233502706654710e+01
  ],
  ""type"": ""Point""
}","{
  ""coordinates"": [
    -83.13063513,
    42.335027067
  ],
  ""type"": ""Point""
}",-83.13063513,42.3350270670001
10767,1464850,SCHOOLCRAFT,GREENFIELD,2018-09-03,3,9,2018,2,2,5,9,,2,0,Asphalt,1,1,4,35,4,2,2,5,0,0,0,0,true,false,false,false,true,false,false,false,false,false,false,false,false,false,false,false,false,false,false,false,false,false,-83.19817,42.38705,"{
  ""coordinates"": [
    -8.319817029822940e+01,
    4.238705238591720e+01
  ],
  ""type"": ""Point""
}","{
  ""coordinates"": [
    -83.198170298,
    42.387052386
  ],
  ""type"": ""Point""
}",-83.198170298,42.3870523860001
10768,1533642,GOETHE,VAN DYKE,2018-09-03,3,9,2018,15,2,4,9,,,0,,1,2,1,30,4,2,7,3,0,0,1,0,false,false,true,false,false,false,false,true,false,false,false,false,false,false,false,false,false,false,false,false,false,false,-83.00468,42.365,"{
  ""coordinates"": [
    -8.300468110888831e+01,
    4.236500199362880e+01
  ],
  ""type"": ""Point""
}","{
  ""coordinates"": [
    -83.004681109,
    42.365001994
  ],
  ""type"": ""Point""
}",-83.004681109,42.3650019940001
10769,1464816,SCHOOLCRAFT,TERRY,2018-09-03,3,9,2018,18,2,8,9,,2,0,Asphalt,2,4,1,30,2,2,3,5,0,0,0,0,true,false,false,false,false,false,false,false,false,false,false,false,false,true,false,false,false,false,false,false,false,false,-83.19332,42.3872,"{
  ""coordinates"": [
    -8.319332377537719e+01,
    4.238720111602520e+01
  ],
  ""type"": ""Point""
}","{
  ""coordinates"": [
    -83.193323775,
    42.387201116
  ],
  ""type"": ""Point""
}",-83.193323775,42.387201116
10770,1464805,I 75,CLAY,2018-09-03,3,9,2018,14,2,1,1,,1,1,Asphalt,2,4,1,70,4,1,4,4,0,0,0,1,false,false,false,false,false,false,false,false,false,true,false,false,false,false,false,false,false,false,false,false,false,false,-83.06635,42.38348,"{
  ""coordinates"": [
    -8.306635313854110e+01,
    4.238347555142020e+01
  ],
  ""type"": ""Point""
}","{
  ""coordinates"": [
    -83.066353139,
    42.383475551
  ],
  ""type"": ""Point""
}",-83.0663531389999,42.3834755510001
10771,1534894,SANTA ROSA,CLARITA,2018-09-03,3,9,2018,17,2,4,9,,,0,,2,4,1,25,4,2,4,2,0,1,0,0,false,true,true,false,false,false,false,false,false,false,false,false,false,false,true,false,false,false,false,false,false,false,-83.14359,42.42978,"{
  ""coordinates"": [
    -8.314358943790960e+01,
    4.242978392071910e+01
  ],
  ""type"": ""Point""
}","{
  ""coordinates"": [
    -83.143589438,
    42.429783921
  ],
  ""type"": ""Point""
}",-83.1435894379999,42.4297839210001
10772,1463971,EVERGREEN,VASSAR,2018-09-03,3,9,2018,15,2,97,9,,4,0,Asphalt,2,4,1,45,4,2,5,4,0,0,0,5,false,false,false,false,false,false,false,false,false,false,false,false,false,false,true,false,false,false,false,false,false,false,-83.23899,42.43317,"{
  ""coordinates"": [
    -8.323899362710550e+01,
    4.243317172394490e+01
  ],
  ""type"": ""Point""
}","{
  ""coordinates"": [
    -83.238993627,
    42.433171724
  ],
  ""type"": ""Point""
}",-83.238993627,42.433171724
10773,1463976,7 MILE,PIERSON,2018-09-03,3,9,2018,11,2,8,9,,2,0,Asphalt,1,1,1,35,6,2,2,5,0,0,0,0,true,false,false,false,false,false,false,false,false,false,false,false,false,false,false,false,false,false,false,false,false,false,-83.24743,42.42936,"{
  ""coordinates"": [
    -8.324742919039250e+01,
    4.242936339735100e+01
  ],
  ""type"": ""Point""
}","{
  ""coordinates"": [
    -83.24742919,
    42.429363397
  ],
  ""type"": ""Point""
}",-83.2474291899999,42.429363397
10774,1463980,E I 96,GRAND,2018-09-03,3,9,2018,18,2,5,1,,1,0,Asphalt,2,4,1,35,3,2,2,5,0,0,0,0,true,false,false,false,false,false,false,false,false,false,false,false,false,false,false,false,false,false,false,false,false,false,-83.11045,42.35568,"{
  ""coordinates"": [
    -8.311045401118071e+01,
    4.235568301114560e+01
  ],
  ""type"": ""Point""
}","{
  ""coordinates"": [
    -83.110454011,
    42.355683011
  ],
  ""type"": ""Point""
}",-83.1104540109999,42.3556830110001
10775,1500762,COVENTRY,WINCHESTER,2018-09-03,3,9,2018,4,2,98,9,,,3,,1,1,5,25,2,2,0,5,0,0,0,0,true,false,false,false,true,false,false,false,false,false,false,false,false,false,false,false,false,false,false,false,false,false,-83.10174,42.44514,"{
  ""coordinates"": [
    -8.310173421808220e+01,
    4.244513821468400e+01
  ],
  ""type"": ""Point""
}","{
  ""coordinates"": [
    -83.101734218,
    42.445138215
  ],
  ""type"": ""Point""
}",-83.101734218,42.445138215
10776,1467823,LAWTON,GRAND,2018-09-03,3,9,2018,23,2,4,9,,,0,,1,1,5,25,4,2,1,4,0,0,0,1,false,false,true,false,true,false,false,false,false,false,false,false,false,false,false,false,false,false,false,false,false,false,-83.12582,42.39362,"{
  ""coordinates"": [
    -8.312582469961920e+01,
    4.239361422738320e+01
  ],
  ""type"": ""Point""
}","{
  ""coordinates"": [
    -83.1258247,
    42.393614227
  ],
  ""type"": ""Point""
}",-83.1258247,42.3936142270001
10777,1463962,FORT,OUTER,2018-09-03,3,9,2018,13,2,5,3,,1,0,Asphalt,2,4,1,45,3,2,2,5,0,0,0,0,true,false,false,false,false,false,false,false,false,false,true,false,false,false,false,false,false,false,false,false,false,false,-83.16706,42.26254,"{
  ""coordinates"": [
    -8.316706216361820e+01,
    4.226253419903890e+01
  ],
  ""type"": ""Point""
}","{
  ""coordinates"": [
    -83.167062164,
    42.262534199
  ],
  ""type"": ""Point""
}",-83.167062164,42.2625341990001
10778,1476268,DAVISON,STAHELIN,2018-09-03,3,9,2018,12,2,2,9,,,2,,2,4,1,25,2,2,0,5,0,0,0,0,true,false,false,false,true,false,false,false,false,false,false,false,false,false,false,false,false,false,false,false,false,false,-83.22517,42.38421,"{
  ""coordinates"": [
    -8.322516429543180e+01,
    4.238420788015970e+01
  ],
  ""type"": ""Point""
}","{
  ""coordinates"": [
    -83.225164295,
    42.38420788
  ],
  ""type"": ""Point""
}",-83.225164295,42.3842078800001
10779,1467763,CADIEUX,WARREN,2018-09-03,3,9,2018,21,2,97,9,,4,0,Asphalt,2,2,4,35,5,2,2,5,0,0,0,0,true,false,false,false,true,false,false,false,false,false,false,false,false,false,false,false,false,false,false,false,false,false,-82.92979,42.40601,"{
  ""coordinates"": [
    -8.292978841099151e+01,
    4.240601247240960e+01
  ],
  ""type"": ""Point""
}","{
  ""coordinates"": [
    -82.929788411,
    42.406012472
  ],
  ""type"": ""Point""
}",-82.9297884109999,42.406012472
10780,1464862,GRATIOT,FRENCH,2018-09-03,3,9,2018,1,2,5,3,,1,0,Asphalt,2,1,4,35,5,2,2,3,0,0,2,0,false,false,false,false,false,false,false,false,false,true,false,false,false,false,false,false,false,false,false,false,false,false,-83.00046,42.40038,"{
  ""coordinates"": [
    -8.300046041519390e+01,
    4.240038093771890e+01
  ],
  ""type"": ""Point""
}","{
  ""coordinates"": [
    -83.000460415,
    42.400380938
  ],
  ""type"": ""Point""
}",-83.000460415,42.4003809380001
10781,1470014,FENKELL,BRAMELL,2018-09-03,3,9,2018,15,2,4,9,,2,0,Asphalt,1,2,1,35,4,2,2,4,0,0,0,1,false,false,false,false,false,false,false,false,false,false,false,false,false,false,false,false,false,false,false,false,false,false,-83.26437,42.40025,"{
  ""coordinates"": [
    -8.326437052405930e+01,
    4.240024951995790e+01
  ],
  ""type"": ""Point""
}","{
  ""coordinates"": [
    -83.264370524,
    42.40024952
  ],
  ""type"": ""Point""
}",-83.264370524,42.40024952
10782,1466625,20TH,NEWARK,2018-09-03,3,9,2018,20,2,1,9,,4,1,Asphalt,1,2,5,20,1,1,1,5,0,0,0,0,true,false,false,false,false,false,false,false,false,false,false,false,false,false,false,false,false,false,false,false,false,false,-83.08232,42.32785,"{
  ""coordinates"": [
    -8.308231794516270e+01,
    4.232785381737230e+01
  ],
  ""type"": ""Point""
}","{
  ""coordinates"": [
    -83.082317945,
    42.327853817
  ],
  ""type"": ""Point""
}",-83.0823179449999,42.3278538170001
10783,1463977,OUTER,FENKELL,2018-09-03,3,9,2018,19,2,1,9,,2,1,Asphalt,2,4,1,25,4,1,3,4,0,0,0,2,false,false,false,false,false,true,false,false,false,true,false,false,false,false,false,false,false,false,false,false,false,false,-83.25684,42.4005,"{
  ""coordinates"": [
    -8.325684131633950e+01,
    4.240049918865790e+01
  ],
  ""type"": ""Point""
}","{
  ""coordinates"": [
    -83.256841316,
    42.400499189
  ],
  ""type"": ""Point""
}",-83.256841316,42.4004991890001