ObjectId,Crash ID,Primary Road,Intersecting Road,Crash Date,Day,Month,Year,Hour,Weekday,Crash Type Code,Highway Classification Code,Community Code,Jurisdiction Code,Lane Departure Type Code,Surface Type,Road Condition,Weather Condition,Lighting Condition,Speed Limit,Lanes,Units,Occupants,Most Severe Injury,Fatal Injuries,Suspected Serious Injuries,Suspected Minor Injuries,Possible Injuries,Property Damage Only,Secondary Crash,Traffic Control,Red Light Run,Hit and Run,Alcohol,Drugs,Unbelted Person,Work Zone,Speeding Driver,Distracted Driver,Driveway,Pedestrian,Elderly Driver,Young Driver,Commercial Vehicle,Emergency Vehicles,Train,School Bus,Motorcycle,Bicycle,Deer,Longitude,Latitude,geom,geog,x,y
10784,1480079,GRATIOT,RUSSELL,2018-09-03,3,9,2018,22,2,97,3,,1,0,Asphalt,1,1,4,35,8,2,0,5,0,0,0,0,true,false,false,false,true,false,false,false,false,false,false,false,true,false,false,false,false,false,false,false,false,false,-83.03868,42.34362,"{
  ""coordinates"": [
    -8.303868395263579e+01,
    4.234361525068570e+01
  ],
  ""type"": ""Point""
}","{
  ""coordinates"": [
    -83.038683953,
    42.343615251
  ],
  ""type"": ""Point""
}",-83.038683953,42.3436152510001
10785,1463989,8 MILE,SCHAEFER,2018-09-03,3,9,2018,9,2,8,3,,1,0,Asphalt,1,1,1,45,4,2,1,5,0,0,0,0,true,false,false,false,true,false,false,false,false,false,false,false,false,true,false,false,false,false,false,false,false,false,-83.17874,42.44524,"{
  ""coordinates"": [
    -8.317874432252540e+01,
    4.244523958884810e+01
  ],
  ""type"": ""Point""
}","{
  ""coordinates"": [
    -83.178744323,
    42.445239589
  ],
  ""type"": ""Point""
}",-83.178744323,42.445239589
10786,1463955,WOODWARD,SPROAT,2018-09-03,3,9,2018,7,2,1,3,,1,1,Asphalt,1,1,1,30,6,1,1,5,0,0,0,0,true,false,false,false,false,false,false,false,false,false,false,false,false,false,false,false,false,false,false,false,false,false,-83.05444,42.34224,"{
  ""coordinates"": [
    -8.305443293505070e+01,
    4.234223612685280e+01
  ],
  ""type"": ""Point""
}","{
  ""coordinates"": [
    -83.054432935,
    42.342236127
  ],
  ""type"": ""Point""
}",-83.054432935,42.342236127
10787,1467809,7 MILE,RUNYON,2018-09-03,3,9,2018,22,2,5,9,,4,0,Asphalt,1,1,4,30,2,2,1,4,0,0,0,1,false,false,false,false,true,false,false,false,false,false,false,false,false,false,true,false,false,false,false,false,false,false,-83.0071,42.43438,"{
  ""coordinates"": [
    -8.300710382860750e+01,
    4.243437481570310e+01
  ],
  ""type"": ""Point""
}","{
  ""coordinates"": [
    -83.007103829,
    42.434374816
  ],
  ""type"": ""Point""
}",-83.007103829,42.4343748160001
10788,1476282,JOY,FAUST,2018-09-03,3,9,2018,21,2,5,9,,2,0,Asphalt,1,1,4,35,4,4,6,5,0,0,0,0,true,false,false,false,false,false,false,false,false,false,false,false,false,false,false,false,false,false,false,false,false,false,-83.2214,42.35777,"{
  ""coordinates"": [
    -8.322139901558440e+01,
    4.235777470582930e+01
  ],
  ""type"": ""Point""
}","{
  ""coordinates"": [
    -83.221399016,
    42.357774706
  ],
  ""type"": ""Point""
}",-83.221399016,42.357774706
10789,1463956,CLIFFORD,GRISWOLD,2018-09-03,3,9,2018,17,2,8,9,,4,0,Asphalt,2,4,1,25,2,2,2,5,0,0,0,0,true,false,false,false,false,false,false,false,false,false,false,false,false,false,false,false,false,false,false,false,false,false,-83.05002,42.33469,"{
  ""coordinates"": [
    -8.305001798763929e+01,
    4.233468590843100e+01
  ],
  ""type"": ""Point""
}","{
  ""coordinates"": [
    -83.050017988,
    42.334685908
  ],
  ""type"": ""Point""
}",-83.050017988,42.334685908
10790,1463959,HOLBROOK,CHRYSLER,2018-09-03,3,9,2018,17,2,8,9,,4,0,Concrete,1,3,1,25,2,2,2,5,0,0,0,0,true,false,false,false,false,false,false,false,false,false,false,false,false,true,false,false,false,false,false,false,false,false,-83.06767,42.38683,"{
  ""coordinates"": [
    -8.306767594800860e+01,
    4.238683189679150e+01
  ],
  ""type"": ""Point""
}","{
  ""coordinates"": [
    -83.067675948,
    42.386831897
  ],
  ""type"": ""Point""
}",-83.067675948,42.386831897
10791,1467723,I-75,STATE FAIR,2018-09-03,3,9,2018,13,2,8,1,,1,0,Asphalt,2,4,1,70,4,2,5,4,0,0,0,1,false,false,false,false,false,false,false,false,false,true,false,false,false,false,false,false,false,false,false,false,false,false,-83.09519,42.43947,"{
  ""coordinates"": [
    -8.309519478995681e+01,
    4.243946782050040e+01
  ],
  ""type"": ""Point""
}","{
  ""coordinates"": [
    -83.09519479,
    42.439467821
  ],
  ""type"": ""Point""
}",-83.0951947899999,42.4394678210001
10792,1467814,GRATIOT,SANFORD,2018-09-03,3,9,2018,19,2,5,3,,1,0,Asphalt,1,1,1,35,3,2,1,4,0,0,0,1,false,false,false,false,true,false,false,false,false,false,false,false,false,false,false,false,false,false,false,false,false,false,-82.99126,42.41444,"{
  ""coordinates"": [
    -8.299126586116191e+01,
    4.241443586953040e+01
  ],
  ""type"": ""Point""
}","{
  ""coordinates"": [
    -82.991265861,
    42.41443587
  ],
  ""type"": ""Point""
}",-82.991265861,42.41443587
10793,1467739,W I 94,N M 10,2018-09-03,3,9,2018,0,2,5,1,,1,0,Asphalt,2,4,4,55,3,2,2,5,0,0,0,0,true,false,false,false,false,false,false,false,false,false,false,false,false,true,false,false,false,false,false,false,false,false,-83.07649,42.35936,"{
  ""coordinates"": [
    -8.307649297846010e+01,
    4.235936285802540e+01
  ],
  ""type"": ""Point""
}","{
  ""coordinates"": [
    -83.076492978,
    42.359362858
  ],
  ""type"": ""Point""
}",-83.076492978,42.3593628580001
10794,1464876,DAVISON,MORAN,2018-09-03,3,9,2018,17,2,2,3,,1,0,Asphalt,2,4,1,35,2,2,2,3,0,0,2,2,false,false,false,false,false,false,false,true,false,false,false,false,false,false,false,false,false,false,false,false,false,false,-83.0625,42.41517,"{
  ""coordinates"": [
    -8.306249769510001e+01,
    4.241516880067640e+01
  ],
  ""type"": ""Point""
}","{
  ""coordinates"": [
    -83.062497695,
    42.415168801
  ],
  ""type"": ""Point""
}",-83.062497695,42.415168801
10795,1466653,SCHOOLCRAFT,OUTER,2018-09-03,3,9,2018,19,2,5,9,,4,0,Concrete,2,4,1,35,3,2,4,5,0,0,0,0,true,false,false,false,false,false,false,false,false,true,false,false,false,false,false,false,false,false,false,false,false,false,-83.25648,42.38504,"{
  ""coordinates"": [
    -8.325647842855039e+01,
    4.238504532001530e+01
  ],
  ""type"": ""Point""
}","{
  ""coordinates"": [
    -83.256478429,
    42.38504532
  ],
  ""type"": ""Point""
}",-83.256478429,42.3850453200001
10796,1469571,WARREN,RAMP 216E,2018-09-03,3,9,2018,12,2,8,9,,4,0,Asphalt,1,1,1,,4,2,2,5,0,0,0,0,true,false,false,false,false,false,false,false,false,false,false,false,false,false,false,false,false,false,false,false,false,false,-83.05437,42.361,"{
  ""coordinates"": [
    -8.305436506977600e+01,
    4.236100376966760e+01
  ],
  ""type"": ""Point""
}","{
  ""coordinates"": [
    -83.05436507,
    42.36100377
  ],
  ""type"": ""Point""
}",-83.05436507,42.36100377
10797,1467738,N M 39,JOY,2018-09-03,3,9,2018,20,2,1,3,,1,1,Asphalt,2,4,3,55,3,1,1,4,0,0,0,1,false,false,false,false,false,false,false,false,false,true,false,false,false,false,true,false,false,false,false,false,false,false,-83.21638,42.35749,"{
  ""coordinates"": [
    -8.321637968210911e+01,
    4.235748922315780e+01
  ],
  ""type"": ""Point""
}","{
  ""coordinates"": [
    -83.216379682,
    42.357489223
  ],
  ""type"": ""Point""
}",-83.216379682,42.3574892230001
10798,1463967,GOETHE,VAN DYKE,2018-09-03,3,9,2018,15,2,4,9,,,0,,1,2,1,30,4,2,7,3,0,0,1,0,false,false,true,false,false,false,false,true,false,false,false,false,false,false,false,false,false,false,false,false,false,false,-83.00468,42.365,"{
  ""coordinates"": [
    -8.300468110888831e+01,
    4.236500199362880e+01
  ],
  ""type"": ""Point""
}","{
  ""coordinates"": [
    -83.004681109,
    42.365001994
  ],
  ""type"": ""Point""
}",-83.004681109,42.3650019940001
10799,1465806,WOODWARD,BURROUGHS,2018-09-03,3,9,2018,22,2,1,3,,1,0,Asphalt,1,2,4,30,3,1,1,3,0,0,1,0,false,false,false,false,false,false,false,true,false,false,false,false,false,false,false,false,false,false,false,false,false,false,-83.07035,42.36572,"{
  ""coordinates"": [
    -8.307034696289330e+01,
    4.236572137701690e+01
  ],
  ""type"": ""Point""
}","{
  ""coordinates"": [
    -83.070346963,
    42.365721377
  ],
  ""type"": ""Point""
}",-83.070346963,42.3657213770001
10800,1463968,GRAND,FOREST,2018-09-03,3,9,2018,13,2,97,9,,4,0,Asphalt,2,4,1,30,2,1,1,5,0,0,0,0,true,false,false,false,false,false,false,false,false,false,false,false,false,false,false,false,false,false,false,false,false,false,-83.01809,42.37168,"{
  ""coordinates"": [
    -8.301809302735700e+01,
    4.237168007213920e+01
  ],
  ""type"": ""Point""
}","{
  ""coordinates"": [
    -83.018093027,
    42.371680072
  ],
  ""type"": ""Point""
}",-83.018093027,42.3716800720001
10801,1465758,MANDALAY,TIREMAN,2018-09-03,3,9,2018,3,2,5,9,,,0,,1,1,5,25,2,3,0,5,0,0,0,0,true,false,false,false,true,false,false,false,false,false,false,false,false,false,false,false,false,false,false,false,false,false,-83.13723,42.35263,"{
  ""coordinates"": [
    -8.313723353034160e+01,
    4.235262596503110e+01
  ],
  ""type"": ""Point""
}","{
  ""coordinates"": [
    -83.13723353,
    42.352625965
  ],
  ""type"": ""Point""
}",-83.1372335299999,42.3526259650001
10802,1464824,ELMHURST,W I 96,2018-09-03,3,9,2018,23,2,4,9,,4,0,Concrete,2,4,4,30,4,2,1,5,0,0,0,0,true,false,true,false,true,false,false,false,false,false,false,false,false,false,false,false,false,false,false,false,false,false,-83.14618,42.37601,"{
  ""coordinates"": [
    -8.314617769894581e+01,
    4.237601241719910e+01
  ],
  ""type"": ""Point""
}","{
  ""coordinates"": [
    -83.146177699,
    42.376012417
  ],
  ""type"": ""Point""
}",-83.146177699,42.376012417
10803,1464864,WARREN,VAN DYKE,2018-09-03,3,9,2018,1,2,1,9,,4,0,Asphalt,1,1,4,30,1,1,1,5,0,0,0,0,true,false,false,false,false,false,false,false,false,false,false,false,false,false,false,false,false,false,false,false,false,false,-83.01253,42.376,"{
  ""coordinates"": [
    -8.301252377556500e+01,
    4.237600215745850e+01
  ],
  ""type"": ""Point""
}","{
  ""coordinates"": [
    -83.012523776,
    42.376002157
  ],
  ""type"": ""Point""
}",-83.012523776,42.3760021570001
10804,1463965,LIVERNOIS,VERNOR,2018-09-03,3,9,2018,12,2,8,9,,4,0,Asphalt,2,4,1,25,2,2,0,5,0,0,0,0,true,false,false,false,true,false,false,false,false,false,false,false,false,false,false,false,false,false,false,false,false,false,-83.10963,42.31513,"{
  ""coordinates"": [
    -8.310963472947640e+01,
    4.231513060665380e+01
  ],
  ""type"": ""Point""
}","{
  ""coordinates"": [
    -83.109634729,
    42.315130607
  ],
  ""type"": ""Point""
}",-83.1096347289999,42.3151306070001
10805,1466681,MERTON,3RD,2018-09-03,3,9,2018,18,2,4,9,,,0,,1,1,1,25,5,2,2,5,0,0,0,0,true,false,false,false,false,false,false,false,false,false,false,false,false,true,false,false,false,false,false,false,false,false,-83.11321,42.41848,"{
  ""coordinates"": [
    -8.311321086072610e+01,
    4.241848275795950e+01
  ],
  ""type"": ""Point""
}","{
  ""coordinates"": [
    -83.113210861,
    42.418482758
  ],
  ""type"": ""Point""
}",-83.113210861,42.418482758
10806,1464879,MACK,JOHN R,2018-09-03,3,9,2018,15,2,4,9,,4,0,Asphalt,1,2,1,25,3,2,3,5,0,0,0,0,true,false,false,false,false,false,false,false,false,false,false,false,false,false,false,false,false,false,false,false,false,false,-83.05586,42.34827,"{
  ""coordinates"": [
    -8.305586055654361e+01,
    4.234826724249880e+01
  ],
  ""type"": ""Point""
}","{
  ""coordinates"": [
    -83.055860557,
    42.348267242
  ],
  ""type"": ""Point""
}",-83.055860557,42.3482672420001
10807,1467724,I-75,STATE FAIR,2018-09-03,3,9,2018,13,2,5,1,,1,0,Asphalt,2,2,1,70,4,2,1,5,0,0,0,0,true,false,false,false,true,false,false,false,false,false,false,false,false,false,false,false,false,false,false,false,false,false,-83.09514,42.43809,"{
  ""coordinates"": [
    -8.309513862355880e+01,
    4.243809171543700e+01
  ],
  ""type"": ""Point""
}","{
  ""coordinates"": [
    -83.095138624,
    42.438091715
  ],
  ""type"": ""Point""
}",-83.095138624,42.438091715
10808,1471144,7MILE,HUNTINGTON,2018-09-03,3,9,2018,19,2,5,9,,2,0,Asphalt,2,1,1,35,4,2,2,5,0,0,0,0,true,false,false,false,false,false,false,false,false,false,false,false,false,false,false,false,false,false,false,false,false,false,-83.23347,42.42972,"{
  ""coordinates"": [
    -8.323346609380130e+01,
    4.242971929222470e+01
  ],
  ""type"": ""Point""
}","{
  ""coordinates"": [
    -83.233466094,
    42.429719292
  ],
  ""type"": ""Point""
}",-83.2334660939999,42.4297192920001
10809,1465755,JEFFERSON,COREY,2018-09-03,3,9,2018,19,2,5,9,,4,0,Asphalt,2,4,1,30,2,2,3,5,0,0,0,0,true,false,false,false,false,false,false,false,false,false,false,false,false,false,false,false,false,false,false,false,false,false,-82.96269,42.36954,"{
  ""coordinates"": [
    -8.296269238317160e+01,
    4.236953948091520e+01
  ],
  ""type"": ""Point""
}","{
  ""coordinates"": [
    -82.962692383,
    42.369539481
  ],
  ""type"": ""Point""
}",-82.962692383,42.3695394810001
10810,1464834,WATERMAN,REGULAR,2018-09-03,3,9,2018,17,2,8,9,,4,0,Asphalt,1,2,1,25,2,2,1,5,0,0,0,0,true,false,false,false,true,false,false,false,false,false,false,false,false,false,false,false,false,false,false,false,false,false,-83.11204,42.30958,"{
  ""coordinates"": [
    -8.311203820460589e+01,
    4.230957850094080e+01
  ],
  ""type"": ""Point""
}","{
  ""coordinates"": [
    -83.112038205,
    42.309578501
  ],
  ""type"": ""Point""
}",-83.112038205,42.309578501
10811,1463979,8 MILE,MOTOR,2018-09-03,3,9,2018,23,2,1,3,,1,1,Asphalt,2,4,4,45,2,1,1,5,0,0,0,0,true,false,false,false,false,false,false,false,false,false,false,false,false,true,false,false,false,false,false,false,false,false,-83.20453,42.44466,"{
  ""coordinates"": [
    -8.320452874550411e+01,
    4.244465718889740e+01
  ],
  ""type"": ""Point""
}","{
  ""coordinates"": [
    -83.204528746,
    42.444657189
  ],
  ""type"": ""Point""
}",-83.2045287459999,42.4446571890001
10812,1466664,7 MILE,MURRAY HILL,2018-09-03,3,9,2018,14,2,5,9,,2,0,Asphalt,2,4,1,35,5,2,4,5,0,0,0,0,true,false,false,false,false,false,false,false,false,false,false,false,false,false,true,false,false,false,false,false,false,false,-83.20847,42.43029,"{
  ""coordinates"": [
    -8.320846346609351e+01,
    4.243029555636080e+01
  ],
  ""type"": ""Point""
}","{
  ""coordinates"": [
    -83.208463466,
    42.430295556
  ],
  ""type"": ""Point""
}",-83.208463466,42.430295556
10813,1464857,SHERIDAN,FOREST,2018-09-03,3,9,2018,21,2,8,9,,,0,,2,1,4,25,1,2,0,5,0,0,0,0,true,false,false,false,true,false,false,false,false,false,false,false,false,false,false,false,false,false,false,false,false,false,-83.01535,42.37214,"{
  ""coordinates"": [
    -8.301535163250119e+01,
    4.237214425322500e+01
  ],
  ""type"": ""Point""
}","{
  ""coordinates"": [
    -83.015351633,
    42.372144253
  ],
  ""type"": ""Point""
}",-83.015351633,42.372144253
10814,1472030,I94,M10,2018-09-03,3,9,2018,18,2,5,1,,1,0,Asphalt,1,2,1,55,3,2,2,5,0,0,0,0,true,false,false,false,false,false,false,false,false,false,false,false,false,false,false,false,false,false,false,false,false,false,-83.07324,42.36131,"{
  ""coordinates"": [
    -8.307324440674810e+01,
    4.236131392446800e+01
  ],
  ""type"": ""Point""
}","{
  ""coordinates"": [
    -83.073244407,
    42.361313924
  ],
  ""type"": ""Point""
}",-83.0732444069999,42.3613139240001
10815,1463973,ASHTON,KEELER,2018-09-03,3,9,2018,21,2,1,9,,,1,,98,98,98,25,2,1,0,5,0,0,0,0,true,false,false,false,false,false,false,false,false,false,false,false,false,false,false,false,false,false,false,false,false,false,-83.21951,42.40294,"{
  ""coordinates"": [
    -8.321951233900300e+01,
    4.240293328403330e+01
  ],
  ""type"": ""Point""
}","{
  ""coordinates"": [
    -83.219512339,
    42.402933284
  ],
  ""type"": ""Point""
}",-83.2195123389999,42.402933284
10816,1464842,CHESTER,FARMBROOK,2018-09-03,3,9,2018,1,2,97,9,,4,0,Asphalt,98,98,98,25,2,2,0,3,0,0,1,0,false,false,false,false,true,true,false,false,false,false,false,false,true,false,false,false,false,false,false,false,false,false,-82.9269,42.42102,"{
  ""coordinates"": [
    -8.292689307260810e+01,
    4.242101817525550e+01
  ],
  ""type"": ""Point""
}","{
  ""coordinates"": [
    -82.926893073,
    42.421018175
  ],
  ""type"": ""Point""
}",-82.926893073,42.421018175
10817,1467778,SHERIDAN,FOREST,2018-09-03,3,9,2018,21,2,8,9,,,0,,98,98,98,25,1,2,0,5,0,0,0,0,true,false,false,false,true,false,false,false,false,false,false,false,false,false,false,false,false,false,false,false,false,false,-83.01559,42.37251,"{
  ""coordinates"": [
    -8.301559272833580e+01,
    4.237250851454770e+01
  ],
  ""type"": ""Point""
}","{
  ""coordinates"": [
    -83.015592728,
    42.372508515
  ],
  ""type"": ""Point""
}",-83.0155927279999,42.372508515
10818,1464763,DAVISON,I 96,2018-09-03,3,9,2018,18,2,8,3,,1,0,Concrete,2,4,1,70,3,2,2,4,0,0,0,1,false,false,false,false,false,false,false,false,false,true,false,false,false,false,true,false,false,false,false,false,false,false,-83.14437,42.38643,"{
  ""coordinates"": [
    -8.314436755354740e+01,
    4.238642742346410e+01
  ],
  ""type"": ""Point""
}","{
  ""coordinates"": [
    -83.144367554,
    42.386427423
  ],
  ""type"": ""Point""
}",-83.144367554,42.386427423
10819,1463998,PALMER,BRUSH,2018-09-03,3,9,2018,16,2,8,9,,,0,,2,2,1,25,2,2,0,5,0,0,0,0,true,false,false,false,true,false,false,false,false,false,false,false,false,false,false,false,false,false,false,false,false,false,-83.0635,42.36389,"{
  ""coordinates"": [
    -8.306349631693300e+01,
    4.236389120627100e+01
  ],
  ""type"": ""Point""
}","{
  ""coordinates"": [
    -83.063496317,
    42.363891206
  ],
  ""type"": ""Point""
}",-83.063496317,42.3638912060001
10820,1463211,TELEGRAPH,MCNICHOLS,2018-09-02,2,9,2018,17,1,1,2,,1,1,Asphalt,1,1,1,45,4,1,1,5,0,0,0,0,true,false,false,false,false,false,false,false,false,false,false,false,false,false,true,false,false,false,false,false,false,false,-83.27689,42.41217,"{
  ""coordinates"": [
    -8.327688907785181e+01,
    4.241216903822820e+01
  ],
  ""type"": ""Point""
}","{
  ""coordinates"": [
    -83.276889078,
    42.412169038
  ],
  ""type"": ""Point""
}",-83.276889078,42.4121690380001
10821,1463226,WYOMING,FLORENCE,2018-09-02,2,9,2018,13,1,8,9,,4,0,Asphalt,1,1,1,30,2,2,2,5,0,0,0,0,true,false,false,false,false,false,false,false,false,false,false,false,false,false,false,false,false,false,false,false,false,false,-83.1601,42.41171,"{
  ""coordinates"": [
    -8.316009348974360e+01,
    4.241170769324700e+01
  ],
  ""type"": ""Point""
}","{
  ""coordinates"": [
    -83.16009349,
    42.411707693
  ],
  ""type"": ""Point""
}",-83.16009349,42.411707693
10822,1476211,E/B I-94,LIVERNOIS,2018-09-02,2,9,2018,21,1,5,1,,1,0,Asphalt,1,1,4,55,3,2,1,5,0,0,0,0,true,false,false,false,true,false,false,false,false,true,false,false,false,false,false,false,false,false,false,false,false,false,-83.12657,42.33664,"{
  ""coordinates"": [
    -8.312657144362620e+01,
    4.233664160334930e+01
  ],
  ""type"": ""Point""
}","{
  ""coordinates"": [
    -83.126571444,
    42.336641603
  ],
  ""type"": ""Point""
}",-83.126571444,42.336641603
10823,1464847,PIEDMONT,CHICAGO,2018-09-02,2,9,2018,23,1,1,9,,,0,,1,1,4,35,2,1,2,5,0,0,0,0,true,false,false,false,false,false,false,false,false,false,false,false,false,false,false,false,false,false,false,false,false,false,-83.22878,42.36496,"{
  ""coordinates"": [
    -8.322878564432740e+01,
    4.236495567154930e+01
  ],
  ""type"": ""Point""
}","{
  ""coordinates"": [
    -83.228785644,
    42.364955672
  ],
  ""type"": ""Point""
}",-83.228785644,42.3649556720001
10824,1464846,MONTROSE,ELMIRA,2018-09-02,2,9,2018,4,1,5,9,,,0,,1,1,4,25,2,2,0,5,0,0,0,0,true,false,false,false,true,false,false,false,false,false,false,false,false,false,false,false,false,false,false,false,false,false,-83.19985,42.36961,"{
  ""coordinates"": [
    -8.319984945548281e+01,
    4.236960572707020e+01
  ],
  ""type"": ""Point""
}","{
  ""coordinates"": [
    -83.199849455,
    42.369605727
  ],
  ""type"": ""Point""
}",-83.1998494549999,42.3696057270001
10825,1463984,JEFFERSON,RIVARD,2018-09-02,2,9,2018,23,1,5,9,,4,0,Asphalt,1,1,4,40,2,3,7,5,0,0,0,0,true,false,false,false,false,false,false,false,false,false,true,false,false,false,false,false,false,false,false,false,false,false,-83.0344,42.33318,"{
  ""coordinates"": [
    -8.303440055568620e+01,
    4.233318411907920e+01
  ],
  ""type"": ""Point""
}","{
  ""coordinates"": [
    -83.034400556,
    42.333184119
  ],
  ""type"": ""Point""
}",-83.034400556,42.3331841190001
10826,1464828,FISHER,ROSA PARKS,2018-09-02,2,9,2018,1,1,4,1,,4,0,Asphalt,2,1,4,35,3,2,3,4,0,0,0,1,false,false,false,false,true,false,false,false,false,false,false,false,false,false,false,false,false,false,false,false,false,false,-83.07343,42.33387,"{
  ""coordinates"": [
    -8.307343453898110e+01,
    4.233386541531860e+01
  ],
  ""type"": ""Point""
}","{
  ""coordinates"": [
    -83.073434539,
    42.333865415
  ],
  ""type"": ""Point""
}",-83.0734345389999,42.333865415
10827,1464766,I-96,GREENFIELD,2018-09-02,2,9,2018,0,1,1,1,,1,1,Concrete,2,4,4,55,3,1,1,5,0,0,0,0,true,false,false,false,false,false,false,true,false,true,false,false,false,false,false,false,false,false,false,false,false,false,-83.19315,42.37927,"{
  ""coordinates"": [
    -8.319315215063300e+01,
    4.237927117738660e+01
  ],
  ""type"": ""Point""
}","{
  ""coordinates"": [
    -83.193152151,
    42.379271177
  ],
  ""type"": ""Point""
}",-83.1931521509999,42.3792711770001
10828,1464802,W I 96,GREENFIELD,2018-09-02,2,9,2018,19,1,8,1,,1,0,Concrete,1,1,1,70,3,2,4,5,0,0,0,0,true,false,false,false,false,false,false,false,false,false,false,false,false,true,false,false,false,false,false,false,false,false,-83.19798,42.37923,"{
  ""coordinates"": [
    -8.319797993253250e+01,
    4.237923411354940e+01
  ],
  ""type"": ""Point""
}","{
  ""coordinates"": [
    -83.197979933,
    42.379234114
  ],
  ""type"": ""Point""
}",-83.1979799329999,42.379234114
10829,1463983,JOSEPH CAMPAU,HILDALE,2018-09-02,2,9,2018,16,1,8,9,,4,0,Asphalt,1,1,1,30,2,2,6,4,0,0,0,2,false,false,false,false,false,false,false,false,false,false,false,false,false,false,false,false,false,false,false,false,false,false,-83.07283,42.42981,"{
  ""coordinates"": [
    -8.307283120049840e+01,
    4.242980915135380e+01
  ],
  ""type"": ""Point""
}","{
  ""coordinates"": [
    -83.0728312,
    42.429809151
  ],
  ""type"": ""Point""
}",-83.0728311999999,42.429809151
10830,1463222,WOODWARD,STATE FAIR,2018-09-02,2,9,2018,9,1,5,3,,1,0,Asphalt,1,1,1,,4,3,3,5,0,0,0,0,true,false,false,false,false,false,false,false,false,false,false,false,false,true,false,false,false,false,false,false,false,false,-83.12016,42.43911,"{
  ""coordinates"": [
    -8.312016422050741e+01,
    4.243911042028660e+01
  ],
  ""type"": ""Point""
}","{
  ""coordinates"": [
    -83.120164221,
    42.43911042
  ],
  ""type"": ""Point""
}",-83.120164221,42.4391104200001
10831,1464849,JOY,SOUTHFIELD SERVICE,2018-09-02,2,9,2018,0,1,5,9,,4,0,Asphalt,2,1,4,35,2,2,3,5,0,0,0,0,true,false,false,false,true,false,false,false,false,false,false,false,false,false,false,false,false,false,false,false,false,false,-83.21614,42.37226,"{
  ""coordinates"": [
    -8.321614122824120e+01,
    4.237226160701390e+01
  ],
  ""type"": ""Point""
}","{
  ""coordinates"": [
    -83.216141228,
    42.372261607
  ],
  ""type"": ""Point""
}",-83.216141228,42.372261607
10832,1463192,MIDLAND,FREELAND,2018-09-02,2,9,2018,16,1,10,9,,,0,,1,1,1,25,2,2,3,5,0,0,0,0,true,false,false,false,false,false,false,false,false,false,true,false,false,false,false,false,false,false,false,false,false,false,-83.18569,42.40554,"{
  ""coordinates"": [
    -8.318568893599630e+01,
    4.240553505682280e+01
  ],
  ""type"": ""Point""
}","{
  ""coordinates"": [
    -83.185688936,
    42.405535057
  ],
  ""type"": ""Point""
}",-83.185688936,42.4055350570001
10833,1463212,GRAND RIVER,GREENFIELD,2018-09-02,2,9,2018,22,1,1,3,,1,1,Asphalt,1,1,5,35,4,1,1,5,0,0,0,0,true,false,false,false,false,false,false,false,false,false,true,false,false,false,false,false,false,false,false,false,false,false,-83.19813,42.39256,"{
  ""coordinates"": [
    -8.319812671456360e+01,
    4.239256035726370e+01
  ],
  ""type"": ""Point""
}","{
  ""coordinates"": [
    -83.198126715,
    42.392560357
  ],
  ""type"": ""Point""
}",-83.1981267149999,42.392560357
10834,1467797,FORREST,BURNS,2018-09-02,2,9,2018,1,1,97,9,,4,0,Asphalt,2,4,5,25,2,3,2,4,0,0,0,1,false,false,true,false,false,false,false,false,false,false,false,false,false,false,false,false,false,false,false,false,false,false,-83.00513,42.37623,"{
  ""coordinates"": [
    -8.300513314927210e+01,
    4.237622647399310e+01
  ],
  ""type"": ""Point""
}","{
  ""coordinates"": [
    -83.005133149,
    42.376226474
  ],
  ""type"": ""Point""
}",-83.005133149,42.3762264740001
10835,1467855,TRUMBULL,ELM,2018-09-02,2,9,2018,18,1,5,9,,4,0,Asphalt,1,1,1,25,2,2,2,5,0,0,0,0,true,false,false,false,false,false,false,false,false,false,false,false,false,false,false,false,false,false,false,false,false,false,-83.07147,42.33943,"{
  ""coordinates"": [
    -8.307147559840109e+01,
    4.233943275535160e+01
  ],
  ""type"": ""Point""
}","{
  ""coordinates"": [
    -83.071475598,
    42.339432755
  ],
  ""type"": ""Point""
}",-83.0714755979999,42.3394327550001
10836,1466642,GRAND RIVER,HUBBELL,2018-09-02,2,9,2018,1,1,4,3,,1,0,Asphalt,2,4,4,35,5,2,2,4,0,0,0,2,false,false,true,true,false,false,false,false,false,false,false,false,false,false,true,false,false,false,false,false,false,false,-83.18863,42.38873,"{
  ""coordinates"": [
    -8.318862680013780e+01,
    4.238873433340600e+01
  ],
  ""type"": ""Point""
}","{
  ""coordinates"": [
    -83.1886268,
    42.388734333
  ],
  ""type"": ""Point""
}",-83.1886268,42.3887343330001
10837,1463954,LAFAYETTE,SAINT ANTOINE,2018-09-02,2,9,2018,23,1,5,9,,4,0,Concrete,1,2,4,30,2,2,1,5,0,0,0,0,true,false,false,false,true,false,false,false,false,false,false,false,false,false,false,false,false,false,false,false,false,false,-83.04028,42.33455,"{
  ""coordinates"": [
    -8.304027823318749e+01,
    4.233455426182740e+01
  ],
  ""type"": ""Point""
}","{
  ""coordinates"": [
    -83.040278233,
    42.334554262
  ],
  ""type"": ""Point""
}",-83.040278233,42.334554262