ObjectId,Crash ID,Primary Road,Intersecting Road,Crash Date,Day,Month,Year,Hour,Weekday,Crash Type Code,Highway Classification Code,Community Code,Jurisdiction Code,Lane Departure Type Code,Surface Type,Road Condition,Weather Condition,Lighting Condition,Speed Limit,Lanes,Units,Occupants,Most Severe Injury,Fatal Injuries,Suspected Serious Injuries,Suspected Minor Injuries,Possible Injuries,Property Damage Only,Secondary Crash,Traffic Control,Red Light Run,Hit and Run,Alcohol,Drugs,Unbelted Person,Work Zone,Speeding Driver,Distracted Driver,Driveway,Pedestrian,Elderly Driver,Young Driver,Commercial Vehicle,Emergency Vehicles,Train,School Bus,Motorcycle,Bicycle,Deer,Longitude,Latitude,geom,geog,x,y
10947,1463217,DEQUINDRE,WINCHESTER,2018-09-01,1,9,2018,17,7,4,9,,4,0,Asphalt,2,1,1,35,2,2,3,4,0,0,0,2,false,false,false,false,false,false,false,false,false,false,false,false,false,false,true,false,false,false,false,false,false,false,-83.08331,42.44506,"{
  ""coordinates"": [
    -8.308331518515109e+01,
    4.244506138966810e+01
  ],
  ""type"": ""Point""
}","{
  ""coordinates"": [
    -83.083315185,
    42.44506139
  ],
  ""type"": ""Point""
}",-83.0833151849999,42.44506139
10948,1470058,DICKERSON,CORBETT,2018-09-01,1,9,2018,11,7,4,9,,4,0,Asphalt,1,1,1,25,2,2,1,4,0,0,0,1,false,false,true,false,true,false,false,false,false,false,false,false,false,false,false,false,false,false,false,false,false,false,-82.97583,42.40659,"{
  ""coordinates"": [
    -8.297582865827690e+01,
    4.240658812061770e+01
  ],
  ""type"": ""Point""
}","{
  ""coordinates"": [
    -82.975828658,
    42.406588121
  ],
  ""type"": ""Point""
}",-82.975828658,42.406588121
10949,1485561,SEVEN MILE,EDINBOROUGH,2018-09-01,1,9,2018,21,7,5,9,,2,0,Asphalt,2,4,4,35,4,3,3,4,0,0,0,1,false,false,false,false,false,false,false,false,false,false,false,false,false,false,false,false,false,false,false,false,false,false,-83.23472,42.42969,"{
  ""coordinates"": [
    -8.323471730881541e+01,
    4.242968603283450e+01
  ],
  ""type"": ""Point""
}","{
  ""coordinates"": [
    -83.234717309,
    42.429686033
  ],
  ""type"": ""Point""
}",-83.234717309,42.4296860330001
10950,1470015,WARREN,STOUT,2018-09-01,1,9,2018,18,7,5,9,,2,0,Asphalt,1,2,1,35,4,3,3,4,0,0,0,2,false,false,false,false,false,false,false,false,false,false,false,false,false,false,false,false,false,false,false,false,false,false,-83.23956,42.34306,"{
  ""coordinates"": [
    -8.323955239554580e+01,
    4.234305583810390e+01
  ],
  ""type"": ""Point""
}","{
  ""coordinates"": [
    -83.239552396,
    42.343055838
  ],
  ""type"": ""Point""
}",-83.239552396,42.3430558380001
10951,1464757,I 75,MICHIGAN,2018-09-01,1,9,2018,17,7,1,1,,1,1,Concrete,2,4,1,55,3,1,1,5,0,0,0,0,true,false,false,false,false,false,false,false,false,true,false,false,false,false,false,true,false,false,false,false,false,false,-83.08288,42.33216,"{
  ""coordinates"": [
    -8.308287806336810e+01,
    4.233215664923240e+01
  ],
  ""type"": ""Point""
}","{
  ""coordinates"": [
    -83.082878063,
    42.332156649
  ],
  ""type"": ""Point""
}",-83.082878063,42.3321566490001
10952,1462534,8 MILE,BERG,2018-08-31,31,8,2018,8,6,5,3,,1,0,Asphalt,1,1,1,45,4,2,2,5,0,0,0,0,true,false,false,false,false,false,false,false,false,false,false,false,false,false,false,false,false,false,false,false,false,false,-83.26829,42.443,"{
  ""coordinates"": [
    -8.326829064515000e+01,
    4.244300049592550e+01
  ],
  ""type"": ""Point""
}","{
  ""coordinates"": [
    -83.268290645,
    42.443000496
  ],
  ""type"": ""Point""
}",-83.268290645,42.443000496
10953,1462533,MCNICHOLS,ASBURY,2018-08-31,31,8,2018,19,6,4,9,,2,0,Asphalt,1,1,1,35,4,2,3,4,0,0,0,1,false,false,false,false,false,false,false,false,false,false,false,false,false,false,false,false,false,false,false,false,false,false,-83.2093,42.41576,"{
  ""coordinates"": [
    -8.320929875108770e+01,
    4.241575777130620e+01
  ],
  ""type"": ""Point""
}","{
  ""coordinates"": [
    -83.209298751,
    42.415757771
  ],
  ""type"": ""Point""
}",-83.2092987509999,42.4157577710001
10954,1467808,HAPRER,NOTTINGHAM,2018-08-31,31,8,2018,10,6,4,9,,4,0,Asphalt,1,1,1,,2,2,1,5,0,0,0,0,true,false,true,false,true,false,false,false,false,false,false,false,false,false,false,false,false,false,false,false,false,false,-82.95454,42.40754,"{
  ""coordinates"": [
    -8.295454005770540e+01,
    4.240753449844650e+01
  ],
  ""type"": ""Point""
}","{
  ""coordinates"": [
    -82.954540058,
    42.407534498
  ],
  ""type"": ""Point""
}",-82.954540058,42.4075344980001
10955,1464812,RAMP 216F,N I 75,2018-08-31,31,8,2018,12,6,8,1,,1,0,Concrete,1,1,1,35,2,2,1,5,0,0,0,0,true,false,false,false,true,false,false,false,false,false,false,false,false,false,false,false,false,false,false,false,false,false,-83.05772,42.36802,"{
  ""coordinates"": [
    -8.305771630200050e+01,
    4.236801676169530e+01
  ],
  ""type"": ""Point""
}","{
  ""coordinates"": [
    -83.057716302,
    42.368016762
  ],
  ""type"": ""Point""
}",-83.057716302,42.368016762
10956,1462554,MOUND,7 MILE,2018-08-31,31,8,2018,12,6,4,9,,2,0,Asphalt,1,1,1,,3,2,4,5,0,0,0,0,true,false,false,false,false,false,false,false,false,false,false,false,false,false,false,false,false,false,false,false,false,false,-83.04339,42.43351,"{
  ""coordinates"": [
    -8.304338663549350e+01,
    4.243351397800520e+01
  ],
  ""type"": ""Point""
}","{
  ""coordinates"": [
    -83.043386635,
    42.433513978
  ],
  ""type"": ""Point""
}",-83.043386635,42.4335139780001
10957,1467806,GRATIOT,ROHNS,2018-08-31,31,8,2018,15,6,5,3,,1,0,Asphalt,1,1,1,40,7,2,2,5,0,0,0,0,true,false,false,false,true,false,false,false,false,false,false,false,false,false,false,false,false,false,false,false,false,false,-83.00902,42.3874,"{
  ""coordinates"": [
    -8.300901889125750e+01,
    4.238739698997310e+01
  ],
  ""type"": ""Point""
}","{
  ""coordinates"": [
    -83.009018891,
    42.38739699
  ],
  ""type"": ""Point""
}",-83.009018891,42.3873969900001
10958,1467750,WYOMING,SCHOOLCRAFT,2018-08-31,31,8,2018,2,6,5,9,,4,0,Asphalt,1,1,1,35,2,2,4,5,0,0,0,0,true,false,false,false,false,false,false,false,false,false,false,false,false,false,false,false,false,false,false,false,false,false,-83.15907,42.38832,"{
  ""coordinates"": [
    -8.315906206635010e+01,
    4.238831614657100e+01
  ],
  ""type"": ""Point""
}","{
  ""coordinates"": [
    -83.159062066,
    42.388316147
  ],
  ""type"": ""Point""
}",-83.159062066,42.3883161470001
10959,1467722,M-10,FORT,2018-08-31,31,8,2018,15,6,1,3,,1,1,Asphalt,1,1,1,45,3,1,1,2,0,1,0,0,false,false,false,false,false,false,false,false,false,false,false,false,false,false,false,false,false,false,false,true,false,false,-83.05525,42.32706,"{
  ""coordinates"": [
    -8.305524953351390e+01,
    4.232705931759390e+01
  ],
  ""type"": ""Point""
}","{
  ""coordinates"": [
    -83.055249534,
    42.327059318
  ],
  ""type"": ""Point""
}",-83.055249534,42.3270593180001
10960,1473347,7 MILE,HOOVER,2018-08-31,31,8,2018,22,6,4,3,,4,0,Asphalt,1,1,4,35,4,2,9,5,0,0,0,0,true,false,true,true,false,false,false,true,false,false,false,false,false,false,true,false,false,false,false,false,false,false,-83.00466,42.43443,"{
  ""coordinates"": [
    -8.300465945482790e+01,
    4.243442722562720e+01
  ],
  ""type"": ""Point""
}","{
  ""coordinates"": [
    -83.004659455,
    42.434427226
  ],
  ""type"": ""Point""
}",-83.004659455,42.434427226
10961,1462363,I-75,MCNICHOLS,2018-08-31,31,8,2018,8,6,8,1,,1,0,Asphalt,1,1,1,55,4,2,2,5,0,0,0,0,true,false,false,false,false,false,false,false,false,false,false,false,false,false,false,false,false,false,false,false,false,false,-83.064,42.38044,"{
  ""coordinates"": [
    -8.306399254094130e+01,
    4.238044234762780e+01
  ],
  ""type"": ""Point""
}","{
  ""coordinates"": [
    -83.063992541,
    42.380442348
  ],
  ""type"": ""Point""
}",-83.0639925409999,42.380442348
10962,1467802,7 MILE,WESTPHALIA,2018-08-31,31,8,2018,22,6,4,9,,4,0,Asphalt,1,1,4,30,2,2,7,4,0,0,0,1,false,false,false,false,false,false,false,true,false,false,false,false,false,false,true,false,false,false,false,false,false,false,-82.99241,42.43476,"{
  ""coordinates"": [
    -8.299240600648680e+01,
    4.243475656856860e+01
  ],
  ""type"": ""Point""
}","{
  ""coordinates"": [
    -82.992406006,
    42.434756569
  ],
  ""type"": ""Point""
}",-82.992406006,42.4347565690001
10963,1462506,RANDOLPH,BATES,2018-08-31,31,8,2018,18,6,98,3,,1,0,Asphalt,1,1,1,25,2,2,0,5,0,0,0,0,true,false,false,false,true,false,false,false,false,false,true,false,false,false,false,false,false,false,false,false,false,false,-83.04453,42.3336,"{
  ""coordinates"": [
    -8.304453311404330e+01,
    4.233360309502920e+01
  ],
  ""type"": ""Point""
}","{
  ""coordinates"": [
    -83.044533114,
    42.333603095
  ],
  ""type"": ""Point""
}",-83.044533114,42.3336030950001
10964,1464825,MCNICHOLS,MARLOWE,2018-08-31,31,8,2018,19,6,8,9,,2,0,Asphalt,1,1,1,30,2,2,1,5,0,0,0,0,true,false,false,false,false,false,false,false,false,false,false,false,false,true,false,false,false,false,false,false,false,false,-83.19129,42.41638,"{
  ""coordinates"": [
    -8.319128858193061e+01,
    4.241637719404240e+01
  ],
  ""type"": ""Point""
}","{
  ""coordinates"": [
    -83.191288582,
    42.416377194
  ],
  ""type"": ""Point""
}",-83.191288582,42.4163771940001
10965,1467744,RAMP 008P,S M 39,2018-08-31,31,8,2018,22,6,5,1,,1,0,Concrete,1,2,4,55,3,2,3,4,0,0,0,1,false,false,false,false,false,false,false,false,false,false,false,false,false,true,false,false,false,false,false,false,false,false,-83.21709,42.37853,"{
  ""coordinates"": [
    -8.321709037752819e+01,
    4.237852950256590e+01
  ],
  ""type"": ""Point""
}","{
  ""coordinates"": [
    -83.217090378,
    42.378529503
  ],
  ""type"": ""Point""
}",-83.217090378,42.378529503
10966,1462551,MOUND,8 MILE,2018-08-31,31,8,2018,10,6,5,3,,2,0,Asphalt,1,1,1,,3,2,0,5,0,0,0,0,true,true,false,false,true,false,false,false,false,false,false,false,false,false,false,false,false,false,false,false,false,false,-83.04427,42.44749,"{
  ""coordinates"": [
    -8.304427095325880e+01,
    4.244748715567690e+01
  ],
  ""type"": ""Point""
}","{
  ""coordinates"": [
    -83.044270953,
    42.447487156
  ],
  ""type"": ""Point""
}",-83.044270953,42.4474871560001
10967,1467798,MANNING,HAMBURG,2018-08-31,31,8,2018,21,6,97,9,,,1,,1,1,4,25,2,1,2,5,0,0,0,0,true,false,false,false,false,false,false,false,false,false,true,false,false,false,false,false,false,false,false,false,false,false,-82.99767,42.44028,"{
  ""coordinates"": [
    -8.299766842107270e+01,
    4.244028301200210e+01
  ],
  ""type"": ""Point""
}","{
  ""coordinates"": [
    -82.997668421,
    42.440283012
  ],
  ""type"": ""Point""
}",-82.997668421,42.4402830120001
10968,1463210,MCNICHOLS,BEAVERLAND,2018-08-31,31,8,2018,8,6,1,9,,2,1,Asphalt,1,1,1,35,4,1,1,5,0,0,0,0,true,true,false,false,false,false,false,false,false,false,true,false,false,false,false,false,false,false,false,false,false,false,-83.26626,42.41473,"{
  ""coordinates"": [
    -8.326626196764710e+01,
    4.241473018612070e+01
  ],
  ""type"": ""Point""
}","{
  ""coordinates"": [
    -83.266261968,
    42.414730186
  ],
  ""type"": ""Point""
}",-83.266261968,42.414730186
10969,1462490,JEFFERSON,N I 375,2018-08-31,31,8,2018,17,6,8,4,,1,0,Asphalt,1,1,1,35,5,2,4,5,0,0,0,0,true,false,false,false,false,false,false,false,false,false,false,false,false,true,false,false,false,false,false,false,false,false,-83.03928,42.33074,"{
  ""coordinates"": [
    -8.303928568055360e+01,
    4.233074160009170e+01
  ],
  ""type"": ""Point""
}","{
  ""coordinates"": [
    -83.039285681,
    42.3307416
  ],
  ""type"": ""Point""
}",-83.039285681,42.3307416000001
10970,1462502,WOODWARD,GRATIOT,2018-08-31,31,8,2018,14,6,5,9,,4,0,Concrete,1,1,1,25,2,2,1,5,0,0,0,0,true,false,false,false,true,false,false,false,false,false,false,false,false,false,false,false,false,false,false,false,false,false,-83.0478,42.33288,"{
  ""coordinates"": [
    -8.304779832386220e+01,
    4.233287813576740e+01
  ],
  ""type"": ""Point""
}","{
  ""coordinates"": [
    -83.047798324,
    42.332878136
  ],
  ""type"": ""Point""
}",-83.047798324,42.332878136
10971,1465761,FLOYD,LIVERNOIS,2018-08-31,31,8,2018,23,6,8,9,,,0,,1,1,5,25,1,2,0,5,0,0,0,0,true,false,false,false,true,false,false,false,false,false,false,false,false,false,false,false,false,false,false,false,false,false,-83.13346,42.34827,"{
  ""coordinates"": [
    -8.313346090906860e+01,
    4.234827201356850e+01
  ],
  ""type"": ""Point""
}","{
  ""coordinates"": [
    -83.133460909,
    42.348272014
  ],
  ""type"": ""Point""
}",-83.133460909,42.348272014
10972,1462504,BAGLEY,1 ST,2018-08-31,31,8,2018,16,6,5,9,,4,0,Asphalt,1,1,1,25,4,2,2,4,0,0,0,2,false,false,false,false,false,false,false,false,false,false,false,false,false,true,false,false,false,false,false,false,false,false,-83.05531,42.33308,"{
  ""coordinates"": [
    -8.305531404114031e+01,
    4.233308080376650e+01
  ],
  ""type"": ""Point""
}","{
  ""coordinates"": [
    -83.055314041,
    42.333080804
  ],
  ""type"": ""Point""
}",-83.055314041,42.3330808040001
10973,1464822,7 MILE,JOANN,2018-08-31,31,8,2018,15,6,5,9,,4,0,Asphalt,1,1,1,30,2,3,2,3,0,0,1,0,false,false,false,false,false,false,false,false,false,false,true,false,false,false,false,false,false,false,false,false,false,false,-82.99035,42.4348,"{
  ""coordinates"": [
    -8.299034830543160e+01,
    4.243480050170530e+01
  ],
  ""type"": ""Point""
}","{
  ""coordinates"": [
    -82.990348305,
    42.434800502
  ],
  ""type"": ""Point""
}",-82.9903483049999,42.434800502
10974,1464833,LONYO,ARNOLD,2018-08-31,31,8,2018,23,6,4,9,,4,0,Asphalt,1,1,4,25,4,2,2,5,0,0,0,0,true,false,true,true,false,false,false,false,false,false,false,false,false,false,true,false,false,false,false,false,false,false,-83.1431,42.32859,"{
  ""coordinates"": [
    -8.314310033317069e+01,
    4.232859073123380e+01
  ],
  ""type"": ""Point""
}","{
  ""coordinates"": [
    -83.143100333,
    42.328590731
  ],
  ""type"": ""Point""
}",-83.1431003329999,42.3285907310001
10975,1462513,OUTER,N OUTER/N I 75,2018-08-31,31,8,2018,15,6,4,1,,2,0,Asphalt,1,1,1,35,3,2,3,4,0,0,0,1,false,false,false,false,false,false,false,false,false,false,false,false,false,false,true,false,false,false,false,false,false,false,-83.16946,42.26469,"{
  ""coordinates"": [
    -8.316946054331200e+01,
    4.226469505344740e+01
  ],
  ""type"": ""Point""
}","{
  ""coordinates"": [
    -83.169460543,
    42.264695053
  ],
  ""type"": ""Point""
}",-83.169460543,42.264695053
10976,1466609,I 94 E/B,VAN DYKE,2018-08-31,31,8,2018,11,6,5,1,,1,0,Asphalt,1,1,1,70,3,2,2,5,0,0,0,0,true,false,false,false,false,false,false,false,false,false,false,false,false,false,false,false,false,false,false,false,false,false,-83.01843,42.38693,"{
  ""coordinates"": [
    -8.301843089402820e+01,
    4.238693399651210e+01
  ],
  ""type"": ""Point""
}","{
  ""coordinates"": [
    -83.018430894,
    42.386933997
  ],
  ""type"": ""Point""
}",-83.0184308939999,42.386933997
10977,1464795,I375,MONROE,2018-08-31,31,8,2018,16,6,5,1,,1,0,Asphalt,1,1,1,70,3,2,2,5,0,0,0,0,true,false,false,false,false,false,false,false,false,false,false,false,false,false,false,false,false,false,false,false,false,false,-83.03855,42.33653,"{
  ""coordinates"": [
    -8.303855043523720e+01,
    4.233653371419410e+01
  ],
  ""type"": ""Point""
}","{
  ""coordinates"": [
    -83.038550435,
    42.336533714
  ],
  ""type"": ""Point""
}",-83.038550435,42.336533714
10978,1463215,RAMP 223C,W I 94 SERVICE DRIVE,2018-08-31,31,8,2018,14,6,5,1,,1,0,Asphalt,1,1,1,35,1,3,1,4,0,0,0,1,false,false,false,false,true,false,false,false,false,false,false,false,false,false,false,false,false,false,false,false,false,false,-82.9373,42.41767,"{
  ""coordinates"": [
    -8.293730193971160e+01,
    4.241766709365910e+01
  ],
  ""type"": ""Point""
}","{
  ""coordinates"": [
    -82.93730194,
    42.417667094
  ],
  ""type"": ""Point""
}",-82.9373019399999,42.4176670940001
10979,1462517,STOUT,JOY,2018-08-31,31,8,2018,21,6,9,9,,,2,,1,1,4,25,1,2,0,5,0,0,0,0,true,false,false,false,true,false,false,false,false,false,false,false,false,true,false,false,false,false,false,false,false,false,-83.23961,42.35763,"{
  ""coordinates"": [
    -8.323960667505500e+01,
    4.235763012165170e+01
  ],
  ""type"": ""Point""
}","{
  ""coordinates"": [
    -83.239606675,
    42.357630122
  ],
  ""type"": ""Point""
}",-83.2396066749999,42.357630122
10980,1462532,GRAND RIVER,GLASTONBURY,2018-08-31,31,8,2018,16,6,8,3,,1,0,Asphalt,1,1,1,35,4,2,5,5,0,0,0,0,true,false,false,false,false,false,false,false,false,false,false,false,false,false,false,false,false,false,false,false,false,false,-83.22501,42.4034,"{
  ""coordinates"": [
    -8.322500482221020e+01,
    4.240340105304770e+01
  ],
  ""type"": ""Point""
}","{
  ""coordinates"": [
    -83.225004822,
    42.403401053
  ],
  ""type"": ""Point""
}",-83.225004822,42.403401053
10981,1462553,SIRRON,TERRELL,2018-08-31,31,8,2018,13,6,4,9,,,0,,1,1,1,25,2,2,2,3,0,0,1,0,false,false,false,false,true,false,false,false,false,false,false,false,false,false,true,false,false,false,false,false,false,false,-83.02229,42.44034,"{
  ""coordinates"": [
    -8.302228709946040e+01,
    4.244034051759240e+01
  ],
  ""type"": ""Point""
}","{
  ""coordinates"": [
    -83.022287099,
    42.440340518
  ],
  ""type"": ""Point""
}",-83.022287099,42.440340518
10982,1463960,RANDOLPH,JEFFERSON,2018-08-31,31,8,2018,17,6,8,3,,1,0,Asphalt,1,1,1,35,3,2,2,5,0,0,0,0,true,false,false,false,false,false,false,false,false,false,false,false,false,false,false,false,false,false,false,false,false,false,-83.04185,42.32965,"{
  ""coordinates"": [
    -8.304184580331720e+01,
    4.232965563263470e+01
  ],
  ""type"": ""Point""
}","{
  ""coordinates"": [
    -83.041845803,
    42.329655633
  ],
  ""type"": ""Point""
}",-83.0418458029999,42.3296556330001
10983,1469584,W/B I 94,MT ELLIOT,2018-08-31,31,8,2018,12,6,5,1,,1,0,Asphalt,1,1,1,70,4,2,1,5,0,0,0,0,true,false,false,false,false,false,false,false,false,false,false,false,false,true,false,false,false,false,false,false,false,false,-83.03402,42.37919,"{
  ""coordinates"": [
    -8.303401708356840e+01,
    4.237919016672310e+01
  ],
  ""type"": ""Point""
}","{
  ""coordinates"": [
    -83.034017084,
    42.379190167
  ],
  ""type"": ""Point""
}",-83.034017084,42.379190167
10984,1462509,SCHAEFER,BEATRICE,2018-08-31,31,8,2018,12,6,1,9,,2,0,Asphalt,1,1,1,25,4,2,3,4,0,0,0,1,false,false,false,false,false,false,false,false,false,false,false,false,false,false,false,true,false,false,false,false,true,false,-83.14912,42.27494,"{
  ""coordinates"": [
    -8.314912150648860e+01,
    4.227493545087490e+01
  ],
  ""type"": ""Point""
}","{
  ""coordinates"": [
    -83.149121506,
    42.274935451
  ],
  ""type"": ""Point""
}",-83.149121506,42.274935451
10985,1477821,I-75,JUNCTION,2018-08-31,31,8,2018,21,6,1,1,,1,0,Concrete,1,1,4,60,3,1,2,5,0,0,0,0,true,false,false,false,false,false,false,false,true,false,false,false,false,false,false,false,false,false,false,false,false,false,-83.09872,42.31042,"{
  ""coordinates"": [
    -8.309872582290960e+01,
    4.231042005243130e+01
  ],
  ""type"": ""Point""
}","{
  ""coordinates"": [
    -83.098725823,
    42.310420052
  ],
  ""type"": ""Point""
}",-83.0987258229999,42.310420052
10986,1476998,I-94,ADDISON,2018-08-31,31,8,2018,8,6,5,1,,1,0,Asphalt,1,1,1,55,3,3,4,5,0,0,0,0,true,true,false,false,false,false,false,false,false,false,false,false,false,false,false,false,false,false,false,false,false,false,-83.14636,42.33121,"{
  ""coordinates"": [
    -8.314636295087369e+01,
    4.233121461721400e+01
  ],
  ""type"": ""Point""
}","{
  ""coordinates"": [
    -83.146362951,
    42.331214617
  ],
  ""type"": ""Point""
}",-83.146362951,42.3312146170001
10987,1465796,WYOMING,GRAND RIVER,2018-08-31,31,8,2018,17,6,5,3,,4,0,Asphalt,1,1,1,35,2,2,2,5,0,0,0,0,true,false,false,false,false,false,false,false,false,false,false,false,false,false,true,false,false,false,false,false,false,false,-83.1587,42.37688,"{
  ""coordinates"": [
    -8.315869573599829e+01,
    4.237688485279760e+01
  ],
  ""type"": ""Point""
}","{
  ""coordinates"": [
    -83.158695736,
    42.376884853
  ],
  ""type"": ""Point""
}",-83.158695736,42.376884853
10988,1462496,HUBBELL,TYLER,2018-08-31,31,8,2018,18,6,97,9,,4,0,Asphalt,1,1,1,30,4,3,2,3,0,0,1,0,false,false,true,false,true,false,false,false,false,false,false,false,false,false,false,false,false,false,false,false,false,false,-83.18832,42.38401,"{
  ""coordinates"": [
    -8.318832216414850e+01,
    4.238401595307750e+01
  ],
  ""type"": ""Point""
}","{
  ""coordinates"": [
    -83.188322164,
    42.384015953
  ],
  ""type"": ""Point""
}",-83.1883221639999,42.3840159530001
10989,1462574,CURTIS,WYOMING,2018-08-31,31,8,2018,18,6,4,9,,4,0,Asphalt,1,1,1,30,2,2,2,3,0,0,1,1,false,false,true,true,false,false,false,false,false,false,false,false,false,false,false,false,false,false,false,false,false,false,-83.16079,42.42418,"{
  ""coordinates"": [
    -8.316079235161220e+01,
    4.242417519275060e+01
  ],
  ""type"": ""Point""
}","{
  ""coordinates"": [
    -83.160792352,
    42.424175193
  ],
  ""type"": ""Point""
}",-83.160792352,42.4241751930001
10990,1541300,WYOMING,CAMBRIDGE,2018-08-31,31,8,2018,14,6,8,9,,4,0,Asphalt,1,1,1,35,2,2,2,5,0,0,0,0,true,false,false,false,true,false,false,false,false,false,false,false,false,false,false,false,false,false,false,false,false,false,-83.16104,42.43322,"{
  ""coordinates"": [
    -8.316103893166149e+01,
    4.243321673155400e+01
  ],
  ""type"": ""Point""
}","{
  ""coordinates"": [
    -83.161038932,
    42.433216732
  ],
  ""type"": ""Point""
}",-83.1610389319999,42.4332167320001
10991,1463969,LARNED,SAINT ANTOINE,2018-08-31,31,8,2018,13,6,1,9,,4,0,Asphalt,1,1,1,30,6,2,2,3,0,0,1,0,false,false,false,false,false,false,false,false,false,false,false,false,false,false,false,false,false,false,false,false,true,false,-83.03874,42.33223,"{
  ""coordinates"": [
    -8.303874034759551e+01,
    4.233223280149510e+01
  ],
  ""type"": ""Point""
}","{
  ""coordinates"": [
    -83.038740348,
    42.332232801
  ],
  ""type"": ""Point""
}",-83.038740348,42.332232801
10992,1464807,I 75,MILWAUKEE,2018-08-31,31,8,2018,13,6,8,1,,1,0,Asphalt,1,1,1,55,4,2,2,5,0,0,0,0,true,false,false,false,false,false,false,false,false,false,false,false,false,false,true,false,false,false,false,false,false,false,-83.05997,42.37381,"{
  ""coordinates"": [
    -8.305996891050690e+01,
    4.237381013729740e+01
  ],
  ""type"": ""Point""
}","{
  ""coordinates"": [
    -83.059968911,
    42.373810137
  ],
  ""type"": ""Point""
}",-83.0599689109999,42.3738101370001
10993,1477040,CLAIRMOUNT,ROSA PARKS,2018-08-31,31,8,2018,12,6,2,9,,4,2,Asphalt,1,1,1,30,4,2,2,5,0,0,0,0,true,false,false,false,false,false,false,false,false,false,false,false,false,true,false,false,false,false,false,false,false,false,-83.09926,42.37646,"{
  ""coordinates"": [
    -8.309925957420710e+01,
    4.237646000894730e+01
  ],
  ""type"": ""Point""
}","{
  ""coordinates"": [
    -83.099259574,
    42.376460009
  ],
  ""type"": ""Point""
}",-83.099259574,42.376460009
10994,1462522,OUTER,TIREMAN,2018-08-31,31,8,2018,16,6,8,9,,2,0,Asphalt,1,1,1,25,4,2,3,4,0,0,0,1,false,false,false,false,false,false,false,false,false,false,false,false,false,true,false,false,false,false,false,false,false,false,-83.25465,42.35145,"{
  ""coordinates"": [
    -8.325465646921040e+01,
    4.235145307739010e+01
  ],
  ""type"": ""Point""
}","{
  ""coordinates"": [
    -83.254656469,
    42.351453077
  ],
  ""type"": ""Point""
}",-83.2546564689999,42.351453077
10995,1462562,LIVERNOIS,CLARITA,2018-08-31,31,8,2018,16,6,5,9,,4,0,Asphalt,1,1,1,30,4,2,3,5,0,0,0,0,true,false,false,false,false,false,false,false,false,false,false,false,false,false,false,false,false,false,false,false,false,false,-83.14127,42.42949,"{
  ""coordinates"": [
    -8.314127622027480e+01,
    4.242948782057750e+01
  ],
  ""type"": ""Point""
}","{
  ""coordinates"": [
    -83.14127622,
    42.429487821
  ],
  ""type"": ""Point""
}",-83.14127622,42.4294878210001
10996,1481326,MCNICHOLS,GREENVIEW,2018-08-31,31,8,2018,18,6,98,9,,2,0,Asphalt,1,1,1,25,2,2,0,5,0,0,0,0,true,false,false,false,true,false,false,false,false,false,false,false,false,false,false,false,false,false,false,false,false,false,-83.22445,42.41544,"{
  ""coordinates"": [
    -8.322444950986549e+01,
    4.241544217925740e+01
  ],
  ""type"": ""Point""
}","{
  ""coordinates"": [
    -83.22444951,
    42.415442179
  ],
  ""type"": ""Point""
}",-83.2244495099999,42.4154421790001
10997,1464773,N/B I 75,8 MILE,2018-08-31,31,8,2018,11,6,5,1,,1,0,Asphalt,1,1,1,55,3,2,2,5,0,0,0,0,true,false,false,false,false,false,false,false,false,false,false,false,false,false,false,false,false,false,false,false,false,false,-83.09467,42.44535,"{
  ""coordinates"": [
    -8.309466525433510e+01,
    4.244535179916990e+01
  ],
  ""type"": ""Point""
}","{
  ""coordinates"": [
    -83.094665254,
    42.445351799
  ],
  ""type"": ""Point""
}",-83.0946652539999,42.445351799
10998,1462557,WYOMING,MCNICHOLS,2018-08-31,31,8,2018,4,6,4,9,,4,0,Asphalt,1,1,2,30,6,2,2,4,0,0,0,2,false,false,false,false,false,false,false,false,false,false,false,false,false,false,false,false,false,false,false,false,false,false,-83.16032,42.41691,"{
  ""coordinates"": [
    -8.316032280058580e+01,
    4.241690759529250e+01
  ],
  ""type"": ""Point""
}","{
  ""coordinates"": [
    -83.160322801,
    42.416907595
  ],
  ""type"": ""Point""
}",-83.1603228009999,42.4169075950001
10999,1462565,7 MILE,ROSELAWN,2018-08-31,31,8,2018,20,6,5,9,,2,0,Asphalt,1,1,3,30,5,2,3,3,0,0,1,0,false,false,false,false,false,false,false,false,false,false,false,false,false,false,false,false,false,false,false,false,false,false,-83.15307,42.4314,"{
  ""coordinates"": [
    -8.315306840925960e+01,
    4.243140441815750e+01
  ],
  ""type"": ""Point""
}","{
  ""coordinates"": [
    -83.153068409,
    42.431404418
  ],
  ""type"": ""Point""
}",-83.153068409,42.4314044180001
11000,1464796,I 94,FRENCH,2018-08-31,31,8,2018,16,6,5,1,,1,0,Asphalt,1,1,1,55,3,2,2,4,0,0,0,1,false,false,false,false,false,false,false,false,false,false,true,false,false,false,false,false,false,false,false,false,false,false,-82.99409,42.39281,"{
  ""coordinates"": [
    -8.299408600361591e+01,
    4.239281409119460e+01
  ],
  ""type"": ""Point""
}","{
  ""coordinates"": [
    -82.994086004,
    42.392814091
  ],
  ""type"": ""Point""
}",-82.9940860039999,42.392814091
11001,1492925,N M 39,E I 96,2018-08-31,31,8,2018,20,6,8,3,,1,0,Asphalt,1,1,3,55,3,2,1,5,0,0,0,0,true,false,false,false,true,false,false,false,false,false,false,false,false,false,false,false,false,false,false,false,false,false,-83.21691,42.37867,"{
  ""coordinates"": [
    -8.321691502657021e+01,
    4.237866782714800e+01
  ],
  ""type"": ""Point""
}","{
  ""coordinates"": [
    -83.216915027,
    42.378667827
  ],
  ""type"": ""Point""
}",-83.216915027,42.3786678270001