ObjectId,Crash ID,Primary Road,Intersecting Road,Crash Date,Day,Month,Year,Hour,Weekday,Crash Type Code,Highway Classification Code,Community Code,Jurisdiction Code,Lane Departure Type Code,Surface Type,Road Condition,Weather Condition,Lighting Condition,Speed Limit,Lanes,Units,Occupants,Most Severe Injury,Fatal Injuries,Suspected Serious Injuries,Suspected Minor Injuries,Possible Injuries,Property Damage Only,Secondary Crash,Traffic Control,Red Light Run,Hit and Run,Alcohol,Drugs,Unbelted Person,Work Zone,Speeding Driver,Distracted Driver,Driveway,Pedestrian,Elderly Driver,Young Driver,Commercial Vehicle,Emergency Vehicles,Train,School Bus,Motorcycle,Bicycle,Deer,Longitude,Latitude,geom,geog,x,y
11002,1463216,HAYES,MAPLERIDGE,2018-08-31,31,8,2018,22,6,4,9,,4,0,Asphalt,1,1,4,35,4,2,3,5,0,0,0,0,true,false,true,false,false,false,false,false,false,false,false,false,false,false,false,false,false,false,false,false,false,false,-82.96533,42.42929,"{
  ""coordinates"": [
    -8.296533184005010e+01,
    4.242929646287500e+01
  ],
  ""type"": ""Point""
}","{
  ""coordinates"": [
    -82.96533184,
    42.429296463
  ],
  ""type"": ""Point""
}",-82.96533184,42.4292964630001
11003,1462495,GREENLODGE,GREENFIELD,2018-08-31,31,8,2018,12,6,4,7,,1,0,Asphalt,1,1,1,30,3,2,2,5,0,0,0,0,true,false,true,true,true,false,false,false,false,false,false,false,false,false,false,false,false,false,false,false,false,false,-83.2005,42.44362,"{
  ""coordinates"": [
    -8.320049752545600e+01,
    4.244361980123730e+01
  ],
  ""type"": ""Point""
}","{
  ""coordinates"": [
    -83.200497525,
    42.443619801
  ],
  ""type"": ""Point""
}",-83.2004975249999,42.4436198010001
11004,1462515,KELLY,MORANG,2018-08-31,31,8,2018,7,6,4,9,,2,0,Asphalt,1,1,1,35,5,2,4,4,0,0,0,1,false,false,false,false,false,false,false,false,false,false,false,false,false,false,true,false,false,false,false,false,false,false,-82.95722,42.42914,"{
  ""coordinates"": [
    -8.295722407347340e+01,
    4.242913755642560e+01
  ],
  ""type"": ""Point""
}","{
  ""coordinates"": [
    -82.957224073,
    42.429137556
  ],
  ""type"": ""Point""
}",-82.957224073,42.4291375560001
11005,1463991,7 MILE,NORTHLAWN,2018-08-31,31,8,2018,20,6,5,9,,2,0,Asphalt,1,1,3,30,4,2,5,4,0,0,0,1,false,false,false,false,false,false,false,false,false,false,false,false,false,false,false,false,false,false,false,false,false,false,-83.15408,42.4314,"{
  ""coordinates"": [
    -8.315408110876730e+01,
    4.243139972170820e+01
  ],
  ""type"": ""Point""
}","{
  ""coordinates"": [
    -83.154081109,
    42.431399722
  ],
  ""type"": ""Point""
}",-83.1540811089999,42.431399722
11006,1486908,GRATIOT,7 MILE,2018-08-31,31,8,2018,14,6,97,3,,1,0,Asphalt,1,1,1,35,7,3,3,4,0,0,0,2,false,false,true,true,false,false,false,false,false,false,false,false,false,false,false,false,false,false,false,false,false,false,-82.9777,42.43508,"{
  ""coordinates"": [
    -8.297769594870300e+01,
    4.243507744376800e+01
  ],
  ""type"": ""Point""
}","{
  ""coordinates"": [
    -82.977695949,
    42.435077444
  ],
  ""type"": ""Point""
}",-82.977695949,42.4350774440001
11007,1488073,GRINNELL,RAYMOND,2018-08-31,31,8,2018,5,6,97,9,,4,3,Asphalt,1,2,4,30,2,12,1,4,0,0,0,1,false,false,false,false,false,false,false,false,false,true,false,false,false,false,false,true,false,false,false,false,false,false,-83.00875,42.40122,"{
  ""coordinates"": [
    -8.300875172950541e+01,
    4.240122388019610e+01
  ],
  ""type"": ""Point""
}","{
  ""coordinates"": [
    -83.00875173,
    42.40122388
  ],
  ""type"": ""Point""
}",-83.00875173,42.40122388
11008,1462514,GRATIOT,FRENCH,2018-08-31,31,8,2018,12,6,5,3,,1,0,Asphalt,1,1,1,45,6,2,2,5,0,0,0,0,true,false,false,false,false,false,false,false,false,false,false,false,false,false,false,true,false,false,false,false,false,false,-83.00041,42.40046,"{
  ""coordinates"": [
    -8.300041086158430e+01,
    4.240045686154610e+01
  ],
  ""type"": ""Point""
}","{
  ""coordinates"": [
    -83.000410862,
    42.400456862
  ],
  ""type"": ""Point""
}",-83.000410862,42.4004568620001
11009,1462523,JOY,EVERGREEN,2018-08-31,31,8,2018,21,6,5,9,,2,0,Asphalt,1,1,4,35,4,2,3,4,0,0,0,1,false,false,false,false,true,false,false,false,false,false,false,false,false,false,false,false,false,false,false,false,false,false,-83.23599,42.35757,"{
  ""coordinates"": [
    -8.323599325130650e+01,
    4.235757166945050e+01
  ],
  ""type"": ""Point""
}","{
  ""coordinates"": [
    -83.235993251,
    42.357571669
  ],
  ""type"": ""Point""
}",-83.235993251,42.357571669
11010,1462578,MONTE VISTA,CHIPAWA,2018-08-31,31,8,2018,22,6,9,9,,,0,,1,1,4,25,2,2,1,5,0,0,0,0,true,false,false,false,true,false,false,false,false,false,false,false,false,false,false,false,false,false,false,false,false,false,-83.1689,42.44079,"{
  ""coordinates"": [
    -8.316889992944439e+01,
    4.244079279952790e+01
  ],
  ""type"": ""Point""
}","{
  ""coordinates"": [
    -83.168899929,
    42.4407928
  ],
  ""type"": ""Point""
}",-83.168899929,42.4407928000001
11011,1464810,I 75,M 8,2018-08-31,31,8,2018,14,6,5,1,,1,0,Concrete,1,1,1,70,4,3,6,4,0,0,0,1,false,false,false,false,false,false,false,false,false,false,false,false,false,false,false,false,false,false,false,false,false,false,-83.07915,42.40857,"{
  ""coordinates"": [
    -8.307915471258920e+01,
    4.240856772974650e+01
  ],
  ""type"": ""Point""
}","{
  ""coordinates"": [
    -83.079154713,
    42.40856773
  ],
  ""type"": ""Point""
}",-83.079154713,42.4085677300001
11012,1462538,7 MILE,EVERGREEN,2018-08-31,31,8,2018,18,6,8,9,,2,0,Asphalt,1,1,1,35,4,2,1,5,0,0,0,0,true,false,false,false,true,false,false,false,false,false,false,false,false,false,false,false,false,false,false,false,false,false,-83.23878,42.42957,"{
  ""coordinates"": [
    -8.323878368980310e+01,
    4.242957422931810e+01
  ],
  ""type"": ""Point""
}","{
  ""coordinates"": [
    -83.23878369,
    42.429574229
  ],
  ""type"": ""Point""
}",-83.2387836899999,42.429574229
11013,1463225,JOHN R,HANCOCK,2018-08-31,31,8,2018,21,6,4,9,,4,0,Asphalt,1,1,4,30,2,2,2,5,0,0,0,0,true,false,true,true,false,false,false,false,false,false,false,false,false,true,false,false,false,false,false,false,false,false,-83.06148,42.35673,"{
  ""coordinates"": [
    -8.306147825314930e+01,
    4.235673224296010e+01
  ],
  ""type"": ""Point""
}","{
  ""coordinates"": [
    -83.061478253,
    42.356732243
  ],
  ""type"": ""Point""
}",-83.061478253,42.3567322430001
11014,1462489,TELEGRAPH,MCNICHOLS,2018-08-31,31,8,2018,16,6,5,2,,1,0,Asphalt,1,1,1,45,4,3,3,4,0,0,0,1,false,false,false,false,true,false,false,false,false,false,false,false,false,false,true,false,false,false,false,false,false,false,-83.27689,42.4125,"{
  ""coordinates"": [
    -8.327689062179590e+01,
    4.241250230262390e+01
  ],
  ""type"": ""Point""
}","{
  ""coordinates"": [
    -83.276890622,
    42.412502303
  ],
  ""type"": ""Point""
}",-83.2768906219999,42.4125023030001
11015,1476509,WARREN,GARLING,2018-08-31,31,8,2018,10,6,5,9,,2,0,Asphalt,1,1,1,35,4,2,3,5,0,0,0,0,true,false,false,false,false,false,false,false,false,false,false,false,false,false,true,false,false,false,false,false,false,false,-83.23998,42.34305,"{
  ""coordinates"": [
    -8.323998206000620e+01,
    4.234304770378100e+01
  ],
  ""type"": ""Point""
}","{
  ""coordinates"": [
    -83.23998206,
    42.343047704
  ],
  ""type"": ""Point""
}",-83.23998206,42.3430477040001
11016,1472034,S I 75,CONSOLIDATED RAIL CORPORATION,2018-08-31,31,8,2018,9,6,5,1,,1,0,Asphalt,1,1,1,55,4,3,3,4,0,0,0,2,false,false,false,false,true,false,false,false,false,false,true,false,false,false,false,true,false,false,false,false,false,false,-83.06071,42.3751,"{
  ""coordinates"": [
    -8.306071005798459e+01,
    4.237510204405980e+01
  ],
  ""type"": ""Point""
}","{
  ""coordinates"": [
    -83.060710058,
    42.375102044
  ],
  ""type"": ""Point""
}",-83.060710058,42.3751020440001
11017,1462573,MEYERS,OUTER,2018-08-31,31,8,2018,11,6,5,9,,4,0,Asphalt,1,1,1,30,4,2,2,5,0,0,0,0,true,false,false,false,false,false,false,false,false,false,false,false,false,false,false,true,false,false,false,false,false,false,-83.17085,42.43482,"{
  ""coordinates"": [
    -8.317085052932499e+01,
    4.243482229925570e+01
  ],
  ""type"": ""Point""
}","{
  ""coordinates"": [
    -83.170850529,
    42.434822299
  ],
  ""type"": ""Point""
}",-83.1708505289999,42.4348222990001
11018,1475321,MARTIN LUTHER KING JR,LINCOLN,2018-08-31,31,8,2018,18,6,5,9,,4,0,Asphalt,1,1,1,30,3,2,2,5,0,0,0,0,true,false,false,false,false,false,false,false,false,true,false,false,false,false,false,false,true,false,false,false,false,false,-83.0719,42.34216,"{
  ""coordinates"": [
    -8.307190119129690e+01,
    4.234215798027060e+01
  ],
  ""type"": ""Point""
}","{
  ""coordinates"": [
    -83.071901191,
    42.34215798
  ],
  ""type"": ""Point""
}",-83.0719011909999,42.34215798
11019,1462556,8 MILE,SHERWOOD,2018-08-31,31,8,2018,23,6,5,3,,1,0,Asphalt,1,1,4,,3,2,1,5,0,0,0,0,true,true,false,false,true,false,false,false,false,false,false,false,false,false,false,false,false,false,false,false,false,false,-83.03312,42.44796,"{
  ""coordinates"": [
    -8.303311650264470e+01,
    4.244796210075730e+01
  ],
  ""type"": ""Point""
}","{
  ""coordinates"": [
    -83.033116503,
    42.447962101
  ],
  ""type"": ""Point""
}",-83.033116503,42.447962101
11020,1462503,GREENFIELD,7 MILE,2018-08-31,31,8,2018,16,6,8,9,,2,0,Asphalt,1,1,1,35,2,2,1,5,0,0,0,0,true,false,false,false,false,false,false,false,false,false,false,false,false,false,false,false,false,false,false,false,false,false,-83.19987,42.43042,"{
  ""coordinates"": [
    -8.319987374423640e+01,
    4.243042209990690e+01
  ],
  ""type"": ""Point""
}","{
  ""coordinates"": [
    -83.199873744,
    42.4304221
  ],
  ""type"": ""Point""
}",-83.1998737439999,42.4304221
11021,1462486,CENTRAL,PICNIC,2018-08-31,31,8,2018,15,6,6,3,,1,0,Asphalt,1,1,1,25,2,2,2,5,0,0,0,0,true,false,false,false,false,false,false,false,false,false,false,false,false,false,true,false,false,false,false,false,false,false,-82.99271,42.33731,"{
  ""coordinates"": [
    -8.299271170166990e+01,
    4.233731258665370e+01
  ],
  ""type"": ""Point""
}","{
  ""coordinates"": [
    -82.992711702,
    42.337312587
  ],
  ""type"": ""Point""
}",-82.992711702,42.337312587
11022,1476251,BAUBIEN,MONROE,2018-08-31,31,8,2018,14,6,8,9,,4,0,Asphalt,98,98,98,25,3,2,1,5,0,0,0,0,true,false,false,false,false,false,false,false,false,false,false,false,false,true,false,false,false,false,false,false,false,false,-83.04263,42.335,"{
  ""coordinates"": [
    -8.304263554775460e+01,
    4.233499692394940e+01
  ],
  ""type"": ""Point""
}","{
  ""coordinates"": [
    -83.042635548,
    42.334996924
  ],
  ""type"": ""Point""
}",-83.042635548,42.3349969240001
11023,1462492,WOODWARD,CLIFFORD,2018-08-31,31,8,2018,23,6,5,9,,4,0,Concrete,1,2,4,25,4,2,3,5,0,0,0,0,true,false,false,false,false,false,false,false,false,false,false,false,false,false,false,false,false,false,false,false,false,false,-83.04933,42.33483,"{
  ""coordinates"": [
    -8.304933181112280e+01,
    4.233483188028560e+01
  ],
  ""type"": ""Point""
}","{
  ""coordinates"": [
    -83.049331811,
    42.33483188
  ],
  ""type"": ""Point""
}",-83.0493318109999,42.3348318800001
11024,1475320,DAVISON,GALLAGHER,2018-08-31,31,8,2018,15,6,5,9,,4,0,Asphalt,1,1,1,55,3,4,6,3,0,0,1,4,false,false,false,false,false,false,false,false,false,false,false,false,false,true,true,false,false,false,false,false,false,false,-83.06506,42.41418,"{
  ""coordinates"": [
    -8.306505466075281e+01,
    4.241417786646410e+01
  ],
  ""type"": ""Point""
}","{
  ""coordinates"": [
    -83.065054661,
    42.414177866
  ],
  ""type"": ""Point""
}",-83.065054661,42.414177866
11025,1467815,CHALMERS,HARPER,2018-08-31,31,8,2018,15,6,97,9,,4,0,Asphalt,1,1,1,30,2,2,2,5,0,0,0,0,true,false,true,true,false,false,false,false,false,false,false,true,false,false,false,false,false,false,false,false,false,false,-82.96464,42.40475,"{
  ""coordinates"": [
    -8.296463536999940e+01,
    4.240474745137110e+01
  ],
  ""type"": ""Point""
}","{
  ""coordinates"": [
    -82.96463537,
    42.404747451
  ],
  ""type"": ""Point""
}",-82.9646353699999,42.404747451
11026,1462493,FENKELL,ARDMORE,2018-08-31,31,8,2018,16,6,5,9,,2,0,Asphalt,1,1,1,40,4,3,3,4,0,0,0,1,false,false,false,false,true,false,false,false,false,false,false,false,false,false,false,false,false,false,false,false,false,false,-83.18456,42.40194,"{
  ""coordinates"": [
    -8.318455808980920e+01,
    4.240193678637910e+01
  ],
  ""type"": ""Point""
}","{
  ""coordinates"": [
    -83.18455809,
    42.401936786
  ],
  ""type"": ""Point""
}",-83.1845580899999,42.4019367860001
11027,1462494,SAINT MARYS,KENDALL,2018-08-31,31,8,2018,3,6,5,9,,,0,,1,1,1,25,1,2,2,5,0,0,0,0,true,false,false,false,false,true,false,false,false,false,false,false,false,false,false,false,false,false,false,false,false,false,-83.20581,42.39021,"{
  ""coordinates"": [
    -8.320581185307550e+01,
    4.239020636627630e+01
  ],
  ""type"": ""Point""
}","{
  ""coordinates"": [
    -83.205811853,
    42.390206366
  ],
  ""type"": ""Point""
}",-83.2058118529999,42.390206366
11028,1511565,CHELSEA,QUEEN,2018-08-31,31,8,2018,10,6,4,9,,,0,,1,2,1,25,2,2,1,5,0,0,0,0,true,false,true,false,true,false,false,false,false,false,false,false,false,false,false,false,false,false,false,false,false,false,-82.96687,42.41217,"{
  ""coordinates"": [
    -8.296686399984470e+01,
    4.241217173967500e+01
  ],
  ""type"": ""Point""
}","{
  ""coordinates"": [
    -82.966864,
    42.41217174
  ],
  ""type"": ""Point""
}",-82.966864,42.4121717400001
11029,1462530,MCNICHOLS,ROSEMONT,2018-08-31,31,8,2018,0,6,5,9,,2,0,Asphalt,1,1,4,35,2,2,1,5,0,0,0,0,true,false,false,false,false,true,false,false,false,true,false,false,false,false,false,true,false,false,false,false,false,false,-83.22161,42.4155,"{
  ""coordinates"": [
    -8.322161455129370e+01,
    4.241549735940930e+01
  ],
  ""type"": ""Point""
}","{
  ""coordinates"": [
    -83.221614551,
    42.415497359
  ],
  ""type"": ""Point""
}",-83.221614551,42.415497359
11030,1462529,8 MILE,CIRCLE,2018-08-31,31,8,2018,23,6,8,3,,1,0,Asphalt,1,1,4,35,2,2,1,5,0,0,0,0,true,false,false,false,true,false,false,false,false,false,false,false,false,false,false,false,false,false,false,false,false,false,-83.21745,42.44423,"{
  ""coordinates"": [
    -8.321744365209850e+01,
    4.244423030789300e+01
  ],
  ""type"": ""Point""
}","{
  ""coordinates"": [
    -83.217443652,
    42.444230308
  ],
  ""type"": ""Point""
}",-83.217443652,42.444230308
11031,1462546,GREENFIELD,S M 10,2018-08-30,30,8,2018,13,5,97,7,,1,0,Asphalt,1,1,1,35,2,2,1,5,0,0,0,0,true,false,false,false,false,false,false,false,false,false,false,false,false,true,false,false,false,false,false,false,false,false,-83.20039,42.44231,"{
  ""coordinates"": [
    -8.320038432168650e+01,
    4.244231434522520e+01
  ],
  ""type"": ""Point""
}","{
  ""coordinates"": [
    -83.200384322,
    42.442314345
  ],
  ""type"": ""Point""
}",-83.2003843219999,42.4423143450001
11032,1462572,LIVERNOIS,MIDLAND,2018-08-30,30,8,2018,1,5,5,9,,4,0,Asphalt,1,1,4,30,3,2,1,5,0,0,0,0,true,false,false,false,true,false,false,false,false,true,false,false,false,false,false,false,false,false,false,false,false,false,-83.14027,42.40624,"{
  ""coordinates"": [
    -8.314027382640199e+01,
    4.240624030337200e+01
  ],
  ""type"": ""Point""
}","{
  ""coordinates"": [
    -83.140273826,
    42.406240303
  ],
  ""type"": ""Point""
}",-83.1402738259999,42.4062403030001
11033,1464780,RAMP 017B,MACOMB,2018-08-30,30,8,2018,8,5,5,1,,1,0,Asphalt,1,2,1,55,4,2,2,5,0,0,0,0,true,false,false,false,false,false,false,false,false,false,false,false,false,false,true,true,false,false,false,false,false,false,-83.03946,42.33727,"{
  ""coordinates"": [
    -8.303945907354310e+01,
    4.233726714669310e+01
  ],
  ""type"": ""Point""
}","{
  ""coordinates"": [
    -83.039459074,
    42.337267147
  ],
  ""type"": ""Point""
}",-83.039459074,42.337267147
11034,1475322,RAMP 010B,N M 39,2018-08-30,30,8,2018,9,5,5,3,,1,0,Asphalt,1,1,1,55,1,2,4,3,0,0,1,1,false,false,false,false,false,false,false,false,false,false,false,false,false,false,false,false,false,false,false,false,false,false,-83.21873,42.41739,"{
  ""coordinates"": [
    -8.321873273464620e+01,
    4.241738438279020e+01
  ],
  ""type"": ""Point""
}","{
  ""coordinates"": [
    -83.218732735,
    42.417384383
  ],
  ""type"": ""Point""
}",-83.2187327349999,42.4173843830001
11035,1462544,EVERGREEN,MCNICHOLS,2018-08-30,30,8,2018,17,5,5,9,,4,0,Concrete,1,1,1,25,2,2,2,5,0,0,0,0,true,false,false,false,true,false,false,false,false,false,false,false,false,false,false,false,false,false,false,false,false,false,-83.2382,42.41511,"{
  ""coordinates"": [
    -8.323820124636460e+01,
    4.241510669383540e+01
  ],
  ""type"": ""Point""
}","{
  ""coordinates"": [
    -83.238201246,
    42.415106694
  ],
  ""type"": ""Point""
}",-83.238201246,42.415106694
11036,1463234,WOODWARD,CHANDLER,2018-08-30,30,8,2018,18,5,7,3,,1,0,Asphalt,1,1,1,30,6,2,2,5,0,0,0,0,true,false,false,false,false,false,false,false,false,false,false,false,false,false,false,false,false,false,false,false,false,false,-83.07584,42.37405,"{
  ""coordinates"": [
    -8.307583781200080e+01,
    4.237404820142840e+01
  ],
  ""type"": ""Point""
}","{
  ""coordinates"": [
    -83.075837812,
    42.374048201
  ],
  ""type"": ""Point""
}",-83.075837812,42.3740482010001
11037,1461355,HERN,OUTER,2018-08-30,30,8,2018,12,5,5,9,,4,0,Asphalt,1,1,1,25,3,2,2,5,0,0,0,0,true,false,false,false,false,false,false,false,false,false,false,false,false,false,false,false,false,false,false,false,false,false,-82.96006,42.40465,"{
  ""coordinates"": [
    -8.296005978533140e+01,
    4.240464606075590e+01
  ],
  ""type"": ""Point""
}","{
  ""coordinates"": [
    -82.960059785,
    42.404646061
  ],
  ""type"": ""Point""
}",-82.9600597849999,42.4046460610001
11038,1464808,I96,M39,2018-08-30,30,8,2018,17,5,8,1,,1,0,Concrete,1,2,1,70,3,2,3,5,0,0,0,0,true,false,false,false,false,false,false,false,false,false,true,false,false,false,false,false,false,false,false,false,false,false,-83.21507,42.37882,"{
  ""coordinates"": [
    -8.321506752026239e+01,
    4.237881980082160e+01
  ],
  ""type"": ""Point""
}","{
  ""coordinates"": [
    -83.21506752,
    42.378819801
  ],
  ""type"": ""Point""
}",-83.2150675199999,42.3788198010001
11039,1461322,ALSTEAD,MOROSS,2018-08-30,30,8,2018,12,5,8,9,,,0,,1,2,1,25,2,2,2,5,0,0,0,0,true,false,false,false,false,false,false,false,false,false,false,false,false,false,false,false,true,false,false,false,false,false,-82.92764,42.42427,"{
  ""coordinates"": [
    -8.292764599925360e+01,
    4.242426511026330e+01
  ],
  ""type"": ""Point""
}","{
  ""coordinates"": [
    -82.927645999,
    42.42426511
  ],
  ""type"": ""Point""
}",-82.9276459989999,42.4242651100001
11040,1462519,BRAILE,CAPITOL,2018-08-30,30,8,2018,21,5,97,9,,,0,,2,1,4,25,2,1,1,5,0,0,0,0,true,false,false,false,false,false,false,false,false,false,false,false,false,false,true,false,false,false,false,false,false,false,-83.24383,42.37635,"{
  ""coordinates"": [
    -8.324383144679580e+01,
    4.237634671338650e+01
  ],
  ""type"": ""Point""
}","{
  ""coordinates"": [
    -83.243831447,
    42.376346713
  ],
  ""type"": ""Point""
}",-83.2438314469999,42.376346713
11041,1461327,CONNER,94 SERVICE,2018-08-30,30,8,2018,10,5,5,9,,4,0,Asphalt,1,1,3,25,2,2,4,5,0,0,0,0,true,false,false,false,false,false,false,false,false,false,false,false,false,false,false,false,false,false,false,false,false,false,-82.9902,42.39708,"{
  ""coordinates"": [
    -8.299019450572810e+01,
    4.239708170106080e+01
  ],
  ""type"": ""Point""
}","{
  ""coordinates"": [
    -82.990194506,
    42.397081701
  ],
  ""type"": ""Point""
}",-82.990194506,42.397081701
11042,1462566,8 MILE,GREENFIELD,2018-08-30,30,8,2018,14,5,4,3,,1,0,Asphalt,1,1,1,40,3,2,2,5,0,0,0,0,true,false,false,false,false,false,false,false,false,false,false,false,false,false,false,false,false,false,false,false,false,false,-83.20049,42.44479,"{
  ""coordinates"": [
    -8.320048260804680e+01,
    4.244478952487390e+01
  ],
  ""type"": ""Point""
}","{
  ""coordinates"": [
    -83.200482608,
    42.444789525
  ],
  ""type"": ""Point""
}",-83.200482608,42.444789525
11043,1461348,RUSSELL,DIVISION,2018-08-30,30,8,2018,22,5,97,9,,4,0,Asphalt,1,1,4,25,3,2,2,5,0,0,0,0,true,false,false,false,false,false,false,false,false,false,false,false,false,false,false,false,false,false,false,false,false,false,-83.04109,42.34729,"{
  ""coordinates"": [
    -8.304108980587830e+01,
    4.234729147391020e+01
  ],
  ""type"": ""Point""
}","{
  ""coordinates"": [
    -83.041089806,
    42.347291474
  ],
  ""type"": ""Point""
}",-83.0410898059999,42.347291474
11044,1462550,SYRACUSE,CHARLES,2018-08-30,30,8,2018,22,5,4,9,,,0,,1,1,4,30,4,2,4,4,0,0,0,1,false,false,false,false,false,false,false,false,false,false,false,false,false,false,false,false,false,false,false,false,false,false,-83.04456,42.41186,"{
  ""coordinates"": [
    -8.304455978225720e+01,
    4.241186165605540e+01
  ],
  ""type"": ""Point""
}","{
  ""coordinates"": [
    -83.044559782,
    42.411861656
  ],
  ""type"": ""Point""
}",-83.044559782,42.411861656
11045,1461325,CHARLMERS,TROESTER,2018-08-30,30,8,2018,8,5,1,9,,4,1,Asphalt,1,2,1,30,2,1,1,5,0,0,0,0,true,false,false,false,false,false,false,false,false,false,false,false,false,false,false,false,false,false,false,false,false,false,-82.97505,42.42623,"{
  ""coordinates"": [
    -8.297504818991879e+01,
    4.242622708194030e+01
  ],
  ""type"": ""Point""
}","{
  ""coordinates"": [
    -82.97504819,
    42.426227082
  ],
  ""type"": ""Point""
}",-82.9750481899999,42.426227082
11046,1462549,OUTER,RYAN,2018-08-30,30,8,2018,14,5,97,9,,2,0,Asphalt,1,1,1,30,4,3,7,4,0,0,0,4,false,false,true,true,false,false,false,false,false,false,false,false,false,false,false,false,false,false,false,false,false,false,-83.06355,42.44033,"{
  ""coordinates"": [
    -8.306355454088190e+01,
    4.244032814019910e+01
  ],
  ""type"": ""Point""
}","{
  ""coordinates"": [
    -83.063554541,
    42.44032814
  ],
  ""type"": ""Point""
}",-83.063554541,42.4403281400001
11047,1462521,MONTROSE,MAJESTIC,2018-08-30,30,8,2018,19,5,9,9,,,2,,1,1,1,25,2,2,1,5,0,0,0,0,true,false,false,false,false,false,false,false,false,false,false,false,false,true,false,false,false,false,false,false,false,false,-83.19883,42.34653,"{
  ""coordinates"": [
    -8.319883329200300e+01,
    4.234653256857680e+01
  ],
  ""type"": ""Point""
}","{
  ""coordinates"": [
    -83.198833292,
    42.346532569
  ],
  ""type"": ""Point""
}",-83.198833292,42.346532569
11048,1462560,WYOMING,MCNICHOLS,2018-08-30,30,8,2018,16,5,8,9,,4,0,Asphalt,1,1,1,30,4,2,1,4,0,0,0,1,false,false,false,false,true,false,false,false,false,false,true,false,false,false,false,false,false,false,false,false,false,false,-83.16032,42.41689,"{
  ""coordinates"": [
    -8.316032211095730e+01,
    4.241689311334500e+01
  ],
  ""type"": ""Point""
}","{
  ""coordinates"": [
    -83.160322111,
    42.416893113
  ],
  ""type"": ""Point""
}",-83.160322111,42.4168931130001
11049,1462552,8 MILE,RYAN,2018-08-30,30,8,2018,21,5,4,3,,1,0,Asphalt,1,1,4,45,2,2,1,4,0,0,0,1,false,false,true,true,true,false,false,false,false,false,false,false,false,false,false,false,false,false,false,false,false,false,-83.06202,42.44731,"{
  ""coordinates"": [
    -8.306202275803059e+01,
    4.244730965380150e+01
  ],
  ""type"": ""Point""
}","{
  ""coordinates"": [
    -83.062022758,
    42.447309654
  ],
  ""type"": ""Point""
}",-83.062022758,42.447309654
11050,1462571,PEMBROKE,JAMES COUZENS,2018-08-30,30,8,2018,12,5,1,9,,4,0,Asphalt,1,2,1,25,2,1,1,5,0,0,0,0,true,false,false,false,false,false,false,false,false,false,false,false,false,false,false,false,false,false,false,false,false,false,-83.19458,42.43781,"{
  ""coordinates"": [
    -8.319457804559831e+01,
    4.243781148531680e+01
  ],
  ""type"": ""Point""
}","{
  ""coordinates"": [
    -83.194578046,
    42.437811485
  ],
  ""type"": ""Point""
}",-83.1945780459999,42.4378114850001
11051,1461305,SCHAEFER,FULLERTON,2018-08-30,30,8,2018,11,5,5,9,,4,0,Asphalt,1,1,1,30,2,2,2,5,0,0,0,0,true,false,false,false,true,false,false,false,false,false,false,false,false,false,false,false,false,false,false,false,false,false,-83.1783,42.38138,"{
  ""coordinates"": [
    -8.317829967796200e+01,
    4.238138179969680e+01
  ],
  ""type"": ""Point""
}","{
  ""coordinates"": [
    -83.178299678,
    42.3813818
  ],
  ""type"": ""Point""
}",-83.178299678,42.3813818
11052,1462505,GRAND RIVER,FARMER,2018-08-30,30,8,2018,1,5,8,9,,4,0,Asphalt,1,1,1,30,2,2,2,5,0,0,0,0,true,false,false,false,false,false,false,false,true,false,false,false,false,false,false,false,false,false,false,false,false,false,-83.04752,42.33475,"{
  ""coordinates"": [
    -8.304751366574200e+01,
    4.233474867874270e+01
  ],
  ""type"": ""Point""
}","{
  ""coordinates"": [
    -83.047513666,
    42.334748679
  ],
  ""type"": ""Point""
}",-83.047513666,42.334748679
11053,1462520,SOUTHFIELD SERVICE DRIVE,CAPITOL,2018-08-30,30,8,2018,18,5,5,9,,4,0,Asphalt,1,1,1,,1,3,2,5,0,0,0,0,true,false,false,false,false,false,false,false,false,false,false,false,false,false,false,false,false,false,false,false,false,false,-83.21729,42.37593,"{
  ""coordinates"": [
    -8.321728391459250e+01,
    4.237593178736720e+01
  ],
  ""type"": ""Point""
}","{
  ""coordinates"": [
    -83.217283915,
    42.375931787
  ],
  ""type"": ""Point""
}",-83.2172839149999,42.3759317870001
11054,1463197,JEFFERSON,BEAUBIEN,2018-08-30,30,8,2018,13,5,97,4,,1,0,Asphalt,1,1,1,35,4,3,3,5,0,0,0,0,true,false,false,false,false,false,false,false,false,false,false,false,false,false,false,false,false,false,false,false,false,false,-83.03981,42.33088,"{
  ""coordinates"": [
    -8.303981161893020e+01,
    4.233087670028260e+01
  ],
  ""type"": ""Point""
}","{
  ""coordinates"": [
    -83.039811619,
    42.3308767
  ],
  ""type"": ""Point""
}",-83.039811619,42.3308767
11055,1461351,FENKELL,ARCHDALE,2018-08-30,30,8,2018,18,5,3,9,,2,0,Asphalt,1,1,1,35,2,2,2,4,0,0,0,2,false,false,false,false,false,false,false,false,false,false,false,false,false,false,false,false,false,false,false,false,false,false,-83.21619,42.40115,"{
  ""coordinates"": [
    -8.321618768994220e+01,
    4.240115410585180e+01
  ],
  ""type"": ""Point""
}","{
  ""coordinates"": [
    -83.21618769,
    42.401154106
  ],
  ""type"": ""Point""
}",-83.21618769,42.401154106