ObjectId,Crash ID,Primary Road,Intersecting Road,Crash Date,Day,Month,Year,Hour,Weekday,Crash Type Code,Highway Classification Code,Community Code,Jurisdiction Code,Lane Departure Type Code,Surface Type,Road Condition,Weather Condition,Lighting Condition,Speed Limit,Lanes,Units,Occupants,Most Severe Injury,Fatal Injuries,Suspected Serious Injuries,Suspected Minor Injuries,Possible Injuries,Property Damage Only,Secondary Crash,Traffic Control,Red Light Run,Hit and Run,Alcohol,Drugs,Unbelted Person,Work Zone,Speeding Driver,Distracted Driver,Driveway,Pedestrian,Elderly Driver,Young Driver,Commercial Vehicle,Emergency Vehicles,Train,School Bus,Motorcycle,Bicycle,Deer,Longitude,Latitude,geom,geog,x,y
11056,1461323,MACK,LEMAY,2018-08-30,30,8,2018,15,5,6,9,,4,0,Asphalt,1,1,1,30,2,2,2,5,0,0,0,0,true,false,false,false,false,false,false,false,false,false,false,false,false,true,false,false,false,false,false,false,false,false,-82.98287,42.37722,"{
  ""coordinates"": [
    -8.298286858678421e+01,
    4.237721469343150e+01
  ],
  ""type"": ""Point""
}","{
  ""coordinates"": [
    -82.982868587,
    42.377214693
  ],
  ""type"": ""Point""
}",-82.982868587,42.377214693
11057,1461364,OUTER,OUTER,2018-08-30,30,8,2018,16,5,4,9,,2,0,Asphalt,1,1,1,40,2,2,2,5,0,0,0,0,true,false,true,true,false,false,false,false,false,false,true,false,false,false,true,false,false,false,false,false,false,false,-83.03841,42.44092,"{
  ""coordinates"": [
    -8.303840652478650e+01,
    4.244091949060890e+01
  ],
  ""type"": ""Point""
}","{
  ""coordinates"": [
    -83.038406525,
    42.440919491
  ],
  ""type"": ""Point""
}",-83.038406525,42.440919491
11058,1467775,JEFFERSON,MCDOUGALL,2018-08-30,30,8,2018,11,5,8,3,,1,0,Concrete,1,1,1,40,5,2,2,5,0,0,0,0,true,false,false,false,false,false,false,false,false,false,false,false,false,false,false,false,false,false,false,false,false,false,-83.08165,42.36699,"{
  ""coordinates"": [
    -8.308165018861420e+01,
    4.236698661974610e+01
  ],
  ""type"": ""Point""
}","{
  ""coordinates"": [
    -83.081650189,
    42.36698662
  ],
  ""type"": ""Point""
}",-83.081650189,42.36698662
11059,1464811,M39,PURITAN,2018-08-30,30,8,2018,17,5,5,3,,1,0,Asphalt,1,2,1,55,3,2,2,5,0,0,0,0,true,false,false,false,false,false,false,false,false,false,false,false,false,true,false,false,false,false,false,false,false,false,-83.2187,42.4082,"{
  ""coordinates"": [
    -8.321870380481460e+01,
    4.240819684212020e+01
  ],
  ""type"": ""Point""
}","{
  ""coordinates"": [
    -83.218703805,
    42.408196842
  ],
  ""type"": ""Point""
}",-83.218703805,42.4081968420001
11060,1469921,I-96,OAKMAN,2018-08-30,30,8,2018,18,5,5,3,,1,0,Concrete,1,1,1,70,4,2,2,5,0,0,0,0,true,false,false,false,false,false,false,false,false,true,false,false,false,false,false,false,false,false,false,false,false,false,-83.14458,42.38642,"{
  ""coordinates"": [
    -8.314458250424990e+01,
    4.238642231941610e+01
  ],
  ""type"": ""Point""
}","{
  ""coordinates"": [
    -83.144582504,
    42.386422319
  ],
  ""type"": ""Point""
}",-83.144582504,42.3864223190001
11061,1470042,GRAND RIVER,SOUTHFIELD SERVICE,2018-08-30,30,8,2018,13,5,5,3,,1,0,Asphalt,1,1,1,35,5,2,2,5,0,0,0,0,true,false,false,false,false,false,false,false,false,false,false,false,false,true,false,false,false,false,false,false,false,false,-83.21796,42.40057,"{
  ""coordinates"": [
    -8.321795851781430e+01,
    4.240056704312610e+01
  ],
  ""type"": ""Point""
}","{
  ""coordinates"": [
    -83.217958518,
    42.400567043
  ],
  ""type"": ""Point""
}",-83.217958518,42.4005670430001
11062,1462518,FORD,BRACE,2018-08-30,30,8,2018,14,5,5,3,,1,0,Asphalt,1,1,1,35,4,2,2,5,0,0,0,0,true,false,false,false,true,false,false,false,false,false,false,false,false,false,false,false,false,false,false,false,false,false,-83.22269,42.32898,"{
  ""coordinates"": [
    -8.322269551338570e+01,
    4.232898412537360e+01
  ],
  ""type"": ""Point""
}","{
  ""coordinates"": [
    -83.222695513,
    42.328984125
  ],
  ""type"": ""Point""
}",-83.222695513,42.328984125
11063,1466622,TEMPLE,WOODWARD,2018-08-30,30,8,2018,15,5,97,3,,4,0,Asphalt,1,1,1,30,3,2,2,5,0,0,0,0,true,false,false,false,false,false,false,false,false,false,false,false,false,false,false,false,false,true,false,false,false,false,-83.05515,42.34331,"{
  ""coordinates"": [
    -8.305515332665679e+01,
    4.234331067547040e+01
  ],
  ""type"": ""Point""
}","{
  ""coordinates"": [
    -83.055153327,
    42.343310675
  ],
  ""type"": ""Point""
}",-83.055153327,42.3433106750001
11064,1462491,CADILLAC,CONGRESS,2018-08-30,30,8,2018,14,5,8,3,,4,0,Asphalt,1,1,1,25,2,2,2,5,0,0,0,0,true,false,false,false,false,false,false,false,false,false,false,true,false,false,false,false,false,false,false,false,false,false,-83.04308,42.3314,"{
  ""coordinates"": [
    -8.304307224277150e+01,
    4.233139611036700e+01
  ],
  ""type"": ""Point""
}","{
  ""coordinates"": [
    -83.043072243,
    42.33139611
  ],
  ""type"": ""Point""
}",-83.043072243,42.3313961100001
11065,1469924,I-94,GRATIOT,2018-08-30,30,8,2018,19,5,97,1,,1,0,Asphalt,1,1,1,55,3,2,2,5,0,0,0,0,true,false,false,false,false,false,false,false,true,true,false,false,false,false,false,false,false,false,false,false,false,false,-83.00556,42.39169,"{
  ""coordinates"": [
    -8.300556107193870e+01,
    4.239169347521330e+01
  ],
  ""type"": ""Point""
}","{
  ""coordinates"": [
    -83.005561072,
    42.391693475
  ],
  ""type"": ""Point""
}",-83.005561072,42.3916934750001
11066,1462563,CURTIS,KENTUCKY,2018-08-30,30,8,2018,23,5,4,9,,4,0,Asphalt,1,1,4,25,2,2,4,5,0,0,0,0,true,false,true,false,false,false,false,false,false,false,false,false,false,false,false,false,false,false,false,false,false,false,-83.15965,42.42419,"{
  ""coordinates"": [
    -8.315964836349551e+01,
    4.242418939840930e+01
  ],
  ""type"": ""Point""
}","{
  ""coordinates"": [
    -83.159648363,
    42.424189398
  ],
  ""type"": ""Point""
}",-83.159648363,42.4241893980001
11067,1470073,OAKMAN,LINWOOD,2018-08-30,30,8,2018,19,5,1,9,,4,1,Asphalt,1,1,1,25,4,1,0,5,0,0,0,0,true,false,false,false,false,false,false,false,false,false,false,false,false,false,false,false,false,false,false,false,false,false,-83.12564,42.39783,"{
  ""coordinates"": [
    -8.312564457207149e+01,
    4.239783155679990e+01
  ],
  ""type"": ""Point""
}","{
  ""coordinates"": [
    -83.125644572,
    42.397831557
  ],
  ""type"": ""Point""
}",-83.1256445719999,42.3978315570001
11068,1461346,MACK,BEWICK,2018-08-30,30,8,2018,20,5,8,9,,4,0,Asphalt,1,1,4,30,2,2,7,5,0,0,0,0,true,false,false,false,true,false,false,false,false,false,false,false,false,false,false,false,false,false,false,false,false,false,-82.98882,42.37448,"{
  ""coordinates"": [
    -8.298881478533640e+01,
    4.237447999353270e+01
  ],
  ""type"": ""Point""
}","{
  ""coordinates"": [
    -82.988814785,
    42.374479994
  ],
  ""type"": ""Point""
}",-82.988814785,42.3744799940001
11069,1462561,8 MILE,N I 75,2018-08-30,30,8,2018,8,5,4,3,,1,0,Concrete,1,1,1,40,6,2,2,5,0,0,0,0,true,false,false,false,false,false,false,false,false,false,true,false,false,false,false,false,false,false,false,false,false,false,-83.09482,42.4468,"{
  ""coordinates"": [
    -8.309481456026180e+01,
    4.244680012080560e+01
  ],
  ""type"": ""Point""
}","{
  ""coordinates"": [
    -83.09481456,
    42.446800121
  ],
  ""type"": ""Point""
}",-83.09481456,42.4468001210001
11070,1462487,I375,GRATIOT,2018-08-30,30,8,2018,21,5,8,1,,1,0,Asphalt,1,1,4,35,3,2,2,5,0,0,0,0,true,false,false,false,false,false,false,false,false,false,false,false,false,false,false,false,false,false,false,false,false,false,-83.04317,42.342,"{
  ""coordinates"": [
    -8.304317347554570e+01,
    4.234199916952450e+01
  ],
  ""type"": ""Point""
}","{
  ""coordinates"": [
    -83.043173476,
    42.34199917
  ],
  ""type"": ""Point""
}",-83.0431734759999,42.3419991700001
11071,1475317,M-39,JOY,2018-08-30,30,8,2018,16,5,5,3,,1,0,Asphalt,1,1,1,55,3,4,3,5,0,0,0,0,true,false,false,false,false,false,false,false,false,true,false,false,false,false,false,false,false,false,false,false,false,false,-83.21659,42.35812,"{
  ""coordinates"": [
    -8.321659336947459e+01,
    4.235812262691660e+01
  ],
  ""type"": ""Point""
}","{
  ""coordinates"": [
    -83.216593369,
    42.358122627
  ],
  ""type"": ""Point""
}",-83.216593369,42.3581226270001
11072,1461345,WARREN,ST.ANTOINE,2018-08-30,30,8,2018,3,5,97,9,,4,0,Asphalt,1,2,4,30,6,2,98,2,0,1,0,0,false,false,false,false,true,false,false,false,false,false,false,false,true,false,false,false,false,false,false,false,false,false,-83.05707,42.3598,"{
  ""coordinates"": [
    -8.305706739183680e+01,
    4.235980222907060e+01
  ],
  ""type"": ""Point""
}","{
  ""coordinates"": [
    -83.057067392,
    42.359802229
  ],
  ""type"": ""Point""
}",-83.057067392,42.359802229
11073,1464806,VAN DYKE,I 94 SERVICE,2018-08-30,30,8,2018,15,5,5,3,,1,0,Asphalt,1,1,1,35,4,2,1,5,0,0,0,0,true,false,false,false,true,false,false,false,false,false,false,false,false,false,false,false,false,false,false,false,false,false,-83.01979,42.38575,"{
  ""coordinates"": [
    -8.301979056226790e+01,
    4.238575495696820e+01
  ],
  ""type"": ""Point""
}","{
  ""coordinates"": [
    -83.019790562,
    42.385754957
  ],
  ""type"": ""Point""
}",-83.019790562,42.3857549570001
11074,1462512,W I 94,RAMP 215E,2018-08-30,30,8,2018,16,5,8,1,,1,0,Asphalt,1,1,1,55,3,2,2,5,0,0,0,0,true,false,false,false,false,false,false,false,false,false,false,false,false,false,false,true,false,false,false,false,false,false,-83.07296,42.36147,"{
  ""coordinates"": [
    -8.307295732710909e+01,
    4.236146464166320e+01
  ],
  ""type"": ""Point""
}","{
  ""coordinates"": [
    -83.072957327,
    42.361464642
  ],
  ""type"": ""Point""
}",-83.072957327,42.361464642
11075,1462507,HOWARD,1ST,2018-08-30,30,8,2018,2,5,1,9,,,1,,1,1,5,15,2,1,1,5,0,0,0,0,true,false,false,false,false,false,true,false,false,false,false,false,false,false,false,false,false,false,false,false,false,false,-83.05331,42.33045,"{
  ""coordinates"": [
    -8.305330495753850e+01,
    4.233045348310560e+01
  ],
  ""type"": ""Point""
}","{
  ""coordinates"": [
    -83.053304958,
    42.330453483
  ],
  ""type"": ""Point""
}",-83.053304958,42.330453483
11076,1498575,7 MILE,OUTER,2018-08-30,30,8,2018,16,5,5,9,,2,0,Asphalt,1,2,1,25,6,2,2,5,0,0,0,0,true,false,false,false,false,false,false,false,false,false,false,false,false,false,false,false,false,false,false,false,false,false,-83.1756,42.43117,"{
  ""coordinates"": [
    -8.317559728838530e+01,
    4.243116862698780e+01
  ],
  ""type"": ""Point""
}","{
  ""coordinates"": [
    -83.175597288,
    42.431168627
  ],
  ""type"": ""Point""
}",-83.1755972879999,42.431168627
11077,1462511,S I 75 SERVICE DRIVE,WATERMAN,2018-08-30,30,8,2018,19,5,4,9,,4,0,Asphalt,1,1,2,25,2,2,2,4,0,0,0,2,false,false,true,false,false,false,false,false,false,false,false,false,false,false,false,false,false,false,false,false,false,false,-83.10947,42.30595,"{
  ""coordinates"": [
    -8.310946443818810e+01,
    4.230594880409090e+01
  ],
  ""type"": ""Point""
}","{
  ""coordinates"": [
    -83.109464438,
    42.305948804
  ],
  ""type"": ""Point""
}",-83.109464438,42.305948804
11078,1486916,HARPER,CHALMERS,2018-08-30,30,8,2018,12,5,5,9,,4,0,Asphalt,1,1,1,,2,2,2,5,0,0,0,0,true,false,false,false,false,false,false,false,false,false,false,false,false,false,false,false,false,false,false,false,false,false,-82.96466,42.40464,"{
  ""coordinates"": [
    -8.296466393787141e+01,
    4.240464123746050e+01
  ],
  ""type"": ""Point""
}","{
  ""coordinates"": [
    -82.964663938,
    42.404641237
  ],
  ""type"": ""Point""
}",-82.9646639379999,42.4046412370001
11079,1463183,RAMP 216F,RAMP 216K,2018-08-30,30,8,2018,21,5,1,1,,1,1,Concrete,1,1,4,55,1,1,2,4,0,0,0,2,false,false,false,false,false,false,false,false,false,true,false,false,false,false,false,false,false,false,false,true,false,false,-83.05963,42.36815,"{
  ""coordinates"": [
    -8.305962974592630e+01,
    4.236815064827200e+01
  ],
  ""type"": ""Point""
}","{
  ""coordinates"": [
    -83.059629746,
    42.368150648
  ],
  ""type"": ""Point""
}",-83.059629746,42.368150648
11080,1462568,LIVERNOIS,8 MILE,2018-08-30,30,8,2018,19,5,5,3,,4,0,Asphalt,1,1,1,30,5,2,2,5,0,0,0,0,true,true,false,false,false,false,false,false,false,false,false,false,false,false,false,false,false,false,false,false,false,false,-83.14206,42.44621,"{
  ""coordinates"": [
    -8.314205628150590e+01,
    4.244621152123180e+01
  ],
  ""type"": ""Point""
}","{
  ""coordinates"": [
    -83.142056282,
    42.446211521
  ],
  ""type"": ""Point""
}",-83.1420562819999,42.4462115210001
11081,1461347,GRATIOT,KNODELL,2018-08-30,30,8,2018,8,5,5,3,,1,0,Asphalt,1,1,1,35,7,2,2,4,0,0,0,1,false,false,false,false,false,false,false,false,false,false,false,false,false,false,true,false,false,false,false,false,false,false,-83.00137,42.39898,"{
  ""coordinates"": [
    -8.300137379898629e+01,
    4.239898293578120e+01
  ],
  ""type"": ""Point""
}","{
  ""coordinates"": [
    -83.001373799,
    42.398982936
  ],
  ""type"": ""Point""
}",-83.001373799,42.398982936
11082,1461333,WARREN,RUTHERFORD,2018-08-30,30,8,2018,16,5,5,9,,2,0,Asphalt,1,1,1,30,3,2,2,5,0,0,0,0,true,false,false,false,false,false,false,false,false,false,false,false,false,false,false,false,false,false,false,false,false,false,-83.20119,42.3436,"{
  ""coordinates"": [
    -8.320119097966250e+01,
    4.234360257160640e+01
  ],
  ""type"": ""Point""
}","{
  ""coordinates"": [
    -83.20119098,
    42.343602572
  ],
  ""type"": ""Point""
}",-83.20119098,42.3436025720001
11083,1472096,WEBB,WOODROW WILSON,2018-08-30,30,8,2018,2,5,1,9,,4,1,Asphalt,1,1,4,25,4,1,1,2,0,1,0,0,false,false,false,false,false,false,false,false,false,false,false,false,false,false,false,false,false,false,false,true,false,false,-83.10341,42.38737,"{
  ""coordinates"": [
    -8.310340825520800e+01,
    4.238737428123780e+01
  ],
  ""type"": ""Point""
}","{
  ""coordinates"": [
    -83.103408255,
    42.387374281
  ],
  ""type"": ""Point""
}",-83.103408255,42.3873742810001
11084,1462564,N M 39,PEMBROKE,2018-08-30,30,8,2018,3,5,8,3,,1,3,Concrete,1,1,4,25,2,2,0,5,0,0,0,0,true,false,false,false,true,false,false,false,false,false,false,false,false,false,false,false,false,false,false,false,false,false,-83.21954,42.43732,"{
  ""coordinates"": [
    -8.321954416007310e+01,
    4.243731866553070e+01
  ],
  ""type"": ""Point""
}","{
  ""coordinates"": [
    -83.21954416,
    42.437318666
  ],
  ""type"": ""Point""
}",-83.2195441599999,42.4373186660001
11085,1467735,SOUTHFIELD,WARREN,2018-08-30,30,8,2018,16,5,5,3,,1,0,Asphalt,1,1,1,55,3,2,2,5,0,0,0,0,true,false,false,false,false,false,false,false,false,false,false,false,false,true,false,false,false,false,false,false,false,false,-83.21621,42.33974,"{
  ""coordinates"": [
    -8.321620777272079e+01,
    4.233974133274240e+01
  ],
  ""type"": ""Point""
}","{
  ""coordinates"": [
    -83.216207773,
    42.339741333
  ],
  ""type"": ""Point""
}",-83.216207773,42.3397413330001
11086,1465801,STEEL,MIDLAND,2018-08-30,30,8,2018,5,5,8,9,,,0,,1,1,98,25,2,2,0,5,0,0,0,0,true,false,false,false,true,false,false,false,false,false,false,false,false,false,false,false,false,false,false,false,false,false,-83.17165,42.40545,"{
  ""coordinates"": [
    -8.317165672817330e+01,
    4.240545056228980e+01
  ],
  ""type"": ""Point""
}","{
  ""coordinates"": [
    -83.171656728,
    42.405450562
  ],
  ""type"": ""Point""
}",-83.171656728,42.4054505620001
11087,1464858,VAN DYKE,WALDEN,2018-08-30,30,8,2018,13,5,1,3,,1,0,Asphalt,1,1,1,35,5,1,1,5,0,0,0,0,true,false,false,false,false,false,false,false,false,false,false,true,false,false,false,false,false,false,false,false,false,false,-83.02264,42.39222,"{
  ""coordinates"": [
    -8.302263773560030e+01,
    4.239221489423040e+01
  ],
  ""type"": ""Point""
}","{
  ""coordinates"": [
    -83.022637736,
    42.392214894
  ],
  ""type"": ""Point""
}",-83.022637736,42.3922148940001
11088,1500767,8 MILE,STEEL,2018-08-30,30,8,2018,4,5,5,3,,1,0,Asphalt,1,1,4,40,4,2,2,5,0,0,0,0,true,false,false,false,false,false,false,false,false,false,false,false,false,false,false,false,false,false,false,false,false,false,-83.17268,42.44537,"{
  ""coordinates"": [
    -8.317268082288039e+01,
    4.244536630995490e+01
  ],
  ""type"": ""Point""
}","{
  ""coordinates"": [
    -83.172680823,
    42.44536631
  ],
  ""type"": ""Point""
}",-83.172680823,42.4453663100001
11089,1464778,I-94,MCCLELLAN,2018-08-30,30,8,2018,6,5,5,1,,1,0,Asphalt,1,2,1,55,3,2,2,5,0,0,0,0,true,false,false,false,false,false,false,false,true,false,false,false,false,false,false,false,false,false,false,false,false,false,-83.00847,42.39073,"{
  ""coordinates"": [
    -8.300847058258540e+01,
    4.239073331208830e+01
  ],
  ""type"": ""Point""
}","{
  ""coordinates"": [
    -83.008470583,
    42.390733312
  ],
  ""type"": ""Point""
}",-83.008470583,42.3907333120001
11090,1461310,SCHAEFER,JOY,2018-08-30,30,8,2018,15,5,6,9,,4,0,Asphalt,1,1,1,35,4,2,3,5,0,0,0,0,true,false,false,false,false,false,false,false,false,false,false,true,false,false,false,false,false,false,false,false,false,false,-83.17747,42.358,"{
  ""coordinates"": [
    -8.317747370227710e+01,
    4.235799898551570e+01
  ],
  ""type"": ""Point""
}","{
  ""coordinates"": [
    -83.177473702,
    42.357998986
  ],
  ""type"": ""Point""
}",-83.177473702,42.357998986
11091,1467801,PEERLESS,MCCORMICK,2018-08-30,30,8,2018,21,5,4,9,,,0,,1,1,4,25,2,2,4,3,0,0,1,0,false,false,true,false,false,false,false,false,false,false,false,false,false,false,false,false,false,false,false,false,false,false,-82.93487,42.42816,"{
  ""coordinates"": [
    -8.293486436660670e+01,
    4.242815694789460e+01
  ],
  ""type"": ""Point""
}","{
  ""coordinates"": [
    -82.934864367,
    42.428156948
  ],
  ""type"": ""Point""
}",-82.934864367,42.428156948
11092,1461369,8 MILE,RYAN,2018-08-30,30,8,2018,15,5,97,3,,1,0,Asphalt,1,1,1,,2,2,3,5,0,0,0,0,true,false,false,false,false,false,false,false,false,false,false,false,false,true,false,false,false,false,false,false,false,false,-83.06561,42.44724,"{
  ""coordinates"": [
    -8.306560209849800e+01,
    4.244723804184720e+01
  ],
  ""type"": ""Point""
}","{
  ""coordinates"": [
    -83.065602098,
    42.447238042
  ],
  ""type"": ""Point""
}",-83.0656020979999,42.447238042
11093,1470068,HOOVER,LAPPIN,2018-08-30,30,8,2018,18,5,4,3,,1,0,Asphalt,1,1,1,30,2,2,1,3,0,0,1,0,false,false,false,false,true,false,false,false,false,false,false,false,false,false,false,false,false,false,false,true,false,false,-83.00476,42.43636,"{
  ""coordinates"": [
    -8.300475917189320e+01,
    4.243636479989380e+01
  ],
  ""type"": ""Point""
}","{
  ""coordinates"": [
    -83.004759172,
    42.4363648
  ],
  ""type"": ""Point""
}",-83.004759172,42.4363648
11094,1463182,W I 96 CD,EVERGREEN,2018-08-30,30,8,2018,20,5,1,1,,1,1,Concrete,1,1,1,55,3,1,1,5,0,0,0,0,true,false,false,false,false,false,false,false,false,true,false,false,false,false,false,false,false,false,false,false,false,false,-83.23672,42.3807,"{
  ""coordinates"": [
    -8.323671575619160e+01,
    4.238070455734970e+01
  ],
  ""type"": ""Point""
}","{
  ""coordinates"": [
    -83.236715756,
    42.380704557
  ],
  ""type"": ""Point""
}",-83.236715756,42.3807045570001
11095,1464789,RAMP 008K,I 96 CD,2018-08-30,30,8,2018,8,5,5,1,,1,0,Concrete,1,1,1,55,2,2,2,5,0,0,0,0,true,true,false,false,false,false,false,false,false,false,false,false,false,false,false,false,false,false,false,false,false,false,-83.22141,42.37804,"{
  ""coordinates"": [
    -8.322141315202890e+01,
    4.237803563829650e+01
  ],
  ""type"": ""Point""
}","{
  ""coordinates"": [
    -83.221413152,
    42.378035638
  ],
  ""type"": ""Point""
}",-83.221413152,42.378035638
11096,1476993,PLAINVIEW,WARREN,2018-08-29,29,8,2018,1,4,1,9,,,1,,1,1,4,25,2,1,1,3,0,0,1,0,false,false,false,false,false,true,true,false,false,false,false,false,false,false,false,false,false,false,false,true,false,false,-83.23405,42.34184,"{
  ""coordinates"": [
    -8.323405321644020e+01,
    4.234183910861040e+01
  ],
  ""type"": ""Point""
}","{
  ""coordinates"": [
    -83.234053216,
    42.341839109
  ],
  ""type"": ""Point""
}",-83.2340532159999,42.341839109
11097,1460482,CASS,WARREN,2018-08-29,29,8,2018,13,4,8,9,,4,0,Asphalt,1,1,1,25,2,2,2,5,0,0,0,0,true,false,false,false,false,false,false,false,false,false,false,false,false,false,false,false,true,false,false,false,false,false,-83.06667,42.356,"{
  ""coordinates"": [
    -8.306666726148420e+01,
    4.235600324511060e+01
  ],
  ""type"": ""Point""
}","{
  ""coordinates"": [
    -83.066667261,
    42.356003245
  ],
  ""type"": ""Point""
}",-83.066667261,42.3560032450001
11098,1460460,MACK,BEAUFAIT,2018-08-29,29,8,2018,15,4,8,9,,4,0,Asphalt,1,1,1,25,2,2,3,4,0,0,0,3,false,false,false,false,false,false,false,false,false,false,true,false,false,false,false,false,false,false,false,false,false,false,-83.01903,42.36223,"{
  ""coordinates"": [
    -8.301903007798380e+01,
    4.236223270006720e+01
  ],
  ""type"": ""Point""
}","{
  ""coordinates"": [
    -83.019030078,
    42.3622327
  ],
  ""type"": ""Point""
}",-83.019030078,42.3622327
11099,1460464,8 MILE,ROSEMONT,2018-08-29,29,8,2018,12,4,8,3,,1,0,Asphalt,1,1,1,45,4,2,1,5,0,0,0,0,true,false,false,false,true,false,false,false,false,false,false,false,false,true,false,false,false,false,false,false,false,false,-83.22234,42.44412,"{
  ""coordinates"": [
    -8.322233321352500e+01,
    4.244412130634720e+01
  ],
  ""type"": ""Point""
}","{
  ""coordinates"": [
    -83.222333214,
    42.444121306
  ],
  ""type"": ""Point""
}",-83.2223332139999,42.4441213060001
11100,1460466,HAYES,HARPER,2018-08-29,29,8,2018,18,4,8,9,,4,0,Asphalt,1,1,1,,3,2,3,5,0,0,0,0,true,false,false,false,false,false,false,false,false,false,false,false,false,true,false,false,true,false,false,false,false,false,-82.96434,42.40494,"{
  ""coordinates"": [
    -8.296434202756980e+01,
    4.240494111152110e+01
  ],
  ""type"": ""Point""
}","{
  ""coordinates"": [
    -82.964342028,
    42.404941112
  ],
  ""type"": ""Point""
}",-82.964342028,42.4049411120001
11101,1461328,SAINT CLAIR,JEFFERSON,2018-08-29,29,8,2018,21,4,8,9,,,0,,1,1,1,,3,2,0,5,0,0,0,0,true,false,false,false,true,false,false,false,false,false,false,false,false,false,false,false,false,false,false,false,false,false,-82.9779,42.36331,"{
  ""coordinates"": [
    -8.297789463926711e+01,
    4.236330760940150e+01
  ],
  ""type"": ""Point""
}","{
  ""coordinates"": [
    -82.977894639,
    42.363307609
  ],
  ""type"": ""Point""
}",-82.9778946389999,42.3633076090001
11102,1461303,BINGHAM,TIREMAN,2018-08-29,29,8,2018,15,4,10,9,,,3,,1,1,1,25,2,2,1,5,0,0,0,0,true,false,false,false,false,false,false,false,false,false,false,false,false,false,false,true,false,false,false,false,false,false,-83.17493,42.35175,"{
  ""coordinates"": [
    -8.317493402087530e+01,
    4.235174425432120e+01
  ],
  ""type"": ""Point""
}","{
  ""coordinates"": [
    -83.174934021,
    42.351744254
  ],
  ""type"": ""Point""
}",-83.174934021,42.351744254
11103,1461335,DOLPHIN,LYNDON,2018-08-29,29,8,2018,7,4,8,9,,,3,,2,1,1,,2,2,1,5,0,0,0,0,true,false,false,false,true,false,false,false,false,false,false,false,false,false,false,false,false,false,false,false,false,false,-83.25908,42.39311,"{
  ""coordinates"": [
    -8.325907614385680e+01,
    4.239311249306390e+01
  ],
  ""type"": ""Point""
}","{
  ""coordinates"": [
    -83.259076144,
    42.393112493
  ],
  ""type"": ""Point""
}",-83.2590761439999,42.393112493
11104,1460470,LAWLEY,MORAN,2018-08-29,29,8,2018,10,4,1,9,,,1,,1,1,1,25,1,1,1,4,0,0,0,1,false,false,false,false,false,false,false,false,false,false,false,false,false,false,false,false,false,false,false,false,false,false,-83.06048,42.41312,"{
  ""coordinates"": [
    -8.306047544626129e+01,
    4.241311562992130e+01
  ],
  ""type"": ""Point""
}","{
  ""coordinates"": [
    -83.060475446,
    42.41311563
  ],
  ""type"": ""Point""
}",-83.0604754459999,42.41311563
11105,1475391,BEARD,ARMY,2018-08-29,29,8,2018,15,4,8,9,,,0,,1,1,1,,2,2,1,5,0,0,0,0,true,false,false,false,true,false,false,false,false,false,false,false,false,false,true,false,false,false,false,false,false,false,-83.1131,42.30678,"{
  ""coordinates"": [
    -8.311310182481380e+01,
    4.230677981202020e+01
  ],
  ""type"": ""Point""
}","{
  ""coordinates"": [
    -83.113101825,
    42.306779812
  ],
  ""type"": ""Point""
}",-83.1131018249999,42.3067798120001
11106,1461349,OUTER,ST MARYS,2018-08-29,29,8,2018,18,4,8,9,,2,0,Asphalt,1,1,1,30,3,2,2,5,0,0,0,0,true,false,false,false,false,false,false,false,true,false,false,false,false,true,false,false,false,false,false,false,false,false,-83.20701,42.41931,"{
  ""coordinates"": [
    -8.320700489172890e+01,
    4.241930871439910e+01
  ],
  ""type"": ""Point""
}","{
  ""coordinates"": [
    -83.207004892,
    42.419308714
  ],
  ""type"": ""Point""
}",-83.207004892,42.4193087140001
11107,1464836,BEARD,ROWAN,2018-08-29,29,8,2018,21,4,97,9,,,0,,1,1,3,25,2,2,3,4,0,0,0,1,false,false,true,false,false,false,false,false,false,false,false,false,false,false,true,false,false,false,false,true,false,false,-83.11436,42.30853,"{
  ""coordinates"": [
    -8.311436806971911e+01,
    4.230852867279960e+01
  ],
  ""type"": ""Point""
}","{
  ""coordinates"": [
    -83.11436807,
    42.308528673
  ],
  ""type"": ""Point""
}",-83.11436807,42.3085286730001
11108,1460451,PARKDALE,WARREN,2018-08-29,29,8,2018,4,4,10,9,,,0,,1,2,4,25,3,2,1,5,0,0,0,0,true,false,false,false,false,false,false,false,false,false,false,false,false,false,false,false,false,false,false,false,false,false,-83.12238,42.34435,"{
  ""coordinates"": [
    -8.312237196371690e+01,
    4.234435049220140e+01
  ],
  ""type"": ""Point""
}","{
  ""coordinates"": [
    -83.122371964,
    42.344350492
  ],
  ""type"": ""Point""
}",-83.122371964,42.344350492
11109,1460469,HOGARTH,DEXTER,2018-08-29,29,8,2018,3,4,5,9,,,0,,1,1,4,,2,2,0,5,0,0,0,0,true,false,false,false,true,false,false,false,false,false,false,false,false,false,false,false,false,false,false,false,false,false,-83.11075,42.35954,"{
  ""coordinates"": [
    -8.311075079108249e+01,
    4.235953672399710e+01
  ],
  ""type"": ""Point""
}","{
  ""coordinates"": [
    -83.110750791,
    42.359536724
  ],
  ""type"": ""Point""
}",-83.110750791,42.3595367240001