ObjectId,Crash ID,Primary Road,Intersecting Road,Crash Date,Day,Month,Year,Hour,Weekday,Crash Type Code,Highway Classification Code,Community Code,Jurisdiction Code,Lane Departure Type Code,Surface Type,Road Condition,Weather Condition,Lighting Condition,Speed Limit,Lanes,Units,Occupants,Most Severe Injury,Fatal Injuries,Suspected Serious Injuries,Suspected Minor Injuries,Possible Injuries,Property Damage Only,Secondary Crash,Traffic Control,Red Light Run,Hit and Run,Alcohol,Drugs,Unbelted Person,Work Zone,Speeding Driver,Distracted Driver,Driveway,Pedestrian,Elderly Driver,Young Driver,Commercial Vehicle,Emergency Vehicles,Train,School Bus,Motorcycle,Bicycle,Deer,Longitude,Latitude,geom,geog,x,y
11436,1456997,LIVERNOIS,E I 96,2018-08-24,24,8,2018,12,6,2,9,,4,0,Concrete,1,1,1,35,2,2,3,5,0,0,0,0,true,false,true,true,true,false,false,false,false,false,false,false,false,false,false,false,false,false,false,false,false,false,-83.13874,42.3672,"{
  ""coordinates"": [
    -8.313874178075190e+01,
    4.236719783528490e+01
  ],
  ""type"": ""Point""
}","{
  ""coordinates"": [
    -83.138741781,
    42.367197835
  ],
  ""type"": ""Point""
}",-83.138741781,42.3671978350001
11437,1456952,VERNOR,MOUNT ELLIOTT,2018-08-24,24,8,2018,11,6,4,9,,4,0,Asphalt,1,2,1,30,4,2,2,5,0,0,0,0,true,false,true,true,false,false,false,false,false,false,false,false,false,false,false,false,false,false,false,false,false,false,-83.01747,42.35503,"{
  ""coordinates"": [
    -8.301747365335591e+01,
    4.235502624490690e+01
  ],
  ""type"": ""Point""
}","{
  ""coordinates"": [
    -83.017473653,
    42.355026245
  ],
  ""type"": ""Point""
}",-83.017473653,42.355026245
11438,1465738,M-10,7 MILE,2018-08-24,24,8,2018,15,6,5,3,,1,0,Concrete,1,2,1,55,3,2,2,4,0,0,0,1,false,false,false,false,false,false,false,false,false,false,false,false,false,false,false,false,false,false,false,false,false,false,-83.18764,42.43147,"{
  ""coordinates"": [
    -8.318763618827190e+01,
    4.243147153785240e+01
  ],
  ""type"": ""Point""
}","{
  ""coordinates"": [
    -83.187636188,
    42.431471538
  ],
  ""type"": ""Point""
}",-83.1876361879999,42.431471538
11439,1456947,FORT,MILLER,2018-08-24,24,8,2018,17,6,97,3,,1,0,Asphalt,1,2,1,30,5,2,2,5,0,0,0,0,true,false,false,false,false,false,false,false,false,false,false,false,false,false,false,false,false,false,false,false,false,false,-83.14114,42.2918,"{
  ""coordinates"": [
    -8.314114573072310e+01,
    4.229179782135940e+01
  ],
  ""type"": ""Point""
}","{
  ""coordinates"": [
    -83.141145731,
    42.291797821
  ],
  ""type"": ""Point""
}",-83.1411457309999,42.291797821
11440,1456957,VAN DYKE,VERNOR,2018-08-24,24,8,2018,13,6,4,9,,4,0,Asphalt,1,1,1,30,2,2,2,5,0,0,0,0,true,false,true,true,false,false,false,false,false,false,false,false,false,true,false,false,false,false,false,false,false,false,-83.00146,42.36052,"{
  ""coordinates"": [
    -8.300145936202370e+01,
    4.236052318801880e+01
  ],
  ""type"": ""Point""
}","{
  ""coordinates"": [
    -83.001459362,
    42.360523188
  ],
  ""type"": ""Point""
}",-83.0014593619999,42.3605231880001
11441,1461362,NEVADA,MT ELLIOTT,2018-08-24,24,8,2018,10,6,5,9,,4,0,Asphalt,1,1,1,30,2,2,2,5,0,0,0,0,true,false,false,false,false,false,false,false,true,false,false,false,false,false,false,true,false,false,false,false,false,false,-83.03881,42.4264,"{
  ""coordinates"": [
    -8.303880988929460e+01,
    4.242639956133980e+01
  ],
  ""type"": ""Point""
}","{
  ""coordinates"": [
    -83.038809889,
    42.426399561
  ],
  ""type"": ""Point""
}",-83.0388098889999,42.426399561
11442,1457012,GREENFIELD,SAINT MARTINS,2018-08-24,24,8,2018,22,6,4,9,,2,0,Asphalt,1,1,4,40,6,2,4,4,0,0,0,3,false,false,false,false,false,true,false,false,false,false,false,false,false,false,false,false,false,false,false,false,false,false,-83.20012,42.43626,"{
  ""coordinates"": [
    -8.320012116178660e+01,
    4.243625980831480e+01
  ],
  ""type"": ""Point""
}","{
  ""coordinates"": [
    -83.200121162,
    42.436259808
  ],
  ""type"": ""Point""
}",-83.200121162,42.436259808
11443,1458784,ANTOINETTE,CASS,2018-08-24,24,8,2018,14,6,4,9,,4,0,Asphalt,1,2,1,25,2,2,2,5,0,0,0,0,true,false,false,false,false,false,false,false,false,false,false,false,false,false,true,false,false,false,false,false,false,false,-83.0709,42.36319,"{
  ""coordinates"": [
    -8.307089735730010e+01,
    4.236319191962500e+01
  ],
  ""type"": ""Point""
}","{
  ""coordinates"": [
    -83.070897357,
    42.36319192
  ],
  ""type"": ""Point""
}",-83.070897357,42.3631919200001
11444,1456958,WOODWARD,N I 75,2018-08-24,24,8,2018,22,6,1,3,,1,0,Concrete,98,98,4,35,4,2,3,5,0,0,0,0,true,false,false,false,false,false,false,false,false,false,false,false,false,false,false,false,false,false,false,false,true,false,-83.05285,42.33989,"{
  ""coordinates"": [
    -8.305284702731350e+01,
    4.233989173766970e+01
  ],
  ""type"": ""Point""
}","{
  ""coordinates"": [
    -83.052847027,
    42.339891738
  ],
  ""type"": ""Point""
}",-83.052847027,42.3398917380001
11445,1457005,8 MILE,S I 75,2018-08-24,24,8,2018,8,6,1,3,,1,1,Concrete,1,1,1,40,2,1,2,5,0,0,0,0,true,false,false,false,false,false,false,false,false,false,false,false,false,false,false,false,false,false,false,false,false,false,-83.09487,42.4468,"{
  ""coordinates"": [
    -8.309487323124920e+01,
    4.244679939153990e+01
  ],
  ""type"": ""Point""
}","{
  ""coordinates"": [
    -83.094873231,
    42.446799392
  ],
  ""type"": ""Point""
}",-83.094873231,42.4467993920001
11446,1457007,VAN DYKE,MCNICHOLS,2018-08-24,24,8,2018,16,6,97,3,,1,0,Asphalt,1,1,1,45,5,1,1,4,0,0,0,1,false,false,false,false,false,false,false,false,false,false,false,false,false,false,false,true,false,false,false,false,false,false,-83.02372,42.41971,"{
  ""coordinates"": [
    -8.302372084360020e+01,
    4.241970879062500e+01
  ],
  ""type"": ""Point""
}","{
  ""coordinates"": [
    -83.023720844,
    42.419708791
  ],
  ""type"": ""Point""
}",-83.023720844,42.4197087910001
11447,1456925,WOODWARD,I 75 SERVICE,2018-08-24,24,8,2018,13,6,5,3,,1,0,Asphalt,1,1,1,25,3,3,3,5,0,0,0,0,true,false,false,false,false,false,false,false,false,false,true,false,false,false,true,false,false,false,false,false,false,false,-83.05247,42.33933,"{
  ""coordinates"": [
    -8.305247418207441e+01,
    4.233933343556310e+01
  ],
  ""type"": ""Point""
}","{
  ""coordinates"": [
    -83.052474182,
    42.339333436
  ],
  ""type"": ""Point""
}",-83.052474182,42.3393334360001
11448,1458783,ELIZABETH,WOODWARD,2018-08-24,24,8,2018,12,6,97,3,,4,0,Asphalt,1,2,1,25,2,2,1,4,0,0,0,1,false,false,false,false,false,false,false,false,false,false,false,false,true,false,false,false,false,false,false,false,false,false,-83.05141,42.33763,"{
  ""coordinates"": [
    -8.305141668842840e+01,
    4.233763223658620e+01
  ],
  ""type"": ""Point""
}","{
  ""coordinates"": [
    -83.051416688,
    42.337632237
  ],
  ""type"": ""Point""
}",-83.051416688,42.337632237
11449,1457899,3RD,WILLIS,2018-08-24,24,8,2018,15,6,5,9,,4,0,Asphalt,1,1,1,25,2,2,2,5,0,0,0,0,true,false,false,false,false,false,false,false,false,false,true,false,false,false,false,false,false,false,false,false,false,false,-83.068,42.34909,"{
  ""coordinates"": [
    -8.306800051827339e+01,
    4.234909386559040e+01
  ],
  ""type"": ""Point""
}","{
  ""coordinates"": [
    -83.068000518,
    42.349093866
  ],
  ""type"": ""Point""
}",-83.068000518,42.349093866
11450,1461311,GRAND,S I 75 SERVICE DRIVE,2018-08-24,24,8,2018,16,6,1,9,,4,1,Asphalt,1,2,1,30,4,1,1,1,1,0,0,0,false,false,false,false,false,false,false,false,false,false,false,false,false,false,false,false,false,false,false,false,false,false,-83.0605,42.37425,"{
  ""coordinates"": [
    -8.306049968985140e+01,
    4.237425208900970e+01
  ],
  ""type"": ""Point""
}","{
  ""coordinates"": [
    -83.06049969,
    42.374252089
  ],
  ""type"": ""Point""
}",-83.06049969,42.374252089
11451,1463957,GREENFIELD,LYNDON,2018-08-24,24,8,2018,17,6,3,9,,2,0,Asphalt,1,1,1,35,6,2,2,4,0,0,0,2,false,false,false,false,false,false,false,false,false,false,false,false,false,false,false,false,false,false,false,false,false,false,-83.19843,42.39427,"{
  ""coordinates"": [
    -8.319842161548149e+01,
    4.239427278003790e+01
  ],
  ""type"": ""Point""
}","{
  ""coordinates"": [
    -83.198421615,
    42.39427278
  ],
  ""type"": ""Point""
}",-83.198421615,42.3942727800001
11452,1470050,I-94,CHALMERS,2018-08-24,24,8,2018,11,6,8,1,,1,0,Asphalt,1,1,1,55,3,2,3,5,0,0,0,0,true,false,false,false,false,false,false,false,false,false,false,false,false,false,false,false,false,false,false,false,false,false,-82.96463,42.40371,"{
  ""coordinates"": [
    -8.296463350268850e+01,
    4.240370781687040e+01
  ],
  ""type"": ""Point""
}","{
  ""coordinates"": [
    -82.964633503,
    42.403707817
  ],
  ""type"": ""Point""
}",-82.964633503,42.4037078170001
11453,1456968,FERGUSON,SANTA MARIA,2018-08-24,24,8,2018,18,6,4,9,,,0,,1,2,1,25,1,2,5,5,0,0,0,0,true,false,false,false,false,false,false,false,false,false,false,false,false,false,true,false,true,false,false,false,false,false,-83.21009,42.41756,"{
  ""coordinates"": [
    -8.321009442455420e+01,
    4.241756259240350e+01
  ],
  ""type"": ""Point""
}","{
  ""coordinates"": [
    -83.210094425,
    42.417562592
  ],
  ""type"": ""Point""
}",-83.210094425,42.417562592
11454,1464768,I-94,MT ELLIOTT,2018-08-24,24,8,2018,17,6,5,1,,1,0,Asphalt,1,1,1,55,3,4,5,4,0,0,0,1,false,false,false,false,false,false,false,false,false,true,false,false,false,false,false,false,false,false,false,false,false,false,-83.03117,42.38226,"{
  ""coordinates"": [
    -8.303117657359610e+01,
    4.238226333874980e+01
  ],
  ""type"": ""Point""
}","{
  ""coordinates"": [
    -83.031176574,
    42.382263339
  ],
  ""type"": ""Point""
}",-83.031176574,42.3822633390001
11455,1466600,W I 96,RAMP 139C,2018-08-24,24,8,2018,12,6,1,1,,1,1,Asphalt,1,1,1,55,3,1,1,4,0,0,0,1,false,false,false,false,false,false,false,false,false,false,false,false,false,false,false,false,false,false,false,false,false,false,-83.14631,42.38032,"{
  ""coordinates"": [
    -8.314630631904051e+01,
    4.238032098897880e+01
  ],
  ""type"": ""Point""
}","{
  ""coordinates"": [
    -83.146306319,
    42.380320989
  ],
  ""type"": ""Point""
}",-83.146306319,42.380320989
11456,1463180,FORT,WOODMERE,2018-08-24,24,8,2018,12,6,4,3,,1,0,Asphalt,1,1,1,45,4,2,2,5,0,0,0,0,true,false,false,false,false,false,false,false,false,false,false,false,false,false,true,false,false,false,false,false,false,false,-83.13109,42.29566,"{
  ""coordinates"": [
    -8.313108985210380e+01,
    4.229565760656280e+01
  ],
  ""type"": ""Point""
}","{
  ""coordinates"": [
    -83.131089852,
    42.295657607
  ],
  ""type"": ""Point""
}",-83.1310898519999,42.2956576070001
11457,1456933,OUTER,WARING,2018-08-24,24,8,2018,4,6,8,9,,2,0,Asphalt,1,1,4,35,2,2,1,5,0,0,0,0,true,false,false,false,true,false,false,false,false,false,false,false,false,false,false,false,false,false,false,false,false,false,-83.16764,42.26353,"{
  ""coordinates"": [
    -8.316764231370040e+01,
    4.226352566999760e+01
  ],
  ""type"": ""Point""
}","{
  ""coordinates"": [
    -83.167642314,
    42.26352567
  ],
  ""type"": ""Point""
}",-83.167642314,42.26352567
11458,1456924,M-39,PEMBROKE,2018-08-24,24,8,2018,16,6,5,3,,1,0,Concrete,1,2,1,55,3,2,3,5,0,0,0,0,true,false,false,false,false,false,false,false,false,false,false,false,false,false,false,false,false,false,false,false,false,false,-83.21955,42.43751,"{
  ""coordinates"": [
    -8.321955401061760e+01,
    4.243750693488920e+01
  ],
  ""type"": ""Point""
}","{
  ""coordinates"": [
    -83.219554011,
    42.437506935
  ],
  ""type"": ""Point""
}",-83.219554011,42.437506935
11459,1461343,N M 39 SERVICE DRIVE,WARREN,2018-08-24,24,8,2018,17,6,5,9,,4,0,Asphalt,1,1,1,35,2,3,4,5,0,0,0,0,true,false,false,false,false,false,false,false,false,false,false,false,false,false,false,false,false,false,false,false,false,false,-83.21571,42.34339,"{
  ""coordinates"": [
    -8.321571564955580e+01,
    4.234339293512730e+01
  ],
  ""type"": ""Point""
}","{
  ""coordinates"": [
    -83.21571565,
    42.343392935
  ],
  ""type"": ""Point""
}",-83.2157156499999,42.3433929350001
11460,1457003,7 MILE,MOUNT ELLIOTT,2018-08-24,24,8,2018,17,6,4,9,,4,0,Asphalt,1,2,1,,4,2,1,5,0,0,0,0,true,false,false,false,false,false,false,false,false,false,false,false,false,true,false,false,false,false,false,false,false,false,-83.03884,42.43369,"{
  ""coordinates"": [
    -8.303883982856171e+01,
    4.243368396915920e+01
  ],
  ""type"": ""Point""
}","{
  ""coordinates"": [
    -83.038839829,
    42.433683969
  ],
  ""type"": ""Point""
}",-83.038839829,42.4336839690001
11461,1462569,S M 10,MCNICHOLS,2018-08-24,24,8,2018,17,6,5,3,,1,0,Concrete,1,1,1,30,3,2,2,4,0,0,0,1,false,false,false,false,false,false,false,false,false,false,false,false,false,false,false,false,false,false,false,false,false,false,-83.17194,42.41631,"{
  ""coordinates"": [
    -8.317194267662440e+01,
    4.241630796028550e+01
  ],
  ""type"": ""Point""
}","{
  ""coordinates"": [
    -83.171942677,
    42.41630796
  ],
  ""type"": ""Point""
}",-83.1719426769999,42.41630796
11462,1456935,FORT,WOODMERE,2018-08-24,24,8,2018,9,6,4,3,,1,0,Asphalt,1,1,1,35,3,2,2,5,0,0,0,0,true,false,false,false,false,false,false,false,false,false,false,false,false,false,false,false,false,false,false,false,false,false,-83.13158,42.29548,"{
  ""coordinates"": [
    -8.313157929224499e+01,
    4.229547689018460e+01
  ],
  ""type"": ""Point""
}","{
  ""coordinates"": [
    -83.131579292,
    42.29547689
  ],
  ""type"": ""Point""
}",-83.131579292,42.29547689
11463,1458789,ROSA PARKS,MICHIGAN,2018-08-24,24,8,2018,12,6,9,2,,4,0,Asphalt,1,1,1,25,2,2,4,5,0,0,0,0,true,false,false,false,false,false,false,false,false,false,false,false,false,false,false,true,false,false,false,false,false,false,-83.07178,42.33139,"{
  ""coordinates"": [
    -8.307178434778029e+01,
    4.233139196448980e+01
  ],
  ""type"": ""Point""
}","{
  ""coordinates"": [
    -83.071784348,
    42.331391964
  ],
  ""type"": ""Point""
}",-83.0717843479999,42.331391964
11464,1461331,OUTER,ACACIA,2018-08-24,24,8,2018,21,6,5,9,,2,0,Asphalt,1,1,4,35,2,2,1,4,0,0,0,1,false,false,false,false,false,true,true,false,false,false,false,false,false,false,false,false,false,false,false,false,false,false,-83.25661,42.39066,"{
  ""coordinates"": [
    -8.325661438406830e+01,
    4.239066198355370e+01
  ],
  ""type"": ""Point""
}","{
  ""coordinates"": [
    -83.256614384,
    42.390661984
  ],
  ""type"": ""Point""
}",-83.256614384,42.3906619840001
11465,1494811,S I 75,RAMP 037D,2018-08-24,24,8,2018,16,6,5,1,,1,0,Concrete,1,1,1,70,3,2,3,5,0,0,0,0,true,false,false,false,false,false,false,false,false,false,false,false,false,false,false,false,false,false,false,false,false,false,-83.07926,42.33265,"{
  ""coordinates"": [
    -8.307926399184410e+01,
    4.233264644775230e+01
  ],
  ""type"": ""Point""
}","{
  ""coordinates"": [
    -83.079263992,
    42.332646448
  ],
  ""type"": ""Point""
}",-83.0792639919999,42.332646448
11466,1456943,VERNOR,CLARK,2018-08-24,24,8,2018,18,6,97,9,,4,0,Asphalt,1,2,1,25,3,2,1,4,0,0,0,1,false,false,false,false,false,false,false,false,false,false,false,false,true,false,false,false,false,false,false,false,false,false,-83.09587,42.32026,"{
  ""coordinates"": [
    -8.309586992822079e+01,
    4.232026136619110e+01
  ],
  ""type"": ""Point""
}","{
  ""coordinates"": [
    -83.095869928,
    42.320261366
  ],
  ""type"": ""Point""
}",-83.095869928,42.3202613660001
11467,1496151,M 10,LINWOOD,2018-08-24,24,8,2018,1,6,1,3,,1,1,Concrete,1,1,4,55,3,1,5,3,0,0,1,2,false,false,false,false,false,true,false,false,false,true,false,false,false,false,false,false,false,false,false,false,false,false,-83.12257,42.40489,"{
  ""coordinates"": [
    -8.312256958604310e+01,
    4.240489177152400e+01
  ],
  ""type"": ""Point""
}","{
  ""coordinates"": [
    -83.122569586,
    42.404891772
  ],
  ""type"": ""Point""
}",-83.1225695859999,42.404891772
11468,1456949,MACK,AUDUBON,2018-08-24,24,8,2018,9,6,5,9,,4,0,Asphalt,1,1,1,30,4,2,2,5,0,0,0,0,true,false,false,false,false,false,false,false,false,false,false,false,false,false,false,false,false,false,false,false,false,false,-82.93036,42.39168,"{
  ""coordinates"": [
    -8.293035862620550e+01,
    4.239167600376490e+01
  ],
  ""type"": ""Point""
}","{
  ""coordinates"": [
    -82.930358626,
    42.391676004
  ],
  ""type"": ""Point""
}",-82.930358626,42.391676004
11469,1456993,ROSSINI,CORDELL,2018-08-24,24,8,2018,11,6,4,9,,,0,,1,1,1,25,1,2,2,5,0,0,0,0,true,false,true,false,false,false,false,false,false,false,false,false,false,false,false,false,false,false,false,false,false,false,-82.95117,42.4439,"{
  ""coordinates"": [
    -8.295117227278379e+01,
    4.244390225775910e+01
  ],
  ""type"": ""Point""
}","{
  ""coordinates"": [
    -82.951172273,
    42.443902258
  ],
  ""type"": ""Point""
}",-82.9511722729999,42.443902258
11470,1458796,POE,PALLISTER,2018-08-24,24,8,2018,6,6,98,9,,,0,,1,1,1,,2,2,0,5,0,0,0,0,true,false,false,false,true,false,false,true,false,true,false,false,false,false,false,false,false,false,false,false,false,false,-83.08867,42.36846,"{
  ""coordinates"": [
    -8.308866885910960e+01,
    4.236845633268740e+01
  ],
  ""type"": ""Point""
}","{
  ""coordinates"": [
    -83.088668859,
    42.368456333
  ],
  ""type"": ""Point""
}",-83.0886688589999,42.368456333
11471,1456999,CALVERT,M 10 SERVICE,2018-08-24,24,8,2018,16,6,4,9,,4,0,Asphalt,1,1,1,30,1,2,2,5,0,0,0,0,true,false,true,false,false,false,false,false,false,false,false,false,false,false,false,false,false,false,false,false,false,false,-83.09943,42.38453,"{
  ""coordinates"": [
    -8.309942542497249e+01,
    4.238452932740710e+01
  ],
  ""type"": ""Point""
}","{
  ""coordinates"": [
    -83.099425425,
    42.384529327
  ],
  ""type"": ""Point""
}",-83.0994254249999,42.3845293270001
11472,1468599,SAINT AUBIN,FABER,2018-08-24,24,8,2018,20,6,1,9,,4,1,Concrete,1,1,4,25,2,1,2,3,0,0,2,0,false,false,false,false,false,false,false,false,false,false,false,false,false,true,false,false,false,false,false,false,false,false,-83.06008,42.38768,"{
  ""coordinates"": [
    -8.306007954507361e+01,
    4.238767517549340e+01
  ],
  ""type"": ""Point""
}","{
  ""coordinates"": [
    -83.060079545,
    42.387675175
  ],
  ""type"": ""Point""
}",-83.060079545,42.387675175
11473,1461193,I 94 EB,CADIEUX,2018-08-24,24,8,2018,13,6,5,1,,1,0,Asphalt,1,1,1,,3,2,1,5,0,0,0,0,true,false,false,false,true,false,false,false,false,false,false,false,false,false,false,false,false,false,false,false,false,false,-82.93744,42.41705,"{
  ""coordinates"": [
    -8.293743666784350e+01,
    4.241704604412980e+01
  ],
  ""type"": ""Point""
}","{
  ""coordinates"": [
    -82.937436668,
    42.417046044
  ],
  ""type"": ""Point""
}",-82.937436668,42.4170460440001
11474,1457004,JOS CAMPAU,GRIXDALE,2018-08-24,24,8,2018,16,6,4,9,,4,0,Asphalt,1,1,1,35,2,2,4,5,0,0,0,0,true,false,false,false,true,false,false,false,false,false,false,false,false,false,true,false,false,false,false,false,false,false,-83.07278,42.42843,"{
  ""coordinates"": [
    -8.307277829290020e+01,
    4.242843302564420e+01
  ],
  ""type"": ""Point""
}","{
  ""coordinates"": [
    -83.072778293,
    42.428433026
  ],
  ""type"": ""Point""
}",-83.0727782929999,42.4284330260001
11475,1457868,JOY,EVERGREEN,2018-08-24,24,8,2018,15,6,5,9,,2,0,Asphalt,1,1,1,35,4,3,6,5,0,0,0,0,true,false,false,false,false,false,false,false,false,false,false,false,false,false,false,false,false,false,false,false,false,false,-83.23566,42.35758,"{
  ""coordinates"": [
    -8.323566115389310e+01,
    4.235757702079060e+01
  ],
  ""type"": ""Point""
}","{
  ""coordinates"": [
    -83.235661154,
    42.357577021
  ],
  ""type"": ""Point""
}",-83.235661154,42.3575770210001
11476,1461339,AUBURN,WARREN,2018-08-24,24,8,2018,19,6,10,9,,,0,,1,1,1,25,2,2,0,5,0,0,0,0,true,false,false,false,true,false,false,false,false,false,true,false,false,false,false,false,false,false,false,false,false,false,-83.23288,42.34277,"{
  ""coordinates"": [
    -8.323287854984520e+01,
    4.234276623701490e+01
  ],
  ""type"": ""Point""
}","{
  ""coordinates"": [
    -83.23287855,
    42.342766237
  ],
  ""type"": ""Point""
}",-83.23287855,42.342766237
11477,1458799,EVANSTON,BARRETT,2018-08-24,24,8,2018,14,6,1,9,,,1,,1,1,1,,1,1,1,5,0,0,0,0,true,false,false,false,false,false,false,false,false,false,false,false,false,true,false,false,false,false,false,false,false,false,-82.98483,42.39956,"{
  ""coordinates"": [
    -8.298483116580640e+01,
    4.239955640349840e+01
  ],
  ""type"": ""Point""
}","{
  ""coordinates"": [
    -82.984831166,
    42.399556403
  ],
  ""type"": ""Point""
}",-82.9848311659999,42.3995564030001
11478,1470063,MORANG,SOMERSET,2018-08-24,24,8,2018,17,6,4,9,,4,0,Asphalt,1,1,1,35,2,2,5,5,0,0,0,0,true,false,false,false,false,false,false,false,false,false,false,true,false,false,false,false,false,false,false,false,false,false,-82.94387,42.42362,"{
  ""coordinates"": [
    -8.294387271924840e+01,
    4.242361665515940e+01
  ],
  ""type"": ""Point""
}","{
  ""coordinates"": [
    -82.943872719,
    42.423616655
  ],
  ""type"": ""Point""
}",-82.943872719,42.423616655
11479,1481319,GRAND,WARREN,2018-08-23,23,8,2018,10,5,97,9,,4,0,Asphalt,1,1,1,,3,2,0,5,0,0,0,0,true,false,false,false,true,false,false,false,false,false,false,false,true,false,false,false,false,false,false,false,false,false,-83.10764,42.34486,"{
  ""coordinates"": [
    -8.310764568042690e+01,
    4.234486121579020e+01
  ],
  ""type"": ""Point""
}","{
  ""coordinates"": [
    -83.10764568,
    42.344861216
  ],
  ""type"": ""Point""
}",-83.10764568,42.344861216
11480,1461299,JEFFERSON,RANDOLPH,2018-08-23,23,8,2018,21,5,8,4,,1,0,Asphalt,1,1,4,30,2,2,3,4,0,0,0,3,false,false,false,false,false,false,false,false,false,false,false,false,false,false,false,false,false,false,false,false,false,false,-83.04181,42.32967,"{
  ""coordinates"": [
    -8.304181198270371e+01,
    4.232967015386980e+01
  ],
  ""type"": ""Point""
}","{
  ""coordinates"": [
    -83.041811983,
    42.329670154
  ],
  ""type"": ""Point""
}",-83.0418119829999,42.329670154
11481,1455044,VAN DYKE,7 MILE,2018-08-23,23,8,2018,6,5,8,3,,1,0,Asphalt,1,1,4,35,2,2,1,5,0,0,0,0,true,false,false,false,true,false,false,false,false,false,false,false,false,false,false,true,false,false,false,false,false,false,-83.02425,42.43369,"{
  ""coordinates"": [
    -8.302424635557691e+01,
    4.243368802685980e+01
  ],
  ""type"": ""Point""
}","{
  ""coordinates"": [
    -83.024246356,
    42.433688027
  ],
  ""type"": ""Point""
}",-83.0242463559999,42.4336880270001
11482,1456984,CHALMERS,HARPER,2018-08-23,23,8,2018,19,5,4,9,,4,0,Asphalt,1,1,3,30,2,2,1,5,0,0,0,0,true,false,false,false,true,false,false,false,false,false,false,false,false,true,false,false,false,false,false,false,false,false,-82.96463,42.40474,"{
  ""coordinates"": [
    -8.296462796120180e+01,
    4.240473404271510e+01
  ],
  ""type"": ""Point""
}","{
  ""coordinates"": [
    -82.964627961,
    42.404734043
  ],
  ""type"": ""Point""
}",-82.964627961,42.4047340430001
11483,1455885,FORT,GRAND,2018-08-23,23,8,2018,12,5,5,3,,1,0,Concrete,1,1,1,30,6,2,2,5,0,0,0,0,true,false,false,false,false,false,false,false,false,false,false,false,false,false,false,false,false,false,false,false,false,false,-83.08365,42.31512,"{
  ""coordinates"": [
    -8.308365163329050e+01,
    4.231512112534890e+01
  ],
  ""type"": ""Point""
}","{
  ""coordinates"": [
    -83.083651633,
    42.315121125
  ],
  ""type"": ""Point""
}",-83.083651633,42.3151211250001
11484,1460454,LIVERNOIS,MICHIGAN,2018-08-23,23,8,2018,13,5,4,2,,4,0,Asphalt,1,1,1,35,2,2,2,5,0,0,0,0,true,false,true,true,true,false,false,false,false,false,false,false,false,true,false,false,false,false,false,false,false,false,-83.12029,42.33105,"{
  ""coordinates"": [
    -8.312029372484371e+01,
    4.233105031580070e+01
  ],
  ""type"": ""Point""
}","{
  ""coordinates"": [
    -83.120293725,
    42.331050316
  ],
  ""type"": ""Point""
}",-83.120293725,42.3310503160001
11485,1455911,JAMES COUZENS,MCNICHOLS,2018-08-23,23,8,2018,7,5,5,9,,4,0,Asphalt,1,1,2,35,3,2,1,5,0,0,0,0,true,false,false,false,true,false,false,false,false,false,false,false,false,false,false,false,false,false,false,false,false,false,-83.17183,42.41662,"{
  ""coordinates"": [
    -8.317183122530410e+01,
    4.241661762836500e+01
  ],
  ""type"": ""Point""
}","{
  ""coordinates"": [
    -83.171831225,
    42.416617628
  ],
  ""type"": ""Point""
}",-83.1718312249999,42.416617628
11486,1456923,M-39,OUTER,2018-08-23,23,8,2018,19,5,5,3,,1,0,Concrete,1,1,1,55,3,2,2,5,0,0,0,0,true,false,false,false,false,false,false,false,false,false,false,false,false,false,false,false,false,false,false,false,false,false,-83.21906,42.42073,"{
  ""coordinates"": [
    -8.321906599995270e+01,
    4.242072757158230e+01
  ],
  ""type"": ""Point""
}","{
  ""coordinates"": [
    -83.219066,
    42.420727572
  ],
  ""type"": ""Point""
}",-83.2190659999999,42.420727572
11487,1456928,SORRENTO,JOY,2018-08-23,23,8,2018,7,5,6,9,,,0,,1,1,1,35,2,2,1,5,0,0,0,0,true,false,false,false,true,false,false,false,false,false,false,false,false,false,false,false,false,false,false,false,false,false,-83.17146,42.35861,"{
  ""coordinates"": [
    -8.317145521051690e+01,
    4.235860979658690e+01
  ],
  ""type"": ""Point""
}","{
  ""coordinates"": [
    -83.171455211,
    42.358609797
  ],
  ""type"": ""Point""
}",-83.171455211,42.358609797
11488,1455876,MCNICHOLS,STRATHMOOR,2018-08-23,23,8,2018,15,5,3,9,,2,0,Asphalt,1,1,1,35,4,3,4,3,0,0,2,1,false,false,false,false,false,false,false,false,false,false,false,false,false,false,true,false,false,false,false,false,false,false,-83.1885,42.41648,"{
  ""coordinates"": [
    -8.318849567725820e+01,
    4.241647932847600e+01
  ],
  ""type"": ""Point""
}","{
  ""coordinates"": [
    -83.188495677,
    42.416479328
  ],
  ""type"": ""Point""
}",-83.1884956769999,42.416479328
11489,1476309,7 MILE,MARLOWE,2018-08-23,23,8,2018,21,5,1,9,,2,0,Asphalt,1,1,4,40,5,2,1,1,1,0,0,0,false,false,false,false,false,true,false,false,false,false,false,false,true,true,false,false,false,false,false,false,false,false,-83.1918,42.43066,"{
  ""coordinates"": [
    -8.319179928446320e+01,
    4.243066310623590e+01
  ],
  ""type"": ""Point""
}","{
  ""coordinates"": [
    -83.191799284,
    42.430663106
  ],
  ""type"": ""Point""
}",-83.191799284,42.4306631060001