ObjectId,Crash ID,Primary Road,Intersecting Road,Crash Date,Day,Month,Year,Hour,Weekday,Crash Type Code,Highway Classification Code,Community Code,Jurisdiction Code,Lane Departure Type Code,Surface Type,Road Condition,Weather Condition,Lighting Condition,Speed Limit,Lanes,Units,Occupants,Most Severe Injury,Fatal Injuries,Suspected Serious Injuries,Suspected Minor Injuries,Possible Injuries,Property Damage Only,Secondary Crash,Traffic Control,Red Light Run,Hit and Run,Alcohol,Drugs,Unbelted Person,Work Zone,Speeding Driver,Distracted Driver,Driveway,Pedestrian,Elderly Driver,Young Driver,Commercial Vehicle,Emergency Vehicles,Train,School Bus,Motorcycle,Bicycle,Deer,Longitude,Latitude,geom,geog,x,y
11599,1455883,LIVERNOIS,W I 94,2018-08-22,22,8,2018,14,4,5,9,,4,0,Concrete,1,1,1,35,2,2,3,5,0,0,0,0,true,false,false,false,false,false,false,false,false,false,false,false,false,false,false,false,false,false,false,false,false,false,-83.1249,42.33739,"{
  ""coordinates"": [
    -8.312490196418510e+01,
    4.233738994419530e+01
  ],
  ""type"": ""Point""
}","{
  ""coordinates"": [
    -83.124901964,
    42.337389944
  ],
  ""type"": ""Point""
}",-83.1249019639999,42.3373899440001
11600,1474356,WESTMORELAND,VASSAR,2018-08-22,22,8,2018,15,4,97,9,,,0,,1,1,1,30,2,2,2,5,0,0,0,0,true,false,false,false,true,false,false,false,false,true,false,false,false,false,false,false,false,false,false,false,false,false,-83.23682,42.43323,"{
  ""coordinates"": [
    -8.323681931661351e+01,
    4.243323187911270e+01
  ],
  ""type"": ""Point""
}","{
  ""coordinates"": [
    -83.236819317,
    42.433231879
  ],
  ""type"": ""Point""
}",-83.236819317,42.4332318790001
11601,1457849,M39,SCHOOLCRAFT,2018-08-22,22,8,2018,20,4,5,3,,1,0,Asphalt,1,1,3,55,3,2,2,5,0,0,0,0,true,true,false,false,false,true,false,false,false,false,false,false,false,false,true,false,false,false,false,false,false,false,-83.21774,42.39061,"{
  ""coordinates"": [
    -8.321773446539540e+01,
    4.239060570309210e+01
  ],
  ""type"": ""Point""
}","{
  ""coordinates"": [
    -83.217734465,
    42.390605703
  ],
  ""type"": ""Point""
}",-83.217734465,42.3906057030001
11602,1455045,DAVISON CROSSOVER,CONLEY,2018-08-22,22,8,2018,9,4,8,9,,4,0,Asphalt,1,2,1,30,4,2,2,5,0,0,0,0,true,false,false,false,false,false,false,false,false,false,false,false,false,false,false,true,false,false,false,false,false,false,-83.05151,42.41933,"{
  ""coordinates"": [
    -8.305150990657070e+01,
    4.241932784219370e+01
  ],
  ""type"": ""Point""
}","{
  ""coordinates"": [
    -83.051509907,
    42.419327842
  ],
  ""type"": ""Point""
}",-83.051509907,42.419327842
11603,1455859,I 96,DAVISON,2018-08-22,22,8,2018,21,4,5,1,,1,0,Asphalt,1,1,4,55,2,2,3,5,0,0,0,0,true,false,false,false,false,false,false,false,true,false,false,false,false,false,false,false,false,false,false,false,false,false,-83.14909,42.38321,"{
  ""coordinates"": [
    -8.314908225529599e+01,
    4.238321217547840e+01
  ],
  ""type"": ""Point""
}","{
  ""coordinates"": [
    -83.149082255,
    42.383212175
  ],
  ""type"": ""Point""
}",-83.1490822549999,42.383212175
11604,1455036,MCNICHOLS,GOULBURN,2018-08-22,22,8,2018,18,4,4,9,,4,0,Asphalt,1,1,1,30,4,2,1,5,0,0,0,0,true,false,false,false,true,false,false,false,false,false,false,false,false,false,false,false,false,false,false,false,false,false,-82.99331,42.42379,"{
  ""coordinates"": [
    -8.299330565938961e+01,
    4.242378765695680e+01
  ],
  ""type"": ""Point""
}","{
  ""coordinates"": [
    -82.993305659,
    42.423787657
  ],
  ""type"": ""Point""
}",-82.993305659,42.423787657
11605,1488812,CONNER,SHOEMAKER,2018-08-22,22,8,2018,16,4,5,9,,4,0,Asphalt,1,1,1,,2,2,2,5,0,0,0,0,true,false,false,false,false,false,false,false,false,false,false,false,false,false,false,false,false,false,false,false,false,false,-82.98328,42.39297,"{
  ""coordinates"": [
    -8.298327489530300e+01,
    4.239296706772410e+01
  ],
  ""type"": ""Point""
}","{
  ""coordinates"": [
    -82.983274895,
    42.392967068
  ],
  ""type"": ""Point""
}",-82.983274895,42.3929670680001
11606,1455873,I96,M39,2018-08-22,22,8,2018,15,4,8,1,,1,0,Concrete,1,1,1,55,2,2,2,2,0,1,0,0,false,false,false,false,false,false,false,false,false,false,false,false,false,true,false,false,false,false,false,false,false,false,-83.21905,42.37857,"{
  ""coordinates"": [
    -8.321905036239021e+01,
    4.237856655116590e+01
  ],
  ""type"": ""Point""
}","{
  ""coordinates"": [
    -83.219050362,
    42.378566551
  ],
  ""type"": ""Point""
}",-83.219050362,42.3785665510001
11607,1455050,7 MILE,WYOMING,2018-08-22,22,8,2018,18,4,4,9,,2,0,Asphalt,1,1,1,30,5,2,4,5,0,0,0,0,true,false,false,false,false,false,false,false,false,false,false,true,false,false,false,false,false,false,false,false,false,false,-83.16106,42.43135,"{
  ""coordinates"": [
    -8.316106441537300e+01,
    4.243134596696030e+01
  ],
  ""type"": ""Point""
}","{
  ""coordinates"": [
    -83.161064415,
    42.431345967
  ],
  ""type"": ""Point""
}",-83.1610644149999,42.431345967
11608,1454152,FLEMING,GRIXDALE,2018-08-21,21,8,2018,18,3,4,9,,,0,,1,1,1,25,2,2,2,5,0,0,0,0,true,false,false,false,false,false,false,false,false,false,false,false,false,false,true,false,false,false,false,false,false,false,-83.07917,42.42809,"{
  ""coordinates"": [
    -8.307916831037610e+01,
    4.242808551986980e+01
  ],
  ""type"": ""Point""
}","{
  ""coordinates"": [
    -83.07916831,
    42.42808552
  ],
  ""type"": ""Point""
}",-83.0791683099999,42.42808552
11609,1454151,BUFFALO,HAROLD,2018-08-21,21,8,2018,16,3,4,9,,4,0,Asphalt,1,1,1,30,2,2,3,5,0,0,0,0,true,false,false,false,false,false,false,false,false,false,true,false,false,false,false,false,false,false,false,false,false,false,-83.04733,42.40639,"{
  ""coordinates"": [
    -8.304732318339180e+01,
    4.240639270231260e+01
  ],
  ""type"": ""Point""
}","{
  ""coordinates"": [
    -83.047323183,
    42.406392702
  ],
  ""type"": ""Point""
}",-83.0473231829999,42.4063927020001
11610,1460335,RAMP 035E,RAMP 035C,2018-08-21,21,8,2018,11,3,1,1,,1,0,Concrete,2,2,1,15,2,1,1,5,0,0,0,0,true,false,false,false,false,false,false,false,false,true,false,false,false,false,false,true,false,false,false,false,false,false,-83.08338,42.32108,"{
  ""coordinates"": [
    -8.308338338696581e+01,
    4.232107586649260e+01
  ],
  ""type"": ""Point""
}","{
  ""coordinates"": [
    -83.083383387,
    42.321075866
  ],
  ""type"": ""Point""
}",-83.083383387,42.3210758660001
11611,1467784,GRATIOT,HARPER,2018-08-21,21,8,2018,5,3,5,3,,1,0,Asphalt,1,1,4,30,2,2,2,5,0,0,0,0,true,false,false,false,false,false,false,false,true,false,false,false,false,false,false,false,false,false,false,false,false,false,-83.00515,42.39325,"{
  ""coordinates"": [
    -8.300515026659110e+01,
    4.239325385820170e+01
  ],
  ""type"": ""Point""
}","{
  ""coordinates"": [
    -83.005150267,
    42.393253858
  ],
  ""type"": ""Point""
}",-83.005150267,42.393253858
11612,1454102,I-75,MACK,2018-08-21,21,8,2018,15,3,8,1,,1,0,Concrete,1,1,1,55,4,2,2,5,0,0,0,0,true,false,false,false,false,false,false,false,false,false,false,false,false,true,false,true,false,false,false,false,false,false,-83.0467,42.34948,"{
  ""coordinates"": [
    -8.304669840100740e+01,
    4.234947966649620e+01
  ],
  ""type"": ""Point""
}","{
  ""coordinates"": [
    -83.046698401,
    42.349479666
  ],
  ""type"": ""Point""
}",-83.046698401,42.349479666
11613,1454999,FORT,CLARK,2018-08-21,21,8,2018,12,3,4,3,,1,0,Concrete,1,2,1,30,5,2,2,5,0,0,0,0,true,false,false,false,false,false,false,false,false,false,false,true,false,false,false,true,false,false,false,false,false,false,-83.08917,42.31274,"{
  ""coordinates"": [
    -8.308916953999110e+01,
    4.231273771971850e+01
  ],
  ""type"": ""Point""
}","{
  ""coordinates"": [
    -83.08916954,
    42.31273772
  ],
  ""type"": ""Point""
}",-83.0891695399999,42.31273772
11614,1455020,LAHSER,MCNICHOLS,2018-08-21,21,8,2018,19,3,5,9,,2,0,Asphalt,1,1,1,35,2,2,2,5,0,0,0,0,true,false,false,false,false,false,false,false,false,false,false,false,false,false,true,false,false,false,false,false,false,false,-83.25748,42.41467,"{
  ""coordinates"": [
    -8.325747360555729e+01,
    4.241466512827590e+01
  ],
  ""type"": ""Point""
}","{
  ""coordinates"": [
    -83.257473606,
    42.414665128
  ],
  ""type"": ""Point""
}",-83.257473606,42.4146651280001
11615,1456990,HOOVER,7 MILE,2018-08-21,21,8,2018,9,3,5,3,,1,0,Asphalt,2,1,1,,2,2,2,5,0,0,0,0,true,false,false,false,false,false,false,false,false,false,false,false,false,false,false,false,false,false,false,false,false,false,-83.0047,42.4347,"{
  ""coordinates"": [
    -8.300470165533341e+01,
    4.243469877700760e+01
  ],
  ""type"": ""Point""
}","{
  ""coordinates"": [
    -83.004701655,
    42.434698777
  ],
  ""type"": ""Point""
}",-83.004701655,42.4346987770001
11616,1453239,FREELAND,MIDLAND,2018-08-21,21,8,2018,0,3,8,9,,,0,,1,1,5,25,2,2,98,5,0,0,0,0,true,false,false,false,true,false,false,false,false,false,false,false,false,false,false,false,false,false,false,false,false,false,-83.18568,42.40526,"{
  ""coordinates"": [
    -8.318567627084630e+01,
    4.240525884949490e+01
  ],
  ""type"": ""Point""
}","{
  ""coordinates"": [
    -83.185676271,
    42.405258849
  ],
  ""type"": ""Point""
}",-83.185676271,42.4052588490001
11617,1460425,I-94,CASS,2018-08-21,21,8,2018,21,3,8,1,,1,0,Asphalt,1,1,4,55,3,2,1,5,0,0,0,0,true,false,false,false,true,false,false,false,false,false,false,false,false,false,false,false,false,false,false,false,false,false,-83.0703,42.36304,"{
  ""coordinates"": [
    -8.307030117138970e+01,
    4.236303808787600e+01
  ],
  ""type"": ""Point""
}","{
  ""coordinates"": [
    -83.070301171,
    42.363038088
  ],
  ""type"": ""Point""
}",-83.070301171,42.3630380880001
11618,1520277,MCNICHOLS,LAHSER,2018-08-21,21,8,2018,17,3,8,9,,2,0,Concrete,2,2,1,,2,2,2,4,0,0,0,1,false,false,false,false,false,false,false,false,false,false,false,false,false,false,false,false,false,false,false,false,false,false,-83.25747,42.4146,"{
  ""coordinates"": [
    -8.325746951080690e+01,
    4.241459719477180e+01
  ],
  ""type"": ""Point""
}","{
  ""coordinates"": [
    -83.257469511,
    42.414597195
  ],
  ""type"": ""Point""
}",-83.257469511,42.4145971950001
11619,1611753,E I 96 SERVICE DRIVE,MARTIN LUTHER KING JR,2018-08-21,21,8,2018,13,3,8,9,,4,0,Asphalt,1,2,1,30,4,2,2,5,0,0,0,0,true,false,false,false,false,false,false,false,false,false,true,false,false,false,false,false,false,false,false,false,false,false,-83.09114,42.33601,"{
  ""coordinates"": [
    -8.309113968963131e+01,
    4.233601238548610e+01
  ],
  ""type"": ""Point""
}","{
  ""coordinates"": [
    -83.09113969,
    42.336012385
  ],
  ""type"": ""Point""
}",-83.09113969,42.3360123850001
11620,1464777,I-94,VAN DYKE,2018-08-21,21,8,2018,10,3,5,1,,1,0,Asphalt,2,1,1,55,3,3,3,5,0,0,0,0,true,false,false,false,false,false,false,false,false,false,false,false,false,false,false,false,false,false,false,false,false,false,-83.02934,42.38388,"{
  ""coordinates"": [
    -8.302933376888710e+01,
    4.238387662642240e+01
  ],
  ""type"": ""Point""
}","{
  ""coordinates"": [
    -83.029333769,
    42.383876626
  ],
  ""type"": ""Point""
}",-83.0293337689999,42.3838766260001
11621,1579244,FORT,SPRINGWELLS,2018-08-21,21,8,2018,0,3,5,3,,1,0,Asphalt,2,1,4,45,6,2,2,4,0,0,0,2,false,false,false,false,true,false,false,false,false,false,false,true,false,false,false,false,false,false,false,false,false,false,-83.1192,42.30019,"{
  ""coordinates"": [
    -8.311920185047261e+01,
    4.230019353551630e+01
  ],
  ""type"": ""Point""
}","{
  ""coordinates"": [
    -83.11920185,
    42.300193536
  ],
  ""type"": ""Point""
}",-83.11920185,42.3001935360001
11622,1454154,DAVISON,KLINGER,2018-08-21,21,8,2018,19,3,8,3,,1,0,Asphalt,1,1,1,40,2,2,1,5,0,0,0,0,true,false,false,false,false,false,false,false,false,false,false,false,false,false,false,true,false,false,false,false,false,false,-83.06312,42.41492,"{
  ""coordinates"": [
    -8.306311753902030e+01,
    4.241492264527940e+01
  ],
  ""type"": ""Point""
}","{
  ""coordinates"": [
    -83.063117539,
    42.414922645
  ],
  ""type"": ""Point""
}",-83.063117539,42.414922645
11623,1455015,I 94,JOS CAMPAU,2018-08-21,21,8,2018,20,3,8,9,,4,0,Concrete,1,1,1,55,3,2,1,4,0,0,0,1,false,false,false,false,true,false,false,false,false,false,false,false,false,false,false,false,false,false,false,false,false,false,-83.04297,42.37523,"{
  ""coordinates"": [
    -8.304297098645010e+01,
    4.237522495121650e+01
  ],
  ""type"": ""Point""
}","{
  ""coordinates"": [
    -83.042970986,
    42.375224951
  ],
  ""type"": ""Point""
}",-83.0429709859999,42.3752249510001
11624,1454982,MEYERS,CHICAGO,2018-08-21,21,8,2018,19,3,4,9,,4,0,Asphalt,1,1,1,30,3,2,4,4,0,0,0,1,false,false,false,false,true,false,false,false,false,false,false,false,false,false,false,false,false,false,false,false,false,false,-83.16793,42.366,"{
  ""coordinates"": [
    -8.316792815187340e+01,
    4.236599813241100e+01
  ],
  ""type"": ""Point""
}","{
  ""coordinates"": [
    -83.167928152,
    42.365998132
  ],
  ""type"": ""Point""
}",-83.1679281519999,42.3659981320001
11625,1567135,8 MILE,LAHSER,2018-08-21,21,8,2018,18,3,5,3,,1,0,Asphalt,1,1,1,45,8,2,1,5,0,0,0,0,true,true,false,false,false,false,false,false,false,false,false,false,false,false,true,false,false,false,false,false,false,false,-83.25773,42.44326,"{
  ""coordinates"": [
    -8.325773046510380e+01,
    4.244326385687300e+01
  ],
  ""type"": ""Point""
}","{
  ""coordinates"": [
    -83.257730465,
    42.443263857
  ],
  ""type"": ""Point""
}",-83.257730465,42.443263857
11626,1455011,PLYMOUTH,ST MARYS,2018-08-21,21,8,2018,18,3,4,9,,4,0,Asphalt,2,4,1,30,4,2,5,4,0,0,0,1,false,false,true,false,false,false,false,false,false,false,false,false,false,false,false,false,false,false,false,false,false,false,-83.20481,42.37247,"{
  ""coordinates"": [
    -8.320480891892740e+01,
    4.237247080316490e+01
  ],
  ""type"": ""Point""
}","{
  ""coordinates"": [
    -83.204808919,
    42.372470803
  ],
  ""type"": ""Point""
}",-83.204808919,42.3724708030001
11627,1465782,LAHSER,GROVE,2018-08-21,21,8,2018,6,3,98,9,,2,0,Asphalt,2,2,1,35,2,2,0,5,0,0,0,0,true,false,false,false,true,false,false,false,false,false,false,false,false,false,false,false,false,false,false,false,false,false,-83.25742,42.41368,"{
  ""coordinates"": [
    -8.325742269780970e+01,
    4.241368037226750e+01
  ],
  ""type"": ""Point""
}","{
  ""coordinates"": [
    -83.257422698,
    42.413680372
  ],
  ""type"": ""Point""
}",-83.257422698,42.413680372
11628,1454169,BALTIMORE,WOODWARD,2018-08-21,21,8,2018,8,3,8,9,,4,0,Asphalt,2,4,1,25,4,2,1,5,0,0,0,0,true,false,false,false,false,false,false,false,false,false,false,false,false,false,false,true,false,false,false,false,false,false,-83.07374,42.36778,"{
  ""coordinates"": [
    -8.307373933454730e+01,
    4.236778049230690e+01
  ],
  ""type"": ""Point""
}","{
  ""coordinates"": [
    -83.073739335,
    42.367780492
  ],
  ""type"": ""Point""
}",-83.073739335,42.3677804920001
11629,1455872,RAMP 213D,WARREN,2018-08-21,21,8,2018,15,3,8,1,,1,0,Asphalt,1,1,1,55,5,2,2,5,0,0,0,0,true,false,false,false,false,false,false,false,false,false,false,false,false,false,false,true,false,false,false,false,false,false,-83.09687,42.34618,"{
  ""coordinates"": [
    -8.309686879553951e+01,
    4.234617695612020e+01
  ],
  ""type"": ""Point""
}","{
  ""coordinates"": [
    -83.096868796,
    42.346176956
  ],
  ""type"": ""Point""
}",-83.096868796,42.3461769560001
11630,1458816,GRAYTON,WHITEHILL,2018-08-21,21,8,2018,3,3,1,9,,,1,,1,1,5,25,1,1,0,5,0,0,0,0,true,false,false,false,false,false,false,false,false,false,true,false,false,false,false,false,false,false,false,false,false,false,-82.95527,42.4226,"{
  ""coordinates"": [
    -8.295527019969170e+01,
    4.242260518662620e+01
  ],
  ""type"": ""Point""
}","{
  ""coordinates"": [
    -82.9552702,
    42.422605187
  ],
  ""type"": ""Point""
}",-82.9552702,42.422605187
11631,1454138,GREENFIELD,EATON,2018-08-21,21,8,2018,18,3,5,9,,2,3,Asphalt,2,4,1,35,4,2,2,4,0,0,0,2,false,false,false,false,false,false,true,false,false,false,false,false,false,false,false,false,false,false,false,false,false,false,-83.19858,42.39791,"{
  ""coordinates"": [
    -8.319858143225940e+01,
    4.239791590730740e+01
  ],
  ""type"": ""Point""
}","{
  ""coordinates"": [
    -83.198581432,
    42.397915907
  ],
  ""type"": ""Point""
}",-83.198581432,42.397915907
11632,1457000,EWALD,SAN JUAN,2018-08-21,21,8,2018,23,3,1,9,,4,0,Asphalt,2,1,4,30,2,1,1,5,0,0,0,0,true,false,false,false,false,false,false,false,false,false,false,false,false,false,true,false,false,false,false,false,false,false,-83.14486,42.38941,"{
  ""coordinates"": [
    -8.314486277653749e+01,
    4.238940966291710e+01
  ],
  ""type"": ""Point""
}","{
  ""coordinates"": [
    -83.144862777,
    42.389409663
  ],
  ""type"": ""Point""
}",-83.144862777,42.389409663
11633,1453283,BLOOM,7 MILE,2018-08-21,21,8,2018,1,3,8,9,,,3,,1,1,4,25,2,2,1,5,0,0,0,0,true,false,false,false,false,false,false,false,false,false,false,false,false,false,false,false,false,false,false,false,false,false,-83.04913,42.43372,"{
  ""coordinates"": [
    -8.304912378527470e+01,
    4.243371713046840e+01
  ],
  ""type"": ""Point""
}","{
  ""coordinates"": [
    -83.049123785,
    42.43371713
  ],
  ""type"": ""Point""
}",-83.0491237849999,42.43371713
11634,1454100,I-94,CADIEUX,2018-08-21,21,8,2018,12,3,1,1,,1,1,Asphalt,2,4,1,55,3,1,1,5,0,0,0,0,true,false,false,false,false,false,false,false,false,true,false,false,false,false,false,false,false,false,false,false,false,false,-82.93708,42.41742,"{
  ""coordinates"": [
    -8.293708202317811e+01,
    4.241741434097090e+01
  ],
  ""type"": ""Point""
}","{
  ""coordinates"": [
    -82.937082023,
    42.417414341
  ],
  ""type"": ""Point""
}",-82.937082023,42.417414341
11635,1455051,DAVISON,EWALD,2018-08-21,21,8,2018,20,3,5,3,,1,0,Concrete,1,2,1,30,3,2,2,5,0,0,0,0,true,false,false,false,true,false,false,false,false,false,false,false,false,false,true,false,false,false,false,false,false,false,-83.14523,42.38641,"{
  ""coordinates"": [
    -8.314522739556560e+01,
    4.238640790744660e+01
  ],
  ""type"": ""Point""
}","{
  ""coordinates"": [
    -83.145227396,
    42.386407907
  ],
  ""type"": ""Point""
}",-83.1452273959999,42.386407907
11636,1463961,ADDISON,MCGRAW,2018-08-21,21,8,2018,17,3,1,9,,,0,,1,1,1,25,1,1,1,5,0,0,0,0,true,false,false,false,false,false,false,false,false,false,false,false,false,false,false,false,false,false,false,false,false,false,-83.15173,42.33112,"{
  ""coordinates"": [
    -8.315172924431000e+01,
    4.233112356407600e+01
  ],
  ""type"": ""Point""
}","{
  ""coordinates"": [
    -83.151729244,
    42.331123564
  ],
  ""type"": ""Point""
}",-83.151729244,42.3311235640001
11637,1455023,FENKELL,WYOMING,2018-08-21,21,8,2018,13,3,9,9,,2,0,Asphalt,1,1,1,,2,2,2,2,0,1,0,0,false,false,false,false,false,false,false,false,false,false,false,false,false,false,false,false,false,false,false,false,false,false,-83.15969,42.40252,"{
  ""coordinates"": [
    -8.315968832113870e+01,
    4.240251523000440e+01
  ],
  ""type"": ""Point""
}","{
  ""coordinates"": [
    -83.159688321,
    42.40251523
  ],
  ""type"": ""Point""
}",-83.159688321,42.4025152300001
11638,1454137,MAIDEN,CHALMERS,2018-08-21,21,8,2018,2,3,97,9,,,0,,1,4,4,25,2,3,1,5,0,0,0,0,true,false,false,false,false,true,true,true,false,false,false,false,false,false,false,false,true,false,false,false,false,false,-82.96801,42.40828,"{
  ""coordinates"": [
    -8.296801229039150e+01,
    4.240828110186920e+01
  ],
  ""type"": ""Point""
}","{
  ""coordinates"": [
    -82.96801229,
    42.408281102
  ],
  ""type"": ""Point""
}",-82.96801229,42.408281102
11639,1454148,PICKFORD,LENORE,2018-08-21,21,8,2018,18,3,5,9,,,0,,2,2,1,25,2,2,4,5,0,0,0,0,true,false,false,false,false,false,false,false,false,false,false,false,false,false,true,false,false,false,false,false,false,false,-83.28138,42.42342,"{
  ""coordinates"": [
    -8.328137779517270e+01,
    4.242342486973670e+01
  ],
  ""type"": ""Point""
}","{
  ""coordinates"": [
    -83.281377795,
    42.42342487
  ],
  ""type"": ""Point""
}",-83.281377795,42.4234248700001
11640,1458795,CHESTER,CANYON,2018-08-21,21,8,2018,9,3,8,9,,4,0,Asphalt,2,2,1,25,2,2,2,5,0,0,0,0,true,false,false,false,false,false,false,false,false,false,false,false,false,false,false,false,false,false,false,false,false,false,-82.92561,42.42146,"{
  ""coordinates"": [
    -8.292561605319931e+01,
    4.242145866454460e+01
  ],
  ""type"": ""Point""
}","{
  ""coordinates"": [
    -82.925616053,
    42.421458665
  ],
  ""type"": ""Point""
}",-82.9256160529999,42.421458665
11641,1454144,VAN DYKE,GEORGIA,2018-08-21,21,8,2018,12,3,5,3,,1,0,Asphalt,1,1,1,30,2,2,1,5,0,0,0,0,true,false,false,false,true,false,false,false,false,false,false,false,false,false,false,false,false,false,false,false,false,false,-83.02269,42.39334,"{
  ""coordinates"": [
    -8.302268633018770e+01,
    4.239334469262500e+01
  ],
  ""type"": ""Point""
}","{
  ""coordinates"": [
    -83.02268633,
    42.393344693
  ],
  ""type"": ""Point""
}",-83.0226863299999,42.3933446930001
11642,1455017,STAHELIN,KENDALL,2018-08-21,21,8,2018,20,3,4,9,,,0,,1,1,3,25,1,2,2,4,0,0,0,2,false,false,false,false,false,false,false,false,false,false,false,false,false,false,false,false,false,false,false,false,false,false,-83.2261,42.38923,"{
  ""coordinates"": [
    -8.322609581824280e+01,
    4.238923222522210e+01
  ],
  ""type"": ""Point""
}","{
  ""coordinates"": [
    -83.226095818,
    42.389232225
  ],
  ""type"": ""Point""
}",-83.226095818,42.3892322250001
11643,1454991,MACK,SAINT ANTOINE,2018-08-21,21,8,2018,22,3,4,9,,4,0,Asphalt,1,1,4,25,3,2,6,5,0,0,0,0,true,false,false,false,false,false,false,false,false,false,false,false,false,true,false,false,false,false,false,false,false,false,-83.05243,42.3497,"{
  ""coordinates"": [
    -8.305243009896159e+01,
    4.234970470969490e+01
  ],
  ""type"": ""Point""
}","{
  ""coordinates"": [
    -83.052430099,
    42.34970471
  ],
  ""type"": ""Point""
}",-83.0524300989999,42.34970471
11644,1454155,STATE FAIR,YACAMA,2018-08-21,21,8,2018,11,3,1,9,,4,1,Asphalt,1,1,1,25,2,1,2,5,0,0,0,0,true,false,false,false,false,false,false,false,false,false,false,false,false,false,false,false,false,false,false,false,false,false,-83.09682,42.4397,"{
  ""coordinates"": [
    -8.309681647963720e+01,
    4.243969812797890e+01
  ],
  ""type"": ""Point""
}","{
  ""coordinates"": [
    -83.09681648,
    42.439698128
  ],
  ""type"": ""Point""
}",-83.09681648,42.439698128
11645,1455027,WESTBROOK,VERNE,2018-08-21,21,8,2018,5,3,98,9,,,0,,2,4,4,25,1,2,0,5,0,0,0,0,true,false,false,false,true,false,false,false,false,false,false,false,false,false,false,false,false,false,false,false,false,false,-83.25085,42.41103,"{
  ""coordinates"": [
    -8.325085331768641e+01,
    4.241102799639460e+01
  ],
  ""type"": ""Point""
}","{
  ""coordinates"": [
    -83.250853318,
    42.411027996
  ],
  ""type"": ""Point""
}",-83.2508533179999,42.411027996
11646,1454997,WARREN,CASS,2018-08-21,21,8,2018,17,3,8,9,,4,0,Asphalt,1,1,1,35,4,2,2,5,0,0,0,0,true,false,false,false,false,false,false,false,false,false,false,false,false,false,false,false,false,false,false,false,false,false,-83.06668,42.35609,"{
  ""coordinates"": [
    -8.306668251927221e+01,
    4.235609173863650e+01
  ],
  ""type"": ""Point""
}","{
  ""coordinates"": [
    -83.066682519,
    42.356091739
  ],
  ""type"": ""Point""
}",-83.066682519,42.3560917390001
11647,1454156,7 MILE,BLOOM,2018-08-21,21,8,2018,15,3,4,9,,4,0,Asphalt,1,1,1,30,4,2,1,5,0,0,0,0,true,false,false,false,false,false,false,false,false,false,false,false,false,false,false,false,false,false,false,false,false,false,-83.04951,42.43343,"{
  ""coordinates"": [
    -8.304951578816390e+01,
    4.243343104904520e+01
  ],
  ""type"": ""Point""
}","{
  ""coordinates"": [
    -83.049515788,
    42.433431049
  ],
  ""type"": ""Point""
}",-83.049515788,42.433431049
11648,1481285,CLAYTON,MARTIN,2018-08-21,21,8,2018,7,3,97,9,,,0,,2,4,1,15,1,2,1,3,0,0,1,0,false,false,false,false,false,false,false,false,false,true,false,false,true,false,false,false,false,false,false,false,false,false,-83.12446,42.32648,"{
  ""coordinates"": [
    -8.312445576841540e+01,
    4.232647803470750e+01
  ],
  ""type"": ""Point""
}","{
  ""coordinates"": [
    -83.124455768,
    42.326478035
  ],
  ""type"": ""Point""
}",-83.124455768,42.326478035
11649,1454104,I 375,MONROE,2018-08-21,21,8,2018,17,3,5,1,,1,0,Asphalt,1,1,1,55,3,2,3,5,0,0,0,0,true,false,false,false,false,false,false,false,false,false,true,false,false,false,false,false,false,false,false,false,false,false,-83.03943,42.33784,"{
  ""coordinates"": [
    -8.303943219314010e+01,
    4.233784288826380e+01
  ],
  ""type"": ""Point""
}","{
  ""coordinates"": [
    -83.039432193,
    42.337842888
  ],
  ""type"": ""Point""
}",-83.039432193,42.3378428880001
11650,1455025,LINDSAY,CLARITA,2018-08-21,21,8,2018,17,3,4,9,,,0,,1,1,1,25,2,2,2,2,0,1,0,0,false,false,false,false,false,false,false,false,false,false,false,false,false,false,false,false,false,false,false,false,false,false,-83.21378,42.4284,"{
  ""coordinates"": [
    -8.321377425159200e+01,
    4.242840069395060e+01
  ],
  ""type"": ""Point""
}","{
  ""coordinates"": [
    -83.213774252,
    42.428400694
  ],
  ""type"": ""Point""
}",-83.213774252,42.4284006940001
11651,1485567,7 MILE,HOOVER,2018-08-21,21,8,2018,19,3,8,3,,4,0,Asphalt,1,1,1,30,4,2,3,5,0,0,0,0,true,false,false,false,false,false,false,false,false,false,false,false,false,true,false,false,false,false,false,false,false,false,-83.00478,42.43443,"{
  ""coordinates"": [
    -8.300477673461940e+01,
    4.243442433973850e+01
  ],
  ""type"": ""Point""
}","{
  ""coordinates"": [
    -83.004776735,
    42.43442434
  ],
  ""type"": ""Point""
}",-83.004776735,42.4344243400001
11652,1454159,MCNICHOLS,APPOLINE,2018-08-21,21,8,2018,16,3,4,9,,2,0,Asphalt,1,1,1,30,4,2,2,4,0,0,0,2,false,false,false,false,false,false,false,false,false,false,false,false,false,false,false,false,false,false,false,false,false,false,-83.17125,42.41665,"{
  ""coordinates"": [
    -8.317124708772170e+01,
    4.241664619646270e+01
  ],
  ""type"": ""Point""
}","{
  ""coordinates"": [
    -83.171247088,
    42.416646196
  ],
  ""type"": ""Point""
}",-83.171247088,42.416646196