ObjectId,Crash ID,Primary Road,Intersecting Road,Crash Date,Day,Month,Year,Hour,Weekday,Crash Type Code,Highway Classification Code,Community Code,Jurisdiction Code,Lane Departure Type Code,Surface Type,Road Condition,Weather Condition,Lighting Condition,Speed Limit,Lanes,Units,Occupants,Most Severe Injury,Fatal Injuries,Suspected Serious Injuries,Suspected Minor Injuries,Possible Injuries,Property Damage Only,Secondary Crash,Traffic Control,Red Light Run,Hit and Run,Alcohol,Drugs,Unbelted Person,Work Zone,Speeding Driver,Distracted Driver,Driveway,Pedestrian,Elderly Driver,Young Driver,Commercial Vehicle,Emergency Vehicles,Train,School Bus,Motorcycle,Bicycle,Deer,Longitude,Latitude,geom,geog,x,y
11708,1476206,I-94,WARREN,2018-08-20,20,8,2018,4,2,1,1,,1,1,Asphalt,1,1,4,55,3,1,1,5,0,0,0,0,true,false,false,false,false,false,false,false,false,false,false,false,false,false,false,true,false,false,false,false,false,false,-83.1134,42.34473,"{
  ""coordinates"": [
    -8.311340379854150e+01,
    4.234473462942090e+01
  ],
  ""type"": ""Point""
}","{
  ""coordinates"": [
    -83.113403799,
    42.344734629
  ],
  ""type"": ""Point""
}",-83.113403799,42.3447346290001
11709,1454993,W I 96,GRAND,2018-08-20,20,8,2018,8,2,8,1,,1,0,Asphalt,1,1,1,35,3,2,3,5,0,0,0,0,true,false,false,false,false,false,false,false,false,false,false,false,false,false,false,false,false,false,false,false,false,false,-83.11044,42.35595,"{
  ""coordinates"": [
    -8.311044274621040e+01,
    4.235595233909220e+01
  ],
  ""type"": ""Point""
}","{
  ""coordinates"": [
    -83.110442746,
    42.355952339
  ],
  ""type"": ""Point""
}",-83.110442746,42.3559523390001
11710,1453259,JEFFERSON,FIELD,2018-08-20,20,8,2018,8,2,5,9,,4,0,Asphalt,1,1,1,35,4,2,2,5,0,0,0,0,true,false,false,false,false,false,false,false,false,false,false,false,false,false,false,false,false,false,false,false,false,false,-83.0004,42.34788,"{
  ""coordinates"": [
    -8.300039528537771e+01,
    4.234788188969430e+01
  ],
  ""type"": ""Point""
}","{
  ""coordinates"": [
    -83.000395285,
    42.34788189
  ],
  ""type"": ""Point""
}",-83.000395285,42.3478818900001
11711,1453287,DAVISON,MCNICHOLS,2018-08-20,20,8,2018,14,2,8,9,,4,0,Asphalt,1,1,1,35,2,2,3,4,0,0,0,1,false,false,false,false,false,false,false,false,false,false,false,false,false,false,false,false,false,false,false,false,false,false,-83.05259,42.41895,"{
  ""coordinates"": [
    -8.305258670966541e+01,
    4.241894741768030e+01
  ],
  ""type"": ""Point""
}","{
  ""coordinates"": [
    -83.05258671,
    42.418947418
  ],
  ""type"": ""Point""
}",-83.05258671,42.4189474180001
11712,1454128,I-75,CLAY,2018-08-20,20,8,2018,9,2,1,1,,1,1,Asphalt,1,1,1,70,3,1,1,5,0,0,0,0,true,false,false,false,false,false,false,false,false,true,false,false,false,false,false,false,false,false,false,false,false,false,-83.06293,42.37841,"{
  ""coordinates"": [
    -8.306293724050521e+01,
    4.237840816703510e+01
  ],
  ""type"": ""Point""
}","{
  ""coordinates"": [
    -83.062937241,
    42.378408167
  ],
  ""type"": ""Point""
}",-83.062937241,42.378408167
11713,1454127,I-96,WARREN,2018-08-20,20,8,2018,8,2,5,1,,1,0,Asphalt,1,1,1,55,4,2,2,5,0,0,0,0,true,false,false,false,false,false,false,false,false,false,true,false,false,false,false,false,false,false,false,false,false,false,-83.09645,42.34617,"{
  ""coordinates"": [
    -8.309645088296880e+01,
    4.234616708860610e+01
  ],
  ""type"": ""Point""
}","{
  ""coordinates"": [
    -83.096450883,
    42.346167089
  ],
  ""type"": ""Point""
}",-83.096450883,42.3461670890001
11714,1463958,EDSEL FORD SD,GRAND RIVER,2018-08-20,20,8,2018,9,2,8,1,,1,0,Asphalt,1,1,1,,3,2,4,5,0,0,0,0,true,false,false,false,false,false,false,false,false,false,false,false,false,false,false,true,false,false,false,false,false,false,-83.09573,42.3513,"{
  ""coordinates"": [
    -8.309573442220160e+01,
    4.235129573464520e+01
  ],
  ""type"": ""Point""
}","{
  ""coordinates"": [
    -83.095734422,
    42.351295735
  ],
  ""type"": ""Point""
}",-83.095734422,42.3512957350001
11715,1454121,I-96,OUTER,2018-08-20,20,8,2018,7,2,8,1,,1,0,Concrete,1,1,1,55,4,2,2,5,0,0,0,0,true,false,false,false,false,false,false,false,false,false,false,false,false,true,false,true,false,false,false,false,false,false,-83.24642,42.38544,"{
  ""coordinates"": [
    -8.324642488761801e+01,
    4.238544447685040e+01
  ],
  ""type"": ""Point""
}","{
  ""coordinates"": [
    -83.246424888,
    42.385444477
  ],
  ""type"": ""Point""
}",-83.246424888,42.3854444770001
11716,1477083,SCHAEFER,CHALFONTE,2018-08-20,20,8,2018,16,2,97,9,,4,0,Asphalt,1,1,1,30,2,3,2,5,0,0,0,0,true,false,false,false,true,false,false,false,false,false,false,false,false,false,true,false,false,false,false,false,false,false,-83.17903,42.39988,"{
  ""coordinates"": [
    -8.317903099732121e+01,
    4.239988272313370e+01
  ],
  ""type"": ""Point""
}","{
  ""coordinates"": [
    -83.179030997,
    42.399882723
  ],
  ""type"": ""Point""
}",-83.179030997,42.3998827230001
11717,1453302,BEAVERLAND,MCNICHOLS,2018-08-20,20,8,2018,18,2,4,9,,,0,,1,1,1,40,2,2,2,5,0,0,0,0,true,false,false,false,true,false,false,false,false,false,false,false,false,false,false,false,false,false,false,false,false,false,-83.26615,42.41456,"{
  ""coordinates"": [
    -8.326615316533839e+01,
    4.241455915288650e+01
  ],
  ""type"": ""Point""
}","{
  ""coordinates"": [
    -83.266153165,
    42.414559153
  ],
  ""type"": ""Point""
}",-83.2661531649999,42.414559153
11718,1562916,WORMER,CURTIS,2018-08-20,20,8,2018,11,2,10,9,,,0,,1,1,1,25,2,2,1,5,0,0,0,0,true,false,false,false,true,false,false,false,false,false,false,false,false,false,false,false,false,false,false,false,false,false,-83.27994,42.42157,"{
  ""coordinates"": [
    -8.327993975913530e+01,
    4.242157375425770e+01
  ],
  ""type"": ""Point""
}","{
  ""coordinates"": [
    -83.279939759,
    42.421573754
  ],
  ""type"": ""Point""
}",-83.2799397589999,42.4215737540001
11719,1575428,S M 10,LINWOOD,2018-08-20,20,8,2018,19,2,1,3,,1,1,Concrete,1,2,1,70,3,1,1,3,0,0,1,0,false,false,false,false,false,true,true,false,false,true,false,false,false,false,false,false,false,false,false,false,false,false,-83.12745,42.40508,"{
  ""coordinates"": [
    -8.312745146226420e+01,
    4.240507882949170e+01
  ],
  ""type"": ""Point""
}","{
  ""coordinates"": [
    -83.127451462,
    42.405078829
  ],
  ""type"": ""Point""
}",-83.127451462,42.405078829
11720,1469949,I-94,CONNER,2018-08-20,20,8,2018,23,2,5,1,,1,0,Asphalt,1,2,4,55,3,2,2,5,0,0,0,0,true,false,false,false,true,false,false,false,false,false,false,false,false,false,false,false,false,false,false,false,false,false,-82.98557,42.39795,"{
  ""coordinates"": [
    -8.298557275941130e+01,
    4.239794397568330e+01
  ],
  ""type"": ""Point""
}","{
  ""coordinates"": [
    -82.985572759,
    42.397943976
  ],
  ""type"": ""Point""
}",-82.985572759,42.3979439760001
11721,1453288,7 MILE,RYAN,2018-08-20,20,8,2018,22,2,4,9,,4,0,Asphalt,1,1,4,35,2,2,1,5,0,0,0,0,true,false,false,false,true,false,false,false,false,false,false,false,false,false,false,false,false,false,false,false,false,false,-83.06316,42.43313,"{
  ""coordinates"": [
    -8.306316464048879e+01,
    4.243312826996420e+01
  ],
  ""type"": ""Point""
}","{
  ""coordinates"": [
    -83.06316464,
    42.43312827
  ],
  ""type"": ""Point""
}",-83.06316464,42.4331282700001
11722,1455013,WARREN,GREENFIELD,2018-08-20,20,8,2018,21,2,5,9,,2,0,Asphalt,1,2,4,35,4,2,2,5,0,0,0,0,true,false,false,false,false,false,false,false,false,false,false,false,false,false,true,false,false,false,false,false,false,false,-83.19646,42.34366,"{
  ""coordinates"": [
    -8.319646409005379e+01,
    4.234366290373200e+01
  ],
  ""type"": ""Point""
}","{
  ""coordinates"": [
    -83.19646409,
    42.343662904
  ],
  ""type"": ""Point""
}",-83.1964640899999,42.343662904
11723,1453307,EDSEL FORD,I 75,2018-08-20,20,8,2018,6,2,5,1,,1,0,Concrete,1,1,1,55,4,2,2,5,0,0,0,0,true,false,false,false,true,false,false,false,false,false,false,false,false,false,false,false,false,false,false,false,false,false,-83.05746,42.36909,"{
  ""coordinates"": [
    -8.305746536673730e+01,
    4.236908799350170e+01
  ],
  ""type"": ""Point""
}","{
  ""coordinates"": [
    -83.057465367,
    42.369087994
  ],
  ""type"": ""Point""
}",-83.057465367,42.369087994
11724,1458779,RAMP 122N,N M 10,2018-08-20,20,8,2018,17,2,1,3,,1,1,Asphalt,1,1,1,55,1,1,2,3,0,0,2,0,false,false,false,false,false,false,false,false,false,true,false,false,false,false,false,false,false,false,false,false,false,false,-83.0623,42.33241,"{
  ""coordinates"": [
    -8.306230101686640e+01,
    4.233240792138480e+01
  ],
  ""type"": ""Point""
}","{
  ""coordinates"": [
    -83.062301017,
    42.332407921
  ],
  ""type"": ""Point""
}",-83.062301017,42.332407921
11725,1453289,CONANT,SOBIESKI,2018-08-20,20,8,2018,12,2,4,9,,4,0,Asphalt,1,1,1,35,2,2,2,5,0,0,0,0,true,false,false,false,false,false,false,false,false,false,false,false,false,false,false,true,false,false,false,false,false,false,-83.05766,42.40986,"{
  ""coordinates"": [
    -8.305766590445400e+01,
    4.240986403729610e+01
  ],
  ""type"": ""Point""
}","{
  ""coordinates"": [
    -83.057665904,
    42.409864037
  ],
  ""type"": ""Point""
}",-83.057665904,42.409864037
11726,1458787,WYOMING,FULLERTON,2018-08-20,20,8,2018,20,2,5,9,,4,0,Asphalt,1,1,4,40,3,2,2,5,0,0,0,0,true,false,false,false,false,true,true,false,false,false,false,false,false,false,false,false,false,false,false,false,false,false,-83.15884,42.38072,"{
  ""coordinates"": [
    -8.315883360012270e+01,
    4.238072393603970e+01
  ],
  ""type"": ""Point""
}","{
  ""coordinates"": [
    -83.1588336,
    42.380723936
  ],
  ""type"": ""Point""
}",-83.1588336,42.380723936
11727,1453301,8 MILER,LIVERNOIS,2018-08-20,20,8,2018,21,2,5,3,,1,0,Asphalt,1,2,4,40,4,2,2,5,0,0,0,0,true,false,false,false,false,false,false,false,false,false,false,false,false,false,false,false,false,false,false,false,false,false,-83.14203,42.44608,"{
  ""coordinates"": [
    -8.314202522791390e+01,
    4.244608316485910e+01
  ],
  ""type"": ""Point""
}","{
  ""coordinates"": [
    -83.142025228,
    42.446083165
  ],
  ""type"": ""Point""
}",-83.142025228,42.4460831650001
11728,1453271,NEVADA,RYAN,2018-08-20,20,8,2018,13,2,10,9,,4,0,Asphalt,1,1,1,35,2,2,2,5,0,0,0,0,true,false,false,false,false,false,false,false,false,false,false,false,false,false,false,false,false,false,false,false,false,false,-83.06281,42.4259,"{
  ""coordinates"": [
    -8.306280168708470e+01,
    4.242589960716160e+01
  ],
  ""type"": ""Point""
}","{
  ""coordinates"": [
    -83.062801687,
    42.425899607
  ],
  ""type"": ""Point""
}",-83.062801687,42.4258996070001
11729,1452544,VERNOR,PARKER,2018-08-20,20,8,2018,1,2,1,9,,4,0,Asphalt,1,1,4,35,3,1,1,3,0,0,1,0,false,false,false,false,false,false,false,false,false,true,false,false,false,false,false,false,false,false,false,false,false,false,-83.00034,42.36089,"{
  ""coordinates"": [
    -8.300033249225601e+01,
    4.236088994232500e+01
  ],
  ""type"": ""Point""
}","{
  ""coordinates"": [
    -83.000332492,
    42.360889942
  ],
  ""type"": ""Point""
}",-83.000332492,42.360889942
11730,1453256,JOY,ASHTON,2018-08-20,20,8,2018,15,2,5,9,,2,0,Asphalt,1,2,1,30,5,2,2,4,0,0,0,1,false,false,false,false,false,false,false,false,false,false,false,false,false,false,true,false,false,false,false,false,false,false,-83.21788,42.35783,"{
  ""coordinates"": [
    -8.321788245683361e+01,
    4.235782444061180e+01
  ],
  ""type"": ""Point""
}","{
  ""coordinates"": [
    -83.217882457,
    42.357824441
  ],
  ""type"": ""Point""
}",-83.217882457,42.357824441
11731,1453278,OUTER,MOUND,2018-08-20,20,8,2018,12,2,4,9,,2,0,Asphalt,1,1,1,35,4,2,2,5,0,0,0,0,true,false,true,true,false,false,false,false,false,false,false,false,false,false,true,false,false,false,false,false,false,false,-83.04343,42.44073,"{
  ""coordinates"": [
    -8.304343348064080e+01,
    4.244072893132310e+01
  ],
  ""type"": ""Point""
}","{
  ""coordinates"": [
    -83.043433481,
    42.440728931
  ],
  ""type"": ""Point""
}",-83.043433481,42.4407289310001
11732,1453294,CAMBRIDGE,COYLE,2018-08-20,20,8,2018,16,2,4,9,,,0,,1,1,1,25,2,2,3,5,0,0,0,0,true,false,false,false,false,false,false,false,false,false,false,false,false,false,false,false,false,false,false,false,false,false,-83.19499,42.43234,"{
  ""coordinates"": [
    -8.319499037435760e+01,
    4.243234386138500e+01
  ],
  ""type"": ""Point""
}","{
  ""coordinates"": [
    -83.194990374,
    42.432343861
  ],
  ""type"": ""Point""
}",-83.194990374,42.432343861
11733,1454109,N M 10,RAMP 123B,2018-08-20,20,8,2018,17,2,5,3,,1,0,Asphalt,1,2,1,55,3,2,2,4,0,0,0,1,false,false,false,false,false,false,false,false,false,false,false,false,false,false,false,false,false,false,false,false,false,false,-83.05986,42.33031,"{
  ""coordinates"": [
    -8.305985785553700e+01,
    4.233031546197590e+01
  ],
  ""type"": ""Point""
}","{
  ""coordinates"": [
    -83.059857856,
    42.330315462
  ],
  ""type"": ""Point""
}",-83.059857856,42.330315462
11734,1455034,DICKERSON,EVANSTON,2018-08-20,20,8,2018,17,2,8,9,,4,0,Asphalt,1,1,1,30,2,2,2,4,0,0,0,2,false,false,false,false,false,false,false,false,false,false,false,false,false,false,false,false,false,false,false,false,false,false,-82.97374,42.40284,"{
  ""coordinates"": [
    -8.297373842543730e+01,
    4.240283592693260e+01
  ],
  ""type"": ""Point""
}","{
  ""coordinates"": [
    -82.973738425,
    42.402835927
  ],
  ""type"": ""Point""
}",-82.973738425,42.4028359270001
11735,1454125,S M 10,MARTIN LUTHER KING JR,2018-08-20,20,8,2018,14,2,97,3,,1,1,Asphalt,1,1,1,55,3,1,0,5,0,0,0,0,true,false,false,false,true,false,false,false,false,false,false,false,false,false,false,false,false,false,false,false,false,false,-83.06944,42.34596,"{
  ""coordinates"": [
    -8.306944186508350e+01,
    4.234596161344690e+01
  ],
  ""type"": ""Point""
}","{
  ""coordinates"": [
    -83.069441865,
    42.345961613
  ],
  ""type"": ""Point""
}",-83.069441865,42.345961613
11736,1453268,MACKAY,7 MILE,2018-08-20,20,8,2018,9,2,5,9,,,0,,1,1,1,25,2,3,0,5,0,0,0,0,true,false,false,false,true,false,false,false,false,false,false,false,false,false,false,false,false,false,false,false,false,false,-83.07712,42.43288,"{
  ""coordinates"": [
    -8.307711682776871e+01,
    4.243287813136820e+01
  ],
  ""type"": ""Point""
}","{
  ""coordinates"": [
    -83.077116828,
    42.432878131
  ],
  ""type"": ""Point""
}",-83.077116828,42.4328781310001
11737,1453292,MEYERS,CURTIS,2018-08-20,20,8,2018,20,2,3,9,,4,0,Asphalt,1,1,4,35,2,2,3,2,0,1,0,0,false,false,false,false,false,false,false,false,false,false,false,false,false,true,true,false,false,false,false,true,false,false,-83.17044,42.42396,"{
  ""coordinates"": [
    -8.317043691233130e+01,
    4.242395754943190e+01
  ],
  ""type"": ""Point""
}","{
  ""coordinates"": [
    -83.170436912,
    42.423957549
  ],
  ""type"": ""Point""
}",-83.170436912,42.4239575490001
11738,1453216,RAMP 008B,I 96 SERVICE DRIVE,2018-08-20,20,8,2018,11,2,1,1,,1,1,Concrete,1,1,1,55,2,1,2,3,0,0,1,0,false,false,false,false,false,false,false,false,false,true,true,false,false,false,false,false,false,false,false,false,false,false,-83.2159,42.37792,"{
  ""coordinates"": [
    -8.321589480845719e+01,
    4.237791636073440e+01
  ],
  ""type"": ""Point""
}","{
  ""coordinates"": [
    -83.215894808,
    42.377916361
  ],
  ""type"": ""Point""
}",-83.215894808,42.3779163610001
11739,1470099,LARNED,SERVICE,2018-08-19,19,8,2018,2,1,4,9,,4,0,Concrete,1,1,4,40,3,2,3,3,0,0,2,0,false,false,true,true,true,false,false,false,false,false,false,false,false,false,false,false,false,false,false,false,false,false,-83.03584,42.33348,"{
  ""coordinates"": [
    -8.303584357303230e+01,
    4.233348427891140e+01
  ],
  ""type"": ""Point""
}","{
  ""coordinates"": [
    -83.035843573,
    42.333484279
  ],
  ""type"": ""Point""
}",-83.035843573,42.3334842790001
11740,1456970,7 MILE,HEYDEN,2018-08-19,19,8,2018,13,1,5,9,,2,0,Asphalt,1,1,1,35,4,2,5,2,0,2,0,2,false,false,false,false,false,false,false,false,false,false,false,false,false,true,false,false,false,false,false,false,false,false,-83.24078,42.42953,"{
  ""coordinates"": [
    -8.324077237496040e+01,
    4.242952601338680e+01
  ],
  ""type"": ""Point""
}","{
  ""coordinates"": [
    -83.240772375,
    42.429526013
  ],
  ""type"": ""Point""
}",-83.2407723749999,42.429526013
11741,1453244,JEFFERSON,GRISWOLD,2018-08-19,19,8,2018,22,1,1,3,,1,0,Asphalt,1,1,4,,4,2,1,1,1,0,0,0,false,false,false,false,true,true,false,false,false,false,false,false,true,false,false,false,false,false,false,false,false,false,-83.04552,42.32835,"{
  ""coordinates"": [
    -8.304551673397350e+01,
    4.232835121352060e+01
  ],
  ""type"": ""Point""
}","{
  ""coordinates"": [
    -83.045516734,
    42.328351214
  ],
  ""type"": ""Point""
}",-83.045516734,42.3283512140001
11742,1455002,GRATIOT,VAN DYKE,2018-08-19,19,8,2018,23,1,5,3,,1,0,Asphalt,1,1,4,35,4,2,1,4,0,0,0,1,false,false,false,false,true,false,false,false,false,false,false,false,false,false,false,false,false,false,false,false,false,false,-83.01471,42.3788,"{
  ""coordinates"": [
    -8.301470631068990e+01,
    4.237879564980090e+01
  ],
  ""type"": ""Point""
}","{
  ""coordinates"": [
    -83.014706311,
    42.37879565
  ],
  ""type"": ""Point""
}",-83.0147063109999,42.37879565
11743,1455031,OUTER,GREINER,2018-08-19,19,8,2018,19,1,4,9,,2,0,Asphalt,1,1,4,35,3,2,4,5,0,0,0,0,true,false,true,true,false,false,false,false,false,false,false,false,false,false,false,false,false,false,false,false,false,false,-83.01403,42.42712,"{
  ""coordinates"": [
    -8.301402768357239e+01,
    4.242711817173080e+01
  ],
  ""type"": ""Point""
}","{
  ""coordinates"": [
    -83.014027684,
    42.427118172
  ],
  ""type"": ""Point""
}",-83.014027684,42.4271181720001
11744,1482179,MACK,CHENE,2018-08-19,19,8,2018,3,1,4,9,,4,0,Asphalt,1,1,4,25,2,2,3,2,0,1,0,0,false,false,false,false,false,true,false,false,false,false,false,false,false,false,true,false,false,false,false,false,false,false,-83.03465,42.35652,"{
  ""coordinates"": [
    -8.303465565674840e+01,
    4.235652280264270e+01
  ],
  ""type"": ""Point""
}","{
  ""coordinates"": [
    -83.034655657,
    42.356522803
  ],
  ""type"": ""Point""
}",-83.034655657,42.3565228030001
11745,1453248,VERNOR,MONTCLAIR,2018-08-19,19,8,2018,2,1,4,9,,4,0,Asphalt,1,1,4,30,3,2,3,2,0,2,0,0,false,false,false,false,false,false,false,false,false,false,false,false,false,false,false,false,false,false,false,false,false,false,-82.97912,42.3696,"{
  ""coordinates"": [
    -8.297911770351701e+01,
    4.236960224036060e+01
  ],
  ""type"": ""Point""
}","{
  ""coordinates"": [
    -82.979117704,
    42.36960224
  ],
  ""type"": ""Point""
}",-82.979117704,42.3696022400001
11746,1469954,CASS,N I 75,2018-08-19,19,8,2018,20,1,5,9,,4,0,Concrete,1,1,4,35,2,2,3,5,0,0,0,0,true,false,false,false,false,false,false,false,false,false,false,false,false,false,false,false,false,false,false,false,false,false,-83.05644,42.33805,"{
  ""coordinates"": [
    -8.305644098984931e+01,
    4.233804858178720e+01
  ],
  ""type"": ""Point""
}","{
  ""coordinates"": [
    -83.05644099,
    42.338048582
  ],
  ""type"": ""Point""
}",-83.0564409899999,42.3380485820001
11747,1453308,MCNICHOLS,PONTCHARTRAIN,2018-08-19,19,8,2018,22,1,98,9,,4,0,Asphalt,1,1,4,25,2,2,0,5,0,0,0,0,true,false,false,false,true,false,false,false,false,false,false,false,false,false,false,false,false,false,false,false,false,false,-83.11699,42.41757,"{
  ""coordinates"": [
    -8.311698938896210e+01,
    4.241756863860250e+01
  ],
  ""type"": ""Point""
}","{
  ""coordinates"": [
    -83.116989389,
    42.417568639
  ],
  ""type"": ""Point""
}",-83.116989389,42.4175686390001
11748,1456976,PURITAIN,LINDSAY,2018-08-19,19,8,2018,2,1,4,9,,4,0,Asphalt,1,1,4,35,4,2,1,5,0,0,0,0,true,true,false,false,true,false,false,false,false,false,false,false,false,false,false,false,false,false,false,false,false,false,-83.21301,42.40845,"{
  ""coordinates"": [
    -8.321300925639090e+01,
    4.240844637498180e+01
  ],
  ""type"": ""Point""
}","{
  ""coordinates"": [
    -83.213009256,
    42.408446375
  ],
  ""type"": ""Point""
}",-83.213009256,42.408446375
11749,1453279,NEVADA,CONANT,2018-08-19,19,8,2018,2,1,5,9,,4,0,Asphalt,98,98,98,35,2,2,0,5,0,0,0,0,true,false,false,false,true,false,false,false,false,false,false,false,false,false,false,false,false,false,false,false,false,false,-83.06834,42.42583,"{
  ""coordinates"": [
    -8.306833645740321e+01,
    4.242583457306160e+01
  ],
  ""type"": ""Point""
}","{
  ""coordinates"": [
    -83.068336457,
    42.425834573
  ],
  ""type"": ""Point""
}",-83.068336457,42.425834573
11750,1492978,WOODMONT,ACACIA,2018-08-19,19,8,2018,0,1,97,9,,,0,,1,1,4,25,2,2,0,5,0,0,0,0,true,false,false,false,true,false,false,false,false,true,false,false,false,false,false,false,false,false,false,false,false,false,-83.20953,42.39172,"{
  ""coordinates"": [
    -8.320952732713360e+01,
    4.239171957568920e+01
  ],
  ""type"": ""Point""
}","{
  ""coordinates"": [
    -83.209527327,
    42.391719576
  ],
  ""type"": ""Point""
}",-83.209527327,42.3917195760001
11751,1452542,CHICAGO,STAHELIN,2018-08-19,19,8,2018,3,1,5,9,,4,0,Asphalt,1,1,4,30,2,2,1,5,0,0,0,0,true,false,false,false,true,true,false,false,false,false,false,false,false,false,false,false,true,false,false,false,false,false,-83.2255,42.3649,"{
  ""coordinates"": [
    -8.322550292717450e+01,
    4.236490281496720e+01
  ],
  ""type"": ""Point""
}","{
  ""coordinates"": [
    -83.225502927,
    42.364902815
  ],
  ""type"": ""Point""
}",-83.225502927,42.3649028150001
11752,1543017,PURITAN,MANSFIELD,2018-08-19,19,8,2018,12,1,5,9,,4,0,Asphalt,1,1,1,35,2,2,2,4,0,0,0,1,false,false,false,false,false,false,false,false,false,false,false,false,false,false,false,false,false,false,false,false,false,false,-83.20551,42.40863,"{
  ""coordinates"": [
    -8.320550374021670e+01,
    4.240863032976690e+01
  ],
  ""type"": ""Point""
}","{
  ""coordinates"": [
    -83.20550374,
    42.40863033
  ],
  ""type"": ""Point""
}",-83.20550374,42.4086303300001
11753,1453300,CHESTERFIELD,CHESTERFIELD,2018-08-19,19,8,2018,4,1,97,9,,,0,,1,1,4,25,2,4,1,5,0,0,0,0,true,false,false,false,true,false,false,false,false,false,false,false,false,false,false,false,false,false,false,false,false,false,-83.14035,42.43528,"{
  ""coordinates"": [
    -8.314034864432750e+01,
    4.243527418497090e+01
  ],
  ""type"": ""Point""
}","{
  ""coordinates"": [
    -83.140348644,
    42.435274185
  ],
  ""type"": ""Point""
}",-83.140348644,42.435274185
11754,1453221,RAMP 008M,E I 96 CD,2018-08-19,19,8,2018,15,1,8,1,,1,0,Concrete,1,2,1,55,3,2,4,5,0,0,0,0,true,false,false,false,false,false,false,false,true,false,false,false,false,false,false,false,false,false,false,false,false,false,-83.21808,42.37827,"{
  ""coordinates"": [
    -8.321807556527691e+01,
    4.237827115931000e+01
  ],
  ""type"": ""Point""
}","{
  ""coordinates"": [
    -83.218075565,
    42.378271159
  ],
  ""type"": ""Point""
}",-83.2180755649999,42.3782711590001
11755,1452523,MARTIN LUTHER KING JR,CASS,2018-08-19,19,8,2018,10,1,1,9,,4,0,Asphalt,1,1,1,30,2,2,3,5,0,0,0,0,true,false,false,false,false,false,false,false,false,false,false,false,false,false,false,false,false,false,false,false,true,false,-83.06065,42.34555,"{
  ""coordinates"": [
    -8.306065218882590e+01,
    4.234554624023300e+01
  ],
  ""type"": ""Point""
}","{
  ""coordinates"": [
    -83.060652189,
    42.34554624
  ],
  ""type"": ""Point""
}",-83.0606521889999,42.34554624
11756,1453232,S M 10,CHICAGO,2018-08-19,19,8,2018,14,1,5,3,,1,0,Concrete,1,2,1,55,3,2,4,5,0,0,0,0,true,false,false,false,false,false,false,false,false,false,false,false,false,false,false,false,false,false,false,false,false,false,-83.0953,42.38242,"{
  ""coordinates"": [
    -8.309529554664461e+01,
    4.238242421267170e+01
  ],
  ""type"": ""Point""
}","{
  ""coordinates"": [
    -83.095295547,
    42.382424213
  ],
  ""type"": ""Point""
}",-83.095295547,42.382424213
11757,1453286,CHRYSLER,8 MILE,2018-08-19,19,8,2018,17,1,8,1,,1,0,Asphalt,1,1,1,35,2,2,2,5,0,0,0,0,true,false,false,false,false,false,false,false,false,false,false,false,false,false,false,true,false,false,false,false,false,false,-83.0956,42.44272,"{
  ""coordinates"": [
    -8.309560562686420e+01,
    4.244271676891230e+01
  ],
  ""type"": ""Point""
}","{
  ""coordinates"": [
    -83.095605627,
    42.442716769
  ],
  ""type"": ""Point""
}",-83.0956056269999,42.4427167690001
11758,1455010,HEYDEN,CHICAGO,2018-08-19,19,8,2018,17,1,4,9,,,0,,1,1,1,25,2,2,2,5,0,0,0,0,true,false,true,false,true,false,false,false,false,false,false,false,false,false,false,false,false,false,false,false,false,false,-83.23849,42.36464,"{
  ""coordinates"": [
    -8.323848569408121e+01,
    4.236464332129340e+01
  ],
  ""type"": ""Point""
}","{
  ""coordinates"": [
    -83.238485694,
    42.364643321
  ],
  ""type"": ""Point""
}",-83.238485694,42.3646433210001
11759,1454120,S I 75,MILWAUKEE,2018-08-19,19,8,2018,13,1,5,1,,1,0,Asphalt,1,1,1,55,3,2,2,5,0,0,0,0,true,true,false,false,false,false,false,false,false,false,false,false,false,true,false,false,false,false,false,false,false,false,-83.05962,42.37234,"{
  ""coordinates"": [
    -8.305961357457890e+01,
    4.237234359420870e+01
  ],
  ""type"": ""Point""
}","{
  ""coordinates"": [
    -83.059613575,
    42.372343594
  ],
  ""type"": ""Point""
}",-83.059613575,42.372343594
11760,1467833,I-275 SD,LAFAYETTE,2018-08-19,19,8,2018,17,1,1,1,,1,1,Asphalt,1,1,1,,2,1,1,5,0,0,0,0,true,true,false,false,false,false,false,false,false,false,true,false,false,false,false,false,false,false,false,false,false,false,-83.03709,42.33437,"{
  ""coordinates"": [
    -8.303709465957709e+01,
    4.233436831939100e+01
  ],
  ""type"": ""Point""
}","{
  ""coordinates"": [
    -83.03709466,
    42.334368319
  ],
  ""type"": ""Point""
}",-83.03709466,42.3343683190001
11761,1453262,PINEWOOD,ANVIL,2018-08-19,19,8,2018,10,1,5,9,,,0,,1,1,1,25,2,2,1,5,0,0,0,0,true,false,false,false,false,false,false,false,false,false,false,false,false,false,false,false,false,false,false,false,false,false,-82.97722,42.43878,"{
  ""coordinates"": [
    -8.297721676871150e+01,
    4.243877842936600e+01
  ],
  ""type"": ""Point""
}","{
  ""coordinates"": [
    -82.977216769,
    42.438778429
  ],
  ""type"": ""Point""
}",-82.9772167689999,42.4387784290001