ObjectId,Crash ID,Primary Road,Intersecting Road,Crash Date,Day,Month,Year,Hour,Weekday,Crash Type Code,Highway Classification Code,Community Code,Jurisdiction Code,Lane Departure Type Code,Surface Type,Road Condition,Weather Condition,Lighting Condition,Speed Limit,Lanes,Units,Occupants,Most Severe Injury,Fatal Injuries,Suspected Serious Injuries,Suspected Minor Injuries,Possible Injuries,Property Damage Only,Secondary Crash,Traffic Control,Red Light Run,Hit and Run,Alcohol,Drugs,Unbelted Person,Work Zone,Speeding Driver,Distracted Driver,Driveway,Pedestrian,Elderly Driver,Young Driver,Commercial Vehicle,Emergency Vehicles,Train,School Bus,Motorcycle,Bicycle,Deer,Longitude,Latitude,geom,geog,x,y
11871,1451520,DEQUINDRE,MCLEAN,2018-08-17,17,8,2018,18,6,3,9,,4,0,Asphalt,1,1,1,35,2,2,3,5,0,0,0,0,true,false,false,false,false,false,false,false,false,false,false,false,false,false,false,false,false,false,false,false,false,false,-83.07433,42.40594,"{
  ""coordinates"": [
    -8.307433411404050e+01,
    4.240594377820950e+01
  ],
  ""type"": ""Point""
}","{
  ""coordinates"": [
    -83.074334114,
    42.405943778
  ],
  ""type"": ""Point""
}",-83.074334114,42.4059437780001
11872,1452529,OUTER,SCHOOLCRAFT,2018-08-17,17,8,2018,10,6,5,9,,2,0,Asphalt,2,4,4,35,3,2,5,5,0,0,0,0,true,false,false,false,false,false,false,false,false,false,false,false,false,false,false,false,false,false,false,false,false,false,-83.25617,42.38499,"{
  ""coordinates"": [
    -8.325617184766460e+01,
    4.238499130363210e+01
  ],
  ""type"": ""Point""
}","{
  ""coordinates"": [
    -83.256171848,
    42.384991304
  ],
  ""type"": ""Point""
}",-83.256171848,42.384991304
11873,1453223,I-96,FULLERTON,2018-08-17,17,8,2018,15,6,1,1,,1,1,Concrete,2,4,1,70,4,1,1,5,0,0,0,0,true,false,false,false,false,false,false,false,false,true,false,false,false,false,true,false,false,false,false,false,false,false,-83.1881,42.38048,"{
  ""coordinates"": [
    -8.318810519207121e+01,
    4.238048200135610e+01
  ],
  ""type"": ""Point""
}","{
  ""coordinates"": [
    -83.188105192,
    42.380482001
  ],
  ""type"": ""Point""
}",-83.188105192,42.3804820010001
11874,1458775,I-94,LIVERNOIS,2018-08-17,17,8,2018,17,6,8,1,,1,0,Asphalt,1,2,1,55,3,2,1,5,0,0,0,0,true,false,false,false,true,false,false,false,false,false,false,false,false,true,false,false,false,false,false,false,false,false,-83.12321,42.33813,"{
  ""coordinates"": [
    -8.312321162109170e+01,
    4.233813217792410e+01
  ],
  ""type"": ""Point""
}","{
  ""coordinates"": [
    -83.123211621,
    42.338132178
  ],
  ""type"": ""Point""
}",-83.1232116209999,42.3381321780001
11875,1491956,GRATIOT,NOVARA,2018-08-17,17,8,2018,14,6,4,3,,1,0,Asphalt,2,4,1,35,7,2,2,5,0,0,0,0,true,false,false,false,false,false,false,false,false,false,false,false,false,false,false,false,false,false,false,false,false,false,-82.97498,42.43919,"{
  ""coordinates"": [
    -8.297498397280620e+01,
    4.243919545174060e+01
  ],
  ""type"": ""Point""
}","{
  ""coordinates"": [
    -82.974983973,
    42.439195452
  ],
  ""type"": ""Point""
}",-82.974983973,42.439195452
11876,1491909,WOODMERE,FALCON,2018-08-17,17,8,2018,23,6,2,9,,4,2,Asphalt,1,1,4,25,2,2,0,5,0,0,0,0,true,false,false,false,true,false,false,false,false,false,false,false,false,false,false,false,false,false,false,false,false,false,-83.13524,42.30196,"{
  ""coordinates"": [
    -8.313524153073340e+01,
    4.230196168494920e+01
  ],
  ""type"": ""Point""
}","{
  ""coordinates"": [
    -83.135241531,
    42.301961685
  ],
  ""type"": ""Point""
}",-83.135241531,42.301961685
11877,1481281,16821 CHANDLER PARK,BISHOP,2018-08-17,17,8,2018,7,6,5,9,,2,0,Asphalt,1,1,1,30,2,2,2,4,0,0,0,1,false,false,false,false,false,false,false,true,false,false,false,false,false,false,false,false,false,false,false,false,false,false,-82.93647,42.40988,"{
  ""coordinates"": [
    -8.293647293200820e+01,
    4.240988189352980e+01
  ],
  ""type"": ""Point""
}","{
  ""coordinates"": [
    -82.936472932,
    42.409881894
  ],
  ""type"": ""Point""
}",-82.936472932,42.4098818940001
11878,1479081,I-75,ROSA PARKS,2018-08-17,17,8,2018,16,6,5,1,,4,0,Asphalt,1,1,1,55,2,2,5,4,0,0,0,3,false,false,false,false,false,false,false,false,true,false,false,false,false,false,true,true,false,false,false,false,false,false,-83.0731,42.33398,"{
  ""coordinates"": [
    -8.307310384797030e+01,
    4.233398461645080e+01
  ],
  ""type"": ""Point""
}","{
  ""coordinates"": [
    -83.073103848,
    42.333984616
  ],
  ""type"": ""Point""
}",-83.073103848,42.3339846160001
11879,1453227,I-375,LAFAYETTE,2018-08-17,17,8,2018,18,6,5,1,,1,0,Asphalt,1,2,3,55,4,2,3,5,0,0,0,0,true,false,false,false,false,false,false,false,false,false,true,false,false,false,false,false,false,false,false,false,false,false,-83.03892,42.33708,"{
  ""coordinates"": [
    -8.303891605895490e+01,
    4.233707853520850e+01
  ],
  ""type"": ""Point""
}","{
  ""coordinates"": [
    -83.038916059,
    42.337078535
  ],
  ""type"": ""Point""
}",-83.038916059,42.337078535
11880,1490631,RAMP 038G,RAMP 938E,2018-08-17,17,8,2018,12,6,8,1,,1,0,Concrete,1,1,1,55,2,2,3,5,0,0,0,0,true,false,false,false,false,false,false,false,false,false,false,false,false,false,false,false,false,false,false,false,false,false,-83.0716,42.33327,"{
  ""coordinates"": [
    -8.307160528311910e+01,
    4.233326800007670e+01
  ],
  ""type"": ""Point""
}","{
  ""coordinates"": [
    -83.071605283,
    42.333268
  ],
  ""type"": ""Point""
}",-83.0716052829999,42.333268
11881,1451525,CONANT,DAVISON,2018-08-17,17,8,2018,18,6,4,3,,4,0,Asphalt,1,1,1,35,2,2,1,5,0,0,0,0,true,false,false,false,true,false,false,false,false,false,false,false,false,false,false,false,false,false,false,false,false,false,-83.06151,42.41555,"{
  ""coordinates"": [
    -8.306150861565040e+01,
    4.241555323828910e+01
  ],
  ""type"": ""Point""
}","{
  ""coordinates"": [
    -83.061508616,
    42.415553238
  ],
  ""type"": ""Point""
}",-83.061508616,42.415553238
11882,1453274,JUSTINE,EMERY,2018-08-17,17,8,2018,16,6,4,9,,,0,,2,1,1,25,1,2,3,5,0,0,0,0,true,false,false,false,false,false,false,false,false,false,false,false,false,false,true,false,false,false,false,false,false,false,-83.05891,42.43599,"{
  ""coordinates"": [
    -8.305891447088121e+01,
    4.243598745845750e+01
  ],
  ""type"": ""Point""
}","{
  ""coordinates"": [
    -83.058914471,
    42.435987458
  ],
  ""type"": ""Point""
}",-83.058914471,42.4359874580001
11883,1452536,GREENFIELD,CHICAGO,2018-08-17,17,8,2018,17,6,4,9,,2,0,Asphalt,1,2,1,35,5,2,2,5,0,0,0,0,true,false,false,false,false,false,false,false,false,false,false,false,false,false,false,false,false,false,false,false,false,false,-83.19729,42.3654,"{
  ""coordinates"": [
    -8.319728574422500e+01,
    4.236539676633290e+01
  ],
  ""type"": ""Point""
}","{
  ""coordinates"": [
    -83.197285744,
    42.365396766
  ],
  ""type"": ""Point""
}",-83.1972857439999,42.3653967660001
11884,1456974,7 MILE,SUNDERLAND,2018-08-17,17,8,2018,13,6,8,9,,2,0,Asphalt,2,1,1,35,4,2,1,5,0,0,0,0,true,false,false,false,false,false,false,false,false,false,false,true,false,false,false,false,false,false,false,false,false,false,-83.22895,42.42984,"{
  ""coordinates"": [
    -8.322895021451529e+01,
    4.242984261773650e+01
  ],
  ""type"": ""Point""
}","{
  ""coordinates"": [
    -83.228950215,
    42.429842618
  ],
  ""type"": ""Point""
}",-83.2289502149999,42.4298426180001
11885,1490635,W I 94,RAMP 215E,2018-08-17,17,8,2018,15,6,5,1,,1,0,Asphalt,2,4,1,55,3,3,2,4,0,0,0,2,false,false,false,false,true,false,false,false,false,false,false,false,false,false,false,false,false,false,false,false,false,false,-83.07294,42.36147,"{
  ""coordinates"": [
    -8.307294138387530e+01,
    4.236147301108240e+01
  ],
  ""type"": ""Point""
}","{
  ""coordinates"": [
    -83.072941384,
    42.361473011
  ],
  ""type"": ""Point""
}",-83.072941384,42.361473011
11886,1459494,WOODWARD,JOHN R,2018-08-17,17,8,2018,16,6,8,9,,4,0,Asphalt,1,1,1,30,4,2,2,5,0,0,0,0,true,false,false,false,false,false,false,false,false,false,false,false,false,false,false,false,false,false,false,false,false,false,-83.04961,42.33518,"{
  ""coordinates"": [
    -8.304961068150750e+01,
    4.233518094213490e+01
  ],
  ""type"": ""Point""
}","{
  ""coordinates"": [
    -83.049610682,
    42.335180942
  ],
  ""type"": ""Point""
}",-83.049610682,42.3351809420001
11887,1451496,N M 39 SERVICE DRIVE,TIREMAN,2018-08-17,17,8,2018,15,6,5,9,,4,0,Asphalt,1,1,1,50,4,2,1,5,0,0,0,0,true,false,false,false,false,false,false,false,false,false,false,false,false,false,false,false,false,false,false,false,false,false,-83.21594,42.35062,"{
  ""coordinates"": [
    -8.321594013823329e+01,
    4.235062294657560e+01
  ],
  ""type"": ""Point""
}","{
  ""coordinates"": [
    -83.215940138,
    42.350622947
  ],
  ""type"": ""Point""
}",-83.215940138,42.350622947
11888,1453224,I-96 LL,EVERGREEN,2018-08-17,17,8,2018,16,6,5,1,,1,0,Concrete,2,4,1,55,2,2,3,4,0,0,0,1,false,false,false,false,true,false,false,false,false,false,false,false,false,false,false,false,false,false,false,false,false,false,-83.23525,42.37957,"{
  ""coordinates"": [
    -8.323525357953430e+01,
    4.237956765728840e+01
  ],
  ""type"": ""Point""
}","{
  ""coordinates"": [
    -83.23525358,
    42.379567657
  ],
  ""type"": ""Point""
}",-83.2352535799999,42.3795676570001
11889,1490614,N I 75,FORT,2018-08-17,17,8,2018,15,6,1,1,,1,0,Concrete,2,4,1,55,3,1,1,5,0,0,0,0,true,false,false,false,false,false,false,false,true,false,false,false,false,false,false,false,false,false,false,false,false,false,-83.15249,42.27864,"{
  ""coordinates"": [
    -8.315248597888170e+01,
    4.227864615314670e+01
  ],
  ""type"": ""Point""
}","{
  ""coordinates"": [
    -83.152485979,
    42.278646153
  ],
  ""type"": ""Point""
}",-83.1524859789999,42.2786461530001
11890,1452554,WYOMING,PURITAN,2018-08-17,17,8,2018,8,6,5,9,,4,0,Asphalt,1,2,1,30,4,2,2,5,0,0,0,0,true,false,false,false,false,false,false,false,false,false,false,false,false,false,false,false,false,false,false,false,false,false,-83.16,42.40975,"{
  ""coordinates"": [
    -8.316000556601681e+01,
    4.240975228653710e+01
  ],
  ""type"": ""Point""
}","{
  ""coordinates"": [
    -83.160005566,
    42.409752287
  ],
  ""type"": ""Point""
}",-83.1600055659999,42.4097522870001
11891,1451475,SPRINGWELLS,N I 75,2018-08-17,17,8,2018,15,6,4,1,,4,0,Concrete,2,2,1,5,4,2,1,4,0,0,0,1,false,false,true,true,true,false,false,false,false,false,false,false,false,false,false,false,false,false,false,false,false,false,-83.11933,42.30124,"{
  ""coordinates"": [
    -8.311933410901020e+01,
    4.230123829544290e+01
  ],
  ""type"": ""Point""
}","{
  ""coordinates"": [
    -83.119334109,
    42.301238295
  ],
  ""type"": ""Point""
}",-83.119334109,42.3012382950001
11892,1451524,DAVISON,CONANT,2018-08-17,17,8,2018,17,6,5,9,,4,0,Asphalt,1,2,1,,3,2,1,5,0,0,0,0,true,true,false,false,false,false,false,false,false,false,false,false,false,true,false,false,false,false,false,false,false,false,-83.05984,42.41615,"{
  ""coordinates"": [
    -8.305983526861380e+01,
    4.241614819165550e+01
  ],
  ""type"": ""Point""
}","{
  ""coordinates"": [
    -83.059835269,
    42.416148192
  ],
  ""type"": ""Point""
}",-83.059835269,42.416148192
11893,1453226,I-94,GRATIOT,2018-08-17,17,8,2018,17,6,5,1,,1,0,Asphalt,2,4,1,55,3,2,2,5,0,0,0,0,true,false,false,false,false,false,false,false,false,false,false,false,false,false,false,false,false,false,false,false,false,false,-83.00766,42.39114,"{
  ""coordinates"": [
    -8.300765867292070e+01,
    4.239113936671670e+01
  ],
  ""type"": ""Point""
}","{
  ""coordinates"": [
    -83.007658673,
    42.391139367
  ],
  ""type"": ""Point""
}",-83.007658673,42.3911393670001
11894,1451474,FORT,TORONTO,2018-08-17,17,8,2018,13,6,5,3,,1,0,Concrete,1,1,1,35,3,2,2,5,0,0,0,0,true,false,false,false,false,false,false,false,false,true,false,false,false,false,false,false,false,false,false,false,false,false,-83.15345,42.27879,"{
  ""coordinates"": [
    -8.315344645995221e+01,
    4.227878581218320e+01
  ],
  ""type"": ""Point""
}","{
  ""coordinates"": [
    -83.15344646,
    42.278785812
  ],
  ""type"": ""Point""
}",-83.1534464599999,42.2787858120001
11895,1455887,ARNOLD,LONYO,2018-08-17,17,8,2018,11,6,97,9,,,0,,1,1,1,25,2,2,2,4,0,0,0,1,false,false,false,false,false,false,false,false,false,false,false,true,false,false,false,false,false,false,false,false,false,false,-83.14319,42.32856,"{
  ""coordinates"": [
    -8.314318829358641e+01,
    4.232855574247630e+01
  ],
  ""type"": ""Point""
}","{
  ""coordinates"": [
    -83.143188294,
    42.328555742
  ],
  ""type"": ""Point""
}",-83.143188294,42.328555742
11896,1450416,7625 WARREN,CENTRAL,2018-08-17,17,8,2018,0,6,8,9,,4,0,Asphalt,2,4,4,30,5,2,0,5,0,0,0,0,true,false,false,false,true,false,false,false,false,false,true,false,false,false,false,false,false,false,false,false,false,false,-83.14579,42.34475,"{
  ""coordinates"": [
    -8.314579076961820e+01,
    4.234474839339570e+01
  ],
  ""type"": ""Point""
}","{
  ""coordinates"": [
    -83.14579077,
    42.344748393
  ],
  ""type"": ""Point""
}",-83.14579077,42.344748393
11897,1451492,EVERGREEN,SCHOOLCRAFT,2018-08-17,17,8,2018,19,6,2,9,,4,0,Asphalt,1,2,3,30,5,2,2,5,0,0,0,0,true,false,false,false,true,false,false,false,false,false,false,false,false,false,false,false,false,false,false,false,false,false,-83.23685,42.38628,"{
  ""coordinates"": [
    -8.323685257036730e+01,
    4.238628501224040e+01
  ],
  ""type"": ""Point""
}","{
  ""coordinates"": [
    -83.23685257,
    42.386285012
  ],
  ""type"": ""Point""
}",-83.2368525699999,42.386285012
11898,1490629,I 94,BRUSH,2018-08-17,17,8,2018,14,6,5,1,,1,0,Asphalt,2,4,1,55,3,3,3,5,0,0,0,0,true,false,false,false,false,false,false,false,false,false,false,false,false,false,false,false,false,false,false,false,false,false,-83.06281,42.36643,"{
  ""coordinates"": [
    -8.306280743854450e+01,
    4.236643276477140e+01
  ],
  ""type"": ""Point""
}","{
  ""coordinates"": [
    -83.062807439,
    42.366432765
  ],
  ""type"": ""Point""
}",-83.062807439,42.3664327650001
11899,1451519,7 MILE,JOHN R,2018-08-17,17,8,2018,9,6,5,9,,4,0,Asphalt,1,2,1,,2,2,2,4,0,0,0,1,false,true,false,false,false,false,false,false,false,false,false,false,false,false,false,false,false,false,false,false,false,false,-83.10275,42.43227,"{
  ""coordinates"": [
    -8.310275621026830e+01,
    4.243227165501850e+01
  ],
  ""type"": ""Point""
}","{
  ""coordinates"": [
    -83.10275621,
    42.432271655
  ],
  ""type"": ""Point""
}",-83.1027562099999,42.4322716550001
11900,1456959,BENTLER,MIDLAND,2018-08-17,17,8,2018,22,6,2,9,,,2,,1,1,4,25,2,2,1,5,0,0,0,0,true,false,false,false,false,false,false,false,false,false,false,false,false,true,false,false,false,false,false,false,false,false,-83.25213,42.4039,"{
  ""coordinates"": [
    -8.325212787596180e+01,
    4.240389513321100e+01
  ],
  ""type"": ""Point""
}","{
  ""coordinates"": [
    -83.252127876,
    42.403895133
  ],
  ""type"": ""Point""
}",-83.252127876,42.403895133
11901,1451481,LANSING,MCMILLAN,2018-08-17,17,8,2018,23,6,9,9,,,0,,2,2,5,25,2,2,1,5,0,0,0,0,true,false,false,false,true,false,false,false,false,false,false,false,false,false,false,false,false,false,false,false,false,false,-83.09941,42.32075,"{
  ""coordinates"": [
    -8.309941273225670e+01,
    4.232075219424820e+01
  ],
  ""type"": ""Point""
}","{
  ""coordinates"": [
    -83.099412732,
    42.320752194
  ],
  ""type"": ""Point""
}",-83.099412732,42.3207521940001
11902,1452534,BURT,FENKELL,2018-08-17,17,8,2018,17,6,97,9,,4,0,Asphalt,2,4,1,35,4,2,1,5,0,0,0,0,true,false,true,true,true,false,false,false,false,false,false,false,false,true,false,false,false,false,false,false,false,false,-83.24712,42.40052,"{
  ""coordinates"": [
    -8.324711792816881e+01,
    4.240051648679270e+01
  ],
  ""type"": ""Point""
}","{
  ""coordinates"": [
    -83.247117928,
    42.400516487
  ],
  ""type"": ""Point""
}",-83.247117928,42.4005164870001
11903,1455912,WOODWARD,JOHN R,2018-08-17,17,8,2018,19,6,5,9,,4,0,Asphalt,1,1,1,25,6,2,2,5,0,0,0,0,true,false,false,false,false,false,false,false,false,false,false,false,false,false,false,false,false,false,false,false,false,false,-83.04942,42.33495,"{
  ""coordinates"": [
    -8.304942399299640e+01,
    4.233494870943820e+01
  ],
  ""type"": ""Point""
}","{
  ""coordinates"": [
    -83.049423993,
    42.334948709
  ],
  ""type"": ""Point""
}",-83.0494239929999,42.3349487090001
11904,1450447,RYAN,OUTER,2018-08-17,17,8,2018,0,6,8,9,,4,0,Asphalt,1,1,4,35,2,2,2,5,0,0,0,0,true,false,false,false,false,false,false,false,false,false,false,false,false,false,true,false,false,false,false,false,false,false,-83.06357,42.44053,"{
  ""coordinates"": [
    -8.306356562144910e+01,
    4.244053085676030e+01
  ],
  ""type"": ""Point""
}","{
  ""coordinates"": [
    -83.063565621,
    42.440530857
  ],
  ""type"": ""Point""
}",-83.063565621,42.4405308570001
11905,1454973,I 94,CONCORD,2018-08-17,17,8,2018,0,6,1,1,,1,1,Asphalt,1,1,4,55,3,1,1,5,0,0,0,0,true,false,false,false,false,false,false,false,false,true,false,false,false,false,false,false,false,false,false,false,false,false,-83.02998,42.38325,"{
  ""coordinates"": [
    -8.302997371624021e+01,
    4.238324567836650e+01
  ],
  ""type"": ""Point""
}","{
  ""coordinates"": [
    -83.029973716,
    42.383245678
  ],
  ""type"": ""Point""
}",-83.029973716,42.383245678
11906,1451517,MCNICHOLS,SPARLING,2018-08-17,17,8,2018,1,6,5,9,,4,0,Asphalt,2,4,4,35,2,2,2,5,0,0,0,0,true,false,false,false,true,false,false,false,false,false,false,false,false,false,false,false,false,false,false,false,false,false,-83.04581,42.41901,"{
  ""coordinates"": [
    -8.304580640201600e+01,
    4.241900687806000e+01
  ],
  ""type"": ""Point""
}","{
  ""coordinates"": [
    -83.045806402,
    42.419006878
  ],
  ""type"": ""Point""
}",-83.045806402,42.4190068780001
11907,1451497,COOPER,MURRAY,2018-08-17,17,8,2018,1,6,5,9,,,0,,1,1,4,25,2,2,1,5,0,0,0,0,true,false,false,false,true,false,false,false,false,false,false,false,false,false,false,false,false,false,false,false,false,false,-82.99992,42.38279,"{
  ""coordinates"": [
    -8.299992596781919e+01,
    4.238278784174200e+01
  ],
  ""type"": ""Point""
}","{
  ""coordinates"": [
    -82.999925968,
    42.382787842
  ],
  ""type"": ""Point""
}",-82.999925968,42.382787842
11908,1463186,GRISWOLD,MICHIGAN,2018-08-17,17,8,2018,12,6,8,9,,4,3,Asphalt,1,2,1,35,4,2,0,5,0,0,0,0,true,false,false,false,true,false,false,false,false,false,false,false,false,false,false,false,false,false,false,false,false,false,-83.04832,42.33172,"{
  ""coordinates"": [
    -8.304831401422140e+01,
    4.233171937523410e+01
  ],
  ""type"": ""Point""
}","{
  ""coordinates"": [
    -83.048314014,
    42.331719375
  ],
  ""type"": ""Point""
}",-83.048314014,42.331719375
11909,1484171,M-39,I-96,2018-08-17,17,8,2018,22,6,5,3,,1,0,Asphalt,2,4,4,55,1,2,2,5,0,0,0,0,true,false,false,false,false,false,false,false,true,false,false,false,false,true,false,false,false,false,false,false,false,false,-83.21708,42.38008,"{
  ""coordinates"": [
    -8.321707886391270e+01,
    4.238008279037490e+01
  ],
  ""type"": ""Point""
}","{
  ""coordinates"": [
    -83.217078864,
    42.38008279
  ],
  ""type"": ""Point""
}",-83.217078864,42.3800827900001
11910,1455870,I 94,MCCLELLAN,2018-08-17,17,8,2018,14,6,5,1,,1,0,Asphalt,1,2,1,55,3,2,2,5,0,0,0,0,true,false,false,false,false,false,false,false,false,false,false,false,false,false,false,false,false,false,false,false,false,false,-83.00861,42.39083,"{
  ""coordinates"": [
    -8.300860472347139e+01,
    4.239082760291960e+01
  ],
  ""type"": ""Point""
}","{
  ""coordinates"": [
    -83.008604723,
    42.390827603
  ],
  ""type"": ""Point""
}",-83.008604723,42.390827603
11911,1458640,RAMP 018B,RAMP 041B,2018-08-17,17,8,2018,18,6,5,1,,1,0,Asphalt,98,98,98,55,4,2,3,5,0,0,0,0,true,false,false,false,false,false,false,false,false,false,false,false,false,false,false,false,false,false,false,false,false,false,-83.04295,42.3412,"{
  ""coordinates"": [
    -8.304295730067220e+01,
    4.234120259845400e+01
  ],
  ""type"": ""Point""
}","{
  ""coordinates"": [
    -83.042957301,
    42.341202598
  ],
  ""type"": ""Point""
}",-83.0429573009999,42.3412025980001
11912,1457883,MARNE,MORANG,2018-08-17,17,8,2018,5,6,5,9,,,0,,2,2,4,,2,2,0,5,0,0,0,0,true,false,false,false,true,false,false,false,false,false,false,false,false,false,false,false,false,false,false,false,false,false,-82.93681,42.42386,"{
  ""coordinates"": [
    -8.293681524746410e+01,
    4.242386049807210e+01
  ],
  ""type"": ""Point""
}","{
  ""coordinates"": [
    -82.936815247,
    42.423860498
  ],
  ""type"": ""Point""
}",-82.936815247,42.4238604980001
11913,1451472,WARREN,S I 75,2018-08-17,17,8,2018,12,6,97,9,,4,0,Asphalt,2,1,1,30,4,2,2,5,0,0,0,0,true,false,false,false,false,false,false,false,false,false,false,false,false,false,true,false,false,false,false,false,false,false,-83.05443,42.36076,"{
  ""coordinates"": [
    -8.305443124846450e+01,
    4.236076010885330e+01
  ],
  ""type"": ""Point""
}","{
  ""coordinates"": [
    -83.054431248,
    42.360760109
  ],
  ""type"": ""Point""
}",-83.054431248,42.3607601090001
11914,1456992,OUTER,CHANDLER PARK,2018-08-17,17,8,2018,16,6,5,9,,2,0,Asphalt,2,4,1,35,4,2,2,5,0,0,0,0,true,false,false,false,false,false,false,false,false,false,false,false,false,false,false,false,false,false,false,false,false,false,-82.95795,42.40197,"{
  ""coordinates"": [
    -8.295794528806590e+01,
    4.240197297197180e+01
  ],
  ""type"": ""Point""
}","{
  ""coordinates"": [
    -82.957945288,
    42.401972972
  ],
  ""type"": ""Point""
}",-82.957945288,42.4019729720001
11915,1451522,7 MILE,GRATIOT,2018-08-17,17,8,2018,18,6,5,3,,2,0,Asphalt,1,1,1,40,2,2,5,4,0,0,0,1,false,false,false,false,true,false,false,false,false,false,false,false,false,false,false,false,false,false,false,false,false,false,-82.97752,42.43508,"{
  ""coordinates"": [
    -8.297752072632630e+01,
    4.243508106389570e+01
  ],
  ""type"": ""Point""
}","{
  ""coordinates"": [
    -82.977520726,
    42.435081064
  ],
  ""type"": ""Point""
}",-82.977520726,42.435081064
11916,1451555,LIVERNOIS,SAINT MARTINS,2018-08-17,17,8,2018,18,6,97,9,,4,0,Asphalt,1,1,1,30,2,2,1,5,0,0,0,0,true,false,false,false,false,false,false,false,false,false,false,false,true,false,true,false,false,false,false,false,false,false,-83.14179,42.43704,"{
  ""coordinates"": [
    -8.314179530910720e+01,
    4.243703745232380e+01
  ],
  ""type"": ""Point""
}","{
  ""coordinates"": [
    -83.141795309,
    42.437037452
  ],
  ""type"": ""Point""
}",-83.141795309,42.437037452
11917,1451540,JAMES COUZENS,MCNICHOLS,2018-08-17,17,8,2018,11,6,8,9,,4,0,Asphalt,1,2,1,35,3,2,1,5,0,0,0,0,true,false,false,false,true,false,false,false,false,false,false,false,false,false,false,false,false,false,false,false,false,false,-83.17247,42.41665,"{
  ""coordinates"": [
    -8.317247032485621e+01,
    4.241665288884600e+01
  ],
  ""type"": ""Point""
}","{
  ""coordinates"": [
    -83.172470325,
    42.416652889
  ],
  ""type"": ""Point""
}",-83.1724703249999,42.416652889
11918,1451480,GREEN,N I 75,2018-08-17,17,8,2018,14,6,4,9,,,0,,2,2,1,,2,2,2,5,0,0,0,0,true,false,false,false,false,false,false,false,false,false,false,false,false,true,false,false,false,false,false,false,false,false,-83.11388,42.30356,"{
  ""coordinates"": [
    -8.311388458592771e+01,
    4.230356272503940e+01
  ],
  ""type"": ""Point""
}","{
  ""coordinates"": [
    -83.113884586,
    42.303562725
  ],
  ""type"": ""Point""
}",-83.113884586,42.3035627250001
11919,1458832,EIGHT MILE,VAN DYKE,2018-08-17,17,8,2018,18,6,5,3,,1,0,Asphalt,1,1,1,40,4,2,3,5,0,0,0,0,true,false,false,false,false,false,false,false,false,false,false,false,false,false,false,false,false,false,false,false,false,false,-83.02623,42.44812,"{
  ""coordinates"": [
    -8.302623222755879e+01,
    4.244812515624950e+01
  ],
  ""type"": ""Point""
}","{
  ""coordinates"": [
    -83.026232228,
    42.448125156
  ],
  ""type"": ""Point""
}",-83.026232228,42.4481251560001
11920,1455901,CURTIS,SOUTHFIELD,2018-08-17,17,8,2018,17,6,4,9,,,0,,2,1,1,25,2,2,5,5,0,0,0,0,true,false,true,true,false,false,false,false,false,false,false,false,false,false,false,false,false,false,false,false,false,false,-83.21941,42.42278,"{
  ""coordinates"": [
    -8.321940328720360e+01,
    4.242277562951440e+01
  ],
  ""type"": ""Point""
}","{
  ""coordinates"": [
    -83.219403287,
    42.42277563
  ],
  ""type"": ""Point""
}",-83.219403287,42.42277563
11921,1453225,W I 94,GRAND,2018-08-17,17,8,2018,16,6,5,1,,1,0,Asphalt,1,2,1,55,3,2,4,5,0,0,0,0,true,false,false,false,false,false,false,false,false,false,false,false,false,false,false,false,false,false,false,false,false,false,-83.10989,42.34681,"{
  ""coordinates"": [
    -8.310988567188529e+01,
    4.234681247072410e+01
  ],
  ""type"": ""Point""
}","{
  ""coordinates"": [
    -83.109885672,
    42.346812471
  ],
  ""type"": ""Point""
}",-83.109885672,42.3468124710001
11922,1465787,EVERGREEN,7 MILE,2018-08-17,17,8,2018,16,6,5,9,,4,0,Asphalt,2,1,3,35,2,2,2,5,0,0,0,0,true,false,false,false,false,false,false,false,false,false,false,false,false,false,false,false,false,false,false,false,false,false,-83.23887,42.42957,"{
  ""coordinates"": [
    -8.323886619687801e+01,
    4.242957202650180e+01
  ],
  ""type"": ""Point""
}","{
  ""coordinates"": [
    -83.238866197,
    42.429572027
  ],
  ""type"": ""Point""
}",-83.2388661969999,42.4295720270001
11923,1465744,N I 75,I 75/I 75,2018-08-17,17,8,2018,16,6,97,1,,1,0,Concrete,1,1,1,25,2,2,2,5,0,0,0,0,true,false,false,false,false,false,false,false,false,false,false,false,false,false,false,false,true,false,false,false,false,false,-83.05041,42.34085,"{
  ""coordinates"": [
    -8.305040407673469e+01,
    4.234085559651570e+01
  ],
  ""type"": ""Point""
}","{
  ""coordinates"": [
    -83.050404077,
    42.340855597
  ],
  ""type"": ""Point""
}",-83.0504040769999,42.340855597
11924,1468590,TIREMAN,CHASE,2018-08-17,17,8,2018,20,6,6,9,,2,0,Asphalt,1,2,5,25,2,2,5,5,0,0,0,0,true,false,false,false,false,false,false,false,false,false,false,false,false,false,true,false,false,false,false,false,false,false,-83.18321,42.35115,"{
  ""coordinates"": [
    -8.318321027475720e+01,
    4.235115451097370e+01
  ],
  ""type"": ""Point""
}","{
  ""coordinates"": [
    -83.183210275,
    42.351154511
  ],
  ""type"": ""Point""
}",-83.183210275,42.3511545110001