ObjectId,Crash ID,Primary Road,Intersecting Road,Crash Date,Day,Month,Year,Hour,Weekday,Crash Type Code,Highway Classification Code,Community Code,Jurisdiction Code,Lane Departure Type Code,Surface Type,Road Condition,Weather Condition,Lighting Condition,Speed Limit,Lanes,Units,Occupants,Most Severe Injury,Fatal Injuries,Suspected Serious Injuries,Suspected Minor Injuries,Possible Injuries,Property Damage Only,Secondary Crash,Traffic Control,Red Light Run,Hit and Run,Alcohol,Drugs,Unbelted Person,Work Zone,Speeding Driver,Distracted Driver,Driveway,Pedestrian,Elderly Driver,Young Driver,Commercial Vehicle,Emergency Vehicles,Train,School Bus,Motorcycle,Bicycle,Deer,Longitude,Latitude,geom,geog,x,y
11979,1456965,GRAND RIVER,LINDSAY,2018-08-16,16,8,2018,13,5,5,3,,1,0,Asphalt,2,4,1,35,6,2,2,5,0,0,0,0,true,false,false,false,false,false,false,false,false,false,false,true,false,true,false,false,false,false,false,false,false,false,-83.21315,42.39862,"{
  ""coordinates"": [
    -8.321315060249469e+01,
    4.239862599489780e+01
  ],
  ""type"": ""Point""
}","{
  ""coordinates"": [
    -83.213150602,
    42.398625995
  ],
  ""type"": ""Point""
}",-83.213150602,42.398625995
11980,1450445,OAKMAN,LA SALLE,2018-08-16,16,8,2018,18,5,8,9,,4,0,Asphalt,1,1,1,30,4,2,3,5,0,0,0,0,true,false,false,false,false,false,false,true,false,false,false,false,false,false,false,false,true,false,false,false,false,false,-83.12249,42.39909,"{
  ""coordinates"": [
    -8.312249290192339e+01,
    4.239908637806330e+01
  ],
  ""type"": ""Point""
}","{
  ""coordinates"": [
    -83.122492902,
    42.399086378
  ],
  ""type"": ""Point""
}",-83.122492902,42.399086378
11981,1460426,I-96,FULLERTON,2018-08-16,16,8,2018,9,5,1,1,,1,1,Concrete,2,4,1,55,3,1,1,2,0,1,0,0,false,false,false,false,false,false,false,false,false,true,true,false,false,false,true,false,false,false,false,false,false,false,-83.18702,42.38087,"{
  ""coordinates"": [
    -8.318702251852470e+01,
    4.238087106622840e+01
  ],
  ""type"": ""Point""
}","{
  ""coordinates"": [
    -83.187022519,
    42.380871066
  ],
  ""type"": ""Point""
}",-83.187022519,42.3808710660001
11982,1456791,M-39,7 MILE,2018-08-16,16,8,2018,8,5,5,3,,1,0,Concrete,2,4,1,55,3,2,2,5,0,0,0,0,true,false,false,false,false,false,false,false,false,false,false,false,false,false,false,false,false,false,false,false,false,false,-83.21917,42.42857,"{
  ""coordinates"": [
    -8.321916582232930e+01,
    4.242856983122860e+01
  ],
  ""type"": ""Point""
}","{
  ""coordinates"": [
    -83.219165822,
    42.428569831
  ],
  ""type"": ""Point""
}",-83.219165822,42.4285698310001
11983,1455892,GRAND RIVER,KENTFORD,2018-08-16,16,8,2018,17,5,3,3,,1,0,Asphalt,1,2,1,35,2,2,3,5,0,0,0,0,true,false,false,false,false,false,false,false,false,false,false,true,false,false,true,false,false,false,false,false,false,false,-83.22152,42.402,"{
  ""coordinates"": [
    -8.322151630123540e+01,
    4.240199743974960e+01
  ],
  ""type"": ""Point""
}","{
  ""coordinates"": [
    -83.221516301,
    42.40199744
  ],
  ""type"": ""Point""
}",-83.221516301,42.4019974400001
11984,1450425,SAINT JOHN,LONYO,2018-08-16,16,8,2018,17,5,98,9,,,0,,1,1,1,25,2,2,0,5,0,0,0,0,true,false,false,false,true,false,false,false,false,false,false,false,false,false,false,false,false,false,false,false,false,false,-83.14031,42.32461,"{
  ""coordinates"": [
    -8.314031171523230e+01,
    4.232461288631020e+01
  ],
  ""type"": ""Point""
}","{
  ""coordinates"": [
    -83.140311715,
    42.324612886
  ],
  ""type"": ""Point""
}",-83.1403117149999,42.3246128860001
11985,1456995,TOWNSEND,GRATIOT,2018-08-16,16,8,2018,15,5,5,3,,,0,,2,1,1,30,3,3,2,5,0,0,0,0,true,false,false,false,true,false,false,false,false,false,false,false,false,false,false,false,false,false,false,false,false,false,-83.0166,42.37595,"{
  ""coordinates"": [
    -8.301659943450160e+01,
    4.237595549455710e+01
  ],
  ""type"": ""Point""
}","{
  ""coordinates"": [
    -83.016599435,
    42.375955495
  ],
  ""type"": ""Point""
}",-83.016599435,42.375955495
11986,1450415,SANTA MARIA,STANSBURY,2018-08-16,16,8,2018,23,5,1,9,,,0,,2,2,5,25,1,1,1,5,0,0,0,0,true,false,false,false,false,false,false,false,false,true,false,false,false,false,false,false,false,false,false,false,false,false,-83.18344,42.41819,"{
  ""coordinates"": [
    -8.318343881805920e+01,
    4.241818925135950e+01
  ],
  ""type"": ""Point""
}","{
  ""coordinates"": [
    -83.183438818,
    42.418189251
  ],
  ""type"": ""Point""
}",-83.183438818,42.4181892510001
11987,1452521,CASS,PRENTIS,2018-08-16,16,8,2018,19,5,8,9,,4,0,Asphalt,2,4,3,25,2,2,1,5,0,0,0,0,true,false,false,false,false,false,false,false,false,false,true,false,false,false,false,true,false,false,false,false,false,false,-83.06501,42.35311,"{
  ""coordinates"": [
    -8.306501297999201e+01,
    4.235310768889270e+01
  ],
  ""type"": ""Point""
}","{
  ""coordinates"": [
    -83.06501298,
    42.353107689
  ],
  ""type"": ""Point""
}",-83.0650129799999,42.3531076890001
11988,1449498,W I 94,CONNER,2018-08-15,15,8,2018,16,4,5,1,,1,0,Asphalt,1,1,1,55,3,2,2,5,0,0,0,0,true,false,false,false,false,false,false,false,false,false,false,false,false,false,true,false,false,false,false,false,false,false,-82.98949,42.39536,"{
  ""coordinates"": [
    -8.298948765643840e+01,
    4.239535692282620e+01
  ],
  ""type"": ""Point""
}","{
  ""coordinates"": [
    -82.989487656,
    42.395356923
  ],
  ""type"": ""Point""
}",-82.9894876559999,42.3953569230001
11989,1450435,CHALMERS,LONGVIEW,2018-08-15,15,8,2018,15,4,5,9,,4,0,Asphalt,1,2,1,35,4,2,2,5,0,0,0,0,true,false,false,false,false,false,false,false,false,false,false,false,false,false,false,false,false,false,false,false,false,false,-82.96863,42.41117,"{
  ""coordinates"": [
    -8.296862761281920e+01,
    4.241116784565690e+01
  ],
  ""type"": ""Point""
}","{
  ""coordinates"": [
    -82.968627613,
    42.411167846
  ],
  ""type"": ""Point""
}",-82.968627613,42.4111678460001
11990,1449567,FISCHER,FOREST,2018-08-15,15,8,2018,16,4,4,9,,,0,,1,1,1,25,2,2,1,4,0,0,0,1,false,false,false,false,true,false,false,false,false,false,false,false,false,false,false,false,false,false,false,false,false,false,-83.00426,42.37657,"{
  ""coordinates"": [
    -8.300425738570270e+01,
    4.237656908323910e+01
  ],
  ""type"": ""Point""
}","{
  ""coordinates"": [
    -83.004257386,
    42.376569083
  ],
  ""type"": ""Point""
}",-83.0042573859999,42.376569083
11991,1449564,OUTER,HAVERHILL,2018-08-15,15,8,2018,1,4,4,9,,2,0,Asphalt,1,1,4,30,2,2,2,4,0,0,0,1,false,false,false,false,false,false,false,false,false,false,false,false,false,false,false,false,false,false,false,false,false,false,-82.94604,42.40615,"{
  ""coordinates"": [
    -8.294603875664050e+01,
    4.240614782642050e+01
  ],
  ""type"": ""Point""
}","{
  ""coordinates"": [
    -82.946038757,
    42.406147826
  ],
  ""type"": ""Point""
}",-82.9460387569999,42.4061478260001
11992,1449573,MCNICHOLS,LAMPHERE,2018-08-15,15,8,2018,18,4,5,9,,2,0,Concrete,1,1,1,35,3,2,3,4,0,0,0,2,false,false,false,false,true,false,false,false,false,false,false,false,false,false,false,false,false,false,false,false,false,false,-83.26206,42.4146,"{
  ""coordinates"": [
    -8.326206576169230e+01,
    4.241459983655000e+01
  ],
  ""type"": ""Point""
}","{
  ""coordinates"": [
    -83.262065762,
    42.414599837
  ],
  ""type"": ""Point""
}",-83.262065762,42.414599837
11993,1450444,LINWOOD,CHICAGO,2018-08-15,15,8,2018,15,4,4,9,,4,0,Asphalt,1,1,1,30,4,2,3,5,0,0,0,0,true,false,false,false,false,false,false,false,false,false,false,false,false,false,false,false,false,false,false,false,false,false,-83.11086,42.37659,"{
  ""coordinates"": [
    -8.311085143486960e+01,
    4.237659257905570e+01
  ],
  ""type"": ""Point""
}","{
  ""coordinates"": [
    -83.110851435,
    42.376592579
  ],
  ""type"": ""Point""
}",-83.110851435,42.376592579
11994,1449562,LAFAYETTE,SPRINGWELLS,2018-08-15,15,8,2018,13,4,7,9,,4,0,Asphalt,1,1,1,25,2,2,2,5,0,0,0,0,true,false,false,false,true,false,false,false,false,false,false,false,false,false,false,false,false,false,false,false,false,false,-83.12027,42.30313,"{
  ""coordinates"": [
    -8.312027164722571e+01,
    4.230313404607520e+01
  ],
  ""type"": ""Point""
}","{
  ""coordinates"": [
    -83.120271647,
    42.303134046
  ],
  ""type"": ""Point""
}",-83.120271647,42.303134046
11995,1470021,WARWICK,TIREMAN,2018-08-15,15,8,2018,18,4,98,9,,,0,,1,1,1,25,3,2,0,5,0,0,0,0,true,false,false,false,false,false,false,false,false,false,false,false,false,false,false,false,false,false,false,false,false,false,-83.22716,42.35032,"{
  ""coordinates"": [
    -8.322715490083731e+01,
    4.235032407109650e+01
  ],
  ""type"": ""Point""
}","{
  ""coordinates"": [
    -83.227154901,
    42.350324071
  ],
  ""type"": ""Point""
}",-83.2271549009999,42.350324071
11996,1450446,LAWTON,GRAND,2018-08-15,15,8,2018,16,4,1,9,,,0,,1,1,1,25,2,1,1,5,0,0,0,0,true,false,false,false,false,false,false,false,false,false,false,false,false,false,false,false,false,false,false,false,false,false,-83.12591,42.39373,"{
  ""coordinates"": [
    -8.312590541117160e+01,
    4.239373369544270e+01
  ],
  ""type"": ""Point""
}","{
  ""coordinates"": [
    -83.125905411,
    42.393733695
  ],
  ""type"": ""Point""
}",-83.125905411,42.393733695
11997,1452513,TEMPLE,4TH,2018-08-15,15,8,2018,23,4,4,9,,4,0,Asphalt,1,1,4,30,3,2,8,5,0,0,0,0,true,false,true,false,false,false,false,false,false,false,false,false,false,false,true,false,false,false,false,false,false,false,-83.06397,42.34015,"{
  ""coordinates"": [
    -8.306397247902790e+01,
    4.234015460777290e+01
  ],
  ""type"": ""Point""
}","{
  ""coordinates"": [
    -83.063972479,
    42.340154608
  ],
  ""type"": ""Point""
}",-83.063972479,42.340154608
11998,1449569,GRATIOT,CONCORD,2018-08-15,15,8,2018,16,4,5,3,,1,0,Asphalt,1,1,1,35,7,2,2,5,0,0,0,0,true,false,false,false,false,false,false,false,false,false,false,false,false,false,false,false,false,false,false,false,false,false,-83.02081,42.36959,"{
  ""coordinates"": [
    -8.302081210076440e+01,
    4.236958831552970e+01
  ],
  ""type"": ""Point""
}","{
  ""coordinates"": [
    -83.020812101,
    42.369588316
  ],
  ""type"": ""Point""
}",-83.020812101,42.369588316
11999,1448713,MCNICHOLS,CONANT,2018-08-15,15,8,2018,2,4,4,9,,4,0,Asphalt,1,1,4,30,2,2,2,4,0,0,0,1,false,false,true,true,false,false,false,false,false,false,false,false,false,true,false,false,false,false,false,false,false,false,-83.06361,42.41865,"{
  ""coordinates"": [
    -8.306361076883610e+01,
    4.241865308635030e+01
  ],
  ""type"": ""Point""
}","{
  ""coordinates"": [
    -83.063610769,
    42.418653086
  ],
  ""type"": ""Point""
}",-83.063610769,42.4186530860001
12000,1453250,SHOEMAKER,HARDING,2018-08-15,15,8,2018,16,4,97,9,,4,0,Asphalt,1,1,1,,2,2,2,5,0,0,0,0,true,false,false,false,true,false,false,false,false,false,false,false,false,false,false,false,false,false,false,false,false,false,-82.99517,42.3894,"{
  ""coordinates"": [
    -8.299517204982379e+01,
    4.238939969278500e+01
  ],
  ""type"": ""Point""
}","{
  ""coordinates"": [
    -82.99517205,
    42.389399693
  ],
  ""type"": ""Point""
}",-82.99517205,42.389399693
12001,1451558,8 MILE,WOODWARD,2018-08-15,15,8,2018,19,4,5,3,,1,0,Asphalt,1,1,1,40,2,2,2,5,0,0,0,0,true,true,false,false,false,false,false,false,false,false,false,false,false,false,true,false,false,false,false,false,false,false,-83.12466,42.44651,"{
  ""coordinates"": [
    -8.312466236119340e+01,
    4.244651308361720e+01
  ],
  ""type"": ""Point""
}","{
  ""coordinates"": [
    -83.124662361,
    42.446513084
  ],
  ""type"": ""Point""
}",-83.1246623609999,42.4465130840001
12002,1454111,I-75,BRUSH,2018-08-15,15,8,2018,8,4,8,7,,1,0,Concrete,1,1,1,70,3,2,2,5,0,0,0,0,true,true,false,false,false,false,false,false,true,false,false,false,false,false,false,true,false,false,false,false,false,false,-83.04823,42.34177,"{
  ""coordinates"": [
    -8.304823089044380e+01,
    4.234177181374000e+01
  ],
  ""type"": ""Point""
}","{
  ""coordinates"": [
    -83.04823089,
    42.341771814
  ],
  ""type"": ""Point""
}",-83.04823089,42.341771814
12003,1449563,N M 39,MCNICHOLS,2018-08-15,15,8,2018,6,4,8,3,,1,0,Concrete,98,98,98,,2,2,1,5,0,0,0,0,true,false,false,false,false,false,false,false,false,false,false,false,false,false,false,false,false,false,false,false,false,false,-83.21871,42.41537,"{
  ""coordinates"": [
    -8.321871368341820e+01,
    4.241537188842040e+01
  ],
  ""type"": ""Point""
}","{
  ""coordinates"": [
    -83.218713683,
    42.415371888
  ],
  ""type"": ""Point""
}",-83.218713683,42.415371888
12004,1454975,I 96,M39,2018-08-15,15,8,2018,18,4,8,1,,1,0,Concrete,1,1,1,70,3,2,2,5,0,0,0,0,true,false,false,false,false,false,false,false,false,false,false,false,false,false,false,false,false,false,false,false,false,false,-83.2154,42.37881,"{
  ""coordinates"": [
    -8.321539976532711e+01,
    4.237881654582310e+01
  ],
  ""type"": ""Point""
}","{
  ""coordinates"": [
    -83.215399765,
    42.378816546
  ],
  ""type"": ""Point""
}",-83.215399765,42.3788165460001
12005,1449580,7 MILE,RYAN,2018-08-15,15,8,2018,11,4,4,9,,4,0,Asphalt,1,1,1,,2,2,1,5,0,0,0,0,true,true,false,false,true,false,false,false,false,false,false,false,false,false,false,false,false,false,false,false,false,false,-83.06332,42.43312,"{
  ""coordinates"": [
    -8.306332109179090e+01,
    4.243312460968950e+01
  ],
  ""type"": ""Point""
}","{
  ""coordinates"": [
    -83.063321092,
    42.43312461
  ],
  ""type"": ""Point""
}",-83.063321092,42.43312461
12006,1449561,WEST END,MELVILLE,2018-08-15,15,8,2018,5,4,9,9,,4,2,Asphalt,1,1,2,35,2,2,1,5,0,0,0,0,true,false,false,false,true,false,false,false,false,false,false,false,false,false,false,false,false,false,false,false,false,false,-83.11636,42.29629,"{
  ""coordinates"": [
    -8.311635554412130e+01,
    4.229628843362350e+01
  ],
  ""type"": ""Point""
}","{
  ""coordinates"": [
    -83.116355544,
    42.296288434
  ],
  ""type"": ""Point""
}",-83.116355544,42.2962884340001
12007,1448715,7 MILE,HASSE,2018-08-15,15,8,2018,0,4,97,9,,4,0,Asphalt,1,1,4,35,2,1,0,5,0,0,0,0,true,false,false,false,true,false,false,false,false,false,false,true,false,false,false,false,false,false,false,false,false,false,-83.05648,42.43327,"{
  ""coordinates"": [
    -8.305647698417479e+01,
    4.243327470648800e+01
  ],
  ""type"": ""Point""
}","{
  ""coordinates"": [
    -83.056476984,
    42.433274706
  ],
  ""type"": ""Point""
}",-83.056476984,42.4332747060001
12008,1449568,MOUNT ELLIOTT,HEIDELBERG,2018-08-15,15,8,2018,15,4,7,9,,4,0,Asphalt,1,1,1,30,2,2,3,5,0,0,0,0,true,false,false,false,false,false,false,false,false,false,false,false,false,false,false,false,false,false,false,false,false,false,-83.02018,42.35913,"{
  ""coordinates"": [
    -8.302018254900550e+01,
    4.235912898219070e+01
  ],
  ""type"": ""Point""
}","{
  ""coordinates"": [
    -83.020182549,
    42.359128982
  ],
  ""type"": ""Point""
}",-83.020182549,42.3591289820001
12009,1449558,GRAND,LAFAYETTE,2018-08-15,15,8,2018,12,4,5,9,,4,0,Asphalt,1,1,1,25,2,2,1,5,0,0,0,0,true,false,false,false,false,false,false,false,false,false,true,false,false,false,false,false,false,false,false,false,false,false,-83.08482,42.31706,"{
  ""coordinates"": [
    -8.308482288800900e+01,
    4.231705740285710e+01
  ],
  ""type"": ""Point""
}","{
  ""coordinates"": [
    -83.084822888,
    42.317057403
  ],
  ""type"": ""Point""
}",-83.084822888,42.317057403
12010,1449560,S I 75,JUNCTION,2018-08-15,15,8,2018,16,4,97,1,,1,0,Concrete,1,1,1,25,3,2,2,5,0,0,0,0,true,false,false,false,false,false,false,false,false,false,false,false,false,false,false,true,false,false,false,false,false,false,-83.0971,42.31134,"{
  ""coordinates"": [
    -8.309709734705871e+01,
    4.231133899479860e+01
  ],
  ""type"": ""Point""
}","{
  ""coordinates"": [
    -83.097097347,
    42.311338995
  ],
  ""type"": ""Point""
}",-83.097097347,42.311338995
12011,1449581,JEFFERSON,WOODWARD,2018-08-15,15,8,2018,12,4,10,3,,1,0,Asphalt,1,1,1,,4,2,3,5,0,0,0,0,true,false,false,false,false,false,false,false,false,false,false,false,false,false,false,false,false,false,false,false,false,false,-83.0446,42.32883,"{
  ""coordinates"": [
    -8.304459763102990e+01,
    4.232882785444410e+01
  ],
  ""type"": ""Point""
}","{
  ""coordinates"": [
    -83.044597631,
    42.328827854
  ],
  ""type"": ""Point""
}",-83.044597631,42.3288278540001
12012,1449574,GUNSTON,CORBETT,2018-08-15,15,8,2018,12,4,4,9,,,0,,1,1,1,25,2,2,2,4,0,0,0,2,false,false,true,false,false,false,false,false,false,false,false,false,false,true,false,false,false,false,false,false,false,false,-82.98988,42.40165,"{
  ""coordinates"": [
    -8.298988403714270e+01,
    4.240165516972020e+01
  ],
  ""type"": ""Point""
}","{
  ""coordinates"": [
    -82.989884037,
    42.40165517
  ],
  ""type"": ""Point""
}",-82.989884037,42.40165517
12013,1449556,FISHER,PARK,2018-08-15,15,8,2018,12,4,4,1,,1,0,Concrete,1,1,1,,2,2,2,5,0,0,0,0,true,false,false,false,false,false,false,false,false,false,false,false,false,false,false,false,false,false,false,false,false,false,-83.07301,42.33329,"{
  ""coordinates"": [
    -8.307300491706749e+01,
    4.233329129768520e+01
  ],
  ""type"": ""Point""
}","{
  ""coordinates"": [
    -83.073004917,
    42.333291298
  ],
  ""type"": ""Point""
}",-83.0730049169999,42.3332912980001
12014,1449582,MOUND,OUTER,2018-08-15,15,8,2018,9,4,97,9,,2,0,Asphalt,1,1,1,40,3,3,3,5,0,0,0,0,true,false,false,false,true,false,false,false,false,true,false,false,false,false,false,false,false,false,false,false,false,false,-83.04406,42.44072,"{
  ""coordinates"": [
    -8.304405875586690e+01,
    4.244071585453140e+01
  ],
  ""type"": ""Point""
}","{
  ""coordinates"": [
    -83.044058756,
    42.440715855
  ],
  ""type"": ""Point""
}",-83.044058756,42.4407158550001
12015,1449565,DICKERSON,FREUD,2018-08-15,15,8,2018,4,4,1,9,,4,1,Concrete,1,1,4,25,2,1,0,5,0,0,0,0,true,false,false,false,false,false,false,false,false,false,false,false,false,false,false,false,false,false,false,false,false,false,-82.95007,42.36663,"{
  ""coordinates"": [
    -8.295007008480241e+01,
    4.236663327603030e+01
  ],
  ""type"": ""Point""
}","{
  ""coordinates"": [
    -82.950070085,
    42.366633276
  ],
  ""type"": ""Point""
}",-82.9500700849999,42.3666332760001
12016,1449570,CADILLAC,SHOEMAKER,2018-08-15,15,8,2018,18,4,4,9,,4,0,Asphalt,1,1,1,25,2,2,3,5,0,0,0,0,true,false,false,false,true,false,false,false,false,false,false,false,false,false,false,false,false,false,false,false,false,false,-83.00158,42.38943,"{
  ""coordinates"": [
    -8.300158013719400e+01,
    4.238943585774530e+01
  ],
  ""type"": ""Point""
}","{
  ""coordinates"": [
    -83.001580137,
    42.389435858
  ],
  ""type"": ""Point""
}",-83.001580137,42.3894358580001
12017,1449579,MILBANK,STOTTER,2018-08-15,15,8,2018,8,4,4,9,,,0,,1,1,1,30,3,2,5,5,0,0,0,0,true,false,true,false,false,false,false,false,false,false,false,false,false,false,false,false,false,false,false,false,false,false,-83.02554,42.44363,"{
  ""coordinates"": [
    -8.302553249062601e+01,
    4.244362997041980e+01
  ],
  ""type"": ""Point""
}","{
  ""coordinates"": [
    -83.025532491,
    42.44362997
  ],
  ""type"": ""Point""
}",-83.025532491,42.4436299700001
12018,1449548,I96,TELEGRAPH,2018-08-15,15,8,2018,17,4,5,1,,1,0,Asphalt,1,1,1,70,4,2,2,2,0,1,0,0,false,false,false,false,false,false,false,false,false,false,false,false,false,false,false,false,false,false,false,true,false,false,-83.27409,42.38549,"{
  ""coordinates"": [
    -8.327409044861480e+01,
    4.238549360533770e+01
  ],
  ""type"": ""Point""
}","{
  ""coordinates"": [
    -83.274090449,
    42.385493605
  ],
  ""type"": ""Point""
}",-83.274090449,42.3854936050001
12019,1449571,PARKVIEW,JEFFERSON,2018-08-15,15,8,2018,21,4,4,9,,,0,,1,1,4,20,2,2,2,5,0,0,0,0,true,false,false,false,false,false,false,false,false,false,false,true,false,false,false,false,false,false,false,false,false,false,-82.98391,42.35897,"{
  ""coordinates"": [
    -8.298390645702570e+01,
    4.235896979463600e+01
  ],
  ""type"": ""Point""
}","{
  ""coordinates"": [
    -82.983906457,
    42.358969795
  ],
  ""type"": ""Point""
}",-82.983906457,42.3589697950001
12020,1533653,SHAFTSBURY,GROVE,2018-08-15,15,8,2018,16,4,4,9,,,0,,1,1,1,,1,2,4,2,0,1,0,0,false,false,false,false,false,false,false,false,false,false,false,false,false,false,false,false,false,false,false,false,false,false,-83.23046,42.41347,"{
  ""coordinates"": [
    -8.323046195409179e+01,
    4.241347246639420e+01
  ],
  ""type"": ""Point""
}","{
  ""coordinates"": [
    -83.230461954,
    42.413472466
  ],
  ""type"": ""Point""
}",-83.230461954,42.413472466
12021,1449578,WESTPHALIA,FAIRMOUNT,2018-08-15,15,8,2018,10,4,4,9,,,0,,1,2,1,25,1,2,3,4,0,0,0,1,false,false,false,false,true,false,false,false,false,false,false,false,false,false,false,false,false,false,false,false,false,false,-82.99275,42.44381,"{
  ""coordinates"": [
    -8.299275562496310e+01,
    4.244381374583480e+01
  ],
  ""type"": ""Point""
}","{
  ""coordinates"": [
    -82.992755625,
    42.443813746
  ],
  ""type"": ""Point""
}",-82.992755625,42.443813746
12022,1450443,EPWORTH,MILFORD,2018-08-15,15,8,2018,3,4,9,9,,4,2,Asphalt,98,1,3,25,2,2,0,5,0,0,0,0,true,false,false,false,true,false,false,false,false,false,false,false,false,false,false,true,false,false,false,false,false,false,-83.12665,42.34757,"{
  ""coordinates"": [
    -8.312664552071250e+01,
    4.234757311287810e+01
  ],
  ""type"": ""Point""
}","{
  ""coordinates"": [
    -83.126645521,
    42.347573113
  ],
  ""type"": ""Point""
}",-83.1266455209999,42.3475731130001
12023,1456975,MCNICHOLS,MARX,2018-08-15,15,8,2018,9,4,8,9,,2,0,Asphalt,1,1,1,35,6,2,21,5,0,0,0,0,true,false,false,false,false,false,false,false,false,false,false,false,false,false,false,true,false,false,false,false,false,false,-83.0835,42.41839,"{
  ""coordinates"": [
    -8.308350237606970e+01,
    4.241838850654740e+01
  ],
  ""type"": ""Point""
}","{
  ""coordinates"": [
    -83.083502376,
    42.418388507
  ],
  ""type"": ""Point""
}",-83.083502376,42.418388507
12024,1476265,WHITLOCK,EVERGREEN,2018-08-15,15,8,2018,22,4,97,9,,,0,,1,1,4,25,4,3,3,5,0,0,0,0,true,false,true,false,false,false,false,false,false,false,true,false,false,false,true,false,false,false,false,false,false,false,-83.23522,42.33949,"{
  ""coordinates"": [
    -8.323521936026771e+01,
    4.233949045273180e+01
  ],
  ""type"": ""Point""
}","{
  ""coordinates"": [
    -83.23521936,
    42.339490453
  ],
  ""type"": ""Point""
}",-83.23521936,42.3394904530001
12025,1456931,ELIZABETH,CASS,2018-08-15,15,8,2018,12,4,97,9,,4,0,Asphalt,1,1,1,25,2,2,2,5,0,0,0,0,true,false,false,false,false,false,false,false,false,false,false,false,false,false,false,false,false,false,false,false,false,false,-83.05542,42.3359,"{
  ""coordinates"": [
    -8.305541758147470e+01,
    4.233590413890000e+01
  ],
  ""type"": ""Point""
}","{
  ""coordinates"": [
    -83.055417581,
    42.335904139
  ],
  ""type"": ""Point""
}",-83.055417581,42.335904139
12026,1451484,EVERGREEN,CHICAGO,2018-08-15,15,8,2018,16,4,5,9,,4,0,Asphalt,1,1,1,30,4,3,3,5,0,0,0,0,true,false,false,false,true,false,false,false,false,false,false,false,false,false,false,false,false,false,false,false,false,false,-83.23602,42.36347,"{
  ""coordinates"": [
    -8.323602377570229e+01,
    4.236346950858080e+01
  ],
  ""type"": ""Point""
}","{
  ""coordinates"": [
    -83.236023776,
    42.363469509
  ],
  ""type"": ""Point""
}",-83.236023776,42.363469509
12027,1453276,EIGHT MILE,DEQUINDRE,2018-08-15,15,8,2018,22,4,8,3,,1,0,Asphalt,1,1,4,40,3,2,2,3,0,0,1,0,false,false,false,false,false,false,false,false,false,false,false,false,false,false,false,false,false,false,false,false,false,false,-83.08076,42.44706,"{
  ""coordinates"": [
    -8.308076498160430e+01,
    4.244705838027660e+01
  ],
  ""type"": ""Point""
}","{
  ""coordinates"": [
    -83.080764982,
    42.44705838
  ],
  ""type"": ""Point""
}",-83.0807649819999,42.44705838
12028,1452524,BEAUBIEN,CONGRESS,2018-08-15,15,8,2018,15,4,5,9,,4,0,Concrete,1,1,1,35,2,2,2,5,0,0,0,0,true,false,false,false,false,false,false,false,false,false,false,false,false,false,false,false,false,false,false,false,false,false,-83.0408,42.33237,"{
  ""coordinates"": [
    -8.304080118533840e+01,
    4.233237344743180e+01
  ],
  ""type"": ""Point""
}","{
  ""coordinates"": [
    -83.040801185,
    42.332373447
  ],
  ""type"": ""Point""
}",-83.040801185,42.3323734470001
12029,1486846,S I 75,CLARK,2018-08-15,15,8,2018,8,4,8,1,,1,0,Concrete,1,1,1,50,5,2,1,5,0,0,0,0,true,true,false,false,true,false,false,false,true,false,false,false,false,false,false,false,false,false,false,false,false,false,-83.09113,42.31366,"{
  ""coordinates"": [
    -8.309112967150520e+01,
    4.231365796757720e+01
  ],
  ""type"": ""Point""
}","{
  ""coordinates"": [
    -83.091129672,
    42.313657968
  ],
  ""type"": ""Point""
}",-83.091129672,42.313657968
12030,1451449,I-75,DEARBORN,2018-08-15,15,8,2018,19,4,5,1,,1,0,Concrete,1,1,1,50,3,2,1,5,0,0,0,0,true,false,false,false,true,false,false,false,true,false,false,false,false,false,false,true,false,false,false,false,false,false,-83.12814,42.29251,"{
  ""coordinates"": [
    -8.312813894362230e+01,
    4.229251146206090e+01
  ],
  ""type"": ""Point""
}","{
  ""coordinates"": [
    -83.128138944,
    42.292511462
  ],
  ""type"": ""Point""
}",-83.1281389439999,42.292511462
12031,1454112,I-75,CANIFF,2018-08-15,15,8,2018,14,4,97,1,,1,0,Asphalt,1,1,1,70,4,2,2,5,0,0,0,0,true,false,false,false,false,false,false,false,false,false,false,false,false,false,false,false,false,false,false,false,false,false,-83.06997,42.38954,"{
  ""coordinates"": [
    -8.306997155081450e+01,
    4.238953717850300e+01
  ],
  ""type"": ""Point""
}","{
  ""coordinates"": [
    -83.069971551,
    42.389537179
  ],
  ""type"": ""Point""
}",-83.069971551,42.3895371790001
12032,1451509,STOEPEL,EATON,2018-08-15,15,8,2018,17,4,2,9,,,0,,1,1,1,25,2,2,2,4,0,0,0,1,false,false,false,false,true,false,false,false,false,false,false,false,false,false,false,false,false,false,false,false,false,false,-83.14114,42.39811,"{
  ""coordinates"": [
    -8.314114016674191e+01,
    4.239810807699640e+01
  ],
  ""type"": ""Point""
}","{
  ""coordinates"": [
    -83.141140167,
    42.398108077
  ],
  ""type"": ""Point""
}",-83.1411401669999,42.3981080770001
12033,1452527,MINOCK,WARREN,2018-08-15,15,8,2018,21,4,10,9,,,0,,1,1,4,25,2,2,5,5,0,0,0,0,true,false,false,false,false,false,false,false,false,false,false,false,false,false,false,false,false,false,false,false,false,false,-83.23171,42.34318,"{
  ""coordinates"": [
    -8.323171125248780e+01,
    4.234318320373230e+01
  ],
  ""type"": ""Point""
}","{
  ""coordinates"": [
    -83.231711252,
    42.343183204
  ],
  ""type"": ""Point""
}",-83.231711252,42.3431832040001