ObjectId,Crash ID,Primary Road,Intersecting Road,Crash Date,Day,Month,Year,Hour,Weekday,Crash Type Code,Highway Classification Code,Community Code,Jurisdiction Code,Lane Departure Type Code,Surface Type,Road Condition,Weather Condition,Lighting Condition,Speed Limit,Lanes,Units,Occupants,Most Severe Injury,Fatal Injuries,Suspected Serious Injuries,Suspected Minor Injuries,Possible Injuries,Property Damage Only,Secondary Crash,Traffic Control,Red Light Run,Hit and Run,Alcohol,Drugs,Unbelted Person,Work Zone,Speeding Driver,Distracted Driver,Driveway,Pedestrian,Elderly Driver,Young Driver,Commercial Vehicle,Emergency Vehicles,Train,School Bus,Motorcycle,Bicycle,Deer,Longitude,Latitude,geom,geog,x,y
12359,1454133,S M 10,RAMP 215G,2018-08-09,9,8,2018,10,5,5,3,,1,0,Concrete,1,1,1,55,3,2,1,5,0,0,0,0,true,true,false,false,true,false,false,false,false,false,true,false,false,false,false,true,false,false,false,false,false,false,-83.0787,42.36246,"{
  ""coordinates"": [
    -8.307869461528050e+01,
    4.236246195159140e+01
  ],
  ""type"": ""Point""
}","{
  ""coordinates"": [
    -83.078694615,
    42.362461952
  ],
  ""type"": ""Point""
}",-83.078694615,42.362461952
12360,1447850,SOUTHFIELD SERVICE,WADSWORTH,2018-08-09,9,8,2018,22,5,5,9,,4,0,Asphalt,1,2,4,35,2,2,2,5,0,0,0,0,true,false,false,false,true,false,false,false,false,true,false,false,false,false,false,false,false,false,false,false,false,false,-83.21642,42.37488,"{
  ""coordinates"": [
    -8.321641596823460e+01,
    4.237488134402720e+01
  ],
  ""type"": ""Point""
}","{
  ""coordinates"": [
    -83.216415968,
    42.374881344
  ],
  ""type"": ""Point""
}",-83.216415968,42.3748813440001
12361,1445118,7 MILE,FENELON,2018-08-09,9,8,2018,19,5,5,9,,4,0,Asphalt,1,1,1,35,2,3,3,5,0,0,0,0,true,false,false,false,true,false,false,false,false,false,false,false,false,false,false,false,false,false,false,false,false,false,-83.05364,42.43334,"{
  ""coordinates"": [
    -8.305364154923031e+01,
    4.243333686599770e+01
  ],
  ""type"": ""Point""
}","{
  ""coordinates"": [
    -83.053641549,
    42.433336866
  ],
  ""type"": ""Point""
}",-83.053641549,42.433336866
12362,1445086,BALTIMORE,MILWAUKEE,2018-08-09,9,8,2018,8,5,4,9,,4,0,Asphalt,1,1,1,,2,2,2,5,0,0,0,0,true,false,false,false,false,false,false,false,false,false,false,false,false,true,false,false,false,false,false,false,false,false,-83.08035,42.36618,"{
  ""coordinates"": [
    -8.308035648383060e+01,
    4.236618531981790e+01
  ],
  ""type"": ""Point""
}","{
  ""coordinates"": [
    -83.080356484,
    42.36618532
  ],
  ""type"": ""Point""
}",-83.0803564839999,42.3661853200001
12363,1454132,I-96,I-75,2018-08-09,9,8,2018,9,5,5,1,,1,0,Asphalt,1,1,1,55,4,2,2,5,0,0,0,0,true,false,false,false,false,false,false,false,false,false,false,false,false,false,false,false,false,false,false,false,false,false,-83.08427,42.32478,"{
  ""coordinates"": [
    -8.308426540682930e+01,
    4.232477721783490e+01
  ],
  ""type"": ""Point""
}","{
  ""coordinates"": [
    -83.084265407,
    42.324777218
  ],
  ""type"": ""Point""
}",-83.084265407,42.3247772180001
12364,1450400,I-94,OUTER,2018-08-09,9,8,2018,8,5,5,1,,1,0,Asphalt,1,1,1,55,3,2,1,5,0,0,0,0,true,false,false,false,true,false,false,false,false,false,false,false,false,false,false,false,false,false,false,false,false,false,-82.96374,42.40399,"{
  ""coordinates"": [
    -8.296373502277891e+01,
    4.240399305813430e+01
  ],
  ""type"": ""Point""
}","{
  ""coordinates"": [
    -82.963735023,
    42.403993058
  ],
  ""type"": ""Point""
}",-82.963735023,42.403993058
12365,1449511,M-10,WARREN,2018-08-09,9,8,2018,9,5,1,3,,1,0,Concrete,1,1,1,55,4,1,1,5,0,0,0,0,true,false,false,false,false,false,false,false,false,false,false,false,false,false,false,false,false,false,false,false,false,false,-83.07504,42.35623,"{
  ""coordinates"": [
    -8.307503672231520e+01,
    4.235623012954610e+01
  ],
  ""type"": ""Point""
}","{
  ""coordinates"": [
    -83.075036722,
    42.35623013
  ],
  ""type"": ""Point""
}",-83.0750367219999,42.35623013
12366,1446215,I75,CLAY,2018-08-09,9,8,2018,20,5,5,1,,1,0,Asphalt,2,2,1,55,4,2,1,5,0,0,0,0,true,false,false,false,false,false,false,false,false,false,false,false,false,false,false,false,false,false,false,false,false,false,-83.06374,42.37958,"{
  ""coordinates"": [
    -8.306374728044020e+01,
    4.237958224773710e+01
  ],
  ""type"": ""Point""
}","{
  ""coordinates"": [
    -83.06374728,
    42.379582248
  ],
  ""type"": ""Point""
}",-83.06374728,42.3795822480001
12367,1446260,HAYES,FLANDERS,2018-08-09,9,8,2018,21,5,4,9,,4,0,Asphalt,1,1,4,,4,2,2,5,0,0,0,0,true,false,false,false,true,false,false,false,false,false,false,false,false,false,false,false,false,false,false,false,false,false,-82.965,42.42005,"{
  ""coordinates"": [
    -8.296500667696969e+01,
    4.242004801101210e+01
  ],
  ""type"": ""Point""
}","{
  ""coordinates"": [
    -82.965006677,
    42.420048011
  ],
  ""type"": ""Point""
}",-82.965006677,42.4200480110001
12368,1445090,N I 75 SERVICE DRIVE,DRAGOON,2018-08-09,9,8,2018,11,5,5,9,,4,0,Asphalt,1,1,1,35,3,2,2,5,0,0,0,0,true,false,false,false,false,false,false,false,false,false,false,false,false,false,false,false,false,false,false,false,false,false,-83.10273,42.30777,"{
  ""coordinates"": [
    -8.310273257677891e+01,
    4.230777110688280e+01
  ],
  ""type"": ""Point""
}","{
  ""coordinates"": [
    -83.102732577,
    42.307771107
  ],
  ""type"": ""Point""
}",-83.102732577,42.3077711070001
12369,1445079,N/B I75,HOLBROOK,2018-08-09,9,8,2018,4,5,2,1,,1,2,Asphalt,1,1,4,25,2,2,3,2,0,1,0,0,false,false,false,false,false,true,false,false,false,false,true,false,false,false,false,false,false,false,false,true,false,false,-83.06808,42.38655,"{
  ""coordinates"": [
    -8.306808836830351e+01,
    4.238655446337250e+01
  ],
  ""type"": ""Point""
}","{
  ""coordinates"": [
    -83.068088368,
    42.386554463
  ],
  ""type"": ""Point""
}",-83.068088368,42.386554463
12370,1446226,W I 96,GREENFIELD,2018-08-09,9,8,2018,19,5,5,1,,1,0,Concrete,2,2,1,55,3,2,2,5,0,0,0,0,true,false,false,false,false,false,false,false,false,false,false,false,false,false,true,false,false,false,false,false,false,false,-83.19801,42.37923,"{
  ""coordinates"": [
    -8.319800348234359e+01,
    4.237923398407060e+01
  ],
  ""type"": ""Point""
}","{
  ""coordinates"": [
    -83.198003482,
    42.379233984
  ],
  ""type"": ""Point""
}",-83.198003482,42.3792339840001
12371,1447024,RUTHERFORD,FLORENCE,2018-08-09,9,8,2018,10,5,4,9,,,0,,1,1,1,25,2,2,2,5,0,0,0,0,true,false,false,false,false,false,false,false,false,false,false,false,false,false,false,false,false,false,false,false,false,false,-83.20449,42.41038,"{
  ""coordinates"": [
    -8.320449155739290e+01,
    4.241037813783580e+01
  ],
  ""type"": ""Point""
}","{
  ""coordinates"": [
    -83.204491557,
    42.410378138
  ],
  ""type"": ""Point""
}",-83.204491557,42.4103781380001
12372,1445105,FAUST,OUTER,2018-08-09,9,8,2018,20,5,8,9,,,0,,2,2,3,35,1,2,2,4,0,0,0,1,false,false,false,false,false,false,false,false,true,false,false,false,false,true,true,false,false,false,false,false,false,false,-83.22381,42.41896,"{
  ""coordinates"": [
    -8.322381052824070e+01,
    4.241895544638980e+01
  ],
  ""type"": ""Point""
}","{
  ""coordinates"": [
    -83.223810528,
    42.418955446
  ],
  ""type"": ""Point""
}",-83.2238105279999,42.418955446
12373,1446221,S M 39,8 MILE,2018-08-09,9,8,2018,18,5,5,3,,1,0,Concrete,2,4,1,55,3,3,3,4,0,0,0,3,false,false,false,false,false,false,false,false,false,false,false,false,false,false,true,true,false,false,false,false,false,false,-83.2198,42.44414,"{
  ""coordinates"": [
    -8.321980353833760e+01,
    4.244413679096570e+01
  ],
  ""type"": ""Point""
}","{
  ""coordinates"": [
    -83.219803538,
    42.444136791
  ],
  ""type"": ""Point""
}",-83.219803538,42.4441367910001
12374,1445072,M-39,MCNICHOLS,2018-08-09,9,8,2018,10,5,1,3,,1,0,Concrete,1,1,1,55,3,1,2,5,0,0,0,0,true,false,false,false,false,false,false,false,false,false,false,false,false,false,false,false,false,false,false,false,false,false,-83.21872,42.41411,"{
  ""coordinates"": [
    -8.321872302917920e+01,
    4.241411112240570e+01
  ],
  ""type"": ""Point""
}","{
  ""coordinates"": [
    -83.218723029,
    42.414111122
  ],
  ""type"": ""Point""
}",-83.218723029,42.4141111220001
12375,1446291,STATE FAIR,DRESDEN,2018-08-09,9,8,2018,7,5,4,9,,4,0,Asphalt,1,1,1,30,2,2,1,5,0,0,0,0,true,false,false,false,true,false,false,false,false,false,false,false,false,false,false,false,false,false,false,false,false,false,-83.00002,42.44182,"{
  ""coordinates"": [
    -8.300002349857650e+01,
    4.244181783814000e+01
  ],
  ""type"": ""Point""
}","{
  ""coordinates"": [
    -83.000023499,
    42.441817838
  ],
  ""type"": ""Point""
}",-83.000023499,42.4418178380001
12376,1446257,N I 75,LIVERNOIS,2018-08-09,9,8,2018,13,5,97,1,,1,0,Concrete,1,1,1,25,3,2,2,5,0,0,0,0,true,false,false,false,false,false,false,false,false,false,false,false,false,false,false,false,false,false,false,false,false,false,-83.10416,42.30755,"{
  ""coordinates"": [
    -8.310416493224540e+01,
    4.230754820968110e+01
  ],
  ""type"": ""Point""
}","{
  ""coordinates"": [
    -83.104164932,
    42.30754821
  ],
  ""type"": ""Point""
}",-83.1041649319999,42.30754821
12377,1445064,I-94,BRUSH,2018-08-09,9,8,2018,4,5,1,1,,1,1,Asphalt,1,1,4,55,3,1,1,5,0,0,0,0,true,false,false,false,false,false,false,false,false,false,false,false,false,false,false,false,false,false,false,false,false,false,-83.06462,42.36557,"{
  ""coordinates"": [
    -8.306462185122540e+01,
    4.236557067233660e+01
  ],
  ""type"": ""Point""
}","{
  ""coordinates"": [
    -83.064621851,
    42.365570672
  ],
  ""type"": ""Point""
}",-83.064621851,42.365570672
12378,1444227,MOON,CHESTER,2018-08-09,9,8,2018,,5,1,9,,,1,,1,1,4,25,2,1,0,5,0,0,0,0,true,false,false,false,true,false,false,false,false,false,false,false,false,false,false,false,false,false,false,false,false,false,-82.92351,42.42145,"{
  ""coordinates"": [
    -8.292351058993250e+01,
    4.242144774805010e+01
  ],
  ""type"": ""Point""
}","{
  ""coordinates"": [
    -82.92351059,
    42.421447748
  ],
  ""type"": ""Point""
}",-82.92351059,42.421447748
12379,1446220,W I 94,RAMP 220F,2018-08-09,9,8,2018,16,5,5,1,,1,0,Asphalt,1,1,1,55,3,2,2,5,0,0,0,0,true,false,false,false,false,false,false,false,false,false,false,false,false,false,false,true,false,false,false,false,false,false,-82.9856,42.39793,"{
  ""coordinates"": [
    -8.298560401519450e+01,
    4.239792884065940e+01
  ],
  ""type"": ""Point""
}","{
  ""coordinates"": [
    -82.985604015,
    42.397928841
  ],
  ""type"": ""Point""
}",-82.985604015,42.3979288410001
12380,1445115,CHICAGO,2ND,2018-08-09,9,8,2018,13,5,8,9,,4,0,Asphalt,1,1,1,25,2,2,2,5,0,0,0,0,true,false,false,false,false,false,false,false,false,false,true,false,false,false,true,false,false,false,false,false,false,false,-83.08687,42.38529,"{
  ""coordinates"": [
    -8.308686815026719e+01,
    4.238529355841940e+01
  ],
  ""type"": ""Point""
}","{
  ""coordinates"": [
    -83.08686815,
    42.385293558
  ],
  ""type"": ""Point""
}",-83.08686815,42.3852935580001
12381,1445094,MACK,CONNER,2018-08-09,9,8,2018,22,5,97,9,,4,0,Asphalt,1,2,4,30,4,3,3,3,0,0,1,1,false,false,false,false,false,true,true,false,false,false,false,false,false,false,false,true,false,false,false,false,false,false,-82.9731,42.38237,"{
  ""coordinates"": [
    -8.297310150545360e+01,
    4.238236798007360e+01
  ],
  ""type"": ""Point""
}","{
  ""coordinates"": [
    -82.973101505,
    42.38236798
  ],
  ""type"": ""Point""
}",-82.973101505,42.38236798
12382,1445089,MCGRAW,CENTRAL,2018-08-09,9,8,2018,8,5,5,9,,4,0,Asphalt,1,1,1,30,6,2,2,5,0,0,0,0,true,false,false,false,true,false,false,false,false,false,false,false,false,false,false,true,false,false,false,false,false,false,-83.14098,42.33541,"{
  ""coordinates"": [
    -8.314097822647329e+01,
    4.233541225310390e+01
  ],
  ""type"": ""Point""
}","{
  ""coordinates"": [
    -83.140978226,
    42.335412253
  ],
  ""type"": ""Point""
}",-83.140978226,42.3354122530001
12383,1445108,HUNNINGTON,7 MILE,2018-08-09,9,8,2018,18,5,1,9,,,0,,2,2,1,25,4,2,2,3,0,0,1,0,false,false,false,false,false,false,false,false,false,false,false,false,false,true,false,false,false,false,false,false,true,false,-83.23337,42.43,"{
  ""coordinates"": [
    -8.323337029667439e+01,
    4.243000445120200e+01
  ],
  ""type"": ""Point""
}","{
  ""coordinates"": [
    -83.233370297,
    42.430004451
  ],
  ""type"": ""Point""
}",-83.233370297,42.4300044510001
12384,1446275,HAYES,MOGUL,2018-08-09,9,8,2018,8,5,97,9,,4,0,Asphalt,1,1,1,30,2,2,2,4,0,0,0,1,false,false,false,false,false,false,false,false,false,false,false,false,false,false,false,false,false,false,false,false,false,false,-82.96489,42.41747,"{
  ""coordinates"": [
    -8.296489316759630e+01,
    4.241746977376630e+01
  ],
  ""type"": ""Point""
}","{
  ""coordinates"": [
    -82.964893168,
    42.417469774
  ],
  ""type"": ""Point""
}",-82.9648931679999,42.417469774
12385,1447893,MANOR,PEMBROKE,2018-08-09,9,8,2018,10,5,8,9,,,0,,1,1,1,25,1,2,5,5,0,0,0,0,true,true,false,false,false,false,false,false,false,false,false,false,false,false,false,false,false,false,false,false,false,false,-83.1699,42.43872,"{
  ""coordinates"": [
    -8.316989560748721e+01,
    4.243871812918050e+01
  ],
  ""type"": ""Point""
}","{
  ""coordinates"": [
    -83.169895607,
    42.438718129
  ],
  ""type"": ""Point""
}",-83.1698956069999,42.4387181290001
12386,1447042,DAVISON,LINWOOD,2018-08-09,9,8,2018,16,5,5,3,,1,0,Asphalt,1,1,1,35,6,2,2,5,0,0,0,0,true,false,false,false,false,false,false,false,false,false,false,true,false,true,false,false,false,false,false,false,false,false,-83.12122,42.39332,"{
  ""coordinates"": [
    -8.312121485623361e+01,
    4.239332161604490e+01
  ],
  ""type"": ""Point""
}","{
  ""coordinates"": [
    -83.121214856,
    42.393321616
  ],
  ""type"": ""Point""
}",-83.1212148559999,42.393321616
12387,1447813,I-75,DAVISON,2018-08-09,9,8,2018,19,5,5,1,,1,0,Asphalt,1,1,1,70,4,2,4,3,0,0,1,0,false,false,false,false,true,false,false,true,false,true,false,false,false,false,false,false,false,false,false,false,false,false,-83.07999,42.40915,"{
  ""coordinates"": [
    -8.307999257498381e+01,
    4.240915131779750e+01
  ],
  ""type"": ""Point""
}","{
  ""coordinates"": [
    -83.079992575,
    42.409151318
  ],
  ""type"": ""Point""
}",-83.0799925749999,42.4091513180001
12388,1445111,PILGRIM,PLAINVIEW,2018-08-09,9,8,2018,11,5,4,9,,,0,,1,1,1,25,1,2,1,5,0,0,0,0,true,false,false,false,true,false,false,false,false,false,false,false,false,false,false,false,false,false,false,false,false,false,-83.23643,42.40611,"{
  ""coordinates"": [
    -8.323642531963660e+01,
    4.240610761249990e+01
  ],
  ""type"": ""Point""
}","{
  ""coordinates"": [
    -83.23642532,
    42.406107612
  ],
  ""type"": ""Point""
}",-83.23642532,42.406107612
12389,1446280,7 MILE,HAYES,2018-08-09,9,8,2018,19,5,97,9,,2,0,Asphalt,1,1,1,35,8,3,7,1,1,0,0,2,false,false,false,false,false,true,false,false,false,false,false,false,false,false,false,false,false,false,false,false,false,false,-82.96544,42.43542,"{
  ""coordinates"": [
    -8.296543935971209e+01,
    4.243542407044440e+01
  ],
  ""type"": ""Point""
}","{
  ""coordinates"": [
    -82.96543936,
    42.43542407
  ],
  ""type"": ""Point""
}",-82.9654393599999,42.4354240700001
12390,1447804,I94,FRENCH,2018-08-09,9,8,2018,17,5,5,1,,1,0,Asphalt,1,2,1,55,3,2,1,5,0,0,0,0,true,false,false,false,true,false,false,false,false,false,false,false,false,false,false,false,false,false,false,false,false,false,-82.99778,42.3921,"{
  ""coordinates"": [
    -8.299778315078289e+01,
    4.239209812949610e+01
  ],
  ""type"": ""Point""
}","{
  ""coordinates"": [
    -82.997783151,
    42.392098129
  ],
  ""type"": ""Point""
}",-82.997783151,42.392098129
12391,1445101,PURITAN,S M 39,2018-08-09,9,8,2018,16,5,97,9,,1,0,Asphalt,1,1,1,55,3,1,1,5,0,0,0,0,true,false,false,false,false,false,false,false,false,false,false,false,false,false,false,false,false,false,false,false,false,false,-83.21872,42.40847,"{
  ""coordinates"": [
    -8.321872208527680e+01,
    4.240847186205760e+01
  ],
  ""type"": ""Point""
}","{
  ""coordinates"": [
    -83.218722085,
    42.408471862
  ],
  ""type"": ""Point""
}",-83.218722085,42.4084718620001
12392,1445075,MACKENZIE,LIVERNOIS,2018-08-09,9,8,2018,3,5,10,9,,,0,,1,1,1,25,2,2,2,5,0,0,0,0,true,false,false,false,false,false,false,false,false,false,false,false,false,true,false,false,false,false,false,false,false,false,-83.13834,42.35708,"{
  ""coordinates"": [
    -8.313834579312319e+01,
    4.235708082167910e+01
  ],
  ""type"": ""Point""
}","{
  ""coordinates"": [
    -83.138345793,
    42.357080822
  ],
  ""type"": ""Point""
}",-83.138345793,42.3570808220001
12393,1446250,MILWAUKEE,S M 10,2018-08-09,9,8,2018,20,5,4,3,,4,0,Asphalt,2,1,1,,2,2,3,5,0,0,0,0,true,false,false,false,false,false,false,false,false,false,false,false,false,true,true,false,false,false,false,false,false,false,-83.08106,42.36592,"{
  ""coordinates"": [
    -8.308106526873959e+01,
    4.236591897664830e+01
  ],
  ""type"": ""Point""
}","{
  ""coordinates"": [
    -83.081065269,
    42.365918977
  ],
  ""type"": ""Point""
}",-83.081065269,42.365918977
12394,1445095,FORD,SOUTHFIELD,2018-08-09,9,8,2018,14,5,5,3,,1,0,Asphalt,1,1,1,50,4,2,4,4,0,0,0,4,false,false,false,false,false,false,false,false,false,false,false,false,false,false,false,false,false,false,false,false,false,false,-83.21729,42.32907,"{
  ""coordinates"": [
    -8.321728701548520e+01,
    4.232907426589490e+01
  ],
  ""type"": ""Point""
}","{
  ""coordinates"": [
    -83.217287015,
    42.329074266
  ],
  ""type"": ""Point""
}",-83.217287015,42.3290742660001
12395,1448684,KERCHEVAL,VAN DYKE,2018-08-09,9,8,2018,11,5,9,9,,4,0,Asphalt,1,1,1,,4,2,2,5,0,0,0,0,true,false,false,false,true,false,false,false,false,false,false,false,false,false,false,false,false,false,false,false,false,false,-83.00002,42.35835,"{
  ""coordinates"": [
    -8.300001861722210e+01,
    4.235834867180720e+01
  ],
  ""type"": ""Point""
}","{
  ""coordinates"": [
    -83.000018617,
    42.358348672
  ],
  ""type"": ""Point""
}",-83.000018617,42.358348672
12396,1446274,VAN DYKE,W I 94,2018-08-09,9,8,2018,21,5,5,3,,1,0,Asphalt,1,1,4,30,4,3,2,5,0,0,0,0,true,false,false,false,true,false,false,false,false,false,false,false,false,false,false,false,false,false,false,false,false,false,-83.02013,42.38621,"{
  ""coordinates"": [
    -8.302012863878490e+01,
    4.238621252116220e+01
  ],
  ""type"": ""Point""
}","{
  ""coordinates"": [
    -83.020128639,
    42.386212521
  ],
  ""type"": ""Point""
}",-83.0201286389999,42.3862125210001
12397,1446202,I-96 E/B,LIVERNOIS,2018-08-09,9,8,2018,20,5,97,1,,1,0,Asphalt,2,2,1,70,4,2,4,4,0,0,0,2,false,false,false,false,false,false,false,false,false,true,false,false,false,false,false,false,false,false,false,false,false,false,-83.14301,42.36892,"{
  ""coordinates"": [
    -8.314300413782240e+01,
    4.236891792583500e+01
  ],
  ""type"": ""Point""
}","{
  ""coordinates"": [
    -83.143004138,
    42.368917926
  ],
  ""type"": ""Point""
}",-83.143004138,42.3689179260001
12398,1445087,FLORIDA,KIRKWOOD,2018-08-09,9,8,2018,9,5,1,9,,,0,,1,1,1,25,1,1,1,5,0,0,0,0,true,false,false,false,false,false,false,false,false,false,false,false,false,false,false,false,false,false,false,false,false,false,-83.14275,42.33957,"{
  ""coordinates"": [
    -8.314275339906310e+01,
    4.233957264006560e+01
  ],
  ""type"": ""Point""
}","{
  ""coordinates"": [
    -83.142753399,
    42.33957264
  ],
  ""type"": ""Point""
}",-83.142753399,42.33957264
12399,1446297,CONNER,GRATIOT,2018-08-09,9,8,2018,6,5,4,3,,4,0,Asphalt,1,1,1,35,5,2,1,5,0,0,0,0,true,false,false,false,true,false,false,false,false,false,false,false,false,false,false,false,false,false,false,false,false,false,-82.99754,42.40493,"{
  ""coordinates"": [
    -8.299753307297060e+01,
    4.240493185368080e+01
  ],
  ""type"": ""Point""
}","{
  ""coordinates"": [
    -82.997533073,
    42.404931854
  ],
  ""type"": ""Point""
}",-82.9975330729999,42.404931854
12400,1445073,FORT,DEARBORN,2018-08-09,9,8,2018,10,5,8,3,,1,0,Asphalt,1,1,1,30,5,2,2,5,0,0,0,0,true,false,false,false,true,false,false,false,false,false,false,false,false,false,false,false,false,false,false,false,false,false,-83.13645,42.29367,"{
  ""coordinates"": [
    -8.313644850055580e+01,
    4.229366542189220e+01
  ],
  ""type"": ""Point""
}","{
  ""coordinates"": [
    -83.136448501,
    42.293665422
  ],
  ""type"": ""Point""
}",-83.136448501,42.2936654220001
12401,1446212,S M 10,RAMP 108B,2018-08-09,9,8,2018,15,5,8,3,,1,0,Concrete,1,1,1,55,3,2,3,3,0,0,1,0,false,false,false,false,false,false,false,false,false,false,false,false,false,false,false,false,false,false,false,false,false,false,-83.12134,42.40461,"{
  ""coordinates"": [
    -8.312133858281121e+01,
    4.240460647116830e+01
  ],
  ""type"": ""Point""
}","{
  ""coordinates"": [
    -83.121338583,
    42.404606471
  ],
  ""type"": ""Point""
}",-83.121338583,42.4046064710001
12402,1445117,REVERE,7 MILE,2018-08-09,9,8,2018,8,5,98,9,,,0,,98,98,3,30,3,2,0,5,0,0,0,0,true,false,false,false,true,false,false,false,false,false,false,false,false,false,false,false,false,false,false,false,false,false,-83.0682,42.43322,"{
  ""coordinates"": [
    -8.306819896349890e+01,
    4.243322072785530e+01
  ],
  ""type"": ""Point""
}","{
  ""coordinates"": [
    -83.068198963,
    42.433220728
  ],
  ""type"": ""Point""
}",-83.068198963,42.433220728
12403,1445080,ROSA PARKS,N I 75,2018-08-09,9,8,2018,11,5,4,9,,4,0,Concrete,1,1,1,30,3,2,2,5,0,0,0,0,true,false,true,true,false,false,false,false,false,false,false,false,false,false,true,false,false,false,false,false,false,false,-83.07308,42.33325,"{
  ""coordinates"": [
    -8.307308137624420e+01,
    4.233324887444490e+01
  ],
  ""type"": ""Point""
}","{
  ""coordinates"": [
    -83.073081376,
    42.333248874
  ],
  ""type"": ""Point""
}",-83.0730813759999,42.333248874
12404,1445069,M 39,PLYMOUTH,2018-08-08,8,8,2018,15,4,8,3,,1,0,Asphalt,1,1,1,55,3,2,2,5,0,0,0,0,true,false,false,false,false,false,false,false,false,false,false,false,false,false,false,false,false,false,false,false,false,false,-83.21674,42.3717,"{
  ""coordinates"": [
    -8.321674428741970e+01,
    4.237169921843760e+01
  ],
  ""type"": ""Point""
}","{
  ""coordinates"": [
    -83.216744287,
    42.371699218
  ],
  ""type"": ""Point""
}",-83.216744287,42.3716992180001
12405,1447895,7 MILE,GREENFIELD,2018-08-08,8,8,2018,16,4,5,9,,2,0,Asphalt,1,1,1,40,5,2,1,5,0,0,0,0,true,false,false,false,true,false,false,false,false,false,false,false,false,false,false,false,false,false,false,false,false,false,-83.1997,42.43043,"{
  ""coordinates"": [
    -8.319969602462081e+01,
    4.243042616177970e+01
  ],
  ""type"": ""Point""
}","{
  ""coordinates"": [
    -83.199696025,
    42.430426162
  ],
  ""type"": ""Point""
}",-83.199696025,42.4304261620001
12406,1444231,GRATIOT,VERNOR,2018-08-08,8,8,2018,18,4,4,1,,1,0,Concrete,1,1,1,35,3,2,3,4,0,0,0,2,false,false,true,true,false,false,false,false,false,false,false,false,false,false,false,false,false,false,false,false,false,false,-83.1278,42.29303,"{
  ""coordinates"": [
    -8.312780120417909e+01,
    4.229303412845580e+01
  ],
  ""type"": ""Point""
}","{
  ""coordinates"": [
    -83.127801204,
    42.293034128
  ],
  ""type"": ""Point""
}",-83.127801204,42.293034128
12407,1567136,ASHTON,BELTON,2018-08-08,8,8,2018,8,4,4,9,,,0,,1,1,1,,4,2,3,5,0,0,0,0,true,false,false,false,false,false,false,false,false,false,false,false,false,false,false,false,false,false,false,false,false,false,-83.21751,42.35241,"{
  ""coordinates"": [
    -8.321750859792260e+01,
    4.235240790294670e+01
  ],
  ""type"": ""Point""
}","{
  ""coordinates"": [
    -83.217508598,
    42.352407903
  ],
  ""type"": ""Point""
}",-83.2175085979999,42.352407903
12408,1444232,PREVOST,7 MILE,2018-08-08,8,8,2018,2,4,8,9,,,3,,1,1,4,25,2,2,1,4,0,0,0,1,false,false,false,false,true,false,false,true,false,false,false,false,false,false,false,false,false,false,false,false,false,false,-83.2042,42.43048,"{
  ""coordinates"": [
    -8.320420295910060e+01,
    4.243048212563830e+01
  ],
  ""type"": ""Point""
}","{
  ""coordinates"": [
    -83.204202959,
    42.430482126
  ],
  ""type"": ""Point""
}",-83.204202959,42.4304821260001
12409,1447853,ELMIRA,VAUGHAN,2018-08-08,8,8,2018,2,4,1,9,,,0,,1,1,4,25,2,2,0,3,0,0,1,0,false,false,false,false,true,false,false,false,false,false,false,false,true,false,false,false,false,false,false,false,false,false,-83.23724,42.36954,"{
  ""coordinates"": [
    -8.323724285306611e+01,
    4.236954062363910e+01
  ],
  ""type"": ""Point""
}","{
  ""coordinates"": [
    -83.237242853,
    42.369540624
  ],
  ""type"": ""Point""
}",-83.2372428529999,42.3695406240001
12410,1453299,MCNICHOLS,LASALLE,2018-08-08,8,8,2018,6,4,97,9,,4,0,Asphalt,1,1,1,30,2,2,3,5,0,0,0,0,true,false,false,false,false,false,false,false,false,false,false,false,false,false,false,false,false,false,false,false,false,false,-83.12592,42.4174,"{
  ""coordinates"": [
    -8.312592455295410e+01,
    4.241739524241760e+01
  ],
  ""type"": ""Point""
}","{
  ""coordinates"": [
    -83.125924553,
    42.417395242
  ],
  ""type"": ""Point""
}",-83.1259245529999,42.4173952420001
12411,1462547,MORANG,ROSSITER,2018-08-08,8,8,2018,22,4,5,9,,4,0,Asphalt,1,1,5,35,2,2,2,5,0,0,0,0,true,false,false,false,false,false,false,false,false,false,false,false,false,false,false,false,false,false,false,true,false,false,-82.94867,42.42558,"{
  ""coordinates"": [
    -8.294866734387450e+01,
    4.242557790586080e+01
  ],
  ""type"": ""Point""
}","{
  ""coordinates"": [
    -82.948667344,
    42.425577906
  ],
  ""type"": ""Point""
}",-82.9486673439999,42.4255779060001
12412,1448650,I-75,WOODWARD,2018-08-08,8,8,2018,6,4,97,1,,1,0,Concrete,1,1,2,55,4,1,1,5,0,0,0,0,true,false,false,false,false,false,false,false,false,false,false,false,false,false,false,true,false,false,false,false,false,false,-83.05112,42.34056,"{
  ""coordinates"": [
    -8.305111837334020e+01,
    4.234055614145500e+01
  ],
  ""type"": ""Point""
}","{
  ""coordinates"": [
    -83.051118373,
    42.340556141
  ],
  ""type"": ""Point""
}",-83.051118373,42.340556141
12413,1445099,WHITLOCK,VAUGHN,2018-08-08,8,8,2018,20,4,10,9,,,0,,1,2,3,25,2,2,4,5,0,0,0,0,true,false,false,false,false,false,false,false,false,false,false,false,false,true,false,false,false,false,false,false,false,false,-83.23653,42.33947,"{
  ""coordinates"": [
    -8.323652787909479e+01,
    4.233946770376600e+01
  ],
  ""type"": ""Point""
}","{
  ""coordinates"": [
    -83.236527879,
    42.339467704
  ],
  ""type"": ""Point""
}",-83.2365278789999,42.3394677040001