ObjectId,Crash ID,Primary Road,Intersecting Road,Crash Date,Day,Month,Year,Hour,Weekday,Crash Type Code,Highway Classification Code,Community Code,Jurisdiction Code,Lane Departure Type Code,Surface Type,Road Condition,Weather Condition,Lighting Condition,Speed Limit,Lanes,Units,Occupants,Most Severe Injury,Fatal Injuries,Suspected Serious Injuries,Suspected Minor Injuries,Possible Injuries,Property Damage Only,Secondary Crash,Traffic Control,Red Light Run,Hit and Run,Alcohol,Drugs,Unbelted Person,Work Zone,Speeding Driver,Distracted Driver,Driveway,Pedestrian,Elderly Driver,Young Driver,Commercial Vehicle,Emergency Vehicles,Train,School Bus,Motorcycle,Bicycle,Deer,Longitude,Latitude,geom,geog,x,y
12414,1445092,ALTER,WARREN,2018-08-08,8,8,2018,3,4,1,9,,4,1,Asphalt,2,4,4,35,4,1,0,5,0,0,0,0,true,false,false,false,false,false,false,false,false,true,false,false,false,false,false,false,false,false,false,false,false,false,-82.9535,42.39587,"{
  ""coordinates"": [
    -8.295349813470790e+01,
    4.239586489975100e+01
  ],
  ""type"": ""Point""
}","{
  ""coordinates"": [
    -82.953498135,
    42.3958649
  ],
  ""type"": ""Point""
}",-82.953498135,42.3958649
12415,1446230,M 39,WARREN,2018-08-08,8,8,2018,17,4,5,3,,1,0,Asphalt,1,1,1,55,3,2,3,5,0,0,0,0,true,false,false,false,false,false,false,false,false,false,false,false,false,false,false,false,false,false,false,false,false,false,-83.21621,42.34255,"{
  ""coordinates"": [
    -8.321621123075100e+01,
    4.234254773730800e+01
  ],
  ""type"": ""Point""
}","{
  ""coordinates"": [
    -83.216211231,
    42.342547737
  ],
  ""type"": ""Point""
}",-83.216211231,42.3425477370001
12416,1452505,I-94,FRENCH,2018-08-08,8,8,2018,10,4,98,1,,1,0,Asphalt,1,1,1,55,3,2,2,4,0,0,0,1,false,false,false,false,false,false,false,false,false,true,false,false,false,true,false,false,false,false,false,false,false,false,-82.99548,42.39233,"{
  ""coordinates"": [
    -8.299548230704509e+01,
    4.239232891433900e+01
  ],
  ""type"": ""Point""
}","{
  ""coordinates"": [
    -82.995482307,
    42.392328914
  ],
  ""type"": ""Point""
}",-82.995482307,42.3923289140001
12417,1450406,M-10,6 MILE,2018-08-08,8,8,2018,7,4,8,3,,1,0,Concrete,1,1,1,55,3,2,2,4,0,0,0,1,false,false,false,false,false,false,false,false,false,false,false,false,false,false,false,false,false,false,false,false,false,false,-83.17785,42.42258,"{
  ""coordinates"": [
    -8.317784986960319e+01,
    4.242258444881840e+01
  ],
  ""type"": ""Point""
}","{
  ""coordinates"": [
    -83.17784987,
    42.422584449
  ],
  ""type"": ""Point""
}",-83.17784987,42.4225844490001
12418,1443343,CALDWELL,7 MILE,2018-08-08,8,8,2018,5,4,2,9,,,2,,1,1,4,,1,2,0,5,0,0,0,0,true,false,false,false,true,false,false,false,false,false,true,false,false,true,false,false,false,false,false,false,false,false,-83.04703,42.43356,"{
  ""coordinates"": [
    -8.304702977312409e+01,
    4.243356252629100e+01
  ],
  ""type"": ""Point""
}","{
  ""coordinates"": [
    -83.047029773,
    42.433562526
  ],
  ""type"": ""Point""
}",-83.047029773,42.4335625260001
12419,1445084,N I 75,MACK,2018-08-08,8,8,2018,16,4,8,1,,1,0,Concrete,1,1,1,30,6,2,2,5,0,0,0,0,true,false,false,false,false,false,false,false,false,false,false,false,false,false,false,false,false,false,false,false,false,false,-83.04784,42.35125,"{
  ""coordinates"": [
    -8.304784101800951e+01,
    4.235124788382990e+01
  ],
  ""type"": ""Point""
}","{
  ""coordinates"": [
    -83.047841018,
    42.351247884
  ],
  ""type"": ""Point""
}",-83.047841018,42.351247884
12420,1446295,CHRISTY,CONNER,2018-08-08,8,8,2018,5,4,98,9,,,3,,1,1,4,25,1,2,0,5,0,0,0,0,true,false,false,false,true,false,false,false,false,false,false,false,false,false,false,false,false,false,false,false,false,false,-83.00641,42.41216,"{
  ""coordinates"": [
    -8.300640690891750e+01,
    4.241216379798700e+01
  ],
  ""type"": ""Point""
}","{
  ""coordinates"": [
    -83.006406909,
    42.412163798
  ],
  ""type"": ""Point""
}",-83.006406909,42.4121637980001
12421,1445100,FORRER,WHITLOCK,2018-08-08,8,8,2018,10,4,9,9,,,2,,1,1,1,25,2,2,0,5,0,0,0,0,true,false,false,false,true,false,false,false,false,false,false,false,false,false,false,false,false,false,false,false,false,false,-83.19977,42.33987,"{
  ""coordinates"": [
    -8.319976914586580e+01,
    4.233986578174810e+01
  ],
  ""type"": ""Point""
}","{
  ""coordinates"": [
    -83.199769146,
    42.339865782
  ],
  ""type"": ""Point""
}",-83.1997691459999,42.3398657820001
12422,1444200,WASHINGTON,GRAND RIVER,2018-08-08,8,8,2018,14,4,8,9,,4,0,,1,1,1,25,2,2,3,5,0,0,0,0,true,false,false,false,false,false,false,false,false,false,false,false,false,false,false,false,false,false,false,false,false,false,-83.05119,42.33367,"{
  ""coordinates"": [
    -8.305119083703590e+01,
    4.233366947594060e+01
  ],
  ""type"": ""Point""
}","{
  ""coordinates"": [
    -83.051190837,
    42.333669476
  ],
  ""type"": ""Point""
}",-83.051190837,42.3336694760001
12423,1444246,CLARITA,OUTER,2018-08-08,8,8,2018,9,4,97,9,,,0,,1,1,1,35,2,2,2,5,0,0,0,0,true,false,false,false,false,false,false,false,false,false,false,false,false,true,false,false,false,false,false,false,false,false,-83.17553,42.42937,"{
  ""coordinates"": [
    -8.317552598053371e+01,
    4.242936928774160e+01
  ],
  ""type"": ""Point""
}","{
  ""coordinates"": [
    -83.175525981,
    42.429369288
  ],
  ""type"": ""Point""
}",-83.175525981,42.429369288
12424,1451507,OAKMAN,WOODROW WILSON,2018-08-08,8,8,2018,20,4,8,9,,4,0,Asphalt,1,1,2,,4,2,3,5,0,0,0,0,true,false,false,false,false,false,false,false,false,false,false,false,false,false,false,false,false,false,false,false,false,false,-83.11465,42.40214,"{
  ""coordinates"": [
    -8.311464952372340e+01,
    4.240214184723470e+01
  ],
  ""type"": ""Point""
}","{
  ""coordinates"": [
    -83.114649524,
    42.402141847
  ],
  ""type"": ""Point""
}",-83.114649524,42.4021418470001
12425,1453240,MEYERS,I 96 CD,2018-08-08,8,8,2018,18,4,8,9,,4,0,Concrete,1,1,1,35,4,2,2,5,0,0,0,0,true,false,false,false,false,false,false,false,false,false,false,false,false,false,false,false,false,false,false,false,false,false,-83.16861,42.38549,"{
  ""coordinates"": [
    -8.316861021285560e+01,
    4.238549255467120e+01
  ],
  ""type"": ""Point""
}","{
  ""coordinates"": [
    -83.168610213,
    42.385492555
  ],
  ""type"": ""Point""
}",-83.168610213,42.385492555
12426,1454145,CHENE,LARNED,2018-08-08,8,8,2018,14,4,9,9,,4,0,Asphalt,1,1,1,25,2,2,2,5,0,0,0,0,true,false,false,false,false,false,false,false,false,false,false,false,false,false,false,false,false,false,false,false,false,false,-83.02316,42.33904,"{
  ""coordinates"": [
    -8.302316544129501e+01,
    4.233903517689450e+01
  ],
  ""type"": ""Point""
}","{
  ""coordinates"": [
    -83.023165441,
    42.339035177
  ],
  ""type"": ""Point""
}",-83.0231654409999,42.339035177
12427,1446299,GRATIOT,STATEFAIR,2018-08-08,8,8,2018,7,4,5,3,,1,0,Asphalt,1,1,1,35,4,2,3,5,0,0,0,0,true,false,false,false,false,false,false,false,false,false,false,false,false,false,false,false,false,false,false,false,false,false,-82.97276,42.44256,"{
  ""coordinates"": [
    -8.297276667044370e+01,
    4.244256218366570e+01
  ],
  ""type"": ""Point""
}","{
  ""coordinates"": [
    -82.97276667,
    42.442562184
  ],
  ""type"": ""Point""
}",-82.9727666699999,42.4425621840001
12428,1445082,MACK,SAINT ANTOINE,2018-08-08,8,8,2018,10,4,5,9,,4,0,Asphalt,1,1,1,30,2,2,2,5,0,0,0,0,true,false,false,false,false,false,false,false,false,false,false,false,false,false,true,false,false,false,false,false,false,false,-83.05225,42.34963,"{
  ""coordinates"": [
    -8.305224646486040e+01,
    4.234962774586010e+01
  ],
  ""type"": ""Point""
}","{
  ""coordinates"": [
    -83.052246465,
    42.349627746
  ],
  ""type"": ""Point""
}",-83.0522464649999,42.3496277460001
12429,1447889,CAMBRIDGE,WARRINGTON,2018-08-08,8,8,2018,23,4,1,9,,,0,,1,1,4,25,4,2,1,3,0,0,1,0,false,false,false,false,true,false,false,false,false,false,false,false,false,false,false,false,false,false,false,false,true,false,-83.14024,42.43397,"{
  ""coordinates"": [
    -8.314023789769630e+01,
    4.243397205458040e+01
  ],
  ""type"": ""Point""
}","{
  ""coordinates"": [
    -83.140237898,
    42.433972055
  ],
  ""type"": ""Point""
}",-83.140237898,42.433972055
12430,1452487,I-94,GRAND RIVER,2018-08-08,8,8,2018,17,4,5,1,,1,0,Asphalt,1,1,1,55,3,2,2,5,0,0,0,0,true,false,false,false,false,false,false,false,false,false,false,false,false,false,true,false,false,false,false,false,false,false,-83.09538,42.35128,"{
  ""coordinates"": [
    -8.309538533113751e+01,
    4.235128370252610e+01
  ],
  ""type"": ""Point""
}","{
  ""coordinates"": [
    -83.095385331,
    42.351283703
  ],
  ""type"": ""Point""
}",-83.095385331,42.351283703
12431,1444239,RYAN,OUTER,2018-08-08,8,8,2018,10,4,4,9,,4,0,Asphalt,1,1,1,35,4,2,6,4,0,0,0,1,false,false,false,false,false,false,false,false,false,false,false,false,false,false,false,false,false,false,false,false,false,false,-83.06358,42.44073,"{
  ""coordinates"": [
    -8.306357582135570e+01,
    4.244073592947730e+01
  ],
  ""type"": ""Point""
}","{
  ""coordinates"": [
    -83.063575821,
    42.440735929
  ],
  ""type"": ""Point""
}",-83.063575821,42.440735929
12432,1444203,PURITAN,SCHAEFER,2018-08-08,8,8,2018,11,4,1,9,,4,0,Asphalt,1,1,1,30,2,1,1,5,0,0,0,0,true,true,false,false,false,false,false,false,false,false,false,true,false,false,true,false,false,false,false,false,false,false,-83.17936,42.40936,"{
  ""coordinates"": [
    -8.317936161703390e+01,
    4.240936278878040e+01
  ],
  ""type"": ""Point""
}","{
  ""coordinates"": [
    -83.179361617,
    42.409362789
  ],
  ""type"": ""Point""
}",-83.179361617,42.4093627890001
12433,1477876,GRAND RIVER,MIDDLE,2018-08-08,8,8,2018,22,4,97,3,,1,0,Asphalt,1,1,4,25,8,2,1,3,0,0,1,0,false,false,false,false,true,false,false,false,false,false,false,false,false,false,false,false,false,false,false,true,false,false,-83.05446,42.33457,"{
  ""coordinates"": [
    -8.305445957731190e+01,
    4.233456883382010e+01
  ],
  ""type"": ""Point""
}","{
  ""coordinates"": [
    -83.054459577,
    42.334568834
  ],
  ""type"": ""Point""
}",-83.054459577,42.334568834
12434,1445102,GRATIOT,BELVIDERE,2018-08-08,8,8,2018,16,4,4,3,,1,0,Asphalt,1,1,1,35,3,2,3,4,0,0,0,1,false,false,false,false,false,false,false,false,true,false,false,false,false,true,false,false,false,false,false,false,false,false,-83.00763,42.38951,"{
  ""coordinates"": [
    -8.300762949026480e+01,
    4.238950668429590e+01
  ],
  ""type"": ""Point""
}","{
  ""coordinates"": [
    -83.00762949,
    42.389506684
  ],
  ""type"": ""Point""
}",-83.0076294899999,42.389506684
12435,1446228,M-39,CHICAGO,2018-08-08,8,8,2018,0,4,5,3,,1,0,Asphalt,1,2,4,55,3,2,2,5,0,0,0,0,true,false,false,false,false,false,false,false,false,false,false,false,false,false,false,false,false,false,false,false,false,false,-83.21636,42.36381,"{
  ""coordinates"": [
    -8.321636533139960e+01,
    4.236380601861090e+01
  ],
  ""type"": ""Point""
}","{
  ""coordinates"": [
    -83.216365331,
    42.363806019
  ],
  ""type"": ""Point""
}",-83.216365331,42.363806019
12436,1447894,8 MILE,FERGUSON,2018-08-08,8,8,2018,14,4,5,3,,1,0,Asphalt,1,1,1,40,4,2,1,5,0,0,0,0,true,false,false,false,true,false,false,false,false,false,false,false,false,true,false,false,false,false,false,false,false,false,-83.21083,42.4444,"{
  ""coordinates"": [
    -8.321083394643550e+01,
    4.244439783277730e+01
  ],
  ""type"": ""Point""
}","{
  ""coordinates"": [
    -83.210833946,
    42.444397833
  ],
  ""type"": ""Point""
}",-83.210833946,42.444397833
12437,1445076,LAFAYETTE,SAINTE ANNE,2018-08-08,8,8,2018,16,4,8,9,,4,0,Asphalt,1,1,1,30,3,2,2,5,0,0,0,0,true,false,false,false,false,false,false,false,false,false,false,false,false,false,true,false,false,false,false,false,false,false,-83.07629,42.32007,"{
  ""coordinates"": [
    -8.307628606555190e+01,
    4.232006969593590e+01
  ],
  ""type"": ""Point""
}","{
  ""coordinates"": [
    -83.076286066,
    42.320069696
  ],
  ""type"": ""Point""
}",-83.076286066,42.3200696960001
12438,1446244,MILWAUKEE,S M 10,2018-08-08,8,8,2018,9,4,4,3,,4,0,Asphalt,1,1,1,,2,2,2,5,0,0,0,0,true,false,false,false,false,false,false,false,false,false,false,false,false,false,false,false,false,false,false,false,false,false,-83.08106,42.36592,"{
  ""coordinates"": [
    -8.308106526873959e+01,
    4.236591897664830e+01
  ],
  ""type"": ""Point""
}","{
  ""coordinates"": [
    -83.081065269,
    42.365918977
  ],
  ""type"": ""Point""
}",-83.081065269,42.365918977
12439,1444243,NEVADA,RYAN,2018-08-08,8,8,2018,22,4,1,9,,4,0,Asphalt,1,1,4,30,2,2,2,5,0,0,0,0,true,false,false,false,false,false,false,false,false,false,false,true,false,false,false,false,false,false,false,false,true,false,-83.06227,42.42591,"{
  ""coordinates"": [
    -8.306227370122620e+01,
    4.242591044639350e+01
  ],
  ""type"": ""Point""
}","{
  ""coordinates"": [
    -83.062273701,
    42.425910446
  ],
  ""type"": ""Point""
}",-83.062273701,42.425910446
12440,1444228,MOROSS,ROLANDALE,2018-08-08,8,8,2018,8,4,4,9,,2,0,Asphalt,1,1,1,35,2,2,2,2,0,2,0,0,false,false,true,false,false,false,false,false,false,false,false,false,false,false,false,false,false,false,false,false,false,false,-82.91985,42.42056,"{
  ""coordinates"": [
    -8.291985536686640e+01,
    4.242056131186110e+01
  ],
  ""type"": ""Point""
}","{
  ""coordinates"": [
    -82.919855367,
    42.420561312
  ],
  ""type"": ""Point""
}",-82.919855367,42.4205613120001
12441,1444233,7 MILE,KENTFIELD,2018-08-08,8,8,2018,13,4,5,9,,2,0,Asphalt,1,1,1,35,4,2,2,5,0,0,0,0,true,false,false,false,false,false,false,false,false,false,false,false,false,false,false,false,false,false,false,false,false,false,-83.2416,42.42951,"{
  ""coordinates"": [
    -8.324159913181531e+01,
    4.242950648604130e+01
  ],
  ""type"": ""Point""
}","{
  ""coordinates"": [
    -83.241599132,
    42.429506486
  ],
  ""type"": ""Point""
}",-83.241599132,42.429506486
12442,1477074,RAMP 220F,CONNER,2018-08-08,8,8,2018,14,4,5,1,,1,0,Asphalt,1,1,1,55,2,2,2,5,0,0,0,0,true,false,false,false,false,false,false,false,false,false,true,false,false,false,true,false,false,false,false,false,false,false,-82.98843,42.39684,"{
  ""coordinates"": [
    -8.298843585271500e+01,
    4.239684104372660e+01
  ],
  ""type"": ""Point""
}","{
  ""coordinates"": [
    -82.988435853,
    42.396841044
  ],
  ""type"": ""Point""
}",-82.9884358529999,42.396841044
12443,1447885,MUIRLAND,7 MILE,2018-08-08,8,8,2018,10,4,8,9,,,0,,1,1,1,25,1,2,1,5,0,0,0,0,true,false,false,false,false,false,false,false,false,false,false,false,false,false,false,true,false,false,false,false,false,false,-83.13475,42.43168,"{
  ""coordinates"": [
    -8.313475071623820e+01,
    4.243168235264730e+01
  ],
  ""type"": ""Point""
}","{
  ""coordinates"": [
    -83.134750716,
    42.431682353
  ],
  ""type"": ""Point""
}",-83.134750716,42.431682353
12444,1444215,BAGLEY,18TH,2018-08-08,8,8,2018,7,4,1,9,,4,1,Asphalt,1,2,1,,2,1,0,5,0,0,0,0,true,false,false,false,false,false,false,false,false,false,false,false,false,false,false,false,false,false,false,false,false,false,-83.0763,42.32597,"{
  ""coordinates"": [
    -8.307630116851780e+01,
    4.232597020697300e+01
  ],
  ""type"": ""Point""
}","{
  ""coordinates"": [
    -83.076301169,
    42.325970207
  ],
  ""type"": ""Point""
}",-83.076301169,42.3259702070001
12445,1444236,TELEGRAPH,8 MILE,2018-08-08,8,8,2018,11,4,5,2,,1,0,Concrete,1,1,1,45,2,2,2,5,0,0,0,0,true,true,false,false,false,false,false,false,false,false,false,false,false,true,true,false,false,false,false,false,false,false,-83.27856,42.44269,"{
  ""coordinates"": [
    -8.327856028191520e+01,
    4.244268744963490e+01
  ],
  ""type"": ""Point""
}","{
  ""coordinates"": [
    -83.278560282,
    42.44268745
  ],
  ""type"": ""Point""
}",-83.2785602819999,42.4426874500001
12446,1446210,I-94,MT ELLIOT,2018-08-08,8,8,2018,3,4,97,1,,1,0,Asphalt,2,2,4,55,3,3,4,4,0,0,0,1,false,false,false,false,false,false,false,false,false,true,false,false,false,false,false,false,false,false,false,false,false,false,-83.03117,42.38226,"{
  ""coordinates"": [
    -8.303117657359610e+01,
    4.238226333874980e+01
  ],
  ""type"": ""Point""
}","{
  ""coordinates"": [
    -83.031176574,
    42.382263339
  ],
  ""type"": ""Point""
}",-83.031176574,42.3822633390001
12447,1446229,I 94,TRUMBULL,2018-08-08,8,8,2018,16,4,5,1,,1,0,Asphalt,1,1,1,55,3,2,4,4,0,0,0,2,false,false,false,false,false,false,false,false,false,false,false,false,false,false,false,false,false,false,false,false,false,false,-83.07968,42.35723,"{
  ""coordinates"": [
    -8.307968436289750e+01,
    4.235722775237760e+01
  ],
  ""type"": ""Point""
}","{
  ""coordinates"": [
    -83.079684363,
    42.357227752
  ],
  ""type"": ""Point""
}",-83.079684363,42.357227752
12448,1447835,BAGLEY,8TH,2018-08-08,8,8,2018,22,4,98,9,,4,1,Asphalt,1,1,4,25,3,1,0,5,0,0,0,0,true,false,false,false,true,false,false,false,false,false,false,false,false,false,false,false,false,false,false,false,false,false,-83.06458,42.32991,"{
  ""coordinates"": [
    -8.306458093290090e+01,
    4.232991129766570e+01
  ],
  ""type"": ""Point""
}","{
  ""coordinates"": [
    -83.064580933,
    42.329911298
  ],
  ""type"": ""Point""
}",-83.0645809329999,42.3299112980001
12449,1444224,MICHIGAN,CASPER,2018-08-08,8,8,2018,15,4,5,2,,1,0,Asphalt,1,1,1,35,5,2,2,5,0,0,0,0,true,false,false,false,false,false,false,false,false,false,false,false,false,true,false,false,false,false,false,false,false,false,-83.13913,42.33115,"{
  ""coordinates"": [
    -8.313913292299000e+01,
    4.233115122525920e+01
  ],
  ""type"": ""Point""
}","{
  ""coordinates"": [
    -83.139132923,
    42.331151225
  ],
  ""type"": ""Point""
}",-83.139132923,42.331151225
12450,1448679,W I 96,OUTER,2018-08-08,8,8,2018,20,4,8,1,,1,0,Concrete,1,1,4,55,3,2,1,4,0,0,0,1,false,false,false,false,false,false,false,false,false,false,false,false,false,false,false,false,false,false,false,false,false,false,-83.2562,42.38562,"{
  ""coordinates"": [
    -8.325619169997130e+01,
    4.238561643021690e+01
  ],
  ""type"": ""Point""
}","{
  ""coordinates"": [
    -83.2561917,
    42.38561643
  ],
  ""type"": ""Point""
}",-83.2561917,42.38561643
12451,1444204,PLYMOUTH,HUBBELL,2018-08-08,8,8,2018,8,4,4,9,,4,0,Asphalt,1,1,1,30,2,2,2,4,0,0,0,2,false,false,true,true,false,false,false,false,false,false,false,false,false,false,false,false,false,false,false,false,false,false,-83.18777,42.37283,"{
  ""coordinates"": [
    -8.318777374547990e+01,
    4.237283243615190e+01
  ],
  ""type"": ""Point""
}","{
  ""coordinates"": [
    -83.187773745,
    42.372832436
  ],
  ""type"": ""Point""
}",-83.187773745,42.3728324360001
12452,1447039,WYOMING,DAVISON,2018-08-08,8,8,2018,0,4,2,9,,4,2,Asphalt,1,1,4,30,3,2,3,4,0,0,0,2,false,false,false,false,false,false,false,false,false,false,false,false,false,false,false,false,false,false,false,false,false,false,-83.159,42.38604,"{
  ""coordinates"": [
    -8.315899704612811e+01,
    4.238604126989170e+01
  ],
  ""type"": ""Point""
}","{
  ""coordinates"": [
    -83.158997046,
    42.38604127
  ],
  ""type"": ""Point""
}",-83.158997046,42.3860412700001
12453,1445067,I-94,LONYO,2018-08-08,8,8,2018,16,4,8,1,,1,0,Asphalt,1,1,1,55,3,2,2,5,0,0,0,0,true,false,false,false,false,false,false,false,false,false,false,false,false,false,false,true,false,false,false,false,false,false,-83.14487,42.33128,"{
  ""coordinates"": [
    -8.314486664671389e+01,
    4.233128401182560e+01
  ],
  ""type"": ""Point""
}","{
  ""coordinates"": [
    -83.144866647,
    42.331284012
  ],
  ""type"": ""Point""
}",-83.144866647,42.331284012
12454,1446205,M-39,PLYMOUTH,2018-08-08,8,8,2018,23,4,5,3,,1,0,Asphalt,1,1,4,55,3,2,2,5,0,0,0,0,true,false,false,false,false,false,false,false,true,false,false,false,false,false,true,false,false,false,false,false,false,false,-83.21656,42.3717,"{
  ""coordinates"": [
    -8.321656219102900e+01,
    4.237170245391760e+01
  ],
  ""type"": ""Point""
}","{
  ""coordinates"": [
    -83.216562191,
    42.371702454
  ],
  ""type"": ""Point""
}",-83.216562191,42.3717024540001
12455,1448674,FAUST,WARREN,2018-08-08,8,8,2018,16,4,8,9,,,0,,1,1,1,25,2,2,3,5,0,0,0,0,true,false,false,false,false,false,false,false,false,false,false,false,false,false,false,false,false,false,false,false,false,false,-83.22078,42.34293,"{
  ""coordinates"": [
    -8.322078269960770e+01,
    4.234293382860490e+01
  ],
  ""type"": ""Point""
}","{
  ""coordinates"": [
    -83.2207827,
    42.342933829
  ],
  ""type"": ""Point""
}",-83.2207827,42.3429338290001
12456,1448682,CHENE,LARNED,2018-08-08,8,8,2018,16,4,9,9,,4,0,Asphalt,1,1,1,30,2,2,2,5,0,0,0,0,true,false,false,false,false,false,false,false,false,false,false,false,false,false,false,false,false,false,false,false,false,false,-83.0232,42.33909,"{
  ""coordinates"": [
    -8.302319986742880e+01,
    4.233908723025760e+01
  ],
  ""type"": ""Point""
}","{
  ""coordinates"": [
    -83.023199867,
    42.33908723
  ],
  ""type"": ""Point""
}",-83.023199867,42.3390872300001
12457,1445097,JOY,GREENFIELD,2018-08-08,8,8,2018,18,4,3,9,,2,0,Asphalt,1,2,1,35,5,2,2,5,0,0,0,0,true,false,false,false,false,false,false,false,false,false,false,false,false,false,false,false,false,false,false,false,false,false,-83.197,42.35813,"{
  ""coordinates"": [
    -8.319699679163620e+01,
    4.235812925403600e+01
  ],
  ""type"": ""Point""
}","{
  ""coordinates"": [
    -83.196996792,
    42.358129254
  ],
  ""type"": ""Point""
}",-83.1969967919999,42.3581292540001
12458,1447004,96 SERVICE,FIELDING,2018-08-08,8,8,2018,8,4,1,9,,4,0,Asphalt,1,1,1,,2,2,1,5,0,0,0,0,true,false,false,false,true,false,false,false,false,false,false,false,false,false,false,false,false,false,false,false,true,false,-83.24192,42.38377,"{
  ""coordinates"": [
    -8.324191699185000e+01,
    4.238376576234560e+01
  ],
  ""type"": ""Point""
}","{
  ""coordinates"": [
    -83.241916992,
    42.383765762
  ],
  ""type"": ""Point""
}",-83.241916992,42.3837657620001
12459,1448647,E I 94,WARREN,2018-08-08,8,8,2018,12,4,8,1,,1,0,Asphalt,1,1,1,55,3,2,2,5,0,0,0,0,true,false,false,false,false,false,false,false,false,false,false,false,false,false,false,true,false,false,false,false,false,false,-83.11298,42.34468,"{
  ""coordinates"": [
    -8.311297276983331e+01,
    4.234467542795170e+01
  ],
  ""type"": ""Point""
}","{
  ""coordinates"": [
    -83.11297277,
    42.344675428
  ],
  ""type"": ""Point""
}",-83.1129727699999,42.3446754280001
12460,1443284,N/B I 75,SCHAEFER EXIT 029A,2018-08-08,8,8,2018,7,4,5,1,,1,0,Concrete,1,2,1,45,3,2,2,4,0,0,0,1,false,false,false,false,false,false,false,false,true,false,false,false,false,false,false,true,false,false,false,false,false,false,-83.16019,42.27547,"{
  ""coordinates"": [
    -8.316018806963589e+01,
    4.227547074167540e+01
  ],
  ""type"": ""Point""
}","{
  ""coordinates"": [
    -83.16018807,
    42.275470742
  ],
  ""type"": ""Point""
}",-83.1601880699999,42.275470742
12461,1445068,W I 96,BURT,2018-08-08,8,8,2018,17,4,5,1,,1,0,Concrete,1,1,1,70,3,3,3,5,0,0,0,0,true,false,false,false,false,false,false,false,false,false,false,false,false,false,false,false,false,false,false,false,false,false,-83.2461,42.38562,"{
  ""coordinates"": [
    -8.324610076880070e+01,
    4.238561560885860e+01
  ],
  ""type"": ""Point""
}","{
  ""coordinates"": [
    -83.246100769,
    42.385615609
  ],
  ""type"": ""Point""
}",-83.246100769,42.3856156090001
12462,1451545,LIVERNOIS,PURITAN,2018-08-08,8,8,2018,15,4,8,9,,4,0,Asphalt,1,1,1,30,6,2,7,5,0,0,0,0,true,false,false,false,false,false,false,false,false,true,false,false,false,true,false,true,false,false,false,false,false,false,-83.14042,42.40963,"{
  ""coordinates"": [
    -8.314042093362380e+01,
    4.240962976404040e+01
  ],
  ""type"": ""Point""
}","{
  ""coordinates"": [
    -83.140420934,
    42.409629764
  ],
  ""type"": ""Point""
}",-83.140420934,42.409629764
12463,1452493,I-75,LIVERNOIS,2018-08-08,8,8,2018,7,4,1,1,,1,0,Concrete,1,1,1,55,3,1,1,5,0,0,0,0,true,false,false,false,false,false,false,false,false,false,false,false,false,false,false,false,false,false,false,false,false,false,-83.08734,42.31487,"{
  ""coordinates"": [
    -8.308734111081139e+01,
    4.231487016476040e+01
  ],
  ""type"": ""Point""
}","{
  ""coordinates"": [
    -83.087341111,
    42.314870165
  ],
  ""type"": ""Point""
}",-83.0873411109999,42.3148701650001
12464,1446305,7 MILE,HUBBELL,2018-08-08,8,8,2018,17,4,5,9,,2,0,Asphalt,1,1,1,35,4,3,6,5,0,0,0,0,true,false,false,false,true,false,false,false,false,false,false,false,false,false,true,false,false,false,false,false,false,false,-83.18992,42.43073,"{
  ""coordinates"": [
    -8.318992082211589e+01,
    4.243072436305940e+01
  ],
  ""type"": ""Point""
}","{
  ""coordinates"": [
    -83.189920822,
    42.430724363
  ],
  ""type"": ""Point""
}",-83.189920822,42.430724363
12465,1445083,CASS,WARREN,2018-08-08,8,8,2018,12,4,8,9,,4,0,Asphalt,1,1,1,30,2,2,1,5,0,0,0,0,true,false,false,false,false,false,false,false,false,false,false,false,false,false,false,true,false,false,false,false,false,false,-83.06654,42.35579,"{
  ""coordinates"": [
    -8.306654534654881e+01,
    4.235578976228770e+01
  ],
  ""type"": ""Point""
}","{
  ""coordinates"": [
    -83.066545347,
    42.355789762
  ],
  ""type"": ""Point""
}",-83.066545347,42.355789762
12466,1446213,M10,CLAIRMOUNT,2018-08-08,8,8,2018,20,4,8,3,,1,0,Concrete,1,1,4,55,3,2,2,5,0,0,0,0,true,false,false,false,false,false,false,false,false,true,false,false,false,false,false,false,false,false,false,false,false,false,-83.08801,42.37648,"{
  ""coordinates"": [
    -8.308801478956551e+01,
    4.237647840402970e+01
  ],
  ""type"": ""Point""
}","{
  ""coordinates"": [
    -83.08801479,
    42.376478404
  ],
  ""type"": ""Point""
}",-83.08801479,42.3764784040001
12467,1449507,I-94,WAYNE,2018-08-08,8,8,2018,11,4,8,1,,1,0,Asphalt,1,1,1,55,4,2,3,5,0,0,0,0,true,false,false,false,false,false,false,false,false,false,false,false,false,false,false,true,false,false,false,false,false,false,-83.07824,42.35823,"{
  ""coordinates"": [
    -8.307823968652740e+01,
    4.235822489109270e+01
  ],
  ""type"": ""Point""
}","{
  ""coordinates"": [
    -83.078239687,
    42.358224891
  ],
  ""type"": ""Point""
}",-83.078239687,42.3582248910001
12468,1444240,DEQUINDRE,MCNICHOLS,2018-08-08,8,8,2018,11,4,4,9,,4,0,Asphalt,1,1,1,35,4,2,2,4,0,0,0,1,false,false,true,true,false,false,false,false,false,false,false,false,false,false,false,true,false,false,false,false,false,false,-83.08225,42.41843,"{
  ""coordinates"": [
    -8.308224994306750e+01,
    4.241843208708610e+01
  ],
  ""type"": ""Point""
}","{
  ""coordinates"": [
    -83.082249943,
    42.418432087
  ],
  ""type"": ""Point""
}",-83.082249943,42.418432087