ObjectId,Crash ID,Primary Road,Intersecting Road,Crash Date,Day,Month,Year,Hour,Weekday,Crash Type Code,Highway Classification Code,Community Code,Jurisdiction Code,Lane Departure Type Code,Surface Type,Road Condition,Weather Condition,Lighting Condition,Speed Limit,Lanes,Units,Occupants,Most Severe Injury,Fatal Injuries,Suspected Serious Injuries,Suspected Minor Injuries,Possible Injuries,Property Damage Only,Secondary Crash,Traffic Control,Red Light Run,Hit and Run,Alcohol,Drugs,Unbelted Person,Work Zone,Speeding Driver,Distracted Driver,Driveway,Pedestrian,Elderly Driver,Young Driver,Commercial Vehicle,Emergency Vehicles,Train,School Bus,Motorcycle,Bicycle,Deer,Longitude,Latitude,geom,geog,x,y
12469,1445109,SEVEN MILE,ST MARYS,2018-08-08,8,8,2018,18,4,3,9,,2,0,Asphalt,1,1,1,35,4,2,4,4,0,0,0,1,false,false,false,false,false,false,false,false,false,false,false,false,false,false,true,false,false,false,false,false,false,false,-83.20737,42.43031,"{
  ""coordinates"": [
    -8.320736375381099e+01,
    4.243031231710790e+01
  ],
  ""type"": ""Point""
}","{
  ""coordinates"": [
    -83.207363754,
    42.430312317
  ],
  ""type"": ""Point""
}",-83.207363754,42.4303123170001
12470,1459495,S M 10,GRAND RIVER,2018-08-07,7,8,2018,14,3,1,3,,1,0,Asphalt,1,1,1,25,4,2,2,5,0,0,0,0,true,false,false,false,true,false,false,false,false,false,false,false,false,false,false,false,false,false,false,false,true,false,-83.0665,42.33947,"{
  ""coordinates"": [
    -8.306650089577499e+01,
    4.233947517586560e+01
  ],
  ""type"": ""Point""
}","{
  ""coordinates"": [
    -83.066500896,
    42.339475176
  ],
  ""type"": ""Point""
}",-83.066500896,42.3394751760001
12471,1447846,PLYMOUTH,EVERGREEN,2018-08-07,7,8,2018,17,3,5,9,,4,0,Asphalt,1,1,1,35,5,2,5,5,0,0,0,0,true,false,false,false,false,false,false,false,false,false,false,false,false,false,false,false,false,false,false,false,false,false,-83.23631,42.37189,"{
  ""coordinates"": [
    -8.323630477066020e+01,
    4.237189016487300e+01
  ],
  ""type"": ""Point""
}","{
  ""coordinates"": [
    -83.236304771,
    42.371890165
  ],
  ""type"": ""Point""
}",-83.2363047709999,42.371890165
12472,1444190,I 75,MCNICHOLS,2018-08-07,7,8,2018,19,3,5,1,,1,0,Asphalt,1,2,1,55,3,2,2,5,0,0,0,0,true,false,false,false,false,false,false,false,false,false,true,false,false,false,false,false,false,false,false,false,false,false,-83.08877,42.41946,"{
  ""coordinates"": [
    -8.308876570520160e+01,
    4.241946578058440e+01
  ],
  ""type"": ""Point""
}","{
  ""coordinates"": [
    -83.088765705,
    42.419465781
  ],
  ""type"": ""Point""
}",-83.088765705,42.419465781
12473,1447836,CLINTON,RAYNOR,2018-08-07,7,8,2018,23,3,10,9,,4,3,Asphalt,1,1,4,25,2,2,1,5,0,0,0,0,true,false,false,false,false,false,false,false,false,false,false,false,false,false,false,false,false,false,false,false,false,false,-83.04263,42.33664,"{
  ""coordinates"": [
    -8.304262498551310e+01,
    4.233663670696620e+01
  ],
  ""type"": ""Point""
}","{
  ""coordinates"": [
    -83.042624986,
    42.336636707
  ],
  ""type"": ""Point""
}",-83.042624986,42.336636707
12474,1454129,S M 10,8 MILE,2018-08-07,7,8,2018,19,3,1,3,,1,1,Concrete,1,1,4,55,3,1,1,5,0,0,0,0,true,false,false,false,false,false,false,false,false,false,false,false,false,false,false,false,false,false,false,false,false,false,-83.20352,42.44466,"{
  ""coordinates"": [
    -8.320351850677220e+01,
    4.244465744522590e+01
  ],
  ""type"": ""Point""
}","{
  ""coordinates"": [
    -83.203518507,
    42.444657445
  ],
  ""type"": ""Point""
}",-83.203518507,42.4446574450001
12475,1446294,OUTER,WADE,2018-08-07,7,8,2018,18,3,4,9,,2,0,Asphalt,1,1,1,30,4,2,2,5,0,0,0,0,true,false,false,false,false,false,false,false,false,false,false,false,false,true,false,false,false,false,false,false,false,false,-82.96119,42.40854,"{
  ""coordinates"": [
    -8.296119137080730e+01,
    4.240853471311640e+01
  ],
  ""type"": ""Point""
}","{
  ""coordinates"": [
    -82.961191371,
    42.408534713
  ],
  ""type"": ""Point""
}",-82.961191371,42.4085347130001
12476,1446253,N M 10,GRAND,2018-08-07,7,8,2018,17,3,8,3,,1,0,Concrete,1,2,1,30,2,2,1,5,0,0,0,0,true,false,false,false,true,false,false,false,false,false,false,false,false,false,false,false,false,false,false,false,false,false,-83.08166,42.367,"{
  ""coordinates"": [
    -8.308165941198560e+01,
    4.236699940359140e+01
  ],
  ""type"": ""Point""
}","{
  ""coordinates"": [
    -83.081659412,
    42.366999404
  ],
  ""type"": ""Point""
}",-83.081659412,42.3669994040001
12477,1447845,S M 39 SERVICE DRIVE,WHITLOCK,2018-08-07,7,8,2018,14,3,5,9,,4,0,Asphalt,1,1,1,30,2,2,2,4,0,0,0,2,false,false,false,false,false,false,false,false,false,false,false,false,false,false,false,false,false,false,false,false,false,false,-83.21638,42.33978,"{
  ""coordinates"": [
    -8.321638436457380e+01,
    4.233978414785370e+01
  ],
  ""type"": ""Point""
}","{
  ""coordinates"": [
    -83.216384365,
    42.339784148
  ],
  ""type"": ""Point""
}",-83.216384365,42.339784148
12478,1446235,ALEXANDRINE,3RD,2018-08-07,7,8,2018,14,3,8,9,,,0,,1,2,1,20,2,2,2,5,0,0,0,0,true,false,false,false,false,false,false,false,false,false,true,false,false,false,true,false,false,false,false,false,false,false,-83.0667,42.34824,"{
  ""coordinates"": [
    -8.306670408562370e+01,
    4.234823467995880e+01
  ],
  ""type"": ""Point""
}","{
  ""coordinates"": [
    -83.066704086,
    42.34823468
  ],
  ""type"": ""Point""
}",-83.066704086,42.3482346800001
12479,1459480,BEACONSFIELD,COURVILLE,2018-08-07,7,8,2018,9,3,8,9,,,0,,1,1,1,25,2,2,0,5,0,0,0,0,true,false,false,false,true,false,false,false,false,false,false,false,false,false,false,false,false,false,false,false,false,false,-82.95234,42.41485,"{
  ""coordinates"": [
    -8.295233934865610e+01,
    4.241484940281900e+01
  ],
  ""type"": ""Point""
}","{
  ""coordinates"": [
    -82.952339349,
    42.414849403
  ],
  ""type"": ""Point""
}",-82.9523393489999,42.4148494030001
12480,1443327,TELEGRAPH,FRISBEE,2018-08-07,7,8,2018,18,3,5,2,,1,0,Asphalt,1,1,1,35,4,2,2,4,0,0,0,2,false,false,false,false,false,false,false,false,false,false,true,false,false,false,false,false,false,false,false,false,false,false,-83.27834,42.43509,"{
  ""coordinates"": [
    -8.327834690932370e+01,
    4.243508360407820e+01
  ],
  ""type"": ""Point""
}","{
  ""coordinates"": [
    -83.278346909,
    42.435083604
  ],
  ""type"": ""Point""
}",-83.2783469089999,42.4350836040001
12481,1448693,GRATIOT,STATE FAIR,2018-08-07,7,8,2018,13,3,4,3,,1,0,Asphalt,1,2,1,35,7,2,6,4,0,0,0,3,false,false,false,false,false,false,false,false,false,false,false,false,false,false,false,false,false,false,false,false,false,false,-82.97282,42.44249,"{
  ""coordinates"": [
    -8.297281831771279e+01,
    4.244248409714540e+01
  ],
  ""type"": ""Point""
}","{
  ""coordinates"": [
    -82.972818318,
    42.442484097
  ],
  ""type"": ""Point""
}",-82.972818318,42.442484097
12482,1444196,RANDOLPH,JEFFERSON,2018-08-07,7,8,2018,18,3,3,3,,1,0,Asphalt,1,1,1,30,4,2,3,3,0,0,1,0,false,false,false,false,false,false,false,false,false,false,false,false,false,false,false,false,false,false,false,false,false,false,-83.04218,42.32988,"{
  ""coordinates"": [
    -8.304217720808640e+01,
    4.232987722141760e+01
  ],
  ""type"": ""Point""
}","{
  ""coordinates"": [
    -83.042177208,
    42.329877221
  ],
  ""type"": ""Point""
}",-83.0421772079999,42.3298772210001
12483,1448694,GRATIOT,MAPLERIDGE,2018-08-07,7,8,2018,12,3,4,3,,1,0,Asphalt,1,1,1,35,4,2,1,5,0,0,0,0,true,false,false,false,true,false,false,false,false,false,false,false,false,false,false,false,false,false,false,true,false,false,-82.98186,42.42876,"{
  ""coordinates"": [
    -8.298186317443211e+01,
    4.242875782383380e+01
  ],
  ""type"": ""Point""
}","{
  ""coordinates"": [
    -82.981863174,
    42.428757824
  ],
  ""type"": ""Point""
}",-82.981863174,42.4287578240001
12484,1452503,W I 94,VAN DYKE,2018-08-07,7,8,2018,14,3,5,1,,1,0,Asphalt,1,2,1,55,3,3,3,4,0,0,0,2,false,false,false,false,false,false,false,false,false,false,false,false,false,false,false,true,false,false,false,false,false,false,-83.0193,42.3866,"{
  ""coordinates"": [
    -8.301929888486380e+01,
    4.238660085002660e+01
  ],
  ""type"": ""Point""
}","{
  ""coordinates"": [
    -83.019298885,
    42.38660085
  ],
  ""type"": ""Point""
}",-83.019298885,42.38660085
12485,1451508,EWALD,SAN JUAN,2018-08-07,7,8,2018,21,3,8,9,,4,0,Asphalt,1,2,4,25,2,2,1,5,0,0,0,0,true,false,false,false,false,false,false,false,false,false,false,false,false,false,false,false,false,false,false,true,false,false,-83.14497,42.38945,"{
  ""coordinates"": [
    -8.314496662987639e+01,
    4.238945074308940e+01
  ],
  ""type"": ""Point""
}","{
  ""coordinates"": [
    -83.14496663,
    42.389450743
  ],
  ""type"": ""Point""
}",-83.1449666299999,42.3894507430001
12486,1446991,TERRY,MACKENZIE,2018-08-07,7,8,2018,13,3,97,9,,,0,,1,1,1,25,3,2,0,5,0,0,0,0,true,false,false,false,true,false,false,false,false,false,false,false,false,false,false,false,false,false,false,false,false,false,-83.19051,42.35618,"{
  ""coordinates"": [
    -8.319051431720570e+01,
    4.235618196447530e+01
  ],
  ""type"": ""Point""
}","{
  ""coordinates"": [
    -83.190514317,
    42.356181964
  ],
  ""type"": ""Point""
}",-83.190514317,42.356181964
12487,1444238,OAKMAN,DAVISON,2018-08-07,7,8,2018,9,3,4,3,,4,0,Asphalt,1,1,1,35,4,2,3,5,0,0,0,0,true,false,false,false,false,false,false,false,false,false,false,false,false,false,true,false,false,false,false,false,false,false,-83.1442,42.38623,"{
  ""coordinates"": [
    -8.314420584702140e+01,
    4.238622590240770e+01
  ],
  ""type"": ""Point""
}","{
  ""coordinates"": [
    -83.144205847,
    42.386225902
  ],
  ""type"": ""Point""
}",-83.144205847,42.386225902
12488,1443265,M 10,ROSA PARKS,2018-08-07,7,8,2018,15,3,1,3,,1,1,Concrete,1,1,1,55,3,1,1,4,0,0,0,1,false,false,false,false,false,false,false,false,false,false,false,false,false,false,false,false,false,false,false,false,false,false,-83.11794,42.40325,"{
  ""coordinates"": [
    -8.311793405278540e+01,
    4.240324700640210e+01
  ],
  ""type"": ""Point""
}","{
  ""coordinates"": [
    -83.117934053,
    42.403247006
  ],
  ""type"": ""Point""
}",-83.1179340529999,42.4032470060001
12489,1446248,WOODWARD,MACK,2018-08-07,7,8,2018,15,3,4,3,,1,0,Asphalt,1,1,1,30,7,2,2,4,0,0,0,1,false,false,false,false,true,false,false,false,false,false,false,false,false,false,false,false,false,false,false,false,false,false,-83.05792,42.34745,"{
  ""coordinates"": [
    -8.305792553035700e+01,
    4.234745417522670e+01
  ],
  ""type"": ""Point""
}","{
  ""coordinates"": [
    -83.05792553,
    42.347454175
  ],
  ""type"": ""Point""
}",-83.05792553,42.3474541750001
12490,1448697,GRATIOT,PARK GROVE,2018-08-07,7,8,2018,12,3,10,3,,1,0,Asphalt,1,1,1,35,7,2,1,4,0,0,0,1,false,false,false,false,false,false,false,false,false,false,false,false,false,false,false,false,false,false,false,true,false,false,-82.98124,42.42971,"{
  ""coordinates"": [
    -8.298123620930060e+01,
    4.242970831839990e+01
  ],
  ""type"": ""Point""
}","{
  ""coordinates"": [
    -82.981236209,
    42.429708318
  ],
  ""type"": ""Point""
}",-82.981236209,42.4297083180001
12491,1447874,DAVISON,SANTA ROSA,2018-08-07,7,8,2018,12,3,8,3,,1,0,Concrete,1,1,1,35,5,2,3,5,0,0,0,0,true,false,false,false,false,false,false,false,false,false,false,false,false,true,true,false,false,false,false,false,false,false,-83.14153,42.38659,"{
  ""coordinates"": [
    -8.314152818043200e+01,
    4.238658532656240e+01
  ],
  ""type"": ""Point""
}","{
  ""coordinates"": [
    -83.14152818,
    42.386585327
  ],
  ""type"": ""Point""
}",-83.14152818,42.386585327
12492,1447040,ALLENDALE,IRONWOOD,2018-08-07,7,8,2018,21,3,5,9,,,0,,1,1,3,25,1,3,0,5,0,0,0,0,true,false,false,false,true,false,false,false,false,false,false,false,false,false,false,false,false,false,false,false,false,false,-83.1232,42.35473,"{
  ""coordinates"": [
    -8.312319974913910e+01,
    4.235473249369200e+01
  ],
  ""type"": ""Point""
}","{
  ""coordinates"": [
    -83.123199749,
    42.354732494
  ],
  ""type"": ""Point""
}",-83.123199749,42.3547324940001
12493,1470088,STATE FAIR,YACAMA,2018-08-07,7,8,2018,13,3,3,9,,4,0,Asphalt,1,1,1,25,2,2,3,2,0,1,0,0,false,false,false,false,false,false,false,false,false,false,false,false,false,false,false,false,false,false,false,false,false,false,-83.09692,42.4397,"{
  ""coordinates"": [
    -8.309691424753890e+01,
    4.243969542957880e+01
  ],
  ""type"": ""Point""
}","{
  ""coordinates"": [
    -83.096914248,
    42.43969543
  ],
  ""type"": ""Point""
}",-83.096914248,42.43969543
12494,1443335,EVERGREEN,CURTIS,2018-08-07,7,8,2018,0,3,9,9,,4,0,Asphalt,2,4,4,35,2,2,2,4,0,0,0,1,false,false,false,false,false,false,false,false,false,false,false,false,false,false,false,false,false,false,false,false,false,false,-83.23853,42.42228,"{
  ""coordinates"": [
    -8.323852225035520e+01,
    4.242227652386030e+01
  ],
  ""type"": ""Point""
}","{
  ""coordinates"": [
    -83.23852225,
    42.422276524
  ],
  ""type"": ""Point""
}",-83.23852225,42.422276524
12495,1443342,7 MILE,HULL,2018-08-07,7,8,2018,13,3,10,9,,4,0,Asphalt,1,2,1,35,2,2,3,5,0,0,0,0,true,false,false,false,false,false,false,false,false,false,false,false,false,false,false,true,false,false,false,false,false,false,-83.08888,42.43269,"{
  ""coordinates"": [
    -8.308887895788990e+01,
    4.243269397801960e+01
  ],
  ""type"": ""Point""
}","{
  ""coordinates"": [
    -83.088878958,
    42.432693978
  ],
  ""type"": ""Point""
}",-83.088878958,42.432693978
12496,1465998,WARREN,ASBURY,2018-08-07,7,8,2018,20,3,2,9,,2,0,Asphalt,2,4,4,35,4,2,2,4,0,0,0,1,false,false,false,false,true,false,false,false,false,false,false,true,false,false,false,false,false,false,false,false,false,false,-83.20557,42.34354,"{
  ""coordinates"": [
    -8.320556639067760e+01,
    4.234354203877650e+01
  ],
  ""type"": ""Point""
}","{
  ""coordinates"": [
    -83.205566391,
    42.343542039
  ],
  ""type"": ""Point""
}",-83.2055663909999,42.3435420390001
12497,1488784,W I 94,RAMP 217H,2018-08-07,7,8,2018,9,3,97,1,,1,0,Concrete,1,1,1,55,3,1,1,5,0,0,0,0,true,false,false,false,false,false,false,false,false,false,false,false,false,false,false,false,false,false,false,false,false,false,-83.04247,42.37588,"{
  ""coordinates"": [
    -8.304246711459611e+01,
    4.237587738598390e+01
  ],
  ""type"": ""Point""
}","{
  ""coordinates"": [
    -83.042467115,
    42.375877386
  ],
  ""type"": ""Point""
}",-83.042467115,42.3758773860001
12498,1485540,CHANDLER PRK,DICKERSON,2018-08-07,7,8,2018,15,3,10,9,,4,0,Asphalt,1,1,1,,2,2,2,5,0,0,0,0,true,false,false,false,false,false,false,false,false,false,false,false,false,false,false,false,false,false,false,false,false,false,-82.97073,42.39727,"{
  ""coordinates"": [
    -8.297073319679690e+01,
    4.239727071285140e+01
  ],
  ""type"": ""Point""
}","{
  ""coordinates"": [
    -82.970733197,
    42.397270713
  ],
  ""type"": ""Point""
}",-82.970733197,42.3972707130001
12499,1443318,WARREN,3 MILE,2018-08-07,7,8,2018,1,3,6,9,,4,0,Asphalt,2,4,3,30,4,2,2,5,0,0,0,0,true,false,false,false,false,false,false,false,false,true,false,false,false,false,true,false,false,false,false,false,false,false,-82.9399,42.40238,"{
  ""coordinates"": [
    -8.293990330776640e+01,
    4.240237981047470e+01
  ],
  ""type"": ""Point""
}","{
  ""coordinates"": [
    -82.939903308,
    42.40237981
  ],
  ""type"": ""Point""
}",-82.9399033079999,42.4023798100001
12500,1444210,DIX,WESTERN,2018-08-07,7,8,2018,18,3,5,9,,2,0,Asphalt,1,1,1,25,2,2,2,5,0,0,0,0,true,false,false,false,false,false,false,false,false,false,false,false,false,false,true,false,false,false,false,false,false,false,-83.14034,42.31174,"{
  ""coordinates"": [
    -8.314033562573979e+01,
    4.231173656695200e+01
  ],
  ""type"": ""Point""
}","{
  ""coordinates"": [
    -83.140335626,
    42.311736567
  ],
  ""type"": ""Point""
}",-83.140335626,42.311736567
12501,1444226,CHANDLER PARK,HEREFORD,2018-08-07,7,8,2018,19,3,4,9,,2,0,Asphalt,1,1,1,30,2,2,3,2,0,1,0,0,false,false,true,false,false,false,false,false,false,false,false,false,false,true,false,false,false,false,false,false,false,false,-82.92683,42.4132,"{
  ""coordinates"": [
    -8.292682906906610e+01,
    4.241320459144970e+01
  ],
  ""type"": ""Point""
}","{
  ""coordinates"": [
    -82.926829069,
    42.413204591
  ],
  ""type"": ""Point""
}",-82.926829069,42.4132045910001
12502,1443316,GRAND,LODGE SERVICE,2018-08-07,7,8,2018,12,3,8,9,,,0,,1,1,1,,2,2,3,5,0,0,0,0,true,false,false,false,false,false,false,true,false,false,false,false,false,false,false,false,false,false,false,false,false,false,-83.11033,42.39938,"{
  ""coordinates"": [
    -8.311033051628800e+01,
    4.239937831327700e+01
  ],
  ""type"": ""Point""
}","{
  ""coordinates"": [
    -83.110330516,
    42.399378313
  ],
  ""type"": ""Point""
}",-83.110330516,42.3993783130001
12503,1446251,GRAND RIVER,S I 75 SERVICE DRIVE,2018-08-07,7,8,2018,15,3,4,3,,1,0,Concrete,1,1,1,35,3,2,2,5,0,0,0,0,true,false,true,true,false,false,false,false,false,false,false,false,false,false,false,false,false,false,false,false,false,false,-83.05972,42.33672,"{
  ""coordinates"": [
    -8.305971523233420e+01,
    4.233672066266230e+01
  ],
  ""type"": ""Point""
}","{
  ""coordinates"": [
    -83.059715232,
    42.336720663
  ],
  ""type"": ""Point""
}",-83.059715232,42.3367206630001
12504,1443322,SHOEMAKER,FRENCH,2018-08-07,7,8,2018,3,3,4,9,,4,0,Asphalt,2,1,4,35,2,2,1,5,0,0,0,0,true,false,true,true,true,false,false,false,false,false,false,false,false,false,false,false,false,false,false,false,false,false,-82.99383,42.38941,"{
  ""coordinates"": [
    -8.299382589836000e+01,
    4.238940659543050e+01
  ],
  ""type"": ""Point""
}","{
  ""coordinates"": [
    -82.993825898,
    42.389406595
  ],
  ""type"": ""Point""
}",-82.993825898,42.389406595
12505,1442439,W I 94,CONNER,2018-08-07,7,8,2018,6,3,5,1,,1,0,Asphalt,1,2,2,55,3,2,2,5,0,0,0,0,true,false,false,false,false,false,false,false,false,false,true,false,false,false,false,false,false,false,false,false,false,false,-82.9879,42.39654,"{
  ""coordinates"": [
    -8.298790135564290e+01,
    4.239653793339880e+01
  ],
  ""type"": ""Point""
}","{
  ""coordinates"": [
    -82.987901356,
    42.396537933
  ],
  ""type"": ""Point""
}",-82.987901356,42.396537933
12506,1447892,GREENFIELD,FENKELL,2018-08-07,7,8,2018,11,3,8,9,,2,0,Asphalt,1,1,1,30,5,2,2,5,0,0,0,0,true,false,false,false,false,false,false,false,false,false,false,false,false,true,true,false,false,false,false,false,false,false,-83.19872,42.40191,"{
  ""coordinates"": [
    -8.319871582850020e+01,
    4.240191432151570e+01
  ],
  ""type"": ""Point""
}","{
  ""coordinates"": [
    -83.198715829,
    42.401914322
  ],
  ""type"": ""Point""
}",-83.198715829,42.401914322
12507,1444247,FREELAND,MCNICHOLS,2018-08-07,7,8,2018,21,3,8,9,,,0,,1,1,4,25,2,2,1,5,0,0,0,0,true,true,false,false,true,false,false,false,false,false,false,false,false,false,false,false,false,false,false,false,false,false,-83.18613,42.41647,"{
  ""coordinates"": [
    -8.318613449634930e+01,
    4.241646554202210e+01
  ],
  ""type"": ""Point""
}","{
  ""coordinates"": [
    -83.186134496,
    42.416465542
  ],
  ""type"": ""Point""
}",-83.186134496,42.416465542
12508,1444191,M 10,ELMHURST,2018-08-07,7,8,2018,15,3,1,9,,,1,,1,1,1,55,4,1,1,3,0,0,1,0,false,false,false,false,false,false,false,false,false,true,false,false,false,false,false,false,false,false,false,false,false,false,-83.10476,42.39077,"{
  ""coordinates"": [
    -8.310476006221060e+01,
    4.239076716124010e+01
  ],
  ""type"": ""Point""
}","{
  ""coordinates"": [
    -83.104760062,
    42.390767161
  ],
  ""type"": ""Point""
}",-83.104760062,42.390767161
12509,1443341,MONROE,RANDOLPH,2018-08-07,7,8,2018,13,3,5,9,,4,0,Asphalt,1,1,1,35,2,2,0,5,0,0,0,0,true,false,false,false,true,false,false,false,false,false,false,false,false,false,false,false,false,false,false,false,false,false,-83.04417,42.33424,"{
  ""coordinates"": [
    -8.304417643941100e+01,
    4.233423616842710e+01
  ],
  ""type"": ""Point""
}","{
  ""coordinates"": [
    -83.044176439,
    42.334236168
  ],
  ""type"": ""Point""
}",-83.044176439,42.3342361680001
12510,1447884,LIVERNOIS,S M 10,2018-08-07,7,8,2018,13,3,5,9,,4,0,Concrete,1,2,1,30,5,2,1,5,0,0,0,0,true,false,false,false,true,false,false,false,false,false,false,false,false,false,false,false,false,false,false,false,false,false,-83.14022,42.40467,"{
  ""coordinates"": [
    -8.314022272854810e+01,
    4.240467573619440e+01
  ],
  ""type"": ""Point""
}","{
  ""coordinates"": [
    -83.140222729,
    42.404675736
  ],
  ""type"": ""Point""
}",-83.140222729,42.4046757360001
12511,1445120,HOOVER,LAPPIN,2018-08-07,7,8,2018,14,3,5,3,,1,0,Asphalt,1,2,1,30,2,2,2,4,0,0,0,1,false,false,false,false,false,false,false,false,false,false,false,false,false,false,false,true,false,false,false,false,false,false,-83.00476,42.43636,"{
  ""coordinates"": [
    -8.300475917189320e+01,
    4.243636479989380e+01
  ],
  ""type"": ""Point""
}","{
  ""coordinates"": [
    -83.004759172,
    42.4363648
  ],
  ""type"": ""Point""
}",-83.004759172,42.4363648
12512,1443273,I-94,TARNOW,2018-08-07,7,8,2018,9,3,5,9,,4,0,Asphalt,1,2,1,55,3,2,2,4,0,0,0,1,false,false,false,false,false,false,false,false,false,false,false,false,false,true,false,false,false,false,false,false,false,false,-83.1329,42.33471,"{
  ""coordinates"": [
    -8.313290182491220e+01,
    4.233470601870250e+01
  ],
  ""type"": ""Point""
}","{
  ""coordinates"": [
    -83.132901825,
    42.334706019
  ],
  ""type"": ""Point""
}",-83.132901825,42.3347060190001
12513,1444199,BATES,CADILLAC,2018-08-07,7,8,2018,10,3,5,9,,4,3,Asphalt,1,1,1,25,1,2,3,5,0,0,0,0,true,false,false,false,false,false,false,false,false,false,false,false,false,false,true,false,false,false,false,false,false,false,-83.04461,42.33141,"{
  ""coordinates"": [
    -8.304461063971320e+01,
    4.233141467666360e+01
  ],
  ""type"": ""Point""
}","{
  ""coordinates"": [
    -83.04461064,
    42.331414677
  ],
  ""type"": ""Point""
}",-83.04461064,42.3314146770001
12514,1446254,I-94,I-96,2018-08-07,7,8,2018,18,3,5,1,,1,0,Asphalt,1,2,1,55,3,2,3,5,0,0,0,0,true,false,false,false,false,false,false,false,false,false,false,false,false,false,false,false,false,false,false,false,false,false,-83.0984,42.35046,"{
  ""coordinates"": [
    -8.309839267189641e+01,
    4.235046038914360e+01
  ],
  ""type"": ""Point""
}","{
  ""coordinates"": [
    -83.098392672,
    42.350460389
  ],
  ""type"": ""Point""
}",-83.098392672,42.350460389
12515,1470002,JEFFERSON,ST JEAN,2018-08-07,7,8,2018,9,3,4,9,,4,0,Asphalt,1,1,1,35,7,2,5,4,0,0,0,1,false,false,false,false,false,false,false,false,false,false,false,false,false,false,false,false,false,false,false,false,false,false,-82.97061,42.36698,"{
  ""coordinates"": [
    -8.297061144972710e+01,
    4.236698220994360e+01
  ],
  ""type"": ""Point""
}","{
  ""coordinates"": [
    -82.97061145,
    42.36698221
  ],
  ""type"": ""Point""
}",-82.97061145,42.3669822100001
12516,1471154,WYOMING,DAVISON,2018-08-07,7,8,2018,0,3,4,9,,4,0,Asphalt,1,1,4,,5,2,3,3,0,0,1,0,false,false,true,true,false,false,false,false,false,false,false,false,false,false,false,false,false,false,false,false,false,false,-83.159,42.38607,"{
  ""coordinates"": [
    -8.315899777490050e+01,
    4.238606618598240e+01
  ],
  ""type"": ""Point""
}","{
  ""coordinates"": [
    -83.158997775,
    42.386066186
  ],
  ""type"": ""Point""
}",-83.158997775,42.3860661860001
12517,1443307,LAFAYETTE,S I 375,2018-08-07,7,8,2018,9,3,4,9,,4,0,Concrete,1,1,1,35,9,2,2,4,0,0,0,1,false,false,true,true,false,false,false,false,false,false,false,false,false,false,false,false,false,false,false,false,false,false,-83.03782,42.33564,"{
  ""coordinates"": [
    -8.303782139105370e+01,
    4.233563706255390e+01
  ],
  ""type"": ""Point""
}","{
  ""coordinates"": [
    -83.037821391,
    42.335637063
  ],
  ""type"": ""Point""
}",-83.037821391,42.335637063
12518,1443325,LAFAYETTE,ST MARON,2018-08-07,7,8,2018,19,3,8,9,,4,0,Asphalt,1,1,3,35,4,2,8,3,0,0,5,1,false,false,false,false,false,false,false,true,false,false,false,false,false,true,false,false,false,false,false,false,false,false,-83.01984,42.34358,"{
  ""coordinates"": [
    -8.301983470333499e+01,
    4.234358014102780e+01
  ],
  ""type"": ""Point""
}","{
  ""coordinates"": [
    -83.019834703,
    42.343580141
  ],
  ""type"": ""Point""
}",-83.019834703,42.3435801410001
12519,1447830,LIVERNOIS,JOHN KRONK,2018-08-07,7,8,2018,17,3,5,9,,4,0,Asphalt,1,2,1,35,2,2,3,4,0,0,0,1,false,false,false,false,false,false,false,false,false,false,false,false,false,false,false,false,false,false,false,false,false,false,-83.11533,42.32423,"{
  ""coordinates"": [
    -8.311533384056359e+01,
    4.232422608203400e+01
  ],
  ""type"": ""Point""
}","{
  ""coordinates"": [
    -83.115333841,
    42.324226082
  ],
  ""type"": ""Point""
}",-83.1153338409999,42.3242260820001
12520,1564833,JEFFERSON,CHENE,2018-08-07,7,8,2018,17,3,5,9,,4,0,Asphalt,1,1,1,35,7,2,4,4,0,0,0,2,false,false,false,false,false,false,false,true,false,false,false,false,false,false,false,true,false,false,false,false,false,false,-83.02269,42.33823,"{
  ""coordinates"": [
    -8.302269319473341e+01,
    4.233822513398990e+01
  ],
  ""type"": ""Point""
}","{
  ""coordinates"": [
    -83.022693195,
    42.338225134
  ],
  ""type"": ""Point""
}",-83.022693195,42.338225134
12521,1447012,JEFFERSON,JOSEPH CAMPAU,2018-08-07,7,8,2018,11,3,9,9,,4,0,Asphalt,1,1,1,30,3,2,2,5,0,0,0,0,true,false,false,false,false,false,false,false,false,false,false,false,false,false,false,true,false,false,false,false,false,false,-83.01974,42.33949,"{
  ""coordinates"": [
    -8.301974650657880e+01,
    4.233948994366070e+01
  ],
  ""type"": ""Point""
}","{
  ""coordinates"": [
    -83.019746507,
    42.339489944
  ],
  ""type"": ""Point""
}",-83.019746507,42.339489944
12522,1443312,CAPITOL,SCHAEFER,2018-08-07,7,8,2018,14,3,97,9,,,0,,1,2,1,25,2,2,3,5,0,0,0,0,true,false,false,false,false,false,false,false,false,false,false,true,false,false,false,false,true,false,false,false,false,false,-83.17825,42.37704,"{
  ""coordinates"": [
    -8.317825473082770e+01,
    4.237703636530370e+01
  ],
  ""type"": ""Point""
}","{
  ""coordinates"": [
    -83.178254731,
    42.377036365
  ],
  ""type"": ""Point""
}",-83.178254731,42.377036365