ObjectId,Crash ID,Primary Road,Intersecting Road,Crash Date,Day,Month,Year,Hour,Weekday,Crash Type Code,Highway Classification Code,Community Code,Jurisdiction Code,Lane Departure Type Code,Surface Type,Road Condition,Weather Condition,Lighting Condition,Speed Limit,Lanes,Units,Occupants,Most Severe Injury,Fatal Injuries,Suspected Serious Injuries,Suspected Minor Injuries,Possible Injuries,Property Damage Only,Secondary Crash,Traffic Control,Red Light Run,Hit and Run,Alcohol,Drugs,Unbelted Person,Work Zone,Speeding Driver,Distracted Driver,Driveway,Pedestrian,Elderly Driver,Young Driver,Commercial Vehicle,Emergency Vehicles,Train,School Bus,Motorcycle,Bicycle,Deer,Longitude,Latitude,geom,geog,x,y
12577,1442452,HOWARD,6TH,2018-08-06,6,8,2018,17,2,8,9,,4,0,Concrete,2,4,4,20,1,2,1,5,0,0,0,0,true,false,false,false,true,false,false,false,false,false,false,false,false,false,false,false,false,false,false,false,false,false,-83.05921,42.3279,"{
  ""coordinates"": [
    -8.305921427635160e+01,
    4.232790462883660e+01
  ],
  ""type"": ""Point""
}","{
  ""coordinates"": [
    -83.059214276,
    42.327904629
  ],
  ""type"": ""Point""
}",-83.059214276,42.327904629
12578,1446279,CONNER,GRATIOT,2018-08-06,6,8,2018,18,2,5,3,,4,0,Asphalt,2,4,1,35,2,2,3,4,0,0,0,2,false,false,false,false,false,false,false,false,false,false,false,false,false,false,true,false,false,false,false,false,false,false,-82.99738,42.40482,"{
  ""coordinates"": [
    -8.299738402735190e+01,
    4.240481698853410e+01
  ],
  ""type"": ""Point""
}","{
  ""coordinates"": [
    -82.997384027,
    42.404816989
  ],
  ""type"": ""Point""
}",-82.997384027,42.404816989
12579,1446282,GRATIOT,CONNER,2018-08-06,6,8,2018,21,2,4,3,,1,0,Asphalt,2,4,5,35,6,2,2,5,0,0,0,0,true,false,false,false,false,false,false,false,false,false,false,false,false,false,true,false,false,false,false,false,false,false,-82.99743,42.40502,"{
  ""coordinates"": [
    -8.299742939069600e+01,
    4.240502245341690e+01
  ],
  ""type"": ""Point""
}","{
  ""coordinates"": [
    -82.997429391,
    42.405022453
  ],
  ""type"": ""Point""
}",-82.997429391,42.4050224530001
12580,1443272,DAVISON,I96,2018-08-06,6,8,2018,18,2,1,3,,1,1,Concrete,2,4,1,55,3,1,1,5,0,0,0,0,true,false,false,false,false,false,false,false,false,true,false,false,false,false,false,false,false,false,false,false,false,false,-83.14593,42.38639,"{
  ""coordinates"": [
    -8.314593079142800e+01,
    4.238639376327350e+01
  ],
  ""type"": ""Point""
}","{
  ""coordinates"": [
    -83.145930791,
    42.386393763
  ],
  ""type"": ""Point""
}",-83.145930791,42.3863937630001
12581,1452502,I-75,BRUSH,2018-08-06,6,8,2018,12,2,8,7,,1,0,Concrete,1,1,1,55,1,2,2,5,0,0,0,0,true,false,false,false,false,false,false,false,true,false,false,false,false,false,true,true,false,false,false,false,false,false,-83.04823,42.34177,"{
  ""coordinates"": [
    -8.304823089044380e+01,
    4.234177181374000e+01
  ],
  ""type"": ""Point""
}","{
  ""coordinates"": [
    -83.04823089,
    42.341771814
  ],
  ""type"": ""Point""
}",-83.04823089,42.341771814
12582,1451542,MEYERS,MCNICHOLS,2018-08-06,6,8,2018,9,2,4,9,,4,0,Asphalt,1,1,1,30,2,2,1,5,0,0,0,0,true,false,false,false,true,false,false,false,false,false,false,true,false,false,false,false,false,false,false,false,false,false,-83.1701,42.41638,"{
  ""coordinates"": [
    -8.317010057308400e+01,
    4.241638296238570e+01
  ],
  ""type"": ""Point""
}","{
  ""coordinates"": [
    -83.170100573,
    42.416382962
  ],
  ""type"": ""Point""
}",-83.170100573,42.4163829620001
12583,1442409,M-10,WEBB,2018-08-06,6,8,2018,9,2,97,3,,1,0,Concrete,1,1,1,55,3,2,2,5,0,0,0,0,true,false,false,false,true,false,false,false,false,false,false,false,false,true,false,false,false,false,false,false,false,false,-83.10783,42.39576,"{
  ""coordinates"": [
    -8.310782679335050e+01,
    4.239576472328750e+01
  ],
  ""type"": ""Point""
}","{
  ""coordinates"": [
    -83.107826793,
    42.395764723
  ],
  ""type"": ""Point""
}",-83.107826793,42.3957647230001
12584,1442411,DAVISON,I-96,2018-08-06,6,8,2018,10,2,8,3,,1,0,Concrete,1,1,1,55,3,2,5,5,0,0,0,0,true,false,false,false,false,false,false,false,false,false,false,false,false,false,true,false,false,false,false,false,false,false,-83.13892,42.38662,"{
  ""coordinates"": [
    -8.313891601468040e+01,
    4.238661804709990e+01
  ],
  ""type"": ""Point""
}","{
  ""coordinates"": [
    -83.138916015,
    42.386618047
  ],
  ""type"": ""Point""
}",-83.1389160149999,42.3866180470001
12585,1442478,VAN DYKE,HARPER,2018-08-06,6,8,2018,5,2,4,3,,1,0,Asphalt,1,1,1,30,4,2,2,5,0,0,0,0,true,false,true,true,true,false,false,false,false,false,false,false,false,false,false,false,false,false,false,false,false,false,-83.02137,42.38794,"{
  ""coordinates"": [
    -8.302137158194060e+01,
    4.238793828740760e+01
  ],
  ""type"": ""Point""
}","{
  ""coordinates"": [
    -83.021371582,
    42.387938287
  ],
  ""type"": ""Point""
}",-83.021371582,42.3879382870001
12586,1442471,LARNED,RIVARD,2018-08-06,6,8,2018,11,2,97,9,,4,0,Asphalt,1,1,1,30,3,2,1,4,0,0,0,1,false,false,false,false,false,false,false,false,false,false,false,false,true,false,false,false,false,false,false,false,false,false,-83.03465,42.334,"{
  ""coordinates"": [
    -8.303464485390590e+01,
    4.233400091119860e+01
  ],
  ""type"": ""Point""
}","{
  ""coordinates"": [
    -83.034644854,
    42.334000911
  ],
  ""type"": ""Point""
}",-83.034644854,42.334000911
12587,1463214,MORANG,NOTTINGHAM,2018-08-06,6,8,2018,22,2,1,9,,4,0,Asphalt,2,4,4,30,2,2,2,1,1,0,0,1,false,false,false,false,false,false,false,false,false,false,false,false,true,false,false,false,false,false,false,false,false,false,-82.94514,42.42413,"{
  ""coordinates"": [
    -8.294514019868051e+01,
    4.242413452096890e+01
  ],
  ""type"": ""Point""
}","{
  ""coordinates"": [
    -82.945140199,
    42.424134521
  ],
  ""type"": ""Point""
}",-82.945140199,42.424134521
12588,1443339,SORRENTO,FENKELL,2018-08-06,6,8,2018,14,2,10,9,,,0,,1,1,1,15,1,2,1,5,0,0,0,0,true,false,false,false,false,false,false,false,false,false,false,false,false,false,false,true,false,false,false,false,false,false,-83.17255,42.40246,"{
  ""coordinates"": [
    -8.317254272363211e+01,
    4.240246232943780e+01
  ],
  ""type"": ""Point""
}","{
  ""coordinates"": [
    -83.172542724,
    42.402462329
  ],
  ""type"": ""Point""
}",-83.172542724,42.4024623290001
12589,1442435,I 75,MCNICHOLS,2018-08-06,6,8,2018,7,2,5,1,,1,0,Asphalt,1,1,1,70,4,2,2,5,0,0,0,0,true,false,false,false,false,false,false,false,false,false,true,false,false,false,false,false,false,false,false,false,false,false,-83.08849,42.41913,"{
  ""coordinates"": [
    -8.308848699993760e+01,
    4.241913346805690e+01
  ],
  ""type"": ""Point""
}","{
  ""coordinates"": [
    -83.088487,
    42.419133468
  ],
  ""type"": ""Point""
}",-83.088487,42.419133468
12590,1446223,HOWARD,5TH,2018-08-06,6,8,2018,21,2,4,3,,4,0,Concrete,2,2,4,25,2,2,5,5,0,0,0,0,true,false,true,false,false,false,false,false,false,false,true,false,false,false,false,false,false,false,false,false,false,false,-83.05816,42.32836,"{
  ""coordinates"": [
    -8.305815979587619e+01,
    4.232836178395360e+01
  ],
  ""type"": ""Point""
}","{
  ""coordinates"": [
    -83.058159796,
    42.328361784
  ],
  ""type"": ""Point""
}",-83.058159796,42.328361784
12591,1442489,LAHSER,8 MILE,2018-08-06,6,8,2018,12,2,5,9,,2,0,Asphalt,1,1,1,35,2,2,1,5,0,0,0,0,true,true,false,false,true,false,false,false,false,false,false,false,false,false,false,false,false,false,false,false,false,false,-83.25883,42.44268,"{
  ""coordinates"": [
    -8.325882597884510e+01,
    4.244268379371690e+01
  ],
  ""type"": ""Point""
}","{
  ""coordinates"": [
    -83.258825979,
    42.442683794
  ],
  ""type"": ""Point""
}",-83.2588259789999,42.4426837940001
12592,1447886,SAINT MARTINS,SORRENTO,2018-08-06,6,8,2018,13,2,4,9,,,0,,4,1,1,25,2,2,7,4,0,0,0,1,false,false,false,false,true,false,false,false,false,false,false,false,false,false,false,false,false,false,false,false,false,false,-83.17419,42.43655,"{
  ""coordinates"": [
    -8.317418587069780e+01,
    4.243654678435620e+01
  ],
  ""type"": ""Point""
}","{
  ""coordinates"": [
    -83.174185871,
    42.436546784
  ],
  ""type"": ""Point""
}",-83.174185871,42.436546784
12593,1442466,SELDON,SECOND,2018-08-06,6,8,2018,13,2,4,9,,4,0,Asphalt,1,1,1,25,4,2,1,5,0,0,0,0,true,true,false,false,false,false,false,false,false,false,false,false,false,false,false,false,false,false,false,false,false,false,-83.06373,42.34763,"{
  ""coordinates"": [
    -8.306373063389159e+01,
    4.234763248491880e+01
  ],
  ""type"": ""Point""
}","{
  ""coordinates"": [
    -83.063730634,
    42.347632485
  ],
  ""type"": ""Point""
}",-83.063730634,42.3476324850001
12594,1442451,WOODWARD,PALMER,2018-08-06,6,8,2018,17,2,9,3,,1,2,Asphalt,2,4,4,35,3,2,3,5,0,0,0,0,true,false,false,false,false,false,false,false,false,false,false,false,false,false,false,false,false,false,false,false,false,false,-83.06783,42.36216,"{
  ""coordinates"": [
    -8.306782763153390e+01,
    4.236216443026840e+01
  ],
  ""type"": ""Point""
}","{
  ""coordinates"": [
    -83.067827632,
    42.36216443
  ],
  ""type"": ""Point""
}",-83.067827632,42.3621644300001
12595,1452550,JOY,LINWOOD,2018-08-06,6,8,2018,,2,1,9,,4,0,Asphalt,2,4,4,30,4,1,1,5,0,0,0,0,true,false,false,false,false,false,false,false,false,false,false,false,false,false,false,false,false,false,false,false,false,false,-83.1088,42.37347,"{
  ""coordinates"": [
    -8.310879814630610e+01,
    4.237347120967090e+01
  ],
  ""type"": ""Point""
}","{
  ""coordinates"": [
    -83.108798146,
    42.37347121
  ],
  ""type"": ""Point""
}",-83.108798146,42.37347121
12596,1443292,W I 94,RAMP 213C,2018-08-06,6,8,2018,18,2,5,1,,1,0,Asphalt,1,2,1,55,3,2,2,5,0,0,0,0,true,false,false,false,false,false,false,false,false,false,false,false,false,false,false,false,false,false,false,false,false,false,-83.10786,42.34749,"{
  ""coordinates"": [
    -8.310785635876471e+01,
    4.234748961179480e+01
  ],
  ""type"": ""Point""
}","{
  ""coordinates"": [
    -83.107856359,
    42.347489612
  ],
  ""type"": ""Point""
}",-83.107856359,42.3474896120001
12597,1447031,SHAFTBURY,PEMBROKE,2018-08-06,6,8,2018,8,2,8,9,,,0,,1,1,1,25,2,2,0,5,0,0,0,0,true,true,false,false,true,false,false,false,false,false,false,false,false,false,false,false,false,false,false,false,false,false,-83.23178,42.43693,"{
  ""coordinates"": [
    -8.323177969471151e+01,
    4.243693057646820e+01
  ],
  ""type"": ""Point""
}","{
  ""coordinates"": [
    -83.231779695,
    42.436930576
  ],
  ""type"": ""Point""
}",-83.2317796949999,42.4369305760001
12598,1442461,CHICAGO,HEYDEN,2018-08-06,6,8,2018,11,2,8,9,,4,0,Asphalt,2,4,4,30,2,2,1,5,0,0,0,0,true,false,false,false,true,true,false,false,false,false,false,false,false,false,false,false,false,false,false,false,false,false,-83.23902,42.36465,"{
  ""coordinates"": [
    -8.323902236052520e+01,
    4.236465387372300e+01
  ],
  ""type"": ""Point""
}","{
  ""coordinates"": [
    -83.239022361,
    42.364653874
  ],
  ""type"": ""Point""
}",-83.239022361,42.3646538740001
12599,1444241,18867 SAINT AUBIN,7 MILE,2018-08-06,6,8,2018,6,2,97,9,,,0,,1,1,3,30,3,2,1,5,0,0,0,0,true,false,false,false,false,false,false,false,false,false,false,false,false,false,false,false,false,false,false,false,false,false,-83.08168,42.43312,"{
  ""coordinates"": [
    -8.308168315035330e+01,
    4.243311767641090e+01
  ],
  ""type"": ""Point""
}","{
  ""coordinates"": [
    -83.08168315,
    42.433117676
  ],
  ""type"": ""Point""
}",-83.0816831499999,42.4331176760001
12600,1443250,I96,WYOMING,2018-08-06,6,8,2018,20,2,1,1,,1,1,Concrete,2,4,1,55,4,1,1,5,0,0,0,0,true,false,false,false,false,false,false,false,false,true,false,false,false,false,true,false,false,false,false,false,false,false,-83.15703,42.38541,"{
  ""coordinates"": [
    -8.315703162725940e+01,
    4.238541167007170e+01
  ],
  ""type"": ""Point""
}","{
  ""coordinates"": [
    -83.157031627,
    42.38541167
  ],
  ""type"": ""Point""
}",-83.157031627,42.3854116700001
12601,1444219,BEATRICE,SALLIOTTE,2018-08-06,6,8,2018,23,2,4,9,,,0,,2,4,4,25,2,2,1,3,0,0,1,0,false,false,false,false,true,false,false,false,false,false,false,false,false,false,true,false,false,false,false,false,false,false,-83.16257,42.25911,"{
  ""coordinates"": [
    -8.316256698557130e+01,
    4.225911427809160e+01
  ],
  ""type"": ""Point""
}","{
  ""coordinates"": [
    -83.162566986,
    42.259114278
  ],
  ""type"": ""Point""
}",-83.1625669859999,42.259114278
12602,1445070,SB I-75,WB I-94,2018-08-06,6,8,2018,13,2,5,1,,1,0,Concrete,1,2,1,70,3,4,3,4,0,0,0,1,false,false,false,false,false,false,false,false,false,false,false,false,false,false,false,false,false,false,false,false,false,false,-83.05888,42.36996,"{
  ""coordinates"": [
    -8.305888349171350e+01,
    4.236996301444100e+01
  ],
  ""type"": ""Point""
}","{
  ""coordinates"": [
    -83.058883492,
    42.369963014
  ],
  ""type"": ""Point""
}",-83.0588834919999,42.3699630140001
12603,1444214,LIVERNOIS,WHITEHEAD,2018-08-06,6,8,2018,14,2,6,1,,4,0,Asphalt,2,4,3,35,5,2,2,5,0,0,0,0,true,false,false,false,false,false,false,false,false,false,false,true,false,false,false,false,false,false,false,false,false,false,-83.1245,42.33684,"{
  ""coordinates"": [
    -8.312450458242731e+01,
    4.233684089316040e+01
  ],
  ""type"": ""Point""
}","{
  ""coordinates"": [
    -83.124504582,
    42.336840893
  ],
  ""type"": ""Point""
}",-83.124504582,42.336840893
12604,1443309,SCHOOLCRAFT,S M 39,2018-08-06,6,8,2018,19,2,98,9,,2,0,Asphalt,2,4,3,35,4,2,1,4,0,0,0,1,false,false,false,false,true,false,false,false,false,false,false,false,false,true,false,false,false,false,false,false,false,false,-83.21786,42.3867,"{
  ""coordinates"": [
    -8.321786729464770e+01,
    4.238670334393530e+01
  ],
  ""type"": ""Point""
}","{
  ""coordinates"": [
    -83.217867295,
    42.386703344
  ],
  ""type"": ""Point""
}",-83.217867295,42.3867033440001
12605,1445098,VAUGHAN,JOY,2018-08-06,6,8,2018,10,2,4,9,,,0,,1,2,1,25,2,2,3,5,0,0,0,0,true,false,false,false,false,false,false,false,false,false,false,false,false,false,true,false,false,false,false,false,false,false,-83.2372,42.35754,"{
  ""coordinates"": [
    -8.323719658176471e+01,
    4.235754364021760e+01
  ],
  ""type"": ""Point""
}","{
  ""coordinates"": [
    -83.237196582,
    42.35754364
  ],
  ""type"": ""Point""
}",-83.237196582,42.3575436400001
12606,1443260,M 39,PLYMOUTH,2018-08-06,6,8,2018,15,2,5,3,,1,0,Asphalt,2,4,1,55,3,2,2,4,0,0,0,1,false,false,false,false,false,false,false,false,false,false,false,false,false,false,false,false,false,false,false,false,false,false,-83.21681,42.37307,"{
  ""coordinates"": [
    -8.321680934164800e+01,
    4.237307519133890e+01
  ],
  ""type"": ""Point""
}","{
  ""coordinates"": [
    -83.216809342,
    42.373075191
  ],
  ""type"": ""Point""
}",-83.216809342,42.3730751910001
12607,1442446,SCHOOLCRAFT,WHITCOMB,2018-08-06,6,8,2018,8,2,1,9,,2,0,Asphalt,1,1,1,35,2,1,1,5,0,0,0,0,true,false,false,false,false,false,false,false,false,true,false,false,false,false,false,false,false,false,false,false,false,false,-83.19622,42.38711,"{
  ""coordinates"": [
    -8.319621769878771e+01,
    4.238710817773830e+01
  ],
  ""type"": ""Point""
}","{
  ""coordinates"": [
    -83.196217699,
    42.387108178
  ],
  ""type"": ""Point""
}",-83.196217699,42.3871081780001
12608,1442443,LYNDON,MARK TWAIN,2018-08-06,6,8,2018,0,2,4,9,,4,0,Asphalt,1,1,4,30,2,2,2,5,0,0,0,0,true,false,true,false,true,false,false,false,false,false,false,false,false,true,false,false,false,false,false,false,false,false,-83.1863,42.3946,"{
  ""coordinates"": [
    -8.318630249959810e+01,
    4.239460332600830e+01
  ],
  ""type"": ""Point""
}","{
  ""coordinates"": [
    -83.1863025,
    42.394603326
  ],
  ""type"": ""Point""
}",-83.1863025,42.394603326
12609,1446288,STATE FAIR,HAYES,2018-08-06,6,8,2018,11,2,10,9,,4,3,Asphalt,2,4,4,25,2,2,1,5,0,0,0,0,true,false,false,false,false,false,false,false,false,false,false,false,false,true,false,false,false,false,false,false,false,false,-82.96549,42.44268,"{
  ""coordinates"": [
    -8.296549115425600e+01,
    4.244268213927410e+01
  ],
  ""type"": ""Point""
}","{
  ""coordinates"": [
    -82.965491154,
    42.442682139
  ],
  ""type"": ""Point""
}",-82.9654911539999,42.4426821390001
12610,1443315,CASS,MARTIN LUTHER KING,2018-08-06,6,8,2018,12,2,4,9,,4,0,Asphalt,1,2,1,25,4,2,2,5,0,0,0,0,true,false,false,false,true,false,false,false,false,false,false,false,false,false,true,false,false,false,false,false,false,false,-83.06069,42.34553,"{
  ""coordinates"": [
    -8.306069263195290e+01,
    4.234553138706590e+01
  ],
  ""type"": ""Point""
}","{
  ""coordinates"": [
    -83.060692632,
    42.345531387
  ],
  ""type"": ""Point""
}",-83.060692632,42.3455313870001
12611,1442470,GRATIOT,N I 375 SERVICE DRIVE,2018-08-06,6,8,2018,17,2,5,3,,1,0,Concrete,2,1,1,30,3,2,1,5,0,0,0,0,true,false,false,false,true,false,false,false,false,false,false,false,false,false,false,false,false,false,false,false,false,false,-83.04108,42.34049,"{
  ""coordinates"": [
    -8.304108202646870e+01,
    4.234049245522930e+01
  ],
  ""type"": ""Point""
}","{
  ""coordinates"": [
    -83.041082026,
    42.340492455
  ],
  ""type"": ""Point""
}",-83.041082026,42.3404924550001
12612,1442442,SCHAEFER,KEELER,2018-08-06,6,8,2018,4,2,1,9,,4,0,Asphalt,1,1,4,35,3,1,1,3,0,0,1,0,false,false,false,false,true,false,false,false,false,false,false,false,false,false,false,false,false,false,false,false,false,false,-83.17921,42.4039,"{
  ""coordinates"": [
    -8.317920989218150e+01,
    4.240390048071780e+01
  ],
  ""type"": ""Point""
}","{
  ""coordinates"": [
    -83.179209892,
    42.403900481
  ],
  ""type"": ""Point""
}",-83.179209892,42.4039004810001
12613,1442475,VAN DYKE,MACK,2018-08-06,6,8,2018,20,2,3,9,,4,0,Asphalt,2,4,4,30,2,2,3,5,0,0,0,0,true,false,false,false,false,false,false,false,false,false,false,false,false,false,false,false,false,false,false,false,false,false,-83.00608,42.36694,"{
  ""coordinates"": [
    -8.300607913210870e+01,
    4.236694099151140e+01
  ],
  ""type"": ""Point""
}","{
  ""coordinates"": [
    -83.006079132,
    42.366940992
  ],
  ""type"": ""Point""
}",-83.006079132,42.366940992
12614,1446292,LINNHURST,PEORIA,2018-08-06,6,8,2018,22,2,8,9,,,0,,1,1,4,25,1,2,1,5,0,0,0,0,true,false,false,false,false,false,false,false,false,false,false,false,false,false,false,false,false,false,false,false,false,false,-82.97707,42.4313,"{
  ""coordinates"": [
    -8.297707600128039e+01,
    4.243130429919820e+01
  ],
  ""type"": ""Point""
}","{
  ""coordinates"": [
    -82.977076001,
    42.431304299
  ],
  ""type"": ""Point""
}",-82.9770760009999,42.431304299
12615,1441532,LESLIE,PETOSKEY,2018-08-05,5,8,2018,18,1,8,9,,,0,,1,1,1,25,2,2,3,3,0,0,2,0,false,false,false,false,false,false,false,false,false,false,false,false,false,false,false,false,false,false,false,false,false,false,-83.13355,42.38411,"{
  ""coordinates"": [
    -8.313355567354780e+01,
    4.238410913879920e+01
  ],
  ""type"": ""Point""
}","{
  ""coordinates"": [
    -83.133555674,
    42.384109139
  ],
  ""type"": ""Point""
}",-83.133555674,42.384109139
12616,1441527,PINEWOOD,HOYT,2018-08-05,5,8,2018,19,1,97,9,,,0,,1,1,1,25,1,2,1,5,0,0,0,0,true,false,false,false,true,false,false,false,false,false,false,false,true,false,false,false,false,false,false,false,false,false,-82.98052,42.4387,"{
  ""coordinates"": [
    -8.298052142275750e+01,
    4.243870100758530e+01
  ],
  ""type"": ""Point""
}","{
  ""coordinates"": [
    -82.980521423,
    42.438701008
  ],
  ""type"": ""Point""
}",-82.980521423,42.4387010080001
12617,1442532,8 MILE,NORWOOD,2018-08-05,5,8,2018,20,1,5,3,,1,0,Asphalt,1,1,1,40,2,2,1,5,0,0,0,0,true,false,false,false,true,false,false,false,false,false,false,false,false,false,false,false,false,false,false,false,false,false,-83.06797,42.44721,"{
  ""coordinates"": [
    -8.306796956089011e+01,
    4.244721154348480e+01
  ],
  ""type"": ""Point""
}","{
  ""coordinates"": [
    -83.067969561,
    42.447211543
  ],
  ""type"": ""Point""
}",-83.067969561,42.447211543
12618,1441536,CAMBRIDGE,SCHAEFER,2018-08-05,5,8,2018,8,1,4,9,,,0,,1,1,1,40,2,2,2,4,0,0,0,1,false,false,false,false,false,false,false,false,false,false,false,false,false,false,false,false,false,false,false,false,false,false,-83.18056,42.43287,"{
  ""coordinates"": [
    -8.318055612721140e+01,
    4.243286939589730e+01
  ],
  ""type"": ""Point""
}","{
  ""coordinates"": [
    -83.180556127,
    42.432869396
  ],
  ""type"": ""Point""
}",-83.180556127,42.4328693960001
12619,1443286,I 94,OUTER,2018-08-05,5,8,2018,3,1,1,1,,1,1,Asphalt,1,1,4,55,3,1,2,4,0,0,0,2,false,false,false,false,false,false,false,false,false,true,false,false,false,false,false,false,false,false,false,false,false,false,-82.96065,42.40495,"{
  ""coordinates"": [
    -8.296065014517370e+01,
    4.240494896690440e+01
  ],
  ""type"": ""Point""
}","{
  ""coordinates"": [
    -82.960650145,
    42.404948967
  ],
  ""type"": ""Point""
}",-82.960650145,42.4049489670001
12620,1442450,S I 75 SERVICE DRIVE,3RD,2018-08-05,5,8,2018,19,1,5,3,,1,0,Asphalt,1,1,1,30,2,2,2,4,0,0,0,1,false,false,false,false,false,false,false,false,false,false,false,false,false,false,false,false,false,false,false,false,false,false,-83.0604,42.33665,"{
  ""coordinates"": [
    -8.306040178523570e+01,
    4.233665238504770e+01
  ],
  ""type"": ""Point""
}","{
  ""coordinates"": [
    -83.060401785,
    42.336652385
  ],
  ""type"": ""Point""
}",-83.060401785,42.336652385
12621,1444186,I-75,MACK,2018-08-05,5,8,2018,0,1,5,1,,1,0,Concrete,1,1,5,55,4,2,5,4,0,0,0,1,false,false,false,false,false,false,false,false,false,false,false,false,false,false,false,false,false,false,false,false,false,false,-83.04655,42.34927,"{
  ""coordinates"": [
    -8.304654839758160e+01,
    4.234926475947140e+01
  ],
  ""type"": ""Point""
}","{
  ""coordinates"": [
    -83.046548398,
    42.349264759
  ],
  ""type"": ""Point""
}",-83.046548398,42.3492647590001
12622,1442441,CHICAGO,HARTWELL,2018-08-05,5,8,2018,21,1,1,9,,4,0,Asphalt,1,1,4,30,2,1,5,4,0,0,0,2,false,false,false,false,false,false,false,false,false,false,false,false,false,false,false,false,false,false,false,false,false,false,-83.17667,42.36581,"{
  ""coordinates"": [
    -8.317667765199590e+01,
    4.236581384027790e+01
  ],
  ""type"": ""Point""
}","{
  ""coordinates"": [
    -83.176677652,
    42.36581384
  ],
  ""type"": ""Point""
}",-83.176677652,42.36581384
12623,1443268,I 94,TRUMBULL,2018-08-05,5,8,2018,18,1,1,1,,1,1,Asphalt,1,1,1,55,3,1,1,4,0,0,0,2,false,false,false,false,false,false,false,false,false,true,false,false,false,false,false,false,false,false,false,false,false,false,-83.07945,42.35692,"{
  ""coordinates"": [
    -8.307944951303200e+01,
    4.235692002616060e+01
  ],
  ""type"": ""Point""
}","{
  ""coordinates"": [
    -83.079449513,
    42.356920026
  ],
  ""type"": ""Point""
}",-83.079449513,42.3569200260001
12624,1441512,MEYERS,CHICAGO,2018-08-05,5,8,2018,17,1,8,9,,4,0,Asphalt,1,1,1,,2,2,2,5,0,0,0,0,true,false,false,false,true,false,false,false,false,false,false,false,false,true,false,false,false,false,false,false,false,false,-83.16792,42.36585,"{
  ""coordinates"": [
    -8.316792351719620e+01,
    4.236584802763150e+01
  ],
  ""type"": ""Point""
}","{
  ""coordinates"": [
    -83.167923517,
    42.365848028
  ],
  ""type"": ""Point""
}",-83.167923517,42.3658480280001
12625,1447844,PENROD,SAWYER,2018-08-05,5,8,2018,16,1,4,9,,,0,,1,2,1,25,2,2,2,4,0,0,0,1,false,false,false,false,false,false,false,false,false,false,false,false,false,false,false,false,false,false,false,true,false,false,-83.2197,42.347,"{
  ""coordinates"": [
    -8.321970371395869e+01,
    4.234700542094630e+01
  ],
  ""type"": ""Point""
}","{
  ""coordinates"": [
    -83.219703714,
    42.347005421
  ],
  ""type"": ""Point""
}",-83.2197037139999,42.3470054210001
12626,1443283,S M 39,RAMP 008F,2018-08-05,5,8,2018,17,1,5,3,,1,0,Asphalt,1,1,1,55,1,3,6,5,0,0,0,0,true,false,false,false,false,false,false,false,true,false,false,false,false,false,false,false,false,false,false,false,false,false,-83.21713,42.37893,"{
  ""coordinates"": [
    -8.321712908289010e+01,
    4.237892433815560e+01
  ],
  ""type"": ""Point""
}","{
  ""coordinates"": [
    -83.217129083,
    42.378924338
  ],
  ""type"": ""Point""
}",-83.217129083,42.378924338
12627,1443267,M 39,7 MILE,2018-08-05,5,8,2018,16,1,5,3,,1,0,Concrete,1,1,1,55,3,3,2,3,0,0,2,0,false,false,false,false,true,false,false,false,false,false,false,false,false,false,false,false,false,false,false,false,false,false,-83.21926,42.43084,"{
  ""coordinates"": [
    -8.321926440498871e+01,
    4.243084394260460e+01
  ],
  ""type"": ""Point""
}","{
  ""coordinates"": [
    -83.219264405,
    42.430843943
  ],
  ""type"": ""Point""
}",-83.219264405,42.4308439430001
12628,1441525,ALBION,CLOUGH,2018-08-05,5,8,2018,17,1,4,9,,,0,,1,1,1,25,2,2,1,3,0,0,1,0,false,false,false,false,true,false,false,false,false,false,false,false,false,false,false,false,false,false,false,true,false,false,-83.00538,42.4238,"{
  ""coordinates"": [
    -8.300537940428370e+01,
    4.242380258048400e+01
  ],
  ""type"": ""Point""
}","{
  ""coordinates"": [
    -83.005379404,
    42.42380258
  ],
  ""type"": ""Point""
}",-83.0053794039999,42.42380258
12629,1443294,DOUGLAS MACARTHUR,JEFFERSON,2018-08-05,5,8,2018,13,1,5,3,,1,0,Concrete,1,1,1,25,2,2,5,4,0,0,0,5,false,false,false,false,false,false,false,false,false,false,false,false,false,false,false,false,false,false,false,false,false,false,-83.00111,42.3459,"{
  ""coordinates"": [
    -8.300111460966519e+01,
    4.234589966451760e+01
  ],
  ""type"": ""Point""
}","{
  ""coordinates"": [
    -83.00111461,
    42.345899665
  ],
  ""type"": ""Point""
}",-83.0011146099999,42.345899665
12630,1442503,FAIRPORT,LAPPIN,2018-08-05,5,8,2018,18,1,4,9,,,0,,1,1,1,25,2,2,3,1,1,0,2,0,false,false,false,false,false,false,true,false,false,false,false,false,false,false,true,false,false,false,false,false,false,false,-82.99129,42.43659,"{
  ""coordinates"": [
    -8.299128347865930e+01,
    4.243659022159280e+01
  ],
  ""type"": ""Point""
}","{
  ""coordinates"": [
    -82.991283479,
    42.436590222
  ],
  ""type"": ""Point""
}",-82.9912834789999,42.4365902220001
12631,1445110,EVERGREEN,FENKELL,2018-08-05,5,8,2018,15,1,5,9,,4,0,Asphalt,1,1,1,35,4,3,1,4,0,0,0,1,false,false,false,false,true,false,false,false,false,false,false,false,false,true,false,false,false,false,false,false,false,false,-83.23743,42.40087,"{
  ""coordinates"": [
    -8.323743401815371e+01,
    4.240087250429740e+01
  ],
  ""type"": ""Point""
}","{
  ""coordinates"": [
    -83.237434018,
    42.400872504
  ],
  ""type"": ""Point""
}",-83.237434018,42.4008725040001