ObjectId,Crash ID,Primary Road,Intersecting Road,Crash Date,Day,Month,Year,Hour,Weekday,Crash Type Code,Highway Classification Code,Community Code,Jurisdiction Code,Lane Departure Type Code,Surface Type,Road Condition,Weather Condition,Lighting Condition,Speed Limit,Lanes,Units,Occupants,Most Severe Injury,Fatal Injuries,Suspected Serious Injuries,Suspected Minor Injuries,Possible Injuries,Property Damage Only,Secondary Crash,Traffic Control,Red Light Run,Hit and Run,Alcohol,Drugs,Unbelted Person,Work Zone,Speeding Driver,Distracted Driver,Driveway,Pedestrian,Elderly Driver,Young Driver,Commercial Vehicle,Emergency Vehicles,Train,School Bus,Motorcycle,Bicycle,Deer,Longitude,Latitude,geom,geog,x,y
12850,1440592,8 MILE,MOUNT ELLIOTT,2018-08-02,2,8,2018,20,5,4,3,,1,0,Asphalt,1,1,1,45,5,2,6,5,0,0,0,0,true,false,false,false,false,false,false,false,false,false,false,false,false,false,false,false,false,false,false,false,false,false,-83.04389,42.44777,"{
  ""coordinates"": [
    -8.304389459408070e+01,
    4.244777311946920e+01
  ],
  ""type"": ""Point""
}","{
  ""coordinates"": [
    -83.043894594,
    42.447773119
  ],
  ""type"": ""Point""
}",-83.0438945939999,42.447773119
12851,1461183,8 MILE,WYOMING,2018-08-02,2,8,2018,19,5,8,3,,1,0,Asphalt,1,1,1,40,4,2,3,3,0,0,1,0,false,false,false,false,false,false,false,false,false,true,false,false,false,false,false,false,false,false,false,false,false,false,-83.16122,42.44565,"{
  ""coordinates"": [
    -8.316122161976691e+01,
    4.244565289423500e+01
  ],
  ""type"": ""Point""
}","{
  ""coordinates"": [
    -83.16122162,
    42.445652894
  ],
  ""type"": ""Point""
}",-83.1612216199999,42.445652894
12852,1631656,PREST,GROVE,2018-08-02,2,8,2018,1,5,8,9,,,0,,1,1,4,25,2,2,1,2,0,1,0,0,false,false,false,false,false,false,false,false,false,false,false,false,false,false,false,false,false,false,false,false,false,false,-83.19798,42.41272,"{
  ""coordinates"": [
    -8.319798531364880e+01,
    4.241271588380020e+01
  ],
  ""type"": ""Point""
}","{
  ""coordinates"": [
    -83.197985314,
    42.412715884
  ],
  ""type"": ""Point""
}",-83.1979853139999,42.4127158840001
12853,1442438,I-94,30TH,2018-08-02,2,8,2018,15,5,5,1,,1,0,Asphalt,1,1,1,55,3,2,2,5,0,0,0,0,true,false,false,false,false,false,false,false,false,false,false,false,false,false,false,false,false,false,false,false,false,false,-83.11634,42.342,"{
  ""coordinates"": [
    -8.311633819631300e+01,
    4.234199473034460e+01
  ],
  ""type"": ""Point""
}","{
  ""coordinates"": [
    -83.116338196,
    42.34199473
  ],
  ""type"": ""Point""
}",-83.116338196,42.3419947300001
12854,1440598,7 MILE,S I 75 SERVICE DRIVE,2018-08-02,2,8,2018,22,5,8,9,,4,0,Asphalt,1,1,3,35,4,2,2,2,0,1,0,0,false,false,false,false,false,false,false,false,false,false,false,false,false,false,false,false,false,false,false,false,false,false,-83.09535,42.43246,"{
  ""coordinates"": [
    -8.309535358307720e+01,
    4.243245717562530e+01
  ],
  ""type"": ""Point""
}","{
  ""coordinates"": [
    -83.095353583,
    42.432457176
  ],
  ""type"": ""Point""
}",-83.095353583,42.4324571760001
12855,1451535,MCNICHOLS,SCHAEFER,2018-08-02,2,8,2018,9,5,2,9,,2,0,Asphalt,1,1,1,35,5,2,2,5,0,0,0,0,true,false,false,false,false,false,false,false,false,false,true,false,false,false,false,false,false,false,false,false,false,false,-83.17986,42.41659,"{
  ""coordinates"": [
    -8.317985225489970e+01,
    4.241658982304240e+01
  ],
  ""type"": ""Point""
}","{
  ""coordinates"": [
    -83.179852255,
    42.416589823
  ],
  ""type"": ""Point""
}",-83.179852255,42.416589823
12856,1451530,SCHAEFER,PURITAN,2018-08-02,2,8,2018,8,5,8,9,,4,0,Asphalt,1,1,1,40,5,2,2,5,0,0,0,0,true,false,false,false,false,false,false,false,false,false,false,false,false,false,false,false,false,false,false,false,false,false,-83.17945,42.40909,"{
  ""coordinates"": [
    -8.317945316250631e+01,
    4.240909232098000e+01
  ],
  ""type"": ""Point""
}","{
  ""coordinates"": [
    -83.179453163,
    42.409092321
  ],
  ""type"": ""Point""
}",-83.1794531629999,42.4090923210001
12857,1451471,GRAND,KIPLING,2018-08-02,2,8,2018,9,5,8,9,,4,0,Asphalt,1,1,1,30,4,2,2,5,0,0,0,0,true,false,false,false,false,false,false,false,false,false,false,false,false,false,false,false,false,false,false,false,false,false,-83.0872,42.36517,"{
  ""coordinates"": [
    -8.308719424844691e+01,
    4.236516701168490e+01
  ],
  ""type"": ""Point""
}","{
  ""coordinates"": [
    -83.087194248,
    42.365167012
  ],
  ""type"": ""Point""
}",-83.0871942479999,42.365167012
12858,1448717,MANDERSON,WHITMORE,2018-08-02,2,8,2018,6,5,98,9,,,3,,1,1,1,25,1,2,0,5,0,0,0,0,true,false,false,false,true,false,false,false,false,false,false,false,false,false,false,false,false,false,false,false,false,false,-83.11721,42.421,"{
  ""coordinates"": [
    -8.311721093637210e+01,
    4.242100048822060e+01
  ],
  ""type"": ""Point""
}","{
  ""coordinates"": [
    -83.117210936,
    42.421000488
  ],
  ""type"": ""Point""
}",-83.1172109359999,42.4210004880001
12859,1440569,BELVIDERE,CHAPIN,2018-08-02,2,8,2018,1,5,5,9,,,0,,1,1,5,25,2,2,2,5,0,0,0,0,true,false,false,false,false,false,false,true,false,false,true,false,false,false,false,false,false,false,false,false,false,false,-83.00484,42.38535,"{
  ""coordinates"": [
    -8.300483627318940e+01,
    4.238534792030210e+01
  ],
  ""type"": ""Point""
}","{
  ""coordinates"": [
    -83.004836273,
    42.38534792
  ],
  ""type"": ""Point""
}",-83.004836273,42.3853479200001
12860,1451503,8 MILE,S M 39,2018-08-02,2,8,2018,12,5,97,3,,1,0,Concrete,1,1,1,45,4,2,1,5,0,0,0,0,true,false,false,false,true,false,false,false,false,false,false,false,false,false,false,false,false,false,false,false,false,false,-83.21991,42.44417,"{
  ""coordinates"": [
    -8.321990772588239e+01,
    4.244416958222860e+01
  ],
  ""type"": ""Point""
}","{
  ""coordinates"": [
    -83.219907726,
    42.444169582
  ],
  ""type"": ""Point""
}",-83.219907726,42.444169582
12861,1533654,GRAND RIVER,SOUTHFIELD SERVICE DRIVE,2018-08-02,2,8,2018,17,5,4,3,,1,0,Asphalt,1,1,1,35,4,2,3,5,0,0,0,0,true,false,false,false,false,false,false,false,false,false,false,false,false,false,false,false,false,false,false,false,false,false,-83.21871,42.40087,"{
  ""coordinates"": [
    -8.321871522652860e+01,
    4.240087053421660e+01
  ],
  ""type"": ""Point""
}","{
  ""coordinates"": [
    -83.218715227,
    42.400870534
  ],
  ""type"": ""Point""
}",-83.218715227,42.400870534
12862,1448720,SCHAEFER,PEMBROKE,2018-08-02,2,8,2018,2,5,4,9,,4,0,Asphalt,1,1,4,30,2,2,4,4,0,0,0,4,false,false,true,true,false,false,false,true,false,false,false,false,false,false,false,false,false,false,false,false,false,false,-83.18076,42.43838,"{
  ""coordinates"": [
    -8.318076121244790e+01,
    4.243837940004280e+01
  ],
  ""type"": ""Point""
}","{
  ""coordinates"": [
    -83.180761212,
    42.4383794
  ],
  ""type"": ""Point""
}",-83.1807612119999,42.4383794
12863,1455903,FENKELL,FAUST,2018-08-02,2,8,2018,20,5,6,9,,2,0,Asphalt,1,1,4,25,3,2,3,4,0,0,0,2,false,false,false,false,true,false,false,false,false,false,false,false,false,false,false,false,false,false,false,false,false,false,-83.22289,42.401,"{
  ""coordinates"": [
    -8.322289173109210e+01,
    4.240099575812870e+01
  ],
  ""type"": ""Point""
}","{
  ""coordinates"": [
    -83.222891731,
    42.400995758
  ],
  ""type"": ""Point""
}",-83.2228917309999,42.4009957580001
12864,1445122,EDSEL,MOROSS,2018-08-02,2,8,2018,11,5,8,1,,1,0,Asphalt,1,1,1,25,2,2,3,5,0,0,0,0,true,false,false,false,true,false,false,false,false,false,false,false,false,false,false,false,false,false,false,false,false,false,-82.9287,42.42471,"{
  ""coordinates"": [
    -8.292870498446230e+01,
    4.242471478200310e+01
  ],
  ""type"": ""Point""
}","{
  ""coordinates"": [
    -82.928704984,
    42.424714782
  ],
  ""type"": ""Point""
}",-82.928704984,42.4247147820001
12865,1442457,JEFFERSON,DICKERSON,2018-08-02,2,8,2018,16,5,5,9,,4,0,Asphalt,1,1,1,30,5,2,2,5,0,0,0,0,true,false,false,false,false,false,false,false,false,false,false,false,false,false,false,false,false,false,false,false,false,false,-82.95296,42.37058,"{
  ""coordinates"": [
    -8.295296509393511e+01,
    4.237058302545990e+01
  ],
  ""type"": ""Point""
}","{
  ""coordinates"": [
    -82.952965094,
    42.370583025
  ],
  ""type"": ""Point""
}",-82.952965094,42.370583025
12866,1457867,WARREN,GRANDVILLE,2018-08-02,2,8,2018,19,5,4,9,,2,0,Asphalt,1,2,1,35,6,2,2,4,0,0,0,1,false,false,true,false,false,false,false,false,false,false,false,false,false,false,true,false,false,false,false,false,false,false,-83.2293,42.34322,"{
  ""coordinates"": [
    -8.322929790676309e+01,
    4.234322132232700e+01
  ],
  ""type"": ""Point""
}","{
  ""coordinates"": [
    -83.229297907,
    42.343221322
  ],
  ""type"": ""Point""
}",-83.229297907,42.343221322
12867,1442484,PICKFORD,WORMER,2018-08-02,2,8,2018,15,5,4,9,,,0,,1,1,1,25,2,2,4,5,0,0,0,0,true,false,false,false,false,false,false,false,false,false,false,false,false,false,false,false,false,false,false,false,false,false,-83.28009,42.42347,"{
  ""coordinates"": [
    -8.328008793318220e+01,
    4.242346426110730e+01
  ],
  ""type"": ""Point""
}","{
  ""coordinates"": [
    -83.280087933,
    42.423464261
  ],
  ""type"": ""Point""
}",-83.2800879329999,42.423464261
12868,1449528,S I 75,8 MILE,2018-08-02,2,8,2018,12,5,8,1,,1,0,Asphalt,1,1,1,55,3,2,2,5,0,0,0,0,true,false,true,true,false,false,false,false,false,false,false,false,false,false,false,false,false,false,false,false,false,false,-83.09492,42.44683,"{
  ""coordinates"": [
    -8.309492829132751e+01,
    4.244682769654940e+01
  ],
  ""type"": ""Point""
}","{
  ""coordinates"": [
    -83.094928291,
    42.446827697
  ],
  ""type"": ""Point""
}",-83.094928291,42.4468276970001
12869,1443306,WOODWARD,CADILLAC,2018-08-02,2,8,2018,22,5,8,9,,4,0,Brick,1,1,4,15,2,2,2,5,0,0,0,0,true,false,false,false,false,false,false,false,false,false,false,false,false,false,false,false,false,false,false,false,false,false,-83.0462,42.33146,"{
  ""coordinates"": [
    -8.304619700240301e+01,
    4.233146085467660e+01
  ],
  ""type"": ""Point""
}","{
  ""coordinates"": [
    -83.046197002,
    42.331460855
  ],
  ""type"": ""Point""
}",-83.046197002,42.331460855
12870,1451547,RANDOLPH,JEFFERSON,2018-08-02,2,8,2018,18,5,8,3,,1,0,Asphalt,1,1,1,30,4,2,1,5,0,0,0,0,true,false,false,false,false,false,false,false,false,false,false,false,false,false,false,false,false,false,false,false,false,false,-83.04218,42.32988,"{
  ""coordinates"": [
    -8.304217720808640e+01,
    4.232987722141760e+01
  ],
  ""type"": ""Point""
}","{
  ""coordinates"": [
    -83.042177208,
    42.329877221
  ],
  ""type"": ""Point""
}",-83.0421772079999,42.3298772210001
12871,1498610,MCNICHOLS,WARD,2018-08-02,2,8,2018,19,5,5,9,,2,0,Asphalt,1,1,1,30,2,2,3,5,0,0,0,0,true,false,false,false,false,false,false,false,false,false,false,false,false,false,false,false,false,false,false,false,false,false,-83.17459,42.41663,"{
  ""coordinates"": [
    -8.317459160703319e+01,
    4.241662631023450e+01
  ],
  ""type"": ""Point""
}","{
  ""coordinates"": [
    -83.174591607,
    42.41662631
  ],
  ""type"": ""Point""
}",-83.174591607,42.41662631
12872,1447854,VIRGIL,SCHOOLCRAFT,2018-08-02,2,8,2018,22,5,8,9,,,0,,1,1,4,,2,2,1,5,0,0,0,0,true,false,false,false,false,false,false,false,false,false,false,false,false,false,false,false,false,false,false,false,false,false,-83.2711,42.38513,"{
  ""coordinates"": [
    -8.327109970785450e+01,
    4.238512868420390e+01
  ],
  ""type"": ""Point""
}","{
  ""coordinates"": [
    -83.271099708,
    42.385128684
  ],
  ""type"": ""Point""
}",-83.271099708,42.3851286840001
12873,1442499,GRATIOT,KILBOURNE,2018-08-02,2,8,2018,10,5,8,3,,1,0,Asphalt,1,1,1,35,4,2,3,5,0,0,0,0,true,false,false,false,false,false,false,false,false,false,false,false,false,false,false,false,false,false,false,false,false,false,-82.99449,42.40951,"{
  ""coordinates"": [
    -8.299449144585680e+01,
    4.240950699639610e+01
  ],
  ""type"": ""Point""
}","{
  ""coordinates"": [
    -82.994491446,
    42.409506996
  ],
  ""type"": ""Point""
}",-82.994491446,42.4095069960001
12874,1451541,WYOMING,OUTER,2018-08-02,2,8,2018,12,5,1,9,,4,0,Asphalt,1,1,1,30,2,1,1,5,0,0,0,0,true,false,false,false,false,false,false,false,true,false,false,false,false,false,false,false,false,false,false,false,false,false,-83.16111,42.43504,"{
  ""coordinates"": [
    -8.316111063232580e+01,
    4.243504478797360e+01
  ],
  ""type"": ""Point""
}","{
  ""coordinates"": [
    -83.161110632,
    42.435044788
  ],
  ""type"": ""Point""
}",-83.161110632,42.435044788
12875,1442468,S I 375,GRATIOT,2018-08-02,2,8,2018,13,5,5,1,,1,0,Asphalt,1,1,1,30,3,2,2,4,0,0,0,1,false,false,false,false,false,false,false,false,false,false,false,false,false,false,false,false,false,false,false,false,false,false,-83.04167,42.33982,"{
  ""coordinates"": [
    -8.304166933353970e+01,
    4.233981793612080e+01
  ],
  ""type"": ""Point""
}","{
  ""coordinates"": [
    -83.041669334,
    42.339817936
  ],
  ""type"": ""Point""
}",-83.0416693339999,42.339817936
12876,1440591,SUNSET,HAMLET,2018-08-02,2,8,2018,18,5,8,9,,,0,,1,1,1,25,1,2,2,5,0,0,0,0,true,false,false,false,false,false,false,false,false,false,false,false,false,false,false,false,false,false,false,false,false,false,-83.06164,42.44603,"{
  ""coordinates"": [
    -8.306163737599800e+01,
    4.244603288730960e+01
  ],
  ""type"": ""Point""
}","{
  ""coordinates"": [
    -83.061637376,
    42.446032887
  ],
  ""type"": ""Point""
}",-83.061637376,42.4460328870001
12877,1449539,I 96,M 39,2018-08-02,2,8,2018,12,5,8,1,,1,0,Concrete,1,1,1,70,3,2,2,5,0,0,0,0,true,false,false,false,false,false,false,false,false,false,false,false,false,false,false,true,false,false,false,false,false,false,-83.21485,42.37882,"{
  ""coordinates"": [
    -8.321485251606400e+01,
    4.237882190678480e+01
  ],
  ""type"": ""Point""
}","{
  ""coordinates"": [
    -83.214852516,
    42.378821907
  ],
  ""type"": ""Point""
}",-83.214852516,42.378821907
12878,1604052,CONNER,KERCHEVAL,2018-08-02,2,8,2018,20,5,2,9,,4,2,Asphalt,1,1,4,30,5,2,3,1,1,0,0,2,false,false,false,false,false,false,false,false,false,false,false,false,false,true,false,false,false,false,false,false,false,false,-82.96052,42.37247,"{
  ""coordinates"": [
    -8.296051469572150e+01,
    4.237246608644170e+01
  ],
  ""type"": ""Point""
}","{
  ""coordinates"": [
    -82.960514696,
    42.372466086
  ],
  ""type"": ""Point""
}",-82.960514696,42.372466086
12879,1439407,7 MILE,FORRER,2018-08-02,2,8,2018,16,5,3,9,,2,0,Asphalt,1,1,1,35,4,2,1,5,0,0,0,0,true,false,false,false,true,false,false,false,false,false,false,false,false,false,false,false,false,false,false,false,false,false,-83.20293,42.43037,"{
  ""coordinates"": [
    -8.320292289258050e+01,
    4.243036515305880e+01
  ],
  ""type"": ""Point""
}","{
  ""coordinates"": [
    -83.202922893,
    42.430365153
  ],
  ""type"": ""Point""
}",-83.2029228929999,42.430365153
12880,1442415,S M 10,RAMP 215F,2018-08-02,2,8,2018,14,5,1,3,,1,1,Concrete,1,1,1,55,3,1,2,5,0,0,0,0,true,false,false,false,false,false,false,false,false,true,false,false,false,false,true,false,false,false,false,false,false,false,-83.07798,42.36123,"{
  ""coordinates"": [
    -8.307797810994970e+01,
    4.236122340493250e+01
  ],
  ""type"": ""Point""
}","{
  ""coordinates"": [
    -83.07797811,
    42.361223405
  ],
  ""type"": ""Point""
}",-83.0779781099999,42.361223405
12881,1440562,BRAILE,WESTFIELD,2018-08-02,2,8,2018,3,5,4,9,,,0,,1,1,4,25,1,2,1,4,0,0,0,1,false,false,true,false,true,false,false,true,false,false,false,false,false,false,false,false,false,false,false,false,false,false,-83.24337,42.36276,"{
  ""coordinates"": [
    -8.324336945843980e+01,
    4.236275731195560e+01
  ],
  ""type"": ""Point""
}","{
  ""coordinates"": [
    -83.243369458,
    42.362757312
  ],
  ""type"": ""Point""
}",-83.243369458,42.362757312
12882,1440541,MILWAUKEE,BEAUBIEN,2018-08-02,2,8,2018,18,5,1,9,,4,0,Asphalt,1,1,1,25,2,1,1,5,0,0,0,0,true,false,false,false,true,false,false,false,false,false,false,false,false,false,false,false,false,false,false,false,false,false,-83.06671,42.37128,"{
  ""coordinates"": [
    -8.306670901975851e+01,
    4.237127504434720e+01
  ],
  ""type"": ""Point""
}","{
  ""coordinates"": [
    -83.06670902,
    42.371275044
  ],
  ""type"": ""Point""
}",-83.06670902,42.3712750440001
12883,1444197,JEFFERSON,MCCLELLAN,2018-08-02,2,8,2018,14,5,8,9,,4,0,Asphalt,1,1,1,30,5,2,2,5,0,0,0,0,true,false,false,false,true,false,false,false,false,false,false,false,false,false,false,false,false,false,false,false,false,false,-82.98509,42.35842,"{
  ""coordinates"": [
    -8.298509586194940e+01,
    4.235842173462000e+01
  ],
  ""type"": ""Point""
}","{
  ""coordinates"": [
    -82.985095862,
    42.358421735
  ],
  ""type"": ""Point""
}",-82.985095862,42.358421735
12884,1440590,8 MILE,RYAND,2018-08-02,2,8,2018,15,5,8,3,,1,0,Asphalt,1,1,1,45,5,2,2,5,0,0,0,0,true,false,false,false,false,false,false,false,false,false,false,false,false,false,false,false,false,false,false,false,false,false,-83.06406,42.44726,"{
  ""coordinates"": [
    -8.306405655901391e+01,
    4.244725632777990e+01
  ],
  ""type"": ""Point""
}","{
  ""coordinates"": [
    -83.064056559,
    42.447256328
  ],
  ""type"": ""Point""
}",-83.0640565589999,42.447256328
12885,1439404,WOODWARD,WITHERELL,2018-08-02,2,8,2018,9,5,8,9,,4,0,Asphalt,1,1,1,40,5,2,2,5,0,0,0,0,true,false,false,false,true,false,false,false,false,false,false,false,false,false,false,false,false,false,false,false,false,false,-83.05024,42.33604,"{
  ""coordinates"": [
    -8.305024336373020e+01,
    4.233604565924090e+01
  ],
  ""type"": ""Point""
}","{
  ""coordinates"": [
    -83.050243364,
    42.336045659
  ],
  ""type"": ""Point""
}",-83.050243364,42.336045659
12886,1446306,OUTER,ROUGE PARK,2018-08-02,2,8,2018,15,5,4,9,,2,0,Asphalt,1,1,1,25,4,2,1,5,0,0,0,0,true,false,false,false,true,false,false,false,false,false,false,false,false,false,false,false,false,false,false,false,false,false,-83.26102,42.37642,"{
  ""coordinates"": [
    -8.326101935793490e+01,
    4.237641949824160e+01
  ],
  ""type"": ""Point""
}","{
  ""coordinates"": [
    -83.261019358,
    42.376419498
  ],
  ""type"": ""Point""
}",-83.2610193579999,42.3764194980001
12887,1439418,EVERGREEN,FENKELL,2018-08-02,2,8,2018,16,5,5,9,,4,0,Asphalt,1,1,1,45,2,2,1,5,0,0,0,0,true,false,false,false,true,false,false,false,false,false,false,false,false,false,false,false,false,false,false,false,false,false,-83.23743,42.40064,"{
  ""coordinates"": [
    -8.323742364801819e+01,
    4.240064074339690e+01
  ],
  ""type"": ""Point""
}","{
  ""coordinates"": [
    -83.237423648,
    42.400640743
  ],
  ""type"": ""Point""
}",-83.2374236479999,42.4006407430001
12888,1440528,GREENFIELD,PLYMOUTH,2018-08-02,2,8,2018,3,5,5,9,,2,0,Asphalt,1,1,4,35,5,2,1,5,0,0,0,0,true,false,false,false,true,false,false,false,false,false,false,false,false,false,false,false,false,false,false,false,false,false,-83.19756,42.37244,"{
  ""coordinates"": [
    -8.319755494926720e+01,
    4.237243722959260e+01
  ],
  ""type"": ""Point""
}","{
  ""coordinates"": [
    -83.197554949,
    42.37243723
  ],
  ""type"": ""Point""
}",-83.1975549489999,42.3724372300001
12889,1439405,EATON,COYLE,2018-08-02,2,8,2018,18,5,4,9,,,0,,1,1,1,25,1,2,2,5,0,0,0,0,true,false,false,false,false,false,false,false,false,false,false,false,false,false,false,false,false,false,false,false,false,false,-83.19372,42.39684,"{
  ""coordinates"": [
    -8.319372162369440e+01,
    4.239684144380350e+01
  ],
  ""type"": ""Point""
}","{
  ""coordinates"": [
    -83.193721624,
    42.396841444
  ],
  ""type"": ""Point""
}",-83.193721624,42.3968414440001
12890,1439412,CENTRAL,WHEELER,2018-08-02,2,8,2018,12,5,4,9,,4,0,Asphalt,1,1,1,15,4,2,2,5,0,0,0,0,true,false,true,false,false,false,false,false,false,false,false,false,false,false,false,false,false,false,false,false,false,false,-83.14557,42.34315,"{
  ""coordinates"": [
    -8.314557009584800e+01,
    4.234315114941460e+01
  ],
  ""type"": ""Point""
}","{
  ""coordinates"": [
    -83.145570096,
    42.343151149
  ],
  ""type"": ""Point""
}",-83.145570096,42.3431511490001
12891,1483242,7 MILE,FILER,2018-08-02,2,8,2018,9,5,5,9,,4,0,Asphalt,1,1,1,35,2,2,2,5,0,0,0,0,true,false,false,false,false,false,false,false,false,false,false,false,false,false,false,false,false,false,false,false,false,false,-83.03804,42.4337,"{
  ""coordinates"": [
    -8.303803788874690e+01,
    4.243369729226900e+01
  ],
  ""type"": ""Point""
}","{
  ""coordinates"": [
    -83.038037889,
    42.433697292
  ],
  ""type"": ""Point""
}",-83.038037889,42.433697292
12892,1448716,7 MILE,N I 75,2018-08-02,2,8,2018,0,5,5,9,,4,3,Concrete,1,1,4,25,2,2,1,5,0,0,0,0,true,false,false,false,false,false,false,false,false,false,false,false,false,false,false,false,false,false,false,false,false,false,-83.09454,42.43249,"{
  ""coordinates"": [
    -8.309454548467581e+01,
    4.243248775479810e+01
  ],
  ""type"": ""Point""
}","{
  ""coordinates"": [
    -83.094545485,
    42.432487755
  ],
  ""type"": ""Point""
}",-83.094545485,42.4324877550001
12893,1439409,MICHIGAN,APPLE,2018-08-02,2,8,2018,14,5,4,2,,1,0,Asphalt,1,1,1,,7,2,2,5,0,0,0,0,true,false,false,false,false,false,false,false,false,false,false,false,false,false,false,false,false,false,false,false,false,false,-83.12946,42.33112,"{
  ""coordinates"": [
    -8.312946655382790e+01,
    4.233112137300190e+01
  ],
  ""type"": ""Point""
}","{
  ""coordinates"": [
    -83.129466554,
    42.331121373
  ],
  ""type"": ""Point""
}",-83.129466554,42.331121373
12894,1440602,RYAN,HILDALE,2018-08-02,2,8,2018,16,5,8,9,,4,0,Asphalt,1,1,1,,2,2,2,5,0,0,0,0,true,false,false,false,true,false,false,false,false,false,false,false,false,false,false,false,false,false,false,false,false,false,-83.06295,42.43021,"{
  ""coordinates"": [
    -8.306294837603460e+01,
    4.243021051172620e+01
  ],
  ""type"": ""Point""
}","{
  ""coordinates"": [
    -83.062948376,
    42.430210512
  ],
  ""type"": ""Point""
}",-83.062948376,42.430210512
12895,1439406,SCHOOLCRAFT,MEYERS,2018-08-02,2,8,2018,11,5,8,9,,4,0,Asphalt,1,1,1,35,2,2,2,5,0,0,0,0,true,false,false,false,false,false,false,false,false,false,false,false,false,false,false,false,false,false,false,false,false,false,-83.16872,42.38825,"{
  ""coordinates"": [
    -8.316872108346750e+01,
    4.238824826215160e+01
  ],
  ""type"": ""Point""
}","{
  ""coordinates"": [
    -83.168721083,
    42.388248262
  ],
  ""type"": ""Point""
}",-83.168721083,42.388248262
12896,1470066,RAMP 216D,E I 94,2018-08-02,2,8,2018,17,5,8,1,,1,0,Asphalt,1,1,1,55,8,2,1,4,0,0,0,1,false,false,false,false,true,false,false,false,false,false,false,false,false,false,false,false,false,false,false,false,false,false,-83.05776,42.36856,"{
  ""coordinates"": [
    -8.305776279732670e+01,
    4.236855648535850e+01
  ],
  ""type"": ""Point""
}","{
  ""coordinates"": [
    -83.057762797,
    42.368556485
  ],
  ""type"": ""Point""
}",-83.057762797,42.3685564850001
12897,1440587,7 MILE,GREELEY,2018-08-02,2,8,2018,0,5,5,9,,4,0,Asphalt,1,1,4,35,2,2,0,5,0,0,0,0,true,false,false,false,true,false,false,false,false,false,false,false,false,false,false,false,false,false,false,false,false,false,-83.08749,42.43274,"{
  ""coordinates"": [
    -8.308749156844630e+01,
    4.243274346728070e+01
  ],
  ""type"": ""Point""
}","{
  ""coordinates"": [
    -83.087491568,
    42.432743467
  ],
  ""type"": ""Point""
}",-83.087491568,42.4327434670001
12898,1442547,BRUSH,HANCOCK,2018-08-02,2,8,2018,16,5,4,9,,4,0,Asphalt,1,1,1,30,6,2,2,5,0,0,0,0,true,false,false,false,false,false,false,false,false,false,false,false,false,false,true,false,false,false,false,false,false,false,-83.0592,42.3577,"{
  ""coordinates"": [
    -8.305919935452390e+01,
    4.235769969679680e+01
  ],
  ""type"": ""Point""
}","{
  ""coordinates"": [
    -83.059199355,
    42.357699697
  ],
  ""type"": ""Point""
}",-83.059199355,42.357699697
12899,1467859,LIVERNOIS,MARGARETA,2018-08-02,2,8,2018,17,5,98,9,,4,0,Asphalt,1,1,1,30,5,2,2,5,0,0,0,0,true,false,false,false,false,false,false,false,false,false,false,true,false,true,false,false,false,false,false,false,false,false,-83.14143,42.42805,"{
  ""coordinates"": [
    -8.314143633538301e+01,
    4.242805630023540e+01
  ],
  ""type"": ""Point""
}","{
  ""coordinates"": [
    -83.141436335,
    42.4280563
  ],
  ""type"": ""Point""
}",-83.141436335,42.4280563
12900,1440575,EDISON,WOODROW WILSON,2018-08-02,2,8,2018,20,5,97,9,,,0,,1,1,3,25,2,3,2,4,0,0,0,1,false,false,false,false,false,false,false,false,false,true,false,false,false,false,false,false,false,false,false,false,false,false,-83.09741,42.3793,"{
  ""coordinates"": [
    -8.309741016145939e+01,
    4.237929825638670e+01
  ],
  ""type"": ""Point""
}","{
  ""coordinates"": [
    -83.097410161,
    42.379298256
  ],
  ""type"": ""Point""
}",-83.097410161,42.379298256
12901,1449513,RAMP 122J,N I 75,2018-08-02,2,8,2018,8,5,8,1,,1,0,Concrete,1,1,1,55,1,2,2,5,0,0,0,0,true,false,false,false,false,false,false,false,false,false,false,false,false,false,false,false,false,false,false,false,false,false,-83.06266,42.33548,"{
  ""coordinates"": [
    -8.306265784629990e+01,
    4.233548372637750e+01
  ],
  ""type"": ""Point""
}","{
  ""coordinates"": [
    -83.062657846,
    42.335483726
  ],
  ""type"": ""Point""
}",-83.062657846,42.3354837260001
12902,1442416,S M 10,LINWOOD,2018-08-02,2,8,2018,17,5,5,3,,1,0,Concrete,1,1,1,55,4,2,2,5,0,0,0,0,true,false,false,false,false,false,false,false,false,false,false,false,false,false,false,false,false,false,false,false,false,false,-83.12743,42.40508,"{
  ""coordinates"": [
    -8.312743191682110e+01,
    4.240507924294240e+01
  ],
  ""type"": ""Point""
}","{
  ""coordinates"": [
    -83.127431917,
    42.405079243
  ],
  ""type"": ""Point""
}",-83.127431917,42.405079243
12903,1449526,S M 10,GRAND,2018-08-02,2,8,2018,7,5,5,3,,1,0,Concrete,1,1,1,35,4,2,2,5,0,0,0,0,true,false,false,false,false,false,false,false,false,false,false,false,false,false,false,false,true,false,false,false,false,false,-83.08202,42.36715,"{
  ""coordinates"": [
    -8.308202406837751e+01,
    4.236715154206220e+01
  ],
  ""type"": ""Point""
}","{
  ""coordinates"": [
    -83.082024068,
    42.367151542
  ],
  ""type"": ""Point""
}",-83.082024068,42.367151542