ObjectId,Crash ID,Primary Road,Intersecting Road,Crash Date,Day,Month,Year,Hour,Weekday,Crash Type Code,Highway Classification Code,Community Code,Jurisdiction Code,Lane Departure Type Code,Surface Type,Road Condition,Weather Condition,Lighting Condition,Speed Limit,Lanes,Units,Occupants,Most Severe Injury,Fatal Injuries,Suspected Serious Injuries,Suspected Minor Injuries,Possible Injuries,Property Damage Only,Secondary Crash,Traffic Control,Red Light Run,Hit and Run,Alcohol,Drugs,Unbelted Person,Work Zone,Speeding Driver,Distracted Driver,Driveway,Pedestrian,Elderly Driver,Young Driver,Commercial Vehicle,Emergency Vehicles,Train,School Bus,Motorcycle,Bicycle,Deer,Longitude,Latitude,geom,geog,x,y
13176,1435242,JEFFERSON,MOUNT ELLIOTT,2018-07-28,28,7,2018,18,7,5,9,,4,0,Asphalt,1,1,1,35,5,2,2,5,0,0,0,0,true,false,false,false,false,false,false,false,false,false,false,false,false,false,false,false,false,false,false,false,false,false,-83.01067,42.34339,"{
  ""coordinates"": [
    -8.301067591688580e+01,
    4.234339141968850e+01
  ],
  ""type"": ""Point""
}","{
  ""coordinates"": [
    -83.010675917,
    42.34339142
  ],
  ""type"": ""Point""
}",-83.010675917,42.34339142
13177,1436981,EVERGREEN,CHICAGO,2018-07-28,28,7,2018,16,7,3,9,,4,0,Asphalt,1,1,1,30,2,2,3,4,0,0,0,3,false,false,false,false,false,false,false,false,false,false,false,false,false,true,false,false,false,false,false,false,false,false,-83.23605,42.3649,"{
  ""coordinates"": [
    -8.323604439753250e+01,
    4.236490421565720e+01
  ],
  ""type"": ""Point""
}","{
  ""coordinates"": [
    -83.236044398,
    42.364904216
  ],
  ""type"": ""Point""
}",-83.236044398,42.3649042160001
13178,1437708,MORANG,FAIRCREST,2018-07-28,28,7,2018,0,7,5,9,,4,0,Asphalt,1,1,4,30,2,2,0,5,0,0,0,0,true,false,false,false,true,false,false,false,false,false,false,false,false,false,false,false,false,false,false,false,false,false,-82.95979,42.43214,"{
  ""coordinates"": [
    -8.295979629244350e+01,
    4.243213883585520e+01
  ],
  ""type"": ""Point""
}","{
  ""coordinates"": [
    -82.959796292,
    42.432138836
  ],
  ""type"": ""Point""
}",-82.959796292,42.432138836
13179,1437709,CONNER,HARPER,2018-07-28,28,7,2018,16,7,8,9,,4,0,Asphalt,1,1,1,25,2,2,2,5,0,0,0,0,true,false,false,false,false,false,false,false,false,false,false,false,false,false,false,false,false,false,false,false,false,false,-82.98963,42.39743,"{
  ""coordinates"": [
    -8.298963443053150e+01,
    4.239743216287810e+01
  ],
  ""type"": ""Point""
}","{
  ""coordinates"": [
    -82.989634431,
    42.397432163
  ],
  ""type"": ""Point""
}",-82.989634431,42.3974321630001
13180,1437691,14TH,GRAND,2018-07-28,28,7,2018,15,7,4,9,,4,0,Concrete,1,1,1,25,3,2,2,5,0,0,0,0,true,false,true,true,false,false,false,false,false,false,false,false,false,false,true,false,false,false,false,false,false,false,-83.08095,42.33916,"{
  ""coordinates"": [
    -8.308094929892459e+01,
    4.233915539922430e+01
  ],
  ""type"": ""Point""
}","{
  ""coordinates"": [
    -83.080949299,
    42.339155399
  ],
  ""type"": ""Point""
}",-83.0809492989999,42.339155399
13181,1439399,I-75,WARREN,2018-07-28,28,7,2018,0,7,5,1,,1,0,Asphalt,1,2,4,55,4,2,1,3,0,0,1,0,false,false,false,false,true,false,false,false,true,false,false,false,false,true,false,false,false,false,false,false,false,false,-83.05341,42.3596,"{
  ""coordinates"": [
    -8.305341080234820e+01,
    4.235960025730720e+01
  ],
  ""type"": ""Point""
}","{
  ""coordinates"": [
    -83.053410802,
    42.359600257
  ],
  ""type"": ""Point""
}",-83.053410802,42.3596002570001
13182,1440573,7 MILE,HAYES,2018-07-28,28,7,2018,3,7,4,9,,2,0,Asphalt,1,1,4,30,8,2,2,4,0,0,0,1,false,false,true,true,false,false,false,false,false,false,false,false,false,false,false,false,false,false,false,false,false,false,-82.96552,42.43542,"{
  ""coordinates"": [
    -8.296551754229139e+01,
    4.243542171902200e+01
  ],
  ""type"": ""Point""
}","{
  ""coordinates"": [
    -82.965517542,
    42.435421719
  ],
  ""type"": ""Point""
}",-82.965517542,42.435421719
13183,1436988,7 MILE,MANSFIELD,2018-07-28,28,7,2018,15,7,5,9,,2,0,Asphalt,1,1,1,35,2,2,1,5,0,0,0,0,true,false,false,false,true,false,false,false,false,false,false,false,false,false,false,false,false,false,false,false,false,false,-83.20637,42.43032,"{
  ""coordinates"": [
    -8.320636550754070e+01,
    4.243032514844860e+01
  ],
  ""type"": ""Point""
}","{
  ""coordinates"": [
    -83.206365508,
    42.430325148
  ],
  ""type"": ""Point""
}",-83.206365508,42.4303251480001
13184,1436102,JEFFERSON,MOUNT ELLIOTT,2018-07-28,28,7,2018,11,7,5,9,,4,0,Asphalt,1,1,1,35,5,2,4,5,0,0,0,0,true,false,false,false,false,false,false,false,false,false,false,false,false,false,false,false,false,false,false,false,false,false,-83.01067,42.34339,"{
  ""coordinates"": [
    -8.301067591688580e+01,
    4.234339141968850e+01
  ],
  ""type"": ""Point""
}","{
  ""coordinates"": [
    -83.010675917,
    42.34339142
  ],
  ""type"": ""Point""
}",-83.010675917,42.34339142
13185,1436978,STAHELIN,FORD,2018-07-28,28,7,2018,2,7,4,3,,,0,,1,1,4,50,4,2,3,5,0,0,0,0,true,false,false,false,true,false,false,false,false,false,false,false,false,false,false,false,false,false,false,true,false,false,-83.22388,42.32896,"{
  ""coordinates"": [
    -8.322387423851821e+01,
    4.232896099095720e+01
  ],
  ""type"": ""Point""
}","{
  ""coordinates"": [
    -83.223874239,
    42.328960991
  ],
  ""type"": ""Point""
}",-83.2238742389999,42.328960991
13186,1440532,OUTER,GREENFIELD,2018-07-28,28,7,2018,15,7,4,9,,2,0,Asphalt,1,1,1,35,3,2,1,5,0,0,0,0,true,false,false,false,false,false,false,false,false,false,false,false,false,false,false,false,false,false,false,false,false,false,-83.19909,42.41969,"{
  ""coordinates"": [
    -8.319908543183000e+01,
    4.241968486187140e+01
  ],
  ""type"": ""Point""
}","{
  ""coordinates"": [
    -83.199085432,
    42.419684862
  ],
  ""type"": ""Point""
}",-83.1990854319999,42.4196848620001
13187,1436959,ALTER,MACK,2018-07-28,28,7,2018,11,7,4,9,,4,0,Asphalt,1,1,1,30,4,2,5,5,0,0,0,0,true,false,true,true,false,false,false,false,false,false,false,false,false,false,false,false,false,false,false,false,false,false,-82.94769,42.38728,"{
  ""coordinates"": [
    -8.294768539774900e+01,
    4.238727940866440e+01
  ],
  ""type"": ""Point""
}","{
  ""coordinates"": [
    -82.947685398,
    42.387279409
  ],
  ""type"": ""Point""
}",-82.947685398,42.387279409
13188,1436103,GRATIOT,CHENE,2018-07-28,28,7,2018,17,7,5,3,,1,0,Asphalt,1,1,1,30,7,3,4,4,0,0,0,3,false,false,false,false,false,false,false,false,false,false,false,false,false,true,false,false,false,false,false,false,false,false,-83.03237,42.352,"{
  ""coordinates"": [
    -8.303237011416230e+01,
    4.235200205820490e+01
  ],
  ""type"": ""Point""
}","{
  ""coordinates"": [
    -83.032370114,
    42.352002058
  ],
  ""type"": ""Point""
}",-83.0323701139999,42.352002058
13189,1440544,WOODWARD,WARREN,2018-07-28,28,7,2018,2,7,4,3,,1,0,Asphalt,1,1,4,35,4,2,4,5,0,0,0,0,true,false,true,true,false,false,false,false,false,false,false,false,false,false,false,false,false,false,false,false,false,false,-83.06436,42.35692,"{
  ""coordinates"": [
    -8.306436407536459e+01,
    4.235692070210040e+01
  ],
  ""type"": ""Point""
}","{
  ""coordinates"": [
    -83.064364075,
    42.356920702
  ],
  ""type"": ""Point""
}",-83.064364075,42.356920702
13190,1436990,ROSEMONT,PILGRIM,2018-07-28,28,7,2018,22,7,2,9,,,2,,98,98,98,25,2,2,0,5,0,0,0,0,true,false,false,false,true,false,false,true,false,false,true,false,false,false,false,false,false,false,false,false,false,false,-83.22105,42.4066,"{
  ""coordinates"": [
    -8.322105678925780e+01,
    4.240659896281090e+01
  ],
  ""type"": ""Point""
}","{
  ""coordinates"": [
    -83.221056789,
    42.406598963
  ],
  ""type"": ""Point""
}",-83.221056789,42.4065989630001
13191,1437700,GRATIOT,HARPER,2018-07-28,28,7,2018,17,7,8,3,,1,0,Asphalt,1,1,1,45,3,2,2,5,0,0,0,0,true,true,false,false,true,false,false,false,false,false,false,false,false,false,false,false,false,false,false,false,false,false,-83.0052,42.39319,"{
  ""coordinates"": [
    -8.300519317206469e+01,
    4.239318876214010e+01
  ],
  ""type"": ""Point""
}","{
  ""coordinates"": [
    -83.005193172,
    42.393188762
  ],
  ""type"": ""Point""
}",-83.005193172,42.3931887620001
13192,1436977,SPINOZA,JOY,2018-07-28,28,7,2018,20,7,8,9,,4,0,Asphalt,1,1,3,35,2,2,0,5,0,0,0,0,true,false,false,false,true,false,false,false,false,false,false,false,false,false,false,false,false,false,false,false,false,false,-83.25034,42.35786,"{
  ""coordinates"": [
    -8.325034660527510e+01,
    4.235786167890150e+01
  ],
  ""type"": ""Point""
}","{
  ""coordinates"": [
    -83.250346605,
    42.357861679
  ],
  ""type"": ""Point""
}",-83.2503466049999,42.3578616790001
13193,1437711,HAVERHILL,LINVILLE,2018-07-28,28,7,2018,17,7,98,9,,,0,,1,1,1,25,2,2,0,5,0,0,0,0,true,false,false,false,true,false,false,false,false,false,false,false,false,false,false,false,false,false,false,false,false,false,-82.94764,42.4086,"{
  ""coordinates"": [
    -8.294763877584080e+01,
    4.240859487470480e+01
  ],
  ""type"": ""Point""
}","{
  ""coordinates"": [
    -82.947638776,
    42.408594875
  ],
  ""type"": ""Point""
}",-82.947638776,42.4085948750001
13194,1435244,GRATIOT,CHENE,2018-07-28,28,7,2018,14,7,8,3,,1,0,Asphalt,1,1,1,35,7,2,1,5,0,0,0,0,true,false,false,false,false,false,false,false,false,false,false,false,false,false,false,false,false,false,false,false,false,false,-83.03204,42.35251,"{
  ""coordinates"": [
    -8.303203620639160e+01,
    4.235251009328800e+01
  ],
  ""type"": ""Point""
}","{
  ""coordinates"": [
    -83.032036206,
    42.352510093
  ],
  ""type"": ""Point""
}",-83.032036206,42.352510093
13195,1436119,DAVISON,LIVERNOIS,2018-07-28,28,7,2018,18,7,5,3,,1,0,Concrete,1,1,1,35,3,2,2,4,0,0,0,1,false,false,false,false,false,false,false,false,false,false,false,false,false,false,false,false,false,false,false,false,false,false,-83.13955,42.38669,"{
  ""coordinates"": [
    -8.313954844527470e+01,
    4.238669096061450e+01
  ],
  ""type"": ""Point""
}","{
  ""coordinates"": [
    -83.139548445,
    42.386690961
  ],
  ""type"": ""Point""
}",-83.1395484449999,42.3866909610001
13196,1436109,MCNICHOLS,CAMERON,2018-07-28,28,7,2018,13,7,4,9,,2,0,Asphalt,1,1,1,30,2,2,2,5,0,0,0,0,true,false,false,false,false,false,false,false,false,false,false,false,false,false,false,false,false,false,false,false,false,false,-83.09333,42.41811,"{
  ""coordinates"": [
    -8.309333061035071e+01,
    4.241810572527900e+01
  ],
  ""type"": ""Point""
}","{
  ""coordinates"": [
    -83.09333061,
    42.418105725
  ],
  ""type"": ""Point""
}",-83.09333061,42.418105725
13197,1439414,PLYMOUTH,CHATHAM,2018-07-28,28,7,2018,22,7,1,9,,1,0,Asphalt,1,1,3,35,7,1,3,3,0,0,2,0,false,false,false,false,false,false,false,false,false,false,false,false,false,false,false,false,false,false,false,false,false,false,-83.26219,42.37157,"{
  ""coordinates"": [
    -8.326218952840560e+01,
    4.237157230835670e+01
  ],
  ""type"": ""Point""
}","{
  ""coordinates"": [
    -83.262189528,
    42.371572308
  ],
  ""type"": ""Point""
}",-83.262189528,42.3715723080001
13198,1444184,I-96,EVERGREEN,2018-07-28,28,7,2018,22,7,8,1,,1,0,Concrete,1,1,4,70,3,2,2,5,0,0,0,0,true,false,false,false,false,false,false,false,false,true,false,false,false,false,true,false,false,false,false,false,false,false,-83.23795,42.38145,"{
  ""coordinates"": [
    -8.323794976121771e+01,
    4.238145624368880e+01
  ],
  ""type"": ""Point""
}","{
  ""coordinates"": [
    -83.237949761,
    42.381456244
  ],
  ""type"": ""Point""
}",-83.237949761,42.381456244
13199,1437705,DUPREY,MOROSS,2018-07-28,28,7,2018,14,7,4,9,,,0,,1,2,1,35,3,2,3,5,0,0,0,0,true,false,false,false,false,false,false,false,false,false,false,false,false,false,false,false,false,false,false,false,false,false,-82.93324,42.4266,"{
  ""coordinates"": [
    -8.293323484067430e+01,
    4.242659847111830e+01
  ],
  ""type"": ""Point""
}","{
  ""coordinates"": [
    -82.933234841,
    42.426598471
  ],
  ""type"": ""Point""
}",-82.9332348409999,42.426598471
13200,1437704,HARPER,HAYES,2018-07-28,28,7,2018,5,7,5,9,,4,0,Asphalt,1,1,4,35,5,2,2,4,0,0,0,1,false,false,false,false,false,false,false,false,false,false,false,false,false,false,false,false,false,false,false,false,false,false,-82.96433,42.40474,"{
  ""coordinates"": [
    -8.296433334722560e+01,
    4.240473832970960e+01
  ],
  ""type"": ""Point""
}","{
  ""coordinates"": [
    -82.964333347,
    42.40473833
  ],
  ""type"": ""Point""
}",-82.964333347,42.40473833
13201,1436077,I-75,ROSA PARKS,2018-07-28,28,7,2018,21,7,5,9,,4,0,Asphalt,1,1,4,55,2,2,3,5,0,0,0,0,true,false,false,false,false,false,false,false,false,false,false,false,false,false,true,false,false,false,false,false,false,false,-83.07169,42.3345,"{
  ""coordinates"": [
    -8.307168272272440e+01,
    4.233449975449850e+01
  ],
  ""type"": ""Point""
}","{
  ""coordinates"": [
    -83.071682723,
    42.334499754
  ],
  ""type"": ""Point""
}",-83.071682723,42.334499754
13202,1437020,S M 10,LINWOOD,2018-07-28,28,7,2018,9,7,8,3,,1,0,Concrete,1,1,1,25,2,2,2,5,0,0,0,0,true,false,false,false,false,false,false,false,false,false,false,false,false,true,false,false,false,false,false,false,false,false,-83.12733,42.40508,"{
  ""coordinates"": [
    -8.312733418066971e+01,
    4.240508133165760e+01
  ],
  ""type"": ""Point""
}","{
  ""coordinates"": [
    -83.127334181,
    42.405081332
  ],
  ""type"": ""Point""
}",-83.127334181,42.4050813320001
13203,1436104,HANCOCK,CHENE,2018-07-28,28,7,2018,10,7,5,9,,,0,,1,1,1,30,2,2,3,5,0,0,0,0,true,false,false,false,true,false,false,false,false,false,false,false,false,true,false,false,false,false,false,false,false,false,-83.04006,42.36466,"{
  ""coordinates"": [
    -8.304006379100220e+01,
    4.236466365197380e+01
  ],
  ""type"": ""Point""
}","{
  ""coordinates"": [
    -83.040063791,
    42.364663652
  ],
  ""type"": ""Point""
}",-83.040063791,42.364663652
13204,1440561,E I 96,OUTER,2018-07-28,28,7,2018,21,7,5,1,,1,0,Concrete,98,98,98,65,4,2,2,5,0,0,0,0,true,false,false,false,false,false,false,false,false,false,false,false,false,false,false,false,false,false,false,false,false,false,-83.25639,42.38544,"{
  ""coordinates"": [
    -8.325639262544890e+01,
    4.238544159197980e+01
  ],
  ""type"": ""Point""
}","{
  ""coordinates"": [
    -83.256392625,
    42.385441592
  ],
  ""type"": ""Point""
}",-83.256392625,42.3854415920001
13205,1437710,GRAND RIVER,GRAND,2018-07-28,28,7,2018,12,7,97,3,,1,0,Asphalt,1,1,1,35,4,3,2,5,0,0,0,0,true,false,true,true,false,false,false,false,false,false,false,false,false,true,false,false,false,false,false,false,false,false,-83.10938,42.35679,"{
  ""coordinates"": [
    -8.310938481059419e+01,
    4.235678714772210e+01
  ],
  ""type"": ""Point""
}","{
  ""coordinates"": [
    -83.109384811,
    42.356787148
  ],
  ""type"": ""Point""
}",-83.109384811,42.3567871480001
13206,1436996,RUTHERFORD,TROJAN,2018-07-28,28,7,2018,2,7,1,9,,,1,,1,1,5,25,2,1,1,5,0,0,0,0,true,false,false,false,false,true,false,false,false,false,false,false,false,false,false,false,false,false,false,false,false,false,-83.20572,42.44138,"{
  ""coordinates"": [
    -8.320571806987630e+01,
    4.244137553774010e+01
  ],
  ""type"": ""Point""
}","{
  ""coordinates"": [
    -83.20571807,
    42.441375538
  ],
  ""type"": ""Point""
}",-83.20571807,42.441375538
13207,1436087,SCHOOLCRAFT,CHEYENNE,2018-07-28,28,7,2018,14,7,4,9,,4,0,Asphalt,1,1,1,30,2,2,3,5,0,0,0,0,true,false,false,false,true,false,false,false,false,false,false,false,false,false,true,false,false,false,false,false,false,false,-83.17402,42.38811,"{
  ""coordinates"": [
    -8.317402018605181e+01,
    4.238811568152890e+01
  ],
  ""type"": ""Point""
}","{
  ""coordinates"": [
    -83.174020186,
    42.388115682
  ],
  ""type"": ""Point""
}",-83.174020186,42.388115682
13208,1435276,EWALD,PENTOSKEY,2018-07-27,27,7,2018,11,6,4,9,,4,0,Asphalt,2,4,1,30,1,2,2,5,0,0,0,0,true,false,false,false,true,false,false,false,false,false,false,false,false,false,false,false,false,false,false,false,false,false,-83.13807,42.39206,"{
  ""coordinates"": [
    -8.313806996143380e+01,
    4.239206294870530e+01
  ],
  ""type"": ""Point""
}","{
  ""coordinates"": [
    -83.138069961,
    42.392062949
  ],
  ""type"": ""Point""
}",-83.138069961,42.392062949
13209,1435247,CORBETT,DICKERSON,2018-07-27,27,7,2018,23,6,2,9,,,0,,1,1,4,25,2,2,2,5,0,0,0,0,true,false,false,false,true,false,false,false,false,false,false,false,false,false,false,false,false,false,false,false,false,false,-82.97579,42.40652,"{
  ""coordinates"": [
    -8.297578861120169e+01,
    4.240652456501190e+01
  ],
  ""type"": ""Point""
}","{
  ""coordinates"": [
    -82.975788611,
    42.406524565
  ],
  ""type"": ""Point""
}",-82.975788611,42.406524565
13210,1436117,JAMES COUZENS,OUTER,2018-07-27,27,7,2018,21,6,4,3,,1,0,Concrete,1,1,4,35,3,2,1,5,0,0,0,0,true,false,false,false,false,false,false,false,false,false,false,false,false,false,false,false,false,false,false,false,false,false,-83.17634,42.42096,"{
  ""coordinates"": [
    -8.317634120753431e+01,
    4.242096106922300e+01
  ],
  ""type"": ""Point""
}","{
  ""coordinates"": [
    -83.176341208,
    42.420961069
  ],
  ""type"": ""Point""
}",-83.1763412079999,42.420961069
13211,1435219,RAMP 051B,TELEGRAPH,2018-07-27,27,7,2018,11,6,5,2,,1,0,Concrete,2,4,1,40,1,2,2,5,0,0,0,0,true,false,false,false,false,false,false,false,false,false,false,false,false,false,false,false,false,false,false,false,false,false,-83.27834,42.44232,"{
  ""coordinates"": [
    -8.327833653264980e+01,
    4.244232064538310e+01
  ],
  ""type"": ""Point""
}","{
  ""coordinates"": [
    -83.278336533,
    42.442320645
  ],
  ""type"": ""Point""
}",-83.278336533,42.4423206450001
13212,1442525,DAVISON,CONANT,2018-07-27,27,7,2018,17,6,98,3,,1,0,Asphalt,1,1,1,35,2,2,2,5,0,0,0,0,true,false,false,false,false,false,false,false,false,false,false,false,false,false,false,false,false,false,false,false,false,false,-83.06158,42.41549,"{
  ""coordinates"": [
    -8.306157743372989e+01,
    4.241548948523510e+01
  ],
  ""type"": ""Point""
}","{
  ""coordinates"": [
    -83.061577434,
    42.415489485
  ],
  ""type"": ""Point""
}",-83.061577434,42.4154894850001
13213,1435213,I 94,DICKERSON,2018-07-27,27,7,2018,6,6,5,1,,1,0,Asphalt,1,1,1,55,3,2,2,5,0,0,0,0,true,false,false,false,false,false,false,false,false,false,false,false,false,false,false,false,false,false,false,false,false,false,-82.9733,42.40155,"{
  ""coordinates"": [
    -8.297330469355090e+01,
    4.240154813040130e+01
  ],
  ""type"": ""Point""
}","{
  ""coordinates"": [
    -82.973304694,
    42.40154813
  ],
  ""type"": ""Point""
}",-82.973304694,42.40154813
13214,1435224,W I 94,BRUSH,2018-07-27,27,7,2018,13,6,4,1,,1,0,Asphalt,1,1,1,30,5,2,4,5,0,0,0,0,true,false,false,false,false,false,false,false,false,false,false,false,false,false,false,false,false,false,false,false,false,false,-83.06456,42.36578,"{
  ""coordinates"": [
    -8.306456021466990e+01,
    4.236578002956420e+01
  ],
  ""type"": ""Point""
}","{
  ""coordinates"": [
    -83.064560215,
    42.36578003
  ],
  ""type"": ""Point""
}",-83.064560215,42.3657800300001
13215,1436085,LIVERNOIS,GRAND RIVER,2018-07-27,27,7,2018,21,6,4,3,,4,0,Concrete,1,1,4,35,9,2,4,5,0,0,0,0,true,false,false,false,false,false,false,false,false,false,false,false,false,true,false,false,false,false,false,false,false,false,-83.1388,42.36866,"{
  ""coordinates"": [
    -8.313880209307899e+01,
    4.236866476293010e+01
  ],
  ""type"": ""Point""
}","{
  ""coordinates"": [
    -83.138802093,
    42.368664763
  ],
  ""type"": ""Point""
}",-83.138802093,42.368664763
13216,1435226,GRAND,HAMILTON,2018-07-27,27,7,2018,13,6,4,9,,4,0,Concrete,1,1,1,30,6,2,2,5,0,0,0,0,true,false,false,false,false,false,false,false,false,false,false,false,false,false,false,false,false,false,false,false,false,false,-83.08216,42.36684,"{
  ""coordinates"": [
    -8.308215919928401e+01,
    4.236684501518190e+01
  ],
  ""type"": ""Point""
}","{
  ""coordinates"": [
    -83.082159199,
    42.366845015
  ],
  ""type"": ""Point""
}",-83.082159199,42.3668450150001
13217,1448703,EWALD,CORTLAND,2018-07-27,27,7,2018,13,6,8,9,,4,0,Asphalt,1,1,1,25,2,2,3,5,0,0,0,0,true,false,false,false,false,false,false,false,false,false,false,false,false,false,false,false,false,false,false,false,false,false,-83.1451,42.37918,"{
  ""coordinates"": [
    -8.314509957959071e+01,
    4.237917802242920e+01
  ],
  ""type"": ""Point""
}","{
  ""coordinates"": [
    -83.14509958,
    42.379178022
  ],
  ""type"": ""Point""
}",-83.14509958,42.3791780220001
13218,1436113,LESURE,CLARITA,2018-07-27,27,7,2018,19,6,8,9,,,0,,1,1,1,25,1,2,4,5,0,0,0,0,true,false,false,false,false,false,false,false,false,true,false,false,false,false,true,false,false,false,false,false,false,false,-83.1828,42.42966,"{
  ""coordinates"": [
    -8.318279822663250e+01,
    4.242965778665170e+01
  ],
  ""type"": ""Point""
}","{
  ""coordinates"": [
    -83.182798227,
    42.429657787
  ],
  ""type"": ""Point""
}",-83.182798227,42.4296577870001
13219,1435235,GRATIOT,DUBOIS,2018-07-27,27,7,2018,19,6,3,3,,1,0,Asphalt,1,1,2,30,7,2,2,4,0,0,0,1,false,false,false,false,false,false,false,false,false,false,false,false,false,false,false,false,false,false,false,false,false,false,-83.03333,42.35059,"{
  ""coordinates"": [
    -8.303332868927440e+01,
    4.235059180239220e+01
  ],
  ""type"": ""Point""
}","{
  ""coordinates"": [
    -83.033328689,
    42.350591802
  ],
  ""type"": ""Point""
}",-83.033328689,42.3505918020001
13220,1440633,PALMER,JOHN R,2018-07-27,27,7,2018,14,6,10,9,,,0,,1,1,1,25,2,2,2,5,0,0,0,0,true,false,false,false,false,false,false,false,false,false,false,false,false,false,false,false,false,false,false,false,false,false,-83.06564,42.36299,"{
  ""coordinates"": [
    -8.306563668691081e+01,
    4.236298870581570e+01
  ],
  ""type"": ""Point""
}","{
  ""coordinates"": [
    -83.065636687,
    42.362988706
  ],
  ""type"": ""Point""
}",-83.0656366869999,42.3629887060001
13221,1435243,JEFFERSON,SAINT AUBIN,2018-07-27,27,7,2018,23,6,8,9,,4,0,Asphalt,1,1,5,35,6,2,1,5,0,0,0,0,true,false,false,false,true,false,false,false,false,false,false,true,false,false,false,false,false,false,false,false,false,false,-83.02766,42.33608,"{
  ""coordinates"": [
    -8.302765719020540e+01,
    4.233608282027140e+01
  ],
  ""type"": ""Point""
}","{
  ""coordinates"": [
    -83.02765719,
    42.33608282
  ],
  ""type"": ""Point""
}",-83.02765719,42.3360828200001
13222,1435270,LIVERNOIS,PURITAN,2018-07-27,27,7,2018,10,6,1,9,,4,1,Asphalt,2,4,1,30,3,1,2,4,0,0,0,1,false,false,false,false,false,false,false,false,false,true,false,false,false,false,false,false,false,false,false,false,false,false,-83.14042,42.40952,"{
  ""coordinates"": [
    -8.314041607943440e+01,
    4.240951764183540e+01
  ],
  ""type"": ""Point""
}","{
  ""coordinates"": [
    -83.140416079,
    42.409517642
  ],
  ""type"": ""Point""
}",-83.140416079,42.409517642
13223,1435228,LIVERNOIS,BIVOUAC,2018-07-27,27,7,2018,18,6,1,9,,4,0,Asphalt,1,1,1,35,2,3,2,4,0,0,0,1,false,false,false,false,true,false,false,false,false,false,false,false,false,false,false,false,false,false,false,false,true,false,-83.11034,42.31737,"{
  ""coordinates"": [
    -8.311034016076920e+01,
    4.231737031271340e+01
  ],
  ""type"": ""Point""
}","{
  ""coordinates"": [
    -83.110340161,
    42.317370313
  ],
  ""type"": ""Point""
}",-83.110340161,42.317370313
13224,1435253,GRATIOT,FAIRMOUNT,2018-07-27,27,7,2018,17,6,4,3,,1,0,Asphalt,1,1,1,35,7,2,2,5,0,0,0,0,true,false,false,false,false,false,false,false,false,false,false,false,false,true,false,false,true,false,false,false,false,false,-82.97157,42.44436,"{
  ""coordinates"": [
    -8.297157577539440e+01,
    4.244435956677100e+01
  ],
  ""type"": ""Point""
}","{
  ""coordinates"": [
    -82.971575775,
    42.444359567
  ],
  ""type"": ""Point""
}",-82.971575775,42.444359567
13225,1445065,I-94,CHENE,2018-07-27,27,7,2018,14,6,8,1,,1,0,Concrete,1,1,1,55,3,2,1,5,0,0,0,0,true,false,false,false,false,false,false,false,false,false,false,false,false,false,false,false,false,false,false,false,false,false,-83.04603,42.37442,"{
  ""coordinates"": [
    -8.304602801970429e+01,
    4.237441556260800e+01
  ],
  ""type"": ""Point""
}","{
  ""coordinates"": [
    -83.04602802,
    42.374415563
  ],
  ""type"": ""Point""
}",-83.0460280199999,42.3744155630001
13226,1436116,7 MILE,CANTERBURY,2018-07-27,27,7,2018,18,6,5,9,,2,0,Asphalt,1,1,1,35,4,2,2,5,0,0,0,0,true,false,false,false,false,false,false,false,false,false,false,false,false,true,false,false,false,false,false,false,false,false,-83.13233,42.43174,"{
  ""coordinates"": [
    -8.313233492373990e+01,
    4.243173930419240e+01
  ],
  ""type"": ""Point""
}","{
  ""coordinates"": [
    -83.132334924,
    42.431739304
  ],
  ""type"": ""Point""
}",-83.132334924,42.4317393040001
13227,1435218,LARNED,RANDOLPH,2018-07-27,27,7,2018,16,6,5,3,,4,0,Asphalt,1,1,1,35,4,3,11,5,0,0,0,0,true,false,false,false,false,false,false,false,false,false,false,false,false,false,false,true,false,false,false,false,false,false,-83.04274,42.33049,"{
  ""coordinates"": [
    -8.304273975760410e+01,
    4.233049410601660e+01
  ],
  ""type"": ""Point""
}","{
  ""coordinates"": [
    -83.042739758,
    42.330494106
  ],
  ""type"": ""Point""
}",-83.042739758,42.3304941060001
13228,1436080,WYOMING,PLYMOUTH,2018-07-27,27,7,2018,12,6,5,9,,4,0,Asphalt,2,1,1,35,2,2,2,5,0,0,0,0,true,false,false,false,false,false,false,false,false,true,false,false,false,true,false,false,false,false,false,false,false,false,-83.15857,42.37348,"{
  ""coordinates"": [
    -8.315856802250700e+01,
    4.237348050436640e+01
  ],
  ""type"": ""Point""
}","{
  ""coordinates"": [
    -83.158568023,
    42.373480504
  ],
  ""type"": ""Point""
}",-83.158568023,42.373480504
13229,1436938,CADILLAC,WOODWARD,2018-07-27,27,7,2018,23,6,10,9,,4,0,Asphalt,1,1,4,25,2,2,6,5,0,0,0,0,true,false,false,false,false,false,false,false,false,false,false,false,false,false,false,false,false,false,false,false,false,false,-83.04617,42.33139,"{
  ""coordinates"": [
    -8.304617678253430e+01,
    4.233139594580900e+01
  ],
  ""type"": ""Point""
}","{
  ""coordinates"": [
    -83.046176783,
    42.331395946
  ],
  ""type"": ""Point""
}",-83.046176783,42.331395946
13230,1436979,WESTFIELD,PATTON,2018-07-27,27,7,2018,12,6,97,9,,,0,,2,1,1,25,2,2,1,5,0,0,0,0,true,false,false,false,true,false,false,false,false,false,false,false,false,false,false,false,false,false,false,false,false,false,-83.24199,42.36279,"{
  ""coordinates"": [
    -8.324199195424210e+01,
    4.236278965253280e+01
  ],
  ""type"": ""Point""
}","{
  ""coordinates"": [
    -83.241991954,
    42.362789653
  ],
  ""type"": ""Point""
}",-83.241991954,42.362789653