ObjectId,Crash ID,Primary Road,Intersecting Road,Crash Date,Day,Month,Year,Hour,Weekday,Crash Type Code,Highway Classification Code,Community Code,Jurisdiction Code,Lane Departure Type Code,Surface Type,Road Condition,Weather Condition,Lighting Condition,Speed Limit,Lanes,Units,Occupants,Most Severe Injury,Fatal Injuries,Suspected Serious Injuries,Suspected Minor Injuries,Possible Injuries,Property Damage Only,Secondary Crash,Traffic Control,Red Light Run,Hit and Run,Alcohol,Drugs,Unbelted Person,Work Zone,Speeding Driver,Distracted Driver,Driveway,Pedestrian,Elderly Driver,Young Driver,Commercial Vehicle,Emergency Vehicles,Train,School Bus,Motorcycle,Bicycle,Deer,Longitude,Latitude,geom,geog,x,y
13394,1433481,ROSA PARKS,S I 75,2018-07-25,25,7,2018,8,4,6,9,,4,0,Concrete,1,1,1,30,3,2,3,5,0,0,0,0,true,false,false,false,false,false,false,false,false,false,false,false,false,false,false,false,false,false,false,false,false,false,-83.07314,42.33335,"{
  ""coordinates"": [
    -8.307314387979490e+01,
    4.233335511240960e+01
  ],
  ""type"": ""Point""
}","{
  ""coordinates"": [
    -83.07314388,
    42.333355112
  ],
  ""type"": ""Point""
}",-83.07314388,42.333355112
13395,1435192,I-94,LINWOOD,2018-07-25,25,7,2018,16,4,5,1,,1,0,Asphalt,1,1,1,55,3,3,3,3,0,0,1,0,false,false,false,false,false,false,false,false,false,false,false,false,false,false,false,false,true,false,false,false,false,false,-83.0927,42.35212,"{
  ""coordinates"": [
    -8.309269976504240e+01,
    4.235211659370020e+01
  ],
  ""type"": ""Point""
}","{
  ""coordinates"": [
    -83.092699765,
    42.352116594
  ],
  ""type"": ""Point""
}",-83.092699765,42.3521165940001
13396,1433516,BOSTON,WOODROW WILSON,2018-07-25,25,7,2018,19,4,4,9,,,0,,1,1,1,25,2,2,3,5,0,0,0,0,true,false,false,false,false,false,false,false,false,false,false,false,false,false,false,false,false,false,false,false,false,false,-83.10006,42.38194,"{
  ""coordinates"": [
    -8.310005906597520e+01,
    4.238194176244350e+01
  ],
  ""type"": ""Point""
}","{
  ""coordinates"": [
    -83.100059066,
    42.381941762
  ],
  ""type"": ""Point""
}",-83.100059066,42.3819417620001
13397,1435238,SAINT AUBIN,GRAND,2018-07-25,25,7,2018,18,4,97,9,,4,0,Concrete,1,1,1,35,2,3,4,2,0,1,0,0,false,false,false,false,true,false,false,false,false,false,false,false,false,false,true,false,false,false,false,false,false,false,-83.05049,42.37395,"{
  ""coordinates"": [
    -8.305049462850960e+01,
    4.237394939891140e+01
  ],
  ""type"": ""Point""
}","{
  ""coordinates"": [
    -83.050494629,
    42.373949399
  ],
  ""type"": ""Point""
}",-83.050494629,42.373949399
13398,1433507,DAVISON,LINWOOD,2018-07-25,25,7,2018,7,4,3,3,,1,0,Asphalt,1,1,1,35,2,2,3,3,0,0,2,0,false,false,false,false,false,false,false,false,false,false,false,false,false,false,true,false,false,false,false,false,false,false,-83.12179,42.39311,"{
  ""coordinates"": [
    -8.312179176780189e+01,
    4.239310745791870e+01
  ],
  ""type"": ""Point""
}","{
  ""coordinates"": [
    -83.121791768,
    42.393107458
  ],
  ""type"": ""Point""
}",-83.121791768,42.393107458
13399,1442541,JOHN R,HANCOCK,2018-07-25,25,7,2018,18,4,1,9,,4,0,Asphalt,1,1,1,25,2,2,98,4,0,0,0,1,false,false,false,false,true,false,false,false,false,false,false,false,true,false,false,false,false,false,false,false,false,false,-83.06148,42.35673,"{
  ""coordinates"": [
    -8.306147825314930e+01,
    4.235673224296010e+01
  ],
  ""type"": ""Point""
}","{
  ""coordinates"": [
    -83.061478253,
    42.356732243
  ],
  ""type"": ""Point""
}",-83.061478253,42.3567322430001
13400,1433527,VAN DYKE,OUTER,2018-07-25,25,7,2018,16,4,1,3,,1,0,Asphalt,1,1,1,35,5,1,2,3,0,0,1,1,false,false,false,false,false,false,false,false,false,false,false,false,false,false,false,false,false,false,false,false,false,false,-83.0245,42.44127,"{
  ""coordinates"": [
    -8.302449800464160e+01,
    4.244126502153120e+01
  ],
  ""type"": ""Point""
}","{
  ""coordinates"": [
    -83.024498005,
    42.441265022
  ],
  ""type"": ""Point""
}",-83.0244980049999,42.441265022
13401,1435184,M-39,JOY,2018-07-25,25,7,2018,8,4,8,3,,1,0,Asphalt,1,1,1,55,3,2,3,5,0,0,0,0,true,false,false,false,false,false,false,false,false,false,false,false,false,false,false,false,false,false,false,false,false,false,-83.21677,42.37234,"{
  ""coordinates"": [
    -8.321677301637661e+01,
    4.237233655428090e+01
  ],
  ""type"": ""Point""
}","{
  ""coordinates"": [
    -83.216773016,
    42.372336554
  ],
  ""type"": ""Point""
}",-83.216773016,42.3723365540001
13402,1436994,EVERGREEN,CHICAGO,2018-07-25,25,7,2018,17,4,5,9,,4,0,Asphalt,1,1,1,35,2,2,2,5,0,0,0,0,true,false,false,false,false,false,false,false,false,false,false,false,false,false,false,false,false,false,false,false,false,false,-83.23605,42.36483,"{
  ""coordinates"": [
    -8.323604237314299e+01,
    4.236483176645200e+01
  ],
  ""type"": ""Point""
}","{
  ""coordinates"": [
    -83.236042373,
    42.364831766
  ],
  ""type"": ""Point""
}",-83.236042373,42.3648317660001
13403,1438533,I-94,BRUSH,2018-07-25,25,7,2018,20,4,5,1,,1,0,Asphalt,1,1,1,55,3,2,2,5,0,0,0,0,true,false,false,false,false,false,false,false,false,false,false,false,false,false,false,false,false,false,false,false,false,false,-83.06488,42.36565,"{
  ""coordinates"": [
    -8.306487779959430e+01,
    4.236564888047490e+01
  ],
  ""type"": ""Point""
}","{
  ""coordinates"": [
    -83.0648778,
    42.36564888
  ],
  ""type"": ""Point""
}",-83.0648778,42.36564888
13404,1437699,BURNS,SAINT PAUL,2018-07-25,25,7,2018,22,4,8,9,,,3,,1,1,1,25,1,2,1,5,0,0,0,0,true,false,false,false,false,false,false,false,false,false,false,false,false,false,false,false,false,false,false,false,false,false,-82.99318,42.3591,"{
  ""coordinates"": [
    -8.299318242568830e+01,
    4.235909591117730e+01
  ],
  ""type"": ""Point""
}","{
  ""coordinates"": [
    -82.993182426,
    42.359095911
  ],
  ""type"": ""Point""
}",-82.993182426,42.3590959110001
13405,1433532,MEYERS,MCNICHOLS,2018-07-24,24,7,2018,15,3,8,9,,4,0,Asphalt,1,1,1,35,5,2,1,5,0,0,0,0,true,false,false,false,false,false,false,false,false,false,false,false,false,true,false,false,false,false,false,false,false,false,-83.17014,42.41679,"{
  ""coordinates"": [
    -8.317013355991210e+01,
    4.241678741911750e+01
  ],
  ""type"": ""Point""
}","{
  ""coordinates"": [
    -83.17013356,
    42.416787419
  ],
  ""type"": ""Point""
}",-83.17013356,42.4167874190001
13406,1432519,HORATIO,JUNCTION,2018-07-24,24,7,2018,7,3,4,9,,,0,,1,1,1,35,4,2,3,5,0,0,0,0,true,false,false,false,false,false,false,false,false,false,false,false,false,false,true,false,false,false,false,false,false,false,-83.11685,42.33823,"{
  ""coordinates"": [
    -8.311685532631780e+01,
    4.233823273165370e+01
  ],
  ""type"": ""Point""
}","{
  ""coordinates"": [
    -83.116855326,
    42.338232732
  ],
  ""type"": ""Point""
}",-83.1168553259999,42.3382327320001
13407,1432539,GREENFIELD,TYLER,2018-07-24,24,7,2018,12,3,1,9,,2,0,Asphalt,1,2,1,35,4,2,1,4,0,0,0,1,false,false,false,false,false,false,false,false,false,false,false,false,true,true,false,false,false,false,false,false,false,false,-83.19801,42.38375,"{
  ""coordinates"": [
    -8.319800885511221e+01,
    4.238375236021570e+01
  ],
  ""type"": ""Point""
}","{
  ""coordinates"": [
    -83.198008855,
    42.38375236
  ],
  ""type"": ""Point""
}",-83.198008855,42.3837523600001
13408,1432552,PROMENADE,HAYES,2018-07-24,24,7,2018,,3,4,9,,,0,,1,1,4,15,2,2,2,4,0,0,0,1,false,false,false,false,false,false,false,false,false,false,false,false,false,false,true,false,false,false,false,false,false,false,-82.96477,42.4136,"{
  ""coordinates"": [
    -8.296476651868829e+01,
    4.241360620486960e+01
  ],
  ""type"": ""Point""
}","{
  ""coordinates"": [
    -82.964766519,
    42.413606205
  ],
  ""type"": ""Point""
}",-82.964766519,42.4136062050001
13409,1448729,WARRINGTON,8 MILE,2018-07-24,24,7,2018,13,3,98,3,,,3,,1,1,1,25,1,2,0,5,0,0,0,0,true,false,false,false,true,false,false,false,false,false,false,false,false,false,false,false,false,false,false,false,false,false,-83.14092,42.4459,"{
  ""coordinates"": [
    -8.314092282772260e+01,
    4.244589499281520e+01
  ],
  ""type"": ""Point""
}","{
  ""coordinates"": [
    -83.140922828,
    42.445894993
  ],
  ""type"": ""Point""
}",-83.140922828,42.445894993
13410,1432547,JEFFERSON,PARKER,2018-07-24,24,7,2018,12,3,97,9,,4,0,Asphalt,1,1,1,35,9,2,2,5,0,0,0,0,true,false,false,false,false,false,false,true,false,false,false,false,false,false,false,true,false,false,false,false,false,false,-82.99393,42.35202,"{
  ""coordinates"": [
    -8.299392922126790e+01,
    4.235201457456110e+01
  ],
  ""type"": ""Point""
}","{
  ""coordinates"": [
    -82.993929221,
    42.352014575
  ],
  ""type"": ""Point""
}",-82.993929221,42.3520145750001
13411,1434209,BIRWOOD,MCNICHOLS,2018-07-24,24,7,2018,18,3,97,9,,,0,,1,1,1,35,2,4,3,4,0,0,0,1,false,false,false,false,false,false,false,false,false,false,false,false,false,false,true,false,false,false,false,false,false,false,-83.16467,42.41702,"{
  ""coordinates"": [
    -8.316466462359030e+01,
    4.241701817406700e+01
  ],
  ""type"": ""Point""
}","{
  ""coordinates"": [
    -83.164664624,
    42.417018174
  ],
  ""type"": ""Point""
}",-83.164664624,42.4170181740001
13412,1433468,S I 75,W I 96,2018-07-24,24,7,2018,11,3,5,1,,1,0,Asphalt,98,1,4,55,3,2,2,5,0,0,0,0,true,false,false,false,false,false,false,false,false,false,true,false,false,false,false,false,false,false,false,false,false,false,-83.08652,42.33002,"{
  ""coordinates"": [
    -8.308652138963291e+01,
    4.233002396508040e+01
  ],
  ""type"": ""Point""
}","{
  ""coordinates"": [
    -83.08652139,
    42.330023965
  ],
  ""type"": ""Point""
}",-83.08652139,42.3300239650001
13413,1545688,LAFAYETTE,TRUMBULL,2018-07-24,24,7,2018,17,3,4,9,,4,0,Asphalt,1,1,1,25,3,2,6,4,0,0,0,4,false,false,false,false,false,false,false,false,false,false,false,false,false,true,false,false,false,false,false,false,false,false,-83.06236,42.32546,"{
  ""coordinates"": [
    -8.306235554646520e+01,
    4.232546083377140e+01
  ],
  ""type"": ""Point""
}","{
  ""coordinates"": [
    -83.062355546,
    42.325460834
  ],
  ""type"": ""Point""
}",-83.0623555459999,42.3254608340001
13414,1432517,VERNOR,FERRIS,2018-07-24,24,7,2018,8,3,9,9,,4,0,Asphalt,1,1,1,35,2,2,1,5,0,0,0,0,true,false,false,false,false,false,false,false,false,false,false,false,false,true,false,false,false,false,false,false,false,false,-83.13198,42.3095,"{
  ""coordinates"": [
    -8.313197710232500e+01,
    4.230950139786080e+01
  ],
  ""type"": ""Point""
}","{
  ""coordinates"": [
    -83.131977102,
    42.309501398
  ],
  ""type"": ""Point""
}",-83.131977102,42.3095013980001
13415,1433453,N I 75,W I 94,2018-07-24,24,7,2018,14,3,5,1,,1,0,Asphalt,2,1,1,55,3,2,2,5,0,0,0,0,true,false,false,false,false,false,false,false,false,false,false,false,false,true,false,false,false,false,false,false,false,false,-83.05798,42.36864,"{
  ""coordinates"": [
    -8.305798140018020e+01,
    4.236863606932880e+01
  ],
  ""type"": ""Point""
}","{
  ""coordinates"": [
    -83.0579814,
    42.368636069
  ],
  ""type"": ""Point""
}",-83.0579814,42.368636069
13416,1432535,MOROSS,E I 94 SERVICE DRIVE,2018-07-24,24,7,2018,10,3,5,9,,2,0,Asphalt,1,1,1,35,3,3,5,4,0,0,0,1,false,false,false,false,true,false,false,false,false,false,false,false,false,false,true,false,true,false,false,false,false,false,-82.92831,42.42417,"{
  ""coordinates"": [
    -8.292830974094839e+01,
    4.242416687670690e+01
  ],
  ""type"": ""Point""
}","{
  ""coordinates"": [
    -82.928309741,
    42.424166877
  ],
  ""type"": ""Point""
}",-82.928309741,42.4241668770001
13417,1433440,I 96,M39,2018-07-24,24,7,2018,14,3,5,1,,1,0,Concrete,1,1,1,55,3,2,2,4,0,0,0,1,false,false,false,false,false,false,false,false,false,false,false,false,false,false,false,false,false,false,false,false,false,false,-83.22681,42.37787,"{
  ""coordinates"": [
    -8.322680660452041e+01,
    4.237786727790060e+01
  ],
  ""type"": ""Point""
}","{
  ""coordinates"": [
    -83.226806605,
    42.377867278
  ],
  ""type"": ""Point""
}",-83.226806605,42.3778672780001
13418,1432544,W I 96,GRAND,2018-07-24,24,7,2018,18,3,8,1,,1,0,Asphalt,1,1,1,,4,2,1,5,0,0,0,0,true,true,false,false,true,false,false,false,false,false,false,false,false,false,false,false,false,false,false,false,false,false,-83.11044,42.35595,"{
  ""coordinates"": [
    -8.311044274621040e+01,
    4.235595233909220e+01
  ],
  ""type"": ""Point""
}","{
  ""coordinates"": [
    -83.110442746,
    42.355952339
  ],
  ""type"": ""Point""
}",-83.110442746,42.3559523390001
13419,1432551,GRATIOT,FRENCH,2018-07-24,24,7,2018,17,3,5,3,,1,0,Asphalt,2,1,1,35,5,2,2,5,0,0,0,0,true,false,false,false,false,false,false,false,false,false,false,false,false,false,false,false,false,false,false,false,false,false,-83.00054,42.40026,"{
  ""coordinates"": [
    -8.300053873194450e+01,
    4.240026122603540e+01
  ],
  ""type"": ""Point""
}","{
  ""coordinates"": [
    -83.000538732,
    42.400261226
  ],
  ""type"": ""Point""
}",-83.0005387319999,42.4002612260001
13420,1432514,FORT,SCHAEFER,2018-07-24,24,7,2018,7,3,5,3,,1,0,Asphalt,1,1,1,,2,2,2,4,0,0,0,2,false,false,false,false,false,false,false,false,false,false,false,false,false,false,false,false,false,false,false,false,false,false,-83.15543,42.27646,"{
  ""coordinates"": [
    -8.315542772724650e+01,
    4.227646047642840e+01
  ],
  ""type"": ""Point""
}","{
  ""coordinates"": [
    -83.155427727,
    42.276460476
  ],
  ""type"": ""Point""
}",-83.155427727,42.2764604760001
13421,1435203,I 96,EVERGREEN,2018-07-24,24,7,2018,17,3,5,1,,1,0,Concrete,1,1,1,70,3,2,1,4,0,0,0,1,false,false,false,false,true,false,false,false,false,false,false,false,false,false,false,false,false,false,false,false,false,false,-83.23518,42.37952,"{
  ""coordinates"": [
    -8.323517669398370e+01,
    4.237952291586270e+01
  ],
  ""type"": ""Point""
}","{
  ""coordinates"": [
    -83.235176694,
    42.379522916
  ],
  ""type"": ""Point""
}",-83.235176694,42.379522916
13422,1436946,WOODWARD,JOHN R,2018-07-24,24,7,2018,10,3,8,9,,4,0,Asphalt,1,2,1,25,2,2,0,5,0,0,0,0,true,false,false,false,true,false,false,false,false,false,false,false,false,false,false,false,false,false,false,false,false,false,-83.04942,42.33495,"{
  ""coordinates"": [
    -8.304942399299640e+01,
    4.233494870943820e+01
  ],
  ""type"": ""Point""
}","{
  ""coordinates"": [
    -83.049423993,
    42.334948709
  ],
  ""type"": ""Point""
}",-83.0494239929999,42.3349487090001
13423,1432531,E I 94,MOROSS,2018-07-24,24,7,2018,7,3,8,1,,1,0,Asphalt,1,1,1,40,3,2,2,5,0,0,0,0,true,false,false,false,false,false,false,false,false,false,false,false,false,false,false,false,false,false,false,false,false,false,-82.92877,42.42435,"{
  ""coordinates"": [
    -8.292877311799811e+01,
    4.242435078713170e+01
  ],
  ""type"": ""Point""
}","{
  ""coordinates"": [
    -82.928773118,
    42.424350787
  ],
  ""type"": ""Point""
}",-82.928773118,42.424350787
13424,1433477,GRISWALD,MICHIGAN,2018-07-24,24,7,2018,0,3,3,9,,4,0,Asphalt,1,1,4,25,5,2,2,5,0,0,0,0,true,false,false,false,true,false,false,false,false,false,false,false,false,false,false,false,false,false,false,false,false,false,-83.0482,42.3316,"{
  ""coordinates"": [
    -8.304820066660510e+01,
    4.233160135641820e+01
  ],
  ""type"": ""Point""
}","{
  ""coordinates"": [
    -83.048200667,
    42.331601356
  ],
  ""type"": ""Point""
}",-83.0482006669999,42.3316013560001
13425,1432543,GRAND,GRATIOT,2018-07-24,24,7,2018,12,3,5,3,,4,0,Asphalt,1,1,1,,2,2,2,5,0,0,0,0,true,false,false,false,true,false,false,false,false,false,false,false,false,true,false,false,false,false,false,false,false,false,-83.01859,42.37307,"{
  ""coordinates"": [
    -8.301858463553340e+01,
    4.237307035321860e+01
  ],
  ""type"": ""Point""
}","{
  ""coordinates"": [
    -83.018584636,
    42.373070353
  ],
  ""type"": ""Point""
}",-83.018584636,42.3730703530001
13426,1433493,CONNER,HARPER,2018-07-24,24,7,2018,13,3,8,9,,4,0,Asphalt,1,2,1,35,2,2,7,5,0,0,0,0,true,false,false,false,false,false,false,false,false,false,false,false,false,false,false,false,false,false,false,false,false,false,-82.98932,42.39718,"{
  ""coordinates"": [
    -8.298932172756300e+01,
    4.239717989881470e+01
  ],
  ""type"": ""Point""
}","{
  ""coordinates"": [
    -82.989321728,
    42.397179899
  ],
  ""type"": ""Point""
}",-82.9893217279999,42.397179899
13427,1432546,VAN DYKE,W I 94,2018-07-24,24,7,2018,23,3,4,3,,1,0,Asphalt,1,1,4,35,6,2,3,4,0,0,0,1,false,false,false,false,false,false,false,false,false,false,false,false,false,true,false,false,false,false,false,false,false,false,-83.02014,42.38623,"{
  ""coordinates"": [
    -8.302013803246540e+01,
    4.238622523919860e+01
  ],
  ""type"": ""Point""
}","{
  ""coordinates"": [
    -83.020138032,
    42.386225239
  ],
  ""type"": ""Point""
}",-83.020138032,42.3862252390001
13428,1433478,WOODWARD,KIRBY,2018-07-24,24,7,2018,14,3,97,3,,1,0,Asphalt,2,2,1,30,3,2,2,5,0,0,0,0,true,false,false,false,false,false,false,false,false,false,false,false,false,false,false,false,false,true,false,false,false,false,-83.06641,42.35999,"{
  ""coordinates"": [
    -8.306641651648370e+01,
    4.235999291159340e+01
  ],
  ""type"": ""Point""
}","{
  ""coordinates"": [
    -83.066416516,
    42.359992912
  ],
  ""type"": ""Point""
}",-83.0664165159999,42.3599929120001
13429,1442418,I 94,14TH,2018-07-24,24,7,2018,16,3,5,1,,1,0,Asphalt,1,1,1,55,3,3,3,3,0,0,1,1,false,false,false,false,false,false,false,false,false,false,false,false,false,false,false,false,false,false,false,false,false,false,-83.09,42.35297,"{
  ""coordinates"": [
    -8.309000469214490e+01,
    4.235297058713880e+01
  ],
  ""type"": ""Point""
}","{
  ""coordinates"": [
    -83.090004692,
    42.352970587
  ],
  ""type"": ""Point""
}",-83.090004692,42.3529705870001
13430,1443328,7 MILE,ANNCHESTER,2018-07-24,24,7,2018,17,3,4,9,,2,0,Asphalt,1,1,1,35,6,2,2,5,0,0,0,0,true,false,true,false,false,false,false,false,false,false,false,false,false,false,false,false,false,false,false,false,false,false,-83.23559,42.42966,"{
  ""coordinates"": [
    -8.323558765513300e+01,
    4.242966242925180e+01
  ],
  ""type"": ""Point""
}","{
  ""coordinates"": [
    -83.235587655,
    42.429662429
  ],
  ""type"": ""Point""
}",-83.235587655,42.4296624290001
13431,1433476,N M 10,N JOHN C LODGE/S JOHN C LODGE,2018-07-24,24,7,2018,8,3,98,3,,1,0,Concrete,1,1,1,35,2,2,7,5,0,0,0,0,true,false,false,false,false,false,false,false,false,false,false,false,false,true,false,true,false,false,false,false,false,false,-83.07206,42.35158,"{
  ""coordinates"": [
    -8.307206279335250e+01,
    4.235158100133620e+01
  ],
  ""type"": ""Point""
}","{
  ""coordinates"": [
    -83.072062793,
    42.351581001
  ],
  ""type"": ""Point""
}",-83.072062793,42.3515810010001
13432,1436945,LARNED,CHRYSLER SERVICE,2018-07-24,24,7,2018,11,3,8,9,,4,0,Concrete,2,2,1,35,3,2,2,5,0,0,0,0,true,false,false,false,false,false,false,true,false,false,false,false,false,true,false,true,false,false,false,false,false,false,-83.0359,42.33346,"{
  ""coordinates"": [
    -8.303589314877190e+01,
    4.233346276524170e+01
  ],
  ""type"": ""Point""
}","{
  ""coordinates"": [
    -83.035893149,
    42.333462765
  ],
  ""type"": ""Point""
}",-83.0358931489999,42.333462765
13433,1433474,MEYERS,PLYMOUTH,2018-07-24,24,7,2018,16,3,4,9,,4,0,Asphalt,1,1,1,30,2,2,2,5,0,0,0,0,true,false,false,false,false,false,false,false,false,false,false,false,false,true,false,false,false,false,false,false,false,false,-83.16816,42.37325,"{
  ""coordinates"": [
    -8.316815589972870e+01,
    4.237325164752080e+01
  ],
  ""type"": ""Point""
}","{
  ""coordinates"": [
    -83.1681559,
    42.373251648
  ],
  ""type"": ""Point""
}",-83.1681559,42.3732516480001
13434,1448735,WILDEMERE,CHALFONTE,2018-07-24,24,7,2018,21,3,98,9,,,0,,1,1,4,25,1,2,0,5,0,0,0,0,true,false,false,false,true,false,false,false,false,false,false,false,false,false,false,false,false,false,false,false,false,false,-83.132,42.40093,"{
  ""coordinates"": [
    -8.313199830571040e+01,
    4.240092821098580e+01
  ],
  ""type"": ""Point""
}","{
  ""coordinates"": [
    -83.131998306,
    42.400928211
  ],
  ""type"": ""Point""
}",-83.131998306,42.4009282110001
13435,1432558,7 MILE,S I 75,2018-07-24,24,7,2018,17,3,97,9,,4,0,Concrete,1,1,1,,3,4,5,5,0,0,0,0,true,false,false,false,false,false,false,false,false,false,false,false,false,false,true,false,false,false,false,false,false,false,-83.09478,42.43248,"{
  ""coordinates"": [
    -8.309477990064350e+01,
    4.243247888858850e+01
  ],
  ""type"": ""Point""
}","{
  ""coordinates"": [
    -83.094779901,
    42.432478889
  ],
  ""type"": ""Point""
}",-83.094779901,42.432478889
13436,1433454,M-10,CLAIRMONT,2018-07-24,24,7,2018,2,3,1,3,,1,1,Concrete,1,1,4,55,4,1,2,4,0,0,0,1,false,false,false,false,false,false,false,false,false,true,false,false,false,false,false,false,false,false,false,false,false,false,-83.08574,42.37328,"{
  ""coordinates"": [
    -8.308574167340750e+01,
    4.237327762832410e+01
  ],
  ""type"": ""Point""
}","{
  ""coordinates"": [
    -83.085741673,
    42.373277628
  ],
  ""type"": ""Point""
}",-83.085741673,42.373277628
13437,1440560,WARREN,WOODMONT,2018-07-24,24,7,2018,23,3,5,9,,2,0,Asphalt,1,1,4,,2,2,2,5,0,0,0,0,true,false,false,false,false,false,false,false,false,false,false,false,false,false,false,false,false,false,false,false,false,false,-83.20709,42.34352,"{
  ""coordinates"": [
    -8.320708978842950e+01,
    4.234351721930830e+01
  ],
  ""type"": ""Point""
}","{
  ""coordinates"": [
    -83.207089788,
    42.343517219
  ],
  ""type"": ""Point""
}",-83.207089788,42.343517219
13438,1433491,QUEEN,MAYFIELD,2018-07-24,24,7,2018,22,3,4,9,,,0,,1,1,4,25,1,2,0,4,0,0,0,2,false,false,false,false,true,false,false,false,false,true,false,false,false,false,false,false,false,false,false,false,false,false,-82.96754,42.42234,"{
  ""coordinates"": [
    -8.296754463612611e+01,
    4.242233617389920e+01
  ],
  ""type"": ""Point""
}","{
  ""coordinates"": [
    -82.967544636,
    42.422336174
  ],
  ""type"": ""Point""
}",-82.967544636,42.4223361740001
13439,1447057,JAMES COUZENS,PEMBROKE,2018-07-24,24,7,2018,20,3,5,3,,1,0,Concrete,1,1,2,25,2,2,3,4,0,0,0,2,false,true,false,false,true,false,false,false,false,false,false,false,false,false,false,false,false,false,false,false,false,false,-83.19423,42.4379,"{
  ""coordinates"": [
    -8.319422825866310e+01,
    4.243789728995880e+01
  ],
  ""type"": ""Point""
}","{
  ""coordinates"": [
    -83.194228259,
    42.43789729
  ],
  ""type"": ""Point""
}",-83.1942282589999,42.4378972900001
13440,1447054,WOODWARD,STATE FAIR,2018-07-24,24,7,2018,8,3,5,3,,1,0,Asphalt,1,1,1,40,4,2,2,5,0,0,0,0,true,false,false,false,false,false,false,false,false,false,false,false,false,false,false,false,false,false,false,false,false,false,-83.12026,42.43927,"{
  ""coordinates"": [
    -8.312026514405360e+01,
    4.243926743098860e+01
  ],
  ""type"": ""Point""
}","{
  ""coordinates"": [
    -83.120265144,
    42.439267431
  ],
  ""type"": ""Point""
}",-83.120265144,42.4392674310001
13441,1447056,JOHN R,STATE FAIR,2018-07-24,24,7,2018,16,3,97,9,,4,0,Asphalt,1,1,1,30,2,3,1,5,0,0,0,0,true,false,false,false,true,false,false,true,false,true,false,false,false,false,false,false,false,false,false,false,false,false,-83.10255,42.43815,"{
  ""coordinates"": [
    -8.310255016215730e+01,
    4.243815246237680e+01
  ],
  ""type"": ""Point""
}","{
  ""coordinates"": [
    -83.102550162,
    42.438152462
  ],
  ""type"": ""Point""
}",-83.1025501619999,42.4381524620001
13442,1447058,WOODWARD,7 MILE,2018-07-24,24,7,2018,15,3,5,3,,1,0,Asphalt,1,1,1,40,5,2,2,5,0,0,0,0,true,false,false,false,false,false,false,false,false,false,false,false,false,true,false,false,false,false,false,false,false,false,-83.11559,42.43237,"{
  ""coordinates"": [
    -8.311558786807120e+01,
    4.243236439575210e+01
  ],
  ""type"": ""Point""
}","{
  ""coordinates"": [
    -83.115587868,
    42.432364396
  ],
  ""type"": ""Point""
}",-83.115587868,42.432364396
13443,1445586,GREENFIELD,WARREN,2018-07-24,24,7,2018,17,3,4,9,,2,0,Asphalt,1,1,1,35,5,2,3,5,0,0,0,0,true,false,false,false,false,false,false,false,false,false,false,false,false,false,false,false,false,false,false,false,false,false,-83.19629,42.34376,"{
  ""coordinates"": [
    -8.319628835204060e+01,
    4.234375857506750e+01
  ],
  ""type"": ""Point""
}","{
  ""coordinates"": [
    -83.196288352,
    42.343758575
  ],
  ""type"": ""Point""
}",-83.196288352,42.343758575
13444,1433496,RUSSELL,RAMP 216E,2018-07-24,24,7,2018,17,3,5,1,,4,0,Concrete,1,1,1,55,3,2,2,5,0,0,0,0,true,false,false,false,false,false,false,false,false,false,false,false,false,false,false,false,false,false,false,false,false,false,-83.05596,42.36966,"{
  ""coordinates"": [
    -8.305596327596550e+01,
    4.236965435197560e+01
  ],
  ""type"": ""Point""
}","{
  ""coordinates"": [
    -83.055963276,
    42.369654352
  ],
  ""type"": ""Point""
}",-83.0559632759999,42.3696543520001
13445,1447812,M 39,MCNICHOLS,2018-07-24,24,7,2018,22,3,5,3,,1,0,Concrete,1,1,4,55,3,2,2,2,0,2,0,0,false,false,false,false,false,false,false,false,false,false,false,false,false,false,false,false,false,false,false,false,false,false,-83.21871,42.41543,"{
  ""coordinates"": [
    -8.321871324597960e+01,
    4.241542986387770e+01
  ],
  ""type"": ""Point""
}","{
  ""coordinates"": [
    -83.218713246,
    42.415429864
  ],
  ""type"": ""Point""
}",-83.2187132459999,42.415429864
13446,1432521,ROSA PARKS,BAGLEY,2018-07-24,24,7,2018,11,3,9,9,,4,2,Asphalt,1,1,1,,2,2,1,5,0,0,0,0,true,false,false,false,false,false,false,false,false,false,false,false,false,false,false,false,false,false,false,false,false,false,-83.06982,42.32795,"{
  ""coordinates"": [
    -8.306982181274780e+01,
    4.232795513442640e+01
  ],
  ""type"": ""Point""
}","{
  ""coordinates"": [
    -83.069821813,
    42.327955134
  ],
  ""type"": ""Point""
}",-83.069821813,42.327955134
13447,1433483,JEFFERSON,ZUG ISLAND,2018-07-24,24,7,2018,7,3,4,9,,4,0,Asphalt,1,1,2,35,2,2,1,5,0,0,0,0,true,false,false,false,false,false,false,false,false,false,false,false,false,false,false,false,false,false,false,false,false,false,-83.11198,42.29298,"{
  ""coordinates"": [
    -8.311198436465550e+01,
    4.229297819873630e+01
  ],
  ""type"": ""Point""
}","{
  ""coordinates"": [
    -83.111984365,
    42.292978199
  ],
  ""type"": ""Point""
}",-83.111984365,42.2929781990001