ObjectId,Crash ID,Primary Road,Intersecting Road,Crash Date,Day,Month,Year,Hour,Weekday,Crash Type Code,Highway Classification Code,Community Code,Jurisdiction Code,Lane Departure Type Code,Surface Type,Road Condition,Weather Condition,Lighting Condition,Speed Limit,Lanes,Units,Occupants,Most Severe Injury,Fatal Injuries,Suspected Serious Injuries,Suspected Minor Injuries,Possible Injuries,Property Damage Only,Secondary Crash,Traffic Control,Red Light Run,Hit and Run,Alcohol,Drugs,Unbelted Person,Work Zone,Speeding Driver,Distracted Driver,Driveway,Pedestrian,Elderly Driver,Young Driver,Commercial Vehicle,Emergency Vehicles,Train,School Bus,Motorcycle,Bicycle,Deer,Longitude,Latitude,geom,geog,x,y
13448,1432561,MOENART,EMERY,2018-07-24,24,7,2018,15,3,8,9,,,0,,1,2,1,25,1,2,0,5,0,0,0,0,true,false,false,false,true,false,false,false,false,false,false,false,false,false,false,false,false,false,false,false,false,false,-83.05034,42.43664,"{
  ""coordinates"": [
    -8.305033602644200e+01,
    4.243664328605070e+01
  ],
  ""type"": ""Point""
}","{
  ""coordinates"": [
    -83.050336026,
    42.436643286
  ],
  ""type"": ""Point""
}",-83.050336026,42.436643286
13449,1442430,I94,LINWOOD,2018-07-24,24,7,2018,16,3,5,1,,1,0,Asphalt,1,1,1,55,3,2,1,4,0,0,0,1,false,false,false,false,true,false,false,false,false,false,false,false,false,true,false,false,false,false,false,false,false,false,-83.092,42.35249,"{
  ""coordinates"": [
    -8.309199446041060e+01,
    4.235248380282320e+01
  ],
  ""type"": ""Point""
}","{
  ""coordinates"": [
    -83.09199446,
    42.352483803
  ],
  ""type"": ""Point""
}",-83.09199446,42.352483803
13450,1448733,HUBBELL,7 MILE,2018-07-24,24,7,2018,20,3,4,9,,4,0,Asphalt,1,1,4,35,2,2,3,5,0,0,0,0,true,false,false,false,false,false,false,false,false,false,false,false,false,false,true,false,false,false,false,false,false,false,-83.18992,42.43073,"{
  ""coordinates"": [
    -8.318992082211589e+01,
    4.243072436305940e+01
  ],
  ""type"": ""Point""
}","{
  ""coordinates"": [
    -83.189920822,
    42.430724363
  ],
  ""type"": ""Point""
}",-83.189920822,42.430724363
13451,1448705,DAVISON,CLOVERLAWN,2018-07-24,24,7,2018,19,3,8,9,,4,0,Asphalt,1,1,1,30,2,2,4,5,0,0,0,0,true,false,false,false,false,false,false,true,false,false,false,false,false,false,false,false,true,false,false,false,false,false,-83.15175,42.38626,"{
  ""coordinates"": [
    -8.315174830521281e+01,
    4.238625862130320e+01
  ],
  ""type"": ""Point""
}","{
  ""coordinates"": [
    -83.151748305,
    42.386258621
  ],
  ""type"": ""Point""
}",-83.151748305,42.386258621
13452,1439420,MARGARETA,SCHAEFER,2018-07-24,24,7,2018,6,3,4,9,,,0,,1,1,2,35,4,2,2,4,0,0,0,2,false,false,false,false,false,false,false,false,false,false,false,false,false,true,true,false,false,false,false,false,false,false,-83.18027,42.42749,"{
  ""coordinates"": [
    -8.318027835070870e+01,
    4.242748633240040e+01
  ],
  ""type"": ""Point""
}","{
  ""coordinates"": [
    -83.180278351,
    42.427486332
  ],
  ""type"": ""Point""
}",-83.180278351,42.4274863320001
13453,1436962,WARREN,AUDUBON,2018-07-24,24,7,2018,23,3,9,9,,4,2,Asphalt,1,1,4,35,4,2,2,5,0,0,0,0,true,false,false,false,true,true,false,false,false,true,false,false,false,true,false,false,true,false,false,false,false,false,-82.9379,42.40311,"{
  ""coordinates"": [
    -8.293790571134890e+01,
    4.240311300773220e+01
  ],
  ""type"": ""Point""
}","{
  ""coordinates"": [
    -82.937905711,
    42.403113008
  ],
  ""type"": ""Point""
}",-82.937905711,42.403113008
13454,1436942,WOODWARD,MICHIGAN,2018-07-24,24,7,2018,17,3,5,9,,4,0,Brick,1,1,1,30,3,2,3,4,0,0,0,1,false,false,false,false,false,false,false,true,false,false,false,false,false,false,false,false,true,false,false,false,false,false,-83.04701,42.33161,"{
  ""coordinates"": [
    -8.304701508151750e+01,
    4.233161326992430e+01
  ],
  ""type"": ""Point""
}","{
  ""coordinates"": [
    -83.047015082,
    42.33161327
  ],
  ""type"": ""Point""
}",-83.047015082,42.33161327
13455,1437015,LAKEPOINTE,MORANG,2018-07-24,24,7,2018,18,3,8,9,,,0,,1,1,1,35,2,2,2,5,0,0,0,0,true,false,false,false,false,false,false,false,false,false,false,false,false,false,false,false,false,false,false,false,false,false,-82.94781,42.42522,"{
  ""coordinates"": [
    -8.294780381348730e+01,
    4.242522398369310e+01
  ],
  ""type"": ""Point""
}","{
  ""coordinates"": [
    -82.947803813,
    42.425223984
  ],
  ""type"": ""Point""
}",-82.947803813,42.4252239840001
13456,1436999,MCNICHOLS,BRAMELL,2018-07-24,24,7,2018,17,3,5,9,,2,0,Asphalt,1,1,1,35,4,3,2,3,0,0,1,0,false,false,false,false,false,false,false,false,false,false,false,false,false,false,true,false,false,false,false,false,false,false,-83.2645,42.4148,"{
  ""coordinates"": [
    -8.326450513038080e+01,
    4.241480428897790e+01
  ],
  ""type"": ""Point""
}","{
  ""coordinates"": [
    -83.26450513,
    42.414804289
  ],
  ""type"": ""Point""
}",-83.26450513,42.4148042890001
13457,1433464,RAMP 008F,RAMP 008P,2018-07-24,24,7,2018,7,3,1,1,,1,1,Concrete,1,2,1,55,2,1,1,3,0,0,1,0,false,false,false,false,false,false,false,false,false,false,true,false,false,false,false,false,false,false,false,true,false,false,-83.21685,42.3787,"{
  ""coordinates"": [
    -8.321684744291331e+01,
    4.237869921792980e+01
  ],
  ""type"": ""Point""
}","{
  ""coordinates"": [
    -83.216847443,
    42.378699218
  ],
  ""type"": ""Point""
}",-83.2168474429999,42.3786992180001
13458,1444545,WARREN,ROCKDALE,2018-07-23,23,7,2018,16,2,4,9,,2,0,Asphalt,1,1,1,35,4,2,2,5,0,0,0,0,true,false,false,false,false,false,false,false,false,false,false,false,false,true,false,false,false,false,false,false,false,false,-83.25459,42.34184,"{
  ""coordinates"": [
    -8.325458395969420e+01,
    4.234184234245810e+01
  ],
  ""type"": ""Point""
}","{
  ""coordinates"": [
    -83.25458396,
    42.341842342
  ],
  ""type"": ""Point""
}",-83.2545839599999,42.3418423420001
13459,1445579,EVERGREEN,PAUL,2018-07-23,23,7,2018,16,2,4,9,,4,0,Asphalt,1,1,1,40,4,2,2,5,0,0,0,0,true,false,false,false,false,false,false,false,false,false,false,false,false,false,false,false,false,false,false,false,false,false,-83.23518,42.33765,"{
  ""coordinates"": [
    -8.323517663202810e+01,
    4.233765225685180e+01
  ],
  ""type"": ""Point""
}","{
  ""coordinates"": [
    -83.235176632,
    42.337652257
  ],
  ""type"": ""Point""
}",-83.2351766319999,42.3376522570001
13460,1434208,N I 75,8 MILE,2018-07-23,23,7,2018,22,2,8,1,,1,0,Asphalt,1,1,5,25,3,2,2,5,0,0,0,0,true,false,false,false,false,false,false,false,false,false,false,false,false,false,true,false,false,false,false,false,false,false,-83.09469,42.44674,"{
  ""coordinates"": [
    -8.309468982242311e+01,
    4.244674260515050e+01
  ],
  ""type"": ""Point""
}","{
  ""coordinates"": [
    -83.094689822,
    42.446742605
  ],
  ""type"": ""Point""
}",-83.094689822,42.4467426050001
13461,1431747,CHICAGO,HUBBELL,2018-07-23,23,7,2018,18,2,5,9,,4,0,Asphalt,1,1,1,30,2,2,2,5,0,0,0,0,true,false,false,false,true,false,false,false,false,false,false,false,false,false,false,false,false,false,false,false,false,false,-83.18758,42.36558,"{
  ""coordinates"": [
    -8.318757796695490e+01,
    4.236558052904740e+01
  ],
  ""type"": ""Point""
}","{
  ""coordinates"": [
    -83.187577967,
    42.365580529
  ],
  ""type"": ""Point""
}",-83.187577967,42.3655805290001
13462,1431776,7 MILE,VAN DYKE,2018-07-23,23,7,2018,14,2,5,3,,4,0,Asphalt,1,1,1,35,2,2,2,5,0,0,0,0,true,false,false,false,false,false,false,false,false,false,true,false,false,false,false,false,false,false,false,false,false,false,-83.02429,42.43397,"{
  ""coordinates"": [
    -8.302428991049820e+01,
    4.243396908437640e+01
  ],
  ""type"": ""Point""
}","{
  ""coordinates"": [
    -83.02428991,
    42.433969084
  ],
  ""type"": ""Point""
}",-83.0242899099999,42.4339690840001
13463,1431773,CHALMERS,GLENWOOD,2018-07-23,23,7,2018,10,2,4,9,,4,0,Asphalt,1,1,1,25,1,2,2,3,0,0,1,1,false,false,false,false,true,false,false,false,false,false,false,false,false,false,false,false,false,false,false,false,false,false,-82.97517,42.43055,"{
  ""coordinates"": [
    -8.297517210255600e+01,
    4.243054612256830e+01
  ],
  ""type"": ""Point""
}","{
  ""coordinates"": [
    -82.975172103,
    42.430546123
  ],
  ""type"": ""Point""
}",-82.975172103,42.4305461230001
13464,1431769,7 MILE,BURT,2018-07-23,23,7,2018,15,2,5,9,,2,0,Asphalt,1,1,1,35,4,3,5,5,0,0,0,0,true,false,false,false,true,false,false,false,false,false,false,false,false,true,false,false,false,false,false,false,false,false,-83.24846,42.42934,"{
  ""coordinates"": [
    -8.324846196506630e+01,
    4.242933872251130e+01
  ],
  ""type"": ""Point""
}","{
  ""coordinates"": [
    -83.248461965,
    42.429338723
  ],
  ""type"": ""Point""
}",-83.248461965,42.4293387230001
13465,1439419,FENKELL,WYOMING,2018-07-23,23,7,2018,22,2,1,9,,2,0,Asphalt,1,1,4,30,2,1,1,5,0,0,0,0,true,false,false,false,false,false,false,false,false,false,false,false,false,false,true,false,false,false,false,false,false,false,-83.15969,42.40252,"{
  ""coordinates"": [
    -8.315968832113870e+01,
    4.240251523000440e+01
  ],
  ""type"": ""Point""
}","{
  ""coordinates"": [
    -83.159688321,
    42.40251523
  ],
  ""type"": ""Point""
}",-83.159688321,42.4025152300001
13466,1482164,CADIUEX,CHANDLER,2018-07-23,23,7,2018,16,2,8,9,,4,0,Asphalt,1,2,1,30,4,2,2,5,0,0,0,0,true,false,false,false,false,false,false,false,false,false,false,false,false,false,false,false,false,false,false,false,false,false,-82.9328,42.41061,"{
  ""coordinates"": [
    -8.293280337200341e+01,
    4.241061423062740e+01
  ],
  ""type"": ""Point""
}","{
  ""coordinates"": [
    -82.932803372,
    42.410614231
  ],
  ""type"": ""Point""
}",-82.932803372,42.4106142310001
13467,1431746,JOY,PREST,2018-07-23,23,7,2018,15,2,4,9,,4,0,Asphalt,1,1,1,35,2,2,5,4,0,0,0,1,false,false,false,false,false,false,false,false,false,false,false,false,false,false,true,false,false,false,false,false,false,false,-83.19595,42.35815,"{
  ""coordinates"": [
    -8.319595020502560e+01,
    4.235814975663370e+01
  ],
  ""type"": ""Point""
}","{
  ""coordinates"": [
    -83.195950205,
    42.358149757
  ],
  ""type"": ""Point""
}",-83.195950205,42.358149757
13468,1432564,DEQUINDRE,CONANT,2018-07-23,23,7,2018,21,2,4,9,,4,0,Asphalt,1,1,4,35,2,2,2,4,0,0,0,1,false,false,true,true,true,false,false,false,false,false,false,false,false,false,false,false,false,false,false,false,false,false,-83.08334,42.44658,"{
  ""coordinates"": [
    -8.308334102092070e+01,
    4.244658214096600e+01
  ],
  ""type"": ""Point""
}","{
  ""coordinates"": [
    -83.083341021,
    42.446582141
  ],
  ""type"": ""Point""
}",-83.083341021,42.4465821410001
13469,1442386,S I 75,PIQUETTE,2018-07-23,23,7,2018,15,2,5,1,,1,0,Asphalt,1,1,1,55,4,2,2,5,0,0,0,0,true,false,false,false,false,false,false,false,false,false,false,false,false,false,false,false,false,false,false,false,false,false,-83.05956,42.37198,"{
  ""coordinates"": [
    -8.305955252035280e+01,
    4.237198411527620e+01
  ],
  ""type"": ""Point""
}","{
  ""coordinates"": [
    -83.05955252,
    42.371984115
  ],
  ""type"": ""Point""
}",-83.05955252,42.371984115
13470,1433439,I 75,8 MILE,2018-07-23,23,7,2018,18,2,5,1,,1,0,Asphalt,1,1,1,70,3,2,2,4,0,0,0,1,false,false,false,false,false,false,false,false,false,false,false,false,false,false,true,false,false,false,false,false,false,false,-83.09494,42.43957,"{
  ""coordinates"": [
    -8.309493744758301e+01,
    4.243956582902900e+01
  ],
  ""type"": ""Point""
}","{
  ""coordinates"": [
    -83.094937448,
    42.439565829
  ],
  ""type"": ""Point""
}",-83.0949374479999,42.4395658290001
13471,1447055,WYOMING,THATCHER,2018-07-23,23,7,2018,17,2,9,9,,4,0,Asphalt,1,1,1,25,2,2,3,5,0,0,0,0,true,false,false,false,false,false,false,false,false,false,false,false,false,false,false,false,false,false,false,false,false,false,-83.16063,42.42241,"{
  ""coordinates"": [
    -8.316062795959640e+01,
    4.242241005454710e+01
  ],
  ""type"": ""Point""
}","{
  ""coordinates"": [
    -83.16062796,
    42.422410055
  ],
  ""type"": ""Point""
}",-83.1606279599999,42.4224100550001
13472,1442539,3RD,CALUMET,2018-07-23,23,7,2018,9,2,8,9,,4,3,Asphalt,98,98,98,,2,2,1,5,0,0,0,0,true,false,false,false,false,false,false,false,false,false,false,false,false,false,false,true,false,false,false,false,false,false,-83.06851,42.34999,"{
  ""coordinates"": [
    -8.306851097237180e+01,
    4.234999386888030e+01
  ],
  ""type"": ""Point""
}","{
  ""coordinates"": [
    -83.068510972,
    42.349993869
  ],
  ""type"": ""Point""
}",-83.068510972,42.3499938690001
13473,1432524,THADDEUS,DEARBORN,2018-07-23,23,7,2018,15,2,8,9,,,0,,1,2,1,25,3,2,2,5,0,0,0,0,true,false,false,false,false,false,false,false,false,false,false,false,false,false,false,false,true,false,false,false,false,false,-83.11862,42.29243,"{
  ""coordinates"": [
    -8.311862054923880e+01,
    4.229242811277840e+01
  ],
  ""type"": ""Point""
}","{
  ""coordinates"": [
    -83.118620549,
    42.292428113
  ],
  ""type"": ""Point""
}",-83.118620549,42.292428113
13474,1469968,GRAND RIVER,FIELDING,2018-07-23,23,7,2018,15,2,4,3,,1,0,Asphalt,1,1,1,35,4,2,2,5,0,0,0,0,true,false,false,false,true,false,false,false,false,false,false,false,false,true,false,false,false,false,false,false,false,false,-83.24309,42.41067,"{
  ""coordinates"": [
    -8.324309004299550e+01,
    4.241066811191680e+01
  ],
  ""type"": ""Point""
}","{
  ""coordinates"": [
    -83.243090043,
    42.410668112
  ],
  ""type"": ""Point""
}",-83.2430900429999,42.4106681120001
13475,1432532,GRAY,KERCHEVAL,2018-07-23,23,7,2018,19,2,1,9,,,0,,1,1,1,25,2,2,1,4,0,0,0,1,false,false,false,false,false,false,false,false,false,true,false,false,true,false,false,false,false,false,false,false,false,false,-82.95754,42.37588,"{
  ""coordinates"": [
    -8.295754054113830e+01,
    4.237588024819460e+01
  ],
  ""type"": ""Point""
}","{
  ""coordinates"": [
    -82.957540541,
    42.375880248
  ],
  ""type"": ""Point""
}",-82.957540541,42.375880248
13476,1431745,HUBBELL,INTERVALE,2018-07-23,23,7,2018,4,2,98,9,,4,0,Asphalt,98,98,98,35,2,2,0,5,0,0,0,0,true,false,false,false,true,false,false,false,false,false,false,false,false,false,false,false,false,false,false,false,false,false,-83.18848,42.39098,"{
  ""coordinates"": [
    -8.318847338677190e+01,
    4.239098310511550e+01
  ],
  ""type"": ""Point""
}","{
  ""coordinates"": [
    -83.188473387,
    42.390983105
  ],
  ""type"": ""Point""
}",-83.188473387,42.390983105
13477,1431762,LIVERNOIS,WHITEHEAD,2018-07-23,23,7,2018,19,2,4,9,,4,0,Asphalt,1,1,1,35,5,2,10,4,0,0,0,1,false,false,false,false,false,false,false,false,false,false,false,false,false,false,false,false,false,false,false,false,false,false,-83.12424,42.33648,"{
  ""coordinates"": [
    -8.312424505834061e+01,
    4.233648364403670e+01
  ],
  ""type"": ""Point""
}","{
  ""coordinates"": [
    -83.124245058,
    42.336483644
  ],
  ""type"": ""Point""
}",-83.124245058,42.3364836440001
13478,1432523,KOPERNICK,WESSON,2018-07-23,23,7,2018,15,2,4,9,,,0,,1,1,1,25,2,2,2,4,0,0,0,1,false,false,false,false,false,false,false,false,false,false,false,false,false,false,false,false,false,false,false,false,false,false,-83.11366,42.32852,"{
  ""coordinates"": [
    -8.311365809101200e+01,
    4.232851959957780e+01
  ],
  ""type"": ""Point""
}","{
  ""coordinates"": [
    -83.113658091,
    42.3285196
  ],
  ""type"": ""Point""
}",-83.1136580909999,42.3285196
13479,1442436,THE STRAND,CASINO,2018-07-23,23,7,2018,18,2,5,3,,1,0,Asphalt,1,1,1,25,2,2,2,5,0,0,0,0,true,false,false,false,false,false,false,false,false,false,false,false,false,true,false,false,false,false,false,false,false,false,-82.99591,42.33343,"{
  ""coordinates"": [
    -8.299590837747080e+01,
    4.233342646511760e+01
  ],
  ""type"": ""Point""
}","{
  ""coordinates"": [
    -82.995908377,
    42.333426465
  ],
  ""type"": ""Point""
}",-82.995908377,42.3334264650001
13480,1431753,RAMP 213H,WARREN,2018-07-23,23,7,2018,6,2,1,1,,1,0,Concrete,1,1,1,35,4,1,1,2,0,1,0,0,false,false,false,false,false,false,false,false,false,true,false,false,false,false,false,false,false,false,false,false,false,false,-83.09644,42.34644,"{
  ""coordinates"": [
    -8.309644221436980e+01,
    4.234643877874460e+01
  ],
  ""type"": ""Point""
}","{
  ""coordinates"": [
    -83.096442214,
    42.346438779
  ],
  ""type"": ""Point""
}",-83.096442214,42.346438779
13481,1447060,MCNICHOLS,MONICA,2018-07-23,23,7,2018,19,2,4,9,,4,0,Asphalt,1,1,1,40,2,2,1,5,0,0,0,0,true,false,false,false,true,false,false,false,false,false,false,false,false,false,false,false,false,false,false,false,false,false,-83.14409,42.41714,"{
  ""coordinates"": [
    -8.314408906717451e+01,
    4.241713633342200e+01
  ],
  ""type"": ""Point""
}","{
  ""coordinates"": [
    -83.144089067,
    42.417136333
  ],
  ""type"": ""Point""
}",-83.144089067,42.417136333
13482,1432528,WARREN,GRAYTON,2018-07-23,23,7,2018,11,2,8,9,,4,0,Asphalt,1,1,1,40,7,2,1,5,0,0,0,0,true,true,false,false,true,false,false,false,false,false,false,false,false,false,false,false,false,false,false,false,false,false,-82.93198,42.40528,"{
  ""coordinates"": [
    -8.293198278079720e+01,
    4.240528629597350e+01
  ],
  ""type"": ""Point""
}","{
  ""coordinates"": [
    -82.931982781,
    42.405286296
  ],
  ""type"": ""Point""
}",-82.931982781,42.405286296
13483,1432554,DAVISON,EWALD,2018-07-23,23,7,2018,9,2,8,3,,1,0,Concrete,1,2,1,35,2,2,1,5,0,0,0,0,true,false,false,false,true,false,false,false,false,false,false,false,false,false,true,false,false,false,false,false,false,false,-83.14501,42.38626,"{
  ""coordinates"": [
    -8.314501124623290e+01,
    4.238626248245700e+01
  ],
  ""type"": ""Point""
}","{
  ""coordinates"": [
    -83.145011246,
    42.386262482
  ],
  ""type"": ""Point""
}",-83.145011246,42.3862624820001
13484,1436961,WARREN,LAKEVIEW,2018-07-23,23,7,2018,17,2,5,9,,4,0,Asphalt,1,1,1,30,4,2,2,5,0,0,0,0,true,false,false,false,false,false,false,false,false,false,false,false,false,false,false,false,false,false,false,false,false,false,-82.96318,42.39389,"{
  ""coordinates"": [
    -8.296318176660230e+01,
    4.239388772777100e+01
  ],
  ""type"": ""Point""
}","{
  ""coordinates"": [
    -82.963181767,
    42.393887728
  ],
  ""type"": ""Point""
}",-82.963181767,42.393887728
13485,1435195,I 94,VAN DYKE,2018-07-23,23,7,2018,16,2,5,1,,1,0,Asphalt,1,1,1,55,3,2,2,5,0,0,0,0,true,false,false,false,false,false,false,false,false,false,false,false,false,false,true,false,false,false,false,false,false,false,-83.01908,42.38653,"{
  ""coordinates"": [
    -8.301907833484560e+01,
    4.238652647749480e+01
  ],
  ""type"": ""Point""
}","{
  ""coordinates"": [
    -83.019078335,
    42.386526477
  ],
  ""type"": ""Point""
}",-83.019078335,42.3865264770001
13486,1435183,RAMP 109A,S M 10,2018-07-23,23,7,2018,7,2,5,3,,1,0,Asphalt,1,1,1,35,1,2,2,2,0,1,0,0,false,false,false,false,false,true,false,false,false,true,true,false,false,false,false,false,false,false,false,true,false,false,-83.11252,42.39945,"{
  ""coordinates"": [
    -8.311252013235190e+01,
    4.239945084684390e+01
  ],
  ""type"": ""Point""
}","{
  ""coordinates"": [
    -83.112520132,
    42.399450847
  ],
  ""type"": ""Point""
}",-83.112520132,42.399450847
13487,1435197,N I 75,TRUMBULL,2018-07-23,23,7,2018,17,2,1,1,,1,1,Concrete,1,1,1,55,2,1,1,4,0,0,0,1,false,false,false,false,false,false,false,false,false,false,false,false,false,false,false,false,false,false,false,false,false,false,-83.06879,42.3343,"{
  ""coordinates"": [
    -8.306878701422460e+01,
    4.233429762914810e+01
  ],
  ""type"": ""Point""
}","{
  ""coordinates"": [
    -83.068787014,
    42.334297629
  ],
  ""type"": ""Point""
}",-83.068787014,42.334297629
13488,1431772,MOROSS,BALFOUR,2018-07-23,23,7,2018,13,2,4,9,,2,0,Asphalt,1,1,1,35,2,2,5,3,0,0,1,0,false,false,true,false,false,false,false,false,false,true,false,false,false,false,true,false,false,false,false,false,false,false,-82.93842,42.42876,"{
  ""coordinates"": [
    -8.293841786846821e+01,
    4.242875682280650e+01
  ],
  ""type"": ""Point""
}","{
  ""coordinates"": [
    -82.938417868,
    42.428756823
  ],
  ""type"": ""Point""
}",-82.938417868,42.4287568230001
13489,1432538,S M 39 SERVICE DRIVE,FITZPATRICK,2018-07-23,23,7,2018,17,2,1,9,,7,1,Asphalt,1,1,1,35,2,1,1,5,0,0,0,0,true,false,false,false,false,false,false,false,false,false,false,false,false,false,false,true,false,false,false,false,false,false,-83.21692,42.36418,"{
  ""coordinates"": [
    -8.321691894640720e+01,
    4.236417995801650e+01
  ],
  ""type"": ""Point""
}","{
  ""coordinates"": [
    -83.216918946,
    42.364179958
  ],
  ""type"": ""Point""
}",-83.216918946,42.3641799580001
13490,1435196,RAMP 215D,S M 10,2018-07-23,23,7,2018,16,2,8,1,,1,0,Concrete,1,1,1,55,3,2,2,5,0,0,0,0,true,false,false,false,false,false,false,false,false,false,false,false,false,false,false,false,false,false,false,false,false,false,-83.07529,42.35694,"{
  ""coordinates"": [
    -8.307529534785149e+01,
    4.235693867412400e+01
  ],
  ""type"": ""Point""
}","{
  ""coordinates"": [
    -83.075295348,
    42.356938674
  ],
  ""type"": ""Point""
}",-83.0752953479999,42.356938674
13491,1444550,SOBIESKI,CARPENTER,2018-07-23,23,7,2018,14,2,97,9,,,0,,1,1,1,25,2,2,0,3,0,0,1,0,false,false,false,false,true,false,false,false,false,false,false,false,true,false,false,false,false,false,false,false,false,false,-83.0598,42.40798,"{
  ""coordinates"": [
    -8.305979745660539e+01,
    4.240798168467130e+01
  ],
  ""type"": ""Point""
}","{
  ""coordinates"": [
    -83.059797457,
    42.407981685
  ],
  ""type"": ""Point""
}",-83.0597974569999,42.407981685
13492,1431768,MILLER,MOUNT ELLIOTT,2018-07-23,23,7,2018,13,2,8,9,,4,0,Asphalt,1,1,1,25,2,2,1,5,0,0,0,0,true,false,false,false,true,false,false,false,false,false,false,false,false,false,false,true,false,false,false,false,false,false,-83.03726,42.39035,"{
  ""coordinates"": [
    -8.303726055896119e+01,
    4.239035395869660e+01
  ],
  ""type"": ""Point""
}","{
  ""coordinates"": [
    -83.037260559,
    42.390353959
  ],
  ""type"": ""Point""
}",-83.0372605589999,42.390353959
13493,1433508,BROADSTREET,KAY,2018-07-23,23,7,2018,23,2,1,9,,4,0,Asphalt,1,1,4,25,2,2,0,2,0,1,0,0,false,false,false,false,true,false,true,false,false,false,false,false,true,false,false,false,false,false,false,false,false,false,-83.12926,42.3721,"{
  ""coordinates"": [
    -8.312925757628609e+01,
    4.237210643677280e+01
  ],
  ""type"": ""Point""
}","{
  ""coordinates"": [
    -83.129257576,
    42.372106437
  ],
  ""type"": ""Point""
}",-83.129257576,42.3721064370001
13494,1452499,I-94,CADIEUX,2018-07-23,23,7,2018,7,2,1,1,,1,1,Asphalt,1,1,1,55,3,1,0,5,0,0,0,0,true,false,false,false,false,false,false,false,false,false,false,false,false,false,false,false,false,false,false,false,false,false,-82.94424,42.4123,"{
  ""coordinates"": [
    -8.294423777302310e+01,
    4.241229621835350e+01
  ],
  ""type"": ""Point""
}","{
  ""coordinates"": [
    -82.944237773,
    42.412296218
  ],
  ""type"": ""Point""
}",-82.9442377729999,42.4122962180001
13495,1442432,W I 96 CD,DAVISON CROSSOVER,2018-07-23,23,7,2018,13,2,8,1,,1,0,Asphalt,1,1,1,55,3,2,3,4,0,0,0,1,false,false,false,false,false,false,false,false,false,false,false,false,false,false,false,false,false,false,false,false,false,false,-83.15997,42.38562,"{
  ""coordinates"": [
    -8.315997491867400e+01,
    4.238561730503330e+01
  ],
  ""type"": ""Point""
}","{
  ""coordinates"": [
    -83.159974919,
    42.385617305
  ],
  ""type"": ""Point""
}",-83.159974919,42.385617305
13496,1431767,GRAND,BENSON,2018-07-23,23,7,2018,18,2,5,9,,4,0,Asphalt,1,1,1,25,3,2,2,4,0,0,0,1,false,false,false,false,true,false,false,false,false,false,false,false,false,false,false,false,false,false,false,false,false,false,-83.01135,42.3615,"{
  ""coordinates"": [
    -8.301135035740511e+01,
    4.236149809826550e+01
  ],
  ""type"": ""Point""
}","{
  ""coordinates"": [
    -83.011350357,
    42.361498098
  ],
  ""type"": ""Point""
}",-83.011350357,42.361498098
13497,1432553,DEXTER,BUENAVISTA,2018-07-23,23,7,2018,11,2,97,9,,4,0,Asphalt,1,2,1,30,2,2,2,5,0,0,0,0,true,false,false,false,false,false,false,false,false,false,false,false,false,true,false,false,false,false,false,false,false,false,-83.12953,42.38776,"{
  ""coordinates"": [
    -8.312953315920440e+01,
    4.238775775258930e+01
  ],
  ""type"": ""Point""
}","{
  ""coordinates"": [
    -83.129533159,
    42.387757753
  ],
  ""type"": ""Point""
}",-83.1295331589999,42.3877577530001
13498,1431748,RAMP 213C,GRAND,2018-07-23,23,7,2018,8,2,4,1,,1,0,Concrete,1,2,1,35,2,2,1,5,0,0,0,0,true,false,true,true,true,false,false,false,false,false,false,false,false,false,false,false,false,false,false,false,false,false,-83.10943,42.34732,"{
  ""coordinates"": [
    -8.310942639703210e+01,
    4.234732475440930e+01
  ],
  ""type"": ""Point""
}","{
  ""coordinates"": [
    -83.109426397,
    42.347324754
  ],
  ""type"": ""Point""
}",-83.1094263969999,42.3473247540001
13499,1431770,CLARITA,ARCHDALE,2018-07-23,23,7,2018,13,2,4,9,,,0,,1,2,1,25,2,2,1,5,0,0,0,0,true,false,false,false,true,false,false,false,false,false,false,false,false,false,false,false,false,false,false,false,false,false,-83.21757,42.42811,"{
  ""coordinates"": [
    -8.321757062149869e+01,
    4.242811155709790e+01
  ],
  ""type"": ""Point""
}","{
  ""coordinates"": [
    -83.217570621,
    42.428111557
  ],
  ""type"": ""Point""
}",-83.2175706209999,42.4281115570001
13500,1433526,SUZANNE,KEMPA,2018-07-22,22,7,2018,14,1,10,9,,,0,,1,1,1,25,1,2,0,5,0,0,0,0,true,false,false,false,true,false,false,false,false,false,false,true,false,false,false,false,false,false,false,false,false,false,-83.01979,42.43569,"{
  ""coordinates"": [
    -8.301979049522990e+01,
    4.243568617473740e+01
  ],
  ""type"": ""Point""
}","{
  ""coordinates"": [
    -83.019790495,
    42.435686175
  ],
  ""type"": ""Point""
}",-83.0197904949999,42.4356861750001
13501,1430801,E I 94,RAMP 220D,2018-07-22,22,7,2018,15,1,5,1,,1,0,Asphalt,2,4,97,30,6,3,1,4,0,0,0,1,false,false,false,false,true,false,false,false,false,false,false,false,false,false,false,false,false,false,false,false,false,false,-82.98911,42.39544,"{
  ""coordinates"": [
    -8.298911285539110e+01,
    4.239544398133590e+01
  ],
  ""type"": ""Point""
}","{
  ""coordinates"": [
    -82.989112855,
    42.395443981
  ],
  ""type"": ""Point""
}",-82.989112855,42.395443981