ObjectId,Crash ID,Primary Road,Intersecting Road,Crash Date,Day,Month,Year,Hour,Weekday,Crash Type Code,Highway Classification Code,Community Code,Jurisdiction Code,Lane Departure Type Code,Surface Type,Road Condition,Weather Condition,Lighting Condition,Speed Limit,Lanes,Units,Occupants,Most Severe Injury,Fatal Injuries,Suspected Serious Injuries,Suspected Minor Injuries,Possible Injuries,Property Damage Only,Secondary Crash,Traffic Control,Red Light Run,Hit and Run,Alcohol,Drugs,Unbelted Person,Work Zone,Speeding Driver,Distracted Driver,Driveway,Pedestrian,Elderly Driver,Young Driver,Commercial Vehicle,Emergency Vehicles,Train,School Bus,Motorcycle,Bicycle,Deer,Longitude,Latitude,geom,geog,x,y
13502,1430775,RAMP 215F,S M 10,2018-07-22,22,7,2018,12,1,1,1,,1,1,Concrete,2,4,1,55,1,1,1,4,0,0,0,1,false,false,false,false,false,false,false,false,false,true,false,false,false,false,false,false,false,false,false,false,false,false,-83.07768,42.36086,"{
  ""coordinates"": [
    -8.307768133184490e+01,
    4.236086192582810e+01
  ],
  ""type"": ""Point""
}","{
  ""coordinates"": [
    -83.077681332,
    42.360861926
  ],
  ""type"": ""Point""
}",-83.0776813319999,42.360861926
13503,1430750,I94,MT ELLIOTT,2018-07-22,22,7,2018,15,1,8,1,,1,0,Asphalt,2,4,1,55,3,2,2,5,0,0,0,0,true,false,false,false,true,false,false,false,false,false,false,false,false,false,false,false,false,false,false,false,false,false,-83.03548,42.37844,"{
  ""coordinates"": [
    -8.303548122992311e+01,
    4.237844640527480e+01
  ],
  ""type"": ""Point""
}","{
  ""coordinates"": [
    -83.03548123,
    42.378446405
  ],
  ""type"": ""Point""
}",-83.03548123,42.378446405
13504,1430741,I-94,JOHN R,2018-07-22,22,7,2018,3,1,8,1,,1,0,Asphalt,1,1,4,55,3,2,5,2,0,1,0,1,false,true,false,false,false,false,false,true,false,false,false,false,false,false,false,false,false,false,false,false,false,false,-83.06678,42.36479,"{
  ""coordinates"": [
    -8.306677850027620e+01,
    4.236478747619010e+01
  ],
  ""type"": ""Point""
}","{
  ""coordinates"": [
    -83.0667785,
    42.364787476
  ],
  ""type"": ""Point""
}",-83.0667784999999,42.3647874760001
13505,1430796,VERNOR,SCOTTEN,2018-07-22,22,7,2018,1,1,4,9,,4,0,Asphalt,1,1,4,35,4,2,4,4,0,0,0,1,false,false,true,true,true,false,false,false,false,false,false,false,false,false,false,false,false,false,false,false,false,false,-83.09399,42.32101,"{
  ""coordinates"": [
    -8.309398793230700e+01,
    4.232100506715310e+01
  ],
  ""type"": ""Point""
}","{
  ""coordinates"": [
    -83.093987932,
    42.321005067
  ],
  ""type"": ""Point""
}",-83.0939879319999,42.321005067
13506,1430847,REDFERN,7 MILE,2018-07-22,22,7,2018,0,1,8,9,,,0,,1,2,5,25,2,2,1,5,0,0,0,0,true,false,false,false,true,false,false,false,false,false,false,false,false,false,false,false,false,false,false,false,false,false,-83.26418,42.42935,"{
  ""coordinates"": [
    -8.326417474979080e+01,
    4.242934749204970e+01
  ],
  ""type"": ""Point""
}","{
  ""coordinates"": [
    -83.26417475,
    42.429347492
  ],
  ""type"": ""Point""
}",-83.2641747499999,42.429347492
13507,1430884,DEQUINDRE,STATE FAIR,2018-07-22,22,7,2018,11,1,1,9,,4,0,Asphalt,2,4,1,35,2,1,1,5,0,0,0,0,true,false,false,false,false,false,false,false,false,false,false,false,false,false,false,false,false,false,false,false,false,false,-83.08312,42.44012,"{
  ""coordinates"": [
    -8.308311900597870e+01,
    4.244012178040140e+01
  ],
  ""type"": ""Point""
}","{
  ""coordinates"": [
    -83.083119006,
    42.44012178
  ],
  ""type"": ""Point""
}",-83.0831190059999,42.44012178
13508,1434196,GRAND RIVER,WARD,2018-07-22,22,7,2018,21,1,98,3,,1,0,Concrete,1,1,3,35,6,2,3,4,0,0,0,2,false,false,false,false,false,false,false,false,false,false,false,false,false,false,false,false,false,false,false,false,false,false,-83.17334,42.38258,"{
  ""coordinates"": [
    -8.317333811873530e+01,
    4.238257923842910e+01
  ],
  ""type"": ""Point""
}","{
  ""coordinates"": [
    -83.173338119,
    42.382579238
  ],
  ""type"": ""Point""
}",-83.1733381189999,42.3825792380001
13509,1442530,CANIFF,ALPENA,2018-07-22,22,7,2018,0,1,8,9,,4,0,Asphalt,1,1,4,25,2,2,1,5,0,0,0,0,true,false,false,false,true,false,false,false,false,false,false,false,false,false,false,false,false,false,false,false,false,false,-83.04366,42.40583,"{
  ""coordinates"": [
    -8.304366017030949e+01,
    4.240583001737320e+01
  ],
  ""type"": ""Point""
}","{
  ""coordinates"": [
    -83.04366017,
    42.405830017
  ],
  ""type"": ""Point""
}",-83.04366017,42.405830017
13510,1430774,I 96,CHICAGO,2018-07-22,22,7,2018,11,1,1,1,,1,1,Asphalt,2,4,1,70,4,1,1,3,0,0,1,0,false,false,false,false,false,false,false,false,false,true,false,false,false,false,true,false,false,false,false,false,false,false,-83.14162,42.36821,"{
  ""coordinates"": [
    -8.314162086491740e+01,
    4.236821544408310e+01
  ],
  ""type"": ""Point""
}","{
  ""coordinates"": [
    -83.141620865,
    42.368215444
  ],
  ""type"": ""Point""
}",-83.1416208649999,42.368215444
13511,1430854,KINGSVILLE,BEACONSFIELD,2018-07-22,22,7,2018,11,1,2,9,,,0,,2,4,1,25,2,4,4,4,0,0,0,3,false,false,false,false,true,false,false,false,false,false,false,false,false,false,true,false,false,false,false,false,false,false,-82.94044,42.43134,"{
  ""coordinates"": [
    -8.294043936057500e+01,
    4.243133830128770e+01
  ],
  ""type"": ""Point""
}","{
  ""coordinates"": [
    -82.940439361,
    42.431338301
  ],
  ""type"": ""Point""
}",-82.940439361,42.431338301
13512,1430862,TACOMA,QUEEN,2018-07-22,22,7,2018,16,1,4,9,,,0,,2,4,1,25,2,2,3,5,0,0,0,0,true,false,true,false,false,false,false,false,false,false,false,false,false,false,false,false,false,false,false,false,false,false,-82.96886,42.44175,"{
  ""coordinates"": [
    -8.296886740997731e+01,
    4.244174494209810e+01
  ],
  ""type"": ""Point""
}","{
  ""coordinates"": [
    -82.96886741,
    42.441744942
  ],
  ""type"": ""Point""
}",-82.96886741,42.4417449420001
13513,1430830,PENROD,PLYMOUTH,2018-07-22,22,7,2018,1,1,5,9,,,0,,1,1,4,25,2,2,0,5,0,0,0,0,true,false,false,false,true,false,false,false,false,false,false,false,false,false,false,false,false,false,false,false,false,false,-83.22045,42.3721,"{
  ""coordinates"": [
    -8.322044899376300e+01,
    4.237210242775530e+01
  ],
  ""type"": ""Point""
}","{
  ""coordinates"": [
    -83.220448994,
    42.372102428
  ],
  ""type"": ""Point""
}",-83.220448994,42.3721024280001
13514,1430890,S M 10,LIVERNOIS,2018-07-22,22,7,2018,3,1,4,3,,1,0,Concrete,1,1,4,35,2,2,2,5,0,0,0,0,true,false,false,false,true,false,false,false,false,false,false,false,false,false,false,false,false,false,false,false,false,false,-83.14047,42.4048,"{
  ""coordinates"": [
    -8.314046929613060e+01,
    4.240480528557400e+01
  ],
  ""type"": ""Point""
}","{
  ""coordinates"": [
    -83.140469296,
    42.404805286
  ],
  ""type"": ""Point""
}",-83.1404692959999,42.4048052860001
13515,1432550,GRATIOT,ROSEMARY,2018-07-22,22,7,2018,14,1,8,3,,1,0,Asphalt,2,4,1,35,6,2,3,5,0,0,0,0,true,false,false,false,false,false,false,false,false,false,false,false,false,true,true,false,false,false,false,false,false,false,-82.99563,42.40776,"{
  ""coordinates"": [
    -8.299563116658381e+01,
    4.240775833811300e+01
  ],
  ""type"": ""Point""
}","{
  ""coordinates"": [
    -82.995631167,
    42.407758338
  ],
  ""type"": ""Point""
}",-82.9956311669999,42.4077583380001
13516,1430780,MCNICHOLS,GREENFIELD,2018-07-22,22,7,2018,21,1,5,9,,2,0,Asphalt,1,1,1,35,5,2,1,3,0,0,1,0,false,false,false,false,false,false,false,false,false,false,false,false,false,false,false,false,false,false,false,false,false,false,-83.19929,42.41599,"{
  ""coordinates"": [
    -8.319928974158741e+01,
    4.241598427975480e+01
  ],
  ""type"": ""Point""
}","{
  ""coordinates"": [
    -83.199289742,
    42.41598428
  ],
  ""type"": ""Point""
}",-83.199289742,42.41598428
13517,1594510,GRAND RIVER,GREENFIELD,2018-07-22,22,7,2018,0,1,97,3,,1,0,Asphalt,1,1,4,35,5,2,3,4,0,0,0,2,false,false,false,false,true,false,false,false,false,false,false,false,false,false,false,false,false,false,false,false,false,false,-83.19836,42.39266,"{
  ""coordinates"": [
    -8.319836526477810e+01,
    4.239265655829940e+01
  ],
  ""type"": ""Point""
}","{
  ""coordinates"": [
    -83.198365265,
    42.392656558
  ],
  ""type"": ""Point""
}",-83.1983652649999,42.3926565580001
13518,1461293,CONGRESS,BRUSH,2018-07-22,22,7,2018,1,1,2,9,,4,2,Asphalt,1,1,4,25,2,2,2,5,0,0,0,0,true,false,false,false,true,false,false,false,false,false,false,false,false,false,false,false,false,false,false,false,false,false,-83.04205,42.33182,"{
  ""coordinates"": [
    -8.304204805515531e+01,
    4.233182326249230e+01
  ],
  ""type"": ""Point""
}","{
  ""coordinates"": [
    -83.042048055,
    42.331823262
  ],
  ""type"": ""Point""
}",-83.042048055,42.3318232620001
13519,1430895,7 MILE,RYAN,2018-07-22,22,7,2018,4,1,9,9,,4,2,Asphalt,1,1,4,40,4,2,1,5,0,0,0,0,true,false,false,false,true,false,false,false,false,false,false,false,false,false,false,false,false,false,false,false,false,false,-83.0635,42.43312,"{
  ""coordinates"": [
    -8.306349704781439e+01,
    4.243312049215610e+01
  ],
  ""type"": ""Point""
}","{
  ""coordinates"": [
    -83.063497048,
    42.433120492
  ],
  ""type"": ""Point""
}",-83.063497048,42.4331204920001
13520,1430797,JUNCTION,PORTER,2018-07-22,22,7,2018,11,1,1,9,,4,0,Asphalt,2,4,1,25,2,1,2,4,0,0,0,1,false,false,false,false,false,false,false,false,false,false,false,false,false,false,false,false,false,false,false,false,false,false,-83.09904,42.31395,"{
  ""coordinates"": [
    -8.309904572366401e+01,
    4.231394390998450e+01
  ],
  ""type"": ""Point""
}","{
  ""coordinates"": [
    -83.099045724,
    42.31394391
  ],
  ""type"": ""Point""
}",-83.099045724,42.31394391
13521,1443279,I-96,GRAND,2018-07-22,22,7,2018,23,1,1,1,,1,1,Asphalt,1,1,4,55,4,1,1,5,0,0,0,0,true,false,false,false,true,false,false,false,false,true,false,false,false,false,false,false,false,false,false,false,false,false,-83.11248,42.35667,"{
  ""coordinates"": [
    -8.311247732670350e+01,
    4.235667167208800e+01
  ],
  ""type"": ""Point""
}","{
  ""coordinates"": [
    -83.112477327,
    42.356671672
  ],
  ""type"": ""Point""
}",-83.112477327,42.3566716720001
13522,1433498,WALTHAM,MCNICHOLS,2018-07-22,22,7,2018,5,1,4,9,,,0,,1,1,5,25,1,2,2,5,0,0,0,0,true,false,false,false,true,false,false,false,false,false,false,false,false,false,false,false,false,false,false,false,false,false,-82.99438,42.42346,"{
  ""coordinates"": [
    -8.299438552373550e+01,
    4.242345751607990e+01
  ],
  ""type"": ""Point""
}","{
  ""coordinates"": [
    -82.994385524,
    42.423457516
  ],
  ""type"": ""Point""
}",-82.9943855239999,42.423457516
13523,1430882,FENELON,LANTZ,2018-07-22,22,7,2018,17,1,4,9,,,0,,1,2,1,25,1,2,5,4,0,0,0,3,false,false,false,false,false,false,false,false,false,false,false,false,false,false,true,false,false,false,false,false,false,false,-83.05409,42.43827,"{
  ""coordinates"": [
    -8.305408988283040e+01,
    4.243827039248030e+01
  ],
  ""type"": ""Point""
}","{
  ""coordinates"": [
    -83.054089883,
    42.438270392
  ],
  ""type"": ""Point""
}",-83.054089883,42.438270392
13524,1482187,PLAINVIEW,7 MILE,2018-07-22,22,7,2018,13,1,5,9,,,0,,2,4,1,25,1,2,4,4,0,0,0,3,false,false,false,false,false,true,false,false,false,false,false,false,false,false,false,false,false,false,false,false,false,false,-83.23773,42.42892,"{
  ""coordinates"": [
    -8.323773490847459e+01,
    4.242892440487710e+01
  ],
  ""type"": ""Point""
}","{
  ""coordinates"": [
    -83.237734908,
    42.428924405
  ],
  ""type"": ""Point""
}",-83.2377349079999,42.428924405
13525,1442427,I-75,MICHIGAN,2018-07-22,22,7,2018,12,1,1,1,,1,1,Asphalt,2,4,1,60,1,1,1,5,0,0,0,0,true,false,false,false,false,false,false,false,false,true,false,false,false,false,false,true,false,false,false,false,false,false,-83.08349,42.32492,"{
  ""coordinates"": [
    -8.308348802271800e+01,
    4.232491979692480e+01
  ],
  ""type"": ""Point""
}","{
  ""coordinates"": [
    -83.083488023,
    42.324919797
  ],
  ""type"": ""Point""
}",-83.083488023,42.3249197970001
13526,1430840,HELEN,THEODORE,2018-07-22,22,7,2018,2,1,4,9,,,0,,1,1,5,25,2,2,3,4,0,0,0,3,false,false,false,false,false,false,false,false,false,true,false,false,false,false,false,false,false,false,false,false,false,false,-83.02103,42.37378,"{
  ""coordinates"": [
    -8.302102440600990e+01,
    4.237377483633390e+01
  ],
  ""type"": ""Point""
}","{
  ""coordinates"": [
    -83.021024406,
    42.373774836
  ],
  ""type"": ""Point""
}",-83.021024406,42.3737748360001
13527,1432545,KENDALL,DOLPHIN,2018-07-22,22,7,2018,23,1,8,9,,,0,,2,4,5,25,2,2,2,4,0,0,0,2,false,false,false,false,true,false,false,false,false,false,false,false,false,false,false,false,false,false,false,false,false,false,-83.25893,42.38825,"{
  ""coordinates"": [
    -8.325892382898080e+01,
    4.238824940423960e+01
  ],
  ""type"": ""Point""
}","{
  ""coordinates"": [
    -83.258923829,
    42.388249404
  ],
  ""type"": ""Point""
}",-83.258923829,42.3882494040001
13528,1430754,I94,TRUMBULL,2018-07-22,22,7,2018,16,1,5,1,,1,0,Asphalt,1,2,1,55,3,2,3,4,0,0,0,1,false,false,false,false,false,false,false,false,false,false,false,false,false,false,false,false,false,false,false,false,false,false,-83.07968,42.35723,"{
  ""coordinates"": [
    -8.307968436289750e+01,
    4.235722775237760e+01
  ],
  ""type"": ""Point""
}","{
  ""coordinates"": [
    -83.079684363,
    42.357227752
  ],
  ""type"": ""Point""
}",-83.079684363,42.357227752
13529,1430861,EDSEL FORD SERVICE,MOROSS,2018-07-22,22,7,2018,13,1,1,1,,1,0,Asphalt,2,4,1,35,3,1,2,5,0,0,0,0,true,false,false,false,false,false,false,false,false,false,false,false,false,true,false,false,false,false,false,false,false,false,-82.92867,42.42476,"{
  ""coordinates"": [
    -8.292867368723201e+01,
    4.242475492491060e+01
  ],
  ""type"": ""Point""
}","{
  ""coordinates"": [
    -82.928673687,
    42.424754925
  ],
  ""type"": ""Point""
}",-82.928673687,42.4247549250001
13530,1431741,BEAUBIEN,MONROE,2018-07-22,22,7,2018,0,1,97,9,,4,0,Asphalt,1,1,4,,2,2,4,5,0,0,0,0,true,false,false,false,false,false,false,false,false,false,false,false,false,false,false,true,false,false,false,false,false,false,-83.04257,42.33491,"{
  ""coordinates"": [
    -8.304257279062820e+01,
    4.233490614635320e+01
  ],
  ""type"": ""Point""
}","{
  ""coordinates"": [
    -83.042572791,
    42.334906146
  ],
  ""type"": ""Point""
}",-83.0425727909999,42.334906146
13531,1430800,ALTER,FRANKFORT,2018-07-22,22,7,2018,16,1,4,9,,4,0,Asphalt,2,4,1,30,2,2,2,5,0,0,0,0,true,false,false,false,true,false,false,false,false,false,false,false,false,false,false,false,false,false,false,false,false,false,-82.95535,42.398,"{
  ""coordinates"": [
    -8.295534267124209e+01,
    4.239800088319940e+01
  ],
  ""type"": ""Point""
}","{
  ""coordinates"": [
    -82.955342671,
    42.398000883
  ],
  ""type"": ""Point""
}",-82.955342671,42.3980008830001
13532,1533656,BROCK,EDMORE,2018-07-22,22,7,2018,17,1,97,9,,,0,,2,2,1,25,2,3,6,4,0,0,0,5,false,false,false,false,false,false,false,false,false,false,false,false,false,false,false,false,false,false,false,false,false,false,-82.96355,42.44724,"{
  ""coordinates"": [
    -8.296354787764540e+01,
    4.244724316291380e+01
  ],
  ""type"": ""Point""
}","{
  ""coordinates"": [
    -82.963547878,
    42.447243163
  ],
  ""type"": ""Point""
}",-82.963547878,42.4472431630001
13533,1430806,LAFAYETTE,ST AUBIN,2018-07-22,22,7,2018,2,1,5,9,,4,0,Asphalt,1,1,4,30,2,2,2,5,0,0,0,0,true,false,false,false,false,false,false,false,false,false,false,false,false,false,false,false,false,false,false,false,false,false,-83.02945,42.33926,"{
  ""coordinates"": [
    -8.302945260473869e+01,
    4.233925802288910e+01
  ],
  ""type"": ""Point""
}","{
  ""coordinates"": [
    -83.029452605,
    42.339258023
  ],
  ""type"": ""Point""
}",-83.029452605,42.3392580230001
13534,1430835,GRAND,GRATIOT,2018-07-22,22,7,2018,15,1,4,9,,4,0,Concrete,2,4,1,35,7,2,1,5,0,0,0,0,true,false,false,false,true,false,false,false,false,false,false,false,false,true,false,false,false,false,false,false,false,false,-83.0847,42.31639,"{
  ""coordinates"": [
    -8.308470268240110e+01,
    4.231638708262130e+01
  ],
  ""type"": ""Point""
}","{
  ""coordinates"": [
    -83.084702682,
    42.316387083
  ],
  ""type"": ""Point""
}",-83.0847026819999,42.3163870830001
13535,1430738,I-75,VERNOR,2018-07-22,22,7,2018,14,1,8,1,,1,0,Concrete,2,4,1,55,3,2,2,5,0,0,0,0,true,false,false,false,false,false,false,false,false,false,false,false,false,false,false,true,false,false,false,false,false,false,-83.07483,42.33273,"{
  ""coordinates"": [
    -8.307482651928970e+01,
    4.233272954479050e+01
  ],
  ""type"": ""Point""
}","{
  ""coordinates"": [
    -83.074826519,
    42.332729545
  ],
  ""type"": ""Point""
}",-83.0748265189999,42.3327295450001
13536,1430829,PLYMOUTH,COYLE,2018-07-22,22,7,2018,4,1,97,9,,4,0,Asphalt,1,1,4,35,2,2,0,3,0,0,1,0,false,false,false,false,true,false,false,false,false,false,false,false,true,false,false,false,false,false,false,false,false,false,-83.19285,42.37269,"{
  ""coordinates"": [
    -8.319285179571879e+01,
    4.237269079604680e+01
  ],
  ""type"": ""Point""
}","{
  ""coordinates"": [
    -83.192851796,
    42.372690796
  ],
  ""type"": ""Point""
}",-83.192851796,42.372690796
13537,1563729,7 MILE,ROSEMONT,2018-07-22,22,7,2018,16,1,4,9,,2,0,Asphalt,1,2,1,35,4,2,3,5,0,0,0,0,true,false,false,false,true,false,false,false,false,false,false,false,false,false,false,false,false,false,false,false,false,false,-83.22191,42.42996,"{
  ""coordinates"": [
    -8.322190957606040e+01,
    4.242996297500780e+01
  ],
  ""type"": ""Point""
}","{
  ""coordinates"": [
    -83.221909576,
    42.429962975
  ],
  ""type"": ""Point""
}",-83.221909576,42.4299629750001
13538,1442534,MEYERS,CAMBRIDGE,2018-07-22,22,7,2018,1,1,8,9,,4,0,Asphalt,1,1,4,30,2,2,0,5,0,0,0,0,true,false,false,false,true,false,false,false,false,false,false,false,false,false,false,false,false,false,false,false,false,false,-83.17078,42.43304,"{
  ""coordinates"": [
    -8.317077442824720e+01,
    4.243304069075670e+01
  ],
  ""type"": ""Point""
}","{
  ""coordinates"": [
    -83.170774428,
    42.433040691
  ],
  ""type"": ""Point""
}",-83.170774428,42.433040691
13539,1437694,BEAUBIEN,JEFFERSON,2018-07-22,22,7,2018,21,1,97,4,,4,0,Asphalt,1,1,4,30,7,2,4,5,0,0,0,0,true,true,false,false,false,false,false,false,false,false,false,false,false,true,true,false,false,false,false,false,false,false,-83.03983,42.33087,"{
  ""coordinates"": [
    -8.303983041584620e+01,
    4.233086928464030e+01
  ],
  ""type"": ""Point""
}","{
  ""coordinates"": [
    -83.039830416,
    42.330869285
  ],
  ""type"": ""Point""
}",-83.039830416,42.3308692850001
13540,1431763,CADET,DRAGOON,2018-07-22,22,7,2018,18,1,4,9,,,0,,1,2,1,25,2,2,2,5,0,0,0,0,true,false,false,false,false,false,false,false,false,false,false,false,false,false,true,false,false,false,false,false,false,false,-83.10736,42.31421,"{
  ""coordinates"": [
    -8.310736227347050e+01,
    4.231420553587010e+01
  ],
  ""type"": ""Point""
}","{
  ""coordinates"": [
    -83.107362273,
    42.314205536
  ],
  ""type"": ""Point""
}",-83.107362273,42.314205536
13541,1430776,I 96,CHICAGO,2018-07-22,22,7,2018,15,1,1,1,,1,1,Asphalt,2,2,1,70,4,1,5,3,0,0,2,3,false,false,false,false,false,false,false,false,false,true,false,false,false,false,false,false,false,false,false,false,false,false,-83.1415,42.3684,"{
  ""coordinates"": [
    -8.314149936012180e+01,
    4.236839513586810e+01
  ],
  ""type"": ""Point""
}","{
  ""coordinates"": [
    -83.14149936,
    42.368395136
  ],
  ""type"": ""Point""
}",-83.14149936,42.3683951360001
13542,1431744,BEAUBIEN,MACOMB,2018-07-22,22,7,2018,2,1,8,9,,4,3,Asphalt,1,1,4,25,2,2,2,5,0,0,0,0,true,false,false,false,false,false,false,false,false,false,false,false,false,false,false,false,false,false,false,false,false,false,-83.04283,42.33528,"{
  ""coordinates"": [
    -8.304283152392860e+01,
    4.233528065823110e+01
  ],
  ""type"": ""Point""
}","{
  ""coordinates"": [
    -83.042831524,
    42.335280658
  ],
  ""type"": ""Point""
}",-83.042831524,42.335280658
13543,1431761,N I 75,FORT,2018-07-22,22,7,2018,23,1,5,1,,1,0,Concrete,1,1,4,35,2,2,1,5,0,0,0,0,true,false,false,false,true,false,false,false,false,false,false,false,false,false,false,false,false,false,false,false,false,false,-83.1535,42.27811,"{
  ""coordinates"": [
    -8.315349989925330e+01,
    4.227810676528970e+01
  ],
  ""type"": ""Point""
}","{
  ""coordinates"": [
    -83.153499899,
    42.278106765
  ],
  ""type"": ""Point""
}",-83.1534998989999,42.2781067650001
13544,1442542,WOODWARD,PETERBORO,2018-07-22,22,7,2018,19,1,1,3,,1,0,Asphalt,1,2,1,30,7,2,3,5,0,0,0,0,true,false,false,false,false,false,false,false,false,false,false,false,false,false,false,false,false,true,false,false,false,false,-83.05659,42.34547,"{
  ""coordinates"": [
    -8.305659606389639e+01,
    4.234546828767490e+01
  ],
  ""type"": ""Point""
}","{
  ""coordinates"": [
    -83.056596064,
    42.345468288
  ],
  ""type"": ""Point""
}",-83.056596064,42.3454682880001
13545,1430856,I-94,HARPER,2018-07-22,22,7,2018,8,1,5,1,,,0,,1,2,1,55,4,2,1,5,0,0,0,0,true,false,false,false,true,false,false,false,false,false,false,false,false,false,false,false,false,false,false,false,false,false,-83.03521,42.37891,"{
  ""coordinates"": [
    -8.303520683265620e+01,
    4.237891088979660e+01
  ],
  ""type"": ""Point""
}","{
  ""coordinates"": [
    -83.035206833,
    42.37891089
  ],
  ""type"": ""Point""
}",-83.035206833,42.37891089
13546,1430782,SCHAEFER,FULLERTON,2018-07-22,22,7,2018,12,1,4,9,,4,0,Asphalt,2,4,1,35,3,2,3,5,0,0,0,0,true,false,false,false,false,false,false,false,false,false,false,false,false,false,true,false,false,false,false,false,false,false,-83.17826,42.38028,"{
  ""coordinates"": [
    -8.317826147053030e+01,
    4.238028494468220e+01
  ],
  ""type"": ""Point""
}","{
  ""coordinates"": [
    -83.178261471,
    42.380284945
  ],
  ""type"": ""Point""
}",-83.178261471,42.380284945
13547,1503946,FAUST,OUTER,2018-07-22,22,7,2018,23,1,8,9,,,0,,1,1,4,25,2,4,1,5,0,0,0,0,true,false,false,false,true,false,false,false,false,false,false,true,false,false,false,false,false,false,false,false,false,false,-83.22385,42.42054,"{
  ""coordinates"": [
    -8.322384335006809e+01,
    4.242053670376320e+01
  ],
  ""type"": ""Point""
}","{
  ""coordinates"": [
    -83.22384335,
    42.420536704
  ],
  ""type"": ""Point""
}",-83.22384335,42.420536704
13548,1430855,MCNICHOLS,CANONBURY,2018-07-22,22,7,2018,23,1,1,9,,4,1,Asphalt,1,1,4,35,4,1,0,5,0,0,0,0,true,false,false,false,true,false,false,false,false,false,false,false,false,false,false,false,false,false,false,false,false,false,-83.01151,42.41975,"{
  ""coordinates"": [
    -8.301150885552120e+01,
    4.241974882619940e+01
  ],
  ""type"": ""Point""
}","{
  ""coordinates"": [
    -83.011508856,
    42.419748826
  ],
  ""type"": ""Point""
}",-83.011508856,42.419748826
13549,1431760,LOVETTE,JACKSON,2018-07-22,22,7,2018,12,1,5,9,,,0,,2,4,4,25,1,2,1,5,0,0,0,0,true,false,false,false,true,false,false,false,false,false,false,false,false,false,false,false,false,false,false,false,false,false,-83.10603,42.3356,"{
  ""coordinates"": [
    -8.310602331566029e+01,
    4.233559888265070e+01
  ],
  ""type"": ""Point""
}","{
  ""coordinates"": [
    -83.106023316,
    42.335598883
  ],
  ""type"": ""Point""
}",-83.1060233159999,42.335598883
13550,1430858,TROESTER,PEORIA,2018-07-22,22,7,2018,16,1,4,9,,,0,,2,2,1,25,2,2,1,5,0,0,0,0,true,false,false,false,true,false,false,false,false,false,false,false,false,false,false,false,false,false,false,false,false,false,-82.97711,42.42624,"{
  ""coordinates"": [
    -8.297711303364881e+01,
    4.242624229659440e+01
  ],
  ""type"": ""Point""
}","{
  ""coordinates"": [
    -82.977113034,
    42.426242297
  ],
  ""type"": ""Point""
}",-82.977113034,42.426242297
13551,1431758,CASS,WILLIS,2018-07-22,22,7,2018,15,1,4,9,,4,0,Asphalt,2,2,1,30,4,2,8,5,0,0,0,0,true,true,false,false,false,false,false,false,false,false,false,false,false,false,false,false,false,false,false,false,false,false,-83.06353,42.3505,"{
  ""coordinates"": [
    -8.306352866428109e+01,
    4.235050341399760e+01
  ],
  ""type"": ""Point""
}","{
  ""coordinates"": [
    -83.063528664,
    42.350503414
  ],
  ""type"": ""Point""
}",-83.063528664,42.3505034140001
13552,1431775,CARDONI,7 MILE,2018-07-21,21,7,2018,18,7,2,9,,,2,,1,1,1,25,1,2,0,5,0,0,0,0,true,false,false,false,true,false,false,false,false,false,false,false,false,true,false,false,false,false,false,false,false,false,-83.09165,42.433,"{
  ""coordinates"": [
    -8.309164928370581e+01,
    4.243299917100110e+01
  ],
  ""type"": ""Point""
}","{
  ""coordinates"": [
    -83.091649284,
    42.432999171
  ],
  ""type"": ""Point""
}",-83.091649284,42.4329991710001
13553,1430860,BURT,VAN BUREN,2018-07-21,21,7,2018,23,7,4,9,,,0,,2,4,4,25,2,2,1,4,0,0,0,1,false,false,false,false,true,false,false,false,false,false,false,false,false,false,false,false,false,false,false,false,false,false,-83.24563,42.35575,"{
  ""coordinates"": [
    -8.324563168911160e+01,
    4.235575394033010e+01
  ],
  ""type"": ""Point""
}","{
  ""coordinates"": [
    -83.245631689,
    42.35575394
  ],
  ""type"": ""Point""
}",-83.2456316889999,42.3557539400001
13554,1433467,S M 10,LIVERNOIS,2018-07-21,21,7,2018,23,7,8,3,,1,0,Concrete,1,1,4,55,3,2,2,5,0,0,0,0,true,false,false,false,false,true,false,false,false,true,false,false,false,false,false,false,false,false,false,false,false,false,-83.14034,42.40481,"{
  ""coordinates"": [
    -8.314034306253831e+01,
    4.240480682754620e+01
  ],
  ""type"": ""Point""
}","{
  ""coordinates"": [
    -83.140343063,
    42.404806828
  ],
  ""type"": ""Point""
}",-83.140343063,42.4048068280001
13555,1430864,ROSA PARKS,WEBB,2018-07-21,21,7,2018,14,7,8,9,,4,0,Asphalt,2,4,1,30,3,2,3,5,0,0,0,0,true,false,false,false,false,false,false,false,false,false,false,false,false,false,false,false,false,false,false,false,false,false,-83.10625,42.38625,"{
  ""coordinates"": [
    -8.310625558451480e+01,
    4.238625100896360e+01
  ],
  ""type"": ""Point""
}","{
  ""coordinates"": [
    -83.106255585,
    42.386251009
  ],
  ""type"": ""Point""
}",-83.106255585,42.386251009
13556,1433450,I-96,GRAND RIVER,2018-07-21,21,7,2018,11,7,97,1,,1,0,Concrete,2,4,1,70,3,3,3,5,0,0,0,0,true,true,false,false,false,false,false,false,false,false,false,false,false,false,false,false,false,false,false,false,false,false,-83.19442,42.37908,"{
  ""coordinates"": [
    -8.319442084712330e+01,
    4.237908232072090e+01
  ],
  ""type"": ""Point""
}","{
  ""coordinates"": [
    -83.194420847,
    42.379082321
  ],
  ""type"": ""Point""
}",-83.1944208469999,42.3790823210001