ObjectId,Crash ID,Primary Road,Intersecting Road,Crash Date,Day,Month,Year,Hour,Weekday,Crash Type Code,Highway Classification Code,Community Code,Jurisdiction Code,Lane Departure Type Code,Surface Type,Road Condition,Weather Condition,Lighting Condition,Speed Limit,Lanes,Units,Occupants,Most Severe Injury,Fatal Injuries,Suspected Serious Injuries,Suspected Minor Injuries,Possible Injuries,Property Damage Only,Secondary Crash,Traffic Control,Red Light Run,Hit and Run,Alcohol,Drugs,Unbelted Person,Work Zone,Speeding Driver,Distracted Driver,Driveway,Pedestrian,Elderly Driver,Young Driver,Commercial Vehicle,Emergency Vehicles,Train,School Bus,Motorcycle,Bicycle,Deer,Longitude,Latitude,geom,geog,x,y
13557,1438597,I 75 SERVICE,8 MILE,2018-07-21,21,7,2018,9,7,4,1,,4,0,Asphalt,2,4,1,35,2,2,1,5,0,0,0,0,true,false,false,false,true,false,false,true,false,false,false,false,false,false,false,false,false,false,false,false,false,false,-83.09461,42.44273,"{
  ""coordinates"": [
    -8.309461171071290e+01,
    4.244272662473600e+01
  ],
  ""type"": ""Point""
}","{
  ""coordinates"": [
    -83.094611711,
    42.442726625
  ],
  ""type"": ""Point""
}",-83.094611711,42.442726625
13558,1433479,WABASH,DALZELLE,2018-07-21,21,7,2018,2,7,97,9,,,0,,1,1,4,25,2,3,1,5,0,0,0,0,true,false,false,false,false,false,false,false,false,false,false,false,false,false,false,false,false,false,false,false,false,false,-83.07378,42.32922,"{
  ""coordinates"": [
    -8.307377379350871e+01,
    4.232921986554650e+01
  ],
  ""type"": ""Point""
}","{
  ""coordinates"": [
    -83.073773794,
    42.329219866
  ],
  ""type"": ""Point""
}",-83.073773794,42.3292198660001
13559,1430886,JAMES COUZENS,SANTA MARIA,2018-07-21,21,7,2018,23,7,8,9,,4,0,Asphalt,1,1,4,35,3,2,2,5,0,0,0,0,true,false,false,false,true,false,false,false,false,false,false,false,false,false,false,false,false,false,false,false,false,false,-83.17368,42.41856,"{
  ""coordinates"": [
    -8.317368139623440e+01,
    4.241855919273150e+01
  ],
  ""type"": ""Point""
}","{
  ""coordinates"": [
    -83.173681396,
    42.418559193
  ],
  ""type"": ""Point""
}",-83.1736813959999,42.4185591930001
13560,1454149,CARBONDALE,LINSDALE,2018-07-21,21,7,2018,20,7,4,9,,,0,,1,1,5,25,2,2,3,4,0,0,0,1,false,false,true,false,false,false,false,false,false,false,true,false,false,false,true,false,false,false,false,false,false,false,-83.13768,42.35634,"{
  ""coordinates"": [
    -8.313767883191360e+01,
    4.235634067772100e+01
  ],
  ""type"": ""Point""
}","{
  ""coordinates"": [
    -83.137678832,
    42.356340678
  ],
  ""type"": ""Point""
}",-83.1376788319999,42.356340678
13561,1430880,MOUND,8 MILE,2018-07-21,21,7,2018,7,7,5,3,,2,0,Asphalt,1,1,1,35,3,2,2,5,0,0,0,0,true,false,false,false,false,false,false,false,false,false,false,false,false,false,false,false,false,false,false,false,false,false,-83.04395,42.44769,"{
  ""coordinates"": [
    -8.304395154749309e+01,
    4.244769470594600e+01
  ],
  ""type"": ""Point""
}","{
  ""coordinates"": [
    -83.043951547,
    42.447694706
  ],
  ""type"": ""Point""
}",-83.0439515469999,42.447694706
13562,1430871,SHERWOOD,7 MILE,2018-07-21,21,7,2018,4,7,4,9,,4,0,Asphalt,1,1,4,35,2,2,2,5,0,0,0,0,true,false,false,false,false,false,false,false,false,false,false,false,false,false,false,false,false,false,false,false,false,false,-83.03405,42.43385,"{
  ""coordinates"": [
    -8.303404926884200e+01,
    4.243384777381850e+01
  ],
  ""type"": ""Point""
}","{
  ""coordinates"": [
    -83.034049269,
    42.433847774
  ],
  ""type"": ""Point""
}",-83.034049269,42.4338477740001
13563,1430851,HOUSTON-WHITTIER,CHALMERS,2018-07-21,21,7,2018,15,7,98,9,,4,3,Asphalt,2,2,1,30,2,2,0,5,0,0,0,0,true,false,false,false,true,false,false,false,false,false,false,false,false,false,false,false,false,false,false,false,false,false,-82.97511,42.42065,"{
  ""coordinates"": [
    -8.297510370216671e+01,
    4.242065159801850e+01
  ],
  ""type"": ""Point""
}","{
  ""coordinates"": [
    -82.975103702,
    42.420651598
  ],
  ""type"": ""Point""
}",-82.975103702,42.4206515980001
13564,1430781,BURNETTE,DIVERSEY,2018-07-21,21,7,2018,0,7,2,9,,,2,,1,2,4,25,1,2,0,5,0,0,0,0,true,false,false,false,true,false,false,false,false,false,false,false,false,false,false,false,false,false,false,false,false,false,-83.14088,42.3494,"{
  ""coordinates"": [
    -8.314088050617910e+01,
    4.234939459633400e+01
  ],
  ""type"": ""Point""
}","{
  ""coordinates"": [
    -83.140880506,
    42.349394596
  ],
  ""type"": ""Point""
}",-83.140880506,42.349394596
13565,1432540,BURT,ACACIA,2018-07-21,21,7,2018,20,7,4,9,,4,0,Asphalt,1,1,1,,2,2,2,5,0,0,0,0,true,true,false,false,false,false,false,false,false,false,false,false,false,false,false,false,false,false,false,false,false,false,-83.24678,42.39106,"{
  ""coordinates"": [
    -8.324678140047040e+01,
    4.239106377566670e+01
  ],
  ""type"": ""Point""
}","{
  ""coordinates"": [
    -83.2467814,
    42.391063776
  ],
  ""type"": ""Point""
}",-83.2467814,42.3910637760001
13566,1430790,BEATRICE,FRANCIS,2018-07-21,21,7,2018,2,7,8,9,,,3,,2,4,2,25,1,2,1,5,0,0,0,0,true,false,false,false,true,false,false,false,false,false,false,false,false,false,false,false,false,false,false,false,false,false,-83.15813,42.26424,"{
  ""coordinates"": [
    -8.315813818408699e+01,
    4.226423535289410e+01
  ],
  ""type"": ""Point""
}","{
  ""coordinates"": [
    -83.158138184,
    42.264235353
  ],
  ""type"": ""Point""
}",-83.1581381839999,42.2642353530001
13567,1430729,029A,I-75,2018-07-21,21,7,2018,2,7,1,1,,1,1,Concrete,1,1,4,25,1,1,1,5,0,0,0,0,true,false,false,false,false,false,false,false,true,true,false,false,false,false,false,true,false,false,false,false,false,false,-83.15862,42.27623,"{
  ""coordinates"": [
    -8.315861242987440e+01,
    4.227622580196520e+01
  ],
  ""type"": ""Point""
}","{
  ""coordinates"": [
    -83.15861243,
    42.276225802
  ],
  ""type"": ""Point""
}",-83.1586124299999,42.2762258020001
13568,1479188,CIRCLE,SOUTHFIELD SERVICE DRIVE,2018-07-21,21,7,2018,2,7,1,3,,1,1,Asphalt,1,1,4,30,2,1,1,5,0,0,0,0,true,false,false,false,false,false,false,false,false,true,false,false,false,false,false,false,false,false,false,false,false,false,-83.2188,42.44379,"{
  ""coordinates"": [
    -8.321880593356970e+01,
    4.244379269642110e+01
  ],
  ""type"": ""Point""
}","{
  ""coordinates"": [
    -83.218805934,
    42.443792696
  ],
  ""type"": ""Point""
}",-83.218805934,42.4437926960001
13569,1430837,FISCHER,LAMBERT,2018-07-21,21,7,2018,7,7,9,9,,,0,,1,1,98,15,1,2,0,5,0,0,0,0,true,false,false,false,true,false,false,false,false,false,true,false,false,true,false,false,false,false,false,false,false,false,-83.0123,42.38767,"{
  ""coordinates"": [
    -8.301229601297889e+01,
    4.238767142126240e+01
  ],
  ""type"": ""Point""
}","{
  ""coordinates"": [
    -83.012296013,
    42.387671421
  ],
  ""type"": ""Point""
}",-83.012296013,42.3876714210001
13570,1430892,PENNINGTON,CLARITA,2018-07-21,21,7,2018,13,7,5,9,,,0,,1,1,1,25,2,2,0,5,0,0,0,0,true,false,false,false,true,false,false,false,false,false,false,false,false,false,false,false,false,false,false,false,false,false,-83.14807,42.42901,"{
  ""coordinates"": [
    -8.314807211934620e+01,
    4.242901407544010e+01
  ],
  ""type"": ""Point""
}","{
  ""coordinates"": [
    -83.148072119,
    42.429014075
  ],
  ""type"": ""Point""
}",-83.1480721189999,42.4290140750001
13571,1433447,I-96,GLENDALE,2018-07-21,21,7,2018,9,7,1,1,,1,1,Concrete,2,4,1,70,3,1,1,5,0,0,0,0,true,false,false,false,false,false,false,false,false,false,false,false,false,false,false,false,false,false,false,false,false,false,-83.24019,42.38316,"{
  ""coordinates"": [
    -8.324018669037710e+01,
    4.238315532179950e+01
  ],
  ""type"": ""Point""
}","{
  ""coordinates"": [
    -83.24018669,
    42.383155322
  ],
  ""type"": ""Point""
}",-83.24018669,42.3831553220001
13572,1430785,HAMILTON,GLYNN,2018-07-21,21,7,2018,20,7,4,9,,4,0,Asphalt,1,1,3,35,2,2,1,5,0,0,0,0,true,false,true,false,true,false,false,false,false,false,false,false,false,true,false,false,false,false,false,false,false,false,-83.09463,42.38529,"{
  ""coordinates"": [
    -8.309463029041039e+01,
    4.238528717497830e+01
  ],
  ""type"": ""Point""
}","{
  ""coordinates"": [
    -83.09463029,
    42.385287175
  ],
  ""type"": ""Point""
}",-83.0946302899999,42.385287175
13573,1430720,I-94,BRUSH,2018-07-21,21,7,2018,21,7,5,1,,1,0,Asphalt,1,1,4,55,3,2,2,5,0,0,0,0,true,false,false,false,false,false,false,false,false,false,false,false,false,false,false,false,false,false,false,false,false,false,-83.06422,42.3659,"{
  ""coordinates"": [
    -8.306421877052590e+01,
    4.236590218093600e+01
  ],
  ""type"": ""Point""
}","{
  ""coordinates"": [
    -83.064218771,
    42.365902181
  ],
  ""type"": ""Point""
}",-83.064218771,42.3659021810001
13574,1430865,DAVISON,WASHBURN,2018-07-21,21,7,2018,11,7,1,1,,4,0,Asphalt,2,4,1,35,3,1,2,4,0,0,0,1,false,false,false,false,false,false,false,false,false,false,false,false,false,false,false,false,false,false,false,false,false,false,-83.15995,42.38605,"{
  ""coordinates"": [
    -8.315995339935699e+01,
    4.238604703509850e+01
  ],
  ""type"": ""Point""
}","{
  ""coordinates"": [
    -83.159953399,
    42.386047035
  ],
  ""type"": ""Point""
}",-83.159953399,42.386047035
13575,1430896,SHAEFER,OUTER,2018-07-21,21,7,2018,20,7,2,9,,4,2,Asphalt,1,1,4,35,2,2,1,3,0,0,1,0,false,false,false,false,true,false,false,false,false,false,false,false,false,false,false,false,false,false,false,false,false,false,-83.17999,42.42038,"{
  ""coordinates"": [
    -8.317998471589419e+01,
    4.242037495688590e+01
  ],
  ""type"": ""Point""
}","{
  ""coordinates"": [
    -83.179984716,
    42.420374957
  ],
  ""type"": ""Point""
}",-83.179984716,42.420374957
13576,1430787,GRAND RIVER,GRAND,2018-07-21,21,7,2018,17,7,4,3,,1,0,Asphalt,1,1,1,25,4,2,2,4,0,0,0,1,false,false,false,false,false,false,false,false,false,false,false,false,false,false,true,false,false,false,false,false,false,false,-83.10952,42.35684,"{
  ""coordinates"": [
    -8.310952240449500e+01,
    4.235684206792960e+01
  ],
  ""type"": ""Point""
}","{
  ""coordinates"": [
    -83.109522404,
    42.356842068
  ],
  ""type"": ""Point""
}",-83.109522404,42.356842068
13577,1430795,LAWNDALE,JOHN KRONK,2018-07-21,21,7,2018,20,7,5,9,,,0,,1,1,1,25,1,2,1,5,0,0,0,0,true,false,false,false,false,false,false,false,false,false,false,false,false,false,true,false,false,false,false,false,false,false,-83.14189,42.32077,"{
  ""coordinates"": [
    -8.314189146627859e+01,
    4.232077519126890e+01
  ],
  ""type"": ""Point""
}","{
  ""coordinates"": [
    -83.141891466,
    42.320775191
  ],
  ""type"": ""Point""
}",-83.1418914659999,42.3207751910001
13578,1430891,OUTER,SCHAEFER,2018-07-21,21,7,2018,16,7,5,9,,2,0,Asphalt,1,1,1,30,3,2,2,5,0,0,0,0,true,false,false,false,true,false,false,false,false,false,false,false,false,true,false,false,false,false,false,false,false,false,-83.18006,42.4201,"{
  ""coordinates"": [
    -8.318005781438630e+01,
    4.242010520258180e+01
  ],
  ""type"": ""Point""
}","{
  ""coordinates"": [
    -83.180057814,
    42.420105203
  ],
  ""type"": ""Point""
}",-83.180057814,42.420105203
13579,1430779,I-75,MICHIGAN,2018-07-21,21,7,2018,13,7,1,1,,1,1,Asphalt,2,4,1,70,3,1,1,5,0,0,0,0,true,false,false,false,false,false,false,false,false,true,false,false,false,false,false,true,false,false,false,false,false,false,-83.08349,42.32492,"{
  ""coordinates"": [
    -8.308348802271800e+01,
    4.232491979692480e+01
  ],
  ""type"": ""Point""
}","{
  ""coordinates"": [
    -83.083488023,
    42.324919797
  ],
  ""type"": ""Point""
}",-83.083488023,42.3249197970001
13580,1483162,I 94,WARREN,2018-07-21,21,7,2018,3,7,5,1,,1,0,Asphalt,1,1,4,70,3,2,3,3,0,0,2,1,false,false,false,false,true,false,false,false,false,false,false,false,false,true,false,false,false,false,false,false,false,false,-83.11348,42.34467,"{
  ""coordinates"": [
    -8.311348112862810e+01,
    4.234466927815780e+01
  ],
  ""type"": ""Point""
}","{
  ""coordinates"": [
    -83.113481129,
    42.344669278
  ],
  ""type"": ""Point""
}",-83.113481129,42.344669278
13581,1450420,FORT,OUTER,2018-07-21,21,7,2018,10,7,5,3,,1,0,Asphalt,1,1,1,35,2,2,1,5,0,0,0,0,true,false,false,false,true,false,false,false,false,false,false,false,false,false,false,false,false,false,false,false,false,false,-83.16702,42.26258,"{
  ""coordinates"": [
    -8.316702246687289e+01,
    4.226258412044030e+01
  ],
  ""type"": ""Point""
}","{
  ""coordinates"": [
    -83.167022467,
    42.26258412
  ],
  ""type"": ""Point""
}",-83.167022467,42.26258412
13582,1430883,7 MILE,CALDWELL,2018-07-21,21,7,2018,22,7,97,9,,4,0,Asphalt,1,2,4,35,2,3,2,1,1,0,0,0,false,false,false,false,true,false,false,false,false,false,false,false,true,true,false,false,false,false,false,false,false,false,-83.04649,42.4335,"{
  ""coordinates"": [
    -8.304648499403660e+01,
    4.243350297261000e+01
  ],
  ""type"": ""Point""
}","{
  ""coordinates"": [
    -83.046484994,
    42.433502973
  ],
  ""type"": ""Point""
}",-83.046484994,42.433502973
13583,1431740,LARNED,BEAUBIEN,2018-07-21,21,7,2018,2,7,8,9,,4,0,Asphalt,1,1,4,30,2,2,4,4,0,0,0,2,false,false,false,false,false,false,false,false,false,false,false,false,false,false,false,false,false,false,false,false,false,false,-83.04028,42.33157,"{
  ""coordinates"": [
    -8.304028305530240e+01,
    4.233156635973920e+01
  ],
  ""type"": ""Point""
}","{
  ""coordinates"": [
    -83.040283055,
    42.33156636
  ],
  ""type"": ""Point""
}",-83.040283055,42.3315663600001
13584,1435194,S I 375,RAMP 017B,2018-07-21,21,7,2018,12,7,1,1,,1,0,Asphalt,2,4,1,70,2,1,1,5,0,0,0,0,true,false,false,false,false,false,false,false,false,false,false,false,false,false,false,false,false,false,false,false,false,false,-83.04021,42.33871,"{
  ""coordinates"": [
    -8.304021182248739e+01,
    4.233870845654140e+01
  ],
  ""type"": ""Point""
}","{
  ""coordinates"": [
    -83.040211822,
    42.338708457
  ],
  ""type"": ""Point""
}",-83.0402118219999,42.3387084570001
13585,1430784,GRAND RIVER,MIDDLE,2018-07-21,21,7,2018,23,7,5,3,,4,0,Asphalt,1,1,4,35,6,3,1,5,0,0,0,0,true,false,false,false,false,true,false,false,false,false,false,false,false,false,false,false,false,false,false,false,false,false,-83.05431,42.33451,"{
  ""coordinates"": [
    -8.305431114175710e+01,
    4.233450865016050e+01
  ],
  ""type"": ""Point""
}","{
  ""coordinates"": [
    -83.054311142,
    42.33450865
  ],
  ""type"": ""Point""
}",-83.054311142,42.33450865
13586,1447061,SANTA MARIA,MANOR,2018-07-21,21,7,2018,14,7,8,9,,,0,,1,1,1,25,2,2,3,5,0,0,0,0,true,false,false,false,false,false,false,false,false,false,false,false,false,false,false,false,false,false,false,false,false,false,-83.16946,42.41851,"{
  ""coordinates"": [
    -8.316946734348230e+01,
    4.241850944350530e+01
  ],
  ""type"": ""Point""
}","{
  ""coordinates"": [
    -83.169467343,
    42.418509444
  ],
  ""type"": ""Point""
}",-83.169467343,42.4185094440001
13587,1432527,BEACONSFIELD,FRANKFORT,2018-07-21,21,7,2018,21,7,1,9,,,0,,1,1,4,25,2,1,1,4,0,0,0,1,false,false,false,false,false,true,true,false,false,false,false,false,false,false,false,false,false,false,false,false,false,false,-82.95092,42.40041,"{
  ""coordinates"": [
    -8.295091767251240e+01,
    4.240040440162470e+01
  ],
  ""type"": ""Point""
}","{
  ""coordinates"": [
    -82.950917673,
    42.400404402
  ],
  ""type"": ""Point""
}",-82.9509176729999,42.400404402
13588,1430807,LAFAYETTE,CHENE,2018-07-21,21,7,2018,22,7,5,9,,4,0,Asphalt,1,1,5,35,2,2,2,5,0,0,0,0,true,false,false,false,true,false,false,false,false,false,false,false,false,false,false,false,false,false,false,false,false,false,-83.02518,42.3411,"{
  ""coordinates"": [
    -8.302517782002950e+01,
    4.234109790907350e+01
  ],
  ""type"": ""Point""
}","{
  ""coordinates"": [
    -83.02517782,
    42.341097909
  ],
  ""type"": ""Point""
}",-83.02517782,42.341097909
13589,1430794,CASPER,PITT,2018-07-21,21,7,2018,22,7,97,9,,,0,,1,1,4,25,1,2,4,4,0,0,0,1,false,false,false,false,true,false,false,false,false,false,false,false,false,false,false,false,false,false,false,false,false,false,-83.12676,42.31383,"{
  ""coordinates"": [
    -8.312676344198850e+01,
    4.231382983149430e+01
  ],
  ""type"": ""Point""
}","{
  ""coordinates"": [
    -83.126763442,
    42.313829831
  ],
  ""type"": ""Point""
}",-83.126763442,42.3138298310001
13590,1430819,PLYMOUTH,PLYMOUTH/M-14,2018-07-21,21,7,2018,3,7,1,9,,4,1,Asphalt,1,1,4,30,6,1,1,4,0,0,0,1,false,false,false,false,false,false,false,false,false,false,false,false,false,false,false,false,false,false,false,false,false,false,-83.15198,42.37363,"{
  ""coordinates"": [
    -8.315197571816179e+01,
    4.237363062574710e+01
  ],
  ""type"": ""Point""
}","{
  ""coordinates"": [
    -83.151975718,
    42.373630626
  ],
  ""type"": ""Point""
}",-83.151975718,42.3736306260001
13591,1469958,WOODWARD,CADILLAC,2018-07-21,21,7,2018,12,7,10,9,,4,0,Brick,2,4,1,20,3,2,5,5,0,0,0,0,true,false,false,false,false,false,false,false,false,false,false,false,false,true,false,true,false,false,false,false,false,false,-83.0462,42.33142,"{
  ""coordinates"": [
    -8.304619652096180e+01,
    4.233141738371930e+01
  ],
  ""type"": ""Point""
}","{
  ""coordinates"": [
    -83.046196521,
    42.331417384
  ],
  ""type"": ""Point""
}",-83.046196521,42.3314173840001
13592,1430804,WARREN,BUCKINGHAM,2018-07-21,21,7,2018,22,7,2,9,,4,2,Asphalt,1,1,4,30,5,2,1,4,0,0,0,1,false,false,false,false,true,false,false,true,false,false,false,false,false,false,false,false,false,false,false,false,false,false,-82.94416,42.40082,"{
  ""coordinates"": [
    -8.294416101777560e+01,
    4.240081693866750e+01
  ],
  ""type"": ""Point""
}","{
  ""coordinates"": [
    -82.944161018,
    42.400816939
  ],
  ""type"": ""Point""
}",-82.944161018,42.400816939
13593,1431771,7 MILE,FIELDING,2018-07-21,21,7,2018,16,7,4,9,,2,0,Asphalt,1,2,1,35,4,2,3,4,0,0,0,2,false,false,false,false,false,false,false,false,false,false,false,false,false,true,false,false,false,false,false,false,false,false,-83.24438,42.42944,"{
  ""coordinates"": [
    -8.324437554762130e+01,
    4.242943964093620e+01
  ],
  ""type"": ""Point""
}","{
  ""coordinates"": [
    -83.244375548,
    42.429439641
  ],
  ""type"": ""Point""
}",-83.2443755479999,42.429439641
13594,1430753,I-94,LIVERNOIS,2018-07-21,21,7,2018,10,7,8,1,,1,0,Asphalt,2,4,1,55,3,2,2,5,0,0,0,0,true,false,false,false,false,false,false,false,false,true,false,false,false,false,false,true,false,false,false,false,false,false,-83.13356,42.33405,"{
  ""coordinates"": [
    -8.313355883887350e+01,
    4.233404891829000e+01
  ],
  ""type"": ""Point""
}","{
  ""coordinates"": [
    -83.133558839,
    42.334048918
  ],
  ""type"": ""Point""
}",-83.133558839,42.3340489180001
13595,1433502,TAYLOR,14TH,2018-07-21,21,7,2018,21,7,8,9,,,0,,1,1,4,,1,2,5,5,0,0,0,0,true,false,false,false,false,false,false,false,false,false,false,false,false,false,true,false,false,false,false,false,false,false,-83.10314,42.37405,"{
  ""coordinates"": [
    -8.310314426218839e+01,
    4.237404703266210e+01
  ],
  ""type"": ""Point""
}","{
  ""coordinates"": [
    -83.103144262,
    42.374047033
  ],
  ""type"": ""Point""
}",-83.1031442619999,42.3740470330001
13596,1430853,8 MILE,HICKORY,2018-07-21,21,7,2018,7,7,97,3,,1,0,Asphalt,1,2,1,45,4,3,5,5,0,0,0,0,true,false,true,true,true,false,false,false,false,false,false,false,false,false,false,false,false,false,false,false,false,false,-82.98809,42.44922,"{
  ""coordinates"": [
    -8.298809295965430e+01,
    4.244922261580600e+01
  ],
  ""type"": ""Point""
}","{
  ""coordinates"": [
    -82.98809296,
    42.449222616
  ],
  ""type"": ""Point""
}",-82.98809296,42.449222616
13597,1447052,MOUND,8 MILE,2018-07-21,21,7,2018,7,7,5,3,,2,0,Asphalt,1,1,2,40,3,2,2,5,0,0,0,0,true,false,false,false,false,false,false,false,false,false,false,false,false,false,false,false,false,false,false,false,false,false,-83.04396,42.4478,"{
  ""coordinates"": [
    -8.304395741865289e+01,
    4.244780054482430e+01
  ],
  ""type"": ""Point""
}","{
  ""coordinates"": [
    -83.043957419,
    42.447800545
  ],
  ""type"": ""Point""
}",-83.043957419,42.4478005450001
13598,1433458,I-94,LIVERNOIS,2018-07-21,21,7,2018,10,7,8,1,,1,0,Asphalt,2,4,1,55,3,2,2,5,0,0,0,0,true,false,false,false,false,false,false,false,false,true,false,false,false,false,false,true,false,false,false,false,false,false,-83.13356,42.33405,"{
  ""coordinates"": [
    -8.313355883887350e+01,
    4.233404891829000e+01
  ],
  ""type"": ""Point""
}","{
  ""coordinates"": [
    -83.133558839,
    42.334048918
  ],
  ""type"": ""Point""
}",-83.133558839,42.3340489180001
13599,1433473,CASS,MICHIGAN,2018-07-21,21,7,2018,0,7,10,2,,4,0,Asphalt,1,1,4,30,3,2,3,5,0,0,0,0,true,false,false,false,true,false,false,false,false,false,false,false,false,false,false,false,false,false,false,false,false,false,-83.0528,42.33184,"{
  ""coordinates"": [
    -8.305280463130440e+01,
    4.233184465957140e+01
  ],
  ""type"": ""Point""
}","{
  ""coordinates"": [
    -83.052804631,
    42.33184466
  ],
  ""type"": ""Point""
}",-83.052804631,42.3318446600001
13600,1430849,CONNER,WILSHIRE,2018-07-21,21,7,2018,11,7,97,9,,4,0,Asphalt,2,4,1,35,5,2,1,4,0,0,0,1,false,false,false,false,true,false,false,true,false,false,false,false,false,false,true,false,false,false,false,false,false,false,-82.99627,42.40395,"{
  ""coordinates"": [
    -8.299627279043639e+01,
    4.240394997348680e+01
  ],
  ""type"": ""Point""
}","{
  ""coordinates"": [
    -82.99627279,
    42.403949973
  ],
  ""type"": ""Point""
}",-82.99627279,42.4039499730001
13601,1430852,KELLY,TACOMA,2018-07-21,21,7,2018,22,7,3,9,,2,0,Concrete,1,1,2,30,3,2,4,3,0,0,1,0,false,false,false,false,false,false,false,false,false,true,false,false,false,false,false,false,false,false,false,false,false,false,-82.94766,42.44187,"{
  ""coordinates"": [
    -8.294765930866480e+01,
    4.244186694838270e+01
  ],
  ""type"": ""Point""
}","{
  ""coordinates"": [
    -82.947659309,
    42.441866948
  ],
  ""type"": ""Point""
}",-82.947659309,42.441866948
13602,1430737,I-75,HOLBROOK,2018-07-21,21,7,2018,9,7,1,1,,1,1,Asphalt,2,4,1,70,4,1,1,5,0,0,0,0,true,false,false,false,false,false,false,false,false,true,false,false,false,false,false,false,false,false,false,false,false,false,-83.06793,42.38632,"{
  ""coordinates"": [
    -8.306793292247730e+01,
    4.238632043585430e+01
  ],
  ""type"": ""Point""
}","{
  ""coordinates"": [
    -83.067932922,
    42.386320436
  ],
  ""type"": ""Point""
}",-83.067932922,42.3863204360001
13603,1430761,I 94,LINWOOD,2018-07-21,21,7,2018,17,7,8,1,,1,0,Asphalt,1,2,1,55,3,2,8,5,0,0,0,0,true,false,false,false,false,false,false,false,false,true,false,false,false,false,false,false,false,false,false,false,false,false,-83.0927,42.35212,"{
  ""coordinates"": [
    -8.309269976504240e+01,
    4.235211659370020e+01
  ],
  ""type"": ""Point""
}","{
  ""coordinates"": [
    -83.092699765,
    42.352116594
  ],
  ""type"": ""Point""
}",-83.092699765,42.3521165940001
13604,1430792,ANNABELLE,FRANCIS,2018-07-21,21,7,2018,0,7,5,9,,,0,,1,1,5,25,2,2,1,4,0,0,0,1,false,false,false,false,false,false,false,false,false,false,false,false,false,false,false,false,false,false,false,false,false,false,-83.15867,42.26506,"{
  ""coordinates"": [
    -8.315866922481921e+01,
    4.226506408389450e+01
  ],
  ""type"": ""Point""
}","{
  ""coordinates"": [
    -83.158669225,
    42.265064084
  ],
  ""type"": ""Point""
}",-83.158669225,42.2650640840001
13605,1430734,I-96,GRAND RIVER,2018-07-21,21,7,2018,10,7,8,1,,1,0,Concrete,2,1,1,70,3,2,2,5,0,0,0,0,true,false,false,false,false,false,false,false,false,true,false,false,false,true,false,false,false,false,false,false,false,false,-83.19442,42.37908,"{
  ""coordinates"": [
    -8.319442084712330e+01,
    4.237908232072090e+01
  ],
  ""type"": ""Point""
}","{
  ""coordinates"": [
    -83.194420847,
    42.379082321
  ],
  ""type"": ""Point""
}",-83.1944208469999,42.3790823210001
13606,1430887,SCHAEFER,OUTER,2018-07-21,21,7,2018,21,7,9,9,,4,0,Asphalt,1,1,4,35,4,2,1,4,0,0,0,1,false,false,false,false,false,false,false,false,false,false,false,false,false,false,false,false,false,false,false,false,false,false,-83.17998,42.42019,"{
  ""coordinates"": [
    -8.317997603551760e+01,
    4.242018665622840e+01
  ],
  ""type"": ""Point""
}","{
  ""coordinates"": [
    -83.179976036,
    42.420186656
  ],
  ""type"": ""Point""
}",-83.179976036,42.4201866560001
13607,1435221,LAFAYETTE,I-375,2018-07-21,21,7,2018,16,7,5,9,,4,0,Concrete,1,1,1,30,4,2,3,5,0,0,0,0,true,false,false,false,true,false,false,false,false,false,false,false,false,false,false,false,false,false,false,false,false,false,-83.03777,42.33582,"{
  ""coordinates"": [
    -8.303777293996021e+01,
    4.233582122564020e+01
  ],
  ""type"": ""Point""
}","{
  ""coordinates"": [
    -83.03777294,
    42.335821226
  ],
  ""type"": ""Point""
}",-83.03777294,42.3358212260001
13608,1433455,I-96,WYOMING,2018-07-21,21,7,2018,6,7,1,1,,1,0,Asphalt,2,4,4,70,3,1,1,5,0,0,0,0,true,false,false,false,false,false,false,false,false,false,false,false,false,false,false,false,false,false,false,false,false,false,-83.14968,42.38354,"{
  ""coordinates"": [
    -8.314968094534341e+01,
    4.238353777959570e+01
  ],
  ""type"": ""Point""
}","{
  ""coordinates"": [
    -83.149680945,
    42.38353778
  ],
  ""type"": ""Point""
}",-83.1496809449999,42.38353778
13609,1430821,BELTON,ROSEMONT,2018-07-21,21,7,2018,18,7,4,9,,,0,,1,1,1,,2,2,2,5,0,0,0,0,true,false,false,false,true,false,false,false,false,false,false,false,false,false,false,false,false,false,false,false,false,false,-83.21898,42.35239,"{
  ""coordinates"": [
    -8.321897964385950e+01,
    4.235238542146690e+01
  ],
  ""type"": ""Point""
}","{
  ""coordinates"": [
    -83.218979644,
    42.352385421
  ],
  ""type"": ""Point""
}",-83.2189796439999,42.3523854210001
13610,1436093,WEST,WATSON,2018-07-21,21,7,2018,17,7,9,9,,,2,,1,2,3,25,2,2,1,5,0,0,0,0,true,false,false,false,false,true,false,false,false,false,false,false,false,false,false,false,false,false,false,false,false,false,-83.04989,42.3474,"{
  ""coordinates"": [
    -8.304988518266531e+01,
    4.234740042669660e+01
  ],
  ""type"": ""Point""
}","{
  ""coordinates"": [
    -83.049885183,
    42.347400427
  ],
  ""type"": ""Point""
}",-83.049885183,42.347400427