ObjectId,Crash ID,Primary Road,Intersecting Road,Crash Date,Day,Month,Year,Hour,Weekday,Crash Type Code,Highway Classification Code,Community Code,Jurisdiction Code,Lane Departure Type Code,Surface Type,Road Condition,Weather Condition,Lighting Condition,Speed Limit,Lanes,Units,Occupants,Most Severe Injury,Fatal Injuries,Suspected Serious Injuries,Suspected Minor Injuries,Possible Injuries,Property Damage Only,Secondary Crash,Traffic Control,Red Light Run,Hit and Run,Alcohol,Drugs,Unbelted Person,Work Zone,Speeding Driver,Distracted Driver,Driveway,Pedestrian,Elderly Driver,Young Driver,Commercial Vehicle,Emergency Vehicles,Train,School Bus,Motorcycle,Bicycle,Deer,Longitude,Latitude,geom,geog,x,y
13775,1458807,FENKELL,OAKFIELD,2018-07-18,18,7,2018,7,4,4,9,,2,0,Asphalt,1,1,1,35,4,2,2,3,0,0,1,1,false,false,true,false,false,false,false,false,false,false,false,false,false,false,true,false,false,false,false,false,false,false,-83.21423,42.40119,"{
  ""coordinates"": [
    -8.321423425496860e+01,
    4.240118789904750e+01
  ],
  ""type"": ""Point""
}","{
  ""coordinates"": [
    -83.214234255,
    42.401187899
  ],
  ""type"": ""Point""
}",-83.214234255,42.401187899
13776,1433524,WYOMING,CHALFONTE,2018-07-18,18,7,2018,18,4,5,9,,4,0,Asphalt,1,1,1,30,3,2,3,5,0,0,0,0,true,false,false,false,false,false,false,false,false,false,true,false,false,false,false,false,false,false,false,false,false,false,-83.15958,42.40024,"{
  ""coordinates"": [
    -8.315957344267170e+01,
    4.240024114058060e+01
  ],
  ""type"": ""Point""
}","{
  ""coordinates"": [
    -83.159573443,
    42.400241141
  ],
  ""type"": ""Point""
}",-83.1595734429999,42.400241141
13777,1428077,BOULDER,MADDELEIN,2018-07-18,18,7,2018,15,4,1,9,,,1,,1,1,1,25,1,1,1,5,0,0,0,0,true,false,false,false,false,false,false,false,false,false,true,false,false,false,false,false,false,false,false,false,false,false,-82.95335,42.4367,"{
  ""coordinates"": [
    -8.295335556955280e+01,
    4.243670120992640e+01
  ],
  ""type"": ""Point""
}","{
  ""coordinates"": [
    -82.95335557,
    42.43670121
  ],
  ""type"": ""Point""
}",-82.95335557,42.4367012100001
13778,1428802,BURT,E I 96,2018-07-18,18,7,2018,2,4,4,9,,4,0,Concrete,1,1,4,25,4,2,1,5,0,0,0,0,true,false,true,true,true,false,false,false,false,false,false,false,false,false,false,true,false,false,false,false,false,false,-83.24659,42.38551,"{
  ""coordinates"": [
    -8.324658968700290e+01,
    4.238551492980420e+01
  ],
  ""type"": ""Point""
}","{
  ""coordinates"": [
    -83.246589687,
    42.38551493
  ],
  ""type"": ""Point""
}",-83.246589687,42.3855149300001
13779,1428874,7 MILE,MANSFIELD,2018-07-18,18,7,2018,5,4,97,9,,2,0,Asphalt,1,1,4,,2,2,0,2,0,1,0,0,false,false,false,false,true,false,false,false,false,false,false,false,true,false,false,false,false,false,false,false,false,false,-83.20593,42.43033,"{
  ""coordinates"": [
    -8.320593517942351e+01,
    4.243033026737260e+01
  ],
  ""type"": ""Point""
}","{
  ""coordinates"": [
    -83.205935179,
    42.430330267
  ],
  ""type"": ""Point""
}",-83.2059351789999,42.430330267
13780,1429619,M39,FENKELL,2018-07-18,18,7,2018,20,4,5,3,,1,0,Asphalt,1,1,1,45,1,2,2,5,0,0,0,0,true,false,false,false,false,false,false,false,true,false,false,false,false,false,false,false,false,false,false,false,false,false,-83.21838,42.40057,"{
  ""coordinates"": [
    -8.321838509096700e+01,
    4.240056631407980e+01
  ],
  ""type"": ""Point""
}","{
  ""coordinates"": [
    -83.218385091,
    42.400566314
  ],
  ""type"": ""Point""
}",-83.218385091,42.4005663140001
13781,1427067,VERNOR,RAMP 035G,2018-07-18,18,7,2018,8,4,5,9,,4,0,Asphalt,1,1,1,,2,2,1,5,0,0,0,0,true,false,false,false,true,false,false,false,false,false,false,false,false,false,false,false,false,false,false,false,false,false,-83.08383,42.32504,"{
  ""coordinates"": [
    -8.308383057181230e+01,
    4.232503487215830e+01
  ],
  ""type"": ""Point""
}","{
  ""coordinates"": [
    -83.083830572,
    42.325034872
  ],
  ""type"": ""Point""
}",-83.083830572,42.3250348720001
13782,1427988,I 94,24TH,2018-07-18,18,7,2018,14,4,5,1,,1,0,Asphalt,1,1,1,55,3,3,6,5,0,0,0,0,true,false,false,false,true,false,false,false,false,false,true,false,false,false,true,false,false,false,false,false,false,false,-83.10214,42.34914,"{
  ""coordinates"": [
    -8.310213892944340e+01,
    4.234914006850940e+01
  ],
  ""type"": ""Point""
}","{
  ""coordinates"": [
    -83.102138929,
    42.349140069
  ],
  ""type"": ""Point""
}",-83.102138929,42.349140069
13783,1428718,I-94,LINWOOD,2018-07-18,18,7,2018,9,4,8,1,,1,0,Asphalt,1,1,1,55,4,2,2,5,0,0,0,0,true,false,false,false,false,false,false,false,false,false,false,false,false,false,false,true,false,false,false,false,false,false,-83.0848,42.35475,"{
  ""coordinates"": [
    -8.308480058160841e+01,
    4.235474855054870e+01
  ],
  ""type"": ""Point""
}","{
  ""coordinates"": [
    -83.084800582,
    42.354748551
  ],
  ""type"": ""Point""
}",-83.084800582,42.3547485510001
13784,1431742,LAFAYETTE,CASS,2018-07-18,18,7,2018,16,4,1,9,,4,0,Asphalt,1,1,1,,2,2,2,3,0,0,1,0,false,false,false,false,false,false,false,false,false,false,false,false,false,false,false,false,false,false,false,false,true,false,-83.0514,42.33016,"{
  ""coordinates"": [
    -8.305139917001050e+01,
    4.233016095942840e+01
  ],
  ""type"": ""Point""
}","{
  ""coordinates"": [
    -83.05139917,
    42.330160959
  ],
  ""type"": ""Point""
}",-83.05139917,42.3301609590001
13785,1430845,N M 39,8 MILE,2018-07-18,18,7,2018,18,4,97,3,,1,0,Concrete,1,1,1,45,3,2,1,5,0,0,0,0,true,false,false,false,true,false,false,false,false,false,false,false,false,false,false,false,false,false,false,false,false,false,-83.21963,42.44404,"{
  ""coordinates"": [
    -8.321963072207760e+01,
    4.244404059850020e+01
  ],
  ""type"": ""Point""
}","{
  ""coordinates"": [
    -83.219630722,
    42.444040599
  ],
  ""type"": ""Point""
}",-83.219630722,42.4440405990001
13786,1428086,MCNICHOLS,GODDARD,2018-07-18,18,7,2018,22,4,5,9,,4,0,Asphalt,1,1,1,30,4,2,2,5,0,0,0,0,true,false,false,false,true,false,false,false,false,false,false,false,false,false,false,false,false,false,false,false,false,false,-83.07848,42.41853,"{
  ""coordinates"": [
    -8.307847945988000e+01,
    4.241852983815730e+01
  ],
  ""type"": ""Point""
}","{
  ""coordinates"": [
    -83.07847946,
    42.418529838
  ],
  ""type"": ""Point""
}",-83.07847946,42.418529838
13787,1433501,14TH,FORD,2018-07-18,18,7,2018,16,4,97,9,,4,0,Asphalt,1,1,1,25,4,2,2,5,0,0,0,0,true,true,false,false,false,false,false,false,false,false,false,false,false,false,false,false,false,false,false,false,false,false,-83.11808,42.39824,"{
  ""coordinates"": [
    -8.311807739464101e+01,
    4.239824124457850e+01
  ],
  ""type"": ""Point""
}","{
  ""coordinates"": [
    -83.118077395,
    42.398241245
  ],
  ""type"": ""Point""
}",-83.1180773949999,42.3982412450001
13788,1428768,OUTER,HEYDEN,2018-07-18,18,7,2018,9,4,4,9,,2,0,Asphalt,1,1,1,35,2,2,2,4,0,0,0,2,false,false,true,false,false,false,false,false,false,false,false,false,false,false,false,false,false,false,false,false,false,false,-83.23942,42.39785,"{
  ""coordinates"": [
    -8.323941489905700e+01,
    4.239785550038320e+01
  ],
  ""type"": ""Point""
}","{
  ""coordinates"": [
    -83.239414899,
    42.3978555
  ],
  ""type"": ""Point""
}",-83.2394148989999,42.3978555
13789,1428068,JUNCTION,FEDERAL,2018-07-18,18,7,2018,10,4,8,9,,4,0,Asphalt,1,1,1,25,2,2,2,5,0,0,0,0,true,false,false,false,false,false,false,false,false,false,false,false,false,true,false,false,false,false,false,false,false,false,-83.10691,42.32487,"{
  ""coordinates"": [
    -8.310691213015591e+01,
    4.232487354495610e+01
  ],
  ""type"": ""Point""
}","{
  ""coordinates"": [
    -83.10691213,
    42.324873545
  ],
  ""type"": ""Point""
}",-83.10691213,42.3248735450001
13790,1431751,N I 75,CLAY,2018-07-18,18,7,2018,21,4,8,1,,1,0,Asphalt,1,1,4,55,3,2,1,5,0,0,0,0,true,false,false,false,true,false,false,false,false,false,false,false,false,false,true,false,false,false,false,false,false,false,-83.06263,42.3784,"{
  ""coordinates"": [
    -8.306262972697500e+01,
    4.237840387403340e+01
  ],
  ""type"": ""Point""
}","{
  ""coordinates"": [
    -83.062629727,
    42.378403874
  ],
  ""type"": ""Point""
}",-83.0626297269999,42.3784038740001
13791,1428063,MILLER,FORT,2018-07-18,18,7,2018,17,4,5,9,,2,0,Concrete,1,1,1,30,5,2,2,5,0,0,0,0,true,false,false,false,false,false,false,false,false,false,false,false,false,false,false,false,false,false,false,false,false,false,-83.14294,42.29354,"{
  ""coordinates"": [
    -8.314293417988590e+01,
    4.229353877648020e+01
  ],
  ""type"": ""Point""
}","{
  ""coordinates"": [
    -83.14293418,
    42.293538776
  ],
  ""type"": ""Point""
}",-83.1429341799999,42.293538776
13792,1432549,JEFFERSON,DUBOIS,2018-07-18,18,7,2018,19,4,5,9,,4,0,Asphalt,1,1,1,,7,2,2,5,0,0,0,0,true,false,false,false,false,false,false,false,false,false,false,false,false,false,false,false,false,false,false,true,false,false,-83.02467,42.33737,"{
  ""coordinates"": [
    -8.302466755610359e+01,
    4.233737116618480e+01
  ],
  ""type"": ""Point""
}","{
  ""coordinates"": [
    -83.024667556,
    42.337371166
  ],
  ""type"": ""Point""
}",-83.0246675559999,42.337371166
13793,1430802,JEFFERSON,KITCHENER,2018-07-18,18,7,2018,17,4,5,9,,4,0,Asphalt,1,1,1,35,4,5,6,4,0,0,0,1,false,false,false,false,false,false,false,false,false,false,false,false,false,true,false,false,false,false,false,false,false,false,-82.95556,42.37033,"{
  ""coordinates"": [
    -8.295556182957969e+01,
    4.237033120156290e+01
  ],
  ""type"": ""Point""
}","{
  ""coordinates"": [
    -82.95556183,
    42.370331202
  ],
  ""type"": ""Point""
}",-82.95556183,42.370331202
13794,1436088,FULLERTON,WYOMING,2018-07-18,18,7,2018,9,4,97,9,,4,0,Asphalt,1,1,1,35,1,2,1,4,0,0,0,1,false,false,false,false,false,false,false,false,false,false,false,false,true,true,false,true,false,false,false,false,false,false,-83.15893,42.38074,"{
  ""coordinates"": [
    -8.315892557485280e+01,
    4.238073687058020e+01
  ],
  ""type"": ""Point""
}","{
  ""coordinates"": [
    -83.158925575,
    42.380736871
  ],
  ""type"": ""Point""
}",-83.158925575,42.3807368710001
13795,1433511,SCHOOLCRAFT,TULLER,2018-07-18,18,7,2018,21,4,2,9,,4,2,Asphalt,1,2,4,25,2,2,2,3,0,0,1,0,false,false,false,false,false,false,false,false,false,false,false,false,false,false,false,false,false,false,false,false,false,false,-83.14645,42.38876,"{
  ""coordinates"": [
    -8.314645507406210e+01,
    4.238875890263920e+01
  ],
  ""type"": ""Point""
}","{
  ""coordinates"": [
    -83.146455074,
    42.388758903
  ],
  ""type"": ""Point""
}",-83.146455074,42.3887589030001
13796,1428072,RIVARD,WILKINS,2018-07-18,18,7,2018,21,4,2,9,,,0,,1,1,4,25,2,2,2,2,0,1,0,0,false,false,false,false,false,false,false,false,false,false,false,false,false,false,false,false,false,false,false,true,false,false,-83.04382,42.34867,"{
  ""coordinates"": [
    -8.304381354894980e+01,
    4.234866548241930e+01
  ],
  ""type"": ""Point""
}","{
  ""coordinates"": [
    -83.043813549,
    42.348665482
  ],
  ""type"": ""Point""
}",-83.0438135489999,42.3486654820001
13797,1428069,MACK,CHENE,2018-07-18,18,7,2018,13,4,8,9,,4,0,Asphalt,1,1,1,25,2,2,3,5,0,0,0,0,true,false,false,false,false,false,false,false,false,false,false,false,false,true,true,false,false,false,false,false,false,false,-83.03518,42.35633,"{
  ""coordinates"": [
    -8.303517636723360e+01,
    4.235633182519350e+01
  ],
  ""type"": ""Point""
}","{
  ""coordinates"": [
    -83.035176367,
    42.356331825
  ],
  ""type"": ""Point""
}",-83.035176367,42.356331825
13798,1442444,PLYMOUTH,TERRY,2018-07-18,18,7,2018,22,4,98,9,,4,0,Asphalt,1,1,4,30,4,2,0,3,0,0,1,0,false,false,false,false,true,false,false,false,false,false,false,false,true,false,false,false,false,false,false,false,false,false,-83.19101,42.37275,"{
  ""coordinates"": [
    -8.319101175634481e+01,
    4.237274787352650e+01
  ],
  ""type"": ""Point""
}","{
  ""coordinates"": [
    -83.191011756,
    42.372747874
  ],
  ""type"": ""Point""
}",-83.191011756,42.372747874
13799,1428083,8 MILE,WYOMING,2018-07-18,18,7,2018,19,4,1,3,,1,0,Asphalt,1,1,1,40,4,2,0,4,0,0,0,1,false,false,false,false,true,false,false,false,false,false,false,false,true,false,false,false,false,false,false,false,false,false,-83.16148,42.44564,"{
  ""coordinates"": [
    -8.316147584130050e+01,
    4.244564624839890e+01
  ],
  ""type"": ""Point""
}","{
  ""coordinates"": [
    -83.161475841,
    42.445646248
  ],
  ""type"": ""Point""
}",-83.161475841,42.4456462480001
13800,1430841,S M 39,GRAND RIVER,2018-07-18,18,7,2018,17,4,5,3,,1,0,Asphalt,1,1,1,55,3,2,1,5,0,0,0,0,true,false,false,false,false,false,false,false,false,false,false,false,false,false,false,false,false,false,false,false,false,false,-83.21838,42.40087,"{
  ""coordinates"": [
    -8.321838523966890e+01,
    4.240087067070030e+01
  ],
  ""type"": ""Point""
}","{
  ""coordinates"": [
    -83.21838524,
    42.400870671
  ],
  ""type"": ""Point""
}",-83.21838524,42.4008706710001
13801,1440549,5201 FAIRVIEW,CANFIELD,2018-07-18,18,7,2018,10,4,97,9,,,0,,1,1,2,25,1,3,0,5,0,0,0,0,true,false,false,false,false,false,false,true,false,false,true,false,false,false,false,false,false,false,false,false,false,false,-82.98444,42.38181,"{
  ""coordinates"": [
    -8.298444022145070e+01,
    4.238180395865120e+01
  ],
  ""type"": ""Point""
}","{
  ""coordinates"": [
    -82.984440221,
    42.381803959
  ],
  ""type"": ""Point""
}",-82.9844402209999,42.3818039590001
13802,1428082,GREENFIELD,8 MILE SERVICE,2018-07-18,18,7,2018,12,4,4,7,,1,0,Asphalt,1,1,1,40,7,2,1,5,0,0,0,0,true,false,false,false,true,false,false,false,false,false,false,false,false,false,false,true,false,false,false,false,false,false,-83.2005,42.44447,"{
  ""coordinates"": [
    -8.320050154436861e+01,
    4.244447163101460e+01
  ],
  ""type"": ""Point""
}","{
  ""coordinates"": [
    -83.200501544,
    42.444471631
  ],
  ""type"": ""Point""
}",-83.200501544,42.4444716310001
13803,1433504,JOHN C LODGE SERVICE,GRAND,2018-07-18,18,7,2018,0,4,5,9,,4,0,Asphalt,1,1,4,30,3,2,1,5,0,0,0,0,true,false,false,false,false,false,false,false,false,false,false,false,false,false,true,false,false,false,false,false,false,false,-83.06765,42.3432,"{
  ""coordinates"": [
    -8.306765044274449e+01,
    4.234320515817760e+01
  ],
  ""type"": ""Point""
}","{
  ""coordinates"": [
    -83.067650443,
    42.343205158
  ],
  ""type"": ""Point""
}",-83.0676504429999,42.343205158
13804,1440051,SHREWSBURY,CHIPPEWA,2018-07-18,18,7,2018,8,4,2,9,,,2,,1,1,1,25,2,2,1,3,0,0,1,0,false,false,false,false,false,false,false,false,false,false,false,false,false,false,false,false,false,false,false,false,false,false,-83.13882,42.44057,"{
  ""coordinates"": [
    -8.313882051307290e+01,
    4.244057329683330e+01
  ],
  ""type"": ""Point""
}","{
  ""coordinates"": [
    -83.138820513,
    42.440573297
  ],
  ""type"": ""Point""
}",-83.138820513,42.4405732970001
13805,1428081,CHRYSLER SERVICE,8 MILE,2018-07-18,18,7,2018,11,4,5,1,,1,0,Asphalt,1,1,1,25,3,2,2,5,0,0,0,0,true,false,false,false,false,false,false,false,false,false,false,false,false,true,false,false,false,false,false,false,false,false,-83.09492,42.44676,"{
  ""coordinates"": [
    -8.309492596075199e+01,
    4.244675801850240e+01
  ],
  ""type"": ""Point""
}","{
  ""coordinates"": [
    -83.094925961,
    42.446758019
  ],
  ""type"": ""Point""
}",-83.0949259609999,42.4467580190001
13806,1433480,PARK,ELIZABETH,2018-07-18,18,7,2018,12,4,8,9,,4,0,Asphalt,1,1,1,25,2,2,0,5,0,0,0,0,true,false,false,false,true,false,false,false,false,false,false,false,false,false,false,false,false,false,false,false,false,false,-83.05277,42.33673,"{
  ""coordinates"": [
    -8.305277233130759e+01,
    4.233672796356600e+01
  ],
  ""type"": ""Point""
}","{
  ""coordinates"": [
    -83.052772331,
    42.336727964
  ],
  ""type"": ""Point""
}",-83.052772331,42.336727964
13807,1428085,8 MILE,WYOMING,2018-07-18,18,7,2018,16,4,5,3,,1,0,Asphalt,1,1,1,40,6,2,3,5,0,0,0,0,true,false,false,false,false,false,false,false,false,false,true,false,false,false,false,false,false,false,false,false,false,false,-83.16159,42.44564,"{
  ""coordinates"": [
    -8.316159321669780e+01,
    4.244564386605670e+01
  ],
  ""type"": ""Point""
}","{
  ""coordinates"": [
    -83.161593217,
    42.445643866
  ],
  ""type"": ""Point""
}",-83.161593217,42.4456438660001
13808,1428041,E I 94,RAMP 213D,2018-07-18,18,7,2018,10,4,5,1,,1,0,Asphalt,1,1,1,55,3,2,2,5,0,0,0,0,true,false,false,false,false,false,false,false,false,false,true,false,false,false,false,false,false,false,false,false,false,false,-83.10527,42.34816,"{
  ""coordinates"": [
    -8.310527166843160e+01,
    4.234816138130450e+01
  ],
  ""type"": ""Point""
}","{
  ""coordinates"": [
    -83.105271668,
    42.348161381
  ],
  ""type"": ""Point""
}",-83.1052716679999,42.3481613810001
13809,1484227,MCNICHOLS,SUSSEX,2018-07-18,18,7,2018,1,4,4,9,,2,0,Asphalt,1,1,4,35,8,2,1,4,0,0,0,1,false,false,false,false,true,false,false,false,false,false,false,false,false,false,false,false,false,false,false,true,false,false,-83.19636,42.41611,"{
  ""coordinates"": [
    -8.319636149255869e+01,
    4.241611499304190e+01
  ],
  ""type"": ""Point""
}","{
  ""coordinates"": [
    -83.196361493,
    42.416114993
  ],
  ""type"": ""Point""
}",-83.196361493,42.4161149930001
13810,1430867,SAINT LOUIS,MCNICHOLS,2018-07-18,18,7,2018,15,4,4,9,,,0,,1,1,1,25,1,2,1,5,0,0,0,0,true,false,false,false,false,false,false,false,false,false,false,false,false,true,false,false,false,false,false,false,false,false,-83.03949,42.4191,"{
  ""coordinates"": [
    -8.303948839175000e+01,
    4.241909854885530e+01
  ],
  ""type"": ""Point""
}","{
  ""coordinates"": [
    -83.039488392,
    42.419098549
  ],
  ""type"": ""Point""
}",-83.039488392,42.4190985490001
13811,1437669,I 94,2ND,2018-07-18,18,7,2018,9,4,5,1,,1,0,Asphalt,1,1,1,55,3,2,2,5,0,0,0,0,true,false,false,false,false,false,false,false,false,false,false,false,false,false,false,false,false,false,false,false,false,false,-83.07191,42.36183,"{
  ""coordinates"": [
    -8.307190341821840e+01,
    4.236183102070300e+01
  ],
  ""type"": ""Point""
}","{
  ""coordinates"": [
    -83.071903418,
    42.361831021
  ],
  ""type"": ""Point""
}",-83.071903418,42.3618310210001
13812,1430848,FENKELL,WARWICK,2018-07-18,18,7,2018,16,4,4,9,,2,0,Asphalt,1,1,1,30,2,2,5,5,0,0,0,0,true,false,true,false,false,false,false,false,false,false,false,false,false,false,false,false,false,false,false,false,false,false,-83.22888,42.40085,"{
  ""coordinates"": [
    -8.322888070262300e+01,
    4.240085282697620e+01
  ],
  ""type"": ""Point""
}","{
  ""coordinates"": [
    -83.228880703,
    42.400852827
  ],
  ""type"": ""Point""
}",-83.228880703,42.4008528270001
13813,1433505,DAVISON,SANTA ROSA,2018-07-18,18,7,2018,17,4,5,3,,1,0,Concrete,1,1,1,35,3,6,8,4,0,0,0,2,false,false,false,false,false,false,false,false,false,false,false,false,false,true,false,false,false,false,false,false,false,false,-83.14187,42.38641,"{
  ""coordinates"": [
    -8.314187079094590e+01,
    4.238640762316240e+01
  ],
  ""type"": ""Point""
}","{
  ""coordinates"": [
    -83.141870791,
    42.386407623
  ],
  ""type"": ""Point""
}",-83.141870791,42.386407623
13814,1428080,LIVERNOIS,FENKELL,2018-07-18,18,7,2018,14,4,5,9,,4,0,Asphalt,1,1,1,35,2,3,2,4,0,0,0,1,false,false,false,false,true,false,false,false,false,false,false,false,false,false,false,false,false,false,false,false,false,false,-83.14011,42.40247,"{
  ""coordinates"": [
    -8.314011682000590e+01,
    4.240247438076620e+01
  ],
  ""type"": ""Point""
}","{
  ""coordinates"": [
    -83.14011682,
    42.402474381
  ],
  ""type"": ""Point""
}",-83.1401168199999,42.402474381
13815,1428076,7 MILE,OUTER,2018-07-18,18,7,2018,17,4,5,9,,2,0,Asphalt,1,1,1,30,1,3,1,4,0,0,0,1,false,false,false,false,true,false,false,false,false,false,false,false,false,false,false,false,false,false,false,false,false,false,-83.17574,42.43117,"{
  ""coordinates"": [
    -8.317573419613311e+01,
    4.243116646835980e+01
  ],
  ""type"": ""Point""
}","{
  ""coordinates"": [
    -83.175734196,
    42.431166468
  ],
  ""type"": ""Point""
}",-83.175734196,42.4311664680001
13816,1427116,GREELEY,EMERY,2018-07-18,18,7,2018,1,4,8,9,,,0,,1,1,4,25,2,2,0,5,0,0,0,0,true,false,false,false,true,false,false,true,false,false,false,false,false,false,false,false,false,false,false,false,false,false,-83.08781,42.43515,"{
  ""coordinates"": [
    -8.308781789828900e+01,
    4.243515306675450e+01
  ],
  ""type"": ""Point""
}","{
  ""coordinates"": [
    -83.087817898,
    42.435153067
  ],
  ""type"": ""Point""
}",-83.087817898,42.435153067
13817,1431583,N I 75,RAMP 028B,2018-07-18,18,7,2018,15,4,1,1,,1,0,Concrete,1,1,1,70,4,1,1,5,0,0,0,0,true,false,false,false,false,false,false,false,false,false,false,false,false,false,false,false,false,false,false,false,false,false,-83.16685,42.26798,"{
  ""coordinates"": [
    -8.316685773347869e+01,
    4.226797935996500e+01
  ],
  ""type"": ""Point""
}","{
  ""coordinates"": [
    -83.166857733,
    42.26797936
  ],
  ""type"": ""Point""
}",-83.166857733,42.26797936
13818,1433461,I 94,CONNER,2018-07-18,18,7,2018,15,4,5,1,,1,0,Asphalt,1,1,1,55,3,2,2,5,0,0,0,0,true,false,false,false,false,false,false,false,false,false,false,false,false,false,false,false,false,false,false,false,false,false,-82.99133,42.39404,"{
  ""coordinates"": [
    -8.299132732545290e+01,
    4.239404351605540e+01
  ],
  ""type"": ""Point""
}","{
  ""coordinates"": [
    -82.991327325,
    42.394043516
  ],
  ""type"": ""Point""
}",-82.991327325,42.3940435160001
13819,1428719,I-94,TRUMBULL,2018-07-18,18,7,2018,12,4,1,1,,1,0,Asphalt,1,1,1,55,3,1,1,5,0,0,0,0,true,false,false,false,false,false,false,false,false,true,false,false,false,false,true,false,false,false,false,false,false,false,-83.08986,42.35302,"{
  ""coordinates"": [
    -8.308986051118529e+01,
    4.235301540790630e+01
  ],
  ""type"": ""Point""
}","{
  ""coordinates"": [
    -83.089860511,
    42.353015408
  ],
  ""type"": ""Point""
}",-83.089860511,42.353015408
13820,1428875,GREENFIELD,LYNDON,2018-07-18,18,7,2018,11,4,5,9,,2,0,Asphalt,1,1,1,35,2,2,1,5,0,0,0,0,true,false,false,false,false,false,false,false,true,false,false,false,false,false,false,false,false,false,false,false,false,false,-83.19843,42.39447,"{
  ""coordinates"": [
    -8.319843037466840e+01,
    4.239446860419980e+01
  ],
  ""type"": ""Point""
}","{
  ""coordinates"": [
    -83.198430375,
    42.394468604
  ],
  ""type"": ""Point""
}",-83.198430375,42.3944686040001
13821,1428770,MINOCK,PLYMOUTH,2018-07-18,18,7,2018,11,4,98,9,,,0,,1,1,1,25,2,2,2,5,0,0,0,0,true,false,false,false,false,false,false,false,false,false,false,false,false,false,false,false,false,false,false,false,false,false,-83.2326,42.37193,"{
  ""coordinates"": [
    -8.323259878557390e+01,
    4.237193023250820e+01
  ],
  ""type"": ""Point""
}","{
  ""coordinates"": [
    -83.232598786,
    42.371930233
  ],
  ""type"": ""Point""
}",-83.232598786,42.3719302330001
13822,1428023,N M 10,LIVERNOIS,2018-07-18,18,7,2018,8,4,5,3,,1,0,Concrete,1,1,1,55,3,2,2,5,0,0,0,0,true,false,false,false,false,false,false,false,false,false,true,false,false,false,false,false,false,false,false,false,false,false,-83.14017,42.40496,"{
  ""coordinates"": [
    -8.314016748499850e+01,
    4.240495731588110e+01
  ],
  ""type"": ""Point""
}","{
  ""coordinates"": [
    -83.140167485,
    42.404957316
  ],
  ""type"": ""Point""
}",-83.1401674849999,42.404957316
13823,1428066,SPRINGWELLS,S I 75,2018-07-18,18,7,2018,4,4,7,9,,4,0,Concrete,1,1,4,30,2,2,2,5,0,0,0,0,true,false,false,false,false,false,false,false,false,false,false,false,false,false,false,false,false,false,false,false,false,false,-83.11938,42.30174,"{
  ""coordinates"": [
    -8.311938697384070e+01,
    4.230174325311190e+01
  ],
  ""type"": ""Point""
}","{
  ""coordinates"": [
    -83.119386974,
    42.301743253
  ],
  ""type"": ""Point""
}",-83.119386974,42.301743253
13824,1498496,FRENCH,SHOEMAKER,2018-07-17,17,7,2018,19,3,5,9,,4,0,Asphalt,1,1,1,25,2,2,2,4,0,0,0,1,false,false,false,false,false,false,false,true,false,false,false,false,false,false,false,false,false,false,false,false,false,false,-82.9937,42.38923,"{
  ""coordinates"": [
    -8.299369722247110e+01,
    4.238922360077370e+01
  ],
  ""type"": ""Point""
}","{
  ""coordinates"": [
    -82.993697222,
    42.389223601
  ],
  ""type"": ""Point""
}",-82.993697222,42.389223601
13825,1435201,I 75,8 MILE,2018-07-17,17,7,2018,17,3,5,1,,1,0,Asphalt,1,1,1,70,3,2,1,5,0,0,0,0,true,false,false,false,true,false,false,false,false,false,false,false,false,false,false,false,false,false,false,false,false,false,-83.09535,42.44639,"{
  ""coordinates"": [
    -8.309535380584690e+01,
    4.244639013747920e+01
  ],
  ""type"": ""Point""
}","{
  ""coordinates"": [
    -83.095353806,
    42.446390137
  ],
  ""type"": ""Point""
}",-83.0953538059999,42.446390137
13826,1431755,RAMP 043C,S I 75,2018-07-17,17,7,2018,8,3,5,1,,1,0,Asphalt,1,1,1,25,2,2,2,5,0,0,0,0,true,false,false,false,false,false,false,false,false,false,false,false,false,false,false,false,false,false,false,false,false,false,-83.04929,42.3525,"{
  ""coordinates"": [
    -8.304928409587301e+01,
    4.235249780557000e+01
  ],
  ""type"": ""Point""
}","{
  ""coordinates"": [
    -83.049284096,
    42.352497806
  ],
  ""type"": ""Point""
}",-83.049284096,42.352497806
13827,1427079,FORT,GLINNAN,2018-07-17,17,7,2018,16,3,5,3,,1,0,Asphalt,1,1,1,30,5,2,3,4,0,0,0,1,false,false,false,false,false,false,false,false,false,false,false,false,false,false,true,false,false,false,false,false,false,false,-83.11731,42.30093,"{
  ""coordinates"": [
    -8.311731319943860e+01,
    4.230092986281930e+01
  ],
  ""type"": ""Point""
}","{
  ""coordinates"": [
    -83.117313199,
    42.300929863
  ],
  ""type"": ""Point""
}",-83.117313199,42.3009298630001
13828,1428044,I 94,THIRD,2018-07-17,17,7,2018,14,3,5,1,,1,0,Asphalt,1,1,1,55,3,3,6,3,0,0,1,0,false,false,false,false,false,false,false,false,false,false,false,false,false,true,false,false,false,false,false,false,false,false,-83.07498,42.35971,"{
  ""coordinates"": [
    -8.307498502624330e+01,
    4.235971485098830e+01
  ],
  ""type"": ""Point""
}","{
  ""coordinates"": [
    -83.074985026,
    42.359714851
  ],
  ""type"": ""Point""
}",-83.074985026,42.359714851