ObjectId,Crash ID,Primary Road,Intersecting Road,Crash Date,Day,Month,Year,Hour,Weekday,Crash Type Code,Highway Classification Code,Community Code,Jurisdiction Code,Lane Departure Type Code,Surface Type,Road Condition,Weather Condition,Lighting Condition,Speed Limit,Lanes,Units,Occupants,Most Severe Injury,Fatal Injuries,Suspected Serious Injuries,Suspected Minor Injuries,Possible Injuries,Property Damage Only,Secondary Crash,Traffic Control,Red Light Run,Hit and Run,Alcohol,Drugs,Unbelted Person,Work Zone,Speeding Driver,Distracted Driver,Driveway,Pedestrian,Elderly Driver,Young Driver,Commercial Vehicle,Emergency Vehicles,Train,School Bus,Motorcycle,Bicycle,Deer,Longitude,Latitude,geom,geog,x,y
13829,1428020,N I 75,RAMP 216H,2018-07-17,17,7,2018,7,3,5,1,,1,0,Asphalt,1,1,1,55,4,2,2,5,0,0,0,0,true,false,false,false,false,false,false,false,false,false,true,false,false,false,false,false,false,false,false,false,false,false,-83.05808,42.36885,"{
  ""coordinates"": [
    -8.305808021798200e+01,
    4.236885607697230e+01
  ],
  ""type"": ""Point""
}","{
  ""coordinates"": [
    -83.058080218,
    42.368856077
  ],
  ""type"": ""Point""
}",-83.058080218,42.368856077
13830,1439430,WILLIS,WOODWARD,2018-07-17,17,7,2018,12,3,10,9,,,0,,1,1,1,25,4,2,2,5,0,0,0,0,true,false,false,false,false,false,false,false,false,false,false,true,false,true,true,false,false,false,false,false,false,false,-83.06011,42.35194,"{
  ""coordinates"": [
    -8.306011076390180e+01,
    4.235194521862270e+01
  ],
  ""type"": ""Point""
}","{
  ""coordinates"": [
    -83.060110764,
    42.351945219
  ],
  ""type"": ""Point""
}",-83.0601107639999,42.3519452190001
13831,1438541,FARMER,GRAND RIVER,2018-07-17,17,7,2018,7,3,8,9,,4,0,Asphalt,1,1,1,25,2,2,2,5,0,0,0,0,true,false,false,false,false,false,false,false,false,false,false,false,false,false,false,false,false,false,false,false,false,false,-83.04766,42.33455,"{
  ""coordinates"": [
    -8.304766331157930e+01,
    4.233455317978350e+01
  ],
  ""type"": ""Point""
}","{
  ""coordinates"": [
    -83.047663312,
    42.33455318
  ],
  ""type"": ""Point""
}",-83.0476633119999,42.3345531800001
13832,1428012,I 94,SCOTTEN,2018-07-17,17,7,2018,16,3,8,1,,1,0,Asphalt,1,1,1,55,3,2,3,5,0,0,0,0,true,false,false,false,false,false,false,false,false,false,false,false,false,false,false,false,false,false,false,false,false,false,-83.1125,42.34499,"{
  ""coordinates"": [
    -8.311250084212890e+01,
    4.234498986135970e+01
  ],
  ""type"": ""Point""
}","{
  ""coordinates"": [
    -83.112500842,
    42.344989861
  ],
  ""type"": ""Point""
}",-83.112500842,42.344989861
13833,1428061,FORT,WOODMERE,2018-07-17,17,7,2018,5,3,5,3,,1,0,Asphalt,1,1,2,35,2,2,2,5,0,0,0,0,true,false,false,false,false,false,false,false,false,false,false,false,false,false,false,false,false,false,false,false,false,false,-83.12991,42.29609,"{
  ""coordinates"": [
    -8.312991545475870e+01,
    4.229608476713840e+01
  ],
  ""type"": ""Point""
}","{
  ""coordinates"": [
    -83.129915455,
    42.296084767
  ],
  ""type"": ""Point""
}",-83.1299154549999,42.296084767
13834,1427099,PURITAN,SOUTHFIELD SERVICE DRIVE,2018-07-17,17,7,2018,16,3,5,9,,4,0,Asphalt,1,1,1,35,2,2,2,5,0,0,0,0,true,false,false,false,false,false,false,false,false,false,false,false,false,true,false,false,false,false,false,false,false,false,-83.21886,42.40833,"{
  ""coordinates"": [
    -8.321885824001700e+01,
    4.240832420170990e+01
  ],
  ""type"": ""Point""
}","{
  ""coordinates"": [
    -83.21885824,
    42.408324202
  ],
  ""type"": ""Point""
}",-83.21885824,42.4083242020001
13835,1427989,M-39,MCNICHOLS,2018-07-17,17,7,2018,22,3,1,3,,1,1,Concrete,1,1,4,55,3,1,1,5,0,0,0,0,true,false,false,false,false,false,false,false,false,false,false,false,false,false,true,false,false,false,false,false,false,false,-83.21889,42.41527,"{
  ""coordinates"": [
    -8.321889479833339e+01,
    4.241526632017600e+01
  ],
  ""type"": ""Point""
}","{
  ""coordinates"": [
    -83.218894798,
    42.41526632
  ],
  ""type"": ""Point""
}",-83.218894798,42.4152663200001
13836,1427055,SCHAEFER,PLYMOUTH,2018-07-17,17,7,2018,16,3,97,9,,4,0,Asphalt,1,1,1,35,2,2,1,5,0,0,0,0,true,false,false,false,true,false,false,false,false,false,false,false,true,false,false,false,false,false,false,false,false,false,-83.17799,42.37283,"{
  ""coordinates"": [
    -8.317798544323669e+01,
    4.237283442006980e+01
  ],
  ""type"": ""Point""
}","{
  ""coordinates"": [
    -83.177985443,
    42.37283442
  ],
  ""type"": ""Point""
}",-83.177985443,42.3728344200001
13837,1430885,DAVISON SERVICE,EUREKA,2018-07-17,17,7,2018,6,3,5,9,,4,0,Asphalt,1,1,2,35,4,2,1,5,0,0,0,0,true,false,false,false,true,false,false,false,false,false,false,false,false,false,false,false,false,false,false,false,false,false,-83.05624,42.41751,"{
  ""coordinates"": [
    -8.305624721667760e+01,
    4.241750612969760e+01
  ],
  ""type"": ""Point""
}","{
  ""coordinates"": [
    -83.056247217,
    42.41750613
  ],
  ""type"": ""Point""
}",-83.056247217,42.41750613
13838,1427117,7 MILE,S I 75,2018-07-17,17,7,2018,22,3,4,9,,4,0,Concrete,1,1,4,35,2,2,1,5,0,0,0,0,true,false,true,true,true,false,false,false,false,false,false,false,false,false,false,false,false,false,false,false,false,false,-83.09489,42.43248,"{
  ""coordinates"": [
    -8.309489711827800e+01,
    4.243247445766160e+01
  ],
  ""type"": ""Point""
}","{
  ""coordinates"": [
    -83.094897118,
    42.432474458
  ],
  ""type"": ""Point""
}",-83.0948971179999,42.4324744580001
13839,1427979,I 75,WARREN,2018-07-17,17,7,2018,17,3,5,1,,1,0,Asphalt,1,1,1,55,4,3,4,5,0,0,0,0,true,false,false,false,false,false,false,false,false,false,false,false,false,false,true,false,false,false,false,false,false,false,-83.05293,42.35889,"{
  ""coordinates"": [
    -8.305293085403980e+01,
    4.235888708016530e+01
  ],
  ""type"": ""Point""
}","{
  ""coordinates"": [
    -83.052930854,
    42.35888708
  ],
  ""type"": ""Point""
}",-83.052930854,42.35888708
13840,1456926,GRANDRIVER,FARMER,2018-07-17,17,7,2018,7,3,8,9,,4,0,Asphalt,1,1,1,25,2,2,2,5,0,0,0,0,true,false,false,false,false,false,false,false,false,false,false,false,false,false,false,true,false,false,false,false,false,false,-83.04767,42.33458,"{
  ""coordinates"": [
    -8.304766659386870e+01,
    4.233458118727760e+01
  ],
  ""type"": ""Point""
}","{
  ""coordinates"": [
    -83.047666594,
    42.334581187
  ],
  ""type"": ""Point""
}",-83.047666594,42.334581187
13841,1430756,S M 10,LIVERNOIS,2018-07-17,17,7,2018,9,3,5,3,,1,0,Concrete,1,1,1,55,3,2,3,5,0,0,0,0,true,false,false,false,false,false,false,true,false,false,false,false,false,false,false,false,false,false,false,false,false,false,-83.14034,42.40481,"{
  ""coordinates"": [
    -8.314034306253831e+01,
    4.240480682754620e+01
  ],
  ""type"": ""Point""
}","{
  ""coordinates"": [
    -83.140343063,
    42.404806828
  ],
  ""type"": ""Point""
}",-83.140343063,42.4048068280001
13842,1427123,8 MILE,GREENFIELD,2018-07-17,17,7,2018,14,3,4,3,,1,0,Asphalt,1,1,1,40,3,2,2,5,0,0,0,0,true,false,false,false,false,false,false,false,false,false,false,false,false,true,false,false,false,false,false,false,false,false,-83.20126,42.44476,"{
  ""coordinates"": [
    -8.320126403140920e+01,
    4.244475704006020e+01
  ],
  ""type"": ""Point""
}","{
  ""coordinates"": [
    -83.201264031,
    42.44475704
  ],
  ""type"": ""Point""
}",-83.2012640309999,42.4447570400001
13843,1427066,CANFIELD,ROSA PARKS,2018-07-17,17,7,2018,16,3,4,9,,4,0,Asphalt,1,1,1,30,5,2,3,5,0,0,0,0,true,false,true,false,false,false,false,false,false,false,false,false,false,false,false,false,false,false,false,false,false,false,-83.08067,42.34675,"{
  ""coordinates"": [
    -8.308067095067970e+01,
    4.234674968303700e+01
  ],
  ""type"": ""Point""
}","{
  ""coordinates"": [
    -83.080670951,
    42.346749683
  ],
  ""type"": ""Point""
}",-83.0806709509999,42.346749683
13844,1435212,RAMP 135D,RAMP 135C,2018-07-17,17,7,2018,10,3,8,1,,1,0,Concrete,1,1,1,55,2,3,4,5,0,0,0,0,true,false,false,false,true,false,false,false,false,false,false,false,false,false,false,false,false,false,false,false,false,false,-83.23495,42.37975,"{
  ""coordinates"": [
    -8.323494946355591e+01,
    4.237974382693870e+01
  ],
  ""type"": ""Point""
}","{
  ""coordinates"": [
    -83.234949464,
    42.379743827
  ],
  ""type"": ""Point""
}",-83.234949464,42.379743827
13845,1430822,WHITLOCK,VAUGHAN,2018-07-17,17,7,2018,19,3,4,9,,,0,,1,1,1,25,2,2,2,5,0,0,0,0,true,false,true,false,true,false,false,false,false,false,false,false,false,false,false,false,false,false,false,false,false,false,-83.23645,42.33947,"{
  ""coordinates"": [
    -8.323644975761790e+01,
    4.233946899118370e+01
  ],
  ""type"": ""Point""
}","{
  ""coordinates"": [
    -83.236449758,
    42.339468991
  ],
  ""type"": ""Point""
}",-83.2364497579999,42.339468991
13846,1427091,7 MILE,TELEGRAPH,2018-07-17,17,7,2018,11,3,8,2,,2,0,Asphalt,1,1,1,30,4,2,1,5,0,0,0,0,true,false,false,false,true,false,false,false,false,false,false,false,false,false,false,true,false,false,false,false,false,false,-83.27766,42.42894,"{
  ""coordinates"": [
    -8.327765902071370e+01,
    4.242893631830220e+01
  ],
  ""type"": ""Point""
}","{
  ""coordinates"": [
    -83.277659021,
    42.428936318
  ],
  ""type"": ""Point""
}",-83.277659021,42.4289363180001
13847,1428045,I 75,JOHN R,2018-07-17,17,7,2018,15,3,5,1,,1,0,Concrete,1,1,1,55,4,2,2,5,0,0,0,0,true,false,false,false,false,false,false,false,false,false,false,false,false,false,false,false,false,false,false,false,false,false,-83.04935,42.3413,"{
  ""coordinates"": [
    -8.304934824700990e+01,
    4.234129589085320e+01
  ],
  ""type"": ""Point""
}","{
  ""coordinates"": [
    -83.049348247,
    42.341295891
  ],
  ""type"": ""Point""
}",-83.049348247,42.3412958910001
13848,1428032,I94,ROSA PARK,2018-07-17,17,7,2018,15,3,5,1,,1,0,Asphalt,1,1,1,55,3,2,3,5,0,0,0,0,true,false,false,false,false,false,false,false,false,false,false,false,false,false,false,false,false,false,false,false,false,false,-83.0834,42.35519,"{
  ""coordinates"": [
    -8.308339506774421e+01,
    4.235518553497280e+01
  ],
  ""type"": ""Point""
}","{
  ""coordinates"": [
    -83.083395068,
    42.355185535
  ],
  ""type"": ""Point""
}",-83.083395068,42.355185535
13849,1427209,FORT,WARD,2018-07-17,17,7,2018,14,3,5,9,,4,0,Brick,1,1,1,45,5,2,2,5,0,0,0,0,true,false,false,false,false,false,false,false,false,false,true,false,false,false,false,false,false,false,false,false,false,false,-83.04697,42.33101,"{
  ""coordinates"": [
    -8.304696553543570e+01,
    4.233100364933700e+01
  ],
  ""type"": ""Point""
}","{
  ""coordinates"": [
    -83.046965535,
    42.331003649
  ],
  ""type"": ""Point""
}",-83.046965535,42.331003649
13850,1427119,WYOMING,PURITAN,2018-07-17,17,7,2018,8,3,5,9,,4,0,Asphalt,1,1,1,30,5,2,1,5,0,0,0,0,true,false,false,false,true,false,false,false,false,false,false,false,false,false,false,false,false,false,false,true,false,false,-83.16,42.40971,"{
  ""coordinates"": [
    -8.316000352317990e+01,
    4.240970651254850e+01
  ],
  ""type"": ""Point""
}","{
  ""coordinates"": [
    -83.160003523,
    42.409706513
  ],
  ""type"": ""Point""
}",-83.1600035229999,42.4097065130001
13851,1427092,LAFAYETTE,PARKER,2018-07-17,17,7,2018,15,3,97,9,,4,1,Asphalt,1,1,1,25,3,1,0,5,0,0,0,0,true,false,false,false,true,false,false,false,false,false,false,false,false,true,false,false,false,false,false,false,false,false,-82.99427,42.354,"{
  ""coordinates"": [
    -8.299426788179450e+01,
    4.235399998469510e+01
  ],
  ""type"": ""Point""
}","{
  ""coordinates"": [
    -82.994267882,
    42.353999985
  ],
  ""type"": ""Point""
}",-82.994267882,42.353999985
13852,1431738,JEFFERSON,GRISWOLD,2018-07-17,17,7,2018,8,3,5,3,,1,0,Asphalt,1,1,1,,3,2,2,5,0,0,0,0,true,false,true,true,false,false,false,false,false,false,false,false,false,false,false,false,false,false,false,false,false,false,-83.04535,42.32817,"{
  ""coordinates"": [
    -8.304534855607520e+01,
    4.232817271665570e+01
  ],
  ""type"": ""Point""
}","{
  ""coordinates"": [
    -83.045348556,
    42.328172717
  ],
  ""type"": ""Point""
}",-83.045348556,42.328172717
13853,1429654,RICHTON,WOODROW WILSON,2018-07-17,17,7,2018,13,3,5,9,,,3,,1,1,1,35,1,2,1,5,0,0,0,0,true,false,false,false,false,false,false,false,false,false,false,false,false,false,false,false,false,false,false,false,false,false,-83.10598,42.39043,"{
  ""coordinates"": [
    -8.310598328401240e+01,
    4.239043406030930e+01
  ],
  ""type"": ""Point""
}","{
  ""coordinates"": [
    -83.105983284,
    42.39043406
  ],
  ""type"": ""Point""
}",-83.105983284,42.3904340600001
13854,1428825,OUTER,LYNDON,2018-07-17,17,7,2018,5,3,5,9,,2,0,Asphalt,1,1,4,,2,2,2,4,0,0,0,1,false,false,false,false,true,false,false,false,false,false,false,false,false,false,false,false,false,false,false,false,false,false,-83.25642,42.39296,"{
  ""coordinates"": [
    -8.325641528789340e+01,
    4.239295955510640e+01
  ],
  ""type"": ""Point""
}","{
  ""coordinates"": [
    -83.256415288,
    42.392959555
  ],
  ""type"": ""Point""
}",-83.256415288,42.3929595550001
13855,1427069,MICHIGAN,ELMER,2018-07-17,17,7,2018,16,3,8,2,,1,0,Asphalt,1,1,1,35,5,2,1,5,0,0,0,0,true,false,false,false,false,false,false,false,false,false,false,false,false,false,false,false,false,false,false,false,false,false,-83.14199,42.33087,"{
  ""coordinates"": [
    -8.314199311695791e+01,
    4.233086641926690e+01
  ],
  ""type"": ""Point""
}","{
  ""coordinates"": [
    -83.141993117,
    42.330866419
  ],
  ""type"": ""Point""
}",-83.141993117,42.3308664190001
13856,1456966,SHORT,GRANDRIVER,2018-07-17,17,7,2018,17,3,5,2,,1,0,Asphalt,1,1,1,35,2,2,2,5,0,0,0,0,true,false,false,false,false,false,false,false,false,false,false,false,false,false,false,false,false,false,false,false,false,false,-83.27691,42.42438,"{
  ""coordinates"": [
    -8.327690853000560e+01,
    4.242438082333570e+01
  ],
  ""type"": ""Point""
}","{
  ""coordinates"": [
    -83.27690853,
    42.424380823
  ],
  ""type"": ""Point""
}",-83.27690853,42.424380823
13857,1450450,MCNICHOLS,BELDEN,2018-07-17,17,7,2018,19,3,5,9,,4,0,Asphalt,1,1,1,30,4,2,1,5,0,0,0,0,true,false,false,false,true,false,false,false,false,false,false,false,false,false,false,false,false,false,false,false,false,false,-83.13593,42.41721,"{
  ""coordinates"": [
    -8.313593534720110e+01,
    4.241721431112440e+01
  ],
  ""type"": ""Point""
}","{
  ""coordinates"": [
    -83.135935347,
    42.417214311
  ],
  ""type"": ""Point""
}",-83.135935347,42.4172143110001
13858,1428046,E I 94,GRAND,2018-07-17,17,7,2018,16,3,5,1,,1,0,Asphalt,1,1,1,55,3,2,2,5,0,0,0,0,true,false,false,false,false,false,false,false,false,false,false,false,false,false,false,false,false,false,false,false,false,false,-83.10928,42.34667,"{
  ""coordinates"": [
    -8.310928715509760e+01,
    4.234666994070720e+01
  ],
  ""type"": ""Point""
}","{
  ""coordinates"": [
    -83.109287155,
    42.346669941
  ],
  ""type"": ""Point""
}",-83.1092871549999,42.3466699410001
13859,1427093,HOLCOMB,AGNES,2018-07-17,17,7,2018,9,3,4,9,,,0,,1,1,1,25,2,2,2,5,0,0,0,0,true,false,false,false,false,false,false,false,false,false,false,false,false,true,false,false,false,false,false,false,false,false,-82.98774,42.35965,"{
  ""coordinates"": [
    -8.298773787966481e+01,
    4.235965385119440e+01
  ],
  ""type"": ""Point""
}","{
  ""coordinates"": [
    -82.98773788,
    42.359653851
  ],
  ""type"": ""Point""
}",-82.9877378799999,42.3596538510001
13860,1432529,MACK,DICKERSON,2018-07-17,17,7,2018,15,3,5,9,,4,0,Asphalt,1,1,1,30,2,2,2,5,0,0,0,0,true,false,false,false,false,false,false,false,false,false,true,false,false,true,false,false,false,false,false,false,false,false,-82.96188,42.38464,"{
  ""coordinates"": [
    -8.296187949189080e+01,
    4.238463411769160e+01
  ],
  ""type"": ""Point""
}","{
  ""coordinates"": [
    -82.961879492,
    42.384634118
  ],
  ""type"": ""Point""
}",-82.961879492,42.3846341180001
13861,1430850,15437 PINEHURST,KEELER,2018-07-17,17,7,2018,11,3,2,9,,,2,,1,1,5,25,1,2,1,5,0,0,0,0,true,false,false,false,false,false,false,false,false,false,false,false,false,false,false,false,false,false,false,false,false,false,-83.16647,42.40687,"{
  ""coordinates"": [
    -8.316647313620510e+01,
    4.240687112816930e+01
  ],
  ""type"": ""Point""
}","{
  ""coordinates"": [
    -83.166473136,
    42.406871128
  ],
  ""type"": ""Point""
}",-83.166473136,42.406871128
13862,1428084,N M 10,OUTER,2018-07-17,17,7,2018,16,3,8,3,,1,0,Concrete,1,1,1,35,3,2,2,5,0,0,0,0,true,false,false,false,false,false,false,false,false,false,false,false,false,false,false,false,false,false,false,false,false,false,-83.17619,42.421,"{
  ""coordinates"": [
    -8.317618302600880e+01,
    4.242100324545240e+01
  ],
  ""type"": ""Point""
}","{
  ""coordinates"": [
    -83.176183026,
    42.421003245
  ],
  ""type"": ""Point""
}",-83.176183026,42.4210032450001
13863,1427977,N M 39,7 MILE,2018-07-17,17,7,2018,13,3,5,3,,1,0,Concrete,1,1,1,55,3,4,6,5,0,0,0,0,true,false,false,false,false,false,false,false,false,false,false,false,false,false,true,true,false,false,false,false,false,false,-83.21922,42.42973,"{
  ""coordinates"": [
    -8.321921926250700e+01,
    4.242972849920810e+01
  ],
  ""type"": ""Point""
}","{
  ""coordinates"": [
    -83.219219263,
    42.429728499
  ],
  ""type"": ""Point""
}",-83.219219263,42.4297284990001
13864,1428075,BALFOUR,MOROSS,2018-07-17,17,7,2018,19,3,4,9,,,0,,1,1,1,25,4,2,4,5,0,0,0,0,true,false,false,false,false,false,false,false,false,false,false,false,false,false,false,false,false,false,false,false,false,false,-82.93862,42.42844,"{
  ""coordinates"": [
    -8.293861990659460e+01,
    4.242843623581600e+01
  ],
  ""type"": ""Point""
}","{
  ""coordinates"": [
    -82.938619907,
    42.428436236
  ],
  ""type"": ""Point""
}",-82.938619907,42.428436236
13865,1427065,WOODWARD,ANTOINETTE,2018-07-17,17,7,2018,15,3,4,3,,1,0,Asphalt,1,1,1,30,9,2,2,4,0,0,0,1,false,false,false,false,false,false,false,false,false,false,false,false,false,false,false,false,false,false,false,false,false,false,-83.06913,42.36404,"{
  ""coordinates"": [
    -8.306913132090649e+01,
    4.236403940532780e+01
  ],
  ""type"": ""Point""
}","{
  ""coordinates"": [
    -83.069131321,
    42.364039405
  ],
  ""type"": ""Point""
}",-83.069131321,42.364039405
13866,1430827,STOUT,WADSWORTH,2018-07-17,17,7,2018,16,3,8,9,,,0,,1,1,1,25,1,2,1,5,0,0,0,0,true,false,false,false,false,false,false,false,false,false,false,false,false,false,false,true,false,false,true,false,false,false,-83.24007,42.37407,"{
  ""coordinates"": [
    -8.324007353797479e+01,
    4.237407199468080e+01
  ],
  ""type"": ""Point""
}","{
  ""coordinates"": [
    -83.240073538,
    42.374071995
  ],
  ""type"": ""Point""
}",-83.240073538,42.3740719950001
13867,1431777,GRATIOT,VERNOR,2018-07-17,17,7,2018,7,3,5,3,,1,0,Asphalt,1,1,1,35,2,2,2,3,0,0,1,0,false,false,false,false,false,false,false,false,false,false,false,false,false,false,false,false,false,false,false,false,false,false,-83.03487,42.34855,"{
  ""coordinates"": [
    -8.303487710572570e+01,
    4.234854429600970e+01
  ],
  ""type"": ""Point""
}","{
  ""coordinates"": [
    -83.034877106,
    42.348544296
  ],
  ""type"": ""Point""
}",-83.034877106,42.3485442960001
13868,1427105,CRUSADE,ROSSINI,2018-07-17,17,7,2018,18,3,1,9,,,0,,1,1,1,25,2,1,1,5,0,0,0,0,true,false,false,false,false,false,false,false,false,false,false,true,false,false,true,false,false,false,false,false,false,false,-82.96094,42.44395,"{
  ""coordinates"": [
    -8.296093647851130e+01,
    4.244395513700880e+01
  ],
  ""type"": ""Point""
}","{
  ""coordinates"": [
    -82.960936479,
    42.443955137
  ],
  ""type"": ""Point""
}",-82.9609364789999,42.443955137
13869,1427112,WOODWARD,WEBB,2018-07-17,17,7,2018,0,3,4,3,,1,0,Asphalt,1,1,4,30,7,2,2,5,0,0,0,0,true,false,false,false,false,false,false,false,false,false,false,false,false,false,true,false,false,false,false,false,false,false,-83.0884,42.39271,"{
  ""coordinates"": [
    -8.308840124705070e+01,
    4.239271203722090e+01
  ],
  ""type"": ""Point""
}","{
  ""coordinates"": [
    -83.088401247,
    42.392712037
  ],
  ""type"": ""Point""
}",-83.088401247,42.3927120370001
13870,1427118,JAMES COUZENS,SCHAEFER,2018-07-17,17,7,2018,22,3,8,3,,4,0,Asphalt,1,1,4,35,3,2,2,5,0,0,0,0,true,false,false,false,false,false,false,false,false,false,false,false,false,false,false,false,false,false,false,false,false,false,-83.18016,42.42462,"{
  ""coordinates"": [
    -8.318015725703800e+01,
    4.242461765498800e+01
  ],
  ""type"": ""Point""
}","{
  ""coordinates"": [
    -83.180157257,
    42.424617655
  ],
  ""type"": ""Point""
}",-83.180157257,42.4246176550001
13871,1431756,PIQUETTE,JOHN R,2018-07-17,17,7,2018,17,3,4,9,,4,0,Asphalt,1,1,1,25,4,2,2,5,0,0,0,0,true,true,false,false,false,false,false,false,false,false,false,false,false,false,false,false,false,false,false,false,false,false,-83.06877,42.36714,"{
  ""coordinates"": [
    -8.306876804968500e+01,
    4.236713731105950e+01
  ],
  ""type"": ""Point""
}","{
  ""coordinates"": [
    -83.06876805,
    42.367137311
  ],
  ""type"": ""Point""
}",-83.06876805,42.3671373110001
13872,1427064,SECOND,BETHUNE,2018-07-17,17,7,2018,11,3,4,9,,4,0,Asphalt,1,1,1,30,8,2,2,5,0,0,0,0,true,false,false,false,false,false,false,false,false,false,false,false,false,false,true,false,false,false,false,false,false,false,-83.07775,42.3713,"{
  ""coordinates"": [
    -8.307775352350581e+01,
    4.237130247428470e+01
  ],
  ""type"": ""Point""
}","{
  ""coordinates"": [
    -83.077753524,
    42.371302474
  ],
  ""type"": ""Point""
}",-83.0777535239999,42.3713024740001
13873,1427122,MCNICHOLS,SCHAEFER,2018-07-17,17,7,2018,17,3,5,9,,2,0,Asphalt,1,1,1,35,5,2,2,5,0,0,0,0,true,false,false,false,false,false,false,false,false,false,false,false,false,false,false,false,false,false,false,false,false,false,-83.17973,42.41659,"{
  ""coordinates"": [
    -8.317973494340561e+01,
    4.241658864620220e+01
  ],
  ""type"": ""Point""
}","{
  ""coordinates"": [
    -83.179734943,
    42.416588646
  ],
  ""type"": ""Point""
}",-83.179734943,42.416588646
13874,1427059,LIVERNOIS,CHICAGO,2018-07-17,17,7,2018,9,3,5,9,,4,0,Asphalt,1,1,1,30,5,2,2,5,0,0,0,0,true,false,false,false,false,false,false,false,false,false,false,false,false,false,false,false,false,false,false,false,false,false,-83.13872,42.36672,"{
  ""coordinates"": [
    -8.313872028896930e+01,
    4.236671983155110e+01
  ],
  ""type"": ""Point""
}","{
  ""coordinates"": [
    -83.138720289,
    42.366719832
  ],
  ""type"": ""Point""
}",-83.1387202889999,42.3667198320001
13875,1433518,SCHAEFER,E I 96 CD,2018-07-17,17,7,2018,13,3,4,1,,4,0,Asphalt,1,1,1,30,5,2,1,5,0,0,0,0,true,false,false,false,false,false,false,false,false,false,false,false,false,true,false,false,false,false,false,false,false,false,-83.17835,42.38285,"{
  ""coordinates"": [
    -8.317834994897480e+01,
    4.238284505316740e+01
  ],
  ""type"": ""Point""
}","{
  ""coordinates"": [
    -83.178349949,
    42.382845053
  ],
  ""type"": ""Point""
}",-83.1783499489999,42.382845053
13876,1430719,RAMP 109F,N M 10,2018-07-17,17,7,2018,4,3,1,3,,1,1,Concrete,1,1,4,55,1,1,1,3,0,0,1,0,false,false,false,false,false,true,true,false,false,true,false,false,false,false,false,false,false,false,false,false,false,false,-83.11183,42.39973,"{
  ""coordinates"": [
    -8.311183234860221e+01,
    4.239972908382650e+01
  ],
  ""type"": ""Point""
}","{
  ""coordinates"": [
    -83.111832349,
    42.399729084
  ],
  ""type"": ""Point""
}",-83.1118323489999,42.3997290840001
13877,1427097,MCNICHOLS,ASBURY,2018-07-17,17,7,2018,11,3,6,9,,2,0,Asphalt,1,1,1,35,4,2,1,5,0,0,0,0,true,false,false,false,true,false,false,false,false,false,false,false,false,false,false,false,false,false,false,false,false,false,-83.20903,42.41576,"{
  ""coordinates"": [
    -8.320903361546740e+01,
    4.241576297729540e+01
  ],
  ""type"": ""Point""
}","{
  ""coordinates"": [
    -83.209033615,
    42.415762977
  ],
  ""type"": ""Point""
}",-83.209033615,42.415762977
13878,1560517,HUBBELL,PYMOUTH,2018-12-07,7,12,2018,7,6,4,9,,4,0,Asphalt,2,5,1,35,2,2,2,4,0,0,0,1,false,false,false,false,false,false,false,false,false,false,false,false,false,false,false,false,false,false,false,false,false,false,-83.18775,42.37283,"{
  ""coordinates"": [
    -8.318775089534930e+01,
    4.237283299843190e+01
  ],
  ""type"": ""Point""
}","{
  ""coordinates"": [
    -83.187750895,
    42.372832998
  ],
  ""type"": ""Point""
}",-83.187750895,42.372832998
13879,1563746,ELMO,NASHVILLE,2018-12-07,7,12,2018,11,6,1,9,,,0,,1,2,1,25,1,1,0,5,0,0,0,0,true,false,false,false,true,false,false,false,false,false,false,false,false,false,false,false,false,false,false,false,false,false,-83.0043,42.41563,"{
  ""coordinates"": [
    -8.300430608384950e+01,
    4.241563606196890e+01
  ],
  ""type"": ""Point""
}","{
  ""coordinates"": [
    -83.004306084,
    42.415636062
  ],
  ""type"": ""Point""
}",-83.0043060839999,42.415636062
13880,1567040,M-39,8 MILE,2018-12-07,7,12,2018,16,6,5,3,,1,0,Concrete,1,2,1,55,3,2,2,5,0,0,0,0,true,false,false,false,false,false,false,false,false,false,false,false,false,false,true,false,false,false,false,false,false,false,-83.21981,42.44389,"{
  ""coordinates"": [
    -8.321981116464490e+01,
    4.244389050033590e+01
  ],
  ""type"": ""Point""
}","{
  ""coordinates"": [
    -83.219811165,
    42.4438905
  ],
  ""type"": ""Point""
}",-83.219811165,42.4438905000001
13881,1563711,GRAND,DEXTER,2018-12-07,7,12,2018,22,6,5,9,,,0,,1,1,4,35,2,2,1,5,0,0,0,0,true,false,false,false,true,false,false,false,false,false,false,false,false,false,false,false,false,false,false,false,false,false,-83.13198,42.39134,"{
  ""coordinates"": [
    -8.313198230123510e+01,
    4.239134326027290e+01
  ],
  ""type"": ""Point""
}","{
  ""coordinates"": [
    -83.131982301,
    42.39134326
  ],
  ""type"": ""Point""
}",-83.1319823009999,42.39134326
13882,1560585,STATE FAIR,HAVANA,2018-12-07,7,12,2018,12,6,1,9,,4,0,Asphalt,1,2,1,,2,1,0,5,0,0,0,0,true,true,false,false,false,false,false,false,false,false,false,false,false,false,false,false,false,false,false,false,false,false,-83.11227,42.43942,"{
  ""coordinates"": [
    -8.311226736786860e+01,
    4.243942102966560e+01
  ],
  ""type"": ""Point""
}","{
  ""coordinates"": [
    -83.112267368,
    42.43942103
  ],
  ""type"": ""Point""
}",-83.1122673679999,42.4394210300001