ObjectId,Crash ID,Primary Road,Intersecting Road,Crash Date,Day,Month,Year,Hour,Weekday,Crash Type Code,Highway Classification Code,Community Code,Jurisdiction Code,Lane Departure Type Code,Surface Type,Road Condition,Weather Condition,Lighting Condition,Speed Limit,Lanes,Units,Occupants,Most Severe Injury,Fatal Injuries,Suspected Serious Injuries,Suspected Minor Injuries,Possible Injuries,Property Damage Only,Secondary Crash,Traffic Control,Red Light Run,Hit and Run,Alcohol,Drugs,Unbelted Person,Work Zone,Speeding Driver,Distracted Driver,Driveway,Pedestrian,Elderly Driver,Young Driver,Commercial Vehicle,Emergency Vehicles,Train,School Bus,Motorcycle,Bicycle,Deer,Longitude,Latitude,geom,geog,x,y
13883,1560604,SCHAEFER,CHIPPEWA,2018-12-07,7,12,2018,12,6,5,9,,4,0,Asphalt,1,1,1,35,4,2,1,5,0,0,0,0,true,false,false,false,true,false,false,false,false,false,false,false,false,true,false,false,false,false,false,false,false,false,-83.18082,42.4401,"{
  ""coordinates"": [
    -8.318082441152910e+01,
    4.244010332931760e+01
  ],
  ""type"": ""Point""
}","{
  ""coordinates"": [
    -83.180824412,
    42.440103329
  ],
  ""type"": ""Point""
}",-83.1808244119999,42.4401033290001
13884,1560599,MCNICHOLS,INVERNESS,2018-12-07,7,12,2018,10,6,1,9,,4,0,Asphalt,2,1,1,30,4,1,1,5,0,0,0,0,true,false,false,false,false,false,false,false,false,false,false,false,false,false,false,false,false,false,false,false,false,false,-83.12341,42.41745,"{
  ""coordinates"": [
    -8.312340251909021e+01,
    4.241744963050460e+01
  ],
  ""type"": ""Point""
}","{
  ""coordinates"": [
    -83.123402519,
    42.417449631
  ],
  ""type"": ""Point""
}",-83.123402519,42.4174496310001
13885,1577060,I 94,ROSA PARKS,2018-12-07,7,12,2018,20,6,5,1,,1,0,Asphalt,1,1,4,55,3,3,6,5,0,0,0,0,true,false,false,false,true,false,false,false,false,false,false,false,false,false,false,false,false,false,false,false,false,false,-83.08485,42.35473,"{
  ""coordinates"": [
    -8.308485471938320e+01,
    4.235473009146410e+01
  ],
  ""type"": ""Point""
}","{
  ""coordinates"": [
    -83.084854719,
    42.354730091
  ],
  ""type"": ""Point""
}",-83.084854719,42.3547300910001
13886,1561681,WOODWARD,I 75 SERVICE,2018-12-07,7,12,2018,18,6,97,3,,1,0,Asphalt,1,1,4,35,3,2,1,4,0,0,0,1,false,false,false,false,false,false,false,false,false,false,false,false,true,false,false,false,false,false,false,false,false,false,-83.05303,42.34015,"{
  ""coordinates"": [
    -8.305303007925490e+01,
    4.234015091107490e+01
  ],
  ""type"": ""Point""
}","{
  ""coordinates"": [
    -83.053030079,
    42.340150911
  ],
  ""type"": ""Point""
}",-83.0530300789999,42.3401509110001
13887,1560612,7 MILE,OUTER,2018-12-07,7,12,2018,22,6,4,9,,2,0,Asphalt,2,5,5,30,2,2,5,4,0,0,0,2,false,false,false,false,false,false,false,false,false,false,false,false,false,false,true,false,false,false,false,false,false,false,-83.17564,42.43117,"{
  ""coordinates"": [
    -8.317563640158239e+01,
    4.243116801047640e+01
  ],
  ""type"": ""Point""
}","{
  ""coordinates"": [
    -83.175636402,
    42.43116801
  ],
  ""type"": ""Point""
}",-83.175636402,42.4311680100001
13888,1560544,WARREN,ALTER,2018-12-07,7,12,2018,19,6,5,9,,4,0,Asphalt,1,1,4,35,2,2,3,5,0,0,0,0,true,false,false,false,false,false,false,false,false,false,false,false,false,false,false,false,false,false,false,false,false,false,-82.95443,42.39705,"{
  ""coordinates"": [
    -8.295442632100860e+01,
    4.239704480368430e+01
  ],
  ""type"": ""Point""
}","{
  ""coordinates"": [
    -82.954426321,
    42.397044804
  ],
  ""type"": ""Point""
}",-82.954426321,42.3970448040001
13889,1560494,I-94,BEDFORD,2018-12-07,7,12,2018,7,6,5,9,,,0,,1,5,2,55,3,4,4,5,0,0,0,0,true,false,false,false,false,false,false,false,false,false,false,false,false,false,true,false,false,false,false,false,false,false,-82.94537,42.41188,"{
  ""coordinates"": [
    -8.294536591102590e+01,
    4.241188546587940e+01
  ],
  ""type"": ""Point""
}","{
  ""coordinates"": [
    -82.945365911,
    42.411885466
  ],
  ""type"": ""Point""
}",-82.945365911,42.4118854660001
13890,1561693,HESSEL,MANSFIELD,2018-12-07,7,12,2018,17,6,4,9,,,0,,1,2,3,25,2,2,1,5,0,0,0,0,true,false,false,false,false,false,false,false,false,false,false,false,false,false,false,false,false,false,false,false,false,false,-83.20685,42.44289,"{
  ""coordinates"": [
    -8.320685019156120e+01,
    4.244289426311450e+01
  ],
  ""type"": ""Point""
}","{
  ""coordinates"": [
    -83.206850192,
    42.442894263
  ],
  ""type"": ""Point""
}",-83.206850192,42.442894263
13891,1562882,SOUTHFIELD SERVICE DRIVE S/B,KIRKWOOD,2018-12-07,7,12,2018,17,6,1,3,,1,1,Asphalt,1,1,4,30,2,1,1,5,0,0,0,0,true,false,false,false,false,false,false,false,false,false,false,false,false,false,false,false,false,false,false,false,false,false,-83.21624,42.33225,"{
  ""coordinates"": [
    -8.321623814674200e+01,
    4.233225009197410e+01
  ],
  ""type"": ""Point""
}","{
  ""coordinates"": [
    -83.216238147,
    42.332250092
  ],
  ""type"": ""Point""
}",-83.216238147,42.332250092
13892,1560595,8 MILE,SHERWOOD,2018-12-07,7,12,2018,18,6,5,3,,1,0,Asphalt,1,1,4,45,5,2,2,5,0,0,0,0,true,false,false,false,false,false,false,false,false,false,false,false,false,false,false,false,false,false,false,false,false,false,-83.03302,42.44796,"{
  ""coordinates"": [
    -8.303301875164730e+01,
    4.244796458439180e+01
  ],
  ""type"": ""Point""
}","{
  ""coordinates"": [
    -83.033018752,
    42.447964584
  ],
  ""type"": ""Point""
}",-83.033018752,42.447964584
13893,1567121,I 94 SERVICE,LINWOOD,2018-12-07,7,12,2018,8,6,8,9,,4,0,Asphalt,98,98,98,55,3,2,2,5,0,0,0,0,true,false,false,false,true,false,false,false,false,false,false,false,false,false,false,false,false,false,false,false,false,false,-83.09186,42.35203,"{
  ""coordinates"": [
    -8.309185719385050e+01,
    4.235203350208060e+01
  ],
  ""type"": ""Point""
}","{
  ""coordinates"": [
    -83.091857194,
    42.352033502
  ],
  ""type"": ""Point""
}",-83.0918571939999,42.352033502
13894,1564862,CHICAGO,14TH,2018-12-07,7,12,2018,19,6,8,9,,4,0,Asphalt,1,1,4,25,1,2,1,5,0,0,0,0,true,false,false,false,false,false,false,false,false,false,false,false,false,true,false,false,false,false,false,false,false,false,-83.10526,42.37878,"{
  ""coordinates"": [
    -8.310526119675190e+01,
    4.237878445145660e+01
  ],
  ""type"": ""Point""
}","{
  ""coordinates"": [
    -83.105261197,
    42.378784451
  ],
  ""type"": ""Point""
}",-83.1052611969999,42.3787844510001
13895,1584446,TRUMBULL,FOREST,2018-12-07,7,12,2018,23,6,5,9,,4,0,Asphalt,1,5,4,30,3,2,2,5,0,0,0,0,true,false,false,false,true,false,false,false,false,false,false,false,false,false,false,false,false,false,false,false,false,false,-83.07746,42.34988,"{
  ""coordinates"": [
    -8.307745752093440e+01,
    4.234988474508760e+01
  ],
  ""type"": ""Point""
}","{
  ""coordinates"": [
    -83.077457521,
    42.349884745
  ],
  ""type"": ""Point""
}",-83.077457521,42.3498847450001
13896,1560610,8 MILE,STANSBURY,2018-12-07,7,12,2018,1,6,1,3,,1,1,Asphalt,3,5,4,40,4,1,0,5,0,0,0,0,true,false,false,false,true,false,false,false,false,false,false,false,false,false,false,false,false,false,false,false,false,false,-83.18389,42.44513,"{
  ""coordinates"": [
    -8.318388849014120e+01,
    4.244513319821950e+01
  ],
  ""type"": ""Point""
}","{
  ""coordinates"": [
    -83.18388849,
    42.445133198
  ],
  ""type"": ""Point""
}",-83.18388849,42.4451331980001
13897,1562881,JOY,N M 39 SERVICE DRIVE,2018-12-07,7,12,2018,8,6,4,9,,2,0,Asphalt,1,1,1,30,4,2,2,5,0,0,0,0,true,false,false,false,false,false,false,false,false,false,false,false,false,false,false,false,false,false,false,false,false,false,-83.21605,42.35786,"{
  ""coordinates"": [
    -8.321604611347681e+01,
    4.235785664234150e+01
  ],
  ""type"": ""Point""
}","{
  ""coordinates"": [
    -83.216046113,
    42.357856642
  ],
  ""type"": ""Point""
}",-83.2160461129999,42.3578566420001
13898,1563745,HARPER,CONNER,2018-12-07,7,12,2018,7,6,8,9,,4,0,Asphalt,1,1,1,,2,2,3,5,0,0,0,0,true,false,false,false,false,false,false,false,false,false,false,false,false,false,false,false,false,false,false,false,false,false,-82.9903,42.39708,"{
  ""coordinates"": [
    -8.299029552835481e+01,
    4.239707620551050e+01
  ],
  ""type"": ""Point""
}","{
  ""coordinates"": [
    -82.990295528,
    42.397076206
  ],
  ""type"": ""Point""
}",-82.990295528,42.3970762060001
13899,1560592,GALLAGHER,GRIXDALE,2018-12-07,7,12,2018,2,6,5,9,,,0,,1,2,4,25,1,2,0,5,0,0,0,0,true,false,false,false,true,false,false,false,false,false,false,false,false,false,false,false,false,false,false,false,false,false,-83.06969,42.42873,"{
  ""coordinates"": [
    -8.306969134648490e+01,
    4.242873314311570e+01
  ],
  ""type"": ""Point""
}","{
  ""coordinates"": [
    -83.069691346,
    42.428733143
  ],
  ""type"": ""Point""
}",-83.069691346,42.428733143
13900,1560586,SHERWOOD,7 MILE,2018-12-07,7,12,2018,9,6,4,9,,4,0,Asphalt,1,1,1,,2,2,2,4,0,0,0,1,false,true,false,false,false,false,false,false,false,false,true,false,false,false,false,false,false,false,false,false,false,false,-83.03406,42.43405,"{
  ""coordinates"": [
    -8.303405713876990e+01,
    4.243405058104240e+01
  ],
  ""type"": ""Point""
}","{
  ""coordinates"": [
    -83.034057139,
    42.434050581
  ],
  ""type"": ""Point""
}",-83.034057139,42.4340505810001
13901,1560508,DAVISON,W M 8,2018-12-07,7,12,2018,22,6,8,3,,1,0,Asphalt,1,1,4,55,3,2,2,5,0,0,0,0,true,false,false,false,true,false,false,false,false,false,false,false,false,true,false,false,false,false,false,false,false,false,-83.11161,42.3975,"{
  ""coordinates"": [
    -8.311160937658860e+01,
    4.239749720809880e+01
  ],
  ""type"": ""Point""
}","{
  ""coordinates"": [
    -83.111609377,
    42.397497208
  ],
  ""type"": ""Point""
}",-83.111609377,42.3974972080001
13902,1564849,RUTHERFORD,OUTER,2018-12-07,7,12,2018,0,6,1,9,,,1,,3,5,4,25,2,1,1,1,1,0,0,0,false,false,false,false,false,true,false,false,false,false,false,false,false,false,false,false,false,false,false,false,false,false,-83.20484,42.41907,"{
  ""coordinates"": [
    -8.320483934438251e+01,
    4.241906957835870e+01
  ],
  ""type"": ""Point""
}","{
  ""coordinates"": [
    -83.204839344,
    42.419069578
  ],
  ""type"": ""Point""
}",-83.2048393439999,42.4190695780001
13903,1560503,I 94,CSX TRANSPORTATION,2018-12-07,7,12,2018,18,6,5,1,,1,0,Asphalt,1,1,4,55,3,6,7,5,0,0,0,0,true,false,false,false,false,false,false,false,false,false,false,false,false,true,true,false,false,false,false,false,false,false,-83.12182,42.33853,"{
  ""coordinates"": [
    -8.312181987880490e+01,
    4.233853135047890e+01
  ],
  ""type"": ""Point""
}","{
  ""coordinates"": [
    -83.121819879,
    42.33853135
  ],
  ""type"": ""Point""
}",-83.121819879,42.33853135
13904,1560547,JEFFERON,CHENE,2018-12-07,7,12,2018,9,6,5,9,,4,0,Asphalt,3,2,1,35,5,4,4,5,0,0,0,0,true,false,false,false,true,false,false,false,false,false,false,false,false,true,false,false,false,false,false,false,false,false,-83.02217,42.33845,"{
  ""coordinates"": [
    -8.302216911125640e+01,
    4.233845022764090e+01
  ],
  ""type"": ""Point""
}","{
  ""coordinates"": [
    -83.022169111,
    42.338450228
  ],
  ""type"": ""Point""
}",-83.022169111,42.3384502280001
13905,1560528,31ST,JACKSON,2018-12-07,7,12,2018,14,6,8,9,,,0,,1,2,1,25,2,2,1,5,0,0,0,0,true,false,false,false,false,false,false,false,false,true,false,false,false,false,false,false,false,false,false,false,false,false,-83.11028,42.33413,"{
  ""coordinates"": [
    -8.311028469510410e+01,
    4.233413227463360e+01
  ],
  ""type"": ""Point""
}","{
  ""coordinates"": [
    -83.110284695,
    42.334132275
  ],
  ""type"": ""Point""
}",-83.110284695,42.3341322750001
13906,1560526,WOODWARD,CANADIAN NATIONAL RAILWAY,2018-12-07,7,12,2018,15,6,5,3,,1,0,Asphalt,1,2,1,35,5,2,3,5,0,0,0,0,true,false,false,false,false,false,false,false,false,false,false,false,false,false,true,false,false,false,false,false,false,false,-83.07185,42.36804,"{
  ""coordinates"": [
    -8.307185336590140e+01,
    4.236804003420850e+01
  ],
  ""type"": ""Point""
}","{
  ""coordinates"": [
    -83.071853366,
    42.368040034
  ],
  ""type"": ""Point""
}",-83.071853366,42.368040034
13907,1560596,ELDON,JORDAN,2018-12-07,7,12,2018,20,6,1,9,,,1,,1,1,4,25,1,1,1,3,0,0,1,0,false,false,false,false,false,false,false,true,false,true,false,false,false,false,false,false,false,false,false,false,false,false,-83.02615,42.40325,"{
  ""coordinates"": [
    -8.302614298423860e+01,
    4.240324653653030e+01
  ],
  ""type"": ""Point""
}","{
  ""coordinates"": [
    -83.026142984,
    42.403246537
  ],
  ""type"": ""Point""
}",-83.026142984,42.403246537
13908,1565929,SCHAEFER,E I 96 CD,2018-12-07,7,12,2018,14,6,5,1,,4,0,Asphalt,98,98,98,,4,2,1,5,0,0,0,0,true,false,false,false,false,false,false,false,false,false,false,false,false,false,false,false,false,false,false,false,false,false,-83.17835,42.38289,"{
  ""coordinates"": [
    -8.317835127603951e+01,
    4.238288851244950e+01
  ],
  ""type"": ""Point""
}","{
  ""coordinates"": [
    -83.178351276,
    42.382888512
  ],
  ""type"": ""Point""
}",-83.1783512759999,42.3828885120001
13909,1560581,SEYMOUR,QUEEN,2018-12-07,7,12,2018,22,6,4,9,,4,0,Asphalt,1,1,4,25,2,2,1,4,0,0,0,1,false,false,false,false,true,false,false,false,false,false,false,false,false,false,false,false,false,false,false,false,false,false,-82.96767,42.42715,"{
  ""coordinates"": [
    -8.296766421125250e+01,
    4.242715468012620e+01
  ],
  ""type"": ""Point""
}","{
  ""coordinates"": [
    -82.967664211,
    42.42715468
  ],
  ""type"": ""Point""
}",-82.9676642109999,42.4271546800001
13910,1563751,NORMILE,MACKENZIE,2018-12-07,7,12,2018,14,6,8,9,,,0,,1,1,1,25,2,2,0,5,0,0,0,0,true,false,false,false,true,false,false,false,false,false,false,false,false,false,false,false,false,false,false,false,false,false,-83.15894,42.35643,"{
  ""coordinates"": [
    -8.315894330318341e+01,
    4.235642586043940e+01
  ],
  ""type"": ""Point""
}","{
  ""coordinates"": [
    -83.158943303,
    42.35642586
  ],
  ""type"": ""Point""
}",-83.1589433029999,42.3564258600001
13911,1567039,I 94,JUNCTION,2018-12-07,7,12,2018,14,6,10,1,,1,0,Asphalt,1,2,1,55,3,2,2,5,0,0,0,0,true,false,false,false,false,false,false,false,false,false,false,false,false,false,false,true,false,false,false,false,false,false,-83.11913,42.33979,"{
  ""coordinates"": [
    -8.311913455889599e+01,
    4.233979216683740e+01
  ],
  ""type"": ""Point""
}","{
  ""coordinates"": [
    -83.119134559,
    42.339792167
  ],
  ""type"": ""Point""
}",-83.119134559,42.339792167
13912,1563698,N I 75,VERNOR,2018-12-07,7,12,2018,15,6,5,1,,1,0,Asphalt,1,1,1,55,3,2,1,5,0,0,0,0,true,false,false,false,true,false,false,false,true,false,false,false,false,false,false,false,false,false,false,false,false,false,-83.08345,42.32487,"{
  ""coordinates"": [
    -8.308345197508440e+01,
    4.232486837607870e+01
  ],
  ""type"": ""Point""
}","{
  ""coordinates"": [
    -83.083451975,
    42.324868376
  ],
  ""type"": ""Point""
}",-83.0834519749999,42.324868376
13913,1560497,I-94,CADIEUX,2018-12-07,7,12,2018,8,6,5,1,,1,0,Asphalt,1,1,1,55,3,2,2,5,0,0,0,0,true,true,false,false,false,false,false,false,false,false,false,false,false,false,false,false,false,false,false,false,false,false,-82.94424,42.4123,"{
  ""coordinates"": [
    -8.294423777302310e+01,
    4.241229621835350e+01
  ],
  ""type"": ""Point""
}","{
  ""coordinates"": [
    -82.944237773,
    42.412296218
  ],
  ""type"": ""Point""
}",-82.9442377729999,42.4122962180001
13914,1560529,WATERMAN,VERNOR,2018-12-07,7,12,2018,13,6,1,9,,4,1,Asphalt,1,1,1,25,2,1,1,5,0,0,0,0,true,false,false,false,false,false,false,false,false,true,false,false,false,false,false,true,false,false,false,false,false,false,-83.11587,42.31485,"{
  ""coordinates"": [
    -8.311586553431890e+01,
    4.231484680265410e+01
  ],
  ""type"": ""Point""
}","{
  ""coordinates"": [
    -83.115865534,
    42.314846803
  ],
  ""type"": ""Point""
}",-83.115865534,42.3148468030001
13915,1561673,RAMP 008R,M39,2018-12-07,7,12,2018,18,6,5,1,,1,0,Asphalt,1,2,4,55,1,3,3,4,0,0,0,2,false,false,false,false,false,false,false,false,false,false,false,false,false,false,true,false,false,false,false,false,false,false,-83.21735,42.38349,"{
  ""coordinates"": [
    -8.321735113237450e+01,
    4.238348735438760e+01
  ],
  ""type"": ""Point""
}","{
  ""coordinates"": [
    -83.217351132,
    42.383487354
  ],
  ""type"": ""Point""
}",-83.217351132,42.3834873540001
13916,1563750,STATE FAIR,GOULBURN,2018-12-07,7,12,2018,19,6,4,9,,4,0,Asphalt,1,1,4,25,2,2,2,5,0,0,0,0,true,false,true,false,false,false,false,false,false,false,false,false,false,true,false,false,false,false,false,false,false,false,-82.994,42.44197,"{
  ""coordinates"": [
    -8.299400072777510e+01,
    4.244197149871630e+01
  ],
  ""type"": ""Point""
}","{
  ""coordinates"": [
    -82.994000728,
    42.441971499
  ],
  ""type"": ""Point""
}",-82.9940007279999,42.441971499
13917,1560506,I 96,BURT,2018-12-07,7,12,2018,19,6,5,1,,1,0,Concrete,1,1,4,70,3,2,2,5,0,0,0,0,true,false,false,false,false,false,false,false,false,false,false,false,false,false,true,false,false,false,false,false,false,false,-83.24786,42.38559,"{
  ""coordinates"": [
    -8.324785986341820e+01,
    4.238559069750160e+01
  ],
  ""type"": ""Point""
}","{
  ""coordinates"": [
    -83.247859863,
    42.385590698
  ],
  ""type"": ""Point""
}",-83.247859863,42.385590698
13918,1563736,GRAND,2ND,2018-12-07,7,12,2018,23,6,5,9,,4,0,Asphalt,1,1,4,30,2,2,1,5,0,0,0,0,true,false,false,false,true,false,false,false,false,false,false,false,false,false,false,false,false,false,false,false,false,false,-83.06246,42.34504,"{
  ""coordinates"": [
    -8.306245968330190e+01,
    4.234504397279470e+01
  ],
  ""type"": ""Point""
}","{
  ""coordinates"": [
    -83.062459683,
    42.345043973
  ],
  ""type"": ""Point""
}",-83.062459683,42.345043973
13919,1560501,E I 94,RAMP 223A,2018-12-07,7,12,2018,11,6,1,1,,1,1,Asphalt,1,1,1,55,3,1,1,5,0,0,0,0,true,false,false,false,false,false,false,false,false,true,false,false,false,false,false,false,false,false,false,false,false,false,-82.94041,42.41499,"{
  ""coordinates"": [
    -8.294040597889089e+01,
    4.241498801095750e+01
  ],
  ""type"": ""Point""
}","{
  ""coordinates"": [
    -82.940405979,
    42.414988011
  ],
  ""type"": ""Point""
}",-82.940405979,42.414988011
13920,1561689,FERRY,BRUSH,2018-12-07,7,12,2018,14,6,8,9,,4,0,Asphalt,1,1,1,30,2,3,2,4,0,0,0,1,false,false,false,false,false,false,false,false,false,false,false,false,false,false,false,true,false,false,false,false,false,false,-83.06252,42.36298,"{
  ""coordinates"": [
    -8.306251206225940e+01,
    4.236297661683450e+01
  ],
  ""type"": ""Point""
}","{
  ""coordinates"": [
    -83.062512062,
    42.362976617
  ],
  ""type"": ""Point""
}",-83.0625120619999,42.3629766170001
13921,1560587,8 MILE,MOUND,2018-12-07,7,12,2018,17,6,97,3,,1,0,Asphalt,1,2,4,,3,2,2,5,0,0,0,0,true,false,false,false,false,false,false,false,false,false,false,false,false,true,false,false,false,false,false,false,false,false,-83.04419,42.44777,"{
  ""coordinates"": [
    -8.304418802328220e+01,
    4.244776708658360e+01
  ],
  ""type"": ""Point""
}","{
  ""coordinates"": [
    -83.044188023,
    42.447767087
  ],
  ""type"": ""Point""
}",-83.0441880229999,42.447767087
13922,1560507,S/B M-39,7 MILE,2018-12-07,7,12,2018,19,6,5,3,,1,0,Concrete,1,1,4,55,3,2,5,5,0,0,0,0,true,false,false,false,false,false,false,false,false,false,false,false,false,false,false,false,false,false,false,false,false,false,-83.21932,42.42857,"{
  ""coordinates"": [
    -8.321931844072400e+01,
    4.242856566202230e+01
  ],
  ""type"": ""Point""
}","{
  ""coordinates"": [
    -83.219318441,
    42.428565662
  ],
  ""type"": ""Point""
}",-83.219318441,42.428565662
13923,1560534,SCHAEFER,FORT,2018-12-07,7,12,2018,22,6,5,7,,1,0,Asphalt,1,1,4,35,3,2,2,5,0,0,0,0,true,false,false,false,false,false,false,false,false,false,false,false,false,false,false,false,false,false,false,false,false,false,-83.15536,42.27632,"{
  ""coordinates"": [
    -8.315536556079550e+01,
    4.227631620995230e+01
  ],
  ""type"": ""Point""
}","{
  ""coordinates"": [
    -83.155365561,
    42.27631621
  ],
  ""type"": ""Point""
}",-83.1553655609999,42.2763162100001
13924,1601265,BRAINARD,2ND,2018-12-07,7,12,2018,4,6,2,9,,,2,,2,5,4,25,1,2,0,5,0,0,0,0,true,false,false,false,true,false,false,false,false,false,false,false,false,false,false,false,false,false,false,false,false,false,-83.06386,42.3461,"{
  ""coordinates"": [
    -8.306385651817590e+01,
    4.234610029164040e+01
  ],
  ""type"": ""Point""
}","{
  ""coordinates"": [
    -83.063856518,
    42.346100292
  ],
  ""type"": ""Point""
}",-83.063856518,42.3461002920001
13925,1560579,GRATIOT,FISCHER,2018-12-07,7,12,2018,16,6,4,3,,1,0,Asphalt,1,2,1,35,7,2,3,5,0,0,0,0,true,false,false,false,false,false,false,false,false,false,false,false,false,false,false,false,false,false,false,false,false,false,-83.01046,42.38522,"{
  ""coordinates"": [
    -8.301045640198170e+01,
    4.238522406812600e+01
  ],
  ""type"": ""Point""
}","{
  ""coordinates"": [
    -83.010456402,
    42.385224068
  ],
  ""type"": ""Point""
}",-83.010456402,42.3852240680001
13926,1561688,JOHN R,MACK,2018-12-07,7,12,2018,11,6,5,9,,4,0,Concrete,1,1,1,35,3,2,2,5,0,0,0,0,true,false,false,false,false,false,false,true,false,false,false,false,false,false,false,false,false,false,false,false,false,false,-83.05586,42.34827,"{
  ""coordinates"": [
    -8.305586055654361e+01,
    4.234826724249880e+01
  ],
  ""type"": ""Point""
}","{
  ""coordinates"": [
    -83.055860557,
    42.348267242
  ],
  ""type"": ""Point""
}",-83.055860557,42.3482672420001
13927,1560609,THATCHER,GRIGGS,2018-12-07,7,12,2018,8,6,4,9,,,0,,3,1,1,25,1,2,2,5,0,0,0,0,true,false,false,false,false,false,false,false,false,false,false,false,false,false,false,false,false,false,false,false,false,false,-83.16387,42.4223,"{
  ""coordinates"": [
    -8.316387113948279e+01,
    4.242229799406830e+01
  ],
  ""type"": ""Point""
}","{
  ""coordinates"": [
    -83.163871139,
    42.422297994
  ],
  ""type"": ""Point""
}",-83.163871139,42.4222979940001
13928,1563764,BIRWOOD,NORFOLK,2018-12-07,7,12,2018,12,6,8,9,,,3,,1,1,1,25,2,2,1,5,0,0,0,0,true,false,false,false,true,false,false,false,false,false,false,false,false,false,false,false,false,false,false,false,false,false,-83.16574,42.44261,"{
  ""coordinates"": [
    -8.316574003099180e+01,
    4.244260709818960e+01
  ],
  ""type"": ""Point""
}","{
  ""coordinates"": [
    -83.165740031,
    42.442607098
  ],
  ""type"": ""Point""
}",-83.165740031,42.4426070980001
13929,1564857,GRATIOT,FRENCH,2018-12-07,7,12,2018,18,6,5,3,,1,0,Asphalt,1,1,5,35,7,2,2,4,0,0,0,1,false,false,false,false,false,false,false,false,false,false,false,false,false,false,false,false,false,false,false,false,false,false,-83.00046,42.40038,"{
  ""coordinates"": [
    -8.300046041519390e+01,
    4.240038093771890e+01
  ],
  ""type"": ""Point""
}","{
  ""coordinates"": [
    -83.000460415,
    42.400380938
  ],
  ""type"": ""Point""
}",-83.000460415,42.4003809380001
13930,1560617,DAVISON,DAVISON,2018-12-07,7,12,2018,17,6,8,3,,1,0,Asphalt,1,1,3,30,3,2,2,5,0,0,0,0,true,false,false,false,false,false,false,false,false,false,true,false,false,false,false,false,false,false,false,false,false,false,-83.06363,42.41475,"{
  ""coordinates"": [
    -8.306362921688330e+01,
    4.241474764471650e+01
  ],
  ""type"": ""Point""
}","{
  ""coordinates"": [
    -83.063629217,
    42.414747645
  ],
  ""type"": ""Point""
}",-83.063629217,42.414747645
13931,1560594,MACKAY,CONANT,2018-12-07,7,12,2018,16,6,97,9,,,0,,1,2,4,,1,3,1,5,0,0,0,0,true,false,false,false,true,false,false,false,false,false,false,false,false,false,false,false,false,false,false,false,false,false,-83.07625,42.43666,"{
  ""coordinates"": [
    -8.307624574667210e+01,
    4.243665860632160e+01
  ],
  ""type"": ""Point""
}","{
  ""coordinates"": [
    -83.076245747,
    42.436658606
  ],
  ""type"": ""Point""
}",-83.076245747,42.436658606
13932,1561694,LIBRARY,GRAND RIVER,2018-12-07,7,12,2018,10,6,5,9,,4,0,Asphalt,1,2,4,25,2,2,3,5,0,0,0,0,true,false,false,false,true,false,false,false,false,false,false,false,false,false,false,false,false,false,false,false,false,false,-83.04763,42.33456,"{
  ""coordinates"": [
    -8.304762811060590e+01,
    4.233456513766860e+01
  ],
  ""type"": ""Point""
}","{
  ""coordinates"": [
    -83.047628111,
    42.334565138
  ],
  ""type"": ""Point""
}",-83.0476281109999,42.3345651380001
13933,1562858,S M 39 SERVICE DRIVE,WARREN,2018-12-07,7,12,2018,16,6,4,9,,4,0,Asphalt,1,1,1,25,3,2,2,5,0,0,0,0,true,false,false,false,false,false,false,false,false,false,false,false,false,false,false,false,false,false,false,false,false,false,-83.21654,42.3434,"{
  ""coordinates"": [
    -8.321653605484100e+01,
    4.234340398799300e+01
  ],
  ""type"": ""Point""
}","{
  ""coordinates"": [
    -83.216536055,
    42.343403988
  ],
  ""type"": ""Point""
}",-83.2165360549999,42.343403988
13934,1560520,STOUT,WESTFIELD,2018-12-07,7,12,2018,20,6,4,9,,,0,,1,1,5,25,2,2,1,5,0,0,0,0,true,false,false,false,true,false,false,false,false,false,false,false,false,false,false,false,false,false,false,false,false,false,-83.23966,42.36285,"{
  ""coordinates"": [
    -8.323966014890409e+01,
    4.236285487893940e+01
  ],
  ""type"": ""Point""
}","{
  ""coordinates"": [
    -83.239660149,
    42.362854879
  ],
  ""type"": ""Point""
}",-83.239660149,42.3628548790001
13935,1563771,WILLIS,WOODWARD,2018-12-07,7,12,2018,19,6,10,3,,,0,,1,1,4,25,2,2,2,5,0,0,0,0,true,false,false,false,false,false,false,false,false,false,false,true,false,false,false,false,false,false,false,false,false,false,-83.06091,42.3516,"{
  ""coordinates"": [
    -8.306090264193780e+01,
    4.235160032508290e+01
  ],
  ""type"": ""Point""
}","{
  ""coordinates"": [
    -83.060902642,
    42.351600325
  ],
  ""type"": ""Point""
}",-83.060902642,42.351600325
13936,1560593,ROBINWOOD,FENELON,2018-12-07,7,12,2018,17,6,4,9,,,0,,1,1,1,25,1,2,8,5,0,0,0,0,true,false,false,false,false,false,false,false,false,false,false,false,false,false,false,false,false,false,false,false,false,false,-83.05328,42.43147,"{
  ""coordinates"": [
    -8.305328513124360e+01,
    4.243147372597340e+01
  ],
  ""type"": ""Point""
}","{
  ""coordinates"": [
    -83.053285131,
    42.431473726
  ],
  ""type"": ""Point""
}",-83.0532851309999,42.431473726