ObjectId,Crash ID,Primary Road,Intersecting Road,Crash Date,Day,Month,Year,Hour,Weekday,Crash Type Code,Highway Classification Code,Community Code,Jurisdiction Code,Lane Departure Type Code,Surface Type,Road Condition,Weather Condition,Lighting Condition,Speed Limit,Lanes,Units,Occupants,Most Severe Injury,Fatal Injuries,Suspected Serious Injuries,Suspected Minor Injuries,Possible Injuries,Property Damage Only,Secondary Crash,Traffic Control,Red Light Run,Hit and Run,Alcohol,Drugs,Unbelted Person,Work Zone,Speeding Driver,Distracted Driver,Driveway,Pedestrian,Elderly Driver,Young Driver,Commercial Vehicle,Emergency Vehicles,Train,School Bus,Motorcycle,Bicycle,Deer,Longitude,Latitude,geom,geog,x,y
13992,1558778,GRISWOLD,FORT,2018-12-06,6,12,2018,16,5,5,3,,4,0,Asphalt,2,2,1,35,6,2,2,5,0,0,0,0,true,false,false,false,false,false,false,false,false,false,false,false,false,false,false,false,false,false,false,false,false,false,-83.04742,42.3307,"{
  ""coordinates"": [
    -8.304741509488839e+01,
    4.233070526204480e+01
  ],
  ""type"": ""Point""
}","{
  ""coordinates"": [
    -83.047415095,
    42.330705262
  ],
  ""type"": ""Point""
}",-83.047415095,42.330705262
13993,1572692,M-39,WARREN,2018-12-06,6,12,2018,19,5,1,3,,1,0,Asphalt,1,1,4,55,3,1,1,5,0,0,0,0,true,false,false,false,false,false,false,false,false,false,false,false,false,false,false,true,false,false,false,false,false,false,-83.21626,42.3442,"{
  ""coordinates"": [
    -8.321626332679300e+01,
    4.234419938112180e+01
  ],
  ""type"": ""Point""
}","{
  ""coordinates"": [
    -83.216263327,
    42.344199381
  ],
  ""type"": ""Point""
}",-83.216263327,42.3441993810001
13994,1560540,CHANDLER,LAKEVIEW,2018-12-06,6,12,2018,18,5,4,9,,2,0,Asphalt,1,1,4,30,2,2,2,4,0,0,0,1,false,false,false,false,true,false,false,false,false,false,false,false,false,false,false,false,false,false,false,false,false,false,-82.96666,42.39885,"{
  ""coordinates"": [
    -8.296665685308631e+01,
    4.239885477304340e+01
  ],
  ""type"": ""Point""
}","{
  ""coordinates"": [
    -82.966656853,
    42.398854773
  ],
  ""type"": ""Point""
}",-82.966656853,42.398854773
13995,1603934,W I 96,GRAND,2018-12-06,6,12,2018,23,5,8,1,,1,0,Asphalt,3,5,4,70,3,2,1,5,0,0,0,0,true,false,false,false,true,false,false,false,false,true,false,false,false,false,false,false,false,false,false,false,false,false,-83.11038,42.35592,"{
  ""coordinates"": [
    -8.311037872523590e+01,
    4.235591913431880e+01
  ],
  ""type"": ""Point""
}","{
  ""coordinates"": [
    -83.110378725,
    42.355919134
  ],
  ""type"": ""Point""
}",-83.110378725,42.355919134
13996,1558762,W/B I 94,CONNER,2018-12-06,6,12,2018,8,5,5,1,,1,0,Asphalt,1,2,1,55,3,2,2,5,0,0,0,0,true,false,false,false,false,false,false,false,false,false,false,false,false,false,false,false,false,false,false,false,false,false,-82.99001,42.39496,"{
  ""coordinates"": [
    -8.299000836870761e+01,
    4.239496401913590e+01
  ],
  ""type"": ""Point""
}","{
  ""coordinates"": [
    -82.990008369,
    42.394964019
  ],
  ""type"": ""Point""
}",-82.990008369,42.394964019
13997,1564822,I-75,LIVERNOIS,2018-12-06,6,12,2018,12,5,8,1,,1,0,Concrete,1,1,1,55,1,2,2,5,0,0,0,0,true,false,false,false,true,false,false,false,false,false,false,false,false,true,false,false,false,false,false,false,false,false,-83.10489,42.30745,"{
  ""coordinates"": [
    -8.310489150103631e+01,
    4.230744448370320e+01
  ],
  ""type"": ""Point""
}","{
  ""coordinates"": [
    -83.104891501,
    42.307444484
  ],
  ""type"": ""Point""
}",-83.1048915009999,42.307444484
13998,1603933,W I 96,GRAND,2018-12-06,6,12,2018,23,5,8,1,,1,0,Asphalt,3,2,4,70,3,2,1,5,0,0,0,0,true,true,false,false,true,false,false,false,false,true,false,false,false,false,false,false,false,false,false,false,false,false,-83.11047,42.35597,"{
  ""coordinates"": [
    -8.311047547816671e+01,
    4.235596817015660e+01
  ],
  ""type"": ""Point""
}","{
  ""coordinates"": [
    -83.110475478,
    42.35596817
  ],
  ""type"": ""Point""
}",-83.110475478,42.35596817
13999,1564803,S/B I 75,LIVERNOIS,2018-12-06,6,12,2018,7,5,8,1,,1,0,Concrete,1,2,2,,2,2,2,5,0,0,0,0,true,false,false,false,false,false,false,false,true,false,false,false,false,false,false,false,false,false,false,false,false,false,-83.10273,42.30864,"{
  ""coordinates"": [
    -8.310272740527969e+01,
    4.230863586438130e+01
  ],
  ""type"": ""Point""
}","{
  ""coordinates"": [
    -83.102727405,
    42.308635864
  ],
  ""type"": ""Point""
}",-83.1027274049999,42.3086358640001
14000,1558765,I-96,PACIFIC,2018-12-06,6,12,2018,22,5,5,1,,1,0,Asphalt,3,5,4,70,4,2,4,5,0,0,0,0,true,false,false,false,false,false,false,false,false,true,false,false,false,false,false,false,false,false,false,false,false,false,-83.11623,42.35869,"{
  ""coordinates"": [
    -8.311622369383790e+01,
    4.235868819831010e+01
  ],
  ""type"": ""Point""
}","{
  ""coordinates"": [
    -83.116223694,
    42.358688198
  ],
  ""type"": ""Point""
}",-83.116223694,42.358688198
14001,1637958,PURITAN,WISCONSIN,2018-12-06,6,12,2018,15,5,1,9,,4,0,Asphalt,1,1,1,30,2,1,2,1,1,0,0,0,false,false,false,false,true,false,false,false,false,false,false,false,false,false,false,false,false,false,false,false,false,false,-83.15674,42.40974,"{
  ""coordinates"": [
    -8.315674056136039e+01,
    4.240974104315400e+01
  ],
  ""type"": ""Point""
}","{
  ""coordinates"": [
    -83.156740561,
    42.409741043
  ],
  ""type"": ""Point""
}",-83.1567405609999,42.4097410430001
14002,1560561,BRETTON,BRETTON,2018-12-06,6,12,2018,14,5,8,9,,,0,,2,2,1,25,2,2,3,5,0,0,0,0,true,false,false,false,false,false,false,false,false,false,false,false,false,false,true,false,false,false,false,false,false,false,-83.21934,42.4015,"{
  ""coordinates"": [
    -8.321933370122220e+01,
    4.240150525998360e+01
  ],
  ""type"": ""Point""
}","{
  ""coordinates"": [
    -83.219333701,
    42.40150526
  ],
  ""type"": ""Point""
}",-83.219333701,42.4015052600001
14003,1639824,MACK,CONNER,2018-12-06,6,12,2018,17,5,8,9,,4,0,Asphalt,1,1,4,35,6,2,3,5,0,0,0,0,true,false,false,false,false,false,false,false,false,false,false,false,false,false,false,false,false,false,false,false,false,false,-82.97313,42.38235,"{
  ""coordinates"": [
    -8.297313280745939e+01,
    4.238235061876330e+01
  ],
  ""type"": ""Point""
}","{
  ""coordinates"": [
    -82.973132807,
    42.382350619
  ],
  ""type"": ""Point""
}",-82.973132807,42.3823506190001
14004,1558775,N M 10,GRAND,2018-12-06,6,12,2018,12,5,98,3,,1,0,Concrete,2,5,1,35,2,2,4,5,0,0,0,0,true,false,false,false,false,false,false,true,false,false,false,false,false,false,true,false,false,false,false,false,false,false,-83.08173,42.36709,"{
  ""coordinates"": [
    -8.308172386826450e+01,
    4.236708885955820e+01
  ],
  ""type"": ""Point""
}","{
  ""coordinates"": [
    -83.081723868,
    42.36708886
  ],
  ""type"": ""Point""
}",-83.081723868,42.3670888600001
14005,1558766,TRUMBULL,FISHER,2018-12-06,6,12,2018,22,5,4,9,,4,0,Asphalt,4,5,4,25,5,2,4,5,0,0,0,0,true,false,true,true,false,false,false,false,false,false,false,false,false,false,false,false,false,false,false,false,false,false,-83.06834,42.3339,"{
  ""coordinates"": [
    -8.306833604351699e+01,
    4.233390055753160e+01
  ],
  ""type"": ""Point""
}","{
  ""coordinates"": [
    -83.068336044,
    42.333900558
  ],
  ""type"": ""Point""
}",-83.068336044,42.333900558
14006,1564813,N/B M 10,WYOMING,2018-12-06,6,12,2018,9,5,8,3,,1,0,Concrete,3,2,4,55,3,2,1,5,0,0,0,0,true,false,false,false,true,false,false,false,false,true,false,false,false,false,false,false,false,false,false,false,false,false,-83.16146,42.40612,"{
  ""coordinates"": [
    -8.316146270482299e+01,
    4.240611722120900e+01
  ],
  ""type"": ""Point""
}","{
  ""coordinates"": [
    -83.161462705,
    42.406117221
  ],
  ""type"": ""Point""
}",-83.161462705,42.406117221
14007,1560538,ALTER,VERNOR,2018-12-06,6,12,2018,16,5,5,1,,1,0,Asphalt,1,2,1,35,4,2,3,5,0,0,0,0,true,false,false,false,false,false,false,false,false,false,false,false,false,false,false,false,false,false,false,false,false,false,-83.08363,42.32513,"{
  ""coordinates"": [
    -8.308363249795710e+01,
    4.232512588498650e+01
  ],
  ""type"": ""Point""
}","{
  ""coordinates"": [
    -83.083632498,
    42.325125885
  ],
  ""type"": ""Point""
}",-83.083632498,42.325125885
14008,1558795,OAKMAN,DAVISON,2018-12-06,6,12,2018,17,5,8,3,,4,0,Asphalt,2,4,2,35,3,2,2,5,0,0,0,0,true,false,false,false,false,false,false,false,false,false,false,false,false,false,false,true,false,false,false,false,false,false,-83.14391,42.3863,"{
  ""coordinates"": [
    -8.314391244006880e+01,
    4.238630255600350e+01
  ],
  ""type"": ""Point""
}","{
  ""coordinates"": [
    -83.14391244,
    42.386302556
  ],
  ""type"": ""Point""
}",-83.14391244,42.386302556
14009,1580171,I-75,MICHIGAN,2018-12-06,6,12,2018,22,5,1,1,,1,1,Asphalt,3,1,4,55,3,1,1,5,0,0,0,0,true,false,false,false,false,false,false,false,false,true,false,false,false,false,false,false,false,false,false,false,false,false,-83.08649,42.33017,"{
  ""coordinates"": [
    -8.308649090307691e+01,
    4.233016887640880e+01
  ],
  ""type"": ""Point""
}","{
  ""coordinates"": [
    -83.086490903,
    42.330168876
  ],
  ""type"": ""Point""
}",-83.086490903,42.3301688760001
14010,1567097,LARNED,GRISWOLD,2018-12-06,6,12,2018,8,5,8,9,,4,0,Asphalt,1,1,1,35,4,2,2,5,0,0,0,0,true,false,false,false,false,false,false,false,false,false,false,false,false,false,false,true,false,false,false,false,false,false,-83.04654,42.32886,"{
  ""coordinates"": [
    -8.304653853005840e+01,
    4.232885810443200e+01
  ],
  ""type"": ""Point""
}","{
  ""coordinates"": [
    -83.04653853,
    42.328858104
  ],
  ""type"": ""Point""
}",-83.04653853,42.3288581040001
14011,1558796,CLEMENTS,LIVERNOIS,2018-12-06,6,12,2018,17,5,97,9,,,0,,1,1,3,25,1,2,1,5,0,0,0,0,true,false,false,false,false,false,false,false,false,false,false,false,true,false,false,false,false,false,false,false,false,false,-83.13939,42.38757,"{
  ""coordinates"": [
    -8.313938595488040e+01,
    4.238756835840960e+01
  ],
  ""type"": ""Point""
}","{
  ""coordinates"": [
    -83.139385955,
    42.387568358
  ],
  ""type"": ""Point""
}",-83.139385955,42.3875683580001
14012,1580167,RAMP 139B,E I 96,2018-12-06,6,12,2018,12,5,1,1,,1,1,Concrete,2,5,1,45,3,1,1,4,0,0,0,1,false,false,false,false,false,false,false,false,false,true,false,false,false,false,false,false,false,false,false,false,false,false,-83.14877,42.38263,"{
  ""coordinates"": [
    -8.314876303565660e+01,
    4.238263261708010e+01
  ],
  ""type"": ""Point""
}","{
  ""coordinates"": [
    -83.148763036,
    42.382632617
  ],
  ""type"": ""Point""
}",-83.1487630359999,42.3826326170001
14013,1583278,W/B I 94,I 75,2018-12-06,6,12,2018,16,5,5,1,,1,0,Concrete,1,1,1,55,3,2,2,5,0,0,0,0,true,false,false,false,false,false,false,false,false,false,false,false,false,false,true,false,false,false,false,false,false,false,-83.05653,42.36966,"{
  ""coordinates"": [
    -8.305652648056950e+01,
    4.236965567002360e+01
  ],
  ""type"": ""Point""
}","{
  ""coordinates"": [
    -83.056526481,
    42.36965567
  ],
  ""type"": ""Point""
}",-83.0565264809999,42.36965567
14014,1558768,PURITAN,SUSSEX,2018-12-06,6,12,2018,7,5,4,9,,4,0,Asphalt,1,1,2,35,2,2,2,4,0,0,0,2,false,false,false,false,true,false,false,false,false,false,false,false,false,false,false,false,false,false,false,false,false,false,-83.19528,42.40886,"{
  ""coordinates"": [
    -8.319528574308880e+01,
    4.240886427158370e+01
  ],
  ""type"": ""Point""
}","{
  ""coordinates"": [
    -83.195285743,
    42.408864272
  ],
  ""type"": ""Point""
}",-83.1952857429999,42.4088642720001
14015,1574084,LIVERNOIS,I 94/LIVERNOIS RAMP,2018-12-06,6,12,2018,14,5,10,1,,4,0,Asphalt,1,1,1,30,4,2,1,5,0,0,0,0,true,false,false,false,false,false,false,false,false,false,false,false,false,false,false,true,false,false,false,false,false,false,-83.1246,42.33697,"{
  ""coordinates"": [
    -8.312459737665840e+01,
    4.233696844405010e+01
  ],
  ""type"": ""Point""
}","{
  ""coordinates"": [
    -83.124597377,
    42.336968444
  ],
  ""type"": ""Point""
}",-83.124597377,42.336968444
14016,1560551,8 MILE,ROSEMONT,2018-12-06,6,12,2018,16,5,5,3,,1,0,Asphalt,1,1,3,45,4,3,3,4,0,0,0,1,false,false,false,false,false,false,false,false,false,false,false,false,false,true,false,false,false,false,false,false,false,false,-83.22259,42.44411,"{
  ""coordinates"": [
    -8.322258748175329e+01,
    4.244411585160170e+01
  ],
  ""type"": ""Point""
}","{
  ""coordinates"": [
    -83.222587482,
    42.444115852
  ],
  ""type"": ""Point""
}",-83.2225874819999,42.444115852
14017,1560580,HARPER,GUNSTON,2018-12-06,6,12,2018,18,5,1,9,,4,0,Asphalt,2,1,4,35,4,2,0,3,0,0,1,0,false,false,false,false,true,false,false,false,false,false,false,false,true,false,false,false,false,false,false,false,false,false,-82.98737,42.39794,"{
  ""coordinates"": [
    -8.298737257047910e+01,
    4.239794246163040e+01
  ],
  ""type"": ""Point""
}","{
  ""coordinates"": [
    -82.98737257,
    42.397942462
  ],
  ""type"": ""Point""
}",-82.9873725699999,42.3979424620001
14018,1558784,HAVERHILL,BREMEN,2018-12-06,6,12,2018,12,5,1,9,,,1,,2,5,1,25,1,1,1,5,0,0,0,0,true,false,false,false,false,false,false,false,false,false,false,false,false,false,false,false,false,false,false,false,false,false,-82.93855,42.39469,"{
  ""coordinates"": [
    -8.293854962091540e+01,
    4.239469203095900e+01
  ],
  ""type"": ""Point""
}","{
  ""coordinates"": [
    -82.938549621,
    42.394692031
  ],
  ""type"": ""Point""
}",-82.9385496209999,42.394692031
14019,1580166,E I 94,S M 10,2018-12-06,6,12,2018,2,5,5,1,,1,3,Asphalt,1,1,4,55,3,2,1,5,0,0,0,0,true,true,false,false,false,false,false,false,false,false,false,false,false,false,false,true,false,false,false,false,false,false,-83.07643,42.35881,"{
  ""coordinates"": [
    -8.307643304452940e+01,
    4.235880778678550e+01
  ],
  ""type"": ""Point""
}","{
  ""coordinates"": [
    -83.076433045,
    42.358807787
  ],
  ""type"": ""Point""
}",-83.076433045,42.358807787
14020,1574488,WARREN,GREENFIELD,2018-12-06,6,12,2018,16,5,4,9,,2,0,Asphalt,1,1,4,35,5,3,4,4,0,0,0,1,false,false,true,true,false,false,false,false,false,false,false,false,false,false,true,false,false,false,false,false,false,false,-83.19625,42.34367,"{
  ""coordinates"": [
    -8.319624865685610e+01,
    4.234366572963090e+01
  ],
  ""type"": ""Point""
}","{
  ""coordinates"": [
    -83.196248657,
    42.34366573
  ],
  ""type"": ""Point""
}",-83.196248657,42.3436657300001
14021,1580169,W I 96,GRAND,2018-12-06,6,12,2018,22,5,4,1,,1,0,Asphalt,3,5,4,55,3,2,2,5,0,0,0,0,true,false,false,false,false,false,false,false,false,true,false,false,false,false,true,false,false,false,false,false,false,false,-83.11044,42.35595,"{
  ""coordinates"": [
    -8.311044274621040e+01,
    4.235595233909220e+01
  ],
  ""type"": ""Point""
}","{
  ""coordinates"": [
    -83.110442746,
    42.355952339
  ],
  ""type"": ""Point""
}",-83.110442746,42.3559523390001
14022,1583363,WYOMING,THATCHER,2018-12-06,6,12,2018,15,5,8,9,,4,0,Asphalt,1,1,1,30,2,2,2,5,0,0,0,0,true,false,false,false,false,false,false,false,false,false,false,false,false,false,false,true,false,false,false,false,false,false,-83.16064,42.42264,"{
  ""coordinates"": [
    -8.316064054958071e+01,
    4.242264173080100e+01
  ],
  ""type"": ""Point""
}","{
  ""coordinates"": [
    -83.16064055,
    42.422641731
  ],
  ""type"": ""Point""
}",-83.16064055,42.4226417310001
14023,1558788,PRINCE HALL,CAMPAU FARMS,2018-12-05,5,12,2018,8,4,5,9,,4,0,Concrete,1,1,1,25,2,2,1,5,0,0,0,0,true,false,false,false,true,false,false,false,false,false,false,false,false,false,false,false,false,false,false,false,false,false,-83.02401,42.34818,"{
  ""coordinates"": [
    -8.302401141807169e+01,
    4.234818170860810e+01
  ],
  ""type"": ""Point""
}","{
  ""coordinates"": [
    -83.024011418,
    42.348181709
  ],
  ""type"": ""Point""
}",-83.024011418,42.3481817090001
14024,1567131,CASS,FISHER,2018-12-05,5,12,2018,22,4,5,9,,4,0,Concrete,1,1,4,,2,2,2,5,0,0,0,0,true,false,false,false,false,false,false,false,false,false,false,false,false,false,false,false,false,false,false,false,false,false,-83.05646,42.33807,"{
  ""coordinates"": [
    -8.305645461631551e+01,
    4.233807248821810e+01
  ],
  ""type"": ""Point""
}","{
  ""coordinates"": [
    -83.056454616,
    42.338072488
  ],
  ""type"": ""Point""
}",-83.0564546159999,42.3380724880001
14025,1558803,LONGFELLOW,WOODROW WILSON,2018-12-05,5,12,2018,9,4,4,9,,,0,,1,1,1,25,1,2,2,4,0,0,0,2,false,false,false,false,false,false,false,false,false,false,false,false,false,false,false,false,false,false,false,false,false,false,-83.09838,42.38002,"{
  ""coordinates"": [
    -8.309838374870300e+01,
    4.238002329918210e+01
  ],
  ""type"": ""Point""
}","{
  ""coordinates"": [
    -83.098383749,
    42.380023299
  ],
  ""type"": ""Point""
}",-83.0983837489999,42.3800232990001
14026,1558811,MOUNT ELLIOTT,CHARLES,2018-12-05,5,12,2018,23,4,7,9,,4,0,Asphalt,1,1,4,35,2,2,1,5,0,0,0,0,true,false,false,false,true,false,false,false,false,false,false,false,false,false,false,false,false,false,false,false,false,false,-83.03812,42.41197,"{
  ""coordinates"": [
    -8.303812537050980e+01,
    4.241197324923670e+01
  ],
  ""type"": ""Point""
}","{
  ""coordinates"": [
    -83.038125371,
    42.411973249
  ],
  ""type"": ""Point""
}",-83.038125371,42.411973249
14027,1560559,GRAND RIVER,WARWICK,2018-12-05,5,12,2018,17,4,5,3,,1,0,Asphalt,1,2,3,35,6,2,2,5,0,0,0,0,true,false,false,false,false,false,false,false,false,false,false,false,false,false,false,false,false,false,false,false,false,false,-83.229,42.405,"{
  ""coordinates"": [
    -8.322899279994320e+01,
    4.240500404046500e+01
  ],
  ""type"": ""Point""
}","{
  ""coordinates"": [
    -83.2289928,
    42.40500404
  ],
  ""type"": ""Point""
}",-83.2289928,42.4050040400001
14028,1557568,MEYERS,JAMES COUZENS,2018-12-05,5,12,2018,22,4,97,9,,4,0,Asphalt,1,1,4,30,4,2,2,4,0,0,0,1,false,false,false,false,false,false,false,false,false,false,false,false,false,false,true,false,false,false,false,false,false,false,-83.17001,42.41467,"{
  ""coordinates"": [
    -8.317001628320750e+01,
    4.241466541348230e+01
  ],
  ""type"": ""Point""
}","{
  ""coordinates"": [
    -83.170016283,
    42.414665413
  ],
  ""type"": ""Point""
}",-83.1700162829999,42.4146654130001
14029,1560500,I-94,WARREN,2018-12-05,5,12,2018,16,4,5,1,,1,0,Asphalt,1,1,1,55,3,2,1,5,0,0,0,0,true,false,false,false,false,false,false,false,false,false,false,false,false,false,false,false,false,false,false,false,false,false,-83.1128,42.34479,"{
  ""coordinates"": [
    -8.311279935951229e+01,
    4.234479240673710e+01
  ],
  ""type"": ""Point""
}","{
  ""coordinates"": [
    -83.11279936,
    42.344792407
  ],
  ""type"": ""Point""
}",-83.1127993599999,42.3447924070001
14030,1558761,I-94,WARREN,2018-12-05,5,12,2018,1,4,1,1,,1,1,Asphalt,1,1,4,55,3,1,1,5,0,0,0,0,true,false,false,false,false,false,false,false,false,true,false,false,false,false,false,false,false,false,false,false,false,false,-83.11358,42.34458,"{
  ""coordinates"": [
    -8.311358245229520e+01,
    4.234458098677240e+01
  ],
  ""type"": ""Point""
}","{
  ""coordinates"": [
    -83.113582452,
    42.344580987
  ],
  ""type"": ""Point""
}",-83.1135824519999,42.344580987
14031,1558813,CONANT,7 MILE,2018-12-05,5,12,2018,19,4,8,9,,4,0,Asphalt,2,5,4,35,2,2,1,5,0,0,0,0,true,false,false,false,false,false,false,false,false,false,false,false,false,false,false,false,false,false,false,false,false,false,-83.07403,42.43342,"{
  ""coordinates"": [
    -8.307402546324180e+01,
    4.243341738755840e+01
  ],
  ""type"": ""Point""
}","{
  ""coordinates"": [
    -83.074025463,
    42.433417388
  ],
  ""type"": ""Point""
}",-83.0740254629999,42.4334173880001
14032,1560616,MACK,N I 75 SERVICE DRIVE,2018-12-05,5,12,2018,15,4,3,9,,4,0,Asphalt,1,1,1,30,2,2,2,5,0,0,0,0,true,false,false,false,false,false,false,false,false,false,false,false,false,false,false,false,false,false,false,false,false,false,-83.04749,42.3515,"{
  ""coordinates"": [
    -8.304749035483950e+01,
    4.235150088642960e+01
  ],
  ""type"": ""Point""
}","{
  ""coordinates"": [
    -83.047490355,
    42.351500886
  ],
  ""type"": ""Point""
}",-83.047490355,42.3515008860001
14033,1557565,PURITAN,MEYERS,2018-12-05,5,12,2018,16,4,8,9,,4,0,Asphalt,1,1,1,30,2,2,3,5,0,0,0,0,true,false,false,false,false,false,false,false,false,false,false,false,false,true,false,false,false,false,false,false,false,false,-83.16966,42.40954,"{
  ""coordinates"": [
    -8.316966449838490e+01,
    4.240953653438120e+01
  ],
  ""type"": ""Point""
}","{
  ""coordinates"": [
    -83.169664498,
    42.409536534
  ],
  ""type"": ""Point""
}",-83.169664498,42.409536534
14034,1560549,RUSSELL,MILWAUKEE,2018-12-05,5,12,2018,17,4,97,9,,4,0,Asphalt,2,5,4,30,2,2,2,5,0,0,0,0,true,false,false,false,false,false,false,false,false,false,false,false,false,true,false,true,false,false,false,false,false,false,-83.05894,42.37413,"{
  ""coordinates"": [
    -8.305893779449410e+01,
    4.237412497195650e+01
  ],
  ""type"": ""Point""
}","{
  ""coordinates"": [
    -83.058937794,
    42.374124972
  ],
  ""type"": ""Point""
}",-83.058937794,42.3741249720001
14035,1563709,N I 75,GRAND,2018-12-05,5,12,2018,14,4,8,1,,1,0,Asphalt,1,1,1,55,3,2,1,4,0,0,0,1,false,false,false,false,true,false,false,false,false,false,false,false,false,true,false,false,false,false,false,false,false,false,-83.08461,42.31609,"{
  ""coordinates"": [
    -8.308460768759041e+01,
    4.231609124026950e+01
  ],
  ""type"": ""Point""
}","{
  ""coordinates"": [
    -83.084607688,
    42.31609124
  ],
  ""type"": ""Point""
}",-83.0846076879999,42.31609124
14036,1562924,JAMES COUZENS,MCNICHOLS,2018-12-05,5,12,2018,16,4,8,9,,4,0,Asphalt,1,1,1,,3,2,3,5,0,0,0,0,true,false,false,false,false,false,false,false,false,false,false,false,false,false,false,false,false,false,false,false,false,false,-83.17185,42.41664,"{
  ""coordinates"": [
    -8.317185429623470e+01,
    4.241664210395860e+01
  ],
  ""type"": ""Point""
}","{
  ""coordinates"": [
    -83.171854296,
    42.416642104
  ],
  ""type"": ""Point""
}",-83.1718542959999,42.4166421040001
14037,1557564,I 75,MCNICHOLS,2018-12-05,5,12,2018,8,4,8,1,,1,0,Asphalt,1,1,1,55,4,2,1,5,0,0,0,0,true,false,false,false,true,false,false,false,false,false,false,false,false,false,false,false,false,false,false,false,false,false,-83.08706,42.41739,"{
  ""coordinates"": [
    -8.308705914541530e+01,
    4.241738524258840e+01
  ],
  ""type"": ""Point""
}","{
  ""coordinates"": [
    -83.087059145,
    42.417385243
  ],
  ""type"": ""Point""
}",-83.087059145,42.4173852430001
14038,1558780,MACK,CANYON,2018-12-05,5,12,2018,11,4,4,9,,2,0,Asphalt,1,1,1,30,2,2,5,5,0,0,0,0,true,false,false,false,false,false,false,false,false,false,false,false,false,false,true,false,false,false,false,false,false,false,-82.91395,42.40955,"{
  ""coordinates"": [
    -8.291394445243760e+01,
    4.240955303578640e+01
  ],
  ""type"": ""Point""
}","{
  ""coordinates"": [
    -82.913944452,
    42.409553036
  ],
  ""type"": ""Point""
}",-82.913944452,42.409553036
14039,1560564,BILTMORE,PICKFORD,2018-12-05,5,12,2018,16,4,3,9,,,0,,1,1,3,25,2,2,2,5,0,0,0,0,true,false,false,false,true,false,false,false,false,false,false,false,false,false,false,false,false,false,false,false,false,false,-83.21139,42.42474,"{
  ""coordinates"": [
    -8.321138555487560e+01,
    4.242473886409930e+01
  ],
  ""type"": ""Point""
}","{
  ""coordinates"": [
    -83.211385555,
    42.424738864
  ],
  ""type"": ""Point""
}",-83.2113855549999,42.4247388640001
14040,1557541,JEFFERSON,RIOPELLE,2018-12-05,5,12,2018,13,4,4,9,,4,0,Asphalt,1,1,1,35,5,2,3,5,0,0,0,0,true,false,false,false,false,false,false,false,false,false,false,false,false,false,false,false,false,false,false,false,false,false,-83.03078,42.33474,"{
  ""coordinates"": [
    -8.303077479596830e+01,
    4.233473894295450e+01
  ],
  ""type"": ""Point""
}","{
  ""coordinates"": [
    -83.030774796,
    42.334738943
  ],
  ""type"": ""Point""
}",-83.0307747959999,42.334738943
14041,1560563,MCNICHOLS,MANSFIELD,2018-12-05,5,12,2018,7,4,1,9,,2,0,Asphalt,1,1,4,35,4,2,1,4,0,0,0,1,false,false,false,false,false,false,false,false,false,false,false,false,true,false,false,false,false,false,false,false,false,false,-83.20567,42.41583,"{
  ""coordinates"": [
    -8.320566228208860e+01,
    4.241583195405590e+01
  ],
  ""type"": ""Point""
}","{
  ""coordinates"": [
    -83.205662282,
    42.415831954
  ],
  ""type"": ""Point""
}",-83.2056622819999,42.4158319540001
14042,1560527,WARREN,S M 10 SERVICE DRIVE,2018-12-05,5,12,2018,14,4,8,9,,4,0,Asphalt,1,2,1,30,5,2,1,5,0,0,0,0,true,false,false,false,false,false,false,false,false,false,false,true,false,false,false,false,false,false,false,false,false,false,-83.07404,42.35375,"{
  ""coordinates"": [
    -8.307404249946710e+01,
    4.235374653467370e+01
  ],
  ""type"": ""Point""
}","{
  ""coordinates"": [
    -83.074042499,
    42.353746535
  ],
  ""type"": ""Point""
}",-83.074042499,42.353746535
14043,1564834,BEAUBIEN,ATWATER,2018-12-05,5,12,2018,15,4,4,9,,4,0,Concrete,1,1,1,25,1,2,2,5,0,0,0,0,true,false,false,false,false,false,false,false,false,false,false,false,false,false,false,false,false,false,false,false,false,false,-83.03816,42.32885,"{
  ""coordinates"": [
    -8.303816596617440e+01,
    4.232885324103280e+01
  ],
  ""type"": ""Point""
}","{
  ""coordinates"": [
    -83.038165966,
    42.328853241
  ],
  ""type"": ""Point""
}",-83.038165966,42.328853241
14044,1562922,GREENFIELD,GRAND RIVER,2018-12-05,5,12,2018,19,4,5,3,,2,0,Asphalt,1,1,4,35,4,2,1,4,0,0,0,1,false,false,false,false,true,false,false,false,false,false,false,false,false,false,false,false,false,false,false,false,false,false,-83.19836,42.39246,"{
  ""coordinates"": [
    -8.319836014216889e+01,
    4.239245473176340e+01
  ],
  ""type"": ""Point""
}","{
  ""coordinates"": [
    -83.198360142,
    42.392454732
  ],
  ""type"": ""Point""
}",-83.198360142,42.392454732
14045,1560311,I 94,RAMP 212D,2018-12-05,5,12,2018,11,4,5,1,,1,0,Asphalt,1,2,1,55,3,2,2,4,0,0,0,1,false,false,false,false,false,false,false,false,false,false,false,false,false,false,false,true,false,false,false,false,false,false,-83.12814,42.33618,"{
  ""coordinates"": [
    -8.312814006991471e+01,
    4.233618051392790e+01
  ],
  ""type"": ""Point""
}","{
  ""coordinates"": [
    -83.12814007,
    42.336180514
  ],
  ""type"": ""Point""
}",-83.12814007,42.336180514