ObjectId,Crash ID,Primary Road,Intersecting Road,Crash Date,Day,Month,Year,Hour,Weekday,Crash Type Code,Highway Classification Code,Community Code,Jurisdiction Code,Lane Departure Type Code,Surface Type,Road Condition,Weather Condition,Lighting Condition,Speed Limit,Lanes,Units,Occupants,Most Severe Injury,Fatal Injuries,Suspected Serious Injuries,Suspected Minor Injuries,Possible Injuries,Property Damage Only,Secondary Crash,Traffic Control,Red Light Run,Hit and Run,Alcohol,Drugs,Unbelted Person,Work Zone,Speeding Driver,Distracted Driver,Driveway,Pedestrian,Elderly Driver,Young Driver,Commercial Vehicle,Emergency Vehicles,Train,School Bus,Motorcycle,Bicycle,Deer,Longitude,Latitude,geom,geog,x,y
14046,1558810,7 MILE,BINDER,2018-12-05,5,12,2018,17,4,5,9,,4,0,Asphalt,1,1,4,35,2,2,1,5,0,0,0,0,true,false,false,false,true,false,false,false,false,false,false,false,false,false,false,false,false,false,false,false,false,false,-83.0644,42.4331,"{
  ""coordinates"": [
    -8.306439655448170e+01,
    4.243309980501140e+01
  ],
  ""type"": ""Point""
}","{
  ""coordinates"": [
    -83.064396554,
    42.433099805
  ],
  ""type"": ""Point""
}",-83.064396554,42.433099805
14047,1558787,JEFFERSON,PARKER,2018-12-05,5,12,2018,20,4,5,9,,4,0,Asphalt,1,1,4,35,5,2,1,5,0,0,0,0,true,false,false,false,true,false,false,false,false,false,false,false,false,false,false,false,false,false,false,false,false,false,-82.99403,42.35195,"{
  ""coordinates"": [
    -8.299402505962099e+01,
    4.235195254609060e+01
  ],
  ""type"": ""Point""
}","{
  ""coordinates"": [
    -82.99402506,
    42.351952546
  ],
  ""type"": ""Point""
}",-82.99402506,42.3519525460001
14048,1558773,GRAND,HAMILTON,2018-12-05,5,12,2018,20,4,4,9,,4,0,Concrete,1,1,4,30,2,2,2,5,0,0,0,0,true,false,false,false,true,false,false,false,false,false,false,false,false,false,false,false,false,false,false,false,false,false,-83.08208,42.36688,"{
  ""coordinates"": [
    -8.308207430618370e+01,
    4.236687690033100e+01
  ],
  ""type"": ""Point""
}","{
  ""coordinates"": [
    -83.082074306,
    42.3668769
  ],
  ""type"": ""Point""
}",-83.082074306,42.3668769000001
14049,1562879,VIRGIL,GLENDALE,2018-12-05,5,12,2018,21,4,8,9,,,0,,1,1,4,25,2,2,0,5,0,0,0,0,true,false,false,false,true,false,false,false,false,false,false,true,false,false,false,false,false,false,false,false,false,false,-83.27097,42.38133,"{
  ""coordinates"": [
    -8.327096576841809e+01,
    4.238133282399640e+01
  ],
  ""type"": ""Point""
}","{
  ""coordinates"": [
    -83.270965768,
    42.381332824
  ],
  ""type"": ""Point""
}",-83.2709657679999,42.381332824
14050,1569135,I-75,LIVERNOIS,2018-12-05,5,12,2018,17,4,8,1,,1,0,Concrete,1,2,5,55,2,2,2,5,0,0,0,0,true,false,false,false,false,false,false,false,true,false,false,false,false,false,false,true,false,false,false,false,false,false,-83.10445,42.30739,"{
  ""coordinates"": [
    -8.310444609676991e+01,
    4.230739171208330e+01
  ],
  ""type"": ""Point""
}","{
  ""coordinates"": [
    -83.104446097,
    42.307391712
  ],
  ""type"": ""Point""
}",-83.1044460969999,42.307391712
14051,1560557,TELEGRAPH,8 MILE,2018-12-05,5,12,2018,21,4,5,2,,1,0,Concrete,1,2,4,40,4,2,2,5,0,0,0,0,true,false,false,false,false,false,false,false,false,false,false,false,false,false,true,false,false,false,false,false,false,false,-83.27829,42.44277,"{
  ""coordinates"": [
    -8.327829322839860e+01,
    4.244276784928400e+01
  ],
  ""type"": ""Point""
}","{
  ""coordinates"": [
    -83.278293228,
    42.442767849
  ],
  ""type"": ""Point""
}",-83.2782932279999,42.4427678490001
14052,1558792,STATE FAIR,KELLY,2018-12-05,5,12,2018,12,4,5,9,,4,0,Asphalt,1,1,5,25,2,2,4,4,0,0,0,2,false,false,false,false,true,false,false,false,false,false,false,false,false,false,false,false,false,false,false,false,false,false,-82.94688,42.44292,"{
  ""coordinates"": [
    -8.294687925383511e+01,
    4.244292193440820e+01
  ],
  ""type"": ""Point""
}","{
  ""coordinates"": [
    -82.946879254,
    42.442921934
  ],
  ""type"": ""Point""
}",-82.946879254,42.442921934
14053,1572731,OUTER,CHALMERS,2018-12-05,5,12,2018,6,4,4,9,,2,0,Asphalt,1,1,4,,2,2,1,5,0,0,0,0,true,false,true,true,true,false,false,false,false,false,false,false,false,false,false,true,false,false,false,false,false,false,-82.97109,42.41479,"{
  ""coordinates"": [
    -8.297109431776560e+01,
    4.241479125638370e+01
  ],
  ""type"": ""Point""
}","{
  ""coordinates"": [
    -82.971094318,
    42.414791256
  ],
  ""type"": ""Point""
}",-82.971094318,42.4147912560001
14054,1560606,MENDOTA,CURTIS,2018-12-05,5,12,2018,15,4,4,9,,,0,,1,2,1,25,2,2,2,5,0,0,0,0,true,false,false,false,false,false,false,false,false,false,false,false,false,false,false,false,false,false,false,false,false,false,-83.16616,42.42408,"{
  ""coordinates"": [
    -8.316615800635030e+01,
    4.242407592899780e+01
  ],
  ""type"": ""Point""
}","{
  ""coordinates"": [
    -83.166158006,
    42.424075929
  ],
  ""type"": ""Point""
}",-83.166158006,42.424075929
14055,1557523,EVERGREEN,PLYMOUTH,2018-12-05,5,12,2018,18,4,1,9,,4,0,Asphalt,1,2,4,30,2,1,2,5,0,0,0,0,true,false,false,false,false,false,false,false,false,false,false,false,false,false,false,false,true,false,false,false,false,false,-83.23627,42.37244,"{
  ""coordinates"": [
    -8.323627575996029e+01,
    4.237243840464690e+01
  ],
  ""type"": ""Point""
}","{
  ""coordinates"": [
    -83.23627576,
    42.372438405
  ],
  ""type"": ""Point""
}",-83.23627576,42.372438405
14056,1557521,JEFFERSON,RANDOLPH,2018-12-05,5,12,2018,8,4,8,4,,1,0,Asphalt,1,2,1,30,5,2,2,5,0,0,0,0,true,false,false,false,false,false,false,false,false,false,false,false,false,false,false,false,false,false,false,false,false,false,-83.04181,42.32967,"{
  ""coordinates"": [
    -8.304181198270371e+01,
    4.232967015386980e+01
  ],
  ""type"": ""Point""
}","{
  ""coordinates"": [
    -83.041811983,
    42.329670154
  ],
  ""type"": ""Point""
}",-83.0418119829999,42.329670154
14057,1562925,JAMES COUZENS,8 MILE SERVICE DRIVE,2018-12-05,5,12,2018,18,4,9,3,,1,0,Asphalt,98,98,98,35,4,2,2,5,0,0,0,0,true,false,false,false,true,false,false,false,false,false,false,false,false,true,false,false,false,false,false,false,false,false,-83.2025,42.44456,"{
  ""coordinates"": [
    -8.320250299917980e+01,
    4.244456556396000e+01
  ],
  ""type"": ""Point""
}","{
  ""coordinates"": [
    -83.202502999,
    42.444565564
  ],
  ""type"": ""Point""
}",-83.202502999,42.4445655640001
14058,1558799,DAVISON,LASALLE,2018-12-05,5,12,2018,17,4,5,3,,1,0,Asphalt,2,8,4,35,6,2,2,5,0,0,0,0,true,false,false,false,false,false,false,false,false,false,false,false,false,false,false,false,false,false,false,false,false,false,-83.11913,42.39409,"{
  ""coordinates"": [
    -8.311913340282840e+01,
    4.239409393793430e+01
  ],
  ""type"": ""Point""
}","{
  ""coordinates"": [
    -83.119133403,
    42.394093938
  ],
  ""type"": ""Point""
}",-83.119133403,42.394093938
14059,1557550,7 MILE,TRINITY,2018-12-05,5,12,2018,9,4,5,9,,2,0,Asphalt,1,1,1,35,4,2,2,5,0,0,0,0,true,false,false,false,false,false,false,false,false,false,false,false,false,false,false,false,false,false,false,false,false,false,-83.24995,42.42931,"{
  ""coordinates"": [
    -8.324994803303009e+01,
    4.242930658251880e+01
  ],
  ""type"": ""Point""
}","{
  ""coordinates"": [
    -83.249948033,
    42.429306583
  ],
  ""type"": ""Point""
}",-83.249948033,42.429306583
14060,1556140,I 75,ROSA PARKS,2018-12-05,5,12,2018,4,4,97,1,,1,0,Concrete,1,1,4,25,6,2,3,5,0,0,0,0,true,false,false,false,false,false,false,false,false,false,false,false,false,true,false,false,true,false,false,false,false,false,-83.07311,42.33326,"{
  ""coordinates"": [
    -8.307311332184750e+01,
    4.233325823366870e+01
  ],
  ""type"": ""Point""
}","{
  ""coordinates"": [
    -83.073113322,
    42.333258234
  ],
  ""type"": ""Point""
}",-83.073113322,42.333258234
14061,1557506,PURITAN,APPOLINE,2018-12-05,5,12,2018,14,4,5,9,,4,0,Asphalt,1,2,1,35,2,2,1,5,0,0,0,0,true,false,false,false,true,false,false,false,false,false,false,false,false,false,false,false,false,false,false,false,false,false,-83.1709,42.40952,"{
  ""coordinates"": [
    -8.317089626634611e+01,
    4.240951502873650e+01
  ],
  ""type"": ""Point""
}","{
  ""coordinates"": [
    -83.170896266,
    42.409515029
  ],
  ""type"": ""Point""
}",-83.1708962659999,42.409515029
14062,1557494,E/B I 94,SCOTTEN,2018-12-05,5,12,2018,8,4,5,1,,1,0,Asphalt,1,1,1,55,3,2,2,5,0,0,0,0,true,false,false,false,false,false,false,false,false,false,false,false,false,false,false,false,false,false,false,false,false,false,-83.11312,42.34458,"{
  ""coordinates"": [
    -8.311311994480940e+01,
    4.234458012968390e+01
  ],
  ""type"": ""Point""
}","{
  ""coordinates"": [
    -83.113119945,
    42.34458013
  ],
  ""type"": ""Point""
}",-83.1131199449999,42.3445801300001
14063,1577955,N M 10,LINWOOD,2018-12-05,5,12,2018,7,4,5,3,,1,0,Concrete,1,1,1,55,3,2,1,5,0,0,0,0,true,false,false,false,true,false,false,false,false,false,false,false,false,false,false,false,false,false,false,false,false,false,-83.12715,42.40522,"{
  ""coordinates"": [
    -8.312714991462930e+01,
    4.240522042440890e+01
  ],
  ""type"": ""Point""
}","{
  ""coordinates"": [
    -83.127149915,
    42.405220424
  ],
  ""type"": ""Point""
}",-83.127149915,42.405220424
14064,1579174,I-94,WOODWARD,2018-12-05,5,12,2018,17,4,5,1,,1,0,Asphalt,1,2,1,55,3,2,2,5,0,0,0,0,true,false,false,false,false,false,false,false,false,false,false,false,false,false,false,false,false,false,false,false,false,false,-83.0704,42.36276,"{
  ""coordinates"": [
    -8.307040738139639e+01,
    4.236276330657200e+01
  ],
  ""type"": ""Point""
}","{
  ""coordinates"": [
    -83.070407381,
    42.362763307
  ],
  ""type"": ""Point""
}",-83.0704073809999,42.3627633070001
14065,1580161,S M 10,E I 94,2018-12-05,5,12,2018,18,4,5,3,,1,0,Concrete,1,1,4,55,4,2,2,5,0,0,0,0,true,false,false,false,false,false,false,false,false,false,true,false,false,false,false,false,false,false,false,false,false,false,-83.07659,42.35889,"{
  ""coordinates"": [
    -8.307659171492560e+01,
    4.235888919564370e+01
  ],
  ""type"": ""Point""
}","{
  ""coordinates"": [
    -83.076591715,
    42.358889196
  ],
  ""type"": ""Point""
}",-83.0765917149999,42.3588891960001
14066,1571514,E I 96,SCHOOLCRAFT,2018-12-05,5,12,2018,19,4,97,1,,1,0,Concrete,1,2,4,55,3,1,1,5,0,0,0,0,true,false,false,false,false,false,false,false,false,false,false,false,false,false,false,false,false,false,false,false,false,false,-83.24171,42.38432,"{
  ""coordinates"": [
    -8.324170945402039e+01,
    4.238431801678320e+01
  ],
  ""type"": ""Point""
}","{
  ""coordinates"": [
    -83.241709454,
    42.384318017
  ],
  ""type"": ""Point""
}",-83.241709454,42.3843180170001
14067,1557524,MARTIN LUTHER KING JR,S M 10 SERVICE DRIVE,2018-12-05,5,12,2018,22,4,4,9,,4,0,Asphalt,1,1,4,35,3,2,3,4,0,0,0,1,false,false,false,false,false,false,false,false,false,false,false,false,false,false,false,false,false,false,false,false,false,false,-83.06842,42.34309,"{
  ""coordinates"": [
    -8.306842328923901e+01,
    4.234309432509590e+01
  ],
  ""type"": ""Point""
}","{
  ""coordinates"": [
    -83.068423289,
    42.343094325
  ],
  ""type"": ""Point""
}",-83.068423289,42.343094325
14068,1580234,MARTIN LUTHER KING JR,JOHN C LODGE SERVICE,2018-12-05,5,12,2018,23,4,6,9,,4,0,Asphalt,1,1,5,35,3,2,3,4,0,0,0,3,false,false,false,false,false,false,false,false,false,false,false,false,false,false,false,false,false,false,false,false,false,false,-83.06792,42.34341,"{
  ""coordinates"": [
    -8.306792698579881e+01,
    4.234340905662840e+01
  ],
  ""type"": ""Point""
}","{
  ""coordinates"": [
    -83.067926986,
    42.343409057
  ],
  ""type"": ""Point""
}",-83.067926986,42.343409057
14069,1557539,LONYO,E I 94,2018-12-05,5,12,2018,8,4,97,1,,4,0,Concrete,1,1,1,25,2,2,1,5,0,0,0,0,true,false,true,false,true,false,false,false,false,false,false,false,false,false,false,true,false,false,false,false,false,false,-83.14502,42.33123,"{
  ""coordinates"": [
    -8.314501655967240e+01,
    4.233123115057960e+01
  ],
  ""type"": ""Point""
}","{
  ""coordinates"": [
    -83.14501656,
    42.331231151
  ],
  ""type"": ""Point""
}",-83.14501656,42.3312311510001
14070,1571513,I75,CANFIELD,2018-12-05,5,12,2018,18,4,5,1,,1,0,Concrete,1,2,4,55,5,2,3,5,0,0,0,0,true,false,false,false,true,false,false,false,false,false,false,false,false,false,true,false,false,false,false,false,false,false,-83.05258,42.35784,"{
  ""coordinates"": [
    -8.305257864539109e+01,
    4.235783671102960e+01
  ],
  ""type"": ""Point""
}","{
  ""coordinates"": [
    -83.052578645,
    42.357836711
  ],
  ""type"": ""Point""
}",-83.052578645,42.3578367110001
14071,1577956,I-94,TRUMBULL,2018-12-05,5,12,2018,8,4,5,1,,1,0,Asphalt,1,2,1,55,3,3,3,5,0,0,0,0,true,false,false,false,false,false,false,false,false,false,false,false,false,true,false,false,false,false,false,false,false,false,-83.08268,42.3553,"{
  ""coordinates"": [
    -8.308267961213390e+01,
    4.235530096622490e+01
  ],
  ""type"": ""Point""
}","{
  ""coordinates"": [
    -83.082679612,
    42.355300966
  ],
  ""type"": ""Point""
}",-83.0826796119999,42.3553009660001
14072,1557502,GREENFIELD,FLORENCE,2018-12-05,5,12,2018,17,4,5,9,,2,3,Asphalt,1,1,4,35,4,2,1,5,0,0,0,0,true,false,false,false,false,false,false,false,false,false,false,false,false,false,false,false,false,false,false,false,false,false,-83.1991,42.41062,"{
  ""coordinates"": [
    -8.319909495036390e+01,
    4.241061969777720e+01
  ],
  ""type"": ""Point""
}","{
  ""coordinates"": [
    -83.19909495,
    42.410619698
  ],
  ""type"": ""Point""
}",-83.19909495,42.4106196980001
14073,1557567,JAMES COUZENS,8 MILE,2018-12-05,5,12,2018,15,4,8,3,,1,0,Asphalt,1,1,4,35,3,2,2,5,0,0,0,0,true,false,false,false,true,false,false,false,false,false,false,false,false,false,false,false,false,false,false,false,false,false,-83.20387,42.44461,"{
  ""coordinates"": [
    -8.320387437526720e+01,
    4.244461601047320e+01
  ],
  ""type"": ""Point""
}","{
  ""coordinates"": [
    -83.203874375,
    42.44461601
  ],
  ""type"": ""Point""
}",-83.2038743749999,42.4446160100001
14074,1579173,I-75,8 MILE,2018-12-05,5,12,2018,11,4,1,1,,1,0,Asphalt,1,1,1,70,4,1,1,5,0,0,0,0,true,false,false,false,false,false,false,false,false,false,false,false,false,false,false,false,false,false,false,false,false,false,-83.09467,42.44535,"{
  ""coordinates"": [
    -8.309466525433510e+01,
    4.244535179916990e+01
  ],
  ""type"": ""Point""
}","{
  ""coordinates"": [
    -83.094665254,
    42.445351799
  ],
  ""type"": ""Point""
}",-83.0946652539999,42.445351799
14075,1580162,I-94,14TH,2018-12-05,5,12,2018,19,4,5,1,,1,0,Asphalt,1,1,4,55,3,2,3,5,0,0,0,0,true,false,false,false,false,false,false,false,false,false,true,false,false,false,true,false,false,false,false,false,false,false,-83.08982,42.35303,"{
  ""coordinates"": [
    -8.308982449095831e+01,
    4.235302660524770e+01
  ],
  ""type"": ""Point""
}","{
  ""coordinates"": [
    -83.089824491,
    42.353026605
  ],
  ""type"": ""Point""
}",-83.0898244909999,42.353026605
14076,1557551,WAYBURN,BRITAIN,2018-12-05,5,12,2018,14,4,4,9,,,0,,1,2,1,25,2,2,2,5,0,0,0,0,true,false,false,false,false,false,false,false,false,false,true,false,false,false,false,false,false,false,false,false,false,false,-82.95161,42.42393,"{
  ""coordinates"": [
    -8.295161443255540e+01,
    4.242392784470920e+01
  ],
  ""type"": ""Point""
}","{
  ""coordinates"": [
    -82.951614433,
    42.423927845
  ],
  ""type"": ""Point""
}",-82.951614433,42.423927845
14077,1580160,M-10,MICHIGAN,2018-12-05,5,12,2018,17,4,5,3,,1,0,Asphalt,1,1,4,55,3,4,4,4,0,0,0,4,false,false,false,false,false,false,false,false,false,false,true,false,false,false,false,false,false,false,false,false,false,false,-83.06075,42.33114,"{
  ""coordinates"": [
    -8.306074371492060e+01,
    4.233114431334490e+01
  ],
  ""type"": ""Point""
}","{
  ""coordinates"": [
    -83.060743715,
    42.331144313
  ],
  ""type"": ""Point""
}",-83.0607437149999,42.331144313
14078,1557505,FORT,FRANCIS,2018-12-05,5,12,2018,2,4,1,3,,1,0,Asphalt,1,1,5,35,3,1,1,5,0,0,0,0,true,false,false,false,false,false,false,false,false,false,false,false,false,false,false,false,false,false,false,false,false,false,-83.16317,42.26654,"{
  ""coordinates"": [
    -8.316316983214431e+01,
    4.226654483720030e+01
  ],
  ""type"": ""Point""
}","{
  ""coordinates"": [
    -83.163169832,
    42.266544837
  ],
  ""type"": ""Point""
}",-83.1631698319999,42.266544837
14079,1580163,S/B M-39,PURITAN,2018-12-05,5,12,2018,17,4,5,3,,1,0,Asphalt,1,1,4,55,3,2,2,5,0,0,0,0,true,false,false,false,false,false,false,false,false,false,false,false,false,false,false,false,false,false,false,false,false,false,-83.2187,42.40805,"{
  ""coordinates"": [
    -8.321869397465029e+01,
    4.240805209603580e+01
  ],
  ""type"": ""Point""
}","{
  ""coordinates"": [
    -83.218693975,
    42.408052096
  ],
  ""type"": ""Point""
}",-83.218693975,42.4080520960001
14080,1562878,BURT,GLENDALE,2018-12-05,5,12,2018,14,4,8,9,,4,0,Asphalt,1,2,1,30,4,2,2,5,0,0,0,0,true,false,false,false,false,false,false,false,false,false,false,false,false,false,false,false,false,false,false,false,false,false,-83.24649,42.38181,"{
  ""coordinates"": [
    -8.324648693533500e+01,
    4.238180565734250e+01
  ],
  ""type"": ""Point""
}","{
  ""coordinates"": [
    -83.246486935,
    42.381805657
  ],
  ""type"": ""Point""
}",-83.246486935,42.381805657
14081,1557540,SPRINWELLS,FORT,2018-12-05,5,12,2018,10,4,8,3,,4,0,Asphalt,1,1,1,25,4,2,2,5,0,0,0,0,true,false,false,false,false,false,false,false,false,false,false,false,false,false,false,false,false,false,false,false,false,false,-83.1192,42.30019,"{
  ""coordinates"": [
    -8.311920185047261e+01,
    4.230019353551630e+01
  ],
  ""type"": ""Point""
}","{
  ""coordinates"": [
    -83.11920185,
    42.300193536
  ],
  ""type"": ""Point""
}",-83.11920185,42.3001935360001
14082,1557493,I 94,CECIL,2018-12-05,5,12,2018,6,4,1,1,,1,1,Asphalt,1,1,4,55,3,1,1,4,0,0,0,1,false,false,false,false,false,false,false,false,false,true,false,false,false,false,false,false,false,false,false,false,false,false,-83.13357,42.33387,"{
  ""coordinates"": [
    -8.313356621683270e+01,
    4.233386950063230e+01
  ],
  ""type"": ""Point""
}","{
  ""coordinates"": [
    -83.133566217,
    42.333869501
  ],
  ""type"": ""Point""
}",-83.133566217,42.333869501
14083,1557566,MUIRLAND,CURTIS,2018-12-05,5,12,2018,16,4,10,9,,,0,,1,2,1,25,2,2,0,5,0,0,0,0,true,false,false,false,false,false,false,false,false,false,false,true,false,false,false,false,false,false,false,false,false,false,-83.13441,42.42422,"{
  ""coordinates"": [
    -8.313441051037751e+01,
    4.242422313316100e+01
  ],
  ""type"": ""Point""
}","{
  ""coordinates"": [
    -83.13441051,
    42.424223133
  ],
  ""type"": ""Point""
}",-83.13441051,42.4242231330001
14084,1567074,S I 375 SERVICE DRIVE,LARNED,2018-12-05,5,12,2018,8,4,7,9,,4,0,Asphalt,1,1,1,,3,2,2,5,0,0,0,0,true,false,false,false,false,false,false,false,false,false,false,false,false,false,false,false,false,false,false,false,false,false,-83.03682,42.33326,"{
  ""coordinates"": [
    -8.303682266900410e+01,
    4.233326183412790e+01
  ],
  ""type"": ""Point""
}","{
  ""coordinates"": [
    -83.036822669,
    42.333261834
  ],
  ""type"": ""Point""
}",-83.0368226689999,42.333261834
14085,1556183,GABLE,LANTZ,2018-12-05,5,12,2018,6,4,4,9,,,0,,1,1,5,25,2,2,2,5,0,0,0,0,true,false,false,false,false,false,false,false,false,true,false,false,false,false,false,false,false,false,false,false,false,false,-83.04287,42.43833,"{
  ""coordinates"": [
    -8.304287022076720e+01,
    4.243833174035870e+01
  ],
  ""type"": ""Point""
}","{
  ""coordinates"": [
    -83.042870221,
    42.43833174
  ],
  ""type"": ""Point""
}",-83.042870221,42.4383317400001
14086,1565943,CONANT,OUTER,2018-12-05,5,12,2018,9,4,97,9,,4,0,Asphalt,1,1,1,35,2,3,2,5,0,0,0,0,true,false,false,false,false,false,false,false,false,false,false,false,false,false,false,false,false,false,false,false,false,false,-83.07894,42.44025,"{
  ""coordinates"": [
    -8.307894057905381e+01,
    4.244024627519190e+01
  ],
  ""type"": ""Point""
}","{
  ""coordinates"": [
    -83.078940579,
    42.440246275
  ],
  ""type"": ""Point""
}",-83.0789405789999,42.440246275
14087,1557542,THEODORE,MOUNT ELLIOTT,2018-12-05,5,12,2018,13,4,10,9,,,0,,1,1,1,25,2,2,2,5,0,0,0,0,true,false,false,false,false,false,false,false,false,false,true,true,false,false,false,true,false,false,false,false,false,false,-83.02786,42.37129,"{
  ""coordinates"": [
    -8.302786211732150e+01,
    4.237128881243590e+01
  ],
  ""type"": ""Point""
}","{
  ""coordinates"": [
    -83.027862117,
    42.371288812
  ],
  ""type"": ""Point""
}",-83.027862117,42.371288812
14088,1557500,M 39,JOY,2018-12-05,5,12,2018,18,4,5,3,,1,0,Asphalt,1,1,5,55,3,4,1,5,0,0,0,0,true,false,false,false,false,false,false,false,false,true,false,false,false,false,false,false,false,false,false,false,false,false,-83.21636,42.36334,"{
  ""coordinates"": [
    -8.321635909387901e+01,
    4.236334227677370e+01
  ],
  ""type"": ""Point""
}","{
  ""coordinates"": [
    -83.216359094,
    42.363342277
  ],
  ""type"": ""Point""
}",-83.216359094,42.3633422770001
14089,1557548,SEVEN MILE,MCINTYRE,2018-12-05,5,12,2018,8,4,5,9,,2,0,Asphalt,1,1,1,35,4,2,4,4,0,0,0,3,false,false,false,false,false,false,false,false,false,false,false,false,false,true,false,false,false,false,false,false,false,false,-83.26305,42.42914,"{
  ""coordinates"": [
    -8.326305089850931e+01,
    4.242913893658130e+01
  ],
  ""type"": ""Point""
}","{
  ""coordinates"": [
    -83.263050899,
    42.429138937
  ],
  ""type"": ""Point""
}",-83.2630508989999,42.4291389370001
14090,1557547,MCNICHOLS,FIELDING,2018-12-05,5,12,2018,8,4,8,9,,2,0,Asphalt,1,1,1,35,3,2,3,5,0,0,0,0,true,false,false,false,true,false,false,false,false,false,false,false,false,false,false,false,false,false,false,false,false,false,-83.24339,42.41504,"{
  ""coordinates"": [
    -8.324339057307709e+01,
    4.241503557357930e+01
  ],
  ""type"": ""Point""
}","{
  ""coordinates"": [
    -83.243390573,
    42.415035574
  ],
  ""type"": ""Point""
}",-83.2433905729999,42.4150355740001
14091,1557549,MCNICHOLS,EDINBOROUGH,2018-12-05,5,12,2018,9,4,5,9,,2,0,Asphalt,1,1,1,35,4,2,3,4,0,0,0,1,false,false,false,false,false,false,false,false,false,false,false,false,false,false,false,false,false,false,false,false,false,false,-83.23417,42.41525,"{
  ""coordinates"": [
    -8.323416646903701e+01,
    4.241525108322040e+01
  ],
  ""type"": ""Point""
}","{
  ""coordinates"": [
    -83.234166469,
    42.415251083
  ],
  ""type"": ""Point""
}",-83.2341664689999,42.415251083
14092,1558774,8TH,MICHIGAN,2018-12-05,5,12,2018,8,4,10,2,,,0,,1,1,1,25,2,2,0,5,0,0,0,0,true,false,false,false,true,false,false,false,false,false,false,false,false,false,false,false,false,false,false,false,false,false,-83.06554,42.33154,"{
  ""coordinates"": [
    -8.306554198932039e+01,
    4.233154265571380e+01
  ],
  ""type"": ""Point""
}","{
  ""coordinates"": [
    -83.065541989,
    42.331542656
  ],
  ""type"": ""Point""
}",-83.0655419889999,42.3315426560001
14093,1556181,OUTER,REVERE,2018-12-04,4,12,2018,13,3,4,9,,2,0,Asphalt,1,1,1,35,5,2,2,5,0,0,0,0,true,false,false,false,false,false,false,false,false,false,false,false,false,false,true,false,false,false,false,false,false,false,-83.06835,42.44025,"{
  ""coordinates"": [
    -8.306835122277850e+01,
    4.244025290096470e+01
  ],
  ""type"": ""Point""
}","{
  ""coordinates"": [
    -83.068351223,
    42.440252901
  ],
  ""type"": ""Point""
}",-83.068351223,42.4402529010001
14094,1558801,CHICAGO,ROSA PARKS,2018-12-04,4,12,2018,5,3,5,9,,4,0,Asphalt,1,1,4,25,1,2,1,5,0,0,0,0,true,false,false,false,false,false,false,false,false,false,false,false,false,false,true,false,false,false,false,false,false,false,-83.10136,42.38001,"{
  ""coordinates"": [
    -8.310135530584900e+01,
    4.238001134898510e+01
  ],
  ""type"": ""Point""
}","{
  ""coordinates"": [
    -83.101355306,
    42.380011349
  ],
  ""type"": ""Point""
}",-83.101355306,42.380011349
14095,1609492,W I 96,RAMP 037E,2018-12-04,4,12,2018,14,3,4,1,,1,0,Asphalt,1,1,1,35,2,2,1,5,0,0,0,0,true,false,false,false,true,false,false,false,false,false,false,false,false,false,false,false,false,false,false,false,false,false,-83.09013,42.33585,"{
  ""coordinates"": [
    -8.309012353178269e+01,
    4.233584819452660e+01
  ],
  ""type"": ""Point""
}","{
  ""coordinates"": [
    -83.090123532,
    42.335848195
  ],
  ""type"": ""Point""
}",-83.090123532,42.335848195
14096,1556141,LIVERNOIS,PELOUZE,2018-12-04,4,12,2018,16,3,6,9,,4,0,Asphalt,1,1,1,35,5,2,2,4,0,0,0,1,false,false,false,false,false,false,false,false,false,false,false,false,false,false,false,false,false,false,false,false,false,false,-83.12321,42.33507,"{
  ""coordinates"": [
    -8.312321761537490e+01,
    4.233506713123840e+01
  ],
  ""type"": ""Point""
}","{
  ""coordinates"": [
    -83.123217615,
    42.335067131
  ],
  ""type"": ""Point""
}",-83.123217615,42.3350671310001
14097,1556133,FULLERTON,WARD,2018-12-04,4,12,2018,17,3,4,9,,4,0,Asphalt,1,1,3,,2,2,3,5,0,0,0,0,true,false,false,false,false,false,false,false,false,false,false,false,false,false,false,false,false,false,false,false,false,false,-83.17334,42.38039,"{
  ""coordinates"": [
    -8.317333642812990e+01,
    4.238038860455190e+01
  ],
  ""type"": ""Point""
}","{
  ""coordinates"": [
    -83.173336428,
    42.380388605
  ],
  ""type"": ""Point""
}",-83.173336428,42.3803886050001
14098,1558817,NORTHLAWN,THATCHER,2018-12-04,4,12,2018,19,3,5,9,,,0,,1,1,4,25,2,2,0,5,0,0,0,0,true,false,false,false,true,false,false,false,false,false,false,false,false,false,false,false,false,false,false,false,false,false,-83.15387,42.42191,"{
  ""coordinates"": [
    -8.315387219475950e+01,
    4.242190631420600e+01
  ],
  ""type"": ""Point""
}","{
  ""coordinates"": [
    -83.153872195,
    42.421906314
  ],
  ""type"": ""Point""
}",-83.153872195,42.4219063140001
14099,1556130,I-75,WATERMAN,2018-12-04,4,12,2018,8,3,5,1,,1,0,Concrete,1,2,1,55,3,9,9,5,0,0,0,0,true,false,false,false,false,false,false,false,true,false,false,false,false,false,false,false,false,false,false,false,false,false,-83.10934,42.30528,"{
  ""coordinates"": [
    -8.310933358236250e+01,
    4.230527982803670e+01
  ],
  ""type"": ""Point""
}","{
  ""coordinates"": [
    -83.109333582,
    42.305279828
  ],
  ""type"": ""Point""
}",-83.109333582,42.305279828