ObjectId,Crash ID,Primary Road,Intersecting Road,Crash Date,Day,Month,Year,Hour,Weekday,Crash Type Code,Highway Classification Code,Community Code,Jurisdiction Code,Lane Departure Type Code,Surface Type,Road Condition,Weather Condition,Lighting Condition,Speed Limit,Lanes,Units,Occupants,Most Severe Injury,Fatal Injuries,Suspected Serious Injuries,Suspected Minor Injuries,Possible Injuries,Property Damage Only,Secondary Crash,Traffic Control,Red Light Run,Hit and Run,Alcohol,Drugs,Unbelted Person,Work Zone,Speeding Driver,Distracted Driver,Driveway,Pedestrian,Elderly Driver,Young Driver,Commercial Vehicle,Emergency Vehicles,Train,School Bus,Motorcycle,Bicycle,Deer,Longitude,Latitude,geom,geog,x,y
14100,1557513,GRAND,2ND,2018-12-04,4,12,2018,17,3,7,9,,4,0,Asphalt,1,1,4,30,2,2,2,5,0,0,0,0,true,false,false,false,false,false,false,false,false,false,false,false,false,true,false,false,false,false,false,false,false,false,-83.07677,42.3688,"{
  ""coordinates"": [
    -8.307677479505389e+01,
    4.236880037260270e+01
  ],
  ""type"": ""Point""
}","{
  ""coordinates"": [
    -83.076774795,
    42.368800373
  ],
  ""type"": ""Point""
}",-83.0767747949999,42.3688003730001
14101,1569133,I-94,I-75,2018-12-04,4,12,2018,15,3,5,1,,1,0,Concrete,1,1,1,55,3,3,2,5,0,0,0,0,true,false,false,false,true,false,false,false,false,false,false,false,false,false,false,false,false,false,false,false,false,false,-83.05842,42.36819,"{
  ""coordinates"": [
    -8.305841716943760e+01,
    4.236819110463210e+01
  ],
  ""type"": ""Point""
}","{
  ""coordinates"": [
    -83.058417169,
    42.368191105
  ],
  ""type"": ""Point""
}",-83.0584171689999,42.3681911050001
14102,1584400,DEXTER,HUGHES,2018-12-04,4,12,2018,20,3,1,9,,,0,,3,4,4,30,2,1,1,2,0,1,0,0,false,false,false,false,false,false,false,false,false,false,false,false,false,false,false,false,false,false,false,false,false,false,-83.13641,42.40538,"{
  ""coordinates"": [
    -8.313640334057381e+01,
    4.240537936254480e+01
  ],
  ""type"": ""Point""
}","{
  ""coordinates"": [
    -83.136403341,
    42.405379363
  ],
  ""type"": ""Point""
}",-83.1364033409999,42.4053793630001
14103,1562877,BURT,JOY,2018-12-04,4,12,2018,19,3,97,9,,,0,,1,1,4,25,2,2,1,5,0,0,0,0,true,false,false,false,true,false,false,false,false,false,false,false,false,false,false,false,false,false,false,false,false,false,-83.24558,42.3578,"{
  ""coordinates"": [
    -8.324558628623510e+01,
    4.235779880485200e+01
  ],
  ""type"": ""Point""
}","{
  ""coordinates"": [
    -83.245586286,
    42.357798805
  ],
  ""type"": ""Point""
}",-83.2455862859999,42.3577988050001
14104,1556176,GRATIOT,M 3/E I 94 RAMP,2018-12-04,4,12,2018,16,3,10,3,,1,0,Concrete,1,1,1,35,6,2,4,5,0,0,0,0,true,false,false,false,true,false,false,false,false,false,false,false,false,false,false,false,false,false,false,false,false,false,-83.00659,42.39107,"{
  ""coordinates"": [
    -8.300659421942790e+01,
    4.239106729765150e+01
  ],
  ""type"": ""Point""
}","{
  ""coordinates"": [
    -83.006594219,
    42.391067298
  ],
  ""type"": ""Point""
}",-83.006594219,42.3910672980001
14105,1557503,LYNDON,TERRY,2018-12-04,4,12,2018,19,3,5,9,,4,0,Asphalt,1,1,5,25,2,2,3,5,0,0,0,0,true,false,false,false,false,false,false,false,false,false,false,false,false,true,false,false,false,false,false,false,false,false,-83.19178,42.39445,"{
  ""coordinates"": [
    -8.319177838223230e+01,
    4.239445148828880e+01
  ],
  ""type"": ""Point""
}","{
  ""coordinates"": [
    -83.191778382,
    42.394451488
  ],
  ""type"": ""Point""
}",-83.1917783819999,42.3944514880001
14106,1554932,JOY,FIELDING,2018-12-04,4,12,2018,0,3,98,9,,2,0,Asphalt,1,1,4,25,4,2,1,3,0,0,1,0,false,false,false,false,true,false,false,false,false,false,false,false,true,false,false,false,false,false,false,false,false,false,-83.24086,42.35748,"{
  ""coordinates"": [
    -8.324085696841949e+01,
    4.235747651760520e+01
  ],
  ""type"": ""Point""
}","{
  ""coordinates"": [
    -83.240856968,
    42.357476518
  ],
  ""type"": ""Point""
}",-83.2408569679999,42.3574765180001
14107,1594505,JEFFERSON,FIELD,2018-12-04,4,12,2018,8,3,8,9,,4,0,Asphalt,1,1,1,30,6,2,2,5,0,0,0,0,true,true,false,false,false,false,false,false,false,false,false,false,false,false,false,false,false,false,false,false,false,false,-83.00038,42.34789,"{
  ""coordinates"": [
    -8.300037978808280e+01,
    4.234789071897940e+01
  ],
  ""type"": ""Point""
}","{
  ""coordinates"": [
    -83.000379788,
    42.347890719
  ],
  ""type"": ""Point""
}",-83.000379788,42.3478907190001
14108,1556149,RAMP 008K,I 96 CD,2018-12-04,4,12,2018,17,3,5,1,,1,0,Concrete,1,1,1,55,3,2,1,5,0,0,0,0,true,false,false,false,true,false,false,false,false,false,false,false,false,false,false,false,false,false,false,false,false,false,-83.22344,42.37792,"{
  ""coordinates"": [
    -8.322344029098090e+01,
    4.237792238777430e+01
  ],
  ""type"": ""Point""
}","{
  ""coordinates"": [
    -83.223440291,
    42.377922388
  ],
  ""type"": ""Point""
}",-83.223440291,42.3779223880001
14109,1587271,CONGRESS,WASHINGTON,2018-12-04,4,12,2018,7,3,97,9,,4,0,Asphalt,1,2,1,25,6,2,1,5,0,0,0,0,true,false,false,false,false,false,false,false,false,false,false,false,true,false,false,true,false,false,false,false,false,false,-83.0492,42.32874,"{
  ""coordinates"": [
    -8.304920502382150e+01,
    4.232874202150380e+01
  ],
  ""type"": ""Point""
}","{
  ""coordinates"": [
    -83.049205024,
    42.328742022
  ],
  ""type"": ""Point""
}",-83.0492050239999,42.328742022
14110,1575970,S M 39,SCHOOLCRAFT,2018-12-04,4,12,2018,16,3,5,3,,1,0,Asphalt,1,1,1,35,3,3,3,5,0,0,0,0,true,false,false,false,false,false,false,false,false,false,false,false,false,true,false,false,false,false,false,false,false,false,-83.21773,42.38658,"{
  ""coordinates"": [
    -8.321772952103829e+01,
    4.238658326392730e+01
  ],
  ""type"": ""Point""
}","{
  ""coordinates"": [
    -83.217729521,
    42.386583264
  ],
  ""type"": ""Point""
}",-83.217729521,42.3865832640001
14111,1558805,WOODWARD,WEBB,2018-12-04,4,12,2018,11,3,97,3,,1,0,Asphalt,1,1,1,30,6,2,1,5,0,0,0,0,true,false,false,false,false,false,false,false,false,false,false,false,false,false,true,false,false,false,false,false,false,false,-83.08835,42.39263,"{
  ""coordinates"": [
    -8.308834598281901e+01,
    4.239263011275570e+01
  ],
  ""type"": ""Point""
}","{
  ""coordinates"": [
    -83.088345983,
    42.392630113
  ],
  ""type"": ""Point""
}",-83.088345983,42.3926301130001
14112,1557538,JEFFERSON,BRENNAN,2018-12-04,4,12,2018,23,3,97,9,,2,1,Asphalt,3,1,4,30,2,1,1,5,0,0,0,0,true,false,false,false,false,false,false,false,false,false,false,false,false,false,false,false,false,false,false,false,false,false,-83.12812,42.28147,"{
  ""coordinates"": [
    -8.312811870017219e+01,
    4.228147208612460e+01
  ],
  ""type"": ""Point""
}","{
  ""coordinates"": [
    -83.1281187,
    42.281472086
  ],
  ""type"": ""Point""
}",-83.1281187,42.2814720860001
14113,1560483,RAMP 211A,E I 94,2018-12-04,4,12,2018,13,3,8,1,,1,0,Asphalt,1,1,1,55,1,2,2,5,0,0,0,0,true,false,false,false,false,false,false,false,false,false,false,false,false,false,false,true,false,false,false,false,false,false,-83.15225,42.32971,"{
  ""coordinates"": [
    -8.315225579653629e+01,
    4.232970716466290e+01
  ],
  ""type"": ""Point""
}","{
  ""coordinates"": [
    -83.152255797,
    42.329707165
  ],
  ""type"": ""Point""
}",-83.152255797,42.3297071650001
14114,1556158,JEFFERSON,SAINT AUBIN,2018-12-04,4,12,2018,17,3,8,9,,4,3,Asphalt,1,1,4,30,5,2,1,5,0,0,0,0,true,false,false,false,false,false,false,false,false,false,true,false,false,false,true,false,false,false,false,false,false,false,-83.02791,42.33597,"{
  ""coordinates"": [
    -8.302791003580670e+01,
    4.233597295622920e+01
  ],
  ""type"": ""Point""
}","{
  ""coordinates"": [
    -83.027910036,
    42.335972956
  ],
  ""type"": ""Point""
}",-83.027910036,42.335972956
14115,1556135,CHICAGO,MARLOWE,2018-12-04,4,12,2018,18,3,4,9,,4,0,Asphalt,1,1,4,30,2,2,2,5,0,0,0,0,true,false,false,false,false,false,false,false,false,false,false,false,false,true,false,false,false,false,false,false,false,false,-83.18785,42.36557,"{
  ""coordinates"": [
    -8.318785142324640e+01,
    4.236557471979580e+01
  ],
  ""type"": ""Point""
}","{
  ""coordinates"": [
    -83.187851423,
    42.36557472
  ],
  ""type"": ""Point""
}",-83.187851423,42.36557472
14116,1556137,HORTON,JOHN R,2018-12-04,4,12,2018,18,3,98,9,,,0,,1,1,4,25,2,2,0,5,0,0,0,0,true,false,false,false,true,false,false,false,false,false,false,false,false,false,false,false,false,false,false,false,false,false,-83.07298,42.37139,"{
  ""coordinates"": [
    -8.307297333862110e+01,
    4.237139277863570e+01
  ],
  ""type"": ""Point""
}","{
  ""coordinates"": [
    -83.072973339,
    42.371392779
  ],
  ""type"": ""Point""
}",-83.072973339,42.3713927790001
14117,1556169,HOUSTON WHITTIER,KELLY,2018-12-04,4,12,2018,20,3,5,9,,4,0,Asphalt,1,1,4,35,2,2,1,5,0,0,0,0,true,false,false,false,true,false,false,false,false,false,false,false,false,false,false,false,false,false,false,false,false,false,-82.96361,42.4208,"{
  ""coordinates"": [
    -8.296360597051930e+01,
    4.242079978755980e+01
  ],
  ""type"": ""Point""
}","{
  ""coordinates"": [
    -82.963605971,
    42.420799788
  ],
  ""type"": ""Point""
}",-82.9636059709999,42.4207997880001
14118,1556148,SOUTHFIELD SERVICE DRIVE,SCHOOLCRAFT,2018-12-04,4,12,2018,17,3,5,9,,4,0,Asphalt,1,1,4,30,2,2,2,5,0,0,0,0,true,false,false,false,false,false,false,false,false,false,false,false,false,true,false,false,false,false,false,false,false,false,-83.21806,42.38672,"{
  ""coordinates"": [
    -8.321805736278770e+01,
    4.238671755756950e+01
  ],
  ""type"": ""Point""
}","{
  ""coordinates"": [
    -83.218057363,
    42.386717558
  ],
  ""type"": ""Point""
}",-83.218057363,42.386717558
14119,1557492,S M 39,7 MILE,2018-12-04,4,12,2018,17,3,5,3,,1,0,Concrete,1,1,5,55,3,3,2,5,0,0,0,0,true,false,false,false,true,false,false,false,false,false,false,false,false,false,false,false,false,false,false,false,false,false,-83.21941,42.42999,"{
  ""coordinates"": [
    -8.321941435997920e+01,
    4.242998407571520e+01
  ],
  ""type"": ""Point""
}","{
  ""coordinates"": [
    -83.21941436,
    42.429984076
  ],
  ""type"": ""Point""
}",-83.21941436,42.429984076
14120,1577954,M-39,WARREN,2018-12-04,4,12,2018,15,3,5,3,,1,0,Asphalt,1,2,1,55,3,3,4,4,0,0,0,2,false,false,false,false,false,false,false,false,false,false,false,false,false,false,false,false,false,false,false,false,false,false,-83.21609,42.34483,"{
  ""coordinates"": [
    -8.321609708045690e+01,
    4.234482545806770e+01
  ],
  ""type"": ""Point""
}","{
  ""coordinates"": [
    -83.21609708,
    42.344825458
  ],
  ""type"": ""Point""
}",-83.2160970799999,42.3448254580001
14121,1556134,SCHAEFER,E I 96 CD,2018-12-04,4,12,2018,17,3,5,1,,4,0,Concrete,1,1,4,30,2,3,2,4,0,0,0,1,false,false,false,false,true,false,false,false,false,false,false,false,false,false,false,false,false,false,false,false,false,false,-83.17836,42.38305,"{
  ""coordinates"": [
    -8.317835647087860e+01,
    4.238304783147680e+01
  ],
  ""type"": ""Point""
}","{
  ""coordinates"": [
    -83.178356471,
    42.383047831
  ],
  ""type"": ""Point""
}",-83.178356471,42.3830478310001
14122,1560489,M 10,BELDEN,2018-12-04,4,12,2018,17,3,5,3,,1,0,Concrete,1,1,4,55,3,2,2,5,0,0,0,0,true,false,false,false,true,false,false,false,false,false,false,false,false,false,false,false,false,false,false,false,false,false,-83.1339,42.40505,"{
  ""coordinates"": [
    -8.313389241596940e+01,
    4.240505314631940e+01
  ],
  ""type"": ""Point""
}","{
  ""coordinates"": [
    -83.133892416,
    42.405053146
  ],
  ""type"": ""Point""
}",-83.133892416,42.4050531460001
14123,1557530,SCHAEFER,S I 75,2018-12-04,4,12,2018,6,3,8,7,,1,0,Asphalt,1,1,3,45,4,2,4,5,0,0,0,0,true,false,false,false,false,false,false,false,false,false,false,false,false,false,false,false,false,false,false,false,false,false,-83.15653,42.27735,"{
  ""coordinates"": [
    -8.315653409088820e+01,
    4.227734736889370e+01
  ],
  ""type"": ""Point""
}","{
  ""coordinates"": [
    -83.156534091,
    42.277347369
  ],
  ""type"": ""Point""
}",-83.156534091,42.277347369
14124,1556151,LAFAYETTE,CONCORD,2018-12-04,4,12,2018,8,3,5,9,,4,0,Asphalt,1,1,1,30,2,2,2,5,0,0,0,0,true,false,false,false,false,false,false,false,false,false,false,false,false,false,false,false,false,false,false,false,false,false,-83.00702,42.34911,"{
  ""coordinates"": [
    -8.300702150718131e+01,
    4.234911468738830e+01
  ],
  ""type"": ""Point""
}","{
  ""coordinates"": [
    -83.007021507,
    42.349114687
  ],
  ""type"": ""Point""
}",-83.007021507,42.3491146870001
14125,1556129,N I 75,RAMP 216D,2018-12-04,4,12,2018,7,3,1,1,,1,1,Asphalt,1,2,1,70,4,1,1,5,0,0,0,0,true,false,false,false,false,false,false,false,false,true,false,false,false,false,false,false,false,false,false,false,false,false,-83.0579,42.36845,"{
  ""coordinates"": [
    -8.305789570283960e+01,
    4.236844774141880e+01
  ],
  ""type"": ""Point""
}","{
  ""coordinates"": [
    -83.057895703,
    42.368447741
  ],
  ""type"": ""Point""
}",-83.057895703,42.3684477410001
14126,1560487,I 94,LINWOOD,2018-12-04,4,12,2018,16,3,8,1,,1,0,Asphalt,1,1,3,55,3,3,3,5,0,0,0,0,true,false,false,false,false,false,false,false,false,false,false,false,false,false,false,true,false,false,false,false,false,false,-83.09341,42.35188,"{
  ""coordinates"": [
    -8.309341582668161e+01,
    4.235188437985630e+01
  ],
  ""type"": ""Point""
}","{
  ""coordinates"": [
    -83.093415827,
    42.35188438
  ],
  ""type"": ""Point""
}",-83.0934158269999,42.3518843800001
14127,1560543,CONNER,WARREN,2018-12-04,4,12,2018,3,3,5,9,,4,0,Asphalt,98,98,98,35,5,2,2,5,0,0,0,0,true,false,false,false,false,false,false,false,true,false,false,false,false,false,false,false,false,false,false,false,false,false,-82.97556,42.38912,"{
  ""coordinates"": [
    -8.297556022623290e+01,
    4.238911884560450e+01
  ],
  ""type"": ""Point""
}","{
  ""coordinates"": [
    -82.975560226,
    42.389118846
  ],
  ""type"": ""Point""
}",-82.975560226,42.389118846
14128,1561672,M-10,TULLER,2018-12-04,4,12,2018,23,3,5,9,,4,0,Concrete,1,1,4,55,3,3,2,4,0,0,0,1,false,false,false,false,true,false,false,false,false,false,false,false,false,false,false,false,false,false,false,false,false,false,-83.14713,42.40511,"{
  ""coordinates"": [
    -8.314713063172729e+01,
    4.240511198810740e+01
  ],
  ""type"": ""Point""
}","{
  ""coordinates"": [
    -83.147130632,
    42.405111988
  ],
  ""type"": ""Point""
}",-83.147130632,42.405111988
14129,1564802,I-75,M-8,2018-12-04,4,12,2018,17,3,8,1,,1,0,Asphalt,1,1,3,70,4,2,2,5,0,0,0,0,true,false,false,false,false,false,false,false,false,false,false,false,false,false,false,false,false,false,false,false,false,false,-83.08009,42.40928,"{
  ""coordinates"": [
    -8.308009400474140e+01,
    4.240927521000660e+01
  ],
  ""type"": ""Point""
}","{
  ""coordinates"": [
    -83.080094005,
    42.40927521
  ],
  ""type"": ""Point""
}",-83.080094005,42.40927521
14130,1556178,VAN DYKE,8 MILE,2018-12-04,4,12,2018,16,3,5,3,,1,0,Asphalt,1,1,1,40,3,2,1,5,0,0,0,0,true,false,false,false,true,false,false,false,false,false,false,false,false,false,false,false,false,false,false,false,false,false,-83.02474,42.44803,"{
  ""coordinates"": [
    -8.302474061080230e+01,
    4.244803018612210e+01
  ],
  ""type"": ""Point""
}","{
  ""coordinates"": [
    -83.024740611,
    42.448030186
  ],
  ""type"": ""Point""
}",-83.024740611,42.448030186
14131,1556177,8 MILE,SHERWOOD,2018-12-04,4,12,2018,15,3,5,3,,1,0,Asphalt,1,1,1,35,5,2,2,5,0,0,0,0,true,false,false,false,false,false,false,false,false,false,false,false,false,false,true,false,false,false,false,false,false,false,-83.0368,42.44793,"{
  ""coordinates"": [
    -8.303679480540320e+01,
    4.244792838039170e+01
  ],
  ""type"": ""Point""
}","{
  ""coordinates"": [
    -83.036794805,
    42.44792838
  ],
  ""type"": ""Point""
}",-83.0367948049999,42.4479283800001
14132,1557504,SCHAEFER,GRAND RIVER,2018-12-04,4,12,2018,23,3,4,3,,4,0,Asphalt,1,1,4,35,4,2,2,5,0,0,0,0,true,false,true,true,false,false,false,true,false,false,true,false,false,false,false,false,false,false,false,false,false,false,-83.17842,42.38489,"{
  ""coordinates"": [
    -8.317842236434861e+01,
    4.238488772101860e+01
  ],
  ""type"": ""Point""
}","{
  ""coordinates"": [
    -83.178422364,
    42.384887721
  ],
  ""type"": ""Point""
}",-83.178422364,42.384887721
14133,1556160,JEFFERSON,CHENE,2018-12-04,4,12,2018,15,3,3,9,,4,0,Asphalt,1,1,1,30,4,2,4,4,0,0,0,1,false,false,false,false,false,false,false,false,false,false,false,false,false,false,false,false,false,false,false,false,false,false,-83.02256,42.33828,"{
  ""coordinates"": [
    -8.302255801897870e+01,
    4.233828331117660e+01
  ],
  ""type"": ""Point""
}","{
  ""coordinates"": [
    -83.022558019,
    42.338283311
  ],
  ""type"": ""Point""
}",-83.022558019,42.3382833110001
14134,1564800,S I 75,MILWAUKEE,2018-12-04,4,12,2018,13,3,8,1,,1,0,Asphalt,1,1,1,70,3,2,2,5,0,0,0,0,true,false,false,false,false,false,false,false,false,false,false,false,false,false,false,false,false,false,false,false,false,false,-83.05968,42.37275,"{
  ""coordinates"": [
    -8.305968431137229e+01,
    4.237274598348130e+01
  ],
  ""type"": ""Point""
}","{
  ""coordinates"": [
    -83.059684311,
    42.372745983
  ],
  ""type"": ""Point""
}",-83.059684311,42.3727459830001
14135,1560482,RAMP 037B,RAMP 037C,2018-12-04,4,12,2018,9,3,5,1,,1,0,Asphalt,1,1,1,55,2,2,2,5,0,0,0,0,true,false,false,false,false,false,false,false,false,false,false,false,false,false,false,false,false,false,false,false,false,false,-83.0862,42.33226,"{
  ""coordinates"": [
    -8.308620556682300e+01,
    4.233225522148750e+01
  ],
  ""type"": ""Point""
}","{
  ""coordinates"": [
    -83.086205567,
    42.332255221
  ],
  ""type"": ""Point""
}",-83.086205567,42.332255221
14136,1556157,GRATIOT,MOUNT ELLIOTT,2018-12-04,4,12,2018,15,3,8,3,,1,0,Asphalt,1,1,1,35,7,2,4,5,0,0,0,0,true,false,false,false,false,false,false,false,false,false,false,false,false,true,false,false,false,false,false,false,false,false,-83.0238,42.36509,"{
  ""coordinates"": [
    -8.302379567980800e+01,
    4.236508858848570e+01
  ],
  ""type"": ""Point""
}","{
  ""coordinates"": [
    -83.02379568,
    42.365088588
  ],
  ""type"": ""Point""
}",-83.02379568,42.365088588
14137,1563717,WARREN,WARWICK,2018-12-04,4,12,2018,17,3,8,9,,2,0,Asphalt,1,1,1,,4,2,0,5,0,0,0,0,true,false,false,false,true,false,false,false,false,false,true,false,false,false,false,false,false,false,false,false,false,false,-83.2268,42.34326,"{
  ""coordinates"": [
    -8.322679843197220e+01,
    4.234326087995350e+01
  ],
  ""type"": ""Point""
}","{
  ""coordinates"": [
    -83.226798432,
    42.34326088
  ],
  ""type"": ""Point""
}",-83.226798432,42.3432608800001
14138,1558782,WARREN,BERKSHIRE,2018-12-04,4,12,2018,18,3,5,9,,4,0,Asphalt,1,1,5,30,3,2,3,4,0,0,0,3,false,false,false,false,false,false,false,false,false,false,false,false,false,false,false,false,false,false,false,false,false,false,-82.94476,42.4006,"{
  ""coordinates"": [
    -8.294476222417001e+01,
    4.240059570834060e+01
  ],
  ""type"": ""Point""
}","{
  ""coordinates"": [
    -82.944762224,
    42.400595708
  ],
  ""type"": ""Point""
}",-82.944762224,42.400595708
14139,1562845,I-96,M-39,2018-12-04,4,12,2018,19,3,8,1,,1,0,Concrete,1,1,4,70,3,2,1,5,0,0,0,0,true,false,false,false,true,false,false,false,false,false,false,false,false,false,false,false,false,false,false,false,false,false,-83.21732,42.3788,"{
  ""coordinates"": [
    -8.321731519244480e+01,
    4.237880137907460e+01
  ],
  ""type"": ""Point""
}","{
  ""coordinates"": [
    -83.217315192,
    42.378801379
  ],
  ""type"": ""Point""
}",-83.2173151919999,42.378801379
14140,1557537,LIVERNOIS,EDWARD,2018-12-04,4,12,2018,16,3,5,9,,4,0,Concrete,1,1,1,35,5,2,3,5,0,0,0,0,true,false,false,false,false,false,false,false,false,false,false,false,false,false,false,false,false,false,false,false,false,false,-83.13874,42.3672,"{
  ""coordinates"": [
    -8.313874178075190e+01,
    4.236719783528490e+01
  ],
  ""type"": ""Point""
}","{
  ""coordinates"": [
    -83.138741781,
    42.367197835
  ],
  ""type"": ""Point""
}",-83.138741781,42.3671978350001
14141,1558791,BROCK,MANNING,2018-12-04,4,12,2018,1,3,5,9,,,3,,1,1,3,,2,2,0,5,0,0,0,0,true,true,false,false,true,false,false,false,false,false,false,false,false,true,false,false,false,false,false,false,false,false,-82.96325,42.44085,"{
  ""coordinates"": [
    -8.296324696669350e+01,
    4.244084445548340e+01
  ],
  ""type"": ""Point""
}","{
  ""coordinates"": [
    -82.963246967,
    42.440844455
  ],
  ""type"": ""Point""
}",-82.963246967,42.440844455
14142,1569132,DAVISON,JOE CAMPAU,2018-12-04,4,12,2018,14,3,1,3,,1,1,Asphalt,1,1,1,55,3,2,1,3,0,0,1,0,false,false,false,false,false,false,false,false,false,false,false,false,true,false,false,false,false,false,false,false,false,false,-83.06786,42.4135,"{
  ""coordinates"": [
    -8.306785388536041e+01,
    4.241349911361190e+01
  ],
  ""type"": ""Point""
}","{
  ""coordinates"": [
    -83.067853885,
    42.413499114
  ],
  ""type"": ""Point""
}",-83.067853885,42.413499114
14143,1557546,STAHELIN,OUTER,2018-12-04,4,12,2018,17,3,4,9,,,0,,1,1,4,35,2,2,5,4,0,0,0,1,false,false,false,false,false,false,false,false,false,false,false,false,false,false,false,false,false,false,false,false,false,false,-83.22707,42.41912,"{
  ""coordinates"": [
    -8.322706963676011e+01,
    4.241911748232760e+01
  ],
  ""type"": ""Point""
}","{
  ""coordinates"": [
    -83.227069637,
    42.419117482
  ],
  ""type"": ""Point""
}",-83.2270696369999,42.419117482
14144,1556155,CHRYSLER SERVICE,MACK,2018-12-04,4,12,2018,20,3,5,1,,1,0,Concrete,1,1,4,25,3,2,1,4,0,0,0,1,false,false,false,false,true,false,false,false,false,false,false,false,false,false,false,false,false,false,false,false,false,false,-83.04782,42.35122,"{
  ""coordinates"": [
    -8.304782140751350e+01,
    4.235121822616290e+01
  ],
  ""type"": ""Point""
}","{
  ""coordinates"": [
    -83.047821408,
    42.351218226
  ],
  ""type"": ""Point""
}",-83.0478214079999,42.3512182260001
14145,1553973,FORT,OUTER,2018-12-04,4,12,2018,0,3,5,3,,1,0,Asphalt,1,1,4,45,6,2,2,5,0,0,0,0,true,true,true,true,false,false,false,false,false,false,false,false,false,false,false,false,false,false,false,false,false,false,-83.16685,42.26215,"{
  ""coordinates"": [
    -8.316685511457510e+01,
    4.226215466299710e+01
  ],
  ""type"": ""Point""
}","{
  ""coordinates"": [
    -83.166855115,
    42.262154663
  ],
  ""type"": ""Point""
}",-83.166855115,42.262154663
14146,1556182,NEVADA,MAINE,2018-12-04,4,12,2018,5,3,97,9,,4,0,Asphalt,1,1,4,35,2,2,2,5,0,0,0,0,true,false,false,false,false,false,false,false,false,false,false,false,false,true,false,false,false,false,false,false,false,false,-83.07563,42.42575,"{
  ""coordinates"": [
    -8.307563175411271e+01,
    4.242574959475450e+01
  ],
  ""type"": ""Point""
}","{
  ""coordinates"": [
    -83.075631754,
    42.425749595
  ],
  ""type"": ""Point""
}",-83.075631754,42.4257495950001
14147,1560481,I 75,WATERMAN,2018-12-04,4,12,2018,8,3,5,1,,1,0,Concrete,1,1,1,55,3,2,2,5,0,0,0,0,true,false,false,false,false,false,false,false,true,false,false,false,false,true,false,true,false,false,false,false,false,false,-83.10992,42.30505,"{
  ""coordinates"": [
    -8.310991857654420e+01,
    4.230504698012820e+01
  ],
  ""type"": ""Point""
}","{
  ""coordinates"": [
    -83.109918577,
    42.30504698
  ],
  ""type"": ""Point""
}",-83.109918577,42.30504698
14148,1556175,GRATIOT,MARCUS,2018-12-04,4,12,2018,15,3,8,3,,1,0,Asphalt,1,1,1,35,2,2,3,5,0,0,0,0,true,false,false,false,false,false,false,false,true,false,false,false,false,false,false,false,false,false,false,false,false,false,-83.0023,42.39756,"{
  ""coordinates"": [
    -8.300230400075780e+01,
    4.239756221253410e+01
  ],
  ""type"": ""Point""
}","{
  ""coordinates"": [
    -83.002304001,
    42.397562213
  ],
  ""type"": ""Point""
}",-83.002304001,42.3975622130001
14149,1573016,FORD,WAYNE,2018-12-04,4,12,2018,21,3,8,9,,,0,,1,2,4,45,5,2,2,5,0,0,0,0,true,false,false,false,false,false,false,false,false,false,false,false,false,false,true,false,false,false,false,false,false,false,-83.07591,42.36396,"{
  ""coordinates"": [
    -8.307591385179170e+01,
    4.236396140214600e+01
  ],
  ""type"": ""Point""
}","{
  ""coordinates"": [
    -83.075913852,
    42.363961402
  ],
  ""type"": ""Point""
}",-83.075913852,42.363961402
14150,1558781,CONNER,FOREST,2018-12-04,4,12,2018,3,3,5,9,,4,0,Asphalt,1,1,4,35,7,2,2,5,0,0,0,0,true,false,false,false,false,false,false,false,false,false,false,false,false,false,false,false,false,false,false,false,false,false,-82.97314,42.38824,"{
  ""coordinates"": [
    -8.297313342730500e+01,
    4.238824517414880e+01
  ],
  ""type"": ""Point""
}","{
  ""coordinates"": [
    -82.973133427,
    42.388245174
  ],
  ""type"": ""Point""
}",-82.9731334269999,42.3882451740001
14151,1560490,W I 94,GRAND,2018-12-04,4,12,2018,19,3,5,1,,1,0,Asphalt,1,1,4,55,3,3,2,5,0,0,0,0,true,true,false,false,true,false,false,false,false,false,false,false,false,true,false,false,false,false,false,false,false,false,-83.10945,42.34698,"{
  ""coordinates"": [
    -8.310945267922060e+01,
    4.234698007659140e+01
  ],
  ""type"": ""Point""
}","{
  ""coordinates"": [
    -83.109452679,
    42.346980077
  ],
  ""type"": ""Point""
}",-83.109452679,42.3469800770001
14152,1560486,I 75,MILWAUKEE,2018-12-04,4,12,2018,15,3,5,1,,1,0,Asphalt,1,1,1,55,4,2,5,5,0,0,0,0,true,false,false,false,false,false,false,false,false,false,false,false,false,false,true,false,false,false,false,false,false,false,-83.06007,42.37403,"{
  ""coordinates"": [
    -8.306006945598629e+01,
    4.237402960824660e+01
  ],
  ""type"": ""Point""
}","{
  ""coordinates"": [
    -83.060069456,
    42.374029608
  ],
  ""type"": ""Point""
}",-83.060069456,42.3740296080001
14153,1560488,I-96,M-39,2018-12-04,4,12,2018,17,3,5,1,,1,0,Concrete,1,2,5,55,3,2,2,5,0,0,0,0,true,false,false,false,false,false,false,false,false,false,true,false,false,false,true,false,false,false,false,false,false,false,-83.21905,42.37857,"{
  ""coordinates"": [
    -8.321905036239021e+01,
    4.237856655116590e+01
  ],
  ""type"": ""Point""
}","{
  ""coordinates"": [
    -83.219050362,
    42.378566551
  ],
  ""type"": ""Point""
}",-83.219050362,42.3785665510001