ObjectId,Crash ID,Primary Road,Intersecting Road,Crash Date,Day,Month,Year,Hour,Weekday,Crash Type Code,Highway Classification Code,Community Code,Jurisdiction Code,Lane Departure Type Code,Surface Type,Road Condition,Weather Condition,Lighting Condition,Speed Limit,Lanes,Units,Occupants,Most Severe Injury,Fatal Injuries,Suspected Serious Injuries,Suspected Minor Injuries,Possible Injuries,Property Damage Only,Secondary Crash,Traffic Control,Red Light Run,Hit and Run,Alcohol,Drugs,Unbelted Person,Work Zone,Speeding Driver,Distracted Driver,Driveway,Pedestrian,Elderly Driver,Young Driver,Commercial Vehicle,Emergency Vehicles,Train,School Bus,Motorcycle,Bicycle,Deer,Longitude,Latitude,geom,geog,x,y
14480,1560465,I 94,24TH,2018-11-29,29,11,2018,16,5,5,1,,1,0,Asphalt,2,2,3,55,4,3,5,5,0,0,0,0,true,false,false,false,false,false,false,false,false,false,false,false,false,false,true,false,false,false,false,false,false,false,-83.1041,42.34866,"{
  ""coordinates"": [
    -8.310409326023260e+01,
    4.234866521048230e+01
  ],
  ""type"": ""Point""
}","{
  ""coordinates"": [
    -83.10409326,
    42.34866521
  ],
  ""type"": ""Point""
}",-83.10409326,42.34866521
14481,1565942,N I 75,RAMP 049A,2018-11-29,29,11,2018,9,5,6,1,,1,0,Asphalt,1,1,1,25,3,2,2,5,0,0,0,0,true,false,false,false,false,false,false,false,false,false,false,false,false,false,false,false,false,false,false,false,false,false,-83.09421,42.4286,"{
  ""coordinates"": [
    -8.309421157391400e+01,
    4.242859884402930e+01
  ],
  ""type"": ""Point""
}","{
  ""coordinates"": [
    -83.094211574,
    42.428598844
  ],
  ""type"": ""Point""
}",-83.094211574,42.4285988440001
14482,1551030,CONANT,OUTER,2018-11-29,29,11,2018,18,5,9,9,,4,0,Asphalt,2,4,4,35,2,2,2,4,0,0,0,1,false,false,false,false,false,false,false,false,false,false,false,true,false,false,true,false,false,false,false,false,false,false,-83.07922,42.44063,"{
  ""coordinates"": [
    -8.307921676643559e+01,
    4.244062989471180e+01
  ],
  ""type"": ""Point""
}","{
  ""coordinates"": [
    -83.079216766,
    42.440629895
  ],
  ""type"": ""Point""
}",-83.0792167659999,42.440629895
14483,1551014,3966 FRENCH,CANFIELD,2018-11-29,29,11,2018,3,5,5,9,,4,3,Asphalt,1,1,5,25,1,2,0,5,0,0,0,0,true,false,false,false,true,false,false,true,false,false,false,false,false,false,false,false,false,false,false,false,false,false,-82.98772,42.38073,"{
  ""coordinates"": [
    -8.298772736855550e+01,
    4.238072815268000e+01
  ],
  ""type"": ""Point""
}","{
  ""coordinates"": [
    -82.987727369,
    42.380728153
  ],
  ""type"": ""Point""
}",-82.987727369,42.3807281530001
14484,1577097,ARTESIAN,LYNDON,2018-11-29,29,11,2018,3,5,9,9,,,2,,1,1,5,25,1,2,1,5,0,0,0,0,true,false,false,false,false,false,false,false,false,false,true,false,false,false,false,false,false,false,false,false,false,false,-83.22739,42.39328,"{
  ""coordinates"": [
    -8.322739747228761e+01,
    4.239328098591630e+01
  ],
  ""type"": ""Point""
}","{
  ""coordinates"": [
    -83.227397472,
    42.393280986
  ],
  ""type"": ""Point""
}",-83.227397472,42.393280986
14485,1550943,M-39,FENKELL,2018-11-29,29,11,2018,8,5,5,3,,1,0,Asphalt,2,5,1,55,3,2,3,5,0,0,0,0,true,false,false,false,false,false,false,false,false,false,false,false,false,false,true,false,false,false,false,false,false,false,-83.21841,42.40401,"{
  ""coordinates"": [
    -8.321840537983250e+01,
    4.240401432865590e+01
  ],
  ""type"": ""Point""
}","{
  ""coordinates"": [
    -83.21840538,
    42.404014329
  ],
  ""type"": ""Point""
}",-83.21840538,42.4040143290001
14486,1552439,HARPER,CONCORD,2018-11-29,29,11,2018,8,5,4,9,,4,0,Asphalt,1,1,1,30,2,2,1,5,0,0,0,0,true,false,false,false,true,false,false,false,false,true,false,false,false,false,false,false,false,false,false,false,false,false,-83.03028,42.38371,"{
  ""coordinates"": [
    -8.303028193669191e+01,
    4.238370591438120e+01
  ],
  ""type"": ""Point""
}","{
  ""coordinates"": [
    -83.030281937,
    42.383705914
  ],
  ""type"": ""Point""
}",-83.030281937,42.3837059140001
14487,1553801,TEMPLE,ROSA PARKS,2018-11-29,29,11,2018,20,5,4,9,,,0,,2,2,4,30,2,2,4,5,0,0,0,0,true,false,true,false,true,false,false,false,false,false,false,false,false,false,false,false,false,false,false,false,false,false,-83.07496,42.33657,"{
  ""coordinates"": [
    -8.307495847312750e+01,
    4.233656704742050e+01
  ],
  ""type"": ""Point""
}","{
  ""coordinates"": [
    -83.074958473,
    42.336567047
  ],
  ""type"": ""Point""
}",-83.074958473,42.3365670470001
14488,1554942,DEXTER,VIRGINIA PARK,2018-11-29,29,11,2018,19,5,4,9,,4,0,Asphalt,2,4,5,35,4,2,1,5,0,0,0,0,true,false,false,false,true,false,false,false,false,false,false,false,false,false,false,false,false,false,false,false,false,false,-83.11294,42.36323,"{
  ""coordinates"": [
    -8.311293627052800e+01,
    4.236322908633010e+01
  ],
  ""type"": ""Point""
}","{
  ""coordinates"": [
    -83.112936271,
    42.363229086
  ],
  ""type"": ""Point""
}",-83.112936271,42.363229086
14489,1552490,LIVERNOIS,PICKFORD,2018-11-29,29,11,2018,14,5,5,9,,4,0,Asphalt,2,5,1,30,4,2,2,5,0,0,0,0,true,false,false,false,false,false,false,false,false,false,false,false,false,false,false,false,false,false,false,false,false,false,-83.14114,42.42665,"{
  ""coordinates"": [
    -8.314114472619690e+01,
    4.242664899685910e+01
  ],
  ""type"": ""Point""
}","{
  ""coordinates"": [
    -83.141144726,
    42.426648997
  ],
  ""type"": ""Point""
}",-83.1411447259999,42.426648997
14490,1560576,I 75,RAMP 048D,2018-11-29,29,11,2018,18,5,5,1,,1,0,Asphalt,2,1,4,75,3,2,3,5,0,0,0,0,true,false,false,false,false,false,false,false,false,false,false,false,false,false,false,false,false,false,false,false,false,false,-83.08513,42.41478,"{
  ""coordinates"": [
    -8.308512893365160e+01,
    4.241477748430790e+01
  ],
  ""type"": ""Point""
}","{
  ""coordinates"": [
    -83.085128934,
    42.414777484
  ],
  ""type"": ""Point""
}",-83.085128934,42.4147774840001
14491,1552393,SUSSEX,LYNDON,2018-11-29,29,11,2018,20,5,5,9,,,0,,1,2,4,25,2,2,0,5,0,0,0,0,true,false,false,false,true,false,false,false,false,false,false,false,false,false,false,false,false,false,false,false,false,false,-83.19473,42.39465,"{
  ""coordinates"": [
    -8.319472987866391e+01,
    4.239465029169630e+01
  ],
  ""type"": ""Point""
}","{
  ""coordinates"": [
    -83.194729879,
    42.394650292
  ],
  ""type"": ""Point""
}",-83.194729879,42.3946502920001
14492,1551038,JOHN R,NEVADA,2018-11-29,29,11,2018,19,5,8,9,,4,0,Asphalt,2,2,4,30,2,3,4,5,0,0,0,0,true,false,false,false,false,true,true,false,false,false,false,false,false,false,false,false,false,false,false,false,false,false,-83.10207,42.42464,"{
  ""coordinates"": [
    -8.310206371662940e+01,
    4.242464198376400e+01
  ],
  ""type"": ""Point""
}","{
  ""coordinates"": [
    -83.102063717,
    42.424641984
  ],
  ""type"": ""Point""
}",-83.102063717,42.4246419840001
14493,1550993,W I 94,HARPER,2018-11-29,29,11,2018,7,5,5,1,,1,0,Asphalt,1,1,4,55,3,4,4,5,0,0,0,0,true,false,false,false,false,false,false,false,false,false,false,false,false,false,false,true,false,false,false,false,false,false,-82.9483,42.40926,"{
  ""coordinates"": [
    -8.294830228458500e+01,
    4.240926239923400e+01
  ],
  ""type"": ""Point""
}","{
  ""coordinates"": [
    -82.948302285,
    42.409262399
  ],
  ""type"": ""Point""
}",-82.948302285,42.4092623990001
14494,1569126,I 94,WOODWARD,2018-11-29,29,11,2018,15,5,8,1,,1,0,Asphalt,2,5,1,55,3,2,3,5,0,0,0,0,true,false,false,false,false,false,false,false,false,false,false,false,false,false,false,false,false,false,false,false,false,false,-83.068,42.36421,"{
  ""coordinates"": [
    -8.306799858322960e+01,
    4.236421178427810e+01
  ],
  ""type"": ""Point""
}","{
  ""coordinates"": [
    -83.067998583,
    42.364211784
  ],
  ""type"": ""Point""
}",-83.067998583,42.3642117840001
14495,1551037,OUTER,STANSBURY,2018-11-29,29,11,2018,18,5,4,9,,2,0,Asphalt,2,1,1,30,5,2,2,5,0,0,0,0,true,false,false,false,false,false,false,false,false,false,false,false,false,true,false,false,false,false,false,false,false,false,-83.18356,42.42024,"{
  ""coordinates"": [
    -8.318355792221220e+01,
    4.242024322498100e+01
  ],
  ""type"": ""Point""
}","{
  ""coordinates"": [
    -83.183557922,
    42.420243225
  ],
  ""type"": ""Point""
}",-83.183557922,42.420243225
14496,1551009,BEARD,ARMY,2018-11-29,29,11,2018,17,5,4,9,,,3,,2,2,4,25,2,2,1,5,0,0,0,0,true,false,false,false,true,false,false,false,false,false,false,false,false,false,true,false,false,false,false,false,false,false,-83.11315,42.30684,"{
  ""coordinates"": [
    -8.311314796434149e+01,
    4.230684367206060e+01
  ],
  ""type"": ""Point""
}","{
  ""coordinates"": [
    -83.113147964,
    42.306843672
  ],
  ""type"": ""Point""
}",-83.1131479639999,42.3068436720001
14497,1601242,MADISON,BEAUBIEN,2018-11-29,29,11,2018,13,5,8,9,,4,0,Asphalt,1,1,1,35,4,2,1,5,0,0,0,0,true,false,false,false,true,false,false,false,false,false,false,false,false,false,false,false,false,false,false,false,false,false,-83.04456,42.33785,"{
  ""coordinates"": [
    -8.304456660775590e+01,
    4.233785193241020e+01
  ],
  ""type"": ""Point""
}","{
  ""coordinates"": [
    -83.044566608,
    42.337851932
  ],
  ""type"": ""Point""
}",-83.044566608,42.337851932
14498,1551023,EVERGREEN,CLARITA,2018-11-29,29,11,2018,14,5,5,9,,4,0,Asphalt,2,5,1,30,4,2,1,5,0,0,0,0,true,false,false,false,true,false,false,false,false,false,false,false,false,true,false,false,false,false,false,false,false,false,-83.23874,42.42715,"{
  ""coordinates"": [
    -8.323873957768321e+01,
    4.242715146604300e+01
  ],
  ""type"": ""Point""
}","{
  ""coordinates"": [
    -83.238739578,
    42.427151466
  ],
  ""type"": ""Point""
}",-83.238739578,42.4271514660001
14499,1552432,WARREN,ROHNS,2018-11-29,29,11,2018,16,5,8,9,,4,0,Asphalt,1,1,3,30,2,2,2,5,0,0,0,0,true,false,false,false,false,false,false,false,false,false,false,false,false,true,false,false,false,false,false,false,false,false,-83.00337,42.37964,"{
  ""coordinates"": [
    -8.300337345126270e+01,
    4.237964310111580e+01
  ],
  ""type"": ""Point""
}","{
  ""coordinates"": [
    -83.003373451,
    42.379643101
  ],
  ""type"": ""Point""
}",-83.003373451,42.3796431010001
14500,1592314,8 MILE,GREENFIELD,2018-11-29,29,11,2018,11,5,5,3,,1,0,Asphalt,3,2,1,40,3,2,2,5,0,0,0,0,true,false,false,false,false,false,false,false,false,false,false,false,false,true,false,false,false,false,false,false,false,false,-83.20275,42.4447,"{
  ""coordinates"": [
    -8.320274910321950e+01,
    4.244470021587160e+01
  ],
  ""type"": ""Point""
}","{
  ""coordinates"": [
    -83.202749103,
    42.444700216
  ],
  ""type"": ""Point""
}",-83.202749103,42.4447002160001
14501,1549744,NEVADA,HELEN,2018-11-29,29,11,2018,8,5,4,9,,4,0,Asphalt,1,1,1,35,4,2,3,4,0,0,0,2,false,false,false,false,false,false,false,false,false,false,false,false,false,false,false,false,false,false,false,false,false,false,-83.03156,42.42657,"{
  ""coordinates"": [
    -8.303155637279170e+01,
    4.242657024455790e+01
  ],
  ""type"": ""Point""
}","{
  ""coordinates"": [
    -83.031556373,
    42.426570245
  ],
  ""type"": ""Point""
}",-83.0315563729999,42.4265702450001
14502,1550998,CHICAGO,SORRENTO,2018-11-29,29,11,2018,23,5,8,9,,4,0,Asphalt,1,1,4,35,2,2,1,5,0,0,0,0,true,false,false,false,false,false,false,false,false,false,false,false,false,false,false,false,false,false,false,false,false,false,-83.17205,42.36591,"{
  ""coordinates"": [
    -8.317204784877320e+01,
    4.236591227285240e+01
  ],
  ""type"": ""Point""
}","{
  ""coordinates"": [
    -83.172047849,
    42.365912273
  ],
  ""type"": ""Point""
}",-83.172047849,42.365912273
14503,1562923,AVON,7 MILE,2018-11-29,29,11,2018,14,5,4,9,,,0,,1,1,1,,2,2,2,5,0,0,0,0,true,false,false,false,true,false,false,false,false,false,false,false,false,true,false,false,false,false,false,false,false,false,-83.22652,42.42968,"{
  ""coordinates"": [
    -8.322651907470730e+01,
    4.242967580042180e+01
  ],
  ""type"": ""Point""
}","{
  ""coordinates"": [
    -83.226519075,
    42.4296758
  ],
  ""type"": ""Point""
}",-83.2265190749999,42.4296758
14504,1552469,MARX,MINNESOTA,2018-11-29,29,11,2018,3,5,8,9,,,0,,1,1,4,25,1,2,0,5,0,0,0,0,true,false,false,false,true,false,false,false,false,false,true,false,false,false,false,false,false,false,false,false,false,false,-83.0837,42.42404,"{
  ""coordinates"": [
    -8.308369833327360e+01,
    4.242404014919900e+01
  ],
  ""type"": ""Point""
}","{
  ""coordinates"": [
    -83.083698333,
    42.424040149
  ],
  ""type"": ""Point""
}",-83.083698333,42.4240401490001
14505,1552454,GRATIOT,CONNER,2018-11-29,29,11,2018,1,5,8,3,,1,3,Asphalt,1,5,1,35,7,2,2,5,0,0,0,0,true,false,false,false,false,false,false,false,false,false,false,false,false,false,false,true,false,false,false,false,false,false,-82.99743,42.40502,"{
  ""coordinates"": [
    -8.299742939069600e+01,
    4.240502245341690e+01
  ],
  ""type"": ""Point""
}","{
  ""coordinates"": [
    -82.997429391,
    42.405022453
  ],
  ""type"": ""Point""
}",-82.997429391,42.4050224530001
14506,1557531,FORT,FISHER FWY SERVICE,2018-11-29,29,11,2018,17,5,8,3,,1,0,Asphalt,1,1,4,35,4,2,2,5,0,0,0,0,true,false,false,false,false,false,false,false,false,true,false,false,false,false,false,false,false,false,false,false,false,false,-83.1229,42.29876,"{
  ""coordinates"": [
    -8.312290383484550e+01,
    4.229876461706630e+01
  ],
  ""type"": ""Point""
}","{
  ""coordinates"": [
    -83.122903835,
    42.298764617
  ],
  ""type"": ""Point""
}",-83.122903835,42.2987646170001
14507,1552386,HUBBELL,FENKELL,2018-11-29,29,11,2018,15,5,97,9,,4,0,Asphalt,2,5,1,30,5,3,7,1,1,0,1,2,false,false,false,false,false,true,true,true,false,false,false,false,false,true,false,false,false,false,false,false,false,false,-83.18891,42.40173,"{
  ""coordinates"": [
    -8.318891323407190e+01,
    4.240172839485840e+01
  ],
  ""type"": ""Point""
}","{
  ""coordinates"": [
    -83.188913234,
    42.401728395
  ],
  ""type"": ""Point""
}",-83.188913234,42.4017283950001
14508,1552389,MARTIN LUTHER KING JR,ROSA PARKS,2018-11-29,29,11,2018,8,5,5,9,,4,0,Concrete,4,1,1,35,6,2,2,5,0,0,0,0,true,false,false,false,false,false,false,false,false,true,false,false,false,true,false,false,false,false,false,false,false,false,-83.07711,42.34036,"{
  ""coordinates"": [
    -8.307711038154660e+01,
    4.234036113926570e+01
  ],
  ""type"": ""Point""
}","{
  ""coordinates"": [
    -83.077110382,
    42.340361139
  ],
  ""type"": ""Point""
}",-83.0771103819999,42.340361139
14509,1551035,GREENLAWN,NORFOLK,2018-11-29,29,11,2018,15,5,4,9,,,0,,4,5,1,25,2,2,3,5,0,0,0,0,true,false,true,false,false,false,false,false,false,false,false,false,false,false,false,false,false,false,false,false,false,false,-83.15228,42.44345,"{
  ""coordinates"": [
    -8.315228577201600e+01,
    4.244345294096260e+01
  ],
  ""type"": ""Point""
}","{
  ""coordinates"": [
    -83.152285772,
    42.443452941
  ],
  ""type"": ""Point""
}",-83.152285772,42.443452941
14510,1551003,S M 10,W I 94,2018-11-29,29,11,2018,18,5,5,3,,1,0,Concrete,4,5,4,55,4,3,5,5,0,0,0,0,true,false,false,false,true,false,false,false,false,false,false,false,false,false,false,false,false,false,false,false,false,false,-83.0767,42.35907,"{
  ""coordinates"": [
    -8.307670088554200e+01,
    4.235907520778880e+01
  ],
  ""type"": ""Point""
}","{
  ""coordinates"": [
    -83.076700886,
    42.359075208
  ],
  ""type"": ""Point""
}",-83.076700886,42.359075208
14511,1552409,MICHIGAN,CENTRAL,2018-11-29,29,11,2018,17,5,5,2,,1,0,Asphalt,2,4,3,35,4,2,3,5,0,0,0,0,true,false,false,false,false,false,false,false,false,false,false,false,false,false,false,false,false,false,false,false,false,false,-83.13732,42.3311,"{
  ""coordinates"": [
    -8.313732022981240e+01,
    4.233109588616770e+01
  ],
  ""type"": ""Point""
}","{
  ""coordinates"": [
    -83.13732023,
    42.331095886
  ],
  ""type"": ""Point""
}",-83.1373202299999,42.3310958860001
14512,1549692,CENTRAL,PANAMA,2018-11-28,28,11,2018,15,4,4,9,,4,0,Asphalt,1,1,1,25,2,2,2,5,0,0,0,0,true,false,true,false,false,false,false,false,false,false,false,false,false,false,false,false,false,false,false,false,false,false,-83.13964,42.33399,"{
  ""coordinates"": [
    -8.313963982302450e+01,
    4.233399225071290e+01
  ],
  ""type"": ""Point""
}","{
  ""coordinates"": [
    -83.139639823,
    42.333992251
  ],
  ""type"": ""Point""
}",-83.139639823,42.333992251
14513,1550983,M 39,PURITAN,2018-11-28,28,11,2018,7,4,8,3,,1,0,Asphalt,1,2,2,55,3,2,2,5,0,0,0,0,true,false,false,false,false,false,false,false,false,false,false,false,false,false,false,false,false,false,false,false,false,false,-83.21844,42.40688,"{
  ""coordinates"": [
    -8.321844106145390e+01,
    4.240688367819990e+01
  ],
  ""type"": ""Point""
}","{
  ""coordinates"": [
    -83.218441061,
    42.406883678
  ],
  ""type"": ""Point""
}",-83.218441061,42.406883678
14514,1551018,S M 39 SERVICE DRIVE,FORD,2018-11-28,28,11,2018,18,4,8,3,,1,0,Concrete,1,1,4,45,2,2,2,5,0,0,0,0,true,false,false,false,false,false,false,false,false,false,false,false,false,false,false,false,false,false,false,false,false,false,-83.216,42.32912,"{
  ""coordinates"": [
    -8.321600660750011e+01,
    4.232912539923610e+01
  ],
  ""type"": ""Point""
}","{
  ""coordinates"": [
    -83.216006608,
    42.329125399
  ],
  ""type"": ""Point""
}",-83.216006608,42.3291253990001
14515,1549685,COYLE,MIDLAND,2018-11-28,28,11,2018,12,4,4,9,,,3,,1,2,1,25,4,2,2,5,0,0,0,0,true,false,false,false,false,false,false,false,false,false,false,false,false,false,false,false,false,false,false,false,false,false,-83.19398,42.40459,"{
  ""coordinates"": [
    -8.319397483912930e+01,
    4.240458847436670e+01
  ],
  ""type"": ""Point""
}","{
  ""coordinates"": [
    -83.193974839,
    42.404588474
  ],
  ""type"": ""Point""
}",-83.193974839,42.404588474
14516,1551013,CHALMERS,I 94,2018-11-28,28,11,2018,14,4,4,1,,4,0,Asphalt,1,1,1,30,4,2,2,4,0,0,0,1,false,false,false,false,false,true,false,false,false,false,false,false,false,true,false,true,false,false,false,false,false,false,-82.96422,42.40371,"{
  ""coordinates"": [
    -8.296421917811890e+01,
    4.240370423199730e+01
  ],
  ""type"": ""Point""
}","{
  ""coordinates"": [
    -82.964219178,
    42.403704232
  ],
  ""type"": ""Point""
}",-82.964219178,42.4037042320001
14517,1551016,ALTER,JEFFERSON,2018-11-28,28,11,2018,3,4,8,9,,4,3,Asphalt,1,1,4,35,2,2,0,5,0,0,0,0,true,false,false,false,true,false,false,false,false,false,false,false,false,false,false,false,false,false,false,false,false,false,-82.93955,42.3749,"{
  ""coordinates"": [
    -8.293955001001420e+01,
    4.237490442667840e+01
  ],
  ""type"": ""Point""
}","{
  ""coordinates"": [
    -82.93955001,
    42.374904427
  ],
  ""type"": ""Point""
}",-82.9395500099999,42.374904427
14518,1551012,BENITEAU,MACK,2018-11-28,28,11,2018,15,4,5,9,,,0,,1,1,1,25,2,2,3,5,0,0,0,0,true,false,false,false,false,false,false,false,false,false,false,false,false,false,false,false,false,false,false,false,false,false,-82.97954,42.37825,"{
  ""coordinates"": [
    -8.297954175435190e+01,
    4.237824922792810e+01
  ],
  ""type"": ""Point""
}","{
  ""coordinates"": [
    -82.979541754,
    42.378249228
  ],
  ""type"": ""Point""
}",-82.979541754,42.3782492280001
14519,1551010,18TH,BAGLEY,2018-11-28,28,11,2018,17,4,8,9,,,0,,1,1,4,25,4,2,1,5,0,0,0,0,true,false,false,false,true,false,false,false,false,false,false,false,false,false,false,false,false,false,false,false,false,false,-83.07802,42.32544,"{
  ""coordinates"": [
    -8.307802104398500e+01,
    4.232544079023150e+01
  ],
  ""type"": ""Point""
}","{
  ""coordinates"": [
    -83.078021044,
    42.32544079
  ],
  ""type"": ""Point""
}",-83.078021044,42.3254407900001
14520,1549743,8 MILE,KEATING,2018-11-28,28,11,2018,21,4,5,3,,1,0,Asphalt,1,1,5,35,5,2,3,5,0,0,0,0,true,false,false,false,false,false,false,false,false,false,false,false,false,false,true,false,false,false,false,false,false,false,-83.10066,42.44688,"{
  ""coordinates"": [
    -8.310065915965740e+01,
    4.244688559481070e+01
  ],
  ""type"": ""Point""
}","{
  ""coordinates"": [
    -83.10065916,
    42.446885595
  ],
  ""type"": ""Point""
}",-83.10065916,42.446885595
14521,1552491,ILENE,THATCHER,2018-11-28,28,11,2018,6,4,97,9,,,0,,2,1,1,25,1,2,1,5,0,0,0,0,true,false,false,false,false,false,false,false,false,false,true,false,false,false,false,false,false,false,false,false,false,false,-83.16278,42.42234,"{
  ""coordinates"": [
    -8.316278433432311e+01,
    4.242233543952330e+01
  ],
  ""type"": ""Point""
}","{
  ""coordinates"": [
    -83.162784334,
    42.42233544
  ],
  ""type"": ""Point""
}",-83.162784334,42.42233544
14522,1549689,FORT,OUTER,2018-11-28,28,11,2018,8,4,4,3,,1,0,Asphalt,1,2,1,45,3,2,2,5,0,0,0,0,true,false,true,true,false,false,false,false,false,false,false,false,false,true,false,false,false,false,false,false,false,false,-83.16689,42.26212,"{
  ""coordinates"": [
    -8.316688577852790e+01,
    4.226211761882070e+01
  ],
  ""type"": ""Point""
}","{
  ""coordinates"": [
    -83.166885779,
    42.262117619
  ],
  ""type"": ""Point""
}",-83.166885779,42.262117619
14523,1552429,BRACE,KIRKWOOD,2018-11-28,28,11,2018,9,4,8,9,,,0,,1,1,1,25,2,2,1,5,0,0,0,0,true,false,false,false,false,false,false,false,false,false,true,false,false,false,false,false,false,false,false,false,false,false,-83.2228,42.33243,"{
  ""coordinates"": [
    -8.322279890986540e+01,
    4.233243258683020e+01
  ],
  ""type"": ""Point""
}","{
  ""coordinates"": [
    -83.22279891,
    42.332432587
  ],
  ""type"": ""Point""
}",-83.2227989099999,42.332432587
14524,1549709,GRATIOT,MARCUS,2018-11-28,28,11,2018,8,4,97,3,,1,0,Asphalt,1,1,1,25,4,1,1,5,0,0,0,0,true,false,false,false,true,false,false,false,true,false,false,false,false,false,false,false,false,false,false,false,false,false,-83.00225,42.39764,"{
  ""coordinates"": [
    -8.300225309495571e+01,
    4.239764006936920e+01
  ],
  ""type"": ""Point""
}","{
  ""coordinates"": [
    -83.002253095,
    42.397640069
  ],
  ""type"": ""Point""
}",-83.002253095,42.397640069
14525,1549741,LIVERNOIS,FENKELL,2018-11-28,28,11,2018,17,4,5,9,,4,0,Asphalt,1,1,1,30,2,2,2,5,0,0,0,0,true,false,false,false,false,false,false,false,false,false,false,false,false,false,false,false,false,false,false,false,false,false,-83.14012,42.40258,"{
  ""coordinates"": [
    -8.314011933688251e+01,
    4.240257581265290e+01
  ],
  ""type"": ""Point""
}","{
  ""coordinates"": [
    -83.140119337,
    42.402575813
  ],
  ""type"": ""Point""
}",-83.140119337,42.4025758130001
14526,1549706,WOODMONT,DIVERSY,2018-11-28,28,11,2018,11,4,8,9,,,3,,1,2,1,25,1,2,0,5,0,0,0,0,true,false,false,false,true,false,false,false,false,false,false,false,false,false,false,false,false,false,false,false,false,false,-83.20706,42.34745,"{
  ""coordinates"": [
    -8.320706424989319e+01,
    4.234744601692560e+01
  ],
  ""type"": ""Point""
}","{
  ""coordinates"": [
    -83.20706425,
    42.347446017
  ],
  ""type"": ""Point""
}",-83.20706425,42.347446017
14527,1557514,WASHINGTON,FORT,2018-11-28,28,11,2018,7,4,10,3,,4,0,Asphalt,1,1,2,25,3,2,2,5,0,0,0,0,true,false,false,false,false,false,false,false,false,false,false,false,false,false,false,false,false,false,false,false,false,false,-83.04969,42.32945,"{
  ""coordinates"": [
    -8.304968799971461e+01,
    4.232944704846790e+01
  ],
  ""type"": ""Point""
}","{
  ""coordinates"": [
    -83.049688,
    42.329447048
  ],
  ""type"": ""Point""
}",-83.0496879999999,42.3294470480001
14528,1557517,LODGE,MILWAUKEE,2018-11-28,28,11,2018,17,4,5,3,,1,0,Concrete,1,1,1,,1,2,2,5,0,0,0,0,true,false,false,false,false,false,false,false,false,false,false,false,false,false,false,false,false,false,false,false,false,false,-83.08096,42.36573,"{
  ""coordinates"": [
    -8.308096251499080e+01,
    4.236573252394860e+01
  ],
  ""type"": ""Point""
}","{
  ""coordinates"": [
    -83.080962515,
    42.365732524
  ],
  ""type"": ""Point""
}",-83.080962515,42.3657325240001
14529,1553800,FORT,5TH,2018-11-28,28,11,2018,20,4,5,3,,1,0,Asphalt,1,2,4,,4,2,2,5,0,0,0,0,true,false,false,false,false,false,false,false,false,false,false,true,false,false,false,false,false,false,false,false,false,false,-83.05662,42.32674,"{
  ""coordinates"": [
    -8.305661546409280e+01,
    4.232674043385540e+01
  ],
  ""type"": ""Point""
}","{
  ""coordinates"": [
    -83.056615464,
    42.326740434
  ],
  ""type"": ""Point""
}",-83.0566154639999,42.326740434
14530,1561671,M-39,FORD,2018-11-28,28,11,2018,17,4,5,3,,1,0,Asphalt,1,1,2,55,3,2,2,5,0,0,0,0,true,false,false,false,false,false,false,false,false,false,false,false,false,true,false,false,false,false,false,false,false,false,-83.21573,42.33461,"{
  ""coordinates"": [
    -8.321572709953210e+01,
    4.233461432002210e+01
  ],
  ""type"": ""Point""
}","{
  ""coordinates"": [
    -83.2157271,
    42.33461432
  ],
  ""type"": ""Point""
}",-83.2157271,42.3346143200001
14531,1564856,WHITTIER,PAYTON,2018-11-28,28,11,2018,17,4,2,9,,4,2,Asphalt,1,1,3,30,2,2,4,4,0,0,0,1,false,false,false,false,false,false,false,true,false,false,false,false,false,false,false,false,false,false,false,false,false,false,-82.96201,42.42064,"{
  ""coordinates"": [
    -8.296200499987860e+01,
    4.242063917294230e+01
  ],
  ""type"": ""Point""
}","{
  ""coordinates"": [
    -82.962005,
    42.420639173
  ],
  ""type"": ""Point""
}",-82.962005,42.420639173
14532,1552424,CHATHAM,SAWYER,2018-11-28,28,11,2018,14,4,4,9,,,0,,1,1,1,25,2,2,4,5,0,0,0,0,true,false,false,false,true,false,false,true,false,false,false,false,false,false,false,false,false,false,false,false,false,false,-83.26028,42.34666,"{
  ""coordinates"": [
    -8.326027479924930e+01,
    4.234666230957790e+01
  ],
  ""type"": ""Point""
}","{
  ""coordinates"": [
    -83.260274799,
    42.34666231
  ],
  ""type"": ""Point""
}",-83.2602747989999,42.3466623100001
14533,1550947,E I 94,GRAND,2018-11-28,28,11,2018,10,4,5,1,,1,0,Asphalt,1,2,1,55,4,2,2,5,0,0,0,0,true,false,false,false,false,false,false,false,false,false,false,false,false,false,false,false,false,false,false,false,false,false,-83.10954,42.34656,"{
  ""coordinates"": [
    -8.310953961293259e+01,
    4.234655961614670e+01
  ],
  ""type"": ""Point""
}","{
  ""coordinates"": [
    -83.109539613,
    42.346559616
  ],
  ""type"": ""Point""
}",-83.109539613,42.346559616
14534,1550940,I-94,2ND,2018-11-28,28,11,2018,6,4,5,1,,1,0,Asphalt,1,1,5,55,3,2,2,4,0,0,0,1,false,false,false,false,false,false,false,false,false,false,false,false,false,false,true,false,false,false,false,false,false,false,-83.07386,42.36048,"{
  ""coordinates"": [
    -8.307386175030901e+01,
    4.236047839836220e+01
  ],
  ""type"": ""Point""
}","{
  ""coordinates"": [
    -83.07386175,
    42.360478398
  ],
  ""type"": ""Point""
}",-83.0738617499999,42.3604783980001