ObjectId,Crash ID,Primary Road,Intersecting Road,Crash Date,Day,Month,Year,Hour,Weekday,Crash Type Code,Highway Classification Code,Community Code,Jurisdiction Code,Lane Departure Type Code,Surface Type,Road Condition,Weather Condition,Lighting Condition,Speed Limit,Lanes,Units,Occupants,Most Severe Injury,Fatal Injuries,Suspected Serious Injuries,Suspected Minor Injuries,Possible Injuries,Property Damage Only,Secondary Crash,Traffic Control,Red Light Run,Hit and Run,Alcohol,Drugs,Unbelted Person,Work Zone,Speeding Driver,Distracted Driver,Driveway,Pedestrian,Elderly Driver,Young Driver,Commercial Vehicle,Emergency Vehicles,Train,School Bus,Motorcycle,Bicycle,Deer,Longitude,Latitude,geom,geog,x,y
14535,1551026,ROSA PARKS,DAVISON,2018-11-28,28,11,2018,17,4,97,9,,4,0,Asphalt,1,1,4,30,5,2,2,5,0,0,0,0,true,false,false,false,false,false,false,false,false,false,false,true,false,false,false,false,false,false,false,false,false,false,-83.11362,42.3969,"{
  ""coordinates"": [
    -8.311362324295500e+01,
    4.239690287413600e+01
  ],
  ""type"": ""Point""
}","{
  ""coordinates"": [
    -83.113623243,
    42.396902874
  ],
  ""type"": ""Point""
}",-83.1136232429999,42.396902874
14536,1553797,WOODWARD,S I 75,2018-11-28,28,11,2018,19,4,97,3,,1,0,Concrete,3,1,4,35,3,2,2,3,0,0,1,0,false,false,false,false,false,false,false,false,false,false,false,false,false,false,false,false,false,true,false,false,false,false,-83.0529,42.33997,"{
  ""coordinates"": [
    -8.305289891025770e+01,
    4.233996976606430e+01
  ],
  ""type"": ""Point""
}","{
  ""coordinates"": [
    -83.05289891,
    42.339969766
  ],
  ""type"": ""Point""
}",-83.05289891,42.3399697660001
14537,1551019,JAMES COUZENS,MCNICHOLS,2018-11-28,28,11,2018,18,4,4,9,,4,0,Asphalt,1,1,3,25,4,2,1,5,0,0,0,0,true,false,false,false,true,false,false,false,false,false,false,false,false,true,false,false,false,false,false,false,false,false,-83.17178,42.41656,"{
  ""coordinates"": [
    -8.317177522608270e+01,
    4.241655821996280e+01
  ],
  ""type"": ""Point""
}","{
  ""coordinates"": [
    -83.171775226,
    42.41655822
  ],
  ""type"": ""Point""
}",-83.171775226,42.4165582200001
14538,1549729,FENKELL,SOUTHFIELD SERVICE,2018-11-28,28,11,2018,9,4,97,9,,2,0,Asphalt,1,1,1,35,2,2,2,4,0,0,0,2,false,false,false,false,false,false,false,false,false,false,false,false,false,false,false,false,false,false,false,false,false,false,-83.21862,42.40111,"{
  ""coordinates"": [
    -8.321862131012580e+01,
    4.240111334734380e+01
  ],
  ""type"": ""Point""
}","{
  ""coordinates"": [
    -83.21862131,
    42.401113347
  ],
  ""type"": ""Point""
}",-83.2186213099999,42.401113347
14539,1550997,LITTLEFIELD,CSX TRANSPORTATION,2018-11-28,28,11,2018,13,4,4,9,,,0,,1,2,1,25,2,2,2,5,0,0,0,0,true,false,false,false,false,false,false,false,false,false,false,true,false,false,false,false,false,false,false,false,false,false,-83.1758,42.37992,"{
  ""coordinates"": [
    -8.317580572995770e+01,
    4.237992139477670e+01
  ],
  ""type"": ""Point""
}","{
  ""coordinates"": [
    -83.17580573,
    42.379921395
  ],
  ""type"": ""Point""
}",-83.17580573,42.3799213950001
14540,1553796,3RD,AMSTERDAM,2018-11-28,28,11,2018,7,4,5,9,,4,0,Asphalt,3,1,1,30,2,3,3,5,0,0,0,0,true,false,false,false,false,false,false,false,false,false,false,false,false,false,false,false,false,false,false,false,false,false,-83.07693,42.36463,"{
  ""coordinates"": [
    -8.307692911258630e+01,
    4.236463321762150e+01
  ],
  ""type"": ""Point""
}","{
  ""coordinates"": [
    -83.076929113,
    42.364633218
  ],
  ""type"": ""Point""
}",-83.0769291129999,42.3646332180001
14541,1549718,RIOPELLE,GRATIOT,2018-11-28,28,11,2018,12,4,9,3,,,0,,1,1,1,15,1,2,2,5,0,0,0,0,true,false,false,false,false,false,false,false,false,false,true,false,false,true,false,false,false,false,false,false,false,false,-83.03758,42.34504,"{
  ""coordinates"": [
    -8.303758480200490e+01,
    4.234504456368810e+01
  ],
  ""type"": ""Point""
}","{
  ""coordinates"": [
    -83.037584802,
    42.345044564
  ],
  ""type"": ""Point""
}",-83.037584802,42.345044564
14542,1560462,N M 39,WARREN,2018-11-28,28,11,2018,16,4,5,3,,1,0,Asphalt,1,1,3,55,3,2,1,5,0,0,0,0,true,false,false,false,true,false,false,false,false,false,false,false,false,false,false,false,false,false,false,false,false,false,-83.21603,42.34296,"{
  ""coordinates"": [
    -8.321603125217911e+01,
    4.234295632038990e+01
  ],
  ""type"": ""Point""
}","{
  ""coordinates"": [
    -83.216031252,
    42.34295632
  ],
  ""type"": ""Point""
}",-83.2160312519999,42.34295632
14543,1548546,PURITAN,STANSBURY,2018-11-28,28,11,2018,7,4,8,9,,4,0,Asphalt,1,1,2,30,2,2,2,5,0,0,0,0,true,false,false,false,false,false,false,false,false,false,false,false,false,false,true,false,false,false,false,false,false,false,-83.18262,42.40926,"{
  ""coordinates"": [
    -8.318262350560370e+01,
    4.240926439879090e+01
  ],
  ""type"": ""Point""
}","{
  ""coordinates"": [
    -83.182623506,
    42.409264399
  ],
  ""type"": ""Point""
}",-83.182623506,42.4092643990001
14544,1549740,14TH,GRAND,2018-11-28,28,11,2018,8,4,8,9,,4,0,Asphalt,1,2,1,,3,2,2,5,0,0,0,0,true,false,false,false,false,false,false,false,false,false,false,false,false,false,false,false,false,false,false,false,false,false,-83.09458,42.36242,"{
  ""coordinates"": [
    -8.309457972561690e+01,
    4.236241460864600e+01
  ],
  ""type"": ""Point""
}","{
  ""coordinates"": [
    -83.094579726,
    42.362414609
  ],
  ""type"": ""Point""
}",-83.0945797259999,42.362414609
14545,1549708,MCCLELLAN,KNODELL,2018-11-28,28,11,2018,8,4,4,9,,,0,,1,2,1,25,2,2,3,5,0,0,0,0,true,false,false,false,false,false,false,false,false,false,false,false,false,false,false,false,false,false,false,false,false,false,-83.01295,42.39853,"{
  ""coordinates"": [
    -8.301295406804870e+01,
    4.239853232761050e+01
  ],
  ""type"": ""Point""
}","{
  ""coordinates"": [
    -83.012954068,
    42.398532328
  ],
  ""type"": ""Point""
}",-83.0129540679999,42.398532328
14546,1557518,VINEWOOD,WARREN,2018-11-28,28,11,2018,17,4,4,9,,4,0,Asphalt,1,1,4,,4,2,3,4,0,0,0,1,false,true,false,false,false,false,false,false,false,false,false,false,false,false,false,false,false,false,false,false,false,false,-83.10616,42.34483,"{
  ""coordinates"": [
    -8.310615792039830e+01,
    4.234482449850550e+01
  ],
  ""type"": ""Point""
}","{
  ""coordinates"": [
    -83.10615792,
    42.344824499
  ],
  ""type"": ""Point""
}",-83.10615792,42.344824499
14547,1549717,MACK,ELMWOOD,2018-11-28,28,11,2018,15,4,1,3,,4,0,Asphalt,1,1,1,30,2,2,1,4,0,0,0,1,false,false,false,false,false,false,false,false,false,false,false,false,true,false,false,false,false,false,false,false,false,false,-83.02798,42.35896,"{
  ""coordinates"": [
    -8.302797401446000e+01,
    4.235895773523620e+01
  ],
  ""type"": ""Point""
}","{
  ""coordinates"": [
    -83.027974014,
    42.358957735
  ],
  ""type"": ""Point""
}",-83.0279740139999,42.358957735
14548,1550991,I-96,M-39,2018-11-28,28,11,2018,6,4,8,1,,1,0,Concrete,1,1,4,55,3,2,2,5,0,0,0,0,true,false,false,false,false,false,false,false,false,false,false,false,false,false,false,false,false,false,false,false,false,false,-83.20714,42.37888,"{
  ""coordinates"": [
    -8.320713874818721e+01,
    4.237888246200190e+01
  ],
  ""type"": ""Point""
}","{
  ""coordinates"": [
    -83.207138748,
    42.378882462
  ],
  ""type"": ""Point""
}",-83.207138748,42.378882462
14549,1552486,EDSEL FORD,CHENE,2018-11-28,28,11,2018,9,4,97,1,,1,0,Concrete,1,1,1,55,3,2,1,5,0,0,0,0,true,false,false,false,true,false,false,false,true,false,false,false,false,false,false,false,false,false,false,false,false,false,-83.04646,42.37426,"{
  ""coordinates"": [
    -8.304646629022081e+01,
    4.237425540883550e+01
  ],
  ""type"": ""Point""
}","{
  ""coordinates"": [
    -83.04646629,
    42.374255409
  ],
  ""type"": ""Point""
}",-83.04646629,42.3742554090001
14550,1563783,HANCOCK,ANTHONY WAYNE,2018-11-28,28,11,2018,15,4,4,9,,,0,,1,1,1,25,2,2,2,5,0,0,0,0,true,false,false,false,false,false,false,false,false,false,false,true,false,false,true,false,false,false,false,false,false,false,-83.07061,42.35336,"{
  ""coordinates"": [
    -8.307061188950451e+01,
    4.235336237139310e+01
  ],
  ""type"": ""Point""
}","{
  ""coordinates"": [
    -83.07061189,
    42.353362371
  ],
  ""type"": ""Point""
}",-83.07061189,42.3533623710001
14551,1554927,LOTHROP,2ND,2018-11-28,28,11,2018,8,4,8,9,,4,0,Asphalt,1,2,1,25,4,2,3,5,0,0,0,0,true,false,false,false,false,false,false,false,false,false,false,true,false,false,true,false,false,false,false,false,false,false,-83.07668,42.37061,"{
  ""coordinates"": [
    -8.307668399480011e+01,
    4.237061340708190e+01
  ],
  ""type"": ""Point""
}","{
  ""coordinates"": [
    -83.076683995,
    42.370613407
  ],
  ""type"": ""Point""
}",-83.0766839949999,42.3706134070001
14552,1549725,VAUGHAN,GRAND RIVER,2018-11-28,28,11,2018,16,4,5,3,,,0,,1,1,4,25,2,2,3,4,0,0,0,1,false,false,false,false,true,false,false,false,false,false,false,true,false,false,false,false,false,false,false,false,false,false,-83.23853,42.40879,"{
  ""coordinates"": [
    -8.323853348387750e+01,
    4.240879123246770e+01
  ],
  ""type"": ""Point""
}","{
  ""coordinates"": [
    -83.238533484,
    42.408791232
  ],
  ""type"": ""Point""
}",-83.238533484,42.4087912320001
14553,1552425,N M 39 SERVICE DRIVE,WARREN,2018-11-28,28,11,2018,19,4,6,9,,4,0,Asphalt,1,1,3,30,3,2,2,5,0,0,0,0,true,false,false,false,false,false,false,false,false,false,false,false,false,false,false,false,false,false,false,false,false,false,-83.21571,42.34338,"{
  ""coordinates"": [
    -8.321571524080051e+01,
    4.234337685108760e+01
  ],
  ""type"": ""Point""
}","{
  ""coordinates"": [
    -83.215715241,
    42.343376851
  ],
  ""type"": ""Point""
}",-83.2157152409999,42.3433768510001
14554,1566317,CARPENTER,KLINGER,2018-11-28,28,11,2018,11,4,1,9,,4,1,Asphalt,1,1,1,25,2,1,1,2,0,1,0,0,false,false,false,false,false,false,false,true,false,false,false,false,false,false,false,false,false,false,false,false,false,false,-83.0592,42.4082,"{
  ""coordinates"": [
    -8.305920760035070e+01,
    4.240819656233980e+01
  ],
  ""type"": ""Point""
}","{
  ""coordinates"": [
    -83.0592076,
    42.408196562
  ],
  ""type"": ""Point""
}",-83.0592076,42.4081965620001
14555,1551008,3RD,MICHIGAN,2018-11-28,28,11,2018,16,4,8,2,,4,0,Asphalt,1,1,1,25,1,2,2,5,0,0,0,0,true,false,false,false,true,false,false,false,false,true,false,true,false,true,false,false,false,false,false,false,false,false,-83.05775,42.33176,"{
  ""coordinates"": [
    -8.305775735040920e+01,
    4.233175479834770e+01
  ],
  ""type"": ""Point""
}","{
  ""coordinates"": [
    -83.05775735,
    42.331754798
  ],
  ""type"": ""Point""
}",-83.05775735,42.3317547980001
14556,1557512,MILWAUKEE,S M 10,2018-11-28,28,11,2018,12,4,4,3,,4,0,Asphalt,1,1,1,25,4,2,2,5,0,0,0,0,true,false,true,true,false,false,false,false,false,false,false,false,false,true,false,false,false,false,false,false,false,false,-83.0811,42.36591,"{
  ""coordinates"": [
    -8.308109825619120e+01,
    4.236590667526550e+01
  ],
  ""type"": ""Point""
}","{
  ""coordinates"": [
    -83.081098256,
    42.365906675
  ],
  ""type"": ""Point""
}",-83.081098256,42.3659066750001
14557,1639853,WHITTIER,DUCHESS,2018-11-28,28,11,2018,23,4,4,9,,4,0,Asphalt,1,1,4,30,4,2,2,5,0,0,0,0,true,false,false,false,true,false,false,false,false,false,false,false,false,false,false,false,false,false,false,false,false,false,-82.96011,42.41985,"{
  ""coordinates"": [
    -8.296010962323200e+01,
    4.241985460631730e+01
  ],
  ""type"": ""Point""
}","{
  ""coordinates"": [
    -82.960109623,
    42.419854606
  ],
  ""type"": ""Point""
}",-82.9601096229999,42.4198546060001
14558,1551015,E I 94,MOROSS,2018-11-28,28,11,2018,6,4,8,1,,1,0,Asphalt,1,1,4,35,2,2,1,5,0,0,0,0,true,false,false,false,true,false,false,false,false,false,false,false,false,false,false,false,false,false,false,false,false,false,-82.9287,42.42445,"{
  ""coordinates"": [
    -8.292869434391720e+01,
    4.242445095041750e+01
  ],
  ""type"": ""Point""
}","{
  ""coordinates"": [
    -82.928694344,
    42.42445095
  ],
  ""type"": ""Point""
}",-82.928694344,42.4244509500001
14559,1586002,LANSDOWNE,CASINO,2018-11-28,28,11,2018,15,4,4,9,,,0,,1,1,1,25,2,2,3,5,0,0,0,0,true,false,false,false,true,false,false,false,false,false,false,false,false,false,false,false,false,false,false,false,false,false,-82.94971,42.42825,"{
  ""coordinates"": [
    -8.294970407818791e+01,
    4.242824457493420e+01
  ],
  ""type"": ""Point""
}","{
  ""coordinates"": [
    -82.949704078,
    42.428244575
  ],
  ""type"": ""Point""
}",-82.949704078,42.4282445750001
14560,1593390,HARPER,CADIEUX,2018-11-28,28,11,2018,14,4,97,9,,4,0,Asphalt,1,1,1,35,5,2,2,5,0,0,0,0,true,false,false,false,false,false,false,false,false,false,true,false,false,false,false,true,false,false,false,false,false,false,-82.93672,42.4164,"{
  ""coordinates"": [
    -8.293672498923181e+01,
    4.241640121566130e+01
  ],
  ""type"": ""Point""
}","{
  ""coordinates"": [
    -82.936724989,
    42.416401216
  ],
  ""type"": ""Point""
}",-82.936724989,42.4164012160001
14561,1552495,WOODWARD,SAVANNAH,2018-11-28,28,11,2018,6,4,8,3,,1,0,Asphalt,2,1,1,40,5,2,1,5,0,0,0,0,true,false,false,false,true,false,false,false,false,false,false,true,false,false,false,false,false,false,false,false,false,false,-83.1103,42.42521,"{
  ""coordinates"": [
    -8.311029481014469e+01,
    4.242520721677440e+01
  ],
  ""type"": ""Point""
}","{
  ""coordinates"": [
    -83.11029481,
    42.425207217
  ],
  ""type"": ""Point""
}",-83.11029481,42.425207217
14562,1549733,HAMBURG,PINEWOOD,2018-11-28,28,11,2018,5,4,8,9,,,0,,1,2,4,,1,2,1,5,0,0,0,0,true,false,false,false,false,false,false,false,false,false,false,false,false,false,false,false,false,false,false,false,false,false,-82.99744,42.43831,"{
  ""coordinates"": [
    -8.299743787164159e+01,
    4.243830981122700e+01
  ],
  ""type"": ""Point""
}","{
  ""coordinates"": [
    -82.997437872,
    42.438309811
  ],
  ""type"": ""Point""
}",-82.997437872,42.4383098110001
14563,1550941,M-39,SCHOOLCRAFT,2018-11-28,28,11,2018,8,4,5,3,,1,0,Asphalt,1,1,1,55,3,4,4,5,0,0,0,0,true,false,false,false,false,false,false,false,false,false,false,false,false,false,true,false,false,false,false,false,false,false,-83.21749,42.38526,"{
  ""coordinates"": [
    -8.321749304771549e+01,
    4.238526105086370e+01
  ],
  ""type"": ""Point""
}","{
  ""coordinates"": [
    -83.217493048,
    42.385261051
  ],
  ""type"": ""Point""
}",-83.2174930479999,42.385261051
14564,1554915,I75,ROSAPARKS,2018-11-28,28,11,2018,12,4,97,1,,4,0,Asphalt,1,2,1,55,3,2,2,4,0,0,0,1,false,false,false,false,false,false,false,false,false,false,false,false,false,true,false,false,false,false,false,false,false,false,-83.0728,42.33281,"{
  ""coordinates"": [
    -8.307280008563281e+01,
    4.233281119583190e+01
  ],
  ""type"": ""Point""
}","{
  ""coordinates"": [
    -83.072800086,
    42.332811196
  ],
  ""type"": ""Point""
}",-83.072800086,42.3328111960001
14565,1577999,I94,M10,2018-11-28,28,11,2018,18,4,8,1,,1,0,Asphalt,1,1,3,55,3,2,2,5,0,0,0,0,true,false,false,false,false,false,false,false,false,false,false,false,false,false,false,true,false,false,false,false,false,false,-83.07375,42.36103,"{
  ""coordinates"": [
    -8.307374489179909e+01,
    4.236103598129880e+01
  ],
  ""type"": ""Point""
}","{
  ""coordinates"": [
    -83.073744892,
    42.361035981
  ],
  ""type"": ""Point""
}",-83.073744892,42.361035981
14566,1550989,M-10,GLADSTONE,2018-11-28,28,11,2018,19,4,8,9,,4,0,Asphalt,1,1,4,55,4,2,2,5,0,0,0,0,true,false,false,false,true,false,false,false,false,false,false,false,false,false,true,false,false,false,false,false,false,false,-83.08805,42.37715,"{
  ""coordinates"": [
    -8.308805291690030e+01,
    4.237715242956370e+01
  ],
  ""type"": ""Point""
}","{
  ""coordinates"": [
    -83.088052917,
    42.37715243
  ],
  ""type"": ""Point""
}",-83.088052917,42.3771524300001
14567,1550980,M-39,WARREN,2018-11-28,28,11,2018,18,4,5,3,,1,0,Asphalt,1,1,2,55,3,2,2,5,0,0,0,0,true,false,false,false,false,false,false,false,false,false,false,false,false,false,false,false,false,false,false,false,false,false,-83.21606,42.34365,"{
  ""coordinates"": [
    -8.321605469649980e+01,
    4.234365197408790e+01
  ],
  ""type"": ""Point""
}","{
  ""coordinates"": [
    -83.216054696,
    42.343651974
  ],
  ""type"": ""Point""
}",-83.216054696,42.3436519740001
14568,1556113,I-75,MACK,2018-11-27,27,11,2018,18,3,5,1,,1,0,Concrete,1,2,4,55,3,2,2,5,0,0,0,0,true,false,false,false,false,false,false,false,false,false,true,false,false,false,false,false,false,false,false,false,false,false,-83.04565,42.34798,"{
  ""coordinates"": [
    -8.304565107863600e+01,
    4.234797756114360e+01
  ],
  ""type"": ""Point""
}","{
  ""coordinates"": [
    -83.045651079,
    42.347977561
  ],
  ""type"": ""Point""
}",-83.045651079,42.3479775610001
14569,1551024,GRATIOT,MCNICHOLS,2018-11-27,27,11,2018,12,3,5,3,,1,0,Asphalt,1,2,1,35,2,2,2,4,0,0,0,1,false,false,false,false,false,false,false,false,false,false,false,false,false,false,false,false,false,false,false,false,false,false,-82.98299,42.42705,"{
  ""coordinates"": [
    -8.298299028769991e+01,
    4.242704807518120e+01
  ],
  ""type"": ""Point""
}","{
  ""coordinates"": [
    -82.982990288,
    42.427048075
  ],
  ""type"": ""Point""
}",-82.9829902879999,42.4270480750001
14570,1549698,GUILFORD,CHANDLER,2018-11-27,27,11,2018,11,3,4,9,,,0,,1,2,1,25,2,2,2,5,0,0,0,0,true,false,false,false,true,false,false,false,false,false,false,false,false,false,true,false,false,false,false,false,false,false,-82.93037,42.41214,"{
  ""coordinates"": [
    -8.293036693053899e+01,
    4.241214020351370e+01
  ],
  ""type"": ""Point""
}","{
  ""coordinates"": [
    -82.930366931,
    42.412140204
  ],
  ""type"": ""Point""
}",-82.930366931,42.412140204
14571,1548549,S M 39 SERVICE DRIVE,KIRKWOOD,2018-11-27,27,11,2018,6,3,4,3,,1,0,Asphalt,1,2,1,30,2,2,1,5,0,0,0,0,true,false,false,false,true,false,false,false,false,false,false,false,false,false,false,false,false,false,false,false,false,false,-83.21623,42.33258,"{
  ""coordinates"": [
    -8.321623405204700e+01,
    4.233258337940500e+01
  ],
  ""type"": ""Point""
}","{
  ""coordinates"": [
    -83.216234052,
    42.332583379
  ],
  ""type"": ""Point""
}",-83.2162340519999,42.332583379
14572,1577983,RAMP 008K,I 96 CD,2018-11-27,27,11,2018,18,3,5,1,,1,0,Concrete,1,1,4,55,2,2,2,4,0,0,0,1,false,false,false,false,false,false,false,false,false,false,false,false,false,true,false,false,false,false,false,false,false,false,-83.22278,42.37796,"{
  ""coordinates"": [
    -8.322277753534830e+01,
    4.237795904197740e+01
  ],
  ""type"": ""Point""
}","{
  ""coordinates"": [
    -83.222777535,
    42.377959042
  ],
  ""type"": ""Point""
}",-83.222777535,42.377959042
14573,1562870,GREENFIELD,JOY,2018-11-27,27,11,2018,17,3,7,9,,2,0,Asphalt,1,1,4,40,5,2,2,5,0,0,0,0,true,false,false,false,false,false,false,false,false,false,false,false,false,false,false,false,false,false,false,false,false,false,-83.197,42.35813,"{
  ""coordinates"": [
    -8.319699679163620e+01,
    4.235812925403600e+01
  ],
  ""type"": ""Point""
}","{
  ""coordinates"": [
    -83.196996792,
    42.358129254
  ],
  ""type"": ""Point""
}",-83.1969967919999,42.3581292540001
14574,1549705,BRACE,CONSTANCE,2018-11-27,27,11,2018,16,3,4,9,,,0,,1,2,3,25,2,2,2,5,0,0,0,0,true,false,true,false,false,false,false,false,false,true,true,false,false,false,false,false,false,false,false,false,false,false,-83.22356,42.35413,"{
  ""coordinates"": [
    -8.322356719021570e+01,
    4.235412560260780e+01
  ],
  ""type"": ""Point""
}","{
  ""coordinates"": [
    -83.22356719,
    42.354125603
  ],
  ""type"": ""Point""
}",-83.22356719,42.3541256030001
14575,1549691,CABOT,MICHIGAN,2018-11-27,27,11,2018,17,3,4,2,,,0,,1,1,4,25,2,2,3,5,0,0,0,0,true,false,false,false,false,false,false,false,false,false,false,false,false,false,true,false,false,false,false,false,false,false,-83.14933,42.32939,"{
  ""coordinates"": [
    -8.314932707995921e+01,
    4.232938947667760e+01
  ],
  ""type"": ""Point""
}","{
  ""coordinates"": [
    -83.14932708,
    42.329389477
  ],
  ""type"": ""Point""
}",-83.14932708,42.3293894770001
14576,1554934,I 94,VAN DYKE,2018-11-27,27,11,2018,16,3,5,1,,1,0,Asphalt,1,2,1,55,4,2,5,4,0,0,0,2,false,false,false,false,false,false,false,false,false,false,false,false,false,false,false,false,false,false,false,false,false,false,-83.01688,42.38752,"{
  ""coordinates"": [
    -8.301688310682330e+01,
    4.238752310233510e+01
  ],
  ""type"": ""Point""
}","{
  ""coordinates"": [
    -83.016883107,
    42.387523102
  ],
  ""type"": ""Point""
}",-83.016883107,42.387523102
14577,1557501,MACK,WOODWARD,2018-11-27,27,11,2018,9,3,97,3,,4,0,Asphalt,1,1,1,30,3,3,17,4,0,0,0,1,false,false,false,false,false,false,false,false,false,false,false,false,false,false,false,true,false,false,true,false,false,false,-83.05783,42.3474,"{
  ""coordinates"": [
    -8.305782806369940e+01,
    4.234740549272610e+01
  ],
  ""type"": ""Point""
}","{
  ""coordinates"": [
    -83.057828064,
    42.347405493
  ],
  ""type"": ""Point""
}",-83.057828064,42.3474054930001
14578,1562869,FORD,ARTESIAN,2018-11-27,27,11,2018,12,3,97,3,,1,0,Asphalt,1,2,1,50,6,2,2,4,0,0,0,1,false,false,false,false,false,false,false,false,false,false,false,false,false,false,false,false,false,false,false,false,false,false,-83.22502,42.32895,"{
  ""coordinates"": [
    -8.322501905998421e+01,
    4.232894486466260e+01
  ],
  ""type"": ""Point""
}","{
  ""coordinates"": [
    -83.22501906,
    42.328944865
  ],
  ""type"": ""Point""
}",-83.22501906,42.328944865
14579,1548551,DAVISON,LIVERNOIS,2018-11-27,27,11,2018,7,3,3,3,,1,0,Concrete,1,1,2,35,2,2,2,5,0,0,0,0,true,false,true,true,false,false,false,false,false,false,false,false,false,false,false,false,false,false,false,false,false,false,-83.13927,42.38652,"{
  ""coordinates"": [
    -8.313927596079451e+01,
    4.238651737195420e+01
  ],
  ""type"": ""Point""
}","{
  ""coordinates"": [
    -83.139275961,
    42.386517372
  ],
  ""type"": ""Point""
}",-83.139275961,42.3865173720001
14580,1562906,PURITAN,STOUT,2018-11-27,27,11,2018,20,3,4,9,,,0,,1,1,4,25,2,2,3,4,0,0,0,2,false,false,false,false,false,false,false,false,false,false,false,false,false,true,false,false,false,false,false,false,false,false,-83.24185,42.4078,"{
  ""coordinates"": [
    -8.324185297770519e+01,
    4.240780268814300e+01
  ],
  ""type"": ""Point""
}","{
  ""coordinates"": [
    -83.241852978,
    42.407802688
  ],
  ""type"": ""Point""
}",-83.2418529779999,42.4078026880001
14581,1584445,JOHN R,HANCOCK,2018-11-27,27,11,2018,23,3,4,9,,4,0,Asphalt,1,1,4,25,8,2,3,5,0,0,0,0,true,false,true,true,false,false,false,false,false,false,false,false,false,false,false,false,false,false,false,false,false,false,-83.06148,42.35673,"{
  ""coordinates"": [
    -8.306147825314930e+01,
    4.235673224296010e+01
  ],
  ""type"": ""Point""
}","{
  ""coordinates"": [
    -83.061478253,
    42.356732243
  ],
  ""type"": ""Point""
}",-83.061478253,42.3567322430001
14582,1564883,JOHN R,WILLIS,2018-11-27,27,11,2018,14,3,3,9,,4,0,Asphalt,1,1,1,25,4,2,3,5,0,0,0,0,true,false,false,false,false,false,false,false,false,false,false,false,false,false,true,false,false,false,false,false,false,false,-83.05866,42.35257,"{
  ""coordinates"": [
    -8.305866317474370e+01,
    4.235256806854320e+01
  ],
  ""type"": ""Point""
}","{
  ""coordinates"": [
    -83.058663175,
    42.352568069
  ],
  ""type"": ""Point""
}",-83.0586631749999,42.352568069
14583,1547552,S M 39,OUTER,2018-11-27,27,11,2018,15,3,4,3,,1,0,Concrete,1,2,1,35,4,2,3,4,0,0,0,1,false,false,true,true,false,false,false,false,false,false,false,false,false,false,false,false,false,false,false,false,false,false,-83.21902,42.41958,"{
  ""coordinates"": [
    -8.321902272397610e+01,
    4.241958312994870e+01
  ],
  ""type"": ""Point""
}","{
  ""coordinates"": [
    -83.219022724,
    42.41958313
  ],
  ""type"": ""Point""
}",-83.219022724,42.41958313
14584,1548552,DAVISON,LINWOOD,2018-11-27,27,11,2018,12,3,5,3,,1,0,Asphalt,1,2,1,35,3,2,2,5,0,0,0,0,true,false,false,false,false,false,false,false,false,false,false,false,false,false,false,true,false,false,false,false,false,false,-83.12188,42.39307,"{
  ""coordinates"": [
    -8.312187912629879e+01,
    4.239307493516890e+01
  ],
  ""type"": ""Point""
}","{
  ""coordinates"": [
    -83.121879126,
    42.393074935
  ],
  ""type"": ""Point""
}",-83.121879126,42.3930749350001
14585,1549721,8 MILE,ASHTON,2018-11-27,27,11,2018,17,3,5,3,,1,0,Asphalt,1,2,4,45,4,2,3,5,0,0,0,0,true,false,false,false,false,false,false,false,false,false,false,false,false,true,false,false,false,false,false,false,false,false,-83.22099,42.44415,"{
  ""coordinates"": [
    -8.322098359279120e+01,
    4.244414947619340e+01
  ],
  ""type"": ""Point""
}","{
  ""coordinates"": [
    -83.220983593,
    42.444149476
  ],
  ""type"": ""Point""
}",-83.220983593,42.4441494760001
14586,1577996,I-94,JOHN R,2018-11-27,27,11,2018,19,3,5,1,,1,0,Asphalt,1,1,4,55,3,4,6,5,0,0,0,0,true,false,false,false,false,false,false,false,false,false,false,false,false,false,true,false,false,false,false,false,false,false,-83.06646,42.36474,"{
  ""coordinates"": [
    -8.306645795199179e+01,
    4.236474230748260e+01
  ],
  ""type"": ""Point""
}","{
  ""coordinates"": [
    -83.066457952,
    42.364742307
  ],
  ""type"": ""Point""
}",-83.066457952,42.364742307
14587,1553781,I-94,I-75,2018-11-27,27,11,2018,18,3,1,1,,1,0,Concrete,1,2,4,55,3,1,1,5,0,0,0,0,true,false,false,false,false,false,false,false,false,false,false,false,false,false,false,false,false,false,false,false,false,false,-83.05738,42.36887,"{
  ""coordinates"": [
    -8.305737735613521e+01,
    4.236887076883490e+01
  ],
  ""type"": ""Point""
}","{
  ""coordinates"": [
    -83.057377356,
    42.368870769
  ],
  ""type"": ""Point""
}",-83.057377356,42.3688707690001
14588,1551031,7 MILE,WYOMING,2018-11-27,27,11,2018,19,3,4,9,,2,0,Asphalt,1,1,4,30,5,2,2,5,0,0,0,0,true,false,false,false,false,false,false,false,false,false,true,true,false,false,false,true,false,false,false,false,false,false,-83.16064,42.43135,"{
  ""coordinates"": [
    -8.316063413160290e+01,
    4.243135353596400e+01
  ],
  ""type"": ""Point""
}","{
  ""coordinates"": [
    -83.160634132,
    42.431353536
  ],
  ""type"": ""Point""
}",-83.160634132,42.4313535360001