ObjectId,Crash ID,Primary Road,Intersecting Road,Crash Date,Day,Month,Year,Hour,Weekday,Crash Type Code,Highway Classification Code,Community Code,Jurisdiction Code,Lane Departure Type Code,Surface Type,Road Condition,Weather Condition,Lighting Condition,Speed Limit,Lanes,Units,Occupants,Most Severe Injury,Fatal Injuries,Suspected Serious Injuries,Suspected Minor Injuries,Possible Injuries,Property Damage Only,Secondary Crash,Traffic Control,Red Light Run,Hit and Run,Alcohol,Drugs,Unbelted Person,Work Zone,Speeding Driver,Distracted Driver,Driveway,Pedestrian,Elderly Driver,Young Driver,Commercial Vehicle,Emergency Vehicles,Train,School Bus,Motorcycle,Bicycle,Deer,Longitude,Latitude,geom,geog,x,y
14697,1545723,14TH,COLLINGWOOD,2018-11-25,25,11,2018,2,1,2,9,,4,2,Asphalt,1,1,4,25,3,2,4,3,0,0,2,0,false,false,false,false,false,false,false,false,false,false,false,false,false,false,false,false,false,false,false,false,false,false,-83.10794,42.38289,"{
  ""coordinates"": [
    -8.310793919242600e+01,
    4.238289288428840e+01
  ],
  ""type"": ""Point""
}","{
  ""coordinates"": [
    -83.107939192,
    42.382892884
  ],
  ""type"": ""Point""
}",-83.1079391919999,42.3828928840001
14698,1549727,GRAND RIVER,LAHSER,2018-11-25,25,11,2018,1,1,5,3,,1,3,Asphalt,1,1,4,35,3,2,0,5,0,0,0,0,true,false,false,false,true,false,false,false,false,false,false,false,false,false,false,false,false,false,false,false,false,false,-83.257,42.41623,"{
  ""coordinates"": [
    -8.325699393300449e+01,
    4.241623111184450e+01
  ],
  ""type"": ""Point""
}","{
  ""coordinates"": [
    -83.256993933,
    42.416231112
  ],
  ""type"": ""Point""
}",-83.256993933,42.416231112
14699,1551034,MEYERS,CURTIS,2018-11-25,25,11,2018,14,1,1,9,,4,1,Asphalt,1,1,1,30,2,1,2,4,0,0,0,1,false,false,false,false,false,false,false,false,false,false,false,false,false,true,false,false,false,false,false,false,false,false,-83.17044,42.42399,"{
  ""coordinates"": [
    -8.317043840627410e+01,
    4.242399333297220e+01
  ],
  ""type"": ""Point""
}","{
  ""coordinates"": [
    -83.170438406,
    42.423993333
  ],
  ""type"": ""Point""
}",-83.170438406,42.4239933330001
14700,1545713,7 MILE,MURRAY,2018-11-25,25,11,2018,14,1,8,9,,2,0,Asphalt,1,2,1,30,2,2,1,5,0,0,0,0,true,false,false,false,true,false,false,false,false,false,false,false,false,false,false,false,false,false,false,false,false,false,-83.20847,42.43029,"{
  ""coordinates"": [
    -8.320846346609351e+01,
    4.243029555636080e+01
  ],
  ""type"": ""Point""
}","{
  ""coordinates"": [
    -83.208463466,
    42.430295556
  ],
  ""type"": ""Point""
}",-83.208463466,42.430295556
14701,1547406,DWYER,DESNER,2018-11-25,25,11,2018,15,1,4,9,,,0,,1,1,1,25,1,2,2,5,0,0,0,0,true,true,false,false,true,false,false,false,false,false,false,false,false,false,false,false,false,false,false,false,false,false,-83.04063,42.41812,"{
  ""coordinates"": [
    -8.304063325233470e+01,
    4.241811809419530e+01
  ],
  ""type"": ""Point""
}","{
  ""coordinates"": [
    -83.040633252,
    42.418118094
  ],
  ""type"": ""Point""
}",-83.040633252,42.4181180940001
14702,1550986,W I 96,LIVERNOIS,2018-11-25,25,11,2018,21,1,1,1,,1,1,Asphalt,1,2,4,70,4,1,2,3,0,0,1,1,false,false,false,false,false,false,false,false,false,false,true,false,false,false,true,false,false,false,false,false,false,false,-83.13856,42.36732,"{
  ""coordinates"": [
    -8.313855563929010e+01,
    4.236731896117760e+01
  ],
  ""type"": ""Point""
}","{
  ""coordinates"": [
    -83.138555639,
    42.367318961
  ],
  ""type"": ""Point""
}",-83.1385556389999,42.3673189610001
14703,1550982,I94 WB,CONNER,2018-11-25,25,11,2018,22,1,5,1,,1,0,Asphalt,1,1,3,55,3,2,1,5,0,0,0,0,true,false,false,false,true,false,false,false,false,true,false,false,false,false,false,false,false,false,false,false,false,false,-82.98785,42.39658,"{
  ""coordinates"": [
    -8.298784608201851e+01,
    4.239657897327660e+01
  ],
  ""type"": ""Point""
}","{
  ""coordinates"": [
    -82.987846082,
    42.396578973
  ],
  ""type"": ""Point""
}",-82.987846082,42.396578973
14704,1545702,8 MILE,REDFERN,2018-11-25,25,11,2018,13,1,5,3,,1,0,Asphalt,1,1,1,45,4,2,2,5,0,0,0,0,true,false,false,false,true,false,false,false,false,false,false,false,false,true,false,false,false,false,false,false,false,false,-83.2653,42.44307,"{
  ""coordinates"": [
    -8.326529860100560e+01,
    4.244307440244210e+01
  ],
  ""type"": ""Point""
}","{
  ""coordinates"": [
    -83.265298601,
    42.443074402
  ],
  ""type"": ""Point""
}",-83.265298601,42.443074402
14705,1560456,I-94,CADIEUX,2018-11-25,25,11,2018,19,1,97,1,,1,0,Asphalt,1,2,4,55,3,3,2,2,0,1,0,1,false,false,false,false,false,false,false,true,false,false,false,false,true,false,true,false,false,false,false,false,false,false,-82.93494,42.41851,"{
  ""coordinates"": [
    -8.293494540341941e+01,
    4.241851311814490e+01
  ],
  ""type"": ""Point""
}","{
  ""coordinates"": [
    -82.934945403,
    42.418513118
  ],
  ""type"": ""Point""
}",-82.934945403,42.4185131180001
14706,1560458,N I 75,N I 375,2018-11-25,25,11,2018,8,1,1,1,,1,0,Concrete,1,1,1,55,2,1,1,5,0,0,0,0,true,false,false,false,false,false,false,false,false,false,false,false,false,false,false,false,false,false,false,false,false,false,-83.0433,42.34261,"{
  ""coordinates"": [
    -8.304330637526159e+01,
    4.234261355030840e+01
  ],
  ""type"": ""Point""
}","{
  ""coordinates"": [
    -83.043306375,
    42.34261355
  ],
  ""type"": ""Point""
}",-83.043306375,42.3426135500001
14707,1545684,WYOMING,CHICAGO,2018-11-25,25,11,2018,1,1,4,9,,4,0,Asphalt,1,1,4,30,3,2,2,5,0,0,0,0,true,false,false,false,false,false,false,false,false,false,false,false,false,false,true,false,false,false,false,false,false,false,-83.15821,42.3662,"{
  ""coordinates"": [
    -8.315820916894850e+01,
    4.236619409955300e+01
  ],
  ""type"": ""Point""
}","{
  ""coordinates"": [
    -83.158209169,
    42.3661941
  ],
  ""type"": ""Point""
}",-83.158209169,42.3661941
14708,1547358,GRAND,HAMILTON,2018-11-25,25,11,2018,19,1,97,9,,4,0,Asphalt,1,1,4,35,3,2,2,5,0,0,0,0,true,false,false,false,false,false,false,false,false,false,false,false,false,false,false,false,false,false,false,false,false,false,-83.08221,42.36683,"{
  ""coordinates"": [
    -8.308221378091650e+01,
    4.236682453455260e+01
  ],
  ""type"": ""Point""
}","{
  ""coordinates"": [
    -83.082213781,
    42.366824535
  ],
  ""type"": ""Point""
}",-83.082213781,42.366824535
14709,1545732,7 MILE,MOUNT ELLIOTT,2018-11-25,25,11,2018,8,1,97,9,,4,0,Asphalt,1,1,1,,2,3,5,4,0,0,0,2,false,false,true,true,false,false,false,false,false,false,false,false,false,true,false,false,false,false,false,false,false,false,-83.04339,42.43357,"{
  ""coordinates"": [
    -8.304339178066250e+01,
    4.243357515833950e+01
  ],
  ""type"": ""Point""
}","{
  ""coordinates"": [
    -83.043391781,
    42.433575158
  ],
  ""type"": ""Point""
}",-83.043391781,42.4335751580001
14710,1545712,7 MILE,PREVOST,2018-11-25,25,11,2018,15,1,5,9,,2,0,Asphalt,1,1,1,35,4,2,3,4,0,0,0,2,false,false,false,false,false,false,false,false,false,false,false,false,false,false,false,false,false,false,false,false,false,false,-83.20418,42.43035,"{
  ""coordinates"": [
    -8.320417486061980e+01,
    4.243035077616890e+01
  ],
  ""type"": ""Point""
}","{
  ""coordinates"": [
    -83.204174861,
    42.430350776
  ],
  ""type"": ""Point""
}",-83.204174861,42.4303507760001
14711,1545685,WYOMING,INTERVALE,2018-11-25,25,11,2018,2,1,8,9,,4,0,Asphalt,1,1,4,35,2,2,0,5,0,0,0,0,true,false,false,false,true,false,false,false,false,false,false,false,false,false,false,false,false,false,false,false,false,false,-83.15919,42.39137,"{
  ""coordinates"": [
    -8.315919801970010e+01,
    4.239137236417950e+01
  ],
  ""type"": ""Point""
}","{
  ""coordinates"": [
    -83.15919802,
    42.391372364
  ],
  ""type"": ""Point""
}",-83.15919802,42.3913723640001
14712,1545724,JOHN C,LIVERNOIS,2018-11-25,25,11,2018,11,1,4,3,,1,0,Concrete,1,1,1,30,3,2,2,5,0,0,0,0,true,false,true,true,false,false,false,false,false,false,false,false,false,true,false,false,false,false,false,false,false,false,-83.14061,42.4048,"{
  ""coordinates"": [
    -8.314060616523780e+01,
    4.240480361334720e+01
  ],
  ""type"": ""Point""
}","{
  ""coordinates"": [
    -83.140606165,
    42.404803613
  ],
  ""type"": ""Point""
}",-83.140606165,42.4048036130001
14713,1547354,DACOSTA,ACACIA,2018-11-25,25,11,2018,18,1,4,9,,,0,,1,1,4,25,4,2,1,5,0,0,0,0,true,false,false,false,true,false,false,false,false,false,false,false,false,false,false,false,false,false,false,false,false,false,-83.26021,42.39063,"{
  ""coordinates"": [
    -8.326020766086781e+01,
    4.239062477015460e+01
  ],
  ""type"": ""Point""
}","{
  ""coordinates"": [
    -83.260207661,
    42.39062477
  ],
  ""type"": ""Point""
}",-83.260207661,42.39062477
14714,1545698,STEEL,CHALFONTE,2018-11-25,25,11,2018,13,1,98,9,,,3,,1,1,1,25,1,2,1,5,0,0,0,0,true,false,false,false,true,false,false,true,false,false,false,false,false,false,false,false,false,false,false,false,false,false,-83.17139,42.40003,"{
  ""coordinates"": [
    -8.317139201243010e+01,
    4.240003393928580e+01
  ],
  ""type"": ""Point""
}","{
  ""coordinates"": [
    -83.171392012,
    42.400033939
  ],
  ""type"": ""Point""
}",-83.171392012,42.400033939
14715,1562911,8 MILE,CIRCLE,2018-11-25,25,11,2018,18,1,4,3,,1,0,Asphalt,1,1,4,35,2,2,3,4,0,0,0,1,false,false,true,true,false,false,false,false,false,false,false,false,false,true,false,false,false,false,false,false,false,false,-83.21696,42.44424,"{
  ""coordinates"": [
    -8.321695472227880e+01,
    4.244424166945420e+01
  ],
  ""type"": ""Point""
}","{
  ""coordinates"": [
    -83.216954722,
    42.444241669
  ],
  ""type"": ""Point""
}",-83.216954722,42.4442416690001
14716,1547391,GREENFIELD,WHITLOCK,2018-11-25,25,11,2018,20,1,2,9,,2,2,Asphalt,1,1,4,,4,2,2,5,0,0,0,0,true,false,false,false,false,false,false,false,false,false,false,false,false,false,false,false,false,false,false,false,false,false,-83.19614,42.34012,"{
  ""coordinates"": [
    -8.319614479934251e+01,
    4.234012265486260e+01
  ],
  ""type"": ""Point""
}","{
  ""coordinates"": [
    -83.196144799,
    42.340122655
  ],
  ""type"": ""Point""
}",-83.196144799,42.3401226550001
14717,1549746,WYOMING,PEMBROKE,2018-11-25,25,11,2018,13,1,97,9,,4,0,Asphalt,1,2,1,30,5,2,2,5,0,0,0,0,true,false,false,false,false,false,false,false,false,false,false,true,false,false,false,false,false,false,false,false,false,false,-83.16122,42.43864,"{
  ""coordinates"": [
    -8.316121940794891e+01,
    4.243863502710690e+01
  ],
  ""type"": ""Point""
}","{
  ""coordinates"": [
    -83.161219408,
    42.438635027
  ],
  ""type"": ""Point""
}",-83.161219408,42.438635027
14718,1547378,CONNER,RAMP 220G,2018-11-25,25,11,2018,21,1,4,9,,4,0,Asphalt,1,1,4,35,2,2,4,5,0,0,0,0,true,false,true,true,false,false,false,false,false,false,false,false,false,false,true,false,false,false,false,false,false,false,-82.98928,42.3956,"{
  ""coordinates"": [
    -8.298928053484831e+01,
    4.239559780258550e+01
  ],
  ""type"": ""Point""
}","{
  ""coordinates"": [
    -82.989280535,
    42.395597803
  ],
  ""type"": ""Point""
}",-82.989280535,42.395597803
14719,1545709,OUTER,FENKELL,2018-11-25,25,11,2018,14,1,3,9,,2,0,Asphalt,1,1,1,35,4,2,3,4,0,0,0,1,false,false,false,false,false,false,false,false,false,false,false,false,false,true,true,false,false,false,false,false,false,false,-83.23261,42.40077,"{
  ""coordinates"": [
    -8.323261075560410e+01,
    4.240077124349000e+01
  ],
  ""type"": ""Point""
}","{
  ""coordinates"": [
    -83.232610756,
    42.400771243
  ],
  ""type"": ""Point""
}",-83.232610756,42.4007712430001
14720,1545694,BEAUBIEN,MACK,2018-11-25,25,11,2018,11,1,8,9,,,0,,1,1,1,35,3,2,3,5,0,0,0,0,true,false,false,false,false,false,false,false,false,false,false,false,false,false,false,false,false,false,false,false,false,false,-83.05229,42.34953,"{
  ""coordinates"": [
    -8.305229075797320e+01,
    4.234953274106370e+01
  ],
  ""type"": ""Point""
}","{
  ""coordinates"": [
    -83.052290758,
    42.349532741
  ],
  ""type"": ""Point""
}",-83.052290758,42.3495327410001
14721,1545722,SCHOENHERR,TACOMA,2018-11-25,25,11,2018,16,1,4,9,,4,0,Asphalt,1,1,1,30,4,2,4,5,0,0,0,0,true,false,true,false,false,false,false,false,false,false,false,false,false,false,true,false,false,false,false,false,false,false,-82.98538,42.44147,"{
  ""coordinates"": [
    -8.298538037008400e+01,
    4.244147046572640e+01
  ],
  ""type"": ""Point""
}","{
  ""coordinates"": [
    -82.98538037,
    42.441470466
  ],
  ""type"": ""Point""
}",-82.98538037,42.4414704660001
14722,1597562,KERCHEVAL,LEMAY,2018-11-25,25,11,2018,12,1,8,9,,4,0,Asphalt,1,1,1,30,3,2,2,5,0,0,0,0,true,false,false,false,true,false,false,false,false,false,false,false,false,false,false,false,false,false,false,false,false,false,-82.97643,42.3677,"{
  ""coordinates"": [
    -8.297643502974050e+01,
    4.236770259289650e+01
  ],
  ""type"": ""Point""
}","{
  ""coordinates"": [
    -82.97643503,
    42.367702593
  ],
  ""type"": ""Point""
}",-82.9764350299999,42.367702593
14723,1566320,ROSSITER,KINGSVILLE,2018-11-25,25,11,2018,15,1,4,9,,,0,,1,2,1,25,2,2,2,4,0,0,0,1,false,false,false,false,true,false,false,false,false,true,false,false,false,false,false,false,false,false,false,false,false,false,-82.94361,42.43264,"{
  ""coordinates"": [
    -8.294361227622041e+01,
    4.243263682689890e+01
  ],
  ""type"": ""Point""
}","{
  ""coordinates"": [
    -82.943612276,
    42.432636827
  ],
  ""type"": ""Point""
}",-82.943612276,42.4326368270001
14724,1544365,GRAND RIVER,N I 75,2018-11-25,25,11,2018,3,1,9,3,,1,0,Concrete,1,1,4,30,3,2,1,5,0,0,0,0,true,false,false,false,true,false,false,false,false,false,false,false,false,false,false,false,false,false,false,false,false,false,-83.05922,42.33652,"{
  ""coordinates"": [
    -8.305921643471810e+01,
    4.233652166701170e+01
  ],
  ""type"": ""Point""
}","{
  ""coordinates"": [
    -83.059216435,
    42.336521667
  ],
  ""type"": ""Point""
}",-83.0592164349999,42.3365216670001
14725,1551032,7 MILE,LAUDER,2018-11-25,25,11,2018,20,1,6,9,,2,0,Asphalt,1,1,4,30,4,2,2,4,0,0,0,2,false,false,false,false,true,false,false,false,false,false,true,false,false,false,false,false,false,false,false,false,false,false,-83.19258,42.43064,"{
  ""coordinates"": [
    -8.319257923402429e+01,
    4.243063679474930e+01
  ],
  ""type"": ""Point""
}","{
  ""coordinates"": [
    -83.192579234,
    42.430636795
  ],
  ""type"": ""Point""
}",-83.1925792339999,42.4306367950001
14726,1547376,MACK,ALTER,2018-11-24,24,11,2018,17,7,4,9,,4,0,Asphalt,1,1,5,35,5,2,2,5,0,0,0,0,true,false,false,false,false,false,false,false,false,false,false,false,false,false,true,false,false,false,false,false,false,false,-82.9477,42.3873,"{
  ""coordinates"": [
    -8.294769912659920e+01,
    4.238730008285270e+01
  ],
  ""type"": ""Point""
}","{
  ""coordinates"": [
    -82.947699127,
    42.387300083
  ],
  ""type"": ""Point""
}",-82.947699127,42.3873000830001
14727,1544424,LIVERNOIS,PURITAN,2018-11-24,24,11,2018,3,7,5,9,,4,0,Asphalt,2,4,4,35,2,2,2,5,0,0,0,0,true,false,false,false,true,false,false,false,false,false,false,false,false,false,false,false,false,false,false,false,false,false,-83.14043,42.41002,"{
  ""coordinates"": [
    -8.314043659376520e+01,
    4.241002088444010e+01
  ],
  ""type"": ""Point""
}","{
  ""coordinates"": [
    -83.140436594,
    42.410020884
  ],
  ""type"": ""Point""
}",-83.1404365939999,42.4100208840001
14728,1545692,12TH,GRAND,2018-11-24,24,11,2018,21,7,4,9,,4,0,Asphalt,1,1,4,35,2,2,1,5,0,0,0,0,true,false,true,true,true,false,false,false,false,false,false,false,false,false,false,true,false,false,false,false,false,false,-83.09103,42.36361,"{
  ""coordinates"": [
    -8.309102664038470e+01,
    4.236360946720180e+01
  ],
  ""type"": ""Point""
}","{
  ""coordinates"": [
    -83.09102664,
    42.363609467
  ],
  ""type"": ""Point""
}",-83.0910266399999,42.3636094670001
14729,1550945,S M 39,PEMBROKE,2018-11-24,24,11,2018,14,7,1,3,,1,1,Concrete,2,4,1,55,3,1,2,4,0,0,0,1,false,false,false,false,false,false,false,false,false,false,false,false,false,false,false,false,false,false,false,false,false,false,-83.21973,42.4372,"{
  ""coordinates"": [
    -8.321972684409090e+01,
    4.243719706292020e+01
  ],
  ""type"": ""Point""
}","{
  ""coordinates"": [
    -83.219726844,
    42.437197063
  ],
  ""type"": ""Point""
}",-83.219726844,42.437197063
14730,1547379,WARREN,WOODMONT,2018-11-24,24,11,2018,22,7,2,9,,2,0,Asphalt,1,1,4,30,4,2,3,5,0,0,0,0,true,false,false,false,false,true,false,false,false,false,false,false,false,false,false,false,false,false,false,false,false,false,-83.20767,42.34351,"{
  ""coordinates"": [
    -8.320767574145810e+01,
    4.234350764011250e+01
  ],
  ""type"": ""Point""
}","{
  ""coordinates"": [
    -83.207675741,
    42.34350764
  ],
  ""type"": ""Point""
}",-83.2076757409999,42.34350764
14731,1544358,OAKMAN,ANNAPOLIS,2018-11-24,24,11,2018,8,7,1,9,,4,1,Asphalt,2,2,2,35,2,1,1,5,0,0,0,0,true,false,false,false,true,false,false,false,false,false,false,false,false,false,false,false,false,false,false,false,false,false,-83.16022,42.35986,"{
  ""coordinates"": [
    -8.316021355039599e+01,
    4.235985640731110e+01
  ],
  ""type"": ""Point""
}","{
  ""coordinates"": [
    -83.16021355,
    42.359856407
  ],
  ""type"": ""Point""
}",-83.16021355,42.3598564070001
14732,1545683,CHICAGO,WYOMING,2018-11-24,24,11,2018,23,7,4,9,,4,0,Asphalt,2,1,4,,3,2,4,4,0,0,0,1,false,false,false,false,true,false,false,true,false,false,false,false,false,false,false,false,false,false,false,false,false,false,-83.15821,42.3662,"{
  ""coordinates"": [
    -8.315820916894850e+01,
    4.236619409955300e+01
  ],
  ""type"": ""Point""
}","{
  ""coordinates"": [
    -83.158209169,
    42.3661941
  ],
  ""type"": ""Point""
}",-83.158209169,42.3661941
14733,1544423,APPOLINE,MIDLAND,2018-11-24,24,11,2018,21,7,4,9,,,0,,1,1,4,25,2,2,2,3,0,0,1,0,false,false,false,false,false,false,false,false,false,false,false,false,false,false,false,false,false,false,false,false,false,false,-83.17063,42.40589,"{
  ""coordinates"": [
    -8.317063332877260e+01,
    4.240589029633010e+01
  ],
  ""type"": ""Point""
}","{
  ""coordinates"": [
    -83.170633329,
    42.405890296
  ],
  ""type"": ""Point""
}",-83.1706333289999,42.4058902960001
14734,1544377,GRAND RIVER,MONTROSE,2018-11-24,24,11,2018,15,7,4,3,,1,0,Asphalt,2,4,1,,5,2,4,5,0,0,0,0,true,false,false,false,false,false,false,false,false,false,false,false,false,true,false,false,false,false,false,false,false,false,-83.20026,42.39342,"{
  ""coordinates"": [
    -8.320025611339609e+01,
    4.239341929526990e+01
  ],
  ""type"": ""Point""
}","{
  ""coordinates"": [
    -83.200256113,
    42.393419295
  ],
  ""type"": ""Point""
}",-83.200256113,42.3934192950001
14735,1547392,EVERGREEN,VAN BUREN,2018-11-24,24,11,2018,10,7,4,9,,4,0,Asphalt,2,2,1,30,2,2,2,4,0,0,0,2,false,false,false,false,false,false,false,false,false,false,false,false,false,false,false,false,false,false,false,false,false,false,-83.23587,42.35583,"{
  ""coordinates"": [
    -8.323586945289760e+01,
    4.235583331929880e+01
  ],
  ""type"": ""Point""
}","{
  ""coordinates"": [
    -83.235869453,
    42.355833319
  ],
  ""type"": ""Point""
}",-83.235869453,42.3558333190001
14736,1545699,I 96,OUTER,2018-11-24,24,11,2018,22,7,97,1,,1,0,Concrete,1,1,4,55,3,2,2,5,0,0,0,0,true,false,false,false,true,false,false,false,false,false,false,false,false,false,false,false,false,false,false,false,false,false,-83.25581,42.38561,"{
  ""coordinates"": [
    -8.325581441423270e+01,
    4.238560759643460e+01
  ],
  ""type"": ""Point""
}","{
  ""coordinates"": [
    -83.255814414,
    42.385607596
  ],
  ""type"": ""Point""
}",-83.255814414,42.3856075960001
14737,1544372,SOUTHFIELD SERVICE DRIVE,8 MILE,2018-11-24,24,11,2018,3,7,8,3,,5,0,Asphalt,2,4,4,55,3,2,6,5,0,0,0,0,true,false,false,false,false,false,false,true,false,false,true,false,false,false,false,false,false,false,false,false,false,false,-83.22015,42.44406,"{
  ""coordinates"": [
    -8.322014567101741e+01,
    4.244405964603680e+01
  ],
  ""type"": ""Point""
}","{
  ""coordinates"": [
    -83.220145671,
    42.444059646
  ],
  ""type"": ""Point""
}",-83.220145671,42.444059646
14738,1545689,WOODWARD,CONGRESS,2018-11-24,24,11,2018,2,7,1,9,,4,0,Asphalt,1,1,4,25,3,2,2,5,0,0,0,0,true,false,false,false,false,false,false,false,false,false,false,false,false,false,false,false,false,true,false,false,false,false,-83.04592,42.33017,"{
  ""coordinates"": [
    -8.304592206777031e+01,
    4.233016641037190e+01
  ],
  ""type"": ""Point""
}","{
  ""coordinates"": [
    -83.045922068,
    42.33016641
  ],
  ""type"": ""Point""
}",-83.045922068,42.3301664100001
14739,1545715,LAPPIN,SCHOENHERR,2018-11-24,24,11,2018,18,7,4,9,,,0,,2,1,4,30,2,2,5,4,0,0,0,2,false,false,false,false,false,false,false,false,false,false,false,false,false,false,false,false,false,false,false,false,false,false,-82.98521,42.43697,"{
  ""coordinates"": [
    -8.298520734762189e+01,
    4.243697007722480e+01
  ],
  ""type"": ""Point""
}","{
  ""coordinates"": [
    -82.985207348,
    42.436970077
  ],
  ""type"": ""Point""
}",-82.985207348,42.4369700770001
14740,1544366,MICHIGAN,ROSA PARKS,2018-11-24,24,11,2018,18,7,8,2,,1,0,Asphalt,2,1,4,30,5,2,3,5,0,0,0,0,true,false,false,false,false,false,false,false,false,false,false,false,false,false,false,false,false,false,false,false,false,false,-83.07201,42.33139,"{
  ""coordinates"": [
    -8.307201706411050e+01,
    4.233139073580720e+01
  ],
  ""type"": ""Point""
}","{
  ""coordinates"": [
    -83.072017064,
    42.331390736
  ],
  ""type"": ""Point""
}",-83.072017064,42.3313907360001
14741,1544370,SPRINGWELLS,RATHBONE,2018-11-24,24,11,2018,17,7,1,9,,4,1,Asphalt,1,2,4,25,2,1,1,2,0,1,0,0,false,false,false,false,false,false,false,false,false,false,true,false,false,false,false,false,false,false,false,false,false,false,-83.12222,42.30454,"{
  ""coordinates"": [
    -8.312222333132240e+01,
    4.230453699489490e+01
  ],
  ""type"": ""Point""
}","{
  ""coordinates"": [
    -83.122223331,
    42.304536995
  ],
  ""type"": ""Point""
}",-83.122223331,42.304536995
14742,1545745,BRUSH,FREDERICK DOUGLASS,2018-11-24,24,11,2018,15,7,4,9,,4,0,Asphalt,1,1,1,25,4,2,2,5,0,0,0,0,true,false,false,false,false,false,false,false,false,false,false,false,false,false,false,false,false,false,false,false,false,false,-83.06145,42.36108,"{
  ""coordinates"": [
    -8.306144424113310e+01,
    4.236108004653430e+01
  ],
  ""type"": ""Point""
}","{
  ""coordinates"": [
    -83.061444241,
    42.361080047
  ],
  ""type"": ""Point""
}",-83.0614442409999,42.361080047
14743,1544389,EVERGREEN,MCNICHOLS,2018-11-24,24,11,2018,12,7,5,9,,4,0,Concrete,2,4,1,30,4,2,2,5,0,0,0,0,true,false,false,false,false,true,false,false,false,false,false,false,false,true,false,false,false,false,false,false,false,false,-83.2382,42.41512,"{
  ""coordinates"": [
    -8.323820214122460e+01,
    4.241512117266200e+01
  ],
  ""type"": ""Point""
}","{
  ""coordinates"": [
    -83.238202141,
    42.415121173
  ],
  ""type"": ""Point""
}",-83.238202141,42.415121173
14744,1545728,GALLAGHER,HALLECK,2018-11-24,24,11,2018,18,7,9,9,,,2,,1,1,4,25,1,2,0,5,0,0,0,0,true,false,false,false,true,false,false,false,false,false,false,false,false,false,false,false,false,false,false,false,false,false,-83.06168,42.40978,"{
  ""coordinates"": [
    -8.306168553343061e+01,
    4.240977847151100e+01
  ],
  ""type"": ""Point""
}","{
  ""coordinates"": [
    -83.061685533,
    42.409778472
  ],
  ""type"": ""Point""
}",-83.0616855329999,42.409778472
14745,1550987,I-75,7 MILE,2018-11-24,24,11,2018,7,7,1,1,,1,1,Asphalt,2,4,1,70,3,1,1,5,0,0,0,0,true,false,false,false,false,false,false,false,false,true,false,false,false,false,false,false,false,false,false,false,false,false,-83.09462,42.43221,"{
  ""coordinates"": [
    -8.309462279310820e+01,
    4.243220822478730e+01
  ],
  ""type"": ""Point""
}","{
  ""coordinates"": [
    -83.094622793,
    42.432208225
  ],
  ""type"": ""Point""
}",-83.094622793,42.4322082250001
14746,1545687,2ND,MILWAUKEE,2018-11-24,24,11,2018,15,7,4,9,,4,0,Asphalt,2,4,1,25,2,2,3,5,0,0,0,0,true,false,false,false,false,false,false,false,false,false,false,false,false,false,false,false,false,false,false,false,false,false,-83.07603,42.36778,"{
  ""coordinates"": [
    -8.307603731316971e+01,
    4.236777703122970e+01
  ],
  ""type"": ""Point""
}","{
  ""coordinates"": [
    -83.076037313,
    42.367777031
  ],
  ""type"": ""Point""
}",-83.076037313,42.3677770310001
14747,1544359,WYOMING,ELMIRA,2018-11-24,24,11,2018,20,7,97,9,,4,0,Asphalt,2,4,5,35,3,3,0,2,0,1,0,0,false,false,false,false,true,false,false,false,false,false,false,false,true,false,false,false,false,false,false,false,false,false,-83.15845,42.37109,"{
  ""coordinates"": [
    -8.315844890771849e+01,
    4.237109081203330e+01
  ],
  ""type"": ""Point""
}","{
  ""coordinates"": [
    -83.158448908,
    42.371090812
  ],
  ""type"": ""Point""
}",-83.158448908,42.371090812
14748,1545718,GRATIOT,SARATOGA,2018-11-24,24,11,2018,23,7,97,3,,1,0,Asphalt,1,1,4,35,7,2,0,4,0,0,0,1,false,false,false,false,true,false,false,false,false,false,false,false,true,false,false,false,false,false,false,false,false,false,-82.97886,42.43332,"{
  ""coordinates"": [
    -8.297885693566531e+01,
    4.243331486917580e+01
  ],
  ""type"": ""Point""
}","{
  ""coordinates"": [
    -82.978856936,
    42.433314869
  ],
  ""type"": ""Point""
}",-82.9788569359999,42.4333148690001
14749,1544387,GRAND RIVER,WORMER,2018-11-24,24,11,2018,1,7,4,3,,1,0,Asphalt,2,4,4,,4,2,4,3,0,0,1,1,false,false,false,false,true,false,false,false,false,false,false,true,false,false,false,false,false,false,false,false,false,false,-83.28028,42.42574,"{
  ""coordinates"": [
    -8.328028487542591e+01,
    4.242574477056130e+01
  ],
  ""type"": ""Point""
}","{
  ""coordinates"": [
    -83.280284875,
    42.425744771
  ],
  ""type"": ""Point""
}",-83.2802848749999,42.425744771
14750,1545690,GRAND RIVER,BROADWAY,2018-11-24,24,11,2018,3,7,4,9,,4,0,Asphalt,2,4,4,,4,2,4,4,0,0,0,1,false,false,true,true,false,false,false,false,false,false,false,false,false,false,false,false,false,false,false,false,false,false,-83.04705,42.33535,"{
  ""coordinates"": [
    -8.304705199927560e+01,
    4.233534775821890e+01
  ],
  ""type"": ""Point""
}","{
  ""coordinates"": [
    -83.047051999,
    42.335347758
  ],
  ""type"": ""Point""
}",-83.047051999,42.3353477580001