ObjectId,Crash ID,Primary Road,Intersecting Road,Crash Date,Day,Month,Year,Hour,Weekday,Crash Type Code,Highway Classification Code,Community Code,Jurisdiction Code,Lane Departure Type Code,Surface Type,Road Condition,Weather Condition,Lighting Condition,Speed Limit,Lanes,Units,Occupants,Most Severe Injury,Fatal Injuries,Suspected Serious Injuries,Suspected Minor Injuries,Possible Injuries,Property Damage Only,Secondary Crash,Traffic Control,Red Light Run,Hit and Run,Alcohol,Drugs,Unbelted Person,Work Zone,Speeding Driver,Distracted Driver,Driveway,Pedestrian,Elderly Driver,Young Driver,Commercial Vehicle,Emergency Vehicles,Train,School Bus,Motorcycle,Bicycle,Deer,Longitude,Latitude,geom,geog,x,y
14751,1544357,WYOMING,CHICAGO,2018-11-24,24,11,2018,15,7,97,9,,4,0,Asphalt,2,4,1,35,3,2,3,5,0,0,0,0,true,false,false,false,false,false,false,false,false,false,false,false,false,false,false,false,false,false,false,false,false,false,-83.15821,42.36623,"{
  ""coordinates"": [
    -8.315821040710310e+01,
    4.236622466202270e+01
  ],
  ""type"": ""Point""
}","{
  ""coordinates"": [
    -83.158210407,
    42.366224662
  ],
  ""type"": ""Point""
}",-83.158210407,42.366224662
14752,1545704,GREENFIELD,7 MILE,2018-11-24,24,11,2018,18,7,3,9,,2,0,Asphalt,2,4,4,,4,4,5,3,0,0,1,0,false,false,false,false,false,false,false,false,false,false,false,false,false,false,false,false,false,false,false,false,false,false,-83.19987,42.43042,"{
  ""coordinates"": [
    -8.319987374423640e+01,
    4.243042209990690e+01
  ],
  ""type"": ""Point""
}","{
  ""coordinates"": [
    -83.199873744,
    42.4304221
  ],
  ""type"": ""Point""
}",-83.1998737439999,42.4304221
14753,1544427,MICHIGAN,3RD,2018-11-24,24,11,2018,15,7,5,2,,1,0,Asphalt,2,4,1,25,2,2,4,4,0,0,0,1,false,false,false,false,true,false,false,false,false,false,false,false,false,false,false,false,false,false,false,false,false,false,-83.05746,42.33166,"{
  ""coordinates"": [
    -8.305745504779991e+01,
    4.233166135464430e+01
  ],
  ""type"": ""Point""
}","{
  ""coordinates"": [
    -83.057455048,
    42.331661355
  ],
  ""type"": ""Point""
}",-83.057455048,42.3316613550001
14754,1544393,GRATIOT,CONNER,2018-11-24,24,11,2018,1,7,3,3,,1,0,Asphalt,1,2,4,35,7,2,4,4,0,0,0,1,false,false,false,false,false,false,false,false,false,false,false,false,false,false,false,false,false,false,false,false,false,false,-82.99751,42.40491,"{
  ""coordinates"": [
    -8.299750384138279e+01,
    4.240490925751890e+01
  ],
  ""type"": ""Point""
}","{
  ""coordinates"": [
    -82.997503841,
    42.404909258
  ],
  ""type"": ""Point""
}",-82.997503841,42.404909258
14755,1547399,WILFRED,COPLIN,2018-11-24,24,11,2018,9,7,1,9,,,0,,2,4,1,25,1,1,1,5,0,0,0,0,true,false,false,false,true,false,false,false,false,false,false,false,false,false,false,false,false,false,false,false,false,false,-82.97874,42.41653,"{
  ""coordinates"": [
    -8.297874658531531e+01,
    4.241652674209480e+01
  ],
  ""type"": ""Point""
}","{
  ""coordinates"": [
    -82.978746585,
    42.416526742
  ],
  ""type"": ""Point""
}",-82.978746585,42.416526742
14756,1544396,GRATIOT,CONNER,2018-11-24,24,11,2018,4,7,3,3,,1,0,Asphalt,2,4,4,35,7,2,3,4,0,0,0,3,false,false,false,false,true,false,false,false,false,false,false,false,false,false,false,false,false,false,false,false,false,false,-82.99755,42.40484,"{
  ""coordinates"": [
    -8.299754936230990e+01,
    4.240484009161020e+01
  ],
  ""type"": ""Point""
}","{
  ""coordinates"": [
    -82.997549362,
    42.404840092
  ],
  ""type"": ""Point""
}",-82.997549362,42.404840092
14757,1545701,MACK,N I 75,2018-11-24,24,11,2018,22,7,3,9,,4,0,Asphalt,2,2,4,35,2,2,6,5,0,0,0,0,true,false,false,false,false,false,false,false,false,false,false,false,false,false,false,false,false,false,false,false,false,false,-83.04787,42.35136,"{
  ""coordinates"": [
    -8.304786784045911e+01,
    4.235135851963080e+01
  ],
  ""type"": ""Point""
}","{
  ""coordinates"": [
    -83.04786784,
    42.35135852
  ],
  ""type"": ""Point""
}",-83.04786784,42.3513585200001
14758,1544371,BURTON,FERN,2018-11-24,24,11,2018,23,7,1,9,,,0,,1,1,5,25,2,1,0,5,0,0,0,0,true,false,false,false,true,false,false,false,false,false,false,false,false,false,false,false,false,false,false,false,false,false,-83.12585,42.333,"{
  ""coordinates"": [
    -8.312584595916870e+01,
    4.233300441764000e+01
  ],
  ""type"": ""Point""
}","{
  ""coordinates"": [
    -83.125845959,
    42.333004418
  ],
  ""type"": ""Point""
}",-83.1258459589999,42.333004418
14759,1547370,MARLBOROUGH,WAVENEY,2018-11-24,24,11,2018,22,7,8,9,,,0,,1,1,5,25,1,3,1,5,0,0,0,0,true,false,false,false,false,false,false,false,false,false,false,false,false,false,true,false,false,false,false,false,false,false,-82.95491,42.39129,"{
  ""coordinates"": [
    -8.295490729114390e+01,
    4.239129395740130e+01
  ],
  ""type"": ""Point""
}","{
  ""coordinates"": [
    -82.954907291,
    42.391293957
  ],
  ""type"": ""Point""
}",-82.954907291,42.3912939570001
14760,1560552,SOUTHFIELD SERVICE,RAMP 008B,2018-11-24,24,11,2018,23,7,1,9,,4,0,Asphalt,1,1,4,35,2,1,0,5,0,0,0,0,true,false,false,false,false,false,false,false,false,false,false,false,false,false,false,false,false,false,false,false,false,false,-83.21613,42.37779,"{
  ""coordinates"": [
    -8.321612666286840e+01,
    4.237779123809810e+01
  ],
  ""type"": ""Point""
}","{
  ""coordinates"": [
    -83.216126663,
    42.377791238
  ],
  ""type"": ""Point""
}",-83.216126663,42.377791238
14761,1556117,E I 96,RAMP 139B,2018-11-24,24,11,2018,11,7,1,1,,1,0,Asphalt,2,4,1,70,3,1,2,4,0,0,0,1,false,false,false,false,false,false,false,false,false,false,false,false,false,false,false,false,false,false,false,false,false,false,-83.14824,42.38259,"{
  ""coordinates"": [
    -8.314823701167980e+01,
    4.238258982225180e+01
  ],
  ""type"": ""Point""
}","{
  ""coordinates"": [
    -83.148237012,
    42.382589822
  ],
  ""type"": ""Point""
}",-83.148237012,42.3825898220001
14762,1563780,GRAND,JOHN R,2018-11-24,24,11,2018,20,7,1,9,,4,1,Asphalt,2,2,4,35,3,1,1,5,0,0,0,0,true,false,false,false,false,true,false,false,false,false,false,false,false,false,false,false,false,false,false,false,false,false,-83.07195,42.37087,"{
  ""coordinates"": [
    -8.307194436525650e+01,
    4.237087141498280e+01
  ],
  ""type"": ""Point""
}","{
  ""coordinates"": [
    -83.071944365,
    42.370871415
  ],
  ""type"": ""Point""
}",-83.071944365,42.3708714150001
14763,1564717,I 96,LIVERNOIS,2018-11-24,24,11,2018,4,7,8,1,,1,0,Asphalt,1,1,2,70,3,2,1,5,0,0,0,0,true,false,false,false,true,false,false,false,false,false,false,false,false,false,false,false,false,false,false,false,false,false,-83.13914,42.3673,"{
  ""coordinates"": [
    -8.313913424345000e+01,
    4.236730294141830e+01
  ],
  ""type"": ""Point""
}","{
  ""coordinates"": [
    -83.139134243,
    42.367302941
  ],
  ""type"": ""Point""
}",-83.1391342429999,42.367302941
14764,1564869,7 MILE,RUSSELL,2018-11-24,24,11,2018,1,7,4,9,,4,0,Asphalt,1,1,5,35,4,2,2,5,0,0,0,0,true,false,false,false,true,false,false,true,false,false,false,false,false,false,true,false,false,false,false,false,false,false,-83.0905,42.43264,"{
  ""coordinates"": [
    -8.309050083680960e+01,
    4.243263559636720e+01
  ],
  ""type"": ""Point""
}","{
  ""coordinates"": [
    -83.090500837,
    42.432635596
  ],
  ""type"": ""Point""
}",-83.090500837,42.4326355960001
14765,1560457,I-94,MORANG,2018-11-24,24,11,2018,5,7,8,1,,1,0,Asphalt,2,4,4,55,3,3,3,4,0,0,0,1,false,false,false,false,false,false,false,false,false,true,false,false,false,false,false,false,false,false,false,false,false,false,-82.93333,42.41954,"{
  ""coordinates"": [
    -8.293332501805740e+01,
    4.241953594293260e+01
  ],
  ""type"": ""Point""
}","{
  ""coordinates"": [
    -82.933325018,
    42.419535943
  ],
  ""type"": ""Point""
}",-82.9333250179999,42.419535943
14766,1547374,CADIEUX,MUNICH,2018-11-24,24,11,2018,22,7,8,9,,4,0,Asphalt,1,1,5,30,2,2,1,5,0,0,0,0,true,true,false,false,false,true,false,false,false,true,true,false,false,false,false,false,false,false,false,false,false,false,-82.92757,42.40267,"{
  ""coordinates"": [
    -8.292756776044520e+01,
    4.240267148975980e+01
  ],
  ""type"": ""Point""
}","{
  ""coordinates"": [
    -82.92756776,
    42.40267149
  ],
  ""type"": ""Point""
}",-82.92756776,42.40267149
14767,1547385,JOY,ASHTON,2018-11-24,24,11,2018,16,7,4,9,,2,0,Asphalt,2,4,1,35,5,2,1,5,0,0,0,0,true,false,false,false,false,false,false,false,false,false,false,false,false,false,false,false,false,false,false,false,false,false,-83.2177,42.35783,"{
  ""coordinates"": [
    -8.321770799570110e+01,
    4.235782668694150e+01
  ],
  ""type"": ""Point""
}","{
  ""coordinates"": [
    -83.217707996,
    42.357826687
  ],
  ""type"": ""Point""
}",-83.2177079959999,42.3578266870001
14768,1547372,MACK,CONNER,2018-11-24,24,11,2018,11,7,4,9,,4,0,Asphalt,2,4,1,,9,2,3,4,0,0,0,2,false,false,true,true,false,false,false,false,false,false,false,false,false,true,false,true,false,false,false,false,false,false,-82.96802,42.38369,"{
  ""coordinates"": [
    -8.296801559247510e+01,
    4.238368781828600e+01
  ],
  ""type"": ""Point""
}","{
  ""coordinates"": [
    -82.968015592,
    42.383687818
  ],
  ""type"": ""Point""
}",-82.968015592,42.3836878180001
14769,1556116,I-96,JOY,2018-11-24,24,11,2018,6,7,1,1,,1,1,Asphalt,2,4,4,70,4,1,1,5,0,0,0,0,true,false,false,false,false,false,false,false,false,true,false,false,false,false,false,false,false,false,false,false,false,false,-83.13096,42.36423,"{
  ""coordinates"": [
    -8.313095989792519e+01,
    4.236423063004190e+01
  ],
  ""type"": ""Point""
}","{
  ""coordinates"": [
    -83.130959898,
    42.36423063
  ],
  ""type"": ""Point""
}",-83.130959898,42.3642306300001
14770,1547386,PLYMOUTH,ROSEMONT,2018-11-24,24,11,2018,14,7,97,9,,4,0,Asphalt,2,4,1,35,3,2,0,4,0,0,0,1,false,false,false,false,true,false,false,false,false,false,false,false,true,false,false,false,false,false,false,false,false,false,-83.21924,42.37221,"{
  ""coordinates"": [
    -8.321923521271330e+01,
    4.237220712407730e+01
  ],
  ""type"": ""Point""
}","{
  ""coordinates"": [
    -83.219235213,
    42.372207124
  ],
  ""type"": ""Point""
}",-83.219235213,42.3722071240001
14771,1565909,I 94,CHALMERS,2018-11-24,24,11,2018,3,7,5,1,,1,0,Asphalt,2,4,4,55,3,3,2,1,1,0,0,0,false,false,false,false,false,true,false,false,false,false,false,false,true,false,false,false,false,false,false,false,false,false,-82.96882,42.40249,"{
  ""coordinates"": [
    -8.296881954834970e+01,
    4.240248680145400e+01
  ],
  ""type"": ""Point""
}","{
  ""coordinates"": [
    -82.968819548,
    42.402486801
  ],
  ""type"": ""Point""
}",-82.9688195479999,42.4024868010001
14772,1547363,SCOTTEN,MAGNOLIA,2018-11-24,24,11,2018,14,7,4,9,,4,0,Asphalt,2,4,1,25,2,2,1,5,0,0,0,0,true,false,false,false,false,false,false,false,false,false,false,false,false,false,false,false,false,false,false,false,false,false,-83.10349,42.3343,"{
  ""coordinates"": [
    -8.310349483333241e+01,
    4.233429912948500e+01
  ],
  ""type"": ""Point""
}","{
  ""coordinates"": [
    -83.103494833,
    42.334299129
  ],
  ""type"": ""Point""
}",-83.103494833,42.334299129
14773,1550950,S I 75,W I 94,2018-11-24,24,11,2018,12,7,8,1,,1,0,Concrete,2,2,1,55,3,2,1,5,0,0,0,0,true,false,false,false,true,false,false,false,false,false,false,false,false,false,false,false,false,false,false,false,false,false,-83.05828,42.36868,"{
  ""coordinates"": [
    -8.305828266394209e+01,
    4.236867566954600e+01
  ],
  ""type"": ""Point""
}","{
  ""coordinates"": [
    -83.058282664,
    42.36867567
  ],
  ""type"": ""Point""
}",-83.058282664,42.3686756700001
14774,1567068,SECOND,CHARLOTTE,2018-11-24,24,11,2018,21,7,4,9,,4,0,Asphalt,1,1,4,30,2,2,2,5,0,0,0,0,true,false,true,false,false,false,false,false,false,false,false,false,false,false,false,false,false,false,false,false,false,false,-83.06153,42.34235,"{
  ""coordinates"": [
    -8.306152795601329e+01,
    4.234235420411190e+01
  ],
  ""type"": ""Point""
}","{
  ""coordinates"": [
    -83.061527956,
    42.342354204
  ],
  ""type"": ""Point""
}",-83.061527956,42.3423542040001
14775,1550951,I 75,DAVISON,2018-11-24,24,11,2018,12,7,8,1,,1,0,Concrete,2,2,1,55,3,2,3,4,0,0,0,2,false,false,false,false,false,false,false,false,false,true,false,false,false,false,false,false,false,false,false,false,false,false,-83.07837,42.40787,"{
  ""coordinates"": [
    -8.307836697800170e+01,
    4.240786682518850e+01
  ],
  ""type"": ""Point""
}","{
  ""coordinates"": [
    -83.078366978,
    42.407866825
  ],
  ""type"": ""Point""
}",-83.078366978,42.407866825
14776,1547364,MICHIGAN,CABOT,2018-11-24,24,11,2018,20,7,4,2,,1,0,Asphalt,2,2,4,35,4,2,2,3,0,0,1,0,false,false,false,false,false,false,false,false,false,false,false,false,false,false,false,false,false,false,false,true,false,false,-83.14955,42.32969,"{
  ""coordinates"": [
    -8.314955081444219e+01,
    4.232969066887960e+01
  ],
  ""type"": ""Point""
}","{
  ""coordinates"": [
    -83.149550814,
    42.329690669
  ],
  ""type"": ""Point""
}",-83.149550814,42.3296906690001
14777,1550952,I 75,DAVISON,2018-11-24,24,11,2018,13,7,1,1,,1,1,Concrete,2,2,1,70,1,1,1,4,0,0,0,1,false,false,false,false,false,false,false,false,false,true,false,false,false,false,false,false,false,false,false,false,false,false,-83.0807,42.40796,"{
  ""coordinates"": [
    -8.308070015374599e+01,
    4.240795445211420e+01
  ],
  ""type"": ""Point""
}","{
  ""coordinates"": [
    -83.080700154,
    42.407954452
  ],
  ""type"": ""Point""
}",-83.0807001539999,42.4079544520001
14778,1547377,HARPER,CONNER,2018-11-24,24,11,2018,6,7,4,9,,4,0,Asphalt,2,4,4,30,3,2,1,5,0,0,0,0,true,false,true,true,true,false,false,false,false,false,false,false,false,false,false,false,false,false,false,false,false,false,-82.98981,42.39722,"{
  ""coordinates"": [
    -8.298980655055310e+01,
    4.239722367738370e+01
  ],
  ""type"": ""Point""
}","{
  ""coordinates"": [
    -82.989806551,
    42.397223677
  ],
  ""type"": ""Point""
}",-82.989806551,42.3972236770001
14779,1547401,LARNED,ORLEANS,2018-11-24,24,11,2018,1,7,5,9,,4,0,Asphalt,1,1,4,30,3,2,4,5,0,0,0,0,true,false,false,false,true,false,false,false,false,false,false,false,false,false,true,false,false,false,false,false,false,false,-83.03117,42.3355,"{
  ""coordinates"": [
    -8.303116338564850e+01,
    4.233550001090960e+01
  ],
  ""type"": ""Point""
}","{
  ""coordinates"": [
    -83.031163386,
    42.335500011
  ],
  ""type"": ""Point""
}",-83.0311633859999,42.3355000110001
14780,1549719,JOS CAMPAU,JEFFERSON,2018-11-24,24,11,2018,11,7,8,9,,4,0,Asphalt,2,2,1,,2,2,0,5,0,0,0,0,true,false,false,false,true,false,false,false,false,false,false,false,false,false,false,false,false,false,false,false,false,false,-83.01954,42.33918,"{
  ""coordinates"": [
    -8.301954055150610e+01,
    4.233917829479180e+01
  ],
  ""type"": ""Point""
}","{
  ""coordinates"": [
    -83.019540552,
    42.339178295
  ],
  ""type"": ""Point""
}",-83.019540552,42.3391782950001
14781,1656831,OHIO,JOY,2018-11-24,24,11,2018,21,7,1,9,,,0,,2,1,4,35,1,1,1,4,0,0,0,1,false,false,false,false,false,false,false,false,false,false,true,false,false,false,false,false,false,false,false,false,false,false,-83.15426,42.37372,"{
  ""coordinates"": [
    -8.315426200695509e+01,
    4.237372334350650e+01
  ],
  ""type"": ""Point""
}","{
  ""coordinates"": [
    -83.154262007,
    42.373723344
  ],
  ""type"": ""Point""
}",-83.1542620069999,42.373723344
14782,1560602,STEEL,PEMBROKE,2018-11-24,24,11,2018,22,7,9,9,,,2,,1,1,4,25,2,2,0,5,0,0,0,0,true,false,false,false,true,false,false,false,false,false,false,false,false,false,false,false,false,false,false,false,false,false,-83.17318,42.4387,"{
  ""coordinates"": [
    -8.317317893846840e+01,
    4.243869867854200e+01
  ],
  ""type"": ""Point""
}","{
  ""coordinates"": [
    -83.173178938,
    42.438698679
  ],
  ""type"": ""Point""
}",-83.173178938,42.438698679
14783,1550988,I-94,MT.ELLIOT,2018-11-24,24,11,2018,11,7,1,1,,1,1,Asphalt,2,4,1,55,3,1,1,3,0,0,1,0,false,false,false,false,false,false,false,false,false,true,false,false,false,false,false,false,false,false,false,false,false,false,-83.03361,42.37947,"{
  ""coordinates"": [
    -8.303361040828860e+01,
    4.237946667169690e+01
  ],
  ""type"": ""Point""
}","{
  ""coordinates"": [
    -83.033610408,
    42.379466672
  ],
  ""type"": ""Point""
}",-83.033610408,42.379466672
14784,1545714,OUTER,7 MILE,2018-11-24,24,11,2018,20,7,1,9,,2,0,Asphalt,1,1,5,30,2,1,2,5,0,0,0,0,true,true,false,false,false,false,false,false,false,false,false,false,false,false,false,false,false,false,false,false,false,false,-83.17548,42.43127,"{
  ""coordinates"": [
    -8.317548403032590e+01,
    4.243126738528560e+01
  ],
  ""type"": ""Point""
}","{
  ""coordinates"": [
    -83.17548403,
    42.431267385
  ],
  ""type"": ""Point""
}",-83.17548403,42.4312673850001
14785,1560615,MACK,CONNER,2018-11-24,24,11,2018,0,7,8,9,,4,0,Asphalt,1,1,4,35,6,2,2,5,0,0,0,0,true,false,false,false,false,true,false,false,false,false,false,false,false,false,false,false,false,false,false,false,false,false,-82.97102,42.38335,"{
  ""coordinates"": [
    -8.297101290733160e+01,
    4.238335186085500e+01
  ],
  ""type"": ""Point""
}","{
  ""coordinates"": [
    -82.971012907,
    42.383351861
  ],
  ""type"": ""Point""
}",-82.971012907,42.3833518610001
14786,1545696,JOHN R,FARNSWORTH,2018-11-24,24,11,2018,14,7,5,9,,4,0,Asphalt,2,2,1,25,4,2,3,5,0,0,0,0,true,false,false,false,true,false,false,false,false,false,false,false,false,false,false,false,false,false,false,false,false,false,-83.06313,42.35917,"{
  ""coordinates"": [
    -8.306312981002080e+01,
    4.235917458364710e+01
  ],
  ""type"": ""Point""
}","{
  ""coordinates"": [
    -83.06312981,
    42.359174584
  ],
  ""type"": ""Point""
}",-83.06312981,42.3591745840001
14787,1549726,7 MILE,LAHSER,2018-11-24,24,11,2018,20,7,8,9,,2,0,Asphalt,2,4,5,30,1,2,1,5,0,0,0,0,true,false,false,false,true,false,false,false,false,false,false,false,false,false,false,false,false,false,false,false,false,false,-83.25829,42.42912,"{
  ""coordinates"": [
    -8.325829194773520e+01,
    4.242911965999800e+01
  ],
  ""type"": ""Point""
}","{
  ""coordinates"": [
    -83.258291948,
    42.42911966
  ],
  ""type"": ""Point""
}",-83.258291948,42.42911966
14788,1550959,RAMP 220A,E I 94,2018-11-24,24,11,2018,8,7,5,1,,1,0,Asphalt,2,4,1,25,1,2,2,5,0,0,0,0,true,false,false,false,true,false,false,false,false,false,false,false,false,false,false,false,false,false,false,false,false,false,-82.99829,42.39192,"{
  ""coordinates"": [
    -8.299829233401850e+01,
    4.239191801310730e+01
  ],
  ""type"": ""Point""
}","{
  ""coordinates"": [
    -82.998292334,
    42.391918013
  ],
  ""type"": ""Point""
}",-82.998292334,42.3919180130001
14789,1544375,BURT,VASSAR,2018-11-24,24,11,2018,14,7,4,9,,4,0,Asphalt,2,4,1,25,2,2,1,5,0,0,0,0,true,false,true,false,true,false,false,false,false,false,false,false,false,true,false,false,false,false,false,false,false,false,-83.24874,42.43294,"{
  ""coordinates"": [
    -8.324874251104811e+01,
    4.243293950574930e+01
  ],
  ""type"": ""Point""
}","{
  ""coordinates"": [
    -83.248742511,
    42.432939506
  ],
  ""type"": ""Point""
}",-83.248742511,42.432939506
14790,1544369,FORT,WATERMAN,2018-11-24,24,11,2018,17,7,9,3,,1,2,Asphalt,2,4,4,30,4,3,9,5,0,0,0,0,true,false,false,false,true,false,false,false,false,false,false,false,false,false,false,true,false,false,false,false,false,false,-83.10863,42.30445,"{
  ""coordinates"": [
    -8.310862555054780e+01,
    4.230444903787010e+01
  ],
  ""type"": ""Point""
}","{
  ""coordinates"": [
    -83.108625551,
    42.304449038
  ],
  ""type"": ""Point""
}",-83.108625551,42.304449038
14791,1545697,GRAND,ROSA PARKS,2018-11-24,24,11,2018,2,7,8,9,,4,0,Asphalt,2,4,4,30,3,2,6,5,0,0,0,0,true,false,false,false,false,false,false,false,false,false,false,false,false,false,false,true,false,false,false,false,false,false,-83.09103,42.36361,"{
  ""coordinates"": [
    -8.309102664038470e+01,
    4.236360946720180e+01
  ],
  ""type"": ""Point""
}","{
  ""coordinates"": [
    -83.09102664,
    42.363609467
  ],
  ""type"": ""Point""
}",-83.0910266399999,42.3636094670001
14792,1553829,7 MILE,STRATHMOOR,2018-11-24,24,11,2018,17,7,8,9,,2,0,Asphalt,2,4,2,30,2,2,6,5,0,0,0,0,true,false,false,false,false,false,false,false,false,false,false,false,false,false,false,false,false,false,false,false,false,false,-83.18871,42.43076,"{
  ""coordinates"": [
    -8.318871119673111e+01,
    4.243076259035520e+01
  ],
  ""type"": ""Point""
}","{
  ""coordinates"": [
    -83.188711197,
    42.43076259
  ],
  ""type"": ""Point""
}",-83.188711197,42.43076259
14793,1547365,CONNER,WARREN,2018-11-23,23,11,2018,17,6,10,9,,4,0,Asphalt,1,1,4,30,3,2,5,5,0,0,0,0,true,false,false,false,false,false,false,false,false,false,true,false,false,false,true,false,false,false,false,false,false,false,-82.97588,42.38923,"{
  ""coordinates"": [
    -8.297587675955219e+01,
    4.238923279237540e+01
  ],
  ""type"": ""Point""
}","{
  ""coordinates"": [
    -82.97587676,
    42.389232792
  ],
  ""type"": ""Point""
}",-82.9758767599999,42.389232792
14794,1628903,SEVEN MILE,SHAFTSBURY,2018-11-23,23,11,2018,19,6,97,9,,2,0,Asphalt,1,1,4,35,4,3,1,5,0,0,0,0,true,false,false,false,true,false,false,false,false,false,false,true,true,false,false,false,false,false,false,false,false,false,-83.23085,42.42979,"{
  ""coordinates"": [
    -8.323084667554190e+01,
    4.242979255624310e+01
  ],
  ""type"": ""Point""
}","{
  ""coordinates"": [
    -83.230846676,
    42.429792556
  ],
  ""type"": ""Point""
}",-83.2308466759999,42.4297925560001
14795,1547346,RAMP 125C,S M 10,2018-11-23,23,11,2018,8,6,1,3,,1,1,Concrete,1,1,1,55,2,1,1,5,0,0,0,0,true,false,false,false,false,false,false,false,false,true,false,false,false,false,false,false,false,false,false,false,false,false,-83.05243,42.32635,"{
  ""coordinates"": [
    -8.305243067556761e+01,
    4.232634778826490e+01
  ],
  ""type"": ""Point""
}","{
  ""coordinates"": [
    -83.052430676,
    42.326347788
  ],
  ""type"": ""Point""
}",-83.052430676,42.3263477880001
14796,1544416,PINEHURST,PURITAN,2018-11-23,23,11,2018,0,6,97,9,,,0,,1,1,4,25,2,2,1,5,0,0,0,0,true,false,false,false,false,false,false,false,false,false,false,false,false,false,false,true,false,false,false,false,false,false,-83.16656,42.40897,"{
  ""coordinates"": [
    -8.316655528767301e+01,
    4.240897150843160e+01
  ],
  ""type"": ""Point""
}","{
  ""coordinates"": [
    -83.166555288,
    42.408971508
  ],
  ""type"": ""Point""
}",-83.166555288,42.408971508
14797,1645222,RYAN,OUTER,2018-11-23,23,11,2018,19,6,2,9,,4,0,Asphalt,1,1,2,35,2,3,9,4,0,0,0,2,false,false,true,true,false,false,false,false,false,false,false,false,false,false,false,false,false,false,false,false,false,false,-83.06355,42.4402,"{
  ""coordinates"": [
    -8.306354672938549e+01,
    4.244020016205740e+01
  ],
  ""type"": ""Point""
}","{
  ""coordinates"": [
    -83.063546729,
    42.440200162
  ],
  ""type"": ""Point""
}",-83.0635467289999,42.4402001620001
14798,1544356,LITTLEFIELD,MACKENZIE,2018-11-23,23,11,2018,15,6,5,9,,,0,,1,1,1,25,2,2,1,5,0,0,0,0,true,false,false,false,false,false,false,false,false,false,false,false,false,false,true,false,false,false,false,false,false,false,-83.17467,42.35656,"{
  ""coordinates"": [
    -8.317466640221180e+01,
    4.235656409285810e+01
  ],
  ""type"": ""Point""
}","{
  ""coordinates"": [
    -83.174666402,
    42.356564093
  ],
  ""type"": ""Point""
}",-83.174666402,42.356564093
14799,1642688,JOHN R,MACK,2018-11-23,23,11,2018,18,6,4,9,,4,0,Concrete,1,1,4,35,3,2,2,4,0,0,0,1,false,false,false,false,false,false,false,false,false,false,false,false,false,false,true,false,false,false,false,false,false,false,-83.05586,42.34827,"{
  ""coordinates"": [
    -8.305586055654361e+01,
    4.234826724249880e+01
  ],
  ""type"": ""Point""
}","{
  ""coordinates"": [
    -83.055860557,
    42.348267242
  ],
  ""type"": ""Point""
}",-83.055860557,42.3482672420001
14800,1544417,SEVEN MILE,JAMES COUZENS,2018-11-23,23,11,2018,10,6,8,9,,2,0,Asphalt,1,1,1,30,4,2,12,5,0,0,0,0,true,false,false,false,false,false,false,false,false,false,false,false,false,false,false,true,false,false,false,false,false,false,-83.18723,42.43082,"{
  ""coordinates"": [
    -8.318722642020550e+01,
    4.243081817658980e+01
  ],
  ""type"": ""Point""
}","{
  ""coordinates"": [
    -83.18722642,
    42.430818177
  ],
  ""type"": ""Point""
}",-83.1872264199999,42.430818177
14801,1549684,M-39,I-96,2018-11-23,23,11,2018,14,6,97,3,,1,0,Asphalt,1,1,1,55,3,2,3,5,0,0,0,0,true,false,false,false,true,false,false,false,false,false,false,false,false,true,false,false,false,false,false,false,false,false,-83.21726,42.38008,"{
  ""coordinates"": [
    -8.321726529449531e+01,
    4.238007923573910e+01
  ],
  ""type"": ""Point""
}","{
  ""coordinates"": [
    -83.217265294,
    42.380079236
  ],
  ""type"": ""Point""
}",-83.217265294,42.380079236
14802,1544376,8 MILE,MANSFIELD,2018-11-23,23,11,2018,17,6,8,3,,1,0,Concrete,1,1,4,40,4,2,3,2,0,1,0,0,false,false,false,false,false,false,false,false,false,false,false,false,false,true,true,false,false,false,false,false,false,false,-83.20654,42.44448,"{
  ""coordinates"": [
    -8.320653557941610e+01,
    4.244448657065830e+01
  ],
  ""type"": ""Point""
}","{
  ""coordinates"": [
    -83.206535579,
    42.444486571
  ],
  ""type"": ""Point""
}",-83.206535579,42.444486571
14803,1545744,WILLIS,JOHN R,2018-11-23,23,11,2018,2,6,97,9,,,3,,1,1,4,25,2,5,0,5,0,0,0,0,true,false,false,false,false,false,false,false,false,false,false,false,false,false,false,false,false,false,false,false,false,false,-83.05874,42.35254,"{
  ""coordinates"": [
    -8.305874176568329e+01,
    4.235253425371310e+01
  ],
  ""type"": ""Point""
}","{
  ""coordinates"": [
    -83.058741766,
    42.352534254
  ],
  ""type"": ""Point""
}",-83.058741766,42.352534254
14804,1543003,32ND,HORATIO,2018-11-23,23,11,2018,0,6,4,9,,,0,,1,1,1,25,2,2,4,4,0,0,0,4,false,false,false,false,true,false,false,false,false,false,false,false,false,false,false,false,false,false,false,false,false,false,-83.1151,42.33894,"{
  ""coordinates"": [
    -8.311509400880740e+01,
    4.233893444211430e+01
  ],
  ""type"": ""Point""
}","{
  ""coordinates"": [
    -83.115094009,
    42.338934442
  ],
  ""type"": ""Point""
}",-83.115094009,42.338934442
14805,1544363,GRAND,TOLEDO,2018-11-23,23,11,2018,17,6,1,9,,4,0,Asphalt,1,1,4,30,2,1,1,5,0,0,0,0,true,false,false,false,false,false,false,false,false,false,false,false,false,false,false,false,false,false,false,false,false,false,-83.09148,42.32591,"{
  ""coordinates"": [
    -8.309148068938030e+01,
    4.232591369953400e+01
  ],
  ""type"": ""Point""
}","{
  ""coordinates"": [
    -83.091480689,
    42.3259137
  ],
  ""type"": ""Point""
}",-83.091480689,42.3259137000001