ObjectId,Crash ID,Primary Road,Intersecting Road,Crash Date,Day,Month,Year,Hour,Weekday,Crash Type Code,Highway Classification Code,Community Code,Jurisdiction Code,Lane Departure Type Code,Surface Type,Road Condition,Weather Condition,Lighting Condition,Speed Limit,Lanes,Units,Occupants,Most Severe Injury,Fatal Injuries,Suspected Serious Injuries,Suspected Minor Injuries,Possible Injuries,Property Damage Only,Secondary Crash,Traffic Control,Red Light Run,Hit and Run,Alcohol,Drugs,Unbelted Person,Work Zone,Speeding Driver,Distracted Driver,Driveway,Pedestrian,Elderly Driver,Young Driver,Commercial Vehicle,Emergency Vehicles,Train,School Bus,Motorcycle,Bicycle,Deer,Longitude,Latitude,geom,geog,x,y
14806,1544394,GUNSTON,SANFORD,2018-11-23,23,11,2018,10,6,4,3,,1,0,Asphalt,1,1,1,30,2,2,4,5,0,0,0,0,true,false,false,false,false,false,false,false,false,false,false,false,false,false,false,false,true,false,false,false,false,false,-82.99805,42.4123,"{
  ""coordinates"": [
    -8.299805737205340e+01,
    4.241229450031800e+01
  ],
  ""type"": ""Point""
}","{
  ""coordinates"": [
    -82.998057372,
    42.4122945
  ],
  ""type"": ""Point""
}",-82.9980573719999,42.4122945
14807,1557562,EIGHT MILE,STEEL,2018-11-23,23,11,2018,17,6,97,3,,1,0,Asphalt,1,1,3,40,3,2,6,5,0,0,0,0,true,false,false,false,false,false,false,false,false,false,false,false,false,true,false,false,false,false,false,false,false,false,-83.17339,42.44535,"{
  ""coordinates"": [
    -8.317338494726521e+01,
    4.244535108441830e+01
  ],
  ""type"": ""Point""
}","{
  ""coordinates"": [
    -83.173384947,
    42.445351084
  ],
  ""type"": ""Point""
}",-83.173384947,42.445351084
14808,1545721,7 MILE,MACCRARY,2018-11-23,23,11,2018,19,6,8,9,,2,0,Asphalt,1,1,4,35,4,2,2,5,0,0,0,0,true,false,false,false,true,false,false,false,false,false,false,false,false,false,false,false,false,false,false,false,false,false,-82.97039,42.43528,"{
  ""coordinates"": [
    -8.297038795274121e+01,
    4.243527639957300e+01
  ],
  ""type"": ""Point""
}","{
  ""coordinates"": [
    -82.970387953,
    42.4352764
  ],
  ""type"": ""Point""
}",-82.9703879529999,42.4352764000001
14809,1545726,8 MILE,SHERWOOD,2018-11-23,23,11,2018,19,6,5,3,,1,0,Asphalt,1,1,4,40,4,2,2,5,0,0,0,0,true,false,false,false,false,false,false,false,false,false,false,false,false,false,false,false,false,false,false,false,false,false,-83.0368,42.44793,"{
  ""coordinates"": [
    -8.303679480540320e+01,
    4.244792838039170e+01
  ],
  ""type"": ""Point""
}","{
  ""coordinates"": [
    -83.036794805,
    42.44792838
  ],
  ""type"": ""Point""
}",-83.0367948049999,42.4479283800001
14810,1544411,SHERWOOD,OUTER,2018-11-23,23,11,2018,10,6,6,9,,4,0,Asphalt,1,1,1,35,2,2,2,4,0,0,0,1,false,false,false,false,false,false,false,false,false,false,false,false,false,false,false,false,false,false,false,false,false,false,-83.03429,42.4409,"{
  ""coordinates"": [
    -8.303428985897369e+01,
    4.244090307128090e+01
  ],
  ""type"": ""Point""
}","{
  ""coordinates"": [
    -83.034289859,
    42.440903071
  ],
  ""type"": ""Point""
}",-83.034289859,42.440903071
14811,1567161,NORFOLK,STRATHMOOR,2018-11-23,23,11,2018,17,6,1,9,,,1,,1,1,3,25,2,1,0,5,0,0,0,0,true,false,false,false,false,false,false,false,false,false,false,false,false,false,false,false,false,false,false,false,false,false,-83.18955,42.44268,"{
  ""coordinates"": [
    -8.318955057137920e+01,
    4.244268263239220e+01
  ],
  ""type"": ""Point""
}","{
  ""coordinates"": [
    -83.189550571,
    42.442682632
  ],
  ""type"": ""Point""
}",-83.189550571,42.4426826320001
14812,1544412,DEQUIDRE,WINCHESTER,2018-11-23,23,11,2018,12,6,4,9,,4,0,Asphalt,1,1,1,35,2,2,2,5,0,0,0,0,true,false,false,false,false,false,false,false,false,false,false,false,false,true,false,false,false,false,false,false,false,false,-83.08331,42.44496,"{
  ""coordinates"": [
    -8.308331010492731e+01,
    4.244496002217660e+01
  ],
  ""type"": ""Point""
}","{
  ""coordinates"": [
    -83.083310105,
    42.444960022
  ],
  ""type"": ""Point""
}",-83.083310105,42.444960022
14813,1550944,I 94,FRONTENAC,2018-11-23,23,11,2018,10,6,1,1,,1,1,Asphalt,1,1,1,55,3,1,1,5,0,0,0,0,true,false,false,false,false,false,false,false,false,true,false,false,false,false,false,false,false,false,false,false,false,false,-83.02678,42.38467,"{
  ""coordinates"": [
    -8.302678262582270e+01,
    4.238467057848920e+01
  ],
  ""type"": ""Point""
}","{
  ""coordinates"": [
    -83.026782626,
    42.384670578
  ],
  ""type"": ""Point""
}",-83.0267826259999,42.3846705780001
14814,1544409,VAN DYKE,MARCUS,2018-11-23,23,11,2018,6,6,97,3,,1,0,Asphalt,1,1,3,35,4,2,0,4,0,0,0,1,false,false,false,false,true,false,false,false,false,false,false,false,true,false,false,false,false,false,false,false,false,false,-83.02279,42.39572,"{
  ""coordinates"": [
    -8.302278973476859e+01,
    4.239572019058500e+01
  ],
  ""type"": ""Point""
}","{
  ""coordinates"": [
    -83.022789735,
    42.395720191
  ],
  ""type"": ""Point""
}",-83.0227897349999,42.3957201910001
14815,1544400,GRAND RIVER,WHITCOMB,2018-11-23,23,11,2018,17,6,4,3,,1,0,Asphalt,1,1,1,35,6,2,4,5,0,0,0,0,true,false,false,false,false,false,false,false,false,false,false,false,false,false,false,false,true,false,false,false,false,false,-83.19618,42.39178,"{
  ""coordinates"": [
    -8.319618600587090e+01,
    4.239177774553370e+01
  ],
  ""type"": ""Point""
}","{
  ""coordinates"": [
    -83.196186006,
    42.391777746
  ],
  ""type"": ""Point""
}",-83.1961860059999,42.3917777460001
14816,1544390,MCNICHOLS,EVERGREEN,2018-11-23,23,11,2018,20,6,8,9,,2,0,Asphalt,1,1,4,35,1,2,1,5,0,0,0,0,true,false,false,false,true,false,false,false,false,false,false,false,false,false,false,false,false,false,false,false,false,false,-83.23802,42.41504,"{
  ""coordinates"": [
    -8.323802355855670e+01,
    4.241503934277270e+01
  ],
  ""type"": ""Point""
}","{
  ""coordinates"": [
    -83.238023559,
    42.415039343
  ],
  ""type"": ""Point""
}",-83.2380235589999,42.415039343
14817,1545711,ASHTON,8 MILE,2018-11-23,23,11,2018,22,6,98,3,,,0,,98,98,98,25,2,2,0,5,0,0,0,0,true,false,false,false,true,false,false,false,false,false,false,false,false,false,false,false,false,false,false,false,false,false,-83.2213,42.44411,"{
  ""coordinates"": [
    -8.322130175082690e+01,
    4.244411463347690e+01
  ],
  ""type"": ""Point""
}","{
  ""coordinates"": [
    -83.221301751,
    42.444114633
  ],
  ""type"": ""Point""
}",-83.2213017509999,42.444114633
14818,1544381,MANSFIELD,FLORENCE,2018-11-23,23,11,2018,10,6,8,9,,,0,,1,1,1,,2,2,1,5,0,0,0,0,true,false,false,false,true,false,false,false,false,false,false,false,false,false,false,false,false,false,false,false,false,false,-83.20557,42.41045,"{
  ""coordinates"": [
    -8.320557656868880e+01,
    4.241045514629720e+01
  ],
  ""type"": ""Point""
}","{
  ""coordinates"": [
    -83.205576569,
    42.410455146
  ],
  ""type"": ""Point""
}",-83.205576569,42.4104551460001
14819,1544428,VAN DYKE,ELGIN,2018-11-23,23,11,2018,14,6,4,3,,1,0,Asphalt,1,1,1,35,3,2,3,5,0,0,0,0,true,false,false,false,false,false,false,false,false,false,false,false,false,true,false,false,false,false,false,false,false,false,-83.02336,42.41032,"{
  ""coordinates"": [
    -8.302336127276099e+01,
    4.241032189877820e+01
  ],
  ""type"": ""Point""
}","{
  ""coordinates"": [
    -83.023361273,
    42.410321899
  ],
  ""type"": ""Point""
}",-83.023361273,42.4103218990001
14820,1544398,CHICAGO,DEXTER,2018-11-23,23,11,2018,11,6,2,9,,4,0,Asphalt,1,1,1,30,2,2,1,5,0,0,0,0,true,false,false,false,false,false,false,false,false,false,false,false,false,false,false,false,false,false,false,false,false,false,-83.11985,42.37342,"{
  ""coordinates"": [
    -8.311984813676069e+01,
    4.237341644704080e+01
  ],
  ""type"": ""Point""
}","{
  ""coordinates"": [
    -83.119848137,
    42.373416447
  ],
  ""type"": ""Point""
}",-83.119848137,42.3734164470001
14821,1549745,7 MILE,GREENLAWN,2018-11-23,23,11,2018,12,6,5,9,,2,0,Asphalt,1,1,1,35,4,2,2,5,0,0,0,0,true,true,false,false,false,false,false,false,false,false,false,false,false,true,false,false,false,false,false,false,false,false,-83.15193,42.43141,"{
  ""coordinates"": [
    -8.315192913022500e+01,
    4.243141249679770e+01
  ],
  ""type"": ""Point""
}","{
  ""coordinates"": [
    -83.15192913,
    42.431412497
  ],
  ""type"": ""Point""
}",-83.15192913,42.4314124970001
14822,1544367,GRAND,RISDON,2018-11-23,23,11,2018,11,6,1,9,,4,1,Concrete,1,1,1,30,2,1,1,5,0,0,0,0,true,false,false,false,false,false,false,false,false,false,false,false,false,false,false,true,false,false,false,false,false,false,-83.0932,42.32838,"{
  ""coordinates"": [
    -8.309320334510900e+01,
    4.232837991236910e+01
  ],
  ""type"": ""Point""
}","{
  ""coordinates"": [
    -83.093203345,
    42.328379912
  ],
  ""type"": ""Point""
}",-83.0932033449999,42.3283799120001
14823,1544421,CURTIS,COYLE,2018-11-23,23,11,2018,12,6,98,9,,,0,,1,1,1,25,1,2,0,5,0,0,0,0,true,false,false,false,true,false,false,false,false,false,false,true,false,false,false,false,false,false,false,false,false,false,-83.19477,42.42331,"{
  ""coordinates"": [
    -8.319476921457590e+01,
    4.242330983249280e+01
  ],
  ""type"": ""Point""
}","{
  ""coordinates"": [
    -83.194769215,
    42.423309832
  ],
  ""type"": ""Point""
}",-83.194769215,42.423309832
14824,1549683,I-75,MACK,2018-11-23,23,11,2018,6,6,5,1,,1,0,Concrete,1,1,4,55,4,2,2,4,0,0,0,1,false,false,false,false,false,false,false,false,false,true,false,false,false,false,false,false,false,false,false,false,false,false,-83.04852,42.35173,"{
  ""coordinates"": [
    -8.304851453224090e+01,
    4.235172882845940e+01
  ],
  ""type"": ""Point""
}","{
  ""coordinates"": [
    -83.048514532,
    42.351728828
  ],
  ""type"": ""Point""
}",-83.048514532,42.351728828
14825,1544384,CLARITA,GREYDALE,2018-11-23,23,11,2018,13,6,1,9,,,0,,1,1,1,25,3,1,1,4,0,0,0,1,false,false,false,false,false,false,false,false,false,false,false,false,false,false,false,false,false,false,false,false,false,true,-83.25695,42.42637,"{
  ""coordinates"": [
    -8.325695188784400e+01,
    4.242637350805190e+01
  ],
  ""type"": ""Point""
}","{
  ""coordinates"": [
    -83.256951888,
    42.426373508
  ],
  ""type"": ""Point""
}",-83.2569518879999,42.426373508
14826,1548542,I-94,14 TH,2018-11-23,23,11,2018,19,6,5,1,,1,0,Asphalt,1,1,4,55,3,2,2,5,0,0,0,0,true,false,false,false,false,false,false,false,false,false,false,false,false,false,false,false,false,false,false,false,false,false,-83.0888,42.35335,"{
  ""coordinates"": [
    -8.308879796883120e+01,
    4.235334701561750e+01
  ],
  ""type"": ""Point""
}","{
  ""coordinates"": [
    -83.088797969,
    42.353347016
  ],
  ""type"": ""Point""
}",-83.088797969,42.353347016
14827,1552415,MICHIGAN,LIVERNOIS,2018-11-23,23,11,2018,18,6,5,2,,1,0,Asphalt,1,1,4,35,4,2,4,5,0,0,0,0,true,false,false,false,false,false,false,false,false,false,false,false,false,false,true,false,false,false,false,false,false,false,-83.12031,42.33111,"{
  ""coordinates"": [
    -8.312030701142190e+01,
    4.233111149413270e+01
  ],
  ""type"": ""Point""
}","{
  ""coordinates"": [
    -83.120307011,
    42.331111494
  ],
  ""type"": ""Point""
}",-83.120307011,42.331111494
14828,1557544,GROVE,SOUTHFIELD,2018-11-23,23,11,2018,16,6,5,9,,,0,,1,1,1,25,2,2,1,5,0,0,0,0,true,true,false,false,true,false,false,false,false,false,false,false,false,false,false,false,false,false,false,false,false,false,-83.22106,42.41369,"{
  ""coordinates"": [
    -8.322106000905080e+01,
    4.241368744095890e+01
  ],
  ""type"": ""Point""
}","{
  ""coordinates"": [
    -83.221060009,
    42.413687441
  ],
  ""type"": ""Point""
}",-83.221060009,42.413687441
14829,1547351,W I 94,CHENE,2018-11-23,23,11,2018,16,6,5,1,,1,0,Concrete,1,1,1,55,3,2,2,5,0,0,0,0,true,false,false,false,false,false,false,false,false,false,false,false,false,false,false,false,false,false,false,false,false,false,-83.04465,42.37507,"{
  ""coordinates"": [
    -8.304465243239720e+01,
    4.237506760184650e+01
  ],
  ""type"": ""Point""
}","{
  ""coordinates"": [
    -83.044652432,
    42.375067602
  ],
  ""type"": ""Point""
}",-83.044652432,42.3750676020001
14830,1547381,WARREN,CANYON,2018-11-23,23,11,2018,21,6,4,9,,4,0,Asphalt,1,1,4,30,4,2,1,5,0,0,0,0,true,false,true,false,false,false,false,false,false,false,false,false,false,false,false,false,false,false,false,false,false,false,-82.91527,42.41143,"{
  ""coordinates"": [
    -8.291526947094189e+01,
    4.241142767398020e+01
  ],
  ""type"": ""Point""
}","{
  ""coordinates"": [
    -82.915269471,
    42.411427674
  ],
  ""type"": ""Point""
}",-82.915269471,42.411427674
14831,1547352,I-75,8 MILE,2018-11-23,23,11,2018,18,6,5,1,,1,0,Asphalt,1,1,4,70,4,2,2,5,0,0,0,0,true,false,false,false,false,false,false,false,false,false,false,false,false,false,false,false,false,false,false,false,false,false,-83.09489,42.44535,"{
  ""coordinates"": [
    -8.309489292122601e+01,
    4.244535296271680e+01
  ],
  ""type"": ""Point""
}","{
  ""coordinates"": [
    -83.094892921,
    42.445352963
  ],
  ""type"": ""Point""
}",-83.0948929209999,42.4453529630001
14832,1547350,S M 10,7 MILE,2018-11-23,23,11,2018,16,6,5,3,,1,0,Concrete,1,1,1,55,2,2,3,3,0,0,1,1,false,false,false,false,false,false,false,false,false,false,false,false,false,false,true,false,false,false,false,false,false,false,-83.18725,42.4309,"{
  ""coordinates"": [
    -8.318724564453670e+01,
    4.243090364955220e+01
  ],
  ""type"": ""Point""
}","{
  ""coordinates"": [
    -83.187245645,
    42.43090365
  ],
  ""type"": ""Point""
}",-83.187245645,42.4309036500001
14833,1547412,7 MILE,ROSELAWN,2018-11-23,23,11,2018,12,6,5,9,,2,0,Asphalt,1,1,1,35,4,2,5,3,0,0,1,1,false,false,false,false,false,false,false,false,false,false,false,false,false,false,false,false,false,false,false,false,false,false,-83.15312,42.4314,"{
  ""coordinates"": [
    -8.315312241584439e+01,
    4.243140416832090e+01
  ],
  ""type"": ""Point""
}","{
  ""coordinates"": [
    -83.153122416,
    42.431404168
  ],
  ""type"": ""Point""
}",-83.153122416,42.431404168
14834,1549679,I-94,CENTRAL,2018-11-23,23,11,2018,1,6,1,1,,1,1,Asphalt,1,1,4,55,3,1,1,5,0,0,0,0,true,false,false,false,false,false,false,false,false,true,false,false,false,false,false,false,false,false,false,false,false,false,-83.13887,42.33239,"{
  ""coordinates"": [
    -8.313887233269240e+01,
    4.233238580646650e+01
  ],
  ""type"": ""Point""
}","{
  ""coordinates"": [
    -83.138872333,
    42.332385806
  ],
  ""type"": ""Point""
}",-83.1388723329999,42.332385806
14835,1554950,RAMP 029A,N I 75,2018-11-23,23,11,2018,15,6,5,1,,1,0,Concrete,1,1,1,,2,2,4,5,0,0,0,0,true,false,false,false,false,false,false,false,false,false,false,false,false,false,false,false,false,false,false,false,false,false,-83.15773,42.27633,"{
  ""coordinates"": [
    -8.315773215331239e+01,
    4.227633047908940e+01
  ],
  ""type"": ""Point""
}","{
  ""coordinates"": [
    -83.157732153,
    42.276330479
  ],
  ""type"": ""Point""
}",-83.157732153,42.2763304790001
14836,1547389,PLYMOUTH,WOODMONT,2018-11-23,23,11,2018,9,6,5,9,,4,0,Asphalt,1,1,4,35,6,3,4,5,0,0,0,0,true,false,false,false,true,false,false,false,false,false,false,false,false,false,false,false,false,false,false,false,false,false,-83.20837,42.37242,"{
  ""coordinates"": [
    -8.320836529012421e+01,
    4.237241630036540e+01
  ],
  ""type"": ""Point""
}","{
  ""coordinates"": [
    -83.20836529,
    42.3724163
  ],
  ""type"": ""Point""
}",-83.20836529,42.3724163000001
14837,1545681,MICHIGAN,WOODWARD,2018-11-23,23,11,2018,20,6,8,9,,4,0,Asphalt,1,1,4,30,3,2,5,5,0,0,0,0,true,false,false,false,false,false,false,false,false,false,false,false,false,false,false,true,false,false,false,false,false,false,-83.04704,42.33164,"{
  ""coordinates"": [
    -8.304704493318469e+01,
    4.233164248867220e+01
  ],
  ""type"": ""Point""
}","{
  ""coordinates"": [
    -83.047044933,
    42.331642489
  ],
  ""type"": ""Point""
}",-83.0470449329999,42.331642489
14838,1545731,8 MILE,DEQUINDRE,2018-11-23,23,11,2018,19,6,8,3,,1,0,Asphalt,1,1,4,,4,2,1,5,0,0,0,0,true,false,false,false,false,false,false,false,false,false,false,false,false,false,true,false,false,false,false,false,false,false,-83.08578,42.44697,"{
  ""coordinates"": [
    -8.308577749288369e+01,
    4.244696656515210e+01
  ],
  ""type"": ""Point""
}","{
  ""coordinates"": [
    -83.085777493,
    42.446966565
  ],
  ""type"": ""Point""
}",-83.085777493,42.446966565
14839,1544422,COVINGTON,2ND,2018-11-23,23,11,2018,8,6,98,9,,,0,,1,1,4,25,1,2,0,5,0,0,0,0,true,false,false,false,true,false,false,false,false,false,false,false,false,false,false,false,false,false,false,false,false,false,-83.10899,42.41989,"{
  ""coordinates"": [
    -8.310898498890000e+01,
    4.241989003936590e+01
  ],
  ""type"": ""Point""
}","{
  ""coordinates"": [
    -83.108984989,
    42.419890039
  ],
  ""type"": ""Point""
}",-83.108984989,42.4198900390001
14840,1545727,7 MILE,ANTWERP,2018-11-22,22,11,2018,22,5,2,9,,4,2,Asphalt,1,1,4,35,3,2,3,3,0,0,1,1,false,true,false,false,false,true,false,false,false,false,false,false,false,false,false,false,false,false,false,false,false,false,-83.01768,42.43409,"{
  ""coordinates"": [
    -8.301767977505970e+01,
    4.243409302314590e+01
  ],
  ""type"": ""Point""
}","{
  ""coordinates"": [
    -83.017679775,
    42.434093023
  ],
  ""type"": ""Point""
}",-83.017679775,42.4340930230001
14841,1542982,FORT,SHELBY,2018-11-22,22,11,2018,12,5,8,3,,1,0,Asphalt,1,2,1,30,2,2,5,5,0,0,0,0,true,false,false,false,false,false,false,false,false,false,false,false,false,false,true,false,false,false,false,false,false,false,-83.04861,42.33019,"{
  ""coordinates"": [
    -8.304860825345919e+01,
    4.233019229855940e+01
  ],
  ""type"": ""Point""
}","{
  ""coordinates"": [
    -83.048608253,
    42.330192299
  ],
  ""type"": ""Point""
}",-83.0486082529999,42.330192299
14842,1543056,MOUND,LUCE,2018-11-22,22,11,2018,15,5,3,9,,2,0,Asphalt,1,1,1,40,2,2,2,5,0,0,0,0,true,false,false,false,true,false,false,false,false,false,false,false,false,false,false,false,false,false,false,false,false,false,-83.04245,42.41562,"{
  ""coordinates"": [
    -8.304245082576900e+01,
    4.241562145689290e+01
  ],
  ""type"": ""Point""
}","{
  ""coordinates"": [
    -83.042450826,
    42.415621457
  ],
  ""type"": ""Point""
}",-83.0424508259999,42.415621457
14843,1543037,ROSEMARY,DICKERSON,2018-11-22,22,11,2018,7,5,4,9,,,0,,1,2,2,15,1,2,2,5,0,0,0,0,true,false,true,false,true,false,false,false,false,false,false,false,false,false,false,false,false,false,false,false,false,false,-82.97992,42.41298,"{
  ""coordinates"": [
    -8.297991703981890e+01,
    4.241297629599690e+01
  ],
  ""type"": ""Point""
}","{
  ""coordinates"": [
    -82.97991704,
    42.412976296
  ],
  ""type"": ""Point""
}",-82.97991704,42.4129762960001
14844,1544361,3RD,GRAND RIVER,2018-11-22,22,11,2018,13,5,8,3,,4,0,Asphalt,1,1,1,35,3,2,1,5,0,0,0,0,true,false,false,false,false,false,false,false,false,false,false,false,false,true,false,false,false,false,false,false,false,false,-83.06091,42.33721,"{
  ""coordinates"": [
    -8.306091097611180e+01,
    4.233720689015010e+01
  ],
  ""type"": ""Point""
}","{
  ""coordinates"": [
    -83.060910976,
    42.33720689
  ],
  ""type"": ""Point""
}",-83.0609109759999,42.3372068900001
14845,1547343,I 94,MT ELLIOTT,2018-11-22,22,11,2018,19,5,97,1,,1,0,Asphalt,1,1,4,55,3,2,2,4,0,0,0,1,false,false,false,false,false,false,false,false,false,true,false,false,false,false,false,false,false,false,false,false,false,false,-83.03348,42.37938,"{
  ""coordinates"": [
    -8.303347518810649e+01,
    4.237938126418540e+01
  ],
  ""type"": ""Point""
}","{
  ""coordinates"": [
    -83.033475188,
    42.379381264
  ],
  ""type"": ""Point""
}",-83.033475188,42.3793812640001
14846,1543053,OUTER,GRATIOT,2018-11-22,22,11,2018,4,5,1,9,,2,1,Asphalt,1,1,4,35,4,1,1,5,0,0,0,0,true,false,false,false,false,false,false,false,false,false,false,false,false,false,false,false,false,false,false,false,false,false,-82.99771,42.40658,"{
  ""coordinates"": [
    -8.299770824735670e+01,
    4.240657993909820e+01
  ],
  ""type"": ""Point""
}","{
  ""coordinates"": [
    -82.997708247,
    42.406579939
  ],
  ""type"": ""Point""
}",-82.9977082469999,42.406579939
14847,1543027,GRAND RIVER,PIERSON,2018-11-22,22,11,2018,22,5,4,3,,1,0,Asphalt,1,1,4,35,5,2,4,5,0,0,0,0,true,false,true,false,false,false,false,false,false,false,false,false,false,true,false,false,true,false,false,false,false,false,-83.24649,42.41204,"{
  ""coordinates"": [
    -8.324648769451400e+01,
    4.241204471760420e+01
  ],
  ""type"": ""Point""
}","{
  ""coordinates"": [
    -83.246487695,
    42.412044718
  ],
  ""type"": ""Point""
}",-83.246487695,42.4120447180001
14848,1556154,WARREN,I 75 SERVICE,2018-11-22,22,11,2018,11,5,4,9,,4,0,Asphalt,1,2,1,30,4,2,6,5,0,0,0,0,true,false,false,false,false,false,false,false,false,false,true,false,false,false,false,false,false,false,false,false,false,false,-83.05382,42.36098,"{
  ""coordinates"": [
    -8.305382051538020e+01,
    4.236098008342790e+01
  ],
  ""type"": ""Point""
}","{
  ""coordinates"": [
    -83.053820515,
    42.360980083
  ],
  ""type"": ""Point""
}",-83.053820515,42.3609800830001
14849,1542976,MEYERS,CHALFONTE,2018-11-22,22,11,2018,22,5,8,9,,4,0,Asphalt,1,2,4,35,3,3,1,4,0,0,0,1,false,false,false,false,false,true,false,false,false,false,false,false,false,false,false,false,false,false,false,false,false,false,-83.1693,42.39999,"{
  ""coordinates"": [
    -8.316929259978760e+01,
    4.239998866268670e+01
  ],
  ""type"": ""Point""
}","{
  ""coordinates"": [
    -83.1692926,
    42.399988663
  ],
  ""type"": ""Point""
}",-83.1692925999999,42.399988663
14850,1547373,JEFFERSON,KITCHENER,2018-11-22,22,11,2018,16,5,4,9,,4,0,Asphalt,1,1,1,35,2,2,6,5,0,0,0,0,true,false,true,false,false,false,false,false,false,false,false,false,false,false,false,false,false,false,false,false,false,false,-82.95583,42.3703,"{
  ""coordinates"": [
    -8.295582361580151e+01,
    4.237030583967020e+01
  ],
  ""type"": ""Point""
}","{
  ""coordinates"": [
    -82.955823616,
    42.37030584
  ],
  ""type"": ""Point""
}",-82.955823616,42.3703058400001
14851,1544397,WOODWARD,BOSTON,2018-11-22,22,11,2018,13,5,4,3,,1,0,Asphalt,1,1,1,35,6,2,2,5,0,0,0,0,true,false,false,false,false,false,false,false,false,false,false,false,false,false,false,false,false,false,false,false,false,false,-83.08495,42.38758,"{
  ""coordinates"": [
    -8.308494323250061e+01,
    4.238757862996220e+01
  ],
  ""type"": ""Point""
}","{
  ""coordinates"": [
    -83.084943233,
    42.38757863
  ],
  ""type"": ""Point""
}",-83.084943233,42.3875786300001
14852,1544385,2ND,RAMP 039A,2018-11-22,22,11,2018,11,5,8,1,,4,0,Concrete,1,1,1,30,4,2,2,5,0,0,0,0,true,false,false,false,false,false,false,false,false,false,false,false,false,false,false,false,false,false,false,false,false,false,-83.05865,42.33719,"{
  ""coordinates"": [
    -8.305865505881459e+01,
    4.233718833190620e+01
  ],
  ""type"": ""Point""
}","{
  ""coordinates"": [
    -83.058655059,
    42.337188332
  ],
  ""type"": ""Point""
}",-83.058655059,42.337188332
14853,1544368,OTIS,LOCKWOOD,2018-11-22,22,11,2018,21,5,1,9,,,0,,1,2,5,25,2,1,1,4,0,0,0,1,false,false,false,false,false,false,false,false,false,false,false,false,false,false,true,false,false,false,false,false,false,false,-83.10795,42.32979,"{
  ""coordinates"": [
    -8.310794866983829e+01,
    4.232979382752240e+01
  ],
  ""type"": ""Point""
}","{
  ""coordinates"": [
    -83.10794867,
    42.329793828
  ],
  ""type"": ""Point""
}",-83.10794867,42.329793828
14854,1545686,WILDEMERE,CHALFONTE,2018-11-22,22,11,2018,19,5,98,9,,,0,,1,2,1,25,4,2,0,5,0,0,0,0,true,false,false,false,true,false,false,false,false,false,false,true,false,false,false,false,false,false,false,false,false,false,-83.13197,42.40046,"{
  ""coordinates"": [
    -8.313197627836151e+01,
    4.240046474503400e+01
  ],
  ""type"": ""Point""
}","{
  ""coordinates"": [
    -83.131976278,
    42.400464745
  ],
  ""type"": ""Point""
}",-83.131976278,42.4004647450001
14855,1543055,DEQUINDRE,REMINGTON,2018-11-22,22,11,2018,13,5,4,9,,4,0,Asphalt,1,2,1,35,2,2,2,5,0,0,0,0,true,false,false,false,true,false,false,false,false,false,false,false,false,false,false,false,false,false,false,false,false,false,-83.08322,42.44257,"{
  ""coordinates"": [
    -8.308322141661939e+01,
    4.244256963415010e+01
  ],
  ""type"": ""Point""
}","{
  ""coordinates"": [
    -83.083221417,
    42.442569634
  ],
  ""type"": ""Point""
}",-83.0832214169999,42.4425696340001
14856,1542990,18TH,I 75 SERVICE,2018-11-22,22,11,2018,13,5,97,9,,,0,,1,1,1,,2,2,1,5,0,0,0,0,true,false,false,false,true,false,false,false,false,false,false,false,false,false,false,false,false,false,false,false,false,false,-83.08341,42.3339,"{
  ""coordinates"": [
    -8.308341194982930e+01,
    4.233389965314820e+01
  ],
  ""type"": ""Point""
}","{
  ""coordinates"": [
    -83.08341195,
    42.333899653
  ],
  ""type"": ""Point""
}",-83.08341195,42.3338996530001
14857,1544388,8 MILE,ROSEMONT,2018-11-22,22,11,2018,20,5,8,3,,1,0,Asphalt,1,1,4,40,3,2,1,5,0,0,0,0,true,false,false,false,true,false,false,false,false,false,false,false,false,false,false,false,false,false,false,false,false,false,-83.22214,42.44413,"{
  ""coordinates"": [
    -8.322213761763470e+01,
    4.244412540289660e+01
  ],
  ""type"": ""Point""
}","{
  ""coordinates"": [
    -83.222137618,
    42.444125403
  ],
  ""type"": ""Point""
}",-83.222137618,42.444125403
14858,1542984,SCHAEFER,CHALFONTE,2018-11-22,22,11,2018,20,5,97,9,,4,0,Asphalt,1,1,4,35,3,2,5,5,0,0,0,0,true,false,false,false,false,false,false,false,false,false,false,false,false,false,false,false,false,false,false,false,false,false,-83.17903,42.39981,"{
  ""coordinates"": [
    -8.317902756753490e+01,
    4.239980813090330e+01
  ],
  ""type"": ""Point""
}","{
  ""coordinates"": [
    -83.179027568,
    42.399808131
  ],
  ""type"": ""Point""
}",-83.179027568,42.399808131
14859,1549681,W I 96 CD,WYOMING,2018-11-22,22,11,2018,23,5,1,1,,1,1,Asphalt,1,1,4,55,3,1,1,3,0,0,1,0,false,false,false,false,false,false,false,true,false,true,false,false,false,false,false,false,false,false,false,false,false,false,-83.15792,42.38561,"{
  ""coordinates"": [
    -8.315792240283120e+01,
    4.238560952530070e+01
  ],
  ""type"": ""Point""
}","{
  ""coordinates"": [
    -83.157922403,
    42.385609525
  ],
  ""type"": ""Point""
}",-83.157922403,42.3856095250001