ObjectId,Crash ID,Primary Road,Intersecting Road,Crash Date,Day,Month,Year,Hour,Weekday,Crash Type Code,Highway Classification Code,Community Code,Jurisdiction Code,Lane Departure Type Code,Surface Type,Road Condition,Weather Condition,Lighting Condition,Speed Limit,Lanes,Units,Occupants,Most Severe Injury,Fatal Injuries,Suspected Serious Injuries,Suspected Minor Injuries,Possible Injuries,Property Damage Only,Secondary Crash,Traffic Control,Red Light Run,Hit and Run,Alcohol,Drugs,Unbelted Person,Work Zone,Speeding Driver,Distracted Driver,Driveway,Pedestrian,Elderly Driver,Young Driver,Commercial Vehicle,Emergency Vehicles,Train,School Bus,Motorcycle,Bicycle,Deer,Longitude,Latitude,geom,geog,x,y
14860,1542986,CHICAGO,WYOMING,2018-11-22,22,11,2018,6,5,1,9,,4,1,Asphalt,1,1,4,30,2,1,0,5,0,0,0,0,true,false,false,false,true,false,false,false,false,false,false,false,false,false,false,false,false,false,false,false,false,false,-83.15858,42.36619,"{
  ""coordinates"": [
    -8.315858795376499e+01,
    4.236618651330200e+01
  ],
  ""type"": ""Point""
}","{
  ""coordinates"": [
    -83.158587954,
    42.366186513
  ],
  ""type"": ""Point""
}",-83.158587954,42.3661865130001
14861,1563733,SCHAEFER,CHALFONTE,2018-11-22,22,11,2018,20,5,4,9,,4,0,Asphalt,1,1,2,35,2,2,1,5,0,0,0,0,true,false,false,false,true,false,false,false,false,false,false,false,false,false,false,false,false,false,false,false,false,false,-83.17902,42.39975,"{
  ""coordinates"": [
    -8.317902490429240e+01,
    4.239975019750490e+01
  ],
  ""type"": ""Point""
}","{
  ""coordinates"": [
    -83.179024904,
    42.399750198
  ],
  ""type"": ""Point""
}",-83.179024904,42.399750198
14862,1544373,MACK,S I 75,2018-11-22,22,11,2018,18,5,3,9,,4,0,Asphalt,1,1,4,30,6,2,3,4,0,0,0,3,false,false,false,false,false,false,false,false,false,false,false,false,false,true,false,false,false,false,false,false,false,false,-83.04803,42.35114,"{
  ""coordinates"": [
    -8.304802587100200e+01,
    4.235113983089120e+01
  ],
  ""type"": ""Point""
}","{
  ""coordinates"": [
    -83.048025871,
    42.351139831
  ],
  ""type"": ""Point""
}",-83.0480258709999,42.3511398310001
14863,1570369,VAN DYKE,SAINT PAUL,2018-11-22,22,11,2018,23,5,8,9,,4,0,Asphalt,1,1,4,25,2,2,1,5,0,0,0,0,true,false,false,false,false,false,false,false,false,false,true,false,false,false,false,false,false,false,false,false,false,false,-82.9986,42.35655,"{
  ""coordinates"": [
    -8.299859383351669e+01,
    4.235654864803750e+01
  ],
  ""type"": ""Point""
}","{
  ""coordinates"": [
    -82.998593834,
    42.356548648
  ],
  ""type"": ""Point""
}",-82.998593834,42.3565486480001
14864,1547367,MOROSS,E I 94 SERVICE DRIVE,2018-11-22,22,11,2018,19,5,8,9,,2,0,Asphalt,1,1,4,35,3,2,4,5,0,0,0,0,true,false,false,false,false,false,false,false,false,false,false,false,false,false,false,false,false,false,false,false,false,false,-82.92838,42.42419,"{
  ""coordinates"": [
    -8.292837832221920e+01,
    4.242419478191250e+01
  ],
  ""type"": ""Point""
}","{
  ""coordinates"": [
    -82.928378322,
    42.424194782
  ],
  ""type"": ""Point""
}",-82.928378322,42.424194782
14865,1543054,SHERWOOD,OUTER,2018-11-22,22,11,2018,10,5,97,9,,4,0,Asphalt,1,1,1,35,1,3,2,5,0,0,0,0,true,false,false,false,false,false,false,false,false,false,false,false,false,false,false,false,false,false,false,false,false,false,-83.03428,42.44066,"{
  ""coordinates"": [
    -8.303428057823670e+01,
    4.244065681108600e+01
  ],
  ""type"": ""Point""
}","{
  ""coordinates"": [
    -83.034280578,
    42.440656811
  ],
  ""type"": ""Point""
}",-83.0342805779999,42.4406568110001
14866,1542999,MACK,JOHN R,2018-11-22,22,11,2018,12,5,8,9,,4,0,Asphalt,1,1,1,30,3,2,3,5,0,0,0,0,true,false,false,false,false,false,false,false,false,false,false,false,false,false,false,false,false,false,false,false,false,false,-83.05597,42.3484,"{
  ""coordinates"": [
    -8.305597193840519e+01,
    4.234840290988280e+01
  ],
  ""type"": ""Point""
}","{
  ""coordinates"": [
    -83.055971938,
    42.34840291
  ],
  ""type"": ""Point""
}",-83.055971938,42.3484029100001
14867,1583321,OUTER,LAPPIN,2018-11-22,22,11,2018,21,5,97,9,,2,0,Concrete,1,1,4,35,2,2,0,3,0,0,1,0,false,false,false,false,true,false,false,false,false,false,false,true,true,false,false,false,false,false,false,false,false,false,-83.01448,42.43591,"{
  ""coordinates"": [
    -8.301448284314320e+01,
    4.243590635638180e+01
  ],
  ""type"": ""Point""
}","{
  ""coordinates"": [
    -83.014482843,
    42.435906356
  ],
  ""type"": ""Point""
}",-83.0144828429999,42.435906356
14868,1544395,SCHOENHERR,PFENT,2018-11-22,22,11,2018,11,5,8,9,,4,0,Asphalt,1,1,4,35,2,3,1,5,0,0,0,0,true,false,false,false,false,false,false,false,false,false,false,false,false,false,false,false,false,false,false,false,false,false,-82.98524,42.43785,"{
  ""coordinates"": [
    -8.298524011605090e+01,
    4.243784896215360e+01
  ],
  ""type"": ""Point""
}","{
  ""coordinates"": [
    -82.985240116,
    42.437848962
  ],
  ""type"": ""Point""
}",-82.9852401159999,42.437848962
14869,1556107,E I 94,CHENE,2018-11-22,22,11,2018,18,5,8,1,,1,0,Concrete,1,1,4,55,3,2,2,5,0,0,0,0,true,false,false,false,true,false,false,false,false,false,false,false,false,false,false,false,false,false,false,false,false,false,-83.04603,42.37442,"{
  ""coordinates"": [
    -8.304602801970429e+01,
    4.237441556260800e+01
  ],
  ""type"": ""Point""
}","{
  ""coordinates"": [
    -83.04602802,
    42.374415563
  ],
  ""type"": ""Point""
}",-83.0460280199999,42.3744155630001
14870,1637116,LITTLEFIELD,SANTA MARIA,2018-11-22,22,11,2018,18,5,8,9,,,3,,1,1,4,25,2,2,0,5,0,0,0,0,true,false,false,false,true,false,false,false,false,false,false,false,false,false,false,false,false,false,false,false,false,false,-83.17638,42.41843,"{
  ""coordinates"": [
    -8.317637353390769e+01,
    4.241843209575020e+01
  ],
  ""type"": ""Point""
}","{
  ""coordinates"": [
    -83.176373534,
    42.418432096
  ],
  ""type"": ""Point""
}",-83.1763735339999,42.4184320960001
14871,1542247,JEFFERSON,MILITARY,2018-11-22,22,11,2018,4,5,1,9,,4,0,Asphalt,1,1,4,35,2,1,2,3,0,0,2,0,false,false,false,false,false,false,false,false,false,true,false,false,false,false,false,false,false,false,false,false,false,false,-83.09665,42.3017,"{
  ""coordinates"": [
    -8.309664996713700e+01,
    4.230169737583760e+01
  ],
  ""type"": ""Point""
}","{
  ""coordinates"": [
    -83.096649967,
    42.301697376
  ],
  ""type"": ""Point""
}",-83.096649967,42.301697376
14872,1544415,MEYERS,MCNICHOLS,2018-11-22,22,11,2018,22,5,97,9,,4,0,Asphalt,1,1,4,30,4,4,8,3,0,0,6,1,false,false,true,true,false,false,false,false,false,false,false,false,false,false,true,false,false,false,false,false,false,false,-83.17013,42.41669,"{
  ""coordinates"": [
    -8.317013038215350e+01,
    4.241668600311670e+01
  ],
  ""type"": ""Point""
}","{
  ""coordinates"": [
    -83.170130382,
    42.416686003
  ],
  ""type"": ""Point""
}",-83.170130382,42.4166860030001
14873,1543048,MOROSS,E I 94,2018-11-22,22,11,2018,13,5,4,9,,2,0,Concrete,1,1,1,35,4,2,2,4,0,0,0,1,false,false,false,false,false,false,false,false,false,false,false,false,false,false,false,false,false,false,false,false,false,false,-82.92851,42.42469,"{
  ""coordinates"": [
    -8.292850981450580e+01,
    4.242468541625630e+01
  ],
  ""type"": ""Point""
}","{
  ""coordinates"": [
    -82.928509815,
    42.424685416
  ],
  ""type"": ""Point""
}",-82.928509815,42.424685416
14874,1543057,HALLECK,DEQUINDRE,2018-11-22,22,11,2018,13,5,5,9,,,0,,1,1,1,25,1,2,0,5,0,0,0,0,true,false,false,false,true,false,false,false,false,false,false,false,false,false,false,false,false,false,false,false,false,false,-83.07159,42.40613,"{
  ""coordinates"": [
    -8.307158279705961e+01,
    4.240612657985240e+01
  ],
  ""type"": ""Point""
}","{
  ""coordinates"": [
    -83.071582797,
    42.40612658
  ],
  ""type"": ""Point""
}",-83.071582797,42.40612658
14875,1542985,HARTWELL,CHALFONTE,2018-11-22,22,11,2018,15,5,10,9,,,3,,1,1,1,25,2,2,4,5,0,0,0,0,true,false,false,false,false,false,false,false,false,false,false,false,false,false,false,false,false,false,false,false,false,false,-83.17797,42.40046,"{
  ""coordinates"": [
    -8.317797280309610e+01,
    4.240045393930570e+01
  ],
  ""type"": ""Point""
}","{
  ""coordinates"": [
    -83.177972803,
    42.400453939
  ],
  ""type"": ""Point""
}",-83.177972803,42.400453939
14876,1552461,WYOMING,DAVISON,2018-11-22,22,11,2018,0,5,2,9,,4,0,Asphalt,1,1,4,35,6,2,1,4,0,0,0,1,false,false,false,false,true,false,false,false,false,false,false,false,false,false,false,false,false,false,false,false,false,false,-83.159,42.38607,"{
  ""coordinates"": [
    -8.315899777490050e+01,
    4.238606618598240e+01
  ],
  ""type"": ""Point""
}","{
  ""coordinates"": [
    -83.158997775,
    42.386066186
  ],
  ""type"": ""Point""
}",-83.158997775,42.3860661860001
14877,1544419,7 MILE,ST MARYS,2018-11-22,22,11,2018,18,5,4,9,,2,0,Asphalt,1,1,4,25,4,2,4,4,0,0,0,2,false,false,false,false,true,false,false,false,false,false,false,false,false,false,false,false,false,false,false,false,false,false,-83.20718,42.43031,"{
  ""coordinates"": [
    -8.320718710402880e+01,
    4.243031458823540e+01
  ],
  ""type"": ""Point""
}","{
  ""coordinates"": [
    -83.207187104,
    42.430314588
  ],
  ""type"": ""Point""
}",-83.207187104,42.430314588
14878,1543002,LIVERNOIS,LAFAYETTE,2018-11-22,22,11,2018,12,5,4,9,,4,0,Asphalt,1,2,1,25,4,2,4,5,0,0,0,0,true,false,true,false,false,false,false,false,false,false,false,false,false,false,true,false,false,false,false,false,false,false,-83.1049,42.3086,"{
  ""coordinates"": [
    -8.310490247418051e+01,
    4.230859979880220e+01
  ],
  ""type"": ""Point""
}","{
  ""coordinates"": [
    -83.104902474,
    42.308599799
  ],
  ""type"": ""Point""
}",-83.104902474,42.308599799
14879,1543189,OUTER,SOUTHFIELD SERVICE DRIVE,2018-11-22,22,11,2018,13,5,4,9,,2,0,Asphalt,1,1,1,35,4,2,2,5,0,0,0,0,true,false,true,true,false,false,false,false,false,false,false,false,false,false,false,false,false,false,false,false,false,false,-83.21946,42.41926,"{
  ""coordinates"": [
    -8.321945813449140e+01,
    4.241925946509310e+01
  ],
  ""type"": ""Point""
}","{
  ""coordinates"": [
    -83.219458134,
    42.419259465
  ],
  ""type"": ""Point""
}",-83.219458134,42.419259465
14880,1542993,WYOMING,TIREMAN,2018-11-22,22,11,2018,4,5,5,9,,4,0,Asphalt,1,1,4,30,3,3,1,3,0,0,1,0,false,false,false,false,false,false,false,false,false,true,true,false,false,true,false,false,false,false,false,false,false,false,-83.15759,42.35309,"{
  ""coordinates"": [
    -8.315759342563931e+01,
    4.235308886064700e+01
  ],
  ""type"": ""Point""
}","{
  ""coordinates"": [
    -83.157593426,
    42.353088861
  ],
  ""type"": ""Point""
}",-83.1575934259999,42.3530888610001
14881,1543005,OUTER,GLENDALE,2018-11-22,22,11,2018,19,5,4,9,,2,0,Asphalt,1,1,4,35,2,2,3,5,0,0,0,0,true,false,false,false,true,false,false,false,false,false,false,false,false,false,false,false,false,false,false,false,false,false,-83.26112,42.3799,"{
  ""coordinates"": [
    -8.326112335043580e+01,
    4.237989667066760e+01
  ],
  ""type"": ""Point""
}","{
  ""coordinates"": [
    -83.26112335,
    42.379896671
  ],
  ""type"": ""Point""
}",-83.2611233499999,42.379896671
14882,1544408,8 MILE,HOOVER,2018-11-22,22,11,2018,21,5,98,3,,1,1,Asphalt,1,1,4,45,4,1,0,5,0,0,0,0,true,false,false,false,true,false,false,false,false,false,false,false,false,false,false,false,false,false,false,false,false,false,-83.00717,42.44873,"{
  ""coordinates"": [
    -8.300717336538411e+01,
    4.244873119958190e+01
  ],
  ""type"": ""Point""
}","{
  ""coordinates"": [
    -83.007173365,
    42.4487312
  ],
  ""type"": ""Point""
}",-83.007173365,42.4487312000001
14883,1542989,SAINT ANTOINE,LAFAYETTE,2018-11-22,22,11,2018,0,5,97,9,,,0,,1,1,4,30,1,2,0,5,0,0,0,0,true,false,false,false,false,false,false,false,false,false,false,false,true,false,false,false,false,false,false,false,false,false,-83.04026,42.33453,"{
  ""coordinates"": [
    -8.304026031416970e+01,
    4.233452640172480e+01
  ],
  ""type"": ""Point""
}","{
  ""coordinates"": [
    -83.040260314,
    42.334526402
  ],
  ""type"": ""Point""
}",-83.040260314,42.3345264020001
14884,1549724,OUTER,TIREMAN,2018-11-22,22,11,2018,7,5,4,9,,2,0,Asphalt,1,1,1,35,6,2,2,5,0,0,0,0,true,false,true,false,true,false,false,false,false,false,false,false,false,false,false,false,false,false,false,false,false,false,-83.25353,42.34965,"{
  ""coordinates"": [
    -8.325352984857371e+01,
    4.234965038672690e+01
  ],
  ""type"": ""Point""
}","{
  ""coordinates"": [
    -83.253529849,
    42.349650387
  ],
  ""type"": ""Point""
}",-83.253529849,42.3496503870001
14885,1542978,JEFFERSON,GRISWOLD,2018-11-22,22,11,2018,8,5,3,3,,1,0,Asphalt,1,2,1,30,4,2,5,5,0,0,0,0,true,false,false,false,false,false,false,false,false,false,false,false,false,false,false,false,false,false,false,false,false,false,-83.04552,42.32811,"{
  ""coordinates"": [
    -8.304552677843429e+01,
    4.232811347079400e+01
  ],
  ""type"": ""Point""
}","{
  ""coordinates"": [
    -83.045526778,
    42.328113471
  ],
  ""type"": ""Point""
}",-83.045526778,42.3281134710001
14886,1544379,7 MILE,LAHSER,2018-11-22,22,11,2018,5,5,1,9,,2,1,Asphalt,1,1,4,35,4,1,2,5,0,0,0,0,true,false,false,false,false,false,false,false,false,false,false,false,false,false,true,false,false,false,false,false,false,false,-83.25812,42.42912,"{
  ""coordinates"": [
    -8.325812137288220e+01,
    4.242912084138470e+01
  ],
  ""type"": ""Point""
}","{
  ""coordinates"": [
    -83.258121373,
    42.429120841
  ],
  ""type"": ""Point""
}",-83.2581213729999,42.429120841
14887,1544413,LAWLEY,GODDARD,2018-11-22,22,11,2018,22,5,8,9,,,0,,1,1,3,25,1,2,1,4,0,0,0,1,false,false,false,false,false,false,false,true,false,false,false,false,false,false,false,false,false,false,false,false,false,false,-83.07169,42.40932,"{
  ""coordinates"": [
    -8.307168855030180e+01,
    4.240932559502100e+01
  ],
  ""type"": ""Point""
}","{
  ""coordinates"": [
    -83.07168855,
    42.409325595
  ],
  ""type"": ""Point""
}",-83.07168855,42.409325595
14888,1543058,SCHAEFER,7 MILE,2018-11-22,22,11,2018,18,5,8,9,,4,0,Asphalt,1,1,4,30,5,2,4,5,0,0,0,0,true,false,false,false,false,false,false,false,false,false,false,false,false,true,false,false,false,false,false,false,false,false,-83.1805,42.43105,"{
  ""coordinates"": [
    -8.318050521070860e+01,
    4.243104874875810e+01
  ],
  ""type"": ""Point""
}","{
  ""coordinates"": [
    -83.180505211,
    42.431048749
  ],
  ""type"": ""Point""
}",-83.180505211,42.4310487490001
14889,1552452,STATE FAIR,GREELEY,2018-11-21,21,11,2018,18,4,4,9,,4,0,Asphalt,1,1,4,30,2,2,3,4,0,0,0,1,false,false,true,false,false,true,false,false,false,false,false,false,false,false,false,false,true,false,false,false,false,false,-83.08796,42.43996,"{
  ""coordinates"": [
    -8.308795860311520e+01,
    4.243995526135040e+01
  ],
  ""type"": ""Point""
}","{
  ""coordinates"": [
    -83.087958603,
    42.439955261
  ],
  ""type"": ""Point""
}",-83.0879586029999,42.4399552610001
14890,1542248,25TH,VERNOR,2018-11-21,21,11,2018,14,4,10,9,,,0,,1,1,1,25,2,2,2,5,0,0,0,0,true,false,false,false,false,false,false,false,false,false,true,false,false,true,false,false,false,false,false,false,false,false,-83.08821,42.32357,"{
  ""coordinates"": [
    -8.308821227791510e+01,
    4.232357327404010e+01
  ],
  ""type"": ""Point""
}","{
  ""coordinates"": [
    -83.088212278,
    42.323573274
  ],
  ""type"": ""Point""
}",-83.088212278,42.3235732740001
14891,1542242,MCNICHOLS,SCHAEFER,2018-11-21,21,11,2018,19,4,8,9,,2,0,Asphalt,1,1,4,,5,2,1,5,0,0,0,0,true,false,false,false,false,false,false,false,false,false,false,false,false,false,false,false,false,false,false,false,false,false,-83.17982,42.41659,"{
  ""coordinates"": [
    -8.317982241616291e+01,
    4.241659038562520e+01
  ],
  ""type"": ""Point""
}","{
  ""coordinates"": [
    -83.179822416,
    42.416590386
  ],
  ""type"": ""Point""
}",-83.179822416,42.4165903860001
14892,1570370,EVANSTON,BERKSHIRE,2018-11-21,21,11,2018,2,4,4,9,,,0,,98,98,98,25,2,2,0,5,0,0,0,0,true,false,false,false,true,false,false,false,false,false,false,false,false,false,false,false,false,false,false,false,false,false,-82.94953,42.40956,"{
  ""coordinates"": [
    -8.294953393249899e+01,
    4.240956100451980e+01
  ],
  ""type"": ""Point""
}","{
  ""coordinates"": [
    -82.949533932,
    42.409561005
  ],
  ""type"": ""Point""
}",-82.949533932,42.4095610050001
14893,1552400,I-75,HOLBROOK,2018-11-21,21,11,2018,21,4,7,1,,1,0,Asphalt,1,1,4,30,3,2,2,5,0,0,0,0,true,false,false,false,false,false,false,false,false,false,false,false,false,false,true,true,false,false,false,false,false,false,-83.0664,42.38398,"{
  ""coordinates"": [
    -8.306639715961531e+01,
    4.238397692269580e+01
  ],
  ""type"": ""Point""
}","{
  ""coordinates"": [
    -83.06639716,
    42.383976923
  ],
  ""type"": ""Point""
}",-83.06639716,42.383976923
14894,1542250,CHENE,LARNED,2018-11-21,21,11,2018,18,4,8,9,,4,0,Asphalt,1,1,4,30,6,2,2,5,0,0,0,0,true,false,false,false,false,false,false,false,false,false,false,false,false,true,false,false,false,false,false,false,false,false,-83.02309,42.33893,"{
  ""coordinates"": [
    -8.302309671870570e+01,
    4.233893103025140e+01
  ],
  ""type"": ""Point""
}","{
  ""coordinates"": [
    -83.023096719,
    42.33893103
  ],
  ""type"": ""Point""
}",-83.023096719,42.33893103
14895,1542231,N/B M 39,PEMBROOKE,2018-11-21,21,11,2018,14,4,5,3,,1,0,Concrete,1,2,1,55,3,2,2,5,0,0,0,0,true,false,false,false,false,false,false,false,false,false,false,false,false,false,false,false,false,false,false,false,false,false,-83.2196,42.43868,"{
  ""coordinates"": [
    -8.321960692562240e+01,
    4.243868015864430e+01
  ],
  ""type"": ""Point""
}","{
  ""coordinates"": [
    -83.219606926,
    42.438680159
  ],
  ""type"": ""Point""
}",-83.219606926,42.4386801590001
14896,1542232,W/B I 94,CONNER,2018-11-21,21,11,2018,15,4,5,1,,1,0,Asphalt,1,2,1,55,3,4,4,5,0,0,0,0,true,false,false,false,false,false,false,false,false,false,false,false,false,false,false,false,false,false,false,false,false,false,-82.98627,42.39758,"{
  ""coordinates"": [
    -8.298627438325290e+01,
    4.239757528182310e+01
  ],
  ""type"": ""Point""
}","{
  ""coordinates"": [
    -82.986274383,
    42.397575282
  ],
  ""type"": ""Point""
}",-82.986274383,42.397575282
14897,1544402,LINWOOD,OAKMAN,2018-11-21,21,11,2018,20,4,2,9,,4,0,Asphalt,1,1,4,30,2,2,3,5,0,0,0,0,true,false,false,false,false,false,false,false,false,false,true,false,false,false,false,false,false,false,false,false,false,false,-83.12535,42.39797,"{
  ""coordinates"": [
    -8.312535244616259e+01,
    4.239796652724470e+01
  ],
  ""type"": ""Point""
}","{
  ""coordinates"": [
    -83.125352446,
    42.397966527
  ],
  ""type"": ""Point""
}",-83.125352446,42.3979665270001
14898,1547349,M 39,FULLERTON,2018-11-21,21,11,2018,16,4,5,3,,1,0,Asphalt,1,1,1,55,3,2,2,5,0,0,0,0,true,false,false,false,false,false,false,false,false,false,false,false,false,false,false,false,false,false,false,false,false,false,-83.21725,42.37998,"{
  ""coordinates"": [
    -8.321725451477070e+01,
    4.237997810042450e+01
  ],
  ""type"": ""Point""
}","{
  ""coordinates"": [
    -83.217254515,
    42.3799781
  ],
  ""type"": ""Point""
}",-83.217254515,42.3799781000001
14899,1543012,HEYDEN,BELTON,2018-11-21,21,11,2018,8,4,98,9,,,0,,98,98,98,25,2,2,0,5,0,0,0,0,true,false,false,false,true,false,false,false,false,false,false,false,false,false,false,false,false,false,false,false,false,false,-83.23819,42.35237,"{
  ""coordinates"": [
    -8.323818816395431e+01,
    4.235237206758220e+01
  ],
  ""type"": ""Point""
}","{
  ""coordinates"": [
    -83.238188164,
    42.352372068
  ],
  ""type"": ""Point""
}",-83.238188164,42.3523720680001
14900,1544426,3RD,NB 3RD/SB 3RD,2018-11-21,21,11,2018,9,4,8,9,,4,0,Asphalt,1,1,1,25,2,2,2,5,0,0,0,0,true,false,false,false,false,false,false,false,false,false,false,false,false,false,false,true,false,false,false,false,false,false,-83.05887,42.334,"{
  ""coordinates"": [
    -8.305886480447190e+01,
    4.233400166715760e+01
  ],
  ""type"": ""Point""
}","{
  ""coordinates"": [
    -83.058864804,
    42.334001667
  ],
  ""type"": ""Point""
}",-83.0588648039999,42.3340016670001
14901,1549693,GREENSBORO,HAVERHILL,2018-11-21,21,11,2018,1,4,4,9,,,0,,1,1,4,25,2,2,1,5,0,0,0,0,true,false,false,false,true,false,false,false,false,false,false,false,false,false,false,false,false,false,false,false,false,false,-82.95514,42.41279,"{
  ""coordinates"": [
    -8.295513963214010e+01,
    4.241278874795730e+01
  ],
  ""type"": ""Point""
}","{
  ""coordinates"": [
    -82.955139632,
    42.412788748
  ],
  ""type"": ""Point""
}",-82.9551396319999,42.412788748
14902,1560589,WINCHESTER,DEQUINDRE,2018-11-21,21,11,2018,16,4,5,9,,,0,,1,1,1,35,1,2,5,5,0,0,0,0,true,false,false,false,false,false,false,false,false,false,false,false,false,false,false,false,false,false,false,false,false,false,-83.08335,42.44493,"{
  ""coordinates"": [
    -8.308334845921119e+01,
    4.244493611203210e+01
  ],
  ""type"": ""Point""
}","{
  ""coordinates"": [
    -83.083348459,
    42.444936112
  ],
  ""type"": ""Point""
}",-83.083348459,42.4449361120001
14903,1547384,4TH,TEMPLE,2018-11-21,21,11,2018,22,4,4,9,,,0,,98,98,4,,5,2,3,5,0,0,0,0,true,false,false,false,false,false,false,false,false,false,false,false,false,false,false,false,false,false,false,false,false,false,-83.0639,42.33998,"{
  ""coordinates"": [
    -8.306389548050140e+01,
    4.233997588319650e+01
  ],
  ""type"": ""Point""
}","{
  ""coordinates"": [
    -83.063895481,
    42.339975883
  ],
  ""type"": ""Point""
}",-83.063895481,42.3399758830001
14904,1551001,CASS,PUTNAM,2018-11-21,21,11,2018,9,4,9,9,,4,0,Asphalt,1,1,1,30,2,2,1,5,0,0,0,0,true,false,false,false,true,false,false,false,false,false,false,false,false,false,false,false,false,false,false,false,false,false,-83.06721,42.35696,"{
  ""coordinates"": [
    -8.306721569235070e+01,
    4.235696131987100e+01
  ],
  ""type"": ""Point""
}","{
  ""coordinates"": [
    -83.067215692,
    42.35696132
  ],
  ""type"": ""Point""
}",-83.0672156919999,42.35696132
14905,1547348,M 39,SCHOOLCRAFT,2018-11-21,21,11,2018,14,4,5,3,,1,0,Asphalt,1,1,1,55,3,2,2,4,0,0,0,1,false,false,false,false,false,false,false,false,false,false,false,false,false,false,false,false,false,false,false,false,false,false,-83.21753,42.38616,"{
  ""coordinates"": [
    -8.321752665727270e+01,
    4.238615920077930e+01
  ],
  ""type"": ""Point""
}","{
  ""coordinates"": [
    -83.217526657,
    42.386159201
  ],
  ""type"": ""Point""
}",-83.217526657,42.3861592010001
14906,1550966,S I 75,RAMP 043C,2018-11-21,21,11,2018,18,4,5,1,,1,0,Concrete,1,1,4,55,5,2,5,5,0,0,0,0,true,false,false,false,false,false,false,false,false,false,false,false,false,false,false,false,false,false,false,false,false,false,-83.04945,42.35315,"{
  ""coordinates"": [
    -8.304944348867940e+01,
    4.235315388541160e+01
  ],
  ""type"": ""Point""
}","{
  ""coordinates"": [
    -83.049443489,
    42.353153885
  ],
  ""type"": ""Point""
}",-83.0494434889999,42.353153885
14907,1542262,MCNICHOLS,EVERGREEN,2018-11-21,21,11,2018,14,4,8,9,,2,0,Concrete,1,1,1,35,3,2,1,4,0,0,0,1,false,false,false,false,true,false,false,false,false,false,false,false,false,false,false,false,false,false,false,false,false,false,-83.23804,42.41518,"{
  ""coordinates"": [
    -8.323803560990331e+01,
    4.241517756122400e+01
  ],
  ""type"": ""Point""
}","{
  ""coordinates"": [
    -83.23803561,
    42.415177561
  ],
  ""type"": ""Point""
}",-83.2380356099999,42.4151775610001
14908,1542246,MICHIGAN,33RD,2018-11-21,21,11,2018,12,4,4,2,,1,0,Asphalt,1,1,1,35,5,2,5,4,0,0,0,1,false,false,false,false,true,false,false,false,false,false,false,false,false,false,false,false,false,false,false,false,false,false,-83.1106,42.33118,"{
  ""coordinates"": [
    -8.311060007456690e+01,
    4.233117613387080e+01
  ],
  ""type"": ""Point""
}","{
  ""coordinates"": [
    -83.110600075,
    42.331176134
  ],
  ""type"": ""Point""
}",-83.110600075,42.331176134
14909,1541259,I-94,CONNER,2018-11-21,21,11,2018,0,4,8,1,,1,0,Asphalt,1,2,4,55,3,2,2,5,0,0,0,0,true,false,false,false,true,false,false,false,false,false,false,false,false,false,false,false,false,false,false,false,false,false,-82.98891,42.3956,"{
  ""coordinates"": [
    -8.298890493419070e+01,
    4.239559726096930e+01
  ],
  ""type"": ""Point""
}","{
  ""coordinates"": [
    -82.988904934,
    42.395597261
  ],
  ""type"": ""Point""
}",-82.9889049339999,42.395597261
14910,1542259,GRAND RIVER,FENKELL,2018-11-21,21,11,2018,9,4,4,3,,1,0,Asphalt,1,1,1,35,4,2,3,5,0,0,0,0,true,false,false,false,false,false,false,false,false,false,false,false,false,false,false,false,false,false,false,false,false,false,-83.21939,42.40113,"{
  ""coordinates"": [
    -8.321939021969899e+01,
    4.240113338552780e+01
  ],
  ""type"": ""Point""
}","{
  ""coordinates"": [
    -83.21939022,
    42.401133386
  ],
  ""type"": ""Point""
}",-83.21939022,42.401133386
14911,1543043,MOROSS,SANILAC,2018-11-21,21,11,2018,7,4,8,9,,2,0,Asphalt,1,1,1,35,3,2,1,5,0,0,0,0,true,false,false,false,true,false,false,false,false,false,false,false,false,false,false,false,false,false,false,false,false,false,-82.93101,42.42572,"{
  ""coordinates"": [
    -8.293100397992160e+01,
    4.242571744633050e+01
  ],
  ""type"": ""Point""
}","{
  ""coordinates"": [
    -82.93100398,
    42.425717446
  ],
  ""type"": ""Point""
}",-82.93100398,42.4257174460001
14912,1549732,GRAND RIVER,MCNICHOLS,2018-11-21,21,11,2018,16,4,8,3,,1,0,Asphalt,1,1,1,35,2,4,3,5,0,0,0,0,true,false,false,false,true,false,false,false,false,false,false,false,false,false,false,false,false,false,false,false,false,false,-83.25316,42.41472,"{
  ""coordinates"": [
    -8.325315915787010e+01,
    4.241472337389920e+01
  ],
  ""type"": ""Point""
}","{
  ""coordinates"": [
    -83.253159158,
    42.414723374
  ],
  ""type"": ""Point""
}",-83.253159158,42.4147233740001
14913,1542224,M-10,CHICAGO,2018-11-21,21,11,2018,19,4,5,3,,1,0,Concrete,1,1,4,55,3,2,3,5,0,0,0,0,true,false,false,false,false,false,false,false,false,false,false,false,false,false,false,false,false,false,false,false,false,false,-83.08866,42.3771,"{
  ""coordinates"": [
    -8.308865968420621e+01,
    4.237710176028040e+01
  ],
  ""type"": ""Point""
}","{
  ""coordinates"": [
    -83.088659684,
    42.37710176
  ],
  ""type"": ""Point""
}",-83.0886596839999,42.3771017600001