ObjectId,Crash ID,Primary Road,Intersecting Road,Crash Date,Day,Month,Year,Hour,Weekday,Crash Type Code,Highway Classification Code,Community Code,Jurisdiction Code,Lane Departure Type Code,Surface Type,Road Condition,Weather Condition,Lighting Condition,Speed Limit,Lanes,Units,Occupants,Most Severe Injury,Fatal Injuries,Suspected Serious Injuries,Suspected Minor Injuries,Possible Injuries,Property Damage Only,Secondary Crash,Traffic Control,Red Light Run,Hit and Run,Alcohol,Drugs,Unbelted Person,Work Zone,Speeding Driver,Distracted Driver,Driveway,Pedestrian,Elderly Driver,Young Driver,Commercial Vehicle,Emergency Vehicles,Train,School Bus,Motorcycle,Bicycle,Deer,Longitude,Latitude,geom,geog,x,y
15402,1536953,MAGNOLIA,ROSA PARKS,2018-11-13,13,11,2018,20,3,8,9,,,0,,1,1,4,25,2,2,1,5,0,0,0,0,true,false,false,false,false,false,false,false,false,false,false,false,false,false,false,false,true,false,false,false,false,false,-83.07814,42.34167,"{
  ""coordinates"": [
    -8.307814344828580e+01,
    4.234166932682960e+01
  ],
  ""type"": ""Point""
}","{
  ""coordinates"": [
    -83.078143448,
    42.341669327
  ],
  ""type"": ""Point""
}",-83.0781434479999,42.341669327
15403,1537003,GRAND,RUSSELL,2018-11-13,13,11,2018,7,3,1,9,,4,0,Asphalt,3,5,1,35,3,1,1,5,0,0,0,0,true,false,false,false,false,false,false,false,false,false,false,false,false,false,false,false,false,false,false,false,false,false,-83.05952,42.37508,"{
  ""coordinates"": [
    -8.305951813794600e+01,
    4.237508204064540e+01
  ],
  ""type"": ""Point""
}","{
  ""coordinates"": [
    -83.059518138,
    42.375082041
  ],
  ""type"": ""Point""
}",-83.059518138,42.375082041
15404,1549731,HUNTINGTON,7 MILE,2018-11-13,13,11,2018,16,3,2,9,,,2,,1,1,1,25,1,2,1,5,0,0,0,0,true,false,false,false,true,false,false,false,false,false,false,false,false,false,false,false,false,false,false,false,false,false,-83.23335,42.42953,"{
  ""coordinates"": [
    -8.323335296008260e+01,
    4.242952637765090e+01
  ],
  ""type"": ""Point""
}","{
  ""coordinates"": [
    -83.23335296,
    42.429526378
  ],
  ""type"": ""Point""
}",-83.23335296,42.429526378
15405,1532458,WOODWARD,FOREST,2018-11-13,13,11,2018,7,3,1,3,,1,0,Asphalt,2,2,1,30,7,2,1,4,0,0,0,1,false,false,false,false,false,false,false,false,false,false,false,false,true,false,false,false,false,false,false,false,false,false,-83.06298,42.35473,"{
  ""coordinates"": [
    -8.306298434338500e+01,
    4.235472884984930e+01
  ],
  ""type"": ""Point""
}","{
  ""coordinates"": [
    -83.062984343,
    42.35472885
  ],
  ""type"": ""Point""
}",-83.062984343,42.3547288500001
15406,1534877,JOY,GREENFIELD,2018-11-13,13,11,2018,18,3,1,9,,2,0,Asphalt,1,1,4,35,5,2,1,4,0,0,0,1,false,false,false,false,false,false,false,false,false,false,false,false,true,false,false,false,false,false,false,false,false,false,-83.19792,42.35813,"{
  ""coordinates"": [
    -8.319792331071510e+01,
    4.235813059953090e+01
  ],
  ""type"": ""Point""
}","{
  ""coordinates"": [
    -83.197923311,
    42.3581306
  ],
  ""type"": ""Point""
}",-83.197923311,42.3581306
15407,1534844,I-94,14TH,2018-11-13,13,11,2018,17,3,5,1,,1,0,Asphalt,1,1,1,55,3,2,2,4,0,0,0,1,false,false,false,false,false,false,false,false,false,false,false,false,false,false,false,false,false,false,false,false,false,false,-83.09069,42.35276,"{
  ""coordinates"": [
    -8.309068944071610e+01,
    4.235275772169260e+01
  ],
  ""type"": ""Point""
}","{
  ""coordinates"": [
    -83.090689441,
    42.352757722
  ],
  ""type"": ""Point""
}",-83.0906894409999,42.352757722
15408,1530975,WARD,JOY,2018-11-13,13,11,2018,0,3,5,9,,,0,,2,5,5,25,1,2,1,5,0,0,0,0,true,false,false,false,false,false,false,false,false,false,true,false,false,false,false,false,false,false,false,false,false,false,-83.17261,42.35872,"{
  ""coordinates"": [
    -8.317260892525020e+01,
    4.235872117656990e+01
  ],
  ""type"": ""Point""
}","{
  ""coordinates"": [
    -83.172608925,
    42.358721177
  ],
  ""type"": ""Point""
}",-83.172608925,42.3587211770001
15409,1532413,GRAND RIVER,LIVERNOIS,2018-11-13,13,11,2018,18,3,98,3,,1,0,Asphalt,1,1,4,,5,1,1,5,0,0,0,0,true,false,false,false,false,false,false,false,false,false,false,false,false,true,false,false,false,false,false,false,false,false,-83.13873,42.36864,"{
  ""coordinates"": [
    -8.313873288498800e+01,
    4.236863687299020e+01
  ],
  ""type"": ""Point""
}","{
  ""coordinates"": [
    -83.138732885,
    42.368636873
  ],
  ""type"": ""Point""
}",-83.138732885,42.3686368730001
15410,1532445,HAYES,LAPPIN,2018-11-13,13,11,2018,14,3,4,9,,4,0,Asphalt,1,2,1,30,4,2,2,5,0,0,0,0,true,false,false,false,false,false,false,false,false,false,false,false,false,false,false,false,false,false,false,false,false,false,-82.96555,42.43723,"{
  ""coordinates"": [
    -8.296555462336450e+01,
    4.243722986518830e+01
  ],
  ""type"": ""Point""
}","{
  ""coordinates"": [
    -82.965554623,
    42.437229865
  ],
  ""type"": ""Point""
}",-82.9655546229999,42.4372298650001
15411,1550955,I-75,WARREN,2018-11-13,13,11,2018,16,3,5,1,,1,0,Concrete,1,2,1,55,3,2,1,4,0,0,0,1,false,false,false,false,true,false,false,false,false,false,false,false,false,false,false,false,false,false,false,false,false,false,-83.05518,42.36209,"{
  ""coordinates"": [
    -8.305518482196170e+01,
    4.236209461054100e+01
  ],
  ""type"": ""Point""
}","{
  ""coordinates"": [
    -83.055184822,
    42.362094611
  ],
  ""type"": ""Point""
}",-83.0551848219999,42.362094611
15412,1571594,7 MILE,VAN DYKE,2018-11-13,13,11,2018,9,3,8,3,,4,0,Asphalt,1,1,1,35,2,2,1,5,0,0,0,0,true,false,false,false,true,false,false,false,false,false,false,false,false,false,false,false,false,false,false,false,false,false,-83.02462,42.43396,"{
  ""coordinates"": [
    -8.302462240090981e+01,
    4.243396234045480e+01
  ],
  ""type"": ""Point""
}","{
  ""coordinates"": [
    -83.024622401,
    42.43396234
  ],
  ""type"": ""Point""
}",-83.024622401,42.4339623400001
15413,1534861,OUTER,MENDOTA,2018-11-13,13,11,2018,14,3,10,9,,2,0,Asphalt,1,1,1,30,4,2,2,4,0,0,0,2,false,false,false,false,false,false,false,false,false,false,false,true,false,false,false,false,false,false,false,false,false,false,-83.16663,42.43488,"{
  ""coordinates"": [
    -8.316663235322540e+01,
    4.243487680201000e+01
  ],
  ""type"": ""Point""
}","{
  ""coordinates"": [
    -83.166632353,
    42.434876802
  ],
  ""type"": ""Point""
}",-83.166632353,42.4348768020001
15414,1532435,TELEGRAPH,7 MILE,2018-11-13,13,11,2018,18,3,8,2,,1,0,Asphalt,1,1,4,45,4,2,2,4,0,0,0,1,false,false,false,false,false,false,false,false,false,false,false,false,false,true,false,false,false,false,false,false,false,false,-83.27757,42.42903,"{
  ""coordinates"": [
    -8.327756496416541e+01,
    4.242902998457010e+01
  ],
  ""type"": ""Point""
}","{
  ""coordinates"": [
    -83.277564964,
    42.429029985
  ],
  ""type"": ""Point""
}",-83.277564964,42.4290299850001
15415,1540041,MANSFIELD,7 MILE,2018-11-13,13,11,2018,7,3,9,9,,,0,,2,1,2,25,2,2,1,5,0,0,0,0,true,false,false,false,true,false,false,false,false,false,false,false,false,false,false,true,false,false,false,false,false,false,-83.20631,42.43032,"{
  ""coordinates"": [
    -8.320631249726100e+01,
    4.243032582991400e+01
  ],
  ""type"": ""Point""
}","{
  ""coordinates"": [
    -83.206312497,
    42.43032583
  ],
  ""type"": ""Point""
}",-83.2063124969999,42.4303258300001
15416,1540062,7 MILE,BURLINGTON,2018-11-13,13,11,2018,9,3,5,9,,2,0,Asphalt,2,1,1,30,2,2,3,5,0,0,0,0,true,false,false,false,false,false,false,false,false,false,false,false,false,false,false,false,false,false,false,false,false,false,-83.11855,42.43211,"{
  ""coordinates"": [
    -8.311854295540320e+01,
    4.243210950569970e+01
  ],
  ""type"": ""Point""
}","{
  ""coordinates"": [
    -83.118542955,
    42.432109506
  ],
  ""type"": ""Point""
}",-83.118542955,42.4321095060001
15417,1536957,CASS,WILLIS,2018-11-13,13,11,2018,19,3,5,9,,4,0,Asphalt,1,1,4,25,4,2,3,4,0,0,0,1,false,false,false,false,false,false,false,false,false,false,true,false,false,false,false,false,false,false,false,false,false,false,-83.06356,42.35056,"{
  ""coordinates"": [
    -8.306355979523489e+01,
    4.235055816034190e+01
  ],
  ""type"": ""Point""
}","{
  ""coordinates"": [
    -83.063559795,
    42.35055816
  ],
  ""type"": ""Point""
}",-83.0635597949999,42.35055816
15418,1532438,EVERGREEN,MCNICHOLS,2018-11-13,13,11,2018,15,3,4,9,,4,0,Concrete,1,2,1,30,2,2,1,5,0,0,0,0,true,false,false,false,true,false,false,false,false,false,false,false,false,true,false,false,false,false,true,false,false,false,-83.2382,42.41515,"{
  ""coordinates"": [
    -8.323820392999160e+01,
    4.241515011589980e+01
  ],
  ""type"": ""Point""
}","{
  ""coordinates"": [
    -83.23820393,
    42.415150116
  ],
  ""type"": ""Point""
}",-83.2382039299999,42.4151501160001
15419,1536933,S I 375 SERVICE DRIVE,LARNED,2018-11-13,13,11,2018,16,3,4,9,,4,0,Asphalt,1,1,1,30,2,2,3,3,0,0,1,0,false,false,true,true,false,false,false,false,false,false,false,false,false,false,false,false,false,false,false,false,false,false,-83.03674,42.33311,"{
  ""coordinates"": [
    -8.303673457200280e+01,
    4.233311560795130e+01
  ],
  ""type"": ""Point""
}","{
  ""coordinates"": [
    -83.036734572,
    42.333115608
  ],
  ""type"": ""Point""
}",-83.0367345719999,42.3331156080001
15420,1536959,2ND,MARTIN LUTHER KING JR,2018-11-13,13,11,2018,15,3,5,9,,4,0,Asphalt,1,2,1,25,6,2,2,5,0,0,0,0,true,false,false,false,false,false,false,false,false,false,false,false,false,false,false,false,false,false,false,false,false,false,-83.06297,42.34489,"{
  ""coordinates"": [
    -8.306297284783690e+01,
    4.234488554708540e+01
  ],
  ""type"": ""Point""
}","{
  ""coordinates"": [
    -83.062972848,
    42.344885547
  ],
  ""type"": ""Point""
}",-83.062972848,42.344885547
15421,1534801,I-94,MOROSS,2018-11-13,13,11,2018,20,3,1,1,,1,1,Asphalt,1,1,2,55,3,1,1,5,0,0,0,0,true,false,false,false,false,false,false,false,false,false,false,false,false,false,false,false,false,false,false,false,false,false,-82.93413,42.41882,"{
  ""coordinates"": [
    -8.293412569273750e+01,
    4.241881859822590e+01
  ],
  ""type"": ""Point""
}","{
  ""coordinates"": [
    -82.934125693,
    42.418818598
  ],
  ""type"": ""Point""
}",-82.9341256929999,42.418818598
15422,1537048,SAVAGE,SHERWOOD,2018-11-13,13,11,2018,22,3,1,9,,,0,,1,5,4,35,2,1,0,5,0,0,0,0,true,false,false,false,false,false,false,false,false,false,false,false,false,false,false,false,false,false,false,false,false,false,-83.0344,42.44587,"{
  ""coordinates"": [
    -8.303440212956301e+01,
    4.244587313374780e+01
  ],
  ""type"": ""Point""
}","{
  ""coordinates"": [
    -83.03440213,
    42.445873134
  ],
  ""type"": ""Point""
}",-83.03440213,42.4458731340001
15423,1549687,WOODWARD,BALTIMORE,2018-11-13,13,11,2018,7,3,8,3,,1,0,Asphalt,1,1,2,30,5,2,0,3,0,0,1,0,false,false,false,false,true,false,false,false,false,false,false,false,false,false,false,false,false,false,false,false,false,false,-83.0721,42.36841,"{
  ""coordinates"": [
    -8.307209852704790e+01,
    4.236841256771510e+01
  ],
  ""type"": ""Point""
}","{
  ""coordinates"": [
    -83.072098527,
    42.368412568
  ],
  ""type"": ""Point""
}",-83.072098527,42.3684125680001
15424,1536938,NAVY,MULLANE,2018-11-13,13,11,2018,14,3,8,9,,,0,,2,2,1,25,1,2,1,5,0,0,0,0,true,false,false,false,false,false,false,false,false,false,false,false,false,false,false,false,false,false,false,false,false,false,-83.12827,42.30841,"{
  ""coordinates"": [
    -8.312827401091150e+01,
    4.230840757531200e+01
  ],
  ""type"": ""Point""
}","{
  ""coordinates"": [
    -83.128274011,
    42.308407575
  ],
  ""type"": ""Point""
}",-83.128274011,42.308407575
15425,1536949,2ND,LOTHROP,2018-11-13,13,11,2018,10,3,10,9,,4,0,Asphalt,4,5,1,35,2,2,2,5,0,0,0,0,true,false,false,false,true,false,false,false,false,false,false,false,false,false,false,false,false,false,false,false,false,false,-83.07718,42.37043,"{
  ""coordinates"": [
    -8.307717920755300e+01,
    4.237042690325170e+01
  ],
  ""type"": ""Point""
}","{
  ""coordinates"": [
    -83.077179208,
    42.370426903
  ],
  ""type"": ""Point""
}",-83.077179208,42.3704269030001
15426,1532432,OUTER,SOUTHFIELD SERVICE DRIVE,2018-11-13,13,11,2018,12,3,5,9,,2,0,Concrete,4,5,1,35,3,2,3,5,0,0,0,0,true,true,false,false,false,false,false,false,false,false,true,false,false,false,false,false,false,false,false,false,false,false,-83.21916,42.41927,"{
  ""coordinates"": [
    -8.321916483182120e+01,
    4.241926434474070e+01
  ],
  ""type"": ""Point""
}","{
  ""coordinates"": [
    -83.219164832,
    42.419264345
  ],
  ""type"": ""Point""
}",-83.219164832,42.419264345
15427,1532437,TROJAN,CHAPEL,2018-11-13,13,11,2018,10,3,4,9,,,0,,2,1,1,25,2,2,1,5,0,0,0,0,true,false,true,false,true,false,false,false,false,false,false,false,false,true,false,false,false,false,false,false,false,false,-83.25516,42.43987,"{
  ""coordinates"": [
    -8.325515429814639e+01,
    4.243986955130800e+01
  ],
  ""type"": ""Point""
}","{
  ""coordinates"": [
    -83.255154298,
    42.439869551
  ],
  ""type"": ""Point""
}",-83.255154298,42.4398695510001
15428,1536947,FOURTH,MARTIN LUTHER KING JR,2018-11-13,13,11,2018,8,3,4,9,,,0,,2,1,1,30,3,2,4,3,0,0,1,1,false,false,false,false,false,false,false,false,false,false,false,false,false,false,false,false,false,false,false,false,false,false,-83.06609,42.34383,"{
  ""coordinates"": [
    -8.306609374348091e+01,
    4.234383358395810e+01
  ],
  ""type"": ""Point""
}","{
  ""coordinates"": [
    -83.066093743,
    42.343833584
  ],
  ""type"": ""Point""
}",-83.066093743,42.343833584
15429,1534873,CANYON,WARREN,2018-11-13,13,11,2018,20,3,4,9,,,0,,1,1,4,25,2,2,3,4,0,0,0,1,false,false,true,true,false,false,false,false,false,false,false,false,false,false,false,false,false,false,false,false,false,false,-82.91524,42.41144,"{
  ""coordinates"": [
    -8.291523658300900e+01,
    4.241143984539880e+01
  ],
  ""type"": ""Point""
}","{
  ""coordinates"": [
    -82.915236583,
    42.411439845
  ],
  ""type"": ""Point""
}",-82.915236583,42.4114398450001
15430,1536950,WARREN,BRUSH,2018-11-13,13,11,2018,13,3,4,9,,4,0,Asphalt,1,5,1,35,3,2,3,3,0,0,1,0,false,false,false,false,false,false,false,false,false,false,false,false,false,false,false,false,false,false,false,false,false,false,-83.05995,42.35883,"{
  ""coordinates"": [
    -8.305995136945080e+01,
    4.235882836704980e+01
  ],
  ""type"": ""Point""
}","{
  ""coordinates"": [
    -83.059951369,
    42.358828367
  ],
  ""type"": ""Point""
}",-83.059951369,42.3588283670001
15431,1532451,7 MILE,CAMERON,2018-11-13,13,11,2018,11,3,4,9,,4,0,Asphalt,1,1,1,30,2,2,2,5,0,0,0,0,true,false,false,false,false,false,false,false,false,false,false,false,false,false,false,false,false,false,false,false,false,false,-83.09377,42.43252,"{
  ""coordinates"": [
    -8.309376386161600e+01,
    4.243251709770420e+01
  ],
  ""type"": ""Point""
}","{
  ""coordinates"": [
    -83.093763862,
    42.432517098
  ],
  ""type"": ""Point""
}",-83.0937638619999,42.4325170980001
15432,1540059,SCHAEFER,PEMBROKE,2018-11-13,13,11,2018,18,3,3,9,,4,0,Asphalt,1,1,4,30,3,2,2,5,0,0,0,0,true,false,false,false,false,false,false,false,false,false,false,false,false,false,true,false,false,false,false,false,false,false,-83.18076,42.43832,"{
  ""coordinates"": [
    -8.318075910444691e+01,
    4.243832188496450e+01
  ],
  ""type"": ""Point""
}","{
  ""coordinates"": [
    -83.180759104,
    42.438321885
  ],
  ""type"": ""Point""
}",-83.1807591039999,42.4383218850001
15433,1534830,I-96,SCHAEFER,2018-11-13,13,11,2018,22,3,97,1,,1,0,Concrete,1,1,4,55,4,2,1,5,0,0,0,0,true,false,false,false,true,false,false,false,false,false,false,false,false,false,true,false,false,false,false,false,false,false,-83.178,42.38322,"{
  ""coordinates"": [
    -8.317800150480289e+01,
    4.238322227744330e+01
  ],
  ""type"": ""Point""
}","{
  ""coordinates"": [
    -83.178001505,
    42.383222277
  ],
  ""type"": ""Point""
}",-83.1780015049999,42.3832222770001
15434,1536937,GRATIOT,CONNER,2018-11-13,13,11,2018,6,3,8,3,,1,0,Asphalt,2,5,4,25,3,2,1,5,0,0,0,0,true,false,false,false,true,false,false,false,false,false,false,false,false,false,false,false,false,false,false,false,false,false,-82.99743,42.40502,"{
  ""coordinates"": [
    -8.299742939069600e+01,
    4.240502245341690e+01
  ],
  ""type"": ""Point""
}","{
  ""coordinates"": [
    -82.997429391,
    42.405022453
  ],
  ""type"": ""Point""
}",-82.997429391,42.4050224530001
15435,1534800,W I 96,E I 94,2018-11-13,13,11,2018,8,3,8,1,,1,0,Concrete,2,2,1,55,4,3,3,5,0,0,0,0,true,false,false,false,false,false,false,false,false,true,false,false,false,false,false,false,false,false,false,false,false,false,-83.09897,42.35012,"{
  ""coordinates"": [
    -8.309897094200851e+01,
    4.235011587976480e+01
  ],
  ""type"": ""Point""
}","{
  ""coordinates"": [
    -83.098970942,
    42.35011588
  ],
  ""type"": ""Point""
}",-83.0989709419999,42.35011588
15436,1540027,WYOMING,OAKMAN,2018-11-13,13,11,2018,23,3,5,9,,4,0,Asphalt,1,1,4,30,5,2,1,5,0,0,0,0,true,false,false,false,false,false,false,false,false,false,false,false,false,false,false,false,false,false,false,false,false,false,-83.15805,42.36193,"{
  ""coordinates"": [
    -8.315805226448930e+01,
    4.236193642999760e+01
  ],
  ""type"": ""Point""
}","{
  ""coordinates"": [
    -83.158052264,
    42.36193643
  ],
  ""type"": ""Point""
}",-83.1580522639999,42.3619364300001
15437,1532429,MOFFAT,SENECA,2018-11-13,13,11,2018,0,3,98,9,,,0,,2,5,4,25,2,2,3,4,0,0,0,3,false,false,false,false,true,false,false,false,false,false,false,false,false,false,false,false,false,false,false,false,false,false,-83.00949,42.38035,"{
  ""coordinates"": [
    -8.300949078615309e+01,
    4.238035234998520e+01
  ],
  ""type"": ""Point""
}","{
  ""coordinates"": [
    -83.009490786,
    42.38035235
  ],
  ""type"": ""Point""
}",-83.009490786,42.3803523500001
15438,1540044,8 MILE,HUBBELL,2018-11-13,13,11,2018,12,3,97,3,,1,0,Asphalt,1,2,1,40,4,2,2,5,0,0,0,0,true,false,false,false,false,false,false,false,false,false,false,false,false,false,true,false,false,false,false,false,false,false,-83.19077,42.445,"{
  ""coordinates"": [
    -8.319077375607471e+01,
    4.244499809767690e+01
  ],
  ""type"": ""Point""
}","{
  ""coordinates"": [
    -83.190773756,
    42.444998098
  ],
  ""type"": ""Point""
}",-83.1907737559999,42.444998098
15439,1532434,KENTFIELD,PICKFORD,2018-11-13,13,11,2018,18,3,4,9,,,0,,1,1,4,25,2,2,3,5,0,0,0,0,true,false,true,false,false,false,false,false,false,false,false,false,false,false,true,false,false,false,false,false,false,false,-83.24164,42.42442,"{
  ""coordinates"": [
    -8.324163683217471e+01,
    4.242441433353020e+01
  ],
  ""type"": ""Point""
}","{
  ""coordinates"": [
    -83.241636832,
    42.424414334
  ],
  ""type"": ""Point""
}",-83.241636832,42.4244143340001
15440,1537018,GRAND RIVER,WORMER,2018-11-13,13,11,2018,17,3,97,3,,1,0,Asphalt,1,1,4,45,4,2,1,5,0,0,0,0,true,true,false,false,false,false,false,false,false,false,false,false,false,false,false,false,false,false,false,false,false,false,-83.28043,42.42545,"{
  ""coordinates"": [
    -8.328043377157790e+01,
    4.242544824998050e+01
  ],
  ""type"": ""Point""
}","{
  ""coordinates"": [
    -83.280433772,
    42.42544825
  ],
  ""type"": ""Point""
}",-83.280433772,42.42544825
15441,1532449,SHERWOOD,7 MILE,2018-11-13,13,11,2018,16,3,4,9,,4,0,Asphalt,1,1,1,30,2,2,1,5,0,0,0,0,true,false,false,false,true,false,false,false,false,false,false,false,false,false,false,false,false,false,false,false,false,false,-83.03405,42.43377,"{
  ""coordinates"": [
    -8.303404618825159e+01,
    4.243376839022420e+01
  ],
  ""type"": ""Point""
}","{
  ""coordinates"": [
    -83.034046188,
    42.43376839
  ],
  ""type"": ""Point""
}",-83.0340461879999,42.4337683900001
15442,1536945,WOODWARD,GRAND RIVER,2018-11-13,13,11,2018,22,3,97,9,,4,0,Concrete,1,1,4,25,4,2,5,4,0,0,0,1,false,false,false,false,false,false,false,false,false,false,false,false,false,false,false,false,false,false,false,false,false,false,-83.04873,42.33407,"{
  ""coordinates"": [
    -8.304872987761050e+01,
    4.233406884132730e+01
  ],
  ""type"": ""Point""
}","{
  ""coordinates"": [
    -83.048729878,
    42.334068841
  ],
  ""type"": ""Point""
}",-83.048729878,42.334068841
15443,1540024,WYOMING,CHALFONTE,2018-11-13,13,11,2018,15,3,4,9,,4,0,Asphalt,2,5,3,35,3,2,2,5,0,0,0,0,true,false,false,false,false,false,false,false,false,false,false,false,false,false,false,false,false,false,false,false,false,false,-83.15957,42.40022,"{
  ""coordinates"": [
    -8.315957252651759e+01,
    4.240022275032760e+01
  ],
  ""type"": ""Point""
}","{
  ""coordinates"": [
    -83.159572527,
    42.40022275
  ],
  ""type"": ""Point""
}",-83.159572527,42.4002227500001
15444,1539949,M39,PAUL,2018-11-13,13,11,2018,18,3,97,3,,1,0,Asphalt,1,2,4,55,3,4,5,5,0,0,0,0,true,false,false,false,true,false,false,false,true,false,false,false,false,false,false,false,false,false,false,false,false,false,-83.21587,42.33758,"{
  ""coordinates"": [
    -8.321586949533730e+01,
    4.233758271154680e+01
  ],
  ""type"": ""Point""
}","{
  ""coordinates"": [
    -83.215869495,
    42.337582712
  ],
  ""type"": ""Point""
}",-83.2158694949999,42.337582712
15445,1532418,ESSEX,LENOX,2018-11-13,13,11,2018,8,3,4,9,,,0,,2,5,1,30,2,2,2,5,0,0,0,0,true,false,false,false,false,false,false,false,false,false,false,false,false,false,false,false,false,false,false,false,false,false,-82.94757,42.36451,"{
  ""coordinates"": [
    -8.294757281586659e+01,
    4.236451029095960e+01
  ],
  ""type"": ""Point""
}","{
  ""coordinates"": [
    -82.947572816,
    42.364510291
  ],
  ""type"": ""Point""
}",-82.947572816,42.364510291
15446,1534898,CASS,ANTOINETTE,2018-11-13,13,11,2018,10,3,8,9,,4,0,Asphalt,2,2,1,25,4,2,2,5,0,0,0,0,true,false,false,false,false,false,false,false,false,false,false,false,false,false,true,false,false,false,false,false,false,false,-83.07156,42.36458,"{
  ""coordinates"": [
    -8.307156749294610e+01,
    4.236458392059770e+01
  ],
  ""type"": ""Point""
}","{
  ""coordinates"": [
    -83.071567493,
    42.364583921
  ],
  ""type"": ""Point""
}",-83.071567493,42.3645839210001
15447,1536923,N I 75,RAMP 216D,2018-11-13,13,11,2018,2,3,5,1,,1,0,Asphalt,4,5,4,55,3,2,2,4,0,0,0,1,false,false,false,false,false,true,false,false,false,false,false,false,false,false,false,false,false,false,false,false,false,false,-83.0579,42.36845,"{
  ""coordinates"": [
    -8.305789570283960e+01,
    4.236844774141880e+01
  ],
  ""type"": ""Point""
}","{
  ""coordinates"": [
    -83.057895703,
    42.368447741
  ],
  ""type"": ""Point""
}",-83.057895703,42.3684477410001
15448,1532441,WILFRED,GRATIOT,2018-11-13,13,11,2018,19,3,8,9,,,3,,1,1,3,25,2,2,0,5,0,0,0,0,true,false,false,false,true,false,false,false,false,false,false,false,false,false,false,false,false,false,false,false,false,false,-82.99241,42.41173,"{
  ""coordinates"": [
    -8.299240727708880e+01,
    4.241172861386600e+01
  ],
  ""type"": ""Point""
}","{
  ""coordinates"": [
    -82.992407277,
    42.411728614
  ],
  ""type"": ""Point""
}",-82.992407277,42.411728614
15449,1532444,HARPER,WHITTIER,2018-11-13,13,11,2018,19,3,5,9,,4,0,Asphalt,1,1,4,30,3,2,2,5,0,0,0,0,true,false,false,false,false,false,false,false,false,false,false,false,false,false,false,false,false,false,false,false,false,false,-82.94231,42.41251,"{
  ""coordinates"": [
    -8.294231046505450e+01,
    4.241250720117120e+01
  ],
  ""type"": ""Point""
}","{
  ""coordinates"": [
    -82.942310465,
    42.412507201
  ],
  ""type"": ""Point""
}",-82.9423104649999,42.412507201
15450,1540023,GRAND,LINWOOD,2018-11-13,13,11,2018,18,3,1,9,,4,1,Asphalt,1,1,3,35,5,1,1,5,0,0,0,0,true,false,false,false,false,false,false,false,false,false,false,false,false,false,false,false,false,false,false,false,false,false,-83.09979,42.36036,"{
  ""coordinates"": [
    -8.309979394384300e+01,
    4.236035613984740e+01
  ],
  ""type"": ""Point""
}","{
  ""coordinates"": [
    -83.099793944,
    42.36035614
  ],
  ""type"": ""Point""
}",-83.0997939439999,42.3603561400001
15451,1532439,7 MILE,SCHOENHERR,2018-11-13,13,11,2018,7,3,8,9,,4,0,Asphalt,3,1,1,35,2,2,3,5,0,0,0,0,true,false,false,false,true,false,false,false,false,false,false,false,false,false,false,false,false,false,false,false,false,false,-82.98522,42.43492,"{
  ""coordinates"": [
    -8.298522530897100e+01,
    4.243491887104180e+01
  ],
  ""type"": ""Point""
}","{
  ""coordinates"": [
    -82.985225309,
    42.434918871
  ],
  ""type"": ""Point""
}",-82.985225309,42.434918871
15452,1530998,KLINGER,GRIXDALE,2018-11-13,13,11,2018,7,3,5,9,,,0,,2,5,5,15,2,2,0,5,0,0,0,0,true,false,false,false,true,false,false,false,false,false,false,false,false,false,false,false,false,false,false,false,false,false,-83.06869,42.42847,"{
  ""coordinates"": [
    -8.306868609067200e+01,
    4.242847611971030e+01
  ],
  ""type"": ""Point""
}","{
  ""coordinates"": [
    -83.068686091,
    42.42847612
  ],
  ""type"": ""Point""
}",-83.068686091,42.42847612
15453,1532430,JEFFERSON,SEMINOLE,2018-11-13,13,11,2018,9,3,5,9,,4,0,Asphalt,1,1,1,35,5,2,2,5,0,0,0,0,true,false,false,false,false,false,false,false,false,false,false,false,false,false,false,false,false,false,false,false,false,false,-82.99277,42.35277,"{
  ""coordinates"": [
    -8.299276618623180e+01,
    4.235276729345890e+01
  ],
  ""type"": ""Point""
}","{
  ""coordinates"": [
    -82.992766186,
    42.352767293
  ],
  ""type"": ""Point""
}",-82.992766186,42.3527672930001
15454,1533640,MCGRAW,WEIR,2018-11-13,13,11,2018,20,3,8,9,,4,0,Asphalt,1,1,4,30,2,2,3,5,0,0,0,0,true,false,false,false,false,false,false,false,false,false,false,false,false,false,false,false,false,false,false,false,false,false,-83.15527,42.32996,"{
  ""coordinates"": [
    -8.315526352403650e+01,
    4.232996154683280e+01
  ],
  ""type"": ""Point""
}","{
  ""coordinates"": [
    -83.155263524,
    42.329961547
  ],
  ""type"": ""Point""
}",-83.155263524,42.329961547
15455,1532431,ELMWOOD,ARNDT,2018-11-13,13,11,2018,17,3,4,9,,,0,,1,2,3,25,2,2,1,5,0,0,0,0,true,false,false,false,true,false,false,false,false,false,false,false,false,false,false,false,false,false,false,false,false,false,-83.02505,42.35566,"{
  ""coordinates"": [
    -8.302504856404410e+01,
    4.235565538501030e+01
  ],
  ""type"": ""Point""
}","{
  ""coordinates"": [
    -83.025048564,
    42.355655385
  ],
  ""type"": ""Point""
}",-83.025048564,42.355655385