ObjectId,Crash ID,Primary Road,Intersecting Road,Crash Date,Day,Month,Year,Hour,Weekday,Crash Type Code,Highway Classification Code,Community Code,Jurisdiction Code,Lane Departure Type Code,Surface Type,Road Condition,Weather Condition,Lighting Condition,Speed Limit,Lanes,Units,Occupants,Most Severe Injury,Fatal Injuries,Suspected Serious Injuries,Suspected Minor Injuries,Possible Injuries,Property Damage Only,Secondary Crash,Traffic Control,Red Light Run,Hit and Run,Alcohol,Drugs,Unbelted Person,Work Zone,Speeding Driver,Distracted Driver,Driveway,Pedestrian,Elderly Driver,Young Driver,Commercial Vehicle,Emergency Vehicles,Train,School Bus,Motorcycle,Bicycle,Deer,Longitude,Latitude,geom,geog,x,y
15456,1532425,N M 39,WARREN,2018-11-13,13,11,2018,8,3,5,3,,1,0,Asphalt,2,2,1,55,3,3,1,5,0,0,0,0,true,false,false,false,true,false,false,false,false,false,false,false,false,false,false,false,false,false,false,false,false,false,-83.21606,42.34378,"{
  ""coordinates"": [
    -8.321605940553540e+01,
    4.234378235819490e+01
  ],
  ""type"": ""Point""
}","{
  ""coordinates"": [
    -83.216059406,
    42.343782358
  ],
  ""type"": ""Point""
}",-83.2160594059999,42.3437823580001
15457,1563732,COOLEY,FARGO,2018-11-13,13,11,2018,3,3,8,9,,,0,,1,1,4,,2,2,1,5,0,0,0,0,true,false,false,false,true,false,false,false,false,false,false,false,false,false,false,false,false,false,false,false,false,false,-83.25986,42.43769,"{
  ""coordinates"": [
    -8.325985893168810e+01,
    4.243769483551310e+01
  ],
  ""type"": ""Point""
}","{
  ""coordinates"": [
    -83.259858932,
    42.437694836
  ],
  ""type"": ""Point""
}",-83.259858932,42.437694836
15458,1536955,BALTIMORE,MILWAUKEE,2018-11-13,13,11,2018,13,3,4,3,,7,0,Asphalt,1,1,1,35,2,2,2,5,0,0,0,0,true,false,true,true,false,false,false,false,false,false,false,false,false,false,false,false,false,false,false,false,false,false,-83.08042,42.36582,"{
  ""coordinates"": [
    -8.308042013437220e+01,
    4.236582308212790e+01
  ],
  ""type"": ""Point""
}","{
  ""coordinates"": [
    -83.080420134,
    42.365823082
  ],
  ""type"": ""Point""
}",-83.080420134,42.3658230820001
15459,1426269,MCNICHOLS,MUIRLAND,2018-07-16,16,7,2018,22,2,4,9,,4,0,Asphalt,1,1,4,30,2,2,4,3,0,0,2,1,false,false,true,false,false,false,false,false,false,false,false,false,false,false,false,false,false,false,false,false,false,false,-83.13416,42.41724,"{
  ""coordinates"": [
    -8.313415604165080e+01,
    4.241724259290840e+01
  ],
  ""type"": ""Point""
}","{
  ""coordinates"": [
    -83.134156042,
    42.417242593
  ],
  ""type"": ""Point""
}",-83.134156042,42.417242593
15460,1427997,E I 96,E M 8,2018-07-16,16,7,2018,15,2,5,1,,1,0,Asphalt,2,2,1,55,2,2,2,5,0,0,0,0,true,false,false,false,true,false,false,false,false,false,false,false,false,false,false,false,false,false,false,false,false,false,-83.15604,42.38522,"{
  ""coordinates"": [
    -8.315603590756220e+01,
    4.238522442563100e+01
  ],
  ""type"": ""Point""
}","{
  ""coordinates"": [
    -83.156035908,
    42.385224426
  ],
  ""type"": ""Point""
}",-83.156035908,42.385224426
15461,1430786,MILWAUKEE,S M 10 SERVICE DRIVE,2018-07-16,16,7,2018,10,2,4,9,,4,0,Asphalt,1,1,1,25,2,2,3,4,0,0,0,1,false,false,true,true,true,false,false,false,false,false,false,false,false,false,false,false,false,false,false,false,false,false,-83.08144,42.36578,"{
  ""coordinates"": [
    -8.308143816105550e+01,
    4.236577996577960e+01
  ],
  ""type"": ""Point""
}","{
  ""coordinates"": [
    -83.081438161,
    42.365779966
  ],
  ""type"": ""Point""
}",-83.0814381609999,42.365779966
15462,1436970,W I 94,VAN DYKE,2018-07-16,16,7,2018,14,2,5,1,,1,0,Asphalt,2,4,1,55,4,2,1,5,0,0,0,0,true,false,false,false,true,false,false,false,false,false,false,false,false,false,false,false,false,false,false,false,false,false,-83.02041,42.3862,"{
  ""coordinates"": [
    -8.302040689936361e+01,
    4.238620319113670e+01
  ],
  ""type"": ""Point""
}","{
  ""coordinates"": [
    -83.020406899,
    42.386203191
  ],
  ""type"": ""Point""
}",-83.020406899,42.386203191
15463,1427031,E I 96,FULLERTON,2018-07-16,16,7,2018,15,2,1,1,,1,1,Concrete,2,1,1,55,3,1,1,5,0,0,0,0,true,false,false,false,false,false,false,false,false,true,false,false,false,false,false,false,false,false,false,false,false,false,-83.18887,42.38021,"{
  ""coordinates"": [
    -8.318886929239670e+01,
    4.238020733675950e+01
  ],
  ""type"": ""Point""
}","{
  ""coordinates"": [
    -83.188869292,
    42.380207337
  ],
  ""type"": ""Point""
}",-83.1888692919999,42.3802073370001
15464,1427109,CLEMENTS,HOLMUR,2018-07-16,16,7,2018,23,2,1,9,,,0,,2,1,1,35,1,1,1,5,0,0,0,0,true,false,false,false,true,false,false,false,false,false,false,false,false,false,false,false,false,false,false,false,false,false,-83.13409,42.38957,"{
  ""coordinates"": [
    -8.313409167724940e+01,
    4.238957007705820e+01
  ],
  ""type"": ""Point""
}","{
  ""coordinates"": [
    -83.134091677,
    42.389570077
  ],
  ""type"": ""Point""
}",-83.134091677,42.389570077
15465,1428011,I 75,M 10,2018-07-16,16,7,2018,7,2,5,1,,1,0,Asphalt,1,1,1,55,3,2,3,5,0,0,0,0,true,false,false,false,false,false,false,false,false,false,false,false,false,false,false,false,false,false,false,false,false,false,-83.09489,42.44532,"{
  ""coordinates"": [
    -8.309489409106070e+01,
    4.244532398033460e+01
  ],
  ""type"": ""Point""
}","{
  ""coordinates"": [
    -83.094894091,
    42.44532398
  ],
  ""type"": ""Point""
}",-83.094894091,42.4453239800001
15466,1469999,WAYBURN,FRANKFORT,2018-07-16,16,7,2018,20,2,4,9,,,0,,1,1,1,25,2,2,1,5,0,0,0,0,true,false,false,false,true,false,false,true,false,false,false,false,false,false,true,false,false,false,false,false,false,false,-82.95466,42.39888,"{
  ""coordinates"": [
    -8.295465562251300e+01,
    4.239888480714660e+01
  ],
  ""type"": ""Point""
}","{
  ""coordinates"": [
    -82.954655623,
    42.398884807
  ],
  ""type"": ""Point""
}",-82.954655623,42.3988848070001
15467,1469975,GRAND,SECOND,2018-07-16,16,7,2018,13,2,9,9,,4,2,Asphalt,1,1,1,30,4,2,1,5,0,0,0,0,true,false,false,false,true,false,false,false,false,false,false,false,false,false,false,false,false,false,false,false,false,false,-83.07576,42.36921,"{
  ""coordinates"": [
    -8.307576269309430e+01,
    4.236920964637730e+01
  ],
  ""type"": ""Point""
}","{
  ""coordinates"": [
    -83.075762693,
    42.369209646
  ],
  ""type"": ""Point""
}",-83.0757626929999,42.3692096460001
15468,1476285,EVERGREEN,WARREN,2018-07-16,16,7,2018,12,2,4,9,,4,0,Asphalt,1,1,1,35,5,2,2,5,0,0,0,0,true,false,false,false,true,false,false,false,false,false,false,true,false,true,true,false,false,false,false,false,false,false,-83.23537,42.34285,"{
  ""coordinates"": [
    -8.323537708921521e+01,
    4.234285306465620e+01
  ],
  ""type"": ""Point""
}","{
  ""coordinates"": [
    -83.235377089,
    42.342853065
  ],
  ""type"": ""Point""
}",-83.2353770889999,42.342853065
15469,1426234,MICHIGAN,WESTERN,2018-07-16,16,7,2018,7,2,8,2,,1,0,Asphalt,1,1,1,40,6,2,2,5,0,0,0,0,true,false,false,false,false,false,false,false,false,false,false,false,false,true,false,true,false,false,true,false,false,false,-83.15311,42.32876,"{
  ""coordinates"": [
    -8.315310306501310e+01,
    4.232876311706850e+01
  ],
  ""type"": ""Point""
}","{
  ""coordinates"": [
    -83.153103065,
    42.328763117
  ],
  ""type"": ""Point""
}",-83.153103065,42.3287631170001
15470,1435176,I94,M10,2018-07-16,16,7,2018,9,2,8,1,,1,0,Asphalt,1,1,1,55,3,2,2,5,0,0,0,0,true,false,false,false,false,false,false,false,false,false,false,false,false,false,false,true,false,false,false,false,false,false,-83.07324,42.36131,"{
  ""coordinates"": [
    -8.307324440674810e+01,
    4.236131392446800e+01
  ],
  ""type"": ""Point""
}","{
  ""coordinates"": [
    -83.073244407,
    42.361313924
  ],
  ""type"": ""Point""
}",-83.0732444069999,42.3613139240001
15471,1432526,MACK,N I 75,2018-07-16,16,7,2018,16,2,8,9,,4,0,Asphalt,1,1,1,,6,2,1,5,0,0,0,0,true,false,false,false,true,false,false,false,false,false,false,false,false,true,false,false,false,false,false,false,false,false,-83.04794,42.35133,"{
  ""coordinates"": [
    -8.304793741779780e+01,
    4.235133212138870e+01
  ],
  ""type"": ""Point""
}","{
  ""coordinates"": [
    -83.047937418,
    42.351332121
  ],
  ""type"": ""Point""
}",-83.0479374179999,42.351332121
15472,1439434,ALEXANDRINE,TRUMBULL,2018-07-16,16,7,2018,9,2,8,9,,,0,,1,1,1,25,3,2,0,5,0,0,0,0,true,false,false,false,true,false,false,false,false,false,false,false,false,false,false,false,false,false,false,false,false,false,-83.07511,42.34559,"{
  ""coordinates"": [
    -8.307511022488730e+01,
    4.234559211293120e+01
  ],
  ""type"": ""Point""
}","{
  ""coordinates"": [
    -83.075110225,
    42.345592113
  ],
  ""type"": ""Point""
}",-83.0751102249999,42.3455921130001
15473,1428728,I-96,TELEGRAPH,2018-07-16,16,7,2018,12,2,8,1,,1,0,Concrete,2,4,1,70,4,2,2,5,0,0,0,0,true,false,false,false,false,false,false,false,false,false,false,false,false,true,true,false,false,false,false,false,false,false,-83.26628,42.38556,"{
  ""coordinates"": [
    -8.326628065219690e+01,
    4.238556011022370e+01
  ],
  ""type"": ""Point""
}","{
  ""coordinates"": [
    -83.266280652,
    42.38556011
  ],
  ""type"": ""Point""
}",-83.266280652,42.38556011
15474,1432525,FERRY,JOHN R,2018-07-16,16,7,2018,9,2,97,9,,4,0,Asphalt,1,1,1,,3,2,2,5,0,0,0,0,true,false,true,false,false,false,false,false,false,false,false,false,false,true,true,false,false,false,false,false,false,false,-83.06498,42.36193,"{
  ""coordinates"": [
    -8.306498295051770e+01,
    4.236193242128420e+01
  ],
  ""type"": ""Point""
}","{
  ""coordinates"": [
    -83.064982951,
    42.361932421
  ],
  ""type"": ""Point""
}",-83.064982951,42.3619324210001
15475,1426267,CLARITA,JAMES COUZENS SERVICE,2018-07-16,16,7,2018,9,2,5,9,,,0,,1,1,1,25,4,2,2,5,0,0,0,0,true,false,false,false,false,false,false,false,false,false,false,false,false,true,false,false,false,false,false,false,false,false,-83.18463,42.42912,"{
  ""coordinates"": [
    -8.318463488913190e+01,
    4.242912334621460e+01
  ],
  ""type"": ""Point""
}","{
  ""coordinates"": [
    -83.184634889,
    42.429123346
  ],
  ""type"": ""Point""
}",-83.1846348889999,42.429123346
15476,1511554,SEVEN MILE,BURT,2018-07-16,16,7,2018,7,2,4,9,,2,0,Asphalt,1,1,1,35,2,2,1,5,0,0,0,0,true,false,true,true,true,false,false,false,false,false,false,false,false,false,false,false,false,false,false,false,false,false,-83.24876,42.42933,"{
  ""coordinates"": [
    -8.324875527746821e+01,
    4.242933228037900e+01
  ],
  ""type"": ""Point""
}","{
  ""coordinates"": [
    -83.248755277,
    42.42933228
  ],
  ""type"": ""Point""
}",-83.248755277,42.42933228
15477,1426242,FORT,WOODMERE,2018-07-16,16,7,2018,17,2,5,3,,1,0,Asphalt,1,1,1,30,5,2,2,5,0,0,0,0,true,false,false,false,false,false,false,false,false,false,false,false,false,false,false,false,false,false,false,false,false,false,-83.13076,42.29578,"{
  ""coordinates"": [
    -8.313075677631480e+01,
    4.229577873809020e+01
  ],
  ""type"": ""Point""
}","{
  ""coordinates"": [
    -83.130756776,
    42.295778738
  ],
  ""type"": ""Point""
}",-83.1307567759999,42.2957787380001
15478,1425383,CHARLES,MOUND,2018-07-16,16,7,2018,1,2,1,9,,4,0,Asphalt,1,1,4,35,2,1,1,5,0,0,0,0,true,false,false,false,false,false,false,false,false,false,false,false,false,false,true,false,false,false,false,false,false,false,-83.04275,42.41189,"{
  ""coordinates"": [
    -8.304275108353249e+01,
    4.241188649106100e+01
  ],
  ""type"": ""Point""
}","{
  ""coordinates"": [
    -83.042751084,
    42.411886491
  ],
  ""type"": ""Point""
}",-83.042751084,42.4118864910001
15479,1426245,FORT,OAKWOOD,2018-07-16,16,7,2018,14,2,5,3,,1,0,Asphalt,2,4,1,30,3,2,1,5,0,0,0,0,true,false,false,false,false,false,false,false,false,false,false,false,false,false,false,false,false,false,false,false,false,false,-83.14359,42.29014,"{
  ""coordinates"": [
    -8.314358207878520e+01,
    4.229014349705520e+01
  ],
  ""type"": ""Point""
}","{
  ""coordinates"": [
    -83.143582079,
    42.290143497
  ],
  ""type"": ""Point""
}",-83.1435820789999,42.290143497
15480,1428043,M 10,HAMILTON,2018-07-16,16,7,2018,17,2,5,3,,1,0,Concrete,1,2,1,55,4,2,2,5,0,0,0,0,true,false,false,false,true,false,false,false,false,false,false,false,false,true,false,false,false,false,false,false,false,false,-83.09096,42.38058,"{
  ""coordinates"": [
    -8.309096126532330e+01,
    4.238057903540020e+01
  ],
  ""type"": ""Point""
}","{
  ""coordinates"": [
    -83.090961265,
    42.380579035
  ],
  ""type"": ""Point""
}",-83.090961265,42.380579035
15481,1430732,M-10,GRAND,2018-07-16,16,7,2018,1,2,1,3,,1,1,Concrete,1,1,4,55,3,1,2,5,0,0,0,0,true,false,false,false,false,false,false,false,false,true,false,false,false,false,false,false,false,false,false,false,false,false,-83.08077,42.36582,"{
  ""coordinates"": [
    -8.308077236205000e+01,
    4.236582320787150e+01
  ],
  ""type"": ""Point""
}","{
  ""coordinates"": [
    -83.080772362,
    42.365823208
  ],
  ""type"": ""Point""
}",-83.0807723619999,42.3658232080001
15482,1428030,M 39,MCNICHOLS,2018-07-16,16,7,2018,16,2,5,3,,1,0,Concrete,1,2,1,55,3,2,2,4,0,0,0,1,false,false,false,false,true,false,false,false,false,false,false,false,false,true,false,false,false,false,false,false,false,false,-83.2189,42.41699,"{
  ""coordinates"": [
    -8.321890012653620e+01,
    4.241699067987670e+01
  ],
  ""type"": ""Point""
}","{
  ""coordinates"": [
    -83.218900127,
    42.41699068
  ],
  ""type"": ""Point""
}",-83.218900127,42.41699068
15483,1426241,MACK,BEAUBIEN,2018-07-16,16,7,2018,17,2,8,9,,4,0,Asphalt,1,1,1,35,2,2,1,5,0,0,0,0,true,false,false,false,false,false,false,false,false,false,false,false,false,false,false,false,false,false,false,false,false,false,-83.05245,42.3497,"{
  ""coordinates"": [
    -8.305244882939949e+01,
    4.234970059113340e+01
  ],
  ""type"": ""Point""
}","{
  ""coordinates"": [
    -83.052448829,
    42.349700591
  ],
  ""type"": ""Point""
}",-83.052448829,42.349700591
15484,1426253,MOUNT ELLIOTT,MILLER,2018-07-16,16,7,2018,10,2,9,9,,4,2,Asphalt,1,1,1,30,4,2,4,5,0,0,0,0,true,false,false,false,false,false,false,false,false,false,false,false,false,false,false,false,false,false,false,false,false,false,-83.03734,42.39035,"{
  ""coordinates"": [
    -8.303733875395950e+01,
    4.239035315693020e+01
  ],
  ""type"": ""Point""
}","{
  ""coordinates"": [
    -83.037338754,
    42.390353157
  ],
  ""type"": ""Point""
}",-83.037338754,42.390353157
15485,1426219,FENKELL,CHEYENNE,2018-07-16,16,7,2018,15,2,97,9,,2,0,Asphalt,98,1,1,30,2,2,3,5,0,0,0,0,true,false,true,false,false,false,false,false,false,false,false,false,false,true,false,false,false,false,false,false,false,false,-83.17494,42.40214,"{
  ""coordinates"": [
    -8.317494183531230e+01,
    4.240214037647430e+01
  ],
  ""type"": ""Point""
}","{
  ""coordinates"": [
    -83.174941835,
    42.402140376
  ],
  ""type"": ""Point""
}",-83.174941835,42.402140376
15486,1426222,WYOMING,SCHOOLCRAFT,2018-07-16,16,7,2018,8,2,5,9,,4,0,Asphalt,1,1,1,35,5,2,2,5,0,0,0,0,true,false,false,false,false,false,false,true,false,false,false,false,false,false,false,false,false,false,false,false,false,false,-83.15907,42.3885,"{
  ""coordinates"": [
    -8.315907079153750e+01,
    4.238850052630180e+01
  ],
  ""type"": ""Point""
}","{
  ""coordinates"": [
    -83.159070792,
    42.388500526
  ],
  ""type"": ""Point""
}",-83.159070792,42.388500526
15487,1426225,ATWATER,BATES,2018-07-16,16,7,2018,8,2,8,9,,4,3,Concrete,1,1,1,25,2,2,1,5,0,0,0,0,true,false,false,false,false,false,false,false,false,false,false,false,false,false,false,true,false,false,false,false,false,false,-83.04221,42.32732,"{
  ""coordinates"": [
    -8.304221299514170e+01,
    4.232731537021810e+01
  ],
  ""type"": ""Point""
}","{
  ""coordinates"": [
    -83.042212995,
    42.32731537
  ],
  ""type"": ""Point""
}",-83.0422129949999,42.3273153700001
15488,1426250,LAFAYETTE,ST AUBIN,2018-07-16,16,7,2018,11,2,4,9,,4,0,Asphalt,1,1,1,30,2,2,2,5,0,0,0,0,true,false,false,false,false,false,false,false,false,false,true,false,false,true,false,false,false,false,false,false,false,false,-83.02984,42.33928,"{
  ""coordinates"": [
    -8.302983799287900e+01,
    4.233927491556830e+01
  ],
  ""type"": ""Point""
}","{
  ""coordinates"": [
    -83.029837993,
    42.339274916
  ],
  ""type"": ""Point""
}",-83.0298379929999,42.3392749160001
15489,1436094,GREENVIEW,WARREN,2018-07-16,16,7,2018,14,2,8,9,,,0,,1,1,1,25,2,2,2,5,0,0,0,0,true,false,false,false,false,false,false,false,false,false,false,true,false,true,false,false,false,false,false,false,false,false,-83.22198,42.3431,"{
  ""coordinates"": [
    -8.322197854980220e+01,
    4.234309988190230e+01
  ],
  ""type"": ""Point""
}","{
  ""coordinates"": [
    -83.22197855,
    42.343099882
  ],
  ""type"": ""Point""
}",-83.22197855,42.343099882
15490,1425353,PRINCE HALL,CHENE,2018-07-16,16,7,2018,1,2,1,9,,4,1,Concrete,1,1,4,35,2,1,1,5,0,0,0,0,true,false,false,false,false,false,false,false,false,false,false,false,false,false,false,false,false,false,false,false,false,false,-83.02445,42.34798,"{
  ""coordinates"": [
    -8.302445397364180e+01,
    4.234798575924920e+01
  ],
  ""type"": ""Point""
}","{
  ""coordinates"": [
    -83.024453974,
    42.347985759
  ],
  ""type"": ""Point""
}",-83.024453974,42.347985759
15491,1426259,TELEGRAPH,MCNICHOLS,2018-07-16,16,7,2018,3,2,97,2,,1,0,Asphalt,1,1,5,45,3,2,2,4,0,0,0,1,false,false,false,false,false,false,false,false,false,false,false,false,false,false,false,false,false,false,false,false,false,false,-83.27731,42.41232,"{
  ""coordinates"": [
    -8.327730235822349e+01,
    4.241232095240210e+01
  ],
  ""type"": ""Point""
}","{
  ""coordinates"": [
    -83.277302358,
    42.412320952
  ],
  ""type"": ""Point""
}",-83.277302358,42.4123209520001
15492,1425377,7 MILE,BURGESS,2018-07-16,16,7,2018,4,2,8,9,,2,0,Asphalt,1,1,4,30,2,2,3,3,0,0,2,0,false,false,false,false,false,false,false,true,false,true,false,false,false,false,false,false,false,false,false,false,false,false,-83.25671,42.42915,"{
  ""coordinates"": [
    -8.325671353468110e+01,
    4.242915281774850e+01
  ],
  ""type"": ""Point""
}","{
  ""coordinates"": [
    -83.256713535,
    42.429152818
  ],
  ""type"": ""Point""
}",-83.256713535,42.429152818
15493,1427103,HAYES,EASTBURN,2018-07-16,16,7,2018,16,2,3,9,,4,0,Asphalt,1,1,1,30,2,2,2,3,0,0,1,0,false,false,false,false,true,false,false,false,false,false,false,false,false,false,false,false,false,false,false,false,false,false,-82.96589,42.4454,"{
  ""coordinates"": [
    -8.296588577748230e+01,
    4.244540462038740e+01
  ],
  ""type"": ""Point""
}","{
  ""coordinates"": [
    -82.965885777,
    42.44540462
  ],
  ""type"": ""Point""
}",-82.965885777,42.44540462
15494,1428729,I-96,SOUTHFIELD,2018-07-16,16,7,2018,13,2,1,1,,1,1,Concrete,2,4,1,55,3,1,1,4,0,0,0,1,false,false,false,false,false,false,false,false,false,true,false,false,false,false,false,false,false,false,false,false,false,false,-83.23605,42.38007,"{
  ""coordinates"": [
    -8.323604699363030e+01,
    4.238006665534290e+01
  ],
  ""type"": ""Point""
}","{
  ""coordinates"": [
    -83.236046994,
    42.380066655
  ],
  ""type"": ""Point""
}",-83.2360469939999,42.3800666550001
15495,1427104,OUTER,HAYES,2018-07-16,16,7,2018,14,2,4,9,,2,0,Asphalt,2,2,1,35,4,2,4,4,0,0,0,1,false,false,true,true,false,false,false,false,false,false,true,false,false,false,false,true,false,false,false,false,false,false,-82.96478,42.4148,"{
  ""coordinates"": [
    -8.296477642632379e+01,
    4.241480244738080e+01
  ],
  ""type"": ""Point""
}","{
  ""coordinates"": [
    -82.964776426,
    42.414802447
  ],
  ""type"": ""Point""
}",-82.964776426,42.4148024470001
15496,1427058,MANOR,FENKELL,2018-07-16,16,7,2018,8,2,97,9,,,0,,2,1,1,25,1,2,0,5,0,0,0,0,true,false,false,false,false,false,false,false,false,false,true,false,false,false,false,false,false,false,false,false,false,false,-83.16831,42.40184,"{
  ""coordinates"": [
    -8.316831419733749e+01,
    4.240184193668300e+01
  ],
  ""type"": ""Point""
}","{
  ""coordinates"": [
    -83.168314197,
    42.401841937
  ],
  ""type"": ""Point""
}",-83.168314197,42.401841937
15497,1426249,LARNED,RIVARD,2018-07-16,16,7,2018,17,2,97,9,,4,0,Asphalt,1,1,1,35,3,2,2,5,0,0,0,0,true,false,false,false,false,false,false,false,false,false,false,false,false,false,false,false,false,false,false,false,false,false,-83.03469,42.33398,"{
  ""coordinates"": [
    -8.303469416526390e+01,
    4.233397965605800e+01
  ],
  ""type"": ""Point""
}","{
  ""coordinates"": [
    -83.034694165,
    42.333979656
  ],
  ""type"": ""Point""
}",-83.034694165,42.3339796560001
15498,1429556,I-94,I-75,2018-07-16,16,7,2018,14,2,5,1,,1,0,Asphalt,2,4,1,55,3,2,2,5,0,0,0,0,true,true,false,false,false,false,false,false,false,false,false,false,false,false,false,false,false,false,false,false,false,false,-83.07449,42.36061,"{
  ""coordinates"": [
    -8.307449093686060e+01,
    4.236061457381680e+01
  ],
  ""type"": ""Point""
}","{
  ""coordinates"": [
    -83.074490937,
    42.360614574
  ],
  ""type"": ""Point""
}",-83.074490937,42.3606145740001
15499,1426271,GRIGGS,PICKFORD,2018-07-16,16,7,2018,18,2,4,9,,,0,,1,2,1,25,2,2,1,5,0,0,0,0,true,false,false,false,true,false,false,false,false,false,false,false,false,false,false,false,false,false,false,false,false,false,-83.16403,42.42592,"{
  ""coordinates"": [
    -8.316403311973490e+01,
    4.242592285464690e+01
  ],
  ""type"": ""Point""
}","{
  ""coordinates"": [
    -83.16403312,
    42.425922855
  ],
  ""type"": ""Point""
}",-83.1640331199999,42.4259228550001
15500,1427030,I 75,HOLBROOK,2018-07-16,16,7,2018,14,2,8,1,,1,0,Asphalt,2,4,1,70,4,2,2,3,0,0,1,0,false,false,false,false,false,false,false,false,false,true,false,false,false,false,false,false,false,false,false,false,false,false,-83.06751,42.3852,"{
  ""coordinates"": [
    -8.306751142919320e+01,
    4.238520114919450e+01
  ],
  ""type"": ""Point""
}","{
  ""coordinates"": [
    -83.067511429,
    42.385201149
  ],
  ""type"": ""Point""
}",-83.067511429,42.3852011490001
15501,1427061,ILENE,DAVISON,2018-07-16,16,7,2018,1,2,8,9,,,0,,2,1,4,25,2,2,0,5,0,0,0,0,true,false,false,false,true,false,false,false,false,false,false,true,false,false,false,false,false,false,false,false,false,false,-83.16113,42.38644,"{
  ""coordinates"": [
    -8.316113540372680e+01,
    4.238643515701240e+01
  ],
  ""type"": ""Point""
}","{
  ""coordinates"": [
    -83.161135404,
    42.386435157
  ],
  ""type"": ""Point""
}",-83.1611354039999,42.3864351570001
15502,1428019,I-94,BRUSH,2018-07-16,16,7,2018,13,2,5,1,,1,0,Asphalt,1,2,1,55,3,2,5,5,0,0,0,0,true,false,false,false,false,false,false,false,false,false,true,false,false,false,false,false,false,false,false,false,false,false,-83.06281,42.36643,"{
  ""coordinates"": [
    -8.306280743854450e+01,
    4.236643276477140e+01
  ],
  ""type"": ""Point""
}","{
  ""coordinates"": [
    -83.062807439,
    42.366432765
  ],
  ""type"": ""Point""
}",-83.062807439,42.3664327650001
15503,1430828,DAVISON,CHAPEL,2018-07-16,16,7,2018,16,2,4,9,,,0,,1,1,1,25,2,2,4,4,0,0,0,1,false,false,false,false,true,false,false,false,false,false,false,false,false,false,false,false,false,false,false,false,false,false,-83.25259,42.38365,"{
  ""coordinates"": [
    -8.325258673798071e+01,
    4.238365199272270e+01
  ],
  ""type"": ""Point""
}","{
  ""coordinates"": [
    -83.252586738,
    42.383651993
  ],
  ""type"": ""Point""
}",-83.2525867379999,42.3836519930001
15504,1428018,M-10,LINWOOD,2018-07-16,16,7,2018,11,2,8,3,,1,0,Concrete,1,1,1,55,4,2,2,5,0,0,0,0,true,false,false,false,false,false,false,false,false,false,true,false,false,false,false,false,false,false,false,false,false,false,-83.1214,42.40475,"{
  ""coordinates"": [
    -8.312140039937890e+01,
    4.240475266956110e+01
  ],
  ""type"": ""Point""
}","{
  ""coordinates"": [
    -83.121400399,
    42.40475267
  ],
  ""type"": ""Point""
}",-83.121400399,42.4047526700001
15505,1428014,S I 375,RAMP 041G,2018-07-16,16,7,2018,8,2,8,1,,1,0,Concrete,1,1,1,55,4,2,2,5,0,0,0,0,true,false,false,false,false,false,false,false,false,false,true,false,false,false,false,false,false,false,false,false,false,false,-83.0444,42.34508,"{
  ""coordinates"": [
    -8.304440099994341e+01,
    4.234508036031720e+01
  ],
  ""type"": ""Point""
}","{
  ""coordinates"": [
    -83.044401,
    42.34508036
  ],
  ""type"": ""Point""
}",-83.0444009999999,42.3450803600001
15506,1426255,GLASTONBURY,EIGHT MILE,2018-07-16,16,7,2018,23,2,5,3,,,0,,2,1,4,25,2,2,0,5,0,0,0,0,true,false,false,false,true,false,false,false,false,false,false,false,false,false,false,false,false,false,false,false,false,false,-83.22367,42.44409,"{
  ""coordinates"": [
    -8.322366810834950e+01,
    4.244409155792150e+01
  ],
  ""type"": ""Point""
}","{
  ""coordinates"": [
    -83.223668108,
    42.444091558
  ],
  ""type"": ""Point""
}",-83.223668108,42.444091558
15507,1439436,N M 10,WARREN,2018-07-16,16,7,2018,14,2,8,3,,1,0,Concrete,1,1,1,20,2,2,2,5,0,0,0,0,true,false,false,false,false,false,false,false,false,false,false,false,false,false,true,false,false,false,false,false,false,false,-83.07341,42.3538,"{
  ""coordinates"": [
    -8.307341141199730e+01,
    4.235380065681900e+01
  ],
  ""type"": ""Point""
}","{
  ""coordinates"": [
    -83.073411412,
    42.353800657
  ],
  ""type"": ""Point""
}",-83.073411412,42.3538006570001
15508,1427114,DAVISON,MT ELLIOT,2018-07-16,16,7,2018,16,2,4,9,,4,0,Asphalt,2,2,1,35,8,2,1,4,0,0,0,1,false,false,false,false,false,false,false,false,false,false,false,false,false,false,false,false,false,false,false,false,false,false,-83.03823,42.42328,"{
  ""coordinates"": [
    -8.303823122077669e+01,
    4.242328094927270e+01
  ],
  ""type"": ""Point""
}","{
  ""coordinates"": [
    -83.038231221,
    42.423280949
  ],
  ""type"": ""Point""
}",-83.038231221,42.4232809490001
15509,1430817,EVERGREEN,CHICAGO,2018-07-16,16,7,2018,17,2,5,9,,4,0,Asphalt,1,1,1,35,2,3,5,5,0,0,0,0,true,false,false,false,false,false,false,false,false,false,false,false,false,false,false,false,false,false,false,false,false,false,-83.23605,42.3649,"{
  ""coordinates"": [
    -8.323604439753250e+01,
    4.236490421565720e+01
  ],
  ""type"": ""Point""
}","{
  ""coordinates"": [
    -83.236044398,
    42.364904216
  ],
  ""type"": ""Point""
}",-83.236044398,42.3649042160001
15510,1426246,FORT,WHEELOCK,2018-07-16,16,7,2018,17,2,5,3,,1,0,Asphalt,1,2,1,30,5,3,3,5,0,0,0,0,true,false,false,false,false,false,false,false,false,false,false,false,false,true,false,false,false,false,false,false,false,false,-83.11444,42.30205,"{
  ""coordinates"": [
    -8.311444425817920e+01,
    4.230204860523690e+01
  ],
  ""type"": ""Point""
}","{
  ""coordinates"": [
    -83.114444258,
    42.302048605
  ],
  ""type"": ""Point""
}",-83.1144442579999,42.302048605