ObjectId,Crash ID,Primary Road,Intersecting Road,Crash Date,Day,Month,Year,Hour,Weekday,Crash Type Code,Highway Classification Code,Community Code,Jurisdiction Code,Lane Departure Type Code,Surface Type,Road Condition,Weather Condition,Lighting Condition,Speed Limit,Lanes,Units,Occupants,Most Severe Injury,Fatal Injuries,Suspected Serious Injuries,Suspected Minor Injuries,Possible Injuries,Property Damage Only,Secondary Crash,Traffic Control,Red Light Run,Hit and Run,Alcohol,Drugs,Unbelted Person,Work Zone,Speeding Driver,Distracted Driver,Driveway,Pedestrian,Elderly Driver,Young Driver,Commercial Vehicle,Emergency Vehicles,Train,School Bus,Motorcycle,Bicycle,Deer,Longitude,Latitude,geom,geog,x,y
15565,1425345,MINOCK,WARREN,2018-07-15,15,7,2018,21,1,8,9,,,0,,2,1,5,25,1,3,1,5,0,0,0,0,true,false,false,false,false,true,false,false,false,false,false,false,false,false,false,false,false,false,false,false,false,false,-83.23172,42.34346,"{
  ""coordinates"": [
    -8.323172336635440e+01,
    4.234346131482310e+01
  ],
  ""type"": ""Point""
}","{
  ""coordinates"": [
    -83.231723366,
    42.343461315
  ],
  ""type"": ""Point""
}",-83.231723366,42.3434613150001
15566,1425346,EVERGREEN,SCHOOLCRAFT,2018-07-15,15,7,2018,17,1,4,9,,4,0,Asphalt,1,1,1,30,4,2,3,5,0,0,0,0,true,false,true,true,false,false,false,false,false,false,false,false,false,false,false,true,false,false,false,false,false,false,-83.23685,42.38621,"{
  ""coordinates"": [
    -8.323684922364900e+01,
    4.238621259045980e+01
  ],
  ""type"": ""Point""
}","{
  ""coordinates"": [
    -83.236849224,
    42.38621259
  ],
  ""type"": ""Point""
}",-83.236849224,42.3862125900001
15567,1425306,M 10,WYOMING,2018-07-15,15,7,2018,2,1,1,3,,1,1,Concrete,1,1,4,55,3,1,1,5,0,0,0,0,true,false,false,false,false,false,false,false,false,false,false,false,false,false,false,false,false,false,false,false,false,false,-83.16063,42.40566,"{
  ""coordinates"": [
    -8.316062724165270e+01,
    4.240565703786810e+01
  ],
  ""type"": ""Point""
}","{
  ""coordinates"": [
    -83.160627242,
    42.405657038
  ],
  ""type"": ""Point""
}",-83.160627242,42.4056570380001
15568,1427101,MINDEN,WESTPHALIA,2018-07-15,15,7,2018,19,1,10,9,,,3,,1,1,1,25,2,2,0,5,0,0,0,0,true,false,false,false,true,false,false,false,false,false,false,false,false,true,false,false,false,false,false,false,false,false,-82.98851,42.4216,"{
  ""coordinates"": [
    -8.298850836925880e+01,
    4.242159982118310e+01
  ],
  ""type"": ""Point""
}","{
  ""coordinates"": [
    -82.988508369,
    42.421599821
  ],
  ""type"": ""Point""
}",-82.988508369,42.421599821
15569,1439327,RAMP 050A,N I 75,2018-07-15,15,7,2018,4,1,1,1,,1,1,Asphalt,2,2,4,70,5,1,1,1,1,0,0,0,false,false,false,false,false,false,false,true,false,false,false,false,false,false,false,false,false,false,false,false,false,false,-83.09483,42.43916,"{
  ""coordinates"": [
    -8.309482873423779e+01,
    4.243916468963230e+01
  ],
  ""type"": ""Point""
}","{
  ""coordinates"": [
    -83.094828734,
    42.43916469
  ],
  ""type"": ""Point""
}",-83.094828734,42.43916469
15570,1425362,WINSTON,PICKFORD,2018-07-15,15,7,2018,0,1,8,9,,,0,,1,1,4,,2,2,2,5,0,0,0,0,true,false,false,false,true,false,false,false,false,false,false,false,false,false,false,false,false,false,false,false,false,false,-83.28402,42.42345,"{
  ""coordinates"": [
    -8.328402039144910e+01,
    4.242345364922860e+01
  ],
  ""type"": ""Point""
}","{
  ""coordinates"": [
    -83.284020391,
    42.423453649
  ],
  ""type"": ""Point""
}",-83.284020391,42.4234536490001
15571,1425376,NORTHFIELD,MILFORD,2018-07-15,15,7,2018,15,1,8,9,,,0,,1,1,1,25,2,2,1,5,0,0,0,0,true,false,false,false,false,false,false,false,false,false,false,false,false,false,false,false,false,false,false,false,false,false,-83.12361,42.34896,"{
  ""coordinates"": [
    -8.312361520398150e+01,
    4.234896588037600e+01
  ],
  ""type"": ""Point""
}","{
  ""coordinates"": [
    -83.123615204,
    42.34896588
  ],
  ""type"": ""Point""
}",-83.123615204,42.34896588
15572,1428049,M-39,PEMBROKE,2018-07-15,15,7,2018,22,1,5,3,,1,0,Concrete,2,4,4,55,3,2,1,5,0,0,0,0,true,false,false,false,true,false,false,false,false,false,false,false,false,false,false,false,false,false,false,false,false,false,-83.2196,42.43868,"{
  ""coordinates"": [
    -8.321960692562240e+01,
    4.243868015864430e+01
  ],
  ""type"": ""Point""
}","{
  ""coordinates"": [
    -83.219606926,
    42.438680159
  ],
  ""type"": ""Point""
}",-83.219606926,42.4386801590001
15573,1425373,BELAND,MANNING,2018-07-15,15,7,2018,3,1,8,9,,,0,,1,1,4,25,2,3,1,5,0,0,0,0,true,false,false,false,false,false,false,false,false,false,false,false,false,false,false,false,false,false,false,false,false,false,-83.0091,42.4401,"{
  ""coordinates"": [
    -8.300909905918500e+01,
    4.244010197872830e+01
  ],
  ""type"": ""Point""
}","{
  ""coordinates"": [
    -83.009099059,
    42.440101979
  ],
  ""type"": ""Point""
}",-83.0090990589999,42.4401019790001
15574,1425357,GRATIOT,HARPER,2018-07-15,15,7,2018,15,1,8,3,,1,0,Asphalt,1,1,1,35,1,2,2,5,0,0,0,0,true,false,false,false,false,false,false,false,true,false,false,false,false,true,false,true,false,false,false,false,false,false,-83.00524,42.39311,"{
  ""coordinates"": [
    -8.300524472700660e+01,
    4.239311065883090e+01
  ],
  ""type"": ""Point""
}","{
  ""coordinates"": [
    -83.005244727,
    42.393110659
  ],
  ""type"": ""Point""
}",-83.005244727,42.3931106590001
15575,1434191,N M 10,E I 94,2018-07-15,15,7,2018,22,1,8,3,,1,0,Concrete,1,2,4,55,3,2,3,5,0,0,0,0,true,false,false,false,true,false,false,false,false,false,false,false,false,true,false,true,false,false,false,false,false,false,-83.07597,42.35894,"{
  ""coordinates"": [
    -8.307596347012880e+01,
    4.235894500627940e+01
  ],
  ""type"": ""Point""
}","{
  ""coordinates"": [
    -83.07596347,
    42.358945006
  ],
  ""type"": ""Point""
}",-83.07596347,42.3589450060001
15576,1425356,FISCHER,GOETHE,2018-07-15,15,7,2018,12,1,10,9,,,3,,1,1,1,25,2,2,2,5,0,0,0,0,true,false,false,false,true,false,false,true,false,false,true,false,false,false,false,false,false,false,false,false,false,false,-82.99783,42.36771,"{
  ""coordinates"": [
    -8.299783679969330e+01,
    4.236771266984050e+01
  ],
  ""type"": ""Point""
}","{
  ""coordinates"": [
    -82.9978368,
    42.36771267
  ],
  ""type"": ""Point""
}",-82.9978368,42.3677126700001
15577,1433520,CARTER,DEXTER,2018-07-15,15,7,2018,2,1,4,9,,,0,,1,1,5,30,2,2,1,4,0,0,0,1,false,false,false,false,true,false,false,false,false,false,false,false,false,false,false,false,false,false,false,false,false,false,-83.1155,42.36671,"{
  ""coordinates"": [
    -8.311550191996120e+01,
    4.236670942883710e+01
  ],
  ""type"": ""Point""
}","{
  ""coordinates"": [
    -83.11550192,
    42.366709429
  ],
  ""type"": ""Point""
}",-83.11550192,42.366709429
15578,1426248,CONNER,WARREN,2018-07-15,15,7,2018,1,1,4,9,,4,0,Asphalt,1,1,4,35,7,2,8,5,0,0,0,0,true,false,true,true,false,false,false,false,false,false,true,false,false,false,false,false,false,false,false,false,false,false,-82.976,42.38928,"{
  ""coordinates"": [
    -8.297599985849520e+01,
    4.238927710574920e+01
  ],
  ""type"": ""Point""
}","{
  ""coordinates"": [
    -82.975999858,
    42.389277106
  ],
  ""type"": ""Point""
}",-82.975999858,42.3892771060001
15579,1442414,I 75,CASS,2018-07-15,15,7,2018,10,1,5,1,,1,0,Concrete,1,1,1,55,4,2,5,3,0,0,1,1,false,false,false,false,false,false,false,false,false,false,false,false,false,false,false,false,false,false,false,false,false,false,-83.05792,42.33712,"{
  ""coordinates"": [
    -8.305792577463809e+01,
    4.233712224116900e+01
  ],
  ""type"": ""Point""
}","{
  ""coordinates"": [
    -83.057925775,
    42.337122241
  ],
  ""type"": ""Point""
}",-83.0579257749999,42.337122241
15580,1425336,FORT,SCHAEFER,2018-07-15,15,7,2018,12,1,97,1,,1,0,Asphalt,1,1,1,45,3,2,1,5,0,0,0,0,true,false,false,false,true,false,false,false,false,false,false,false,false,false,false,false,false,false,false,false,false,false,-83.15673,42.27597,"{
  ""coordinates"": [
    -8.315672990049219e+01,
    4.227596704524250e+01
  ],
  ""type"": ""Point""
}","{
  ""coordinates"": [
    -83.1567299,
    42.275967045
  ],
  ""type"": ""Point""
}",-83.1567299,42.2759670450001
15581,1426261,MOTOR,JAMES COUZENS,2018-07-15,15,7,2018,21,1,8,3,,1,0,Asphalt,1,1,5,,2,2,1,5,0,0,0,0,true,false,false,false,false,false,false,false,false,false,false,false,false,false,false,false,false,false,false,false,false,false,-83.20271,42.44393,"{
  ""coordinates"": [
    -8.320271457205290e+01,
    4.244393050294020e+01
  ],
  ""type"": ""Point""
}","{
  ""coordinates"": [
    -83.202714572,
    42.443930503
  ],
  ""type"": ""Point""
}",-83.2027145719999,42.443930503
15582,1425359,GRAND RIVER,TELEGRAPH,2018-07-15,15,7,2018,14,1,5,3,,1,0,Asphalt,1,1,1,35,4,2,2,5,0,0,0,0,true,false,false,false,false,false,false,false,false,false,false,false,false,false,false,false,false,false,false,false,false,false,-83.27755,42.42429,"{
  ""coordinates"": [
    -8.327754756598240e+01,
    4.242428445548610e+01
  ],
  ""type"": ""Point""
}","{
  ""coordinates"": [
    -83.277547566,
    42.424284455
  ],
  ""type"": ""Point""
}",-83.277547566,42.4242844550001
15583,1425375,ROXBURY,COURVILLE,2018-07-15,15,7,2018,7,1,1,9,,,1,,1,1,1,25,2,1,0,5,0,0,0,0,true,false,false,false,true,false,false,false,false,false,false,false,false,true,false,false,false,false,false,false,false,false,-82.95438,42.41546,"{
  ""coordinates"": [
    -8.295438642808899e+01,
    4.241546426426290e+01
  ],
  ""type"": ""Point""
}","{
  ""coordinates"": [
    -82.954386428,
    42.415464264
  ],
  ""type"": ""Point""
}",-82.954386428,42.415464264
15584,1428057,JEFFERSON,SAINT ANTOINE,2018-07-15,15,7,2018,2,1,1,9,,4,1,Asphalt,1,1,4,45,2,1,0,5,0,0,0,0,true,false,false,false,true,false,false,false,false,false,false,false,false,false,false,false,false,false,false,false,false,false,-83.02784,42.336,"{
  ""coordinates"": [
    -8.302784273967031e+01,
    4.233600242410460e+01
  ],
  ""type"": ""Point""
}","{
  ""coordinates"": [
    -83.02784274,
    42.336002424
  ],
  ""type"": ""Point""
}",-83.02784274,42.3360024240001
15585,1425343,JOY,EVERGREEN,2018-07-15,15,7,2018,17,1,3,9,,2,0,Asphalt,1,1,1,35,3,2,7,5,0,0,0,0,true,false,false,false,false,false,false,false,false,false,false,false,false,false,false,false,false,false,false,false,false,false,-83.23595,42.35757,"{
  ""coordinates"": [
    -8.323595282790650e+01,
    4.235757269118500e+01
  ],
  ""type"": ""Point""
}","{
  ""coordinates"": [
    -83.235952828,
    42.357572691
  ],
  ""type"": ""Point""
}",-83.2359528279999,42.357572691
15586,1425350,GREENFIELD,JOY,2018-07-15,15,7,2018,16,1,4,9,,2,0,Asphalt,1,1,1,35,5,2,6,5,0,0,0,0,true,false,false,false,false,false,false,false,false,false,false,false,false,false,false,false,false,false,false,false,false,false,-83.197,42.35813,"{
  ""coordinates"": [
    -8.319699679163620e+01,
    4.235812925403600e+01
  ],
  ""type"": ""Point""
}","{
  ""coordinates"": [
    -83.196996792,
    42.358129254
  ],
  ""type"": ""Point""
}",-83.1969967919999,42.3581292540001
15587,1436909,RAMP 216I,W I 94,2018-07-15,15,7,2018,18,1,5,1,,1,0,Concrete,2,4,1,55,2,2,3,5,0,0,0,0,true,false,false,false,false,false,false,false,false,false,false,false,false,false,true,false,false,false,false,false,false,false,-83.06194,42.36686,"{
  ""coordinates"": [
    -8.306193278155649e+01,
    4.236686050121780e+01
  ],
  ""type"": ""Point""
}","{
  ""coordinates"": [
    -83.061932782,
    42.366860501
  ],
  ""type"": ""Point""
}",-83.061932782,42.3668605010001
15588,1425342,CHAMLERS,LINVILLE,2018-07-15,15,7,2018,11,1,8,9,,4,0,Asphalt,1,1,1,30,1,2,1,5,0,0,0,0,true,false,false,false,false,false,false,false,false,false,true,false,false,false,true,false,false,false,false,false,false,false,-82.96313,42.40206,"{
  ""coordinates"": [
    -8.296312891728280e+01,
    4.240205584659680e+01
  ],
  ""type"": ""Point""
}","{
  ""coordinates"": [
    -82.963128917,
    42.402055847
  ],
  ""type"": ""Point""
}",-82.9631289169999,42.402055847
15589,1436910,E I 94,RAMP 212A,2018-07-15,15,7,2018,19,1,97,1,,1,0,Asphalt,2,4,1,55,3,2,3,5,0,0,0,0,true,false,false,false,false,false,false,false,false,true,false,false,false,false,true,false,false,false,false,false,false,false,-83.12914,42.33563,"{
  ""coordinates"": [
    -8.312914195129480e+01,
    4.233562903123480e+01
  ],
  ""type"": ""Point""
}","{
  ""coordinates"": [
    -83.129141951,
    42.335629031
  ],
  ""type"": ""Point""
}",-83.129141951,42.3356290310001
15590,1425340,S I 75,SPRINGWELLS,2018-07-15,15,7,2018,2,1,4,1,,1,0,Concrete,1,1,1,30,4,2,2,5,0,0,0,0,true,false,true,true,false,false,false,false,false,false,false,false,false,false,false,false,false,false,false,false,false,false,-83.11942,42.30153,"{
  ""coordinates"": [
    -8.311942043551321e+01,
    4.230153213807910e+01
  ],
  ""type"": ""Point""
}","{
  ""coordinates"": [
    -83.119420436,
    42.301532138
  ],
  ""type"": ""Point""
}",-83.119420436,42.301532138
15591,1430731,E I 96,FULLERTON,2018-07-15,15,7,2018,19,1,5,1,,1,0,Concrete,2,4,1,70,3,2,3,4,0,0,0,2,false,false,false,false,false,false,false,false,false,true,true,false,false,false,false,false,false,false,false,false,false,false,-83.18898,42.38017,"{
  ""coordinates"": [
    -8.318897716009820e+01,
    4.238017317851480e+01
  ],
  ""type"": ""Point""
}","{
  ""coordinates"": [
    -83.18897716,
    42.380173179
  ],
  ""type"": ""Point""
}",-83.18897716,42.3801731790001
15592,1436913,I-96,IVANHOE,2018-07-15,15,7,2018,20,1,5,9,,4,0,Asphalt,1,2,3,70,4,2,7,3,0,0,1,2,false,false,false,false,false,true,false,true,false,false,false,false,false,false,false,false,false,false,false,false,false,false,-83.12106,42.36015,"{
  ""coordinates"": [
    -8.312106222508140e+01,
    4.236014376752720e+01
  ],
  ""type"": ""Point""
}","{
  ""coordinates"": [
    -83.121062225,
    42.360143768
  ],
  ""type"": ""Point""
}",-83.1210622249999,42.3601437680001
15593,1458773,I-94,WYOMING,2018-07-15,15,7,2018,16,1,1,1,,1,1,Asphalt,1,1,1,55,3,1,2,4,0,0,0,1,false,false,false,false,false,false,false,true,false,false,false,false,false,false,false,false,false,false,false,false,false,false,-83.15632,42.32882,"{
  ""coordinates"": [
    -8.315632182863010e+01,
    4.232881449844550e+01
  ],
  ""type"": ""Point""
}","{
  ""coordinates"": [
    -83.156321829,
    42.328814498
  ],
  ""type"": ""Point""
}",-83.156321829,42.328814498
15594,1425367,SCHOOLCRAFT,FAUST,2018-07-15,15,7,2018,13,1,4,9,,2,0,Asphalt,1,1,1,35,4,2,3,5,0,0,0,0,true,false,false,false,false,false,false,false,false,false,false,false,false,false,false,false,false,false,false,false,false,false,-83.2224,42.38658,"{
  ""coordinates"": [
    -8.322239922771610e+01,
    4.238657808741580e+01
  ],
  ""type"": ""Point""
}","{
  ""coordinates"": [
    -83.222399228,
    42.386578087
  ],
  ""type"": ""Point""
}",-83.222399228,42.386578087
15595,1429621,I-75,VERNOR,2018-07-15,15,7,2018,20,1,1,1,,1,1,Asphalt,2,4,1,55,3,1,2,5,0,0,0,0,true,false,false,false,false,false,false,false,false,true,false,false,false,false,false,false,false,false,false,false,false,false,-83.08379,42.32537,"{
  ""coordinates"": [
    -8.308379066906640e+01,
    4.232537454291320e+01
  ],
  ""type"": ""Point""
}","{
  ""coordinates"": [
    -83.083790669,
    42.325374543
  ],
  ""type"": ""Point""
}",-83.0837906689999,42.3253745430001
15596,1425335,HORATIO,BRADEN,2018-07-15,15,7,2018,1,1,2,9,,,2,,1,1,5,25,2,2,0,5,0,0,0,0,true,false,false,false,true,false,false,false,false,false,true,false,false,false,false,false,false,false,false,false,false,false,-83.13029,42.33349,"{
  ""coordinates"": [
    -8.313029685799640e+01,
    4.233348751521470e+01
  ],
  ""type"": ""Point""
}","{
  ""coordinates"": [
    -83.130296858,
    42.333487515
  ],
  ""type"": ""Point""
}",-83.130296858,42.3334875150001
15597,1425364,WOODBINE,GRANDRIVER,2018-07-15,15,7,2018,1,1,98,3,,,0,,2,1,1,,1,2,0,5,0,0,0,0,true,false,false,false,true,false,false,false,false,false,false,false,false,false,false,false,false,false,false,false,false,false,-83.27875,42.42463,"{
  ""coordinates"": [
    -8.327874468289140e+01,
    4.242462744995360e+01
  ],
  ""type"": ""Point""
}","{
  ""coordinates"": [
    -83.278744683,
    42.42462745
  ],
  ""type"": ""Point""
}",-83.278744683,42.4246274500001
15598,1425380,MT ELLIOT,RICHARDSON,2018-07-15,15,7,2018,0,1,8,9,,4,0,Asphalt,1,1,4,35,2,2,3,4,0,0,0,2,false,false,false,false,false,false,false,false,false,false,false,false,false,false,false,false,false,false,false,false,false,false,-83.03745,42.39415,"{
  ""coordinates"": [
    -8.303744322060609e+01,
    4.239415048140700e+01
  ],
  ""type"": ""Point""
}","{
  ""coordinates"": [
    -83.037443221,
    42.394150481
  ],
  ""type"": ""Point""
}",-83.037443221,42.3941504810001
15599,1435175,S I 375,JEFFERSON,2018-07-15,15,7,2018,7,1,1,1,,1,1,Asphalt,1,1,1,55,2,1,2,3,0,0,2,0,false,false,false,false,false,false,false,false,false,true,false,false,false,false,false,false,false,false,false,true,false,false,-83.03858,42.33131,"{
  ""coordinates"": [
    -8.303858128244499e+01,
    4.233131573309300e+01
  ],
  ""type"": ""Point""
}","{
  ""coordinates"": [
    -83.038581282,
    42.331315733
  ],
  ""type"": ""Point""
}",-83.0385812819999,42.3313157330001
15600,1425372,HARPER,MCCLELLAN,2018-07-15,15,7,2018,0,1,4,9,,4,0,Asphalt,1,1,4,,2,2,1,5,0,0,0,0,true,false,true,false,true,false,false,false,false,false,false,false,false,false,false,false,false,false,false,false,false,false,-83.01031,42.39219,"{
  ""coordinates"": [
    -8.301031280253331e+01,
    4.239218484507040e+01
  ],
  ""type"": ""Point""
}","{
  ""coordinates"": [
    -83.010312803,
    42.392184845
  ],
  ""type"": ""Point""
}",-83.010312803,42.392184845
15601,1427035,RAMP 216I,I 94,2018-07-14,14,7,2018,11,7,5,1,,1,0,Concrete,1,1,1,55,3,2,3,5,0,0,0,0,true,false,false,false,false,false,false,false,false,false,false,false,false,false,true,false,false,false,false,false,false,false,-83.0622,42.36669,"{
  ""coordinates"": [
    -8.306220283296410e+01,
    4.236669334716330e+01
  ],
  ""type"": ""Point""
}","{
  ""coordinates"": [
    -83.062202833,
    42.366693347
  ],
  ""type"": ""Point""
}",-83.062202833,42.3666933470001
15602,1429623,I 75,MACK,2018-07-14,14,7,2018,23,7,5,1,,1,0,Concrete,1,1,4,55,4,2,2,4,0,0,0,1,false,false,false,false,false,false,false,false,false,false,false,false,false,false,false,false,false,false,false,true,false,false,-83.04734,42.35048,"{
  ""coordinates"": [
    -8.304734254702051e+01,
    4.235047690144680e+01
  ],
  ""type"": ""Point""
}","{
  ""coordinates"": [
    -83.047342547,
    42.350476901
  ],
  ""type"": ""Point""
}",-83.047342547,42.350476901
15603,1424256,LIVERNOIS,MACKENZIE,2018-07-14,14,7,2018,8,7,1,9,,4,1,Asphalt,1,1,3,35,5,1,4,3,0,0,1,2,false,false,false,false,false,false,false,false,false,false,false,false,false,false,true,false,false,false,false,false,false,false,-83.13829,42.3571,"{
  ""coordinates"": [
    -8.313829181756481e+01,
    4.235710206667830e+01
  ],
  ""type"": ""Point""
}","{
  ""coordinates"": [
    -83.138291818,
    42.357102067
  ],
  ""type"": ""Point""
}",-83.138291818,42.357102067
15604,1424294,VAN DYKE,FOREST,2018-07-14,14,7,2018,16,7,4,9,,4,0,Asphalt,1,1,1,30,2,2,5,4,0,0,0,3,false,false,true,true,false,false,false,false,false,false,false,false,false,false,false,false,false,false,false,false,false,false,-83.01111,42.37388,"{
  ""coordinates"": [
    -8.301110550251209e+01,
    4.237388404802930e+01
  ],
  ""type"": ""Point""
}","{
  ""coordinates"": [
    -83.011105503,
    42.373884048
  ],
  ""type"": ""Point""
}",-83.011105503,42.373884048
15605,1425331,MCGRAW,OGDEN,2018-07-14,14,7,2018,14,7,4,9,,4,0,Asphalt,1,1,1,30,5,2,2,5,0,0,0,0,true,false,false,false,false,false,false,false,false,false,false,true,false,false,false,false,false,false,false,false,false,false,-83.14827,42.33247,"{
  ""coordinates"": [
    -8.314827296016610e+01,
    4.233247228408520e+01
  ],
  ""type"": ""Point""
}","{
  ""coordinates"": [
    -83.14827296,
    42.332472284
  ],
  ""type"": ""Point""
}",-83.14827296,42.3324722840001
15606,1426220,CHICAGO,PREST,2018-07-14,14,7,2018,14,7,97,9,,4,0,Asphalt,1,1,1,35,2,2,2,5,0,0,0,0,true,false,true,false,false,false,false,false,false,false,false,false,false,true,false,false,false,false,false,false,false,false,-83.19623,42.36539,"{
  ""coordinates"": [
    -8.319623147774300e+01,
    4.236538891173660e+01
  ],
  ""type"": ""Point""
}","{
  ""coordinates"": [
    -83.196231478,
    42.365388912
  ],
  ""type"": ""Point""
}",-83.196231478,42.3653889120001
15607,1427995,I-75,I-94,2018-07-14,14,7,2018,14,7,5,1,,1,0,Asphalt,1,2,1,55,4,3,3,5,0,0,0,0,true,false,false,false,false,false,false,false,false,false,false,false,false,false,true,false,false,false,false,false,false,false,-83.05957,42.37207,"{
  ""coordinates"": [
    -8.305956717361720e+01,
    4.237207039145130e+01
  ],
  ""type"": ""Point""
}","{
  ""coordinates"": [
    -83.059567174,
    42.372070391
  ],
  ""type"": ""Point""
}",-83.0595671739999,42.3720703910001
15608,1435200,I-94,VAN DYKE,2018-07-14,14,7,2018,17,7,5,1,,1,0,Asphalt,1,2,1,55,3,2,5,5,0,0,0,0,true,false,false,false,false,false,false,false,false,false,false,false,false,false,false,false,false,false,false,false,false,false,-83.01843,42.38693,"{
  ""coordinates"": [
    -8.301843089402820e+01,
    4.238693399651210e+01
  ],
  ""type"": ""Point""
}","{
  ""coordinates"": [
    -83.018430894,
    42.386933997
  ],
  ""type"": ""Point""
}",-83.0184308939999,42.386933997
15609,1425351,EVERGREEN,WHITLOCK,2018-07-14,14,7,2018,18,7,4,9,,4,0,Asphalt,1,2,1,35,2,2,4,5,0,0,0,0,true,false,false,false,false,false,false,false,false,false,false,false,false,false,false,false,false,false,false,false,false,false,-83.23525,42.33949,"{
  ""coordinates"": [
    -8.323524885112960e+01,
    4.233949000125840e+01
  ],
  ""type"": ""Point""
}","{
  ""coordinates"": [
    -83.235248851,
    42.339490001
  ],
  ""type"": ""Point""
}",-83.2352488509999,42.3394900010001
15610,1430733,S M 39,7 MILE,2018-07-14,14,7,2018,13,7,5,3,,1,0,Concrete,1,1,1,55,3,2,3,4,0,0,0,3,false,false,false,false,false,false,false,false,false,false,false,false,false,false,false,false,false,false,false,false,false,false,-83.21942,42.43016,"{
  ""coordinates"": [
    -8.321942151547999e+01,
    4.243015788488800e+01
  ],
  ""type"": ""Point""
}","{
  ""coordinates"": [
    -83.219421515,
    42.430157885
  ],
  ""type"": ""Point""
}",-83.219421515,42.430157885
15611,1425305,N M 39,I 96 SERVICE DRIVE,2018-07-14,14,7,2018,23,7,8,3,,1,0,Asphalt,1,1,4,55,3,2,2,5,0,0,0,0,true,false,false,false,false,false,false,false,false,false,false,false,false,false,true,false,false,false,false,false,false,false,-83.21687,42.37809,"{
  ""coordinates"": [
    -8.321686709540749e+01,
    4.237808941145920e+01
  ],
  ""type"": ""Point""
}","{
  ""coordinates"": [
    -83.216867095,
    42.378089411
  ],
  ""type"": ""Point""
}",-83.2168670949999,42.3780894110001
15612,1427111,LIVERNOIS,EWALD,2018-07-14,14,7,2018,2,7,10,9,,4,0,Asphalt,1,1,4,30,4,2,3,5,0,0,0,0,true,false,false,false,false,false,false,false,false,false,false,false,false,false,false,false,false,false,false,false,false,false,-83.13966,42.39154,"{
  ""coordinates"": [
    -8.313965554654921e+01,
    4.239154011384960e+01
  ],
  ""type"": ""Point""
}","{
  ""coordinates"": [
    -83.139655547,
    42.391540114
  ],
  ""type"": ""Point""
}",-83.139655547,42.3915401140001
15613,1425314,N M 10,E I 94,2018-07-14,14,7,2018,23,7,5,3,,1,0,Concrete,1,1,4,55,4,2,6,5,0,0,0,0,true,false,false,false,false,false,false,false,false,false,true,false,false,false,false,false,false,false,false,false,false,false,-83.07592,42.35886,"{
  ""coordinates"": [
    -8.307591651475531e+01,
    4.235886531171730e+01
  ],
  ""type"": ""Point""
}","{
  ""coordinates"": [
    -83.075916515,
    42.358865312
  ],
  ""type"": ""Point""
}",-83.075916515,42.358865312
15614,1428039,I-75,TRUMBULL,2018-07-14,14,7,2018,18,7,5,9,,4,0,Asphalt,1,1,1,55,3,2,4,5,0,0,0,0,true,false,false,false,false,false,false,false,false,false,false,false,false,false,false,false,false,false,false,false,false,false,-83.07014,42.33335,"{
  ""coordinates"": [
    -8.307014197660050e+01,
    4.233335069683390e+01
  ],
  ""type"": ""Point""
}","{
  ""coordinates"": [
    -83.070141977,
    42.333350697
  ],
  ""type"": ""Point""
}",-83.0701419769999,42.3333506970001
15615,1424324,PARKSIDE,MIDLAND,2018-07-14,14,7,2018,2,7,97,9,,,0,,1,1,4,25,2,3,0,5,0,0,0,0,true,false,false,false,true,false,false,false,false,false,false,false,false,false,false,false,false,false,false,false,false,false,-83.13155,42.40688,"{
  ""coordinates"": [
    -8.313155491084810e+01,
    4.240687501457300e+01
  ],
  ""type"": ""Point""
}","{
  ""coordinates"": [
    -83.131554911,
    42.406875015
  ],
  ""type"": ""Point""
}",-83.131554911,42.406875015
15616,1424322,7 MILE,WOODWARD,2018-07-14,14,7,2018,17,7,8,3,,2,0,Asphalt,1,2,1,30,3,2,3,5,0,0,0,0,true,false,false,false,true,false,false,false,false,false,false,false,false,true,false,false,false,false,false,false,false,false,-83.11537,42.43212,"{
  ""coordinates"": [
    -8.311537162411931e+01,
    4.243211785072240e+01
  ],
  ""type"": ""Point""
}","{
  ""coordinates"": [
    -83.115371624,
    42.432117851
  ],
  ""type"": ""Point""
}",-83.115371624,42.432117851
15617,1429646,OUTER,AUBURN,2018-07-14,14,7,2018,21,7,4,9,,2,0,Asphalt,1,1,4,35,4,2,3,4,0,0,0,3,false,false,false,false,true,false,false,false,false,false,false,false,false,true,false,false,false,false,false,false,false,false,-83.23501,42.39816,"{
  ""coordinates"": [
    -8.323500744525830e+01,
    4.239815895068050e+01
  ],
  ""type"": ""Point""
}","{
  ""coordinates"": [
    -83.235007445,
    42.398158951
  ],
  ""type"": ""Point""
}",-83.235007445,42.398158951
15618,1427054,I 96,WARREN,2018-07-14,14,7,2018,13,7,8,1,,1,0,Asphalt,1,2,1,70,5,2,3,3,0,0,2,0,false,false,false,false,false,false,false,false,false,false,false,false,false,false,false,true,false,false,false,true,false,false,-83.09638,42.34605,"{
  ""coordinates"": [
    -8.309637868002130e+01,
    4.234604814183200e+01
  ],
  ""type"": ""Point""
}","{
  ""coordinates"": [
    -83.09637868,
    42.346048142
  ],
  ""type"": ""Point""
}",-83.09637868,42.346048142
15619,1424283,ACACIA,FAUST,2018-07-14,14,7,2018,7,7,5,9,,,0,,1,1,1,,2,2,0,5,0,0,0,0,true,false,false,false,true,false,false,false,false,false,false,false,false,false,false,false,false,false,false,false,false,false,-83.22229,42.39138,"{
  ""coordinates"": [
    -8.322228692307640e+01,
    4.239138503040070e+01
  ],
  ""type"": ""Point""
}","{
  ""coordinates"": [
    -83.222286923,
    42.39138503
  ],
  ""type"": ""Point""
}",-83.222286923,42.39138503