ObjectId,Crash ID,Primary Road,Intersecting Road,Crash Date,Day,Month,Year,Hour,Weekday,Crash Type Code,Highway Classification Code,Community Code,Jurisdiction Code,Lane Departure Type Code,Surface Type,Road Condition,Weather Condition,Lighting Condition,Speed Limit,Lanes,Units,Occupants,Most Severe Injury,Fatal Injuries,Suspected Serious Injuries,Suspected Minor Injuries,Possible Injuries,Property Damage Only,Secondary Crash,Traffic Control,Red Light Run,Hit and Run,Alcohol,Drugs,Unbelted Person,Work Zone,Speeding Driver,Distracted Driver,Driveway,Pedestrian,Elderly Driver,Young Driver,Commercial Vehicle,Emergency Vehicles,Train,School Bus,Motorcycle,Bicycle,Deer,Longitude,Latitude,geom,geog,x,y
15674,1428807,PAUL,MONTROSE,2018-07-13,13,7,2018,7,6,5,9,,4,0,Asphalt,1,1,2,25,2,2,1,5,0,0,0,0,true,false,false,false,true,false,false,false,false,false,false,false,false,true,false,false,false,false,false,false,false,false,-83.19844,42.33641,"{
  ""coordinates"": [
    -8.319843675201690e+01,
    4.233640527879260e+01
  ],
  ""type"": ""Point""
}","{
  ""coordinates"": [
    -83.198436752,
    42.336405279
  ],
  ""type"": ""Point""
}",-83.198436752,42.3364052790001
15675,1424300,KEELER,LAHSER,2018-07-13,13,7,2018,19,6,97,9,,,0,,1,1,1,25,2,4,15,4,0,0,0,2,false,false,true,false,false,false,false,false,false,false,false,false,false,true,true,false,false,false,false,false,false,false,-83.25672,42.4021,"{
  ""coordinates"": [
    -8.325672353610859e+01,
    4.240209692648160e+01
  ],
  ""type"": ""Point""
}","{
  ""coordinates"": [
    -83.256723536,
    42.402096926
  ],
  ""type"": ""Point""
}",-83.256723536,42.4020969260001
15676,1424254,6328 TUXEDO,LIVERNOIS,2018-07-13,13,7,2018,22,6,5,9,,,0,,1,1,4,25,2,2,0,5,0,0,0,0,true,false,false,false,false,false,false,false,false,false,false,false,false,false,false,false,false,false,false,false,false,false,-83.13878,42.37526,"{
  ""coordinates"": [
    -8.313877635209199e+01,
    4.237525893230410e+01
  ],
  ""type"": ""Point""
}","{
  ""coordinates"": [
    -83.138776352,
    42.375258932
  ],
  ""type"": ""Point""
}",-83.138776352,42.3752589320001
15677,1438037,MACK,MOROSS,2018-07-13,13,7,2018,23,6,4,9,,2,0,Concrete,1,1,4,35,3,2,2,3,0,0,1,0,false,false,false,false,false,true,false,false,false,false,false,false,false,true,false,false,false,false,false,false,false,false,-82.9108,42.41697,"{
  ""coordinates"": [
    -8.291080770013190e+01,
    4.241696857873030e+01
  ],
  ""type"": ""Point""
}","{
  ""coordinates"": [
    -82.9108077,
    42.416968579
  ],
  ""type"": ""Point""
}",-82.9108077,42.4169685790001
15678,1439435,MACK,JOHN R,2018-07-13,13,7,2018,15,6,5,9,,4,0,Asphalt,1,1,1,25,2,2,3,5,0,0,0,0,true,false,false,false,false,false,false,false,false,false,false,false,false,false,true,false,false,false,false,false,false,false,-83.05571,42.34834,"{
  ""coordinates"": [
    -8.305570911175080e+01,
    4.234833352696820e+01
  ],
  ""type"": ""Point""
}","{
  ""coordinates"": [
    -83.055709112,
    42.348333527
  ],
  ""type"": ""Point""
}",-83.055709112,42.3483335270001
15679,1427987,I-75,NEVADA,2018-07-13,13,7,2018,14,6,5,1,,1,0,Asphalt,1,1,1,70,4,2,2,5,0,0,0,0,true,false,false,false,false,false,false,false,false,false,false,false,false,false,false,false,false,false,false,false,false,false,-83.09283,42.42443,"{
  ""coordinates"": [
    -8.309282621547720e+01,
    4.242443472873630e+01
  ],
  ""type"": ""Point""
}","{
  ""coordinates"": [
    -83.092826215,
    42.424434729
  ],
  ""type"": ""Point""
}",-83.0928262149999,42.424434729
15680,1424327,MOUND,DAVISON,2018-07-13,13,7,2018,13,6,8,9,,2,0,Asphalt,1,1,1,35,2,2,2,5,0,0,0,0,true,false,false,false,true,false,false,false,false,false,false,false,false,false,false,false,false,false,false,false,false,false,-83.0432,42.42245,"{
  ""coordinates"": [
    -8.304319871247350e+01,
    4.242245318957150e+01
  ],
  ""type"": ""Point""
}","{
  ""coordinates"": [
    -83.043198712,
    42.42245319
  ],
  ""type"": ""Point""
}",-83.0431987119999,42.4224531900001
15681,1427050,I 75,CLAY,2018-07-13,13,7,2018,8,6,5,1,,1,0,Asphalt,1,1,1,55,3,2,2,4,0,0,0,1,false,false,false,false,false,false,false,false,false,false,false,false,false,false,false,false,false,false,false,false,false,false,-83.062,42.37748,"{
  ""coordinates"": [
    -8.306200663679050e+01,
    4.237748441723930e+01
  ],
  ""type"": ""Point""
}","{
  ""coordinates"": [
    -83.062006637,
    42.377484417
  ],
  ""type"": ""Point""
}",-83.062006637,42.3774844170001
15682,1428034,E I 96 CD,RAMP 135A,2018-07-13,13,7,2018,16,6,1,1,,1,1,Concrete,1,1,1,55,2,1,1,2,0,1,0,0,false,false,false,false,false,false,false,false,false,false,false,false,false,false,false,false,true,false,false,true,false,false,-83.2411,42.38373,"{
  ""coordinates"": [
    -8.324109692351171e+01,
    4.238373045188740e+01
  ],
  ""type"": ""Point""
}","{
  ""coordinates"": [
    -83.241096924,
    42.383730452
  ],
  ""type"": ""Point""
}",-83.241096924,42.3837304520001
15683,1424321,PIERSON,CAMBRIDGE,2018-07-13,13,7,2018,17,6,4,9,,,0,,1,1,1,25,2,2,4,5,0,0,0,0,true,false,false,false,false,false,false,false,false,false,false,false,false,false,true,false,false,false,false,false,false,false,-83.24743,42.43117,"{
  ""coordinates"": [
    -8.324742801492000e+01,
    4.243117174002860e+01
  ],
  ""type"": ""Point""
}","{
  ""coordinates"": [
    -83.247428015,
    42.43117174
  ],
  ""type"": ""Point""
}",-83.247428015,42.43117174
15684,1436992,7 MILE,EVERGREEN,2018-07-13,13,7,2018,18,6,5,9,,2,0,Asphalt,1,1,1,35,2,2,2,5,0,0,0,0,true,false,false,false,true,false,false,false,false,false,false,false,false,false,false,false,false,false,false,false,false,false,-83.23904,42.42957,"{
  ""coordinates"": [
    -8.323903785696839e+01,
    4.242956780818600e+01
  ],
  ""type"": ""Point""
}","{
  ""coordinates"": [
    -83.239037857,
    42.429567808
  ],
  ""type"": ""Point""
}",-83.239037857,42.4295678080001
15685,1424314,SAINT LOUIS,7 MILE,2018-07-13,13,7,2018,16,6,8,9,,,0,,1,1,1,35,1,2,3,5,0,0,0,0,true,false,false,false,false,false,false,false,false,false,false,false,false,false,false,false,false,false,false,false,false,false,-83.04035,42.4336,"{
  ""coordinates"": [
    -8.304035341170911e+01,
    4.243359972742160e+01
  ],
  ""type"": ""Point""
}","{
  ""coordinates"": [
    -83.040353412,
    42.433599727
  ],
  ""type"": ""Point""
}",-83.0403534119999,42.4335997270001
15686,1430759,I-94,CADIEUX,2018-07-13,13,7,2018,18,6,8,1,,1,0,Asphalt,1,1,1,55,3,2,2,5,0,0,0,0,true,false,false,false,true,false,false,false,false,false,false,false,false,false,false,false,false,false,false,false,false,false,-82.95155,42.40756,"{
  ""coordinates"": [
    -8.295154417268699e+01,
    4.240755725746190e+01
  ],
  ""type"": ""Point""
}","{
  ""coordinates"": [
    -82.951544173,
    42.407557257
  ],
  ""type"": ""Point""
}",-82.9515441729999,42.4075572570001
15687,1427041,I75,VERNOR,2018-07-13,13,7,2018,10,6,8,1,,1,0,Concrete,1,1,1,55,4,2,2,5,0,0,0,0,true,false,false,false,false,false,false,false,false,false,false,false,false,false,false,true,false,false,false,false,false,false,-83.13177,42.28994,"{
  ""coordinates"": [
    -8.313177297607170e+01,
    4.228994455012850e+01
  ],
  ""type"": ""Point""
}","{
  ""coordinates"": [
    -83.131772976,
    42.28994455
  ],
  ""type"": ""Point""
}",-83.131772976,42.28994455
15688,1424279,ARTESIAN,CHICAGO,2018-07-13,13,7,2018,23,6,5,9,,,0,,1,1,4,25,1,3,0,5,0,0,0,0,true,false,false,false,true,false,false,false,false,true,false,false,false,false,false,false,false,false,false,false,false,false,-83.22634,42.36514,"{
  ""coordinates"": [
    -8.322634157815681e+01,
    4.236513730290450e+01
  ],
  ""type"": ""Point""
}","{
  ""coordinates"": [
    -83.226341578,
    42.365137303
  ],
  ""type"": ""Point""
}",-83.226341578,42.365137303
15689,1424306,RUSSELL,MACK,2018-07-13,13,7,2018,15,6,5,9,,4,0,Asphalt,1,1,1,35,6,2,3,5,0,0,0,0,true,false,false,false,false,false,false,false,false,false,false,false,false,false,false,false,false,false,false,false,false,false,-83.04472,42.35262,"{
  ""coordinates"": [
    -8.304471798462070e+01,
    4.235262232196540e+01
  ],
  ""type"": ""Point""
}","{
  ""coordinates"": [
    -83.044717985,
    42.352622322
  ],
  ""type"": ""Point""
}",-83.044717985,42.3526223220001
15690,1428038,I-75,MCNICHOLS,2018-07-13,13,7,2018,19,6,5,1,,1,0,Asphalt,1,1,1,70,4,2,6,5,0,0,0,0,true,false,false,false,false,false,false,false,false,false,false,false,false,false,false,false,false,false,false,false,false,false,-83.08852,42.41917,"{
  ""coordinates"": [
    -8.308851747567800e+01,
    4.241917061647950e+01
  ],
  ""type"": ""Point""
}","{
  ""coordinates"": [
    -83.088517476,
    42.419170616
  ],
  ""type"": ""Point""
}",-83.0885174759999,42.419170616
15691,1425400,WOODWARD,WILLIS,2018-07-13,13,7,2018,21,6,5,3,,1,0,Asphalt,1,1,1,35,6,2,2,5,0,0,0,0,true,false,false,false,false,false,false,false,false,false,false,false,false,false,true,false,false,false,false,false,false,false,-83.06078,42.35172,"{
  ""coordinates"": [
    -8.306078552823520e+01,
    4.235172409066360e+01
  ],
  ""type"": ""Point""
}","{
  ""coordinates"": [
    -83.060785528,
    42.351724091
  ],
  ""type"": ""Point""
}",-83.0607855279999,42.3517240910001
15692,1424243,GRISWALD,CLIFFORD,2018-07-13,13,7,2018,17,6,4,9,,4,0,Asphalt,1,1,1,30,3,2,2,5,0,0,0,0,true,false,false,false,false,false,false,false,false,false,false,false,false,false,false,false,false,false,false,false,false,false,-83.05006,42.33463,"{
  ""coordinates"": [
    -8.305006431564560e+01,
    4.233462638619110e+01
  ],
  ""type"": ""Point""
}","{
  ""coordinates"": [
    -83.050064316,
    42.334626386
  ],
  ""type"": ""Point""
}",-83.050064316,42.334626386
15693,1426233,FREDERICK,BRUSH,2018-07-13,13,7,2018,14,6,10,9,,,0,,1,1,1,15,2,2,2,5,0,0,0,0,true,false,false,false,false,false,false,false,false,false,false,false,false,false,false,false,false,false,false,false,false,false,-83.06152,42.3609,"{
  ""coordinates"": [
    -8.306152140422290e+01,
    4.236089584304660e+01
  ],
  ""type"": ""Point""
}","{
  ""coordinates"": [
    -83.061521404,
    42.360895843
  ],
  ""type"": ""Point""
}",-83.061521404,42.360895843
15694,1424325,WYOMING,PURITAN,2018-07-13,13,7,2018,17,6,5,9,,4,0,Asphalt,1,1,1,30,2,2,1,5,0,0,0,0,true,false,false,false,true,false,false,false,false,false,false,false,false,false,false,false,false,false,false,false,false,false,-83.16,42.40978,"{
  ""coordinates"": [
    -8.316000685863430e+01,
    4.240978125402750e+01
  ],
  ""type"": ""Point""
}","{
  ""coordinates"": [
    -83.160006859,
    42.409781254
  ],
  ""type"": ""Point""
}",-83.160006859,42.4097812540001
15695,1455867,I-96,OUTER,2018-07-13,13,7,2018,17,6,5,1,,1,0,Concrete,1,1,1,55,3,4,5,4,0,0,0,2,false,false,false,false,true,false,false,false,false,false,false,false,false,false,false,false,false,false,false,false,false,false,-83.24184,42.3844,"{
  ""coordinates"": [
    -8.324184785107100e+01,
    4.238439854606320e+01
  ],
  ""type"": ""Point""
}","{
  ""coordinates"": [
    -83.241847851,
    42.384398546
  ],
  ""type"": ""Point""
}",-83.241847851,42.3843985460001
15696,1425355,MOUNT ELLIOTT,W I 94,2018-07-13,13,7,2018,7,6,9,9,,4,0,Asphalt,1,1,1,25,2,2,2,5,0,0,0,0,true,false,false,false,false,false,false,false,false,false,false,false,false,false,false,false,false,false,false,false,false,false,-83.03381,42.37923,"{
  ""coordinates"": [
    -8.303381479770930e+01,
    4.237923536640170e+01
  ],
  ""type"": ""Point""
}","{
  ""coordinates"": [
    -83.033814798,
    42.379235366
  ],
  ""type"": ""Point""
}",-83.033814798,42.379235366
15697,1424253,MEYERS,SCHOOLCRAFT,2018-07-13,13,7,2018,20,6,97,9,,4,0,Asphalt,1,1,1,35,4,2,1,5,0,0,0,0,true,false,false,false,true,false,false,false,false,false,false,false,false,false,false,false,false,false,false,false,false,false,-83.16872,42.38828,"{
  ""coordinates"": [
    -8.316872235500639e+01,
    4.238827389606820e+01
  ],
  ""type"": ""Point""
}","{
  ""coordinates"": [
    -83.168722355,
    42.388273896
  ],
  ""type"": ""Point""
}",-83.1687223549999,42.388273896
15698,1438537,FARMER,JOHN R,2018-07-13,13,7,2018,11,6,10,9,,4,0,Asphalt,1,1,1,25,1,2,1,5,0,0,0,0,true,false,false,false,false,false,false,false,false,false,false,false,false,false,false,false,false,false,false,false,false,false,-83.04852,42.3352,"{
  ""coordinates"": [
    -8.304852264828619e+01,
    4.233519741249320e+01
  ],
  ""type"": ""Point""
}","{
  ""coordinates"": [
    -83.048522648,
    42.335197412
  ],
  ""type"": ""Point""
}",-83.048522648,42.3351974120001
15699,1436924,I-94,CECIL,2018-07-13,13,7,2018,10,6,5,1,,1,0,Asphalt,1,1,1,55,3,3,3,5,0,0,0,0,true,false,false,false,true,false,false,false,false,false,false,false,false,false,false,true,false,false,false,false,false,false,-83.13432,42.33375,"{
  ""coordinates"": [
    -8.313431765228449e+01,
    4.233374959162700e+01
  ],
  ""type"": ""Point""
}","{
  ""coordinates"": [
    -83.134317652,
    42.333749592
  ],
  ""type"": ""Point""
}",-83.1343176519999,42.3337495920001
15700,1440521,I 94,SCOTTEN,2018-07-13,13,7,2018,14,6,97,1,,1,0,Asphalt,1,1,1,55,3,2,3,5,0,0,0,0,true,false,false,false,false,false,false,false,false,false,false,false,false,false,false,true,false,false,false,false,false,false,-83.1117,42.34547,"{
  ""coordinates"": [
    -8.311170066345331e+01,
    4.234546628594620e+01
  ],
  ""type"": ""Point""
}","{
  ""coordinates"": [
    -83.111700663,
    42.345466286
  ],
  ""type"": ""Point""
}",-83.111700663,42.345466286
15701,1423062,AVON,7 MILE,2018-07-13,13,7,2018,0,6,5,9,,,0,,1,1,4,25,2,2,0,5,0,0,0,0,true,false,false,false,true,false,false,false,false,false,false,false,false,false,false,false,false,false,false,false,false,false,-83.22659,42.4307,"{
  ""coordinates"": [
    -8.322658263395179e+01,
    4.243070318742870e+01
  ],
  ""type"": ""Point""
}","{
  ""coordinates"": [
    -83.226582634,
    42.430703187
  ],
  ""type"": ""Point""
}",-83.226582634,42.4307031870001
15702,1424292,BURNS,GRATIOT,2018-07-13,13,7,2018,15,6,5,3,,4,0,Asphalt,1,1,1,35,2,2,2,3,0,0,1,1,false,true,false,false,false,false,false,false,false,false,true,false,false,false,false,false,false,false,false,false,false,false,-83.01108,42.38429,"{
  ""coordinates"": [
    -8.301107571061470e+01,
    4.238428832404120e+01
  ],
  ""type"": ""Point""
}","{
  ""coordinates"": [
    -83.011075711,
    42.384288324
  ],
  ""type"": ""Point""
}",-83.011075711,42.3842883240001
15703,1425339,LIVERNOIS,CLAYTON,2018-07-13,13,7,2018,16,6,8,9,,4,0,Asphalt,1,1,1,25,2,2,1,5,0,0,0,0,true,false,false,false,true,false,false,false,false,false,false,false,false,false,false,false,false,false,false,false,false,false,-83.11873,42.3289,"{
  ""coordinates"": [
    -8.311872934884140e+01,
    4.232889370446180e+01
  ],
  ""type"": ""Point""
}","{
  ""coordinates"": [
    -83.118729349,
    42.328893704
  ],
  ""type"": ""Point""
}",-83.118729349,42.3288937040001
15704,1485549,GRAND RIVER,PIERSON,2018-07-13,13,7,2018,21,6,97,3,,1,0,Asphalt,1,1,4,30,3,3,5,4,0,0,0,1,false,false,false,false,false,false,false,false,false,false,false,false,false,false,true,false,false,false,false,false,false,false,-83.24647,42.41204,"{
  ""coordinates"": [
    -8.324646588661450e+01,
    4.241203621373020e+01
  ],
  ""type"": ""Point""
}","{
  ""coordinates"": [
    -83.246465887,
    42.412036214
  ],
  ""type"": ""Point""
}",-83.2464658869999,42.4120362140001
15705,1481354,HUBBELL,7 MILE,2018-07-13,13,7,2018,20,6,97,9,,4,0,Asphalt,1,1,3,35,5,3,3,3,0,0,1,3,false,false,false,false,false,false,false,false,false,true,false,false,false,false,false,false,false,false,false,false,false,false,-83.18992,42.43075,"{
  ""coordinates"": [
    -8.318992191420161e+01,
    4.243074623024800e+01
  ],
  ""type"": ""Point""
}","{
  ""coordinates"": [
    -83.189921914,
    42.43074623
  ],
  ""type"": ""Point""
}",-83.189921914,42.4307462300001
15706,1477033,FORRER,EATON,2018-07-13,13,7,2018,17,6,5,9,,,0,,1,1,1,25,2,2,1,2,0,1,0,0,false,false,false,false,false,true,false,true,false,false,false,false,false,false,false,false,false,false,false,false,false,false,-83.20134,42.39635,"{
  ""coordinates"": [
    -8.320133725744000e+01,
    4.239634550596140e+01
  ],
  ""type"": ""Point""
}","{
  ""coordinates"": [
    -83.201337257,
    42.396345506
  ],
  ""type"": ""Point""
}",-83.201337257,42.396345506
15707,1424250,ROBSON,CHALFONTE,2018-07-13,13,7,2018,15,6,97,9,,,3,,1,1,1,25,2,2,0,5,0,0,0,0,true,false,false,false,true,false,false,false,false,false,false,false,false,false,false,false,false,false,false,false,false,false,-83.19277,42.39908,"{
  ""coordinates"": [
    -8.319277271317010e+01,
    4.239907961562830e+01
  ],
  ""type"": ""Point""
}","{
  ""coordinates"": [
    -83.192772713,
    42.399079616
  ],
  ""type"": ""Point""
}",-83.192772713,42.3990796160001
15708,1424275,IRON,JEFFERSON,2018-07-13,13,7,2018,14,6,5,9,,,0,,1,1,1,,3,2,0,5,0,0,0,0,true,false,false,false,true,false,false,false,false,false,false,false,false,false,false,false,false,false,false,false,false,false,-83.00917,42.34404,"{
  ""coordinates"": [
    -8.300917428132060e+01,
    4.234403744326510e+01
  ],
  ""type"": ""Point""
}","{
  ""coordinates"": [
    -83.009174281,
    42.344037443
  ],
  ""type"": ""Point""
}",-83.009174281,42.344037443
15709,1428052,TIREMAN,OAKMAN,2018-07-13,13,7,2018,16,6,4,9,,2,0,Asphalt,1,1,1,30,4,2,3,5,0,0,0,0,true,false,false,false,false,false,false,false,false,false,false,false,false,true,true,false,false,false,false,false,false,false,-83.16983,42.35144,"{
  ""coordinates"": [
    -8.316983231817790e+01,
    4.235144325475300e+01
  ],
  ""type"": ""Point""
}","{
  ""coordinates"": [
    -83.169832318,
    42.351443255
  ],
  ""type"": ""Point""
}",-83.169832318,42.351443255
15710,1424299,EATON,PIEDMONT,2018-07-13,13,7,2018,15,6,4,9,,,0,,1,1,1,25,2,2,1,5,0,0,0,0,true,false,false,false,true,false,false,false,false,false,false,false,false,false,false,false,false,false,false,false,false,false,-83.23019,42.39589,"{
  ""coordinates"": [
    -8.323018932009759e+01,
    4.239588461668170e+01
  ],
  ""type"": ""Point""
}","{
  ""coordinates"": [
    -83.23018932,
    42.395884617
  ],
  ""type"": ""Point""
}",-83.23018932,42.395884617
15711,1426228,GRAND,W I 94,2018-07-13,13,7,2018,16,6,4,9,,4,0,Concrete,1,1,1,35,3,2,1,4,0,0,0,1,false,false,false,false,true,false,false,false,false,false,false,false,false,false,false,false,false,false,false,false,false,false,-83.10918,42.34693,"{
  ""coordinates"": [
    -8.310917851266341e+01,
    4.234693134397360e+01
  ],
  ""type"": ""Point""
}","{
  ""coordinates"": [
    -83.109178513,
    42.346931344
  ],
  ""type"": ""Point""
}",-83.109178513,42.346931344
15712,1424298,17616 GRANDVILLE,CURTIS,2018-07-13,13,7,2018,9,6,5,9,,,0,,1,1,1,25,2,2,3,4,0,0,0,2,false,false,false,false,false,false,false,false,false,false,true,false,false,false,false,false,false,false,false,false,false,false,-83.23194,42.42255,"{
  ""coordinates"": [
    -8.323193921256700e+01,
    4.242254690847870e+01
  ],
  ""type"": ""Point""
}","{
  ""coordinates"": [
    -83.231939213,
    42.422546908
  ],
  ""type"": ""Point""
}",-83.231939213,42.4225469080001
15713,1424255,E I 96 CD,CSX TRANSPORTATION,2018-07-13,13,7,2018,23,6,1,1,,1,1,Concrete,1,1,4,55,3,1,3,3,0,0,1,0,false,false,false,false,false,false,false,false,false,false,false,false,false,false,false,false,false,false,false,false,false,false,-83.18914,42.37992,"{
  ""coordinates"": [
    -8.318914252279301e+01,
    4.237992598594120e+01
  ],
  ""type"": ""Point""
}","{
  ""coordinates"": [
    -83.189142523,
    42.379925986
  ],
  ""type"": ""Point""
}",-83.189142523,42.379925986
15714,1424302,8 MILE,TELEGRAPH,2018-07-13,13,7,2018,20,6,5,3,,1,0,Concrete,1,1,1,45,4,2,2,5,0,0,0,0,true,false,false,false,false,false,false,false,false,false,false,false,false,true,false,false,false,false,false,false,false,false,-83.27832,42.44274,"{
  ""coordinates"": [
    -8.327832196525090e+01,
    4.244273919197690e+01
  ],
  ""type"": ""Point""
}","{
  ""coordinates"": [
    -83.278321965,
    42.442739192
  ],
  ""type"": ""Point""
}",-83.278321965,42.442739192
15715,1425332,CLIFFORD,GRISWOLD,2018-07-13,13,7,2018,17,6,8,9,,4,0,Asphalt,1,1,1,30,4,2,2,5,0,0,0,0,true,false,false,false,true,false,false,false,false,false,false,false,false,false,false,false,false,false,false,false,false,false,-83.05011,42.33467,"{
  ""coordinates"": [
    -8.305011019982020e+01,
    4.233466932864130e+01
  ],
  ""type"": ""Point""
}","{
  ""coordinates"": [
    -83.0501102,
    42.334669329
  ],
  ""type"": ""Point""
}",-83.0501101999999,42.3346693290001
15716,1424297,SOUTHFIELD,HESSEL,2018-07-13,13,7,2018,14,6,8,3,,5,0,Asphalt,1,1,1,25,1,2,1,5,0,0,0,0,true,false,false,false,false,false,false,false,false,false,false,false,false,false,false,true,true,false,false,false,false,false,-83.2195,42.44247,"{
  ""coordinates"": [
    -8.321949433196480e+01,
    4.244247496833940e+01
  ],
  ""type"": ""Point""
}","{
  ""coordinates"": [
    -83.219494332,
    42.442474968
  ],
  ""type"": ""Point""
}",-83.219494332,42.4424749680001
15717,1439799,8 MILE,WOODWARD,2018-07-12,12,7,2018,23,5,4,3,,1,0,Asphalt,1,1,4,35,3,2,2,5,0,0,0,0,true,false,true,true,false,false,false,false,false,false,false,false,false,false,false,false,false,false,false,false,false,false,-83.12485,42.44651,"{
  ""coordinates"": [
    -8.312485085937180e+01,
    4.244650631830190e+01
  ],
  ""type"": ""Point""
}","{
  ""coordinates"": [
    -83.124850859,
    42.446506318
  ],
  ""type"": ""Point""
}",-83.1248508589999,42.446506318
15718,1423082,RYAN,OUTER,2018-07-12,12,7,2018,18,5,1,9,,4,0,Asphalt,1,1,1,30,2,2,2,5,0,0,0,0,true,false,false,false,false,false,false,false,false,false,false,false,false,false,false,false,false,false,false,false,true,false,-83.06356,42.44043,"{
  ""coordinates"": [
    -8.306356020780881e+01,
    4.244043181441520e+01
  ],
  ""type"": ""Point""
}","{
  ""coordinates"": [
    -83.063560208,
    42.440431814
  ],
  ""type"": ""Point""
}",-83.063560208,42.4404318140001
15719,1424304,LANSDOWNE,CASINO,2018-07-12,12,7,2018,22,5,9,9,,,0,,2,4,5,35,1,2,0,5,0,0,0,0,true,false,false,false,true,false,false,false,false,false,true,false,false,false,false,false,false,false,false,false,false,false,-82.94968,42.42828,"{
  ""coordinates"": [
    -8.294967852425521e+01,
    4.242827832015420e+01
  ],
  ""type"": ""Point""
}","{
  ""coordinates"": [
    -82.949678524,
    42.42827832
  ],
  ""type"": ""Point""
}",-82.949678524,42.4282783200001
15720,1426232,CASS,PUTNAM,2018-07-12,12,7,2018,18,5,8,9,,4,0,Asphalt,1,1,1,25,2,2,2,5,0,0,0,0,true,false,false,false,true,false,false,false,true,false,false,false,false,false,false,false,false,false,false,false,false,false,-83.0672,42.35694,"{
  ""coordinates"": [
    -8.306720179468461e+01,
    4.235693704166190e+01
  ],
  ""type"": ""Point""
}","{
  ""coordinates"": [
    -83.067201795,
    42.356937042
  ],
  ""type"": ""Point""
}",-83.067201795,42.356937042
15721,1424286,SAINT AUBIN,LAFAYETTE,2018-07-12,12,7,2018,19,5,1,9,,4,0,Asphalt,1,1,1,30,4,2,2,5,0,0,0,0,true,false,false,false,false,false,false,false,false,false,false,false,false,false,false,false,false,false,false,false,true,false,-83.02979,42.33915,"{
  ""coordinates"": [
    -8.302979153550800e+01,
    4.233915150552600e+01
  ],
  ""type"": ""Point""
}","{
  ""coordinates"": [
    -83.029791536,
    42.339151506
  ],
  ""type"": ""Point""
}",-83.0297915359999,42.3391515060001
15722,1426209,W I 96,WARREN,2018-07-12,12,7,2018,0,5,5,1,,1,0,Asphalt,1,1,4,55,3,2,2,2,0,1,1,0,false,false,false,false,false,false,false,false,false,false,false,false,false,false,false,false,false,false,false,true,false,false,-83.09662,42.34644,"{
  ""coordinates"": [
    -8.309661792770120e+01,
    4.234644499066430e+01
  ],
  ""type"": ""Point""
}","{
  ""coordinates"": [
    -83.096617928,
    42.346444991
  ],
  ""type"": ""Point""
}",-83.0966179279999,42.3464449910001
15723,1422077,CHICAGO,MENDOTA,2018-07-12,12,7,2018,0,5,4,9,,4,0,Asphalt,1,1,4,,2,2,3,5,0,0,0,0,true,false,false,false,false,false,false,false,false,false,false,false,false,false,true,false,false,false,false,false,false,false,-83.16435,42.36607,"{
  ""coordinates"": [
    -8.316435084878160e+01,
    4.236607042258850e+01
  ],
  ""type"": ""Point""
}","{
  ""coordinates"": [
    -83.164350849,
    42.366070423
  ],
  ""type"": ""Point""
}",-83.164350849,42.3660704230001
15724,1423037,FORT,DEARBORN,2018-07-12,12,7,2018,17,5,8,3,,1,0,Asphalt,1,1,1,35,4,2,2,5,0,0,0,0,true,false,false,false,false,false,false,false,false,false,false,false,false,false,false,false,false,false,false,false,false,false,-83.1369,42.29349,"{
  ""coordinates"": [
    -8.313689915720360e+01,
    4.229349214145320e+01
  ],
  ""type"": ""Point""
}","{
  ""coordinates"": [
    -83.136899157,
    42.293492141
  ],
  ""type"": ""Point""
}",-83.136899157,42.2934921410001
15725,1423067,WESTPHALIA,BRINGARD,2018-07-12,12,7,2018,9,5,1,9,,,1,,1,1,1,25,1,1,2,5,0,0,0,0,true,false,false,false,false,false,false,false,false,false,true,false,false,false,false,false,false,false,false,false,false,false,-82.99284,42.44571,"{
  ""coordinates"": [
    -8.299283228287470e+01,
    4.244571122467820e+01
  ],
  ""type"": ""Point""
}","{
  ""coordinates"": [
    -82.992832283,
    42.445711225
  ],
  ""type"": ""Point""
}",-82.992832283,42.445711225
15726,1424288,VAN DYKE,CHARLEVOIX,2018-07-12,12,7,2018,19,5,5,9,,4,0,Asphalt,1,1,1,35,2,2,4,4,0,0,0,3,false,false,false,false,true,false,false,false,false,false,false,false,false,false,false,false,false,false,false,false,false,false,-83.00319,42.36293,"{
  ""coordinates"": [
    -8.300318639494020e+01,
    4.236292777054200e+01
  ],
  ""type"": ""Point""
}","{
  ""coordinates"": [
    -83.003186395,
    42.362927771
  ],
  ""type"": ""Point""
}",-83.0031863949999,42.362927771
15727,1429655,CONLEY,ROBINWOOD,2018-07-12,12,7,2018,19,5,97,9,,,0,,1,1,1,,1,2,2,4,0,0,0,1,false,false,false,false,false,false,false,false,false,false,false,false,true,false,true,false,false,false,false,false,false,false,-83.05222,42.43156,"{
  ""coordinates"": [
    -8.305222572961090e+01,
    4.243155831049910e+01
  ],
  ""type"": ""Point""
}","{
  ""coordinates"": [
    -83.05222573,
    42.43155831
  ],
  ""type"": ""Point""
}",-83.05222573,42.4315583100001