ObjectId,Crash ID,Primary Road,Intersecting Road,Crash Date,Day,Month,Year,Hour,Weekday,Crash Type Code,Highway Classification Code,Community Code,Jurisdiction Code,Lane Departure Type Code,Surface Type,Road Condition,Weather Condition,Lighting Condition,Speed Limit,Lanes,Units,Occupants,Most Severe Injury,Fatal Injuries,Suspected Serious Injuries,Suspected Minor Injuries,Possible Injuries,Property Damage Only,Secondary Crash,Traffic Control,Red Light Run,Hit and Run,Alcohol,Drugs,Unbelted Person,Work Zone,Speeding Driver,Distracted Driver,Driveway,Pedestrian,Elderly Driver,Young Driver,Commercial Vehicle,Emergency Vehicles,Train,School Bus,Motorcycle,Bicycle,Deer,Longitude,Latitude,geom,geog,x,y
15837,1422109,7 MILE,SHAWASSEE,2018-07-10,10,7,2018,15,3,4,9,,2,0,Asphalt,1,1,1,35,4,2,1,5,0,0,0,0,true,false,false,false,true,false,false,false,true,false,false,false,false,true,false,false,false,false,false,false,false,false,-83.27274,42.42906,"{
  ""coordinates"": [
    -8.327273203102850e+01,
    4.242906119268730e+01
  ],
  ""type"": ""Point""
}","{
  ""coordinates"": [
    -83.272732031,
    42.429061193
  ],
  ""type"": ""Point""
}",-83.272732031,42.4290611930001
15838,1422082,ANTHONY WAYNE,KIRBY,2018-07-10,10,7,2018,18,3,8,9,,4,0,Asphalt,1,1,1,25,2,2,4,5,0,0,0,0,true,false,false,false,false,false,false,false,false,false,false,false,false,false,false,false,false,false,false,false,false,false,-83.07244,42.3569,"{
  ""coordinates"": [
    -8.307244087814109e+01,
    4.235689459191650e+01
  ],
  ""type"": ""Point""
}","{
  ""coordinates"": [
    -83.072440878,
    42.356894592
  ],
  ""type"": ""Point""
}",-83.072440878,42.3568945920001
15839,1421218,GRAND RIVER,LIVERNOIS,2018-07-10,10,7,2018,15,3,5,3,,1,0,Asphalt,1,1,1,35,7,2,1,5,0,0,0,0,true,false,false,false,true,false,false,false,false,false,false,false,false,false,false,false,false,false,false,false,false,false,-83.13873,42.36864,"{
  ""coordinates"": [
    -8.313873288498800e+01,
    4.236863687299020e+01
  ],
  ""type"": ""Point""
}","{
  ""coordinates"": [
    -83.138732885,
    42.368636873
  ],
  ""type"": ""Point""
}",-83.138732885,42.3686368730001
15840,1422127,MCNICHOLS,BIRWOOD,2018-07-10,10,7,2018,18,3,97,9,,2,0,Asphalt,1,1,1,35,4,3,1,5,0,0,0,0,true,false,false,false,false,false,false,false,false,false,false,false,false,false,false,false,false,false,false,false,false,false,-83.16429,42.41682,"{
  ""coordinates"": [
    -8.316428863794729e+01,
    4.241682001298970e+01
  ],
  ""type"": ""Point""
}","{
  ""coordinates"": [
    -83.164288638,
    42.416820013
  ],
  ""type"": ""Point""
}",-83.164288638,42.4168200130001
15841,1423052,OUTER,SCHAEFER,2018-07-10,10,7,2018,22,3,5,9,,2,0,Asphalt,1,1,4,35,4,2,2,5,0,0,0,0,true,true,false,false,true,false,false,false,false,false,false,false,false,false,false,false,false,false,false,false,false,false,-83.18,42.4201,"{
  ""coordinates"": [
    -8.317999914283540e+01,
    4.242010603765980e+01
  ],
  ""type"": ""Point""
}","{
  ""coordinates"": [
    -83.179999143,
    42.420106038
  ],
  ""type"": ""Point""
}",-83.179999143,42.420106038
15842,1422032,I-75,MEADE,2018-07-10,10,7,2018,13,3,8,1,,1,0,Asphalt,1,1,1,70,3,2,2,5,0,0,0,0,true,false,false,false,false,false,false,false,false,true,false,false,false,false,false,false,false,false,false,false,false,false,-83.07395,42.40523,"{
  ""coordinates"": [
    -8.307394907345351e+01,
    4.240523213374220e+01
  ],
  ""type"": ""Point""
}","{
  ""coordinates"": [
    -83.073949073,
    42.405232134
  ],
  ""type"": ""Point""
}",-83.0739490729999,42.4052321340001
15843,1423048,EVERGREEN,PAUL,2018-07-10,10,7,2018,17,3,8,9,,4,0,Asphalt,1,1,1,30,2,3,1,5,0,0,0,0,true,false,false,false,false,false,false,false,false,false,false,false,false,false,false,false,false,false,false,false,false,false,-83.23514,42.33665,"{
  ""coordinates"": [
    -8.323513735300000e+01,
    4.233665269536430e+01
  ],
  ""type"": ""Point""
}","{
  ""coordinates"": [
    -83.235137353,
    42.336652695
  ],
  ""type"": ""Point""
}",-83.235137353,42.3366526950001
15844,1421212,HAYES,CARLISLE,2018-07-10,10,7,2018,17,3,5,9,,4,0,Asphalt,1,1,1,30,2,2,2,5,0,0,0,0,true,false,false,false,true,false,false,false,false,false,false,false,false,true,false,false,false,false,false,false,false,false,-82.96606,42.44902,"{
  ""coordinates"": [
    -8.296605927153260e+01,
    4.244901996524770e+01
  ],
  ""type"": ""Point""
}","{
  ""coordinates"": [
    -82.966059272,
    42.449019965
  ],
  ""type"": ""Point""
}",-82.9660592719999,42.449019965
15845,1422033,W I 94,GRAND,2018-07-10,10,7,2018,14,3,8,1,,1,0,Asphalt,1,1,1,55,3,2,1,5,0,0,0,0,true,false,false,false,true,false,false,false,false,false,false,false,false,false,false,false,false,false,false,false,false,false,-83.10912,42.3471,"{
  ""coordinates"": [
    -8.310911894166250e+01,
    4.234709976669510e+01
  ],
  ""type"": ""Point""
}","{
  ""coordinates"": [
    -83.109118942,
    42.347099767
  ],
  ""type"": ""Point""
}",-83.109118942,42.347099767
15846,1422123,CLARITA,LESURE,2018-07-10,10,7,2018,19,3,9,9,,,0,,1,1,1,,2,2,0,5,0,0,0,0,true,false,false,false,true,false,false,false,false,false,false,false,false,false,false,false,false,false,false,false,false,false,-83.1826,42.4292,"{
  ""coordinates"": [
    -8.318260321752230e+01,
    4.242920360309720e+01
  ],
  ""type"": ""Point""
}","{
  ""coordinates"": [
    -83.182603218,
    42.429203603
  ],
  ""type"": ""Point""
}",-83.1826032179999,42.4292036030001
15847,1421226,CURTIS,STEEL,2018-07-10,10,7,2018,20,3,4,9,,4,0,Asphalt,1,1,1,30,2,2,1,5,0,0,0,0,true,false,false,false,true,false,false,false,false,false,false,false,false,false,false,false,false,false,false,false,false,false,-83.17272,42.42396,"{
  ""coordinates"": [
    -8.317271980135170e+01,
    4.242395808438070e+01
  ],
  ""type"": ""Point""
}","{
  ""coordinates"": [
    -83.172719801,
    42.423958084
  ],
  ""type"": ""Point""
}",-83.172719801,42.423958084
15848,1421202,LIVERNOIS,VERNOR,2018-07-10,10,7,2018,16,3,5,9,,4,0,Asphalt,1,1,1,30,2,2,3,5,0,0,0,0,true,false,false,false,false,false,false,false,false,false,true,false,false,false,false,false,false,false,false,false,false,false,-83.10999,42.31578,"{
  ""coordinates"": [
    -8.310999268518370e+01,
    4.231577665933950e+01
  ],
  ""type"": ""Point""
}","{
  ""coordinates"": [
    -83.109992685,
    42.315776659
  ],
  ""type"": ""Point""
}",-83.109992685,42.3157766590001
15849,1422083,ANTHONY WAYNE,KIRBY,2018-07-10,10,7,2018,19,3,5,9,,4,0,Asphalt,1,1,1,30,2,2,2,5,0,0,0,0,true,false,false,false,false,false,false,false,false,false,true,false,false,false,false,false,false,false,false,false,false,false,-83.07321,42.35777,"{
  ""coordinates"": [
    -8.307320998935739e+01,
    4.235776870494260e+01
  ],
  ""type"": ""Point""
}","{
  ""coordinates"": [
    -83.073209989,
    42.357768705
  ],
  ""type"": ""Point""
}",-83.073209989,42.3577687050001
15850,1422096,BILTMORE,FLORENCE,2018-07-10,10,7,2018,18,3,2,9,,,2,,1,1,1,25,2,2,0,5,0,0,0,0,true,false,false,false,true,false,false,false,false,false,false,false,false,false,false,false,false,false,false,false,false,false,-83.21078,42.41022,"{
  ""coordinates"": [
    -8.321077448048260e+01,
    4.241021915015310e+01
  ],
  ""type"": ""Point""
}","{
  ""coordinates"": [
    -83.21077448,
    42.41021915
  ],
  ""type"": ""Point""
}",-83.2107744799999,42.41021915
15851,1421221,OUTER,MOUND,2018-07-10,10,7,2018,12,3,8,9,,2,0,Asphalt,1,1,1,45,3,2,2,4,0,0,0,1,false,false,false,false,true,false,false,false,false,false,false,false,false,false,false,false,false,false,false,false,false,false,-83.0437,42.44072,"{
  ""coordinates"": [
    -8.304370087217420e+01,
    4.244072333977790e+01
  ],
  ""type"": ""Point""
}","{
  ""coordinates"": [
    -83.043700872,
    42.44072334
  ],
  ""type"": ""Point""
}",-83.043700872,42.44072334
15852,1423032,HUBBELL,PURITAN,2018-07-10,10,7,2018,19,3,8,9,,4,0,Asphalt,1,1,1,30,2,2,1,2,0,1,0,0,false,false,false,false,false,false,false,false,false,false,false,false,false,false,false,false,false,false,false,false,false,false,-83.18922,42.40893,"{
  ""coordinates"": [
    -8.318922673512310e+01,
    4.240892732916240e+01
  ],
  ""type"": ""Point""
}","{
  ""coordinates"": [
    -83.189226735,
    42.408927329
  ],
  ""type"": ""Point""
}",-83.189226735,42.4089273290001
15853,1422080,FLORENCE,SCHAEFER,2018-07-10,10,7,2018,17,3,8,9,,,0,,1,1,1,25,2,2,2,5,0,0,0,0,true,false,false,false,false,false,false,false,false,false,false,true,false,false,false,false,false,false,false,false,false,false,-83.17941,42.4118,"{
  ""coordinates"": [
    -8.317940503905750e+01,
    4.241180331706520e+01
  ],
  ""type"": ""Point""
}","{
  ""coordinates"": [
    -83.179405039,
    42.411803317
  ],
  ""type"": ""Point""
}",-83.179405039,42.4118033170001
15854,1422046,M 10,HOWARD,2018-07-10,10,7,2018,17,3,5,3,,1,0,Asphalt,1,1,1,55,3,2,2,5,0,0,0,0,true,false,false,false,false,false,false,false,false,false,false,false,false,false,false,false,false,false,false,false,false,false,-83.05792,42.32876,"{
  ""coordinates"": [
    -8.305792187211300e+01,
    4.232876335222390e+01
  ],
  ""type"": ""Point""
}","{
  ""coordinates"": [
    -83.057921872,
    42.328763352
  ],
  ""type"": ""Point""
}",-83.057921872,42.3287633520001
15855,1422085,WATERMAN,REGULAR,2018-07-10,10,7,2018,12,3,4,9,,4,0,Asphalt,1,1,1,25,2,2,2,5,0,0,0,0,true,false,false,false,true,false,false,false,false,false,false,false,false,false,false,false,false,false,false,false,false,false,-83.1124,42.31008,"{
  ""coordinates"": [
    -8.311239999347690e+01,
    4.231007584122770e+01
  ],
  ""type"": ""Point""
}","{
  ""coordinates"": [
    -83.112399993,
    42.310075841
  ],
  ""type"": ""Point""
}",-83.1123999929999,42.3100758410001
15856,1421207,JEFFERSON,COPLIN,2018-07-10,10,7,2018,20,3,3,9,,4,0,Asphalt,1,1,4,30,5,2,5,5,0,0,0,0,true,false,false,false,false,false,false,false,false,false,false,false,false,false,true,false,false,false,false,false,false,false,-82.9493,42.37094,"{
  ""coordinates"": [
    -8.294929747778180e+01,
    4.237094210970510e+01
  ],
  ""type"": ""Point""
}","{
  ""coordinates"": [
    -82.949297478,
    42.37094211
  ],
  ""type"": ""Point""
}",-82.9492974779999,42.37094211
15857,1421222,MOUND,CHARLES,2018-07-10,10,7,2018,16,3,4,9,,2,0,Asphalt,1,1,1,35,2,2,1,4,0,0,0,1,false,false,false,false,true,false,false,false,false,false,false,false,false,false,false,false,false,false,false,false,false,false,-83.04235,42.4119,"{
  ""coordinates"": [
    -8.304235441229480e+01,
    4.241189459231950e+01
  ],
  ""type"": ""Point""
}","{
  ""coordinates"": [
    -83.042354412,
    42.411894592
  ],
  ""type"": ""Point""
}",-83.042354412,42.4118945920001
15858,1422068,I-94,MT ELLIOT,2018-07-10,10,7,2018,12,3,5,1,,1,0,Asphalt,1,2,1,55,3,3,2,5,0,0,0,0,true,false,false,false,true,false,false,false,false,false,false,false,false,true,false,false,false,false,false,false,false,false,-83.03809,42.37746,"{
  ""coordinates"": [
    -8.303809717767859e+01,
    4.237746525459830e+01
  ],
  ""type"": ""Point""
}","{
  ""coordinates"": [
    -83.038097178,
    42.377465255
  ],
  ""type"": ""Point""
}",-83.038097178,42.3774652550001
15859,1421213,HOOVER,STATE FAIR,2018-07-10,10,7,2018,17,3,4,3,,1,0,Asphalt,1,1,1,35,2,2,3,5,0,0,0,0,true,false,true,true,true,false,false,false,false,false,false,false,false,false,false,false,false,false,false,false,false,false,-83.00497,42.44168,"{
  ""coordinates"": [
    -8.300496332503680e+01,
    4.244168140571720e+01
  ],
  ""type"": ""Point""
}","{
  ""coordinates"": [
    -83.004963325,
    42.441681406
  ],
  ""type"": ""Point""
}",-83.0049633249999,42.441681406
15860,1421211,HAMBURG,7 MILE,2018-07-10,10,7,2018,15,3,8,9,,,0,,1,1,1,25,1,2,1,5,0,0,0,0,true,false,false,false,true,false,false,false,false,false,false,false,false,false,false,false,false,false,false,false,false,false,-82.99729,42.43472,"{
  ""coordinates"": [
    -8.299729513400580e+01,
    4.243471744241430e+01
  ],
  ""type"": ""Point""
}","{
  ""coordinates"": [
    -82.997295134,
    42.434717442
  ],
  ""type"": ""Point""
}",-82.997295134,42.4347174420001
15861,1422110,ANNCHESTER,SANTA MARIA,2018-07-10,10,7,2018,16,3,4,9,,,0,,1,1,1,25,2,2,3,4,0,0,0,1,false,false,false,false,false,false,false,false,false,false,false,false,false,false,false,false,false,false,false,false,false,false,-83.23505,42.41731,"{
  ""coordinates"": [
    -8.323504374750280e+01,
    4.241730730408530e+01
  ],
  ""type"": ""Point""
}","{
  ""coordinates"": [
    -83.235043748,
    42.417307304
  ],
  ""type"": ""Point""
}",-83.235043748,42.4173073040001
15862,1421223,FENKELL,MEYERS,2018-07-10,10,7,2018,15,3,3,9,,2,0,Asphalt,1,1,1,25,2,2,3,4,0,0,0,1,false,false,false,false,false,false,false,false,false,false,false,false,false,true,false,false,false,false,false,false,false,false,-83.1694,42.40223,"{
  ""coordinates"": [
    -8.316940170851809e+01,
    4.240222940666750e+01
  ],
  ""type"": ""Point""
}","{
  ""coordinates"": [
    -83.169401709,
    42.402229407
  ],
  ""type"": ""Point""
}",-83.1694017089999,42.402229407
15863,1421203,PENNSYLVANIA,GRATIOT,2018-07-10,10,7,2018,15,3,8,3,,,0,,1,1,1,25,2,2,4,5,0,0,0,0,true,false,false,false,false,false,false,false,false,false,false,false,false,false,false,false,true,false,false,false,false,false,-83.00529,42.39277,"{
  ""coordinates"": [
    -8.300529770764800e+01,
    4.239277008864350e+01
  ],
  ""type"": ""Point""
}","{
  ""coordinates"": [
    -83.005297708,
    42.392770089
  ],
  ""type"": ""Point""
}",-83.0052977079999,42.3927700890001
15864,1422075,M 39,PURITAN,2018-07-10,10,7,2018,16,3,5,3,,1,0,Asphalt,1,1,1,55,3,3,3,5,0,0,0,0,true,false,false,false,false,false,false,false,false,false,true,false,false,false,true,false,false,false,false,false,false,false,-83.21871,42.40827,"{
  ""coordinates"": [
    -8.321870871834849e+01,
    4.240826920119000e+01
  ],
  ""type"": ""Point""
}","{
  ""coordinates"": [
    -83.218708718,
    42.408269201
  ],
  ""type"": ""Point""
}",-83.218708718,42.4082692010001
15865,1421224,MEYERS,7 MILE,2018-07-10,10,7,2018,13,3,5,9,,4,3,Asphalt,1,1,1,30,2,2,0,5,0,0,0,0,true,false,false,false,true,false,false,false,false,false,false,false,false,false,false,false,false,false,false,false,false,false,-83.17068,42.43069,"{
  ""coordinates"": [
    -8.317067638961571e+01,
    4.243069404493070e+01
  ],
  ""type"": ""Point""
}","{
  ""coordinates"": [
    -83.17067639,
    42.430694045
  ],
  ""type"": ""Point""
}",-83.17067639,42.4306940450001
15866,1423070,STURTEVANT,LIVERNOIS,2018-07-10,10,7,2018,17,3,8,9,,,3,,1,1,1,25,2,2,0,5,0,0,0,0,true,false,false,false,false,false,false,false,false,false,false,false,false,false,false,false,false,false,false,false,false,false,-83.13905,42.37986,"{
  ""coordinates"": [
    -8.313904379267120e+01,
    4.237985893333000e+01
  ],
  ""type"": ""Point""
}","{
  ""coordinates"": [
    -83.139043793,
    42.379858933
  ],
  ""type"": ""Point""
}",-83.139043793,42.379858933
15867,1421225,7 MILE,MEYERS,2018-07-10,10,7,2018,14,3,4,9,,2,0,Asphalt,1,1,1,30,4,2,5,5,0,0,0,0,true,true,false,false,false,false,false,false,false,false,true,false,false,false,true,false,false,false,false,false,false,false,-83.17073,42.43125,"{
  ""coordinates"": [
    -8.317072766373040e+01,
    4.243124854472730e+01
  ],
  ""type"": ""Point""
}","{
  ""coordinates"": [
    -83.170727664,
    42.431248545
  ],
  ""type"": ""Point""
}",-83.170727664,42.4312485450001
15868,1424271,BUCKINGHAM,WARREN,2018-07-10,10,7,2018,23,3,1,9,,,0,,1,1,4,35,4,2,0,4,0,0,0,1,false,false,false,false,true,false,false,false,false,false,false,false,true,false,false,false,false,false,false,false,false,false,-82.94398,42.40119,"{
  ""coordinates"": [
    -8.294398482906350e+01,
    4.240119304957090e+01
  ],
  ""type"": ""Point""
}","{
  ""coordinates"": [
    -82.943984829,
    42.40119305
  ],
  ""type"": ""Point""
}",-82.943984829,42.4011930500001
15869,1426216,JEFFERSON,MCDOUGALL,2018-07-10,10,7,2018,7,3,5,3,,1,0,Concrete,1,1,1,25,3,3,3,4,0,0,0,2,false,false,false,false,false,false,false,true,false,false,false,false,false,true,true,false,false,false,false,false,false,false,-83.0816,42.36691,"{
  ""coordinates"": [
    -8.308159488051780e+01,
    4.236690995213700e+01
  ],
  ""type"": ""Point""
}","{
  ""coordinates"": [
    -83.081594881,
    42.366909952
  ],
  ""type"": ""Point""
}",-83.0815948809999,42.3669099520001
15870,1422105,MCNICHOLS,HARLOW,2018-07-10,10,7,2018,14,3,4,9,,2,0,Asphalt,1,1,1,35,4,2,1,5,0,0,0,0,true,false,false,false,true,false,false,false,false,false,false,false,false,true,false,false,false,false,false,false,false,false,-83.21565,42.41562,"{
  ""coordinates"": [
    -8.321565249668819e+01,
    4.241562064995220e+01
  ],
  ""type"": ""Point""
}","{
  ""coordinates"": [
    -83.215652497,
    42.41562065
  ],
  ""type"": ""Point""
}",-83.215652497,42.4156206500001
15871,1420995,WYOMING,OUTER,2018-07-10,10,7,2018,9,3,8,9,,4,0,Asphalt,1,1,1,30,2,2,2,4,0,0,0,1,false,false,false,false,false,false,false,false,false,false,false,false,false,false,true,false,true,false,false,true,false,false,-83.16111,42.43485,"{
  ""coordinates"": [
    -8.316110651143561e+01,
    4.243485221550920e+01
  ],
  ""type"": ""Point""
}","{
  ""coordinates"": [
    -83.161106511,
    42.434852216
  ],
  ""type"": ""Point""
}",-83.161106511,42.434852216
15872,1497137,COLLINGWOOD,QUINCY,2018-07-10,10,7,2018,9,3,4,9,,,0,,1,1,1,25,2,2,3,4,0,0,0,2,false,false,false,false,false,false,false,false,false,false,false,false,false,false,false,false,false,false,false,false,false,false,-83.12572,42.37565,"{
  ""coordinates"": [
    -8.312571836929040e+01,
    4.237565174698000e+01
  ],
  ""type"": ""Point""
}","{
  ""coordinates"": [
    -83.125718369,
    42.375651747
  ],
  ""type"": ""Point""
}",-83.125718369,42.3756517470001
15873,1422119,MOUND,STOCKTON,2018-07-10,10,7,2018,17,3,7,9,,2,0,Asphalt,1,1,1,35,2,2,1,5,0,0,0,0,true,false,false,false,true,false,false,false,false,false,false,false,false,true,false,false,false,false,false,false,false,false,-83.04312,42.42784,"{
  ""coordinates"": [
    -8.304312466782740e+01,
    4.242783661522550e+01
  ],
  ""type"": ""Point""
}","{
  ""coordinates"": [
    -83.043124668,
    42.427836615
  ],
  ""type"": ""Point""
}",-83.043124668,42.427836615
15874,1430718,M-10,MCNICHOLS,2018-07-10,10,7,2018,3,3,1,3,,1,1,Concrete,2,1,4,55,3,1,1,5,0,0,0,0,true,false,false,false,false,true,false,false,false,true,false,false,false,false,false,false,false,false,false,false,false,false,-83.16928,42.41367,"{
  ""coordinates"": [
    -8.316928134446761e+01,
    4.241366866564160e+01
  ],
  ""type"": ""Point""
}","{
  ""coordinates"": [
    -83.169281344,
    42.413668666
  ],
  ""type"": ""Point""
}",-83.169281344,42.413668666
15875,1422087,LAFAYETTE,HELEN,2018-07-10,10,7,2018,20,3,4,9,,4,0,Asphalt,1,1,1,25,2,2,7,3,0,0,2,0,false,false,false,false,false,false,false,false,false,false,false,false,false,true,false,false,false,false,false,false,false,false,-83.00523,42.34988,"{
  ""coordinates"": [
    -8.300523183693350e+01,
    4.234987944104570e+01
  ],
  ""type"": ""Point""
}","{
  ""coordinates"": [
    -83.005231837,
    42.349879441
  ],
  ""type"": ""Point""
}",-83.0052318369999,42.349879441
15876,1424273,CHANDLER PARK,CADIEUX,2018-07-10,10,7,2018,11,3,4,9,,2,0,Asphalt,1,1,1,35,6,2,1,5,0,0,0,0,true,false,false,false,true,false,false,false,false,false,false,false,false,false,false,false,false,false,false,false,false,false,-82.93301,42.41092,"{
  ""coordinates"": [
    -8.293300478037560e+01,
    4.241092435972690e+01
  ],
  ""type"": ""Point""
}","{
  ""coordinates"": [
    -82.93300478,
    42.41092436
  ],
  ""type"": ""Point""
}",-82.93300478,42.4109243600001
15877,1432555,8 MILE,DEQUINDRE,2018-07-10,10,7,2018,13,3,5,3,,1,0,Asphalt,1,1,1,,2,2,1,5,0,0,0,0,true,true,false,false,false,false,false,false,false,false,false,false,false,false,false,false,false,false,false,false,false,false,-83.08302,42.44703,"{
  ""coordinates"": [
    -8.308301487874419e+01,
    4.244702557917090e+01
  ],
  ""type"": ""Point""
}","{
  ""coordinates"": [
    -83.083014879,
    42.447025579
  ],
  ""type"": ""Point""
}",-83.083014879,42.4470255790001
15878,1422088,MCDOUGALL,JEFFERSON,2018-07-10,10,7,2018,19,3,1,9,,4,0,Asphalt,1,1,1,35,5,2,2,3,0,0,1,0,false,false,false,false,false,false,false,false,false,false,false,false,false,true,false,false,false,false,false,false,true,false,-83.01638,42.341,"{
  ""coordinates"": [
    -8.301637672526000e+01,
    4.234100373362850e+01
  ],
  ""type"": ""Point""
}","{
  ""coordinates"": [
    -83.016376725,
    42.341003734
  ],
  ""type"": ""Point""
}",-83.016376725,42.341003734
15879,1426251,VERNOR,BELLEVUE,2018-07-10,10,7,2018,12,3,4,9,,4,0,Asphalt,1,1,1,30,3,2,4,4,0,0,0,3,false,false,true,false,false,false,false,false,false,false,true,false,false,false,false,false,false,false,false,false,false,false,-83.01334,42.3561,"{
  ""coordinates"": [
    -8.301334685690151e+01,
    4.235609659094480e+01
  ],
  ""type"": ""Point""
}","{
  ""coordinates"": [
    -83.013346857,
    42.356096591
  ],
  ""type"": ""Point""
}",-83.013346857,42.356096591
15880,1592361,GREENFIELD,S M 10,2018-07-10,10,7,2018,15,3,3,7,,1,0,Asphalt,1,1,1,30,5,2,5,3,0,0,1,1,false,false,false,false,false,false,false,false,false,false,false,false,false,true,false,false,false,false,false,false,false,false,-83.20039,42.44227,"{
  ""coordinates"": [
    -8.320038251153980e+01,
    4.244227086799340e+01
  ],
  ""type"": ""Point""
}","{
  ""coordinates"": [
    -83.200382512,
    42.442270868
  ],
  ""type"": ""Point""
}",-83.200382512,42.442270868
15881,1428010,I 75,CANFIELD,2018-07-10,10,7,2018,22,3,8,1,,1,0,Concrete,1,1,4,55,3,2,3,3,0,0,1,0,false,false,false,false,false,false,false,false,false,false,false,false,false,false,false,false,false,false,false,false,false,false,-83.05096,42.35589,"{
  ""coordinates"": [
    -8.305095421103250e+01,
    4.235589355808730e+01
  ],
  ""type"": ""Point""
}","{
  ""coordinates"": [
    -83.050954211,
    42.355893558
  ],
  ""type"": ""Point""
}",-83.050954211,42.355893558
15882,1435564,E I 94,S HARPER/N I 94,2018-07-10,10,7,2018,9,3,5,1,,1,0,Asphalt,1,1,1,55,3,2,2,5,0,0,0,0,true,false,false,false,false,false,false,false,false,false,false,false,false,false,false,false,false,false,false,false,false,false,-82.9276,42.42584,"{
  ""coordinates"": [
    -8.292760095201270e+01,
    4.242584052043210e+01
  ],
  ""type"": ""Point""
}","{
  ""coordinates"": [
    -82.927600952,
    42.42584052
  ],
  ""type"": ""Point""
}",-82.927600952,42.4258405200001
15883,1427927,E/B I-696,LIVERNOIS,2018-07-10,10,7,2018,9,3,8,1,,1,0,Asphalt,1,1,1,70,3,2,1,5,0,0,0,0,true,false,false,false,false,false,false,false,false,false,false,false,false,false,false,false,false,false,false,false,false,false,-83.13859,42.36711,"{
  ""coordinates"": [
    -8.313858917632960e+01,
    4.236710750050250e+01
  ],
  ""type"": ""Point""
}","{
  ""coordinates"": [
    -83.138589176,
    42.367107501
  ],
  ""type"": ""Point""
}",-83.138589176,42.3671075010001
15884,1430879,7 MILE,HANNA,2018-07-10,10,7,2018,3,3,1,9,,4,0,Asphalt,1,1,4,,2,1,1,5,0,0,0,0,true,false,false,false,true,false,false,false,false,false,false,false,false,false,false,false,false,false,false,false,false,false,-83.08974,42.43266,"{
  ""coordinates"": [
    -8.308973744956150e+01,
    4.243266306169160e+01
  ],
  ""type"": ""Point""
}","{
  ""coordinates"": [
    -83.08973745,
    42.432663062
  ],
  ""type"": ""Point""
}",-83.08973745,42.4326630620001
15885,1420248,SEWARD,JOHN C,2018-07-10,10,7,2018,1,3,8,9,,,0,,1,1,4,25,2,3,2,5,0,0,0,0,true,false,false,false,false,false,false,false,false,false,false,false,false,false,false,false,false,false,false,false,false,false,-83.08634,42.37152,"{
  ""coordinates"": [
    -8.308634565073370e+01,
    4.237152512760140e+01
  ],
  ""type"": ""Point""
}","{
  ""coordinates"": [
    -83.086345651,
    42.371525128
  ],
  ""type"": ""Point""
}",-83.086345651,42.371525128
15886,1428819,RADEMACHER,CADET,2018-07-10,10,7,2018,7,3,8,9,,,0,,1,1,1,25,2,2,3,5,0,0,0,0,true,false,false,false,false,false,false,false,false,false,false,false,false,false,false,false,false,false,true,false,false,false,-83.11249,42.31247,"{
  ""coordinates"": [
    -8.311248440594829e+01,
    4.231247018403740e+01
  ],
  ""type"": ""Point""
}","{
  ""coordinates"": [
    -83.112484406,
    42.312470184
  ],
  ""type"": ""Point""
}",-83.112484406,42.3124701840001
15887,1422047,W I 96,CSX TRANSPORTATION,2018-07-10,10,7,2018,18,3,8,1,,1,0,Concrete,1,1,1,55,3,2,2,5,0,0,0,0,true,false,false,false,false,false,false,false,false,false,false,false,false,true,false,false,false,false,false,false,false,false,-83.19236,42.37934,"{
  ""coordinates"": [
    -8.319235662850640e+01,
    4.237933905162540e+01
  ],
  ""type"": ""Point""
}","{
  ""coordinates"": [
    -83.192356629,
    42.379339052
  ],
  ""type"": ""Point""
}",-83.192356629,42.379339052
15888,1425405,HANCOCK,WOODWARD,2018-07-10,10,7,2018,15,3,8,9,,,0,,1,1,1,30,2,2,2,5,0,0,0,0,true,false,false,false,false,false,false,false,false,false,false,false,false,false,true,false,false,false,false,false,false,false,-83.06466,42.35537,"{
  ""coordinates"": [
    -8.306466145160751e+01,
    4.235536997159030e+01
  ],
  ""type"": ""Point""
}","{
  ""coordinates"": [
    -83.064661452,
    42.355369972
  ],
  ""type"": ""Point""
}",-83.0646614519999,42.3553699720001
15889,1422107,18711 GILCHRIST,CLARITA,2018-07-10,10,7,2018,12,3,97,9,,,0,,1,1,1,25,1,2,1,5,0,0,0,0,true,false,false,false,false,false,false,false,false,false,false,false,false,false,false,false,false,false,false,false,false,false,-83.21265,42.42839,"{
  ""coordinates"": [
    -8.321265371295959e+01,
    4.242839232043040e+01
  ],
  ""type"": ""Point""
}","{
  ""coordinates"": [
    -83.212653713,
    42.42839232
  ],
  ""type"": ""Point""
}",-83.212653713,42.4283923200001
15890,1427086,GRAND,TOLEDO,2018-07-09,9,7,2018,12,2,97,9,,4,0,Concrete,1,1,1,25,2,1,1,4,0,0,0,1,false,false,false,false,false,false,false,false,false,false,false,false,false,false,false,true,false,false,false,false,false,false,-83.09216,42.32689,"{
  ""coordinates"": [
    -8.309216640985210e+01,
    4.232688530790640e+01
  ],
  ""type"": ""Point""
}","{
  ""coordinates"": [
    -83.09216641,
    42.326885308
  ],
  ""type"": ""Point""
}",-83.0921664099999,42.326885308