ObjectId,Crash ID,Primary Road,Intersecting Road,Crash Date,Day,Month,Year,Hour,Weekday,Crash Type Code,Highway Classification Code,Community Code,Jurisdiction Code,Lane Departure Type Code,Surface Type,Road Condition,Weather Condition,Lighting Condition,Speed Limit,Lanes,Units,Occupants,Most Severe Injury,Fatal Injuries,Suspected Serious Injuries,Suspected Minor Injuries,Possible Injuries,Property Damage Only,Secondary Crash,Traffic Control,Red Light Run,Hit and Run,Alcohol,Drugs,Unbelted Person,Work Zone,Speeding Driver,Distracted Driver,Driveway,Pedestrian,Elderly Driver,Young Driver,Commercial Vehicle,Emergency Vehicles,Train,School Bus,Motorcycle,Bicycle,Deer,Longitude,Latitude,geom,geog,x,y
16055,1420262,FORT,POWELL,2018-07-07,7,7,2018,8,7,4,3,,1,0,Asphalt,1,1,1,35,4,2,2,2,0,1,1,0,false,false,false,false,false,false,false,false,false,true,false,true,false,false,false,false,false,false,false,false,false,false,-83.1448,42.28846,"{
  ""coordinates"": [
    -8.314479934398260e+01,
    4.228845902681440e+01
  ],
  ""type"": ""Point""
}","{
  ""coordinates"": [
    -83.144799344,
    42.288459027
  ],
  ""type"": ""Point""
}",-83.144799344,42.288459027
16056,1420195,CONNER,CHANDLER PARK,2018-07-07,7,7,2018,16,7,5,9,,4,0,Asphalt,1,1,1,35,5,2,3,5,0,0,0,0,true,false,false,false,false,false,false,false,false,true,false,false,false,false,false,false,false,false,false,false,false,false,-82.98318,42.39292,"{
  ""coordinates"": [
    -8.298317746089030e+01,
    4.239291864497840e+01
  ],
  ""type"": ""Point""
}","{
  ""coordinates"": [
    -82.983177461,
    42.392918645
  ],
  ""type"": ""Point""
}",-82.983177461,42.3929186450001
16057,1418403,7 MILE,HAYES,2018-07-07,7,7,2018,0,7,4,9,,2,0,Asphalt,1,1,4,35,2,2,2,5,0,0,0,0,true,false,false,false,false,false,false,false,false,false,false,false,false,false,false,false,false,false,false,false,false,false,-82.96474,42.43544,"{
  ""coordinates"": [
    -8.296473570132900e+01,
    4.243544535309840e+01
  ],
  ""type"": ""Point""
}","{
  ""coordinates"": [
    -82.964735701,
    42.435445353
  ],
  ""type"": ""Point""
}",-82.9647357009999,42.435445353
16058,1419404,WADE,CHALMERS,2018-07-07,7,7,2018,21,7,4,9,,,0,,1,1,1,30,4,2,3,4,0,0,0,2,false,true,false,false,false,false,false,false,false,false,false,false,false,false,false,false,false,false,false,false,false,false,-82.96652,42.4079,"{
  ""coordinates"": [
    -8.296652165245020e+01,
    4.240789732903810e+01
  ],
  ""type"": ""Point""
}","{
  ""coordinates"": [
    -82.966521652,
    42.407897329
  ],
  ""type"": ""Point""
}",-82.966521652,42.407897329
16059,1420236,WEBB,HAMILTON,2018-07-07,7,7,2018,15,7,8,9,,4,3,Asphalt,1,1,1,25,2,2,2,5,0,0,0,0,true,false,false,false,true,false,false,false,false,false,false,false,false,false,false,false,false,false,false,false,false,false,-83.09708,42.3895,"{
  ""coordinates"": [
    -8.309707575213540e+01,
    4.238949623454660e+01
  ],
  ""type"": ""Point""
}","{
  ""coordinates"": [
    -83.097075752,
    42.389496235
  ],
  ""type"": ""Point""
}",-83.097075752,42.3894962350001
16060,1422017,I-75,7 MILE,2018-07-07,7,7,2018,13,7,5,1,,1,0,Asphalt,1,1,1,70,3,2,1,5,0,0,0,0,true,false,false,false,true,false,false,false,false,false,false,false,false,false,false,false,false,false,false,false,false,false,-83.095,42.43385,"{
  ""coordinates"": [
    -8.309500216276059e+01,
    4.243384692245020e+01
  ],
  ""type"": ""Point""
}","{
  ""coordinates"": [
    -83.095002163,
    42.433846922
  ],
  ""type"": ""Point""
}",-83.0950021629999,42.433846922
16061,1418337,GREENFIELD,EATON,2018-07-07,7,7,2018,2,7,97,9,,2,0,Asphalt,1,1,4,35,4,2,1,5,0,0,0,0,true,false,false,false,false,true,true,false,false,false,false,false,false,false,false,false,false,false,false,false,false,false,-83.19856,42.39751,"{
  ""coordinates"": [
    -8.319856444242940e+01,
    4.239751033108500e+01
  ],
  ""type"": ""Point""
}","{
  ""coordinates"": [
    -83.198564442,
    42.397510331
  ],
  ""type"": ""Point""
}",-83.198564442,42.397510331
16062,1419422,CONANT,CHARLES,2018-07-07,7,7,2018,18,7,3,9,,4,0,Asphalt,1,1,1,35,2,2,1,5,0,0,0,0,true,false,false,false,true,false,false,false,false,false,false,false,false,true,false,false,false,false,false,false,false,false,-83.05898,42.41181,"{
  ""coordinates"": [
    -8.305898076513930e+01,
    4.241180729546980e+01
  ],
  ""type"": ""Point""
}","{
  ""coordinates"": [
    -83.058980765,
    42.411807295
  ],
  ""type"": ""Point""
}",-83.0589807649999,42.4118072950001
16063,1419390,GRATIOT,VAN DYKE,2018-07-07,7,7,2018,20,7,8,3,,1,0,Asphalt,1,1,3,35,7,2,7,5,0,0,0,0,true,false,false,false,false,false,false,false,false,false,false,false,false,false,false,false,false,false,false,false,false,false,-83.01464,42.3789,"{
  ""coordinates"": [
    -8.301463729692460e+01,
    4.237889968732010e+01
  ],
  ""type"": ""Point""
}","{
  ""coordinates"": [
    -83.014637297,
    42.378899687
  ],
  ""type"": ""Point""
}",-83.014637297,42.3788996870001
16064,1420201,COPE,FOREST,2018-07-07,7,7,2018,1,7,5,9,,,3,,1,1,5,25,2,3,0,5,0,0,0,0,true,false,false,false,true,false,false,false,false,false,false,false,false,false,false,false,false,false,false,false,false,false,-82.97134,42.389,"{
  ""coordinates"": [
    -8.297134143668410e+01,
    4.238900232031480e+01
  ],
  ""type"": ""Point""
}","{
  ""coordinates"": [
    -82.971341437,
    42.38900232
  ],
  ""type"": ""Point""
}",-82.971341437,42.38900232
16065,1421188,N I 75,SCHAEFER,2018-07-07,7,7,2018,4,7,5,1,,1,3,Concrete,1,1,4,70,3,3,2,4,0,0,0,2,false,false,false,false,false,false,false,false,false,false,false,false,false,false,false,true,false,false,false,false,false,false,-83.15595,42.27725,"{
  ""coordinates"": [
    -8.315595322934961e+01,
    4.227724928750840e+01
  ],
  ""type"": ""Point""
}","{
  ""coordinates"": [
    -83.155953229,
    42.277249288
  ],
  ""type"": ""Point""
}",-83.155953229,42.2772492880001
16066,1419401,GRAND RIVER,TELEGRAPH,2018-07-07,7,7,2018,4,7,4,3,,1,0,Asphalt,1,1,4,,5,2,3,4,0,0,0,2,false,false,true,true,false,false,false,false,false,false,false,false,false,false,false,false,false,false,false,false,false,false,-83.27743,42.42458,"{
  ""coordinates"": [
    -8.327742437826380e+01,
    4.242457676920780e+01
  ],
  ""type"": ""Point""
}","{
  ""coordinates"": [
    -83.277424378,
    42.424576769
  ],
  ""type"": ""Point""
}",-83.277424378,42.4245767690001
16067,1422100,MCNICHOLS,EDINBOROUGH,2018-07-07,7,7,2018,16,7,4,9,,2,0,Asphalt,1,1,1,,2,2,2,5,0,0,0,0,true,false,true,true,false,false,false,false,false,false,false,false,false,true,false,false,false,false,false,false,false,false,-83.23452,42.41525,"{
  ""coordinates"": [
    -8.323451835862420e+01,
    4.241524408195200e+01
  ],
  ""type"": ""Point""
}","{
  ""coordinates"": [
    -83.234518359,
    42.415244082
  ],
  ""type"": ""Point""
}",-83.2345183589999,42.4152440820001
16068,1420191,HEYDEN,PICKFORD,2018-07-07,7,7,2018,20,7,98,9,,,0,,1,1,3,25,4,2,0,5,0,0,0,0,true,false,false,false,true,false,false,false,false,false,false,false,false,false,false,false,false,false,false,false,false,false,-83.24055,42.4245,"{
  ""coordinates"": [
    -8.324054387859159e+01,
    4.242449780367100e+01
  ],
  ""type"": ""Point""
}","{
  ""coordinates"": [
    -83.240543879,
    42.424497804
  ],
  ""type"": ""Point""
}",-83.240543879,42.4244978040001
16069,1455894,MCNICHOLS,FENMORE,2018-07-07,7,7,2018,16,7,1,9,,2,1,Asphalt,1,1,1,35,4,1,0,5,0,0,0,0,true,false,false,false,true,false,false,false,false,false,false,false,false,false,false,false,false,false,false,false,false,false,-83.21767,42.41558,"{
  ""coordinates"": [
    -8.321766606196979e+01,
    4.241557838172230e+01
  ],
  ""type"": ""Point""
}","{
  ""coordinates"": [
    -83.217666062,
    42.415578382
  ],
  ""type"": ""Point""
}",-83.217666062,42.415578382
16070,1464844,WARREN,ABINGTON,2018-07-07,7,7,2018,17,7,5,9,,2,0,Asphalt,1,1,1,35,4,2,3,4,0,0,0,1,false,false,false,false,false,false,false,false,false,false,false,false,false,false,false,false,false,false,false,false,false,false,-83.20967,42.34348,"{
  ""coordinates"": [
    -8.320966795525069e+01,
    4.234347520084630e+01
  ],
  ""type"": ""Point""
}","{
  ""coordinates"": [
    -83.209667955,
    42.343475201
  ],
  ""type"": ""Point""
}",-83.209667955,42.343475201
16071,1418401,MORANG,MCKINNEY,2018-07-07,7,7,2018,15,7,6,9,,4,0,Asphalt,1,1,1,35,2,2,4,5,0,0,0,0,true,false,false,false,false,false,false,false,false,false,false,false,false,false,true,false,false,false,false,false,false,false,-82.94161,42.4227,"{
  ""coordinates"": [
    -8.294161126919870e+01,
    4.242269387175630e+01
  ],
  ""type"": ""Point""
}","{
  ""coordinates"": [
    -82.941611269,
    42.422693872
  ],
  ""type"": ""Point""
}",-82.941611269,42.422693872
16072,1418335,GREENFIELD,FLORENCE,2018-07-07,7,7,2018,15,7,3,9,,2,0,Asphalt,1,1,1,35,4,2,2,5,0,0,0,0,true,false,false,false,false,false,false,false,false,false,false,false,false,false,true,false,false,false,false,false,false,false,-83.1991,42.41082,"{
  ""coordinates"": [
    -8.319910311777330e+01,
    4.241082251253180e+01
  ],
  ""type"": ""Point""
}","{
  ""coordinates"": [
    -83.199103118,
    42.410822513
  ],
  ""type"": ""Point""
}",-83.199103118,42.410822513
16073,1421209,AGNES,PARKER,2018-07-07,7,7,2018,12,7,97,9,,,0,,1,1,1,25,4,2,3,5,0,0,0,0,true,false,false,false,false,false,false,false,false,false,false,false,false,false,false,false,false,false,false,false,false,false,-82.99612,42.35546,"{
  ""coordinates"": [
    -8.299612366387569e+01,
    4.235546529121420e+01
  ],
  ""type"": ""Point""
}","{
  ""coordinates"": [
    -82.996123664,
    42.355465291
  ],
  ""type"": ""Point""
}",-82.996123664,42.355465291
16074,1418430,PRINCETON,GROVE,2018-07-07,7,7,2018,9,7,98,9,,,0,,1,1,1,25,1,2,0,5,0,0,0,0,true,false,false,false,true,false,false,false,false,false,false,false,false,false,false,false,false,false,false,false,false,false,-83.12917,42.41537,"{
  ""coordinates"": [
    -8.312917019610779e+01,
    4.241536628516900e+01
  ],
  ""type"": ""Point""
}","{
  ""coordinates"": [
    -83.129170196,
    42.415366285
  ],
  ""type"": ""Point""
}",-83.129170196,42.4153662850001
16075,1428055,FORT,8TH,2018-07-07,7,7,2018,4,7,8,3,,1,0,Asphalt,1,1,4,35,5,2,1,5,0,0,0,0,true,false,false,false,true,false,false,true,false,false,false,false,false,false,false,false,false,false,false,false,false,false,-83.06062,42.32502,"{
  ""coordinates"": [
    -8.306061382534401e+01,
    4.232501436989550e+01
  ],
  ""type"": ""Point""
}","{
  ""coordinates"": [
    -83.060613825,
    42.32501437
  ],
  ""type"": ""Point""
}",-83.060613825,42.3250143700001
16076,1422062,M-8,I 75,2018-07-07,7,7,2018,21,7,1,3,,1,1,Asphalt,1,1,1,55,2,1,1,4,0,0,0,1,false,false,false,false,false,false,false,false,false,false,false,false,false,false,true,false,false,false,false,false,false,false,-83.08155,42.40836,"{
  ""coordinates"": [
    -8.308154679580370e+01,
    4.240835642191590e+01
  ],
  ""type"": ""Point""
}","{
  ""coordinates"": [
    -83.081546796,
    42.408356422
  ],
  ""type"": ""Point""
}",-83.0815467959999,42.4083564220001
16077,1420178,PURITAN,TRACEY,2018-07-07,7,7,2018,9,7,4,9,,4,0,Asphalt,1,1,1,35,2,2,2,5,0,0,0,0,true,false,false,false,false,false,false,false,false,false,false,false,false,true,false,false,false,false,false,false,false,false,-83.18069,42.40932,"{
  ""coordinates"": [
    -8.318069024932230e+01,
    4.240932363871260e+01
  ],
  ""type"": ""Point""
}","{
  ""coordinates"": [
    -83.180690249,
    42.409323639
  ],
  ""type"": ""Point""
}",-83.180690249,42.409323639
16078,1419378,CHRYSLER,CLAY,2018-07-07,7,7,2018,18,7,5,1,,4,0,Asphalt,1,1,1,30,3,2,2,4,0,0,0,1,false,false,false,false,false,false,false,false,false,false,false,false,false,false,false,false,false,false,false,false,false,false,-83.06221,42.37852,"{
  ""coordinates"": [
    -8.306220921930409e+01,
    4.237852397221550e+01
  ],
  ""type"": ""Point""
}","{
  ""coordinates"": [
    -83.062209219,
    42.378523972
  ],
  ""type"": ""Point""
}",-83.062209219,42.378523972
16079,1426265,PHILADELPHIA,OAKLAND,2018-07-07,7,7,2018,21,7,10,9,,,0,,1,1,4,35,2,2,1,5,0,0,0,0,true,false,false,false,false,false,false,false,false,false,false,false,false,false,false,false,false,false,false,false,false,false,-83.07003,42.38113,"{
  ""coordinates"": [
    -8.307003382092030e+01,
    4.238113166952490e+01
  ],
  ""type"": ""Point""
}","{
  ""coordinates"": [
    -83.070033821,
    42.38113167
  ],
  ""type"": ""Point""
}",-83.070033821,42.3811316700001
16080,1421179,M 39,JOY,2018-07-07,7,7,2018,3,7,1,3,,1,1,Asphalt,1,1,4,55,3,1,3,3,0,0,1,1,false,false,false,false,false,false,false,false,false,false,false,false,false,false,false,false,false,false,false,false,false,false,-83.21638,42.35757,"{
  ""coordinates"": [
    -8.321638359239400e+01,
    4.235757613956540e+01
  ],
  ""type"": ""Point""
}","{
  ""coordinates"": [
    -83.216383592,
    42.35757614
  ],
  ""type"": ""Point""
}",-83.2163835919999,42.35757614
16081,1420238,WARREN,LIVERNOIS,2018-07-07,7,7,2018,5,7,1,9,,4,1,Asphalt,1,1,2,30,5,1,7,5,0,0,0,0,true,false,false,false,false,false,false,true,false,false,false,false,false,false,false,true,false,false,false,false,false,false,-83.12964,42.3446,"{
  ""coordinates"": [
    -8.312963862004889e+01,
    4.234459613387910e+01
  ],
  ""type"": ""Point""
}","{
  ""coordinates"": [
    -83.12963862,
    42.344596134
  ],
  ""type"": ""Point""
}",-83.12963862,42.344596134
16082,1420246,JOY,WHITFIELD,2018-07-07,7,7,2018,16,7,1,9,,4,0,Asphalt,1,1,1,25,2,1,2,4,0,0,0,2,false,false,false,false,false,false,false,false,false,false,false,false,false,false,false,false,false,false,false,false,false,false,-83.13506,42.361,"{
  ""coordinates"": [
    -8.313505401035430e+01,
    4.236099892675180e+01
  ],
  ""type"": ""Point""
}","{
  ""coordinates"": [
    -83.13505401,
    42.360998927
  ],
  ""type"": ""Point""
}",-83.13505401,42.360998927
16083,1428059,MICHIGAN,TRUMBULL,2018-07-07,7,7,2018,2,7,97,2,,1,0,Brick,1,1,4,30,2,3,3,4,0,0,0,1,false,false,true,true,false,false,false,false,false,false,false,false,false,false,false,false,false,false,false,false,false,false,-83.06717,42.33141,"{
  ""coordinates"": [
    -8.306717158534730e+01,
    4.233141510417520e+01
  ],
  ""type"": ""Point""
}","{
  ""coordinates"": [
    -83.067171585,
    42.331415104
  ],
  ""type"": ""Point""
}",-83.067171585,42.331415104
16084,1419409,LAWTON,CLEMENTS,2018-07-06,6,7,2018,15,6,4,9,,,0,,1,1,1,25,2,2,1,5,0,0,0,0,true,false,true,false,true,false,false,false,false,false,false,false,false,false,false,false,false,false,false,false,false,false,-83.1253,42.39284,"{
  ""coordinates"": [
    -8.312530107195730e+01,
    4.239283722935570e+01
  ],
  ""type"": ""Point""
}","{
  ""coordinates"": [
    -83.125301072,
    42.392837229
  ],
  ""type"": ""Point""
}",-83.125301072,42.3928372290001
16085,1418341,ST ANTOINE,FARNSWORTH,2018-07-06,6,7,2018,11,6,8,9,,,0,,1,1,1,25,2,2,1,5,0,0,0,0,true,false,false,false,false,false,false,false,false,false,false,false,false,false,false,false,false,false,false,false,false,false,-83.05815,42.3611,"{
  ""coordinates"": [
    -8.305815195131460e+01,
    4.236110337340140e+01
  ],
  ""type"": ""Point""
}","{
  ""coordinates"": [
    -83.058151951,
    42.361103373
  ],
  ""type"": ""Point""
}",-83.058151951,42.361103373
16086,1426243,DENMARK,FORT,2018-07-06,6,7,2018,22,6,5,3,,1,0,Asphalt,1,1,4,30,5,3,9,5,0,0,0,0,true,false,false,false,false,false,false,false,false,false,false,false,false,false,false,false,false,false,false,false,false,false,-83.1436,42.29055,"{
  ""coordinates"": [
    -8.314360189156071e+01,
    4.229054976031080e+01
  ],
  ""type"": ""Point""
}","{
  ""coordinates"": [
    -83.143601892,
    42.29054976
  ],
  ""type"": ""Point""
}",-83.1436018919999,42.29054976
16087,1418353,FORT,SCHAEFER,2018-07-06,6,7,2018,13,6,9,3,,1,0,Asphalt,1,1,1,35,3,2,2,5,0,0,0,0,true,false,false,false,true,false,false,false,false,false,false,false,false,false,false,false,false,false,false,false,false,false,-83.15514,42.27618,"{
  ""coordinates"": [
    -8.315514442220091e+01,
    4.227618335515470e+01
  ],
  ""type"": ""Point""
}","{
  ""coordinates"": [
    -83.155144422,
    42.276183355
  ],
  ""type"": ""Point""
}",-83.155144422,42.2761833550001
16088,1418355,CONNER,OLGA,2018-07-06,6,7,2018,19,6,8,9,,4,0,Asphalt,1,1,1,25,2,2,2,5,0,0,0,0,true,false,false,false,true,false,false,false,false,false,false,false,false,false,false,false,false,false,false,false,false,false,-82.98494,42.39416,"{
  ""coordinates"": [
    -8.298494156709970e+01,
    4.239415872423720e+01
  ],
  ""type"": ""Point""
}","{
  ""coordinates"": [
    -82.984941567,
    42.394158724
  ],
  ""type"": ""Point""
}",-82.984941567,42.3941587240001
16089,1418352,LIVERNOIS,FEDERAL,2018-07-06,6,7,2018,11,6,4,9,,4,0,Asphalt,1,1,1,35,2,2,2,5,0,0,0,0,true,false,true,true,false,false,false,false,false,false,false,false,false,true,false,true,false,false,false,false,false,false,-83.1132,42.32129,"{
  ""coordinates"": [
    -8.311319953174430e+01,
    4.232129272987470e+01
  ],
  ""type"": ""Point""
}","{
  ""coordinates"": [
    -83.113199532,
    42.32129273
  ],
  ""type"": ""Point""
}",-83.113199532,42.32129273
16090,1419396,TELEGRAPH,GRAND RIVER,2018-07-06,6,7,2018,11,6,8,2,,1,0,Asphalt,1,1,1,,4,2,3,5,0,0,0,0,true,false,false,false,false,false,false,false,false,false,false,false,false,false,false,false,false,false,false,false,false,false,-83.27737,42.42418,"{
  ""coordinates"": [
    -8.327736373750800e+01,
    4.242417732583000e+01
  ],
  ""type"": ""Point""
}","{
  ""coordinates"": [
    -83.277363738,
    42.424177326
  ],
  ""type"": ""Point""
}",-83.277363738,42.4241773260001
16091,1419397,8 MILE,LAHSER,2018-07-06,6,7,2018,14,6,5,3,,1,0,Asphalt,1,1,1,45,4,2,3,5,0,0,0,0,true,false,false,false,false,false,false,false,false,false,false,false,false,false,false,true,false,false,false,false,false,false,-83.25671,42.44329,"{
  ""coordinates"": [
    -8.325671362384951e+01,
    4.244329048263760e+01
  ],
  ""type"": ""Point""
}","{
  ""coordinates"": [
    -83.256713624,
    42.443290483
  ],
  ""type"": ""Point""
}",-83.256713624,42.4432904830001
16092,1418287,I 375 SERVICE,RAMP 017A,2018-07-06,6,7,2018,0,6,5,1,,4,0,Asphalt,1,1,4,25,3,2,2,5,0,0,0,0,true,false,false,false,false,false,false,false,false,false,false,false,false,false,false,false,false,false,false,false,false,false,-83.03817,42.33705,"{
  ""coordinates"": [
    -8.303816764935711e+01,
    4.233704844923630e+01
  ],
  ""type"": ""Point""
}","{
  ""coordinates"": [
    -83.038167649,
    42.337048449
  ],
  ""type"": ""Point""
}",-83.0381676489999,42.3370484490001
16093,1418421,OUTER,WYOMING,2018-07-06,6,7,2018,19,6,5,9,,2,0,Asphalt,1,1,1,30,3,2,3,5,0,0,0,0,true,false,false,false,false,false,false,false,false,false,true,false,false,false,false,false,false,false,false,false,false,false,-83.16116,42.43485,"{
  ""coordinates"": [
    -8.316116304456420e+01,
    4.243485270532870e+01
  ],
  ""type"": ""Point""
}","{
  ""coordinates"": [
    -83.161163045,
    42.434852705
  ],
  ""type"": ""Point""
}",-83.161163045,42.434852705
16094,1419423,HOUSE,VAN DYKE,2018-07-06,6,7,2018,23,6,4,3,,,0,,1,1,4,25,1,2,1,4,0,0,0,1,false,false,false,false,false,false,false,false,false,false,false,true,false,false,false,false,false,false,false,false,false,false,-83.02411,42.43481,"{
  ""coordinates"": [
    -8.302410811112890e+01,
    4.243481560269140e+01
  ],
  ""type"": ""Point""
}","{
  ""coordinates"": [
    -83.024108111,
    42.434815603
  ],
  ""type"": ""Point""
}",-83.024108111,42.4348156030001
16095,1418344,3RD,MICHIGAN,2018-07-06,6,7,2018,10,6,8,2,,4,0,Asphalt,1,1,1,30,3,2,1,5,0,0,0,0,true,false,false,false,true,false,false,false,false,false,false,false,false,false,false,false,false,false,false,false,false,false,-83.05743,42.33169,"{
  ""coordinates"": [
    -8.305743179611871e+01,
    4.233168784999060e+01
  ],
  ""type"": ""Point""
}","{
  ""coordinates"": [
    -83.057431796,
    42.33168785
  ],
  ""type"": ""Point""
}",-83.0574317959999,42.33168785
16096,1448728,MARX,STATE FAIR,2018-07-06,6,7,2018,15,6,4,9,,,0,,1,1,1,,2,2,0,5,0,0,0,0,true,true,false,false,true,false,false,false,false,false,false,false,false,true,false,false,false,false,false,false,false,false,-83.08432,42.43984,"{
  ""coordinates"": [
    -8.308431649929230e+01,
    4.243984409314220e+01
  ],
  ""type"": ""Point""
}","{
  ""coordinates"": [
    -83.084316499,
    42.439844093
  ],
  ""type"": ""Point""
}",-83.084316499,42.439844093
16097,1420237,N M 10 SERVICE DRIVE,GRAND,2018-07-06,6,7,2018,17,6,97,9,,4,0,Asphalt,1,1,1,55,2,2,1,5,0,0,0,0,true,false,false,false,true,false,false,false,false,false,false,false,false,false,false,false,false,false,false,false,false,false,-83.08139,42.36713,"{
  ""coordinates"": [
    -8.308138891140770e+01,
    4.236713432879190e+01
  ],
  ""type"": ""Point""
}","{
  ""coordinates"": [
    -83.081388911,
    42.367134329
  ],
  ""type"": ""Point""
}",-83.081388911,42.3671343290001
16098,1418395,GOULBURN,LAPPIN,2018-07-06,6,7,2018,10,6,4,9,,,0,,1,1,1,25,2,2,1,5,0,0,0,0,true,false,false,false,true,false,false,false,false,false,false,false,false,false,false,true,false,false,false,false,false,false,-82.99371,42.43654,"{
  ""coordinates"": [
    -8.299370961869840e+01,
    4.243654031533380e+01
  ],
  ""type"": ""Point""
}","{
  ""coordinates"": [
    -82.993709619,
    42.436540315
  ],
  ""type"": ""Point""
}",-82.993709619,42.4365403150001
16099,1418412,MCNICHOLS,ST MARYS,2018-07-06,6,7,2018,18,6,5,9,,2,0,Asphalt,1,1,1,30,2,2,2,4,0,0,0,1,false,false,false,false,false,false,false,false,false,false,false,false,false,false,false,false,false,false,false,false,false,false,-83.20692,42.41581,"{
  ""coordinates"": [
    -8.320691359819681e+01,
    4.241580669553050e+01
  ],
  ""type"": ""Point""
}","{
  ""coordinates"": [
    -83.206913598,
    42.415806696
  ],
  ""type"": ""Point""
}",-83.206913598,42.4158066960001
16100,1418399,HARPER,OUTER,2018-07-06,6,7,2018,13,6,3,9,,4,0,Asphalt,1,1,1,35,4,2,3,5,0,0,0,0,true,false,false,false,false,false,false,false,false,false,false,false,false,false,true,false,false,false,false,false,false,false,-82.96072,42.4058,"{
  ""coordinates"": [
    -8.296072066863360e+01,
    4.240580261742780e+01
  ],
  ""type"": ""Point""
}","{
  ""coordinates"": [
    -82.960720669,
    42.405802617
  ],
  ""type"": ""Point""
}",-82.960720669,42.4058026170001
16101,1418422,CURTIS,STEEL,2018-07-06,6,7,2018,22,6,4,9,,4,0,Asphalt,1,1,4,25,4,2,3,4,0,0,0,3,false,false,true,true,false,false,false,false,false,true,false,false,false,false,false,false,false,false,false,false,false,false,-83.17272,42.42396,"{
  ""coordinates"": [
    -8.317271980135170e+01,
    4.242395808438070e+01
  ],
  ""type"": ""Point""
}","{
  ""coordinates"": [
    -83.172719801,
    42.423958084
  ],
  ""type"": ""Point""
}",-83.172719801,42.423958084
16102,1418354,GREEN,LEXINGTON,2018-07-06,6,7,2018,12,6,4,9,,4,0,Asphalt,1,1,1,25,2,2,3,5,0,0,0,0,true,false,false,false,false,false,false,false,false,false,false,false,false,false,false,false,false,false,false,false,false,false,-83.11507,42.30521,"{
  ""coordinates"": [
    -8.311506606202110e+01,
    4.230521361723970e+01
  ],
  ""type"": ""Point""
}","{
  ""coordinates"": [
    -83.115066062,
    42.305213617
  ],
  ""type"": ""Point""
}",-83.115066062,42.305213617
16103,1418330,MARLOWE,PURITAN,2018-07-06,6,7,2018,15,6,9,9,,,2,,1,1,1,25,4,2,0,5,0,0,0,0,true,false,false,false,true,false,false,true,false,false,false,true,false,false,false,false,false,false,false,false,false,false,-83.19038,42.40846,"{
  ""coordinates"": [
    -8.319037729739649e+01,
    4.240846149519530e+01
  ],
  ""type"": ""Point""
}","{
  ""coordinates"": [
    -83.190377297,
    42.408461495
  ],
  ""type"": ""Point""
}",-83.1903772969999,42.408461495
16104,1418404,CHALMERS,E I 94,2018-07-06,6,7,2018,17,6,5,9,,4,0,Asphalt,1,1,1,35,2,2,3,4,0,0,0,2,false,false,false,false,false,false,false,false,false,false,true,true,false,false,false,false,false,false,false,false,false,false,-82.96419,42.40366,"{
  ""coordinates"": [
    -8.296418768465020e+01,
    4.240365628567070e+01
  ],
  ""type"": ""Point""
}","{
  ""coordinates"": [
    -82.964187685,
    42.403656286
  ],
  ""type"": ""Point""
}",-82.964187685,42.4036562860001
16105,1418383,WORMER,GROVE,2018-07-06,6,7,2018,17,6,4,9,,,0,,1,1,1,25,2,2,4,5,0,0,0,0,true,false,false,false,false,false,false,false,false,false,false,false,false,false,true,false,false,false,false,false,false,false,-83.27955,42.41197,"{
  ""coordinates"": [
    -8.327954826287230e+01,
    4.241197082484230e+01
  ],
  ""type"": ""Point""
}","{
  ""coordinates"": [
    -83.279548263,
    42.411970825
  ],
  ""type"": ""Point""
}",-83.279548263,42.411970825
16106,1420233,LESLIE,HOLMUR,2018-07-06,6,7,2018,17,6,1,9,,,1,,1,1,1,25,2,1,1,5,0,0,0,0,true,false,false,false,false,false,false,false,false,false,false,false,false,false,false,false,false,false,false,false,false,false,-83.13093,42.38511,"{
  ""coordinates"": [
    -8.313092608596079e+01,
    4.238510328741610e+01
  ],
  ""type"": ""Point""
}","{
  ""coordinates"": [
    -83.130926086,
    42.385103287
  ],
  ""type"": ""Point""
}",-83.130926086,42.385103287
16107,1420193,GRAND,TIREMAN,2018-07-06,6,7,2018,15,6,8,1,,4,0,Concrete,1,1,1,,2,2,1,5,0,0,0,0,true,false,false,false,false,false,false,false,false,true,true,false,false,true,false,false,false,false,false,false,false,false,-83.11042,42.3559,"{
  ""coordinates"": [
    -8.311041653007319e+01,
    4.235589606049530e+01
  ],
  ""type"": ""Point""
}","{
  ""coordinates"": [
    -83.11041653,
    42.35589606
  ],
  ""type"": ""Point""
}",-83.11041653,42.3558960600001
16108,1424242,WASHINGTON,MICHIGAN,2018-07-06,6,7,2018,16,6,5,9,,4,0,,1,1,1,25,2,2,4,5,0,0,0,0,true,false,false,false,false,false,false,false,false,false,false,false,false,false,false,false,false,false,false,false,false,false,-83.05117,42.33159,"{
  ""coordinates"": [
    -8.305117263661270e+01,
    4.233158727433740e+01
  ],
  ""type"": ""Point""
}","{
  ""coordinates"": [
    -83.051172637,
    42.331587274
  ],
  ""type"": ""Point""
}",-83.051172637,42.3315872740001
16109,1419389,WARREN,N M 39,2018-07-06,6,7,2018,22,6,5,9,,2,0,Asphalt,1,1,4,35,5,2,1,5,0,0,0,0,true,false,false,false,true,false,false,false,false,false,false,false,false,false,false,false,false,false,false,false,false,false,-83.216,42.34337,"{
  ""coordinates"": [
    -8.321599608697400e+01,
    4.234337117515720e+01
  ],
  ""type"": ""Point""
}","{
  ""coordinates"": [
    -83.215996087,
    42.343371175
  ],
  ""type"": ""Point""
}",-83.215996087,42.3433711750001