ObjectId,Crash ID,Primary Road,Intersecting Road,Crash Date,Day,Month,Year,Hour,Weekday,Crash Type Code,Highway Classification Code,Community Code,Jurisdiction Code,Lane Departure Type Code,Surface Type,Road Condition,Weather Condition,Lighting Condition,Speed Limit,Lanes,Units,Occupants,Most Severe Injury,Fatal Injuries,Suspected Serious Injuries,Suspected Minor Injuries,Possible Injuries,Property Damage Only,Secondary Crash,Traffic Control,Red Light Run,Hit and Run,Alcohol,Drugs,Unbelted Person,Work Zone,Speeding Driver,Distracted Driver,Driveway,Pedestrian,Elderly Driver,Young Driver,Commercial Vehicle,Emergency Vehicles,Train,School Bus,Motorcycle,Bicycle,Deer,Longitude,Latitude,geom,geog,x,y
16164,1420258,MENDOTA,THATCHER,2018-07-05,5,7,2018,1,5,97,9,,,0,,1,1,4,25,1,2,1,5,0,0,0,0,true,false,false,false,true,false,false,false,false,true,false,false,true,false,false,false,false,false,false,false,false,false,-83.16603,42.42157,"{
  ""coordinates"": [
    -8.316602869004930e+01,
    4.242157133603860e+01
  ],
  ""type"": ""Point""
}","{
  ""coordinates"": [
    -83.16602869,
    42.421571336
  ],
  ""type"": ""Point""
}",-83.16602869,42.4215713360001
16165,1418370,GREENFIELD,DAVISON,2018-07-05,5,7,2018,15,5,5,9,,2,0,Asphalt,1,1,1,35,4,2,4,4,0,0,0,3,false,false,false,false,false,false,false,false,false,false,false,false,false,false,false,false,false,false,false,false,false,false,-83.19805,42.38485,"{
  ""coordinates"": [
    -8.319805238130610e+01,
    4.238484993219460e+01
  ],
  ""type"": ""Point""
}","{
  ""coordinates"": [
    -83.198052381,
    42.384849932
  ],
  ""type"": ""Point""
}",-83.198052381,42.3848499320001
16166,1420241,DAVISON,SANTA ROSA,2018-07-05,5,7,2018,4,5,5,3,,1,0,Concrete,1,1,4,35,6,2,1,5,0,0,0,0,true,false,false,false,true,false,false,false,false,false,false,false,false,false,false,false,false,false,false,false,false,false,-83.14179,42.38641,"{
  ""coordinates"": [
    -8.314179270001840e+01,
    4.238641057245060e+01
  ],
  ""type"": ""Point""
}","{
  ""coordinates"": [
    -83.1417927,
    42.386410572
  ],
  ""type"": ""Point""
}",-83.1417926999999,42.386410572
16167,1418297,I 94,CSX TRANSPORTATION,2018-07-05,5,7,2018,11,5,97,1,,1,0,Asphalt,1,1,1,55,3,2,2,5,0,0,0,0,true,false,false,false,false,false,false,false,false,false,false,false,false,false,false,true,false,false,false,false,false,false,-83.12235,42.33832,"{
  ""coordinates"": [
    -8.312235180145190e+01,
    4.233831658426620e+01
  ],
  ""type"": ""Point""
}","{
  ""coordinates"": [
    -83.122351801,
    42.338316584
  ],
  ""type"": ""Point""
}",-83.122351801,42.338316584
16168,1421216,GILCHRIST,SEVENMILE,2018-07-05,5,7,2018,14,5,10,9,,,0,,1,1,1,25,2,2,3,5,0,0,0,0,true,false,false,false,false,false,false,false,false,false,false,true,false,false,false,false,false,false,false,false,false,false,-83.21268,42.42883,"{
  ""coordinates"": [
    -8.321268201035920e+01,
    4.242882656616550e+01
  ],
  ""type"": ""Point""
}","{
  ""coordinates"": [
    -83.21268201,
    42.428826566
  ],
  ""type"": ""Point""
}",-83.21268201,42.4288265660001
16169,1417051,OUTER,HAYES,2018-07-05,5,7,2018,11,5,4,9,,2,0,Asphalt,1,1,1,35,6,2,1,5,0,0,0,0,true,false,false,false,true,false,false,false,false,false,false,false,false,false,false,false,false,false,false,false,false,false,-82.96474,42.4148,"{
  ""coordinates"": [
    -8.296474769566790e+01,
    4.241479983370630e+01
  ],
  ""type"": ""Point""
}","{
  ""coordinates"": [
    -82.964747696,
    42.414799834
  ],
  ""type"": ""Point""
}",-82.964747696,42.4147998340001
16170,1418301,I-96,EVERGREEN,2018-07-05,5,7,2018,20,5,1,1,,1,1,Concrete,2,4,1,70,3,1,1,5,0,0,0,0,true,false,false,false,false,false,false,false,false,true,false,false,false,false,false,false,false,false,false,false,false,false,-83.24374,42.38533,"{
  ""coordinates"": [
    -8.324373875811820e+01,
    4.238533243513820e+01
  ],
  ""type"": ""Point""
}","{
  ""coordinates"": [
    -83.243738758,
    42.385332435
  ],
  ""type"": ""Point""
}",-83.2437387579999,42.3853324350001
16171,1423061,GRANDRIVER,GLASTONBURY,2018-07-05,5,7,2018,16,5,4,3,,1,0,Asphalt,1,1,1,35,2,2,2,5,0,0,0,0,true,false,false,false,false,false,false,false,false,false,false,false,false,true,false,false,false,false,false,false,false,false,-83.22614,42.40386,"{
  ""coordinates"": [
    -8.322613812964291e+01,
    4.240385881785540e+01
  ],
  ""type"": ""Point""
}","{
  ""coordinates"": [
    -83.22613813,
    42.403858818
  ],
  ""type"": ""Point""
}",-83.22613813,42.4038588180001
16172,1419359,N M 39,PLYMOUTH,2018-07-05,5,7,2018,15,5,1,3,,1,1,Asphalt,1,1,1,55,3,1,1,3,0,0,1,0,false,false,false,false,false,false,false,false,false,false,true,false,false,false,false,false,false,false,false,true,false,false,-83.21658,42.37222,"{
  ""coordinates"": [
    -8.321658365738089e+01,
    4.237222395531580e+01
  ],
  ""type"": ""Point""
}","{
  ""coordinates"": [
    -83.216583657,
    42.372223955
  ],
  ""type"": ""Point""
}",-83.2165836569999,42.372223955
16173,1435274,ARDMORE,FLORENCE,2018-07-05,5,7,2018,7,5,98,9,,,3,,1,1,1,25,1,2,0,5,0,0,0,0,true,false,false,false,true,false,false,false,false,false,false,false,false,false,false,false,false,false,false,false,false,false,-83.18494,42.41122,"{
  ""coordinates"": [
    -8.318493681859030e+01,
    4.241122237944230e+01
  ],
  ""type"": ""Point""
}","{
  ""coordinates"": [
    -83.184936819,
    42.411222379
  ],
  ""type"": ""Point""
}",-83.184936819,42.411222379
16174,1418410,WASHBURN,PILGRIM,2018-07-05,5,7,2018,19,5,1,9,,,0,,1,2,1,25,4,2,1,5,0,0,0,0,true,false,false,false,false,false,false,false,false,false,false,false,true,false,true,false,false,false,false,false,false,false,-83.16102,42.40844,"{
  ""coordinates"": [
    -8.316102001353320e+01,
    4.240843512072800e+01
  ],
  ""type"": ""Point""
}","{
  ""coordinates"": [
    -83.161020014,
    42.408435121
  ],
  ""type"": ""Point""
}",-83.161020014,42.408435121
16175,1587289,GRATIOT,CHENE,2018-07-05,5,7,2018,16,5,97,3,,1,0,Asphalt,1,1,1,35,7,2,0,5,0,0,0,0,true,false,false,false,true,false,false,true,false,false,false,false,false,false,false,false,false,false,false,false,false,false,-83.03286,42.35126,"{
  ""coordinates"": [
    -8.303285844460930e+01,
    4.235125965073140e+01
  ],
  ""type"": ""Point""
}","{
  ""coordinates"": [
    -83.032858445,
    42.351259651
  ],
  ""type"": ""Point""
}",-83.032858445,42.3512596510001
16176,1418380,WINTHROP,OUTER,2018-07-05,5,7,2018,3,5,8,9,,,3,,1,98,5,25,2,2,0,5,0,0,0,0,true,false,false,false,true,false,false,false,false,false,false,false,false,false,false,false,false,false,false,false,false,false,-83.20086,42.41874,"{
  ""coordinates"": [
    -8.320085650100241e+01,
    4.241873848804140e+01
  ],
  ""type"": ""Point""
}","{
  ""coordinates"": [
    -83.200856501,
    42.418738488
  ],
  ""type"": ""Point""
}",-83.200856501,42.418738488
16177,1418387,WILSHIRE,NEWPORT,2018-07-05,5,7,2018,17,5,4,9,,,0,,1,1,1,25,2,2,2,3,0,0,1,1,false,false,false,false,true,false,false,false,false,false,false,false,false,false,false,false,false,false,false,false,false,false,-82.97262,42.41218,"{
  ""coordinates"": [
    -8.297261887645389e+01,
    4.241217904646770e+01
  ],
  ""type"": ""Point""
}","{
  ""coordinates"": [
    -82.972618876,
    42.412179046
  ],
  ""type"": ""Point""
}",-82.972618876,42.4121790460001
16178,1417067,TELEGRAPH,7 MILE,2018-07-05,5,7,2018,15,5,5,2,,1,0,Asphalt,1,1,1,45,3,2,2,4,0,0,0,2,false,false,false,false,false,false,false,false,false,false,false,false,false,false,false,false,false,false,false,false,false,false,-83.2775,42.42744,"{
  ""coordinates"": [
    -8.327749707309340e+01,
    4.242743652300760e+01
  ],
  ""type"": ""Point""
}","{
  ""coordinates"": [
    -83.277497073,
    42.427436523
  ],
  ""type"": ""Point""
}",-83.2774970729999,42.427436523
16179,1419412,LIVERNOIS,DAVISON,2018-07-05,5,7,2018,15,5,5,3,,4,0,Asphalt,1,1,1,30,6,2,1,5,0,0,0,0,true,false,false,false,true,false,false,false,false,false,false,false,false,false,false,false,false,false,false,false,false,false,-83.13955,42.38663,"{
  ""coordinates"": [
    -8.313954619674750e+01,
    4.238663489056440e+01
  ],
  ""type"": ""Point""
}","{
  ""coordinates"": [
    -83.139546197,
    42.386634891
  ],
  ""type"": ""Point""
}",-83.139546197,42.386634891
16180,1418367,GRANDMONT,CHICAGO,2018-07-05,5,7,2018,3,5,98,9,,,0,,98,98,98,25,2,2,0,5,0,0,0,0,true,false,false,false,true,false,false,false,false,false,false,false,false,false,false,false,false,false,false,false,false,false,-83.20937,42.36518,"{
  ""coordinates"": [
    -8.320937661166290e+01,
    4.236517764394770e+01
  ],
  ""type"": ""Point""
}","{
  ""coordinates"": [
    -83.209376612,
    42.365177644
  ],
  ""type"": ""Point""
}",-83.209376612,42.365177644
16181,1418304,W I 96,KENTFIELD,2018-07-05,5,7,2018,21,5,1,1,,1,1,Concrete,2,4,1,70,3,1,1,5,0,0,0,0,true,false,false,false,false,false,false,false,false,true,false,false,false,false,false,false,false,false,false,false,false,false,-83.23989,42.38314,"{
  ""coordinates"": [
    -8.323988924686780e+01,
    4.238314381361600e+01
  ],
  ""type"": ""Point""
}","{
  ""coordinates"": [
    -83.239889247,
    42.383143814
  ],
  ""type"": ""Point""
}",-83.239889247,42.3831438140001
16182,1416145,GRAND RIVER,MARK TWAIN,2018-07-05,5,7,2018,0,5,1,3,,1,1,Asphalt,1,1,4,35,5,1,2,5,0,0,0,0,true,false,false,false,false,false,false,true,false,false,false,false,false,false,true,false,false,false,false,false,false,false,-83.18574,42.38757,"{
  ""coordinates"": [
    -8.318574048070791e+01,
    4.238757260078680e+01
  ],
  ""type"": ""Point""
}","{
  ""coordinates"": [
    -83.185740481,
    42.387572601
  ],
  ""type"": ""Point""
}",-83.185740481,42.387572601
16183,1424258,WOODWARD,MICHIGAN,2018-07-05,5,7,2018,12,5,5,9,,4,0,Concrete,1,1,1,30,2,2,2,4,0,0,0,1,false,false,false,false,false,false,false,false,false,false,false,false,false,false,false,false,false,false,false,false,false,false,-83.04702,42.33164,"{
  ""coordinates"": [
    -8.304701622173781e+01,
    4.233164224297660e+01
  ],
  ""type"": ""Point""
}","{
  ""coordinates"": [
    -83.047016222,
    42.331642243
  ],
  ""type"": ""Point""
}",-83.047016222,42.331642243
16184,1416172,NORWOOD,7 MILE,2018-07-05,5,7,2018,3,5,5,9,,,0,,1,1,4,25,1,2,2,5,0,0,0,0,true,false,false,false,false,false,false,true,false,true,false,false,false,false,false,false,false,false,false,false,false,false,-83.06716,42.43308,"{
  ""coordinates"": [
    -8.306716191977250e+01,
    4.243308333138610e+01
  ],
  ""type"": ""Point""
}","{
  ""coordinates"": [
    -83.06716192,
    42.433083331
  ],
  ""type"": ""Point""
}",-83.06716192,42.433083331
16185,1417078,7MILE,OUTER,2018-07-05,5,7,2018,11,5,4,9,,2,0,Asphalt,1,1,1,30,2,2,3,5,0,0,0,0,true,false,true,true,false,false,false,false,false,false,false,false,false,false,true,false,false,false,false,false,false,false,-83.17554,42.43117,"{
  ""coordinates"": [
    -8.317553860824199e+01,
    4.243116955252170e+01
  ],
  ""type"": ""Point""
}","{
  ""coordinates"": [
    -83.175538608,
    42.431169553
  ],
  ""type"": ""Point""
}",-83.175538608,42.4311695530001
16186,1418345,GRAND,LODGE S D,2018-07-05,5,7,2018,16,5,1,9,,4,0,Asphalt,1,1,1,30,6,1,2,3,0,0,1,1,false,false,false,false,false,false,false,false,false,false,false,false,false,false,false,false,true,false,false,false,false,false,-83.08228,42.36702,"{
  ""coordinates"": [
    -8.308227607438450e+01,
    4.236701867423340e+01
  ],
  ""type"": ""Point""
}","{
  ""coordinates"": [
    -83.082276074,
    42.367018674
  ],
  ""type"": ""Point""
}",-83.0822760739999,42.3670186740001
16187,1436067,I-96,JOY,2018-07-05,5,7,2018,3,5,8,1,,1,0,Asphalt,1,2,4,70,4,3,5,5,0,0,0,0,true,false,false,false,false,true,false,false,false,false,false,false,false,false,false,true,false,false,false,false,false,false,-83.1228,42.36137,"{
  ""coordinates"": [
    -8.312279486040670e+01,
    4.236137448595880e+01
  ],
  ""type"": ""Point""
}","{
  ""coordinates"": [
    -83.12279486,
    42.361374486
  ],
  ""type"": ""Point""
}",-83.1227948599999,42.361374486
16188,1418328,GREENFIELD,CLARITA,2018-07-05,5,7,2018,21,5,8,9,,2,3,Asphalt,1,1,1,40,5,3,1,4,0,0,0,1,false,false,false,false,false,false,false,false,false,false,true,false,false,false,false,false,false,false,false,false,false,false,-83.19981,42.42871,"{
  ""coordinates"": [
    -8.319980631170181e+01,
    4.242871293481390e+01
  ],
  ""type"": ""Point""
}","{
  ""coordinates"": [
    -83.199806312,
    42.428712935
  ],
  ""type"": ""Point""
}",-83.199806312,42.4287129350001
16189,1417050,ANNOTT,GREINER,2018-07-05,5,7,2018,0,5,1,9,,,0,,1,1,4,25,2,2,1,3,0,0,1,0,false,false,false,false,true,false,false,false,false,false,false,false,true,false,false,false,false,false,false,false,false,false,-83.00189,42.42707,"{
  ""coordinates"": [
    -8.300189284281930e+01,
    4.242707473043870e+01
  ],
  ""type"": ""Point""
}","{
  ""coordinates"": [
    -83.001892843,
    42.42707473
  ],
  ""type"": ""Point""
}",-83.001892843,42.4270747300001
16190,1417080,SCHAEFER,SCHAEFER,2018-07-05,5,7,2018,12,5,4,3,,4,0,Asphalt,1,1,1,40,5,2,1,5,0,0,0,0,true,false,false,false,false,false,false,false,false,false,false,false,false,false,false,false,false,false,false,false,false,false,-83.181,42.44519,"{
  ""coordinates"": [
    -8.318099927361590e+01,
    4.244519110960350e+01
  ],
  ""type"": ""Point""
}","{
  ""coordinates"": [
    -83.180999274,
    42.44519111
  ],
  ""type"": ""Point""
}",-83.180999274,42.4451911100001
16191,1423071,DAVISON,LINWOOD,2018-07-05,5,7,2018,20,5,1,3,,1,0,Asphalt,1,2,1,35,7,2,5,2,0,1,0,0,false,false,false,false,false,false,false,false,false,false,false,false,false,false,false,false,false,false,false,false,true,false,-83.12206,42.39301,"{
  ""coordinates"": [
    -8.312205380059270e+01,
    4.239300982417440e+01
  ],
  ""type"": ""Point""
}","{
  ""coordinates"": [
    -83.122053801,
    42.393009824
  ],
  ""type"": ""Point""
}",-83.1220538009999,42.393009824
16192,1433533,N I 75,WARREN,2018-07-05,5,7,2018,2,5,4,1,,1,0,Asphalt,1,1,5,35,2,2,1,2,0,1,0,0,false,false,true,false,true,false,false,false,false,false,false,false,false,false,false,false,false,false,false,true,false,false,-83.05428,42.3609,"{
  ""coordinates"": [
    -8.305428624587540e+01,
    4.236089584969690e+01
  ],
  ""type"": ""Point""
}","{
  ""coordinates"": [
    -83.054286246,
    42.36089585
  ],
  ""type"": ""Point""
}",-83.0542862459999,42.3608958500001
16193,1418281,I 75,MICHIGAN,2018-07-05,5,7,2018,7,5,1,1,,1,1,Asphalt,2,1,1,55,3,1,1,5,0,0,0,0,true,false,false,false,false,false,false,false,false,true,false,false,false,false,false,true,false,false,false,false,false,false,-83.08556,42.33044,"{
  ""coordinates"": [
    -8.308556020205449e+01,
    4.233044274127290e+01
  ],
  ""type"": ""Point""
}","{
  ""coordinates"": [
    -83.085560202,
    42.330442741
  ],
  ""type"": ""Point""
}",-83.085560202,42.3304427410001
16194,1418351,JOS CAMPAU,FRANKLIN,2018-07-05,5,7,2018,22,5,8,9,,4,0,Asphalt,1,1,4,30,4,2,2,5,0,0,0,0,true,false,false,false,false,false,false,false,false,false,false,false,false,false,false,false,false,false,false,false,false,false,-83.01887,42.33817,"{
  ""coordinates"": [
    -8.301886981107630e+01,
    4.233816529676350e+01
  ],
  ""type"": ""Point""
}","{
  ""coordinates"": [
    -83.018869811,
    42.338165297
  ],
  ""type"": ""Point""
}",-83.0188698109999,42.338165297
16195,1418302,I-96,LIVERNOIS,2018-07-05,5,7,2018,21,5,1,1,,1,1,Asphalt,2,4,3,70,5,1,1,5,0,0,0,0,true,false,false,false,false,false,false,false,false,true,false,false,false,false,false,false,false,false,false,false,false,false,-83.14571,42.37189,"{
  ""coordinates"": [
    -8.314570250229529e+01,
    4.237189292505390e+01
  ],
  ""type"": ""Point""
}","{
  ""coordinates"": [
    -83.145702502,
    42.371892925
  ],
  ""type"": ""Point""
}",-83.1457025019999,42.3718929250001
16196,1418427,MARK TWAIN,VASSAR,2018-07-05,5,7,2018,1,5,97,9,,,0,,1,1,4,25,2,4,0,5,0,0,0,0,true,false,false,false,true,false,false,false,false,false,false,false,false,false,false,false,false,false,false,false,false,false,-83.18772,42.43374,"{
  ""coordinates"": [
    -8.318771898396049e+01,
    4.243373964838520e+01
  ],
  ""type"": ""Point""
}","{
  ""coordinates"": [
    -83.187718984,
    42.433739648
  ],
  ""type"": ""Point""
}",-83.187718984,42.433739648
16197,1418388,7 MILE,GRATIOT,2018-07-05,5,7,2018,19,5,4,3,,4,0,Asphalt,1,1,1,30,2,2,1,5,0,0,0,0,true,false,false,false,true,false,false,false,false,false,false,false,false,false,false,false,false,false,false,false,false,false,-82.97807,42.43507,"{
  ""coordinates"": [
    -8.297806824987690e+01,
    4.243506895705470e+01
  ],
  ""type"": ""Point""
}","{
  ""coordinates"": [
    -82.97806825,
    42.435068957
  ],
  ""type"": ""Point""
}",-82.97806825,42.4350689570001
16198,1420166,M-39,PLYMOUTH,2018-07-05,5,7,2018,16,5,5,3,,1,0,Asphalt,1,1,1,55,3,2,2,4,0,0,0,1,false,false,false,false,false,false,false,false,false,false,false,false,false,false,false,false,false,false,false,false,false,false,-83.21638,42.36501,"{
  ""coordinates"": [
    -8.321637948463091e+01,
    4.236500888790900e+01
  ],
  ""type"": ""Point""
}","{
  ""coordinates"": [
    -83.216379485,
    42.365008888
  ],
  ""type"": ""Point""
}",-83.2163794849999,42.365008888
16199,1417060,MARGARETA,WILDEMERE,2018-07-05,5,7,2018,0,5,98,9,,,0,,1,1,4,25,2,2,0,5,0,0,0,0,true,false,false,false,true,false,false,false,false,false,false,false,false,false,false,false,false,false,false,false,false,false,-83.13332,42.42811,"{
  ""coordinates"": [
    -8.313331963219640e+01,
    4.242810696092500e+01
  ],
  ""type"": ""Point""
}","{
  ""coordinates"": [
    -83.133319632,
    42.428106961
  ],
  ""type"": ""Point""
}",-83.1333196319999,42.428106961
16200,1424265,GRAND,KERCHEVAL,2018-07-05,5,7,2018,17,5,5,9,,4,0,Asphalt,1,1,1,30,2,2,2,4,0,0,0,1,false,false,false,false,false,false,false,false,false,false,false,false,false,false,false,false,false,false,false,false,false,false,-83.00758,42.35578,"{
  ""coordinates"": [
    -8.300758111611211e+01,
    4.235578336425450e+01
  ],
  ""type"": ""Point""
}","{
  ""coordinates"": [
    -83.007581116,
    42.355783364
  ],
  ""type"": ""Point""
}",-83.007581116,42.355783364
16201,1423039,JOSEPH CAMPAU,WOODBRIDGE,2018-07-05,5,7,2018,21,5,4,9,,4,0,Asphalt,1,1,2,25,1,2,1,5,0,0,0,0,true,false,false,false,false,false,false,false,false,false,false,false,false,false,false,false,false,false,false,false,false,false,-83.01912,42.33854,"{
  ""coordinates"": [
    -8.301911878237939e+01,
    4.233854084586080e+01
  ],
  ""type"": ""Point""
}","{
  ""coordinates"": [
    -83.019118782,
    42.338540846
  ],
  ""type"": ""Point""
}",-83.019118782,42.3385408460001
16202,1418442,JOHN R,MILWAUKEE,2018-07-05,5,7,2018,9,5,5,9,,4,0,Asphalt,1,1,1,25,3,2,2,5,0,0,0,0,true,false,false,false,false,false,false,false,false,false,false,false,false,false,false,false,false,false,false,false,false,false,-83.07037,42.36997,"{
  ""coordinates"": [
    -8.307036290558651e+01,
    4.236997307781340e+01
  ],
  ""type"": ""Point""
}","{
  ""coordinates"": [
    -83.070362906,
    42.369973078
  ],
  ""type"": ""Point""
}",-83.070362906,42.369973078
16203,1427038,W I 96,OAKMAN,2018-07-05,5,7,2018,15,5,8,1,,1,0,Asphalt,1,1,1,70,4,2,2,5,0,0,0,0,true,false,false,false,false,false,false,false,false,false,false,false,false,false,false,false,false,false,false,false,false,false,-83.14616,42.37657,"{
  ""coordinates"": [
    -8.314615691880400e+01,
    4.237656814710160e+01
  ],
  ""type"": ""Point""
}","{
  ""coordinates"": [
    -83.146156919,
    42.376568147
  ],
  ""type"": ""Point""
}",-83.146156919,42.3765681470001
16204,1417068,M 39,FENKELL,2018-07-05,5,7,2018,10,5,8,3,,1,0,Asphalt,1,1,1,55,3,2,1,5,0,0,0,0,true,false,false,false,true,false,false,false,false,false,false,false,false,false,false,false,false,false,false,false,false,false,-83.21837,42.39974,"{
  ""coordinates"": [
    -8.321837023922740e+01,
    4.239974034169850e+01
  ],
  ""type"": ""Point""
}","{
  ""coordinates"": [
    -83.218370239,
    42.399740342
  ],
  ""type"": ""Point""
}",-83.218370239,42.399740342
16205,1418431,EWALD,DAVISON,2018-07-05,5,7,2018,17,5,8,3,,4,0,Asphalt,1,1,1,30,3,2,2,5,0,0,0,0,true,false,false,false,true,false,false,false,false,false,false,false,false,false,false,true,false,false,false,false,false,false,-83.1454,42.38642,"{
  ""coordinates"": [
    -8.314540436286370e+01,
    4.238642193717280e+01
  ],
  ""type"": ""Point""
}","{
  ""coordinates"": [
    -83.145404363,
    42.386421937
  ],
  ""type"": ""Point""
}",-83.145404363,42.3864219370001
16206,1416154,CHOPIN,MCGRAW,2018-07-05,5,7,2018,1,5,5,9,,,0,,3,1,4,25,2,3,0,5,0,0,0,0,true,false,false,false,true,false,false,false,false,false,false,false,false,false,false,false,false,false,false,false,false,false,-83.1376,42.33698,"{
  ""coordinates"": [
    -8.313760085686410e+01,
    4.233698222851600e+01
  ],
  ""type"": ""Point""
}","{
  ""coordinates"": [
    -83.137600857,
    42.336982229
  ],
  ""type"": ""Point""
}",-83.1376008569999,42.3369822290001
16207,1417037,LYNDON,STRATHMOOR,2018-07-05,5,7,2018,16,5,4,9,,4,0,Asphalt,1,1,1,25,4,2,2,5,0,0,0,0,true,false,true,false,true,false,false,false,false,false,false,false,false,false,false,false,false,false,false,false,false,false,-83.18747,42.39457,"{
  ""coordinates"": [
    -8.318746805839410e+01,
    4.239456870508200e+01
  ],
  ""type"": ""Point""
}","{
  ""coordinates"": [
    -83.187468058,
    42.394568705
  ],
  ""type"": ""Point""
}",-83.187468058,42.394568705
16208,1418282,M 39,TIREMAN,2018-07-05,5,7,2018,20,5,8,3,,1,0,Asphalt,2,4,1,55,3,2,2,5,0,0,0,0,true,false,false,false,false,false,false,false,false,false,false,false,false,false,false,true,false,false,false,false,false,false,-83.21645,42.35069,"{
  ""coordinates"": [
    -8.321644665643591e+01,
    4.235069024676370e+01
  ],
  ""type"": ""Point""
}","{
  ""coordinates"": [
    -83.216446656,
    42.350690247
  ],
  ""type"": ""Point""
}",-83.216446656,42.350690247
16209,1427056,GRAND RIVER,MCNICHOLS,2018-07-05,5,7,2018,11,5,4,3,,1,0,Asphalt,1,1,1,,1,2,1,5,0,0,0,0,true,false,false,false,true,false,false,false,false,false,false,false,false,false,false,false,false,false,false,false,false,false,-83.25319,42.41474,"{
  ""coordinates"": [
    -8.325319289384130e+01,
    4.241473806458950e+01
  ],
  ""type"": ""Point""
}","{
  ""coordinates"": [
    -83.253192894,
    42.414738065
  ],
  ""type"": ""Point""
}",-83.2531928939999,42.4147380650001
16210,1417079,QUEENSTON,8 MILE SERVICE,2018-07-05,5,7,2018,17,5,1,3,,,0,,1,1,1,25,2,1,1,5,0,0,0,0,true,false,false,false,false,false,false,false,false,false,false,false,false,false,false,false,false,false,false,false,false,false,-83.12765,42.44625,"{
  ""coordinates"": [
    -8.312764525100800e+01,
    4.244625208622660e+01
  ],
  ""type"": ""Point""
}","{
  ""coordinates"": [
    -83.127645251,
    42.446252086
  ],
  ""type"": ""Point""
}",-83.127645251,42.4462520860001
16211,1481328,ANNOTT,GIETZEN,2018-07-05,5,7,2018,12,5,8,9,,,0,,1,1,4,25,2,2,2,5,0,0,0,0,true,false,false,false,false,false,false,false,false,false,false,false,false,false,false,false,false,false,false,false,false,false,-83.00181,42.42526,"{
  ""coordinates"": [
    -8.300180981983679e+01,
    4.242526424653640e+01
  ],
  ""type"": ""Point""
}","{
  ""coordinates"": [
    -83.00180982,
    42.425264247
  ],
  ""type"": ""Point""
}",-83.0018098199999,42.425264247
16212,1423053,GREENFIELD,RAMP 136D,2018-07-05,5,7,2018,11,5,4,1,,2,0,Concrete,1,1,1,35,6,2,6,5,0,0,0,0,true,false,true,true,false,false,false,false,false,false,false,false,false,false,false,true,false,false,false,false,false,false,-83.19805,42.37965,"{
  ""coordinates"": [
    -8.319804915315601e+01,
    4.237965096474740e+01
  ],
  ""type"": ""Point""
}","{
  ""coordinates"": [
    -83.198049153,
    42.379650965
  ],
  ""type"": ""Point""
}",-83.1980491529999,42.3796509650001
16213,1417046,HARPER,COURVILLE,2018-07-05,5,7,2018,,5,1,9,,4,1,Asphalt,1,1,4,30,4,1,1,3,0,0,1,0,false,false,false,false,false,false,false,false,false,false,false,false,false,false,false,false,false,false,false,false,false,false,-82.94411,42.41116,"{
  ""coordinates"": [
    -8.294410729775061e+01,
    4.241115400919050e+01
  ],
  ""type"": ""Point""
}","{
  ""coordinates"": [
    -82.944107298,
    42.411154009
  ],
  ""type"": ""Point""
}",-82.9441072979999,42.411154009
16214,1418358,KERCHEVAL,DICKERSON,2018-07-05,5,7,2018,19,5,4,9,,4,0,Asphalt,1,1,1,,3,2,1,5,0,0,0,0,true,false,false,false,true,false,false,false,false,false,false,false,false,false,false,false,false,false,false,false,false,false,-82.95608,42.37567,"{
  ""coordinates"": [
    -8.295607398116670e+01,
    4.237567022778390e+01
  ],
  ""type"": ""Point""
}","{
  ""coordinates"": [
    -82.956073981,
    42.375670228
  ],
  ""type"": ""Point""
}",-82.956073981,42.375670228
16215,1424326,DAVIDSON,WOODROW WILSON,2018-07-05,5,7,2018,8,5,8,3,,1,0,Asphalt,1,1,1,55,3,2,2,5,0,0,0,0,true,false,false,false,true,false,false,false,false,false,false,false,false,false,false,false,false,false,false,false,false,false,-83.1111,42.39742,"{
  ""coordinates"": [
    -8.311109963052560e+01,
    4.239742212325360e+01
  ],
  ""type"": ""Point""
}","{
  ""coordinates"": [
    -83.111099631,
    42.397422123
  ],
  ""type"": ""Point""
}",-83.1110996309999,42.3974221230001
16216,1417009,I-94,GRATIOT,2018-07-05,5,7,2018,15,5,5,1,,1,0,Asphalt,1,1,1,55,3,2,2,3,0,0,1,0,false,false,false,false,false,false,false,true,true,false,false,false,false,false,true,true,false,false,false,false,false,false,-83.00556,42.39169,"{
  ""coordinates"": [
    -8.300556107193870e+01,
    4.239169347521330e+01
  ],
  ""type"": ""Point""
}","{
  ""coordinates"": [
    -83.005561072,
    42.391693475
  ],
  ""type"": ""Point""
}",-83.005561072,42.3916934750001
16217,1418295,W I 96 CD,RAMP 135E,2018-07-05,5,7,2018,21,5,5,1,,1,0,Concrete,2,2,5,55,3,2,2,5,0,0,0,0,true,false,false,false,true,false,false,false,false,false,false,false,false,false,false,false,false,false,false,false,false,false,-83.24023,42.38366,"{
  ""coordinates"": [
    -8.324022408469980e+01,
    4.238366496086240e+01
  ],
  ""type"": ""Point""
}","{
  ""coordinates"": [
    -83.240224085,
    42.383664961
  ],
  ""type"": ""Point""
}",-83.240224085,42.3836649610001
16218,1419381,SPRINGWELLS,FORT,2018-07-05,5,7,2018,6,5,4,3,,4,0,Concrete,1,1,1,35,4,2,1,5,0,0,0,0,true,false,true,true,false,false,false,false,false,false,false,false,false,false,false,false,false,false,false,false,false,false,-83.1192,42.30019,"{
  ""coordinates"": [
    -8.311920185047261e+01,
    4.230019353551630e+01
  ],
  ""type"": ""Point""
}","{
  ""coordinates"": [
    -83.11920185,
    42.300193536
  ],
  ""type"": ""Point""
}",-83.11920185,42.3001935360001