ObjectId,Crash ID,Primary Road,Intersecting Road,Crash Date,Day,Month,Year,Hour,Weekday,Crash Type Code,Highway Classification Code,Community Code,Jurisdiction Code,Lane Departure Type Code,Surface Type,Road Condition,Weather Condition,Lighting Condition,Speed Limit,Lanes,Units,Occupants,Most Severe Injury,Fatal Injuries,Suspected Serious Injuries,Suspected Minor Injuries,Possible Injuries,Property Damage Only,Secondary Crash,Traffic Control,Red Light Run,Hit and Run,Alcohol,Drugs,Unbelted Person,Work Zone,Speeding Driver,Distracted Driver,Driveway,Pedestrian,Elderly Driver,Young Driver,Commercial Vehicle,Emergency Vehicles,Train,School Bus,Motorcycle,Bicycle,Deer,Longitude,Latitude,geom,geog,x,y
16219,1416143,GREENFIELD,GRAND RIVER,2018-07-05,5,7,2018,1,5,3,3,,2,0,Asphalt,1,1,4,45,5,2,1,5,0,0,0,0,true,false,false,false,true,false,false,false,false,false,false,false,false,false,false,false,false,false,false,false,false,false,-83.19836,42.39266,"{
  ""coordinates"": [
    -8.319836526477810e+01,
    4.239265655829940e+01
  ],
  ""type"": ""Point""
}","{
  ""coordinates"": [
    -83.198365265,
    42.392656558
  ],
  ""type"": ""Point""
}",-83.1983652649999,42.3926565580001
16220,1418342,FISHER,3RD,2018-07-05,5,7,2018,23,5,8,9,,1,0,Asphalt,1,1,4,35,3,2,2,5,0,0,0,0,true,false,false,false,false,false,false,false,false,false,false,false,false,false,false,false,false,false,false,false,false,false,-83.06048,42.33663,"{
  ""coordinates"": [
    -8.306047922457969e+01,
    4.233662980564910e+01
  ],
  ""type"": ""Point""
}","{
  ""coordinates"": [
    -83.060479225,
    42.336629806
  ],
  ""type"": ""Point""
}",-83.0604792249999,42.3366298060001
16221,1420251,7 MILE,JOHN R,2018-07-05,5,7,2018,22,5,5,9,,4,0,Asphalt,1,1,3,35,4,2,3,5,0,0,0,0,true,false,false,false,false,false,false,false,false,false,true,false,false,false,false,false,false,false,false,false,false,false,-83.10233,42.43228,"{
  ""coordinates"": [
    -8.310232586143810e+01,
    4.243227807618400e+01
  ],
  ""type"": ""Point""
}","{
  ""coordinates"": [
    -83.102325861,
    42.432278076
  ],
  ""type"": ""Point""
}",-83.1023258609999,42.432278076
16222,1417073,HAYES,OUTER,2018-07-05,5,7,2018,0,5,5,9,,4,0,Asphalt,1,1,4,30,2,2,3,5,0,0,0,0,true,false,false,false,false,false,false,false,false,false,false,false,false,false,false,false,false,false,false,false,false,false,-82.96477,42.41463,"{
  ""coordinates"": [
    -8.296476860539531e+01,
    4.241463088935350e+01
  ],
  ""type"": ""Point""
}","{
  ""coordinates"": [
    -82.964768605,
    42.414630889
  ],
  ""type"": ""Point""
}",-82.964768605,42.4146308890001
16223,1418408,LIVERNOIS,FEDERAL,2018-07-05,5,7,2018,14,5,5,9,,4,0,Asphalt,1,1,1,35,4,2,2,5,0,0,0,0,true,false,false,false,false,false,false,false,false,false,true,false,false,true,false,false,false,false,false,false,false,false,-83.11321,42.3213,"{
  ""coordinates"": [
    -8.311320910334391e+01,
    4.232130585896510e+01
  ],
  ""type"": ""Point""
}","{
  ""coordinates"": [
    -83.113209103,
    42.321305859
  ],
  ""type"": ""Point""
}",-83.113209103,42.3213058590001
16224,1417072,7 MILE,SCHOENHERR,2018-07-05,5,7,2018,8,5,5,9,,4,0,Asphalt,1,1,1,,2,2,2,5,0,0,0,0,true,false,false,false,false,false,false,false,false,false,false,false,false,true,false,false,false,false,false,false,false,false,-82.98503,42.43492,"{
  ""coordinates"": [
    -8.298502975932131e+01,
    4.243491836405130e+01
  ],
  ""type"": ""Point""
}","{
  ""coordinates"": [
    -82.985029759,
    42.434918364
  ],
  ""type"": ""Point""
}",-82.985029759,42.4349183640001
16225,1552385,JEFFERSON,CHENE,2018-07-05,5,7,2018,14,5,5,9,,4,0,Asphalt,1,1,1,35,7,2,2,5,0,0,0,0,true,false,false,false,true,false,false,false,false,false,false,false,false,false,false,false,false,false,false,false,false,false,-83.02254,42.33829,"{
  ""coordinates"": [
    -8.302254111078940e+01,
    4.233829056809900e+01
  ],
  ""type"": ""Point""
}","{
  ""coordinates"": [
    -83.022541111,
    42.338290568
  ],
  ""type"": ""Point""
}",-83.022541111,42.338290568
16226,1418296,M-39,GRAND RIVER,2018-07-05,5,7,2018,22,5,97,3,,1,0,Asphalt,1,1,4,55,3,2,2,5,0,0,0,0,true,false,false,false,false,false,false,false,false,false,false,false,false,false,false,false,false,false,false,false,false,false,-83.21819,42.40228,"{
  ""coordinates"": [
    -8.321819106666170e+01,
    4.240228006794470e+01
  ],
  ""type"": ""Point""
}","{
  ""coordinates"": [
    -83.218191067,
    42.402280068
  ],
  ""type"": ""Point""
}",-83.218191067,42.402280068
16227,1418303,S M 39,SCHOOLCRAFT,2018-07-05,5,7,2018,20,5,5,3,,1,0,Asphalt,2,4,1,55,3,2,1,5,0,0,0,0,true,false,false,false,true,false,false,false,false,false,false,false,false,false,false,false,false,false,false,false,false,false,-83.21772,42.38643,"{
  ""coordinates"": [
    -8.321772332127250e+01,
    4.238643123155860e+01
  ],
  ""type"": ""Point""
}","{
  ""coordinates"": [
    -83.217723321,
    42.386431232
  ],
  ""type"": ""Point""
}",-83.2177233209999,42.3864312320001
16228,1418361,E I 94,N HARPER/S I 94,2018-07-05,5,7,2018,14,5,9,1,,1,0,Asphalt,1,1,1,65,6,2,1,5,0,0,0,0,true,false,false,false,true,false,false,false,false,false,false,false,false,false,false,false,false,false,false,false,false,false,-82.92905,42.424,"{
  ""coordinates"": [
    -8.292904839774420e+01,
    4.242399999323650e+01
  ],
  ""type"": ""Point""
}","{
  ""coordinates"": [
    -82.929048398,
    42.423999993
  ],
  ""type"": ""Point""
}",-82.929048398,42.4239999930001
16229,1417054,DEVONSHIRE,BREMEN,2018-07-05,5,7,2018,18,5,8,9,,,0,,1,1,1,25,2,2,1,3,0,0,1,0,false,false,false,false,false,false,false,false,false,false,true,false,false,false,false,false,false,false,false,false,false,false,-82.93794,42.39557,"{
  ""coordinates"": [
    -8.293793927912840e+01,
    4.239557037384900e+01
  ],
  ""type"": ""Point""
}","{
  ""coordinates"": [
    -82.937939279,
    42.395570374
  ],
  ""type"": ""Point""
}",-82.937939279,42.395570374
16230,1418298,I 96,OUTER,2018-07-05,5,7,2018,13,5,5,1,,1,0,Concrete,1,1,1,70,5,2,2,5,0,0,0,0,true,false,false,false,false,false,false,false,false,false,false,false,false,false,false,false,false,false,false,false,false,false,-83.25734,42.38564,"{
  ""coordinates"": [
    -8.325733864060830e+01,
    4.238564000650820e+01
  ],
  ""type"": ""Point""
}","{
  ""coordinates"": [
    -83.257338641,
    42.385640007
  ],
  ""type"": ""Point""
}",-83.257338641,42.3856400070001
16231,1417076,MT ELLIOT,MOUND,2018-07-05,5,7,2018,21,5,1,9,,4,1,Asphalt,1,1,5,,4,1,1,5,0,0,0,0,true,false,false,false,false,false,false,false,false,false,false,false,false,false,false,false,false,false,false,false,false,false,-83.03772,42.40086,"{
  ""coordinates"": [
    -8.303771647145599e+01,
    4.240086045542470e+01
  ],
  ""type"": ""Point""
}","{
  ""coordinates"": [
    -83.037716471,
    42.400860455
  ],
  ""type"": ""Point""
}",-83.037716471,42.400860455
16232,1417041,KIRKWOOD,TRENTON,2018-07-05,5,7,2018,20,5,1,9,,,0,,2,4,1,25,2,1,1,5,0,0,0,0,true,false,false,false,false,false,false,false,false,true,false,false,false,false,true,false,false,false,false,false,false,false,-83.15222,42.33587,"{
  ""coordinates"": [
    -8.315222272445961e+01,
    4.233587062895260e+01
  ],
  ""type"": ""Point""
}","{
  ""coordinates"": [
    -83.152222724,
    42.335870629
  ],
  ""type"": ""Point""
}",-83.152222724,42.3358706290001
16233,1418332,CASTLETON,SUSSEX,2018-07-04,4,7,2018,23,4,10,9,,,0,,1,1,4,25,4,2,1,5,0,0,0,0,true,false,false,false,true,false,false,false,false,false,false,false,false,false,false,false,false,false,false,false,false,false,-83.19424,42.37636,"{
  ""coordinates"": [
    -8.319424184538860e+01,
    4.237635722164620e+01
  ],
  ""type"": ""Point""
}","{
  ""coordinates"": [
    -83.194241845,
    42.376357222
  ],
  ""type"": ""Point""
}",-83.194241845,42.3763572220001
16234,1418414,7 MILE,SUSSEX,2018-07-04,4,7,2018,12,4,3,9,,2,0,Asphalt,1,1,1,35,4,2,4,4,0,0,0,4,false,false,false,false,false,false,false,false,false,false,false,false,false,false,false,false,false,false,false,false,false,false,-83.19616,42.43052,"{
  ""coordinates"": [
    -8.319616276460260e+01,
    4.243051776710980e+01
  ],
  ""type"": ""Point""
}","{
  ""coordinates"": [
    -83.196162765,
    42.430517767
  ],
  ""type"": ""Point""
}",-83.1961627649999,42.430517767
16235,1418416,MOUNT ELLIOTT,OUTER,2018-07-04,4,7,2018,19,4,8,9,,4,0,Asphalt,1,1,1,25,2,2,1,5,0,0,0,0,true,false,false,false,true,false,false,false,false,false,false,false,false,true,false,false,false,false,false,false,false,false,-83.0392,42.44093,"{
  ""coordinates"": [
    -8.303919702427061e+01,
    4.244092719334440e+01
  ],
  ""type"": ""Point""
}","{
  ""coordinates"": [
    -83.039197024,
    42.440927193
  ],
  ""type"": ""Point""
}",-83.039197024,42.4409271930001
16236,1423058,N M 39,GRAND RIVER,2018-07-04,4,7,2018,13,4,5,3,,1,0,Asphalt,1,1,1,45,3,2,1,5,0,0,0,0,true,false,false,false,false,false,false,false,false,false,true,false,false,true,false,false,false,false,false,false,false,false,-83.2182,42.4006,"{
  ""coordinates"": [
    -8.321820356366810e+01,
    4.240059894086290e+01
  ],
  ""type"": ""Point""
}","{
  ""coordinates"": [
    -83.218203564,
    42.400598941
  ],
  ""type"": ""Point""
}",-83.218203564,42.4005989410001
16237,1421205,WARREN,ALTER,2018-07-04,4,7,2018,22,4,9,9,,4,0,Asphalt,1,1,4,35,5,2,5,5,0,0,0,0,true,false,false,false,true,false,false,false,false,false,false,false,false,false,false,false,false,false,false,false,false,false,-82.95449,42.39702,"{
  ""coordinates"": [
    -8.295449186229609e+01,
    4.239702076065620e+01
  ],
  ""type"": ""Point""
}","{
  ""coordinates"": [
    -82.954491862,
    42.397020761
  ],
  ""type"": ""Point""
}",-82.9544918619999,42.3970207610001
16238,1418411,MCNICHOLS,LITTLEFIELD,2018-07-04,4,7,2018,11,4,5,9,,2,0,Asphalt,1,1,1,35,4,2,2,5,0,0,0,0,true,false,false,false,false,false,false,false,false,false,true,false,false,false,false,false,false,false,false,false,false,false,-83.17639,42.41661,"{
  ""coordinates"": [
    -8.317639071703030e+01,
    4.241660549588950e+01
  ],
  ""type"": ""Point""
}","{
  ""coordinates"": [
    -83.176390717,
    42.416605496
  ],
  ""type"": ""Point""
}",-83.1763907169999,42.416605496
16239,1418369,PIEDMONT,ORANGELAWN,2018-07-04,4,7,2018,20,4,8,9,,,0,,1,1,1,25,1,3,5,5,0,0,0,0,true,false,false,false,false,false,false,false,false,false,false,false,false,false,false,false,false,false,false,false,false,false,-83.22884,42.36725,"{
  ""coordinates"": [
    -8.322884437801309e+01,
    4.236725254974270e+01
  ],
  ""type"": ""Point""
}","{
  ""coordinates"": [
    -83.228844378,
    42.36725255
  ],
  ""type"": ""Point""
}",-83.228844378,42.36725255
16240,1420242,CHICAGO,LIVERNOIS,2018-07-04,4,7,2018,23,4,1,9,,4,1,Asphalt,1,1,4,25,2,1,3,4,0,0,0,2,false,false,false,false,false,false,false,false,false,false,false,false,false,false,false,false,false,false,false,false,false,false,-83.13888,42.36658,"{
  ""coordinates"": [
    -8.313888150516409e+01,
    4.236658387741130e+01
  ],
  ""type"": ""Point""
}","{
  ""coordinates"": [
    -83.138881505,
    42.366583877
  ],
  ""type"": ""Point""
}",-83.138881505,42.366583877
16241,1418315,M10,GRAND RIVER,2018-07-04,4,7,2018,20,4,5,3,,1,0,Concrete,1,1,1,55,3,2,3,2,0,1,0,0,false,false,false,false,false,false,false,false,false,false,false,false,false,false,false,false,false,false,false,true,false,false,-83.06683,42.34066,"{
  ""coordinates"": [
    -8.306683386907750e+01,
    4.234066040649260e+01
  ],
  ""type"": ""Point""
}","{
  ""coordinates"": [
    -83.066833869,
    42.340660406
  ],
  ""type"": ""Point""
}",-83.0668338689999,42.340660406
16242,1422108,GRAND,JEFFERSON,2018-07-04,4,7,2018,20,4,8,9,,4,0,Asphalt,1,1,1,35,4,2,1,5,0,0,0,0,true,false,false,false,true,false,false,false,false,false,false,false,false,false,false,false,false,false,false,false,false,false,-83.08169,42.31249,"{
  ""coordinates"": [
    -8.308168995041910e+01,
    4.231248770289420e+01
  ],
  ""type"": ""Point""
}","{
  ""coordinates"": [
    -83.08168995,
    42.312487703
  ],
  ""type"": ""Point""
}",-83.0816899499999,42.312487703
16243,1418336,14TH,CLEMENTS,2018-07-04,4,7,2018,17,4,4,9,,4,0,Asphalt,1,1,1,25,3,2,2,5,0,0,0,0,true,false,false,false,false,false,false,false,false,false,false,false,false,false,false,false,true,false,false,false,false,false,-83.1166,42.39606,"{
  ""coordinates"": [
    -8.311660029393680e+01,
    4.239606225336720e+01
  ],
  ""type"": ""Point""
}","{
  ""coordinates"": [
    -83.116600294,
    42.396062253
  ],
  ""type"": ""Point""
}",-83.116600294,42.396062253
16244,1620502,CADILLAC,RANDOLPH,2018-07-04,4,7,2018,9,4,8,3,,4,0,Asphalt,1,1,1,25,5,2,8,5,0,0,0,0,true,false,false,false,false,false,false,false,false,false,false,false,false,false,false,false,false,false,false,false,false,false,-83.04374,42.3314,"{
  ""coordinates"": [
    -8.304373600243630e+01,
    4.233139724444120e+01
  ],
  ""type"": ""Point""
}","{
  ""coordinates"": [
    -83.043736002,
    42.331397244
  ],
  ""type"": ""Point""
}",-83.0437360019999,42.3313972440001
16245,1418373,LAUDER,WADSWORTH,2018-07-04,4,7,2018,23,4,98,9,,,0,,98,98,98,25,2,2,1,5,0,0,0,0,true,false,false,false,true,false,false,false,false,false,false,false,false,false,false,false,false,false,false,false,false,false,-83.19001,42.37497,"{
  ""coordinates"": [
    -8.319001342044361e+01,
    4.237496459942440e+01
  ],
  ""type"": ""Point""
}","{
  ""coordinates"": [
    -83.19001342,
    42.374964599
  ],
  ""type"": ""Point""
}",-83.19001342,42.3749645990001
16246,1418409,M 10,RAMP 109D,2018-07-04,4,7,2018,22,4,8,3,,1,0,Concrete,1,1,4,55,4,2,2,5,0,0,0,0,true,false,false,false,true,false,false,true,false,false,false,false,false,false,false,false,false,false,false,false,false,false,-83.10799,42.39601,"{
  ""coordinates"": [
    -8.310799455448500e+01,
    4.239601040346800e+01
  ],
  ""type"": ""Point""
}","{
  ""coordinates"": [
    -83.107994554,
    42.396010403
  ],
  ""type"": ""Point""
}",-83.107994554,42.396010403
16247,1418379,FENKELL,ROSEMONT,2018-07-04,4,7,2018,23,4,3,9,,2,0,Asphalt,1,1,4,35,2,2,4,4,0,0,0,3,false,false,false,false,false,false,false,false,false,false,false,false,false,false,false,false,false,false,false,false,false,false,-83.22071,42.40105,"{
  ""coordinates"": [
    -8.322071172917830e+01,
    4.240105157779200e+01
  ],
  ""type"": ""Point""
}","{
  ""coordinates"": [
    -83.220711729,
    42.401051578
  ],
  ""type"": ""Point""
}",-83.220711729,42.4010515780001
16248,1419375,MCNHICOLS,HUBBELL,2018-07-04,4,7,2018,2,4,4,9,,2,0,Asphalt,1,1,4,35,3,2,1,5,0,0,0,0,true,false,false,false,true,true,false,false,false,false,false,false,false,false,false,false,false,false,false,false,false,false,-83.18951,42.41646,"{
  ""coordinates"": [
    -8.318951236835569e+01,
    4.241645998563260e+01
  ],
  ""type"": ""Point""
}","{
  ""coordinates"": [
    -83.189512368,
    42.416459986
  ],
  ""type"": ""Point""
}",-83.189512368,42.4164599860001
16249,1418415,NORFOLK,LAUDER,2018-07-04,4,7,2018,17,4,5,9,,,0,,1,1,1,25,1,2,1,5,0,0,0,0,true,false,false,false,true,false,false,false,false,false,false,false,false,false,false,false,false,false,false,false,false,false,-83.19281,42.4431,"{
  ""coordinates"": [
    -8.319281006527690e+01,
    4.244309998624280e+01
  ],
  ""type"": ""Point""
}","{
  ""coordinates"": [
    -83.192810065,
    42.443099986
  ],
  ""type"": ""Point""
}",-83.1928100649999,42.443099986
16250,1418322,I-94,M-10,2018-07-04,4,7,2018,4,4,1,1,,1,1,Asphalt,1,1,4,55,3,1,1,3,0,0,1,0,false,false,false,false,false,false,false,false,false,true,false,false,false,false,false,false,false,false,false,false,false,false,-83.07816,42.35828,"{
  ""coordinates"": [
    -8.307815294842200e+01,
    4.235828340774960e+01
  ],
  ""type"": ""Point""
}","{
  ""coordinates"": [
    -83.078152948,
    42.358283408
  ],
  ""type"": ""Point""
}",-83.078152948,42.358283408
16251,1418327,I 94,CONCORD,2018-07-04,4,7,2018,17,4,1,1,,1,1,Asphalt,1,1,1,55,3,1,1,4,0,0,0,1,false,false,false,false,false,false,false,false,false,true,false,false,false,false,false,false,false,false,false,false,false,false,-83.02901,42.38388,"{
  ""coordinates"": [
    -8.302900867413911e+01,
    4.238387821602030e+01
  ],
  ""type"": ""Point""
}","{
  ""coordinates"": [
    -83.029008674,
    42.383878216
  ],
  ""type"": ""Point""
}",-83.029008674,42.383878216
16252,1420244,CHICAGO,WOODROW WILSON,2018-07-04,4,7,2018,0,4,8,9,,4,0,Asphalt,1,1,4,,1,2,1,5,0,0,0,0,true,false,false,false,false,false,false,false,false,false,false,false,false,false,false,false,false,false,false,false,false,false,-83.09866,42.38098,"{
  ""coordinates"": [
    -8.309866506883050e+01,
    4.238098008028670e+01
  ],
  ""type"": ""Point""
}","{
  ""coordinates"": [
    -83.098665069,
    42.38098008
  ],
  ""type"": ""Point""
}",-83.0986650689999,42.38098008
16253,1418364,BRAILE,7 MILE,2018-07-04,4,7,2018,20,4,5,9,,,0,,1,1,4,25,2,2,1,5,0,0,0,0,true,false,false,false,true,false,false,false,false,false,false,false,false,false,false,false,false,false,false,false,false,false,-83.24616,42.42947,"{
  ""coordinates"": [
    -8.324616523255381e+01,
    4.242946840913000e+01
  ],
  ""type"": ""Point""
}","{
  ""coordinates"": [
    -83.246165233,
    42.429468409
  ],
  ""type"": ""Point""
}",-83.2461652329999,42.429468409
16254,1418423,LAUDER,CURTIS,2018-07-04,4,7,2018,6,4,98,9,,,0,,1,1,4,25,1,2,0,5,0,0,0,0,true,false,false,false,true,false,false,false,false,false,false,false,false,false,false,false,false,false,false,false,false,false,-83.19238,42.42561,"{
  ""coordinates"": [
    -8.319237892855710e+01,
    4.242561151806720e+01
  ],
  ""type"": ""Point""
}","{
  ""coordinates"": [
    -83.192378929,
    42.425611518
  ],
  ""type"": ""Point""
}",-83.192378929,42.425611518
16255,1423056,JEFFERSON,FIELD,2018-07-04,4,7,2018,21,4,5,9,,4,0,Asphalt,1,1,4,35,3,2,5,5,0,0,0,0,true,false,false,false,false,false,false,false,false,false,false,false,false,false,false,false,false,false,false,false,false,false,-83.00022,42.34798,"{
  ""coordinates"": [
    -8.300022484817021e+01,
    4.234797898870430e+01
  ],
  ""type"": ""Point""
}","{
  ""coordinates"": [
    -83.000224848,
    42.347978989
  ],
  ""type"": ""Point""
}",-83.000224848,42.3479789890001
16256,1420229,7 MILE,SCHOENHERR,2018-07-04,4,7,2018,22,4,8,9,,4,0,Asphalt,1,1,1,30,2,2,2,5,0,0,0,0,true,false,false,false,true,false,false,false,false,false,false,false,false,false,false,false,false,false,false,false,false,false,-82.98517,42.43492,"{
  ""coordinates"": [
    -8.298516666836700e+01,
    4.243491779806020e+01
  ],
  ""type"": ""Point""
}","{
  ""coordinates"": [
    -82.985166668,
    42.434917798
  ],
  ""type"": ""Point""
}",-82.985166668,42.4349177980001
16257,1420092,I 94,RAMP 222A,2018-07-04,4,7,2018,1,4,8,1,,1,0,Asphalt,1,1,4,55,3,2,1,5,0,0,0,0,true,false,false,false,true,false,false,false,false,false,false,false,false,false,false,false,false,false,false,false,false,false,-82.95206,42.40722,"{
  ""coordinates"": [
    -8.295205449369980e+01,
    4.240722169441710e+01
  ],
  ""type"": ""Point""
}","{
  ""coordinates"": [
    -82.952054494,
    42.407221694
  ],
  ""type"": ""Point""
}",-82.952054494,42.407221694
16258,1420234,GRAND RIVER,JOY,2018-07-04,4,7,2018,3,4,1,3,,1,0,Asphalt,1,1,4,35,4,1,1,5,0,0,0,0,true,false,false,false,false,false,false,false,false,false,false,false,false,false,false,false,false,false,false,false,false,false,-83.1303,42.36523,"{
  ""coordinates"": [
    -8.313030593074420e+01,
    4.236523377855310e+01
  ],
  ""type"": ""Point""
}","{
  ""coordinates"": [
    -83.130305931,
    42.365233779
  ],
  ""type"": ""Point""
}",-83.130305931,42.3652337790001
16259,1420245,DAVISON,LIVERNOIS,2018-07-04,4,7,2018,16,4,4,3,,1,0,Concrete,1,1,1,35,7,2,3,4,0,0,0,1,false,false,true,true,false,false,false,false,false,false,false,false,false,false,false,false,false,false,false,false,false,false,-83.13955,42.38669,"{
  ""coordinates"": [
    -8.313954844527470e+01,
    4.238669096061450e+01
  ],
  ""type"": ""Point""
}","{
  ""coordinates"": [
    -83.139548445,
    42.386690961
  ],
  ""type"": ""Point""
}",-83.1395484449999,42.3866909610001
16260,1416134,I-96,OAKMAN,2018-07-04,4,7,2018,22,4,1,3,,1,1,Concrete,1,1,4,55,4,1,1,3,0,0,1,0,false,false,false,false,false,false,false,false,false,true,true,false,false,false,false,false,false,false,false,false,false,false,-83.14606,42.38639,"{
  ""coordinates"": [
    -8.314606757296410e+01,
    4.238639101249580e+01
  ],
  ""type"": ""Point""
}","{
  ""coordinates"": [
    -83.146067573,
    42.386391012
  ],
  ""type"": ""Point""
}",-83.146067573,42.386391012
16261,1427120,LIVERNOIS,FLORENCE,2018-07-04,4,7,2018,10,4,5,9,,4,0,Asphalt,1,1,1,30,6,3,6,4,0,0,0,1,false,false,false,false,false,false,false,true,false,false,false,false,false,true,false,false,false,false,false,false,false,false,-83.14051,42.41231,"{
  ""coordinates"": [
    -8.314051348467780e+01,
    4.241230992618480e+01
  ],
  ""type"": ""Point""
}","{
  ""coordinates"": [
    -83.140513485,
    42.412309926
  ],
  ""type"": ""Point""
}",-83.140513485,42.412309926
16262,1415316,S I 75 SERVICE DRIVE,MILITARY,2018-07-04,4,7,2018,3,4,1,9,,4,1,Asphalt,1,1,4,35,3,1,1,5,0,0,0,0,true,false,false,false,false,false,false,false,false,false,false,false,false,false,false,false,false,false,false,false,false,false,-83.10211,42.30934,"{
  ""coordinates"": [
    -8.310210882686630e+01,
    4.230934023157130e+01
  ],
  ""type"": ""Point""
}","{
  ""coordinates"": [
    -83.102108827,
    42.309340232
  ],
  ""type"": ""Point""
}",-83.1021088269999,42.3093402320001
16263,1417049,WHITTIER,W I 94,2018-07-04,4,7,2018,20,4,1,1,,4,0,Asphalt,5,1,3,30,2,1,1,2,0,1,0,0,false,false,false,false,false,false,false,false,false,false,false,false,false,false,false,false,false,false,false,true,false,false,-82.94331,42.4129,"{
  ""coordinates"": [
    -8.294330952216420e+01,
    4.241289913045120e+01
  ],
  ""type"": ""Point""
}","{
  ""coordinates"": [
    -82.943309522,
    42.41289913
  ],
  ""type"": ""Point""
}",-82.9433095219999,42.41289913
16264,1416151,CECIL,HORATIO,2018-07-04,4,7,2018,23,4,9,9,,4,2,Asphalt,1,1,5,25,2,2,3,5,0,0,0,0,true,false,false,false,true,false,false,false,false,false,false,false,false,false,false,false,false,false,false,false,false,false,-83.13277,42.33226,"{
  ""coordinates"": [
    -8.313277575211291e+01,
    4.233225651232560e+01
  ],
  ""type"": ""Point""
}","{
  ""coordinates"": [
    -83.132775752,
    42.332256512
  ],
  ""type"": ""Point""
}",-83.132775752,42.3322565120001
16265,1416159,DEXTER,LAWRENCE,2018-07-04,4,7,2018,17,4,4,9,,4,0,Asphalt,1,1,1,35,2,2,7,4,0,0,0,2,false,false,false,false,false,false,false,false,false,false,false,false,false,false,false,false,false,false,false,false,false,false,-83.12296,42.37799,"{
  ""coordinates"": [
    -8.312295510098500e+01,
    4.237799549862560e+01
  ],
  ""type"": ""Point""
}","{
  ""coordinates"": [
    -83.122955101,
    42.377995499
  ],
  ""type"": ""Point""
}",-83.1229551009999,42.3779954990001
16266,1416152,JUNCTION,FORT,2018-07-04,4,7,2018,23,4,8,3,,4,0,Asphalt,1,1,4,25,2,2,1,5,0,0,0,0,true,false,false,false,true,false,false,false,false,false,false,false,false,false,false,false,false,false,false,false,false,false,-83.09601,42.30972,"{
  ""coordinates"": [
    -8.309600550174839e+01,
    4.230971600321700e+01
  ],
  ""type"": ""Point""
}","{
  ""coordinates"": [
    -83.096005502,
    42.309716003
  ],
  ""type"": ""Point""
}",-83.096005502,42.3097160030001
16267,1417070,LAPPIN,VERONA,2018-07-04,4,7,2018,22,4,5,9,,,0,,1,1,4,30,2,2,0,5,0,0,0,0,true,false,false,false,true,false,false,false,false,false,false,false,false,false,false,false,false,false,false,false,false,false,-82.98179,42.43705,"{
  ""coordinates"": [
    -8.298178893268020e+01,
    4.243704521513710e+01
  ],
  ""type"": ""Point""
}","{
  ""coordinates"": [
    -82.981788933,
    42.437045215
  ],
  ""type"": ""Point""
}",-82.981788933,42.4370452150001
16268,1416150,LONYO,ST JOHN,2018-07-04,4,7,2018,10,4,1,9,,4,0,Asphalt,1,1,1,,2,1,1,5,0,0,0,0,true,false,false,false,false,false,false,false,false,false,true,false,false,false,false,false,false,false,false,false,false,false,-83.14024,42.32465,"{
  ""coordinates"": [
    -8.314024413781290e+01,
    4.232464814716720e+01
  ],
  ""type"": ""Point""
}","{
  ""coordinates"": [
    -83.140244138,
    42.324648147
  ],
  ""type"": ""Point""
}",-83.140244138,42.3246481470001
16269,1416158,ST AUBIN,ATWATER,2018-07-04,4,7,2018,,4,5,9,,5,0,Asphalt,1,1,4,25,2,2,1,5,0,0,0,0,true,false,false,false,true,false,false,false,false,false,false,false,false,false,false,false,false,false,false,false,false,false,-83.02428,42.33408,"{
  ""coordinates"": [
    -8.302428468879720e+01,
    4.233407524782150e+01
  ],
  ""type"": ""Point""
}","{
  ""coordinates"": [
    -83.024284689,
    42.334075248
  ],
  ""type"": ""Point""
}",-83.024284689,42.334075248
16270,1418385,MARGARETA,SHAFTSBURY,2018-07-04,4,7,2018,23,4,1,9,,,0,,1,1,4,25,2,1,0,5,0,0,0,0,true,false,false,false,true,false,false,false,false,false,false,false,false,false,false,false,false,false,false,false,false,false,-83.23077,42.42664,"{
  ""coordinates"": [
    -8.323077688650940e+01,
    4.242663652651760e+01
  ],
  ""type"": ""Point""
}","{
  ""coordinates"": [
    -83.230776887,
    42.426636527
  ],
  ""type"": ""Point""
}",-83.230776887,42.426636527
16271,1417071,7 MILE,CHALMERS,2018-07-04,4,7,2018,22,4,5,9,,2,0,Asphalt,1,1,4,30,3,4,7,3,0,0,4,0,false,false,false,false,true,false,false,false,false,false,false,false,false,false,true,false,false,false,false,false,false,false,-82.97528,42.43513,"{
  ""coordinates"": [
    -8.297528042095210e+01,
    4.243513272018430e+01
  ],
  ""type"": ""Point""
}","{
  ""coordinates"": [
    -82.975280421,
    42.43513272
  ],
  ""type"": ""Point""
}",-82.975280421,42.4351327200001
16272,1416138,MAPLE LAWN,MENDOTA,2018-07-04,4,7,2018,23,4,8,9,,,0,,1,1,4,,2,2,0,5,0,0,0,0,true,false,false,false,true,false,false,false,false,false,true,false,false,false,false,false,false,false,false,false,false,false,-83.16436,42.36968,"{
  ""coordinates"": [
    -8.316435868330881e+01,
    4.236967789658970e+01
  ],
  ""type"": ""Point""
}","{
  ""coordinates"": [
    -83.164358683,
    42.369677897
  ],
  ""type"": ""Point""
}",-83.164358683,42.369677897