ObjectId,Crash ID,Primary Road,Intersecting Road,Crash Date,Day,Month,Year,Hour,Weekday,Crash Type Code,Highway Classification Code,Community Code,Jurisdiction Code,Lane Departure Type Code,Surface Type,Road Condition,Weather Condition,Lighting Condition,Speed Limit,Lanes,Units,Occupants,Most Severe Injury,Fatal Injuries,Suspected Serious Injuries,Suspected Minor Injuries,Possible Injuries,Property Damage Only,Secondary Crash,Traffic Control,Red Light Run,Hit and Run,Alcohol,Drugs,Unbelted Person,Work Zone,Speeding Driver,Distracted Driver,Driveway,Pedestrian,Elderly Driver,Young Driver,Commercial Vehicle,Emergency Vehicles,Train,School Bus,Motorcycle,Bicycle,Deer,Longitude,Latitude,geom,geog,x,y
16273,1417066,SEYBURN,FOREST,2018-07-04,4,7,2018,19,4,5,9,,,0,,1,1,1,25,2,2,2,3,0,0,1,0,false,false,false,false,true,false,false,false,false,false,false,false,false,false,false,false,false,false,false,false,false,false,-83.01223,42.37347,"{
  ""coordinates"": [
    -8.301223210946500e+01,
    4.237346689906980e+01
  ],
  ""type"": ""Point""
}","{
  ""coordinates"": [
    -83.012232109,
    42.373466899
  ],
  ""type"": ""Point""
}",-83.012232109,42.3734668990001
16274,1417055,FRANKFORT,CHALMERS,2018-07-04,4,7,2018,20,4,4,9,,,0,,1,1,1,30,2,2,10,4,0,0,0,4,false,false,false,false,false,false,false,true,false,true,false,false,false,false,false,false,false,false,false,false,false,false,-82.95992,42.39708,"{
  ""coordinates"": [
    -8.295991551463590e+01,
    4.239708302973740e+01
  ],
  ""type"": ""Point""
}","{
  ""coordinates"": [
    -82.959915515,
    42.39708303
  ],
  ""type"": ""Point""
}",-82.959915515,42.39708303
16275,1417065,BRUSH,SMITH,2018-07-04,4,7,2018,19,4,8,9,,4,0,Asphalt,1,1,3,25,3,2,0,5,0,0,0,0,true,false,false,false,true,false,false,false,false,false,false,false,false,false,true,false,false,false,false,false,false,false,-83.07058,42.37482,"{
  ""coordinates"": [
    -8.307058052055920e+01,
    4.237481822095240e+01
  ],
  ""type"": ""Point""
}","{
  ""coordinates"": [
    -83.070580521,
    42.374818221
  ],
  ""type"": ""Point""
}",-83.070580521,42.3748182210001
16276,1416147,GRIGGS,BEECHDALE,2018-07-04,4,7,2018,5,4,1,9,,,1,,1,1,4,25,2,1,1,5,0,0,0,0,true,false,false,false,false,false,false,false,false,false,false,false,false,false,true,false,false,false,false,false,false,false,-83.16181,42.3706,"{
  ""coordinates"": [
    -8.316181394139420e+01,
    4.237060127067540e+01
  ],
  ""type"": ""Point""
}","{
  ""coordinates"": [
    -83.161813941,
    42.370601271
  ],
  ""type"": ""Point""
}",-83.1618139409999,42.3706012710001
16277,1416164,7 MILE,GRATIOT,2018-07-04,4,7,2018,1,4,5,3,,2,0,Asphalt,1,1,4,35,1,2,2,5,0,0,0,0,true,false,false,false,false,false,false,false,false,false,false,false,false,false,true,false,false,false,false,false,false,false,-82.97764,42.43508,"{
  ""coordinates"": [
    -8.297763807186560e+01,
    4.243507863988460e+01
  ],
  ""type"": ""Point""
}","{
  ""coordinates"": [
    -82.977638072,
    42.43507864
  ],
  ""type"": ""Point""
}",-82.9776380719999,42.43507864
16278,1416162,7 MILE,GRANDVILLE,2018-07-04,4,7,2018,1,4,8,9,,2,0,Asphalt,1,1,1,35,2,2,1,5,0,0,0,0,true,false,false,false,true,false,false,false,false,false,false,false,false,false,false,false,false,false,false,false,false,false,-83.23243,42.42975,"{
  ""coordinates"": [
    -8.323243010769140e+01,
    4.242974852673370e+01
  ],
  ""type"": ""Point""
}","{
  ""coordinates"": [
    -83.232430108,
    42.429748527
  ],
  ""type"": ""Point""
}",-83.232430108,42.4297485270001
16279,1416141,INTERVALE,WYOMING,2018-07-04,4,7,2018,16,4,4,9,,,0,,1,1,1,35,2,2,4,5,0,0,0,0,true,false,true,true,false,false,false,false,false,false,false,false,false,false,false,false,false,false,false,false,false,false,-83.15916,42.39165,"{
  ""coordinates"": [
    -8.315916784555699e+01,
    4.239165069637860e+01
  ],
  ""type"": ""Point""
}","{
  ""coordinates"": [
    -83.159167846,
    42.391650696
  ],
  ""type"": ""Point""
}",-83.1591678459999,42.3916506960001
16280,1416148,FORT,WASHINGTON,2018-07-04,4,7,2018,15,4,4,3,,1,0,Asphalt,1,1,1,30,6,2,3,5,0,0,0,0,true,false,true,true,false,false,false,false,false,true,false,false,false,false,false,false,false,false,false,false,false,false,-83.04977,42.32969,"{
  ""coordinates"": [
    -8.304977666151051e+01,
    4.232969424334590e+01
  ],
  ""type"": ""Point""
}","{
  ""coordinates"": [
    -83.049776662,
    42.329694243
  ],
  ""type"": ""Point""
}",-83.0497766619999,42.3296942430001
16281,1417043,LIVERNOIS,FLORENCE,2018-07-04,4,7,2018,10,4,5,9,,4,0,Asphalt,1,1,1,30,2,2,3,2,0,1,1,0,false,false,false,false,true,false,false,false,false,false,false,false,false,false,false,false,false,false,false,false,false,false,-83.14077,42.41227,"{
  ""coordinates"": [
    -8.314076665639659e+01,
    4.241226758657310e+01
  ],
  ""type"": ""Point""
}","{
  ""coordinates"": [
    -83.140766656,
    42.412267587
  ],
  ""type"": ""Point""
}",-83.140766656,42.412267587
16282,1417038,GRAND,MILFORD,2018-07-04,4,7,2018,23,4,97,9,,4,0,Asphalt,1,1,4,30,2,2,2,3,0,0,1,0,false,false,false,false,false,true,false,false,false,false,false,false,false,false,false,false,false,false,false,false,false,false,-83.11018,42.34995,"{
  ""coordinates"": [
    -8.311018517819140e+01,
    4.234994751470540e+01
  ],
  ""type"": ""Point""
}","{
  ""coordinates"": [
    -83.110185178,
    42.349947515
  ],
  ""type"": ""Point""
}",-83.1101851779999,42.3499475150001
16283,1416139,FENKELL,ARDMORE,2018-07-04,4,7,2018,23,4,8,9,,2,0,Asphalt,1,1,4,35,4,2,1,3,0,0,1,0,false,false,false,false,true,false,false,false,false,false,false,false,false,false,false,false,false,false,false,true,false,false,-83.1846,42.40194,"{
  ""coordinates"": [
    -8.318459718128619e+01,
    4.240193576427710e+01
  ],
  ""type"": ""Point""
}","{
  ""coordinates"": [
    -83.184597181,
    42.401935764
  ],
  ""type"": ""Point""
}",-83.184597181,42.401935764
16284,1416174,MARYLAND,LOZIER,2018-07-04,4,7,2018,18,4,4,9,,,0,,1,1,1,25,2,2,1,5,0,0,0,0,true,false,true,false,true,false,false,false,false,false,false,false,false,false,false,false,false,false,false,false,false,false,-82.94749,42.39047,"{
  ""coordinates"": [
    -8.294749627068779e+01,
    4.239046847024270e+01
  ],
  ""type"": ""Point""
}","{
  ""coordinates"": [
    -82.947496271,
    42.39046847
  ],
  ""type"": ""Point""
}",-82.947496271,42.39046847
16285,1416140,PURITAN,MEYERS,2018-07-04,4,7,2018,20,4,3,9,,4,0,Asphalt,1,1,1,35,2,2,2,3,0,0,1,0,false,false,false,false,true,false,false,false,false,false,false,false,false,false,false,false,false,false,false,false,false,false,-83.16977,42.40953,"{
  ""coordinates"": [
    -8.316976792601530e+01,
    4.240953493105210e+01
  ],
  ""type"": ""Point""
}","{
  ""coordinates"": [
    -83.169767926,
    42.409534931
  ],
  ""type"": ""Point""
}",-83.169767926,42.4095349310001
16286,1416142,HUBBELL,INTERVALE,2018-07-04,4,7,2018,19,4,4,9,,4,0,Asphalt,1,1,1,,2,2,3,4,0,0,0,1,false,false,true,false,false,false,false,false,false,false,false,false,false,false,true,false,false,false,false,false,false,false,-83.18848,42.39098,"{
  ""coordinates"": [
    -8.318847338677190e+01,
    4.239098310511550e+01
  ],
  ""type"": ""Point""
}","{
  ""coordinates"": [
    -83.188473387,
    42.390983105
  ],
  ""type"": ""Point""
}",-83.188473387,42.390983105
16287,1571601,OHIO,MARGARETA,2018-07-04,4,7,2018,17,4,4,9,,,0,,1,1,1,25,2,2,1,5,0,0,0,0,true,false,false,false,true,false,false,false,false,false,false,false,false,false,false,false,false,false,false,false,false,false,-83.15649,42.42776,"{
  ""coordinates"": [
    -8.315648828064241e+01,
    4.242775671978370e+01
  ],
  ""type"": ""Point""
}","{
  ""coordinates"": [
    -83.156488281,
    42.42775672
  ],
  ""type"": ""Point""
}",-83.156488281,42.42775672
16288,1557510,S I 75,CLIFFORD,2018-07-04,4,7,2018,0,4,4,1,,1,0,Concrete,1,1,5,25,2,2,1,4,0,0,0,1,false,false,false,false,true,false,false,false,false,false,false,false,false,false,false,false,false,false,false,false,false,false,-83.05605,42.3386,"{
  ""coordinates"": [
    -8.305604820134020e+01,
    4.233860100683010e+01
  ],
  ""type"": ""Point""
}","{
  ""coordinates"": [
    -83.056048201,
    42.338601007
  ],
  ""type"": ""Point""
}",-83.056048201,42.3386010070001
16289,1416160,7 MILE,SAINT MARYS,2018-07-04,4,7,2018,20,4,4,9,,2,0,Asphalt,1,1,1,35,6,2,5,5,0,0,0,0,true,false,false,false,false,false,false,false,false,false,false,false,false,false,false,false,false,false,false,false,false,false,-83.20746,42.43031,"{
  ""coordinates"": [
    -8.320746094660760e+01,
    4.243031083611410e+01
  ],
  ""type"": ""Point""
}","{
  ""coordinates"": [
    -83.207460947,
    42.430310836
  ],
  ""type"": ""Point""
}",-83.207460947,42.430310836
16290,1416155,SCHAEFER,FORT,2018-07-04,4,7,2018,15,4,8,7,,1,0,Asphalt,1,1,1,35,2,2,1,5,0,0,0,0,true,false,false,false,true,false,false,false,false,false,false,false,false,false,false,false,false,false,false,false,false,false,-83.15595,42.27684,"{
  ""coordinates"": [
    -8.315595134377141e+01,
    4.227684021502730e+01
  ],
  ""type"": ""Point""
}","{
  ""coordinates"": [
    -83.155951344,
    42.276840215
  ],
  ""type"": ""Point""
}",-83.155951344,42.276840215
16291,1416175,MCNICHOLS,CARRIE,2018-07-04,4,7,2018,10,4,2,9,,4,0,Asphalt,1,1,4,35,2,2,5,4,0,0,0,3,false,false,false,false,false,true,false,true,false,true,false,false,false,true,false,false,false,false,false,false,false,false,-83.02993,42.41937,"{
  ""coordinates"": [
    -8.302993223581670e+01,
    4.241936739119160e+01
  ],
  ""type"": ""Point""
}","{
  ""coordinates"": [
    -83.029932236,
    42.419367391
  ],
  ""type"": ""Point""
}",-83.029932236,42.419367391
16292,1434188,W I 96,GREENFIELD,2018-07-04,4,7,2018,15,4,1,1,,1,1,Concrete,1,1,1,55,3,1,1,5,0,0,0,0,true,false,false,false,false,false,false,false,false,true,false,false,false,false,true,false,false,false,false,false,false,false,-83.19786,42.37923,"{
  ""coordinates"": [
    -8.319786264504771e+01,
    4.237923475571680e+01
  ],
  ""type"": ""Point""
}","{
  ""coordinates"": [
    -83.197862645,
    42.379234756
  ],
  ""type"": ""Point""
}",-83.197862645,42.3792347560001
16293,1417035,M-10,WYOMING,2018-07-04,4,7,2018,11,4,8,3,,4,0,Concrete,1,1,1,55,3,2,2,5,0,0,0,0,true,false,false,false,false,false,false,false,false,false,false,false,false,false,true,false,false,false,false,false,false,false,-83.1595,42.40553,"{
  ""coordinates"": [
    -8.315949756385371e+01,
    4.240552680158280e+01
  ],
  ""type"": ""Point""
}","{
  ""coordinates"": [
    -83.159497564,
    42.405526802
  ],
  ""type"": ""Point""
}",-83.1594975639999,42.4055268020001
16294,1426207,I-75,CLARK,2018-07-04,4,7,2018,0,4,8,1,,1,0,Concrete,1,1,4,55,2,2,1,5,0,0,0,0,true,false,false,false,true,false,false,false,false,false,false,false,false,true,false,false,false,false,false,false,false,false,-83.09268,42.31279,"{
  ""coordinates"": [
    -8.309268489809800e+01,
    4.231279088247540e+01
  ],
  ""type"": ""Point""
}","{
  ""coordinates"": [
    -83.092684898,
    42.312790882
  ],
  ""type"": ""Point""
}",-83.092684898,42.3127908820001
16295,1471124,HARPER,AUDUBON,2018-07-04,4,7,2018,12,4,5,9,,4,0,Asphalt,1,1,4,30,2,2,3,2,0,1,0,0,false,true,false,false,false,false,false,false,false,false,false,false,false,false,true,false,false,false,false,false,false,false,-82.94395,42.41127,"{
  ""coordinates"": [
    -8.294395623672690e+01,
    4.241126750677260e+01
  ],
  ""type"": ""Point""
}","{
  ""coordinates"": [
    -82.943956237,
    42.411267507
  ],
  ""type"": ""Point""
}",-82.943956237,42.411267507
16296,1433445,RAMP 213P,RAMP 213H,2018-07-04,4,7,2018,19,4,8,1,,1,0,Concrete,1,1,1,55,2,2,2,5,0,0,0,0,true,false,false,false,true,false,false,false,false,false,false,false,false,false,false,false,false,false,false,false,false,false,-83.0967,42.35064,"{
  ""coordinates"": [
    -8.309670009910370e+01,
    4.235063614326220e+01
  ],
  ""type"": ""Point""
}","{
  ""coordinates"": [
    -83.096700099,
    42.350636143
  ],
  ""type"": ""Point""
}",-83.096700099,42.350636143
16297,1437009,7 MILE,PIERSON,2018-07-04,4,7,2018,13,4,4,9,,2,0,Asphalt,1,1,1,35,2,2,2,3,0,0,1,0,false,false,false,false,false,false,false,false,false,false,false,false,false,false,true,false,false,false,false,true,false,false,-83.24743,42.42936,"{
  ""coordinates"": [
    -8.324742919039250e+01,
    4.242936339735100e+01
  ],
  ""type"": ""Point""
}","{
  ""coordinates"": [
    -83.24742919,
    42.429363397
  ],
  ""type"": ""Point""
}",-83.2474291899999,42.429363397
16298,1428058,BROADWAY,JOHN R,2018-07-04,4,7,2018,0,4,10,9,,4,3,Asphalt,1,1,4,25,2,2,2,5,0,0,0,0,true,false,false,false,false,false,false,false,false,false,false,false,false,false,false,false,false,false,false,false,false,false,-83.04845,42.33594,"{
  ""coordinates"": [
    -8.304844913078260e+01,
    4.233594275790080e+01
  ],
  ""type"": ""Point""
}","{
  ""coordinates"": [
    -83.048449131,
    42.335942758
  ],
  ""type"": ""Point""
}",-83.048449131,42.335942758
16299,1417081,HUBBELL,8 MILE,2018-07-04,4,7,2018,22,4,8,9,,4,3,Asphalt,1,1,4,25,5,2,0,5,0,0,0,0,true,false,false,false,true,false,false,false,false,false,false,true,false,false,false,false,false,false,false,false,false,false,-83.19069,42.44432,"{
  ""coordinates"": [
    -8.319069229661589e+01,
    4.244432030387950e+01
  ],
  ""type"": ""Point""
}","{
  ""coordinates"": [
    -83.190692297,
    42.444320304
  ],
  ""type"": ""Point""
}",-83.1906922969999,42.444320304
16300,1434203,TIREMAN,ARTESIAN,2018-07-04,4,7,2018,22,4,4,9,,4,0,Asphalt,1,1,4,25,4,2,2,1,1,0,0,0,false,false,true,false,true,false,false,false,false,false,false,false,false,false,false,false,false,false,false,false,false,false,-83.22593,42.35047,"{
  ""coordinates"": [
    -8.322593209367049e+01,
    4.235047315794740e+01
  ],
  ""type"": ""Point""
}","{
  ""coordinates"": [
    -83.225932094,
    42.350473158
  ],
  ""type"": ""Point""
}",-83.225932094,42.3504731580001
16301,1415310,GRAND RIVER,HANCOCK,2018-07-04,4,7,2018,6,4,1,3,,1,0,Asphalt,1,2,2,30,5,1,0,5,0,0,0,0,true,false,false,false,true,false,false,false,false,false,false,false,false,false,false,false,false,false,false,false,false,false,-83.08722,42.34785,"{
  ""coordinates"": [
    -8.308722137594260e+01,
    4.234785475368640e+01
  ],
  ""type"": ""Point""
}","{
  ""coordinates"": [
    -83.087221376,
    42.347854754
  ],
  ""type"": ""Point""
}",-83.0872213759999,42.347854754
16302,1433435,I-94,WOODWARD,2018-07-04,4,7,2018,21,4,8,1,,1,0,Asphalt,1,1,4,55,3,3,5,4,0,0,0,3,false,false,false,false,false,false,false,false,false,false,false,false,false,false,false,true,false,false,false,false,false,false,-83.06831,42.36406,"{
  ""coordinates"": [
    -8.306830934503630e+01,
    4.236406107828750e+01
  ],
  ""type"": ""Point""
}","{
  ""coordinates"": [
    -83.068309345,
    42.364061078
  ],
  ""type"": ""Point""
}",-83.068309345,42.3640610780001
16303,1427090,W I 96 CD,EVERGREEN,2018-07-04,4,7,2018,20,4,8,1,,1,0,Concrete,1,1,4,70,4,2,1,5,0,0,0,0,true,false,false,false,true,false,false,false,false,false,false,false,false,false,false,false,false,false,false,false,false,false,-83.23659,42.38062,"{
  ""coordinates"": [
    -8.323658677611130e+01,
    4.238061596967050e+01
  ],
  ""type"": ""Point""
}","{
  ""coordinates"": [
    -83.236586776,
    42.38061597
  ],
  ""type"": ""Point""
}",-83.236586776,42.3806159700001
16304,1416163,GRAYTON,RIAD,2018-07-04,4,7,2018,16,4,1,9,,,1,,1,1,1,25,2,1,0,5,0,0,0,0,true,false,false,false,true,false,false,false,false,false,false,false,false,false,false,false,false,false,false,false,false,false,-82.95844,42.42392,"{
  ""coordinates"": [
    -8.295844636211190e+01,
    4.242391949856050e+01
  ],
  ""type"": ""Point""
}","{
  ""coordinates"": [
    -82.958446362,
    42.423919499
  ],
  ""type"": ""Point""
}",-82.958446362,42.4239194990001
16305,1430812,WARREN,PENROD,2018-07-04,4,7,2018,17,4,3,9,,2,0,Asphalt,1,1,1,30,4,2,3,4,0,0,0,2,false,false,false,false,false,false,false,false,false,false,false,false,false,false,false,false,false,false,false,false,false,false,-83.21953,42.34334,"{
  ""coordinates"": [
    -8.321953179173150e+01,
    4.234333841070930e+01
  ],
  ""type"": ""Point""
}","{
  ""coordinates"": [
    -83.219531792,
    42.343338411
  ],
  ""type"": ""Point""
}",-83.2195317919999,42.343338411
16306,1433509,COLLINGWOOD,DEXTER,2018-07-04,4,7,2018,20,4,9,9,,,2,,1,1,4,25,2,2,0,5,0,0,0,0,true,false,false,false,true,false,false,false,false,false,false,false,false,false,false,false,false,false,false,false,false,false,-83.12186,42.37728,"{
  ""coordinates"": [
    -8.312185875789190e+01,
    4.237727923689170e+01
  ],
  ""type"": ""Point""
}","{
  ""coordinates"": [
    -83.121858758,
    42.377279237
  ],
  ""type"": ""Point""
}",-83.121858758,42.377279237
16307,1415315,LONYO,MICHIGAN,2018-07-03,3,7,2018,8,3,4,2,,4,0,Asphalt,1,1,1,35,5,2,2,5,0,0,0,0,true,false,true,true,false,false,false,false,false,false,false,false,false,false,false,false,false,false,false,false,false,false,-83.14445,42.33045,"{
  ""coordinates"": [
    -8.314444836702820e+01,
    4.233044979989020e+01
  ],
  ""type"": ""Point""
}","{
  ""coordinates"": [
    -83.144448367,
    42.3304498
  ],
  ""type"": ""Point""
}",-83.1444483669999,42.3304498000001
16308,1416171,SEVEN MILE,ST MARY,2018-07-03,3,7,2018,13,3,4,9,,2,0,Asphalt,1,1,1,35,5,2,2,5,0,0,0,0,true,false,false,false,false,false,false,false,false,false,false,false,false,true,false,false,false,false,false,false,false,false,-83.20734,42.43031,"{
  ""coordinates"": [
    -8.320734360614679e+01,
    4.243031257617020e+01
  ],
  ""type"": ""Point""
}","{
  ""coordinates"": [
    -83.207343606,
    42.430312576
  ],
  ""type"": ""Point""
}",-83.2073436059999,42.4303125760001
16309,1415363,HAYES,7 MILE,2018-07-03,3,7,2018,16,3,5,9,,4,0,Asphalt,1,1,1,30,2,2,2,5,0,0,0,0,true,false,false,false,true,false,false,false,false,false,false,false,false,false,false,false,false,false,false,false,false,false,-82.96548,42.43549,"{
  ""coordinates"": [
    -8.296547418055690e+01,
    4.243549190602000e+01
  ],
  ""type"": ""Point""
}","{
  ""coordinates"": [
    -82.965474181,
    42.435491906
  ],
  ""type"": ""Point""
}",-82.965474181,42.435491906
16310,1416167,HARPER,CHALMERS,2018-07-03,3,7,2018,23,3,4,9,,4,0,Asphalt,1,1,4,,4,2,1,5,0,0,0,0,true,false,false,false,false,false,false,false,false,false,false,false,false,false,false,false,false,false,false,false,false,false,-82.96433,42.40474,"{
  ""coordinates"": [
    -8.296433334722560e+01,
    4.240473832970960e+01
  ],
  ""type"": ""Point""
}","{
  ""coordinates"": [
    -82.964333347,
    42.40473833
  ],
  ""type"": ""Point""
}",-82.964333347,42.40473833
16311,1416157,GRATIOT,MARCUS,2018-07-03,3,7,2018,16,3,5,3,,1,0,Asphalt,1,1,1,35,7,2,2,5,0,0,0,0,true,false,false,false,false,false,false,false,true,false,false,false,false,false,false,false,false,false,false,false,false,false,-83.0023,42.39756,"{
  ""coordinates"": [
    -8.300230400075780e+01,
    4.239756221253410e+01
  ],
  ""type"": ""Point""
}","{
  ""coordinates"": [
    -83.002304001,
    42.397562213
  ],
  ""type"": ""Point""
}",-83.002304001,42.3975622130001
16312,1415312,ST ANTOINE,HANCOCK,2018-07-03,3,7,2018,13,3,5,9,,4,0,Asphalt,1,1,1,30,4,2,2,5,0,0,0,0,true,false,false,false,false,false,false,false,false,false,false,true,false,true,false,false,false,false,false,false,false,false,-83.05652,42.35901,"{
  ""coordinates"": [
    -8.305652062140349e+01,
    4.235900917354890e+01
  ],
  ""type"": ""Point""
}","{
  ""coordinates"": [
    -83.056520621,
    42.359009174
  ],
  ""type"": ""Point""
}",-83.0565206209999,42.3590091740001
16313,1415379,PINEHURST,NORFOLK,2018-07-03,3,7,2018,14,3,5,9,,,3,,1,1,1,25,4,2,0,5,0,0,0,0,true,false,false,false,true,false,false,false,false,false,false,true,false,false,false,false,false,false,false,false,false,false,-83.16793,42.44381,"{
  ""coordinates"": [
    -8.316793295513780e+01,
    4.244380900185710e+01
  ],
  ""type"": ""Point""
}","{
  ""coordinates"": [
    -83.167932955,
    42.443809002
  ],
  ""type"": ""Point""
}",-83.167932955,42.4438090020001
16314,1415301,WYOMING,SCHOOLCRAFT,2018-07-03,3,7,2018,0,3,9,9,,4,0,Asphalt,1,1,4,35,3,2,2,5,0,0,0,0,true,false,false,false,false,false,false,false,false,false,false,false,false,false,false,false,false,false,false,false,false,false,-83.15907,42.3885,"{
  ""coordinates"": [
    -8.315907079153750e+01,
    4.238850052630180e+01
  ],
  ""type"": ""Point""
}","{
  ""coordinates"": [
    -83.159070792,
    42.388500526
  ],
  ""type"": ""Point""
}",-83.159070792,42.388500526
16315,1415302,S I 75,WARREN,2018-07-03,3,7,2018,16,3,4,1,,1,0,Concrete,1,1,1,30,5,2,2,5,0,0,0,0,true,false,false,false,false,false,false,false,false,false,false,false,false,false,true,false,false,false,false,false,false,false,-83.05458,42.36091,"{
  ""coordinates"": [
    -8.305458002549121e+01,
    4.236091170111690e+01
  ],
  ""type"": ""Point""
}","{
  ""coordinates"": [
    -83.054580025,
    42.360911701
  ],
  ""type"": ""Point""
}",-83.054580025,42.3609117010001
16316,1416173,EDGETON,CARRIE,2018-07-03,3,7,2018,23,3,9,9,,,2,,1,1,4,25,1,2,1,5,0,0,0,0,true,false,false,false,true,false,false,false,false,false,false,false,false,false,true,false,false,false,false,false,false,false,-83.03016,42.42266,"{
  ""coordinates"": [
    -8.303016033543140e+01,
    4.242265697121970e+01
  ],
  ""type"": ""Point""
}","{
  ""coordinates"": [
    -83.030160335,
    42.422656971
  ],
  ""type"": ""Point""
}",-83.0301603349999,42.422656971
16317,1415299,GREENFIELD,SCHOOLCRAFT,2018-07-03,3,7,2018,19,3,4,9,,2,0,Asphalt,1,1,1,35,5,2,3,3,0,0,2,0,false,false,false,false,false,false,false,false,false,false,false,false,false,false,true,false,false,false,false,false,false,false,-83.19817,42.38718,"{
  ""coordinates"": [
    -8.319817504883670e+01,
    4.238718132452550e+01
  ],
  ""type"": ""Point""
}","{
  ""coordinates"": [
    -83.198175049,
    42.387181325
  ],
  ""type"": ""Point""
}",-83.198175049,42.387181325
16318,1416169,CHICAGO,SAVERY,2018-07-03,3,7,2018,9,3,4,9,,4,0,Asphalt,1,1,1,25,2,2,2,5,0,0,0,0,true,false,true,false,false,false,false,false,false,false,false,false,false,true,false,false,false,false,false,false,false,false,-83.11794,42.37394,"{
  ""coordinates"": [
    -8.311794573056770e+01,
    4.237394198677970e+01
  ],
  ""type"": ""Point""
}","{
  ""coordinates"": [
    -83.117945731,
    42.373941987
  ],
  ""type"": ""Point""
}",-83.117945731,42.3739419870001
16319,1416136,M-39,PLYMOUTH,2018-07-03,3,7,2018,8,3,5,3,,1,0,Asphalt,1,1,1,55,3,2,5,5,0,0,0,0,true,false,false,false,false,false,false,false,false,false,true,false,false,false,false,false,false,false,false,false,false,false,-83.21652,42.3708,"{
  ""coordinates"": [
    -8.321652522341600e+01,
    4.237080432951950e+01
  ],
  ""type"": ""Point""
}","{
  ""coordinates"": [
    -83.216525223,
    42.37080433
  ],
  ""type"": ""Point""
}",-83.216525223,42.3708043300001
16320,1416161,ASBURY,ACACIA,2018-07-03,3,7,2018,23,3,1,9,,,0,,1,1,4,25,2,1,1,5,0,0,0,0,true,false,false,false,false,false,false,true,false,false,false,true,false,false,false,false,false,false,false,false,false,false,-83.2081,42.39162,"{
  ""coordinates"": [
    -8.320810285907829e+01,
    4.239161881232320e+01
  ],
  ""type"": ""Point""
}","{
  ""coordinates"": [
    -83.208102859,
    42.391618812
  ],
  ""type"": ""Point""
}",-83.208102859,42.391618812
16321,1418346,N I 75,RAMP 047A,2018-07-03,3,7,2018,13,3,1,1,,1,1,Asphalt,1,1,1,55,2,1,1,5,0,0,0,0,true,false,false,false,false,false,false,false,false,false,false,false,false,true,false,false,false,false,false,false,false,false,-83.07494,42.40594,"{
  ""coordinates"": [
    -8.307494183505150e+01,
    4.240594620992320e+01
  ],
  ""type"": ""Point""
}","{
  ""coordinates"": [
    -83.074941835,
    42.40594621
  ],
  ""type"": ""Point""
}",-83.0749418349999,42.40594621
16322,1417063,MACK,CANTON,2018-07-03,3,7,2018,15,3,7,9,,4,0,Asphalt,1,1,1,30,2,2,4,4,0,0,0,2,false,false,false,false,false,false,false,false,false,false,false,false,false,false,false,false,false,false,false,false,false,false,-83.01543,42.36354,"{
  ""coordinates"": [
    -8.301542725198760e+01,
    4.236354282292290e+01
  ],
  ""type"": ""Point""
}","{
  ""coordinates"": [
    -83.015427252,
    42.363542823
  ],
  ""type"": ""Point""
}",-83.0154272519999,42.363542823
16323,1416165,MCNICHOLS,BARLOW,2018-07-03,3,7,2018,17,3,4,9,,4,0,Asphalt,1,1,1,45,2,2,2,1,1,0,0,0,false,false,false,false,false,false,false,false,false,true,false,false,false,false,true,false,false,false,false,true,false,false,-82.99535,42.42306,"{
  ""coordinates"": [
    -8.299534913020091e+01,
    4.242305710200010e+01
  ],
  ""type"": ""Point""
}","{
  ""coordinates"": [
    -82.99534913,
    42.423057102
  ],
  ""type"": ""Point""
}",-82.99534913,42.423057102
16324,1420182,GRAND,GRAND RIVER,2018-07-03,3,7,2018,18,3,5,3,,1,0,Asphalt,1,1,1,35,3,2,3,5,0,0,0,0,true,false,false,false,false,false,false,false,false,true,false,false,false,false,false,false,false,false,false,false,false,false,-83.2654,42.41961,"{
  ""coordinates"": [
    -8.326540529835700e+01,
    4.241960446172260e+01
  ],
  ""type"": ""Point""
}","{
  ""coordinates"": [
    -83.265405298,
    42.419604462
  ],
  ""type"": ""Point""
}",-83.265405298,42.4196044620001
16325,1415307,HOWARD,N M 10,2018-07-03,3,7,2018,7,3,5,3,,4,0,Concrete,1,1,1,,3,2,3,4,0,0,0,1,false,true,false,false,false,false,false,false,false,false,true,false,false,false,false,false,false,false,false,false,false,false,-83.05778,42.32852,"{
  ""coordinates"": [
    -8.305777876787511e+01,
    4.232852289681330e+01
  ],
  ""type"": ""Point""
}","{
  ""coordinates"": [
    -83.057778768,
    42.328522897
  ],
  ""type"": ""Point""
}",-83.0577787679999,42.328522897
16326,1424282,EVERGREEN,VAN BUREN,2018-07-03,3,7,2018,18,3,97,9,,4,0,Asphalt,1,1,1,35,2,2,3,2,0,1,2,0,false,false,false,false,false,false,false,false,false,false,false,false,false,true,false,false,false,false,false,false,false,false,-83.23586,42.35566,"{
  ""coordinates"": [
    -8.323586161064399e+01,
    4.235565951245810e+01
  ],
  ""type"": ""Point""
}","{
  ""coordinates"": [
    -83.235861611,
    42.355659512
  ],
  ""type"": ""Point""
}",-83.235861611,42.355659512
16327,1418290,I-75,STATE FAIR,2018-07-03,3,7,2018,13,3,8,1,,1,0,Asphalt,1,1,1,70,3,3,4,4,0,0,0,4,false,false,false,false,true,false,false,false,false,false,false,false,false,false,false,false,false,false,false,false,false,false,-83.09496,42.44003,"{
  ""coordinates"": [
    -8.309495335222290e+01,
    4.244002939888350e+01
  ],
  ""type"": ""Point""
}","{
  ""coordinates"": [
    -83.094953352,
    42.440029399
  ],
  ""type"": ""Point""
}",-83.0949533519999,42.440029399