ObjectId,Crash ID,Primary Road,Intersecting Road,Crash Date,Day,Month,Year,Hour,Weekday,Crash Type Code,Highway Classification Code,Community Code,Jurisdiction Code,Lane Departure Type Code,Surface Type,Road Condition,Weather Condition,Lighting Condition,Speed Limit,Lanes,Units,Occupants,Most Severe Injury,Fatal Injuries,Suspected Serious Injuries,Suspected Minor Injuries,Possible Injuries,Property Damage Only,Secondary Crash,Traffic Control,Red Light Run,Hit and Run,Alcohol,Drugs,Unbelted Person,Work Zone,Speeding Driver,Distracted Driver,Driveway,Pedestrian,Elderly Driver,Young Driver,Commercial Vehicle,Emergency Vehicles,Train,School Bus,Motorcycle,Bicycle,Deer,Longitude,Latitude,geom,geog,x,y
16328,1415377,VAN DYKE,LYNCH,2018-07-03,3,7,2018,18,3,5,3,,1,0,Asphalt,1,1,1,35,4,2,3,5,0,0,0,0,true,false,false,false,true,false,false,false,false,false,false,false,false,true,false,false,false,false,false,false,false,false,-83.02316,42.40503,"{
  ""coordinates"": [
    -8.302316040547070e+01,
    4.240503446953960e+01
  ],
  ""type"": ""Point""
}","{
  ""coordinates"": [
    -83.023160405,
    42.40503447
  ],
  ""type"": ""Point""
}",-83.0231604049999,42.40503447
16329,1415334,CHRYSLER SERVICE,MONROE,2018-07-03,3,7,2018,12,3,5,1,,1,0,Asphalt,1,1,1,30,2,2,2,5,0,0,0,0,true,false,false,false,false,false,false,false,false,false,true,false,false,false,false,false,false,false,false,false,false,false,-83.03838,42.33668,"{
  ""coordinates"": [
    -8.303838475707200e+01,
    4.233667572677650e+01
  ],
  ""type"": ""Point""
}","{
  ""coordinates"": [
    -83.038384757,
    42.336675727
  ],
  ""type"": ""Point""
}",-83.038384757,42.3366757270001
16330,1415327,GRANDVILLE,PAUL,2018-07-03,3,7,2018,10,3,8,9,,,3,,1,1,1,25,2,2,1,5,0,0,0,0,true,false,false,false,false,false,false,false,false,false,false,false,false,false,false,true,false,false,false,false,false,false,-83.22908,42.33704,"{
  ""coordinates"": [
    -8.322907659756930e+01,
    4.233704266769350e+01
  ],
  ""type"": ""Point""
}","{
  ""coordinates"": [
    -83.229076598,
    42.337042668
  ],
  ""type"": ""Point""
}",-83.2290765979999,42.337042668
16331,1415336,TRINITY,PILGRIM,2018-07-03,3,7,2018,11,3,1,9,,,0,,1,1,1,25,4,2,1,3,0,0,1,0,false,false,false,false,true,false,false,false,false,false,false,false,false,false,false,false,false,false,false,false,true,false,-83.24847,42.40588,"{
  ""coordinates"": [
    -8.324847032460330e+01,
    4.240588135573690e+01
  ],
  ""type"": ""Point""
}","{
  ""coordinates"": [
    -83.248470325,
    42.405881356
  ],
  ""type"": ""Point""
}",-83.248470325,42.4058813560001
16332,1418292,S M 10,CHICAGO,2018-07-03,3,7,2018,14,3,1,3,,1,1,Concrete,1,1,1,55,3,1,1,4,0,0,0,1,false,false,false,false,false,false,false,false,false,true,false,false,false,false,false,false,false,false,false,false,false,false,-83.09508,42.38237,"{
  ""coordinates"": [
    -8.309507414218621e+01,
    4.238236675074630e+01
  ],
  ""type"": ""Point""
}","{
  ""coordinates"": [
    -83.095074142,
    42.382366751
  ],
  ""type"": ""Point""
}",-83.095074142,42.3823667510001
16333,1415376,8 MILE,RYAN,2018-07-03,3,7,2018,17,3,4,3,,1,0,Asphalt,1,1,1,45,8,2,2,4,0,0,0,1,false,false,true,true,false,false,false,false,false,false,false,true,false,false,false,false,false,false,false,false,false,false,-83.06202,42.44731,"{
  ""coordinates"": [
    -8.306202275803059e+01,
    4.244730965380150e+01
  ],
  ""type"": ""Point""
}","{
  ""coordinates"": [
    -83.062022758,
    42.447309654
  ],
  ""type"": ""Point""
}",-83.062022758,42.447309654
16334,1416168,LONGVIEW,DICKERSON,2018-07-03,3,7,2018,19,3,10,9,,,3,,1,1,1,25,2,2,0,5,0,0,0,0,true,false,false,false,true,false,false,false,false,false,false,false,false,false,false,false,false,false,false,false,false,false,-82.9767,42.40841,"{
  ""coordinates"": [
    -8.297669603846110e+01,
    4.240840778102310e+01
  ],
  ""type"": ""Point""
}","{
  ""coordinates"": [
    -82.976696038,
    42.408407781
  ],
  ""type"": ""Point""
}",-82.9766960379999,42.4084077810001
16335,1417053,CADIEUX,WARREN,2018-07-03,3,7,2018,17,3,5,9,,4,0,Asphalt,1,1,1,30,5,2,2,5,0,0,0,0,true,false,false,false,false,false,false,false,false,false,false,true,false,false,true,false,false,false,false,false,false,false,-82.92985,42.40611,"{
  ""coordinates"": [
    -8.292984896072051e+01,
    4.240610344750040e+01
  ],
  ""type"": ""Point""
}","{
  ""coordinates"": [
    -82.929848961,
    42.406103448
  ],
  ""type"": ""Point""
}",-82.9298489609999,42.4061034480001
16336,1415320,CECIL,PANAMA,2018-07-03,3,7,2018,12,3,5,1,,4,0,Asphalt,1,1,1,25,3,4,1,5,0,0,0,0,true,false,false,false,false,false,false,false,false,false,false,false,false,false,false,false,false,false,false,false,false,false,-83.13448,42.33451,"{
  ""coordinates"": [
    -8.313447658138701e+01,
    4.233450622858090e+01
  ],
  ""type"": ""Point""
}","{
  ""coordinates"": [
    -83.134476581,
    42.334506229
  ],
  ""type"": ""Point""
}",-83.1344765809999,42.3345062290001
16337,1418289,E I 94,GRAND RIVER,2018-07-03,3,7,2018,13,3,5,1,,1,0,Asphalt,1,1,1,55,3,2,2,5,0,0,0,0,true,false,false,false,false,false,false,false,false,false,false,false,false,false,false,false,false,false,false,false,false,false,-83.09551,42.35124,"{
  ""coordinates"": [
    -8.309551071024410e+01,
    4.235124319325860e+01
  ],
  ""type"": ""Point""
}","{
  ""coordinates"": [
    -83.09551071,
    42.351243193
  ],
  ""type"": ""Point""
}",-83.09551071,42.3512431930001
16338,1415314,MARTIN,PELOUZE,2018-07-03,3,7,2018,21,3,4,9,,4,0,Asphalt,1,1,4,25,2,2,1,2,0,1,0,0,false,false,false,false,true,false,false,true,false,false,false,false,false,false,false,false,false,false,false,false,false,false,-83.12865,42.33297,"{
  ""coordinates"": [
    -8.312864334209560e+01,
    4.233297528122330e+01
  ],
  ""type"": ""Point""
}","{
  ""coordinates"": [
    -83.128643342,
    42.332975281
  ],
  ""type"": ""Point""
}",-83.128643342,42.3329752810001
16339,1421208,OAKFIELD,OUTER,2018-07-03,3,7,2018,14,3,4,9,,,0,,1,1,1,25,3,2,0,5,0,0,0,0,true,false,false,false,true,false,false,false,false,false,false,true,false,false,false,false,false,false,false,false,false,false,-83.21463,42.4191,"{
  ""coordinates"": [
    -8.321462882794350e+01,
    4.241910328742550e+01
  ],
  ""type"": ""Point""
}","{
  ""coordinates"": [
    -83.214628828,
    42.419103287
  ],
  ""type"": ""Point""
}",-83.2146288279999,42.419103287
16340,1419368,M-10,MILWAULKEE,2018-07-03,3,7,2018,5,3,5,3,,1,0,Concrete,1,1,2,55,3,2,1,5,0,0,0,0,true,false,false,false,true,false,false,false,false,false,false,false,false,true,false,false,false,false,false,false,false,false,-83.08184,42.36726,"{
  ""coordinates"": [
    -8.308184357002780e+01,
    4.236725498948990e+01
  ],
  ""type"": ""Point""
}","{
  ""coordinates"": [
    -83.08184357,
    42.367254989
  ],
  ""type"": ""Point""
}",-83.08184357,42.3672549890001
16341,1415339,GRAND RIVER,OUTER,2018-07-03,3,7,2018,18,3,4,3,,1,0,Asphalt,1,1,1,35,3,2,4,3,0,0,1,0,false,false,true,true,false,false,false,false,false,false,false,false,false,true,false,false,false,false,false,false,false,false,-83.23245,42.40639,"{
  ""coordinates"": [
    -8.323245314988810e+01,
    4.240639413346680e+01
  ],
  ""type"": ""Point""
}","{
  ""coordinates"": [
    -83.23245315,
    42.406394133
  ],
  ""type"": ""Point""
}",-83.23245315,42.406394133
16342,1415329,EVERGREEN,SAWYER,2018-07-03,3,7,2018,13,3,8,9,,4,0,Asphalt,1,1,1,30,2,2,1,5,0,0,0,0,true,false,false,false,true,false,false,false,false,false,false,false,false,false,false,false,false,false,false,false,false,false,-83.23552,42.34681,"{
  ""coordinates"": [
    -8.323552176219290e+01,
    4.234680375357510e+01
  ],
  ""type"": ""Point""
}","{
  ""coordinates"": [
    -83.235521762,
    42.346803754
  ],
  ""type"": ""Point""
}",-83.235521762,42.3468037540001
16343,1427081,CECIL,PANAMA,2018-07-03,3,7,2018,22,3,8,9,,4,0,Asphalt,1,1,4,,2,3,0,5,0,0,0,0,true,false,false,false,true,false,false,false,false,true,false,false,false,false,false,false,false,false,false,false,false,false,-83.13535,42.33567,"{
  ""coordinates"": [
    -8.313535274858720e+01,
    4.233567031788150e+01
  ],
  ""type"": ""Point""
}","{
  ""coordinates"": [
    -83.135352749,
    42.335670318
  ],
  ""type"": ""Point""
}",-83.1353527489999,42.335670318
16344,1418291,I-94,LINWOOD,2018-07-03,3,7,2018,12,3,5,1,,1,0,Asphalt,1,1,1,55,3,4,3,4,0,0,0,1,false,false,false,false,true,false,false,false,false,false,false,false,false,false,true,false,false,false,false,false,false,false,-83.0848,42.35475,"{
  ""coordinates"": [
    -8.308480058160841e+01,
    4.235474855054870e+01
  ],
  ""type"": ""Point""
}","{
  ""coordinates"": [
    -83.084800582,
    42.354748551
  ],
  ""type"": ""Point""
}",-83.084800582,42.3547485510001
16345,1415319,LIVERNOIS,LAFAYETTE,2018-07-03,3,7,2018,11,3,4,9,,4,0,Asphalt,1,1,1,25,4,2,3,4,0,0,0,2,false,false,false,false,false,false,false,false,false,false,false,false,false,false,false,false,false,false,false,false,false,false,-83.1049,42.3086,"{
  ""coordinates"": [
    -8.310490247418051e+01,
    4.230859979880220e+01
  ],
  ""type"": ""Point""
}","{
  ""coordinates"": [
    -83.104902474,
    42.308599799
  ],
  ""type"": ""Point""
}",-83.104902474,42.308599799
16346,1415322,MICHIGAN,LAWNDALE,2018-07-03,3,7,2018,19,3,2,2,,1,2,Asphalt,1,1,1,35,5,3,2,4,0,0,0,1,false,false,false,false,false,false,false,false,false,false,false,false,false,false,false,false,false,false,false,false,false,false,-83.1488,42.3298,"{
  ""coordinates"": [
    -8.314880548524420e+01,
    4.232979401241000e+01
  ],
  ""type"": ""Point""
}","{
  ""coordinates"": [
    -83.148805485,
    42.329794012
  ],
  ""type"": ""Point""
}",-83.148805485,42.329794012
16347,1430820,EVERGREEN,E I 96,2018-07-03,3,7,2018,11,3,97,9,,4,0,Concrete,1,1,1,30,8,2,2,5,0,0,0,0,true,false,true,true,false,false,false,false,false,false,false,false,false,true,false,false,false,false,false,false,false,false,-83.23664,42.38023,"{
  ""coordinates"": [
    -8.323664421638010e+01,
    4.238022951341970e+01
  ],
  ""type"": ""Point""
}","{
  ""coordinates"": [
    -83.236644216,
    42.380229513
  ],
  ""type"": ""Point""
}",-83.2366442159999,42.3802295130001
16348,1419369,M-39,TIREMAN,2018-07-03,3,7,2018,20,3,5,3,,1,3,Asphalt,1,1,1,55,3,2,2,3,0,0,1,1,false,false,false,false,false,false,false,false,false,false,false,false,false,false,false,false,false,false,false,false,false,false,-83.21626,42.35035,"{
  ""coordinates"": [
    -8.321626242690300e+01,
    4.235034569664820e+01
  ],
  ""type"": ""Point""
}","{
  ""coordinates"": [
    -83.216262427,
    42.350345697
  ],
  ""type"": ""Point""
}",-83.2162624269999,42.3503456970001
16349,1418319,I 94,MT ELLIOTT,2018-07-03,3,7,2018,23,3,5,1,,1,0,Asphalt,1,1,4,55,3,2,1,5,0,0,0,0,true,true,false,false,true,false,false,false,false,false,false,false,false,false,false,false,false,false,false,false,false,false,-83.03312,42.37988,"{
  ""coordinates"": [
    -8.303311724240460e+01,
    4.237987372543170e+01
  ],
  ""type"": ""Point""
}","{
  ""coordinates"": [
    -83.033117242,
    42.379873725
  ],
  ""type"": ""Point""
}",-83.0331172419999,42.379873725
16350,1420169,S M 10,RAMP 215A,2018-07-03,3,7,2018,13,3,5,3,,1,0,Concrete,1,1,1,55,4,2,5,5,0,0,0,0,true,false,false,false,false,false,false,false,false,false,false,false,false,false,true,false,false,false,false,false,false,false,-83.07538,42.35683,"{
  ""coordinates"": [
    -8.307538154378570e+01,
    4.235683004339740e+01
  ],
  ""type"": ""Point""
}","{
  ""coordinates"": [
    -83.075381544,
    42.356830043
  ],
  ""type"": ""Point""
}",-83.075381544,42.3568300430001
16351,1420220,OUTER,7 MILE,2018-07-03,3,7,2018,2,3,4,9,,2,0,Asphalt,1,1,4,35,4,2,1,5,0,0,0,0,true,false,true,true,false,false,false,false,false,false,false,false,false,false,false,false,false,false,false,false,false,false,-83.17548,42.43121,"{
  ""coordinates"": [
    -8.317548134481390e+01,
    4.243120944710870e+01
  ],
  ""type"": ""Point""
}","{
  ""coordinates"": [
    -83.175481345,
    42.431209447
  ],
  ""type"": ""Point""
}",-83.175481345,42.4312094470001
16352,1423086,MCNICHOLS,S M 10,2018-07-03,3,7,2018,2,3,5,9,,2,0,Asphalt,1,1,4,35,2,2,2,3,0,0,1,1,false,false,false,false,false,true,false,false,false,false,false,false,false,false,false,false,false,false,false,false,false,false,-83.1722,42.41664,"{
  ""coordinates"": [
    -8.317220546475950e+01,
    4.241664046965610e+01
  ],
  ""type"": ""Point""
}","{
  ""coordinates"": [
    -83.172205465,
    42.41664047
  ],
  ""type"": ""Point""
}",-83.172205465,42.4166404700001
16353,1418413,HARTWELL,CHIPPEWA,2018-07-03,3,7,2018,18,3,5,9,,,0,,1,1,1,25,1,2,2,5,0,0,0,0,true,false,false,false,true,false,false,false,false,false,false,false,false,false,false,false,true,false,false,false,false,false,-83.17981,42.44191,"{
  ""coordinates"": [
    -8.317980907602220e+01,
    4.244190866639160e+01
  ],
  ""type"": ""Point""
}","{
  ""coordinates"": [
    -83.179809076,
    42.441908666
  ],
  ""type"": ""Point""
}",-83.179809076,42.4419086660001
16354,1428007,I-94,LONYO,2018-07-03,3,7,2018,19,3,8,1,,1,0,Asphalt,1,1,1,55,3,2,2,5,0,0,0,0,true,false,false,false,false,false,false,false,false,false,false,false,false,false,false,false,false,false,false,false,false,false,-83.15442,42.32925,"{
  ""coordinates"": [
    -8.315441722299940e+01,
    4.232924828501010e+01
  ],
  ""type"": ""Point""
}","{
  ""coordinates"": [
    -83.154417223,
    42.329248285
  ],
  ""type"": ""Point""
}",-83.1544172229999,42.3292482850001
16355,1415337,MARGARETA,FAUST,2018-07-03,3,7,2018,11,3,4,9,,,0,,1,1,1,15,2,2,1,5,0,0,0,0,true,false,false,false,true,false,false,false,false,false,false,false,false,false,false,false,false,false,false,false,false,false,-83.22403,42.42676,"{
  ""coordinates"": [
    -8.322403006662380e+01,
    4.242675753686940e+01
  ],
  ""type"": ""Point""
}","{
  ""coordinates"": [
    -83.224030067,
    42.426757537
  ],
  ""type"": ""Point""
}",-83.2240300669999,42.4267575370001
16356,1418424,CURTIS,ILENE,2018-07-03,3,7,2018,8,3,8,9,,4,0,Asphalt,1,1,1,30,2,2,1,3,0,0,1,0,false,false,false,false,false,false,false,false,false,false,false,false,false,false,true,false,false,false,false,false,false,false,-83.16251,42.42414,"{
  ""coordinates"": [
    -8.316251309672850e+01,
    4.242414404356410e+01
  ],
  ""type"": ""Point""
}","{
  ""coordinates"": [
    -83.162513097,
    42.424144044
  ],
  ""type"": ""Point""
}",-83.162513097,42.4241440440001
16357,1434110,RAMP 047H,RAMP 047C,2018-07-03,3,7,2018,15,3,8,1,,1,0,Concrete,1,1,1,40,2,2,2,5,0,0,0,0,true,false,false,false,false,false,false,false,false,false,false,false,false,false,false,false,false,false,false,false,false,false,-83.08039,42.41042,"{
  ""coordinates"": [
    -8.308038953746050e+01,
    4.241042517919750e+01
  ],
  ""type"": ""Point""
}","{
  ""coordinates"": [
    -83.080389537,
    42.410425179
  ],
  ""type"": ""Point""
}",-83.080389537,42.4104251790001
16358,1416166,HARPER,CHALMERS,2018-07-03,3,7,2018,11,3,4,9,,4,0,Asphalt,1,1,4,25,2,2,4,4,0,0,0,3,false,false,false,false,true,false,false,false,false,false,false,false,false,false,false,false,false,false,false,false,false,false,-82.96433,42.40474,"{
  ""coordinates"": [
    -8.296433334722560e+01,
    4.240473832970960e+01
  ],
  ""type"": ""Point""
}","{
  ""coordinates"": [
    -82.964333347,
    42.40473833
  ],
  ""type"": ""Point""
}",-82.964333347,42.40473833
16359,1420256,SAN JUAN,CURTIS,2018-07-03,3,7,2018,19,3,4,9,,,0,,1,1,1,25,2,2,2,2,0,1,0,0,false,false,false,false,false,false,false,false,false,false,false,false,false,false,false,false,false,false,false,true,false,false,-83.14665,42.42489,"{
  ""coordinates"": [
    -8.314665145364980e+01,
    4.242489374623550e+01
  ],
  ""type"": ""Point""
}","{
  ""coordinates"": [
    -83.146651454,
    42.424893746
  ],
  ""type"": ""Point""
}",-83.1466514539999,42.4248937460001
16360,1418339,HANDCOCK,WOODWARD,2018-07-02,2,7,2018,11,2,4,3,,,0,,1,1,1,30,2,2,2,5,0,0,0,0,true,false,false,false,false,false,false,false,false,false,false,false,false,false,false,false,false,false,false,false,false,false,-83.0637,42.35579,"{
  ""coordinates"": [
    -8.306369502118970e+01,
    4.235578347879130e+01
  ],
  ""type"": ""Point""
}","{
  ""coordinates"": [
    -83.063695021,
    42.355783479
  ],
  ""type"": ""Point""
}",-83.0636950209999,42.3557834790001
16361,1415300,SCHAEFER,FENKELL,2018-07-02,2,7,2018,17,2,5,9,,4,0,Asphalt,1,1,1,30,4,2,3,5,0,0,0,0,true,false,false,false,false,false,false,false,false,false,false,false,false,false,false,false,false,false,false,false,false,false,-83.17914,42.40221,"{
  ""coordinates"": [
    -8.317913511601870e+01,
    4.240221251481480e+01
  ],
  ""type"": ""Point""
}","{
  ""coordinates"": [
    -83.179135116,
    42.402212515
  ],
  ""type"": ""Point""
}",-83.1791351159999,42.402212515
16362,1415383,DAVISON,CONANT,2018-07-02,2,7,2018,15,2,5,3,,1,0,Asphalt,1,1,1,35,3,2,2,5,0,0,0,0,true,false,false,false,false,false,false,false,false,false,false,false,false,false,false,false,false,false,false,false,false,false,-83.06183,42.4154,"{
  ""coordinates"": [
    -8.306182532504970e+01,
    4.241540335197960e+01
  ],
  ""type"": ""Point""
}","{
  ""coordinates"": [
    -83.061825325,
    42.415403352
  ],
  ""type"": ""Point""
}",-83.061825325,42.4154033520001
16363,1428016,M39,JOY,2018-07-02,2,7,2018,17,2,5,3,,1,0,Asphalt,1,1,1,55,3,2,2,5,0,0,0,0,true,false,false,false,false,false,false,false,false,false,true,false,false,false,false,false,false,false,false,false,false,false,-83.2164,42.3593,"{
  ""coordinates"": [
    -8.321640242560650e+01,
    4.235930001366970e+01
  ],
  ""type"": ""Point""
}","{
  ""coordinates"": [
    -83.216402426,
    42.359300014
  ],
  ""type"": ""Point""
}",-83.2164024259999,42.359300014
16364,1433514,JOY,APPOLINE,2018-07-02,2,7,2018,20,2,5,9,,4,0,Asphalt,1,1,1,30,2,2,1,5,0,0,0,0,true,false,false,false,true,false,false,false,false,false,false,false,false,false,false,false,false,false,false,false,false,false,-83.16891,42.35872,"{
  ""coordinates"": [
    -8.316891711402560e+01,
    4.235871916049290e+01
  ],
  ""type"": ""Point""
}","{
  ""coordinates"": [
    -83.168917114,
    42.35871916
  ],
  ""type"": ""Point""
}",-83.168917114,42.3587191600001
16365,1416176,HEALY,EMERY,2018-07-02,2,7,2018,19,2,4,9,,,0,,1,1,4,25,1,2,1,5,0,0,0,0,true,false,false,false,true,false,false,false,false,false,false,false,false,false,false,false,false,false,false,false,false,false,-83.05592,42.43585,"{
  ""coordinates"": [
    -8.305591752916619e+01,
    4.243585041048660e+01
  ],
  ""type"": ""Point""
}","{
  ""coordinates"": [
    -83.055917529,
    42.43585041
  ],
  ""type"": ""Point""
}",-83.0559175289999,42.4358504100001
16366,1419384,OAKFIELD,OUTER,2018-07-02,2,7,2018,14,2,98,9,,,3,,1,1,1,25,2,2,0,5,0,0,0,0,true,false,false,false,true,false,false,false,false,false,false,false,false,false,false,false,false,false,false,false,false,false,-83.21463,42.4191,"{
  ""coordinates"": [
    -8.321462882794350e+01,
    4.241910328742550e+01
  ],
  ""type"": ""Point""
}","{
  ""coordinates"": [
    -83.214628828,
    42.419103287
  ],
  ""type"": ""Point""
}",-83.2146288279999,42.419103287
16367,1414605,I 94,VAN DYKE,2018-07-02,2,7,2018,18,2,5,1,,1,0,Asphalt,1,1,1,55,3,3,3,2,0,2,0,0,false,false,false,false,false,false,false,false,false,false,false,false,false,false,false,false,false,false,false,false,false,false,-83.00338,42.39191,"{
  ""coordinates"": [
    -8.300337907598509e+01,
    4.239191488396250e+01
  ],
  ""type"": ""Point""
}","{
  ""coordinates"": [
    -83.003379076,
    42.391914884
  ],
  ""type"": ""Point""
}",-83.003379076,42.3919148840001
16368,1428013,I-96,GRAND,2018-07-02,2,7,2018,11,2,8,1,,1,0,Asphalt,1,1,1,55,3,2,1,5,0,0,0,0,true,false,false,false,true,false,false,false,false,false,false,false,false,false,false,false,false,false,false,false,false,false,-83.11243,42.35693,"{
  ""coordinates"": [
    -8.311243042103359e+01,
    4.235692838614580e+01
  ],
  ""type"": ""Point""
}","{
  ""coordinates"": [
    -83.112430421,
    42.356928386
  ],
  ""type"": ""Point""
}",-83.1124304209999,42.356928386
16369,1414627,STATE FAIR,RENO,2018-07-02,2,7,2018,12,2,10,9,,4,0,Asphalt,1,1,1,25,2,2,1,5,0,0,0,0,true,false,false,false,false,false,false,false,false,false,false,false,false,false,false,false,false,false,false,false,false,false,-82.98272,42.44228,"{
  ""coordinates"": [
    -8.298271895593660e+01,
    4.244227580080650e+01
  ],
  ""type"": ""Point""
}","{
  ""coordinates"": [
    -82.982718956,
    42.442275801
  ],
  ""type"": ""Point""
}",-82.982718956,42.4422758010001
16370,1429223,STECKER,MICHIGAN AVE,2018-07-02,2,7,2018,13,2,10,2,,,0,,1,1,1,25,2,2,2,5,0,0,0,0,true,false,false,false,false,false,false,false,false,false,false,false,false,false,false,false,false,false,false,false,false,false,-83.1553,42.32806,"{
  ""coordinates"": [
    -8.315529423253599e+01,
    4.232805479816720e+01
  ],
  ""type"": ""Point""
}","{
  ""coordinates"": [
    -83.155294233,
    42.328054798
  ],
  ""type"": ""Point""
}",-83.1552942329999,42.328054798
16371,1414631,TIREMAN,SCHAEFER,2018-07-02,2,7,2018,14,2,4,9,,2,0,Asphalt,1,1,1,35,4,2,2,5,0,0,0,0,true,false,false,false,false,false,false,false,false,false,false,false,false,true,false,false,false,false,false,false,false,false,-83.17722,42.35128,"{
  ""coordinates"": [
    -8.317721453524260e+01,
    4.235128360232420e+01
  ],
  ""type"": ""Point""
}","{
  ""coordinates"": [
    -83.177214535,
    42.351283602
  ],
  ""type"": ""Point""
}",-83.177214535,42.3512836020001
16372,1414609,BILTMORE,PURITAN,2018-07-02,2,7,2018,0,2,98,9,,,0,,1,1,4,25,1,2,0,5,0,0,0,0,true,false,false,false,true,false,false,false,false,false,false,false,false,false,false,false,false,false,false,false,false,false,-83.21071,42.40863,"{
  ""coordinates"": [
    -8.321070511882290e+01,
    4.240862572728760e+01
  ],
  ""type"": ""Point""
}","{
  ""coordinates"": [
    -83.210705119,
    42.408625727
  ],
  ""type"": ""Point""
}",-83.210705119,42.4086257270001
16373,1415378,VAN DYKE,IOWA,2018-07-02,2,7,2018,20,2,1,3,,1,0,Asphalt,1,1,1,35,2,2,1,3,0,0,1,0,false,false,false,false,true,false,false,false,false,true,false,false,false,false,false,false,false,false,false,false,true,false,-83.02393,42.42536,"{
  ""coordinates"": [
    -8.302393400320430e+01,
    4.242535845725330e+01
  ],
  ""type"": ""Point""
}","{
  ""coordinates"": [
    -83.023934003,
    42.425358457
  ],
  ""type"": ""Point""
}",-83.023934003,42.4253584570001
16374,1414625,VANDYKE,HARPER,2018-07-02,2,7,2018,10,2,10,3,,1,0,Asphalt,1,1,1,35,6,2,1,5,0,0,0,0,true,false,false,false,false,false,false,false,false,false,false,false,false,false,false,false,false,false,false,false,false,false,-83.02139,42.38796,"{
  ""coordinates"": [
    -8.302138985121590e+01,
    4.238796391431340e+01
  ],
  ""type"": ""Point""
}","{
  ""coordinates"": [
    -83.021389851,
    42.387963914
  ],
  ""type"": ""Point""
}",-83.021389851,42.3879639140001
16375,1418331,SCHAEFER,CHALFONTE,2018-07-02,2,7,2018,2,2,8,9,,4,0,Asphalt,1,1,4,35,4,2,2,5,0,0,0,0,true,false,false,false,true,false,false,false,false,false,false,false,false,false,false,false,false,false,false,false,false,false,-83.17903,42.39995,"{
  ""coordinates"": [
    -8.317903416228199e+01,
    4.239995297544090e+01
  ],
  ""type"": ""Point""
}","{
  ""coordinates"": [
    -83.179034162,
    42.399952975
  ],
  ""type"": ""Point""
}",-83.1790341619999,42.3999529750001
16376,1428015,I94,TRUMBULL,2018-07-02,2,7,2018,15,2,8,1,,1,3,Asphalt,1,1,1,55,3,2,1,5,0,0,0,0,true,false,false,false,true,false,false,false,false,false,false,false,false,false,false,false,false,false,false,false,false,false,-83.08268,42.3553,"{
  ""coordinates"": [
    -8.308267961213390e+01,
    4.235530096622490e+01
  ],
  ""type"": ""Point""
}","{
  ""coordinates"": [
    -83.082679612,
    42.355300966
  ],
  ""type"": ""Point""
}",-83.0826796119999,42.3553009660001
16377,1424270,MACK,CHALMERS,2018-07-02,2,7,2018,8,2,3,9,,4,0,Asphalt,1,1,1,35,5,2,5,5,0,0,0,0,true,false,true,true,false,false,false,false,false,false,false,false,false,false,false,false,false,false,false,false,false,false,-82.95296,42.38648,"{
  ""coordinates"": [
    -8.295295560423619e+01,
    4.238647925790460e+01
  ],
  ""type"": ""Point""
}","{
  ""coordinates"": [
    -82.952955604,
    42.386479258
  ],
  ""type"": ""Point""
}",-82.952955604,42.3864792580001
16378,1415309,TRUMBULL,FOREST,2018-07-02,2,7,2018,21,2,8,9,,4,0,Asphalt,1,1,2,35,3,2,1,4,0,0,0,2,false,false,false,false,true,false,false,false,true,false,false,false,false,false,true,false,false,false,false,false,false,false,-83.07873,42.35209,"{
  ""coordinates"": [
    -8.307872831565069e+01,
    4.235209410190330e+01
  ],
  ""type"": ""Point""
}","{
  ""coordinates"": [
    -83.078728316,
    42.352094102
  ],
  ""type"": ""Point""
}",-83.078728316,42.3520941020001
16379,1414621,OUTER,WARWICK,2018-07-02,2,7,2018,18,2,4,9,,2,0,Asphalt,1,1,1,25,2,2,3,5,0,0,0,0,true,false,false,false,false,false,false,false,false,false,false,false,false,false,false,false,false,false,false,false,false,false,-83.22923,42.41905,"{
  ""coordinates"": [
    -8.322923343550219e+01,
    4.241904793498670e+01
  ],
  ""type"": ""Point""
}","{
  ""coordinates"": [
    -83.229233436,
    42.419047935
  ],
  ""type"": ""Point""
}",-83.229233436,42.419047935
16380,1423015,I-94,MICHIGAN,2018-07-02,2,7,2018,8,2,1,1,,1,1,Asphalt,1,1,1,70,3,1,1,5,0,0,0,0,true,false,false,false,false,false,false,false,false,true,false,false,false,false,false,false,false,false,false,false,false,false,-83.15207,42.32979,"{
  ""coordinates"": [
    -8.315206752030410e+01,
    4.232979098617770e+01
  ],
  ""type"": ""Point""
}","{
  ""coordinates"": [
    -83.15206752,
    42.329790986
  ],
  ""type"": ""Point""
}",-83.1520675199999,42.329790986
16381,1418417,WOODWARD,WELLESLEY,2018-07-02,2,7,2018,15,2,5,3,,1,0,Asphalt,1,1,1,40,5,2,1,4,0,0,0,1,false,false,false,false,false,false,false,false,false,false,false,true,false,false,false,false,false,false,false,false,false,false,-83.11828,42.43633,"{
  ""coordinates"": [
    -8.311827829995261e+01,
    4.243632535975510e+01
  ],
  ""type"": ""Point""
}","{
  ""coordinates"": [
    -83.1182783,
    42.43632536
  ],
  ""type"": ""Point""
}",-83.1182783,42.4363253600001