ObjectId,Crash ID,Primary Road,Intersecting Road,Crash Date,Day,Month,Year,Hour,Weekday,Crash Type Code,Highway Classification Code,Community Code,Jurisdiction Code,Lane Departure Type Code,Surface Type,Road Condition,Weather Condition,Lighting Condition,Speed Limit,Lanes,Units,Occupants,Most Severe Injury,Fatal Injuries,Suspected Serious Injuries,Suspected Minor Injuries,Possible Injuries,Property Damage Only,Secondary Crash,Traffic Control,Red Light Run,Hit and Run,Alcohol,Drugs,Unbelted Person,Work Zone,Speeding Driver,Distracted Driver,Driveway,Pedestrian,Elderly Driver,Young Driver,Commercial Vehicle,Emergency Vehicles,Train,School Bus,Motorcycle,Bicycle,Deer,Longitude,Latitude,geom,geog,x,y
16437,1413844,MICHIGAN,CENTRAL,2018-07-01,1,7,2018,0,1,5,2,,1,0,Asphalt,1,1,4,35,6,2,2,5,0,0,0,0,true,false,false,false,false,false,false,false,false,false,false,false,false,false,false,false,false,false,false,false,false,false,-83.13765,42.3311,"{
  ""coordinates"": [
    -8.313764979041150e+01,
    4.233110391430110e+01
  ],
  ""type"": ""Point""
}","{
  ""coordinates"": [
    -83.13764979,
    42.331103914
  ],
  ""type"": ""Point""
}",-83.13764979,42.331103914
16438,1417061,ALTER,KERCHEVAL,2018-07-01,1,7,2018,3,1,5,9,,4,0,Asphalt,1,1,4,25,2,3,0,5,0,0,0,0,true,false,false,false,true,false,false,false,false,false,true,false,false,false,false,false,false,false,false,false,false,false,-82.94362,42.38106,"{
  ""coordinates"": [
    -8.294362079370910e+01,
    4.238105877260910e+01
  ],
  ""type"": ""Point""
}","{
  ""coordinates"": [
    -82.943620794,
    42.381058773
  ],
  ""type"": ""Point""
}",-82.943620794,42.3810587730001
16439,1412913,WARREN,MARTIN,2018-07-01,1,7,2018,1,1,3,9,,4,0,Asphalt,1,1,4,35,6,2,7,5,0,0,0,0,true,false,false,false,false,false,false,false,false,false,false,false,false,false,true,false,false,false,false,false,false,false,-83.13776,42.34493,"{
  ""coordinates"": [
    -8.313776503562769e+01,
    4.234492723281930e+01
  ],
  ""type"": ""Point""
}","{
  ""coordinates"": [
    -83.137765036,
    42.344927233
  ],
  ""type"": ""Point""
}",-83.137765036,42.3449272330001
16440,1413852,MONTROSE,ORANGELAWN,2018-07-01,1,7,2018,7,1,97,9,,,3,,1,1,1,25,2,2,0,5,0,0,0,0,true,false,false,false,true,false,false,false,false,false,false,false,false,false,false,false,false,false,false,false,false,false,-83.19981,42.36836,"{
  ""coordinates"": [
    -8.319980393661710e+01,
    4.236835984036910e+01
  ],
  ""type"": ""Point""
}","{
  ""coordinates"": [
    -83.199803937,
    42.36835984
  ],
  ""type"": ""Point""
}",-83.199803937,42.36835984
16441,1414640,7 MILE,GODDARD,2018-07-01,1,7,2018,19,1,8,9,,4,0,Asphalt,1,1,1,35,2,2,0,5,0,0,0,0,true,false,false,false,true,false,false,false,false,false,false,false,false,false,false,false,false,false,false,false,false,false,-83.07842,42.43291,"{
  ""coordinates"": [
    -8.307841975847710e+01,
    4.243291298637500e+01
  ],
  ""type"": ""Point""
}","{
  ""coordinates"": [
    -83.078419758,
    42.432912986
  ],
  ""type"": ""Point""
}",-83.0784197579999,42.4329129860001
16442,1415343,BRADFORD,LAPPIN,2018-07-01,1,7,2018,20,1,4,9,,,0,,1,1,3,25,4,2,1,5,0,0,0,0,true,false,true,false,true,false,false,false,false,false,false,false,false,false,false,false,false,false,false,false,false,false,-83.00109,42.43636,"{
  ""coordinates"": [
    -8.300108836462550e+01,
    4.243635439822950e+01
  ],
  ""type"": ""Point""
}","{
  ""coordinates"": [
    -83.001088365,
    42.436354398
  ],
  ""type"": ""Point""
}",-83.001088365,42.436354398
16443,1415364,MORANG,WHITEHILL,2018-07-01,1,7,2018,13,1,4,9,,4,0,Asphalt,1,1,1,,2,2,3,5,0,0,0,0,true,false,false,false,false,false,false,false,false,false,false,false,false,false,false,false,false,false,false,false,false,false,-82.95218,42.42701,"{
  ""coordinates"": [
    -8.295217748239220e+01,
    4.242701427013610e+01
  ],
  ""type"": ""Point""
}","{
  ""coordinates"": [
    -82.952177482,
    42.42701427
  ],
  ""type"": ""Point""
}",-82.952177482,42.42701427
16444,1413878,LAMONT,LANTZ,2018-07-01,1,7,2018,9,1,1,9,,,0,,1,1,1,25,1,1,0,5,0,0,0,0,true,false,false,false,true,false,false,false,false,false,false,false,false,false,false,false,false,false,false,false,false,false,-83.05507,42.43822,"{
  ""coordinates"": [
    -8.305507118326599e+01,
    4.243822436712900e+01
  ],
  ""type"": ""Point""
}","{
  ""coordinates"": [
    -83.055071183,
    42.438224367
  ],
  ""type"": ""Point""
}",-83.0550711829999,42.438224367
16445,1413867,JAMES COUZENS,GREENFIELD,2018-07-01,1,7,2018,14,1,5,3,,1,0,Asphalt,1,1,1,35,2,2,2,5,0,0,0,0,true,false,false,false,false,false,false,false,false,false,false,false,false,false,true,false,false,false,false,false,false,false,-83.20042,42.44272,"{
  ""coordinates"": [
    -8.320041720613500e+01,
    4.244271665293820e+01
  ],
  ""type"": ""Point""
}","{
  ""coordinates"": [
    -83.200417206,
    42.442716653
  ],
  ""type"": ""Point""
}",-83.2004172059999,42.442716653
16446,1424315,JEFFERSON,WOODWARD,2018-07-01,1,7,2018,1,1,97,3,,1,0,Asphalt,1,1,4,25,4,2,2,5,0,0,0,0,true,false,false,false,false,false,false,false,false,false,false,false,false,false,false,false,false,false,false,false,false,false,-83.04453,42.32848,"{
  ""coordinates"": [
    -8.304452836126470e+01,
    4.232847803490990e+01
  ],
  ""type"": ""Point""
}","{
  ""coordinates"": [
    -83.044528361,
    42.328478035
  ],
  ""type"": ""Point""
}",-83.0445283609999,42.328478035
16447,1418299,I-96,EVERGREEN,2018-07-01,1,7,2018,15,1,8,1,,1,0,Concrete,1,1,1,55,3,2,6,5,0,0,0,0,true,false,false,false,false,false,false,false,false,false,false,false,false,false,false,false,false,false,false,false,false,false,-83.22784,42.37802,"{
  ""coordinates"": [
    -8.322784180444410e+01,
    4.237801957465770e+01
  ],
  ""type"": ""Point""
}","{
  ""coordinates"": [
    -83.227841804,
    42.378019575
  ],
  ""type"": ""Point""
}",-83.227841804,42.3780195750001
16448,1415328,7 MILE,WARWICK,2018-07-01,1,7,2018,20,1,5,9,,2,0,Asphalt,1,1,1,35,5,2,3,4,0,0,0,1,false,false,false,false,false,false,false,false,false,false,false,false,false,false,false,false,false,false,false,false,false,false,-83.22978,42.42982,"{
  ""coordinates"": [
    -8.322978579285051e+01,
    4.242982259828700e+01
  ],
  ""type"": ""Point""
}","{
  ""coordinates"": [
    -83.229785793,
    42.429822598
  ],
  ""type"": ""Point""
}",-83.229785793,42.429822598
16449,1414789,OUTER,FORT,2018-07-01,1,7,2018,14,1,5,3,,2,0,Asphalt,1,1,1,35,6,2,2,5,0,0,0,0,true,false,false,false,false,false,false,false,false,false,false,false,false,false,false,false,false,false,false,false,false,false,-83.16689,42.26217,"{
  ""coordinates"": [
    -8.316689359111210e+01,
    4.226217256754680e+01
  ],
  ""type"": ""Point""
}","{
  ""coordinates"": [
    -83.166893591,
    42.262172568
  ],
  ""type"": ""Point""
}",-83.166893591,42.262172568
16450,1413825,GROVE,LAUDER,2018-07-01,1,7,2018,10,1,8,9,,,0,,1,1,1,25,1,2,0,5,0,0,0,0,true,false,false,false,true,false,false,false,false,false,false,false,false,false,false,false,false,false,false,false,false,false,-83.19202,42.41424,"{
  ""coordinates"": [
    -8.319201850695291e+01,
    4.241423873966310e+01
  ],
  ""type"": ""Point""
}","{
  ""coordinates"": [
    -83.192018507,
    42.41423874
  ],
  ""type"": ""Point""
}",-83.1920185069999,42.41423874
16451,1412976,GILCHRIST,MCNICHOLS,2018-07-01,1,7,2018,1,1,1,9,,,1,,1,1,4,25,2,1,3,5,0,0,0,0,true,false,false,false,false,true,false,false,false,false,false,false,false,false,false,false,false,false,false,false,false,false,-83.2121,42.41572,"{
  ""coordinates"": [
    -8.321209531988440e+01,
    4.241571682953600e+01
  ],
  ""type"": ""Point""
}","{
  ""coordinates"": [
    -83.21209532,
    42.41571683
  ],
  ""type"": ""Point""
}",-83.2120953199999,42.4157168300001
16452,1413860,MCNICHOLS,AVON,2018-07-01,1,7,2018,3,1,1,9,,2,0,Asphalt,1,1,4,35,4,1,0,5,0,0,0,0,true,false,false,false,false,false,false,false,false,false,false,false,false,false,false,false,false,false,false,false,false,false,-83.2258,42.41541,"{
  ""coordinates"": [
    -8.322579843874520e+01,
    4.241541429977930e+01
  ],
  ""type"": ""Point""
}","{
  ""coordinates"": [
    -83.225798439,
    42.4154143
  ],
  ""type"": ""Point""
}",-83.225798439,42.4154143000001
16453,1413870,7 MILE,SOUTHFIELD SERVICE,2018-07-01,1,7,2018,19,1,5,9,,2,0,Asphalt,1,1,1,35,5,2,2,5,0,0,0,0,true,false,false,false,true,false,false,false,false,false,false,false,false,false,false,false,false,false,false,false,false,false,-83.2152,42.43013,"{
  ""coordinates"": [
    -8.321520366774131e+01,
    4.243012906095130e+01
  ],
  ""type"": ""Point""
}","{
  ""coordinates"": [
    -83.215203668,
    42.430129061
  ],
  ""type"": ""Point""
}",-83.215203668,42.4301290610001
16454,1413839,GRAND,3RD,2018-07-01,1,7,2018,3,1,8,9,,4,0,Asphalt,1,1,4,45,2,2,1,5,0,0,0,0,true,false,false,false,true,false,false,false,false,false,false,false,false,false,false,false,false,false,false,false,false,false,-83.06521,42.34419,"{
  ""coordinates"": [
    -8.306520904711350e+01,
    4.234418863538690e+01
  ],
  ""type"": ""Point""
}","{
  ""coordinates"": [
    -83.065209047,
    42.344188635
  ],
  ""type"": ""Point""
}",-83.0652090469999,42.3441886350001
16455,1429616,I-94 W/B,LONYO,2018-07-01,1,7,2018,3,1,97,1,,1,0,Asphalt,1,1,4,55,3,3,3,3,0,0,1,1,false,false,false,false,true,false,false,false,false,false,false,false,false,false,false,false,false,false,false,false,false,false,-83.14551,42.33136,"{
  ""coordinates"": [
    -8.314550642134230e+01,
    4.233136068417640e+01
  ],
  ""type"": ""Point""
}","{
  ""coordinates"": [
    -83.145506421,
    42.331360684
  ],
  ""type"": ""Point""
}",-83.1455064209999,42.3313606840001
16456,1414617,GRATIOT,JOSEPH CAMPAU,2018-07-01,1,7,2018,1,1,1,3,,1,0,Asphalt,1,1,5,30,6,2,2,5,0,0,0,0,true,false,false,false,true,false,false,false,false,false,false,false,false,false,false,false,false,false,false,false,true,false,-83.0302,42.35532,"{
  ""coordinates"": [
    -8.303019803696800e+01,
    4.235532095216920e+01
  ],
  ""type"": ""Point""
}","{
  ""coordinates"": [
    -83.030198037,
    42.355320952
  ],
  ""type"": ""Point""
}",-83.0301980369999,42.3553209520001
16457,1413863,MURRAY HILL,7 MILE,2018-07-01,1,7,2018,16,1,3,9,,,0,,1,1,1,35,4,2,1,5,0,0,0,0,true,false,false,false,true,false,false,false,false,false,false,false,false,false,false,false,false,false,false,false,false,false,-83.20847,42.43029,"{
  ""coordinates"": [
    -8.320846346609351e+01,
    4.243029555636080e+01
  ],
  ""type"": ""Point""
}","{
  ""coordinates"": [
    -83.208463466,
    42.430295556
  ],
  ""type"": ""Point""
}",-83.208463466,42.430295556
16458,1418378,18491 MANSFIELD,MARGARETA,2018-07-01,1,7,2018,10,1,10,9,,,0,,1,1,5,,2,2,2,5,0,0,0,0,true,false,false,false,false,false,false,false,false,false,false,false,false,false,false,false,true,false,false,false,false,false,-83.2062,42.42675,"{
  ""coordinates"": [
    -8.320620067063319e+01,
    4.242675246651390e+01
  ],
  ""type"": ""Point""
}","{
  ""coordinates"": [
    -83.206200671,
    42.426752467
  ],
  ""type"": ""Point""
}",-83.206200671,42.426752467
16459,1413821,MCNICHOLS,HUBBELL,2018-07-01,1,7,2018,9,1,4,9,,2,0,Asphalt,1,1,1,35,4,2,5,4,0,0,0,4,false,false,false,false,false,false,false,false,false,false,false,false,false,false,true,false,false,false,false,false,false,false,-83.18955,42.41646,"{
  ""coordinates"": [
    -8.318955500818090e+01,
    4.241645917406950e+01
  ],
  ""type"": ""Point""
}","{
  ""coordinates"": [
    -83.189555008,
    42.416459174
  ],
  ""type"": ""Point""
}",-83.189555008,42.4164591740001
16460,1413823,LIVERNOIS,LINSDALE,2018-07-01,1,7,2018,17,1,1,9,,4,1,Asphalt,1,1,1,40,6,1,1,2,0,1,0,0,false,false,false,false,false,false,false,false,false,false,false,false,false,false,false,false,false,false,false,false,false,false,-83.13824,42.35606,"{
  ""coordinates"": [
    -8.313824618545590e+01,
    4.235605926197740e+01
  ],
  ""type"": ""Point""
}","{
  ""coordinates"": [
    -83.138246185,
    42.356059262
  ],
  ""type"": ""Point""
}",-83.138246185,42.356059262
16461,1412980,ASHTON,MCNICHOLS,2018-07-01,1,7,2018,1,1,97,9,,,0,,1,1,5,,4,1,1,4,0,0,0,1,false,false,false,false,false,false,false,false,false,false,false,false,false,false,false,false,false,false,false,false,false,false,-83.22008,42.41553,"{
  ""coordinates"": [
    -8.322007942150221e+01,
    4.241553297587110e+01
  ],
  ""type"": ""Point""
}","{
  ""coordinates"": [
    -83.220079422,
    42.415532976
  ],
  ""type"": ""Point""
}",-83.220079422,42.4155329760001
16462,1414607,MONROE,BEAUBIEN,2018-07-01,1,7,2018,22,1,8,9,,4,0,Asphalt,1,1,4,25,2,5,1,4,0,0,0,1,false,false,false,false,false,true,false,true,false,false,false,false,true,false,false,false,false,false,false,false,false,false,-83.04226,42.33504,"{
  ""coordinates"": [
    -8.304225782716409e+01,
    4.233504508065930e+01
  ],
  ""type"": ""Point""
}","{
  ""coordinates"": [
    -83.042257827,
    42.335045081
  ],
  ""type"": ""Point""
}",-83.042257827,42.335045081
16463,1413879,7 MILE,YACAMA,2018-07-01,1,7,2018,18,1,8,9,,4,0,Asphalt,1,1,1,35,2,2,2,5,0,0,0,0,true,false,false,false,false,false,false,false,false,false,false,false,false,false,false,false,false,false,false,false,false,false,-83.09701,42.4324,"{
  ""coordinates"": [
    -8.309700732346560e+01,
    4.243239586847420e+01
  ],
  ""type"": ""Point""
}","{
  ""coordinates"": [
    -83.097007323,
    42.432395868
  ],
  ""type"": ""Point""
}",-83.097007323,42.4323958680001
16464,1413880,N I 75 SERVICE DRIVE,8 MILE,2018-07-01,1,7,2018,19,1,97,1,,1,0,Asphalt,1,1,1,35,3,2,3,5,0,0,0,0,true,false,false,false,false,false,false,false,false,false,false,false,false,false,false,false,false,false,false,false,false,false,-83.09435,42.44686,"{
  ""coordinates"": [
    -8.309435453949460e+01,
    4.244685680751690e+01
  ],
  ""type"": ""Point""
}","{
  ""coordinates"": [
    -83.094354539,
    42.446856808
  ],
  ""type"": ""Point""
}",-83.0943545389999,42.4468568080001
16465,1414612,GRAND RIVER,MIDDLE,2018-07-01,1,7,2018,15,1,8,3,,4,0,Asphalt,1,1,1,30,4,2,4,5,0,0,0,0,true,false,false,false,true,false,false,false,false,false,false,false,false,false,false,false,false,false,false,false,false,false,-83.0544,42.33455,"{
  ""coordinates"": [
    -8.305439684337949e+01,
    4.233454339846790e+01
  ],
  ""type"": ""Point""
}","{
  ""coordinates"": [
    -83.054396843,
    42.334543398
  ],
  ""type"": ""Point""
}",-83.0543968429999,42.3345433980001
16466,1415357,VAN DYKE,HARDYKE,2018-07-01,1,7,2018,3,1,8,3,,1,0,Asphalt,1,1,5,35,3,2,2,5,0,0,0,0,true,false,false,false,false,false,false,false,false,true,false,false,false,false,false,false,false,false,false,false,false,false,-83.02248,42.39001,"{
  ""coordinates"": [
    -8.302248272510090e+01,
    4.239001052923420e+01
  ],
  ""type"": ""Point""
}","{
  ""coordinates"": [
    -83.022482725,
    42.390010529
  ],
  ""type"": ""Point""
}",-83.022482725,42.3900105290001
16467,1413826,MCNICHOLS,GREENVIEW,2018-07-01,1,7,2018,13,1,4,9,,2,0,Asphalt,1,1,1,30,4,2,2,4,0,0,0,1,false,false,false,false,false,false,false,false,false,false,false,false,false,false,true,false,false,false,false,false,false,false,-83.22431,42.41544,"{
  ""coordinates"": [
    -8.322431266088689e+01,
    4.241544489020390e+01
  ],
  ""type"": ""Point""
}","{
  ""coordinates"": [
    -83.224312661,
    42.41544489
  ],
  ""type"": ""Point""
}",-83.2243126609999,42.4154448900001
16468,1414614,ARNOLD,LONYO,2018-07-01,1,7,2018,21,1,98,9,,,0,,1,1,1,25,3,2,0,5,0,0,0,0,true,false,false,false,true,false,false,false,false,false,false,false,false,false,false,false,false,false,false,false,false,false,-83.14336,42.32849,"{
  ""coordinates"": [
    -8.314336042783950e+01,
    4.232848727080520e+01
  ],
  ""type"": ""Point""
}","{
  ""coordinates"": [
    -83.143360428,
    42.328487271
  ],
  ""type"": ""Point""
}",-83.1433604279999,42.328487271
16469,1413822,JOY,CENTRAL,2018-07-01,1,7,2018,15,1,5,9,,4,0,Asphalt,1,1,1,35,2,2,6,5,0,0,0,0,true,false,false,false,false,false,false,false,false,false,false,false,false,false,false,false,false,false,false,false,false,false,-83.14629,42.35919,"{
  ""coordinates"": [
    -8.314629484160780e+01,
    4.235919123380540e+01
  ],
  ""type"": ""Point""
}","{
  ""coordinates"": [
    -83.146294842,
    42.359191234
  ],
  ""type"": ""Point""
}",-83.146294842,42.359191234
16470,1413886,LIVERNOIS,7 MILE,2018-07-01,1,7,2018,1,1,4,9,,4,0,Asphalt,1,1,4,30,9,3,7,1,1,1,0,3,false,false,true,true,false,true,false,true,false,false,false,false,false,false,true,false,false,false,false,false,false,false,-83.14137,42.43161,"{
  ""coordinates"": [
    -8.314137504915530e+01,
    4.243160888444430e+01
  ],
  ""type"": ""Point""
}","{
  ""coordinates"": [
    -83.141375049,
    42.431608884
  ],
  ""type"": ""Point""
}",-83.141375049,42.4316088840001
16471,1413849,WARREN,S M 39,2018-07-01,1,7,2018,1,1,3,9,,2,0,Asphalt,1,1,4,35,5,2,2,4,0,0,0,2,false,false,true,true,false,false,false,false,false,false,false,false,false,false,false,false,false,false,false,false,false,false,-83.21616,42.34337,"{
  ""coordinates"": [
    -8.321615235803490e+01,
    4.234336800734330e+01
  ],
  ""type"": ""Point""
}","{
  ""coordinates"": [
    -83.216152358,
    42.343368007
  ],
  ""type"": ""Point""
}",-83.216152358,42.343368007
16472,1413885,7 MILE,GODDARD,2018-07-01,1,7,2018,19,1,5,9,,4,0,Asphalt,1,1,1,35,2,2,0,5,0,0,0,0,true,false,false,false,true,false,false,false,false,false,false,false,false,false,false,false,false,false,false,false,false,false,-83.07813,42.43291,"{
  ""coordinates"": [
    -8.307812632162820e+01,
    4.243291513864220e+01
  ],
  ""type"": ""Point""
}","{
  ""coordinates"": [
    -83.078126322,
    42.432915139
  ],
  ""type"": ""Point""
}",-83.0781263219999,42.432915139
16473,1413832,WOODWARD,MICHIGAN,2018-07-01,1,7,2018,14,1,5,9,,4,0,Concrete,1,1,1,25,3,2,2,5,0,0,0,0,true,false,false,false,false,false,false,false,false,false,false,false,false,false,false,false,false,false,false,false,false,false,-83.04702,42.33164,"{
  ""coordinates"": [
    -8.304701622173781e+01,
    4.233164224297660e+01
  ],
  ""type"": ""Point""
}","{
  ""coordinates"": [
    -83.047016222,
    42.331642243
  ],
  ""type"": ""Point""
}",-83.047016222,42.331642243
16474,1413847,WHITTIER,ROXBURY,2018-07-01,1,7,2018,2,1,5,9,,4,0,Asphalt,1,1,4,30,2,3,2,3,0,0,1,1,false,false,false,false,false,true,false,false,false,false,false,false,false,false,false,false,false,false,false,false,false,false,-82.95319,42.41699,"{
  ""coordinates"": [
    -8.295319522934049e+01,
    4.241699126882770e+01
  ],
  ""type"": ""Point""
}","{
  ""coordinates"": [
    -82.953195229,
    42.416991269
  ],
  ""type"": ""Point""
}",-82.953195229,42.4169912690001
16475,1415280,E I 96 CD,EVERGREEN,2018-07-01,1,7,2018,22,1,1,1,,1,1,Concrete,1,1,4,70,3,1,1,3,0,0,1,0,false,false,false,false,false,false,false,false,false,true,false,false,false,false,false,false,false,false,false,true,false,false,-83.23635,42.37985,"{
  ""coordinates"": [
    -8.323635004279510e+01,
    4.237985374667740e+01
  ],
  ""type"": ""Point""
}","{
  ""coordinates"": [
    -83.236350043,
    42.379853747
  ],
  ""type"": ""Point""
}",-83.236350043,42.379853747
16476,1415362,CORAM,QUEEN,2018-07-01,1,7,2018,16,1,97,9,,,0,,1,1,1,25,2,2,1,4,0,0,0,1,false,false,false,false,false,false,false,false,false,false,false,true,false,true,false,false,false,false,false,false,false,false,-82.96889,42.43827,"{
  ""coordinates"": [
    -8.296888739480410e+01,
    4.243826893186690e+01
  ],
  ""type"": ""Point""
}","{
  ""coordinates"": [
    -82.968887395,
    42.438268932
  ],
  ""type"": ""Point""
}",-82.968887395,42.438268932
16477,1413845,HONORAH,VERNOR,2018-07-01,1,7,2018,17,1,2,9,,,0,,1,1,1,,3,2,1,5,0,0,0,0,true,false,false,false,false,false,false,false,false,false,false,false,false,false,true,false,false,false,false,false,false,false,-83.12312,42.31321,"{
  ""coordinates"": [
    -8.312312617936850e+01,
    4.231320844923250e+01
  ],
  ""type"": ""Point""
}","{
  ""coordinates"": [
    -83.123126179,
    42.313208449
  ],
  ""type"": ""Point""
}",-83.1231261789999,42.3132084490001
16478,1413871,N M 39 SERVICE DRIVE,JOY,2018-07-01,1,7,2018,10,1,5,9,,4,0,Asphalt,1,1,1,35,2,2,2,5,0,0,0,0,true,false,false,false,false,false,false,false,false,false,true,false,false,false,false,false,false,false,false,false,false,false,-83.21607,42.35786,"{
  ""coordinates"": [
    -8.321607209268829e+01,
    4.235785612415050e+01
  ],
  ""type"": ""Point""
}","{
  ""coordinates"": [
    -83.216072093,
    42.357856124
  ],
  ""type"": ""Point""
}",-83.216072093,42.3578561240001
16479,1413877,RYAN,NEVADA,2018-07-01,1,7,2018,20,1,97,9,,4,0,Asphalt,1,1,1,35,3,3,6,2,0,3,0,3,false,false,false,false,false,false,false,true,false,false,false,false,false,false,false,false,false,false,false,false,false,false,-83.06271,42.42594,"{
  ""coordinates"": [
    -8.306270846285160e+01,
    4.242593913208320e+01
  ],
  ""type"": ""Point""
}","{
  ""coordinates"": [
    -83.062708463,
    42.425939132
  ],
  ""type"": ""Point""
}",-83.062708463,42.4259391320001
16480,1414618,GRATIOT,JOSEPH CAMPAU,2018-07-01,1,7,2018,1,1,1,3,,1,0,Asphalt,1,1,5,30,6,2,3,3,0,0,1,0,false,false,false,false,true,false,false,false,false,false,false,false,false,false,false,false,false,false,false,false,true,false,-83.03019,42.35534,"{
  ""coordinates"": [
    -8.303018735262880e+01,
    4.235533995736730e+01
  ],
  ""type"": ""Point""
}","{
  ""coordinates"": [
    -83.030187353,
    42.355339957
  ],
  ""type"": ""Point""
}",-83.030187353,42.3553399570001
16481,1413828,MCNICHOLS,GREENVIEW,2018-07-01,1,7,2018,13,1,4,9,,2,0,Asphalt,1,1,1,35,7,2,2,5,0,0,0,0,true,false,false,false,false,false,false,false,false,false,false,false,false,false,false,false,false,false,false,false,false,false,-83.22431,42.41544,"{
  ""coordinates"": [
    -8.322431266088689e+01,
    4.241544489020390e+01
  ],
  ""type"": ""Point""
}","{
  ""coordinates"": [
    -83.224312661,
    42.41544489
  ],
  ""type"": ""Point""
}",-83.2243126609999,42.4154448900001
16482,1415347,OUTER,COPLIN,2018-07-01,1,7,2018,8,1,97,9,,2,0,Asphalt,1,1,1,25,3,2,1,5,0,0,0,0,true,false,false,false,false,false,false,false,false,false,false,false,false,true,false,false,false,false,false,false,false,false,-82.97618,42.41304,"{
  ""coordinates"": [
    -8.297617776234540e+01,
    4.241303584465900e+01
  ],
  ""type"": ""Point""
}","{
  ""coordinates"": [
    -82.976177762,
    42.413035845
  ],
  ""type"": ""Point""
}",-82.976177762,42.413035845
16483,1413840,DEACON,FRANCIS,2018-07-01,1,7,2018,22,1,97,9,,,0,,1,1,3,25,1,2,1,5,0,0,0,0,true,false,false,false,false,false,false,false,false,false,false,false,false,false,true,false,false,false,false,false,false,false,-83.15691,42.26383,"{
  ""coordinates"": [
    -8.315690792184949e+01,
    4.226383358143400e+01
  ],
  ""type"": ""Point""
}","{
  ""coordinates"": [
    -83.156907922,
    42.263833581
  ],
  ""type"": ""Point""
}",-83.156907922,42.263833581
16484,1420160,I 94,LINWOOD,2018-07-01,1,7,2018,13,1,8,1,,1,0,Asphalt,1,1,1,70,3,2,4,4,0,0,0,1,false,false,false,false,false,false,false,false,false,false,false,false,false,false,true,false,false,false,false,false,false,false,-83.09013,42.35293,"{
  ""coordinates"": [
    -8.309013082983000e+01,
    4.235293137624010e+01
  ],
  ""type"": ""Point""
}","{
  ""coordinates"": [
    -83.09013083,
    42.352931376
  ],
  ""type"": ""Point""
}",-83.09013083,42.3529313760001
16485,1419414,THIRD,PHILADELPHIA,2018-07-01,1,7,2018,11,1,98,9,,4,0,Asphalt,98,98,98,15,1,2,0,5,0,0,0,0,true,false,false,false,true,false,false,false,false,false,false,false,false,false,false,false,false,false,false,false,false,false,-83.08431,42.37553,"{
  ""coordinates"": [
    -8.308431349208961e+01,
    4.237552470509660e+01
  ],
  ""type"": ""Point""
}","{
  ""coordinates"": [
    -83.084313492,
    42.375524705
  ],
  ""type"": ""Point""
}",-83.084313492,42.375524705
16486,1417075,FENELON,STOCKTON,2018-07-01,1,7,2018,20,1,97,9,,,0,,1,1,1,25,1,2,2,5,0,0,0,0,true,false,false,false,false,false,false,false,false,false,false,false,false,true,false,false,false,false,false,false,false,false,-83.0531,42.42793,"{
  ""coordinates"": [
    -8.305309897531390e+01,
    4.242793037733190e+01
  ],
  ""type"": ""Point""
}","{
  ""coordinates"": [
    -83.053098975,
    42.427930377
  ],
  ""type"": ""Point""
}",-83.053098975,42.4279303770001
16487,1425395,WOODWARD,LOTHROP,2018-07-01,1,7,2018,15,1,1,3,,1,0,Asphalt,1,1,1,30,4,2,2,5,0,0,0,0,true,false,true,true,false,false,false,false,false,false,false,false,false,false,false,false,false,true,false,false,false,false,-83.07417,42.37156,"{
  ""coordinates"": [
    -8.307416432669601e+01,
    4.237156231018480e+01
  ],
  ""type"": ""Point""
}","{
  ""coordinates"": [
    -83.074164327,
    42.37156231
  ],
  ""type"": ""Point""
}",-83.0741643269999,42.3715623100001
16488,1417062,CADIEUX,WARREN,2018-07-01,1,7,2018,20,1,5,9,,4,0,Asphalt,1,1,3,,4,2,4,4,0,0,0,2,false,false,false,false,false,false,false,false,false,false,false,false,false,false,false,false,false,false,false,false,false,false,-82.9299,42.40618,"{
  ""coordinates"": [
    -8.292990029284250e+01,
    4.240618163877500e+01
  ],
  ""type"": ""Point""
}","{
  ""coordinates"": [
    -82.929900293,
    42.406181639
  ],
  ""type"": ""Point""
}",-82.9299002929999,42.4061816390001
16489,1417069,ROXBURY,GRAYTON,2018-07-01,1,7,2018,0,1,5,9,,,3,,1,1,5,25,1,2,0,5,0,0,0,0,true,false,false,false,true,false,false,false,false,false,false,false,false,false,false,false,false,false,false,false,false,false,-82.95003,42.42051,"{
  ""coordinates"": [
    -8.295002841225740e+01,
    4.242051074823070e+01
  ],
  ""type"": ""Point""
}","{
  ""coordinates"": [
    -82.950028412,
    42.420510748
  ],
  ""type"": ""Point""
}",-82.9500284119999,42.420510748
16490,1418420,SANTA MARIA,MEYERS,2018-06-30,30,6,2018,14,7,97,9,,,0,,1,1,1,25,2,2,2,5,0,0,0,0,true,false,false,false,true,false,false,false,false,false,false,false,false,false,false,false,false,false,false,false,false,false,-83.1702,42.4185,"{
  ""coordinates"": [
    -8.317020435778031e+01,
    4.241849330523890e+01
  ],
  ""type"": ""Point""
}","{
  ""coordinates"": [
    -83.170204358,
    42.418493305
  ],
  ""type"": ""Point""
}",-83.170204358,42.418493305