ObjectId,Crash ID,Primary Road,Intersecting Road,Crash Date,Day,Month,Year,Hour,Weekday,Crash Type Code,Highway Classification Code,Community Code,Jurisdiction Code,Lane Departure Type Code,Surface Type,Road Condition,Weather Condition,Lighting Condition,Speed Limit,Lanes,Units,Occupants,Most Severe Injury,Fatal Injuries,Suspected Serious Injuries,Suspected Minor Injuries,Possible Injuries,Property Damage Only,Secondary Crash,Traffic Control,Red Light Run,Hit and Run,Alcohol,Drugs,Unbelted Person,Work Zone,Speeding Driver,Distracted Driver,Driveway,Pedestrian,Elderly Driver,Young Driver,Commercial Vehicle,Emergency Vehicles,Train,School Bus,Motorcycle,Bicycle,Deer,Longitude,Latitude,geom,geog,x,y
16491,1415278,N M 10,RAMP 119C,2018-06-30,30,6,2018,21,7,1,3,,1,1,Concrete,1,1,4,30,1,1,1,4,0,0,0,1,false,false,false,false,false,false,false,false,false,false,false,false,false,false,true,false,false,false,false,false,false,false,-83.07101,42.34971,"{
  ""coordinates"": [
    -8.307100412045730e+01,
    4.234971026864910e+01
  ],
  ""type"": ""Point""
}","{
  ""coordinates"": [
    -83.07100412,
    42.349710269
  ],
  ""type"": ""Point""
}",-83.0710041199999,42.3497102690001
16492,1414634,EMERY,LAMONT,2018-06-30,30,6,2018,17,7,4,9,,,0,,1,1,1,25,1,2,2,5,0,0,0,0,true,false,false,false,false,false,false,false,false,false,false,false,false,false,false,false,false,false,false,false,false,false,-83.05439,42.43588,"{
  ""coordinates"": [
    -8.305438640720330e+01,
    4.243587924292470e+01
  ],
  ""type"": ""Point""
}","{
  ""coordinates"": [
    -83.054386407,
    42.435879243
  ],
  ""type"": ""Point""
}",-83.054386407,42.435879243
16493,1451513,DAVISON,LA SALLE,2018-06-30,30,6,2018,12,7,5,3,,1,0,Asphalt,1,1,1,35,7,2,2,5,0,0,0,0,true,false,false,false,true,false,false,false,false,false,false,false,false,false,false,false,false,false,false,false,false,false,-83.1188,42.39421,"{
  ""coordinates"": [
    -8.311880194709860e+01,
    4.239421653467550e+01
  ],
  ""type"": ""Point""
}","{
  ""coordinates"": [
    -83.118801947,
    42.394216535
  ],
  ""type"": ""Point""
}",-83.118801947,42.3942165350001
16494,1412954,WARREN,ANN ARBOR,2018-06-30,30,6,2018,12,7,8,9,,2,0,Asphalt,1,1,1,30,5,2,3,5,0,0,0,0,true,false,false,false,false,false,false,false,false,false,false,false,false,false,false,false,false,false,false,false,false,false,-83.26247,42.34173,"{
  ""coordinates"": [
    -8.326246597855510e+01,
    4.234173316432890e+01
  ],
  ""type"": ""Point""
}","{
  ""coordinates"": [
    -83.262465979,
    42.341733164
  ],
  ""type"": ""Point""
}",-83.262465979,42.3417331640001
16495,1433438,I-94,VAN DYKE,2018-06-30,30,6,2018,6,7,5,1,,1,0,Asphalt,1,1,1,55,3,2,2,5,0,0,0,0,true,false,false,false,false,false,false,false,false,false,false,false,false,false,false,true,false,false,false,false,false,false,-83.01991,42.38622,"{
  ""coordinates"": [
    -8.301990775280360e+01,
    4.238621379246560e+01
  ],
  ""type"": ""Point""
}","{
  ""coordinates"": [
    -83.019907753,
    42.386213792
  ],
  ""type"": ""Point""
}",-83.019907753,42.386213792
16496,1413000,SANTA ROSA,SANTA CLARA,2018-06-30,30,6,2018,0,7,97,9,,,0,,1,1,4,25,2,3,1,4,0,0,0,1,false,false,false,false,true,false,false,false,false,false,false,false,false,false,false,false,false,false,false,false,false,false,-83.14317,42.42077,"{
  ""coordinates"": [
    -8.314317064793570e+01,
    4.242077346622390e+01
  ],
  ""type"": ""Point""
}","{
  ""coordinates"": [
    -83.143170648,
    42.420773466
  ],
  ""type"": ""Point""
}",-83.143170648,42.4207734660001
16497,1413830,JEFFERSON,ROSA PARKS/JEFFERSON TURNAROUN,2018-06-30,30,6,2018,2,7,1,9,,4,1,Concrete,1,1,4,25,4,1,1,5,0,0,0,0,true,false,false,false,true,false,false,false,false,false,false,false,false,false,false,false,false,false,false,false,false,false,-83.06581,42.32161,"{
  ""coordinates"": [
    -8.306580800422390e+01,
    4.232160706288010e+01
  ],
  ""type"": ""Point""
}","{
  ""coordinates"": [
    -83.065808004,
    42.321607063
  ],
  ""type"": ""Point""
}",-83.065808004,42.321607063
16498,1412967,RUSSELL,WILKINS,2018-06-30,30,6,2018,17,7,8,9,,4,0,Asphalt,1,1,1,25,2,2,2,5,0,0,0,0,true,false,false,false,false,false,false,false,false,false,false,false,false,true,false,false,false,false,false,false,false,false,-83.04242,42.34927,"{
  ""coordinates"": [
    -8.304241574196200e+01,
    4.234926627454300e+01
  ],
  ""type"": ""Point""
}","{
  ""coordinates"": [
    -83.042415742,
    42.349266275
  ],
  ""type"": ""Point""
}",-83.0424157419999,42.349266275
16499,1418418,MEYERS,SANTA MARIA,2018-06-30,30,6,2018,14,7,3,9,,4,0,Asphalt,1,1,1,30,2,4,6,4,0,0,0,1,false,false,false,false,true,false,false,false,false,false,false,false,false,true,false,false,false,false,false,false,false,false,-83.1702,42.41847,"{
  ""coordinates"": [
    -8.317020319196510e+01,
    4.241846767068700e+01
  ],
  ""type"": ""Point""
}","{
  ""coordinates"": [
    -83.170203192,
    42.418467671
  ],
  ""type"": ""Point""
}",-83.170203192,42.418467671
16500,1447015,THATCHER,FORRER,2018-06-30,30,6,2018,9,7,4,9,,,0,,1,1,1,25,2,2,1,5,0,0,0,0,true,true,false,false,false,false,false,false,false,false,false,false,false,false,false,false,false,false,false,false,false,false,-83.20206,42.4211,"{
  ""coordinates"": [
    -8.320206566791160e+01,
    4.242110441535150e+01
  ],
  ""type"": ""Point""
}","{
  ""coordinates"": [
    -83.202065668,
    42.421104415
  ],
  ""type"": ""Point""
}",-83.202065668,42.4211044150001
16501,1418419,STOEPEL,CHIPPEWA,2018-06-30,30,6,2018,14,7,4,9,,,0,,1,1,1,25,2,2,1,5,0,0,0,0,true,false,false,false,true,false,false,false,false,false,false,false,false,false,false,false,false,false,false,false,false,false,-83.14304,42.44135,"{
  ""coordinates"": [
    -8.314304266963610e+01,
    4.244134902312680e+01
  ],
  ""type"": ""Point""
}","{
  ""coordinates"": [
    -83.14304267,
    42.441349023
  ],
  ""type"": ""Point""
}",-83.1430426699999,42.441349023
16502,1412975,SCHOOLCRAFT,RUTLAND,2018-06-30,30,6,2018,12,7,4,9,,2,0,Asphalt,1,1,1,35,4,2,1,5,0,0,0,0,true,true,false,false,true,false,false,false,false,false,false,false,false,false,false,false,false,false,false,false,false,false,-83.21375,42.38676,"{
  ""coordinates"": [
    -8.321374355987410e+01,
    4.238675681117350e+01
  ],
  ""type"": ""Point""
}","{
  ""coordinates"": [
    -83.21374356,
    42.386756811
  ],
  ""type"": ""Point""
}",-83.21374356,42.3867568110001
16503,1425403,RAMP 117A,MILWAUKEE,2018-06-30,30,6,2018,3,7,4,3,,1,0,Asphalt,1,1,4,,2,2,5,3,0,0,1,2,false,false,true,true,true,false,false,false,false,false,false,false,false,false,true,false,false,false,false,false,false,false,-83.08063,42.36605,"{
  ""coordinates"": [
    -8.308062651035220e+01,
    4.236605416260550e+01
  ],
  ""type"": ""Point""
}","{
  ""coordinates"": [
    -83.08062651,
    42.366054163
  ],
  ""type"": ""Point""
}",-83.0806265099999,42.3660541630001
16504,1413883,GREELEY,ROBINWOOD,2018-06-30,30,6,2018,2,7,1,9,,,0,,1,1,4,25,1,1,0,5,0,0,0,0,true,false,false,false,true,false,false,false,false,false,false,false,false,false,false,false,false,false,false,false,false,false,-83.08766,42.43026,"{
  ""coordinates"": [
    -8.308766529892070e+01,
    4.243025617174120e+01
  ],
  ""type"": ""Point""
}","{
  ""coordinates"": [
    -83.087665299,
    42.430256172
  ],
  ""type"": ""Point""
}",-83.087665299,42.430256172
16505,1412987,LIVERNOIS,FULLERTON,2018-06-30,30,6,2018,1,7,5,9,,4,0,Concrete,1,1,4,30,2,2,6,3,0,0,1,0,false,false,true,true,false,false,false,false,false,false,false,false,false,false,true,false,false,false,false,false,false,false,-83.13941,42.3809,"{
  ""coordinates"": [
    -8.313941116638129e+01,
    4.238090144026740e+01
  ],
  ""type"": ""Point""
}","{
  ""coordinates"": [
    -83.139411166,
    42.38090144
  ],
  ""type"": ""Point""
}",-83.1394111659999,42.3809014400001
16506,1412968,VERNOR,IROQUOIS,2018-06-30,30,6,2018,9,7,4,9,,4,0,Asphalt,1,1,1,25,3,2,2,5,0,0,0,0,true,false,false,false,false,false,false,false,false,false,false,false,false,false,true,false,false,false,false,false,false,false,-82.99719,42.36213,"{
  ""coordinates"": [
    -8.299719409198340e+01,
    4.236213054307850e+01
  ],
  ""type"": ""Point""
}","{
  ""coordinates"": [
    -82.997194092,
    42.362130543
  ],
  ""type"": ""Point""
}",-82.997194092,42.362130543
16507,1414622,GRAND RIVER,GREENFIELD,2018-06-30,30,6,2018,14,7,4,3,,1,0,Asphalt,1,1,1,35,2,2,2,5,0,0,0,0,true,false,false,false,true,false,false,false,false,false,false,false,false,true,false,false,false,false,false,false,false,false,-83.19836,42.39266,"{
  ""coordinates"": [
    -8.319836526477810e+01,
    4.239265655829940e+01
  ],
  ""type"": ""Point""
}","{
  ""coordinates"": [
    -83.198365265,
    42.392656558
  ],
  ""type"": ""Point""
}",-83.1983652649999,42.3926565580001
16508,1412958,MCCLELLAN,CANFIELD,2018-06-30,30,6,2018,4,7,5,9,,4,3,Asphalt,1,1,4,30,4,2,2,4,0,0,0,2,false,false,false,false,false,false,false,false,false,false,true,false,false,false,false,false,false,false,false,false,false,false,-82.99773,42.37714,"{
  ""coordinates"": [
    -8.299772353046320e+01,
    4.237714167807610e+01
  ],
  ""type"": ""Point""
}","{
  ""coordinates"": [
    -82.99772353,
    42.377141678
  ],
  ""type"": ""Point""
}",-82.99772353,42.377141678
16509,1415298,RANDOLPH,JEFFERSON,2018-06-30,30,6,2018,15,7,5,3,,1,0,Asphalt,1,1,1,,4,2,3,2,0,1,0,0,false,false,false,false,false,false,false,false,false,false,false,false,false,true,true,false,false,false,false,false,false,false,-83.04192,42.32967,"{
  ""coordinates"": [
    -8.304192207631000e+01,
    4.232966817271190e+01
  ],
  ""type"": ""Point""
}","{
  ""coordinates"": [
    -83.041922076,
    42.329668173
  ],
  ""type"": ""Point""
}",-83.0419220759999,42.3296681730001
16510,1413833,MICHIGAN,VERMONT,2018-06-30,30,6,2018,11,7,4,2,,1,0,Asphalt,1,1,1,35,5,2,2,5,0,0,0,0,true,false,false,false,false,false,false,false,false,false,false,false,false,false,false,false,false,false,false,false,false,false,-83.0734,42.33138,"{
  ""coordinates"": [
    -8.307340205748160e+01,
    4.233138256304200e+01
  ],
  ""type"": ""Point""
}","{
  ""coordinates"": [
    -83.073402057,
    42.331382563
  ],
  ""type"": ""Point""
}",-83.073402057,42.331382563
16511,1412915,ROBSON,JOY,2018-06-30,30,6,2018,6,7,8,9,,,0,,1,1,2,25,2,2,1,5,0,0,0,0,true,false,false,false,true,false,false,true,false,false,false,false,false,false,false,false,false,false,false,false,false,false,-83.1916,42.35806,"{
  ""coordinates"": [
    -8.319160605063109e+01,
    4.235806035256590e+01
  ],
  ""type"": ""Point""
}","{
  ""coordinates"": [
    -83.191606051,
    42.358060353
  ],
  ""type"": ""Point""
}",-83.191606051,42.358060353
16512,1412934,WARREN,ARTESIAN,2018-06-30,30,6,2018,18,7,5,9,,2,0,Asphalt,1,1,1,35,5,2,5,5,0,0,0,0,true,false,false,false,false,false,false,false,false,false,false,false,false,false,false,false,false,false,false,false,false,false,-83.22571,42.34328,"{
  ""coordinates"": [
    -8.322570460085670e+01,
    4.234327702447790e+01
  ],
  ""type"": ""Point""
}","{
  ""coordinates"": [
    -83.225704601,
    42.343277024
  ],
  ""type"": ""Point""
}",-83.225704601,42.343277024
16513,1424268,HILLCREST,MACK,2018-06-30,30,6,2018,14,7,2,9,,,0,,1,1,1,35,3,2,0,5,0,0,0,0,true,false,false,false,true,false,false,false,false,false,false,false,false,false,false,false,false,false,false,false,false,false,-82.91107,42.41605,"{
  ""coordinates"": [
    -8.291107416702251e+01,
    4.241605141732930e+01
  ],
  ""type"": ""Point""
}","{
  ""coordinates"": [
    -82.911074167,
    42.416051417
  ],
  ""type"": ""Point""
}",-82.911074167,42.4160514170001
16514,1413002,WYOMING,CURTIS,2018-06-30,30,6,2018,11,7,5,9,,4,0,Asphalt,1,2,1,30,2,2,4,5,0,0,0,0,true,false,false,false,false,false,false,false,false,false,false,false,false,false,false,false,false,false,false,false,false,false,-83.16071,42.42402,"{
  ""coordinates"": [
    -8.316071360312991e+01,
    4.242401736375930e+01
  ],
  ""type"": ""Point""
}","{
  ""coordinates"": [
    -83.160713603,
    42.424017364
  ],
  ""type"": ""Point""
}",-83.160713603,42.4240173640001
16515,1427993,RAMP 102I,N M 10,2018-06-30,30,6,2018,19,7,5,3,,1,0,Asphalt,1,1,1,55,1,2,7,3,0,0,4,0,false,false,false,false,false,false,false,true,false,false,false,false,false,false,false,false,false,false,false,false,false,false,-83.19749,42.44064,"{
  ""coordinates"": [
    -8.319749562611990e+01,
    4.244063797365310e+01
  ],
  ""type"": ""Point""
}","{
  ""coordinates"": [
    -83.197495626,
    42.440637974
  ],
  ""type"": ""Point""
}",-83.197495626,42.440637974
16516,1412947,FORD,STAHELIN,2018-06-30,30,6,2018,16,7,8,3,,1,0,Asphalt,1,1,1,35,4,2,1,5,0,0,0,0,true,false,false,false,true,false,false,false,false,false,false,false,false,false,false,false,false,false,false,false,false,false,-83.22388,42.32896,"{
  ""coordinates"": [
    -8.322387423851821e+01,
    4.232896099095720e+01
  ],
  ""type"": ""Point""
}","{
  ""coordinates"": [
    -83.223874239,
    42.328960991
  ],
  ""type"": ""Point""
}",-83.2238742389999,42.328960991
16517,1435269,7 MILE,WHITCOMB,2018-06-30,30,6,2018,12,7,97,9,,2,0,Asphalt,1,1,1,35,4,2,0,4,0,0,0,1,false,false,false,false,true,false,false,false,false,false,false,false,true,false,false,false,false,false,false,false,false,false,-83.19715,42.43049,"{
  ""coordinates"": [
    -8.319715431730100e+01,
    4.243048905031280e+01
  ],
  ""type"": ""Point""
}","{
  ""coordinates"": [
    -83.197154317,
    42.43048905
  ],
  ""type"": ""Point""
}",-83.197154317,42.4304890500001
16518,1433489,WARREN,LONGACRE,2018-06-30,30,6,2018,21,7,97,9,,2,0,Asphalt,1,1,4,35,4,4,1,2,0,1,0,0,false,false,false,false,false,false,false,false,false,false,false,false,true,false,false,false,false,false,false,false,false,false,-83.21408,42.3434,"{
  ""coordinates"": [
    -8.321408197047590e+01,
    4.234340237483950e+01
  ],
  ""type"": ""Point""
}","{
  ""coordinates"": [
    -83.21408197,
    42.343402375
  ],
  ""type"": ""Point""
}",-83.2140819699999,42.343402375
16519,1427072,WESTERN,MICHIGAN,2018-06-30,30,6,2018,18,7,4,2,,,0,,1,1,1,,2,2,1,5,0,0,0,0,true,false,false,false,true,false,false,false,false,false,false,false,false,false,false,false,false,false,false,false,false,false,-83.15303,42.32874,"{
  ""coordinates"": [
    -8.315302766570110e+01,
    4.232873644685410e+01
  ],
  ""type"": ""Point""
}","{
  ""coordinates"": [
    -83.153027666,
    42.328736447
  ],
  ""type"": ""Point""
}",-83.153027666,42.328736447
16520,1413831,MADISON,BRUSH,2018-06-30,30,6,2018,18,7,4,9,,4,0,Asphalt,1,1,1,25,4,2,3,4,0,0,0,1,false,false,false,false,false,false,false,false,false,false,false,false,false,false,false,false,false,false,false,false,false,false,-83.04578,42.33741,"{
  ""coordinates"": [
    -8.304578023837620e+01,
    4.233741218274520e+01
  ],
  ""type"": ""Point""
}","{
  ""coordinates"": [
    -83.045780238,
    42.337412183
  ],
  ""type"": ""Point""
}",-83.045780238,42.337412183
16521,1415374,8 MILE,REGENT,2018-06-30,30,6,2018,16,7,5,3,,1,0,Asphalt,1,1,1,40,3,2,3,5,0,0,0,0,true,false,false,false,false,false,false,false,false,false,false,false,false,false,false,false,false,false,false,false,false,false,-82.97659,42.44951,"{
  ""coordinates"": [
    -8.297658931608200e+01,
    4.244951011418770e+01
  ],
  ""type"": ""Point""
}","{
  ""coordinates"": [
    -82.976589316,
    42.449510114
  ],
  ""type"": ""Point""
}",-82.9765893159999,42.4495101140001
16522,1412955,FIELDING,VAN BUREN,2018-06-30,30,6,2018,11,7,4,9,,,0,,1,1,1,25,4,2,2,5,0,0,0,0,true,false,false,false,true,false,false,false,false,false,false,false,false,false,false,false,false,false,false,false,false,false,-83.24075,42.35565,"{
  ""coordinates"": [
    -8.324074806892020e+01,
    4.235565223237250e+01
  ],
  ""type"": ""Point""
}","{
  ""coordinates"": [
    -83.240748069,
    42.355652232
  ],
  ""type"": ""Point""
}",-83.2407480689999,42.3556522320001
16523,1415279,M-10,CLAIRMOUNT,2018-06-30,30,6,2018,0,7,8,3,,1,0,Concrete,1,1,4,55,3,2,2,5,0,0,0,0,true,false,false,false,false,true,false,false,false,false,false,false,false,false,false,false,false,false,false,false,false,false,-83.08958,42.37883,"{
  ""coordinates"": [
    -8.308958361703030e+01,
    4.237882938588930e+01
  ],
  ""type"": ""Point""
}","{
  ""coordinates"": [
    -83.089583617,
    42.378829386
  ],
  ""type"": ""Point""
}",-83.089583617,42.3788293860001
16524,1413856,GRAND RIVER,GREENFIELD,2018-06-30,30,6,2018,6,7,1,3,,1,0,Asphalt,1,1,1,,4,1,1,5,0,0,0,0,true,true,false,false,false,false,false,false,false,false,false,false,false,false,false,false,false,false,false,false,false,false,-83.19836,42.39266,"{
  ""coordinates"": [
    -8.319836526477810e+01,
    4.239265655829940e+01
  ],
  ""type"": ""Point""
}","{
  ""coordinates"": [
    -83.198365265,
    42.392656558
  ],
  ""type"": ""Point""
}",-83.1983652649999,42.3926565580001
16525,1415326,EDSEL,MOROSS,2018-06-30,30,6,2018,17,7,4,1,,1,0,Asphalt,1,1,1,35,3,2,5,4,0,0,0,4,false,false,true,true,false,false,false,false,false,false,false,false,false,true,false,false,false,false,false,false,false,false,-82.9287,42.42473,"{
  ""coordinates"": [
    -8.292869520955080e+01,
    4.242472732009120e+01
  ],
  ""type"": ""Point""
}","{
  ""coordinates"": [
    -82.92869521,
    42.42472732
  ],
  ""type"": ""Point""
}",-82.9286952099999,42.42472732
16526,1415372,HAZELRIDGE,HAYES,2018-06-30,30,6,2018,19,7,8,9,,,3,,1,1,1,25,1,2,0,5,0,0,0,0,true,false,false,false,true,false,false,false,false,false,false,false,false,false,false,false,false,false,false,false,false,false,-82.96492,42.42478,"{
  ""coordinates"": [
    -8.296492089069670e+01,
    4.242478244852360e+01
  ],
  ""type"": ""Point""
}","{
  ""coordinates"": [
    -82.964920891,
    42.424782449
  ],
  ""type"": ""Point""
}",-82.964920891,42.4247824490001
16527,1418333,M 10,RAMP 111A,2018-06-30,30,6,2018,2,7,8,3,,1,0,Concrete,1,1,4,55,3,2,1,2,0,1,0,0,false,false,false,false,true,false,false,false,false,true,false,false,false,false,false,false,false,false,false,true,false,false,-83.10443,42.39077,"{
  ""coordinates"": [
    -8.310443248152150e+01,
    4.239077165509730e+01
  ],
  ""type"": ""Point""
}","{
  ""coordinates"": [
    -83.104432482,
    42.390771655
  ],
  ""type"": ""Point""
}",-83.1044324819999,42.390771655
16528,1424312,CAMDEN,BARRETT,2018-06-30,30,6,2018,0,7,97,9,,,0,,1,1,4,30,2,2,3,5,0,0,0,0,true,false,false,false,false,false,false,false,false,false,false,false,false,false,false,false,false,false,false,false,false,false,-82.98544,42.40044,"{
  ""coordinates"": [
    -8.298543355992069e+01,
    4.240043900912610e+01
  ],
  ""type"": ""Point""
}","{
  ""coordinates"": [
    -82.98543356,
    42.400439009
  ],
  ""type"": ""Point""
}",-82.98543356,42.4004390090001
16529,1412940,JOY,PLAINVIEW,2018-06-30,30,6,2018,3,7,97,9,,2,0,Asphalt,1,1,4,25,2,2,4,5,0,0,0,0,true,false,false,false,false,false,false,true,false,false,true,false,false,false,true,false,true,false,false,false,false,false,-83.23445,42.35759,"{
  ""coordinates"": [
    -8.323444988524670e+01,
    4.235759458133140e+01
  ],
  ""type"": ""Point""
}","{
  ""coordinates"": [
    -83.234449885,
    42.357594581
  ],
  ""type"": ""Point""
}",-83.2344498849999,42.3575945810001
16530,1422095,GRAND RIVER,ARCHDALE,2018-06-30,30,6,2018,1,7,8,3,,1,0,Asphalt,1,1,4,35,5,2,2,5,0,0,0,0,true,false,false,false,true,false,false,false,false,true,false,false,false,false,false,false,false,false,false,false,false,false,-83.2158,42.39969,"{
  ""coordinates"": [
    -8.321579539600199e+01,
    4.239969293895410e+01
  ],
  ""type"": ""Point""
}","{
  ""coordinates"": [
    -83.215795396,
    42.399692939
  ],
  ""type"": ""Point""
}",-83.215795396,42.399692939
16531,1413882,RYAN,8 MILE,2018-06-30,30,6,2018,18,7,4,3,,,0,,1,1,1,35,2,2,2,4,0,0,0,1,false,false,true,true,false,false,false,false,false,false,true,false,false,false,true,false,false,false,false,false,false,false,-83.06205,42.44731,"{
  ""coordinates"": [
    -8.306204935471619e+01,
    4.244730898392020e+01
  ],
  ""type"": ""Point""
}","{
  ""coordinates"": [
    -83.062049355,
    42.447308984
  ],
  ""type"": ""Point""
}",-83.0620493549999,42.4473089840001
16532,1412974,GEREENFIELD,FENKELL,2018-06-30,30,6,2018,3,7,5,9,,2,0,Asphalt,1,1,3,35,2,2,2,5,0,0,0,0,true,false,false,false,false,false,false,false,false,false,false,false,false,false,false,false,false,false,false,false,false,false,-83.19869,42.40151,"{
  ""coordinates"": [
    -8.319869496267890e+01,
    4.240151347754940e+01
  ],
  ""type"": ""Point""
}","{
  ""coordinates"": [
    -83.198694963,
    42.401513478
  ],
  ""type"": ""Point""
}",-83.198694963,42.401513478
16533,1413802,I 96,OUTER,2018-06-30,30,6,2018,12,7,1,1,,1,0,Concrete,1,1,1,70,5,1,1,5,0,0,0,0,true,false,false,false,false,false,false,false,false,false,false,false,false,false,false,false,false,false,false,false,false,false,-83.25745,42.38545,"{
  ""coordinates"": [
    -8.325744812750381e+01,
    4.238544796921130e+01
  ],
  ""type"": ""Point""
}","{
  ""coordinates"": [
    -83.257448128,
    42.385447969
  ],
  ""type"": ""Point""
}",-83.257448128,42.385447969
16534,1415354,COLLINGHAM,REDMOND,2018-06-30,30,6,2018,16,7,2,9,,,0,,1,1,1,25,1,2,1,4,0,0,0,1,false,true,false,false,true,false,true,false,false,false,false,false,false,false,false,false,false,false,false,false,false,false,-82.95618,42.44827,"{
  ""coordinates"": [
    -8.295617719436039e+01,
    4.244826631281540e+01
  ],
  ""type"": ""Point""
}","{
  ""coordinates"": [
    -82.956177194,
    42.448266313
  ],
  ""type"": ""Point""
}",-82.956177194,42.448266313
16535,1412969,GRATIOT,ARNDT,2018-06-30,30,6,2018,13,7,3,3,,1,0,Asphalt,1,1,1,35,3,2,4,5,0,0,0,0,true,false,false,false,true,false,false,false,false,false,false,false,false,false,false,false,false,false,false,false,false,false,-83.03185,42.35279,"{
  ""coordinates"": [
    -8.303184328792361e+01,
    4.235279490031380e+01
  ],
  ""type"": ""Point""
}","{
  ""coordinates"": [
    -83.031843288,
    42.3527949
  ],
  ""type"": ""Point""
}",-83.0318432879999,42.3527949
16536,1472081,EVERGREEN,WHITLOCK,2018-06-30,30,6,2018,11,7,3,9,,4,0,Asphalt,1,1,1,30,2,2,6,1,1,0,1,2,false,false,false,false,false,false,false,false,false,false,false,false,false,false,false,false,false,false,false,false,false,false,-83.23525,42.33949,"{
  ""coordinates"": [
    -8.323524885112960e+01,
    4.233949000125840e+01
  ],
  ""type"": ""Point""
}","{
  ""coordinates"": [
    -83.235248851,
    42.339490001
  ],
  ""type"": ""Point""
}",-83.2352488509999,42.3394900010001
16537,1433434,I-75,VERNOR,2018-06-30,30,6,2018,12,7,8,1,,1,0,Asphalt,1,1,1,70,3,2,2,5,0,0,0,0,true,false,false,false,false,false,false,false,false,false,false,false,false,false,false,true,false,false,false,false,false,false,-83.08372,42.32526,"{
  ""coordinates"": [
    -8.308371563387840e+01,
    4.232525658284880e+01
  ],
  ""type"": ""Point""
}","{
  ""coordinates"": [
    -83.083715634,
    42.325256583
  ],
  ""type"": ""Point""
}",-83.083715634,42.3252565830001
16538,1412959,CHENE,VERNOR,2018-06-29,29,6,2018,10,6,5,9,,4,0,Asphalt,1,1,1,25,2,2,0,5,0,0,0,0,true,false,false,false,true,false,false,false,false,false,false,false,false,true,false,false,false,false,false,false,false,false,-83.0304,42.34959,"{
  ""coordinates"": [
    -8.303039535798131e+01,
    4.234959320100900e+01
  ],
  ""type"": ""Point""
}","{
  ""coordinates"": [
    -83.030395358,
    42.349593201
  ],
  ""type"": ""Point""
}",-83.030395358,42.3495932010001
16539,1414643,7 MILE,LASHER,2018-06-29,29,6,2018,3,6,5,9,,2,0,Asphalt,1,98,3,30,4,2,1,5,0,0,0,0,true,true,false,false,true,false,false,false,false,false,false,false,false,false,false,false,false,false,false,false,false,false,-83.25851,42.42912,"{
  ""coordinates"": [
    -8.325851258793260e+01,
    4.242911816613870e+01
  ],
  ""type"": ""Point""
}","{
  ""coordinates"": [
    -83.258512588,
    42.429118166
  ],
  ""type"": ""Point""
}",-83.258512588,42.4291181660001
16540,1456979,GRATIOT,SEYMOUR,2018-06-29,29,6,2018,18,6,8,3,,1,0,Asphalt,1,1,1,35,7,3,4,5,0,0,0,0,true,false,false,false,false,false,false,false,false,false,false,false,false,false,false,false,false,false,false,false,false,false,-82.98309,42.42691,"{
  ""coordinates"": [
    -8.298308239877700e+01,
    4.242690883718490e+01
  ],
  ""type"": ""Point""
}","{
  ""coordinates"": [
    -82.983082399,
    42.426908837
  ],
  ""type"": ""Point""
}",-82.983082399,42.426908837
16541,1414602,I 375,MONROE,2018-06-29,29,6,2018,17,6,5,1,,1,0,Asphalt,1,1,1,55,3,2,3,5,0,0,0,0,true,false,false,false,false,false,false,true,false,false,false,false,false,false,false,false,false,false,false,false,false,false,-83.03851,42.33648,"{
  ""coordinates"": [
    -8.303851507012500e+01,
    4.233648202649860e+01
  ],
  ""type"": ""Point""
}","{
  ""coordinates"": [
    -83.03851507,
    42.336482026
  ],
  ""type"": ""Point""
}",-83.03851507,42.3364820260001
16542,1412918,MARTIN LUTHER KING JR,CASS,2018-06-29,29,6,2018,13,6,5,9,,4,0,Asphalt,1,1,1,30,3,2,3,5,0,0,0,0,true,false,false,false,true,false,false,false,false,false,false,false,false,false,false,false,true,false,false,false,false,false,-83.06069,42.34567,"{
  ""coordinates"": [
    -8.306069358422700e+01,
    4.234567326847480e+01
  ],
  ""type"": ""Point""
}","{
  ""coordinates"": [
    -83.060693584,
    42.345673268
  ],
  ""type"": ""Point""
}",-83.060693584,42.345673268
16543,1491907,DIX,LONYO,2018-06-29,29,6,2018,14,6,4,9,,2,0,Asphalt,1,1,1,30,2,2,3,4,0,0,0,1,false,false,false,false,false,false,false,false,false,false,false,false,false,false,false,false,false,false,false,false,false,false,-83.13438,42.31655,"{
  ""coordinates"": [
    -8.313438264920630e+01,
    4.231655268991170e+01
  ],
  ""type"": ""Point""
}","{
  ""coordinates"": [
    -83.134382649,
    42.31655269
  ],
  ""type"": ""Point""
}",-83.134382649,42.31655269
16544,1415361,CHALMERS,CEDARGROVE,2018-06-29,29,6,2018,15,6,4,9,,4,0,Asphalt,1,1,1,35,2,2,1,5,0,0,0,0,true,false,true,false,true,false,false,false,false,false,false,false,false,false,false,false,false,false,false,false,false,false,-82.97502,42.42545,"{
  ""coordinates"": [
    -8.297502033294660e+01,
    4.242545097794700e+01
  ],
  ""type"": ""Point""
}","{
  ""coordinates"": [
    -82.975020333,
    42.425450978
  ],
  ""type"": ""Point""
}",-82.975020333,42.4254509780001