ObjectId,Crash ID,Primary Road,Intersecting Road,Crash Date,Day,Month,Year,Hour,Weekday,Crash Type Code,Highway Classification Code,Community Code,Jurisdiction Code,Lane Departure Type Code,Surface Type,Road Condition,Weather Condition,Lighting Condition,Speed Limit,Lanes,Units,Occupants,Most Severe Injury,Fatal Injuries,Suspected Serious Injuries,Suspected Minor Injuries,Possible Injuries,Property Damage Only,Secondary Crash,Traffic Control,Red Light Run,Hit and Run,Alcohol,Drugs,Unbelted Person,Work Zone,Speeding Driver,Distracted Driver,Driveway,Pedestrian,Elderly Driver,Young Driver,Commercial Vehicle,Emergency Vehicles,Train,School Bus,Motorcycle,Bicycle,Deer,Longitude,Latitude,geom,geog,x,y
16545,1414644,GREENFIELD,7 MILE,2018-06-29,29,6,2018,19,6,4,9,,2,0,Asphalt,1,1,1,30,4,2,1,5,0,0,0,0,true,true,false,false,true,false,false,false,false,false,false,false,false,false,false,false,false,false,false,false,false,false,-83.19987,42.43042,"{
  ""coordinates"": [
    -8.319987374423640e+01,
    4.243042209990690e+01
  ],
  ""type"": ""Point""
}","{
  ""coordinates"": [
    -83.199873744,
    42.4304221
  ],
  ""type"": ""Point""
}",-83.1998737439999,42.4304221
16546,1412998,CHIPPEWA,SANTA BARBARA,2018-06-29,29,6,2018,16,6,4,9,,,0,,1,1,1,25,2,2,5,5,0,0,0,0,true,false,false,false,false,false,false,false,false,true,false,false,false,false,false,false,false,false,false,false,false,false,-83.14912,42.4412,"{
  ""coordinates"": [
    -8.314911730759400e+01,
    4.244119850406270e+01
  ],
  ""type"": ""Point""
}","{
  ""coordinates"": [
    -83.149117308,
    42.441198504
  ],
  ""type"": ""Point""
}",-83.149117308,42.4411985040001
16547,1413881,RYAN,7 MILE,2018-06-29,29,6,2018,19,6,5,9,,4,0,Asphalt,1,1,2,30,4,2,1,5,0,0,0,0,true,false,false,false,false,false,false,false,false,false,false,false,false,false,false,false,false,false,false,false,false,false,-83.06312,42.43321,"{
  ""coordinates"": [
    -8.306312176776130e+01,
    4.243320770691750e+01
  ],
  ""type"": ""Point""
}","{
  ""coordinates"": [
    -83.063121768,
    42.433207707
  ],
  ""type"": ""Point""
}",-83.063121768,42.4332077070001
16548,1412933,CONNER,UNKNOWN,2018-06-29,29,6,2018,5,6,1,9,,4,1,Asphalt,1,1,4,35,5,1,1,2,0,1,0,0,false,false,false,false,false,false,false,false,false,false,false,false,false,false,false,false,false,false,false,false,false,false,-82.98096,42.39159,"{
  ""coordinates"": [
    -8.298096134229750e+01,
    4.239159116348960e+01
  ],
  ""type"": ""Point""
}","{
  ""coordinates"": [
    -82.980961342,
    42.391591163
  ],
  ""type"": ""Point""
}",-82.9809613419999,42.391591163
16549,1421197,SCHOOLCRAFT,FREELAND,2018-06-29,29,6,2018,6,6,1,9,,4,0,Asphalt,1,1,2,30,2,2,0,2,0,1,0,0,false,false,false,false,true,false,false,false,false,false,false,false,true,false,false,false,false,false,false,false,false,false,-83.18481,42.38755,"{
  ""coordinates"": [
    -8.318480421128849e+01,
    4.238754871859630e+01
  ],
  ""type"": ""Point""
}","{
  ""coordinates"": [
    -83.184804211,
    42.387548719
  ],
  ""type"": ""Point""
}",-83.184804211,42.3875487190001
16550,1412964,CONCORD,STUART,2018-06-29,29,6,2018,22,6,9,9,,,2,,1,1,5,25,2,2,2,5,0,0,0,0,true,false,false,false,true,false,false,false,false,false,false,false,false,false,false,false,false,false,false,false,false,false,-83.01899,42.36706,"{
  ""coordinates"": [
    -8.301898779693070e+01,
    4.236706248014950e+01
  ],
  ""type"": ""Point""
}","{
  ""coordinates"": [
    -83.018987797,
    42.36706248
  ],
  ""type"": ""Point""
}",-83.018987797,42.3670624800001
16551,1412963,MT ELLIOTT,CANFIELD,2018-06-29,29,6,2018,9,6,4,9,,4,0,Asphalt,1,1,1,30,4,2,2,5,0,0,0,0,true,false,false,false,false,false,false,false,false,false,false,false,false,true,false,false,false,false,false,false,false,false,-83.02491,42.36628,"{
  ""coordinates"": [
    -8.302490976229970e+01,
    4.236627918783280e+01
  ],
  ""type"": ""Point""
}","{
  ""coordinates"": [
    -83.024909762,
    42.366279188
  ],
  ""type"": ""Point""
}",-83.0249097619999,42.3662791880001
16552,1412914,FREDA,BELTON,2018-06-29,29,6,2018,16,6,8,9,,,0,,1,1,1,35,2,2,0,5,0,0,0,0,true,false,false,false,true,false,false,false,false,false,false,true,false,false,false,false,false,false,false,false,false,false,-83.15983,42.35262,"{
  ""coordinates"": [
    -8.315982956886739e+01,
    4.235262217324870e+01
  ],
  ""type"": ""Point""
}","{
  ""coordinates"": [
    -83.159829569,
    42.352622173
  ],
  ""type"": ""Point""
}",-83.159829569,42.352622173
16553,1414601,I 75,RAMP 041F,2018-06-29,29,6,2018,16,6,8,1,,1,0,Concrete,1,1,1,55,3,2,2,5,0,0,0,0,true,false,false,false,false,false,false,false,false,false,false,false,false,false,false,true,false,false,false,false,false,false,-83.04464,42.34634,"{
  ""coordinates"": [
    -8.304464123037000e+01,
    4.234634415697300e+01
  ],
  ""type"": ""Point""
}","{
  ""coordinates"": [
    -83.04464123,
    42.346344157
  ],
  ""type"": ""Point""
}",-83.04464123,42.346344157
16554,1412990,VAN DYKE,MC NICHOLS,2018-06-29,29,6,2018,17,6,6,3,,1,0,Asphalt,1,1,1,45,5,2,4,3,0,0,1,0,false,false,false,false,true,false,false,false,false,false,false,false,false,false,false,false,false,false,false,false,false,false,-83.02371,42.41956,"{
  ""coordinates"": [
    -8.302371533918910e+01,
    4.241956392714780e+01
  ],
  ""type"": ""Point""
}","{
  ""coordinates"": [
    -83.023715339,
    42.419563927
  ],
  ""type"": ""Point""
}",-83.023715339,42.4195639270001
16555,1481330,8 MILE,HOOVER,2018-06-29,29,6,2018,10,6,5,3,,1,0,Asphalt,1,1,1,40,4,2,1,5,0,0,0,0,true,false,false,false,true,false,false,false,false,false,false,false,false,false,false,false,false,false,false,false,false,false,-83.00737,42.44872,"{
  ""coordinates"": [
    -8.300736842883450e+01,
    4.244871977221170e+01
  ],
  ""type"": ""Point""
}","{
  ""coordinates"": [
    -83.007368429,
    42.448719772
  ],
  ""type"": ""Point""
}",-83.0073684289999,42.4487197720001
16556,1479134,AUBURN,LYNDON,2018-06-29,29,6,2018,10,6,5,9,,,0,,1,1,1,25,2,2,1,5,0,0,0,0,true,false,false,false,true,false,false,false,false,false,false,false,false,true,false,false,false,false,false,false,false,false,-83.23475,42.39351,"{
  ""coordinates"": [
    -8.323475118074460e+01,
    4.239350503912470e+01
  ],
  ""type"": ""Point""
}","{
  ""coordinates"": [
    -83.234751181,
    42.393505039
  ],
  ""type"": ""Point""
}",-83.234751181,42.393505039
16557,1422091,FIELDING,KEELER,2018-06-29,29,6,2018,23,6,9,9,,,2,,1,1,5,,2,2,1,5,0,0,0,0,true,false,false,false,true,false,false,true,false,false,false,false,false,false,true,false,false,false,false,false,false,false,-83.24271,42.40227,"{
  ""coordinates"": [
    -8.324270464879631e+01,
    4.240227018048240e+01
  ],
  ""type"": ""Point""
}","{
  ""coordinates"": [
    -83.242704649,
    42.40227018
  ],
  ""type"": ""Point""
}",-83.242704649,42.4022701800001
16558,1412997,CHIPPEWA,MEYERS,2018-06-29,29,6,2018,11,6,4,9,,,0,,1,1,1,25,2,2,2,4,0,0,0,1,false,false,false,false,true,false,false,false,false,false,false,false,false,true,false,false,false,false,false,false,false,false,-83.17108,42.44072,"{
  ""coordinates"": [
    -8.317108292181290e+01,
    4.244071626881830e+01
  ],
  ""type"": ""Point""
}","{
  ""coordinates"": [
    -83.171082922,
    42.440716269
  ],
  ""type"": ""Point""
}",-83.171082922,42.4407162690001
16559,1422093,LAHSER,MCNICHOLS,2018-06-29,29,6,2018,20,6,5,9,,2,0,Asphalt,1,1,4,,2,2,1,5,0,0,0,0,true,false,false,false,true,false,false,false,false,false,false,false,false,false,false,false,false,false,false,false,false,false,-83.25746,42.41446,"{
  ""coordinates"": [
    -8.325746191603560e+01,
    4.241446239150690e+01
  ],
  ""type"": ""Point""
}","{
  ""coordinates"": [
    -83.257461916,
    42.414462392
  ],
  ""type"": ""Point""
}",-83.257461916,42.4144623920001
16560,1415375,MORANG,DUCHESS,2018-06-29,29,6,2018,13,6,4,9,,4,0,Asphalt,1,1,1,30,2,2,3,3,0,0,2,0,false,false,true,false,true,false,false,false,false,false,false,false,false,false,false,false,false,false,false,false,false,false,-82.95412,42.42781,"{
  ""coordinates"": [
    -8.295411790893120e+01,
    4.242780665694120e+01
  ],
  ""type"": ""Point""
}","{
  ""coordinates"": [
    -82.954117909,
    42.427806657
  ],
  ""type"": ""Point""
}",-82.954117909,42.4278066570001
16561,1415358,SEVEN MILE,FAIRPORT,2018-06-29,29,6,2018,22,6,1,9,,4,0,Asphalt,1,1,4,30,2,2,0,3,0,0,1,0,false,false,false,false,true,false,false,false,false,false,false,false,true,false,false,false,false,false,false,false,false,false,-82.99113,42.43478,"{
  ""coordinates"": [
    -8.299113052904750e+01,
    4.243478432550390e+01
  ],
  ""type"": ""Point""
}","{
  ""coordinates"": [
    -82.991130529,
    42.434784326
  ],
  ""type"": ""Point""
}",-82.991130529,42.4347843260001
16562,1412995,DAVISON,RYAN,2018-06-29,29,6,2018,16,6,5,9,,4,0,Asphalt,1,1,1,35,2,2,1,5,0,0,0,0,true,false,false,false,true,false,false,false,false,false,false,false,false,false,false,false,false,false,false,false,false,false,-83.06042,42.41592,"{
  ""coordinates"": [
    -8.306042712770861e+01,
    4.241592361221710e+01
  ],
  ""type"": ""Point""
}","{
  ""coordinates"": [
    -83.060427128,
    42.415923612
  ],
  ""type"": ""Point""
}",-83.060427128,42.415923612
16563,1415373,3641 SEMINOLE,MACK,2018-06-29,29,6,2018,14,6,8,9,,,0,,98,98,98,25,2,2,0,5,0,0,0,0,true,false,false,false,false,false,false,false,false,false,false,false,false,false,false,false,false,false,false,false,false,false,-83.00493,42.37057,"{
  ""coordinates"": [
    -8.300492620344990e+01,
    4.237056719300670e+01
  ],
  ""type"": ""Point""
}","{
  ""coordinates"": [
    -83.004926203,
    42.370567193
  ],
  ""type"": ""Point""
}",-83.004926203,42.3705671930001
16564,1412971,GRAND RIVER,BERG,2018-06-29,29,6,2018,17,6,4,3,,1,0,Asphalt,1,1,1,45,3,2,2,4,0,0,0,1,false,false,false,false,false,false,false,false,false,false,false,false,false,false,false,false,false,false,false,false,false,false,-83.26642,42.42011,"{
  ""coordinates"": [
    -8.326642191096910e+01,
    4.242011185298220e+01
  ],
  ""type"": ""Point""
}","{
  ""coordinates"": [
    -83.266421911,
    42.420111853
  ],
  ""type"": ""Point""
}",-83.266421911,42.420111853
16565,1412972,MCNICHOLS,FORRER,2018-06-29,29,6,2018,22,6,4,9,,2,0,Asphalt,1,1,3,25,2,2,1,5,0,0,0,0,true,false,false,false,true,false,false,false,false,false,false,false,false,false,false,false,false,false,false,false,false,false,-83.20213,42.4159,"{
  ""coordinates"": [
    -8.320213379409560e+01,
    4.241590605587850e+01
  ],
  ""type"": ""Point""
}","{
  ""coordinates"": [
    -83.202133794,
    42.415906056
  ],
  ""type"": ""Point""
}",-83.202133794,42.415906056
16566,1502744,CHANDLER,RADNOR,2018-06-29,29,6,2018,18,6,9,9,,2,2,Asphalt,1,1,1,35,2,2,0,5,0,0,0,0,true,false,false,false,false,false,false,false,false,true,false,false,false,false,false,false,false,false,false,false,false,false,-82.92198,42.41521,"{
  ""coordinates"": [
    -8.292198549842961e+01,
    4.241520821517710e+01
  ],
  ""type"": ""Point""
}","{
  ""coordinates"": [
    -82.921985498,
    42.415208215
  ],
  ""type"": ""Point""
}",-82.921985498,42.4152082150001
16567,1413001,7 MILE,WOODWARD,2018-06-29,29,6,2018,22,6,97,3,,2,0,Asphalt,1,1,4,40,4,2,1,4,0,0,0,1,false,false,false,false,false,false,false,false,false,false,false,false,true,false,false,false,false,false,false,false,false,false,-83.11522,42.43213,"{
  ""coordinates"": [
    -8.311521530936940e+01,
    4.243212371892190e+01
  ],
  ""type"": ""Point""
}","{
  ""coordinates"": [
    -83.115215309,
    42.432123719
  ],
  ""type"": ""Point""
}",-83.115215309,42.4321237190001
16568,1412992,7 MILE,MOUND,2018-06-29,29,6,2018,0,6,1,9,,4,1,Asphalt,1,2,4,35,4,1,2,5,0,0,0,0,true,false,false,false,false,false,false,false,false,false,false,false,false,false,false,false,false,false,false,false,false,false,-83.04359,42.43357,"{
  ""coordinates"": [
    -8.304359104392491e+01,
    4.243357061904930e+01
  ],
  ""type"": ""Point""
}","{
  ""coordinates"": [
    -83.043591044,
    42.433570619
  ],
  ""type"": ""Point""
}",-83.043591044,42.4335706190001
16569,1420200,WARREN,BEDFORD,2018-06-29,29,6,2018,22,6,8,9,,4,0,Asphalt,1,1,5,35,5,3,0,5,0,0,0,0,true,false,false,false,true,false,false,false,false,false,false,false,false,false,false,false,false,false,false,false,false,false,-82.94096,42.40199,"{
  ""coordinates"": [
    -8.294095716950400e+01,
    4.240199229561240e+01
  ],
  ""type"": ""Point""
}","{
  ""coordinates"": [
    -82.94095717,
    42.401992296
  ],
  ""type"": ""Point""
}",-82.94095717,42.4019922960001
16570,1412953,W I 96,CSX TRANSPORTATION,2018-06-29,29,6,2018,6,6,5,1,,1,0,Concrete,1,1,1,70,3,2,2,5,0,0,0,0,true,false,false,false,false,false,false,false,false,false,false,false,false,false,false,false,false,false,false,false,false,false,-83.23533,42.37961,"{
  ""coordinates"": [
    -8.323533046519520e+01,
    4.237961239866200e+01
  ],
  ""type"": ""Point""
}","{
  ""coordinates"": [
    -83.235330465,
    42.379612399
  ],
  ""type"": ""Point""
}",-83.2353304649999,42.3796123990001
16571,1417048,YORKSHIRE,HARPER,2018-06-29,29,6,2018,10,6,10,9,,,3,,1,1,1,25,2,2,1,5,0,0,0,0,true,false,false,false,true,false,false,false,false,false,false,false,false,false,false,false,false,false,false,false,false,false,-82.94028,42.41396,"{
  ""coordinates"": [
    -8.294027593276250e+01,
    4.241395967871230e+01
  ],
  ""type"": ""Point""
}","{
  ""coordinates"": [
    -82.940275933,
    42.413959679
  ],
  ""type"": ""Point""
}",-82.940275933,42.4139596790001
16572,1412916,THIRD,ABBOTT,2018-06-29,29,6,2018,13,6,1,9,,4,1,Asphalt,1,1,1,25,4,1,2,4,0,0,0,1,false,false,false,false,false,false,false,false,false,false,false,false,false,false,false,false,false,false,false,false,false,false,-83.05617,42.33006,"{
  ""coordinates"": [
    -8.305616967011611e+01,
    4.233006101497960e+01
  ],
  ""type"": ""Point""
}","{
  ""coordinates"": [
    -83.05616967,
    42.330061015
  ],
  ""type"": ""Point""
}",-83.05616967,42.3300610150001
16573,1413884,GARVIN,CONANT,2018-06-29,29,6,2018,3,6,5,9,,,0,,2,4,4,25,1,2,0,5,0,0,0,0,true,false,false,false,true,false,false,false,false,false,false,false,false,false,false,false,false,false,false,false,false,false,-83.058,42.41077,"{
  ""coordinates"": [
    -8.305800127479981e+01,
    4.241077313105850e+01
  ],
  ""type"": ""Point""
}","{
  ""coordinates"": [
    -83.058001275,
    42.410773131
  ],
  ""type"": ""Point""
}",-83.058001275,42.410773131
16574,1415324,JEFFERSON,ADAIR,2018-06-29,29,6,2018,14,6,97,9,,4,0,Asphalt,1,1,1,35,2,2,2,5,0,0,0,0,true,false,false,false,false,false,false,false,false,false,false,false,false,false,false,false,false,false,false,false,false,false,-83.01502,42.34152,"{
  ""coordinates"": [
    -8.301501903768350e+01,
    4.234152292021610e+01
  ],
  ""type"": ""Point""
}","{
  ""coordinates"": [
    -83.015019038,
    42.34152292
  ],
  ""type"": ""Point""
}",-83.0150190379999,42.34152292
16575,1421210,IRIQUOIS,VERNOR,2018-06-29,29,6,2018,9,6,9,9,,,2,,1,1,1,25,2,2,1,5,0,0,0,0,true,false,false,false,true,false,false,false,false,false,true,false,false,false,false,true,false,false,false,false,false,false,-82.99809,42.36334,"{
  ""coordinates"": [
    -8.299809414095060e+01,
    4.236333726423160e+01
  ],
  ""type"": ""Point""
}","{
  ""coordinates"": [
    -82.998094141,
    42.363337264
  ],
  ""type"": ""Point""
}",-82.998094141,42.3633372640001
16576,1412970,GREENFIELD,LYNDON,2018-06-29,29,6,2018,18,6,2,9,,2,0,Asphalt,1,1,1,35,4,2,4,4,0,0,0,1,false,false,false,false,false,false,false,false,false,false,false,false,false,false,false,false,false,false,false,true,false,false,-83.19843,42.39431,"{
  ""coordinates"": [
    -8.319842324856310e+01,
    4.239430928211940e+01
  ],
  ""type"": ""Point""
}","{
  ""coordinates"": [
    -83.198423249,
    42.394309282
  ],
  ""type"": ""Point""
}",-83.198423249,42.3943092820001
16577,1412960,SAINT CYRIL,MARJORIE,2018-06-29,29,6,2018,8,6,4,9,,4,0,Asphalt,1,1,1,25,2,2,2,5,0,0,0,0,true,false,false,false,true,false,false,false,false,false,false,false,false,false,false,false,false,false,false,false,false,false,-83.02484,42.39985,"{
  ""coordinates"": [
    -8.302483929774290e+01,
    4.239984584414740e+01
  ],
  ""type"": ""Point""
}","{
  ""coordinates"": [
    -83.024839298,
    42.399845844
  ],
  ""type"": ""Point""
}",-83.024839298,42.399845844
16578,1412994,8 MILE,MOUND,2018-06-29,29,6,2018,12,6,4,3,,1,0,Asphalt,1,1,1,40,3,2,3,5,0,0,0,0,true,false,false,false,false,false,false,false,false,false,false,false,false,false,false,false,false,false,false,false,false,false,-83.04415,42.44777,"{
  ""coordinates"": [
    -8.304414889444919e+01,
    4.244776784509400e+01
  ],
  ""type"": ""Point""
}","{
  ""coordinates"": [
    -83.044148894,
    42.447767845
  ],
  ""type"": ""Point""
}",-83.044148894,42.447767845
16579,1412912,LITTLEFIELD,WESTFIELD,2018-06-29,29,6,2018,19,6,4,9,,,0,,1,1,1,25,2,2,1,4,0,0,0,1,false,false,false,false,true,false,false,false,false,false,false,false,false,false,false,false,false,false,false,false,false,false,-83.17521,42.36367,"{
  ""coordinates"": [
    -8.317520551502010e+01,
    4.236366496147930e+01
  ],
  ""type"": ""Point""
}","{
  ""coordinates"": [
    -83.175205515,
    42.363664961
  ],
  ""type"": ""Point""
}",-83.175205515,42.363664961
16580,1465957,SOUTHFIELD SERVICE DRIVE,RAMP 008P,2018-06-29,29,6,2018,17,6,5,9,,4,0,Asphalt,1,1,1,55,3,2,2,5,0,0,0,0,true,false,false,false,false,false,false,false,false,false,false,false,false,false,false,false,false,false,false,false,false,false,-83.21676,42.37893,"{
  ""coordinates"": [
    -8.321675787632660e+01,
    4.237893409427030e+01
  ],
  ""type"": ""Point""
}","{
  ""coordinates"": [
    -83.216757876,
    42.378934094
  ],
  ""type"": ""Point""
}",-83.216757876,42.378934094
16581,1412928,TOLEDO,JUNCTION,2018-06-29,29,6,2018,20,6,4,9,,4,0,Asphalt,1,1,1,25,2,2,2,5,0,0,0,0,true,false,true,true,false,false,false,false,false,false,false,false,false,false,false,false,false,false,false,false,false,false,-83.10411,42.32092,"{
  ""coordinates"": [
    -8.310411206383100e+01,
    4.232091778543300e+01
  ],
  ""type"": ""Point""
}","{
  ""coordinates"": [
    -83.104112064,
    42.320917785
  ],
  ""type"": ""Point""
}",-83.1041120639999,42.3209177850001
16582,1414595,W I 96,W I 96 CD,2018-06-29,29,6,2018,16,6,5,1,,1,0,Concrete,1,1,1,70,3,2,2,4,0,0,0,1,false,false,false,false,false,false,false,false,false,false,false,false,false,false,false,false,false,false,false,false,false,false,-83.25153,42.38555,"{
  ""coordinates"": [
    -8.325153456617021e+01,
    4.238554691210320e+01
  ],
  ""type"": ""Point""
}","{
  ""coordinates"": [
    -83.251534566,
    42.385546912
  ],
  ""type"": ""Point""
}",-83.251534566,42.3855469120001
16583,1440533,LIVERNOIS,DOVER,2018-06-29,29,6,2018,12,6,5,9,,4,0,Asphalt,1,1,1,35,4,2,1,5,0,0,0,0,true,false,false,false,true,false,false,false,false,false,false,false,false,false,false,true,false,false,false,false,false,false,-83.13844,42.36046,"{
  ""coordinates"": [
    -8.313844323832301e+01,
    4.236046252905620e+01
  ],
  ""type"": ""Point""
}","{
  ""coordinates"": [
    -83.138443238,
    42.360462529
  ],
  ""type"": ""Point""
}",-83.138443238,42.3604625290001
16584,1412986,JEFFERIES,LIVERNOIS,2018-06-29,29,6,2018,22,6,5,9,,4,0,Asphalt,1,1,4,25,2,2,2,5,0,0,0,0,true,false,false,false,true,false,false,false,false,false,false,false,false,false,true,false,false,false,false,false,false,false,-83.13843,42.36764,"{
  ""coordinates"": [
    -8.313843039788659e+01,
    4.236763884355590e+01
  ],
  ""type"": ""Point""
}","{
  ""coordinates"": [
    -83.138430398,
    42.367638844
  ],
  ""type"": ""Point""
}",-83.138430398,42.3676388440001
16585,1413003,PURITAN,IDAHO,2018-06-29,29,6,2018,12,6,5,9,,4,0,Asphalt,1,1,1,,2,2,0,5,0,0,0,0,true,false,false,false,true,false,false,false,false,false,false,false,false,false,false,false,false,false,false,false,false,false,-83.11749,42.41039,"{
  ""coordinates"": [
    -8.311748291393140e+01,
    4.241038429443340e+01
  ],
  ""type"": ""Point""
}","{
  ""coordinates"": [
    -83.117482914,
    42.410384294
  ],
  ""type"": ""Point""
}",-83.1174829139999,42.410384294
16586,1412993,LUCE,FENELON,2018-06-29,29,6,2018,7,6,4,9,,4,0,Asphalt,1,1,1,25,2,2,2,4,0,0,0,1,false,false,false,false,false,false,false,false,false,true,false,false,false,false,false,false,false,false,false,false,false,false,-83.05279,42.41526,"{
  ""coordinates"": [
    -8.305278741039550e+01,
    4.241525773111930e+01
  ],
  ""type"": ""Point""
}","{
  ""coordinates"": [
    -83.05278741,
    42.415257731
  ],
  ""type"": ""Point""
}",-83.05278741,42.4152577310001
16587,1430736,M-8,OAKLAND,2018-06-29,29,6,2018,11,6,1,3,,1,1,Asphalt,1,1,1,55,4,1,1,5,0,0,0,0,true,false,false,false,false,false,false,false,false,true,false,false,false,false,false,false,false,false,false,false,false,false,-83.08045,42.40863,"{
  ""coordinates"": [
    -8.308045216706140e+01,
    4.240862632794250e+01
  ],
  ""type"": ""Point""
}","{
  ""coordinates"": [
    -83.080452167,
    42.408626328
  ],
  ""type"": ""Point""
}",-83.080452167,42.408626328
16588,1417045,ASHLAND,LOZIER,2018-06-29,29,6,2018,17,6,4,9,,,0,,1,1,1,25,2,2,1,5,0,0,0,0,true,false,false,false,true,false,false,false,false,false,false,false,false,false,false,false,false,false,false,false,false,false,-82.95052,42.38976,"{
  ""coordinates"": [
    -8.295051409375689e+01,
    4.238976319850780e+01
  ],
  ""type"": ""Point""
}","{
  ""coordinates"": [
    -82.950514094,
    42.389763199
  ],
  ""type"": ""Point""
}",-82.950514094,42.3897631990001
16589,1412973,CLARITA,FERGUSON,2018-06-29,29,6,2018,16,6,4,9,,,0,,1,1,1,25,2,2,2,4,0,0,0,1,false,false,false,false,false,false,false,false,false,false,false,false,false,false,true,false,false,false,false,false,false,false,-83.21081,42.42842,"{
  ""coordinates"": [
    -8.321080666127290e+01,
    4.242841782199210e+01
  ],
  ""type"": ""Point""
}","{
  ""coordinates"": [
    -83.210806661,
    42.428417822
  ],
  ""type"": ""Point""
}",-83.2108066609999,42.428417822
16590,1415365,SCHOENHERR,MANNING,2018-06-29,29,6,2018,22,6,4,9,,4,0,Asphalt,1,1,4,30,2,2,2,5,0,0,0,0,true,false,true,false,true,false,false,false,false,false,false,false,false,false,false,false,true,false,false,false,false,false,-82.98535,42.44066,"{
  ""coordinates"": [
    -8.298534844348170e+01,
    4.244065926104880e+01
  ],
  ""type"": ""Point""
}","{
  ""coordinates"": [
    -82.985348443,
    42.440659261
  ],
  ""type"": ""Point""
}",-82.985348443,42.4406592610001
16591,1416170,GREENFIELD,7 MILE,2018-06-29,29,6,2018,2,6,9,9,,2,2,Asphalt,1,1,4,35,2,2,2,5,0,0,0,0,true,false,false,false,true,false,false,false,false,false,false,false,false,false,false,false,false,false,false,false,false,false,-83.19988,42.43063,"{
  ""coordinates"": [
    -8.319988202013390e+01,
    4.243062504158090e+01
  ],
  ""type"": ""Point""
}","{
  ""coordinates"": [
    -83.19988202,
    42.430625042
  ],
  ""type"": ""Point""
}",-83.19988202,42.430625042
16592,1412989,WARREN,WALTON,2018-06-29,29,6,2018,20,6,5,9,,4,0,Asphalt,1,1,1,35,4,2,2,5,0,0,0,0,true,false,false,false,false,true,false,false,false,false,false,false,false,true,false,false,false,false,false,false,false,false,-83.13525,42.34493,"{
  ""coordinates"": [
    -8.313524718511070e+01,
    4.234492782879000e+01
  ],
  ""type"": ""Point""
}","{
  ""coordinates"": [
    -83.135247185,
    42.344927829
  ],
  ""type"": ""Point""
}",-83.135247185,42.344927829
16593,1412909,GRAND RIVER,LAHSER,2018-06-29,29,6,2018,14,6,4,3,,1,0,Asphalt,98,98,98,35,3,2,5,5,0,0,0,0,true,false,false,false,false,false,false,false,false,false,false,false,false,false,false,false,false,false,false,false,false,false,-83.25756,42.41646,"{
  ""coordinates"": [
    -8.325756269274019e+01,
    4.241645707303260e+01
  ],
  ""type"": ""Point""
}","{
  ""coordinates"": [
    -83.257562693,
    42.416457073
  ],
  ""type"": ""Point""
}",-83.257562693,42.4164570730001
16594,1412936,7 MILE,GREENFIELD,2018-06-29,29,6,2018,20,6,4,9,,2,0,Asphalt,1,1,1,,4,2,1,5,0,0,0,0,true,false,false,false,true,false,false,false,false,false,false,false,false,false,false,false,false,false,false,false,false,false,-83.19993,42.43042,"{
  ""coordinates"": [
    -8.319993066946130e+01,
    4.243042103305540e+01
  ],
  ""type"": ""Point""
}","{
  ""coordinates"": [
    -83.199930669,
    42.430421033
  ],
  ""type"": ""Point""
}",-83.199930669,42.4304210330001
16595,1413835,WARREN,W I 96,2018-06-29,29,6,2018,23,6,97,9,,4,0,Concrete,1,1,4,,4,2,2,5,0,0,0,0,true,false,true,true,true,false,false,false,false,false,false,false,false,false,false,false,false,false,false,false,false,false,-83.09671,42.34638,"{
  ""coordinates"": [
    -8.309670756527591e+01,
    4.234638033758800e+01
  ],
  ""type"": ""Point""
}","{
  ""coordinates"": [
    -83.096707565,
    42.346380338
  ],
  ""type"": ""Point""
}",-83.096707565,42.3463803380001
16596,1417017,SUNSET,FOUNTAIN,2018-06-29,29,6,2018,14,6,1,3,,1,1,Concrete,1,1,1,25,2,1,1,5,0,0,0,0,true,false,false,false,false,false,false,false,false,false,false,false,false,false,false,false,false,false,false,false,false,false,-83.0002,42.33671,"{
  ""coordinates"": [
    -8.300019882396781e+01,
    4.233671191333390e+01
  ],
  ""type"": ""Point""
}","{
  ""coordinates"": [
    -83.000198824,
    42.336711913
  ],
  ""type"": ""Point""
}",-83.0001988239999,42.336711913
16597,1414645,8 MILE,MONICA,2018-06-29,29,6,2018,18,6,8,3,,1,0,Asphalt,1,1,1,40,4,2,2,5,0,0,0,0,true,true,false,false,false,false,false,false,false,false,false,false,false,false,false,false,false,false,false,false,false,false,-83.14489,42.44602,"{
  ""coordinates"": [
    -8.314489057032850e+01,
    4.244602304053830e+01
  ],
  ""type"": ""Point""
}","{
  ""coordinates"": [
    -83.14489057,
    42.446023041
  ],
  ""type"": ""Point""
}",-83.14489057,42.446023041
16598,1412988,CLAIRMOUNT,14TH,2018-06-29,29,6,2018,17,6,5,9,,4,0,Asphalt,1,1,1,25,2,4,4,5,0,0,0,0,true,false,false,false,true,false,false,false,false,false,false,false,false,true,false,false,false,false,false,false,false,false,-83.10455,42.37451,"{
  ""coordinates"": [
    -8.310454223842601e+01,
    4.237450756669500e+01
  ],
  ""type"": ""Point""
}","{
  ""coordinates"": [
    -83.104542238,
    42.374507567
  ],
  ""type"": ""Point""
}",-83.104542238,42.3745075670001
16599,1418386,WILSHIRE,BARRETT,2018-06-29,29,6,2018,21,6,4,9,,,0,,1,1,4,25,2,2,2,5,0,0,0,0,true,false,false,false,false,false,false,false,false,false,false,false,false,false,false,false,false,false,false,false,false,false,-82.98927,42.40639,"{
  ""coordinates"": [
    -8.298926337060109e+01,
    4.240638887831070e+01
  ],
  ""type"": ""Point""
}","{
  ""coordinates"": [
    -82.989263371,
    42.406388878
  ],
  ""type"": ""Point""
}",-82.9892633709999,42.406388878