ObjectId,Crash ID,Primary Road,Intersecting Road,Crash Date,Day,Month,Year,Hour,Weekday,Crash Type Code,Highway Classification Code,Community Code,Jurisdiction Code,Lane Departure Type Code,Surface Type,Road Condition,Weather Condition,Lighting Condition,Speed Limit,Lanes,Units,Occupants,Most Severe Injury,Fatal Injuries,Suspected Serious Injuries,Suspected Minor Injuries,Possible Injuries,Property Damage Only,Secondary Crash,Traffic Control,Red Light Run,Hit and Run,Alcohol,Drugs,Unbelted Person,Work Zone,Speeding Driver,Distracted Driver,Driveway,Pedestrian,Elderly Driver,Young Driver,Commercial Vehicle,Emergency Vehicles,Train,School Bus,Motorcycle,Bicycle,Deer,Longitude,Latitude,geom,geog,x,y
16600,1417047,CHANDLER PARK,CONNER,2018-06-29,29,6,2018,11,6,1,9,,4,1,Asphalt,1,1,1,30,1,1,2,4,0,0,0,1,false,false,false,false,false,false,false,false,false,false,false,false,false,false,true,false,false,false,false,false,false,false,-82.9832,42.39296,"{
  ""coordinates"": [
    -8.298319641612260e+01,
    4.239296271988880e+01
  ],
  ""type"": ""Point""
}","{
  ""coordinates"": [
    -82.983196416,
    42.39296272
  ],
  ""type"": ""Point""
}",-82.9831964159999,42.3929627200001
16601,1415355,COLLINGHAM,WALTHAM,2018-06-29,29,6,2018,5,6,4,9,,,0,,1,1,2,25,2,2,3,4,0,0,0,2,false,false,true,false,false,false,true,false,false,false,false,false,false,false,true,false,false,false,false,false,false,false,-82.99529,42.44739,"{
  ""coordinates"": [
    -8.299529437669240e+01,
    4.244738841486000e+01
  ],
  ""type"": ""Point""
}","{
  ""coordinates"": [
    -82.995294377,
    42.447388415
  ],
  ""type"": ""Point""
}",-82.9952943769999,42.447388415
16602,1454150,DAVISON,PETOSKEY,2018-06-29,29,6,2018,11,6,4,3,,1,0,Asphalt,1,1,1,35,6,2,2,5,0,0,0,0,true,false,false,false,false,false,false,false,false,false,false,false,false,false,false,false,false,false,false,false,false,false,-83.13547,42.38801,"{
  ""coordinates"": [
    -8.313546583513710e+01,
    4.238800736933730e+01
  ],
  ""type"": ""Point""
}","{
  ""coordinates"": [
    -83.135465835,
    42.388007369
  ],
  ""type"": ""Point""
}",-83.1354658349999,42.388007369
16603,1414646,OUTER,MARGARETA,2018-06-29,29,6,2018,15,6,8,9,,2,0,Asphalt,1,1,1,30,2,2,1,5,0,0,0,0,true,true,false,false,false,false,false,false,false,false,false,false,false,false,false,false,false,false,false,false,false,false,-83.17559,42.42769,"{
  ""coordinates"": [
    -8.317559244399411e+01,
    4.242768809304480e+01
  ],
  ""type"": ""Point""
}","{
  ""coordinates"": [
    -83.175592444,
    42.427688093
  ],
  ""type"": ""Point""
}",-83.175592444,42.427688093
16604,1413815,I 75,RAMP 216E,2018-06-29,29,6,2018,15,6,8,1,,1,0,Asphalt,1,1,1,55,3,2,2,5,0,0,0,0,true,false,false,false,false,false,false,false,false,false,false,false,false,true,false,false,false,false,false,false,false,false,-83.05444,42.36115,"{
  ""coordinates"": [
    -8.305444461373290e+01,
    4.236114450867830e+01
  ],
  ""type"": ""Point""
}","{
  ""coordinates"": [
    -83.054444614,
    42.361144509
  ],
  ""type"": ""Point""
}",-83.054444614,42.361144509
16605,1413857,TELEGRAPH,8 MILE,2018-06-29,29,6,2018,7,6,5,2,,1,0,Asphalt,1,1,1,15,1,2,2,5,0,0,0,0,true,true,false,false,false,false,false,false,false,false,false,false,false,false,false,false,false,false,false,false,false,false,-83.27833,42.44264,"{
  ""coordinates"": [
    -8.327832584566080e+01,
    4.244263979776190e+01
  ],
  ""type"": ""Point""
}","{
  ""coordinates"": [
    -83.278325846,
    42.442639798
  ],
  ""type"": ""Point""
}",-83.278325846,42.4426397980001
16606,1424313,LIVERNOIS,OAKMAN,2018-06-29,29,6,2018,15,6,5,9,,4,0,Asphalt,1,1,1,30,4,2,4,4,0,0,0,2,false,false,false,false,false,false,false,false,false,false,false,false,false,false,false,false,false,false,false,false,false,false,-83.1396,42.39025,"{
  ""coordinates"": [
    -8.313959580534470e+01,
    4.239025215217410e+01
  ],
  ""type"": ""Point""
}","{
  ""coordinates"": [
    -83.139595805,
    42.390252152
  ],
  ""type"": ""Point""
}",-83.1395958049999,42.3902521520001
16607,1413864,CURTIS,SOUTHFIELD SERVICE DRIVE,2018-06-29,29,6,2018,0,6,1,9,,,1,,1,1,4,25,4,1,1,5,0,0,0,0,true,false,false,false,false,false,false,false,false,true,true,false,false,false,false,false,false,false,false,false,false,false,-83.21972,42.42277,"{
  ""coordinates"": [
    -8.321971691812580e+01,
    4.242276876455650e+01
  ],
  ""type"": ""Point""
}","{
  ""coordinates"": [
    -83.219716918,
    42.422768765
  ],
  ""type"": ""Point""
}",-83.219716918,42.4227687650001
16608,1418323,W I 94,RAMP 220F,2018-06-29,29,6,2018,9,6,5,1,,1,0,Asphalt,1,1,1,55,3,2,2,5,0,0,0,0,true,false,false,false,false,false,false,false,false,false,false,false,false,false,false,false,false,false,false,false,false,false,-82.98608,42.39769,"{
  ""coordinates"": [
    -8.298607437872380e+01,
    4.239768719297830e+01
  ],
  ""type"": ""Point""
}","{
  ""coordinates"": [
    -82.986074379,
    42.397687193
  ],
  ""type"": ""Point""
}",-82.9860743789999,42.3976871930001
16609,1413865,7 MILE,FERGUSON,2018-06-29,29,6,2018,1,6,1,9,,2,1,Asphalt,1,1,4,35,4,1,3,3,0,0,1,0,false,false,false,false,false,false,false,false,false,false,false,false,false,false,false,false,false,false,false,false,false,false,-83.21055,42.43026,"{
  ""coordinates"": [
    -8.321055099458729e+01,
    4.243025792313210e+01
  ],
  ""type"": ""Point""
}","{
  ""coordinates"": [
    -83.210550995,
    42.430257923
  ],
  ""type"": ""Point""
}",-83.2105509949999,42.4302579230001
16610,1412896,RAMP 213H,E I 94,2018-06-29,29,6,2018,15,6,5,1,,1,0,Concrete,1,1,1,55,3,2,1,5,0,0,0,0,true,false,false,false,true,false,false,false,false,false,false,false,false,false,false,false,false,false,false,false,false,false,-83.09589,42.3511,"{
  ""coordinates"": [
    -8.309588558334720e+01,
    4.235109969335610e+01
  ],
  ""type"": ""Point""
}","{
  ""coordinates"": [
    -83.095885583,
    42.351099693
  ],
  ""type"": ""Point""
}",-83.095885583,42.351099693
16611,1412935,W I 96 CD,CSX TRANSPORTATION,2018-06-29,29,6,2018,17,6,8,1,,1,0,Concrete,1,1,1,,4,2,3,5,0,0,0,0,true,false,false,false,false,false,false,false,false,false,false,false,false,false,false,false,false,false,false,false,false,false,-83.23415,42.37917,"{
  ""coordinates"": [
    -8.323414378340640e+01,
    4.237917086871410e+01
  ],
  ""type"": ""Point""
}","{
  ""coordinates"": [
    -83.234143783,
    42.379170869
  ],
  ""type"": ""Point""
}",-83.234143783,42.3791708690001
16612,1412966,WARREN,RUSSELL,2018-06-29,29,6,2018,8,6,4,9,,4,0,Concrete,1,1,1,35,2,2,2,5,0,0,0,0,true,false,true,true,false,false,false,false,false,false,false,false,false,false,false,false,false,false,false,false,false,false,-83.05087,42.36205,"{
  ""coordinates"": [
    -8.305086928598010e+01,
    4.236205256039160e+01
  ],
  ""type"": ""Point""
}","{
  ""coordinates"": [
    -83.050869286,
    42.36205256
  ],
  ""type"": ""Point""
}",-83.050869286,42.3620525600001
16613,1412996,FENKELL,WARD,2018-06-29,29,6,2018,17,6,4,9,,2,0,Asphalt,1,1,1,30,6,2,2,4,0,0,0,1,false,false,true,true,false,false,false,false,false,false,false,false,false,false,false,false,false,false,false,false,false,false,-83.17371,42.40216,"{
  ""coordinates"": [
    -8.317370257451010e+01,
    4.240216463514560e+01
  ],
  ""type"": ""Point""
}","{
  ""coordinates"": [
    -83.173702575,
    42.402164635
  ],
  ""type"": ""Point""
}",-83.1737025749999,42.4021646350001
16614,1414600,I 94,LINWOOD,2018-06-29,29,6,2018,17,6,5,1,,1,0,Asphalt,1,1,1,55,3,2,6,5,0,0,0,0,true,false,false,false,false,false,false,false,false,false,true,false,false,false,false,false,false,false,false,false,false,false,-83.09264,42.35228,"{
  ""coordinates"": [
    -8.309264166412871e+01,
    4.235227949095990e+01
  ],
  ""type"": ""Point""
}","{
  ""coordinates"": [
    -83.092641664,
    42.352279491
  ],
  ""type"": ""Point""
}",-83.092641664,42.352279491
16615,1413872,SOUTHFIELD SERVICE DRIVE,KENDALL,2018-06-29,29,6,2018,5,6,1,9,,4,1,Asphalt,1,1,1,25,2,1,1,2,0,1,0,0,false,false,false,false,false,false,false,false,false,false,false,false,false,false,false,false,false,false,false,false,false,false,-83.21742,42.3889,"{
  ""coordinates"": [
    -8.321742404830040e+01,
    4.238889569147400e+01
  ],
  ""type"": ""Point""
}","{
  ""coordinates"": [
    -83.217424048,
    42.388895691
  ],
  ""type"": ""Point""
}",-83.2174240479999,42.3888956910001
16616,1419376,TIREMAN,FREDA,2018-06-29,29,6,2018,10,6,8,9,,4,0,Asphalt,1,1,1,30,2,2,1,5,0,0,0,0,true,false,false,false,false,false,false,false,false,false,false,false,false,false,true,false,false,false,false,false,false,false,-83.15995,42.35166,"{
  ""coordinates"": [
    -8.315995033916050e+01,
    4.235166281012020e+01
  ],
  ""type"": ""Point""
}","{
  ""coordinates"": [
    -83.159950339,
    42.35166281
  ],
  ""type"": ""Point""
}",-83.159950339,42.3516628100001
16617,1412957,RIVARD,LAFAYETTE,2018-06-29,29,6,2018,23,6,6,9,,4,0,Asphalt,1,1,4,30,4,2,1,5,0,0,0,0,true,false,false,false,true,false,false,false,false,false,false,false,false,false,false,false,false,false,false,false,false,false,-83.03622,42.33635,"{
  ""coordinates"": [
    -8.303622437147260e+01,
    4.233634528437590e+01
  ],
  ""type"": ""Point""
}","{
  ""coordinates"": [
    -83.036224371,
    42.336345284
  ],
  ""type"": ""Point""
}",-83.0362243709999,42.3363452840001
16618,1415283,M 10,ELMHURST,2018-06-29,29,6,2018,3,6,5,3,,4,0,Asphalt,1,1,4,55,3,2,6,4,0,0,0,3,false,false,false,false,false,true,false,false,false,false,false,false,false,false,false,false,false,false,false,false,false,false,-83.10391,42.38957,"{
  ""coordinates"": [
    -8.310391037814240e+01,
    4.238956691426920e+01
  ],
  ""type"": ""Point""
}","{
  ""coordinates"": [
    -83.103910378,
    42.389566914
  ],
  ""type"": ""Point""
}",-83.103910378,42.3895669140001
16619,1411644,S M 10,RAMP 108A,2018-06-28,28,6,2018,17,5,1,3,,1,1,Concrete,1,1,1,70,4,1,1,5,0,0,0,0,true,false,false,false,false,false,false,false,false,false,false,false,false,false,true,false,false,false,false,false,false,false,-83.13111,42.40499,"{
  ""coordinates"": [
    -8.313110856817789e+01,
    4.240498894731710e+01
  ],
  ""type"": ""Point""
}","{
  ""coordinates"": [
    -83.131108568,
    42.404988947
  ],
  ""type"": ""Point""
}",-83.1311085679999,42.404988947
16620,1417019,N I 75,GRAND,2018-06-28,28,6,2018,11,5,5,1,,1,0,Asphalt,1,1,1,55,4,3,4,3,0,0,1,0,false,false,false,false,false,false,false,true,false,false,false,false,false,true,false,false,false,false,false,false,false,false,-83.05984,42.37414,"{
  ""coordinates"": [
    -8.305984742221681e+01,
    4.237414113049520e+01
  ],
  ""type"": ""Point""
}","{
  ""coordinates"": [
    -83.059847422,
    42.37414113
  ],
  ""type"": ""Point""
}",-83.059847422,42.3741411300001
16621,1411726,8 MILE,SCHAEFER,2018-06-28,28,6,2018,14,5,97,3,,1,0,Asphalt,1,1,1,40,6,2,3,4,0,0,0,2,false,false,false,false,false,false,false,false,false,false,false,true,false,true,false,false,false,false,false,false,false,false,-83.18025,42.44521,"{
  ""coordinates"": [
    -8.318025035679800e+01,
    4.244520721761250e+01
  ],
  ""type"": ""Point""
}","{
  ""coordinates"": [
    -83.180250357,
    42.445207218
  ],
  ""type"": ""Point""
}",-83.180250357,42.4452072180001
16622,1411690,7 MILE,BERG,2018-06-28,28,6,2018,1,5,5,9,,2,0,Asphalt,1,1,4,,5,2,2,3,0,0,2,0,false,false,false,false,false,true,false,false,false,false,false,false,false,false,false,false,false,false,false,false,false,false,-83.26777,42.42917,"{
  ""coordinates"": [
    -8.326776532852820e+01,
    4.242916952857900e+01
  ],
  ""type"": ""Point""
}","{
  ""coordinates"": [
    -83.267765329,
    42.429169529
  ],
  ""type"": ""Point""
}",-83.267765329,42.429169529
16623,1411720,WEXFORD,HILDALE,2018-06-28,28,6,2018,22,5,5,9,,,0,,1,1,4,25,1,3,0,5,0,0,0,0,true,false,false,false,true,false,false,false,false,false,false,false,false,false,false,false,false,false,false,false,false,false,-83.0653,42.42976,"{
  ""coordinates"": [
    -8.306530244087730e+01,
    4.242975758225650e+01
  ],
  ""type"": ""Point""
}","{
  ""coordinates"": [
    -83.065302441,
    42.429757582
  ],
  ""type"": ""Point""
}",-83.065302441,42.429757582
16624,1411685,MICHIGAN,GILBERT,2018-06-28,28,6,2018,7,5,5,2,,1,0,Asphalt,1,1,1,35,2,2,2,5,0,0,0,0,true,false,false,false,false,false,false,false,false,false,false,false,false,false,true,false,false,false,false,false,false,false,-83.12205,42.33112,"{
  ""coordinates"": [
    -8.312204519669190e+01,
    4.233112018586310e+01
  ],
  ""type"": ""Point""
}","{
  ""coordinates"": [
    -83.122045197,
    42.331120186
  ],
  ""type"": ""Point""
}",-83.122045197,42.3311201860001
16625,1411684,GREENFIELD,CAPITOL,2018-06-28,28,6,2018,16,5,5,9,,2,0,Asphalt,1,1,1,35,3,3,6,5,0,0,0,0,true,false,false,false,false,false,false,false,false,false,false,false,false,true,false,false,false,false,false,false,false,false,-83.19772,42.37678,"{
  ""coordinates"": [
    -8.319772527773399e+01,
    4.237678277493320e+01
  ],
  ""type"": ""Point""
}","{
  ""coordinates"": [
    -83.197725278,
    42.376782775
  ],
  ""type"": ""Point""
}",-83.197725278,42.376782775
16626,1411715,CONANT,MCNICHOLS,2018-06-28,28,6,2018,15,5,8,9,,4,3,Asphalt,1,1,1,35,2,2,1,5,0,0,0,0,true,false,false,false,true,false,false,false,false,false,false,false,false,false,false,false,false,false,false,false,false,false,-83.06368,42.41877,"{
  ""coordinates"": [
    -8.306368605605090e+01,
    4.241876470468270e+01
  ],
  ""type"": ""Point""
}","{
  ""coordinates"": [
    -83.063686056,
    42.418764705
  ],
  ""type"": ""Point""
}",-83.0636860559999,42.4187647050001
16627,1412932,WHITTIER,W I 94,2018-06-28,28,6,2018,14,5,5,1,,4,0,Asphalt,1,1,1,30,4,2,5,5,0,0,0,0,true,false,false,false,false,false,false,false,false,false,false,false,false,false,false,false,false,false,false,false,false,false,-82.94336,42.41292,"{
  ""coordinates"": [
    -8.294336081339510e+01,
    4.241292028380250e+01
  ],
  ""type"": ""Point""
}","{
  ""coordinates"": [
    -82.943360813,
    42.412920284
  ],
  ""type"": ""Point""
}",-82.943360813,42.4129202840001
16628,1428004,S I 75,RAMP 216J,2018-06-28,28,6,2018,18,5,8,1,,1,0,Concrete,1,1,1,55,4,2,3,5,0,0,0,0,true,false,false,false,false,false,false,false,false,true,false,false,false,false,false,false,false,false,false,false,false,false,-83.0584,42.36893,"{
  ""coordinates"": [
    -8.305840506789460e+01,
    4.236893561333970e+01
  ],
  ""type"": ""Point""
}","{
  ""coordinates"": [
    -83.058405068,
    42.368935613
  ],
  ""type"": ""Point""
}",-83.058405068,42.3689356130001
16629,1416924,N I 75,MILWAUKEE,2018-06-28,28,6,2018,17,5,5,1,,1,0,Asphalt,1,1,1,70,4,2,2,4,0,0,0,1,false,false,false,false,false,false,false,false,false,false,false,false,false,false,false,false,false,false,false,true,false,false,-83.05981,42.37405,"{
  ""coordinates"": [
    -8.305980415170680e+01,
    4.237404490235880e+01
  ],
  ""type"": ""Point""
}","{
  ""coordinates"": [
    -83.059804152,
    42.374044902
  ],
  ""type"": ""Point""
}",-83.059804152,42.374044902
16630,1411677,I94,ADDISON,2018-06-28,28,6,2018,15,5,5,1,,1,0,Asphalt,1,1,1,55,3,2,2,5,0,0,0,0,true,false,false,false,false,false,false,false,false,false,true,false,false,false,false,false,false,false,false,false,false,false,-83.15078,42.33009,"{
  ""coordinates"": [
    -8.315077940918820e+01,
    4.233008503646240e+01
  ],
  ""type"": ""Point""
}","{
  ""coordinates"": [
    -83.150779409,
    42.330085036
  ],
  ""type"": ""Point""
}",-83.1507794089999,42.3300850360001
16631,1411681,FENKELL,WHITCOMB,2018-06-28,28,6,2018,3,5,9,9,,2,2,Asphalt,1,2,4,35,2,2,2,5,0,0,0,0,true,false,false,false,false,false,false,false,false,false,false,false,false,false,true,false,false,false,false,false,false,false,-83.19632,42.40158,"{
  ""coordinates"": [
    -8.319631987162040e+01,
    4.240158400267730e+01
  ],
  ""type"": ""Point""
}","{
  ""coordinates"": [
    -83.196319872,
    42.401584003
  ],
  ""type"": ""Point""
}",-83.1963198719999,42.401584003
16632,1419377,FENTON,FLORENCE,2018-06-28,28,6,2018,0,5,2,9,,,2,,1,1,4,,2,2,0,5,0,0,0,0,true,false,false,false,true,false,false,false,false,false,false,false,false,false,false,false,false,false,false,false,false,false,-83.28213,42.40971,"{
  ""coordinates"": [
    -8.328212914120220e+01,
    4.240970644562580e+01
  ],
  ""type"": ""Point""
}","{
  ""coordinates"": [
    -83.282129141,
    42.409706446
  ],
  ""type"": ""Point""
}",-83.282129141,42.409706446
16633,1433497,SCHOENHERR,STATE FAIR,2018-06-28,28,6,2018,14,5,4,9,,4,0,Asphalt,1,1,1,30,5,2,3,3,0,0,2,0,false,false,true,true,false,false,false,false,false,false,false,false,false,false,false,false,false,false,false,false,false,false,-82.9854,42.4422,"{
  ""coordinates"": [
    -8.298540683578280e+01,
    4.244220542887450e+01
  ],
  ""type"": ""Point""
}","{
  ""coordinates"": [
    -82.985406836,
    42.442205429
  ],
  ""type"": ""Point""
}",-82.985406836,42.4422054290001
16634,1411680,WYOMING,SCHOOLCRAFT,2018-06-28,28,6,2018,9,5,9,9,,4,0,Asphalt,1,1,1,35,4,3,7,5,0,0,0,0,true,false,false,false,false,false,false,false,false,false,false,false,false,false,true,false,false,false,false,false,false,false,-83.15907,42.3885,"{
  ""coordinates"": [
    -8.315907079153750e+01,
    4.238850052630180e+01
  ],
  ""type"": ""Point""
}","{
  ""coordinates"": [
    -83.159070792,
    42.388500526
  ],
  ""type"": ""Point""
}",-83.159070792,42.388500526
16635,1427087,WARREN,ALTER,2018-06-28,28,6,2018,18,5,97,9,,4,0,Asphalt,1,1,1,35,4,3,1,3,0,0,1,0,false,false,false,false,true,false,false,false,false,false,false,false,false,true,false,false,false,false,false,false,false,false,-82.95449,42.39702,"{
  ""coordinates"": [
    -8.295449186229609e+01,
    4.239702076065620e+01
  ],
  ""type"": ""Point""
}","{
  ""coordinates"": [
    -82.954491862,
    42.397020761
  ],
  ""type"": ""Point""
}",-82.9544918619999,42.3970207610001
16636,1461361,8 MILE,HOOVER,2018-06-28,28,6,2018,21,5,5,3,,1,0,Asphalt,1,1,1,45,3,3,7,4,0,0,0,2,false,false,false,false,false,false,false,false,false,false,false,false,false,false,false,false,false,false,false,false,false,false,-83.007,42.44874,"{
  ""coordinates"": [
    -8.300699776194440e+01,
    4.244874090188980e+01
  ],
  ""type"": ""Point""
}","{
  ""coordinates"": [
    -83.006997762,
    42.448740902
  ],
  ""type"": ""Point""
}",-83.006997762,42.4487409020001
16637,1411728,S M 10,LIVERNOIS,2018-06-28,28,6,2018,23,5,1,3,,1,0,Concrete,1,1,4,30,4,2,2,4,0,0,0,1,false,false,false,false,false,false,false,false,false,false,false,false,false,false,false,false,false,false,false,false,true,false,-83.14045,42.4048,"{
  ""coordinates"": [
    -8.314044973489270e+01,
    4.240480552461550e+01
  ],
  ""type"": ""Point""
}","{
  ""coordinates"": [
    -83.140449735,
    42.404805525
  ],
  ""type"": ""Point""
}",-83.1404497349999,42.404805525
16638,1411714,MT ELLIOTT,7 MILE,2018-06-28,28,6,2018,15,5,8,9,,4,0,Asphalt,1,1,1,35,2,2,2,5,0,0,0,0,true,false,false,false,false,false,false,false,false,false,false,false,false,false,false,false,false,false,false,false,false,false,-83.03895,42.43365,"{
  ""coordinates"": [
    -8.303894654685740e+01,
    4.243365470211730e+01
  ],
  ""type"": ""Point""
}","{
  ""coordinates"": [
    -83.038946547,
    42.433654702
  ],
  ""type"": ""Point""
}",-83.038946547,42.4336547020001
16639,1411712,BLOOM,OUTER,2018-06-28,28,6,2018,12,5,98,9,,,0,,1,1,1,35,1,2,0,5,0,0,0,0,true,false,false,false,true,false,false,false,false,false,false,false,false,true,false,false,false,false,false,false,false,false,-83.04942,42.44081,"{
  ""coordinates"": [
    -8.304942119871160e+01,
    4.244080755444040e+01
  ],
  ""type"": ""Point""
}","{
  ""coordinates"": [
    -83.049421199,
    42.440807554
  ],
  ""type"": ""Point""
}",-83.0494211989999,42.4408075540001
16640,1411683,TIREMAN,FREDA,2018-06-28,28,6,2018,10,5,5,9,,4,0,Asphalt,1,1,1,30,2,2,1,5,0,0,0,0,true,false,false,false,true,false,false,false,false,false,false,false,false,false,false,false,false,false,false,false,false,false,-83.16022,42.35166,"{
  ""coordinates"": [
    -8.316022372079020e+01,
    4.235165696729630e+01
  ],
  ""type"": ""Point""
}","{
  ""coordinates"": [
    -83.160223721,
    42.351656967
  ],
  ""type"": ""Point""
}",-83.160223721,42.3516569670001
16641,1411699,CANFIELD,MCCLELLAN,2018-06-28,28,6,2018,17,5,4,9,,,0,,1,1,1,25,2,2,3,5,0,0,0,0,true,false,true,false,false,false,false,false,false,false,false,false,false,false,true,false,false,false,false,false,false,false,-82.99777,42.3772,"{
  ""coordinates"": [
    -8.299776910951960e+01,
    4.237720642176900e+01
  ],
  ""type"": ""Point""
}","{
  ""coordinates"": [
    -82.99776911,
    42.377206422
  ],
  ""type"": ""Point""
}",-82.99776911,42.377206422
16642,1411641,RAMP 037F,RAMP 037C,2018-06-28,28,6,2018,16,5,1,1,,1,0,Asphalt,1,1,1,55,2,1,1,5,0,0,0,0,true,false,false,false,false,false,false,false,false,false,false,false,false,false,false,true,false,false,false,false,false,false,-83.08443,42.33273,"{
  ""coordinates"": [
    -8.308442389050410e+01,
    4.233272984847710e+01
  ],
  ""type"": ""Point""
}","{
  ""coordinates"": [
    -83.084423891,
    42.332729848
  ],
  ""type"": ""Point""
}",-83.084423891,42.332729848
16643,1411725,LIVERNOIS,7 MILE,2018-06-28,28,6,2018,10,5,8,9,,4,0,Asphalt,1,1,1,,3,2,2,5,0,0,0,0,true,false,false,false,false,false,false,false,false,false,false,false,false,true,false,false,false,false,false,false,false,false,-83.14137,42.43159,"{
  ""coordinates"": [
    -8.314137422818850e+01,
    4.243158787850500e+01
  ],
  ""type"": ""Point""
}","{
  ""coordinates"": [
    -83.141374228,
    42.431587879
  ],
  ""type"": ""Point""
}",-83.141374228,42.4315878790001
16644,1411800,OUTER,OUTER DRIVE,2018-06-28,28,6,2018,13,5,4,1,,2,0,Asphalt,1,1,1,35,3,2,2,5,0,0,0,0,true,false,false,false,false,false,false,false,false,false,false,false,false,false,true,false,false,false,false,false,false,false,-82.96025,42.40542,"{
  ""coordinates"": [
    -8.296025172232611e+01,
    4.240542333765580e+01
  ],
  ""type"": ""Point""
}","{
  ""coordinates"": [
    -82.960251722,
    42.405423338
  ],
  ""type"": ""Point""
}",-82.960251722,42.405423338
16645,1411719,CONANT,CHARLES,2018-06-28,28,6,2018,21,5,97,9,,4,0,Asphalt,1,1,4,35,1,2,0,4,0,0,0,1,false,false,false,false,true,false,false,false,false,false,false,false,true,true,false,false,false,false,false,false,false,false,-83.05712,42.40906,"{
  ""coordinates"": [
    -8.305712419831980e+01,
    4.240906013712650e+01
  ],
  ""type"": ""Point""
}","{
  ""coordinates"": [
    -83.057124198,
    42.409060137
  ],
  ""type"": ""Point""
}",-83.0571241979999,42.409060137
16646,1412978,OUTER,BRETTON,2018-06-28,28,6,2018,20,5,3,9,,2,0,Asphalt,1,1,1,,2,2,2,4,0,0,0,1,false,false,false,false,false,false,false,false,false,true,false,false,false,false,true,false,false,false,false,false,false,false,-83.23161,42.40931,"{
  ""coordinates"": [
    -8.323160346560650e+01,
    4.240930408885540e+01
  ],
  ""type"": ""Point""
}","{
  ""coordinates"": [
    -83.231603466,
    42.409304089
  ],
  ""type"": ""Point""
}",-83.231603466,42.409304089
16647,1412981,MCNICHOLS,N M 10,2018-06-28,28,6,2018,10,5,5,9,,2,0,Asphalt,1,1,1,30,2,2,2,5,0,0,0,0,true,false,false,false,false,false,false,false,false,false,false,false,false,false,false,false,false,false,false,false,false,false,-83.17209,42.41664,"{
  ""coordinates"": [
    -8.317208816284131e+01,
    4.241664100835890e+01
  ],
  ""type"": ""Point""
}","{
  ""coordinates"": [
    -83.172088163,
    42.416641008
  ],
  ""type"": ""Point""
}",-83.172088163,42.4166410080001
16648,1433486,N I 75,DEARBORN,2018-06-28,28,6,2018,8,5,98,1,,1,0,Concrete,1,1,1,70,4,2,0,5,0,0,0,0,true,false,false,false,true,false,false,false,false,false,false,false,false,false,false,false,false,false,false,false,false,false,-83.12785,42.29297,"{
  ""coordinates"": [
    -8.312784319366040e+01,
    4.229296869367430e+01
  ],
  ""type"": ""Point""
}","{
  ""coordinates"": [
    -83.127843194,
    42.292968694
  ],
  ""type"": ""Point""
}",-83.127843194,42.2929686940001
16649,1411688,LILLIBRIDGE,MACK,2018-06-28,28,6,2018,5,5,8,9,,,0,,1,1,2,25,2,3,1,5,0,0,0,0,true,false,false,false,false,false,false,false,false,false,false,false,false,false,false,false,false,false,false,false,false,false,-82.98085,42.37814,"{
  ""coordinates"": [
    -8.298085241331199e+01,
    4.237813811019190e+01
  ],
  ""type"": ""Point""
}","{
  ""coordinates"": [
    -82.980852413,
    42.37813811
  ],
  ""type"": ""Point""
}",-82.980852413,42.3781381100001
16650,1412881,I-94,LINWOOD,2018-06-28,28,6,2018,15,5,8,1,,1,0,Asphalt,1,1,1,55,3,2,2,5,0,0,0,0,true,false,false,false,false,false,false,false,false,false,false,false,false,false,false,true,false,false,false,false,false,false,-83.0927,42.35212,"{
  ""coordinates"": [
    -8.309269976504240e+01,
    4.235211659370020e+01
  ],
  ""type"": ""Point""
}","{
  ""coordinates"": [
    -83.092699765,
    42.352116594
  ],
  ""type"": ""Point""
}",-83.092699765,42.3521165940001
16651,1412952,EVERGREEN,E I 96 CD,2018-06-28,28,6,2018,20,5,5,9,,4,0,Concrete,1,1,1,35,4,2,1,5,0,0,0,0,true,false,false,false,true,false,false,false,false,false,false,false,false,false,false,false,false,false,false,true,false,false,-83.23663,42.38008,"{
  ""coordinates"": [
    -8.323663674856950e+01,
    4.238008464229970e+01
  ],
  ""type"": ""Point""
}","{
  ""coordinates"": [
    -83.236636749,
    42.380084642
  ],
  ""type"": ""Point""
}",-83.236636749,42.380084642
16652,1427046,I-94,LIVERNOIS,2018-06-28,28,6,2018,18,5,5,1,,1,0,Asphalt,1,1,1,55,3,3,6,5,0,0,0,0,true,false,false,false,false,false,false,false,false,false,true,false,false,false,true,false,false,false,false,false,false,false,-83.12066,42.3392,"{
  ""coordinates"": [
    -8.312065856588740e+01,
    4.233919868102930e+01
  ],
  ""type"": ""Point""
}","{
  ""coordinates"": [
    -83.120658566,
    42.339198681
  ],
  ""type"": ""Point""
}",-83.120658566,42.339198681
16653,1415344,8 MILE,WARD,2018-06-28,28,6,2018,15,5,97,3,,1,0,Asphalt,1,1,1,35,4,2,2,5,0,0,0,0,true,false,true,false,false,false,false,false,false,false,false,false,false,true,false,false,false,false,false,false,false,false,-83.17577,42.4453,"{
  ""coordinates"": [
    -8.317577130658560e+01,
    4.244530208125490e+01
  ],
  ""type"": ""Point""
}","{
  ""coordinates"": [
    -83.175771307,
    42.445302081
  ],
  ""type"": ""Point""
}",-83.1757713069999,42.4453020810001