ObjectId,Crash ID,Primary Road,Intersecting Road,Crash Date,Day,Month,Year,Hour,Weekday,Crash Type Code,Highway Classification Code,Community Code,Jurisdiction Code,Lane Departure Type Code,Surface Type,Road Condition,Weather Condition,Lighting Condition,Speed Limit,Lanes,Units,Occupants,Most Severe Injury,Fatal Injuries,Suspected Serious Injuries,Suspected Minor Injuries,Possible Injuries,Property Damage Only,Secondary Crash,Traffic Control,Red Light Run,Hit and Run,Alcohol,Drugs,Unbelted Person,Work Zone,Speeding Driver,Distracted Driver,Driveway,Pedestrian,Elderly Driver,Young Driver,Commercial Vehicle,Emergency Vehicles,Train,School Bus,Motorcycle,Bicycle,Deer,Longitude,Latitude,geom,geog,x,y
16708,1444216,MICHIGAN,ROSA PARKS,2018-06-27,27,6,2018,7,4,4,2,,1,0,Asphalt,1,1,1,25,2,2,2,5,0,0,0,0,true,false,false,false,false,false,false,false,false,false,false,false,false,false,false,false,false,false,false,false,false,false,-83.0719,42.33139,"{
  ""coordinates"": [
    -8.307189817126300e+01,
    4.233139136360240e+01
  ],
  ""type"": ""Point""
}","{
  ""coordinates"": [
    -83.071898171,
    42.331391364
  ],
  ""type"": ""Point""
}",-83.071898171,42.3313913640001
16709,1410588,EVERGREEN,FENKELL,2018-06-27,27,6,2018,14,4,5,9,,4,0,Asphalt,2,1,1,35,2,2,1,5,0,0,0,0,true,false,false,false,true,false,false,false,false,false,false,false,false,false,false,false,false,false,false,false,false,false,-83.23743,42.40074,"{
  ""coordinates"": [
    -8.323742814097950e+01,
    4.240074213891680e+01
  ],
  ""type"": ""Point""
}","{
  ""coordinates"": [
    -83.237428141,
    42.400742139
  ],
  ""type"": ""Point""
}",-83.237428141,42.400742139
16710,1440564,GRAND,GRAND RIVER,2018-06-27,27,6,2018,11,4,4,3,,1,0,Asphalt,2,4,1,35,4,2,1,5,0,0,0,0,true,false,false,false,true,false,false,false,false,false,false,false,false,true,false,false,false,false,false,false,false,false,-83.2654,42.41961,"{
  ""coordinates"": [
    -8.326540529835700e+01,
    4.241960446172260e+01
  ],
  ""type"": ""Point""
}","{
  ""coordinates"": [
    -83.265405298,
    42.419604462
  ],
  ""type"": ""Point""
}",-83.265405298,42.4196044620001
16711,1410573,CARSON,PITT,2018-06-27,27,6,2018,10,4,8,9,,,0,,1,2,1,25,3,2,1,5,0,0,0,0,true,false,false,false,false,false,false,false,false,false,false,false,false,false,false,false,false,false,false,false,false,false,-83.12936,42.31394,"{
  ""coordinates"": [
    -8.312935281019141e+01,
    4.231394075080010e+01
  ],
  ""type"": ""Point""
}","{
  ""coordinates"": [
    -83.12935281,
    42.313940751
  ],
  ""type"": ""Point""
}",-83.1293528099999,42.3139407510001
16712,1411645,I 96,GRAND,2018-06-27,27,6,2018,13,4,97,1,,1,0,Asphalt,8,4,1,70,4,2,1,5,0,0,0,0,true,true,false,false,false,false,false,false,false,true,false,false,false,false,false,false,false,false,false,false,false,false,-83.10872,42.35493,"{
  ""coordinates"": [
    -8.310871792382861e+01,
    4.235493037748830e+01
  ],
  ""type"": ""Point""
}","{
  ""coordinates"": [
    -83.108717924,
    42.354930377
  ],
  ""type"": ""Point""
}",-83.108717924,42.3549303770001
16713,1528605,MACK,AUDUBON,2018-06-27,27,6,2018,14,4,5,9,,4,0,Asphalt,98,98,1,35,4,2,1,5,0,0,0,0,true,false,false,false,false,false,false,false,false,false,true,false,false,false,false,false,false,false,false,false,false,false,-82.93029,42.3917,"{
  ""coordinates"": [
    -8.293029002740600e+01,
    4.239170383456590e+01
  ],
  ""type"": ""Point""
}","{
  ""coordinates"": [
    -82.930290027,
    42.391703835
  ],
  ""type"": ""Point""
}",-82.930290027,42.391703835
16714,1474188,E I 94,MOROSS,2018-06-27,27,6,2018,7,4,5,1,,1,0,Asphalt,98,98,1,70,4,2,2,5,0,0,0,0,true,false,false,false,false,false,false,false,false,false,true,false,false,false,true,false,false,false,false,false,false,false,-82.92871,42.42443,"{
  ""coordinates"": [
    -8.292871403577399e+01,
    4.242442593006460e+01
  ],
  ""type"": ""Point""
}","{
  ""coordinates"": [
    -82.928714036,
    42.42442593
  ],
  ""type"": ""Point""
}",-82.928714036,42.42442593
16715,1420168,I-94,WOODWARD,2018-06-27,27,6,2018,14,4,5,1,,1,0,Asphalt,2,4,1,55,3,2,5,4,0,0,0,1,false,false,false,false,false,false,false,false,false,false,false,false,false,false,false,false,false,false,false,false,false,false,-83.07626,42.35892,"{
  ""coordinates"": [
    -8.307625390086720e+01,
    4.235892000058050e+01
  ],
  ""type"": ""Point""
}","{
  ""coordinates"": [
    -83.076253901,
    42.358920001
  ],
  ""type"": ""Point""
}",-83.076253901,42.3589200010001
16716,1410585,MCNICHOLS,PREVOST,2018-06-27,27,6,2018,15,4,5,9,,2,0,Asphalt,1,1,1,35,6,2,3,4,0,0,0,3,false,false,false,false,false,false,false,false,false,false,false,false,false,false,true,true,false,false,false,false,false,false,-83.20324,42.41588,"{
  ""coordinates"": [
    -8.320323811671349e+01,
    4.241588237615770e+01
  ],
  ""type"": ""Point""
}","{
  ""coordinates"": [
    -83.203238117,
    42.415882376
  ],
  ""type"": ""Point""
}",-83.203238117,42.4158823760001
16717,1411648,I 96,WARREN,2018-06-27,27,6,2018,14,4,5,1,,1,0,Asphalt,1,2,1,70,5,2,2,5,0,0,0,0,true,false,false,false,false,false,false,false,false,false,false,false,false,false,false,false,false,false,false,false,false,false,-83.09541,42.34444,"{
  ""coordinates"": [
    -8.309540359853510e+01,
    4.234443485456860e+01
  ],
  ""type"": ""Point""
}","{
  ""coordinates"": [
    -83.095403599,
    42.344434855
  ],
  ""type"": ""Point""
}",-83.095403599,42.344434855
16718,1410590,BOSTON,ROSA PARKS,2018-06-27,27,6,2018,20,4,10,9,,,0,,2,4,1,25,2,2,4,5,0,0,0,0,true,false,false,false,false,false,false,false,false,false,false,false,false,false,false,false,true,false,false,false,false,false,-83.10249,42.38128,"{
  ""coordinates"": [
    -8.310249505122221e+01,
    4.238128201749060e+01
  ],
  ""type"": ""Point""
}","{
  ""coordinates"": [
    -83.102495051,
    42.381282017
  ],
  ""type"": ""Point""
}",-83.1024950509999,42.381282017
16719,1410576,CHANDLER PARK,MANISTIQUE,2018-06-27,27,6,2018,8,4,1,9,,2,0,Asphalt,2,4,1,30,3,1,1,5,0,0,0,0,true,false,false,false,false,false,false,false,false,false,false,false,false,false,false,false,false,false,false,false,false,false,-82.95859,42.40155,"{
  ""coordinates"": [
    -8.295858611325269e+01,
    4.240154867232800e+01
  ],
  ""type"": ""Point""
}","{
  ""coordinates"": [
    -82.958586113,
    42.401548672
  ],
  ""type"": ""Point""
}",-82.958586113,42.401548672
16720,1410575,MACK,GARLAND,2018-06-27,27,6,2018,11,4,5,9,,4,0,Asphalt,2,4,1,30,1,2,2,5,0,0,0,0,true,false,false,false,false,false,false,false,false,false,false,false,false,false,false,false,false,false,false,false,false,false,-82.98779,42.37495,"{
  ""coordinates"": [
    -8.298778413849860e+01,
    4.237495235929380e+01
  ],
  ""type"": ""Point""
}","{
  ""coordinates"": [
    -82.987784138,
    42.374952359
  ],
  ""type"": ""Point""
}",-82.9877841379999,42.3749523590001
16721,1412937,WARREN,MONTROSE,2018-06-27,27,6,2018,16,4,8,9,,2,0,Asphalt,2,4,1,35,4,2,2,5,0,0,0,0,true,false,false,false,true,false,false,false,false,false,false,false,false,false,false,false,false,false,false,false,false,false,-83.19875,42.34364,"{
  ""coordinates"": [
    -8.319874933308139e+01,
    4.234363367812010e+01
  ],
  ""type"": ""Point""
}","{
  ""coordinates"": [
    -83.198749333,
    42.343633678
  ],
  ""type"": ""Point""
}",-83.198749333,42.3436336780001
16722,1413805,N M 10,GRAND,2018-06-27,27,6,2018,11,4,8,3,,1,0,Concrete,2,4,1,55,3,2,2,5,0,0,0,0,true,false,false,false,false,false,false,false,false,true,false,false,false,true,false,false,false,false,false,false,false,false,-83.08175,42.36713,"{
  ""coordinates"": [
    -8.308175147335550e+01,
    4.236712718962750e+01
  ],
  ""type"": ""Point""
}","{
  ""coordinates"": [
    -83.081751473,
    42.36712719
  ],
  ""type"": ""Point""
}",-83.0817514729999,42.3671271900001
16723,1415367,HARPER,BERKSHIRE,2018-06-27,27,6,2018,1,4,4,9,,4,0,Asphalt,1,1,4,30,6,2,1,4,0,0,0,1,false,false,false,false,true,false,false,false,false,false,false,false,false,false,false,false,false,false,false,false,false,false,-82.9501,42.40862,"{
  ""coordinates"": [
    -8.295009538486450e+01,
    4.240861754535010e+01
  ],
  ""type"": ""Point""
}","{
  ""coordinates"": [
    -82.950095385,
    42.408617545
  ],
  ""type"": ""Point""
}",-82.9500953849999,42.408617545
16724,1420265,MCNICHOLS,JOHN R,2018-06-27,27,6,2018,8,4,9,9,,4,2,Asphalt,1,2,1,,2,2,1,5,0,0,0,0,true,false,false,false,true,false,false,false,false,false,false,false,false,false,false,false,false,false,false,false,false,false,-83.10127,42.41784,"{
  ""coordinates"": [
    -8.310126898174680e+01,
    4.241784251525500e+01
  ],
  ""type"": ""Point""
}","{
  ""coordinates"": [
    -83.101268982,
    42.417842515
  ],
  ""type"": ""Point""
}",-83.101268982,42.4178425150001
16725,1413855,OUTER,MURRAY HILL,2018-06-27,27,6,2018,23,4,4,9,,2,0,Asphalt,2,1,5,35,2,2,2,5,0,0,0,0,true,false,false,false,false,false,false,false,false,false,false,false,false,false,false,false,false,false,false,false,false,false,-83.20808,42.41929,"{
  ""coordinates"": [
    -8.320807755117110e+01,
    4.241928814565350e+01
  ],
  ""type"": ""Point""
}","{
  ""coordinates"": [
    -83.208077551,
    42.419288146
  ],
  ""type"": ""Point""
}",-83.208077551,42.419288146
16726,1412962,I 94,MT.ELLIOT,2018-06-27,27,6,2018,11,4,97,1,,1,0,Asphalt,2,1,1,30,3,3,3,5,0,0,0,0,true,false,false,false,false,false,false,false,false,false,false,false,false,false,true,false,false,false,false,false,false,false,-83.0339,42.37926,"{
  ""coordinates"": [
    -8.303389797045151e+01,
    4.237926526740130e+01
  ],
  ""type"": ""Point""
}","{
  ""coordinates"": [
    -83.03389797,
    42.379265267
  ],
  ""type"": ""Point""
}",-83.0338979699999,42.3792652670001
16727,1417032,E I 94,2ND,2018-06-27,27,6,2018,12,4,5,1,,1,0,Asphalt,2,4,1,55,3,2,2,5,0,0,0,0,true,false,false,false,false,false,false,false,false,false,true,false,false,false,false,false,false,false,false,false,false,false,-83.07159,42.36203,"{
  ""coordinates"": [
    -8.307158934202450e+01,
    4.236202687529820e+01
  ],
  ""type"": ""Point""
}","{
  ""coordinates"": [
    -83.071589342,
    42.362026875
  ],
  ""type"": ""Point""
}",-83.071589342,42.362026875
16728,1415353,7 MILE,BROCK,2018-06-27,27,6,2018,17,4,9,9,,2,0,Asphalt,1,1,1,35,5,2,3,2,0,1,0,0,false,false,false,false,false,false,true,false,false,false,false,true,false,true,false,false,false,false,false,false,false,false,-82.96335,42.43549,"{
  ""coordinates"": [
    -8.296334788053289e+01,
    4.243548731590340e+01
  ],
  ""type"": ""Point""
}","{
  ""coordinates"": [
    -82.963347881,
    42.435487316
  ],
  ""type"": ""Point""
}",-82.9633478809999,42.435487316
16729,1412926,WOODWARD,ENGLEWOOD,2018-06-27,27,6,2018,11,4,4,3,,1,0,Asphalt,2,4,1,30,3,2,2,3,0,0,1,0,false,false,false,false,false,false,false,false,false,false,false,false,false,false,true,true,false,false,false,false,false,false,-83.08787,42.39192,"{
  ""coordinates"": [
    -8.308786504465439e+01,
    4.239191715301380e+01
  ],
  ""type"": ""Point""
}","{
  ""coordinates"": [
    -83.087865045,
    42.391917153
  ],
  ""type"": ""Point""
}",-83.0878650449999,42.3919171530001
16730,1422066,I-94,MOROSS,2018-06-27,27,6,2018,15,4,1,1,,1,0,Asphalt,2,2,1,55,3,1,1,5,0,0,0,0,true,false,false,false,false,false,false,false,false,false,false,false,false,false,false,false,false,false,false,false,false,false,-82.93121,42.42126,"{
  ""coordinates"": [
    -8.293120779369890e+01,
    4.242125999230590e+01
  ],
  ""type"": ""Point""
}","{
  ""coordinates"": [
    -82.931207794,
    42.421259992
  ],
  ""type"": ""Point""
}",-82.931207794,42.421259992
16731,1412917,ROSA PARKS,MARTIN LUTHER KING JR,2018-06-27,27,6,2018,12,4,3,9,,4,0,Asphalt,1,4,1,30,2,2,11,4,0,0,0,1,false,false,false,false,false,false,false,false,false,false,false,false,false,true,false,true,false,false,false,false,false,false,-83.07722,42.34056,"{
  ""coordinates"": [
    -8.307722116032240e+01,
    4.234055670753930e+01
  ],
  ""type"": ""Point""
}","{
  ""coordinates"": [
    -83.07722116,
    42.340556708
  ],
  ""type"": ""Point""
}",-83.07722116,42.3405567080001
16732,1421030,I75,I96,2018-06-27,27,6,2018,14,4,5,1,,1,0,Asphalt,2,2,1,55,3,2,2,3,0,0,1,0,false,true,false,false,false,false,false,false,false,false,false,false,false,false,false,true,false,false,false,false,false,false,-83.08237,42.31888,"{
  ""coordinates"": [
    -8.308237595974219e+01,
    4.231887996096730e+01
  ],
  ""type"": ""Point""
}","{
  ""coordinates"": [
    -83.08237596,
    42.318879961
  ],
  ""type"": ""Point""
}",-83.08237596,42.3188799610001
16733,1422022,M10,CHICAGO,2018-06-27,27,6,2018,5,4,8,3,,1,0,Concrete,1,1,4,55,3,2,2,4,0,0,0,1,false,false,false,false,true,false,false,false,false,false,false,false,false,false,false,false,false,false,false,false,false,false,-83.09449,42.38236,"{
  ""coordinates"": [
    -8.309448983616510e+01,
    4.238236286138330e+01
  ],
  ""type"": ""Point""
}","{
  ""coordinates"": [
    -83.094489836,
    42.382362861
  ],
  ""type"": ""Point""
}",-83.094489836,42.382362861
16734,1415359,HAYES,EASTBURN,2018-06-27,27,6,2018,15,4,4,9,,4,0,Asphalt,2,4,1,30,2,2,4,5,0,0,0,0,true,false,true,false,false,false,false,false,false,false,false,false,false,false,true,false,false,false,false,false,false,false,-82.96588,42.44538,"{
  ""coordinates"": [
    -8.296588478779429e+01,
    4.244538492594360e+01
  ],
  ""type"": ""Point""
}","{
  ""coordinates"": [
    -82.965884788,
    42.445384926
  ],
  ""type"": ""Point""
}",-82.965884788,42.445384926
16735,1423002,I-94,LIVERNOIS,2018-06-27,27,6,2018,8,4,5,1,,1,0,Asphalt,2,4,1,55,3,2,2,5,0,0,0,0,true,false,false,false,false,false,false,false,false,false,false,false,false,true,false,false,false,false,false,false,false,false,-83.11696,42.34147,"{
  ""coordinates"": [
    -8.311695914444350e+01,
    4.234147350987730e+01
  ],
  ""type"": ""Point""
}","{
  ""coordinates"": [
    -83.116959144,
    42.34147351
  ],
  ""type"": ""Point""
}",-83.116959144,42.3414735100001
16736,1418382,TELEGRAPH,8 MILE,2018-06-27,27,6,2018,7,4,5,2,,1,0,Asphalt,1,2,1,25,5,2,3,5,0,0,0,0,true,false,false,false,false,false,false,false,false,false,false,false,false,false,false,false,false,false,false,false,false,false,-83.27832,42.44267,"{
  ""coordinates"": [
    -8.327831885252340e+01,
    4.244266833193050e+01
  ],
  ""type"": ""Point""
}","{
  ""coordinates"": [
    -83.278318853,
    42.442668332
  ],
  ""type"": ""Point""
}",-83.278318853,42.442668332
16737,1424239,E I 94,RAMP 214C,2018-06-27,27,6,2018,17,4,5,1,,1,0,Asphalt,98,98,98,55,2,2,2,5,0,0,0,0,true,false,false,false,false,false,false,false,true,false,false,false,false,false,false,false,false,false,false,false,false,false,-83.08573,42.35431,"{
  ""coordinates"": [
    -8.308573294880991e+01,
    4.235430927070070e+01
  ],
  ""type"": ""Point""
}","{
  ""coordinates"": [
    -83.085732949,
    42.354309271
  ],
  ""type"": ""Point""
}",-83.085732949,42.354309271
16738,1422065,I-94,CADIEUX,2018-06-27,27,6,2018,14,4,1,1,,1,1,Asphalt,2,4,1,,3,1,1,5,0,0,0,0,true,false,false,false,false,false,false,false,false,true,false,false,false,false,false,false,false,false,false,false,false,false,-82.93048,42.42245,"{
  ""coordinates"": [
    -8.293048145940780e+01,
    4.242244601720760e+01
  ],
  ""type"": ""Point""
}","{
  ""coordinates"": [
    -82.930481459,
    42.422446017
  ],
  ""type"": ""Point""
}",-82.930481459,42.422446017
16739,1422037,I-75,MCNICHOLS,2018-06-27,27,6,2018,15,4,5,1,,1,0,Asphalt,2,4,1,70,4,3,2,5,0,0,0,0,true,false,false,false,true,false,false,false,false,false,false,false,false,false,false,false,false,false,false,false,false,false,-83.08877,42.41946,"{
  ""coordinates"": [
    -8.308876570520160e+01,
    4.241946578058440e+01
  ],
  ""type"": ""Point""
}","{
  ""coordinates"": [
    -83.088765705,
    42.419465781
  ],
  ""type"": ""Point""
}",-83.088765705,42.419465781
16740,1418318,RAMP 044E,RAMP 216E,2018-06-27,27,6,2018,14,4,8,1,,1,0,Concrete,2,4,1,55,2,2,2,5,0,0,0,0,true,false,false,false,false,false,false,false,false,true,false,false,false,true,false,false,false,false,false,false,false,false,-83.05605,42.36505,"{
  ""coordinates"": [
    -8.305605319631690e+01,
    4.236504944174590e+01
  ],
  ""type"": ""Point""
}","{
  ""coordinates"": [
    -83.056053196,
    42.365049442
  ],
  ""type"": ""Point""
}",-83.0560531959999,42.365049442
16741,1418317,I-96,MLK,2018-06-27,27,6,2018,20,4,1,1,,1,1,Asphalt,2,4,1,70,2,1,1,4,0,0,0,1,false,false,false,false,false,false,false,false,false,true,false,false,false,false,false,false,false,false,false,false,false,false,-83.08967,42.33541,"{
  ""coordinates"": [
    -8.308966949216870e+01,
    4.233541261430950e+01
  ],
  ""type"": ""Point""
}","{
  ""coordinates"": [
    -83.089669492,
    42.335412614
  ],
  ""type"": ""Point""
}",-83.089669492,42.3354126140001
16742,1418285,RAMP 008P,S M 39,2018-06-27,27,6,2018,16,4,1,1,,1,1,Concrete,1,2,1,55,2,1,1,5,0,0,0,0,true,false,false,false,false,true,true,false,false,false,false,false,false,false,false,false,false,false,false,false,false,false,-83.21708,42.37855,"{
  ""coordinates"": [
    -8.321707641903490e+01,
    4.237855279363000e+01
  ],
  ""type"": ""Point""
}","{
  ""coordinates"": [
    -83.217076419,
    42.378552794
  ],
  ""type"": ""Point""
}",-83.217076419,42.378552794
16743,1413008,WOODWARD,WARREN,2018-06-27,27,6,2018,10,4,1,3,,1,0,Asphalt,2,4,1,30,7,2,24,5,0,0,0,0,true,false,false,false,false,false,false,false,false,false,false,false,false,false,false,true,false,true,false,false,false,false,-83.06438,42.35696,"{
  ""coordinates"": [
    -8.306438508447209e+01,
    4.235695750944290e+01
  ],
  ""type"": ""Point""
}","{
  ""coordinates"": [
    -83.064385084,
    42.356957509
  ],
  ""type"": ""Point""
}",-83.064385084,42.356957509
16744,1413808,I 75,MICHIGAN,2018-06-27,27,6,2018,12,4,1,1,,1,1,Asphalt,2,4,1,55,3,1,2,4,0,0,0,1,false,false,false,false,false,false,false,true,false,true,false,false,false,false,false,true,false,false,false,false,false,false,-83.08567,42.33024,"{
  ""coordinates"": [
    -8.308566837256519e+01,
    4.233024075389160e+01
  ],
  ""type"": ""Point""
}","{
  ""coordinates"": [
    -83.085668373,
    42.330240754
  ],
  ""type"": ""Point""
}",-83.085668373,42.330240754
16745,1415311,LAFAYETTE,10TH,2018-06-27,27,6,2018,13,4,97,9,,4,0,Asphalt,1,2,1,30,5,5,3,5,0,0,0,0,true,false,false,false,false,false,false,false,false,false,false,false,false,false,false,false,false,false,false,false,false,false,-83.06374,42.32486,"{
  ""coordinates"": [
    -8.306374080416090e+01,
    4.232486459077850e+01
  ],
  ""type"": ""Point""
}","{
  ""coordinates"": [
    -83.063740804,
    42.324864591
  ],
  ""type"": ""Point""
}",-83.063740804,42.3248645910001
16746,1422038,M10,CLAIRMOUNT,2018-06-27,27,6,2018,5,4,5,3,,1,0,Concrete,1,1,4,55,3,2,1,4,0,0,0,1,false,false,false,false,true,false,false,false,false,false,false,false,false,false,false,false,false,false,false,false,false,false,-83.09013,42.3796,"{
  ""coordinates"": [
    -8.309013501747380e+01,
    4.237959647131260e+01
  ],
  ""type"": ""Point""
}","{
  ""coordinates"": [
    -83.090135017,
    42.379596471
  ],
  ""type"": ""Point""
}",-83.090135017,42.3795964710001
16747,1411697,LAFAYETTE,BELLEVUE,2018-06-27,27,6,2018,12,4,4,9,,4,0,Asphalt,2,4,1,30,2,2,1,5,0,0,0,0,true,false,false,false,true,false,false,false,false,true,false,false,false,false,false,false,false,false,false,false,false,false,-83.00836,42.34854,"{
  ""coordinates"": [
    -8.300835870151759e+01,
    4.234853820104580e+01
  ],
  ""type"": ""Point""
}","{
  ""coordinates"": [
    -83.008358702,
    42.348538201
  ],
  ""type"": ""Point""
}",-83.008358702,42.3485382010001
16748,1423003,N M 10,GRAND,2018-06-27,27,6,2018,9,4,1,3,,1,1,Concrete,2,4,1,55,3,1,1,5,0,0,0,0,true,false,false,false,false,false,false,false,false,true,false,false,false,false,false,false,false,false,false,false,false,false,-83.08231,42.36794,"{
  ""coordinates"": [
    -8.308230314240710e+01,
    4.236794332286880e+01
  ],
  ""type"": ""Point""
}","{
  ""coordinates"": [
    -83.082303142,
    42.367943323
  ],
  ""type"": ""Point""
}",-83.0823031419999,42.3679433230001
16749,1417031,JEFFERSON,WOODWARD,2018-06-27,27,6,2018,9,4,5,3,,1,0,Asphalt,2,4,1,55,3,2,2,5,0,0,0,0,true,false,false,false,false,false,false,false,false,true,false,false,false,false,false,false,false,false,false,false,false,false,-83.04467,42.32842,"{
  ""coordinates"": [
    -8.304466881260019e+01,
    4.232841823045550e+01
  ],
  ""type"": ""Point""
}","{
  ""coordinates"": [
    -83.044668813,
    42.32841823
  ],
  ""type"": ""Point""
}",-83.044668813,42.3284182300001
16750,1425404,BEAUBIEN,PALMER,2018-06-27,27,6,2018,22,4,8,9,,,0,,1,1,4,25,3,2,0,5,0,0,0,0,true,false,false,false,true,false,false,false,false,false,false,false,false,false,false,false,false,false,false,false,false,false,-83.06263,42.36514,"{
  ""coordinates"": [
    -8.306262901474921e+01,
    4.236513749032200e+01
  ],
  ""type"": ""Point""
}","{
  ""coordinates"": [
    -83.062629015,
    42.36513749
  ],
  ""type"": ""Point""
}",-83.062629015,42.3651374900001
16751,1413807,I 96,BUCHANAN,2018-06-27,27,6,2018,7,4,5,1,,1,0,Asphalt,1,2,1,70,4,3,3,5,0,0,0,0,true,false,false,false,false,false,false,false,false,false,false,false,false,false,false,false,false,false,false,false,false,false,-83.09445,42.34224,"{
  ""coordinates"": [
    -8.309445531421510e+01,
    4.234224486049380e+01
  ],
  ""type"": ""Point""
}","{
  ""coordinates"": [
    -83.094455314,
    42.34224486
  ],
  ""type"": ""Point""
}",-83.094455314,42.3422448600001
16752,1422052,I-75,HOLBROOK,2018-06-27,27,6,2018,18,4,8,1,,1,0,Asphalt,1,2,1,70,4,2,1,5,0,0,0,0,true,false,false,false,true,false,false,false,false,false,false,false,false,false,false,false,false,false,false,false,false,false,-83.06898,42.38786,"{
  ""coordinates"": [
    -8.306897393622950e+01,
    4.238786200707150e+01
  ],
  ""type"": ""Point""
}","{
  ""coordinates"": [
    -83.068973936,
    42.387862007
  ],
  ""type"": ""Point""
}",-83.068973936,42.3878620070001
16753,1415323,PRAIRE,7 MILE,2018-06-27,27,6,2018,16,4,98,9,,,0,,1,1,1,25,2,2,0,5,0,0,0,0,true,false,false,false,true,false,false,false,false,false,false,false,false,false,false,false,false,false,false,false,false,false,-83.14581,42.43127,"{
  ""coordinates"": [
    -8.314581614879521e+01,
    4.243127381996440e+01
  ],
  ""type"": ""Point""
}","{
  ""coordinates"": [
    -83.145816149,
    42.43127382
  ],
  ""type"": ""Point""
}",-83.145816149,42.4312738200001
16754,1413869,8 MILE,TELEGRAPH,2018-06-27,27,6,2018,9,4,1,3,,1,1,Concrete,2,4,1,45,4,1,1,5,0,0,0,0,true,false,false,false,false,false,false,false,false,false,false,false,false,false,false,false,true,false,false,false,false,false,-83.27844,42.44274,"{
  ""coordinates"": [
    -8.327843939096179e+01,
    4.244273747919180e+01
  ],
  ""type"": ""Point""
}","{
  ""coordinates"": [
    -83.278439391,
    42.442737479
  ],
  ""type"": ""Point""
}",-83.2784393909999,42.4427374790001
16755,1412946,OUTER,ACACIA,2018-06-27,27,6,2018,18,4,1,9,,2,1,Asphalt,1,2,1,,2,1,1,5,0,0,0,0,true,false,false,false,false,false,false,false,false,false,false,false,false,false,false,false,false,false,false,false,false,false,-83.25638,42.39176,"{
  ""coordinates"": [
    -8.325637472258440e+01,
    4.239175705062900e+01
  ],
  ""type"": ""Point""
}","{
  ""coordinates"": [
    -83.256374723,
    42.391757051
  ],
  ""type"": ""Point""
}",-83.256374723,42.3917570510001
16756,1422040,I-94,CONCORD,2018-06-27,27,6,2018,17,4,1,1,,1,1,Asphalt,1,2,1,55,3,1,1,5,0,0,0,0,true,false,false,false,false,false,false,false,false,true,false,false,false,false,true,false,false,false,false,false,false,false,-83.03115,42.3823,"{
  ""coordinates"": [
    -8.303114947277039e+01,
    4.238230189607330e+01
  ],
  ""type"": ""Point""
}","{
  ""coordinates"": [
    -83.031149473,
    42.382301896
  ],
  ""type"": ""Point""
}",-83.031149473,42.3823018960001
16757,1410584,STAHELIN,PICKFORD,2018-06-27,27,6,2018,0,4,5,9,,,0,,1,1,5,25,2,2,3,4,0,0,0,2,false,false,false,false,true,false,false,false,false,false,false,false,false,false,false,false,false,false,false,false,false,false,-83.22739,42.4247,"{
  ""coordinates"": [
    -8.322738842811739e+01,
    4.242469816060520e+01
  ],
  ""type"": ""Point""
}","{
  ""coordinates"": [
    -83.227388428,
    42.424698161
  ],
  ""type"": ""Point""
}",-83.227388428,42.424698161
16758,1431778,GRATIOT,SAINT ANTOINE,2018-06-27,27,6,2018,9,4,5,3,,1,0,Asphalt,1,1,1,35,4,2,4,5,0,0,0,0,true,false,false,false,false,false,false,false,false,false,false,false,false,false,false,false,false,false,false,false,false,false,-83.04278,42.3383,"{
  ""coordinates"": [
    -8.304277673130890e+01,
    4.233829891212140e+01
  ],
  ""type"": ""Point""
}","{
  ""coordinates"": [
    -83.042776731,
    42.338298912
  ],
  ""type"": ""Point""
}",-83.0427767309999,42.338298912
16759,1411717,OUTER,BLOOM,2018-06-27,27,6,2018,18,4,4,9,,2,0,Asphalt,1,1,1,,2,2,2,5,0,0,0,0,true,false,false,false,false,false,false,false,false,false,false,false,false,false,false,false,false,false,false,false,false,false,-83.04948,42.4406,"{
  ""coordinates"": [
    -8.304947677534260e+01,
    4.244060320079540e+01
  ],
  ""type"": ""Point""
}","{
  ""coordinates"": [
    -83.049476775,
    42.440603201
  ],
  ""type"": ""Point""
}",-83.049476775,42.440603201
16760,1411658,I 96,GRAND,2018-06-27,27,6,2018,13,4,1,1,,1,1,Asphalt,8,4,1,70,4,1,2,4,0,0,0,2,false,false,false,false,false,false,false,false,false,true,false,false,false,false,false,false,false,false,false,false,false,false,-83.10872,42.35493,"{
  ""coordinates"": [
    -8.310871792382861e+01,
    4.235493037748830e+01
  ],
  ""type"": ""Point""
}","{
  ""coordinates"": [
    -83.108717924,
    42.354930377
  ],
  ""type"": ""Point""
}",-83.108717924,42.3549303770001
16761,1410591,WOODROW WILSON,LONGFELLOW,2018-06-27,27,6,2018,11,4,4,9,,4,0,Asphalt,2,4,1,25,2,2,2,4,0,0,0,1,false,false,false,false,false,false,false,false,false,false,false,false,false,true,false,false,false,false,false,false,false,false,-83.09834,42.38004,"{
  ""coordinates"": [
    -8.309833645804770e+01,
    4.238004034042850e+01
  ],
  ""type"": ""Point""
}","{
  ""coordinates"": [
    -83.098336458,
    42.38004034
  ],
  ""type"": ""Point""
}",-83.0983364579999,42.3800403400001
16762,1410601,CURTIS,INDIANA,2018-06-27,27,6,2018,0,4,4,9,,4,0,Asphalt,1,1,4,35,2,2,5,5,0,0,0,0,true,false,false,false,false,false,false,false,false,false,false,false,false,false,false,false,false,false,false,false,false,false,-83.15852,42.4242,"{
  ""coordinates"": [
    -8.315852355946340e+01,
    4.242420189851050e+01
  ],
  ""type"": ""Point""
}","{
  ""coordinates"": [
    -83.158523559,
    42.424201899
  ],
  ""type"": ""Point""
}",-83.1585235589999,42.424201899