ObjectId,Crash ID,Primary Road,Intersecting Road,Crash Date,Day,Month,Year,Hour,Weekday,Crash Type Code,Highway Classification Code,Community Code,Jurisdiction Code,Lane Departure Type Code,Surface Type,Road Condition,Weather Condition,Lighting Condition,Speed Limit,Lanes,Units,Occupants,Most Severe Injury,Fatal Injuries,Suspected Serious Injuries,Suspected Minor Injuries,Possible Injuries,Property Damage Only,Secondary Crash,Traffic Control,Red Light Run,Hit and Run,Alcohol,Drugs,Unbelted Person,Work Zone,Speeding Driver,Distracted Driver,Driveway,Pedestrian,Elderly Driver,Young Driver,Commercial Vehicle,Emergency Vehicles,Train,School Bus,Motorcycle,Bicycle,Deer,Longitude,Latitude,geom,geog,x,y
16763,1411696,ISHAM,MARCUS,2018-06-27,27,6,2018,16,4,10,9,,,0,,2,98,98,30,2,2,1,5,0,0,0,0,true,false,false,false,false,false,false,false,false,false,false,true,false,true,false,false,false,false,false,false,false,false,-83.01131,42.39651,"{
  ""coordinates"": [
    -8.301131295893630e+01,
    4.239650792155850e+01
  ],
  ""type"": ""Point""
}","{
  ""coordinates"": [
    -83.011312959,
    42.396507922
  ],
  ""type"": ""Point""
}",-83.011312959,42.3965079220001
16764,1410583,TELEGRAPH,8 MILE,2018-06-27,27,6,2018,16,4,5,2,,1,0,Asphalt,1,2,3,45,5,2,2,3,0,0,1,0,false,false,false,false,false,false,false,false,false,false,false,false,false,false,false,false,false,false,false,false,false,false,-83.27833,42.44264,"{
  ""coordinates"": [
    -8.327832584566080e+01,
    4.244263979776190e+01
  ],
  ""type"": ""Point""
}","{
  ""coordinates"": [
    -83.278325846,
    42.442639798
  ],
  ""type"": ""Point""
}",-83.278325846,42.4426397980001
16765,1410599,CONANT,GAYLORD,2018-06-27,27,6,2018,0,4,1,9,,4,1,Asphalt,1,2,4,35,5,1,1,4,0,0,0,1,false,false,false,false,false,false,false,false,false,false,false,false,false,false,false,false,false,false,false,false,false,false,-83.06475,42.42033,"{
  ""coordinates"": [
    -8.306474924657550e+01,
    4.242033136314150e+01
  ],
  ""type"": ""Point""
}","{
  ""coordinates"": [
    -83.064749247,
    42.420331363
  ],
  ""type"": ""Point""
}",-83.064749247,42.4203313630001
16766,1428732,I-96,DAVISON,2018-06-27,27,6,2018,10,4,1,3,,1,1,Concrete,2,4,1,,4,1,1,4,0,0,0,1,false,false,false,false,false,false,false,false,false,false,false,false,false,false,false,false,false,false,false,false,false,false,-83.1461,42.38639,"{
  ""coordinates"": [
    -8.314610665219649e+01,
    4.238639022600170e+01
  ],
  ""type"": ""Point""
}","{
  ""coordinates"": [
    -83.146106652,
    42.386390226
  ],
  ""type"": ""Point""
}",-83.146106652,42.3863902260001
16767,1411646,M 39,PEMBROKE,2018-06-27,27,6,2018,17,4,5,3,,1,0,Concrete,1,2,1,55,3,3,3,5,0,0,0,0,true,false,false,false,false,false,false,false,false,true,false,false,false,true,false,false,false,false,false,false,false,false,-83.21898,42.42352,"{
  ""coordinates"": [
    -8.321898096951520e+01,
    4.242351405890990e+01
  ],
  ""type"": ""Point""
}","{
  ""coordinates"": [
    -83.21898097,
    42.423514059
  ],
  ""type"": ""Point""
}",-83.21898097,42.4235140590001
16768,1410603,MEYERS,THATCHER,2018-06-27,27,6,2018,15,4,5,9,,4,0,Asphalt,1,2,1,30,2,4,0,5,0,0,0,0,true,false,false,false,true,false,false,false,false,false,false,false,false,false,false,false,false,false,false,false,false,false,-83.17037,42.42245,"{
  ""coordinates"": [
    -8.317037402186099e+01,
    4.242245099617790e+01
  ],
  ""type"": ""Point""
}","{
  ""coordinates"": [
    -83.170374022,
    42.422450996
  ],
  ""type"": ""Point""
}",-83.170374022,42.4224509960001
16769,1411698,JEFFERSON,ADAIR,2018-06-27,27,6,2018,15,4,5,9,,4,0,Asphalt,1,1,1,35,5,2,3,5,0,0,0,0,true,false,false,false,false,false,false,false,false,false,false,false,false,false,true,false,false,false,false,false,false,false,-83.01455,42.34172,"{
  ""coordinates"": [
    -8.301455145113199e+01,
    4.234172375045220e+01
  ],
  ""type"": ""Point""
}","{
  ""coordinates"": [
    -83.014551451,
    42.34172375
  ],
  ""type"": ""Point""
}",-83.014551451,42.34172375
16770,1411679,JEFFERSON,GRISWOLD,2018-06-27,27,6,2018,9,4,5,3,,1,0,Asphalt,2,2,1,30,4,2,2,5,0,0,0,0,true,false,false,false,false,false,false,false,false,false,false,false,false,false,false,false,false,false,false,false,false,false,-83.04501,42.32829,"{
  ""coordinates"": [
    -8.304501490476549e+01,
    4.232829322707020e+01
  ],
  ""type"": ""Point""
}","{
  ""coordinates"": [
    -83.045014905,
    42.328293227
  ],
  ""type"": ""Point""
}",-83.045014905,42.3282932270001
16771,1412910,THIRD,HAZELWOOD,2018-06-27,27,6,2018,16,4,4,9,,4,0,Asphalt,1,1,1,,4,2,2,4,0,0,0,1,false,false,false,false,false,false,false,false,false,false,false,false,false,false,false,false,false,false,false,false,false,false,-83.08665,42.379,"{
  ""coordinates"": [
    -8.308665234324040e+01,
    4.237900013651100e+01
  ],
  ""type"": ""Point""
}","{
  ""coordinates"": [
    -83.086652343,
    42.379000137
  ],
  ""type"": ""Point""
}",-83.086652343,42.379000137
16772,1416135,I 75,7 MILE,2018-06-27,27,6,2018,12,4,5,1,,1,0,Asphalt,2,4,1,55,4,2,2,3,0,0,2,1,false,false,false,false,false,false,false,false,false,false,false,false,false,false,false,true,false,false,false,false,false,false,-83.09348,42.42533,"{
  ""coordinates"": [
    -8.309347397313491e+01,
    4.242532827857370e+01
  ],
  ""type"": ""Point""
}","{
  ""coordinates"": [
    -83.093473973,
    42.425328279
  ],
  ""type"": ""Point""
}",-83.093473973,42.425328279
16773,1426211,I-94,CONCORDE,2018-06-27,27,6,2018,16,4,5,1,,1,0,Asphalt,1,1,1,55,3,2,2,4,0,0,0,1,false,false,false,false,false,false,false,false,false,false,false,false,false,false,false,false,false,false,false,false,false,false,-83.02567,42.38504,"{
  ""coordinates"": [
    -8.302566658694110e+01,
    4.238504572710470e+01
  ],
  ""type"": ""Point""
}","{
  ""coordinates"": [
    -83.025666587,
    42.385045727
  ],
  ""type"": ""Point""
}",-83.025666587,42.385045727
16774,1409707,I-96,OUTER,2018-06-27,27,6,2018,8,4,1,1,,1,1,Concrete,2,4,1,55,3,1,1,5,0,0,0,0,true,false,false,false,false,false,false,false,false,false,false,false,false,false,false,false,false,false,false,false,false,false,-83.25228,42.38555,"{
  ""coordinates"": [
    -8.325227740528000e+01,
    4.238554818415600e+01
  ],
  ""type"": ""Point""
}","{
  ""coordinates"": [
    -83.252277405,
    42.385548184
  ],
  ""type"": ""Point""
}",-83.252277405,42.3855481840001
16775,1410595,DAVISON,ROSA PARKS,2018-06-27,27,6,2018,2,4,1,3,,1,0,Asphalt,1,1,4,,7,1,4,3,0,0,1,0,false,false,false,false,false,false,false,false,false,false,false,false,false,false,false,false,false,false,false,false,false,false,-83.1132,42.3963,"{
  ""coordinates"": [
    -8.311319520190290e+01,
    4.239629934059930e+01
  ],
  ""type"": ""Point""
}","{
  ""coordinates"": [
    -83.113195202,
    42.396299341
  ],
  ""type"": ""Point""
}",-83.113195202,42.396299341
16776,1427083,FORT,SCHAEFER,2018-06-27,27,6,2018,14,4,4,3,,1,0,Asphalt,1,1,1,35,6,2,2,5,0,0,0,0,true,false,true,true,false,false,false,false,false,false,false,false,false,false,false,false,false,false,false,false,false,false,-83.15544,42.27645,"{
  ""coordinates"": [
    -8.315543882648770e+01,
    4.227644854780730e+01
  ],
  ""type"": ""Point""
}","{
  ""coordinates"": [
    -83.155438826,
    42.276448548
  ],
  ""type"": ""Point""
}",-83.155438826,42.2764485480001
16777,1411721,CONANT,DAVISON,2018-06-27,27,6,2018,16,4,7,3,,4,0,Asphalt,1,2,1,25,3,2,1,5,0,0,0,0,true,false,false,false,false,false,false,false,false,false,false,false,false,false,true,false,false,false,false,false,false,false,-83.06149,42.41552,"{
  ""coordinates"": [
    -8.306148677748760e+01,
    4.241552098529270e+01
  ],
  ""type"": ""Point""
}","{
  ""coordinates"": [
    -83.061486777,
    42.415520985
  ],
  ""type"": ""Point""
}",-83.061486777,42.4155209850001
16778,1410586,GLENCO,KENTFIELD,2018-06-27,27,6,2018,5,4,4,9,,,0,,1,1,2,25,2,2,4,4,0,0,0,1,false,false,true,false,true,false,false,false,false,false,false,false,false,false,false,false,false,false,false,false,false,false,-83.24155,42.4216,"{
  ""coordinates"": [
    -8.324155264096740e+01,
    4.242160124699820e+01
  ],
  ""type"": ""Point""
}","{
  ""coordinates"": [
    -83.241552641,
    42.421601247
  ],
  ""type"": ""Point""
}",-83.2415526409999,42.4216012470001
16779,1422064,I-94,CADIEUX,2018-06-27,27,6,2018,13,4,1,1,,1,1,Asphalt,2,4,1,55,3,1,1,5,0,0,0,0,true,false,false,false,false,false,false,false,false,true,false,false,false,false,false,false,false,false,false,false,false,false,-82.94414,42.41216,"{
  ""coordinates"": [
    -8.294413673685671e+01,
    4.241215809340100e+01
  ],
  ""type"": ""Point""
}","{
  ""coordinates"": [
    -82.944136737,
    42.412158093
  ],
  ""type"": ""Point""
}",-82.944136737,42.4121580930001
16780,1430838,GRATIOT,ARNDT,2018-06-27,27,6,2018,15,4,8,3,,1,0,Asphalt,1,1,1,35,6,2,1,5,0,0,0,0,true,false,false,false,true,false,false,false,false,false,false,false,false,false,false,false,false,false,false,false,false,false,-83.03172,42.35299,"{
  ""coordinates"": [
    -8.303171479303140e+01,
    4.235299024916380e+01
  ],
  ""type"": ""Point""
}","{
  ""coordinates"": [
    -83.031714793,
    42.352990249
  ],
  ""type"": ""Point""
}",-83.0317147929999,42.3529902490001
16781,1437012,SEVEN MILE,WARWICK,2018-06-26,26,6,2018,20,3,8,9,,2,0,Asphalt,1,1,1,35,2,2,1,5,0,0,0,0,true,false,false,false,false,false,false,false,false,false,false,false,false,true,false,false,false,false,false,false,false,false,-83.22997,42.42982,"{
  ""coordinates"": [
    -8.322996699976621e+01,
    4.242981746723830e+01
  ],
  ""type"": ""Point""
}","{
  ""coordinates"": [
    -83.229967,
    42.429817467
  ],
  ""type"": ""Point""
}",-83.229967,42.4298174670001
16782,1426230,MICHIGAN,3RD,2018-06-26,26,6,2018,15,3,3,2,,1,0,Asphalt,1,1,1,35,3,2,2,5,0,0,0,0,true,false,false,false,false,false,false,false,false,false,false,false,false,false,false,false,false,false,false,false,false,false,-83.05779,42.33166,"{
  ""coordinates"": [
    -8.305778705593460e+01,
    4.233166086860610e+01
  ],
  ""type"": ""Point""
}","{
  ""coordinates"": [
    -83.057787056,
    42.331660869
  ],
  ""type"": ""Point""
}",-83.0577870559999,42.3316608690001
16783,1428869,MOROSS,LANARK,2018-06-26,26,6,2018,2,3,97,9,,2,0,Asphalt,1,1,4,25,2,2,2,5,0,0,0,0,true,false,false,false,true,false,false,false,false,false,false,false,false,false,false,true,false,false,false,false,false,false,-82.93282,42.42606,"{
  ""coordinates"": [
    -8.293281441245260e+01,
    4.242605894097480e+01
  ],
  ""type"": ""Point""
}","{
  ""coordinates"": [
    -82.932814412,
    42.426058941
  ],
  ""type"": ""Point""
}",-82.932814412,42.4260589410001
16784,1437717,VANDYKE,8 MILE,2018-06-26,26,6,2018,8,3,7,3,,1,0,Asphalt,1,1,1,,2,2,2,5,0,0,0,0,true,false,false,false,false,false,false,false,false,false,false,false,false,false,false,false,false,false,false,false,false,false,-83.02475,42.44829,"{
  ""coordinates"": [
    -8.302475039152840e+01,
    4.244828925085300e+01
  ],
  ""type"": ""Point""
}","{
  ""coordinates"": [
    -83.024750392,
    42.448289251
  ],
  ""type"": ""Point""
}",-83.024750392,42.4482892510001
16785,1428793,DIVERSEY,ABINGTON,2018-06-26,26,6,2018,14,3,2,9,,,2,,1,1,1,25,2,2,1,4,0,0,0,1,false,false,false,false,false,false,true,false,false,false,false,false,false,false,false,false,false,false,false,false,false,false,-83.2096,42.34824,"{
  ""coordinates"": [
    -8.320960539132250e+01,
    4.234823492574930e+01
  ],
  ""type"": ""Point""
}","{
  ""coordinates"": [
    -83.209605391,
    42.348234926
  ],
  ""type"": ""Point""
}",-83.209605391,42.348234926
16786,1469997,ALTER,FRANKFORT,2018-06-26,26,6,2018,18,3,4,9,,4,0,Asphalt,1,1,1,35,2,2,2,5,0,0,0,0,true,false,false,false,false,false,false,false,false,false,false,false,false,false,true,false,false,false,false,false,false,false,-82.95584,42.39858,"{
  ""coordinates"": [
    -8.295584389832050e+01,
    4.239857679805580e+01
  ],
  ""type"": ""Point""
}","{
  ""coordinates"": [
    -82.955843898,
    42.398576798
  ],
  ""type"": ""Point""
}",-82.955843898,42.3985767980001
16787,1455897,EVERGREEN,OUTER,2018-06-26,26,6,2018,17,3,97,9,,4,0,Asphalt,1,1,1,35,2,3,4,3,0,0,2,0,false,false,true,true,false,false,false,false,false,false,false,false,false,false,true,false,false,false,false,false,false,false,-83.23732,42.39806,"{
  ""coordinates"": [
    -8.323732158885321e+01,
    4.239806228450490e+01
  ],
  ""type"": ""Point""
}","{
  ""coordinates"": [
    -83.237321589,
    42.398062285
  ],
  ""type"": ""Point""
}",-83.237321589,42.398062285
16788,1428857,SOUTHFIELD SERVICE DRIVE,PLYMOUTH,2018-06-26,26,6,2018,22,3,8,9,,4,0,Asphalt,2,4,4,70,2,2,1,5,0,0,0,0,true,false,false,false,true,false,false,false,false,false,false,false,false,false,false,false,false,false,false,false,false,false,-83.21626,42.37223,"{
  ""coordinates"": [
    -8.321626566632020e+01,
    4.237223197049690e+01
  ],
  ""type"": ""Point""
}","{
  ""coordinates"": [
    -83.216265666,
    42.37223197
  ],
  ""type"": ""Point""
}",-83.216265666,42.37223197
16789,1411694,CHENE,LARNED,2018-06-26,26,6,2018,13,3,4,9,,4,0,Asphalt,1,1,1,35,2,2,2,5,0,0,0,0,true,false,true,true,false,false,false,false,false,false,false,false,false,false,false,false,false,false,false,false,false,false,-83.02337,42.33899,"{
  ""coordinates"": [
    -8.302336540586990e+01,
    4.233898540864630e+01
  ],
  ""type"": ""Point""
}","{
  ""coordinates"": [
    -83.023365406,
    42.338985409
  ],
  ""type"": ""Point""
}",-83.023365406,42.338985409
16790,1415369,SCHOENHERR,PFENT,2018-06-26,26,6,2018,12,3,9,9,,4,2,Asphalt,1,1,1,30,2,2,2,4,0,0,0,1,false,false,false,false,false,false,false,false,false,false,false,false,false,false,false,false,false,false,false,false,false,false,-82.98523,42.43749,"{
  ""coordinates"": [
    -8.298522667546170e+01,
    4.243748679760550e+01
  ],
  ""type"": ""Point""
}","{
  ""coordinates"": [
    -82.985226675,
    42.437486798
  ],
  ""type"": ""Point""
}",-82.985226675,42.4374867980001
16791,1409711,CASS,BAGLEY,2018-06-26,26,6,2018,13,3,5,9,,4,0,Asphalt,1,1,1,25,2,2,2,5,0,0,0,0,true,false,false,false,true,false,false,false,false,false,false,false,false,true,false,false,false,false,false,false,false,false,-83.05382,42.33359,"{
  ""coordinates"": [
    -8.305382108515960e+01,
    4.233358674430360e+01
  ],
  ""type"": ""Point""
}","{
  ""coordinates"": [
    -83.053821085,
    42.333586744
  ],
  ""type"": ""Point""
}",-83.053821085,42.3335867440001
16792,1409744,7 MILE,JOANN,2018-06-26,26,6,2018,17,3,5,9,,4,0,Asphalt,1,1,1,35,2,2,2,5,0,0,0,0,true,false,false,false,false,false,false,false,false,false,false,false,false,false,false,false,false,false,false,false,false,false,-82.99014,42.43481,"{
  ""coordinates"": [
    -8.299013319471320e+01,
    4.243480494938480e+01
  ],
  ""type"": ""Point""
}","{
  ""coordinates"": [
    -82.990133195,
    42.434804949
  ],
  ""type"": ""Point""
}",-82.9901331949999,42.4348049490001
16793,1411652,N M 39,SCHOOLCRAFT,2018-06-26,26,6,2018,22,3,1,3,,1,1,Asphalt,2,4,5,55,3,1,1,4,0,0,0,1,false,false,false,false,false,false,false,false,false,true,false,false,false,false,false,false,false,false,false,false,false,false,-83.21751,42.38588,"{
  ""coordinates"": [
    -8.321751493010640e+01,
    4.238588398196330e+01
  ],
  ""type"": ""Point""
}","{
  ""coordinates"": [
    -83.21751493,
    42.385883982
  ],
  ""type"": ""Point""
}",-83.2175149299999,42.3858839820001
16794,1409717,ALGER,OAKLAND,2018-06-26,26,6,2018,14,3,9,9,,,2,,1,2,1,25,2,2,1,5,0,0,0,0,true,false,false,false,false,false,false,false,true,false,true,false,false,false,false,false,false,false,false,false,false,false,-83.0709,42.38284,"{
  ""coordinates"": [
    -8.307090196008340e+01,
    4.238284452926030e+01
  ],
  ""type"": ""Point""
}","{
  ""coordinates"": [
    -83.07090196,
    42.382844529
  ],
  ""type"": ""Point""
}",-83.07090196,42.3828445290001
16795,1409721,MARSEILLES,FRANKFORT,2018-06-26,26,6,2018,14,3,1,9,,,0,,1,1,1,25,1,2,2,3,0,0,1,0,false,false,false,false,false,false,false,false,false,false,false,false,false,false,false,false,false,false,false,false,true,false,-82.92275,42.41139,"{
  ""coordinates"": [
    -8.292274963996969e+01,
    4.241138740256070e+01
  ],
  ""type"": ""Point""
}","{
  ""coordinates"": [
    -82.92274964,
    42.411387403
  ],
  ""type"": ""Point""
}",-82.9227496399999,42.411387403
16796,1415370,DICKERSON,LORETTO,2018-06-26,26,6,2018,2,3,97,9,,4,0,Asphalt,1,1,5,35,2,3,1,5,0,0,0,0,true,false,false,false,false,true,false,false,false,false,false,true,false,false,false,false,false,false,false,false,false,false,-82.98295,42.41772,"{
  ""coordinates"": [
    -8.298294471610460e+01,
    4.241772024337020e+01
  ],
  ""type"": ""Point""
}","{
  ""coordinates"": [
    -82.982944716,
    42.417720243
  ],
  ""type"": ""Point""
}",-82.982944716,42.4177202430001
16797,1413861,LIVERNOIS,PURITAN,2018-06-26,26,6,2018,11,3,97,9,,4,0,Asphalt,1,1,1,40,4,2,1,4,0,0,0,1,false,false,false,false,true,false,false,false,false,false,false,false,true,true,false,false,false,false,false,false,false,false,-83.14066,42.40959,"{
  ""coordinates"": [
    -8.314066234421109e+01,
    4.240958773091160e+01
  ],
  ""type"": ""Point""
}","{
  ""coordinates"": [
    -83.140662344,
    42.409587731
  ],
  ""type"": ""Point""
}",-83.140662344,42.409587731
16798,1412925,JOHN R,FOREST,2018-06-26,26,6,2018,8,3,5,9,,4,0,Asphalt,1,1,1,25,3,2,2,5,0,0,0,0,true,false,false,false,false,false,false,true,false,false,false,false,false,false,true,false,false,false,false,false,false,false,-83.06073,42.35563,"{
  ""coordinates"": [
    -8.306073206989090e+01,
    4.235562542439070e+01
  ],
  ""type"": ""Point""
}","{
  ""coordinates"": [
    -83.06073207,
    42.355625424
  ],
  ""type"": ""Point""
}",-83.06073207,42.355625424
16799,1411669,M 10,DAVISON,2018-06-26,26,6,2018,16,3,5,3,,1,0,Concrete,1,1,1,55,3,2,1,5,0,0,0,0,true,false,false,false,true,false,false,false,false,false,false,false,false,false,true,false,false,false,false,false,false,false,-83.10509,42.39198,"{
  ""coordinates"": [
    -8.310509800102329e+01,
    4.239198211115600e+01
  ],
  ""type"": ""Point""
}","{
  ""coordinates"": [
    -83.105098001,
    42.391982111
  ],
  ""type"": ""Point""
}",-83.105098001,42.3919821110001
16800,1409761,VAN DYKE,GRINNELL,2018-06-26,26,6,2018,12,3,4,3,,1,0,Asphalt,1,1,1,35,3,2,2,5,0,0,0,0,true,false,true,true,false,false,false,false,false,false,false,false,false,true,false,true,false,false,false,false,false,false,-83.023,42.40092,"{
  ""coordinates"": [
    -8.302299907370650e+01,
    4.240092041551700e+01
  ],
  ""type"": ""Point""
}","{
  ""coordinates"": [
    -83.022999074,
    42.400920416
  ],
  ""type"": ""Point""
}",-83.022999074,42.4009204160001
16801,1413838,CASS,COLUMBIA,2018-06-26,26,6,2018,23,3,97,9,,4,0,Asphalt,1,1,5,25,2,2,1,5,0,0,0,0,true,false,false,false,true,false,false,false,false,false,false,false,false,false,false,false,false,false,false,false,false,false,-83.05584,42.33699,"{
  ""coordinates"": [
    -8.305584134953629e+01,
    4.233699363032690e+01
  ],
  ""type"": ""Point""
}","{
  ""coordinates"": [
    -83.05584135,
    42.33699363
  ],
  ""type"": ""Point""
}",-83.05584135,42.3369936300001
16802,1411704,WOODBRIDGE,JOSEPH CAMPAU,2018-06-26,26,6,2018,17,3,5,9,,,0,,1,1,1,25,1,2,1,5,0,0,0,0,true,false,false,false,false,false,false,false,false,false,true,false,false,false,true,false,false,false,false,false,false,false,-83.01849,42.33913,"{
  ""coordinates"": [
    -8.301848627239420e+01,
    4.233912630522610e+01
  ],
  ""type"": ""Point""
}","{
  ""coordinates"": [
    -83.018486272,
    42.339126305
  ],
  ""type"": ""Point""
}",-83.018486272,42.339126305
16803,1411676,E/B I-94,30TH,2018-06-26,26,6,2018,17,3,5,1,,1,0,Asphalt,1,2,1,55,3,3,3,5,0,0,0,0,true,false,false,false,false,false,false,false,false,false,true,false,false,false,false,false,false,false,false,false,false,false,-83.1164,42.34194,"{
  ""coordinates"": [
    -8.311640265798860e+01,
    4.234194030844050e+01
  ],
  ""type"": ""Point""
}","{
  ""coordinates"": [
    -83.116402658,
    42.341940308
  ],
  ""type"": ""Point""
}",-83.116402658,42.3419403080001
16804,1409715,SCHOOLCRAFT,GREENFIELD,2018-06-26,26,6,2018,12,3,4,9,,2,0,Asphalt,1,1,1,30,4,2,2,5,0,0,0,0,true,false,false,false,false,false,false,false,false,false,false,true,false,false,false,false,false,false,false,false,false,false,-83.19799,42.38706,"{
  ""coordinates"": [
    -8.319799194171750e+01,
    4.238705741602350e+01
  ],
  ""type"": ""Point""
}","{
  ""coordinates"": [
    -83.197991942,
    42.387057416
  ],
  ""type"": ""Point""
}",-83.197991942,42.3870574160001
16805,1415332,S M 39 SERVICE DRIVE,FORD,2018-06-26,26,6,2018,20,3,97,3,,1,0,Concrete,1,1,1,35,3,1,1,5,0,0,0,0,true,false,false,false,false,false,false,false,false,false,false,false,false,false,false,false,false,false,false,false,false,false,-83.216,42.32907,"{
  ""coordinates"": [
    -8.321600342979229e+01,
    4.232906747974500e+01
  ],
  ""type"": ""Point""
}","{
  ""coordinates"": [
    -83.21600343,
    42.32906748
  ],
  ""type"": ""Point""
}",-83.2160034299999,42.32906748
16806,1412961,MCDOUGALL,ALEXANDRINE,2018-06-26,26,6,2018,21,3,5,9,,4,0,Asphalt,1,2,4,30,2,2,1,5,0,0,0,0,true,false,false,false,false,false,false,false,false,false,false,false,false,false,false,false,false,false,false,false,false,false,-83.03161,42.36108,"{
  ""coordinates"": [
    -8.303160677584930e+01,
    4.236107768619150e+01
  ],
  ""type"": ""Point""
}","{
  ""coordinates"": [
    -83.031606776,
    42.361077686
  ],
  ""type"": ""Point""
}",-83.031606776,42.361077686
16807,1415297,ELM,BROOKLYN,2018-06-26,26,6,2018,17,3,8,9,,,0,,1,1,1,,2,2,2,3,0,0,2,0,false,false,false,false,false,false,false,false,false,false,false,false,false,true,false,false,false,false,false,false,false,false,-83.06877,42.34007,"{
  ""coordinates"": [
    -8.306877383284601e+01,
    4.234006654630130e+01
  ],
  ""type"": ""Point""
}","{
  ""coordinates"": [
    -83.068773833,
    42.340066546
  ],
  ""type"": ""Point""
}",-83.068773833,42.3400665460001
16808,1409728,GRATIOT,HARPER,2018-06-26,26,6,2018,0,3,8,3,,1,0,Asphalt,1,1,4,35,7,2,3,5,0,0,0,0,true,false,false,false,true,false,false,false,false,false,false,false,false,false,false,false,false,false,false,false,false,false,-83.0051,42.39333,"{
  ""coordinates"": [
    -8.300509877542279e+01,
    4.239333197844260e+01
  ],
  ""type"": ""Point""
}","{
  ""coordinates"": [
    -83.005098775,
    42.393331978
  ],
  ""type"": ""Point""
}",-83.005098775,42.393331978
16809,1411656,N I 75,RAMP 029A,2018-06-26,26,6,2018,17,3,5,1,,1,0,Concrete,1,1,1,55,3,2,1,5,0,0,0,0,true,false,false,false,true,false,false,false,false,false,false,false,false,false,false,false,false,false,false,false,false,false,-83.15932,42.276,"{
  ""coordinates"": [
    -8.315931622573081e+01,
    4.227600565991760e+01
  ],
  ""type"": ""Point""
}","{
  ""coordinates"": [
    -83.159316226,
    42.27600566
  ],
  ""type"": ""Point""
}",-83.159316226,42.2760056600001
16810,1408889,LONGACRE,PAUL,2018-06-26,26,6,2018,2,3,5,9,,,0,,1,1,4,25,2,2,1,5,0,0,0,0,true,false,false,false,true,false,false,false,false,true,false,false,false,false,false,false,false,false,false,false,false,false,-83.21327,42.33761,"{
  ""coordinates"": [
    -8.321327252852740e+01,
    4.233761284268400e+01
  ],
  ""type"": ""Point""
}","{
  ""coordinates"": [
    -83.213272529,
    42.337612843
  ],
  ""type"": ""Point""
}",-83.2132725289999,42.337612843
16811,1409760,MOUNT ELLIOTT,OLIVER,2018-06-26,26,6,2018,8,3,4,9,,4,0,Asphalt,1,1,1,35,2,2,2,5,0,0,0,0,true,false,false,false,false,false,false,false,false,false,false,false,false,false,false,true,false,false,false,false,false,false,-83.03737,42.39214,"{
  ""coordinates"": [
    -8.303736578854981e+01,
    4.239213492466230e+01
  ],
  ""type"": ""Point""
}","{
  ""coordinates"": [
    -83.037365789,
    42.392134925
  ],
  ""type"": ""Point""
}",-83.037365789,42.3921349250001
16812,1409738,ANNCHESTER,SANTA MARIA,2018-06-26,26,6,2018,0,3,2,9,,,2,,1,1,5,25,2,2,2,5,0,0,0,0,true,false,false,false,false,false,false,false,false,false,false,false,false,true,false,false,false,false,false,false,false,false,-83.23499,42.41613,"{
  ""coordinates"": [
    -8.323499428007030e+01,
    4.241613400481630e+01
  ],
  ""type"": ""Point""
}","{
  ""coordinates"": [
    -83.23499428,
    42.416134005
  ],
  ""type"": ""Point""
}",-83.23499428,42.4161340050001
16813,1409735,VANDYKE,CHARLEVOIX,2018-06-26,26,6,2018,9,3,4,9,,4,0,Asphalt,1,1,1,35,4,2,3,4,0,0,0,2,false,false,false,false,false,false,false,true,false,false,false,false,false,false,false,false,false,false,false,false,false,false,-83.00311,42.36282,"{
  ""coordinates"": [
    -8.300310480935021e+01,
    4.236281433874970e+01
  ],
  ""type"": ""Point""
}","{
  ""coordinates"": [
    -83.003104809,
    42.362814339
  ],
  ""type"": ""Point""
}",-83.003104809,42.3628143390001
16814,1409741,8 MILE,RAMP 051B,2018-06-26,26,6,2018,8,3,8,3,,1,0,Asphalt,1,1,1,45,3,2,1,5,0,0,0,0,true,false,false,false,true,false,false,false,false,false,false,false,false,false,false,false,false,false,false,false,false,false,-83.27707,42.44276,"{
  ""coordinates"": [
    -8.327707012724680e+01,
    4.244276404737940e+01
  ],
  ""type"": ""Point""
}","{
  ""coordinates"": [
    -83.277070127,
    42.442764047
  ],
  ""type"": ""Point""
}",-83.2770701269999,42.442764047
16815,1424276,WARREN,ALGONQUIN,2018-06-26,26,6,2018,21,3,8,9,,4,0,Asphalt,1,1,5,30,5,2,4,5,0,0,0,0,true,false,false,false,false,false,false,false,false,true,false,false,false,false,false,false,true,false,false,false,false,false,-82.9699,42.39147,"{
  ""coordinates"": [
    -8.296990133375940e+01,
    4.239147211046960e+01
  ],
  ""type"": ""Point""
}","{
  ""coordinates"": [
    -82.969901334,
    42.39147211
  ],
  ""type"": ""Point""
}",-82.969901334,42.3914721100001
16816,1410582,JEFFERSON,JEFFERSON,2018-06-26,26,6,2018,17,3,5,9,,4,0,Asphalt,1,1,1,40,7,2,1,5,0,0,0,0,true,false,false,false,true,false,false,false,false,false,false,false,false,false,false,false,false,false,false,false,false,false,-83.00814,42.34448,"{
  ""coordinates"": [
    -8.300814094005760e+01,
    4.234448168455050e+01
  ],
  ""type"": ""Point""
}","{
  ""coordinates"": [
    -83.00814094,
    42.344481685
  ],
  ""type"": ""Point""
}",-83.00814094,42.3444816850001