ObjectId,Crash ID,Primary Road,Intersecting Road,Crash Date,Day,Month,Year,Hour,Weekday,Crash Type Code,Highway Classification Code,Community Code,Jurisdiction Code,Lane Departure Type Code,Surface Type,Road Condition,Weather Condition,Lighting Condition,Speed Limit,Lanes,Units,Occupants,Most Severe Injury,Fatal Injuries,Suspected Serious Injuries,Suspected Minor Injuries,Possible Injuries,Property Damage Only,Secondary Crash,Traffic Control,Red Light Run,Hit and Run,Alcohol,Drugs,Unbelted Person,Work Zone,Speeding Driver,Distracted Driver,Driveway,Pedestrian,Elderly Driver,Young Driver,Commercial Vehicle,Emergency Vehicles,Train,School Bus,Motorcycle,Bicycle,Deer,Longitude,Latitude,geom,geog,x,y
16817,1409716,WOODWARD,S I 75,2018-06-26,26,6,2018,16,3,4,3,,1,0,Concrete,1,1,1,30,3,2,3,5,0,0,0,0,true,false,true,true,false,false,false,false,false,false,true,false,false,false,false,false,false,false,false,false,false,false,-83.05288,42.33994,"{
  ""coordinates"": [
    -8.305288161750850e+01,
    4.233994375842120e+01
  ],
  ""type"": ""Point""
}","{
  ""coordinates"": [
    -83.052881618,
    42.339943758
  ],
  ""type"": ""Point""
}",-83.052881618,42.3399437580001
16818,1409737,VAN DYKE,GRATIOT,2018-06-26,26,6,2018,13,3,4,3,,4,0,Asphalt,1,1,1,35,7,2,2,5,0,0,0,0,true,false,false,false,false,false,false,false,false,false,true,false,false,true,true,false,false,false,false,false,false,false,-83.01469,42.37882,"{
  ""coordinates"": [
    -8.301468819715370e+01,
    4.237882279404220e+01
  ],
  ""type"": ""Point""
}","{
  ""coordinates"": [
    -83.014688197,
    42.378822794
  ],
  ""type"": ""Point""
}",-83.0146881969999,42.378822794
16819,1422053,S M 10,RAMP 122I,2018-06-26,26,6,2018,15,3,8,3,,1,0,Concrete,1,2,1,55,2,2,3,5,0,0,0,0,true,false,false,false,false,false,false,false,false,false,false,false,false,false,true,false,false,false,false,false,false,false,-83.06475,42.33556,"{
  ""coordinates"": [
    -8.306475247562901e+01,
    4.233555775782640e+01
  ],
  ""type"": ""Point""
}","{
  ""coordinates"": [
    -83.064752476,
    42.335557758
  ],
  ""type"": ""Point""
}",-83.064752476,42.335557758
16820,1409713,MEYERS,KENDALL,2018-06-26,26,6,2018,10,3,8,9,,4,0,Asphalt,1,1,1,35,1,2,2,5,0,0,0,0,true,false,false,false,false,false,false,false,false,false,false,false,false,true,false,true,false,false,false,false,false,false,-83.16879,42.38962,"{
  ""coordinates"": [
    -8.316878918646380e+01,
    4.238962074664390e+01
  ],
  ""type"": ""Point""
}","{
  ""coordinates"": [
    -83.168789186,
    42.389620747
  ],
  ""type"": ""Point""
}",-83.168789186,42.389620747
16821,1409732,MOUNT ELLIOTT,CHARLEVOIX,2018-06-26,26,6,2018,15,3,8,9,,4,0,Asphalt,1,2,1,30,2,2,3,5,0,0,0,0,true,false,false,false,false,false,false,false,false,false,false,false,false,false,false,false,false,false,false,false,false,false,-83.01883,42.35708,"{
  ""coordinates"": [
    -8.301882882738880e+01,
    4.235708075209010e+01
  ],
  ""type"": ""Point""
}","{
  ""coordinates"": [
    -83.018828827,
    42.357080752
  ],
  ""type"": ""Point""
}",-83.0188288269999,42.3570807520001
16822,1409714,MCNICHOLS,LITTLEFIELD,2018-06-26,26,6,2018,18,3,4,9,,2,0,Asphalt,1,1,1,35,3,2,3,5,0,0,0,0,true,false,false,false,false,false,false,false,false,false,false,false,false,true,false,false,false,false,false,false,false,false,-83.17628,42.41661,"{
  ""coordinates"": [
    -8.317628596427640e+01,
    4.241660723284540e+01
  ],
  ""type"": ""Point""
}","{
  ""coordinates"": [
    -83.176285964,
    42.416607233
  ],
  ""type"": ""Point""
}",-83.176285964,42.416607233
16823,1411651,I 94,TRUMBULL,2018-06-26,26,6,2018,16,3,5,1,,1,0,Asphalt,1,1,1,55,3,2,2,3,0,0,1,1,false,false,false,false,false,false,false,false,false,false,false,false,false,false,true,false,false,false,false,false,false,false,-83.07825,42.35822,"{
  ""coordinates"": [
    -8.307825413300711e+01,
    4.235821514525130e+01
  ],
  ""type"": ""Point""
}","{
  ""coordinates"": [
    -83.078254133,
    42.358215145
  ],
  ""type"": ""Point""
}",-83.078254133,42.358215145
16824,1409725,LARNED,CHENE,2018-06-26,26,6,2018,14,3,4,9,,4,0,Asphalt,1,1,1,35,4,2,2,5,0,0,0,0,true,false,true,true,false,false,false,false,false,false,false,false,false,false,false,false,false,false,false,false,false,false,-83.02312,42.33896,"{
  ""coordinates"": [
    -8.302311741544101e+01,
    4.233896256188660e+01
  ],
  ""type"": ""Point""
}","{
  ""coordinates"": [
    -83.023117415,
    42.338962562
  ],
  ""type"": ""Point""
}",-83.0231174149999,42.3389625620001
16825,1411674,I-96,M-39,2018-06-26,26,6,2018,17,3,5,1,,1,0,Concrete,1,2,1,70,3,3,3,5,0,0,0,0,true,false,false,false,false,false,false,false,false,false,true,false,false,false,false,false,false,false,false,false,false,false,-83.21899,42.37875,"{
  ""coordinates"": [
    -8.321898895124720e+01,
    4.237875290146890e+01
  ],
  ""type"": ""Point""
}","{
  ""coordinates"": [
    -83.218988951,
    42.378752901
  ],
  ""type"": ""Point""
}",-83.218988951,42.378752901
16826,1410574,LIVERNOIS,FEDERAL,2018-06-26,26,6,2018,13,3,5,9,,4,0,Asphalt,1,1,1,35,5,2,2,5,0,0,0,0,true,false,false,false,true,false,false,false,false,false,false,false,false,false,false,false,false,false,false,false,false,false,-83.11324,42.32134,"{
  ""coordinates"": [
    -8.311323698218651e+01,
    4.232134409799340e+01
  ],
  ""type"": ""Point""
}","{
  ""coordinates"": [
    -83.113236982,
    42.321344098
  ],
  ""type"": ""Point""
}",-83.113236982,42.3213440980001
16827,1409757,OUTER,MT ELLIOT,2018-06-26,26,6,2018,21,3,1,9,,2,0,Asphalt,1,1,1,35,3,1,1,4,0,0,0,1,false,false,false,false,false,false,false,false,false,false,false,false,false,false,false,false,false,false,false,false,false,false,-83.0393,42.44101,"{
  ""coordinates"": [
    -8.303929960625040e+01,
    4.244101251810850e+01
  ],
  ""type"": ""Point""
}","{
  ""coordinates"": [
    -83.039299606,
    42.441012518
  ],
  ""type"": ""Point""
}",-83.039299606,42.441012518
16828,1423628,SCHAEFER,TIREMAN,2018-06-26,26,6,2018,12,3,4,9,,4,0,Asphalt,1,1,1,35,2,2,3,5,0,0,0,0,true,false,false,false,false,false,false,false,false,false,false,false,false,false,false,false,false,false,false,false,false,false,-83.17719,42.35128,"{
  ""coordinates"": [
    -8.317718387229350e+01,
    4.235128427140040e+01
  ],
  ""type"": ""Point""
}","{
  ""coordinates"": [
    -83.177183872,
    42.351284271
  ],
  ""type"": ""Point""
}",-83.1771838719999,42.3512842710001
16829,1409750,GRAYTON,NOTTINGHAM,2018-06-26,26,6,2018,1,3,1,9,,,1,,1,1,4,25,2,1,0,5,0,0,0,0,true,false,false,false,false,false,false,false,false,true,false,false,false,false,false,false,false,false,false,false,false,false,-82.94793,42.41959,"{
  ""coordinates"": [
    -8.294793136983780e+01,
    4.241959105932130e+01
  ],
  ""type"": ""Point""
}","{
  ""coordinates"": [
    -82.94793137,
    42.419591059
  ],
  ""type"": ""Point""
}",-82.9479313699999,42.419591059
16830,1409748,SOMERSET,CASINO,2018-06-26,26,6,2018,16,3,8,9,,,0,,1,1,1,25,2,2,0,5,0,0,0,0,true,false,false,false,true,false,false,false,false,false,true,false,false,false,false,false,false,false,false,false,false,false,-82.94236,42.42532,"{
  ""coordinates"": [
    -8.294236247613800e+01,
    4.242531542088550e+01
  ],
  ""type"": ""Point""
}","{
  ""coordinates"": [
    -82.942362476,
    42.425315421
  ],
  ""type"": ""Point""
}",-82.942362476,42.4253154210001
16831,1410570,DELMAR,CANIFF,2018-06-26,26,6,2018,16,3,8,9,,,3,,1,1,1,25,4,2,1,5,0,0,0,0,true,false,false,false,false,false,false,false,false,false,false,true,false,false,false,false,false,false,false,false,false,false,-83.07385,42.39272,"{
  ""coordinates"": [
    -8.307385311012430e+01,
    4.239272085199680e+01
  ],
  ""type"": ""Point""
}","{
  ""coordinates"": [
    -83.07385311,
    42.392720852
  ],
  ""type"": ""Point""
}",-83.07385311,42.392720852
16832,1425401,WOODWARD,WILLIS,2018-06-26,26,6,2018,13,3,5,3,,1,0,Asphalt,1,1,1,30,5,2,2,5,0,0,0,0,true,false,false,false,false,false,false,false,false,false,false,false,false,true,false,true,false,false,false,false,false,false,-83.06082,42.35178,"{
  ""coordinates"": [
    -8.306082067330300e+01,
    4.235177586220670e+01
  ],
  ""type"": ""Point""
}","{
  ""coordinates"": [
    -83.060820673,
    42.351775862
  ],
  ""type"": ""Point""
}",-83.060820673,42.3517758620001
16833,1410581,LAFAYETTE,CONCORD,2018-06-26,26,6,2018,22,3,4,9,,4,0,Asphalt,1,2,4,30,2,2,2,4,0,0,0,2,false,false,true,false,false,false,false,false,false,false,false,false,false,false,false,false,false,false,false,false,false,false,-83.0071,42.34908,"{
  ""coordinates"": [
    -8.300709842004591e+01,
    4.234908190450050e+01
  ],
  ""type"": ""Point""
}","{
  ""coordinates"": [
    -83.00709842,
    42.349081905
  ],
  ""type"": ""Point""
}",-83.00709842,42.349081905
16834,1425315,I-75,GRANDRIVER,2018-06-26,26,6,2018,1,3,1,1,,1,0,Concrete,1,1,4,55,3,1,1,5,0,0,0,0,true,false,false,false,false,false,false,false,false,false,false,false,false,true,false,true,false,false,false,false,false,false,-83.05764,42.3373,"{
  ""coordinates"": [
    -8.305764028336699e+01,
    4.233729818900310e+01
  ],
  ""type"": ""Point""
}","{
  ""coordinates"": [
    -83.057640283,
    42.337298189
  ],
  ""type"": ""Point""
}",-83.057640283,42.3372981890001
16835,1410577,CHANDLER PARK,OUTER,2018-06-26,26,6,2018,11,3,4,9,,2,0,Asphalt,1,1,1,30,3,2,2,5,0,0,0,0,true,false,false,false,false,false,false,false,false,false,false,false,false,true,false,false,false,false,false,false,false,false,-82.95853,42.40157,"{
  ""coordinates"": [
    -8.295853335381220e+01,
    4.240156768168160e+01
  ],
  ""type"": ""Point""
}","{
  ""coordinates"": [
    -82.958533354,
    42.401567682
  ],
  ""type"": ""Point""
}",-82.9585333539999,42.4015676820001
16836,1411722,JOHN R,REMINGTON,2018-06-26,26,6,2018,13,3,4,9,,4,0,Asphalt,1,1,1,35,3,2,2,3,0,0,1,0,false,false,false,false,false,false,false,false,false,false,true,false,false,true,false,false,false,false,false,true,false,false,-83.10269,42.44211,"{
  ""coordinates"": [
    -8.310268797246800e+01,
    4.244210646663550e+01
  ],
  ""type"": ""Point""
}","{
  ""coordinates"": [
    -83.102687972,
    42.442106467
  ],
  ""type"": ""Point""
}",-83.102687972,42.442106467
16837,1422021,I-75,DRAGOON,2018-06-26,26,6,2018,2,3,1,1,,1,0,Concrete,1,1,4,55,3,1,1,5,0,0,0,0,true,false,false,false,false,false,false,false,false,false,false,false,false,false,false,true,false,false,false,false,false,false,-83.10457,42.30732,"{
  ""coordinates"": [
    -8.310457105124300e+01,
    4.230732216119460e+01
  ],
  ""type"": ""Point""
}","{
  ""coordinates"": [
    -83.104571051,
    42.307322161
  ],
  ""type"": ""Point""
}",-83.1045710509999,42.3073221610001
16838,1411678,M 39,7 MILE,2018-06-26,26,6,2018,15,3,8,3,,1,0,Concrete,1,1,1,55,3,3,3,5,0,0,0,0,true,false,false,false,false,false,false,false,false,true,false,false,false,false,false,false,false,false,false,false,false,false,-83.21926,42.43084,"{
  ""coordinates"": [
    -8.321926440498871e+01,
    4.243084394260460e+01
  ],
  ""type"": ""Point""
}","{
  ""coordinates"": [
    -83.219264405,
    42.430843943
  ],
  ""type"": ""Point""
}",-83.219264405,42.4308439430001
16839,1422990,I-94,I-75,2018-06-26,26,6,2018,13,3,5,1,,1,0,Concrete,1,1,1,55,3,2,3,5,0,0,0,0,true,false,false,false,false,false,false,false,false,false,false,false,false,false,true,false,false,false,false,false,false,false,-83.05851,42.36839,"{
  ""coordinates"": [
    -8.305850945970330e+01,
    4.236838999421680e+01
  ],
  ""type"": ""Point""
}","{
  ""coordinates"": [
    -83.05850946,
    42.368389994
  ],
  ""type"": ""Point""
}",-83.05850946,42.368389994
16840,1419367,I-75,LIVERNOIS,2018-06-26,26,6,2018,2,3,97,1,,1,0,Concrete,1,1,5,50,3,1,1,5,0,0,0,0,true,false,false,false,false,false,false,false,false,false,false,false,false,false,false,true,false,false,false,false,false,false,-83.10423,42.30751,"{
  ""coordinates"": [
    -8.310422740983870e+01,
    4.230751343395870e+01
  ],
  ""type"": ""Point""
}","{
  ""coordinates"": [
    -83.10422741,
    42.307513434
  ],
  ""type"": ""Point""
}",-83.10422741,42.307513434
16841,1423014,I-75,6-MILE,2018-06-26,26,6,2018,13,3,5,1,,1,0,Asphalt,1,1,1,70,4,2,2,5,0,0,0,0,true,false,false,false,false,false,false,false,false,false,false,false,false,false,false,false,false,false,false,false,false,false,-83.08783,42.41833,"{
  ""coordinates"": [
    -8.308782900969059e+01,
    4.241833142447940e+01
  ],
  ""type"": ""Point""
}","{
  ""coordinates"": [
    -83.08782901,
    42.418331424
  ],
  ""type"": ""Point""
}",-83.08782901,42.418331424
16842,1422051,I-75,LIVERNOIS,2018-06-26,26,6,2018,2,3,97,1,,1,0,Concrete,1,1,5,50,3,1,1,4,0,0,0,1,false,false,false,false,false,false,false,false,false,false,false,false,false,false,false,true,false,false,false,false,false,false,-83.10423,42.30751,"{
  ""coordinates"": [
    -8.310422740983870e+01,
    4.230751343395870e+01
  ],
  ""type"": ""Point""
}","{
  ""coordinates"": [
    -83.10422741,
    42.307513434
  ],
  ""type"": ""Point""
}",-83.10422741,42.307513434
16843,1425317,I-75,DEARBORN,2018-06-26,26,6,2018,6,3,8,1,,1,0,Concrete,1,1,4,60,2,2,2,5,0,0,0,0,true,true,false,false,true,false,false,false,false,false,false,false,false,false,false,true,false,false,false,false,false,false,-83.12276,42.29916,"{
  ""coordinates"": [
    -8.312276060092110e+01,
    4.229915486091350e+01
  ],
  ""type"": ""Point""
}","{
  ""coordinates"": [
    -83.122760601,
    42.299154861
  ],
  ""type"": ""Point""
}",-83.122760601,42.299154861
16844,1408887,BAGLEY,24TH,2018-06-25,25,6,2018,14,2,97,9,,,0,,1,1,1,25,2,2,1,4,0,0,0,1,false,false,false,false,false,false,false,false,false,false,false,false,false,false,false,false,false,false,false,false,false,false,-83.0857,42.32306,"{
  ""coordinates"": [
    -8.308570326110330e+01,
    4.232306450171740e+01
  ],
  ""type"": ""Point""
}","{
  ""coordinates"": [
    -83.085703261,
    42.323064502
  ],
  ""type"": ""Point""
}",-83.0857032609999,42.3230645020001
16845,1408878,GRISWALD,STATE,2018-06-25,25,6,2018,21,2,8,9,,4,0,Asphalt,1,1,1,25,2,2,2,5,0,0,0,0,true,false,false,false,false,false,false,false,false,false,false,false,false,false,false,false,false,false,false,false,false,false,-83.049,42.33252,"{
  ""coordinates"": [
    -8.304899512524580e+01,
    4.233251950020590e+01
  ],
  ""type"": ""Point""
}","{
  ""coordinates"": [
    -83.048995125,
    42.3325195
  ],
  ""type"": ""Point""
}",-83.048995125,42.3325195
16846,1408867,SPRINGWELLS,LAFAYETTE,2018-06-25,25,6,2018,3,2,1,9,,4,0,Asphalt,1,1,2,25,3,1,1,3,0,0,1,0,false,false,false,false,false,true,false,false,false,false,false,false,false,false,false,false,false,false,false,false,false,false,-83.12029,42.3031,"{
  ""coordinates"": [
    -8.312029271299050e+01,
    4.230310397569030e+01
  ],
  ""type"": ""Point""
}","{
  ""coordinates"": [
    -83.120292713,
    42.303103976
  ],
  ""type"": ""Point""
}",-83.120292713,42.303103976
16847,1410598,CORTLAND,LAWTON,2018-06-25,25,6,2018,19,2,4,9,,,0,,1,1,1,25,4,2,3,5,0,0,0,0,true,false,false,false,false,false,false,false,false,false,false,false,false,false,false,false,false,false,false,false,false,false,-83.12061,42.38594,"{
  ""coordinates"": [
    -8.312061497438270e+01,
    4.238594481755470e+01
  ],
  ""type"": ""Point""
}","{
  ""coordinates"": [
    -83.120614974,
    42.385944818
  ],
  ""type"": ""Point""
}",-83.120614974,42.385944818
16848,1409736,MOUNT ELLIOTT,MACK,2018-06-25,25,6,2018,12,2,7,9,,4,0,Asphalt,1,1,1,25,5,2,1,5,0,0,0,0,true,false,false,false,true,false,false,false,false,false,false,false,false,false,false,true,false,false,false,false,false,false,-83.02161,42.36129,"{
  ""coordinates"": [
    -8.302161262158880e+01,
    4.236129143177910e+01
  ],
  ""type"": ""Point""
}","{
  ""coordinates"": [
    -83.021612622,
    42.361291432
  ],
  ""type"": ""Point""
}",-83.021612622,42.361291432
16849,1409758,CONANT,7 MILE,2018-06-25,25,6,2018,16,2,8,9,,4,0,Asphalt,1,1,1,30,4,2,2,5,0,0,0,0,true,false,false,false,false,false,false,false,false,false,false,false,false,false,false,false,false,false,false,false,false,false,-83.07354,42.43275,"{
  ""coordinates"": [
    -8.307354280026721e+01,
    4.243275401630890e+01
  ],
  ""type"": ""Point""
}","{
  ""coordinates"": [
    -83.0735428,
    42.432754016
  ],
  ""type"": ""Point""
}",-83.0735428,42.432754016
16850,1408880,WARREN,JOHN R,2018-06-25,25,6,2018,14,2,98,9,,4,0,Asphalt,1,1,1,35,4,2,1,5,0,0,0,0,true,false,false,false,true,false,false,false,false,false,false,false,true,false,false,false,false,false,false,false,false,false,-83.06203,42.35762,"{
  ""coordinates"": [
    -8.306202823524740e+01,
    4.235761550364190e+01
  ],
  ""type"": ""Point""
}","{
  ""coordinates"": [
    -83.062028235,
    42.357615504
  ],
  ""type"": ""Point""
}",-83.062028235,42.3576155040001
16851,1408862,DIX,LONYO,2018-06-25,25,6,2018,11,2,4,9,,2,0,Asphalt,1,1,1,35,2,2,4,4,0,0,0,4,false,false,false,false,false,false,false,false,false,false,false,false,false,false,false,false,false,false,false,false,false,false,-83.13463,42.31646,"{
  ""coordinates"": [
    -8.313463052685970e+01,
    4.231646454809090e+01
  ],
  ""type"": ""Point""
}","{
  ""coordinates"": [
    -83.134630527,
    42.316464548
  ],
  ""type"": ""Point""
}",-83.134630527,42.3164645480001
16852,1409745,AUDUBON,CORNWALL,2018-06-25,25,6,2018,20,2,4,9,,,0,,1,1,3,25,4,2,1,5,0,0,0,0,true,false,false,false,true,false,false,false,false,false,false,false,false,false,false,false,false,false,false,false,false,false,-82.93668,42.4014,"{
  ""coordinates"": [
    -8.293668224610870e+01,
    4.240140309214740e+01
  ],
  ""type"": ""Point""
}","{
  ""coordinates"": [
    -82.936682246,
    42.401403092
  ],
  ""type"": ""Point""
}",-82.936682246,42.4014030920001
16853,1408895,8 MILE,SCHOENHERR,2018-06-25,25,6,2018,11,2,4,3,,1,0,Asphalt,1,1,1,40,5,2,2,4,0,0,0,2,false,false,true,true,false,false,false,false,false,false,false,false,false,false,false,false,false,false,false,false,false,false,-82.98568,42.44928,"{
  ""coordinates"": [
    -8.298568311061339e+01,
    4.244927933130560e+01
  ],
  ""type"": ""Point""
}","{
  ""coordinates"": [
    -82.985683111,
    42.449279331
  ],
  ""type"": ""Point""
}",-82.985683111,42.4492793310001
16854,1408872,LIVERNOIS,WAGNER,2018-06-25,25,6,2018,14,2,2,9,,4,0,Asphalt,1,1,1,40,5,3,8,3,0,0,1,0,false,false,false,false,true,false,false,false,false,false,false,true,false,false,true,false,false,false,false,false,false,false,-83.12865,42.34256,"{
  ""coordinates"": [
    -8.312865684323910e+01,
    4.234255614329240e+01
  ],
  ""type"": ""Point""
}","{
  ""coordinates"": [
    -83.128656843,
    42.342556143
  ],
  ""type"": ""Point""
}",-83.128656843,42.342556143
16855,1409724,VAN DYKE,KIRBY,2018-06-25,25,6,2018,23,2,3,3,,1,0,Asphalt,1,2,4,30,4,2,3,4,0,0,0,1,false,false,false,false,false,false,false,true,false,false,false,false,false,false,true,false,false,false,false,false,false,false,-83.015,42.37924,"{
  ""coordinates"": [
    -8.301499767181861e+01,
    4.237924243992310e+01
  ],
  ""type"": ""Point""
}","{
  ""coordinates"": [
    -83.014997672,
    42.37924244
  ],
  ""type"": ""Point""
}",-83.0149976719999,42.37924244
16856,1408883,LARNED,RIVARD,2018-06-25,25,6,2018,17,2,5,9,,4,0,Asphalt,1,1,1,30,3,2,2,5,0,0,0,0,true,false,false,false,false,false,false,false,false,true,false,false,false,false,false,false,false,false,false,false,false,false,-83.03304,42.33469,"{
  ""coordinates"": [
    -8.303303931815751e+01,
    4.233469346870770e+01
  ],
  ""type"": ""Point""
}","{
  ""coordinates"": [
    -83.033039318,
    42.334693469
  ],
  ""type"": ""Point""
}",-83.033039318,42.3346934690001
16857,1408828,S/B M-39,EIGHT MILE,2018-06-25,25,6,2018,17,2,5,3,,1,0,Concrete,1,1,1,55,3,3,3,5,0,0,0,0,true,false,false,false,false,false,false,false,false,false,false,false,false,false,true,false,false,false,false,false,false,false,-83.21986,42.44272,"{
  ""coordinates"": [
    -8.321985402153889e+01,
    4.244271708813980e+01
  ],
  ""type"": ""Point""
}","{
  ""coordinates"": [
    -83.219854022,
    42.442717088
  ],
  ""type"": ""Point""
}",-83.2198540219999,42.4427170880001
16858,1408827,I 94,LIVERNOIS,2018-06-25,25,6,2018,17,2,8,1,,1,0,Asphalt,1,1,1,55,3,2,2,5,0,0,0,0,true,false,false,false,false,false,false,false,false,false,false,false,false,false,false,true,false,false,false,false,false,false,-83.11708,42.34163,"{
  ""coordinates"": [
    -8.311708044416579e+01,
    4.234163318198460e+01
  ],
  ""type"": ""Point""
}","{
  ""coordinates"": [
    -83.117080444,
    42.341633182
  ],
  ""type"": ""Point""
}",-83.117080444,42.3416331820001
16859,1408877,MICHIGAN,OGDEN,2018-06-25,25,6,2018,20,2,8,2,,1,0,Asphalt,1,1,1,35,3,2,2,5,0,0,0,0,true,false,false,false,false,false,false,false,false,false,false,false,false,false,false,false,false,false,false,false,false,false,-83.14657,42.33014,"{
  ""coordinates"": [
    -8.314656773520240e+01,
    4.233013676816230e+01
  ],
  ""type"": ""Point""
}","{
  ""coordinates"": [
    -83.146567735,
    42.330136768
  ],
  ""type"": ""Point""
}",-83.146567735,42.330136768
16860,1421204,HARPER,ANNSBURY,2018-06-25,25,6,2018,19,2,8,9,,4,0,Asphalt,1,1,1,30,4,2,2,5,0,0,0,0,true,false,false,false,false,false,false,false,false,false,false,false,false,false,false,false,false,false,false,false,false,false,-82.97887,42.40046,"{
  ""coordinates"": [
    -8.297887365615180e+01,
    4.240045589900100e+01
  ],
  ""type"": ""Point""
}","{
  ""coordinates"": [
    -82.978873656,
    42.400455899
  ],
  ""type"": ""Point""
}",-82.978873656,42.4004558990001
16861,1408907,7 MILE,RYAN,2018-06-25,25,6,2018,17,2,8,9,,4,0,Asphalt,1,1,1,35,4,4,4,5,0,0,0,0,true,false,false,false,true,true,false,false,false,false,true,false,false,false,false,false,false,false,false,false,false,false,-83.06316,42.43313,"{
  ""coordinates"": [
    -8.306316464048879e+01,
    4.243312826996420e+01
  ],
  ""type"": ""Point""
}","{
  ""coordinates"": [
    -83.06316464,
    42.43312827
  ],
  ""type"": ""Point""
}",-83.06316464,42.4331282700001
16862,1428078,DEAN,OUTER,2018-06-25,25,6,2018,12,2,4,9,,,3,,1,1,1,25,1,2,0,5,0,0,0,0,true,false,false,false,true,false,false,false,false,false,false,false,false,false,false,false,false,false,false,false,false,false,-83.06254,42.44077,"{
  ""coordinates"": [
    -8.306253436266340e+01,
    4.244076428387540e+01
  ],
  ""type"": ""Point""
}","{
  ""coordinates"": [
    -83.062534363,
    42.440764284
  ],
  ""type"": ""Point""
}",-83.0625343629999,42.4407642840001
16863,1410534,GRAND,JEFFERSON,2018-06-25,25,6,2018,9,2,97,3,,1,0,Concrete,1,1,1,25,4,2,3,5,0,0,0,0,true,false,false,false,false,false,false,false,false,false,false,false,false,true,false,false,false,false,false,false,false,false,-83.06556,42.3391,"{
  ""coordinates"": [
    -8.306555596813929e+01,
    4.233909663833060e+01
  ],
  ""type"": ""Point""
}","{
  ""coordinates"": [
    -83.065555968,
    42.339096638
  ],
  ""type"": ""Point""
}",-83.065555968,42.3390966380001
16864,1408906,MOUND,DAVISON,2018-06-25,25,6,2018,17,2,5,9,,2,0,Asphalt,1,1,1,35,4,2,2,5,0,0,0,0,true,false,false,false,false,false,false,false,false,false,false,false,false,false,false,false,false,false,false,false,false,false,-83.04273,42.42263,"{
  ""coordinates"": [
    -8.304272941886050e+01,
    4.242263358968820e+01
  ],
  ""type"": ""Point""
}","{
  ""coordinates"": [
    -83.042729419,
    42.42263359
  ],
  ""type"": ""Point""
}",-83.042729419,42.42263359
16865,1408853,W I 94,RAMP 216F,2018-06-25,25,6,2018,13,2,8,1,,1,0,Concrete,1,1,1,25,1,2,2,5,0,0,0,0,true,false,false,false,true,false,false,false,false,false,false,false,false,false,false,false,false,false,false,false,false,false,-83.05863,42.3683,"{
  ""coordinates"": [
    -8.305863347269820e+01,
    4.236829749020970e+01
  ],
  ""type"": ""Point""
}","{
  ""coordinates"": [
    -83.058633473,
    42.36829749
  ],
  ""type"": ""Point""
}",-83.058633473,42.36829749
16866,1408849,TYLER,SCHAEFER,2018-06-25,25,6,2018,16,2,1,9,,,0,,1,1,1,25,1,1,2,5,0,0,0,0,true,false,false,false,false,false,false,false,false,false,false,false,false,false,false,false,true,false,false,false,false,false,-83.17877,42.38428,"{
  ""coordinates"": [
    -8.317877221671230e+01,
    4.238428441798140e+01
  ],
  ""type"": ""Point""
}","{
  ""coordinates"": [
    -83.178772217,
    42.384284418
  ],
  ""type"": ""Point""
}",-83.178772217,42.384284418
16867,1408912,WINCHESTER,CAMERON,2018-06-25,25,6,2018,15,2,5,1,,,0,,1,1,1,25,4,2,2,5,0,0,0,0,true,false,false,false,true,false,false,false,false,false,false,false,false,false,false,false,false,false,false,false,false,false,-83.09397,42.44474,"{
  ""coordinates"": [
    -8.309396998295951e+01,
    4.244474082289620e+01
  ],
  ""type"": ""Point""
}","{
  ""coordinates"": [
    -83.093969983,
    42.444740823
  ],
  ""type"": ""Point""
}",-83.093969983,42.4447408230001
16868,1408908,LYNCH,VAN DYKE,2018-06-25,25,6,2018,16,2,8,3,,4,0,Asphalt,1,1,1,35,2,2,2,5,0,0,0,0,true,false,false,false,false,false,false,false,false,false,false,false,false,false,false,false,false,false,false,false,false,false,-83.02324,42.40499,"{
  ""coordinates"": [
    -8.302324103425541e+01,
    4.240499542692360e+01
  ],
  ""type"": ""Point""
}","{
  ""coordinates"": [
    -83.023241034,
    42.404995427
  ],
  ""type"": ""Point""
}",-83.023241034,42.4049954270001
16869,1410606,RAMP 029A,N I 75,2018-06-25,25,6,2018,18,2,5,1,,1,0,Concrete,1,1,1,25,2,2,2,5,0,0,0,0,true,false,false,false,false,false,false,false,false,false,false,false,false,false,true,false,false,false,false,false,false,false,-83.15833,42.27629,"{
  ""coordinates"": [
    -8.315833367800209e+01,
    4.227629188101370e+01
  ],
  ""type"": ""Point""
}","{
  ""coordinates"": [
    -83.158333678,
    42.276291881
  ],
  ""type"": ""Point""
}",-83.158333678,42.2762918810001
16870,1408856,TRUMBULL,SELDEN,2018-06-25,25,6,2018,23,2,1,9,,4,0,Asphalt,1,1,4,,2,2,3,5,0,0,0,0,true,false,false,false,false,false,false,false,false,false,false,false,false,false,false,false,false,false,false,false,true,false,-83.07431,42.3444,"{
  ""coordinates"": [
    -8.307431398151250e+01,
    4.234440370764000e+01
  ],
  ""type"": ""Point""
}","{
  ""coordinates"": [
    -83.074313982,
    42.344403708
  ],
  ""type"": ""Point""
}",-83.074313982,42.3444037080001
16871,1408873,SPRINGWELLS,CHAMBERLAIN,2018-06-25,25,6,2018,19,2,5,9,,4,0,Asphalt,1,1,1,25,2,2,1,5,0,0,0,0,true,false,false,false,true,false,false,false,false,false,false,false,false,false,false,false,false,false,false,false,false,false,-83.12193,42.30416,"{
  ""coordinates"": [
    -8.312192501787921e+01,
    4.230416544618450e+01
  ],
  ""type"": ""Point""
}","{
  ""coordinates"": [
    -83.121925018,
    42.304165446
  ],
  ""type"": ""Point""
}",-83.121925018,42.3041654460001