ObjectId,Crash ID,Primary Road,Intersecting Road,Crash Date,Day,Month,Year,Hour,Weekday,Crash Type Code,Highway Classification Code,Community Code,Jurisdiction Code,Lane Departure Type Code,Surface Type,Road Condition,Weather Condition,Lighting Condition,Speed Limit,Lanes,Units,Occupants,Most Severe Injury,Fatal Injuries,Suspected Serious Injuries,Suspected Minor Injuries,Possible Injuries,Property Damage Only,Secondary Crash,Traffic Control,Red Light Run,Hit and Run,Alcohol,Drugs,Unbelted Person,Work Zone,Speeding Driver,Distracted Driver,Driveway,Pedestrian,Elderly Driver,Young Driver,Commercial Vehicle,Emergency Vehicles,Train,School Bus,Motorcycle,Bicycle,Deer,Longitude,Latitude,geom,geog,x,y
16926,1408903,GRAND,LODGE SERVICE,2018-06-25,25,6,2018,8,2,4,9,,4,0,Asphalt,1,1,1,30,3,2,0,5,0,0,0,0,true,false,false,false,true,false,false,false,false,false,false,false,false,false,false,false,false,false,false,false,false,false,-83.06774,42.34331,"{
  ""coordinates"": [
    -8.306774089177389e+01,
    4.234331089061210e+01
  ],
  ""type"": ""Point""
}","{
  ""coordinates"": [
    -83.067740892,
    42.343310891
  ],
  ""type"": ""Point""
}",-83.067740892,42.343310891
16927,1418321,I-75,MACK,2018-06-25,25,6,2018,23,2,5,1,,1,0,Concrete,1,1,4,55,3,2,2,5,0,0,0,0,true,false,false,false,false,false,false,false,false,false,false,false,false,false,false,false,false,false,false,false,false,false,-83.04824,42.35183,"{
  ""coordinates"": [
    -8.304823836741279e+01,
    4.235182956010380e+01
  ],
  ""type"": ""Point""
}","{
  ""coordinates"": [
    -83.048238367,
    42.35182956
  ],
  ""type"": ""Point""
}",-83.048238367,42.3518295600001
16928,1408836,I 96,GRAND,2018-06-25,25,6,2018,15,2,5,1,,1,0,Asphalt,1,2,1,70,4,3,2,3,0,0,1,1,false,false,false,false,true,false,false,false,false,false,false,false,false,false,true,false,false,false,false,false,false,false,-83.10885,42.3552,"{
  ""coordinates"": [
    -8.310884897733570e+01,
    4.235519699576880e+01
  ],
  ""type"": ""Point""
}","{
  ""coordinates"": [
    -83.108848977,
    42.355196996
  ],
  ""type"": ""Point""
}",-83.108848977,42.3551969960001
16929,1426213,WASHINGTON,LARNED,2018-06-24,24,6,2018,16,1,4,9,,4,0,Asphalt,1,1,1,25,3,2,2,5,0,0,0,0,true,false,false,false,false,false,false,false,false,false,false,false,false,false,false,false,false,false,false,false,false,false,-83.04861,42.328,"{
  ""coordinates"": [
    -8.304861501811610e+01,
    4.232800037110930e+01
  ],
  ""type"": ""Point""
}","{
  ""coordinates"": [
    -83.048615018,
    42.328000371
  ],
  ""type"": ""Point""
}",-83.048615018,42.328000371
16930,1408823,I 94,CONNER,2018-06-24,24,6,2018,17,1,1,1,,1,1,Asphalt,1,2,1,55,3,1,1,5,0,0,0,0,true,false,false,false,false,false,false,false,false,false,false,false,false,false,false,false,false,false,false,false,false,false,-82.98612,42.39753,"{
  ""coordinates"": [
    -8.298612358196480e+01,
    4.239752523346820e+01
  ],
  ""type"": ""Point""
}","{
  ""coordinates"": [
    -82.986123582,
    42.397525233
  ],
  ""type"": ""Point""
}",-82.9861235819999,42.3975252330001
16931,1407859,STATE FAIR,HAYES,2018-06-24,24,6,2018,4,1,4,9,,4,0,Asphalt,1,1,4,30,4,2,5,4,0,0,0,1,false,true,true,true,false,false,false,false,false,false,false,false,false,false,true,false,false,false,false,false,false,false,-82.96575,42.44268,"{
  ""coordinates"": [
    -8.296575521621720e+01,
    4.244267691315870e+01
  ],
  ""type"": ""Point""
}","{
  ""coordinates"": [
    -82.965755216,
    42.442676913
  ],
  ""type"": ""Point""
}",-82.9657552159999,42.4426769130001
16932,1408869,MICHIGAN,CLARK,2018-06-24,24,6,2018,22,1,4,2,,1,0,Asphalt,1,1,4,35,4,2,2,4,0,0,0,2,false,false,true,true,false,false,false,false,false,false,false,false,false,false,false,false,false,false,false,false,false,false,-83.10239,42.33114,"{
  ""coordinates"": [
    -8.310239431012749e+01,
    4.233113839262690e+01
  ],
  ""type"": ""Point""
}","{
  ""coordinates"": [
    -83.10239431,
    42.331138393
  ],
  ""type"": ""Point""
}",-83.10239431,42.3311383930001
16933,1408826,S/B I-75,RAMP 216J,2018-06-24,24,6,2018,17,1,5,1,,1,0,Concrete,1,1,1,55,4,2,4,4,0,0,0,1,false,false,false,false,false,false,false,false,false,false,false,false,false,false,false,false,false,false,false,false,false,false,-83.05909,42.3704,"{
  ""coordinates"": [
    -8.305908742058180e+01,
    4.237040143376270e+01
  ],
  ""type"": ""Point""
}","{
  ""coordinates"": [
    -83.059087421,
    42.370401434
  ],
  ""type"": ""Point""
}",-83.059087421,42.370401434
16934,1409719,DEACON,SCHAEFER,2018-06-24,24,6,2018,3,1,98,9,,,3,,1,1,4,25,1,2,0,5,0,0,0,0,true,false,false,false,true,false,false,true,false,false,false,false,false,false,false,false,false,false,false,false,false,false,-83.14664,42.27553,"{
  ""coordinates"": [
    -8.314664756360931e+01,
    4.227553208490840e+01
  ],
  ""type"": ""Point""
}","{
  ""coordinates"": [
    -83.146647564,
    42.275532085
  ],
  ""type"": ""Point""
}",-83.146647564,42.2755320850001
16935,1428880,LAHSER,GRAND RIVER,2018-06-24,24,6,2018,22,1,97,3,,2,0,Asphalt,1,1,4,35,4,2,1,4,0,0,0,1,false,false,false,false,true,false,false,false,false,false,false,false,false,false,false,false,false,false,false,false,false,false,-83.25764,42.41649,"{
  ""coordinates"": [
    -8.325764318138560e+01,
    4.241648904942730e+01
  ],
  ""type"": ""Point""
}","{
  ""coordinates"": [
    -83.257643181,
    42.416489049
  ],
  ""type"": ""Point""
}",-83.2576431809999,42.4164890490001
16936,1408868,MICHIGAN,CLIPPERT,2018-06-24,24,6,2018,1,1,5,2,,1,0,Asphalt,2,4,4,35,5,2,3,2,0,1,0,0,false,false,false,false,true,false,false,false,false,false,false,false,false,false,false,true,false,false,false,false,false,false,-83.12492,42.33113,"{
  ""coordinates"": [
    -8.312491632394890e+01,
    4.233112919686400e+01
  ],
  ""type"": ""Point""
}","{
  ""coordinates"": [
    -83.124916324,
    42.331129197
  ],
  ""type"": ""Point""
}",-83.124916324,42.3311291970001
16937,1407846,WESTWOOD,SCHOOLCRAFT,2018-06-24,24,6,2018,1,1,1,9,,,0,,1,1,4,,4,2,0,2,0,1,0,0,false,false,false,false,true,false,false,false,false,false,false,false,true,false,false,false,false,false,false,false,false,false,-83.23201,42.38649,"{
  ""coordinates"": [
    -8.323201267263350e+01,
    4.238649241110360e+01
  ],
  ""type"": ""Point""
}","{
  ""coordinates"": [
    -83.232012673,
    42.386492411
  ],
  ""type"": ""Point""
}",-83.232012673,42.3864924110001
16938,1552470,LARKINS,MICHIGAN,2018-06-24,24,6,2018,12,1,8,2,,,3,,1,1,4,35,2,2,0,5,0,0,0,0,true,false,false,false,true,false,false,false,false,false,false,false,false,false,false,false,false,false,false,false,false,false,-83.13073,42.33104,"{
  ""coordinates"": [
    -8.313072715249180e+01,
    4.233104354626400e+01
  ],
  ""type"": ""Point""
}","{
  ""coordinates"": [
    -83.130727152,
    42.331043546
  ],
  ""type"": ""Point""
}",-83.130727152,42.331043546
16939,1511569,CHICAGO,GRAND RIVER,2018-06-24,24,6,2018,15,1,9,3,,,2,,1,1,1,25,1,2,1,5,0,0,0,0,true,false,false,false,true,false,false,true,false,false,false,false,false,false,false,false,false,false,false,false,false,false,-83.13437,42.36667,"{
  ""coordinates"": [
    -8.313436949832860e+01,
    4.236666870662250e+01
  ],
  ""type"": ""Point""
}","{
  ""coordinates"": [
    -83.134369498,
    42.366668707
  ],
  ""type"": ""Point""
}",-83.134369498,42.366668707
16940,1410579,WARREN,S M 39,2018-06-24,24,6,2018,8,1,6,9,,2,0,Asphalt,1,1,1,30,5,2,1,5,0,0,0,0,true,false,false,false,true,false,false,false,false,false,false,false,false,true,false,false,false,false,false,false,false,false,-83.21627,42.34336,"{
  ""coordinates"": [
    -8.321626956232140e+01,
    4.234336562639980e+01
  ],
  ""type"": ""Point""
}","{
  ""coordinates"": [
    -83.216269562,
    42.343365626
  ],
  ""type"": ""Point""
}",-83.216269562,42.343365626
16941,1408875,BELLE,NORMAN,2018-06-24,24,6,2018,22,1,9,9,,,0,,98,98,98,,2,2,2,5,0,0,0,0,true,false,false,false,false,false,false,false,false,false,false,false,false,false,false,false,false,false,false,false,false,false,-83.13213,42.31451,"{
  ""coordinates"": [
    -8.313212854530499e+01,
    4.231450671010620e+01
  ],
  ""type"": ""Point""
}","{
  ""coordinates"": [
    -83.132128545,
    42.31450671
  ],
  ""type"": ""Point""
}",-83.1321285449999,42.31450671
16942,1406829,SPRINGWELLS,VERNOR,2018-06-24,24,6,2018,2,1,98,9,,4,0,Asphalt,2,4,4,35,4,1,0,5,0,0,0,0,true,false,false,false,true,false,false,false,false,false,false,false,false,false,false,false,false,false,false,false,false,false,-83.12721,42.31144,"{
  ""coordinates"": [
    -8.312720981988730e+01,
    4.231144044512960e+01
  ],
  ""type"": ""Point""
}","{
  ""coordinates"": [
    -83.12720982,
    42.311440445
  ],
  ""type"": ""Point""
}",-83.12720982,42.3114404450001
16943,1408897,MELDRUM,GRATIOT,2018-06-24,24,6,2018,23,1,8,3,,,0,,1,1,4,25,2,2,0,5,0,0,0,0,true,false,false,false,true,false,false,false,false,false,false,true,false,false,false,false,false,false,false,false,false,false,-83.02329,42.36621,"{
  ""coordinates"": [
    -8.302329061406270e+01,
    4.236620801536070e+01
  ],
  ""type"": ""Point""
}","{
  ""coordinates"": [
    -83.023290614,
    42.366208015
  ],
  ""type"": ""Point""
}",-83.023290614,42.366208015
16944,1408816,M 10,MEYERS,2018-06-24,24,6,2018,16,1,1,3,,1,1,Concrete,1,1,1,55,3,1,3,3,0,0,1,0,false,false,false,false,false,false,false,false,false,true,false,false,false,false,false,false,false,false,false,false,false,false,-83.16539,42.40985,"{
  ""coordinates"": [
    -8.316539240337030e+01,
    4.240984949306560e+01
  ],
  ""type"": ""Point""
}","{
  ""coordinates"": [
    -83.165392403,
    42.409849493
  ],
  ""type"": ""Point""
}",-83.1653924029999,42.4098494930001
16945,1407842,TERRY,MACKENZIE,2018-06-24,24,6,2018,22,1,4,9,,,3,,1,1,4,25,2,2,2,5,0,0,0,0,true,false,false,false,true,false,false,false,false,false,false,false,false,false,false,false,false,false,false,false,false,false,-83.19046,42.35498,"{
  ""coordinates"": [
    -8.319046065321329e+01,
    4.235497971356860e+01
  ],
  ""type"": ""Point""
}","{
  ""coordinates"": [
    -83.190460653,
    42.354979714
  ],
  ""type"": ""Point""
}",-83.1904606529999,42.3549797140001
16946,1408898,CADIEUX,LANARK,2018-06-24,24,6,2018,16,1,8,9,,4,0,Asphalt,1,1,1,30,2,2,3,5,0,0,0,0,true,false,false,false,false,false,false,false,false,false,false,false,false,false,true,false,false,false,false,false,false,false,-82.93815,42.41874,"{
  ""coordinates"": [
    -8.293815135337840e+01,
    4.241873578071480e+01
  ],
  ""type"": ""Point""
}","{
  ""coordinates"": [
    -82.938151353,
    42.418735781
  ],
  ""type"": ""Point""
}",-82.938151353,42.4187357810001
16947,1407877,SEVEN MILE,MOENART,2018-06-24,24,6,2018,10,1,5,9,,4,0,Asphalt,2,2,1,30,2,2,3,3,0,0,1,0,false,false,false,false,false,false,false,false,false,true,false,false,false,false,false,false,false,false,false,false,false,false,-83.05004,42.43341,"{
  ""coordinates"": [
    -8.305004364010340e+01,
    4.243341597274700e+01
  ],
  ""type"": ""Point""
}","{
  ""coordinates"": [
    -83.05004364,
    42.433415973
  ],
  ""type"": ""Point""
}",-83.05004364,42.4334159730001
16948,1409726,N I 75,GRAND,2018-06-24,24,6,2018,16,1,6,1,,1,0,Asphalt,2,4,2,35,2,2,3,5,0,0,0,0,true,false,false,false,false,false,false,false,false,false,false,false,false,false,false,false,false,false,false,false,false,false,-83.08503,42.31583,"{
  ""coordinates"": [
    -8.308503083277530e+01,
    4.231583450508750e+01
  ],
  ""type"": ""Point""
}","{
  ""coordinates"": [
    -83.085030833,
    42.315834505
  ],
  ""type"": ""Point""
}",-83.085030833,42.3158345050001
16949,1410545,I-75,DAVISON,2018-06-24,24,6,2018,7,1,8,1,,1,0,Asphalt,2,4,1,70,4,2,1,5,0,0,0,0,true,false,false,false,true,false,false,false,false,false,false,false,false,false,false,true,false,false,false,false,false,false,-83.07935,42.40842,"{
  ""coordinates"": [
    -8.307935163798760e+01,
    4.240842470886660e+01
  ],
  ""type"": ""Point""
}","{
  ""coordinates"": [
    -83.079351638,
    42.408424709
  ],
  ""type"": ""Point""
}",-83.0793516379999,42.408424709
16950,1408892,WESTBROOK,KEELER,2018-06-24,24,6,2018,11,1,5,9,,,0,,1,1,4,15,1,2,4,5,0,0,0,0,true,false,false,false,true,false,false,false,false,true,false,false,false,false,false,false,false,false,false,false,false,false,-83.25047,42.40205,"{
  ""coordinates"": [
    -8.325046264658600e+01,
    4.240204741401080e+01
  ],
  ""type"": ""Point""
}","{
  ""coordinates"": [
    -83.250462647,
    42.402047414
  ],
  ""type"": ""Point""
}",-83.2504626469999,42.402047414
16951,1407879,LIVERNOIS,7 MILE,2018-06-24,24,6,2018,19,1,5,9,,4,0,Asphalt,1,1,1,30,4,2,3,5,0,0,0,0,true,false,false,false,false,false,false,false,false,false,false,false,false,false,false,false,false,false,false,false,false,false,-83.14158,42.43158,"{
  ""coordinates"": [
    -8.314157582292350e+01,
    4.243157639747290e+01
  ],
  ""type"": ""Point""
}","{
  ""coordinates"": [
    -83.141575823,
    42.431576397
  ],
  ""type"": ""Point""
}",-83.141575823,42.4315763970001
16952,1407874,GALLAGHER,GRIXDALE,2018-06-24,24,6,2018,21,1,4,9,,,0,,1,1,3,25,2,2,5,4,0,0,0,1,false,false,true,false,false,false,false,false,false,false,true,false,false,false,false,false,false,false,false,false,false,false,-83.06968,42.42847,"{
  ""coordinates"": [
    -8.306967742748751e+01,
    4.242847249366150e+01
  ],
  ""type"": ""Point""
}","{
  ""coordinates"": [
    -83.069677427,
    42.428472494
  ],
  ""type"": ""Point""
}",-83.069677427,42.4284724940001
16953,1428827,GREENFIELD,CHICAGO,2018-06-24,24,6,2018,19,1,3,9,,2,0,Asphalt,1,1,1,35,4,2,2,5,0,0,0,0,true,false,false,false,false,false,false,false,false,false,false,false,false,false,false,false,false,false,false,false,false,false,-83.19729,42.36536,"{
  ""coordinates"": [
    -8.319728581148340e+01,
    4.236536517259120e+01
  ],
  ""type"": ""Point""
}","{
  ""coordinates"": [
    -83.197285811,
    42.365365173
  ],
  ""type"": ""Point""
}",-83.197285811,42.365365173
16954,1410578,MOROSS,W I 94,2018-06-24,24,6,2018,20,1,8,9,,2,0,Concrete,98,98,1,35,6,2,2,5,0,0,0,0,true,false,false,false,false,false,false,false,false,false,false,false,false,false,false,false,false,false,false,false,false,false,-82.92885,42.42443,"{
  ""coordinates"": [
    -8.292884518602770e+01,
    4.242443243487120e+01
  ],
  ""type"": ""Point""
}","{
  ""coordinates"": [
    -82.928845186,
    42.424432435
  ],
  ""type"": ""Point""
}",-82.928845186,42.424432435
16955,1408874,CASPER,KIRKWOOD,2018-06-24,24,6,2018,2,1,2,9,,,2,,2,2,4,25,2,3,2,4,0,0,0,1,false,false,false,false,false,false,false,false,false,false,false,false,false,false,false,false,false,false,false,false,false,false,-83.14422,42.33877,"{
  ""coordinates"": [
    -8.314421673836149e+01,
    4.233877191449760e+01
  ],
  ""type"": ""Point""
}","{
  ""coordinates"": [
    -83.144216738,
    42.338771914
  ],
  ""type"": ""Point""
}",-83.144216738,42.3387719140001
16956,1407125,OUTER,N M 39,2018-06-24,24,6,2018,11,1,8,9,,2,0,Concrete,1,1,1,40,3,2,2,2,0,1,0,0,false,false,false,false,true,false,false,false,false,false,false,false,false,false,false,false,false,false,false,false,false,false,-83.21889,42.41907,"{
  ""coordinates"": [
    -8.321889110454350e+01,
    4.241907182342910e+01
  ],
  ""type"": ""Point""
}","{
  ""coordinates"": [
    -83.218891105,
    42.419071823
  ],
  ""type"": ""Point""
}",-83.218891105,42.419071823
16957,1407822,MCNICHOLS,LESURE,2018-06-24,24,6,2018,8,1,5,9,,2,0,Asphalt,1,1,1,35,4,3,3,5,0,0,0,0,true,false,false,false,false,false,false,false,false,false,false,false,false,false,false,false,false,false,false,false,false,false,-83.18217,42.41656,"{
  ""coordinates"": [
    -8.318217703049091e+01,
    4.241656454403000e+01
  ],
  ""type"": ""Point""
}","{
  ""coordinates"": [
    -83.18217703,
    42.416564544
  ],
  ""type"": ""Point""
}",-83.1821770299999,42.416564544
16958,1407841,WARWICK,TIREMAN,2018-06-24,24,6,2018,2,1,2,9,,,2,,2,2,4,25,2,2,2,4,0,0,0,1,false,false,false,false,false,false,false,false,false,false,false,false,false,false,true,false,false,false,false,false,false,false,-83.2271,42.34908,"{
  ""coordinates"": [
    -8.322710531201260e+01,
    4.234907825042110e+01
  ],
  ""type"": ""Point""
}","{
  ""coordinates"": [
    -83.227105312,
    42.34907825
  ],
  ""type"": ""Point""
}",-83.2271053119999,42.34907825
16959,1407828,6TH,LAFAYETTE,2018-06-24,24,6,2018,16,1,4,9,,4,0,Asphalt,1,2,1,25,2,2,3,4,0,0,0,3,false,false,true,false,false,false,false,false,false,false,false,false,false,true,false,false,false,false,false,false,false,false,-83.0586,42.32706,"{
  ""coordinates"": [
    -8.305860478458150e+01,
    4.232706372292600e+01
  ],
  ""type"": ""Point""
}","{
  ""coordinates"": [
    -83.058604785,
    42.327063723
  ],
  ""type"": ""Point""
}",-83.0586047849999,42.327063723
16960,1410594,PHILADELPHIA,LINWOOD,2018-06-24,24,6,2018,21,1,2,9,,,2,,1,1,3,25,2,2,2,4,0,0,0,1,false,false,false,false,false,false,false,false,false,false,false,false,false,false,false,false,false,false,false,false,false,false,-83.10489,42.36825,"{
  ""coordinates"": [
    -8.310489037257210e+01,
    4.236824888933810e+01
  ],
  ""type"": ""Point""
}","{
  ""coordinates"": [
    -83.104890373,
    42.368248889
  ],
  ""type"": ""Point""
}",-83.104890373,42.368248889
16961,1408822,I 94,SECOND,2018-06-24,24,6,2018,16,1,5,1,,1,0,Asphalt,2,2,1,55,3,3,6,5,0,0,0,0,true,false,false,false,false,false,false,false,false,false,false,false,false,false,true,false,false,false,false,false,false,false,-83.07345,42.3612,"{
  ""coordinates"": [
    -8.307344818023020e+01,
    4.236120150246370e+01
  ],
  ""type"": ""Point""
}","{
  ""coordinates"": [
    -83.07344818,
    42.361201502
  ],
  ""type"": ""Point""
}",-83.07344818,42.361201502
16962,1409727,MACK,MOUNT ELLIOTT,2018-06-24,24,6,2018,23,1,8,9,,4,0,Asphalt,1,1,4,30,2,2,3,5,0,0,0,0,true,false,false,false,true,false,false,false,false,false,false,false,false,false,false,false,false,false,false,false,false,false,-83.02161,42.36129,"{
  ""coordinates"": [
    -8.302161262158880e+01,
    4.236129143177910e+01
  ],
  ""type"": ""Point""
}","{
  ""coordinates"": [
    -83.021612622,
    42.361291432
  ],
  ""type"": ""Point""
}",-83.021612622,42.361291432
16963,1407866,VICKBURG,WILDEMERE,2018-06-24,24,6,2018,4,1,8,9,,,0,,98,98,4,,2,2,0,5,0,0,0,0,true,false,false,false,true,false,false,false,false,false,false,false,false,false,false,false,false,false,false,false,false,false,-83.10892,42.3638,"{
  ""coordinates"": [
    -8.310891677737840e+01,
    4.236379636327420e+01
  ],
  ""type"": ""Point""
}","{
  ""coordinates"": [
    -83.108916777,
    42.363796363
  ],
  ""type"": ""Point""
}",-83.108916777,42.3637963630001
16964,1414641,SOUTHFIELD,TROJAN,2018-06-24,24,6,2018,23,1,8,9,,4,0,Asphalt,1,1,4,25,2,2,1,5,0,0,0,0,true,false,false,false,true,false,false,false,false,false,false,false,false,false,false,false,false,false,false,false,false,false,-83.21947,42.44079,"{
  ""coordinates"": [
    -8.321946991954080e+01,
    4.244079363059330e+01
  ],
  ""type"": ""Point""
}","{
  ""coordinates"": [
    -83.21946992,
    42.440793631
  ],
  ""type"": ""Point""
}",-83.2194699199999,42.4407936310001
16965,1407855,TRINITY,SANTA CLARA,2018-06-24,24,6,2018,19,1,4,9,,,0,,1,1,1,25,2,2,4,5,0,0,0,0,true,false,false,false,true,false,false,false,false,false,false,false,false,false,true,false,false,false,false,false,false,false,-83.24921,42.41908,"{
  ""coordinates"": [
    -8.324920851612610e+01,
    4.241907366596270e+01
  ],
  ""type"": ""Point""
}","{
  ""coordinates"": [
    -83.249208516,
    42.419073666
  ],
  ""type"": ""Point""
}",-83.249208516,42.419073666
16966,1407833,CONWAY,FORT,2018-06-24,24,6,2018,1,1,98,3,,,0,,1,1,4,25,4,2,0,5,0,0,0,0,true,false,false,false,true,false,false,false,false,false,false,false,false,false,false,false,false,false,false,false,false,false,-83.16085,42.27,"{
  ""coordinates"": [
    -8.316085210198599e+01,
    4.226999749029840e+01
  ],
  ""type"": ""Point""
}","{
  ""coordinates"": [
    -83.160852102,
    42.26999749
  ],
  ""type"": ""Point""
}",-83.160852102,42.26999749
16967,1409723,CADILLAC,WARREN,2018-06-24,24,6,2018,20,1,4,9,,4,0,Asphalt,1,1,1,35,4,2,4,3,0,0,3,0,false,false,true,true,false,false,false,false,false,false,false,false,false,false,false,false,false,false,false,false,false,false,-82.9968,42.38233,"{
  ""coordinates"": [
    -8.299679480433841e+01,
    4.238232656629890e+01
  ],
  ""type"": ""Point""
}","{
  ""coordinates"": [
    -82.996794804,
    42.382326566
  ],
  ""type"": ""Point""
}",-82.996794804,42.3823265660001
16968,1408842,CADILLAC,BATES,2018-06-24,24,6,2018,15,1,8,9,,4,0,Asphalt,1,1,1,25,2,2,0,5,0,0,0,0,true,false,false,false,true,false,false,false,false,false,false,false,false,false,false,false,false,false,false,false,false,false,-83.04436,42.33171,"{
  ""coordinates"": [
    -8.304436396744489e+01,
    4.233171474152850e+01
  ],
  ""type"": ""Point""
}","{
  ""coordinates"": [
    -83.044363967,
    42.331714742
  ],
  ""type"": ""Point""
}",-83.044363967,42.331714742
16969,1407882,MARK TWAIN,VASSAR,2018-06-24,24,6,2018,0,1,4,9,,,0,,1,1,4,25,2,2,3,4,0,0,0,2,false,false,false,false,true,false,false,false,false,false,false,false,false,false,false,false,false,false,false,false,false,false,-83.18775,42.43436,"{
  ""coordinates"": [
    -8.318775233492779e+01,
    4.243436232254640e+01
  ],
  ""type"": ""Point""
}","{
  ""coordinates"": [
    -83.187752335,
    42.434362323
  ],
  ""type"": ""Point""
}",-83.187752335,42.4343623230001
16970,1421512,GREENFIELD,TIREMAN,2018-06-24,24,6,2018,21,1,5,9,,2,0,Asphalt,1,1,1,45,4,2,1,5,0,0,0,0,true,false,false,false,false,false,false,false,false,false,false,false,false,false,false,false,false,false,false,false,false,false,-83.19661,42.35086,"{
  ""coordinates"": [
    -8.319660697554821e+01,
    4.235085557112810e+01
  ],
  ""type"": ""Point""
}","{
  ""coordinates"": [
    -83.196606976,
    42.350855571
  ],
  ""type"": ""Point""
}",-83.1966069759999,42.3508555710001
16971,1408866,MICHIGAN,CICOTTE,2018-06-24,24,6,2018,0,1,8,2,,1,0,Asphalt,2,2,4,35,5,2,2,4,0,0,0,2,false,true,false,false,true,false,false,false,false,false,false,false,false,false,true,false,false,false,false,false,false,false,-83.1229,42.33112,"{
  ""coordinates"": [
    -8.312290463899870e+01,
    4.233112331477220e+01
  ],
  ""type"": ""Point""
}","{
  ""coordinates"": [
    -83.122904639,
    42.331123315
  ],
  ""type"": ""Point""
}",-83.122904639,42.3311233150001
16972,1418393,MORANG,7 MILE,2018-06-24,24,6,2018,0,1,5,9,,4,0,Asphalt,98,98,4,35,2,2,2,5,0,0,0,0,true,false,false,false,false,false,false,false,false,false,false,false,false,false,false,false,false,false,false,false,false,false,-82.96201,42.4355,"{
  ""coordinates"": [
    -8.296201547893340e+01,
    4.243549687524650e+01
  ],
  ""type"": ""Point""
}","{
  ""coordinates"": [
    -82.962015479,
    42.435496875
  ],
  ""type"": ""Point""
}",-82.9620154789999,42.4354968750001
16973,1408848,GRAND RIVER,MEYERS,2018-06-24,24,6,2018,0,1,4,3,,1,0,Concrete,1,1,4,35,5,2,2,1,1,0,0,0,false,false,true,true,false,true,true,false,false,false,false,false,false,false,false,false,false,false,false,true,false,false,-83.16846,42.38059,"{
  ""coordinates"": [
    -8.316845661708390e+01,
    4.238059269453430e+01
  ],
  ""type"": ""Point""
}","{
  ""coordinates"": [
    -83.168456617,
    42.380592695
  ],
  ""type"": ""Point""
}",-83.1684566169999,42.3805926950001
16974,1418311,M-10,WYOMING,2018-06-24,24,6,2018,3,1,1,3,,1,1,Concrete,1,1,4,55,3,1,1,2,0,1,0,0,false,false,false,false,false,false,false,false,false,true,false,false,false,false,false,false,false,false,false,true,false,false,-83.16014,42.40528,"{
  ""coordinates"": [
    -8.316014409586460e+01,
    4.240528218752540e+01
  ],
  ""type"": ""Point""
}","{
  ""coordinates"": [
    -83.160144096,
    42.405282188
  ],
  ""type"": ""Point""
}",-83.160144096,42.4052821880001
16975,1407830,EDSEL FORD,JOHN R,2018-06-24,24,6,2018,14,1,8,1,,1,0,Asphalt,1,1,1,,4,2,2,5,0,0,0,0,true,false,false,false,true,false,false,false,false,false,false,false,false,false,false,false,false,false,false,false,false,false,-83.06693,42.36472,"{
  ""coordinates"": [
    -8.306692715754730e+01,
    4.236471779703100e+01
  ],
  ""type"": ""Point""
}","{
  ""coordinates"": [
    -83.066927158,
    42.364717797
  ],
  ""type"": ""Point""
}",-83.0669271579999,42.364717797
16976,1407869,MOUND,NEVEDA,2018-06-24,24,6,2018,0,1,5,9,,2,0,Asphalt,2,2,4,45,2,2,2,5,0,0,0,0,true,false,false,false,false,false,false,false,false,false,false,false,false,false,false,false,false,false,false,false,false,false,-83.04347,42.42614,"{
  ""coordinates"": [
    -8.304347409746130e+01,
    4.242613476151880e+01
  ],
  ""type"": ""Point""
}","{
  ""coordinates"": [
    -83.043474097,
    42.426134762
  ],
  ""type"": ""Point""
}",-83.0434740969999,42.4261347620001
16977,1407861,N M 10,JEFFERSON,2018-06-23,23,6,2018,15,7,8,3,,1,0,Concrete,1,1,1,55,3,2,4,5,0,0,0,0,true,false,false,false,true,false,false,false,false,false,false,false,false,false,false,false,false,false,false,false,false,false,-83.05057,42.32641,"{
  ""coordinates"": [
    -8.305056928493570e+01,
    4.232641303210720e+01
  ],
  ""type"": ""Point""
}","{
  ""coordinates"": [
    -83.050569285,
    42.326413032
  ],
  ""type"": ""Point""
}",-83.0505692849999,42.3264130320001
16978,1410436,I-96,GRAND,2018-06-23,23,6,2018,13,7,5,1,,1,0,Asphalt,2,2,1,70,4,2,2,4,0,0,0,1,false,false,false,false,false,false,false,false,false,false,true,false,false,false,false,false,false,false,false,false,false,false,-83.10978,42.35536,"{
  ""coordinates"": [
    -8.310977896274980e+01,
    4.235536308791650e+01
  ],
  ""type"": ""Point""
}","{
  ""coordinates"": [
    -83.109778963,
    42.355363088
  ],
  ""type"": ""Point""
}",-83.1097789629999,42.355363088
16979,1409708,I 75 SERVICE,DRAGOON,2018-06-23,23,6,2018,21,7,5,9,,4,0,Asphalt,2,2,3,45,3,2,3,5,0,0,0,0,true,false,false,false,false,false,false,false,false,false,false,false,false,false,false,false,true,false,false,false,false,false,-83.10262,42.30783,"{
  ""coordinates"": [
    -8.310262542380850e+01,
    4.230783408768580e+01
  ],
  ""type"": ""Point""
}","{
  ""coordinates"": [
    -83.102625424,
    42.307834088
  ],
  ""type"": ""Point""
}",-83.1026254239999,42.307834088
16980,1408820,M 10,GLENDALE,2018-06-23,23,6,2018,19,7,8,3,,1,0,Concrete,2,4,1,55,3,2,5,5,0,0,0,0,true,false,false,false,false,false,false,true,false,true,false,false,false,false,false,false,false,false,false,false,false,false,-83.10629,42.39362,"{
  ""coordinates"": [
    -8.310628311242630e+01,
    4.239361588914140e+01
  ],
  ""type"": ""Point""
}","{
  ""coordinates"": [
    -83.106283112,
    42.393615889
  ],
  ""type"": ""Point""
}",-83.106283112,42.393615889