ObjectId,Crash ID,Primary Road,Intersecting Road,Crash Date,Day,Month,Year,Hour,Weekday,Crash Type Code,Highway Classification Code,Community Code,Jurisdiction Code,Lane Departure Type Code,Surface Type,Road Condition,Weather Condition,Lighting Condition,Speed Limit,Lanes,Units,Occupants,Most Severe Injury,Fatal Injuries,Suspected Serious Injuries,Suspected Minor Injuries,Possible Injuries,Property Damage Only,Secondary Crash,Traffic Control,Red Light Run,Hit and Run,Alcohol,Drugs,Unbelted Person,Work Zone,Speeding Driver,Distracted Driver,Driveway,Pedestrian,Elderly Driver,Young Driver,Commercial Vehicle,Emergency Vehicles,Train,School Bus,Motorcycle,Bicycle,Deer,Longitude,Latitude,geom,geog,x,y
16981,1408840,S/B 375,LAFAYETTE,2018-06-23,23,6,2018,18,7,5,1,,1,0,Asphalt,2,4,1,55,3,2,5,5,0,0,0,0,true,false,false,false,false,false,false,true,false,false,false,false,false,false,false,false,false,false,false,false,false,false,-83.0388,42.33689,"{
  ""coordinates"": [
    -8.303879452373189e+01,
    4.233689680265560e+01
  ],
  ""type"": ""Point""
}","{
  ""coordinates"": [
    -83.038794524,
    42.336896803
  ],
  ""type"": ""Point""
}",-83.038794524,42.3368968030001
16982,1406826,CENTRAL,LAFAYETTE,2018-06-23,23,6,2018,18,7,4,9,,4,0,Asphalt,2,4,1,25,2,2,3,5,0,0,0,0,true,false,true,false,true,false,false,false,false,false,false,false,false,false,true,false,false,false,false,false,false,false,-83.11843,42.30384,"{
  ""coordinates"": [
    -8.311843431896030e+01,
    4.230384428810240e+01
  ],
  ""type"": ""Point""
}","{
  ""coordinates"": [
    -83.118434319,
    42.303844288
  ],
  ""type"": ""Point""
}",-83.118434319,42.3038442880001
16983,1407885,JEFFERSON,KING,2018-06-23,23,6,2018,12,7,1,3,,1,1,Concrete,8,4,1,35,2,1,1,5,0,0,0,0,true,false,false,false,false,false,false,false,false,true,false,false,false,false,false,false,false,false,false,false,false,false,-83.06824,42.34375,"{
  ""coordinates"": [
    -8.306824732373880e+01,
    4.234374757865880e+01
  ],
  ""type"": ""Point""
}","{
  ""coordinates"": [
    -83.068247324,
    42.343747579
  ],
  ""type"": ""Point""
}",-83.068247324,42.3437475790001
16984,1406847,GRATIOT,MOUNT ELLIOTT,2018-06-23,23,6,2018,1,7,4,3,,1,0,Asphalt,1,2,4,35,7,2,3,4,0,0,0,1,false,false,false,false,true,false,false,false,false,false,false,false,false,false,false,false,false,false,false,false,false,false,-83.02396,42.36484,"{
  ""coordinates"": [
    -8.302396228110530e+01,
    4.236483606619590e+01
  ],
  ""type"": ""Point""
}","{
  ""coordinates"": [
    -83.023962281,
    42.364836066
  ],
  ""type"": ""Point""
}",-83.023962281,42.3648360660001
16985,1406825,MICHIGAN,CLIPPERT,2018-06-23,23,6,2018,0,7,97,2,,1,0,Asphalt,1,1,4,35,7,2,1,3,0,0,1,0,false,false,false,false,false,false,false,false,false,false,false,false,true,false,false,false,false,false,false,false,false,false,-83.12513,42.33113,"{
  ""coordinates"": [
    -8.312513115012020e+01,
    4.233112859448370e+01
  ],
  ""type"": ""Point""
}","{
  ""coordinates"": [
    -83.12513115,
    42.331128594
  ],
  ""type"": ""Point""
}",-83.12513115,42.3311285940001
16986,1406875,E I 94,MOROSS,2018-06-23,23,6,2018,18,7,4,1,,1,0,Asphalt,2,4,3,35,3,2,2,5,0,0,0,0,true,false,true,true,false,false,false,false,false,false,false,false,false,false,false,false,false,false,false,false,false,false,-82.92854,42.42465,"{
  ""coordinates"": [
    -8.292853669823231e+01,
    4.242465125669080e+01
  ],
  ""type"": ""Point""
}","{
  ""coordinates"": [
    -82.928536698,
    42.424651257
  ],
  ""type"": ""Point""
}",-82.928536698,42.4246512570001
16987,1406828,JEFFERSON,REID,2018-06-23,23,6,2018,19,7,1,9,,4,1,Asphalt,2,4,1,35,2,1,1,4,0,0,0,1,false,false,false,false,false,false,false,false,false,true,false,false,false,false,false,false,false,false,false,false,false,false,-83.10093,42.29803,"{
  ""coordinates"": [
    -8.310093076087691e+01,
    4.229802840666490e+01
  ],
  ""type"": ""Point""
}","{
  ""coordinates"": [
    -83.100930761,
    42.298028407
  ],
  ""type"": ""Point""
}",-83.100930761,42.2980284070001
16988,1408871,MICHIGAN,JUNCTION,2018-06-23,23,6,2018,22,7,4,2,,1,0,Asphalt,2,2,4,35,5,2,1,5,0,0,0,0,true,false,false,false,true,false,false,false,false,false,false,false,false,true,false,false,false,false,false,false,false,false,-83.11111,42.33117,"{
  ""coordinates"": [
    -8.311110787717389e+01,
    4.233117271166110e+01
  ],
  ""type"": ""Point""
}","{
  ""coordinates"": [
    -83.111107877,
    42.331172712
  ],
  ""type"": ""Point""
}",-83.1111078769999,42.3311727120001
16989,1407824,I 94,OUTER,2018-06-23,23,6,2018,11,7,5,1,,1,0,Asphalt,1,1,1,55,3,2,2,5,0,0,0,0,true,false,false,false,false,false,false,false,false,false,false,false,false,false,false,false,false,false,false,false,false,false,-82.95928,42.40522,"{
  ""coordinates"": [
    -8.295928535777310e+01,
    4.240521962068830e+01
  ],
  ""type"": ""Point""
}","{
  ""coordinates"": [
    -82.959285358,
    42.405219621
  ],
  ""type"": ""Point""
}",-82.959285358,42.4052196210001
16990,1408792,M 10,DAVISON,2018-06-23,23,6,2018,15,7,1,3,,1,1,Concrete,2,2,1,55,1,1,2,5,0,0,0,0,true,false,false,false,false,false,false,false,false,false,false,false,false,false,false,false,false,false,false,false,false,false,-83.11195,42.39845,"{
  ""coordinates"": [
    -8.311194676753600e+01,
    4.239844479581310e+01
  ],
  ""type"": ""Point""
}","{
  ""coordinates"": [
    -83.111946768,
    42.398444796
  ],
  ""type"": ""Point""
}",-83.1119467679999,42.398444796
16991,1406820,FERRY,JOHN R,2018-06-23,23,6,2018,11,7,4,9,,4,0,Asphalt,2,4,1,30,5,2,3,5,0,0,0,0,true,false,true,false,false,false,false,false,false,false,false,false,false,false,false,false,false,false,false,false,false,false,-83.06495,42.36195,"{
  ""coordinates"": [
    -8.306494770298950e+01,
    4.236194743380990e+01
  ],
  ""type"": ""Point""
}","{
  ""coordinates"": [
    -83.064947703,
    42.361947434
  ],
  ""type"": ""Point""
}",-83.064947703,42.3619474340001
16992,1410468,N I 75,WARREN,2018-06-23,23,6,2018,13,7,5,1,,1,0,Asphalt,2,4,1,55,4,2,7,4,0,0,0,4,false,false,false,false,false,false,false,false,false,true,false,false,false,false,true,false,false,false,false,false,false,false,-83.05431,42.36092,"{
  ""coordinates"": [
    -8.305430485874111e+01,
    4.236092133296410e+01
  ],
  ""type"": ""Point""
}","{
  ""coordinates"": [
    -83.054304859,
    42.360921333
  ],
  ""type"": ""Point""
}",-83.054304859,42.3609213330001
16993,1406899,SCHAEFER,OUTER,2018-06-23,23,6,2018,10,7,4,9,,4,0,Asphalt,1,2,1,30,2,2,2,5,0,0,0,0,true,false,true,true,false,false,false,false,false,false,false,false,false,true,false,false,false,false,false,false,false,false,-83.17998,42.42014,"{
  ""coordinates"": [
    -8.317997404026291e+01,
    4.242014321436400e+01
  ],
  ""type"": ""Point""
}","{
  ""coordinates"": [
    -83.17997404,
    42.420143214
  ],
  ""type"": ""Point""
}",-83.17997404,42.4201432140001
16994,1408814,RAMP 008X,W I 96,2018-06-23,23,6,2018,20,7,1,1,,1,1,Concrete,8,2,3,70,1,1,1,5,0,0,0,0,true,false,false,false,false,false,false,false,false,true,false,false,false,false,false,false,false,false,false,false,false,false,-83.20808,42.37909,"{
  ""coordinates"": [
    -8.320807832581281e+01,
    4.237908632979750e+01
  ],
  ""type"": ""Point""
}","{
  ""coordinates"": [
    -83.208078326,
    42.37908633
  ],
  ""type"": ""Point""
}",-83.208078326,42.3790863300001
16995,1408811,I 94,LIVERNOIS,2018-06-23,23,6,2018,17,7,8,1,,1,0,Asphalt,2,4,1,55,3,2,6,5,0,0,0,0,true,false,false,false,false,false,false,false,false,true,false,false,false,false,false,false,false,false,false,false,false,false,-83.11696,42.34147,"{
  ""coordinates"": [
    -8.311695914444350e+01,
    4.234147350987730e+01
  ],
  ""type"": ""Point""
}","{
  ""coordinates"": [
    -83.116959144,
    42.34147351
  ],
  ""type"": ""Point""
}",-83.116959144,42.3414735100001
16996,1408808,M39,PLYMOUTH,2018-06-23,23,6,2018,20,7,1,3,,1,1,Asphalt,2,1,1,55,3,1,1,4,0,0,0,1,false,false,false,false,false,false,false,false,false,true,false,false,false,true,false,false,false,false,false,false,false,false,-83.21654,42.37102,"{
  ""coordinates"": [
    -8.321653416652011e+01,
    4.237102161066290e+01
  ],
  ""type"": ""Point""
}","{
  ""coordinates"": [
    -83.216534167,
    42.371021611
  ],
  ""type"": ""Point""
}",-83.216534167,42.3710216110001
16997,1408807,I 94,LIVERNOIS,2018-06-23,23,6,2018,20,7,1,1,,1,1,Asphalt,2,4,1,55,3,1,2,4,0,0,0,1,false,false,false,false,false,false,false,false,false,true,false,false,false,false,false,false,false,false,false,false,false,false,-83.1233,42.3381,"{
  ""coordinates"": [
    -8.312329694254510e+01,
    4.233809694220120e+01
  ],
  ""type"": ""Point""
}","{
  ""coordinates"": [
    -83.123296943,
    42.338096942
  ],
  ""type"": ""Point""
}",-83.123296943,42.338096942
16998,1407870,DWYER,EMERY,2018-06-23,23,6,2018,11,7,9,9,,,2,,2,1,1,25,1,2,0,5,0,0,0,0,true,false,false,false,true,false,false,true,false,false,false,false,false,false,false,false,false,false,false,false,false,false,-83.04156,42.43584,"{
  ""coordinates"": [
    -8.304155398111600e+01,
    4.243584602637120e+01
  ],
  ""type"": ""Point""
}","{
  ""coordinates"": [
    -83.041553981,
    42.435846026
  ],
  ""type"": ""Point""
}",-83.0415539809999,42.435846026
16999,1407829,ADAMS,WOODWARD,2018-06-23,23,6,2018,2,7,10,3,,4,0,Asphalt,1,1,4,30,3,2,2,5,0,0,0,0,true,false,false,false,true,false,false,false,false,false,false,false,false,false,false,false,false,false,false,false,false,false,-83.05087,42.33699,"{
  ""coordinates"": [
    -8.305086952795391e+01,
    4.233698959401140e+01
  ],
  ""type"": ""Point""
}","{
  ""coordinates"": [
    -83.050869528,
    42.336989594
  ],
  ""type"": ""Point""
}",-83.050869528,42.336989594
17000,1427074,GARTNER,EVANS,2018-06-23,23,6,2018,9,7,8,9,,,0,,2,4,4,25,1,2,0,5,0,0,0,0,true,false,false,false,true,false,false,false,false,false,false,false,false,false,false,false,false,false,false,false,false,false,-83.12369,42.30945,"{
  ""coordinates"": [
    -8.312368591400910e+01,
    4.230944845425230e+01
  ],
  ""type"": ""Point""
}","{
  ""coordinates"": [
    -83.123685914,
    42.309448454
  ],
  ""type"": ""Point""
}",-83.123685914,42.3094484540001
17001,1408863,LIVERNOIS,MCGRAW,2018-06-23,23,6,2018,20,7,4,9,,4,0,Asphalt,2,4,1,35,5,2,1,4,0,0,0,1,false,false,true,true,true,false,false,false,false,false,false,false,false,false,false,false,false,false,false,false,false,false,-83.1274,42.34083,"{
  ""coordinates"": [
    -8.312739909674910e+01,
    4.234082920427100e+01
  ],
  ""type"": ""Point""
}","{
  ""coordinates"": [
    -83.127399097,
    42.340829204
  ],
  ""type"": ""Point""
}",-83.127399097,42.340829204
17002,1406816,RADFORD,VIRGINIA PARK,2018-06-23,23,6,2018,13,7,4,9,,,0,,2,1,1,35,4,2,1,5,0,0,0,0,true,false,false,false,true,false,false,false,false,false,false,false,false,false,false,false,false,false,false,false,false,false,-83.11734,42.36152,"{
  ""coordinates"": [
    -8.311734086979540e+01,
    4.236151450394670e+01
  ],
  ""type"": ""Point""
}","{
  ""coordinates"": [
    -83.11734087,
    42.361514504
  ],
  ""type"": ""Point""
}",-83.11734087,42.3615145040001
17003,1407872,STATE FAIR,ORLEANS,2018-06-23,23,6,2018,19,7,1,9,,4,1,Asphalt,2,2,1,25,1,1,1,4,0,0,0,1,false,false,false,false,false,true,false,false,false,false,false,false,false,false,false,false,false,false,false,false,false,false,-83.08538,42.44003,"{
  ""coordinates"": [
    -8.308537947153469e+01,
    4.244003014161200e+01
  ],
  ""type"": ""Point""
}","{
  ""coordinates"": [
    -83.085379472,
    42.440030142
  ],
  ""type"": ""Point""
}",-83.0853794719999,42.4400301420001
17004,1406894,MCNICHOLS,NORTHLAWN,2018-06-23,23,6,2018,9,7,5,9,,4,3,Asphalt,1,1,1,35,2,2,0,5,0,0,0,0,true,false,false,false,true,false,false,false,false,false,false,false,false,false,false,false,false,false,false,false,false,false,-83.15377,42.41705,"{
  ""coordinates"": [
    -8.315377094848110e+01,
    4.241705245281100e+01
  ],
  ""type"": ""Point""
}","{
  ""coordinates"": [
    -83.153770948,
    42.417052453
  ],
  ""type"": ""Point""
}",-83.153770948,42.4170524530001
17005,1421227,PIERSON,8 MILE,2018-06-23,23,6,2018,11,7,4,3,,,3,,1,1,5,25,2,2,0,5,0,0,0,0,true,false,false,false,true,false,false,false,false,false,false,false,false,false,false,false,false,false,false,false,false,false,-83.24788,42.4435,"{
  ""coordinates"": [
    -8.324788025806060e+01,
    4.244349668621140e+01
  ],
  ""type"": ""Point""
}","{
  ""coordinates"": [
    -83.247880258,
    42.443496686
  ],
  ""type"": ""Point""
}",-83.247880258,42.4434966860001
17006,1410469,S I 75,PIQUETTE,2018-06-23,23,6,2018,12,7,5,1,,1,0,Asphalt,2,4,1,55,4,2,3,5,0,0,0,0,true,false,false,false,false,false,false,false,false,false,false,false,false,false,false,false,false,false,false,false,false,false,-83.05952,42.37184,"{
  ""coordinates"": [
    -8.305952632812280e+01,
    4.237184052336530e+01
  ],
  ""type"": ""Point""
}","{
  ""coordinates"": [
    -83.059526328,
    42.371840523
  ],
  ""type"": ""Point""
}",-83.0595263279999,42.3718405230001
17007,1406874,8 MILE,GRATIOT,2018-06-23,23,6,2018,15,7,5,3,,1,0,Asphalt,1,2,1,40,2,2,2,4,0,0,0,1,false,false,false,false,false,false,false,false,false,false,false,false,false,false,false,false,false,false,false,false,false,false,-82.96776,42.44984,"{
  ""coordinates"": [
    -8.296775776534901e+01,
    4.244984057920480e+01
  ],
  ""type"": ""Point""
}","{
  ""coordinates"": [
    -82.967757765,
    42.449840579
  ],
  ""type"": ""Point""
}",-82.967757765,42.4498405790001
17008,1406893,WISCONSIN,MARYGROVE,2018-06-23,23,6,2018,0,7,8,9,,,0,,1,2,5,25,2,2,0,5,0,0,0,0,true,false,false,false,true,false,false,false,false,false,false,false,false,false,false,false,false,false,false,false,false,false,-83.15692,42.41385,"{
  ""coordinates"": [
    -8.315692168467460e+01,
    4.241385062182870e+01
  ],
  ""type"": ""Point""
}","{
  ""coordinates"": [
    -83.156921685,
    42.413850622
  ],
  ""type"": ""Point""
}",-83.156921685,42.413850622
17009,1448638,M-39,GRAND RIVER,2018-06-23,23,6,2018,2,7,8,3,,1,0,Asphalt,1,2,4,55,3,2,1,5,0,0,0,0,true,false,false,false,false,false,false,false,false,false,false,false,false,true,false,false,false,false,false,false,false,false,-83.2182,42.4001,"{
  ""coordinates"": [
    -8.321819745684560e+01,
    4.240010623402110e+01
  ],
  ""type"": ""Point""
}","{
  ""coordinates"": [
    -83.218197457,
    42.400106234
  ],
  ""type"": ""Point""
}",-83.218197457,42.4001062340001
17010,1410543,RAMP 216B,N I 75,2018-06-23,23,6,2018,9,7,1,1,,1,0,Concrete,1,1,1,70,2,1,1,5,0,0,0,0,true,false,false,false,false,false,false,false,false,false,false,false,false,false,false,false,false,false,false,false,false,false,-83.05846,42.36983,"{
  ""coordinates"": [
    -8.305845544910940e+01,
    4.236982584680860e+01
  ],
  ""type"": ""Point""
}","{
  ""coordinates"": [
    -83.058455449,
    42.369825847
  ],
  ""type"": ""Point""
}",-83.058455449,42.3698258470001
17011,1422071,I-94,LIVERNOIS,2018-06-23,23,6,2018,12,7,8,1,,1,0,Asphalt,2,4,1,55,3,2,2,5,0,0,0,0,true,false,false,false,false,false,false,false,false,false,false,false,false,false,false,true,false,false,false,false,false,false,-83.1217,42.33876,"{
  ""coordinates"": [
    -8.312169731733920e+01,
    4.233876571573000e+01
  ],
  ""type"": ""Point""
}","{
  ""coordinates"": [
    -83.121697317,
    42.338765716
  ],
  ""type"": ""Point""
}",-83.121697317,42.3387657160001
17012,1407844,JEFFERSON,RIOPELLE,2018-06-23,23,6,2018,11,7,7,9,,4,0,Asphalt,2,2,1,35,6,2,3,5,0,0,0,0,true,false,false,false,false,false,false,false,false,false,false,false,false,true,true,false,false,false,false,false,false,false,-83.0308,42.33473,"{
  ""coordinates"": [
    -8.303079861341290e+01,
    4.233472868497020e+01
  ],
  ""type"": ""Point""
}","{
  ""coordinates"": [
    -83.030798613,
    42.334728685
  ],
  ""type"": ""Point""
}",-83.0307986129999,42.3347286850001
17013,1422114,OAKMAN,DAVISON,2018-06-23,23,6,2018,14,7,97,3,,4,0,Concrete,1,2,1,30,6,3,2,1,1,0,0,0,false,false,false,false,true,false,false,false,false,false,false,false,false,false,false,true,false,false,false,false,false,false,-83.14392,42.38644,"{
  ""coordinates"": [
    -8.314391845335621e+01,
    4.238644135653050e+01
  ],
  ""type"": ""Point""
}","{
  ""coordinates"": [
    -83.143918453,
    42.386441357
  ],
  ""type"": ""Point""
}",-83.143918453,42.3864413570001
17014,1422102,GRAND RIVER,RUTHERFORD,2018-06-23,23,6,2018,15,7,4,3,,1,0,Asphalt,2,4,1,35,4,2,2,5,0,0,0,0,true,false,true,false,true,false,false,false,false,false,false,false,false,true,false,false,false,false,false,false,false,false,-83.2038,42.39485,"{
  ""coordinates"": [
    -8.320379327642810e+01,
    4.239484711755240e+01
  ],
  ""type"": ""Point""
}","{
  ""coordinates"": [
    -83.203793276,
    42.394847118
  ],
  ""type"": ""Point""
}",-83.2037932759999,42.394847118
17015,1418316,RAMP 141B,TURNER,2018-06-23,23,6,2018,21,7,1,1,,1,1,Asphalt,2,4,1,45,3,1,1,4,0,0,0,1,false,false,false,false,false,false,false,false,false,true,false,false,false,false,false,false,false,false,false,false,false,false,-83.13741,42.36636,"{
  ""coordinates"": [
    -8.313740440645120e+01,
    4.236635529598750e+01
  ],
  ""type"": ""Point""
}","{
  ""coordinates"": [
    -83.137404406,
    42.366355296
  ],
  ""type"": ""Point""
}",-83.137404406,42.3663552960001
17016,1408812,I 75,GRAND RIVER,2018-06-23,23,6,2018,19,7,1,1,,1,1,Concrete,2,4,1,55,3,1,1,4,0,0,0,1,false,false,false,false,false,false,false,false,false,false,false,false,false,false,false,false,false,false,false,false,false,false,-83.0511,42.34056,"{
  ""coordinates"": [
    -8.305110137482220e+01,
    4.234056326739310e+01
  ],
  ""type"": ""Point""
}","{
  ""coordinates"": [
    -83.051101375,
    42.340563267
  ],
  ""type"": ""Point""
}",-83.051101375,42.3405632670001
17017,1422059,I 96,JOY,2018-06-23,23,6,2018,20,7,8,1,,1,0,Asphalt,2,4,1,70,3,3,3,5,0,0,0,0,true,false,false,false,true,false,false,false,false,true,false,false,false,true,false,false,false,false,false,false,false,false,-83.13084,42.36441,"{
  ""coordinates"": [
    -8.313083799447359e+01,
    4.236441181089580e+01
  ],
  ""type"": ""Point""
}","{
  ""coordinates"": [
    -83.130837994,
    42.364411811
  ],
  ""type"": ""Point""
}",-83.130837994,42.364411811
17018,1406827,FORT,BAYSIDE,2018-06-23,23,6,2018,19,7,9,3,,1,2,Asphalt,1,4,1,35,4,3,4,4,0,0,0,3,false,false,false,false,true,true,false,false,false,false,false,false,false,true,false,false,false,false,false,false,false,false,-83.14365,42.28984,"{
  ""coordinates"": [
    -8.314364769524160e+01,
    4.228984313373280e+01
  ],
  ""type"": ""Point""
}","{
  ""coordinates"": [
    -83.143647695,
    42.289843134
  ],
  ""type"": ""Point""
}",-83.143647695,42.2898431340001
17019,1408860,PITT,STAIR,2018-06-23,23,6,2018,23,7,4,9,,,0,,2,2,4,25,2,2,3,3,0,0,3,0,false,false,true,false,false,false,false,false,false,false,false,false,false,false,true,false,false,false,false,false,false,false,-83.12322,42.3155,"{
  ""coordinates"": [
    -8.312322549265780e+01,
    4.231549810806160e+01
  ],
  ""type"": ""Point""
}","{
  ""coordinates"": [
    -83.123225493,
    42.315498108
  ],
  ""type"": ""Point""
}",-83.1232254929999,42.315498108
17020,1479090,E/B I-94,MT ELLIOTT,2018-06-23,23,6,2018,2,7,8,1,,1,0,Asphalt,1,2,5,55,3,2,1,5,0,0,0,0,true,false,false,false,true,false,false,false,false,false,false,false,false,false,false,false,false,false,false,false,false,false,-83.03524,42.37838,"{
  ""coordinates"": [
    -8.303524305127409e+01,
    4.237838224714670e+01
  ],
  ""type"": ""Point""
}","{
  ""coordinates"": [
    -83.035243051,
    42.378382247
  ],
  ""type"": ""Point""
}",-83.035243051,42.378382247
17021,1406834,GRANDVILLE,WHITLOCK,2018-06-23,23,6,2018,16,7,4,9,,,0,,1,3,1,25,2,2,2,5,0,0,0,0,true,false,false,false,false,false,false,false,false,false,false,false,false,false,true,false,false,false,false,false,false,false,-83.22916,42.33958,"{
  ""coordinates"": [
    -8.322916372760540e+01,
    4.233958312632060e+01
  ],
  ""type"": ""Point""
}","{
  ""coordinates"": [
    -83.229163728,
    42.339583126
  ],
  ""type"": ""Point""
}",-83.2291637279999,42.339583126
17022,1411670,I 96,JOY,2018-06-23,23,6,2018,20,7,8,1,,1,0,Asphalt,2,4,1,70,3,2,3,3,0,0,1,0,false,true,false,false,false,false,false,false,false,true,false,false,false,true,false,false,false,false,false,false,false,false,-83.13084,42.36441,"{
  ""coordinates"": [
    -8.313083799447359e+01,
    4.236441181089580e+01
  ],
  ""type"": ""Point""
}","{
  ""coordinates"": [
    -83.130837994,
    42.364411811
  ],
  ""type"": ""Point""
}",-83.130837994,42.364411811
17023,1408818,M 39,SCHOOLCRAFT,2018-06-23,23,6,2018,16,7,5,3,,1,0,Asphalt,2,2,1,55,3,2,3,5,0,0,0,0,true,false,false,false,false,false,false,false,false,false,false,false,false,false,false,false,false,false,false,false,false,false,-83.21717,42.38092,"{
  ""coordinates"": [
    -8.321716727370330e+01,
    4.238092079357200e+01
  ],
  ""type"": ""Point""
}","{
  ""coordinates"": [
    -83.217167274,
    42.380920794
  ],
  ""type"": ""Point""
}",-83.217167274,42.3809207940001
17024,1410565,N M 10,ROSA PARKS,2018-06-23,23,6,2018,13,7,1,3,,1,1,Concrete,2,4,1,55,3,1,1,4,0,0,0,1,false,false,false,false,false,false,false,false,false,true,false,false,false,true,false,false,false,false,false,false,false,false,-83.11835,42.40351,"{
  ""coordinates"": [
    -8.311835180632340e+01,
    4.240350930255700e+01
  ],
  ""type"": ""Point""
}","{
  ""coordinates"": [
    -83.118351806,
    42.403509303
  ],
  ""type"": ""Point""
}",-83.118351806,42.4035093030001
17025,1406871,HAMPSHIRE,NEWPORT,2018-06-23,23,6,2018,15,7,4,9,,,0,,1,1,1,25,2,2,1,4,0,0,0,1,false,false,false,false,true,false,false,false,false,false,false,false,false,true,false,false,false,false,false,false,false,false,-82.96822,42.40527,"{
  ""coordinates"": [
    -8.296822019880091e+01,
    4.240526427007820e+01
  ],
  ""type"": ""Point""
}","{
  ""coordinates"": [
    -82.968220199,
    42.40526427
  ],
  ""type"": ""Point""
}",-82.968220199,42.40526427
17026,1406888,CHAREST,VICTORIA,2018-06-23,23,6,2018,19,7,8,9,,,3,,2,4,1,25,1,2,1,5,0,0,0,0,true,false,false,false,true,false,false,false,false,false,false,false,false,false,true,false,false,false,false,false,false,false,-83.06716,42.41624,"{
  ""coordinates"": [
    -8.306716319958670e+01,
    4.241624156851820e+01
  ],
  ""type"": ""Point""
}","{
  ""coordinates"": [
    -83.0671632,
    42.416241569
  ],
  ""type"": ""Point""
}",-83.0671632,42.4162415690001
17027,1412892,N/B M-39,7 MILE,2018-06-23,23,6,2018,0,7,5,3,,1,0,Concrete,1,2,4,55,3,2,2,4,0,0,0,1,false,true,false,false,true,false,false,false,false,false,false,false,false,false,false,false,false,false,false,false,false,false,-83.21907,42.4264,"{
  ""coordinates"": [
    -8.321907162836210e+01,
    4.242639722653830e+01
  ],
  ""type"": ""Point""
}","{
  ""coordinates"": [
    -83.219071628,
    42.426397227
  ],
  ""type"": ""Point""
}",-83.2190716279999,42.4263972270001
17028,1410542,W I 96 CD,RAMP 135E,2018-06-23,23,6,2018,6,7,8,1,,1,0,Concrete,2,4,2,55,3,2,2,5,0,0,0,0,true,false,false,false,false,false,false,false,false,false,false,false,false,false,false,false,false,false,false,false,false,false,-83.24029,42.38372,"{
  ""coordinates"": [
    -8.324028716572070e+01,
    4.238372031324710e+01
  ],
  ""type"": ""Point""
}","{
  ""coordinates"": [
    -83.240287166,
    42.383720313
  ],
  ""type"": ""Point""
}",-83.240287166,42.383720313
17029,1407836,MACK,RADNOR,2018-06-23,23,6,2018,12,7,4,9,,2,0,Asphalt,2,4,1,35,2,2,3,5,0,0,0,0,true,false,false,false,false,false,false,false,false,false,true,false,false,false,false,false,false,false,false,false,false,false,-82.9157,42.40583,"{
  ""coordinates"": [
    -8.291570305891889e+01,
    4.240582534944690e+01
  ],
  ""type"": ""Point""
}","{
  ""coordinates"": [
    -82.915703059,
    42.405825349
  ],
  ""type"": ""Point""
}",-82.915703059,42.4058253490001
17030,1407805,MONROE,RANDOLPH,2018-06-23,23,6,2018,22,7,4,3,,4,0,Asphalt,2,4,4,30,4,2,3,5,0,0,0,0,true,true,false,false,false,false,false,false,false,false,false,false,false,false,false,false,false,false,false,false,false,false,-83.04494,42.33371,"{
  ""coordinates"": [
    -8.304494831774500e+01,
    4.233371369513110e+01
  ],
  ""type"": ""Point""
}","{
  ""coordinates"": [
    -83.044948318,
    42.333713695
  ],
  ""type"": ""Point""
}",-83.044948318,42.333713695
17031,1406813,LAUDER,ORANGELAWN,2018-06-23,23,6,2018,11,7,1,9,,,1,,2,4,1,25,2,1,1,5,0,0,0,0,true,false,false,false,false,false,false,false,false,false,false,false,false,false,false,false,false,false,false,false,false,false,-83.18975,42.36788,"{
  ""coordinates"": [
    -8.318975439824030e+01,
    4.236788038122560e+01
  ],
  ""type"": ""Point""
}","{
  ""coordinates"": [
    -83.189754398,
    42.367880381
  ],
  ""type"": ""Point""
}",-83.1897543979999,42.3678803810001
17032,1407801,ATWATER,RENAISSANCE,2018-06-23,23,6,2018,18,7,97,9,,4,0,Concrete,2,4,1,25,2,2,0,4,0,0,0,1,false,false,false,false,true,false,false,false,false,false,false,false,true,false,false,false,false,false,false,false,false,false,-83.03696,42.32912,"{
  ""coordinates"": [
    -8.303696651528939e+01,
    4.232912118253660e+01
  ],
  ""type"": ""Point""
}","{
  ""coordinates"": [
    -83.036966515,
    42.329121183
  ],
  ""type"": ""Point""
}",-83.036966515,42.329121183
17033,1408795,M 10,CLAIRMOUNT,2018-06-23,23,6,2018,13,7,1,3,,1,1,Concrete,8,4,1,55,4,1,1,4,0,0,0,1,false,false,false,false,false,false,false,false,false,true,false,false,false,false,true,false,false,false,false,false,false,false,-83.08778,42.37578,"{
  ""coordinates"": [
    -8.308777388489359e+01,
    4.237577746060380e+01
  ],
  ""type"": ""Point""
}","{
  ""coordinates"": [
    -83.087773885,
    42.375777461
  ],
  ""type"": ""Point""
}",-83.087773885,42.375777461
17034,1412945,SCHOOLCRAFT,EVERGREEN,2018-06-23,23,6,2018,19,7,4,9,,4,0,Asphalt,1,1,1,35,4,2,2,5,0,0,0,0,true,false,false,false,true,false,false,false,false,false,false,false,false,false,false,false,false,false,false,false,false,false,-83.23872,42.38622,"{
  ""coordinates"": [
    -8.323871564359921e+01,
    4.238621635242970e+01
  ],
  ""type"": ""Point""
}","{
  ""coordinates"": [
    -83.238715644,
    42.386216352
  ],
  ""type"": ""Point""
}",-83.238715644,42.3862163520001