ObjectId,Crash ID,Primary Road,Intersecting Road,Crash Date,Day,Month,Year,Hour,Weekday,Crash Type Code,Highway Classification Code,Community Code,Jurisdiction Code,Lane Departure Type Code,Surface Type,Road Condition,Weather Condition,Lighting Condition,Speed Limit,Lanes,Units,Occupants,Most Severe Injury,Fatal Injuries,Suspected Serious Injuries,Suspected Minor Injuries,Possible Injuries,Property Damage Only,Secondary Crash,Traffic Control,Red Light Run,Hit and Run,Alcohol,Drugs,Unbelted Person,Work Zone,Speeding Driver,Distracted Driver,Driveway,Pedestrian,Elderly Driver,Young Driver,Commercial Vehicle,Emergency Vehicles,Train,School Bus,Motorcycle,Bicycle,Deer,Longitude,Latitude,geom,geog,x,y
17035,1406835,S M 39,PLYMOUTH,2018-06-23,23,6,2018,14,7,1,3,,1,0,Asphalt,2,2,1,35,3,2,2,4,0,0,0,1,false,false,false,false,false,false,false,false,false,false,false,false,false,false,false,false,false,false,false,false,true,false,-83.21677,42.37225,"{
  ""coordinates"": [
    -8.321676900685949e+01,
    4.237225501128690e+01
  ],
  ""type"": ""Point""
}","{
  ""coordinates"": [
    -83.216769007,
    42.372255011
  ],
  ""type"": ""Point""
}",-83.216769007,42.372255011
17036,1406831,GRANDMONT,VAN BUREN,2018-06-23,23,6,2018,16,7,9,9,,,2,,1,1,1,15,2,2,0,5,0,0,0,0,true,false,false,false,true,false,false,false,false,false,false,false,false,false,false,false,false,false,false,false,false,false,-83.20957,42.35633,"{
  ""coordinates"": [
    -8.320957419067680e+01,
    4.235633069343310e+01
  ],
  ""type"": ""Point""
}","{
  ""coordinates"": [
    -83.209574191,
    42.356330693
  ],
  ""type"": ""Point""
}",-83.2095741909999,42.3563306930001
17037,1408839,E/B I-94,MOROSS,2018-06-23,23,6,2018,17,7,1,1,,1,1,Asphalt,1,1,1,55,3,1,1,5,0,0,0,0,true,false,false,false,false,false,false,false,false,false,false,false,false,false,false,false,false,false,false,false,false,false,-82.92973,42.42313,"{
  ""coordinates"": [
    -8.292972663908560e+01,
    4.242313553843800e+01
  ],
  ""type"": ""Point""
}","{
  ""coordinates"": [
    -82.929726639,
    42.423135538
  ],
  ""type"": ""Point""
}",-82.929726639,42.4231355380001
17038,1408870,FORT,DISTEL,2018-06-23,23,6,2018,6,7,5,3,,1,0,Asphalt,2,2,3,30,5,3,5,4,0,0,0,4,false,false,false,false,false,false,false,false,false,false,false,false,false,false,false,false,false,false,false,false,false,false,-83.12988,42.2961,"{
  ""coordinates"": [
    -8.312987952264810e+01,
    4.229609783522990e+01
  ],
  ""type"": ""Point""
}","{
  ""coordinates"": [
    -83.129879523,
    42.296097835
  ],
  ""type"": ""Point""
}",-83.1298795229999,42.2960978350001
17039,1408813,I 94,BRUSH,2018-06-23,23,6,2018,20,7,8,1,,1,0,Asphalt,2,4,3,55,3,2,3,3,0,0,1,0,false,false,false,false,false,false,false,false,false,true,false,false,false,true,false,true,false,false,false,false,false,false,-83.06606,42.36493,"{
  ""coordinates"": [
    -8.306606121940661e+01,
    4.236492782901300e+01
  ],
  ""type"": ""Point""
}","{
  ""coordinates"": [
    -83.066061219,
    42.364927829
  ],
  ""type"": ""Point""
}",-83.0660612189999,42.3649278290001
17040,1410444,I 96,GRAND,2018-06-23,23,6,2018,13,7,5,1,,1,0,Asphalt,2,2,1,70,4,4,2,4,0,0,0,3,false,false,false,false,false,false,false,false,false,true,true,false,true,false,false,false,false,false,false,false,false,false,-83.10916,42.35532,"{
  ""coordinates"": [
    -8.310916024289899e+01,
    4.235531838852240e+01
  ],
  ""type"": ""Point""
}","{
  ""coordinates"": [
    -83.109160243,
    42.355318389
  ],
  ""type"": ""Point""
}",-83.109160243,42.355318389
17041,1407881,MEYERS,JAMES COUZENS,2018-06-23,23,6,2018,20,7,2,9,,4,0,Asphalt,2,2,3,30,6,2,2,2,0,1,0,0,false,false,true,true,false,false,false,false,false,false,false,false,false,false,false,false,false,false,false,false,false,false,-83.16998,42.41396,"{
  ""coordinates"": [
    -8.316998205532040e+01,
    4.241395393002870e+01
  ],
  ""type"": ""Point""
}","{
  ""coordinates"": [
    -83.169982055,
    42.41395393
  ],
  ""type"": ""Point""
}",-83.1699820549999,42.41395393
17042,1428790,S M 39 SERVICE DRIVE,JOY,2018-06-23,23,6,2018,18,7,5,9,,4,0,Asphalt,2,4,4,55,3,2,2,5,0,0,0,0,true,false,false,false,false,false,false,false,false,false,false,false,false,false,true,false,false,false,false,false,false,false,-83.21691,42.35784,"{
  ""coordinates"": [
    -8.321690778064669e+01,
    4.235783749231690e+01
  ],
  ""type"": ""Point""
}","{
  ""coordinates"": [
    -83.216907781,
    42.357837492
  ],
  ""type"": ""Point""
}",-83.216907781,42.357837492
17043,1407803,LARNED,BEAUBIEN,2018-06-23,23,6,2018,11,7,8,9,,4,0,Asphalt,2,2,1,30,4,2,2,5,0,0,0,0,true,false,false,false,false,false,false,false,false,false,false,false,false,false,false,false,false,false,false,false,false,false,-83.04077,42.33135,"{
  ""coordinates"": [
    -8.304077031260761e+01,
    4.233135406875470e+01
  ],
  ""type"": ""Point""
}","{
  ""coordinates"": [
    -83.040770313,
    42.331354069
  ],
  ""type"": ""Point""
}",-83.0407703129999,42.331354069
17044,1406879,7 MILE,ALCOY,2018-06-23,23,6,2018,18,7,4,9,,4,0,Asphalt,1,2,1,30,2,2,1,5,0,0,0,0,true,false,false,false,true,false,false,false,false,false,false,false,false,false,false,false,false,false,false,false,false,false,-82.98875,42.43483,"{
  ""coordinates"": [
    -8.298874480047731e+01,
    4.243483454703150e+01
  ],
  ""type"": ""Point""
}","{
  ""coordinates"": [
    -82.9887448,
    42.434834547
  ],
  ""type"": ""Point""
}",-82.9887447999999,42.434834547
17045,1407843,GRATIOT,BALDWIN,2018-06-23,23,6,2018,16,7,5,3,,1,0,Asphalt,1,2,1,35,5,2,3,5,0,0,0,0,true,false,false,false,false,false,false,false,false,false,false,false,false,true,false,false,false,false,false,false,false,false,-83.01594,42.37696,"{
  ""coordinates"": [
    -8.301593445238881e+01,
    4.237695609172470e+01
  ],
  ""type"": ""Point""
}","{
  ""coordinates"": [
    -83.015934452,
    42.376956092
  ],
  ""type"": ""Point""
}",-83.015934452,42.3769560920001
17046,1407854,7 MILE,BERG,2018-06-23,23,6,2018,15,7,5,9,,2,0,Asphalt,2,1,1,30,4,2,2,5,0,0,0,0,true,false,false,false,false,false,false,false,false,false,false,false,false,false,false,false,false,false,false,false,false,false,-83.2679,42.42917,"{
  ""coordinates"": [
    -8.326790223959409e+01,
    4.242916932628230e+01
  ],
  ""type"": ""Point""
}","{
  ""coordinates"": [
    -83.26790224,
    42.429169326
  ],
  ""type"": ""Point""
}",-83.26790224,42.4291693260001
17047,1433442,I-94,LIVERNOIS,2018-06-23,23,6,2018,12,7,97,1,,1,0,Asphalt,2,4,1,55,3,2,1,4,0,0,0,1,false,false,false,false,false,false,false,false,false,false,false,false,false,false,false,false,false,false,false,false,false,false,-83.12321,42.33798,"{
  ""coordinates"": [
    -8.312321585471270e+01,
    4.233797877637560e+01
  ],
  ""type"": ""Point""
}","{
  ""coordinates"": [
    -83.123215855,
    42.337978776
  ],
  ""type"": ""Point""
}",-83.123215855,42.3379787760001
17048,1407856,HAYES,OUTER,2018-06-23,23,6,2018,4,7,1,9,,4,1,Asphalt,1,1,4,30,2,1,1,5,0,0,0,0,true,false,false,false,false,false,false,false,false,false,false,false,false,false,false,false,false,false,false,false,false,false,-82.96477,42.41463,"{
  ""coordinates"": [
    -8.296476860539531e+01,
    4.241463088935350e+01
  ],
  ""type"": ""Point""
}","{
  ""coordinates"": [
    -82.964768605,
    42.414630889
  ],
  ""type"": ""Point""
}",-82.964768605,42.4146308890001
17049,1411667,I 94,FRENTENAC,2018-06-23,23,6,2018,19,7,8,1,,1,0,Asphalt,2,4,1,55,3,2,1,3,0,0,2,0,false,false,false,false,true,false,false,false,false,false,false,false,false,false,false,false,false,false,false,false,false,false,-83.02734,42.38454,"{
  ""coordinates"": [
    -8.302733976020249e+01,
    4.238453546961020e+01
  ],
  ""type"": ""Point""
}","{
  ""coordinates"": [
    -83.02733976,
    42.38453547
  ],
  ""type"": ""Point""
}",-83.02733976,42.3845354700001
17050,1406869,7 MILE,WESTPHALIA,2018-06-23,23,6,2018,15,7,5,9,,4,0,Asphalt,1,1,1,30,2,2,4,4,0,0,0,3,false,false,false,false,false,false,false,false,false,false,false,false,false,false,false,false,false,false,false,false,false,false,-82.99241,42.43476,"{
  ""coordinates"": [
    -8.299240600648680e+01,
    4.243475656856860e+01
  ],
  ""type"": ""Point""
}","{
  ""coordinates"": [
    -82.992406006,
    42.434756569
  ],
  ""type"": ""Point""
}",-82.992406006,42.4347565690001
17051,1408821,I 94,OUTER,2018-06-23,23,6,2018,20,7,5,1,,1,0,Asphalt,2,4,1,55,3,2,1,5,0,0,0,0,true,false,false,false,true,false,false,false,false,false,false,false,false,false,false,false,false,false,false,false,false,false,-82.95903,42.40545,"{
  ""coordinates"": [
    -8.295902670185230e+01,
    4.240545237647350e+01
  ],
  ""type"": ""Point""
}","{
  ""coordinates"": [
    -82.959026702,
    42.405452376
  ],
  ""type"": ""Point""
}",-82.959026702,42.405452376
17052,1406832,WARREN,PLAINVIEW,2018-06-23,23,6,2018,14,7,98,9,,2,0,Asphalt,1,1,1,35,4,2,1,5,0,0,0,0,true,false,false,false,true,false,false,false,false,false,false,false,false,false,false,false,false,false,false,false,false,false,-83.23413,42.34314,"{
  ""coordinates"": [
    -8.323412939149399e+01,
    4.234314464950230e+01
  ],
  ""type"": ""Point""
}","{
  ""coordinates"": [
    -83.234129391,
    42.34314465
  ],
  ""type"": ""Point""
}",-83.234129391,42.3431446500001
17053,1410541,W/B I-94,GRATIOT,2018-06-23,23,6,2018,21,7,8,1,,1,0,Asphalt,2,4,5,55,3,2,1,5,0,0,0,0,true,false,false,false,true,false,false,false,false,false,false,false,false,false,false,false,false,false,false,false,false,false,-83.00648,42.39148,"{
  ""coordinates"": [
    -8.300647382271940e+01,
    4.239148253266740e+01
  ],
  ""type"": ""Point""
}","{
  ""coordinates"": [
    -83.006473823,
    42.391482533
  ],
  ""type"": ""Point""
}",-83.006473823,42.391482533
17054,1406877,GRATIOT,7 MILE,2018-06-23,23,6,2018,6,7,4,3,,1,0,Asphalt,2,2,2,35,7,2,1,5,0,0,0,0,true,false,true,true,true,false,false,false,false,false,false,false,false,true,false,false,false,false,false,false,false,false,-82.97768,42.4351,"{
  ""coordinates"": [
    -8.297768168771070e+01,
    4.243509906496240e+01
  ],
  ""type"": ""Point""
}","{
  ""coordinates"": [
    -82.977681688,
    42.435099065
  ],
  ""type"": ""Point""
}",-82.977681688,42.435099065
17055,1433446,W/B I-94,LIVERNOIS,2018-06-23,23,6,2018,11,7,8,1,,1,0,Asphalt,2,5,1,55,3,2,2,5,0,0,0,0,true,false,false,false,false,false,false,false,false,true,false,false,false,false,false,true,false,false,false,false,false,false,-83.12428,42.3377,"{
  ""coordinates"": [
    -8.312427749655870e+01,
    4.233770559939460e+01
  ],
  ""type"": ""Point""
}","{
  ""coordinates"": [
    -83.124277497,
    42.337705599
  ],
  ""type"": ""Point""
}",-83.124277497,42.3377055990001
17056,1407826,TIREMAN,AMERICAN,2018-06-23,23,6,2018,19,7,97,9,,4,0,Asphalt,2,4,1,30,2,2,2,5,0,0,0,0,true,false,false,false,false,false,false,false,false,false,false,false,false,true,true,false,false,false,false,false,false,false,-83.14397,42.35199,"{
  ""coordinates"": [
    -8.314397391858439e+01,
    4.235199011643370e+01
  ],
  ""type"": ""Point""
}","{
  ""coordinates"": [
    -83.143973919,
    42.351990116
  ],
  ""type"": ""Point""
}",-83.143973919,42.351990116
17057,1427045,RAMP 220E,CONNER,2018-06-23,23,6,2018,21,7,9,1,,1,0,Asphalt,1,1,1,55,1,2,3,5,0,0,0,0,true,false,false,false,true,false,false,false,false,false,false,false,false,false,false,false,false,false,false,false,false,false,-82.98698,42.39606,"{
  ""coordinates"": [
    -8.298697971547089e+01,
    4.239606086437540e+01
  ],
  ""type"": ""Point""
}","{
  ""coordinates"": [
    -82.986979715,
    42.396060864
  ],
  ""type"": ""Point""
}",-82.986979715,42.396060864
17058,1410564,I-94,OUTER,2018-06-23,23,6,2018,12,7,5,1,,1,0,Asphalt,2,4,1,55,3,2,2,5,0,0,0,0,true,false,false,false,false,false,false,false,false,false,false,false,false,false,false,false,false,false,false,false,false,false,-82.95963,42.40511,"{
  ""coordinates"": [
    -8.295962834092320e+01,
    4.240511374451890e+01
  ],
  ""type"": ""Point""
}","{
  ""coordinates"": [
    -82.959628341,
    42.405113745
  ],
  ""type"": ""Point""
}",-82.959628341,42.4051137450001
17059,1407857,WAYBURN,BERKSHIRE,2018-06-23,23,6,2018,21,7,1,9,,,1,,2,4,5,25,2,1,1,2,0,1,0,0,false,false,false,false,false,true,false,false,false,false,false,false,false,false,true,false,false,false,false,false,false,false,-82.95948,42.41265,"{
  ""coordinates"": [
    -8.295947746861590e+01,
    4.241265346091720e+01
  ],
  ""type"": ""Point""
}","{
  ""coordinates"": [
    -82.959477469,
    42.412653461
  ],
  ""type"": ""Point""
}",-82.959477469,42.412653461
17060,1412894,I-75,GRAND RIVER,2018-06-22,22,6,2018,16,6,5,1,,1,0,Concrete,2,4,1,70,4,2,2,5,0,0,0,0,true,false,false,false,false,false,false,false,false,false,false,false,false,false,false,false,false,false,false,false,false,false,-83.05879,42.33688,"{
  ""coordinates"": [
    -8.305878926561419e+01,
    4.233687960289970e+01
  ],
  ""type"": ""Point""
}","{
  ""coordinates"": [
    -83.058789266,
    42.336879603
  ],
  ""type"": ""Point""
}",-83.058789266,42.3368796030001
17061,1407867,LAWRENCE,LAWTON,2018-06-22,22,6,2018,19,6,5,9,,,0,,2,4,1,,1,2,2,5,0,0,0,0,true,false,false,false,true,false,false,false,false,false,false,false,false,false,false,false,false,false,false,false,false,false,-83.11644,42.38032,"{
  ""coordinates"": [
    -8.311643784691270e+01,
    4.238032176700150e+01
  ],
  ""type"": ""Point""
}","{
  ""coordinates"": [
    -83.116437847,
    42.380321767
  ],
  ""type"": ""Point""
}",-83.116437847,42.3803217670001
17062,1406821,MICHIGAN,WASHINGTON,2018-06-22,22,6,2018,7,6,97,9,,4,0,Asphalt,1,1,1,30,6,2,2,5,0,0,0,0,true,false,false,false,false,false,false,false,false,false,false,false,false,false,false,true,false,false,false,false,false,false,-83.05146,42.33168,"{
  ""coordinates"": [
    -8.305145876567229e+01,
    4.233167622816430e+01
  ],
  ""type"": ""Point""
}","{
  ""coordinates"": [
    -83.051458766,
    42.331676228
  ],
  ""type"": ""Point""
}",-83.0514587659999,42.331676228
17063,1406859,DICKERSON,HARPER,2018-06-22,22,6,2018,18,6,4,9,,4,0,Asphalt,2,4,1,30,4,2,3,4,0,0,0,3,false,false,true,true,false,false,false,false,false,false,false,false,false,false,false,false,false,false,false,false,false,false,-82.97337,42.40208,"{
  ""coordinates"": [
    -8.297337041107410e+01,
    4.240208596055350e+01
  ],
  ""type"": ""Point""
}","{
  ""coordinates"": [
    -82.973370411,
    42.402085961
  ],
  ""type"": ""Point""
}",-82.973370411,42.4020859610001
17064,1413004,RAMP 029B,N I 75,2018-06-22,22,6,2018,14,6,5,1,,1,0,Asphalt,1,1,1,35,2,2,2,5,0,0,0,0,true,false,false,false,false,false,false,false,false,false,false,false,false,false,false,false,false,false,false,false,false,false,-83.15697,42.27684,"{
  ""coordinates"": [
    -8.315697564799990e+01,
    4.227683834550910e+01
  ],
  ""type"": ""Point""
}","{
  ""coordinates"": [
    -83.156975648,
    42.276838346
  ],
  ""type"": ""Point""
}",-83.156975648,42.276838346
17065,1447831,WOODWARD,KIRBY,2018-06-22,22,6,2018,19,6,7,3,,1,0,Asphalt,2,4,1,35,3,2,5,4,0,0,0,1,false,false,false,false,false,false,false,false,false,false,false,false,false,true,false,false,false,false,false,false,false,false,-83.06633,42.35987,"{
  ""coordinates"": [
    -8.306633339341430e+01,
    4.235986722292100e+01
  ],
  ""type"": ""Point""
}","{
  ""coordinates"": [
    -83.066333393,
    42.359867223
  ],
  ""type"": ""Point""
}",-83.066333393,42.359867223
17066,1407868,8 MILE,SHERWOOD,2018-06-22,22,6,2018,22,6,4,3,,1,0,Asphalt,2,4,4,45,4,2,2,2,0,1,1,0,false,false,true,true,false,true,false,false,false,false,false,false,false,false,false,false,false,false,false,false,false,false,-83.03658,42.44793,"{
  ""coordinates"": [
    -8.303657956307650e+01,
    4.244792914042150e+01
  ],
  ""type"": ""Point""
}","{
  ""coordinates"": [
    -83.036579563,
    42.44792914
  ],
  ""type"": ""Point""
}",-83.036579563,42.44792914
17067,1407852,GRAND RIVER,GREENFIELD,2018-06-22,22,6,2018,23,6,97,3,,1,0,Asphalt,2,1,5,35,2,2,2,2,0,1,0,0,false,false,false,false,false,false,false,false,false,true,false,false,true,false,false,false,false,false,false,false,false,false,-83.19836,42.39266,"{
  ""coordinates"": [
    -8.319836526477810e+01,
    4.239265655829940e+01
  ],
  ""type"": ""Point""
}","{
  ""coordinates"": [
    -83.198365265,
    42.392656558
  ],
  ""type"": ""Point""
}",-83.1983652649999,42.3926565580001
17068,1406881,8 MILE,GRATIOT,2018-06-22,22,6,2018,14,6,5,3,,1,0,Asphalt,1,1,1,40,4,2,2,5,0,0,0,0,true,false,false,false,true,false,false,false,false,false,false,false,false,false,true,false,false,false,false,false,false,false,-82.96803,42.44983,"{
  ""coordinates"": [
    -8.296803145999949e+01,
    4.244983204618660e+01
  ],
  ""type"": ""Point""
}","{
  ""coordinates"": [
    -82.96803146,
    42.449832046
  ],
  ""type"": ""Point""
}",-82.96803146,42.449832046
17069,1425398,WOODWARD,PUTNAM,2018-06-22,22,6,2018,15,6,8,3,,1,0,Asphalt,1,2,1,30,3,2,3,5,0,0,0,0,true,false,false,false,false,false,false,false,false,false,false,false,false,false,true,false,false,false,false,false,false,false,-83.06452,42.3572,"{
  ""coordinates"": [
    -8.306452493625710e+01,
    4.235720067693060e+01
  ],
  ""type"": ""Point""
}","{
  ""coordinates"": [
    -83.064524936,
    42.357200677
  ],
  ""type"": ""Point""
}",-83.0645249359999,42.357200677
17070,1412907,RAMP 109A,M 8,2018-06-22,22,6,2018,8,6,1,3,,1,1,Asphalt,1,1,1,55,1,1,2,5,0,0,0,0,true,false,false,false,false,false,false,false,false,true,false,false,false,false,true,false,false,false,false,false,false,false,-83.11125,42.39872,"{
  ""coordinates"": [
    -8.311125140465160e+01,
    4.239872459859380e+01
  ],
  ""type"": ""Point""
}","{
  ""coordinates"": [
    -83.111251405,
    42.398724599
  ],
  ""type"": ""Point""
}",-83.111251405,42.398724599
17071,1406822,FORT,SPRINGWELLS,2018-06-22,22,6,2018,11,6,3,3,,1,0,Asphalt,1,1,1,35,5,2,2,3,0,0,1,0,false,false,false,false,false,false,false,false,false,false,false,false,false,false,false,false,false,false,false,false,false,false,-83.11923,42.30018,"{
  ""coordinates"": [
    -8.311923177639990e+01,
    4.230018191375320e+01
  ],
  ""type"": ""Point""
}","{
  ""coordinates"": [
    -83.119231776,
    42.300181914
  ],
  ""type"": ""Point""
}",-83.1192317759999,42.3001819140001
17072,1412950,WARREN,FIELDING,2018-06-22,22,6,2018,12,6,8,9,,2,0,Asphalt,1,2,1,35,4,2,0,5,0,0,0,0,true,false,false,false,true,false,false,false,false,false,false,false,false,false,false,false,false,false,false,false,false,false,-83.24045,42.34304,"{
  ""coordinates"": [
    -8.324045069407290e+01,
    4.234303880839310e+01
  ],
  ""type"": ""Point""
}","{
  ""coordinates"": [
    -83.240450694,
    42.343038808
  ],
  ""type"": ""Point""
}",-83.2404506939999,42.3430388080001
17073,1406866,HAYES,TROESTER,2018-06-22,22,6,2018,16,6,4,9,,4,0,Asphalt,2,4,1,35,2,2,4,4,0,0,0,1,false,false,true,false,false,false,false,false,false,false,false,false,false,false,false,false,false,false,false,false,false,false,-82.96524,42.4264,"{
  ""coordinates"": [
    -8.296523887677580e+01,
    4.242640164734590e+01
  ],
  ""type"": ""Point""
}","{
  ""coordinates"": [
    -82.965238877,
    42.426401647
  ],
  ""type"": ""Point""
}",-82.965238877,42.426401647
17074,1408843,RANDOLPH,JEFFERSON,2018-06-22,22,6,2018,16,6,8,3,,1,0,Asphalt,1,1,1,25,2,2,2,5,0,0,0,0,true,false,false,false,false,false,false,false,false,false,false,false,false,false,false,false,false,false,false,false,false,false,-83.04185,42.32975,"{
  ""coordinates"": [
    -8.304184457615951e+01,
    4.232975480453740e+01
  ],
  ""type"": ""Point""
}","{
  ""coordinates"": [
    -83.041844576,
    42.329754805
  ],
  ""type"": ""Point""
}",-83.041844576,42.3297548050001
17075,1429658,MARGARETA,FREELAND,2018-06-22,22,6,2018,19,6,4,9,,,0,,2,4,1,25,2,2,4,4,0,0,0,3,false,false,true,false,true,false,false,false,false,false,false,false,false,false,false,false,false,false,false,false,false,false,-83.18627,42.42725,"{
  ""coordinates"": [
    -8.318627258786771e+01,
    4.242724804219730e+01
  ],
  ""type"": ""Point""
}","{
  ""coordinates"": [
    -83.186272588,
    42.427248042
  ],
  ""type"": ""Point""
}",-83.186272588,42.427248042
17076,1406837,N M 39,SCHOOLCRAFT,2018-06-22,22,6,2018,16,6,98,3,,1,0,Asphalt,1,1,1,35,2,2,1,5,0,0,0,0,true,false,false,false,true,false,false,false,false,false,false,false,false,false,false,false,false,false,false,false,false,false,-83.21755,42.38671,"{
  ""coordinates"": [
    -8.321755018936260e+01,
    4.238671209452070e+01
  ],
  ""type"": ""Point""
}","{
  ""coordinates"": [
    -83.217550189,
    42.386712095
  ],
  ""type"": ""Point""
}",-83.217550189,42.3867120950001
17077,1479086,N I 375,GRATIOT,2018-06-22,22,6,2018,20,6,5,1,,1,0,Asphalt,2,2,2,70,3,2,2,5,0,0,0,0,true,false,false,false,true,false,false,false,false,false,false,false,false,true,false,false,false,false,false,false,false,false,-83.04083,42.33976,"{
  ""coordinates"": [
    -8.304082935858889e+01,
    4.233975702601440e+01
  ],
  ""type"": ""Point""
}","{
  ""coordinates"": [
    -83.040829359,
    42.339757026
  ],
  ""type"": ""Point""
}",-83.040829359,42.339757026
17078,1406857,BURT,7 MILE,2018-06-22,22,6,2018,15,6,8,9,,4,0,Asphalt,1,2,1,35,2,2,1,4,0,0,0,1,false,false,false,false,true,false,false,false,false,false,false,false,false,false,false,false,false,false,false,false,false,false,-83.24853,42.42938,"{
  ""coordinates"": [
    -8.324852981937410e+01,
    4.242938001052500e+01
  ],
  ""type"": ""Point""
}","{
  ""coordinates"": [
    -83.248529819,
    42.429380011
  ],
  ""type"": ""Point""
}",-83.2485298189999,42.429380011
17079,1406862,DAVISON,LINWOOD,2018-06-22,22,6,2018,7,6,97,3,,1,0,Asphalt,1,1,1,35,6,2,0,5,0,0,0,0,true,false,false,false,true,false,false,false,false,false,false,false,true,false,false,false,false,false,false,false,false,false,-83.12189,42.39307,"{
  ""coordinates"": [
    -8.312189660068050e+01,
    4.239306842956000e+01
  ],
  ""type"": ""Point""
}","{
  ""coordinates"": [
    -83.121896601,
    42.39306843
  ],
  ""type"": ""Point""
}",-83.1218966009999,42.39306843
17080,1408879,WARREN,GARLAND,2018-06-22,22,6,2018,17,6,2,9,,4,2,Asphalt,2,4,1,30,4,2,3,4,0,0,0,1,false,false,false,false,false,false,false,false,false,false,false,false,false,false,false,true,false,false,false,false,false,false,-82.99348,42.38362,"{
  ""coordinates"": [
    -8.299347324307850e+01,
    4.238361806525030e+01
  ],
  ""type"": ""Point""
}","{
  ""coordinates"": [
    -82.993473243,
    42.383618065
  ],
  ""type"": ""Point""
}",-82.993473243,42.3836180650001
17081,1412956,MACK,WOODWARD,2018-06-22,22,6,2018,18,6,8,3,,4,0,Asphalt,1,1,1,35,5,2,2,5,0,0,0,0,true,false,false,false,false,false,false,false,false,false,false,false,false,false,false,false,false,false,false,false,false,false,-83.05791,42.34756,"{
  ""coordinates"": [
    -8.305790422113830e+01,
    4.234755637217500e+01
  ],
  ""type"": ""Point""
}","{
  ""coordinates"": [
    -83.057904221,
    42.347556372
  ],
  ""type"": ""Point""
}",-83.0579042209999,42.347556372
17082,1408834,W I 96,RAMP 139C,2018-06-22,22,6,2018,19,6,1,1,,1,1,Asphalt,2,4,1,70,3,1,4,3,0,0,1,0,false,false,false,false,false,false,false,true,false,true,false,false,false,false,true,false,false,false,false,false,false,false,-83.14626,42.38012,"{
  ""coordinates"": [
    -8.314625469069850e+01,
    4.238012173866650e+01
  ],
  ""type"": ""Point""
}","{
  ""coordinates"": [
    -83.146254691,
    42.380121739
  ],
  ""type"": ""Point""
}",-83.146254691,42.3801217390001
17083,1407865,EWALD,LIVERNOIS,2018-06-22,22,6,2018,16,6,4,9,,4,0,Asphalt,2,4,1,30,2,2,4,5,0,0,0,0,true,false,false,false,false,false,false,false,false,false,false,false,false,false,false,false,false,false,false,false,false,false,-83.13985,42.39139,"{
  ""coordinates"": [
    -8.313984543099780e+01,
    4.239139051501030e+01
  ],
  ""type"": ""Point""
}","{
  ""coordinates"": [
    -83.139845431,
    42.391390515
  ],
  ""type"": ""Point""
}",-83.139845431,42.3913905150001
17084,1406807,MACK,CRANE,2018-06-22,22,6,2018,19,6,2,9,,4,2,Asphalt,2,2,1,35,2,3,3,4,0,0,0,1,false,false,false,false,false,false,false,true,false,false,false,false,false,false,false,false,false,false,false,false,false,false,-82.99816,42.37017,"{
  ""coordinates"": [
    -8.299816035178810e+01,
    4.237017369839210e+01
  ],
  ""type"": ""Point""
}","{
  ""coordinates"": [
    -82.998160352,
    42.370173698
  ],
  ""type"": ""Point""
}",-82.998160352,42.370173698
17085,1417028,I-75,WARREN,2018-06-22,22,6,2018,11,6,8,1,,1,0,Concrete,1,2,1,70,4,2,3,5,0,0,0,0,true,false,false,false,true,false,false,false,false,false,false,false,false,false,false,false,false,false,false,false,false,false,-83.05246,42.35765,"{
  ""coordinates"": [
    -8.305245857921760e+01,
    4.235765441052500e+01
  ],
  ""type"": ""Point""
}","{
  ""coordinates"": [
    -83.052458579,
    42.357654411
  ],
  ""type"": ""Point""
}",-83.052458579,42.3576544110001
17086,1406846,EDSEL FORD,CHRYSLER,2018-06-22,22,6,2018,17,6,5,9,,4,0,Asphalt,2,4,1,55,3,2,1,5,0,0,0,0,true,false,false,false,true,false,false,false,false,false,false,false,false,false,true,false,false,false,false,false,false,false,-83.06055,42.37424,"{
  ""coordinates"": [
    -8.306054685855150e+01,
    4.237424512226460e+01
  ],
  ""type"": ""Point""
}","{
  ""coordinates"": [
    -83.060546859,
    42.374245122
  ],
  ""type"": ""Point""
}",-83.0605468589999,42.374245122
17087,1406861,GRATIOT,HOUSTON WHITTIER,2018-06-22,22,6,2018,20,6,4,3,,1,0,Asphalt,2,1,3,35,7,2,3,5,0,0,0,0,true,false,true,true,true,true,false,false,false,false,false,false,false,false,false,false,false,false,false,false,false,false,-82.98738,42.42037,"{
  ""coordinates"": [
    -8.298738080832420e+01,
    4.242037044146510e+01
  ],
  ""type"": ""Point""
}","{
  ""coordinates"": [
    -82.987380808,
    42.420370441
  ],
  ""type"": ""Point""
}",-82.987380808,42.420370441
17088,1413834,CHARLOTTE,WOODWARD,2018-06-22,22,6,2018,22,6,5,3,,,0,,1,3,4,25,2,2,3,5,0,0,0,0,true,false,false,false,false,false,false,false,false,false,false,false,false,false,false,false,false,false,false,false,false,false,-83.05592,42.34431,"{
  ""coordinates"": [
    -8.305592032363390e+01,
    4.234431379531720e+01
  ],
  ""type"": ""Point""
}","{
  ""coordinates"": [
    -83.055920324,
    42.344313795
  ],
  ""type"": ""Point""
}",-83.0559203239999,42.3443137950001