ObjectId,Crash ID,Primary Road,Intersecting Road,Crash Date,Day,Month,Year,Hour,Weekday,Crash Type Code,Highway Classification Code,Community Code,Jurisdiction Code,Lane Departure Type Code,Surface Type,Road Condition,Weather Condition,Lighting Condition,Speed Limit,Lanes,Units,Occupants,Most Severe Injury,Fatal Injuries,Suspected Serious Injuries,Suspected Minor Injuries,Possible Injuries,Property Damage Only,Secondary Crash,Traffic Control,Red Light Run,Hit and Run,Alcohol,Drugs,Unbelted Person,Work Zone,Speeding Driver,Distracted Driver,Driveway,Pedestrian,Elderly Driver,Young Driver,Commercial Vehicle,Emergency Vehicles,Train,School Bus,Motorcycle,Bicycle,Deer,Longitude,Latitude,geom,geog,x,y
17089,1406892,PINEHURST,MARGARETA,2018-06-22,22,6,2018,5,6,4,9,,,0,,1,1,2,25,2,2,1,5,0,0,0,0,true,false,false,false,true,false,false,false,false,false,false,false,false,false,false,false,false,false,false,false,false,false,-83.1674,42.42764,"{
  ""coordinates"": [
    -8.316740082974430e+01,
    4.242764079846700e+01
  ],
  ""type"": ""Point""
}","{
  ""coordinates"": [
    -83.16740083,
    42.427640798
  ],
  ""type"": ""Point""
}",-83.16740083,42.427640798
17090,1408833,RAMP 215G,W I 94,2018-06-22,22,6,2018,18,6,5,1,,1,0,Concrete,2,4,1,55,4,2,1,5,0,0,0,0,true,false,false,false,true,false,false,false,false,false,false,false,false,false,false,false,false,false,false,false,false,false,-83.07857,42.35813,"{
  ""coordinates"": [
    -8.307856498311661e+01,
    4.235812686554470e+01
  ],
  ""type"": ""Point""
}","{
  ""coordinates"": [
    -83.078564983,
    42.358126866
  ],
  ""type"": ""Point""
}",-83.078564983,42.3581268660001
17091,1406898,SCHAEFER,SAINT MARTINS,2018-06-22,22,6,2018,7,6,4,9,,4,0,Asphalt,1,1,1,30,2,2,2,4,0,0,0,1,false,false,false,false,false,false,false,false,false,false,false,false,false,false,false,false,false,false,false,false,false,false,-83.18069,42.43641,"{
  ""coordinates"": [
    -8.318068832082830e+01,
    4.243640906772870e+01
  ],
  ""type"": ""Point""
}","{
  ""coordinates"": [
    -83.180688321,
    42.436409068
  ],
  ""type"": ""Point""
}",-83.1806883209999,42.436409068
17092,1410602,8 MILE,SCHAEFER,2018-06-22,22,6,2018,14,6,8,3,,1,0,Asphalt,1,1,1,40,8,2,2,5,0,0,0,0,true,false,false,false,false,false,false,false,false,false,false,false,false,false,false,true,false,false,false,false,false,false,-83.18062,42.4452,"{
  ""coordinates"": [
    -8.318062197848390e+01,
    4.244519922511410e+01
  ],
  ""type"": ""Point""
}","{
  ""coordinates"": [
    -83.180621978,
    42.445199225
  ],
  ""type"": ""Point""
}",-83.180621978,42.4451992250001
17093,1407876,8 MILE,JOHN R,2018-06-22,22,6,2018,22,6,5,3,,1,0,Asphalt,1,1,4,35,4,3,3,5,0,0,0,0,true,false,false,false,false,false,false,false,false,false,true,false,false,false,false,false,false,false,false,false,false,false,-83.10527,42.44694,"{
  ""coordinates"": [
    -8.310527158701770e+01,
    4.244693808983500e+01
  ],
  ""type"": ""Point""
}","{
  ""coordinates"": [
    -83.105271587,
    42.44693809
  ],
  ""type"": ""Point""
}",-83.1052715869999,42.4469380900001
17094,1482137,I 94,BEAUBIEN,2018-06-22,22,6,2018,13,6,5,1,,1,0,Asphalt,1,1,1,55,3,2,2,5,0,0,0,0,true,false,false,false,false,false,false,false,false,false,false,false,false,false,false,false,false,false,false,false,false,false,-83.06388,42.36602,"{
  ""coordinates"": [
    -8.306388438355221e+01,
    4.236602180651470e+01
  ],
  ""type"": ""Point""
}","{
  ""coordinates"": [
    -83.063884384,
    42.366021807
  ],
  ""type"": ""Point""
}",-83.0638843839999,42.366021807
17095,1407888,JOHN R,8 MILE,2018-06-22,22,6,2018,16,6,8,3,,4,0,Asphalt,1,2,1,25,3,2,3,5,0,0,0,0,true,false,false,false,false,false,false,false,false,false,false,false,false,false,false,false,false,false,false,false,false,false,-83.10285,42.44658,"{
  ""coordinates"": [
    -8.310285304795130e+01,
    4.244658380273130e+01
  ],
  ""type"": ""Point""
}","{
  ""coordinates"": [
    -83.102853048,
    42.446583803
  ],
  ""type"": ""Point""
}",-83.102853048,42.4465838030001
17096,1407871,MOUNT ELLIOTT,GEORGIA,2018-06-22,22,6,2018,18,6,6,9,,4,0,Asphalt,2,4,1,35,2,2,2,4,0,0,0,2,false,false,false,false,false,false,false,false,false,true,false,false,false,false,true,false,false,false,false,false,false,false,-83.03741,42.39333,"{
  ""coordinates"": [
    -8.303741012886530e+01,
    4.239332474893350e+01
  ],
  ""type"": ""Point""
}","{
  ""coordinates"": [
    -83.037410129,
    42.393324749
  ],
  ""type"": ""Point""
}",-83.037410129,42.393324749
17097,1408806,M39,PEMBROKE,2018-06-22,22,6,2018,19,6,5,3,,1,0,Concrete,2,4,1,70,3,2,2,5,0,0,0,0,true,false,false,false,false,false,false,false,false,false,false,false,false,false,true,false,false,false,false,false,false,false,-83.21953,42.43696,"{
  ""coordinates"": [
    -8.321952656323650e+01,
    4.243695659820600e+01
  ],
  ""type"": ""Point""
}","{
  ""coordinates"": [
    -83.219526563,
    42.436956598
  ],
  ""type"": ""Point""
}",-83.219526563,42.4369565980001
17098,1477832,M 10,CALVERT,2018-06-22,22,6,2018,23,6,1,3,,1,1,Concrete,1,1,4,55,3,1,4,4,0,0,0,3,false,false,false,false,false,false,false,false,false,false,false,false,false,false,true,false,false,false,false,false,false,false,-83.0995,42.38444,"{
  ""coordinates"": [
    -8.309950543392590e+01,
    4.238444083325720e+01
  ],
  ""type"": ""Point""
}","{
  ""coordinates"": [
    -83.099505434,
    42.384440833
  ],
  ""type"": ""Point""
}",-83.099505434,42.384440833
17099,1407845,MIDLAND,OUTER,2018-06-22,22,6,2018,3,6,8,9,,,0,,98,98,5,25,2,2,0,5,0,0,0,0,true,false,false,false,true,false,false,true,false,false,true,false,false,false,false,false,false,false,false,false,false,false,-83.25697,42.40391,"{
  ""coordinates"": [
    -8.325697693423839e+01,
    4.240391335934410e+01
  ],
  ""type"": ""Point""
}","{
  ""coordinates"": [
    -83.256976934,
    42.403913359
  ],
  ""type"": ""Point""
}",-83.256976934,42.4039133590001
17100,1406860,8 MILE,GRATIOT,2018-06-22,22,6,2018,18,6,5,3,,1,0,Asphalt,2,4,1,40,4,2,2,3,0,0,1,0,false,false,false,false,true,false,false,false,false,false,false,false,false,false,false,false,false,false,false,false,false,false,-82.96979,42.44974,"{
  ""coordinates"": [
    -8.296978815756709e+01,
    4.244974144827550e+01
  ],
  ""type"": ""Point""
}","{
  ""coordinates"": [
    -82.969788158,
    42.449741448
  ],
  ""type"": ""Point""
}",-82.969788158,42.4497414480001
17101,1412895,I-94,ROSA PARKS,2018-06-22,22,6,2018,17,6,5,1,,1,0,Asphalt,2,4,1,55,3,2,2,5,0,0,0,0,true,false,false,false,false,false,false,false,false,false,false,false,false,false,false,false,false,false,false,false,false,false,-83.08545,42.3544,"{
  ""coordinates"": [
    -8.308545051931500e+01,
    4.235439539911760e+01
  ],
  ""type"": ""Point""
}","{
  ""coordinates"": [
    -83.085450519,
    42.354395399
  ],
  ""type"": ""Point""
}",-83.0854505189999,42.3543953990001
17102,1407817,ATWATER,ST ANTOINE,2018-06-22,22,6,2018,13,6,8,9,,4,0,Concrete,1,1,1,25,3,2,2,5,0,0,0,0,true,false,false,false,false,false,false,false,false,false,false,false,false,true,false,false,false,false,false,false,false,false,-83.03684,42.32919,"{
  ""coordinates"": [
    -8.303684585971330e+01,
    4.232919091149280e+01
  ],
  ""type"": ""Point""
}","{
  ""coordinates"": [
    -83.03684586,
    42.329190911
  ],
  ""type"": ""Point""
}",-83.03684586,42.3291909110001
17103,1406855,TELEGRAPH,MCNICHOLS,2018-06-22,22,6,2018,9,6,5,2,,1,0,Asphalt,1,2,1,45,4,2,3,4,0,0,0,1,false,false,false,false,false,false,false,false,false,false,false,false,false,true,false,false,false,false,false,false,false,false,-83.27741,42.41458,"{
  ""coordinates"": [
    -8.327740861580661e+01,
    4.241458015927760e+01
  ],
  ""type"": ""Point""
}","{
  ""coordinates"": [
    -83.277408616,
    42.414580159
  ],
  ""type"": ""Point""
}",-83.2774086159999,42.414580159
17104,1406823,JEFFERSON,CLARK,2018-06-22,22,6,2018,11,6,7,9,,4,0,Asphalt,1,1,1,35,2,2,1,5,0,0,0,0,true,false,false,false,false,false,false,false,false,false,false,false,false,false,false,true,false,false,false,false,false,false,-83.08705,42.30754,"{
  ""coordinates"": [
    -8.308705151394319e+01,
    4.230753662799240e+01
  ],
  ""type"": ""Point""
}","{
  ""coordinates"": [
    -83.087051514,
    42.307536628
  ],
  ""type"": ""Point""
}",-83.0870515139999,42.307536628
17105,1408885,DAVISON,LIVERNOIS,2018-06-22,22,6,2018,16,6,97,3,,1,0,Asphalt,1,1,1,30,6,2,2,5,0,0,0,0,true,false,false,false,false,false,false,false,false,false,false,false,false,false,false,true,false,false,false,false,false,false,-83.13789,42.38706,"{
  ""coordinates"": [
    -8.313788727146760e+01,
    4.238706168927780e+01
  ],
  ""type"": ""Point""
}","{
  ""coordinates"": [
    -83.137887271,
    42.387061689
  ],
  ""type"": ""Point""
}",-83.137887271,42.3870616890001
17106,1406865,GUNSTON,FLANDERS,2018-06-22,22,6,2018,13,6,97,3,,1,0,Asphalt,1,2,1,30,2,2,2,5,0,0,0,0,true,false,true,false,true,false,false,false,false,false,false,false,false,false,false,false,false,false,false,false,false,false,-82.9972,42.41096,"{
  ""coordinates"": [
    -8.299720311824071e+01,
    4.241095876138610e+01
  ],
  ""type"": ""Point""
}","{
  ""coordinates"": [
    -82.997203118,
    42.410958761
  ],
  ""type"": ""Point""
}",-82.997203118,42.4109587610001
17107,1408882,DICKERSON,KERCHEVAL,2018-06-22,22,6,2018,7,6,4,9,,4,0,Asphalt,1,1,1,35,4,2,2,5,0,0,0,0,true,false,true,false,false,false,false,false,false,false,true,false,false,true,false,false,false,false,false,false,false,false,-82.95608,42.37567,"{
  ""coordinates"": [
    -8.295607398116670e+01,
    4.237567022778390e+01
  ],
  ""type"": ""Point""
}","{
  ""coordinates"": [
    -82.956073981,
    42.375670228
  ],
  ""type"": ""Point""
}",-82.956073981,42.375670228
17108,1422097,19151 GRANDVIEW,7 MILE,2018-06-22,22,6,2018,0,6,8,9,,,0,,1,1,4,25,2,2,0,5,0,0,0,0,true,false,false,false,true,false,false,false,false,false,false,false,false,false,false,false,false,false,false,false,false,false,-83.28535,42.4285,"{
  ""coordinates"": [
    -8.328534524867869e+01,
    4.242850052969000e+01
  ],
  ""type"": ""Point""
}","{
  ""coordinates"": [
    -83.285345249,
    42.42850053
  ],
  ""type"": ""Point""
}",-83.285345249,42.4285005300001
17109,1406809,GRAND RIVER,PINEHURST,2018-06-22,22,6,2018,10,6,1,3,,1,0,Asphalt,2,4,4,35,5,2,1,4,0,0,0,1,false,false,false,false,false,false,false,false,false,false,false,false,true,false,false,false,false,false,false,false,false,false,-83.16563,42.37947,"{
  ""coordinates"": [
    -8.316562723942290e+01,
    4.237947166895900e+01
  ],
  ""type"": ""Point""
}","{
  ""coordinates"": [
    -83.165627239,
    42.379471669
  ],
  ""type"": ""Point""
}",-83.1656272389999,42.3794716690001
17110,1406895,SANTA MARIA,WYOMING,2018-06-22,22,6,2018,13,6,4,9,,,0,,1,2,1,25,2,2,2,4,0,0,0,1,false,false,false,false,true,false,false,false,false,false,false,false,false,false,false,false,false,false,false,false,false,false,-83.16042,42.41874,"{
  ""coordinates"": [
    -8.316042297407570e+01,
    4.241874165179780e+01
  ],
  ""type"": ""Point""
}","{
  ""coordinates"": [
    -83.160422974,
    42.418741652
  ],
  ""type"": ""Point""
}",-83.160422974,42.4187416520001
17111,1463975,SOUTHFIELD SERVICE DRIVE,LYNDON,2018-06-22,22,6,2018,16,6,4,9,,4,0,Asphalt,2,2,1,30,2,2,2,4,0,0,0,2,false,false,true,false,false,false,false,false,false,false,false,false,false,false,false,false,false,false,false,false,false,false,-83.21828,42.39392,"{
  ""coordinates"": [
    -8.321828249210330e+01,
    4.239391523067830e+01
  ],
  ""type"": ""Point""
}","{
  ""coordinates"": [
    -83.218282492,
    42.393915231
  ],
  ""type"": ""Point""
}",-83.218282492,42.3939152310001
17112,1406890,CONANT,7 MILE,2018-06-22,22,6,2018,19,6,4,9,,4,0,Asphalt,2,1,2,35,2,2,2,5,0,0,0,0,true,false,false,false,false,false,false,false,false,false,false,false,false,false,false,false,false,false,false,false,false,false,-83.07367,42.43293,"{
  ""coordinates"": [
    -8.307367258242940e+01,
    4.243292938281210e+01
  ],
  ""type"": ""Point""
}","{
  ""coordinates"": [
    -83.073672582,
    42.432929383
  ],
  ""type"": ""Point""
}",-83.073672582,42.432929383
17113,1406858,TELEGRAPH,MCNICHOLS,2018-06-22,22,6,2018,19,6,5,2,,1,0,Asphalt,98,98,98,45,4,2,2,5,0,0,0,0,true,false,false,false,true,false,false,false,false,false,false,false,false,false,false,false,false,false,false,false,false,false,-83.27696,42.4144,"{
  ""coordinates"": [
    -8.327696099344099e+01,
    4.241439984092360e+01
  ],
  ""type"": ""Point""
}","{
  ""coordinates"": [
    -83.276960993,
    42.414399841
  ],
  ""type"": ""Point""
}",-83.276960993,42.414399841
17114,1409733,GRATIOT,WARREN,2018-06-22,22,6,2018,11,6,8,3,,1,0,Asphalt,1,1,1,35,4,2,5,5,0,0,0,0,true,false,false,false,true,false,false,false,false,false,false,false,false,false,false,true,false,false,false,false,false,false,-83.01775,42.37422,"{
  ""coordinates"": [
    -8.301774764115720e+01,
    4.237422001765990e+01
  ],
  ""type"": ""Point""
}","{
  ""coordinates"": [
    -83.017747641,
    42.374220018
  ],
  ""type"": ""Point""
}",-83.017747641,42.3742200180001
17115,1411673,I-75,ROSA PARKS,2018-06-22,22,6,2018,18,6,1,1,,4,1,Asphalt,2,4,1,55,3,1,1,4,0,0,0,1,false,false,false,false,false,false,false,false,false,true,false,false,false,false,true,false,false,false,false,false,false,false,-83.07244,42.33423,"{
  ""coordinates"": [
    -8.307243938040500e+01,
    4.233423001101700e+01
  ],
  ""type"": ""Point""
}","{
  ""coordinates"": [
    -83.07243938,
    42.334230011
  ],
  ""type"": ""Point""
}",-83.0724393799999,42.334230011
17116,1407848,17675 GRAND RIVER,ARCHDALE,2018-06-22,22,6,2018,2,6,97,3,,1,0,Asphalt,1,2,5,35,2,3,0,5,0,0,0,0,true,true,false,false,true,false,false,false,false,false,false,false,false,false,false,false,false,false,false,false,false,false,-83.21588,42.39973,"{
  ""coordinates"": [
    -8.321588135670390e+01,
    4.239972745435730e+01
  ],
  ""type"": ""Point""
}","{
  ""coordinates"": [
    -83.215881357,
    42.399727454
  ],
  ""type"": ""Point""
}",-83.2158813569999,42.3997274540001
17117,1419653,WARREN,OUTER,2018-06-22,22,6,2018,18,6,1,9,,2,1,Asphalt,2,4,1,35,5,1,1,3,0,0,1,0,false,false,false,false,false,false,false,false,false,false,false,false,false,false,false,false,false,false,false,false,false,false,-83.24734,42.34256,"{
  ""coordinates"": [
    -8.324734578915860e+01,
    4.234256548197730e+01
  ],
  ""type"": ""Point""
}","{
  ""coordinates"": [
    -83.247345789,
    42.342565482
  ],
  ""type"": ""Point""
}",-83.247345789,42.3425654820001
17118,1407847,HESSEL,PIERSON,2018-06-22,22,6,2018,14,6,4,9,,,0,,1,2,1,25,2,2,1,5,0,0,0,0,true,false,false,false,true,false,false,false,false,false,false,true,false,false,false,false,false,false,false,false,false,false,-83.24837,42.44186,"{
  ""coordinates"": [
    -8.324837298921361e+01,
    4.244186394032180e+01
  ],
  ""type"": ""Point""
}","{
  ""coordinates"": [
    -83.248372989,
    42.44186394
  ],
  ""type"": ""Point""
}",-83.248372989,42.4418639400001
17119,1406889,RYAN,7 MILE,2018-06-22,22,6,2018,18,6,5,9,,4,0,Asphalt,2,4,1,35,2,2,2,5,0,0,0,0,true,false,false,false,false,false,false,false,false,false,false,false,false,false,false,false,false,false,false,false,false,false,-83.06312,42.43313,"{
  ""coordinates"": [
    -8.306311714399700e+01,
    4.243312938101740e+01
  ],
  ""type"": ""Point""
}","{
  ""coordinates"": [
    -83.063117144,
    42.433129381
  ],
  ""type"": ""Point""
}",-83.063117144,42.4331293810001
17120,1406849,HEILDBERG,MCDOUGAL,2018-06-22,22,6,2018,16,6,9,9,,,0,,1,1,1,25,1,2,8,5,0,0,0,0,true,false,false,false,false,false,false,false,false,false,false,false,false,false,false,false,false,false,false,false,false,false,-83.02833,42.35611,"{
  ""coordinates"": [
    -8.302832656650050e+01,
    4.235611412745560e+01
  ],
  ""type"": ""Point""
}","{
  ""coordinates"": [
    -83.028326567,
    42.356114127
  ],
  ""type"": ""Point""
}",-83.028326567,42.3561141270001
17121,1409709,I 94,2ND,2018-06-22,22,6,2018,18,6,5,1,,1,0,Asphalt,2,4,1,55,3,2,2,5,0,0,0,0,true,false,false,false,false,false,false,false,false,true,false,false,false,false,false,false,false,false,false,false,false,false,-83.07192,42.36206,"{
  ""coordinates"": [
    -8.307192404588930e+01,
    4.236206086312780e+01
  ],
  ""type"": ""Point""
}","{
  ""coordinates"": [
    -83.071924046,
    42.362060863
  ],
  ""type"": ""Point""
}",-83.0719240459999,42.3620608630001
17122,1407827,MEYERS,SCHOOLCRAFT,2018-06-22,22,6,2018,19,6,4,9,,4,0,Asphalt,2,1,1,25,2,2,1,5,0,0,0,0,true,false,false,false,true,false,false,false,false,false,false,false,false,false,false,false,false,false,false,false,false,false,-83.1687,42.3877,"{
  ""coordinates"": [
    -8.316869859822749e+01,
    4.238769445730290e+01
  ],
  ""type"": ""Point""
}","{
  ""coordinates"": [
    -83.168698598,
    42.387694457
  ],
  ""type"": ""Point""
}",-83.1686985979999,42.3876944570001
17123,1407834,CONNER,SHOEMAKER,2018-06-22,22,6,2018,15,6,4,9,,4,0,Asphalt,1,1,1,35,6,2,2,5,0,0,0,0,true,false,false,false,false,false,false,false,false,false,false,false,false,true,false,false,false,false,false,false,false,false,-82.98322,42.39294,"{
  ""coordinates"": [
    -8.298321621988380e+01,
    4.239293772873980e+01
  ],
  ""type"": ""Point""
}","{
  ""coordinates"": [
    -82.98321622,
    42.392937729
  ],
  ""type"": ""Point""
}",-82.98321622,42.392937729
17124,1406870,CORBETT,GUNSTON,2018-06-22,22,6,2018,22,6,4,9,,,0,,2,1,4,25,2,2,2,2,0,1,0,0,false,false,false,false,false,false,false,false,false,false,false,false,false,false,false,false,false,false,false,false,false,false,-82.98985,42.40168,"{
  ""coordinates"": [
    -8.298984984092500e+01,
    4.240168283919070e+01
  ],
  ""type"": ""Point""
}","{
  ""coordinates"": [
    -82.989849841,
    42.401682839
  ],
  ""type"": ""Point""
}",-82.989849841,42.401682839
17125,1408810,W I 94,N I 75,2018-06-22,22,6,2018,19,6,8,1,,1,0,Concrete,2,4,1,55,4,2,1,5,0,0,0,0,true,false,false,false,true,false,false,false,false,false,false,false,false,false,true,false,false,false,false,false,false,false,-83.05797,42.36877,"{
  ""coordinates"": [
    -8.305797028579720e+01,
    4.236876832861690e+01
  ],
  ""type"": ""Point""
}","{
  ""coordinates"": [
    -83.057970286,
    42.368768329
  ],
  ""type"": ""Point""
}",-83.0579702859999,42.368768329
17126,1408832,W I 94,CONNER,2018-06-22,22,6,2018,16,6,5,1,,1,0,Asphalt,2,4,1,55,3,2,2,5,0,0,0,0,true,false,false,false,false,false,false,false,false,false,false,false,false,false,false,false,false,false,false,false,false,false,-82.98786,42.39657,"{
  ""coordinates"": [
    -8.298785988746070e+01,
    4.239656872305680e+01
  ],
  ""type"": ""Point""
}","{
  ""coordinates"": [
    -82.987859887,
    42.396568723
  ],
  ""type"": ""Point""
}",-82.987859887,42.396568723
17127,1406836,CHICAGO,SOUTHFIELD SERVICE,2018-06-22,22,6,2018,7,6,8,9,,4,0,Asphalt,1,1,1,35,2,2,1,5,0,0,0,0,true,false,false,false,true,false,false,false,false,false,false,false,false,false,false,false,false,false,false,false,false,false,-83.21693,42.36523,"{
  ""coordinates"": [
    -8.321693716955591e+01,
    4.236523044752460e+01
  ],
  ""type"": ""Point""
}","{
  ""coordinates"": [
    -83.21693717,
    42.365230448
  ],
  ""type"": ""Point""
}",-83.2169371699999,42.365230448
17128,1406848,WOODBRIDGE,WALKER,2018-06-22,22,6,2018,11,6,4,9,,,0,,1,1,1,,1,2,1,5,0,0,0,0,true,false,false,false,false,false,false,false,false,false,false,false,false,true,false,true,false,false,false,false,false,false,-83.01573,42.34031,"{
  ""coordinates"": [
    -8.301573469109060e+01,
    4.234031015449010e+01
  ],
  ""type"": ""Point""
}","{
  ""coordinates"": [
    -83.015734691,
    42.340310154
  ],
  ""type"": ""Point""
}",-83.015734691,42.3403101540001
17129,1408894,STAHELIN,ACACIA,2018-06-22,22,6,2018,1,6,4,9,,,3,,98,98,98,25,2,2,0,5,0,0,0,0,true,false,false,false,true,false,false,false,false,false,false,false,false,false,false,false,false,false,false,false,false,false,-83.22615,42.39075,"{
  ""coordinates"": [
    -8.322614679459720e+01,
    4.239075348395770e+01
  ],
  ""type"": ""Point""
}","{
  ""coordinates"": [
    -83.226146795,
    42.390753484
  ],
  ""type"": ""Point""
}",-83.226146795,42.3907534840001
17130,1406854,EVERGREEN,PLYMOUTH,2018-06-22,22,6,2018,16,6,7,9,,4,0,Asphalt,1,1,1,30,5,2,2,4,0,0,0,2,false,false,false,false,false,false,false,false,false,false,false,false,false,true,false,false,false,false,false,false,false,false,-83.23626,42.37189,"{
  ""coordinates"": [
    -8.323625726684401e+01,
    4.237189061210450e+01
  ],
  ""type"": ""Point""
}","{
  ""coordinates"": [
    -83.236257267,
    42.371890612
  ],
  ""type"": ""Point""
}",-83.236257267,42.3718906120001
17131,1410596,LONYO,N LONYO/E I 94,2018-06-22,22,6,2018,5,6,8,1,,4,0,Asphalt,1,1,3,25,2,2,2,5,0,0,0,0,true,false,false,false,true,false,false,false,false,false,false,false,false,false,false,false,false,false,false,false,false,false,-83.14463,42.3307,"{
  ""coordinates"": [
    -8.314462672169761e+01,
    4.233069556408570e+01
  ],
  ""type"": ""Point""
}","{
  ""coordinates"": [
    -83.144626722,
    42.330695564
  ],
  ""type"": ""Point""
}",-83.1446267219999,42.3306955640001
17132,1406903,MEYER,CHIPPEWA,2018-06-22,22,6,2018,4,6,4,9,,4,0,Asphalt,1,1,4,30,2,2,2,5,0,0,0,0,true,false,false,false,true,false,false,false,false,false,false,false,false,false,false,false,false,false,false,false,false,false,-83.17108,42.44073,"{
  ""coordinates"": [
    -8.317108357564790e+01,
    4.244073263478740e+01
  ],
  ""type"": ""Point""
}","{
  ""coordinates"": [
    -83.171083576,
    42.440732635
  ],
  ""type"": ""Point""
}",-83.1710835759999,42.4407326350001
17133,1407875,7 MILE,PACKARD,2018-06-22,22,6,2018,,6,5,9,,4,0,Asphalt,2,4,1,30,2,2,0,5,0,0,0,0,true,false,false,false,false,false,false,false,false,false,false,false,false,false,false,false,false,false,false,false,false,false,-83.02742,42.43391,"{
  ""coordinates"": [
    -8.302741890642061e+01,
    4.243390522395180e+01
  ],
  ""type"": ""Point""
}","{
  ""coordinates"": [
    -83.027418906,
    42.433905224
  ],
  ""type"": ""Point""
}",-83.027418906,42.4339052240001
17134,1406882,E I 96 SERVICE DRIVE,EVERGREEN,2018-06-22,22,6,2018,20,6,4,9,,4,0,Concrete,1,1,4,35,4,2,1,5,0,0,0,0,true,false,false,false,true,false,false,false,false,false,false,false,false,false,false,false,false,false,false,false,false,false,-83.23664,42.37924,"{
  ""coordinates"": [
    -8.323664375067690e+01,
    4.237924147124410e+01
  ],
  ""type"": ""Point""
}","{
  ""coordinates"": [
    -83.236643751,
    42.379241471
  ],
  ""type"": ""Point""
}",-83.236643751,42.3792414710001
17135,1406900,ROSELAWN,CAMBRIDGE,2018-06-22,22,6,2018,10,6,2,9,,,0,,1,2,1,25,1,3,3,5,0,0,0,0,true,false,false,false,false,false,false,false,false,false,true,false,false,false,false,false,false,false,false,false,false,false,-83.15313,42.43327,"{
  ""coordinates"": [
    -8.315312918652511e+01,
    4.243326933642540e+01
  ],
  ""type"": ""Point""
}","{
  ""coordinates"": [
    -83.153129187,
    42.433269336
  ],
  ""type"": ""Point""
}",-83.153129187,42.4332693360001
17136,1406830,CONNER,SHOEMAKER,2018-06-22,22,6,2018,17,6,4,9,,4,0,Asphalt,2,4,1,35,4,2,2,5,0,0,0,0,true,false,false,false,false,false,false,false,false,false,false,false,false,true,false,false,false,false,false,false,false,false,-82.98342,42.39304,"{
  ""coordinates"": [
    -8.298342076534060e+01,
    4.239304000529490e+01
  ],
  ""type"": ""Point""
}","{
  ""coordinates"": [
    -82.983420765,
    42.393040005
  ],
  ""type"": ""Point""
}",-82.9834207649999,42.393040005
17137,1407818,JEFFERSON,RANDOLPH,2018-06-22,22,6,2018,17,6,5,3,,1,0,Asphalt,2,2,1,30,3,3,4,5,0,0,0,0,true,false,false,false,false,false,false,false,false,false,false,false,false,false,false,false,false,false,false,false,false,false,-83.04185,42.32965,"{
  ""coordinates"": [
    -8.304184580331720e+01,
    4.232965563263470e+01
  ],
  ""type"": ""Point""
}","{
  ""coordinates"": [
    -83.041845803,
    42.329655633
  ],
  ""type"": ""Point""
}",-83.0418458029999,42.3296556330001
17138,1406850,GRATIOT,GRAND,2018-06-22,22,6,2018,16,6,8,1,,1,0,Asphalt,2,4,1,35,7,2,4,5,0,0,0,0,true,false,false,false,false,false,false,false,false,false,false,false,false,false,false,false,false,false,false,false,false,false,-83.08453,42.31652,"{
  ""coordinates"": [
    -8.308452459954751e+01,
    4.231651805730210e+01
  ],
  ""type"": ""Point""
}","{
  ""coordinates"": [
    -83.0845246,
    42.316518057
  ],
  ""type"": ""Point""
}",-83.0845246,42.3165180570001
17139,1406876,GRATIOT,LAPPIN,2018-06-22,22,6,2018,21,6,1,3,,1,0,Asphalt,2,4,4,35,6,1,1,2,0,1,0,0,false,false,false,false,false,false,false,false,false,false,false,false,false,false,false,false,false,false,false,false,false,false,-82.97646,42.43695,"{
  ""coordinates"": [
    -8.297646312327970e+01,
    4.243694835714100e+01
  ],
  ""type"": ""Point""
}","{
  ""coordinates"": [
    -82.976463123,
    42.436948357
  ],
  ""type"": ""Point""
}",-82.976463123,42.4369483570001
17140,1407860,WALTHAM,PINEWOOD,2018-06-22,22,6,2018,22,6,4,9,,,0,,2,1,4,25,4,2,7,2,0,1,0,2,false,false,false,false,false,false,false,false,false,false,false,false,false,false,false,false,false,false,false,false,false,false,-82.995,42.4383,"{
  ""coordinates"": [
    -8.299500514985699e+01,
    4.243830437990490e+01
  ],
  ""type"": ""Point""
}","{
  ""coordinates"": [
    -82.99500515,
    42.43830438
  ],
  ""type"": ""Point""
}",-82.9950051499999,42.43830438
17141,1406851,GRATIOT,CRANE,2018-06-22,22,6,2018,15,6,8,3,,1,0,Asphalt,1,1,1,30,6,2,1,5,0,0,0,0,true,false,false,false,true,false,false,false,false,false,false,false,false,true,false,false,false,false,false,false,false,false,-83.00984,42.38615,"{
  ""coordinates"": [
    -8.300984509054079e+01,
    4.238614787597460e+01
  ],
  ""type"": ""Point""
}","{
  ""coordinates"": [
    -83.009845091,
    42.386147876
  ],
  ""type"": ""Point""
}",-83.009845091,42.3861478760001
17142,1422125,JAMES COUZENS,MEYERS,2018-06-22,22,6,2018,22,6,8,3,,4,0,Asphalt,1,1,4,,3,2,4,5,0,0,0,0,true,false,false,false,false,false,false,false,false,false,false,false,false,false,true,false,false,false,false,false,false,false,-83.17,42.41397,"{
  ""coordinates"": [
    -8.316999884398641e+01,
    4.241397262870030e+01
  ],
  ""type"": ""Point""
}","{
  ""coordinates"": [
    -83.169998844,
    42.413972629
  ],
  ""type"": ""Point""
}",-83.169998844,42.4139726290001