ObjectId,Crash ID,Primary Road,Intersecting Road,Crash Date,Day,Month,Year,Hour,Weekday,Crash Type Code,Highway Classification Code,Community Code,Jurisdiction Code,Lane Departure Type Code,Surface Type,Road Condition,Weather Condition,Lighting Condition,Speed Limit,Lanes,Units,Occupants,Most Severe Injury,Fatal Injuries,Suspected Serious Injuries,Suspected Minor Injuries,Possible Injuries,Property Damage Only,Secondary Crash,Traffic Control,Red Light Run,Hit and Run,Alcohol,Drugs,Unbelted Person,Work Zone,Speeding Driver,Distracted Driver,Driveway,Pedestrian,Elderly Driver,Young Driver,Commercial Vehicle,Emergency Vehicles,Train,School Bus,Motorcycle,Bicycle,Deer,Longitude,Latitude,geom,geog,x,y
17197,1562907,SOUTHFIELD SERVICE DRIVE,E I 96,2018-06-21,21,6,2018,8,5,5,9,,4,0,Asphalt,1,1,1,,1,2,2,5,0,0,0,0,true,false,false,false,false,false,false,false,false,false,false,false,false,false,false,false,false,false,false,false,false,false,-83.21671,42.37869,"{
  ""coordinates"": [
    -8.321671150630110e+01,
    4.237869010526390e+01
  ],
  ""type"": ""Point""
}","{
  ""coordinates"": [
    -83.216711506,
    42.378690105
  ],
  ""type"": ""Point""
}",-83.216711506,42.378690105
17198,1415371,TEMPLE,S M 10 SERVICE DRIVE,2018-06-21,21,6,2018,23,5,5,9,,4,0,Asphalt,1,1,4,,2,2,2,4,0,0,0,1,false,false,false,false,true,false,false,false,false,false,false,false,false,false,false,false,false,false,false,false,false,false,-83.06692,42.33905,"{
  ""coordinates"": [
    -8.306691709173261e+01,
    4.233905035306040e+01
  ],
  ""type"": ""Point""
}","{
  ""coordinates"": [
    -83.066917092,
    42.339050353
  ],
  ""type"": ""Point""
}",-83.066917092,42.3390503530001
17199,1407851,SOUTHFIELD SERVICE DRIVE,GRAND RIVER,2018-06-21,21,6,2018,10,5,8,3,,4,0,Asphalt,1,1,1,45,2,2,2,5,0,0,0,0,true,false,false,false,false,false,false,false,false,false,true,false,false,false,false,true,false,false,false,false,false,false,-83.21799,42.40058,"{
  ""coordinates"": [
    -8.321798955639881e+01,
    4.240057965078680e+01
  ],
  ""type"": ""Point""
}","{
  ""coordinates"": [
    -83.217989556,
    42.400579651
  ],
  ""type"": ""Point""
}",-83.217989556,42.400579651
17200,1417014,N M 10,RAMP 103C,2018-06-21,21,6,2018,6,5,1,3,,1,0,Concrete,1,1,1,55,3,1,1,5,0,0,0,0,true,false,false,false,false,false,false,false,false,false,false,false,false,false,false,false,false,false,false,false,false,false,-83.18456,42.42873,"{
  ""coordinates"": [
    -8.318456215669660e+01,
    4.242873041066250e+01
  ],
  ""type"": ""Point""
}","{
  ""coordinates"": [
    -83.184562157,
    42.428730411
  ],
  ""type"": ""Point""
}",-83.184562157,42.4287304110001
17201,1415290,E/B I 96,MARTIN LUTHER KING,2018-06-21,21,6,2018,8,5,5,1,,1,0,Asphalt,1,1,1,55,4,2,2,5,0,0,0,0,true,false,false,false,false,false,false,false,false,false,false,false,false,false,false,false,false,false,false,false,false,false,-83.09164,42.33752,"{
  ""coordinates"": [
    -8.309164657630031e+01,
    4.233752523513500e+01
  ],
  ""type"": ""Point""
}","{
  ""coordinates"": [
    -83.091646576,
    42.337525235
  ],
  ""type"": ""Point""
}",-83.091646576,42.337525235
17202,1412949,ABINGTON,TIREMAN,2018-06-21,21,6,2018,16,5,1,9,,,0,,1,1,1,25,3,2,2,5,0,0,0,0,true,false,false,false,false,false,false,false,false,false,false,false,false,false,true,false,false,false,false,false,true,false,-83.20953,42.35067,"{
  ""coordinates"": [
    -8.320952712391660e+01,
    4.235066734695640e+01
  ],
  ""type"": ""Point""
}","{
  ""coordinates"": [
    -83.209527124,
    42.350667347
  ],
  ""type"": ""Point""
}",-83.209527124,42.3506673470001
17203,1412906,I 75,M 8,2018-06-21,21,6,2018,9,5,1,1,,1,1,Asphalt,1,1,1,70,4,1,1,4,0,0,0,1,false,false,false,false,false,false,false,false,false,false,false,false,false,false,false,false,false,false,false,false,false,false,-83.0799,42.40904,"{
  ""coordinates"": [
    -8.307990129295000e+01,
    4.240903981919330e+01
  ],
  ""type"": ""Point""
}","{
  ""coordinates"": [
    -83.079901293,
    42.409039819
  ],
  ""type"": ""Point""
}",-83.079901293,42.409039819
17204,1414596,I94,VAN DYKE,2018-06-21,21,6,2018,16,5,5,1,,1,0,Asphalt,1,1,1,55,3,3,3,5,0,0,0,0,true,false,false,false,false,false,false,false,true,true,false,false,false,true,false,false,true,false,false,false,false,false,-83.0174,42.3872,"{
  ""coordinates"": [
    -8.301740427974660e+01,
    4.238719872054450e+01
  ],
  ""type"": ""Point""
}","{
  ""coordinates"": [
    -83.01740428,
    42.387198721
  ],
  ""type"": ""Point""
}",-83.0174042799999,42.3871987210001
17205,1410571,FORT,DRAGOON,2018-06-21,21,6,2018,16,5,97,3,,1,0,Asphalt,1,1,1,30,5,2,1,5,0,0,0,0,true,false,false,false,true,false,false,false,false,false,false,false,false,false,false,true,false,false,false,false,false,false,-83.10229,42.30714,"{
  ""coordinates"": [
    -8.310228372640090e+01,
    4.230713544812450e+01
  ],
  ""type"": ""Point""
}","{
  ""coordinates"": [
    -83.102283726,
    42.307135448
  ],
  ""type"": ""Point""
}",-83.1022837259999,42.3071354480001
17206,1405622,WARREN,ARCHDALE,2018-06-21,21,6,2018,17,5,5,9,,2,0,Asphalt,1,1,1,30,4,2,4,5,0,0,0,0,true,false,false,false,false,false,false,false,false,false,false,false,false,false,false,false,false,false,false,false,false,false,-83.2148,42.34339,"{
  ""coordinates"": [
    -8.321479875175780e+01,
    4.234339125134750e+01
  ],
  ""type"": ""Point""
}","{
  ""coordinates"": [
    -83.214798752,
    42.343391251
  ],
  ""type"": ""Point""
}",-83.214798752,42.3433912510001
17207,1405637,KEYSTONE,EMERY,2018-06-21,21,6,2018,12,5,2,9,,,2,,1,1,97,25,1,2,3,5,0,0,0,0,true,false,false,false,true,false,false,false,false,false,false,false,false,false,false,false,false,false,false,false,false,false,-83.05157,42.43633,"{
  ""coordinates"": [
    -8.305156827252060e+01,
    4.243633020585110e+01
  ],
  ""type"": ""Point""
}","{
  ""coordinates"": [
    -83.051568273,
    42.436330206
  ],
  ""type"": ""Point""
}",-83.051568273,42.436330206
17208,1413813,I-94,CHALMERS,2018-06-21,21,6,2018,22,5,1,1,,1,1,Asphalt,1,1,4,55,3,1,2,5,0,0,0,0,true,false,false,false,false,false,false,false,false,true,false,false,false,false,true,false,false,false,false,false,false,false,-82.96447,42.40363,"{
  ""coordinates"": [
    -8.296446976451389e+01,
    4.240362737457710e+01
  ],
  ""type"": ""Point""
}","{
  ""coordinates"": [
    -82.964469765,
    42.403627375
  ],
  ""type"": ""Point""
}",-82.964469765,42.403627375
17209,1571574,7 MILE,SAINT MARYS,2018-06-21,21,6,2018,9,5,4,9,,2,0,Asphalt,1,1,1,35,4,2,4,4,0,0,0,3,false,false,true,false,false,false,false,false,false,false,false,false,false,false,false,false,false,false,false,false,false,false,-83.20737,42.43031,"{
  ""coordinates"": [
    -8.320736375381099e+01,
    4.243031231710790e+01
  ],
  ""type"": ""Point""
}","{
  ""coordinates"": [
    -83.207363754,
    42.430312317
  ],
  ""type"": ""Point""
}",-83.207363754,42.4303123170001
17210,1406843,WARREN,ELMWOOD,2018-06-21,21,6,2018,8,5,5,9,,4,0,Asphalt,1,1,1,30,3,2,6,5,0,0,0,0,true,false,false,false,false,false,false,false,true,false,false,false,false,true,false,false,false,false,false,false,false,false,-83.03438,42.36803,"{
  ""coordinates"": [
    -8.303437490387910e+01,
    4.236803209122750e+01
  ],
  ""type"": ""Point""
}","{
  ""coordinates"": [
    -83.034374904,
    42.368032091
  ],
  ""type"": ""Point""
}",-83.0343749039999,42.368032091
17211,1408855,MARTIN LUTHER KING JR,WOODWARD,2018-06-21,21,6,2018,18,5,8,3,,4,0,Asphalt,1,1,1,35,2,2,3,5,0,0,0,0,true,false,false,false,false,false,false,false,false,false,false,false,false,false,false,false,false,false,false,false,false,false,-83.05794,42.34754,"{
  ""coordinates"": [
    -8.305793663677360e+01,
    4.234754018843760e+01
  ],
  ""type"": ""Point""
}","{
  ""coordinates"": [
    -83.057936637,
    42.347540188
  ],
  ""type"": ""Point""
}",-83.057936637,42.347540188
17212,1415289,N/B I 75,SPRINGWELLS,2018-06-21,21,6,2018,7,5,8,1,,1,0,Concrete,1,1,1,50,3,2,3,5,0,0,0,0,true,false,false,false,false,false,false,false,false,false,false,false,false,false,false,true,false,false,false,false,false,false,-83.1236,42.29839,"{
  ""coordinates"": [
    -8.312359494178700e+01,
    4.229838840159910e+01
  ],
  ""type"": ""Point""
}","{
  ""coordinates"": [
    -83.123594942,
    42.298388402
  ],
  ""type"": ""Point""
}",-83.123594942,42.2983884020001
17213,1415295,N/B I 75,PIQUETTE,2018-06-21,21,6,2018,15,5,5,1,,1,0,Asphalt,1,1,1,55,4,2,2,5,0,0,0,0,true,false,false,false,false,false,false,false,false,false,false,false,false,false,true,false,false,false,false,false,false,false,-83.05832,42.36936,"{
  ""coordinates"": [
    -8.305831639895750e+01,
    4.236936285909630e+01
  ],
  ""type"": ""Point""
}","{
  ""coordinates"": [
    -83.058316399,
    42.369362859
  ],
  ""type"": ""Point""
}",-83.058316399,42.369362859
17214,1438564,CONNER,OUTER,2018-06-21,21,6,2018,5,5,5,9,,2,0,Concrete,1,1,1,35,4,2,2,5,0,0,0,0,true,false,false,false,true,false,false,false,false,false,false,false,false,true,false,false,false,false,false,false,false,false,-83.01453,42.43615,"{
  ""coordinates"": [
    -8.301453640633760e+01,
    4.243614949755560e+01
  ],
  ""type"": ""Point""
}","{
  ""coordinates"": [
    -83.014536406,
    42.436149498
  ],
  ""type"": ""Point""
}",-83.014536406,42.4361494980001
17215,1412948,PLYMOUTH,HEYDEN,2018-06-21,21,6,2018,15,5,8,9,,4,0,Asphalt,1,1,1,30,7,3,2,5,0,0,0,0,true,false,false,false,false,false,false,false,false,false,false,false,false,false,false,true,false,false,false,false,false,false,-83.23842,42.37187,"{
  ""coordinates"": [
    -8.323841546142260e+01,
    4.237187375114780e+01
  ],
  ""type"": ""Point""
}","{
  ""coordinates"": [
    -83.238415461,
    42.371873751
  ],
  ""type"": ""Point""
}",-83.238415461,42.3718737510001
17216,1406840,N I 75 SERVICE DRIVE,CANFIELD,2018-06-21,21,6,2018,20,5,1,9,,5,0,Asphalt,1,1,3,35,2,2,1,4,0,0,0,1,false,false,false,false,true,false,false,false,false,false,false,false,false,false,false,false,false,false,false,false,true,false,-83.05096,42.35675,"{
  ""coordinates"": [
    -8.305096756119890e+01,
    4.235674905900500e+01
  ],
  ""type"": ""Point""
}","{
  ""coordinates"": [
    -83.050967561,
    42.356749059
  ],
  ""type"": ""Point""
}",-83.0509675609999,42.356749059
17217,1417027,RAMP 008C,RAMP 008B,2018-06-21,21,6,2018,11,5,8,1,,1,0,Concrete,1,1,1,55,4,2,2,5,0,0,0,0,true,false,false,false,false,false,false,false,false,false,false,false,false,false,false,false,false,false,false,false,false,false,-83.21663,42.37741,"{
  ""coordinates"": [
    -8.321662862200910e+01,
    4.237740624714980e+01
  ],
  ""type"": ""Point""
}","{
  ""coordinates"": [
    -83.216628622,
    42.377406247
  ],
  ""type"": ""Point""
}",-83.216628622,42.3774062470001
17218,1412897,M-39,GRAND RIVER,2018-06-21,21,6,2018,18,5,8,3,,1,0,Asphalt,1,2,1,55,3,2,2,5,0,0,0,0,true,false,false,false,true,false,false,true,false,false,false,false,false,false,false,false,false,false,false,false,false,false,-83.21819,42.39957,"{
  ""coordinates"": [
    -8.321818689524800e+01,
    4.239957010906830e+01
  ],
  ""type"": ""Point""
}","{
  ""coordinates"": [
    -83.218186895,
    42.399570109
  ],
  ""type"": ""Point""
}",-83.218186895,42.3995701090001
17219,1407798,GRISWOLD,MICHIGAN,2018-06-21,21,6,2018,13,5,7,9,,4,0,Asphalt,1,1,1,25,4,2,2,5,0,0,0,0,true,false,false,false,false,false,false,false,false,false,false,false,false,false,true,true,false,false,false,false,false,false,-83.04835,42.33175,"{
  ""coordinates"": [
    -8.304834835343929e+01,
    4.233175460646690e+01
  ],
  ""type"": ""Point""
}","{
  ""coordinates"": [
    -83.048348353,
    42.331754606
  ],
  ""type"": ""Point""
}",-83.0483483529999,42.3317546060001
17220,1406884,7 MILE,MOENART,2018-06-21,21,6,2018,19,5,5,9,,4,0,Asphalt,1,1,1,35,2,2,5,5,0,0,0,0,true,false,false,false,true,false,false,false,false,false,false,false,false,false,false,false,false,false,false,false,false,false,-83.05023,42.43341,"{
  ""coordinates"": [
    -8.305022917457430e+01,
    4.243341067301310e+01
  ],
  ""type"": ""Point""
}","{
  ""coordinates"": [
    -83.050229175,
    42.433410673
  ],
  ""type"": ""Point""
}",-83.050229175,42.433410673
17221,1330729,DAVISON,LIVERNOIS,2018-03-20,20,3,2018,20,3,8,3,,1,0,Concrete,1,1,3,35,4,2,1,4,0,0,0,1,false,false,false,false,true,false,false,false,false,false,false,false,false,false,false,false,false,false,false,false,false,false,-83.13965,42.38649,"{
  ""coordinates"": [
    -8.313964500093731e+01,
    4.238648956355950e+01
  ],
  ""type"": ""Point""
}","{
  ""coordinates"": [
    -83.139645001,
    42.386489564
  ],
  ""type"": ""Point""
}",-83.139645001,42.386489564
17222,1330700,GRAND,MOORE,2018-03-20,20,3,2018,8,3,4,9,,4,0,Asphalt,1,1,1,35,3,2,2,4,0,0,0,2,false,false,false,false,false,false,false,false,false,false,false,false,false,false,false,false,false,false,false,false,false,false,-83.11026,42.35196,"{
  ""coordinates"": [
    -8.311025963817170e+01,
    4.235195852095960e+01
  ],
  ""type"": ""Point""
}","{
  ""coordinates"": [
    -83.110259638,
    42.351958521
  ],
  ""type"": ""Point""
}",-83.1102596379999,42.351958521
17223,1338653,CHICAGO,SORRENTO,2018-03-20,20,3,2018,18,3,5,9,,4,0,Asphalt,1,1,1,35,3,2,5,4,0,0,0,1,false,false,false,false,false,false,false,false,false,false,true,false,false,false,false,false,false,false,false,false,false,false,-83.17164,42.36592,"{
  ""coordinates"": [
    -8.317163766228271e+01,
    4.236592083667040e+01
  ],
  ""type"": ""Point""
}","{
  ""coordinates"": [
    -83.171637662,
    42.365920837
  ],
  ""type"": ""Point""
}",-83.171637662,42.365920837
17224,1340242,CADIEUX,MUNICH,2018-03-20,20,3,2018,18,3,4,9,,4,0,Asphalt,1,1,1,30,2,2,1,5,0,0,0,0,true,false,false,false,true,false,false,false,false,false,false,false,false,false,false,false,false,false,false,false,false,false,-82.92755,42.40265,"{
  ""coordinates"": [
    -8.292755062593299e+01,
    4.240264543492880e+01
  ],
  ""type"": ""Point""
}","{
  ""coordinates"": [
    -82.927550626,
    42.402645435
  ],
  ""type"": ""Point""
}",-82.927550626,42.4026454350001
17225,1333528,N M 10,GREENLAWN,2018-03-20,20,3,2018,15,3,5,3,,1,0,Concrete,1,1,1,55,3,2,2,5,0,0,0,0,true,false,false,false,false,false,false,false,false,false,false,false,false,true,false,false,false,false,false,false,false,false,-83.15329,42.40483,"{
  ""coordinates"": [
    -8.315328653089890e+01,
    4.240482693322430e+01
  ],
  ""type"": ""Point""
}","{
  ""coordinates"": [
    -83.153286531,
    42.404826933
  ],
  ""type"": ""Point""
}",-83.1532865309999,42.404826933
17226,1331566,STATE FAIR,HAYES,2018-03-20,20,3,2018,10,3,97,9,,4,0,Asphalt,1,1,1,30,4,4,8,4,0,0,0,3,false,false,true,true,false,false,false,false,false,false,false,false,false,false,false,false,false,false,false,false,false,false,-82.96571,42.44268,"{
  ""coordinates"": [
    -8.296570631865340e+01,
    4.244267788080520e+01
  ],
  ""type"": ""Point""
}","{
  ""coordinates"": [
    -82.965706319,
    42.442677881
  ],
  ""type"": ""Point""
}",-82.9657063189999,42.4426778810001
17227,1333553,S/B I 75,WARREN,2018-03-20,20,3,2018,13,3,97,1,,1,0,Concrete,1,1,1,55,4,2,2,3,0,0,1,1,false,true,false,false,false,false,false,false,false,true,false,false,false,false,false,false,false,false,false,false,false,false,-83.0545,42.3608,"{
  ""coordinates"": [
    -8.305450712820461e+01,
    4.236079928835280e+01
  ],
  ""type"": ""Point""
}","{
  ""coordinates"": [
    -83.054507128,
    42.360799288
  ],
  ""type"": ""Point""
}",-83.054507128,42.3607992880001
17228,1332356,WOODWARD,ALFRED,2018-03-20,20,3,2018,23,3,8,3,,1,0,Asphalt,1,1,4,30,3,2,4,5,0,0,0,0,true,false,false,false,false,false,false,false,false,false,false,false,false,false,false,false,false,false,false,false,false,false,-83.05477,42.34274,"{
  ""coordinates"": [
    -8.305477094435351e+01,
    4.234274116287950e+01
  ],
  ""type"": ""Point""
}","{
  ""coordinates"": [
    -83.054770944,
    42.342741163
  ],
  ""type"": ""Point""
}",-83.054770944,42.342741163
17229,1330733,RYAN,NANCY,2018-03-20,20,3,2018,13,3,5,9,,4,0,Asphalt,1,1,1,35,2,2,2,5,0,0,0,0,true,false,false,false,true,false,false,false,false,false,false,false,false,false,false,false,false,false,false,false,false,false,-83.06258,42.4209,"{
  ""coordinates"": [
    -8.306257855378190e+01,
    4.242089695958610e+01
  ],
  ""type"": ""Point""
}","{
  ""coordinates"": [
    -83.062578554,
    42.42089696
  ],
  ""type"": ""Point""
}",-83.062578554,42.4208969600001
17230,1332353,LARNED,RIVARD,2018-03-20,20,3,2018,16,3,1,9,,4,1,Asphalt,1,1,1,,3,1,1,5,0,0,0,0,true,false,false,false,false,false,false,false,false,false,false,false,false,false,false,false,false,false,false,false,false,false,-83.03516,42.33377,"{
  ""coordinates"": [
    -8.303516701973351e+01,
    4.233377583833350e+01
  ],
  ""type"": ""Point""
}","{
  ""coordinates"": [
    -83.03516702,
    42.333775838
  ],
  ""type"": ""Point""
}",-83.03516702,42.3337758380001
17231,1330720,JOANN,7 MILE,2018-03-20,20,3,2018,10,3,4,9,,,0,,1,1,1,25,3,2,2,4,0,0,0,1,false,false,true,true,false,false,false,false,false,false,false,false,false,true,false,false,false,false,false,false,false,false,-82.99001,42.43479,"{
  ""coordinates"": [
    -8.299001227572910e+01,
    4.243478831453620e+01
  ],
  ""type"": ""Point""
}","{
  ""coordinates"": [
    -82.990012276,
    42.434788315
  ],
  ""type"": ""Point""
}",-82.990012276,42.434788315
17232,1333540,M-10,7 MILE,2018-03-20,20,3,2018,19,3,1,3,,1,1,Concrete,1,1,4,55,3,1,1,5,0,0,0,0,true,false,false,false,false,false,false,false,false,false,false,false,false,false,false,false,false,false,false,false,false,false,-83.1883,42.43191,"{
  ""coordinates"": [
    -8.318829752914750e+01,
    4.243191321797330e+01
  ],
  ""type"": ""Point""
}","{
  ""coordinates"": [
    -83.188297529,
    42.431913218
  ],
  ""type"": ""Point""
}",-83.188297529,42.431913218
17233,1333522,RAMP 122L,RAMP 122B,2018-03-20,20,3,2018,8,3,1,1,,1,1,Concrete,1,1,1,25,1,1,1,4,0,0,0,1,false,false,false,false,false,false,false,false,false,true,false,false,false,false,false,false,false,false,false,false,false,false,-83.06468,42.33685,"{
  ""coordinates"": [
    -8.306468338772190e+01,
    4.233685133011490e+01
  ],
  ""type"": ""Point""
}","{
  ""coordinates"": [
    -83.064683388,
    42.33685133
  ],
  ""type"": ""Point""
}",-83.0646833879999,42.3368513300001
17234,1331551,GRAND,JEFFERSON,2018-03-20,20,3,2018,20,3,10,3,,1,0,Concrete,1,1,4,30,2,2,1,5,0,0,0,0,true,false,false,false,true,false,false,false,false,false,false,false,false,false,false,false,false,false,false,false,false,false,-83.06683,42.33961,"{
  ""coordinates"": [
    -8.306682503269440e+01,
    4.233960999523120e+01
  ],
  ""type"": ""Point""
}","{
  ""coordinates"": [
    -83.066825033,
    42.339609995
  ],
  ""type"": ""Point""
}",-83.066825033,42.339609995
17235,1330735,N M 10,MCNICHOLS,2018-03-20,20,3,2018,8,3,8,3,,1,0,Concrete,1,1,1,35,2,2,4,5,0,0,0,0,true,false,false,false,false,false,false,false,false,false,false,false,false,false,true,false,false,false,false,false,false,false,-83.17218,42.41676,"{
  ""coordinates"": [
    -8.317217942542980e+01,
    4.241676440767460e+01
  ],
  ""type"": ""Point""
}","{
  ""coordinates"": [
    -83.172179425,
    42.416764408
  ],
  ""type"": ""Point""
}",-83.172179425,42.4167644080001
17236,1331537,JOHN KRONK,CLIPPERT,2018-03-20,20,3,2018,16,3,1,9,,4,1,Asphalt,1,1,1,25,2,1,1,4,0,0,0,1,false,false,false,false,false,false,false,false,false,false,false,false,false,false,false,false,false,false,false,false,false,false,-83.12022,42.32361,"{
  ""coordinates"": [
    -8.312022666175680e+01,
    4.232361118734460e+01
  ],
  ""type"": ""Point""
}","{
  ""coordinates"": [
    -83.120226662,
    42.323611187
  ],
  ""type"": ""Point""
}",-83.1202266619999,42.323611187
17237,1330704,JEFFERSON,BRUSH,2018-03-20,20,3,2018,16,3,8,4,,1,0,Asphalt,1,1,1,35,2,2,2,5,0,0,0,0,true,false,false,false,false,false,false,false,false,false,false,false,false,false,false,false,false,false,false,false,false,false,-83.04056,42.33057,"{
  ""coordinates"": [
    -8.304056122986940e+01,
    4.233056493686960e+01
  ],
  ""type"": ""Point""
}","{
  ""coordinates"": [
    -83.04056123,
    42.330564937
  ],
  ""type"": ""Point""
}",-83.04056123,42.3305649370001
17238,1332372,GRAND RIVER,PREVOST,2018-03-20,20,3,2018,16,3,5,3,,1,0,Asphalt,1,1,1,35,6,2,1,5,0,0,0,0,true,false,false,false,false,false,false,false,false,false,false,false,false,false,false,false,false,false,false,false,false,false,-83.20235,42.39426,"{
  ""coordinates"": [
    -8.320235093570460e+01,
    4.239426486738740e+01
  ],
  ""type"": ""Point""
}","{
  ""coordinates"": [
    -83.202350936,
    42.394264867
  ],
  ""type"": ""Point""
}",-83.202350936,42.3942648670001
17239,1333555,S/B I 75,WARREN,2018-03-20,20,3,2018,13,3,1,1,,1,1,Concrete,1,1,1,55,4,1,1,3,0,0,1,0,false,true,false,false,false,false,false,false,false,true,false,false,false,false,false,false,false,false,false,false,false,false,-83.05449,42.36077,"{
  ""coordinates"": [
    -8.305449019426580e+01,
    4.236077317443420e+01
  ],
  ""type"": ""Point""
}","{
  ""coordinates"": [
    -83.054490194,
    42.360773174
  ],
  ""type"": ""Point""
}",-83.054490194,42.360773174
17240,1330736,VASSAR,OUTER,2018-03-20,20,3,2018,7,3,4,9,,4,0,Asphalt,1,1,1,35,4,2,4,4,0,0,0,1,false,false,true,false,false,false,false,false,false,false,false,false,false,false,false,false,false,false,false,false,false,false,-83.17576,42.43462,"{
  ""coordinates"": [
    -8.317576198377520e+01,
    4.243462536373130e+01
  ],
  ""type"": ""Point""
}","{
  ""coordinates"": [
    -83.175761984,
    42.434625364
  ],
  ""type"": ""Point""
}",-83.175761984,42.4346253640001
17241,1331536,FORT,SCHAEFER,2018-03-20,20,3,2018,16,3,8,1,,1,0,Asphalt,1,1,1,35,2,2,2,5,0,0,0,0,true,false,false,false,false,false,false,false,false,false,false,true,false,false,false,false,false,false,false,false,false,false,-83.15635,42.27579,"{
  ""coordinates"": [
    -8.315634978546960e+01,
    4.227578979223350e+01
  ],
  ""type"": ""Point""
}","{
  ""coordinates"": [
    -83.156349785,
    42.275789792
  ],
  ""type"": ""Point""
}",-83.156349785,42.2757897920001
17242,1330731,8 MILE,MOENART,2018-03-20,20,3,2018,4,3,5,3,,1,0,Asphalt,1,1,1,45,4,3,3,5,0,0,0,0,true,true,false,false,false,false,false,false,false,false,false,false,false,false,false,false,false,false,false,false,false,false,-83.0507,42.44759,"{
  ""coordinates"": [
    -8.305069957164150e+01,
    4.244759003691120e+01
  ],
  ""type"": ""Point""
}","{
  ""coordinates"": [
    -83.050699572,
    42.447590037
  ],
  ""type"": ""Point""
}",-83.050699572,42.4475900370001
17243,1332363,MACK,MOUNT ELLIOTT,2018-03-20,20,3,2018,16,3,4,9,,4,0,Asphalt,1,1,1,30,2,2,3,5,0,0,0,0,true,false,false,false,true,false,false,false,false,false,false,false,false,false,false,false,false,false,false,false,false,false,-83.02177,42.36123,"{
  ""coordinates"": [
    -8.302177459317380e+01,
    4.236123258846020e+01
  ],
  ""type"": ""Point""
}","{
  ""coordinates"": [
    -83.021774593,
    42.361232588
  ],
  ""type"": ""Point""
}",-83.021774593,42.3612325880001
17244,1332373,I 75 SERVICE,MACK,2018-03-20,20,3,2018,14,3,5,9,,5,0,Asphalt,1,1,1,30,2,2,3,5,0,0,0,0,true,false,false,false,false,false,false,false,false,false,false,false,false,false,true,false,false,false,false,false,false,false,-83.04723,42.35112,"{
  ""coordinates"": [
    -8.304723532552190e+01,
    4.235112353009950e+01
  ],
  ""type"": ""Point""
}","{
  ""coordinates"": [
    -83.047235326,
    42.35112353
  ],
  ""type"": ""Point""
}",-83.047235326,42.3511235300001
17245,1330722,14TH,GRAND,2018-03-20,20,3,2018,14,3,4,9,,4,0,Asphalt,1,1,1,30,3,2,1,5,0,0,0,0,true,false,true,false,true,false,false,false,false,false,false,false,false,false,false,false,false,false,false,false,false,false,-83.11713,42.39684,"{
  ""coordinates"": [
    -8.311712603665200e+01,
    4.239683886540030e+01
  ],
  ""type"": ""Point""
}","{
  ""coordinates"": [
    -83.117126037,
    42.396838865
  ],
  ""type"": ""Point""
}",-83.1171260369999,42.3968388650001
17246,1331538,OAKWOOD,POWELL,2018-03-20,20,3,2018,17,3,97,9,,4,0,Asphalt,1,5,1,30,2,3,1,5,0,0,0,0,true,false,false,false,true,false,false,false,false,false,false,false,false,false,true,false,false,false,false,false,false,false,-83.1456,42.29015,"{
  ""coordinates"": [
    -8.314560046425269e+01,
    4.229015154077180e+01
  ],
  ""type"": ""Point""
}","{
  ""coordinates"": [
    -83.145600464,
    42.290151541
  ],
  ""type"": ""Point""
}",-83.145600464,42.2901515410001
17247,1330708,FORT,DOWNING,2018-03-20,20,3,2018,5,3,5,3,,1,0,Asphalt,1,1,1,45,3,2,3,5,0,0,0,0,true,false,false,false,false,false,false,false,false,false,false,false,false,false,false,false,false,false,false,false,false,false,-83.15904,42.27214,"{
  ""coordinates"": [
    -8.315904436994970e+01,
    4.227214136773060e+01
  ],
  ""type"": ""Point""
}","{
  ""coordinates"": [
    -83.15904437,
    42.272141368
  ],
  ""type"": ""Point""
}",-83.1590443699999,42.2721413680001
17248,1333526,I-94,BRUSH,2018-03-20,20,3,2018,9,3,5,1,,1,0,Asphalt,1,1,1,55,3,2,2,5,0,0,0,0,true,false,false,false,false,false,false,false,false,false,false,false,false,false,false,false,false,false,false,false,false,false,-83.06281,42.36643,"{
  ""coordinates"": [
    -8.306280743854450e+01,
    4.236643276477140e+01
  ],
  ""type"": ""Point""
}","{
  ""coordinates"": [
    -83.062807439,
    42.366432765
  ],
  ""type"": ""Point""
}",-83.062807439,42.3664327650001
17249,1330716,TELEGRAPH,GRAND RIVER,2018-03-20,20,3,2018,6,3,5,2,,1,0,Asphalt,1,1,4,45,3,2,2,5,0,0,0,0,true,false,false,false,false,false,false,false,false,false,false,false,false,false,true,false,false,false,false,false,false,false,-83.27737,42.42435,"{
  ""coordinates"": [
    -8.327737071200180e+01,
    4.242435114968230e+01
  ],
  ""type"": ""Point""
}","{
  ""coordinates"": [
    -83.277370712,
    42.42435115
  ],
  ""type"": ""Point""
}",-83.2773707119999,42.4243511500001
17250,1332376,KELLY,EASTBURN,2018-03-20,20,3,2018,15,3,8,9,,2,0,Concrete,1,1,1,35,6,2,4,5,0,0,0,0,true,false,false,false,false,false,false,true,false,false,false,false,false,false,false,true,false,false,false,false,false,false,-82.94495,42.44571,"{
  ""coordinates"": [
    -8.294495419397390e+01,
    4.244570672810070e+01
  ],
  ""type"": ""Point""
}","{
  ""coordinates"": [
    -82.944954194,
    42.445706728
  ],
  ""type"": ""Point""
}",-82.944954194,42.4457067280001