ObjectId,Crash ID,Primary Road,Intersecting Road,Crash Date,Day,Month,Year,Hour,Weekday,Crash Type Code,Highway Classification Code,Community Code,Jurisdiction Code,Lane Departure Type Code,Surface Type,Road Condition,Weather Condition,Lighting Condition,Speed Limit,Lanes,Units,Occupants,Most Severe Injury,Fatal Injuries,Suspected Serious Injuries,Suspected Minor Injuries,Possible Injuries,Property Damage Only,Secondary Crash,Traffic Control,Red Light Run,Hit and Run,Alcohol,Drugs,Unbelted Person,Work Zone,Speeding Driver,Distracted Driver,Driveway,Pedestrian,Elderly Driver,Young Driver,Commercial Vehicle,Emergency Vehicles,Train,School Bus,Motorcycle,Bicycle,Deer,Longitude,Latitude,geom,geog,x,y
17469,1371372,MICHIGAN,ROSA PARKS,2018-03-17,17,3,2018,15,7,1,2,,1,0,Brick,1,1,1,35,5,2,0,2,0,1,0,0,false,false,false,false,true,false,false,false,false,false,false,false,true,false,false,false,false,false,false,false,false,false,-83.07176,42.33139,"{
  ""coordinates"": [
    -8.307176149896080e+01,
    4.233139206838660e+01
  ],
  ""type"": ""Point""
}","{
  ""coordinates"": [
    -83.071761499,
    42.331392068
  ],
  ""type"": ""Point""
}",-83.071761499,42.3313920680001
17470,1331547,CHARLEVOIX,SHERIDAN,2018-03-17,17,3,2018,22,7,4,9,,4,0,Asphalt,1,1,4,30,3,2,2,4,0,0,0,1,false,false,false,false,false,false,false,false,false,false,false,false,false,true,false,false,false,false,false,false,false,false,-83.00779,42.36107,"{
  ""coordinates"": [
    -8.300778773486979e+01,
    4.236106952422610e+01
  ],
  ""type"": ""Point""
}","{
  ""coordinates"": [
    -83.007787735,
    42.361069524
  ],
  ""type"": ""Point""
}",-83.007787735,42.3610695240001
17471,1328693,E I 94,CONNER,2018-03-17,17,3,2018,15,7,5,1,,1,0,Asphalt,1,1,1,,1,2,2,5,0,0,0,0,true,false,false,false,false,false,false,false,false,false,false,false,false,true,false,false,false,false,false,false,false,false,-82.98646,42.39514,"{
  ""coordinates"": [
    -8.298645838083210e+01,
    4.239514022223130e+01
  ],
  ""type"": ""Point""
}","{
  ""coordinates"": [
    -82.986458381,
    42.395140222
  ],
  ""type"": ""Point""
}",-82.986458381,42.3951402220001
17472,1330696,E I 96,BUCHANAN,2018-03-17,17,3,2018,11,7,8,1,,1,0,Asphalt,1,1,1,35,2,2,2,4,0,0,0,1,false,false,false,false,true,false,false,false,false,false,false,false,false,false,false,false,false,false,false,false,false,false,-83.09377,42.34108,"{
  ""coordinates"": [
    -8.309376315877800e+01,
    4.234107744759820e+01
  ],
  ""type"": ""Point""
}","{
  ""coordinates"": [
    -83.093763159,
    42.341077448
  ],
  ""type"": ""Point""
}",-83.0937631589999,42.3410774480001
17473,1329911,MILWAUKEE,S M 10,2018-03-17,17,3,2018,9,7,4,3,,4,0,Asphalt,1,1,1,25,2,2,3,2,0,1,0,0,false,false,false,false,false,false,false,false,false,false,false,false,false,false,false,true,false,false,false,false,false,false,-83.08105,42.36592,"{
  ""coordinates"": [
    -8.308104781451310e+01,
    4.236592548517300e+01
  ],
  ""type"": ""Point""
}","{
  ""coordinates"": [
    -83.081047815,
    42.365925485
  ],
  ""type"": ""Point""
}",-83.081047815,42.365925485
17474,1327916,FITZPATRICK,BRACE,2018-03-17,17,3,2018,4,7,2,9,,,2,,1,1,4,25,2,3,0,5,0,0,0,0,true,false,false,false,true,false,false,false,false,false,false,false,false,false,false,false,false,false,false,false,false,false,-83.2239,42.36858,"{
  ""coordinates"": [
    -8.322389624851959e+01,
    4.236858096082460e+01
  ],
  ""type"": ""Point""
}","{
  ""coordinates"": [
    -83.223896249,
    42.368580961
  ],
  ""type"": ""Point""
}",-83.2238962489999,42.3685809610001
17475,1329913,STEEL,JOY,2018-03-17,17,3,2018,21,7,98,9,,,0,,98,1,5,,2,2,0,5,0,0,0,0,true,false,false,false,true,false,false,false,false,false,false,false,false,false,false,false,false,false,false,false,false,false,-83.17019,42.35871,"{
  ""coordinates"": [
    -8.317018682388060e+01,
    4.235871307387820e+01
  ],
  ""type"": ""Point""
}","{
  ""coordinates"": [
    -83.170186824,
    42.358713074
  ],
  ""type"": ""Point""
}",-83.170186824,42.358713074
17476,1331567,HOOVER,PARKGROVE,2018-03-17,17,3,2018,1,7,5,3,,1,3,Asphalt,1,1,5,30,2,2,0,5,0,0,0,0,true,false,false,false,true,false,false,false,false,false,false,false,false,false,false,false,false,false,false,false,false,false,-83.00439,42.42875,"{
  ""coordinates"": [
    -8.300439329372320e+01,
    4.242874706980200e+01
  ],
  ""type"": ""Point""
}","{
  ""coordinates"": [
    -83.004393294,
    42.42874707
  ],
  ""type"": ""Point""
}",-83.004393294,42.42874707
17477,1333618,FAUST,BELTON,2018-03-17,17,3,2018,11,7,7,9,,,0,,1,1,1,25,1,2,2,4,0,0,0,1,false,false,false,false,true,false,false,false,false,false,false,true,false,true,false,false,false,false,false,false,false,false,-83.22112,42.35181,"{
  ""coordinates"": [
    -8.322111711552930e+01,
    4.235180737730840e+01
  ],
  ""type"": ""Point""
}","{
  ""coordinates"": [
    -83.221117116,
    42.351807377
  ],
  ""type"": ""Point""
}",-83.221117116,42.3518073770001
17478,1327969,PRAIRIE,OUTER,2018-03-17,17,3,2018,11,7,97,9,,,0,,1,1,1,25,1,2,1,4,0,0,0,1,false,false,false,false,true,false,false,false,false,false,false,false,true,false,false,false,false,false,false,false,false,false,-83.14594,42.43581,"{
  ""coordinates"": [
    -8.314593168236181e+01,
    4.243580893344740e+01
  ],
  ""type"": ""Point""
}","{
  ""coordinates"": [
    -83.145931682,
    42.435808933
  ],
  ""type"": ""Point""
}",-83.145931682,42.435808933
17479,1329922,JAMES COUZENS,WYOMING,2018-03-17,17,3,2018,17,7,5,9,,4,0,Concrete,1,1,1,35,1,2,1,5,0,0,0,0,true,false,false,false,true,false,false,false,false,false,false,false,false,true,false,false,false,false,false,false,false,false,-83.15981,42.40564,"{
  ""coordinates"": [
    -8.315981550632959e+01,
    4.240563806878590e+01
  ],
  ""type"": ""Point""
}","{
  ""coordinates"": [
    -83.159815506,
    42.405638069
  ],
  ""type"": ""Point""
}",-83.159815506,42.4056380690001
17480,1328729,SCOTTEN,WARREN,2018-03-17,17,3,2018,12,7,3,9,,4,0,Asphalt,1,1,1,30,2,2,2,5,0,0,0,0,true,false,false,false,false,false,false,false,false,false,true,false,false,true,true,false,false,false,false,false,false,false,-83.11109,42.34478,"{
  ""coordinates"": [
    -8.311108986639729e+01,
    4.234477865020460e+01
  ],
  ""type"": ""Point""
}","{
  ""coordinates"": [
    -83.111089866,
    42.34477865
  ],
  ""type"": ""Point""
}",-83.111089866,42.3447786500001
17481,1327927,HARPER,FISCHER,2018-03-17,17,3,2018,7,7,8,9,,4,0,Asphalt,1,1,4,30,3,3,3,4,0,0,0,3,false,false,false,false,false,false,false,false,false,false,false,false,false,false,false,false,false,false,false,false,false,false,-83.01454,42.39066,"{
  ""coordinates"": [
    -8.301453930407520e+01,
    4.239066494016530e+01
  ],
  ""type"": ""Point""
}","{
  ""coordinates"": [
    -83.014539304,
    42.39066494
  ],
  ""type"": ""Point""
}",-83.014539304,42.3906649400001
17482,1330715,W I 96,EVERGREEN,2018-03-17,17,3,2018,1,7,1,1,,1,1,Concrete,1,1,4,25,3,1,1,5,0,0,0,0,true,false,false,false,false,false,false,false,false,false,false,false,false,false,false,false,false,false,false,false,false,false,-83.23659,42.38042,"{
  ""coordinates"": [
    -8.323658649011971e+01,
    4.238041853219000e+01
  ],
  ""type"": ""Point""
}","{
  ""coordinates"": [
    -83.23658649,
    42.380418532
  ],
  ""type"": ""Point""
}",-83.23658649,42.3804185320001
17483,1331524,ST ANTOINE,GRATIOT,2018-03-17,17,3,2018,18,7,5,3,,4,0,Asphalt,1,1,1,25,3,2,3,5,0,0,0,0,true,false,false,false,true,false,false,false,false,false,false,false,false,false,false,false,false,false,false,false,false,false,-83.04274,42.33824,"{
  ""coordinates"": [
    -8.304273985291420e+01,
    4.233824019396460e+01
  ],
  ""type"": ""Point""
}","{
  ""coordinates"": [
    -83.042739853,
    42.338240194
  ],
  ""type"": ""Point""
}",-83.0427398529999,42.338240194
17484,1327863,W I 94,GRAND RIVER,2018-03-16,16,3,2018,12,6,1,1,,1,1,Asphalt,1,1,1,55,1,1,1,5,0,0,0,0,true,true,false,false,false,false,false,false,false,false,false,false,false,false,false,false,false,false,false,false,false,false,-83.09579,42.35128,"{
  ""coordinates"": [
    -8.309578468249640e+01,
    4.235128085740480e+01
  ],
  ""type"": ""Point""
}","{
  ""coordinates"": [
    -83.095784682,
    42.351280857
  ],
  ""type"": ""Point""
}",-83.095784682,42.3512808570001
17485,1327865,I-94,CADIEUX,2018-03-16,16,3,2018,9,6,5,1,,1,0,Asphalt,1,1,1,55,3,2,2,5,0,0,0,0,true,false,false,false,false,false,false,false,false,false,true,false,false,false,false,false,false,false,false,false,false,false,-82.93562,42.41816,"{
  ""coordinates"": [
    -8.293561814327710e+01,
    4.241816396096030e+01
  ],
  ""type"": ""Point""
}","{
  ""coordinates"": [
    -82.935618143,
    42.418163961
  ],
  ""type"": ""Point""
}",-82.9356181429999,42.4181639610001
17486,1327936,RUTHERFORD,GROVE,2018-03-16,16,3,2018,18,6,4,9,,,0,,1,1,3,25,2,2,2,5,0,0,0,0,true,false,true,false,true,false,false,false,false,false,false,false,false,false,false,false,false,false,false,false,false,false,-83.20465,42.41404,"{
  ""coordinates"": [
    -8.320464799158231e+01,
    4.241403407270490e+01
  ],
  ""type"": ""Point""
}","{
  ""coordinates"": [
    -83.204647992,
    42.414034073
  ],
  ""type"": ""Point""
}",-83.2046479919999,42.414034073
17487,1327917,N M 39 SERVICE DRIVE,TIREMAN,2018-03-16,16,3,2018,18,6,4,9,,4,0,Asphalt,1,1,1,35,2,2,2,5,0,0,0,0,true,false,false,false,false,false,false,false,false,false,false,false,false,false,false,false,false,false,false,false,false,false,-83.21594,42.3506,"{
  ""coordinates"": [
    -8.321594018164760e+01,
    4.235060135589570e+01
  ],
  ""type"": ""Point""
}","{
  ""coordinates"": [
    -83.215940182,
    42.350601356
  ],
  ""type"": ""Point""
}",-83.2159401819999,42.350601356
17488,1332393,WYOMING,MCNICHOLS,2018-03-16,16,3,2018,17,6,5,9,,4,0,Asphalt,1,1,1,30,1,2,2,4,0,0,0,1,false,false,false,false,false,false,false,false,false,false,false,false,false,true,false,false,false,false,false,false,false,false,-83.16032,42.41693,"{
  ""coordinates"": [
    -8.316032394331420e+01,
    4.241693163605970e+01
  ],
  ""type"": ""Point""
}","{
  ""coordinates"": [
    -83.160323943,
    42.416931636
  ],
  ""type"": ""Point""
}",-83.160323943,42.4169316360001
17489,1327931,GRAND RIVER,LONGACRE,2018-03-16,16,3,2018,16,6,4,3,,1,0,Asphalt,1,1,1,35,5,2,1,5,0,0,0,0,true,false,false,false,true,false,false,false,false,false,false,false,false,true,false,false,false,false,false,false,false,false,-83.21502,42.39938,"{
  ""coordinates"": [
    -8.321502200874760e+01,
    4.239938192002020e+01
  ],
  ""type"": ""Point""
}","{
  ""coordinates"": [
    -83.215022009,
    42.39938192
  ],
  ""type"": ""Point""
}",-83.2150220089999,42.3993819200001
17490,1329970,SCHOENHERR,7 MILE,2018-03-16,16,3,2018,14,6,3,9,,4,0,Asphalt,1,1,1,30,4,2,2,4,0,0,0,1,false,false,true,true,true,false,false,false,false,false,false,false,false,false,false,false,false,false,false,false,false,false,-82.98513,42.43498,"{
  ""coordinates"": [
    -8.298512781270770e+01,
    4.243498077350200e+01
  ],
  ""type"": ""Point""
}","{
  ""coordinates"": [
    -82.985127813,
    42.434980774
  ],
  ""type"": ""Point""
}",-82.985127813,42.4349807740001
17491,1338606,RAMP 216I,PIQUETTE,2018-03-16,16,3,2018,8,6,8,1,,1,0,Concrete,1,1,1,55,2,2,1,5,0,0,0,0,true,false,false,false,true,false,false,false,false,false,false,false,false,false,false,false,false,false,false,false,false,false,-83.0595,42.37104,"{
  ""coordinates"": [
    -8.305950085905771e+01,
    4.237103843709550e+01
  ],
  ""type"": ""Point""
}","{
  ""coordinates"": [
    -83.059500859,
    42.371038437
  ],
  ""type"": ""Point""
}",-83.059500859,42.371038437
17492,1328669,W I 94,CONCORD,2018-03-16,16,3,2018,9,6,5,1,,1,0,Asphalt,1,1,1,55,3,2,2,5,0,0,0,0,true,false,false,false,false,false,false,false,false,false,false,false,false,false,false,false,false,false,false,false,false,false,-83.02914,42.38398,"{
  ""coordinates"": [
    -8.302914617604441e+01,
    4.238398098855270e+01
  ],
  ""type"": ""Point""
}","{
  ""coordinates"": [
    -83.029146176,
    42.383980989
  ],
  ""type"": ""Point""
}",-83.029146176,42.3839809890001
17493,1327893,I96,VERNOR,2018-03-16,16,3,2018,14,6,8,1,,1,0,Asphalt,1,1,1,70,2,2,1,5,0,0,0,0,true,false,false,false,true,false,false,false,false,false,false,false,false,false,false,true,false,false,false,false,false,false,-83.0836,42.32348,"{
  ""coordinates"": [
    -8.308360018771469e+01,
    4.232347773081330e+01
  ],
  ""type"": ""Point""
}","{
  ""coordinates"": [
    -83.083600188,
    42.323477731
  ],
  ""type"": ""Point""
}",-83.0836001879999,42.323477731
17494,1327896,BURROUGHS,SECOND,2018-03-16,16,3,2018,13,6,8,9,,,0,,1,1,1,25,1,2,1,5,0,0,0,0,true,false,false,false,false,false,false,false,false,false,false,false,false,true,false,true,false,false,false,false,false,false,-83.07391,42.36449,"{
  ""coordinates"": [
    -8.307391237979580e+01,
    4.236448959326320e+01
  ],
  ""type"": ""Point""
}","{
  ""coordinates"": [
    -83.07391238,
    42.364489593
  ],
  ""type"": ""Point""
}",-83.07391238,42.364489593
17495,1328712,ROSEMONT,TIREMAN,2018-03-16,16,3,2018,17,6,5,9,,,0,,1,1,1,,2,3,1,5,0,0,0,0,true,false,false,false,false,false,false,false,false,false,false,false,false,false,false,false,false,false,false,false,false,false,-83.21864,42.35038,"{
  ""coordinates"": [
    -8.321863238046650e+01,
    4.235038267173270e+01
  ],
  ""type"": ""Point""
}","{
  ""coordinates"": [
    -83.21863238,
    42.350382672
  ],
  ""type"": ""Point""
}",-83.21863238,42.3503826720001
17496,1327726,I94,VAN DYKE,2018-03-16,16,3,2018,21,6,5,1,,1,0,Asphalt,1,1,4,55,3,2,2,5,0,0,0,0,true,false,false,false,false,false,false,false,false,false,false,false,false,false,false,false,false,false,false,false,false,false,-83.02756,42.38447,"{
  ""coordinates"": [
    -8.302755887397289e+01,
    4.238447356636340e+01
  ],
  ""type"": ""Point""
}","{
  ""coordinates"": [
    -83.027558874,
    42.384473566
  ],
  ""type"": ""Point""
}",-83.027558874,42.3844735660001
17497,1338571,I 94,HELEN,2018-03-16,16,3,2018,10,6,8,9,,4,0,Asphalt,1,1,1,55,3,2,2,5,0,0,0,0,true,false,false,false,false,false,false,false,true,false,false,false,false,false,false,true,false,false,false,false,false,false,-83.02819,42.38396,"{
  ""coordinates"": [
    -8.302819426810680e+01,
    4.238395933496130e+01
  ],
  ""type"": ""Point""
}","{
  ""coordinates"": [
    -83.028194268,
    42.383959335
  ],
  ""type"": ""Point""
}",-83.0281942679999,42.383959335
17498,1327872,I-75,7 MILE,2018-03-16,16,3,2018,8,6,5,1,,1,0,Asphalt,1,2,2,70,4,2,2,5,0,0,0,0,true,false,false,false,true,false,false,false,false,false,false,false,false,false,false,false,false,false,false,false,false,false,-83.09505,42.43521,"{
  ""coordinates"": [
    -8.309504943831170e+01,
    4.243520871024260e+01
  ],
  ""type"": ""Point""
}","{
  ""coordinates"": [
    -83.095049438,
    42.43520871
  ],
  ""type"": ""Point""
}",-83.095049438,42.43520871
17499,1329921,SCHOOLCRAFT,SCHAEFER,2018-03-16,16,3,2018,19,6,4,9,,4,0,Asphalt,1,1,1,35,2,2,2,5,0,0,0,0,true,false,false,false,true,false,false,false,false,false,false,false,false,false,false,false,false,false,false,false,false,false,-83.17891,42.38799,"{
  ""coordinates"": [
    -8.317891056856089e+01,
    4.238799351820510e+01
  ],
  ""type"": ""Point""
}","{
  ""coordinates"": [
    -83.178910569,
    42.387993518
  ],
  ""type"": ""Point""
}",-83.178910569,42.387993518
17500,1327973,7 MILE,STRATHMOOR,2018-03-16,16,3,2018,10,6,1,9,,2,0,Asphalt,1,1,1,35,4,1,0,5,0,0,0,0,true,false,false,false,true,false,false,false,false,false,false,false,false,false,false,false,false,false,false,false,false,false,-83.18879,42.43076,"{
  ""coordinates"": [
    -8.318878799567121e+01,
    4.243075998563290e+01
  ],
  ""type"": ""Point""
}","{
  ""coordinates"": [
    -83.188787996,
    42.430759986
  ],
  ""type"": ""Point""
}",-83.188787996,42.4307599860001
17501,1327866,I-94,MORANG,2018-03-16,16,3,2018,10,6,5,1,,1,0,Asphalt,1,1,1,55,3,3,3,5,0,0,0,0,true,false,false,false,false,false,false,false,false,false,true,false,false,false,false,false,false,false,false,false,false,false,-82.93227,42.42041,"{
  ""coordinates"": [
    -8.293226711685810e+01,
    4.242040899085550e+01
  ],
  ""type"": ""Point""
}","{
  ""coordinates"": [
    -82.932267117,
    42.420408991
  ],
  ""type"": ""Point""
}",-82.932267117,42.420408991
17502,1327932,BENTLER,PEMBROKE,2018-03-16,16,3,2018,17,6,97,9,,,0,,1,1,1,35,2,2,2,5,0,0,0,0,true,false,false,false,true,false,false,false,false,false,false,false,false,false,false,false,false,false,false,false,false,false,-83.25373,42.43644,"{
  ""coordinates"": [
    -8.325373430542329e+01,
    4.243643849735870e+01
  ],
  ""type"": ""Point""
}","{
  ""coordinates"": [
    -83.253734305,
    42.436438497
  ],
  ""type"": ""Point""
}",-83.253734305,42.436438497
17503,1438535,JEFFERSON,BEAUBIEN,2018-03-16,16,3,2018,9,6,8,4,,1,0,Asphalt,1,1,1,35,5,2,2,5,0,0,0,0,true,false,false,false,false,false,false,false,false,false,false,false,false,false,false,false,false,false,false,false,false,false,-83.04002,42.3308,"{
  ""coordinates"": [
    -8.304001858622000e+01,
    4.233079507007350e+01
  ],
  ""type"": ""Point""
}","{
  ""coordinates"": [
    -83.040018586,
    42.33079507
  ],
  ""type"": ""Point""
}",-83.040018586,42.3307950700001
17504,1326753,WARREN,LONGACRE,2018-03-16,16,3,2018,0,6,97,9,,2,3,Asphalt,1,1,4,,5,3,0,5,0,0,0,0,true,false,false,false,true,false,false,false,false,false,false,false,false,false,false,false,false,false,false,false,false,false,-83.21367,42.34341,"{
  ""coordinates"": [
    -8.321367182953830e+01,
    4.234340872772940e+01
  ],
  ""type"": ""Point""
}","{
  ""coordinates"": [
    -83.21367183,
    42.343408728
  ],
  ""type"": ""Point""
}",-83.21367183,42.343408728
17505,1382711,PURITAN,MANSFIELD,2018-03-16,16,3,2018,19,6,4,9,,4,0,Asphalt,1,1,3,25,2,2,3,4,0,0,0,1,false,false,true,false,false,false,false,false,false,false,false,false,false,false,false,false,false,false,false,false,false,false,-83.20551,42.40863,"{
  ""coordinates"": [
    -8.320550374021670e+01,
    4.240863032976690e+01
  ],
  ""type"": ""Point""
}","{
  ""coordinates"": [
    -83.20550374,
    42.40863033
  ],
  ""type"": ""Point""
}",-83.20550374,42.4086303300001
17506,1327955,DEQUINDRE,WINCHESTER,2018-03-16,16,3,2018,16,6,97,9,,4,0,Asphalt,1,1,1,30,2,3,4,4,0,0,0,1,false,false,false,false,false,false,false,false,false,false,false,false,false,false,false,false,false,false,false,false,false,false,-83.08331,42.44486,"{
  ""coordinates"": [
    -8.308330605144970e+01,
    4.244485862215720e+01
  ],
  ""type"": ""Point""
}","{
  ""coordinates"": [
    -83.083306051,
    42.444858622
  ],
  ""type"": ""Point""
}",-83.083306051,42.444858622
17507,1362802,OUTER,SIRRON,2018-03-16,16,3,2018,23,6,8,9,,2,0,Asphalt,1,1,5,35,4,2,1,5,0,0,0,0,true,false,false,false,false,false,false,false,false,false,false,false,false,false,false,false,false,false,false,false,false,false,-83.01749,42.44045,"{
  ""coordinates"": [
    -8.301748583038059e+01,
    4.244044740304230e+01
  ],
  ""type"": ""Point""
}","{
  ""coordinates"": [
    -83.01748583,
    42.440447403
  ],
  ""type"": ""Point""
}",-83.0174858299999,42.4404474030001
17508,1327976,JOHN R,WARREN,2018-03-16,16,3,2018,9,6,5,9,,4,0,Asphalt,1,1,1,30,7,2,3,5,0,0,0,0,true,false,false,false,false,false,false,false,false,false,false,false,false,false,false,false,false,false,false,false,false,false,-83.0622,42.35775,"{
  ""coordinates"": [
    -8.306220441488350e+01,
    4.235774588919260e+01
  ],
  ""type"": ""Point""
}","{
  ""coordinates"": [
    -83.062204415,
    42.357745889
  ],
  ""type"": ""Point""
}",-83.0622044149999,42.3577458890001
17509,1347229,E I 94,GRAND,2018-03-16,16,3,2018,14,6,5,1,,1,0,Asphalt,1,1,1,55,4,3,2,5,0,0,0,0,true,false,false,false,true,false,false,false,false,false,false,false,false,false,false,false,false,false,false,false,false,false,-83.10949,42.34658,"{
  ""coordinates"": [
    -8.310948948953470e+01,
    4.234658215969040e+01
  ],
  ""type"": ""Point""
}","{
  ""coordinates"": [
    -83.10948949,
    42.34658216
  ],
  ""type"": ""Point""
}",-83.10948949,42.34658216
17510,1327971,7 MILE,WYOMING,2018-03-16,16,3,2018,14,6,8,9,,2,0,Asphalt,1,1,1,30,5,2,17,5,0,0,0,0,true,false,false,false,false,false,false,false,false,false,false,false,false,true,false,true,false,false,false,false,false,false,-83.16083,42.43135,"{
  ""coordinates"": [
    -8.316082970706960e+01,
    4.243134986774430e+01
  ],
  ""type"": ""Point""
}","{
  ""coordinates"": [
    -83.160829707,
    42.431349868
  ],
  ""type"": ""Point""
}",-83.1608297069999,42.431349868
17511,1347230,I-75,HOLBROOK,2018-03-16,16,3,2018,0,6,8,1,,1,0,Asphalt,1,1,4,55,3,2,2,2,0,2,1,0,false,false,false,false,false,false,false,true,false,false,false,false,false,false,false,true,false,false,false,false,false,false,-83.06583,42.38268,"{
  ""coordinates"": [
    -8.306582758484960e+01,
    4.238268205395060e+01
  ],
  ""type"": ""Point""
}","{
  ""coordinates"": [
    -83.065827585,
    42.382682054
  ],
  ""type"": ""Point""
}",-83.065827585,42.382682054
17512,1327910,OUTER,ELECTRIC,2018-03-16,16,3,2018,21,6,4,9,,2,0,Asphalt,1,1,4,35,2,2,2,4,0,0,0,2,false,false,false,false,false,false,false,false,false,false,false,false,false,false,false,false,false,false,false,false,false,false,-83.16616,42.25976,"{
  ""coordinates"": [
    -8.316616285937920e+01,
    4.225975958609010e+01
  ],
  ""type"": ""Point""
}","{
  ""coordinates"": [
    -83.166162859,
    42.259759586
  ],
  ""type"": ""Point""
}",-83.1661628589999,42.259759586
17513,1348044,RANDOLPH,GRATIOT,2018-03-16,16,3,2018,23,6,97,3,,4,0,Asphalt,1,1,4,25,1,2,0,5,0,0,0,0,true,false,false,false,true,false,false,false,false,false,false,false,false,false,false,false,false,false,false,false,false,false,-83.04517,42.33542,"{
  ""coordinates"": [
    -8.304516857608590e+01,
    4.233542399923280e+01
  ],
  ""type"": ""Point""
}","{
  ""coordinates"": [
    -83.045168576,
    42.335423999
  ],
  ""type"": ""Point""
}",-83.045168576,42.3354239990001
17514,1328702,MACK,ALTER,2018-03-16,16,3,2018,14,6,4,9,,4,0,Asphalt,1,1,1,30,7,2,2,5,0,0,0,0,true,false,false,false,false,false,false,false,false,false,false,false,false,true,false,false,false,false,false,false,false,false,-82.94798,42.38726,"{
  ""coordinates"": [
    -8.294797168970470e+01,
    4.238725751263970e+01
  ],
  ""type"": ""Point""
}","{
  ""coordinates"": [
    -82.94797169,
    42.387257513
  ],
  ""type"": ""Point""
}",-82.94797169,42.3872575130001
17515,1335282,CHRYSLER,WARREN,2018-03-16,16,3,2018,18,6,8,1,,1,0,Asphalt,1,1,1,25,3,2,3,5,0,0,0,0,true,false,false,false,false,false,false,false,false,false,false,false,false,false,false,false,false,false,false,false,false,false,-83.05424,42.36084,"{
  ""coordinates"": [
    -8.305424148517690e+01,
    4.236083456472820e+01
  ],
  ""type"": ""Point""
}","{
  ""coordinates"": [
    -83.054241485,
    42.360834565
  ],
  ""type"": ""Point""
}",-83.054241485,42.3608345650001
17516,1351143,I-94,I-75,2018-03-16,16,3,2018,16,6,5,1,,1,0,Concrete,1,1,1,55,3,2,2,5,0,0,0,0,true,false,false,false,true,false,false,false,false,false,false,false,false,false,false,false,false,false,false,false,false,false,-83.05775,42.36891,"{
  ""coordinates"": [
    -8.305775244245640e+01,
    4.236891339177080e+01
  ],
  ""type"": ""Point""
}","{
  ""coordinates"": [
    -83.057752442,
    42.368913392
  ],
  ""type"": ""Point""
}",-83.057752442,42.368913392
17517,1327861,W I 94,GRAND,2018-03-16,16,3,2018,7,6,5,1,,1,0,Asphalt,1,1,1,55,3,3,3,5,0,0,0,0,true,false,false,false,false,false,false,false,false,false,false,false,false,false,false,false,false,false,false,false,false,false,-83.10876,42.34721,"{
  ""coordinates"": [
    -8.310875659154900e+01,
    4.234721123411420e+01
  ],
  ""type"": ""Point""
}","{
  ""coordinates"": [
    -83.108756592,
    42.347211234
  ],
  ""type"": ""Point""
}",-83.108756592,42.347211234
17518,1327913,GRATIOT,8 MILE,2018-03-16,16,3,2018,18,6,8,3,,1,0,Asphalt,1,1,1,35,3,2,4,5,0,0,0,0,true,false,false,false,false,false,false,false,false,false,false,false,false,false,false,false,false,false,false,false,false,false,-82.96811,42.44958,"{
  ""coordinates"": [
    -8.296810746699680e+01,
    4.244958580131110e+01
  ],
  ""type"": ""Point""
}","{
  ""coordinates"": [
    -82.968107467,
    42.449585801
  ],
  ""type"": ""Point""
}",-82.968107467,42.4495858010001
17519,1333561,I-75,NEVADA,2018-03-16,16,3,2018,16,6,5,1,,1,0,Asphalt,1,1,1,70,4,2,2,5,0,0,0,0,true,false,false,false,false,false,false,false,false,false,false,false,false,false,false,false,false,false,false,false,false,false,-83.09337,42.42473,"{
  ""coordinates"": [
    -8.309336622914741e+01,
    4.242473220476750e+01
  ],
  ""type"": ""Point""
}","{
  ""coordinates"": [
    -83.093366229,
    42.424732205
  ],
  ""type"": ""Point""
}",-83.093366229,42.4247322050001
17520,1337672,7 MILE,SCHOENHERR,2018-03-16,16,3,2018,10,6,4,9,,4,0,Asphalt,1,1,1,30,8,2,1,5,0,0,0,0,true,false,true,true,true,false,false,false,false,false,false,false,false,false,false,false,false,false,false,false,false,false,-82.98517,42.43492,"{
  ""coordinates"": [
    -8.298516666836700e+01,
    4.243491779806020e+01
  ],
  ""type"": ""Point""
}","{
  ""coordinates"": [
    -82.985166668,
    42.434917798
  ],
  ""type"": ""Point""
}",-82.985166668,42.4349177980001
17521,1338598,W I 94,RAMP 213N,2018-03-16,16,3,2018,15,6,5,1,,1,0,Asphalt,1,1,1,55,3,3,4,3,0,0,2,0,false,false,false,false,false,false,true,false,false,false,false,false,false,false,false,true,false,false,false,false,false,false,-83.10517,42.34832,"{
  ""coordinates"": [
    -8.310517149175800e+01,
    4.234832409064630e+01
  ],
  ""type"": ""Point""
}","{
  ""coordinates"": [
    -83.105171492,
    42.348324091
  ],
  ""type"": ""Point""
}",-83.105171492,42.3483240910001
17522,1341426,GREENFIELD,DIVERSEY,2018-03-16,16,3,2018,15,6,5,9,,2,0,Asphalt,1,1,1,35,4,2,3,5,0,0,0,0,true,false,false,false,false,false,false,false,false,false,false,true,false,false,false,false,false,false,false,false,false,false,-83.19643,42.34737,"{
  ""coordinates"": [
    -8.319643615242830e+01,
    4.234736503840930e+01
  ],
  ""type"": ""Point""
}","{
  ""coordinates"": [
    -83.196436152,
    42.347365038
  ],
  ""type"": ""Point""
}",-83.196436152,42.3473650380001