ObjectId,Crash ID,Primary Road,Intersecting Road,Crash Date,Day,Month,Year,Hour,Weekday,Crash Type Code,Highway Classification Code,Community Code,Jurisdiction Code,Lane Departure Type Code,Surface Type,Road Condition,Weather Condition,Lighting Condition,Speed Limit,Lanes,Units,Occupants,Most Severe Injury,Fatal Injuries,Suspected Serious Injuries,Suspected Minor Injuries,Possible Injuries,Property Damage Only,Secondary Crash,Traffic Control,Red Light Run,Hit and Run,Alcohol,Drugs,Unbelted Person,Work Zone,Speeding Driver,Distracted Driver,Driveway,Pedestrian,Elderly Driver,Young Driver,Commercial Vehicle,Emergency Vehicles,Train,School Bus,Motorcycle,Bicycle,Deer,Longitude,Latitude,geom,geog,x,y
17523,1327959,CARPENTER,CONANT,2018-03-16,16,3,2018,13,6,9,9,,4,2,Asphalt,1,1,1,,2,2,1,5,0,0,0,0,true,true,false,false,true,false,false,false,false,false,false,false,false,false,false,false,false,false,false,false,false,false,-83.05873,42.40837,"{
  ""coordinates"": [
    -8.305873402556180e+01,
    4.240836954926320e+01
  ],
  ""type"": ""Point""
}","{
  ""coordinates"": [
    -83.058734026,
    42.408369549
  ],
  ""type"": ""Point""
}",-83.058734026,42.408369549
17524,1327941,7 MILE,OUTER,2018-03-16,16,3,2018,18,6,4,9,,4,0,Asphalt,1,1,1,30,2,2,3,3,0,0,1,1,false,false,false,false,false,false,false,false,false,false,false,false,false,false,false,false,false,false,false,false,false,false,-83.0157,42.43413,"{
  ""coordinates"": [
    -8.301570429449831e+01,
    4.243412924081550e+01
  ],
  ""type"": ""Point""
}","{
  ""coordinates"": [
    -83.015704294,
    42.434129241
  ],
  ""type"": ""Point""
}",-83.015704294,42.4341292410001
17525,1330674,N I 75,RAMP 216D,2018-03-16,16,3,2018,14,6,5,1,,1,0,Asphalt,1,1,1,55,4,3,5,3,0,0,1,0,false,false,false,false,false,false,false,false,false,false,true,false,false,false,false,false,false,false,false,false,false,false,-83.0579,42.36845,"{
  ""coordinates"": [
    -8.305789570283960e+01,
    4.236844774141880e+01
  ],
  ""type"": ""Point""
}","{
  ""coordinates"": [
    -83.057895703,
    42.368447741
  ],
  ""type"": ""Point""
}",-83.057895703,42.3684477410001
17526,1327944,CHALMERS,WADE,2018-03-16,16,3,2018,21,6,4,9,,4,0,Asphalt,1,1,4,30,2,2,2,4,0,0,0,1,false,false,false,false,true,false,false,false,false,false,false,false,false,false,false,false,false,false,false,false,false,false,-82.96655,42.40795,"{
  ""coordinates"": [
    -8.296655586286791e+01,
    4.240795042343330e+01
  ],
  ""type"": ""Point""
}","{
  ""coordinates"": [
    -82.966555863,
    42.407950423
  ],
  ""type"": ""Point""
}",-82.9665558629999,42.407950423
17527,1335243,MICHIGAN,51ST,2018-03-16,16,3,2018,23,6,5,2,,1,0,Asphalt,98,1,2,35,5,2,0,5,0,0,0,0,true,false,false,false,true,false,false,false,false,false,true,false,false,false,false,false,false,false,false,false,false,false,-83.13532,42.3311,"{
  ""coordinates"": [
    -8.313532586836391e+01,
    4.233109749537850e+01
  ],
  ""type"": ""Point""
}","{
  ""coordinates"": [
    -83.135325868,
    42.331097495
  ],
  ""type"": ""Point""
}",-83.1353258679999,42.3310974950001
17528,1327930,GREENFIELD,CAMBRIDGE,2018-03-16,16,3,2018,12,6,7,9,,2,0,Asphalt,1,1,1,35,6,2,2,4,0,0,0,1,false,false,false,false,false,false,false,false,false,false,false,false,false,true,false,false,false,false,false,false,false,false,-83.19994,42.4322,"{
  ""coordinates"": [
    -8.319994718427660e+01,
    4.243220074134260e+01
  ],
  ""type"": ""Point""
}","{
  ""coordinates"": [
    -83.199947184,
    42.432200741
  ],
  ""type"": ""Point""
}",-83.1999471839999,42.432200741
17529,1328692,OUTER,LAKEPOINTE,2018-03-16,16,3,2018,21,6,4,9,,2,0,Asphalt,1,1,4,35,4,2,1,5,0,0,0,0,true,false,false,false,true,false,false,false,false,false,false,false,false,false,false,false,false,false,false,false,false,false,-82.9546,42.40301,"{
  ""coordinates"": [
    -8.295459956720950e+01,
    4.240300889619200e+01
  ],
  ""type"": ""Point""
}","{
  ""coordinates"": [
    -82.954599567,
    42.403008896
  ],
  ""type"": ""Point""
}",-82.9545995669999,42.4030088960001
17530,1333562,I-75,MCNICHOLS,2018-03-16,16,3,2018,17,6,5,1,,1,0,Asphalt,1,1,1,70,4,2,2,5,0,0,0,0,true,false,false,false,false,false,false,false,false,false,false,false,false,false,false,true,false,false,false,false,false,false,-83.08736,42.41738,"{
  ""coordinates"": [
    -8.308736586978161e+01,
    4.241738069568030e+01
  ],
  ""type"": ""Point""
}","{
  ""coordinates"": [
    -83.08736587,
    42.417380696
  ],
  ""type"": ""Point""
}",-83.08736587,42.4173806960001
17531,1327956,7 MILE,MOUNT ELLIOTT,2018-03-16,16,3,2018,16,6,5,9,,4,0,Asphalt,1,1,1,35,2,2,1,5,0,0,0,0,true,false,false,false,false,false,false,false,false,false,false,false,false,false,false,false,false,false,false,false,false,false,-83.03895,42.43368,"{
  ""coordinates"": [
    -8.303894759769270e+01,
    4.243368179050990e+01
  ],
  ""type"": ""Point""
}","{
  ""coordinates"": [
    -83.038947598,
    42.433681791
  ],
  ""type"": ""Point""
}",-83.0389475979999,42.433681791
17532,1328672,M 10,RAMP 119A,2018-03-16,16,3,2018,22,6,5,3,,1,0,Concrete,1,1,4,55,3,2,1,5,0,0,0,0,true,true,false,false,true,false,false,false,false,false,false,false,false,false,false,false,false,false,false,false,false,false,-83.07357,42.35368,"{
  ""coordinates"": [
    -8.307357095203299e+01,
    4.235368451371420e+01
  ],
  ""type"": ""Point""
}","{
  ""coordinates"": [
    -83.073570952,
    42.353684514
  ],
  ""type"": ""Point""
}",-83.073570952,42.3536845140001
17533,1327895,WOODWARD,PETERBORO,2018-03-16,16,3,2018,18,6,8,3,,1,0,Asphalt,1,1,1,35,5,2,2,5,0,0,0,0,true,false,false,false,false,false,false,false,false,false,false,false,false,true,false,false,false,false,false,false,false,false,-83.05656,42.34541,"{
  ""coordinates"": [
    -8.305655668238890e+01,
    4.234540951920500e+01
  ],
  ""type"": ""Point""
}","{
  ""coordinates"": [
    -83.056556682,
    42.345409519
  ],
  ""type"": ""Point""
}",-83.056556682,42.345409519
17534,1327947,GRATIOT,GUNSTON,2018-03-16,16,3,2018,21,6,97,3,,1,0,Asphalt,1,1,4,35,7,3,2,5,0,0,0,0,true,false,false,false,false,false,false,true,false,false,false,true,false,false,false,false,false,false,false,false,false,false,-82.99507,42.40862,"{
  ""coordinates"": [
    -8.299506998665740e+01,
    4.240861961654870e+01
  ],
  ""type"": ""Point""
}","{
  ""coordinates"": [
    -82.995069987,
    42.408619617
  ],
  ""type"": ""Point""
}",-82.995069987,42.4086196170001
17535,1328691,SOUTHAMPTON,PHILIP,2018-03-16,16,3,2018,17,6,4,9,,,0,,1,1,1,,2,2,3,4,0,0,0,1,false,false,false,false,false,false,false,false,false,false,false,false,false,false,false,false,false,false,false,false,false,false,-82.95886,42.39954,"{
  ""coordinates"": [
    -8.295885949553490e+01,
    4.239953779725490e+01
  ],
  ""type"": ""Point""
}","{
  ""coordinates"": [
    -82.958859496,
    42.399537797
  ],
  ""type"": ""Point""
}",-82.9588594959999,42.3995377970001
17536,1327958,MT ELLIOT,HUBER,2018-03-16,16,3,2018,16,6,8,9,,4,0,Asphalt,1,1,1,35,4,2,2,5,0,0,0,0,true,false,false,false,false,false,false,false,false,false,false,false,false,false,false,false,false,false,false,false,false,false,-83.03759,42.39757,"{
  ""coordinates"": [
    -8.303758709992670e+01,
    4.239756892835690e+01
  ],
  ""type"": ""Point""
}","{
  ""coordinates"": [
    -83.0375871,
    42.397568928
  ],
  ""type"": ""Point""
}",-83.0375870999999,42.3975689280001
17537,1327952,MOROSS,W I 94,2018-03-16,16,3,2018,20,6,5,9,,2,0,Concrete,1,1,4,35,3,2,1,4,0,0,0,1,false,false,false,false,true,false,false,false,false,false,false,false,false,false,false,false,false,false,false,false,false,false,-82.929,42.4245,"{
  ""coordinates"": [
    -8.292899831668490e+01,
    4.242449669271530e+01
  ],
  ""type"": ""Point""
}","{
  ""coordinates"": [
    -82.928998317,
    42.424496693
  ],
  ""type"": ""Point""
}",-82.928998317,42.424496693
17538,1327856,S/B M 39,GRAND RIVER,2018-03-16,16,3,2018,7,6,5,3,,1,0,Asphalt,1,1,2,55,3,2,3,5,0,0,0,0,true,false,false,false,false,false,false,false,false,false,false,false,false,false,false,false,false,false,false,false,false,false,-83.21848,42.40509,"{
  ""coordinates"": [
    -8.321848215579290e+01,
    4.240508527525800e+01
  ],
  ""type"": ""Point""
}","{
  ""coordinates"": [
    -83.218482156,
    42.405085275
  ],
  ""type"": ""Point""
}",-83.2184821559999,42.405085275
17539,1331509,RAMP 216I,MILWAUKEE,2018-03-16,16,3,2018,13,6,5,1,,1,0,Concrete,1,1,1,55,2,2,2,5,0,0,0,0,true,false,false,false,false,false,false,false,false,false,false,false,false,false,false,false,false,false,false,false,false,false,-83.05991,42.37307,"{
  ""coordinates"": [
    -8.305990891783929e+01,
    4.237307180859550e+01
  ],
  ""type"": ""Point""
}","{
  ""coordinates"": [
    -83.059908918,
    42.373071809
  ],
  ""type"": ""Point""
}",-83.059908918,42.3730718090001
17540,1331506,I 94,OUTER,2018-03-16,16,3,2018,8,6,5,1,,1,0,Asphalt,1,1,1,70,3,3,3,4,0,0,0,1,false,false,false,false,false,false,false,false,false,false,false,false,false,false,true,false,true,false,false,false,false,false,-82.95834,42.40566,"{
  ""coordinates"": [
    -8.295833875724570e+01,
    4.240566027921400e+01
  ],
  ""type"": ""Point""
}","{
  ""coordinates"": [
    -82.958338757,
    42.405660279
  ],
  ""type"": ""Point""
}",-82.958338757,42.4056602790001
17541,1328690,HARPER,BISHOP,2018-03-16,16,3,2018,15,6,4,9,,4,0,Asphalt,1,1,1,35,2,2,2,5,0,0,0,0,true,false,false,false,true,false,false,false,false,false,false,false,false,false,false,false,false,false,false,false,false,false,-82.93945,42.41462,"{
  ""coordinates"": [
    -8.293944359417389e+01,
    4.241462475166750e+01
  ],
  ""type"": ""Point""
}","{
  ""coordinates"": [
    -82.939443594,
    42.414624752
  ],
  ""type"": ""Point""
}",-82.939443594,42.4146247520001
17542,1327938,BURT,VERNE,2018-03-16,16,3,2018,20,6,4,9,,4,0,Asphalt,1,1,4,25,2,2,2,5,0,0,0,0,true,false,false,false,false,false,false,false,false,false,false,false,false,true,false,false,false,false,false,false,false,false,-83.24761,42.41163,"{
  ""coordinates"": [
    -8.324760851238750e+01,
    4.241163361899270e+01
  ],
  ""type"": ""Point""
}","{
  ""coordinates"": [
    -83.247608512,
    42.411633619
  ],
  ""type"": ""Point""
}",-83.2476085119999,42.411633619
17543,1327853,I 94,FRONTENAC,2018-03-16,16,3,2018,18,6,1,1,,1,1,Asphalt,1,1,1,55,3,1,4,5,0,0,0,0,true,false,false,false,false,false,false,false,false,false,true,false,false,false,true,false,false,false,false,false,false,false,-83.02776,42.38441,"{
  ""coordinates"": [
    -8.302775640596060e+01,
    4.238441059066550e+01
  ],
  ""type"": ""Point""
}","{
  ""coordinates"": [
    -83.027756406,
    42.384410591
  ],
  ""type"": ""Point""
}",-83.027756406,42.3844105910001
17544,1329935,GRATIOT,FRENCH,2018-03-16,16,3,2018,22,6,5,3,,1,0,Asphalt,1,1,4,40,3,2,1,5,0,0,0,0,true,false,false,false,true,false,false,false,false,false,false,false,false,false,false,false,false,false,false,false,false,false,-83.00046,42.40038,"{
  ""coordinates"": [
    -8.300046041519390e+01,
    4.240038093771890e+01
  ],
  ""type"": ""Point""
}","{
  ""coordinates"": [
    -83.000460415,
    42.400380938
  ],
  ""type"": ""Point""
}",-83.000460415,42.4003809380001
17545,1335267,GRATIOT,GLENFIELD,2018-03-16,16,3,2018,19,6,4,3,,1,0,Asphalt,1,1,1,35,7,2,2,3,0,0,1,0,false,false,false,false,true,false,false,true,false,false,false,false,false,false,true,false,false,false,false,false,false,false,-82.99391,42.41039,"{
  ""coordinates"": [
    -8.299391325871110e+01,
    4.241039433992760e+01
  ],
  ""type"": ""Point""
}","{
  ""coordinates"": [
    -82.993913259,
    42.41039434
  ],
  ""type"": ""Point""
}",-82.993913259,42.41039434
17546,1327914,BREMEN,3 MILE,2018-03-16,16,3,2018,9,6,97,9,,,0,,1,1,1,,2,2,3,5,0,0,0,0,true,false,true,false,true,false,false,false,false,false,false,false,false,false,false,false,false,false,false,false,false,false,-82.93564,42.3958,"{
  ""coordinates"": [
    -8.293563799432810e+01,
    4.239579650374020e+01
  ],
  ""type"": ""Point""
}","{
  ""coordinates"": [
    -82.935637994,
    42.395796504
  ],
  ""type"": ""Point""
}",-82.935637994,42.395796504
17547,1328710,JOY,SPANOZA,2018-03-16,16,3,2018,22,6,5,9,,2,0,Asphalt,1,1,4,35,4,2,1,5,0,0,0,0,true,false,false,false,true,false,false,false,false,false,false,false,false,false,false,false,false,false,false,false,false,false,-83.25037,42.35731,"{
  ""coordinates"": [
    -8.325037037353810e+01,
    4.235730800808220e+01
  ],
  ""type"": ""Point""
}","{
  ""coordinates"": [
    -83.250370374,
    42.357308008
  ],
  ""type"": ""Point""
}",-83.2503703739999,42.3573080080001
17548,1333612,PIEDMONT,ELMIRA,2018-03-16,16,3,2018,12,6,4,9,,,0,,1,1,1,25,2,2,4,5,0,0,0,0,true,false,false,false,false,false,false,true,false,false,false,false,false,true,false,false,false,false,false,false,false,false,-83.2289,42.36961,"{
  ""coordinates"": [
    -8.322890603679920e+01,
    4.236961215401070e+01
  ],
  ""type"": ""Point""
}","{
  ""coordinates"": [
    -83.228906037,
    42.369612154
  ],
  ""type"": ""Point""
}",-83.2289060369999,42.369612154
17549,1327907,SPRINGWELLS,VERNOR,2018-03-16,16,3,2018,8,6,5,9,,4,0,Asphalt,1,1,1,35,4,2,2,5,0,0,0,0,true,false,false,false,false,false,false,false,false,false,false,false,false,false,false,false,false,false,false,false,false,false,-83.1272,42.31142,"{
  ""coordinates"": [
    -8.312719658744280e+01,
    4.231142105280740e+01
  ],
  ""type"": ""Point""
}","{
  ""coordinates"": [
    -83.127196587,
    42.311421053
  ],
  ""type"": ""Point""
}",-83.127196587,42.3114210530001
17550,1331555,MCNICHOLS,LINDSAY,2018-03-16,16,3,2018,6,6,1,9,,2,1,Asphalt,1,1,1,,4,1,1,5,0,0,0,0,true,false,false,false,true,false,false,false,false,false,false,false,false,false,false,false,false,false,false,false,false,false,-83.21342,42.41566,"{
  ""coordinates"": [
    -8.321342139309610e+01,
    4.241566240337210e+01
  ],
  ""type"": ""Point""
}","{
  ""coordinates"": [
    -83.213421393,
    42.415662403
  ],
  ""type"": ""Point""
}",-83.213421393,42.4156624030001
17551,1327906,LAWNDALE,LONGWORTH,2018-03-16,16,3,2018,8,6,2,9,,4,0,Asphalt,1,1,1,25,2,3,1,5,0,0,0,0,true,false,false,false,false,false,false,false,false,false,false,false,false,false,false,false,false,false,false,false,false,false,-83.12878,42.30376,"{
  ""coordinates"": [
    -8.312878040518321e+01,
    4.230375788450670e+01
  ],
  ""type"": ""Point""
}","{
  ""coordinates"": [
    -83.128780405,
    42.303757885
  ],
  ""type"": ""Point""
}",-83.128780405,42.303757885
17552,1327957,DEQUINDRE,OUTER,2018-03-16,16,3,2018,18,6,8,9,,4,0,Asphalt,1,1,1,,4,2,2,5,0,0,0,0,true,false,false,false,false,false,false,false,false,false,false,false,false,false,false,false,false,false,false,false,false,false,-83.08312,42.44014,"{
  ""coordinates"": [
    -8.308311963819550e+01,
    4.244013742566520e+01
  ],
  ""type"": ""Point""
}","{
  ""coordinates"": [
    -83.083119638,
    42.440137426
  ],
  ""type"": ""Point""
}",-83.083119638,42.440137426
17553,1331511,M 10,MILWAUKEE,2018-03-16,16,3,2018,17,6,5,3,,1,0,Concrete,1,1,1,55,4,2,4,4,0,0,0,2,false,false,false,false,false,false,false,false,false,false,false,false,false,false,false,false,false,false,false,false,false,false,-83.07997,42.3648,"{
  ""coordinates"": [
    -8.307997162786370e+01,
    4.236479387338560e+01
  ],
  ""type"": ""Point""
}","{
  ""coordinates"": [
    -83.079971628,
    42.364793873
  ],
  ""type"": ""Point""
}",-83.079971628,42.3647938730001
17554,1328728,LORETTO,HOUSTON WHITTIER,2018-03-16,16,3,2018,22,6,8,9,,,0,,1,1,4,25,2,2,0,5,0,0,0,0,true,false,false,false,true,false,false,false,false,false,false,false,false,false,false,false,false,false,false,false,false,false,-82.97692,42.4204,"{
  ""coordinates"": [
    -8.297692489113120e+01,
    4.242040153790070e+01
  ],
  ""type"": ""Point""
}","{
  ""coordinates"": [
    -82.976924891,
    42.420401538
  ],
  ""type"": ""Point""
}",-82.976924891,42.4204015380001
17555,1326751,FORT,SCHAEFER,2018-03-15,15,3,2018,8,5,97,3,,1,0,Asphalt,1,1,1,45,3,2,2,5,0,0,0,0,true,false,false,false,false,false,false,false,false,false,false,false,false,false,false,true,false,false,false,false,false,false,-83.1555,42.27637,"{
  ""coordinates"": [
    -8.315550238987670e+01,
    4.227637558407590e+01
  ],
  ""type"": ""Point""
}","{
  ""coordinates"": [
    -83.15550239,
    42.276375584
  ],
  ""type"": ""Point""
}",-83.15550239,42.276375584
17556,1326775,RYAN,STOCKTON,2018-03-15,15,3,2018,7,5,4,9,,4,0,Asphalt,1,1,1,35,6,2,5,4,0,0,0,1,false,false,true,false,false,false,false,false,false,false,false,false,false,false,false,false,false,false,false,false,false,false,-83.0628,42.42757,"{
  ""coordinates"": [
    -8.306279586097470e+01,
    4.242757547385540e+01
  ],
  ""type"": ""Point""
}","{
  ""coordinates"": [
    -83.062795861,
    42.427575474
  ],
  ""type"": ""Point""
}",-83.062795861,42.427575474
17557,1326747,RAMP 035H,RAMP 035A,2018-03-15,15,3,2018,5,5,8,1,,1,0,Asphalt,1,1,2,25,2,2,2,5,0,0,0,0,true,false,false,false,false,false,false,false,false,false,false,false,false,false,false,true,false,false,false,false,false,false,-83.081,42.31993,"{
  ""coordinates"": [
    -8.308100339535420e+01,
    4.231993589452070e+01
  ],
  ""type"": ""Point""
}","{
  ""coordinates"": [
    -83.081003395,
    42.319935895
  ],
  ""type"": ""Point""
}",-83.081003395,42.3199358950001
17558,1326651,I 94 W/B,CHENE,2018-03-15,15,3,2018,11,5,5,1,,1,0,Concrete,1,2,1,,3,2,2,5,0,0,0,0,true,false,false,false,false,false,false,false,false,false,false,false,false,false,false,false,false,false,false,false,false,false,-83.04672,42.37431,"{
  ""coordinates"": [
    -8.304672307992141e+01,
    4.237431457800200e+01
  ],
  ""type"": ""Point""
}","{
  ""coordinates"": [
    -83.04672308,
    42.374314578
  ],
  ""type"": ""Point""
}",-83.0467230799999,42.3743145780001
17559,1327867,S M 39,RAMP 010C,2018-03-15,15,3,2018,16,5,5,3,,1,0,Concrete,1,2,1,55,3,3,2,4,0,0,0,1,false,false,false,false,true,false,false,false,false,false,false,false,false,false,false,false,false,false,false,false,false,false,-83.2189,42.417,"{
  ""coordinates"": [
    -8.321890045888399e+01,
    4.241700517572610e+01
  ],
  ""type"": ""Point""
}","{
  ""coordinates"": [
    -83.218900459,
    42.417005176
  ],
  ""type"": ""Point""
}",-83.2189004589999,42.417005176
17560,1327894,BATES,FARMER,2018-03-15,15,3,2018,22,5,97,9,,4,0,Asphalt,1,1,4,,2,2,1,5,0,0,0,0,true,false,false,false,false,false,false,false,false,false,false,false,false,false,false,false,false,false,false,false,false,false,-83.0446,42.33257,"{
  ""coordinates"": [
    -8.304460456608490e+01,
    4.233256999697670e+01
  ],
  ""type"": ""Point""
}","{
  ""coordinates"": [
    -83.044604566,
    42.332569997
  ],
  ""type"": ""Point""
}",-83.044604566,42.3325699970001
17561,1327921,RIVARD,ADELAIDE,2018-03-15,15,3,2018,23,5,9,9,,,2,,98,98,98,25,2,2,1,5,0,0,0,0,true,false,false,false,false,false,false,false,false,false,false,false,false,false,false,true,false,false,false,false,false,false,-83.04208,42.34605,"{
  ""coordinates"": [
    -8.304208538446780e+01,
    4.234604975847300e+01
  ],
  ""type"": ""Point""
}","{
  ""coordinates"": [
    -83.042085384,
    42.346049758
  ],
  ""type"": ""Point""
}",-83.042085384,42.346049758
17562,1326773,8 MILE,JOHN R,2018-03-15,15,3,2018,8,5,8,3,,1,0,Asphalt,1,1,1,,3,2,1,5,0,0,0,0,true,true,false,false,true,false,false,false,false,false,false,false,false,false,false,false,false,false,false,false,false,false,-83.10457,42.44696,"{
  ""coordinates"": [
    -8.310456759862900e+01,
    4.244695811314800e+01
  ],
  ""type"": ""Point""
}","{
  ""coordinates"": [
    -83.104567599,
    42.446958113
  ],
  ""type"": ""Point""
}",-83.1045675989999,42.4469581130001
17563,1590535,OUTER,WYOMING,2018-03-15,15,3,2018,23,5,4,9,,2,0,Asphalt,1,1,4,35,4,2,1,5,0,0,0,0,true,false,false,false,true,false,false,false,false,false,false,false,false,false,false,false,false,false,false,false,false,false,-83.16114,42.43485,"{
  ""coordinates"": [
    -8.316114348195190e+01,
    4.243485253564070e+01
  ],
  ""type"": ""Point""
}","{
  ""coordinates"": [
    -83.161143482,
    42.434852536
  ],
  ""type"": ""Point""
}",-83.1611434819999,42.4348525360001
17564,1326738,E I 96 CD,DAVISON CROSSOVER,2018-03-15,15,3,2018,9,5,1,1,,1,0,Asphalt,1,1,1,25,3,1,1,5,0,0,0,0,true,false,false,false,false,false,false,false,false,false,false,false,false,false,false,true,false,false,false,false,false,false,-83.15918,42.38506,"{
  ""coordinates"": [
    -8.315918040079541e+01,
    4.238506126072590e+01
  ],
  ""type"": ""Point""
}","{
  ""coordinates"": [
    -83.159180401,
    42.385061261
  ],
  ""type"": ""Point""
}",-83.159180401,42.385061261
17565,1326743,JEFFERSON,6TH,2018-03-15,15,3,2018,9,5,1,9,,4,0,Asphalt,1,1,1,30,2,1,1,5,0,0,0,0,true,false,false,false,false,false,false,false,false,false,false,false,false,false,false,true,false,false,true,false,false,false,-83.05741,42.32482,"{
  ""coordinates"": [
    -8.305741278529121e+01,
    4.232482012059080e+01
  ],
  ""type"": ""Point""
}","{
  ""coordinates"": [
    -83.057412785,
    42.324820121
  ],
  ""type"": ""Point""
}",-83.0574127849999,42.3248201210001
17566,1326765,7 MILE,WINTHROP,2018-03-15,15,3,2018,17,5,5,9,,2,0,Asphalt,1,1,2,35,4,2,2,5,0,0,0,0,true,false,false,false,false,false,false,false,false,false,false,false,false,false,false,false,false,false,false,false,false,false,-83.20103,42.4304,"{
  ""coordinates"": [
    -8.320102595032490e+01,
    4.243040045951670e+01
  ],
  ""type"": ""Point""
}","{
  ""coordinates"": [
    -83.20102595,
    42.43040046
  ],
  ""type"": ""Point""
}",-83.20102595,42.43040046
17567,1326771,SCHOENHERR,MAPLERIDGE,2018-03-15,15,3,2018,11,5,6,9,,4,0,Asphalt,1,2,1,35,2,2,2,5,0,0,0,0,true,false,false,false,false,false,false,false,false,false,false,false,false,false,false,false,false,false,false,false,false,false,-82.98488,42.42887,"{
  ""coordinates"": [
    -8.298488184685949e+01,
    4.242886806089620e+01
  ],
  ""type"": ""Point""
}","{
  ""coordinates"": [
    -82.984881847,
    42.428868061
  ],
  ""type"": ""Point""
}",-82.9848818469999,42.4288680610001
17568,1328676,WOODWARD,PARK,2018-03-15,15,3,2018,9,5,4,9,,4,0,Asphalt,1,1,1,35,8,2,2,5,0,0,0,0,true,false,false,false,false,false,false,false,false,false,false,false,false,false,false,false,false,false,false,false,false,false,-83.05019,42.33596,"{
  ""coordinates"": [
    -8.305018276926511e+01,
    4.233595477062200e+01
  ],
  ""type"": ""Point""
}","{
  ""coordinates"": [
    -83.050182769,
    42.335954771
  ],
  ""type"": ""Point""
}",-83.0501827689999,42.335954771
17569,1326779,8 MILE,STRATFORD,2018-03-15,15,3,2018,15,5,4,3,,1,0,Asphalt,1,2,1,40,4,2,3,5,0,0,0,0,true,false,false,false,false,false,false,false,false,false,false,false,false,false,false,false,false,false,false,false,false,false,-83.13655,42.4462,"{
  ""coordinates"": [
    -8.313655358157830e+01,
    4.244619859033180e+01
  ],
  ""type"": ""Point""
}","{
  ""coordinates"": [
    -83.136553582,
    42.44619859
  ],
  ""type"": ""Point""
}",-83.136553582,42.4461985900001
17570,1330727,LASALLE,LABELLE,2018-03-15,15,3,2018,21,5,5,9,,,0,,1,1,4,25,2,2,1,5,0,0,0,0,true,false,false,false,true,false,false,false,false,true,false,false,false,false,false,false,false,false,false,false,false,false,-83.12151,42.39762,"{
  ""coordinates"": [
    -8.312150555481880e+01,
    4.239761991182530e+01
  ],
  ""type"": ""Point""
}","{
  ""coordinates"": [
    -83.121505555,
    42.397619912
  ],
  ""type"": ""Point""
}",-83.1215055549999,42.397619912
17571,1326748,LARKINS,MICHIGAN,2018-03-15,15,3,2018,13,5,97,2,,,0,,1,1,1,35,4,2,2,5,0,0,0,0,true,true,false,false,true,false,false,false,false,false,false,false,false,false,false,false,false,false,false,false,false,false,-83.13035,42.33113,"{
  ""coordinates"": [
    -8.313034731931060e+01,
    4.233113532879820e+01
  ],
  ""type"": ""Point""
}","{
  ""coordinates"": [
    -83.130347319,
    42.331135329
  ],
  ""type"": ""Point""
}",-83.130347319,42.3311353290001
17572,1336922,RAMP 029B,N I 75,2018-03-15,15,3,2018,18,5,5,1,,1,0,Asphalt,1,1,1,70,2,2,2,5,0,0,0,0,true,false,false,false,false,false,false,false,false,false,false,false,false,false,true,false,false,false,false,false,false,false,-83.15697,42.27685,"{
  ""coordinates"": [
    -8.315696540797400e+01,
    4.227685068231950e+01
  ],
  ""type"": ""Point""
}","{
  ""coordinates"": [
    -83.156965408,
    42.276850682
  ],
  ""type"": ""Point""
}",-83.156965408,42.276850682
17573,1326740,E I 94,CHENE,2018-03-15,15,3,2018,10,5,5,1,,1,0,Concrete,1,1,1,55,3,2,3,4,0,0,0,1,false,false,false,false,false,false,false,true,false,false,false,false,false,false,false,false,false,false,false,false,false,false,-83.04629,42.37432,"{
  ""coordinates"": [
    -8.304629030618250e+01,
    4.237431844648610e+01
  ],
  ""type"": ""Point""
}","{
  ""coordinates"": [
    -83.046290306,
    42.374318446
  ],
  ""type"": ""Point""
}",-83.0462903059999,42.3743184460001
17574,1327925,VERNOR,SHERDIAN,2018-03-15,15,3,2018,12,5,8,9,,4,0,Asphalt,1,1,1,30,3,2,1,5,0,0,0,0,true,false,false,false,false,false,false,false,false,false,false,false,false,false,false,false,false,false,false,false,false,false,-83.00624,42.35867,"{
  ""coordinates"": [
    -8.300623770876730e+01,
    4.235866544645270e+01
  ],
  ""type"": ""Point""
}","{
  ""coordinates"": [
    -83.006237709,
    42.358665446
  ],
  ""type"": ""Point""
}",-83.0062377089999,42.358665446
17575,1326776,7 MILE,MOUNT ELLIOTT,2018-03-15,15,3,2018,15,5,8,9,,4,0,Asphalt,1,1,1,35,2,2,2,5,0,0,0,0,true,false,false,false,true,false,false,false,false,false,false,false,false,false,false,false,false,false,false,false,false,false,-83.03895,42.43368,"{
  ""coordinates"": [
    -8.303894759769270e+01,
    4.243368179050990e+01
  ],
  ""type"": ""Point""
}","{
  ""coordinates"": [
    -83.038947598,
    42.433681791
  ],
  ""type"": ""Point""
}",-83.0389475979999,42.433681791
17576,1326767,SOUTHFIELD SERVICE DRIVE,8 MILE,2018-03-15,15,3,2018,14,5,5,9,,5,0,Asphalt,1,2,1,30,2,2,3,5,0,0,0,0,true,false,false,false,true,false,false,false,false,false,false,false,false,false,false,false,false,false,false,false,false,false,-83.22013,42.44349,"{
  ""coordinates"": [
    -8.322013165394010e+01,
    4.244349453674500e+01
  ],
  ""type"": ""Point""
}","{
  ""coordinates"": [
    -83.220131654,
    42.443494537
  ],
  ""type"": ""Point""
}",-83.2201316539999,42.443494537