ObjectId,Crash ID,Primary Road,Intersecting Road,Crash Date,Day,Month,Year,Hour,Weekday,Crash Type Code,Highway Classification Code,Community Code,Jurisdiction Code,Lane Departure Type Code,Surface Type,Road Condition,Weather Condition,Lighting Condition,Speed Limit,Lanes,Units,Occupants,Most Severe Injury,Fatal Injuries,Suspected Serious Injuries,Suspected Minor Injuries,Possible Injuries,Property Damage Only,Secondary Crash,Traffic Control,Red Light Run,Hit and Run,Alcohol,Drugs,Unbelted Person,Work Zone,Speeding Driver,Distracted Driver,Driveway,Pedestrian,Elderly Driver,Young Driver,Commercial Vehicle,Emergency Vehicles,Train,School Bus,Motorcycle,Bicycle,Deer,Longitude,Latitude,geom,geog,x,y
17686,1324878,I-75,SPRINGWELLS,2018-03-13,13,3,2018,7,3,5,1,,1,0,Concrete,1,1,4,70,3,2,1,5,0,0,0,0,true,false,false,false,true,false,false,false,true,false,false,false,false,false,false,false,false,false,false,false,false,false,-83.12098,42.30053,"{
  ""coordinates"": [
    -8.312097712963801e+01,
    4.230052839700720e+01
  ],
  ""type"": ""Point""
}","{
  ""coordinates"": [
    -83.12097713,
    42.300528397
  ],
  ""type"": ""Point""
}",-83.12097713,42.3005283970001
17687,1330743,FOREST,3RD,2018-03-13,13,3,2018,23,3,4,9,,4,0,Asphalt,1,1,4,30,4,2,4,5,0,0,0,0,true,false,true,true,true,false,false,false,false,false,false,false,false,false,true,false,false,false,false,false,false,false,-83.06989,42.35234,"{
  ""coordinates"": [
    -8.306989598658630e+01,
    4.235234588792290e+01
  ],
  ""type"": ""Point""
}","{
  ""coordinates"": [
    -83.069895987,
    42.352345888
  ],
  ""type"": ""Point""
}",-83.0698959869999,42.3523458880001
17688,1325014,MCNICHOLS,GRANDRIVER,2018-03-13,13,3,2018,11,3,6,3,,2,0,Asphalt,1,1,1,35,4,2,1,5,0,0,0,0,true,false,false,false,true,false,false,false,false,false,false,false,false,false,false,false,false,false,false,false,false,false,-83.25332,42.41481,"{
  ""coordinates"": [
    -8.325332132028910e+01,
    4.241481383986850e+01
  ],
  ""type"": ""Point""
}","{
  ""coordinates"": [
    -83.25332132,
    42.41481384
  ],
  ""type"": ""Point""
}",-83.2533213199999,42.4148138400001
17689,1326015,RAMP 029A,N I 75,2018-03-13,13,3,2018,15,3,5,1,,1,0,Concrete,1,2,1,25,2,2,2,5,0,0,0,0,true,false,false,false,false,false,false,false,false,false,false,false,false,false,false,false,false,false,false,false,false,false,-83.15865,42.27621,"{
  ""coordinates"": [
    -8.315864927679431e+01,
    4.227621624442280e+01
  ],
  ""type"": ""Point""
}","{
  ""coordinates"": [
    -83.158649277,
    42.276216244
  ],
  ""type"": ""Point""
}",-83.1586492769999,42.2762162440001
17690,1325997,MACK,WOODWARD,2018-03-13,13,3,2018,18,3,4,3,,4,0,Asphalt,1,1,1,35,6,2,1,5,0,0,0,0,true,false,false,false,false,false,false,false,false,false,false,true,false,false,false,false,false,false,false,false,false,false,-83.05759,42.34771,"{
  ""coordinates"": [
    -8.305759447229281e+01,
    4.234770800257060e+01
  ],
  ""type"": ""Point""
}","{
  ""coordinates"": [
    -83.057594472,
    42.347708003
  ],
  ""type"": ""Point""
}",-83.0575944719999,42.347708003
17691,1325023,VAN DYKE,ELGIN,2018-03-13,13,3,2018,16,3,8,3,,1,0,Asphalt,1,1,1,35,5,2,4,5,0,0,0,0,true,false,false,false,true,false,false,false,false,false,false,false,false,false,false,true,false,false,false,false,false,false,-83.02337,42.41051,"{
  ""coordinates"": [
    -8.302336833896300e+01,
    4.241051022916850e+01
  ],
  ""type"": ""Point""
}","{
  ""coordinates"": [
    -83.023368339,
    42.410510229
  ],
  ""type"": ""Point""
}",-83.0233683389999,42.4105102290001
17692,1325001,SCHOOLCRAFT,ARTESIAN,2018-03-13,13,3,2018,17,3,8,9,,2,0,Asphalt,1,1,1,35,4,2,2,5,0,0,0,0,true,false,false,false,false,false,false,false,false,false,false,false,false,false,false,true,false,false,false,false,false,false,-83.22689,42.38647,"{
  ""coordinates"": [
    -8.322689340703670e+01,
    4.238647457909620e+01
  ],
  ""type"": ""Point""
}","{
  ""coordinates"": [
    -83.226893407,
    42.386474579
  ],
  ""type"": ""Point""
}",-83.226893407,42.386474579
17693,1326014,8 MILE,GROSEBECK,2018-03-13,13,3,2018,18,3,4,3,,1,0,Asphalt,1,1,1,,7,2,4,5,0,0,0,0,true,false,true,true,true,false,false,false,false,false,false,false,false,false,false,false,false,false,false,false,false,false,-83.00253,42.4489,"{
  ""coordinates"": [
    -8.300252252702690e+01,
    4.244890225100850e+01
  ],
  ""type"": ""Point""
}","{
  ""coordinates"": [
    -83.002522527,
    42.448902251
  ],
  ""type"": ""Point""
}",-83.0025225269999,42.448902251
17694,1327884,I-75,I-94,2018-03-13,13,3,2018,5,3,1,1,,1,0,Concrete,1,1,4,55,4,1,1,5,0,0,0,0,true,false,false,false,false,false,false,false,false,false,false,false,false,false,false,false,false,false,false,false,false,false,-83.04539,42.34699,"{
  ""coordinates"": [
    -8.304538528962669e+01,
    4.234699244074500e+01
  ],
  ""type"": ""Point""
}","{
  ""coordinates"": [
    -83.04538529,
    42.346992441
  ],
  ""type"": ""Point""
}",-83.04538529,42.3469924410001
17695,1325030,CONANT,DAVISON,2018-03-13,13,3,2018,15,3,5,3,,4,0,Asphalt,1,2,1,30,4,2,2,4,0,0,0,1,false,false,false,false,true,false,false,false,false,false,false,false,false,false,false,false,false,false,false,false,false,false,-83.06154,42.41559,"{
  ""coordinates"": [
    -8.306153492589850e+01,
    4.241559209668740e+01
  ],
  ""type"": ""Point""
}","{
  ""coordinates"": [
    -83.061534926,
    42.415592097
  ],
  ""type"": ""Point""
}",-83.061534926,42.4155920970001
17696,1324965,S I 75,RAMP 035J,2018-03-13,13,3,2018,9,3,1,1,,1,1,Asphalt,1,1,1,55,2,1,1,5,0,0,0,0,true,false,false,false,false,false,false,false,false,false,true,false,false,false,false,false,false,false,false,false,false,false,-83.08257,42.32151,"{
  ""coordinates"": [
    -8.308256151536490e+01,
    4.232150459980720e+01
  ],
  ""type"": ""Point""
}","{
  ""coordinates"": [
    -83.082561515,
    42.3215046
  ],
  ""type"": ""Point""
}",-83.082561515,42.3215046
17697,1325020,GRATIOT,YOUNG,2018-03-13,13,3,2018,14,3,4,3,,1,0,Asphalt,1,2,1,35,7,2,4,4,0,0,0,4,false,false,false,false,false,false,false,false,false,false,false,false,false,false,false,false,false,false,false,false,false,false,-82.98515,42.42377,"{
  ""coordinates"": [
    -8.298515081984280e+01,
    4.242377037517870e+01
  ],
  ""type"": ""Point""
}","{
  ""coordinates"": [
    -82.98515082,
    42.423770375
  ],
  ""type"": ""Point""
}",-82.9851508199999,42.4237703750001
17698,1325026,MOUNT ELLIOTT,MILLER,2018-03-13,13,3,2018,8,3,4,9,,4,0,Asphalt,1,1,1,30,2,2,2,5,0,0,0,0,true,false,true,true,false,false,false,false,false,false,false,false,false,false,false,false,false,false,false,false,false,false,-83.03733,42.39051,"{
  ""coordinates"": [
    -8.303733074769410e+01,
    4.239051398048760e+01
  ],
  ""type"": ""Point""
}","{
  ""coordinates"": [
    -83.037330748,
    42.39051398
  ],
  ""type"": ""Point""
}",-83.037330748,42.39051398
17699,1325934,M-39,WARREN,2018-03-13,13,3,2018,15,3,97,3,,1,0,Asphalt,1,1,1,55,3,3,2,5,0,0,0,0,true,false,false,false,true,false,false,false,false,false,false,false,false,false,false,false,false,false,false,false,false,false,-83.21606,42.34365,"{
  ""coordinates"": [
    -8.321605469649980e+01,
    4.234365197408790e+01
  ],
  ""type"": ""Point""
}","{
  ""coordinates"": [
    -83.216054696,
    42.343651974
  ],
  ""type"": ""Point""
}",-83.216054696,42.3436519740001
17700,1326003,MOUNT ELLIOT,ROBINWOOD,2018-03-13,13,3,2018,19,3,2,9,,4,2,Asphalt,1,1,1,30,2,2,2,5,0,0,0,0,true,false,false,false,false,true,false,false,false,false,false,false,false,false,false,false,false,false,false,false,false,false,-83.03888,42.43189,"{
  ""coordinates"": [
    -8.303887702348140e+01,
    4.243188748183540e+01
  ],
  ""type"": ""Point""
}","{
  ""coordinates"": [
    -83.038877023,
    42.431887482
  ],
  ""type"": ""Point""
}",-83.0388770229999,42.431887482
17701,1325007,GRATIOT,MELDRUM,2018-03-13,13,3,2018,9,3,5,3,,1,0,Asphalt,1,1,1,30,3,2,1,5,0,0,0,0,true,false,false,false,true,false,false,false,false,false,false,false,false,false,false,false,false,false,false,false,false,false,-83.02317,42.36603,"{
  ""coordinates"": [
    -8.302317382838690e+01,
    4.236603112167970e+01
  ],
  ""type"": ""Point""
}","{
  ""coordinates"": [
    -83.023173828,
    42.366031122
  ],
  ""type"": ""Point""
}",-83.023173828,42.366031122
17702,1326739,LIVERNOIS,JEFFRIES,2018-03-13,13,3,2018,20,3,5,9,,4,0,Concrete,1,1,4,35,4,2,1,5,0,0,0,0,true,false,false,false,true,false,false,false,false,false,false,false,false,false,false,false,false,false,false,false,false,false,-83.13877,42.36785,"{
  ""coordinates"": [
    -8.313877011309160e+01,
    4.236784964447790e+01
  ],
  ""type"": ""Point""
}","{
  ""coordinates"": [
    -83.138770113,
    42.367849644
  ],
  ""type"": ""Point""
}",-83.138770113,42.367849644
17703,1326742,LOTHROP,3RD,2018-03-13,13,3,2018,15,3,4,9,,4,0,Asphalt,1,1,1,,2,2,3,5,0,0,0,0,true,false,true,true,false,false,false,false,false,false,false,false,false,false,false,false,false,false,false,false,false,false,-83.08015,42.3693,"{
  ""coordinates"": [
    -8.308015080025450e+01,
    4.236930644626590e+01
  ],
  ""type"": ""Point""
}","{
  ""coordinates"": [
    -83.0801508,
    42.369306446
  ],
  ""type"": ""Point""
}",-83.0801508,42.3693064460001
17704,1325019,RUNYON,MCNICHOLS,2018-03-13,13,3,2018,8,3,97,9,,,0,,1,1,1,25,2,2,1,5,0,0,0,0,true,false,false,false,false,false,false,false,false,false,false,false,false,true,false,false,false,false,false,false,false,false,-83.00647,42.4201,"{
  ""coordinates"": [
    -8.300647041395560e+01,
    4.242010480768530e+01
  ],
  ""type"": ""Point""
}","{
  ""coordinates"": [
    -83.006470414,
    42.420104808
  ],
  ""type"": ""Point""
}",-83.006470414,42.4201048080001
17705,1325024,8 MILE,DEQUINDRE,2018-03-13,13,3,2018,16,3,97,3,,1,0,Asphalt,1,1,1,35,4,2,0,4,0,0,0,1,false,false,false,false,true,false,false,false,false,false,false,false,true,false,false,false,false,false,false,false,false,false,-83.081,42.44706,"{
  ""coordinates"": [
    -8.308099975831280e+01,
    4.244705561191990e+01
  ],
  ""type"": ""Point""
}","{
  ""coordinates"": [
    -83.080999758,
    42.447055612
  ],
  ""type"": ""Point""
}",-83.080999758,42.447055612
17706,1324874,W I 94,3RD,2018-03-13,13,3,2018,7,3,8,1,,1,0,Asphalt,1,1,2,55,3,3,3,5,0,0,0,0,true,false,false,false,false,false,false,false,false,false,false,false,false,false,false,false,false,false,false,false,false,false,-83.0742,42.36078,"{
  ""coordinates"": [
    -8.307419773343641e+01,
    4.236078336477280e+01
  ],
  ""type"": ""Point""
}","{
  ""coordinates"": [
    -83.074197733,
    42.360783365
  ],
  ""type"": ""Point""
}",-83.0741977329999,42.360783365
17707,1326764,PIERSON,VASSAR,2018-03-13,13,3,2018,21,3,97,9,,,0,,1,1,4,25,2,2,0,5,0,0,0,0,true,false,false,false,true,false,false,false,false,false,true,false,false,false,false,false,false,false,false,false,false,false,-83.24749,42.4327,"{
  ""coordinates"": [
    -8.324749093695900e+01,
    4.243269705193380e+01
  ],
  ""type"": ""Point""
}","{
  ""coordinates"": [
    -83.247490937,
    42.432697052
  ],
  ""type"": ""Point""
}",-83.247490937,42.432697052
17708,1324921,I-75,CLAY,2018-03-13,13,3,2018,6,3,1,1,,1,0,Asphalt,1,1,4,55,4,1,1,5,0,0,0,0,true,false,false,false,false,false,false,false,false,false,false,false,false,false,false,false,false,false,false,false,false,false,-83.05947,42.37158,"{
  ""coordinates"": [
    -8.305947310111181e+01,
    4.237157984943090e+01
  ],
  ""type"": ""Point""
}","{
  ""coordinates"": [
    -83.059473101,
    42.371579849
  ],
  ""type"": ""Point""
}",-83.059473101,42.3715798490001
17709,1328694,CONNER,MACK,2018-03-13,13,3,2018,22,3,8,9,,,0,,1,1,4,35,6,2,2,5,0,0,0,0,true,false,false,false,false,false,false,false,false,false,false,false,false,false,true,false,false,false,false,false,false,false,-82.97327,42.38256,"{
  ""coordinates"": [
    -8.297326527545950e+01,
    4.238256450283180e+01
  ],
  ""type"": ""Point""
}","{
  ""coordinates"": [
    -82.973265275,
    42.382564503
  ],
  ""type"": ""Point""
}",-82.973265275,42.382564503
17710,1325028,MCNICHOLS,MOUND,2018-03-13,13,3,2018,9,3,8,9,,4,0,Asphalt,1,1,1,35,2,3,5,5,0,0,0,0,true,false,false,false,false,false,false,false,false,false,false,false,false,false,false,false,false,false,false,false,false,false,-83.04223,42.41908,"{
  ""coordinates"": [
    -8.304222856539920e+01,
    4.241908037607500e+01
  ],
  ""type"": ""Point""
}","{
  ""coordinates"": [
    -83.042228565,
    42.419080376
  ],
  ""type"": ""Point""
}",-83.042228565,42.4190803760001
17711,1323886,TELEGRAPH,SANTA MARIA,2018-03-12,12,3,2018,13,2,98,2,,1,0,Asphalt,1,1,1,45,5,1,1,5,0,0,0,0,true,false,false,false,true,false,false,false,false,false,false,false,false,false,false,false,false,false,false,false,false,false,-83.2775,42.41717,"{
  ""coordinates"": [
    -8.327750371817200e+01,
    4.241717318906120e+01
  ],
  ""type"": ""Point""
}","{
  ""coordinates"": [
    -83.277503718,
    42.417173189
  ],
  ""type"": ""Point""
}",-83.2775037179999,42.417173189
17712,1540012,FENKELL,FERGUSON,2018-03-12,12,3,2018,,2,98,9,,2,0,Asphalt,1,1,5,35,2,1,1,5,0,0,0,0,true,false,false,false,true,false,false,false,false,false,false,false,false,false,false,false,false,false,false,false,false,false,-83.20905,42.40128,"{
  ""coordinates"": [
    -8.320904426289350e+01,
    4.240127926967780e+01
  ],
  ""type"": ""Point""
}","{
  ""coordinates"": [
    -83.209044263,
    42.40127927
  ],
  ""type"": ""Point""
}",-83.209044263,42.40127927
17713,1323894,OUTER,RYAN,2018-03-12,12,3,2018,23,2,98,9,,2,0,Asphalt,1,1,4,35,2,2,3,4,0,0,0,2,false,false,false,false,false,false,false,false,false,false,true,false,false,false,false,false,false,false,false,false,false,false,-83.06361,42.44033,"{
  ""coordinates"": [
    -8.306361752158040e+01,
    4.244032713799020e+01
  ],
  ""type"": ""Point""
}","{
  ""coordinates"": [
    -83.063617522,
    42.440327138
  ],
  ""type"": ""Point""
}",-83.063617522,42.440327138
17714,1327878,E/B I-94,FRENCH,2018-03-12,12,3,2018,2,2,8,1,,1,0,Asphalt,1,2,4,55,3,2,3,4,0,0,0,1,false,false,false,false,false,true,false,false,false,false,false,false,false,false,false,false,false,false,false,false,false,false,-82.99407,42.39267,"{
  ""coordinates"": [
    -8.299406897687130e+01,
    4.239266548259570e+01
  ],
  ""type"": ""Point""
}","{
  ""coordinates"": [
    -82.994068977,
    42.392665483
  ],
  ""type"": ""Point""
}",-82.994068977,42.392665483
17715,1324981,OUTER,GREENFIELD,2018-03-12,12,3,2018,19,2,97,9,,2,0,Asphalt,1,1,3,45,2,1,1,4,0,0,0,1,false,false,false,false,false,false,false,false,false,false,false,false,false,false,false,false,false,false,false,false,false,false,-83.19928,42.41947,"{
  ""coordinates"": [
    -8.319928072933290e+01,
    4.241947274438260e+01
  ],
  ""type"": ""Point""
}","{
  ""coordinates"": [
    -83.199280729,
    42.419472744
  ],
  ""type"": ""Point""
}",-83.199280729,42.4194727440001
17716,1324988,SENATOR,CENTRAL,2018-03-12,12,3,2018,22,2,8,9,,,3,,1,1,4,25,1,2,2,5,0,0,0,0,true,false,false,false,false,false,false,false,false,false,true,false,false,false,false,false,false,false,false,false,false,false,-83.12334,42.31133,"{
  ""coordinates"": [
    -8.312333577844571e+01,
    4.231133014389130e+01
  ],
  ""type"": ""Point""
}","{
  ""coordinates"": [
    -83.123335778,
    42.311330144
  ],
  ""type"": ""Point""
}",-83.123335778,42.3113301440001
17717,1323888,7 MILE,ST MARYS,2018-03-12,12,3,2018,17,2,4,9,,2,0,Asphalt,1,1,1,30,5,2,1,5,0,0,0,0,true,false,false,false,true,false,false,false,false,false,false,false,false,false,false,false,false,false,false,false,false,false,-83.20732,42.43031,"{
  ""coordinates"": [
    -8.320732403593961e+01,
    4.243031282761420e+01
  ],
  ""type"": ""Point""
}","{
  ""coordinates"": [
    -83.207324036,
    42.430312828
  ],
  ""type"": ""Point""
}",-83.207324036,42.4303128280001
17718,1326024,TRUMBULL,SELDEN,2018-03-12,12,3,2018,12,2,4,9,,4,0,Asphalt,1,1,1,30,2,2,2,4,0,0,0,1,false,false,false,false,false,false,false,false,false,false,false,false,false,false,false,false,false,false,false,false,false,false,-83.0743,42.34439,"{
  ""coordinates"": [
    -8.307430633406520e+01,
    4.234439037203080e+01
  ],
  ""type"": ""Point""
}","{
  ""coordinates"": [
    -83.074306334,
    42.344390372
  ],
  ""type"": ""Point""
}",-83.074306334,42.3443903720001
17719,1327898,CASS,MARTIN LUTHER KING JR,2018-03-12,12,3,2018,17,2,4,9,,4,0,Asphalt,1,2,1,35,2,2,4,5,0,0,0,0,true,false,false,false,false,false,false,false,false,false,false,false,false,false,false,false,false,false,false,false,false,false,-83.06071,42.34555,"{
  ""coordinates"": [
    -8.306070501039800e+01,
    4.234555313922370e+01
  ],
  ""type"": ""Point""
}","{
  ""coordinates"": [
    -83.06070501,
    42.345553139
  ],
  ""type"": ""Point""
}",-83.0607050099999,42.3455531390001
17720,1323857,LYNDON,MEYERS,2018-03-12,12,3,2018,6,2,5,9,,4,0,Asphalt,1,1,5,35,2,2,2,4,0,0,0,1,false,false,false,false,false,false,false,false,false,false,false,false,false,false,false,false,false,false,false,false,false,false,-83.16908,42.39503,"{
  ""coordinates"": [
    -8.316907315055410e+01,
    4.239503046372530e+01
  ],
  ""type"": ""Point""
}","{
  ""coordinates"": [
    -83.169073151,
    42.395030464
  ],
  ""type"": ""Point""
}",-83.169073151,42.3950304640001
17721,1323878,JEFFERSON,CHENE,2018-03-12,12,3,2018,12,2,1,9,,4,1,Asphalt,1,1,1,35,6,1,1,5,0,0,0,0,true,false,false,false,false,false,false,false,false,false,false,false,false,false,false,false,false,false,false,false,false,false,-83.02264,42.33825,"{
  ""coordinates"": [
    -8.302264662306450e+01,
    4.233824528283500e+01
  ],
  ""type"": ""Point""
}","{
  ""coordinates"": [
    -83.022646623,
    42.338245283
  ],
  ""type"": ""Point""
}",-83.022646623,42.338245283
17722,1323905,MEYERS,JAMES COUZENS,2018-03-12,12,3,2018,1,2,5,9,,4,0,Asphalt,1,1,4,30,4,2,4,5,0,0,0,0,true,false,false,false,false,false,false,false,false,false,false,false,false,false,true,false,false,false,false,false,false,false,-83.17001,42.41454,"{
  ""coordinates"": [
    -8.317001040846560e+01,
    4.241454358792780e+01
  ],
  ""type"": ""Point""
}","{
  ""coordinates"": [
    -83.170010408,
    42.414543588
  ],
  ""type"": ""Point""
}",-83.1700104079999,42.4145435880001
17723,1326007,19460 MT ELLIOTT,LANTZ,2018-03-12,12,3,2018,5,2,9,9,,4,2,Asphalt,1,1,4,30,4,2,1,5,0,0,0,0,true,false,false,false,true,false,false,true,false,false,false,false,false,false,false,true,false,false,false,false,false,false,-83.03912,42.43856,"{
  ""coordinates"": [
    -8.303911569726840e+01,
    4.243856589130240e+01
  ],
  ""type"": ""Point""
}","{
  ""coordinates"": [
    -83.039115697,
    42.438565891
  ],
  ""type"": ""Point""
}",-83.0391156969999,42.4385658910001
17724,1328680,FENKELL,FERGUSON,2018-03-12,12,3,2018,16,2,97,9,,2,0,Asphalt,1,1,1,30,5,2,1,5,0,0,0,0,true,false,false,false,true,false,false,false,false,false,false,false,false,false,true,false,false,false,false,false,false,false,-83.20912,42.40128,"{
  ""coordinates"": [
    -8.320912087026380e+01,
    4.240127777241360e+01
  ],
  ""type"": ""Point""
}","{
  ""coordinates"": [
    -83.20912087,
    42.401277772
  ],
  ""type"": ""Point""
}",-83.2091208699999,42.4012777720001
17725,1323884,GREENFIELD,PICKFORD,2018-03-12,12,3,2018,3,2,1,9,,2,1,Asphalt,1,1,4,35,4,1,1,4,0,0,0,1,false,false,false,false,false,false,false,false,false,false,false,false,false,false,false,false,false,false,false,false,false,false,-83.19966,42.42509,"{
  ""coordinates"": [
    -8.319966485449510e+01,
    4.242509138969650e+01
  ],
  ""type"": ""Point""
}","{
  ""coordinates"": [
    -83.199664854,
    42.42509139
  ],
  ""type"": ""Point""
}",-83.1996648539999,42.42509139
17726,1516634,DAVISON,LIVERNOIS,2018-03-12,12,3,2018,7,2,1,3,,1,1,Concrete,1,1,1,35,4,1,1,5,0,0,0,0,true,false,false,false,false,false,false,false,false,false,false,false,false,false,false,false,false,false,false,false,false,false,-83.13972,42.38649,"{
  ""coordinates"": [
    -8.313972313462830e+01,
    4.238648716904810e+01
  ],
  ""type"": ""Point""
}","{
  ""coordinates"": [
    -83.139723135,
    42.386487169
  ],
  ""type"": ""Point""
}",-83.1397231349999,42.3864871690001
17727,1323907,MCNICHOLS,GUNSTON,2018-03-12,12,3,2018,13,2,97,3,,4,0,Asphalt,1,1,1,30,4,2,2,5,0,0,0,0,true,false,true,true,false,false,false,false,false,false,false,false,false,false,false,false,false,false,false,false,false,false,-83.00316,42.42025,"{
  ""coordinates"": [
    -8.300315912922839e+01,
    4.242024499815080e+01
  ],
  ""type"": ""Point""
}","{
  ""coordinates"": [
    -83.003159129,
    42.420244998
  ],
  ""type"": ""Point""
}",-83.003159129,42.420244998
17728,1323897,8 MILE,S I 75,2018-03-12,12,3,2018,17,2,8,3,,1,0,Concrete,1,1,1,40,4,2,4,5,0,0,0,0,true,false,true,false,false,false,false,false,false,false,false,false,false,false,true,false,false,false,false,false,false,false,-83.09482,42.4468,"{
  ""coordinates"": [
    -8.309481456026180e+01,
    4.244680012080560e+01
  ],
  ""type"": ""Point""
}","{
  ""coordinates"": [
    -83.09481456,
    42.446800121
  ],
  ""type"": ""Point""
}",-83.09481456,42.4468001210001
17729,1323883,ROSEMONT,7 MILE,2018-03-12,12,3,2018,13,2,10,9,,,0,,1,1,1,25,2,2,2,5,0,0,0,0,true,false,false,false,false,false,false,false,false,false,false,false,false,false,false,false,false,false,false,false,false,false,-83.22176,42.43024,"{
  ""coordinates"": [
    -8.322175707342950e+01,
    4.243023886575860e+01
  ],
  ""type"": ""Point""
}","{
  ""coordinates"": [
    -83.221757073,
    42.430238866
  ],
  ""type"": ""Point""
}",-83.2217570729999,42.430238866
17730,1323856,METTETAL,FULLERTON,2018-03-12,12,3,2018,4,2,98,9,,,3,,1,1,4,25,2,2,0,5,0,0,0,0,true,false,false,false,false,false,false,false,false,false,false,false,false,false,false,false,false,false,false,false,false,false,-83.20628,42.38018,"{
  ""coordinates"": [
    -8.320628528837770e+01,
    4.238017751271880e+01
  ],
  ""type"": ""Point""
}","{
  ""coordinates"": [
    -83.206285288,
    42.380177513
  ],
  ""type"": ""Point""
}",-83.2062852879999,42.380177513
17731,1323871,LORETTO,PARK,2018-03-12,12,3,2018,0,2,8,9,,,0,,1,1,4,25,2,2,0,5,0,0,0,0,true,false,false,false,true,false,false,false,false,false,false,false,false,false,false,false,false,false,false,false,false,false,-82.98471,42.41753,"{
  ""coordinates"": [
    -8.298471412994409e+01,
    4.241753417726000e+01
  ],
  ""type"": ""Point""
}","{
  ""coordinates"": [
    -82.98471413,
    42.417534177
  ],
  ""type"": ""Point""
}",-82.98471413,42.4175341770001
17732,1324989,VERNOR,24TH,2018-03-12,12,3,2018,16,2,97,9,,4,0,Concrete,1,2,1,,2,2,3,5,0,0,0,0,true,false,false,false,true,false,false,false,false,false,false,false,false,false,false,false,false,false,false,false,false,false,-83.08729,42.32362,"{
  ""coordinates"": [
    -8.308728750787030e+01,
    4.232362491797090e+01
  ],
  ""type"": ""Point""
}","{
  ""coordinates"": [
    -83.087287508,
    42.323624918
  ],
  ""type"": ""Point""
}",-83.087287508,42.3236249180001
17733,1323890,E I 94,CHENE,2018-03-12,12,3,2018,15,2,5,1,,1,0,Concrete,1,1,1,50,6,2,3,4,0,0,0,1,false,false,false,false,false,false,false,false,false,false,false,false,false,false,true,false,false,false,false,false,false,false,-83.04603,42.37442,"{
  ""coordinates"": [
    -8.304602801970429e+01,
    4.237441556260800e+01
  ],
  ""type"": ""Point""
}","{
  ""coordinates"": [
    -83.04602802,
    42.374415563
  ],
  ""type"": ""Point""
}",-83.0460280199999,42.3744155630001
17734,1325011,LAMPHERE,FENKELL,2018-03-12,12,3,2018,18,2,97,9,,,0,,1,1,3,35,4,3,3,5,0,0,0,0,true,false,false,false,false,false,false,false,false,false,false,false,false,false,false,false,false,false,false,false,false,false,-83.26176,42.40026,"{
  ""coordinates"": [
    -8.326175838879280e+01,
    4.240025997858350e+01
  ],
  ""type"": ""Point""
}","{
  ""coordinates"": [
    -83.261758389,
    42.400259979
  ],
  ""type"": ""Point""
}",-83.261758389,42.4002599790001
17735,1323879,VAN DYKE,LAFAYETTE,2018-03-12,12,3,2018,7,2,98,9,,4,0,Asphalt,1,1,1,,1,2,0,5,0,0,0,0,true,false,false,false,true,false,false,false,false,false,false,true,false,false,false,false,false,false,false,false,false,false,-82.99621,42.35324,"{
  ""coordinates"": [
    -8.299621093867979e+01,
    4.235323729721170e+01
  ],
  ""type"": ""Point""
}","{
  ""coordinates"": [
    -82.996210939,
    42.353237297
  ],
  ""type"": ""Point""
}",-82.996210939,42.3532372970001
17736,1326023,JOHN R,BALTIMORE,2018-03-12,12,3,2018,12,2,8,9,,4,0,Asphalt,1,1,1,30,1,2,0,5,0,0,0,0,true,false,false,false,true,false,false,false,false,false,false,false,false,false,false,false,false,false,false,false,false,false,-83.06996,42.36936,"{
  ""coordinates"": [
    -8.306995879403431e+01,
    4.236936144202020e+01
  ],
  ""type"": ""Point""
}","{
  ""coordinates"": [
    -83.069958794,
    42.369361442
  ],
  ""type"": ""Point""
}",-83.0699587939999,42.3693614420001
17737,1323868,E I 94,MOUNT ELLIOTT,2018-03-12,12,3,2018,13,2,1,1,,1,0,Asphalt,2,8,1,55,3,1,1,5,0,0,0,0,true,false,false,false,false,false,false,false,false,false,false,false,false,false,false,false,true,false,false,false,false,false,-83.03387,42.37912,"{
  ""coordinates"": [
    -8.303386746396070e+01,
    4.237911953926080e+01
  ],
  ""type"": ""Point""
}","{
  ""coordinates"": [
    -83.033867464,
    42.379119539
  ],
  ""type"": ""Point""
}",-83.033867464,42.379119539
17738,1327943,7MILE,HOOVER,2018-03-12,12,3,2018,21,2,97,3,,4,0,Asphalt,1,1,4,35,5,2,2,5,0,0,0,0,true,false,false,false,true,false,false,false,false,false,false,false,false,false,false,false,false,false,false,false,false,false,-83.00458,42.43443,"{
  ""coordinates"": [
    -8.300458125795450e+01,
    4.243442949301910e+01
  ],
  ""type"": ""Point""
}","{
  ""coordinates"": [
    -83.004581258,
    42.434429493
  ],
  ""type"": ""Point""
}",-83.004581258,42.434429493
17739,1323865,GRAND,BEAUBIEN,2018-03-12,12,3,2018,8,2,8,9,,4,0,Asphalt,1,2,1,25,3,2,4,5,0,0,0,0,true,true,false,false,false,false,false,false,false,false,false,false,false,false,false,false,false,false,false,false,false,false,-83.06753,42.3725,"{
  ""coordinates"": [
    -8.306752811126169e+01,
    4.237249753127510e+01
  ],
  ""type"": ""Point""
}","{
  ""coordinates"": [
    -83.067528111,
    42.372497531
  ],
  ""type"": ""Point""
}",-83.0675281109999,42.3724975310001