ObjectId,Crash ID,Primary Road,Intersecting Road,Crash Date,Day,Month,Year,Hour,Weekday,Crash Type Code,Highway Classification Code,Community Code,Jurisdiction Code,Lane Departure Type Code,Surface Type,Road Condition,Weather Condition,Lighting Condition,Speed Limit,Lanes,Units,Occupants,Most Severe Injury,Fatal Injuries,Suspected Serious Injuries,Suspected Minor Injuries,Possible Injuries,Property Damage Only,Secondary Crash,Traffic Control,Red Light Run,Hit and Run,Alcohol,Drugs,Unbelted Person,Work Zone,Speeding Driver,Distracted Driver,Driveway,Pedestrian,Elderly Driver,Young Driver,Commercial Vehicle,Emergency Vehicles,Train,School Bus,Motorcycle,Bicycle,Deer,Longitude,Latitude,geom,geog,x,y
17849,1323900,EIGHT MILE,NORWOOD,2018-03-10,10,3,2018,21,7,5,3,,1,0,Asphalt,1,1,5,30,4,2,4,5,0,0,0,0,true,false,false,false,false,false,false,false,false,false,false,false,false,false,true,false,false,false,false,false,false,false,-83.06803,42.44721,"{
  ""coordinates"": [
    -8.306802825221391e+01,
    4.244721076076830e+01
  ],
  ""type"": ""Point""
}","{
  ""coordinates"": [
    -83.068028252,
    42.447210761
  ],
  ""type"": ""Point""
}",-83.068028252,42.4472107610001
17850,1321953,SOUTHFIELD SERVICE DRIVE,FULLERTON,2018-03-10,10,3,2018,5,7,97,9,,4,0,Concrete,1,1,4,55,3,2,1,5,0,0,0,0,true,true,false,false,false,false,false,false,false,false,false,false,false,false,false,false,false,false,false,false,false,false,-83.21739,42.37973,"{
  ""coordinates"": [
    -8.321739564318530e+01,
    4.237973593748880e+01
  ],
  ""type"": ""Point""
}","{
  ""coordinates"": [
    -83.217395643,
    42.379735937
  ],
  ""type"": ""Point""
}",-83.217395643,42.3797359370001
17851,1323869,BEDFORD,CORNWALL,2018-03-10,10,3,2018,2,7,2,9,,,2,,1,1,4,25,2,3,1,3,0,0,1,0,false,false,false,false,false,true,false,true,false,false,false,false,false,false,false,false,false,false,false,false,false,false,-82.93979,42.40021,"{
  ""coordinates"": [
    -8.293978610244621e+01,
    4.240020956750410e+01
  ],
  ""type"": ""Point""
}","{
  ""coordinates"": [
    -82.939786102,
    42.400209568
  ],
  ""type"": ""Point""
}",-82.939786102,42.400209568
17852,1352422,N I 375,JEFFERSON,2018-03-10,10,3,2018,11,7,4,1,,1,0,Asphalt,1,1,1,30,2,2,2,5,0,0,0,0,true,false,false,false,false,false,false,false,false,false,false,false,false,true,false,false,false,false,false,false,false,false,-83.03591,42.33249,"{
  ""coordinates"": [
    -8.303590808114720e+01,
    4.233249318831930e+01
  ],
  ""type"": ""Point""
}","{
  ""coordinates"": [
    -83.035908081,
    42.332493188
  ],
  ""type"": ""Point""
}",-83.0359080809999,42.3324931880001
17853,1321982,STATE FAIR,RIOPELLE,2018-03-10,10,3,2018,17,7,8,9,,4,0,Asphalt,1,1,1,15,2,2,0,5,0,0,0,0,true,false,false,false,true,false,false,false,false,false,false,false,false,false,false,false,false,false,false,false,false,false,-83.08678,42.43999,"{
  ""coordinates"": [
    -8.308677424784130e+01,
    4.243999010021440e+01
  ],
  ""type"": ""Point""
}","{
  ""coordinates"": [
    -83.086774248,
    42.4399901
  ],
  ""type"": ""Point""
}",-83.086774248,42.4399901
17854,1321960,PEMBROKE,STOUT,2018-03-10,10,3,2018,7,7,1,9,,,0,,1,1,1,25,2,1,0,5,0,0,0,0,true,true,false,false,true,false,false,false,false,false,false,false,false,false,false,false,false,false,false,false,false,false,-83.24328,42.43668,"{
  ""coordinates"": [
    -8.324327981868100e+01,
    4.243668030068020e+01
  ],
  ""type"": ""Point""
}","{
  ""coordinates"": [
    -83.243279819,
    42.436680301
  ],
  ""type"": ""Point""
}",-83.243279819,42.4366803010001
17855,1333638,GRATIOT,7 MILE,2018-03-10,10,3,2018,11,7,8,3,,1,0,Asphalt,1,1,1,35,6,2,3,4,0,0,0,1,false,false,true,true,false,false,false,true,false,false,false,false,false,false,false,true,false,false,false,false,false,false,-82.97768,42.4351,"{
  ""coordinates"": [
    -8.297768168771070e+01,
    4.243509906496240e+01
  ],
  ""type"": ""Point""
}","{
  ""coordinates"": [
    -82.977681688,
    42.435099065
  ],
  ""type"": ""Point""
}",-82.977681688,42.435099065
17856,1321983,VAN DYKE,MOUNT OLIVET,2018-03-10,10,3,2018,0,7,5,3,,1,0,Asphalt,1,1,5,,7,2,2,5,0,0,0,0,true,false,false,false,false,false,false,false,false,false,false,false,false,false,false,true,false,false,false,false,false,false,-83.02352,42.41452,"{
  ""coordinates"": [
    -8.302352191427210e+01,
    4.241452284628680e+01
  ],
  ""type"": ""Point""
}","{
  ""coordinates"": [
    -83.023521914,
    42.414522846
  ],
  ""type"": ""Point""
}",-83.023521914,42.4145228460001
17857,1323877,GREENFIELD,SCHOOLCRAFT,2018-03-10,10,3,2018,1,7,98,9,,2,0,Asphalt,1,1,4,30,5,2,0,5,0,0,0,0,true,false,false,false,true,false,false,false,false,false,false,true,false,false,false,false,false,false,false,false,false,false,-83.19814,42.38666,"{
  ""coordinates"": [
    -8.319814588428601e+01,
    4.238665668679600e+01
  ],
  ""type"": ""Point""
}","{
  ""coordinates"": [
    -83.198145884,
    42.386656687
  ],
  ""type"": ""Point""
}",-83.198145884,42.386656687
17858,1328681,CASS,FISHER,2018-03-10,10,3,2018,11,7,4,9,,4,0,Asphalt,1,1,1,25,2,2,3,5,0,0,0,0,true,false,true,true,false,false,false,false,false,false,false,false,false,false,false,false,false,false,false,false,false,false,-83.05669,42.33849,"{
  ""coordinates"": [
    -8.305668945933540e+01,
    4.233848985245110e+01
  ],
  ""type"": ""Point""
}","{
  ""coordinates"": [
    -83.056689459,
    42.338489852
  ],
  ""type"": ""Point""
}",-83.056689459,42.3384898520001
17859,1321944,1551 CAMPBELL,ELDRED,2018-03-10,10,3,2018,1,7,5,9,,,0,,1,1,4,,2,2,1,5,0,0,0,0,true,false,false,false,true,false,false,false,false,false,false,false,false,false,false,false,false,false,false,false,false,false,-83.10263,42.31538,"{
  ""coordinates"": [
    -8.310262945799580e+01,
    4.231538302869040e+01
  ],
  ""type"": ""Point""
}","{
  ""coordinates"": [
    -83.102629458,
    42.315383029
  ],
  ""type"": ""Point""
}",-83.102629458,42.315383029
17860,1323892,HARPER,DICKERSON,2018-03-10,10,3,2018,2,7,1,9,,4,1,Asphalt,1,1,4,30,2,1,2,2,0,1,0,1,false,false,false,false,false,true,false,true,false,false,false,false,false,false,false,false,false,false,false,false,false,false,-82.97363,42.40201,"{
  ""coordinates"": [
    -8.297362636252370e+01,
    4.240201002596650e+01
  ],
  ""type"": ""Point""
}","{
  ""coordinates"": [
    -82.973626363,
    42.402010026
  ],
  ""type"": ""Point""
}",-82.9736263629999,42.402010026
17861,1321901,M-10,WYOMING,2018-03-10,10,3,2018,2,7,1,3,,1,1,Concrete,1,2,4,55,3,1,1,5,0,0,0,0,true,false,false,false,false,false,false,false,false,true,false,false,false,false,false,false,false,false,false,false,false,false,-83.16016,42.40545,"{
  ""coordinates"": [
    -8.316015533477220e+01,
    4.240545139788460e+01
  ],
  ""type"": ""Point""
}","{
  ""coordinates"": [
    -83.160155335,
    42.405451398
  ],
  ""type"": ""Point""
}",-83.160155335,42.405451398
17862,1325941,I-375,LAFAYETTE,2018-03-10,10,3,2018,23,7,5,1,,1,0,Asphalt,1,1,4,55,4,3,4,5,0,0,0,0,true,false,false,false,false,false,false,false,false,false,false,false,false,false,false,false,false,false,false,false,false,false,-83.0388,42.33689,"{
  ""coordinates"": [
    -8.303879452373189e+01,
    4.233689680265560e+01
  ],
  ""type"": ""Point""
}","{
  ""coordinates"": [
    -83.038794524,
    42.336896803
  ],
  ""type"": ""Point""
}",-83.038794524,42.3368968030001
17863,1321963,7 MILE,SOUTHFIELD SERVICE DRIVE,2018-03-10,10,3,2018,9,7,5,9,,2,0,Asphalt,1,1,1,35,2,2,2,5,0,0,0,0,true,false,false,false,false,false,false,false,false,false,false,false,false,false,false,false,false,false,false,false,false,false,-83.21896,42.43003,"{
  ""coordinates"": [
    -8.321895697316160e+01,
    4.243002610773570e+01
  ],
  ""type"": ""Point""
}","{
  ""coordinates"": [
    -83.218956973,
    42.430026108
  ],
  ""type"": ""Point""
}",-83.218956973,42.430026108
17864,1323864,GRAND,GRAND RIVER,2018-03-10,10,3,2018,20,7,8,3,,1,0,Asphalt,1,1,4,30,3,2,1,5,0,0,0,0,true,false,false,false,true,false,false,false,false,false,false,false,false,false,false,false,false,false,false,false,false,false,-83.2654,42.41961,"{
  ""coordinates"": [
    -8.326540529835700e+01,
    4.241960446172260e+01
  ],
  ""type"": ""Point""
}","{
  ""coordinates"": [
    -83.265405298,
    42.419604462
  ],
  ""type"": ""Point""
}",-83.265405298,42.4196044620001
17865,1325983,E I 96,BURT,2018-03-10,10,3,2018,14,7,8,1,,1,0,Concrete,1,2,1,70,3,2,3,5,0,0,0,0,true,false,false,false,false,false,false,false,false,true,false,false,false,false,false,false,false,false,false,false,false,false,-83.24758,42.38543,"{
  ""coordinates"": [
    -8.324757797012850e+01,
    4.238542509430370e+01
  ],
  ""type"": ""Point""
}","{
  ""coordinates"": [
    -83.24757797,
    42.385425094
  ],
  ""type"": ""Point""
}",-83.24757797,42.385425094
17866,1332394,7 MILE,WARRINGTON,2018-03-10,10,3,2018,22,7,5,9,,2,0,Asphalt,1,1,1,30,2,3,2,4,0,0,0,1,false,false,false,false,false,false,false,false,false,false,false,false,false,false,false,false,false,false,false,false,false,false,-83.14011,42.43163,"{
  ""coordinates"": [
    -8.314011710229509e+01,
    4.243163274555870e+01
  ],
  ""type"": ""Point""
}","{
  ""coordinates"": [
    -83.140117102,
    42.431632746
  ],
  ""type"": ""Point""
}",-83.140117102,42.431632746
17867,1331523,S I 75,WARREN,2018-03-10,10,3,2018,9,7,8,1,,1,0,Concrete,1,1,1,25,4,2,7,4,0,0,0,1,false,false,false,false,false,false,false,false,false,false,false,false,false,false,false,false,false,false,false,false,false,false,-83.05461,42.36095,"{
  ""coordinates"": [
    -8.305460874074539e+01,
    4.236095596650780e+01
  ],
  ""type"": ""Point""
}","{
  ""coordinates"": [
    -83.054608741,
    42.360955967
  ],
  ""type"": ""Point""
}",-83.054608741,42.3609559670001
17868,1330681,N M 39,RAMP 008M,2018-03-10,10,3,2018,5,7,1,3,,1,1,Asphalt,1,1,4,55,3,1,1,3,0,0,1,0,false,false,false,false,false,true,false,true,false,false,false,false,false,false,false,false,false,false,false,false,false,false,-83.21695,42.37893,"{
  ""coordinates"": [
    -8.321694767504989e+01,
    4.237892755262510e+01
  ],
  ""type"": ""Point""
}","{
  ""coordinates"": [
    -83.216947675,
    42.378927553
  ],
  ""type"": ""Point""
}",-83.216947675,42.378927553
17869,1332354,GRAND RIVER,JOHN C LODGE SERVICE,2018-03-10,10,3,2018,11,7,5,3,,1,0,Concrete,1,1,1,35,3,2,2,4,0,0,0,1,false,false,false,false,false,false,false,false,false,false,false,false,false,false,false,false,false,false,false,false,false,false,-83.06537,42.33902,"{
  ""coordinates"": [
    -8.306536752830129e+01,
    4.233901999249810e+01
  ],
  ""type"": ""Point""
}","{
  ""coordinates"": [
    -83.065367528,
    42.339019992
  ],
  ""type"": ""Point""
}",-83.065367528,42.339019992
17870,1327852,W I 94,CONNER,2018-03-10,10,3,2018,0,7,5,1,,1,0,Asphalt,1,1,4,55,3,2,2,4,0,0,0,1,false,false,false,false,true,false,false,false,false,false,false,false,false,true,false,false,false,false,false,false,false,false,-82.98786,42.39657,"{
  ""coordinates"": [
    -8.298785988746070e+01,
    4.239656872305680e+01
  ],
  ""type"": ""Point""
}","{
  ""coordinates"": [
    -82.987859887,
    42.396568723
  ],
  ""type"": ""Point""
}",-82.987859887,42.396568723
17871,1321973,DAVISON,LINWOOD,2018-03-10,10,3,2018,11,7,4,3,,1,0,Asphalt,1,2,1,35,7,2,3,5,0,0,0,0,true,false,false,false,false,false,false,false,false,false,false,false,false,true,false,false,false,false,false,false,false,false,-83.12188,42.39307,"{
  ""coordinates"": [
    -8.312187912629879e+01,
    4.239307493516890e+01
  ],
  ""type"": ""Point""
}","{
  ""coordinates"": [
    -83.121879126,
    42.393074935
  ],
  ""type"": ""Point""
}",-83.121879126,42.3930749350001
17872,1321980,8 MILE,GARY,2018-03-09,9,3,2018,17,6,5,3,,1,0,Asphalt,1,1,1,40,4,2,3,5,0,0,0,0,true,false,false,false,false,false,false,false,false,false,false,false,false,false,false,false,false,false,false,false,false,false,-83.10989,42.44681,"{
  ""coordinates"": [
    -8.310988618912739e+01,
    4.244681286755910e+01
  ],
  ""type"": ""Point""
}","{
  ""coordinates"": [
    -83.109886189,
    42.446812868
  ],
  ""type"": ""Point""
}",-83.109886189,42.4468128680001
17873,1327905,FORT,DEARBORN,2018-03-09,9,3,2018,14,6,5,3,,1,0,Asphalt,1,1,1,35,2,2,2,5,0,0,0,0,true,false,false,false,false,false,false,false,false,false,false,false,false,false,false,false,false,false,false,false,false,false,-83.13674,42.29355,"{
  ""coordinates"": [
    -8.313674316136660e+01,
    4.229355212373160e+01
  ],
  ""type"": ""Point""
}","{
  ""coordinates"": [
    -83.136743161,
    42.293552124
  ],
  ""type"": ""Point""
}",-83.136743161,42.293552124
17874,1339614,MEYERS,KEELER,2018-03-09,9,3,2018,5,6,4,9,,4,0,Asphalt,1,2,4,30,4,2,2,5,0,0,0,0,true,false,true,false,false,false,false,false,false,false,false,false,false,false,false,false,false,false,false,false,false,false,-83.16949,42.40401,"{
  ""coordinates"": [
    -8.316949083696301e+01,
    4.240401486655060e+01
  ],
  ""type"": ""Point""
}","{
  ""coordinates"": [
    -83.169490837,
    42.404014867
  ],
  ""type"": ""Point""
}",-83.169490837,42.4040148670001
17875,1320887,SHELLBY,JEFFERSON,2018-03-09,9,3,2018,7,6,8,9,,4,0,Asphalt,1,2,1,25,2,2,1,5,0,0,0,0,true,false,false,false,false,false,false,false,false,false,false,false,false,false,false,true,false,false,false,false,false,false,-83.04709,42.32798,"{
  ""coordinates"": [
    -8.304708636418330e+01,
    4.232797933686890e+01
  ],
  ""type"": ""Point""
}","{
  ""coordinates"": [
    -83.047086364,
    42.327979337
  ],
  ""type"": ""Point""
}",-83.0470863639999,42.327979337
17876,1321921,SCHAEFER,E I 96 CD,2018-03-09,9,3,2018,13,6,3,1,,4,0,Asphalt,1,2,1,30,5,2,3,5,0,0,0,0,true,false,false,false,false,false,false,false,false,false,false,false,false,false,false,false,false,false,false,false,false,false,-83.17835,42.38286,"{
  ""coordinates"": [
    -8.317835039092471e+01,
    4.238285953959050e+01
  ],
  ""type"": ""Point""
}","{
  ""coordinates"": [
    -83.178350391,
    42.38285954
  ],
  ""type"": ""Point""
}",-83.178350391,42.38285954
17877,1323906,OUTER,WYOMING,2018-03-09,9,3,2018,15,6,4,9,,2,0,Asphalt,1,1,1,35,3,2,2,5,0,0,0,0,true,false,false,false,false,false,false,false,false,false,false,false,false,false,false,false,false,false,false,false,false,false,-83.16131,42.43503,"{
  ""coordinates"": [
    -8.316131192405339e+01,
    4.243503311377520e+01
  ],
  ""type"": ""Point""
}","{
  ""coordinates"": [
    -83.161311924,
    42.435033114
  ],
  ""type"": ""Point""
}",-83.161311924,42.4350331140001
17878,1321959,GRAND RIVER,EVERGREEN,2018-03-09,9,3,2018,18,6,3,3,,1,0,Asphalt,1,1,3,35,5,2,3,4,0,0,0,2,false,false,true,true,false,false,false,false,false,false,false,false,false,false,false,false,false,false,false,false,false,false,-83.23779,42.40854,"{
  ""coordinates"": [
    -8.323779147633360e+01,
    4.240854028739870e+01
  ],
  ""type"": ""Point""
}","{
  ""coordinates"": [
    -83.237791476,
    42.408540287
  ],
  ""type"": ""Point""
}",-83.237791476,42.4085402870001
17879,1325978,S/B I-75,MCNICHOLS,2018-03-09,9,3,2018,15,6,5,1,,1,0,Asphalt,1,2,1,70,4,3,2,5,0,0,0,0,true,false,false,false,true,false,false,false,false,false,false,false,false,false,false,false,false,false,false,false,false,false,-83.08825,42.41846,"{
  ""coordinates"": [
    -8.308824905768540e+01,
    4.241845839414050e+01
  ],
  ""type"": ""Point""
}","{
  ""coordinates"": [
    -83.088249058,
    42.418458394
  ],
  ""type"": ""Point""
}",-83.088249058,42.418458394
17880,1322873,WOODWARD,ALEXANDRINE,2018-03-09,9,3,2018,16,6,8,3,,1,0,Asphalt,1,1,1,30,3,2,4,5,0,0,0,0,true,false,false,false,false,false,false,false,false,false,false,false,false,false,false,false,false,false,false,false,false,false,-83.06002,42.35058,"{
  ""coordinates"": [
    -8.306001691394610e+01,
    4.235057713306880e+01
  ],
  ""type"": ""Point""
}","{
  ""coordinates"": [
    -83.060016914,
    42.350577133
  ],
  ""type"": ""Point""
}",-83.060016914,42.3505771330001
17881,1325000,WARREN,S M 39,2018-03-09,9,3,2018,6,6,4,9,,2,0,Asphalt,1,1,4,35,6,2,2,4,0,0,0,2,false,false,true,true,false,false,false,false,false,false,false,false,false,false,false,false,false,false,false,false,false,false,-83.21631,42.34336,"{
  ""coordinates"": [
    -8.321630861829119e+01,
    4.234336483200190e+01
  ],
  ""type"": ""Point""
}","{
  ""coordinates"": [
    -83.216308618,
    42.343364832
  ],
  ""type"": ""Point""
}",-83.216308618,42.3433648320001
17882,1338752,GREENFIELD,ST MARTIN,2018-03-09,9,3,2018,18,6,5,9,,2,0,Asphalt,1,1,3,40,6,2,3,4,0,0,0,1,false,false,false,false,false,false,false,false,false,false,false,false,false,false,false,false,false,false,false,false,false,false,-83.2001,42.43586,"{
  ""coordinates"": [
    -8.320010440852759e+01,
    4.243585537266320e+01
  ],
  ""type"": ""Point""
}","{
  ""coordinates"": [
    -83.200104409,
    42.435855373
  ],
  ""type"": ""Point""
}",-83.2001044089999,42.435855373
17883,1323862,WOODWARD,EUCLID,2018-03-09,9,3,2018,8,6,1,3,,1,0,Asphalt,1,1,1,35,3,1,1,5,0,0,0,0,true,false,false,false,false,false,false,false,false,false,false,false,false,false,false,false,false,false,false,false,false,false,-83.07794,42.37717,"{
  ""coordinates"": [
    -8.307793963375750e+01,
    4.237716895582720e+01
  ],
  ""type"": ""Point""
}","{
  ""coordinates"": [
    -83.077939634,
    42.377168956
  ],
  ""type"": ""Point""
}",-83.077939634,42.377168956
17884,1322895,8 MILE,HOOVER,2018-03-09,9,3,2018,20,6,8,3,,1,0,Asphalt,1,1,4,45,3,2,3,4,0,0,0,1,false,false,false,false,true,false,false,false,false,false,false,false,false,false,true,false,false,false,false,false,false,false,-83.00764,42.4487,"{
  ""coordinates"": [
    -8.300764153025300e+01,
    4.244870374809150e+01
  ],
  ""type"": ""Point""
}","{
  ""coordinates"": [
    -83.00764153,
    42.448703748
  ],
  ""type"": ""Point""
}",-83.0076415299999,42.4487037480001
17885,1321926,JEFFRIES,CHICAGO,2018-03-09,9,3,2018,23,6,97,9,,4,0,Asphalt,1,1,4,30,5,3,2,5,0,0,0,0,true,false,false,false,true,false,false,false,false,false,true,false,false,false,false,false,false,false,false,false,false,false,-83.13954,42.36806,"{
  ""coordinates"": [
    -8.313954482370480e+01,
    4.236805958710660e+01
  ],
  ""type"": ""Point""
}","{
  ""coordinates"": [
    -83.139544824,
    42.368059587
  ],
  ""type"": ""Point""
}",-83.139544824,42.3680595870001
17886,1321941,MICHIGAN,CLARK,2018-03-09,9,3,2018,17,6,5,2,,1,0,Asphalt,1,1,1,35,5,2,2,5,0,0,0,0,true,false,false,false,false,false,false,false,false,false,false,false,false,false,true,false,false,false,false,false,false,false,-83.10215,42.3313,"{
  ""coordinates"": [
    -8.310215079905730e+01,
    4.233129409408680e+01
  ],
  ""type"": ""Point""
}","{
  ""coordinates"": [
    -83.102150799,
    42.331294094
  ],
  ""type"": ""Point""
}",-83.102150799,42.331294094
17887,1323872,TIREMAN,PIEDMONT,2018-03-09,9,3,2018,19,6,4,9,,4,0,Asphalt,1,1,4,25,2,2,2,5,0,0,0,0,true,false,true,false,true,false,false,false,false,false,false,false,false,false,false,false,false,false,false,false,false,false,-83.22832,42.35044,"{
  ""coordinates"": [
    -8.322831733785370e+01,
    4.235043906973120e+01
  ],
  ""type"": ""Point""
}","{
  ""coordinates"": [
    -83.228317338,
    42.35043907
  ],
  ""type"": ""Point""
}",-83.228317338,42.35043907
17888,1325966,I-75,M-8,2018-03-09,9,3,2018,8,6,1,1,,1,0,Asphalt,1,2,1,70,5,1,1,5,0,0,0,0,true,false,false,false,false,false,false,false,false,false,false,false,false,false,false,true,false,false,false,false,false,false,-83.07914,42.4082,"{
  ""coordinates"": [
    -8.307913688290900e+01,
    4.240820015712540e+01
  ],
  ""type"": ""Point""
}","{
  ""coordinates"": [
    -83.079136883,
    42.408200157
  ],
  ""type"": ""Point""
}",-83.079136883,42.4082001570001
17889,1321997,MCNICHOLS,N M 10,2018-03-09,9,3,2018,15,6,8,9,,2,0,Asphalt,1,1,1,,3,2,3,5,0,0,0,0,true,false,false,false,false,false,false,false,false,false,false,false,false,false,false,false,false,false,false,false,false,false,-83.17216,42.41664,"{
  ""coordinates"": [
    -8.317216635197130e+01,
    4.241664064910940e+01
  ],
  ""type"": ""Point""
}","{
  ""coordinates"": [
    -83.172166352,
    42.416640649
  ],
  ""type"": ""Point""
}",-83.172166352,42.416640649
17890,1321966,E I 94,RAMP 220D,2018-03-09,9,3,2018,8,6,5,1,,1,0,Asphalt,1,1,1,25,1,2,2,5,0,0,0,0,true,false,false,false,false,false,false,false,false,false,false,false,false,false,false,false,false,false,false,false,false,false,-82.9892,42.39538,"{
  ""coordinates"": [
    -8.298919709696310e+01,
    4.239538346143370e+01
  ],
  ""type"": ""Point""
}","{
  ""coordinates"": [
    -82.989197097,
    42.395383461
  ],
  ""type"": ""Point""
}",-82.989197097,42.3953834610001
17891,1325948,N M 39,CURTIS,2018-03-09,9,3,2018,8,6,8,3,,1,0,Concrete,1,1,1,55,3,2,1,5,0,0,0,0,true,false,false,false,true,false,false,false,false,false,false,false,false,false,false,false,false,false,false,false,false,false,-83.21896,42.42273,"{
  ""coordinates"": [
    -8.321895614630270e+01,
    4.242273169639530e+01
  ],
  ""type"": ""Point""
}","{
  ""coordinates"": [
    -83.218956146,
    42.422731696
  ],
  ""type"": ""Point""
}",-83.218956146,42.422731696
17892,1328717,CADILLAC,CANFIELD,2018-03-09,9,3,2018,20,6,5,9,,4,3,Asphalt,1,1,5,25,4,2,0,5,0,0,0,0,true,false,false,false,true,false,false,false,false,false,false,false,false,false,false,false,false,false,false,false,false,false,-82.99384,42.37794,"{
  ""coordinates"": [
    -8.299384152119291e+01,
    4.237794485683380e+01
  ],
  ""type"": ""Point""
}","{
  ""coordinates"": [
    -82.993841521,
    42.377944857
  ],
  ""type"": ""Point""
}",-82.993841521,42.377944857
17893,1380417,N M 10,SCHAEFER,2018-03-09,9,3,2018,12,6,4,3,,1,0,Concrete,1,1,1,30,3,2,1,4,0,0,0,1,false,false,true,false,true,false,false,false,false,false,false,false,false,false,false,false,false,false,false,false,false,false,-83.18031,42.42513,"{
  ""coordinates"": [
    -8.318030936879779e+01,
    4.242513389365120e+01
  ],
  ""type"": ""Point""
}","{
  ""coordinates"": [
    -83.180309369,
    42.425133894
  ],
  ""type"": ""Point""
}",-83.180309369,42.4251338940001
17894,1321954,JOSEPH CAMPAU,FRANKLIN,2018-03-09,9,3,2018,14,6,4,9,,4,0,Asphalt,1,1,1,25,2,2,2,5,0,0,0,0,true,false,true,false,false,false,false,false,false,false,false,false,false,false,false,false,false,false,false,false,false,false,-83.01887,42.33817,"{
  ""coordinates"": [
    -8.301886981107630e+01,
    4.233816529676350e+01
  ],
  ""type"": ""Point""
}","{
  ""coordinates"": [
    -83.018869811,
    42.338165297
  ],
  ""type"": ""Point""
}",-83.0188698109999,42.338165297
17895,1322894,5557 MARSEILLES,HAMPTON,2018-03-09,9,3,2018,18,6,98,9,,,3,,1,1,1,25,2,2,0,5,0,0,0,0,true,false,false,false,true,false,false,false,false,false,false,false,false,false,false,false,false,false,false,false,false,false,-82.92338,42.41234,"{
  ""coordinates"": [
    -8.292337735250820e+01,
    4.241233760688140e+01
  ],
  ""type"": ""Point""
}","{
  ""coordinates"": [
    -82.923377353,
    42.412337607
  ],
  ""type"": ""Point""
}",-82.923377353,42.412337607
17896,1321994,PINEHURST,7 MILE,2018-03-09,9,3,2018,20,6,2,9,,,2,,1,1,5,25,2,2,0,5,0,0,0,0,true,false,false,false,true,false,false,true,false,false,false,false,false,false,false,false,false,false,false,false,false,false,-83.16753,42.43127,"{
  ""coordinates"": [
    -8.316752622982590e+01,
    4.243127537094420e+01
  ],
  ""type"": ""Point""
}","{
  ""coordinates"": [
    -83.16752623,
    42.431275371
  ],
  ""type"": ""Point""
}",-83.16752623,42.431275371
17897,1330744,CASS,YORK,2018-03-09,9,3,2018,15,6,8,9,,4,3,Asphalt,1,2,1,25,4,2,1,5,0,0,0,0,true,false,false,false,false,false,false,false,false,false,false,false,false,false,false,true,false,false,false,false,false,false,-83.07143,42.36433,"{
  ""coordinates"": [
    -8.307142300910250e+01,
    4.236433027830430e+01
  ],
  ""type"": ""Point""
}","{
  ""coordinates"": [
    -83.071423009,
    42.364330278
  ],
  ""type"": ""Point""
}",-83.0714230089999,42.3643302780001
17898,1325981,W I 96,CSX TRANSPORTATION,2018-03-09,9,3,2018,13,6,1,1,,1,1,Concrete,1,2,1,70,3,1,1,4,0,0,0,1,false,false,false,false,false,false,false,false,false,true,false,false,false,false,false,false,false,false,false,false,false,false,-83.1908,42.37972,"{
  ""coordinates"": [
    -8.319080143407059e+01,
    4.237971694188790e+01
  ],
  ""type"": ""Point""
}","{
  ""coordinates"": [
    -83.190801434,
    42.379716942
  ],
  ""type"": ""Point""
}",-83.190801434,42.3797169420001
17899,1348067,CANFIELD,CASS,2018-03-09,9,3,2018,18,6,4,9,,4,0,Asphalt,1,1,4,25,2,2,2,5,0,0,0,0,true,false,false,false,false,false,false,false,false,false,false,false,false,false,false,false,false,false,false,false,false,false,-83.06459,42.35166,"{
  ""coordinates"": [
    -8.306458803590900e+01,
    4.235165938356540e+01
  ],
  ""type"": ""Point""
}","{
  ""coordinates"": [
    -83.064588036,
    42.351659384
  ],
  ""type"": ""Point""
}",-83.064588036,42.3516593840001
17900,1324996,JEFFERSON,BRENNAN,2018-03-09,9,3,2018,1,6,1,9,,4,1,Asphalt,1,98,5,,2,1,1,4,0,0,0,1,false,false,false,false,false,false,false,false,false,false,false,false,false,false,false,false,false,false,false,false,false,false,-83.12735,42.28207,"{
  ""coordinates"": [
    -8.312734817578770e+01,
    4.228206741050710e+01
  ],
  ""type"": ""Point""
}","{
  ""coordinates"": [
    -83.127348176,
    42.282067411
  ],
  ""type"": ""Point""
}",-83.1273481759999,42.2820674110001
17901,1321919,WHITCOMB,CHALFONTE,2018-03-09,9,3,2018,6,6,1,9,,,0,,1,1,3,25,2,1,0,5,0,0,0,0,true,false,false,false,false,false,false,false,false,false,false,false,false,false,false,false,false,false,false,false,false,false,-83.1962,42.39951,"{
  ""coordinates"": [
    -8.319619409996160e+01,
    4.239951009966730e+01
  ],
  ""type"": ""Point""
}","{
  ""coordinates"": [
    -83.1961941,
    42.3995101
  ],
  ""type"": ""Point""
}",-83.1961941,42.3995101
17902,1322883,MCCLELLAN,CHAPIN,2018-03-09,9,3,2018,2,6,1,9,,4,1,Asphalt,1,1,4,30,2,1,1,4,0,0,0,1,false,false,false,false,false,true,false,false,false,false,false,false,false,false,false,false,false,false,false,false,false,false,-83.00349,42.38533,"{
  ""coordinates"": [
    -8.300348690572930e+01,
    4.238533100895170e+01
  ],
  ""type"": ""Point""
}","{
  ""coordinates"": [
    -83.003486906,
    42.385331009
  ],
  ""type"": ""Point""
}",-83.003486906,42.385331009
17903,1345540,PURITAN,ARDMORE,2018-03-09,9,3,2018,14,6,97,9,,4,0,Asphalt,1,1,1,30,2,2,0,2,0,1,0,0,false,false,false,false,true,false,false,false,false,false,false,true,true,false,false,false,false,false,false,false,false,false,-83.18501,42.40919,"{
  ""coordinates"": [
    -8.318500851724080e+01,
    4.240919006964160e+01
  ],
  ""type"": ""Point""
}","{
  ""coordinates"": [
    -83.185008517,
    42.40919007
  ],
  ""type"": ""Point""
}",-83.185008517,42.4091900700001