ObjectId,Crash ID,Primary Road,Intersecting Road,Crash Date,Day,Month,Year,Hour,Weekday,Crash Type Code,Highway Classification Code,Community Code,Jurisdiction Code,Lane Departure Type Code,Surface Type,Road Condition,Weather Condition,Lighting Condition,Speed Limit,Lanes,Units,Occupants,Most Severe Injury,Fatal Injuries,Suspected Serious Injuries,Suspected Minor Injuries,Possible Injuries,Property Damage Only,Secondary Crash,Traffic Control,Red Light Run,Hit and Run,Alcohol,Drugs,Unbelted Person,Work Zone,Speeding Driver,Distracted Driver,Driveway,Pedestrian,Elderly Driver,Young Driver,Commercial Vehicle,Emergency Vehicles,Train,School Bus,Motorcycle,Bicycle,Deer,Longitude,Latitude,geom,geog,x,y
18067,1318644,W I 94,N M 10,2018-03-06,6,3,2018,9,3,5,1,,1,0,Asphalt,2,8,1,55,3,2,1,5,0,0,0,0,true,false,false,false,true,false,false,false,false,false,false,false,false,false,false,false,false,false,false,false,false,false,-83.07623,42.35953,"{
  ""coordinates"": [
    -8.307622448895999e+01,
    4.235953134432210e+01
  ],
  ""type"": ""Point""
}","{
  ""coordinates"": [
    -83.076224489,
    42.359531344
  ],
  ""type"": ""Point""
}",-83.076224489,42.3595313440001
18068,1321947,WARREN,HAVERHILL,2018-03-06,6,3,2018,14,3,97,9,,4,0,Asphalt,1,1,1,35,2,3,2,5,0,0,0,0,true,false,true,false,false,false,false,false,false,false,false,false,false,false,true,false,false,false,false,false,false,false,-82.94286,42.40129,"{
  ""coordinates"": [
    -8.294286568728970e+01,
    4.240129328235710e+01
  ],
  ""type"": ""Point""
}","{
  ""coordinates"": [
    -82.942865687,
    42.401293282
  ],
  ""type"": ""Point""
}",-82.9428656869999,42.401293282
18069,1321895,RAMP 122H,N I75,2018-03-06,6,3,2018,18,3,1,1,,1,1,Concrete,1,2,1,55,1,1,1,5,0,0,0,0,true,false,false,false,false,false,false,false,false,true,false,false,false,false,false,false,false,false,false,false,false,false,-83.06049,42.33604,"{
  ""coordinates"": [
    -8.306049626802880e+01,
    4.233604618571940e+01
  ],
  ""type"": ""Point""
}","{
  ""coordinates"": [
    -83.060496268,
    42.336046186
  ],
  ""type"": ""Point""
}",-83.060496268,42.336046186
18070,1325034,MCNICHOLS,SCHAEFER,2018-03-06,6,3,2018,8,3,8,9,,2,0,Asphalt,2,5,1,35,4,2,2,5,0,0,0,0,true,false,false,false,false,false,false,false,false,false,false,false,false,false,false,true,false,false,false,false,false,false,-83.17972,42.41659,"{
  ""coordinates"": [
    -8.317971540630910e+01,
    4.241658813957260e+01
  ],
  ""type"": ""Point""
}","{
  ""coordinates"": [
    -83.179715406,
    42.41658814
  ],
  ""type"": ""Point""
}",-83.179715406,42.41658814
18071,1318610,E I 96,RAMP 008F,2018-03-06,6,3,2018,15,3,8,1,,1,0,Concrete,1,1,1,55,3,2,2,5,0,0,0,0,true,false,false,false,false,false,false,false,false,false,false,false,false,false,false,true,false,false,false,false,false,false,-83.21683,42.37864,"{
  ""coordinates"": [
    -8.321682553208819e+01,
    4.237863887139620e+01
  ],
  ""type"": ""Point""
}","{
  ""coordinates"": [
    -83.216825532,
    42.378638871
  ],
  ""type"": ""Point""
}",-83.216825532,42.3786388710001
18072,1377750,8 MILE,SCHOENHERR,2018-03-06,6,3,2018,0,3,6,3,,1,0,Asphalt,1,1,4,35,4,2,2,5,0,0,0,0,true,false,false,false,true,false,false,false,false,false,false,false,false,false,true,false,false,false,false,false,false,false,-82.98529,42.44929,"{
  ""coordinates"": [
    -8.298529197059490e+01,
    4.244928876667780e+01
  ],
  ""type"": ""Point""
}","{
  ""coordinates"": [
    -82.985291971,
    42.449288767
  ],
  ""type"": ""Point""
}",-82.985291971,42.449288767
18073,1321958,7 MILE,BERG,2018-03-06,6,3,2018,7,3,4,9,,2,0,Asphalt,1,1,1,35,4,2,1,5,0,0,0,0,true,false,false,false,false,false,false,false,false,true,false,false,false,false,false,false,false,false,false,false,false,false,-83.26788,42.42917,"{
  ""coordinates"": [
    -8.326788267620130e+01,
    4.242916971876810e+01
  ],
  ""type"": ""Point""
}","{
  ""coordinates"": [
    -83.267882676,
    42.429169719
  ],
  ""type"": ""Point""
}",-83.2678826759999,42.4291697190001
18074,1320031,8MILE,CHAREST,2018-03-06,6,3,2018,14,3,8,3,,1,3,Asphalt,3,1,1,40,3,2,1,5,0,0,0,0,true,false,false,false,false,false,false,false,false,true,false,false,false,false,false,false,false,false,false,false,false,false,-83.07188,42.44716,"{
  ""coordinates"": [
    -8.307188255336369e+01,
    4.244716428881960e+01
  ],
  ""type"": ""Point""
}","{
  ""coordinates"": [
    -83.071882553,
    42.447164289
  ],
  ""type"": ""Point""
}",-83.071882553,42.4471642890001
18075,1318695,MONTEREY,14TH,2018-03-06,6,3,2018,10,3,4,9,,,0,,4,5,1,25,2,2,10,5,0,0,0,0,true,false,true,false,false,false,false,false,false,false,false,false,false,false,false,true,false,false,false,false,false,false,-83.10985,42.38775,"{
  ""coordinates"": [
    -8.310985025975130e+01,
    4.238775420594920e+01
  ],
  ""type"": ""Point""
}","{
  ""coordinates"": [
    -83.10985026,
    42.387754206
  ],
  ""type"": ""Point""
}",-83.10985026,42.3877542060001
18076,1321913,I 94 E/B,CONCORD,2018-03-06,6,3,2018,18,3,8,1,,1,0,Asphalt,1,2,3,55,3,2,2,5,0,0,0,0,true,false,false,false,false,false,false,false,false,false,false,false,false,false,true,false,false,false,false,false,false,false,-83.02901,42.38388,"{
  ""coordinates"": [
    -8.302900867413911e+01,
    4.238387821602030e+01
  ],
  ""type"": ""Point""
}","{
  ""coordinates"": [
    -83.029008674,
    42.383878216
  ],
  ""type"": ""Point""
}",-83.029008674,42.383878216
18077,1321912,I 94 W/B,JUNCTION,2018-03-06,6,3,2018,17,3,5,1,,1,0,Asphalt,1,2,1,55,3,2,2,5,0,0,0,0,true,false,false,false,false,false,false,false,false,false,true,false,false,false,false,false,false,false,false,false,false,false,-83.11995,42.33953,"{
  ""coordinates"": [
    -8.311995172140330e+01,
    4.233953489892660e+01
  ],
  ""type"": ""Point""
}","{
  ""coordinates"": [
    -83.119951721,
    42.339534899
  ],
  ""type"": ""Point""
}",-83.1199517209999,42.3395348990001
18078,1325027,OUTER,DEAN,2018-03-06,6,3,2018,17,3,4,9,,2,0,Asphalt,1,1,3,35,6,2,2,5,0,0,0,0,true,false,false,false,false,false,false,false,false,false,false,false,false,false,false,false,false,false,false,false,false,false,-83.06279,42.44054,"{
  ""coordinates"": [
    -8.306278889664389e+01,
    4.244054375134040e+01
  ],
  ""type"": ""Point""
}","{
  ""coordinates"": [
    -83.062788897,
    42.440543751
  ],
  ""type"": ""Point""
}",-83.062788897,42.4405437510001
18079,1318606,E I 96 CD,KENTFIELD,2018-03-06,6,3,2018,13,3,5,1,,1,0,Concrete,1,2,1,55,2,2,3,5,0,0,0,0,true,false,false,false,false,false,false,false,false,false,false,false,false,false,true,false,false,false,false,false,false,false,-83.23795,42.38096,"{
  ""coordinates"": [
    -8.323794942655630e+01,
    4.238095986002300e+01
  ],
  ""type"": ""Point""
}","{
  ""coordinates"": [
    -83.237949427,
    42.38095986
  ],
  ""type"": ""Point""
}",-83.237949427,42.3809598600001
18080,1318647,I 75 SERVICE,FORT,2018-03-06,6,3,2018,7,3,8,3,,4,0,Asphalt,1,2,1,,5,2,2,5,0,0,0,0,true,false,false,false,true,false,false,false,false,false,false,false,false,false,false,false,false,false,false,false,false,false,-83.12454,42.29814,"{
  ""coordinates"": [
    -8.312454199892829e+01,
    4.229813602674990e+01
  ],
  ""type"": ""Point""
}","{
  ""coordinates"": [
    -83.124541999,
    42.298136027
  ],
  ""type"": ""Point""
}",-83.124541999,42.2981360270001
18081,1320927,WYOMING,JOHN C,2018-03-06,6,3,2018,11,3,3,3,,4,0,Concrete,2,1,1,35,2,2,2,5,0,0,0,0,true,false,false,false,false,false,false,false,false,false,false,false,false,false,false,true,false,false,false,false,false,false,-83.15921,42.40543,"{
  ""coordinates"": [
    -8.315921101164420e+01,
    4.240543372362820e+01
  ],
  ""type"": ""Point""
}","{
  ""coordinates"": [
    -83.159211012,
    42.405433724
  ],
  ""type"": ""Point""
}",-83.159211012,42.405433724
18082,1318640,RAMP 137A,E I 96 SERVICE DRIVE,2018-03-06,6,3,2018,9,3,5,1,,1,0,Concrete,2,2,1,35,3,2,2,5,0,0,0,0,true,false,false,false,false,false,false,false,false,false,false,false,false,true,false,false,false,false,false,false,false,false,-83.17871,42.3826,"{
  ""coordinates"": [
    -8.317870730482601e+01,
    4.238259976001400e+01
  ],
  ""type"": ""Point""
}","{
  ""coordinates"": [
    -83.178707305,
    42.38259976
  ],
  ""type"": ""Point""
}",-83.178707305,42.3825997600001
18083,1318676,AURORA,WYOMING,2018-03-06,6,3,2018,12,3,8,9,,,0,,1,1,1,25,3,2,0,5,0,0,0,0,true,false,false,false,true,false,false,false,false,false,true,false,false,false,false,false,false,false,false,false,false,false,-83.15858,42.37202,"{
  ""coordinates"": [
    -8.315858652865100e+01,
    4.237201571143910e+01
  ],
  ""type"": ""Point""
}","{
  ""coordinates"": [
    -83.158586529,
    42.372015711
  ],
  ""type"": ""Point""
}",-83.158586529,42.3720157110001
18084,1317701,14TH,FOREST,2018-03-06,6,3,2018,7,3,5,9,,4,0,Asphalt,2,5,2,30,3,2,2,4,0,0,0,1,false,false,false,false,false,false,false,false,false,false,false,false,false,false,false,false,false,false,false,false,false,false,-83.08591,42.34787,"{
  ""coordinates"": [
    -8.308591619955671e+01,
    4.234786989131130e+01
  ],
  ""type"": ""Point""
}","{
  ""coordinates"": [
    -83.0859162,
    42.347869891
  ],
  ""type"": ""Point""
}",-83.0859162,42.3478698910001
18085,1320913,PEMBROKE,NORTHROP,2018-03-06,6,3,2018,16,3,97,9,,,0,,1,1,1,25,4,2,2,5,0,0,0,0,true,false,false,false,false,false,false,true,false,false,false,false,false,false,false,false,false,false,false,false,false,false,-83.26225,42.43631,"{
  ""coordinates"": [
    -8.326225338841060e+01,
    4.243630842228450e+01
  ],
  ""type"": ""Point""
}","{
  ""coordinates"": [
    -83.262253388,
    42.436308422
  ],
  ""type"": ""Point""
}",-83.262253388,42.436308422
18086,1320018,EASTBURN,GRATIOT,2018-03-06,6,3,2018,18,3,97,3,,,0,,1,1,4,25,1,2,1,5,0,0,0,0,true,false,false,false,true,false,false,true,false,false,false,false,false,false,false,false,false,false,false,false,false,false,-82.97089,42.44525,"{
  ""coordinates"": [
    -8.297089517529560e+01,
    4.244525069514260e+01
  ],
  ""type"": ""Point""
}","{
  ""coordinates"": [
    -82.970895175,
    42.445250695
  ],
  ""type"": ""Point""
}",-82.970895175,42.445250695
18087,1318646,LAFAYETTE,LIVERNOIS,2018-03-06,6,3,2018,11,3,4,9,,4,0,Asphalt,2,2,1,25,4,2,2,5,0,0,0,0,true,false,false,false,false,false,false,false,false,false,false,false,false,false,false,true,false,false,false,false,false,false,-83.10497,42.30857,"{
  ""coordinates"": [
    -8.310496144603320e+01,
    4.230857622963400e+01
  ],
  ""type"": ""Point""
}","{
  ""coordinates"": [
    -83.104961446,
    42.30857623
  ],
  ""type"": ""Point""
}",-83.1049614459999,42.30857623
18088,1318696,ROSA PARKS,TAYLOR,2018-03-06,6,3,2018,10,3,4,9,,4,0,Asphalt,2,2,1,,2,2,2,5,0,0,0,0,true,false,false,false,false,false,false,false,false,false,false,false,false,false,false,false,false,false,false,false,false,false,-83.09882,42.37563,"{
  ""coordinates"": [
    -8.309882712168850e+01,
    4.237562447563510e+01
  ],
  ""type"": ""Point""
}","{
  ""coordinates"": [
    -83.098827122,
    42.375624476
  ],
  ""type"": ""Point""
}",-83.098827122,42.375624476
18089,1320005,ALTER,WARREN,2018-03-06,6,3,2018,18,3,3,9,,4,0,Asphalt,1,1,3,30,4,2,2,5,0,0,0,0,true,false,false,false,false,false,false,false,false,false,false,false,false,false,false,false,false,false,false,false,false,false,-82.95438,42.39689,"{
  ""coordinates"": [
    -8.295438083386030e+01,
    4.239689139774820e+01
  ],
  ""type"": ""Point""
}","{
  ""coordinates"": [
    -82.954380834,
    42.396891398
  ],
  ""type"": ""Point""
}",-82.9543808339999,42.396891398
18090,1325918,N I 75,RAMP 050C,2018-03-06,6,3,2018,12,3,8,1,,1,0,Asphalt,1,2,1,70,4,2,1,5,0,0,0,0,true,false,false,false,true,false,false,false,false,false,false,false,false,false,false,true,false,false,false,false,false,false,-83.09488,42.44349,"{
  ""coordinates"": [
    -8.309487906316571e+01,
    4.244348980334610e+01
  ],
  ""type"": ""Point""
}","{
  ""coordinates"": [
    -83.094879063,
    42.443489803
  ],
  ""type"": ""Point""
}",-83.094879063,42.443489803
18091,1326025,N M 10,S JOHN C LODGE/N JOHN C LODGE,2018-03-06,6,3,2018,14,3,5,3,,1,0,Concrete,1,1,1,30,4,2,1,5,0,0,0,0,true,false,false,false,true,false,false,false,false,false,false,false,false,false,false,false,false,false,false,false,false,false,-83.07212,42.35167,"{
  ""coordinates"": [
    -8.307211844483930e+01,
    4.235167367616650e+01
  ],
  ""type"": ""Point""
}","{
  ""coordinates"": [
    -83.072118445,
    42.351673676
  ],
  ""type"": ""Point""
}",-83.0721184449999,42.3516736760001
18092,1320001,I 75,I 94/S I 75 RAMP,2018-03-06,6,3,2018,17,3,5,1,,1,0,Concrete,1,1,4,55,4,3,2,5,0,0,0,0,true,false,false,false,true,false,false,false,false,false,false,false,false,false,false,false,false,false,false,false,false,false,-83.05473,42.36114,"{
  ""coordinates"": [
    -8.305472730825080e+01,
    4.236113877309840e+01
  ],
  ""type"": ""Point""
}","{
  ""coordinates"": [
    -83.054727308,
    42.361138773
  ],
  ""type"": ""Point""
}",-83.0547273079999,42.3611387730001
18093,1318618,I-94,CENTRAL,2018-03-06,6,3,2018,15,3,5,1,,1,0,Asphalt,1,1,1,55,3,2,2,5,0,0,0,0,true,false,false,false,false,false,false,false,false,false,false,false,false,false,false,false,false,false,false,false,false,false,-83.13669,42.33292,"{
  ""coordinates"": [
    -8.313668526941630e+01,
    4.233292354981670e+01
  ],
  ""type"": ""Point""
}","{
  ""coordinates"": [
    -83.136685269,
    42.33292355
  ],
  ""type"": ""Point""
}",-83.1366852689999,42.33292355
18094,1320015,MCNICHOLS,EVERGREEN,2018-03-06,6,3,2018,13,3,8,9,,2,0,Asphalt,1,1,1,35,4,2,1,5,0,0,0,0,true,true,false,false,true,false,false,false,false,false,false,false,false,false,false,false,false,false,false,false,false,false,-83.23823,42.41518,"{
  ""coordinates"": [
    -8.323823098691641e+01,
    4.241518241009840e+01
  ],
  ""type"": ""Point""
}","{
  ""coordinates"": [
    -83.238230987,
    42.41518241
  ],
  ""type"": ""Point""
}",-83.238230987,42.4151824100001
18095,1320020,HAYES,ALMA,2018-03-06,6,3,2018,20,3,8,9,,4,0,Asphalt,2,5,4,30,1,2,0,5,0,0,0,0,true,false,false,false,true,false,false,false,false,false,false,false,false,false,false,false,false,false,false,false,false,false,-82.96507,42.42147,"{
  ""coordinates"": [
    -8.296506158167830e+01,
    4.242146758462440e+01
  ],
  ""type"": ""Point""
}","{
  ""coordinates"": [
    -82.965061582,
    42.421467585
  ],
  ""type"": ""Point""
}",-82.965061582,42.4214675850001
18096,1319990,MARTIN LUTHER KING JR,MACK,2018-03-06,6,3,2018,21,3,1,3,,4,0,Asphalt,2,4,4,30,3,1,1,5,0,0,0,0,true,false,false,false,false,false,false,false,false,false,false,false,false,false,false,false,false,false,false,false,false,false,-83.0581,42.34726,"{
  ""coordinates"": [
    -8.305810095972240e+01,
    4.234726008358900e+01
  ],
  ""type"": ""Point""
}","{
  ""coordinates"": [
    -83.05810096,
    42.347260084
  ],
  ""type"": ""Point""
}",-83.05810096,42.347260084
18097,1326784,WOODWARD,BELMONT,2018-03-06,6,3,2018,17,3,4,3,,1,0,Asphalt,1,1,1,30,4,2,2,5,0,0,0,0,true,false,false,false,false,false,false,false,false,false,false,false,false,false,false,false,false,false,false,false,false,false,-83.08564,42.3886,"{
  ""coordinates"": [
    -8.308563649427190e+01,
    4.238860496382870e+01
  ],
  ""type"": ""Point""
}","{
  ""coordinates"": [
    -83.085636494,
    42.388604964
  ],
  ""type"": ""Point""
}",-83.085636494,42.3886049640001
18098,1321957,LAKEVIEW,WARREN,2018-03-06,6,3,2018,20,3,8,9,,,3,,1,5,4,25,2,2,0,5,0,0,0,0,true,false,false,false,true,false,false,false,false,false,false,false,false,false,false,false,false,false,false,false,false,false,-82.963,42.39364,"{
  ""coordinates"": [
    -8.296299574908950e+01,
    4.239364341295490e+01
  ],
  ""type"": ""Point""
}","{
  ""coordinates"": [
    -82.962995749,
    42.393643413
  ],
  ""type"": ""Point""
}",-82.962995749,42.3936434130001
18099,1318670,CADIEUX,CHANDLER PARK,2018-03-06,6,3,2018,11,3,5,9,,4,0,Asphalt,2,2,1,30,2,2,2,5,0,0,0,0,true,false,false,false,false,false,false,false,false,false,false,false,false,false,false,false,false,false,false,false,false,false,-82.93346,42.4116,"{
  ""coordinates"": [
    -8.293345802743960e+01,
    4.241160299727950e+01
  ],
  ""type"": ""Point""
}","{
  ""coordinates"": [
    -82.933458027,
    42.411602997
  ],
  ""type"": ""Point""
}",-82.933458027,42.411602997
18100,1318651,WARREN,OUTER,2018-03-06,6,3,2018,8,3,5,9,,4,0,Asphalt,1,1,1,35,7,2,2,5,0,0,0,0,true,false,false,false,true,false,false,false,false,false,false,false,false,false,false,false,false,false,false,false,false,false,-82.9364,42.40367,"{
  ""coordinates"": [
    -8.293640021817490e+01,
    4.240366661906790e+01
  ],
  ""type"": ""Point""
}","{
  ""coordinates"": [
    -82.936400218,
    42.403666619
  ],
  ""type"": ""Point""
}",-82.936400218,42.403666619
18101,1325962,I-75,SPRINGWELLS,2018-03-05,5,3,2018,12,2,8,1,,1,0,Concrete,1,1,1,55,3,2,1,5,0,0,0,0,true,false,false,false,true,false,false,false,false,false,false,false,false,false,false,true,false,false,false,false,false,false,-83.119,42.30143,"{
  ""coordinates"": [
    -8.311900459633360e+01,
    4.230143296931090e+01
  ],
  ""type"": ""Point""
}","{
  ""coordinates"": [
    -83.119004596,
    42.301432969
  ],
  ""type"": ""Point""
}",-83.119004596,42.3014329690001
18102,1336010,STOUT,MCNICHOLS,2018-03-05,5,3,2018,11,2,9,9,,,2,,1,1,1,25,2,2,0,5,0,0,0,0,true,false,false,false,true,false,false,false,false,false,false,false,false,false,false,false,false,false,false,false,false,false,-83.24241,42.41602,"{
  ""coordinates"": [
    -8.324240597165461e+01,
    4.241601906392480e+01
  ],
  ""type"": ""Point""
}","{
  ""coordinates"": [
    -83.242405972,
    42.416019064
  ],
  ""type"": ""Point""
}",-83.242405972,42.4160190640001
18103,1317695,GREENFIELD,GROVE,2018-03-05,5,3,2018,18,2,4,9,,2,0,Asphalt,1,1,4,35,4,2,2,5,0,0,0,0,true,false,false,false,false,false,false,false,false,false,true,false,false,true,false,false,false,false,false,false,false,false,-83.19924,42.41421,"{
  ""coordinates"": [
    -8.319924175215181e+01,
    4.241421210883290e+01
  ],
  ""type"": ""Point""
}","{
  ""coordinates"": [
    -83.199241752,
    42.414212109
  ],
  ""type"": ""Point""
}",-83.199241752,42.4142121090001
18104,1331546,E I 94 SERVICE DRIVE,VAN DYKE,2018-03-05,5,3,2018,10,2,9,3,,4,0,Asphalt,1,1,1,,1,2,2,5,0,0,0,0,true,false,false,false,false,false,false,false,false,false,false,false,false,false,true,false,false,false,false,false,false,false,-83.01986,42.38579,"{
  ""coordinates"": [
    -8.301985954819440e+01,
    4.238579072730720e+01
  ],
  ""type"": ""Point""
}","{
  ""coordinates"": [
    -83.019859548,
    42.385790727
  ],
  ""type"": ""Point""
}",-83.0198595479999,42.385790727
18105,1318674,WARREN,METTETAL,2018-03-05,5,3,2018,14,2,8,9,,2,0,Asphalt,1,1,1,35,4,2,4,5,0,0,0,0,true,false,false,false,false,false,false,false,false,false,false,false,false,false,false,false,false,false,false,false,false,false,-83.20543,42.34354,"{
  ""coordinates"": [
    -8.320542965228360e+01,
    4.234354427091880e+01
  ],
  ""type"": ""Point""
}","{
  ""coordinates"": [
    -83.205429652,
    42.343544271
  ],
  ""type"": ""Point""
}",-83.205429652,42.343544271
18106,1318603,W I 94,GRAND,2018-03-05,5,3,2018,15,2,8,1,,1,0,Asphalt,1,1,1,55,3,2,2,5,0,0,0,0,true,false,false,false,false,false,false,false,false,false,false,false,false,false,false,true,false,false,false,false,false,false,-83.10982,42.34684,"{
  ""coordinates"": [
    -8.310981592189580e+01,
    4.234683860394330e+01
  ],
  ""type"": ""Point""
}","{
  ""coordinates"": [
    -83.109815922,
    42.346838604
  ],
  ""type"": ""Point""
}",-83.1098159219999,42.346838604
18107,1317735,LESURE,PURITAN,2018-03-05,5,3,2018,8,2,8,9,,,0,,1,1,1,25,2,2,9,5,0,0,0,0,true,false,false,false,true,false,false,false,false,false,false,false,false,false,false,true,false,false,true,false,false,false,-83.18164,42.41068,"{
  ""coordinates"": [
    -8.318164212891890e+01,
    4.241067821828590e+01
  ],
  ""type"": ""Point""
}","{
  ""coordinates"": [
    -83.181642129,
    42.410678218
  ],
  ""type"": ""Point""
}",-83.181642129,42.410678218
18108,1333662,STOEPEL,OUTER,2018-03-05,5,3,2018,13,2,4,9,,,0,,98,1,1,25,2,2,2,5,0,0,0,0,true,false,false,false,false,false,false,false,false,false,false,false,false,false,false,false,false,false,false,false,false,false,-83.14269,42.43532,"{
  ""coordinates"": [
    -8.314269594713980e+01,
    4.243531708488820e+01
  ],
  ""type"": ""Point""
}","{
  ""coordinates"": [
    -83.142695947,
    42.435317085
  ],
  ""type"": ""Point""
}",-83.1426959469999,42.4353170850001
18109,1317712,RAMP 016B,LAFAYETTE,2018-03-05,5,3,2018,9,2,5,1,,1,0,Asphalt,1,1,1,25,2,2,2,4,0,0,0,1,false,false,false,false,false,false,false,false,false,false,false,false,false,false,true,false,false,false,false,false,false,false,-83.03798,42.33567,"{
  ""coordinates"": [
    -8.303798257769530e+01,
    4.233566841509120e+01
  ],
  ""type"": ""Point""
}","{
  ""coordinates"": [
    -83.037982578,
    42.335668415
  ],
  ""type"": ""Point""
}",-83.037982578,42.335668415
18110,1318688,HAYES,EVANSTON,2018-03-05,5,3,2018,19,2,97,9,,4,0,Asphalt,1,1,4,35,2,3,4,3,0,0,2,0,false,false,false,false,false,true,false,false,false,false,false,false,false,true,true,false,false,false,false,false,false,false,-82.96437,42.40554,"{
  ""coordinates"": [
    -8.296436744927399e+01,
    4.240553497144060e+01
  ],
  ""type"": ""Point""
}","{
  ""coordinates"": [
    -82.964367449,
    42.405534971
  ],
  ""type"": ""Point""
}",-82.964367449,42.4055349710001
18111,1318604,RAMP 213E,RAMP 213P,2018-03-05,5,3,2018,13,2,1,1,,1,0,Concrete,1,1,1,55,2,1,1,5,0,0,0,0,true,false,false,false,false,false,false,false,false,true,false,false,false,false,false,true,false,false,false,false,false,false,-83.10052,42.35111,"{
  ""coordinates"": [
    -8.310052162566819e+01,
    4.235110811634040e+01
  ],
  ""type"": ""Point""
}","{
  ""coordinates"": [
    -83.100521626,
    42.351108116
  ],
  ""type"": ""Point""
}",-83.100521626,42.351108116
18112,1318694,GRATIOT,MOUNT ELLIOTT,2018-03-05,5,3,2018,16,2,5,3,,1,0,Asphalt,1,1,1,30,7,2,2,5,0,0,0,0,true,false,false,false,false,false,false,false,false,false,false,false,false,false,false,false,false,false,false,false,false,false,-83.02395,42.36485,"{
  ""coordinates"": [
    -8.302395025745840e+01,
    4.236485428965550e+01
  ],
  ""type"": ""Point""
}","{
  ""coordinates"": [
    -83.023950257,
    42.36485429
  ],
  ""type"": ""Point""
}",-83.023950257,42.36485429
18113,1321996,7 MILE,LIVERNOIS,2018-03-05,5,3,2018,15,2,4,9,,2,0,Asphalt,1,1,1,30,3,2,2,5,0,0,0,0,true,false,false,false,false,false,false,false,false,false,false,false,false,false,false,false,false,false,false,false,false,false,-83.14146,42.43161,"{
  ""coordinates"": [
    -8.314146640285770e+01,
    4.243160696650840e+01
  ],
  ""type"": ""Point""
}","{
  ""coordinates"": [
    -83.141466403,
    42.431606967
  ],
  ""type"": ""Point""
}",-83.141466403,42.4316069670001
18114,1319989,WOODWARD,EUCLID,2018-03-05,5,3,2018,20,2,4,3,,1,0,Asphalt,1,1,5,30,7,2,2,5,0,0,0,0,true,false,false,false,false,false,false,false,false,false,false,false,false,false,true,false,false,false,false,false,false,false,-83.07793,42.37715,"{
  ""coordinates"": [
    -8.307792475690880e+01,
    4.237714692433050e+01
  ],
  ""type"": ""Point""
}","{
  ""coordinates"": [
    -83.077924757,
    42.377146924
  ],
  ""type"": ""Point""
}",-83.0779247569999,42.377146924
18115,1317705,CAVALRY,VERNOR,2018-03-05,5,3,2018,10,2,7,9,,,0,,1,1,1,,1,2,2,5,0,0,0,0,true,false,false,false,false,false,false,false,false,false,false,false,false,false,false,false,false,false,false,false,false,false,-83.10558,42.31613,"{
  ""coordinates"": [
    -8.310557718043020e+01,
    4.231613240627060e+01
  ],
  ""type"": ""Point""
}","{
  ""coordinates"": [
    -83.10557718,
    42.316132406
  ],
  ""type"": ""Point""
}",-83.10557718,42.3161324060001
18116,1317703,VAUGHAN,EATON,2018-03-05,5,3,2018,18,2,4,9,,,0,,1,1,1,25,4,2,1,5,0,0,0,0,true,false,false,false,true,false,false,false,false,false,false,false,false,false,false,false,false,false,false,false,false,false,-83.2383,42.39578,"{
  ""coordinates"": [
    -8.323829688470360e+01,
    4.239577695717850e+01
  ],
  ""type"": ""Point""
}","{
  ""coordinates"": [
    -83.238296885,
    42.395776957
  ],
  ""type"": ""Point""
}",-83.238296885,42.3957769570001
18117,1317707,FORT,GOVIN,2018-03-05,5,3,2018,17,2,5,3,,1,0,Asphalt,1,1,1,30,4,2,2,5,0,0,0,0,true,false,false,false,false,false,false,true,false,false,false,false,false,false,false,true,false,false,false,false,false,false,-83.12084,42.29956,"{
  ""coordinates"": [
    -8.312084207644750e+01,
    4.229955937502580e+01
  ],
  ""type"": ""Point""
}","{
  ""coordinates"": [
    -83.120842076,
    42.299559375
  ],
  ""type"": ""Point""
}",-83.120842076,42.2995593750001
18118,1329908,RAMP 041D,N I 75/GRATIOT,2018-03-05,5,3,2018,23,2,97,1,,1,1,Concrete,2,2,4,55,2,1,1,4,0,0,0,1,false,false,false,false,false,false,false,false,false,false,false,false,false,false,true,false,false,false,false,false,false,false,-83.04033,42.34455,"{
  ""coordinates"": [
    -8.304032537535581e+01,
    4.234455656281740e+01
  ],
  ""type"": ""Point""
}","{
  ""coordinates"": [
    -83.040325375,
    42.344556563
  ],
  ""type"": ""Point""
}",-83.040325375,42.344556563
18119,1318645,8 MILE,MARK TWAIN,2018-03-05,5,3,2018,17,2,8,3,,1,0,Asphalt,1,1,1,45,3,2,2,5,0,0,0,0,true,false,false,false,false,false,false,false,false,false,false,false,false,true,false,false,false,false,false,false,false,false,-83.18837,42.44505,"{
  ""coordinates"": [
    -8.318836793811759e+01,
    4.244504648361770e+01
  ],
  ""type"": ""Point""
}","{
  ""coordinates"": [
    -83.188367938,
    42.445046484
  ],
  ""type"": ""Point""
}",-83.1883679379999,42.445046484
18120,1321922,JOY,HARTWELL,2018-03-05,5,3,2018,16,2,5,9,,4,0,Asphalt,1,1,1,30,3,2,2,4,0,0,0,1,false,false,false,false,false,false,false,false,false,false,false,false,false,true,false,false,false,false,false,false,false,false,-83.17146,42.35866,"{
  ""coordinates"": [
    -8.317145593509480e+01,
    4.235866327008740e+01
  ],
  ""type"": ""Point""
}","{
  ""coordinates"": [
    -83.171455935,
    42.35866327
  ],
  ""type"": ""Point""
}",-83.171455935,42.3586632700001