ObjectId,Crash ID,Primary Road,Intersecting Road,Crash Date,Day,Month,Year,Hour,Weekday,Crash Type Code,Highway Classification Code,Community Code,Jurisdiction Code,Lane Departure Type Code,Surface Type,Road Condition,Weather Condition,Lighting Condition,Speed Limit,Lanes,Units,Occupants,Most Severe Injury,Fatal Injuries,Suspected Serious Injuries,Suspected Minor Injuries,Possible Injuries,Property Damage Only,Secondary Crash,Traffic Control,Red Light Run,Hit and Run,Alcohol,Drugs,Unbelted Person,Work Zone,Speeding Driver,Distracted Driver,Driveway,Pedestrian,Elderly Driver,Young Driver,Commercial Vehicle,Emergency Vehicles,Train,School Bus,Motorcycle,Bicycle,Deer,Longitude,Latitude,geom,geog,x,y
18339,1315849,7 MILE,OUTER,2018-03-02,2,3,2018,18,6,5,9,,2,0,Asphalt,2,1,4,30,5,2,2,4,0,0,0,1,false,false,false,false,true,false,false,false,false,false,false,false,false,false,false,false,false,false,false,false,false,false,-83.17601,42.43116,"{
  ""coordinates"": [
    -8.317600800965531e+01,
    4.243116250714070e+01
  ],
  ""type"": ""Point""
}","{
  ""coordinates"": [
    -83.17600801,
    42.431162507
  ],
  ""type"": ""Point""
}",-83.17600801,42.4311625070001
18340,1319987,ROOSEVELT,ASH,2018-03-02,2,3,2018,17,6,4,9,,,0,,1,5,1,25,2,2,1,5,0,0,0,0,true,false,false,false,true,false,false,false,false,false,false,false,false,false,false,false,false,false,false,false,false,false,-83.09522,42.33288,"{
  ""coordinates"": [
    -8.309522197196590e+01,
    4.233288190427960e+01
  ],
  ""type"": ""Point""
}","{
  ""coordinates"": [
    -83.095221972,
    42.332881904
  ],
  ""type"": ""Point""
}",-83.095221972,42.332881904
18341,1315825,KELLY,ROSSINI,2018-03-02,2,3,2018,14,6,5,9,,2,0,Concrete,2,1,1,35,2,2,8,5,0,0,0,0,true,false,false,false,false,false,false,false,false,false,true,false,false,false,false,false,false,false,false,false,false,false,-82.94656,42.44343,"{
  ""coordinates"": [
    -8.294655356977511e+01,
    4.244343282608950e+01
  ],
  ""type"": ""Point""
}","{
  ""coordinates"": [
    -82.94655357,
    42.443432826
  ],
  ""type"": ""Point""
}",-82.9465535699999,42.443432826
18342,1318683,JOHN R,FREDERICK,2018-03-02,2,3,2018,17,6,8,9,,4,0,Asphalt,1,1,1,35,3,2,2,5,0,0,0,0,true,true,false,false,false,false,false,false,false,true,false,false,false,true,false,false,false,false,false,false,false,false,-83.06355,42.3598,"{
  ""coordinates"": [
    -8.306354845323000e+01,
    4.235979689560670e+01
  ],
  ""type"": ""Point""
}","{
  ""coordinates"": [
    -83.063548453,
    42.359796896
  ],
  ""type"": ""Point""
}",-83.063548453,42.359796896
18343,1323829,N/B I-75,LIVERNOIS,2018-03-02,2,3,2018,4,6,2,1,,1,2,Concrete,3,5,5,55,3,2,2,5,0,0,0,0,true,false,false,false,false,false,false,false,true,true,false,false,false,false,true,false,false,false,false,false,false,false,-83.1066,42.30637,"{
  ""coordinates"": [
    -8.310659863459790e+01,
    4.230636962672620e+01
  ],
  ""type"": ""Point""
}","{
  ""coordinates"": [
    -83.106598635,
    42.306369627
  ],
  ""type"": ""Point""
}",-83.106598635,42.306369627
18344,1316923,7 MILE,FAIRPORT,2018-03-02,2,3,2018,20,6,5,9,,4,0,Asphalt,2,1,4,30,2,2,0,5,0,0,0,0,true,false,false,false,true,false,false,false,false,false,false,false,false,false,false,false,false,false,false,false,false,false,-82.99113,42.43478,"{
  ""coordinates"": [
    -8.299113052904750e+01,
    4.243478432550390e+01
  ],
  ""type"": ""Point""
}","{
  ""coordinates"": [
    -82.991130529,
    42.434784326
  ],
  ""type"": ""Point""
}",-82.991130529,42.4347843260001
18345,1315810,LARNED,N I 375 SERVICE DRIVE,2018-03-02,2,3,2018,15,6,5,9,,4,0,Asphalt,1,1,3,35,4,2,2,5,0,0,0,0,true,false,false,false,false,false,false,false,false,false,false,false,false,false,false,false,false,false,false,false,false,false,-83.0358,42.33368,"{
  ""coordinates"": [
    -8.303579758379610e+01,
    4.233368393010220e+01
  ],
  ""type"": ""Point""
}","{
  ""coordinates"": [
    -83.035797584,
    42.33368393
  ],
  ""type"": ""Point""
}",-83.035797584,42.3336839300001
18346,1325969,M 39 N/B,WARREN,2018-03-02,2,3,2018,19,6,8,3,,1,0,Asphalt,1,1,4,55,3,2,2,5,0,0,0,0,true,false,false,false,false,false,false,false,false,false,false,false,false,false,true,false,false,false,false,false,false,false,-83.21613,42.34555,"{
  ""coordinates"": [
    -8.321612324390510e+01,
    4.234554983080910e+01
  ],
  ""type"": ""Point""
}","{
  ""coordinates"": [
    -83.216123244,
    42.345549831
  ],
  ""type"": ""Point""
}",-83.216123244,42.345549831
18347,1318653,ALGONQUIN,CHARLEVOIX,2018-03-02,2,3,2018,15,6,4,9,,,0,,2,1,1,25,2,2,2,5,0,0,0,0,true,false,false,false,false,false,false,false,false,false,false,false,false,false,false,false,false,false,false,false,false,false,-82.9621,42.3788,"{
  ""coordinates"": [
    -8.296209405889260e+01,
    4.237879577138980e+01
  ],
  ""type"": ""Point""
}","{
  ""coordinates"": [
    -82.962094059,
    42.378795771
  ],
  ""type"": ""Point""
}",-82.962094059,42.3787957710001
18348,1319940,I-96,M-39,2018-03-02,2,3,2018,17,6,5,1,,1,0,Concrete,1,1,1,55,3,2,3,5,0,0,0,0,true,false,false,false,false,false,false,false,false,false,true,false,false,false,false,false,false,false,false,false,false,false,-83.21495,42.37867,"{
  ""coordinates"": [
    -8.321494995534250e+01,
    4.237867489247700e+01
  ],
  ""type"": ""Point""
}","{
  ""coordinates"": [
    -83.214949955,
    42.378674892
  ],
  ""type"": ""Point""
}",-83.214949955,42.378674892
18349,1324990,CENTRAL,DIX,2018-03-02,2,3,2018,7,6,5,9,,4,0,Asphalt,4,5,1,25,2,2,2,5,0,0,0,0,true,false,false,false,false,false,false,false,false,false,false,false,false,false,false,false,false,false,false,false,false,false,-83.12846,42.31836,"{
  ""coordinates"": [
    -8.312845889336990e+01,
    4.231835978513520e+01
  ],
  ""type"": ""Point""
}","{
  ""coordinates"": [
    -83.128458893,
    42.318359785
  ],
  ""type"": ""Point""
}",-83.128458893,42.318359785
18350,1319964,I94,ROSA,2018-03-02,2,3,2018,13,6,5,1,,1,0,Asphalt,2,1,1,55,3,2,2,5,0,0,0,0,true,false,false,false,false,false,false,false,false,false,false,false,false,false,false,false,false,false,false,false,false,false,-83.08022,42.35685,"{
  ""coordinates"": [
    -8.308022384175220e+01,
    4.235684939380760e+01
  ],
  ""type"": ""Point""
}","{
  ""coordinates"": [
    -83.080223842,
    42.356849394
  ],
  ""type"": ""Point""
}",-83.080223842,42.3568493940001
18351,1323838,N M 10,RAMP 215D,2018-03-02,2,3,2018,19,6,5,3,,1,0,Concrete,1,1,4,55,3,2,2,5,0,0,0,0,true,false,false,false,false,false,false,false,false,false,false,false,false,false,false,false,false,false,false,false,false,false,-83.07529,42.3578,"{
  ""coordinates"": [
    -8.307528933638881e+01,
    4.235780328612940e+01
  ],
  ""type"": ""Point""
}","{
  ""coordinates"": [
    -83.075289336,
    42.357803286
  ],
  ""type"": ""Point""
}",-83.075289336,42.357803286
18352,1315843,MOUND,SOBIESKI,2018-03-02,2,3,2018,8,6,8,9,,2,0,Asphalt,4,1,1,,3,2,0,5,0,0,0,0,true,true,false,false,true,false,false,false,false,false,false,false,false,false,false,false,false,false,false,false,false,false,-83.04236,42.41178,"{
  ""coordinates"": [
    -8.304235974444430e+01,
    4.241178221443190e+01
  ],
  ""type"": ""Point""
}","{
  ""coordinates"": [
    -83.042359744,
    42.411782214
  ],
  ""type"": ""Point""
}",-83.042359744,42.411782214
18353,1318703,SOUTHFIELD SERVICE,OUTER,2018-03-02,2,3,2018,11,6,6,3,,1,0,Concrete,2,1,1,30,2,2,1,3,0,0,1,0,false,false,false,false,false,false,false,false,false,false,false,false,false,false,false,false,false,false,false,false,false,false,-83.21885,42.41982,"{
  ""coordinates"": [
    -8.321884778901079e+01,
    4.241981973898200e+01
  ],
  ""type"": ""Point""
}","{
  ""coordinates"": [
    -83.218847789,
    42.419819739
  ],
  ""type"": ""Point""
}",-83.2188477889999,42.419819739
18354,1319959,I-96,WARREN,2018-03-02,2,3,2018,7,6,1,1,,1,1,Concrete,3,5,1,70,4,1,1,5,0,0,0,0,true,false,false,false,false,false,false,false,false,true,false,false,false,false,false,false,false,false,false,false,false,false,-83.09698,42.3466,"{
  ""coordinates"": [
    -8.309698199800170e+01,
    4.234659702149080e+01
  ],
  ""type"": ""Point""
}","{
  ""coordinates"": [
    -83.096981998,
    42.346597021
  ],
  ""type"": ""Point""
}",-83.096981998,42.346597021
18355,1321971,DAVISON,LINWOOD,2018-03-02,2,3,2018,19,6,5,3,,1,0,Asphalt,1,1,4,35,6,2,3,4,0,0,0,2,false,false,false,false,false,false,false,false,false,false,false,false,false,false,false,false,false,false,false,false,false,false,-83.12199,42.39304,"{
  ""coordinates"": [
    -8.312198395905010e+01,
    4.239303590762970e+01
  ],
  ""type"": ""Point""
}","{
  ""coordinates"": [
    -83.121983959,
    42.393035908
  ],
  ""type"": ""Point""
}",-83.121983959,42.3930359080001
18356,1323832,I-96,WARREN,2018-03-02,2,3,2018,5,6,1,1,,1,1,Concrete,3,5,5,55,3,1,2,4,0,0,0,1,false,false,false,false,false,false,false,false,false,true,false,false,false,false,false,false,false,false,false,false,false,false,-83.09698,42.3466,"{
  ""coordinates"": [
    -8.309698199800170e+01,
    4.234659702149080e+01
  ],
  ""type"": ""Point""
}","{
  ""coordinates"": [
    -83.096981998,
    42.346597021
  ],
  ""type"": ""Point""
}",-83.096981998,42.346597021
18357,1317728,E I 94,MOUNT ELLIOTT,2018-03-02,2,3,2018,22,6,1,1,,1,1,Asphalt,1,1,4,55,4,1,1,4,0,0,0,1,false,false,false,false,false,false,false,false,false,false,false,false,false,false,false,false,false,false,false,false,false,false,-83.03368,42.37925,"{
  ""coordinates"": [
    -8.303367859768750e+01,
    4.237924555121350e+01
  ],
  ""type"": ""Point""
}","{
  ""coordinates"": [
    -83.033678598,
    42.379245551
  ],
  ""type"": ""Point""
}",-83.0336785979999,42.3792455510001
18358,1318617,I-75,MCNICHOLS,2018-03-02,2,3,2018,2,6,1,1,,1,1,Asphalt,3,5,4,70,3,1,1,5,0,0,0,0,true,false,false,false,false,false,false,false,false,true,false,false,false,false,false,true,false,false,false,false,false,false,-83.08693,42.41685,"{
  ""coordinates"": [
    -8.308692943936960e+01,
    4.241684798408690e+01
  ],
  ""type"": ""Point""
}","{
  ""coordinates"": [
    -83.086929439,
    42.416847984
  ],
  ""type"": ""Point""
}",-83.086929439,42.4168479840001
18359,1315816,GRAND RIVER,MCNICHOLS,2018-03-02,2,3,2018,12,6,4,3,,1,0,Asphalt,4,1,1,35,2,2,2,5,0,0,0,0,true,false,false,false,true,false,false,false,false,false,false,false,false,false,true,false,false,false,false,false,false,false,-83.25336,42.41481,"{
  ""coordinates"": [
    -8.325336511510650e+01,
    4.241481306161610e+01
  ],
  ""type"": ""Point""
}","{
  ""coordinates"": [
    -83.253365115,
    42.414813062
  ],
  ""type"": ""Point""
}",-83.253365115,42.4148130620001
18360,1318652,ALTER,MACK,2018-03-02,2,3,2018,6,6,4,1,,1,0,Concrete,6,5,2,,2,2,2,5,0,0,0,0,true,false,false,false,false,false,false,false,false,false,false,true,false,false,false,false,false,false,false,false,false,false,-83.04807,42.35159,"{
  ""coordinates"": [
    -8.304806858837230e+01,
    4.235158469947480e+01
  ],
  ""type"": ""Point""
}","{
  ""coordinates"": [
    -83.048068588,
    42.351584699
  ],
  ""type"": ""Point""
}",-83.048068588,42.3515846990001
18361,1323834,I 75,CANFIELD,2018-03-02,2,3,2018,22,6,1,1,,1,0,Concrete,1,1,4,55,3,1,1,5,0,0,0,0,true,false,false,false,false,false,false,false,false,false,false,false,false,false,false,false,false,false,false,false,false,false,-83.05141,42.35658,"{
  ""coordinates"": [
    -8.305140798774570e+01,
    4.235658395594800e+01
  ],
  ""type"": ""Point""
}","{
  ""coordinates"": [
    -83.051407988,
    42.356583956
  ],
  ""type"": ""Point""
}",-83.0514079879999,42.3565839560001
18362,1352399,FIRST,CONGRESS,2018-03-02,2,3,2018,16,6,8,9,,4,0,Asphalt,2,2,1,25,2,2,2,5,0,0,0,0,true,false,false,false,false,false,false,false,false,false,false,false,false,false,false,false,false,false,false,false,false,false,-83.05139,42.32785,"{
  ""coordinates"": [
    -8.305139082942340e+01,
    4.232785045710670e+01
  ],
  ""type"": ""Point""
}","{
  ""coordinates"": [
    -83.051390829,
    42.327850457
  ],
  ""type"": ""Point""
}",-83.051390829,42.3278504570001
18363,1325910,W/B I-94,LIVERNOIS,2018-03-02,2,3,2018,15,6,5,1,,1,0,Asphalt,1,1,1,55,3,4,2,5,0,0,0,0,true,false,false,false,true,false,false,false,false,false,false,false,false,false,false,false,false,false,false,false,false,false,-83.12478,42.33751,"{
  ""coordinates"": [
    -8.312477779888980e+01,
    4.233750845844510e+01
  ],
  ""type"": ""Point""
}","{
  ""coordinates"": [
    -83.124777799,
    42.337508458
  ],
  ""type"": ""Point""
}",-83.124777799,42.3375084580001
18364,1316001,ALLEN,GREENFIELD,2018-03-02,2,3,2018,12,6,5,9,,2,0,Asphalt,1,1,1,35,5,2,2,5,0,0,0,0,true,false,false,false,false,false,false,false,false,false,false,false,false,true,true,false,false,false,false,false,false,false,-83.19776,42.37709,"{
  ""coordinates"": [
    -8.319776059696400e+01,
    4.237708596331120e+01
  ],
  ""type"": ""Point""
}","{
  ""coordinates"": [
    -83.197760597,
    42.377085963
  ],
  ""type"": ""Point""
}",-83.197760597,42.3770859630001
18365,1319963,I-75,CLAY,2018-03-02,2,3,2018,16,6,1,1,,1,0,Asphalt,1,1,1,55,4,1,1,5,0,0,0,0,true,false,false,false,false,false,false,false,false,false,false,false,false,true,false,false,false,false,false,false,false,false,-83.06303,42.37854,"{
  ""coordinates"": [
    -8.306302625407920e+01,
    4.237853718683660e+01
  ],
  ""type"": ""Point""
}","{
  ""coordinates"": [
    -83.063026254,
    42.378537187
  ],
  ""type"": ""Point""
}",-83.063026254,42.3785371870001
18366,1325952,S I 75,TRUMBULL,2018-03-02,2,3,2018,3,6,1,1,,1,1,Concrete,3,2,4,55,3,1,1,5,0,0,0,0,true,false,false,false,false,false,false,false,false,true,false,false,false,false,false,false,false,false,false,false,false,false,-83.06828,42.33457,"{
  ""coordinates"": [
    -8.306827586227620e+01,
    4.233456621246670e+01
  ],
  ""type"": ""Point""
}","{
  ""coordinates"": [
    -83.068275862,
    42.334566212
  ],
  ""type"": ""Point""
}",-83.068275862,42.334566212
18367,1321930,JOHN R,WARREN,2018-03-02,2,3,2018,18,6,5,9,,4,0,Asphalt,2,2,3,25,1,2,4,5,0,0,0,0,true,false,false,false,false,false,false,false,false,false,false,false,false,false,false,false,false,false,false,false,false,false,-83.06191,42.35734,"{
  ""coordinates"": [
    -8.306190957742010e+01,
    4.235734348634140e+01
  ],
  ""type"": ""Point""
}","{
  ""coordinates"": [
    -83.061909577,
    42.357343486
  ],
  ""type"": ""Point""
}",-83.0619095769999,42.357343486
18368,1325964,W I 96,E I 94,2018-03-02,2,3,2018,3,6,1,1,,1,1,Concrete,2,5,4,55,3,1,1,5,0,0,0,0,true,true,false,false,false,false,false,false,false,false,false,false,false,false,false,false,false,false,false,false,false,false,-83.09901,42.35016,"{
  ""coordinates"": [
    -8.309901368060960e+01,
    4.235016433034970e+01
  ],
  ""type"": ""Point""
}","{
  ""coordinates"": [
    -83.099013681,
    42.35016433
  ],
  ""type"": ""Point""
}",-83.099013681,42.35016433
18369,1324929,M 10,HOWARD,2018-03-02,2,3,2018,18,6,5,3,,1,0,Asphalt,2,1,1,55,3,2,2,5,0,0,0,0,true,false,false,false,false,false,false,false,false,false,false,false,false,false,false,false,false,false,false,false,false,false,-83.05726,42.32829,"{
  ""coordinates"": [
    -8.305726161323661e+01,
    4.232829077914100e+01
  ],
  ""type"": ""Point""
}","{
  ""coordinates"": [
    -83.057261613,
    42.328290779
  ],
  ""type"": ""Point""
}",-83.057261613,42.328290779
18370,1324930,I 94,I 75,2018-03-02,2,3,2018,19,6,5,1,,1,0,Concrete,1,1,4,55,3,2,2,5,0,0,0,0,true,false,false,false,false,false,false,false,false,true,false,false,false,true,false,false,false,false,false,false,false,false,-83.05917,42.36779,"{
  ""coordinates"": [
    -8.305916270809939e+01,
    4.236779320044930e+01
  ],
  ""type"": ""Point""
}","{
  ""coordinates"": [
    -83.059162708,
    42.3677932
  ],
  ""type"": ""Point""
}",-83.059162708,42.3677932000001
18371,1318601,I-75,GRANDRIVER,2018-03-02,2,3,2018,4,6,8,1,,1,0,Concrete,3,2,4,55,3,2,1,5,0,0,0,0,true,false,false,false,true,false,false,false,false,true,false,false,false,false,false,false,false,false,false,false,false,false,-83.06087,42.336,"{
  ""coordinates"": [
    -8.306087195172850e+01,
    4.233600323843310e+01
  ],
  ""type"": ""Point""
}","{
  ""coordinates"": [
    -83.060871952,
    42.336003238
  ],
  ""type"": ""Point""
}",-83.060871952,42.336003238
18372,1314405,VANDYKE,KERCHEVAL,2018-03-01,1,3,2018,15,5,8,9,,4,0,Asphalt,4,5,1,30,2,2,3,5,0,0,0,0,true,false,false,false,false,false,false,false,false,false,false,false,false,false,false,true,false,false,false,false,false,false,-82.99992,42.35839,"{
  ""coordinates"": [
    -8.299991819684760e+01,
    4.235838857563910e+01
  ],
  ""type"": ""Point""
}","{
  ""coordinates"": [
    -82.999918197,
    42.358388576
  ],
  ""type"": ""Point""
}",-82.9999181969999,42.358388576
18373,1315776,WISCONSIN,DAVISON,2018-03-01,1,3,2018,20,5,98,9,,,3,,4,5,4,25,1,2,0,5,0,0,0,0,true,false,false,false,true,false,false,false,false,false,false,false,false,false,false,false,false,false,false,false,false,false,-83.15606,42.38752,"{
  ""coordinates"": [
    -8.315606214121379e+01,
    4.238752482744290e+01
  ],
  ""type"": ""Point""
}","{
  ""coordinates"": [
    -83.156062141,
    42.387524827
  ],
  ""type"": ""Point""
}",-83.1560621409999,42.387524827
18374,1314376,ARDMORE,FLORENCE,2018-03-01,1,3,2018,21,5,97,9,,,0,,6,5,4,25,2,2,0,5,0,0,0,0,true,false,false,false,true,false,false,false,false,false,false,false,false,false,false,false,false,false,false,false,false,false,-83.18506,42.41396,"{
  ""coordinates"": [
    -8.318505949723949e+01,
    4.241395999690530e+01
  ],
  ""type"": ""Point""
}","{
  ""coordinates"": [
    -83.185059497,
    42.413959997
  ],
  ""type"": ""Point""
}",-83.1850594969999,42.4139599970001
18375,1314377,JOY,ROSELAWN,2018-03-01,1,3,2018,22,5,8,9,,4,0,Asphalt,4,5,4,35,4,2,100,5,0,0,0,0,true,false,false,false,true,false,false,false,false,false,false,false,false,false,true,false,false,false,false,false,false,false,-83.14977,42.35912,"{
  ""coordinates"": [
    -8.314977176200630e+01,
    4.235911983786460e+01
  ],
  ""type"": ""Point""
}","{
  ""coordinates"": [
    -83.149771762,
    42.359119838
  ],
  ""type"": ""Point""
}",-83.1497717619999,42.359119838
18376,1314401,VAN DYKE,MALVERN,2018-03-01,1,3,2018,17,5,4,3,,1,0,Asphalt,4,5,3,35,5,2,3,5,0,0,0,0,true,false,false,false,false,false,false,false,false,false,false,true,false,true,false,false,false,false,false,false,false,false,-83.02181,42.38858,"{
  ""coordinates"": [
    -8.302181597203951e+01,
    4.238858356172500e+01
  ],
  ""type"": ""Point""
}","{
  ""coordinates"": [
    -83.021815972,
    42.388583562
  ],
  ""type"": ""Point""
}",-83.021815972,42.3885835620001
18377,1314397,MOUNT ELLIOTT,LAFAYETTE,2018-03-01,1,3,2018,5,5,1,9,,4,1,Asphalt,1,1,4,35,6,1,1,5,0,0,0,0,true,false,false,false,false,false,false,false,false,false,false,false,false,false,false,false,false,false,false,false,false,false,-83.01226,42.34679,"{
  ""coordinates"": [
    -8.301226282083910e+01,
    4.234679211199180e+01
  ],
  ""type"": ""Point""
}","{
  ""coordinates"": [
    -83.012262821,
    42.346792112
  ],
  ""type"": ""Point""
}",-83.012262821,42.3467921120001
18378,1315778,GRAND RIVER,STRATHMOOR,2018-03-01,1,3,2018,16,5,5,3,,1,0,Asphalt,4,5,1,35,6,2,1,5,0,0,0,0,true,false,false,false,true,false,false,false,false,false,false,false,false,false,false,false,false,false,false,false,false,false,-83.18755,42.3883,"{
  ""coordinates"": [
    -8.318754439826100e+01,
    4.238829862341700e+01
  ],
  ""type"": ""Point""
}","{
  ""coordinates"": [
    -83.187544398,
    42.388298623
  ],
  ""type"": ""Point""
}",-83.1875443979999,42.388298623
18379,1315851,OUTER,GRIGGS,2018-03-01,1,3,2018,16,5,6,9,,2,0,Asphalt,4,5,1,35,4,2,2,5,0,0,0,0,true,false,false,false,false,false,false,false,false,false,false,false,false,false,false,false,false,false,false,false,false,false,-83.16454,42.43491,"{
  ""coordinates"": [
    -8.316453955843630e+01,
    4.243490901698110e+01
  ],
  ""type"": ""Point""
}","{
  ""coordinates"": [
    -83.164539558,
    42.434909017
  ],
  ""type"": ""Point""
}",-83.1645395579999,42.4349090170001
18380,1412938,WARREN,CLAYBURN,2018-03-01,1,3,2018,17,5,4,9,,2,0,Asphalt,4,5,1,35,4,2,2,5,0,0,0,0,true,false,false,false,false,false,false,false,false,false,false,false,false,false,false,false,false,false,false,false,false,false,-83.21158,42.34344,"{
  ""coordinates"": [
    -8.321157744686769e+01,
    4.234344402218790e+01
  ],
  ""type"": ""Point""
}","{
  ""coordinates"": [
    -83.211577447,
    42.343444022
  ],
  ""type"": ""Point""
}",-83.211577447,42.343444022
18381,1315771,WYOMING,CORTLAND,2018-03-01,1,3,2018,1,5,3,9,,4,0,Asphalt,1,1,4,35,2,2,3,5,0,0,0,0,true,false,false,false,false,false,false,false,false,false,false,false,false,false,false,false,false,false,false,false,false,false,-83.15878,42.37926,"{
  ""coordinates"": [
    -8.315878143459680e+01,
    4.237926080822970e+01
  ],
  ""type"": ""Point""
}","{
  ""coordinates"": [
    -83.158781435,
    42.379260808
  ],
  ""type"": ""Point""
}",-83.158781435,42.379260808
18382,1340961,S M 39,FORD,2018-03-01,1,3,2018,15,5,5,3,,1,0,Asphalt,4,5,1,55,3,2,4,5,0,0,0,0,true,false,false,false,false,false,false,false,false,false,false,false,false,false,false,false,false,false,false,false,false,false,-83.21577,42.32921,"{
  ""coordinates"": [
    -8.321577805536360e+01,
    4.232920765925370e+01
  ],
  ""type"": ""Point""
}","{
  ""coordinates"": [
    -83.215778055,
    42.329207659
  ],
  ""type"": ""Point""
}",-83.215778055,42.3292076590001
18383,1329978,2ND,CHICAGO,2018-03-01,1,3,2018,17,5,4,9,,4,0,Asphalt,6,5,1,25,4,2,2,5,0,0,0,0,true,false,false,false,false,false,false,false,false,false,false,false,false,false,false,false,false,false,false,false,false,false,-83.08694,42.38496,"{
  ""coordinates"": [
    -8.308694550928691e+01,
    4.238496525671290e+01
  ],
  ""type"": ""Point""
}","{
  ""coordinates"": [
    -83.086945509,
    42.384965257
  ],
  ""type"": ""Point""
}",-83.086945509,42.384965257
18384,1314431,MOUND,MOUNT ELLIOTT,2018-03-01,1,3,2018,16,5,8,9,,2,0,Concrete,4,5,1,35,4,2,2,5,0,0,0,0,true,false,false,false,true,false,false,false,false,false,false,false,false,false,false,false,false,false,false,false,false,false,-83.04253,42.40796,"{
  ""coordinates"": [
    -8.304252541050580e+01,
    4.240795852224860e+01
  ],
  ""type"": ""Point""
}","{
  ""coordinates"": [
    -83.042525411,
    42.407958522
  ],
  ""type"": ""Point""
}",-83.042525411,42.4079585220001
18385,1314366,GRISWOLD,FORT,2018-03-01,1,3,2018,7,5,4,3,,4,0,Asphalt,2,4,1,25,2,2,3,5,0,0,0,0,true,false,false,false,false,false,false,false,false,false,false,false,false,false,false,true,false,false,false,false,false,false,-83.04736,42.33064,"{
  ""coordinates"": [
    -8.304736027896649e+01,
    4.233064147731730e+01
  ],
  ""type"": ""Point""
}","{
  ""coordinates"": [
    -83.047360279,
    42.330641477
  ],
  ""type"": ""Point""
}",-83.047360279,42.330641477
18386,1340962,N M 39,RAMP 008M,2018-03-01,1,3,2018,17,5,5,3,,1,0,Asphalt,4,5,1,55,3,2,1,5,0,0,0,0,true,false,false,false,true,false,false,false,false,false,false,false,false,false,true,false,false,false,false,false,false,false,-83.21695,42.37893,"{
  ""coordinates"": [
    -8.321694767504989e+01,
    4.237892755262510e+01
  ],
  ""type"": ""Point""
}","{
  ""coordinates"": [
    -83.216947675,
    42.378927553
  ],
  ""type"": ""Point""
}",-83.216947675,42.378927553
18387,1314388,DRAGOON,FORT,2018-03-01,1,3,2018,10,5,8,3,,1,0,Asphalt,2,4,1,30,2,2,3,5,0,0,0,0,true,false,false,false,false,false,false,false,false,false,false,false,false,true,false,false,false,false,false,false,false,false,-83.10224,42.30716,"{
  ""coordinates"": [
    -8.310223983784699e+01,
    4.230715409230210e+01
  ],
  ""type"": ""Point""
}","{
  ""coordinates"": [
    -83.102239838,
    42.307154092
  ],
  ""type"": ""Point""
}",-83.1022398379999,42.3071540920001
18388,1314426,MCNICHOLS,MORAN,2018-03-01,1,3,2018,15,5,4,9,,4,0,Asphalt,4,1,1,35,3,2,4,5,0,0,0,0,true,false,false,false,false,false,false,false,false,false,false,false,false,false,false,false,false,false,false,false,false,false,-83.06446,42.41865,"{
  ""coordinates"": [
    -8.306445892167670e+01,
    4.241864623657410e+01
  ],
  ""type"": ""Point""
}","{
  ""coordinates"": [
    -83.064458922,
    42.418646237
  ],
  ""type"": ""Point""
}",-83.064458922,42.4186462370001
18389,1315797,GRAND,RISDON,2018-03-01,1,3,2018,10,5,97,9,,4,0,Concrete,2,4,1,25,2,1,1,5,0,0,0,0,true,false,false,false,false,false,false,false,false,false,false,false,false,false,false,true,false,false,false,false,false,false,-83.0932,42.32838,"{
  ""coordinates"": [
    -8.309320334510900e+01,
    4.232837991236910e+01
  ],
  ""type"": ""Point""
}","{
  ""coordinates"": [
    -83.093203345,
    42.328379912
  ],
  ""type"": ""Point""
}",-83.0932033449999,42.3283799120001
18390,1315855,JOHN C,696,2018-03-01,1,3,2018,10,5,97,9,,4,0,Concrete,2,4,1,55,4,2,1,5,0,0,0,0,true,false,false,false,true,false,false,false,false,false,false,true,false,true,false,false,false,false,false,false,false,false,-83.15958,42.40556,"{
  ""coordinates"": [
    -8.315958711113581e+01,
    4.240555588845930e+01
  ],
  ""type"": ""Point""
}","{
  ""coordinates"": [
    -83.159587111,
    42.405555888
  ],
  ""type"": ""Point""
}",-83.159587111,42.405555888
18391,1322899,S I 75,STATE FAIR,2018-03-01,1,3,2018,18,5,5,1,,1,0,Asphalt,4,5,1,35,4,2,2,5,0,0,0,0,true,false,false,false,true,false,false,false,false,false,false,false,false,false,true,false,false,false,false,false,false,false,-83.09521,42.44022,"{
  ""coordinates"": [
    -8.309520504522230e+01,
    4.244022136379330e+01
  ],
  ""type"": ""Point""
}","{
  ""coordinates"": [
    -83.095205045,
    42.440221364
  ],
  ""type"": ""Point""
}",-83.0952050449999,42.4402213640001
18392,1318614,I-75,7 MILE,2018-03-01,1,3,2018,11,5,98,1,,1,0,Asphalt,2,4,1,70,4,2,2,4,0,0,0,2,false,false,false,false,false,false,false,false,false,false,false,false,false,false,false,false,false,false,false,false,false,false,-83.09462,42.43221,"{
  ""coordinates"": [
    -8.309462279310820e+01,
    4.243220822478730e+01
  ],
  ""type"": ""Point""
}","{
  ""coordinates"": [
    -83.094622793,
    42.432208225
  ],
  ""type"": ""Point""
}",-83.094622793,42.4322082250001