ObjectId,Crash ID,Primary Road,Intersecting Road,Crash Date,Day,Month,Year,Hour,Weekday,Crash Type Code,Highway Classification Code,Community Code,Jurisdiction Code,Lane Departure Type Code,Surface Type,Road Condition,Weather Condition,Lighting Condition,Speed Limit,Lanes,Units,Occupants,Most Severe Injury,Fatal Injuries,Suspected Serious Injuries,Suspected Minor Injuries,Possible Injuries,Property Damage Only,Secondary Crash,Traffic Control,Red Light Run,Hit and Run,Alcohol,Drugs,Unbelted Person,Work Zone,Speeding Driver,Distracted Driver,Driveway,Pedestrian,Elderly Driver,Young Driver,Commercial Vehicle,Emergency Vehicles,Train,School Bus,Motorcycle,Bicycle,Deer,Longitude,Latitude,geom,geog,x,y
18448,1316885,N I 75,FORT,2018-03-01,1,3,2018,19,5,1,1,,1,1,Concrete,6,5,4,70,3,1,1,4,0,0,0,1,false,false,false,false,false,false,false,false,false,true,false,false,false,false,false,true,false,false,false,false,false,false,-83.1545,42.27774,"{
  ""coordinates"": [
    -8.315449257438949e+01,
    4.227773478494710e+01
  ],
  ""type"": ""Point""
}","{
  ""coordinates"": [
    -83.154492574,
    42.277734785
  ],
  ""type"": ""Point""
}",-83.154492574,42.2777347850001
18449,1325916,I-75,CLARK,2018-03-01,1,3,2018,19,5,8,1,,1,0,Concrete,98,98,4,45,2,2,2,5,0,0,0,0,true,false,false,false,true,false,false,false,true,false,false,false,false,false,false,false,false,false,false,false,false,false,-83.08763,42.31501,"{
  ""coordinates"": [
    -8.308762967888400e+01,
    4.231500791449530e+01
  ],
  ""type"": ""Point""
}","{
  ""coordinates"": [
    -83.087629679,
    42.315007914
  ],
  ""type"": ""Point""
}",-83.087629679,42.315007914
18450,1372339,FENKELL,LAHSER,2018-03-01,1,3,2018,22,5,4,9,,2,0,Asphalt,6,5,5,35,4,2,3,4,0,0,0,2,false,false,false,false,false,false,false,false,false,false,false,false,false,false,false,false,false,false,false,false,false,false,-83.25738,42.40028,"{
  ""coordinates"": [
    -8.325737928362840e+01,
    4.240028521978370e+01
  ],
  ""type"": ""Point""
}","{
  ""coordinates"": [
    -83.257379284,
    42.40028522
  ],
  ""type"": ""Point""
}",-83.257379284,42.4002852200001
18451,1325939,M-10,LINWOOD,2018-03-01,1,3,2018,12,5,8,3,,1,0,Concrete,2,5,1,55,4,2,2,4,0,0,0,1,false,false,false,false,true,true,false,false,false,false,false,false,false,false,false,false,false,false,false,false,false,false,-83.12256,42.40502,"{
  ""coordinates"": [
    -8.312255841763380e+01,
    4.240501659410650e+01
  ],
  ""type"": ""Point""
}","{
  ""coordinates"": [
    -83.122558418,
    42.405016594
  ],
  ""type"": ""Point""
}",-83.122558418,42.4050165940001
18452,1314375,FENKELL,ILENE,2018-03-01,1,3,2018,16,5,1,9,,2,1,Asphalt,4,7,1,30,4,1,1,4,0,0,0,1,false,false,false,false,false,false,false,false,false,false,false,false,false,false,false,false,false,false,false,false,false,false,-83.16165,42.40247,"{
  ""coordinates"": [
    -8.316165349823930e+01,
    4.240246745674090e+01
  ],
  ""type"": ""Point""
}","{
  ""coordinates"": [
    -83.161653498,
    42.402467457
  ],
  ""type"": ""Point""
}",-83.161653498,42.4024674570001
18453,1315853,MCNICHOLS,WASHBURN,2018-03-01,1,3,2018,20,5,1,9,,2,1,Asphalt,4,5,4,35,4,1,2,5,0,0,0,0,true,false,false,false,false,false,false,false,false,false,false,false,false,false,false,false,false,false,false,false,false,false,-83.16145,42.4169,"{
  ""coordinates"": [
    -8.316145473790060e+01,
    4.241690100065920e+01
  ],
  ""type"": ""Point""
}","{
  ""coordinates"": [
    -83.161454738,
    42.416901001
  ],
  ""type"": ""Point""
}",-83.161454738,42.416901001
18454,1318600,N M 10,CHICAGO,2018-03-01,1,3,2018,16,5,8,3,,1,0,Concrete,6,8,1,55,3,2,1,5,0,0,0,0,true,false,false,false,true,false,false,false,false,true,false,false,false,false,false,true,false,false,false,false,false,false,-83.09521,42.38256,"{
  ""coordinates"": [
    -8.309520496209690e+01,
    4.238255855172080e+01
  ],
  ""type"": ""Point""
}","{
  ""coordinates"": [
    -83.095204962,
    42.382558552
  ],
  ""type"": ""Point""
}",-83.095204962,42.382558552
18455,1315799,GREENFIELD,JOY,2018-03-01,1,3,2018,14,5,8,9,,2,0,Asphalt,4,5,1,35,3,2,2,5,0,0,0,0,true,false,false,false,true,false,false,false,false,false,false,false,false,false,false,false,false,false,false,false,false,false,-83.19699,42.35799,"{
  ""coordinates"": [
    -8.319699013705210e+01,
    4.235799455929530e+01
  ],
  ""type"": ""Point""
}","{
  ""coordinates"": [
    -83.196990137,
    42.357994559
  ],
  ""type"": ""Point""
}",-83.1969901369999,42.3579945590001
18456,1329273,BALFOUR,KINGSVILLE,2018-03-01,1,3,2018,14,5,4,9,,,0,,6,5,1,25,2,2,4,4,0,0,0,1,false,false,false,false,false,false,false,false,false,false,false,false,false,false,false,false,false,false,false,false,false,false,-82.93739,42.43009,"{
  ""coordinates"": [
    -8.293738228444420e+01,
    4.243008960952800e+01
  ],
  ""type"": ""Point""
}","{
  ""coordinates"": [
    -82.937382284,
    42.43008961
  ],
  ""type"": ""Point""
}",-82.937382284,42.43008961
18457,1318577,W I 96,E I 94,2018-03-01,1,3,2018,17,5,97,1,,1,0,Concrete,2,5,3,55,4,2,2,4,0,0,0,1,false,false,false,false,false,false,false,false,false,true,false,false,false,false,false,false,false,false,false,false,false,false,-83.09899,42.35014,"{
  ""coordinates"": [
    -8.309899097137119e+01,
    4.235013659834850e+01
  ],
  ""type"": ""Point""
}","{
  ""coordinates"": [
    -83.098990971,
    42.350136598
  ],
  ""type"": ""Point""
}",-83.098990971,42.3501365980001
18458,1326013,LONGWOOD,WOODWARD,2018-03-01,1,3,2018,18,5,97,9,,,3,,6,1,4,25,4,2,1,5,0,0,0,0,true,false,false,false,false,false,false,false,false,false,false,true,false,false,false,false,false,false,false,false,false,false,-83.10682,42.42129,"{
  ""coordinates"": [
    -8.310681873149190e+01,
    4.242128985937230e+01
  ],
  ""type"": ""Point""
}","{
  ""coordinates"": [
    -83.106818731,
    42.421289859
  ],
  ""type"": ""Point""
}",-83.106818731,42.4212898590001
18459,1315795,3330 DARTMOUTH,OUTER,2018-03-01,1,3,2018,17,5,8,9,,,0,,4,5,1,,1,2,0,5,0,0,0,0,true,false,false,false,true,false,false,false,false,false,false,false,false,false,false,false,false,false,false,false,false,false,-83.16879,42.2644,"{
  ""coordinates"": [
    -8.316879020391970e+01,
    4.226440538688940e+01
  ],
  ""type"": ""Point""
}","{
  ""coordinates"": [
    -83.168790204,
    42.264405387
  ],
  ""type"": ""Point""
}",-83.1687902039999,42.2644053870001
18460,1314408,LINDSAY,GILCHRIST,2018-03-01,1,3,2018,8,5,8,9,,,0,,2,4,1,25,2,2,0,5,0,0,0,0,true,false,false,false,true,false,false,false,false,false,false,false,false,false,false,false,false,false,false,false,false,false,-83.21133,42.40032,"{
  ""coordinates"": [
    -8.321132819030390e+01,
    4.240031636711100e+01
  ],
  ""type"": ""Point""
}","{
  ""coordinates"": [
    -83.21132819,
    42.400316367
  ],
  ""type"": ""Point""
}",-83.21132819,42.4003163670001
18461,1314402,SOUTHFIELD SERVICE DRIVE,HESSEL,2018-02-28,28,2,2018,16,4,8,3,,5,0,Asphalt,1,1,1,30,1,2,2,5,0,0,0,0,true,false,false,false,false,false,false,false,false,false,false,false,false,false,false,false,false,false,false,false,false,false,-83.22011,42.44252,"{
  ""coordinates"": [
    -8.322010480430860e+01,
    4.244252379320580e+01
  ],
  ""type"": ""Point""
}","{
  ""coordinates"": [
    -83.220104804,
    42.442523793
  ],
  ""type"": ""Point""
}",-83.220104804,42.4425237930001
18462,1314365,LARNED,WASHINGTON,2018-02-28,28,2,2018,19,4,9,9,,4,0,Concrete,1,1,1,25,3,2,2,5,0,0,0,0,true,false,false,false,false,false,false,false,false,false,false,false,false,false,false,true,false,false,false,false,false,false,-83.0486,42.32798,"{
  ""coordinates"": [
    -8.304860191342620e+01,
    4.232798389899280e+01
  ],
  ""type"": ""Point""
}","{
  ""coordinates"": [
    -83.048601913,
    42.327983899
  ],
  ""type"": ""Point""
}",-83.048601913,42.3279838990001
18463,1327970,WYOMING,SEVEN MILE,2018-02-28,28,2,2018,9,4,8,9,,4,0,Asphalt,1,1,1,30,1,2,4,5,0,0,0,0,true,false,false,false,false,false,false,false,false,false,false,false,false,true,false,false,false,false,false,false,false,false,-83.16096,42.4308,"{
  ""coordinates"": [
    -8.316096307725140e+01,
    4.243079720374770e+01
  ],
  ""type"": ""Point""
}","{
  ""coordinates"": [
    -83.160963077,
    42.430797204
  ],
  ""type"": ""Point""
}",-83.160963077,42.430797204
18464,1318597,S M 39,RAMP 011C,2018-02-28,28,2,2018,1,4,1,3,,1,1,Concrete,1,1,4,55,3,1,1,3,0,0,1,0,false,false,false,false,false,false,false,false,false,false,false,false,false,false,false,false,false,false,false,false,false,false,-83.21952,42.43363,"{
  ""coordinates"": [
    -8.321952337923111e+01,
    4.243362735976180e+01
  ],
  ""type"": ""Point""
}","{
  ""coordinates"": [
    -83.219523379,
    42.43362736
  ],
  ""type"": ""Point""
}",-83.219523379,42.4336273600001
18465,1318595,RAMP 047A,MEADE,2018-02-28,28,2,2018,11,4,5,1,,1,0,Asphalt,1,1,1,55,1,2,2,5,0,0,0,0,true,false,false,false,false,false,false,false,false,false,false,false,false,false,false,false,false,false,false,false,false,false,-83.07592,42.40669,"{
  ""coordinates"": [
    -8.307591973914320e+01,
    4.240668972432620e+01
  ],
  ""type"": ""Point""
}","{
  ""coordinates"": [
    -83.075919739,
    42.406689724
  ],
  ""type"": ""Point""
}",-83.075919739,42.406689724
18466,1329904,E I 94,GRAND,2018-02-28,28,2,2018,15,4,5,1,,1,0,Asphalt,1,2,1,55,3,2,4,5,0,0,0,0,true,false,false,false,false,false,false,false,false,false,false,false,false,false,false,false,false,false,false,false,false,false,-83.10924,42.34669,"{
  ""coordinates"": [
    -8.310923638175340e+01,
    4.234669165937990e+01
  ],
  ""type"": ""Point""
}","{
  ""coordinates"": [
    -83.109236382,
    42.346691659
  ],
  ""type"": ""Point""
}",-83.1092363819999,42.346691659
18467,1318649,CADIEUX,W I 94,2018-02-28,28,2,2018,14,4,97,1,,4,0,Asphalt,1,1,1,30,6,2,2,5,0,0,0,0,true,false,false,false,false,false,false,false,false,false,true,false,false,false,false,false,false,false,false,false,false,false,-82.9373,42.41745,"{
  ""coordinates"": [
    -8.293729975704900e+01,
    4.241745375202010e+01
  ],
  ""type"": ""Point""
}","{
  ""coordinates"": [
    -82.937299757,
    42.417453752
  ],
  ""type"": ""Point""
}",-82.9372997569999,42.417453752
18468,1352452,JEFFERSON,MELDRUM,2018-02-28,28,2,2018,17,4,4,9,,4,0,Asphalt,1,1,1,,6,2,2,5,0,0,0,0,true,false,false,false,false,false,false,false,false,false,false,false,false,true,false,false,false,false,false,false,false,false,-83.00864,42.34426,"{
  ""coordinates"": [
    -8.300864779105279e+01,
    4.234426356784610e+01
  ],
  ""type"": ""Point""
}","{
  ""coordinates"": [
    -83.008647791,
    42.344263568
  ],
  ""type"": ""Point""
}",-83.008647791,42.344263568
18469,1318659,WARREN,MACK,2018-02-28,28,2,2018,1,4,1,9,,4,0,Asphalt,1,1,4,35,2,1,3,4,0,0,0,2,false,false,false,false,false,true,true,false,false,false,true,false,false,false,false,false,false,false,false,false,false,false,-82.91296,42.41225,"{
  ""coordinates"": [
    -8.291296340868629e+01,
    4.241225408882430e+01
  ],
  ""type"": ""Point""
}","{
  ""coordinates"": [
    -82.912963409,
    42.412254089
  ],
  ""type"": ""Point""
}",-82.912963409,42.412254089
18470,1314422,MOUND,7 MILE,2018-02-28,28,2,2018,15,4,8,9,,2,0,Asphalt,1,1,1,35,3,2,2,5,0,0,0,0,true,false,false,false,false,false,false,false,false,false,false,false,false,true,false,true,false,false,false,false,false,false,-83.04382,42.43357,"{
  ""coordinates"": [
    -8.304382336890750e+01,
    4.243356532704000e+01
  ],
  ""type"": ""Point""
}","{
  ""coordinates"": [
    -83.043823369,
    42.433565327
  ],
  ""type"": ""Point""
}",-83.0438233689999,42.4335653270001
18471,1314394,MEMORIAL,WESTFIELD,2018-02-28,28,2,2018,2,4,1,9,,,1,,1,2,4,25,2,1,1,4,0,0,0,1,false,false,false,false,false,false,false,false,false,true,false,false,false,false,false,false,false,false,false,false,false,false,-83.21176,42.36329,"{
  ""coordinates"": [
    -8.321176069200069e+01,
    4.236328664002490e+01
  ],
  ""type"": ""Point""
}","{
  ""coordinates"": [
    -83.211760692,
    42.36328664
  ],
  ""type"": ""Point""
}",-83.211760692,42.3632866400001
18472,1314539,FORD,ROSA PARKS,2018-02-28,28,2,2018,18,4,5,9,,,0,,1,1,4,30,3,2,2,5,0,0,0,0,true,false,false,false,false,false,false,false,false,false,false,false,false,false,false,false,false,false,false,false,false,false,-83.11489,42.39941,"{
  ""coordinates"": [
    -8.311489431604301e+01,
    4.239941302376530e+01
  ],
  ""type"": ""Point""
}","{
  ""coordinates"": [
    -83.114894316,
    42.399413024
  ],
  ""type"": ""Point""
}",-83.1148943159999,42.3994130240001
18473,1318591,MELLON,SCHAEFER,2018-02-28,28,2,2018,6,4,8,9,,4,0,Asphalt,1,1,2,35,2,2,2,5,0,0,0,0,true,false,false,false,false,false,false,false,false,false,false,false,false,false,false,true,false,false,false,false,false,false,-83.16685,42.28947,"{
  ""coordinates"": [
    -8.316685095356540e+01,
    4.228947279247840e+01
  ],
  ""type"": ""Point""
}","{
  ""coordinates"": [
    -83.166850954,
    42.289472792
  ],
  ""type"": ""Point""
}",-83.166850954,42.289472792
18474,1314325,W I 96,CSX TRANSPORTATION,2018-02-28,28,2,2018,17,4,5,1,,1,0,Concrete,1,2,1,70,3,3,2,3,0,0,1,0,false,false,false,false,true,false,false,false,false,false,false,false,false,false,false,false,false,false,false,false,false,false,-83.2298,42.37806,"{
  ""coordinates"": [
    -8.322979565718489e+01,
    4.237805401379580e+01
  ],
  ""type"": ""Point""
}","{
  ""coordinates"": [
    -83.229795657,
    42.378054014
  ],
  ""type"": ""Point""
}",-83.229795657,42.378054014
18475,1315756,I-75,CANFIELD,2018-02-28,28,2,2018,3,4,1,1,,1,0,Concrete,1,1,1,70,4,1,1,5,0,0,0,0,true,false,false,false,false,false,false,false,false,false,false,false,false,false,false,false,false,false,false,false,false,false,-83.05428,42.36045,"{
  ""coordinates"": [
    -8.305427829949120e+01,
    4.236044672921660e+01
  ],
  ""type"": ""Point""
}","{
  ""coordinates"": [
    -83.054278299,
    42.360446729
  ],
  ""type"": ""Point""
}",-83.054278299,42.360446729
18476,1314355,I-94 W/B,M-53,2018-02-28,28,2,2018,21,4,5,1,,1,0,Asphalt,1,2,4,55,3,2,2,3,0,0,1,0,false,false,false,false,false,false,false,false,false,false,false,false,false,false,false,true,false,false,false,false,false,false,-83.01154,42.38968,"{
  ""coordinates"": [
    -8.301154625078929e+01,
    4.238968095528390e+01
  ],
  ""type"": ""Point""
}","{
  ""coordinates"": [
    -83.011546251,
    42.389680955
  ],
  ""type"": ""Point""
}",-83.011546251,42.3896809550001
18477,1314380,WOODWARRD,CHARLOTTE,2018-02-28,28,2,2018,15,4,4,3,,1,0,Asphalt,1,2,1,30,7,2,3,5,0,0,0,0,true,false,false,false,false,false,false,false,false,false,false,false,false,false,false,false,false,false,false,false,false,false,-83.05585,42.34436,"{
  ""coordinates"": [
    -8.305585778845270e+01,
    4.234436484992990e+01
  ],
  ""type"": ""Point""
}","{
  ""coordinates"": [
    -83.055857788,
    42.34436485
  ],
  ""type"": ""Point""
}",-83.055857788,42.34436485
18478,1314367,MOTOR,S M 10,2018-02-28,28,2,2018,15,4,8,3,,1,0,Asphalt,1,1,1,30,2,2,2,5,0,0,0,0,true,false,false,false,false,false,false,false,false,false,false,false,false,false,false,false,false,false,false,false,false,false,-83.20246,42.44394,"{
  ""coordinates"": [
    -8.320246063266140e+01,
    4.244393849800140e+01
  ],
  ""type"": ""Point""
}","{
  ""coordinates"": [
    -83.202460633,
    42.443938498
  ],
  ""type"": ""Point""
}",-83.202460633,42.4439384980001
18479,1315770,CHRYSLER SERVICE,MONROE,2018-02-28,28,2,2018,8,4,5,1,,1,0,Asphalt,2,1,1,25,2,2,2,5,0,0,0,0,true,false,false,false,false,false,false,false,false,false,false,false,false,false,false,false,false,false,false,false,false,false,-83.03848,42.33643,"{
  ""coordinates"": [
    -8.303847970507130e+01,
    4.233643033879200e+01
  ],
  ""type"": ""Point""
}","{
  ""coordinates"": [
    -83.038479705,
    42.336430339
  ],
  ""type"": ""Point""
}",-83.038479705,42.3364303390001
18480,1314400,FRANKLIN,JOSEPH CAMPAU,2018-02-28,28,2,2018,8,4,1,9,,,0,,1,1,1,25,2,2,1,5,0,0,0,0,true,false,false,false,false,false,false,false,false,false,false,false,true,false,false,false,false,false,false,false,false,false,-83.01887,42.33817,"{
  ""coordinates"": [
    -8.301886981107630e+01,
    4.233816529676350e+01
  ],
  ""type"": ""Point""
}","{
  ""coordinates"": [
    -83.018869811,
    42.338165297
  ],
  ""type"": ""Point""
}",-83.0188698109999,42.338165297
18481,1365881,JOS CAMPAU,JEROME,2018-02-28,28,2,2018,12,4,9,9,,4,2,Asphalt,1,1,1,35,2,2,1,5,0,0,0,0,true,false,false,false,true,false,false,false,false,false,false,false,false,false,false,false,false,false,false,false,false,false,-83.07299,42.41926,"{
  ""coordinates"": [
    -8.307299026433560e+01,
    4.241926070863670e+01
  ],
  ""type"": ""Point""
}","{
  ""coordinates"": [
    -83.072990264,
    42.419260709
  ],
  ""type"": ""Point""
}",-83.0729902639999,42.4192607090001
18482,1332358,PLYMOUTH,BRENNAN POOL,2018-02-28,28,2,2018,13,4,1,9,,4,1,Asphalt,1,2,1,40,4,1,2,4,0,0,0,1,false,false,false,false,false,false,true,false,false,false,false,false,false,false,false,false,false,false,false,false,false,false,-83.24957,42.37178,"{
  ""coordinates"": [
    -8.324957441086841e+01,
    4.237177981197030e+01
  ],
  ""type"": ""Point""
}","{
  ""coordinates"": [
    -83.249574411,
    42.371779812
  ],
  ""type"": ""Point""
}",-83.249574411,42.3717798120001
18483,1315774,CHALFONTE,ILENE,2018-02-28,28,2,2018,15,4,4,9,,,0,,1,1,1,25,2,2,2,4,0,0,0,1,false,false,true,false,true,false,false,false,false,false,false,false,false,false,false,false,false,false,false,false,false,false,-83.1617,42.40019,"{
  ""coordinates"": [
    -8.316169930282609e+01,
    4.240018862256920e+01
  ],
  ""type"": ""Point""
}","{
  ""coordinates"": [
    -83.161699303,
    42.400188623
  ],
  ""type"": ""Point""
}",-83.161699303,42.4001886230001
18484,1314364,JEFFERSON,BEAUBIEN,2018-02-28,28,2,2018,7,4,8,4,,1,0,Asphalt,1,1,1,35,3,2,2,5,0,0,0,0,true,false,true,false,false,false,false,false,false,false,false,false,false,false,false,false,false,false,false,false,false,false,-83.03967,42.33093,"{
  ""coordinates"": [
    -8.303967366459210e+01,
    4.233093112559720e+01
  ],
  ""type"": ""Point""
}","{
  ""coordinates"": [
    -83.039673665,
    42.330931126
  ],
  ""type"": ""Point""
}",-83.039673665,42.3309311260001
18485,1382663,LARNED,RANDOLPH,2018-02-28,28,2,2018,8,4,4,3,,4,0,Asphalt,1,1,1,25,3,2,2,5,0,0,0,0,true,false,false,false,false,false,false,false,false,false,false,false,false,false,false,true,false,false,false,false,false,false,-83.04266,42.33053,"{
  ""coordinates"": [
    -8.304265535565111e+01,
    4.233053056457370e+01
  ],
  ""type"": ""Point""
}","{
  ""coordinates"": [
    -83.042655356,
    42.330530565
  ],
  ""type"": ""Point""
}",-83.042655356,42.3305305650001
18486,1314420,HAMILTON,GLYNN,2018-02-28,28,2,2018,8,4,9,9,,4,0,Asphalt,1,2,1,30,4,2,6,4,0,0,0,2,false,false,false,false,false,false,false,false,false,false,false,false,false,false,false,false,false,false,false,false,false,false,-83.09463,42.38529,"{
  ""coordinates"": [
    -8.309463029041039e+01,
    4.238528717497830e+01
  ],
  ""type"": ""Point""
}","{
  ""coordinates"": [
    -83.09463029,
    42.385287175
  ],
  ""type"": ""Point""
}",-83.0946302899999,42.385287175
18487,1314435,OXLEY,CHIPPEWA,2018-02-28,28,2,2018,17,4,98,9,,,0,,1,1,1,25,4,2,0,5,0,0,0,0,true,false,false,false,true,false,false,false,false,false,false,true,false,false,false,false,false,false,false,false,false,false,-83.19679,42.44082,"{
  ""coordinates"": [
    -8.319679411144701e+01,
    4.244082426258760e+01
  ],
  ""type"": ""Point""
}","{
  ""coordinates"": [
    -83.196794111,
    42.440824263
  ],
  ""type"": ""Point""
}",-83.196794111,42.440824263
18488,1314354,S I 75,RAMP 216A,2018-02-28,28,2,2018,19,4,5,1,,1,0,Concrete,1,2,4,55,4,3,3,4,0,0,0,2,false,false,false,false,false,false,false,false,false,false,true,false,false,false,false,false,false,false,false,false,false,false,-83.05543,42.36261,"{
  ""coordinates"": [
    -8.305542955962200e+01,
    4.236261451621430e+01
  ],
  ""type"": ""Point""
}","{
  ""coordinates"": [
    -83.05542956,
    42.362614516
  ],
  ""type"": ""Point""
}",-83.0554295599999,42.3626145160001
18489,1335968,RAMP 047E,DAVISON,2018-02-28,28,2,2018,10,4,1,1,,1,1,Concrete,1,1,1,,1,1,2,4,0,0,0,1,false,false,false,false,true,false,false,false,false,false,false,false,false,false,false,false,false,false,false,false,false,false,-83.07967,42.40846,"{
  ""coordinates"": [
    -8.307967037511359e+01,
    4.240845800560260e+01
  ],
  ""type"": ""Point""
}","{
  ""coordinates"": [
    -83.079670375,
    42.408458006
  ],
  ""type"": ""Point""
}",-83.079670375,42.408458006
18490,1320923,GRAND RIVER,WHITNEY,2018-02-28,28,2,2018,13,4,5,3,,1,0,Asphalt,1,1,1,30,7,2,2,2,0,1,0,0,false,false,false,false,false,false,false,false,false,false,false,false,false,true,false,false,false,false,false,false,false,false,-83.11466,42.35891,"{
  ""coordinates"": [
    -8.311466003486090e+01,
    4.235890532620580e+01
  ],
  ""type"": ""Point""
}","{
  ""coordinates"": [
    -83.114660035,
    42.358905326
  ],
  ""type"": ""Point""
}",-83.114660035,42.3589053260001
18491,1327974,MONTE VISTA,KEELER,2018-02-28,28,2,2018,23,4,98,9,,,3,,6,1,4,25,4,2,0,5,0,0,0,0,true,false,false,false,true,false,false,false,false,false,false,true,false,false,false,false,false,false,false,false,false,false,-83.1674,42.40466,"{
  ""coordinates"": [
    -8.316740703137000e+01,
    4.240465455497470e+01
  ],
  ""type"": ""Point""
}","{
  ""coordinates"": [
    -83.167407031,
    42.404654555
  ],
  ""type"": ""Point""
}",-83.167407031,42.404654555
18492,1324951,S M 39,MCNICHOLS,2018-02-28,28,2,2018,2,4,97,3,,1,0,Concrete,1,1,4,55,3,2,2,3,0,0,1,1,false,false,false,false,false,true,true,false,false,false,false,false,false,false,false,false,false,false,false,false,false,false,-83.21889,42.41558,"{
  ""coordinates"": [
    -8.321889456106500e+01,
    4.241558512110720e+01
  ],
  ""type"": ""Point""
}","{
  ""coordinates"": [
    -83.218894561,
    42.415585121
  ],
  ""type"": ""Point""
}",-83.218894561,42.415585121
18493,1318668,CADIEUX,WARREN,2018-02-28,28,2,2018,18,4,5,9,,4,0,Asphalt,1,1,1,30,5,2,1,4,0,0,0,1,false,false,false,false,true,false,false,false,false,false,false,false,false,false,false,false,false,false,false,false,false,false,-82.92986,42.40613,"{
  ""coordinates"": [
    -8.292986607021270e+01,
    4.240612951064570e+01
  ],
  ""type"": ""Point""
}","{
  ""coordinates"": [
    -82.92986607,
    42.406129511
  ],
  ""type"": ""Point""
}",-82.9298660699999,42.4061295110001
18494,1314387,SCHAEFER,FORT,2018-02-28,28,2,2018,13,4,5,7,,1,0,Concrete,1,2,1,30,3,2,1,5,0,0,0,0,true,false,false,false,true,false,false,false,false,false,false,false,false,true,false,false,false,false,false,false,false,false,-83.15785,42.27851,"{
  ""coordinates"": [
    -8.315785078486910e+01,
    4.227851293066990e+01
  ],
  ""type"": ""Point""
}","{
  ""coordinates"": [
    -83.157850785,
    42.278512931
  ],
  ""type"": ""Point""
}",-83.1578507849999,42.2785129310001
18495,1314373,LITTLEFIELD,JOY,2018-02-28,28,2,2018,18,4,4,9,,,0,,1,2,3,25,2,2,1,5,0,0,0,0,true,false,false,false,true,false,false,false,false,false,false,false,false,true,false,false,false,false,false,false,false,false,-83.17505,42.3586,"{
  ""coordinates"": [
    -8.317504850822520e+01,
    4.235859613141290e+01
  ],
  ""type"": ""Point""
}","{
  ""coordinates"": [
    -83.175048508,
    42.358596131
  ],
  ""type"": ""Point""
}",-83.175048508,42.3585961310001
18496,1314347,I-94,WEIR,2018-02-28,28,2,2018,18,4,5,1,,1,0,Asphalt,1,2,1,55,3,3,3,5,0,0,0,0,true,false,false,false,false,false,false,false,false,false,false,false,false,false,false,false,false,false,false,false,false,false,-83.15377,42.32956,"{
  ""coordinates"": [
    -8.315376981267640e+01,
    4.232956478770920e+01
  ],
  ""type"": ""Point""
}","{
  ""coordinates"": [
    -83.153769813,
    42.329564788
  ],
  ""type"": ""Point""
}",-83.1537698129999,42.329564788
18497,1314386,DARTMOUTH,GLEASON,2018-02-28,28,2,2018,20,4,6,9,,,0,,1,1,4,25,2,2,2,5,0,0,0,0,true,false,false,false,false,false,false,false,false,false,false,false,false,false,false,false,false,false,false,false,false,false,-83.16835,42.26494,"{
  ""coordinates"": [
    -8.316834707342549e+01,
    4.226494284036120e+01
  ],
  ""type"": ""Point""
}","{
  ""coordinates"": [
    -83.168347073,
    42.26494284
  ],
  ""type"": ""Point""
}",-83.1683470729999,42.2649428400001
18498,1314428,8 MILE,S I 75,2018-02-28,28,2,2018,14,4,5,3,,1,0,Concrete,1,1,1,40,4,2,2,4,0,0,0,1,false,false,false,false,false,false,false,false,false,false,false,false,false,true,false,false,false,false,false,false,false,false,-83.09483,42.4468,"{
  ""coordinates"": [
    -8.309483411077520e+01,
    4.244679987764780e+01
  ],
  ""type"": ""Point""
}","{
  ""coordinates"": [
    -83.094834111,
    42.446799878
  ],
  ""type"": ""Point""
}",-83.094834111,42.446799878
18499,1314351,I-94,LUCKY,2018-02-28,28,2,2018,20,4,97,1,,1,0,Asphalt,1,2,4,55,3,2,3,3,0,0,2,0,false,false,false,false,false,true,false,true,false,false,false,false,false,false,false,true,false,false,false,false,false,false,-83.03894,42.37716,"{
  ""coordinates"": [
    -8.303893984742730e+01,
    4.237715946451250e+01
  ],
  ""type"": ""Point""
}","{
  ""coordinates"": [
    -83.038939847,
    42.377159465
  ],
  ""type"": ""Point""
}",-83.0389398469999,42.377159465
18500,1314407,7 MILE,BENTLER,2018-02-28,28,2,2018,22,4,6,9,,2,0,Asphalt,1,1,4,35,2,2,2,5,0,0,0,0,true,false,false,false,false,false,false,false,false,false,false,false,false,false,false,false,false,false,false,false,false,false,-83.25359,42.42923,"{
  ""coordinates"": [
    -8.325358491380609e+01,
    4.242922415899280e+01
  ],
  ""type"": ""Point""
}","{
  ""coordinates"": [
    -83.253584914,
    42.429224159
  ],
  ""type"": ""Point""
}",-83.253584914,42.4292241590001
18501,1315800,PIEDMONT,TIREMAN,2018-02-28,28,2,2018,9,4,98,9,,,0,,1,1,1,25,3,2,0,5,0,0,0,0,true,false,false,false,true,false,false,false,false,false,false,false,false,false,false,true,false,false,false,false,false,false,-83.22837,42.35051,"{
  ""coordinates"": [
    -8.322836732563491e+01,
    4.235051042727130e+01
  ],
  ""type"": ""Point""
}","{
  ""coordinates"": [
    -83.228367326,
    42.350510427
  ],
  ""type"": ""Point""
}",-83.228367326,42.3505104270001