ObjectId,Crash ID,Primary Road,Intersecting Road,Crash Date,Day,Month,Year,Hour,Weekday,Crash Type Code,Highway Classification Code,Community Code,Jurisdiction Code,Lane Departure Type Code,Surface Type,Road Condition,Weather Condition,Lighting Condition,Speed Limit,Lanes,Units,Occupants,Most Severe Injury,Fatal Injuries,Suspected Serious Injuries,Suspected Minor Injuries,Possible Injuries,Property Damage Only,Secondary Crash,Traffic Control,Red Light Run,Hit and Run,Alcohol,Drugs,Unbelted Person,Work Zone,Speeding Driver,Distracted Driver,Driveway,Pedestrian,Elderly Driver,Young Driver,Commercial Vehicle,Emergency Vehicles,Train,School Bus,Motorcycle,Bicycle,Deer,Longitude,Latitude,geom,geog,x,y
18557,1317724,LAING,MORANG,2018-02-27,27,2,2018,20,3,5,9,,,0,,1,1,4,25,2,2,2,5,0,0,0,0,true,false,false,false,false,false,false,false,false,false,false,false,false,false,false,true,false,false,false,false,false,false,-82.95294,42.42764,"{
  ""coordinates"": [
    -8.295293843623681e+01,
    4.242764172874880e+01
  ],
  ""type"": ""Point""
}","{
  ""coordinates"": [
    -82.952938436,
    42.427641729
  ],
  ""type"": ""Point""
}",-82.952938436,42.4276417290001
18558,1318667,MACK,LANNOO,2018-02-27,27,2,2018,14,3,8,9,,2,0,Concrete,1,1,1,35,2,2,3,5,0,0,0,0,true,false,false,false,false,false,false,false,false,false,false,false,false,false,false,false,false,false,false,false,false,false,-82.91145,42.41515,"{
  ""coordinates"": [
    -8.291144710194040e+01,
    4.241514774433330e+01
  ],
  ""type"": ""Point""
}","{
  ""coordinates"": [
    -82.911447102,
    42.415147744
  ],
  ""type"": ""Point""
}",-82.911447102,42.4151477440001
18559,1314363,RANDOLPH,JEFFERSON,2018-02-27,27,2,2018,17,3,8,3,,1,0,Asphalt,1,1,1,30,3,2,3,4,0,0,0,1,false,false,false,false,false,false,false,false,false,false,false,false,false,false,false,true,false,false,false,false,false,false,-83.04199,42.32994,"{
  ""coordinates"": [
    -8.304199093542930e+01,
    4.232993899551240e+01
  ],
  ""type"": ""Point""
}","{
  ""coordinates"": [
    -83.041990935,
    42.329938996
  ],
  ""type"": ""Point""
}",-83.0419909349999,42.3299389960001
18560,1315765,M39,SCHOOL CRAFT,2018-02-27,27,2,2018,22,3,5,3,,1,0,Asphalt,1,1,4,55,3,2,2,5,0,0,0,0,true,true,false,false,false,false,false,false,false,false,false,false,false,false,true,false,false,false,false,false,false,false,-83.21758,42.38726,"{
  ""coordinates"": [
    -8.321757291209749e+01,
    4.238726008829450e+01
  ],
  ""type"": ""Point""
}","{
  ""coordinates"": [
    -83.217572912,
    42.387260088
  ],
  ""type"": ""Point""
}",-83.217572912,42.3872600880001
18561,1328736,WOODINGHAM,MARGARETA,2018-02-27,27,2,2018,1,3,98,9,,,0,,1,1,4,25,2,2,0,5,0,0,0,0,true,false,false,false,true,false,false,false,false,false,false,false,false,false,false,false,false,false,false,false,false,false,-83.15051,42.4279,"{
  ""coordinates"": [
    -8.315051205278610e+01,
    4.242789767365700e+01
  ],
  ""type"": ""Point""
}","{
  ""coordinates"": [
    -83.150512053,
    42.427897674
  ],
  ""type"": ""Point""
}",-83.1505120529999,42.4278976740001
18562,1314427,RYAN,NEVADA,2018-02-27,27,2,2018,8,3,4,9,,4,0,Asphalt,1,1,1,35,2,2,2,5,0,0,0,0,true,false,false,false,false,false,false,false,false,false,false,false,false,false,false,false,false,false,false,false,false,false,-83.06271,42.4259,"{
  ""coordinates"": [
    -8.306270646688100e+01,
    4.242590148045730e+01
  ],
  ""type"": ""Point""
}","{
  ""coordinates"": [
    -83.062706467,
    42.42590148
  ],
  ""type"": ""Point""
}",-83.0627064669999,42.4259014800001
18563,1312299,PURITAN,FAIRFIELD,2018-02-27,27,2,2018,9,3,1,9,,4,0,Asphalt,1,1,1,30,2,2,1,4,0,0,0,1,false,false,false,false,true,false,false,false,false,false,false,false,true,false,true,false,false,false,false,false,false,false,-83.13467,42.41,"{
  ""coordinates"": [
    -8.313466492142111e+01,
    4.241000375259410e+01
  ],
  ""type"": ""Point""
}","{
  ""coordinates"": [
    -83.134664921,
    42.410003753
  ],
  ""type"": ""Point""
}",-83.134664921,42.4100037530001
18564,1312266,GRISWOLD,GRAND RIVER,2018-02-27,27,2,2018,8,3,10,9,,4,3,Asphalt,1,1,1,25,2,2,2,5,0,0,0,0,true,false,false,false,true,false,false,false,false,false,true,false,false,false,false,false,false,false,false,false,false,false,-83.04974,42.33373,"{
  ""coordinates"": [
    -8.304973604966760e+01,
    4.233373142004270e+01
  ],
  ""type"": ""Point""
}","{
  ""coordinates"": [
    -83.04973605,
    42.33373142
  ],
  ""type"": ""Point""
}",-83.04973605,42.33373142
18565,1312267,BEARD,FORT,2018-02-27,27,2,2018,7,3,5,3,,,3,,1,1,1,25,2,2,0,5,0,0,0,0,true,false,false,false,true,false,false,false,false,false,false,false,false,false,false,false,false,false,false,false,false,false,-83.11081,42.30359,"{
  ""coordinates"": [
    -8.311081131673120e+01,
    4.230359288991370e+01
  ],
  ""type"": ""Point""
}","{
  ""coordinates"": [
    -83.110811317,
    42.30359289
  ],
  ""type"": ""Point""
}",-83.110811317,42.3035928900001
18566,1312268,FORT,LIVERNOIS,2018-02-27,27,2,2018,12,3,5,3,,1,0,Asphalt,1,1,1,30,3,2,1,5,0,0,0,0,true,false,false,false,true,false,false,false,false,false,false,false,false,false,false,false,false,false,false,false,false,false,-83.1034,42.30666,"{
  ""coordinates"": [
    -8.310340211191780e+01,
    4.230666035400520e+01
  ],
  ""type"": ""Point""
}","{
  ""coordinates"": [
    -83.103402112,
    42.306660354
  ],
  ""type"": ""Point""
}",-83.103402112,42.306660354
18567,1312273,TELEGRAPH,SANTA MARIA,2018-02-27,27,2,2018,14,3,6,2,,1,0,Asphalt,1,1,1,45,8,2,1,4,0,0,0,1,false,false,false,false,false,false,false,false,false,false,false,false,false,true,false,false,false,false,false,false,false,false,-83.2775,42.41694,"{
  ""coordinates"": [
    -8.327749430496500e+01,
    4.241694141467710e+01
  ],
  ""type"": ""Point""
}","{
  ""coordinates"": [
    -83.277494305,
    42.416941415
  ],
  ""type"": ""Point""
}",-83.2774943049999,42.4169414150001
18568,1312281,PINEWOOD,STRASBURG,2018-02-27,27,2,2018,6,3,8,9,,,0,,2,1,2,25,1,2,0,5,0,0,0,0,true,false,false,false,false,false,false,false,false,false,false,false,false,false,false,false,false,false,false,false,false,false,-82.99849,42.43823,"{
  ""coordinates"": [
    -8.299848977688350e+01,
    4.243823012088030e+01
  ],
  ""type"": ""Point""
}","{
  ""coordinates"": [
    -82.998489777,
    42.438230121
  ],
  ""type"": ""Point""
}",-82.998489777,42.4382301210001
18569,1312277,COPLIN,EVANSTON,2018-02-27,27,2,2018,19,3,97,9,,,0,,1,1,3,25,1,2,1,4,0,0,0,1,false,false,false,false,true,false,false,false,false,false,false,false,false,false,false,false,false,false,false,false,false,false,-82.97077,42.40367,"{
  ""coordinates"": [
    -8.297077498379539e+01,
    4.240367208200550e+01
  ],
  ""type"": ""Point""
}","{
  ""coordinates"": [
    -82.970774984,
    42.403672082
  ],
  ""type"": ""Point""
}",-82.9707749839999,42.4036720820001
18570,1314434,CURTIS,LIVERNOIS,2018-02-27,27,2,2018,9,3,4,9,,4,0,Asphalt,1,1,1,,2,2,3,4,0,0,0,1,false,false,true,true,true,false,false,false,false,false,false,false,false,false,false,false,false,false,false,false,false,false,-83.14117,42.4244,"{
  ""coordinates"": [
    -8.314117519376749e+01,
    4.242439856851040e+01
  ],
  ""type"": ""Point""
}","{
  ""coordinates"": [
    -83.141175194,
    42.424398569
  ],
  ""type"": ""Point""
}",-83.141175194,42.4243985690001
18571,1314393,LONGACRE,PLYMOUTH,2018-02-27,27,2,2018,19,3,97,9,,,0,,1,1,1,25,4,2,2,5,0,0,0,0,true,false,false,false,false,false,false,false,false,false,false,false,false,false,false,false,false,false,false,false,false,false,-83.21443,42.3723,"{
  ""coordinates"": [
    -8.321443397859430e+01,
    4.237229409204150e+01
  ],
  ""type"": ""Point""
}","{
  ""coordinates"": [
    -83.214433979,
    42.372294092
  ],
  ""type"": ""Point""
}",-83.214433979,42.3722940920001
18572,1312290,S I 75,8 MILE SERVICE DRIVE,2018-02-27,27,2,2018,8,3,4,1,,1,0,Asphalt,1,1,1,30,2,2,2,3,0,0,1,0,false,false,false,false,false,false,false,false,false,false,false,false,false,false,false,false,false,false,false,false,false,false,-83.09492,42.4467,"{
  ""coordinates"": [
    -8.309492304373850e+01,
    4.244670010477770e+01
  ],
  ""type"": ""Point""
}","{
  ""coordinates"": [
    -83.094923044,
    42.446700105
  ],
  ""type"": ""Point""
}",-83.094923044,42.446700105
18573,1314384,LIVERNOIS,BUCHANAN,2018-02-27,27,2,2018,15,3,4,9,,4,0,Asphalt,1,1,1,35,5,2,2,5,0,0,0,0,true,false,false,false,true,false,false,false,false,false,false,false,false,false,false,false,false,false,false,false,false,false,-83.12134,42.33249,"{
  ""coordinates"": [
    -8.312133764848210e+01,
    4.233248456724740e+01
  ],
  ""type"": ""Point""
}","{
  ""coordinates"": [
    -83.121337648,
    42.332484567
  ],
  ""type"": ""Point""
}",-83.121337648,42.3324845670001
18574,1312286,CALVERT,ROSA PARKS,2018-02-27,27,2,2018,17,3,4,9,,4,0,Asphalt,1,1,1,25,2,2,4,5,0,0,0,0,true,false,false,false,false,false,false,false,false,false,false,false,false,true,false,false,true,false,false,false,false,false,-83.10397,42.38288,"{
  ""coordinates"": [
    -8.310397465379179e+01,
    4.238288168240480e+01
  ],
  ""type"": ""Point""
}","{
  ""coordinates"": [
    -83.103974654,
    42.382881682
  ],
  ""type"": ""Point""
}",-83.103974654,42.3828816820001
18575,1315860,7 MILE,MEYER,2018-02-27,27,2,2018,17,3,5,9,,2,0,Asphalt,1,1,1,,3,2,2,5,0,0,0,0,true,false,false,false,true,false,false,false,false,false,false,false,false,false,false,false,false,false,false,false,false,false,-83.17049,42.43125,"{
  ""coordinates"": [
    -8.317049290205370e+01,
    4.243125003925750e+01
  ],
  ""type"": ""Point""
}","{
  ""coordinates"": [
    -83.170492902,
    42.431250039
  ],
  ""type"": ""Point""
}",-83.170492902,42.4312500390001
18576,1318661,WARREN,NOTTINGHAM,2018-02-26,26,2,2018,11,2,4,9,,4,0,Asphalt,1,1,1,30,2,2,3,4,0,0,0,1,false,false,false,false,false,false,false,false,false,false,false,false,false,false,true,false,false,false,false,false,false,false,-82.94881,42.39911,"{
  ""coordinates"": [
    -8.294880556345660e+01,
    4.239911446826060e+01
  ],
  ""type"": ""Point""
}","{
  ""coordinates"": [
    -82.948805563,
    42.399114468
  ],
  ""type"": ""Point""
}",-82.948805563,42.3991144680001
18577,1319949,I-75,OUTER,2018-02-26,26,2,2018,7,2,5,1,,1,0,Asphalt,1,1,1,55,3,2,2,5,0,0,0,0,true,false,false,false,false,false,false,false,false,false,true,false,false,false,false,false,false,false,false,false,false,false,-83.09496,42.44003,"{
  ""coordinates"": [
    -8.309495335222290e+01,
    4.244002939888350e+01
  ],
  ""type"": ""Point""
}","{
  ""coordinates"": [
    -83.094953352,
    42.440029399
  ],
  ""type"": ""Point""
}",-83.0949533519999,42.440029399
18578,1311400,DEQUINDRE,WINCHESTER,2018-02-26,26,2,2018,7,2,97,9,,4,0,Asphalt,1,1,1,35,2,2,2,5,0,0,0,0,true,false,false,false,true,false,false,false,false,false,false,false,false,false,false,false,false,false,false,false,false,false,-83.0833,42.44473,"{
  ""coordinates"": [
    -8.308330123057461e+01,
    4.244472823594860e+01
  ],
  ""type"": ""Point""
}","{
  ""coordinates"": [
    -83.083301231,
    42.444728236
  ],
  ""type"": ""Point""
}",-83.083301231,42.4447282360001
18579,1311398,S I 75,8 MILE,2018-02-26,26,2,2018,18,2,8,1,,1,0,Asphalt,1,1,4,35,2,2,2,5,0,0,0,0,true,false,false,false,false,false,false,false,false,false,false,false,false,false,true,false,false,false,false,false,false,false,-83.09492,42.44677,"{
  ""coordinates"": [
    -8.309492669016321e+01,
    4.244677250413850e+01
  ],
  ""type"": ""Point""
}","{
  ""coordinates"": [
    -83.09492669,
    42.446772504
  ],
  ""type"": ""Point""
}",-83.09492669,42.4467725040001
18580,1311390,ROSEMONT,SCHOOLCRAFT,2018-02-26,26,2,2018,17,2,4,9,,,0,,1,1,1,35,4,2,1,5,0,0,0,0,true,false,false,false,false,false,false,false,false,false,false,false,false,false,false,false,false,false,false,false,false,false,-83.21984,42.38663,"{
  ""coordinates"": [
    -8.321984006146040e+01,
    4.238663467143440e+01
  ],
  ""type"": ""Point""
}","{
  ""coordinates"": [
    -83.219840061,
    42.386634671
  ],
  ""type"": ""Point""
}",-83.219840061,42.386634671
18581,1314319,I 94,CONCORD,2018-02-26,26,2,2018,19,2,5,1,,1,0,Asphalt,1,1,3,55,3,3,2,5,0,0,0,0,true,false,false,false,true,false,false,false,false,false,true,false,false,false,false,false,false,false,false,false,false,false,-83.03054,42.38275,"{
  ""coordinates"": [
    -8.303054394708410e+01,
    4.238275033563540e+01
  ],
  ""type"": ""Point""
}","{
  ""coordinates"": [
    -83.030543947,
    42.382750336
  ],
  ""type"": ""Point""
}",-83.030543947,42.3827503360001
18582,1311386,LARNED,RIVARD,2018-02-26,26,2,2018,16,2,4,9,,4,0,Asphalt,1,1,1,30,6,2,2,5,0,0,0,0,true,false,true,true,false,false,false,false,false,false,true,false,false,false,false,false,false,false,false,false,false,false,-83.03474,42.33414,"{
  ""coordinates"": [
    -8.303473880159220e+01,
    4.233414229778780e+01
  ],
  ""type"": ""Point""
}","{
  ""coordinates"": [
    -83.034738802,
    42.334142298
  ],
  ""type"": ""Point""
}",-83.0347388019999,42.3341422980001
18583,1312283,ELMO,NASHVILLE,2018-02-26,26,2,2018,7,2,4,9,,,0,,1,1,1,25,2,2,2,3,0,0,1,0,false,false,false,false,false,false,false,false,false,false,false,false,false,false,false,false,false,false,false,false,false,false,-83.00445,42.41586,"{
  ""coordinates"": [
    -8.300444851975580e+01,
    4.241585865550000e+01
  ],
  ""type"": ""Point""
}","{
  ""coordinates"": [
    -83.00444852,
    42.415858656
  ],
  ""type"": ""Point""
}",-83.00444852,42.4158586550001
18584,1311376,OAKWOOD,PLEASANT,2018-02-26,26,2,2018,16,2,8,9,,,0,,1,1,1,35,4,2,2,5,0,0,0,0,true,false,false,false,false,false,false,false,false,false,false,false,false,false,false,false,false,false,false,false,false,false,-83.1565,42.28687,"{
  ""coordinates"": [
    -8.315650207488380e+01,
    4.228687161393950e+01
  ],
  ""type"": ""Point""
}","{
  ""coordinates"": [
    -83.156502075,
    42.286871614
  ],
  ""type"": ""Point""
}",-83.1565020749999,42.2868716140001
18585,1316907,LIVERNOIS,N I 75,2018-02-26,26,2,2018,15,2,8,9,,4,0,Concrete,1,1,1,35,4,2,2,5,0,0,0,0,true,false,false,false,false,false,false,false,false,false,false,false,false,false,false,true,false,false,false,false,false,false,-83.10421,42.30765,"{
  ""coordinates"": [
    -8.310421166201400e+01,
    4.230765238362440e+01
  ],
  ""type"": ""Point""
}","{
  ""coordinates"": [
    -83.104211662,
    42.307652384
  ],
  ""type"": ""Point""
}",-83.104211662,42.3076523840001
18586,1311383,JOY,GREENFIELD,2018-02-26,26,2,2018,16,2,8,9,,2,0,Asphalt,1,1,1,35,5,2,1,5,0,0,0,0,true,false,false,false,true,false,false,false,false,false,false,false,false,true,false,false,false,false,false,false,false,false,-83.197,42.35813,"{
  ""coordinates"": [
    -8.319699679163620e+01,
    4.235812925403600e+01
  ],
  ""type"": ""Point""
}","{
  ""coordinates"": [
    -83.196996792,
    42.358129254
  ],
  ""type"": ""Point""
}",-83.1969967919999,42.3581292540001
18587,1311384,8 MILE,EVERGREEN,2018-02-26,26,2,2018,16,2,8,3,,1,0,Asphalt,1,1,1,35,4,2,2,5,0,0,0,0,true,false,false,false,true,false,false,false,false,false,false,false,false,false,false,false,false,false,false,false,false,false,-83.23945,42.44376,"{
  ""coordinates"": [
    -8.323944723520169e+01,
    4.244375428717530e+01
  ],
  ""type"": ""Point""
}","{
  ""coordinates"": [
    -83.239447235,
    42.443754287
  ],
  ""type"": ""Point""
}",-83.2394472349999,42.443754287
18588,1311391,VAUGHAN,GRAND RIVER,2018-02-26,26,2,2018,0,2,5,3,,,3,,1,1,4,25,2,2,0,5,0,0,0,0,true,false,false,false,true,false,false,false,false,false,false,false,false,false,false,false,false,false,false,false,false,false,-83.23895,42.40932,"{
  ""coordinates"": [
    -8.323894339789550e+01,
    4.240931703230630e+01
  ],
  ""type"": ""Point""
}","{
  ""coordinates"": [
    -83.238943398,
    42.409317032
  ],
  ""type"": ""Point""
}",-83.2389433979999,42.409317032
18589,1319999,GREENFIELD,CHICAGO,2018-02-26,26,2,2018,16,2,7,9,,2,0,Asphalt,1,1,1,,4,2,4,4,0,0,0,1,false,false,false,false,false,false,false,false,false,false,false,false,false,false,false,false,false,false,false,false,false,false,-83.19729,42.36538,"{
  ""coordinates"": [
    -8.319728577525549e+01,
    4.236538227499040e+01
  ],
  ""type"": ""Point""
}","{
  ""coordinates"": [
    -83.197285775,
    42.365382275
  ],
  ""type"": ""Point""
}",-83.197285775,42.3653822750001
18590,1316902,W I 94,CECIL,2018-02-26,26,2,2018,18,2,4,1,,1,0,Asphalt,1,1,3,35,2,2,1,5,0,0,0,0,true,false,true,false,true,false,false,false,false,false,false,false,false,false,false,false,false,false,false,false,false,false,-83.13392,42.3339,"{
  ""coordinates"": [
    -8.313392035022380e+01,
    4.233390513701300e+01
  ],
  ""type"": ""Point""
}","{
  ""coordinates"": [
    -83.13392035,
    42.333905137
  ],
  ""type"": ""Point""
}",-83.13392035,42.333905137
18591,1317713,MOROSS,CHANDLER PARK,2018-02-26,26,2,2018,18,2,4,9,,2,0,Asphalt,1,1,4,35,2,2,1,4,0,0,0,1,false,false,true,true,true,false,false,false,false,false,false,false,false,false,false,false,false,false,false,false,false,false,-82.91519,42.41869,"{
  ""coordinates"": [
    -8.291519339459650e+01,
    4.241869444095770e+01
  ],
  ""type"": ""Point""
}","{
  ""coordinates"": [
    -82.915193395,
    42.418694441
  ],
  ""type"": ""Point""
}",-82.915193395,42.4186944410001
18592,1319920,N/BM 39,MCNICHOLS,2018-02-26,26,2,2018,13,2,5,3,,1,0,Concrete,1,1,1,55,3,2,2,5,0,0,0,0,true,true,false,false,false,false,false,false,false,false,false,false,false,true,false,false,false,false,false,false,false,false,-83.21874,42.41701,"{
  ""coordinates"": [
    -8.321874026726840e+01,
    4.241700938642290e+01
  ],
  ""type"": ""Point""
}","{
  ""coordinates"": [
    -83.218740267,
    42.417009386
  ],
  ""type"": ""Point""
}",-83.218740267,42.4170093860001
18593,1311396,MEYERS,PURITAN,2018-02-26,26,2,2018,9,2,4,9,,4,0,Asphalt,1,1,1,,2,2,3,5,0,0,0,0,true,false,true,true,false,false,false,false,false,false,false,false,false,true,false,false,false,false,false,false,false,false,-83.16977,42.40953,"{
  ""coordinates"": [
    -8.316976792601530e+01,
    4.240953493105210e+01
  ],
  ""type"": ""Point""
}","{
  ""coordinates"": [
    -83.169767926,
    42.409534931
  ],
  ""type"": ""Point""
}",-83.169767926,42.4095349310001
18594,1311394,MADDELEIN,CRUSADE,2018-02-26,26,2,2018,15,2,1,9,,,0,,1,1,1,25,2,2,1,3,0,0,1,0,false,false,false,false,true,false,false,false,false,false,false,false,false,false,false,false,false,false,false,false,true,false,-82.96069,42.43642,"{
  ""coordinates"": [
    -8.296069304602020e+01,
    4.243642451032140e+01
  ],
  ""type"": ""Point""
}","{
  ""coordinates"": [
    -82.960693046,
    42.43642451
  ],
  ""type"": ""Point""
}",-82.960693046,42.4364245100001
18595,1318648,CONNER,OLGA,2018-02-26,26,2,2018,7,2,5,9,,4,0,Asphalt,1,1,1,,3,2,3,5,0,0,0,0,true,false,false,false,false,false,false,false,false,false,false,false,false,false,false,false,false,false,false,false,false,false,-82.98492,42.39415,"{
  ""coordinates"": [
    -8.298492311998361e+01,
    4.239414413096100e+01
  ],
  ""type"": ""Point""
}","{
  ""coordinates"": [
    -82.98492312,
    42.394144131
  ],
  ""type"": ""Point""
}",-82.98492312,42.3941441310001
18596,1311366,RAMP 139B,E M 8,2018-02-26,26,2,2018,19,2,1,1,,1,1,Concrete,1,1,4,55,4,1,1,4,0,0,0,1,false,false,false,false,false,false,false,false,false,true,false,false,false,false,true,false,false,false,false,false,false,false,-83.14887,42.38431,"{
  ""coordinates"": [
    -8.314886889288890e+01,
    4.238430660560670e+01
  ],
  ""type"": ""Point""
}","{
  ""coordinates"": [
    -83.148868893,
    42.384306606
  ],
  ""type"": ""Point""
}",-83.148868893,42.3843066060001
18597,1311395,PURITAN,MEYERS,2018-02-26,26,2,2018,8,2,1,9,,4,1,Asphalt,1,1,1,,2,1,0,5,0,0,0,0,true,false,false,false,false,false,false,false,false,false,false,false,false,false,false,false,false,false,false,false,false,false,-83.17004,42.40953,"{
  ""coordinates"": [
    -8.317003598217660e+01,
    4.240953020694880e+01
  ],
  ""type"": ""Point""
}","{
  ""coordinates"": [
    -83.170035982,
    42.409530207
  ],
  ""type"": ""Point""
}",-83.1700359819999,42.409530207
18598,1311365,W I 94,S M 10,2018-02-26,26,2,2018,18,2,5,1,,1,0,Asphalt,1,1,1,55,3,2,3,4,0,0,0,2,false,false,false,false,false,false,false,false,false,false,false,false,false,false,false,true,false,false,false,false,false,false,-83.07704,42.35902,"{
  ""coordinates"": [
    -8.307704452829610e+01,
    4.235901621402980e+01
  ],
  ""type"": ""Point""
}","{
  ""coordinates"": [
    -83.077044528,
    42.359016214
  ],
  ""type"": ""Point""
}",-83.077044528,42.3590162140001
18599,1311381,MCNICHOLS,BEAVERLAND,2018-02-26,26,2,2018,22,2,8,9,,2,0,Asphalt,1,1,5,35,4,2,1,5,0,0,0,0,true,false,false,false,true,false,false,false,false,false,false,false,false,false,false,false,false,false,false,false,false,false,-83.26669,42.41473,"{
  ""coordinates"": [
    -8.326668866346100e+01,
    4.241472515674200e+01
  ],
  ""type"": ""Point""
}","{
  ""coordinates"": [
    -83.266688663,
    42.414725157
  ],
  ""type"": ""Point""
}",-83.266688663,42.4147251570001
18600,1311373,WOODWARD,PETERBORO,2018-02-26,26,2,2018,15,2,97,3,,1,0,Asphalt,1,1,1,30,6,3,2,5,0,0,0,0,true,false,false,false,false,false,false,false,false,false,false,false,false,false,false,false,false,false,false,false,false,false,-83.05656,42.34541,"{
  ""coordinates"": [
    -8.305655668238890e+01,
    4.234540951920500e+01
  ],
  ""type"": ""Point""
}","{
  ""coordinates"": [
    -83.056556682,
    42.345409519
  ],
  ""type"": ""Point""
}",-83.056556682,42.345409519
18601,1311372,JOHN R,BROADWAY,2018-02-26,26,2,2018,15,2,8,9,,4,0,Asphalt,1,1,1,25,3,2,1,5,0,0,0,0,true,false,false,false,true,false,false,false,false,false,false,false,false,false,false,false,false,false,false,false,false,false,-83.04826,42.33578,"{
  ""coordinates"": [
    -8.304825211887970e+01,
    4.233578113477550e+01
  ],
  ""type"": ""Point""
}","{
  ""coordinates"": [
    -83.048252119,
    42.335781135
  ],
  ""type"": ""Point""
}",-83.048252119,42.335781135
18602,1316910,FORT,FERDINAND,2018-02-26,26,2,2018,16,2,5,3,,1,0,Asphalt,1,1,1,30,4,4,4,5,0,0,0,0,true,false,false,false,true,false,false,false,false,false,false,false,false,false,false,false,false,false,false,false,false,false,-83.09363,42.31081,"{
  ""coordinates"": [
    -8.309362494794711e+01,
    4.231081348736690e+01
  ],
  ""type"": ""Point""
}","{
  ""coordinates"": [
    -83.093624948,
    42.310813487
  ],
  ""type"": ""Point""
}",-83.093624948,42.3108134870001
18603,1314389,LEXINGTON,BEARD,2018-02-26,26,2,2018,12,2,98,9,,4,3,Asphalt,1,1,98,25,1,2,0,5,0,0,0,0,true,false,false,false,true,false,false,false,false,false,false,false,false,false,false,false,false,false,false,false,false,false,-83.11298,42.30616,"{
  ""coordinates"": [
    -8.311297362018880e+01,
    4.230615811101280e+01
  ],
  ""type"": ""Point""
}","{
  ""coordinates"": [
    -83.11297362,
    42.306158111
  ],
  ""type"": ""Point""
}",-83.1129736199999,42.3061581110001
18604,1316893,CASS,WARREN,2018-02-26,26,2,2018,9,2,8,9,,4,0,Asphalt,1,1,1,25,3,2,1,5,0,0,0,0,true,false,false,false,true,false,false,false,true,false,false,false,false,false,true,false,false,false,false,false,false,false,-83.06647,42.35566,"{
  ""coordinates"": [
    -8.306646923797820e+01,
    4.235565627816170e+01
  ],
  ""type"": ""Point""
}","{
  ""coordinates"": [
    -83.066469238,
    42.355656278
  ],
  ""type"": ""Point""
}",-83.066469238,42.355656278
18605,1325999,TELEGRAPH,7 MILE,2018-02-26,26,2,2018,15,2,8,2,,1,0,Asphalt,1,1,1,40,6,2,2,5,0,0,0,0,true,false,false,false,false,false,false,false,false,false,false,true,false,false,false,false,false,false,false,false,false,false,-83.27802,42.42949,"{
  ""coordinates"": [
    -8.327801643604690e+01,
    4.242948438813170e+01
  ],
  ""type"": ""Point""
}","{
  ""coordinates"": [
    -83.278016436,
    42.429484388
  ],
  ""type"": ""Point""
}",-83.278016436,42.429484388
18606,1319924,I-94,24TH,2018-02-26,26,2,2018,13,2,5,1,,1,0,Asphalt,1,1,1,55,3,3,4,5,0,0,0,0,true,false,false,false,false,false,false,false,false,false,false,false,false,false,true,false,false,false,false,false,false,false,-83.10291,42.34903,"{
  ""coordinates"": [
    -8.310290364616660e+01,
    4.234903413403340e+01
  ],
  ""type"": ""Point""
}","{
  ""coordinates"": [
    -83.102903646,
    42.349034134
  ],
  ""type"": ""Point""
}",-83.102903646,42.3490341340001
18607,1319953,RAMP 216I,I-75,2018-02-26,26,2,2018,16,2,5,1,,1,0,Concrete,1,1,1,55,2,2,5,5,0,0,0,0,true,false,false,false,false,false,false,false,false,false,false,false,false,false,false,false,false,false,false,false,false,false,-83.05981,42.37238,"{
  ""coordinates"": [
    -8.305981406942060e+01,
    4.237238025801890e+01
  ],
  ""type"": ""Point""
}","{
  ""coordinates"": [
    -83.059814069,
    42.372380258
  ],
  ""type"": ""Point""
}",-83.059814069,42.3723802580001
18608,1319922,M-39,OUTER,2018-02-26,26,2,2018,12,2,5,3,,1,0,Concrete,1,1,1,55,3,3,5,4,0,0,0,2,false,false,false,false,false,false,false,false,false,false,true,false,false,false,false,false,false,false,false,false,false,false,-83.21887,42.42052,"{
  ""coordinates"": [
    -8.321887366433390e+01,
    4.242051513570240e+01
  ],
  ""type"": ""Point""
}","{
  ""coordinates"": [
    -83.218873664,
    42.420515136
  ],
  ""type"": ""Point""
}",-83.2188736639999,42.4205151360001
18609,1317715,JOY,ABINGTON,2018-02-26,26,2,2018,2,2,1,9,,2,1,Asphalt,1,1,4,30,2,1,1,1,1,0,0,0,false,false,false,false,false,false,true,true,false,true,false,false,false,false,false,false,false,false,false,false,false,false,-83.21013,42.35796,"{
  ""coordinates"": [
    -8.321012716735081e+01,
    4.235796015557100e+01
  ],
  ""type"": ""Point""
}","{
  ""coordinates"": [
    -83.210127167,
    42.357960156
  ],
  ""type"": ""Point""
}",-83.2101271669999,42.357960156
18610,1319937,I-75,WARREN,2018-02-26,26,2,2018,10,2,8,1,,1,0,Concrete,1,1,1,55,3,2,3,5,0,0,0,0,true,false,false,false,false,false,false,false,false,false,true,false,false,false,true,false,false,false,false,false,false,false,-83.05518,42.36209,"{
  ""coordinates"": [
    -8.305518482196170e+01,
    4.236209461054100e+01
  ],
  ""type"": ""Point""
}","{
  ""coordinates"": [
    -83.055184822,
    42.362094611
  ],
  ""type"": ""Point""
}",-83.0551848219999,42.362094611