ObjectId,Crash ID,Primary Road,Intersecting Road,Crash Date,Day,Month,Year,Hour,Weekday,Crash Type Code,Highway Classification Code,Community Code,Jurisdiction Code,Lane Departure Type Code,Surface Type,Road Condition,Weather Condition,Lighting Condition,Speed Limit,Lanes,Units,Occupants,Most Severe Injury,Fatal Injuries,Suspected Serious Injuries,Suspected Minor Injuries,Possible Injuries,Property Damage Only,Secondary Crash,Traffic Control,Red Light Run,Hit and Run,Alcohol,Drugs,Unbelted Person,Work Zone,Speeding Driver,Distracted Driver,Driveway,Pedestrian,Elderly Driver,Young Driver,Commercial Vehicle,Emergency Vehicles,Train,School Bus,Motorcycle,Bicycle,Deer,Longitude,Latitude,geom,geog,x,y
18611,1316903,LONYO,MICHIGAN,2018-02-26,26,2,2018,16,2,2,2,,4,0,Asphalt,1,1,1,35,5,3,4,5,0,0,0,0,true,false,false,false,false,false,false,false,false,false,false,false,false,false,false,false,false,false,false,false,false,false,-83.14445,42.33045,"{
  ""coordinates"": [
    -8.314444836702820e+01,
    4.233044979989020e+01
  ],
  ""type"": ""Point""
}","{
  ""coordinates"": [
    -83.144448367,
    42.3304498
  ],
  ""type"": ""Point""
}",-83.1444483669999,42.3304498000001
18612,1314398,HARPER,SAGINAW,2018-02-26,26,2,2018,10,2,97,1,,4,0,Concrete,1,1,1,35,2,2,2,5,0,0,0,0,true,false,false,false,false,false,false,false,false,false,false,false,false,false,false,true,false,false,false,false,false,false,-83.0347,42.37834,"{
  ""coordinates"": [
    -8.303469777619360e+01,
    4.237833881191490e+01
  ],
  ""type"": ""Point""
}","{
  ""coordinates"": [
    -83.034697776,
    42.378338812
  ],
  ""type"": ""Point""
}",-83.034697776,42.378338812
18613,1312285,BALFOUR,BERKSHIRE,2018-02-26,26,2,2018,17,2,4,9,,,0,,1,1,1,25,2,2,4,4,0,0,0,1,false,false,false,false,false,false,false,false,false,false,false,false,false,false,false,false,false,false,false,false,false,false,-82.95253,42.40943,"{
  ""coordinates"": [
    -8.295252846583790e+01,
    4.240942767443910e+01
  ],
  ""type"": ""Point""
}","{
  ""coordinates"": [
    -82.952528466,
    42.409427674
  ],
  ""type"": ""Point""
}",-82.952528466,42.409427674
18614,1314345,SOUTHFIELD,JOY,2018-02-26,26,2,2018,15,2,5,3,,1,0,Asphalt,1,1,1,55,3,2,19,5,0,0,0,0,true,false,false,false,false,false,false,false,false,true,false,false,false,false,false,true,false,false,false,false,false,false,-83.21642,42.3584,"{
  ""coordinates"": [
    -8.321642229337650e+01,
    4.235840171214590e+01
  ],
  ""type"": ""Point""
}","{
  ""coordinates"": [
    -83.216422293,
    42.358401712
  ],
  ""type"": ""Point""
}",-83.2164222929999,42.358401712
18615,1315635,RAMP 216A,RAMP 044C,2018-02-26,26,2,2018,7,2,5,1,,1,0,Concrete,1,1,1,55,3,2,2,5,0,0,0,0,true,false,false,false,true,false,false,false,false,false,false,false,false,false,false,false,false,false,false,false,false,false,-83.05589,42.36296,"{
  ""coordinates"": [
    -8.305589550061060e+01,
    4.236295630130600e+01
  ],
  ""type"": ""Point""
}","{
  ""coordinates"": [
    -83.055895501,
    42.362956301
  ],
  ""type"": ""Point""
}",-83.055895501,42.3629563010001
18616,1312261,RAMP 008H,SOUTHFIELD SERVICE DRIVE,2018-02-26,26,2,2018,21,2,8,1,,1,0,Concrete,1,1,4,55,2,2,2,4,0,0,0,1,false,false,false,false,false,false,false,false,false,false,false,false,false,false,false,false,false,false,false,false,false,false,-83.21764,42.38182,"{
  ""coordinates"": [
    -8.321763618717200e+01,
    4.238182195732500e+01
  ],
  ""type"": ""Point""
}","{
  ""coordinates"": [
    -83.217636187,
    42.381821957
  ],
  ""type"": ""Point""
}",-83.217636187,42.3818219570001
18617,1311401,CHESTERFIELD,CANTERBURY,2018-02-26,26,2,2018,8,2,4,9,,,0,,1,1,1,25,2,2,1,4,0,0,0,1,false,false,false,false,true,false,false,false,false,false,false,false,false,false,false,false,false,false,false,false,false,false,-83.13879,42.43592,"{
  ""coordinates"": [
    -8.313878891590880e+01,
    4.243591691164850e+01
  ],
  ""type"": ""Point""
}","{
  ""coordinates"": [
    -83.138788916,
    42.435916912
  ],
  ""type"": ""Point""
}",-83.138788916,42.435916912
18618,1315782,BETHUNE,THIRD,2018-02-26,26,2,2018,13,2,9,9,,,2,,1,1,1,25,2,2,2,5,0,0,0,0,true,false,false,false,true,false,false,false,false,false,false,false,false,false,false,false,false,false,false,false,false,false,-83.08045,42.37029,"{
  ""coordinates"": [
    -8.308045223247920e+01,
    4.237028330051500e+01
  ],
  ""type"": ""Point""
}","{
  ""coordinates"": [
    -83.080452232,
    42.370283301
  ],
  ""type"": ""Point""
}",-83.080452232,42.370283301
18619,1324884,I-75,DAVISON,2018-02-26,26,2,2018,16,2,5,1,,1,0,Asphalt,1,1,1,55,4,2,2,5,0,0,0,0,true,false,false,false,false,false,false,false,false,false,false,false,false,false,false,false,false,false,false,false,false,false,-83.08054,42.40982,"{
  ""coordinates"": [
    -8.308054028717810e+01,
    4.240982031882780e+01
  ],
  ""type"": ""Point""
}","{
  ""coordinates"": [
    -83.080540287,
    42.409820319
  ],
  ""type"": ""Point""
}",-83.080540287,42.4098203190001
18620,1319946,I-75,7 MILE,2018-02-26,26,2,2018,7,2,5,1,,1,0,Asphalt,1,1,1,70,4,2,2,5,0,0,0,0,true,false,false,false,false,false,false,false,false,false,false,false,false,false,false,false,false,false,false,false,false,false,-83.09508,42.43609,"{
  ""coordinates"": [
    -8.309507960543260e+01,
    4.243609237584630e+01
  ],
  ""type"": ""Point""
}","{
  ""coordinates"": [
    -83.095079605,
    42.436092376
  ],
  ""type"": ""Point""
}",-83.095079605,42.436092376
18621,1321999,RAMP 216H,E I 94,2018-02-26,26,2,2018,14,2,10,1,,1,0,Concrete,1,1,1,35,2,2,3,5,0,0,0,0,true,false,false,false,false,false,false,false,false,false,false,false,false,false,false,true,true,false,false,false,false,false,-83.06007,42.36701,"{
  ""coordinates"": [
    -8.306007694601919e+01,
    4.236701369602440e+01
  ],
  ""type"": ""Point""
}","{
  ""coordinates"": [
    -83.060076946,
    42.367013696
  ],
  ""type"": ""Point""
}",-83.060076946,42.3670136960001
18622,1312282,DICKERSON,WILSHIRE,2018-02-26,26,2,2018,22,2,4,9,,4,0,Asphalt,1,1,4,35,4,2,4,4,0,0,0,3,false,false,true,false,true,false,false,false,false,false,false,false,false,false,false,false,false,false,false,false,false,false,-82.97827,42.41045,"{
  ""coordinates"": [
    -8.297826923864750e+01,
    4.241044585789730e+01
  ],
  ""type"": ""Point""
}","{
  ""coordinates"": [
    -82.978269239,
    42.410445858
  ],
  ""type"": ""Point""
}",-82.978269239,42.4104458580001
18623,1319929,I-94,TRUMBULL,2018-02-26,26,2,2018,15,2,5,1,,1,0,Asphalt,1,1,1,55,3,3,4,5,0,0,0,0,true,false,false,false,false,false,false,false,false,false,true,false,false,true,false,false,false,false,false,false,false,false,-83.08131,42.35588,"{
  ""coordinates"": [
    -8.308130718096410e+01,
    4.235588229147410e+01
  ],
  ""type"": ""Point""
}","{
  ""coordinates"": [
    -83.081307181,
    42.355882291
  ],
  ""type"": ""Point""
}",-83.0813071809999,42.3558822910001
18624,1314322,M 10 S/B,MCNICHOLS,2018-02-26,26,2,2018,7,2,5,3,,1,0,Concrete,1,1,1,55,3,2,3,4,0,0,0,1,false,false,false,false,false,false,false,false,false,false,false,false,false,false,false,false,false,false,false,false,false,false,-83.17007,42.41425,"{
  ""coordinates"": [
    -8.317006524963040e+01,
    4.241425212989700e+01
  ],
  ""type"": ""Point""
}","{
  ""coordinates"": [
    -83.17006525,
    42.41425213
  ],
  ""type"": ""Point""
}",-83.1700652499999,42.4142521300001
18625,1319918,I-94,CONNER,2018-02-26,26,2,2018,10,2,5,1,,1,0,Asphalt,1,1,1,55,3,2,2,4,0,0,0,1,false,false,false,false,false,false,false,false,false,false,false,false,false,false,false,false,false,false,false,false,false,false,-82.98897,42.39575,"{
  ""coordinates"": [
    -8.298896493432630e+01,
    4.239574823400160e+01
  ],
  ""type"": ""Point""
}","{
  ""coordinates"": [
    -82.988964934,
    42.395748234
  ],
  ""type"": ""Point""
}",-82.988964934,42.3957482340001
18626,1312304,CASS,FERRY,2018-02-26,26,2,2018,16,2,98,9,,4,3,Asphalt,1,1,1,25,2,2,0,5,0,0,0,0,true,false,false,false,true,false,false,false,false,false,false,false,false,false,false,false,false,false,false,false,false,false,-83.06896,42.36002,"{
  ""coordinates"": [
    -8.306896122660051e+01,
    4.236001992307420e+01
  ],
  ""type"": ""Point""
}","{
  ""coordinates"": [
    -83.068961227,
    42.360019923
  ],
  ""type"": ""Point""
}",-83.068961227,42.360019923
18627,1321935,FORT,N I 75/N M 85,2018-02-26,26,2,2018,17,2,4,3,,1,0,Asphalt,1,1,1,45,3,2,1,5,0,0,0,0,true,false,false,false,true,false,false,false,false,false,false,false,false,false,false,false,false,false,false,false,false,false,-83.15648,42.27458,"{
  ""coordinates"": [
    -8.315648221482660e+01,
    4.227458302216380e+01
  ],
  ""type"": ""Point""
}","{
  ""coordinates"": [
    -83.156482215,
    42.274583022
  ],
  ""type"": ""Point""
}",-83.156482215,42.2745830220001
18628,1319917,W I 94,CANADIAN NATIONAL RAILWAY,2018-02-26,26,2,2018,14,2,97,1,,1,0,Asphalt,1,1,1,55,3,2,2,5,0,0,0,0,true,false,false,false,false,false,false,false,false,false,false,false,false,false,true,true,false,false,false,false,false,false,-83.08691,42.35409,"{
  ""coordinates"": [
    -8.308690662421751e+01,
    4.235408931637520e+01
  ],
  ""type"": ""Point""
}","{
  ""coordinates"": [
    -83.086906624,
    42.354089316
  ],
  ""type"": ""Point""
}",-83.0869066239999,42.3540893160001
18629,1311399,MCNICHOLS,GALLAGHER,2018-02-26,26,2,2018,17,2,4,9,,4,0,Asphalt,1,1,1,,4,2,2,2,0,1,0,0,false,false,false,false,false,true,false,false,false,true,false,false,false,false,false,false,false,false,false,false,false,false,-83.0677,42.41864,"{
  ""coordinates"": [
    -8.306770360458120e+01,
    4.241863942835480e+01
  ],
  ""type"": ""Point""
}","{
  ""coordinates"": [
    -83.067703605,
    42.418639428
  ],
  ""type"": ""Point""
}",-83.067703605,42.4186394280001
18630,1581829,GRATIOT,FRENCH,2018-12-31,31,12,2018,3,2,1,3,,1,1,Asphalt,1,1,4,35,6,1,0,5,0,0,0,0,true,false,false,false,false,false,false,false,false,false,false,false,false,false,false,false,false,false,false,false,false,false,-83.0003,42.40063,"{
  ""coordinates"": [
    -8.300030017158851e+01,
    4.240062645562750e+01
  ],
  ""type"": ""Point""
}","{
  ""coordinates"": [
    -83.000300172,
    42.400626456
  ],
  ""type"": ""Point""
}",-83.000300172,42.4006264560001
18631,1581816,E I 96 CD,GRAND RIVER/I 96 CROSSOVER,2018-12-31,31,12,2018,20,2,1,1,,1,1,Asphalt,2,4,4,70,4,1,1,5,0,0,0,0,true,false,false,false,false,false,false,false,false,true,false,false,false,false,false,false,false,false,false,false,false,false,-83.17714,42.38324,"{
  ""coordinates"": [
    -8.317713834185710e+01,
    4.238323592683650e+01
  ],
  ""type"": ""Point""
}","{
  ""coordinates"": [
    -83.177138342,
    42.383235927
  ],
  ""type"": ""Point""
}",-83.177138342,42.383235927
18632,1581819,RAMP 212C,LIVERNOIS,2018-12-31,31,12,2018,23,2,1,1,,1,1,Concrete,2,1,1,55,1,1,1,5,0,0,0,0,true,false,false,false,false,false,false,true,false,true,false,false,false,false,false,false,false,false,false,false,false,false,-83.12598,42.33795,"{
  ""coordinates"": [
    -8.312597332590440e+01,
    4.233794995296910e+01
  ],
  ""type"": ""Point""
}","{
  ""coordinates"": [
    -83.125973326,
    42.337949953
  ],
  ""type"": ""Point""
}",-83.125973326,42.3379499530001
18633,1581068,LIVERNOIS,NORTHFIELD,2018-12-31,31,12,2018,15,2,8,9,,4,0,Asphalt,2,4,4,35,6,2,1,4,0,0,0,1,false,false,false,false,true,false,false,false,false,false,false,false,false,false,false,false,false,false,false,false,false,false,-83.13859,42.36393,"{
  ""coordinates"": [
    -8.313859002861280e+01,
    4.236392441943690e+01
  ],
  ""type"": ""Point""
}","{
  ""coordinates"": [
    -83.138590029,
    42.363924419
  ],
  ""type"": ""Point""
}",-83.1385900289999,42.3639244190001
18634,1581075,CLIFF,7 MILE,2018-12-31,31,12,2018,11,2,5,9,,,0,,2,1,1,35,2,2,2,5,0,0,0,0,true,false,false,false,true,false,false,false,false,false,false,false,false,false,false,false,false,false,false,false,false,false,-83.02854,42.43409,"{
  ""coordinates"": [
    -8.302853900892261e+01,
    4.243408398503790e+01
  ],
  ""type"": ""Point""
}","{
  ""coordinates"": [
    -83.028539009,
    42.434083985
  ],
  ""type"": ""Point""
}",-83.028539009,42.434083985
18635,1581853,DAVISON,TULLER,2018-12-31,31,12,2018,19,2,97,3,,4,0,Asphalt,2,4,5,35,3,1,1,5,0,0,0,0,true,false,false,false,false,false,false,false,false,false,false,false,false,false,false,false,false,false,false,false,false,false,-83.14639,42.38639,"{
  ""coordinates"": [
    -8.314639474813050e+01,
    4.238638524647990e+01
  ],
  ""type"": ""Point""
}","{
  ""coordinates"": [
    -83.146394748,
    42.386385246
  ],
  ""type"": ""Point""
}",-83.146394748,42.386385246
18636,1584398,FENKELL,MEYERS,2018-12-31,31,12,2018,22,2,5,9,,2,0,Asphalt,2,4,4,30,2,2,1,5,0,0,0,0,true,false,false,false,true,false,false,false,false,false,false,false,false,false,false,false,false,false,false,false,false,false,-83.16933,42.40223,"{
  ""coordinates"": [
    -8.316933135452030e+01,
    4.240223137526880e+01
  ],
  ""type"": ""Point""
}","{
  ""coordinates"": [
    -83.169331355,
    42.402231375
  ],
  ""type"": ""Point""
}",-83.1693313549999,42.402231375
18637,1581081,7 MILE,ARDMORE,2018-12-31,31,12,2018,12,2,8,9,,2,0,Asphalt,2,4,1,35,5,2,2,5,0,0,0,0,true,false,false,false,false,false,false,false,false,false,false,false,false,true,false,false,false,false,false,false,false,false,-83.18559,42.43089,"{
  ""coordinates"": [
    -8.318558599446079e+01,
    4.243089044601520e+01
  ],
  ""type"": ""Point""
}","{
  ""coordinates"": [
    -83.185585994,
    42.430890446
  ],
  ""type"": ""Point""
}",-83.185585994,42.430890446
18638,1584387,N I 75,RAMP 216H,2018-12-31,31,12,2018,16,2,5,1,,1,0,Asphalt,2,4,1,55,1,3,7,5,0,0,0,0,true,false,false,false,false,false,false,false,false,true,true,false,false,false,false,true,false,false,false,false,false,false,-83.05806,42.36882,"{
  ""coordinates"": [
    -8.305806164607830e+01,
    4.236881484136400e+01
  ],
  ""type"": ""Point""
}","{
  ""coordinates"": [
    -83.058061646,
    42.368814841
  ],
  ""type"": ""Point""
}",-83.0580616459999,42.3688148410001
18639,1581020,MIDLAND,SUSSEX,2018-12-31,31,12,2018,3,2,5,9,,,0,,3,1,5,20,2,2,0,5,0,0,0,0,true,false,false,false,true,false,false,false,false,false,false,false,false,false,false,false,false,false,false,false,false,false,-83.19534,42.40524,"{
  ""coordinates"": [
    -8.319533947285569e+01,
    4.240524117334220e+01
  ],
  ""type"": ""Point""
}","{
  ""coordinates"": [
    -83.195339473,
    42.405241173
  ],
  ""type"": ""Point""
}",-83.195339473,42.405241173
18640,1584386,E I 96,FULLERTON,2018-12-31,31,12,2018,11,2,8,1,,1,0,Concrete,2,4,1,70,4,2,2,5,0,0,0,0,true,false,false,false,false,false,false,false,false,true,false,false,false,true,false,false,false,false,false,false,false,false,-83.18912,42.38013,"{
  ""coordinates"": [
    -8.318912095987250e+01,
    4.238012764278760e+01
  ],
  ""type"": ""Point""
}","{
  ""coordinates"": [
    -83.18912096,
    42.380127643
  ],
  ""type"": ""Point""
}",-83.18912096,42.380127643
18641,1581033,VERNOR,CAVALRY,2018-12-31,31,12,2018,22,2,8,9,,4,0,Asphalt,2,4,4,25,2,2,2,5,0,0,0,0,true,false,true,true,false,false,false,false,false,false,false,false,false,false,false,false,false,false,false,false,false,false,-83.10566,42.31625,"{
  ""coordinates"": [
    -8.310566309116240e+01,
    4.231625081279110e+01
  ],
  ""type"": ""Point""
}","{
  ""coordinates"": [
    -83.105663091,
    42.316250813
  ],
  ""type"": ""Point""
}",-83.1056630909999,42.3162508130001
18642,1581855,LAWTON,GRAND,2018-12-31,31,12,2018,19,2,4,9,,,0,,2,4,4,25,2,2,2,4,0,0,0,2,false,false,false,false,true,false,false,false,false,false,false,false,false,false,false,false,false,false,false,false,false,false,-83.10289,42.35938,"{
  ""coordinates"": [
    -8.310288839248371e+01,
    4.235937591763430e+01
  ],
  ""type"": ""Point""
}","{
  ""coordinates"": [
    -83.102888392,
    42.359375918
  ],
  ""type"": ""Point""
}",-83.102888392,42.3593759180001
18643,1584433,LAPPIN,WESTPHALIA,2018-12-31,31,12,2018,19,2,98,9,,,0,,2,4,4,25,2,1,0,5,0,0,0,0,true,false,false,false,false,false,false,false,false,false,false,false,false,false,false,false,false,false,false,false,false,false,-82.99242,42.43657,"{
  ""coordinates"": [
    -8.299241753464619e+01,
    4.243656604878260e+01
  ],
  ""type"": ""Point""
}","{
  ""coordinates"": [
    -82.992417535,
    42.436566049
  ],
  ""type"": ""Point""
}",-82.992417535,42.4365660490001
18644,1581830,JAMES COUZENS,GREENFIELD,2018-12-31,31,12,2018,11,2,3,3,,1,0,Asphalt,1,1,1,35,7,2,2,5,0,0,0,0,true,false,false,false,false,false,false,false,false,false,true,false,false,false,false,false,false,false,false,false,false,false,-83.20042,42.44272,"{
  ""coordinates"": [
    -8.320041720613500e+01,
    4.244271665293820e+01
  ],
  ""type"": ""Point""
}","{
  ""coordinates"": [
    -83.200417206,
    42.442716653
  ],
  ""type"": ""Point""
}",-83.2004172059999,42.442716653
18645,1585968,E I 96 CD,RAMP 135A,2018-12-31,31,12,2018,14,2,1,1,,1,1,Concrete,2,4,1,70,3,1,1,4,0,0,0,1,false,false,false,false,false,false,false,false,false,true,false,false,false,false,false,false,false,false,false,false,false,false,-83.24326,42.38488,"{
  ""coordinates"": [
    -8.324325968432890e+01,
    4.238488371439790e+01
  ],
  ""type"": ""Point""
}","{
  ""coordinates"": [
    -83.243259684,
    42.384883714
  ],
  ""type"": ""Point""
}",-83.243259684,42.3848837140001
18646,1581059,8 MILE,S M 39,2018-12-31,31,12,2018,1,2,4,3,,1,0,Concrete,2,4,5,45,4,2,2,5,0,0,0,0,true,false,false,false,true,false,false,false,false,false,false,false,false,false,false,false,false,false,false,false,false,false,-83.21991,42.44417,"{
  ""coordinates"": [
    -8.321990772588239e+01,
    4.244416958222860e+01
  ],
  ""type"": ""Point""
}","{
  ""coordinates"": [
    -83.219907726,
    42.444169582
  ],
  ""type"": ""Point""
}",-83.219907726,42.444169582
18647,1597524,I 75,7 MILE,2018-12-31,31,12,2018,21,2,8,1,,1,0,Asphalt,2,2,5,70,3,2,4,5,0,0,0,0,true,false,false,false,false,false,false,false,false,true,false,false,false,false,false,false,false,false,false,false,false,false,-83.09447,42.43104,"{
  ""coordinates"": [
    -8.309447566149269e+01,
    4.243103943624130e+01
  ],
  ""type"": ""Point""
}","{
  ""coordinates"": [
    -83.094475661,
    42.431039436
  ],
  ""type"": ""Point""
}",-83.094475661,42.431039436
18648,1581812,E I 96 CD,RAMP 135A,2018-12-31,31,12,2018,14,2,1,1,,1,1,Concrete,2,4,1,70,3,1,1,5,0,0,0,0,true,true,false,false,false,false,false,false,false,true,false,false,false,false,true,false,false,false,false,false,false,false,-83.24326,42.38488,"{
  ""coordinates"": [
    -8.324325968432890e+01,
    4.238488371439790e+01
  ],
  ""type"": ""Point""
}","{
  ""coordinates"": [
    -83.243259684,
    42.384883714
  ],
  ""type"": ""Point""
}",-83.243259684,42.3848837140001
18649,1580267,WYOMING,CAMBRIDGE,2018-12-31,31,12,2018,6,2,97,9,,4,0,Asphalt,1,1,1,30,2,2,1,5,0,0,0,0,true,false,false,false,true,false,false,false,false,false,false,false,false,false,false,false,false,false,false,false,false,false,-83.16103,42.43315,"{
  ""coordinates"": [
    -8.316103723974651e+01,
    4.243315297793880e+01
  ],
  ""type"": ""Point""
}","{
  ""coordinates"": [
    -83.16103724,
    42.433152978
  ],
  ""type"": ""Point""
}",-83.16103724,42.4331529780001
18650,1581862,GODDARD,STENDER,2018-12-31,31,12,2018,20,2,98,9,,,0,,2,4,4,,1,2,1,5,0,0,0,0,true,false,false,false,true,false,false,false,false,false,false,false,false,false,false,false,false,false,false,false,false,false,-83.07825,42.42092,"{
  ""coordinates"": [
    -8.307824635522890e+01,
    4.242092264484560e+01
  ],
  ""type"": ""Point""
}","{
  ""coordinates"": [
    -83.078246355,
    42.420922645
  ],
  ""type"": ""Point""
}",-83.078246355,42.4209226450001
18651,1581010,I 75,7 MILE,2018-12-31,31,12,2018,14,2,8,1,,1,0,Asphalt,2,4,1,70,3,2,1,5,0,0,0,0,true,false,false,false,true,false,false,false,false,false,false,false,false,false,false,false,false,false,false,false,false,false,-83.09456,42.43166,"{
  ""coordinates"": [
    -8.309455977668119e+01,
    4.243165946570520e+01
  ],
  ""type"": ""Point""
}","{
  ""coordinates"": [
    -83.094559777,
    42.431659466
  ],
  ""type"": ""Point""
}",-83.094559777,42.431659466
18652,1581022,MONTE VISTA,CHALFONTE,2018-12-31,31,12,2018,19,2,5,9,,,0,,2,4,4,,2,2,2,5,0,0,0,0,true,false,false,false,true,false,false,false,false,false,false,false,false,false,false,false,false,false,false,false,false,false,-83.16721,42.401,"{
  ""coordinates"": [
    -8.316720718967380e+01,
    4.240100586672980e+01
  ],
  ""type"": ""Point""
}","{
  ""coordinates"": [
    -83.16720719,
    42.401005867
  ],
  ""type"": ""Point""
}",-83.1672071899999,42.401005867
18653,1581032,RADCLIFFE,MATHER,2018-12-31,31,12,2018,16,2,8,9,,,0,,2,4,1,25,2,2,3,5,0,0,0,0,true,false,false,false,false,false,false,false,false,false,false,false,false,false,false,false,false,false,false,false,false,false,-83.14675,42.34072,"{
  ""coordinates"": [
    -8.314674935891240e+01,
    4.234072383979250e+01
  ],
  ""type"": ""Point""
}","{
  ""coordinates"": [
    -83.146749359,
    42.34072384
  ],
  ""type"": ""Point""
}",-83.146749359,42.3407238400001
18654,1586036,CONNER,HARPER,2018-12-31,31,12,2018,18,2,5,9,,4,0,Asphalt,2,4,4,30,4,2,1,5,0,0,0,0,true,false,false,false,true,false,false,false,false,false,false,false,false,true,false,false,false,false,false,false,false,false,-82.99012,42.39692,"{
  ""coordinates"": [
    -8.299012333722520e+01,
    4.239691674678560e+01
  ],
  ""type"": ""Point""
}","{
  ""coordinates"": [
    -82.990123337,
    42.396916747
  ],
  ""type"": ""Point""
}",-82.9901233369999,42.396916747
18655,1590328,I 94,CADIEUX,2018-12-31,31,12,2018,16,2,97,1,,1,0,Asphalt,2,4,2,55,3,2,2,5,0,0,0,0,true,false,false,false,false,false,false,false,false,true,false,false,false,true,false,false,false,false,false,false,false,false,-82.93562,42.41816,"{
  ""coordinates"": [
    -8.293561814327710e+01,
    4.241816396096030e+01
  ],
  ""type"": ""Point""
}","{
  ""coordinates"": [
    -82.935618143,
    42.418163961
  ],
  ""type"": ""Point""
}",-82.9356181429999,42.4181639610001
18656,1590467,W I 96,GRAND RIVER,2018-12-31,31,12,2018,18,2,8,1,,1,0,Concrete,2,4,4,70,3,2,4,4,0,0,0,1,false,false,false,false,false,false,false,false,false,true,false,false,false,false,false,false,false,false,false,false,false,false,-83.17616,42.3838,"{
  ""coordinates"": [
    -8.317616578578200e+01,
    4.238380032238460e+01
  ],
  ""type"": ""Point""
}","{
  ""coordinates"": [
    -83.176165786,
    42.383800322
  ],
  ""type"": ""Point""
}",-83.176165786,42.3838003220001
18657,1581056,GREENFIELD,GRAND RIVER,2018-12-31,31,12,2018,14,2,5,3,,2,0,Asphalt,2,4,1,30,3,2,2,5,0,0,0,0,true,false,false,false,true,false,false,false,false,false,false,false,false,true,false,false,false,false,false,false,false,false,-83.19836,42.39253,"{
  ""coordinates"": [
    -8.319836198049080e+01,
    4.239252717561400e+01
  ],
  ""type"": ""Point""
}","{
  ""coordinates"": [
    -83.19836198,
    42.392527176
  ],
  ""type"": ""Point""
}",-83.19836198,42.392527176
18658,1581021,FENKELL,WYOMING,2018-12-31,31,12,2018,18,2,4,9,,2,0,Asphalt,2,4,4,35,3,2,1,4,0,0,0,1,false,false,false,false,true,false,false,false,false,false,false,false,false,false,false,false,false,false,false,false,false,false,-83.15969,42.40252,"{
  ""coordinates"": [
    -8.315968832113870e+01,
    4.240251523000440e+01
  ],
  ""type"": ""Point""
}","{
  ""coordinates"": [
    -83.159688321,
    42.40251523
  ],
  ""type"": ""Point""
}",-83.159688321,42.4025152300001
18659,1581818,E I 96,SCHOOLCRAFT,2018-12-31,31,12,2018,21,2,5,1,,1,0,Concrete,2,4,4,70,3,2,5,4,0,0,0,1,false,false,false,false,false,false,false,false,false,true,false,false,false,false,false,false,false,false,false,false,false,false,-83.24238,42.38467,"{
  ""coordinates"": [
    -8.324237996226390e+01,
    4.238466865740750e+01
  ],
  ""type"": ""Point""
}","{
  ""coordinates"": [
    -83.242379962,
    42.384668657
  ],
  ""type"": ""Point""
}",-83.242379962,42.3846686570001
18660,1584434,MCNICHOLS,WESTPHALIA,2018-12-31,31,12,2018,20,2,4,9,,4,0,Asphalt,2,4,4,,3,2,2,3,0,0,2,0,false,false,false,false,false,false,false,false,false,false,false,false,false,false,false,false,false,false,false,false,false,false,-82.9921,42.42421,"{
  ""coordinates"": [
    -8.299210650225720e+01,
    4.242421399015100e+01
  ],
  ""type"": ""Point""
}","{
  ""coordinates"": [
    -82.992106502,
    42.42421399
  ],
  ""type"": ""Point""
}",-82.992106502,42.4242139900001
18661,1581831,MOROSS,MACK,2018-12-31,31,12,2018,17,2,8,9,,2,0,Asphalt,2,4,4,30,3,2,3,5,0,0,0,0,true,false,false,false,false,false,false,false,false,false,false,false,false,true,false,false,false,false,false,false,false,false,-82.9106,42.4171,"{
  ""coordinates"": [
    -8.291059636575361e+01,
    4.241709778970820e+01
  ],
  ""type"": ""Point""
}","{
  ""coordinates"": [
    -82.910596366,
    42.41709779
  ],
  ""type"": ""Point""
}",-82.9105963659999,42.4170977900001
18662,1581023,WASHBURN,CHALFONTE,2018-12-31,31,12,2018,22,2,8,9,,,0,,2,2,4,25,2,2,0,5,0,0,0,0,true,false,false,false,true,false,false,false,false,false,false,false,false,false,false,false,false,false,false,false,false,false,-83.16063,42.40016,"{
  ""coordinates"": [
    -8.316062992132620e+01,
    4.240016171092890e+01
  ],
  ""type"": ""Point""
}","{
  ""coordinates"": [
    -83.160629921,
    42.400161711
  ],
  ""type"": ""Point""
}",-83.160629921,42.4001617110001
18663,1583300,M-39,GRAND,2018-12-31,31,12,2018,17,2,5,3,,1,0,Asphalt,2,4,1,55,3,2,3,4,0,0,0,1,false,false,false,false,false,false,false,false,false,false,false,false,false,false,true,false,false,false,false,false,false,false,-83.21835,42.39929,"{
  ""coordinates"": [
    -8.321835039756149e+01,
    4.239929135347640e+01
  ],
  ""type"": ""Point""
}","{
  ""coordinates"": [
    -83.218350398,
    42.399291353
  ],
  ""type"": ""Point""
}",-83.218350398,42.3992913530001
18664,1584437,JOHN R,7 MILE,2018-12-31,31,12,2018,10,2,4,9,,4,0,Asphalt,1,1,1,30,4,2,2,5,0,0,0,0,true,false,true,false,false,false,false,false,false,false,false,false,false,true,false,false,false,false,false,false,false,false,-83.10238,42.43228,"{
  ""coordinates"": [
    -8.310238139780320e+01,
    4.243227672216440e+01
  ],
  ""type"": ""Point""
}","{
  ""coordinates"": [
    -83.102381398,
    42.432276722
  ],
  ""type"": ""Point""
}",-83.102381398,42.432276722