ObjectId,Crash ID,Primary Road,Intersecting Road,Crash Date,Day,Month,Year,Hour,Weekday,Crash Type Code,Highway Classification Code,Community Code,Jurisdiction Code,Lane Departure Type Code,Surface Type,Road Condition,Weather Condition,Lighting Condition,Speed Limit,Lanes,Units,Occupants,Most Severe Injury,Fatal Injuries,Suspected Serious Injuries,Suspected Minor Injuries,Possible Injuries,Property Damage Only,Secondary Crash,Traffic Control,Red Light Run,Hit and Run,Alcohol,Drugs,Unbelted Person,Work Zone,Speeding Driver,Distracted Driver,Driveway,Pedestrian,Elderly Driver,Young Driver,Commercial Vehicle,Emergency Vehicles,Train,School Bus,Motorcycle,Bicycle,Deer,Longitude,Latitude,geom,geog,x,y
18665,1581078,PEMBROOKE,GREENFIELD,2018-12-31,31,12,2018,23,2,4,9,,4,0,Asphalt,2,4,4,35,4,2,2,4,0,0,0,1,false,false,false,false,false,false,false,false,false,false,false,false,false,false,false,false,false,false,false,false,false,false,-83.20022,42.43762,"{
  ""coordinates"": [
    -8.320021739558200e+01,
    4.243762389567120e+01
  ],
  ""type"": ""Point""
}","{
  ""coordinates"": [
    -83.200217396,
    42.437623896
  ],
  ""type"": ""Point""
}",-83.200217396,42.437623896
18666,1581058,TELEGRAPH,MCNICHOLS,2018-12-31,31,12,2018,21,2,1,2,,1,0,Asphalt,2,4,4,45,4,2,1,3,0,0,1,0,false,false,false,false,false,true,false,false,false,false,false,false,true,false,false,false,false,false,false,false,false,false,-83.27696,42.4144,"{
  ""coordinates"": [
    -8.327696099344099e+01,
    4.241439984092360e+01
  ],
  ""type"": ""Point""
}","{
  ""coordinates"": [
    -83.276960993,
    42.414399841
  ],
  ""type"": ""Point""
}",-83.276960993,42.414399841
18667,1581074,STATE FAIR,GREELEY,2018-12-31,31,12,2018,7,2,5,9,,4,0,Asphalt,3,2,1,30,2,3,1,4,0,0,0,1,false,false,false,false,false,false,false,false,false,false,true,false,false,false,false,false,false,false,false,false,false,false,-83.08778,42.43996,"{
  ""coordinates"": [
    -8.308778421404500e+01,
    4.243996039170570e+01
  ],
  ""type"": ""Point""
}","{
  ""coordinates"": [
    -83.087784214,
    42.439960392
  ],
  ""type"": ""Point""
}",-83.087784214,42.439960392
18668,1581069,DEXTER,GRAND,2018-12-31,31,12,2018,16,2,4,9,,4,0,Asphalt,2,1,3,35,3,2,2,5,0,0,0,0,true,false,false,false,true,false,false,false,false,false,false,false,false,false,false,false,false,false,false,false,false,false,-83.13195,42.39135,"{
  ""coordinates"": [
    -8.313195336157800e+01,
    4.239135414833340e+01
  ],
  ""type"": ""Point""
}","{
  ""coordinates"": [
    -83.131953362,
    42.391354148
  ],
  ""type"": ""Point""
}",-83.131953362,42.3913541480001
18669,1583341,GRATIOT,MOUNT ELLIOTT,2018-12-31,31,12,2018,17,2,1,3,,1,0,Asphalt,2,1,4,35,7,1,1,5,0,0,0,0,true,false,false,false,false,false,false,false,false,false,false,false,false,false,false,false,false,false,false,false,false,false,-83.02388,42.36496,"{
  ""coordinates"": [
    -8.302388155671061e+01,
    4.236495842169810e+01
  ],
  ""type"": ""Point""
}","{
  ""coordinates"": [
    -83.023881557,
    42.364958422
  ],
  ""type"": ""Point""
}",-83.023881557,42.364958422
18670,1581815,W I 96,GRAND,2018-12-31,31,12,2018,16,2,8,1,,1,0,Asphalt,2,4,1,55,3,2,2,5,0,0,0,0,true,false,false,false,false,false,false,false,false,true,false,false,false,false,false,true,false,false,false,false,false,false,-83.11027,42.35586,"{
  ""coordinates"": [
    -8.311026923540750e+01,
    4.235585833599640e+01
  ],
  ""type"": ""Point""
}","{
  ""coordinates"": [
    -83.110269235,
    42.355858336
  ],
  ""type"": ""Point""
}",-83.110269235,42.355858336
18671,1581037,W I 94,RAMP 212D,2018-12-31,31,12,2018,7,2,8,1,,1,0,Asphalt,1,1,1,,4,2,1,5,0,0,0,0,true,false,false,false,true,false,false,false,false,false,false,false,false,false,false,false,false,false,false,false,false,false,-83.12683,42.33669,"{
  ""coordinates"": [
    -8.312683483086860e+01,
    4.233668614185850e+01
  ],
  ""type"": ""Point""
}","{
  ""coordinates"": [
    -83.126834831,
    42.336686142
  ],
  ""type"": ""Point""
}",-83.1268348309999,42.3366861420001
18672,1581077,MOUND,OUTER,2018-12-31,31,12,2018,15,2,4,9,,2,0,Asphalt,2,4,1,35,2,2,2,5,0,0,0,0,true,false,false,false,true,false,false,false,false,false,false,false,false,false,false,false,false,false,false,false,false,false,-83.04406,42.44065,"{
  ""coordinates"": [
    -8.304405766077110e+01,
    4.244064890477110e+01
  ],
  ""type"": ""Point""
}","{
  ""coordinates"": [
    -83.044057661,
    42.440648905
  ],
  ""type"": ""Point""
}",-83.044057661,42.440648905
18673,1583301,I-94,CADIEUX,2018-12-31,31,12,2018,20,2,1,1,,1,1,Asphalt,2,4,1,55,3,1,1,5,0,0,0,0,true,false,false,false,false,false,false,false,false,true,false,false,false,false,true,false,false,false,false,false,false,false,-82.93562,42.41816,"{
  ""coordinates"": [
    -8.293561814327710e+01,
    4.241816396096030e+01
  ],
  ""type"": ""Point""
}","{
  ""coordinates"": [
    -82.935618143,
    42.418163961
  ],
  ""type"": ""Point""
}",-82.9356181429999,42.4181639610001
18674,1581070,E I 96 CD,RAMP 135A,2018-12-31,31,12,2018,14,2,97,1,,1,0,Concrete,2,4,1,70,6,2,2,5,0,0,0,0,true,true,false,false,false,false,false,false,false,false,false,false,false,false,false,false,false,false,false,false,false,false,-83.24323,42.38487,"{
  ""coordinates"": [
    -8.324322355541780e+01,
    4.238487263080680e+01
  ],
  ""type"": ""Point""
}","{
  ""coordinates"": [
    -83.243223555,
    42.384872631
  ],
  ""type"": ""Point""
}",-83.243223555,42.3848726310001
18675,1603953,I 75,NEVADA,2018-12-31,31,12,2018,22,2,5,1,,1,0,Asphalt,2,2,4,70,4,2,2,4,0,0,0,1,false,true,false,false,true,false,false,false,false,true,false,false,false,true,false,false,false,false,false,false,false,false,-83.09264,42.42419,"{
  ""coordinates"": [
    -8.309264547673730e+01,
    4.242419412677710e+01
  ],
  ""type"": ""Point""
}","{
  ""coordinates"": [
    -83.092645477,
    42.424194127
  ],
  ""type"": ""Point""
}",-83.092645477,42.4241941270001
18676,1581057,OUTER,STAHELIN,2018-12-31,31,12,2018,20,2,8,9,,2,0,Asphalt,2,4,4,30,2,2,1,5,0,0,0,0,true,false,false,false,true,false,false,false,false,false,false,false,false,false,false,false,false,false,false,false,false,false,-83.22759,42.41888,"{
  ""coordinates"": [
    -8.322759120284280e+01,
    4.241888296703270e+01
  ],
  ""type"": ""Point""
}","{
  ""coordinates"": [
    -83.227591203,
    42.418882967
  ],
  ""type"": ""Point""
}",-83.227591203,42.4188829670001
18677,1581809,I-75,7 MILE,2018-12-31,31,12,2018,10,2,1,1,,1,1,Asphalt,2,4,1,,4,1,1,5,0,0,0,0,true,false,false,false,false,false,false,false,false,true,false,false,false,false,false,false,false,false,false,false,false,false,-83.09462,42.43221,"{
  ""coordinates"": [
    -8.309462279310820e+01,
    4.243220822478730e+01
  ],
  ""type"": ""Point""
}","{
  ""coordinates"": [
    -83.094622793,
    42.432208225
  ],
  ""type"": ""Point""
}",-83.094622793,42.4322082250001
18678,1581811,M-10,MCNICHOLS,2018-12-31,31,12,2018,14,2,1,3,,1,1,Concrete,2,4,1,55,3,1,1,4,0,0,0,1,false,false,false,false,false,false,false,false,false,true,false,false,false,false,true,false,false,false,false,false,false,false,-83.17199,42.41656,"{
  ""coordinates"": [
    -8.317198700320191e+01,
    4.241656348758520e+01
  ],
  ""type"": ""Point""
}","{
  ""coordinates"": [
    -83.171987003,
    42.416563488
  ],
  ""type"": ""Point""
}",-83.171987003,42.4165634880001
18679,1581036,WARREN,FORRER,2018-12-31,31,12,2018,14,2,1,9,,2,1,Asphalt,2,4,1,35,4,1,1,5,0,0,0,0,true,false,false,false,false,false,false,false,false,false,false,true,false,false,false,false,false,false,false,false,false,false,-83.20029,42.34361,"{
  ""coordinates"": [
    -8.320029249415130e+01,
    4.234361380820990e+01
  ],
  ""type"": ""Point""
}","{
  ""coordinates"": [
    -83.200292494,
    42.343613808
  ],
  ""type"": ""Point""
}",-83.2002924939999,42.343613808
18680,1603951,N M 10,MILWAUKEE,2018-12-31,31,12,2018,9,2,1,3,,1,0,Concrete,2,2,1,55,3,1,1,5,0,0,0,0,true,false,false,false,false,false,false,false,false,false,false,false,false,true,false,false,false,false,false,false,false,false,-83.08076,42.36581,"{
  ""coordinates"": [
    -8.308076255365890e+01,
    4.236581066673430e+01
  ],
  ""type"": ""Point""
}","{
  ""coordinates"": [
    -83.080762554,
    42.365810667
  ],
  ""type"": ""Point""
}",-83.080762554,42.3658106670001
18681,1603952,DAVISON,I-96,2018-12-31,31,12,2018,14,2,1,3,,1,1,Concrete,2,4,1,35,3,1,1,4,0,0,0,1,false,false,false,false,false,false,false,false,false,true,false,false,false,false,true,false,false,false,false,false,false,false,-83.14427,42.38643,"{
  ""coordinates"": [
    -8.314426984779750e+01,
    4.238642974285080e+01
  ],
  ""type"": ""Point""
}","{
  ""coordinates"": [
    -83.144269848,
    42.386429743
  ],
  ""type"": ""Point""
}",-83.144269848,42.3864297430001
18682,1581031,MELLON,SCHAEFER,2018-12-31,31,12,2018,12,2,8,9,,4,0,Asphalt,2,4,1,25,2,2,1,5,0,0,0,0,true,false,false,false,true,false,false,false,false,false,false,false,false,false,false,true,false,false,false,false,false,false,-83.16677,42.28948,"{
  ""coordinates"": [
    -8.316677331923570e+01,
    4.228947900027840e+01
  ],
  ""type"": ""Point""
}","{
  ""coordinates"": [
    -83.166773319,
    42.289479
  ],
  ""type"": ""Point""
}",-83.166773319,42.289479
18683,1584408,MCNICHOLS,STANSBURY,2018-12-31,31,12,2018,21,2,1,9,,2,0,Asphalt,1,2,4,,4,1,1,5,0,0,0,0,true,false,false,false,false,false,false,false,false,false,false,false,false,false,false,false,false,false,false,false,false,false,-83.18302,42.41655,"{
  ""coordinates"": [
    -8.318302025215370e+01,
    4.241655279663300e+01
  ],
  ""type"": ""Point""
}","{
  ""coordinates"": [
    -83.183020252,
    42.416552797
  ],
  ""type"": ""Point""
}",-83.1830202519999,42.4165527970001
18684,1585990,PURITAN,GREENFIELD,2018-12-31,31,12,2018,15,2,4,9,,4,0,Asphalt,2,4,1,30,2,2,4,5,0,0,0,0,true,false,false,false,false,false,false,false,false,false,false,false,false,false,false,false,false,false,false,false,false,false,-83.19906,42.40875,"{
  ""coordinates"": [
    -8.319905695014880e+01,
    4.240875165735790e+01
  ],
  ""type"": ""Point""
}","{
  ""coordinates"": [
    -83.19905695,
    42.408751657
  ],
  ""type"": ""Point""
}",-83.1990569499999,42.408751657
18685,1591258,STANSBURY,VASSAR,2018-12-31,31,12,2018,1,2,5,9,,,0,,2,4,4,25,4,2,2,4,0,0,0,1,false,false,false,false,true,false,false,false,false,false,false,false,false,false,false,false,false,false,false,false,false,false,-83.1842,42.43452,"{
  ""coordinates"": [
    -8.318419544792600e+01,
    4.243452384202550e+01
  ],
  ""type"": ""Point""
}","{
  ""coordinates"": [
    -83.184195448,
    42.434523842
  ],
  ""type"": ""Point""
}",-83.184195448,42.434523842
18686,1585982,WOODWARD,SPROAT,2018-12-31,31,12,2018,17,2,8,3,,1,0,Asphalt,2,4,4,,3,2,1,5,0,0,0,0,true,false,false,false,true,false,false,false,false,false,false,false,false,false,false,false,false,false,false,false,false,false,-83.05438,42.34216,"{
  ""coordinates"": [
    -8.305438103105770e+01,
    4.234215816919350e+01
  ],
  ""type"": ""Point""
}","{
  ""coordinates"": [
    -83.054381031,
    42.342158169
  ],
  ""type"": ""Point""
}",-83.0543810309999,42.3421581690001
18687,1585950,I 96,WYOMING,2018-12-31,31,12,2018,8,2,1,1,,1,1,Asphalt,1,2,1,70,3,1,1,3,0,0,1,0,false,false,false,false,false,false,false,false,false,true,false,false,false,false,false,false,false,false,false,false,false,false,-83.15507,42.38515,"{
  ""coordinates"": [
    -8.315506363242790e+01,
    4.238515369695350e+01
  ],
  ""type"": ""Point""
}","{
  ""coordinates"": [
    -83.155063632,
    42.385153697
  ],
  ""type"": ""Point""
}",-83.155063632,42.3851536970001
18688,1581817,M-39,FITZPATRICK,2018-12-31,31,12,2018,21,2,5,3,,1,0,Asphalt,2,4,4,55,3,2,2,5,0,0,0,0,true,false,false,false,false,false,false,false,false,false,false,false,false,false,false,false,false,false,false,false,false,false,-83.21655,42.36405,"{
  ""coordinates"": [
    -8.321655228436200e+01,
    4.236404900759120e+01
  ],
  ""type"": ""Point""
}","{
  ""coordinates"": [
    -83.216552284,
    42.364049008
  ],
  ""type"": ""Point""
}",-83.216552284,42.3640490080001
18689,1585952,I 96,WYOMING,2018-12-31,31,12,2018,12,2,8,1,,1,0,Asphalt,2,4,1,70,3,2,2,5,0,0,0,0,true,false,false,false,false,false,false,false,false,false,false,false,false,false,false,false,false,false,false,false,false,false,-83.15316,42.38483,"{
  ""coordinates"": [
    -8.315315878724360e+01,
    4.238483567276610e+01
  ],
  ""type"": ""Point""
}","{
  ""coordinates"": [
    -83.153158787,
    42.384835673
  ],
  ""type"": ""Point""
}",-83.1531587869999,42.3848356730001
18690,1590468,I 75,NEVADA,2018-12-31,31,12,2018,21,2,5,1,,1,3,Asphalt,2,2,5,70,3,2,3,3,0,0,1,1,false,true,false,false,false,false,false,false,false,true,false,false,false,false,true,false,false,false,false,false,false,false,-83.09367,42.42566,"{
  ""coordinates"": [
    -8.309367196262600e+01,
    4.242565945248570e+01
  ],
  ""type"": ""Point""
}","{
  ""coordinates"": [
    -83.093671963,
    42.425659452
  ],
  ""type"": ""Point""
}",-83.093671963,42.425659452
18691,1591209,BAGLEY,CASS,2018-12-31,31,12,2018,23,2,5,9,,4,0,Asphalt,2,4,4,25,2,2,12,4,0,0,0,1,false,false,false,false,false,false,false,true,false,false,false,false,false,false,false,true,false,false,false,false,false,false,-83.0538,42.33356,"{
  ""coordinates"": [
    -8.305379969619300e+01,
    4.233355562910640e+01
  ],
  ""type"": ""Point""
}","{
  ""coordinates"": [
    -83.053799696,
    42.333555629
  ],
  ""type"": ""Point""
}",-83.0537996959999,42.333555629
18692,1584423,MCNICHOLS,HUBBELL,2018-12-31,31,12,2018,20,2,5,9,,2,0,Asphalt,2,4,4,30,2,2,2,5,0,0,0,0,true,false,false,false,false,false,false,false,false,false,false,false,false,false,false,false,false,false,false,false,false,false,-83.18963,42.41646,"{
  ""coordinates"": [
    -8.318962963073230e+01,
    4.241645660403640e+01
  ],
  ""type"": ""Point""
}","{
  ""coordinates"": [
    -83.189629631,
    42.416456604
  ],
  ""type"": ""Point""
}",-83.1896296309999,42.4164566040001
18693,1587265,I 96,CHICAGO,2018-12-31,31,12,2018,16,2,1,1,,1,1,Asphalt,2,4,3,70,4,1,1,5,0,0,0,0,true,false,false,false,false,false,false,false,false,true,false,false,false,false,false,false,false,false,false,false,false,false,-83.14218,42.36845,"{
  ""coordinates"": [
    -8.314217901103849e+01,
    4.236845421386960e+01
  ],
  ""type"": ""Point""
}","{
  ""coordinates"": [
    -83.142179011,
    42.368454214
  ],
  ""type"": ""Point""
}",-83.1421790109999,42.3684542140001
18694,1581822,HUBBELL,EATON,2018-12-31,31,12,2018,23,2,4,9,,4,0,Asphalt,2,4,4,35,2,3,3,4,0,0,0,1,false,false,true,false,true,false,false,false,false,false,false,false,false,false,false,false,false,false,false,false,false,false,-83.18871,42.39698,"{
  ""coordinates"": [
    -8.318871444984021e+01,
    4.239698052599610e+01
  ],
  ""type"": ""Point""
}","{
  ""coordinates"": [
    -83.18871445,
    42.396980526
  ],
  ""type"": ""Point""
}",-83.18871445,42.396980526
18695,1581040,RUSSELL,ERSKINE,2018-12-31,31,12,2018,11,2,97,9,,4,0,Asphalt,2,4,1,30,3,2,1,5,0,0,0,0,true,false,false,false,false,false,false,false,false,false,false,false,false,false,false,false,true,false,false,false,false,false,-83.04324,42.3504,"{
  ""coordinates"": [
    -8.304324094300490e+01,
    4.235040017857030e+01
  ],
  ""type"": ""Point""
}","{
  ""coordinates"": [
    -83.043240943,
    42.350400179
  ],
  ""type"": ""Point""
}",-83.0432409429999,42.3504001790001
18696,1616104,MCNICHOLS,BELAND,2018-12-31,31,12,2018,16,2,2,9,,4,2,Asphalt,2,4,1,,2,2,1,5,0,0,0,0,true,false,false,false,false,false,false,false,false,false,false,false,false,false,false,false,false,false,false,false,false,false,-83.00922,42.41982,"{
  ""coordinates"": [
    -8.300922236637700e+01,
    4.241981763947670e+01
  ],
  ""type"": ""Point""
}","{
  ""coordinates"": [
    -83.009222366,
    42.419817639
  ],
  ""type"": ""Point""
}",-83.009222366,42.419817639
18697,1581854,E I 96 SERVICE DRIVE,GRAND,2018-12-31,31,12,2018,20,2,4,9,,4,0,Asphalt,2,4,5,35,2,2,2,5,0,0,0,0,true,false,false,false,true,false,false,false,false,false,false,false,false,false,false,false,false,false,false,false,false,false,-83.11089,42.35534,"{
  ""coordinates"": [
    -8.311089496238159e+01,
    4.235534208156410e+01
  ],
  ""type"": ""Point""
}","{
  ""coordinates"": [
    -83.110894962,
    42.355342082
  ],
  ""type"": ""Point""
}",-83.110894962,42.355342082
18698,1585951,I 96,LIVERNOIS,2018-12-31,31,12,2018,12,2,1,1,,1,1,Asphalt,2,4,1,70,4,1,1,5,0,0,0,0,true,false,false,false,false,false,false,false,false,true,false,false,false,false,false,false,false,false,false,false,false,false,-83.14138,42.36835,"{
  ""coordinates"": [
    -8.314137811841189e+01,
    4.236834814245030e+01
  ],
  ""type"": ""Point""
}","{
  ""coordinates"": [
    -83.141378118,
    42.368348142
  ],
  ""type"": ""Point""
}",-83.141378118,42.3683481420001
18699,1587264,I 94,SCOTTEN,2018-12-31,31,12,2018,14,2,1,1,,1,1,Asphalt,2,4,1,55,3,1,2,4,0,0,0,1,false,false,false,false,false,false,false,false,false,true,false,false,false,false,false,false,false,false,false,false,false,false,-83.11128,42.3462,"{
  ""coordinates"": [
    -8.311128146474979e+01,
    4.234620155119400e+01
  ],
  ""type"": ""Point""
}","{
  ""coordinates"": [
    -83.111281465,
    42.346201551
  ],
  ""type"": ""Point""
}",-83.111281465,42.346201551
18700,1581825,WOODINGHAM,NORFOLK,2018-12-31,31,12,2018,23,2,97,9,,,0,,2,4,4,25,1,3,0,5,0,0,0,0,true,false,false,false,true,false,false,false,false,false,false,false,false,false,false,false,false,false,false,false,false,false,-83.15083,42.44316,"{
  ""coordinates"": [
    -8.315083222911301e+01,
    4.244316442731220e+01
  ],
  ""type"": ""Point""
}","{
  ""coordinates"": [
    -83.150832229,
    42.443164427
  ],
  ""type"": ""Point""
}",-83.1508322289999,42.4431644270001
18701,1587266,I 96,GRAND,2018-12-31,31,12,2018,17,2,8,1,,1,0,Asphalt,2,4,3,70,4,2,8,4,0,0,0,3,false,false,false,false,false,false,false,false,false,true,false,false,false,false,false,false,false,false,false,false,false,false,-83.11147,42.35618,"{
  ""coordinates"": [
    -8.311146639564440e+01,
    4.235617651823350e+01
  ],
  ""type"": ""Point""
}","{
  ""coordinates"": [
    -83.111466396,
    42.356176518
  ],
  ""type"": ""Point""
}",-83.111466396,42.356176518
18702,1581041,LARNED,RIVARD,2018-12-31,31,12,2018,17,2,4,9,,4,0,Asphalt,2,4,4,30,6,2,2,5,0,0,0,0,true,false,false,false,false,false,false,false,false,false,false,false,false,true,false,false,false,false,false,false,false,false,-83.03465,42.334,"{
  ""coordinates"": [
    -8.303464485390590e+01,
    4.233400091119860e+01
  ],
  ""type"": ""Point""
}","{
  ""coordinates"": [
    -83.034644854,
    42.334000911
  ],
  ""type"": ""Point""
}",-83.034644854,42.334000911
18703,1581011,I 94,MT ELLIOT,2018-12-31,31,12,2018,17,2,8,1,,1,0,Asphalt,2,4,4,55,3,2,2,5,0,0,0,0,true,false,false,false,false,false,false,false,false,false,false,false,false,false,false,false,false,false,false,false,false,false,-83.03297,42.37978,"{
  ""coordinates"": [
    -8.303296310073810e+01,
    4.237977973839870e+01
  ],
  ""type"": ""Point""
}","{
  ""coordinates"": [
    -83.032963101,
    42.379779738
  ],
  ""type"": ""Point""
}",-83.032963101,42.379779738
18704,1583359,7 MILE,PONTCHARTRAIN,2018-12-31,31,12,2018,17,2,5,9,,2,0,Asphalt,2,4,4,30,5,2,2,5,0,0,0,0,true,false,false,false,false,false,false,false,false,false,false,false,false,false,false,false,false,false,false,false,false,false,-83.12708,42.43195,"{
  ""coordinates"": [
    -8.312708581371830e+01,
    4.243195483627090e+01
  ],
  ""type"": ""Point""
}","{
  ""coordinates"": [
    -83.127085814,
    42.431954836
  ],
  ""type"": ""Point""
}",-83.1270858139999,42.431954836
18705,1581814,E I 96 SERVICE DRIVE,DAVISON,2018-12-31,31,12,2018,15,2,5,9,,4,3,Asphalt,2,4,1,70,3,2,1,4,0,0,0,1,false,false,false,false,false,false,false,false,false,true,false,false,false,false,false,false,false,false,false,false,false,false,-83.24207,42.38388,"{
  ""coordinates"": [
    -8.324207161941420e+01,
    4.238387629598110e+01
  ],
  ""type"": ""Point""
}","{
  ""coordinates"": [
    -83.242071619,
    42.383876296
  ],
  ""type"": ""Point""
}",-83.2420716189999,42.383876296
18706,1591193,W I 96 CD,GRAND RIVER,2018-12-31,31,12,2018,14,2,8,1,,1,0,Asphalt,2,5,1,55,4,2,3,4,0,0,0,1,false,false,false,false,false,false,false,false,false,true,false,false,false,false,false,false,false,false,false,false,false,false,-83.17675,42.38385,"{
  ""coordinates"": [
    -8.317675281091140e+01,
    4.238384546443930e+01
  ],
  ""type"": ""Point""
}","{
  ""coordinates"": [
    -83.176752811,
    42.383845464
  ],
  ""type"": ""Point""
}",-83.176752811,42.383845464
18707,1581813,E I 96 CD,CSX TRANSPORTATION,2018-12-31,31,12,2018,15,2,1,1,,1,0,Concrete,2,4,1,70,5,1,2,5,0,0,0,0,true,false,false,false,false,false,false,false,false,false,false,false,false,false,false,false,false,false,false,false,false,false,-83.18886,42.38002,"{
  ""coordinates"": [
    -8.318885718640600e+01,
    4.238002072909070e+01
  ],
  ""type"": ""Point""
}","{
  ""coordinates"": [
    -83.188857186,
    42.380020729
  ],
  ""type"": ""Point""
}",-83.188857186,42.3800207290001
18708,1606868,S/B M-10,MEYERS,2018-12-30,30,12,2018,1,1,97,3,,1,0,Concrete,4,5,4,55,3,2,4,4,0,0,0,1,false,false,false,false,false,false,false,false,false,true,false,false,false,false,false,false,false,false,false,false,false,false,-83.1688,42.413,"{
  ""coordinates"": [
    -8.316880337149000e+01,
    4.241300257092490e+01
  ],
  ""type"": ""Point""
}","{
  ""coordinates"": [
    -83.168803371,
    42.413002571
  ],
  ""type"": ""Point""
}",-83.168803371,42.413002571
18709,1580230,MARTIN LUTHER KING JR,TRUMBULL,2018-12-30,30,12,2018,12,1,5,3,,4,0,Concrete,3,1,1,30,2,2,3,5,0,0,0,0,true,false,false,false,false,false,false,false,false,false,false,false,false,true,false,false,false,false,false,false,false,false,-83.07289,42.34185,"{
  ""coordinates"": [
    -8.307289276740590e+01,
    4.234185100248180e+01
  ],
  ""type"": ""Point""
}","{
  ""coordinates"": [
    -83.072892767,
    42.341851002
  ],
  ""type"": ""Point""
}",-83.072892767,42.3418510020001
18710,1586065,WYOMING,CHIPPEWA,2018-12-30,30,12,2018,9,1,5,9,,4,0,Asphalt,3,5,1,30,2,2,2,4,0,0,0,1,false,false,false,false,false,false,false,false,false,false,false,false,false,false,false,false,false,false,false,false,false,false,-83.16132,42.4409,"{
  ""coordinates"": [
    -8.316131322683729e+01,
    4.244089482038960e+01
  ],
  ""type"": ""Point""
}","{
  ""coordinates"": [
    -83.161313227,
    42.44089482
  ],
  ""type"": ""Point""
}",-83.1613132269999,42.44089482
18711,1583346,RAMP 038D,S I 75,2018-12-30,30,12,2018,2,1,8,1,,1,0,Concrete,2,1,5,35,2,2,2,5,0,0,0,0,true,false,false,false,true,false,false,false,false,false,false,false,false,false,false,false,false,false,false,false,false,false,-83.06884,42.33446,"{
  ""coordinates"": [
    -8.306883650772831e+01,
    4.233446147981500e+01
  ],
  ""type"": ""Point""
}","{
  ""coordinates"": [
    -83.068836508,
    42.33446148
  ],
  ""type"": ""Point""
}",-83.0688365079999,42.3344614800001
18712,1603949,I-94,30 TH,2018-12-30,30,12,2018,1,1,1,1,,1,1,Asphalt,4,5,4,55,3,1,1,5,0,0,0,0,true,false,false,false,false,false,false,false,false,true,false,false,false,false,false,false,false,false,false,false,false,false,-83.11597,42.34257,"{
  ""coordinates"": [
    -8.311596579803960e+01,
    4.234256561932920e+01
  ],
  ""type"": ""Point""
}","{
  ""coordinates"": [
    -83.115965798,
    42.342565619
  ],
  ""type"": ""Point""
}",-83.115965798,42.342565619
18713,1603969,S M 10,CLAIRMOUNT,2018-12-30,30,12,2018,2,1,97,3,,1,0,Concrete,3,1,5,55,3,2,1,5,0,0,0,0,true,false,false,false,false,false,false,false,false,false,false,false,false,false,false,false,false,false,false,false,false,false,-83.09096,42.38033,"{
  ""coordinates"": [
    -8.309095686304831e+01,
    4.238032709209120e+01
  ],
  ""type"": ""Point""
}","{
  ""coordinates"": [
    -83.090956863,
    42.380327092
  ],
  ""type"": ""Point""
}",-83.090956863,42.3803270920001
18714,1586076,MCNICHOLS,SCHAEFER,2018-12-30,30,12,2018,18,1,2,9,,2,0,Asphalt,1,1,4,30,3,3,4,4,0,0,0,1,false,false,false,false,false,false,false,false,false,true,false,false,false,false,true,false,false,false,false,false,false,false,-83.17993,42.41659,"{
  ""coordinates"": [
    -8.317993046264090e+01,
    4.241658834667120e+01
  ],
  ""type"": ""Point""
}","{
  ""coordinates"": [
    -83.179930463,
    42.416588347
  ],
  ""type"": ""Point""
}",-83.1799304629999,42.4165883470001
18715,1581066,CONNER,WADE,2018-12-30,30,12,2018,23,1,4,9,,4,0,Asphalt,2,2,4,35,5,2,2,5,0,0,0,0,true,false,false,false,false,false,false,false,false,false,false,true,false,false,false,false,false,false,false,false,false,false,-82.99157,42.39941,"{
  ""coordinates"": [
    -8.299156870289440e+01,
    4.239941372624160e+01
  ],
  ""type"": ""Point""
}","{
  ""coordinates"": [
    -82.991568703,
    42.399413726
  ],
  ""type"": ""Point""
}",-82.991568703,42.399413726
18716,1581072,VAN DYKE,OUTER,2018-12-30,30,12,2018,19,1,97,3,,1,0,Asphalt,3,5,2,40,4,2,1,5,0,0,0,0,true,false,false,false,false,false,false,false,false,false,false,false,false,false,false,false,false,false,false,false,false,false,-83.0245,42.44123,"{
  ""coordinates"": [
    -8.302449680219530e+01,
    4.244123605650030e+01
  ],
  ""type"": ""Point""
}","{
  ""coordinates"": [
    -83.024496802,
    42.441236057
  ],
  ""type"": ""Point""
}",-83.024496802,42.441236057
18717,1603948,RAMP 018B,RAMP 018A,2018-12-30,30,12,2018,0,1,97,1,,1,0,Asphalt,2,5,4,55,1,3,2,5,0,0,0,0,true,false,false,false,true,false,false,false,false,true,false,false,false,false,false,false,false,false,false,false,false,false,-83.043,42.33868,"{
  ""coordinates"": [
    -8.304299836686150e+01,
    4.233867941321370e+01
  ],
  ""type"": ""Point""
}","{
  ""coordinates"": [
    -83.042998367,
    42.338679413
  ],
  ""type"": ""Point""
}",-83.0429983669999,42.3386794130001
18718,1581034,I 94 SERVICE,HARPER/S I 94 TURN,2018-12-30,30,12,2018,17,1,5,9,,4,0,Asphalt,1,1,4,25,3,2,1,5,0,0,0,0,true,false,false,false,true,false,false,false,false,false,false,false,false,false,false,false,false,false,false,false,false,false,-82.93262,42.41884,"{
  ""coordinates"": [
    -8.293261985763250e+01,
    4.241884097304480e+01
  ],
  ""type"": ""Point""
}","{
  ""coordinates"": [
    -82.932619858,
    42.418840973
  ],
  ""type"": ""Point""
}",-82.932619858,42.418840973