ObjectId,Crash ID,Primary Road,Intersecting Road,Crash Date,Day,Month,Year,Hour,Weekday,Crash Type Code,Highway Classification Code,Community Code,Jurisdiction Code,Lane Departure Type Code,Surface Type,Road Condition,Weather Condition,Lighting Condition,Speed Limit,Lanes,Units,Occupants,Most Severe Injury,Fatal Injuries,Suspected Serious Injuries,Suspected Minor Injuries,Possible Injuries,Property Damage Only,Secondary Crash,Traffic Control,Red Light Run,Hit and Run,Alcohol,Drugs,Unbelted Person,Work Zone,Speeding Driver,Distracted Driver,Driveway,Pedestrian,Elderly Driver,Young Driver,Commercial Vehicle,Emergency Vehicles,Train,School Bus,Motorcycle,Bicycle,Deer,Longitude,Latitude,geom,geog,x,y
18828,1583291,I 94,CADIEUX,2018-12-29,29,12,2018,5,7,1,1,,1,1,Asphalt,4,5,4,55,3,1,1,5,0,0,0,0,true,false,false,false,true,false,false,false,false,true,false,false,false,false,false,false,false,false,false,false,false,false,-82.93856,42.41632,"{
  ""coordinates"": [
    -8.293856016549950e+01,
    4.241632501484560e+01
  ],
  ""type"": ""Point""
}","{
  ""coordinates"": [
    -82.938560165,
    42.416325015
  ],
  ""type"": ""Point""
}",-82.938560165,42.416325015
18829,1583340,CHRYSLER,LAFAYETTE,2018-12-29,29,12,2018,19,7,8,1,,1,0,Asphalt,1,1,5,55,3,2,2,5,0,0,0,0,true,false,false,false,false,false,false,false,false,false,false,false,false,false,false,false,false,false,false,false,false,false,-83.03709,42.33437,"{
  ""coordinates"": [
    -8.303709465957709e+01,
    4.233436831939100e+01
  ],
  ""type"": ""Point""
}","{
  ""coordinates"": [
    -83.03709466,
    42.334368319
  ],
  ""type"": ""Point""
}",-83.03709466,42.3343683190001
18830,1603947,N M 10,RAMP 122I,2018-12-29,29,12,2018,23,7,1,3,,1,1,Asphalt,3,5,4,55,3,1,1,5,0,0,0,0,true,false,false,false,false,false,false,false,false,true,false,false,false,false,false,false,false,false,false,false,false,false,-83.06448,42.33578,"{
  ""coordinates"": [
    -8.306447743725570e+01,
    4.233578049783130e+01
  ],
  ""type"": ""Point""
}","{
  ""coordinates"": [
    -83.064477437,
    42.335780498
  ],
  ""type"": ""Point""
}",-83.0644774369999,42.3357804980001
18831,1579284,S I 75,RAMP 047D,2018-12-29,29,12,2018,20,7,8,1,,1,0,Asphalt,4,5,4,45,3,2,1,5,0,0,0,0,true,false,false,false,true,false,false,false,false,true,false,false,false,false,false,false,false,false,false,false,false,false,-83.08314,42.41277,"{
  ""coordinates"": [
    -8.308314126258929e+01,
    4.241276667415940e+01
  ],
  ""type"": ""Point""
}","{
  ""coordinates"": [
    -83.083141263,
    42.412766674
  ],
  ""type"": ""Point""
}",-83.083141263,42.4127666740001
18832,1603945,I-94,I-75,2018-12-29,29,12,2018,18,7,5,1,,1,0,Asphalt,1,1,4,55,3,2,2,4,0,0,0,1,false,false,false,false,true,false,false,false,false,false,false,false,false,false,false,false,false,false,false,false,false,false,-83.05968,42.36772,"{
  ""coordinates"": [
    -8.305968259640940e+01,
    4.236772105067610e+01
  ],
  ""type"": ""Point""
}","{
  ""coordinates"": [
    -83.059682596,
    42.367721051
  ],
  ""type"": ""Point""
}",-83.059682596,42.367721051
18833,1603960,I-75,SCHAEFER,2018-12-29,29,12,2018,23,7,5,1,,1,0,Concrete,4,1,4,55,3,2,1,5,0,0,0,0,true,true,false,false,true,false,false,false,false,true,true,false,false,false,false,false,false,false,false,false,false,false,-83.14139,42.286,"{
  ""coordinates"": [
    -8.314139109807350e+01,
    4.228599814024000e+01
  ],
  ""type"": ""Point""
}","{
  ""coordinates"": [
    -83.141391098,
    42.28599814
  ],
  ""type"": ""Point""
}",-83.141391098,42.2859981400001
18834,1580249,8 MILE,LAHSER,2018-12-29,29,12,2018,18,7,9,3,,1,0,Asphalt,1,1,4,45,4,2,3,5,0,0,0,0,true,false,false,false,false,false,false,false,false,false,false,false,false,false,true,false,false,false,false,false,false,false,-83.25867,42.44324,"{
  ""coordinates"": [
    -8.325866909433820e+01,
    4.244323949661210e+01
  ],
  ""type"": ""Point""
}","{
  ""coordinates"": [
    -83.258669094,
    42.443239497
  ],
  ""type"": ""Point""
}",-83.258669094,42.443239497
18835,1603946,I-75,MACK,2018-12-29,29,12,2018,19,7,5,1,,1,0,Concrete,1,1,4,55,4,2,2,5,0,0,0,0,true,false,false,false,false,false,false,false,false,false,false,false,false,false,true,false,false,false,false,false,false,false,-83.04777,42.35061,"{
  ""coordinates"": [
    -8.304776984112870e+01,
    4.235061159651140e+01
  ],
  ""type"": ""Point""
}","{
  ""coordinates"": [
    -83.047769841,
    42.350611597
  ],
  ""type"": ""Point""
}",-83.047769841,42.3506115970001
18836,1578091,DAVISON,DEXTER,2018-12-28,28,12,2018,1,6,3,3,,1,0,Asphalt,2,4,4,35,7,3,3,5,0,0,0,0,true,false,false,false,false,false,false,false,false,false,false,false,false,false,false,false,false,false,false,false,false,false,-83.13087,42.38974,"{
  ""coordinates"": [
    -8.313087251518870e+01,
    4.238974320806730e+01
  ],
  ""type"": ""Point""
}","{
  ""coordinates"": [
    -83.130872515,
    42.389743208
  ],
  ""type"": ""Point""
}",-83.130872515,42.389743208
18837,1583286,RAMP 216J,E I 94,2018-12-28,28,12,2018,8,6,1,1,,1,1,Concrete,2,4,1,35,1,1,1,5,0,0,0,0,true,false,false,false,false,false,false,false,false,true,false,false,false,false,false,false,false,false,false,false,false,false,-83.05689,42.36903,"{
  ""coordinates"": [
    -8.305689059751370e+01,
    4.236902720634800e+01
  ],
  ""type"": ""Point""
}","{
  ""coordinates"": [
    -83.056890598,
    42.369027206
  ],
  ""type"": ""Point""
}",-83.0568905979999,42.3690272060001
18838,1578074,ASHTON,DOVER,2018-12-28,28,12,2018,0,6,2,9,,,2,,2,4,4,,1,2,0,5,0,0,0,0,true,false,false,false,true,false,false,true,false,false,false,false,false,true,false,false,false,false,false,false,false,false,-83.21775,42.35965,"{
  ""coordinates"": [
    -8.321775335077260e+01,
    4.235965182810660e+01
  ],
  ""type"": ""Point""
}","{
  ""coordinates"": [
    -83.217753351,
    42.359651828
  ],
  ""type"": ""Point""
}",-83.2177533509999,42.359651828
18839,1583285,I-94,OUTER,2018-12-28,28,12,2018,6,6,8,1,,1,0,Asphalt,2,4,4,55,3,2,2,2,0,1,0,0,false,false,false,false,false,false,false,false,false,false,false,false,false,false,false,false,false,false,false,false,false,false,-82.95824,42.40569,"{
  ""coordinates"": [
    -8.295824750512000e+01,
    4.240568633426210e+01
  ],
  ""type"": ""Point""
}","{
  ""coordinates"": [
    -82.958247505,
    42.405686334
  ],
  ""type"": ""Point""
}",-82.958247505,42.4056863340001
18840,1579246,LONYO,JOHN KRONK,2018-12-28,28,12,2018,23,6,5,9,,4,0,Asphalt,1,1,4,30,2,2,4,5,0,0,0,0,true,false,false,false,false,false,false,false,false,false,true,false,false,false,true,false,false,false,false,false,false,false,-83.13676,42.31984,"{
  ""coordinates"": [
    -8.313675508738800e+01,
    4.231983477762880e+01
  ],
  ""type"": ""Point""
}","{
  ""coordinates"": [
    -83.136755087,
    42.319834778
  ],
  ""type"": ""Point""
}",-83.136755087,42.319834778
18841,1659464,ROSA PARKS,BAGLEY,2018-12-28,28,12,2018,18,6,5,9,,4,0,Asphalt,1,1,4,,2,2,2,5,0,0,0,0,true,false,false,false,false,false,false,false,false,false,false,false,false,false,false,false,false,false,false,false,false,false,-83.06979,42.3279,"{
  ""coordinates"": [
    -8.306979644886491e+01,
    4.232789466695090e+01
  ],
  ""type"": ""Point""
}","{
  ""coordinates"": [
    -83.069796449,
    42.327894667
  ],
  ""type"": ""Point""
}",-83.069796449,42.3278946670001
18842,1579291,PURITAN,LIVERNOIS,2018-12-28,28,12,2018,7,6,8,9,,4,0,Asphalt,2,1,1,30,2,2,1,5,0,0,0,0,true,false,false,false,true,false,false,false,false,false,false,false,false,false,false,false,false,false,false,false,false,false,-83.14043,42.4099,"{
  ""coordinates"": [
    -8.314043289474550e+01,
    4.240990599340020e+01
  ],
  ""type"": ""Point""
}","{
  ""coordinates"": [
    -83.140432895,
    42.409905993
  ],
  ""type"": ""Point""
}",-83.1404328949999,42.4099059930001
18843,1579276,MOUNT ELLIOTT,7 MILE,2018-12-28,28,12,2018,11,6,8,9,,4,0,Asphalt,2,2,1,35,2,2,1,5,0,0,0,0,true,false,false,false,true,false,false,false,false,false,false,false,false,false,false,false,false,false,false,false,false,false,-83.03896,42.43396,"{
  ""coordinates"": [
    -8.303895794901510e+01,
    4.243395891061290e+01
  ],
  ""type"": ""Point""
}","{
  ""coordinates"": [
    -83.038957949,
    42.433958911
  ],
  ""type"": ""Point""
}",-83.038957949,42.433958911
18844,1583290,I-94,I-96,2018-12-28,28,12,2018,19,6,8,1,,1,0,Asphalt,1,2,4,55,3,3,2,5,0,0,0,0,true,false,false,false,true,false,false,false,false,false,false,false,false,true,false,false,false,false,false,false,false,false,-83.09797,42.35046,"{
  ""coordinates"": [
    -8.309796911247210e+01,
    4.235045800347810e+01
  ],
  ""type"": ""Point""
}","{
  ""coordinates"": [
    -83.097969112,
    42.350458003
  ],
  ""type"": ""Point""
}",-83.097969112,42.350458003
18845,1579236,GREENFIELD,FENKELL,2018-12-28,28,12,2018,12,6,4,9,,2,0,Asphalt,1,2,1,35,4,2,1,5,0,0,0,0,true,false,false,false,true,false,false,false,false,false,false,false,false,false,false,false,false,false,false,false,false,false,-83.19871,42.40171,"{
  ""coordinates"": [
    -8.319870527616330e+01,
    4.240171158117320e+01
  ],
  ""type"": ""Point""
}","{
  ""coordinates"": [
    -83.198705276,
    42.401711581
  ],
  ""type"": ""Point""
}",-83.1987052759999,42.401711581
18846,1580239,E I 96,GREENFIELD,2018-12-28,28,12,2018,6,6,4,1,,1,0,Concrete,2,4,4,,2,2,1,5,0,0,0,0,true,false,false,false,true,false,false,false,false,false,false,false,false,false,false,false,false,false,false,false,false,false,-83.19859,42.37906,"{
  ""coordinates"": [
    -8.319858420432941e+01,
    4.237906031692870e+01
  ],
  ""type"": ""Point""
}","{
  ""coordinates"": [
    -83.198584204,
    42.379060317
  ],
  ""type"": ""Point""
}",-83.198584204,42.379060317
18847,1583288,I-94,VAN DYKE,2018-12-28,28,12,2018,15,6,5,1,,1,0,Asphalt,1,2,1,55,3,2,2,5,0,0,0,0,true,false,false,false,false,false,false,false,false,false,false,false,false,false,true,false,false,false,false,false,false,false,-83.02191,42.38564,"{
  ""coordinates"": [
    -8.302191334631669e+01,
    4.238564326926340e+01
  ],
  ""type"": ""Point""
}","{
  ""coordinates"": [
    -83.021913346,
    42.385643269
  ],
  ""type"": ""Point""
}",-83.021913346,42.3856432690001
18848,1579272,LIVERNOIS,FENKELL,2018-12-28,28,12,2018,13,6,5,9,,4,0,Asphalt,2,1,1,,2,2,2,5,0,0,0,0,true,false,false,false,false,false,false,false,false,false,false,false,false,false,true,false,false,false,false,false,false,false,-83.14013,42.40287,"{
  ""coordinates"": [
    -8.314013160897450e+01,
    4.240286550363110e+01
  ],
  ""type"": ""Point""
}","{
  ""coordinates"": [
    -83.140131609,
    42.402865504
  ],
  ""type"": ""Point""
}",-83.140131609,42.402865504
18849,1579267,KELLY,MOROSS,2018-12-28,28,12,2018,14,6,4,9,,2,0,Asphalt,1,1,1,30,4,2,3,5,0,0,0,0,true,false,false,false,false,false,false,false,false,false,false,false,false,false,false,false,false,false,false,false,false,false,-82.95296,42.43466,"{
  ""coordinates"": [
    -8.295295967067641e+01,
    4.243465652691080e+01
  ],
  ""type"": ""Point""
}","{
  ""coordinates"": [
    -82.952959671,
    42.434656527
  ],
  ""type"": ""Point""
}",-82.952959671,42.4346565270001
18850,1579274,DAVISON,14TH,2018-12-28,28,12,2018,8,6,5,3,,1,0,Asphalt,2,4,1,35,6,2,2,5,0,0,0,0,true,false,false,false,false,false,false,false,false,false,false,true,false,false,false,false,false,false,false,false,false,false,-83.11555,42.39542,"{
  ""coordinates"": [
    -8.311554909536760e+01,
    4.239542165227120e+01
  ],
  ""type"": ""Point""
}","{
  ""coordinates"": [
    -83.115549095,
    42.395421652
  ],
  ""type"": ""Point""
}",-83.1155490949999,42.395421652
18851,1579226,I 94,CONNER,2018-12-28,28,12,2018,19,6,5,1,,1,0,Asphalt,1,1,4,55,3,2,1,4,0,0,0,1,false,false,false,false,true,false,false,false,false,false,false,false,false,false,false,false,false,false,false,false,false,false,-82.98724,42.39703,"{
  ""coordinates"": [
    -8.298723307689050e+01,
    4.239702623644430e+01
  ],
  ""type"": ""Point""
}","{
  ""coordinates"": [
    -82.987233077,
    42.397026236
  ],
  ""type"": ""Point""
}",-82.987233077,42.397026236
18852,1579287,CHEYENNE,MCNICHOLS,2018-12-28,28,12,2018,10,6,4,9,,,0,,1,2,1,35,2,2,4,5,0,0,0,0,true,false,false,false,false,false,false,false,false,false,true,false,false,true,false,false,false,false,false,false,false,false,-83.17548,42.41662,"{
  ""coordinates"": [
    -8.317548033668299e+01,
    4.241661958734910e+01
  ],
  ""type"": ""Point""
}","{
  ""coordinates"": [
    -83.175480337,
    42.416619587
  ],
  ""type"": ""Point""
}",-83.175480337,42.4166195870001
18853,1579223,E I 96,S M 39,2018-12-28,28,12,2018,6,6,1,1,,1,1,Concrete,2,4,4,55,4,1,1,5,0,0,0,0,true,false,false,false,false,false,false,false,false,false,false,false,false,false,false,false,false,false,false,false,false,false,-83.21716,42.37864,"{
  ""coordinates"": [
    -8.321715784711910e+01,
    4.237864032726150e+01
  ],
  ""type"": ""Point""
}","{
  ""coordinates"": [
    -83.217157847,
    42.378640327
  ],
  ""type"": ""Point""
}",-83.217157847,42.378640327
18854,1583357,WYOMING,8 MILE,2018-12-28,28,12,2018,21,6,4,3,,4,0,Asphalt,1,1,4,30,5,2,1,5,0,0,0,0,true,false,false,false,false,false,false,false,false,false,false,true,false,false,false,false,false,false,false,false,false,false,-83.16149,42.44537,"{
  ""coordinates"": [
    -8.316149400258730e+01,
    4.244537083547240e+01
  ],
  ""type"": ""Point""
}","{
  ""coordinates"": [
    -83.161494003,
    42.445370835
  ],
  ""type"": ""Point""
}",-83.161494003,42.4453708350001
18855,1579253,CHALMERS,WARREN,2018-12-28,28,12,2018,5,6,5,9,,4,0,Asphalt,2,4,4,30,3,2,1,5,0,0,0,0,true,false,false,false,false,true,false,false,false,true,false,false,false,false,false,false,false,false,false,false,false,false,-82.95917,42.39594,"{
  ""coordinates"": [
    -8.295916707467561e+01,
    4.239593374216270e+01
  ],
  ""type"": ""Point""
}","{
  ""coordinates"": [
    -82.959167075,
    42.395933742
  ],
  ""type"": ""Point""
}",-82.959167075,42.3959337420001
18856,1578055,PETERS,ANNABELLE,2018-12-28,28,12,2018,1,6,3,9,,,0,,2,4,4,25,2,2,3,4,0,0,0,1,false,false,false,false,true,false,false,false,false,false,false,false,false,false,false,false,false,false,false,false,false,false,-83.16196,42.26114,"{
  ""coordinates"": [
    -8.316196174147400e+01,
    4.226113988391730e+01
  ],
  ""type"": ""Point""
}","{
  ""coordinates"": [
    -83.161961741,
    42.261139884
  ],
  ""type"": ""Point""
}",-83.161961741,42.261139884
18857,1580259,FREDRO,CONANT,2018-12-28,28,12,2018,20,6,98,9,,,0,,98,1,4,,1,2,4,5,0,0,0,0,true,false,false,false,false,false,false,false,false,false,false,false,false,false,false,false,false,false,false,false,false,false,-83.05712,42.40932,"{
  ""coordinates"": [
    -8.305712267180260e+01,
    4.240932358853260e+01
  ],
  ""type"": ""Point""
}","{
  ""coordinates"": [
    -83.057122672,
    42.409323589
  ],
  ""type"": ""Point""
}",-83.0571226719999,42.4093235890001
18858,1579220,W I 96 CD,W M 8,2018-12-28,28,12,2018,2,6,1,1,,1,1,Asphalt,2,1,4,35,3,1,1,5,0,0,0,0,true,false,false,false,false,false,false,false,false,true,false,false,false,false,true,false,false,false,false,false,false,false,-83.15111,42.38482,"{
  ""coordinates"": [
    -8.315111027009650e+01,
    4.238481351958180e+01
  ],
  ""type"": ""Point""
}","{
  ""coordinates"": [
    -83.15111027,
    42.38481352
  ],
  ""type"": ""Point""
}",-83.1511102699999,42.3848135200001
18859,1579241,N I 75 SERVICE DRIVE,3RD,2018-12-28,28,12,2018,6,6,8,1,,1,0,Concrete,2,4,4,55,3,2,3,5,0,0,0,0,true,false,false,false,false,false,false,false,false,false,false,false,false,false,false,false,false,false,false,false,false,false,-83.05991,42.33596,"{
  ""coordinates"": [
    -8.305990848870741e+01,
    4.233595683750620e+01
  ],
  ""type"": ""Point""
}","{
  ""coordinates"": [
    -83.059908489,
    42.335956838
  ],
  ""type"": ""Point""
}",-83.059908489,42.3359568380001
18860,1579277,DAVISON,BLOOM,2018-12-28,28,12,2018,16,6,5,9,,4,0,Asphalt,1,1,1,35,4,2,3,4,0,0,0,1,false,false,false,false,false,false,false,false,false,false,false,false,false,false,false,false,false,false,false,false,false,false,-83.04869,42.42039,"{
  ""coordinates"": [
    -8.304868853593690e+01,
    4.242039620029990e+01
  ],
  ""type"": ""Point""
}","{
  ""coordinates"": [
    -83.048688536,
    42.4203962
  ],
  ""type"": ""Point""
}",-83.048688536,42.4203962
18861,1579240,I 75 SERVICE,WOODWARD,2018-12-28,28,12,2018,11,6,4,3,,4,0,Asphalt,2,2,1,35,5,2,2,5,0,0,0,0,true,false,true,true,false,false,false,false,false,false,false,false,false,false,false,false,false,false,false,false,false,false,-83.05303,42.34015,"{
  ""coordinates"": [
    -8.305303007925490e+01,
    4.234015091107490e+01
  ],
  ""type"": ""Point""
}","{
  ""coordinates"": [
    -83.053030079,
    42.340150911
  ],
  ""type"": ""Point""
}",-83.0530300789999,42.3401509110001
18862,1579273,LIVERNOIS,OAKMAN,2018-12-28,28,12,2018,14,6,5,9,,4,0,Asphalt,2,1,1,30,2,3,4,5,0,0,0,0,true,false,false,false,false,false,false,false,false,false,false,true,false,false,false,false,false,false,false,false,false,false,-83.1396,42.39086,"{
  ""coordinates"": [
    -8.313960468695340e+01,
    4.239086000405580e+01
  ],
  ""type"": ""Point""
}","{
  ""coordinates"": [
    -83.139604687,
    42.390860004
  ],
  ""type"": ""Point""
}",-83.139604687,42.390860004
18863,1579229,W/B I 94,MOROSS,2018-12-28,28,12,2018,6,6,5,1,,1,0,Asphalt,2,2,4,55,3,2,2,5,0,0,0,0,true,true,false,false,false,false,false,false,false,false,false,false,false,false,false,false,false,false,false,false,false,false,-82.92989,42.42321,"{
  ""coordinates"": [
    -8.292988366090979e+01,
    4.242321099970370e+01
  ],
  ""type"": ""Point""
}","{
  ""coordinates"": [
    -82.929883661,
    42.423211
  ],
  ""type"": ""Point""
}",-82.929883661,42.423211
18864,1579278,OUTER,SHERWOOD,2018-12-28,28,12,2018,17,6,4,9,,2,0,Asphalt,1,1,5,35,2,2,1,5,0,0,0,0,true,false,true,true,true,false,false,false,false,false,false,false,false,true,false,false,false,false,false,false,false,false,-83.03429,42.44094,"{
  ""coordinates"": [
    -8.303429109229960e+01,
    4.244093581012190e+01
  ],
  ""type"": ""Point""
}","{
  ""coordinates"": [
    -83.034291092,
    42.44093581
  ],
  ""type"": ""Point""
}",-83.034291092,42.44093581
18865,1579237,MCNICHOLS,HUBBELL,2018-12-28,28,12,2018,17,6,4,9,,2,0,Asphalt,1,2,5,30,4,2,5,4,0,0,0,1,false,false,false,false,false,false,false,false,false,false,false,false,false,true,false,false,false,false,false,false,false,false,-83.18955,42.41646,"{
  ""coordinates"": [
    -8.318955500818090e+01,
    4.241645917406950e+01
  ],
  ""type"": ""Point""
}","{
  ""coordinates"": [
    -83.189555008,
    42.416459174
  ],
  ""type"": ""Point""
}",-83.189555008,42.4164591740001
18866,1579279,MARX,7 MILE,2018-12-28,28,12,2018,22,6,4,9,,,0,,2,2,4,25,1,2,0,5,0,0,0,0,true,false,false,false,true,false,false,false,false,false,false,false,false,false,false,false,false,false,false,false,false,false,-83.08409,42.43259,"{
  ""coordinates"": [
    -8.308409155934071e+01,
    4.243258551867730e+01
  ],
  ""type"": ""Point""
}","{
  ""coordinates"": [
    -83.084091559,
    42.432585519
  ],
  ""type"": ""Point""
}",-83.0840915589999,42.432585519
18867,1583289,I-94,GRAND RIVER,2018-12-28,28,12,2018,18,6,5,1,,1,0,Asphalt,1,2,4,55,3,2,2,5,0,0,0,0,true,false,false,false,false,false,false,false,false,false,false,false,false,true,true,false,false,false,false,false,false,false,-83.09419,42.35165,"{
  ""coordinates"": [
    -8.309419597678971e+01,
    4.235165292691340e+01
  ],
  ""type"": ""Point""
}","{
  ""coordinates"": [
    -83.094195977,
    42.351652927
  ],
  ""type"": ""Point""
}",-83.094195977,42.351652927
18868,1578093,VAN DYKE,NEVADA,2018-12-28,28,12,2018,7,6,8,3,,1,0,Asphalt,2,2,1,35,5,2,2,5,0,0,0,0,true,false,false,false,false,false,false,false,false,false,false,false,false,false,true,true,false,false,false,false,false,false,-83.02399,42.42686,"{
  ""coordinates"": [
    -8.302398883371350e+01,
    4.242686507615970e+01
  ],
  ""type"": ""Point""
}","{
  ""coordinates"": [
    -83.023988834,
    42.426865076
  ],
  ""type"": ""Point""
}",-83.023988834,42.4268650760001
18869,1581051,BURGESS,VASSAR,2018-12-28,28,12,2018,22,6,2,9,,,2,,1,1,4,25,2,2,0,5,0,0,0,0,true,false,false,false,true,false,false,false,false,false,false,false,false,false,false,false,false,false,false,false,false,false,-83.25601,42.43285,"{
  ""coordinates"": [
    -8.325601094687150e+01,
    4.243285078710060e+01
  ],
  ""type"": ""Point""
}","{
  ""coordinates"": [
    -83.256010947,
    42.432850787
  ],
  ""type"": ""Point""
}",-83.2560109469999,42.4328507870001
18870,1586062,GROVE,SCHAEFER,2018-12-28,28,12,2018,18,6,9,9,,,2,,2,4,4,25,2,2,2,5,0,0,0,0,true,false,true,false,true,false,false,false,false,false,false,false,false,false,false,false,false,false,false,false,false,false,-83.17963,42.41396,"{
  ""coordinates"": [
    -8.317962772792130e+01,
    4.241396430940220e+01
  ],
  ""type"": ""Point""
}","{
  ""coordinates"": [
    -83.179627728,
    42.413964309
  ],
  ""type"": ""Point""
}",-83.179627728,42.4139643090001
18871,1580248,ASHTON,TROJAN,2018-12-28,28,12,2018,22,6,5,9,,,3,,1,1,5,25,2,2,0,5,0,0,0,0,true,false,false,false,true,false,false,false,false,false,false,false,false,false,false,false,false,false,false,false,false,false,-83.22119,42.44103,"{
  ""coordinates"": [
    -8.322118973602051e+01,
    4.244102891568290e+01
  ],
  ""type"": ""Point""
}","{
  ""coordinates"": [
    -83.221189736,
    42.441028916
  ],
  ""type"": ""Point""
}",-83.221189736,42.4410289160001
18872,1579268,GRATIOT,EASTBURN,2018-12-28,28,12,2018,17,6,4,3,,1,0,Asphalt,1,2,3,35,7,2,7,4,0,0,0,1,false,false,false,false,false,false,false,false,false,false,false,true,false,false,false,true,false,false,false,false,false,false,-82.97091,42.44537,"{
  ""coordinates"": [
    -8.297090875145760e+01,
    4.244537365269580e+01
  ],
  ""type"": ""Point""
}","{
  ""coordinates"": [
    -82.970908751,
    42.445373653
  ],
  ""type"": ""Point""
}",-82.970908751,42.445373653
18873,1579221,W I 96,GRAND RIVER,2018-12-28,28,12,2018,3,6,1,1,,1,1,Concrete,2,2,4,70,4,1,1,5,0,0,0,0,true,false,false,false,false,false,false,false,false,true,false,false,false,false,true,false,false,false,false,false,false,false,-83.17615,42.3838,"{
  ""coordinates"": [
    -8.317614702474140e+01,
    4.238380436651520e+01
  ],
  ""type"": ""Point""
}","{
  ""coordinates"": [
    -83.176147025,
    42.383804367
  ],
  ""type"": ""Point""
}",-83.176147025,42.383804367
18874,1587297,GRATIOT,SARATOGA,2018-12-28,28,12,2018,16,6,8,3,,1,0,Asphalt,1,1,1,35,6,2,4,5,0,0,0,0,true,false,false,false,false,false,false,false,false,false,false,false,false,true,false,false,false,false,false,false,false,false,-82.97946,42.4324,"{
  ""coordinates"": [
    -8.297945850800380e+01,
    4.243240360170610e+01
  ],
  ""type"": ""Point""
}","{
  ""coordinates"": [
    -82.979458508,
    42.432403602
  ],
  ""type"": ""Point""
}",-82.9794585079999,42.4324036020001
18875,1586000,WARREN,FRANKFORT,2018-12-28,28,12,2018,21,6,4,9,,4,3,Asphalt,1,1,5,25,1,2,1,5,0,0,0,0,true,false,false,false,true,false,false,true,false,false,false,false,false,false,false,false,false,false,false,false,false,false,-82.91322,42.41217,"{
  ""coordinates"": [
    -8.291321343305600e+01,
    4.241217138422680e+01
  ],
  ""type"": ""Point""
}","{
  ""coordinates"": [
    -82.913213433,
    42.412171384
  ],
  ""type"": ""Point""
}",-82.913213433,42.412171384
18876,1588568,HAYES,EASTBURN,2018-12-28,28,12,2018,0,6,4,9,,4,0,Asphalt,2,4,4,35,4,2,4,5,0,0,0,0,true,false,false,false,false,false,false,false,false,false,false,false,false,false,true,false,false,false,false,false,false,false,-82.96589,42.44544,"{
  ""coordinates"": [
    -8.296588777561560e+01,
    4.244544284976700e+01
  ],
  ""type"": ""Point""
}","{
  ""coordinates"": [
    -82.965887776,
    42.44544285
  ],
  ""type"": ""Point""
}",-82.965887776,42.4454428500001
18877,1579263,BURT,PEMBROKE,2018-12-28,28,12,2018,23,6,4,9,,4,0,Asphalt,1,1,4,25,2,2,1,5,0,0,0,0,true,false,false,false,true,false,false,false,false,false,false,false,false,false,false,false,false,false,false,false,false,false,-83.24889,42.43657,"{
  ""coordinates"": [
    -8.324888731654190e+01,
    4.243657167934750e+01
  ],
  ""type"": ""Point""
}","{
  ""coordinates"": [
    -83.248887317,
    42.436571679
  ],
  ""type"": ""Point""
}",-83.248887317,42.4365716790001
18878,1580227,GRAND RIVER,FISHER,2018-12-28,28,12,2018,0,6,98,3,,1,0,Concrete,2,4,4,30,4,2,1,5,0,0,0,0,true,false,true,true,true,false,false,false,false,false,false,false,false,false,false,false,false,false,false,false,false,false,-83.05994,42.33681,"{
  ""coordinates"": [
    -8.305993645800950e+01,
    4.233681155914190e+01
  ],
  ""type"": ""Point""
}","{
  ""coordinates"": [
    -83.059936458,
    42.336811559
  ],
  ""type"": ""Point""
}",-83.059936458,42.3368115590001
18879,1588584,7 MILE,LAUDER,2018-12-28,28,12,2018,9,6,4,9,,2,0,Asphalt,2,4,1,40,4,2,2,5,0,0,0,0,true,false,false,false,false,false,false,false,false,false,false,false,false,false,false,false,false,false,false,false,false,false,-83.19209,42.43065,"{
  ""coordinates"": [
    -8.319209246066040e+01,
    4.243065325770630e+01
  ],
  ""type"": ""Point""
}","{
  ""coordinates"": [
    -83.192092461,
    42.430653258
  ],
  ""type"": ""Point""
}",-83.192092461,42.4306532580001
18880,1579243,LIVERNOIS,MORTON,2018-12-28,28,12,2018,12,6,4,9,,4,0,Asphalt,1,1,1,35,1,2,2,4,0,0,0,1,false,false,false,false,true,false,false,false,false,true,false,false,false,false,false,false,false,false,false,false,false,false,-83.12184,42.33318,"{
  ""coordinates"": [
    -8.312184467497040e+01,
    4.233317959484530e+01
  ],
  ""type"": ""Point""
}","{
  ""coordinates"": [
    -83.121844675,
    42.333179595
  ],
  ""type"": ""Point""
}",-83.121844675,42.333179595
18881,1579264,ASHTON,TROJAN,2018-12-28,28,12,2018,22,6,98,9,,,0,,1,1,4,25,2,2,0,5,0,0,0,0,true,false,false,false,true,false,false,false,false,false,false,false,false,false,false,false,false,false,false,false,false,false,-83.22118,42.44084,"{
  ""coordinates"": [
    -8.322118327773440e+01,
    4.244084057269010e+01
  ],
  ""type"": ""Point""
}","{
  ""coordinates"": [
    -83.221183278,
    42.440840573
  ],
  ""type"": ""Point""
}",-83.221183278,42.4408405730001