ObjectId,Crash ID,Primary Road,Intersecting Road,Crash Date,Day,Month,Year,Hour,Weekday,Crash Type Code,Highway Classification Code,Community Code,Jurisdiction Code,Lane Departure Type Code,Surface Type,Road Condition,Weather Condition,Lighting Condition,Speed Limit,Lanes,Units,Occupants,Most Severe Injury,Fatal Injuries,Suspected Serious Injuries,Suspected Minor Injuries,Possible Injuries,Property Damage Only,Secondary Crash,Traffic Control,Red Light Run,Hit and Run,Alcohol,Drugs,Unbelted Person,Work Zone,Speeding Driver,Distracted Driver,Driveway,Pedestrian,Elderly Driver,Young Driver,Commercial Vehicle,Emergency Vehicles,Train,School Bus,Motorcycle,Bicycle,Deer,Longitude,Latitude,geom,geog,x,y
18882,1579250,GRAND RIVER,3RD,2018-12-28,28,12,2018,1,6,4,3,,1,0,Concrete,1,1,2,30,3,2,5,5,0,0,0,0,true,false,true,true,false,false,false,false,false,false,false,false,false,false,false,false,false,false,false,false,false,false,-83.06091,42.33721,"{
  ""coordinates"": [
    -8.306091097611180e+01,
    4.233720689015010e+01
  ],
  ""type"": ""Point""
}","{
  ""coordinates"": [
    -83.060910976,
    42.33720689
  ],
  ""type"": ""Point""
}",-83.0609109759999,42.3372068900001
18883,1603941,S I 375,JEFFERSON,2018-12-28,28,12,2018,9,6,1,1,,1,1,Asphalt,2,2,1,55,2,1,1,5,0,0,0,0,true,false,false,false,false,false,false,false,false,true,false,false,false,false,false,false,false,false,false,false,false,false,-83.03893,42.33121,"{
  ""coordinates"": [
    -8.303892511806860e+01,
    4.233121214495840e+01
  ],
  ""type"": ""Point""
}","{
  ""coordinates"": [
    -83.038925118,
    42.331212145
  ],
  ""type"": ""Point""
}",-83.038925118,42.3312121450001
18884,1603942,W I 96 CD,EVERGREEN,2018-12-28,28,12,2018,11,6,8,1,,1,0,Concrete,1,2,1,70,3,2,2,5,0,0,0,0,true,false,false,false,false,false,false,false,false,false,false,false,false,true,false,false,false,false,false,false,false,false,-83.23638,42.38048,"{
  ""coordinates"": [
    -8.323638058996229e+01,
    4.238048254352190e+01
  ],
  ""type"": ""Point""
}","{
  ""coordinates"": [
    -83.23638059,
    42.380482544
  ],
  ""type"": ""Point""
}",-83.23638059,42.3804825440001
18885,1604066,TELEGRAPH,MCNICHOLS,2018-12-28,28,12,2018,12,6,4,2,,1,0,Asphalt,2,4,1,45,4,2,2,4,0,0,0,2,false,false,true,true,false,false,false,false,false,false,false,false,false,false,false,false,false,false,false,false,false,false,-83.27696,42.4145,"{
  ""coordinates"": [
    -8.327696565991720e+01,
    4.241450122776080e+01
  ],
  ""type"": ""Point""
}","{
  ""coordinates"": [
    -83.27696566,
    42.414501228
  ],
  ""type"": ""Point""
}",-83.27696566,42.4145012280001
18886,1579230,E/B I 94,CHENE,2018-12-28,28,12,2018,12,6,1,1,,1,0,Concrete,2,2,1,55,3,1,1,5,0,0,0,0,true,false,false,false,false,false,false,false,false,false,false,false,false,false,false,false,false,false,false,false,false,false,-83.04461,42.37494,"{
  ""coordinates"": [
    -8.304461161237430e+01,
    4.237493999540280e+01
  ],
  ""type"": ""Point""
}","{
  ""coordinates"": [
    -83.044611612,
    42.374939995
  ],
  ""type"": ""Point""
}",-83.044611612,42.374939995
18887,1579262,OUTER,GROVE,2018-12-28,28,12,2018,11,6,4,9,,2,0,Asphalt,2,4,1,35,3,2,2,5,0,0,0,0,true,false,false,false,false,false,false,false,false,false,false,false,false,false,true,false,false,false,false,false,false,false,-83.23192,42.41347,"{
  ""coordinates"": [
    -8.323192165630719e+01,
    4.241347072583240e+01
  ],
  ""type"": ""Point""
}","{
  ""coordinates"": [
    -83.231921656,
    42.413470726
  ],
  ""type"": ""Point""
}",-83.2319216559999,42.4134707260001
18888,1580238,ASHTON,DOVER,2018-12-28,28,12,2018,0,6,2,9,,,2,,2,4,2,25,1,2,0,5,0,0,0,0,true,false,false,false,true,false,false,true,false,false,false,false,false,true,false,false,false,false,false,false,false,false,-83.21775,42.35957,"{
  ""coordinates"": [
    -8.321775131702221e+01,
    4.235956488574380e+01
  ],
  ""type"": ""Point""
}","{
  ""coordinates"": [
    -83.217751317,
    42.359564886
  ],
  ""type"": ""Point""
}",-83.217751317,42.359564886
18889,1579258,MANSFIELD,DAVISON,2018-12-28,28,12,2018,13,6,4,9,,,0,,1,1,1,25,2,2,1,5,0,0,0,0,true,false,false,false,true,false,false,false,false,false,false,false,false,false,false,false,false,false,false,false,false,false,-83.20405,42.38472,"{
  ""coordinates"": [
    -8.320404717738700e+01,
    4.238471824018200e+01
  ],
  ""type"": ""Point""
}","{
  ""coordinates"": [
    -83.204047177,
    42.38471824
  ],
  ""type"": ""Point""
}",-83.2040471769999,42.38471824
18890,1590528,PRAIRIE,SANTA MARIA,2018-12-28,28,12,2018,1,6,4,9,,,0,,2,4,4,25,2,2,2,5,0,0,0,0,true,false,false,false,true,false,false,false,false,false,false,false,false,false,false,false,false,false,false,false,false,false,-83.14524,42.41896,"{
  ""coordinates"": [
    -8.314523755433770e+01,
    4.241895998863290e+01
  ],
  ""type"": ""Point""
}","{
  ""coordinates"": [
    -83.145237554,
    42.418959989
  ],
  ""type"": ""Point""
}",-83.1452375539999,42.418959989
18891,1637926,STAHELIN,PAUL,2018-12-28,28,12,2018,10,6,8,9,,,0,,98,98,98,25,2,2,0,5,0,0,0,0,true,false,false,false,true,false,false,false,false,false,false,false,false,false,false,false,false,false,false,false,false,false,-83.2241,42.33629,"{
  ""coordinates"": [
    -8.322409994269610e+01,
    4.233629135043520e+01
  ],
  ""type"": ""Point""
}","{
  ""coordinates"": [
    -83.224099943,
    42.33629135
  ],
  ""type"": ""Point""
}",-83.2240999429999,42.3362913500001
18892,1645168,WOODWARD,PETERBORO,2018-12-28,28,12,2018,18,6,7,3,,1,0,Asphalt,4,8,4,25,3,2,2,5,0,0,0,0,true,false,false,false,false,false,false,false,false,false,false,false,false,false,false,false,false,false,false,false,false,false,-83.05656,42.34541,"{
  ""coordinates"": [
    -8.305655668238890e+01,
    4.234540951920500e+01
  ],
  ""type"": ""Point""
}","{
  ""coordinates"": [
    -83.056556682,
    42.345409519
  ],
  ""type"": ""Point""
}",-83.056556682,42.345409519
18893,1579235,WYOMING,LYNDON,2018-12-28,28,12,2018,18,6,4,9,,4,0,Asphalt,2,4,4,,2,2,4,5,0,0,0,0,true,false,false,false,false,false,false,false,false,false,false,false,false,false,false,false,false,false,false,false,false,false,-83.15935,42.39522,"{
  ""coordinates"": [
    -8.315935099897131e+01,
    4.239522064626350e+01
  ],
  ""type"": ""Point""
}","{
  ""coordinates"": [
    -83.159350999,
    42.395220646
  ],
  ""type"": ""Point""
}",-83.159350999,42.395220646
18894,1596757,MCNICHOLS,JAMES COUZENS,2018-12-28,28,12,2018,13,6,8,9,,2,0,Asphalt,2,1,1,35,2,2,2,5,0,0,0,0,true,false,false,false,false,false,false,false,false,false,false,false,false,true,false,false,false,false,false,false,false,false,-83.17254,42.41664,"{
  ""coordinates"": [
    -8.317253790885800e+01,
    4.241663884906540e+01
  ],
  ""type"": ""Point""
}","{
  ""coordinates"": [
    -83.172537909,
    42.416638849
  ],
  ""type"": ""Point""
}",-83.172537909,42.416638849
18895,1578051,WYOMING,I 96 SERVICE,2018-12-27,27,12,2018,13,5,5,9,,4,0,Concrete,1,1,1,30,3,3,4,4,0,0,0,1,false,false,false,false,false,false,false,false,false,false,true,false,false,false,false,false,false,false,false,false,false,false,-83.15897,42.3853,"{
  ""coordinates"": [
    -8.315897567578270e+01,
    4.238530235149380e+01
  ],
  ""type"": ""Point""
}","{
  ""coordinates"": [
    -83.158975676,
    42.385302351
  ],
  ""type"": ""Point""
}",-83.158975676,42.3853023510001
18896,1584380,S M 10,W M 8,2018-12-27,27,12,2018,6,5,5,3,,1,0,Concrete,1,2,5,55,3,2,2,4,0,0,0,2,false,false,false,false,false,false,false,false,false,false,false,false,false,false,false,false,false,false,false,false,false,false,-83.1107,42.39818,"{
  ""coordinates"": [
    -8.311070493465030e+01,
    4.239818367102920e+01
  ],
  ""type"": ""Point""
}","{
  ""coordinates"": [
    -83.110704935,
    42.398183671
  ],
  ""type"": ""Point""
}",-83.1107049349999,42.398183671
18897,1577087,FORT,SCHAEFER,2018-12-27,27,12,2018,1,5,1,1,,1,1,Asphalt,1,1,4,45,6,1,1,5,0,0,0,0,true,false,false,false,false,false,false,false,false,false,false,false,false,false,true,false,false,false,false,false,false,false,-83.15648,42.27585,"{
  ""coordinates"": [
    -8.315648113769510e+01,
    4.227585243184140e+01
  ],
  ""type"": ""Point""
}","{
  ""coordinates"": [
    -83.156481138,
    42.275852432
  ],
  ""type"": ""Point""
}",-83.1564811379999,42.2758524320001
18898,1578065,GRAND,HAMTRAMCK,2018-12-27,27,12,2018,17,5,8,9,,4,0,Asphalt,2,4,3,35,2,2,2,5,0,0,0,0,true,false,false,false,false,false,false,false,false,false,false,false,false,true,false,false,false,false,false,false,false,false,-83.07061,42.37136,"{
  ""coordinates"": [
    -8.307061236184610e+01,
    4.237135864081090e+01
  ],
  ""type"": ""Point""
}","{
  ""coordinates"": [
    -83.070612362,
    42.371358641
  ],
  ""type"": ""Point""
}",-83.070612362,42.371358641
18899,1579271,DEXTER,BOSTON,2018-12-27,27,12,2018,17,5,5,9,,4,0,Asphalt,2,4,4,35,2,2,2,5,0,0,0,0,true,false,false,false,false,false,false,false,false,false,false,false,false,false,false,false,false,false,false,false,false,false,-83.12096,42.37506,"{
  ""coordinates"": [
    -8.312096129593959e+01,
    4.237505655813400e+01
  ],
  ""type"": ""Point""
}","{
  ""coordinates"": [
    -83.120961296,
    42.375056558
  ],
  ""type"": ""Point""
}",-83.120961296,42.375056558
18900,1580256,DAVISON,MCNICHOLS,2018-12-27,27,12,2018,22,5,5,9,,4,0,Asphalt,2,4,4,,4,2,3,5,0,0,0,0,true,false,false,false,false,false,false,false,false,false,false,false,false,true,false,false,false,false,false,false,false,false,-83.05275,42.41889,"{
  ""coordinates"": [
    -8.305274622377949e+01,
    4.241889224522930e+01
  ],
  ""type"": ""Point""
}","{
  ""coordinates"": [
    -83.052746224,
    42.418892245
  ],
  ""type"": ""Point""
}",-83.052746224,42.4188922450001
18901,1578045,I-75,CLARK,2018-12-27,27,12,2018,7,5,8,1,,1,0,Asphalt,1,1,4,55,3,2,1,4,0,0,0,1,false,false,false,false,true,false,false,false,false,false,false,false,false,false,false,false,false,false,false,false,false,false,-83.08328,42.31779,"{
  ""coordinates"": [
    -8.308328012650260e+01,
    4.231778873142800e+01
  ],
  ""type"": ""Point""
}","{
  ""coordinates"": [
    -83.083280127,
    42.317788731
  ],
  ""type"": ""Point""
}",-83.083280127,42.3177887310001
18902,1579215,I-75 FEY,7 MILE,2018-12-27,27,12,2018,18,5,1,1,,1,1,Asphalt,2,4,4,70,4,1,2,5,0,0,0,0,true,false,false,false,false,false,false,false,false,true,false,false,false,false,false,false,false,false,false,false,false,false,-83.09462,42.43221,"{
  ""coordinates"": [
    -8.309462279310820e+01,
    4.243220822478730e+01
  ],
  ""type"": ""Point""
}","{
  ""coordinates"": [
    -83.094622793,
    42.432208225
  ],
  ""type"": ""Point""
}",-83.094622793,42.4322082250001
18903,1593387,WHITEHILL,COURVILLE,2018-12-27,27,12,2018,19,5,4,9,,,0,,2,1,4,25,1,2,1,4,0,0,0,1,false,false,false,false,true,false,false,false,false,false,false,false,false,true,false,false,false,false,false,false,false,false,-82.95866,42.41719,"{
  ""coordinates"": [
    -8.295865597055941e+01,
    4.241719388852580e+01
  ],
  ""type"": ""Point""
}","{
  ""coordinates"": [
    -82.958655971,
    42.417193889
  ],
  ""type"": ""Point""
}",-82.958655971,42.417193889
18904,1579252,ST JEAN,CANFIELD,2018-12-27,27,12,2018,20,5,5,9,,,0,,2,4,4,35,4,2,3,4,0,0,0,2,false,false,false,false,true,false,false,false,false,false,false,false,false,false,false,false,false,false,false,false,false,false,-82.98112,42.38311,"{
  ""coordinates"": [
    -8.298112041695090e+01,
    4.238310707800950e+01
  ],
  ""type"": ""Point""
}","{
  ""coordinates"": [
    -82.981120417,
    42.383107078
  ],
  ""type"": ""Point""
}",-82.9811204169999,42.3831070780001
18905,1581808,E I 96 CD,GRAND RIVER,2018-12-27,27,12,2018,18,5,1,1,,1,1,Asphalt,2,4,4,70,3,1,2,5,0,0,0,0,true,false,false,false,false,false,false,false,false,true,false,false,false,false,true,false,false,false,false,false,false,false,-83.17558,42.38358,"{
  ""coordinates"": [
    -8.317558144125520e+01,
    4.238357447276780e+01
  ],
  ""type"": ""Point""
}","{
  ""coordinates"": [
    -83.175581441,
    42.383574473
  ],
  ""type"": ""Point""
}",-83.175581441,42.3835744730001
18906,1578073,WARREN,ABINGTON,2018-12-27,27,12,2018,18,5,5,9,,2,0,Asphalt,2,2,4,,4,3,3,5,0,0,0,0,true,false,false,false,true,false,false,false,false,false,false,false,false,false,false,false,false,false,false,false,false,false,-83.20951,42.34348,"{
  ""coordinates"": [
    -8.320951172520540e+01,
    4.234347775149800e+01
  ],
  ""type"": ""Point""
}","{
  ""coordinates"": [
    -83.209511725,
    42.343477751
  ],
  ""type"": ""Point""
}",-83.209511725,42.3434777510001
18907,1581026,FISHER FWY SR,GRANDRIVER,2018-12-27,27,12,2018,16,5,8,1,,1,0,Concrete,2,4,2,35,3,2,2,5,0,0,0,0,true,false,false,false,false,false,false,false,false,false,false,false,false,true,false,false,false,false,false,false,false,false,-83.06374,42.33537,"{
  ""coordinates"": [
    -8.306373615401171e+01,
    4.233537082942400e+01
  ],
  ""type"": ""Point""
}","{
  ""coordinates"": [
    -83.063736154,
    42.335370829
  ],
  ""type"": ""Point""
}",-83.063736154,42.3353708290001
18908,1578062,MOROSS,W I 94,2018-12-27,27,12,2018,13,5,5,9,,2,0,Concrete,1,1,1,35,3,3,5,5,0,0,0,0,true,false,false,false,true,false,false,false,false,false,false,false,false,false,false,false,false,false,false,false,false,false,-82.92863,42.42474,"{
  ""coordinates"": [
    -8.292863467184139e+01,
    4.242473837566320e+01
  ],
  ""type"": ""Point""
}","{
  ""coordinates"": [
    -82.928634672,
    42.424738376
  ],
  ""type"": ""Point""
}",-82.928634672,42.4247383760001
18909,1578094,DEQUINDRE,7 MILE,2018-12-27,27,12,2018,17,5,4,9,,4,0,Asphalt,2,4,5,30,1,2,3,5,0,0,0,0,true,false,false,false,false,false,false,false,false,false,false,false,false,false,false,false,false,false,false,false,false,false,-83.0829,42.43307,"{
  ""coordinates"": [
    -8.308289992302019e+01,
    4.243306603629230e+01
  ],
  ""type"": ""Point""
}","{
  ""coordinates"": [
    -83.082899923,
    42.433066036
  ],
  ""type"": ""Point""
}",-83.082899923,42.4330660360001
18910,1577096,MANSFIELD,OUTER,2018-12-27,27,12,2018,7,5,4,9,,,0,,1,1,5,,2,2,3,4,0,0,0,1,false,false,false,false,false,false,false,false,false,false,false,false,false,false,false,false,false,false,false,false,false,false,-83.20592,42.41933,"{
  ""coordinates"": [
    -8.320592763027990e+01,
    4.241932832563300e+01
  ],
  ""type"": ""Point""
}","{
  ""coordinates"": [
    -83.20592763,
    42.419328326
  ],
  ""type"": ""Point""
}",-83.20592763,42.419328326
18911,1578712,E I 96,E M 8,2018-12-27,27,12,2018,17,5,1,1,,1,1,Concrete,2,4,5,70,3,1,2,5,0,0,0,0,true,false,false,false,false,false,true,false,false,true,false,false,false,false,false,false,false,false,false,false,false,false,-83.15848,42.38525,"{
  ""coordinates"": [
    -8.315847825868170e+01,
    4.238524673776430e+01
  ],
  ""type"": ""Point""
}","{
  ""coordinates"": [
    -83.158478259,
    42.385246738
  ],
  ""type"": ""Point""
}",-83.1584782589999,42.385246738
18912,1578081,7 MILE,S M 39,2018-12-27,27,12,2018,15,5,5,9,,2,0,Asphalt,2,4,1,35,4,2,2,5,0,0,0,0,true,false,false,false,false,false,false,false,false,false,false,false,false,false,true,false,false,false,false,false,false,false,-83.21939,42.43002,"{
  ""coordinates"": [
    -8.321938715106199e+01,
    4.243001737072350e+01
  ],
  ""type"": ""Point""
}","{
  ""coordinates"": [
    -83.219387151,
    42.430017371
  ],
  ""type"": ""Point""
}",-83.219387151,42.4300173710001
18913,1590537,RAMP 029B,SCHAEFER,2018-12-27,27,12,2018,13,5,5,1,,1,0,Asphalt,2,4,1,70,2,2,2,5,0,0,0,0,true,false,false,false,false,false,false,false,false,false,false,false,false,false,false,false,false,false,false,false,false,false,-83.15607,42.27693,"{
  ""coordinates"": [
    -8.315607243688700e+01,
    4.227693291667290e+01
  ],
  ""type"": ""Point""
}","{
  ""coordinates"": [
    -83.156072437,
    42.276932917
  ],
  ""type"": ""Point""
}",-83.156072437,42.2769329170001
18914,1578103,HUBBELL,VASSAR,2018-12-27,27,12,2018,21,5,5,9,,4,0,Asphalt,2,4,4,35,2,2,4,4,0,0,0,2,false,false,false,false,true,false,false,false,false,false,false,false,false,false,false,false,false,false,false,false,false,false,-83.19016,42.43434,"{
  ""coordinates"": [
    -8.319015296168941e+01,
    4.243434327780860e+01
  ],
  ""type"": ""Point""
}","{
  ""coordinates"": [
    -83.190152962,
    42.434343278
  ],
  ""type"": ""Point""
}",-83.190152962,42.434343278
18915,1578052,GREENFIELD,EATON,2018-12-27,27,12,2018,18,5,4,9,,2,0,Asphalt,2,4,4,35,4,2,4,5,0,0,0,0,true,false,false,false,false,false,false,false,false,false,false,false,false,false,false,false,false,false,false,false,false,false,-83.19853,42.39669,"{
  ""coordinates"": [
    -8.319852960078209e+01,
    4.239668672916830e+01
  ],
  ""type"": ""Point""
}","{
  ""coordinates"": [
    -83.198529601,
    42.396686729
  ],
  ""type"": ""Point""
}",-83.198529601,42.3966867290001
18916,1585948,I-94,CHENE,2018-12-27,27,12,2018,14,5,5,1,,1,0,Concrete,2,4,1,55,3,2,2,4,0,0,0,1,false,false,false,false,false,false,false,false,false,false,false,false,false,false,false,false,false,false,false,false,false,false,-83.04623,42.37449,"{
  ""coordinates"": [
    -8.304623114377650e+01,
    4.237449236439830e+01
  ],
  ""type"": ""Point""
}","{
  ""coordinates"": [
    -83.046231144,
    42.374492364
  ],
  ""type"": ""Point""
}",-83.046231144,42.374492364
18917,1584381,I-94,I-75,2018-12-27,27,12,2018,14,5,8,1,,1,0,Concrete,2,4,1,55,3,2,1,5,0,0,0,0,true,false,false,false,true,false,false,false,false,false,false,false,false,false,false,false,false,false,false,false,false,false,-83.0566,42.36961,"{
  ""coordinates"": [
    -8.305660083321770e+01,
    4.236960867150610e+01
  ],
  ""type"": ""Point""
}","{
  ""coordinates"": [
    -83.056600833,
    42.369608672
  ],
  ""type"": ""Point""
}",-83.0566008329999,42.369608672
18918,1578102,WYOMING,OUTER,2018-12-27,27,12,2018,17,5,8,9,,4,0,Asphalt,2,4,4,30,5,2,2,5,0,0,0,0,true,false,false,false,true,false,false,false,false,false,false,false,false,false,false,false,false,false,false,false,false,false,-83.16111,42.43491,"{
  ""coordinates"": [
    -8.316110777970840e+01,
    4.243491148159970e+01
  ],
  ""type"": ""Point""
}","{
  ""coordinates"": [
    -83.16110778,
    42.434911482
  ],
  ""type"": ""Point""
}",-83.16110778,42.4349114820001
18919,1578063,MANISTIQUE,JEFFERSON,2018-12-27,27,12,2018,13,5,8,9,,,3,,2,4,1,25,2,2,1,4,0,0,0,1,false,false,false,false,false,false,false,false,false,false,true,false,false,false,false,false,false,false,false,false,false,false,-82.94034,42.37296,"{
  ""coordinates"": [
    -8.294033456497030e+01,
    4.237296299855100e+01
  ],
  ""type"": ""Point""
}","{
  ""coordinates"": [
    -82.940334565,
    42.372962999
  ],
  ""type"": ""Point""
}",-82.9403345649999,42.372962999
18920,1578056,LARNED,CHENE,2018-12-27,27,12,2018,16,5,5,9,,4,0,Asphalt,2,4,1,35,2,2,2,5,0,0,0,0,true,false,false,false,false,false,false,false,false,false,false,false,false,false,false,false,false,false,false,false,false,false,-83.02297,42.33903,"{
  ""coordinates"": [
    -8.302296858578450e+01,
    4.233902695372160e+01
  ],
  ""type"": ""Point""
}","{
  ""coordinates"": [
    -83.022968586,
    42.339026954
  ],
  ""type"": ""Point""
}",-83.022968586,42.3390269540001
18921,1577103,STOEPEL,CAMBRIDGE,2018-12-27,27,12,2018,1,5,2,9,,,2,,1,1,4,25,2,2,2,3,0,0,1,0,false,false,false,false,false,false,false,true,false,false,true,false,false,false,false,false,false,false,false,false,false,false,-83.14263,42.43341,"{
  ""coordinates"": [
    -8.314263224007560e+01,
    4.243341224535950e+01
  ],
  ""type"": ""Point""
}","{
  ""coordinates"": [
    -83.14263224,
    42.433412245
  ],
  ""type"": ""Point""
}",-83.14263224,42.4334122450001
18922,1601317,WYOMING,PURITAN,2018-12-27,27,12,2018,19,5,2,9,,4,0,Asphalt,2,4,4,30,3,2,3,4,0,0,0,2,false,false,false,false,false,false,false,false,false,false,false,false,false,false,false,false,false,false,false,false,false,false,-83.16,42.40966,"{
  ""coordinates"": [
    -8.316000172228961e+01,
    4.240966537902570e+01
  ],
  ""type"": ""Point""
}","{
  ""coordinates"": [
    -83.160001722,
    42.409665379
  ],
  ""type"": ""Point""
}",-83.1600017219999,42.409665379
18923,1578082,SUNDERLAND,MARGARETA,2018-12-27,27,12,2018,16,5,4,9,,,0,,2,4,5,25,4,2,2,4,0,0,0,1,false,false,true,false,false,false,false,false,false,false,false,false,false,true,false,false,false,false,false,false,false,false,-83.22854,42.42681,"{
  ""coordinates"": [
    -8.322854193967331e+01,
    4.242681214285840e+01
  ],
  ""type"": ""Point""
}","{
  ""coordinates"": [
    -83.22854194,
    42.426812143
  ],
  ""type"": ""Point""
}",-83.22854194,42.4268121430001
18924,1578095,7 MILE,VAN DYKE,2018-12-27,27,12,2018,18,5,1,3,,4,0,Asphalt,2,4,5,35,1,2,0,5,0,0,0,0,true,false,false,false,true,false,false,false,false,false,false,false,true,false,false,false,false,false,false,false,false,false,-83.02419,42.43397,"{
  ""coordinates"": [
    -8.302419210163220e+01,
    4.243397095981190e+01
  ],
  ""type"": ""Point""
}","{
  ""coordinates"": [
    -83.024192102,
    42.43397096
  ],
  ""type"": ""Point""
}",-83.024192102,42.4339709600001
18925,1601201,I-94,TRUMBULL,2018-12-27,27,12,2018,14,5,5,1,,1,0,Asphalt,1,1,1,55,3,2,2,5,0,0,0,0,true,false,false,false,true,false,false,false,false,false,false,false,false,false,false,false,false,false,false,false,false,false,-83.08273,42.35544,"{
  ""coordinates"": [
    -8.308273521961409e+01,
    4.235543696782230e+01
  ],
  ""type"": ""Point""
}","{
  ""coordinates"": [
    -83.08273522,
    42.355436968
  ],
  ""type"": ""Point""
}",-83.08273522,42.355436968
18926,1579218,S I 75,RAMP 037D,2018-12-27,27,12,2018,19,5,1,1,,1,1,Concrete,2,4,4,55,2,1,1,5,0,0,0,0,true,false,false,false,false,false,false,false,false,true,false,false,false,false,false,true,false,false,false,false,false,false,-83.08006,42.33274,"{
  ""coordinates"": [
    -8.308005356538800e+01,
    4.233274560066050e+01
  ],
  ""type"": ""Point""
}","{
  ""coordinates"": [
    -83.080053565,
    42.332745601
  ],
  ""type"": ""Point""
}",-83.080053565,42.3327456010001
18927,1585949,NB I-75,SCHAEFER,2018-12-27,27,12,2018,20,5,1,1,,1,1,Concrete,2,4,4,70,4,1,1,5,0,0,0,0,true,false,false,false,false,false,false,false,false,true,false,false,false,false,false,false,false,false,false,false,false,false,-83.15663,42.27703,"{
  ""coordinates"": [
    -8.315663428703930e+01,
    4.227703150495940e+01
  ],
  ""type"": ""Point""
}","{
  ""coordinates"": [
    -83.156634287,
    42.277031505
  ],
  ""type"": ""Point""
}",-83.156634287,42.277031505
18928,1578076,GRATIOT,FOREST,2018-12-27,27,12,2018,17,5,1,3,,1,0,Asphalt,2,4,4,35,7,2,0,2,0,1,0,0,false,false,false,false,true,false,false,false,false,false,false,false,true,false,false,false,false,false,false,false,false,false,-83.02012,42.37062,"{
  ""coordinates"": [
    -8.302011611828560e+01,
    4.237062605232640e+01
  ],
  ""type"": ""Point""
}","{
  ""coordinates"": [
    -83.020116118,
    42.370626052
  ],
  ""type"": ""Point""
}",-83.020116118,42.370626052
18929,1577109,COYLE,CAMBRIDGE,2018-12-27,27,12,2018,1,5,4,9,,,0,,1,1,5,25,2,2,2,3,0,0,1,1,false,false,false,false,false,false,false,false,false,false,false,false,false,false,false,false,false,false,false,false,false,false,-83.19499,42.43234,"{
  ""coordinates"": [
    -8.319499037435760e+01,
    4.243234386138500e+01
  ],
  ""type"": ""Point""
}","{
  ""coordinates"": [
    -83.194990374,
    42.432343861
  ],
  ""type"": ""Point""
}",-83.194990374,42.432343861
18930,1581018,ADAMS,WOODWARD,2018-12-27,27,12,2018,11,5,8,3,,4,0,Asphalt,2,1,4,35,3,2,2,5,0,0,0,0,true,false,false,false,false,false,false,false,false,false,false,false,false,false,false,false,false,false,false,false,false,false,-83.05089,42.33698,"{
  ""coordinates"": [
    -8.305089015069680e+01,
    4.233698073544350e+01
  ],
  ""type"": ""Point""
}","{
  ""coordinates"": [
    -83.050890151,
    42.336980735
  ],
  ""type"": ""Point""
}",-83.050890151,42.3369807350001
18931,1584428,MOROSS,SEVEN MILE,2018-12-27,27,12,2018,17,5,1,9,,2,1,Asphalt,2,4,5,35,5,1,0,5,0,0,0,0,true,false,false,false,false,false,false,false,false,false,false,false,false,false,false,false,false,false,false,false,false,false,-82.95261,42.43453,"{
  ""coordinates"": [
    -8.295261746192570e+01,
    4.243452903156460e+01
  ],
  ""type"": ""Point""
}","{
  ""coordinates"": [
    -82.952617462,
    42.434529032
  ],
  ""type"": ""Point""
}",-82.952617462,42.4345290320001
18932,1580250,ARDMORE,THATCHER,2018-12-27,27,12,2018,17,5,4,9,,,0,,2,1,4,,2,2,1,4,0,0,0,2,false,false,false,false,true,false,false,false,false,false,false,false,false,true,false,false,false,false,false,false,false,false,-83.18493,42.42187,"{
  ""coordinates"": [
    -8.318493156783509e+01,
    4.242187207819010e+01
  ],
  ""type"": ""Point""
}","{
  ""coordinates"": [
    -83.184931568,
    42.421872078
  ],
  ""type"": ""Point""
}",-83.184931568,42.421872078
18933,1587299,WHITEHILL,COURVILLE,2018-12-27,27,12,2018,18,5,4,9,,,0,,2,4,98,35,2,2,2,5,0,0,0,0,true,false,false,false,false,false,false,false,false,false,false,false,false,true,false,false,false,false,false,false,false,false,-82.95863,42.41723,"{
  ""coordinates"": [
    -8.295862966291500e+01,
    4.241722897874680e+01
  ],
  ""type"": ""Point""
}","{
  ""coordinates"": [
    -82.958629663,
    42.417228979
  ],
  ""type"": ""Point""
}",-82.958629663,42.4172289790001
18934,1578092,LIVERNOIS,FENKELL,2018-12-27,27,12,2018,10,5,5,9,,4,0,Concrete,1,1,1,35,2,2,2,5,0,0,0,0,true,false,false,false,false,false,false,false,false,false,false,false,false,false,false,false,false,false,false,false,false,false,-83.14036,42.40287,"{
  ""coordinates"": [
    -8.314035730062891e+01,
    4.240286725246490e+01
  ],
  ""type"": ""Point""
}","{
  ""coordinates"": [
    -83.140357301,
    42.402867252
  ],
  ""type"": ""Point""
}",-83.1403573009999,42.4028672520001
18935,1587296,8 MILE,GRATIOT,2018-12-27,27,12,2018,14,5,5,3,,1,0,Asphalt,2,4,1,40,4,2,1,5,0,0,0,0,true,false,false,false,true,false,false,false,false,false,false,false,false,false,false,false,false,false,false,false,false,false,-82.96468,42.44991,"{
  ""coordinates"": [
    -8.296468716873891e+01,
    4.244991212334200e+01
  ],
  ""type"": ""Point""
}","{
  ""coordinates"": [
    -82.964687169,
    42.449912123
  ],
  ""type"": ""Point""
}",-82.9646871689999,42.449912123