ObjectId,Crash ID,Primary Road,Intersecting Road,Crash Date,Day,Month,Year,Hour,Weekday,Crash Type Code,Highway Classification Code,Community Code,Jurisdiction Code,Lane Departure Type Code,Surface Type,Road Condition,Weather Condition,Lighting Condition,Speed Limit,Lanes,Units,Occupants,Most Severe Injury,Fatal Injuries,Suspected Serious Injuries,Suspected Minor Injuries,Possible Injuries,Property Damage Only,Secondary Crash,Traffic Control,Red Light Run,Hit and Run,Alcohol,Drugs,Unbelted Person,Work Zone,Speeding Driver,Distracted Driver,Driveway,Pedestrian,Elderly Driver,Young Driver,Commercial Vehicle,Emergency Vehicles,Train,School Bus,Motorcycle,Bicycle,Deer,Longitude,Latitude,geom,geog,x,y
19099,1574940,OUTER,CHAREST,2018-12-23,23,12,2018,10,1,4,9,,2,0,Asphalt,1,1,1,35,3,2,2,5,0,0,0,0,true,false,false,false,false,false,false,false,false,false,false,false,false,false,false,false,false,false,false,false,false,false,-83.07163,42.4404,"{
  ""coordinates"": [
    -8.307163017417120e+01,
    4.244039426714440e+01
  ],
  ""type"": ""Point""
}","{
  ""coordinates"": [
    -83.071630174,
    42.440394267
  ],
  ""type"": ""Point""
}",-83.0716301739999,42.440394267
19100,1574932,8 MILE,SCHOENHERR,2018-12-23,23,12,2018,0,1,4,3,,1,0,Asphalt,1,1,4,40,9,2,1,5,0,0,0,0,true,false,false,false,true,false,false,false,false,false,false,false,false,false,false,false,false,false,false,false,false,false,-82.98566,42.44928,"{
  ""coordinates"": [
    -8.298565905020760e+01,
    4.244927990520260e+01
  ],
  ""type"": ""Point""
}","{
  ""coordinates"": [
    -82.98565905,
    42.449279905
  ],
  ""type"": ""Point""
}",-82.98565905,42.449279905
19101,1574922,PLYMOUTH,MANOR,2018-12-23,23,12,2018,22,1,4,9,,4,0,Asphalt,1,1,4,35,4,2,2,4,0,0,0,2,false,false,true,false,false,false,false,false,false,false,false,false,false,false,false,false,false,false,false,false,false,false,-83.16696,42.37327,"{
  ""coordinates"": [
    -8.316696442300380e+01,
    4.237326969971950e+01
  ],
  ""type"": ""Point""
}","{
  ""coordinates"": [
    -83.166964423,
    42.3732697
  ],
  ""type"": ""Point""
}",-83.166964423,42.3732697
19102,1574939,OUTER,CONNER,2018-12-23,23,12,2018,0,1,1,9,,4,1,Asphalt,1,1,3,35,2,1,0,5,0,0,0,0,true,false,false,false,true,false,false,false,false,false,false,false,false,false,false,false,false,false,false,false,false,false,-82.98528,42.39447,"{
  ""coordinates"": [
    -8.298528646186610e+01,
    4.239447247118590e+01
  ],
  ""type"": ""Point""
}","{
  ""coordinates"": [
    -82.985286462,
    42.394472471
  ],
  ""type"": ""Point""
}",-82.985286462,42.394472471
19103,1574127,MCNICHOLS,PRAIRIE,2018-12-23,23,12,2018,1,1,4,9,,4,0,Asphalt,1,1,4,30,2,2,2,5,0,0,0,0,true,false,false,false,false,false,false,false,false,false,false,false,false,false,false,false,false,false,false,false,false,false,-83.14516,42.41713,"{
  ""coordinates"": [
    -8.314516114007640e+01,
    4.241713309972370e+01
  ],
  ""type"": ""Point""
}","{
  ""coordinates"": [
    -83.14516114,
    42.4171331
  ],
  ""type"": ""Point""
}",-83.14516114,42.4171331000001
19104,1574944,MONROE,CHRYSLER SERVICE,2018-12-23,23,12,2018,1,1,4,9,,4,0,Concrete,2,4,5,30,2,2,2,5,0,0,0,0,true,false,true,true,false,false,false,false,false,false,false,false,false,false,false,false,false,false,false,false,false,false,-83.03841,42.3367,"{
  ""coordinates"": [
    -8.303840286439460e+01,
    4.233670448078590e+01
  ],
  ""type"": ""Point""
}","{
  ""coordinates"": [
    -83.038402864,
    42.336704481
  ],
  ""type"": ""Point""
}",-83.038402864,42.336704481
19105,1574903,EUCLID,N M 10,2018-12-23,23,12,2018,12,1,4,9,,4,0,Asphalt,1,2,1,30,2,2,1,5,0,0,0,0,true,false,false,false,true,false,false,false,false,false,false,false,false,false,false,false,false,false,false,false,false,false,-83.08627,42.3741,"{
  ""coordinates"": [
    -8.308626362990130e+01,
    4.237409699479950e+01
  ],
  ""type"": ""Point""
}","{
  ""coordinates"": [
    -83.08626363,
    42.374096995
  ],
  ""type"": ""Point""
}",-83.08626363,42.3740969950001
19106,1574905,LONGWORTH,ELSMERE,2018-12-23,23,12,2018,2,1,8,9,,,0,,1,1,5,25,1,2,2,4,0,0,0,2,false,false,false,false,false,false,false,false,false,false,false,false,false,false,false,false,false,false,false,false,false,false,-83.13008,42.3031,"{
  ""coordinates"": [
    -8.313008315306971e+01,
    4.230310553781740e+01
  ],
  ""type"": ""Point""
}","{
  ""coordinates"": [
    -83.130083153,
    42.303105538
  ],
  ""type"": ""Point""
}",-83.130083153,42.3031055380001
19107,1574895,SCHAEFER,CHALFONTE,2018-12-23,23,12,2018,4,1,5,9,,4,0,Asphalt,1,1,4,35,3,2,3,5,0,0,0,0,true,false,false,false,false,false,false,false,false,true,false,false,false,false,false,false,false,false,false,false,false,false,-83.17897,42.39851,"{
  ""coordinates"": [
    -8.317896763879919e+01,
    4.239850454919410e+01
  ],
  ""type"": ""Point""
}","{
  ""coordinates"": [
    -83.178967639,
    42.398504549
  ],
  ""type"": ""Point""
}",-83.1789676389999,42.3985045490001
19108,1574915,MOROSS,E I 94 SERVICE DRIVE,2018-12-23,23,12,2018,16,1,4,9,,2,0,Asphalt,1,1,1,35,2,2,6,5,0,0,0,0,true,false,true,true,false,false,false,false,false,false,false,false,false,false,false,false,false,false,false,false,false,false,-82.92815,42.42453,"{
  ""coordinates"": [
    -8.292814632224329e+01,
    4.242453057090670e+01
  ],
  ""type"": ""Point""
}","{
  ""coordinates"": [
    -82.928146322,
    42.424530571
  ],
  ""type"": ""Point""
}",-82.928146322,42.424530571
19109,1575450,SCHOOLCRAFT,RUTLAND,2018-12-23,23,12,2018,12,1,8,9,,2,0,Asphalt,1,1,1,25,2,2,1,5,0,0,0,0,true,false,false,false,false,false,false,false,false,false,false,false,false,false,false,false,false,false,false,false,false,false,-83.21376,42.38676,"{
  ""coordinates"": [
    -8.321376309132940e+01,
    4.238675646923160e+01
  ],
  ""type"": ""Point""
}","{
  ""coordinates"": [
    -83.213763091,
    42.386756469
  ],
  ""type"": ""Point""
}",-83.213763091,42.386756469
19110,1575982,GRAND RIVER,TELEGRAPH,2018-12-23,23,12,2018,19,1,5,3,,1,0,Asphalt,1,2,4,35,5,2,3,5,0,0,0,0,true,false,false,false,false,false,false,false,false,false,true,false,false,false,false,false,false,false,false,false,false,false,-83.27737,42.42422,"{
  ""coordinates"": [
    -8.327736610278650e+01,
    4.242421627329760e+01
  ],
  ""type"": ""Point""
}","{
  ""coordinates"": [
    -83.277366103,
    42.424216273
  ],
  ""type"": ""Point""
}",-83.277366103,42.4242162730001
19111,1592353,JAMES COUZENS,8 MILE,2018-12-23,23,12,2018,20,1,4,3,,1,0,Asphalt,1,1,4,45,3,2,2,4,0,0,0,1,false,false,false,false,true,false,false,false,false,false,false,false,false,false,false,false,false,false,false,false,false,false,-83.2026,42.4447,"{
  ""coordinates"": [
    -8.320259921953959e+01,
    4.244470293533110e+01
  ],
  ""type"": ""Point""
}","{
  ""coordinates"": [
    -83.20259922,
    42.444702935
  ],
  ""type"": ""Point""
}",-83.20259922,42.4447029350001
19112,1575432,I75,MACK,2018-12-23,23,12,2018,13,1,97,1,,1,0,Concrete,1,1,1,55,4,3,3,5,0,0,0,0,true,false,false,false,false,false,false,false,false,false,false,false,false,false,true,false,false,false,false,false,false,false,-83.04982,42.35371,"{
  ""coordinates"": [
    -8.304981709781499e+01,
    4.235370847791750e+01
  ],
  ""type"": ""Point""
}","{
  ""coordinates"": [
    -83.049817098,
    42.353708478
  ],
  ""type"": ""Point""
}",-83.0498170979999,42.353708478
19113,1578038,I-94,VAN DYKE,2018-12-23,23,12,2018,3,1,97,1,,1,0,Asphalt,1,1,3,55,3,2,3,3,0,0,2,0,false,false,false,false,false,false,false,false,false,false,false,false,false,false,false,false,false,false,false,false,false,false,-83.02673,42.38483,"{
  ""coordinates"": [
    -8.302672342646800e+01,
    4.238483422364420e+01
  ],
  ""type"": ""Point""
}","{
  ""coordinates"": [
    -83.026723426,
    42.384834224
  ],
  ""type"": ""Point""
}",-83.026723426,42.384834224
19114,1575976,RUSSELL,WILKINS,2018-12-23,23,12,2018,11,1,4,9,,4,0,Asphalt,2,1,1,,2,2,2,5,0,0,0,0,true,false,false,false,false,false,false,false,false,false,false,false,false,true,false,false,false,false,false,false,false,false,-83.04222,42.34898,"{
  ""coordinates"": [
    -8.304222376930410e+01,
    4.234898100658210e+01
  ],
  ""type"": ""Point""
}","{
  ""coordinates"": [
    -83.042223769,
    42.348981007
  ],
  ""type"": ""Point""
}",-83.042223769,42.3489810070001
19115,1575433,SB I-75,WOODWARD,2018-12-23,23,12,2018,21,1,8,1,,1,0,Concrete,1,1,4,55,4,2,5,3,0,0,1,0,false,false,false,false,false,false,false,false,false,false,false,false,false,false,true,false,false,false,false,false,false,false,-83.05259,42.34012,"{
  ""coordinates"": [
    -8.305258883193380e+01,
    4.234012325514880e+01
  ],
  ""type"": ""Point""
}","{
  ""coordinates"": [
    -83.052588832,
    42.340123255
  ],
  ""type"": ""Point""
}",-83.052588832,42.340123255
19116,1578096,N I 75,8 MILE,2018-12-23,23,12,2018,13,1,8,1,,1,0,Asphalt,1,1,1,25,4,2,2,5,0,0,0,0,true,false,false,false,false,false,false,false,false,false,false,false,false,false,false,false,false,false,false,false,false,false,-83.09469,42.44677,"{
  ""coordinates"": [
    -8.309469199334160e+01,
    4.244677152767020e+01
  ],
  ""type"": ""Point""
}","{
  ""coordinates"": [
    -83.094691993,
    42.446771528
  ],
  ""type"": ""Point""
}",-83.094691993,42.4467715280001
19117,1577068,I-94,TRUMBULL,2018-12-23,23,12,2018,17,1,5,1,,1,0,Asphalt,1,1,2,55,3,2,1,5,0,0,0,0,true,false,false,false,true,false,false,false,false,false,false,false,false,false,false,false,false,false,false,false,false,false,-83.08141,42.35608,"{
  ""coordinates"": [
    -8.308140680235860e+01,
    4.235607916675420e+01
  ],
  ""type"": ""Point""
}","{
  ""coordinates"": [
    -83.081406802,
    42.356079167
  ],
  ""type"": ""Point""
}",-83.0814068019999,42.3560791670001
19118,1577069,M-10,6 MILE,2018-12-23,23,12,2018,22,1,1,3,,1,1,Concrete,1,1,4,55,3,1,1,5,0,0,0,0,true,false,false,false,false,false,false,false,false,true,false,false,false,true,false,false,false,false,false,false,false,false,-83.17228,42.41687,"{
  ""coordinates"": [
    -8.317228129204490e+01,
    4.241687078315080e+01
  ],
  ""type"": ""Point""
}","{
  ""coordinates"": [
    -83.172281292,
    42.416870783
  ],
  ""type"": ""Point""
}",-83.172281292,42.416870783
19119,1581198,WARREN,WARREN,2018-12-23,23,12,2018,0,1,1,9,,4,0,Asphalt,1,1,4,30,3,2,3,5,0,0,0,0,true,false,false,false,true,false,false,false,false,false,false,false,false,false,false,false,false,true,false,false,false,false,-83.07873,42.35209,"{
  ""coordinates"": [
    -8.307872831565069e+01,
    4.235209410190330e+01
  ],
  ""type"": ""Point""
}","{
  ""coordinates"": [
    -83.078728316,
    42.352094102
  ],
  ""type"": ""Point""
}",-83.078728316,42.3520941020001
19120,1604076,LIVERNOIS,LYNDON,2018-12-23,23,12,2018,15,1,5,9,,4,0,Asphalt,1,1,1,30,4,2,2,5,0,0,0,0,true,false,false,false,false,false,false,false,false,false,false,false,false,false,false,false,false,false,false,false,false,false,-83.13982,42.39531,"{
  ""coordinates"": [
    -8.313981758929020e+01,
    4.239530600050930e+01
  ],
  ""type"": ""Point""
}","{
  ""coordinates"": [
    -83.139817589,
    42.395306001
  ],
  ""type"": ""Point""
}",-83.139817589,42.3953060010001
19121,1584379,M-39,WARREN,2018-12-23,23,12,2018,4,1,1,3,,1,1,Asphalt,1,2,4,55,3,1,1,5,0,0,0,0,true,false,false,false,false,false,false,false,false,true,false,false,false,false,false,false,false,false,false,false,false,false,-83.21603,42.34297,"{
  ""coordinates"": [
    -8.321603172696931e+01,
    4.234297113015870e+01
  ],
  ""type"": ""Point""
}","{
  ""coordinates"": [
    -83.216031727,
    42.34297113
  ],
  ""type"": ""Point""
}",-83.216031727,42.3429711300001
19122,1580246,8 MILE,S M 10 SERVICE DRIVE,2018-12-23,23,12,2018,20,1,4,3,,1,0,Asphalt,1,1,4,40,3,2,2,4,0,0,0,1,false,false,false,false,false,false,false,false,false,false,false,false,false,false,true,false,false,false,false,false,false,false,-83.2039,42.44468,"{
  ""coordinates"": [
    -8.320390298719600e+01,
    4.244467456943330e+01
  ],
  ""type"": ""Point""
}","{
  ""coordinates"": [
    -83.203902987,
    42.444674569
  ],
  ""type"": ""Point""
}",-83.2039029869999,42.444674569
19123,1594770,8 MILE,LESURE,2018-12-23,23,12,2018,15,1,5,3,,1,0,Asphalt,1,2,1,40,4,2,5,4,0,0,0,1,false,false,false,false,false,false,false,false,false,false,false,false,false,true,false,false,false,false,false,false,false,false,-83.18369,42.44514,"{
  ""coordinates"": [
    -8.318369285367081e+01,
    4.244513618471140e+01
  ],
  ""type"": ""Point""
}","{
  ""coordinates"": [
    -83.183692854,
    42.445136185
  ],
  ""type"": ""Point""
}",-83.183692854,42.4451361850001
19124,1575455,VAN DYKE,DAVISON,2018-12-23,23,12,2018,23,1,5,3,,1,0,Asphalt,1,1,4,35,4,2,2,4,0,0,0,1,false,false,false,false,true,false,false,false,false,false,false,false,false,false,false,false,false,false,false,false,false,false,-83.02386,42.4234,"{
  ""coordinates"": [
    -8.302386124129740e+01,
    4.242340281647470e+01
  ],
  ""type"": ""Point""
}","{
  ""coordinates"": [
    -83.023861241,
    42.423402816
  ],
  ""type"": ""Point""
}",-83.023861241,42.4234028160001
19125,1581046,GREENFIELD,OUTER,2018-12-23,23,12,2018,18,1,4,9,,2,0,Asphalt,1,1,4,35,5,3,5,3,0,0,3,0,false,false,false,false,true,false,false,false,false,false,false,false,false,false,false,false,false,false,false,false,false,false,-83.19946,42.4196,"{
  ""coordinates"": [
    -8.319945256914360e+01,
    4.241960102954350e+01
  ],
  ""type"": ""Point""
}","{
  ""coordinates"": [
    -83.199452569,
    42.41960103
  ],
  ""type"": ""Point""
}",-83.199452569,42.4196010300001
19126,1575437,JOY,WARD,2018-12-23,23,12,2018,12,1,5,9,,4,0,Asphalt,1,1,1,35,4,2,5,4,0,0,0,1,false,false,false,false,false,false,false,false,false,false,false,false,false,false,false,false,false,false,false,false,false,false,-83.17262,42.35864,"{
  ""coordinates"": [
    -8.317262609265750e+01,
    4.235864302801860e+01
  ],
  ""type"": ""Point""
}","{
  ""coordinates"": [
    -83.172626093,
    42.358643028
  ],
  ""type"": ""Point""
}",-83.172626093,42.3586430280001
19127,1583284,E I 96,WYOMING,2018-12-23,23,12,2018,10,1,8,1,,1,0,Concrete,1,1,1,55,3,2,1,5,0,0,0,0,true,false,false,false,false,false,false,false,false,false,false,false,false,false,false,false,false,false,false,false,false,false,-83.15877,42.38525,"{
  ""coordinates"": [
    -8.315877143176689e+01,
    4.238524765776400e+01
  ],
  ""type"": ""Point""
}","{
  ""coordinates"": [
    -83.158771432,
    42.385247658
  ],
  ""type"": ""Point""
}",-83.158771432,42.385247658
19128,1575436,HUBBELL,INTERVALE,2018-12-23,23,12,2018,21,1,8,9,,4,0,Asphalt,1,1,4,35,2,3,0,5,0,0,0,0,true,false,false,false,true,false,false,false,false,false,true,false,false,false,true,false,false,false,false,false,false,false,-83.18847,42.39092,"{
  ""coordinates"": [
    -8.318847093919319e+01,
    4.239092211834730e+01
  ],
  ""type"": ""Point""
}","{
  ""coordinates"": [
    -83.188470939,
    42.390922118
  ],
  ""type"": ""Point""
}",-83.188470939,42.390922118
19129,1574912,E I 94 SERVICE DRIVE,FRENCH,2018-12-22,22,12,2018,13,7,5,1,,4,0,Asphalt,1,2,1,25,3,2,3,5,0,0,0,0,true,false,false,false,false,false,false,false,false,true,true,false,false,false,false,false,false,false,false,false,false,false,-82.99567,42.39199,"{
  ""coordinates"": [
    -8.299566644313360e+01,
    4.239198568777300e+01
  ],
  ""type"": ""Point""
}","{
  ""coordinates"": [
    -82.995666443,
    42.391985688
  ],
  ""type"": ""Point""
}",-82.9956664429999,42.391985688
19130,1574937,BLOOM,AMRAD,2018-12-22,22,12,2018,2,7,4,9,,,0,,2,1,4,25,1,2,1,5,0,0,0,0,true,false,false,false,true,false,false,false,false,false,false,false,false,false,false,false,false,false,false,false,false,false,-83.04961,42.44435,"{
  ""coordinates"": [
    -8.304961620189241e+01,
    4.244434764248480e+01
  ],
  ""type"": ""Point""
}","{
  ""coordinates"": [
    -83.049616202,
    42.444347642
  ],
  ""type"": ""Point""
}",-83.049616202,42.444347642
19131,1573467,SCHAEFER,E I 96 CD,2018-12-22,22,12,2018,0,7,4,1,,4,0,Asphalt,1,2,4,35,2,2,5,4,0,0,0,2,false,false,false,false,false,false,false,false,false,false,false,false,false,false,false,false,true,false,false,false,false,false,-83.17835,42.38295,"{
  ""coordinates"": [
    -8.317835304613440e+01,
    4.238294646536890e+01
  ],
  ""type"": ""Point""
}","{
  ""coordinates"": [
    -83.178353046,
    42.382946465
  ],
  ""type"": ""Point""
}",-83.178353046,42.382946465
19132,1574901,FOREST,M 10 SERVICE,2018-12-22,22,12,2018,20,7,8,9,,4,0,Concrete,1,1,4,30,2,2,3,4,0,0,0,1,false,false,false,false,false,false,false,false,false,false,false,false,false,false,true,false,false,false,false,false,false,false,-83.07173,42.35175,"{
  ""coordinates"": [
    -8.307173238353860e+01,
    4.235174514995820e+01
  ],
  ""type"": ""Point""
}","{
  ""coordinates"": [
    -83.071732384,
    42.35174515
  ],
  ""type"": ""Point""
}",-83.071732384,42.3517451500001
19133,1575975,CHENEST,MACK,2018-12-22,22,12,2018,10,7,97,9,,4,0,Asphalt,1,1,4,30,2,2,2,5,0,0,0,0,true,false,false,false,false,false,false,false,false,false,false,false,false,false,false,false,false,false,false,false,false,false,-83.03471,42.35652,"{
  ""coordinates"": [
    -8.303470890393010e+01,
    4.235652292416520e+01
  ],
  ""type"": ""Point""
}","{
  ""coordinates"": [
    -83.034708904,
    42.356522924
  ],
  ""type"": ""Point""
}",-83.034708904,42.356522924
19134,1575973,JEFFERSON,SEMINOLE,2018-12-22,22,12,2018,12,7,97,9,,4,1,Asphalt,1,2,1,35,5,2,1,4,0,0,0,1,false,false,false,false,false,false,false,false,false,false,false,false,true,true,false,false,false,false,false,false,false,false,-82.99262,42.35286,"{
  ""coordinates"": [
    -8.299261896444060e+01,
    4.235286257340000e+01
  ],
  ""type"": ""Point""
}","{
  ""coordinates"": [
    -82.992618964,
    42.352862573
  ],
  ""type"": ""Point""
}",-82.992618964,42.352862573
19135,1577065,RAMP 223D,I 94,2018-12-22,22,12,2018,20,7,5,1,,1,0,Asphalt,1,1,4,55,2,3,5,4,0,0,0,1,false,false,false,false,false,false,false,false,false,false,true,false,false,false,false,false,false,false,false,false,false,false,-82.93837,42.41689,"{
  ""coordinates"": [
    -8.293836831206370e+01,
    4.241688622376460e+01
  ],
  ""type"": ""Point""
}","{
  ""coordinates"": [
    -82.938368312,
    42.416886224
  ],
  ""type"": ""Point""
}",-82.938368312,42.4168862240001
19136,1578072,JOY,MANSFIELD,2018-12-22,22,12,2018,12,7,4,9,,2,0,Asphalt,1,1,1,35,2,2,3,5,0,0,0,0,true,false,true,false,true,false,false,false,false,false,false,false,false,false,false,false,false,false,false,false,false,false,-83.20326,42.35804,"{
  ""coordinates"": [
    -8.320326200976970e+01,
    4.235803644025380e+01
  ],
  ""type"": ""Point""
}","{
  ""coordinates"": [
    -83.20326201,
    42.35803644
  ],
  ""type"": ""Point""
}",-83.2032620099999,42.35803644
19137,1573484,VERNOR,CENTRAL,2018-12-22,22,12,2018,2,7,98,9,,4,0,Asphalt,1,1,4,25,2,1,0,5,0,0,0,0,true,false,false,false,true,false,false,false,false,false,false,false,false,false,false,false,false,false,false,false,false,false,-83.1244,42.3126,"{
  ""coordinates"": [
    -8.312440143844340e+01,
    4.231260000997520e+01
  ],
  ""type"": ""Point""
}","{
  ""coordinates"": [
    -83.124401438,
    42.31260001
  ],
  ""type"": ""Point""
}",-83.1244014379999,42.31260001
19138,1574098,MCDOUGALL,JEFFERSON,2018-12-22,22,12,2018,15,7,10,9,,,0,,1,1,1,,2,2,2,5,0,0,0,0,true,false,false,false,false,false,false,false,false,false,false,false,false,false,false,false,false,false,false,false,false,false,-83.01787,42.34027,"{
  ""coordinates"": [
    -8.301787037308110e+01,
    4.234027139805060e+01
  ],
  ""type"": ""Point""
}","{
  ""coordinates"": [
    -83.017870373,
    42.340271398
  ],
  ""type"": ""Point""
}",-83.0178703729999,42.340271398
19139,1574096,FORDHAM,HAYES,2018-12-22,22,12,2018,2,7,97,9,,,0,,1,1,4,25,1,2,0,3,0,0,1,0,false,false,false,false,true,false,false,false,false,false,false,false,true,false,false,false,false,false,false,false,false,false,-82.96553,42.4346,"{
  ""coordinates"": [
    -8.296552758846450e+01,
    4.243459703214200e+01
  ],
  ""type"": ""Point""
}","{
  ""coordinates"": [
    -82.965527588,
    42.434597032
  ],
  ""type"": ""Point""
}",-82.965527588,42.4345970320001
19140,1575978,N I 75 SERVICE DRIVE,BRUSH,2018-12-22,22,12,2018,11,7,97,9,,4,1,Asphalt,1,2,1,25,1,2,2,5,0,0,0,0,true,false,false,false,false,false,false,false,false,false,false,false,true,false,false,false,false,false,false,false,false,false,-83.04925,42.34112,"{
  ""coordinates"": [
    -8.304925002680299e+01,
    4.234112149709200e+01
  ],
  ""type"": ""Point""
}","{
  ""coordinates"": [
    -83.049250027,
    42.341121497
  ],
  ""type"": ""Point""
}",-83.049250027,42.3411214970001
19141,1574081,I 96,GREENFIELD,2018-12-22,22,12,2018,17,7,8,1,,1,0,Concrete,1,1,4,70,3,2,2,5,0,0,0,0,true,false,false,false,false,false,false,false,false,false,false,false,false,false,false,false,false,false,false,false,false,false,-83.19315,42.3791,"{
  ""coordinates"": [
    -8.319315068454070e+01,
    4.237909944024560e+01
  ],
  ""type"": ""Point""
}","{
  ""coordinates"": [
    -83.193150685,
    42.37909944
  ],
  ""type"": ""Point""
}",-83.193150685,42.3790994400001
19142,1574911,CADIEUX,E I 94,2018-12-22,22,12,2018,0,7,97,1,,4,0,Concrete,2,4,4,35,4,2,0,5,0,0,0,0,true,false,false,false,true,false,false,false,false,false,false,false,true,false,false,false,false,false,false,false,false,false,-82.93714,42.41721,"{
  ""coordinates"": [
    -8.293714489317870e+01,
    4.241720897531090e+01
  ],
  ""type"": ""Point""
}","{
  ""coordinates"": [
    -82.937144893,
    42.417208975
  ],
  ""type"": ""Point""
}",-82.937144893,42.4172089750001
19143,1578037,N I 75,W I 94,2018-12-22,22,12,2018,15,7,8,1,,1,0,Asphalt,1,2,1,55,4,2,4,5,0,0,0,0,true,false,false,false,false,false,false,false,false,false,false,false,false,false,false,false,false,false,false,false,false,false,-83.05798,42.36864,"{
  ""coordinates"": [
    -8.305798140018020e+01,
    4.236863606932880e+01
  ],
  ""type"": ""Point""
}","{
  ""coordinates"": [
    -83.0579814,
    42.368636069
  ],
  ""type"": ""Point""
}",-83.0579814,42.368636069
19144,1574893,CHRYSLER,HOLBROOK,2018-12-22,22,12,2018,13,7,8,9,,4,0,Asphalt,1,2,1,30,2,2,2,5,0,0,0,0,true,false,false,false,false,false,false,false,false,false,false,false,false,false,false,false,false,false,false,false,false,false,-83.06867,42.38652,"{
  ""coordinates"": [
    -8.306867106595200e+01,
    4.238651750144470e+01
  ],
  ""type"": ""Point""
}","{
  ""coordinates"": [
    -83.068671066,
    42.386517501
  ],
  ""type"": ""Point""
}",-83.068671066,42.3865175010001
19145,1574126,VASSAR,STRATHMOOR,2018-12-22,22,12,2018,14,7,4,9,,4,0,Asphalt,1,2,1,30,2,2,2,5,0,0,0,0,true,false,true,false,false,false,false,false,false,false,false,false,false,false,false,false,false,false,false,false,false,false,-83.18899,42.43445,"{
  ""coordinates"": [
    -8.318898758965540e+01,
    4.243444686192790e+01
  ],
  ""type"": ""Point""
}","{
  ""coordinates"": [
    -83.18898759,
    42.434446862
  ],
  ""type"": ""Point""
}",-83.18898759,42.4344468620001
19146,1574900,SECOND,HENRY,2018-12-22,22,12,2018,18,7,98,9,,4,1,Asphalt,1,1,98,30,2,1,1,5,0,0,0,0,true,false,false,false,true,false,false,true,false,false,true,false,false,false,false,false,false,false,false,false,false,false,-83.05925,42.33835,"{
  ""coordinates"": [
    -8.305925116119001e+01,
    4.233835341781660e+01
  ],
  ""type"": ""Point""
}","{
  ""coordinates"": [
    -83.059251161,
    42.338353418
  ],
  ""type"": ""Point""
}",-83.059251161,42.3383534180001
19147,1574103,DAVISON,OAKMAN,2018-12-22,22,12,2018,2,7,4,3,,1,0,Concrete,2,5,4,35,2,2,3,4,0,0,0,3,false,false,false,false,false,false,false,false,false,false,false,false,false,false,true,false,false,false,false,false,false,false,-83.14392,42.38644,"{
  ""coordinates"": [
    -8.314391845335621e+01,
    4.238644135653050e+01
  ],
  ""type"": ""Point""
}","{
  ""coordinates"": [
    -83.143918453,
    42.386441357
  ],
  ""type"": ""Point""
}",-83.143918453,42.3864413570001
19148,1574092,7 MILE,PIERSON,2018-12-22,22,12,2018,21,7,5,9,,2,0,Asphalt,1,2,4,35,4,2,1,5,0,0,0,0,true,false,false,false,true,false,false,false,false,false,false,false,false,false,false,false,false,false,false,false,false,false,-83.24749,42.42936,"{
  ""coordinates"": [
    -8.324749342603710e+01,
    4.242936187178230e+01
  ],
  ""type"": ""Point""
}","{
  ""coordinates"": [
    -83.247493426,
    42.429361872
  ],
  ""type"": ""Point""
}",-83.2474934259999,42.4293618720001
19149,1575974,CHARLEVOIX,MELDRUM,2018-12-22,22,12,2018,13,7,4,9,,4,0,Asphalt,1,2,1,30,3,2,6,4,0,0,0,1,false,false,false,false,false,false,false,false,false,false,true,false,false,false,false,false,false,false,false,false,false,false,-83.01763,42.35749,"{
  ""coordinates"": [
    -8.301762976472160e+01,
    4.235748937234220e+01
  ],
  ""type"": ""Point""
}","{
  ""coordinates"": [
    -83.017629765,
    42.357489372
  ],
  ""type"": ""Point""
}",-83.017629765,42.357489372
19150,1574931,HAYES,8 MILE,2018-12-22,22,12,2018,23,7,8,3,,4,0,Asphalt,1,1,4,35,2,2,2,5,0,0,0,0,true,false,false,false,true,false,false,false,false,false,false,false,false,false,false,false,false,false,false,false,false,false,-82.96609,42.44971,"{
  ""coordinates"": [
    -8.296608600460520e+01,
    4.244971522935560e+01
  ],
  ""type"": ""Point""
}","{
  ""coordinates"": [
    -82.966086005,
    42.449715229
  ],
  ""type"": ""Point""
}",-82.966086005,42.449715229
19151,1577067,M-10,SCHAEFER,2018-12-22,22,12,2018,23,7,5,3,,1,0,Concrete,1,1,4,55,3,2,1,5,0,0,0,0,true,false,false,false,true,false,false,false,false,false,false,false,false,false,false,false,false,false,false,false,false,false,-83.17725,42.42216,"{
  ""coordinates"": [
    -8.317725337902760e+01,
    4.242216395768000e+01
  ],
  ""type"": ""Point""
}","{
  ""coordinates"": [
    -83.177253379,
    42.422163958
  ],
  ""type"": ""Point""
}",-83.177253379,42.4221639580001
19152,1585987,HUBBELL,CHALFONTE,2018-12-22,22,12,2018,18,7,4,9,,4,3,Asphalt,1,1,2,30,2,2,1,5,0,0,0,0,true,false,false,false,false,false,false,false,false,false,true,false,false,false,false,false,false,false,false,false,false,false,-83.18882,42.39957,"{
  ""coordinates"": [
    -8.318882182191300e+01,
    4.239957014554900e+01
  ],
  ""type"": ""Point""
}","{
  ""coordinates"": [
    -83.188821822,
    42.399570146
  ],
  ""type"": ""Point""
}",-83.188821822,42.399570146