ObjectId,Crash ID,Primary Road,Intersecting Road,Crash Date,Day,Month,Year,Hour,Weekday,Crash Type Code,Highway Classification Code,Community Code,Jurisdiction Code,Lane Departure Type Code,Surface Type,Road Condition,Weather Condition,Lighting Condition,Speed Limit,Lanes,Units,Occupants,Most Severe Injury,Fatal Injuries,Suspected Serious Injuries,Suspected Minor Injuries,Possible Injuries,Property Damage Only,Secondary Crash,Traffic Control,Red Light Run,Hit and Run,Alcohol,Drugs,Unbelted Person,Work Zone,Speeding Driver,Distracted Driver,Driveway,Pedestrian,Elderly Driver,Young Driver,Commercial Vehicle,Emergency Vehicles,Train,School Bus,Motorcycle,Bicycle,Deer,Longitude,Latitude,geom,geog,x,y
19261,1596756,SCHAEFER,CURTIS,2018-12-21,21,12,2018,0,6,4,9,,4,0,Asphalt,2,4,4,35,2,2,2,5,0,0,0,0,true,false,false,false,false,false,false,false,false,false,false,false,false,false,false,false,false,false,false,false,false,false,-83.18015,42.42389,"{
  ""coordinates"": [
    -8.318014990458030e+01,
    4.242389440509440e+01
  ],
  ""type"": ""Point""
}","{
  ""coordinates"": [
    -83.180149905,
    42.423894405
  ],
  ""type"": ""Point""
}",-83.180149905,42.4238944050001
19262,1642718,GRATIOT,GUNSTON,2018-12-21,21,12,2018,0,6,9,3,,1,2,Asphalt,2,4,4,35,3,2,1,5,0,0,0,0,true,false,false,false,true,false,false,false,false,false,false,false,false,false,false,false,false,false,false,false,false,false,-82.99517,42.40846,"{
  ""coordinates"": [
    -8.299517199469130e+01,
    4.240846300996980e+01
  ],
  ""type"": ""Point""
}","{
  ""coordinates"": [
    -82.995171995,
    42.40846301
  ],
  ""type"": ""Point""
}",-82.995171995,42.40846301
19263,1574112,7 MILE,ANTWERP,2018-12-20,20,12,2018,16,5,5,9,,4,0,Asphalt,2,4,4,35,2,2,2,4,0,0,0,1,false,false,false,false,false,false,false,false,false,false,false,false,false,false,false,false,false,false,false,false,false,false,-83.01864,42.43407,"{
  ""coordinates"": [
    -8.301863801599370e+01,
    4.243407497428460e+01
  ],
  ""type"": ""Point""
}","{
  ""coordinates"": [
    -83.018638016,
    42.434074974
  ],
  ""type"": ""Point""
}",-83.018638016,42.4340749740001
19264,1574109,I 94 SERVICE,CADILLAC,2018-12-20,20,12,2018,16,5,97,9,,4,0,Asphalt,2,2,1,,2,2,4,5,0,0,0,0,true,false,false,false,false,false,false,false,false,false,false,false,false,true,false,true,false,false,false,false,false,false,-83.00341,42.39235,"{
  ""coordinates"": [
    -8.300341059152720e+01,
    4.239234368892420e+01
  ],
  ""type"": ""Point""
}","{
  ""coordinates"": [
    -83.003410592,
    42.392343689
  ],
  ""type"": ""Point""
}",-83.003410592,42.392343689
19265,1573476,MICHIGAN,MILITARY,2018-12-20,20,12,2018,19,5,8,2,,1,0,Asphalt,2,4,3,45,4,2,2,5,0,0,0,0,true,false,false,false,false,false,false,false,false,false,false,false,false,false,false,false,false,false,false,false,false,false,-83.11888,42.33112,"{
  ""coordinates"": [
    -8.311888125086190e+01,
    4.233111763810040e+01
  ],
  ""type"": ""Point""
}","{
  ""coordinates"": [
    -83.118881251,
    42.331117638
  ],
  ""type"": ""Point""
}",-83.1188812509999,42.3311176380001
19266,1575967,7353 ABINGTON,MAJESCIC,2018-12-20,20,12,2018,,5,98,9,,,0,,1,2,98,25,2,2,0,5,0,0,0,0,true,false,false,false,true,false,false,false,false,false,false,false,false,false,false,false,false,false,false,false,false,false,-83.20934,42.34579,"{
  ""coordinates"": [
    -8.320933276751360e+01,
    4.234578555514640e+01
  ],
  ""type"": ""Point""
}","{
  ""coordinates"": [
    -83.209332768,
    42.345785555
  ],
  ""type"": ""Point""
}",-83.209332768,42.3457855550001
19267,1580199,I-375,LARNED,2018-12-20,20,12,2018,23,5,8,1,,1,0,Asphalt,2,4,4,55,4,2,1,5,0,0,0,0,true,false,false,false,true,false,false,false,false,false,false,false,false,false,false,false,false,false,false,false,false,false,-83.03686,42.334,"{
  ""coordinates"": [
    -8.303685578237381e+01,
    4.233400329370470e+01
  ],
  ""type"": ""Point""
}","{
  ""coordinates"": [
    -83.036855782,
    42.334003294
  ],
  ""type"": ""Point""
}",-83.036855782,42.3340032940001
19268,1609498,HARPER,CONNER,2018-12-20,20,12,2018,17,5,8,9,,4,0,Asphalt,2,4,3,35,3,2,1,5,0,0,0,0,true,false,false,false,false,false,false,false,false,false,false,false,false,false,false,false,false,false,false,false,false,false,-82.98882,42.39751,"{
  ""coordinates"": [
    -8.298882627974830e+01,
    4.239751443949610e+01
  ],
  ""type"": ""Point""
}","{
  ""coordinates"": [
    -82.98882628,
    42.397514439
  ],
  ""type"": ""Point""
}",-82.98882628,42.3975144390001
19269,1616118,STATE FAIR,WOODWARD,2018-12-20,20,12,2018,11,5,5,3,,4,0,Asphalt,3,1,1,30,2,3,4,5,0,0,0,0,true,false,false,false,false,false,false,true,false,false,false,false,false,false,true,true,false,false,false,false,false,false,-83.12016,42.43916,"{
  ""coordinates"": [
    -8.312015284031730e+01,
    4.243915857363730e+01
  ],
  ""type"": ""Point""
}","{
  ""coordinates"": [
    -83.12015284,
    42.439158574
  ],
  ""type"": ""Point""
}",-83.1201528399999,42.439158574
19270,1617442,8 MILE,LIVERNOIS,2018-12-20,20,12,2018,16,5,5,3,,1,0,Asphalt,1,1,4,35,2,2,2,5,0,0,0,0,true,false,false,false,false,false,false,false,false,false,false,false,false,false,false,false,false,false,false,false,false,false,-83.14231,42.44608,"{
  ""coordinates"": [
    -8.314230867069540e+01,
    4.244607736647150e+01
  ],
  ""type"": ""Point""
}","{
  ""coordinates"": [
    -83.142308671,
    42.446077366
  ],
  ""type"": ""Point""
}",-83.142308671,42.4460773660001
19271,1573475,MICHIGAN,LONYO,2018-12-20,20,12,2018,15,5,3,2,,1,0,Asphalt,2,4,1,25,2,2,1,4,0,0,0,1,false,false,false,false,true,false,false,false,false,false,false,false,false,false,false,false,false,false,false,false,false,false,-83.14445,42.33045,"{
  ""coordinates"": [
    -8.314444836702820e+01,
    4.233044979989020e+01
  ],
  ""type"": ""Point""
}","{
  ""coordinates"": [
    -83.144448367,
    42.3304498
  ],
  ""type"": ""Point""
}",-83.1444483669999,42.3304498000001
19272,1572732,KELLY,MAYFIELD,2018-12-20,20,12,2018,6,5,97,9,,4,0,Asphalt,1,1,1,,2,2,1,5,0,0,0,0,true,false,false,false,false,false,false,false,false,false,false,false,false,false,false,false,false,false,false,false,false,false,-82.96236,42.42227,"{
  ""coordinates"": [
    -8.296236190030460e+01,
    4.242226733706410e+01
  ],
  ""type"": ""Point""
}","{
  ""coordinates"": [
    -82.9623619,
    42.422267337
  ],
  ""type"": ""Point""
}",-82.9623619,42.4222673370001
19273,1573506,GRATIOT,CONNER,2018-12-20,20,12,2018,21,5,8,3,,1,0,Asphalt,2,4,5,35,6,2,5,3,0,0,1,1,false,false,false,false,false,true,false,false,false,true,false,false,false,false,false,false,false,false,false,false,false,false,-82.99734,42.40515,"{
  ""coordinates"": [
    -8.299734372067080e+01,
    4.240515270653530e+01
  ],
  ""type"": ""Point""
}","{
  ""coordinates"": [
    -82.997343721,
    42.405152707
  ],
  ""type"": ""Point""
}",-82.9973437209999,42.4051527070001
19274,1572747,MARLOWE,7 MILE,2018-12-20,20,12,2018,17,5,4,9,,,0,,2,4,4,35,5,2,1,5,0,0,0,0,true,false,false,false,false,false,false,false,false,false,false,false,false,false,true,false,false,false,false,false,false,false,-83.19113,42.43069,"{
  ""coordinates"": [
    -8.319113356402100e+01,
    4.243068532408920e+01
  ],
  ""type"": ""Point""
}","{
  ""coordinates"": [
    -83.191133564,
    42.430685324
  ],
  ""type"": ""Point""
}",-83.191133564,42.4306853240001
19275,1579208,I-75,CLAY,2018-12-20,20,12,2018,15,5,5,1,,1,0,Asphalt,2,4,1,55,4,2,2,5,0,0,0,0,true,false,false,false,false,false,false,false,false,false,false,false,false,true,false,false,false,false,false,false,false,false,-83.06348,42.37968,"{
  ""coordinates"": [
    -8.306348038946030e+01,
    4.237967629799830e+01
  ],
  ""type"": ""Point""
}","{
  ""coordinates"": [
    -83.063480389,
    42.379676298
  ],
  ""type"": ""Point""
}",-83.0634803889999,42.379676298
19276,1574927,WORMER,GROVE,2018-12-20,20,12,2018,7,5,4,9,,,0,,1,1,2,25,2,2,4,4,0,0,0,1,false,true,false,false,false,false,false,false,false,false,false,false,false,false,false,false,false,false,false,false,false,false,-83.27955,42.41195,"{
  ""coordinates"": [
    -8.327954748408490e+01,
    4.241195025293890e+01
  ],
  ""type"": ""Point""
}","{
  ""coordinates"": [
    -83.279547484,
    42.411950253
  ],
  ""type"": ""Point""
}",-83.279547484,42.411950253
19277,1572656,W I 96,GRAND RIVER,2018-12-20,20,12,2018,21,5,1,1,,1,1,Concrete,2,4,4,55,4,1,1,4,0,0,0,1,false,false,false,false,false,false,false,false,false,true,false,false,false,false,false,false,false,false,false,false,false,false,-83.17594,42.38385,"{
  ""coordinates"": [
    -8.317594053244180e+01,
    4.238384887569180e+01
  ],
  ""type"": ""Point""
}","{
  ""coordinates"": [
    -83.175940532,
    42.383848876
  ],
  ""type"": ""Point""
}",-83.175940532,42.3838488760001
19278,1578048,PURITAN,STANSBURY,2018-12-20,20,12,2018,17,5,5,9,,4,3,Asphalt,2,4,4,30,2,2,1,5,0,0,0,0,true,false,false,false,true,false,false,false,false,false,false,false,false,false,false,false,false,false,false,false,false,false,-83.18208,42.40928,"{
  ""coordinates"": [
    -8.318207755937590e+01,
    4.240928089280350e+01
  ],
  ""type"": ""Point""
}","{
  ""coordinates"": [
    -83.182077559,
    42.409280893
  ],
  ""type"": ""Point""
}",-83.1820775589999,42.4092808930001
19279,1572697,PURITAN,GREENFIELD,2018-12-20,20,12,2018,15,5,97,9,,4,0,Asphalt,2,4,1,30,2,1,2,3,0,0,1,0,false,false,false,false,false,false,false,false,false,false,false,true,false,false,true,false,false,false,false,false,false,false,-83.19956,42.40874,"{
  ""coordinates"": [
    -8.319956512403790e+01,
    4.240873971072630e+01
  ],
  ""type"": ""Point""
}","{
  ""coordinates"": [
    -83.199565124,
    42.408739711
  ],
  ""type"": ""Point""
}",-83.1995651239999,42.4087397110001
19280,1572653,RAMP 216E,RAMP 216D,2018-12-20,20,12,2018,13,5,5,1,,1,0,Concrete,2,4,1,55,2,2,2,5,0,0,0,0,true,false,false,false,false,false,false,false,false,false,false,false,false,false,false,false,false,false,false,false,false,false,-83.05715,42.36831,"{
  ""coordinates"": [
    -8.305715163265070e+01,
    4.236830687193280e+01
  ],
  ""type"": ""Point""
}","{
  ""coordinates"": [
    -83.057151633,
    42.368306872
  ],
  ""type"": ""Point""
}",-83.057151633,42.3683068720001
19281,1591192,W/B I 94,M 10,2018-12-20,20,12,2018,14,5,5,1,,1,0,Asphalt,2,4,1,55,3,2,2,5,0,0,0,0,true,false,false,false,false,false,false,false,false,false,false,false,false,false,false,false,false,false,false,false,false,false,-83.07571,42.35985,"{
  ""coordinates"": [
    -8.307571683113871e+01,
    4.235984929258340e+01
  ],
  ""type"": ""Point""
}","{
  ""coordinates"": [
    -83.075716831,
    42.359849293
  ],
  ""type"": ""Point""
}",-83.075716831,42.359849293
19282,1592261,RAMP 139F,E I 96 CD,2018-12-20,20,12,2018,8,5,5,1,,1,0,Asphalt,1,2,1,55,3,2,2,5,0,0,0,0,true,false,false,false,true,false,false,false,false,false,false,false,false,false,false,false,false,false,false,false,false,false,-83.15835,42.38504,"{
  ""coordinates"": [
    -8.315834864991599e+01,
    4.238504397429340e+01
  ],
  ""type"": ""Point""
}","{
  ""coordinates"": [
    -83.15834865,
    42.385043974
  ],
  ""type"": ""Point""
}",-83.1583486499999,42.385043974
19283,1614995,I-94,GRATIOT,2018-12-20,20,12,2018,13,5,5,1,,1,0,Asphalt,2,4,1,45,2,2,2,5,0,0,0,0,true,false,false,false,false,false,false,false,false,false,false,false,false,true,true,false,false,false,false,false,false,false,-83.0062,42.39144,"{
  ""coordinates"": [
    -8.300619891740619e+01,
    4.239143586966510e+01
  ],
  ""type"": ""Point""
}","{
  ""coordinates"": [
    -83.006198917,
    42.39143587
  ],
  ""type"": ""Point""
}",-83.0061989169999,42.3914358700001
19284,1583282,I-75,8 MILE,2018-12-20,20,12,2018,23,5,8,1,,1,0,Asphalt,2,4,4,70,3,2,2,5,0,0,0,0,true,false,false,false,true,false,false,false,false,false,false,false,false,false,false,false,false,false,false,false,false,false,-83.09467,42.44535,"{
  ""coordinates"": [
    -8.309466525433510e+01,
    4.244535179916990e+01
  ],
  ""type"": ""Point""
}","{
  ""coordinates"": [
    -83.094665254,
    42.445351799
  ],
  ""type"": ""Point""
}",-83.0946652539999,42.445351799
19285,1572670,E I 96,GRAND RIVER,2018-12-20,20,12,2018,12,5,8,1,,1,0,Concrete,2,4,1,70,4,2,2,5,0,0,0,0,true,false,false,false,false,false,false,false,false,true,false,false,false,false,false,false,false,false,false,false,false,false,-83.1759,42.38368,"{
  ""coordinates"": [
    -8.317590111290150e+01,
    4.238368077811060e+01
  ],
  ""type"": ""Point""
}","{
  ""coordinates"": [
    -83.175901113,
    42.383680778
  ],
  ""type"": ""Point""
}",-83.175901113,42.383680778
19286,1573505,SOUTHFIELD SERVICE,8 MILE,2018-12-20,20,12,2018,18,5,4,3,,1,0,Concrete,2,2,4,35,2,2,3,5,0,0,0,0,true,false,false,false,false,false,false,false,false,false,false,false,false,true,false,false,false,false,false,false,false,false,-83.2198,42.44414,"{
  ""coordinates"": [
    -8.321980353833760e+01,
    4.244413679096570e+01
  ],
  ""type"": ""Point""
}","{
  ""coordinates"": [
    -83.219803538,
    42.444136791
  ],
  ""type"": ""Point""
}",-83.219803538,42.4441367910001
19287,1573478,DRAGOON,CADET,2018-12-20,20,12,2018,23,5,4,9,,4,0,Asphalt,2,4,4,25,2,2,1,5,0,0,0,0,true,false,true,false,true,false,false,false,false,false,false,false,false,false,false,false,false,false,false,false,false,false,-83.10737,42.31422,"{
  ""coordinates"": [
    -8.310737209931280e+01,
    4.231421905817350e+01
  ],
  ""type"": ""Point""
}","{
  ""coordinates"": [
    -83.107372099,
    42.314219058
  ],
  ""type"": ""Point""
}",-83.107372099,42.314219058
19288,1575980,FENKELL,EVERGREEN,2018-12-20,20,12,2018,5,5,1,9,,2,1,Asphalt,1,1,4,30,4,1,1,4,0,0,0,1,false,false,false,false,false,false,false,false,false,true,false,false,false,false,false,false,false,false,false,false,false,false,-83.23737,42.40067,"{
  ""coordinates"": [
    -8.323736348762910e+01,
    4.240067062303490e+01
  ],
  ""type"": ""Point""
}","{
  ""coordinates"": [
    -83.237363488,
    42.400670623
  ],
  ""type"": ""Point""
}",-83.237363488,42.4006706230001
19289,1580198,E I 96,KENTFIELD,2018-12-20,20,12,2018,22,5,1,1,,1,1,Concrete,2,4,4,70,3,1,1,5,0,0,0,0,true,false,false,false,false,false,false,false,false,true,false,false,false,false,false,false,false,false,false,false,false,false,-83.24117,42.38396,"{
  ""coordinates"": [
    -8.324117022111170e+01,
    4.238396121006820e+01
  ],
  ""type"": ""Point""
}","{
  ""coordinates"": [
    -83.241170221,
    42.38396121
  ],
  ""type"": ""Point""
}",-83.2411702209999,42.3839612100001
19290,1572654,E/B I 94,VAN DYKE,2018-12-20,20,12,2018,14,5,5,1,,1,0,Asphalt,2,4,1,55,3,2,2,5,0,0,0,0,true,false,false,false,false,false,false,false,false,false,false,false,false,false,false,false,false,false,false,false,false,false,-83.02191,42.38564,"{
  ""coordinates"": [
    -8.302191334631669e+01,
    4.238564326926340e+01
  ],
  ""type"": ""Point""
}","{
  ""coordinates"": [
    -83.021913346,
    42.385643269
  ],
  ""type"": ""Point""
}",-83.021913346,42.3856432690001
19291,1583281,RAMP 223B,CADIEUX,2018-12-20,20,12,2018,22,5,1,1,,1,1,Asphalt,2,4,4,55,4,1,1,5,0,0,0,0,true,false,false,false,false,false,false,false,false,true,false,false,false,false,false,false,false,false,false,false,false,false,-82.9369,42.41691,"{
  ""coordinates"": [
    -8.293689974167940e+01,
    4.241690786706890e+01
  ],
  ""type"": ""Point""
}","{
  ""coordinates"": [
    -82.936899742,
    42.416907867
  ],
  ""type"": ""Point""
}",-82.936899742,42.4169078670001
19292,1579228,W I 94,GRAND,2018-12-20,20,12,2018,7,5,5,1,,1,0,Asphalt,1,2,2,55,3,3,3,5,0,0,0,0,true,false,false,false,true,false,false,false,false,false,false,false,false,false,false,false,false,false,false,false,false,false,-83.10982,42.34684,"{
  ""coordinates"": [
    -8.310981592189580e+01,
    4.234683860394330e+01
  ],
  ""type"": ""Point""
}","{
  ""coordinates"": [
    -83.109815922,
    42.346838604
  ],
  ""type"": ""Point""
}",-83.1098159219999,42.346838604
19293,1574920,MARLOWE,PILGRIM,2018-12-20,20,12,2018,8,5,8,9,,,0,,1,1,1,25,2,2,3,5,0,0,0,0,true,false,false,false,false,false,false,false,false,false,false,false,false,false,false,true,false,false,true,false,false,false,-83.19032,42.40705,"{
  ""coordinates"": [
    -8.319031709661780e+01,
    4.240705648869840e+01
  ],
  ""type"": ""Point""
}","{
  ""coordinates"": [
    -83.190317097,
    42.407056489
  ],
  ""type"": ""Point""
}",-83.190317097,42.4070564890001
19294,1579207,W I 96,GRAND RIVER,2018-12-20,20,12,2018,14,5,1,1,,1,1,Concrete,2,4,1,55,4,1,1,5,0,0,0,0,true,false,false,false,false,false,false,false,false,false,false,false,false,false,false,false,false,false,false,false,false,false,-83.17639,42.38375,"{
  ""coordinates"": [
    -8.317639098280959e+01,
    4.238375158256460e+01
  ],
  ""type"": ""Point""
}","{
  ""coordinates"": [
    -83.176390983,
    42.383751583
  ],
  ""type"": ""Point""
}",-83.176390983,42.383751583
19295,1574883,W/B I 94,VAN DYKE,2018-12-20,20,12,2018,15,5,5,1,,1,0,Asphalt,2,2,1,55,3,2,2,5,0,0,0,0,true,false,false,false,false,false,false,false,false,false,false,false,false,true,false,false,false,false,false,false,false,false,-83.022,42.38577,"{
  ""coordinates"": [
    -8.302200476063450e+01,
    4.238577401535410e+01
  ],
  ""type"": ""Point""
}","{
  ""coordinates"": [
    -83.022004761,
    42.385774015
  ],
  ""type"": ""Point""
}",-83.0220047609999,42.385774015
19296,1579210,I-94,VAN DYKE,2018-12-20,20,12,2018,16,5,5,1,,1,0,Asphalt,1,1,1,55,3,2,3,5,0,0,0,0,true,false,false,false,false,false,false,false,false,false,false,false,false,true,false,false,false,false,false,false,false,false,-83.01843,42.38693,"{
  ""coordinates"": [
    -8.301843089402820e+01,
    4.238693399651210e+01
  ],
  ""type"": ""Point""
}","{
  ""coordinates"": [
    -83.018430894,
    42.386933997
  ],
  ""type"": ""Point""
}",-83.0184308939999,42.386933997
19297,1587312,KLINGER,8 MILE,2018-12-20,20,12,2018,15,5,97,9,,,0,,2,4,1,25,1,3,1,5,0,0,0,0,true,false,false,false,false,false,false,false,false,false,false,false,false,false,false,false,false,false,false,false,false,false,-83.07001,42.44663,"{
  ""coordinates"": [
    -8.307001267838160e+01,
    4.244663373500830e+01
  ],
  ""type"": ""Point""
}","{
  ""coordinates"": [
    -83.070012678,
    42.446633735
  ],
  ""type"": ""Point""
}",-83.070012678,42.446633735
19298,1572726,MCNICHOLS,HUNTINGTON,2018-12-20,20,12,2018,14,5,4,9,,2,0,Asphalt,2,4,1,35,4,2,1,5,0,0,0,0,true,false,false,false,true,false,false,false,false,false,false,false,false,false,false,false,false,false,false,false,false,false,-83.23311,42.41527,"{
  ""coordinates"": [
    -8.323311070509661e+01,
    4.241527267829230e+01
  ],
  ""type"": ""Point""
}","{
  ""coordinates"": [
    -83.233110705,
    42.415272678
  ],
  ""type"": ""Point""
}",-83.2331107049999,42.4152726780001
19299,1584378,M10,DAVISON,2018-12-20,20,12,2018,21,5,8,3,,1,0,Concrete,2,4,4,55,3,2,1,5,0,0,0,0,true,false,false,false,true,false,false,false,false,false,false,false,false,false,false,false,false,false,false,false,false,false,-83.11183,42.39897,"{
  ""coordinates"": [
    -8.311182986485920e+01,
    4.239896834570410e+01
  ],
  ""type"": ""Point""
}","{
  ""coordinates"": [
    -83.111829865,
    42.398968346
  ],
  ""type"": ""Point""
}",-83.1118298649999,42.3989683460001
19300,1639872,CANFIELD,ST ANTOINE,2018-12-20,20,12,2018,16,5,98,9,,4,3,Concrete,1,1,1,,2,2,1,5,0,0,0,0,true,false,false,false,true,false,false,false,false,false,false,false,false,false,false,false,false,false,false,false,false,false,-83.05431,42.35559,"{
  ""coordinates"": [
    -8.305430452421550e+01,
    4.235559557099230e+01
  ],
  ""type"": ""Point""
}","{
  ""coordinates"": [
    -83.054304524,
    42.355595571
  ],
  ""type"": ""Point""
}",-83.054304524,42.355595571
19301,1572698,PURITAN,LESURE,2018-12-20,20,12,2018,0,5,4,9,,4,0,Asphalt,2,4,4,30,4,2,2,5,0,0,0,0,true,false,false,false,false,true,false,true,false,false,false,false,false,false,false,false,true,false,false,false,false,false,-83.18157,42.4093,"{
  ""coordinates"": [
    -8.318157108160121e+01,
    4.240929619234480e+01
  ],
  ""type"": ""Point""
}","{
  ""coordinates"": [
    -83.181571082,
    42.409296192
  ],
  ""type"": ""Point""
}",-83.1815710819999,42.4092961920001
19302,1572722,GRANDMONT,VAN BUREN,2018-12-20,20,12,2018,14,5,97,9,,,0,,1,1,1,25,2,2,0,4,0,0,0,1,false,false,false,false,true,false,false,false,false,false,false,false,true,false,false,false,false,false,false,false,false,false,-83.2093,42.35653,"{
  ""coordinates"": [
    -8.320929820653301e+01,
    4.235652454550480e+01
  ],
  ""type"": ""Point""
}","{
  ""coordinates"": [
    -83.209298207,
    42.356524546
  ],
  ""type"": ""Point""
}",-83.209298207,42.3565245460001
19303,1574085,GARLAND,WARREN,2018-12-20,20,12,2018,18,5,5,9,,,0,,2,2,4,,1,2,4,3,0,0,2,0,false,false,false,false,true,false,false,true,false,false,false,false,false,false,false,false,false,false,false,false,false,false,-82.99349,42.38353,"{
  ""coordinates"": [
    -8.299349566674501e+01,
    4.238353169033600e+01
  ],
  ""type"": ""Point""
}","{
  ""coordinates"": [
    -82.993495667,
    42.38353169
  ],
  ""type"": ""Point""
}",-82.993495667,42.38353169
19304,1573512,DAVISON,LIVERNOIS,2018-12-20,20,12,2018,23,5,8,3,,1,0,Concrete,2,4,3,35,3,2,2,5,0,0,0,0,true,false,false,false,false,false,false,false,false,false,false,false,false,false,false,false,false,false,false,false,false,false,-83.13937,42.3867,"{
  ""coordinates"": [
    -8.313936389353030e+01,
    4.238669952875010e+01
  ],
  ""type"": ""Point""
}","{
  ""coordinates"": [
    -83.139363894,
    42.386699529
  ],
  ""type"": ""Point""
}",-83.139363894,42.3866995290001
19305,1574898,WOODWARD,ALGER,2018-12-20,20,12,2018,14,5,97,3,,1,0,Asphalt,2,4,1,40,2,2,3,5,0,0,0,0,true,false,false,false,false,false,false,false,false,false,false,false,true,true,false,false,false,false,false,false,false,false,-83.0797,42.37979,"{
  ""coordinates"": [
    -8.307970468016300e+01,
    4.237979243974540e+01
  ],
  ""type"": ""Point""
}","{
  ""coordinates"": [
    -83.07970468,
    42.37979244
  ],
  ""type"": ""Point""
}",-83.07970468,42.3797924400001
19306,1572699,WYOMING,PICKFORD,2018-12-20,20,12,2018,20,5,8,9,,4,0,Asphalt,2,4,4,,4,2,3,5,0,0,0,0,true,false,false,false,false,false,false,false,false,false,false,false,false,false,false,false,false,false,false,false,false,false,-83.16068,42.42324,"{
  ""coordinates"": [
    -8.316067281188870e+01,
    4.242323540664580e+01
  ],
  ""type"": ""Point""
}","{
  ""coordinates"": [
    -83.160672812,
    42.423235407
  ],
  ""type"": ""Point""
}",-83.160672812,42.423235407
19307,1575972,RUSSELL,FERRY,2018-12-20,20,12,2018,11,5,1,9,,4,1,Concrete,2,4,1,10,1,1,3,5,0,0,0,0,true,false,false,false,false,false,false,false,false,false,false,false,false,false,false,false,false,false,false,false,false,false,-83.05363,42.3662,"{
  ""coordinates"": [
    -8.305363684555370e+01,
    4.236620407846850e+01
  ],
  ""type"": ""Point""
}","{
  ""coordinates"": [
    -83.053636846,
    42.366204078
  ],
  ""type"": ""Point""
}",-83.053636846,42.3662040780001
19308,1573511,THIRD,CLAIRMOUNT,2018-12-20,20,12,2018,15,5,4,9,,4,0,Asphalt,2,4,1,30,4,2,2,4,0,0,0,2,false,false,true,true,true,false,false,false,false,false,false,false,false,true,false,false,false,false,false,false,false,false,-83.08775,42.38064,"{
  ""coordinates"": [
    -8.308775417791260e+01,
    4.238063816955930e+01
  ],
  ""type"": ""Point""
}","{
  ""coordinates"": [
    -83.087754178,
    42.38063817
  ],
  ""type"": ""Point""
}",-83.087754178,42.3806381700001
19309,1572733,W I 94,CONNER,2018-12-20,20,12,2018,6,5,8,1,,1,0,Asphalt,1,1,3,55,3,2,2,5,0,0,0,0,true,false,false,false,true,false,false,false,false,false,false,false,false,false,false,false,false,false,false,false,false,false,-82.98783,42.39659,"{
  ""coordinates"": [
    -8.298783227657169e+01,
    4.239658922349480e+01
  ],
  ""type"": ""Point""
}","{
  ""coordinates"": [
    -82.987832277,
    42.396589223
  ],
  ""type"": ""Point""
}",-82.9878322769999,42.396589223
19310,1573520,WARREN,S M 39 SERVICE DRIVE,2018-12-20,20,12,2018,20,5,10,9,,2,0,Asphalt,2,4,4,30,6,2,2,5,0,0,0,0,true,false,false,false,false,false,false,false,false,false,false,false,false,false,true,false,false,false,false,false,false,false,-83.2167,42.34336,"{
  ""coordinates"": [
    -8.321669923008810e+01,
    4.234336018500490e+01
  ],
  ""type"": ""Point""
}","{
  ""coordinates"": [
    -83.21669923,
    42.343360185
  ],
  ""type"": ""Point""
}",-83.21669923,42.3433601850001
19311,1573491,CONNER,MACK,2018-12-20,20,12,2018,5,5,97,9,,4,0,Concrete,1,1,4,35,5,2,1,1,1,0,0,0,false,false,false,false,true,false,false,false,false,false,false,false,true,false,false,false,false,false,false,false,false,false,-82.96784,42.3837,"{
  ""coordinates"": [
    -8.296784316357930e+01,
    4.238369626257880e+01
  ],
  ""type"": ""Point""
}","{
  ""coordinates"": [
    -82.967843164,
    42.383696263
  ],
  ""type"": ""Point""
}",-82.967843164,42.383696263
19312,1628003,CADILLAC,MOFFAT,2018-12-20,20,12,2018,19,5,4,9,,4,0,Asphalt,2,4,5,30,2,2,1,4,0,0,0,1,false,false,true,false,true,false,false,false,false,false,false,false,false,true,false,false,false,false,false,false,false,false,-82.99839,42.38469,"{
  ""coordinates"": [
    -8.299838772984350e+01,
    4.238469134728620e+01
  ],
  ""type"": ""Point""
}","{
  ""coordinates"": [
    -82.99838773,
    42.384691347
  ],
  ""type"": ""Point""
}",-82.99838773,42.3846913470001
19313,1579209,I-75,WOODWARD,2018-12-20,20,12,2018,16,5,8,1,,1,0,Concrete,2,4,1,55,4,2,2,5,0,0,0,0,true,false,false,false,false,false,false,false,false,false,false,false,false,false,false,false,false,false,false,false,false,false,-83.0525,42.33998,"{
  ""coordinates"": [
    -8.305249528784999e+01,
    4.233997771611380e+01
  ],
  ""type"": ""Point""
}","{
  ""coordinates"": [
    -83.052495288,
    42.339977716
  ],
  ""type"": ""Point""
}",-83.052495288,42.3399777160001
19314,1603939,I-96,GREENFIELD,2018-12-20,20,12,2018,20,5,1,1,,1,1,Concrete,2,4,4,55,3,1,1,4,0,0,0,1,false,false,false,false,false,false,false,false,false,true,false,false,false,false,false,false,false,false,false,false,false,false,-83.19767,42.37923,"{
  ""coordinates"": [
    -8.319766717680061e+01,
    4.237923582733960e+01
  ],
  ""type"": ""Point""
}","{
  ""coordinates"": [
    -83.197667177,
    42.379235827
  ],
  ""type"": ""Point""
}",-83.197667177,42.3792358270001