ObjectId,Crash ID,Primary Road,Intersecting Road,Crash Date,Day,Month,Year,Hour,Weekday,Crash Type Code,Highway Classification Code,Community Code,Jurisdiction Code,Lane Departure Type Code,Surface Type,Road Condition,Weather Condition,Lighting Condition,Speed Limit,Lanes,Units,Occupants,Most Severe Injury,Fatal Injuries,Suspected Serious Injuries,Suspected Minor Injuries,Possible Injuries,Property Damage Only,Secondary Crash,Traffic Control,Red Light Run,Hit and Run,Alcohol,Drugs,Unbelted Person,Work Zone,Speeding Driver,Distracted Driver,Driveway,Pedestrian,Elderly Driver,Young Driver,Commercial Vehicle,Emergency Vehicles,Train,School Bus,Motorcycle,Bicycle,Deer,Longitude,Latitude,geom,geog,x,y
19370,1571599,BELDEN,PURITAN,2018-12-19,19,12,2018,13,4,5,9,,,0,,1,1,1,25,2,2,6,5,0,0,0,0,true,false,false,false,true,false,false,false,false,false,false,false,false,false,false,false,false,false,false,false,false,false,-83.13557,42.40917,"{
  ""coordinates"": [
    -8.313557160339759e+01,
    4.240917224336760e+01
  ],
  ""type"": ""Point""
}","{
  ""coordinates"": [
    -83.135571603,
    42.409172243
  ],
  ""type"": ""Point""
}",-83.135571603,42.4091722430001
19371,1571592,WOODWARD,WARREN,2018-12-19,19,12,2018,13,4,8,3,,1,0,Asphalt,1,1,1,45,2,2,1,5,0,0,0,0,true,false,false,false,true,false,false,false,false,false,false,false,false,false,false,false,false,false,false,false,false,false,-83.0641,42.35645,"{
  ""coordinates"": [
    -8.306409945451280e+01,
    4.235645315815010e+01
  ],
  ""type"": ""Point""
}","{
  ""coordinates"": [
    -83.064099455,
    42.356453158
  ],
  ""type"": ""Point""
}",-83.064099455,42.3564531580001
19372,1571540,CENTRAL,PARKWOOD,2018-12-19,19,12,2018,0,4,4,9,,4,0,Asphalt,1,1,4,,2,2,1,4,0,0,0,1,false,false,false,false,true,false,false,false,false,false,true,false,false,false,false,false,false,false,false,false,false,false,-83.13419,42.32631,"{
  ""coordinates"": [
    -8.313419501958090e+01,
    4.232630538425120e+01
  ],
  ""type"": ""Point""
}","{
  ""coordinates"": [
    -83.13419502,
    42.326305384
  ],
  ""type"": ""Point""
}",-83.1341950199999,42.3263053840001
19373,1574889,EPWORTH,LINSDALE,2018-12-19,19,12,2018,0,4,4,9,,4,0,Asphalt,1,2,4,30,2,2,1,5,0,0,0,0,true,false,false,false,true,false,false,false,false,false,false,false,false,false,false,false,false,false,false,false,false,false,-83.13387,42.35769,"{
  ""coordinates"": [
    -8.313387454060820e+01,
    4.235768431011150e+01
  ],
  ""type"": ""Point""
}","{
  ""coordinates"": [
    -83.133874541,
    42.35768431
  ],
  ""type"": ""Point""
}",-83.133874541,42.35768431
19374,1574108,RYAN,NEVADA,2018-12-19,19,12,2018,18,4,8,9,,4,0,Asphalt,1,1,4,35,4,2,2,5,0,0,0,0,true,false,false,false,false,false,false,false,false,false,false,false,false,false,false,false,false,false,false,false,false,false,-83.06271,42.42597,"{
  ""coordinates"": [
    -8.306270999877469e+01,
    4.242596809494800e+01
  ],
  ""type"": ""Point""
}","{
  ""coordinates"": [
    -83.062709999,
    42.425968095
  ],
  ""type"": ""Point""
}",-83.0627099989999,42.425968095
19375,1574128,WYOMING,PEMBROKE,2018-12-19,19,12,2018,15,4,5,9,,4,0,Asphalt,1,1,1,30,5,2,2,5,0,0,0,0,true,false,false,false,false,false,false,false,false,false,false,true,false,true,true,false,false,false,false,false,false,false,-83.1612,42.43795,"{
  ""coordinates"": [
    -8.316119840486630e+01,
    4.243795404740120e+01
  ],
  ""type"": ""Point""
}","{
  ""coordinates"": [
    -83.161198405,
    42.437954047
  ],
  ""type"": ""Point""
}",-83.1611984049999,42.4379540470001
19376,1571584,MCNICHOLS,BRADFORD,2018-12-19,19,12,2018,15,4,8,9,,4,0,Asphalt,1,1,1,35,4,2,1,5,0,0,0,0,true,false,false,false,true,false,false,false,false,false,false,false,false,true,false,false,false,false,false,false,false,false,-83.00001,42.42138,"{
  ""coordinates"": [
    -8.300001052963310e+01,
    4.242137771906000e+01
  ],
  ""type"": ""Point""
}","{
  ""coordinates"": [
    -83.00001053,
    42.421377719
  ],
  ""type"": ""Point""
}",-83.0000105299999,42.4213777190001
19377,1572719,ARTESIAN,PAUL,2018-12-19,19,12,2018,7,4,4,9,,,0,,1,1,3,25,2,2,4,5,0,0,0,0,true,false,true,false,false,false,false,false,false,false,false,false,false,false,true,false,false,false,false,false,false,false,-83.22541,42.336,"{
  ""coordinates"": [
    -8.322541191960730e+01,
    4.233600282732490e+01
  ],
  ""type"": ""Point""
}","{
  ""coordinates"": [
    -83.22541192,
    42.336002827
  ],
  ""type"": ""Point""
}",-83.2254119199999,42.3360028270001
19378,1571557,GRATIOT,FISHER,2018-12-19,19,12,2018,8,4,5,1,,1,0,Concrete,1,1,1,35,3,2,2,5,0,0,0,0,true,false,false,false,false,false,false,false,false,false,false,false,false,true,false,false,false,false,false,false,false,false,-83.05842,42.33708,"{
  ""coordinates"": [
    -8.305841785732400e+01,
    4.233707983129750e+01
  ],
  ""type"": ""Point""
}","{
  ""coordinates"": [
    -83.058417857,
    42.337079831
  ],
  ""type"": ""Point""
}",-83.0584178569999,42.337079831
19379,1574106,CHRYSLER,8MILE,2018-12-19,19,12,2018,15,4,4,1,,1,0,Asphalt,1,1,1,35,3,2,3,5,0,0,0,0,true,false,false,false,false,false,false,false,false,false,false,false,false,false,false,true,false,false,false,false,false,false,-83.09492,42.4468,"{
  ""coordinates"": [
    -8.309492800962811e+01,
    4.244679871143500e+01
  ],
  ""type"": ""Point""
}","{
  ""coordinates"": [
    -83.09492801,
    42.446798711
  ],
  ""type"": ""Point""
}",-83.09492801,42.446798711
19380,1579191,RAMP 216H,W I 94,2018-12-19,19,12,2018,6,4,1,1,,1,1,Concrete,3,2,4,55,2,1,1,4,0,0,0,1,false,false,false,false,false,false,false,false,false,false,false,false,false,false,false,false,false,false,false,false,false,false,-83.06005,42.36747,"{
  ""coordinates"": [
    -8.306005041638311e+01,
    4.236747336588130e+01
  ],
  ""type"": ""Point""
}","{
  ""coordinates"": [
    -83.060050416,
    42.367473366
  ],
  ""type"": ""Point""
}",-83.060050416,42.3674733660001
19381,1571544,MERRITT,JUNCTION,2018-12-19,19,12,2018,19,4,10,9,,,0,,1,1,4,25,2,2,2,5,0,0,0,0,true,false,false,false,false,false,false,false,false,false,false,true,false,false,false,false,false,false,false,false,false,false,-83.10567,42.32322,"{
  ""coordinates"": [
    -8.310567827974920e+01,
    4.232322434744570e+01
  ],
  ""type"": ""Point""
}","{
  ""coordinates"": [
    -83.10567828,
    42.323224347
  ],
  ""type"": ""Point""
}",-83.1056782799999,42.3232243470001
19382,1571590,WINCHESTER,REVERE,2018-12-19,19,12,2018,4,4,1,9,,,1,,1,1,4,25,1,1,2,5,0,0,0,0,true,false,false,false,false,false,false,false,false,false,false,false,false,false,false,false,false,false,false,false,false,false,-83.06903,42.44513,"{
  ""coordinates"": [
    -8.306903444382280e+01,
    4.244512601227010e+01
  ],
  ""type"": ""Point""
}","{
  ""coordinates"": [
    -83.069034444,
    42.445126012
  ],
  ""type"": ""Point""
}",-83.069034444,42.4451260120001
19383,1571542,GRATIOT,MOUNT ELLIOTT,2018-12-19,19,12,2018,9,4,8,3,,1,0,Asphalt,1,1,1,30,6,2,1,5,0,0,0,0,true,false,false,false,true,false,false,false,false,false,false,false,false,false,false,false,false,false,false,false,false,false,-83.02394,42.36487,"{
  ""coordinates"": [
    -8.302394167139479e+01,
    4.236486730618110e+01
  ],
  ""type"": ""Point""
}","{
  ""coordinates"": [
    -83.023941671,
    42.364867306
  ],
  ""type"": ""Point""
}",-83.023941671,42.3648673060001
19384,1571529,COYLE,ORANGELAWN,2018-12-19,19,12,2018,16,4,2,9,,,2,,1,1,1,25,2,2,0,5,0,0,0,0,true,false,false,false,true,false,false,false,false,false,false,false,false,false,false,false,false,false,false,false,false,false,-83.19297,42.36695,"{
  ""coordinates"": [
    -8.319297163767740e+01,
    4.236695614955990e+01
  ],
  ""type"": ""Point""
}","{
  ""coordinates"": [
    -83.192971638,
    42.36695615
  ],
  ""type"": ""Point""
}",-83.192971638,42.3669561500001
19385,1570327,W/B I 94,BURNS,2018-12-19,19,12,2018,6,4,5,1,,1,0,Asphalt,1,2,4,55,3,2,1,5,0,0,0,0,true,false,false,false,true,false,false,false,false,false,false,false,false,false,false,false,false,false,false,false,false,false,-83.01407,42.38869,"{
  ""coordinates"": [
    -8.301406513624570e+01,
    4.238868602076090e+01
  ],
  ""type"": ""Point""
}","{
  ""coordinates"": [
    -83.014065136,
    42.388686021
  ],
  ""type"": ""Point""
}",-83.0140651359999,42.3886860210001
19386,1570940,I-94,I-75,2018-12-19,19,12,2018,15,4,5,1,,1,0,Asphalt,1,1,1,55,4,2,2,5,0,0,0,0,true,false,false,false,false,false,false,false,false,false,false,false,false,false,false,false,false,false,false,false,false,false,-83.06142,42.36682,"{
  ""coordinates"": [
    -8.306142102244419e+01,
    4.236681604335700e+01
  ],
  ""type"": ""Point""
}","{
  ""coordinates"": [
    -83.061421022,
    42.366816043
  ],
  ""type"": ""Point""
}",-83.061421022,42.366816043
19387,1573457,N I 75,RAMP 047C,2018-12-19,19,12,2018,1,4,1,1,,1,1,Concrete,1,1,4,55,2,1,1,4,0,0,0,1,false,false,false,false,false,false,false,false,false,true,false,false,false,false,true,false,false,false,false,false,false,false,-83.08224,42.41223,"{
  ""coordinates"": [
    -8.308224730853290e+01,
    4.241223309300840e+01
  ],
  ""type"": ""Point""
}","{
  ""coordinates"": [
    -83.082247309,
    42.412233093
  ],
  ""type"": ""Point""
}",-83.082247309,42.4122330930001
19388,1573471,JOHN C LODGE SERVICE,GRAND,2018-12-19,19,12,2018,22,4,4,3,,1,0,Concrete,1,1,4,35,4,2,1,4,0,0,0,1,false,false,false,false,true,false,false,false,false,false,false,false,false,false,false,false,false,false,false,false,false,false,-83.08179,42.36718,"{
  ""coordinates"": [
    -8.308178829555710e+01,
    4.236717831695900e+01
  ],
  ""type"": ""Point""
}","{
  ""coordinates"": [
    -83.081788296,
    42.367178317
  ],
  ""type"": ""Point""
}",-83.081788296,42.367178317
19389,1571556,HARPER,FRONTENAC,2018-12-19,19,12,2018,7,4,2,9,,4,2,Asphalt,1,1,1,35,4,2,3,4,0,0,0,2,false,false,false,false,false,false,false,false,false,false,false,false,false,false,false,false,false,false,false,false,false,false,-83.02697,42.38549,"{
  ""coordinates"": [
    -8.302696886675670e+01,
    4.238549455178620e+01
  ],
  ""type"": ""Point""
}","{
  ""coordinates"": [
    -83.026968867,
    42.385494552
  ],
  ""type"": ""Point""
}",-83.0269688669999,42.3854945520001
19390,1578027,I-75,8 MILE,2018-12-19,19,12,2018,15,4,5,1,,1,0,Asphalt,1,1,1,70,4,2,1,5,0,0,0,0,true,false,false,false,true,false,false,false,false,false,false,false,false,false,false,false,false,false,false,false,false,false,-83.09479,42.44407,"{
  ""coordinates"": [
    -8.309478751543450e+01,
    4.244406549925470e+01
  ],
  ""type"": ""Point""
}","{
  ""coordinates"": [
    -83.094787515,
    42.444065499
  ],
  ""type"": ""Point""
}",-83.094787515,42.444065499
19391,1571564,GREENFIELD,7 MILE,2018-12-19,19,12,2018,15,4,97,9,,2,0,Asphalt,1,1,3,35,5,2,0,2,0,1,0,0,false,false,false,false,true,false,false,false,false,false,false,false,true,false,false,false,false,false,false,false,false,false,-83.19987,42.43042,"{
  ""coordinates"": [
    -8.319987374423640e+01,
    4.243042209990690e+01
  ],
  ""type"": ""Point""
}","{
  ""coordinates"": [
    -83.199873744,
    42.4304221
  ],
  ""type"": ""Point""
}",-83.1998737439999,42.4304221
19392,1575979,SEVEN MILE,OAKFIELD,2018-12-19,19,12,2018,11,4,4,9,,2,0,Asphalt,1,1,4,30,4,2,3,2,0,1,0,0,false,false,true,true,false,false,false,false,false,false,false,false,false,false,false,false,false,false,false,false,false,false,-83.21502,42.43013,"{
  ""coordinates"": [
    -8.321502246511371e+01,
    4.243013401906270e+01
  ],
  ""type"": ""Point""
}","{
  ""coordinates"": [
    -83.215022465,
    42.430134019
  ],
  ""type"": ""Point""
}",-83.2150224649999,42.430134019
19393,1573489,WARREN,ALTER,2018-12-19,19,12,2018,19,4,8,9,,4,0,Asphalt,1,1,4,35,5,2,4,5,0,0,0,0,true,false,false,false,false,false,false,false,false,false,false,false,false,false,false,false,false,false,false,false,false,false,-83.0545,42.36073,"{
  ""coordinates"": [
    -8.305450081298341e+01,
    4.236073370095230e+01
  ],
  ""type"": ""Point""
}","{
  ""coordinates"": [
    -83.054500813,
    42.360733701
  ],
  ""type"": ""Point""
}",-83.0545008129999,42.3607337010001
19394,1572729,HAYES,WILFRED,2018-12-19,19,12,2018,18,4,4,9,,4,0,Asphalt,1,1,4,,4,2,1,5,0,0,0,0,true,false,true,false,true,false,false,false,false,false,false,false,false,false,false,false,false,false,false,false,false,false,-82.96497,42.41916,"{
  ""coordinates"": [
    -8.296496867550060e+01,
    4.241916443955630e+01
  ],
  ""type"": ""Point""
}","{
  ""coordinates"": [
    -82.964968676,
    42.41916444
  ],
  ""type"": ""Point""
}",-82.964968676,42.41916444
19395,1579190,RAMP 018A,N I 75,2018-12-19,19,12,2018,5,4,1,1,,1,1,Asphalt,1,1,4,55,2,1,1,5,0,0,0,0,true,false,false,false,false,false,false,false,false,false,false,false,false,false,false,false,false,false,false,false,false,false,-83.04333,42.34204,"{
  ""coordinates"": [
    -8.304332775873040e+01,
    4.234203587579390e+01
  ],
  ""type"": ""Point""
}","{
  ""coordinates"": [
    -83.043327759,
    42.342035876
  ],
  ""type"": ""Point""
}",-83.043327759,42.3420358760001
19396,1573496,WHITTER,LINVILLE,2018-12-19,19,12,2018,13,4,5,9,,4,0,Asphalt,1,1,1,35,2,2,2,5,0,0,0,0,true,false,false,false,false,false,false,false,false,false,false,false,false,false,false,false,false,false,false,false,false,false,-82.94082,42.41016,"{
  ""coordinates"": [
    -8.294081881465630e+01,
    4.241015953730830e+01
  ],
  ""type"": ""Point""
}","{
  ""coordinates"": [
    -82.940818815,
    42.410159537
  ],
  ""type"": ""Point""
}",-82.9408188149999,42.410159537
19397,1573488,OUTER,WAVENEY,2018-12-19,19,12,2018,16,4,8,9,,2,0,Asphalt,1,1,1,35,2,2,4,5,0,0,0,0,true,false,false,false,false,false,false,false,false,true,false,false,false,false,false,false,false,false,false,false,false,false,-82.93325,42.39887,"{
  ""coordinates"": [
    -8.293325415187689e+01,
    4.239886958417440e+01
  ],
  ""type"": ""Point""
}","{
  ""coordinates"": [
    -82.933254152,
    42.398869584
  ],
  ""type"": ""Point""
}",-82.933254152,42.3988695840001
19398,1578078,VERNOR,SAINT AUBIN,2018-12-19,19,12,2018,14,4,1,9,,4,1,Asphalt,1,1,1,30,4,1,1,3,0,0,1,0,false,false,false,false,false,false,false,false,false,false,false,false,false,false,false,false,false,false,false,false,false,false,-83.03294,42.34878,"{
  ""coordinates"": [
    -8.303294143336529e+01,
    4.234877714882770e+01
  ],
  ""type"": ""Point""
}","{
  ""coordinates"": [
    -83.032941433,
    42.348777149
  ],
  ""type"": ""Point""
}",-83.032941433,42.3487771490001
19399,1573490,SAINT JEAN,MACK,2018-12-19,19,12,2018,15,4,8,9,,,0,,1,1,1,35,2,2,1,5,0,0,0,0,true,false,false,false,true,false,false,false,false,false,false,false,false,false,false,false,false,false,false,false,false,false,-82.97834,42.37878,"{
  ""coordinates"": [
    -8.297833661441101e+01,
    4.237877851716130e+01
  ],
  ""type"": ""Point""
}","{
  ""coordinates"": [
    -82.978336614,
    42.378778517
  ],
  ""type"": ""Point""
}",-82.9783366139999,42.3787785170001
19400,1570315,M39,PAUL,2018-12-19,19,12,2018,9,4,5,3,,1,0,Asphalt,1,1,1,55,3,3,6,3,0,0,1,1,false,false,false,false,false,false,false,false,false,false,false,false,false,false,false,false,false,false,false,false,false,false,-83.21611,42.33833,"{
  ""coordinates"": [
    -8.321611060544190e+01,
    4.233833250197610e+01
  ],
  ""type"": ""Point""
}","{
  ""coordinates"": [
    -83.216110605,
    42.338332502
  ],
  ""type"": ""Point""
}",-83.216110605,42.3383325020001
19401,1571585,W I 94,RAMP 220H,2018-12-19,19,12,2018,13,4,1,1,,1,0,Asphalt,1,1,1,55,6,1,1,5,0,0,0,0,true,false,false,false,false,false,false,false,false,false,false,false,false,false,false,false,false,false,false,false,false,false,-82.99181,42.39378,"{
  ""coordinates"": [
    -8.299181679295930e+01,
    4.239377437705360e+01
  ],
  ""type"": ""Point""
}","{
  ""coordinates"": [
    -82.991816793,
    42.393774377
  ],
  ""type"": ""Point""
}",-82.9918167929999,42.3937743770001
19402,1572716,MASON,WOODMERE,2018-12-19,19,12,2018,7,4,98,9,,,0,,1,1,1,25,1,2,0,5,0,0,0,0,true,false,false,false,true,false,false,false,false,false,false,false,false,false,false,false,false,false,false,false,false,false,-83.13647,42.30383,"{
  ""coordinates"": [
    -8.313647546809540e+01,
    4.230382981617620e+01
  ],
  ""type"": ""Point""
}","{
  ""coordinates"": [
    -83.136475468,
    42.303829816
  ],
  ""type"": ""Point""
}",-83.136475468,42.3038298160001
19403,1574887,FARMER,BATES,2018-12-19,19,12,2018,9,4,8,9,,7,0,Asphalt,1,1,1,25,4,2,0,5,0,0,0,0,true,false,false,false,true,false,false,false,false,false,false,false,false,false,false,false,false,false,false,false,false,false,-83.04472,42.33258,"{
  ""coordinates"": [
    -8.304471969308079e+01,
    4.233257784291550e+01
  ],
  ""type"": ""Point""
}","{
  ""coordinates"": [
    -83.044719693,
    42.332577843
  ],
  ""type"": ""Point""
}",-83.044719693,42.3325778430001
19404,1579195,M-39,JOY,2018-12-19,19,12,2018,9,4,8,3,,1,0,Asphalt,1,1,1,55,3,2,2,5,0,0,0,0,true,true,false,false,false,false,false,false,false,false,false,false,false,false,false,false,false,false,false,false,false,false,-83.21652,42.36147,"{
  ""coordinates"": [
    -8.321652384404010e+01,
    4.236146990939090e+01
  ],
  ""type"": ""Point""
}","{
  ""coordinates"": [
    -83.216523844,
    42.361469909
  ],
  ""type"": ""Point""
}",-83.2165238439999,42.361469909
19405,1571596,HUBBELL,PICKFORD,2018-12-19,19,12,2018,8,4,4,9,,4,0,Asphalt,1,1,1,25,2,2,3,2,0,1,0,0,false,false,true,false,false,false,false,false,false,false,false,false,false,false,true,false,false,false,false,false,false,false,-83.18978,42.42533,"{
  ""coordinates"": [
    -8.318978457620000e+01,
    4.242532717278210e+01
  ],
  ""type"": ""Point""
}","{
  ""coordinates"": [
    -83.189784576,
    42.425327173
  ],
  ""type"": ""Point""
}",-83.189784576,42.425327173
19406,1581017,MOUNT ELLIOTT,LARNED,2018-12-19,19,12,2018,8,4,97,9,,4,0,Asphalt,1,1,1,25,3,2,1,5,0,0,0,0,true,false,false,false,true,false,false,false,false,false,false,false,false,false,false,false,false,false,false,false,false,false,-83.01054,42.34452,"{
  ""coordinates"": [
    -8.301054294753810e+01,
    4.234452019946610e+01
  ],
  ""type"": ""Point""
}","{
  ""coordinates"": [
    -83.010542948,
    42.344520199
  ],
  ""type"": ""Point""
}",-83.010542948,42.344520199
19407,1570326,RAMP 037C,S I 75,2018-12-19,19,12,2018,5,4,1,1,,1,1,Concrete,3,2,4,55,1,1,1,4,0,0,0,1,false,false,false,false,false,false,false,false,false,true,false,false,false,false,true,false,false,false,false,false,false,false,-83.08426,42.33204,"{
  ""coordinates"": [
    -8.308425628235371e+01,
    4.233203676151550e+01
  ],
  ""type"": ""Point""
}","{
  ""coordinates"": [
    -83.084256282,
    42.332036762
  ],
  ""type"": ""Point""
}",-83.084256282,42.332036762
19408,1571591,CONANT,OUTER,2018-12-19,19,12,2018,12,4,97,9,,4,0,Asphalt,1,1,1,,2,2,0,5,0,0,0,0,true,true,false,false,true,false,false,false,false,false,false,false,true,false,false,false,false,false,false,false,false,false,-83.07983,42.44149,"{
  ""coordinates"": [
    -8.307983381045710e+01,
    4.244148654229730e+01
  ],
  ""type"": ""Point""
}","{
  ""coordinates"": [
    -83.07983381,
    42.441486542
  ],
  ""type"": ""Point""
}",-83.07983381,42.4414865420001
19409,1579202,I 75,ROSA PARKS,2018-12-19,19,12,2018,16,4,5,9,,4,0,Asphalt,1,1,1,55,2,2,2,5,0,0,0,0,true,false,false,false,false,false,false,false,false,false,false,false,false,false,false,false,false,false,false,false,false,false,-83.07328,42.33392,"{
  ""coordinates"": [
    -8.307327956073850e+01,
    4.233392127910580e+01
  ],
  ""type"": ""Point""
}","{
  ""coordinates"": [
    -83.073279561,
    42.333921279
  ],
  ""type"": ""Point""
}",-83.0732795609999,42.333921279
19410,1618260,GRAND RIVER,TRINITY,2018-12-19,19,12,2018,12,4,97,3,,1,0,Asphalt,1,1,1,,4,2,2,5,0,0,0,0,true,false,false,false,false,false,false,false,false,false,false,true,false,false,false,false,false,false,false,false,false,false,-83.24875,42.41294,"{
  ""coordinates"": [
    -8.324874772499049e+01,
    4.241293875532560e+01
  ],
  ""type"": ""Point""
}","{
  ""coordinates"": [
    -83.248747725,
    42.412938755
  ],
  ""type"": ""Point""
}",-83.248747725,42.412938755
19411,1572708,WOODWARD,MILWAUKEE,2018-12-19,19,12,2018,18,4,5,3,,1,0,Asphalt,1,1,1,35,3,2,4,5,0,0,0,0,true,false,false,false,false,false,false,false,false,false,false,false,false,false,false,false,false,false,false,false,false,false,-83.07254,42.36907,"{
  ""coordinates"": [
    -8.307253655554280e+01,
    4.236906680672790e+01
  ],
  ""type"": ""Point""
}","{
  ""coordinates"": [
    -83.072536556,
    42.369066807
  ],
  ""type"": ""Point""
}",-83.072536556,42.3690668070001
19412,1573508,ARCHDALE,WADSWORTH,2018-12-19,19,12,2018,14,4,97,9,,,0,,1,1,1,25,2,2,5,5,0,0,0,0,true,false,false,false,false,false,false,false,false,false,false,false,false,false,false,false,false,false,false,false,false,false,-83.21574,42.37445,"{
  ""coordinates"": [
    -8.321573640378030e+01,
    4.237445425564790e+01
  ],
  ""type"": ""Point""
}","{
  ""coordinates"": [
    -83.215736404,
    42.374454256
  ],
  ""type"": ""Point""
}",-83.215736404,42.374454256
19413,1586026,ACACIA,GRANDMONT,2018-12-19,19,12,2018,10,4,4,9,,,0,,1,1,1,25,2,2,1,5,0,0,0,0,true,false,false,false,false,false,false,false,false,false,true,true,false,true,false,false,false,false,false,false,false,false,-83.21073,42.39162,"{
  ""coordinates"": [
    -8.321073039162270e+01,
    4.239162230182850e+01
  ],
  ""type"": ""Point""
}","{
  ""coordinates"": [
    -83.210730392,
    42.391622302
  ],
  ""type"": ""Point""
}",-83.210730392,42.391622302
19414,1590496,MCNICHOLS,ELDON,2018-12-19,19,12,2018,15,4,97,9,,4,0,Asphalt,1,1,1,,4,2,2,5,0,0,0,0,true,false,false,false,false,false,false,false,false,false,false,false,false,true,false,false,false,false,false,false,false,false,-83.0267,42.41944,"{
  ""coordinates"": [
    -8.302670659230270e+01,
    4.241944204526230e+01
  ],
  ""type"": ""Point""
}","{
  ""coordinates"": [
    -83.026706592,
    42.419442045
  ],
  ""type"": ""Point""
}",-83.026706592,42.419442045
19415,1581042,7 MILE,SOUTHFIELD SERVICE DRIVE,2018-12-19,19,12,2018,23,4,5,9,,2,0,Asphalt,1,1,5,35,5,2,1,5,0,0,0,0,true,false,false,false,true,false,false,false,false,false,false,false,false,false,false,false,false,false,false,false,false,false,-83.22003,42.43,"{
  ""coordinates"": [
    -8.322003228658539e+01,
    4.243000170825810e+01
  ],
  ""type"": ""Point""
}","{
  ""coordinates"": [
    -83.220032287,
    42.430001708
  ],
  ""type"": ""Point""
}",-83.220032287,42.4300017080001
19416,1571565,TELEGRAPH,BENNETT,2018-12-19,19,12,2018,15,4,5,2,,1,0,Asphalt,1,1,1,45,4,2,2,3,0,0,1,0,false,false,false,false,false,false,false,false,false,false,false,false,false,true,false,false,false,false,false,false,false,false,-83.2776,42.4194,"{
  ""coordinates"": [
    -8.327759473849190e+01,
    4.241940364623220e+01
  ],
  ""type"": ""Point""
}","{
  ""coordinates"": [
    -83.277594738,
    42.419403646
  ],
  ""type"": ""Point""
}",-83.2775947379999,42.419403646
19417,1578025,I-96,OUTER,2018-12-19,19,12,2018,8,4,5,1,,1,0,Concrete,1,1,1,70,4,2,2,5,0,0,0,0,true,false,false,false,false,false,false,false,false,false,false,false,false,false,false,false,false,false,false,false,false,false,-83.25424,42.38539,"{
  ""coordinates"": [
    -8.325424335826099e+01,
    4.238539148551460e+01
  ],
  ""type"": ""Point""
}","{
  ""coordinates"": [
    -83.254243358,
    42.385391486
  ],
  ""type"": ""Point""
}",-83.2542433579999,42.3853914860001
19418,1578075,FORD,CROSSROAD CENTER,2018-12-19,19,12,2018,15,4,5,3,,1,0,Asphalt,1,2,1,40,3,2,5,5,0,0,0,0,true,false,false,false,false,false,false,false,false,false,false,false,false,false,true,false,false,false,false,false,false,false,-83.22028,42.32903,"{
  ""coordinates"": [
    -8.322027464585651e+01,
    4.232902941331590e+01
  ],
  ""type"": ""Point""
}","{
  ""coordinates"": [
    -83.220274646,
    42.329029413
  ],
  ""type"": ""Point""
}",-83.220274646,42.3290294130001
19419,1591257,OUTER,HUBBELL,2018-12-19,19,12,2018,20,4,5,9,,2,0,Asphalt,1,1,4,30,2,2,2,5,0,0,0,0,true,false,false,false,false,false,false,false,false,false,true,false,false,true,false,false,false,false,false,false,false,false,-83.18962,42.42015,"{
  ""coordinates"": [
    -8.318961985908230e+01,
    4.242014504775230e+01
  ],
  ""type"": ""Point""
}","{
  ""coordinates"": [
    -83.189619859,
    42.420145048
  ],
  ""type"": ""Point""
}",-83.1896198589999,42.4201450480001
19420,1579198,I 94,THIRD,2018-12-19,19,12,2018,14,4,5,1,,1,0,Asphalt,1,1,1,55,3,2,1,5,0,0,0,0,true,false,false,false,false,false,false,false,false,false,false,false,false,false,false,false,false,false,false,false,false,false,-83.07403,42.36036,"{
  ""coordinates"": [
    -8.307402907352800e+01,
    4.236035653909040e+01
  ],
  ""type"": ""Point""
}","{
  ""coordinates"": [
    -83.074029074,
    42.360356539
  ],
  ""type"": ""Point""
}",-83.074029074,42.3603565390001
19421,1579203,I-75,M-10,2018-12-19,19,12,2018,17,4,5,1,,1,0,Asphalt,1,1,1,55,3,2,2,5,0,0,0,0,true,false,false,false,false,false,false,false,false,false,false,false,false,false,false,false,false,false,false,false,false,false,-83.09489,42.44595,"{
  ""coordinates"": [
    -8.309488903624290e+01,
    4.244594700000030e+01
  ],
  ""type"": ""Point""
}","{
  ""coordinates"": [
    -83.094889036,
    42.445947
  ],
  ""type"": ""Point""
}",-83.094889036,42.445947
19422,1574896,FORT,SECOND,2018-12-19,19,12,2018,11,4,4,3,,1,0,Asphalt,1,1,1,35,6,2,2,5,0,0,0,0,true,false,false,false,false,false,false,false,false,false,false,false,false,false,false,false,false,false,false,false,false,false,-83.05318,42.32822,"{
  ""coordinates"": [
    -8.305318108175361e+01,
    4.232822033161440e+01
  ],
  ""type"": ""Point""
}","{
  ""coordinates"": [
    -83.053181082,
    42.328220332
  ],
  ""type"": ""Point""
}",-83.053181082,42.3282203320001
19423,1579193,M 10,CLAIRMOUNT,2018-12-19,19,12,2018,7,4,5,3,,1,0,Concrete,1,1,1,55,4,2,1,5,0,0,0,0,true,false,false,false,false,false,false,false,false,false,false,false,false,false,false,false,false,false,false,false,false,false,-83.09058,42.37991,"{
  ""coordinates"": [
    -8.309058094251399e+01,
    4.237990516841670e+01
  ],
  ""type"": ""Point""
}","{
  ""coordinates"": [
    -83.090580943,
    42.379905168
  ],
  ""type"": ""Point""
}",-83.090580943,42.3799051680001