ObjectId,Crash ID,Primary Road,Intersecting Road,Crash Date,Day,Month,Year,Hour,Weekday,Crash Type Code,Highway Classification Code,Community Code,Jurisdiction Code,Lane Departure Type Code,Surface Type,Road Condition,Weather Condition,Lighting Condition,Speed Limit,Lanes,Units,Occupants,Most Severe Injury,Fatal Injuries,Suspected Serious Injuries,Suspected Minor Injuries,Possible Injuries,Property Damage Only,Secondary Crash,Traffic Control,Red Light Run,Hit and Run,Alcohol,Drugs,Unbelted Person,Work Zone,Speeding Driver,Distracted Driver,Driveway,Pedestrian,Elderly Driver,Young Driver,Commercial Vehicle,Emergency Vehicles,Train,School Bus,Motorcycle,Bicycle,Deer,Longitude,Latitude,geom,geog,x,y
19587,1570375,LYNDON,MINOCK,2018-12-16,16,12,2018,21,1,4,9,,,0,,1,1,4,25,2,2,4,4,0,0,0,2,false,false,false,false,true,false,false,false,false,false,false,false,false,false,false,false,false,false,false,false,false,false,-83.23373,42.39355,"{
  ""coordinates"": [
    -8.323373508521540e+01,
    4.239355263479560e+01
  ],
  ""type"": ""Point""
}","{
  ""coordinates"": [
    -83.233735085,
    42.393552635
  ],
  ""type"": ""Point""
}",-83.233735085,42.393552635
19588,1570406,OUTER,GREENLAWN,2018-12-16,16,12,2018,17,1,1,9,,2,0,Asphalt,1,1,1,35,5,1,1,2,0,1,0,0,false,false,false,false,false,false,false,false,false,false,false,false,false,false,false,false,false,false,false,true,false,false,-83.152,42.43514,"{
  ""coordinates"": [
    -8.315200118648670e+01,
    4.243514135316750e+01
  ],
  ""type"": ""Point""
}","{
  ""coordinates"": [
    -83.152001186,
    42.435141353
  ],
  ""type"": ""Point""
}",-83.1520011859999,42.4351413530001
19589,1567167,BEAUBIAN,MACOMB,2018-12-16,16,12,2018,2,1,5,9,,4,0,Asphalt,1,1,4,25,2,2,1,5,0,0,0,0,true,false,false,false,false,true,false,false,false,false,false,false,false,false,false,false,false,false,false,false,false,false,-83.04307,42.33563,"{
  ""coordinates"": [
    -8.304306975423221e+01,
    4.233562974141420e+01
  ],
  ""type"": ""Point""
}","{
  ""coordinates"": [
    -83.043069754,
    42.335629741
  ],
  ""type"": ""Point""
}",-83.043069754,42.335629741
19590,1568240,GRAND RIVER,MCNICHOLS,2018-12-16,16,12,2018,9,1,97,3,,1,0,Asphalt,1,1,1,45,4,2,3,4,0,0,0,1,false,false,false,false,false,false,false,false,false,false,false,false,false,true,false,false,false,false,false,false,false,false,-83.25401,42.41508,"{
  ""coordinates"": [
    -8.325400848697790e+01,
    4.241508244875240e+01
  ],
  ""type"": ""Point""
}","{
  ""coordinates"": [
    -83.254008487,
    42.415082449
  ],
  ""type"": ""Point""
}",-83.254008487,42.4150824490001
19591,1568195,RAMP 213E,E I 96,2018-12-16,16,12,2018,10,1,1,1,,1,0,Concrete,1,1,1,35,1,1,1,5,0,0,0,0,true,false,false,false,false,false,false,false,false,true,false,false,false,false,true,false,false,false,false,false,false,false,-83.10054,42.35147,"{
  ""coordinates"": [
    -8.310053984728290e+01,
    4.235147020128660e+01
  ],
  ""type"": ""Point""
}","{
  ""coordinates"": [
    -83.100539847,
    42.351470201
  ],
  ""type"": ""Point""
}",-83.1005398469999,42.351470201
19592,1568214,E I 96 SERVICE DRIVE,GRAND,2018-12-16,16,12,2018,15,1,98,1,,4,0,Concrete,1,1,1,30,3,2,1,5,0,0,0,0,true,false,false,false,false,false,false,false,false,false,false,false,false,false,false,false,false,false,false,false,false,false,-83.11034,42.35516,"{
  ""coordinates"": [
    -8.311034173822949e+01,
    4.235515906679870e+01
  ],
  ""type"": ""Point""
}","{
  ""coordinates"": [
    -83.110341738,
    42.355159067
  ],
  ""type"": ""Point""
}",-83.110341738,42.355159067
19593,1570402,GABLE,HILDALE,2018-12-16,16,12,2018,14,1,98,9,,,0,,1,1,1,25,2,1,1,5,0,0,0,0,true,false,false,false,true,false,false,false,false,false,false,false,false,false,false,false,false,false,false,false,false,false,-83.04258,42.42992,"{
  ""coordinates"": [
    -8.304257701331140e+01,
    4.242991675100150e+01
  ],
  ""type"": ""Point""
}","{
  ""coordinates"": [
    -83.042577013,
    42.429916751
  ],
  ""type"": ""Point""
}",-83.042577013,42.4299167510001
19594,1569179,WARREN,CADILLAC,2018-12-16,16,12,2018,19,1,5,9,,4,0,Asphalt,1,1,4,35,4,2,1,5,0,0,0,0,true,false,false,false,true,false,false,false,false,false,false,false,false,false,false,false,false,false,false,false,false,false,-82.99675,42.38238,"{
  ""coordinates"": [
    -8.299674767884299e+01,
    4.238238239616500e+01
  ],
  ""type"": ""Point""
}","{
  ""coordinates"": [
    -82.996747679,
    42.382382396
  ],
  ""type"": ""Point""
}",-82.996747679,42.382382396
19595,1568218,LAFAYETTE,JUNCTION,2018-12-16,16,12,2018,10,1,4,9,,4,0,Asphalt,1,1,1,25,4,2,1,5,0,0,0,0,true,false,true,false,false,false,false,false,false,false,false,false,false,false,false,false,false,false,false,false,false,false,-83.09731,42.31158,"{
  ""coordinates"": [
    -8.309730584311291e+01,
    4.231157762177640e+01
  ],
  ""type"": ""Point""
}","{
  ""coordinates"": [
    -83.097305843,
    42.311577622
  ],
  ""type"": ""Point""
}",-83.097305843,42.3115776220001
19596,1570333,TOLEDO,GRAND,2018-12-16,16,12,2018,22,1,4,9,,,0,,1,1,4,,2,2,3,4,0,0,0,2,false,false,false,false,true,false,false,false,false,false,false,false,false,false,false,false,false,false,false,false,false,false,-83.09141,42.32594,"{
  ""coordinates"": [
    -8.309140470009990e+01,
    4.232594284671210e+01
  ],
  ""type"": ""Point""
}","{
  ""coordinates"": [
    -83.0914047,
    42.325942847
  ],
  ""type"": ""Point""
}",-83.0914046999999,42.3259428470001
19597,1567081,ST ANTOINE,CLINTON,2018-12-16,16,12,2018,2,1,8,9,,4,0,Asphalt,1,1,4,25,2,3,1,4,0,0,0,1,false,false,false,false,false,true,false,false,false,false,false,false,false,false,true,false,false,false,false,false,false,false,-83.04187,42.33694,"{
  ""coordinates"": [
    -8.304187139937051e+01,
    4.233694544806140e+01
  ],
  ""type"": ""Point""
}","{
  ""coordinates"": [
    -83.041871399,
    42.336945448
  ],
  ""type"": ""Point""
}",-83.0418713989999,42.3369454480001
19598,1568248,CHALMERS,FORDHAM,2018-12-16,16,12,2018,16,1,4,9,,4,0,Asphalt,1,1,1,30,2,2,2,5,0,0,0,0,true,false,false,false,true,false,false,false,false,false,false,false,false,false,false,false,false,false,false,false,false,false,-82.97527,42.43431,"{
  ""coordinates"": [
    -8.297526173938979e+01,
    4.243430834140810e+01
  ],
  ""type"": ""Point""
}","{
  ""coordinates"": [
    -82.975261739,
    42.434308341
  ],
  ""type"": ""Point""
}",-82.975261739,42.4343083410001
19599,1568197,GREENFIELD,FLORENCE,2018-12-16,16,12,2018,18,1,97,9,,2,0,Asphalt,1,1,4,35,4,2,2,3,0,0,1,0,false,false,false,false,false,false,false,false,false,false,false,false,true,true,false,false,false,false,false,false,false,false,-83.1991,42.41058,"{
  ""coordinates"": [
    -8.319909319978890e+01,
    4.241057625078080e+01
  ],
  ""type"": ""Point""
}","{
  ""coordinates"": [
    -83.1990932,
    42.410576251
  ],
  ""type"": ""Point""
}",-83.1990931999999,42.4105762510001
19600,1577982,I-94,I-75,2018-12-16,16,12,2018,23,1,8,1,,1,0,Concrete,1,1,4,55,3,2,2,5,0,0,0,0,true,false,false,false,false,false,false,false,false,false,false,false,false,false,false,false,false,false,false,false,false,false,-83.05027,42.37293,"{
  ""coordinates"": [
    -8.305026812599590e+01,
    4.237292814466000e+01
  ],
  ""type"": ""Point""
}","{
  ""coordinates"": [
    -83.050268126,
    42.372928145
  ],
  ""type"": ""Point""
}",-83.0502681259999,42.3729281450001
19601,1584451,WARREN,N I 75 SERVICE DRIVE,2018-12-16,16,12,2018,16,1,4,9,,4,0,Asphalt,1,1,1,30,4,2,5,5,0,0,0,0,true,false,false,false,false,false,false,false,false,false,false,false,false,false,false,false,false,false,false,false,false,false,-83.05387,42.36117,"{
  ""coordinates"": [
    -8.305387028889950e+01,
    4.236117075718910e+01
  ],
  ""type"": ""Point""
}","{
  ""coordinates"": [
    -83.053870289,
    42.361170757
  ],
  ""type"": ""Point""
}",-83.053870289,42.361170757
19602,1570371,MACK,FIELD,2018-12-16,16,12,2018,20,1,8,9,,4,0,Asphalt,1,1,3,30,3,2,1,5,0,0,0,0,true,false,false,false,true,false,false,false,false,false,false,false,false,false,false,false,false,false,false,false,false,false,-83.01178,42.36488,"{
  ""coordinates"": [
    -8.301178354475900e+01,
    4.236488425141930e+01
  ],
  ""type"": ""Point""
}","{
  ""coordinates"": [
    -83.011783545,
    42.364884251
  ],
  ""type"": ""Point""
}",-83.011783545,42.364884251
19603,1571580,HEYDEN,PICKFORD,2018-12-16,16,12,2018,10,1,8,9,,,0,,1,1,1,25,2,2,0,5,0,0,0,0,true,false,false,false,true,false,false,false,false,false,false,false,false,false,false,false,false,false,false,false,false,false,-83.24054,42.42437,"{
  ""coordinates"": [
    -8.324053808743420e+01,
    4.242436744129040e+01
  ],
  ""type"": ""Point""
}","{
  ""coordinates"": [
    -83.240538087,
    42.424367441
  ],
  ""type"": ""Point""
}",-83.2405380869999,42.4243674410001
19604,1574917,8 MILE,S I 75,2018-12-16,16,12,2018,8,1,6,3,,1,0,Concrete,1,1,4,,3,2,2,5,0,0,0,0,true,false,false,false,false,false,false,false,false,false,false,false,false,false,false,false,false,false,false,false,false,false,-83.09487,42.4468,"{
  ""coordinates"": [
    -8.309487323124920e+01,
    4.244679939153990e+01
  ],
  ""type"": ""Point""
}","{
  ""coordinates"": [
    -83.094873231,
    42.446799392
  ],
  ""type"": ""Point""
}",-83.094873231,42.4467993920001
19605,1569195,GRATIOT,FAIRPORT,2018-12-16,16,12,2018,12,1,3,3,,1,0,Asphalt,1,1,1,35,7,2,1,5,0,0,0,0,true,false,false,false,true,false,false,false,false,false,false,false,false,false,false,false,false,false,false,false,false,false,-82.9867,42.42141,"{
  ""coordinates"": [
    -8.298669988651611e+01,
    4.242141189339020e+01
  ],
  ""type"": ""Point""
}","{
  ""coordinates"": [
    -82.986699887,
    42.421411893
  ],
  ""type"": ""Point""
}",-82.986699887,42.421411893
19606,1568225,W I 94,MOROSS,2018-12-16,16,12,2018,15,1,8,1,,1,0,Asphalt,1,1,1,30,3,2,1,5,0,0,0,0,true,false,false,false,true,false,false,false,false,false,false,false,false,false,false,false,false,false,false,false,false,false,-82.92867,42.42476,"{
  ""coordinates"": [
    -8.292867368723201e+01,
    4.242475492491060e+01
  ],
  ""type"": ""Point""
}","{
  ""coordinates"": [
    -82.928673687,
    42.424754925
  ],
  ""type"": ""Point""
}",-82.928673687,42.4247549250001
19607,1572737,DAVISON,LIVERNOIS,2018-12-16,16,12,2018,3,1,4,3,,1,0,Concrete,1,1,4,35,3,2,2,4,0,0,0,1,false,false,false,false,false,false,false,false,false,false,false,false,false,false,true,false,false,false,false,false,false,false,-83.1399,42.38648,"{
  ""coordinates"": [
    -8.313989893422770e+01,
    4.238648177961270e+01
  ],
  ""type"": ""Point""
}","{
  ""coordinates"": [
    -83.139898934,
    42.38648178
  ],
  ""type"": ""Point""
}",-83.139898934,42.3864817800001
19608,1571581,FERGUSON,PURITAN,2018-12-16,16,12,2018,21,1,5,9,,,0,,1,1,4,25,2,2,4,4,0,0,0,2,false,false,false,false,true,false,false,false,false,false,false,false,false,false,false,false,false,false,false,false,false,false,-83.20972,42.40857,"{
  ""coordinates"": [
    -8.320972781882600e+01,
    4.240857242174820e+01
  ],
  ""type"": ""Point""
}","{
  ""coordinates"": [
    -83.209727819,
    42.408572422
  ],
  ""type"": ""Point""
}",-83.209727819,42.4085724220001
19609,1572739,CLAIRMOUNT,BYRON,2018-12-16,16,12,2018,16,1,4,9,,4,0,Asphalt,1,1,1,,2,2,5,5,0,0,0,0,true,false,false,false,false,false,false,false,false,false,false,false,false,false,false,false,false,false,false,false,false,false,-83.09362,42.3785,"{
  ""coordinates"": [
    -8.309361881081720e+01,
    4.237849918631740e+01
  ],
  ""type"": ""Point""
}","{
  ""coordinates"": [
    -83.093618811,
    42.378499186
  ],
  ""type"": ""Point""
}",-83.0936188109999,42.3784991860001
19610,1580189,M-10,WARREN,2018-12-16,16,12,2018,21,1,8,3,,1,0,Concrete,1,1,4,55,3,2,1,5,0,0,0,0,true,false,false,false,true,false,false,false,false,false,false,false,false,false,false,false,false,false,false,false,false,false,-83.07423,42.3553,"{
  ""coordinates"": [
    -8.307423657596600e+01,
    4.235530391954980e+01
  ],
  ""type"": ""Point""
}","{
  ""coordinates"": [
    -83.074236576,
    42.35530392
  ],
  ""type"": ""Point""
}",-83.074236576,42.35530392
19611,1572676,N M 10,MARTIN LUTHER KING JR,2018-12-16,16,12,2018,3,1,8,3,,1,0,Concrete,1,1,4,55,3,2,2,4,0,0,0,2,false,false,false,false,false,false,false,false,false,false,false,false,false,false,false,false,false,false,false,false,false,false,-83.06812,42.34344,"{
  ""coordinates"": [
    -8.306811459099450e+01,
    4.234344432033550e+01
  ],
  ""type"": ""Point""
}","{
  ""coordinates"": [
    -83.068114591,
    42.34344432
  ],
  ""type"": ""Point""
}",-83.068114591,42.3434443200001
19612,1572677,I-94,GRATOIT,2018-12-16,16,12,2018,3,1,5,1,,1,0,Asphalt,1,1,4,55,3,2,3,5,0,0,0,0,true,false,false,false,false,true,false,false,false,true,false,false,false,false,false,false,false,false,false,false,false,false,-83.00456,42.39172,"{
  ""coordinates"": [
    -8.300456208013570e+01,
    4.239171947667980e+01
  ],
  ""type"": ""Point""
}","{
  ""coordinates"": [
    -83.00456208,
    42.391719477
  ],
  ""type"": ""Point""
}",-83.00456208,42.391719477
19613,1570319,N I 75,RAMP 041F,2018-12-16,16,12,2018,12,1,8,1,,1,0,Concrete,1,1,1,55,4,2,1,5,0,0,0,0,true,false,false,false,true,false,false,false,false,false,false,false,false,false,false,false,false,false,false,false,false,false,-83.04503,42.34696,"{
  ""coordinates"": [
    -8.304502680667250e+01,
    4.234696220789890e+01
  ],
  ""type"": ""Point""
}","{
  ""coordinates"": [
    -83.045026807,
    42.346962208
  ],
  ""type"": ""Point""
}",-83.0450268069999,42.346962208
19614,1568224,VAN DYKE,CHARLEVOIX,2018-12-16,16,12,2018,15,1,5,9,,4,0,Asphalt,1,1,1,,2,2,3,5,0,0,0,0,true,false,false,false,false,false,false,false,false,false,false,false,false,false,false,false,false,false,false,false,false,false,-83.00311,42.36282,"{
  ""coordinates"": [
    -8.300310480935021e+01,
    4.236281433874970e+01
  ],
  ""type"": ""Point""
}","{
  ""coordinates"": [
    -83.003104809,
    42.362814339
  ],
  ""type"": ""Point""
}",-83.003104809,42.3628143390001
19615,1601247,FORT,WASHINGTON,2018-12-16,16,12,2018,4,1,5,3,,1,0,Asphalt,98,98,4,30,2,2,2,5,0,0,0,0,true,false,false,false,false,false,false,false,false,false,false,false,false,false,false,false,false,false,false,false,false,false,-83.04984,42.32967,"{
  ""coordinates"": [
    -8.304983872728241e+01,
    4.232966707092580e+01
  ],
  ""type"": ""Point""
}","{
  ""coordinates"": [
    -83.049838727,
    42.329667071
  ],
  ""type"": ""Point""
}",-83.049838727,42.3296670710001
19616,1571560,JEFFERSON,ADAIR,2018-12-16,16,12,2018,12,1,5,9,,4,0,Asphalt,1,1,1,35,5,2,3,5,0,0,0,0,true,false,false,false,false,false,false,false,false,false,true,false,false,false,false,false,false,false,false,false,false,false,-83.01455,42.34172,"{
  ""coordinates"": [
    -8.301455145113199e+01,
    4.234172375045220e+01
  ],
  ""type"": ""Point""
}","{
  ""coordinates"": [
    -83.014551451,
    42.34172375
  ],
  ""type"": ""Point""
}",-83.014551451,42.34172375
19617,1571531,CHICAGO,MONICA,2018-12-16,16,12,2018,21,1,10,9,,4,0,Asphalt,1,3,3,35,2,2,1,4,0,0,0,1,false,false,false,false,true,false,false,false,false,false,false,false,false,false,false,false,false,false,false,false,false,false,-83.14107,42.36654,"{
  ""coordinates"": [
    -8.314106483307231e+01,
    4.236653982815550e+01
  ],
  ""type"": ""Point""
}","{
  ""coordinates"": [
    -83.141064833,
    42.366539828
  ],
  ""type"": ""Point""
}",-83.141064833,42.366539828
19618,1574945,LIVERNOIS,8 MILE,2018-12-16,16,12,2018,18,1,97,3,,4,0,Asphalt,1,1,4,30,2,2,2,5,0,0,0,0,true,false,false,false,true,false,false,false,false,false,false,false,false,false,false,false,false,false,false,false,false,false,-83.14189,42.44577,"{
  ""coordinates"": [
    -8.314189287102380e+01,
    4.244577006373770e+01
  ],
  ""type"": ""Point""
}","{
  ""coordinates"": [
    -83.141892871,
    42.445770064
  ],
  ""type"": ""Point""
}",-83.141892871,42.445770064
19619,1570344,SOUTHFIELD SERVICE,JOY,2018-12-16,16,12,2018,15,1,8,3,,1,0,Asphalt,1,1,1,30,2,2,4,5,0,0,0,0,true,false,true,true,false,false,false,false,false,false,false,false,false,false,false,false,false,false,false,false,false,false,-83.21641,42.35923,"{
  ""coordinates"": [
    -8.321640566097390e+01,
    4.235922759016370e+01
  ],
  ""type"": ""Point""
}","{
  ""coordinates"": [
    -83.216405661,
    42.35922759
  ],
  ""type"": ""Point""
}",-83.216405661,42.35922759
19620,1572738,STANSBURY,CAMBRIDGE,2018-12-16,16,12,2018,5,1,8,9,,,0,,1,1,4,25,2,2,0,5,0,0,0,0,true,false,false,false,true,false,false,false,false,false,false,false,false,false,false,false,false,false,false,false,false,false,-83.1841,42.43274,"{
  ""coordinates"": [
    -8.318410270048300e+01,
    4.243273456761890e+01
  ],
  ""type"": ""Point""
}","{
  ""coordinates"": [
    -83.1841027,
    42.432734568
  ],
  ""type"": ""Point""
}",-83.1841027,42.4327345680001
19621,1573518,ANTHONY WAYNE,WARREN,2018-12-16,16,12,2018,13,1,5,9,,4,0,Asphalt,1,1,1,25,4,2,6,4,0,0,0,1,false,false,false,false,false,false,false,false,false,false,true,false,false,false,false,false,false,false,false,false,false,false,-83.07133,42.35447,"{
  ""coordinates"": [
    -8.307133783507400e+01,
    4.235446935070600e+01
  ],
  ""type"": ""Point""
}","{
  ""coordinates"": [
    -83.071337835,
    42.354469351
  ],
  ""type"": ""Point""
}",-83.071337835,42.354469351
19622,1572743,VAN DYKE,LYNCH,2018-12-16,16,12,2018,11,1,4,3,,1,0,Asphalt,1,1,1,35,5,2,2,5,0,0,0,0,true,false,true,false,false,false,false,false,false,false,false,false,false,true,false,true,false,false,false,false,false,false,-83.02315,42.40479,"{
  ""coordinates"": [
    -8.302315054099449e+01,
    4.240478820874300e+01
  ],
  ""type"": ""Point""
}","{
  ""coordinates"": [
    -83.023150541,
    42.404788209
  ],
  ""type"": ""Point""
}",-83.0231505409999,42.4047882090001
19623,1569196,WHITTIER,KING RICHARD,2018-12-16,16,12,2018,22,1,4,9,,4,0,Asphalt,1,1,4,30,4,2,2,3,0,0,2,0,false,false,true,false,false,false,false,false,false,false,false,false,false,false,false,false,false,false,false,false,false,false,-82.94508,42.41364,"{
  ""coordinates"": [
    -8.294508709834859e+01,
    4.241363345463470e+01
  ],
  ""type"": ""Point""
}","{
  ""coordinates"": [
    -82.945087098,
    42.413633455
  ],
  ""type"": ""Point""
}",-82.945087098,42.4136334550001
19624,1569207,GRIGGS,NORFOLK,2018-12-16,16,12,2018,6,1,4,9,,,0,,1,1,5,25,2,2,1,5,0,0,0,0,true,false,false,false,false,true,false,true,false,false,true,true,false,false,false,false,false,false,false,false,false,false,-83.16472,42.44421,"{
  ""coordinates"": [
    -8.316471908128290e+01,
    4.244421133574010e+01
  ],
  ""type"": ""Point""
}","{
  ""coordinates"": [
    -83.164719081,
    42.444211336
  ],
  ""type"": ""Point""
}",-83.164719081,42.4442113360001
19625,1572675,N M 10,MARTIN LUTHER KING JR,2018-12-16,16,12,2018,1,1,8,3,,1,0,Concrete,1,2,4,55,3,2,1,5,0,0,0,0,true,false,false,false,true,false,false,false,false,false,false,false,false,false,false,false,false,false,false,false,false,false,-83.06813,42.34349,"{
  ""coordinates"": [
    -8.306813269215419e+01,
    4.234348567679610e+01
  ],
  ""type"": ""Point""
}","{
  ""coordinates"": [
    -83.068132692,
    42.343485677
  ],
  ""type"": ""Point""
}",-83.0681326919999,42.343485677
19626,1572673,W I 96,GRAND RIVER,2018-12-16,16,12,2018,1,1,8,1,,1,0,Concrete,1,1,4,70,4,2,2,4,0,0,0,2,false,false,false,false,false,false,false,false,false,false,false,false,false,false,false,false,false,false,false,false,false,false,-83.17622,42.38379,"{
  ""coordinates"": [
    -8.317622210302579e+01,
    4.238378818312920e+01
  ],
  ""type"": ""Point""
}","{
  ""coordinates"": [
    -83.176222103,
    42.383788183
  ],
  ""type"": ""Point""
}",-83.176222103,42.383788183
19627,1572678,ST ANTOINE,I-94,2018-12-16,16,12,2018,3,1,1,9,,,1,,1,1,4,25,2,1,1,2,0,1,0,0,false,false,false,false,false,false,false,false,false,false,false,false,false,false,false,false,false,false,false,false,false,false,-83.09285,42.35296,"{
  ""coordinates"": [
    -8.309284707585280e+01,
    4.235295856270270e+01
  ],
  ""type"": ""Point""
}","{
  ""coordinates"": [
    -83.092847076,
    42.352958563
  ],
  ""type"": ""Point""
}",-83.0928470759999,42.3529585630001
19628,1570404,OUTER,CONCORD,2018-12-16,16,12,2018,20,1,8,9,,2,0,Asphalt,1,1,5,35,2,2,2,5,0,0,0,0,true,false,false,false,false,false,false,false,false,false,false,false,false,false,false,false,false,false,false,false,false,false,-83.03311,42.44115,"{
  ""coordinates"": [
    -8.303310984649420e+01,
    4.244115018392190e+01
  ],
  ""type"": ""Point""
}","{
  ""coordinates"": [
    -83.033109846,
    42.441150184
  ],
  ""type"": ""Point""
}",-83.0331098459999,42.441150184
19629,1570342,LYNDON,BRAILE,2018-12-16,16,12,2018,10,1,4,9,,4,0,Asphalt,1,1,1,25,2,2,4,5,0,0,0,0,true,false,true,false,false,false,false,false,false,false,false,false,false,true,false,false,false,false,false,false,false,false,-83.24448,42.39332,"{
  ""coordinates"": [
    -8.324448384207130e+01,
    4.239331852572450e+01
  ],
  ""type"": ""Point""
}","{
  ""coordinates"": [
    -83.244483842,
    42.393318526
  ],
  ""type"": ""Point""
}",-83.244483842,42.393318526
19630,1569200,LINWOOD,STURTEVANT,2018-12-16,16,12,2018,13,1,8,9,,4,0,Asphalt,1,1,1,30,4,2,2,5,0,0,0,0,true,false,false,false,true,false,false,false,false,false,false,false,false,false,false,false,false,false,false,false,false,false,-83.11868,42.38805,"{
  ""coordinates"": [
    -8.311867768940300e+01,
    4.238804538678370e+01
  ],
  ""type"": ""Point""
}","{
  ""coordinates"": [
    -83.118677689,
    42.388045387
  ],
  ""type"": ""Point""
}",-83.118677689,42.388045387
19631,1570363,VAN DKYE,LAFAYETTE,2018-12-16,16,12,2018,19,1,98,9,,4,0,Asphalt,1,1,5,,2,2,0,5,0,0,0,0,true,false,false,false,true,false,false,false,false,false,false,false,false,false,false,false,false,false,false,false,false,false,-82.99605,42.35301,"{
  ""coordinates"": [
    -8.299604525230080e+01,
    4.235300721045110e+01
  ],
  ""type"": ""Point""
}","{
  ""coordinates"": [
    -82.996045252,
    42.35300721
  ],
  ""type"": ""Point""
}",-82.996045252,42.35300721
19632,1573497,CONNER,MACK,2018-12-16,16,12,2018,4,1,5,9,,4,0,Asphalt,1,1,2,35,5,2,2,5,0,0,0,0,true,false,true,true,false,false,false,false,false,false,false,false,false,false,false,false,false,false,false,false,false,false,-82.96787,42.38374,"{
  ""coordinates"": [
    -8.296786954700571e+01,
    4.238373718391360e+01
  ],
  ""type"": ""Point""
}","{
  ""coordinates"": [
    -82.967869547,
    42.383737184
  ],
  ""type"": ""Point""
}",-82.967869547,42.383737184
19633,1572720,7420 MEMORIAL,DIVERSY,2018-12-16,16,12,2018,0,1,98,9,,,0,,98,98,98,25,2,2,1,5,0,0,0,0,true,false,false,false,true,false,false,false,false,false,false,false,false,false,false,false,false,false,false,false,false,false,-83.21061,42.34832,"{
  ""coordinates"": [
    -8.321060933886380e+01,
    4.234831585624760e+01
  ],
  ""type"": ""Point""
}","{
  ""coordinates"": [
    -83.210609339,
    42.348315856
  ],
  ""type"": ""Point""
}",-83.210609339,42.3483158560001
19634,1570331,MILWAUKEE,BEAUBIEN,2018-12-16,16,12,2018,3,1,1,9,,4,1,Asphalt,1,1,4,25,2,1,1,5,0,0,0,0,true,false,false,false,true,false,false,false,false,false,false,false,false,false,false,false,false,false,false,false,false,false,-83.06605,42.37152,"{
  ""coordinates"": [
    -8.306604860681951e+01,
    4.237151639990410e+01
  ],
  ""type"": ""Point""
}","{
  ""coordinates"": [
    -83.066048607,
    42.3715164
  ],
  ""type"": ""Point""
}",-83.066048607,42.3715164000001
19635,1569199,PEERLESS,MOROSS,2018-12-16,16,12,2018,23,1,5,9,,,0,,1,1,4,35,4,2,1,5,0,0,0,0,true,false,false,false,true,false,false,false,false,false,false,false,false,false,false,false,false,false,false,false,false,false,-82.93554,42.42726,"{
  ""coordinates"": [
    -8.293553910825000e+01,
    4.242725921263040e+01
  ],
  ""type"": ""Point""
}","{
  ""coordinates"": [
    -82.935539108,
    42.427259213
  ],
  ""type"": ""Point""
}",-82.9355391079999,42.4272592130001
19636,1571551,CONNER,FRANKFORT,2018-12-16,16,12,2018,13,1,4,9,,4,0,Asphalt,1,1,1,35,2,2,1,5,0,0,0,0,true,false,false,false,true,false,false,false,false,false,false,false,false,true,false,false,false,false,false,false,false,false,-82.97854,42.39011,"{
  ""coordinates"": [
    -8.297853541417820e+01,
    4.239011248898560e+01
  ],
  ""type"": ""Point""
}","{
  ""coordinates"": [
    -82.978535414,
    42.390112489
  ],
  ""type"": ""Point""
}",-82.978535414,42.390112489
19637,1570345,JOY,PENROD,2018-12-16,16,12,2018,12,1,5,9,,2,0,Asphalt,1,1,1,35,4,2,1,5,0,0,0,0,true,false,false,false,true,false,false,false,false,false,false,false,false,false,false,false,false,false,false,false,false,false,-83.21974,42.3578,"{
  ""coordinates"": [
    -8.321973836755690e+01,
    4.235779869786100e+01
  ],
  ""type"": ""Point""
}","{
  ""coordinates"": [
    -83.219738368,
    42.357798698
  ],
  ""type"": ""Point""
}",-83.219738368,42.3577986980001
19638,1569168,8 MILE,REX,2018-12-16,16,12,2018,0,1,3,3,,1,0,Asphalt,1,1,2,40,3,2,2,5,0,0,0,0,true,false,true,true,true,false,false,false,false,false,false,false,false,false,true,false,false,false,false,false,false,false,-82.9586,42.45001,"{
  ""coordinates"": [
    -8.295860313304460e+01,
    4.245001383038010e+01
  ],
  ""type"": ""Point""
}","{
  ""coordinates"": [
    -82.958603133,
    42.45001383
  ],
  ""type"": ""Point""
}",-82.9586031329999,42.45001383
19639,1568217,OAKWOOD,FORT,2018-12-16,16,12,2018,0,1,8,9,,1,0,Asphalt,1,1,1,35,4,2,0,5,0,0,0,0,true,false,false,false,true,false,false,false,false,false,false,false,false,false,false,false,false,false,false,false,false,false,-83.14375,42.2908,"{
  ""coordinates"": [
    -8.314374620498189e+01,
    4.229079980059430e+01
  ],
  ""type"": ""Point""
}","{
  ""coordinates"": [
    -83.143746205,
    42.290799801
  ],
  ""type"": ""Point""
}",-83.143746205,42.290799801
19640,1574102,GUNSTON,GLENFIELD,2018-12-16,16,12,2018,0,1,4,3,,1,0,Asphalt,1,1,1,25,4,2,5,4,0,0,0,1,false,false,false,false,false,false,false,false,false,false,false,false,false,true,false,false,false,false,false,false,false,false,-82.99627,42.4095,"{
  ""coordinates"": [
    -8.299626610563850e+01,
    4.240950408366830e+01
  ],
  ""type"": ""Point""
}","{
  ""coordinates"": [
    -82.996266106,
    42.409504084
  ],
  ""type"": ""Point""
}",-82.996266106,42.409504084