ObjectId,Crash ID,Primary Road,Intersecting Road,Crash Date,Day,Month,Year,Hour,Weekday,Crash Type Code,Highway Classification Code,Community Code,Jurisdiction Code,Lane Departure Type Code,Surface Type,Road Condition,Weather Condition,Lighting Condition,Speed Limit,Lanes,Units,Occupants,Most Severe Injury,Fatal Injuries,Suspected Serious Injuries,Suspected Minor Injuries,Possible Injuries,Property Damage Only,Secondary Crash,Traffic Control,Red Light Run,Hit and Run,Alcohol,Drugs,Unbelted Person,Work Zone,Speeding Driver,Distracted Driver,Driveway,Pedestrian,Elderly Driver,Young Driver,Commercial Vehicle,Emergency Vehicles,Train,School Bus,Motorcycle,Bicycle,Deer,Longitude,Latitude,geom,geog,x,y
19641,1570403,CANIFF,ALPENA,2018-12-16,16,12,2018,16,1,9,9,,4,0,Asphalt,1,1,3,,2,2,2,5,0,0,0,0,true,false,false,false,false,false,false,false,false,false,false,false,false,false,false,false,false,false,false,false,false,false,-83.04398,42.40569,"{
  ""coordinates"": [
    -8.304398708277350e+01,
    4.240568876436820e+01
  ],
  ""type"": ""Point""
}","{
  ""coordinates"": [
    -83.043987083,
    42.405688764
  ],
  ""type"": ""Point""
}",-83.043987083,42.405688764
19642,1570391,PASADENA,LAWTON,2018-12-16,16,12,2018,5,1,5,9,,,0,,1,1,5,25,2,2,1,5,0,0,0,0,true,false,false,false,false,false,false,false,false,true,false,false,false,false,false,false,false,false,false,false,false,false,-83.12627,42.39436,"{
  ""coordinates"": [
    -8.312626893614110e+01,
    4.239435745184700e+01
  ],
  ""type"": ""Point""
}","{
  ""coordinates"": [
    -83.126268936,
    42.394357452
  ],
  ""type"": ""Point""
}",-83.126268936,42.3943574520001
19643,1570343,GREENFIELD,SCHOOLCRAFT,2018-12-16,16,12,2018,1,1,2,9,,2,2,Asphalt,1,1,4,35,2,2,0,5,0,0,0,0,true,false,false,false,true,false,false,true,false,false,true,false,false,false,false,false,false,false,false,false,false,false,-83.19817,42.38696,"{
  ""coordinates"": [
    -8.319816485012549e+01,
    4.238696407528570e+01
  ],
  ""type"": ""Point""
}","{
  ""coordinates"": [
    -83.19816485,
    42.386964075
  ],
  ""type"": ""Point""
}",-83.19816485,42.386964075
19644,1569194,CONNER,I 94 SERVICE,2018-12-16,16,12,2018,12,1,4,9,,4,0,Asphalt,1,1,1,35,2,2,1,5,0,0,0,0,true,false,true,true,false,false,false,false,false,false,false,false,false,false,false,false,false,false,false,false,false,false,-82.98953,42.39733,"{
  ""coordinates"": [
    -8.298953188440670e+01,
    4.239732617240140e+01
  ],
  ""type"": ""Point""
}","{
  ""coordinates"": [
    -82.989531884,
    42.397326172
  ],
  ""type"": ""Point""
}",-82.989531884,42.3973261720001
19645,1580188,W I 96,W M 8,2018-12-16,16,12,2018,10,1,1,1,,1,1,Concrete,1,1,1,70,4,1,1,4,0,0,0,1,false,false,false,false,false,false,false,false,false,false,false,false,false,false,false,false,false,false,false,false,false,false,-83.15701,42.38541,"{
  ""coordinates"": [
    -8.315701208989650e+01,
    4.238541156100250e+01
  ],
  ""type"": ""Point""
}","{
  ""coordinates"": [
    -83.15701209,
    42.385411561
  ],
  ""type"": ""Point""
}",-83.15701209,42.3854115610001
19646,1571604,FLORENCE,COYLE,2018-12-15,15,12,2018,12,7,4,9,,,0,,1,1,1,25,2,2,1,5,0,0,0,0,true,false,true,false,true,false,false,false,false,false,false,false,false,false,false,false,false,false,false,false,false,false,-83.19423,42.41125,"{
  ""coordinates"": [
    -8.319422935308920e+01,
    4.241125380597260e+01
  ],
  ""type"": ""Point""
}","{
  ""coordinates"": [
    -83.194229353,
    42.411253806
  ],
  ""type"": ""Point""
}",-83.194229353,42.411253806
19647,1567063,RAMP 136B,GREENFIELD,2018-12-15,15,12,2018,13,7,5,1,,1,0,Asphalt,1,2,1,55,1,2,1,4,0,0,0,1,false,false,false,false,false,false,false,false,false,false,false,false,false,false,false,false,false,false,false,false,false,false,-83.19746,42.37864,"{
  ""coordinates"": [
    -8.319746597791780e+01,
    4.237863382728830e+01
  ],
  ""type"": ""Point""
}","{
  ""coordinates"": [
    -83.197465978,
    42.378633827
  ],
  ""type"": ""Point""
}",-83.197465978,42.378633827
19648,1567125,MARSEILLES,CHESTER,2018-12-15,15,12,2018,10,7,4,9,,,0,,1,1,1,30,6,2,4,5,0,0,0,0,true,false,false,false,false,false,false,false,false,false,false,false,false,false,false,false,false,false,false,false,false,false,-82.92867,42.42041,"{
  ""coordinates"": [
    -8.292866261826130e+01,
    4.242040572736670e+01
  ],
  ""type"": ""Point""
}","{
  ""coordinates"": [
    -82.928662618,
    42.420405727
  ],
  ""type"": ""Point""
}",-82.928662618,42.4204057270001
19649,1567154,LINWOOD,STURTEVANT,2018-12-15,15,12,2018,19,7,1,9,,4,0,Asphalt,1,1,4,30,5,2,1,2,0,1,0,0,false,false,false,false,false,false,false,false,false,false,false,false,true,false,false,false,false,false,false,false,false,false,-83.11854,42.38784,"{
  ""coordinates"": [
    -8.311853790963850e+01,
    4.238783794300440e+01
  ],
  ""type"": ""Point""
}","{
  ""coordinates"": [
    -83.11853791,
    42.387837943
  ],
  ""type"": ""Point""
}",-83.11853791,42.3878379430001
19650,1572700,INTERVALE,MARK TWAIN,2018-12-15,15,12,2018,13,7,9,9,,,0,,1,1,1,30,2,2,4,5,0,0,0,0,true,false,false,false,true,false,false,true,false,false,false,false,false,false,true,false,false,false,false,false,false,false,-83.18597,42.39106,"{
  ""coordinates"": [
    -8.318597632046870e+01,
    4.239105683461430e+01
  ],
  ""type"": ""Point""
}","{
  ""coordinates"": [
    -83.18597632,
    42.391056835
  ],
  ""type"": ""Point""
}",-83.18597632,42.391056835
19651,1572672,N M 10,GLENDALE,2018-12-15,15,12,2018,3,7,5,3,,1,0,Concrete,1,2,4,55,3,2,2,5,0,0,0,0,true,false,false,false,false,false,false,false,false,false,false,false,false,false,false,false,false,false,false,false,false,false,-83.10712,42.39476,"{
  ""coordinates"": [
    -8.310712227851241e+01,
    4.239476223421760e+01
  ],
  ""type"": ""Point""
}","{
  ""coordinates"": [
    -83.107122279,
    42.394762234
  ],
  ""type"": ""Point""
}",-83.107122279,42.394762234
19652,1586038,I 94 SERVICE,GRATIOT,2018-12-15,15,12,2018,22,7,8,3,,,0,,2,1,5,55,3,2,1,5,0,0,0,0,true,true,false,false,true,false,false,false,true,false,false,false,false,false,false,false,false,false,false,false,false,false,-83.00533,42.39282,"{
  ""coordinates"": [
    -8.300533233622720e+01,
    4.239282206228480e+01
  ],
  ""type"": ""Point""
}","{
  ""coordinates"": [
    -83.005332336,
    42.392822062
  ],
  ""type"": ""Point""
}",-83.005332336,42.3928220620001
19653,1567107,SPRINGWELLS,N I 75,2018-12-15,15,12,2018,18,7,2,9,,4,2,Concrete,1,1,3,25,4,2,2,5,0,0,0,0,true,false,false,false,false,false,false,false,false,false,false,false,false,false,false,false,false,false,false,false,false,false,-83.11934,42.30138,"{
  ""coordinates"": [
    -8.311934161590909e+01,
    4.230138310304840e+01
  ],
  ""type"": ""Point""
}","{
  ""coordinates"": [
    -83.119341616,
    42.301383103
  ],
  ""type"": ""Point""
}",-83.119341616,42.301383103
19654,1580185,W I 96,GREENFIELD,2018-12-15,15,12,2018,3,7,1,1,,1,0,Concrete,1,1,4,55,1,1,1,5,0,0,0,0,true,false,false,false,false,false,false,false,false,false,false,false,false,false,false,false,false,false,false,false,false,false,-83.19816,42.37923,"{
  ""coordinates"": [
    -8.319815582235920e+01,
    4.237923348008540e+01
  ],
  ""type"": ""Point""
}","{
  ""coordinates"": [
    -83.198155822,
    42.37923348
  ],
  ""type"": ""Point""
}",-83.198155822,42.37923348
19655,1568216,CENTRAL,JOHN KRONK,2018-12-15,15,12,2018,22,7,5,9,,4,0,Asphalt,1,1,4,35,2,2,2,5,0,0,0,0,true,false,false,false,true,false,false,false,false,false,false,false,false,false,false,false,false,false,false,false,false,false,-83.13078,42.32158,"{
  ""coordinates"": [
    -8.313077691399870e+01,
    4.232158114318440e+01
  ],
  ""type"": ""Point""
}","{
  ""coordinates"": [
    -83.130776914,
    42.321581143
  ],
  ""type"": ""Point""
}",-83.130776914,42.3215811430001
19656,1572740,BRYDEN,GRAND RIVER/I 96 CROSSOVER,2018-12-15,15,12,2018,14,7,8,9,,5,3,Asphalt,1,1,1,25,1,2,1,5,0,0,0,0,true,false,false,false,false,false,false,false,false,false,false,false,false,false,false,false,false,false,false,false,false,false,-83.14499,42.3721,"{
  ""coordinates"": [
    -8.314498992151120e+01,
    4.237210044408010e+01
  ],
  ""type"": ""Point""
}","{
  ""coordinates"": [
    -83.144989922,
    42.372100444
  ],
  ""type"": ""Point""
}",-83.144989922,42.3721004440001
19657,1571545,GRAND,BAGLEY,2018-12-15,15,12,2018,15,7,5,9,,4,0,Asphalt,1,1,1,25,2,2,0,5,0,0,0,0,true,false,false,false,true,false,false,false,false,false,false,false,false,false,false,false,false,false,false,false,false,false,-83.08843,42.32204,"{
  ""coordinates"": [
    -8.308843099688360e+01,
    4.232203863927520e+01
  ],
  ""type"": ""Point""
}","{
  ""coordinates"": [
    -83.088430997,
    42.322038639
  ],
  ""type"": ""Point""
}",-83.088430997,42.322038639
19658,1568215,CENTRAL,VERNOR,2018-12-15,15,12,2018,3,7,4,9,,4,0,Asphalt,1,1,4,35,2,2,1,5,0,0,0,0,true,false,true,true,true,false,false,false,false,false,false,false,false,false,false,false,false,false,false,false,false,false,-83.12431,42.31264,"{
  ""coordinates"": [
    -8.312431353614950e+01,
    4.231263626143550e+01
  ],
  ""type"": ""Point""
}","{
  ""coordinates"": [
    -83.124313536,
    42.312636261
  ],
  ""type"": ""Point""
}",-83.124313536,42.3126362610001
19659,1571526,I-75,SCHAEFER,2018-12-15,15,12,2018,1,7,8,1,,1,0,Concrete,1,2,4,55,5,2,2,3,0,0,1,0,false,false,false,false,false,false,false,false,false,false,false,false,false,false,false,false,false,false,false,false,false,false,-83.15469,42.27789,"{
  ""coordinates"": [
    -8.315469285883530e+01,
    4.227788536639420e+01
  ],
  ""type"": ""Point""
}","{
  ""coordinates"": [
    -83.154692859,
    42.277885366
  ],
  ""type"": ""Point""
}",-83.154692859,42.2778853660001
19660,1571606,WARREN,BRACE,2018-12-15,15,12,2018,17,7,97,9,,2,0,Asphalt,1,1,3,35,4,2,2,2,0,1,0,0,false,false,false,false,false,false,false,false,false,false,false,false,false,false,true,false,false,false,false,false,false,false,-83.22313,42.3433,"{
  ""coordinates"": [
    -8.322312599176490e+01,
    4.234330482815110e+01
  ],
  ""type"": ""Point""
}","{
  ""coordinates"": [
    -83.223125992,
    42.343304828
  ],
  ""type"": ""Point""
}",-83.223125992,42.343304828
19661,1571530,SCHAEFER,FENKELL,2018-12-15,15,12,2018,22,7,4,9,,4,0,Asphalt,1,2,4,,5,2,3,1,1,0,1,1,false,false,true,true,false,true,false,true,false,false,false,false,false,false,false,false,false,false,false,false,false,false,-83.17913,42.4021,"{
  ""coordinates"": [
    -8.317912989499391e+01,
    4.240209663923340e+01
  ],
  ""type"": ""Point""
}","{
  ""coordinates"": [
    -83.179129895,
    42.402096639
  ],
  ""type"": ""Point""
}",-83.179129895,42.402096639
19662,1576010,ATWATER,ORLEANS,2018-12-15,15,12,2018,21,7,10,9,,4,0,Concrete,1,1,5,25,4,2,0,5,0,0,0,0,true,false,false,false,true,false,false,false,false,false,false,false,false,false,false,false,false,false,false,false,false,false,-83.02702,42.33305,"{
  ""coordinates"": [
    -8.302702456346159e+01,
    4.233304978427480e+01
  ],
  ""type"": ""Point""
}","{
  ""coordinates"": [
    -83.027024563,
    42.333049784
  ],
  ""type"": ""Point""
}",-83.0270245629999,42.333049784
19663,1569160,SCHAEFER,BELTON,2018-12-15,15,12,2018,0,7,8,9,,4,0,Asphalt,1,1,4,35,4,4,2,5,0,0,0,0,true,false,false,false,false,false,false,false,false,false,false,false,false,false,false,false,false,false,false,false,false,false,-83.17729,42.35381,"{
  ""coordinates"": [
    -8.317729222437779e+01,
    4.235381278961110e+01
  ],
  ""type"": ""Point""
}","{
  ""coordinates"": [
    -83.177292224,
    42.35381279
  ],
  ""type"": ""Point""
}",-83.177292224,42.3538127900001
19664,1572701,MIDLAND,TRACEY,2018-12-15,15,12,2018,14,7,97,9,,,1,,1,2,1,25,2,1,2,5,0,0,0,0,true,false,false,false,false,false,false,false,false,false,false,false,false,false,false,false,false,false,false,false,false,false,-83.18018,42.4057,"{
  ""coordinates"": [
    -8.318017716111460e+01,
    4.240569611445610e+01
  ],
  ""type"": ""Point""
}","{
  ""coordinates"": [
    -83.180177161,
    42.405696114
  ],
  ""type"": ""Point""
}",-83.180177161,42.4056961140001
19665,1571579,TELEGRAPH,GRAND RIVER,2018-12-15,15,12,2018,5,7,4,2,,1,0,Asphalt,1,1,3,45,4,2,2,5,0,0,0,0,true,true,false,false,false,false,false,false,false,false,false,false,false,false,false,false,false,false,false,false,false,false,-83.27778,42.42356,"{
  ""coordinates"": [
    -8.327777535888730e+01,
    4.242356005624730e+01
  ],
  ""type"": ""Point""
}","{
  ""coordinates"": [
    -83.277775359,
    42.423560056
  ],
  ""type"": ""Point""
}",-83.277775359,42.423560056
19666,1567085,GRAND RIVER,WARWICK,2018-12-15,15,12,2018,12,7,5,3,,1,0,Asphalt,1,2,1,35,4,2,2,5,0,0,0,0,true,false,false,false,false,false,false,false,false,false,false,false,false,true,false,false,false,false,false,false,false,false,-83.22904,42.40503,"{
  ""coordinates"": [
    -8.322904352360371e+01,
    4.240502441887890e+01
  ],
  ""type"": ""Point""
}","{
  ""coordinates"": [
    -83.229043524,
    42.405024419
  ],
  ""type"": ""Point""
}",-83.229043524,42.405024419
19667,1589326,MEYERS,OUTER,2018-12-15,15,12,2018,0,7,5,9,,4,0,Asphalt,1,1,4,35,2,2,1,5,0,0,0,0,true,false,false,false,false,false,false,false,false,false,true,false,false,false,false,false,false,false,false,false,false,false,-83.17087,42.43531,"{
  ""coordinates"": [
    -8.317087066402750e+01,
    4.243531483624530e+01
  ],
  ""type"": ""Point""
}","{
  ""coordinates"": [
    -83.170870664,
    42.435314836
  ],
  ""type"": ""Point""
}",-83.1708706639999,42.435314836
19668,1591205,MACK,WOODWARD,2018-12-15,15,12,2018,21,7,8,3,,4,0,Asphalt,1,1,4,30,3,2,3,5,0,0,0,0,true,false,false,false,false,false,false,false,false,false,false,false,false,false,false,false,false,false,false,false,false,false,-83.05813,42.34744,"{
  ""coordinates"": [
    -8.305812708970510e+01,
    4.234743878571790e+01
  ],
  ""type"": ""Point""
}","{
  ""coordinates"": [
    -83.05812709,
    42.347438786
  ],
  ""type"": ""Point""
}",-83.05812709,42.3474387860001
19669,1568249,GRANDRIVER,SCOTTEN,2018-12-15,15,12,2018,1,7,1,3,,1,1,Asphalt,1,1,4,35,3,1,0,5,0,0,0,0,true,false,false,false,true,false,false,false,false,false,false,false,false,false,false,false,false,false,false,false,false,false,-83.11069,42.35732,"{
  ""coordinates"": [
    -8.311068923280391e+01,
    4.235731370814190e+01
  ],
  ""type"": ""Point""
}","{
  ""coordinates"": [
    -83.110689233,
    42.357313708
  ],
  ""type"": ""Point""
}",-83.110689233,42.357313708
19670,1567099,S I 75 SERVICE DRIVE,CASS,2018-12-15,15,12,2018,19,7,8,9,,4,0,Asphalt,1,2,4,25,2,2,1,5,0,0,0,0,true,false,false,false,true,false,false,false,false,false,false,false,false,false,false,false,false,false,false,false,false,false,-83.05663,42.3385,"{
  ""coordinates"": [
    -8.305663434746920e+01,
    4.233849564690300e+01
  ],
  ""type"": ""Point""
}","{
  ""coordinates"": [
    -83.056634347,
    42.338495647
  ],
  ""type"": ""Point""
}",-83.0566343469999,42.3384956470001
19671,1567153,LASALLE,TUXEDO,2018-12-15,15,12,2018,18,7,1,9,,4,1,Asphalt,1,1,5,25,2,1,0,5,0,0,0,0,true,false,false,false,true,false,false,false,false,false,false,false,false,false,false,false,false,false,false,false,false,false,-83.1123,42.38496,"{
  ""coordinates"": [
    -8.311230351361129e+01,
    4.238495537253450e+01
  ],
  ""type"": ""Point""
}","{
  ""coordinates"": [
    -83.112303514,
    42.384955373
  ],
  ""type"": ""Point""
}",-83.112303514,42.384955373
19672,1569174,BRAILE,PATTON,2018-12-15,15,12,2018,19,7,2,9,,,2,,1,1,4,25,1,2,1,5,0,0,0,0,true,false,false,false,false,true,false,false,false,false,false,false,false,false,false,false,false,false,false,false,false,false,-83.24374,42.37299,"{
  ""coordinates"": [
    -8.324374611591790e+01,
    4.237298505878980e+01
  ],
  ""type"": ""Point""
}","{
  ""coordinates"": [
    -83.243746116,
    42.372985059
  ],
  ""type"": ""Point""
}",-83.243746116,42.372985059
19673,1568236,FENKELL,LAHSER,2018-12-15,15,12,2018,5,7,4,9,,2,0,Asphalt,1,1,4,25,4,2,1,5,0,0,0,0,true,false,true,true,true,false,false,false,false,false,false,false,false,false,false,false,false,false,false,false,false,false,-83.25693,42.40029,"{
  ""coordinates"": [
    -8.325692958216641e+01,
    4.240028880449800e+01
  ],
  ""type"": ""Point""
}","{
  ""coordinates"": [
    -83.256929582,
    42.400288804
  ],
  ""type"": ""Point""
}",-83.2569295819999,42.4002888040001
19674,1567126,BEDFORD,WINDSOR,2018-12-15,15,12,2018,11,7,10,9,,,0,,1,2,1,25,2,2,1,5,0,0,0,0,true,false,false,false,false,false,false,false,false,false,false,true,false,true,true,false,false,false,false,false,false,false,-82.93526,42.3933,"{
  ""coordinates"": [
    -8.293526786796851e+01,
    4.239329760863390e+01
  ],
  ""type"": ""Point""
}","{
  ""coordinates"": [
    -82.935267868,
    42.393297609
  ],
  ""type"": ""Point""
}",-82.935267868,42.3932976090001
19675,1568239,JOY,S M 39 SERVICE DRIVE,2018-12-15,15,12,2018,20,7,98,9,,2,0,Asphalt,1,1,98,,4,2,0,5,0,0,0,0,true,false,false,false,true,false,false,false,false,false,false,false,false,false,false,false,false,false,false,false,false,false,-83.217,42.35784,"{
  ""coordinates"": [
    -8.321700331862770e+01,
    4.235783620183330e+01
  ],
  ""type"": ""Point""
}","{
  ""coordinates"": [
    -83.217003319,
    42.357836202
  ],
  ""type"": ""Point""
}",-83.217003319,42.357836202
19676,1578079,WARWICK,CURTIS,2018-12-15,15,12,2018,23,7,1,9,,,1,,1,1,4,25,2,1,2,1,1,0,1,0,false,false,false,false,false,true,false,true,false,true,false,false,false,false,false,false,false,false,false,false,false,false,-83.22947,42.42284,"{
  ""coordinates"": [
    -8.322946668190700e+01,
    4.242284288827390e+01
  ],
  ""type"": ""Point""
}","{
  ""coordinates"": [
    -83.229466682,
    42.422842888
  ],
  ""type"": ""Point""
}",-83.229466682,42.422842888
19677,1567124,EDSEL FORD SERVICE,MOROSS,2018-12-15,15,12,2018,7,7,4,1,,1,0,Asphalt,1,1,2,30,3,2,3,5,0,0,0,0,true,false,false,false,false,false,false,false,false,false,false,true,false,false,true,false,false,false,false,false,false,false,-82.92871,42.42443,"{
  ""coordinates"": [
    -8.292871403577399e+01,
    4.242442593006460e+01
  ],
  ""type"": ""Point""
}","{
  ""coordinates"": [
    -82.928714036,
    42.42442593
  ],
  ""type"": ""Point""
}",-82.928714036,42.42442593
19678,1567128,WARREN,BRACE,2018-12-15,15,12,2018,16,7,4,9,,2,0,Asphalt,1,2,1,30,5,2,1,5,0,0,0,0,true,false,false,false,true,false,false,false,false,false,false,false,false,false,false,false,false,false,false,false,false,false,-83.22315,42.3433,"{
  ""coordinates"": [
    -8.322315548351970e+01,
    4.234330450046110e+01
  ],
  ""type"": ""Point""
}","{
  ""coordinates"": [
    -83.223155484,
    42.3433045
  ],
  ""type"": ""Point""
}",-83.223155484,42.3433045
19679,1592320,STAHELIN,CHALFONTE,2018-12-15,15,12,2018,7,7,8,9,,,0,,1,1,2,25,2,2,1,5,0,0,0,0,true,false,true,false,false,false,false,false,false,false,false,false,false,false,false,false,false,false,false,false,false,false,-83.22639,42.39849,"{
  ""coordinates"": [
    -8.322639692430300e+01,
    4.239849004179570e+01
  ],
  ""type"": ""Point""
}","{
  ""coordinates"": [
    -83.226396924,
    42.398490042
  ],
  ""type"": ""Point""
}",-83.226396924,42.398490042
19680,1638926,M39,8 MILE,2018-12-15,15,12,2018,17,7,5,3,,1,0,Concrete,1,2,4,55,3,2,2,4,0,0,0,1,false,false,false,false,true,false,false,false,false,false,false,false,false,false,false,false,false,false,false,false,false,false,-83.21968,42.44272,"{
  ""coordinates"": [
    -8.321967767200040e+01,
    4.244272225246330e+01
  ],
  ""type"": ""Point""
}","{
  ""coordinates"": [
    -83.219677672,
    42.442722252
  ],
  ""type"": ""Point""
}",-83.219677672,42.4427222520001
19681,1583364,GREENFIELD,OUTER,2018-12-15,15,12,2018,18,7,5,9,,2,0,Asphalt,1,1,3,35,4,2,2,5,0,0,0,0,true,false,false,false,true,false,false,false,false,false,false,false,false,false,false,false,false,false,false,false,false,false,-83.19945,42.4195,"{
  ""coordinates"": [
    -8.319944820042080e+01,
    4.241949966116000e+01
  ],
  ""type"": ""Point""
}","{
  ""coordinates"": [
    -83.1994482,
    42.419499661
  ],
  ""type"": ""Point""
}",-83.1994481999999,42.419499661
19682,1568238,GREENFIELD,PEMBROKE,2018-12-15,15,12,2018,16,7,8,9,,2,0,Asphalt,1,1,3,,4,3,3,5,0,0,0,0,true,false,false,false,false,false,false,false,false,false,false,false,false,true,false,false,false,false,false,false,false,false,-83.20018,42.43761,"{
  ""coordinates"": [
    -8.320017696715161e+01,
    4.243760696776920e+01
  ],
  ""type"": ""Point""
}","{
  ""coordinates"": [
    -83.200176967,
    42.437606968
  ],
  ""type"": ""Point""
}",-83.2001769669999,42.4376069680001
19683,1569151,RAMP 109E,N M 10,2018-12-15,15,12,2018,18,7,1,3,,1,1,Concrete,1,1,4,55,1,1,1,5,0,0,0,0,true,false,false,false,false,false,false,false,false,true,false,false,false,false,false,false,false,false,false,false,false,false,-83.1107,42.39887,"{
  ""coordinates"": [
    -8.311070566187330e+01,
    4.239887328929100e+01
  ],
  ""type"": ""Point""
}","{
  ""coordinates"": [
    -83.110705662,
    42.398873289
  ],
  ""type"": ""Point""
}",-83.110705662,42.3988732890001
19684,1570336,TEMPLE,BROOKLYN,2018-12-15,15,12,2018,18,7,98,9,,4,0,Asphalt,98,1,4,,2,2,2,5,0,0,0,0,true,false,false,false,true,false,false,false,false,false,false,false,false,false,false,false,false,false,false,false,false,false,-83.06783,42.33879,"{
  ""coordinates"": [
    -8.306783027778060e+01,
    4.233879337124770e+01
  ],
  ""type"": ""Point""
}","{
  ""coordinates"": [
    -83.067830278,
    42.338793371
  ],
  ""type"": ""Point""
}",-83.067830278,42.3387933710001
19685,1571617,MACK,JOHN R,2018-12-15,15,12,2018,17,7,3,9,,4,0,Asphalt,1,1,5,25,4,2,3,4,0,0,0,1,false,false,false,false,false,false,false,false,false,false,false,false,false,false,false,false,false,false,false,false,false,false,-83.05586,42.34827,"{
  ""coordinates"": [
    -8.305586055654361e+01,
    4.234826724249880e+01
  ],
  ""type"": ""Point""
}","{
  ""coordinates"": [
    -83.055860557,
    42.348267242
  ],
  ""type"": ""Point""
}",-83.055860557,42.3482672420001
19686,1570400,CONLEY,OUTER,2018-12-15,15,12,2018,4,7,8,9,,,0,,1,1,1,25,1,2,2,5,0,0,0,0,true,false,false,false,false,false,false,false,false,false,false,false,false,false,true,false,false,false,false,false,false,false,-83.05299,42.44067,"{
  ""coordinates"": [
    -8.305299026230610e+01,
    4.244067354661400e+01
  ],
  ""type"": ""Point""
}","{
  ""coordinates"": [
    -83.052990262,
    42.440673547
  ],
  ""type"": ""Point""
}",-83.052990262,42.4406735470001
19687,1568226,BRUSH,FREDERICK,2018-12-15,15,12,2018,17,7,6,9,,4,0,Asphalt,1,1,1,30,4,2,2,5,0,0,0,0,true,false,false,false,false,false,false,false,false,false,false,false,false,false,false,false,false,false,false,false,false,false,-83.06136,42.36096,"{
  ""coordinates"": [
    -8.306136579824010e+01,
    4.236096202806390e+01
  ],
  ""type"": ""Point""
}","{
  ""coordinates"": [
    -83.061365798,
    42.360962028
  ],
  ""type"": ""Point""
}",-83.0613657979999,42.3609620280001
19688,1579189,I-96,WYOMING,2018-12-15,15,12,2018,9,7,8,1,,1,0,Concrete,1,1,1,55,4,2,2,5,0,0,0,0,true,false,false,false,false,false,false,false,false,false,false,false,false,false,false,false,false,false,false,false,false,false,-83.15703,42.38541,"{
  ""coordinates"": [
    -8.315703162725940e+01,
    4.238541167007170e+01
  ],
  ""type"": ""Point""
}","{
  ""coordinates"": [
    -83.157031627,
    42.38541167
  ],
  ""type"": ""Point""
}",-83.157031627,42.3854116700001
19689,1574101,CORBETT,CONNER,2018-12-15,15,12,2018,15,7,97,9,,,0,,1,1,1,25,2,2,0,4,0,0,0,1,false,false,false,false,true,false,false,false,false,false,false,false,true,false,false,false,false,false,false,false,false,false,-82.99252,42.40076,"{
  ""coordinates"": [
    -8.299252690110120e+01,
    4.240076019266260e+01
  ],
  ""type"": ""Point""
}","{
  ""coordinates"": [
    -82.992526901,
    42.400760193
  ],
  ""type"": ""Point""
}",-82.992526901,42.4007601930001
19690,1571527,RAMP 216B,I-75,2018-12-15,15,12,2018,21,7,5,1,,1,0,Concrete,1,1,4,55,1,2,2,5,0,0,0,0,true,false,false,false,false,false,false,false,false,false,false,false,false,false,false,false,false,false,false,false,false,false,-83.05736,42.36779,"{
  ""coordinates"": [
    -8.305735962363730e+01,
    4.236778604741030e+01
  ],
  ""type"": ""Point""
}","{
  ""coordinates"": [
    -83.057359624,
    42.367786047
  ],
  ""type"": ""Point""
}",-83.057359624,42.367786047
19691,1567053,S/B I 75,GRAND,2018-12-15,15,12,2018,6,7,5,1,,1,0,Asphalt,1,2,4,55,4,2,2,5,0,0,0,0,true,false,false,false,false,false,false,false,false,false,false,false,false,false,false,false,false,false,false,false,false,false,-83.06043,42.37467,"{
  ""coordinates"": [
    -8.306042897126970e+01,
    4.237467177590680e+01
  ],
  ""type"": ""Point""
}","{
  ""coordinates"": [
    -83.060428971,
    42.374671776
  ],
  ""type"": ""Point""
}",-83.060428971,42.3746717760001
19692,1571547,WARREN,OUTER,2018-12-15,15,12,2018,9,7,8,9,,4,0,Asphalt,98,2,1,30,2,2,1,5,0,0,0,0,true,false,false,false,true,false,false,false,false,false,false,false,false,false,false,false,false,false,false,false,false,false,-82.93665,42.40358,"{
  ""coordinates"": [
    -8.293664441521869e+01,
    4.240357667968280e+01
  ],
  ""type"": ""Point""
}","{
  ""coordinates"": [
    -82.936644415,
    42.40357668
  ],
  ""type"": ""Point""
}",-82.936644415,42.4035766800001
19693,1569192,MCNICHOLS,OUTER,2018-12-15,15,12,2018,17,7,5,9,,4,0,Asphalt,1,1,4,35,4,2,2,4,0,0,0,1,false,false,false,false,true,false,false,false,false,false,false,false,false,false,false,false,false,false,false,false,false,false,-83.01372,42.41968,"{
  ""coordinates"": [
    -8.301371713103489e+01,
    4.241968123897120e+01
  ],
  ""type"": ""Point""
}","{
  ""coordinates"": [
    -83.013717131,
    42.419681239
  ],
  ""type"": ""Point""
}",-83.013717131,42.4196812390001
19694,1570318,N/B I 75,8 MILE,2018-12-15,15,12,2018,16,7,8,1,,1,0,Asphalt,1,1,4,70,3,2,2,5,0,0,0,0,true,false,false,false,false,false,false,false,false,false,false,false,false,false,true,false,false,false,false,false,false,false,-83.09481,42.44391,"{
  ""coordinates"": [
    -8.309481269184820e+01,
    4.244390717339630e+01
  ],
  ""type"": ""Point""
}","{
  ""coordinates"": [
    -83.094812692,
    42.443907173
  ],
  ""type"": ""Point""
}",-83.0948126919999,42.4439071730001