ObjectId,Crash ID,Primary Road,Intersecting Road,Crash Date,Day,Month,Year,Hour,Weekday,Crash Type Code,Highway Classification Code,Community Code,Jurisdiction Code,Lane Departure Type Code,Surface Type,Road Condition,Weather Condition,Lighting Condition,Speed Limit,Lanes,Units,Occupants,Most Severe Injury,Fatal Injuries,Suspected Serious Injuries,Suspected Minor Injuries,Possible Injuries,Property Damage Only,Secondary Crash,Traffic Control,Red Light Run,Hit and Run,Alcohol,Drugs,Unbelted Person,Work Zone,Speeding Driver,Distracted Driver,Driveway,Pedestrian,Elderly Driver,Young Driver,Commercial Vehicle,Emergency Vehicles,Train,School Bus,Motorcycle,Bicycle,Deer,Longitude,Latitude,geom,geog,x,y
19695,1568251,ANTWERP,SUZANNE,2018-12-15,15,12,2018,13,7,2,9,,,2,,1,1,1,25,2,2,3,5,0,0,0,0,true,false,false,false,false,false,false,false,false,false,false,false,false,false,false,false,false,false,false,false,false,false,-83.01763,42.43553,"{
  ""coordinates"": [
    -8.301762897235750e+01,
    4.243552912301890e+01
  ],
  ""type"": ""Point""
}","{
  ""coordinates"": [
    -83.017628972,
    42.435529123
  ],
  ""type"": ""Point""
}",-83.017628972,42.435529123
19696,1567087,WYOMING,E I 96,2018-12-15,15,12,2018,13,7,5,9,,4,0,Concrete,1,1,1,35,3,2,5,4,0,0,0,1,false,false,false,false,true,false,false,false,false,false,false,false,false,false,false,false,false,false,false,false,false,false,-83.15897,42.38522,"{
  ""coordinates"": [
    -8.315897318604451e+01,
    4.238521541863990e+01
  ],
  ""type"": ""Point""
}","{
  ""coordinates"": [
    -83.158973186,
    42.385215419
  ],
  ""type"": ""Point""
}",-83.158973186,42.3852154190001
19697,1569150,I75,HOLBROOK,2018-12-14,14,12,2018,2,6,1,1,,1,1,Asphalt,2,4,4,55,4,1,2,3,0,0,1,1,false,false,false,false,false,false,false,false,false,true,false,false,false,false,false,false,false,false,false,false,false,false,-83.06725,42.38528,"{
  ""coordinates"": [
    -8.306724951264189e+01,
    4.238527760311810e+01
  ],
  ""type"": ""Point""
}","{
  ""coordinates"": [
    -83.067249513,
    42.385277603
  ],
  ""type"": ""Point""
}",-83.067249513,42.3852776030001
19698,1579185,W I 96,EVERGREEN,2018-12-14,14,12,2018,14,6,1,1,,1,1,Concrete,1,2,1,70,3,1,3,4,0,0,0,2,false,false,false,false,false,false,false,false,false,false,false,false,false,false,false,false,false,false,false,false,false,false,-83.23637,42.38028,"{
  ""coordinates"": [
    -8.323636633342829e+01,
    4.238027493947420e+01
  ],
  ""type"": ""Point""
}","{
  ""coordinates"": [
    -83.236366333,
    42.380274939
  ],
  ""type"": ""Point""
}",-83.236366333,42.3802749390001
19699,1568234,GREEN,CHALFONTE,2018-12-14,14,12,2018,10,6,4,9,,4,0,Asphalt,1,1,1,35,4,2,2,5,0,0,0,0,true,false,false,false,false,false,false,false,false,false,false,false,false,true,false,false,false,false,false,false,false,false,-83.23731,42.39792,"{
  ""coordinates"": [
    -8.323731472694040e+01,
    4.239791742495780e+01
  ],
  ""type"": ""Point""
}","{
  ""coordinates"": [
    -83.237314727,
    42.397917425
  ],
  ""type"": ""Point""
}",-83.237314727,42.3979174250001
19700,1567163,8 MILE,GREENFIELD,2018-12-14,14,12,2018,16,6,5,3,,1,0,Asphalt,1,1,1,40,4,2,2,5,0,0,0,0,true,false,false,false,false,false,false,false,false,false,false,false,false,false,false,false,false,false,false,false,false,false,-83.20054,42.44479,"{
  ""coordinates"": [
    -8.320054114109359e+01,
    4.244478632667130e+01
  ],
  ""type"": ""Point""
}","{
  ""coordinates"": [
    -83.200541141,
    42.444786327
  ],
  ""type"": ""Point""
}",-83.200541141,42.444786327
19701,1575990,EIGHT MILE,EVERGREEN,2018-12-14,14,12,2018,0,6,5,3,,1,0,Asphalt,2,4,5,35,4,2,3,5,0,0,0,0,true,false,false,false,false,false,false,false,false,false,false,false,false,false,false,false,false,false,false,false,false,false,-83.24126,42.4437,"{
  ""coordinates"": [
    -8.324126568030070e+01,
    4.244370371973070e+01
  ],
  ""type"": ""Point""
}","{
  ""coordinates"": [
    -83.24126568,
    42.44370372
  ],
  ""type"": ""Point""
}",-83.24126568,42.44370372
19702,1622010,QUINCY,GLADSTON,2018-12-14,14,12,2018,18,6,8,9,,,3,,2,1,4,,4,2,0,5,0,0,0,0,true,false,false,false,true,false,false,false,false,false,false,false,false,false,false,false,false,false,false,false,false,false,-83.11978,42.36599,"{
  ""coordinates"": [
    -8.311977773659270e+01,
    4.236598581509360e+01
  ],
  ""type"": ""Point""
}","{
  ""coordinates"": [
    -83.119777737,
    42.365985815
  ],
  ""type"": ""Point""
}",-83.1197777369999,42.365985815
19703,1565922,RAMP 122L,RAMP 122K,2018-12-14,14,12,2018,5,6,1,1,,1,1,Concrete,2,4,4,55,3,1,1,5,0,0,0,0,true,false,false,false,false,false,false,false,false,true,false,false,false,false,false,false,false,false,false,false,false,false,-83.06122,42.33625,"{
  ""coordinates"": [
    -8.306121523625561e+01,
    4.233625185985170e+01
  ],
  ""type"": ""Point""
}","{
  ""coordinates"": [
    -83.061215236,
    42.33625186
  ],
  ""type"": ""Point""
}",-83.061215236,42.3362518600001
19704,1626812,DEXTER,WAVERLY,2018-12-14,14,12,2018,18,6,1,9,,4,1,Asphalt,1,1,4,30,5,2,0,4,0,0,0,1,false,false,false,false,true,false,false,false,false,false,false,false,true,false,false,false,false,false,false,false,false,false,-83.13045,42.38912,"{
  ""coordinates"": [
    -8.313044899455529e+01,
    4.238911756822860e+01
  ],
  ""type"": ""Point""
}","{
  ""coordinates"": [
    -83.130448995,
    42.389117568
  ],
  ""type"": ""Point""
}",-83.1304489949999,42.3891175680001
19705,1633882,DICKERSON,CHANDLER PARK,2018-12-14,14,12,2018,18,6,1,9,,4,0,Asphalt,1,1,4,25,2,1,1,4,0,0,0,1,false,false,false,false,false,false,false,true,false,true,false,false,false,false,false,false,false,false,false,false,false,false,-82.97041,42.39739,"{
  ""coordinates"": [
    -8.297040333552320e+01,
    4.239738658058150e+01
  ],
  ""type"": ""Point""
}","{
  ""coordinates"": [
    -82.970403336,
    42.397386581
  ],
  ""type"": ""Point""
}",-82.9704033359999,42.397386581
19706,1654385,SCHAEFER,FORT,2018-12-14,14,12,2018,11,6,4,7,,1,0,Asphalt,1,1,1,45,4,2,2,5,0,0,0,0,true,false,false,false,false,false,false,false,false,false,false,false,false,false,false,true,false,false,false,false,false,false,-83.15552,42.27645,"{
  ""coordinates"": [
    -8.315551631031541e+01,
    4.227644921449220e+01
  ],
  ""type"": ""Point""
}","{
  ""coordinates"": [
    -83.15551631,
    42.276449214
  ],
  ""type"": ""Point""
}",-83.1555163099999,42.276449214
19707,1567050,W/B I 94,I 96,2018-12-14,14,12,2018,12,6,8,1,,1,0,Asphalt,1,2,1,55,3,2,2,5,0,0,0,0,true,false,false,false,false,false,false,false,false,false,false,false,false,false,false,true,false,false,false,false,false,false,-83.09727,42.35081,"{
  ""coordinates"": [
    -8.309727722529441e+01,
    4.235081076878750e+01
  ],
  ""type"": ""Point""
}","{
  ""coordinates"": [
    -83.097277225,
    42.350810769
  ],
  ""type"": ""Point""
}",-83.097277225,42.3508107690001
19708,1579188,I 94,LIVERNOIS,2018-12-14,14,12,2018,16,6,5,1,,1,0,Asphalt,1,2,1,55,3,2,2,5,0,0,0,0,true,false,false,false,false,false,false,false,false,false,false,false,false,false,false,false,false,false,false,false,false,false,-83.1283,42.33597,"{
  ""coordinates"": [
    -8.312830178130450e+01,
    4.233596910075950e+01
  ],
  ""type"": ""Point""
}","{
  ""coordinates"": [
    -83.128301781,
    42.335969101
  ],
  ""type"": ""Point""
}",-83.1283017809999,42.335969101
19709,1567105,JUNCTION,KONKEL,2018-12-14,14,12,2018,8,6,4,9,,4,0,Asphalt,1,2,1,30,2,2,2,5,0,0,0,0,true,false,false,false,false,false,false,false,false,true,false,false,false,false,false,false,false,false,false,false,false,false,-83.10863,42.32723,"{
  ""coordinates"": [
    -8.310863022325020e+01,
    4.232723200136550e+01
  ],
  ""type"": ""Point""
}","{
  ""coordinates"": [
    -83.108630223,
    42.327232001
  ],
  ""type"": ""Point""
}",-83.108630223,42.327232001
19710,1579183,I 96,VERNOR,2018-12-14,14,12,2018,5,6,8,1,,1,0,Asphalt,2,4,1,55,2,2,2,5,0,0,0,0,true,true,false,false,false,false,false,false,false,false,false,false,false,true,false,false,false,false,false,false,false,false,-83.08591,42.32747,"{
  ""coordinates"": [
    -8.308590365947720e+01,
    4.232747201398950e+01
  ],
  ""type"": ""Point""
}","{
  ""coordinates"": [
    -83.085903659,
    42.327472014
  ],
  ""type"": ""Point""
}",-83.0859036589999,42.3274720140001
19711,1570360,TIREMAN,GRANDMONT,2018-12-14,14,12,2018,16,6,4,9,,4,0,Concrete,1,1,3,,2,2,2,5,0,0,0,0,true,false,false,false,true,false,false,false,false,false,false,false,false,true,false,false,false,false,false,false,false,false,-83.20839,42.35072,"{
  ""coordinates"": [
    -8.320839209484480e+01,
    4.235072261277920e+01
  ],
  ""type"": ""Point""
}","{
  ""coordinates"": [
    -83.208392095,
    42.350722613
  ],
  ""type"": ""Point""
}",-83.208392095,42.3507226130001
19712,1570411,MCNICHOLS,SOUTHFIELD,2018-12-14,14,12,2018,23,6,5,9,,2,0,Asphalt,2,1,3,35,5,2,3,5,0,0,0,0,true,false,false,false,true,false,false,false,false,false,false,false,false,false,false,false,false,false,false,false,false,false,-83.21998,42.41554,"{
  ""coordinates"": [
    -8.321997578582850e+01,
    4.241553886287010e+01
  ],
  ""type"": ""Point""
}","{
  ""coordinates"": [
    -83.219975786,
    42.415538863
  ],
  ""type"": ""Point""
}",-83.219975786,42.4155388630001
19713,1568211,GRAND,LODGE,2018-12-14,14,12,2018,8,6,8,9,,,0,,2,1,1,35,3,2,2,5,0,0,0,0,true,false,false,false,false,false,false,false,false,false,false,false,false,true,false,false,false,false,false,false,false,false,-83.11042,42.39935,"{
  ""coordinates"": [
    -8.311041803715010e+01,
    4.239934600987250e+01
  ],
  ""type"": ""Point""
}","{
  ""coordinates"": [
    -83.110418037,
    42.39934601
  ],
  ""type"": ""Point""
}",-83.110418037,42.39934601
19714,1567157,RYAN,STOCKTON,2018-12-14,14,12,2018,17,6,5,9,,4,0,Asphalt,1,1,4,30,2,2,2,5,0,0,0,0,true,false,false,false,false,false,false,false,false,false,false,false,false,false,false,false,false,false,false,false,false,false,-83.0628,42.42756,"{
  ""coordinates"": [
    -8.306279504546249e+01,
    4.242756099773190e+01
  ],
  ""type"": ""Point""
}","{
  ""coordinates"": [
    -83.062795045,
    42.427560998
  ],
  ""type"": ""Point""
}",-83.062795045,42.427560998
19715,1569173,GRATIOT,FINDLAY,2018-12-14,14,12,2018,9,6,5,3,,1,0,Asphalt,2,2,1,35,6,2,3,4,0,0,0,1,false,false,false,false,false,false,false,false,false,true,false,false,false,false,true,false,false,false,false,false,false,false,-82.98951,42.41711,"{
  ""coordinates"": [
    -8.298951284325470e+01,
    4.241710766499350e+01
  ],
  ""type"": ""Point""
}","{
  ""coordinates"": [
    -82.989512843,
    42.417107665
  ],
  ""type"": ""Point""
}",-82.9895128429999,42.4171076650001
19716,1567166,RALSTON,STATE FAIR,2018-12-14,14,12,2018,10,6,97,9,,,0,,2,2,1,25,2,2,12,4,0,0,0,1,false,false,false,false,false,false,false,false,false,false,false,false,false,false,false,true,false,false,false,false,false,false,-83.11714,42.43933,"{
  ""coordinates"": [
    -8.311714494266360e+01,
    4.243933224877120e+01
  ],
  ""type"": ""Point""
}","{
  ""coordinates"": [
    -83.117144943,
    42.439332249
  ],
  ""type"": ""Point""
}",-83.117144943,42.4393322490001
19717,1567160,8 MILE,WOODWARD,2018-12-14,14,12,2018,19,6,5,3,,1,0,Asphalt,1,1,4,40,4,2,2,5,0,0,0,0,true,false,false,false,true,false,false,false,false,false,false,false,false,false,false,false,false,false,false,false,false,false,-83.12496,42.4465,"{
  ""coordinates"": [
    -8.312496259264771e+01,
    4.244650369241550e+01
  ],
  ""type"": ""Point""
}","{
  ""coordinates"": [
    -83.124962593,
    42.446503692
  ],
  ""type"": ""Point""
}",-83.124962593,42.4465036920001
19718,1570359,BALTIMORE,2ND,2018-12-14,14,12,2018,13,6,1,9,,4,1,Asphalt,1,1,1,30,2,1,1,5,0,0,0,0,true,false,false,false,false,false,false,false,false,false,false,false,false,false,false,false,false,false,false,false,false,false,-83.07561,42.36708,"{
  ""coordinates"": [
    -8.307560419771920e+01,
    4.236707911857230e+01
  ],
  ""type"": ""Point""
}","{
  ""coordinates"": [
    -83.075604198,
    42.367079119
  ],
  ""type"": ""Point""
}",-83.075604198,42.367079119
19719,1567123,GRATIOT,FRENCH,2018-12-14,14,12,2018,16,6,5,3,,1,0,Asphalt,1,2,1,30,6,2,4,4,0,0,0,1,false,false,false,false,false,false,false,false,false,false,false,false,false,false,false,false,false,false,false,false,false,false,-83.00046,42.40038,"{
  ""coordinates"": [
    -8.300046041519390e+01,
    4.240038093771890e+01
  ],
  ""type"": ""Point""
}","{
  ""coordinates"": [
    -83.000460415,
    42.400380938
  ],
  ""type"": ""Point""
}",-83.000460415,42.4003809380001
19720,1565923,W I 94,GRAND,2018-12-14,14,12,2018,7,6,5,1,,1,0,Asphalt,2,2,2,55,3,2,2,4,0,0,0,1,false,false,false,false,false,false,false,false,false,false,false,false,false,false,false,false,false,false,false,false,false,false,-83.10909,42.34711,"{
  ""coordinates"": [
    -8.310908283312200e+01,
    4.234711087455200e+01
  ],
  ""type"": ""Point""
}","{
  ""coordinates"": [
    -83.109082833,
    42.347110875
  ],
  ""type"": ""Point""
}",-83.1090828329999,42.3471108750001
19721,1568212,MILWAUKEE,S M 10,2018-12-14,14,12,2018,9,6,4,3,,4,0,Asphalt,2,1,1,25,2,2,2,5,0,0,0,0,true,false,false,false,false,false,false,false,false,false,false,false,false,false,false,false,false,false,false,false,false,false,-83.08106,42.36592,"{
  ""coordinates"": [
    -8.308106526873959e+01,
    4.236591897664830e+01
  ],
  ""type"": ""Point""
}","{
  ""coordinates"": [
    -83.081065269,
    42.365918977
  ],
  ""type"": ""Point""
}",-83.081065269,42.365918977
19722,1567150,WYOMING,DAVISON,2018-12-14,14,12,2018,13,6,5,9,,4,0,Asphalt,1,1,1,30,2,2,3,5,0,0,0,0,true,false,false,false,false,false,false,false,false,false,false,false,false,true,false,false,false,false,false,false,false,false,-83.159,42.38604,"{
  ""coordinates"": [
    -8.315899704612811e+01,
    4.238604126989170e+01
  ],
  ""type"": ""Point""
}","{
  ""coordinates"": [
    -83.158997046,
    42.38604127
  ],
  ""type"": ""Point""
}",-83.158997046,42.3860412700001
19723,1580182,I-94,CASS,2018-12-14,14,12,2018,17,6,5,1,,1,0,Asphalt,1,1,4,55,3,2,3,4,0,0,0,3,false,false,false,false,true,false,false,false,false,false,false,false,false,false,false,false,false,false,false,false,false,false,-83.0703,42.36304,"{
  ""coordinates"": [
    -8.307030117138970e+01,
    4.236303808787600e+01
  ],
  ""type"": ""Point""
}","{
  ""coordinates"": [
    -83.070301171,
    42.363038088
  ],
  ""type"": ""Point""
}",-83.070301171,42.3630380880001
19724,1569149,M39,8 MILE,2018-12-14,14,12,2018,0,6,1,3,,1,1,Concrete,2,4,4,55,3,1,2,4,0,0,0,2,false,false,false,false,false,false,false,false,false,false,false,false,false,true,false,false,false,false,false,false,false,false,-83.21967,42.44279,"{
  ""coordinates"": [
    -8.321967451878270e+01,
    4.244279467492220e+01
  ],
  ""type"": ""Point""
}","{
  ""coordinates"": [
    -83.219674519,
    42.442794675
  ],
  ""type"": ""Point""
}",-83.219674519,42.4427946750001
19725,1581826,WARREN,14TH,2018-12-14,14,12,2018,23,6,8,9,,4,0,Asphalt,1,1,4,30,2,2,3,5,0,0,0,0,true,false,false,false,false,false,false,false,false,false,false,false,false,false,false,false,false,false,false,false,false,false,-83.08704,42.34947,"{
  ""coordinates"": [
    -8.308704123694120e+01,
    4.234947338014660e+01
  ],
  ""type"": ""Point""
}","{
  ""coordinates"": [
    -83.087041237,
    42.34947338
  ],
  ""type"": ""Point""
}",-83.0870412369999,42.3494733800001
19726,1569209,8 MILE,CHERRYLAWN,2018-12-14,14,12,2018,13,6,5,3,,1,0,Asphalt,1,1,1,40,4,2,4,5,0,0,0,0,true,false,false,false,false,false,false,false,false,false,false,false,false,true,true,false,false,false,false,false,false,false,-83.15604,42.44577,"{
  ""coordinates"": [
    -8.315603878410330e+01,
    4.244577015555980e+01
  ],
  ""type"": ""Point""
}","{
  ""coordinates"": [
    -83.156038784,
    42.445770156
  ],
  ""type"": ""Point""
}",-83.156038784,42.445770156
19727,1569191,EDMORE,HAYES,2018-12-14,14,12,2018,23,6,2,9,,,2,,1,1,4,25,2,2,1,4,0,0,0,1,false,false,false,false,false,true,false,false,false,true,false,false,false,false,false,false,false,false,false,false,false,false,-82.96524,42.44721,"{
  ""coordinates"": [
    -8.296524119307620e+01,
    4.244721392493290e+01
  ],
  ""type"": ""Point""
}","{
  ""coordinates"": [
    -82.965241193,
    42.447213925
  ],
  ""type"": ""Point""
}",-82.9652411929999,42.447213925
19728,1567051,RAMP 048D,MCNICHOLS,2018-12-14,14,12,2018,16,6,8,1,,1,0,Asphalt,1,2,1,70,4,2,2,5,0,0,0,0,true,false,false,false,false,false,false,false,false,false,false,false,false,false,false,false,false,false,false,false,false,false,-83.08843,42.41802,"{
  ""coordinates"": [
    -8.308842930193271e+01,
    4.241801663812170e+01
  ],
  ""type"": ""Point""
}","{
  ""coordinates"": [
    -83.088429302,
    42.418016638
  ],
  ""type"": ""Point""
}",-83.088429302,42.418016638
19729,1567106,BEARD,CHATFIELD,2018-12-14,14,12,2018,15,6,5,9,,,0,,1,1,1,20,1,2,2,5,0,0,0,0,true,false,false,false,false,false,false,false,false,false,false,false,false,false,false,false,false,false,false,false,false,false,-83.11494,42.30931,"{
  ""coordinates"": [
    -8.311494640979130e+01,
    4.230931517172440e+01
  ],
  ""type"": ""Point""
}","{
  ""coordinates"": [
    -83.11494641,
    42.309315172
  ],
  ""type"": ""Point""
}",-83.11494641,42.309315172
19730,1580183,RAMP 215G,S M 10,2018-12-14,14,12,2018,18,6,5,1,,1,0,Concrete,1,1,4,55,1,2,2,4,0,0,0,2,false,false,false,false,false,false,false,false,false,false,false,false,false,false,true,false,false,false,false,false,false,false,-83.07848,42.36202,"{
  ""coordinates"": [
    -8.307847311850810e+01,
    4.236202291283870e+01
  ],
  ""type"": ""Point""
}","{
  ""coordinates"": [
    -83.078473119,
    42.362022913
  ],
  ""type"": ""Point""
}",-83.078473119,42.362022913
19731,1579184,I 94,CHALMERS,2018-12-14,14,12,2018,8,6,5,1,,1,0,Asphalt,2,2,3,55,3,2,2,5,0,0,0,0,true,false,false,false,false,false,false,false,false,false,false,false,false,false,false,false,false,false,false,false,false,false,-82.96463,42.40371,"{
  ""coordinates"": [
    -8.296463350268850e+01,
    4.240370781687040e+01
  ],
  ""type"": ""Point""
}","{
  ""coordinates"": [
    -82.964633503,
    42.403707817
  ],
  ""type"": ""Point""
}",-82.964633503,42.4037078170001
19732,1584377,N I 75,RAMP 035A,2018-12-14,14,12,2018,18,6,9,1,,1,0,Asphalt,1,1,4,55,2,4,3,5,0,0,0,0,true,false,false,false,true,false,false,false,false,false,false,false,false,true,false,true,false,false,false,false,false,false,-83.08353,42.317,"{
  ""coordinates"": [
    -8.308352461273429e+01,
    4.231700135837700e+01
  ],
  ""type"": ""Point""
}","{
  ""coordinates"": [
    -83.083524613,
    42.317001358
  ],
  ""type"": ""Point""
}",-83.083524613,42.317001358
19733,1565946,MOUNT ELLIOT,LYNCH,2018-12-14,14,12,2018,2,6,1,9,,4,1,Asphalt,2,4,4,35,2,1,1,5,0,0,0,0,true,false,false,false,false,false,false,false,false,false,false,false,false,false,false,false,false,false,false,false,false,false,-83.0377,42.40183,"{
  ""coordinates"": [
    -8.303770153372400e+01,
    4.240182826725820e+01
  ],
  ""type"": ""Point""
}","{
  ""coordinates"": [
    -83.037701534,
    42.401828267
  ],
  ""type"": ""Point""
}",-83.037701534,42.401828267
19734,1570340,JOY,SPINOZA,2018-12-14,14,12,2018,18,6,4,9,,2,0,Asphalt,1,1,4,35,5,2,2,5,0,0,0,0,true,false,false,false,false,false,false,false,false,false,false,false,false,false,false,false,false,false,false,false,false,false,-83.25031,42.35731,"{
  ""coordinates"": [
    -8.325031293533689e+01,
    4.235730877305680e+01
  ],
  ""type"": ""Point""
}","{
  ""coordinates"": [
    -83.250312935,
    42.357308773
  ],
  ""type"": ""Point""
}",-83.250312935,42.3573087730001
19735,1568250,7 MILE,DWYER,2018-12-14,14,12,2018,18,6,5,9,,4,0,Asphalt,1,1,4,30,4,3,3,5,0,0,0,0,true,false,false,false,false,false,false,false,false,false,false,false,false,true,false,false,false,false,false,false,false,false,-83.04162,42.43361,"{
  ""coordinates"": [
    -8.304161599492770e+01,
    4.243361203598410e+01
  ],
  ""type"": ""Point""
}","{
  ""coordinates"": [
    -83.041615995,
    42.433612036
  ],
  ""type"": ""Point""
}",-83.041615995,42.4336120360001
19736,1580184,I-94,BRUSH,2018-12-14,14,12,2018,19,6,5,1,,1,0,Asphalt,1,1,4,55,3,2,2,4,0,0,0,2,false,false,false,false,false,false,false,false,false,false,false,false,false,false,false,false,false,false,false,false,false,false,-83.06439,42.36584,"{
  ""coordinates"": [
    -8.306439477622050e+01,
    4.236583921526250e+01
  ],
  ""type"": ""Point""
}","{
  ""coordinates"": [
    -83.064394776,
    42.365839215
  ],
  ""type"": ""Point""
}",-83.064394776,42.3658392150001
19737,1588550,RUSSELL,WARREN,2018-12-14,14,12,2018,10,6,4,9,,4,0,Concrete,1,2,1,30,3,2,2,5,0,0,0,0,true,false,false,false,false,false,false,false,false,false,false,true,false,false,false,false,false,false,false,false,false,false,-83.05093,42.36211,"{
  ""coordinates"": [
    -8.305093562270289e+01,
    4.236210686924020e+01
  ],
  ""type"": ""Point""
}","{
  ""coordinates"": [
    -83.050935623,
    42.362106869
  ],
  ""type"": ""Point""
}",-83.050935623,42.3621068690001
19738,1567159,CONANT,OUTER,2018-12-14,14,12,2018,20,6,8,9,,4,0,Asphalt,1,2,4,,3,2,2,5,0,0,0,0,true,false,false,false,false,false,false,false,false,false,false,false,false,false,false,false,false,false,false,false,false,false,-83.07891,42.44021,"{
  ""coordinates"": [
    -8.307891310375240e+01,
    4.244020782838740e+01
  ],
  ""type"": ""Point""
}","{
  ""coordinates"": [
    -83.078913104,
    42.440207828
  ],
  ""type"": ""Point""
}",-83.078913104,42.440207828
19739,1570408,ILENE,NORFOLK,2018-12-14,14,12,2018,22,6,4,9,,,0,,1,1,4,25,2,2,1,5,0,0,0,0,true,false,true,false,true,false,false,false,false,false,false,false,false,false,false,false,false,false,false,false,false,false,-83.16358,42.44321,"{
  ""coordinates"": [
    -8.316358534580731e+01,
    4.244320846170720e+01
  ],
  ""type"": ""Point""
}","{
  ""coordinates"": [
    -83.163585346,
    42.443208462
  ],
  ""type"": ""Point""
}",-83.1635853459999,42.443208462
19740,1574924,WADSWORTH,EVERGREEN,2018-12-14,14,12,2018,22,6,2,9,,,0,,1,1,4,25,2,2,2,5,0,0,0,0,true,false,false,false,true,false,false,false,false,false,false,false,false,false,false,false,false,false,false,false,false,false,-83.23627,42.37407,"{
  ""coordinates"": [
    -8.323627689673030e+01,
    4.237406976228250e+01
  ],
  ""type"": ""Point""
}","{
  ""coordinates"": [
    -83.236276897,
    42.374069762
  ],
  ""type"": ""Point""
}",-83.236276897,42.374069762
19741,1567084,SCHAEFER,FENKELL,2018-12-14,14,12,2018,19,6,4,9,,4,0,Asphalt,1,1,1,35,5,2,5,5,0,0,0,0,true,false,true,true,false,false,false,false,false,false,true,false,false,false,true,false,false,false,false,false,false,false,-83.17913,42.40218,"{
  ""coordinates"": [
    -8.317913381004250e+01,
    4.240218353578260e+01
  ],
  ""type"": ""Point""
}","{
  ""coordinates"": [
    -83.17913381,
    42.402183536
  ],
  ""type"": ""Point""
}",-83.1791338099999,42.4021835360001
19742,1570357,WARREN,MINOCK,2018-12-14,14,12,2018,0,6,3,9,,2,0,Asphalt,2,4,3,25,4,2,4,5,0,0,0,0,true,false,false,false,false,false,false,false,false,false,false,false,false,false,true,false,false,false,false,false,false,false,-83.2319,42.34318,"{
  ""coordinates"": [
    -8.323189602210719e+01,
    4.234318043161860e+01
  ],
  ""type"": ""Point""
}","{
  ""coordinates"": [
    -83.231896022,
    42.343180432
  ],
  ""type"": ""Point""
}",-83.2318960219999,42.3431804320001
19743,1571522,M-39,FENKELL,2018-12-14,14,12,2018,19,6,8,3,,1,0,Asphalt,1,1,4,55,3,2,1,5,0,0,0,0,true,false,false,false,true,false,false,false,false,false,false,false,false,false,false,false,false,false,false,false,false,false,-83.21838,42.40084,"{
  ""coordinates"": [
    -8.321838520824080e+01,
    4.240084168268040e+01
  ],
  ""type"": ""Point""
}","{
  ""coordinates"": [
    -83.218385208,
    42.400841683
  ],
  ""type"": ""Point""
}",-83.218385208,42.4008416830001
19744,1570410,MEYERS,PEMBROKE,2018-12-14,14,12,2018,23,6,5,9,,4,0,Asphalt,1,1,5,35,2,2,4,5,0,0,0,0,true,false,false,false,true,false,false,false,false,false,false,false,false,false,false,false,false,false,false,false,false,false,-83.17099,42.43839,"{
  ""coordinates"": [
    -8.317099065731669e+01,
    4.243838593960660e+01
  ],
  ""type"": ""Point""
}","{
  ""coordinates"": [
    -83.170990657,
    42.43838594
  ],
  ""type"": ""Point""
}",-83.1709906569999,42.43838594
19745,1567062,M 10,MILWAULKEE,2018-12-14,14,12,2018,17,6,8,3,,1,0,Concrete,1,2,4,55,4,2,2,5,0,0,0,0,true,false,false,false,false,false,false,false,false,false,false,false,false,false,false,false,false,false,false,false,false,false,-83.07853,42.36282,"{
  ""coordinates"": [
    -8.307852819029510e+01,
    4.236281926125530e+01
  ],
  ""type"": ""Point""
}","{
  ""coordinates"": [
    -83.07852819,
    42.362819261
  ],
  ""type"": ""Point""
}",-83.07852819,42.362819261
19746,1569148,I94,WOODWARD,2018-12-14,14,12,2018,0,6,1,1,,1,1,Asphalt,2,4,4,55,3,1,1,5,0,0,0,0,true,false,false,false,false,false,false,false,false,true,false,false,false,false,false,false,false,false,false,false,false,false,-83.0704,42.36276,"{
  ""coordinates"": [
    -8.307040738139639e+01,
    4.236276330657200e+01
  ],
  ""type"": ""Point""
}","{
  ""coordinates"": [
    -83.070407381,
    42.362763307
  ],
  ""type"": ""Point""
}",-83.0704073809999,42.3627633070001
19747,1570328,PENROD,SAWYER,2018-12-14,14,12,2018,13,6,4,9,,,0,,2,2,1,20,1,2,3,4,0,0,0,2,false,false,false,false,false,false,false,false,false,false,false,false,false,false,false,false,false,false,false,false,false,false,-83.2197,42.347,"{
  ""coordinates"": [
    -8.321970371395869e+01,
    4.234700542094630e+01
  ],
  ""type"": ""Point""
}","{
  ""coordinates"": [
    -83.219703714,
    42.347005421
  ],
  ""type"": ""Point""
}",-83.2197037139999,42.3470054210001
19748,1571524,RAMP 216I,MILWAUKEE,2018-12-14,14,12,2018,20,6,8,1,,1,0,Concrete,1,1,4,55,2,3,3,5,0,0,0,0,true,false,false,false,true,false,false,false,false,false,false,false,false,false,false,false,false,false,false,false,false,false,-83.05988,42.37277,"{
  ""coordinates"": [
    -8.305988135130190e+01,
    4.237276827654990e+01
  ],
  ""type"": ""Point""
}","{
  ""coordinates"": [
    -83.059881351,
    42.372768277
  ],
  ""type"": ""Point""
}",-83.0598813509999,42.372768277
19749,1573517,FOREST,S M 10,2018-12-14,14,12,2018,16,6,8,9,,4,0,Concrete,1,1,1,35,2,2,4,5,0,0,0,0,true,false,false,false,false,false,false,false,false,false,false,false,false,false,false,false,false,false,false,false,false,false,-83.07219,42.35159,"{
  ""coordinates"": [
    -8.307219219301869e+01,
    4.235159063399900e+01
  ],
  ""type"": ""Point""
}","{
  ""coordinates"": [
    -83.072192193,
    42.351590634
  ],
  ""type"": ""Point""
}",-83.072192193,42.351590634