ObjectId,Crash ID,Primary Road,Intersecting Road,Crash Date,Day,Month,Year,Hour,Weekday,Crash Type Code,Highway Classification Code,Community Code,Jurisdiction Code,Lane Departure Type Code,Surface Type,Road Condition,Weather Condition,Lighting Condition,Speed Limit,Lanes,Units,Occupants,Most Severe Injury,Fatal Injuries,Suspected Serious Injuries,Suspected Minor Injuries,Possible Injuries,Property Damage Only,Secondary Crash,Traffic Control,Red Light Run,Hit and Run,Alcohol,Drugs,Unbelted Person,Work Zone,Speeding Driver,Distracted Driver,Driveway,Pedestrian,Elderly Driver,Young Driver,Commercial Vehicle,Emergency Vehicles,Train,School Bus,Motorcycle,Bicycle,Deer,Longitude,Latitude,geom,geog,x,y
19750,1565941,DEQUINDRE,OUTER,2018-12-14,14,12,2018,5,6,5,9,,4,0,Asphalt,2,1,4,30,4,2,15,4,0,0,0,3,false,false,false,false,false,false,false,false,false,false,false,false,false,true,false,false,false,false,false,false,false,false,-83.08312,42.44014,"{
  ""coordinates"": [
    -8.308311963819550e+01,
    4.244013742566520e+01
  ],
  ""type"": ""Point""
}","{
  ""coordinates"": [
    -83.083119638,
    42.440137426
  ],
  ""type"": ""Point""
}",-83.083119638,42.440137426
19751,1574902,MICHIGAN,ROSA PARKS,2018-12-14,14,12,2018,8,6,5,2,,1,0,Asphalt,1,1,1,35,4,2,2,4,0,0,0,1,false,false,false,false,false,false,false,false,false,false,false,false,false,false,false,false,false,false,false,false,false,false,-83.0719,42.33139,"{
  ""coordinates"": [
    -8.307189817126300e+01,
    4.233139136360240e+01
  ],
  ""type"": ""Point""
}","{
  ""coordinates"": [
    -83.071898171,
    42.331391364
  ],
  ""type"": ""Point""
}",-83.071898171,42.3313913640001
19752,1571603,8 MILE,PICADILLY,2018-12-14,14,12,2018,1,6,5,3,,1,0,Asphalt,1,1,4,40,4,2,2,5,0,0,0,0,true,true,false,false,false,false,false,false,false,false,false,false,false,false,true,false,false,false,false,false,false,false,-83.13763,42.44618,"{
  ""coordinates"": [
    -8.313763398433750e+01,
    4.244617881016040e+01
  ],
  ""type"": ""Point""
}","{
  ""coordinates"": [
    -83.137633984,
    42.44617881
  ],
  ""type"": ""Point""
}",-83.137633984,42.44617881
19753,1567080,FISHER,GRANDRIVER,2018-12-14,14,12,2018,22,6,8,1,,1,0,Concrete,1,1,4,35,9,2,3,5,0,0,0,0,true,false,false,false,false,false,false,false,false,false,false,false,false,false,false,false,false,false,false,false,false,false,-83.06374,42.33537,"{
  ""coordinates"": [
    -8.306373615401171e+01,
    4.233537082942400e+01
  ],
  ""type"": ""Point""
}","{
  ""coordinates"": [
    -83.063736154,
    42.335370829
  ],
  ""type"": ""Point""
}",-83.063736154,42.3353708290001
19754,1570358,PLYMOUTH,PATTON,2018-12-14,14,12,2018,10,6,5,9,,4,0,Asphalt,1,2,1,35,6,3,1,5,0,0,0,0,true,false,false,false,true,false,false,false,false,false,false,false,false,true,false,false,false,false,false,false,false,false,-83.24248,42.37187,"{
  ""coordinates"": [
    -8.324248072297780e+01,
    4.237187133440470e+01
  ],
  ""type"": ""Point""
}","{
  ""coordinates"": [
    -83.242480723,
    42.371871334
  ],
  ""type"": ""Point""
}",-83.242480723,42.371871334
19755,1570399,7 MILE,DWYER,2018-12-14,14,12,2018,17,6,97,9,,4,0,Asphalt,1,1,4,25,4,3,3,5,0,0,0,0,true,false,false,false,false,false,false,false,false,false,false,false,false,true,false,false,false,false,false,false,false,false,-83.04152,42.43361,"{
  ""coordinates"": [
    -8.304151825085390e+01,
    4.243361413146490e+01
  ],
  ""type"": ""Point""
}","{
  ""coordinates"": [
    -83.041518251,
    42.433614131
  ],
  ""type"": ""Point""
}",-83.041518251,42.4336141310001
19756,1567170,WOODWARD,PETERBORO,2018-12-14,14,12,2018,8,6,8,3,,1,0,Asphalt,2,2,1,30,7,2,2,5,0,0,0,0,true,false,false,false,false,false,false,false,false,false,false,false,false,false,false,false,false,false,false,false,false,false,-83.05663,42.34552,"{
  ""coordinates"": [
    -8.305663084009680e+01,
    4.234552018419960e+01
  ],
  ""type"": ""Point""
}","{
  ""coordinates"": [
    -83.05663084,
    42.345520184
  ],
  ""type"": ""Point""
}",-83.05663084,42.3455201840001
19757,1567158,DAVISON,SCHOOL,2018-12-14,14,12,2018,18,6,8,9,,4,0,Asphalt,1,2,4,,4,2,3,5,0,0,0,0,true,false,false,false,false,false,false,false,false,false,false,false,false,false,false,false,false,false,false,false,false,false,-83.02615,42.42356,"{
  ""coordinates"": [
    -8.302614870427040e+01,
    4.242355556958060e+01
  ],
  ""type"": ""Point""
}","{
  ""coordinates"": [
    -83.026148704,
    42.42355557
  ],
  ""type"": ""Point""
}",-83.026148704,42.4235555700001
19758,1569210,7 MILE,GRATIOT,2018-12-14,14,12,2018,16,6,4,3,,2,0,Asphalt,1,2,3,30,2,2,3,5,0,0,0,0,true,false,false,false,false,false,false,false,false,false,false,true,false,false,true,false,false,false,false,false,false,false,-82.97742,42.43508,"{
  ""coordinates"": [
    -8.297742296246830e+01,
    4.243508308425690e+01
  ],
  ""type"": ""Point""
}","{
  ""coordinates"": [
    -82.977422962,
    42.435083084
  ],
  ""type"": ""Point""
}",-82.9774229619999,42.435083084
19759,1570335,WESTEND,JEFFERSON,2018-12-14,14,12,2018,22,6,9,9,,4,0,Asphalt,2,4,5,25,2,2,1,5,0,0,0,0,true,false,false,false,true,false,false,false,true,false,false,false,false,false,true,false,false,false,false,false,false,false,-83.11345,42.29234,"{
  ""coordinates"": [
    -8.311345056646360e+01,
    4.229234294192840e+01
  ],
  ""type"": ""Point""
}","{
  ""coordinates"": [
    -83.113450566,
    42.292342942
  ],
  ""type"": ""Point""
}",-83.113450566,42.2923429420001
19760,1571523,W I 94,S M 10,2018-12-14,14,12,2018,20,6,8,1,,1,0,Asphalt,1,1,4,55,3,2,1,5,0,0,0,0,true,false,false,false,true,false,false,false,false,false,false,false,false,false,false,false,false,false,false,false,false,false,-83.07657,42.35932,"{
  ""coordinates"": [
    -8.307656755493601e+01,
    4.235931603206100e+01
  ],
  ""type"": ""Point""
}","{
  ""coordinates"": [
    -83.076567555,
    42.359316032
  ],
  ""type"": ""Point""
}",-83.0765675549999,42.359316032
19761,1572710,WOODWARD,LOTHROP,2018-12-14,14,12,2018,20,6,1,3,,1,1,Asphalt,1,1,1,30,1,1,1,5,0,0,0,0,true,false,false,false,false,false,false,false,false,false,false,false,false,false,false,false,false,false,false,false,false,false,-83.07409,42.37144,"{
  ""coordinates"": [
    -8.307408696097120e+01,
    4.237144050451440e+01
  ],
  ""type"": ""Point""
}","{
  ""coordinates"": [
    -83.074086961,
    42.371440505
  ],
  ""type"": ""Point""
}",-83.074086961,42.3714405050001
19762,1573510,SEVEN MILE,SCHOENHERR,2018-12-14,14,12,2018,16,6,4,9,,4,0,Asphalt,1,1,1,30,4,2,2,4,0,0,0,1,false,false,true,true,false,false,false,false,false,false,false,false,false,false,false,false,false,false,false,false,false,false,-82.98512,42.43492,"{
  ""coordinates"": [
    -8.298512519275640e+01,
    4.243491703816040e+01
  ],
  ""type"": ""Point""
}","{
  ""coordinates"": [
    -82.985125193,
    42.434917038
  ],
  ""type"": ""Point""
}",-82.985125193,42.434917038
19763,1567083,GREENFIELD,WESTFIELD,2018-12-14,14,12,2018,17,6,4,9,,2,0,Asphalt,2,1,4,35,5,2,1,5,0,0,0,0,true,false,false,false,true,false,false,false,false,false,false,false,false,true,false,false,false,false,false,false,false,false,-83.19723,42.36353,"{
  ""coordinates"": [
    -8.319723119708800e+01,
    4.236352769747490e+01
  ],
  ""type"": ""Point""
}","{
  ""coordinates"": [
    -83.197231197,
    42.363527697
  ],
  ""type"": ""Point""
}",-83.197231197,42.3635276970001
19764,1570320,I-75,VERNOR,2018-12-14,14,12,2018,19,6,8,1,,1,0,Asphalt,1,2,4,55,3,2,1,5,0,0,0,0,true,false,false,false,true,false,false,false,false,false,false,false,false,false,false,true,false,false,false,false,false,false,-83.08487,42.32617,"{
  ""coordinates"": [
    -8.308486689431750e+01,
    4.232616996083020e+01
  ],
  ""type"": ""Point""
}","{
  ""coordinates"": [
    -83.084866894,
    42.326169961
  ],
  ""type"": ""Point""
}",-83.084866894,42.3261699610001
19765,1568229,JEFFERSON,MCDOUGALL,2018-12-14,14,12,2018,13,6,5,9,,4,0,Asphalt,1,1,1,35,5,2,3,4,0,0,0,2,false,false,false,false,false,false,false,false,false,false,false,false,false,false,false,false,false,false,false,false,false,false,-83.01632,42.34097,"{
  ""coordinates"": [
    -8.301632069646570e+01,
    4.234096384676660e+01
  ],
  ""type"": ""Point""
}","{
  ""coordinates"": [
    -83.016320696,
    42.340963847
  ],
  ""type"": ""Point""
}",-83.016320696,42.3409638470001
19766,1567102,RISDON,VINEWOOD,2018-12-14,14,12,2018,14,6,9,9,,,2,,1,1,1,25,1,2,0,5,0,0,0,0,true,false,false,false,false,false,false,false,false,false,false,false,false,false,false,false,false,false,false,false,false,false,-83.09458,42.32828,"{
  ""coordinates"": [
    -8.309458071311950e+01,
    4.232827797177120e+01
  ],
  ""type"": ""Point""
}","{
  ""coordinates"": [
    -83.094580713,
    42.328277972
  ],
  ""type"": ""Point""
}",-83.094580713,42.3282779720001
19767,1567067,BEAUBIEN,JEFFERSON,2018-12-14,14,12,2018,13,6,8,4,,4,0,Asphalt,1,2,1,30,5,2,3,5,0,0,0,0,true,false,false,false,false,false,false,false,false,false,false,false,false,false,false,false,false,false,false,false,false,false,-83.03965,42.33066,"{
  ""coordinates"": [
    -8.303964809576409e+01,
    4.233066015392310e+01
  ],
  ""type"": ""Point""
}","{
  ""coordinates"": [
    -83.039648096,
    42.330660154
  ],
  ""type"": ""Point""
}",-83.039648096,42.330660154
19768,1565924,WARD,JOY,2018-12-13,13,12,2018,9,5,8,9,,,0,,2,1,1,30,2,3,2,5,0,0,0,0,true,false,false,false,true,false,false,false,false,false,false,false,false,false,false,false,false,false,false,false,false,false,-83.17262,42.35886,"{
  ""coordinates"": [
    -8.317261317474080e+01,
    4.235885529154660e+01
  ],
  ""type"": ""Point""
}","{
  ""coordinates"": [
    -83.172613175,
    42.358855292
  ],
  ""type"": ""Point""
}",-83.172613175,42.358855292
19769,1565004,OUTER,N M 39,2018-12-13,13,12,2018,19,5,8,9,,2,0,Concrete,1,1,4,35,4,2,2,5,0,0,0,0,true,false,false,false,false,false,false,false,false,false,false,false,false,true,false,false,false,false,false,false,false,false,-83.21889,42.41907,"{
  ""coordinates"": [
    -8.321889110454350e+01,
    4.241907182342910e+01
  ],
  ""type"": ""Point""
}","{
  ""coordinates"": [
    -83.218891105,
    42.419071823
  ],
  ""type"": ""Point""
}",-83.218891105,42.419071823
19770,1568228,ST AUBIN,ANTIETAM,2018-12-13,13,12,2018,9,5,1,9,,4,0,Asphalt,2,2,1,30,3,1,1,5,0,0,0,0,true,false,false,false,false,false,false,false,false,false,false,false,false,true,false,false,false,false,false,false,false,false,-83.03401,42.34551,"{
  ""coordinates"": [
    -8.303401390068861e+01,
    4.234550805770890e+01
  ],
  ""type"": ""Point""
}","{
  ""coordinates"": [
    -83.034013901,
    42.345508058
  ],
  ""type"": ""Point""
}",-83.034013901,42.3455080580001
19771,1567122,MACK,CANYON,2018-12-13,13,12,2018,13,5,4,9,,2,0,Asphalt,1,1,1,35,2,2,4,5,0,0,0,0,true,false,false,false,false,false,false,false,false,false,false,false,false,false,false,false,false,false,false,false,false,false,-82.91395,42.40955,"{
  ""coordinates"": [
    -8.291394445243760e+01,
    4.240955303578640e+01
  ],
  ""type"": ""Point""
}","{
  ""coordinates"": [
    -82.913944452,
    42.409553036
  ],
  ""type"": ""Point""
}",-82.913944452,42.409553036
19772,1626844,CASS,PALMER,2018-12-13,13,12,2018,9,5,8,9,,4,0,Asphalt,2,1,1,25,2,2,1,5,0,0,0,0,true,false,false,false,true,false,false,false,false,false,false,false,false,false,false,false,false,false,false,false,false,false,-83.06975,42.36141,"{
  ""coordinates"": [
    -8.306975153432811e+01,
    4.236140855443520e+01
  ],
  ""type"": ""Point""
}","{
  ""coordinates"": [
    -83.069751534,
    42.361408554
  ],
  ""type"": ""Point""
}",-83.069751534,42.361408554
19773,1564868,KIRKWOOD,LONYO,2018-12-13,13,12,2018,0,5,4,9,,,0,,2,1,3,25,4,2,1,4,0,0,0,1,false,false,false,false,true,false,false,false,false,false,false,false,false,false,false,false,false,false,false,false,false,false,-83.14934,42.337,"{
  ""coordinates"": [
    -8.314933532681660e+01,
    4.233699679349500e+01
  ],
  ""type"": ""Point""
}","{
  ""coordinates"": [
    -83.149335327,
    42.336996793
  ],
  ""type"": ""Point""
}",-83.149335327,42.336996793
19774,1570178,I-75,STATE FAIR,2018-12-13,13,12,2018,18,5,5,1,,1,0,Asphalt,1,2,4,70,3,2,1,5,0,0,0,0,true,false,false,false,true,false,false,false,false,true,false,false,false,false,false,false,false,false,false,false,false,false,-83.0948,42.43613,"{
  ""coordinates"": [
    -8.309480207998421e+01,
    4.243613266416440e+01
  ],
  ""type"": ""Point""
}","{
  ""coordinates"": [
    -83.09480208,
    42.436132664
  ],
  ""type"": ""Point""
}",-83.09480208,42.4361326640001
19775,1570377,7 MILE,WESTMORELAND,2018-12-13,13,12,2018,21,5,4,9,,2,0,Asphalt,1,1,4,35,4,2,4,3,0,0,1,1,false,false,true,false,false,false,false,false,false,false,false,false,false,false,false,false,false,false,false,false,false,false,-83.23663,42.42963,"{
  ""coordinates"": [
    -8.323663315460379e+01,
    4.242963351089240e+01
  ],
  ""type"": ""Point""
}","{
  ""coordinates"": [
    -83.236633155,
    42.429633511
  ],
  ""type"": ""Point""
}",-83.2366331549999,42.4296335110001
19776,1565919,I-96,MLK,2018-12-13,13,12,2018,17,5,8,1,,1,0,Asphalt,1,1,4,70,4,2,3,5,0,0,0,0,true,false,false,false,false,false,false,false,false,false,false,false,false,false,false,true,false,false,false,false,false,false,-83.09274,42.33992,"{
  ""coordinates"": [
    -8.309274503226560e+01,
    4.233991967640340e+01
  ],
  ""type"": ""Point""
}","{
  ""coordinates"": [
    -83.092745032,
    42.339919676
  ],
  ""type"": ""Point""
}",-83.092745032,42.3399196760001
19777,1567048,I-94,CONNER,2018-12-13,13,12,2018,17,5,5,1,,1,0,Asphalt,1,1,4,55,3,4,6,3,0,0,2,0,false,false,false,false,false,false,false,false,false,false,false,false,false,true,false,false,true,false,false,false,false,false,-82.98802,42.39645,"{
  ""coordinates"": [
    -8.298802565739339e+01,
    4.239644564232540e+01
  ],
  ""type"": ""Point""
}","{
  ""coordinates"": [
    -82.988025657,
    42.396445642
  ],
  ""type"": ""Point""
}",-82.988025657,42.3964456420001
19778,1623130,LARNED,S I 375 SERVICE DRIVE,2018-12-13,13,12,2018,17,5,4,9,,4,0,Asphalt,1,1,4,30,6,2,2,5,0,0,0,0,true,false,false,false,false,false,false,false,false,false,false,false,false,false,false,false,false,false,false,false,false,false,-83.03673,42.3331,"{
  ""coordinates"": [
    -8.303672596860559e+01,
    4.233310132837240e+01
  ],
  ""type"": ""Point""
}","{
  ""coordinates"": [
    -83.036725969,
    42.333101328
  ],
  ""type"": ""Point""
}",-83.036725969,42.3331013280001
19779,1569198,8 MILE,WYOMING,2018-12-13,13,12,2018,20,5,8,3,,1,0,Asphalt,1,1,4,40,4,2,1,5,0,0,0,0,true,false,false,false,true,false,false,false,false,false,false,false,false,false,false,false,false,false,false,false,false,false,-83.16363,42.44561,"{
  ""coordinates"": [
    -8.316362767158010e+01,
    4.244560786250790e+01
  ],
  ""type"": ""Point""
}","{
  ""coordinates"": [
    -83.163627672,
    42.445607863
  ],
  ""type"": ""Point""
}",-83.163627672,42.4456078630001
19780,1568245,WALTHAM,LAPPIN,2018-12-13,13,12,2018,8,5,8,9,,,0,,2,2,1,25,1,3,4,5,0,0,0,0,true,false,false,false,false,false,false,false,false,false,false,true,false,false,false,false,false,false,false,false,false,false,-82.99496,42.43706,"{
  ""coordinates"": [
    -8.299495496716230e+01,
    4.243705864446370e+01
  ],
  ""type"": ""Point""
}","{
  ""coordinates"": [
    -82.994954967,
    42.437058644
  ],
  ""type"": ""Point""
}",-82.994954967,42.437058644
19781,1565949,LIVERNOIS,SAINT MARTINS,2018-12-13,13,12,2018,16,5,5,9,,4,0,Asphalt,1,1,1,30,2,2,2,5,0,0,0,0,true,false,false,false,true,false,false,false,false,false,false,false,false,false,false,false,false,false,false,false,false,false,-83.1418,42.43708,"{
  ""coordinates"": [
    -8.314179702025940e+01,
    4.243708091275480e+01
  ],
  ""type"": ""Point""
}","{
  ""coordinates"": [
    -83.14179702,
    42.437080913
  ],
  ""type"": ""Point""
}",-83.14179702,42.437080913
19782,1571602,NORFOLK,LIVERNOIS,2018-12-13,13,12,2018,17,5,4,9,,,0,,1,1,4,,2,2,5,5,0,0,0,0,true,false,false,false,false,false,false,false,false,false,false,false,false,false,false,false,false,false,false,false,false,false,-83.14185,42.4437,"{
  ""coordinates"": [
    -8.314185290475839e+01,
    4.244369420100090e+01
  ],
  ""type"": ""Point""
}","{
  ""coordinates"": [
    -83.141852905,
    42.443694201
  ],
  ""type"": ""Point""
}",-83.141852905,42.443694201
19783,1565928,SCHAEFER,8 MILE,2018-12-13,13,12,2018,14,5,5,3,,4,0,Asphalt,1,1,1,,4,2,2,4,0,0,0,1,false,false,false,false,false,false,false,false,false,false,false,false,false,false,false,false,false,false,false,false,false,false,-83.181,42.44516,"{
  ""coordinates"": [
    -8.318099834409919e+01,
    4.244515937400770e+01
  ],
  ""type"": ""Point""
}","{
  ""coordinates"": [
    -83.180998344,
    42.445159374
  ],
  ""type"": ""Point""
}",-83.180998344,42.4451593740001
19784,1579270,DAVISON,LASALLE,2018-12-13,13,12,2018,22,5,4,3,,1,0,Asphalt,2,98,4,30,5,2,1,5,0,0,0,0,true,false,true,true,false,false,false,false,false,false,false,false,false,false,false,false,false,false,false,false,false,false,-83.11913,42.39409,"{
  ""coordinates"": [
    -8.311913340282840e+01,
    4.239409393793430e+01
  ],
  ""type"": ""Point""
}","{
  ""coordinates"": [
    -83.119133403,
    42.394093938
  ],
  ""type"": ""Point""
}",-83.119133403,42.394093938
19785,1565940,HARPER,HAYES,2018-12-13,13,12,2018,19,5,4,9,,4,0,Asphalt,1,1,5,35,2,2,2,5,0,0,0,0,true,false,false,false,true,false,false,false,false,false,false,false,false,false,false,false,false,false,false,false,false,false,-82.96468,42.40464,"{
  ""coordinates"": [
    -8.296468212641230e+01,
    4.240463590905840e+01
  ],
  ""type"": ""Point""
}","{
  ""coordinates"": [
    -82.964682126,
    42.404635909
  ],
  ""type"": ""Point""
}",-82.964682126,42.404635909
19786,1565930,ORANGELAWN,ROBSON,2018-12-13,13,12,2018,16,5,4,9,,,0,,1,1,1,25,4,2,2,5,0,0,0,0,true,false,false,false,false,false,false,false,false,false,false,false,false,false,true,false,false,false,false,false,false,false,-83.19193,42.36797,"{
  ""coordinates"": [
    -8.319192461986100e+01,
    4.236796819380630e+01
  ],
  ""type"": ""Point""
}","{
  ""coordinates"": [
    -83.19192462,
    42.367968194
  ],
  ""type"": ""Point""
}",-83.19192462,42.3679681940001
19787,1568075,I-75,CLARK,2018-12-13,13,12,2018,8,5,97,1,,1,0,Concrete,1,2,1,50,2,1,1,5,0,0,0,0,true,false,false,false,true,false,false,false,true,false,false,false,false,false,false,true,false,false,false,false,false,false,-83.09191,42.31336,"{
  ""coordinates"": [
    -8.309190941011261e+01,
    4.231335736131600e+01
  ],
  ""type"": ""Point""
}","{
  ""coordinates"": [
    -83.09190941,
    42.313357361
  ],
  ""type"": ""Point""
}",-83.09190941,42.313357361
19788,1565962,WILLIS,CASS,2018-12-13,13,12,2018,19,5,9,9,,,2,,1,1,5,25,2,2,1,5,0,0,0,0,true,false,false,false,false,false,false,false,false,false,false,false,false,false,false,false,false,false,false,false,false,false,-83.06376,42.35043,"{
  ""coordinates"": [
    -8.306375672576200e+01,
    4.235043125287790e+01
  ],
  ""type"": ""Point""
}","{
  ""coordinates"": [
    -83.063756726,
    42.350431253
  ],
  ""type"": ""Point""
}",-83.063756726,42.3504312530001
19789,1568213,MADISON,JOHN R,2018-12-13,13,12,2018,17,5,4,9,,4,0,Asphalt,1,1,3,35,3,2,3,5,0,0,0,0,true,false,true,true,false,false,false,false,false,false,false,false,false,false,false,false,false,false,false,false,false,false,-83.04782,42.33691,"{
  ""coordinates"": [
    -8.304782307632240e+01,
    4.233691289175420e+01
  ],
  ""type"": ""Point""
}","{
  ""coordinates"": [
    -83.047823076,
    42.336912892
  ],
  ""type"": ""Point""
}",-83.047823076,42.336912892
19790,1571521,I94,MT ELLIOTT,2018-12-13,13,12,2018,17,5,5,1,,1,0,Asphalt,1,2,4,55,3,2,2,5,0,0,0,0,true,false,false,false,false,false,false,false,false,false,false,false,false,false,false,false,false,false,false,false,false,false,-83.03532,42.37834,"{
  ""coordinates"": [
    -8.303532486405460e+01,
    4.237834350833860e+01
  ],
  ""type"": ""Point""
}","{
  ""coordinates"": [
    -83.035324864,
    42.378343508
  ],
  ""type"": ""Point""
}",-83.035324864,42.3783435080001
19791,1565921,M10,GRISWOLD,2018-12-13,13,12,2018,18,5,5,3,,1,0,Asphalt,1,2,4,55,3,4,5,4,0,0,0,2,false,false,false,false,false,false,false,false,false,false,false,false,false,true,false,false,false,false,false,false,false,false,-83.0457,42.32805,"{
  ""coordinates"": [
    -8.304570116568910e+01,
    4.232804849933430e+01
  ],
  ""type"": ""Point""
}","{
  ""coordinates"": [
    -83.045701166,
    42.328048499
  ],
  ""type"": ""Point""
}",-83.045701166,42.328048499
19792,1569189,CHANDLER PARK,MOROSS,2018-12-13,13,12,2018,15,5,5,9,,2,0,Asphalt,1,1,1,30,4,2,1,3,0,0,1,0,false,false,false,false,false,false,false,false,false,false,false,false,false,false,false,false,false,false,false,false,false,false,-82.91504,42.41901,"{
  ""coordinates"": [
    -8.291503528082779e+01,
    4.241900749350420e+01
  ],
  ""type"": ""Point""
}","{
  ""coordinates"": [
    -82.915035281,
    42.419007494
  ],
  ""type"": ""Point""
}",-82.915035281,42.419007494
19793,1572735,7 MILE,GRATIOT,2018-12-13,13,12,2018,0,5,5,3,,4,0,Asphalt,2,4,4,30,2,2,1,5,0,0,0,0,true,false,false,false,true,false,false,false,false,false,false,false,false,false,false,false,false,false,false,false,false,false,-82.9777,42.43508,"{
  ""coordinates"": [
    -8.297769594870300e+01,
    4.243507744376800e+01
  ],
  ""type"": ""Point""
}","{
  ""coordinates"": [
    -82.977695949,
    42.435077444
  ],
  ""type"": ""Point""
}",-82.977695949,42.4350774440001
19794,1567078,RANDOLPH,JEFFERSON,2018-12-13,13,12,2018,11,5,10,3,,1,0,Asphalt,1,1,1,30,3,2,2,5,0,0,0,0,true,false,false,false,false,false,false,false,false,false,false,false,false,false,false,false,false,false,false,false,false,false,-83.04185,42.32965,"{
  ""coordinates"": [
    -8.304184580331720e+01,
    4.232965563263470e+01
  ],
  ""type"": ""Point""
}","{
  ""coordinates"": [
    -83.041845803,
    42.329655633
  ],
  ""type"": ""Point""
}",-83.0418458029999,42.3296556330001
19795,1571578,19008 HUNTINGTON,7 MILE,2018-12-13,13,12,2018,0,5,8,9,,,0,,2,4,4,25,2,2,3,5,0,0,0,0,true,false,false,false,false,true,true,true,false,false,false,false,false,false,false,false,false,false,false,false,false,false,-83.23337,42.42993,"{
  ""coordinates"": [
    -8.323336784163151e+01,
    4.242993201218110e+01
  ],
  ""type"": ""Point""
}","{
  ""coordinates"": [
    -83.233367842,
    42.429932012
  ],
  ""type"": ""Point""
}",-83.233367842,42.4299320120001
19796,1565920,I 75,MCNICHOLS,2018-12-13,13,12,2018,18,5,5,1,,1,0,Concrete,1,1,4,70,4,2,2,4,0,0,0,1,false,false,false,false,false,false,false,false,false,false,false,false,false,false,false,false,false,false,false,false,false,false,-83.08007,42.40965,"{
  ""coordinates"": [
    -8.308006776546540e+01,
    4.240964843124260e+01
  ],
  ""type"": ""Point""
}","{
  ""coordinates"": [
    -83.080067765,
    42.409648431
  ],
  ""type"": ""Point""
}",-83.080067765,42.4096484310001
19797,1567130,JEFFERSON,BALDWIN,2018-12-13,13,12,2018,18,5,5,9,,4,0,Asphalt,1,1,4,35,5,2,2,5,0,0,0,0,true,false,false,false,false,false,false,false,false,false,false,false,false,false,false,false,false,false,false,false,false,false,-82.99786,42.34947,"{
  ""coordinates"": [
    -8.299785971045949e+01,
    4.234947064489690e+01
  ],
  ""type"": ""Point""
}","{
  ""coordinates"": [
    -82.99785971,
    42.349470645
  ],
  ""type"": ""Point""
}",-82.9978597099999,42.3494706450001
19798,1569190,GRATIOT,7 MILE,2018-12-13,13,12,2018,23,5,97,3,,1,1,Asphalt,2,4,4,35,7,1,1,4,0,0,0,1,false,false,true,true,false,false,false,false,false,false,false,false,false,false,true,false,false,false,false,false,false,false,-82.97744,42.43546,"{
  ""coordinates"": [
    -8.297744119029160e+01,
    4.243546369084790e+01
  ],
  ""type"": ""Point""
}","{
  ""coordinates"": [
    -82.97744119,
    42.435463691
  ],
  ""type"": ""Point""
}",-82.97744119,42.4354636910001
19799,1567079,JEFFERSON,RANDOLPH,2018-12-13,13,12,2018,18,5,8,4,,1,0,Asphalt,1,1,3,30,3,2,3,5,0,0,0,0,true,false,false,false,false,false,false,false,false,false,false,false,false,true,false,false,false,false,false,false,false,false,-83.04183,42.32966,"{
  ""coordinates"": [
    -8.304182889361900e+01,
    4.232966289326060e+01
  ],
  ""type"": ""Point""
}","{
  ""coordinates"": [
    -83.041828894,
    42.329662893
  ],
  ""type"": ""Point""
}",-83.0418288939999,42.329662893
19800,1581063,WINTHROP,FLORENCE,2018-12-13,13,12,2018,23,5,5,9,,,0,,2,4,5,25,1,2,1,5,0,0,0,0,true,false,false,false,false,false,false,false,false,false,false,false,false,false,false,false,false,false,false,false,false,false,-83.20052,42.41032,"{
  ""coordinates"": [
    -8.320051874166769e+01,
    4.241032212064090e+01
  ],
  ""type"": ""Point""
}","{
  ""coordinates"": [
    -83.200518742,
    42.410322121
  ],
  ""type"": ""Point""
}",-83.200518742,42.410322121
19801,1581851,W I 94,CONNER,2018-12-13,13,12,2018,13,5,5,1,,1,0,Asphalt,1,1,1,,1,2,2,5,0,0,0,0,true,false,false,false,true,false,false,false,false,false,false,false,false,false,false,false,false,false,false,false,false,false,-82.98779,42.39662,"{
  ""coordinates"": [
    -8.298779086020420e+01,
    4.239661997413920e+01
  ],
  ""type"": ""Point""
}","{
  ""coordinates"": [
    -82.98779086,
    42.396619974
  ],
  ""type"": ""Point""
}",-82.98779086,42.396619974
19802,1565931,I 75 SERVICE,SPRINGWELLS,2018-12-13,13,12,2018,18,5,5,9,,4,0,Asphalt,1,1,4,35,3,3,3,5,0,0,0,0,true,false,false,false,false,false,false,false,false,false,false,false,false,false,false,false,false,false,false,false,false,false,-83.11931,42.30199,"{
  ""coordinates"": [
    -8.311931007169910e+01,
    4.230199043469590e+01
  ],
  ""type"": ""Point""
}","{
  ""coordinates"": [
    -83.119310072,
    42.301990435
  ],
  ""type"": ""Point""
}",-83.119310072,42.3019904350001
19803,1570374,7 MILE,PREVOST,2018-12-13,13,12,2018,20,5,4,9,,2,0,Asphalt,1,1,4,35,2,2,2,5,0,0,0,0,true,false,false,false,false,false,false,false,false,false,false,false,false,true,true,false,false,false,false,false,false,false,-83.20408,42.43035,"{
  ""coordinates"": [
    -8.320407705955230e+01,
    4.243035188617830e+01
  ],
  ""type"": ""Point""
}","{
  ""coordinates"": [
    -83.20407706,
    42.430351886
  ],
  ""type"": ""Point""
}",-83.20407706,42.430351886