ObjectId,Crash ID,Primary Road,Intersecting Road,Crash Date,Day,Month,Year,Hour,Weekday,Crash Type Code,Highway Classification Code,Community Code,Jurisdiction Code,Lane Departure Type Code,Surface Type,Road Condition,Weather Condition,Lighting Condition,Speed Limit,Lanes,Units,Occupants,Most Severe Injury,Fatal Injuries,Suspected Serious Injuries,Suspected Minor Injuries,Possible Injuries,Property Damage Only,Secondary Crash,Traffic Control,Red Light Run,Hit and Run,Alcohol,Drugs,Unbelted Person,Work Zone,Speeding Driver,Distracted Driver,Driveway,Pedestrian,Elderly Driver,Young Driver,Commercial Vehicle,Emergency Vehicles,Train,School Bus,Motorcycle,Bicycle,Deer,Longitude,Latitude,geom,geog,x,y
19804,1609502,MOROSS,E I 94 SERVICE DRIVE,2018-12-13,13,12,2018,15,5,5,9,,2,0,Asphalt,1,1,1,30,2,3,2,4,0,0,0,2,false,false,false,false,true,false,false,false,false,false,false,false,false,false,false,false,false,false,false,false,false,false,-82.92809,42.42449,"{
  ""coordinates"": [
    -8.292808203908700e+01,
    4.242449245692510e+01
  ],
  ""type"": ""Point""
}","{
  ""coordinates"": [
    -82.928082039,
    42.424492457
  ],
  ""type"": ""Point""
}",-82.9280820389999,42.424492457
19805,1568233,LAHSER,VASSAR,2018-12-13,13,12,2018,17,5,5,9,,2,0,Asphalt,2,2,4,30,2,2,3,5,0,0,0,0,true,false,false,false,true,false,false,false,false,false,false,false,false,false,false,false,false,false,false,false,false,false,-83.25846,42.43328,"{
  ""coordinates"": [
    -8.325846141999411e+01,
    4.243328210450300e+01
  ],
  ""type"": ""Point""
}","{
  ""coordinates"": [
    -83.25846142,
    42.433282105
  ],
  ""type"": ""Point""
}",-83.2584614199999,42.433282105
19806,1579260,LYNDON,BURT,2018-12-13,13,12,2018,10,5,8,9,,4,0,Asphalt,1,1,1,30,2,2,3,5,0,0,0,0,true,false,false,false,false,false,false,false,false,false,false,false,false,false,false,false,false,false,false,false,false,false,-83.24696,42.39326,"{
  ""coordinates"": [
    -8.324696574706300e+01,
    4.239326245811950e+01
  ],
  ""type"": ""Point""
}","{
  ""coordinates"": [
    -83.246965747,
    42.393262458
  ],
  ""type"": ""Point""
}",-83.246965747,42.393262458
19807,1568209,14TH,I 94,2018-12-13,13,12,2018,11,5,10,9,,4,0,Concrete,1,2,1,35,2,2,1,5,0,0,0,0,true,false,false,false,false,false,false,false,false,false,false,false,false,false,false,false,false,false,false,false,false,false,-83.08903,42.35336,"{
  ""coordinates"": [
    -8.308902416803670e+01,
    4.235336199300930e+01
  ],
  ""type"": ""Point""
}","{
  ""coordinates"": [
    -83.089024168,
    42.353361993
  ],
  ""type"": ""Point""
}",-83.089024168,42.3533619930001
19808,1567098,JEFFERSON,SHELBY,2018-12-13,13,12,2018,8,5,8,9,,5,0,Asphalt,2,1,1,,3,2,1,5,0,0,0,0,true,false,false,false,false,false,false,false,false,false,false,false,false,false,false,false,false,false,false,false,false,false,-83.04745,42.32764,"{
  ""coordinates"": [
    -8.304744719071731e+01,
    4.232764163321320e+01
  ],
  ""type"": ""Point""
}","{
  ""coordinates"": [
    -83.047447191,
    42.327641633
  ],
  ""type"": ""Point""
}",-83.0474471909999,42.327641633
19809,1567096,GRAND RIVER,S I 75,2018-12-13,13,12,2018,19,5,4,3,,1,0,Concrete,1,1,4,30,6,2,4,5,0,0,0,0,true,false,false,false,false,false,false,false,false,false,false,false,false,true,false,false,false,false,false,false,false,false,-83.05939,42.33659,"{
  ""coordinates"": [
    -8.305939014594350e+01,
    4.233658798887700e+01
  ],
  ""type"": ""Point""
}","{
  ""coordinates"": [
    -83.059390146,
    42.336587989
  ],
  ""type"": ""Point""
}",-83.0593901459999,42.3365879890001
19810,1575989,PARKWAY,PURITAN,2018-12-13,13,12,2018,4,5,8,9,,,0,,2,4,4,25,1,2,0,5,0,0,0,0,true,false,false,false,true,false,false,false,false,false,false,false,false,false,false,false,false,false,false,false,false,false,-83.26701,42.40815,"{
  ""coordinates"": [
    -8.326701702352899e+01,
    4.240814411370850e+01
  ],
  ""type"": ""Point""
}","{
  ""coordinates"": [
    -83.267017024,
    42.408144114
  ],
  ""type"": ""Point""
}",-83.267017024,42.408144114
19811,1577976,I-75,CLAY,2018-12-13,13,12,2018,16,5,5,1,,1,0,Asphalt,1,2,1,55,4,4,7,3,0,0,1,1,false,false,false,false,false,false,false,false,false,false,false,false,false,true,false,false,false,false,false,false,false,false,-83.06199,42.377,"{
  ""coordinates"": [
    -8.306198781577240e+01,
    4.237699400578390e+01
  ],
  ""type"": ""Point""
}","{
  ""coordinates"": [
    -83.061987816,
    42.376994006
  ],
  ""type"": ""Point""
}",-83.0619878159999,42.3769940060001
19812,1567104,GREYFRIARS,FRANCIS,2018-12-13,13,12,2018,15,5,8,9,,,0,,1,1,1,25,2,2,1,5,0,0,0,0,true,false,false,false,true,false,false,false,false,false,false,false,false,false,false,false,false,false,false,false,false,false,-83.16508,42.26734,"{
  ""coordinates"": [
    -8.316508093303250e+01,
    4.226733892467750e+01
  ],
  ""type"": ""Point""
}","{
  ""coordinates"": [
    -83.165080933,
    42.267338925
  ],
  ""type"": ""Point""
}",-83.165080933,42.267338925
19813,1568223,RAMP 224A,I 94 SERVICE,2018-12-13,13,12,2018,15,5,5,1,,1,0,Asphalt,1,1,1,55,3,2,2,5,0,0,0,0,true,false,false,false,true,false,false,false,false,false,false,false,false,false,false,true,false,false,true,false,false,false,-82.92959,42.42292,"{
  ""coordinates"": [
    -8.292959055516449e+01,
    4.242292525628390e+01
  ],
  ""type"": ""Point""
}","{
  ""coordinates"": [
    -82.929590555,
    42.422925256
  ],
  ""type"": ""Point""
}",-82.9295905549999,42.422925256
19814,1567165,MCNICHOLS,MEYERS,2018-12-13,13,12,2018,14,5,4,9,,2,0,Asphalt,1,1,1,35,4,2,1,4,0,0,0,1,false,false,true,true,true,false,false,false,false,false,false,false,false,false,false,false,false,false,false,false,false,false,-83.17013,42.41666,"{
  ""coordinates"": [
    -8.317012945562919e+01,
    4.241665644900150e+01
  ],
  ""type"": ""Point""
}","{
  ""coordinates"": [
    -83.170129456,
    42.416656449
  ],
  ""type"": ""Point""
}",-83.170129456,42.4166564490001
19815,1567047,E I 96 CD,RAMP 139F,2018-12-13,13,12,2018,5,5,8,1,,1,0,Asphalt,2,2,4,55,3,2,1,5,0,0,0,0,true,false,false,false,true,false,false,false,false,true,false,false,false,false,false,false,false,false,false,false,false,false,-83.15869,42.38505,"{
  ""coordinates"": [
    -8.315869192022370e+01,
    4.238505166994280e+01
  ],
  ""type"": ""Point""
}","{
  ""coordinates"": [
    -83.15869192,
    42.38505167
  ],
  ""type"": ""Point""
}",-83.15869192,42.3850516700001
19816,1568220,EDSEL,MCCORMICK,2018-12-13,13,12,2018,14,5,8,1,,4,0,Asphalt,1,1,1,25,2,2,1,5,0,0,0,0,true,false,false,false,true,false,false,false,false,false,false,false,false,false,false,false,false,false,false,false,false,false,-82.92849,42.42561,"{
  ""coordinates"": [
    -8.292848926122301e+01,
    4.242561339620150e+01
  ],
  ""type"": ""Point""
}","{
  ""coordinates"": [
    -82.928489261,
    42.425613396
  ],
  ""type"": ""Point""
}",-82.928489261,42.4256133960001
19817,1577975,I-94,MT ELLIOT,2018-12-13,13,12,2018,14,5,5,1,,1,0,Asphalt,1,1,1,55,3,2,2,5,0,0,0,0,true,true,false,false,false,false,false,false,false,false,false,false,false,false,false,false,false,false,false,false,false,false,-83.03532,42.37834,"{
  ""coordinates"": [
    -8.303532486405460e+01,
    4.237834350833860e+01
  ],
  ""type"": ""Point""
}","{
  ""coordinates"": [
    -83.035324864,
    42.378343508
  ],
  ""type"": ""Point""
}",-83.035324864,42.3783435080001
19818,1569204,HUBBELL,CURTIS,2018-12-13,13,12,2018,0,5,8,9,,4,3,Asphalt,2,4,4,25,4,2,1,5,0,0,0,0,true,false,false,false,false,false,false,false,false,false,false,true,false,false,false,false,false,false,false,false,false,false,-83.18977,42.4246,"{
  ""coordinates"": [
    -8.318976617161989e+01,
    4.242460265323260e+01
  ],
  ""type"": ""Point""
}","{
  ""coordinates"": [
    -83.189766172,
    42.424602653
  ],
  ""type"": ""Point""
}",-83.189766172,42.4246026530001
19819,1567095,S I 75,3RD,2018-12-13,13,12,2018,18,5,5,1,,1,0,Concrete,1,1,4,30,3,2,2,5,0,0,0,0,true,false,false,false,false,false,false,false,false,false,false,false,false,false,false,false,false,false,false,false,false,false,-83.05984,42.33643,"{
  ""coordinates"": [
    -8.305983958780210e+01,
    4.233643294521430e+01
  ],
  ""type"": ""Point""
}","{
  ""coordinates"": [
    -83.059839588,
    42.336432945
  ],
  ""type"": ""Point""
}",-83.059839588,42.3364329450001
19820,1574093,MCNICHOLS,SHAFTSBURY,2018-12-13,13,12,2018,21,5,9,9,,2,2,Asphalt,2,2,4,35,4,2,1,5,0,0,0,0,true,false,false,false,true,false,false,false,false,false,false,false,false,false,false,false,false,false,false,false,false,false,-83.23055,42.41532,"{
  ""coordinates"": [
    -8.323054942691820e+01,
    4.241532218761690e+01
  ],
  ""type"": ""Point""
}","{
  ""coordinates"": [
    -83.230549427,
    42.415322188
  ],
  ""type"": ""Point""
}",-83.230549427,42.4153221880001
19821,1569188,VANDYKE,DAVISON,2018-12-13,13,12,2018,15,5,4,3,,1,0,Asphalt,1,1,1,35,6,2,4,5,0,0,0,0,true,false,false,false,false,false,false,false,false,false,false,false,false,false,false,false,false,false,false,false,false,false,-83.02387,42.42363,"{
  ""coordinates"": [
    -8.302387002329280e+01,
    4.242363459372440e+01
  ],
  ""type"": ""Point""
}","{
  ""coordinates"": [
    -83.023870023,
    42.423634594
  ],
  ""type"": ""Point""
}",-83.023870023,42.4236345940001
19822,1567164,FENKELL,MEYERS,2018-12-13,13,12,2018,11,5,3,9,,2,0,Asphalt,1,1,1,30,4,2,3,5,0,0,0,0,true,false,true,true,true,false,false,false,false,false,false,false,false,false,false,false,false,false,false,false,false,false,-83.1694,42.40223,"{
  ""coordinates"": [
    -8.316940170851809e+01,
    4.240222940666750e+01
  ],
  ""type"": ""Point""
}","{
  ""coordinates"": [
    -83.169401709,
    42.402229407
  ],
  ""type"": ""Point""
}",-83.1694017089999,42.402229407
19823,1653369,SANTA MARIA,EVERGREEN,2018-12-13,13,12,2018,9,5,4,9,,,0,,1,2,1,30,1,2,2,5,0,0,0,0,true,false,false,false,true,false,false,false,false,false,false,false,false,false,false,false,false,false,false,false,false,false,-83.23813,42.41745,"{
  ""coordinates"": [
    -8.323812882843561e+01,
    4.241744877287200e+01
  ],
  ""type"": ""Point""
}","{
  ""coordinates"": [
    -83.238128828,
    42.417448773
  ],
  ""type"": ""Point""
}",-83.238128828,42.417448773
19824,1568210,S I 75 SERVICE DRIVE,WARREN,2018-12-13,13,12,2018,12,5,5,1,,4,0,Asphalt,1,1,1,30,3,2,2,4,0,0,0,1,false,false,false,false,false,false,false,false,false,false,true,false,false,false,false,false,false,false,false,false,false,false,-83.05502,42.36077,"{
  ""coordinates"": [
    -8.305501214421371e+01,
    4.236077572309100e+01
  ],
  ""type"": ""Point""
}","{
  ""coordinates"": [
    -83.055012144,
    42.360775723
  ],
  ""type"": ""Point""
}",-83.055012144,42.3607757230001
19825,1570355,FITZPATRICK,FAUST,2018-12-13,13,12,2018,0,5,9,9,,,2,,2,1,3,25,2,3,0,5,0,0,0,0,true,false,false,false,true,false,false,false,false,false,true,false,false,false,false,false,false,false,false,false,false,false,-83.22134,42.36666,"{
  ""coordinates"": [
    -8.322134103190891e+01,
    4.236666531666560e+01
  ],
  ""type"": ""Point""
}","{
  ""coordinates"": [
    -83.221341032,
    42.366665317
  ],
  ""type"": ""Point""
}",-83.2213410319999,42.3666653170001
19826,1568246,GRATIOT,MANNING,2018-12-13,13,12,2018,23,5,8,3,,1,0,Asphalt,2,4,4,35,7,2,2,4,0,0,0,2,false,false,false,false,false,false,false,false,false,false,false,false,false,false,false,false,false,false,false,false,false,false,-82.9739,42.44086,"{
  ""coordinates"": [
    -8.297389608463349e+01,
    4.244085805879200e+01
  ],
  ""type"": ""Point""
}","{
  ""coordinates"": [
    -82.973896085,
    42.440858059
  ],
  ""type"": ""Point""
}",-82.973896085,42.440858059
19827,1570330,SAINT ANTOINE,HANCOCK,2018-12-12,12,12,2018,18,4,5,9,,4,0,Asphalt,1,1,4,30,3,2,3,5,0,0,0,0,true,false,false,false,false,false,false,false,false,false,false,false,false,true,false,false,false,false,false,false,false,false,-83.05654,42.3587,"{
  ""coordinates"": [
    -8.305654154699310e+01,
    4.235869874919070e+01
  ],
  ""type"": ""Point""
}","{
  ""coordinates"": [
    -83.056541547,
    42.358698749
  ],
  ""type"": ""Point""
}",-83.0565415469999,42.358698749
19828,1564860,KELLY,STATE FAIR,2018-12-12,12,12,2018,19,4,98,9,,2,0,Asphalt,1,1,4,35,3,3,6,5,0,0,0,0,true,false,false,false,false,false,false,false,false,false,false,false,false,true,false,false,false,false,false,false,false,false,-82.94668,42.44284,"{
  ""coordinates"": [
    -8.294667790711050e+01,
    4.244283707736200e+01
  ],
  ""type"": ""Point""
}","{
  ""coordinates"": [
    -82.946677907,
    42.442837077
  ],
  ""type"": ""Point""
}",-82.946677907,42.442837077
19829,1568074,8 MILE,WYOMING,2018-12-12,12,12,2018,18,4,8,3,,1,0,Asphalt,1,1,4,40,5,2,2,5,0,0,0,0,true,false,false,false,false,false,false,false,false,false,false,false,false,true,false,false,false,false,false,false,false,false,-83.162,42.44564,"{
  ""coordinates"": [
    -8.316200402460620e+01,
    4.244563630477520e+01
  ],
  ""type"": ""Point""
}","{
  ""coordinates"": [
    -83.162004025,
    42.445636305
  ],
  ""type"": ""Point""
}",-83.162004025,42.4456363050001
19830,1564873,8 MILE,DEQUINDRE,2018-12-12,12,12,2018,19,4,5,3,,1,0,Asphalt,1,1,4,40,5,2,1,4,0,0,0,1,false,false,false,false,true,false,false,false,false,false,false,true,false,false,false,false,false,false,false,false,false,false,-83.08264,42.44703,"{
  ""coordinates"": [
    -8.308264316411091e+01,
    4.244703138796340e+01
  ],
  ""type"": ""Point""
}","{
  ""coordinates"": [
    -83.082643164,
    42.447031388
  ],
  ""type"": ""Point""
}",-83.082643164,42.447031388
19831,1567100,LIVERNOIS,PELOUZE,2018-12-12,12,12,2018,18,4,5,9,,4,0,Asphalt,1,1,4,35,4,2,2,5,0,0,0,0,true,false,false,false,false,false,false,false,false,true,false,false,false,false,true,false,false,false,false,false,false,false,-83.12344,42.33537,"{
  ""coordinates"": [
    -8.312344000090270e+01,
    4.233537328733050e+01
  ],
  ""type"": ""Point""
}","{
  ""coordinates"": [
    -83.123440001,
    42.335373287
  ],
  ""type"": ""Point""
}",-83.1234400009999,42.335373287
19832,1605375,MCNICHOLS,WOODBINE,2018-12-12,12,12,2018,17,4,4,9,,2,0,Asphalt,1,1,4,,4,2,6,5,0,0,0,0,true,false,false,false,false,false,false,false,false,false,false,false,false,false,true,false,false,false,false,false,false,false,-83.27832,42.41451,"{
  ""coordinates"": [
    -8.327831919124090e+01,
    4.241450998252470e+01
  ],
  ""type"": ""Point""
}","{
  ""coordinates"": [
    -83.278319191,
    42.414509983
  ],
  ""type"": ""Point""
}",-83.278319191,42.4145099830001
19833,1564853,SOUTHFIELD,MCNICHOLS,2018-12-12,12,12,2018,19,4,5,3,,1,0,Concrete,1,1,4,30,2,2,1,5,0,0,0,0,true,false,false,false,true,false,false,false,false,false,false,false,false,false,false,false,false,false,false,false,false,false,-83.21889,42.41555,"{
  ""coordinates"": [
    -8.321889538565689e+01,
    4.241554803114110e+01
  ],
  ""type"": ""Point""
}","{
  ""coordinates"": [
    -83.218895386,
    42.415548031
  ],
  ""type"": ""Point""
}",-83.218895386,42.4155480310001
19834,1564841,MACK,MOUNT ELLIOT,2018-12-12,12,12,2018,23,4,5,9,,4,0,Asphalt,2,4,4,30,3,2,2,4,0,0,0,1,false,false,false,false,false,false,false,false,false,false,false,false,false,true,false,false,false,false,false,false,false,false,-83.02129,42.36141,"{
  ""coordinates"": [
    -8.302128296313820e+01,
    4.236141073286490e+01
  ],
  ""type"": ""Point""
}","{
  ""coordinates"": [
    -83.021282963,
    42.361410733
  ],
  ""type"": ""Point""
}",-83.021282963,42.3614107330001
19835,1564837,JOS CAMPAU,THEODORE,2018-12-12,12,12,2018,8,4,98,9,,,0,,1,1,1,25,2,2,0,5,0,0,0,0,true,false,false,false,true,false,false,false,false,false,false,false,false,false,false,false,false,false,false,false,false,false,-83.03809,42.36726,"{
  ""coordinates"": [
    -8.303809666940769e+01,
    4.236726000552030e+01
  ],
  ""type"": ""Point""
}","{
  ""coordinates"": [
    -83.038096669,
    42.367260006
  ],
  ""type"": ""Point""
}",-83.038096669,42.367260006
19836,1564827,SUSSEX,CHICAGO,2018-12-12,12,12,2018,22,4,5,9,,,0,,2,2,4,25,2,3,5,4,0,0,0,3,false,false,false,false,false,false,false,true,false,false,false,false,false,false,false,false,false,false,false,false,false,false,-83.19404,42.36546,"{
  ""coordinates"": [
    -8.319403491459450e+01,
    4.236545829373360e+01
  ],
  ""type"": ""Point""
}","{
  ""coordinates"": [
    -83.194034915,
    42.365458294
  ],
  ""type"": ""Point""
}",-83.194034915,42.3654582940001
19837,1563741,GREENFIELD,GRANDRIVER,2018-12-12,12,12,2018,7,4,8,3,,2,0,Asphalt,97,2,2,,4,2,3,5,0,0,0,0,true,false,false,false,false,false,false,false,false,false,false,false,false,true,false,false,false,false,false,false,false,false,-83.19836,42.39263,"{
  ""coordinates"": [
    -8.319836455539991e+01,
    4.239262859503660e+01
  ],
  ""type"": ""Point""
}","{
  ""coordinates"": [
    -83.198364555,
    42.392628595
  ],
  ""type"": ""Point""
}",-83.198364555,42.3926285950001
19838,1568243,CRUSADE,CARLISLE,2018-12-12,12,12,2018,9,4,4,9,,,0,,1,2,1,25,2,2,3,4,0,0,0,3,false,false,false,false,false,false,false,false,false,false,false,false,false,false,false,false,false,false,false,false,false,false,-82.96111,42.44907,"{
  ""coordinates"": [
    -8.296110288045919e+01,
    4.244906914611340e+01
  ],
  ""type"": ""Point""
}","{
  ""coordinates"": [
    -82.96110288,
    42.449069146
  ],
  ""type"": ""Point""
}",-82.9611028799999,42.4490691460001
19839,1564871,OUTER,MOUNT ELLIOTT,2018-12-12,12,12,2018,14,4,5,9,,2,0,Asphalt,1,1,1,40,3,2,2,5,0,0,0,0,true,false,false,false,false,false,false,false,false,false,false,false,false,false,false,false,false,false,false,false,false,false,-83.03923,42.44082,"{
  ""coordinates"": [
    -8.303922886190490e+01,
    4.244082281195540e+01
  ],
  ""type"": ""Point""
}","{
  ""coordinates"": [
    -83.039228862,
    42.440822812
  ],
  ""type"": ""Point""
}",-83.039228862,42.4408228120001
19840,1569166,ASH,TILLMAN,2018-12-12,12,12,2018,18,4,2,9,,,0,,1,1,2,25,1,3,1,3,0,0,1,0,false,false,false,false,false,false,false,false,false,false,false,false,false,false,true,false,false,false,false,false,false,false,-83.09113,42.33416,"{
  ""coordinates"": [
    -8.309113100092230e+01,
    4.233415614712620e+01
  ],
  ""type"": ""Point""
}","{
  ""coordinates"": [
    -83.091131001,
    42.334156147
  ],
  ""type"": ""Point""
}",-83.091131001,42.334156147
19841,1564850,GREENVIEW,TROJAN,2018-12-12,12,12,2018,8,4,4,9,,,0,,1,2,1,25,4,2,2,3,0,0,1,1,false,false,false,false,true,false,false,false,false,true,false,false,false,false,false,false,false,false,false,false,false,false,-83.22592,42.44063,"{
  ""coordinates"": [
    -8.322592195035909e+01,
    4.244062781044490e+01
  ],
  ""type"": ""Point""
}","{
  ""coordinates"": [
    -83.22592195,
    42.44062781
  ],
  ""type"": ""Point""
}",-83.22592195,42.4406278100001
19842,1564876,ROBSON,MCNICHOLS,2018-12-12,12,12,2018,8,4,4,9,,,0,,1,1,1,25,4,2,2,5,0,0,0,0,true,false,true,true,false,false,false,false,false,false,false,false,false,false,true,false,false,false,false,false,false,false,-83.19328,42.41628,"{
  ""coordinates"": [
    -8.319327350706800e+01,
    4.241627425856060e+01
  ],
  ""type"": ""Point""
}","{
  ""coordinates"": [
    -83.193273507,
    42.416274259
  ],
  ""type"": ""Point""
}",-83.193273507,42.416274259
19843,1567140,8 MILE,LAHSER,2018-12-12,12,12,2018,8,4,5,3,,1,0,Asphalt,1,1,1,45,3,2,2,5,0,0,0,0,true,false,false,false,false,false,false,false,false,false,false,false,false,true,true,false,false,false,false,false,false,false,-83.259,42.44323,"{
  ""coordinates"": [
    -8.325900153383040e+01,
    4.244323108404590e+01
  ],
  ""type"": ""Point""
}","{
  ""coordinates"": [
    -83.259001534,
    42.443231084
  ],
  ""type"": ""Point""
}",-83.2590015339999,42.443231084
19844,1564825,HARTWELL,PLYMOUTH,2018-12-12,12,12,2018,21,4,8,9,,,0,,2,4,4,25,2,2,1,5,0,0,0,0,true,false,false,false,true,false,false,false,false,false,false,false,false,false,false,false,false,false,false,false,false,false,-83.17676,42.37279,"{
  ""coordinates"": [
    -8.317676001901810e+01,
    4.237279011991700e+01
  ],
  ""type"": ""Point""
}","{
  ""coordinates"": [
    -83.176760019,
    42.37279012
  ],
  ""type"": ""Point""
}",-83.176760019,42.37279012
19845,1563740,PEMBROKE,WINTHROP,2018-12-12,12,12,2018,5,4,8,9,,4,3,Asphalt,1,1,4,25,2,2,0,5,0,0,0,0,true,false,false,false,true,false,false,false,false,false,false,false,false,false,false,false,false,false,false,false,false,false,-83.202,42.43758,"{
  ""coordinates"": [
    -8.320199692033420e+01,
    4.243758292601970e+01
  ],
  ""type"": ""Point""
}","{
  ""coordinates"": [
    -83.20199692,
    42.437582926
  ],
  ""type"": ""Point""
}",-83.2019969199999,42.4375829260001
19846,1569145,S M 39,PLYMOUTH,2018-12-12,12,12,2018,12,4,8,3,,1,0,Asphalt,1,1,1,70,3,2,2,5,0,0,0,0,true,false,false,false,false,false,false,false,false,false,false,false,false,true,false,false,false,false,false,false,false,false,-83.21677,42.37222,"{
  ""coordinates"": [
    -8.321676748030930e+01,
    4.237222067874760e+01
  ],
  ""type"": ""Point""
}","{
  ""coordinates"": [
    -83.21676748,
    42.372220679
  ],
  ""type"": ""Point""
}",-83.21676748,42.3722206790001
19847,1565915,M39,PLYMOUTH,2018-12-12,12,12,2018,18,4,5,3,,1,0,Asphalt,1,2,4,55,3,3,3,4,0,0,0,1,false,false,false,false,false,false,false,false,false,false,false,false,false,false,false,false,false,false,false,false,false,false,-83.21676,42.37197,"{
  ""coordinates"": [
    -8.321675652710040e+01,
    4.237197443276740e+01
  ],
  ""type"": ""Point""
}","{
  ""coordinates"": [
    -83.216756527,
    42.371974433
  ],
  ""type"": ""Point""
}",-83.216756527,42.371974433
19848,1570170,E I 96,GRAND RIVER,2018-12-12,12,12,2018,19,4,8,1,,1,0,Concrete,1,1,3,70,3,2,2,5,0,0,0,0,true,false,false,false,true,false,false,false,false,false,false,false,false,false,false,false,false,false,false,false,false,false,-83.17583,42.3837,"{
  ""coordinates"": [
    -8.317582608094899e+01,
    4.238369708152110e+01
  ],
  ""type"": ""Point""
}","{
  ""coordinates"": [
    -83.175826081,
    42.383697082
  ],
  ""type"": ""Point""
}",-83.175826081,42.383697082
19849,1565912,M39,8MILE,2018-12-12,12,12,2018,16,4,5,3,,1,0,Concrete,1,2,3,55,3,2,2,5,0,0,0,0,true,false,false,false,false,false,false,false,false,false,false,false,false,false,false,false,false,false,false,false,false,false,-83.21968,42.44054,"{
  ""coordinates"": [
    -8.321968170753900e+01,
    4.244053889205810e+01
  ],
  ""type"": ""Point""
}","{
  ""coordinates"": [
    -83.219681708,
    42.440538892
  ],
  ""type"": ""Point""
}",-83.2196817079999,42.4405388920001
19850,1565945,MCNICHOLS,MOUND,2018-12-12,12,12,2018,17,4,97,9,,4,0,Asphalt,1,1,3,30,2,2,2,5,0,0,0,0,true,false,false,false,false,false,false,true,false,true,false,false,false,false,false,false,false,false,false,false,false,false,-83.04256,42.41907,"{
  ""coordinates"": [
    -8.304256096067060e+01,
    4.241907302936310e+01
  ],
  ""type"": ""Point""
}","{
  ""coordinates"": [
    -83.042560961,
    42.419073029
  ],
  ""type"": ""Point""
}",-83.0425609609999,42.4190730290001
19851,1569147,I-94,M-10,2018-12-12,12,12,2018,20,4,8,1,,1,0,Asphalt,1,1,5,55,3,2,1,5,0,0,0,0,true,false,false,false,true,false,false,false,false,false,false,false,false,false,false,false,false,false,false,false,false,false,-83.09347,42.35202,"{
  ""coordinates"": [
    -8.309346864784879e+01,
    4.235201841696110e+01
  ],
  ""type"": ""Point""
}","{
  ""coordinates"": [
    -83.093468648,
    42.352018417
  ],
  ""type"": ""Point""
}",-83.0934686479999,42.3520184170001
19852,1567066,BRUSH,ALFRED,2018-12-12,12,12,2018,21,4,1,9,,4,0,Asphalt,2,4,4,25,3,1,1,3,0,0,1,0,false,false,false,false,false,false,false,false,true,false,true,false,false,true,false,false,false,false,false,false,false,false,-83.05048,42.34454,"{
  ""coordinates"": [
    -8.305047571729880e+01,
    4.234453629091810e+01
  ],
  ""type"": ""Point""
}","{
  ""coordinates"": [
    -83.050475717,
    42.344536291
  ],
  ""type"": ""Point""
}",-83.050475717,42.3445362910001
19853,1565927,SCHAEFER,FENKELL,2018-12-12,12,12,2018,15,4,5,9,,4,0,Asphalt,1,1,1,35,4,2,2,5,0,0,0,0,true,false,false,false,false,false,false,false,false,false,false,false,false,true,false,false,false,false,false,false,false,false,-83.17913,42.40208,"{
  ""coordinates"": [
    -8.317912913145470e+01,
    4.240207969231170e+01
  ],
  ""type"": ""Point""
}","{
  ""coordinates"": [
    -83.179129131,
    42.402079692
  ],
  ""type"": ""Point""
}",-83.179129131,42.402079692
19854,1569142,E I 96,RAMP 134A,2018-12-12,12,12,2018,8,4,5,1,,1,0,Concrete,2,2,1,70,2,2,2,4,0,0,0,1,false,false,false,false,false,false,false,false,false,false,false,false,false,true,false,false,false,false,false,false,false,false,-83.26282,42.38557,"{
  ""coordinates"": [
    -8.326282060912780e+01,
    4.238557556400190e+01
  ],
  ""type"": ""Point""
}","{
  ""coordinates"": [
    -83.262820609,
    42.385575564
  ],
  ""type"": ""Point""
}",-83.262820609,42.3855755640001
19855,1564867,ALLENDALE,NORTHFIELD,2018-12-12,12,12,2018,11,4,2,9,,,2,,1,1,1,25,2,2,0,5,0,0,0,0,true,false,false,false,true,false,false,false,false,false,true,false,false,false,false,false,false,false,false,false,false,false,-83.12697,42.35329,"{
  ""coordinates"": [
    -8.312696837710990e+01,
    4.235329155128830e+01
  ],
  ""type"": ""Point""
}","{
  ""coordinates"": [
    -83.126968377,
    42.353291551
  ],
  ""type"": ""Point""
}",-83.126968377,42.353291551
19856,1584450,WOODWARD,FOREST,2018-12-12,12,12,2018,12,4,8,3,,1,0,Asphalt,1,1,1,30,7,2,2,5,0,0,0,0,true,false,false,false,false,false,false,false,false,false,false,true,false,true,false,false,false,false,false,false,false,false,-83.06294,42.35466,"{
  ""coordinates"": [
    -8.306293989518571e+01,
    4.235466432328320e+01
  ],
  ""type"": ""Point""
}","{
  ""coordinates"": [
    -83.062939895,
    42.354664323
  ],
  ""type"": ""Point""
}",-83.0629398949999,42.3546643230001
19857,1567046,S M 39,8 MILE,2018-12-12,12,12,2018,16,4,5,3,,1,0,Asphalt,1,1,1,55,3,2,2,5,0,0,0,0,true,false,false,false,false,false,false,false,false,false,false,false,false,false,false,false,false,false,false,false,false,false,-83.2198,42.4443,"{
  ""coordinates"": [
    -8.321980449058790e+01,
    4.244430121219250e+01
  ],
  ""type"": ""Point""
}","{
  ""coordinates"": [
    -83.219804491,
    42.444301212
  ],
  ""type"": ""Point""
}",-83.2198044909999,42.444301212