ObjectId,Crash ID,Primary Road,Intersecting Road,Crash Date,Day,Month,Year,Hour,Weekday,Crash Type Code,Highway Classification Code,Community Code,Jurisdiction Code,Lane Departure Type Code,Surface Type,Road Condition,Weather Condition,Lighting Condition,Speed Limit,Lanes,Units,Occupants,Most Severe Injury,Fatal Injuries,Suspected Serious Injuries,Suspected Minor Injuries,Possible Injuries,Property Damage Only,Secondary Crash,Traffic Control,Red Light Run,Hit and Run,Alcohol,Drugs,Unbelted Person,Work Zone,Speeding Driver,Distracted Driver,Driveway,Pedestrian,Elderly Driver,Young Driver,Commercial Vehicle,Emergency Vehicles,Train,School Bus,Motorcycle,Bicycle,Deer,Longitude,Latitude,geom,geog,x,y
19912,1564859,HAYES,TROESTER,2018-12-11,11,12,2018,17,3,4,9,,4,0,Asphalt,1,1,4,30,2,2,3,4,0,0,0,3,false,false,false,false,true,false,false,false,false,false,false,false,false,false,false,false,false,false,false,false,false,false,-82.96523,42.42632,"{
  ""coordinates"": [
    -8.296523581124060e+01,
    4.242632052948570e+01
  ],
  ""type"": ""Point""
}","{
  ""coordinates"": [
    -82.965235811,
    42.426320529
  ],
  ""type"": ""Point""
}",-82.965235811,42.4263205290001
19913,1572674,RAMP 109C,S M 10,2018-12-11,11,12,2018,22,3,8,3,,1,0,Asphalt,1,1,4,25,1,2,1,5,0,0,0,0,true,false,false,false,true,false,false,false,false,false,false,false,false,false,false,false,false,false,false,false,false,false,-83.10866,42.39648,"{
  ""coordinates"": [
    -8.310865835665990e+01,
    4.239648262761740e+01
  ],
  ""type"": ""Point""
}","{
  ""coordinates"": [
    -83.108658357,
    42.396482628
  ],
  ""type"": ""Point""
}",-83.108658357,42.3964826280001
19914,1572696,S I 75 SERVICE DRIVE,17TH,2018-12-11,11,12,2018,17,3,5,9,,4,0,Asphalt,1,1,4,55,2,2,2,4,0,0,0,1,false,false,false,false,false,false,false,false,false,false,true,false,false,false,false,false,false,false,false,false,false,false,-83.0814,42.33333,"{
  ""coordinates"": [
    -8.308139532489510e+01,
    4.233333308279280e+01
  ],
  ""type"": ""Point""
}","{
  ""coordinates"": [
    -83.081395325,
    42.333333083
  ],
  ""type"": ""Point""
}",-83.081395325,42.3333330830001
19915,1564866,DEXTER,CORTLAND,2018-12-11,11,12,2018,15,3,97,9,,4,0,Asphalt,1,1,1,30,4,2,1,4,0,0,0,1,false,false,false,false,false,false,false,false,false,false,false,false,true,false,false,false,false,false,false,false,false,false,-83.12666,42.38349,"{
  ""coordinates"": [
    -8.312666626102130e+01,
    4.238348979186130e+01
  ],
  ""type"": ""Point""
}","{
  ""coordinates"": [
    -83.126666261,
    42.383489792
  ],
  ""type"": ""Point""
}",-83.126666261,42.383489792
19916,1572704,WOODWARD,CANFIELD,2018-12-11,11,12,2018,18,3,97,3,,1,0,Asphalt,1,1,4,35,6,2,2,5,0,0,0,0,true,false,false,false,false,false,false,false,false,false,false,false,false,true,false,false,false,true,false,false,false,false,-83.06146,42.35271,"{
  ""coordinates"": [
    -8.306146272616250e+01,
    4.235270672656940e+01
  ],
  ""type"": ""Point""
}","{
  ""coordinates"": [
    -83.061462726,
    42.352706727
  ],
  ""type"": ""Point""
}",-83.0614627259999,42.3527067270001
19917,1564832,NORWOOD,OUTER,2018-12-11,11,12,2018,18,3,97,9,,,0,,1,1,4,20,1,2,1,5,0,0,0,0,true,false,false,false,false,false,false,false,false,false,false,false,false,false,false,false,false,false,false,false,false,false,-83.06761,42.44047,"{
  ""coordinates"": [
    -8.306761308671780e+01,
    4.244047085750960e+01
  ],
  ""type"": ""Point""
}","{
  ""coordinates"": [
    -83.067613087,
    42.440470858
  ],
  ""type"": ""Point""
}",-83.067613087,42.440470858
19918,1563714,WOODMERE,VERNOR,2018-12-11,11,12,2018,20,3,8,9,,4,0,Asphalt,1,1,4,25,2,2,2,4,0,0,0,1,false,false,false,false,true,false,false,false,false,false,false,false,false,false,false,false,false,false,false,false,false,false,-83.13621,42.30787,"{
  ""coordinates"": [
    -8.313620723557990e+01,
    4.230786737782060e+01
  ],
  ""type"": ""Point""
}","{
  ""coordinates"": [
    -83.136207236,
    42.307867378
  ],
  ""type"": ""Point""
}",-83.136207236,42.307867378
19919,1563749,7 MILE,SHERWOOD,2018-12-11,11,12,2018,7,3,1,9,,4,0,Asphalt,1,1,2,,2,2,3,3,0,0,1,0,false,true,false,false,true,false,false,false,false,false,false,false,true,false,false,false,false,false,false,false,false,false,-83.03401,42.43377,"{
  ""coordinates"": [
    -8.303400903475820e+01,
    4.243376920252160e+01
  ],
  ""type"": ""Point""
}","{
  ""coordinates"": [
    -83.034009035,
    42.433769203
  ],
  ""type"": ""Point""
}",-83.0340090349999,42.4337692030001
19920,1567149,ALTER,WAVENEY,2018-12-11,11,12,2018,15,3,8,9,,4,0,Asphalt,1,1,1,30,1,2,2,5,0,0,0,0,true,false,false,false,true,false,false,false,false,false,false,false,false,false,false,false,false,false,false,false,false,false,-82.95086,42.39202,"{
  ""coordinates"": [
    -8.295085818628630e+01,
    4.239201733027960e+01
  ],
  ""type"": ""Point""
}","{
  ""coordinates"": [
    -82.950858186,
    42.39201733
  ],
  ""type"": ""Point""
}",-82.9508581859999,42.39201733
19921,1563774,CHEYENNE,MIDLAND,2018-12-11,11,12,2018,16,3,5,9,,,0,,1,2,4,35,2,2,5,4,0,0,0,4,false,false,false,false,true,false,false,false,false,false,false,false,false,false,false,false,false,false,false,false,false,false,-83.17497,42.4059,"{
  ""coordinates"": [
    -8.317497427754920e+01,
    4.240589874351660e+01
  ],
  ""type"": ""Point""
}","{
  ""coordinates"": [
    -83.174974278,
    42.405898744
  ],
  ""type"": ""Point""
}",-83.174974278,42.4058987440001
19922,1563730,GRAND RIVER,MANSFIELD,2018-12-11,11,12,2018,10,3,4,3,,1,0,Asphalt,1,1,1,35,4,2,3,5,0,0,0,0,true,false,false,false,false,false,false,false,false,false,false,false,false,true,false,false,false,false,false,false,false,false,-83.20499,42.39533,"{
  ""coordinates"": [
    -8.320499562100539e+01,
    4.239533173074670e+01
  ],
  ""type"": ""Point""
}","{
  ""coordinates"": [
    -83.204995621,
    42.395331731
  ],
  ""type"": ""Point""
}",-83.204995621,42.3953317310001
19923,1568203,CLAY,N I 75,2018-12-11,11,12,2018,7,3,8,9,,4,0,Concrete,1,1,4,35,2,2,1,5,0,0,0,0,true,false,false,false,true,false,false,false,false,false,false,false,false,false,false,false,false,false,false,false,false,false,-83.06271,42.37834,"{
  ""coordinates"": [
    -8.306270641946520e+01,
    4.237834048307040e+01
  ],
  ""type"": ""Point""
}","{
  ""coordinates"": [
    -83.062706419,
    42.378340483
  ],
  ""type"": ""Point""
}",-83.0627064189999,42.378340483
19924,1571519,M10,DAVISON,2018-12-11,11,12,2018,17,3,5,3,,1,0,Concrete,1,2,4,55,3,2,2,5,0,0,0,0,true,false,false,false,false,false,false,false,false,false,false,false,false,false,false,false,false,false,false,false,false,false,-83.10875,42.39711,"{
  ""coordinates"": [
    -8.310875004324799e+01,
    4.239710764264500e+01
  ],
  ""type"": ""Point""
}","{
  ""coordinates"": [
    -83.108750043,
    42.397107643
  ],
  ""type"": ""Point""
}",-83.108750043,42.397107643
19925,1571518,I-94,ROSA PARKS,2018-12-11,11,12,2018,17,3,8,1,,1,0,Asphalt,1,1,4,55,3,2,2,5,0,0,0,0,true,false,false,false,false,false,false,false,false,false,false,false,false,false,false,true,false,false,false,false,false,false,-83.08485,42.35473,"{
  ""coordinates"": [
    -8.308485471938320e+01,
    4.235473009146410e+01
  ],
  ""type"": ""Point""
}","{
  ""coordinates"": [
    -83.084854719,
    42.354730091
  ],
  ""type"": ""Point""
}",-83.084854719,42.3547300910001
19926,1625534,NORTHLINE,5 MILE,2018-12-11,11,12,2018,19,3,3,9,,,0,,1,2,5,,3,2,2,5,0,0,0,0,true,false,false,false,false,false,false,false,false,false,false,false,false,true,false,false,false,false,false,false,false,false,-83.15337,42.40256,"{
  ""coordinates"": [
    -8.315337296491310e+01,
    4.240256019512480e+01
  ],
  ""type"": ""Point""
}","{
  ""coordinates"": [
    -83.153372965,
    42.402560195
  ],
  ""type"": ""Point""
}",-83.153372965,42.402560195
19927,1564819,S/B M 10,WYOMING,2018-12-11,11,12,2018,9,3,5,3,,1,0,Concrete,1,2,1,55,3,2,2,5,0,0,0,0,true,false,false,false,false,false,false,false,false,false,false,false,false,false,false,false,false,false,false,false,false,false,-83.16047,42.40541,"{
  ""coordinates"": [
    -8.316047063022999e+01,
    4.240541343551340e+01
  ],
  ""type"": ""Point""
}","{
  ""coordinates"": [
    -83.16047063,
    42.405413436
  ],
  ""type"": ""Point""
}",-83.16047063,42.4054134360001
19928,1563757,8 MILE,SYRACUSE,2018-12-11,11,12,2018,7,3,4,3,,1,0,Asphalt,1,1,2,40,4,2,2,4,0,0,0,1,false,false,false,false,false,false,false,false,false,false,false,false,false,false,false,false,false,false,false,false,false,false,-83.04655,42.44769,"{
  ""coordinates"": [
    -8.304655338859710e+01,
    4.244768923173150e+01
  ],
  ""type"": ""Point""
}","{
  ""coordinates"": [
    -83.046553389,
    42.447689232
  ],
  ""type"": ""Point""
}",-83.0465533889999,42.4476892320001
19929,1568205,JOHN R,MACK,2018-12-11,11,12,2018,6,3,4,9,,4,0,Asphalt,1,1,4,35,2,2,2,5,0,0,0,0,true,false,true,true,false,false,false,false,false,false,false,false,false,false,false,false,false,false,false,false,false,false,-83.05591,42.34833,"{
  ""coordinates"": [
    -8.305591014961350e+01,
    4.234832764901680e+01
  ],
  ""type"": ""Point""
}","{
  ""coordinates"": [
    -83.05591015,
    42.348327649
  ],
  ""type"": ""Point""
}",-83.05591015,42.3483276490001
19930,1563759,VAN DYKE,MCNICHOLS,2018-12-11,11,12,2018,16,3,8,3,,1,0,Asphalt,1,1,3,35,4,2,2,5,0,0,0,0,true,false,false,false,false,false,false,false,false,false,false,false,false,false,false,false,false,false,false,false,false,false,-83.02378,42.42136,"{
  ""coordinates"": [
    -8.302378360848741e+01,
    4.242136023830810e+01
  ],
  ""type"": ""Point""
}","{
  ""coordinates"": [
    -83.023783608,
    42.421360238
  ],
  ""type"": ""Point""
}",-83.023783608,42.421360238
19931,1564829,VERNOR,CADILLAC,2018-12-11,11,12,2018,16,3,5,9,,4,0,Asphalt,1,1,4,35,3,2,1,5,0,0,0,0,true,false,false,false,true,false,false,false,false,false,false,false,false,false,false,false,false,false,false,false,false,false,-82.9861,42.36691,"{
  ""coordinates"": [
    -8.298610103858189e+01,
    4.236690434864510e+01
  ],
  ""type"": ""Point""
}","{
  ""coordinates"": [
    -82.986101039,
    42.366904349
  ],
  ""type"": ""Point""
}",-82.9861010389999,42.366904349
19932,1563712,WATERMAN,ARMY,2018-12-11,11,12,2018,6,3,97,9,,4,0,Asphalt,1,1,4,25,4,3,1,5,0,0,0,0,true,false,false,false,false,false,false,false,false,false,false,false,false,false,false,false,false,false,false,false,false,false,-83.11118,42.30841,"{
  ""coordinates"": [
    -8.311118472568251e+01,
    4.230840530327360e+01
  ],
  ""type"": ""Point""
}","{
  ""coordinates"": [
    -83.111184726,
    42.308405303
  ],
  ""type"": ""Point""
}",-83.111184726,42.308405303
19933,1562862,VERNOR,JUNCTION,2018-12-11,11,12,2018,2,3,1,9,,4,0,Asphalt,1,1,4,25,4,1,0,5,0,0,0,0,true,false,false,false,true,false,false,false,false,true,false,false,false,false,false,false,false,false,false,false,false,false,-83.10211,42.3177,"{
  ""coordinates"": [
    -8.310210987161381e+01,
    4.231770450078600e+01
  ],
  ""type"": ""Point""
}","{
  ""coordinates"": [
    -83.102109872,
    42.317704501
  ],
  ""type"": ""Point""
}",-83.102109872,42.317704501
19934,1580179,N M 10,E I 94,2018-12-11,11,12,2018,18,3,5,3,,1,0,Concrete,1,1,4,55,3,3,3,4,0,0,0,3,false,false,false,false,false,false,false,false,false,false,false,false,false,true,false,false,false,false,false,false,false,false,-83.0759,42.35884,"{
  ""coordinates"": [
    -8.307590086614060e+01,
    4.235883875109660e+01
  ],
  ""type"": ""Point""
}","{
  ""coordinates"": [
    -83.075900866,
    42.358838751
  ],
  ""type"": ""Point""
}",-83.075900866,42.3588387510001
19935,1579179,I-75,LIVERNOIS,2018-12-11,11,12,2018,9,3,8,1,,1,0,Concrete,1,2,1,55,3,2,2,5,0,0,0,0,true,false,false,false,false,false,false,false,false,false,false,false,false,true,false,false,false,false,false,false,false,false,-83.10273,42.30864,"{
  ""coordinates"": [
    -8.310272740527969e+01,
    4.230863586438130e+01
  ],
  ""type"": ""Point""
}","{
  ""coordinates"": [
    -83.102727405,
    42.308635864
  ],
  ""type"": ""Point""
}",-83.1027274049999,42.3086358640001
19936,1583716,SCHAEFER,S I 75,2018-12-11,11,12,2018,22,3,4,7,,1,0,Asphalt,1,1,4,35,5,2,2,3,0,0,1,0,false,false,true,true,false,false,false,false,false,false,false,false,false,true,false,false,false,false,false,false,false,false,-83.15652,42.27734,"{
  ""coordinates"": [
    -8.315652154124059e+01,
    4.227733626638510e+01
  ],
  ""type"": ""Point""
}","{
  ""coordinates"": [
    -83.156521541,
    42.277336266
  ],
  ""type"": ""Point""
}",-83.156521541,42.2773362660001
19937,1565925,GREENFIELD,LYNDON,2018-12-11,11,12,2018,8,3,8,9,,2,0,Asphalt,1,1,1,35,4,2,2,4,0,0,0,1,false,false,false,false,false,false,false,false,false,false,false,false,false,false,false,false,false,false,false,false,false,false,-83.19843,42.39429,"{
  ""coordinates"": [
    -8.319842260030460e+01,
    4.239429479190490e+01
  ],
  ""type"": ""Point""
}","{
  ""coordinates"": [
    -83.1984226,
    42.394294792
  ],
  ""type"": ""Point""
}",-83.1984226,42.394294792
19938,1569175,GRATIOT,EASTBURN,2018-12-11,11,12,2018,17,3,3,3,,1,0,Asphalt,1,1,3,35,6,2,7,5,0,0,0,0,true,false,false,false,false,false,false,false,false,false,false,true,false,false,false,false,false,false,false,false,false,false,-82.97074,42.44562,"{
  ""coordinates"": [
    -8.297074418295290e+01,
    4.244562057204010e+01
  ],
  ""type"": ""Point""
}","{
  ""coordinates"": [
    -82.970744183,
    42.445620572
  ],
  ""type"": ""Point""
}",-82.970744183,42.4456205720001
19939,1567093,WILLIS,CASS,2018-12-11,11,12,2018,6,3,9,9,,,2,,1,2,98,25,2,2,0,5,0,0,0,0,true,false,false,false,true,false,false,false,false,false,false,false,false,false,false,false,false,false,false,false,false,false,-83.06328,42.35059,"{
  ""coordinates"": [
    -8.306327730393440e+01,
    4.235059350336920e+01
  ],
  ""type"": ""Point""
}","{
  ""coordinates"": [
    -83.063277304,
    42.350593503
  ],
  ""type"": ""Point""
}",-83.0632773039999,42.350593503
19940,1563715,DORCHESTER,MCCELLAN,2018-12-11,11,12,2018,8,3,8,9,,,0,,1,2,1,25,2,2,5,5,0,0,0,0,true,false,false,false,false,false,false,false,false,false,false,false,false,false,false,true,false,false,true,false,false,false,-82.99023,42.36692,"{
  ""coordinates"": [
    -8.299022392993010e+01,
    4.236692028091800e+01
  ],
  ""type"": ""Point""
}","{
  ""coordinates"": [
    -82.99022393,
    42.366920281
  ],
  ""type"": ""Point""
}",-82.99022393,42.366920281
19941,1567059,W I 96,EVERGREEN,2018-12-11,11,12,2018,22,3,1,1,,1,0,Concrete,1,2,4,55,3,1,1,5,0,0,0,0,true,false,false,false,false,false,false,false,false,false,false,false,false,false,false,false,false,false,false,false,false,false,-83.23669,42.38049,"{
  ""coordinates"": [
    -8.323668753379000e+01,
    4.238048689222820e+01
  ],
  ""type"": ""Point""
}","{
  ""coordinates"": [
    -83.236687534,
    42.380486892
  ],
  ""type"": ""Point""
}",-83.2366875339999,42.3804868920001
19942,1579182,S I 75,CANADIAN NATIONAL RAILWAY,2018-12-11,11,12,2018,15,3,8,1,,1,0,Asphalt,1,2,1,55,3,2,1,5,0,0,0,0,true,false,false,false,true,false,false,false,false,false,false,false,false,false,false,false,false,false,false,false,false,false,-83.06036,42.37455,"{
  ""coordinates"": [
    -8.306035431904409e+01,
    4.237455375373130e+01
  ],
  ""type"": ""Point""
}","{
  ""coordinates"": [
    -83.060354319,
    42.374553754
  ],
  ""type"": ""Point""
}",-83.0603543189999,42.374553754
19943,1563760,7 MILE,VAN DYKE,2018-12-11,11,12,2018,18,3,8,9,,4,0,Asphalt,1,1,4,30,1,2,1,5,0,0,0,0,true,false,false,false,true,false,false,false,false,false,true,false,false,false,false,false,false,false,false,false,false,false,-83.02351,42.43398,"{
  ""coordinates"": [
    -8.302350759360610e+01,
    4.243398369834990e+01
  ],
  ""type"": ""Point""
}","{
  ""coordinates"": [
    -83.023507594,
    42.433983698
  ],
  ""type"": ""Point""
}",-83.023507594,42.4339836980001
19944,1563737,MCNICHOLS,BENTLER,2018-12-11,11,12,2018,9,3,8,3,,2,0,Concrete,1,1,1,35,3,2,2,5,0,0,0,0,true,false,false,false,false,false,false,false,false,false,false,false,false,true,false,true,false,false,false,false,false,false,-83.25249,42.41468,"{
  ""coordinates"": [
    -8.325248580327219e+01,
    4.241467566689060e+01
  ],
  ""type"": ""Point""
}","{
  ""coordinates"": [
    -83.252485803,
    42.414675667
  ],
  ""type"": ""Point""
}",-83.252485803,42.414675667
19945,1567116,CANFIELD,FRENCH,2018-12-11,11,12,2018,4,3,4,9,,4,0,Asphalt,1,1,4,25,2,2,1,5,0,0,0,0,true,false,true,false,true,false,false,false,false,false,false,false,false,false,false,false,false,false,false,false,false,false,-82.98765,42.38062,"{
  ""coordinates"": [
    -8.298764930755250e+01,
    4.238061711976160e+01
  ],
  ""type"": ""Point""
}","{
  ""coordinates"": [
    -82.987649308,
    42.38061712
  ],
  ""type"": ""Point""
}",-82.987649308,42.3806171200001
19946,1568204,GRAND,N M 10,2018-12-11,11,12,2018,12,3,5,9,,4,0,Concrete,1,2,1,45,3,2,1,5,0,0,0,0,true,false,false,false,true,false,false,false,false,false,false,false,false,false,false,false,false,false,false,false,false,false,-83.08171,42.36702,"{
  ""coordinates"": [
    -8.308170828307500e+01,
    4.236701434156020e+01
  ],
  ""type"": ""Point""
}","{
  ""coordinates"": [
    -83.081708283,
    42.367014342
  ],
  ""type"": ""Point""
}",-83.081708283,42.3670143420001
19947,1563713,ST HEDWIG,JUNCTION,2018-12-11,11,12,2018,17,3,1,9,,,0,,1,1,4,30,2,1,1,4,0,0,0,1,false,false,false,false,false,false,false,false,false,false,false,false,false,false,false,false,false,false,false,false,false,false,-83.10929,42.32821,"{
  ""coordinates"": [
    -8.310929428970699e+01,
    4.232821338883070e+01
  ],
  ""type"": ""Point""
}","{
  ""coordinates"": [
    -83.10929429,
    42.328213389
  ],
  ""type"": ""Point""
}",-83.10929429,42.328213389
19948,1567076,JEFFERSON,BALDWIN,2018-12-11,11,12,2018,18,3,9,9,,4,0,Asphalt,1,1,3,35,3,2,2,4,0,0,0,1,false,false,false,false,true,false,false,false,false,false,false,false,false,false,false,false,false,false,false,false,false,false,-82.99773,42.34956,"{
  ""coordinates"": [
    -8.299773291312940e+01,
    4.234955657198940e+01
  ],
  ""type"": ""Point""
}","{
  ""coordinates"": [
    -82.997732913,
    42.349556572
  ],
  ""type"": ""Point""
}",-82.9977329129999,42.349556572
19949,1563773,8 MILE,STEEL,2018-12-11,11,12,2018,16,3,8,3,,,0,,1,2,3,35,4,2,2,5,0,0,0,0,true,false,false,false,false,false,false,false,false,false,false,false,false,false,false,false,false,false,false,false,false,false,-83.17342,42.44535,"{
  ""coordinates"": [
    -8.317342739037529e+01,
    4.244535016678680e+01
  ],
  ""type"": ""Point""
}","{
  ""coordinates"": [
    -83.17342739,
    42.445350167
  ],
  ""type"": ""Point""
}",-83.17342739,42.4453501670001
19950,1564870,I 75,DAVISON,2018-12-11,11,12,2018,15,3,5,1,,1,0,Asphalt,1,2,1,70,4,2,1,5,0,0,0,0,true,false,false,false,true,false,false,false,false,false,false,false,false,false,false,false,false,false,false,false,false,false,-83.07607,42.40923,"{
  ""coordinates"": [
    -8.307607130096160e+01,
    4.240923093152200e+01
  ],
  ""type"": ""Point""
}","{
  ""coordinates"": [
    -83.076071301,
    42.409230932
  ],
  ""type"": ""Point""
}",-83.076071301,42.4092309320001
19951,1579180,M-39,8 MILE,2018-12-11,11,12,2018,12,3,8,3,,1,0,Concrete,1,2,1,55,3,2,2,5,0,0,0,0,true,false,false,false,false,false,false,false,false,false,false,false,false,false,false,false,false,false,false,false,false,false,-83.21968,42.44272,"{
  ""coordinates"": [
    -8.321967767200040e+01,
    4.244272225246330e+01
  ],
  ""type"": ""Point""
}","{
  ""coordinates"": [
    -83.219677672,
    42.442722252
  ],
  ""type"": ""Point""
}",-83.219677672,42.4427222520001
19952,1564854,OUTER,MOUND,2018-12-11,11,12,2018,4,3,3,9,,2,0,Asphalt,1,1,4,35,4,2,1,4,0,0,0,1,false,false,false,false,true,false,false,false,false,false,false,false,false,false,false,false,false,false,false,false,false,false,-83.04388,42.44092,"{
  ""coordinates"": [
    -8.304387616935200e+01,
    4.244092151800390e+01
  ],
  ""type"": ""Point""
}","{
  ""coordinates"": [
    -83.043876169,
    42.440921518
  ],
  ""type"": ""Point""
}",-83.043876169,42.440921518
19953,1567118,VERNOR,HURLBUT,2018-12-11,11,12,2018,14,3,5,9,,4,0,Asphalt,1,1,1,25,3,2,2,5,0,0,0,0,true,false,false,false,false,false,false,false,false,false,false,false,false,false,false,false,false,false,false,false,false,false,-82.98492,42.36737,"{
  ""coordinates"": [
    -8.298492338033240e+01,
    4.236736941491370e+01
  ],
  ""type"": ""Point""
}","{
  ""coordinates"": [
    -82.98492338,
    42.367369415
  ],
  ""type"": ""Point""
}",-82.9849233799999,42.367369415
19954,1569182,CONNER,ENGLESIDE,2018-12-11,11,12,2018,17,3,4,9,,4,0,Asphalt,1,1,4,35,4,2,2,5,0,0,0,0,true,false,true,false,true,false,false,false,false,false,false,false,false,false,false,false,false,false,false,false,false,false,-83.00939,42.41506,"{
  ""coordinates"": [
    -8.300939127713090e+01,
    4.241506159505550e+01
  ],
  ""type"": ""Point""
}","{
  ""coordinates"": [
    -83.009391277,
    42.415061595
  ],
  ""type"": ""Point""
}",-83.009391277,42.4150615950001
19955,1578080,BERG,VASSAR,2018-12-10,10,12,2018,7,2,8,9,,4,0,Concrete,1,1,1,25,2,2,1,5,0,0,0,0,true,false,false,false,true,false,false,false,false,false,false,false,false,false,false,false,false,false,false,false,false,false,-83.26799,42.43229,"{
  ""coordinates"": [
    -8.326799101952901e+01,
    4.243229119027300e+01
  ],
  ""type"": ""Point""
}","{
  ""coordinates"": [
    -83.26799102,
    42.43229119
  ],
  ""type"": ""Point""
}",-83.26799102,42.4322911900001
19956,1563721,N I 75 SERVICE DRIVE,MACK,2018-12-10,10,12,2018,17,2,5,9,,5,0,Asphalt,1,1,4,30,2,2,2,4,0,0,0,1,false,false,false,false,false,false,false,false,false,false,false,false,false,false,false,false,false,false,false,false,false,false,-83.04736,42.3513,"{
  ""coordinates"": [
    -8.304735916660800e+01,
    4.235130441988960e+01
  ],
  ""type"": ""Point""
}","{
  ""coordinates"": [
    -83.047359167,
    42.35130442
  ],
  ""type"": ""Point""
}",-83.047359167,42.3513044200001
19957,1563755,DAVISON CROSSOVER,LIVERNOIS,2018-12-10,10,12,2018,17,2,9,3,,1,0,Concrete,1,1,4,35,2,2,1,5,0,0,0,0,true,false,false,false,true,false,false,false,false,false,false,false,false,false,false,false,false,false,false,false,false,false,-83.13927,42.38652,"{
  ""coordinates"": [
    -8.313927596079451e+01,
    4.238651737195420e+01
  ],
  ""type"": ""Point""
}","{
  ""coordinates"": [
    -83.139275961,
    42.386517372
  ],
  ""type"": ""Point""
}",-83.139275961,42.3865173720001
19958,1573514,S I 75,8 MILE SERVICE DRIVE,2018-12-10,10,12,2018,1,2,5,1,,1,0,Asphalt,1,1,4,35,2,2,2,5,0,0,0,0,true,false,false,false,true,false,false,false,false,false,false,false,false,true,false,false,false,false,false,false,false,false,-83.09491,42.44641,"{
  ""coordinates"": [
    -8.309490879172969e+01,
    4.244641048315150e+01
  ],
  ""type"": ""Point""
}","{
  ""coordinates"": [
    -83.094908792,
    42.446410483
  ],
  ""type"": ""Point""
}",-83.094908792,42.4464104830001
19959,1563766,SCHAEFER,MCNICHOLS,2018-12-10,10,12,2018,1,2,4,9,,4,0,Asphalt,1,1,4,40,5,2,1,4,0,0,0,1,false,false,true,true,true,false,false,false,false,false,false,false,false,false,false,false,false,false,false,false,false,false,-83.17981,42.41659,"{
  ""coordinates"": [
    -8.317980611063260e+01,
    4.241659049081470e+01
  ],
  ""type"": ""Point""
}","{
  ""coordinates"": [
    -83.179806111,
    42.416590491
  ],
  ""type"": ""Point""
}",-83.1798061109999,42.4165904910001
19960,1568201,ELIJAH MCCOY,LINCOLN,2018-12-10,10,12,2018,10,2,8,9,,4,0,Asphalt,1,1,1,30,2,2,2,5,0,0,0,0,true,false,false,false,false,false,false,false,false,false,false,false,false,false,false,true,false,false,false,false,false,false,-83.08128,42.35892,"{
  ""coordinates"": [
    -8.308127560978831e+01,
    4.235891987995190e+01
  ],
  ""type"": ""Point""
}","{
  ""coordinates"": [
    -83.08127561,
    42.35891988
  ],
  ""type"": ""Point""
}",-83.08127561,42.35891988
19961,1563734,8 MILE,GRANDVIEW,2018-12-10,10,12,2018,16,2,4,3,,1,0,Asphalt,1,1,3,45,4,2,4,5,0,0,0,0,true,false,false,false,false,false,false,false,false,false,false,false,false,false,false,false,false,false,false,false,false,false,-83.28501,42.44258,"{
  ""coordinates"": [
    -8.328501026935550e+01,
    4.244257990299790e+01
  ],
  ""type"": ""Point""
}","{
  ""coordinates"": [
    -83.285010269,
    42.442579903
  ],
  ""type"": ""Point""
}",-83.2850102689999,42.4425799030001
19962,1563716,ASBURY,WARREN,2018-12-10,10,12,2018,23,2,98,9,,,0,,1,2,4,25,1,2,0,5,0,0,0,0,true,false,false,false,true,false,false,false,false,false,false,false,false,false,false,false,false,false,false,false,false,false,-83.20565,42.34363,"{
  ""coordinates"": [
    -8.320565146726970e+01,
    4.234362762432440e+01
  ],
  ""type"": ""Point""
}","{
  ""coordinates"": [
    -83.205651467,
    42.343627624
  ],
  ""type"": ""Point""
}",-83.2056514669999,42.3436276240001
19963,1603935,I 94 W/B,WOODWARD,2018-12-10,10,12,2018,16,2,5,1,,1,0,Asphalt,1,2,1,55,6,2,2,5,0,0,0,0,true,false,false,false,false,false,false,false,false,false,false,false,false,true,false,false,false,false,false,false,false,false,-83.06479,42.36568,"{
  ""coordinates"": [
    -8.306479244156149e+01,
    4.236568412936900e+01
  ],
  ""type"": ""Point""
}","{
  ""coordinates"": [
    -83.064792442,
    42.365684129
  ],
  ""type"": ""Point""
}",-83.0647924419999,42.365684129
19964,1563720,WARREN,I 75 SERVICE,2018-12-10,10,12,2018,7,2,4,9,,4,0,Asphalt,2,2,1,30,3,2,3,5,0,0,0,0,true,false,false,false,false,false,false,false,false,false,false,false,false,false,false,false,false,false,false,false,false,false,-83.05389,42.36116,"{
  ""coordinates"": [
    -8.305389378213370e+01,
    4.236116218150060e+01
  ],
  ""type"": ""Point""
}","{
  ""coordinates"": [
    -83.053893782,
    42.361162182
  ],
  ""type"": ""Point""
}",-83.053893782,42.361162182
19965,1562933,7 MILE,ASHTON,2018-12-10,10,12,2018,19,2,8,9,,2,0,Asphalt,1,1,1,,4,2,1,5,0,0,0,0,true,false,false,false,true,false,false,true,false,false,true,false,false,false,false,false,false,false,false,false,false,false,-83.2205,42.42999,"{
  ""coordinates"": [
    -8.322049695733560e+01,
    4.242998812169100e+01
  ],
  ""type"": ""Point""
}","{
  ""coordinates"": [
    -83.220496957,
    42.429988122
  ],
  ""type"": ""Point""
}",-83.220496957,42.4299881220001