ObjectId,Crash ID,Primary Road,Intersecting Road,Crash Date,Day,Month,Year,Hour,Weekday,Crash Type Code,Highway Classification Code,Community Code,Jurisdiction Code,Lane Departure Type Code,Surface Type,Road Condition,Weather Condition,Lighting Condition,Speed Limit,Lanes,Units,Occupants,Most Severe Injury,Fatal Injuries,Suspected Serious Injuries,Suspected Minor Injuries,Possible Injuries,Property Damage Only,Secondary Crash,Traffic Control,Red Light Run,Hit and Run,Alcohol,Drugs,Unbelted Person,Work Zone,Speeding Driver,Distracted Driver,Driveway,Pedestrian,Elderly Driver,Young Driver,Commercial Vehicle,Emergency Vehicles,Train,School Bus,Motorcycle,Bicycle,Deer,Longitude,Latitude,geom,geog,x,y
19966,1567082,SCHAEFER,CAPITOL,2018-12-10,10,12,2018,15,2,8,9,,4,3,Asphalt,1,2,1,30,3,2,2,5,0,0,0,0,true,false,false,false,false,false,false,false,false,false,false,false,false,false,false,false,false,false,false,false,false,false,-83.17814,42.37706,"{
  ""coordinates"": [
    -8.317814100316330e+01,
    4.237706459142240e+01
  ],
  ""type"": ""Point""
}","{
  ""coordinates"": [
    -83.178141003,
    42.377064591
  ],
  ""type"": ""Point""
}",-83.178141003,42.3770645910001
19967,1562934,7 MILE,HUNTINGTON,2018-12-10,10,12,2018,19,2,4,9,,2,0,Asphalt,1,1,5,40,6,2,2,4,0,0,0,2,false,false,true,false,true,false,false,false,false,false,false,false,false,false,false,false,false,false,false,false,false,false,-83.23309,42.42973,"{
  ""coordinates"": [
    -8.323309470405169e+01,
    4.242972964311660e+01
  ],
  ""type"": ""Point""
}","{
  ""coordinates"": [
    -83.233094704,
    42.429729643
  ],
  ""type"": ""Point""
}",-83.2330947039999,42.429729643
19968,1573450,I-94,CECIL,2018-12-10,10,12,2018,10,2,5,1,,1,0,Asphalt,1,2,1,55,3,2,2,5,0,0,0,0,true,false,false,false,false,false,false,false,false,false,false,false,false,false,false,true,false,false,false,false,false,false,-83.13564,42.33309,"{
  ""coordinates"": [
    -8.313563623395321e+01,
    4.233308609753380e+01
  ],
  ""type"": ""Point""
}","{
  ""coordinates"": [
    -83.135636234,
    42.333086098
  ],
  ""type"": ""Point""
}",-83.1356362339999,42.3330860980001
19969,1561704,GRATIOT,ANTIETAM,2018-12-10,10,12,2018,3,2,8,3,,1,0,Concrete,1,1,4,,2,2,2,5,0,0,0,0,true,false,false,false,false,false,false,false,true,false,false,false,false,false,false,false,false,false,false,false,false,false,-83.04102,42.34057,"{
  ""coordinates"": [
    -8.304102654185630e+01,
    4.234056905937120e+01
  ],
  ""type"": ""Point""
}","{
  ""coordinates"": [
    -83.041026542,
    42.340569059
  ],
  ""type"": ""Point""
}",-83.0410265419999,42.3405690590001
19970,1563710,MILWAUKEE,CASS,2018-12-10,10,12,2018,18,2,4,9,,4,0,Asphalt,1,1,4,30,4,2,1,5,0,0,0,0,true,false,false,false,false,false,false,false,false,false,false,true,false,false,false,false,false,false,false,false,false,false,-83.0743,42.36847,"{
  ""coordinates"": [
    -8.307430355514261e+01,
    4.236846372275080e+01
  ],
  ""type"": ""Point""
}","{
  ""coordinates"": [
    -83.074303555,
    42.368463723
  ],
  ""type"": ""Point""
}",-83.074303555,42.368463723
19971,1567075,WOODWARD,FORT,2018-12-10,10,12,2018,8,2,8,9,,4,0,Brick,1,2,1,30,3,2,2,5,0,0,0,0,true,false,false,false,false,false,false,false,false,false,false,false,false,false,false,false,false,false,false,false,false,false,-83.047,42.33124,"{
  ""coordinates"": [
    -8.304700250698259e+01,
    4.233123658156180e+01
  ],
  ""type"": ""Point""
}","{
  ""coordinates"": [
    -83.047002507,
    42.331236582
  ],
  ""type"": ""Point""
}",-83.0470025069999,42.331236582
19972,1580173,I-94,M-10,2018-12-10,10,12,2018,17,2,5,1,,1,0,Asphalt,1,1,4,55,3,2,2,5,0,0,0,0,true,false,false,false,false,false,false,false,false,false,false,false,false,true,false,false,false,false,false,false,false,false,-83.07793,42.35787,"{
  ""coordinates"": [
    -8.307792604798200e+01,
    4.235787285988320e+01
  ],
  ""type"": ""Point""
}","{
  ""coordinates"": [
    -83.077926048,
    42.35787286
  ],
  ""type"": ""Point""
}",-83.0779260479999,42.35787286
19973,1562859,CENTRAL,ST STEPHEN,2018-12-10,10,12,2018,8,2,4,9,,4,0,Asphalt,1,2,1,25,2,2,2,4,0,0,0,1,false,false,true,true,true,false,false,false,false,false,false,false,false,false,false,false,false,false,false,false,false,false,-83.13551,42.32812,"{
  ""coordinates"": [
    -8.313550691279930e+01,
    4.232811627987950e+01
  ],
  ""type"": ""Point""
}","{
  ""coordinates"": [
    -83.135506913,
    42.32811628
  ],
  ""type"": ""Point""
}",-83.135506913,42.3281162800001
19974,1563769,N M 10,LIVERNOIS,2018-12-10,10,12,2018,20,2,4,3,,1,0,Concrete,1,1,4,30,2,2,3,5,0,0,0,0,true,false,true,true,false,false,false,false,false,false,true,false,false,true,false,false,false,false,false,false,false,false,-83.14028,42.40496,"{
  ""coordinates"": [
    -8.314028482275999e+01,
    4.240495722043070e+01
  ],
  ""type"": ""Point""
}","{
  ""coordinates"": [
    -83.140284823,
    42.40495722
  ],
  ""type"": ""Point""
}",-83.1402848229999,42.40495722
19975,1562930,DALE,FENKELL,2018-12-10,10,12,2018,11,2,9,9,,,2,,1,2,1,,2,2,0,5,0,0,0,0,true,false,false,false,true,false,false,false,false,false,false,false,false,false,false,false,false,false,false,false,false,false,-83.27522,42.40023,"{
  ""coordinates"": [
    -8.327521979783810e+01,
    4.240023603306600e+01
  ],
  ""type"": ""Point""
}","{
  ""coordinates"": [
    -83.275219798,
    42.400236033
  ],
  ""type"": ""Point""
}",-83.275219798,42.4002360330001
19976,1563706,I-96,SOUTHFIELD,2018-12-10,10,12,2018,16,2,5,1,,1,0,Concrete,1,1,1,55,3,2,3,5,0,0,0,0,true,false,false,false,false,false,false,false,false,false,false,false,false,false,false,false,false,false,false,false,false,false,-83.22219,42.37842,"{
  ""coordinates"": [
    -8.322218744001350e+01,
    4.237842123881150e+01
  ],
  ""type"": ""Point""
}","{
  ""coordinates"": [
    -83.22218744,
    42.378421239
  ],
  ""type"": ""Point""
}",-83.22218744,42.378421239
19977,1562890,BRACE,BELTON,2018-12-10,10,12,2018,20,2,4,9,,,0,,1,1,4,25,2,2,2,5,0,0,0,0,true,false,false,false,false,false,false,false,false,false,false,false,false,false,false,false,false,false,false,false,false,false,-83.2235,42.35234,"{
  ""coordinates"": [
    -8.322349777034060e+01,
    4.235233872492770e+01
  ],
  ""type"": ""Point""
}","{
  ""coordinates"": [
    -83.22349777,
    42.352338725
  ],
  ""type"": ""Point""
}",-83.2234977699999,42.352338725
19978,1564823,E I 96,RAMP 213N,2018-12-10,10,12,2018,19,2,1,1,,1,0,Asphalt,1,1,4,55,4,1,1,5,0,0,0,0,true,false,false,false,false,false,false,false,false,false,false,false,false,false,false,false,false,false,false,false,false,false,-83.1039,42.35331,"{
  ""coordinates"": [
    -8.310389725758790e+01,
    4.235330981381920e+01
  ],
  ""type"": ""Point""
}","{
  ""coordinates"": [
    -83.103897258,
    42.353309814
  ],
  ""type"": ""Point""
}",-83.103897258,42.3533098140001
19979,1564855,GALLAGHER,7 MILE,2018-12-10,10,12,2018,14,2,8,9,,,0,,1,1,1,25,1,2,0,5,0,0,0,0,true,false,false,false,true,false,false,false,false,false,false,false,false,false,false,false,false,false,false,false,false,false,-83.07022,42.43311,"{
  ""coordinates"": [
    -8.307022179775841e+01,
    4.243310380398540e+01
  ],
  ""type"": ""Point""
}","{
  ""coordinates"": [
    -83.070221798,
    42.433103804
  ],
  ""type"": ""Point""
}",-83.070221798,42.433103804
19980,1580172,S I 75,W I 94,2018-12-10,10,12,2018,12,2,1,1,,1,0,Concrete,1,2,1,55,4,1,1,5,0,0,0,0,true,false,false,false,false,false,false,false,false,false,false,false,false,false,false,false,false,false,false,false,false,false,-83.05827,42.36865,"{
  ""coordinates"": [
    -8.305826976548749e+01,
    4.236864830796350e+01
  ],
  ""type"": ""Point""
}","{
  ""coordinates"": [
    -83.058269765,
    42.368648308
  ],
  ""type"": ""Point""
}",-83.058269765,42.368648308
19981,1571534,MICHIGAN,GRISWOLD,2018-12-10,10,12,2018,17,2,98,9,,4,0,Asphalt,1,1,1,30,2,2,1,5,0,0,0,0,true,false,false,false,true,false,false,false,false,false,false,false,false,false,false,false,false,false,false,false,false,false,-83.04816,42.33165,"{
  ""coordinates"": [
    -8.304815829052460e+01,
    4.233165201249150e+01
  ],
  ""type"": ""Point""
}","{
  ""coordinates"": [
    -83.048158291,
    42.331652012
  ],
  ""type"": ""Point""
}",-83.0481582909999,42.3316520120001
19982,1562937,OUTER,SUNSET,2018-12-10,10,12,2018,18,2,4,9,,2,0,Asphalt,1,2,4,,3,2,2,5,0,0,0,0,true,false,false,false,true,false,false,false,false,false,false,false,false,true,false,false,false,false,false,false,false,false,-83.06129,42.44057,"{
  ""coordinates"": [
    -8.306128330902010e+01,
    4.244057533804630e+01
  ],
  ""type"": ""Point""
}","{
  ""coordinates"": [
    -83.061283309,
    42.440575338
  ],
  ""type"": ""Point""
}",-83.061283309,42.440575338
19983,1569186,LAPPIN,GOULBURN,2018-12-10,10,12,2018,16,2,4,9,,,0,,1,2,1,25,2,2,3,3,0,0,1,2,false,false,false,false,false,false,false,false,false,false,false,false,false,true,false,false,false,false,false,false,false,false,-82.99371,42.43654,"{
  ""coordinates"": [
    -8.299370961869840e+01,
    4.243654031533380e+01
  ],
  ""type"": ""Point""
}","{
  ""coordinates"": [
    -82.993709619,
    42.436540315
  ],
  ""type"": ""Point""
}",-82.993709619,42.4365403150001
19984,1562861,AVIS,WOODMERE,2018-12-10,10,12,2018,12,2,8,9,,,3,,1,2,1,25,3,2,2,5,0,0,0,0,true,false,false,false,false,false,false,false,false,false,false,false,false,false,false,true,false,false,false,false,false,false,-83.13503,42.30285,"{
  ""coordinates"": [
    -8.313502247138661e+01,
    4.230284527826470e+01
  ],
  ""type"": ""Point""
}","{
  ""coordinates"": [
    -83.135022471,
    42.302845278
  ],
  ""type"": ""Point""
}",-83.135022471,42.3028452780001
19985,1563765,8 MILE SERVICE DRIVE,S I 75,2018-12-10,10,12,2018,0,2,5,3,,1,0,Concrete,1,1,4,40,1,2,3,5,0,0,0,0,true,false,false,false,false,false,false,false,false,true,false,false,false,false,false,false,false,false,false,false,false,false,-83.09483,42.44664,"{
  ""coordinates"": [
    -8.309483415479070e+01,
    4.244663447529800e+01
  ],
  ""type"": ""Point""
}","{
  ""coordinates"": [
    -83.094834155,
    42.446634475
  ],
  ""type"": ""Point""
}",-83.0948341549999,42.4466344750001
19986,1561685,LITTLEFIELD,PLYMOUTH,2018-12-10,10,12,2018,0,2,4,9,,,0,,1,1,4,25,1,2,6,4,0,0,0,5,false,false,false,false,true,false,false,false,false,false,false,false,false,false,false,false,false,false,false,false,false,false,-83.17557,42.37336,"{
  ""coordinates"": [
    -8.317556686159450e+01,
    4.237335870732700e+01
  ],
  ""type"": ""Point""
}","{
  ""coordinates"": [
    -83.175566862,
    42.373358707
  ],
  ""type"": ""Point""
}",-83.175566862,42.3733587070001
19987,1569184,ALBION,MANNING,2018-12-10,10,12,2018,2,2,2,9,,,2,,1,1,4,25,2,2,0,5,0,0,0,0,true,false,false,false,true,false,false,false,false,false,false,false,false,false,false,false,false,false,false,false,false,false,-83.00594,42.43951,"{
  ""coordinates"": [
    -8.300593789788250e+01,
    4.243951554704880e+01
  ],
  ""type"": ""Point""
}","{
  ""coordinates"": [
    -83.005937898,
    42.439515547
  ],
  ""type"": ""Point""
}",-83.005937898,42.439515547
19988,1567127,ALGONQUIN,JEFFERSON,2018-12-10,10,12,2018,19,2,2,9,,,0,,1,1,4,25,2,2,0,5,0,0,0,0,true,false,false,false,true,false,false,false,false,false,true,false,false,false,false,false,false,false,false,false,false,false,-82.9565,42.37024,"{
  ""coordinates"": [
    -8.295650449037841e+01,
    4.237024010229390e+01
  ],
  ""type"": ""Point""
}","{
  ""coordinates"": [
    -82.95650449,
    42.370240102
  ],
  ""type"": ""Point""
}",-82.95650449,42.370240102
19989,1563722,N I 75 SERVICE DRIVE,WARREN,2018-12-10,10,12,2018,19,2,97,9,,4,1,Asphalt,1,1,4,30,3,2,0,4,0,0,0,1,false,false,false,false,true,false,false,false,false,false,false,false,true,false,false,false,false,false,false,false,false,false,-83.05381,42.36096,"{
  ""coordinates"": [
    -8.305380865666680e+01,
    4.236095644659150e+01
  ],
  ""type"": ""Point""
}","{
  ""coordinates"": [
    -83.053808657,
    42.360956447
  ],
  ""type"": ""Point""
}",-83.053808657,42.360956447
19990,1568200,PARK,ELIZABETH,2018-12-10,10,12,2018,8,2,10,9,,4,3,Asphalt,1,1,1,25,2,2,1,5,0,0,0,0,true,false,false,false,false,false,false,false,false,false,false,false,false,false,false,false,false,false,false,false,false,false,-83.05302,42.33702,"{
  ""coordinates"": [
    -8.305302757733870e+01,
    4.233701959257260e+01
  ],
  ""type"": ""Point""
}","{
  ""coordinates"": [
    -83.053027577,
    42.337019593
  ],
  ""type"": ""Point""
}",-83.053027577,42.337019593
19991,1567092,WARREN,BRUSH,2018-12-10,10,12,2018,17,2,5,9,,4,0,Asphalt,1,1,4,30,3,2,2,5,0,0,0,0,true,false,false,false,false,false,false,false,false,false,false,false,false,false,false,false,false,false,false,false,false,false,-83.05988,42.35864,"{
  ""coordinates"": [
    -8.305987693607980e+01,
    4.235864352599290e+01
  ],
  ""type"": ""Point""
}","{
  ""coordinates"": [
    -83.059876936,
    42.358643526
  ],
  ""type"": ""Point""
}",-83.059876936,42.358643526
19992,1562853,MARK TWAIN,MCNICHOLS,2018-12-10,10,12,2018,13,2,4,9,,,0,,1,2,1,35,4,2,4,5,0,0,0,0,true,false,false,false,false,true,false,false,false,false,false,false,false,false,true,false,false,false,false,false,false,false,-83.18726,42.41655,"{
  ""coordinates"": [
    -8.318725221698929e+01,
    4.241654640397980e+01
  ],
  ""type"": ""Point""
}","{
  ""coordinates"": [
    -83.187252217,
    42.416546404
  ],
  ""type"": ""Point""
}",-83.187252217,42.416546404
19993,1562943,8 MILE,STEEL,2018-12-10,10,12,2018,17,2,5,3,,1,0,Asphalt,1,1,3,40,5,3,3,4,0,0,0,1,false,false,false,false,false,false,false,false,false,false,false,false,false,false,false,false,false,false,false,false,false,false,-83.17346,42.44535,"{
  ""coordinates"": [
    -8.317346319346220e+01,
    4.244534943244670e+01
  ],
  ""type"": ""Point""
}","{
  ""coordinates"": [
    -83.173463193,
    42.445349432
  ],
  ""type"": ""Point""
}",-83.173463193,42.4453494320001
19994,1567058,I-94,I-75,2018-12-10,10,12,2018,16,2,8,1,,1,0,Asphalt,1,2,1,55,5,2,4,5,0,0,0,0,true,false,false,false,false,false,false,false,false,false,false,false,false,false,false,false,false,false,false,false,false,false,-83.06123,42.36689,"{
  ""coordinates"": [
    -8.306122866873901e+01,
    4.236688726769330e+01
  ],
  ""type"": ""Point""
}","{
  ""coordinates"": [
    -83.061228669,
    42.366887268
  ],
  ""type"": ""Point""
}",-83.0612286689999,42.366887268
19995,1564865,CLAUVERLAWN,SCHAEFER,2018-12-10,10,12,2018,5,2,9,9,,,0,,1,1,4,25,3,2,9,5,0,0,0,0,true,false,false,false,false,false,false,false,false,false,false,true,false,false,false,true,false,false,true,false,false,false,-83.15182,42.38612,"{
  ""coordinates"": [
    -8.315182386050959e+01,
    4.238612052562590e+01
  ],
  ""type"": ""Point""
}","{
  ""coordinates"": [
    -83.151823861,
    42.386120526
  ],
  ""type"": ""Point""
}",-83.151823861,42.3861205260001
19996,1562935,STOUT,KEELER,2018-12-10,10,12,2018,22,2,4,9,,,0,,1,1,4,25,2,2,4,4,0,0,0,3,false,false,false,false,true,false,false,false,false,false,false,false,false,false,false,false,false,false,false,false,false,false,-83.24168,42.40237,"{
  ""coordinates"": [
    -8.324168123313980e+01,
    4.240236508368360e+01
  ],
  ""type"": ""Point""
}","{
  ""coordinates"": [
    -83.241681233,
    42.402365084
  ],
  ""type"": ""Point""
}",-83.241681233,42.4023650840001
19997,1564814,RAMP 217F,E I 94,2018-12-10,10,12,2018,14,2,5,1,,1,0,Asphalt,1,2,1,55,3,3,3,5,0,0,0,0,true,false,false,false,false,false,false,false,false,false,false,false,false,false,false,false,false,false,false,false,false,false,-83.03251,42.37992,"{
  ""coordinates"": [
    -8.303250982009480e+01,
    4.237992393528950e+01
  ],
  ""type"": ""Point""
}","{
  ""coordinates"": [
    -83.03250982,
    42.379923935
  ],
  ""type"": ""Point""
}",-83.03250982,42.3799239350001
19998,1561701,VANDYKE,BORTLE,2018-12-10,10,12,2018,5,2,5,9,,4,0,Asphalt,1,1,3,25,2,2,2,5,0,0,0,0,true,false,false,false,false,false,false,false,false,false,false,false,false,true,false,false,false,false,false,false,false,false,-83.00365,42.36357,"{
  ""coordinates"": [
    -8.300364629861730e+01,
    4.236356717879050e+01
  ],
  ""type"": ""Point""
}","{
  ""coordinates"": [
    -83.003646299,
    42.363567179
  ],
  ""type"": ""Point""
}",-83.003646299,42.363567179
19999,1564811,N M 10,LINWOOD,2018-12-10,10,12,2018,9,2,5,3,,1,0,Concrete,1,2,1,55,3,3,3,4,0,0,0,2,false,false,false,false,false,false,false,false,false,false,false,false,false,false,false,false,false,false,false,false,false,false,-83.12727,42.40522,"{
  ""coordinates"": [
    -8.312726723195290e+01,
    4.240521943998180e+01
  ],
  ""type"": ""Point""
}","{
  ""coordinates"": [
    -83.127267232,
    42.40521944
  ],
  ""type"": ""Point""
}",-83.127267232,42.4052194400001
20000,1567091,WOODWARD,S I 75 SERVICE DRIVE,2018-12-10,10,12,2018,3,2,8,3,,1,0,Asphalt,1,1,4,30,3,2,5,5,0,0,0,0,true,false,false,false,true,false,false,false,false,false,false,false,false,true,false,false,false,false,false,false,false,false,-83.05306,42.3402,"{
  ""coordinates"": [
    -8.305306343315389e+01,
    4.234020027026230e+01
  ],
  ""type"": ""Point""
}","{
  ""coordinates"": [
    -83.053063433,
    42.34020027
  ],
  ""type"": ""Point""
}",-83.053063433,42.34020027
20001,1569185,BEACONSFIELD,BRITAIN,2018-12-10,10,12,2018,6,2,2,9,,,0,,1,1,4,25,2,2,0,5,0,0,0,0,true,false,false,false,true,false,false,false,false,false,false,true,false,false,true,false,false,false,false,false,false,false,-82.94725,42.42228,"{
  ""coordinates"": [
    -8.294724673656430e+01,
    4.242227481541110e+01
  ],
  ""type"": ""Point""
}","{
  ""coordinates"": [
    -82.947246737,
    42.422274815
  ],
  ""type"": ""Point""
}",-82.9472467369999,42.422274815
20002,1565944,VAN DYKE,MCNICHOLS,2018-12-10,10,12,2018,11,2,8,3,,1,0,Asphalt,1,1,1,35,4,2,2,5,0,0,0,0,true,false,false,false,false,false,false,false,false,false,false,false,false,false,false,true,false,false,false,false,false,false,-83.0237,42.41935,"{
  ""coordinates"": [
    -8.302370675512910e+01,
    4.241934665957360e+01
  ],
  ""type"": ""Point""
}","{
  ""coordinates"": [
    -83.023706755,
    42.41934666
  ],
  ""type"": ""Point""
}",-83.023706755,42.41934666
20003,1568202,ELIZABETH,BROOKLYN,2018-12-10,10,12,2018,12,2,8,9,,,0,,1,2,1,25,2,2,2,5,0,0,0,0,true,false,false,false,false,false,false,false,false,false,false,false,false,false,false,true,false,false,false,false,false,false,-83.06486,42.33262,"{
  ""coordinates"": [
    -8.306485432435960e+01,
    4.233262321399030e+01
  ],
  ""type"": ""Point""
}","{
  ""coordinates"": [
    -83.064854324,
    42.332623214
  ],
  ""type"": ""Point""
}",-83.064854324,42.3326232140001
20004,1572695,I 94,MT ELLIOT,2018-12-10,10,12,2018,18,2,5,1,,1,0,Asphalt,1,1,4,55,3,2,2,5,0,0,0,0,true,false,false,false,false,false,false,false,false,false,false,false,false,false,false,false,false,false,false,false,false,false,-83.03416,42.37893,"{
  ""coordinates"": [
    -8.303416268371130e+01,
    4.237892982686970e+01
  ],
  ""type"": ""Point""
}","{
  ""coordinates"": [
    -83.034162684,
    42.378929827
  ],
  ""type"": ""Point""
}",-83.034162684,42.378929827
20005,1580174,M-39,PAUL,2018-12-10,10,12,2018,18,2,5,3,,1,0,Asphalt,1,1,4,55,3,2,2,5,0,0,0,0,true,false,false,false,false,false,false,false,false,false,false,false,false,false,true,false,false,false,false,false,false,false,-83.21604,42.33751,"{
  ""coordinates"": [
    -8.321603947234300e+01,
    4.233750809288370e+01
  ],
  ""type"": ""Point""
}","{
  ""coordinates"": [
    -83.216039472,
    42.337508093
  ],
  ""type"": ""Point""
}",-83.216039472,42.3375080930001
20006,1563754,DAVISON,DEXTER,2018-12-10,10,12,2018,13,2,5,3,,1,0,Asphalt,1,2,1,35,5,2,5,5,0,0,0,0,true,false,false,false,false,false,false,false,false,false,false,false,false,false,false,false,false,false,false,false,false,false,-83.13091,42.38973,"{
  ""coordinates"": [
    -8.313090267930330e+01,
    4.238973155027010e+01
  ],
  ""type"": ""Point""
}","{
  ""coordinates"": [
    -83.130902679,
    42.38973155
  ],
  ""type"": ""Point""
}",-83.130902679,42.3897315500001
20007,1580175,I-75,8 MILE RD9,2018-12-10,10,12,2018,18,2,5,1,,1,0,Asphalt,1,2,4,70,3,2,3,5,0,0,0,0,true,false,false,false,false,false,false,false,false,false,true,false,false,true,false,false,false,false,false,false,false,false,-83.09467,42.44535,"{
  ""coordinates"": [
    -8.309466525433510e+01,
    4.244535179916990e+01
  ],
  ""type"": ""Point""
}","{
  ""coordinates"": [
    -83.094665254,
    42.445351799
  ],
  ""type"": ""Point""
}",-83.0946652539999,42.445351799
20008,1562929,TELEGRAPH,RAMP 051B,2018-12-10,10,12,2018,11,2,5,2,,1,0,Asphalt,1,2,1,45,2,2,2,5,0,0,0,0,true,false,false,false,false,false,false,false,false,false,false,false,false,false,false,false,false,false,false,false,false,false,-83.27837,42.44247,"{
  ""coordinates"": [
    -8.327836778229080e+01,
    4.244246867266200e+01
  ],
  ""type"": ""Point""
}","{
  ""coordinates"": [
    -83.278367782,
    42.442468673
  ],
  ""type"": ""Point""
}",-83.278367782,42.4424686730001
20009,1562889,ARTESIAN,JOY,2018-12-10,10,12,2018,14,2,4,9,,,0,,1,2,1,25,2,2,2,5,0,0,0,0,true,false,false,false,false,false,false,false,false,false,false,false,false,false,false,false,true,false,false,false,false,false,-83.22623,42.35838,"{
  ""coordinates"": [
    -8.322622915921610e+01,
    4.235838445367500e+01
  ],
  ""type"": ""Point""
}","{
  ""coordinates"": [
    -83.226229159,
    42.358384454
  ],
  ""type"": ""Point""
}",-83.226229159,42.358384454
20010,1579177,E I 94,RAMP 222A,2018-12-10,10,12,2018,7,2,5,1,,1,0,Asphalt,1,2,1,55,3,2,2,5,0,0,0,0,true,false,false,false,false,false,false,false,false,false,false,false,false,false,false,false,false,false,false,false,false,false,-82.95066,42.40771,"{
  ""coordinates"": [
    -8.295065738271200e+01,
    4.240770572493060e+01
  ],
  ""type"": ""Point""
}","{
  ""coordinates"": [
    -82.950657383,
    42.407705725
  ],
  ""type"": ""Point""
}",-82.950657383,42.407705725
20011,1562939,8 MILE,N I 75,2018-12-10,10,12,2018,18,2,5,3,,1,0,Concrete,1,2,4,40,2,2,2,5,0,0,0,0,true,false,false,false,false,false,false,false,false,false,false,false,false,false,false,true,false,false,false,false,false,false,-83.09477,42.4468,"{
  ""coordinates"": [
    -8.309477542155490e+01,
    4.244680060668930e+01
  ],
  ""type"": ""Point""
}","{
  ""coordinates"": [
    -83.094775422,
    42.446800607
  ],
  ""type"": ""Point""
}",-83.0947754219999,42.4468006070001
20012,1562938,BRIMSON,MOUND,2018-12-10,10,12,2018,16,2,5,9,,,0,,1,1,1,35,2,2,2,4,0,0,0,1,false,false,false,false,false,false,false,false,false,false,false,false,false,false,false,true,false,false,false,false,false,false,-83.04256,42.42162,"{
  ""coordinates"": [
    -8.304255640415229e+01,
    4.242161941645320e+01
  ],
  ""type"": ""Point""
}","{
  ""coordinates"": [
    -83.042556404,
    42.421619416
  ],
  ""type"": ""Point""
}",-83.042556404,42.4216194160001
20013,1563752,DAVISON CROSSOVER,DEXTER,2018-12-10,10,12,2018,12,2,9,3,,1,0,Asphalt,1,1,1,35,2,2,1,5,0,0,0,0,true,false,false,false,true,false,false,false,false,false,false,false,false,true,false,false,false,false,false,false,false,false,-83.13111,42.38965,"{
  ""coordinates"": [
    -8.313111070176410e+01,
    4.238965115129600e+01
  ],
  ""type"": ""Point""
}","{
  ""coordinates"": [
    -83.131110702,
    42.389651151
  ],
  ""type"": ""Point""
}",-83.1311107019999,42.3896511510001
20014,1564828,WOODWARD,HOLBROOK,2018-12-10,10,12,2018,18,2,3,3,,1,0,Asphalt,1,1,4,30,7,2,2,4,0,0,0,1,false,false,false,false,false,false,false,false,false,false,false,false,false,true,false,false,false,false,false,false,false,false,-83.08051,42.381,"{
  ""coordinates"": [
    -8.308051571533470e+01,
    4.238099863812170e+01
  ],
  ""type"": ""Point""
}","{
  ""coordinates"": [
    -83.080515715,
    42.380998638
  ],
  ""type"": ""Point""
}",-83.080515715,42.3809986380001
20015,1567139,LAHSER,GLENCO,2018-12-10,10,12,2018,0,2,4,9,,2,0,Asphalt,2,1,4,,2,2,2,5,0,0,0,0,true,false,false,false,false,true,false,false,false,false,false,true,false,true,false,false,false,false,false,false,false,false,-83.25811,42.42136,"{
  ""coordinates"": [
    -8.325810751013880e+01,
    4.242135862546120e+01
  ],
  ""type"": ""Point""
}","{
  ""coordinates"": [
    -83.25810751,
    42.421358625
  ],
  ""type"": ""Point""
}",-83.2581075099999,42.421358625
20016,1562849,I 75,PIQUETTE,2018-12-10,10,12,2018,8,2,5,1,,1,0,Asphalt,1,1,1,55,3,3,3,5,0,0,0,0,true,false,false,false,false,false,false,false,false,false,false,false,false,false,false,false,false,false,false,false,false,false,-83.05929,42.3709,"{
  ""coordinates"": [
    -8.305929014318210e+01,
    4.237090083399050e+01
  ],
  ""type"": ""Point""
}","{
  ""coordinates"": [
    -83.059290143,
    42.370900834
  ],
  ""type"": ""Point""
}",-83.0592901429999,42.3709008340001
20017,1563703,N I 75,FORT,2018-12-09,9,12,2018,6,1,1,1,,1,0,Concrete,1,1,4,70,3,1,1,5,0,0,0,0,true,false,false,false,false,false,false,false,false,false,false,false,false,false,false,false,false,false,false,false,false,false,-83.1532,42.27824,"{
  ""coordinates"": [
    -8.315320173324599e+01,
    4.227824459857710e+01
  ],
  ""type"": ""Point""
}","{
  ""coordinates"": [
    -83.153201733,
    42.278244599
  ],
  ""type"": ""Point""
}",-83.1532017329999,42.2782445990001
20018,1561695,CLAY,CHRYSLER,2018-12-09,9,12,2018,2,1,8,9,,4,0,Concrete,1,1,4,25,1,2,2,5,0,0,0,0,true,false,false,false,true,false,false,false,false,false,false,false,false,false,false,false,false,false,false,false,false,false,-83.06223,42.37851,"{
  ""coordinates"": [
    -8.306223389731910e+01,
    4.237851486270840e+01
  ],
  ""type"": ""Point""
}","{
  ""coordinates"": [
    -83.062233897,
    42.378514863
  ],
  ""type"": ""Point""
}",-83.0622338969999,42.3785148630001
20019,1560575,MCNICHOLS,FORRER,2018-12-09,9,12,2018,5,1,1,9,,2,0,Asphalt,1,1,4,35,4,1,2,5,0,0,0,0,true,false,false,false,false,false,false,false,false,false,false,false,false,false,false,true,true,false,false,false,false,false,-83.20232,42.4159,"{
  ""coordinates"": [
    -8.320231913788800e+01,
    4.241590208225600e+01
  ],
  ""type"": ""Point""
}","{
  ""coordinates"": [
    -83.202319138,
    42.415902082
  ],
  ""type"": ""Point""
}",-83.202319138,42.4159020820001
20020,1587272,WOODWARD,WITHERELL,2018-12-09,9,12,2018,10,1,4,9,,4,0,Asphalt,1,1,1,30,8,2,4,5,0,0,0,0,true,false,true,true,false,false,false,false,false,false,true,false,false,false,false,false,false,false,false,false,false,false,-83.0502,42.33598,"{
  ""coordinates"": [
    -8.305020034003959e+01,
    4.233598418006270e+01
  ],
  ""type"": ""Point""
}","{
  ""coordinates"": [
    -83.05020034,
    42.33598418
  ],
  ""type"": ""Point""
}",-83.0502003399999,42.33598418