ObjectId,Crash ID,Primary Road,Intersecting Road,Crash Date,Day,Month,Year,Hour,Weekday,Crash Type Code,Highway Classification Code,Community Code,Jurisdiction Code,Lane Departure Type Code,Surface Type,Road Condition,Weather Condition,Lighting Condition,Speed Limit,Lanes,Units,Occupants,Most Severe Injury,Fatal Injuries,Suspected Serious Injuries,Suspected Minor Injuries,Possible Injuries,Property Damage Only,Secondary Crash,Traffic Control,Red Light Run,Hit and Run,Alcohol,Drugs,Unbelted Person,Work Zone,Speeding Driver,Distracted Driver,Driveway,Pedestrian,Elderly Driver,Young Driver,Commercial Vehicle,Emergency Vehicles,Train,School Bus,Motorcycle,Bicycle,Deer,Longitude,Latitude,geom,geog,x,y
20184,1382750,LUMPKIN,ROBINWOOD,2018-05-26,26,5,2018,12,7,10,9,,,0,,1,2,1,,1,2,0,5,0,0,0,0,true,true,false,false,false,false,false,false,false,false,false,false,false,false,false,false,false,false,false,false,false,false,-83.08032,42.43022,"{
  ""coordinates"": [
    -8.308032502180120e+01,
    4.243021674084240e+01
  ],
  ""type"": ""Point""
}","{
  ""coordinates"": [
    -83.080325022,
    42.430216741
  ],
  ""type"": ""Point""
}",-83.080325022,42.430216741
20185,1384192,ORLEANS,LAFAYETTE,2018-05-26,26,5,2018,15,7,8,9,,,3,,1,1,1,25,2,2,2,5,0,0,0,0,true,false,false,false,false,false,false,false,false,false,false,false,false,true,false,false,false,false,false,false,false,false,-83.03091,42.33913,"{
  ""coordinates"": [
    -8.303091473608561e+01,
    4.233913008674960e+01
  ],
  ""type"": ""Point""
}","{
  ""coordinates"": [
    -83.030914736,
    42.339130087
  ],
  ""type"": ""Point""
}",-83.0309147359999,42.3391300870001
20186,1393232,MARTIN,MICHIGAN,2018-05-26,26,5,2018,22,7,2,2,,4,0,Asphalt,1,1,4,25,2,2,2,4,0,0,0,1,false,false,false,false,true,false,false,false,false,false,false,false,false,false,false,false,false,false,false,false,false,false,-83.12739,42.33112,"{
  ""coordinates"": [
    -8.312738791546749e+01,
    4.233111582893680e+01
  ],
  ""type"": ""Point""
}","{
  ""coordinates"": [
    -83.127387915,
    42.331115829
  ],
  ""type"": ""Point""
}",-83.127387915,42.3311158290001
20187,1391498,GRAYTON,CORNWALL,2018-05-25,25,5,2018,13,6,4,9,,,0,,1,1,1,25,2,2,3,5,0,0,0,0,true,false,false,false,false,false,false,false,false,false,false,true,false,false,true,false,false,false,false,false,false,false,-82.93092,42.40355,"{
  ""coordinates"": [
    -8.293092670243070e+01,
    4.240355266353790e+01
  ],
  ""type"": ""Point""
}","{
  ""coordinates"": [
    -82.930926702,
    42.403552664
  ],
  ""type"": ""Point""
}",-82.930926702,42.4035526640001
20188,1382738,LIVERNOIS,TIREMAN,2018-05-25,25,5,2018,23,6,8,9,,4,0,Asphalt,1,1,5,35,2,2,0,5,0,0,0,0,true,false,false,false,true,false,false,false,false,false,false,false,false,false,false,false,false,false,false,false,false,false,-83.13622,42.35281,"{
  ""coordinates"": [
    -8.313621628519870e+01,
    4.235280860709450e+01
  ],
  ""type"": ""Point""
}","{
  ""coordinates"": [
    -83.136216285,
    42.352808607
  ],
  ""type"": ""Point""
}",-83.136216285,42.352808607
20189,1384219,KELLY,MORANG,2018-05-25,25,5,2018,9,6,8,9,,2,0,Asphalt,1,1,1,25,2,2,2,5,0,0,0,0,true,false,false,false,true,false,false,false,false,false,false,false,false,false,false,false,false,false,false,false,false,false,-82.95707,42.42934,"{
  ""coordinates"": [
    -8.295707129410110e+01,
    4.242933993982840e+01
  ],
  ""type"": ""Point""
}","{
  ""coordinates"": [
    -82.957071294,
    42.42933994
  ],
  ""type"": ""Point""
}",-82.9570712939999,42.42933994
20190,1382725,8 MILE,GOULBURN,2018-05-25,25,5,2018,9,6,98,3,,1,3,Asphalt,1,1,1,40,3,2,0,5,0,0,0,0,true,false,false,false,true,false,false,false,false,false,false,false,false,false,false,false,false,false,false,false,false,false,-82.99456,42.44908,"{
  ""coordinates"": [
    -8.299456268812470e+01,
    4.244907831479620e+01
  ],
  ""type"": ""Point""
}","{
  ""coordinates"": [
    -82.994562688,
    42.449078315
  ],
  ""type"": ""Point""
}",-82.994562688,42.4490783150001
20191,1399394,HARPER,CONNER,2018-05-25,25,5,2018,13,6,8,9,,4,0,Asphalt,1,1,1,30,6,2,2,5,0,0,0,0,true,false,false,false,false,false,false,false,false,false,false,false,false,false,false,false,false,false,false,false,false,false,-82.9902,42.39711,"{
  ""coordinates"": [
    -8.299020092807710e+01,
    4.239710572544870e+01
  ],
  ""type"": ""Point""
}","{
  ""coordinates"": [
    -82.990200928,
    42.397105725
  ],
  ""type"": ""Point""
}",-82.990200928,42.3971057250001
20192,1382746,OUTER,MT ELLIOT,2018-05-25,25,5,2018,11,6,97,9,,2,0,Asphalt,1,1,1,35,4,3,3,4,0,0,0,2,false,true,false,false,false,false,false,false,false,false,false,false,false,false,false,false,false,false,false,false,false,false,-83.03958,42.44081,"{
  ""coordinates"": [
    -8.303957755696210e+01,
    4.244080949070150e+01
  ],
  ""type"": ""Point""
}","{
  ""coordinates"": [
    -83.039577557,
    42.440809491
  ],
  ""type"": ""Point""
}",-83.039577557,42.440809491
20193,1386012,BRINGARD,HOYT,2018-05-25,25,5,2018,12,6,4,9,,,0,,1,1,1,,2,2,3,5,0,0,0,0,true,false,false,false,false,false,false,false,false,false,false,false,false,false,false,false,false,false,false,false,false,false,-82.98058,42.44595,"{
  ""coordinates"": [
    -8.298058504325630e+01,
    4.244594774693850e+01
  ],
  ""type"": ""Point""
}","{
  ""coordinates"": [
    -82.980585043,
    42.445947747
  ],
  ""type"": ""Point""
}",-82.980585043,42.445947747
20194,1382697,LAWNDALE,NAVY,2018-05-25,25,5,2018,11,6,2,9,,4,2,Asphalt,1,1,1,25,2,2,2,5,0,0,0,0,true,false,false,false,false,false,false,false,false,false,true,false,false,false,false,false,false,false,false,false,false,false,-83.13146,42.30766,"{
  ""coordinates"": [
    -8.313145853366520e+01,
    4.230765715642850e+01
  ],
  ""type"": ""Point""
}","{
  ""coordinates"": [
    -83.131458534,
    42.307657156
  ],
  ""type"": ""Point""
}",-83.131458534,42.3076571560001
20195,1395692,DAVISON,SANTA ROSA,2018-05-25,25,5,2018,17,6,5,3,,1,0,Concrete,1,1,1,35,3,3,3,5,0,0,0,0,true,false,false,false,false,false,false,false,false,false,true,false,false,false,false,false,false,false,false,false,false,false,-83.14133,42.38643,"{
  ""coordinates"": [
    -8.314132426421040e+01,
    4.238642984482240e+01
  ],
  ""type"": ""Point""
}","{
  ""coordinates"": [
    -83.141324264,
    42.386429845
  ],
  ""type"": ""Point""
}",-83.1413242639999,42.3864298450001
20196,1394486,N/B I-75,WARREN,2018-05-25,25,5,2018,17,6,5,1,,1,0,Asphalt,1,1,1,55,4,2,3,5,0,0,0,0,true,false,false,false,false,false,false,false,false,false,false,false,false,false,false,false,false,false,false,false,false,false,-83.05391,42.36034,"{
  ""coordinates"": [
    -8.305390821258590e+01,
    4.236033936331820e+01
  ],
  ""type"": ""Point""
}","{
  ""coordinates"": [
    -83.053908213,
    42.360339363
  ],
  ""type"": ""Point""
}",-83.0539082129999,42.360339363
20197,1382694,JEFFERIES S/D,GRAND BLVD,2018-05-25,25,5,2018,8,6,4,9,,4,0,Concrete,1,1,1,25,4,2,7,5,0,0,0,0,true,false,true,true,false,false,false,false,false,false,false,false,false,true,false,false,false,false,false,false,false,false,-83.00208,42.34716,"{
  ""coordinates"": [
    -8.300207896848720e+01,
    4.234715849420620e+01
  ],
  ""type"": ""Point""
}","{
  ""coordinates"": [
    -83.002078968,
    42.347158494
  ],
  ""type"": ""Point""
}",-83.002078968,42.347158494
20198,1385969,I-94,BURNS,2018-05-25,25,5,2018,9,6,5,1,,1,0,Asphalt,1,1,1,55,3,2,4,4,0,0,0,3,false,false,false,false,false,false,false,false,false,false,false,false,false,true,false,false,false,false,false,false,false,false,-83.01357,42.38889,"{
  ""coordinates"": [
    -8.301356594931021e+01,
    4.238888521675960e+01
  ],
  ""type"": ""Point""
}","{
  ""coordinates"": [
    -83.013565949,
    42.388885217
  ],
  ""type"": ""Point""
}",-83.0135659489999,42.3888852170001
20199,1382752,OUTER,PICKFORD,2018-05-25,25,5,2018,15,6,4,9,,2,0,Asphalt,1,1,1,30,4,2,2,4,0,0,0,2,false,false,false,false,false,false,false,false,false,false,false,false,false,false,false,false,false,false,false,false,false,false,-83.17522,42.42574,"{
  ""coordinates"": [
    -8.317522381382101e+01,
    4.242573474825460e+01
  ],
  ""type"": ""Point""
}","{
  ""coordinates"": [
    -83.175223814,
    42.425734748
  ],
  ""type"": ""Point""
}",-83.1752238139999,42.425734748
20200,1398457,S I 75,RAMP 029D,2018-05-25,25,5,2018,17,6,5,1,,1,0,Concrete,1,1,1,25,2,2,2,5,0,0,0,0,true,false,false,false,false,false,false,false,false,false,false,false,false,false,false,false,false,false,false,false,false,false,-83.15402,42.27811,"{
  ""coordinates"": [
    -8.315401892032330e+01,
    4.227811507894310e+01
  ],
  ""type"": ""Point""
}","{
  ""coordinates"": [
    -83.15401892,
    42.278115079
  ],
  ""type"": ""Point""
}",-83.1540189199999,42.278115079
20201,1383389,CHARLES,FENELON,2018-05-25,25,5,2018,14,6,5,9,,4,0,Asphalt,98,1,1,25,2,3,4,4,0,0,0,2,false,false,false,false,false,false,false,false,false,false,false,false,false,true,false,false,false,false,false,false,false,false,-83.05241,42.41166,"{
  ""coordinates"": [
    -8.305240709671700e+01,
    4.241166052342840e+01
  ],
  ""type"": ""Point""
}","{
  ""coordinates"": [
    -83.052407097,
    42.411660523
  ],
  ""type"": ""Point""
}",-83.052407097,42.4116605230001
20202,1385073,GRATIOT,BRINGARD,2018-05-25,25,5,2018,17,6,5,3,,1,0,Asphalt,1,1,1,35,7,2,4,5,0,0,0,0,true,false,false,false,false,false,false,false,false,false,false,false,false,false,false,false,false,false,false,false,false,false,-82.97054,42.44593,"{
  ""coordinates"": [
    -8.297053706790081e+01,
    4.244593274589740e+01
  ],
  ""type"": ""Point""
}","{
  ""coordinates"": [
    -82.970537068,
    42.445932746
  ],
  ""type"": ""Point""
}",-82.9705370679999,42.445932746
20203,1387137,E I 94,MOROSS,2018-05-25,25,5,2018,,6,5,1,,1,0,Asphalt,98,98,98,30,2,2,1,5,0,0,0,0,true,false,false,false,true,false,false,false,false,false,false,false,false,false,false,false,false,false,false,false,false,false,-82.92856,42.42463,"{
  ""coordinates"": [
    -8.292855642776560e+01,
    4.242462618911800e+01
  ],
  ""type"": ""Point""
}","{
  ""coordinates"": [
    -82.928556428,
    42.424626189
  ],
  ""type"": ""Point""
}",-82.928556428,42.424626189
20204,1396172,MOROSS,MACK,2018-05-25,25,5,2018,15,6,4,9,,2,0,Asphalt,1,1,1,35,4,2,5,4,0,0,0,5,false,false,false,false,false,false,false,false,false,false,false,false,false,false,false,false,false,false,false,false,false,false,-82.91078,42.41698,"{
  ""coordinates"": [
    -8.291077849124130e+01,
    4.241697946701430e+01
  ],
  ""type"": ""Point""
}","{
  ""coordinates"": [
    -82.910778491,
    42.416979467
  ],
  ""type"": ""Point""
}",-82.910778491,42.416979467
20205,1384225,WYOMING,CHALFONTE,2018-05-25,25,5,2018,21,6,97,9,,4,0,Asphalt,1,1,4,30,2,3,5,4,0,0,0,1,false,false,false,false,false,false,false,false,false,false,false,false,false,false,true,false,false,false,false,false,false,false,-83.15958,42.40024,"{
  ""coordinates"": [
    -8.315957344267170e+01,
    4.240024114058060e+01
  ],
  ""type"": ""Point""
}","{
  ""coordinates"": [
    -83.159573443,
    42.400241141
  ],
  ""type"": ""Point""
}",-83.1595734429999,42.400241141
20206,1382671,LARNED,BEAUBIEN,2018-05-25,25,5,2018,17,6,6,9,,4,0,Asphalt,1,1,1,25,3,2,2,5,0,0,0,0,true,false,false,false,false,false,false,false,false,false,false,false,false,false,false,false,false,false,false,false,false,false,-83.04028,42.33157,"{
  ""coordinates"": [
    -8.304028305530240e+01,
    4.233156635973920e+01
  ],
  ""type"": ""Point""
}","{
  ""coordinates"": [
    -83.040283055,
    42.33156636
  ],
  ""type"": ""Point""
}",-83.040283055,42.3315663600001
20207,1382713,OUTER,PLYMOUTH,2018-05-25,25,5,2018,3,6,1,9,,2,1,Asphalt,1,1,4,35,2,1,1,5,0,0,0,0,true,false,false,false,false,false,false,false,false,false,false,false,false,false,false,false,false,false,false,false,false,false,-83.26093,42.37148,"{
  ""coordinates"": [
    -8.326093092872919e+01,
    4.237147753944780e+01
  ],
  ""type"": ""Point""
}","{
  ""coordinates"": [
    -83.260930929,
    42.371477539
  ],
  ""type"": ""Point""
}",-83.260930929,42.3714775390001
20208,1382683,WASHINGTON,FORT,2018-05-25,25,5,2018,8,6,8,3,,4,0,Asphalt,1,1,1,35,2,2,2,5,0,0,0,0,true,false,false,false,false,false,false,false,false,false,true,false,false,false,false,false,false,false,false,false,false,false,-83.04981,42.32963,"{
  ""coordinates"": [
    -8.304981190953110e+01,
    4.232962792423120e+01
  ],
  ""type"": ""Point""
}","{
  ""coordinates"": [
    -83.04981191,
    42.329627924
  ],
  ""type"": ""Point""
}",-83.04981191,42.3296279240001
20209,1382708,JOY,S M 39 SERVICE DRIVE,2018-05-25,25,5,2018,16,6,5,9,,2,0,Asphalt,1,1,1,35,2,2,1,5,0,0,0,0,true,false,false,false,true,false,false,false,false,false,false,false,false,true,false,false,false,false,true,false,false,false,-83.21687,42.35784,"{
  ""coordinates"": [
    -8.321686655723840e+01,
    4.235783841452060e+01
  ],
  ""type"": ""Point""
}","{
  ""coordinates"": [
    -83.216866557,
    42.357838415
  ],
  ""type"": ""Point""
}",-83.2168665569999,42.3578384150001
20210,1382672,CHENE,JEFFERSON,2018-05-25,25,5,2018,23,6,9,9,,4,0,Asphalt,1,1,4,30,2,2,1,5,0,0,0,0,true,false,false,false,true,false,false,false,false,false,false,false,false,false,false,false,false,false,false,false,false,false,-83.02264,42.33825,"{
  ""coordinates"": [
    -8.302264662306450e+01,
    4.233824528283500e+01
  ],
  ""type"": ""Point""
}","{
  ""coordinates"": [
    -83.022646623,
    42.338245283
  ],
  ""type"": ""Point""
}",-83.022646623,42.338245283
20211,1385071,CHRYSLER,WILKINS,2018-05-25,25,5,2018,23,6,4,1,,1,0,Concrete,1,1,4,25,2,2,3,5,0,0,0,0,true,false,false,false,true,false,false,false,false,false,false,false,false,false,false,false,false,false,false,false,false,false,-83.04599,42.34787,"{
  ""coordinates"": [
    -8.304599003595069e+01,
    4.234787038411820e+01
  ],
  ""type"": ""Point""
}","{
  ""coordinates"": [
    -83.045990036,
    42.347870384
  ],
  ""type"": ""Point""
}",-83.045990036,42.347870384
20212,1387109,M-39,I-96,2018-05-25,25,5,2018,16,6,5,3,,1,0,Asphalt,1,1,1,55,3,2,2,5,0,0,0,0,true,false,false,false,false,false,false,false,false,false,false,false,false,false,false,false,false,false,false,false,false,false,-83.21714,42.37901,"{
  ""coordinates"": [
    -8.321713818001609e+01,
    4.237901098105020e+01
  ],
  ""type"": ""Point""
}","{
  ""coordinates"": [
    -83.21713818,
    42.379010981
  ],
  ""type"": ""Point""
}",-83.2171381799999,42.3790109810001
20213,1382675,AMERICAN,WESTFIELD,2018-05-25,25,5,2018,22,6,2,9,,,2,,1,1,5,25,2,2,0,5,0,0,0,0,true,false,false,false,true,false,false,false,false,false,false,false,false,false,false,false,false,false,false,false,false,false,-83.14407,42.3625,"{
  ""coordinates"": [
    -8.314407590167230e+01,
    4.236250277378430e+01
  ],
  ""type"": ""Point""
}","{
  ""coordinates"": [
    -83.144075902,
    42.362502774
  ],
  ""type"": ""Point""
}",-83.1440759019999,42.3625027740001
20214,1382674,WYOMING,LYNDON,2018-05-25,25,5,2018,17,6,97,9,,4,0,Asphalt,1,1,1,35,2,2,1,5,0,0,0,0,true,false,false,false,false,false,false,false,false,false,false,false,false,false,false,false,false,false,false,false,false,false,-83.15936,42.3953,"{
  ""coordinates"": [
    -8.315935306930120e+01,
    4.239529803770940e+01
  ],
  ""type"": ""Point""
}","{
  ""coordinates"": [
    -83.159353069,
    42.395298038
  ],
  ""type"": ""Point""
}",-83.159353069,42.3952980380001
20215,1382712,FENKELL,SAINT MARYS,2018-05-25,25,5,2018,17,6,6,9,,2,0,Asphalt,1,1,1,35,2,3,6,5,0,0,0,0,true,false,false,false,false,false,false,false,false,false,true,false,false,false,false,false,false,false,false,false,false,false,-83.20646,42.40133,"{
  ""coordinates"": [
    -8.320646247934640e+01,
    4.240133001935610e+01
  ],
  ""type"": ""Point""
}","{
  ""coordinates"": [
    -83.206462479,
    42.401330019
  ],
  ""type"": ""Point""
}",-83.206462479,42.4013300190001
20216,1383390,MACK,JOHN R,2018-05-25,25,5,2018,8,6,97,9,,4,1,Asphalt,2,1,1,,1,2,0,5,0,0,0,0,true,false,false,false,false,false,false,false,false,false,false,false,true,false,false,false,false,false,false,false,false,false,-83.05629,42.34827,"{
  ""coordinates"": [
    -8.305629285924790e+01,
    4.234826743553640e+01
  ],
  ""type"": ""Point""
}","{
  ""coordinates"": [
    -83.056292859,
    42.348267436
  ],
  ""type"": ""Point""
}",-83.0562928589999,42.3482674360001
20217,1390578,8 MILE,WYOMING,2018-05-25,25,5,2018,22,6,1,3,,1,0,Asphalt,1,1,4,45,8,2,0,1,1,0,0,0,false,false,true,true,true,true,true,false,false,false,false,false,true,false,false,false,false,false,false,false,false,false,-83.16151,42.44564,"{
  ""coordinates"": [
    -8.316150459276720e+01,
    4.244564549708000e+01
  ],
  ""type"": ""Point""
}","{
  ""coordinates"": [
    -83.161504593,
    42.445645497
  ],
  ""type"": ""Point""
}",-83.161504593,42.445645497
20218,1382753,STANSBURY,THATCHER,2018-05-25,25,5,2018,13,6,4,9,,,0,,1,1,1,25,1,2,2,5,0,0,0,0,true,false,true,false,false,false,false,true,false,false,false,false,false,false,false,false,false,false,false,false,false,false,-83.18361,42.42191,"{
  ""coordinates"": [
    -8.318360942918490e+01,
    4.242190837964080e+01
  ],
  ""type"": ""Point""
}","{
  ""coordinates"": [
    -83.183609429,
    42.42190838
  ],
  ""type"": ""Point""
}",-83.1836094289999,42.42190838
20219,1387089,I-94,WOODWARD,2018-05-25,25,5,2018,18,6,8,1,,1,0,Asphalt,1,1,1,55,3,2,1,5,0,0,0,0,true,false,false,false,true,false,false,false,false,false,false,false,false,false,false,false,false,false,false,false,false,false,-83.06954,42.36345,"{
  ""coordinates"": [
    -8.306953896701749e+01,
    4.236344347004040e+01
  ],
  ""type"": ""Point""
}","{
  ""coordinates"": [
    -83.069538967,
    42.36344347
  ],
  ""type"": ""Point""
}",-83.069538967,42.36344347
20220,1382707,EVERGREEN,CHICAGO,2018-05-25,25,5,2018,17,6,3,9,,4,0,Asphalt,1,1,1,35,5,2,1,5,0,0,0,0,true,false,false,false,true,false,false,false,false,false,false,false,false,false,false,false,false,false,false,false,false,false,-83.23604,42.36467,"{
  ""coordinates"": [
    -8.323603836842720e+01,
    4.236467236790500e+01
  ],
  ""type"": ""Point""
}","{
  ""coordinates"": [
    -83.236038368,
    42.364672368
  ],
  ""type"": ""Point""
}",-83.236038368,42.3646723680001
20221,1385980,OUTER,N M 10,2018-05-25,25,5,2018,23,6,2,9,,2,0,Asphalt,1,1,5,30,8,2,1,5,0,0,0,0,true,false,false,false,true,false,false,false,false,false,true,true,false,false,true,false,false,false,false,false,false,false,-83.17628,42.42106,"{
  ""coordinates"": [
    -8.317628280723569e+01,
    4.242105837965100e+01
  ],
  ""type"": ""Point""
}","{
  ""coordinates"": [
    -83.176282807,
    42.42105838
  ],
  ""type"": ""Point""
}",-83.176282807,42.42105838
20222,1387171,ROBINWOOD,ST AUBIN,2018-05-25,25,5,2018,17,6,2,9,,,2,,1,1,1,25,2,2,5,4,0,0,0,3,false,false,false,false,false,false,false,false,false,false,false,false,false,false,true,false,false,false,false,false,false,false,-83.08157,42.43048,"{
  ""coordinates"": [
    -8.308157559156810e+01,
    4.243048632204590e+01
  ],
  ""type"": ""Point""
}","{
  ""coordinates"": [
    -83.081575592,
    42.430486322
  ],
  ""type"": ""Point""
}",-83.081575592,42.430486322
20223,1382703,CORNWALL,HARVARD,2018-05-25,25,5,2018,22,6,4,9,,,0,,1,1,4,25,2,2,2,5,0,0,0,0,true,false,true,false,true,false,false,false,false,false,false,false,false,false,false,false,false,false,false,false,false,false,-82.92981,42.40399,"{
  ""coordinates"": [
    -8.292981304388719e+01,
    4.240399076062130e+01
  ],
  ""type"": ""Point""
}","{
  ""coordinates"": [
    -82.929813044,
    42.403990761
  ],
  ""type"": ""Point""
}",-82.929813044,42.403990761
20224,1389507,RAMP 049D,S I 75,2018-05-25,25,5,2018,2,6,1,1,,1,1,Asphalt,1,1,4,70,3,1,1,5,0,0,0,0,true,false,false,false,false,false,false,false,false,true,false,false,false,false,false,false,false,false,false,false,false,false,-83.09476,42.42957,"{
  ""coordinates"": [
    -8.309475610055730e+01,
    4.242956837849550e+01
  ],
  ""type"": ""Point""
}","{
  ""coordinates"": [
    -83.094756101,
    42.429568378
  ],
  ""type"": ""Point""
}",-83.094756101,42.4295683780001
20225,1386020,ANDOVER,EMERY,2018-05-25,25,5,2018,18,6,5,9,,,0,,1,1,1,25,1,2,1,2,0,1,0,0,false,false,false,false,true,true,false,false,false,false,false,false,false,false,false,false,false,false,false,true,false,false,-83.09924,42.43572,"{
  ""coordinates"": [
    -8.309924064070211e+01,
    4.243571743002510e+01
  ],
  ""type"": ""Point""
}","{
  ""coordinates"": [
    -83.099240641,
    42.43571743
  ],
  ""type"": ""Point""
}",-83.0992406409999,42.4357174300001
20226,1388367,MARTIN LUTHER KING JR,E I 96,2018-05-25,25,5,2018,1,6,4,9,,4,0,Concrete,1,1,4,30,4,2,1,5,0,0,0,0,true,false,true,true,true,false,false,false,false,false,false,false,false,false,false,false,false,false,false,false,false,false,-83.09075,42.33607,"{
  ""coordinates"": [
    -8.309075090807380e+01,
    4.233606825121890e+01
  ],
  ""type"": ""Point""
}","{
  ""coordinates"": [
    -83.090750908,
    42.336068251
  ],
  ""type"": ""Point""
}",-83.090750908,42.336068251
20227,1383384,N M 39,MCNICHOLS,2018-05-25,25,5,2018,19,6,8,3,,1,0,Concrete,1,1,3,35,2,2,3,5,0,0,0,0,true,false,false,false,true,false,false,false,false,false,false,false,false,false,false,false,true,false,false,false,false,false,-83.21871,42.41543,"{
  ""coordinates"": [
    -8.321871324597960e+01,
    4.241542986387770e+01
  ],
  ""type"": ""Point""
}","{
  ""coordinates"": [
    -83.218713246,
    42.415429864
  ],
  ""type"": ""Point""
}",-83.2187132459999,42.415429864
20228,1383387,FERGUSON,7 MILE,2018-05-25,25,5,2018,13,6,3,9,,,0,,1,1,1,25,1,2,0,5,0,0,0,0,true,false,false,false,true,false,false,true,false,false,true,false,false,false,false,false,false,false,false,false,false,false,-83.21064,42.43028,"{
  ""coordinates"": [
    -8.321063832099040e+01,
    4.243028172884400e+01
  ],
  ""type"": ""Point""
}","{
  ""coordinates"": [
    -83.210638321,
    42.430281729
  ],
  ""type"": ""Point""
}",-83.210638321,42.4302817290001
20229,1387088,N M 10,RAMP 215D,2018-05-25,25,5,2018,17,6,5,3,,1,0,Concrete,1,1,1,55,3,2,3,5,0,0,0,0,true,false,false,false,false,false,false,false,false,false,false,false,false,true,false,false,false,false,false,false,false,false,-83.0754,42.35799,"{
  ""coordinates"": [
    -8.307539855967249e+01,
    4.235798929119100e+01
  ],
  ""type"": ""Point""
}","{
  ""coordinates"": [
    -83.07539856,
    42.357989291
  ],
  ""type"": ""Point""
}",-83.0753985599999,42.3579892910001
20230,1382730,ROSSINI,REGENT,2018-05-25,25,5,2018,17,6,10,9,,,3,,1,1,1,25,2,2,1,5,0,0,0,0,true,false,false,false,false,false,false,false,false,false,false,false,false,false,false,false,false,false,false,false,false,false,-82.97526,42.44333,"{
  ""coordinates"": [
    -8.297525823075030e+01,
    4.244333197468190e+01
  ],
  ""type"": ""Point""
}","{
  ""coordinates"": [
    -82.975258231,
    42.443331975
  ],
  ""type"": ""Point""
}",-82.9752582309999,42.443331975
20231,1382742,DAVISON,LINWOOD,2018-05-25,25,5,2018,16,6,4,3,,1,0,Asphalt,1,1,1,35,4,2,2,5,0,0,0,0,true,false,false,false,false,false,false,false,false,false,false,true,false,false,false,false,false,false,false,false,false,false,-83.12156,42.3932,"{
  ""coordinates"": [
    -8.312155609744140e+01,
    4.239319519392460e+01
  ],
  ""type"": ""Point""
}","{
  ""coordinates"": [
    -83.121556097,
    42.393195194
  ],
  ""type"": ""Point""
}",-83.1215560969999,42.393195194
20232,1385975,RAMP 008K,E I 96 CD,2018-05-25,25,5,2018,15,6,5,1,,1,0,Concrete,1,1,1,55,2,2,2,5,0,0,0,0,true,false,false,false,false,false,false,false,false,false,false,false,false,false,false,false,false,false,false,false,false,false,-83.22309,42.37794,"{
  ""coordinates"": [
    -8.322308942094681e+01,
    4.237794179353340e+01
  ],
  ""type"": ""Point""
}","{
  ""coordinates"": [
    -83.223089421,
    42.377941794
  ],
  ""type"": ""Point""
}",-83.2230894209999,42.377941794
20233,1384216,W I 94,MOROSS,2018-05-25,25,5,2018,15,6,8,1,,1,0,Asphalt,1,1,1,35,3,3,5,2,0,1,0,0,false,false,false,false,true,false,false,false,false,true,false,false,false,false,false,false,false,false,false,false,false,false,-82.92866,42.42478,"{
  ""coordinates"": [
    -8.292865607933589e+01,
    4.242477753147680e+01
  ],
  ""type"": ""Point""
}","{
  ""coordinates"": [
    -82.928656079,
    42.424777531
  ],
  ""type"": ""Point""
}",-82.9286560789999,42.4247775310001
20234,1388321,SCHAEFER,MCNICHOLS,2018-05-25,25,5,2018,13,6,8,9,,4,0,Asphalt,1,1,1,35,3,2,1,4,0,0,0,1,false,false,false,false,true,false,false,false,false,false,false,false,false,false,false,false,false,false,false,false,false,false,-83.1798,42.41647,"{
  ""coordinates"": [
    -8.317980017477920e+01,
    4.241646447675050e+01
  ],
  ""type"": ""Point""
}","{
  ""coordinates"": [
    -83.179800175,
    42.416464477
  ],
  ""type"": ""Point""
}",-83.179800175,42.416464477
20235,1385970,I-94,FRENCH,2018-05-25,25,5,2018,13,6,5,1,,1,0,Asphalt,1,1,1,55,3,2,3,5,0,0,0,0,true,false,false,false,false,false,false,false,false,false,false,false,false,false,false,false,false,false,false,false,false,false,-83.0008,42.39223,"{
  ""coordinates"": [
    -8.300080357600871e+01,
    4.239223565563400e+01
  ],
  ""type"": ""Point""
}","{
  ""coordinates"": [
    -83.000803576,
    42.392235656
  ],
  ""type"": ""Point""
}",-83.000803576,42.392235656
20236,1382685,I 75 SERVICE,WARREN,2018-05-25,25,5,2018,15,6,5,9,,4,0,Asphalt,1,1,1,30,3,2,2,5,0,0,0,0,true,false,false,false,true,false,false,false,false,false,false,false,false,false,false,false,false,false,false,false,false,false,-83.05354,42.36047,"{
  ""coordinates"": [
    -8.305354085113140e+01,
    4.236047416660210e+01
  ],
  ""type"": ""Point""
}","{
  ""coordinates"": [
    -83.053540851,
    42.360474167
  ],
  ""type"": ""Point""
}",-83.053540851,42.3604741670001
20237,1382709,ARCHDALE,PLYMOUTH,2018-05-25,25,5,2018,6,6,1,9,,,1,,1,1,1,25,2,1,1,5,0,0,0,0,true,true,false,false,false,false,false,true,false,false,false,false,false,false,false,false,false,false,false,false,false,false,-83.21564,42.37234,"{
  ""coordinates"": [
    -8.321564129808480e+01,
    4.237234311232700e+01
  ],
  ""type"": ""Point""
}","{
  ""coordinates"": [
    -83.215641298,
    42.372343112
  ],
  ""type"": ""Point""
}",-83.215641298,42.3723431120001