ObjectId,Crash ID,Primary Road,Intersecting Road,Crash Date,Day,Month,Year,Hour,Weekday,Crash Type Code,Highway Classification Code,Community Code,Jurisdiction Code,Lane Departure Type Code,Surface Type,Road Condition,Weather Condition,Lighting Condition,Speed Limit,Lanes,Units,Occupants,Most Severe Injury,Fatal Injuries,Suspected Serious Injuries,Suspected Minor Injuries,Possible Injuries,Property Damage Only,Secondary Crash,Traffic Control,Red Light Run,Hit and Run,Alcohol,Drugs,Unbelted Person,Work Zone,Speeding Driver,Distracted Driver,Driveway,Pedestrian,Elderly Driver,Young Driver,Commercial Vehicle,Emergency Vehicles,Train,School Bus,Motorcycle,Bicycle,Deer,Longitude,Latitude,geom,geog,x,y
20292,1381313,EMERALD SPRINGS,SPARLING,2018-05-24,24,5,2018,10,5,5,9,,,0,,1,1,4,15,2,3,0,5,0,0,0,0,true,false,false,false,true,false,false,false,false,false,false,false,false,false,false,false,false,false,false,false,false,false,-83.04581,42.41103,"{
  ""coordinates"": [
    -8.304581817283780e+01,
    4.241103519219610e+01
  ],
  ""type"": ""Point""
}","{
  ""coordinates"": [
    -83.045818173,
    42.411035192
  ],
  ""type"": ""Point""
}",-83.045818173,42.411035192
20293,1381297,7 MILE,KENTFIELD,2018-05-24,24,5,2018,9,5,8,9,,2,0,Asphalt,1,1,1,35,6,2,1,5,0,0,0,0,true,false,false,false,true,false,false,false,false,false,false,false,false,false,false,false,false,false,false,false,false,false,-83.2418,42.4295,"{
  ""coordinates"": [
    -8.324179467968879e+01,
    4.242950186619050e+01
  ],
  ""type"": ""Point""
}","{
  ""coordinates"": [
    -83.24179468,
    42.429501866
  ],
  ""type"": ""Point""
}",-83.2417946799999,42.4295018660001
20294,1387102,M-39,FORD,2018-05-24,24,5,2018,15,5,5,3,,1,0,Asphalt,1,1,1,55,3,2,4,5,0,0,0,0,true,false,false,false,false,false,false,false,false,false,false,false,false,false,true,false,false,false,false,false,false,false,-83.21584,42.33074,"{
  ""coordinates"": [
    -8.321583828724630e+01,
    4.233074323083220e+01
  ],
  ""type"": ""Point""
}","{
  ""coordinates"": [
    -83.215838287,
    42.330743231
  ],
  ""type"": ""Point""
}",-83.2158382869999,42.330743231
20295,1387132,WARREN,CHALMERS,2018-05-24,24,5,2018,18,5,4,9,,4,0,Asphalt,1,1,1,,7,2,2,5,0,0,0,0,true,false,false,false,true,false,false,false,false,false,false,false,false,true,false,false,false,false,false,false,false,false,-82.95875,42.39548,"{
  ""coordinates"": [
    -8.295874993771361e+01,
    4.239548331370060e+01
  ],
  ""type"": ""Point""
}","{
  ""coordinates"": [
    -82.958749938,
    42.395483314
  ],
  ""type"": ""Point""
}",-82.958749938,42.395483314
20296,1381307,VAN DYKE,MILBANK,2018-05-24,24,5,2018,14,5,4,3,,1,0,Asphalt,1,1,1,35,2,2,2,4,0,0,0,1,false,false,false,false,false,false,false,false,false,false,false,false,false,true,false,false,false,false,false,false,false,false,-83.02457,42.44308,"{
  ""coordinates"": [
    -8.302457126111820e+01,
    4.244307560563140e+01
  ],
  ""type"": ""Point""
}","{
  ""coordinates"": [
    -83.024571261,
    42.443075606
  ],
  ""type"": ""Point""
}",-83.0245712609999,42.443075606
20297,1533641,CADILLAC,HARPER,2018-05-24,24,5,2018,5,5,1,9,,4,0,Asphalt,1,1,2,35,2,2,1,1,1,0,0,0,false,false,false,false,false,false,false,false,false,false,false,false,true,false,false,true,false,false,false,false,false,false,-83.00419,42.39324,"{
  ""coordinates"": [
    -8.300418950001340e+01,
    4.239323963515700e+01
  ],
  ""type"": ""Point""
}","{
  ""coordinates"": [
    -83.0041895,
    42.393239635
  ],
  ""type"": ""Point""
}",-83.0041894999999,42.393239635
20298,1382763,MEYERS,FENKELL,2018-05-24,24,5,2018,19,5,3,9,,4,0,Asphalt,1,1,1,30,2,2,2,5,0,0,0,0,true,false,false,false,false,false,false,false,false,false,false,false,false,false,true,false,false,false,false,false,false,false,-83.1694,42.40223,"{
  ""coordinates"": [
    -8.316940170851809e+01,
    4.240222940666750e+01
  ],
  ""type"": ""Point""
}","{
  ""coordinates"": [
    -83.169401709,
    42.402229407
  ],
  ""type"": ""Point""
}",-83.1694017089999,42.402229407
20299,1389504,I-94,I-75,2018-05-24,24,5,2018,15,5,5,1,,1,0,Concrete,1,2,1,55,3,2,2,5,0,0,0,0,true,false,false,false,false,false,false,false,false,false,false,false,false,false,false,false,false,false,false,false,false,false,-83.0566,42.36961,"{
  ""coordinates"": [
    -8.305660083321770e+01,
    4.236960867150610e+01
  ],
  ""type"": ""Point""
}","{
  ""coordinates"": [
    -83.056600833,
    42.369608672
  ],
  ""type"": ""Point""
}",-83.0566008329999,42.369608672
20300,1381272,N I 75,LIVERNOIS,2018-05-24,24,5,2018,6,5,5,1,,1,0,Concrete,1,1,1,25,3,2,1,5,0,0,0,0,true,false,false,false,true,false,false,false,false,false,false,false,false,false,false,false,false,false,false,false,false,false,-83.10418,42.30754,"{
  ""coordinates"": [
    -8.310418054368080e+01,
    4.230753951994190e+01
  ],
  ""type"": ""Point""
}","{
  ""coordinates"": [
    -83.104180544,
    42.30753952
  ],
  ""type"": ""Point""
}",-83.104180544,42.30753952
20301,1381276,DEVONSHIRE,CORNWALL,2018-05-24,24,5,2018,19,5,9,9,,,2,,1,1,1,25,2,2,0,5,0,0,0,0,true,false,false,false,true,false,false,false,false,false,false,false,false,false,false,false,false,false,false,false,false,false,-82.94161,42.40119,"{
  ""coordinates"": [
    -8.294161477283440e+01,
    4.240119089974540e+01
  ],
  ""type"": ""Point""
}","{
  ""coordinates"": [
    -82.941614773,
    42.4011909
  ],
  ""type"": ""Point""
}",-82.941614773,42.4011909000001
20302,1382734,S M 10,LINWOOD,2018-05-24,24,5,2018,17,5,5,3,,1,0,Concrete,1,1,1,55,3,3,1,5,0,0,0,0,true,false,false,false,true,false,false,false,false,false,false,false,false,false,false,false,false,false,false,false,false,false,-83.12745,42.40508,"{
  ""coordinates"": [
    -8.312745146226420e+01,
    4.240507882949170e+01
  ],
  ""type"": ""Point""
}","{
  ""coordinates"": [
    -83.127451462,
    42.405078829
  ],
  ""type"": ""Point""
}",-83.127451462,42.405078829
20303,1382724,TACOMA,HOYT,2018-05-24,24,5,2018,8,5,4,9,,,0,,1,1,1,25,2,2,3,4,0,0,0,1,false,false,false,false,false,false,false,false,false,false,false,false,false,true,false,false,false,false,false,false,false,false,-82.98044,42.44151,"{
  ""coordinates"": [
    -8.298044103928700e+01,
    4.244151362938270e+01
  ],
  ""type"": ""Point""
}","{
  ""coordinates"": [
    -82.980441039,
    42.441513629
  ],
  ""type"": ""Point""
}",-82.980441039,42.441513629
20304,1389500,N M 39,RAMP 006B,2018-05-24,24,5,2018,8,5,5,3,,1,0,Asphalt,1,1,1,55,3,2,2,5,0,0,0,0,true,false,false,false,false,false,false,false,false,false,false,false,false,false,false,false,false,false,false,false,false,false,-83.21615,42.34626,"{
  ""coordinates"": [
    -8.321614888478889e+01,
    4.234625971111490e+01
  ],
  ""type"": ""Point""
}","{
  ""coordinates"": [
    -83.216148885,
    42.346259711
  ],
  ""type"": ""Point""
}",-83.2161488849999,42.3462597110001
20305,1562896,TRINITY,PICKFORD,2018-05-24,24,5,2018,1,5,9,9,,,2,,1,1,4,25,2,3,1,4,0,0,0,1,false,false,false,false,false,false,false,true,false,false,false,false,false,false,false,false,false,false,false,false,false,false,-83.24951,42.42446,"{
  ""coordinates"": [
    -8.324951245744580e+01,
    4.242446009402200e+01
  ],
  ""type"": ""Point""
}","{
  ""coordinates"": [
    -83.249512457,
    42.424460094
  ],
  ""type"": ""Point""
}",-83.249512457,42.424460094
20306,1398455,CAMPBELL,HOWARD,2018-05-24,24,5,2018,20,5,4,9,,,0,,1,1,1,25,2,2,2,5,0,0,0,0,true,false,false,false,false,false,false,false,false,true,false,false,false,false,true,false,false,false,false,false,false,false,-83.10043,42.31233,"{
  ""coordinates"": [
    -8.310042961706669e+01,
    4.231232764905390e+01
  ],
  ""type"": ""Point""
}","{
  ""coordinates"": [
    -83.100429617,
    42.312327649
  ],
  ""type"": ""Point""
}",-83.100429617,42.3123276490001
20307,1381281,JEFFERSON,ST AUBIN,2018-05-24,24,5,2018,22,5,4,9,,4,0,Asphalt,1,1,4,35,7,2,2,4,0,0,0,2,false,false,false,false,false,false,false,false,false,false,false,false,false,false,false,false,false,false,false,false,false,false,-83.02685,42.33643,"{
  ""coordinates"": [
    -8.302684710630631e+01,
    4.233643309784290e+01
  ],
  ""type"": ""Point""
}","{
  ""coordinates"": [
    -83.026847106,
    42.336433098
  ],
  ""type"": ""Point""
}",-83.0268471059999,42.336433098
20308,1381316,VAN DYKE,MCNICHOLS,2018-05-24,24,5,2018,22,5,5,3,,1,0,Asphalt,1,1,4,35,5,3,5,5,0,0,0,0,true,false,false,false,false,false,false,false,false,false,false,false,false,false,false,false,false,false,false,false,false,false,-83.02371,42.41956,"{
  ""coordinates"": [
    -8.302371533918910e+01,
    4.241956392714780e+01
  ],
  ""type"": ""Point""
}","{
  ""coordinates"": [
    -83.023715339,
    42.419563927
  ],
  ""type"": ""Point""
}",-83.023715339,42.4195639270001
20309,1385963,N/B M 39,MCNICHOLS,2018-05-24,24,5,2018,11,5,5,3,,1,0,Concrete,1,1,1,55,3,2,2,5,0,0,0,0,true,true,false,false,false,false,false,false,false,false,false,false,false,true,false,false,false,false,false,false,false,false,-83.2188,42.41846,"{
  ""coordinates"": [
    -8.321879370574450e+01,
    4.241845806804170e+01
  ],
  ""type"": ""Point""
}","{
  ""coordinates"": [
    -83.218793706,
    42.418458068
  ],
  ""type"": ""Point""
}",-83.218793706,42.4184580680001
20310,1393215,I-94,GRATIOT,2018-05-24,24,5,2018,7,5,5,1,,1,0,Asphalt,1,1,1,55,3,2,1,5,0,0,0,0,true,false,false,false,true,false,false,false,false,true,false,false,false,false,false,false,false,false,false,false,false,false,-83.00149,42.39223,"{
  ""coordinates"": [
    -8.300148764558320e+01,
    4.239222581826650e+01
  ],
  ""type"": ""Point""
}","{
  ""coordinates"": [
    -83.001487646,
    42.392225818
  ],
  ""type"": ""Point""
}",-83.001487646,42.392225818
20311,1387173,STATE FAIR,DEQUINDRE,2018-05-24,24,5,2018,15,5,5,9,,4,0,Asphalt,1,1,1,,4,2,2,5,0,0,0,0,true,false,false,false,false,false,false,false,false,false,false,false,false,false,false,false,false,false,false,false,false,false,-83.08324,42.44012,"{
  ""coordinates"": [
    -8.308323294343680e+01,
    4.244012449956820e+01
  ],
  ""type"": ""Point""
}","{
  ""coordinates"": [
    -83.083232943,
    42.4401245
  ],
  ""type"": ""Point""
}",-83.083232943,42.4401245
20312,1381259,JOY,HARTWELL,2018-05-24,24,5,2018,19,5,4,9,,4,0,Asphalt,1,1,1,30,4,2,2,2,0,1,0,1,false,false,false,false,false,false,false,false,false,true,false,false,false,false,false,false,false,false,false,false,false,false,-83.17146,42.35866,"{
  ""coordinates"": [
    -8.317145593509480e+01,
    4.235866327008740e+01
  ],
  ""type"": ""Point""
}","{
  ""coordinates"": [
    -83.171455935,
    42.35866327
  ],
  ""type"": ""Point""
}",-83.171455935,42.3586632700001
20313,1385045,M 39,7 MILE,2018-05-24,24,5,2018,11,5,5,3,,1,0,Concrete,1,1,1,55,3,2,4,1,1,0,0,3,false,false,false,false,false,false,false,false,false,false,false,false,false,true,false,false,false,false,false,false,false,false,-83.21928,42.43115,"{
  ""coordinates"": [
    -8.321927610684401e+01,
    4.243114817151610e+01
  ],
  ""type"": ""Point""
}","{
  ""coordinates"": [
    -83.219276107,
    42.431148172
  ],
  ""type"": ""Point""
}",-83.219276107,42.4311481720001
20314,1382759,SANTA ROSA,SANTA MARIA,2018-05-24,24,5,2018,16,5,97,9,,,0,,1,1,1,,2,2,2,2,0,2,0,0,false,false,false,false,false,false,false,false,false,false,false,false,false,false,false,false,false,false,false,false,false,false,-83.14309,42.41894,"{
  ""coordinates"": [
    -8.314308900704610e+01,
    4.241893858759150e+01
  ],
  ""type"": ""Point""
}","{
  ""coordinates"": [
    -83.143089007,
    42.418938588
  ],
  ""type"": ""Point""
}",-83.143089007,42.4189385880001
20315,1382705,DAVISON,DAVISON,2018-05-24,24,5,2018,12,5,8,3,,1,0,Asphalt,1,1,1,30,3,2,1,5,0,0,0,0,true,false,false,false,false,false,false,false,false,false,false,false,false,false,false,false,false,false,false,false,false,false,-83.13727,42.38731,"{
  ""coordinates"": [
    -8.313726462268539e+01,
    4.238730486935830e+01
  ],
  ""type"": ""Point""
}","{
  ""coordinates"": [
    -83.137264623,
    42.387304869
  ],
  ""type"": ""Point""
}",-83.137264623,42.387304869
20316,1381273,COYLE,FLORENCE,2018-05-24,24,5,2018,7,5,97,9,,,0,,1,1,1,25,2,2,3,5,0,0,0,0,true,false,true,false,true,false,false,false,false,false,false,false,false,false,false,false,false,false,false,false,false,false,-83.19427,42.41122,"{
  ""coordinates"": [
    -8.319426524517620e+01,
    4.241122238297560e+01
  ],
  ""type"": ""Point""
}","{
  ""coordinates"": [
    -83.194265245,
    42.411222383
  ],
  ""type"": ""Point""
}",-83.1942652449999,42.4112223830001
20317,1381290,GRAND RIVER,TELEGRAPH,2018-05-24,24,5,2018,23,5,8,3,,1,0,Asphalt,1,1,4,35,4,2,1,5,0,0,0,0,true,false,false,false,true,false,false,false,false,false,false,false,false,false,false,false,false,false,false,false,false,false,-83.27798,42.42445,"{
  ""coordinates"": [
    -8.327798380413800e+01,
    4.242444822635290e+01
  ],
  ""type"": ""Point""
}","{
  ""coordinates"": [
    -83.277983804,
    42.424448226
  ],
  ""type"": ""Point""
}",-83.277983804,42.424448226
20318,1382690,THIRD,GLADSTONE,2018-05-24,24,5,2018,19,5,1,9,,4,0,Asphalt,1,1,1,25,4,2,2,2,0,1,0,0,false,false,false,false,false,true,false,false,false,false,false,false,false,true,false,false,false,false,false,false,true,false,-83.08607,42.37813,"{
  ""coordinates"": [
    -8.308606933585830e+01,
    4.237813057811070e+01
  ],
  ""type"": ""Point""
}","{
  ""coordinates"": [
    -83.086069336,
    42.378130578
  ],
  ""type"": ""Point""
}",-83.086069336,42.378130578
20319,1381318,GRIGGS,PURITAN,2018-05-24,24,5,2018,14,5,4,9,,,0,,1,1,1,25,1,2,4,5,0,0,0,0,true,false,false,false,true,false,false,false,false,false,false,false,false,false,false,false,false,false,false,false,false,false,-83.16328,42.41019,"{
  ""coordinates"": [
    -8.316327577526010e+01,
    4.241019601010860e+01
  ],
  ""type"": ""Point""
}","{
  ""coordinates"": [
    -83.163275775,
    42.41019601
  ],
  ""type"": ""Point""
}",-83.163275775,42.41019601
20320,1381300,FILBERT,DICKERSON,2018-05-24,24,5,2018,2,5,4,9,,,0,,1,1,4,25,1,2,2,5,0,0,0,0,true,false,true,false,true,false,false,false,false,false,false,false,false,false,false,false,false,false,false,false,false,false,-82.98359,42.41883,"{
  ""coordinates"": [
    -8.298358621649859e+01,
    4.241883512959710e+01
  ],
  ""type"": ""Point""
}","{
  ""coordinates"": [
    -82.983586216,
    42.41883513
  ],
  ""type"": ""Point""
}",-82.9835862159999,42.41883513
20321,1382736,CHICAGO,14TH,2018-05-24,24,5,2018,15,5,4,9,,4,0,Asphalt,1,1,1,25,2,2,4,4,0,0,0,1,false,false,true,true,false,false,false,false,false,false,false,false,false,false,false,false,false,false,false,true,false,false,-83.10517,42.3786,"{
  ""coordinates"": [
    -8.310517218317250e+01,
    4.237859825093560e+01
  ],
  ""type"": ""Point""
}","{
  ""coordinates"": [
    -83.105172183,
    42.378598251
  ],
  ""type"": ""Point""
}",-83.105172183,42.378598251
20322,1400848,WARREN,WOODMONT,2018-05-24,24,5,2018,5,5,8,9,,2,0,Asphalt,1,1,4,35,4,2,1,4,0,0,0,1,false,false,false,false,true,false,false,false,false,false,false,false,false,false,true,false,false,false,false,false,false,false,-83.20718,42.34352,"{
  ""coordinates"": [
    -8.320718742728830e+01,
    4.234351562113080e+01
  ],
  ""type"": ""Point""
}","{
  ""coordinates"": [
    -83.207187427,
    42.343515621
  ],
  ""type"": ""Point""
}",-83.207187427,42.3435156210001
20323,1381311,TERREL,HOUSE,2018-05-24,24,5,2018,17,5,4,9,,,0,,1,1,1,25,2,2,2,5,0,0,0,0,true,false,false,false,false,false,false,false,false,false,false,false,false,false,false,false,false,false,false,false,false,false,-83.02211,42.43485,"{
  ""coordinates"": [
    -8.302210931403590e+01,
    4.243485178792620e+01
  ],
  ""type"": ""Point""
}","{
  ""coordinates"": [
    -83.022109314,
    42.434851788
  ],
  ""type"": ""Point""
}",-83.022109314,42.4348517880001
20324,1415382,PINEHURST,CLARITA,2018-05-24,24,5,2018,22,5,5,9,,,0,,1,1,4,25,1,2,1,5,0,0,0,0,true,false,false,false,false,false,false,false,false,false,false,false,false,false,false,false,false,false,false,false,false,false,-83.16745,42.42893,"{
  ""coordinates"": [
    -8.316744622167410e+01,
    4.242893015094750e+01
  ],
  ""type"": ""Point""
}","{
  ""coordinates"": [
    -83.167446222,
    42.428930151
  ],
  ""type"": ""Point""
}",-83.167446222,42.428930151
20325,1385044,RAMP 119A,S M 10,2018-05-24,24,5,2018,10,5,5,3,,1,0,Asphalt,1,1,1,55,2,2,3,5,0,0,0,0,true,false,false,false,false,false,false,false,false,false,false,false,false,false,true,false,false,false,false,false,false,false,-83.07338,42.35331,"{
  ""coordinates"": [
    -8.307338128692700e+01,
    4.235331107001000e+01
  ],
  ""type"": ""Point""
}","{
  ""coordinates"": [
    -83.073381287,
    42.35331107
  ],
  ""type"": ""Point""
}",-83.073381287,42.3533110700001
20326,1381308,STATE FAIR,WESTPHALIA,2018-05-24,24,5,2018,8,5,9,9,,4,2,Asphalt,1,1,1,25,2,2,0,5,0,0,0,0,true,false,false,false,false,false,false,false,false,false,false,false,false,false,false,false,false,false,false,false,false,false,-82.99277,42.44201,"{
  ""coordinates"": [
    -8.299276886414140e+01,
    4.244200401914840e+01
  ],
  ""type"": ""Point""
}","{
  ""coordinates"": [
    -82.992768864,
    42.442004019
  ],
  ""type"": ""Point""
}",-82.992768864,42.4420040190001
20327,1381292,EVERGREEN,GROVE,2018-05-24,24,5,2018,17,5,4,9,,4,0,Asphalt,1,1,1,45,4,2,2,3,0,0,2,0,false,false,true,false,true,false,false,false,false,false,false,false,false,false,false,false,false,false,false,false,false,false,-83.2381,42.4134,"{
  ""coordinates"": [
    -8.323809457244521e+01,
    4.241339836690910e+01
  ],
  ""type"": ""Point""
}","{
  ""coordinates"": [
    -83.238094572,
    42.413398367
  ],
  ""type"": ""Point""
}",-83.238094572,42.4133983670001
20328,1382721,8 MILE,KELLY,2018-05-24,24,5,2018,15,5,1,3,,1,0,Asphalt,1,1,1,40,8,2,1,4,0,0,0,1,false,false,true,true,true,false,false,false,false,false,false,false,false,false,false,false,false,false,false,false,true,false,-82.94135,42.45023,"{
  ""coordinates"": [
    -8.294134858987481e+01,
    4.245022858150410e+01
  ],
  ""type"": ""Point""
}","{
  ""coordinates"": [
    -82.94134859,
    42.450228582
  ],
  ""type"": ""Point""
}",-82.94134859,42.4502285820001
20329,1381262,S M 10,7 MILE,2018-05-24,24,5,2018,14,5,8,3,,1,0,Concrete,1,1,1,55,4,2,1,5,0,0,0,0,true,false,false,false,true,false,false,false,false,false,false,false,false,false,false,false,false,false,false,false,false,false,-83.18699,42.43067,"{
  ""coordinates"": [
    -8.318698821790881e+01,
    4.243066648644510e+01
  ],
  ""type"": ""Point""
}","{
  ""coordinates"": [
    -83.186988218,
    42.430666486
  ],
  ""type"": ""Point""
}",-83.186988218,42.4306664860001
20330,1383380,24TH,MARTIN LUTHER KING JR,2018-05-24,24,5,2018,14,5,4,9,,4,0,Asphalt,1,1,1,35,5,2,1,4,0,0,0,1,false,false,false,false,true,false,false,false,false,false,false,false,false,false,false,false,false,false,false,false,false,false,-83.09431,42.3349,"{
  ""coordinates"": [
    -8.309430479392449e+01,
    4.233490138746620e+01
  ],
  ""type"": ""Point""
}","{
  ""coordinates"": [
    -83.094304794,
    42.334901387
  ],
  ""type"": ""Point""
}",-83.094304794,42.3349013870001
20331,1381294,FENKELL,ASBURY,2018-05-24,24,5,2018,23,5,4,9,,2,0,Asphalt,1,1,4,35,4,2,2,3,0,0,1,0,false,false,false,false,false,false,false,false,false,false,false,false,false,false,false,false,false,false,false,false,false,false,-83.2086,42.40129,"{
  ""coordinates"": [
    -8.320859312799389e+01,
    4.240128808412570e+01
  ],
  ""type"": ""Point""
}","{
  ""coordinates"": [
    -83.208593128,
    42.401288084
  ],
  ""type"": ""Point""
}",-83.208593128,42.401288084
20332,1387086,M-39,TIREMAN,2018-05-24,24,5,2018,17,5,5,3,,1,0,Asphalt,1,1,1,55,3,2,2,4,0,0,0,2,false,false,false,false,false,false,false,false,false,false,false,false,false,false,false,false,false,false,false,false,false,false,-83.21626,42.35145,"{
  ""coordinates"": [
    -8.321626402791060e+01,
    4.235144699859660e+01
  ],
  ""type"": ""Point""
}","{
  ""coordinates"": [
    -83.216264028,
    42.351446999
  ],
  ""type"": ""Point""
}",-83.216264028,42.3514469990001
20333,1428887,SOUTHFIELD SERVICE DRIVE,7 MILE,2018-05-24,24,5,2018,21,5,5,9,,4,0,Asphalt,98,98,98,35,2,2,1,5,0,0,0,0,true,false,false,false,true,false,false,false,false,false,false,false,false,false,false,false,false,false,false,false,false,false,-83.21975,42.42999,"{
  ""coordinates"": [
    -8.321974938734570e+01,
    4.242998866212100e+01
  ],
  ""type"": ""Point""
}","{
  ""coordinates"": [
    -83.219749387,
    42.429988662
  ],
  ""type"": ""Point""
}",-83.219749387,42.429988662
20334,1382747,HEALY,LANTZ,2018-05-24,24,5,2018,19,5,4,9,,,0,,1,1,1,,1,2,1,5,0,0,0,0,true,true,false,false,false,false,false,false,false,false,false,false,false,true,false,false,false,false,false,false,false,false,-83.05608,42.43849,"{
  ""coordinates"": [
    -8.305607714861480e+01,
    4.243848743352960e+01
  ],
  ""type"": ""Point""
}","{
  ""coordinates"": [
    -83.056077149,
    42.438487434
  ],
  ""type"": ""Point""
}",-83.056077149,42.4384874340001
20335,1388452,JOHN R,7 MILE,2018-05-24,24,5,2018,21,5,97,9,,4,0,Asphalt,1,1,3,,2,3,1,5,0,0,0,0,true,false,true,true,true,false,false,false,false,false,false,false,false,false,false,false,false,false,false,false,false,false,-83.10238,42.43213,"{
  ""coordinates"": [
    -8.310237518949630e+01,
    4.243212520111490e+01
  ],
  ""type"": ""Point""
}","{
  ""coordinates"": [
    -83.102375189,
    42.432125201
  ],
  ""type"": ""Point""
}",-83.102375189,42.4321252010001
20336,1382682,MICHIGAN,GRAND,2018-05-24,24,5,2018,12,5,4,2,,1,0,Asphalt,1,1,1,35,5,2,2,4,0,0,0,1,false,false,true,true,false,false,false,false,false,false,false,false,false,false,false,false,false,false,false,false,false,false,-83.09536,42.33135,"{
  ""coordinates"": [
    -8.309536211316160e+01,
    4.233134677882530e+01
  ],
  ""type"": ""Point""
}","{
  ""coordinates"": [
    -83.095362113,
    42.331346779
  ],
  ""type"": ""Point""
}",-83.095362113,42.3313467790001
20337,1388357,DAVISON,LIVERNOIS,2018-05-24,24,5,2018,22,5,5,3,,1,0,Concrete,1,1,1,30,4,2,2,5,0,0,0,0,true,false,false,false,true,false,false,false,false,false,false,false,false,false,false,false,false,false,false,false,false,false,-83.13952,42.38669,"{
  ""coordinates"": [
    -8.313951996198560e+01,
    4.238669228343860e+01
  ],
  ""type"": ""Point""
}","{
  ""coordinates"": [
    -83.139519962,
    42.386692283
  ],
  ""type"": ""Point""
}",-83.139519962,42.3866922830001
20338,1381279,PIERSON,CATHEDRAL,2018-05-24,24,5,2018,2,5,9,9,,,2,,1,1,4,25,2,3,1,5,0,0,0,0,true,false,false,false,true,false,false,false,false,false,false,false,false,false,false,false,false,false,false,false,false,false,-83.24462,42.36153,"{
  ""coordinates"": [
    -8.324462158706081e+01,
    4.236153319422790e+01
  ],
  ""type"": ""Point""
}","{
  ""coordinates"": [
    -83.244621587,
    42.361533194
  ],
  ""type"": ""Point""
}",-83.244621587,42.3615331940001
20339,1381280,GRATIOT,MCDOUGALL,2018-05-24,24,5,2018,16,5,3,3,,1,0,Asphalt,1,1,1,35,7,2,3,4,0,0,0,1,false,false,false,false,false,false,false,false,false,false,false,false,false,false,false,false,false,false,false,false,false,false,-83.02899,42.35716,"{
  ""coordinates"": [
    -8.302898909343260e+01,
    4.235716371780190e+01
  ],
  ""type"": ""Point""
}","{
  ""coordinates"": [
    -83.028989093,
    42.357163718
  ],
  ""type"": ""Point""
}",-83.028989093,42.357163718
20340,1386019,DAVISON,CONLEY,2018-05-24,24,5,2018,15,5,3,9,,4,0,Asphalt,1,1,1,30,6,2,4,4,0,0,0,2,false,false,false,false,false,false,false,false,false,false,false,false,false,true,false,false,false,false,false,false,false,false,-83.05176,42.41924,"{
  ""coordinates"": [
    -8.305175443035290e+01,
    4.241923528162490e+01
  ],
  ""type"": ""Point""
}","{
  ""coordinates"": [
    -83.05175443,
    42.419235282
  ],
  ""type"": ""Point""
}",-83.05175443,42.419235282
20341,1390510,S I 75,CLIFFORD,2018-05-24,24,5,2018,21,5,1,1,,1,1,Concrete,1,1,5,55,2,1,1,5,0,0,0,0,true,false,false,false,false,false,false,false,false,true,false,false,false,false,true,false,false,false,false,false,false,false,-83.05526,42.33899,"{
  ""coordinates"": [
    -8.305525921857949e+01,
    4.233898864697720e+01
  ],
  ""type"": ""Point""
}","{
  ""coordinates"": [
    -83.055259219,
    42.338988647
  ],
  ""type"": ""Point""
}",-83.0552592189999,42.3389886470001
20342,1382751,PEMBROKE,JAMES COUZENS,2018-05-24,24,5,2018,18,5,8,9,,4,0,Asphalt,1,1,1,25,4,2,1,4,0,0,0,1,false,false,false,false,true,false,false,false,false,false,false,true,false,false,false,false,false,false,false,false,false,false,-83.194,42.43784,"{
  ""coordinates"": [
    -8.319400320543581e+01,
    4.243783477587120e+01
  ],
  ""type"": ""Point""
}","{
  ""coordinates"": [
    -83.194003205,
    42.437834776
  ],
  ""type"": ""Point""
}",-83.1940032049999,42.437834776
20343,1382706,N M 39,TIREMAN,2018-05-24,24,5,2018,15,5,8,3,,1,0,Asphalt,1,1,1,,2,2,1,5,0,0,0,0,true,false,false,false,true,false,false,false,false,false,false,false,false,false,false,false,false,false,false,false,false,false,-83.21626,42.35082,"{
  ""coordinates"": [
    -8.321626514629919e+01,
    4.235082391167310e+01
  ],
  ""type"": ""Point""
}","{
  ""coordinates"": [
    -83.216265146,
    42.350823912
  ],
  ""type"": ""Point""
}",-83.216265146,42.3508239120001
20344,1392363,SAINT MARYS,WARREN,2018-05-24,24,5,2018,14,5,8,9,,,0,,1,1,1,25,2,2,3,5,0,0,0,0,true,false,false,false,false,false,false,true,false,false,true,false,false,false,false,true,false,false,true,false,false,false,-83.20364,42.34351,"{
  ""coordinates"": [
    -8.320363900360960e+01,
    4.234351448645350e+01
  ],
  ""type"": ""Point""
}","{
  ""coordinates"": [
    -83.203639004,
    42.343514486
  ],
  ""type"": ""Point""
}",-83.203639004,42.3435144860001
20345,1381258,WYOMING,SCHOOLCRAFT,2018-05-24,24,5,2018,14,5,4,9,,4,0,Asphalt,1,1,1,30,4,2,2,5,0,0,0,0,true,false,false,false,false,false,false,false,false,false,false,false,false,false,false,true,false,false,false,false,false,false,-83.15907,42.38852,"{
  ""coordinates"": [
    -8.315907163196030e+01,
    4.238851892206540e+01
  ],
  ""type"": ""Point""
}","{
  ""coordinates"": [
    -83.159071632,
    42.388518922
  ],
  ""type"": ""Point""
}",-83.159071632,42.3885189220001
20346,1382722,OUTER,ANNSBURY,2018-05-24,24,5,2018,9,5,4,9,,2,0,Asphalt,1,1,1,35,4,2,3,4,0,0,0,1,false,false,false,false,false,false,false,false,false,false,false,false,false,true,false,false,false,false,false,false,false,false,-82.98459,42.41011,"{
  ""coordinates"": [
    -8.298458925405120e+01,
    4.241011491957650e+01
  ],
  ""type"": ""Point""
}","{
  ""coordinates"": [
    -82.984589254,
    42.41011492
  ],
  ""type"": ""Point""
}",-82.984589254,42.4101149200001