ObjectId,Crash ID,Primary Road,Intersecting Road,Crash Date,Day,Month,Year,Hour,Weekday,Crash Type Code,Highway Classification Code,Community Code,Jurisdiction Code,Lane Departure Type Code,Surface Type,Road Condition,Weather Condition,Lighting Condition,Speed Limit,Lanes,Units,Occupants,Most Severe Injury,Fatal Injuries,Suspected Serious Injuries,Suspected Minor Injuries,Possible Injuries,Property Damage Only,Secondary Crash,Traffic Control,Red Light Run,Hit and Run,Alcohol,Drugs,Unbelted Person,Work Zone,Speeding Driver,Distracted Driver,Driveway,Pedestrian,Elderly Driver,Young Driver,Commercial Vehicle,Emergency Vehicles,Train,School Bus,Motorcycle,Bicycle,Deer,Longitude,Latitude,geom,geog,x,y
20347,1458806,FENKELL,SAINT MARYS,2018-05-24,24,5,2018,7,5,3,9,,2,0,Asphalt,1,1,1,35,2,2,2,4,0,0,0,1,false,false,true,true,true,false,false,false,false,false,true,false,false,false,false,false,false,false,false,false,false,false,-83.20642,42.40133,"{
  ""coordinates"": [
    -8.320642337302471e+01,
    4.240133084173550e+01
  ],
  ""type"": ""Point""
}","{
  ""coordinates"": [
    -83.206423373,
    42.401330842
  ],
  ""type"": ""Point""
}",-83.206423373,42.401330842
20348,1381305,CORAM,BROCK,2018-05-24,24,5,2018,18,5,97,9,,,3,,1,1,1,25,2,3,3,3,0,0,1,0,false,false,false,false,false,false,false,true,false,false,false,false,false,false,false,false,false,false,false,false,false,false,-82.96503,42.43811,"{
  ""coordinates"": [
    -8.296502500641030e+01,
    4.243811448479840e+01
  ],
  ""type"": ""Point""
}","{
  ""coordinates"": [
    -82.965025006,
    42.438114485
  ],
  ""type"": ""Point""
}",-82.965025006,42.438114485
20349,1381260,WYOMING,FULLERTON,2018-05-24,24,5,2018,23,5,4,9,,4,0,Asphalt,1,1,4,35,6,2,3,4,0,0,0,3,false,false,false,false,false,false,false,false,false,false,false,false,false,false,false,false,false,false,false,false,false,false,-83.15884,42.38074,"{
  ""coordinates"": [
    -8.315883414822601e+01,
    4.238073929169100e+01
  ],
  ""type"": ""Point""
}","{
  ""coordinates"": [
    -83.158834148,
    42.380739292
  ],
  ""type"": ""Point""
}",-83.158834148,42.380739292
20350,1381284,MOUNT ELLIOT,LARNED,2018-05-24,24,5,2018,18,5,8,9,,4,0,Asphalt,1,1,1,30,6,2,2,5,0,0,0,0,true,false,false,false,false,false,false,false,false,false,false,false,false,true,false,false,false,false,false,false,false,false,-83.01057,42.34456,"{
  ""coordinates"": [
    -8.301056957449001e+01,
    4.234455891847030e+01
  ],
  ""type"": ""Point""
}","{
  ""coordinates"": [
    -83.010569574,
    42.344558918
  ],
  ""type"": ""Point""
}",-83.010569574,42.3445589180001
20351,1381317,SAN JUAN,8 MILE,2018-05-23,23,5,2018,18,4,1,3,,,0,,1,1,1,25,5,2,2,5,0,0,0,0,true,false,false,false,false,false,false,false,false,false,false,false,false,false,false,false,false,false,false,false,true,false,-83.14769,42.44593,"{
  ""coordinates"": [
    -8.314768758822940e+01,
    4.244592605443250e+01
  ],
  ""type"": ""Point""
}","{
  ""coordinates"": [
    -83.147687588,
    42.445926054
  ],
  ""type"": ""Point""
}",-83.1476875879999,42.445926054
20352,1387078,E I 94,JUNCTION,2018-05-23,23,5,2018,19,4,8,1,,1,0,Asphalt,1,1,1,55,3,2,1,5,0,0,0,0,true,false,false,false,true,false,false,false,false,false,false,false,false,false,false,true,false,false,false,false,false,false,-83.11824,42.34042,"{
  ""coordinates"": [
    -8.311823972718310e+01,
    4.234041793104860e+01
  ],
  ""type"": ""Point""
}","{
  ""coordinates"": [
    -83.118239727,
    42.340417931
  ],
  ""type"": ""Point""
}",-83.1182397269999,42.340417931
20353,1392375,JOY,ABINGTON,2018-05-23,23,5,2018,13,4,4,9,,4,0,Asphalt,1,1,1,30,6,2,5,5,0,0,0,0,true,false,false,false,true,false,false,false,false,false,false,false,false,false,false,false,false,false,false,false,false,false,-83.21081,42.37237,"{
  ""coordinates"": [
    -8.321080761404390e+01,
    4.237237031616080e+01
  ],
  ""type"": ""Point""
}","{
  ""coordinates"": [
    -83.210807614,
    42.372370316
  ],
  ""type"": ""Point""
}",-83.210807614,42.3723703160001
20354,1382700,MINERVA,NEFF,2018-05-23,23,5,2018,23,4,9,9,,,2,,1,1,5,25,2,2,3,3,0,0,2,0,false,false,false,false,true,false,false,false,false,false,false,false,false,false,false,false,false,false,false,false,false,false,-82.93161,42.4176,"{
  ""coordinates"": [
    -8.293160822771380e+01,
    4.241759867890120e+01
  ],
  ""type"": ""Point""
}","{
  ""coordinates"": [
    -82.931608228,
    42.417598679
  ],
  ""type"": ""Point""
}",-82.931608228,42.417598679
20355,1380410,LASALLE,PHILADELPHIA,2018-05-23,23,5,2018,18,4,5,9,,,0,,1,1,1,25,6,2,2,5,0,0,0,0,true,false,false,false,true,false,false,false,false,false,false,false,false,false,false,false,false,false,false,false,false,false,-83.10214,42.36919,"{
  ""coordinates"": [
    -8.310213986296060e+01,
    4.236919036808830e+01
  ],
  ""type"": ""Point""
}","{
  ""coordinates"": [
    -83.102139863,
    42.369190368
  ],
  ""type"": ""Point""
}",-83.1021398629999,42.369190368
20356,1389513,N M 10,WEBB,2018-05-23,23,5,2018,8,4,1,3,,1,0,Concrete,1,1,1,55,4,1,1,5,0,0,0,0,true,true,false,false,false,false,false,false,false,false,false,false,false,false,true,false,false,false,false,false,false,false,-83.10195,42.3876,"{
  ""coordinates"": [
    -8.310194998484521e+01,
    4.238759505826500e+01
  ],
  ""type"": ""Point""
}","{
  ""coordinates"": [
    -83.101949985,
    42.387595058
  ],
  ""type"": ""Point""
}",-83.101949985,42.387595058
20357,1387138,MOROSS,CHESTER,2018-05-23,23,5,2018,9,4,4,9,,2,0,Asphalt,1,1,1,35,2,2,5,4,0,0,0,3,false,false,false,false,false,false,false,false,false,true,false,false,false,false,false,false,false,false,false,false,false,false,-82.92296,42.42221,"{
  ""coordinates"": [
    -8.292295954530989e+01,
    4.242220716512320e+01
  ],
  ""type"": ""Point""
}","{
  ""coordinates"": [
    -82.922959545,
    42.422207165
  ],
  ""type"": ""Point""
}",-82.922959545,42.422207165
20358,1387145,CONNER,W I 94,2018-05-23,23,5,2018,7,4,8,9,,4,0,Asphalt,1,1,1,30,2,2,2,5,0,0,0,0,true,false,false,false,false,false,false,false,false,false,false,false,false,false,false,false,false,false,false,false,false,false,-82.98918,42.39553,"{
  ""coordinates"": [
    -8.298918247449190e+01,
    4.239552699136950e+01
  ],
  ""type"": ""Point""
}","{
  ""coordinates"": [
    -82.989182474,
    42.395526991
  ],
  ""type"": ""Point""
}",-82.989182474,42.3955269910001
20359,1380399,KELLY,HAZELRIDGE,2018-05-23,23,5,2018,10,4,4,9,,4,0,Asphalt,1,1,1,30,2,2,2,4,0,0,0,1,false,false,false,false,true,false,false,false,false,false,false,false,false,false,false,false,false,false,false,false,false,false,-82.96047,42.42479,"{
  ""coordinates"": [
    -8.296047213100630e+01,
    4.242478852500710e+01
  ],
  ""type"": ""Point""
}","{
  ""coordinates"": [
    -82.960472131,
    42.424788525
  ],
  ""type"": ""Point""
}",-82.960472131,42.4247885250001
20360,1381268,MICHIGAN,LAWNDALE,2018-05-23,23,5,2018,23,4,2,2,,1,2,Asphalt,1,1,4,35,4,2,3,3,0,0,1,0,false,false,false,false,false,false,false,false,false,false,false,false,false,false,true,false,false,false,false,false,false,false,-83.14848,42.32984,"{
  ""coordinates"": [
    -8.314847915357480e+01,
    4.232983950387900e+01
  ],
  ""type"": ""Point""
}","{
  ""coordinates"": [
    -83.148479154,
    42.329839504
  ],
  ""type"": ""Point""
}",-83.148479154,42.3298395040001
20361,1380378,MARTIN LUTHER KING JR,CASS,2018-05-23,23,5,2018,9,4,8,9,,4,0,Asphalt,1,1,1,25,2,2,1,5,0,0,0,0,true,false,false,false,true,false,false,false,false,false,false,false,false,false,false,false,false,false,false,false,false,false,-83.06064,42.34555,"{
  ""coordinates"": [
    -8.306063468269450e+01,
    4.234555267024930e+01
  ],
  ""type"": ""Point""
}","{
  ""coordinates"": [
    -83.060634683,
    42.34555267
  ],
  ""type"": ""Point""
}",-83.060634683,42.3455526700001
20362,1381278,CHALMERS,VERNOR,2018-05-23,23,5,2018,16,4,8,9,,4,0,Asphalt,1,1,1,30,1,2,1,5,0,0,0,0,true,false,false,false,true,false,false,false,false,false,false,false,false,false,false,false,false,false,false,false,false,false,-82.94904,42.38052,"{
  ""coordinates"": [
    -8.294903521241601e+01,
    4.238052284082530e+01
  ],
  ""type"": ""Point""
}","{
  ""coordinates"": [
    -82.949035212,
    42.380522841
  ],
  ""type"": ""Point""
}",-82.949035212,42.3805228410001
20363,1382743,LIVERNOIS,GRAND RIVER,2018-05-23,23,5,2018,4,4,5,3,,4,0,Concrete,1,1,4,35,5,2,2,5,0,0,0,0,true,false,false,false,false,false,false,false,false,false,true,false,false,false,false,false,false,false,false,false,false,false,-83.1388,42.36866,"{
  ""coordinates"": [
    -8.313880209307899e+01,
    4.236866476293010e+01
  ],
  ""type"": ""Point""
}","{
  ""coordinates"": [
    -83.138802093,
    42.368664763
  ],
  ""type"": ""Point""
}",-83.138802093,42.368664763
20364,1380409,DAVISON CROSSOVER,LIVERNOISE,2018-05-23,23,5,2018,7,4,5,3,,1,0,Concrete,1,1,1,35,2,2,2,5,0,0,0,0,true,false,false,false,false,false,false,false,false,false,false,false,false,false,false,false,false,false,false,false,false,false,-83.13982,42.38668,"{
  ""coordinates"": [
    -8.313981261820069e+01,
    4.238667866578940e+01
  ],
  ""type"": ""Point""
}","{
  ""coordinates"": [
    -83.139812618,
    42.386678666
  ],
  ""type"": ""Point""
}",-83.139812618,42.3866786660001
20365,1381288,MACK,CHENE,2018-05-23,23,5,2018,14,4,5,9,,4,0,Asphalt,1,1,1,30,2,2,2,5,0,0,0,0,true,false,false,false,false,false,false,false,false,false,false,false,false,false,false,false,false,false,false,false,false,false,-83.0346,42.35654,"{
  ""coordinates"": [
    -8.303460305632750e+01,
    4.235654198624760e+01
  ],
  ""type"": ""Point""
}","{
  ""coordinates"": [
    -83.034603056,
    42.356541986
  ],
  ""type"": ""Point""
}",-83.034603056,42.356541986
20366,1392338,M 39,WARREN,2018-05-23,23,5,2018,18,4,5,3,,1,0,Asphalt,1,1,1,55,3,3,3,5,0,0,0,0,true,false,false,false,true,false,false,false,false,false,false,false,false,false,false,false,false,false,false,true,false,false,-83.21622,42.34309,"{
  ""coordinates"": [
    -8.321621967742530e+01,
    4.234309240359580e+01
  ],
  ""type"": ""Point""
}","{
  ""coordinates"": [
    -83.216219677,
    42.343092404
  ],
  ""type"": ""Point""
}",-83.216219677,42.3430924040001
20367,1380379,SAINT ANTOINE,KIRBY,2018-05-23,23,5,2018,13,4,97,9,,4,0,Concrete,1,1,1,25,2,2,2,5,0,0,0,0,true,false,false,false,false,false,false,false,false,false,false,false,false,false,true,false,false,false,false,false,false,false,-83.0591,42.36292,"{
  ""coordinates"": [
    -8.305909462373550e+01,
    4.236291855140050e+01
  ],
  ""type"": ""Point""
}","{
  ""coordinates"": [
    -83.059094624,
    42.362918551
  ],
  ""type"": ""Point""
}",-83.059094624,42.3629185510001
20368,1380377,N M 10,N JOHN C LODGE/S JOHN C LODGE,2018-05-23,23,5,2018,16,4,8,3,,1,0,Concrete,1,1,1,30,3,2,2,5,0,0,0,0,true,false,false,false,false,false,false,false,false,false,false,false,false,false,false,false,false,false,false,false,false,false,-83.0718,42.35113,"{
  ""coordinates"": [
    -8.307180387203060e+01,
    4.235112722594340e+01
  ],
  ""type"": ""Point""
}","{
  ""coordinates"": [
    -83.071803872,
    42.351127226
  ],
  ""type"": ""Point""
}",-83.071803872,42.3511272260001
20369,1382704,EVERGREEN,PLYMOUTH,2018-05-23,23,5,2018,16,4,8,9,,4,0,Asphalt,1,1,1,,2,2,2,5,0,0,0,0,true,false,false,false,false,false,false,false,false,false,false,false,false,false,false,false,false,false,false,false,false,false,-83.23627,42.37209,"{
  ""coordinates"": [
    -8.323626406823639e+01,
    4.237209069048020e+01
  ],
  ""type"": ""Point""
}","{
  ""coordinates"": [
    -83.236264068,
    42.37209069
  ],
  ""type"": ""Point""
}",-83.236264068,42.3720906900001
20370,1392373,BERG,NORFOLK,2018-05-23,23,5,2018,8,4,5,9,,4,0,Concrete,1,1,1,25,2,3,1,4,0,0,0,1,false,false,false,false,false,false,false,false,false,false,false,true,false,false,false,false,false,false,false,false,false,false,-83.26833,42.4401,"{
  ""coordinates"": [
    -8.326833617553829e+01,
    4.244009851560900e+01
  ],
  ""type"": ""Point""
}","{
  ""coordinates"": [
    -83.268336176,
    42.440098516
  ],
  ""type"": ""Point""
}",-83.2683361759999,42.440098516
20371,1380416,MARGARETA,MEYERS,2018-05-23,23,5,2018,14,4,4,9,,,0,,1,1,1,25,2,2,3,4,0,0,0,2,false,false,false,false,false,false,false,false,false,false,false,false,false,true,false,false,false,false,false,false,false,false,-83.17057,42.42762,"{
  ""coordinates"": [
    -8.317056887551570e+01,
    4.242762306596070e+01
  ],
  ""type"": ""Point""
}","{
  ""coordinates"": [
    -83.170568876,
    42.427623066
  ],
  ""type"": ""Point""
}",-83.1705688759999,42.4276230660001
20372,1384189,CRANE,MOFFAT,2018-05-23,23,5,2018,14,4,8,9,,,0,,1,1,1,25,1,2,0,5,0,0,0,0,true,false,false,false,true,false,false,false,false,false,false,false,false,false,false,false,false,false,false,false,false,false,-83.00667,42.38162,"{
  ""coordinates"": [
    -8.300667110686790e+01,
    4.238161970851650e+01
  ],
  ""type"": ""Point""
}","{
  ""coordinates"": [
    -83.006671107,
    42.381619709
  ],
  ""type"": ""Point""
}",-83.006671107,42.3816197090001
20373,1381270,FORT,END,2018-05-23,23,5,2018,14,4,4,3,,1,0,Asphalt,1,1,1,35,2,2,2,5,0,0,0,0,true,true,false,false,false,false,false,false,false,false,false,false,false,true,false,false,false,false,false,false,false,false,-83.1192,42.30019,"{
  ""coordinates"": [
    -8.311920185047261e+01,
    4.230019353551630e+01
  ],
  ""type"": ""Point""
}","{
  ""coordinates"": [
    -83.11920185,
    42.300193536
  ],
  ""type"": ""Point""
}",-83.11920185,42.3001935360001
20374,1380406,LAWTON,GRAND,2018-05-23,23,5,2018,16,4,4,9,,,0,,1,1,1,25,2,2,1,5,0,0,0,0,true,false,true,false,true,false,false,false,false,false,false,false,false,false,false,false,false,false,false,false,false,false,-83.12582,42.39362,"{
  ""coordinates"": [
    -8.312582469961920e+01,
    4.239361422738320e+01
  ],
  ""type"": ""Point""
}","{
  ""coordinates"": [
    -83.1258247,
    42.393614227
  ],
  ""type"": ""Point""
}",-83.1258247,42.3936142270001
20375,1380366,SCHAEFER,BELTON,2018-05-23,23,5,2018,9,4,8,9,,4,3,Asphalt,1,1,1,35,3,2,0,5,0,0,0,0,true,false,false,false,true,false,false,false,false,false,false,false,false,false,false,false,false,false,false,false,false,false,-83.17728,42.35368,"{
  ""coordinates"": [
    -8.317728643238139e+01,
    4.235368126805610e+01
  ],
  ""type"": ""Point""
}","{
  ""coordinates"": [
    -83.177286432,
    42.353681268
  ],
  ""type"": ""Point""
}",-83.177286432,42.3536812680001
20376,1385058,JOY,GREENFIELD,2018-05-23,23,5,2018,9,4,97,9,,2,0,Asphalt,1,1,1,35,4,3,5,4,0,0,0,3,false,false,true,true,false,false,false,false,false,false,false,false,false,false,false,false,false,false,false,false,false,false,-83.197,42.35813,"{
  ""coordinates"": [
    -8.319699679163620e+01,
    4.235812925403600e+01
  ],
  ""type"": ""Point""
}","{
  ""coordinates"": [
    -83.196996792,
    42.358129254
  ],
  ""type"": ""Point""
}",-83.1969967919999,42.3581292540001
20377,1389465,N M 39,CHICAGO,2018-05-23,23,5,2018,14,4,5,3,,1,0,Asphalt,1,1,1,55,3,3,3,5,0,0,0,0,true,false,false,false,false,false,false,false,false,false,false,false,false,false,false,false,false,false,false,false,false,false,-83.21638,42.3651,"{
  ""coordinates"": [
    -8.321638059225410e+01,
    4.236509585423590e+01
  ],
  ""type"": ""Point""
}","{
  ""coordinates"": [
    -83.216380592,
    42.365095854
  ],
  ""type"": ""Point""
}",-83.216380592,42.3650958540001
20378,1387147,STAHELIN,WARREN,2018-05-23,23,5,2018,14,4,4,9,,,0,,1,1,1,25,2,2,1,5,0,0,0,0,true,false,false,false,true,false,false,false,false,false,false,false,false,false,true,false,false,false,false,false,false,false,-83.22431,42.34288,"{
  ""coordinates"": [
    -8.322431137647190e+01,
    4.234288359690240e+01
  ],
  ""type"": ""Point""
}","{
  ""coordinates"": [
    -83.224311376,
    42.342883597
  ],
  ""type"": ""Point""
}",-83.2243113759999,42.342883597
20379,1388330,ELMIRA,CHATHAM,2018-05-23,23,5,2018,14,4,4,9,,,0,,1,1,1,25,4,2,2,5,0,0,0,0,true,false,true,false,false,false,false,false,false,false,false,false,false,false,true,false,false,false,false,false,false,false,-83.26211,42.36917,"{
  ""coordinates"": [
    -8.326210743014100e+01,
    4.236917120869870e+01
  ],
  ""type"": ""Point""
}","{
  ""coordinates"": [
    -83.26210743,
    42.369171209
  ],
  ""type"": ""Point""
}",-83.26210743,42.3691712090001
20380,1387111,I 94,BRUSH,2018-05-23,23,5,2018,16,4,5,1,,1,0,Asphalt,1,1,1,55,3,2,2,4,0,0,0,1,false,false,false,false,false,false,false,false,false,false,false,false,false,false,false,false,false,false,false,false,false,false,-83.06543,42.36522,"{
  ""coordinates"": [
    -8.306543305823320e+01,
    4.236522156698990e+01
  ],
  ""type"": ""Point""
}","{
  ""coordinates"": [
    -83.065433058,
    42.365221567
  ],
  ""type"": ""Point""
}",-83.0654330579999,42.365221567
20381,1380407,14TH,LA BELLE,2018-05-23,23,5,2018,17,4,4,9,,4,0,Asphalt,1,1,1,30,3,2,2,5,0,0,0,0,true,false,false,false,false,false,false,false,false,false,false,false,false,false,false,false,false,false,false,false,false,false,-83.11852,42.39888,"{
  ""coordinates"": [
    -8.311851538558950e+01,
    4.239888443618180e+01
  ],
  ""type"": ""Point""
}","{
  ""coordinates"": [
    -83.118515386,
    42.398884436
  ],
  ""type"": ""Point""
}",-83.118515386,42.3988844360001
20382,1380414,MCNICOLS,GIRIDIN,2018-05-23,23,5,2018,12,4,4,9,,4,0,Asphalt,1,1,1,,2,2,2,5,0,0,0,0,true,true,false,false,false,false,false,false,false,false,false,false,false,false,false,false,false,false,false,false,false,false,-83.03427,42.41926,"{
  ""coordinates"": [
    -8.303427187201910e+01,
    4.241926198898620e+01
  ],
  ""type"": ""Point""
}","{
  ""coordinates"": [
    -83.034271872,
    42.419261989
  ],
  ""type"": ""Point""
}",-83.034271872,42.4192619890001
20383,1428067,SPRINGWELLS,LONGWORTH,2018-05-23,23,5,2018,12,4,5,9,,4,0,Asphalt,1,1,1,25,2,2,3,5,0,0,0,0,true,false,false,false,false,false,false,false,false,false,false,false,false,false,false,false,false,false,false,false,false,false,-83.12327,42.30596,"{
  ""coordinates"": [
    -8.312326713057590e+01,
    4.230596323894040e+01
  ],
  ""type"": ""Point""
}","{
  ""coordinates"": [
    -83.123267131,
    42.305963239
  ],
  ""type"": ""Point""
}",-83.123267131,42.3059632390001
20384,1380401,8 MILE,GRATIOT,2018-05-23,23,5,2018,13,4,8,3,,1,0,Asphalt,1,1,1,40,3,2,1,5,0,0,0,0,true,false,false,false,true,false,false,false,false,false,false,false,false,false,false,false,false,false,false,false,false,false,-82.96996,42.44973,"{
  ""coordinates"": [
    -8.296996362571170e+01,
    4.244973030248210e+01
  ],
  ""type"": ""Point""
}","{
  ""coordinates"": [
    -82.969963626,
    42.449730302
  ],
  ""type"": ""Point""
}",-82.969963626,42.449730302
20385,1382757,WASHBURN,MARGARETA,2018-05-23,23,5,2018,0,4,97,9,,,0,,1,1,4,25,2,3,3,2,0,3,0,0,false,false,true,false,false,true,false,false,false,false,false,false,false,false,false,false,false,false,false,false,false,false,-83.16192,42.42775,"{
  ""coordinates"": [
    -8.316191857357670e+01,
    4.242775434584070e+01
  ],
  ""type"": ""Point""
}","{
  ""coordinates"": [
    -83.161918574,
    42.427754346
  ],
  ""type"": ""Point""
}",-83.161918574,42.427754346
20386,1389464,I-96,EVERGREEN,2018-05-23,23,5,2018,6,4,5,1,,1,0,Concrete,1,1,1,55,3,2,2,5,0,0,0,0,true,false,false,false,false,false,false,false,false,false,false,false,false,false,false,false,false,false,false,false,false,false,-83.24371,42.38515,"{
  ""coordinates"": [
    -8.324371520214930e+01,
    4.238514703003550e+01
  ],
  ""type"": ""Point""
}","{
  ""coordinates"": [
    -83.243715202,
    42.38514703
  ],
  ""type"": ""Point""
}",-83.243715202,42.38514703
20387,1380408,TAYLOR,LINWOOD,2018-05-23,23,5,2018,18,4,1,9,,,1,,1,1,1,25,2,1,2,4,0,0,0,1,false,false,false,false,false,false,false,false,false,false,false,false,false,false,false,false,false,false,false,false,false,false,-83.10825,42.37206,"{
  ""coordinates"": [
    -8.310824650955119e+01,
    4.237205905302940e+01
  ],
  ""type"": ""Point""
}","{
  ""coordinates"": [
    -83.10824651,
    42.372059053
  ],
  ""type"": ""Point""
}",-83.10824651,42.372059053
20388,1390515,I-96,DAVISON,2018-05-23,23,5,2018,10,4,97,3,,1,0,Asphalt,1,1,1,70,4,2,2,4,0,0,0,1,false,false,false,false,false,false,false,false,false,true,false,false,false,false,false,false,false,false,false,false,false,false,-83.12992,42.39009,"{
  ""coordinates"": [
    -8.312992329430780e+01,
    4.239009425401600e+01
  ],
  ""type"": ""Point""
}","{
  ""coordinates"": [
    -83.129923294,
    42.390094254
  ],
  ""type"": ""Point""
}",-83.129923294,42.3900942540001
20389,1380402,MORANG,WHITEHILL,2018-05-23,23,5,2018,18,4,4,9,,4,0,Asphalt,1,1,1,,2,2,2,5,0,0,0,0,true,false,true,false,false,false,false,false,false,false,false,false,false,false,false,false,false,false,false,false,false,false,-82.95211,42.42699,"{
  ""coordinates"": [
    -8.295210896114710e+01,
    4.242698628837270e+01
  ],
  ""type"": ""Point""
}","{
  ""coordinates"": [
    -82.952108961,
    42.426986288
  ],
  ""type"": ""Point""
}",-82.952108961,42.4269862880001
20390,1387095,S M 39,CURTIS,2018-05-23,23,5,2018,17,4,5,3,,1,0,Concrete,1,1,1,55,3,3,2,5,0,0,0,0,true,false,false,false,true,false,false,false,false,false,false,false,false,false,false,false,false,false,false,false,false,false,-83.21909,42.42136,"{
  ""coordinates"": [
    -8.321909010265080e+01,
    4.242136497313940e+01
  ],
  ""type"": ""Point""
}","{
  ""coordinates"": [
    -83.219090103,
    42.421364973
  ],
  ""type"": ""Point""
}",-83.219090103,42.421364973
20391,1380396,HARPER,NORCROSS,2018-05-23,23,5,2018,14,4,6,9,,4,0,Asphalt,1,1,1,30,2,3,3,5,0,0,0,0,true,true,false,false,true,false,false,false,false,false,false,false,false,false,false,false,false,false,false,false,false,false,-82.98207,42.39951,"{
  ""coordinates"": [
    -8.298206951295390e+01,
    4.239951007006100e+01
  ],
  ""type"": ""Point""
}","{
  ""coordinates"": [
    -82.982069513,
    42.39951007
  ],
  ""type"": ""Point""
}",-82.9820695129999,42.3995100700001
20392,1403918,I 75,LIVERNOIS,2018-05-23,23,5,2018,8,4,8,1,,1,0,Concrete,1,1,1,55,3,2,2,5,0,0,0,0,true,false,false,false,false,false,false,false,true,false,false,false,false,false,false,true,false,false,false,false,false,false,-83.10745,42.30602,"{
  ""coordinates"": [
    -8.310745202732021e+01,
    4.230601788798470e+01
  ],
  ""type"": ""Point""
}","{
  ""coordinates"": [
    -83.107452027,
    42.306017888
  ],
  ""type"": ""Point""
}",-83.107452027,42.306017888
20393,1387080,I-75,NEVADA,2018-05-23,23,5,2018,6,4,8,1,,1,0,Asphalt,1,1,1,70,4,2,2,5,0,0,0,0,true,false,false,false,false,false,false,false,false,false,false,false,false,true,false,false,false,false,false,false,false,false,-83.08846,42.4187,"{
  ""coordinates"": [
    -8.308845211018210e+01,
    4.241870612908980e+01
  ],
  ""type"": ""Point""
}","{
  ""coordinates"": [
    -83.08845211,
    42.418706129
  ],
  ""type"": ""Point""
}",-83.0884521099999,42.418706129
20394,1380397,HOUSTON WHITTIER,QUEEN,2018-05-23,23,5,2018,7,4,6,9,,4,0,Asphalt,1,1,1,35,2,2,5,4,0,0,0,2,false,false,false,false,false,false,false,false,false,false,false,false,false,true,false,false,false,false,false,false,false,false,-82.9675,42.42075,"{
  ""coordinates"": [
    -8.296749633213339e+01,
    4.242074699685020e+01
  ],
  ""type"": ""Point""
}","{
  ""coordinates"": [
    -82.967496332,
    42.420746997
  ],
  ""type"": ""Point""
}",-82.9674963319999,42.420746997
20395,1411703,GRATIOT,MARCUS,2018-05-23,23,5,2018,9,4,5,3,,1,0,Asphalt,1,1,1,35,4,2,4,5,0,0,0,0,true,false,false,false,false,false,false,false,true,false,false,false,false,false,false,false,false,false,false,false,false,false,-83.00231,42.39755,"{
  ""coordinates"": [
    -8.300231280772620e+01,
    4.239754878510970e+01
  ],
  ""type"": ""Point""
}","{
  ""coordinates"": [
    -83.002312808,
    42.397548785
  ],
  ""type"": ""Point""
}",-83.0023128079999,42.397548785
20396,1381285,RAMP 216J,W I 94,2018-05-23,23,5,2018,22,4,5,1,,1,0,Concrete,1,2,4,55,4,2,2,5,0,0,0,0,true,false,false,false,true,false,false,false,false,false,false,false,false,false,false,false,false,false,false,false,false,false,-83.05775,42.36886,"{
  ""coordinates"": [
    -8.305774570053219e+01,
    4.236885654532100e+01
  ],
  ""type"": ""Point""
}","{
  ""coordinates"": [
    -83.057745701,
    42.368856545
  ],
  ""type"": ""Point""
}",-83.057745701,42.368856545
20397,1381309,DAVISON,WOODROW WILSON,2018-05-23,23,5,2018,17,4,5,3,,1,0,Asphalt,1,1,1,35,5,3,4,5,0,0,0,0,true,false,false,false,false,false,false,false,false,false,false,false,false,false,false,false,false,false,false,false,false,false,-83.11117,42.39737,"{
  ""coordinates"": [
    -8.311116946630619e+01,
    4.239736655477310e+01
  ],
  ""type"": ""Point""
}","{
  ""coordinates"": [
    -83.111169466,
    42.397366555
  ],
  ""type"": ""Point""
}",-83.111169466,42.3973665550001
20398,1380418,PURITAN,JAMES COUZENS,2018-05-23,23,5,2018,13,4,1,9,,4,0,Asphalt,1,1,1,30,2,1,2,4,0,0,0,1,false,false,false,false,false,false,false,false,false,false,false,false,false,false,false,false,false,false,false,false,false,false,-83.16539,42.40961,"{
  ""coordinates"": [
    -8.316538662048630e+01,
    4.240961113377780e+01
  ],
  ""type"": ""Point""
}","{
  ""coordinates"": [
    -83.16538662,
    42.409611134
  ],
  ""type"": ""Point""
}",-83.1653866199999,42.409611134
20399,1399329,N I 75,FORT,2018-05-23,23,5,2018,9,4,5,1,,1,0,Concrete,1,1,1,60,3,3,3,4,0,0,0,2,false,false,false,false,false,false,false,false,true,false,false,false,false,false,false,false,false,false,false,false,false,false,-83.15322,42.27824,"{
  ""coordinates"": [
    -8.315321814776981e+01,
    4.227823677521300e+01
  ],
  ""type"": ""Point""
}","{
  ""coordinates"": [
    -83.153218148,
    42.278236775
  ],
  ""type"": ""Point""
}",-83.153218148,42.278236775
20400,1399331,I 94,I 75,2018-05-23,23,5,2018,16,4,5,1,,1,0,Asphalt,1,1,1,55,3,3,4,5,0,0,0,0,true,false,false,false,false,false,false,false,false,false,false,false,false,false,false,false,false,false,false,false,false,false,-83.05976,42.36768,"{
  ""coordinates"": [
    -8.305976486142249e+01,
    4.236768197835050e+01
  ],
  ""type"": ""Point""
}","{
  ""coordinates"": [
    -83.059764861,
    42.367681978
  ],
  ""type"": ""Point""
}",-83.059764861,42.3676819780001