ObjectId,Crash ID,Primary Road,Intersecting Road,Crash Date,Day,Month,Year,Hour,Weekday,Crash Type Code,Highway Classification Code,Community Code,Jurisdiction Code,Lane Departure Type Code,Surface Type,Road Condition,Weather Condition,Lighting Condition,Speed Limit,Lanes,Units,Occupants,Most Severe Injury,Fatal Injuries,Suspected Serious Injuries,Suspected Minor Injuries,Possible Injuries,Property Damage Only,Secondary Crash,Traffic Control,Red Light Run,Hit and Run,Alcohol,Drugs,Unbelted Person,Work Zone,Speeding Driver,Distracted Driver,Driveway,Pedestrian,Elderly Driver,Young Driver,Commercial Vehicle,Emergency Vehicles,Train,School Bus,Motorcycle,Bicycle,Deer,Longitude,Latitude,geom,geog,x,y
20510,1378587,I 94 W/B,CASS,2018-05-21,21,5,2018,16,2,5,1,,1,0,Asphalt,2,4,1,55,3,2,2,5,0,0,0,0,true,false,false,false,false,false,false,false,false,false,false,false,false,false,false,true,false,false,false,false,false,false,-83.07053,42.36291,"{
  ""coordinates"": [
    -8.307053372598661e+01,
    4.236290599990910e+01
  ],
  ""type"": ""Point""
}","{
  ""coordinates"": [
    -83.070533726,
    42.362906
  ],
  ""type"": ""Point""
}",-83.070533726,42.3629060000001
20511,1380371,WOODWARD,BALTIMORE,2018-05-21,21,5,2018,16,2,8,3,,1,0,Asphalt,1,1,1,35,2,2,2,5,0,0,0,0,true,false,false,false,false,false,false,false,false,false,false,false,false,true,false,false,false,false,false,false,false,false,-83.07214,42.36848,"{
  ""coordinates"": [
    -8.307214545793980e+01,
    4.236848266434770e+01
  ],
  ""type"": ""Point""
}","{
  ""coordinates"": [
    -83.072145458,
    42.368482664
  ],
  ""type"": ""Point""
}",-83.072145458,42.3684826640001
20512,1379415,JUNCTION,OTIS,2018-05-21,21,5,2018,18,2,4,9,,4,0,Asphalt,2,2,1,25,2,2,1,5,0,0,0,0,true,false,false,false,true,false,false,false,false,false,false,false,false,false,false,false,false,false,false,false,false,false,-83.10991,42.329,"{
  ""coordinates"": [
    -8.310990694327350e+01,
    4.232899834028550e+01
  ],
  ""type"": ""Point""
}","{
  ""coordinates"": [
    -83.109906943,
    42.32899834
  ],
  ""type"": ""Point""
}",-83.1099069429999,42.3289983400001
20513,1592360,SCHAEFER,CURTIS,2018-05-21,21,5,2018,0,2,6,9,,4,0,Asphalt,1,1,5,30,4,2,3,4,0,0,0,2,false,false,false,false,false,true,false,true,false,false,false,false,false,false,false,false,true,false,false,false,false,false,-83.18015,42.42383,"{
  ""coordinates"": [
    -8.318014686923730e+01,
    4.242383024174770e+01
  ],
  ""type"": ""Point""
}","{
  ""coordinates"": [
    -83.180146869,
    42.423830242
  ],
  ""type"": ""Point""
}",-83.1801468689999,42.4238302420001
20514,1378629,7 MILE,SCHAEFER,2018-05-21,21,5,2018,16,2,5,9,,2,0,Asphalt,2,4,1,30,5,2,1,5,0,0,0,0,true,false,false,false,true,false,false,false,false,false,false,false,false,true,false,false,false,false,false,false,false,false,-83.1806,42.43107,"{
  ""coordinates"": [
    -8.318060363319699e+01,
    4.243107405124780e+01
  ],
  ""type"": ""Point""
}","{
  ""coordinates"": [
    -83.180603633,
    42.431074051
  ],
  ""type"": ""Point""
}",-83.180603633,42.4310740510001
20515,1380389,EVERGREEN,JOY,2018-05-21,21,5,2018,17,2,5,9,,4,0,Asphalt,2,4,1,35,4,2,1,5,0,0,0,0,true,false,false,false,true,false,false,false,false,false,false,false,false,true,false,false,false,false,false,false,false,false,-83.23595,42.35737,"{
  ""coordinates"": [
    -8.323594703417049e+01,
    4.235736839457900e+01
  ],
  ""type"": ""Point""
}","{
  ""coordinates"": [
    -83.235947034,
    42.357368395
  ],
  ""type"": ""Point""
}",-83.2359470339999,42.357368395
20516,1378589,I 94 E/B,CONNER,2018-05-21,21,5,2018,19,2,5,1,,1,0,Asphalt,2,4,1,55,3,2,2,5,0,0,0,0,true,false,false,false,false,false,false,false,false,false,false,false,false,false,false,false,false,false,false,false,false,false,-82.98679,42.39714,"{
  ""coordinates"": [
    -8.298678266812129e+01,
    4.239713860276060e+01
  ],
  ""type"": ""Point""
}","{
  ""coordinates"": [
    -82.986782668,
    42.397138603
  ],
  ""type"": ""Point""
}",-82.986782668,42.397138603
20517,1378609,GRAND RIVER,MCNICHOLS,2018-05-21,21,5,2018,8,2,8,3,,1,0,Asphalt,1,1,1,35,2,2,2,5,0,0,0,0,true,false,false,false,false,false,false,false,false,false,false,false,false,true,false,false,false,false,false,false,false,false,-83.25319,42.41474,"{
  ""coordinates"": [
    -8.325319289384130e+01,
    4.241473806458950e+01
  ],
  ""type"": ""Point""
}","{
  ""coordinates"": [
    -83.253192894,
    42.414738065
  ],
  ""type"": ""Point""
}",-83.2531928939999,42.4147380650001
20518,1379404,JOY,HARTWELL,2018-05-21,21,5,2018,16,2,9,9,,4,0,Asphalt,2,4,4,30,4,2,3,4,0,0,0,1,false,false,false,false,false,false,false,false,false,false,false,false,false,true,false,true,false,false,true,false,false,false,-83.17616,42.35857,"{
  ""coordinates"": [
    -8.317616414791731e+01,
    4.235857548405850e+01
  ],
  ""type"": ""Point""
}","{
  ""coordinates"": [
    -83.176164148,
    42.358575484
  ],
  ""type"": ""Point""
}",-83.1761641479999,42.358575484
20519,1381267,RENVILLE,HENDERSON,2018-05-21,21,5,2018,19,2,4,9,,,0,,2,2,4,25,2,2,2,5,0,0,0,0,true,false,false,false,true,false,false,false,false,false,false,false,false,false,false,false,false,false,false,false,false,false,-83.14794,42.33368,"{
  ""coordinates"": [
    -8.314793784696670e+01,
    4.233368263778900e+01
  ],
  ""type"": ""Point""
}","{
  ""coordinates"": [
    -83.147937847,
    42.333682638
  ],
  ""type"": ""Point""
}",-83.147937847,42.333682638
20520,1389489,I-94,JUNCTION,2018-05-21,21,5,2018,6,2,5,1,,1,0,Asphalt,1,1,1,55,3,3,3,5,0,0,0,0,true,true,false,false,false,false,false,true,false,false,false,false,false,false,false,false,false,false,false,false,false,false,-83.12238,42.3383,"{
  ""coordinates"": [
    -8.312238636116960e+01,
    4.233830309985270e+01
  ],
  ""type"": ""Point""
}","{
  ""coordinates"": [
    -83.122386361,
    42.3383031
  ],
  ""type"": ""Point""
}",-83.1223863609999,42.3383031000001
20521,1378602,CANFIELD,FRENCH,2018-05-21,21,5,2018,14,2,4,9,,4,0,Asphalt,1,2,1,25,2,2,1,5,0,0,0,0,true,true,true,false,true,false,false,false,false,false,false,false,false,false,false,false,false,false,false,false,false,false,-82.98765,42.38062,"{
  ""coordinates"": [
    -8.298764930755250e+01,
    4.238061711976160e+01
  ],
  ""type"": ""Point""
}","{
  ""coordinates"": [
    -82.987649308,
    42.38061712
  ],
  ""type"": ""Point""
}",-82.987649308,42.3806171200001
20522,1380393,VAN BUREN,WARWICK,2018-05-21,21,5,2018,22,2,4,9,,,0,,2,4,4,25,2,2,2,5,0,0,0,0,true,false,false,false,false,false,false,false,false,false,false,false,false,false,false,false,false,false,false,false,false,false,-83.22737,42.35585,"{
  ""coordinates"": [
    -8.322737067239130e+01,
    4.235585268471060e+01
  ],
  ""type"": ""Point""
}","{
  ""coordinates"": [
    -83.227370672,
    42.355852685
  ],
  ""type"": ""Point""
}",-83.2273706719999,42.3558526850001
20523,1385039,N M 10,LIVERNOIS,2018-05-21,21,5,2018,20,2,1,3,,1,1,Concrete,8,4,4,55,3,1,1,4,0,0,0,1,false,false,false,false,false,false,false,false,false,true,false,false,false,false,false,false,false,false,false,false,false,false,-83.14021,42.40496,"{
  ""coordinates"": [
    -8.314020659150650e+01,
    4.240495728431230e+01
  ],
  ""type"": ""Point""
}","{
  ""coordinates"": [
    -83.140206592,
    42.404957284
  ],
  ""type"": ""Point""
}",-83.140206592,42.404957284
20524,1381266,LONYO,MICHIGAN,2018-05-21,21,5,2018,16,2,5,2,,4,0,Asphalt,2,4,1,25,5,2,2,5,0,0,0,0,true,false,false,false,false,false,false,false,false,false,false,false,false,false,false,false,false,false,false,false,false,false,-83.14449,42.33051,"{
  ""coordinates"": [
    -8.314448781640840e+01,
    4.233050416007920e+01
  ],
  ""type"": ""Point""
}","{
  ""coordinates"": [
    -83.144487816,
    42.33050416
  ],
  ""type"": ""Point""
}",-83.144487816,42.33050416
20525,1422994,I-94,MT ELLIOT,2018-05-21,21,5,2018,11,2,8,1,,1,0,Asphalt,1,1,1,55,3,2,1,5,0,0,0,0,true,false,false,false,true,false,false,false,false,false,false,false,false,false,false,true,false,false,false,false,false,false,-83.03809,42.37746,"{
  ""coordinates"": [
    -8.303809717767859e+01,
    4.237746525459830e+01
  ],
  ""type"": ""Point""
}","{
  ""coordinates"": [
    -83.038097178,
    42.377465255
  ],
  ""type"": ""Point""
}",-83.038097178,42.3774652550001
20526,1422997,I 75,7 MILE,2018-05-21,21,5,2018,13,2,5,1,,1,0,Asphalt,1,1,1,70,4,2,3,4,0,0,0,2,false,false,false,false,true,false,false,false,false,false,false,false,false,false,false,false,false,false,false,false,false,false,-83.0951,42.43682,"{
  ""coordinates"": [
    -8.309509911219639e+01,
    4.243681679589850e+01
  ],
  ""type"": ""Point""
}","{
  ""coordinates"": [
    -83.095099112,
    42.436816796
  ],
  ""type"": ""Point""
}",-83.095099112,42.4368167960001
20527,1379440,NANCY,RYAN,2018-05-21,21,5,2018,8,2,97,9,,,0,,1,1,1,25,2,2,4,5,0,0,0,0,true,false,false,false,false,false,false,false,false,false,false,false,false,false,true,true,false,false,false,false,false,false,-83.0623,42.42081,"{
  ""coordinates"": [
    -8.306230276502680e+01,
    4.242081171774440e+01
  ],
  ""type"": ""Point""
}","{
  ""coordinates"": [
    -83.062302765,
    42.420811718
  ],
  ""type"": ""Point""
}",-83.062302765,42.420811718
20528,1417040,MICHIGAN,LONYO,2018-05-21,21,5,2018,16,2,5,2,,1,0,Asphalt,2,4,1,25,2,2,2,5,0,0,0,0,true,false,false,false,false,false,false,false,false,false,false,false,false,false,false,true,false,false,false,false,false,false,-83.14427,42.33047,"{
  ""coordinates"": [
    -8.314426820705199e+01,
    4.233047364893280e+01
  ],
  ""type"": ""Point""
}","{
  ""coordinates"": [
    -83.144268207,
    42.330473649
  ],
  ""type"": ""Point""
}",-83.144268207,42.3304736490001
20529,1379431,ROSSINI,HOYT,2018-05-21,21,5,2018,22,2,8,9,,,0,,1,1,4,25,2,2,0,5,0,0,0,0,true,false,false,false,true,false,false,true,false,false,false,false,false,false,false,false,false,false,false,false,false,false,-82.98091,42.4432,"{
  ""coordinates"": [
    -8.298090975728690e+01,
    4.244319371973630e+01
  ],
  ""type"": ""Point""
}","{
  ""coordinates"": [
    -82.980909757,
    42.44319372
  ],
  ""type"": ""Point""
}",-82.9809097569999,42.4431937200001
20530,1403091,CHERRYLAWN,CURTIS,2018-05-21,21,5,2018,18,2,97,9,,,0,,2,4,3,25,2,3,2,3,0,0,1,0,false,false,false,false,true,false,false,false,false,false,false,false,false,true,false,false,false,false,false,false,false,false,-83.15526,42.42421,"{
  ""coordinates"": [
    -8.315525501068240e+01,
    4.242420970614510e+01
  ],
  ""type"": ""Point""
}","{
  ""coordinates"": [
    -83.155255011,
    42.424209706
  ],
  ""type"": ""Point""
}",-83.155255011,42.4242097060001
20531,1379430,GRATIOT,HARPER,2018-05-21,21,5,2018,16,2,4,3,,1,0,Asphalt,1,1,1,35,2,2,1,4,0,0,0,1,false,true,true,true,true,false,false,false,true,false,false,false,false,false,false,false,false,false,false,false,false,false,-83.0051,42.39332,"{
  ""coordinates"": [
    -8.300510735605251e+01,
    4.239331895958970e+01
  ],
  ""type"": ""Point""
}","{
  ""coordinates"": [
    -83.005107356,
    42.39331896
  ],
  ""type"": ""Point""
}",-83.0051073559999,42.39331896
20532,1379398,N M 39,FULLERTON,2018-05-21,21,5,2018,17,2,5,3,,1,0,Asphalt,2,4,1,70,4,2,2,5,0,0,0,0,true,false,false,false,true,false,false,false,false,false,false,false,false,false,false,false,false,false,false,false,false,false,-83.21723,42.38154,"{
  ""coordinates"": [
    -8.321723282167611e+01,
    4.238154207887220e+01
  ],
  ""type"": ""Point""
}","{
  ""coordinates"": [
    -83.217232822,
    42.381542079
  ],
  ""type"": ""Point""
}",-83.217232822,42.381542079
20533,1378592,JEFFERSON,WOODWARD,2018-05-21,21,5,2018,12,2,97,3,,1,3,Asphalt,1,1,1,30,6,2,0,5,0,0,0,0,true,false,false,false,true,false,false,false,false,false,false,true,false,false,false,false,false,false,false,false,false,false,-83.04417,42.32903,"{
  ""coordinates"": [
    -8.304416478626911e+01,
    4.232902487835460e+01
  ],
  ""type"": ""Point""
}","{
  ""coordinates"": [
    -83.044164786,
    42.329024878
  ],
  ""type"": ""Point""
}",-83.044164786,42.329024878
20534,1378618,KNODELL,GRACE,2018-05-21,21,5,2018,8,2,4,9,,,0,,1,1,1,25,2,2,3,3,0,0,1,0,false,false,false,false,false,false,false,false,false,false,false,false,false,false,false,false,false,false,false,false,false,false,-83.00399,42.39892,"{
  ""coordinates"": [
    -8.300399211027600e+01,
    4.239891999516020e+01
  ],
  ""type"": ""Point""
}","{
  ""coordinates"": [
    -83.00399211,
    42.398919995
  ],
  ""type"": ""Point""
}",-83.00399211,42.398919995
20535,1382758,MEYERS,PURITAN,2018-05-21,21,5,2018,17,2,2,9,,4,0,Asphalt,2,2,1,30,4,2,2,5,0,0,0,0,true,false,false,false,true,false,false,false,false,false,false,false,false,false,false,false,false,false,false,false,false,false,-83.16977,42.40953,"{
  ""coordinates"": [
    -8.316976792601530e+01,
    4.240953493105210e+01
  ],
  ""type"": ""Point""
}","{
  ""coordinates"": [
    -83.169767926,
    42.409534931
  ],
  ""type"": ""Point""
}",-83.169767926,42.4095349310001
20536,1378606,LAFAYETTE,ORLEANS,2018-05-21,21,5,2018,7,2,5,9,,4,0,Asphalt,1,1,1,25,2,2,0,5,0,0,0,0,true,false,false,false,true,false,false,false,false,false,false,false,false,false,false,false,false,false,false,false,false,false,-83.03072,42.33871,"{
  ""coordinates"": [
    -8.303071968861360e+01,
    4.233871290432290e+01
  ],
  ""type"": ""Point""
}","{
  ""coordinates"": [
    -83.030719689,
    42.338712904
  ],
  ""type"": ""Point""
}",-83.030719689,42.338712904
20537,1453297,CURTIS,MENDOTA,2018-05-21,21,5,2018,21,2,4,9,,4,0,Asphalt,2,1,4,25,2,2,2,4,0,0,0,1,false,false,false,false,true,false,false,false,false,false,false,false,false,false,false,false,false,false,false,false,false,false,-83.16616,42.42408,"{
  ""coordinates"": [
    -8.316615800635030e+01,
    4.242407592899780e+01
  ],
  ""type"": ""Point""
}","{
  ""coordinates"": [
    -83.166158006,
    42.424075929
  ],
  ""type"": ""Point""
}",-83.166158006,42.424075929
20538,1392329,I-94,JUNCTION,2018-05-21,21,5,2018,6,2,5,1,,1,0,Asphalt,1,1,1,55,3,2,2,5,0,0,0,0,true,true,false,false,false,false,false,false,false,false,false,false,false,false,false,false,false,false,false,false,false,false,-83.12238,42.3383,"{
  ""coordinates"": [
    -8.312238636116960e+01,
    4.233830309985270e+01
  ],
  ""type"": ""Point""
}","{
  ""coordinates"": [
    -83.122386361,
    42.3383031
  ],
  ""type"": ""Point""
}",-83.1223863609999,42.3383031000001
20539,1388386,ARTESIAN,WESTFIELD,2018-05-21,21,5,2018,8,2,4,9,,,0,,1,1,1,25,4,2,2,4,0,0,0,1,false,false,false,false,false,false,false,false,false,false,false,false,false,false,false,false,false,false,false,false,false,false,-83.22631,42.36306,"{
  ""coordinates"": [
    -8.322631314614340e+01,
    4.236306137537180e+01
  ],
  ""type"": ""Point""
}","{
  ""coordinates"": [
    -83.226313146,
    42.363061375
  ],
  ""type"": ""Point""
}",-83.2263131459999,42.363061375
20540,1378608,GRAND RIVER,OUTER,2018-05-21,21,5,2018,20,2,1,3,,1,1,Asphalt,2,4,4,35,6,1,1,5,0,0,0,0,true,false,false,false,false,false,false,false,false,false,false,false,false,false,false,false,false,false,false,false,false,false,-83.2325,42.40641,"{
  ""coordinates"": [
    -8.323249990878890e+01,
    4.240641292118000e+01
  ],
  ""type"": ""Point""
}","{
  ""coordinates"": [
    -83.232499909,
    42.406412921
  ],
  ""type"": ""Point""
}",-83.232499909,42.406412921
20541,1389472,M 8,WOODWARD,2018-05-21,21,5,2018,15,2,8,3,,1,0,Asphalt,1,2,1,55,4,2,3,4,0,0,0,1,false,false,false,false,false,false,false,false,false,false,false,false,false,false,false,false,false,false,false,false,false,false,-83.04829,42.33033,"{
  ""coordinates"": [
    -8.304828715010289e+01,
    4.233033034947130e+01
  ],
  ""type"": ""Point""
}","{
  ""coordinates"": [
    -83.04828715,
    42.330330349
  ],
  ""type"": ""Point""
}",-83.04828715,42.3303303490001
20542,1380392,ORANGELAWN,RUTHERFORD,2018-05-21,21,5,2018,20,2,4,9,,,0,,2,4,4,25,2,2,2,4,0,0,0,1,false,false,false,false,false,false,false,false,false,false,false,false,false,false,false,false,false,false,false,false,false,false,-83.20188,42.36776,"{
  ""coordinates"": [
    -8.320188165410210e+01,
    4.236776491233110e+01
  ],
  ""type"": ""Point""
}","{
  ""coordinates"": [
    -83.201881654,
    42.367764912
  ],
  ""type"": ""Point""
}",-83.201881654,42.367764912
20543,1391424,I-94,LIVERNOIS,2018-05-21,21,5,2018,7,2,5,1,,1,0,Asphalt,1,1,1,55,3,2,2,5,0,0,0,0,true,false,false,false,false,false,false,false,false,false,false,false,false,false,false,false,false,false,false,false,false,false,-83.11696,42.34147,"{
  ""coordinates"": [
    -8.311695914444350e+01,
    4.234147350987730e+01
  ],
  ""type"": ""Point""
}","{
  ""coordinates"": [
    -83.116959144,
    42.34147351
  ],
  ""type"": ""Point""
}",-83.116959144,42.3414735100001
20544,1388383,ABINGTON,PAUL,2018-05-21,21,5,2018,20,2,5,9,,,0,,2,4,3,,1,3,2,5,0,0,0,0,true,false,false,false,false,true,false,true,false,false,false,true,false,false,false,false,false,false,false,false,false,false,-83.20953,42.33667,"{
  ""coordinates"": [
    -8.320952326301420e+01,
    4.233667358896000e+01
  ],
  ""type"": ""Point""
}","{
  ""coordinates"": [
    -83.209523263,
    42.336673589
  ],
  ""type"": ""Point""
}",-83.2095232629999,42.336673589
20545,1381296,ARCHDALE,CURTIS,2018-05-21,21,5,2018,0,2,98,9,,,0,,2,4,4,25,2,2,0,5,0,0,0,0,true,false,false,false,true,false,false,false,false,false,false,false,false,false,false,false,false,false,false,false,false,false,-83.21691,42.4231,"{
  ""coordinates"": [
    -8.321691364608689e+01,
    4.242309746416510e+01
  ],
  ""type"": ""Point""
}","{
  ""coordinates"": [
    -83.216913646,
    42.423097464
  ],
  ""type"": ""Point""
}",-83.216913646,42.4230974640001
20546,1391417,I 96,EVERGREEN,2018-05-21,21,5,2018,18,2,8,1,,1,0,Concrete,2,2,1,70,2,2,2,5,0,0,0,0,true,false,false,false,true,false,false,false,false,false,false,false,false,false,true,false,false,false,false,false,false,false,-83.23582,42.37992,"{
  ""coordinates"": [
    -8.323582287561830e+01,
    4.237992111510670e+01
  ],
  ""type"": ""Point""
}","{
  ""coordinates"": [
    -83.235822876,
    42.379921115
  ],
  ""type"": ""Point""
}",-83.235822876,42.3799211150001
20547,1380368,MICHIGAN,WOODWARD,2018-05-21,21,5,2018,5,2,8,9,,4,0,Asphalt,2,4,1,25,4,2,2,5,0,0,0,0,true,false,false,false,false,false,false,false,false,false,false,false,false,true,false,true,false,false,false,false,false,false,-83.0472,42.33164,"{
  ""coordinates"": [
    -8.304720119120320e+01,
    4.233164382602420e+01
  ],
  ""type"": ""Point""
}","{
  ""coordinates"": [
    -83.047201191,
    42.331643826
  ],
  ""type"": ""Point""
}",-83.0472011909999,42.3316438260001
20548,1377679,I-94,JUNCTION,2018-05-21,21,5,2018,7,2,5,1,,1,0,Asphalt,1,1,2,55,3,2,2,5,0,0,0,0,true,false,false,false,false,false,false,false,false,false,false,false,false,false,false,false,false,false,false,false,false,false,-83.11822,42.34068,"{
  ""coordinates"": [
    -8.311821909330951e+01,
    4.234067787147040e+01
  ],
  ""type"": ""Point""
}","{
  ""coordinates"": [
    -83.118219093,
    42.340677871
  ],
  ""type"": ""Point""
}",-83.1182190929999,42.340677871
20549,1382669,CONGRESS,GRISWOLD,2018-05-21,21,5,2018,16,2,8,9,,4,0,Asphalt,2,4,1,25,2,3,3,5,0,0,0,0,true,false,false,false,false,false,false,false,false,false,false,false,false,false,false,false,false,false,false,false,false,false,-83.04668,42.32984,"{
  ""coordinates"": [
    -8.304668349006759e+01,
    4.232984325886730e+01
  ],
  ""type"": ""Point""
}","{
  ""coordinates"": [
    -83.04668349,
    42.329843259
  ],
  ""type"": ""Point""
}",-83.04668349,42.329843259
20550,1379435,EWALD,HOLMUR,2018-05-21,21,5,2018,18,2,4,9,,4,0,Asphalt,2,4,1,25,2,2,2,5,0,0,0,0,true,false,false,false,false,false,false,false,false,false,false,false,false,false,false,false,false,false,false,false,false,false,-83.13605,42.39293,"{
  ""coordinates"": [
    -8.313604686435410e+01,
    4.239292520200790e+01
  ],
  ""type"": ""Point""
}","{
  ""coordinates"": [
    -83.136046864,
    42.392925202
  ],
  ""type"": ""Point""
}",-83.136046864,42.3929252020001
20551,1453291,7 MILE,SCHAEFER,2018-05-21,21,5,2018,17,2,5,9,,2,0,Asphalt,2,4,1,30,6,2,1,5,0,0,0,0,true,false,false,false,true,false,false,false,false,false,false,false,false,false,false,false,false,false,false,false,false,false,-83.18049,42.43108,"{
  ""coordinates"": [
    -8.318048638198729e+01,
    4.243107804970250e+01
  ],
  ""type"": ""Point""
}","{
  ""coordinates"": [
    -83.180486382,
    42.43107805
  ],
  ""type"": ""Point""
}",-83.180486382,42.4310780500001
20552,1378615,HAYES,COLLINGHAM,2018-05-21,21,5,2018,18,2,3,9,,4,0,Asphalt,2,1,1,30,2,2,2,4,0,0,0,2,false,false,false,false,false,false,false,false,false,false,false,false,false,false,false,false,false,false,false,false,false,false,-82.96602,42.44799,"{
  ""coordinates"": [
    -8.296601735192679e+01,
    4.244799162031640e+01
  ],
  ""type"": ""Point""
}","{
  ""coordinates"": [
    -82.966017352,
    42.44799162
  ],
  ""type"": ""Point""
}",-82.9660173519999,42.44799162
20553,1442472,GRATIOT,MACK,2018-05-21,21,5,2018,17,2,5,3,,1,0,Asphalt,1,1,1,35,4,2,2,5,0,0,0,0,true,false,false,false,false,false,false,false,false,false,false,false,false,false,false,false,false,false,false,false,false,false,-83.02772,42.3591,"{
  ""coordinates"": [
    -8.302771605860950e+01,
    4.235910568157240e+01
  ],
  ""type"": ""Point""
}","{
  ""coordinates"": [
    -83.027716059,
    42.359105682
  ],
  ""type"": ""Point""
}",-83.0277160589999,42.3591056820001
20554,1442402,I-94,OUTER,2018-05-21,21,5,2018,8,2,8,1,,1,0,Asphalt,1,1,1,55,3,2,2,4,0,0,0,1,false,false,false,false,false,false,false,false,false,false,false,false,false,false,false,false,false,false,false,false,false,false,-82.95817,42.40556,"{
  ""coordinates"": [
    -8.295816619879020e+01,
    4.240556508750680e+01
  ],
  ""type"": ""Point""
}","{
  ""coordinates"": [
    -82.958166199,
    42.405565088
  ],
  ""type"": ""Point""
}",-82.9581661989999,42.4055650880001
20555,1382653,I 94,CADIEUX,2018-05-21,21,5,2018,20,2,1,1,,1,1,Asphalt,2,4,1,55,3,1,1,4,0,0,0,1,false,false,false,false,false,false,false,false,false,true,false,false,false,false,false,false,false,false,false,false,false,false,-82.93648,42.41773,"{
  ""coordinates"": [
    -8.293647601554440e+01,
    4.241773290203330e+01
  ],
  ""type"": ""Point""
}","{
  ""coordinates"": [
    -82.936476016,
    42.417732902
  ],
  ""type"": ""Point""
}",-82.936476016,42.4177329020001
20556,1498535,OUTER,GREINER,2018-05-21,21,5,2018,15,2,5,9,,2,0,Asphalt,1,2,1,35,4,2,2,4,0,0,0,1,false,false,false,false,false,false,false,false,false,false,true,false,false,false,false,false,false,false,false,false,false,false,-83.01402,42.42696,"{
  ""coordinates"": [
    -8.301402069164899e+01,
    4.242695884366700e+01
  ],
  ""type"": ""Point""
}","{
  ""coordinates"": [
    -83.014020692,
    42.426958844
  ],
  ""type"": ""Point""
}",-83.014020692,42.4269588440001
20557,1379429,KELLY,NOVARA,2018-05-21,21,5,2018,19,2,8,9,,2,0,Asphalt,2,4,5,35,2,2,4,4,0,0,0,2,false,false,false,false,false,false,false,true,false,false,false,false,false,true,false,false,false,false,false,false,false,false,-82.94957,42.439,"{
  ""coordinates"": [
    -8.294956605414001e+01,
    4.243900320333500e+01
  ],
  ""type"": ""Point""
}","{
  ""coordinates"": [
    -82.949566054,
    42.439003203
  ],
  ""type"": ""Point""
}",-82.9495660539999,42.439003203
20558,1428846,FORRER,DIVERSEY,2018-05-21,21,5,2018,9,2,8,9,,,0,,1,1,1,25,2,2,0,5,0,0,0,0,true,false,false,false,true,false,false,false,false,false,false,false,false,false,false,false,false,false,false,false,false,false,-83.20016,42.34832,"{
  ""coordinates"": [
    -8.320015438969470e+01,
    4.234832450194480e+01
  ],
  ""type"": ""Point""
}","{
  ""coordinates"": [
    -83.20015439,
    42.348324502
  ],
  ""type"": ""Point""
}",-83.20015439,42.348324502
20559,1378621,NEVADA,VAN DYKE,2018-05-21,21,5,2018,15,2,8,3,,4,0,Asphalt,1,1,1,35,3,2,4,5,0,0,0,0,true,false,false,false,false,false,false,false,false,false,false,false,false,false,false,false,false,false,false,false,false,false,-83.02407,42.42673,"{
  ""coordinates"": [
    -8.302406785844811e+01,
    4.242673302216550e+01
  ],
  ""type"": ""Point""
}","{
  ""coordinates"": [
    -83.024067858,
    42.426733022
  ],
  ""type"": ""Point""
}",-83.024067858,42.4267330220001
20560,1428808,DAYTON,WESTWOOD,2018-05-21,21,5,2018,15,2,8,9,,,0,,1,1,1,25,3,2,7,5,0,0,0,0,true,false,false,false,true,false,false,true,false,false,false,false,false,false,false,true,false,false,false,false,false,false,-83.23022,42.33434,"{
  ""coordinates"": [
    -8.323022258531800e+01,
    4.233434127091350e+01
  ],
  ""type"": ""Point""
}","{
  ""coordinates"": [
    -83.230222585,
    42.334341271
  ],
  ""type"": ""Point""
}",-83.230222585,42.334341271
20561,1382659,CONGRESS,BEAUBIEN,2018-05-21,21,5,2018,7,2,8,9,,4,0,Asphalt,1,1,1,30,2,2,2,5,0,0,0,0,true,false,false,false,false,false,false,false,false,false,false,false,false,false,false,false,false,false,false,false,false,false,-83.04076,42.33237,"{
  ""coordinates"": [
    -8.304076293859821e+01,
    4.233237452758450e+01
  ],
  ""type"": ""Point""
}","{
  ""coordinates"": [
    -83.040762939,
    42.332374528
  ],
  ""type"": ""Point""
}",-83.040762939,42.3323745280001
20562,1382733,MOUND,7 MILE,2018-05-21,21,5,2018,19,2,6,9,,2,0,Asphalt,1,1,3,35,4,2,4,5,0,0,0,0,true,false,true,false,false,false,false,false,false,false,false,false,false,false,true,false,false,false,false,false,false,false,-83.0434,42.43377,"{
  ""coordinates"": [
    -8.304340654495900e+01,
    4.243377440990250e+01
  ],
  ""type"": ""Point""
}","{
  ""coordinates"": [
    -83.043406545,
    42.43377441
  ],
  ""type"": ""Point""
}",-83.043406545,42.4337744100001
20563,1380374,GRISWALD,CONGRESS,2018-05-21,21,5,2018,17,2,8,9,,4,0,Asphalt,2,4,4,30,2,2,2,5,0,0,0,0,true,false,false,false,false,false,false,true,false,false,false,false,false,false,false,true,false,false,false,false,false,false,-83.04668,42.32984,"{
  ""coordinates"": [
    -8.304668349006759e+01,
    4.232984325886730e+01
  ],
  ""type"": ""Point""
}","{
  ""coordinates"": [
    -83.04668349,
    42.329843259
  ],
  ""type"": ""Point""
}",-83.04668349,42.329843259