ObjectId,Crash ID,Primary Road,Intersecting Road,Crash Date,Day,Month,Year,Hour,Weekday,Crash Type Code,Highway Classification Code,Community Code,Jurisdiction Code,Lane Departure Type Code,Surface Type,Road Condition,Weather Condition,Lighting Condition,Speed Limit,Lanes,Units,Occupants,Most Severe Injury,Fatal Injuries,Suspected Serious Injuries,Suspected Minor Injuries,Possible Injuries,Property Damage Only,Secondary Crash,Traffic Control,Red Light Run,Hit and Run,Alcohol,Drugs,Unbelted Person,Work Zone,Speeding Driver,Distracted Driver,Driveway,Pedestrian,Elderly Driver,Young Driver,Commercial Vehicle,Emergency Vehicles,Train,School Bus,Motorcycle,Bicycle,Deer,Longitude,Latitude,geom,geog,x,y
20673,1378610,7 MILE,APPOLINE,2018-05-19,19,5,2018,17,7,8,9,,2,3,Asphalt,2,4,1,25,4,2,0,5,0,0,0,0,true,false,false,false,true,false,false,false,false,false,false,false,false,false,false,false,false,false,false,false,false,false,-83.17178,42.43124,"{
  ""coordinates"": [
    -8.317178389064040e+01,
    4.243123882915710e+01
  ],
  ""type"": ""Point""
}","{
  ""coordinates"": [
    -83.171783891,
    42.431238829
  ],
  ""type"": ""Point""
}",-83.171783891,42.4312388290001
20674,1376777,CONNER,FINDLAY,2018-05-19,19,5,2018,6,7,2,9,,4,2,Asphalt,2,4,3,35,4,2,2,3,0,0,2,0,false,false,false,false,false,false,false,false,false,false,true,false,false,false,false,false,false,false,false,false,false,false,-83.00616,42.41165,"{
  ""coordinates"": [
    -8.300616308373230e+01,
    4.241164854088920e+01
  ],
  ""type"": ""Point""
}","{
  ""coordinates"": [
    -83.006163084,
    42.411648541
  ],
  ""type"": ""Point""
}",-83.006163084,42.411648541
20675,1377700,I-96,LIVERNOIS,2018-05-19,19,5,2018,16,7,5,1,,1,0,Asphalt,2,2,1,70,4,2,2,4,0,0,0,1,false,false,false,false,false,false,false,false,false,true,false,false,false,false,false,false,false,false,false,false,false,false,-83.14299,42.36916,"{
  ""coordinates"": [
    -8.314298646598490e+01,
    4.236916187099250e+01
  ],
  ""type"": ""Point""
}","{
  ""coordinates"": [
    -83.142986466,
    42.369161871
  ],
  ""type"": ""Point""
}",-83.142986466,42.3691618710001
20676,1376762,GREENFIELD,FENKELL,2018-05-19,19,5,2018,18,7,5,9,,2,0,Asphalt,2,1,1,35,5,2,1,4,0,0,0,1,false,false,false,false,false,false,false,false,false,false,false,false,false,false,false,false,false,false,false,false,false,false,-83.1987,42.40164,"{
  ""coordinates"": [
    -8.319870150612770e+01,
    4.240163917241440e+01
  ],
  ""type"": ""Point""
}","{
  ""coordinates"": [
    -83.198701506,
    42.401639172
  ],
  ""type"": ""Point""
}",-83.198701506,42.401639172
20677,1376590,I94,I75,2018-05-19,19,5,2018,10,7,8,1,,1,0,Concrete,1,2,1,70,3,2,1,5,0,0,0,0,true,false,false,false,true,false,false,false,false,false,false,false,false,false,false,false,false,false,false,false,false,false,-83.05972,42.36752,"{
  ""coordinates"": [
    -8.305971233707490e+01,
    4.236751661947910e+01
  ],
  ""type"": ""Point""
}","{
  ""coordinates"": [
    -83.059712337,
    42.367516619
  ],
  ""type"": ""Point""
}",-83.059712337,42.3675166190001
20678,1380395,6 MILE,HUBBEL,2018-05-19,19,5,2018,10,7,4,9,,2,0,Asphalt,1,1,1,35,4,2,2,5,0,0,0,0,true,false,false,false,false,false,false,false,false,false,false,false,false,false,true,false,false,false,false,false,false,false,-83.18953,42.41646,"{
  ""coordinates"": [
    -8.318953194635181e+01,
    4.241645961312770e+01
  ],
  ""type"": ""Point""
}","{
  ""coordinates"": [
    -83.189531946,
    42.416459613
  ],
  ""type"": ""Point""
}",-83.189531946,42.416459613
20679,1376767,E I 94,MOUNT ELLIOTT,2018-05-19,19,5,2018,12,7,5,1,,1,0,Asphalt,2,2,1,55,3,2,1,5,0,0,0,0,true,false,false,false,false,false,false,false,true,false,false,false,false,false,false,false,false,false,false,false,false,false,-83.03295,42.37979,"{
  ""coordinates"": [
    -8.303294979964799e+01,
    4.237979038437110e+01
  ],
  ""type"": ""Point""
}","{
  ""coordinates"": [
    -83.0329498,
    42.379790384
  ],
  ""type"": ""Point""
}",-83.0329498,42.379790384
20680,1377725,GLENDALE,APPLETON,2018-05-19,19,5,2018,22,7,4,9,,,0,,1,1,4,,1,2,2,3,0,0,1,0,false,false,true,false,false,false,false,false,false,false,false,false,false,false,false,false,false,false,false,false,false,false,-83.27211,42.381,"{
  ""coordinates"": [
    -8.327210913256640e+01,
    4.238099570574210e+01
  ],
  ""type"": ""Point""
}","{
  ""coordinates"": [
    -83.272109133,
    42.380995706
  ],
  ""type"": ""Point""
}",-83.272109133,42.3809957060001
20681,1389506,M 39,JOY,2018-05-19,19,5,2018,1,7,8,3,,1,0,Asphalt,1,1,4,55,3,2,4,5,0,0,0,0,true,false,false,false,true,true,false,false,false,false,false,false,false,false,false,false,false,false,false,false,false,false,-83.21639,42.35778,"{
  ""coordinates"": [
    -8.321639292161980e+01,
    4.235777892138400e+01
  ],
  ""type"": ""Point""
}","{
  ""coordinates"": [
    -83.216392922,
    42.357778921
  ],
  ""type"": ""Point""
}",-83.216392922,42.357778921
20682,1377766,CHRYSLER,MCNICHOLS,2018-05-19,19,5,2018,23,7,8,1,,1,0,Asphalt,1,2,4,70,4,2,2,5,0,0,0,0,true,false,false,false,true,false,false,false,false,false,false,false,false,false,false,false,false,false,false,false,false,false,-83.08463,42.41464,"{
  ""coordinates"": [
    -8.308462513609710e+01,
    4.241463669011470e+01
  ],
  ""type"": ""Point""
}","{
  ""coordinates"": [
    -83.084625136,
    42.41463669
  ],
  ""type"": ""Point""
}",-83.0846251359999,42.4146366900001
20683,1377767,8 MILE,MOENART,2018-05-19,19,5,2018,22,7,5,3,,1,0,Asphalt,2,1,4,35,8,2,2,5,0,0,0,0,true,false,false,false,false,false,false,false,false,false,false,false,false,false,false,false,false,false,false,false,false,false,-83.05099,42.44758,"{
  ""coordinates"": [
    -8.305099290305731e+01,
    4.244758290216120e+01
  ],
  ""type"": ""Point""
}","{
  ""coordinates"": [
    -83.050992903,
    42.447582902
  ],
  ""type"": ""Point""
}",-83.050992903,42.4475829020001
20684,1389505,I 94,FRENCH,2018-05-19,19,5,2018,0,7,5,1,,1,0,Asphalt,1,1,4,35,1,2,2,5,0,0,0,0,true,false,false,false,false,false,false,false,true,false,false,false,false,false,false,false,false,false,false,false,false,false,-82.99594,42.39225,"{
  ""coordinates"": [
    -8.299594053968100e+01,
    4.239225431522130e+01
  ],
  ""type"": ""Point""
}","{
  ""coordinates"": [
    -82.99594054,
    42.392254315
  ],
  ""type"": ""Point""
}",-82.9959405399999,42.3922543150001
20685,1389483,I96,M39,2018-05-19,19,5,2018,15,7,1,1,,1,1,Concrete,2,1,1,70,3,1,1,5,0,0,0,0,true,false,false,false,false,false,false,false,false,true,false,false,false,false,false,false,false,false,false,false,false,false,-83.22292,42.37815,"{
  ""coordinates"": [
    -8.322292521318261e+01,
    4.237815344567740e+01
  ],
  ""type"": ""Point""
}","{
  ""coordinates"": [
    -83.222925213,
    42.378153446
  ],
  ""type"": ""Point""
}",-83.2229252129999,42.3781534460001
20686,1389508,I 94,MT ELLIOT,2018-05-19,19,5,2018,4,7,8,1,,1,0,Asphalt,2,4,4,55,3,2,1,5,0,0,0,0,true,false,false,false,true,false,false,false,false,false,false,false,false,false,false,false,false,false,false,false,false,false,-83.03336,42.37967,"{
  ""coordinates"": [
    -8.303336105664340e+01,
    4.237966598931670e+01
  ],
  ""type"": ""Point""
}","{
  ""coordinates"": [
    -83.033361057,
    42.379665989
  ],
  ""type"": ""Point""
}",-83.033361057,42.379665989
20687,1377760,8 MILE,JOHN R,2018-05-19,19,5,2018,18,7,5,3,,1,0,Asphalt,2,4,1,45,4,2,3,5,0,0,0,0,true,false,false,false,false,false,false,false,false,false,false,false,false,false,false,false,false,false,false,false,false,false,-83.10558,42.44693,"{
  ""coordinates"": [
    -8.310558444759010e+01,
    4.244693019997350e+01
  ],
  ""type"": ""Point""
}","{
  ""coordinates"": [
    -83.105584448,
    42.4469302
  ],
  ""type"": ""Point""
}",-83.1055844479999,42.4469302000001
20688,1390501,E/B I-94,MT ELLIOT,2018-05-19,19,5,2018,17,7,5,1,,1,0,Asphalt,2,4,1,55,3,2,1,5,0,0,0,0,true,false,false,false,true,false,false,false,false,true,false,false,false,false,true,false,false,false,false,false,false,false,-83.03245,42.38029,"{
  ""coordinates"": [
    -8.303244609861051e+01,
    4.238028896683860e+01
  ],
  ""type"": ""Point""
}","{
  ""coordinates"": [
    -83.032446099,
    42.380288967
  ],
  ""type"": ""Point""
}",-83.032446099,42.3802889670001
20689,1377736,GRAND RIVER,GRANDMONT,2018-05-19,19,5,2018,5,7,97,3,,1,0,Asphalt,2,4,1,35,4,2,2,5,0,0,0,0,true,false,false,false,false,false,false,false,false,false,false,false,false,false,false,false,false,false,false,false,false,false,-83.21018,42.39743,"{
  ""coordinates"": [
    -8.321018005465289e+01,
    4.239742674294250e+01
  ],
  ""type"": ""Point""
}","{
  ""coordinates"": [
    -83.210180055,
    42.397426743
  ],
  ""type"": ""Point""
}",-83.210180055,42.397426743
20690,1376746,ARCHDALE,WARREN,2018-05-19,19,5,2018,11,7,6,9,,,0,,1,1,1,25,3,2,2,5,0,0,0,0,true,false,false,false,true,false,false,false,false,false,false,false,false,false,false,false,false,false,false,false,false,false,-83.21465,42.34332,"{
  ""coordinates"": [
    -8.321465651481630e+01,
    4.234332295249520e+01
  ],
  ""type"": ""Point""
}","{
  ""coordinates"": [
    -83.214656515,
    42.343322952
  ],
  ""type"": ""Point""
}",-83.2146565149999,42.3433229520001
20691,1380415,GREELEY,STATEFAIR,2018-05-19,19,5,2018,23,7,9,9,,,2,,2,4,5,,1,2,1,5,0,0,0,0,true,false,false,false,true,false,false,false,false,false,false,false,false,false,false,false,false,false,false,false,false,false,-83.08797,42.44015,"{
  ""coordinates"": [
    -8.308796788236950e+01,
    4.244015151472450e+01
  ],
  ""type"": ""Point""
}","{
  ""coordinates"": [
    -83.087967882,
    42.440151515
  ],
  ""type"": ""Point""
}",-83.087967882,42.440151515
20692,1377763,8 MILE,CHAREST,2018-05-19,19,5,2018,18,7,10,3,,1,0,Asphalt,2,2,1,40,4,2,1,5,0,0,0,0,true,false,false,false,true,false,false,false,false,false,false,false,false,true,false,false,false,false,false,false,false,false,-83.0713,42.44717,"{
  ""coordinates"": [
    -8.307129567170560e+01,
    4.244717176750690e+01
  ],
  ""type"": ""Point""
}","{
  ""coordinates"": [
    -83.071295672,
    42.447171768
  ],
  ""type"": ""Point""
}",-83.071295672,42.447171768
20693,1377756,JEFFERIES,LIVERNOIS,2018-05-19,19,5,2018,18,7,5,9,,4,0,Asphalt,2,4,1,25,6,2,1,4,0,0,0,1,false,false,false,false,true,false,false,false,false,false,false,false,false,true,false,false,false,false,false,false,false,false,-83.1386,42.36771,"{
  ""coordinates"": [
    -8.313860336622460e+01,
    4.236770630197370e+01
  ],
  ""type"": ""Point""
}","{
  ""coordinates"": [
    -83.138603366,
    42.367706302
  ],
  ""type"": ""Point""
}",-83.138603366,42.367706302
20694,1390500,E I 96,HUBBELL,2018-05-19,19,5,2018,16,7,8,1,,1,0,Concrete,2,1,1,55,4,2,3,5,0,0,0,0,true,false,false,false,false,false,false,false,false,true,false,false,false,true,false,false,false,false,false,false,false,false,-83.18803,42.38051,"{
  ""coordinates"": [
    -8.318802516300150e+01,
    4.238051076091960e+01
  ],
  ""type"": ""Point""
}","{
  ""coordinates"": [
    -83.188025163,
    42.380510761
  ],
  ""type"": ""Point""
}",-83.188025163,42.380510761
20695,1376779,MANNING,MONARCH,2018-05-19,19,5,2018,0,7,8,9,,,0,,1,1,4,,2,2,0,5,0,0,0,0,true,false,false,false,true,false,false,false,false,false,false,false,false,false,false,false,false,false,false,false,false,false,-82.97153,42.44083,"{
  ""coordinates"": [
    -8.297152387008980e+01,
    4.244083168251300e+01
  ],
  ""type"": ""Point""
}","{
  ""coordinates"": [
    -82.97152387,
    42.440831683
  ],
  ""type"": ""Point""
}",-82.9715238699999,42.4408316830001
20696,1377721,MICHIGAN,MARTIN,2018-05-19,19,5,2018,23,7,4,2,,1,0,Asphalt,1,1,4,35,5,2,2,5,0,0,0,0,true,false,false,false,true,false,false,false,false,false,false,false,false,false,false,false,true,false,false,false,false,false,-83.12747,42.33115,"{
  ""coordinates"": [
    -8.312747476052820e+01,
    4.233114675158200e+01
  ],
  ""type"": ""Point""
}","{
  ""coordinates"": [
    -83.127474761,
    42.331146752
  ],
  ""type"": ""Point""
}",-83.127474761,42.3311467520001
20697,1389485,M10,ROSA,2018-05-19,19,5,2018,16,7,5,9,,4,0,Asphalt,2,1,1,55,3,2,2,5,0,0,0,0,true,false,false,false,false,false,false,false,false,false,false,false,false,false,false,false,false,false,false,false,false,false,-83.07524,42.33331,"{
  ""coordinates"": [
    -8.307524450857680e+01,
    4.233331441425070e+01
  ],
  ""type"": ""Point""
}","{
  ""coordinates"": [
    -83.075244509,
    42.333314414
  ],
  ""type"": ""Point""
}",-83.075244509,42.333314414
20698,1377752,7 MILE,MORANG,2018-05-19,19,5,2018,23,7,2,9,,2,0,Asphalt,1,1,4,30,4,2,2,3,0,0,2,0,false,false,false,false,false,false,false,false,false,false,false,false,false,false,false,false,false,false,false,false,false,false,-82.96186,42.43552,"{
  ""coordinates"": [
    -8.296186179334930e+01,
    4.243552473362330e+01
  ],
  ""type"": ""Point""
}","{
  ""coordinates"": [
    -82.961861793,
    42.435524734
  ],
  ""type"": ""Point""
}",-82.961861793,42.4355247340001
20699,1377726,7 MILE,ASBURY,2018-05-19,19,5,2018,12,7,4,9,,2,0,Asphalt,1,2,1,35,6,2,2,5,0,0,0,0,true,false,true,true,true,false,false,false,false,false,false,false,false,false,false,false,false,false,false,false,false,false,-83.20959,42.43027,"{
  ""coordinates"": [
    -8.320959433566100e+01,
    4.243027479570060e+01
  ],
  ""type"": ""Point""
}","{
  ""coordinates"": [
    -83.209594336,
    42.430274796
  ],
  ""type"": ""Point""
}",-83.209594336,42.430274796
20700,1376718,GREENFIELD,SCHOOLCRAFT,2018-05-19,19,5,2018,8,7,4,9,,2,0,Asphalt,2,4,1,35,4,2,3,5,0,0,0,0,true,false,true,true,false,false,false,false,false,false,false,false,false,true,false,false,false,false,false,false,false,false,-83.19817,42.38704,"{
  ""coordinates"": [
    -8.319816931618109e+01,
    4.238703646425640e+01
  ],
  ""type"": ""Point""
}","{
  ""coordinates"": [
    -83.198169316,
    42.387036464
  ],
  ""type"": ""Point""
}",-83.198169316,42.3870364640001
20701,1377699,W I 96,MCGRAW,2018-05-19,19,5,2018,15,7,1,1,,1,1,Asphalt,2,4,1,70,4,1,1,5,0,0,0,0,true,false,false,false,false,false,false,false,false,true,false,false,false,false,false,false,false,false,false,false,false,false,-83.10233,42.35279,"{
  ""coordinates"": [
    -8.310232834705570e+01,
    4.235279310527800e+01
  ],
  ""type"": ""Point""
}","{
  ""coordinates"": [
    -83.102328347,
    42.352793105
  ],
  ""type"": ""Point""
}",-83.102328347,42.352793105
20702,1377754,EPWORTH,TIREMAN,2018-05-19,19,5,2018,4,7,1,9,,4,1,Asphalt,2,4,4,30,2,1,0,5,0,0,0,0,true,false,false,false,false,false,false,false,false,false,false,false,false,false,false,false,false,false,false,false,false,false,-83.12995,42.35219,"{
  ""coordinates"": [
    -8.312994949928409e+01,
    4.235219373347070e+01
  ],
  ""type"": ""Point""
}","{
  ""coordinates"": [
    -83.129949499,
    42.352193733
  ],
  ""type"": ""Point""
}",-83.129949499,42.352193733
20703,1377701,I-75,7 MILE,2018-05-19,19,5,2018,18,7,8,1,,1,0,Asphalt,2,2,1,70,4,2,4,5,0,0,0,0,true,false,false,false,false,false,false,false,false,true,false,false,false,false,false,false,false,false,false,false,false,false,-83.09422,42.42887,"{
  ""coordinates"": [
    -8.309422573598290e+01,
    4.242887398933620e+01
  ],
  ""type"": ""Point""
}","{
  ""coordinates"": [
    -83.094225736,
    42.428873989
  ],
  ""type"": ""Point""
}",-83.0942257359999,42.4288739890001
20704,1377727,FENKELL,SORRENTO,2018-05-19,19,5,2018,17,7,8,9,,2,0,Asphalt,1,1,1,35,2,2,1,5,0,0,0,0,true,false,false,false,true,false,false,false,false,false,true,false,false,false,false,false,false,false,false,false,false,false,-83.1726,42.40218,"{
  ""coordinates"": [
    -8.317259606159040e+01,
    4.240218038419320e+01
  ],
  ""type"": ""Point""
}","{
  ""coordinates"": [
    -83.172596062,
    42.402180384
  ],
  ""type"": ""Point""
}",-83.172596062,42.4021803840001
20705,1376788,CHARLES,MOUND,2018-05-19,19,5,2018,8,7,8,9,,4,0,Asphalt,1,1,1,35,1,2,1,5,0,0,0,0,true,false,false,false,false,false,false,false,false,false,false,false,false,false,false,false,false,false,false,false,false,false,-83.04605,42.41181,"{
  ""coordinates"": [
    -8.304605459024189e+01,
    4.241181061756990e+01
  ],
  ""type"": ""Point""
}","{
  ""coordinates"": [
    -83.04605459,
    42.411810618
  ],
  ""type"": ""Point""
}",-83.04605459,42.4118106180001
20706,1377735,FERGUSON,7 MILE,2018-05-19,19,5,2018,18,7,5,9,,,0,,2,98,1,25,4,2,1,5,0,0,0,0,true,false,false,false,true,false,false,false,false,false,false,false,false,false,false,false,false,false,false,false,false,false,-83.21062,42.43023,"{
  ""coordinates"": [
    -8.321061964342481e+01,
    4.243022543261200e+01
  ],
  ""type"": ""Point""
}","{
  ""coordinates"": [
    -83.210619643,
    42.430225433
  ],
  ""type"": ""Point""
}",-83.210619643,42.430225433
20707,1376706,I 94,FRONTENAC,2018-05-19,19,5,2018,11,7,5,1,,1,0,Asphalt,1,1,1,55,3,2,2,5,0,0,0,0,true,false,false,false,false,false,false,true,false,false,false,false,false,false,false,false,false,false,false,false,false,false,-83.02505,42.38502,"{
  ""coordinates"": [
    -8.302504694453010e+01,
    4.238501956340610e+01
  ],
  ""type"": ""Point""
}","{
  ""coordinates"": [
    -83.025046945,
    42.385019563
  ],
  ""type"": ""Point""
}",-83.025046945,42.3850195630001
20708,1376775,SOMERSET,MORANG,2018-05-18,18,5,2018,22,6,98,9,,,0,,1,1,4,25,1,2,0,5,0,0,0,0,true,false,false,false,true,false,false,false,false,false,true,false,false,false,false,false,false,false,false,false,false,false,-82.94361,42.42381,"{
  ""coordinates"": [
    -8.294361127378311e+01,
    4.242380890354090e+01
  ],
  ""type"": ""Point""
}","{
  ""coordinates"": [
    -82.943611274,
    42.423808904
  ],
  ""type"": ""Point""
}",-82.943611274,42.4238089040001
20709,1448702,LAWTON,GRAND,2018-05-18,18,5,2018,13,6,4,9,,,0,,1,1,1,25,2,2,1,5,0,0,0,0,true,false,false,false,true,false,false,false,false,false,false,false,false,false,false,false,false,false,false,false,false,false,-83.12582,42.39362,"{
  ""coordinates"": [
    -8.312582469961920e+01,
    4.239361422738320e+01
  ],
  ""type"": ""Point""
}","{
  ""coordinates"": [
    -83.1258247,
    42.393614227
  ],
  ""type"": ""Point""
}",-83.1258247,42.3936142270001
20710,1376703,M 39 N/B,PLYMOUTH,2018-05-18,18,5,2018,16,6,5,3,,1,0,Asphalt,1,2,1,55,3,3,3,4,0,0,0,2,false,false,false,false,false,false,false,false,false,false,false,false,false,true,false,false,false,false,false,false,false,false,-83.21674,42.37587,"{
  ""coordinates"": [
    -8.321673860816560e+01,
    4.237587414303830e+01
  ],
  ""type"": ""Point""
}","{
  ""coordinates"": [
    -83.216738608,
    42.375874143
  ],
  ""type"": ""Point""
}",-83.216738608,42.375874143
20711,1436940,JEFFERSON,BEAUBIEN,2018-05-18,18,5,2018,11,6,6,4,,1,0,Asphalt,1,1,1,35,3,2,3,5,0,0,0,0,true,false,false,false,false,false,false,false,false,false,false,false,false,false,false,false,false,false,false,false,false,false,-83.03946,42.33067,"{
  ""coordinates"": [
    -8.303945675502840e+01,
    4.233067168848530e+01
  ],
  ""type"": ""Point""
}","{
  ""coordinates"": [
    -83.039456755,
    42.330671688
  ],
  ""type"": ""Point""
}",-83.0394567549999,42.3306716880001
20712,1376784,N I 75,8 MILE SERVICE DRIVE,2018-05-18,18,5,2018,12,6,8,1,,1,0,Asphalt,1,1,1,40,3,2,3,5,0,0,0,0,true,false,false,false,false,false,false,false,false,false,false,false,false,false,false,false,true,false,false,false,false,false,-83.09468,42.44656,"{
  ""coordinates"": [
    -8.309467919107820e+01,
    4.244655445367180e+01
  ],
  ""type"": ""Point""
}","{
  ""coordinates"": [
    -83.094679191,
    42.446554454
  ],
  ""type"": ""Point""
}",-83.094679191,42.4465544540001
20713,1376769,CADILLAC,E I 94 SERVICE DRIVE,2018-05-18,18,5,2018,22,6,4,9,,4,0,Asphalt,1,1,4,,4,2,1,5,0,0,0,0,true,false,false,false,true,false,false,false,false,false,false,false,false,false,false,false,false,false,false,false,false,false,-83.00314,42.39175,"{
  ""coordinates"": [
    -8.300313722820100e+01,
    4.239175489983240e+01
  ],
  ""type"": ""Point""
}","{
  ""coordinates"": [
    -83.003137228,
    42.3917549
  ],
  ""type"": ""Point""
}",-83.003137228,42.3917549000001
20714,1376781,BROADSTREET,JOY,2018-05-18,18,5,2018,14,6,8,9,,4,0,Asphalt,1,1,1,35,4,2,2,5,0,0,0,0,true,false,false,false,false,false,false,false,false,false,false,false,false,false,false,true,false,false,false,false,false,false,-83.12585,42.36708,"{
  ""coordinates"": [
    -8.312585028428410e+01,
    4.236708298847930e+01
  ],
  ""type"": ""Point""
}","{
  ""coordinates"": [
    -83.125850284,
    42.367082988
  ],
  ""type"": ""Point""
}",-83.125850284,42.367082988
20715,1376801,LIVERNOIS,FLORENCE,2018-05-18,18,5,2018,19,6,5,9,,4,0,Asphalt,1,1,1,30,5,2,1,5,0,0,0,0,true,false,false,false,true,false,false,false,false,false,false,false,false,false,false,false,false,false,false,false,false,false,-83.14078,42.41254,"{
  ""coordinates"": [
    -8.314077703737880e+01,
    4.241254283448310e+01
  ],
  ""type"": ""Point""
}","{
  ""coordinates"": [
    -83.140777037,
    42.412542834
  ],
  ""type"": ""Point""
}",-83.140777037,42.4125428340001
20716,1376804,HARTWELL,MIDLAND,2018-05-18,18,5,2018,22,6,4,9,,,0,,1,1,3,25,4,2,3,4,0,0,0,1,false,false,false,false,true,false,false,false,false,true,false,false,false,false,false,false,false,false,false,false,false,false,-83.17822,42.40575,"{
  ""coordinates"": [
    -8.317821513576500e+01,
    4.240575044749830e+01
  ],
  ""type"": ""Point""
}","{
  ""coordinates"": [
    -83.178215136,
    42.405750447
  ],
  ""type"": ""Point""
}",-83.1782151359999,42.4057504470001
20717,1448704,POE,GRAND,2018-05-18,18,5,2018,13,6,8,9,,,0,,1,1,1,25,2,2,3,5,0,0,0,0,true,false,false,false,false,false,false,false,false,false,false,false,false,false,false,false,false,false,false,false,false,false,-83.08694,42.36619,"{
  ""coordinates"": [
    -8.308693708314190e+01,
    4.236619021604160e+01
  ],
  ""type"": ""Point""
}","{
  ""coordinates"": [
    -83.086937083,
    42.366190216
  ],
  ""type"": ""Point""
}",-83.086937083,42.3661902160001
20718,1376760,OUTER,GRAND RIVER,2018-05-18,18,5,2018,12,6,5,3,,2,0,Asphalt,1,1,1,35,3,2,2,5,0,0,0,0,true,false,false,false,false,false,false,false,false,false,false,false,false,false,false,false,false,false,false,false,false,false,-83.23249,42.40635,"{
  ""coordinates"": [
    -8.323248867732690e+01,
    4.240634625679290e+01
  ],
  ""type"": ""Point""
}","{
  ""coordinates"": [
    -83.232488677,
    42.406346257
  ],
  ""type"": ""Point""
}",-83.2324886769999,42.4063462570001
20719,1376723,S I 75,MACK,2018-05-18,18,5,2018,5,6,97,1,,1,0,Concrete,1,1,2,30,3,2,2,5,0,0,0,0,true,false,false,false,true,false,false,false,false,false,false,false,false,false,false,false,false,false,false,false,false,false,-83.04807,42.35105,"{
  ""coordinates"": [
    -8.304806938027460e+01,
    4.235105137531150e+01
  ],
  ""type"": ""Point""
}","{
  ""coordinates"": [
    -83.04806938,
    42.351051375
  ],
  ""type"": ""Point""
}",-83.04806938,42.3510513750001
20720,1377695,W I 94,MOUNT ELLIOTT,2018-05-18,18,5,2018,0,6,1,1,,1,1,Asphalt,1,1,4,55,3,1,1,5,0,0,0,0,true,false,false,false,false,false,false,false,false,true,false,false,false,false,false,false,false,false,false,false,false,false,-83.03365,42.37943,"{
  ""coordinates"": [
    -8.303365625545869e+01,
    4.237943429099630e+01
  ],
  ""type"": ""Point""
}","{
  ""coordinates"": [
    -83.033656255,
    42.379434291
  ],
  ""type"": ""Point""
}",-83.033656255,42.3794342910001
20721,1376794,PEMBROKE,LITTLEFIELD,2018-05-18,18,5,2018,9,6,1,9,,,0,,1,1,1,25,1,1,3,5,0,0,0,0,true,false,false,false,false,false,false,false,false,false,false,false,false,false,false,false,false,false,false,false,false,false,-83.17749,42.43837,"{
  ""coordinates"": [
    -8.317748756228660e+01,
    4.243836546041740e+01
  ],
  ""type"": ""Point""
}","{
  ""coordinates"": [
    -83.177487562,
    42.43836546
  ],
  ""type"": ""Point""
}",-83.177487562,42.4383654600001
20722,1376755,GRATIOT,ARNDT,2018-05-18,18,5,2018,16,6,5,3,,1,0,Asphalt,1,1,1,30,7,3,3,5,0,0,0,0,true,false,false,false,false,false,false,false,false,false,false,false,false,false,false,false,false,false,false,false,false,false,-83.0318,42.35286,"{
  ""coordinates"": [
    -8.303180049380640e+01,
    4.235285807667120e+01
  ],
  ""type"": ""Point""
}","{
  ""coordinates"": [
    -83.031800494,
    42.352858077
  ],
  ""type"": ""Point""
}",-83.031800494,42.3528580770001
20723,1378607,7 MILE,EVERGREEN,2018-05-18,18,5,2018,10,6,4,9,,2,0,Asphalt,1,1,1,35,2,2,2,5,0,0,0,0,true,false,false,false,true,false,false,false,false,false,false,false,false,true,true,false,false,false,false,false,false,false,-83.23878,42.42957,"{
  ""coordinates"": [
    -8.323878368980310e+01,
    4.242957422931810e+01
  ],
  ""type"": ""Point""
}","{
  ""coordinates"": [
    -83.23878369,
    42.429574229
  ],
  ""type"": ""Point""
}",-83.2387836899999,42.429574229
20724,1376697,E/B I 96,TIREMAN,2018-05-18,18,5,2018,8,6,5,1,,1,0,Asphalt,1,1,1,55,4,3,3,3,0,0,1,1,false,false,false,false,true,false,false,true,false,false,false,false,false,false,false,false,false,false,false,false,false,false,-83.11385,42.35735,"{
  ""coordinates"": [
    -8.311385198012231e+01,
    4.235734639189450e+01
  ],
  ""type"": ""Point""
}","{
  ""coordinates"": [
    -83.11385198,
    42.357346392
  ],
  ""type"": ""Point""
}",-83.1138519799999,42.3573463920001
20725,1376738,ALTER,FRANKFORT,2018-05-18,18,5,2018,16,6,4,9,,4,0,Asphalt,1,1,1,35,2,2,1,5,0,0,0,0,true,false,false,false,true,false,false,false,false,false,false,false,false,false,false,false,false,false,false,false,false,false,-82.95584,42.39858,"{
  ""coordinates"": [
    -8.295584389832050e+01,
    4.239857679805580e+01
  ],
  ""type"": ""Point""
}","{
  ""coordinates"": [
    -82.955843898,
    42.398576798
  ],
  ""type"": ""Point""
}",-82.955843898,42.3985767980001
20726,1376693,M-10,CHICAGO,2018-05-18,18,5,2018,21,6,8,3,,1,0,Concrete,1,2,4,55,3,2,1,3,0,0,1,0,false,false,false,false,true,false,false,false,false,false,false,false,false,false,false,false,false,false,false,false,false,false,-83.09295,42.38186,"{
  ""coordinates"": [
    -8.309295110625570e+01,
    4.238186424726570e+01
  ],
  ""type"": ""Point""
}","{
  ""coordinates"": [
    -83.092951106,
    42.381864247
  ],
  ""type"": ""Point""
}",-83.092951106,42.3818642470001