ObjectId,Crash ID,Primary Road,Intersecting Road,Crash Date,Day,Month,Year,Hour,Weekday,Crash Type Code,Highway Classification Code,Community Code,Jurisdiction Code,Lane Departure Type Code,Surface Type,Road Condition,Weather Condition,Lighting Condition,Speed Limit,Lanes,Units,Occupants,Most Severe Injury,Fatal Injuries,Suspected Serious Injuries,Suspected Minor Injuries,Possible Injuries,Property Damage Only,Secondary Crash,Traffic Control,Red Light Run,Hit and Run,Alcohol,Drugs,Unbelted Person,Work Zone,Speeding Driver,Distracted Driver,Driveway,Pedestrian,Elderly Driver,Young Driver,Commercial Vehicle,Emergency Vehicles,Train,School Bus,Motorcycle,Bicycle,Deer,Longitude,Latitude,geom,geog,x,y
20727,1382650,E I 94,N M 10,2018-05-18,18,5,2018,16,6,5,1,,1,0,Asphalt,1,1,1,55,3,2,2,5,0,0,0,0,true,false,false,false,false,false,false,false,false,false,false,false,false,false,false,false,false,false,false,false,false,false,-83.07609,42.35902,"{
  ""coordinates"": [
    -8.307608967729540e+01,
    4.235902286738860e+01
  ],
  ""type"": ""Point""
}","{
  ""coordinates"": [
    -83.076089677,
    42.359022867
  ],
  ""type"": ""Point""
}",-83.076089677,42.3590228670001
20728,1376733,JEFFERSON,ALGONQUIN,2018-05-18,18,5,2018,15,6,4,9,,4,0,Asphalt,1,1,1,35,4,2,1,5,0,0,0,0,true,false,false,false,true,false,false,false,false,false,false,false,false,false,false,false,false,false,false,false,false,false,-82.95653,42.37024,"{
  ""coordinates"": [
    -8.295653083724881e+01,
    4.237023755449870e+01
  ],
  ""type"": ""Point""
}","{
  ""coordinates"": [
    -82.956530837,
    42.370237554
  ],
  ""type"": ""Point""
}",-82.9565308369999,42.370237554
20729,1377724,SOUTHFIELD SERVICE,FORD,2018-05-18,18,5,2018,18,6,5,3,,1,0,Asphalt,1,1,1,25,2,2,3,4,0,0,0,2,false,false,false,false,false,false,false,true,false,true,false,false,false,false,false,false,false,false,false,false,false,false,-83.21623,42.33313,"{
  ""coordinates"": [
    -8.321622984529030e+01,
    4.233313398872770e+01
  ],
  ""type"": ""Point""
}","{
  ""coordinates"": [
    -83.216229845,
    42.333133989
  ],
  ""type"": ""Point""
}",-83.216229845,42.333133989
20730,1376782,8 MILE,RYAN,2018-05-18,18,5,2018,17,6,4,3,,1,0,Asphalt,1,1,1,40,4,2,2,5,0,0,0,0,true,false,false,false,false,false,false,false,false,false,false,false,false,false,false,false,false,false,false,false,false,false,-83.06412,42.44725,"{
  ""coordinates"": [
    -8.306411525790790e+01,
    4.244725571284320e+01
  ],
  ""type"": ""Point""
}","{
  ""coordinates"": [
    -83.064115258,
    42.447255713
  ],
  ""type"": ""Point""
}",-83.064115258,42.4472557130001
20731,1381253,I-94,CONNER,2018-05-18,18,5,2018,23,6,5,1,,1,0,Asphalt,1,2,4,55,1,2,1,5,0,0,0,0,true,false,false,false,true,false,false,false,true,false,true,false,false,false,false,false,false,false,false,false,false,false,-82.98635,42.39753,"{
  ""coordinates"": [
    -8.298635244914639e+01,
    4.239753163924760e+01
  ],
  ""type"": ""Point""
}","{
  ""coordinates"": [
    -82.986352449,
    42.397531639
  ],
  ""type"": ""Point""
}",-82.986352449,42.3975316390001
20732,1376739,WARREN,FAIRVIEW,2018-05-18,18,5,2018,21,6,4,9,,4,0,Asphalt,1,1,1,35,4,2,4,5,0,0,0,0,true,false,false,false,true,false,false,false,false,false,false,false,false,false,true,false,false,false,false,false,false,false,-82.98701,42.38612,"{
  ""coordinates"": [
    -8.298700968557600e+01,
    4.238611860637360e+01
  ],
  ""type"": ""Point""
}","{
  ""coordinates"": [
    -82.987009686,
    42.386118606
  ],
  ""type"": ""Point""
}",-82.987009686,42.386118606
20733,1376741,CENTRAL,JOY,2018-05-18,18,5,2018,19,6,97,9,,4,0,Asphalt,1,2,1,25,2,2,1,5,0,0,0,0,true,false,false,false,true,false,false,false,false,false,false,false,false,false,false,false,false,false,false,false,false,false,-83.14614,42.3594,"{
  ""coordinates"": [
    -8.314614134571650e+01,
    4.235939724057960e+01
  ],
  ""type"": ""Point""
}","{
  ""coordinates"": [
    -83.146141346,
    42.359397241
  ],
  ""type"": ""Point""
}",-83.146141346,42.3593972410001
20734,1376690,W/B I-94,SECOND,2018-05-18,18,5,2018,15,6,5,1,,1,0,Asphalt,1,1,1,55,3,3,3,5,0,0,0,0,true,false,false,false,false,false,false,false,false,false,false,false,false,false,true,false,false,false,false,false,false,false,-83.07168,42.36221,"{
  ""coordinates"": [
    -8.307167834507550e+01,
    4.236220424712170e+01
  ],
  ""type"": ""Point""
}","{
  ""coordinates"": [
    -83.071678345,
    42.362204247
  ],
  ""type"": ""Point""
}",-83.071678345,42.3622042470001
20735,1376711,S M 39,RAMP 009C,2018-05-18,18,5,2018,16,6,5,3,,1,0,Asphalt,1,2,1,55,3,2,3,5,0,0,0,0,true,false,false,false,false,false,false,false,false,false,false,false,false,false,false,false,false,false,false,false,false,false,-83.21836,42.40326,"{
  ""coordinates"": [
    -8.321835902452619e+01,
    4.240326154394550e+01
  ],
  ""type"": ""Point""
}","{
  ""coordinates"": [
    -83.218359025,
    42.403261544
  ],
  ""type"": ""Point""
}",-83.218359025,42.403261544
20736,1376764,GRATIOT,FORDHAM,2018-05-18,18,5,2018,20,6,8,3,,1,0,Asphalt,1,1,1,35,5,2,1,4,0,0,0,1,false,false,false,false,true,false,false,false,false,false,false,false,false,false,false,false,false,false,false,false,false,false,-82.97826,42.43423,"{
  ""coordinates"": [
    -8.297825594047040e+01,
    4.243422633698590e+01
  ],
  ""type"": ""Point""
}","{
  ""coordinates"": [
    -82.97825594,
    42.434226337
  ],
  ""type"": ""Point""
}",-82.9782559399999,42.434226337
20737,1382656,JEFFERSON,RANDOLPH,2018-05-18,18,5,2018,12,6,8,3,,1,0,Asphalt,1,1,1,30,3,2,0,5,0,0,0,0,true,false,false,false,true,false,false,false,false,false,false,false,false,false,false,false,true,false,false,false,false,false,-83.04185,42.32965,"{
  ""coordinates"": [
    -8.304184580331720e+01,
    4.232965563263470e+01
  ],
  ""type"": ""Point""
}","{
  ""coordinates"": [
    -83.041845803,
    42.329655633
  ],
  ""type"": ""Point""
}",-83.0418458029999,42.3296556330001
20738,1376766,SEVEN MILE,OUTER,2018-05-18,18,5,2018,23,6,8,9,,4,0,Asphalt,1,2,4,30,2,2,2,5,0,0,0,0,true,false,false,false,true,false,false,false,false,false,false,false,false,true,false,false,false,false,false,false,false,false,-83.01496,42.43414,"{
  ""coordinates"": [
    -8.301496117120450e+01,
    4.243414291669750e+01
  ],
  ""type"": ""Point""
}","{
  ""coordinates"": [
    -83.014961171,
    42.434142917
  ],
  ""type"": ""Point""
}",-83.014961171,42.434142917
20739,1376715,CHICAGO,DECATUR,2018-05-18,18,5,2018,19,6,8,9,,4,0,Asphalt,1,1,1,30,3,2,3,5,0,0,0,0,true,false,false,false,false,false,false,false,false,false,false,false,false,false,false,false,false,false,false,false,false,false,-83.18197,42.3657,"{
  ""coordinates"": [
    -8.318197141711450e+01,
    4.236569917918550e+01
  ],
  ""type"": ""Point""
}","{
  ""coordinates"": [
    -83.181971417,
    42.365699179
  ],
  ""type"": ""Point""
}",-83.1819714169999,42.365699179
20740,1376701,S M 39,RAMP 012D,2018-05-18,18,5,2018,13,6,8,3,,1,0,Concrete,1,1,1,55,3,2,2,5,0,0,0,0,true,false,false,false,false,false,false,false,false,false,false,false,false,false,false,true,false,false,false,false,false,false,-83.21984,42.44092,"{
  ""coordinates"": [
    -8.321984098933430e+01,
    4.244092055766020e+01
  ],
  ""type"": ""Point""
}","{
  ""coordinates"": [
    -83.219840989,
    42.440920558
  ],
  ""type"": ""Point""
}",-83.219840989,42.4409205580001
20741,1376707,I-94,WAYNE,2018-05-18,18,5,2018,14,6,5,1,,1,0,Asphalt,1,1,1,70,3,2,4,5,0,0,0,0,true,false,false,false,false,false,false,false,false,false,false,false,false,false,false,false,false,false,false,false,false,false,-83.07424,42.36076,"{
  ""coordinates"": [
    -8.307424458416170e+01,
    4.236075722919100e+01
  ],
  ""type"": ""Point""
}","{
  ""coordinates"": [
    -83.074244584,
    42.360757229
  ],
  ""type"": ""Point""
}",-83.074244584,42.3607572290001
20742,1377759,DAVISON,LINWOOD,2018-05-18,18,5,2018,18,6,6,3,,1,0,Asphalt,1,1,1,35,5,2,2,5,0,0,0,0,true,false,false,false,false,false,false,false,false,false,false,false,false,false,false,false,false,false,false,false,false,false,-83.12303,42.39264,"{
  ""coordinates"": [
    -8.312303168192931e+01,
    4.239264482442390e+01
  ],
  ""type"": ""Point""
}","{
  ""coordinates"": [
    -83.123031682,
    42.392644824
  ],
  ""type"": ""Point""
}",-83.123031682,42.3926448240001
20743,1376732,BEACONSFIELD,BREMEM,2018-05-18,18,5,2018,12,6,4,9,,,0,,1,1,1,25,4,2,2,3,0,0,2,0,false,false,false,false,false,false,false,false,false,true,false,false,false,false,false,false,false,false,false,false,false,false,-82.94542,42.39217,"{
  ""coordinates"": [
    -8.294542243735749e+01,
    4.239216889144420e+01
  ],
  ""type"": ""Point""
}","{
  ""coordinates"": [
    -82.945422437,
    42.392168891
  ],
  ""type"": ""Point""
}",-82.945422437,42.392168891
20744,1377714,EDSEL FORD FWY W/B SD,BRUSHST,2018-05-18,18,5,2018,10,6,4,1,,1,0,Asphalt,1,1,1,30,4,2,2,4,0,0,0,1,false,false,false,false,false,false,false,false,false,false,false,false,false,true,false,false,false,false,false,false,false,false,-83.06456,42.36578,"{
  ""coordinates"": [
    -8.306456021466990e+01,
    4.236578002956420e+01
  ],
  ""type"": ""Point""
}","{
  ""coordinates"": [
    -83.064560215,
    42.36578003
  ],
  ""type"": ""Point""
}",-83.064560215,42.3657800300001
20745,1379423,GRAND RIVER,PURITAN,2018-05-18,18,5,2018,14,6,5,3,,1,0,Asphalt,1,1,1,40,3,6,3,3,0,0,1,1,false,false,false,false,false,false,false,true,false,false,false,false,true,false,false,false,false,false,false,false,false,false,-83.23647,42.40801,"{
  ""coordinates"": [
    -8.323647030125269e+01,
    4.240800980047910e+01
  ],
  ""type"": ""Point""
}","{
  ""coordinates"": [
    -83.236470301,
    42.4080098
  ],
  ""type"": ""Point""
}",-83.2364703009999,42.4080098000001
20746,1376802,SCHAEFER,8 MILE,2018-05-18,18,5,2018,17,6,97,9,,4,0,Asphalt,1,1,1,30,5,2,1,5,0,0,0,0,true,false,false,false,true,false,false,false,false,false,false,true,false,false,false,false,false,false,false,false,false,false,-83.18098,42.44464,"{
  ""coordinates"": [
    -8.318098305876551e+01,
    4.244463778827920e+01
  ],
  ""type"": ""Point""
}","{
  ""coordinates"": [
    -83.180983059,
    42.444637788
  ],
  ""type"": ""Point""
}",-83.180983059,42.4446377880001
20747,1388351,MICHIGAN,WILLIAMS,2018-05-18,18,5,2018,21,6,1,2,,1,0,Concrete,1,1,3,35,3,2,1,3,0,0,1,0,false,false,false,false,true,false,false,false,false,false,false,false,false,false,false,false,false,false,false,false,true,false,-83.08822,42.33146,"{
  ""coordinates"": [
    -8.308821698964320e+01,
    4.233145366961420e+01
  ],
  ""type"": ""Point""
}","{
  ""coordinates"": [
    -83.08821699,
    42.33145367
  ],
  ""type"": ""Point""
}",-83.08821699,42.33145367
20748,1376780,HAVERHILL,LINVILLE,2018-05-18,18,5,2018,23,6,97,9,,,0,,2,1,4,25,1,2,0,5,0,0,0,0,true,false,false,false,true,false,false,false,false,false,false,true,false,false,false,false,false,false,false,false,false,false,-82.94708,42.40775,"{
  ""coordinates"": [
    -8.294708419361940e+01,
    4.240774637799220e+01
  ],
  ""type"": ""Point""
}","{
  ""coordinates"": [
    -82.947084194,
    42.407746378
  ],
  ""type"": ""Point""
}",-82.947084194,42.4077463780001
20749,1477874,JEFFERSON,TENTH,2018-05-18,18,5,2018,21,6,4,9,,4,0,Concrete,1,1,4,35,4,2,3,5,0,0,0,0,true,false,false,false,false,false,false,false,false,false,false,false,false,false,false,false,false,false,false,false,false,false,-83.0621,42.32281,"{
  ""coordinates"": [
    -8.306210037858661e+01,
    4.232281647941980e+01
  ],
  ""type"": ""Point""
}","{
  ""coordinates"": [
    -83.062100379,
    42.322816479
  ],
  ""type"": ""Point""
}",-83.062100379,42.322816479
20750,1473339,MCNICHOLS,VAUGHAN,2018-05-18,18,5,2018,17,6,8,9,,2,0,Asphalt,1,1,1,,2,2,3,5,0,0,0,0,true,false,false,false,false,false,false,false,false,false,false,false,false,false,false,false,false,false,false,false,false,false,-83.23919,42.41516,"{
  ""coordinates"": [
    -8.323918560329840e+01,
    4.241515656203960e+01
  ],
  ""type"": ""Point""
}","{
  ""coordinates"": [
    -83.239185603,
    42.415156562
  ],
  ""type"": ""Point""
}",-83.239185603,42.415156562
20751,1376751,GRANDVILLE,SCHOOLCRAFT,2018-05-18,18,5,2018,19,6,4,9,,,0,,1,1,1,25,2,2,1,5,0,0,0,0,true,false,false,false,false,false,false,false,false,false,false,false,false,false,false,false,false,false,false,false,false,false,-83.23086,42.3864,"{
  ""coordinates"": [
    -8.323085872449390e+01,
    4.238640295523140e+01
  ],
  ""type"": ""Point""
}","{
  ""coordinates"": [
    -83.230858724,
    42.386402955
  ],
  ""type"": ""Point""
}",-83.230858724,42.3864029550001
20752,1376652,I-96,SCHAEFER,2018-05-18,18,5,2018,0,6,5,1,,1,0,Asphalt,1,1,4,70,3,2,2,5,0,0,0,0,true,false,false,false,false,false,false,false,false,false,false,false,false,false,true,false,false,false,false,false,false,false,-83.1781,42.38338,"{
  ""coordinates"": [
    -8.317809761111700e+01,
    4.238337922565380e+01
  ],
  ""type"": ""Point""
}","{
  ""coordinates"": [
    -83.178097611,
    42.383379226
  ],
  ""type"": ""Point""
}",-83.1780976109999,42.383379226
20753,1384230,PICKFORD,COYLE,2018-05-18,18,5,2018,9,6,4,9,,,0,,1,1,1,25,4,2,4,4,0,0,0,3,false,false,false,false,false,false,false,false,false,false,false,false,false,false,false,false,false,false,false,false,false,false,-83.19479,42.42514,"{
  ""coordinates"": [
    -8.319479740935429e+01,
    4.242513550151960e+01
  ],
  ""type"": ""Point""
}","{
  ""coordinates"": [
    -83.194797409,
    42.425135502
  ],
  ""type"": ""Point""
}",-83.194797409,42.425135502
20754,1381277,KERCHEVAL,BENITEAU,2018-05-18,18,5,2018,15,6,1,9,,4,0,Asphalt,1,1,1,25,3,1,3,4,0,0,0,1,false,false,false,false,false,false,false,true,false,false,false,false,false,false,false,false,false,false,false,false,false,false,-82.97353,42.36886,"{
  ""coordinates"": [
    -8.297353577573500e+01,
    4.236885664504180e+01
  ],
  ""type"": ""Point""
}","{
  ""coordinates"": [
    -82.973535776,
    42.368856645
  ],
  ""type"": ""Point""
}",-82.9735357759999,42.3688566450001
20755,1376698,E M 8,E I 96,2018-05-18,18,5,2018,7,6,5,3,,1,0,Concrete,1,1,1,35,1,2,2,5,0,0,0,0,true,false,false,false,false,false,false,false,false,false,false,false,false,false,false,false,false,false,false,false,false,false,-83.15697,42.38514,"{
  ""coordinates"": [
    -8.315696613451890e+01,
    4.238514034893840e+01
  ],
  ""type"": ""Point""
}","{
  ""coordinates"": [
    -83.156966135,
    42.385140349
  ],
  ""type"": ""Point""
}",-83.1569661349999,42.385140349
20756,1406891,SCHAEFER,CHIPPEWA,2018-05-18,18,5,2018,18,6,8,9,,4,0,Asphalt,1,1,1,30,2,2,2,3,0,0,2,0,false,false,false,false,false,true,false,false,false,false,false,false,false,false,false,false,false,false,false,false,false,false,-83.18084,42.44055,"{
  ""coordinates"": [
    -8.318084090913980e+01,
    4.244055241006410e+01
  ],
  ""type"": ""Point""
}","{
  ""coordinates"": [
    -83.180840909,
    42.44055241
  ],
  ""type"": ""Point""
}",-83.180840909,42.4405524100001
20757,1376708,I-96,LIVERNOIS,2018-05-18,18,5,2018,15,6,1,1,,1,1,Asphalt,1,1,1,70,4,1,1,3,0,0,1,0,false,false,false,false,false,false,false,false,false,true,false,false,false,false,false,false,false,false,false,false,false,false,-83.13866,42.36713,"{
  ""coordinates"": [
    -8.313865743800140e+01,
    4.236713576207870e+01
  ],
  ""type"": ""Point""
}","{
  ""coordinates"": [
    -83.138657438,
    42.367135762
  ],
  ""type"": ""Point""
}",-83.1386574379999,42.367135762
20758,1385059,CONANT,ALPHA,2018-05-18,18,5,2018,20,6,5,9,,4,0,Asphalt,1,1,1,35,2,2,4,5,0,0,0,0,true,false,false,false,false,false,false,false,false,false,false,false,false,false,false,false,false,false,false,false,false,false,-83.06415,42.41945,"{
  ""coordinates"": [
    -8.306415049109530e+01,
    4.241945141841670e+01
  ],
  ""type"": ""Point""
}","{
  ""coordinates"": [
    -83.064150491,
    42.419451418
  ],
  ""type"": ""Point""
}",-83.064150491,42.4194514180001
20759,1377709,RIVARD,NICOLET,2018-05-18,18,5,2018,21,6,6,9,,4,0,Asphalt,1,1,4,30,3,2,1,5,0,0,0,0,true,false,false,false,true,false,false,false,false,false,false,false,false,false,false,false,false,false,false,false,false,false,-83.03777,42.3387,"{
  ""coordinates"": [
    -8.303777565814190e+01,
    4.233869481221750e+01
  ],
  ""type"": ""Point""
}","{
  ""coordinates"": [
    -83.037775658,
    42.338694812
  ],
  ""type"": ""Point""
}",-83.037775658,42.338694812
20760,1377753,GRATIOT,HARPER,2018-05-18,18,5,2018,20,6,8,3,,1,0,Asphalt,2,1,4,35,2,2,1,5,0,0,0,0,true,false,false,false,false,false,false,false,false,false,false,false,false,false,false,false,false,false,false,false,false,false,-83.00528,42.39306,"{
  ""coordinates"": [
    -8.300527920642580e+01,
    4.239305861767000e+01
  ],
  ""type"": ""Point""
}","{
  ""coordinates"": [
    -83.005279206,
    42.393058618
  ],
  ""type"": ""Point""
}",-83.005279206,42.3930586180001
20761,1404720,RAMP 216D,E I 94,2018-05-18,18,5,2018,16,6,5,1,,1,0,Asphalt,1,1,1,,1,2,3,5,0,0,0,0,true,false,false,false,false,false,false,false,false,false,false,false,false,false,false,true,false,false,false,false,false,false,-83.0578,42.36854,"{
  ""coordinates"": [
    -8.305779751751980e+01,
    4.236854320040110e+01
  ],
  ""type"": ""Point""
}","{
  ""coordinates"": [
    -83.057797518,
    42.3685432
  ],
  ""type"": ""Point""
}",-83.057797518,42.3685432
20762,1376705,RAMP 216G,I-94,2018-05-18,18,5,2018,13,6,1,1,,1,1,Concrete,1,1,1,55,1,1,1,3,0,0,1,0,false,false,false,false,false,false,false,false,false,true,false,false,false,false,false,false,false,false,false,true,false,false,-83.05533,42.37054,"{
  ""coordinates"": [
    -8.305532764568120e+01,
    4.237053763591410e+01
  ],
  ""type"": ""Point""
}","{
  ""coordinates"": [
    -83.055327646,
    42.370537636
  ],
  ""type"": ""Point""
}",-83.055327646,42.3705376360001
20763,1376785,DAVISON,MORAN,2018-05-18,18,5,2018,23,6,4,3,,1,0,Asphalt,1,1,4,35,5,2,2,5,0,0,0,0,true,false,false,false,false,false,false,false,false,false,false,false,false,false,false,false,false,false,false,false,false,false,-83.06236,42.41522,"{
  ""coordinates"": [
    -8.306235652298810e+01,
    4.241521877676140e+01
  ],
  ""type"": ""Point""
}","{
  ""coordinates"": [
    -83.062356523,
    42.415218777
  ],
  ""type"": ""Point""
}",-83.0623565229999,42.4152187770001
20764,1377733,SCHAEFER,7 MILE,2018-05-18,18,5,2018,7,6,1,9,,4,1,Asphalt,1,1,1,35,2,1,1,5,0,0,0,0,true,false,false,false,false,false,false,false,false,false,false,false,false,false,false,false,false,false,false,false,false,false,-83.1805,42.43095,"{
  ""coordinates"": [
    -8.318049995313280e+01,
    4.243094737910380e+01
  ],
  ""type"": ""Point""
}","{
  ""coordinates"": [
    -83.180499953,
    42.430947379
  ],
  ""type"": ""Point""
}",-83.180499953,42.430947379
20765,1390569,HARPER,KENSINGTON,2018-05-18,18,5,2018,16,6,10,9,,4,3,Asphalt,1,1,1,30,2,2,0,5,0,0,0,0,true,false,false,false,true,false,false,false,false,false,false,false,false,false,false,false,false,false,false,false,false,false,-82.94099,42.41349,"{
  ""coordinates"": [
    -8.294098928065129e+01,
    4.241349567149610e+01
  ],
  ""type"": ""Point""
}","{
  ""coordinates"": [
    -82.940989281,
    42.413495671
  ],
  ""type"": ""Point""
}",-82.940989281,42.4134956710001
20766,1392348,3RD,BAGLEY,2018-05-18,18,5,2018,21,6,5,9,,4,0,Asphalt,1,1,4,,2,2,2,5,0,0,0,0,true,false,false,false,false,false,false,true,false,false,false,false,false,true,false,false,false,false,false,false,false,false,-83.0579,42.33231,"{
  ""coordinates"": [
    -8.305789986231920e+01,
    4.233230610995300e+01
  ],
  ""type"": ""Point""
}","{
  ""coordinates"": [
    -83.057899862,
    42.33230611
  ],
  ""type"": ""Point""
}",-83.0578998619999,42.33230611
20767,1376722,JOHN R,PALMER,2018-05-18,18,5,2018,8,6,8,9,,4,0,Asphalt,1,1,1,30,3,2,2,5,0,0,0,0,true,false,false,false,false,false,false,false,false,false,false,true,false,false,false,true,false,false,false,false,false,false,-83.06585,42.36322,"{
  ""coordinates"": [
    -8.306584669074461e+01,
    4.236322221273690e+01
  ],
  ""type"": ""Point""
}","{
  ""coordinates"": [
    -83.065846691,
    42.363222213
  ],
  ""type"": ""Point""
}",-83.065846691,42.363222213
20768,1417012,E I 96,E M 8,2018-05-18,18,5,2018,9,6,5,1,,1,0,Asphalt,1,1,1,70,3,2,2,4,0,0,0,1,false,false,false,false,true,false,false,false,false,true,false,false,false,true,false,false,false,false,false,false,false,false,-83.15412,42.38503,"{
  ""coordinates"": [
    -8.315412142150200e+01,
    4.238502713898960e+01
  ],
  ""type"": ""Point""
}","{
  ""coordinates"": [
    -83.154121422,
    42.385027139
  ],
  ""type"": ""Point""
}",-83.1541214219999,42.385027139
20769,1380419,ILENE,PURITAN,2018-05-18,18,5,2018,23,6,8,9,,,0,,2,4,4,25,1,2,0,5,0,0,0,0,true,false,false,false,true,false,false,false,false,false,false,false,false,false,false,false,false,false,false,false,false,false,-83.16217,42.40979,"{
  ""coordinates"": [
    -8.316216864466659e+01,
    4.240979410433480e+01
  ],
  ""type"": ""Point""
}","{
  ""coordinates"": [
    -83.162168645,
    42.409794104
  ],
  ""type"": ""Point""
}",-83.162168645,42.4097941040001
20770,1376749,DACOSTA,WARREN,2018-05-18,18,5,2018,10,6,8,9,,,3,,1,98,98,25,2,2,0,5,0,0,0,0,true,false,false,false,true,false,false,true,false,false,true,false,false,false,false,false,false,false,false,false,false,false,-83.25739,42.34216,"{
  ""coordinates"": [
    -8.325738611646820e+01,
    4.234215931843250e+01
  ],
  ""type"": ""Point""
}","{
  ""coordinates"": [
    -83.257386116,
    42.342159318
  ],
  ""type"": ""Point""
}",-83.257386116,42.342159318
20771,1382652,I 96,JOY,2018-05-18,18,5,2018,17,6,8,1,,1,0,Asphalt,1,1,1,70,4,2,2,5,0,0,0,0,true,false,false,false,false,true,false,false,false,false,false,false,false,true,false,false,false,false,false,false,false,false,-83.13063,42.36411,"{
  ""coordinates"": [
    -8.313062757893201e+01,
    4.236410781725410e+01
  ],
  ""type"": ""Point""
}","{
  ""coordinates"": [
    -83.130627579,
    42.364107817
  ],
  ""type"": ""Point""
}",-83.130627579,42.364107817
20772,1376729,VERNOR,SCOTTEN,2018-05-18,18,5,2018,20,6,5,9,,4,0,Asphalt,98,98,98,35,3,2,2,4,0,0,0,1,false,false,false,false,true,false,false,false,false,false,false,false,false,false,true,false,false,false,false,false,false,false,-83.09408,42.32097,"{
  ""coordinates"": [
    -8.309407733254740e+01,
    4.232096964892200e+01
  ],
  ""type"": ""Point""
}","{
  ""coordinates"": [
    -83.094077333,
    42.320969649
  ],
  ""type"": ""Point""
}",-83.094077333,42.3209696490001
20773,1376796,M 10,WYOMING,2018-05-18,18,5,2018,2,6,1,3,,1,1,Asphalt,1,1,4,30,3,1,1,4,0,0,0,1,false,false,false,false,false,false,false,false,false,true,false,false,false,false,false,false,false,false,false,false,false,false,-83.16007,42.40506,"{
  ""coordinates"": [
    -8.316007583689850e+01,
    4.240506436645940e+01
  ],
  ""type"": ""Point""
}","{
  ""coordinates"": [
    -83.160075837,
    42.405064366
  ],
  ""type"": ""Point""
}",-83.160075837,42.405064366
20774,1377713,GRISWOLD,FORT,2018-05-18,18,5,2018,14,6,4,3,,4,0,Asphalt,1,1,1,30,4,2,0,5,0,0,0,0,true,false,false,false,true,false,false,false,false,false,false,false,false,false,false,false,false,false,false,false,false,false,-83.04742,42.3307,"{
  ""coordinates"": [
    -8.304741509488839e+01,
    4.233070526204480e+01
  ],
  ""type"": ""Point""
}","{
  ""coordinates"": [
    -83.047415095,
    42.330705262
  ],
  ""type"": ""Point""
}",-83.047415095,42.330705262
20775,1382664,RANDOPLH,LARNED,2018-05-18,18,5,2018,8,6,8,3,,1,0,Asphalt,1,1,1,20,2,2,2,5,0,0,0,0,true,false,false,false,false,false,false,false,false,false,false,false,false,true,false,false,false,false,false,false,false,false,-83.04251,42.33062,"{
  ""coordinates"": [
    -8.304251066394291e+01,
    4.233061983879410e+01
  ],
  ""type"": ""Point""
}","{
  ""coordinates"": [
    -83.042510664,
    42.330619839
  ],
  ""type"": ""Point""
}",-83.042510664,42.3306198390001
20776,1378622,CONANT,ALPHA,2018-05-18,18,5,2018,20,6,5,9,,4,0,Asphalt,1,1,1,35,2,2,4,5,0,0,0,0,true,false,false,false,false,false,false,false,false,false,false,false,false,false,false,false,false,false,false,false,false,false,-83.06415,42.41945,"{
  ""coordinates"": [
    -8.306415049109530e+01,
    4.241945141841670e+01
  ],
  ""type"": ""Point""
}","{
  ""coordinates"": [
    -83.064150491,
    42.419451418
  ],
  ""type"": ""Point""
}",-83.064150491,42.4194514180001
20777,1382735,DAVISON,LINWOOD,2018-05-18,18,5,2018,22,6,8,3,,1,0,Asphalt,1,1,4,30,5,3,1,5,0,0,0,0,true,false,false,false,true,false,false,false,false,false,false,false,false,true,false,false,false,false,false,false,false,false,-83.12195,42.39305,"{
  ""coordinates"": [
    -8.312194901767781e+01,
    4.239304891535090e+01
  ],
  ""type"": ""Point""
}","{
  ""coordinates"": [
    -83.121949018,
    42.393048915
  ],
  ""type"": ""Point""
}",-83.121949018,42.3930489150001
20778,1404719,S/B I-75,DAVISON,2018-05-18,18,5,2018,15,6,5,1,,1,0,Asphalt,1,1,1,55,4,2,2,5,0,0,0,0,true,false,false,false,false,false,false,false,false,false,false,false,false,false,false,false,false,false,false,false,false,false,-83.08151,42.41098,"{
  ""coordinates"": [
    -8.308150982181790e+01,
    4.241097772691490e+01
  ],
  ""type"": ""Point""
}","{
  ""coordinates"": [
    -83.081509822,
    42.410977727
  ],
  ""type"": ""Point""
}",-83.081509822,42.410977727
20779,1376763,COOLEY,VASSAR,2018-05-18,18,5,2018,11,6,4,9,,,0,,1,1,1,25,2,2,1,5,0,0,0,0,true,false,false,false,true,false,false,false,false,false,false,false,false,false,false,false,false,false,false,false,false,false,-83.25975,42.43274,"{
  ""coordinates"": [
    -8.325975288735540e+01,
    4.243273788680240e+01
  ],
  ""type"": ""Point""
}","{
  ""coordinates"": [
    -83.259752887,
    42.432737887
  ],
  ""type"": ""Point""
}",-83.259752887,42.432737887
20780,1376719,PLYMOUTH,SHIRLEY,2018-05-18,18,5,2018,11,6,9,9,,4,0,Asphalt,1,1,4,30,4,2,2,3,0,0,1,0,false,true,false,false,false,false,false,false,false,false,false,false,false,false,false,false,false,false,false,false,false,false,-83.18234,42.37295,"{
  ""coordinates"": [
    -8.318234267674930e+01,
    4.237295030148400e+01
  ],
  ""type"": ""Point""
}","{
  ""coordinates"": [
    -83.182342677,
    42.372950301
  ],
  ""type"": ""Point""
}",-83.182342677,42.3729503010001
20781,1403042,N M 39,RAMP 006A,2018-05-18,18,5,2018,8,6,5,3,,1,0,Asphalt,1,1,1,55,3,2,3,5,0,0,0,0,true,false,false,false,false,false,false,false,false,false,false,false,false,false,false,false,false,false,false,false,false,false,-83.21604,42.34063,"{
  ""coordinates"": [
    -8.321603914659551e+01,
    4.234063145976580e+01
  ],
  ""type"": ""Point""
}","{
  ""coordinates"": [
    -83.216039147,
    42.34063146
  ],
  ""type"": ""Point""
}",-83.2160391469999,42.3406314600001