ObjectId,Crash ID,Primary Road,Intersecting Road,Crash Date,Day,Month,Year,Hour,Weekday,Crash Type Code,Highway Classification Code,Community Code,Jurisdiction Code,Lane Departure Type Code,Surface Type,Road Condition,Weather Condition,Lighting Condition,Speed Limit,Lanes,Units,Occupants,Most Severe Injury,Fatal Injuries,Suspected Serious Injuries,Suspected Minor Injuries,Possible Injuries,Property Damage Only,Secondary Crash,Traffic Control,Red Light Run,Hit and Run,Alcohol,Drugs,Unbelted Person,Work Zone,Speeding Driver,Distracted Driver,Driveway,Pedestrian,Elderly Driver,Young Driver,Commercial Vehicle,Emergency Vehicles,Train,School Bus,Motorcycle,Bicycle,Deer,Longitude,Latitude,geom,geog,x,y
20782,1375591,VAN DYKE,DOYLE,2018-05-18,18,5,2018,0,6,1,3,,1,1,Asphalt,1,1,5,35,7,1,1,4,0,0,0,1,false,false,false,false,false,false,false,false,false,true,false,false,false,false,false,false,false,false,false,false,false,false,-83.0236,42.41655,"{
  ""coordinates"": [
    -8.302359982791390e+01,
    4.241655091133020e+01
  ],
  ""type"": ""Point""
}","{
  ""coordinates"": [
    -83.023599828,
    42.416550911
  ],
  ""type"": ""Point""
}",-83.023599828,42.4165509110001
20783,1375596,8MILE,DEQUINDRE,2018-05-17,17,5,2018,13,5,5,3,,1,0,Asphalt,1,1,1,40,5,2,2,5,0,0,0,0,true,false,false,false,false,false,false,false,false,true,false,false,false,false,false,false,false,false,false,false,false,false,-83.08366,42.44702,"{
  ""coordinates"": [
    -8.308366523462669e+01,
    4.244701726629930e+01
  ],
  ""type"": ""Point""
}","{
  ""coordinates"": [
    -83.083665235,
    42.447017266
  ],
  ""type"": ""Point""
}",-83.083665235,42.447017266
20784,1377698,I-94,LIVERNOIS,2018-05-17,17,5,2018,10,5,8,1,,1,0,Asphalt,1,1,1,55,3,2,1,5,0,0,0,0,true,false,false,false,true,false,false,false,false,false,false,false,false,false,false,true,false,false,false,false,false,false,-83.12583,42.33694,"{
  ""coordinates"": [
    -8.312583112647590e+01,
    4.233693597061810e+01
  ],
  ""type"": ""Point""
}","{
  ""coordinates"": [
    -83.125831126,
    42.336935971
  ],
  ""type"": ""Point""
}",-83.125831126,42.3369359710001
20785,1377741,GRAND RIVER,VAUGHAN,2018-05-17,17,5,2018,9,5,4,3,,1,0,Asphalt,1,1,1,35,3,2,2,5,0,0,0,0,true,false,false,false,true,false,false,false,false,false,false,false,false,false,false,false,false,false,false,false,false,false,-83.23905,42.40905,"{
  ""coordinates"": [
    -8.323904884194000e+01,
    4.240904624831330e+01
  ],
  ""type"": ""Point""
}","{
  ""coordinates"": [
    -83.239048842,
    42.409046248
  ],
  ""type"": ""Point""
}",-83.239048842,42.409046248
20786,1376758,ERWIN,MARION,2018-05-17,17,5,2018,7,5,9,9,,,0,,1,1,1,25,2,2,3,4,0,0,0,1,false,false,false,false,false,false,false,false,false,false,false,false,false,false,false,false,false,false,false,false,false,false,-83.01743,42.39486,"{
  ""coordinates"": [
    -8.301743170907480e+01,
    4.239485696652800e+01
  ],
  ""type"": ""Point""
}","{
  ""coordinates"": [
    -83.017431709,
    42.394856967
  ],
  ""type"": ""Point""
}",-83.0174317089999,42.3948569670001
20787,1376809,WYOMING,PEMBROKE,2018-05-17,17,5,2018,19,5,4,9,,4,0,Asphalt,1,1,1,30,2,2,2,2,0,1,0,0,false,false,false,false,false,false,false,false,false,false,false,false,false,true,false,false,false,false,false,false,false,false,-83.16122,42.43866,"{
  ""coordinates"": [
    -8.316122043402680e+01,
    4.243866400882170e+01
  ],
  ""type"": ""Point""
}","{
  ""coordinates"": [
    -83.161220434,
    42.438664009
  ],
  ""type"": ""Point""
}",-83.161220434,42.438664009
20788,1375580,RENO,PFENT,2018-05-17,17,5,2018,12,5,2,9,,,2,,1,1,1,25,2,2,3,5,0,0,0,0,true,false,false,false,false,false,false,false,false,false,false,false,false,false,false,false,false,false,false,false,false,false,-82.98289,42.43809,"{
  ""coordinates"": [
    -8.298289159649801e+01,
    4.243809111672170e+01
  ],
  ""type"": ""Point""
}","{
  ""coordinates"": [
    -82.982891596,
    42.438091117
  ],
  ""type"": ""Point""
}",-82.9828915959999,42.4380911170001
20789,1378599,OUTER,COURVILLE,2018-05-17,17,5,2018,10,5,4,9,,2,0,Asphalt,1,1,1,30,2,2,3,5,0,0,0,0,true,false,true,false,false,false,false,false,false,false,false,false,false,true,false,false,false,false,false,false,false,false,-82.94215,42.40757,"{
  ""coordinates"": [
    -8.294214304646761e+01,
    4.240757411691200e+01
  ],
  ""type"": ""Point""
}","{
  ""coordinates"": [
    -82.942143046,
    42.407574117
  ],
  ""type"": ""Point""
}",-82.942143046,42.4075741170001
20790,1375546,I-94,CHENE,2018-05-17,17,5,2018,17,5,8,1,,1,0,Concrete,1,1,1,45,3,2,3,5,0,0,0,0,true,false,false,false,false,false,false,false,true,false,false,false,false,false,false,false,false,false,false,false,false,false,-83.04603,42.37442,"{
  ""coordinates"": [
    -8.304602801970429e+01,
    4.237441556260800e+01
  ],
  ""type"": ""Point""
}","{
  ""coordinates"": [
    -83.04602802,
    42.374415563
  ],
  ""type"": ""Point""
}",-83.0460280199999,42.3744155630001
20791,1375599,OUTER,7 MILE,2018-05-17,17,5,2018,9,5,3,9,,2,0,Concrete,1,1,1,35,2,2,3,5,0,0,0,0,true,false,false,false,false,false,false,false,false,false,false,false,false,false,false,false,false,false,false,false,false,false,-82.9153,42.41865,"{
  ""coordinates"": [
    -8.291530086122380e+01,
    4.241864637036830e+01
  ],
  ""type"": ""Point""
}","{
  ""coordinates"": [
    -82.915300861,
    42.41864637
  ],
  ""type"": ""Point""
}",-82.9153008609999,42.41864637
20792,1378623,MERTON,MANDERSON,2018-05-17,17,5,2018,1,5,2,9,,,2,,1,1,4,25,2,2,1,4,0,0,0,1,false,false,false,false,false,false,false,false,false,false,true,false,false,false,false,false,false,false,false,false,false,false,-83.11523,42.41845,"{
  ""coordinates"": [
    -8.311522664475460e+01,
    4.241844939774150e+01
  ],
  ""type"": ""Point""
}","{
  ""coordinates"": [
    -83.115226645,
    42.418449398
  ],
  ""type"": ""Point""
}",-83.115226645,42.4184493980001
20793,1377708,WARREN,BRUSH,2018-05-17,17,5,2018,14,5,4,9,,4,0,Asphalt,1,1,1,30,2,2,2,4,0,0,0,1,false,false,true,true,false,false,false,false,false,false,false,false,false,false,false,false,false,false,false,false,false,false,-83.05981,42.35868,"{
  ""coordinates"": [
    -8.305981213241300e+01,
    4.235867592831580e+01
  ],
  ""type"": ""Point""
}","{
  ""coordinates"": [
    -83.059812132,
    42.358675928
  ],
  ""type"": ""Point""
}",-83.059812132,42.358675928
20794,1379406,WINTHROP,MIDLAND,2018-05-17,17,5,2018,17,5,4,9,,,0,,1,1,1,25,2,2,0,5,0,0,0,0,true,false,false,false,true,false,false,false,false,false,false,true,false,false,false,false,false,false,false,false,false,false,-83.20032,42.40528,"{
  ""coordinates"": [
    -8.320031862904921e+01,
    4.240528097245990e+01
  ],
  ""type"": ""Point""
}","{
  ""coordinates"": [
    -83.200318629,
    42.405280972
  ],
  ""type"": ""Point""
}",-83.200318629,42.4052809720001
20795,1379397,I 75,DEARBORN,2018-05-17,17,5,2018,23,5,8,1,,1,0,Concrete,1,1,4,55,3,2,2,5,0,0,0,0,true,false,false,false,true,false,false,false,false,false,false,false,false,false,false,false,false,false,false,false,false,false,-83.12766,42.29326,"{
  ""coordinates"": [
    -8.312765952328159e+01,
    4.229325695951040e+01
  ],
  ""type"": ""Point""
}","{
  ""coordinates"": [
    -83.127659523,
    42.29325696
  ],
  ""type"": ""Point""
}",-83.127659523,42.2932569600001
20796,1382645,I-96,CHICAGO,2018-05-17,17,5,2018,9,5,8,1,,1,0,Asphalt,1,1,1,70,4,2,2,5,0,0,0,0,true,false,false,false,false,false,false,true,false,false,false,false,false,false,false,false,false,false,false,false,false,false,-83.14389,42.36957,"{
  ""coordinates"": [
    -8.314388690948330e+01,
    4.236957353068660e+01
  ],
  ""type"": ""Point""
}","{
  ""coordinates"": [
    -83.143886909,
    42.369573531
  ],
  ""type"": ""Point""
}",-83.1438869089999,42.3695735310001
20797,1375592,DAVISON SERVICE,CONANT,2018-05-17,17,5,2018,21,5,3,3,,4,0,Asphalt,1,1,4,35,4,2,3,5,0,0,0,0,true,false,false,false,false,false,false,false,false,false,false,false,false,false,false,false,false,false,false,false,false,false,-83.06142,42.41555,"{
  ""coordinates"": [
    -8.306141924714051e+01,
    4.241554665073090e+01
  ],
  ""type"": ""Point""
}","{
  ""coordinates"": [
    -83.061419247,
    42.415546651
  ],
  ""type"": ""Point""
}",-83.0614192469999,42.4155466510001
20798,1375572,WARREN,GRANDMONT,2018-05-17,17,5,2018,10,5,4,9,,2,0,Asphalt,1,1,1,35,4,2,3,5,0,0,0,0,true,false,false,false,false,false,false,false,false,false,false,false,false,false,false,false,false,false,false,false,false,false,-83.20811,42.3435,"{
  ""coordinates"": [
    -8.320810551107220e+01,
    4.234350062869560e+01
  ],
  ""type"": ""Point""
}","{
  ""coordinates"": [
    -83.208105511,
    42.343500629
  ],
  ""type"": ""Point""
}",-83.208105511,42.3435006290001
20799,1375550,WYOMING,EATON,2018-05-17,17,5,2018,12,5,1,9,,4,0,Asphalt,1,1,1,30,3,2,0,5,0,0,0,0,true,false,false,false,true,false,false,false,false,false,false,false,true,false,false,false,false,false,false,false,false,false,-83.15948,42.39806,"{
  ""coordinates"": [
    -8.315947702093050e+01,
    4.239806459330550e+01
  ],
  ""type"": ""Point""
}","{
  ""coordinates"": [
    -83.159477021,
    42.398064593
  ],
  ""type"": ""Point""
}",-83.159477021,42.3980645930001
20800,1378578,M 39,OUTER,2018-05-17,17,5,2018,22,5,1,3,,1,1,Concrete,1,1,4,55,3,1,1,5,0,0,0,0,true,false,false,false,false,false,false,false,false,true,false,false,false,false,false,false,false,false,false,true,false,false,-83.21883,42.41934,"{
  ""coordinates"": [
    -8.321882999915920e+01,
    4.241934165731610e+01
  ],
  ""type"": ""Point""
}","{
  ""coordinates"": [
    -83.218829999,
    42.419341657
  ],
  ""type"": ""Point""
}",-83.218829999,42.4193416570001
20801,1384187,SHIELDS,LANTZ,2018-05-17,17,5,2018,10,5,5,9,,,0,,1,1,1,25,1,2,1,5,0,0,0,0,true,false,false,false,true,false,true,false,false,false,false,false,false,false,false,false,false,false,false,false,false,false,-83.06012,42.43881,"{
  ""coordinates"": [
    -8.306011726879380e+01,
    4.243880928865000e+01
  ],
  ""type"": ""Point""
}","{
  ""coordinates"": [
    -83.060117269,
    42.438809289
  ],
  ""type"": ""Point""
}",-83.060117269,42.4388092890001
20802,1379426,GRAND RIVER,COOLEY,2018-05-17,17,5,2018,17,5,97,3,,1,0,Asphalt,1,1,1,35,5,2,1,5,0,0,0,0,true,false,false,false,true,false,false,false,false,false,false,false,false,false,false,false,false,false,false,false,false,false,-83.26095,42.41782,"{
  ""coordinates"": [
    -8.326094865010610e+01,
    4.241781980103720e+01
  ],
  ""type"": ""Point""
}","{
  ""coordinates"": [
    -83.26094865,
    42.417819801
  ],
  ""type"": ""Point""
}",-83.26094865,42.4178198010001
20803,1378579,I-96,OUTER,2018-05-17,17,5,2018,5,5,1,1,,1,1,Concrete,1,1,2,70,3,1,1,5,0,0,0,0,true,false,false,false,false,false,false,false,false,true,false,false,false,false,false,false,false,false,false,false,false,false,-83.23852,42.38194,"{
  ""coordinates"": [
    -8.323851593273869e+01,
    4.238193624595010e+01
  ],
  ""type"": ""Point""
}","{
  ""coordinates"": [
    -83.238515933,
    42.381936246
  ],
  ""type"": ""Point""
}",-83.238515933,42.3819362460001
20804,1375594,TERRELL,8 MILE,2018-05-17,17,5,2018,13,5,8,3,,,0,,1,1,1,25,4,2,3,5,0,0,0,0,true,false,false,false,true,false,false,false,false,false,false,false,false,false,false,false,false,false,false,false,false,false,-83.02255,42.44802,"{
  ""coordinates"": [
    -8.302255092653840e+01,
    4.244801878141780e+01
  ],
  ""type"": ""Point""
}","{
  ""coordinates"": [
    -83.022550927,
    42.448018781
  ],
  ""type"": ""Point""
}",-83.0225509269999,42.448018781
20805,1375600,RIOPELLE,7 MILE,2018-05-17,17,5,2018,20,5,4,9,,,0,,1,1,1,30,1,2,2,5,0,0,0,0,true,false,false,false,false,false,false,false,false,false,false,false,false,false,false,false,false,false,false,false,false,false,-83.08656,42.43278,"{
  ""coordinates"": [
    -8.308655349244940e+01,
    4.243277733296390e+01
  ],
  ""type"": ""Point""
}","{
  ""coordinates"": [
    -83.086553492,
    42.432777333
  ],
  ""type"": ""Point""
}",-83.086553492,42.432777333
20806,1374750,ROBINWOOD,HELEN,2018-05-17,17,5,2018,5,5,97,9,,,0,,1,1,1,25,2,3,3,5,0,0,0,0,true,false,false,false,false,false,false,false,false,false,false,false,false,false,false,false,false,false,false,false,false,false,-83.03166,42.43201,"{
  ""coordinates"": [
    -8.303166186020300e+01,
    4.243201506741610e+01
  ],
  ""type"": ""Point""
}","{
  ""coordinates"": [
    -83.03166186,
    42.432015067
  ],
  ""type"": ""Point""
}",-83.03166186,42.4320150670001
20807,1375559,GRAND,FORT,2018-05-17,17,5,2018,14,5,4,3,,4,0,Asphalt,1,1,1,30,6,2,2,5,0,0,0,0,true,false,false,false,false,false,false,false,false,false,true,false,false,false,false,false,false,false,false,false,false,false,-83.08344,42.31517,"{
  ""coordinates"": [
    -8.308344472949850e+01,
    4.231517332668280e+01
  ],
  ""type"": ""Point""
}","{
  ""coordinates"": [
    -83.083444729,
    42.315173327
  ],
  ""type"": ""Point""
}",-83.083444729,42.315173327
20808,1375593,VAN DYKE,SAVAGE,2018-05-17,17,5,2018,16,5,8,3,,1,0,Asphalt,1,1,1,35,5,2,3,5,0,0,0,0,true,false,false,false,false,false,false,false,false,false,false,false,false,false,false,true,false,false,false,false,false,false,-83.02469,42.44651,"{
  ""coordinates"": [
    -8.302469207070210e+01,
    4.244650897768810e+01
  ],
  ""type"": ""Point""
}","{
  ""coordinates"": [
    -83.024692071,
    42.446508978
  ],
  ""type"": ""Point""
}",-83.0246920709999,42.4465089780001
20809,1377711,WOODWARD,KIRBY,2018-05-17,17,5,2018,14,5,1,3,,1,0,Asphalt,1,1,1,35,3,2,4,5,0,0,0,0,true,false,false,false,false,false,false,false,false,false,false,false,false,true,false,false,false,true,false,false,false,false,-83.06645,42.36005,"{
  ""coordinates"": [
    -8.306645371967960e+01,
    4.236004942927110e+01
  ],
  ""type"": ""Point""
}","{
  ""coordinates"": [
    -83.06645372,
    42.360049429
  ],
  ""type"": ""Point""
}",-83.06645372,42.3600494290001
20810,1384196,GRAND RIVER,EVERGREEN,2018-05-17,17,5,2018,9,5,8,3,,1,0,Asphalt,1,1,1,35,5,2,1,4,0,0,0,1,false,false,false,false,true,false,false,false,false,false,false,false,false,false,false,false,false,false,false,false,false,false,-83.23795,42.4086,"{
  ""coordinates"": [
    -8.323794879637650e+01,
    4.240860377933400e+01
  ],
  ""type"": ""Point""
}","{
  ""coordinates"": [
    -83.237948796,
    42.408603779
  ],
  ""type"": ""Point""
}",-83.237948796,42.408603779
20811,1374723,JOY,S M 39,2018-05-17,17,5,2018,1,5,9,9,,2,0,Asphalt,1,1,4,25,4,2,1,5,0,0,0,0,true,false,false,false,true,false,false,false,false,false,false,false,false,false,false,false,false,false,false,false,false,false,-83.21673,42.35784,"{
  ""coordinates"": [
    -8.321672981422390e+01,
    4.235784147448720e+01
  ],
  ""type"": ""Point""
}","{
  ""coordinates"": [
    -83.216729814,
    42.357841474
  ],
  ""type"": ""Point""
}",-83.216729814,42.3578414740001
20812,1375598,JOESPEH CAMPAU,CONANT,2018-05-17,17,5,2018,7,5,8,9,,4,0,Asphalt,1,1,1,35,2,2,3,5,0,0,0,0,true,false,false,false,false,false,false,false,false,false,false,false,false,false,false,false,false,false,false,false,false,false,-83.07285,42.43179,"{
  ""coordinates"": [
    -8.307285549447320e+01,
    4.243179432974420e+01
  ],
  ""type"": ""Point""
}","{
  ""coordinates"": [
    -83.072855494,
    42.43179433
  ],
  ""type"": ""Point""
}",-83.072855494,42.4317943300001
20813,1375590,LINWOOD,PURITAN,2018-05-17,17,5,2018,8,5,98,9,,4,0,Asphalt,1,1,98,35,4,2,0,5,0,0,0,0,true,false,false,false,true,false,false,false,false,false,false,false,false,false,false,false,false,false,false,false,false,false,-83.12787,42.41153,"{
  ""coordinates"": [
    -8.312787139142030e+01,
    4.241152993571110e+01
  ],
  ""type"": ""Point""
}","{
  ""coordinates"": [
    -83.127871391,
    42.411529936
  ],
  ""type"": ""Point""
}",-83.127871391,42.4115299360001
20814,1375531,N M 39,JOY,2018-05-17,17,5,2018,16,5,5,3,,1,0,Asphalt,1,1,1,55,3,2,2,5,0,0,0,0,true,false,false,false,false,false,false,false,false,false,false,false,false,false,false,false,false,false,false,false,false,false,-83.21639,42.35772,"{
  ""coordinates"": [
    -8.321639017352750e+01,
    4.235772097658210e+01
  ],
  ""type"": ""Point""
}","{
  ""coordinates"": [
    -83.216390174,
    42.357720977
  ],
  ""type"": ""Point""
}",-83.216390174,42.357720977
20815,1375583,7 MILE,I-94,2018-05-17,17,5,2018,11,5,8,9,,2,0,Concrete,1,1,1,30,2,2,4,5,0,0,0,0,true,false,false,false,false,false,false,false,false,false,false,false,false,false,false,false,false,false,false,false,false,false,-82.92915,42.42456,"{
  ""coordinates"": [
    -8.292915357917180e+01,
    4.242455821751350e+01
  ],
  ""type"": ""Point""
}","{
  ""coordinates"": [
    -82.929153579,
    42.424558218
  ],
  ""type"": ""Point""
}",-82.9291535789999,42.4245582180001
20816,1376790,DOROTHY,DWYER,2018-05-17,17,5,2018,17,5,97,9,,,0,,1,1,1,25,4,2,1,4,0,0,0,1,false,false,false,false,true,false,false,false,false,false,false,false,true,false,true,false,false,false,false,false,false,false,-83.04006,42.39132,"{
  ""coordinates"": [
    -8.304006004663860e+01,
    4.239132004952110e+01
  ],
  ""type"": ""Point""
}","{
  ""coordinates"": [
    -83.040060047,
    42.39132005
  ],
  ""type"": ""Point""
}",-83.0400600469999,42.39132005
20817,1385955,I-96,MEYERS,2018-05-17,17,5,2018,14,5,1,1,,1,1,Concrete,1,1,1,70,3,1,1,5,0,0,0,0,true,false,false,false,false,false,false,false,false,false,false,false,false,false,false,false,false,false,false,false,false,false,-83.16637,42.38527,"{
  ""coordinates"": [
    -8.316637519168150e+01,
    4.238526484100690e+01
  ],
  ""type"": ""Point""
}","{
  ""coordinates"": [
    -83.166375192,
    42.385264841
  ],
  ""type"": ""Point""
}",-83.166375192,42.385264841
20818,1376787,JEFFERSON,RIOPELLE,2018-05-17,17,5,2018,13,5,5,9,,4,0,Asphalt,1,1,1,35,3,2,2,5,0,0,0,0,true,false,false,false,false,false,false,false,false,false,true,false,false,false,false,false,false,false,false,false,false,false,-83.03088,42.33469,"{
  ""coordinates"": [
    -8.303088307498690e+01,
    4.233469230601970e+01
  ],
  ""type"": ""Point""
}","{
  ""coordinates"": [
    -83.030883075,
    42.334692306
  ],
  ""type"": ""Point""
}",-83.030883075,42.3346923060001
20819,1375541,I-75,SPRINGWELLS,2018-05-17,17,5,2018,9,5,5,1,,1,0,Concrete,1,1,1,55,1,3,3,4,0,0,0,2,false,false,false,false,false,false,false,false,true,false,false,false,false,false,false,false,false,false,false,false,false,false,-83.11505,42.30328,"{
  ""coordinates"": [
    -8.311505247312240e+01,
    4.230327498764640e+01
  ],
  ""type"": ""Point""
}","{
  ""coordinates"": [
    -83.115052473,
    42.303274988
  ],
  ""type"": ""Point""
}",-83.1150524729999,42.3032749880001
20820,1375588,TIREMAN,BEGOLE,2018-05-17,17,5,2018,7,5,1,9,,4,1,Asphalt,1,1,1,30,2,1,0,5,0,0,0,0,true,false,false,false,true,false,false,false,false,true,false,false,false,false,false,false,false,false,false,false,false,false,-83.12323,42.35184,"{
  ""coordinates"": [
    -8.312323044777570e+01,
    4.235183968546400e+01
  ],
  ""type"": ""Point""
}","{
  ""coordinates"": [
    -83.123230448,
    42.351839685
  ],
  ""type"": ""Point""
}",-83.123230448,42.3518396850001
20821,1375589,E I 96 CD,RAMP 138A,2018-05-17,17,5,2018,9,5,5,1,,1,0,Asphalt,1,1,1,55,5,2,2,4,0,0,0,1,false,false,false,false,false,false,false,false,false,false,false,false,false,false,false,false,false,false,false,false,false,false,-83.16228,42.38507,"{
  ""coordinates"": [
    -8.316228865135550e+01,
    4.238507640375030e+01
  ],
  ""type"": ""Point""
}","{
  ""coordinates"": [
    -83.162288651,
    42.385076404
  ],
  ""type"": ""Point""
}",-83.162288651,42.3850764040001
20822,1417011,RAMP 047F,DAVISON,2018-05-17,17,5,2018,8,5,5,1,,1,0,Concrete,1,1,1,55,2,2,3,5,0,0,0,0,true,false,false,false,true,false,false,false,false,false,false,false,false,false,false,false,false,false,false,false,false,false,-83.07831,42.40695,"{
  ""coordinates"": [
    -8.307830823070930e+01,
    4.240694822493060e+01
  ],
  ""type"": ""Point""
}","{
  ""coordinates"": [
    -83.078308231,
    42.406948225
  ],
  ""type"": ""Point""
}",-83.0783082309999,42.4069482250001
20823,1377738,ABINGTON,GRANDRIVER,2018-05-17,17,5,2018,10,5,10,9,,,0,,1,1,1,25,2,2,2,4,0,0,0,2,false,false,false,false,false,false,false,false,false,false,false,false,false,true,false,true,false,false,false,false,false,false,-83.2114,42.39698,"{
  ""coordinates"": [
    -8.321139468750060e+01,
    4.239698201220160e+01
  ],
  ""type"": ""Point""
}","{
  ""coordinates"": [
    -83.211394688,
    42.396982012
  ],
  ""type"": ""Point""
}",-83.211394688,42.3969820120001
20824,1375552,ORANGELAWN,SORRENTO,2018-05-17,17,5,2018,0,5,4,9,,,0,,1,1,4,25,2,2,2,4,0,0,0,2,false,false,false,false,true,false,false,false,false,false,false,false,false,false,false,false,false,false,false,false,false,false,-83.17168,42.3684,"{
  ""coordinates"": [
    -8.317168754646070e+01,
    4.236839551720370e+01
  ],
  ""type"": ""Point""
}","{
  ""coordinates"": [
    -83.171687546,
    42.368395517
  ],
  ""type"": ""Point""
}",-83.171687546,42.3683955170001
20825,1399365,JEFFERSON,DEARBORN,2018-05-17,17,5,2018,17,5,97,9,,4,0,Asphalt,1,1,1,30,2,2,2,3,0,0,1,0,false,false,false,false,false,false,false,false,false,false,false,false,false,false,false,false,false,false,false,true,false,false,-83.11666,42.29093,"{
  ""coordinates"": [
    -8.311666205178931e+01,
    4.229093266735130e+01
  ],
  ""type"": ""Point""
}","{
  ""coordinates"": [
    -83.116662052,
    42.290932667
  ],
  ""type"": ""Point""
}",-83.116662052,42.290932667
20826,1376754,WALKER,WOODBRIDGE,2018-05-17,17,5,2018,10,5,8,9,,,0,,1,1,1,25,2,2,2,5,0,0,0,0,true,false,false,false,false,false,false,false,false,false,false,false,false,false,false,true,false,false,false,false,false,false,-83.01573,42.34031,"{
  ""coordinates"": [
    -8.301573469109060e+01,
    4.234031015449010e+01
  ],
  ""type"": ""Point""
}","{
  ""coordinates"": [
    -83.015734691,
    42.340310154
  ],
  ""type"": ""Point""
}",-83.015734691,42.3403101540001
20827,1388451,SANTA ROSA,OUTER,2018-05-17,17,5,2018,17,5,4,9,,,0,,1,1,1,30,2,2,3,5,0,0,0,0,true,false,false,false,true,false,false,false,false,false,false,false,false,false,false,false,false,false,false,false,false,false,-83.14375,42.43488,"{
  ""coordinates"": [
    -8.314375353681480e+01,
    4.243487802390090e+01
  ],
  ""type"": ""Point""
}","{
  ""coordinates"": [
    -83.143753537,
    42.434878024
  ],
  ""type"": ""Point""
}",-83.143753537,42.4348780240001
20828,1400753,M-10,PEMBROKE,2018-05-17,17,5,2018,8,5,8,3,,1,0,Concrete,1,1,1,55,3,2,2,5,0,0,0,0,true,false,false,false,false,false,false,false,false,false,false,false,false,false,false,false,false,false,false,false,false,false,-83.1938,42.4373,"{
  ""coordinates"": [
    -8.319379825366190e+01,
    4.243729804515150e+01
  ],
  ""type"": ""Point""
}","{
  ""coordinates"": [
    -83.193798254,
    42.437298045
  ],
  ""type"": ""Point""
}",-83.1937982539999,42.437298045
20829,1375586,SCHOENHERR,GREINER,2018-05-17,17,5,2018,2,5,4,9,,4,0,Asphalt,1,1,4,25,2,2,4,5,0,0,0,0,true,false,true,true,true,false,false,true,false,false,false,false,false,false,false,false,false,false,false,false,false,false,-82.98483,42.42767,"{
  ""coordinates"": [
    -8.298482356010740e+01,
    4.242767270125350e+01
  ],
  ""type"": ""Point""
}","{
  ""coordinates"": [
    -82.98482356,
    42.427672701
  ],
  ""type"": ""Point""
}",-82.9848235599999,42.4276727010001
20830,1375597,MITCHELL,GRANT,2018-05-17,17,5,2018,11,5,4,9,,,0,,1,1,1,25,2,2,1,5,0,0,0,0,true,false,false,false,false,false,false,false,false,false,true,false,false,false,false,false,false,false,false,false,false,false,-83.0668,42.41254,"{
  ""coordinates"": [
    -8.306680471688691e+01,
    4.241254150125820e+01
  ],
  ""type"": ""Point""
}","{
  ""coordinates"": [
    -83.066804717,
    42.412541501
  ],
  ""type"": ""Point""
}",-83.066804717,42.4125415010001
20831,1394564,CADIEUX,HARPER,2018-05-17,17,5,2018,13,5,8,9,,4,0,Asphalt,1,1,1,30,5,2,2,5,0,0,0,0,true,false,false,false,false,false,false,false,false,false,false,false,false,true,false,false,false,false,false,false,false,false,-82.93666,42.41647,"{
  ""coordinates"": [
    -8.293666217672050e+01,
    4.241647507929900e+01
  ],
  ""type"": ""Point""
}","{
  ""coordinates"": [
    -82.936662177,
    42.416475079
  ],
  ""type"": ""Point""
}",-82.936662177,42.4164750790001
20832,1375561,WARREN,CONNER,2018-05-17,17,5,2018,18,5,4,9,,4,0,Asphalt,1,1,1,35,5,2,1,5,0,0,0,0,true,false,true,true,true,false,false,false,false,false,false,false,false,false,false,false,false,false,false,false,false,false,-82.97607,42.38928,"{
  ""coordinates"": [
    -8.297606996216980e+01,
    4.238928272109710e+01
  ],
  ""type"": ""Point""
}","{
  ""coordinates"": [
    -82.976069962,
    42.389282721
  ],
  ""type"": ""Point""
}",-82.9760699619999,42.389282721
20833,1375585,8 MILE,DRESDEN,2018-05-17,17,5,2018,14,5,4,3,,1,0,Asphalt,1,1,1,40,4,2,2,4,0,0,0,1,false,false,false,false,false,false,false,false,false,false,false,false,false,true,false,false,false,false,false,false,false,false,-83.00029,42.44892,"{
  ""coordinates"": [
    -8.300029204865730e+01,
    4.244892266641960e+01
  ],
  ""type"": ""Point""
}","{
  ""coordinates"": [
    -83.000292049,
    42.448922666
  ],
  ""type"": ""Point""
}",-83.0002920489999,42.448922666
20834,1399387,MCNICHOLS,GILCHRIST,2018-05-17,17,5,2018,18,5,9,9,,2,2,Asphalt,1,1,1,35,4,3,4,3,0,0,4,0,false,false,false,false,false,false,false,false,false,false,false,false,false,false,false,false,false,false,false,false,false,false,-83.21192,42.4157,"{
  ""coordinates"": [
    -8.321191854234500e+01,
    4.241570265096240e+01
  ],
  ""type"": ""Point""
}","{
  ""coordinates"": [
    -83.211918542,
    42.415702651
  ],
  ""type"": ""Point""
}",-83.211918542,42.4157026510001
20835,1375545,N M 39,RAMP 008B,2018-05-17,17,5,2018,16,5,5,3,,1,0,Asphalt,1,1,1,55,3,2,2,5,0,0,0,0,true,false,false,false,false,false,false,false,false,false,false,false,false,false,true,false,false,false,false,false,false,false,-83.21675,42.37624,"{
  ""coordinates"": [
    -8.321675476195711e+01,
    4.237623626652060e+01
  ],
  ""type"": ""Point""
}","{
  ""coordinates"": [
    -83.216754762,
    42.376236267
  ],
  ""type"": ""Point""
}",-83.2167547619999,42.376236267