ObjectId,Crash ID,Primary Road,Intersecting Road,Crash Date,Day,Month,Year,Hour,Weekday,Crash Type Code,Highway Classification Code,Community Code,Jurisdiction Code,Lane Departure Type Code,Surface Type,Road Condition,Weather Condition,Lighting Condition,Speed Limit,Lanes,Units,Occupants,Most Severe Injury,Fatal Injuries,Suspected Serious Injuries,Suspected Minor Injuries,Possible Injuries,Property Damage Only,Secondary Crash,Traffic Control,Red Light Run,Hit and Run,Alcohol,Drugs,Unbelted Person,Work Zone,Speeding Driver,Distracted Driver,Driveway,Pedestrian,Elderly Driver,Young Driver,Commercial Vehicle,Emergency Vehicles,Train,School Bus,Motorcycle,Bicycle,Deer,Longitude,Latitude,geom,geog,x,y
20836,1375581,STATE FAIR,GRATIOT,2018-05-17,17,5,2018,10,5,10,3,,4,0,Asphalt,1,1,1,30,2,2,1,5,0,0,0,0,true,false,false,false,false,false,false,false,false,false,false,false,false,false,false,false,false,false,false,false,false,false,-82.97253,42.44251,"{
  ""coordinates"": [
    -8.297253086032330e+01,
    4.244250851791710e+01
  ],
  ""type"": ""Point""
}","{
  ""coordinates"": [
    -82.97253086,
    42.442508518
  ],
  ""type"": ""Point""
}",-82.9725308599999,42.4425085180001
20837,1375554,LAWNDALE,PITT,2018-05-17,17,5,2018,2,5,5,9,,,0,,1,1,5,25,3,2,1,5,0,0,0,0,true,false,false,false,false,false,false,false,false,false,false,false,false,false,false,false,false,false,false,false,false,false,-83.13398,42.31092,"{
  ""coordinates"": [
    -8.313398013589411e+01,
    4.231091608736280e+01
  ],
  ""type"": ""Point""
}","{
  ""coordinates"": [
    -83.133980136,
    42.310916087
  ],
  ""type"": ""Point""
}",-83.1339801359999,42.3109160870001
20838,1375574,SOUTHFIELD SERVICE DRIVE,RAMP 008H,2018-05-17,17,5,2018,16,5,5,9,,4,0,Concrete,1,1,1,55,3,2,2,5,0,0,0,0,true,false,false,false,false,false,false,false,false,false,false,false,false,false,false,false,false,false,false,false,false,false,-83.21751,42.38016,"{
  ""coordinates"": [
    -8.321750669997560e+01,
    4.238016278975810e+01
  ],
  ""type"": ""Point""
}","{
  ""coordinates"": [
    -83.2175067,
    42.38016279
  ],
  ""type"": ""Point""
}",-83.2175066999999,42.38016279
20839,1376691,I-96,M-8,2018-05-17,17,5,2018,7,5,97,1,,1,0,Concrete,1,1,1,55,3,2,2,5,0,0,0,0,true,false,false,false,false,false,false,false,false,true,false,false,false,false,false,false,false,false,false,false,false,false,-83.16174,42.38544,"{
  ""coordinates"": [
    -8.316174263629919e+01,
    4.238543908270220e+01
  ],
  ""type"": ""Point""
}","{
  ""coordinates"": [
    -83.161742636,
    42.385439083
  ],
  ""type"": ""Point""
}",-83.161742636,42.3854390830001
20840,1392328,I-94,VANDYKE,2018-05-17,17,5,2018,11,5,8,1,,1,0,Asphalt,1,1,1,55,2,2,2,5,0,0,0,0,true,false,false,false,false,false,false,true,false,false,false,false,false,false,false,false,false,false,false,false,false,false,-83.02474,42.38508,"{
  ""coordinates"": [
    -8.302474487861760e+01,
    4.238507973789860e+01
  ],
  ""type"": ""Point""
}","{
  ""coordinates"": [
    -83.024744879,
    42.385079738
  ],
  ""type"": ""Point""
}",-83.024744879,42.3850797380001
20841,1375549,I-94,CONNER,2018-05-17,17,5,2018,18,5,5,1,,1,0,Asphalt,1,1,1,55,3,3,3,5,0,0,0,0,true,false,false,false,false,false,false,false,false,false,false,false,false,false,true,false,false,false,false,false,false,false,-82.98949,42.39536,"{
  ""coordinates"": [
    -8.298948765643840e+01,
    4.239535692282620e+01
  ],
  ""type"": ""Point""
}","{
  ""coordinates"": [
    -82.989487656,
    42.395356923
  ],
  ""type"": ""Point""
}",-82.9894876559999,42.3953569230001
20842,1380357,N I 75,7 MILE,2018-05-17,17,5,2018,22,5,5,1,,1,0,Asphalt,1,1,4,70,4,2,2,5,0,0,0,0,true,false,false,false,false,true,false,false,false,false,false,false,false,false,false,false,false,false,false,false,false,false,-83.09465,42.43244,"{
  ""coordinates"": [
    -8.309464889901970e+01,
    4.243243930947270e+01
  ],
  ""type"": ""Point""
}","{
  ""coordinates"": [
    -83.094648899,
    42.432439309
  ],
  ""type"": ""Point""
}",-83.0946488989999,42.4324393090001
20843,1389896,WARREN,ANN ARBOR TRL,2018-05-17,17,5,2018,17,5,8,9,,2,0,Asphalt,1,1,1,40,5,2,3,5,0,0,0,0,true,false,false,false,false,false,false,false,false,false,false,false,false,false,false,false,false,false,false,false,false,false,-83.26244,42.34173,"{
  ""coordinates"": [
    -8.326244603543860e+01,
    4.234173282891860e+01
  ],
  ""type"": ""Point""
}","{
  ""coordinates"": [
    -83.262446035,
    42.341732829
  ],
  ""type"": ""Point""
}",-83.262446035,42.3417328290001
20844,1376757,I 75 SERVICE,WARREN,2018-05-17,17,5,2018,8,5,8,1,,4,0,Asphalt,1,1,1,25,3,2,3,5,0,0,0,0,true,false,false,false,false,false,false,false,false,false,false,false,false,false,false,false,false,false,false,false,false,false,-83.05502,42.36079,"{
  ""coordinates"": [
    -8.305502072368721e+01,
    4.236078874664480e+01
  ],
  ""type"": ""Point""
}","{
  ""coordinates"": [
    -83.055020724,
    42.360788747
  ],
  ""type"": ""Point""
}",-83.055020724,42.3607887470001
20845,1375551,SCHAEFER,PURITAN,2018-05-17,17,5,2018,16,5,97,9,,4,0,Asphalt,1,1,1,30,4,2,9,3,0,0,1,1,false,false,true,true,false,false,false,false,false,false,false,false,false,false,false,false,false,false,false,false,false,false,-83.17947,42.40936,"{
  ""coordinates"": [
    -8.317946621226940e+01,
    4.240936082957750e+01
  ],
  ""type"": ""Point""
}","{
  ""coordinates"": [
    -83.179466212,
    42.40936083
  ],
  ""type"": ""Point""
}",-83.179466212,42.40936083
20846,1563762,GRIGGS,SANTA MARIA,2018-05-17,17,5,2018,15,5,4,9,,,0,,1,1,1,25,1,2,3,5,0,0,0,0,true,true,false,false,false,false,false,false,false,false,false,false,false,false,true,false,false,false,false,false,false,false,-83.16367,42.4188,"{
  ""coordinates"": [
    -8.316367461655859e+01,
    4.241879936664220e+01
  ],
  ""type"": ""Point""
}","{
  ""coordinates"": [
    -83.163674617,
    42.418799367
  ],
  ""type"": ""Point""
}",-83.163674617,42.4187993670001
20847,1375526,M 10,7 MILE,2018-05-17,17,5,2018,0,5,1,3,,1,1,Concrete,1,1,4,55,3,1,1,5,0,0,0,0,true,false,false,false,false,false,false,false,false,true,false,false,false,false,false,false,false,false,false,false,false,false,-83.18626,42.43017,"{
  ""coordinates"": [
    -8.318625704470460e+01,
    4.243017326991720e+01
  ],
  ""type"": ""Point""
}","{
  ""coordinates"": [
    -83.186257045,
    42.43017327
  ],
  ""type"": ""Point""
}",-83.1862570449999,42.4301732700001
20848,1375601,MARK TWAIN,PEMBROKE,2018-05-17,17,5,2018,15,5,1,9,,,0,,1,1,1,25,2,1,0,5,0,0,0,0,true,false,false,false,true,false,false,false,false,false,false,false,false,false,false,false,false,false,false,false,false,false,-83.18793,42.43805,"{
  ""coordinates"": [
    -8.318793716740660e+01,
    4.243805035402460e+01
  ],
  ""type"": ""Point""
}","{
  ""coordinates"": [
    -83.187937167,
    42.438050354
  ],
  ""type"": ""Point""
}",-83.187937167,42.438050354
20849,1375556,N I 75,GRAND,2018-05-17,17,5,2018,13,5,97,1,,1,0,Asphalt,1,1,1,25,2,2,2,5,0,0,0,0,true,false,false,false,false,false,false,false,false,false,false,false,false,false,false,true,false,false,false,false,false,false,-83.0844,42.31623,"{
  ""coordinates"": [
    -8.308440525614169e+01,
    4.231622754275310e+01
  ],
  ""type"": ""Point""
}","{
  ""coordinates"": [
    -83.084405256,
    42.316227543
  ],
  ""type"": ""Point""
}",-83.084405256,42.316227543
20850,1375571,N M 39,CSX TRANSPORTATION,2018-05-17,17,5,2018,16,5,97,3,,1,0,Asphalt,1,1,1,35,2,2,1,5,0,0,0,0,true,false,false,false,false,false,false,false,false,false,false,false,false,false,true,false,false,false,false,false,false,false,-83.21638,42.36485,"{
  ""coordinates"": [
    -8.321637745610900e+01,
    4.236484946677120e+01
  ],
  ""type"": ""Point""
}","{
  ""coordinates"": [
    -83.216377456,
    42.364849467
  ],
  ""type"": ""Point""
}",-83.216377456,42.3648494670001
20851,1377717,WOODWARD,CANFIELD,2018-05-17,17,5,2018,19,5,97,3,,1,0,Asphalt,1,1,1,30,6,2,1,5,0,0,0,0,true,false,false,false,false,false,false,false,false,false,false,false,true,false,false,false,false,false,false,false,false,false,-83.06112,42.35221,"{
  ""coordinates"": [
    -8.306111942746280e+01,
    4.235221595296260e+01
  ],
  ""type"": ""Point""
}","{
  ""coordinates"": [
    -83.061119427,
    42.352215953
  ],
  ""type"": ""Point""
}",-83.0611194269999,42.352215953
20852,1392326,SOUTHFIELD,JOY,2018-05-17,17,5,2018,16,5,5,3,,1,0,Asphalt,1,1,1,55,3,3,3,4,0,0,0,1,false,false,false,false,true,false,false,false,false,false,false,false,false,false,false,false,false,false,false,false,false,false,-83.21626,42.35423,"{
  ""coordinates"": [
    -8.321626414635230e+01,
    4.235422959613230e+01
  ],
  ""type"": ""Point""
}","{
  ""coordinates"": [
    -83.216264146,
    42.354229596
  ],
  ""type"": ""Point""
}",-83.216264146,42.354229596
20853,1427070,N I 75 SERVICE DRIVE,LIVERNOIS,2018-05-17,17,5,2018,17,5,97,9,,4,0,Asphalt,1,1,1,30,2,2,1,5,0,0,0,0,true,false,false,false,true,false,false,false,false,false,false,false,false,false,false,true,false,false,false,false,false,false,-83.10417,42.30701,"{
  ""coordinates"": [
    -8.310417475618090e+01,
    4.230700828118850e+01
  ],
  ""type"": ""Point""
}","{
  ""coordinates"": [
    -83.104174756,
    42.307008281
  ],
  ""type"": ""Point""
}",-83.104174756,42.307008281
20854,1375555,LIVERNOIS,FORT,2018-05-17,17,5,2018,9,5,8,3,,4,0,,1,1,1,30,3,2,2,4,0,0,0,1,false,false,false,false,false,false,false,false,false,false,false,false,false,false,false,true,false,false,false,false,false,false,-83.10347,42.30663,"{
  ""coordinates"": [
    -8.310347328069309e+01,
    4.230663012077210e+01
  ],
  ""type"": ""Point""
}","{
  ""coordinates"": [
    -83.103473281,
    42.306630121
  ],
  ""type"": ""Point""
}",-83.1034732809999,42.3066301210001
20855,1376695,I-94,FRENCH,2018-05-17,17,5,2018,6,5,5,1,,1,0,Asphalt,1,1,2,55,3,2,2,5,0,0,0,0,true,false,false,false,false,false,false,false,true,false,false,false,false,false,false,false,false,false,false,false,false,false,-82.99667,42.39229,"{
  ""coordinates"": [
    -8.299666421771551e+01,
    4.239229371447710e+01
  ],
  ""type"": ""Point""
}","{
  ""coordinates"": [
    -82.996664218,
    42.392293714
  ],
  ""type"": ""Point""
}",-82.996664218,42.3922937140001
20856,1375566,OUTER,SCHOOLCRAFT,2018-05-17,17,5,2018,16,5,4,9,,2,0,Concrete,1,1,1,35,4,2,1,4,0,0,0,1,false,false,false,false,true,false,false,false,false,false,false,false,false,false,false,false,false,false,false,false,false,false,-83.25642,42.38577,"{
  ""coordinates"": [
    -8.325642295941330e+01,
    4.238576588449750e+01
  ],
  ""type"": ""Point""
}","{
  ""coordinates"": [
    -83.256422959,
    42.385765884
  ],
  ""type"": ""Point""
}",-83.256422959,42.3857658840001
20857,1375577,RUSSELL,CANFIELD,2018-05-17,17,5,2018,2,5,1,9,,4,1,Asphalt,1,2,4,25,2,1,1,5,0,0,0,0,true,false,false,false,false,true,false,false,false,false,false,false,false,false,false,false,false,false,false,false,false,false,-83.04816,42.35789,"{
  ""coordinates"": [
    -8.304816282902300e+01,
    4.235788904826080e+01
  ],
  ""type"": ""Point""
}","{
  ""coordinates"": [
    -83.048162829,
    42.357889048
  ],
  ""type"": ""Point""
}",-83.048162829,42.3578890480001
20858,1378581,I-75,CLAY,2018-05-16,16,5,2018,14,4,8,1,,1,0,Asphalt,1,1,1,55,4,2,3,4,0,0,0,1,false,false,false,false,false,false,false,false,false,false,true,false,false,false,false,false,false,false,false,false,false,false,-83.06178,42.37715,"{
  ""coordinates"": [
    -8.306177838806080e+01,
    4.237714774180400e+01
  ],
  ""type"": ""Point""
}","{
  ""coordinates"": [
    -83.061778388,
    42.377147742
  ],
  ""type"": ""Point""
}",-83.0617783879999,42.377147742
20859,1374752,VAN DYKE,NEVADA,2018-05-16,16,5,2018,16,4,5,3,,1,0,Asphalt,1,1,1,35,5,2,4,5,0,0,0,0,true,false,false,false,true,false,false,false,false,false,false,false,false,false,false,false,false,false,false,false,false,false,-83.02399,42.42701,"{
  ""coordinates"": [
    -8.302399423662150e+01,
    4.242700997168680e+01
  ],
  ""type"": ""Point""
}","{
  ""coordinates"": [
    -83.023994237,
    42.427009972
  ],
  ""type"": ""Point""
}",-83.023994237,42.4270099720001
20860,1373948,FENELON,ROBINWOOD,2018-05-16,16,5,2018,1,4,5,9,,,0,,1,2,4,25,1,2,1,5,0,0,0,0,true,false,false,false,true,false,false,false,false,false,false,false,false,false,false,false,false,false,false,false,false,false,-83.05323,42.43121,"{
  ""coordinates"": [
    -8.305323129197340e+01,
    4.243120400722030e+01
  ],
  ""type"": ""Point""
}","{
  ""coordinates"": [
    -83.053231292,
    42.431204007
  ],
  ""type"": ""Point""
}",-83.053231292,42.4312040070001
20861,1373922,VAN DYKE,GRATIOT,2018-05-16,16,5,2018,7,4,5,3,,4,0,Asphalt,1,1,1,30,2,2,4,4,0,0,0,1,false,false,false,false,false,false,false,false,false,false,false,false,false,false,false,false,false,false,false,false,false,false,-83.01466,42.37878,"{
  ""coordinates"": [
    -8.301465283160390e+01,
    4.237877552271470e+01
  ],
  ""type"": ""Point""
}","{
  ""coordinates"": [
    -83.014652832,
    42.378775523
  ],
  ""type"": ""Point""
}",-83.014652832,42.3787755230001
20862,1377690,I-94,I-96,2018-05-16,16,5,2018,18,4,5,1,,1,0,Asphalt,1,1,1,,3,2,2,5,0,0,0,0,true,false,false,false,false,false,false,false,false,false,false,false,false,false,false,true,false,false,false,false,false,false,-83.10384,42.34874,"{
  ""coordinates"": [
    -8.310384105149291e+01,
    4.234874370044740e+01
  ],
  ""type"": ""Point""
}","{
  ""coordinates"": [
    -83.103841051,
    42.3487437
  ],
  ""type"": ""Point""
}",-83.103841051,42.3487437000001
20863,1374756,N M 10,MCNICHOLS,2018-05-16,16,5,2018,9,4,5,3,,1,0,Concrete,1,1,1,25,2,2,2,5,0,0,0,0,true,false,false,false,true,false,false,false,false,false,false,false,false,false,false,false,false,false,false,false,false,false,-83.17204,42.41662,"{
  ""coordinates"": [
    -8.317204360175749e+01,
    4.241662257534270e+01
  ],
  ""type"": ""Point""
}","{
  ""coordinates"": [
    -83.172043602,
    42.416622575
  ],
  ""type"": ""Point""
}",-83.172043602,42.4166225750001
20864,1382681,GRAND,S M 10,2018-05-16,16,5,2018,12,4,9,9,,4,0,Concrete,1,1,1,30,3,2,2,5,0,0,0,0,true,false,false,false,false,false,false,false,false,false,false,false,false,false,false,false,false,false,false,false,false,false,-83.08179,42.36698,"{
  ""coordinates"": [
    -8.308179541674880e+01,
    4.236698163026010e+01
  ],
  ""type"": ""Point""
}","{
  ""coordinates"": [
    -83.081795417,
    42.36698163
  ],
  ""type"": ""Point""
}",-83.081795417,42.3669816300001
20865,1375501,I-94,LIVERNOIS,2018-05-16,16,5,2018,17,4,5,1,,1,0,Asphalt,1,1,1,55,3,2,2,5,0,0,0,0,true,false,false,false,false,false,false,false,false,false,false,false,false,false,false,false,false,false,false,false,false,false,-83.12509,42.33739,"{
  ""coordinates"": [
    -8.312508781365069e+01,
    4.233738538516330e+01
  ],
  ""type"": ""Point""
}","{
  ""coordinates"": [
    -83.125087814,
    42.337385385
  ],
  ""type"": ""Point""
}",-83.125087814,42.3373853850001
20866,1374680,I-94,JUNCTION,2018-05-16,16,5,2018,9,4,5,1,,1,0,Asphalt,1,1,1,55,3,2,2,4,0,0,0,1,false,false,false,false,false,false,false,false,false,false,false,false,false,false,false,false,false,false,false,false,false,false,-83.11602,42.34252,"{
  ""coordinates"": [
    -8.311601731776349e+01,
    4.234252203892470e+01
  ],
  ""type"": ""Point""
}","{
  ""coordinates"": [
    -83.116017318,
    42.342522039
  ],
  ""type"": ""Point""
}",-83.116017318,42.3425220390001
20867,1377706,WOODWARD,CLIFFORD,2018-05-16,16,5,2018,15,4,97,9,,4,0,Concrete,1,1,1,30,2,2,1,5,0,0,0,0,true,false,false,false,true,false,false,false,false,false,false,false,false,false,false,false,false,true,false,false,false,false,-83.04933,42.33483,"{
  ""coordinates"": [
    -8.304933181112280e+01,
    4.233483188028560e+01
  ],
  ""type"": ""Point""
}","{
  ""coordinates"": [
    -83.049331811,
    42.33483188
  ],
  ""type"": ""Point""
}",-83.0493318109999,42.3348318800001
20868,1374698,CHICAGO,HUBBELL,2018-05-16,16,5,2018,14,4,5,9,,4,0,Asphalt,1,1,1,35,4,2,2,5,0,0,0,0,true,false,false,false,true,false,false,false,false,false,false,false,false,false,false,true,false,false,false,false,false,false,-83.18744,42.36559,"{
  ""coordinates"": [
    -8.318744122926060e+01,
    4.236558345583680e+01
  ],
  ""type"": ""Point""
}","{
  ""coordinates"": [
    -83.187441229,
    42.365583456
  ],
  ""type"": ""Point""
}",-83.1874412289999,42.365583456
20869,1376737,1-94 SERVICE,OUTER,2018-05-16,16,5,2018,16,4,4,9,,4,0,Concrete,1,1,1,35,3,2,3,5,0,0,0,0,true,false,true,true,false,false,false,false,false,false,false,false,false,false,false,false,false,false,false,false,false,false,-83.25642,42.38504,"{
  ""coordinates"": [
    -8.325642391924130e+01,
    4.238504373007230e+01
  ],
  ""type"": ""Point""
}","{
  ""coordinates"": [
    -83.256423919,
    42.38504373
  ],
  ""type"": ""Point""
}",-83.256423919,42.3850437300001
20870,1375544,N M 10,GLENDALE,2018-05-16,16,5,2018,18,4,5,3,,1,0,Concrete,1,1,1,55,3,2,2,5,0,0,0,0,true,false,false,false,false,false,false,false,false,false,false,false,false,false,false,false,false,false,false,false,false,false,-83.10739,42.39513,"{
  ""coordinates"": [
    -8.310739091073590e+01,
    4.239513233059230e+01
  ],
  ""type"": ""Point""
}","{
  ""coordinates"": [
    -83.107390911,
    42.395132331
  ],
  ""type"": ""Point""
}",-83.107390911,42.3951323310001
20871,1374695,M-10,LIVERNOIS,2018-05-16,16,5,2018,13,4,8,3,,1,0,Concrete,1,1,1,55,3,3,3,3,0,0,1,0,false,false,false,false,true,false,false,false,false,true,false,false,false,true,false,false,false,false,false,false,false,false,-83.13857,42.40483,"{
  ""coordinates"": [
    -8.313857305480090e+01,
    4.240483553885350e+01
  ],
  ""type"": ""Point""
}","{
  ""coordinates"": [
    -83.138573055,
    42.404835539
  ],
  ""type"": ""Point""
}",-83.1385730549999,42.404835539
20872,1374702,S I 75,RAMP 031C,2018-05-16,16,5,2018,15,4,8,1,,1,0,Concrete,1,1,1,30,3,2,2,5,0,0,0,0,true,false,false,false,false,false,false,false,false,false,false,false,false,false,false,false,false,false,false,false,false,false,-83.1156,42.30305,"{
  ""coordinates"": [
    -8.311560133027980e+01,
    4.230305342530070e+01
  ],
  ""type"": ""Point""
}","{
  ""coordinates"": [
    -83.11560133,
    42.303053425
  ],
  ""type"": ""Point""
}",-83.1156013299999,42.303053425
20873,1390536,FRENCH,WARREN,2018-05-16,16,5,2018,5,4,5,9,,4,0,Asphalt,1,1,3,,4,2,1,4,0,0,0,1,false,false,false,false,false,false,false,false,false,false,false,false,false,false,false,false,false,false,false,false,false,false,-82.99057,42.38477,"{
  ""coordinates"": [
    -8.299057269159989e+01,
    4.238477503112700e+01
  ],
  ""type"": ""Point""
}","{
  ""coordinates"": [
    -82.990572692,
    42.384775031
  ],
  ""type"": ""Point""
}",-82.9905726919999,42.3847750310001
20874,1389462,I 96,TELEGRAPH,2018-05-16,16,5,2018,8,4,1,1,,1,1,Asphalt,1,1,1,70,4,1,1,4,0,0,0,1,false,false,false,false,false,false,false,false,false,true,false,false,false,false,false,false,false,false,false,false,false,false,-83.27409,42.38549,"{
  ""coordinates"": [
    -8.327409044861480e+01,
    4.238549360533770e+01
  ],
  ""type"": ""Point""
}","{
  ""coordinates"": [
    -83.274090449,
    42.385493605
  ],
  ""type"": ""Point""
}",-83.274090449,42.3854936050001
20875,1375587,SEYMOUR,CELESTINE,2018-05-16,16,5,2018,8,4,4,9,,4,0,Asphalt,1,1,1,25,2,2,10,4,0,0,0,1,false,false,true,false,false,false,false,false,false,false,false,false,false,false,false,false,false,false,false,false,false,false,-82.9726,42.42709,"{
  ""coordinates"": [
    -8.297259265697380e+01,
    4.242708486919540e+01
  ],
  ""type"": ""Point""
}","{
  ""coordinates"": [
    -82.972592657,
    42.427084869
  ],
  ""type"": ""Point""
}",-82.972592657,42.4270848690001
20876,1375568,HEYDEN,SAWYER,2018-05-16,16,5,2018,15,4,8,9,,,0,,1,1,1,25,2,2,2,5,0,0,0,0,true,false,false,false,true,false,false,false,false,false,false,false,false,false,false,false,false,false,false,false,false,false,-83.23801,42.34746,"{
  ""coordinates"": [
    -8.323800291412699e+01,
    4.234746099400300e+01
  ],
  ""type"": ""Point""
}","{
  ""coordinates"": [
    -83.238002914,
    42.347460994
  ],
  ""type"": ""Point""
}",-83.2380029139999,42.3474609940001
20877,1375595,CONANT,CHARLES,2018-05-16,16,5,2018,19,4,5,9,,4,0,Asphalt,1,1,1,35,3,2,1,5,0,0,0,0,true,false,false,false,false,false,false,false,false,false,false,false,false,true,false,false,false,false,false,true,false,false,-83.05878,42.41151,"{
  ""coordinates"": [
    -8.305877925619851e+01,
    4.241150737260130e+01
  ],
  ""type"": ""Point""
}","{
  ""coordinates"": [
    -83.058779256,
    42.411507373
  ],
  ""type"": ""Point""
}",-83.058779256,42.4115073730001
20878,1373942,HOOVER,STATE FAIR,2018-05-16,16,5,2018,2,4,4,3,,1,0,Asphalt,1,1,4,30,2,2,2,5,0,0,0,0,true,false,true,true,true,false,false,false,false,false,false,false,false,false,false,false,false,false,false,false,false,false,-83.00497,42.44168,"{
  ""coordinates"": [
    -8.300496332503680e+01,
    4.244168140571720e+01
  ],
  ""type"": ""Point""
}","{
  ""coordinates"": [
    -83.004963325,
    42.441681406
  ],
  ""type"": ""Point""
}",-83.0049633249999,42.441681406
20879,1375579,7 MILE,SOUTHFIELD SERVICE DRIVE,2018-05-16,16,5,2018,2,4,8,9,,2,0,Asphalt,1,2,4,35,2,2,2,5,0,0,0,0,true,false,false,false,true,false,false,false,false,false,false,false,false,false,true,false,false,false,false,false,false,false,-83.21889,42.43003,"{
  ""coordinates"": [
    -8.321889302190110e+01,
    4.243002741117350e+01
  ],
  ""type"": ""Point""
}","{
  ""coordinates"": [
    -83.218893022,
    42.430027411
  ],
  ""type"": ""Point""
}",-83.218893022,42.430027411
20880,1374745,DAVISON,DEXTER,2018-05-16,16,5,2018,8,4,8,3,,1,0,Asphalt,1,1,1,35,2,2,2,5,0,0,0,0,true,false,false,false,false,false,false,false,false,false,false,false,false,false,false,false,false,false,false,false,false,false,-83.13111,42.38965,"{
  ""coordinates"": [
    -8.313111070176410e+01,
    4.238965115129600e+01
  ],
  ""type"": ""Point""
}","{
  ""coordinates"": [
    -83.131110702,
    42.389651151
  ],
  ""type"": ""Point""
}",-83.1311107019999,42.3896511510001
20881,1375503,I-94,LIVERNOIS,2018-05-16,16,5,2018,16,4,5,1,,1,0,Asphalt,1,1,1,55,3,2,2,5,0,0,0,0,true,false,false,false,false,false,false,false,false,false,true,false,false,false,false,true,false,false,false,false,false,false,-83.13116,42.335,"{
  ""coordinates"": [
    -8.313116593002350e+01,
    4.233500058901380e+01
  ],
  ""type"": ""Point""
}","{
  ""coordinates"": [
    -83.13116593,
    42.335000589
  ],
  ""type"": ""Point""
}",-83.13116593,42.3350005890001
20882,1374706,BEDFORD,BREMEN,2018-05-16,16,5,2018,10,4,5,9,,,0,,1,1,1,,1,3,1,5,0,0,0,0,true,false,false,false,false,false,false,false,false,false,true,false,false,false,true,false,false,false,false,false,false,false,-82.93668,42.39545,"{
  ""coordinates"": [
    -8.293667536338080e+01,
    4.239544904738900e+01
  ],
  ""type"": ""Point""
}","{
  ""coordinates"": [
    -82.936675363,
    42.395449047
  ],
  ""type"": ""Point""
}",-82.9366753629999,42.3954490470001
20883,1376756,CHARLEVOIX,MAXWELL,2018-05-16,16,5,2018,19,4,4,9,,4,0,Asphalt,1,1,1,30,3,2,5,4,0,0,0,2,false,false,false,false,false,false,false,false,false,false,false,false,false,true,false,false,false,false,false,false,false,false,-83.00114,42.36359,"{
  ""coordinates"": [
    -8.300114709767210e+01,
    4.236358829762480e+01
  ],
  ""type"": ""Point""
}","{
  ""coordinates"": [
    -83.001147098,
    42.363588298
  ],
  ""type"": ""Point""
}",-83.001147098,42.363588298
20884,1374748,JOY,GRAND RIVER,2018-05-16,16,5,2018,17,4,5,3,,4,0,Asphalt,1,1,1,35,4,2,4,4,0,0,0,1,false,false,false,false,true,false,false,false,false,false,false,false,false,false,false,false,false,false,false,false,false,false,-83.13058,42.36527,"{
  ""coordinates"": [
    -8.313057820664010e+01,
    4.236526933415890e+01
  ],
  ""type"": ""Point""
}","{
  ""coordinates"": [
    -83.130578207,
    42.365269334
  ],
  ""type"": ""Point""
}",-83.130578207,42.3652693340001
20885,1374754,LIVERNOIS,7 MILE,2018-05-16,16,5,2018,5,4,1,9,,4,1,Asphalt,1,1,4,30,3,1,1,5,0,0,0,0,true,false,false,false,false,true,false,false,false,false,false,false,false,false,false,false,false,false,false,false,false,false,-83.14138,42.4318,"{
  ""coordinates"": [
    -8.314138184461990e+01,
    4.243180518233780e+01
  ],
  ""type"": ""Point""
}","{
  ""coordinates"": [
    -83.141381845,
    42.431805182
  ],
  ""type"": ""Point""
}",-83.141381845,42.4318051820001
20886,1391471,MCNICHOLS,SHAFTSBURY,2018-05-16,16,5,2018,23,4,3,9,,2,0,Asphalt,1,1,4,35,5,2,2,3,0,0,1,0,false,false,false,false,false,false,false,false,false,true,false,true,false,false,false,false,false,false,false,true,false,false,-83.23,42.41533,"{
  ""coordinates"": [
    -8.323000198663880e+01,
    4.241533227240740e+01
  ],
  ""type"": ""Point""
}","{
  ""coordinates"": [
    -83.230001987,
    42.415332272
  ],
  ""type"": ""Point""
}",-83.230001987,42.4153322720001
20887,1378595,WARREN,BRUSH,2018-05-16,16,5,2018,17,4,5,9,,4,0,Asphalt,1,1,1,30,3,2,2,5,0,0,0,0,true,false,false,false,false,false,false,false,false,false,false,false,false,true,true,false,false,false,false,false,false,false,-83.05995,42.35883,"{
  ""coordinates"": [
    -8.305995136945080e+01,
    4.235882836704980e+01
  ],
  ""type"": ""Point""
}","{
  ""coordinates"": [
    -83.059951369,
    42.358828367
  ],
  ""type"": ""Point""
}",-83.059951369,42.3588283670001
20888,1373906,VERNOR,SCOTTEN,2018-05-16,16,5,2018,6,4,1,9,,4,0,Asphalt,1,1,1,25,2,2,4,4,0,0,0,1,false,false,false,false,false,false,false,false,false,false,false,false,false,false,false,false,false,false,false,false,true,false,-83.09402,42.32099,"{
  ""coordinates"": [
    -8.309402565610139e+01,
    4.232099012144350e+01
  ],
  ""type"": ""Point""
}","{
  ""coordinates"": [
    -83.094025656,
    42.320990121
  ],
  ""type"": ""Point""
}",-83.094025656,42.3209901210001
20889,1375573,WARREN,S M 39,2018-05-16,16,5,2018,1,4,5,9,,2,0,Asphalt,1,1,4,45,4,2,2,5,0,0,0,0,true,false,false,false,true,false,false,false,false,false,false,false,false,false,false,false,false,false,false,false,false,false,-83.21619,42.34337,"{
  ""coordinates"": [
    -8.321619143219330e+01,
    4.234336721407050e+01
  ],
  ""type"": ""Point""
}","{
  ""coordinates"": [
    -83.216191432,
    42.343367214
  ],
  ""type"": ""Point""
}",-83.216191432,42.3433672140001