ObjectId,Crash ID,Primary Road,Intersecting Road,Crash Date,Day,Month,Year,Hour,Weekday,Crash Type Code,Highway Classification Code,Community Code,Jurisdiction Code,Lane Departure Type Code,Surface Type,Road Condition,Weather Condition,Lighting Condition,Speed Limit,Lanes,Units,Occupants,Most Severe Injury,Fatal Injuries,Suspected Serious Injuries,Suspected Minor Injuries,Possible Injuries,Property Damage Only,Secondary Crash,Traffic Control,Red Light Run,Hit and Run,Alcohol,Drugs,Unbelted Person,Work Zone,Speeding Driver,Distracted Driver,Driveway,Pedestrian,Elderly Driver,Young Driver,Commercial Vehicle,Emergency Vehicles,Train,School Bus,Motorcycle,Bicycle,Deer,Longitude,Latitude,geom,geog,x,y
21107,1385990,JOY,TRINITY,2018-05-13,13,5,2018,12,1,1,9,,2,0,Asphalt,1,2,1,35,5,2,4,4,0,0,0,1,false,false,false,false,false,false,false,false,false,false,false,false,false,true,false,false,false,false,false,false,true,false,-83.24693,42.35736,"{
  ""coordinates"": [
    -8.324693213124550e+01,
    4.235736367211410e+01
  ],
  ""type"": ""Point""
}","{
  ""coordinates"": [
    -83.246932131,
    42.357363672
  ],
  ""type"": ""Point""
}",-83.2469321309999,42.3573636720001
21108,1381291,FENKELL,S M 39,2018-05-13,13,5,2018,0,1,5,9,,2,0,Asphalt,2,1,4,35,2,2,2,5,0,0,0,0,true,false,false,false,true,false,false,false,false,false,false,false,false,false,false,false,false,false,false,false,false,false,-83.21835,42.40112,"{
  ""coordinates"": [
    -8.321834783249381e+01,
    4.240112185393620e+01
  ],
  ""type"": ""Point""
}","{
  ""coordinates"": [
    -83.218347832,
    42.401121854
  ],
  ""type"": ""Point""
}",-83.2183478319999,42.4011218540001
21109,1372358,LIVERNOIS,FENKELL,2018-05-13,13,5,2018,13,1,8,9,,4,0,Asphalt,1,1,1,35,4,2,4,5,0,0,0,0,true,false,false,false,true,false,false,false,false,false,false,false,false,false,false,false,false,false,false,false,false,false,-83.14012,42.40266,"{
  ""coordinates"": [
    -8.314012156334729e+01,
    4.240266550571010e+01
  ],
  ""type"": ""Point""
}","{
  ""coordinates"": [
    -83.140121563,
    42.402665506
  ],
  ""type"": ""Point""
}",-83.140121563,42.4026655060001
21110,1373126,FLANDERS,CHALMERS,2018-05-13,13,5,2018,18,1,1,9,,,1,,1,1,1,,2,1,0,5,0,0,0,0,true,false,false,false,false,false,false,false,false,false,false,false,false,false,false,false,false,false,false,false,false,false,-82.9733,42.41933,"{
  ""coordinates"": [
    -8.297330106527890e+01,
    4.241932653567840e+01
  ],
  ""type"": ""Point""
}","{
  ""coordinates"": [
    -82.973301065,
    42.419326536
  ],
  ""type"": ""Point""
}",-82.973301065,42.419326536
21111,1376679,I-96,FULLERTON,2018-05-13,13,5,2018,7,1,1,1,,1,1,Concrete,2,2,1,70,4,1,3,4,0,0,0,1,false,false,false,false,false,false,false,false,false,true,false,false,false,false,false,false,false,false,false,false,false,false,-83.18845,42.38036,"{
  ""coordinates"": [
    -8.318844631940020e+01,
    4.238035758696930e+01
  ],
  ""type"": ""Point""
}","{
  ""coordinates"": [
    -83.188446319,
    42.380357587
  ],
  ""type"": ""Point""
}",-83.188446319,42.380357587
21112,1372333,MCNICHOLS,FERGUSON,2018-05-13,13,5,2018,13,1,5,9,,2,0,Asphalt,1,1,1,35,2,2,2,4,0,0,0,2,false,false,false,false,true,false,false,false,false,false,false,false,false,false,false,false,false,false,false,false,false,false,-83.21003,42.41574,"{
  ""coordinates"": [
    -8.321002887726441e+01,
    4.241574343169840e+01
  ],
  ""type"": ""Point""
}","{
  ""coordinates"": [
    -83.210028877,
    42.415743432
  ],
  ""type"": ""Point""
}",-83.210028877,42.4157434320001
21113,1373107,HEYDEN,CHICAGO,2018-05-13,13,5,2018,13,1,2,9,,,2,,1,1,1,25,2,2,1,5,0,0,0,0,true,false,false,false,true,false,false,false,false,false,false,false,false,true,false,false,false,false,false,false,false,false,-83.23851,42.3647,"{
  ""coordinates"": [
    -8.323850699833750e+01,
    4.236469908085980e+01
  ],
  ""type"": ""Point""
}","{
  ""coordinates"": [
    -83.238506998,
    42.364699081
  ],
  ""type"": ""Point""
}",-83.2385069979999,42.364699081
21114,1373142,7 MILE,NORTHLAWN,2018-05-13,13,5,2018,14,1,5,9,,2,0,Asphalt,1,1,1,30,2,3,3,5,0,0,0,0,true,false,false,false,false,false,false,false,false,false,false,false,false,true,false,false,false,false,false,false,false,false,-83.15428,42.4314,"{
  ""coordinates"": [
    -8.315427969448599e+01,
    4.243139879983760e+01
  ],
  ""type"": ""Point""
}","{
  ""coordinates"": [
    -83.154279694,
    42.4313988
  ],
  ""type"": ""Point""
}",-83.154279694,42.4313988000001
21115,1374692,I-94,ROSAPARKS,2018-05-13,13,5,2018,6,1,5,1,,1,0,Asphalt,2,4,4,55,3,2,1,5,0,0,0,0,true,false,false,false,true,false,false,false,false,false,false,false,false,true,false,true,false,false,false,false,false,false,-83.10317,42.34895,"{
  ""coordinates"": [
    -8.310317302549279e+01,
    4.234894852245230e+01
  ],
  ""type"": ""Point""
}","{
  ""coordinates"": [
    -83.103173025,
    42.348948522
  ],
  ""type"": ""Point""
}",-83.103173025,42.3489485220001
21116,1373876,M-10,WYOMING,2018-05-13,13,5,2018,22,1,5,3,,1,0,Concrete,1,1,4,55,3,2,2,4,0,0,0,1,false,true,false,false,true,false,false,false,false,false,false,false,false,true,false,false,false,false,false,false,false,false,-83.16014,42.40528,"{
  ""coordinates"": [
    -8.316014409586460e+01,
    4.240528218752540e+01
  ],
  ""type"": ""Point""
}","{
  ""coordinates"": [
    -83.160144096,
    42.405282188
  ],
  ""type"": ""Point""
}",-83.160144096,42.4052821880001
21117,1375491,I-375,LAFAYETTE,2018-05-13,13,5,2018,23,1,1,1,,1,1,Asphalt,1,1,4,55,3,1,0,5,0,0,0,0,true,false,false,false,true,false,false,false,false,true,false,false,false,false,false,false,false,false,false,false,false,false,-83.03816,42.33596,"{
  ""coordinates"": [
    -8.303816142220271e+01,
    4.233596514983590e+01
  ],
  ""type"": ""Point""
}","{
  ""coordinates"": [
    -83.038161422,
    42.33596515
  ],
  ""type"": ""Point""
}",-83.038161422,42.33596515
21118,1373129,BRINGARD,SHAKESPEARE,2018-05-13,13,5,2018,17,1,10,9,,,0,,1,1,1,25,2,2,1,5,0,0,0,0,true,false,false,false,false,false,false,false,false,false,false,false,false,false,false,false,false,false,false,false,false,false,-82.94575,42.44667,"{
  ""coordinates"": [
    -8.294574612262819e+01,
    4.244667103375760e+01
  ],
  ""type"": ""Point""
}","{
  ""coordinates"": [
    -82.945746123,
    42.446671034
  ],
  ""type"": ""Point""
}",-82.9457461229999,42.4466710340001
21119,1372341,AVON,CAMBRIDGE,2018-05-13,13,5,2018,11,1,4,9,,,0,,1,2,1,25,4,2,6,5,0,0,0,0,true,false,false,false,false,false,false,false,false,true,false,false,false,false,false,false,false,false,false,false,false,false,-83.22662,42.43164,"{
  ""coordinates"": [
    -8.322662410791830e+01,
    4.243164344301260e+01
  ],
  ""type"": ""Point""
}","{
  ""coordinates"": [
    -83.226624108,
    42.431643443
  ],
  ""type"": ""Point""
}",-83.226624108,42.431643443
21120,1373105,GREENFIELD,CHICAGO,2018-05-13,13,5,2018,18,1,97,9,,2,0,Asphalt,1,1,1,35,5,2,4,5,0,0,0,0,true,false,false,false,true,false,false,false,false,false,false,false,false,false,false,false,false,false,false,false,false,false,-83.19729,42.36564,"{
  ""coordinates"": [
    -8.319728817065349e+01,
    4.236564312257070e+01
  ],
  ""type"": ""Point""
}","{
  ""coordinates"": [
    -83.197288171,
    42.365643123
  ],
  ""type"": ""Point""
}",-83.197288171,42.365643123
21121,1373077,VIRGINIA,SECOND,2018-05-13,13,5,2018,5,1,10,9,,,0,,2,4,2,,1,2,0,5,0,0,0,0,true,false,false,false,true,false,false,false,false,false,false,false,false,false,false,false,false,false,false,false,false,false,-83.08026,42.37512,"{
  ""coordinates"": [
    -8.308026075336571e+01,
    4.237512040460090e+01
  ],
  ""type"": ""Point""
}","{
  ""coordinates"": [
    -83.080260753,
    42.375120405
  ],
  ""type"": ""Point""
}",-83.0802607529999,42.3751204050001
21122,1373116,TELEGRAPH,6 MILE,2018-05-13,13,5,2018,14,1,5,2,,1,0,Asphalt,1,1,1,50,4,2,2,5,0,0,0,0,true,false,true,true,false,false,false,false,false,false,false,false,false,true,false,false,false,false,false,false,false,false,-83.27696,42.4145,"{
  ""coordinates"": [
    -8.327696565991720e+01,
    4.241450122776080e+01
  ],
  ""type"": ""Point""
}","{
  ""coordinates"": [
    -83.27696566,
    42.414501228
  ],
  ""type"": ""Point""
}",-83.27696566,42.4145012280001
21123,1372324,JOY,COYLE,2018-05-13,13,5,2018,4,1,3,9,,4,0,Asphalt,2,4,4,35,4,2,1,5,0,0,0,0,true,false,false,false,true,false,false,false,false,false,false,false,false,false,false,false,false,false,false,false,false,false,-83.19273,42.35822,"{
  ""coordinates"": [
    -8.319273354837971e+01,
    4.235822245756770e+01
  ],
  ""type"": ""Point""
}","{
  ""coordinates"": [
    -83.192733548,
    42.358222458
  ],
  ""type"": ""Point""
}",-83.192733548,42.3582224580001
21124,1373963,DAVISON,DEXTER,2018-05-13,13,5,2018,16,1,5,3,,1,0,Asphalt,1,1,1,35,6,2,2,5,0,0,0,0,true,false,false,false,false,false,false,false,false,true,false,false,false,false,false,false,false,false,false,false,false,false,-83.13084,42.38976,"{
  ""coordinates"": [
    -8.313083297860770e+01,
    4.238975782970360e+01
  ],
  ""type"": ""Point""
}","{
  ""coordinates"": [
    -83.130832979,
    42.38975783
  ],
  ""type"": ""Point""
}",-83.130832979,42.3897578300001
21125,1373962,RENFREW,BLOOMFIELD,2018-05-13,13,5,2018,10,1,8,9,,,0,,1,1,1,25,2,2,1,5,0,0,0,0,true,false,false,false,false,false,false,false,false,false,false,false,false,false,false,false,false,false,false,false,false,false,-83.1353,42.44168,"{
  ""coordinates"": [
    -8.313529982148320e+01,
    4.244168390647270e+01
  ],
  ""type"": ""Point""
}","{
  ""coordinates"": [
    -83.135299821,
    42.441683906
  ],
  ""type"": ""Point""
}",-83.135299821,42.441683906
21126,1373123,STATE FAIR,JOANN,2018-05-13,13,5,2018,20,1,4,9,,4,0,Asphalt,1,1,1,25,2,2,3,4,0,0,0,2,false,false,true,false,true,false,false,false,false,false,false,false,false,false,false,false,false,false,false,false,false,false,-82.99033,42.44207,"{
  ""coordinates"": [
    -8.299032466483941e+01,
    4.244206694871680e+01
  ],
  ""type"": ""Point""
}","{
  ""coordinates"": [
    -82.990324665,
    42.442066949
  ],
  ""type"": ""Point""
}",-82.9903246649999,42.442066949
21127,1373921,BRAILE,PLYMOUTH,2018-05-13,13,5,2018,2,1,1,9,,,1,,1,4,4,25,2,1,2,3,0,0,2,0,false,false,false,false,false,false,false,false,false,false,false,false,false,false,false,false,false,false,false,false,false,false,-83.24371,42.37165,"{
  ""coordinates"": [
    -8.324371142193461e+01,
    4.237165195661760e+01
  ],
  ""type"": ""Point""
}","{
  ""coordinates"": [
    -83.243711422,
    42.371651957
  ],
  ""type"": ""Point""
}",-83.243711422,42.371651957
21128,1372323,SCHAEFER,ORANGELAWN,2018-05-13,13,5,2018,19,1,6,9,,4,0,Asphalt,1,1,1,35,3,2,2,5,0,0,0,0,true,false,false,false,false,false,false,false,false,false,false,false,false,false,false,false,false,false,false,false,false,false,-83.17782,42.36831,"{
  ""coordinates"": [
    -8.317781779264210e+01,
    4.236831439699460e+01
  ],
  ""type"": ""Point""
}","{
  ""coordinates"": [
    -83.177817793,
    42.368314397
  ],
  ""type"": ""Point""
}",-83.177817793,42.3683143970001
21129,1373964,7 MILE,STOEPEL,2018-05-13,13,5,2018,16,1,4,9,,2,0,Asphalt,1,1,1,30,4,2,2,5,0,0,0,0,true,false,false,false,true,false,false,false,false,false,false,false,false,true,false,false,false,false,false,false,false,false,-83.14266,42.43158,"{
  ""coordinates"": [
    -8.314265933768330e+01,
    4.243158207784190e+01
  ],
  ""type"": ""Point""
}","{
  ""coordinates"": [
    -83.142659338,
    42.431582078
  ],
  ""type"": ""Point""
}",-83.142659338,42.4315820780001
21130,1373061,W I 96,GRAND,2018-05-13,13,5,2018,3,1,1,1,,1,1,Asphalt,2,4,4,70,4,1,1,5,0,0,0,0,true,false,false,false,false,false,false,false,false,true,false,false,false,false,true,false,false,false,false,false,false,false,-83.11027,42.35586,"{
  ""coordinates"": [
    -8.311026923540750e+01,
    4.235585833599640e+01
  ],
  ""type"": ""Point""
}","{
  ""coordinates"": [
    -83.110269235,
    42.355858336
  ],
  ""type"": ""Point""
}",-83.110269235,42.355858336
21131,1372368,OUTER,VAN DYKE,2018-05-13,13,5,2018,21,1,4,3,,2,0,Asphalt,1,1,3,35,2,2,3,5,0,0,0,0,true,false,false,false,false,false,false,false,false,false,false,false,false,false,false,false,false,false,false,false,false,false,-83.0245,42.44134,"{
  ""coordinates"": [
    -8.302450117741240e+01,
    4.244134149556740e+01
  ],
  ""type"": ""Point""
}","{
  ""coordinates"": [
    -83.024501177,
    42.441341496
  ],
  ""type"": ""Point""
}",-83.024501177,42.4413414960001
21132,1371431,8 MILE,SCHOENHERR,2018-05-13,13,5,2018,1,1,4,3,,1,0,Asphalt,2,4,4,40,4,2,3,4,0,0,0,2,false,false,true,true,true,false,false,false,false,false,false,false,false,false,false,false,false,false,false,false,false,false,-82.98568,42.44928,"{
  ""coordinates"": [
    -8.298568311061339e+01,
    4.244927933130560e+01
  ],
  ""type"": ""Point""
}","{
  ""coordinates"": [
    -82.985683111,
    42.449279331
  ],
  ""type"": ""Point""
}",-82.985683111,42.4492793310001
21133,1373078,GRAND,JOHN C,2018-05-13,13,5,2018,22,1,7,9,,4,0,Concrete,1,1,4,35,2,2,1,5,0,0,0,0,true,false,false,false,true,false,false,false,false,false,false,true,false,false,false,false,false,false,false,false,false,false,-83.08167,42.36724,"{
  ""coordinates"": [
    -8.308167000891800e+01,
    4.236724594884580e+01
  ],
  ""type"": ""Point""
}","{
  ""coordinates"": [
    -83.081670009,
    42.367245949
  ],
  ""type"": ""Point""
}",-83.0816700089999,42.3672459490001
21134,1372326,SNOWDEN,PURITAN,2018-05-13,13,5,2018,16,1,98,9,,,0,,1,1,1,25,2,2,0,5,0,0,0,0,true,false,false,false,true,false,false,false,false,false,false,false,false,false,false,false,false,false,false,false,false,false,-83.17728,42.40899,"{
  ""coordinates"": [
    -8.317728214505580e+01,
    4.240899421024510e+01
  ],
  ""type"": ""Point""
}","{
  ""coordinates"": [
    -83.177282145,
    42.40899421
  ],
  ""type"": ""Point""
}",-83.1772821449999,42.4089942100001
21135,1373113,GRATIOT,ST AUBIN,2018-05-13,13,5,2018,17,1,4,3,,1,0,Asphalt,1,1,1,35,9,2,1,3,0,0,1,0,false,false,false,false,true,false,false,false,false,false,false,false,false,false,false,false,false,false,false,false,false,false,-83.03431,42.34928,"{
  ""coordinates"": [
    -8.303430914202940e+01,
    4.234928167727020e+01
  ],
  ""type"": ""Point""
}","{
  ""coordinates"": [
    -83.034309142,
    42.349281677
  ],
  ""type"": ""Point""
}",-83.034309142,42.3492816770001
21136,1372334,7 MILE,HARLOW,2018-05-13,13,5,2018,16,1,8,9,,2,0,Asphalt,1,1,1,35,4,2,2,5,0,0,0,0,true,false,false,false,true,false,false,false,false,false,false,false,false,false,false,false,false,false,false,false,false,false,-83.21608,42.4301,"{
  ""coordinates"": [
    -8.321608333563221e+01,
    4.243010498524820e+01
  ],
  ""type"": ""Point""
}","{
  ""coordinates"": [
    -83.216083336,
    42.430104985
  ],
  ""type"": ""Point""
}",-83.2160833359999,42.4301049850001
21137,1373887,I-94,I-75,2018-05-12,12,5,2018,20,7,8,1,,1,0,Asphalt,1,1,1,55,3,2,3,4,0,0,0,2,false,false,false,false,false,false,false,false,false,false,false,false,false,false,true,false,false,false,false,false,false,false,-83.06232,42.36663,"{
  ""coordinates"": [
    -8.306232767367450e+01,
    4.236662786355330e+01
  ],
  ""type"": ""Point""
}","{
  ""coordinates"": [
    -83.062327674,
    42.366627864
  ],
  ""type"": ""Point""
}",-83.062327674,42.3666278640001
21138,1373073,GRAND,HOLDEN,2018-05-12,12,5,2018,14,7,5,9,,4,0,Asphalt,2,4,1,35,3,3,4,5,0,0,0,0,true,false,false,false,false,false,false,false,false,false,false,false,false,true,false,false,false,false,false,false,false,false,-83.09021,42.36393,"{
  ""coordinates"": [
    -8.309020719554790e+01,
    4.236392514897120e+01
  ],
  ""type"": ""Point""
}","{
  ""coordinates"": [
    -83.090207196,
    42.363925149
  ],
  ""type"": ""Point""
}",-83.0902071959999,42.3639251490001
21139,1380356,I 94,SCOTTEN,2018-05-12,12,5,2018,2,7,8,1,,1,0,Asphalt,2,4,4,55,3,2,2,5,0,0,0,0,true,false,false,false,false,false,false,false,false,true,false,false,false,false,false,false,false,false,false,false,false,false,-83.11033,42.34663,"{
  ""coordinates"": [
    -8.311033070384779e+01,
    4.234663100704660e+01
  ],
  ""type"": ""Point""
}","{
  ""coordinates"": [
    -83.110330704,
    42.346631007
  ],
  ""type"": ""Point""
}",-83.110330704,42.346631007
21140,1373128,E I 94,FRONTENAC,2018-05-12,12,5,2018,4,7,97,1,,1,0,Asphalt,2,4,4,55,4,1,1,5,0,0,0,0,true,false,false,false,false,false,false,false,false,false,false,false,false,false,false,false,false,false,false,false,false,false,-83.0274,42.38452,"{
  ""coordinates"": [
    -8.302739487595559e+01,
    4.238452060559230e+01
  ],
  ""type"": ""Point""
}","{
  ""coordinates"": [
    -83.027394876,
    42.384520606
  ],
  ""type"": ""Point""
}",-83.027394876,42.3845206060001
21141,1376669,I-75,MICHIGAN,2018-05-12,12,5,2018,4,7,1,1,,1,1,Asphalt,2,4,4,70,3,1,1,5,0,0,0,0,true,false,false,false,false,false,false,false,false,true,false,false,false,false,false,true,false,false,false,false,false,false,-83.08561,42.33035,"{
  ""coordinates"": [
    -8.308561148240101e+01,
    4.233034873139590e+01
  ],
  ""type"": ""Point""
}","{
  ""coordinates"": [
    -83.085611482,
    42.330348731
  ],
  ""type"": ""Point""
}",-83.085611482,42.3303487310001
21142,1374691,N M 39,CSX TRANSPORTATION,2018-05-12,12,5,2018,11,7,5,3,,1,0,Asphalt,2,4,1,55,3,2,2,4,0,0,0,1,false,false,false,false,false,false,false,false,false,false,false,false,false,false,false,false,false,false,false,false,false,false,-83.21702,42.37947,"{
  ""coordinates"": [
    -8.321701540819750e+01,
    4.237947592228870e+01
  ],
  ""type"": ""Point""
}","{
  ""coordinates"": [
    -83.217015408,
    42.379475922
  ],
  ""type"": ""Point""
}",-83.217015408,42.379475922
21143,1376678,I 94,SECOND,2018-05-12,12,5,2018,2,7,8,1,,1,0,Asphalt,2,4,4,55,3,2,2,5,0,0,0,0,true,false,false,false,false,false,false,false,false,false,false,false,false,false,false,false,false,false,false,false,false,false,-83.07242,42.36177,"{
  ""coordinates"": [
    -8.307241547363620e+01,
    4.236177407587210e+01
  ],
  ""type"": ""Point""
}","{
  ""coordinates"": [
    -83.072415474,
    42.361774076
  ],
  ""type"": ""Point""
}",-83.072415474,42.3617740760001
21144,1371360,MEYERS,BUENA VISTA,2018-05-12,12,5,2018,0,7,8,9,,4,0,Asphalt,2,4,4,,2,4,2,5,0,0,0,0,true,false,false,false,false,false,false,false,false,false,false,false,false,false,false,false,false,false,false,false,false,false,-83.16854,42.38367,"{
  ""coordinates"": [
    -8.316854382990610e+01,
    4.238366718891170e+01
  ],
  ""type"": ""Point""
}","{
  ""coordinates"": [
    -83.16854383,
    42.383667189
  ],
  ""type"": ""Point""
}",-83.16854383,42.3836671890001
21145,1372328,MICHIGAN,18TH,2018-05-12,12,5,2018,20,7,9,2,,1,0,Concrete,1,1,4,35,5,2,2,5,0,0,0,0,true,false,false,false,false,false,false,false,false,false,false,false,false,false,false,false,true,false,false,false,false,false,-83.08149,42.33134,"{
  ""coordinates"": [
    -8.308148750569570e+01,
    4.233134256981680e+01
  ],
  ""type"": ""Point""
}","{
  ""coordinates"": [
    -83.081487506,
    42.33134257
  ],
  ""type"": ""Point""
}",-83.081487506,42.3313425700001
21146,1378604,JEFFERSON,GRAND,2018-05-12,12,5,2018,4,7,1,9,,4,0,Asphalt,2,4,4,35,3,1,0,5,0,0,0,0,true,false,false,false,false,false,false,false,false,false,false,false,false,false,false,false,false,false,false,false,false,false,-83.08155,42.31273,"{
  ""coordinates"": [
    -8.308155202848070e+01,
    4.231272867785310e+01
  ],
  ""type"": ""Point""
}","{
  ""coordinates"": [
    -83.081552028,
    42.312728678
  ],
  ""type"": ""Point""
}",-83.081552028,42.312728678
21147,1371430,7 MILE,HAYES,2018-05-12,12,5,2018,0,7,4,9,,2,0,Asphalt,2,4,4,35,5,2,3,5,0,0,0,0,true,false,true,true,false,false,false,false,false,false,false,false,false,false,false,false,false,false,false,false,false,false,-82.96542,42.43542,"{
  ""coordinates"": [
    -8.296541982462880e+01,
    4.243542466157320e+01
  ],
  ""type"": ""Point""
}","{
  ""coordinates"": [
    -82.965419825,
    42.435424662
  ],
  ""type"": ""Point""
}",-82.965419825,42.4354246620001
21148,1376672,M-39,LYNDON,2018-05-12,12,5,2018,0,7,8,3,,1,0,Asphalt,2,4,4,55,3,2,4,5,0,0,0,0,true,false,false,false,false,false,false,false,false,true,false,false,false,false,true,false,false,false,false,false,false,false,-83.21815,42.39526,"{
  ""coordinates"": [
    -8.321814566655810e+01,
    4.239526532082020e+01
  ],
  ""type"": ""Point""
}","{
  ""coordinates"": [
    -83.218145667,
    42.395265321
  ],
  ""type"": ""Point""
}",-83.218145667,42.3952653210001
21149,1371384,SCHAEFER,FORT,2018-05-12,12,5,2018,14,7,5,7,,1,0,Asphalt,2,4,1,30,4,2,3,5,0,0,0,0,true,false,false,false,false,false,false,false,false,false,false,false,false,false,false,false,false,false,false,false,false,false,-83.15521,42.2762,"{
  ""coordinates"": [
    -8.315521263008110e+01,
    4.227620445269940e+01
  ],
  ""type"": ""Point""
}","{
  ""coordinates"": [
    -83.15521263,
    42.276204453
  ],
  ""type"": ""Point""
}",-83.1552126299999,42.276204453
21150,1376655,I-94,CADIEUX,2018-05-12,12,5,2018,8,7,8,1,,1,0,Asphalt,2,4,1,55,3,2,2,5,0,0,0,0,true,false,false,false,false,false,false,false,false,true,false,false,false,false,false,false,false,false,false,false,false,false,-82.9357,42.41813,"{
  ""coordinates"": [
    -8.293569903388000e+01,
    4.241812331532110e+01
  ],
  ""type"": ""Point""
}","{
  ""coordinates"": [
    -82.935699034,
    42.418123315
  ],
  ""type"": ""Point""
}",-82.935699034,42.4181233150001
21151,1380360,S I 75,RAMP 216H,2018-05-12,12,5,2018,3,7,5,1,,1,0,Concrete,2,4,4,55,4,2,2,4,0,0,0,2,false,false,false,false,false,false,false,false,false,false,false,false,false,false,true,false,false,false,false,false,false,false,-83.05836,42.36885,"{
  ""coordinates"": [
    -8.305836643661939e+01,
    4.236885352757110e+01
  ],
  ""type"": ""Point""
}","{
  ""coordinates"": [
    -83.058366437,
    42.368853528
  ],
  ""type"": ""Point""
}",-83.058366437,42.368853528
21152,1375533,E I 94,CONSOLIDATED RAIL CORPORATION,2018-05-12,12,5,2018,8,7,1,1,,1,1,Asphalt,2,4,1,55,3,1,1,5,0,0,0,0,true,false,false,false,false,false,false,true,false,true,false,false,false,false,false,false,false,false,false,false,false,false,-83.03109,42.38212,"{
  ""coordinates"": [
    -8.303109288484410e+01,
    4.238211638555680e+01
  ],
  ""type"": ""Point""
}","{
  ""coordinates"": [
    -83.031092885,
    42.382116386
  ],
  ""type"": ""Point""
}",-83.031092885,42.3821163860001
21153,1376656,M-39,GRAND RIVER,2018-05-12,12,5,2018,8,7,1,3,,1,1,Asphalt,2,4,1,55,3,1,1,5,0,0,0,0,true,false,false,false,false,false,false,false,false,true,false,false,false,false,false,false,false,false,false,false,false,false,-83.21838,42.40046,"{
  ""coordinates"": [
    -8.321838390973510e+01,
    4.240046487624310e+01
  ],
  ""type"": ""Point""
}","{
  ""coordinates"": [
    -83.21838391,
    42.400464876
  ],
  ""type"": ""Point""
}",-83.2183839099999,42.4004648760001
21154,1371407,FOREST,MCDOUGALL,2018-05-12,12,5,2018,23,7,4,9,,4,0,Asphalt,2,1,4,30,2,2,4,2,0,1,0,3,false,false,false,false,false,false,false,false,false,false,false,false,false,false,false,false,false,false,false,false,false,false,-83.03447,42.3654,"{
  ""coordinates"": [
    -8.303446803921250e+01,
    4.236540050886750e+01
  ],
  ""type"": ""Point""
}","{
  ""coordinates"": [
    -83.034468039,
    42.365400509
  ],
  ""type"": ""Point""
}",-83.034468039,42.365400509
21155,1371444,LIVERNOIS,BURLINGAME,2018-05-12,12,5,2018,13,7,5,9,,4,0,Asphalt,2,4,1,35,6,2,2,5,0,0,0,0,true,false,false,false,false,false,false,false,false,false,false,false,false,false,false,false,false,false,false,false,false,false,-83.13889,42.37346,"{
  ""coordinates"": [
    -8.313889272342411e+01,
    4.237345494700860e+01
  ],
  ""type"": ""Point""
}","{
  ""coordinates"": [
    -83.138892723,
    42.373454947
  ],
  ""type"": ""Point""
}",-83.138892723,42.373454947
21156,1372317,N M 39,CHICAGO,2018-05-12,12,5,2018,10,7,8,3,,1,0,Asphalt,2,4,1,55,3,2,3,5,0,0,0,0,true,false,false,false,false,false,false,false,false,false,false,false,false,false,true,false,false,false,false,false,false,false,-83.21638,42.3651,"{
  ""coordinates"": [
    -8.321638059225410e+01,
    4.236509585423590e+01
  ],
  ""type"": ""Point""
}","{
  ""coordinates"": [
    -83.216380592,
    42.365095854
  ],
  ""type"": ""Point""
}",-83.216380592,42.3650958540001
21157,1373928,WESTMORELAND,CAMBRIDGE,2018-05-12,12,5,2018,18,7,8,9,,,0,,2,2,1,25,2,2,2,5,0,0,0,0,true,false,false,false,false,false,false,false,false,false,false,false,false,false,false,false,false,false,false,false,false,false,-83.23675,42.43143,"{
  ""coordinates"": [
    -8.323674717416910e+01,
    4.243142899388230e+01
  ],
  ""type"": ""Point""
}","{
  ""coordinates"": [
    -83.236747174,
    42.431428994
  ],
  ""type"": ""Point""
}",-83.236747174,42.431428994
21158,1376657,I-94,CADIEUX,2018-05-12,12,5,2018,8,7,8,1,,1,0,Asphalt,2,4,1,55,3,2,2,5,0,0,0,0,true,false,false,false,false,false,false,false,false,true,false,false,false,false,false,false,false,false,false,false,false,false,-82.93048,42.42245,"{
  ""coordinates"": [
    -8.293048145940780e+01,
    4.242244601720760e+01
  ],
  ""type"": ""Point""
}","{
  ""coordinates"": [
    -82.930481459,
    42.422446017
  ],
  ""type"": ""Point""
}",-82.930481459,42.422446017
21159,1376665,E/B I 94,WOODWARD,2018-05-12,12,5,2018,14,7,8,1,,1,0,Asphalt,2,4,1,55,3,2,2,5,0,0,0,0,true,false,false,false,false,false,false,false,false,false,false,false,false,true,false,false,false,false,false,false,false,false,-83.06943,42.36329,"{
  ""coordinates"": [
    -8.306942479649310e+01,
    4.236328821001910e+01
  ],
  ""type"": ""Point""
}","{
  ""coordinates"": [
    -83.069424796,
    42.36328821
  ],
  ""type"": ""Point""
}",-83.069424796,42.3632882100001
21160,1371392,PLYMOUTH,VAUGHAN,2018-05-12,12,5,2018,4,7,8,9,,4,0,Asphalt,2,4,4,35,7,2,2,5,0,0,0,0,true,false,false,false,true,false,false,false,false,false,false,false,false,false,false,false,false,false,false,false,false,false,-83.2375,42.37188,"{
  ""coordinates"": [
    -8.323749686438811e+01,
    4.237187892602420e+01
  ],
  ""type"": ""Point""
}","{
  ""coordinates"": [
    -83.237496864,
    42.371878926
  ],
  ""type"": ""Point""
}",-83.237496864,42.3718789260001
21161,1373910,CHALMERS,ROSEMARY,2018-05-12,12,5,2018,22,7,5,9,,4,0,Asphalt,2,4,3,30,4,2,1,5,0,0,0,0,true,false,false,false,true,false,false,false,false,false,false,false,false,false,true,false,false,false,false,false,false,false,-82.97165,42.41586,"{
  ""coordinates"": [
    -8.297165072935751e+01,
    4.241586099691380e+01
  ],
  ""type"": ""Point""
}","{
  ""coordinates"": [
    -82.971650729,
    42.415860997
  ],
  ""type"": ""Point""
}",-82.971650729,42.415860997