ObjectId,Crash ID,Primary Road,Intersecting Road,Crash Date,Day,Month,Year,Hour,Weekday,Crash Type Code,Highway Classification Code,Community Code,Jurisdiction Code,Lane Departure Type Code,Surface Type,Road Condition,Weather Condition,Lighting Condition,Speed Limit,Lanes,Units,Occupants,Most Severe Injury,Fatal Injuries,Suspected Serious Injuries,Suspected Minor Injuries,Possible Injuries,Property Damage Only,Secondary Crash,Traffic Control,Red Light Run,Hit and Run,Alcohol,Drugs,Unbelted Person,Work Zone,Speeding Driver,Distracted Driver,Driveway,Pedestrian,Elderly Driver,Young Driver,Commercial Vehicle,Emergency Vehicles,Train,School Bus,Motorcycle,Bicycle,Deer,Longitude,Latitude,geom,geog,x,y
21216,1371383,VERNOR,FERDINAND,2018-05-12,12,5,2018,15,7,2,9,,4,0,Asphalt,2,1,1,30,2,2,1,4,0,0,0,2,false,false,false,false,true,false,false,false,false,false,true,true,false,false,false,false,false,false,false,false,false,false,-83.09953,42.31877,"{
  ""coordinates"": [
    -8.309953102848959e+01,
    4.231876588339960e+01
  ],
  ""type"": ""Point""
}","{
  ""coordinates"": [
    -83.099531028,
    42.318765883
  ],
  ""type"": ""Point""
}",-83.0995310279999,42.318765883
21217,1374701,WOODWARD,HANCOCK,2018-05-12,12,5,2018,10,7,1,3,,1,0,Asphalt,2,4,1,30,3,2,2,5,0,0,0,0,true,false,false,false,false,false,false,false,false,false,false,false,false,true,false,false,false,true,false,false,false,false,-83.06367,42.35575,"{
  ""coordinates"": [
    -8.306367441245570e+01,
    4.235575288779440e+01
  ],
  ""type"": ""Point""
}","{
  ""coordinates"": [
    -83.063674412,
    42.355752888
  ],
  ""type"": ""Point""
}",-83.063674412,42.355752888
21218,1373080,WOODWARD,GRAND,2018-05-12,12,5,2018,11,7,4,3,,1,0,Asphalt,2,4,1,35,4,2,4,4,0,0,0,3,false,false,true,true,false,false,false,false,false,false,false,false,false,false,false,false,false,false,false,false,false,false,-83.07339,42.37035,"{
  ""coordinates"": [
    -8.307338706918981e+01,
    4.237035141134500e+01
  ],
  ""type"": ""Point""
}","{
  ""coordinates"": [
    -83.073387069,
    42.370351411
  ],
  ""type"": ""Point""
}",-83.073387069,42.3703514110001
21219,1376677,M-39,GRAND RIVER,2018-05-12,12,5,2018,15,7,5,3,,1,0,Asphalt,2,4,1,55,3,2,2,5,0,0,0,0,true,false,false,false,false,false,false,false,false,false,false,false,false,false,true,false,false,false,false,false,false,false,-83.21838,42.40102,"{
  ""coordinates"": [
    -8.321838539782580e+01,
    4.240101562161410e+01
  ],
  ""type"": ""Point""
}","{
  ""coordinates"": [
    -83.218385398,
    42.401015622
  ],
  ""type"": ""Point""
}",-83.218385398,42.401015622
21220,1376660,E I 96,SCHAEFER,2018-05-12,12,5,2018,9,7,1,1,,1,1,Concrete,2,4,1,70,3,1,1,5,0,0,0,0,true,false,false,false,false,false,false,false,false,true,false,false,false,false,true,false,false,false,false,false,false,false,-83.1778,42.38327,"{
  ""coordinates"": [
    -8.317779523818740e+01,
    4.238326735416180e+01
  ],
  ""type"": ""Point""
}","{
  ""coordinates"": [
    -83.177795238,
    42.383267354
  ],
  ""type"": ""Point""
}",-83.177795238,42.3832673540001
21221,1372319,LOTHRUP,WOODWARD,2018-05-12,12,5,2018,9,7,4,3,,4,0,Asphalt,2,4,1,25,2,2,3,5,0,0,0,0,true,false,false,false,false,false,false,false,false,false,false,false,false,false,false,false,false,false,false,false,false,false,-83.07432,42.37151,"{
  ""coordinates"": [
    -8.307431418545920e+01,
    4.237150587896340e+01
  ],
  ""type"": ""Point""
}","{
  ""coordinates"": [
    -83.074314185,
    42.371505879
  ],
  ""type"": ""Point""
}",-83.0743141849999,42.371505879
21222,1373133,LAMONT,EMERY,2018-05-12,12,5,2018,3,7,97,9,,,0,,2,4,4,25,1,2,0,4,0,0,0,1,false,false,false,false,true,false,false,false,false,false,false,false,true,false,false,false,false,false,false,false,false,false,-83.05493,42.43587,"{
  ""coordinates"": [
    -8.305493073600330e+01,
    4.243586864688800e+01
  ],
  ""type"": ""Point""
}","{
  ""coordinates"": [
    -83.054930736,
    42.435868647
  ],
  ""type"": ""Point""
}",-83.054930736,42.4358686470001
21223,1372320,MARLOWE,PURITAN,2018-05-12,12,5,2018,19,7,4,9,,,0,,1,2,1,,1,2,3,5,0,0,0,0,true,false,false,false,false,false,false,false,false,false,false,false,false,false,false,false,false,false,false,false,false,false,-83.19044,42.40984,"{
  ""coordinates"": [
    -8.319043680113290e+01,
    4.240983756145020e+01
  ],
  ""type"": ""Point""
}","{
  ""coordinates"": [
    -83.190436801,
    42.409837561
  ],
  ""type"": ""Point""
}",-83.190436801,42.4098375610001
21224,1371363,WARREN,17TH,2018-05-12,12,5,2018,1,7,1,9,,4,1,Asphalt,2,4,4,35,4,1,1,5,0,0,0,0,true,false,false,false,false,true,false,false,false,false,false,false,false,false,false,false,false,false,false,false,false,false,-83.09029,42.3484,"{
  ""coordinates"": [
    -8.309028656763520e+01,
    4.234839994301880e+01
  ],
  ""type"": ""Point""
}","{
  ""coordinates"": [
    -83.090286568,
    42.348399943
  ],
  ""type"": ""Point""
}",-83.090286568,42.3483999430001
21225,1371454,GREELEY,LANTZ,2018-05-12,12,5,2018,15,7,4,9,,,0,,2,4,1,25,2,2,2,4,0,0,0,1,false,false,false,false,false,false,false,false,false,false,false,false,false,false,true,false,false,false,false,false,false,false,-83.08789,42.43759,"{
  ""coordinates"": [
    -8.308788708466651e+01,
    4.243758605625240e+01
  ],
  ""type"": ""Point""
}","{
  ""coordinates"": [
    -83.087887085,
    42.437586056
  ],
  ""type"": ""Point""
}",-83.087887085,42.437586056
21226,1376666,E I 94,GRAND,2018-05-12,12,5,2018,16,7,5,1,,1,0,Asphalt,2,4,1,55,3,2,3,5,0,0,0,0,true,false,false,false,false,false,false,false,false,false,false,false,false,true,true,false,false,false,false,false,false,false,-83.10973,42.34648,"{
  ""coordinates"": [
    -8.310972337676490e+01,
    4.234647696656210e+01
  ],
  ""type"": ""Point""
}","{
  ""coordinates"": [
    -83.109723377,
    42.346476967
  ],
  ""type"": ""Point""
}",-83.109723377,42.3464769670001
21227,1371427,FINDLAY,BRADFORD,2018-05-12,12,5,2018,15,7,1,9,,4,0,Asphalt,2,4,1,25,2,1,2,5,0,0,0,0,true,false,false,false,false,false,false,false,false,false,false,false,false,false,true,false,false,false,false,false,false,false,-82.99584,42.41498,"{
  ""coordinates"": [
    -8.299584024531990e+01,
    4.241498270376690e+01
  ],
  ""type"": ""Point""
}","{
  ""coordinates"": [
    -82.995840245,
    42.414982704
  ],
  ""type"": ""Point""
}",-82.995840245,42.4149827040001
21228,1373947,RYAN,NEVADA,2018-05-11,11,5,2018,1,6,1,9,,4,1,Asphalt,1,1,4,35,2,1,2,4,0,0,0,2,false,false,false,false,false,false,false,false,false,false,false,false,false,false,false,false,true,false,false,false,false,false,-83.0627,42.42577,"{
  ""coordinates"": [
    -8.306269835920560e+01,
    4.242577191043690e+01
  ],
  ""type"": ""Point""
}","{
  ""coordinates"": [
    -83.062698359,
    42.42577191
  ],
  ""type"": ""Point""
}",-83.062698359,42.42577191
21229,1371436,DAVISON,LAWTON,2018-05-11,11,5,2018,18,6,3,3,,1,0,Asphalt,2,4,1,35,4,2,2,4,0,0,0,1,false,false,false,false,false,false,false,false,false,false,false,false,false,false,false,false,false,false,false,false,false,false,-83.1256,42.39169,"{
  ""coordinates"": [
    -8.312560161949200e+01,
    4.239169143383210e+01
  ],
  ""type"": ""Point""
}","{
  ""coordinates"": [
    -83.125601619,
    42.391691434
  ],
  ""type"": ""Point""
}",-83.125601619,42.3916914340001
21230,1374727,FRISBEE,NORTHROP,2018-05-11,11,5,2018,5,6,98,9,,,0,,2,4,1,,1,2,0,5,0,0,0,0,true,false,false,false,true,false,false,false,false,false,false,false,false,false,false,false,false,false,false,false,false,false,-83.26222,42.43512,"{
  ""coordinates"": [
    -8.326222500933019e+01,
    4.243512434054340e+01
  ],
  ""type"": ""Point""
}","{
  ""coordinates"": [
    -83.262225009,
    42.435124341
  ],
  ""type"": ""Point""
}",-83.262225009,42.4351243410001
21231,1428741,FISHER,GRATIOT,2018-05-11,11,5,2018,12,6,8,9,,4,0,Concrete,2,2,1,70,2,2,2,5,0,0,0,0,true,false,false,false,false,false,false,false,false,false,false,false,false,false,false,false,false,false,false,false,false,false,-83.05819,42.33686,"{
  ""coordinates"": [
    -8.305818819788659e+01,
    4.233686294985350e+01
  ],
  ""type"": ""Point""
}","{
  ""coordinates"": [
    -83.058188198,
    42.33686295
  ],
  ""type"": ""Point""
}",-83.058188198,42.3368629500001
21232,1375498,I-96,LIVERNOIS,2018-05-11,11,5,2018,19,6,1,1,,1,1,Asphalt,2,4,5,70,4,1,1,5,0,0,0,0,true,false,false,false,false,false,false,false,false,true,false,false,false,false,true,false,false,false,false,false,false,false,-83.13908,42.36729,"{
  ""coordinates"": [
    -8.313908087194280e+01,
    4.236728494263820e+01
  ],
  ""type"": ""Point""
}","{
  ""coordinates"": [
    -83.139080872,
    42.367284943
  ],
  ""type"": ""Point""
}",-83.139080872,42.3672849430001
21233,1371364,MONROE,WOODWARD,2018-05-11,11,5,2018,20,6,9,9,,4,0,Asphalt,2,4,3,25,2,2,2,5,0,0,0,0,true,false,false,false,false,false,false,false,false,false,false,false,false,true,false,false,false,false,false,false,false,false,-83.04597,42.33238,"{
  ""coordinates"": [
    -8.304597567545360e+01,
    4.233237995162810e+01
  ],
  ""type"": ""Point""
}","{
  ""coordinates"": [
    -83.045975675,
    42.332379952
  ],
  ""type"": ""Point""
}",-83.045975675,42.3323799520001
21234,1371455,VANDYKE,GRINNELL,2018-05-11,11,5,2018,13,6,5,3,,1,0,Asphalt,2,4,1,35,2,2,5,5,0,0,0,0,true,false,false,false,true,false,false,false,false,false,false,false,false,false,false,false,false,false,false,false,false,false,-83.02299,42.40088,"{
  ""coordinates"": [
    -8.302299737320089e+01,
    4.240087696232710e+01
  ],
  ""type"": ""Point""
}","{
  ""coordinates"": [
    -83.022997373,
    42.400876962
  ],
  ""type"": ""Point""
}",-83.022997373,42.400876962
21235,1376667,I 75,SAVANNAH,2018-05-11,11,5,2018,20,6,8,9,,4,0,Asphalt,2,4,4,70,4,3,3,5,0,0,0,0,true,false,false,false,false,false,false,false,false,false,false,false,false,false,false,false,false,false,false,false,false,false,-83.09328,42.42585,"{
  ""coordinates"": [
    -8.309327478578220e+01,
    4.242584449460310e+01
  ],
  ""type"": ""Point""
}","{
  ""coordinates"": [
    -83.093274786,
    42.425844495
  ],
  ""type"": ""Point""
}",-83.0932747859999,42.425844495
21236,1372361,CANIFF,BUFFALO,2018-05-11,11,5,2018,12,6,9,9,,4,2,Asphalt,2,4,1,,2,2,1,5,0,0,0,0,true,true,false,false,true,false,false,false,false,false,false,false,false,false,false,false,false,false,false,false,false,false,-83.04693,42.40458,"{
  ""coordinates"": [
    -8.304692788133490e+01,
    4.240458284646340e+01
  ],
  ""type"": ""Point""
}","{
  ""coordinates"": [
    -83.046927881,
    42.404582846
  ],
  ""type"": ""Point""
}",-83.046927881,42.404582846
21237,1371425,KELLY,WHITTIER,2018-05-11,11,5,2018,16,6,8,9,,4,3,Asphalt,2,2,2,30,3,2,0,5,0,0,0,0,true,false,false,false,true,false,false,false,false,false,false,false,false,false,false,false,false,false,false,false,false,false,-82.96328,42.42105,"{
  ""coordinates"": [
    -8.296327649121820e+01,
    4.242105241919170e+01
  ],
  ""type"": ""Point""
}","{
  ""coordinates"": [
    -82.963276491,
    42.421052419
  ],
  ""type"": ""Point""
}",-82.963276491,42.421052419
21238,1372347,VAUGHAN,PILGRIN,2018-05-11,11,5,2018,23,6,4,9,,,0,,2,4,4,25,4,2,4,5,0,0,0,0,true,false,false,false,false,false,false,false,false,false,false,true,false,false,true,false,false,false,false,false,false,false,-83.23874,42.40619,"{
  ""coordinates"": [
    -8.323874049908160e+01,
    4.240618835111690e+01
  ],
  ""type"": ""Point""
}","{
  ""coordinates"": [
    -83.238740499,
    42.406188351
  ],
  ""type"": ""Point""
}",-83.238740499,42.406188351
21239,1376748,W/B DAVISON,JEFFRIES ENTRANCE RAMP,2018-05-11,11,5,2018,21,6,8,1,,1,0,Concrete,2,4,4,25,3,2,1,5,0,0,0,0,true,false,false,false,true,false,false,false,false,false,false,false,false,false,false,false,false,false,false,false,false,false,-83.14632,42.38042,"{
  ""coordinates"": [
    -8.314632166110930e+01,
    4.238042297900420e+01
  ],
  ""type"": ""Point""
}","{
  ""coordinates"": [
    -83.146321661,
    42.380422979
  ],
  ""type"": ""Point""
}",-83.1463216609999,42.3804229790001
21240,1375496,I-96,7 MILE,2018-05-11,11,5,2018,15,6,5,9,,4,0,Asphalt,1,2,1,70,4,2,2,5,0,0,0,0,true,false,false,false,false,false,false,false,false,false,false,false,false,false,true,false,false,false,false,false,false,false,-83.18347,42.42808,"{
  ""coordinates"": [
    -8.318346985905301e+01,
    4.242808340846330e+01
  ],
  ""type"": ""Point""
}","{
  ""coordinates"": [
    -83.183469859,
    42.428083408
  ],
  ""type"": ""Point""
}",-83.183469859,42.4280834080001
21241,1371408,MACK,DEQUINDRE,2018-05-11,11,5,2018,16,6,1,9,,4,1,Asphalt,2,1,1,,2,1,3,5,0,0,0,0,true,false,false,false,false,false,false,false,false,false,false,false,false,true,false,false,false,false,false,false,false,false,-83.04071,42.35429,"{
  ""coordinates"": [
    -8.304070751981649e+01,
    4.235428850416230e+01
  ],
  ""type"": ""Point""
}","{
  ""coordinates"": [
    -83.04070752,
    42.354288504
  ],
  ""type"": ""Point""
}",-83.04070752,42.3542885040001
21242,1427094,7 MILE,STOUT,2018-05-11,11,5,2018,18,6,8,9,,2,0,Asphalt,2,4,3,35,4,2,3,5,0,0,0,0,true,false,false,false,true,false,false,false,false,false,false,false,false,false,false,false,false,false,false,false,false,false,-83.24326,42.42947,"{
  ""coordinates"": [
    -8.324326115797609e+01,
    4.242946867966460e+01
  ],
  ""type"": ""Point""
}","{
  ""coordinates"": [
    -83.243261158,
    42.42946868
  ],
  ""type"": ""Point""
}",-83.2432611579999,42.4294686800001
21243,1486905,GRATIOT,8 MILE,2018-05-11,11,5,2018,1,6,4,3,,1,0,Asphalt,1,1,4,35,7,2,2,5,0,0,0,0,true,false,false,false,true,false,false,false,false,false,false,false,false,false,false,false,false,false,false,false,false,false,-82.96789,42.4499,"{
  ""coordinates"": [
    -8.296788994044741e+01,
    4.244989854214750e+01
  ],
  ""type"": ""Point""
}","{
  ""coordinates"": [
    -82.96788994,
    42.449898542
  ],
  ""type"": ""Point""
}",-82.96788994,42.449898542
21244,1371426,BEACONSFIELD,CASINO,2018-05-11,11,5,2018,15,6,4,9,,,0,,1,2,1,25,2,2,3,4,0,0,0,1,false,false,true,false,false,false,false,false,false,false,false,false,false,false,false,false,false,false,false,false,false,false,-82.94442,42.42611,"{
  ""coordinates"": [
    -8.294441870679620e+01,
    4.242610469802140e+01
  ],
  ""type"": ""Point""
}","{
  ""coordinates"": [
    -82.944418707,
    42.426104698
  ],
  ""type"": ""Point""
}",-82.944418707,42.4261046980001
21245,1379396,I 94,WOODWARD,2018-05-11,11,5,2018,20,6,5,1,,1,0,Asphalt,2,4,2,55,3,4,7,5,0,0,0,0,true,false,false,false,true,false,false,false,false,false,true,false,false,false,false,false,false,false,false,false,false,false,-83.06889,42.36377,"{
  ""coordinates"": [
    -8.306889317669300e+01,
    4.236377003594670e+01
  ],
  ""type"": ""Point""
}","{
  ""coordinates"": [
    -83.068893177,
    42.363770036
  ],
  ""type"": ""Point""
}",-83.0688931769999,42.3637700360001
21246,1377777,JOHN C LODGE SERVICE,M-10,2018-05-11,11,5,2018,12,6,5,3,,1,0,Concrete,2,2,1,25,4,2,2,5,0,0,0,0,true,false,false,false,false,false,false,false,false,false,false,false,false,false,false,false,false,false,false,false,false,false,-83.15914,42.40541,"{
  ""coordinates"": [
    -8.315913947870069e+01,
    4.240541027168840e+01
  ],
  ""type"": ""Point""
}","{
  ""coordinates"": [
    -83.159139479,
    42.405410272
  ],
  ""type"": ""Point""
}",-83.159139479,42.405410272
21247,1378624,MCNICHOLS,BIRCHCREST,2018-05-11,11,5,2018,0,6,1,9,,4,1,Asphalt,1,1,4,30,2,1,0,5,0,0,0,0,true,false,false,false,true,false,false,false,false,false,false,false,false,false,false,false,false,false,false,false,false,false,-83.13718,42.4172,"{
  ""coordinates"": [
    -8.313718692309619e+01,
    4.241719635054180e+01
  ],
  ""type"": ""Point""
}","{
  ""coordinates"": [
    -83.137186923,
    42.417196351
  ],
  ""type"": ""Point""
}",-83.1371869229999,42.417196351
21248,1562891,CHRYSLER,WARREN,2018-05-11,11,5,2018,17,6,6,1,,1,0,Asphalt,1,1,1,35,4,2,2,5,0,0,0,0,true,false,false,false,false,false,false,false,false,false,false,false,false,false,false,false,false,false,false,false,false,false,-83.05437,42.361,"{
  ""coordinates"": [
    -8.305436506977600e+01,
    4.236100376966760e+01
  ],
  ""type"": ""Point""
}","{
  ""coordinates"": [
    -83.05436507,
    42.36100377
  ],
  ""type"": ""Point""
}",-83.05436507,42.36100377
21249,1373102,GRATIOT,MACK,2018-05-11,11,5,2018,17,6,5,3,,1,0,Asphalt,2,4,1,30,6,3,2,5,0,0,0,0,true,false,false,false,false,false,false,false,false,false,false,false,false,false,false,false,false,false,false,false,false,false,-83.02764,42.35922,"{
  ""coordinates"": [
    -8.302763984998499e+01,
    4.235922326125150e+01
  ],
  ""type"": ""Point""
}","{
  ""coordinates"": [
    -83.02763985,
    42.359223261
  ],
  ""type"": ""Point""
}",-83.02763985,42.3592232610001
21250,1376671,I-96,WARREN,2018-05-11,11,5,2018,22,6,8,1,,1,0,Asphalt,2,2,4,55,3,2,2,5,0,0,0,0,true,false,false,false,false,false,false,false,false,false,false,false,false,false,false,true,false,false,false,false,false,false,-83.09584,42.34516,"{
  ""coordinates"": [
    -8.309584228610061e+01,
    4.234516246405480e+01
  ],
  ""type"": ""Point""
}","{
  ""coordinates"": [
    -83.095842286,
    42.345162464
  ],
  ""type"": ""Point""
}",-83.0958422859999,42.3451624640001
21251,1373956,STOEPEL,MCNICHOLS,2018-05-11,11,5,2018,12,6,4,9,,,0,,2,4,1,25,1,2,3,4,0,0,0,1,false,false,false,false,false,false,false,false,false,false,false,false,false,false,false,false,false,false,false,false,false,false,-83.14194,42.41714,"{
  ""coordinates"": [
    -8.314193497365051e+01,
    4.241714203297410e+01
  ],
  ""type"": ""Point""
}","{
  ""coordinates"": [
    -83.141934974,
    42.417142033
  ],
  ""type"": ""Point""
}",-83.141934974,42.4171420330001
21252,1378600,MOUND,OUTER,2018-05-11,11,5,2018,4,6,4,9,,2,0,Asphalt,1,1,4,45,4,2,2,3,0,0,1,1,false,false,true,true,false,false,false,false,false,false,false,false,false,false,true,false,false,false,false,false,false,false,-83.0437,42.44072,"{
  ""coordinates"": [
    -8.304370087217420e+01,
    4.244072333977790e+01
  ],
  ""type"": ""Point""
}","{
  ""coordinates"": [
    -83.043700872,
    42.44072334
  ],
  ""type"": ""Point""
}",-83.043700872,42.44072334
21253,1371296,M-8,I-96,2018-05-11,11,5,2018,13,6,8,3,,1,0,Asphalt,2,4,1,55,3,2,3,5,0,0,0,0,true,false,false,false,false,false,false,false,false,true,false,false,false,false,false,true,false,false,false,false,false,false,-83.13428,42.38845,"{
  ""coordinates"": [
    -8.313427592936200e+01,
    4.238844671087550e+01
  ],
  ""type"": ""Point""
}","{
  ""coordinates"": [
    -83.134275929,
    42.388446711
  ],
  ""type"": ""Point""
}",-83.134275929,42.388446711
21254,1371393,S M 39,JOY,2018-05-11,11,5,2018,22,6,1,3,,1,1,Asphalt,2,4,4,55,6,1,2,5,0,0,0,0,true,false,false,false,false,false,false,false,false,false,false,false,false,true,false,false,false,false,false,false,false,false,-83.21658,42.35785,"{
  ""coordinates"": [
    -8.321658096153961e+01,
    4.235784480416110e+01
  ],
  ""type"": ""Point""
}","{
  ""coordinates"": [
    -83.216580962,
    42.357844804
  ],
  ""type"": ""Point""
}",-83.216580962,42.3578448040001
21255,1371410,EVERGREEN,GRAND RIVER,2018-05-11,11,5,2018,18,6,4,3,,4,0,Asphalt,2,4,1,35,4,2,4,5,0,0,0,0,true,false,false,false,false,false,false,false,false,false,false,false,false,true,false,false,false,false,false,false,false,false,-83.2378,42.40866,"{
  ""coordinates"": [
    -8.323779718079680e+01,
    4.240866470221490e+01
  ],
  ""type"": ""Point""
}","{
  ""coordinates"": [
    -83.237797181,
    42.408664702
  ],
  ""type"": ""Point""
}",-83.237797181,42.4086647020001
21256,1373097,CADILLAC,CANFIELD,2018-05-11,11,5,2018,13,6,4,9,,4,0,Asphalt,2,4,1,30,1,2,2,5,0,0,0,0,true,false,true,false,false,false,false,false,false,false,false,false,false,false,false,false,false,false,false,false,false,false,-82.99397,42.37813,"{
  ""coordinates"": [
    -8.299396415881580e+01,
    4.237812687373450e+01
  ],
  ""type"": ""Point""
}","{
  ""coordinates"": [
    -82.993964159,
    42.378126874
  ],
  ""type"": ""Point""
}",-82.993964159,42.378126874
21257,1373141,MARGARETA,HUBBELL,2018-05-11,11,5,2018,7,6,3,9,,,0,,1,2,1,25,1,2,2,4,0,0,0,1,false,false,false,false,false,false,false,false,false,false,false,false,false,true,false,false,false,false,false,false,false,false,-83.18983,42.42711,"{
  ""coordinates"": [
    -8.318982851033540e+01,
    4.242711414240260e+01
  ],
  ""type"": ""Point""
}","{
  ""coordinates"": [
    -83.18982851,
    42.427114142
  ],
  ""type"": ""Point""
}",-83.18982851,42.4271141420001
21258,1371335,I75,I94,2018-05-11,11,5,2018,9,6,8,1,,4,0,Asphalt,1,1,1,55,3,2,1,5,0,0,0,0,true,false,false,false,true,false,false,false,false,false,false,false,false,false,false,false,false,false,false,false,false,false,-83.05463,42.3634,"{
  ""coordinates"": [
    -8.305462765009210e+01,
    4.236340280892640e+01
  ],
  ""type"": ""Point""
}","{
  ""coordinates"": [
    -83.05462765,
    42.363402809
  ],
  ""type"": ""Point""
}",-83.05462765,42.363402809
21259,1371343,I 94,BEAUBIEN,2018-05-11,11,5,2018,12,6,8,1,,1,0,Asphalt,2,4,1,55,3,2,5,5,0,0,0,0,true,false,false,false,false,false,false,false,false,false,false,false,false,false,false,true,false,false,false,false,false,false,-83.06348,42.36602,"{
  ""coordinates"": [
    -8.306348646347590e+01,
    4.236602415354740e+01
  ],
  ""type"": ""Point""
}","{
  ""coordinates"": [
    -83.063486463,
    42.366024154
  ],
  ""type"": ""Point""
}",-83.0634864629999,42.3660241540001
21260,1371447,MOUND,OUTER,2018-05-11,11,5,2018,18,6,8,9,,2,0,Asphalt,2,4,1,35,2,2,1,5,0,0,0,0,true,false,false,false,true,false,false,false,false,false,false,false,false,false,false,false,false,false,false,false,false,false,-83.0437,42.44065,"{
  ""coordinates"": [
    -8.304369936815721e+01,
    4.244065436744190e+01
  ],
  ""type"": ""Point""
}","{
  ""coordinates"": [
    -83.043699368,
    42.440654367
  ],
  ""type"": ""Point""
}",-83.043699368,42.440654367
21261,1371365,CASS,GRANDRIVER,2018-05-11,11,5,2018,11,6,5,3,,4,0,Asphalt,2,4,1,30,2,3,3,5,0,0,0,0,true,false,false,false,false,true,false,false,false,false,false,false,false,false,false,false,false,false,false,false,false,false,-83.05449,42.33462,"{
  ""coordinates"": [
    -8.305448733889850e+01,
    4.233461770835050e+01
  ],
  ""type"": ""Point""
}","{
  ""coordinates"": [
    -83.054487339,
    42.334617708
  ],
  ""type"": ""Point""
}",-83.0544873389999,42.3346177080001
21262,1385957,I-96,OUTER,2018-05-11,11,5,2018,8,6,1,1,,1,1,Concrete,1,2,1,70,5,1,1,4,0,0,0,1,false,false,false,false,false,false,false,true,false,false,false,false,false,false,false,false,false,false,false,false,false,false,-83.25693,42.38563,"{
  ""coordinates"": [
    -8.325692836900890e+01,
    4.238562942080780e+01
  ],
  ""type"": ""Point""
}","{
  ""coordinates"": [
    -83.256928369,
    42.385629421
  ],
  ""type"": ""Point""
}",-83.256928369,42.385629421
21263,1373965,BAYLIS,PURITAN,2018-05-11,11,5,2018,7,6,8,9,,,0,,1,1,4,25,2,2,0,5,0,0,0,0,true,false,false,false,true,false,false,false,false,false,false,false,false,false,false,false,false,false,false,false,false,false,-83.124,42.4104,"{
  ""coordinates"": [
    -8.312400170399110e+01,
    4.241040522336320e+01
  ],
  ""type"": ""Point""
}","{
  ""coordinates"": [
    -83.124001704,
    42.410405223
  ],
  ""type"": ""Point""
}",-83.124001704,42.4104052230001
21264,1373091,OUTER,HAVERHILL,2018-05-11,11,5,2018,20,6,4,9,,2,0,Asphalt,2,4,4,35,2,2,4,3,0,0,1,3,false,false,false,false,false,false,false,false,false,false,false,false,false,false,false,false,false,false,false,false,false,false,-82.94604,42.40615,"{
  ""coordinates"": [
    -8.294603875664050e+01,
    4.240614782642050e+01
  ],
  ""type"": ""Point""
}","{
  ""coordinates"": [
    -82.946038757,
    42.406147826
  ],
  ""type"": ""Point""
}",-82.9460387569999,42.4061478260001
21265,1377776,STIMSON,CASS,2018-05-11,11,5,2018,10,6,1,3,,,1,,1,2,1,25,4,1,1,5,0,0,0,0,true,false,false,false,false,false,false,false,false,false,false,false,false,true,false,true,false,false,false,false,false,false,-83.05727,42.34647,"{
  ""coordinates"": [
    -8.305726970165250e+01,
    4.234647485089520e+01
  ],
  ""type"": ""Point""
}","{
  ""coordinates"": [
    -83.057269702,
    42.346474851
  ],
  ""type"": ""Point""
}",-83.057269702,42.346474851
21266,1371446,8 MILE,FLEMING,2018-05-11,11,5,2018,23,6,8,3,,1,0,Asphalt,2,4,4,45,3,2,2,5,0,0,0,0,true,false,false,false,true,false,false,false,false,false,false,false,false,true,false,false,false,false,false,false,false,false,-83.07904,42.44708,"{
  ""coordinates"": [
    -8.307904328996690e+01,
    4.244707866679830e+01
  ],
  ""type"": ""Point""
}","{
  ""coordinates"": [
    -83.07904329,
    42.447078667
  ],
  ""type"": ""Point""
}",-83.07904329,42.447078667
21267,1371435,LODGE,HAMILTON,2018-05-11,11,5,2018,6,6,9,9,,4,2,Asphalt,1,1,1,55,3,2,2,5,0,0,0,0,true,false,false,false,false,false,false,false,false,false,false,false,false,false,false,false,false,false,false,false,false,false,-83.09231,42.381,"{
  ""coordinates"": [
    -8.309230818021049e+01,
    4.238100484589350e+01
  ],
  ""type"": ""Point""
}","{
  ""coordinates"": [
    -83.09230818,
    42.381004846
  ],
  ""type"": ""Point""
}",-83.09230818,42.3810048460001
21268,1371337,I-75,MACK,2018-05-11,11,5,2018,15,6,8,1,,1,0,Concrete,1,2,1,55,4,2,2,5,0,0,0,0,true,false,false,false,false,false,false,false,false,false,false,false,false,true,false,false,false,false,false,false,false,false,-83.04852,42.35173,"{
  ""coordinates"": [
    -8.304851453224090e+01,
    4.235172882845940e+01
  ],
  ""type"": ""Point""
}","{
  ""coordinates"": [
    -83.048514532,
    42.351728828
  ],
  ""type"": ""Point""
}",-83.048514532,42.351728828
21269,1371371,CHOCHRANE,MICHIGAN,2018-05-11,11,5,2018,16,6,98,2,,,0,,2,2,1,,2,2,4,5,0,0,0,0,true,false,false,false,true,false,false,false,false,false,false,false,false,false,true,false,false,false,false,false,false,false,-83.06944,42.33143,"{
  ""coordinates"": [
    -8.306943312703960e+01,
    4.233142937020300e+01
  ],
  ""type"": ""Point""
}","{
  ""coordinates"": [
    -83.069433127,
    42.33142937
  ],
  ""type"": ""Point""
}",-83.069433127,42.3314293700001
21270,1376681,RAMP 213C,GRAND,2018-05-11,11,5,2018,13,6,5,1,,1,0,Concrete,2,2,1,25,2,2,1,5,0,0,0,0,true,false,false,false,true,false,false,false,false,false,false,false,false,false,false,false,false,false,false,false,false,false,-83.10943,42.34732,"{
  ""coordinates"": [
    -8.310942639703210e+01,
    4.234732475440930e+01
  ],
  ""type"": ""Point""
}","{
  ""coordinates"": [
    -83.109426397,
    42.347324754
  ],
  ""type"": ""Point""
}",-83.1094263969999,42.3473247540001