ObjectId,Crash ID,Primary Road,Intersecting Road,Crash Date,Day,Month,Year,Hour,Weekday,Crash Type Code,Highway Classification Code,Community Code,Jurisdiction Code,Lane Departure Type Code,Surface Type,Road Condition,Weather Condition,Lighting Condition,Speed Limit,Lanes,Units,Occupants,Most Severe Injury,Fatal Injuries,Suspected Serious Injuries,Suspected Minor Injuries,Possible Injuries,Property Damage Only,Secondary Crash,Traffic Control,Red Light Run,Hit and Run,Alcohol,Drugs,Unbelted Person,Work Zone,Speeding Driver,Distracted Driver,Driveway,Pedestrian,Elderly Driver,Young Driver,Commercial Vehicle,Emergency Vehicles,Train,School Bus,Motorcycle,Bicycle,Deer,Longitude,Latitude,geom,geog,x,y
21379,1371441,IRONWOOD,IVANHOE,2018-05-10,10,5,2018,16,5,2,9,,,2,,1,1,1,25,2,2,0,5,0,0,0,0,true,false,false,false,true,false,false,false,false,false,false,false,false,false,false,false,false,false,false,false,false,false,-83.12505,42.35766,"{
  ""coordinates"": [
    -8.312505444479160e+01,
    4.235765854170970e+01
  ],
  ""type"": ""Point""
}","{
  ""coordinates"": [
    -83.125054445,
    42.357658542
  ],
  ""type"": ""Point""
}",-83.125054445,42.3576585420001
21380,1371387,PAUL,WESTWOOD,2018-05-10,10,5,2018,15,5,97,9,,4,0,Asphalt,1,1,1,25,4,2,1,5,0,0,0,0,true,false,false,false,false,false,false,false,false,false,false,false,false,true,false,false,false,false,false,false,false,false,-83.23051,42.33593,"{
  ""coordinates"": [
    -8.323050373606110e+01,
    4.233592751432980e+01
  ],
  ""type"": ""Point""
}","{
  ""coordinates"": [
    -83.230503736,
    42.335927514
  ],
  ""type"": ""Point""
}",-83.2305037359999,42.335927514
21381,1371324,I-75,CLARK,2018-05-10,10,5,2018,7,5,8,1,,1,0,Concrete,1,2,1,55,3,2,2,5,0,0,0,0,true,false,false,false,false,false,false,false,false,false,false,false,false,false,false,true,false,false,false,false,false,false,-83.09161,42.31321,"{
  ""coordinates"": [
    -8.309161371885639e+01,
    4.231320958489520e+01
  ],
  ""type"": ""Point""
}","{
  ""coordinates"": [
    -83.091613719,
    42.313209585
  ],
  ""type"": ""Point""
}",-83.091613719,42.313209585
21382,1377683,N/B I-75,CARPENTER,2018-05-10,10,5,2018,16,5,5,1,,1,0,Asphalt,1,1,1,70,5,3,2,5,0,0,0,0,true,false,false,false,true,false,false,false,false,false,false,false,false,false,false,false,false,false,false,false,false,false,-83.07274,42.40368,"{
  ""coordinates"": [
    -8.307273672494020e+01,
    4.240368064213980e+01
  ],
  ""type"": ""Point""
}","{
  ""coordinates"": [
    -83.072736725,
    42.403680642
  ],
  ""type"": ""Point""
}",-83.072736725,42.403680642
21383,1370280,SCHAEFER,MCNICHOLS,2018-05-10,10,5,2018,14,5,5,9,,4,0,Asphalt,1,1,1,30,5,2,1,5,0,0,0,0,true,false,false,false,true,false,false,false,false,false,false,true,false,true,false,false,false,false,false,false,false,false,-83.17978,42.41605,"{
  ""coordinates"": [
    -8.317978059133540e+01,
    4.241604444908710e+01
  ],
  ""type"": ""Point""
}","{
  ""coordinates"": [
    -83.179780591,
    42.416044449
  ],
  ""type"": ""Point""
}",-83.1797805909999,42.416044449
21384,1370276,JAMES COUZENS,MCNICHOLS,2018-05-10,10,5,2018,19,5,4,9,,4,0,Asphalt,1,1,3,30,4,2,1,5,0,0,0,0,true,false,false,false,true,false,false,false,false,false,false,false,false,false,false,false,false,false,false,false,false,false,-83.17183,42.41662,"{
  ""coordinates"": [
    -8.317183122530410e+01,
    4.241661762836500e+01
  ],
  ""type"": ""Point""
}","{
  ""coordinates"": [
    -83.171831225,
    42.416617628
  ],
  ""type"": ""Point""
}",-83.1718312249999,42.416617628
21385,1369536,PAUL,SOUTHFIELD,2018-05-09,9,5,2018,12,4,5,9,,4,0,Asphalt,1,1,1,25,2,2,1,5,0,0,0,0,true,false,false,false,true,false,false,false,false,false,false,false,false,false,false,false,false,false,false,false,false,false,-83.21629,42.33612,"{
  ""coordinates"": [
    -8.321628553269031e+01,
    4.233612380375330e+01
  ],
  ""type"": ""Point""
}","{
  ""coordinates"": [
    -83.216285533,
    42.336123804
  ],
  ""type"": ""Point""
}",-83.216285533,42.3361238040001
21386,1382665,WOODWARD,MONROE,2018-05-09,9,5,2018,17,4,8,9,,4,0,Brick,1,1,1,25,2,2,2,5,0,0,0,0,true,false,false,false,true,false,false,false,false,false,false,false,false,false,false,false,false,false,false,false,false,false,-83.04625,42.33203,"{
  ""coordinates"": [
    -8.304624705513640e+01,
    4.233202762759930e+01
  ],
  ""type"": ""Point""
}","{
  ""coordinates"": [
    -83.046247055,
    42.332027628
  ],
  ""type"": ""Point""
}",-83.046247055,42.332027628
21387,1371423,LASHER,OUTER,2018-05-09,9,5,2018,17,4,4,9,,2,0,Asphalt,2,4,1,35,4,2,1,5,0,0,0,0,true,false,true,true,true,false,false,false,false,false,false,false,false,false,false,false,false,false,false,false,false,false,-83.25664,42.39769,"{
  ""coordinates"": [
    -8.325663985525630e+01,
    4.239769410778440e+01
  ],
  ""type"": ""Point""
}","{
  ""coordinates"": [
    -83.256639855,
    42.397694108
  ],
  ""type"": ""Point""
}",-83.2566398549999,42.3976941080001
21388,1371389,BURT,SCHOOLCRAFT,2018-05-09,9,5,2018,9,4,8,9,,4,3,Concrete,1,1,1,35,2,2,0,5,0,0,0,0,true,false,false,false,true,false,false,false,false,false,false,false,false,false,false,false,false,false,false,false,false,false,-83.24658,42.38508,"{
  ""coordinates"": [
    -8.324658034215550e+01,
    4.238508020936250e+01
  ],
  ""type"": ""Point""
}","{
  ""coordinates"": [
    -83.246580342,
    42.385080209
  ],
  ""type"": ""Point""
}",-83.246580342,42.3850802090001
21389,1369552,MCNICHOLS,ASBURY,2018-05-09,9,5,2018,19,4,4,9,,2,0,Asphalt,2,2,3,,2,2,2,3,0,0,1,1,false,false,false,false,false,false,false,false,false,false,false,false,false,false,false,false,false,false,false,false,false,false,-83.20903,42.41576,"{
  ""coordinates"": [
    -8.320903361546740e+01,
    4.241576297729540e+01
  ],
  ""type"": ""Point""
}","{
  ""coordinates"": [
    -83.209033615,
    42.415762977
  ],
  ""type"": ""Point""
}",-83.209033615,42.415762977
21390,1371463,CHRYSLER SERVICE,WARREN,2018-05-09,9,5,2018,22,4,3,1,,1,0,Concrete,1,1,4,30,4,2,5,4,0,0,0,1,false,false,false,false,false,false,false,false,false,false,false,false,false,false,false,false,false,false,false,false,false,false,-83.05448,42.36076,"{
  ""coordinates"": [
    -8.305448172846810e+01,
    4.236076011973850e+01
  ],
  ""type"": ""Point""
}","{
  ""coordinates"": [
    -83.054481728,
    42.36076012
  ],
  ""type"": ""Point""
}",-83.054481728,42.3607601200001
21391,1369533,TRENTON,ARNOLD,2018-05-09,9,5,2018,17,4,8,9,,,0,,1,1,1,25,1,2,1,5,0,0,0,0,true,false,false,false,true,false,false,false,false,false,false,false,false,false,true,false,false,false,false,false,false,false,-83.14569,42.32757,"{
  ""coordinates"": [
    -8.314569164503540e+01,
    4.232757219848300e+01
  ],
  ""type"": ""Point""
}","{
  ""coordinates"": [
    -83.145691645,
    42.327572198
  ],
  ""type"": ""Point""
}",-83.1456916449999,42.327572198
21392,1371440,WOODWARD,CHICAGO,2018-05-09,9,5,2018,16,4,4,3,,1,0,Asphalt,2,4,1,30,6,2,2,4,0,0,0,2,false,false,false,false,false,false,false,false,false,false,false,false,false,false,false,false,false,false,false,false,false,false,-83.08413,42.38636,"{
  ""coordinates"": [
    -8.308412917181290e+01,
    4.238636573578220e+01
  ],
  ""type"": ""Point""
}","{
  ""coordinates"": [
    -83.084129172,
    42.386365736
  ],
  ""type"": ""Point""
}",-83.084129172,42.3863657360001
21393,1370260,TRINITY,CONSTANCE,2018-05-09,9,5,2018,13,4,8,9,,,3,,1,1,1,25,2,2,30,5,0,0,0,0,true,false,false,false,false,false,false,false,false,false,false,false,false,false,false,true,false,false,true,false,false,false,-83.2468,42.35371,"{
  ""coordinates"": [
    -8.324680057554660e+01,
    4.235371517249480e+01
  ],
  ""type"": ""Point""
}","{
  ""coordinates"": [
    -83.246800576,
    42.353715172
  ],
  ""type"": ""Point""
}",-83.2468005759999,42.3537151720001
21394,1370226,E I 96,GRAND RIVER,2018-05-09,9,5,2018,17,4,5,1,,1,0,Concrete,1,1,1,55,3,2,1,5,0,0,0,0,true,false,false,false,true,false,false,false,false,false,false,false,false,false,false,false,false,false,false,false,false,false,-83.17369,42.38416,"{
  ""coordinates"": [
    -8.317368750943210e+01,
    4.238416176443660e+01
  ],
  ""type"": ""Point""
}","{
  ""coordinates"": [
    -83.173687509,
    42.384161764
  ],
  ""type"": ""Point""
}",-83.173687509,42.3841617640001
21395,1369574,MARK TWAIN,THATCHER,2018-05-09,9,5,2018,2,4,2,9,,,2,,1,1,4,25,2,2,1,3,0,0,1,0,false,false,false,false,false,true,false,false,false,false,false,false,false,false,false,false,false,false,false,false,false,false,-83.18742,42.42321,"{
  ""coordinates"": [
    -8.318741664074740e+01,
    4.242321181677560e+01
  ],
  ""type"": ""Point""
}","{
  ""coordinates"": [
    -83.187416641,
    42.423211817
  ],
  ""type"": ""Point""
}",-83.187416641,42.423211817
21396,1370244,I 94 W/B,BURNS,2018-05-09,9,5,2018,18,4,5,1,,1,0,Asphalt,1,2,1,55,3,2,2,5,0,0,0,0,true,false,false,false,false,false,false,false,false,false,false,false,false,true,false,true,false,false,false,false,false,false,-83.0125,42.38931,"{
  ""coordinates"": [
    -8.301249868336660e+01,
    4.238931108798210e+01
  ],
  ""type"": ""Point""
}","{
  ""coordinates"": [
    -83.012498683,
    42.389311088
  ],
  ""type"": ""Point""
}",-83.012498683,42.3893110880001
21397,1371357,WHITCOMB,GRAND RIVER,2018-05-09,9,5,2018,17,4,8,3,,,0,,1,2,1,25,7,2,1,5,0,0,0,0,true,false,false,false,true,false,false,false,false,false,false,false,false,false,false,false,false,false,false,false,false,false,-83.19629,42.3919,"{
  ""coordinates"": [
    -8.319629042951421e+01,
    4.239190113053520e+01
  ],
  ""type"": ""Point""
}","{
  ""coordinates"": [
    -83.19629043,
    42.391901131
  ],
  ""type"": ""Point""
}",-83.19629043,42.3919011310001
21398,1373967,FORD,ROSA PARKS,2018-05-09,9,5,2018,19,4,4,1,,1,3,Asphalt,1,1,3,25,2,2,0,5,0,0,0,0,true,false,false,false,true,false,false,false,false,false,false,false,false,false,false,false,false,false,false,false,false,false,-83.08561,42.35435,"{
  ""coordinates"": [
    -8.308561312910210e+01,
    4.235434581086500e+01
  ],
  ""type"": ""Point""
}","{
  ""coordinates"": [
    -83.085613129,
    42.354345811
  ],
  ""type"": ""Point""
}",-83.085613129,42.354345811
21399,1369569,CONANT,MCNICHOLS,2018-05-09,9,5,2018,21,4,8,9,,4,0,Asphalt,1,1,4,35,2,2,0,5,0,0,0,0,true,false,false,false,true,false,false,false,false,false,false,false,false,false,false,false,false,false,false,false,false,false,-83.06364,42.41869,"{
  ""coordinates"": [
    -8.306363359199170e+01,
    4.241868692410980e+01
  ],
  ""type"": ""Point""
}","{
  ""coordinates"": [
    -83.063633592,
    42.418686924
  ],
  ""type"": ""Point""
}",-83.063633592,42.418686924
21400,1396738,MCNICHOLS,HUBBELL,2018-05-09,9,5,2018,19,4,4,9,,2,0,Asphalt,2,4,1,30,4,2,3,4,0,0,0,1,false,false,false,false,false,false,false,false,false,false,false,false,false,false,false,false,false,false,false,false,false,false,-83.18973,42.41645,"{
  ""coordinates"": [
    -8.318972733396100e+01,
    4.241645323940510e+01
  ],
  ""type"": ""Point""
}","{
  ""coordinates"": [
    -83.189727334,
    42.416453239
  ],
  ""type"": ""Point""
}",-83.1897273339999,42.4164532390001
21401,1370216,M-39,OUTER,2018-05-09,9,5,2018,0,4,5,3,,1,0,Concrete,1,1,4,55,3,3,5,5,0,0,0,0,true,true,false,false,false,false,false,false,false,false,true,false,false,false,true,false,false,false,false,false,false,false,-83.21901,42.4192,"{
  ""coordinates"": [
    -8.321900851173871e+01,
    4.241920648867210e+01
  ],
  ""type"": ""Point""
}","{
  ""coordinates"": [
    -83.219008512,
    42.419206489
  ],
  ""type"": ""Point""
}",-83.219008512,42.419206489
21402,1372349,MCNICHOLS,STAHELIN,2018-05-09,9,5,2018,0,4,1,9,,2,0,Asphalt,1,1,4,45,2,1,1,5,0,0,0,0,true,false,false,false,true,false,false,false,false,false,false,false,false,false,false,false,false,false,false,false,false,false,-83.22673,42.41539,"{
  ""coordinates"": [
    -8.322672752335410e+01,
    4.241539288554550e+01
  ],
  ""type"": ""Point""
}","{
  ""coordinates"": [
    -83.226727523,
    42.415392886
  ],
  ""type"": ""Point""
}",-83.226727523,42.4153928860001
21403,1369567,RYAN,WINCHESTER,2018-05-09,9,5,2018,16,4,2,9,,4,0,Asphalt,2,4,1,35,2,2,1,5,0,0,0,0,true,true,false,false,true,false,false,false,false,false,false,false,false,false,false,false,false,false,false,false,false,false,-83.0638,42.44518,"{
  ""coordinates"": [
    -8.306379423712519e+01,
    4.244518187996600e+01
  ],
  ""type"": ""Point""
}","{
  ""coordinates"": [
    -83.063794237,
    42.44518188
  ],
  ""type"": ""Point""
}",-83.063794237,42.4451818800001
21404,1369558,GRATIOT,8 MILE,2018-05-09,9,5,2018,6,4,3,3,,1,0,Asphalt,1,1,1,35,7,2,2,3,0,0,1,0,false,false,false,false,false,false,false,false,false,false,false,false,false,false,false,false,false,false,false,true,false,false,-82.96811,42.44958,"{
  ""coordinates"": [
    -8.296810746699680e+01,
    4.244958580131110e+01
  ],
  ""type"": ""Point""
}","{
  ""coordinates"": [
    -82.968107467,
    42.449585801
  ],
  ""type"": ""Point""
}",-82.968107467,42.4495858010001
21405,1374709,JEFFERSON,CHALMERS,2018-05-09,9,5,2018,17,4,5,9,,4,0,Asphalt,2,4,1,35,4,2,2,5,0,0,0,0,true,false,false,false,false,false,false,false,false,false,false,false,false,false,false,false,false,false,false,false,false,false,-82.9442,42.37294,"{
  ""coordinates"": [
    -8.294420226714870e+01,
    4.237294532685390e+01
  ],
  ""type"": ""Point""
}","{
  ""coordinates"": [
    -82.944202267,
    42.372945327
  ],
  ""type"": ""Point""
}",-82.944202267,42.372945327
21406,1373118,GRAND RIVER,S M 39,2018-05-09,9,5,2018,18,4,5,3,,1,0,Concrete,1,2,1,35,5,3,2,5,0,0,0,0,true,false,false,false,false,false,false,false,false,false,false,false,false,false,false,false,false,false,false,false,false,false,-83.21832,42.40071,"{
  ""coordinates"": [
    -8.321831957242850e+01,
    4.240071204255130e+01
  ],
  ""type"": ""Point""
}","{
  ""coordinates"": [
    -83.218319572,
    42.400712043
  ],
  ""type"": ""Point""
}",-83.218319572,42.4007120430001
21407,1375495,I-94,I-96,2018-05-09,9,5,2018,18,4,8,1,,1,0,Asphalt,1,2,1,55,3,2,1,5,0,0,0,0,true,false,false,false,true,false,false,false,false,false,false,false,false,false,false,false,false,false,false,false,false,false,-83.09797,42.35046,"{
  ""coordinates"": [
    -8.309796911247210e+01,
    4.235045800347810e+01
  ],
  ""type"": ""Point""
}","{
  ""coordinates"": [
    -83.097969112,
    42.350458003
  ],
  ""type"": ""Point""
}",-83.097969112,42.350458003
21408,1368615,N I 75 SERVICE DRIVE,MACK,2018-05-09,9,5,2018,8,4,3,1,,5,0,Asphalt,1,1,1,30,3,2,2,5,0,0,0,0,true,false,false,false,false,false,false,false,false,false,false,false,false,false,false,false,false,false,false,false,false,false,-83.04749,42.3515,"{
  ""coordinates"": [
    -8.304749035483950e+01,
    4.235150088642960e+01
  ],
  ""type"": ""Point""
}","{
  ""coordinates"": [
    -83.047490355,
    42.351500886
  ],
  ""type"": ""Point""
}",-83.047490355,42.3515008860001
21409,1428747,PREST,MIDLAND,2018-05-09,9,5,2018,0,4,98,9,,,0,,1,1,4,25,2,2,0,5,0,0,0,0,true,false,false,false,true,false,false,false,false,false,false,false,false,false,false,false,false,false,false,false,false,false,-83.19768,42.40514,"{
  ""coordinates"": [
    -8.319767886951350e+01,
    4.240513978331590e+01
  ],
  ""type"": ""Point""
}","{
  ""coordinates"": [
    -83.19767887,
    42.405139783
  ],
  ""type"": ""Point""
}",-83.1976788699999,42.405139783
21410,1369572,MCNICHOLS,STANSBURY,2018-05-09,9,5,2018,16,4,4,9,,2,0,Asphalt,2,4,1,35,2,2,2,3,0,0,1,0,false,true,false,false,true,false,false,false,false,false,false,false,false,false,false,false,false,false,false,false,false,false,-83.18304,42.41655,"{
  ""coordinates"": [
    -8.318303979782981e+01,
    4.241655253115460e+01
  ],
  ""type"": ""Point""
}","{
  ""coordinates"": [
    -83.183039798,
    42.416552531
  ],
  ""type"": ""Point""
}",-83.183039798,42.416552531
21411,1371401,OUTER,RYAN,2018-05-09,9,5,2018,15,4,5,9,,2,0,Asphalt,1,1,1,30,2,2,1,5,0,0,0,0,true,false,false,false,true,false,false,false,false,false,false,true,false,false,false,false,false,false,false,false,false,false,-83.06336,42.44033,"{
  ""coordinates"": [
    -8.306336320921700e+01,
    4.244033112912070e+01
  ],
  ""type"": ""Point""
}","{
  ""coordinates"": [
    -83.063363209,
    42.440331129
  ],
  ""type"": ""Point""
}",-83.063363209,42.4403311290001
21412,1371422,TRINITY,CAMBRIDGE,2018-05-09,9,5,2018,5,4,5,9,,,3,,1,1,4,25,1,2,1,5,0,0,0,0,true,false,false,false,true,false,false,false,false,false,false,false,false,false,false,false,false,false,false,false,false,false,-83.24991,42.43109,"{
  ""coordinates"": [
    -8.324990993194650e+01,
    4.243108935749900e+01
  ],
  ""type"": ""Point""
}","{
  ""coordinates"": [
    -83.249909932,
    42.431089357
  ],
  ""type"": ""Point""
}",-83.249909932,42.4310893570001
21413,1371367,CANFIELD,WOODWARD,2018-05-09,9,5,2018,17,4,5,3,,4,0,Asphalt,1,2,1,25,2,2,4,5,0,0,0,0,true,false,false,false,false,false,false,false,false,false,true,false,false,false,false,false,false,false,false,false,false,false,-83.06149,42.3527,"{
  ""coordinates"": [
    -8.306149119584870e+01,
    4.235269460856750e+01
  ],
  ""type"": ""Point""
}","{
  ""coordinates"": [
    -83.061491196,
    42.352694609
  ],
  ""type"": ""Point""
}",-83.061491196,42.352694609
21414,1370273,PEMBROKE,SCHAEFER,2018-05-09,9,5,2018,15,4,4,9,,5,0,Asphalt,1,2,1,25,2,2,4,5,0,0,0,0,true,false,true,true,true,false,false,false,false,false,false,false,false,true,false,false,false,false,false,false,false,false,-83.18076,42.43832,"{
  ""coordinates"": [
    -8.318075910444691e+01,
    4.243832188496450e+01
  ],
  ""type"": ""Point""
}","{
  ""coordinates"": [
    -83.180759104,
    42.438321885
  ],
  ""type"": ""Point""
}",-83.1807591039999,42.4383218850001
21415,1371434,MONICA,DAVISON,2018-05-09,9,5,2018,15,4,9,9,,,2,,1,1,1,25,1,2,1,4,0,0,0,1,false,false,false,false,true,false,false,false,false,false,false,false,false,false,false,false,false,false,false,false,false,false,-83.14284,42.38761,"{
  ""coordinates"": [
    -8.314283446332480e+01,
    4.238761228088060e+01
  ],
  ""type"": ""Point""
}","{
  ""coordinates"": [
    -83.142834463,
    42.387612281
  ],
  ""type"": ""Point""
}",-83.142834463,42.387612281
21416,1375511,N M 39,RAMP 011B,2018-05-09,9,5,2018,16,4,5,3,,1,0,Concrete,2,2,1,55,4,2,2,4,0,0,0,1,false,false,false,false,false,false,false,false,false,false,false,false,false,false,false,false,true,false,false,false,false,false,-83.21937,42.43365,"{
  ""coordinates"": [
    -8.321936968583570e+01,
    4.243365440612070e+01
  ],
  ""type"": ""Point""
}","{
  ""coordinates"": [
    -83.219369686,
    42.433654406
  ],
  ""type"": ""Point""
}",-83.2193696859999,42.4336544060001
21417,1375617,PUTNAM,CASS,2018-05-09,9,5,2018,12,4,1,9,,,0,,1,1,1,25,4,2,2,5,0,0,0,0,true,false,false,false,false,false,false,false,false,false,false,false,false,false,true,false,false,false,false,false,true,false,-83.0672,42.35697,"{
  ""coordinates"": [
    -8.306719892031370e+01,
    4.235696875607820e+01
  ],
  ""type"": ""Point""
}","{
  ""coordinates"": [
    -83.06719892,
    42.356968756
  ],
  ""type"": ""Point""
}",-83.06719892,42.3569687560001
21418,1370245,S I 75,BRUSH,2018-05-09,9,5,2018,19,4,8,1,,1,0,Concrete,2,4,1,55,2,2,2,5,0,0,0,0,true,false,false,false,false,false,false,false,false,false,false,false,false,false,false,true,false,false,false,false,false,false,-83.04848,42.34211,"{
  ""coordinates"": [
    -8.304847562796230e+01,
    4.234210678991450e+01
  ],
  ""type"": ""Point""
}","{
  ""coordinates"": [
    -83.048475628,
    42.34210679
  ],
  ""type"": ""Point""
}",-83.0484756279999,42.3421067900001
21419,1369525,BROOKLYN,SPRUCE,2018-05-09,9,5,2018,14,4,8,9,,,0,,1,2,1,25,2,2,1,5,0,0,0,0,true,false,false,false,false,false,false,false,false,false,false,false,false,false,false,true,false,false,false,false,false,false,-83.06693,42.33705,"{
  ""coordinates"": [
    -8.306692741123371e+01,
    4.233704757377500e+01
  ],
  ""type"": ""Point""
}","{
  ""coordinates"": [
    -83.066927411,
    42.337047574
  ],
  ""type"": ""Point""
}",-83.0669274109999,42.3370475740001
21420,1372343,STAHELIN,MCNICHOLS,2018-05-09,9,5,2018,0,4,98,9,,,0,,1,1,5,35,2,2,1,4,0,0,0,1,false,false,false,false,false,false,false,false,false,false,false,false,false,false,true,false,false,false,false,false,false,false,-83.22672,42.4152,"{
  ""coordinates"": [
    -8.322671520995461e+01,
    4.241519643290920e+01
  ],
  ""type"": ""Point""
}","{
  ""coordinates"": [
    -83.22671521,
    42.415196433
  ],
  ""type"": ""Point""
}",-83.22671521,42.4151964330001
21421,1377681,S/B I-75,I-94,2018-05-09,9,5,2018,18,4,5,1,,1,0,Concrete,1,1,1,55,4,2,3,5,0,0,0,0,true,false,false,false,false,false,false,false,false,false,false,false,false,false,true,true,false,false,false,false,false,false,-83.05839,42.36889,"{
  ""coordinates"": [
    -8.305838575223480e+01,
    4.236889457090710e+01
  ],
  ""type"": ""Point""
}","{
  ""coordinates"": [
    -83.058385752,
    42.368894571
  ],
  ""type"": ""Point""
}",-83.0583857519999,42.3688945710001
21422,1369528,FORT,WESTEND,2018-05-09,9,5,2018,19,4,4,3,,1,0,Asphalt,1,2,1,30,2,2,3,4,0,0,0,1,false,false,false,false,true,false,false,false,false,false,false,false,false,false,false,false,false,false,false,false,false,false,-83.1192,42.30019,"{
  ""coordinates"": [
    -8.311920185047261e+01,
    4.230019353551630e+01
  ],
  ""type"": ""Point""
}","{
  ""coordinates"": [
    -83.11920185,
    42.300193536
  ],
  ""type"": ""Point""
}",-83.11920185,42.3001935360001
21423,1370223,I-94,OUTER,2018-05-09,9,5,2018,7,4,5,1,,1,0,Asphalt,1,1,1,55,3,2,2,5,0,0,0,0,true,true,false,false,false,false,false,false,false,false,false,false,false,false,false,false,false,false,false,false,false,false,-82.95552,42.40649,"{
  ""coordinates"": [
    -8.295552400062471e+01,
    4.240649289460090e+01
  ],
  ""type"": ""Point""
}","{
  ""coordinates"": [
    -82.955524001,
    42.406492895
  ],
  ""type"": ""Point""
}",-82.955524001,42.406492895
21424,1368634,YONKA,LANTZ,2018-05-09,9,5,2018,5,4,4,9,,,0,,1,1,4,25,2,2,3,5,0,0,0,0,true,false,false,false,false,false,false,false,false,false,false,true,false,true,false,false,false,false,false,false,false,false,-83.06643,42.43806,"{
  ""coordinates"": [
    -8.306642913670591e+01,
    4.243805656840220e+01
  ],
  ""type"": ""Point""
}","{
  ""coordinates"": [
    -83.066429137,
    42.438056568
  ],
  ""type"": ""Point""
}",-83.0664291369999,42.438056568
21425,1370265,DRESDEN,EASTWOOD,2018-05-09,9,5,2018,22,4,98,9,,,0,,1,1,4,,2,2,0,5,0,0,0,0,true,false,false,false,true,false,false,false,false,false,false,false,false,false,false,false,false,false,false,false,false,false,-82.99966,42.43257,"{
  ""coordinates"": [
    -8.299966555290500e+01,
    4.243257213489250e+01
  ],
  ""type"": ""Point""
}","{
  ""coordinates"": [
    -82.999665553,
    42.432572135
  ],
  ""type"": ""Point""
}",-82.9996655529999,42.432572135
21426,1369560,DRESDEN,SAUER,2018-05-09,9,5,2018,4,4,5,9,,,0,,1,1,4,,2,2,0,5,0,0,0,0,true,false,false,false,true,false,false,false,false,false,false,false,false,false,false,false,false,false,false,false,false,false,-82.9993,42.42376,"{
  ""coordinates"": [
    -8.299929558153110e+01,
    4.242375974294770e+01
  ],
  ""type"": ""Point""
}","{
  ""coordinates"": [
    -82.999295582,
    42.423759743
  ],
  ""type"": ""Point""
}",-82.9992955819999,42.4237597430001
21427,1369559,LONGVIEW,DICKERSON,2018-05-09,9,5,2018,15,4,1,9,,,0,,1,2,1,25,2,1,2,3,0,0,1,0,false,false,false,false,false,false,false,false,false,false,true,false,false,false,false,false,false,false,false,false,false,false,-82.97666,42.40842,"{
  ""coordinates"": [
    -8.297666056947600e+01,
    4.240841999519900e+01
  ],
  ""type"": ""Point""
}","{
  ""coordinates"": [
    -82.976660569,
    42.408419995
  ],
  ""type"": ""Point""
}",-82.976660569,42.408419995
21428,1375509,RAMP 223B,CADEUIX,2018-05-09,9,5,2018,10,4,5,1,,1,0,Asphalt,1,1,1,55,1,2,3,5,0,0,0,0,true,false,false,false,false,false,false,false,false,false,false,false,false,false,false,false,false,false,false,false,false,false,-82.93666,42.41708,"{
  ""coordinates"": [
    -8.293665822198921e+01,
    4.241707716783040e+01
  ],
  ""type"": ""Point""
}","{
  ""coordinates"": [
    -82.936658222,
    42.417077168
  ],
  ""type"": ""Point""
}",-82.9366582219999,42.417077168
21429,1373914,BENITEAU,CANFIELD,2018-05-09,9,5,2018,20,4,2,9,,,2,,1,1,3,25,2,2,0,5,0,0,0,0,true,false,false,false,true,false,false,false,false,false,false,false,false,false,false,false,false,false,false,false,false,false,-82.98209,42.38217,"{
  ""coordinates"": [
    -8.298208268940010e+01,
    4.238216672556330e+01
  ],
  ""type"": ""Point""
}","{
  ""coordinates"": [
    -82.982082689,
    42.382166726
  ],
  ""type"": ""Point""
}",-82.982082689,42.382166726
21430,1369551,FENKELL,ARCHDALE,2018-05-09,9,5,2018,9,4,1,9,,2,1,Asphalt,1,1,1,35,6,1,2,3,0,0,1,0,false,false,false,false,false,false,false,false,false,true,false,false,false,false,true,false,false,false,false,false,false,false,-83.21603,42.40116,"{
  ""coordinates"": [
    -8.321602971868990e+01,
    4.240115644401100e+01
  ],
  ""type"": ""Point""
}","{
  ""coordinates"": [
    -83.216029719,
    42.401156444
  ],
  ""type"": ""Point""
}",-83.2160297189999,42.401156444
21431,1372340,GREENFIELD,SANTA MARIA,2018-05-09,9,5,2018,15,4,4,9,,2,0,Asphalt,1,2,1,35,4,2,2,4,0,0,0,2,false,false,false,false,false,false,false,false,false,false,false,false,false,false,false,false,false,false,false,false,false,false,-83.19939,42.41778,"{
  ""coordinates"": [
    -8.319938518473070e+01,
    4.241778332102620e+01
  ],
  ""type"": ""Point""
}","{
  ""coordinates"": [
    -83.199385185,
    42.417783321
  ],
  ""type"": ""Point""
}",-83.199385185,42.4177833210001
21432,1371411,LAHSER,MCNICHOLS,2018-05-09,9,5,2018,16,4,4,9,,2,0,Asphalt,2,1,1,35,2,2,2,5,0,0,0,0,true,false,true,true,false,false,false,false,false,false,false,false,false,false,false,false,false,false,false,false,false,false,-83.25747,42.4146,"{
  ""coordinates"": [
    -8.325746951080690e+01,
    4.241459719477180e+01
  ],
  ""type"": ""Point""
}","{
  ""coordinates"": [
    -83.257469511,
    42.414597195
  ],
  ""type"": ""Point""
}",-83.257469511,42.4145971950001
21433,1370237,S M 39,SCHOOLCRAFT,2018-05-09,9,5,2018,12,4,5,3,,1,0,Asphalt,1,1,1,55,3,4,3,5,0,0,0,0,true,false,false,false,true,false,false,false,false,false,false,false,false,false,false,false,false,false,false,false,false,false,-83.21768,42.38535,"{
  ""coordinates"": [
    -8.321767901816580e+01,
    4.238534474831280e+01
  ],
  ""type"": ""Point""
}","{
  ""coordinates"": [
    -83.217679018,
    42.385344748
  ],
  ""type"": ""Point""
}",-83.217679018,42.3853447480001