ObjectId,Crash ID,Primary Road,Intersecting Road,Crash Date,Day,Month,Year,Hour,Weekday,Crash Type Code,Highway Classification Code,Community Code,Jurisdiction Code,Lane Departure Type Code,Surface Type,Road Condition,Weather Condition,Lighting Condition,Speed Limit,Lanes,Units,Occupants,Most Severe Injury,Fatal Injuries,Suspected Serious Injuries,Suspected Minor Injuries,Possible Injuries,Property Damage Only,Secondary Crash,Traffic Control,Red Light Run,Hit and Run,Alcohol,Drugs,Unbelted Person,Work Zone,Speeding Driver,Distracted Driver,Driveway,Pedestrian,Elderly Driver,Young Driver,Commercial Vehicle,Emergency Vehicles,Train,School Bus,Motorcycle,Bicycle,Deer,Longitude,Latitude,geom,geog,x,y
21434,1374718,BISHOP,SOUTHAMPTON,2018-05-09,9,5,2018,16,4,9,9,,,2,,2,4,1,25,1,2,1,5,0,0,0,0,true,false,false,false,false,false,false,false,false,false,false,false,false,false,false,false,false,false,false,false,false,false,-82.9353,42.40821,"{
  ""coordinates"": [
    -8.293529579169100e+01,
    4.240821515137270e+01
  ],
  ""type"": ""Point""
}","{
  ""coordinates"": [
    -82.935295792,
    42.408215151
  ],
  ""type"": ""Point""
}",-82.935295792,42.408215151
21435,1369530,DRAGOON,VERNOR,2018-05-09,9,5,2018,14,4,8,9,,,0,,1,1,1,25,2,2,3,5,0,0,0,0,true,true,false,false,false,false,false,false,false,false,false,false,false,false,false,false,false,false,false,false,false,false,-83.1092,42.31564,"{
  ""coordinates"": [
    -8.310920238188480e+01,
    4.231564101183860e+01
  ],
  ""type"": ""Point""
}","{
  ""coordinates"": [
    -83.109202382,
    42.315641012
  ],
  ""type"": ""Point""
}",-83.109202382,42.3156410120001
21436,1370213,M-39,SOUTHFIELD,2018-05-09,9,5,2018,23,4,97,3,,1,1,Asphalt,1,1,4,55,3,1,1,5,0,0,0,0,true,false,false,false,false,false,false,false,false,false,false,false,false,false,false,false,false,false,false,false,false,false,-83.21679,42.37687,"{
  ""coordinates"": [
    -8.321679118588550e+01,
    4.237687334886660e+01
  ],
  ""type"": ""Point""
}","{
  ""coordinates"": [
    -83.216791186,
    42.376873349
  ],
  ""type"": ""Point""
}",-83.216791186,42.376873349
21437,1369534,FORT,MCKINSTRY,2018-05-09,9,5,2018,16,4,5,3,,1,0,Asphalt,1,1,1,35,5,2,2,5,0,0,0,0,true,false,false,false,false,false,false,false,false,false,false,false,false,false,false,false,false,false,false,false,false,false,-83.09305,42.31106,"{
  ""coordinates"": [
    -8.309305113384310e+01,
    4.231106139132100e+01
  ],
  ""type"": ""Point""
}","{
  ""coordinates"": [
    -83.093051134,
    42.311061391
  ],
  ""type"": ""Point""
}",-83.0930511339999,42.3110613910001
21438,1370243,I 94 W/B,BURNS,2018-05-09,9,5,2018,16,4,5,1,,1,0,Asphalt,2,4,1,55,3,4,4,5,0,0,0,0,true,false,false,false,false,false,false,false,false,false,false,false,false,false,false,true,false,false,false,false,false,false,-83.0125,42.38931,"{
  ""coordinates"": [
    -8.301249868336660e+01,
    4.238931108798210e+01
  ],
  ""type"": ""Point""
}","{
  ""coordinates"": [
    -83.012498683,
    42.389311088
  ],
  ""type"": ""Point""
}",-83.012498683,42.3893110880001
21439,1372354,TELEGRAPH,MCNICHOLS,2018-05-09,9,5,2018,10,4,8,2,,1,0,Asphalt,1,1,1,45,4,2,2,5,0,0,0,0,true,false,false,false,false,false,false,false,false,false,false,false,false,true,false,false,false,false,false,false,false,false,-83.27697,42.41456,"{
  ""coordinates"": [
    -8.327696840746350e+01,
    4.241455915782750e+01
  ],
  ""type"": ""Point""
}","{
  ""coordinates"": [
    -83.276968407,
    42.414559158
  ],
  ""type"": ""Point""
}",-83.276968407,42.414559158
21440,1370256,GRAND,POE,2018-05-09,9,5,2018,14,4,8,9,,4,0,Asphalt,1,2,1,25,2,2,1,5,0,0,0,0,true,false,false,false,true,false,false,false,false,false,false,false,false,false,false,false,false,false,false,false,false,false,-83.08662,42.36538,"{
  ""coordinates"": [
    -8.308661932865689e+01,
    4.236538368746960e+01
  ],
  ""type"": ""Point""
}","{
  ""coordinates"": [
    -83.086619329,
    42.365383687
  ],
  ""type"": ""Point""
}",-83.086619329,42.3653836870001
21441,1371439,WYOMING,FENKELL,2018-05-09,9,5,2018,14,4,8,9,,4,0,Asphalt,1,1,1,30,4,2,2,5,0,0,0,0,true,false,false,false,false,false,false,false,false,false,false,false,false,false,false,false,false,false,false,false,false,false,-83.15973,42.40361,"{
  ""coordinates"": [
    -8.315973006813960e+01,
    4.240361108438870e+01
  ],
  ""type"": ""Point""
}","{
  ""coordinates"": [
    -83.159730068,
    42.403611084
  ],
  ""type"": ""Point""
}",-83.159730068,42.403611084
21442,1369554,8 MILE,ILENE,2018-05-09,9,5,2018,17,4,5,3,,1,0,Asphalt,1,2,1,40,5,2,1,5,0,0,0,0,true,false,false,false,true,false,false,false,false,false,false,true,false,false,false,false,false,false,false,false,false,false,-83.16422,42.44559,"{
  ""coordinates"": [
    -8.316421440048860e+01,
    4.244559436844650e+01
  ],
  ""type"": ""Point""
}","{
  ""coordinates"": [
    -83.1642144,
    42.445594368
  ],
  ""type"": ""Point""
}",-83.1642143999999,42.4455943680001
21443,1387103,PURITAN,ROSA PARKS,2018-05-09,9,5,2018,16,4,5,9,,4,0,Asphalt,1,1,1,35,2,2,6,4,0,0,0,3,false,false,false,false,false,false,true,true,false,false,false,false,false,false,false,false,false,false,false,false,false,false,-83.11858,42.41036,"{
  ""coordinates"": [
    -8.311857755930490e+01,
    4.241035865319160e+01
  ],
  ""type"": ""Point""
}","{
  ""coordinates"": [
    -83.118577559,
    42.410358653
  ],
  ""type"": ""Point""
}",-83.118577559,42.4103586530001
21444,1374739,SORRENTO,ORANGELAWN,2018-05-09,9,5,2018,14,4,8,9,,,0,,1,1,1,20,2,2,1,5,0,0,0,0,true,false,false,false,false,false,false,false,false,false,false,false,false,false,false,false,false,false,false,false,false,false,-83.17169,42.36846,"{
  ""coordinates"": [
    -8.317168986016981e+01,
    4.236845650583700e+01
  ],
  ""type"": ""Point""
}","{
  ""coordinates"": [
    -83.17168986,
    42.368456506
  ],
  ""type"": ""Point""
}",-83.17168986,42.368456506
21445,1370234,MEYERS,JAMES COUZENS,2018-05-09,9,5,2018,7,4,5,9,,4,0,Asphalt,1,1,1,55,3,2,2,5,0,0,0,0,true,false,false,false,false,false,false,false,false,false,false,false,false,false,false,false,false,false,false,false,false,false,-83.17001,42.41459,"{
  ""coordinates"": [
    -8.317001250446640e+01,
    4.241458704461680e+01
  ],
  ""type"": ""Point""
}","{
  ""coordinates"": [
    -83.170012504,
    42.414587045
  ],
  ""type"": ""Point""
}",-83.1700125039999,42.4145870450001
21446,1369550,BENTLER,FLORENCE,2018-05-09,9,5,2018,19,4,4,9,,,0,,2,2,1,25,2,2,1,5,0,0,0,0,true,false,false,false,true,false,false,false,false,false,false,false,false,false,true,false,false,false,false,false,false,false,-83.25237,42.40944,"{
  ""coordinates"": [
    -8.325237181388790e+01,
    4.240944276214760e+01
  ],
  ""type"": ""Point""
}","{
  ""coordinates"": [
    -83.252371814,
    42.409442762
  ],
  ""type"": ""Point""
}",-83.252371814,42.409442762
21447,1369553,7 MILE,EVERGREEN,2018-05-09,9,5,2018,20,4,4,9,,2,0,Asphalt,1,1,1,30,4,2,4,5,0,0,0,0,true,false,false,false,true,false,false,false,false,false,false,false,false,false,false,false,false,false,false,false,false,false,-83.23923,42.42956,"{
  ""coordinates"": [
    -8.323923334788310e+01,
    4.242956300309460e+01
  ],
  ""type"": ""Point""
}","{
  ""coordinates"": [
    -83.239233348,
    42.429563003
  ],
  ""type"": ""Point""
}",-83.239233348,42.4295630030001
21448,1370233,M-39,GRAND RIVER,2018-05-09,9,5,2018,14,4,5,3,,1,0,Asphalt,1,2,1,55,3,2,3,3,0,0,1,1,false,false,false,false,false,false,false,false,false,false,false,false,false,false,false,false,false,false,false,false,false,false,-83.21835,42.39936,"{
  ""coordinates"": [
    -8.321835423401269e+01,
    4.239936376022770e+01
  ],
  ""type"": ""Point""
}","{
  ""coordinates"": [
    -83.218354234,
    42.39936376
  ],
  ""type"": ""Point""
}",-83.2183542339999,42.39936376
21449,1375392,S M 39,RAMP 010D,2018-05-09,9,5,2018,0,4,1,3,,1,0,Asphalt,1,1,4,70,3,1,1,5,0,0,0,0,true,false,false,false,false,false,false,false,false,false,false,false,false,false,false,false,false,false,false,false,false,false,-83.21886,42.4128,"{
  ""coordinates"": [
    -8.321886448158109e+01,
    4.241280275640160e+01
  ],
  ""type"": ""Point""
}","{
  ""coordinates"": [
    -83.218864482,
    42.412802756
  ],
  ""type"": ""Point""
}",-83.218864482,42.4128027560001
21450,1372316,E I 94,RAMP 213M,2018-05-09,9,5,2018,9,4,1,1,,1,1,Asphalt,1,1,1,70,4,1,2,5,0,0,0,0,true,false,false,false,false,false,false,false,false,true,false,false,false,false,false,false,false,false,false,false,false,false,-83.09966,42.34993,"{
  ""coordinates"": [
    -8.309966196334391e+01,
    4.234992960799240e+01
  ],
  ""type"": ""Point""
}","{
  ""coordinates"": [
    -83.099661963,
    42.349929608
  ],
  ""type"": ""Point""
}",-83.099661963,42.349929608
21451,1369522,WARREN,N I 75,2018-05-09,9,5,2018,13,4,8,9,,4,0,Asphalt,1,1,1,35,3,2,2,5,0,0,0,0,true,false,false,false,true,false,false,false,false,false,false,false,false,false,false,false,false,false,false,false,false,false,-83.05424,42.36084,"{
  ""coordinates"": [
    -8.305424148517690e+01,
    4.236083456472820e+01
  ],
  ""type"": ""Point""
}","{
  ""coordinates"": [
    -83.054241485,
    42.360834565
  ],
  ""type"": ""Point""
}",-83.054241485,42.3608345650001
21452,1369527,3RD,PRENTIS,2018-05-09,9,5,2018,16,4,98,9,,4,0,Asphalt,1,1,1,30,2,2,0,5,0,0,0,0,true,false,false,false,true,false,false,false,false,false,false,false,false,false,false,false,false,false,false,false,false,false,-83.06975,42.35207,"{
  ""coordinates"": [
    -8.306974803185540e+01,
    4.235207518757470e+01
  ],
  ""type"": ""Point""
}","{
  ""coordinates"": [
    -83.069748032,
    42.352075188
  ],
  ""type"": ""Point""
}",-83.0697480319999,42.3520751880001
21453,1371437,SCOTTEN,JEFFERIES,2018-05-09,9,5,2018,0,4,1,9,,4,1,Asphalt,1,1,4,35,4,1,0,5,0,0,0,0,true,false,false,false,true,false,false,false,false,false,false,false,false,false,false,false,false,false,false,false,false,false,-83.08504,42.3097,"{
  ""coordinates"": [
    -8.308504512246020e+01,
    4.230969805865830e+01
  ],
  ""type"": ""Point""
}","{
  ""coordinates"": [
    -83.085045122,
    42.309698059
  ],
  ""type"": ""Point""
}",-83.0850451219999,42.309698059
21454,1371402,GRAND,W I 94,2018-05-09,9,5,2018,19,4,5,1,,4,0,Asphalt,2,4,1,,3,2,7,5,0,0,0,0,true,false,false,false,false,false,false,false,false,false,false,false,false,false,true,false,false,false,false,false,false,false,-83.1097,42.34695,"{
  ""coordinates"": [
    -8.310969551807121e+01,
    4.234695547452300e+01
  ],
  ""type"": ""Point""
}","{
  ""coordinates"": [
    -83.109695518,
    42.346955475
  ],
  ""type"": ""Point""
}",-83.109695518,42.3469554750001
21455,1368601,WARREN,BRUSH,2018-05-08,8,5,2018,13,3,4,9,,4,0,Asphalt,1,1,1,30,8,2,3,5,0,0,0,0,true,false,false,false,false,false,false,false,false,false,false,false,false,false,true,false,false,false,false,false,false,false,-83.05984,42.35866,"{
  ""coordinates"": [
    -8.305984135754390e+01,
    4.235866115689500e+01
  ],
  ""type"": ""Point""
}","{
  ""coordinates"": [
    -83.059841358,
    42.358661157
  ],
  ""type"": ""Point""
}",-83.059841358,42.358661157
21456,1373232,OUTER,SOUTHFIELD SERVICE DRIVE,2018-05-08,8,5,2018,16,3,5,9,,2,0,Asphalt,1,1,1,35,3,2,3,5,0,0,0,0,true,false,false,false,false,false,false,false,false,false,false,false,false,false,false,false,false,false,false,false,false,false,-83.21856,42.41908,"{
  ""coordinates"": [
    -8.321855874127171e+01,
    4.241907904947330e+01
  ],
  ""type"": ""Point""
}","{
  ""coordinates"": [
    -83.218558741,
    42.419079049
  ],
  ""type"": ""Point""
}",-83.218558741,42.4190790490001
21457,1385994,JOY,WEST,2018-05-08,8,5,2018,16,3,5,9,,2,0,Asphalt,1,1,1,35,4,3,4,5,0,0,0,0,true,false,false,false,false,false,false,false,false,false,false,false,false,true,false,false,false,false,false,false,false,false,-83.23055,42.35765,"{
  ""coordinates"": [
    -8.323054244095370e+01,
    4.235764826274440e+01
  ],
  ""type"": ""Point""
}","{
  ""coordinates"": [
    -83.230542441,
    42.357648263
  ],
  ""type"": ""Point""
}",-83.230542441,42.357648263
21458,1372314,W I 94,CHENE,2018-05-08,8,5,2018,6,3,8,1,,1,0,Concrete,1,1,2,55,3,2,1,5,0,0,0,0,true,false,false,false,true,false,false,false,false,false,false,false,false,false,false,true,false,false,false,false,false,false,-83.04801,42.37386,"{
  ""coordinates"": [
    -8.304800847392690e+01,
    4.237385540152920e+01
  ],
  ""type"": ""Point""
}","{
  ""coordinates"": [
    -83.048008474,
    42.373855402
  ],
  ""type"": ""Point""
}",-83.048008474,42.3738554020001
21459,1368600,ADAMS,CASS,2018-05-08,8,5,2018,8,3,4,9,,4,0,Asphalt,1,1,1,25,4,2,3,5,0,0,0,0,true,false,false,false,false,false,false,false,false,true,false,false,false,false,false,false,false,false,false,false,false,false,-83.0544,42.33549,"{
  ""coordinates"": [
    -8.305439447783110e+01,
    4.233549079514710e+01
  ],
  ""type"": ""Point""
}","{
  ""coordinates"": [
    -83.054394478,
    42.335490795
  ],
  ""type"": ""Point""
}",-83.0543944779999,42.3354907950001
21460,1368646,MCNICHOLS,PINEHURST,2018-05-08,8,5,2018,5,3,8,9,,2,0,Asphalt,1,1,1,30,5,2,1,5,0,0,0,0,true,false,false,false,true,false,false,false,false,false,false,false,false,false,false,false,false,false,false,false,false,false,-83.16689,42.41674,"{
  ""coordinates"": [
    -8.316688237701280e+01,
    4.241674601072480e+01
  ],
  ""type"": ""Point""
}","{
  ""coordinates"": [
    -83.166882377,
    42.416746011
  ],
  ""type"": ""Point""
}",-83.166882377,42.416746011
21461,1368640,8 MILE,GARDENDALE,2018-05-08,8,5,2018,9,3,4,3,,1,0,Asphalt,1,1,1,40,4,2,4,5,0,0,0,0,true,false,false,false,false,false,false,false,false,false,false,false,false,true,false,false,false,false,false,false,false,false,-83.13886,42.44616,"{
  ""coordinates"": [
    -8.313885935754720e+01,
    4.244615397504590e+01
  ],
  ""type"": ""Point""
}","{
  ""coordinates"": [
    -83.138859358,
    42.446153975
  ],
  ""type"": ""Point""
}",-83.138859358,42.4461539750001
21462,1368597,MCNICHOLS,BIRWOOD,2018-05-08,8,5,2018,1,3,4,9,,2,0,Asphalt,1,1,1,35,4,2,2,4,0,0,0,2,false,false,false,false,true,false,false,false,false,false,false,false,false,false,false,false,false,false,false,false,false,false,-83.16462,42.41681,"{
  ""coordinates"": [
    -8.316462087820901e+01,
    4.241681057732870e+01
  ],
  ""type"": ""Point""
}","{
  ""coordinates"": [
    -83.164620878,
    42.416810577
  ],
  ""type"": ""Point""
}",-83.1646208779999,42.416810577
21463,1375519,I-94,MT ELLIOT,2018-05-08,8,5,2018,7,3,5,1,,1,0,Asphalt,1,1,1,55,3,2,2,5,0,0,0,0,true,false,false,false,false,false,false,false,false,false,false,false,false,false,false,false,false,false,false,false,false,false,-83.03416,42.3791,"{
  ""coordinates"": [
    -8.303416748441209e+01,
    4.237909764192290e+01
  ],
  ""type"": ""Point""
}","{
  ""coordinates"": [
    -83.034167484,
    42.379097642
  ],
  ""type"": ""Point""
}",-83.034167484,42.379097642
21464,1372342,FAUST,SCHOOLCRAFT,2018-05-08,8,5,2018,17,3,4,9,,,0,,1,1,1,25,2,2,3,5,0,0,0,0,true,false,false,false,false,false,false,false,false,false,false,true,false,false,false,false,false,false,false,false,false,false,-83.22229,42.38631,"{
  ""coordinates"": [
    -8.322228991390820e+01,
    4.238630504090850e+01
  ],
  ""type"": ""Point""
}","{
  ""coordinates"": [
    -83.222289914,
    42.386305041
  ],
  ""type"": ""Point""
}",-83.222289914,42.3863050410001
21465,1373952,7 MILE,EVERGREEN,2018-05-08,8,5,2018,19,3,5,9,,2,0,Asphalt,1,1,1,35,4,2,2,5,0,0,0,0,true,false,false,false,true,false,false,false,false,false,false,false,false,false,false,false,false,false,false,false,false,false,-83.23914,42.42957,"{
  ""coordinates"": [
    -8.323913561215900e+01,
    4.242956540532870e+01
  ],
  ""type"": ""Point""
}","{
  ""coordinates"": [
    -83.239135612,
    42.429565405
  ],
  ""type"": ""Point""
}",-83.239135612,42.4295654050001
21466,1369557,OUTER,QUEEN,2018-05-08,8,5,2018,22,3,97,9,,2,0,Asphalt,1,1,4,30,3,2,1,4,0,0,0,1,false,false,false,false,true,false,false,false,false,false,false,false,false,false,false,false,false,false,false,false,false,false,-82.9678,42.41492,"{
  ""coordinates"": [
    -8.296779543768061e+01,
    4.241491657911370e+01
  ],
  ""type"": ""Point""
}","{
  ""coordinates"": [
    -82.967795438,
    42.414916579
  ],
  ""type"": ""Point""
}",-82.9677954379999,42.4149165790001
21467,1375482,I-94,WARREN,2018-05-08,8,5,2018,15,3,1,1,,1,0,Asphalt,1,1,1,55,3,1,1,5,0,0,0,0,true,false,false,false,false,false,false,false,false,false,false,false,false,false,false,true,false,false,false,false,false,false,-83.1132,42.3449,"{
  ""coordinates"": [
    -8.311320857103600e+01,
    4.234489674875040e+01
  ],
  ""type"": ""Point""
}","{
  ""coordinates"": [
    -83.113208571,
    42.344896749
  ],
  ""type"": ""Point""
}",-83.113208571,42.344896749
21468,1372315,I-94,LONYO,2018-05-08,8,5,2018,12,3,5,1,,1,0,Asphalt,1,1,1,55,3,2,1,5,0,0,0,0,true,false,false,false,true,false,false,false,false,false,false,false,false,false,false,false,false,false,false,false,false,false,-83.13572,42.33324,"{
  ""coordinates"": [
    -8.313572011199220e+01,
    4.233323866966660e+01
  ],
  ""type"": ""Point""
}","{
  ""coordinates"": [
    -83.135720112,
    42.33323867
  ],
  ""type"": ""Point""
}",-83.1357201119999,42.3332386700001
21469,1372352,MCNICHOLS,LINDSAY,2018-05-08,8,5,2018,14,3,8,9,,2,0,Asphalt,1,1,1,35,2,2,1,5,0,0,0,0,true,false,false,false,false,false,false,false,false,false,false,false,false,false,false,false,false,false,false,false,false,false,-83.21329,42.41567,"{
  ""coordinates"": [
    -8.321328685800970e+01,
    4.241566792381490e+01
  ],
  ""type"": ""Point""
}","{
  ""coordinates"": [
    -83.213286858,
    42.415667924
  ],
  ""type"": ""Point""
}",-83.2132868579999,42.415667924
21470,1373911,WARREN,CONNER,2018-05-08,8,5,2018,20,3,8,9,,4,0,Asphalt,1,1,3,30,5,2,1,5,0,0,0,0,true,false,false,false,true,false,false,false,false,false,false,false,false,false,false,false,false,false,false,false,false,false,-82.97605,42.38929,"{
  ""coordinates"": [
    -8.297605066455699e+01,
    4.238928502937950e+01
  ],
  ""type"": ""Point""
}","{
  ""coordinates"": [
    -82.976050665,
    42.389285029
  ],
  ""type"": ""Point""
}",-82.9760506649999,42.3892850290001
21471,1368647,ST MARTINS,LIVERNOIS,2018-05-08,8,5,2018,21,3,8,9,,,0,,1,1,4,25,4,2,0,5,0,0,0,0,true,false,false,false,true,false,false,false,false,false,false,false,false,false,false,false,false,false,false,false,false,false,-83.14148,42.43702,"{
  ""coordinates"": [
    -8.314147997685890e+01,
    4.243702465433440e+01
  ],
  ""type"": ""Point""
}","{
  ""coordinates"": [
    -83.141479977,
    42.437024654
  ],
  ""type"": ""Point""
}",-83.141479977,42.437024654
21472,1369531,VERNOR,INGLIS,2018-05-08,8,5,2018,23,3,1,9,,4,0,Asphalt,1,1,4,,4,2,1,3,0,0,1,0,false,false,false,false,false,false,false,false,false,false,false,false,true,false,false,false,false,false,false,false,false,false,-83.12827,42.31101,"{
  ""coordinates"": [
    -8.312826163107370e+01,
    4.231101302701050e+01
  ],
  ""type"": ""Point""
}","{
  ""coordinates"": [
    -83.128261631,
    42.311013027
  ],
  ""type"": ""Point""
}",-83.128261631,42.3110130270001
21473,1369532,BUCHANAN,WESSON,2018-05-08,8,5,2018,19,3,4,9,,4,0,Asphalt,1,1,1,35,2,2,2,5,0,0,0,0,true,false,false,false,false,false,false,false,false,false,false,false,false,false,true,false,false,false,false,false,false,false,-83.11753,42.334,"{
  ""coordinates"": [
    -8.311753024782020e+01,
    4.233400174249840e+01
  ],
  ""type"": ""Point""
}","{
  ""coordinates"": [
    -83.117530248,
    42.334001742
  ],
  ""type"": ""Point""
}",-83.117530248,42.3340017420001
21474,1369548,MONTROSE,SCHOOLCRAFT,2018-05-08,8,5,2018,22,3,5,9,,,0,,1,1,4,35,2,2,2,3,0,0,1,1,false,false,false,false,false,false,false,false,false,false,false,false,false,false,false,false,false,false,false,true,false,false,-83.20023,42.38702,"{
  ""coordinates"": [
    -8.320023105295330e+01,
    4.238702061413050e+01
  ],
  ""type"": ""Point""
}","{
  ""coordinates"": [
    -83.200231053,
    42.387020614
  ],
  ""type"": ""Point""
}",-83.200231053,42.3870206140001
21475,1367868,RYAN,DAVISON,2018-05-08,8,5,2018,6,3,97,9,,4,0,Asphalt,1,1,1,35,4,2,2,5,0,0,0,0,true,false,false,false,false,false,false,false,false,false,false,false,false,false,false,false,false,false,false,false,false,false,-83.06046,42.41568,"{
  ""coordinates"": [
    -8.306046385680300e+01,
    4.241567686480360e+01
  ],
  ""type"": ""Point""
}","{
  ""coordinates"": [
    -83.060463857,
    42.415676865
  ],
  ""type"": ""Point""
}",-83.0604638569999,42.4156768650001
21476,1368616,LAFAYETTE,S I 375 SERVICE DRIVE,2018-05-08,8,5,2018,7,3,4,9,,4,0,Concrete,1,1,1,,4,2,1,5,0,0,0,0,true,false,true,true,false,false,false,false,false,false,false,false,false,false,false,false,false,false,false,false,false,false,-83.03922,42.33504,"{
  ""coordinates"": [
    -8.303921276930210e+01,
    4.233504234692720e+01
  ],
  ""type"": ""Point""
}","{
  ""coordinates"": [
    -83.039212769,
    42.335042347
  ],
  ""type"": ""Point""
}",-83.039212769,42.3350423470001
21477,1420205,ROSEMONT,SAWYER,2018-05-08,8,5,2018,23,3,97,9,,,0,,1,1,5,25,2,2,0,5,0,0,0,0,true,false,false,false,true,false,false,false,false,false,true,false,false,false,false,false,false,false,false,false,false,false,-83.21851,42.34718,"{
  ""coordinates"": [
    -8.321851095200360e+01,
    4.234718113105550e+01
  ],
  ""type"": ""Point""
}","{
  ""coordinates"": [
    -83.218510952,
    42.347181131
  ],
  ""type"": ""Point""
}",-83.218510952,42.3471811310001
21478,1373949,NEVADA,ST LOUIS,2018-05-08,8,5,2018,16,3,8,9,,4,0,Asphalt,1,1,1,35,2,2,5,3,0,0,1,0,false,false,false,false,false,false,false,false,false,false,false,false,false,false,true,false,false,false,false,false,false,false,-83.03973,42.42638,"{
  ""coordinates"": [
    -8.303972878792790e+01,
    4.242637936819090e+01
  ],
  ""type"": ""Point""
}","{
  ""coordinates"": [
    -83.039728788,
    42.426379368
  ],
  ""type"": ""Point""
}",-83.0397287879999,42.426379368
21479,1370227,I-94,I-75,2018-05-08,8,5,2018,23,3,1,1,,1,1,Concrete,1,1,4,55,3,1,1,5,0,0,0,0,true,false,false,false,false,false,false,false,false,true,false,false,false,false,false,false,false,false,false,false,false,false,-83.0536,42.37143,"{
  ""coordinates"": [
    -8.305360015574411e+01,
    4.237143185479260e+01
  ],
  ""type"": ""Point""
}","{
  ""coordinates"": [
    -83.053600156,
    42.371431855
  ],
  ""type"": ""Point""
}",-83.053600156,42.371431855
21480,1368621,FERGUSON,CLARITA,2018-05-08,8,5,2018,17,3,8,9,,,0,,1,1,1,25,2,2,3,5,0,0,0,0,true,false,false,false,false,false,false,false,false,false,false,true,false,false,false,false,false,false,false,false,false,false,-83.21054,42.42859,"{
  ""coordinates"": [
    -8.321054053395970e+01,
    4.242859020709130e+01
  ],
  ""type"": ""Point""
}","{
  ""coordinates"": [
    -83.210540534,
    42.428590207
  ],
  ""type"": ""Point""
}",-83.210540534,42.4285902070001
21481,1370239,I 94 E/B,WARREN,2018-05-08,8,5,2018,15,3,5,1,,1,0,Asphalt,1,1,1,55,3,2,3,4,0,0,0,1,false,false,false,false,false,false,false,false,false,false,false,false,false,false,false,false,false,false,false,false,false,false,-83.11208,42.34524,"{
  ""coordinates"": [
    -8.311208155597670e+01,
    4.234523950424760e+01
  ],
  ""type"": ""Point""
}","{
  ""coordinates"": [
    -83.112081556,
    42.345239504
  ],
  ""type"": ""Point""
}",-83.112081556,42.3452395040001
21482,1370241,I 75 N/B,CLAY,2018-05-08,8,5,2018,17,3,5,1,,1,0,Asphalt,1,1,1,70,4,3,6,5,0,0,0,0,true,false,false,false,true,false,false,false,false,false,false,false,false,false,true,false,false,false,false,false,false,false,-83.06129,42.37643,"{
  ""coordinates"": [
    -8.306129556406790e+01,
    4.237643554140240e+01
  ],
  ""type"": ""Point""
}","{
  ""coordinates"": [
    -83.061295564,
    42.376435541
  ],
  ""type"": ""Point""
}",-83.061295564,42.376435541
21483,1369564,8 MILE,SCHOENHERR,2018-05-08,8,5,2018,7,3,5,3,,1,0,Asphalt,1,1,1,40,4,2,2,5,0,0,0,0,true,false,false,false,false,false,false,false,false,false,false,false,false,false,false,false,false,false,false,false,false,false,-82.98604,42.44927,"{
  ""coordinates"": [
    -8.298603516082579e+01,
    4.244927093252830e+01
  ],
  ""type"": ""Point""
}","{
  ""coordinates"": [
    -82.986035161,
    42.449270933
  ],
  ""type"": ""Point""
}",-82.986035161,42.449270933
21484,1368623,GRATIOT,8 MILE,2018-05-08,8,5,2018,17,3,8,3,,1,0,Asphalt,1,1,1,35,2,2,1,5,0,0,0,0,true,false,false,false,true,false,false,false,false,false,false,false,false,false,true,false,false,false,false,false,false,false,-82.96794,42.44984,"{
  ""coordinates"": [
    -8.296793844184020e+01,
    4.244983560185600e+01
  ],
  ""type"": ""Point""
}","{
  ""coordinates"": [
    -82.967938442,
    42.449835602
  ],
  ""type"": ""Point""
}",-82.967938442,42.4498356020001
21485,1369555,HAYES,EVANSTON,2018-05-08,8,5,2018,5,3,4,9,,4,0,Asphalt,1,1,4,35,2,2,1,3,0,0,1,0,false,false,false,false,true,false,false,false,false,false,false,false,false,false,false,false,false,false,false,true,false,false,-82.96437,42.40559,"{
  ""coordinates"": [
    -8.296436967516320e+01,
    4.240558697026270e+01
  ],
  ""type"": ""Point""
}","{
  ""coordinates"": [
    -82.964369675,
    42.40558697
  ],
  ""type"": ""Point""
}",-82.9643696749999,42.4055869700001
21486,1369526,ADAMS,WOODWARD,2018-05-08,8,5,2018,1,3,8,3,,4,0,Asphalt,1,1,1,35,4,2,3,5,0,0,0,0,true,false,false,false,false,false,false,false,false,false,false,false,false,false,false,false,false,false,false,false,false,false,-83.05092,42.33697,"{
  ""coordinates"": [
    -8.305092019312060e+01,
    4.233696774878570e+01
  ],
  ""type"": ""Point""
}","{
  ""coordinates"": [
    -83.050920193,
    42.336967749
  ],
  ""type"": ""Point""
}",-83.050920193,42.3369677490001
21487,1369535,WARREN,WINTRHOP,2018-05-08,8,5,2018,13,3,8,9,,2,0,Asphalt,1,1,1,35,4,2,2,5,0,0,0,0,true,false,false,false,false,false,false,false,false,false,false,false,false,false,false,false,false,false,false,false,false,false,-83.19759,42.34365,"{
  ""coordinates"": [
    -8.319759688647341e+01,
    4.234364798972440e+01
  ],
  ""type"": ""Point""
}","{
  ""coordinates"": [
    -83.197596886,
    42.34364799
  ],
  ""type"": ""Point""
}",-83.197596886,42.3436479900001