ObjectId,Crash ID,Primary Road,Intersecting Road,Crash Date,Day,Month,Year,Hour,Weekday,Crash Type Code,Highway Classification Code,Community Code,Jurisdiction Code,Lane Departure Type Code,Surface Type,Road Condition,Weather Condition,Lighting Condition,Speed Limit,Lanes,Units,Occupants,Most Severe Injury,Fatal Injuries,Suspected Serious Injuries,Suspected Minor Injuries,Possible Injuries,Property Damage Only,Secondary Crash,Traffic Control,Red Light Run,Hit and Run,Alcohol,Drugs,Unbelted Person,Work Zone,Speeding Driver,Distracted Driver,Driveway,Pedestrian,Elderly Driver,Young Driver,Commercial Vehicle,Emergency Vehicles,Train,School Bus,Motorcycle,Bicycle,Deer,Longitude,Latitude,geom,geog,x,y
21488,1368626,8 MILE,SCHOENHERR,2018-05-08,8,5,2018,7,3,5,3,,1,0,Asphalt,1,1,1,40,4,2,5,5,0,0,0,0,true,false,true,true,false,false,false,false,false,false,false,false,false,false,false,false,false,false,false,false,false,false,-82.9856,42.44928,"{
  ""coordinates"": [
    -8.298560487715550e+01,
    4.244928121265860e+01
  ],
  ""type"": ""Point""
}","{
  ""coordinates"": [
    -82.985604877,
    42.449281213
  ],
  ""type"": ""Point""
}",-82.985604877,42.4492812130001
21489,1371416,NEVADA,ST LOUIS,2018-05-08,8,5,2018,16,3,8,9,,4,0,Asphalt,1,1,1,35,2,2,5,3,0,0,1,0,false,false,false,false,false,false,false,false,false,false,false,false,false,false,true,false,false,false,false,false,false,false,-83.03973,42.42638,"{
  ""coordinates"": [
    -8.303972878792790e+01,
    4.242637936819090e+01
  ],
  ""type"": ""Point""
}","{
  ""coordinates"": [
    -83.039728788,
    42.426379368
  ],
  ""type"": ""Point""
}",-83.0397287879999,42.426379368
21490,1376726,8 MILE,ASHTON,2018-05-08,8,5,2018,22,3,5,3,,1,0,Asphalt,1,1,1,40,4,2,1,5,0,0,0,0,true,false,false,false,true,false,false,false,false,false,false,false,false,false,false,false,false,false,false,false,false,false,-83.22134,42.44414,"{
  ""coordinates"": [
    -8.322133569419350e+01,
    4.244414219300050e+01
  ],
  ""type"": ""Point""
}","{
  ""coordinates"": [
    -83.221335694,
    42.444142193
  ],
  ""type"": ""Point""
}",-83.2213356939999,42.4441421930001
21491,1368638,LIVERNOIS,NORFOLK,2018-05-08,8,5,2018,12,3,8,9,,4,0,Asphalt,1,1,1,30,6,2,1,5,0,0,0,0,true,false,false,false,true,false,false,false,false,false,false,false,false,false,false,false,false,false,false,false,false,false,-83.14182,42.44361,"{
  ""coordinates"": [
    -8.314181532331079e+01,
    4.244361152387350e+01
  ],
  ""type"": ""Point""
}","{
  ""coordinates"": [
    -83.141815323,
    42.443611524
  ],
  ""type"": ""Point""
}",-83.1418153229999,42.4436115240001
21492,1372351,SUNDERLAND,GROVE,2018-05-08,8,5,2018,11,3,4,9,,,0,,1,1,1,25,2,2,1,5,0,0,0,0,true,true,false,false,true,false,false,false,false,false,false,false,false,false,false,false,false,false,false,false,false,false,-83.22784,42.41359,"{
  ""coordinates"": [
    -8.322783680124471e+01,
    4.241359006026850e+01
  ],
  ""type"": ""Point""
}","{
  ""coordinates"": [
    -83.227836801,
    42.41359006
  ],
  ""type"": ""Point""
}",-83.227836801,42.41359006
21493,1369519,GRATIOT,SAINT ANTOINE,2018-05-08,8,5,2018,18,3,97,3,,1,0,Asphalt,1,1,1,30,3,2,1,3,0,0,1,0,false,false,false,false,false,false,false,false,false,false,false,false,true,false,false,false,false,false,false,false,false,false,-83.04278,42.3383,"{
  ""coordinates"": [
    -8.304277673130890e+01,
    4.233829891212140e+01
  ],
  ""type"": ""Point""
}","{
  ""coordinates"": [
    -83.042776731,
    42.338298912
  ],
  ""type"": ""Point""
}",-83.0427767309999,42.338298912
21494,1369529,FORT,VISGER,2018-05-08,8,5,2018,21,3,1,3,,1,1,Asphalt,1,1,4,40,3,1,0,5,0,0,0,0,true,false,false,false,true,false,false,false,false,false,false,false,false,false,false,false,false,false,false,false,false,false,-83.16225,42.26822,"{
  ""coordinates"": [
    -8.316225531114360e+01,
    4.226821520647230e+01
  ],
  ""type"": ""Point""
}","{
  ""coordinates"": [
    -83.162255311,
    42.268215206
  ],
  ""type"": ""Point""
}",-83.162255311,42.268215206
21495,1369570,MCNICHOLS,N I 75,2018-05-08,8,5,2018,21,3,5,9,,2,0,Asphalt,1,1,1,30,5,2,2,4,0,0,0,1,false,false,false,false,true,false,false,false,false,false,false,false,false,true,false,false,false,false,false,false,false,false,-83.0877,42.41824,"{
  ""coordinates"": [
    -8.308770200307350e+01,
    4.241823805338450e+01
  ],
  ""type"": ""Point""
}","{
  ""coordinates"": [
    -83.087702003,
    42.418238053
  ],
  ""type"": ""Point""
}",-83.0877020029999,42.418238053
21496,1370212,SOUTHFIELD,WARREN,2018-05-08,8,5,2018,16,3,5,3,,1,0,Asphalt,1,1,1,55,3,2,2,5,0,0,0,0,true,false,false,false,false,false,false,false,false,false,true,false,false,false,false,false,false,false,false,false,false,false,-83.21604,42.34339,"{
  ""coordinates"": [
    -8.321604527848770e+01,
    4.234339120587280e+01
  ],
  ""type"": ""Point""
}","{
  ""coordinates"": [
    -83.216045278,
    42.343391206
  ],
  ""type"": ""Point""
}",-83.216045278,42.343391206
21497,1368629,FAIRFIELD,FENKELL,2018-05-08,8,5,2018,15,3,8,9,,,0,,1,1,1,25,1,2,6,5,0,0,0,0,true,false,false,false,false,false,false,false,false,false,false,false,false,false,false,false,false,false,false,false,false,false,-83.13436,42.40224,"{
  ""coordinates"": [
    -8.313435820130640e+01,
    4.240224451233800e+01
  ],
  ""type"": ""Point""
}","{
  ""coordinates"": [
    -83.134358201,
    42.402244512
  ],
  ""type"": ""Point""
}",-83.1343582009999,42.402244512
21498,1368643,MCNICHOLS,PINEHURST,2018-05-08,8,5,2018,12,3,5,9,,2,0,Asphalt,1,1,1,35,4,2,2,5,0,0,0,0,true,false,false,false,false,false,false,false,false,false,false,false,false,false,false,false,false,false,false,false,false,false,-83.16673,42.41675,"{
  ""coordinates"": [
    -8.316673169883440e+01,
    4.241675031431620e+01
  ],
  ""type"": ""Point""
}","{
  ""coordinates"": [
    -83.166731699,
    42.416750314
  ],
  ""type"": ""Point""
}",-83.166731699,42.4167503140001
21499,1368628,BROADSTREET,BOSTON,2018-05-08,8,5,2018,23,3,5,9,,4,0,Asphalt,1,1,4,25,2,2,2,5,0,0,0,0,true,false,false,false,false,true,false,false,false,false,false,false,false,false,false,false,false,false,false,false,false,false,-83.12895,42.37165,"{
  ""coordinates"": [
    -8.312895047272011e+01,
    4.237165318441190e+01
  ],
  ""type"": ""Point""
}","{
  ""coordinates"": [
    -83.128950473,
    42.371653184
  ],
  ""type"": ""Point""
}",-83.128950473,42.371653184
21500,1369565,DWYER,MCNICHOLS,2018-05-08,8,5,2018,18,3,4,9,,,0,,1,1,1,25,1,2,1,4,0,0,0,1,false,false,false,false,false,false,false,false,false,false,false,false,false,false,false,false,false,false,false,false,false,false,-83.04066,42.41884,"{
  ""coordinates"": [
    -8.304065701676210e+01,
    4.241884243518660e+01
  ],
  ""type"": ""Point""
}","{
  ""coordinates"": [
    -83.040657017,
    42.418842435
  ],
  ""type"": ""Point""
}",-83.0406570169999,42.418842435
21501,1369523,S M 10,S I 75,2018-05-08,8,5,2018,7,3,5,3,,1,0,Concrete,1,1,1,70,4,2,2,5,0,0,0,0,true,false,false,false,false,false,false,false,false,false,false,false,false,false,false,false,false,false,false,false,false,false,-83.06469,42.33542,"{
  ""coordinates"": [
    -8.306469112531410e+01,
    4.233542017356640e+01
  ],
  ""type"": ""Point""
}","{
  ""coordinates"": [
    -83.064691125,
    42.335420174
  ],
  ""type"": ""Point""
}",-83.064691125,42.335420174
21502,1368594,W I 96,LIVERNOIS,2018-05-08,8,5,2018,8,3,5,1,,1,0,Asphalt,1,1,1,35,6,2,4,4,0,0,0,1,false,false,false,false,false,false,false,false,false,false,false,false,false,false,true,false,false,false,false,false,false,false,-83.13866,42.36736,"{
  ""coordinates"": [
    -8.313865841764409e+01,
    4.236736082919640e+01
  ],
  ""type"": ""Point""
}","{
  ""coordinates"": [
    -83.138658418,
    42.367360829
  ],
  ""type"": ""Point""
}",-83.138658418,42.3673608290001
21503,1371432,WHITFIELD,NORTHFIELD,2018-05-08,8,5,2018,22,3,4,9,,,0,,1,1,4,25,1,2,2,4,0,0,0,2,false,false,false,false,true,false,false,false,false,false,false,false,false,false,false,false,false,false,false,false,false,false,-83.13411,42.36235,"{
  ""coordinates"": [
    -8.313410746675650e+01,
    4.236235128015610e+01
  ],
  ""type"": ""Point""
}","{
  ""coordinates"": [
    -83.134107467,
    42.36235128
  ],
  ""type"": ""Point""
}",-83.134107467,42.36235128
21504,1373945,CONNER,WARREN,2018-05-08,8,5,2018,23,3,5,9,,4,0,Asphalt,1,1,4,30,2,2,1,5,0,0,0,0,true,false,false,false,true,false,false,false,false,false,false,false,false,false,false,true,false,false,false,false,false,false,-82.97609,42.38931,"{
  ""coordinates"": [
    -8.297608984909169e+01,
    4.238930526076920e+01
  ],
  ""type"": ""Point""
}","{
  ""coordinates"": [
    -82.976089849,
    42.389305261
  ],
  ""type"": ""Point""
}",-82.9760898489999,42.3893052610001
21505,1368641,GREENLAWN,MARGARETA,2018-05-08,8,5,2018,15,3,1,9,,,1,,1,1,1,25,1,1,1,3,0,0,1,0,false,false,false,false,false,false,false,false,false,false,false,false,false,false,false,false,false,false,false,true,false,false,-83.15175,42.42757,"{
  ""coordinates"": [
    -8.315174650111550e+01,
    4.242756924284550e+01
  ],
  ""type"": ""Point""
}","{
  ""coordinates"": [
    -83.151746501,
    42.427569243
  ],
  ""type"": ""Point""
}",-83.1517465009999,42.4275692430001
21506,1370240,W I 94,SCOTTEN,2018-05-08,8,5,2018,16,3,5,1,,1,0,Asphalt,1,1,1,55,3,2,4,5,0,0,0,0,true,false,false,false,false,false,false,false,false,false,false,false,false,false,true,false,false,false,false,false,false,false,-83.11098,42.34634,"{
  ""coordinates"": [
    -8.311098711211611e+01,
    4.234634414635760e+01
  ],
  ""type"": ""Point""
}","{
  ""coordinates"": [
    -83.110987112,
    42.346344146
  ],
  ""type"": ""Point""
}",-83.110987112,42.346344146
21507,1371368,MACK,BEAUBIEN,2018-05-08,8,5,2018,14,3,5,9,,4,0,Asphalt,1,1,1,35,3,2,4,5,0,0,0,0,true,false,true,true,false,false,false,false,false,false,false,false,false,true,false,false,false,false,false,false,false,false,-83.05251,42.34969,"{
  ""coordinates"": [
    -8.305250502071740e+01,
    4.234968823453010e+01
  ],
  ""type"": ""Point""
}","{
  ""coordinates"": [
    -83.052505021,
    42.349688235
  ],
  ""type"": ""Point""
}",-83.0525050209999,42.349688235
21508,1373933,MCNICHOLS,GREENVIEW,2018-05-08,8,5,2018,7,3,3,9,,2,0,Asphalt,1,1,1,45,2,2,2,5,0,0,0,0,true,false,true,true,false,false,false,false,false,false,false,false,false,true,false,false,false,false,false,false,false,false,-83.22439,42.41544,"{
  ""coordinates"": [
    -8.322439089458310e+01,
    4.241544335560530e+01
  ],
  ""type"": ""Point""
}","{
  ""coordinates"": [
    -83.224390895,
    42.415443356
  ],
  ""type"": ""Point""
}",-83.2243908949999,42.415443356
21509,1368632,8MILE,SHERWOOD,2018-05-08,8,5,2018,14,3,8,3,,1,0,Asphalt,1,1,1,40,4,2,1,5,0,0,0,0,true,false,false,false,false,false,false,false,false,false,false,false,false,false,false,false,false,false,false,false,false,false,-83.0348,42.44794,"{
  ""coordinates"": [
    -8.303479890982200e+01,
    4.244793540946760e+01
  ],
  ""type"": ""Point""
}","{
  ""coordinates"": [
    -83.03479891,
    42.447935409
  ],
  ""type"": ""Point""
}",-83.0347989099999,42.4479354090001
21510,1370232,W I 94,GRAND,2018-05-08,8,5,2018,16,3,5,1,,1,0,Asphalt,1,1,1,55,3,3,3,5,0,0,0,0,true,false,false,false,false,false,false,false,false,false,true,false,false,false,false,true,false,false,false,false,false,false,-83.1098,42.34684,"{
  ""coordinates"": [
    -8.310979845839350e+01,
    4.234684514730810e+01
  ],
  ""type"": ""Point""
}","{
  ""coordinates"": [
    -83.109798458,
    42.346845147
  ],
  ""type"": ""Point""
}",-83.1097984579999,42.3468451470001
21511,1370228,I-94,I-75,2018-05-08,8,5,2018,23,3,5,1,,1,0,Concrete,1,1,4,55,3,2,2,5,0,0,0,0,true,true,false,false,false,false,false,false,false,false,false,false,false,false,true,false,false,false,false,false,false,false,-83.0536,42.37143,"{
  ""coordinates"": [
    -8.305360015574411e+01,
    4.237143185479260e+01
  ],
  ""type"": ""Point""
}","{
  ""coordinates"": [
    -83.053600156,
    42.371431855
  ],
  ""type"": ""Point""
}",-83.053600156,42.371431855
21512,1367857,TELEGRAPH,GRAND RIVER,2018-05-08,8,5,2018,7,3,5,2,,1,0,Asphalt,1,1,1,45,4,2,2,5,0,0,0,0,true,false,false,false,false,false,false,false,false,false,false,false,false,false,false,false,false,false,false,false,false,false,-83.27737,42.42416,"{
  ""coordinates"": [
    -8.327736285880300e+01,
    4.242416285566450e+01
  ],
  ""type"": ""Point""
}","{
  ""coordinates"": [
    -83.277362859,
    42.424162856
  ],
  ""type"": ""Point""
}",-83.2773628589999,42.4241628560001
21513,1371399,DAVISON,DEAN,2018-05-08,8,5,2018,7,3,8,9,,4,0,Asphalt,1,1,1,30,5,2,3,5,0,0,0,0,true,false,false,false,false,false,false,false,false,false,false,false,false,false,false,true,false,false,false,false,false,false,-83.05972,42.41619,"{
  ""coordinates"": [
    -8.305971498030020e+01,
    4.241619383426850e+01
  ],
  ""type"": ""Point""
}","{
  ""coordinates"": [
    -83.05971498,
    42.416193834
  ],
  ""type"": ""Point""
}",-83.05971498,42.4161938340001
21514,1368612,LAFAYETTE,RADEMACHER,2018-05-08,8,5,2018,13,3,98,9,,4,0,Asphalt,1,1,1,,2,2,99,5,0,0,0,0,true,false,false,false,true,false,false,false,false,false,false,false,false,false,false,false,false,false,false,false,false,false,-83.109,42.30696,"{
  ""coordinates"": [
    -8.310900203024370e+01,
    4.230696240269890e+01
  ],
  ""type"": ""Point""
}","{
  ""coordinates"": [
    -83.10900203,
    42.306962403
  ],
  ""type"": ""Point""
}",-83.1090020299999,42.3069624030001
21515,1528476,WOODWARD,WOODWARD,2018-05-07,7,5,2018,21,2,1,9,,4,0,Brick,1,1,4,35,3,2,5,5,0,0,0,0,true,false,false,false,true,false,false,false,false,false,false,false,false,false,false,false,false,true,false,false,false,false,-83.0462,42.33125,"{
  ""coordinates"": [
    -8.304620568940730e+01,
    4.233124377217050e+01
  ],
  ""type"": ""Point""
}","{
  ""coordinates"": [
    -83.046205689,
    42.331243772
  ],
  ""type"": ""Point""
}",-83.046205689,42.3312437720001
21516,1418389,MOROSS,KELLY,2018-05-07,7,5,2018,13,2,4,9,,2,0,Asphalt,1,1,4,30,4,2,4,4,0,0,0,1,false,false,false,false,false,false,false,false,false,false,false,false,false,false,true,false,false,false,false,false,false,false,-82.95319,42.4344,"{
  ""coordinates"": [
    -8.295319237051361e+01,
    4.243440404207980e+01
  ],
  ""type"": ""Point""
}","{
  ""coordinates"": [
    -82.953192371,
    42.434404042
  ],
  ""type"": ""Point""
}",-82.9531923709999,42.434404042
21517,1482165,OUTER,VASSAR/OUTER CUTOFF,2018-05-07,7,5,2018,17,2,4,9,,2,0,Asphalt,1,1,1,,7,2,2,5,0,0,0,0,true,false,false,false,false,false,false,false,false,false,false,false,false,false,false,false,false,false,false,false,false,false,-83.17587,42.43393,"{
  ""coordinates"": [
    -8.317586282181669e+01,
    4.243393096799560e+01
  ],
  ""type"": ""Point""
}","{
  ""coordinates"": [
    -83.175862822,
    42.433930968
  ],
  ""type"": ""Point""
}",-83.1758628219999,42.433930968
21518,1447013,MANSFIELD,KEELER,2018-05-07,7,5,2018,8,2,1,9,,,1,,1,1,1,25,2,1,1,5,0,0,0,0,true,true,false,false,true,false,false,false,false,false,false,false,false,false,false,false,false,false,false,false,false,false,-83.20524,42.40275,"{
  ""coordinates"": [
    -8.320523573680200e+01,
    4.240274933337300e+01
  ],
  ""type"": ""Point""
}","{
  ""coordinates"": [
    -83.205235737,
    42.402749333
  ],
  ""type"": ""Point""
}",-83.205235737,42.402749333
21519,1404767,LIVERNOIS,W I 96 SERVICE DRIVE,2018-05-07,7,5,2018,22,2,4,9,,4,0,Concrete,1,1,4,30,2,2,1,4,0,0,0,1,false,false,false,false,false,false,false,false,false,false,false,false,false,false,false,false,false,false,false,false,false,false,-83.13876,42.36777,"{
  ""coordinates"": [
    -8.313876699293340e+01,
    4.236777011604550e+01
  ],
  ""type"": ""Point""
}","{
  ""coordinates"": [
    -83.138766993,
    42.367770116
  ],
  ""type"": ""Point""
}",-83.138766993,42.367770116
21520,1393255,CHANDLER PARK,KENSINGTON,2018-05-07,7,5,2018,23,2,5,9,,2,0,Asphalt,1,1,4,30,3,2,0,5,0,0,0,0,true,true,false,false,true,false,false,false,false,false,false,false,false,false,false,false,false,false,false,false,false,false,-82.93914,42.40891,"{
  ""coordinates"": [
    -8.293913759981480e+01,
    4.240890601623120e+01
  ],
  ""type"": ""Point""
}","{
  ""coordinates"": [
    -82.9391376,
    42.408906016
  ],
  ""type"": ""Point""
}",-82.9391376,42.4089060160001
21521,1418284,RAMP 213N,MCGRAW,2018-05-07,7,5,2018,7,2,8,1,,1,0,Asphalt,1,1,1,55,2,2,2,5,0,0,0,0,true,false,false,false,false,false,false,false,false,false,false,false,false,false,false,true,false,false,false,false,false,false,-83.10234,42.35224,"{
  ""coordinates"": [
    -8.310234173060439e+01,
    4.235223678426070e+01
  ],
  ""type"": ""Point""
}","{
  ""coordinates"": [
    -83.102341731,
    42.352236784
  ],
  ""type"": ""Point""
}",-83.102341731,42.3522367840001
21522,1464829,ROSA PARKS,N I 75 SERVICE DRIVE,2018-05-07,7,5,2018,8,2,4,9,,4,0,Asphalt,1,1,1,30,3,2,1,5,0,0,0,0,true,false,true,true,true,false,false,false,false,false,false,false,false,true,false,false,false,false,false,false,false,false,-83.0728,42.33281,"{
  ""coordinates"": [
    -8.307280008563281e+01,
    4.233281119583190e+01
  ],
  ""type"": ""Point""
}","{
  ""coordinates"": [
    -83.072800086,
    42.332811196
  ],
  ""type"": ""Point""
}",-83.072800086,42.3328111960001
21523,1428751,CIRCLE,S M 39,2018-05-07,7,5,2018,9,2,4,3,,1,0,Asphalt,1,1,1,25,4,2,2,5,0,0,0,0,true,false,true,true,false,false,false,false,false,false,false,false,false,true,false,false,false,false,false,false,false,false,-83.21976,42.44334,"{
  ""coordinates"": [
    -8.321975876549740e+01,
    4.244333608104010e+01
  ],
  ""type"": ""Point""
}","{
  ""coordinates"": [
    -83.219758765,
    42.443336081
  ],
  ""type"": ""Point""
}",-83.2197587649999,42.443336081
21524,1369562,MACK,BEAUFAIT,2018-05-07,7,5,2018,14,2,10,9,,4,0,Asphalt,1,1,1,25,1,2,1,5,0,0,0,0,true,false,false,false,false,false,false,false,true,false,false,false,false,false,false,true,false,false,false,false,false,false,-83.01917,42.36219,"{
  ""coordinates"": [
    -8.301916130707750e+01,
    4.236218465604750e+01
  ],
  ""type"": ""Point""
}","{
  ""coordinates"": [
    -83.019161307,
    42.362184656
  ],
  ""type"": ""Point""
}",-83.019161307,42.3621846560001
21525,1373096,KERCHEVAL,HURLBUT,2018-05-07,7,5,2018,8,2,5,9,,4,0,Asphalt,1,1,1,30,3,2,2,5,0,0,0,0,true,false,false,false,false,false,false,false,false,false,false,false,false,false,false,false,false,false,false,false,false,false,-82.98316,42.36503,"{
  ""coordinates"": [
    -8.298316361736440e+01,
    4.236502875110930e+01
  ],
  ""type"": ""Point""
}","{
  ""coordinates"": [
    -82.983163617,
    42.365028751
  ],
  ""type"": ""Point""
}",-82.9831636169999,42.3650287510001
21526,1375514,W I 94,GRAND,2018-05-07,7,5,2018,8,2,5,1,,1,0,Asphalt,1,1,1,55,3,2,3,5,0,0,0,0,true,false,false,false,false,false,false,false,false,false,false,false,false,false,false,false,false,false,false,false,false,false,-83.10798,42.34745,"{
  ""coordinates"": [
    -8.310798259037210e+01,
    4.234745057773120e+01
  ],
  ""type"": ""Point""
}","{
  ""coordinates"": [
    -83.10798259,
    42.347450578
  ],
  ""type"": ""Point""
}",-83.1079825899999,42.3474505780001
21527,1368637,MCNICHOLS,SAN JUAN,2018-05-07,7,5,2018,19,2,5,9,,4,0,Asphalt,1,1,1,,2,2,5,4,0,0,0,2,false,false,false,false,true,false,false,false,false,false,false,false,false,false,false,false,false,false,false,false,false,false,-83.14628,42.41713,"{
  ""coordinates"": [
    -8.314628106811490e+01,
    4.241712998367230e+01
  ],
  ""type"": ""Point""
}","{
  ""coordinates"": [
    -83.146281068,
    42.417129984
  ],
  ""type"": ""Point""
}",-83.146281068,42.417129984
21528,1367879,MOUND,7 MILE,2018-05-07,7,5,2018,13,2,98,9,,2,0,Asphalt,1,1,1,35,3,2,2,2,0,2,0,0,false,false,false,false,true,false,false,false,false,false,false,false,false,false,false,false,false,false,false,false,false,false,-83.0438,42.43316,"{
  ""coordinates"": [
    -8.304380375175050e+01,
    4.243315907167320e+01
  ],
  ""type"": ""Point""
}","{
  ""coordinates"": [
    -83.043803752,
    42.433159072
  ],
  ""type"": ""Point""
}",-83.043803752,42.4331590720001
21529,1368636,OUTER,LAPPIN,2018-05-07,7,5,2018,17,2,4,9,,2,0,Concrete,1,1,1,35,2,2,2,5,0,0,0,0,true,false,false,false,false,false,false,false,false,false,false,false,false,false,false,false,false,false,false,false,false,false,-83.01457,42.43598,"{
  ""coordinates"": [
    -8.301457573516430e+01,
    4.243598251074680e+01
  ],
  ""type"": ""Point""
}","{
  ""coordinates"": [
    -83.014575735,
    42.435982511
  ],
  ""type"": ""Point""
}",-83.0145757349999,42.4359825110001
21530,1375560,SPRINGFIELD,SHOEMAKER,2018-05-07,7,5,2018,17,2,1,9,,,1,,1,1,1,25,2,1,1,4,0,0,0,1,false,false,false,false,false,false,false,false,false,false,false,true,false,false,false,false,false,false,false,false,false,false,-82.99097,42.39066,"{
  ""coordinates"": [
    -8.299096916243870e+01,
    4.239065917268620e+01
  ],
  ""type"": ""Point""
}","{
  ""coordinates"": [
    -82.990969162,
    42.390659173
  ],
  ""type"": ""Point""
}",-82.9909691619999,42.3906591730001
21531,1374708,FRENCH,WARREN,2018-05-07,7,5,2018,18,2,8,9,,4,0,Asphalt,1,1,1,30,7,2,1,5,0,0,0,0,true,false,false,false,false,false,false,false,false,false,false,false,false,false,false,false,true,false,false,false,false,false,-82.99065,42.38489,"{
  ""coordinates"": [
    -8.299065472162241e+01,
    4.238489188526080e+01
  ],
  ""type"": ""Point""
}","{
  ""coordinates"": [
    -82.990654722,
    42.384891885
  ],
  ""type"": ""Point""
}",-82.990654722,42.3848918850001
21532,1367840,SOUTHFIELD SERVICE DRIVE,8 MILE,2018-05-07,7,5,2018,9,2,8,3,,5,0,Asphalt,1,1,1,25,2,2,2,5,0,0,0,0,true,false,false,false,true,false,false,false,false,false,false,false,false,false,false,true,false,false,false,false,false,false,-83.21928,42.44414,"{
  ""coordinates"": [
    -8.321927608110740e+01,
    4.244414144501520e+01
  ],
  ""type"": ""Point""
}","{
  ""coordinates"": [
    -83.219276081,
    42.444141445
  ],
  ""type"": ""Point""
}",-83.219276081,42.4441414450001
21533,1369563,HARPER,WOODHALL,2018-05-07,7,5,2018,8,2,8,9,,4,0,Asphalt,1,1,1,30,2,2,2,5,0,0,0,0,true,false,false,false,false,false,false,false,false,false,false,false,false,false,false,false,false,false,false,false,false,false,-82.9334,42.41827,"{
  ""coordinates"": [
    -8.293340487651520e+01,
    4.241827009977110e+01
  ],
  ""type"": ""Point""
}","{
  ""coordinates"": [
    -82.933404877,
    42.4182701
  ],
  ""type"": ""Point""
}",-82.933404877,42.4182701
21534,1375536,I-94,WOODWARD,2018-05-07,7,5,2018,15,2,5,1,,1,0,Asphalt,1,1,1,55,3,2,5,4,0,0,0,2,false,false,false,false,false,false,false,false,false,false,true,false,false,false,false,false,false,false,false,false,false,false,-83.06862,42.36391,"{
  ""coordinates"": [
    -8.306861867833750e+01,
    4.236390881363880e+01
  ],
  ""type"": ""Point""
}","{
  ""coordinates"": [
    -83.068618678,
    42.363908814
  ],
  ""type"": ""Point""
}",-83.068618678,42.3639088140001
21535,1367881,HUMPHREY,HOLMUR,2018-05-07,7,5,2018,11,2,4,9,,,0,,1,1,1,25,1,2,3,4,0,0,0,3,false,false,true,false,false,false,false,false,false,false,false,false,false,false,false,false,false,false,false,false,false,false,-83.12579,42.37731,"{
  ""coordinates"": [
    -8.312579231377789e+01,
    4.237731318977250e+01
  ],
  ""type"": ""Point""
}","{
  ""coordinates"": [
    -83.125792314,
    42.37731319
  ],
  ""type"": ""Point""
}",-83.125792314,42.3773131900001
21536,1368630,MODERN,DEQUINDRE,2018-05-07,7,5,2018,12,2,5,9,,,0,,1,1,1,,1,2,1,5,0,0,0,0,true,true,false,false,true,false,false,false,false,false,true,false,false,false,false,false,false,false,false,false,false,false,-83.08029,42.41493,"{
  ""coordinates"": [
    -8.308028926022250e+01,
    4.241493197670460e+01
  ],
  ""type"": ""Point""
}","{
  ""coordinates"": [
    -83.08028926,
    42.414931977
  ],
  ""type"": ""Point""
}",-83.08028926,42.414931977
21537,1368588,W I 94,MOROSS,2018-05-07,7,5,2018,22,2,5,1,,1,0,Asphalt,1,1,4,55,3,3,3,3,0,0,1,0,false,false,false,false,false,false,false,false,false,false,false,false,false,false,false,false,false,false,false,true,false,false,-82.92876,42.42464,"{
  ""coordinates"": [
    -8.292876367504330e+01,
    4.242463950625560e+01
  ],
  ""type"": ""Point""
}","{
  ""coordinates"": [
    -82.928763675,
    42.424639506
  ],
  ""type"": ""Point""
}",-82.928763675,42.4246395060001
21538,1368627,WILDEMERE,CLEMENTS,2018-05-07,7,5,2018,14,2,4,9,,,0,,1,1,1,25,4,2,4,5,0,0,0,0,true,false,true,false,false,false,false,false,false,false,false,false,false,false,false,false,false,false,false,false,false,false,-83.12801,42.39184,"{
  ""coordinates"": [
    -8.312800469980110e+01,
    4.239184057557970e+01
  ],
  ""type"": ""Point""
}","{
  ""coordinates"": [
    -83.1280047,
    42.391840576
  ],
  ""type"": ""Point""
}",-83.1280047,42.391840576
21539,1367858,STRATHMOOR,OUTER,2018-05-07,7,5,2018,5,2,98,9,,,3,,1,1,4,25,5,2,0,5,0,0,0,0,true,false,false,false,true,false,false,false,false,false,false,true,false,false,false,false,false,false,false,false,false,false,-83.18851,42.41941,"{
  ""coordinates"": [
    -8.318851294034189e+01,
    4.241940946342220e+01
  ],
  ""type"": ""Point""
}","{
  ""coordinates"": [
    -83.18851294,
    42.419409463
  ],
  ""type"": ""Point""
}",-83.18851294,42.4194094630001
21540,1368595,CHICAGO,SCHAEFER,2018-05-07,7,5,2018,14,2,97,9,,4,0,Asphalt,1,1,1,35,4,3,5,4,0,0,0,1,false,false,false,false,false,false,false,false,false,false,false,false,false,false,false,false,false,false,false,false,false,false,-83.17777,42.36579,"{
  ""coordinates"": [
    -8.317777163059060e+01,
    4.236579179352990e+01
  ],
  ""type"": ""Point""
}","{
  ""coordinates"": [
    -83.177771631,
    42.365791794
  ],
  ""type"": ""Point""
}",-83.177771631,42.3657917940001
21541,1375505,DAVISON,CANADIAN NATIONAL RAILWAY,2018-05-07,7,5,2018,19,2,1,9,,4,1,Concrete,1,1,1,55,3,1,1,4,0,0,0,1,false,false,false,false,false,false,false,false,false,true,false,false,false,true,false,false,false,false,false,false,false,false,-83.0814,42.4086,"{
  ""coordinates"": [
    -8.308139574570050e+01,
    4.240860206463190e+01
  ],
  ""type"": ""Point""
}","{
  ""coordinates"": [
    -83.081395746,
    42.408602065
  ],
  ""type"": ""Point""
}",-83.0813957459999,42.408602065