ObjectId,Crash ID,Primary Road,Intersecting Road,Crash Date,Day,Month,Year,Hour,Weekday,Crash Type Code,Highway Classification Code,Community Code,Jurisdiction Code,Lane Departure Type Code,Surface Type,Road Condition,Weather Condition,Lighting Condition,Speed Limit,Lanes,Units,Occupants,Most Severe Injury,Fatal Injuries,Suspected Serious Injuries,Suspected Minor Injuries,Possible Injuries,Property Damage Only,Secondary Crash,Traffic Control,Red Light Run,Hit and Run,Alcohol,Drugs,Unbelted Person,Work Zone,Speeding Driver,Distracted Driver,Driveway,Pedestrian,Elderly Driver,Young Driver,Commercial Vehicle,Emergency Vehicles,Train,School Bus,Motorcycle,Bicycle,Deer,Longitude,Latitude,geom,geog,x,y
21597,1365902,FREELAND,THATCHER,2018-05-06,6,5,2018,1,1,97,9,,,0,,1,1,5,25,2,2,2,5,0,0,0,0,true,false,false,false,true,false,false,false,false,false,false,true,false,false,false,false,false,false,false,false,false,false,-83.18617,42.42159,"{
  ""coordinates"": [
    -8.318616874724800e+01,
    4.242158483693380e+01
  ],
  ""type"": ""Point""
}","{
  ""coordinates"": [
    -83.186168747,
    42.421584837
  ],
  ""type"": ""Point""
}",-83.186168747,42.4215848370001
21598,1365782,MEYERS,CAPITOL,2018-05-06,6,5,2018,3,1,8,9,,4,0,Asphalt,1,1,4,25,2,3,3,5,0,0,0,0,true,false,false,false,true,false,false,false,false,false,false,false,false,false,false,false,false,false,false,false,false,false,-83.16831,42.37763,"{
  ""coordinates"": [
    -8.316831382908970e+01,
    4.237762682390580e+01
  ],
  ""type"": ""Point""
}","{
  ""coordinates"": [
    -83.168313829,
    42.377626824
  ],
  ""type"": ""Point""
}",-83.1683138289999,42.3776268240001
21599,1367837,ROSEMONT,EATON,2018-05-06,6,5,2018,4,1,5,9,,,0,,1,1,5,25,2,2,0,5,0,0,0,0,true,false,false,false,true,false,false,false,false,false,false,false,false,false,false,false,false,false,false,false,false,false,-83.22034,42.39698,"{
  ""coordinates"": [
    -8.322033928295430e+01,
    4.239697505631520e+01
  ],
  ""type"": ""Point""
}","{
  ""coordinates"": [
    -83.220339283,
    42.396975056
  ],
  ""type"": ""Point""
}",-83.220339283,42.396975056
21600,1367823,SHARON,VERNOR,2018-05-06,6,5,2018,21,1,10,9,,,0,,1,2,4,25,1,2,5,5,0,0,0,0,true,false,false,false,true,false,false,false,false,false,false,false,false,false,false,false,false,false,false,false,false,false,-83.13491,42.30784,"{
  ""coordinates"": [
    -8.313491400475120e+01,
    4.230784189466710e+01
  ],
  ""type"": ""Point""
}","{
  ""coordinates"": [
    -83.134914005,
    42.307841895
  ],
  ""type"": ""Point""
}",-83.134914005,42.3078418950001
21601,1367877,8 MILE,RIOPELLE,2018-05-06,6,5,2018,19,1,4,3,,1,0,Asphalt,1,1,1,40,5,2,3,3,0,0,1,0,false,false,false,false,true,false,false,false,false,false,false,false,false,false,false,false,false,false,false,false,false,false,-83.08679,42.44694,"{
  ""coordinates"": [
    -8.308679433198991e+01,
    4.244694149222570e+01
  ],
  ""type"": ""Point""
}","{
  ""coordinates"": [
    -83.086794332,
    42.446941492
  ],
  ""type"": ""Point""
}",-83.086794332,42.4469414920001
21602,1367079,CONANT,DAVISON,2018-05-06,6,5,2018,12,1,8,3,,4,0,Asphalt,1,1,1,,1,2,1,5,0,0,0,0,true,true,false,false,true,false,false,false,false,false,false,false,false,true,false,false,false,false,false,false,false,false,-83.06133,42.41528,"{
  ""coordinates"": [
    -8.306132420635370e+01,
    4.241528130222260e+01
  ],
  ""type"": ""Point""
}","{
  ""coordinates"": [
    -83.061324206,
    42.415281302
  ],
  ""type"": ""Point""
}",-83.0613242059999,42.415281302
21603,1367073,OUTER,SHERWOOD,2018-05-06,6,5,2018,1,1,4,9,,2,0,Asphalt,1,1,4,35,4,2,3,4,0,0,0,1,false,false,false,false,false,false,false,false,false,false,false,false,false,false,false,false,false,false,false,false,false,false,-83.03429,42.44094,"{
  ""coordinates"": [
    -8.303429109229960e+01,
    4.244093581012190e+01
  ],
  ""type"": ""Point""
}","{
  ""coordinates"": [
    -83.034291092,
    42.44093581
  ],
  ""type"": ""Point""
}",-83.034291092,42.44093581
21604,1367033,M-39,GRAND RIVER,2018-05-06,6,5,2018,0,1,8,3,,1,0,Asphalt,1,1,4,55,3,2,1,5,0,0,0,0,true,false,false,false,true,false,false,false,false,false,false,false,false,false,false,false,false,false,false,false,false,false,-83.2182,42.40122,"{
  ""coordinates"": [
    -8.321820215482900e+01,
    4.240122217798920e+01
  ],
  ""type"": ""Point""
}","{
  ""coordinates"": [
    -83.218202155,
    42.401222178
  ],
  ""type"": ""Point""
}",-83.218202155,42.4012221780001
21605,1367821,GRAND,ASH,2018-05-06,6,5,2018,20,1,8,9,,4,0,Asphalt,1,2,3,25,2,2,3,5,0,0,0,0,true,false,false,false,true,false,false,false,false,false,false,false,false,false,false,false,false,false,false,false,false,false,-83.09555,42.3322,"{
  ""coordinates"": [
    -8.309555296230010e+01,
    4.233220450954600e+01
  ],
  ""type"": ""Point""
}","{
  ""coordinates"": [
    -83.095552962,
    42.33220451
  ],
  ""type"": ""Point""
}",-83.0955529619999,42.3322045100001
21606,1367045,FENKELL,GILCHRIST,2018-05-06,6,5,2018,8,1,5,9,,2,0,Asphalt,1,1,1,30,2,2,5,4,0,0,0,1,false,false,false,false,false,false,false,false,false,false,false,false,false,false,false,false,false,false,false,false,false,false,-83.21146,42.40123,"{
  ""coordinates"": [
    -8.321146277673949e+01,
    4.240123195481220e+01
  ],
  ""type"": ""Point""
}","{
  ""coordinates"": [
    -83.211462777,
    42.401231955
  ],
  ""type"": ""Point""
}",-83.211462777,42.4012319550001
21607,1367833,VASSAR,PATTON,2018-05-06,6,5,2018,23,1,4,9,,,0,,1,1,4,25,2,2,3,4,0,0,0,3,false,false,false,false,false,false,false,false,false,false,false,false,false,false,false,false,true,false,false,false,false,false,-83.24532,42.43302,"{
  ""coordinates"": [
    -8.324531573899340e+01,
    4.243301819725460e+01
  ],
  ""type"": ""Point""
}","{
  ""coordinates"": [
    -83.245315739,
    42.433018197
  ],
  ""type"": ""Point""
}",-83.245315739,42.4330181970001
21608,1421491,N M 39,OUTER,2018-05-06,6,5,2018,19,1,8,3,,1,0,Concrete,1,2,3,,2,2,5,5,0,0,0,0,true,false,false,false,true,false,false,false,false,false,false,false,false,false,false,false,false,false,false,false,false,false,-83.21883,42.4192,"{
  ""coordinates"": [
    -8.321882449599110e+01,
    4.241919681456930e+01
  ],
  ""type"": ""Point""
}","{
  ""coordinates"": [
    -83.218824496,
    42.419196815
  ],
  ""type"": ""Point""
}",-83.218824496,42.4191968150001
21609,1369573,PARKSIDE,PURITAN,2018-05-06,6,5,2018,7,1,2,9,,,0,,98,98,98,25,2,2,0,5,0,0,0,0,true,false,false,false,true,false,false,false,false,false,true,true,false,false,false,false,false,false,false,false,false,false,-83.13132,42.41012,"{
  ""coordinates"": [
    -8.313131745398010e+01,
    4.241012017616530e+01
  ],
  ""type"": ""Point""
}","{
  ""coordinates"": [
    -83.131317454,
    42.410120176
  ],
  ""type"": ""Point""
}",-83.1313174539999,42.4101201760001
21610,1365807,VINEWOOD,RISDEN,2018-05-06,6,5,2018,3,1,2,9,,4,2,Concrete,1,1,4,30,2,2,1,3,0,0,1,0,false,false,false,false,false,false,false,false,false,true,false,false,false,false,false,false,false,false,false,false,false,false,-83.09556,42.32954,"{
  ""coordinates"": [
    -8.309555465549620e+01,
    4.232954135708780e+01
  ],
  ""type"": ""Point""
}","{
  ""coordinates"": [
    -83.095554655,
    42.329541357
  ],
  ""type"": ""Point""
}",-83.0955546549999,42.329541357
21611,1367848,MCNICHOLS,SUNDERLAND,2018-05-06,6,5,2018,16,1,3,9,,2,0,Asphalt,1,2,1,,4,2,3,5,0,0,0,0,true,false,false,false,false,false,false,false,false,false,false,false,false,false,false,false,false,false,false,false,false,false,-83.22797,42.41537,"{
  ""coordinates"": [
    -8.322796865677850e+01,
    4.241537097479570e+01
  ],
  ""type"": ""Point""
}","{
  ""coordinates"": [
    -83.227968657,
    42.415370975
  ],
  ""type"": ""Point""
}",-83.227968657,42.415370975
21612,1367044,WETHERBY,FLOYD,2018-05-06,6,5,2018,15,1,8,9,,,0,,2,4,1,,1,2,2,5,0,0,0,0,true,false,false,false,false,false,false,false,false,false,false,false,false,false,false,false,false,false,false,false,false,false,-83.13957,42.34581,"{
  ""coordinates"": [
    -8.313956864693630e+01,
    4.234581486196950e+01
  ],
  ""type"": ""Point""
}","{
  ""coordinates"": [
    -83.139568647,
    42.345814862
  ],
  ""type"": ""Point""
}",-83.139568647,42.3458148620001
21613,1367047,EVERGREEN,SCHOOLCRAFT,2018-05-06,6,5,2018,15,1,4,9,,4,0,Asphalt,2,4,4,35,4,2,1,5,0,0,0,0,true,false,false,false,true,false,false,false,false,false,false,false,false,true,false,false,false,false,false,false,false,false,-83.23685,42.38623,"{
  ""coordinates"": [
    -8.323684991123289e+01,
    4.238622707355680e+01
  ],
  ""type"": ""Point""
}","{
  ""coordinates"": [
    -83.236849911,
    42.386227074
  ],
  ""type"": ""Point""
}",-83.236849911,42.386227074
21614,1370225,E I 96,FULLERTON,2018-05-06,6,5,2018,22,1,1,1,,1,1,Concrete,1,1,4,55,3,1,1,5,0,0,0,0,true,false,false,false,false,false,false,false,false,false,false,false,false,false,true,false,false,false,false,false,false,false,-83.18914,42.38012,"{
  ""coordinates"": [
    -8.318913894368760e+01,
    4.238012194797440e+01
  ],
  ""type"": ""Point""
}","{
  ""coordinates"": [
    -83.189138944,
    42.380121948
  ],
  ""type"": ""Point""
}",-83.189138944,42.3801219480001
21615,1370287,CASS,YORK,2018-05-06,6,5,2018,7,1,8,9,,4,3,Asphalt,1,1,2,25,2,2,0,5,0,0,0,0,true,false,false,false,false,false,false,false,false,false,false,false,false,false,false,false,false,false,false,false,false,false,-83.07133,42.36418,"{
  ""coordinates"": [
    -8.307133799270250e+01,
    4.236418102995790e+01
  ],
  ""type"": ""Point""
}","{
  ""coordinates"": [
    -83.071337993,
    42.36418103
  ],
  ""type"": ""Point""
}",-83.071337993,42.3641810300001
21616,1370222,I-94,DICKERSON,2018-05-06,6,5,2018,11,1,8,1,,1,0,Asphalt,1,1,1,55,3,3,4,4,0,0,0,2,false,false,false,false,false,false,false,false,false,false,true,false,false,true,true,false,false,false,false,false,false,false,-82.97258,42.40172,"{
  ""coordinates"": [
    -8.297257851057610e+01,
    4.240172056889840e+01
  ],
  ""type"": ""Point""
}","{
  ""coordinates"": [
    -82.972578511,
    42.401720569
  ],
  ""type"": ""Point""
}",-82.9725785109999,42.4017205690001
21617,1368592,M-10,DAVISON,2018-05-06,6,5,2018,2,1,5,3,,1,0,Concrete,1,1,4,55,3,2,2,2,0,1,0,0,false,false,false,false,false,false,false,false,false,false,false,false,false,false,false,false,false,false,false,false,false,false,-83.11421,42.40054,"{
  ""coordinates"": [
    -8.311421044379451e+01,
    4.240053872120200e+01
  ],
  ""type"": ""Point""
}","{
  ""coordinates"": [
    -83.114210444,
    42.400538721
  ],
  ""type"": ""Point""
}",-83.114210444,42.400538721
21618,1367067,DUPREY,MOROSS,2018-05-06,6,5,2018,19,1,4,9,,,0,,2,1,1,35,4,2,2,5,0,0,0,0,true,false,false,false,false,false,false,false,false,false,false,false,false,false,false,false,false,false,false,false,false,false,-82.93321,42.42663,"{
  ""coordinates"": [
    -8.293321162999560e+01,
    4.242662952841930e+01
  ],
  ""type"": ""Point""
}","{
  ""coordinates"": [
    -82.93321163,
    42.426629528
  ],
  ""type"": ""Point""
}",-82.93321163,42.426629528
21619,1367842,8 MILE,SOUTHFIELD SERVICE,2018-05-06,6,5,2018,16,1,5,3,,1,0,Concrete,1,2,1,45,4,4,8,3,0,0,1,0,false,false,false,false,false,false,false,false,false,true,false,false,false,false,false,false,false,false,false,false,false,false,-83.21987,42.44417,"{
  ""coordinates"": [
    -8.321986859709720e+01,
    4.244417004732630e+01
  ],
  ""type"": ""Point""
}","{
  ""coordinates"": [
    -83.219868597,
    42.444170047
  ],
  ""type"": ""Point""
}",-83.219868597,42.4441700470001
21620,1365899,FENKELL,DEXTER,2018-05-06,6,5,2018,3,1,4,9,,4,0,Asphalt,1,1,5,30,4,2,2,4,0,0,0,1,false,false,false,false,false,false,false,false,false,false,false,false,false,false,false,false,false,false,false,false,false,false,-83.13558,42.40277,"{
  ""coordinates"": [
    -8.313558312258070e+01,
    4.240276979760620e+01
  ],
  ""type"": ""Point""
}","{
  ""coordinates"": [
    -83.135583123,
    42.402769798
  ],
  ""type"": ""Point""
}",-83.1355831229999,42.4027697980001
21621,1367048,MONTE VISTA,FULLERTON,2018-05-06,6,5,2018,11,1,4,9,,,0,,1,1,1,25,2,2,1,5,0,0,0,0,true,false,false,false,false,false,false,true,false,false,false,false,false,true,false,false,false,false,false,false,false,false,-83.1663,42.38056,"{
  ""coordinates"": [
    -8.316629643384110e+01,
    4.238056000315080e+01
  ],
  ""type"": ""Point""
}","{
  ""coordinates"": [
    -83.166296434,
    42.380560003
  ],
  ""type"": ""Point""
}",-83.1662964339999,42.380560003
21622,1369543,PLYMOUTH,EVERGREEN,2018-05-06,6,5,2018,0,1,5,9,,4,0,Asphalt,1,1,4,35,4,2,1,5,0,0,0,0,true,false,false,false,false,false,false,false,false,false,false,false,false,false,false,false,false,false,false,false,false,false,-83.23637,42.37189,"{
  ""coordinates"": [
    -8.323636336742480e+01,
    4.237188961196630e+01
  ],
  ""type"": ""Point""
}","{
  ""coordinates"": [
    -83.236363367,
    42.371889612
  ],
  ""type"": ""Point""
}",-83.236363367,42.3718896120001
21623,1370264,SOMERSET,YORKSHIRE,2018-05-06,6,5,2018,1,1,10,9,,,0,,1,1,4,25,1,2,1,5,0,0,0,0,true,false,false,false,false,false,false,false,false,false,false,true,false,false,false,false,false,false,false,false,false,false,-82.94823,42.41771,"{
  ""coordinates"": [
    -8.294823299647750e+01,
    4.241770918105000e+01
  ],
  ""type"": ""Point""
}","{
  ""coordinates"": [
    -82.948232996,
    42.417709181
  ],
  ""type"": ""Point""
}",-82.9482329959999,42.4177091810001
21624,1368608,MACK,VAN DYKE,2018-05-06,6,5,2018,16,1,5,9,,4,0,Asphalt,2,2,1,35,1,2,2,5,0,0,0,0,true,false,false,false,true,false,false,false,false,false,false,false,false,false,false,false,false,false,false,false,false,false,-83.0061,42.36698,"{
  ""coordinates"": [
    -8.300610609803449e+01,
    4.236697828657440e+01
  ],
  ""type"": ""Point""
}","{
  ""coordinates"": [
    -83.006106098,
    42.366978287
  ],
  ""type"": ""Point""
}",-83.006106098,42.3669782870001
21625,1368633,MOUND,7 MILE,2018-05-06,6,5,2018,2,1,4,9,,2,0,Asphalt,1,1,4,,3,2,1,5,0,0,0,0,true,true,true,true,true,false,false,false,false,false,false,false,false,false,false,false,false,false,false,false,false,false,-83.04337,42.4333,"{
  ""coordinates"": [
    -8.304337510321930e+01,
    4.243329680188040e+01
  ],
  ""type"": ""Point""
}","{
  ""coordinates"": [
    -83.043375103,
    42.433296802
  ],
  ""type"": ""Point""
}",-83.043375103,42.433296802
21626,1368591,M-10,DAVISON,2018-05-06,6,5,2018,2,1,5,3,,1,0,Concrete,1,1,4,55,3,2,2,5,0,0,0,0,true,false,false,false,false,false,false,false,false,false,false,false,false,false,false,false,false,false,false,false,false,false,-83.11421,42.40054,"{
  ""coordinates"": [
    -8.311421044379451e+01,
    4.240053872120200e+01
  ],
  ""type"": ""Point""
}","{
  ""coordinates"": [
    -83.114210444,
    42.400538721
  ],
  ""type"": ""Point""
}",-83.114210444,42.400538721
21627,1381752,8 MILE,8 MILE/DEQUINDRE,2018-05-06,6,5,2018,14,1,5,3,,1,0,Asphalt,1,2,1,40,5,2,2,3,0,0,1,0,false,false,false,false,false,false,false,false,false,false,true,false,false,true,false,false,true,false,false,false,false,false,-83.08585,42.44696,"{
  ""coordinates"": [
    -8.308584396878589e+01,
    4.244696473906570e+01
  ],
  ""type"": ""Point""
}","{
  ""coordinates"": [
    -83.085843969,
    42.446964739
  ],
  ""type"": ""Point""
}",-83.0858439689999,42.4469647390001
21628,1375512,E I 96,CSX TRANSPORTATION,2018-05-06,6,5,2018,23,1,5,1,,1,0,Concrete,1,1,4,55,3,2,6,5,0,0,0,0,true,false,false,false,true,false,false,false,false,false,false,false,false,false,true,false,false,false,false,false,false,false,-83.19044,42.37966,"{
  ""coordinates"": [
    -8.319044235859320e+01,
    4.237965885146820e+01
  ],
  ""type"": ""Point""
}","{
  ""coordinates"": [
    -83.190442359,
    42.379658851
  ],
  ""type"": ""Point""
}",-83.190442359,42.379658851
21629,1367046,CENTRAL,JOY,2018-05-06,6,5,2018,19,1,1,9,,4,0,Asphalt,1,1,1,25,2,1,0,5,0,0,0,0,true,false,false,false,false,false,false,false,false,false,false,true,false,false,false,false,false,false,false,false,false,false,-83.14639,42.35781,"{
  ""coordinates"": [
    -8.314638676989441e+01,
    4.235781348173690e+01
  ],
  ""type"": ""Point""
}","{
  ""coordinates"": [
    -83.14638677,
    42.357813482
  ],
  ""type"": ""Point""
}",-83.1463867699999,42.357813482
21630,1367850,FLORENCE,WINSTON,2018-05-06,6,5,2018,11,1,4,9,,,0,,1,1,1,25,2,2,0,5,0,0,0,0,true,false,false,false,true,false,false,false,false,false,false,false,false,false,false,false,false,false,false,false,false,false,-83.28328,42.4094,"{
  ""coordinates"": [
    -8.328327980018361e+01,
    4.240940232488160e+01
  ],
  ""type"": ""Point""
}","{
  ""coordinates"": [
    -83.2832798,
    42.409402325
  ],
  ""type"": ""Point""
}",-83.2832797999999,42.409402325
21631,1371323,I-94,BEAUBIEN,2018-05-06,6,5,2018,9,1,8,1,,1,0,Asphalt,1,1,1,55,3,3,3,5,0,0,0,0,true,false,false,false,false,false,false,false,false,false,false,false,false,true,false,false,false,false,false,false,false,false,-83.06286,42.36641,"{
  ""coordinates"": [
    -8.306285884677960e+01,
    4.236641185895260e+01
  ],
  ""type"": ""Point""
}","{
  ""coordinates"": [
    -83.062858847,
    42.366411859
  ],
  ""type"": ""Point""
}",-83.062858847,42.366411859
21632,1368610,MCCLELLAN,JEFFERSON,2018-05-06,6,5,2018,13,1,9,9,,4,2,Asphalt,1,1,1,35,2,2,2,5,0,0,0,0,true,false,false,false,false,false,false,false,false,false,false,false,false,false,false,false,false,false,false,false,false,false,-82.98467,42.35893,"{
  ""coordinates"": [
    -8.298467181523540e+01,
    4.235893214256040e+01
  ],
  ""type"": ""Point""
}","{
  ""coordinates"": [
    -82.984671815,
    42.358932143
  ],
  ""type"": ""Point""
}",-82.984671815,42.3589321430001
21633,1374714,STATE FAIR,QUEEN,2018-05-06,6,5,2018,16,1,1,9,,4,0,Asphalt,1,1,1,30,2,2,1,2,0,1,0,0,false,false,false,false,false,false,false,false,false,false,false,true,true,false,false,false,false,false,false,false,false,false,-82.96883,42.4426,"{
  ""coordinates"": [
    -8.296883509326859e+01,
    4.244260333730110e+01
  ],
  ""type"": ""Point""
}","{
  ""coordinates"": [
    -82.968835093,
    42.442603337
  ],
  ""type"": ""Point""
}",-82.9688350929999,42.442603337
21634,1367860,MCNICHOLS,HICKORY,2018-05-06,6,5,2018,23,1,5,9,,4,0,Asphalt,1,1,4,,2,2,2,5,0,0,0,0,true,false,false,false,true,false,false,false,false,false,false,false,false,false,false,false,false,false,false,false,false,false,-82.98689,42.42608,"{
  ""coordinates"": [
    -8.298689338951441e+01,
    4.242608026767000e+01
  ],
  ""type"": ""Point""
}","{
  ""coordinates"": [
    -82.98689339,
    42.426080268
  ],
  ""type"": ""Point""
}",-82.98689339,42.4260802680001
21635,1367068,ALTER,WARREN,2018-05-06,6,5,2018,13,1,4,9,,4,0,Asphalt,1,1,1,30,8,2,3,5,0,0,0,0,true,false,false,false,false,false,false,false,false,false,false,false,false,false,false,false,false,false,false,false,false,false,-82.95452,42.39705,"{
  ""coordinates"": [
    -8.295451738773021e+01,
    4.239705028951360e+01
  ],
  ""type"": ""Point""
}","{
  ""coordinates"": [
    -82.954517388,
    42.39705029
  ],
  ""type"": ""Point""
}",-82.9545173879999,42.39705029
21636,1368614,CHRYSLER,LAFAYETTE,2018-05-06,6,5,2018,19,1,8,1,,1,0,Asphalt,1,2,3,35,3,2,3,5,0,0,0,0,true,false,false,false,false,false,false,false,false,false,false,false,false,false,false,false,false,false,false,false,false,false,-83.0379,42.3356,"{
  ""coordinates"": [
    -8.303790137538910e+01,
    4.233560107078160e+01
  ],
  ""type"": ""Point""
}","{
  ""coordinates"": [
    -83.037901375,
    42.335601071
  ],
  ""type"": ""Point""
}",-83.037901375,42.335601071
21637,1376765,GRATIOT,SEYMOUR,2018-05-06,6,5,2018,19,1,4,3,,1,0,Asphalt,1,1,1,35,7,2,3,3,0,0,1,1,false,false,false,false,true,false,false,false,false,false,false,false,false,false,false,false,false,false,false,false,false,false,-82.98318,42.42675,"{
  ""coordinates"": [
    -8.298318603207581e+01,
    4.242675279627220e+01
  ],
  ""type"": ""Point""
}","{
  ""coordinates"": [
    -82.983186032,
    42.426752796
  ],
  ""type"": ""Point""
}",-82.9831860319999,42.4267527960001
21638,1373924,GRATIOT,BURNS,2018-05-06,6,5,2018,13,1,5,3,,1,0,Asphalt,1,1,1,35,3,2,5,4,0,0,0,2,false,false,false,false,false,false,false,false,false,false,false,false,false,false,false,false,false,false,false,false,false,false,-83.01108,42.38429,"{
  ""coordinates"": [
    -8.301107571061470e+01,
    4.238428832404120e+01
  ],
  ""type"": ""Point""
}","{
  ""coordinates"": [
    -83.011075711,
    42.384288324
  ],
  ""type"": ""Point""
}",-83.011075711,42.3842883240001
21639,1369545,WADSWORTH,ASHTON,2018-05-06,6,5,2018,19,1,97,9,,,0,,1,1,1,25,3,2,2,5,0,0,0,0,true,false,false,false,true,false,false,false,false,false,false,false,false,false,false,false,false,false,false,false,false,false,-83.21816,42.37441,"{
  ""coordinates"": [
    -8.321816269116160e+01,
    4.237440966154990e+01
  ],
  ""type"": ""Point""
}","{
  ""coordinates"": [
    -83.218162691,
    42.374409662
  ],
  ""type"": ""Point""
}",-83.218162691,42.3744096620001
21640,1367051,TOLEDO,CAMPBELL,2018-05-06,6,5,2018,12,1,2,9,,4,0,Asphalt,1,1,1,35,2,2,4,4,0,0,0,1,false,false,false,false,false,false,false,false,false,false,false,false,false,false,true,false,false,false,false,false,false,false,-83.10602,42.32014,"{
  ""coordinates"": [
    -8.310601848412141e+01,
    4.232014334891350e+01
  ],
  ""type"": ""Point""
}","{
  ""coordinates"": [
    -83.106018484,
    42.320143349
  ],
  ""type"": ""Point""
}",-83.1060184839999,42.320143349
21641,1377770,8 MILE,ILENE,2018-05-06,6,5,2018,3,1,8,3,,1,0,Asphalt,1,1,5,45,4,2,2,3,0,0,1,0,false,false,false,false,false,false,false,false,false,false,false,false,false,false,false,false,false,false,false,false,false,false,-83.16367,42.44561,"{
  ""coordinates"": [
    -8.316366933060119e+01,
    4.244560715180850e+01
  ],
  ""type"": ""Point""
}","{
  ""coordinates"": [
    -83.163669331,
    42.445607152
  ],
  ""type"": ""Point""
}",-83.1636693309999,42.445607152
21642,1387182,PENNINGTON,OUTER,2018-05-06,6,5,2018,21,1,4,9,,,0,,1,1,4,25,2,2,2,5,0,0,0,0,true,false,true,false,false,false,false,false,false,false,false,false,false,false,true,false,false,false,false,false,false,false,-83.14828,42.43521,"{
  ""coordinates"": [
    -8.314827970490880e+01,
    4.243520727696330e+01
  ],
  ""type"": ""Point""
}","{
  ""coordinates"": [
    -83.148279705,
    42.435207277
  ],
  ""type"": ""Point""
}",-83.1482797049999,42.4352072770001
21643,1367081,8 MILE,N I 75 SERVICE DRIVE,2018-05-06,6,5,2018,12,1,4,3,,1,0,Concrete,1,1,1,40,4,2,3,5,0,0,0,0,true,false,false,false,false,false,false,false,false,false,false,false,false,false,false,false,false,false,false,false,false,false,-83.09448,42.44681,"{
  ""coordinates"": [
    -8.309448215723189e+01,
    4.244680892653530e+01
  ],
  ""type"": ""Point""
}","{
  ""coordinates"": [
    -83.094482157,
    42.446808927
  ],
  ""type"": ""Point""
}",-83.094482157,42.4468089270001
21644,1370272,7 MILE,HARTWELL,2018-05-06,6,5,2018,17,1,8,9,,2,0,Asphalt,1,1,1,30,4,2,1,5,0,0,0,0,true,false,false,false,true,false,false,false,false,false,false,false,false,false,false,false,false,false,false,false,false,false,-83.17925,42.43111,"{
  ""coordinates"": [
    -8.317925464002660e+01,
    4.243110782777080e+01
  ],
  ""type"": ""Point""
}","{
  ""coordinates"": [
    -83.17925464,
    42.431107828
  ],
  ""type"": ""Point""
}",-83.17925464,42.4311078280001
21645,1368603,MARTIN LUTHER KING JR,LINCOLN,2018-05-06,6,5,2018,17,1,8,9,,4,0,Asphalt,1,2,1,35,3,2,1,5,0,0,0,0,true,false,false,false,false,false,false,false,false,false,false,false,false,false,true,false,false,false,false,false,false,false,-83.07164,42.34208,"{
  ""coordinates"": [
    -8.307164109904780e+01,
    4.234207892658820e+01
  ],
  ""type"": ""Point""
}","{
  ""coordinates"": [
    -83.071641099,
    42.342078927
  ],
  ""type"": ""Point""
}",-83.071641099,42.342078927
21646,1371327,I-75,SCHAEFER,2018-05-06,6,5,2018,9,1,5,1,,1,0,Concrete,1,1,1,55,2,2,2,5,0,0,0,0,true,false,false,false,false,false,false,false,false,false,false,false,false,true,false,false,false,false,false,false,false,false,-83.15299,42.27835,"{
  ""coordinates"": [
    -8.315299227334260e+01,
    4.227835087672400e+01
  ],
  ""type"": ""Point""
}","{
  ""coordinates"": [
    -83.152992273,
    42.278350877
  ],
  ""type"": ""Point""
}",-83.1529922729999,42.278350877
21647,1370263,SOMERSET,YORKSHIRE,2018-05-06,6,5,2018,1,1,8,9,,,0,,1,1,4,,2,2,0,5,0,0,0,0,true,false,false,false,true,false,false,false,false,false,false,false,false,false,false,false,false,false,false,false,false,false,-82.94836,42.41753,"{
  ""coordinates"": [
    -8.294836570562740e+01,
    4.241753171580920e+01
  ],
  ""type"": ""Point""
}","{
  ""coordinates"": [
    -82.948365706,
    42.417531716
  ],
  ""type"": ""Point""
}",-82.9483657059999,42.417531716
21648,1369521,GRAND RIVER,SCHAEFER,2018-05-06,6,5,2018,4,1,3,3,,1,0,Asphalt,1,1,4,35,6,3,6,2,0,1,2,3,false,false,false,false,false,true,false,false,false,false,false,false,false,false,true,false,false,false,false,false,false,false,-83.17838,42.3846,"{
  ""coordinates"": [
    -8.317837568000439e+01,
    4.238459871574940e+01
  ],
  ""type"": ""Point""
}","{
  ""coordinates"": [
    -83.17837568,
    42.384598716
  ],
  ""type"": ""Point""
}",-83.17837568,42.384598716
21649,1367053,CHALMERS,KERCHEVAL,2018-05-06,6,5,2018,17,1,4,9,,4,0,Asphalt,1,1,1,30,1,2,2,5,0,0,0,0,true,false,false,false,true,false,false,false,false,false,false,false,false,true,false,false,false,false,false,false,false,false,-82.94791,42.37876,"{
  ""coordinates"": [
    -8.294791237723180e+01,
    4.237875648272540e+01
  ],
  ""type"": ""Point""
}","{
  ""coordinates"": [
    -82.947912377,
    42.378756483
  ],
  ""type"": ""Point""
}",-82.947912377,42.3787564830001
21650,1427076,FREER,MICHIGAN,2018-05-06,6,5,2018,3,1,10,2,,,0,,1,1,4,35,5,2,0,5,0,0,0,0,true,false,false,false,true,false,false,false,false,false,false,false,false,false,false,false,false,false,false,false,false,false,-83.1339,42.33097,"{
  ""coordinates"": [
    -8.313389336807930e+01,
    4.233097577926480e+01
  ],
  ""type"": ""Point""
}","{
  ""coordinates"": [
    -83.133893368,
    42.330975779
  ],
  ""type"": ""Point""
}",-83.133893368,42.330975779