ObjectId,Crash ID,Primary Road,Intersecting Road,Crash Date,Day,Month,Year,Hour,Weekday,Crash Type Code,Highway Classification Code,Community Code,Jurisdiction Code,Lane Departure Type Code,Surface Type,Road Condition,Weather Condition,Lighting Condition,Speed Limit,Lanes,Units,Occupants,Most Severe Injury,Fatal Injuries,Suspected Serious Injuries,Suspected Minor Injuries,Possible Injuries,Property Damage Only,Secondary Crash,Traffic Control,Red Light Run,Hit and Run,Alcohol,Drugs,Unbelted Person,Work Zone,Speeding Driver,Distracted Driver,Driveway,Pedestrian,Elderly Driver,Young Driver,Commercial Vehicle,Emergency Vehicles,Train,School Bus,Motorcycle,Bicycle,Deer,Longitude,Latitude,geom,geog,x,y
21651,1368593,M-39,FORD,2018-05-06,6,5,2018,5,1,1,3,,1,1,Asphalt,1,1,4,55,3,1,1,5,0,0,0,0,true,false,false,false,false,false,false,false,false,false,false,false,false,false,false,false,false,false,false,false,false,false,-83.21589,42.33271,"{
  ""coordinates"": [
    -8.321588563621900e+01,
    4.233271385708150e+01
  ],
  ""type"": ""Point""
}","{
  ""coordinates"": [
    -83.215885636,
    42.332713857
  ],
  ""type"": ""Point""
}",-83.2158856359999,42.332713857
21652,1367843,SALEM,MARGARETA,2018-05-06,6,5,2018,17,1,2,9,,,2,,1,1,1,25,2,2,1,5,0,0,0,0,true,false,false,false,false,true,false,false,false,false,false,false,false,false,false,false,false,false,false,false,false,false,-83.28564,42.4253,"{
  ""coordinates"": [
    -8.328564075517509e+01,
    4.242530240158010e+01
  ],
  ""type"": ""Point""
}","{
  ""coordinates"": [
    -83.285640755,
    42.425302402
  ],
  ""type"": ""Point""
}",-83.285640755,42.4253024020001
21653,1367847,MCNICHOLS,TELEGRAPH,2018-05-05,5,5,2018,9,7,4,2,,2,0,Asphalt,1,1,1,45,4,2,3,4,0,0,0,1,false,false,false,false,false,false,false,false,false,false,false,false,false,true,false,false,false,false,false,false,false,false,-83.2772,42.41453,"{
  ""coordinates"": [
    -8.327719603965480e+01,
    4.241453264335160e+01
  ],
  ""type"": ""Point""
}","{
  ""coordinates"": [
    -83.27719604,
    42.414532643
  ],
  ""type"": ""Point""
}",-83.27719604,42.414532643
21654,1365781,GRAND RIVER,MEYERS,2018-05-05,5,5,2018,0,7,5,3,,1,0,Asphalt,1,1,4,35,4,2,5,5,0,0,0,0,true,false,false,false,false,false,false,false,false,false,false,false,false,false,true,false,false,false,false,false,false,false,-83.16843,42.38058,"{
  ""coordinates"": [
    -8.316843702769260e+01,
    4.238058544319610e+01
  ],
  ""type"": ""Point""
}","{
  ""coordinates"": [
    -83.168437028,
    42.380585443
  ],
  ""type"": ""Point""
}",-83.168437028,42.380585443
21655,1367080,DAVISON,SHIELDS,2018-05-05,5,5,2018,16,7,5,9,,4,0,Asphalt,1,1,1,30,3,2,2,5,0,0,0,0,true,true,false,false,false,false,false,false,false,false,false,false,false,false,false,false,false,false,false,false,false,false,-83.05801,42.41684,"{
  ""coordinates"": [
    -8.305800483263100e+01,
    4.241683800399040e+01
  ],
  ""type"": ""Point""
}","{
  ""coordinates"": [
    -83.058004833,
    42.416838004
  ],
  ""type"": ""Point""
}",-83.058004833,42.4168380040001
21656,1365845,GRAND RIVER,ASHTON,2018-05-05,5,5,2018,15,7,5,3,,1,0,Asphalt,1,1,1,35,3,3,4,4,0,0,0,2,false,false,false,false,false,false,false,false,false,false,false,false,false,false,true,false,false,false,false,false,false,false,-83.21934,42.40111,"{
  ""coordinates"": [
    -8.321933893122269e+01,
    4.240111228483310e+01
  ],
  ""type"": ""Point""
}","{
  ""coordinates"": [
    -83.219338931,
    42.401112285
  ],
  ""type"": ""Point""
}",-83.219338931,42.4011122850001
21657,1365818,WOODMERE,PEARL,2018-05-05,5,5,2018,11,7,8,9,,4,0,Asphalt,1,1,1,25,2,2,1,4,0,0,0,1,false,false,false,false,false,false,false,false,false,false,true,false,false,false,false,false,false,false,false,false,false,false,-83.13354,42.31477,"{
  ""coordinates"": [
    -8.313353460451179e+01,
    4.231477007976370e+01
  ],
  ""type"": ""Point""
}","{
  ""coordinates"": [
    -83.133534605,
    42.31477008
  ],
  ""type"": ""Point""
}",-83.133534605,42.3147700800001
21658,1365854,PICKFORD,ROBSON,2018-05-05,5,5,2018,18,7,97,9,,,0,,1,1,1,25,3,3,2,4,0,0,0,1,false,false,false,false,true,false,false,false,false,false,false,false,false,false,false,false,false,false,false,false,false,false,-83.1936,42.42518,"{
  ""coordinates"": [
    -8.319359833730979e+01,
    4.242517733068300e+01
  ],
  ""type"": ""Point""
}","{
  ""coordinates"": [
    -83.193598337,
    42.425177331
  ],
  ""type"": ""Point""
}",-83.193598337,42.425177331
21659,1365774,WESTFIELD,APPOLINE,2018-05-05,5,5,2018,16,7,4,9,,,0,,1,1,1,35,3,2,1,5,0,0,0,0,true,false,false,false,true,false,false,false,false,false,false,false,false,false,false,false,false,false,false,false,false,false,-83.16914,42.36378,"{
  ""coordinates"": [
    -8.316914471738480e+01,
    4.236378627203570e+01
  ],
  ""type"": ""Point""
}","{
  ""coordinates"": [
    -83.169144717,
    42.363786272
  ],
  ""type"": ""Point""
}",-83.1691447169999,42.363786272
21660,1399364,HORTON,BEAUBIEN,2018-05-05,5,5,2018,22,7,5,9,,,0,,1,2,4,20,2,2,1,5,0,0,0,0,true,false,false,false,true,false,false,false,false,false,false,false,false,false,false,false,false,false,false,false,false,false,-83.06868,42.37299,"{
  ""coordinates"": [
    -8.306867682078369e+01,
    4.237298692334000e+01
  ],
  ""type"": ""Point""
}","{
  ""coordinates"": [
    -83.068676821,
    42.372986923
  ],
  ""type"": ""Point""
}",-83.0686768209999,42.372986923
21661,1367083,8 MILE,BIRWOOD,2018-05-05,5,5,2018,8,7,5,3,,1,0,Asphalt,1,1,1,,4,2,2,4,0,0,0,1,false,false,false,false,false,false,false,false,false,false,false,false,false,true,false,false,false,false,false,false,false,false,-83.16605,42.44556,"{
  ""coordinates"": [
    -8.316605295792860e+01,
    4.244555693696600e+01
  ],
  ""type"": ""Point""
}","{
  ""coordinates"": [
    -83.166052958,
    42.445556937
  ],
  ""type"": ""Point""
}",-83.166052958,42.445556937
21662,1365873,HAYES,SEVEN MILE,2018-05-05,5,5,2018,16,7,3,9,,4,0,Asphalt,1,1,1,35,5,2,3,4,0,0,0,1,false,false,false,false,false,false,false,false,false,false,false,false,false,false,false,false,false,false,false,false,false,false,-82.96547,42.43539,"{
  ""coordinates"": [
    -8.296547116811520e+01,
    4.243539048531200e+01
  ],
  ""type"": ""Point""
}","{
  ""coordinates"": [
    -82.965471168,
    42.435390485
  ],
  ""type"": ""Point""
}",-82.965471168,42.435390485
21663,1367071,GRAND,ROSA PARKS,2018-05-05,5,5,2018,12,7,4,9,,4,0,Asphalt,1,1,1,30,8,2,3,4,0,0,0,1,false,false,false,false,true,false,false,false,false,false,false,false,false,false,false,false,false,false,false,false,false,false,-83.09106,42.3636,"{
  ""coordinates"": [
    -8.309105646564861e+01,
    4.236359828444020e+01
  ],
  ""type"": ""Point""
}","{
  ""coordinates"": [
    -83.091056466,
    42.363598284
  ],
  ""type"": ""Point""
}",-83.0910564659999,42.363598284
21664,1365850,GREENFIELD,CURTIS,2018-05-05,5,5,2018,13,7,5,9,,2,0,Asphalt,1,1,1,35,3,2,2,5,0,0,0,0,true,false,false,false,false,false,false,false,false,false,false,false,false,false,false,false,false,false,false,false,false,false,-83.19959,42.42328,"{
  ""coordinates"": [
    -8.319959295982061e+01,
    4.242328052517020e+01
  ],
  ""type"": ""Point""
}","{
  ""coordinates"": [
    -83.19959296,
    42.423280525
  ],
  ""type"": ""Point""
}",-83.19959296,42.4232805250001
21665,1395701,WARREN,LIVERNOIS,2018-05-05,5,5,2018,2,7,5,9,,4,0,Asphalt,1,1,3,30,7,2,2,5,0,0,0,0,true,false,false,false,false,false,false,false,false,false,false,false,false,false,false,false,false,false,false,false,false,false,-83.13059,42.34465,"{
  ""coordinates"": [
    -8.313059302242220e+01,
    4.234465097024470e+01
  ],
  ""type"": ""Point""
}","{
  ""coordinates"": [
    -83.130593022,
    42.34465097
  ],
  ""type"": ""Point""
}",-83.130593022,42.34465097
21666,1365872,CARLISLE,CUSHING,2018-05-05,5,5,2018,11,7,4,9,,,0,,1,1,1,15,1,2,2,5,0,0,0,0,true,false,false,false,true,false,false,false,false,false,false,false,false,false,true,false,false,false,false,false,false,false,-82.94638,42.44935,"{
  ""coordinates"": [
    -8.294638096906689e+01,
    4.244935244734730e+01
  ],
  ""type"": ""Point""
}","{
  ""coordinates"": [
    -82.946380969,
    42.449352447
  ],
  ""type"": ""Point""
}",-82.946380969,42.4493524470001
21667,1367866,MILWAUKEE,WOODWARD,2018-05-05,5,5,2018,3,7,1,3,,4,0,Asphalt,1,1,4,25,2,2,0,4,0,0,0,1,false,false,false,false,true,false,false,false,false,false,false,false,true,false,false,false,false,false,false,false,false,false,-83.07257,42.36912,"{
  ""coordinates"": [
    -8.307257097241050e+01,
    4.236911821043540e+01
  ],
  ""type"": ""Point""
}","{
  ""coordinates"": [
    -83.072570972,
    42.36911821
  ],
  ""type"": ""Point""
}",-83.0725709719999,42.3691182100001
21668,1365810,GREEN,WHITTAKER,2018-05-05,5,5,2018,21,7,4,9,,,0,,1,1,4,25,2,2,2,5,0,0,0,0,true,false,false,false,false,false,false,false,false,false,false,false,false,false,false,false,false,false,false,false,false,false,-83.12083,42.31321,"{
  ""coordinates"": [
    -8.312083180604340e+01,
    4.231320475487400e+01
  ],
  ""type"": ""Point""
}","{
  ""coordinates"": [
    -83.120831806,
    42.313204755
  ],
  ""type"": ""Point""
}",-83.120831806,42.3132047550001
21669,1365868,8 MILE,HAYES,2018-05-05,5,5,2018,19,7,98,3,,1,0,Asphalt,1,1,1,40,6,2,2,5,0,0,0,0,true,false,false,false,true,false,false,false,false,false,true,false,false,false,false,false,false,false,false,false,false,false,-82.966,42.44989,"{
  ""coordinates"": [
    -8.296599790590770e+01,
    4.244988816770600e+01
  ],
  ""type"": ""Point""
}","{
  ""coordinates"": [
    -82.965997906,
    42.449888168
  ],
  ""type"": ""Point""
}",-82.965997906,42.449888168
21670,1386446,GREENFIELD,WARREN,2018-05-05,5,5,2018,18,7,5,9,,2,0,Asphalt,1,1,1,35,4,2,12,4,0,0,0,1,false,false,false,false,false,false,false,true,false,false,false,false,false,false,false,true,false,false,false,false,false,false,-83.19627,42.34312,"{
  ""coordinates"": [
    -8.319627109818209e+01,
    4.234312106981070e+01
  ],
  ""type"": ""Point""
}","{
  ""coordinates"": [
    -83.196271098,
    42.34312107
  ],
  ""type"": ""Point""
}",-83.196271098,42.3431210700001
21671,1366988,N M 10,CHICAGO,2018-05-05,5,5,2018,0,7,5,3,,1,0,Concrete,1,1,4,55,3,2,2,5,0,0,0,0,true,false,false,false,false,false,false,false,false,false,false,false,false,false,false,false,false,false,false,false,false,false,-83.09482,42.38245,"{
  ""coordinates"": [
    -8.309481857043340e+01,
    4.238245574628080e+01
  ],
  ""type"": ""Point""
}","{
  ""coordinates"": [
    -83.09481857,
    42.382455746
  ],
  ""type"": ""Point""
}",-83.09481857,42.3824557460001
21672,1367076,SHIELDS,HILDALE,2018-05-05,5,5,2018,21,7,4,9,,,0,,1,1,4,25,1,2,1,5,0,0,0,0,true,false,true,false,true,false,false,false,false,false,false,false,false,false,false,false,false,false,false,false,false,false,-83.05968,42.42959,"{
  ""coordinates"": [
    -8.305968206821299e+01,
    4.242959123709390e+01
  ],
  ""type"": ""Point""
}","{
  ""coordinates"": [
    -83.059682068,
    42.429591237
  ],
  ""type"": ""Point""
}",-83.059682068,42.4295912370001
21673,1367077,MT ELLIOTT,OUTER,2018-05-05,5,5,2018,12,7,8,9,,4,0,Asphalt,1,1,1,,2,2,2,5,0,0,0,0,true,true,false,false,true,false,false,false,false,false,true,false,false,false,false,false,false,false,false,false,false,false,-83.03918,42.44055,"{
  ""coordinates"": [
    -8.303918338004389e+01,
    4.244055054275050e+01
  ],
  ""type"": ""Point""
}","{
  ""coordinates"": [
    -83.03918338,
    42.440550543
  ],
  ""type"": ""Point""
}",-83.0391833799999,42.440550543
21674,1365871,CADIEUX,MEUSE,2018-05-05,5,5,2018,21,7,8,9,,4,0,Asphalt,1,1,4,30,2,2,4,5,0,0,0,0,true,false,false,false,false,false,false,false,false,false,false,false,false,false,false,false,false,false,false,false,false,false,-82.9398,42.42124,"{
  ""coordinates"": [
    -8.293980637329220e+01,
    4.242123959906100e+01
  ],
  ""type"": ""Point""
}","{
  ""coordinates"": [
    -82.939806373,
    42.421239599
  ],
  ""type"": ""Point""
}",-82.939806373,42.421239599
21675,1365904,GRIGGS,CAMBRIDGE,2018-05-05,5,5,2018,13,7,4,9,,,0,,1,1,1,,2,2,2,5,0,0,0,0,true,false,false,false,false,false,false,false,false,false,false,false,false,true,false,false,false,false,false,false,false,false,-83.16428,42.43307,"{
  ""coordinates"": [
    -8.316428421118630e+01,
    4.243307366095900e+01
  ],
  ""type"": ""Point""
}","{
  ""coordinates"": [
    -83.164284211,
    42.433073661
  ],
  ""type"": ""Point""
}",-83.1642842109999,42.433073661
21676,1365866,7 MILE,FAIRPORT,2018-05-05,5,5,2018,11,7,3,9,,4,0,Asphalt,1,1,1,30,2,2,2,5,0,0,0,0,true,false,true,true,true,false,false,false,false,false,false,false,false,false,false,false,false,false,false,false,false,false,-82.99105,42.43479,"{
  ""coordinates"": [
    -8.299105231011281e+01,
    4.243478594313740e+01
  ],
  ""type"": ""Point""
}","{
  ""coordinates"": [
    -82.99105231,
    42.434785943
  ],
  ""type"": ""Point""
}",-82.99105231,42.4347859430001
21677,1367072,S I 75 SERVICE DRIVE,8 MILE,2018-05-05,5,5,2018,14,7,8,1,,1,0,Asphalt,1,1,1,30,2,3,3,5,0,0,0,0,true,false,false,false,false,false,false,false,false,false,false,false,false,true,false,false,false,false,false,true,false,false,-83.09531,42.44672,"{
  ""coordinates"": [
    -8.309531638468880e+01,
    4.244672131785650e+01
  ],
  ""type"": ""Point""
}","{
  ""coordinates"": [
    -83.095316385,
    42.446721318
  ],
  ""type"": ""Point""
}",-83.095316385,42.4467213180001
21678,1367875,MCNICHOLS,CONANT,2018-05-05,5,5,2018,14,7,4,9,,4,0,Asphalt,1,1,1,25,5,2,2,5,0,0,0,0,true,false,false,false,false,false,false,false,false,false,false,false,false,true,false,false,false,false,false,false,false,false,-83.06335,42.41866,"{
  ""coordinates"": [
    -8.306334419584130e+01,
    4.241866115240110e+01
  ],
  ""type"": ""Point""
}","{
  ""coordinates"": [
    -83.063344196,
    42.418661152
  ],
  ""type"": ""Point""
}",-83.0633441959999,42.418661152
21679,1365874,8 MILE,REGENT,2018-05-05,5,5,2018,16,7,5,3,,1,0,Asphalt,1,1,1,40,4,2,1,5,0,0,0,0,true,false,false,false,true,false,false,false,false,false,false,false,false,false,false,false,false,false,false,false,false,false,-82.97557,42.44954,"{
  ""coordinates"": [
    -8.297557243463891e+01,
    4.244953652493900e+01
  ],
  ""type"": ""Point""
}","{
  ""coordinates"": [
    -82.975572435,
    42.449536525
  ],
  ""type"": ""Point""
}",-82.9755724349999,42.449536525
21680,1367856,MCNICHOLS,PLAINVIEW,2018-05-05,5,5,2018,23,7,97,9,,2,0,Asphalt,1,1,4,35,2,2,2,5,0,0,0,0,true,false,false,false,true,false,false,false,false,false,false,false,false,false,false,false,false,false,false,false,false,false,-83.23686,42.41516,"{
  ""coordinates"": [
    -8.323686195900200e+01,
    4.241515835664360e+01
  ],
  ""type"": ""Point""
}","{
  ""coordinates"": [
    -83.236861959,
    42.415158357
  ],
  ""type"": ""Point""
}",-83.236861959,42.4151583570001
21681,1365888,GRIXDALE,GALLAGHER,2018-05-05,5,5,2018,10,7,4,9,,,0,,1,1,1,35,2,2,3,4,0,0,0,2,false,false,false,false,false,false,false,false,false,false,false,false,false,true,false,false,false,false,false,false,false,false,-83.0694,42.42846,"{
  ""coordinates"": [
    -8.306939965705600e+01,
    4.242846176595830e+01
  ],
  ""type"": ""Point""
}","{
  ""coordinates"": [
    -83.069399657,
    42.428461766
  ],
  ""type"": ""Point""
}",-83.069399657,42.4284617660001
21682,1365825,VERNOR,WATERMAN,2018-05-05,5,5,2018,17,7,8,9,,4,0,Asphalt,1,1,1,30,2,2,4,5,0,0,0,0,true,false,false,false,true,false,false,false,false,false,false,false,false,false,false,false,false,false,false,false,false,false,-83.11656,42.31582,"{
  ""coordinates"": [
    -8.311655813396300e+01,
    4.231581863376390e+01
  ],
  ""type"": ""Point""
}","{
  ""coordinates"": [
    -83.116558134,
    42.315818634
  ],
  ""type"": ""Point""
}",-83.1165581339999,42.315818634
21683,1365905,NEVADA,WOODWARD,2018-05-05,5,5,2018,18,7,1,3,,7,0,Asphalt,1,1,1,25,2,2,1,4,0,0,0,1,false,false,false,false,false,false,false,false,false,false,false,false,true,false,false,false,false,false,false,false,false,false,-83.10931,42.42337,"{
  ""coordinates"": [
    -8.310930506501420e+01,
    4.242336536388100e+01
  ],
  ""type"": ""Point""
}","{
  ""coordinates"": [
    -83.109305065,
    42.423365364
  ],
  ""type"": ""Point""
}",-83.1093050649999,42.4233653640001
21684,1365877,SCOTTEN,WARREN,2018-05-05,5,5,2018,20,7,5,9,,4,0,Asphalt,1,1,2,30,4,2,2,5,0,0,0,0,true,false,false,false,false,false,false,false,false,false,false,false,false,false,false,false,false,false,false,false,false,false,-83.11124,42.34498,"{
  ""coordinates"": [
    -8.311123776730039e+01,
    4.234498292335250e+01
  ],
  ""type"": ""Point""
}","{
  ""coordinates"": [
    -83.111237767,
    42.344982923
  ],
  ""type"": ""Point""
}",-83.111237767,42.344982923
21685,1365783,SCHAEFER,CHICAGO,2018-05-05,5,5,2018,19,7,5,9,,4,0,Asphalt,1,1,1,35,2,2,1,4,0,0,0,1,false,false,false,false,true,false,false,false,false,false,false,false,false,false,false,false,false,false,false,false,false,false,-83.17773,42.36607,"{
  ""coordinates"": [
    -8.317773370194530e+01,
    4.236606899065210e+01
  ],
  ""type"": ""Point""
}","{
  ""coordinates"": [
    -83.177733702,
    42.366068991
  ],
  ""type"": ""Point""
}",-83.177733702,42.3660689910001
21686,1366981,N/B M-39,GRAND RIVER,2018-05-05,5,5,2018,4,7,5,3,,1,0,Asphalt,1,1,4,55,3,2,2,4,0,0,0,1,false,false,false,false,false,false,false,false,false,false,false,false,false,false,false,false,false,false,false,false,false,false,-83.21809,42.39777,"{
  ""coordinates"": [
    -8.321808438572690e+01,
    4.239777469891950e+01
  ],
  ""type"": ""Point""
}","{
  ""coordinates"": [
    -83.218084386,
    42.397774699
  ],
  ""type"": ""Point""
}",-83.218084386,42.3977746990001
21687,1367052,CONNER,SHOEMAKER,2018-05-05,5,5,2018,21,7,97,9,,4,0,Asphalt,1,1,4,35,2,1,1,5,0,0,0,0,true,false,false,false,false,false,false,false,false,false,false,false,false,false,false,false,false,false,false,false,false,false,-82.98344,42.39305,"{
  ""coordinates"": [
    -8.298343697594160e+01,
    4.239304811109270e+01
  ],
  ""type"": ""Point""
}","{
  ""coordinates"": [
    -82.983436976,
    42.393048111
  ],
  ""type"": ""Point""
}",-82.983436976,42.393048111
21688,1365878,DEXTER,DAVISON,2018-05-05,5,5,2018,21,7,5,3,,4,0,Asphalt,1,1,4,30,5,2,2,5,0,0,0,0,true,false,false,false,false,false,false,false,false,false,false,false,false,false,false,false,false,false,false,false,false,false,-83.13089,42.38977,"{
  ""coordinates"": [
    -8.313088836613341e+01,
    4.238976682046760e+01
  ],
  ""type"": ""Point""
}","{
  ""coordinates"": [
    -83.130888366,
    42.38976682
  ],
  ""type"": ""Point""
}",-83.130888366,42.38976682
21689,1367846,FORRER,SAINT MARTINS,2018-05-05,5,5,2018,5,7,1,9,,,0,,98,98,4,25,2,1,0,5,0,0,0,0,true,false,false,false,true,false,false,false,false,false,false,false,false,false,false,false,false,false,false,false,false,false,-83.20293,42.43585,"{
  ""coordinates"": [
    -8.320292575833550e+01,
    4.243584657613990e+01
  ],
  ""type"": ""Point""
}","{
  ""coordinates"": [
    -83.202925758,
    42.435846576
  ],
  ""type"": ""Point""
}",-83.2029257579999,42.4358465760001
21690,1365875,WHITTIER,ROXBURY,2018-05-05,5,5,2018,2,7,4,9,,4,0,Asphalt,1,1,4,30,2,2,6,3,0,0,1,0,false,false,true,false,true,false,false,false,false,false,false,false,false,false,false,false,false,false,false,false,false,false,-82.95281,42.41683,"{
  ""coordinates"": [
    -8.295280987698170e+01,
    4.241683175457940e+01
  ],
  ""type"": ""Point""
}","{
  ""coordinates"": [
    -82.952809877,
    42.416831755
  ],
  ""type"": ""Point""
}",-82.9528098769999,42.416831755
21691,1365831,DAVISON,CHERRYLAWN,2018-05-05,5,5,2018,23,7,10,9,,4,0,Asphalt,1,1,4,25,1,2,3,5,0,0,0,0,true,false,false,false,true,false,false,false,false,false,false,false,false,false,false,false,false,false,false,false,false,false,-83.15412,42.38604,"{
  ""coordinates"": [
    -8.315412029051249e+01,
    4.238603594166640e+01
  ],
  ""type"": ""Point""
}","{
  ""coordinates"": [
    -83.154120291,
    42.386035942
  ],
  ""type"": ""Point""
}",-83.154120291,42.386035942
21692,1365817,LIDDESDALE,FRANCIS,2018-05-05,5,5,2018,8,7,9,9,,,2,,1,1,1,25,2,2,1,5,0,0,0,0,true,false,false,false,false,false,false,false,false,false,false,false,false,false,false,false,false,false,false,false,false,false,-83.1607,42.26439,"{
  ""coordinates"": [
    -8.316069420224539e+01,
    4.226438522039440e+01
  ],
  ""type"": ""Point""
}","{
  ""coordinates"": [
    -83.160694202,
    42.26438522
  ],
  ""type"": ""Point""
}",-83.1606942019999,42.2643852200001
21693,1367078,DWYER,NEVADA,2018-05-05,5,5,2018,12,7,4,9,,,0,,1,1,1,,1,2,1,5,0,0,0,0,true,true,false,false,true,false,false,false,false,false,false,false,false,true,false,false,false,false,false,false,false,false,-83.04135,42.42662,"{
  ""coordinates"": [
    -8.304135455164450e+01,
    4.242661779443090e+01
  ],
  ""type"": ""Point""
}","{
  ""coordinates"": [
    -83.041354552,
    42.426617794
  ],
  ""type"": ""Point""
}",-83.041354552,42.426617794
21694,1367878,GODDARD,VICTORIA,2018-05-05,5,5,2018,23,7,5,9,,4,0,Asphalt,1,1,4,25,1,2,0,5,0,0,0,0,true,false,false,false,true,false,false,false,false,false,false,false,false,false,false,false,false,false,false,false,false,false,-83.07465,42.41351,"{
  ""coordinates"": [
    -8.307464957712200e+01,
    4.241351220577640e+01
  ],
  ""type"": ""Point""
}","{
  ""coordinates"": [
    -83.074649577,
    42.413512206
  ],
  ""type"": ""Point""
}",-83.0746495769999,42.4135122060001
21695,1407835,SOMERSET,CORNWALL,2018-05-05,5,5,2018,17,7,4,9,,,0,,1,1,1,25,2,2,3,5,0,0,0,0,true,false,false,false,false,false,false,false,false,false,false,false,false,true,true,false,false,false,false,false,false,false,-82.94683,42.39797,"{
  ""coordinates"": [
    -8.294682744178020e+01,
    4.239797016071830e+01
  ],
  ""type"": ""Point""
}","{
  ""coordinates"": [
    -82.946827442,
    42.397970161
  ],
  ""type"": ""Point""
}",-82.946827442,42.397970161
21696,1365820,VERNOR,I-75,2018-05-05,5,5,2018,19,7,5,2,,4,0,Asphalt,1,1,1,25,5,2,3,4,0,0,0,1,false,false,false,false,false,false,false,false,false,false,false,false,false,false,false,false,false,false,false,true,false,false,-83.07623,42.3317,"{
  ""coordinates"": [
    -8.307622905604821e+01,
    4.233169998835450e+01
  ],
  ""type"": ""Point""
}","{
  ""coordinates"": [
    -83.076229056,
    42.331699988
  ],
  ""type"": ""Point""
}",-83.076229056,42.331699988
21697,1365910,OUTER,DEQUINDRE,2018-05-05,5,5,2018,11,7,7,9,,4,0,Asphalt,1,1,1,25,2,2,3,5,0,0,0,0,true,false,false,false,true,false,false,false,false,false,false,false,false,false,false,false,false,false,false,false,false,false,-83.08348,42.44009,"{
  ""coordinates"": [
    -8.308348430228010e+01,
    4.244009582456900e+01
  ],
  ""type"": ""Point""
}","{
  ""coordinates"": [
    -83.083484302,
    42.440095825
  ],
  ""type"": ""Point""
}",-83.083484302,42.4400958250001
21698,1373908,ALTER,WARREN,2018-05-05,5,5,2018,21,7,4,1,,1,0,Concrete,1,1,4,35,5,2,2,5,0,0,0,0,true,false,true,true,false,true,false,false,false,false,false,false,false,false,false,false,false,false,false,false,false,false,-83.05445,42.36071,"{
  ""coordinates"": [
    -8.305444783398160e+01,
    4.236070788978220e+01
  ],
  ""type"": ""Point""
}","{
  ""coordinates"": [
    -83.054447834,
    42.36070789
  ],
  ""type"": ""Point""
}",-83.054447834,42.3607078900001
21699,1365843,MCNICHOLS,TELEGRAPH,2018-05-05,5,5,2018,20,7,4,2,,2,0,Asphalt,1,1,1,35,8,2,2,5,0,0,0,0,true,false,false,false,false,false,false,false,false,false,false,false,false,false,true,false,false,false,false,false,false,false,-83.27769,42.41453,"{
  ""coordinates"": [
    -8.327768498498190e+01,
    4.241453010539720e+01
  ],
  ""type"": ""Point""
}","{
  ""coordinates"": [
    -83.277684985,
    42.414530105
  ],
  ""type"": ""Point""
}",-83.277684985,42.414530105
21700,1368635,VAN DYKE,EMILY,2018-05-05,5,5,2018,4,7,2,3,,1,0,Asphalt,1,1,4,30,4,2,1,4,0,0,0,1,false,false,false,false,true,false,false,false,false,false,false,false,false,false,false,false,false,false,false,false,false,false,-83.02403,42.42798,"{
  ""coordinates"": [
    -8.302403133143390e+01,
    4.242798057273780e+01
  ],
  ""type"": ""Point""
}","{
  ""coordinates"": [
    -83.024031331,
    42.427980573
  ],
  ""type"": ""Point""
}",-83.0240313309999,42.4279805730001
21701,1365864,STATE FAIR,GRATIOT,2018-05-05,5,5,2018,16,7,5,3,,4,0,Asphalt,1,1,1,25,3,2,2,5,0,0,0,0,true,false,false,false,false,false,false,false,false,false,false,false,false,false,false,false,false,false,false,false,false,false,-82.97279,42.4425,"{
  ""coordinates"": [
    -8.297278503571179e+01,
    4.244250139300600e+01
  ],
  ""type"": ""Point""
}","{
  ""coordinates"": [
    -82.972785036,
    42.442501393
  ],
  ""type"": ""Point""
}",-82.9727850359999,42.442501393
21702,1367855,GREENFIELD,SCHOOLCRAFT,2018-05-05,5,5,2018,2,7,4,9,,2,0,Asphalt,1,1,4,35,4,2,1,5,0,0,0,0,true,false,true,true,true,false,false,false,false,false,false,false,false,false,false,false,false,false,false,false,false,false,-83.19817,42.38705,"{
  ""coordinates"": [
    -8.319817029822940e+01,
    4.238705238591720e+01
  ],
  ""type"": ""Point""
}","{
  ""coordinates"": [
    -83.198170298,
    42.387052386
  ],
  ""type"": ""Point""
}",-83.198170298,42.3870523860001
21703,1367057,DECATUR,CHICAGO,2018-05-05,5,5,2018,8,7,9,9,,,0,,1,1,1,25,3,2,2,5,0,0,0,0,true,false,false,false,false,false,false,false,false,false,false,false,false,false,true,false,false,false,false,false,false,false,-83.18012,42.36568,"{
  ""coordinates"": [
    -8.318012165244230e+01,
    4.236568481739600e+01
  ],
  ""type"": ""Point""
}","{
  ""coordinates"": [
    -83.180121652,
    42.365684817
  ],
  ""type"": ""Point""
}",-83.180121652,42.365684817
21704,1373101,DICKERSON,WARREN,2018-05-05,5,5,2018,18,7,4,9,,4,0,Asphalt,1,1,1,30,2,2,3,5,0,0,0,0,true,false,true,true,false,false,false,false,false,false,false,false,false,false,false,false,false,false,false,false,false,false,-82.96704,42.3925,"{
  ""coordinates"": [
    -8.296704461088370e+01,
    4.239249955537310e+01
  ],
  ""type"": ""Point""
}","{
  ""coordinates"": [
    -82.967044611,
    42.392499555
  ],
  ""type"": ""Point""
}",-82.9670446109999,42.392499555
21705,1367808,RAMP 216I,RAMP 216K,2018-05-05,5,5,2018,16,7,5,1,,1,0,Concrete,1,2,1,55,2,2,2,5,0,0,0,0,true,false,false,false,true,false,false,false,false,false,false,false,false,false,false,false,false,false,false,true,false,false,-83.059,42.36895,"{
  ""coordinates"": [
    -8.305899841419060e+01,
    4.236895292727260e+01
  ],
  ""type"": ""Point""
}","{
  ""coordinates"": [
    -83.058998414,
    42.368952927
  ],
  ""type"": ""Point""
}",-83.058998414,42.3689529270001