ObjectId,Crash ID,Primary Road,Intersecting Road,Crash Date,Day,Month,Year,Hour,Weekday,Crash Type Code,Highway Classification Code,Community Code,Jurisdiction Code,Lane Departure Type Code,Surface Type,Road Condition,Weather Condition,Lighting Condition,Speed Limit,Lanes,Units,Occupants,Most Severe Injury,Fatal Injuries,Suspected Serious Injuries,Suspected Minor Injuries,Possible Injuries,Property Damage Only,Secondary Crash,Traffic Control,Red Light Run,Hit and Run,Alcohol,Drugs,Unbelted Person,Work Zone,Speeding Driver,Distracted Driver,Driveway,Pedestrian,Elderly Driver,Young Driver,Commercial Vehicle,Emergency Vehicles,Train,School Bus,Motorcycle,Bicycle,Deer,Longitude,Latitude,geom,geog,x,y
21706,1373941,GRATIOT,8 MILE,2018-05-05,5,5,2018,20,7,8,3,,1,0,Asphalt,1,1,1,35,8,2,2,5,0,0,0,0,true,false,false,false,false,false,false,false,false,false,false,false,false,false,false,false,false,false,false,false,false,false,-82.96806,42.44965,"{
  ""coordinates"": [
    -8.296806363106759e+01,
    4.244965058640220e+01
  ],
  ""type"": ""Point""
}","{
  ""coordinates"": [
    -82.968063631,
    42.449650586
  ],
  ""type"": ""Point""
}",-82.9680636309999,42.4496505860001
21707,1367815,CLINTON,BEUBIEN,2018-05-05,5,5,2018,23,7,98,9,,4,0,Asphalt,1,1,4,25,4,2,0,5,0,0,0,0,true,false,false,false,true,false,false,false,false,false,false,true,false,false,false,false,false,false,false,false,false,false,-83.04325,42.33637,"{
  ""coordinates"": [
    -8.304325234228590e+01,
    4.233637049170780e+01
  ],
  ""type"": ""Point""
}","{
  ""coordinates"": [
    -83.043252342,
    42.336370492
  ],
  ""type"": ""Point""
}",-83.043252342,42.3363704920001
21708,1365891,BELLEVUE,JEFFERSON,2018-05-05,5,5,2018,9,7,5,9,,,0,,1,1,1,,1,2,0,5,0,0,0,0,true,true,false,false,true,false,false,false,false,false,false,false,false,false,false,false,false,false,false,false,false,false,-83.00624,42.34533,"{
  ""coordinates"": [
    -8.300623951138660e+01,
    4.234533307950510e+01
  ],
  ""type"": ""Point""
}","{
  ""coordinates"": [
    -83.006239511,
    42.34533308
  ],
  ""type"": ""Point""
}",-83.006239511,42.34533308
21709,1367798,I-94,WHITTIER,2018-05-05,5,5,2018,14,7,5,1,,1,0,Asphalt,1,1,1,55,3,3,2,5,0,0,0,0,true,false,false,false,true,false,false,false,false,false,false,false,false,false,false,false,false,false,false,false,false,false,-82.94476,42.4119,"{
  ""coordinates"": [
    -8.294475705214811e+01,
    4.241190225649760e+01
  ],
  ""type"": ""Point""
}","{
  ""coordinates"": [
    -82.944757052,
    42.411902256
  ],
  ""type"": ""Point""
}",-82.9447570519999,42.4119022560001
21710,1367062,HUBBARD,BAGLEY,2018-05-05,5,5,2018,20,7,97,9,,,0,,1,1,3,25,1,2,0,5,0,0,0,0,true,false,false,false,true,false,false,false,false,false,false,false,false,false,false,false,false,false,false,false,false,false,-83.09126,42.32088,"{
  ""coordinates"": [
    -8.309125807356700e+01,
    4.232088074107610e+01
  ],
  ""type"": ""Point""
}","{
  ""coordinates"": [
    -83.091258074,
    42.320880741
  ],
  ""type"": ""Point""
}",-83.0912580739999,42.3208807410001
21711,1367054,PIEDMONT,JOY,2018-05-05,5,5,2018,17,7,4,9,,,0,,1,1,1,25,3,2,1,5,0,0,0,0,true,false,false,false,false,false,false,true,false,false,false,false,false,false,false,false,false,false,false,false,false,false,-83.22862,42.35713,"{
  ""coordinates"": [
    -8.322862624088940e+01,
    4.235713085742680e+01
  ],
  ""type"": ""Point""
}","{
  ""coordinates"": [
    -83.228626241,
    42.357130857
  ],
  ""type"": ""Point""
}",-83.228626241,42.3571308570001
21712,1375480,I-94,I-96,2018-05-05,5,5,2018,19,7,8,1,,1,0,Asphalt,1,1,1,70,3,2,3,5,0,0,0,0,true,false,false,false,true,false,false,false,false,false,false,false,false,false,false,false,false,false,false,false,false,false,-83.11573,42.34276,"{
  ""coordinates"": [
    -8.311573394786180e+01,
    4.234276174154840e+01
  ],
  ""type"": ""Point""
}","{
  ""coordinates"": [
    -83.115733948,
    42.342761742
  ],
  ""type"": ""Point""
}",-83.115733948,42.3427617420001
21713,1365819,WATERMAN,DESMOND,2018-05-05,5,5,2018,12,7,1,9,,4,1,Asphalt,1,1,1,25,2,1,1,5,0,0,0,0,true,false,false,false,false,false,false,false,false,false,false,false,false,false,false,true,false,false,false,false,false,false,-83.11465,42.31319,"{
  ""coordinates"": [
    -8.311465787404489e+01,
    4.231318969571540e+01
  ],
  ""type"": ""Point""
}","{
  ""coordinates"": [
    -83.114657874,
    42.313189696
  ],
  ""type"": ""Point""
}",-83.114657874,42.3131896960001
21714,1368808,SOUTHFIELD SERVICE DRIVE,OUTER,2018-05-05,5,5,2018,16,7,5,9,,4,0,Asphalt,1,1,1,55,4,2,2,4,0,0,0,2,false,false,false,false,false,false,false,false,false,false,true,false,false,false,false,false,false,false,false,false,false,false,-83.21865,42.41903,"{
  ""coordinates"": [
    -8.321865079531220e+01,
    4.241902356008840e+01
  ],
  ""type"": ""Point""
}","{
  ""coordinates"": [
    -83.218650795,
    42.41902356
  ],
  ""type"": ""Point""
}",-83.218650795,42.41902356
21715,1365778,HUBBELL,GRAND,2018-05-05,5,5,2018,17,7,8,3,,4,0,Asphalt,1,1,1,35,3,2,2,5,0,0,0,0,true,false,false,false,true,false,false,false,false,false,false,false,false,false,false,false,false,false,false,false,false,false,-83.18838,42.38853,"{
  ""coordinates"": [
    -8.318837441742700e+01,
    4.238853191908320e+01
  ],
  ""type"": ""Point""
}","{
  ""coordinates"": [
    -83.188374417,
    42.388531919
  ],
  ""type"": ""Point""
}",-83.188374417,42.3885319190001
21716,1373944,HAYES,HARPER,2018-05-05,5,5,2018,14,7,5,9,,4,0,Asphalt,1,1,1,30,9,2,1,5,0,0,0,0,true,false,false,false,true,false,false,false,false,false,false,false,false,false,false,false,false,false,false,false,false,false,-82.96433,42.40475,"{
  ""coordinates"": [
    -8.296433396689700e+01,
    4.240475281431340e+01
  ],
  ""type"": ""Point""
}","{
  ""coordinates"": [
    -82.964333967,
    42.404752814
  ],
  ""type"": ""Point""
}",-82.964333967,42.4047528140001
21717,1384215,ROSSITER,YORKSHIRE,2018-05-05,5,5,2018,20,7,98,9,,,0,,1,1,3,25,2,2,0,5,0,0,0,0,true,false,false,false,true,false,false,false,false,false,false,true,false,false,false,false,false,false,false,true,false,false,-82.95364,42.41932,"{
  ""coordinates"": [
    -8.295364006464520e+01,
    4.241931813037650e+01
  ],
  ""type"": ""Point""
}","{
  ""coordinates"": [
    -82.953640065,
    42.41931813
  ],
  ""type"": ""Point""
}",-82.9536400649999,42.4193181300001
21718,1369556,GRATIOT,HAZELRIDGE,2018-05-05,5,5,2018,15,7,5,3,,1,0,Asphalt,1,1,1,35,4,2,6,4,0,0,0,1,false,false,false,false,false,false,false,false,false,false,false,false,false,false,false,false,true,false,false,false,false,false,-82.98463,42.42455,"{
  ""coordinates"": [
    -8.298463487588000e+01,
    4.242455407642480e+01
  ],
  ""type"": ""Point""
}","{
  ""coordinates"": [
    -82.984634876,
    42.424554076
  ],
  ""type"": ""Point""
}",-82.984634876,42.424554076
21719,1373943,OUTER,7 MILE,2018-05-05,5,5,2018,14,7,8,9,,2,0,Asphalt,1,1,1,35,8,2,1,5,0,0,0,0,true,false,false,false,true,false,false,false,false,false,false,false,false,false,false,false,false,false,false,false,false,false,-83.17576,42.43127,"{
  ""coordinates"": [
    -8.317575849834761e+01,
    4.243126551771380e+01
  ],
  ""type"": ""Point""
}","{
  ""coordinates"": [
    -83.175758498,
    42.431265518
  ],
  ""type"": ""Point""
}",-83.1757584979999,42.431265518
21720,1370278,LIVERNOIS,7 MILE,2018-05-05,5,5,2018,18,7,5,9,,4,0,Asphalt,1,1,1,30,2,2,2,5,0,0,0,0,true,false,false,false,false,false,false,false,false,false,false,false,false,false,true,false,false,false,false,false,false,false,-83.14158,42.43168,"{
  ""coordinates"": [
    -8.314157988274300e+01,
    4.243167779630140e+01
  ],
  ""type"": ""Point""
}","{
  ""coordinates"": [
    -83.141579883,
    42.431677796
  ],
  ""type"": ""Point""
}",-83.141579883,42.431677796
21721,1369540,BAGLEY,24TH,2018-05-05,5,5,2018,19,7,5,9,,,0,,1,1,1,25,3,2,2,4,0,0,0,2,false,false,false,false,true,false,false,false,false,false,false,false,false,false,false,false,false,false,false,false,false,false,-83.08606,42.32295,"{
  ""coordinates"": [
    -8.308606207811430e+01,
    4.232295070195870e+01
  ],
  ""type"": ""Point""
}","{
  ""coordinates"": [
    -83.086062078,
    42.322950702
  ],
  ""type"": ""Point""
}",-83.0860620779999,42.3229507020001
21722,1370220,M-39,8 MILE,2018-05-05,5,5,2018,23,7,1,3,,1,1,Concrete,1,1,4,55,3,1,1,5,0,0,0,0,true,false,false,false,false,false,false,false,false,false,false,false,false,false,false,false,false,false,false,false,false,false,-83.21965,42.44334,"{
  ""coordinates"": [
    -8.321965055158969e+01,
    4.244334507603050e+01
  ],
  ""type"": ""Point""
}","{
  ""coordinates"": [
    -83.219650552,
    42.443345076
  ],
  ""type"": ""Point""
}",-83.219650552,42.4433450760001
21723,1373918,LAKEWOOD,SCRIPPS,2018-05-05,5,5,2018,12,7,8,9,,5,3,Asphalt,1,1,1,25,2,2,0,5,0,0,0,0,true,false,false,false,true,false,false,false,false,false,false,false,false,false,false,false,false,false,false,false,false,false,-82.93803,42.36061,"{
  ""coordinates"": [
    -8.293802800748649e+01,
    4.236060931871780e+01
  ],
  ""type"": ""Point""
}","{
  ""coordinates"": [
    -82.938028007,
    42.360609319
  ],
  ""type"": ""Point""
}",-82.938028007,42.360609319
21724,1392369,GRATIOT,GRAND,2018-05-05,5,5,2018,23,7,5,1,,1,0,Asphalt,1,1,5,35,7,2,5,5,0,0,0,0,true,false,false,false,false,true,false,false,false,false,false,false,false,false,false,false,false,false,false,false,false,false,-83.08437,42.31625,"{
  ""coordinates"": [
    -8.308437685339570e+01,
    4.231624742127680e+01
  ],
  ""type"": ""Point""
}","{
  ""coordinates"": [
    -83.084376853,
    42.316247421
  ],
  ""type"": ""Point""
}",-83.084376853,42.3162474210001
21725,1375490,I-75,EIGHT MILE,2018-05-05,5,5,2018,20,7,97,1,,1,0,Asphalt,1,1,1,70,3,1,5,5,0,0,0,0,true,false,false,false,false,false,false,false,false,false,false,false,false,false,false,false,false,false,false,false,false,false,-83.09491,42.43233,"{
  ""coordinates"": [
    -8.309490861843760e+01,
    4.243232708691450e+01
  ],
  ""type"": ""Point""
}","{
  ""coordinates"": [
    -83.094908618,
    42.432327087
  ],
  ""type"": ""Point""
}",-83.094908618,42.432327087
21726,1367075,VANDYKE,MAYWOOD,2018-05-05,5,5,2018,13,7,5,3,,1,0,Asphalt,1,1,1,35,4,4,14,4,0,0,0,1,false,false,false,false,false,false,false,false,false,false,false,false,false,true,false,false,false,false,false,false,false,false,-83.02258,42.39127,"{
  ""coordinates"": [
    -8.302257988146140e+01,
    4.239127388323940e+01
  ],
  ""type"": ""Point""
}","{
  ""coordinates"": [
    -83.022579881,
    42.391273883
  ],
  ""type"": ""Point""
}",-83.022579881,42.3912738830001
21727,1375523,GRINNELL,VAN DYKE,2018-05-05,5,5,2018,23,7,4,3,,4,0,Asphalt,1,1,5,35,2,2,2,5,0,0,0,0,true,false,false,false,false,false,false,false,false,false,false,false,false,false,false,false,false,false,false,false,false,false,-83.02306,42.40096,"{
  ""coordinates"": [
    -8.302306714674511e+01,
    4.240095521033600e+01
  ],
  ""type"": ""Point""
}","{
  ""coordinates"": [
    -83.023067147,
    42.40095521
  ],
  ""type"": ""Point""
}",-83.0230671469999,42.4009552100001
21728,1370274,7 MILE,WYOMING,2018-05-05,5,5,2018,13,7,97,9,,2,0,Asphalt,1,1,1,35,4,2,0,3,0,0,1,0,false,false,false,false,true,false,false,false,false,false,false,false,true,false,false,false,false,false,false,false,false,false,-83.16173,42.43134,"{
  ""coordinates"": [
    -8.316172952235910e+01,
    4.243133765844870e+01
  ],
  ""type"": ""Point""
}","{
  ""coordinates"": [
    -83.161729522,
    42.431337658
  ],
  ""type"": ""Point""
}",-83.161729522,42.4313376580001
21729,1373120,RAMP 051B,TELEGRAPH,2018-05-05,5,5,2018,14,7,5,2,,1,0,Concrete,1,1,1,40,1,2,3,5,0,0,0,0,true,false,false,false,false,false,false,false,false,false,false,false,false,true,false,false,false,false,false,false,false,false,-83.27833,42.44229,"{
  ""coordinates"": [
    -8.327832631621880e+01,
    4.244229266672980e+01
  ],
  ""type"": ""Point""
}","{
  ""coordinates"": [
    -83.278326316,
    42.442292667
  ],
  ""type"": ""Point""
}",-83.2783263159999,42.4422926670001
21730,1369542,N M 39,JOY,2018-05-05,5,5,2018,10,7,5,3,,1,0,Asphalt,1,1,1,25,2,2,1,5,0,0,0,0,true,false,false,false,true,false,false,false,false,false,false,false,false,true,false,false,false,false,false,false,false,false,-83.2164,42.35793,"{
  ""coordinates"": [
    -8.321639975160140e+01,
    4.235792376182130e+01
  ],
  ""type"": ""Point""
}","{
  ""coordinates"": [
    -83.216399752,
    42.357923762
  ],
  ""type"": ""Point""
}",-83.216399752,42.357923762
21731,1374716,WARREN,NOTTINGHAM,2018-05-05,5,5,2018,13,7,2,9,,4,2,Asphalt,1,1,1,35,4,2,3,5,0,0,0,0,true,false,false,false,false,false,false,false,false,false,false,false,false,false,false,false,false,false,false,false,false,false,-82.94881,42.39911,"{
  ""coordinates"": [
    -8.294880556345660e+01,
    4.239911446826060e+01
  ],
  ""type"": ""Point""
}","{
  ""coordinates"": [
    -82.948805563,
    42.399114468
  ],
  ""type"": ""Point""
}",-82.948805563,42.3991144680001
21732,1370214,M-39,PLYMOUTH,2018-05-05,5,5,2018,17,7,5,3,,1,0,Asphalt,1,2,1,55,3,3,5,5,0,0,0,0,true,false,false,false,false,false,false,false,false,false,true,false,false,false,false,false,false,false,false,false,false,false,-83.21671,42.37087,"{
  ""coordinates"": [
    -8.321670756756230e+01,
    4.237087358892220e+01
  ],
  ""type"": ""Point""
}","{
  ""coordinates"": [
    -83.216707568,
    42.370873589
  ],
  ""type"": ""Point""
}",-83.2167075679999,42.370873589
21733,1368806,SOUTHFIELD SERVICE DRIVE,OUTER,2018-05-05,5,5,2018,14,7,5,9,,4,0,Asphalt,1,1,1,55,3,3,5,5,0,0,0,0,true,false,false,false,false,false,false,false,false,false,false,false,false,false,false,false,false,false,false,false,false,false,-83.21919,42.41899,"{
  ""coordinates"": [
    -8.321919359921530e+01,
    4.241899513581130e+01
  ],
  ""type"": ""Point""
}","{
  ""coordinates"": [
    -83.219193599,
    42.418995136
  ],
  ""type"": ""Point""
}",-83.2191935989999,42.418995136
21734,1368645,8 MILE,N M 10,2018-05-05,5,5,2018,15,7,4,3,,1,0,Asphalt,1,1,1,30,5,2,1,5,0,0,0,0,true,false,false,false,false,false,false,false,false,false,false,false,false,false,false,false,false,false,false,true,false,false,-83.20341,42.44469,"{
  ""coordinates"": [
    -8.320341421005899e+01,
    4.244468773096100e+01
  ],
  ""type"": ""Point""
}","{
  ""coordinates"": [
    -83.20341421,
    42.444687731
  ],
  ""type"": ""Point""
}",-83.2034142099999,42.444687731
21735,1371404,MT ELLIOTT,STRONG,2018-05-05,5,5,2018,23,7,8,9,,4,0,Asphalt,1,1,4,35,4,2,2,5,0,0,0,0,true,false,false,false,false,true,false,false,false,false,true,false,false,false,false,true,false,false,false,false,false,false,-83.03864,42.38538,"{
  ""coordinates"": [
    -8.303863554856940e+01,
    4.238537873263450e+01
  ],
  ""type"": ""Point""
}","{
  ""coordinates"": [
    -83.038635549,
    42.385378733
  ],
  ""type"": ""Point""
}",-83.0386355489999,42.385378733
21736,1365865,8 MILE,FAIRPORT,2018-05-05,5,5,2018,11,7,5,3,,1,0,Asphalt,1,1,1,35,8,2,1,5,0,0,0,0,true,false,false,false,true,false,false,false,false,false,false,false,false,false,false,false,false,false,false,false,false,false,-82.99173,42.44914,"{
  ""coordinates"": [
    -8.299172671776310e+01,
    4.244914246760440e+01
  ],
  ""type"": ""Point""
}","{
  ""coordinates"": [
    -82.991726718,
    42.449142468
  ],
  ""type"": ""Point""
}",-82.9917267179999,42.449142468
21737,1365780,GREENFIELD,EATON,2018-05-05,5,5,2018,15,7,4,9,,2,0,Asphalt,1,1,1,35,4,2,4,5,0,0,0,0,true,false,false,false,false,false,false,false,false,false,false,false,false,true,false,false,false,false,false,false,false,false,-83.19852,42.39666,"{
  ""coordinates"": [
    -8.319852821440780e+01,
    4.239665573006310e+01
  ],
  ""type"": ""Point""
}","{
  ""coordinates"": [
    -83.198528214,
    42.39665573
  ],
  ""type"": ""Point""
}",-83.198528214,42.3966557300001
21738,1365840,TELEGRAPH,MCNICHOLS,2018-05-05,5,5,2018,0,7,4,2,,1,0,Asphalt,1,2,4,45,4,2,4,1,1,0,2,0,false,false,false,false,false,true,true,true,true,true,false,false,false,false,false,false,false,false,false,false,false,false,-83.27697,42.41466,"{
  ""coordinates"": [
    -8.327697342156070e+01,
    4.241466053989440e+01
  ],
  ""type"": ""Point""
}","{
  ""coordinates"": [
    -83.276973422,
    42.41466054
  ],
  ""type"": ""Point""
}",-83.276973422,42.4146605400001
21739,1371409,FOREST,MORAN,2018-05-05,5,5,2018,,7,4,9,,4,0,Asphalt,1,1,1,35,5,2,2,5,0,0,0,0,true,false,false,false,false,false,false,false,false,false,false,false,false,true,false,false,false,false,false,false,false,false,-83.03038,42.36689,"{
  ""coordinates"": [
    -8.303038298531420e+01,
    4.236688486205610e+01
  ],
  ""type"": ""Point""
}","{
  ""coordinates"": [
    -83.030382985,
    42.366884862
  ],
  ""type"": ""Point""
}",-83.030382985,42.3668848620001
21740,1371462,MARTIN LUTHER KING JR,M 10 SERVICE,2018-05-05,5,5,2018,8,7,4,9,,4,0,Asphalt,1,1,1,25,2,2,3,4,0,0,0,1,false,false,true,true,false,false,false,false,false,false,false,false,false,false,false,false,false,false,false,false,false,false,-83.06776,42.34346,"{
  ""coordinates"": [
    -8.306776149716841e+01,
    4.234346263284800e+01
  ],
  ""type"": ""Point""
}","{
  ""coordinates"": [
    -83.067761497,
    42.343462633
  ],
  ""type"": ""Point""
}",-83.0677614969999,42.3434626330001
21741,1367801,S/B I-375,GRATIOT,2018-05-05,5,5,2018,14,7,1,1,,1,1,Asphalt,1,1,1,55,4,1,1,5,0,0,0,0,true,false,false,false,false,false,false,false,false,true,false,false,false,false,false,false,false,false,false,false,false,false,-83.04288,42.34082,"{
  ""coordinates"": [
    -8.304287609571570e+01,
    4.234082197269540e+01
  ],
  ""type"": ""Point""
}","{
  ""coordinates"": [
    -83.042876096,
    42.340821973
  ],
  ""type"": ""Point""
}",-83.042876096,42.3408219730001
21742,1397552,GREENFIELD,PURITAN,2018-05-05,5,5,2018,22,7,4,9,,2,0,Asphalt,1,1,4,35,4,4,5,1,2,1,0,0,false,false,false,false,false,true,false,false,false,false,false,false,false,true,false,false,false,false,false,false,false,false,-83.19901,42.40874,"{
  ""coordinates"": [
    -8.319901624830371e+01,
    4.240873652678340e+01
  ],
  ""type"": ""Point""
}","{
  ""coordinates"": [
    -83.199016248,
    42.408736527
  ],
  ""type"": ""Point""
}",-83.199016248,42.408736527
21743,1365849,MCNICHOLS,N M 39,2018-05-05,5,5,2018,18,7,8,9,,2,0,Asphalt,1,1,1,35,3,2,1,5,0,0,0,0,true,false,true,false,true,false,false,false,false,false,false,false,false,false,false,false,false,false,false,false,false,false,-83.21874,42.41555,"{
  ""coordinates"": [
    -8.321874119842970e+01,
    4.241555261489030e+01
  ],
  ""type"": ""Point""
}","{
  ""coordinates"": [
    -83.218741198,
    42.415552615
  ],
  ""type"": ""Point""
}",-83.218741198,42.4155526150001
21744,1368604,HOLBROOK,DELMAR,2018-05-05,5,5,2018,15,7,8,9,,4,0,Asphalt,1,1,1,25,2,2,2,5,0,0,0,0,true,false,false,false,false,false,false,false,false,false,false,false,false,false,true,false,false,false,false,false,false,false,-83.06927,42.38585,"{
  ""coordinates"": [
    -8.306927311170941e+01,
    4.238585324635550e+01
  ],
  ""type"": ""Point""
}","{
  ""coordinates"": [
    -83.069273112,
    42.385853246
  ],
  ""type"": ""Point""
}",-83.069273112,42.3858532460001
21745,1367885,MCNICHOLS,BIRWOOD,2018-05-05,5,5,2018,22,7,8,9,,2,3,Asphalt,1,1,4,30,4,2,0,5,0,0,0,0,true,false,false,false,true,false,false,false,false,false,false,false,false,false,false,false,false,false,false,false,false,false,-83.16503,42.4168,"{
  ""coordinates"": [
    -8.316503132893580e+01,
    4.241679886605640e+01
  ],
  ""type"": ""Point""
}","{
  ""coordinates"": [
    -83.165031329,
    42.416798866
  ],
  ""type"": ""Point""
}",-83.165031329,42.4167988660001
21746,1367836,GRAND RIVER,GREENFIELD,2018-05-05,5,5,2018,1,7,97,3,,1,0,Asphalt,1,1,4,35,4,1,1,5,0,0,0,0,true,false,false,false,true,false,false,false,false,false,false,false,false,false,false,false,false,false,false,false,false,false,-83.19843,42.39268,"{
  ""coordinates"": [
    -8.319843588206540e+01,
    4.239268497684870e+01
  ],
  ""type"": ""Point""
}","{
  ""coordinates"": [
    -83.198435882,
    42.392684977
  ],
  ""type"": ""Point""
}",-83.198435882,42.392684977
21747,1368613,MOUNT ELLIOT,PRESTON,2018-05-05,5,5,2018,22,7,8,9,,4,0,Asphalt,1,1,5,30,4,2,1,4,0,0,0,1,false,false,false,false,true,false,false,false,false,false,false,false,false,false,false,false,false,false,false,true,false,false,-83.02091,42.36023,"{
  ""coordinates"": [
    -8.302091045791870e+01,
    4.236022978252320e+01
  ],
  ""type"": ""Point""
}","{
  ""coordinates"": [
    -83.020910458,
    42.360229783
  ],
  ""type"": ""Point""
}",-83.0209104579999,42.3602297830001
21748,1375576,VERNOR,GRAND,2018-05-05,5,5,2018,15,7,4,9,,4,0,Asphalt,1,1,1,,2,2,3,3,0,0,2,1,false,false,true,true,true,false,false,true,false,false,false,false,false,false,true,false,false,false,false,false,false,false,-83.00863,42.3578,"{
  ""coordinates"": [
    -8.300862619631791e+01,
    4.235780169942500e+01
  ],
  ""type"": ""Point""
}","{
  ""coordinates"": [
    -83.008626196,
    42.357801699
  ],
  ""type"": ""Point""
}",-83.008626196,42.357801699
21749,1382689,MILWAUKEE,WOODWARD,2018-05-05,5,5,2018,2,7,9,3,,4,2,Asphalt,1,1,4,,2,2,2,5,0,0,0,0,true,false,false,false,true,false,false,false,false,false,false,false,false,false,true,false,false,false,false,false,false,false,-83.07233,42.36921,"{
  ""coordinates"": [
    -8.307233518725801e+01,
    4.236920632360850e+01
  ],
  ""type"": ""Point""
}","{
  ""coordinates"": [
    -83.072335187,
    42.369206324
  ],
  ""type"": ""Point""
}",-83.072335187,42.3692063240001
21750,1367082,WARRINGTON,NORFOLK,2018-05-05,5,5,2018,12,7,98,9,,,0,,1,1,5,25,2,2,3,5,0,0,0,0,true,false,false,false,false,false,false,false,false,false,false,false,false,false,false,false,false,false,false,false,false,false,-83.14084,42.44371,"{
  ""coordinates"": [
    -8.314083524460500e+01,
    4.244371483971570e+01
  ],
  ""type"": ""Point""
}","{
  ""coordinates"": [
    -83.140835245,
    42.44371484
  ],
  ""type"": ""Point""
}",-83.1408352449999,42.44371484
21751,1365779,SUSSEX,JOY,2018-05-05,5,5,2018,12,7,10,9,,,0,,1,1,1,25,2,2,0,5,0,0,0,0,true,false,false,false,true,false,false,false,false,false,false,false,false,false,false,false,false,false,false,false,false,false,-83.19381,42.35847,"{
  ""coordinates"": [
    -8.319380909731650e+01,
    4.235846696148950e+01
  ],
  ""type"": ""Point""
}","{
  ""coordinates"": [
    -83.193809097,
    42.358466961
  ],
  ""type"": ""Point""
}",-83.193809097,42.358466961
21752,1374743,ELMHURST,NARDIN PARK,2018-05-05,5,5,2018,17,7,4,9,,4,0,Asphalt,1,1,1,15,2,2,2,4,0,0,0,2,false,false,false,false,true,false,false,false,false,false,false,false,false,true,false,false,false,false,false,false,false,false,-83.13702,42.37636,"{
  ""coordinates"": [
    -8.313702006259381e+01,
    4.237636026859770e+01
  ],
  ""type"": ""Point""
}","{
  ""coordinates"": [
    -83.137020063,
    42.376360269
  ],
  ""type"": ""Point""
}",-83.137020063,42.376360269
21753,1367061,BELTON,GREENFIELD,2018-05-05,5,5,2018,13,7,97,9,,,0,,1,1,1,25,4,4,4,4,0,0,0,1,false,false,true,true,false,false,false,false,false,false,false,false,false,false,false,false,false,false,false,false,false,false,-83.19663,42.3534,"{
  ""coordinates"": [
    -8.319663367344840e+01,
    4.235340103683110e+01
  ],
  ""type"": ""Point""
}","{
  ""coordinates"": [
    -83.196633673,
    42.353401037
  ],
  ""type"": ""Point""
}",-83.196633673,42.353401037
21754,1365898,LIVERNOIS,SAINT MARTINS,2018-05-04,4,5,2018,14,6,5,9,,4,0,Asphalt,2,4,1,30,2,3,2,4,0,0,0,1,false,false,false,false,false,false,false,false,true,false,false,false,false,false,false,false,false,false,false,false,false,false,-83.14157,42.43686,"{
  ""coordinates"": [
    -8.314157011451491e+01,
    4.243686068542920e+01
  ],
  ""type"": ""Point""
}","{
  ""coordinates"": [
    -83.141570115,
    42.436860685
  ],
  ""type"": ""Point""
}",-83.141570115,42.4368606850001
21755,1365887,MOENART,CORDOVA,2018-05-04,4,5,2018,8,6,5,9,,,0,,1,1,1,10,1,2,2,5,0,0,0,0,true,false,false,false,true,false,false,false,false,false,false,false,false,false,false,false,false,false,false,false,false,false,-83.05051,42.44184,"{
  ""coordinates"": [
    -8.305050594056000e+01,
    4.244183823544880e+01
  ],
  ""type"": ""Point""
}","{
  ""coordinates"": [
    -83.050505941,
    42.441838235
  ],
  ""type"": ""Point""
}",-83.050505941,42.441838235
21756,1378963,CANIFF,ALPENA,2018-05-04,4,5,2018,14,6,5,9,,4,0,Asphalt,1,1,1,25,2,2,3,5,0,0,0,0,true,false,false,false,false,false,false,false,false,false,false,false,false,false,true,false,false,false,false,false,false,false,-83.04427,42.40557,"{
  ""coordinates"": [
    -8.304427504783250e+01,
    4.240557619869700e+01
  ],
  ""type"": ""Point""
}","{
  ""coordinates"": [
    -83.044275048,
    42.405576199
  ],
  ""type"": ""Point""
}",-83.044275048,42.4055761990001
21757,1368602,GRAND,E I 96,2018-05-04,4,5,2018,22,6,4,9,,4,0,Concrete,1,1,4,30,4,2,1,3,0,0,1,0,false,false,false,false,true,false,false,false,true,false,false,false,false,false,false,false,false,false,false,false,false,false,-83.1104,42.35568,"{
  ""coordinates"": [
    -8.311040166633610e+01,
    4.235568414346560e+01
  ],
  ""type"": ""Point""
}","{
  ""coordinates"": [
    -83.110401666,
    42.355684143
  ],
  ""type"": ""Point""
}",-83.110401666,42.3556841430001
21758,1365768,SCHAEFER,LYNDON,2018-05-04,4,5,2018,1,6,2,9,,4,2,Asphalt,2,4,4,35,3,2,2,3,0,0,1,0,false,false,false,false,false,false,false,false,false,false,false,false,false,false,false,false,false,false,false,false,false,false,-83.17878,42.39428,"{
  ""coordinates"": [
    -8.317877812833279e+01,
    4.239427511399060e+01
  ],
  ""type"": ""Point""
}","{
  ""coordinates"": [
    -83.178778128,
    42.394275114
  ],
  ""type"": ""Point""
}",-83.178778128,42.394275114
21759,1365880,NB I-75,DAVISON,2018-05-04,4,5,2018,9,6,8,1,,1,0,Concrete,1,2,1,,3,2,1,5,0,0,0,0,true,false,false,false,true,false,false,false,false,false,false,false,false,true,false,false,false,false,false,false,false,false,-83.07971,42.40921,"{
  ""coordinates"": [
    -8.307971070664991e+01,
    4.240921565679890e+01
  ],
  ""type"": ""Point""
}","{
  ""coordinates"": [
    -83.079710707,
    42.409215657
  ],
  ""type"": ""Point""
}",-83.0797107069999,42.4092156570001