ObjectId,Crash ID,Primary Road,Intersecting Road,Crash Date,Day,Month,Year,Hour,Weekday,Crash Type Code,Highway Classification Code,Community Code,Jurisdiction Code,Lane Departure Type Code,Surface Type,Road Condition,Weather Condition,Lighting Condition,Speed Limit,Lanes,Units,Occupants,Most Severe Injury,Fatal Injuries,Suspected Serious Injuries,Suspected Minor Injuries,Possible Injuries,Property Damage Only,Secondary Crash,Traffic Control,Red Light Run,Hit and Run,Alcohol,Drugs,Unbelted Person,Work Zone,Speeding Driver,Distracted Driver,Driveway,Pedestrian,Elderly Driver,Young Driver,Commercial Vehicle,Emergency Vehicles,Train,School Bus,Motorcycle,Bicycle,Deer,Longitude,Latitude,geom,geog,x,y
21814,1365889,CONCORD,MCNICHOLS,2018-05-04,4,5,2018,22,6,97,9,,,1,,1,2,4,25,1,1,1,5,0,0,0,0,true,false,false,false,false,false,false,false,false,false,false,false,false,false,false,false,false,false,false,false,false,false,-83.03164,42.41935,"{
  ""coordinates"": [
    -8.303163713704841e+01,
    4.241935331362290e+01
  ],
  ""type"": ""Point""
}","{
  ""coordinates"": [
    -83.031637137,
    42.419353314
  ],
  ""type"": ""Point""
}",-83.031637137,42.419353314
21815,1367050,N M 39 SERVICE DRIVE,JOY,2018-05-04,4,5,2018,19,6,8,9,,4,0,Asphalt,1,1,1,55,3,2,1,5,0,0,0,0,true,false,false,false,true,false,false,false,false,false,false,false,false,false,false,false,false,false,false,false,false,false,-83.21607,42.35773,"{
  ""coordinates"": [
    -8.321607153624470e+01,
    4.235772873632010e+01
  ],
  ""type"": ""Point""
}","{
  ""coordinates"": [
    -83.216071536,
    42.357728736
  ],
  ""type"": ""Point""
}",-83.216071536,42.3577287360001
21816,1365829,MCNICHOLS,ARDMORE,2018-05-04,4,5,2018,17,6,97,9,,2,0,Asphalt,1,1,1,35,2,4,2,4,0,0,0,2,false,false,true,false,false,false,false,false,false,false,false,false,false,false,true,false,false,false,false,false,false,false,-83.18476,42.41653,"{
  ""coordinates"": [
    -8.318476061508940e+01,
    4.241653069124860e+01
  ],
  ""type"": ""Point""
}","{
  ""coordinates"": [
    -83.184760615,
    42.416530691
  ],
  ""type"": ""Point""
}",-83.184760615,42.416530691
21817,1372353,W I 94,RAMP 213M,2018-05-04,4,5,2018,15,6,4,1,,1,0,Asphalt,2,1,1,45,4,2,2,5,0,0,0,0,true,false,false,false,false,false,false,false,false,false,true,false,false,true,false,false,false,false,false,false,false,false,-83.10019,42.3499,"{
  ""coordinates"": [
    -8.310019157144500e+01,
    4.234989537119910e+01
  ],
  ""type"": ""Point""
}","{
  ""coordinates"": [
    -83.100191571,
    42.349895371
  ],
  ""type"": ""Point""
}",-83.100191571,42.3498953710001
21818,1365814,FORT,SPRINGWELL,2018-05-04,4,5,2018,12,6,5,3,,1,0,Asphalt,1,1,1,30,4,2,3,5,0,0,0,0,true,false,false,false,false,false,false,false,false,false,false,false,false,false,false,false,false,false,false,false,false,false,-83.13567,42.29396,"{
  ""coordinates"": [
    -8.313566624413150e+01,
    4.229396210700290e+01
  ],
  ""type"": ""Point""
}","{
  ""coordinates"": [
    -83.135666244,
    42.293962107
  ],
  ""type"": ""Point""
}",-83.1356662439999,42.293962107
21819,1365852,OUTER,SOUTHFIELD SERVICE DRIVE,2018-05-04,4,5,2018,19,6,1,9,,2,1,Asphalt,1,2,1,35,3,1,2,5,0,0,0,0,true,false,false,false,false,false,false,false,false,false,false,false,false,false,false,false,false,false,false,false,false,false,-83.21862,42.41927,"{
  ""coordinates"": [
    -8.321861720878969e+01,
    4.241926845951400e+01
  ],
  ""type"": ""Point""
}","{
  ""coordinates"": [
    -83.218617209,
    42.41926846
  ],
  ""type"": ""Point""
}",-83.2186172089999,42.4192684600001
21820,1374711,WARREN,CHALMERS,2018-05-04,4,5,2018,16,6,5,9,,4,0,Asphalt,1,1,1,30,8,2,2,5,0,0,0,0,true,false,false,false,false,false,false,false,false,false,false,false,false,false,false,false,false,false,false,false,false,false,-82.95896,42.39541,"{
  ""coordinates"": [
    -8.295896104310521e+01,
    4.239540743799820e+01
  ],
  ""type"": ""Point""
}","{
  ""coordinates"": [
    -82.958961043,
    42.395407438
  ],
  ""type"": ""Point""
}",-82.958961043,42.3954074380001
21821,1369538,EVERGREEN,FENKELL,2018-05-04,4,5,2018,18,6,6,9,,4,0,Asphalt,1,1,1,40,2,2,1,5,0,0,0,0,true,false,false,false,false,false,false,false,false,false,false,false,false,false,false,false,false,false,false,false,false,false,-83.23741,42.40039,"{
  ""coordinates"": [
    -8.323741322300660e+01,
    4.240039449939520e+01
  ],
  ""type"": ""Point""
}","{
  ""coordinates"": [
    -83.237413223,
    42.400394499
  ],
  ""type"": ""Point""
}",-83.237413223,42.4003944990001
21822,1370210,RAMP 213M,RAMP 213I,2018-05-04,4,5,2018,18,6,8,1,,1,0,Concrete,1,1,1,70,4,3,4,5,0,0,0,0,true,false,false,false,false,false,false,true,false,false,false,false,false,false,false,false,false,false,false,false,false,false,-83.10038,42.3506,"{
  ""coordinates"": [
    -8.310038177687640e+01,
    4.235060018577580e+01
  ],
  ""type"": ""Point""
}","{
  ""coordinates"": [
    -83.100381777,
    42.350600186
  ],
  ""type"": ""Point""
}",-83.1003817769999,42.3506001860001
21823,1370251,ROSA PARKS,TEMPLE,2018-05-04,4,5,2018,8,6,8,9,,4,0,Asphalt,1,1,1,30,3,2,1,4,0,0,0,1,false,false,false,false,true,false,false,false,false,false,false,false,false,false,false,false,false,false,false,false,false,false,-83.07496,42.33657,"{
  ""coordinates"": [
    -8.307495847312750e+01,
    4.233656704742050e+01
  ],
  ""type"": ""Point""
}","{
  ""coordinates"": [
    -83.074958473,
    42.336567047
  ],
  ""type"": ""Point""
}",-83.074958473,42.3365670470001
21824,1373095,CADILLAC,ST PAUL,2018-05-04,4,5,2018,7,6,4,9,,4,0,Asphalt,2,2,1,25,2,2,4,4,0,0,0,2,false,false,true,false,false,false,false,false,false,false,false,false,false,false,false,false,false,false,false,false,false,false,-82.98281,42.36245,"{
  ""coordinates"": [
    -8.298280907990571e+01,
    4.236244955034660e+01
  ],
  ""type"": ""Point""
}","{
  ""coordinates"": [
    -82.98280908,
    42.36244955
  ],
  ""type"": ""Point""
}",-82.98280908,42.3624495500001
21825,1374682,M-39,PLYMOUTH,2018-05-04,4,5,2018,19,6,5,3,,1,0,Asphalt,1,1,1,55,3,2,1,5,0,0,0,0,true,false,false,false,true,false,false,false,false,false,false,false,false,false,false,false,false,false,false,false,false,false,-83.21652,42.3708,"{
  ""coordinates"": [
    -8.321652522341600e+01,
    4.237080432951950e+01
  ],
  ""type"": ""Point""
}","{
  ""coordinates"": [
    -83.216525223,
    42.37080433
  ],
  ""type"": ""Point""
}",-83.216525223,42.3708043300001
21826,1367839,MCNICHOLS,GREENFIELD,2018-05-04,4,5,2018,12,6,3,9,,2,0,Asphalt,1,2,1,35,7,2,2,4,0,0,0,1,false,false,false,false,true,false,false,false,false,false,false,false,false,false,false,false,false,false,false,false,false,false,-83.19932,42.41599,"{
  ""coordinates"": [
    -8.319931630710580e+01,
    4.241598347494790e+01
  ],
  ""type"": ""Point""
}","{
  ""coordinates"": [
    -83.199316307,
    42.415983475
  ],
  ""type"": ""Point""
}",-83.1993163069999,42.4159834750001
21827,1365746,N/B M 39,8 MILE,2018-05-04,4,5,2018,16,6,5,3,,1,0,Concrete,1,1,1,55,3,2,3,4,0,0,0,1,false,false,false,false,false,false,false,false,false,false,true,false,false,true,false,false,false,false,false,false,false,false,-83.21968,42.44127,"{
  ""coordinates"": [
    -8.321968429813400e+01,
    4.244127337598910e+01
  ],
  ""type"": ""Point""
}","{
  ""coordinates"": [
    -83.219684298,
    42.441273376
  ],
  ""type"": ""Point""
}",-83.2196842979999,42.441273376
21828,1367854,EVERGREEN,PILGRIM,2018-05-04,4,5,2018,17,6,8,9,,4,0,Asphalt,1,1,1,35,2,2,4,4,0,0,0,3,false,false,false,false,false,false,false,false,false,false,false,false,false,false,false,false,false,false,false,false,false,false,-83.23766,42.40594,"{
  ""coordinates"": [
    -8.323766431767331e+01,
    4.240594203760470e+01
  ],
  ""type"": ""Point""
}","{
  ""coordinates"": [
    -83.237664318,
    42.405942038
  ],
  ""type"": ""Point""
}",-83.237664318,42.405942038
21829,1365794,GRAND,2ND,2018-05-04,4,5,2018,8,6,8,9,,4,0,Concrete,1,1,1,30,3,2,2,5,0,0,0,0,true,false,false,false,false,false,false,false,false,false,false,false,false,false,false,false,false,false,false,false,false,false,-83.08475,42.31697,"{
  ""coordinates"": [
    -8.308475199048669e+01,
    4.231697085110080e+01
  ],
  ""type"": ""Point""
}","{
  ""coordinates"": [
    -83.08475199,
    42.316970851
  ],
  ""type"": ""Point""
}",-83.08475199,42.3169708510001
21830,1365777,HUBBELL,FULLERTON,2018-05-04,4,5,2018,15,6,97,9,,4,0,Asphalt,1,1,1,30,4,3,5,3,0,0,1,2,false,false,false,false,false,false,false,false,false,false,false,false,false,false,false,false,false,false,false,false,false,false,-83.18806,42.38007,"{
  ""coordinates"": [
    -8.318805571147190e+01,
    4.238006677272960e+01
  ],
  ""type"": ""Point""
}","{
  ""coordinates"": [
    -83.188055711,
    42.380066773
  ],
  ""type"": ""Point""
}",-83.1880557109999,42.3800667730001
21831,1365906,GEENFIELD,TROJAN,2018-05-04,4,5,2018,15,6,5,9,,2,0,Asphalt,1,2,1,35,4,2,2,5,0,0,0,0,true,false,false,false,false,false,false,false,false,false,false,false,false,false,false,false,false,false,false,false,false,false,-83.20033,42.44142,"{
  ""coordinates"": [
    -8.320033488729200e+01,
    4.244141652520440e+01
  ],
  ""type"": ""Point""
}","{
  ""coordinates"": [
    -83.200334887,
    42.441416525
  ],
  ""type"": ""Point""
}",-83.2003348869999,42.4414165250001
21832,1367063,MACK,N I 75,2018-05-04,4,5,2018,23,6,5,9,,4,0,Asphalt,1,1,4,,3,3,3,4,0,0,0,2,false,false,false,false,false,false,false,false,false,false,false,false,false,false,false,false,false,false,false,false,false,false,-83.0479,42.35118,"{
  ""coordinates"": [
    -8.304790437418239e+01,
    4.235118641541270e+01
  ],
  ""type"": ""Point""
}","{
  ""coordinates"": [
    -83.047904374,
    42.351186415
  ],
  ""type"": ""Point""
}",-83.047904374,42.351186415
21833,1365860,GRATIOT,LAPPIN,2018-05-04,4,5,2018,14,6,3,3,,1,0,Asphalt,1,2,1,35,7,2,2,5,0,0,0,0,true,false,false,false,false,false,false,false,false,false,false,true,false,false,false,false,false,false,false,false,false,false,-82.97677,42.43648,"{
  ""coordinates"": [
    -8.297677191052200e+01,
    4.243647953024600e+01
  ],
  ""type"": ""Point""
}","{
  ""coordinates"": [
    -82.976771911,
    42.43647953
  ],
  ""type"": ""Point""
}",-82.976771911,42.43647953
21834,1367884,8 MILE,STANSBURY,2018-05-04,4,5,2018,15,6,8,3,,1,0,Asphalt,1,1,1,40,8,2,2,5,0,0,0,0,true,false,false,false,false,false,false,false,false,false,false,false,false,false,false,false,false,false,false,false,false,false,-83.18475,42.44512,"{
  ""coordinates"": [
    -8.318474924819220e+01,
    4.244511948345450e+01
  ],
  ""type"": ""Point""
}","{
  ""coordinates"": [
    -83.184749248,
    42.445119483
  ],
  ""type"": ""Point""
}",-83.1847492479999,42.445119483
21835,1365806,GRAND RIVER,MARTIN LUTHER KING,2018-05-04,4,5,2018,18,6,5,3,,1,0,Asphalt,1,1,1,35,4,2,2,4,0,0,0,1,false,false,false,false,false,false,false,false,false,false,false,false,false,false,false,false,false,false,false,false,false,false,-83.07258,42.34195,"{
  ""coordinates"": [
    -8.307257802589450e+01,
    4.234194871711340e+01
  ],
  ""type"": ""Point""
}","{
  ""coordinates"": [
    -83.072578026,
    42.341948717
  ],
  ""type"": ""Point""
}",-83.072578026,42.341948717
21836,1366978,RAMP 008K,RAMP 008P,2018-05-04,4,5,2018,15,6,5,1,,1,0,Asphalt,1,1,1,55,1,2,2,5,0,0,0,0,true,false,false,false,false,false,false,false,false,false,false,false,false,false,false,false,false,false,false,false,false,false,-83.21706,42.37531,"{
  ""coordinates"": [
    -8.321705438413019e+01,
    4.237530931897410e+01
  ],
  ""type"": ""Point""
}","{
  ""coordinates"": [
    -83.217054384,
    42.375309319
  ],
  ""type"": ""Point""
}",-83.2170543839999,42.3753093190001
21837,1365816,FORT,SCHAEFER,2018-05-04,4,5,2018,19,6,97,3,,1,0,Asphalt,1,1,1,,4,2,2,5,0,0,0,0,true,false,false,false,false,false,false,false,false,false,true,false,false,false,false,false,false,false,false,false,false,false,-83.15501,42.27635,"{
  ""coordinates"": [
    -8.315500492835029e+01,
    4.227635285726150e+01
  ],
  ""type"": ""Point""
}","{
  ""coordinates"": [
    -83.155004928,
    42.276352857
  ],
  ""type"": ""Point""
}",-83.155004928,42.2763528570001
21838,1365812,MCGRAW,HOMEDALE,2018-05-04,4,5,2018,2,6,5,9,,4,0,Asphalt,1,1,4,30,4,2,1,5,0,0,0,0,true,false,false,false,false,false,false,false,false,false,false,false,false,false,false,false,false,false,false,false,false,false,-83.1527,42.33069,"{
  ""coordinates"": [
    -8.315270480222740e+01,
    4.233069252235100e+01
  ],
  ""type"": ""Point""
}","{
  ""coordinates"": [
    -83.152704802,
    42.330692522
  ],
  ""type"": ""Point""
}",-83.152704802,42.330692522
21839,1365828,JEFFERSON,LILLIBRIDGE,2018-05-04,4,5,2018,16,6,5,9,,4,0,Asphalt,1,1,1,35,5,2,3,5,0,0,0,0,true,false,false,false,false,false,false,false,false,false,false,false,false,true,false,false,false,false,false,false,false,false,-82.97283,42.36593,"{
  ""coordinates"": [
    -8.297283553469821e+01,
    4.236593182489590e+01
  ],
  ""type"": ""Point""
}","{
  ""coordinates"": [
    -82.972835535,
    42.365931825
  ],
  ""type"": ""Point""
}",-82.9728355349999,42.3659318250001
21840,1314371,MEYERS,INTERVALE,2018-02-25,25,2,2018,20,1,8,9,,4,0,Asphalt,1,1,4,30,2,2,1,4,0,0,0,1,false,false,false,false,true,false,false,false,false,false,false,false,false,false,false,false,false,false,false,false,false,false,-83.16888,42.39145,"{
  ""coordinates"": [
    -8.316887681352470e+01,
    4.239144568492410e+01
  ],
  ""type"": ""Point""
}","{
  ""coordinates"": [
    -83.168876814,
    42.391445685
  ],
  ""type"": ""Point""
}",-83.168876814,42.3914456850001
21841,1319986,MEYERS,ELLIS,2018-02-25,25,2,2018,1,1,1,9,,4,0,Asphalt,98,98,4,30,5,2,0,2,0,1,0,0,false,false,false,false,true,false,false,false,false,false,false,true,true,false,false,false,false,false,false,false,false,false,-83.16778,42.36046,"{
  ""coordinates"": [
    -8.316777478020261e+01,
    4.236045791610270e+01
  ],
  ""type"": ""Point""
}","{
  ""coordinates"": [
    -83.16777478,
    42.360457916
  ],
  ""type"": ""Point""
}",-83.1677747799999,42.360457916
21842,1310707,JOHN R,FREDERICK DOUGLASS,2018-02-25,25,2,2018,16,1,8,9,,4,0,Asphalt,1,1,1,25,2,2,2,5,0,0,0,0,true,false,false,false,false,false,false,false,false,false,false,false,false,false,false,false,false,false,false,false,false,false,-83.06365,42.35995,"{
  ""coordinates"": [
    -8.306365470827980e+01,
    4.235995190165010e+01
  ],
  ""type"": ""Point""
}","{
  ""coordinates"": [
    -83.063654708,
    42.359951902
  ],
  ""type"": ""Point""
}",-83.0636547079999,42.359951902
21843,1310742,8 MILE,SHERWOOD,2018-02-25,25,2,2018,6,1,5,3,,1,0,Asphalt,1,1,2,,3,2,1,5,0,0,0,0,true,true,false,false,true,false,false,false,false,false,false,false,false,true,false,false,false,false,false,false,false,false,-83.03587,42.44793,"{
  ""coordinates"": [
    -8.303587512887449e+01,
    4.244793162398640e+01
  ],
  ""type"": ""Point""
}","{
  ""coordinates"": [
    -83.035875129,
    42.447931624
  ],
  ""type"": ""Point""
}",-83.035875129,42.447931624
21844,1328696,CADIEUX,CHANDLER PARK,2018-02-25,25,2,2018,2,1,5,9,,4,0,Asphalt,2,4,4,30,4,2,1,5,0,0,0,0,true,false,false,false,false,false,false,false,false,false,false,false,false,false,false,false,false,false,false,false,false,false,-82.93311,42.41108,"{
  ""coordinates"": [
    -8.293310990602910e+01,
    4.241108393523170e+01
  ],
  ""type"": ""Point""
}","{
  ""coordinates"": [
    -82.933109906,
    42.411083935
  ],
  ""type"": ""Point""
}",-82.933109906,42.4110839350001
21845,1310727,BRUSH,MACOMB,2018-02-25,25,2,2018,2,1,9,9,,4,0,Asphalt,2,4,4,25,2,2,2,5,0,0,0,0,true,true,false,false,true,false,false,false,false,true,false,false,false,false,false,false,false,false,false,false,false,false,-83.04417,42.33512,"{
  ""coordinates"": [
    -8.304417132127971e+01,
    4.233511801826520e+01
  ],
  ""type"": ""Point""
}","{
  ""coordinates"": [
    -83.044171321,
    42.335118018
  ],
  ""type"": ""Point""
}",-83.044171321,42.3351180180001
21846,1310733,QUEEN,ALMA,2018-02-25,25,2,2018,4,1,98,9,,,0,,2,4,4,25,2,2,0,5,0,0,0,0,true,false,false,false,true,false,false,false,false,false,false,false,false,false,false,false,false,false,false,false,false,false,-82.96751,42.42157,"{
  ""coordinates"": [
    -8.296751700068550e+01,
    4.242156683796860e+01
  ],
  ""type"": ""Point""
}","{
  ""coordinates"": [
    -82.967517001,
    42.421566838
  ],
  ""type"": ""Point""
}",-82.967517001,42.421566838
21847,1411701,GRATIOT,SAINT AUBIN,2018-02-25,25,2,2018,3,1,3,3,,1,0,Asphalt,2,4,4,30,6,2,4,5,0,0,0,0,true,false,false,false,false,false,false,false,false,false,true,false,false,false,false,false,false,false,false,false,false,false,-83.03431,42.34928,"{
  ""coordinates"": [
    -8.303430914202940e+01,
    4.234928167727020e+01
  ],
  ""type"": ""Point""
}","{
  ""coordinates"": [
    -83.034309142,
    42.349281677
  ],
  ""type"": ""Point""
}",-83.034309142,42.3492816770001
21848,1310740,VAN DYKE,7 MILE,2018-02-25,25,2,2018,16,1,8,3,,1,0,Asphalt,1,1,1,35,5,3,6,5,0,0,0,0,true,false,false,false,false,false,false,false,false,false,false,false,false,true,false,false,false,false,false,false,false,false,-83.02427,42.43424,"{
  ""coordinates"": [
    -8.302426607156620e+01,
    4.243423850401440e+01
  ],
  ""type"": ""Point""
}","{
  ""coordinates"": [
    -83.024266072,
    42.434238504
  ],
  ""type"": ""Point""
}",-83.024266072,42.4342385040001
21849,1310738,MCCKAY,CARPENTER,2018-02-25,25,2,2018,7,1,8,9,,,0,,2,2,2,25,1,2,1,5,0,0,0,0,true,false,false,false,false,false,false,false,false,false,false,false,false,false,false,false,false,false,false,false,false,false,-83.06757,42.40666,"{
  ""coordinates"": [
    -8.306756568532531e+01,
    4.240666359089840e+01
  ],
  ""type"": ""Point""
}","{
  ""coordinates"": [
    -83.067565685,
    42.406663591
  ],
  ""type"": ""Point""
}",-83.067565685,42.406663591
21850,1310713,OAKWOOD,FORDSON,2018-02-25,25,2,2018,13,1,1,9,,,1,,1,1,1,25,5,1,1,2,0,1,0,0,false,false,false,false,false,true,false,false,false,false,false,false,false,false,false,false,false,false,false,false,false,false,-83.15503,42.29066,"{
  ""coordinates"": [
    -8.315502794190461e+01,
    4.229066495182650e+01
  ],
  ""type"": ""Point""
}","{
  ""coordinates"": [
    -83.155027942,
    42.290664952
  ],
  ""type"": ""Point""
}",-83.1550279419999,42.290664952
21851,1310701,N/B I-75,SCHAEFER,2018-02-25,25,2,2018,14,1,1,1,,1,1,Concrete,1,6,1,55,3,1,1,5,0,0,0,0,true,false,false,false,false,false,false,false,true,false,false,false,false,false,false,false,false,false,false,false,false,false,-83.15799,42.27658,"{
  ""coordinates"": [
    -8.315798931206780e+01,
    4.227658397060770e+01
  ],
  ""type"": ""Point""
}","{
  ""coordinates"": [
    -83.157989312,
    42.276583971
  ],
  ""type"": ""Point""
}",-83.157989312,42.276583971
21852,1324966,W/B I-94,I-75,2018-02-25,25,2,2018,2,1,5,1,,1,0,Concrete,2,3,5,55,3,2,2,4,0,0,0,1,false,false,false,false,false,false,false,false,false,false,false,false,false,false,false,false,false,false,false,false,false,false,-83.0558,42.37014,"{
  ""coordinates"": [
    -8.305580004801730e+01,
    4.237014029966270e+01
  ],
  ""type"": ""Point""
}","{
  ""coordinates"": [
    -83.055800048,
    42.3701403
  ],
  ""type"": ""Point""
}",-83.055800048,42.3701403000001
21853,1311392,SEVEN MILE,HUNINGTON,2018-02-25,25,2,2018,23,1,5,9,,2,0,Asphalt,1,1,4,35,5,2,3,4,0,0,0,2,false,false,false,false,true,false,false,false,false,true,false,false,false,false,false,false,false,false,false,false,false,false,-83.23341,42.42972,"{
  ""coordinates"": [
    -8.323340745606970e+01,
    4.242972084588730e+01
  ],
  ""type"": ""Point""
}","{
  ""coordinates"": [
    -83.233407456,
    42.429720846
  ],
  ""type"": ""Point""
}",-83.233407456,42.4297208460001
21854,1312278,GRATIOT,FORDHAM,2018-02-25,25,2,2018,18,1,8,3,,1,0,Asphalt,1,1,4,35,7,2,3,5,0,0,0,0,true,false,false,false,false,false,false,false,false,false,false,false,false,false,false,false,false,false,false,false,false,false,-82.9781,42.43446,"{
  ""coordinates"": [
    -8.297810167668560e+01,
    4.243446085306460e+01
  ],
  ""type"": ""Point""
}","{
  ""coordinates"": [
    -82.978101677,
    42.434460853
  ],
  ""type"": ""Point""
}",-82.978101677,42.4344608530001
21855,1312279,HAYES,OUTER,2018-02-25,25,2,2018,2,1,5,9,,4,0,Asphalt,2,1,98,35,2,2,1,5,0,0,0,0,true,false,false,false,true,false,false,false,false,false,false,false,false,false,false,false,false,false,false,false,false,false,-82.96478,42.41478,"{
  ""coordinates"": [
    -8.296477521126100e+01,
    4.241477578626750e+01
  ],
  ""type"": ""Point""
}","{
  ""coordinates"": [
    -82.964775211,
    42.414775786
  ],
  ""type"": ""Point""
}",-82.964775211,42.4147757860001
21856,1310724,WARREN,LONGACRE,2018-02-25,25,2,2018,10,1,5,9,,2,0,Asphalt,1,1,1,35,4,3,1,5,0,0,0,0,true,false,false,false,false,false,false,false,false,false,false,false,false,false,false,false,false,false,false,false,false,false,-83.21367,42.34341,"{
  ""coordinates"": [
    -8.321367182953830e+01,
    4.234340872772940e+01
  ],
  ""type"": ""Point""
}","{
  ""coordinates"": [
    -83.21367183,
    42.343408728
  ],
  ""type"": ""Point""
}",-83.21367183,42.343408728
21857,1310732,EDMORE,ANVIL,2018-02-25,25,2,2018,13,1,10,9,,,0,,1,1,1,25,2,2,1,5,0,0,0,0,true,false,false,false,true,false,false,false,false,false,false,false,false,false,false,false,false,false,false,false,false,false,-82.97802,42.44691,"{
  ""coordinates"": [
    -8.297801982196970e+01,
    4.244690876464070e+01
  ],
  ""type"": ""Point""
}","{
  ""coordinates"": [
    -82.978019822,
    42.446908765
  ],
  ""type"": ""Point""
}",-82.978019822,42.446908765
21858,1316926,FENKELL,LA SALLE,2018-02-25,25,2,2018,0,1,1,9,,4,0,Asphalt,2,98,5,30,2,1,0,5,0,0,0,0,true,false,false,false,true,false,false,false,false,false,false,false,false,false,false,false,false,false,false,false,false,false,-83.12476,42.403,"{
  ""coordinates"": [
    -8.312476378409239e+01,
    4.240299970585990e+01
  ],
  ""type"": ""Point""
}","{
  ""coordinates"": [
    -83.124763784,
    42.402999706
  ],
  ""type"": ""Point""
}",-83.124763784,42.4029997060001
21859,1311367,WARD,CHALFONTE,2018-02-25,25,2,2018,19,1,97,9,,,0,,1,1,5,25,1,2,1,4,0,0,0,1,false,false,false,false,false,false,false,false,false,false,false,false,true,false,false,false,false,false,false,false,false,false,-83.17359,42.3999,"{
  ""coordinates"": [
    -8.317359312649791e+01,
    4.239989798925530e+01
  ],
  ""type"": ""Point""
}","{
  ""coordinates"": [
    -83.173593126,
    42.399897989
  ],
  ""type"": ""Point""
}",-83.173593126,42.3998979890001
21860,1310712,LIVERNOIS,ARMY,2018-02-25,25,2,2018,14,1,4,9,,4,0,Asphalt,1,1,1,25,2,2,2,5,0,0,0,0,true,false,false,false,false,false,false,false,false,false,false,false,false,false,false,false,false,false,false,false,false,false,-83.10616,42.31034,"{
  ""coordinates"": [
    -8.310616264875750e+01,
    4.231034112964960e+01
  ],
  ""type"": ""Point""
}","{
  ""coordinates"": [
    -83.106162649,
    42.31034113
  ],
  ""type"": ""Point""
}",-83.1061626489999,42.31034113
21861,1310706,JEFFERSON,RANDOLPH,2018-02-25,25,2,2018,10,1,5,3,,1,3,Asphalt,1,1,1,35,5,2,1,5,0,0,0,0,true,false,false,false,false,false,false,true,false,false,false,false,false,false,false,false,false,false,false,false,false,false,-83.04264,42.32968,"{
  ""coordinates"": [
    -8.304264401944570e+01,
    4.232967894188450e+01
  ],
  ""type"": ""Point""
}","{
  ""coordinates"": [
    -83.042644019,
    42.329678942
  ],
  ""type"": ""Point""
}",-83.042644019,42.329678942
21862,1311379,CHICAGO,WOODWARD,2018-02-25,25,2,2018,15,1,8,9,,4,3,Asphalt,1,2,1,35,4,2,0,5,0,0,0,0,true,false,false,false,true,false,false,false,false,false,false,false,false,false,false,false,false,false,false,false,false,false,-83.08575,42.38571,"{
  ""coordinates"": [
    -8.308574871663760e+01,
    4.238570778957240e+01
  ],
  ""type"": ""Point""
}","{
  ""coordinates"": [
    -83.085748717,
    42.38570779
  ],
  ""type"": ""Point""
}",-83.0857487169999,42.38570779
21863,1311270,8 MILE,ROSELAWN,2018-02-25,25,2,2018,14,1,5,3,,1,0,Asphalt,1,1,1,50,3,2,3,5,0,0,0,0,true,false,false,false,true,false,false,false,false,false,false,false,false,false,false,false,false,false,false,false,false,false,-83.15353,42.44583,"{
  ""coordinates"": [
    -8.315353539534210e+01,
    4.244582827176150e+01
  ],
  ""type"": ""Point""
}","{
  ""coordinates"": [
    -83.153535395,
    42.445828272
  ],
  ""type"": ""Point""
}",-83.1535353949999,42.445828272
21864,1310731,MCNICHOLS,GREENFIELD,2018-02-25,25,2,2018,11,1,4,9,,2,0,Asphalt,1,1,1,35,5,2,3,5,0,0,0,0,true,false,false,false,false,false,false,false,false,false,false,false,false,false,false,false,false,false,false,false,false,false,-83.19941,42.41598,"{
  ""coordinates"": [
    -8.319940696896219e+01,
    4.241598092914080e+01
  ],
  ""type"": ""Point""
}","{
  ""coordinates"": [
    -83.199406969,
    42.415980929
  ],
  ""type"": ""Point""
}",-83.1994069689999,42.4159809290001
21865,1310708,BRUSH,MACOMB,2018-02-25,25,2,2018,3,1,8,9,,4,0,Asphalt,2,4,4,25,2,2,3,5,0,0,0,0,true,false,false,false,true,false,false,false,false,false,false,false,false,false,false,false,false,false,false,false,false,false,-83.04417,42.33512,"{
  ""coordinates"": [
    -8.304417132127971e+01,
    4.233511801826520e+01
  ],
  ""type"": ""Point""
}","{
  ""coordinates"": [
    -83.044171321,
    42.335118018
  ],
  ""type"": ""Point""
}",-83.044171321,42.3351180180001
21866,1310703,SCHAEFER,FENKELL,2018-02-25,25,2,2018,4,1,5,9,,4,0,Asphalt,2,4,4,35,2,2,1,5,0,0,0,0,true,false,false,false,true,false,false,false,false,false,false,false,false,false,false,false,false,false,false,false,false,false,-83.17914,42.40236,"{
  ""coordinates"": [
    -8.317914163989821e+01,
    4.240235734328340e+01
  ],
  ""type"": ""Point""
}","{
  ""coordinates"": [
    -83.17914164,
    42.402357343
  ],
  ""type"": ""Point""
}",-83.17914164,42.4023573430001
21867,1310700,W I 96,KENTFIELD,2018-02-25,25,2,2018,13,1,5,1,,1,0,Concrete,1,1,1,70,3,2,4,5,0,0,0,0,true,false,false,false,false,false,false,false,false,false,false,false,false,false,true,false,false,false,false,false,false,false,-83.23803,42.38152,"{
  ""coordinates"": [
    -8.323802727738020e+01,
    4.238152149013450e+01
  ],
  ""type"": ""Point""
}","{
  ""coordinates"": [
    -83.238027277,
    42.38152149
  ],
  ""type"": ""Point""
}",-83.238027277,42.3815214900001
21868,1310745,JAMES COUZENS,GREENFIELD,2018-02-25,25,2,2018,13,1,8,3,,1,0,Asphalt,1,1,1,35,2,2,3,5,0,0,0,0,true,false,true,true,false,false,false,false,false,false,false,false,false,false,false,false,false,false,false,false,false,false,-83.20045,42.44274,"{
  ""coordinates"": [
    -8.320044518895760e+01,
    4.244273732736040e+01
  ],
  ""type"": ""Point""
}","{
  ""coordinates"": [
    -83.200445189,
    42.442737327
  ],
  ""type"": ""Point""
}",-83.2004451889999,42.442737327