ObjectId,Crash ID,Primary Road,Intersecting Road,Crash Date,Day,Month,Year,Hour,Weekday,Crash Type Code,Highway Classification Code,Community Code,Jurisdiction Code,Lane Departure Type Code,Surface Type,Road Condition,Weather Condition,Lighting Condition,Speed Limit,Lanes,Units,Occupants,Most Severe Injury,Fatal Injuries,Suspected Serious Injuries,Suspected Minor Injuries,Possible Injuries,Property Damage Only,Secondary Crash,Traffic Control,Red Light Run,Hit and Run,Alcohol,Drugs,Unbelted Person,Work Zone,Speeding Driver,Distracted Driver,Driveway,Pedestrian,Elderly Driver,Young Driver,Commercial Vehicle,Emergency Vehicles,Train,School Bus,Motorcycle,Bicycle,Deer,Longitude,Latitude,geom,geog,x,y
21869,1311374,MADISON,BRUSH,2018-02-25,25,2,2018,2,1,8,9,,4,0,Asphalt,2,1,4,30,3,2,3,5,0,0,0,0,true,false,false,false,false,false,false,false,false,false,false,false,false,false,false,false,false,false,false,false,false,false,-83.04574,42.33743,"{
  ""coordinates"": [
    -8.304573971438830e+01,
    4.233742691798780e+01
  ],
  ""type"": ""Point""
}","{
  ""coordinates"": [
    -83.045739714,
    42.337426918
  ],
  ""type"": ""Point""
}",-83.045739714,42.3374269180001
21870,1310746,WOODWARD,7 MILE,2018-02-25,25,2,2018,12,1,5,3,,1,0,Asphalt,1,1,1,45,5,2,2,5,0,0,0,0,true,false,false,false,false,false,false,false,false,false,false,false,false,false,false,false,false,false,false,false,false,false,-83.1154,42.43209,"{
  ""coordinates"": [
    -8.311540433833630e+01,
    4.243209215352390e+01
  ],
  ""type"": ""Point""
}","{
  ""coordinates"": [
    -83.115404338,
    42.432092154
  ],
  ""type"": ""Point""
}",-83.115404338,42.432092154
21871,1316887,LARNED,WOODWARD,2018-02-25,25,2,2018,2,1,4,9,,4,0,Asphalt,2,4,4,35,3,2,5,5,0,0,0,0,true,false,false,false,false,false,false,false,false,false,false,false,false,false,false,false,false,false,false,false,false,false,-83.04523,42.32941,"{
  ""coordinates"": [
    -8.304523083499330e+01,
    4.232940818381120e+01
  ],
  ""type"": ""Point""
}","{
  ""coordinates"": [
    -83.045230835,
    42.329408184
  ],
  ""type"": ""Point""
}",-83.045230835,42.329408184
21872,1314353,S M 10,W I 94,2018-02-25,25,2,2018,2,1,5,3,,1,0,Concrete,2,4,4,30,1,2,5,4,0,0,0,2,false,false,false,false,false,false,false,false,false,false,false,false,false,false,false,false,false,false,false,false,false,false,-83.07671,42.35909,"{
  ""coordinates"": [
    -8.307670868673500e+01,
    4.235908849993470e+01
  ],
  ""type"": ""Point""
}","{
  ""coordinates"": [
    -83.076708687,
    42.3590885
  ],
  ""type"": ""Point""
}",-83.076708687,42.3590885
21873,1310710,VERNOR,LAWNDALE,2018-02-25,25,2,2018,2,1,4,9,,4,0,Asphalt,1,1,4,35,2,2,2,5,0,0,0,0,true,false,false,false,true,false,false,false,false,false,false,false,false,false,true,false,false,false,false,false,false,false,-83.13264,42.30923,"{
  ""coordinates"": [
    -8.313264425285250e+01,
    4.230922879004640e+01
  ],
  ""type"": ""Point""
}","{
  ""coordinates"": [
    -83.132644253,
    42.30922879
  ],
  ""type"": ""Point""
}",-83.132644253,42.3092287900001
21874,1321906,I-94,I-75,2018-02-25,25,2,2018,3,1,8,1,,1,0,Asphalt,2,4,4,55,3,2,1,5,0,0,0,0,true,true,false,false,false,true,false,false,false,false,true,false,false,false,false,false,true,false,false,false,false,false,-83.05937,42.36787,"{
  ""coordinates"": [
    -8.305936995210760e+01,
    4.236786954273960e+01
  ],
  ""type"": ""Point""
}","{
  ""coordinates"": [
    -83.059369952,
    42.367869543
  ],
  ""type"": ""Point""
}",-83.0593699519999,42.367869543
21875,1309676,SEVEN MILE,OAKFIELD,2018-02-25,25,2,2018,0,1,5,9,,2,0,Asphalt,2,4,4,35,2,3,4,5,0,0,0,0,true,false,false,false,true,false,false,false,false,false,false,false,false,false,false,false,false,false,false,false,false,false,-83.21519,42.43013,"{
  ""coordinates"": [
    -8.321518413010820e+01,
    4.243012959499610e+01
  ],
  ""type"": ""Point""
}","{
  ""coordinates"": [
    -83.21518413,
    42.430129595
  ],
  ""type"": ""Point""
}",-83.21518413,42.430129595
21876,1312280,7 MILE,OUTER,2018-02-25,25,2,2018,16,1,8,9,,2,0,Asphalt,1,1,1,30,2,2,4,5,0,0,0,0,true,false,false,false,false,false,false,false,false,false,false,true,false,true,true,false,false,false,false,false,false,false,-83.17606,42.43116,"{
  ""coordinates"": [
    -8.317606667117420e+01,
    4.243116166490520e+01
  ],
  ""type"": ""Point""
}","{
  ""coordinates"": [
    -83.176066671,
    42.431161665
  ],
  ""type"": ""Point""
}",-83.1760666709999,42.431161665
21877,1322896,MORANG,ROXBURY,2018-02-25,25,2,2018,18,1,5,9,,4,0,Asphalt,1,1,4,35,2,3,1,5,0,0,0,0,true,false,false,false,true,false,false,false,false,false,false,false,false,false,false,false,false,false,false,false,false,false,-82.94653,42.4247,"{
  ""coordinates"": [
    -8.294652692410990e+01,
    4.242470231361560e+01
  ],
  ""type"": ""Point""
}","{
  ""coordinates"": [
    -82.946526924,
    42.424702314
  ],
  ""type"": ""Point""
}",-82.946526924,42.4247023140001
21878,1314340,S/B I-375,LAFAYETTE,2018-02-25,25,2,2018,2,1,1,1,,1,1,Asphalt,2,1,4,70,3,1,1,4,0,0,0,1,false,false,false,false,false,false,false,false,false,true,false,false,false,false,false,false,false,false,false,false,false,false,-83.03782,42.33548,"{
  ""coordinates"": [
    -8.303781981556560e+01,
    4.233547644003510e+01
  ],
  ""type"": ""Point""
}","{
  ""coordinates"": [
    -83.037819816,
    42.33547644
  ],
  ""type"": ""Point""
}",-83.037819816,42.33547644
21879,1310743,CADIUEX,CHANDLER PARK,2018-02-25,25,2,2018,2,1,5,9,,4,0,Asphalt,2,4,4,,2,2,1,5,0,0,0,0,true,true,false,false,true,false,false,false,false,false,false,false,false,false,false,false,false,false,false,false,false,false,-82.93366,42.41191,"{
  ""coordinates"": [
    -8.293366387611511e+01,
    4.241191556096110e+01
  ],
  ""type"": ""Point""
}","{
  ""coordinates"": [
    -82.933663876,
    42.411915561
  ],
  ""type"": ""Point""
}",-82.933663876,42.4119155610001
21880,1334604,ALTER,WAVENEY,2018-02-25,25,2,2018,11,1,8,9,,4,0,Asphalt,1,1,1,30,4,2,1,5,0,0,0,0,true,false,false,false,true,false,false,false,false,false,false,false,false,true,false,false,false,false,false,false,false,false,-82.95103,42.39227,"{
  ""coordinates"": [
    -8.295102347557230e+01,
    4.239226381409000e+01
  ],
  ""type"": ""Point""
}","{
  ""coordinates"": [
    -82.951023476,
    42.392263814
  ],
  ""type"": ""Point""
}",-82.951023476,42.392263814
21881,1312284,CHALMERS,SPRING GARDEN,2018-02-25,25,2,2018,1,1,5,9,,4,0,Asphalt,2,4,4,30,2,3,4,5,0,0,0,0,true,false,false,false,false,true,false,false,false,false,false,false,false,false,false,false,false,false,false,false,false,false,-82.97511,42.42799,"{
  ""coordinates"": [
    -8.297510971474389e+01,
    4.242799449411560e+01
  ],
  ""type"": ""Point""
}","{
  ""coordinates"": [
    -82.975109715,
    42.427994494
  ],
  ""type"": ""Point""
}",-82.975109715,42.4279944940001
21882,1324958,M-10,WYOMING,2018-02-25,25,2,2018,3,1,1,3,,1,1,Concrete,2,4,4,55,1,1,3,3,0,0,2,0,false,false,false,false,false,true,false,false,false,true,false,false,false,false,false,false,false,false,false,false,false,false,-83.16163,42.40603,"{
  ""coordinates"": [
    -8.316162596769260e+01,
    4.240602906663620e+01
  ],
  ""type"": ""Point""
}","{
  ""coordinates"": [
    -83.161625968,
    42.406029067
  ],
  ""type"": ""Point""
}",-83.161625968,42.4060290670001
21883,1312294,8MILE,BRAMFORD,2018-02-25,25,2,2018,19,1,5,3,,1,0,Asphalt,1,1,4,,4,2,1,5,0,0,0,0,true,false,false,false,true,false,false,false,false,false,false,false,false,true,false,false,false,false,false,false,false,false,-83.02385,42.44818,"{
  ""coordinates"": [
    -8.302384617294850e+01,
    4.244818174483100e+01
  ],
  ""type"": ""Point""
}","{
  ""coordinates"": [
    -83.023846173,
    42.448181745
  ],
  ""type"": ""Point""
}",-83.023846173,42.4481817450001
21884,1310725,SCHOOLCRAFT,E/W SCHOOLCRAFT CROSSOVER,2018-02-25,25,2,2018,17,1,4,1,,4,0,Asphalt,1,1,1,,2,2,5,5,0,0,0,0,true,false,false,false,false,false,false,false,false,false,false,false,false,false,false,false,false,false,false,false,false,false,-83.25693,42.38599,"{
  ""coordinates"": [
    -8.325692673366430e+01,
    4.238598873862380e+01
  ],
  ""type"": ""Point""
}","{
  ""coordinates"": [
    -83.256926734,
    42.385988739
  ],
  ""type"": ""Point""
}",-83.256926734,42.385988739
21885,1325013,CENTRAL,DIX,2018-02-25,25,2,2018,18,1,1,9,,4,0,Asphalt,1,1,4,25,2,2,1,3,0,0,1,0,false,false,false,false,true,false,false,false,false,false,false,false,false,false,false,false,false,false,false,false,true,false,-83.12759,42.31715,"{
  ""coordinates"": [
    -8.312758432076770e+01,
    4.231715365066900e+01
  ],
  ""type"": ""Point""
}","{
  ""coordinates"": [
    -83.127584321,
    42.317153651
  ],
  ""type"": ""Point""
}",-83.127584321,42.3171536510001
21886,1325851,E I 96,FULLERTON,2018-02-25,25,2,2018,11,1,97,1,,1,0,Concrete,1,98,1,,4,1,1,5,0,0,0,0,true,false,false,false,false,false,false,false,false,false,true,false,false,false,false,false,false,false,false,false,false,false,-83.1891,42.38013,"{
  ""coordinates"": [
    -8.318910299438581e+01,
    4.238013333148520e+01
  ],
  ""type"": ""Point""
}","{
  ""coordinates"": [
    -83.189102994,
    42.380133331
  ],
  ""type"": ""Point""
}",-83.1891029939999,42.380133331
21887,1314349,I-75,DAVISON,2018-02-24,24,2,2018,1,7,8,1,,1,0,Concrete,1,1,4,70,3,2,1,5,0,0,0,0,true,false,false,false,true,false,false,false,false,false,false,false,false,false,false,false,false,false,false,false,false,false,-83.07809,42.40768,"{
  ""coordinates"": [
    -8.307809767902000e+01,
    4.240767768956980e+01
  ],
  ""type"": ""Point""
}","{
  ""coordinates"": [
    -83.078097679,
    42.40767769
  ],
  ""type"": ""Point""
}",-83.0780976789999,42.4076776900001
21888,1309640,AVIS,ELSMERE,2018-02-24,24,2,2018,2,7,8,9,,,0,,98,98,98,25,1,2,0,5,0,0,0,0,true,false,false,false,true,false,false,false,false,false,true,false,false,false,false,false,false,false,false,false,false,false,-83.1328,42.30371,"{
  ""coordinates"": [
    -8.313279387825860e+01,
    4.230371608494840e+01
  ],
  ""type"": ""Point""
}","{
  ""coordinates"": [
    -83.132793878,
    42.303716085
  ],
  ""type"": ""Point""
}",-83.132793878,42.3037160850001
21889,1309698,WYOMING,CHIPPEWA,2018-02-24,24,2,2018,1,7,5,9,,4,0,Asphalt,1,1,1,30,2,2,3,4,0,0,0,1,false,false,false,false,true,false,false,false,false,false,false,false,false,true,false,false,false,false,false,false,false,false,-83.16132,42.44094,"{
  ""coordinates"": [
    -8.316131505503900e+01,
    4.244093827981400e+01
  ],
  ""type"": ""Point""
}","{
  ""coordinates"": [
    -83.161315055,
    42.44093828
  ],
  ""type"": ""Point""
}",-83.161315055,42.4409382800001
21890,1312264,TIREMAN,MANOR,2018-02-24,24,2,2018,14,7,3,9,,4,0,Asphalt,1,1,1,30,2,2,3,5,0,0,0,0,true,false,false,false,false,false,false,false,false,false,false,false,false,true,true,false,false,false,false,false,false,false,-83.16612,42.35153,"{
  ""coordinates"": [
    -8.316612242669760e+01,
    4.235152803899090e+01
  ],
  ""type"": ""Point""
}","{
  ""coordinates"": [
    -83.166122427,
    42.351528039
  ],
  ""type"": ""Point""
}",-83.1661224269999,42.3515280390001
21891,1309647,RUTLAND,DIVERSEY,2018-02-24,24,2,2018,16,7,10,9,,,0,,1,1,1,25,2,2,1,5,0,0,0,0,true,false,false,false,false,false,false,false,false,false,false,false,false,false,false,false,false,false,false,false,false,false,-83.2128,42.34816,"{
  ""coordinates"": [
    -8.321279645930440e+01,
    4.234816249413500e+01
  ],
  ""type"": ""Point""
}","{
  ""coordinates"": [
    -83.212796459,
    42.348162494
  ],
  ""type"": ""Point""
}",-83.2127964589999,42.3481624940001
21892,1312297,LIVERNOIS,7 MILE,2018-02-24,24,2,2018,18,7,5,9,,4,0,Asphalt,1,1,4,45,4,2,2,5,0,0,0,0,true,false,false,false,false,false,false,false,false,false,true,false,false,false,false,false,false,false,false,false,false,false,-83.14137,42.43163,"{
  ""coordinates"": [
    -8.314137582703020e+01,
    4.243163134134700e+01
  ],
  ""type"": ""Point""
}","{
  ""coordinates"": [
    -83.141375827,
    42.431631341
  ],
  ""type"": ""Point""
}",-83.141375827,42.4316313410001
21893,1310726,ENVERGREEN,FENKELL,2018-02-24,24,2,2018,12,7,8,9,,4,0,Asphalt,1,1,1,30,5,2,2,5,0,0,0,0,true,false,false,false,false,false,false,false,false,false,false,false,false,true,false,false,false,false,false,false,false,false,-83.23743,42.40063,"{
  ""coordinates"": [
    -8.323742303439580e+01,
    4.240062625204330e+01
  ],
  ""type"": ""Point""
}","{
  ""coordinates"": [
    -83.237423034,
    42.400626252
  ],
  ""type"": ""Point""
}",-83.237423034,42.4006262520001
21894,1309674,MCNICHOLS,ST MARYS,2018-02-24,24,2,2018,19,7,4,9,,2,0,Asphalt,1,1,4,25,2,2,4,5,0,0,0,0,true,false,false,false,true,false,false,false,false,false,false,false,false,false,false,false,false,false,false,false,false,false,-83.20683,42.41581,"{
  ""coordinates"": [
    -8.320683539659591e+01,
    4.241580827425560e+01
  ],
  ""type"": ""Point""
}","{
  ""coordinates"": [
    -83.206835397,
    42.415808274
  ],
  ""type"": ""Point""
}",-83.206835397,42.415808274
21895,1314176,E I 94,MOUNT ELLIOTT,2018-02-24,24,2,2018,1,7,97,1,,1,0,Asphalt,1,2,4,,3,1,1,5,0,0,0,0,true,false,false,false,false,false,false,false,false,false,false,false,false,false,false,false,false,false,false,false,false,false,-83.03297,42.37978,"{
  ""coordinates"": [
    -8.303296310073810e+01,
    4.237977973839870e+01
  ],
  ""type"": ""Point""
}","{
  ""coordinates"": [
    -83.032963101,
    42.379779738
  ],
  ""type"": ""Point""
}",-83.032963101,42.379779738
21896,1310737,REMINGTON,GODDARD,2018-02-24,24,2,2018,22,7,4,9,,,0,,2,4,4,25,4,2,2,5,0,0,0,0,true,false,false,false,true,false,false,false,false,false,false,false,false,false,false,false,false,false,false,false,false,false,-83.0773,42.44258,"{
  ""coordinates"": [
    -8.307730347523550e+01,
    4.244258175169000e+01
  ],
  ""type"": ""Point""
}","{
  ""coordinates"": [
    -83.077303475,
    42.442581752
  ],
  ""type"": ""Point""
}",-83.077303475,42.4425817520001
21897,1309633,ADDISON,MCGRAW,2018-02-24,24,2,2018,19,7,7,9,,,0,,1,1,4,25,4,2,3,5,0,0,0,0,true,false,false,false,false,false,false,false,false,false,false,false,false,false,false,false,false,false,false,false,false,false,-83.15179,42.33121,"{
  ""coordinates"": [
    -8.315179429299990e+01,
    4.233121279145460e+01
  ],
  ""type"": ""Point""
}","{
  ""coordinates"": [
    -83.151794293,
    42.331212791
  ],
  ""type"": ""Point""
}",-83.151794293,42.331212791
21898,1309697,CURTIS,ILENE,2018-02-24,24,2,2018,6,7,5,9,,4,0,Asphalt,1,1,1,25,2,2,0,5,0,0,0,0,true,false,false,false,true,false,false,false,false,false,false,false,false,false,false,false,false,false,false,false,false,false,-83.1628,42.42414,"{
  ""coordinates"": [
    -8.316280638363099e+01,
    4.242413820491760e+01
  ],
  ""type"": ""Point""
}","{
  ""coordinates"": [
    -83.162806384,
    42.424138205
  ],
  ""type"": ""Point""
}",-83.162806384,42.4241382050001
21899,1310705,MCNICHOLS,HUBBELL,2018-02-24,24,2,2018,11,7,8,9,,2,0,Asphalt,1,1,1,35,4,2,2,5,0,0,0,0,true,false,false,false,false,false,false,false,false,false,false,true,false,false,false,false,false,false,false,false,false,false,-83.18951,42.41646,"{
  ""coordinates"": [
    -8.318951236835569e+01,
    4.241645998563260e+01
  ],
  ""type"": ""Point""
}","{
  ""coordinates"": [
    -83.189512368,
    42.416459986
  ],
  ""type"": ""Point""
}",-83.189512368,42.4164599860001
21900,1310719,ALTER,LOZIER,2018-02-24,24,2,2018,18,7,2,9,,4,2,Asphalt,1,1,4,35,2,2,4,5,0,0,0,0,true,false,false,false,false,false,false,false,false,false,false,false,false,false,false,false,false,false,false,false,false,false,-82.94954,42.39005,"{
  ""coordinates"": [
    -8.294953710057641e+01,
    4.239004423404560e+01
  ],
  ""type"": ""Point""
}","{
  ""coordinates"": [
    -82.949537101,
    42.390044234
  ],
  ""type"": ""Point""
}",-82.949537101,42.3900442340001
21901,1309670,MURRAY HILL,PURITAN,2018-02-24,24,2,2018,2,7,1,9,,,1,,98,98,98,25,3,1,0,5,0,0,0,0,true,false,false,false,true,false,false,false,false,false,false,false,false,false,false,false,false,false,false,false,false,false,-83.20763,42.4079,"{
  ""coordinates"": [
    -8.320763608711910e+01,
    4.240790249141370e+01
  ],
  ""type"": ""Point""
}","{
  ""coordinates"": [
    -83.207636087,
    42.407902491
  ],
  ""type"": ""Point""
}",-83.207636087,42.4079024910001
21902,1309673,8 MILE,LAHSER,2018-02-24,24,2,2018,17,7,4,3,,1,0,Asphalt,1,1,1,45,2,2,5,4,0,0,0,1,false,false,false,false,false,false,false,false,false,false,false,false,false,true,false,false,false,false,false,false,false,false,-83.2583,42.44325,"{
  ""coordinates"": [
    -8.325829755112510e+01,
    4.244324914037980e+01
  ],
  ""type"": ""Point""
}","{
  ""coordinates"": [
    -83.258297551,
    42.44324914
  ],
  ""type"": ""Point""
}",-83.2582975509999,42.44324914
21903,1318589,M-10,MNICHOLS,2018-02-24,24,2,2018,6,7,1,3,,1,1,Concrete,1,2,4,55,3,1,2,5,0,0,0,0,true,false,false,false,false,false,false,false,false,true,false,false,false,false,false,false,false,false,false,false,false,false,-83.17154,42.41609,"{
  ""coordinates"": [
    -8.317154188449550e+01,
    4.241608680890690e+01
  ],
  ""type"": ""Point""
}","{
  ""coordinates"": [
    -83.171541884,
    42.416086809
  ],
  ""type"": ""Point""
}",-83.171541884,42.416086809
21904,1311371,TRUMBULL,FOREST,2018-02-24,24,2,2018,20,7,5,9,,4,0,Asphalt,1,1,4,35,2,2,2,5,0,0,0,0,true,false,false,false,true,false,false,false,false,false,false,false,false,false,false,false,false,false,false,false,false,false,-83.07751,42.34996,"{
  ""coordinates"": [
    -8.307750342595131e+01,
    4.234996475399230e+01
  ],
  ""type"": ""Point""
}","{
  ""coordinates"": [
    -83.077503426,
    42.349964754
  ],
  ""type"": ""Point""
}",-83.077503426,42.349964754
21905,1309650,PLYMOUTH,SAINT MARYS,2018-02-24,24,2,2018,12,7,8,9,,4,0,Asphalt,1,1,1,35,4,2,1,5,0,0,0,0,true,false,false,false,true,false,false,false,false,false,false,false,false,false,false,false,false,false,false,false,false,false,-83.20486,42.37247,"{
  ""coordinates"": [
    -8.320486755168820e+01,
    4.237247000756250e+01
  ],
  ""type"": ""Point""
}","{
  ""coordinates"": [
    -83.204867552,
    42.372470008
  ],
  ""type"": ""Point""
}",-83.2048675519999,42.3724700080001
21906,1311387,CURTIS,GRANDVILLE,2018-02-24,24,2,2018,23,7,4,9,,,0,,2,4,4,25,1,2,3,5,0,0,0,0,true,false,true,false,false,false,false,false,false,false,false,false,false,true,true,false,false,false,false,false,false,false,-83.2319,42.42252,"{
  ""coordinates"": [
    -8.323189841819980e+01,
    4.242251797356220e+01
  ],
  ""type"": ""Point""
}","{
  ""coordinates"": [
    -83.231898418,
    42.422517974
  ],
  ""type"": ""Point""
}",-83.231898418,42.4225179740001
21907,1309649,JOY,MEMORIAL,2018-02-24,24,2,2018,16,7,8,9,,4,0,Asphalt,1,1,1,35,5,2,1,5,0,0,0,0,true,false,false,false,true,false,false,false,false,false,false,false,false,true,false,false,false,false,false,false,false,false,-83.21206,42.37234,"{
  ""coordinates"": [
    -8.321205779203410e+01,
    4.237233732971140e+01
  ],
  ""type"": ""Point""
}","{
  ""coordinates"": [
    -83.212057792,
    42.37233733
  ],
  ""type"": ""Point""
}",-83.2120577919999,42.3723373300001
21908,1310739,OUTER,RYAN,2018-02-24,24,2,2018,20,7,5,9,,2,0,Asphalt,1,1,4,35,2,2,3,5,0,0,0,0,true,false,false,false,false,false,false,false,false,true,false,false,false,false,false,false,false,false,false,false,false,false,-83.06374,42.44033,"{
  ""coordinates"": [
    -8.306373488075749e+01,
    4.244032527076180e+01
  ],
  ""type"": ""Point""
}","{
  ""coordinates"": [
    -83.063734881,
    42.440325271
  ],
  ""type"": ""Point""
}",-83.063734881,42.4403252710001
21909,1309693,SEVEN MILE,MARK TWAIN,2018-02-24,24,2,2018,19,7,97,9,,2,0,Asphalt,1,1,4,35,5,3,2,4,0,0,0,1,false,false,false,false,true,false,false,false,false,false,false,false,false,false,false,false,false,false,false,false,false,false,-83.18761,42.4308,"{
  ""coordinates"": [
    -8.318760670908971e+01,
    4.243080004626590e+01
  ],
  ""type"": ""Point""
}","{
  ""coordinates"": [
    -83.187606709,
    42.430800046
  ],
  ""type"": ""Point""
}",-83.187606709,42.4308000460001
21910,1310736,DEQUINDRE,8 MILE,2018-02-24,24,2,2018,23,7,4,3,,,0,,2,4,4,35,4,2,1,5,0,0,0,0,true,false,false,false,true,false,false,false,false,false,false,false,false,false,false,false,false,false,false,false,false,false,-83.08585,42.44696,"{
  ""coordinates"": [
    -8.308584396878589e+01,
    4.244696473906570e+01
  ],
  ""type"": ""Point""
}","{
  ""coordinates"": [
    -83.085843969,
    42.446964739
  ],
  ""type"": ""Point""
}",-83.0858439689999,42.4469647390001
21911,1309634,DEARBORN,COPLAND,2018-02-24,24,2,2018,20,7,1,9,,4,1,Asphalt,1,1,5,30,2,1,2,5,0,0,0,0,true,false,false,false,false,false,false,false,false,false,false,false,false,false,false,false,false,false,false,false,false,false,-83.11951,42.29143,"{
  ""coordinates"": [
    -8.311950967017040e+01,
    4.229142645087350e+01
  ],
  ""type"": ""Point""
}","{
  ""coordinates"": [
    -83.11950967,
    42.291426451
  ],
  ""type"": ""Point""
}",-83.11950967,42.2914264510001
21912,1311382,WYOMING,E I 96 SERVICE DRIVE,2018-02-24,24,2,2018,15,7,4,9,,4,0,Asphalt,1,2,1,30,4,2,1,5,0,0,0,0,true,false,false,false,true,false,false,false,false,false,false,false,false,true,false,false,false,false,false,false,false,false,-83.15896,42.38472,"{
  ""coordinates"": [
    -8.315895914519960e+01,
    4.238472282355820e+01
  ],
  ""type"": ""Point""
}","{
  ""coordinates"": [
    -83.158959145,
    42.384722824
  ],
  ""type"": ""Point""
}",-83.158959145,42.3847228240001
21913,1309667,SOUTHFIELD SERVICE DRIVE,FENKELL,2018-02-24,24,2,2018,13,7,98,9,,4,0,Asphalt,1,1,1,35,3,2,3,5,0,0,0,0,true,false,false,false,true,false,false,false,false,false,false,false,false,false,false,false,false,false,false,false,false,false,-83.2179,42.40107,"{
  ""coordinates"": [
    -8.321789858843810e+01,
    4.240106772670680e+01
  ],
  ""type"": ""Point""
}","{
  ""coordinates"": [
    -83.217898588,
    42.401067727
  ],
  ""type"": ""Point""
}",-83.217898588,42.4010677270001
21914,1309636,MILITARY,FEDERAL,2018-02-24,24,2,2018,1,7,2,9,,,2,,1,1,5,15,2,3,0,5,0,0,0,0,true,false,false,false,true,false,false,false,false,false,false,false,false,false,false,false,false,false,false,false,false,false,-83.1123,42.32212,"{
  ""coordinates"": [
    -8.311229374147530e+01,
    4.232211728002150e+01
  ],
  ""type"": ""Point""
}","{
  ""coordinates"": [
    -83.112293741,
    42.32211728
  ],
  ""type"": ""Point""
}",-83.112293741,42.32211728
21915,1329008,8 MILE,S I 75 SERVICE DRIVE,2018-02-24,24,2,2018,9,7,4,3,,1,0,Concrete,1,1,1,40,3,2,2,5,0,0,0,0,true,false,false,false,false,false,false,false,false,false,false,false,false,false,false,false,false,false,false,false,false,false,-83.09532,42.44679,"{
  ""coordinates"": [
    -8.309531793981840e+01,
    4.244678898023420e+01
  ],
  ""type"": ""Point""
}","{
  ""coordinates"": [
    -83.09531794,
    42.44678898
  ],
  ""type"": ""Point""
}",-83.09531794,42.4467889800001
21916,1309628,ALEXANDRINE,WOODWARD,2018-02-24,24,2,2018,12,7,1,3,,4,0,Concrete,1,2,1,30,3,2,1,4,0,0,0,1,false,false,false,false,false,false,false,false,false,false,false,true,true,true,false,false,false,false,false,false,false,false,-83.05969,42.35072,"{
  ""coordinates"": [
    -8.305969421881839e+01,
    4.235071583900930e+01
  ],
  ""type"": ""Point""
}","{
  ""coordinates"": [
    -83.059694219,
    42.350715839
  ],
  ""type"": ""Point""
}",-83.0596942189999,42.350715839
21917,1311375,DUTCHESS,BONITA,2018-02-24,24,2,2018,18,7,4,9,,,0,,1,1,1,25,2,2,1,5,0,0,0,0,true,false,true,false,true,false,false,false,false,false,false,false,false,false,false,false,false,false,false,false,false,false,-82.96329,42.41526,"{
  ""coordinates"": [
    -8.296329289643120e+01,
    4.241526241966110e+01
  ],
  ""type"": ""Point""
}","{
  ""coordinates"": [
    -82.963292896,
    42.41526242
  ],
  ""type"": ""Point""
}",-82.963292896,42.41526242
21918,1309700,MANDERSON,COVINGTON,2018-02-24,24,2,2018,13,7,98,9,,,0,,1,1,1,25,2,2,0,5,0,0,0,0,true,false,false,false,true,false,false,false,false,false,false,false,false,false,false,false,false,false,false,false,false,false,-83.11812,42.42233,"{
  ""coordinates"": [
    -8.311811758411621e+01,
    4.242233312640870e+01
  ],
  ""type"": ""Point""
}","{
  ""coordinates"": [
    -83.118117584,
    42.422333126
  ],
  ""type"": ""Point""
}",-83.1181175839999,42.4223331260001
21919,1311369,TEMPLE,4TH,2018-02-24,24,2,2018,18,7,4,9,,4,0,Asphalt,1,1,4,25,3,2,3,5,0,0,0,0,true,false,false,false,false,false,false,false,false,false,false,false,false,false,true,false,false,false,false,false,false,false,-83.064,42.34015,"{
  ""coordinates"": [
    -8.306399389870680e+01,
    4.234014828971920e+01
  ],
  ""type"": ""Point""
}","{
  ""coordinates"": [
    -83.063993899,
    42.34014829
  ],
  ""type"": ""Point""
}",-83.063993899,42.3401482900001
21920,1309687,7 MILE,MOENART,2018-02-24,24,2,2018,12,7,5,9,,4,0,Asphalt,1,1,1,35,4,2,4,4,0,0,0,2,false,false,false,false,true,false,false,false,false,false,false,false,false,false,false,false,false,false,false,false,false,false,-83.05023,42.43341,"{
  ""coordinates"": [
    -8.305022917457430e+01,
    4.243341067301310e+01
  ],
  ""type"": ""Point""
}","{
  ""coordinates"": [
    -83.050229175,
    42.433410673
  ],
  ""type"": ""Point""
}",-83.050229175,42.433410673
21921,1310702,RANDOLPH,LARNED,2018-02-24,24,2,2018,21,7,8,3,,1,0,Asphalt,1,1,4,25,3,2,1,5,0,0,0,0,true,false,false,false,true,false,false,false,false,false,false,false,false,false,false,false,false,false,false,false,false,false,-83.04268,42.33052,"{
  ""coordinates"": [
    -8.304267902222340e+01,
    4.233051981165430e+01
  ],
  ""type"": ""Point""
}","{
  ""coordinates"": [
    -83.042679022,
    42.330519812
  ],
  ""type"": ""Point""
}",-83.042679022,42.330519812
21922,1309668,TELEGRAPH,8 MILE,2018-02-24,24,2,2018,4,7,1,2,,1,0,Concrete,1,1,1,45,3,1,3,4,0,0,0,2,false,false,false,false,false,false,false,false,false,true,false,false,false,false,false,false,false,false,false,false,false,false,-83.27831,42.44274,"{
  ""coordinates"": [
    -8.327830141343250e+01,
    4.244273949219720e+01
  ],
  ""type"": ""Point""
}","{
  ""coordinates"": [
    -83.278301413,
    42.442739492
  ],
  ""type"": ""Point""
}",-83.278301413,42.442739492