ObjectId,Crash ID,Primary Road,Intersecting Road,Crash Date,Day,Month,Year,Hour,Weekday,Crash Type Code,Highway Classification Code,Community Code,Jurisdiction Code,Lane Departure Type Code,Surface Type,Road Condition,Weather Condition,Lighting Condition,Speed Limit,Lanes,Units,Occupants,Most Severe Injury,Fatal Injuries,Suspected Serious Injuries,Suspected Minor Injuries,Possible Injuries,Property Damage Only,Secondary Crash,Traffic Control,Red Light Run,Hit and Run,Alcohol,Drugs,Unbelted Person,Work Zone,Speeding Driver,Distracted Driver,Driveway,Pedestrian,Elderly Driver,Young Driver,Commercial Vehicle,Emergency Vehicles,Train,School Bus,Motorcycle,Bicycle,Deer,Longitude,Latitude,geom,geog,x,y
22031,1318681,SOUTHFIELD SERVICE DRIVE,MCNICHOLS,2018-02-22,22,2,2018,11,5,8,9,,4,0,Asphalt,1,1,1,,2,2,3,5,0,0,0,0,true,false,false,false,false,false,false,false,false,false,false,false,false,false,false,false,false,false,false,false,false,false,-83.21922,42.41545,"{
  ""coordinates"": [
    -8.321922433642730e+01,
    4.241545049068870e+01
  ],
  ""type"": ""Point""
}","{
  ""coordinates"": [
    -83.219224336,
    42.415450491
  ],
  ""type"": ""Point""
}",-83.219224336,42.4154504910001
22032,1324949,I 75,DEARBORN,2018-02-22,22,2,2018,7,5,8,1,,1,0,Concrete,1,2,1,60,3,2,2,3,0,0,1,0,false,false,false,false,false,false,false,false,true,false,false,false,false,false,false,true,false,false,false,false,false,false,-83.1252,42.29689,"{
  ""coordinates"": [
    -8.312519609303490e+01,
    4.229688982691580e+01
  ],
  ""type"": ""Point""
}","{
  ""coordinates"": [
    -83.125196093,
    42.296889827
  ],
  ""type"": ""Point""
}",-83.1251960929999,42.296889827
22033,1309654,8 MILE,EVERGREEN,2018-02-22,22,2,2018,15,5,5,3,,1,0,Asphalt,98,98,98,35,4,3,2,5,0,0,0,0,true,false,false,false,false,false,false,false,false,false,false,false,false,false,false,false,false,false,false,false,false,false,-83.23761,42.44379,"{
  ""coordinates"": [
    -8.323760853526650e+01,
    4.244379167968150e+01
  ],
  ""type"": ""Point""
}","{
  ""coordinates"": [
    -83.237608535,
    42.44379168
  ],
  ""type"": ""Point""
}",-83.2376085349999,42.4437916800001
22034,1318624,M-10,HOWARD,2018-02-22,22,2,2018,8,5,5,3,,1,0,Asphalt,1,1,1,55,3,3,3,5,0,0,0,0,true,false,false,false,false,false,false,false,false,false,false,false,false,false,false,false,false,false,false,false,false,false,-83.05815,42.32867,"{
  ""coordinates"": [
    -8.305815470371550e+01,
    4.232866761987260e+01
  ],
  ""type"": ""Point""
}","{
  ""coordinates"": [
    -83.058154704,
    42.32866762
  ],
  ""type"": ""Point""
}",-83.0581547039999,42.32866762
22035,1308282,SOUTHFIELD SERVICE DRIVE,MCNICHOLS,2018-02-22,22,2,2018,12,5,8,9,,4,0,Asphalt,1,1,1,55,1,2,2,5,0,0,0,0,true,false,false,false,false,false,false,false,false,false,false,false,false,false,false,false,false,false,false,false,false,false,-83.21922,42.41557,"{
  ""coordinates"": [
    -8.321922645921789e+01,
    4.241556642775300e+01
  ],
  ""type"": ""Point""
}","{
  ""coordinates"": [
    -83.219226459,
    42.415566428
  ],
  ""type"": ""Point""
}",-83.219226459,42.415566428
22036,1318625,M-10,HOWARD,2018-02-22,22,2,2018,8,5,5,3,,1,0,Asphalt,1,1,1,55,3,2,2,5,0,0,0,0,true,true,false,false,false,false,false,false,false,false,false,false,false,false,false,false,true,false,false,false,false,false,-83.05815,42.32867,"{
  ""coordinates"": [
    -8.305815470371550e+01,
    4.232866761987260e+01
  ],
  ""type"": ""Point""
}","{
  ""coordinates"": [
    -83.058154704,
    42.32866762
  ],
  ""type"": ""Point""
}",-83.0581547039999,42.32866762
22037,1308292,7 MILE,FAIRPORT,2018-02-22,22,2,2018,6,5,4,9,,4,0,Asphalt,1,2,4,,2,2,2,5,0,0,0,0,true,false,false,false,true,false,false,false,false,true,false,false,false,false,false,false,false,false,false,false,false,false,-82.99126,42.43478,"{
  ""coordinates"": [
    -8.299126742109290e+01,
    4.243478142078960e+01
  ],
  ""type"": ""Point""
}","{
  ""coordinates"": [
    -82.991267421,
    42.434781421
  ],
  ""type"": ""Point""
}",-82.991267421,42.434781421
22038,1319936,I-75,WARREN,2018-02-22,22,2,2018,15,5,5,1,,1,0,Asphalt,1,2,1,55,4,2,2,5,0,0,0,0,true,false,false,false,true,false,false,false,false,false,true,false,false,false,false,false,false,false,false,false,false,false,-83.05337,42.35954,"{
  ""coordinates"": [
    -8.305336717063599e+01,
    4.235953542482940e+01
  ],
  ""type"": ""Point""
}","{
  ""coordinates"": [
    -83.053367171,
    42.359535425
  ],
  ""type"": ""Point""
}",-83.0533671709999,42.359535425
22039,1317692,S I 75/GRATIOT,JOHN R,2018-02-22,22,2,2018,17,5,4,7,,1,0,Concrete,1,2,1,25,2,2,1,5,0,0,0,0,true,false,false,false,true,false,false,false,false,false,false,false,false,false,false,false,false,false,false,false,false,false,-83.05042,42.34102,"{
  ""coordinates"": [
    -8.305042256680950e+01,
    4.234102274722570e+01
  ],
  ""type"": ""Point""
}","{
  ""coordinates"": [
    -83.050422567,
    42.341022747
  ],
  ""type"": ""Point""
}",-83.0504225669999,42.3410227470001
22040,1308262,FORT,SCHAEFER,2018-02-22,22,2,2018,8,5,8,3,,1,0,Asphalt,1,2,1,,4,2,2,5,0,0,0,0,true,false,false,false,false,false,false,false,false,false,false,false,false,false,false,false,false,false,false,false,false,false,-83.15537,42.27652,"{
  ""coordinates"": [
    -8.315537225205500e+01,
    4.227652009543250e+01
  ],
  ""type"": ""Point""
}","{
  ""coordinates"": [
    -83.155372252,
    42.276520095
  ],
  ""type"": ""Point""
}",-83.1553722519999,42.2765200950001
22041,1308259,VERNOR,CAVALRY,2018-02-22,22,2,2018,17,5,5,9,,4,0,Asphalt,1,2,1,30,3,3,3,5,0,0,0,0,true,false,false,false,false,false,false,false,false,false,false,false,false,false,false,false,false,false,false,false,false,false,-83.10664,42.31585,"{
  ""coordinates"": [
    -8.310664495965911e+01,
    4.231585498713680e+01
  ],
  ""type"": ""Point""
}","{
  ""coordinates"": [
    -83.10664496,
    42.315854987
  ],
  ""type"": ""Point""
}",-83.10664496,42.3158549870001
22042,1323840,W I 96 CD,GREENFIELD,2018-02-22,22,2,2018,0,5,8,1,,1,3,Concrete,1,1,4,70,3,2,1,5,0,0,0,0,true,false,false,false,false,false,false,false,false,false,true,false,false,false,false,false,false,false,false,false,false,false,-83.19809,42.37941,"{
  ""coordinates"": [
    -8.319808804279440e+01,
    4.237940672475450e+01
  ],
  ""type"": ""Point""
}","{
  ""coordinates"": [
    -83.198088043,
    42.379406725
  ],
  ""type"": ""Point""
}",-83.198088043,42.3794067250001
22043,1308280,MEMORIAL,PAUL,2018-02-22,22,2,2018,11,5,10,9,,,0,,1,1,1,25,2,2,2,5,0,0,0,0,true,false,false,false,false,false,false,false,false,false,false,false,false,false,false,false,false,false,false,false,false,false,-83.21073,42.3363,"{
  ""coordinates"": [
    -8.321073118383200e+01,
    4.233630199585030e+01
  ],
  ""type"": ""Point""
}","{
  ""coordinates"": [
    -83.210731184,
    42.336301996
  ],
  ""type"": ""Point""
}",-83.2107311839999,42.336301996
22044,1308255,GRAND RIVER,ROSA PARKS,2018-02-22,22,2,2018,7,5,8,3,,1,0,Asphalt,1,2,1,30,5,2,1,5,0,0,0,0,true,false,false,false,true,false,false,false,false,false,false,false,false,false,false,false,false,false,false,false,false,false,-83.07986,42.34489,"{
  ""coordinates"": [
    -8.307985803928740e+01,
    4.234488524550150e+01
  ],
  ""type"": ""Point""
}","{
  ""coordinates"": [
    -83.079858039,
    42.344885246
  ],
  ""type"": ""Point""
}",-83.079858039,42.344885246
22045,1309692,MCNICHOLS,PARKSIDE,2018-02-22,22,2,2018,15,5,8,9,,4,0,Asphalt,1,2,1,30,2,2,2,5,0,0,0,0,true,false,false,false,true,false,false,false,false,false,false,false,false,false,false,false,false,false,false,false,false,false,-83.1321,42.41727,"{
  ""coordinates"": [
    -8.313210280057930e+01,
    4.241727310639770e+01
  ],
  ""type"": ""Point""
}","{
  ""coordinates"": [
    -83.132102801,
    42.417273106
  ],
  ""type"": ""Point""
}",-83.132102801,42.417273106
22046,1308288,GRATIOT,FISCHER,2018-02-22,22,2,2018,17,5,4,3,,1,0,Asphalt,1,2,1,30,3,2,3,4,0,0,0,3,false,false,false,false,false,false,false,false,false,false,false,false,false,false,false,false,false,false,false,false,false,false,-83.01057,42.38506,"{
  ""coordinates"": [
    -8.301056832854860e+01,
    4.238505494861850e+01
  ],
  ""type"": ""Point""
}","{
  ""coordinates"": [
    -83.010568329,
    42.385054949
  ],
  ""type"": ""Point""
}",-83.010568329,42.3850549490001
22047,1308293,8 MILE,GRATIOT,2018-02-22,22,2,2018,8,5,5,3,,1,0,Asphalt,1,2,1,40,9,3,2,4,0,0,0,1,false,false,false,false,false,false,false,false,false,false,false,false,true,false,false,false,false,false,false,false,false,false,-82.96811,42.44983,"{
  ""coordinates"": [
    -8.296810963343600e+01,
    4.244982905875490e+01
  ],
  ""type"": ""Point""
}","{
  ""coordinates"": [
    -82.968109633,
    42.449829059
  ],
  ""type"": ""Point""
}",-82.968109633,42.4498290590001
22048,1308302,DEQUINDRE,OUTER,2018-02-22,22,2,2018,17,5,5,9,,4,0,Asphalt,1,1,4,35,1,2,2,5,0,0,0,0,true,false,false,false,false,true,false,false,false,false,false,false,false,true,false,false,false,false,false,false,false,false,-83.08312,42.44017,"{
  ""coordinates"": [
    -8.308312080653050e+01,
    4.244016523506670e+01
  ],
  ""type"": ""Point""
}","{
  ""coordinates"": [
    -83.083120807,
    42.440165235
  ],
  ""type"": ""Point""
}",-83.0831208069999,42.4401652350001
22049,1317719,SCHOOLCRAFT,SOUTHFIELD SERVICE,2018-02-22,22,2,2018,15,5,97,3,,1,0,Asphalt,1,1,1,35,6,2,1,5,0,0,0,0,true,false,false,false,false,false,false,false,false,false,false,false,true,false,false,true,false,false,false,false,false,false,-83.21741,42.38838,"{
  ""coordinates"": [
    -8.321741253254520e+01,
    4.238838321941910e+01
  ],
  ""type"": ""Point""
}","{
  ""coordinates"": [
    -83.217412533,
    42.388383219
  ],
  ""type"": ""Point""
}",-83.217412533,42.388383219
22050,1312295,CASS,PUTNAM,2018-02-22,22,2,2018,16,5,8,9,,4,0,Asphalt,1,1,1,35,2,2,0,5,0,0,0,0,true,false,false,false,false,false,false,false,false,false,false,false,false,false,false,false,false,false,false,false,false,false,-83.06721,42.35696,"{
  ""coordinates"": [
    -8.306721569235070e+01,
    4.235696131987100e+01
  ],
  ""type"": ""Point""
}","{
  ""coordinates"": [
    -83.067215692,
    42.35696132
  ],
  ""type"": ""Point""
}",-83.0672156919999,42.35696132
22051,1309665,8 MILE,LAHSER,2018-02-22,22,2,2018,21,5,5,3,,1,0,Asphalt,1,1,4,45,4,2,2,5,0,0,0,0,true,false,false,false,false,false,false,false,false,false,false,false,false,false,false,false,false,false,false,false,false,false,-83.25636,42.4433,"{
  ""coordinates"": [
    -8.325636164133290e+01,
    4.244329989511890e+01
  ],
  ""type"": ""Point""
}","{
  ""coordinates"": [
    -83.256361641,
    42.443299895
  ],
  ""type"": ""Point""
}",-83.256361641,42.4432998950001
22052,1308283,E I 96 CD,SOUTHFIELD SERVICE DRIVE,2018-02-22,22,2,2018,6,5,5,1,,1,0,Concrete,1,1,4,55,2,2,1,4,0,0,0,1,false,false,false,false,true,false,false,false,false,false,false,false,false,false,false,false,false,false,false,false,false,false,-83.21735,42.37841,"{
  ""coordinates"": [
    -8.321735047163740e+01,
    4.237840666307540e+01
  ],
  ""type"": ""Point""
}","{
  ""coordinates"": [
    -83.217350472,
    42.378406663
  ],
  ""type"": ""Point""
}",-83.217350472,42.3784066630001
22053,1309661,7 MILE,SCHAEFER,2018-02-22,22,2,2018,13,5,8,9,,2,0,Asphalt,1,1,1,35,3,2,2,5,0,0,0,0,true,false,false,false,false,false,false,false,false,false,false,false,false,true,false,false,false,false,false,false,false,false,-83.18033,42.43108,"{
  ""coordinates"": [
    -8.318032996379669e+01,
    4.243108172831450e+01
  ],
  ""type"": ""Point""
}","{
  ""coordinates"": [
    -83.180329964,
    42.431081728
  ],
  ""type"": ""Point""
}",-83.180329964,42.431081728
22054,1314390,CHICAGO,RUTLAND,2018-02-22,22,2,2018,12,5,97,9,,4,0,Asphalt,1,1,1,30,4,2,1,4,0,0,0,1,false,false,false,false,false,false,false,false,false,false,false,false,false,false,false,false,false,false,false,false,false,false,-83.21305,42.36512,"{
  ""coordinates"": [
    -8.321304779121689e+01,
    4.236511777276700e+01
  ],
  ""type"": ""Point""
}","{
  ""coordinates"": [
    -83.213047791,
    42.365117773
  ],
  ""type"": ""Point""
}",-83.213047791,42.3651177730001
22055,1308297,DEXTER,STURTEVANT,2018-02-22,22,2,2018,14,5,4,9,,4,0,Asphalt,1,1,1,30,4,2,5,4,0,0,0,2,false,false,false,false,false,false,false,false,false,false,false,true,false,false,false,false,false,false,false,false,false,false,-83.12721,42.38429,"{
  ""coordinates"": [
    -8.312721262512891e+01,
    4.238429179252480e+01
  ],
  ""type"": ""Point""
}","{
  ""coordinates"": [
    -83.127212625,
    42.384291793
  ],
  ""type"": ""Point""
}",-83.127212625,42.384291793
22056,1309638,FORT,LAWNDALE,2018-02-22,22,2,2018,17,5,5,3,,1,0,Asphalt,1,1,1,30,5,2,2,5,0,0,0,0,true,false,false,false,false,false,false,false,false,false,false,false,false,false,false,false,false,false,false,false,false,false,-83.12488,42.298,"{
  ""coordinates"": [
    -8.312487554372549e+01,
    4.229799840690870e+01
  ],
  ""type"": ""Point""
}","{
  ""coordinates"": [
    -83.124875544,
    42.297998407
  ],
  ""type"": ""Point""
}",-83.124875544,42.2979984070001
22057,1311357,I 75,WARREN,2018-02-22,22,2,2018,19,5,5,1,,1,0,Asphalt,1,1,4,55,4,2,2,5,0,0,0,0,true,false,false,false,false,false,false,false,false,false,false,false,false,false,false,false,false,false,false,false,false,false,-83.05408,42.36058,"{
  ""coordinates"": [
    -8.305407401939920e+01,
    4.236058573271180e+01
  ],
  ""type"": ""Point""
}","{
  ""coordinates"": [
    -83.054074019,
    42.360585733
  ],
  ""type"": ""Point""
}",-83.054074019,42.3605857330001
22058,1308285,CHRYSLER,WARREN,2018-02-22,22,2,2018,19,5,8,1,,1,0,Asphalt,1,1,4,35,2,2,2,5,0,0,0,0,true,false,false,false,true,false,false,false,false,false,false,false,false,false,false,false,false,false,false,false,false,false,-83.05428,42.36088,"{
  ""coordinates"": [
    -8.305427694065260e+01,
    4.236088310852630e+01
  ],
  ""type"": ""Point""
}","{
  ""coordinates"": [
    -83.054276941,
    42.360883109
  ],
  ""type"": ""Point""
}",-83.054276941,42.360883109
22059,1308289,FISHER SERVICE,GRATIOT,2018-02-22,22,2,2018,7,5,8,7,,1,0,Asphalt,1,1,1,35,4,2,2,5,0,0,0,0,true,false,false,false,true,false,false,false,false,false,false,false,false,false,false,false,false,false,false,false,false,false,-83.03633,42.34669,"{
  ""coordinates"": [
    -8.303633328683020e+01,
    4.234669271229600e+01
  ],
  ""type"": ""Point""
}","{
  ""coordinates"": [
    -83.036333287,
    42.346692712
  ],
  ""type"": ""Point""
}",-83.0363332869999,42.346692712
22060,1319952,W I 96,W M 8,2018-02-22,22,2,2018,16,5,5,1,,1,0,Concrete,1,1,1,70,3,2,2,5,0,0,0,0,true,false,false,false,false,false,false,false,false,false,false,false,false,true,false,false,false,false,false,false,false,false,-83.15703,42.38541,"{
  ""coordinates"": [
    -8.315703162725940e+01,
    4.238541167007170e+01
  ],
  ""type"": ""Point""
}","{
  ""coordinates"": [
    -83.157031627,
    42.38541167
  ],
  ""type"": ""Point""
}",-83.157031627,42.3854116700001
22061,1308256,SELDEN,CASS,2018-02-22,22,2,2018,12,5,6,9,,,0,,1,1,1,25,4,2,1,5,0,0,0,0,true,false,false,false,true,false,false,false,false,false,false,false,false,false,false,false,false,false,false,false,false,false,-83.06221,42.34838,"{
  ""coordinates"": [
    -8.306220788428480e+01,
    4.234837787100740e+01
  ],
  ""type"": ""Point""
}","{
  ""coordinates"": [
    -83.062207884,
    42.348377871
  ],
  ""type"": ""Point""
}",-83.062207884,42.348377871
22062,1315758,I-94,CHENE,2018-02-22,22,2,2018,18,5,5,1,,1,0,Asphalt,1,1,4,55,3,2,3,4,0,0,0,1,false,false,false,false,false,false,false,false,false,false,false,false,false,false,true,false,false,false,false,false,false,false,-83.04111,42.37623,"{
  ""coordinates"": [
    -8.304111161810729e+01,
    4.237623064164570e+01
  ],
  ""type"": ""Point""
}","{
  ""coordinates"": [
    -83.041111618,
    42.376230642
  ],
  ""type"": ""Point""
}",-83.0411116179999,42.3762306420001
22063,1309623,MACK,CHRYLSER,2018-02-22,22,2,2018,22,5,3,9,,4,0,Asphalt,1,1,4,25,3,2,2,4,0,0,0,1,false,false,false,false,false,false,false,false,false,false,false,false,false,false,false,false,false,false,false,false,false,false,-83.0474,42.35137,"{
  ""coordinates"": [
    -8.304740198727390e+01,
    4.235136857999570e+01
  ],
  ""type"": ""Point""
}","{
  ""coordinates"": [
    -83.047401987,
    42.35136858
  ],
  ""type"": ""Point""
}",-83.0474019869999,42.35136858
22064,1308281,GREENFIELD,PLYMOUTH,2018-02-22,22,2,2018,20,5,3,9,,2,0,Asphalt,1,1,4,35,6,2,3,5,0,0,0,0,true,false,false,false,false,false,false,false,false,false,false,false,false,false,true,false,false,false,false,false,false,false,-83.19756,42.37258,"{
  ""coordinates"": [
    -8.319756125734560e+01,
    4.237258207968680e+01
  ],
  ""type"": ""Point""
}","{
  ""coordinates"": [
    -83.197561257,
    42.37258208
  ],
  ""type"": ""Point""
}",-83.197561257,42.37258208
22065,1308246,COYLE,PLYMOUTH,2018-02-21,21,2,2018,3,4,4,9,,,0,,2,4,2,,4,2,1,5,0,0,0,0,true,false,false,false,true,false,false,false,false,false,false,false,false,false,false,false,false,false,false,false,false,false,-83.19318,42.37268,"{
  ""coordinates"": [
    -8.319318595378310e+01,
    4.237268177095170e+01
  ],
  ""type"": ""Point""
}","{
  ""coordinates"": [
    -83.193185954,
    42.372681771
  ],
  ""type"": ""Point""
}",-83.1931859539999,42.372681771
22066,1308286,GRATIOT,VAN DYKE,2018-02-21,21,2,2018,21,4,4,3,,1,0,Asphalt,1,1,3,35,7,2,3,5,0,0,0,0,true,false,false,false,false,false,false,false,false,false,false,false,false,false,false,false,false,false,false,false,false,false,-83.01453,42.37907,"{
  ""coordinates"": [
    -8.301452533128290e+01,
    4.237906882994260e+01
  ],
  ""type"": ""Point""
}","{
  ""coordinates"": [
    -83.014525331,
    42.37906883
  ],
  ""type"": ""Point""
}",-83.014525331,42.3790688300001
22067,1324937,I-75,SPRINGWELLS,2018-02-21,21,2,2018,9,4,8,1,,1,0,Concrete,2,4,1,70,3,2,2,5,0,0,0,0,true,false,false,false,false,false,false,false,true,false,true,false,false,false,true,false,false,false,false,false,false,false,-83.11761,42.30199,"{
  ""coordinates"": [
    -8.311761201909459e+01,
    4.230198920857380e+01
  ],
  ""type"": ""Point""
}","{
  ""coordinates"": [
    -83.117612019,
    42.301989209
  ],
  ""type"": ""Point""
}",-83.117612019,42.3019892090001
22068,1307177,SHERIDAN,E I 94 SERVICE DRIVE,2018-02-21,21,2,2018,10,4,10,9,,,0,,2,1,1,15,1,2,3,5,0,0,0,0,true,false,false,false,false,false,false,false,false,false,false,false,false,false,false,false,false,false,false,false,false,false,-83.02383,42.38486,"{
  ""coordinates"": [
    -8.302382407116430e+01,
    4.238486544846580e+01
  ],
  ""type"": ""Point""
}","{
  ""coordinates"": [
    -83.023824071,
    42.384865448
  ],
  ""type"": ""Point""
}",-83.023824071,42.384865448
22069,1307175,MT ELLIOTT,GRAND,2018-02-21,21,2,2018,8,4,7,9,,4,0,Asphalt,2,4,1,25,2,2,2,5,0,0,0,0,true,false,false,false,false,false,false,false,false,false,false,false,false,false,false,false,false,false,false,false,false,false,-83.03177,42.37675,"{
  ""coordinates"": [
    -8.303176765261441e+01,
    4.237674809259220e+01
  ],
  ""type"": ""Point""
}","{
  ""coordinates"": [
    -83.031767653,
    42.376748093
  ],
  ""type"": ""Point""
}",-83.031767653,42.3767480930001
22070,1307156,N M 10,LINWOOD,2018-02-21,21,2,2018,22,4,8,3,,1,0,Concrete,1,1,4,55,4,2,3,4,0,0,0,3,false,false,false,false,false,false,false,false,false,false,false,false,false,false,false,false,false,false,false,false,false,false,-83.12737,42.40522,"{
  ""coordinates"": [
    -8.312736499780650e+01,
    4.240521861939890e+01
  ],
  ""type"": ""Point""
}","{
  ""coordinates"": [
    -83.127364998,
    42.405218619
  ],
  ""type"": ""Point""
}",-83.127364998,42.405218619
22071,1307171,S M 10,RAMP 109A,2018-02-21,21,2,2018,0,4,97,3,,1,0,Concrete,1,1,4,55,4,2,1,5,0,0,0,0,true,false,false,false,true,false,false,false,false,false,false,false,false,false,false,false,false,false,false,false,false,false,-83.11318,42.39987,"{
  ""coordinates"": [
    -8.311318248044481e+01,
    4.239986893733740e+01
  ],
  ""type"": ""Point""
}","{
  ""coordinates"": [
    -83.11318248,
    42.399868937
  ],
  ""type"": ""Point""
}",-83.11318248,42.3998689370001
22072,1309589,I-75,DEARBORN,2018-02-21,21,2,2018,20,4,1,1,,1,1,Concrete,1,1,1,55,3,1,1,5,0,0,0,0,true,false,false,false,false,false,false,false,false,true,true,false,false,false,false,false,false,false,false,false,false,false,-83.12572,42.29628,"{
  ""coordinates"": [
    -8.312571819643320e+01,
    4.229627809171490e+01
  ],
  ""type"": ""Point""
}","{
  ""coordinates"": [
    -83.125718196,
    42.296278092
  ],
  ""type"": ""Point""
}",-83.125718196,42.2962780920001
22073,1324948,S I 75,CANADIAN PACIFIC RAILWAY,2018-02-21,21,2,2018,3,4,1,1,,1,1,Asphalt,2,98,4,55,2,1,1,5,0,0,0,0,true,false,false,false,false,false,false,false,false,true,false,false,false,false,false,true,false,false,false,false,false,false,-83.08604,42.32805,"{
  ""coordinates"": [
    -8.308604778471270e+01,
    4.232805105609440e+01
  ],
  ""type"": ""Point""
}","{
  ""coordinates"": [
    -83.086047785,
    42.328051056
  ],
  ""type"": ""Point""
}",-83.0860477849999,42.328051056
22074,1318635,S M 39,RAMP 008K,2018-02-21,21,2,2018,6,4,1,3,,1,1,Asphalt,2,4,4,55,3,1,1,5,0,0,0,0,true,false,false,false,false,false,false,false,false,true,false,false,false,false,false,false,false,false,false,false,false,false,-83.21693,42.37594,"{
  ""coordinates"": [
    -8.321692441780650e+01,
    4.237594317682050e+01
  ],
  ""type"": ""Point""
}","{
  ""coordinates"": [
    -83.216924418,
    42.375943177
  ],
  ""type"": ""Point""
}",-83.216924418,42.3759431770001
22075,1307183,GRATIOT,FAIRPORT,2018-02-21,21,2,2018,21,4,5,3,,1,0,Asphalt,1,1,4,35,6,2,5,1,1,0,3,0,false,false,false,false,false,false,false,false,false,true,false,false,false,false,false,false,false,false,false,false,false,false,-82.98656,42.42162,"{
  ""coordinates"": [
    -8.298656300755570e+01,
    4.242162038701540e+01
  ],
  ""type"": ""Point""
}","{
  ""coordinates"": [
    -82.986563008,
    42.421620387
  ],
  ""type"": ""Point""
}",-82.986563008,42.4216203870001
22076,1308265,WITT,ELSMERE,2018-02-21,21,2,2018,22,4,4,9,,,0,,1,1,4,25,1,2,0,5,0,0,0,0,true,false,false,false,true,false,false,false,false,false,false,false,false,false,false,false,false,false,false,false,false,false,-83.1288,42.29821,"{
  ""coordinates"": [
    -8.312879769608971e+01,
    4.229821068393580e+01
  ],
  ""type"": ""Point""
}","{
  ""coordinates"": [
    -83.128797696,
    42.298210684
  ],
  ""type"": ""Point""
}",-83.1287976959999,42.298210684
22077,1318598,E I 96,FULLERTON,2018-02-21,21,2,2018,13,4,5,1,,1,0,Concrete,2,1,1,70,4,3,2,5,0,0,0,0,true,true,false,false,true,false,false,false,false,false,false,false,false,true,false,false,false,false,false,false,false,false,-83.18914,42.38012,"{
  ""coordinates"": [
    -8.318913894368760e+01,
    4.238012194797440e+01
  ],
  ""type"": ""Point""
}","{
  ""coordinates"": [
    -83.189138944,
    42.380121948
  ],
  ""type"": ""Point""
}",-83.189138944,42.3801219480001
22078,1307197,I 75 SERVICE,8 MILE,2018-02-21,21,2,2018,17,4,8,1,,4,0,Asphalt,1,1,1,40,4,2,2,5,0,0,0,0,true,false,false,false,true,false,false,false,false,false,false,false,false,false,false,false,false,false,false,false,false,false,-83.0956,42.44252,"{
  ""coordinates"": [
    -8.309560031692560e+01,
    4.244251871323010e+01
  ],
  ""type"": ""Point""
}","{
  ""coordinates"": [
    -83.095600317,
    42.442518713
  ],
  ""type"": ""Point""
}",-83.0956003169999,42.442518713
22079,1308266,LONYO,MICHIGAN,2018-02-21,21,2,2018,17,4,3,2,,4,0,Asphalt,1,1,4,35,4,2,2,5,0,0,0,0,true,false,true,true,false,false,false,false,false,false,false,false,false,true,false,false,false,false,false,false,false,false,-83.14445,42.33045,"{
  ""coordinates"": [
    -8.314444836702820e+01,
    4.233044979989020e+01
  ],
  ""type"": ""Point""
}","{
  ""coordinates"": [
    -83.144448367,
    42.3304498
  ],
  ""type"": ""Point""
}",-83.1444483669999,42.3304498000001
22080,1308268,CASS,CANFIELD,2018-02-21,21,2,2018,10,4,8,9,,4,0,Asphalt,2,2,1,30,4,2,2,5,0,0,0,0,true,false,false,false,false,false,false,false,false,false,false,false,false,false,false,true,false,false,false,false,false,false,-83.06422,42.35173,"{
  ""coordinates"": [
    -8.306422735989680e+01,
    4.235173338316660e+01
  ],
  ""type"": ""Point""
}","{
  ""coordinates"": [
    -83.06422736,
    42.351733383
  ],
  ""type"": ""Point""
}",-83.06422736,42.3517333830001
22081,1307178,SHERIDAN,I-94 SERVICE,2018-02-21,21,2,2018,10,4,1,9,,,0,,2,1,1,15,1,2,1,4,0,0,0,1,false,false,false,false,false,false,false,false,false,false,true,false,true,false,false,false,false,false,false,false,false,false,-83.02433,42.38562,"{
  ""coordinates"": [
    -8.302432702362491e+01,
    4.238561666519330e+01
  ],
  ""type"": ""Point""
}","{
  ""coordinates"": [
    -83.024327024,
    42.385616665
  ],
  ""type"": ""Point""
}",-83.0243270239999,42.385616665
22082,1307181,I 94 SERVICE,MOROSS,2018-02-21,21,2,2018,15,4,4,1,,4,0,Asphalt,1,1,1,,3,2,1,5,0,0,0,0,true,false,true,true,true,false,false,false,false,false,false,false,false,false,true,false,false,false,false,false,false,false,-82.92817,42.4245,"{
  ""coordinates"": [
    -8.292817023724750e+01,
    4.242450014212520e+01
  ],
  ""type"": ""Point""
}","{
  ""coordinates"": [
    -82.928170237,
    42.424500142
  ],
  ""type"": ""Point""
}",-82.928170237,42.4245001420001
22083,1324901,E I 96,CSX TRANSPORTATION,2018-02-21,21,2,2018,13,4,1,1,,1,1,Concrete,1,2,1,70,4,1,2,4,0,0,0,1,false,false,false,false,false,false,false,false,false,true,false,false,false,false,true,false,false,false,false,false,false,false,-83.18929,42.38008,"{
  ""coordinates"": [
    -8.318928276155749e+01,
    4.238007640592980e+01
  ],
  ""type"": ""Point""
}","{
  ""coordinates"": [
    -83.189282762,
    42.380076406
  ],
  ""type"": ""Point""
}",-83.1892827619999,42.3800764060001
22084,1325955,I-94,I-75,2018-02-21,21,2,2018,6,4,8,1,,1,0,Concrete,2,4,5,55,3,2,1,5,0,0,0,0,true,false,false,false,true,false,false,false,false,false,false,false,false,false,false,false,false,false,false,false,false,false,-83.05653,42.36966,"{
  ""coordinates"": [
    -8.305652648056950e+01,
    4.236965567002360e+01
  ],
  ""type"": ""Point""
}","{
  ""coordinates"": [
    -83.056526481,
    42.36965567
  ],
  ""type"": ""Point""
}",-83.0565264809999,42.36965567
22085,1307199,LIVERNOIS,LYNDON,2018-02-21,21,2,2018,17,4,5,9,,4,0,Concrete,1,1,1,30,5,2,1,5,0,0,0,0,true,false,false,false,true,false,false,false,false,false,false,false,false,false,false,false,false,false,false,false,false,false,-83.14003,42.39557,"{
  ""coordinates"": [
    -8.314003267328040e+01,
    4.239556710766790e+01
  ],
  ""type"": ""Point""
}","{
  ""coordinates"": [
    -83.140032673,
    42.395567108
  ],
  ""type"": ""Point""
}",-83.140032673,42.3955671080001