ObjectId,Crash ID,Primary Road,Intersecting Road,Crash Date,Day,Month,Year,Hour,Weekday,Crash Type Code,Highway Classification Code,Community Code,Jurisdiction Code,Lane Departure Type Code,Surface Type,Road Condition,Weather Condition,Lighting Condition,Speed Limit,Lanes,Units,Occupants,Most Severe Injury,Fatal Injuries,Suspected Serious Injuries,Suspected Minor Injuries,Possible Injuries,Property Damage Only,Secondary Crash,Traffic Control,Red Light Run,Hit and Run,Alcohol,Drugs,Unbelted Person,Work Zone,Speeding Driver,Distracted Driver,Driveway,Pedestrian,Elderly Driver,Young Driver,Commercial Vehicle,Emergency Vehicles,Train,School Bus,Motorcycle,Bicycle,Deer,Longitude,Latitude,geom,geog,x,y
22248,1324946,S M 10,RAMP 119A,2018-02-18,18,2,2018,0,1,5,3,,1,0,Concrete,6,5,4,55,3,2,1,5,0,0,0,0,true,false,false,false,true,false,false,false,false,true,false,false,false,false,false,false,false,false,false,false,false,false,-83.07288,42.35256,"{
  ""coordinates"": [
    -8.307288430143200e+01,
    4.235256304846640e+01
  ],
  ""type"": ""Point""
}","{
  ""coordinates"": [
    -83.072884301,
    42.352563048
  ],
  ""type"": ""Point""
}",-83.072884301,42.352563048
22249,1403990,WYOMING,8 MILE,2018-02-18,18,2,2018,3,1,4,9,,4,0,Asphalt,1,1,1,25,2,2,1,5,0,0,0,0,true,false,false,false,false,false,false,false,false,false,false,true,false,true,false,false,false,false,false,false,false,false,-83.16148,42.44518,"{
  ""coordinates"": [
    -8.316148674138030e+01,
    4.244518251476460e+01
  ],
  ""type"": ""Point""
}","{
  ""coordinates"": [
    -83.161486741,
    42.445182515
  ],
  ""type"": ""Point""
}",-83.161486741,42.4451825150001
22250,1304353,8 MILE,SPENCER,2018-02-18,18,2,2018,13,1,5,3,,1,0,Asphalt,1,1,1,45,4,3,4,5,0,0,0,0,true,false,false,false,false,false,false,false,false,false,false,false,false,false,true,false,false,false,false,false,false,false,-83.02731,42.4481,"{
  ""coordinates"": [
    -8.302730792556750e+01,
    4.244810066337480e+01
  ],
  ""type"": ""Point""
}","{
  ""coordinates"": [
    -83.027307926,
    42.448100663
  ],
  ""type"": ""Point""
}",-83.0273079259999,42.448100663
22251,1305956,WOODWARD,MONTCALM,2018-02-18,18,2,2018,18,1,4,3,,1,0,Asphalt,1,1,3,35,3,2,2,5,0,0,0,0,true,false,false,false,false,false,false,false,false,false,false,false,false,false,false,false,false,false,false,false,false,false,-83.05226,42.33902,"{
  ""coordinates"": [
    -8.305226291368960e+01,
    4.233902293176880e+01
  ],
  ""type"": ""Point""
}","{
  ""coordinates"": [
    -83.052262914,
    42.339022932
  ],
  ""type"": ""Point""
}",-83.052262914,42.339022932
22252,1307136,I-94,SECOND,2018-02-18,18,2,2018,0,1,1,1,,1,1,Asphalt,3,1,4,55,4,1,2,5,0,0,0,0,true,false,false,false,false,false,false,false,false,true,false,false,false,false,true,false,false,false,false,false,false,false,-83.07379,42.36053,"{
  ""coordinates"": [
    -8.307379204958170e+01,
    4.236052915975400e+01
  ],
  ""type"": ""Point""
}","{
  ""coordinates"": [
    -83.07379205,
    42.36052916
  ],
  ""type"": ""Point""
}",-83.07379205,42.3605291600001
22253,1304267,RAMP 047A,MEADE,2018-02-18,18,2,2018,0,1,5,1,,1,0,Asphalt,3,2,4,55,3,2,2,4,0,0,0,2,false,false,false,false,false,false,false,false,false,true,false,false,false,false,false,false,false,false,false,false,false,false,-83.07626,42.40691,"{
  ""coordinates"": [
    -8.307625653463150e+01,
    4.240691065168660e+01
  ],
  ""type"": ""Point""
}","{
  ""coordinates"": [
    -83.076256535,
    42.406910652
  ],
  ""type"": ""Point""
}",-83.076256535,42.4069106520001
22254,1307167,WHITTIER,HARPER,2018-02-18,18,2,2018,3,1,98,9,,4,0,Asphalt,3,1,4,35,4,2,2,2,0,1,0,0,false,false,false,false,false,true,false,false,false,false,false,false,false,false,false,false,false,false,false,false,false,false,-82.9424,42.41244,"{
  ""coordinates"": [
    -8.294239887967289e+01,
    4.241244112902530e+01
  ],
  ""type"": ""Point""
}","{
  ""coordinates"": [
    -82.94239888,
    42.412441129
  ],
  ""type"": ""Point""
}",-82.94239888,42.4124411290001
22255,1308252,LODGE,NOBLE,2018-02-18,18,2,2018,1,1,1,9,,4,1,,4,1,4,,1,1,3,5,0,0,0,0,true,false,false,false,false,true,false,false,false,true,false,false,false,false,false,false,false,false,false,false,false,false,-83.06804,42.34223,"{
  ""coordinates"": [
    -8.306803617961280e+01,
    4.234223033745810e+01
  ],
  ""type"": ""Point""
}","{
  ""coordinates"": [
    -83.06803618,
    42.342230337
  ],
  ""type"": ""Point""
}",-83.06803618,42.342230337
22256,1305955,RANDOLPH,JEFFERSON,2018-02-18,18,2,2018,14,1,5,3,,1,0,Asphalt,1,1,1,,3,2,2,5,0,0,0,0,true,false,false,false,false,false,false,false,false,false,false,false,false,false,false,false,false,false,false,false,false,false,-83.0422,42.32991,"{
  ""coordinates"": [
    -8.304219913338670e+01,
    4.232990514600040e+01
  ],
  ""type"": ""Point""
}","{
  ""coordinates"": [
    -83.042199133,
    42.329905146
  ],
  ""type"": ""Point""
}",-83.0421991329999,42.329905146
22257,1305129,LONYO,MCGRAW,2018-02-18,18,2,2018,16,1,8,9,,4,0,Asphalt,1,1,1,30,2,2,3,5,0,0,0,0,true,false,false,false,false,false,false,false,false,false,false,false,false,false,true,false,false,false,false,false,false,false,-83.14678,42.3337,"{
  ""coordinates"": [
    -8.314678147933800e+01,
    4.233370264354110e+01
  ],
  ""type"": ""Point""
}","{
  ""coordinates"": [
    -83.146781479,
    42.333702644
  ],
  ""type"": ""Point""
}",-83.146781479,42.333702644
22258,1309669,EVERGREEN,PILGRIM,2018-02-18,18,2,2018,21,1,8,9,,4,0,Asphalt,1,1,4,25,2,2,0,5,0,0,0,0,true,false,false,false,true,false,false,false,false,false,false,false,false,false,false,false,false,false,false,false,false,false,-83.23766,42.40587,"{
  ""coordinates"": [
    -8.323766096403460e+01,
    4.240586961943950e+01
  ],
  ""type"": ""Point""
}","{
  ""coordinates"": [
    -83.237660964,
    42.405869619
  ],
  ""type"": ""Point""
}",-83.237660964,42.405869619
22259,1304297,I-94,GRAND RIVER,2018-02-18,18,2,2018,9,1,8,1,,1,0,Asphalt,1,1,1,55,3,2,1,5,0,0,0,0,true,false,false,false,true,false,false,false,false,false,false,false,false,false,false,true,false,false,false,false,false,false,-83.10275,42.34909,"{
  ""coordinates"": [
    -8.310274199818269e+01,
    4.234908550693480e+01
  ],
  ""type"": ""Point""
}","{
  ""coordinates"": [
    -83.102741998,
    42.349085507
  ],
  ""type"": ""Point""
}",-83.1027419979999,42.349085507
22260,1305138,FORT,GRAND,2018-02-18,18,2,2018,1,1,97,3,,1,0,Concrete,3,5,4,30,4,2,1,5,0,0,0,0,true,false,false,false,true,false,false,false,false,false,false,false,false,false,true,false,false,false,false,false,false,false,-83.08409,42.31493,"{
  ""coordinates"": [
    -8.308408799201101e+01,
    4.231492965206380e+01
  ],
  ""type"": ""Point""
}","{
  ""coordinates"": [
    -83.084087992,
    42.314929652
  ],
  ""type"": ""Point""
}",-83.084087992,42.314929652
22261,1305976,GRATIOT,MCDOUGALL,2018-02-18,18,2,2018,16,1,8,3,,1,0,Asphalt,98,98,98,35,7,2,0,5,0,0,0,0,true,false,false,false,true,false,false,false,false,false,false,false,false,false,false,false,false,false,false,false,false,false,-83.0274,42.3596,"{
  ""coordinates"": [
    -8.302739357275080e+01,
    4.235960173345450e+01
  ],
  ""type"": ""Point""
}","{
  ""coordinates"": [
    -83.027393573,
    42.359601733
  ],
  ""type"": ""Point""
}",-83.027393573,42.359601733
22262,1304331,DEQUINDRE,CONANT,2018-02-18,18,2,2018,3,1,4,3,,4,0,Asphalt,3,5,5,35,6,2,2,5,0,0,0,0,true,false,false,false,false,false,false,false,false,false,false,false,false,false,true,false,false,false,false,false,false,false,-83.08334,42.44662,"{
  ""coordinates"": [
    -8.308333959753500e+01,
    4.244662560153330e+01
  ],
  ""type"": ""Point""
}","{
  ""coordinates"": [
    -83.083339598,
    42.446625602
  ],
  ""type"": ""Point""
}",-83.083339598,42.446625602
22263,1318639,ADAMS,WOODWARD,2018-02-18,18,2,2018,20,1,97,3,,4,3,Asphalt,1,1,4,35,3,2,1,5,0,0,0,0,true,false,false,false,false,false,false,false,false,false,true,false,false,false,false,false,false,false,false,false,false,false,-83.05117,42.33686,"{
  ""coordinates"": [
    -8.305117336399000e+01,
    4.233685830623100e+01
  ],
  ""type"": ""Point""
}","{
  ""coordinates"": [
    -83.051173364,
    42.336858306
  ],
  ""type"": ""Point""
}",-83.051173364,42.3368583060001
22264,1304332,CADILLAC,FOREST,2018-02-18,18,2,2018,1,1,5,9,,4,0,Asphalt,3,5,4,35,2,2,4,5,0,0,0,0,true,false,false,false,false,false,false,false,false,false,false,false,false,false,false,false,true,false,false,false,false,false,-82.99516,42.3799,"{
  ""coordinates"": [
    -8.299516290791369e+01,
    4.237990159044500e+01
  ],
  ""type"": ""Point""
}","{
  ""coordinates"": [
    -82.995162908,
    42.37990159
  ],
  ""type"": ""Point""
}",-82.9951629079999,42.37990159
22265,1308273,ST JEAN,WARREN,2018-02-18,18,2,2018,3,1,5,9,,,0,,3,1,4,30,5,2,2,5,0,0,0,0,true,false,false,false,false,false,false,false,false,false,false,false,false,false,false,false,false,false,false,false,false,false,-82.98383,42.38723,"{
  ""coordinates"": [
    -8.298382219590761e+01,
    4.238722471549930e+01
  ],
  ""type"": ""Point""
}","{
  ""coordinates"": [
    -82.983822196,
    42.387224715
  ],
  ""type"": ""Point""
}",-82.9838221959999,42.3872247150001
22266,1311351,RAMP 041G,N I 75,2018-02-18,18,2,2018,1,1,1,1,,1,1,Concrete,3,5,4,55,3,1,1,5,0,0,0,0,true,true,false,false,false,false,false,false,false,true,false,false,false,false,false,false,false,false,false,false,false,false,-83.04474,42.34439,"{
  ""coordinates"": [
    -8.304474095454491e+01,
    4.234438613055160e+01
  ],
  ""type"": ""Point""
}","{
  ""coordinates"": [
    -83.044740955,
    42.344386131
  ],
  ""type"": ""Point""
}",-83.044740955,42.3443861310001
22267,1304333,3400 LAFAYETTE,MT ELLOITT,2018-02-18,18,2,2018,11,1,1,9,,4,1,Asphalt,3,1,1,30,2,1,1,5,0,0,0,0,true,false,false,false,false,false,false,false,false,false,false,false,false,false,false,false,false,false,false,false,false,false,-83.01307,42.34651,"{
  ""coordinates"": [
    -8.301306864913180e+01,
    4.234650802234910e+01
  ],
  ""type"": ""Point""
}","{
  ""coordinates"": [
    -83.013068649,
    42.346508022
  ],
  ""type"": ""Point""
}",-83.013068649,42.3465080220001
22268,1304357,DEXTER,MIDLAND,2018-02-18,18,2,2018,13,1,8,9,,,0,,2,1,1,25,2,2,4,4,0,0,0,3,false,false,false,false,false,false,false,false,false,false,false,false,false,false,false,false,false,false,false,false,false,false,-83.13645,42.40664,"{
  ""coordinates"": [
    -8.313645393717501e+01,
    4.240663968301160e+01
  ],
  ""type"": ""Point""
}","{
  ""coordinates"": [
    -83.136453937,
    42.406639683
  ],
  ""type"": ""Point""
}",-83.1364539369999,42.406639683
22269,1304283,I-96,OUTER,2018-02-18,18,2,2018,8,1,8,1,,1,0,Concrete,1,1,1,70,4,2,1,5,0,0,0,0,true,false,false,false,true,false,false,false,false,false,false,false,false,false,false,false,false,false,false,false,false,false,-83.25815,42.38546,"{
  ""coordinates"": [
    -8.325815178368561e+01,
    4.238545537394320e+01
  ],
  ""type"": ""Point""
}","{
  ""coordinates"": [
    -83.258151784,
    42.385455374
  ],
  ""type"": ""Point""
}",-83.2581517839999,42.3854553740001
22270,1308291,DRESDEN,MINDEN,2018-02-18,18,2,2018,23,1,4,9,,,0,,1,1,4,25,2,2,2,5,0,0,0,0,true,true,false,false,true,false,false,false,false,false,false,false,false,false,false,false,false,false,false,false,false,false,-82.99354,42.4177,"{
  ""coordinates"": [
    -8.299353479809790e+01,
    4.241769871185750e+01
  ],
  ""type"": ""Point""
}","{
  ""coordinates"": [
    -82.993534798,
    42.417698712
  ],
  ""type"": ""Point""
}",-82.993534798,42.4176987120001
22271,1308251,N M 39,MCNICHOLS,2018-02-18,18,2,2018,12,1,5,3,,1,0,Concrete,2,1,4,35,2,2,2,5,0,0,0,0,true,false,false,false,true,false,false,false,false,false,false,false,false,false,false,false,false,false,false,false,false,false,-83.21871,42.41553,"{
  ""coordinates"": [
    -8.321871246071670e+01,
    4.241553130429630e+01
  ],
  ""type"": ""Point""
}","{
  ""coordinates"": [
    -83.218712461,
    42.415531304
  ],
  ""type"": ""Point""
}",-83.2187124609999,42.4155313040001
22272,1305134,VERNOR,NEWARK,2018-02-18,18,2,2018,,1,1,9,,4,0,Asphalt,1,1,1,25,4,1,0,5,0,0,0,0,true,false,false,false,false,false,false,false,false,false,false,true,false,false,false,false,false,false,false,false,false,false,-83.07944,42.32747,"{
  ""coordinates"": [
    -8.307944788347430e+01,
    4.232747163341690e+01
  ],
  ""type"": ""Point""
}","{
  ""coordinates"": [
    -83.079447883,
    42.327471633
  ],
  ""type"": ""Point""
}",-83.0794478829999,42.3274716330001
22273,1304337,EIGHT MILE,ROSEMONT,2018-02-18,18,2,2018,1,1,1,3,,1,0,Asphalt,4,5,4,,4,2,0,5,0,0,0,0,true,false,false,false,true,false,false,false,false,false,false,false,true,false,false,false,false,false,false,false,false,false,-83.22235,42.44412,"{
  ""coordinates"": [
    -8.322235277139950e+01,
    4.244412089728680e+01
  ],
  ""type"": ""Point""
}","{
  ""coordinates"": [
    -83.222352771,
    42.444120897
  ],
  ""type"": ""Point""
}",-83.222352771,42.4441208970001
22274,1327911,ALTER,WAVENEY,2018-02-18,18,2,2018,2,1,97,9,,4,0,Asphalt,3,5,3,35,4,2,2,4,0,0,0,1,false,false,false,false,false,false,false,false,false,true,false,false,false,false,false,false,false,false,false,false,false,false,-82.9509,42.39208,"{
  ""coordinates"": [
    -8.295090168451910e+01,
    4.239208219604230e+01
  ],
  ""type"": ""Point""
}","{
  ""coordinates"": [
    -82.950901685,
    42.392082196
  ],
  ""type"": ""Point""
}",-82.950901685,42.392082196
22275,1351232,GRAND RIVER,BROOKLYN,2018-02-18,18,2,2018,2,1,8,3,,1,0,Asphalt,3,5,5,,6,2,2,5,0,0,0,0,true,false,false,false,true,false,false,false,false,false,false,false,false,false,false,false,false,false,false,false,false,false,-83.06867,42.34037,"{
  ""coordinates"": [
    -8.306867246260410e+01,
    4.234036569025230e+01
  ],
  ""type"": ""Point""
}","{
  ""coordinates"": [
    -83.068672463,
    42.34036569
  ],
  ""type"": ""Point""
}",-83.068672463,42.3403656900001
22276,1305097,E I 96,EVERGREEN,2018-02-18,18,2,2018,0,1,8,1,,1,0,Concrete,3,2,4,55,4,2,2,5,0,0,0,0,true,false,false,false,false,false,false,false,false,true,false,false,false,false,false,false,false,false,false,false,false,false,-83.23582,42.37971,"{
  ""coordinates"": [
    -8.323581645617951e+01,
    4.237970802918850e+01
  ],
  ""type"": ""Point""
}","{
  ""coordinates"": [
    -83.235816456,
    42.379708029
  ],
  ""type"": ""Point""
}",-83.235816456,42.379708029
22277,1304348,MOROSS,E I 94,2018-02-18,18,2,2018,5,1,5,9,,2,0,Concrete,2,5,4,30,3,2,2,5,0,0,0,0,true,false,false,false,false,false,false,false,false,false,false,false,false,false,false,false,false,false,false,false,false,false,-82.92867,42.42435,"{
  ""coordinates"": [
    -8.292866422500970e+01,
    4.242434626662030e+01
  ],
  ""type"": ""Point""
}","{
  ""coordinates"": [
    -82.928664225,
    42.424346267
  ],
  ""type"": ""Point""
}",-82.928664225,42.424346267
22278,1304349,CHENE,JEFFERSON,2018-02-18,18,2,2018,4,1,5,9,,4,0,Asphalt,3,5,4,25,5,2,2,5,0,0,0,0,true,false,false,false,true,false,false,false,false,false,false,false,false,false,false,false,false,false,false,false,false,false,-83.02261,42.33819,"{
  ""coordinates"": [
    -8.302260871724781e+01,
    4.233818854195540e+01
  ],
  ""type"": ""Point""
}","{
  ""coordinates"": [
    -83.022608717,
    42.338188542
  ],
  ""type"": ""Point""
}",-83.022608717,42.3381885420001
22279,1305140,GRAND RIVER,SOUTHFIELD SERVICE,2018-02-18,18,2,2018,14,1,4,3,,1,0,Concrete,1,1,1,25,2,2,2,5,0,0,0,0,true,false,false,false,true,false,false,false,false,false,false,false,false,false,false,false,false,false,false,false,false,false,-83.21799,42.40058,"{
  ""coordinates"": [
    -8.321798955639881e+01,
    4.240057965078680e+01
  ],
  ""type"": ""Point""
}","{
  ""coordinates"": [
    -83.217989556,
    42.400579651
  ],
  ""type"": ""Point""
}",-83.217989556,42.400579651
22280,1305148,PATTON,SANTA MARIA,2018-02-18,18,2,2018,12,1,9,9,,,2,,1,1,1,25,3,2,1,5,0,0,0,0,true,false,false,false,false,false,false,false,false,false,false,false,false,false,false,false,false,false,false,false,false,false,-83.2449,42.41754,"{
  ""coordinates"": [
    -8.324490531941890e+01,
    4.241753883831770e+01
  ],
  ""type"": ""Point""
}","{
  ""coordinates"": [
    -83.244905319,
    42.417538838
  ],
  ""type"": ""Point""
}",-83.2449053189999,42.417538838
22281,1305099,E I 96,EVERGREEN,2018-02-18,18,2,2018,1,1,5,1,,1,0,Concrete,3,2,4,55,4,3,3,5,0,0,0,0,true,true,false,false,false,false,false,false,false,true,false,false,false,false,false,false,false,false,false,false,false,false,-83.23658,42.38021,"{
  ""coordinates"": [
    -8.323657683066700e+01,
    4.238020784511610e+01
  ],
  ""type"": ""Point""
}","{
  ""coordinates"": [
    -83.236576831,
    42.380207845
  ],
  ""type"": ""Point""
}",-83.236576831,42.380207845
22282,1304268,S I 75,RAMP 037C,2018-02-18,18,2,2018,1,1,5,1,,1,0,Asphalt,3,1,4,55,2,3,6,5,0,0,0,0,true,false,false,false,false,false,false,false,false,false,false,false,false,false,false,false,false,false,false,false,false,false,-83.08426,42.33251,"{
  ""coordinates"": [
    -8.308425811608841e+01,
    4.233250962594620e+01
  ],
  ""type"": ""Point""
}","{
  ""coordinates"": [
    -83.084258116,
    42.332509626
  ],
  ""type"": ""Point""
}",-83.0842581159999,42.332509626
22283,1304339,GRAND RIVER,FENKEL,2018-02-18,18,2,2018,2,1,5,3,,1,0,Asphalt,3,2,4,35,4,2,2,4,0,0,0,1,false,false,false,false,false,false,false,false,false,false,false,false,false,false,false,false,false,false,false,false,false,false,-83.21934,42.40111,"{
  ""coordinates"": [
    -8.321933893122269e+01,
    4.240111228483310e+01
  ],
  ""type"": ""Point""
}","{
  ""coordinates"": [
    -83.219338931,
    42.401112285
  ],
  ""type"": ""Point""
}",-83.219338931,42.4011122850001
22284,1304351,SAINT LOUIS,MCNICHOLS,2018-02-18,18,2,2018,0,1,8,9,,,0,,4,5,5,25,2,2,2,5,0,0,0,0,true,false,false,false,true,false,false,false,false,false,false,false,false,false,false,false,false,false,false,false,false,false,-83.03949,42.41911,"{
  ""coordinates"": [
    -8.303948889284770e+01,
    4.241911303594820e+01
  ],
  ""type"": ""Point""
}","{
  ""coordinates"": [
    -83.039488893,
    42.419113036
  ],
  ""type"": ""Point""
}",-83.0394888929999,42.4191130360001
22285,1304302,N M 10,RAMP 113A,2018-02-18,18,2,2018,8,1,4,3,,1,0,Concrete,2,1,1,25,5,2,2,4,0,0,0,1,false,false,false,false,true,false,false,false,false,false,false,false,false,false,false,false,false,false,false,false,false,false,-83.08847,42.37715,"{
  ""coordinates"": [
    -8.308847285295590e+01,
    4.237715108805640e+01
  ],
  ""type"": ""Point""
}","{
  ""coordinates"": [
    -83.088472853,
    42.377151088
  ],
  ""type"": ""Point""
}",-83.088472853,42.3771510880001
22286,1305135,LONYO,DIX,2018-02-18,18,2,2018,3,1,2,9,,4,0,Asphalt,3,1,4,40,2,2,1,4,0,0,0,1,false,false,false,false,true,false,false,false,false,true,false,false,false,false,false,false,false,false,false,false,false,false,-83.1344,42.31658,"{
  ""coordinates"": [
    -8.313440105766971e+01,
    4.231657825305630e+01
  ],
  ""type"": ""Point""
}","{
  ""coordinates"": [
    -83.134401058,
    42.316578253
  ],
  ""type"": ""Point""
}",-83.134401058,42.316578253
22287,1304322,7 MILE,GRATIOT,2018-02-18,18,2,2018,2,1,2,3,,4,0,Asphalt,4,5,4,30,8,2,2,5,0,0,0,0,true,false,false,false,true,false,false,false,false,false,false,false,false,false,false,false,false,false,false,false,false,false,-82.9777,42.43508,"{
  ""coordinates"": [
    -8.297769594870300e+01,
    4.243507744376800e+01
  ],
  ""type"": ""Point""
}","{
  ""coordinates"": [
    -82.977695949,
    42.435077444
  ],
  ""type"": ""Point""
}",-82.977695949,42.4350774440001
22288,1304280,I-75,MICHIGAN,2018-02-18,18,2,2018,3,1,1,1,,1,1,Concrete,1,1,4,70,2,1,1,5,0,0,0,0,true,false,false,false,false,false,false,false,false,true,false,false,false,false,false,false,false,false,false,false,false,false,-83.08288,42.33216,"{
  ""coordinates"": [
    -8.308287806336810e+01,
    4.233215664923240e+01
  ],
  ""type"": ""Point""
}","{
  ""coordinates"": [
    -83.082878063,
    42.332156649
  ],
  ""type"": ""Point""
}",-83.082878063,42.3321566490001
22289,1323859,GRAND RIVER,SHIAWASSEE,2018-02-17,17,2,2018,1,7,8,3,,1,0,Asphalt,1,1,4,35,5,2,1,5,0,0,0,0,true,false,false,false,true,false,false,false,false,false,false,false,false,false,false,false,false,false,false,false,false,false,-83.27278,42.42275,"{
  ""coordinates"": [
    -8.327277815842010e+01,
    4.242274751286070e+01
  ],
  ""type"": ""Point""
}","{
  ""coordinates"": [
    -83.272778158,
    42.422747513
  ],
  ""type"": ""Point""
}",-83.2727781579999,42.422747513
22290,1308248,GREENFIELD,SCHOOLCRAFT,2018-02-17,17,2,2018,19,7,3,9,,2,0,Asphalt,1,1,4,35,5,2,1,4,0,0,0,1,false,false,true,true,true,false,false,false,false,false,false,false,false,false,true,false,false,false,false,false,false,false,-83.19817,42.38701,"{
  ""coordinates"": [
    -8.319816752993640e+01,
    4.238700751209140e+01
  ],
  ""type"": ""Point""
}","{
  ""coordinates"": [
    -83.19816753,
    42.387007512
  ],
  ""type"": ""Point""
}",-83.19816753,42.387007512
22291,1303436,RAMP 047H,DAVISON,2018-02-17,17,2,2018,18,7,1,1,,1,1,Concrete,1,1,1,35,2,1,1,4,0,0,0,1,false,false,false,false,false,false,false,false,false,true,false,false,false,false,true,false,false,false,false,false,false,false,-83.07977,42.4091,"{
  ""coordinates"": [
    -8.307976963500130e+01,
    4.240909608401090e+01
  ],
  ""type"": ""Point""
}","{
  ""coordinates"": [
    -83.079769635,
    42.409096084
  ],
  ""type"": ""Point""
}",-83.0797696349999,42.4090960840001
22292,1307155,I-94,JOHN C LODGE,2018-02-17,17,2,2018,19,7,5,1,,1,0,Asphalt,1,1,4,55,3,2,1,5,0,0,0,0,true,false,false,false,true,false,false,false,false,false,false,false,false,false,false,false,false,false,false,false,false,false,-83.07793,42.35787,"{
  ""coordinates"": [
    -8.307792604798200e+01,
    4.235787285988320e+01
  ],
  ""type"": ""Point""
}","{
  ""coordinates"": [
    -83.077926048,
    42.35787286
  ],
  ""type"": ""Point""
}",-83.0779260479999,42.35787286
22293,1304270,I94,M10,2018-02-17,17,2,2018,16,7,5,1,,1,0,Asphalt,1,1,1,55,3,2,2,5,0,0,0,0,true,false,false,false,false,false,false,false,false,false,false,false,false,false,false,false,false,false,false,false,false,false,-83.07822,42.35823,"{
  ""coordinates"": [
    -8.307822521171850e+01,
    4.235823465641940e+01
  ],
  ""type"": ""Point""
}","{
  ""coordinates"": [
    -83.078225212,
    42.358234656
  ],
  ""type"": ""Point""
}",-83.0782252119999,42.358234656
22294,1305142,SCHOOLCRAFT,STAHELIN,2018-02-17,17,2,2018,21,7,2,9,,2,2,Asphalt,2,5,4,30,2,2,2,3,0,0,2,0,false,false,false,false,false,true,false,false,false,false,false,false,false,false,false,false,false,false,false,false,false,false,-83.22626,42.38649,"{
  ""coordinates"": [
    -8.322626815534809e+01,
    4.238648997596080e+01
  ],
  ""type"": ""Point""
}","{
  ""coordinates"": [
    -83.226268155,
    42.386489976
  ],
  ""type"": ""Point""
}",-83.226268155,42.3864899760001
22295,1303489,MACK,S I 75,2018-02-17,17,2,2018,13,7,8,9,,4,0,Asphalt,1,2,1,25,8,2,2,5,0,0,0,0,true,false,false,false,false,false,false,false,false,false,false,false,false,false,false,false,false,false,false,false,false,false,-83.04811,42.35111,"{
  ""coordinates"": [
    -8.304810814355631e+01,
    4.235110828655410e+01
  ],
  ""type"": ""Point""
}","{
  ""coordinates"": [
    -83.048108144,
    42.351108287
  ],
  ""type"": ""Point""
}",-83.048108144,42.351108287
22296,1304330,E I 96,SOUTHFIELD SERVICE DRIVE,2018-02-17,17,2,2018,23,7,8,1,,1,0,Concrete,4,5,4,55,2,2,3,5,0,0,0,0,true,false,false,false,true,false,false,false,false,false,false,false,false,false,false,false,false,false,false,false,false,false,-83.21526,42.37867,"{
  ""coordinates"": [
    -8.321526267425800e+01,
    4.237867165682500e+01
  ],
  ""type"": ""Point""
}","{
  ""coordinates"": [
    -83.215262674,
    42.378671657
  ],
  ""type"": ""Point""
}",-83.215262674,42.378671657
22297,1303520,WILLIS,3RD,2018-02-17,17,2,2018,12,7,97,9,,,0,,1,2,1,30,2,2,2,5,0,0,0,0,true,false,false,false,false,false,false,false,false,false,false,false,false,true,false,false,false,false,false,false,false,false,-83.06796,42.34911,"{
  ""coordinates"": [
    -8.306796456467660e+01,
    4.234910521614790e+01
  ],
  ""type"": ""Point""
}","{
  ""coordinates"": [
    -83.067964565,
    42.349105216
  ],
  ""type"": ""Point""
}",-83.067964565,42.3491052160001
22298,1305981,CONNER,FINDLAY,2018-02-17,17,2,2018,21,7,4,9,,4,0,Asphalt,1,1,5,35,5,2,2,5,0,0,0,0,true,false,false,false,true,false,false,false,false,false,false,false,false,false,false,false,false,false,false,false,false,false,-83.00586,42.4114,"{
  ""coordinates"": [
    -8.300586241480100e+01,
    4.241140069117630e+01
  ],
  ""type"": ""Point""
}","{
  ""coordinates"": [
    -83.005862415,
    42.411400691
  ],
  ""type"": ""Point""
}",-83.005862415,42.411400691
22299,1303429,I 94,14TH,2018-02-17,17,2,2018,19,7,5,1,,1,0,Asphalt,1,2,5,55,3,2,1,5,0,0,0,0,true,false,false,false,true,false,false,false,false,false,false,false,false,false,false,false,false,false,false,false,false,false,-83.09,42.35297,"{
  ""coordinates"": [
    -8.309000469214490e+01,
    4.235297058713880e+01
  ],
  ""type"": ""Point""
}","{
  ""coordinates"": [
    -83.090004692,
    42.352970587
  ],
  ""type"": ""Point""
}",-83.090004692,42.3529705870001
22300,1303537,MEYERS,OUTER,2018-02-17,17,2,2018,15,7,5,9,,4,0,Asphalt,1,1,3,35,2,2,1,5,0,0,0,0,true,false,false,false,true,false,false,false,false,false,false,false,false,false,false,false,false,false,false,false,false,false,-83.17085,42.43488,"{
  ""coordinates"": [
    -8.317085301486220e+01,
    4.243488024447720e+01
  ],
  ""type"": ""Point""
}","{
  ""coordinates"": [
    -83.170853015,
    42.434880244
  ],
  ""type"": ""Point""
}",-83.170853015,42.4348802440001
22301,1305993,I-96,DAVISON,2018-02-17,17,2,2018,2,7,4,3,,1,0,Asphalt,98,98,98,55,3,2,1,5,0,0,0,0,true,false,false,false,true,false,false,false,false,false,false,false,false,true,false,false,false,false,false,false,false,false,-83.11401,42.396,"{
  ""coordinates"": [
    -8.311401205930009e+01,
    4.239599470083250e+01
  ],
  ""type"": ""Point""
}","{
  ""coordinates"": [
    -83.114012059,
    42.395994701
  ],
  ""type"": ""Point""
}",-83.1140120589999,42.3959947010001
22302,1305133,FORT,AMERICAN,2018-02-17,17,2,2018,23,7,8,3,,1,0,Asphalt,3,1,4,35,4,2,3,5,0,0,0,0,true,false,false,false,false,false,false,false,false,false,false,false,false,false,false,true,false,false,false,false,false,false,-83.11253,42.3028,"{
  ""coordinates"": [
    -8.311253049865449e+01,
    4.230280323220640e+01
  ],
  ""type"": ""Point""
}","{
  ""coordinates"": [
    -83.112530499,
    42.302803232
  ],
  ""type"": ""Point""
}",-83.1125304989999,42.302803232