ObjectId,Crash ID,Primary Road,Intersecting Road,Crash Date,Day,Month,Year,Hour,Weekday,Crash Type Code,Highway Classification Code,Community Code,Jurisdiction Code,Lane Departure Type Code,Surface Type,Road Condition,Weather Condition,Lighting Condition,Speed Limit,Lanes,Units,Occupants,Most Severe Injury,Fatal Injuries,Suspected Serious Injuries,Suspected Minor Injuries,Possible Injuries,Property Damage Only,Secondary Crash,Traffic Control,Red Light Run,Hit and Run,Alcohol,Drugs,Unbelted Person,Work Zone,Speeding Driver,Distracted Driver,Driveway,Pedestrian,Elderly Driver,Young Driver,Commercial Vehicle,Emergency Vehicles,Train,School Bus,Motorcycle,Bicycle,Deer,Longitude,Latitude,geom,geog,x,y
22303,1304269,E I 96,RAMP 008V,2018-02-17,17,2,2018,23,7,1,1,,1,1,Concrete,3,5,4,70,3,1,3,4,0,0,0,3,false,false,false,false,false,false,false,false,false,true,false,false,false,false,false,false,false,false,false,false,false,false,-83.20402,42.37902,"{
  ""coordinates"": [
    -8.320401764120970e+01,
    4.237901915009150e+01
  ],
  ""type"": ""Point""
}","{
  ""coordinates"": [
    -83.204017641,
    42.37901915
  ],
  ""type"": ""Point""
}",-83.204017641,42.37901915
22304,1305991,LIVERNOIS,WEBB,2018-02-17,17,2,2018,1,7,9,9,,4,2,Asphalt,1,1,4,30,2,2,1,5,0,0,0,0,true,false,false,false,true,false,false,false,false,false,false,false,false,true,false,false,false,false,false,false,false,false,-83.13894,42.37435,"{
  ""coordinates"": [
    -8.313893768947629e+01,
    4.237434851456660e+01
  ],
  ""type"": ""Point""
}","{
  ""coordinates"": [
    -83.138937689,
    42.374348515
  ],
  ""type"": ""Point""
}",-83.138937689,42.3743485150001
22305,1303440,MACOMB,SAINT ANTOINE,2018-02-17,17,2,2018,22,7,5,9,,4,0,Asphalt,1,1,4,35,2,2,2,5,0,0,0,0,true,false,false,false,false,false,false,false,false,false,false,false,false,false,false,false,false,false,false,false,false,false,-83.04147,42.33628,"{
  ""coordinates"": [
    -8.304146732281500e+01,
    4.233628080719860e+01
  ],
  ""type"": ""Point""
}","{
  ""coordinates"": [
    -83.041467323,
    42.336280807
  ],
  ""type"": ""Point""
}",-83.0414673229999,42.336280807
22306,1304345,HAYES,PARKGROVE,2018-02-17,17,2,2018,11,7,4,9,,4,0,Asphalt,2,1,1,35,2,2,2,5,0,0,0,0,true,false,false,false,false,false,false,false,false,false,false,false,false,true,false,false,false,false,false,false,false,false,-82.96535,42.43007,"{
  ""coordinates"": [
    -8.296535338685790e+01,
    4.243007396766820e+01
  ],
  ""type"": ""Point""
}","{
  ""coordinates"": [
    -82.965353387,
    42.430073968
  ],
  ""type"": ""Point""
}",-82.9653533869999,42.430073968
22307,1303498,MURRAY HILL,8 MILE,2018-02-17,17,2,2018,3,7,2,3,,,2,,1,1,4,,1,2,0,5,0,0,0,0,true,false,false,false,true,false,false,false,false,false,false,false,false,false,false,false,false,false,false,false,false,false,-83.20909,42.44446,"{
  ""coordinates"": [
    -8.320909266825880e+01,
    4.244445895595020e+01
  ],
  ""type"": ""Point""
}","{
  ""coordinates"": [
    -83.209092668,
    42.444458956
  ],
  ""type"": ""Point""
}",-83.209092668,42.4444589560001
22308,1304265,W I 94,GRAND,2018-02-17,17,2,2018,15,7,8,1,,1,0,Asphalt,1,1,1,55,2,2,2,5,0,0,0,0,true,false,false,false,false,false,false,false,true,false,false,false,false,false,false,false,false,false,false,false,false,false,-83.10942,42.34699,"{
  ""coordinates"": [
    -8.310941833159090e+01,
    4.234699385933040e+01
  ],
  ""type"": ""Point""
}","{
  ""coordinates"": [
    -83.109418332,
    42.346993859
  ],
  ""type"": ""Point""
}",-83.109418332,42.3469938590001
22309,1324959,I-94,LIVERNOIS,2018-02-17,17,2,2018,10,7,8,1,,1,0,Asphalt,1,2,1,55,3,2,2,5,0,0,0,0,true,false,false,false,false,false,false,false,true,false,false,false,false,false,false,true,false,false,false,false,false,false,-83.1233,42.3381,"{
  ""coordinates"": [
    -8.312329694254510e+01,
    4.233809694220120e+01
  ],
  ""type"": ""Point""
}","{
  ""coordinates"": [
    -83.123296943,
    42.338096942
  ],
  ""type"": ""Point""
}",-83.123296943,42.338096942
22310,1304356,WHITCOMB,7 MILE,2018-02-17,17,2,2018,13,7,3,9,,,0,,1,1,1,25,4,2,2,5,0,0,0,0,true,false,false,false,false,false,false,false,false,false,false,false,false,true,true,false,false,false,false,false,false,false,-83.19743,42.4303,"{
  ""coordinates"": [
    -8.319743010639590e+01,
    4.243029631814810e+01
  ],
  ""type"": ""Point""
}","{
  ""coordinates"": [
    -83.197430106,
    42.430296318
  ],
  ""type"": ""Point""
}",-83.197430106,42.430296318
22311,1311389,S M 39 SERVICE DRIVE,WARREN,2018-02-17,17,2,2018,14,7,4,9,,4,0,Asphalt,1,1,1,35,2,2,4,5,0,0,0,0,true,false,false,false,false,false,false,false,false,false,false,false,false,false,true,false,false,false,false,false,false,false,-83.21654,42.34332,"{
  ""coordinates"": [
    -8.321653428560830e+01,
    4.234331703834300e+01
  ],
  ""type"": ""Point""
}","{
  ""coordinates"": [
    -83.216534286,
    42.343317038
  ],
  ""type"": ""Point""
}",-83.216534286,42.3433170380001
22312,1343902,MORANG,KELLY,2018-02-17,17,2,2018,1,7,2,9,,4,0,Asphalt,1,1,4,30,2,2,1,5,0,0,0,0,true,false,false,false,true,false,false,false,false,false,false,false,false,false,false,false,false,false,false,false,false,false,-82.95702,42.429,"{
  ""coordinates"": [
    -8.295701834078061e+01,
    4.242900360075340e+01
  ],
  ""type"": ""Point""
}","{
  ""coordinates"": [
    -82.957018341,
    42.429003601
  ],
  ""type"": ""Point""
}",-82.957018341,42.429003601
22313,1303469,LONYO,ARNOLD,2018-02-17,17,2,2018,9,7,2,9,,4,2,Asphalt,1,1,1,25,2,3,0,5,0,0,0,0,true,false,false,false,true,false,false,false,false,false,false,false,false,false,false,false,false,false,false,false,false,false,-83.14771,42.33498,"{
  ""coordinates"": [
    -8.314770723996909e+01,
    4.233497878700630e+01
  ],
  ""type"": ""Point""
}","{
  ""coordinates"": [
    -83.14770724,
    42.334978787
  ],
  ""type"": ""Point""
}",-83.14770724,42.3349787870001
22314,1304303,WILLIS,CASS,2018-02-17,17,2,2018,17,7,98,9,,,0,,1,1,3,25,2,2,0,5,0,0,0,0,true,false,false,false,true,false,false,false,false,false,false,false,false,true,false,false,false,false,false,false,false,false,-83.06361,42.35048,"{
  ""coordinates"": [
    -8.306361295170279e+01,
    4.235047674473870e+01
  ],
  ""type"": ""Point""
}","{
  ""coordinates"": [
    -83.063612952,
    42.350476745
  ],
  ""type"": ""Point""
}",-83.063612952,42.350476745
22315,1305958,WASHINGTON,MICHIGAN,2018-02-17,17,2,2018,12,7,8,9,,4,0,,1,1,1,35,3,2,2,5,0,0,0,0,true,false,false,false,false,false,false,true,false,false,false,false,false,false,false,true,false,false,false,false,false,false,-83.05118,42.33163,"{
  ""coordinates"": [
    -8.305117491573530e+01,
    4.233163071475280e+01
  ],
  ""type"": ""Point""
}","{
  ""coordinates"": [
    -83.051174916,
    42.331630715
  ],
  ""type"": ""Point""
}",-83.051174916,42.3316307150001
22316,1304336,7 MILE,WHITCOMB,2018-02-17,17,2,2018,13,7,4,9,,2,0,Asphalt,1,1,1,35,4,2,2,5,0,0,0,0,true,false,false,false,false,false,false,false,false,false,false,false,false,true,false,false,false,false,false,false,false,false,-83.19745,42.43048,"{
  ""coordinates"": [
    -8.319744749851850e+01,
    4.243048064665540e+01
  ],
  ""type"": ""Point""
}","{
  ""coordinates"": [
    -83.197447499,
    42.430480647
  ],
  ""type"": ""Point""
}",-83.197447499,42.430480647
22317,1308290,CAMBRIDGE,FERGUSON,2018-02-17,17,2,2018,22,7,4,9,,,0,,98,98,98,25,2,2,2,5,0,0,0,0,true,false,true,false,true,false,false,false,false,false,false,false,false,false,false,false,false,false,false,false,false,false,-83.21068,42.43206,"{
  ""coordinates"": [
    -8.321067820279680e+01,
    4.243205692064970e+01
  ],
  ""type"": ""Point""
}","{
  ""coordinates"": [
    -83.210678203,
    42.432056921
  ],
  ""type"": ""Point""
}",-83.210678203,42.432056921
22318,1304295,E I 96,WYOMING,2018-02-17,17,2,2018,1,7,6,1,,1,0,Concrete,1,1,4,55,5,2,2,5,0,0,0,0,true,false,false,false,false,false,false,false,false,false,false,false,false,false,false,false,false,false,false,false,false,false,-83.15859,42.38525,"{
  ""coordinates"": [
    -8.315859552328649e+01,
    4.238524710652610e+01
  ],
  ""type"": ""Point""
}","{
  ""coordinates"": [
    -83.158595523,
    42.385247107
  ],
  ""type"": ""Point""
}",-83.158595523,42.3852471070001
22319,1304277,I-94,TRUMBULL,2018-02-17,17,2,2018,6,7,8,1,,1,0,Asphalt,1,1,4,55,3,2,1,5,0,0,0,0,true,false,false,false,true,false,false,false,false,false,false,false,false,false,false,false,false,false,false,false,false,false,-83.08141,42.35608,"{
  ""coordinates"": [
    -8.308140680235860e+01,
    4.235607916675420e+01
  ],
  ""type"": ""Point""
}","{
  ""coordinates"": [
    -83.081406802,
    42.356079167
  ],
  ""type"": ""Point""
}",-83.0814068019999,42.3560791670001
22320,1309689,MUIRLAND,PICKFORD,2018-02-17,17,2,2018,18,7,8,9,,,0,,1,1,4,25,1,2,2,5,0,0,0,0,true,false,false,false,false,false,false,false,false,false,false,false,false,false,false,false,true,false,false,false,false,false,-83.13451,42.42622,"{
  ""coordinates"": [
    -8.313450360689980e+01,
    4.242622188608410e+01
  ],
  ""type"": ""Point""
}","{
  ""coordinates"": [
    -83.134503607,
    42.426221886
  ],
  ""type"": ""Point""
}",-83.1345036069999,42.4262218860001
22321,1303486,PLYMOUTH,ST MARYS,2018-02-17,17,2,2018,0,7,4,9,,4,0,Asphalt,1,2,4,30,7,2,3,5,0,0,0,0,true,false,false,false,false,false,false,false,false,false,false,false,false,false,false,false,false,false,false,false,false,false,-83.2046,42.37247,"{
  ""coordinates"": [
    -8.320459394009950e+01,
    4.237247307432270e+01
  ],
  ""type"": ""Point""
}","{
  ""coordinates"": [
    -83.20459394,
    42.372473074
  ],
  ""type"": ""Point""
}",-83.2045939399999,42.372473074
22322,1305146,MCNICHOLS,BILTMORE,2018-02-17,17,2,2018,19,7,4,9,,2,0,Asphalt,1,1,4,35,2,2,2,5,0,0,0,0,true,false,false,false,true,false,false,false,false,true,false,false,false,false,false,false,false,false,false,false,false,false,-83.21101,42.41572,"{
  ""coordinates"": [
    -8.321100559931151e+01,
    4.241572302973440e+01
  ],
  ""type"": ""Point""
}","{
  ""coordinates"": [
    -83.211005599,
    42.41572303
  ],
  ""type"": ""Point""
}",-83.211005599,42.41572303
22323,1303500,FERGUSON,CHALFONTE,2018-02-17,17,2,2018,3,7,5,9,,,3,,1,1,4,25,2,2,0,5,0,0,0,0,true,false,false,false,true,false,false,false,false,false,false,false,false,false,false,false,false,false,false,false,false,false,-83.21069,42.39906,"{
  ""coordinates"": [
    -8.321069552081740e+01,
    4.239905455723560e+01
  ],
  ""type"": ""Point""
}","{
  ""coordinates"": [
    -83.210695521,
    42.399054557
  ],
  ""type"": ""Point""
}",-83.2106955209999,42.3990545570001
22324,1311354,I 94,HARPER/N I 94 TURN,2018-02-17,17,2,2018,18,7,1,1,,1,1,Asphalt,1,1,3,55,3,1,1,5,0,0,0,0,true,false,false,false,false,false,false,false,false,false,false,false,false,false,false,false,false,false,false,false,false,false,-83.03149,42.38155,"{
  ""coordinates"": [
    -8.303148636976960e+01,
    4.238154979080370e+01
  ],
  ""type"": ""Point""
}","{
  ""coordinates"": [
    -83.03148637,
    42.381549791
  ],
  ""type"": ""Point""
}",-83.03148637,42.3815497910001
22325,1333608,ARTESIAN,WHITLOCK,2018-02-17,17,2,2018,13,7,4,9,,,0,,1,1,1,25,2,2,2,5,0,0,0,0,true,false,false,false,false,false,false,false,false,false,false,false,false,false,false,false,false,false,false,false,false,false,-83.22552,42.33967,"{
  ""coordinates"": [
    -8.322552716514021e+01,
    4.233966722448340e+01
  ],
  ""type"": ""Point""
}","{
  ""coordinates"": [
    -83.225527165,
    42.339667224
  ],
  ""type"": ""Point""
}",-83.225527165,42.339667224
22326,1310718,WHITTER,CHANDLERPARK,2018-02-17,17,2,2018,22,7,5,9,,2,0,Asphalt,4,5,3,25,2,2,1,5,0,0,0,0,true,false,false,false,true,false,false,false,false,false,false,false,false,false,false,false,false,false,false,false,false,false,-82.93958,42.40852,"{
  ""coordinates"": [
    -8.293958594234741e+01,
    4.240851439199350e+01
  ],
  ""type"": ""Point""
}","{
  ""coordinates"": [
    -82.939585942,
    42.408514392
  ],
  ""type"": ""Point""
}",-82.939585942,42.408514392
22327,1303534,LIVERNOIS,CLARITA,2018-02-17,17,2,2018,10,7,98,9,,4,3,Asphalt,1,2,1,35,2,2,0,5,0,0,0,0,true,false,false,false,true,false,false,false,false,false,false,false,false,false,false,false,false,false,false,false,false,false,-83.14132,42.43026,"{
  ""coordinates"": [
    -8.314131784800560e+01,
    4.243025525025550e+01
  ],
  ""type"": ""Point""
}","{
  ""coordinates"": [
    -83.141317848,
    42.43025525
  ],
  ""type"": ""Point""
}",-83.141317848,42.4302552500001
22328,1303497,CENTRAL,JOHN KRONK,2018-02-17,17,2,2018,5,7,1,9,,4,1,Asphalt,1,1,4,35,2,1,0,5,0,0,0,0,true,false,false,false,true,false,false,false,false,false,false,false,false,false,false,false,false,false,false,false,false,false,-83.1306,42.32134,"{
  ""coordinates"": [
    -8.313060363919401e+01,
    4.232133765816310e+01
  ],
  ""type"": ""Point""
}","{
  ""coordinates"": [
    -83.130603639,
    42.321337658
  ],
  ""type"": ""Point""
}",-83.130603639,42.3213376580001
22329,1304344,BLACKMORE,EASTWOOD,2018-02-17,17,2,2018,4,7,98,9,,,0,,2,1,4,25,1,2,0,5,0,0,0,0,true,false,false,false,true,false,false,false,false,false,true,false,false,false,false,false,false,false,false,false,false,false,-83.01305,42.43267,"{
  ""coordinates"": [
    -8.301304647226380e+01,
    4.243266636397820e+01
  ],
  ""type"": ""Point""
}","{
  ""coordinates"": [
    -83.013046472,
    42.432666364
  ],
  ""type"": ""Point""
}",-83.013046472,42.4326663640001
22330,1308241,JOY,GREENFIELD,2018-02-17,17,2,2018,1,7,5,9,,2,0,Asphalt,1,1,1,45,2,2,3,5,0,0,0,0,true,false,false,false,false,false,false,false,false,false,false,false,false,true,false,false,false,false,false,false,false,false,-83.19886,42.35814,"{
  ""coordinates"": [
    -8.319886120330411e+01,
    4.235813735052590e+01
  ],
  ""type"": ""Point""
}","{
  ""coordinates"": [
    -83.198861203,
    42.358137351
  ],
  ""type"": ""Point""
}",-83.198861203,42.358137351
22331,1305968,CHICAGO,AUBURN,2018-02-17,17,2,2018,21,7,4,9,,4,0,Asphalt,1,1,4,30,2,2,4,5,0,0,0,0,true,false,true,false,false,false,false,false,false,false,false,false,false,false,false,false,false,false,false,false,false,false,-83.23354,42.36475,"{
  ""coordinates"": [
    -8.323353235411879e+01,
    4.236475003385480e+01
  ],
  ""type"": ""Point""
}","{
  ""coordinates"": [
    -83.233532354,
    42.364750034
  ],
  ""type"": ""Point""
}",-83.233532354,42.3647500340001
22332,1303518,DEQUINDRE,WINCHESTER,2018-02-17,17,2,2018,13,7,4,9,,4,0,Asphalt,1,1,1,35,2,2,2,5,0,0,0,0,true,false,false,false,false,false,false,false,false,false,false,false,false,false,true,false,false,false,false,false,false,false,-83.08332,42.44513,"{
  ""coordinates"": [
    -8.308331881306670e+01,
    4.244513379295140e+01
  ],
  ""type"": ""Point""
}","{
  ""coordinates"": [
    -83.083318813,
    42.445133793
  ],
  ""type"": ""Point""
}",-83.0833188129999,42.445133793
22333,1303480,VERNOR,WATERMAN,2018-02-17,17,2,2018,3,7,4,9,,4,0,Asphalt,1,1,4,35,4,2,2,5,0,0,0,0,true,false,true,true,false,false,false,false,false,false,false,false,false,false,false,false,false,false,false,false,false,false,-83.11658,42.31581,"{
  ""coordinates"": [
    -8.311658634317250e+01,
    4.231581135520870e+01
  ],
  ""type"": ""Point""
}","{
  ""coordinates"": [
    -83.116586343,
    42.315811355
  ],
  ""type"": ""Point""
}",-83.1165863429999,42.3158113550001
22334,1304346,RUSSELL,WINDER,2018-02-17,17,2,2018,14,7,4,9,,4,0,Asphalt,1,1,1,25,3,2,2,5,0,0,0,0,true,false,false,false,false,false,false,false,false,false,false,false,false,false,false,false,false,false,false,false,false,false,-83.04018,42.34594,"{
  ""coordinates"": [
    -8.304018596459970e+01,
    4.234593923239730e+01
  ],
  ""type"": ""Point""
}","{
  ""coordinates"": [
    -83.040185965,
    42.345939232
  ],
  ""type"": ""Point""
}",-83.040185965,42.345939232
22335,1304271,M-39,TIREMAN,2018-02-17,17,2,2018,16,7,8,3,,1,0,Asphalt,1,1,1,55,3,2,1,5,0,0,0,0,true,false,false,false,true,false,false,false,false,false,false,false,false,false,false,false,false,false,false,false,false,false,-83.21645,42.35089,"{
  ""coordinates"": [
    -8.321644858773820e+01,
    4.235089315351820e+01
  ],
  ""type"": ""Point""
}","{
  ""coordinates"": [
    -83.216448588,
    42.350893154
  ],
  ""type"": ""Point""
}",-83.2164485879999,42.3508931540001
22336,1329943,MUNICH,GUILFORD,2018-02-17,17,2,2018,18,7,8,9,,,3,,1,1,3,25,2,2,0,5,0,0,0,0,true,false,false,false,true,false,false,false,false,false,false,false,false,false,false,false,false,false,false,false,false,false,-82.92453,42.40391,"{
  ""coordinates"": [
    -8.292453378808680e+01,
    4.240390840195630e+01
  ],
  ""type"": ""Point""
}","{
  ""coordinates"": [
    -82.924533788,
    42.403908402
  ],
  ""type"": ""Point""
}",-82.924533788,42.4039084020001
22337,1305149,FENKELL,PIERSON,2018-02-17,17,2,2018,23,7,4,9,,2,0,Asphalt,3,98,4,30,2,2,3,5,0,0,0,0,true,false,false,false,false,false,false,false,false,false,false,false,false,true,false,false,false,false,false,false,false,false,-83.24593,42.40054,"{
  ""coordinates"": [
    -8.324592612909311e+01,
    4.240053469398730e+01
  ],
  ""type"": ""Point""
}","{
  ""coordinates"": [
    -83.245926129,
    42.400534694
  ],
  ""type"": ""Point""
}",-83.2459261289999,42.400534694
22338,1314372,WYOMING,INTERVALE,2018-02-17,17,2,2018,0,7,5,9,,4,0,Asphalt,4,5,4,35,2,4,0,5,0,0,0,0,true,false,false,false,true,false,false,false,false,false,false,false,false,false,false,false,false,false,false,false,false,false,-83.15921,42.39162,"{
  ""coordinates"": [
    -8.315920835823620e+01,
    4.239161860778690e+01
  ],
  ""type"": ""Point""
}","{
  ""coordinates"": [
    -83.159208358,
    42.391618608
  ],
  ""type"": ""Point""
}",-83.1592083579999,42.391618608
22339,1318579,I75,CLARK,2018-02-17,17,2,2018,8,7,1,1,,1,0,Concrete,1,1,1,70,3,1,1,5,0,0,0,0,true,false,false,false,false,false,false,false,true,false,false,false,false,false,false,false,false,false,false,false,false,false,-83.09106,42.31369,"{
  ""coordinates"": [
    -8.309106036783750e+01,
    4.231368469183250e+01
  ],
  ""type"": ""Point""
}","{
  ""coordinates"": [
    -83.091060368,
    42.313684692
  ],
  ""type"": ""Point""
}",-83.0910603679999,42.313684692
22340,1304347,HARPER,WHITTIER,2018-02-17,17,2,2018,13,7,8,9,,4,0,Asphalt,1,1,1,35,1,2,2,5,0,0,0,0,true,false,false,false,false,false,false,false,false,false,false,false,false,false,false,false,false,false,false,false,false,false,-82.94265,42.41225,"{
  ""coordinates"": [
    -8.294265344492280e+01,
    4.241224899486150e+01
  ],
  ""type"": ""Point""
}","{
  ""coordinates"": [
    -82.942653445,
    42.412248995
  ],
  ""type"": ""Point""
}",-82.942653445,42.412248995
22341,1318585,RAMP 008B,I 96,2018-02-17,17,2,2018,1,7,1,1,,1,1,Concrete,1,1,4,55,4,1,1,3,0,0,1,0,false,false,false,false,false,false,false,false,false,true,false,false,false,false,false,false,false,false,false,false,false,false,-83.21097,42.37809,"{
  ""coordinates"": [
    -8.321096924673600e+01,
    4.237809546263580e+01
  ],
  ""type"": ""Point""
}","{
  ""coordinates"": [
    -83.210969247,
    42.378095463
  ],
  ""type"": ""Point""
}",-83.210969247,42.3780954630001
22342,1318586,S I 375,GRATIOT,2018-02-17,17,2,2018,5,7,1,1,,1,1,Asphalt,1,1,4,55,3,1,1,5,0,0,0,0,true,false,false,false,false,false,false,false,false,false,false,false,false,false,false,false,false,false,false,false,false,false,-83.04136,42.3396,"{
  ""coordinates"": [
    -8.304135930992840e+01,
    4.233959715263860e+01
  ],
  ""type"": ""Point""
}","{
  ""coordinates"": [
    -83.04135931,
    42.339597153
  ],
  ""type"": ""Point""
}",-83.04135931,42.3395971530001
22343,1316919,OUTER,CHALMERS,2018-02-17,17,2,2018,4,7,5,9,,2,0,Asphalt,1,1,4,30,2,2,0,5,0,0,0,0,true,false,false,false,true,false,false,false,false,false,false,false,false,false,false,false,false,false,false,false,false,false,-82.97043,42.4148,"{
  ""coordinates"": [
    -8.297042750722990e+01,
    4.241480401984440e+01
  ],
  ""type"": ""Point""
}","{
  ""coordinates"": [
    -82.970427507,
    42.41480402
  ],
  ""type"": ""Point""
}",-82.970427507,42.4148040200001
22344,1320017,CEDARGROVE,HAYES,2018-02-17,17,2,2018,12,7,98,9,,,0,,98,98,98,30,4,2,0,5,0,0,0,0,true,false,false,false,true,false,false,false,false,false,false,false,false,false,false,false,false,false,false,false,false,false,-82.96548,42.42559,"{
  ""coordinates"": [
    -8.296547606073220e+01,
    4.242558988377330e+01
  ],
  ""type"": ""Point""
}","{
  ""coordinates"": [
    -82.965476061,
    42.425589884
  ],
  ""type"": ""Point""
}",-82.9654760609999,42.425589884
22345,1314395,PIERSON,CLARITA,2018-02-17,17,2,2018,22,7,2,9,,,2,,4,5,4,25,3,2,1,5,0,0,0,0,true,false,false,false,true,false,false,false,false,false,false,false,false,false,false,false,false,false,false,false,false,false,-83.24734,42.42701,"{
  ""coordinates"": [
    -8.324733773286211e+01,
    4.242700630596360e+01
  ],
  ""type"": ""Point""
}","{
  ""coordinates"": [
    -83.247337733,
    42.427006306
  ],
  ""type"": ""Point""
}",-83.2473377329999,42.4270063060001
22346,1303535,FENKELL,N M 39,2018-02-17,17,2,2018,11,7,5,9,,2,0,Asphalt,1,1,1,35,4,2,2,5,0,0,0,0,true,false,false,false,false,false,false,false,false,false,false,false,false,false,false,false,false,false,false,false,false,false,-83.21817,42.40113,"{
  ""coordinates"": [
    -8.321817207192019e+01,
    4.240112707202000e+01
  ],
  ""type"": ""Point""
}","{
  ""coordinates"": [
    -83.218172072,
    42.401127072
  ],
  ""type"": ""Point""
}",-83.218172072,42.4011270720001
22347,1309666,MCNICHOLS,PATTON,2018-02-17,17,2,2018,23,7,4,9,,2,0,Asphalt,4,1,4,35,4,2,4,4,0,0,0,1,false,false,false,false,false,false,false,false,false,true,false,true,false,false,false,false,false,false,false,false,false,false,-83.24429,42.41501,"{
  ""coordinates"": [
    -8.324428950307900e+01,
    4.241500874855770e+01
  ],
  ""type"": ""Point""
}","{
  ""coordinates"": [
    -83.244289503,
    42.415008749
  ],
  ""type"": ""Point""
}",-83.2442895029999,42.415008749
22348,1303526,STATE FAIR,WOODWARD,2018-02-17,17,2,2018,11,7,5,3,,4,0,Asphalt,2,1,1,30,4,2,3,5,0,0,0,0,true,false,false,false,true,false,false,false,false,false,false,false,false,false,false,false,false,false,false,false,false,false,-83.11993,42.43924,"{
  ""coordinates"": [
    -8.311992268379670e+01,
    4.243923870708260e+01
  ],
  ""type"": ""Point""
}","{
  ""coordinates"": [
    -83.119922684,
    42.439238707
  ],
  ""type"": ""Point""
}",-83.119922684,42.4392387070001
22349,1305987,MOROSS,BEACONSFIELD,2018-02-17,17,2,2018,6,7,97,9,,2,0,Asphalt,1,2,2,25,1,2,0,5,0,0,0,0,true,false,false,false,true,false,false,false,false,false,false,false,false,false,false,false,false,false,false,false,false,false,-82.9413,42.42993,"{
  ""coordinates"": [
    -8.294129635489659e+01,
    4.242993134050660e+01
  ],
  ""type"": ""Point""
}","{
  ""coordinates"": [
    -82.941296355,
    42.429931341
  ],
  ""type"": ""Point""
}",-82.941296355,42.429931341
22350,1303472,VERNOR,GREEN,2018-02-17,17,2,2018,3,7,5,9,,4,0,Asphalt,98,1,4,25,2,2,1,5,0,0,0,0,true,false,false,false,true,false,false,false,false,false,false,false,false,false,false,false,false,false,false,false,false,false,-83.12111,42.31396,"{
  ""coordinates"": [
    -8.312111051876600e+01,
    4.231395667248950e+01
  ],
  ""type"": ""Point""
}","{
  ""coordinates"": [
    -83.121110519,
    42.313956672
  ],
  ""type"": ""Point""
}",-83.121110519,42.3139566720001
22351,1303496,7 MILE,SOUTHFIELD,2018-02-17,17,2,2018,18,7,5,9,,2,0,Asphalt,1,1,3,35,4,2,1,5,0,0,0,0,true,false,false,false,true,false,false,false,false,false,false,false,false,true,false,false,false,false,false,false,false,false,-83.21894,42.43003,"{
  ""coordinates"": [
    -8.321893740769860e+01,
    4.243002650708730e+01
  ],
  ""type"": ""Point""
}","{
  ""coordinates"": [
    -83.218937408,
    42.430026507
  ],
  ""type"": ""Point""
}",-83.218937408,42.430026507
22352,1303527,MEYERS,CLARITA,2018-02-17,17,2,2018,13,7,6,9,,4,0,Asphalt,1,1,1,30,4,2,3,5,0,0,0,0,true,false,false,false,false,false,false,false,false,false,false,false,false,false,false,false,false,false,false,false,false,false,-83.17062,42.42891,"{
  ""coordinates"": [
    -8.317061363078150e+01,
    4.242891208204550e+01
  ],
  ""type"": ""Point""
}","{
  ""coordinates"": [
    -83.170613631,
    42.428912082
  ],
  ""type"": ""Point""
}",-83.170613631,42.4289120820001
22353,1304299,BRUSH,MONROE,2018-02-17,17,2,2018,14,7,98,9,,4,0,Asphalt,1,1,1,25,2,2,0,5,0,0,0,0,true,false,false,false,true,false,false,false,false,false,false,false,false,false,false,false,false,false,false,false,false,false,-83.04377,42.33451,"{
  ""coordinates"": [
    -8.304377291310890e+01,
    4.233451479658120e+01
  ],
  ""type"": ""Point""
}","{
  ""coordinates"": [
    -83.043772913,
    42.334514797
  ],
  ""type"": ""Point""
}",-83.0437729129999,42.3345147970001
22354,1303519,8 MILE,I 75,2018-02-17,17,2,2018,17,7,5,1,,1,0,Asphalt,1,1,1,70,4,2,2,5,0,0,0,0,true,false,false,false,true,false,false,false,false,false,false,false,false,false,false,false,false,false,false,false,false,false,-83.09557,42.44225,"{
  ""coordinates"": [
    -8.309556718153080e+01,
    4.244224445825190e+01
  ],
  ""type"": ""Point""
}","{
  ""coordinates"": [
    -83.095567182,
    42.442244458
  ],
  ""type"": ""Point""
}",-83.095567182,42.4422444580001
22355,1445126,CASS,FOREST,2018-02-16,16,2,2018,17,6,8,9,,4,3,Asphalt,1,1,1,30,2,2,2,5,0,0,0,0,true,false,false,false,false,false,false,false,false,false,false,true,false,true,false,false,false,false,false,false,false,false,-83.06516,42.35336,"{
  ""coordinates"": [
    -8.306515858524430e+01,
    4.235336095396520e+01
  ],
  ""type"": ""Point""
}","{
  ""coordinates"": [
    -83.065158585,
    42.353360954
  ],
  ""type"": ""Point""
}",-83.0651585849999,42.353360954
22356,1307176,MAXWELL,GRATIOT,2018-02-16,16,2,2018,9,6,5,3,,,0,,1,1,1,15,1,2,3,5,0,0,0,0,true,false,false,false,false,false,false,false,false,false,false,false,false,false,false,false,false,false,false,false,false,false,-83.01348,42.38065,"{
  ""coordinates"": [
    -8.301347807722320e+01,
    4.238065160519770e+01
  ],
  ""type"": ""Point""
}","{
  ""coordinates"": [
    -83.013478077,
    42.380651605
  ],
  ""type"": ""Point""
}",-83.0134780769999,42.380651605