ObjectId,Crash ID,Primary Road,Intersecting Road,Crash Date,Day,Month,Year,Hour,Weekday,Crash Type Code,Highway Classification Code,Community Code,Jurisdiction Code,Lane Departure Type Code,Surface Type,Road Condition,Weather Condition,Lighting Condition,Speed Limit,Lanes,Units,Occupants,Most Severe Injury,Fatal Injuries,Suspected Serious Injuries,Suspected Minor Injuries,Possible Injuries,Property Damage Only,Secondary Crash,Traffic Control,Red Light Run,Hit and Run,Alcohol,Drugs,Unbelted Person,Work Zone,Speeding Driver,Distracted Driver,Driveway,Pedestrian,Elderly Driver,Young Driver,Commercial Vehicle,Emergency Vehicles,Train,School Bus,Motorcycle,Bicycle,Deer,Longitude,Latitude,geom,geog,x,y
22466,1303485,SOUTHFIELD SERVICE,WARREN,2018-02-15,15,2,2018,9,5,8,3,,1,0,Asphalt,2,1,1,35,3,2,1,5,0,0,0,0,true,false,false,false,true,false,false,false,false,false,false,false,false,false,false,false,false,false,false,false,false,false,-83.21605,42.34348,"{
  ""coordinates"": [
    -8.321604841789370e+01,
    4.234347812441030e+01
  ],
  ""type"": ""Point""
}","{
  ""coordinates"": [
    -83.216048418,
    42.343478124
  ],
  ""type"": ""Point""
}",-83.216048418,42.3434781240001
22467,1302244,SYRACUSE,EMERY,2018-02-15,15,2,2018,13,5,2,9,,,0,,2,4,1,25,1,2,1,5,0,0,0,0,true,false,false,false,true,false,false,false,false,false,false,true,false,false,false,false,false,false,false,false,false,false,-83.04607,42.43624,"{
  ""coordinates"": [
    -8.304607292225261e+01,
    4.243624396463250e+01
  ],
  ""type"": ""Point""
}","{
  ""coordinates"": [
    -83.046072922,
    42.436243965
  ],
  ""type"": ""Point""
}",-83.046072922,42.4362439650001
22468,1305120,I-75,SCHAEFER,2018-02-15,15,2,2018,16,5,1,1,,1,1,Concrete,2,4,1,70,3,1,1,5,0,0,0,0,true,false,false,false,false,false,false,false,false,true,false,false,false,false,false,false,false,false,false,false,false,false,-83.15452,42.27773,"{
  ""coordinates"": [
    -8.315451771149110e+01,
    4.227772587065310e+01
  ],
  ""type"": ""Point""
}","{
  ""coordinates"": [
    -83.154517711,
    42.277725871
  ],
  ""type"": ""Point""
}",-83.154517711,42.277725871
22469,1302229,HAVERHILL,WHITEHILL,2018-02-15,15,2,2018,7,5,5,9,,,0,,2,1,1,,2,2,4,5,0,0,0,0,true,false,false,false,true,false,false,false,false,false,false,false,false,false,false,true,false,false,false,false,false,false,-82.96056,42.41507,"{
  ""coordinates"": [
    -8.296055905285510e+01,
    4.241507301847310e+01
  ],
  ""type"": ""Point""
}","{
  ""coordinates"": [
    -82.960559053,
    42.415073018
  ],
  ""type"": ""Point""
}",-82.9605590529999,42.415073018
22470,1307157,S I 75,RAMP 216J,2018-02-15,15,2,2018,17,5,5,1,,1,0,Concrete,2,4,1,55,2,3,4,4,0,0,0,2,false,false,false,false,false,false,false,false,false,false,false,false,false,false,true,false,false,false,false,false,false,false,-83.05878,42.36974,"{
  ""coordinates"": [
    -8.305878152834390e+01,
    4.236974380509160e+01
  ],
  ""type"": ""Point""
}","{
  ""coordinates"": [
    -83.058781528,
    42.369743805
  ],
  ""type"": ""Point""
}",-83.0587815279999,42.369743805
22471,1304328,HARDING,JEFFERSON,2018-02-15,15,2,2018,15,5,8,9,,,0,,1,1,1,25,3,2,2,5,0,0,0,0,true,false,false,false,true,false,false,false,false,false,false,false,false,true,false,false,false,false,false,false,false,false,-82.97697,42.36365,"{
  ""coordinates"": [
    -8.297697304778590e+01,
    4.236364711244730e+01
  ],
  ""type"": ""Point""
}","{
  ""coordinates"": [
    -82.976973048,
    42.363647112
  ],
  ""type"": ""Point""
}",-82.9769730479999,42.3636471120001
22472,1307165,LARNED,N I 375,2018-02-15,15,2,2018,11,5,5,9,,4,0,Concrete,2,2,1,30,1,2,1,5,0,0,0,0,true,false,false,false,true,false,false,false,false,false,false,false,false,false,false,false,false,false,false,false,false,false,-83.03611,42.33355,"{
  ""coordinates"": [
    -8.303611361032790e+01,
    4.233355106334510e+01
  ],
  ""type"": ""Point""
}","{
  ""coordinates"": [
    -83.03611361,
    42.333551063
  ],
  ""type"": ""Point""
}",-83.03611361,42.3335510630001
22473,1304334,W I 94,SAGINAW,2018-02-15,15,2,2018,17,5,1,1,,1,1,Asphalt,2,4,1,,3,1,1,5,0,0,0,0,true,false,false,false,false,false,false,false,false,false,false,false,false,true,false,false,false,false,false,false,false,false,-83.03448,42.37892,"{
  ""coordinates"": [
    -8.303447425157810e+01,
    4.237892008920000e+01
  ],
  ""type"": ""Point""
}","{
  ""coordinates"": [
    -83.034474252,
    42.378920089
  ],
  ""type"": ""Point""
}",-83.0344742519999,42.3789200890001
22474,1303533,BRUSH,MACOMB,2018-02-15,15,2,2018,1,5,5,9,,4,3,Asphalt,1,1,4,25,2,2,0,5,0,0,0,0,true,false,false,false,true,false,false,true,false,false,true,false,false,false,false,false,false,false,false,false,false,false,-83.04409,42.335,"{
  ""coordinates"": [
    -8.304409088367230e+01,
    4.233499622892190e+01
  ],
  ""type"": ""Point""
}","{
  ""coordinates"": [
    -83.044090884,
    42.334996229
  ],
  ""type"": ""Point""
}",-83.044090884,42.3349962290001
22475,1302220,WINTHROP,TROJAN,2018-02-15,15,2,2018,18,5,4,9,,,0,,2,3,4,25,2,2,4,4,0,0,0,2,false,false,false,false,false,false,false,false,false,false,false,false,false,false,true,false,false,false,false,false,false,false,-83.20177,42.44118,"{
  ""coordinates"": [
    -8.320177403222949e+01,
    4.244117816061280e+01
  ],
  ""type"": ""Point""
}","{
  ""coordinates"": [
    -83.201774032,
    42.441178161
  ],
  ""type"": ""Point""
}",-83.2017740319999,42.441178161
22476,1301066,W/B I 94,M 10,2018-02-15,15,2,2018,6,5,1,1,,1,1,Asphalt,2,3,4,55,3,1,1,5,0,0,0,0,true,false,false,false,false,false,false,false,false,false,false,false,false,false,false,false,false,false,false,false,false,false,-83.07324,42.36131,"{
  ""coordinates"": [
    -8.307324440674810e+01,
    4.236131392446800e+01
  ],
  ""type"": ""Point""
}","{
  ""coordinates"": [
    -83.073244407,
    42.361313924
  ],
  ""type"": ""Point""
}",-83.0732444069999,42.3613139240001
22477,1345602,WASHINGTON,MICHIGAN,2018-02-15,15,2,2018,19,5,5,9,,4,0,,1,1,3,25,2,2,2,5,0,0,0,0,true,false,false,false,false,false,false,false,false,false,false,false,false,false,false,false,false,false,false,false,false,false,-83.05118,42.33195,"{
  ""coordinates"": [
    -8.305118093265270e+01,
    4.233195223406880e+01
  ],
  ""type"": ""Point""
}","{
  ""coordinates"": [
    -83.051180933,
    42.331952234
  ],
  ""type"": ""Point""
}",-83.051180933,42.331952234
22478,1360461,LANTZ,SYRACUSE,2018-02-15,15,2,2018,14,5,2,9,,,2,,3,4,1,,1,2,1,5,0,0,0,0,true,true,false,false,true,false,false,false,false,false,false,false,false,false,false,false,false,false,false,false,false,false,-83.04652,42.4384,"{
  ""coordinates"": [
    -8.304652643946460e+01,
    4.243839679260580e+01
  ],
  ""type"": ""Point""
}","{
  ""coordinates"": [
    -83.046526439,
    42.438396793
  ],
  ""type"": ""Point""
}",-83.046526439,42.438396793
22479,1303438,N I 375 SERVICE DRIVE,LARNED,2018-02-14,14,2,2018,17,4,4,1,,4,0,Asphalt,2,2,3,25,5,2,2,4,0,0,0,1,false,false,false,false,false,false,false,false,false,false,false,false,false,false,false,false,false,false,false,false,false,false,-83.0359,42.33358,"{
  ""coordinates"": [
    -8.303590326216460e+01,
    4.233357909692790e+01
  ],
  ""type"": ""Point""
}","{
  ""coordinates"": [
    -83.035903262,
    42.333579097
  ],
  ""type"": ""Point""
}",-83.035903262,42.333579097
22480,1301096,8 MILE,TELEGRAPH,2018-02-14,14,2,2018,7,4,5,3,,1,0,Concrete,1,1,1,35,4,2,2,5,0,0,0,0,true,false,false,false,false,false,false,false,false,false,false,false,false,false,false,false,false,false,false,false,false,false,-83.27813,42.44274,"{
  ""coordinates"": [
    -8.327812634487690e+01,
    4.244274267235910e+01
  ],
  ""type"": ""Point""
}","{
  ""coordinates"": [
    -83.278126345,
    42.442742672
  ],
  ""type"": ""Point""
}",-83.278126345,42.4427426720001
22481,1307192,MT ELLIOTT,HUBER,2018-02-14,14,2,2018,17,4,8,9,,4,0,Asphalt,2,1,1,35,2,2,0,5,0,0,0,0,true,false,false,false,true,false,false,false,false,false,false,false,false,false,false,true,false,false,false,false,false,false,-83.03759,42.39761,"{
  ""coordinates"": [
    -8.303758865485381e+01,
    4.239761238851460e+01
  ],
  ""type"": ""Point""
}","{
  ""coordinates"": [
    -83.037588655,
    42.397612389
  ],
  ""type"": ""Point""
}",-83.037588655,42.3976123890001
22482,1301092,DEQUINDRE,CANFIELD,2018-02-14,14,2,2018,16,4,4,9,,5,0,Concrete,2,1,3,30,2,2,3,3,0,0,1,1,false,false,true,false,false,false,false,false,false,false,false,false,false,true,false,false,false,false,false,false,false,false,-83.04408,42.35929,"{
  ""coordinates"": [
    -8.304407520233440e+01,
    4.235928678551670e+01
  ],
  ""type"": ""Point""
}","{
  ""coordinates"": [
    -83.044075202,
    42.359286786
  ],
  ""type"": ""Point""
}",-83.044075202,42.359286786
22483,1317617,W I 96,N I 75,2018-02-14,14,2,2018,20,4,8,1,,1,0,Concrete,2,2,4,55,2,2,2,5,0,0,0,0,true,false,false,false,false,false,false,false,false,false,false,false,false,false,false,true,false,false,false,false,false,false,-83.08166,42.32133,"{
  ""coordinates"": [
    -8.308165812907870e+01,
    4.232133298881000e+01
  ],
  ""type"": ""Point""
}","{
  ""coordinates"": [
    -83.081658129,
    42.321332989
  ],
  ""type"": ""Point""
}",-83.0816581289999,42.321332989
22484,1301046,S/B M-39,MCNICHOLS,2018-02-14,14,2,2018,16,4,5,3,,1,0,Concrete,2,1,1,55,3,2,3,5,0,0,0,0,true,false,false,false,false,false,false,false,false,false,false,false,false,false,true,false,false,false,false,false,false,false,-83.21889,42.41534,"{
  ""coordinates"": [
    -8.321889589661450e+01,
    4.241533877752850e+01
  ],
  ""type"": ""Point""
}","{
  ""coordinates"": [
    -83.218895897,
    42.415338778
  ],
  ""type"": ""Point""
}",-83.218895897,42.415338778
22485,1301043,W/B I-94,TRUMBULL,2018-02-14,14,2,2018,9,4,5,1,,1,0,Asphalt,2,1,1,55,3,3,3,4,0,0,0,1,false,false,false,false,false,false,false,false,false,false,false,false,false,false,false,false,false,false,false,false,false,false,-83.08092,42.35638,"{
  ""coordinates"": [
    -8.308091534867600e+01,
    4.235637974711520e+01
  ],
  ""type"": ""Point""
}","{
  ""coordinates"": [
    -83.080915349,
    42.356379747
  ],
  ""type"": ""Point""
}",-83.080915349,42.3563797470001
22486,1303525,7 MILE,ROBSON,2018-02-14,14,2,2018,16,4,8,9,,2,0,Asphalt,1,1,1,30,5,2,2,5,0,0,0,0,true,false,false,false,false,false,false,false,false,false,false,true,false,false,false,false,false,false,false,false,false,false,-83.19456,42.43057,"{
  ""coordinates"": [
    -8.319455483691659e+01,
    4.243057041931020e+01
  ],
  ""type"": ""Point""
}","{
  ""coordinates"": [
    -83.194554837,
    42.430570419
  ],
  ""type"": ""Point""
}",-83.1945548369999,42.430570419
22487,1302207,I-94,I-75,2018-02-14,14,2,2018,16,4,5,1,,1,0,Concrete,1,1,1,55,3,2,1,5,0,0,0,0,true,false,false,false,true,false,false,false,false,false,false,false,false,false,false,false,false,false,false,false,false,false,-83.05775,42.36891,"{
  ""coordinates"": [
    -8.305775244245640e+01,
    4.236891339177080e+01
  ],
  ""type"": ""Point""
}","{
  ""coordinates"": [
    -83.057752442,
    42.368913392
  ],
  ""type"": ""Point""
}",-83.057752442,42.368913392
22488,1301088,N M 39 SERVICE DRIVE,WARREN,2018-02-14,14,2,2018,11,4,4,9,,4,0,Asphalt,2,1,1,30,6,2,2,5,0,0,0,0,true,false,false,false,false,false,false,false,false,false,false,false,false,true,false,false,false,false,false,false,false,false,-83.21571,42.34338,"{
  ""coordinates"": [
    -8.321571524080051e+01,
    4.234337685108760e+01
  ],
  ""type"": ""Point""
}","{
  ""coordinates"": [
    -83.215715241,
    42.343376851
  ],
  ""type"": ""Point""
}",-83.2157152409999,42.3433768510001
22489,1302238,SPOKANE,NORTHFIELD,2018-02-14,14,2,2018,10,4,8,9,,,0,,3,1,1,25,1,2,3,5,0,0,0,0,true,false,false,false,false,false,false,false,false,false,false,false,false,false,false,false,true,false,false,false,false,false,-83.12923,42.35751,"{
  ""coordinates"": [
    -8.312923200979171e+01,
    4.235750591929720e+01
  ],
  ""type"": ""Point""
}","{
  ""coordinates"": [
    -83.12923201,
    42.357505919
  ],
  ""type"": ""Point""
}",-83.12923201,42.3575059190001
22490,1304321,GRATIOT,FRENCH,2018-02-14,14,2,2018,19,4,4,3,,1,0,Asphalt,1,1,4,35,6,2,3,5,0,0,0,0,true,false,false,false,false,false,false,false,false,false,false,false,false,true,false,false,false,false,false,false,false,false,-83.00063,42.40013,"{
  ""coordinates"": [
    -8.300062404191181e+01,
    4.240013082405440e+01
  ],
  ""type"": ""Point""
}","{
  ""coordinates"": [
    -83.000624042,
    42.400130824
  ],
  ""type"": ""Point""
}",-83.000624042,42.400130824
22491,1301091,GRATIOT,VERNOR,2018-02-14,14,2,2018,19,4,97,3,,1,0,Asphalt,1,1,3,35,8,2,2,5,0,0,0,0,true,true,false,false,false,false,false,false,false,false,false,false,false,false,true,false,false,false,false,false,false,false,-83.03472,42.34875,"{
  ""coordinates"": [
    -8.303472212658021e+01,
    4.234874558971400e+01
  ],
  ""type"": ""Point""
}","{
  ""coordinates"": [
    -83.034722127,
    42.34874559
  ],
  ""type"": ""Point""
}",-83.034722127,42.3487455900001
22492,1301101,CHALMERS,GLENWOOD,2018-02-14,14,2,2018,16,4,4,9,,4,0,Asphalt,2,1,1,30,2,2,3,3,0,0,1,0,false,false,true,false,true,false,false,false,false,false,false,false,false,false,false,false,false,false,false,false,false,false,-82.97517,42.43055,"{
  ""coordinates"": [
    -8.297517210255600e+01,
    4.243054612256830e+01
  ],
  ""type"": ""Point""
}","{
  ""coordinates"": [
    -82.975172103,
    42.430546123
  ],
  ""type"": ""Point""
}",-82.975172103,42.4305461230001
22493,1336015,LINDSAY,FENKELL,2018-02-14,14,2,2018,6,4,97,9,,,0,,1,1,1,35,2,3,3,5,0,0,0,0,true,false,false,false,false,false,false,false,false,false,false,false,false,false,false,false,false,false,false,false,false,false,-83.21268,42.40108,"{
  ""coordinates"": [
    -8.321267908429770e+01,
    4.240108022836430e+01
  ],
  ""type"": ""Point""
}","{
  ""coordinates"": [
    -83.212679084,
    42.401080228
  ],
  ""type"": ""Point""
}",-83.2126790839999,42.4010802280001
22494,1302213,I 96 SERVICE DRIVE,BORMAN,2018-02-14,14,2,2018,14,4,8,9,,4,0,Asphalt,1,1,1,55,4,2,1,5,0,0,0,0,true,false,false,false,true,false,false,false,false,false,false,false,false,false,true,false,false,false,false,false,false,false,-83.21748,42.37825,"{
  ""coordinates"": [
    -8.321747623244970e+01,
    4.237824724157560e+01
  ],
  ""type"": ""Point""
}","{
  ""coordinates"": [
    -83.217476232,
    42.378247242
  ],
  ""type"": ""Point""
}",-83.217476232,42.378247242
22495,1301107,ROBINWOOD,SYRACUSE,2018-02-14,14,2,2018,11,4,97,9,,,0,,4,1,1,25,1,2,3,5,0,0,0,0,true,false,false,false,true,false,false,false,false,false,false,false,false,false,false,false,false,false,false,false,false,false,-83.04623,42.43164,"{
  ""coordinates"": [
    -8.304622632393389e+01,
    4.243163508724560e+01
  ],
  ""type"": ""Point""
}","{
  ""coordinates"": [
    -83.046226324,
    42.431635087
  ],
  ""type"": ""Point""
}",-83.046226324,42.4316350870001
22496,1303532,LIVERNOIS,PURITAN,2018-02-14,14,2,2018,17,4,5,9,,4,0,Asphalt,2,2,3,35,2,3,17,5,0,0,0,0,true,false,false,false,false,false,false,false,false,false,false,false,false,false,false,false,false,false,false,false,false,false,-83.14037,42.40853,"{
  ""coordinates"": [
    -8.314037344335350e+01,
    4.240852888502680e+01
  ],
  ""type"": ""Point""
}","{
  ""coordinates"": [
    -83.140373443,
    42.408528885
  ],
  ""type"": ""Point""
}",-83.140373443,42.4085288850001
22497,1303455,N M 39 SERVICE DRIVE,WARREN,2018-02-14,14,2,2018,16,4,8,9,,4,0,Asphalt,2,1,1,,2,2,2,5,0,0,0,0,true,false,false,false,false,false,false,false,false,false,false,false,false,true,false,false,false,false,false,false,false,false,-83.21571,42.34338,"{
  ""coordinates"": [
    -8.321571524080051e+01,
    4.234337685108760e+01
  ],
  ""type"": ""Point""
}","{
  ""coordinates"": [
    -83.215715241,
    42.343376851
  ],
  ""type"": ""Point""
}",-83.2157152409999,42.3433768510001
22498,1299916,FAIRMOUNT,REGENT,2018-02-14,14,2,2018,8,4,4,9,,,0,,4,1,1,25,2,2,1,5,0,0,0,0,true,false,true,false,true,false,false,false,false,false,false,false,false,false,false,false,false,false,false,false,false,false,-82.97569,42.44424,"{
  ""coordinates"": [
    -8.297568711230360e+01,
    4.244424428317740e+01
  ],
  ""type"": ""Point""
}","{
  ""coordinates"": [
    -82.975687112,
    42.444244283
  ],
  ""type"": ""Point""
}",-82.9756871119999,42.444244283
22499,1301059,I-94,VAN DYKE,2018-02-14,14,2,2018,8,4,5,1,,1,0,Asphalt,2,1,1,55,3,2,2,3,0,0,1,0,false,false,false,false,false,false,false,false,false,false,false,false,false,false,false,false,false,false,false,false,false,false,-83.01584,42.38795,"{
  ""coordinates"": [
    -8.301583679472770e+01,
    4.238794678361590e+01
  ],
  ""type"": ""Point""
}","{
  ""coordinates"": [
    -83.015836795,
    42.387946784
  ],
  ""type"": ""Point""
}",-83.015836795,42.3879467840001
22500,1307225,WARREN,WOODWARD,2018-02-14,14,2,2018,16,4,4,9,,4,0,Asphalt,2,1,1,30,4,2,3,5,0,0,0,0,true,false,false,false,true,false,false,false,false,false,false,false,false,false,false,false,false,false,false,false,false,false,-83.06354,42.35722,"{
  ""coordinates"": [
    -8.306353814542470e+01,
    4.235721491301270e+01
  ],
  ""type"": ""Point""
}","{
  ""coordinates"": [
    -83.063538145,
    42.357214913
  ],
  ""type"": ""Point""
}",-83.0635381449999,42.3572149130001
22501,1302183,W I 94,GRAND RIVER,2018-02-14,14,2,2018,14,4,5,1,,1,0,Asphalt,1,1,1,55,3,2,2,5,0,0,0,0,true,false,false,false,false,false,false,false,false,false,false,false,false,false,false,false,false,false,false,false,false,false,-83.09505,42.35152,"{
  ""coordinates"": [
    -8.309504911692690e+01,
    4.235151614045020e+01
  ],
  ""type"": ""Point""
}","{
  ""coordinates"": [
    -83.095049117,
    42.35151614
  ],
  ""type"": ""Point""
}",-83.095049117,42.3515161400001
22502,1302188,I 75 S/B,WOODWARD,2018-02-14,14,2,2018,16,4,5,1,,1,0,Concrete,2,1,1,55,4,2,1,5,0,0,0,0,true,false,false,false,true,false,false,false,false,false,false,false,false,false,false,false,false,false,false,false,false,false,-83.05195,42.3404,"{
  ""coordinates"": [
    -8.305194533733560e+01,
    4.234039778352920e+01
  ],
  ""type"": ""Point""
}","{
  ""coordinates"": [
    -83.051945337,
    42.340397784
  ],
  ""type"": ""Point""
}",-83.0519453369999,42.3403977840001
22503,1302200,HUBBELL,I-96 SERVICE,2018-02-14,14,2,2018,12,4,5,9,,4,0,Asphalt,2,1,1,25,1,2,2,5,0,0,0,0,true,false,false,false,false,false,false,false,false,false,false,true,false,false,false,false,false,false,false,false,false,false,-83.18823,42.38177,"{
  ""coordinates"": [
    -8.318823073787050e+01,
    4.238177066065960e+01
  ],
  ""type"": ""Point""
}","{
  ""coordinates"": [
    -83.188230738,
    42.381770661
  ],
  ""type"": ""Point""
}",-83.188230738,42.3817706610001
22504,1303506,GRATIOT,FRENCH,2018-02-14,14,2,2018,17,4,8,3,,1,0,Asphalt,1,1,1,35,4,2,1,5,0,0,0,0,true,false,false,false,true,false,false,false,false,false,false,false,false,false,false,false,false,false,false,false,false,false,-83.0003,42.40063,"{
  ""coordinates"": [
    -8.300030017158851e+01,
    4.240062645562750e+01
  ],
  ""type"": ""Point""
}","{
  ""coordinates"": [
    -83.000300172,
    42.400626456
  ],
  ""type"": ""Point""
}",-83.000300172,42.4006264560001
22505,1302236,N M 10,WEBB,2018-02-14,14,2,2018,17,4,5,3,,1,0,Concrete,1,1,1,55,4,2,1,4,0,0,0,1,false,false,false,false,true,false,false,false,false,false,false,false,false,false,false,false,false,false,false,false,false,false,-83.10191,42.38753,"{
  ""coordinates"": [
    -8.310190650693841e+01,
    4.238753016954930e+01
  ],
  ""type"": ""Point""
}","{
  ""coordinates"": [
    -83.101906507,
    42.38753017
  ],
  ""type"": ""Point""
}",-83.101906507,42.38753017
22506,1303502,GRATIOT,8 MILE,2018-02-14,14,2,2018,18,4,4,3,,1,0,Asphalt,1,2,4,35,4,2,12,5,0,0,0,0,true,false,false,false,false,false,false,false,false,false,false,false,false,false,false,false,false,false,false,false,false,false,-82.96794,42.44984,"{
  ""coordinates"": [
    -8.296793844184020e+01,
    4.244983560185600e+01
  ],
  ""type"": ""Point""
}","{
  ""coordinates"": [
    -82.967938442,
    42.449835602
  ],
  ""type"": ""Point""
}",-82.967938442,42.4498356020001
22507,1302242,HAZELWOOD,ROSA PARKS,2018-02-14,14,2,2018,16,4,98,9,,,0,,1,1,1,20,2,2,0,5,0,0,0,0,true,false,false,false,true,false,false,false,false,false,true,false,false,false,false,false,false,false,false,false,false,false,-83.09711,42.37526,"{
  ""coordinates"": [
    -8.309710959896090e+01,
    4.237525504290300e+01
  ],
  ""type"": ""Point""
}","{
  ""coordinates"": [
    -83.097109599,
    42.375255043
  ],
  ""type"": ""Point""
}",-83.097109599,42.375255043
22508,1301060,W/B I 96,EVERGREEN,2018-02-14,14,2,2018,13,4,8,1,,1,0,Concrete,2,1,1,,3,2,2,5,0,0,0,0,true,false,false,false,false,false,false,false,false,false,false,false,false,false,true,false,false,false,false,false,false,false,-83.23357,42.37872,"{
  ""coordinates"": [
    -8.323357218673500e+01,
    4.237871383866210e+01
  ],
  ""type"": ""Point""
}","{
  ""coordinates"": [
    -83.233572187,
    42.378713839
  ],
  ""type"": ""Point""
}",-83.2335721869999,42.3787138390001
22509,1303482,RAMP 047B,DAVISON,2018-02-14,14,2,2018,15,4,5,1,,1,0,Concrete,1,1,1,30,1,2,1,5,0,0,0,0,true,false,false,false,true,false,false,false,false,false,false,false,false,false,false,false,false,false,false,false,false,false,-83.07908,42.40863,"{
  ""coordinates"": [
    -8.307907526788139e+01,
    4.240862897495850e+01
  ],
  ""type"": ""Point""
}","{
  ""coordinates"": [
    -83.079075268,
    42.408628975
  ],
  ""type"": ""Point""
}",-83.0790752679999,42.4086289750001
22510,1302203,WYOMING,W I 96,2018-02-14,14,2,2018,17,4,5,9,,4,0,Concrete,2,1,1,30,3,2,2,5,0,0,0,0,true,false,false,false,false,false,false,false,false,false,false,false,false,false,false,false,false,false,false,false,false,false,-83.15897,42.38535,"{
  ""coordinates"": [
    -8.315897692102649e+01,
    4.238534583008000e+01
  ],
  ""type"": ""Point""
}","{
  ""coordinates"": [
    -83.158976921,
    42.38534583
  ],
  ""type"": ""Point""
}",-83.158976921,42.3853458300001
22511,1301044,S/B M-39,CHICAGO,2018-02-14,14,2,2018,12,4,5,3,,1,0,Asphalt,2,1,1,55,3,2,6,5,0,0,0,0,true,false,false,false,false,false,false,false,false,false,false,false,false,false,false,false,false,false,false,false,false,false,-83.21656,42.36506,"{
  ""coordinates"": [
    -8.321656257213030e+01,
    4.236506342864150e+01
  ],
  ""type"": ""Point""
}","{
  ""coordinates"": [
    -83.216562572,
    42.365063429
  ],
  ""type"": ""Point""
}",-83.216562572,42.365063429
22512,1299899,MCNICHOLS,GREENFIELD,2018-02-14,14,2,2018,8,4,8,9,,2,0,Asphalt,1,1,1,30,4,2,1,5,0,0,0,0,true,false,false,false,false,false,false,false,false,false,false,false,false,true,false,false,false,false,false,false,false,false,-83.19921,42.41599,"{
  ""coordinates"": [
    -8.319921157941580e+01,
    4.241598664597780e+01
  ],
  ""type"": ""Point""
}","{
  ""coordinates"": [
    -83.199211579,
    42.415986646
  ],
  ""type"": ""Point""
}",-83.199211579,42.4159866460001
22513,1304335,PARKER,PARKER,2018-02-14,14,2,2018,11,4,10,9,,,3,,2,1,1,25,3,2,1,5,0,0,0,0,true,false,false,false,false,false,false,false,false,false,false,false,false,true,false,true,false,false,false,false,false,false,-82.9943,42.35234,"{
  ""coordinates"": [
    -8.299430057551810e+01,
    4.235233624321680e+01
  ],
  ""type"": ""Point""
}","{
  ""coordinates"": [
    -82.994300576,
    42.352336243
  ],
  ""type"": ""Point""
}",-82.9943005759999,42.352336243
22514,1301036,I-94,LONYO,2018-02-14,14,2,2018,7,4,5,1,,1,0,Asphalt,1,1,4,55,3,4,3,5,0,0,0,0,true,true,false,false,true,false,false,false,false,false,false,false,false,false,false,false,false,false,false,false,false,false,-83.13572,42.33324,"{
  ""coordinates"": [
    -8.313572011199220e+01,
    4.233323866966660e+01
  ],
  ""type"": ""Point""
}","{
  ""coordinates"": [
    -83.135720112,
    42.33323867
  ],
  ""type"": ""Point""
}",-83.1357201119999,42.3332386700001
22515,1305168,JEFFERSON,TOLEDO,2018-02-14,14,2,2018,18,4,1,3,,1,0,Asphalt,2,1,2,45,2,1,3,5,0,0,0,0,true,false,false,false,false,false,false,false,false,false,false,false,false,false,true,false,false,false,false,false,false,true,-83.06451,42.33582,"{
  ""coordinates"": [
    -8.306450314713589e+01,
    4.233581956157760e+01
  ],
  ""type"": ""Point""
}","{
  ""coordinates"": [
    -83.064503147,
    42.335819562
  ],
  ""type"": ""Point""
}",-83.064503147,42.335819562
22516,1302195,I 96 W/B,OUTER,2018-02-14,14,2,2018,19,4,8,1,,1,0,Concrete,1,1,4,70,5,2,2,5,0,0,0,0,true,false,false,false,false,false,false,false,false,false,false,false,false,false,true,false,false,false,false,false,false,false,-83.25423,42.38557,"{
  ""coordinates"": [
    -8.325423217365760e+01,
    4.238556511126240e+01
  ],
  ""type"": ""Point""
}","{
  ""coordinates"": [
    -83.254232174,
    42.385565111
  ],
  ""type"": ""Point""
}",-83.254232174,42.3855651110001
22517,1301109,8 MILE,FENELON,2018-02-14,14,2,2018,14,4,8,3,,1,0,Asphalt,1,1,1,45,4,2,2,5,0,0,0,0,true,false,false,false,false,false,false,false,false,false,true,false,false,false,false,false,false,false,false,false,false,false,-83.05379,42.44751,"{
  ""coordinates"": [
    -8.305378940205200e+01,
    4.244751381012450e+01
  ],
  ""type"": ""Point""
}","{
  ""coordinates"": [
    -83.053789402,
    42.44751381
  ],
  ""type"": ""Point""
}",-83.0537894019999,42.44751381
22518,1301069,JEFFERSON,WOODWARD,2018-02-14,14,2,2018,15,4,5,3,,1,0,Asphalt,1,1,1,30,8,2,3,5,0,0,0,0,true,false,false,false,false,false,false,false,false,false,false,false,false,false,false,false,false,false,false,false,false,false,-83.04475,42.32876,"{
  ""coordinates"": [
    -8.304474717516190e+01,
    4.232875923730450e+01
  ],
  ""type"": ""Point""
}","{
  ""coordinates"": [
    -83.044747175,
    42.328759237
  ],
  ""type"": ""Point""
}",-83.0447471749999,42.328759237
22519,1304352,SAINT ANTOINE,ADAMS,2018-02-14,14,2,2018,9,4,8,9,,4,0,Asphalt,2,1,1,,2,2,1,5,0,0,0,0,true,true,false,false,false,false,false,false,false,false,false,false,false,true,false,false,false,false,false,false,false,false,-83.04359,42.33955,"{
  ""coordinates"": [
    -8.304358789370960e+01,
    4.233954545735330e+01
  ],
  ""type"": ""Point""
}","{
  ""coordinates"": [
    -83.043587894,
    42.339545457
  ],
  ""type"": ""Point""
}",-83.043587894,42.339545457