ObjectId,Crash ID,Primary Road,Intersecting Road,Crash Date,Day,Month,Year,Hour,Weekday,Crash Type Code,Highway Classification Code,Community Code,Jurisdiction Code,Lane Departure Type Code,Surface Type,Road Condition,Weather Condition,Lighting Condition,Speed Limit,Lanes,Units,Occupants,Most Severe Injury,Fatal Injuries,Suspected Serious Injuries,Suspected Minor Injuries,Possible Injuries,Property Damage Only,Secondary Crash,Traffic Control,Red Light Run,Hit and Run,Alcohol,Drugs,Unbelted Person,Work Zone,Speeding Driver,Distracted Driver,Driveway,Pedestrian,Elderly Driver,Young Driver,Commercial Vehicle,Emergency Vehicles,Train,School Bus,Motorcycle,Bicycle,Deer,Longitude,Latitude,geom,geog,x,y
22520,1302224,FENKEL,MURRAY HILL,2018-02-14,14,2,2018,9,4,3,9,,2,0,Asphalt,1,1,1,35,2,2,2,5,0,0,0,0,true,false,false,false,true,false,false,false,false,false,false,false,false,false,false,false,false,false,false,false,false,false,-83.20729,42.40131,"{
  ""coordinates"": [
    -8.320729155350151e+01,
    4.240131360334310e+01
  ],
  ""type"": ""Point""
}","{
  ""coordinates"": [
    -83.207291554,
    42.401313603
  ],
  ""type"": ""Point""
}",-83.2072915539999,42.4013136030001
22521,1301061,I-75,WARREN,2018-02-14,14,2,2018,16,4,5,1,,1,0,Asphalt,1,1,1,70,4,2,2,5,0,0,0,0,true,false,false,false,false,false,false,false,false,false,false,false,false,true,false,false,false,false,false,false,false,false,-83.05416,42.36071,"{
  ""coordinates"": [
    -8.305416128579320e+01,
    4.236071539980550e+01
  ],
  ""type"": ""Point""
}","{
  ""coordinates"": [
    -83.054161286,
    42.3607154
  ],
  ""type"": ""Point""
}",-83.054161286,42.3607154000001
22522,1301029,I-94,LONYO,2018-02-14,14,2,2018,6,4,8,1,,1,0,Asphalt,1,1,4,55,3,4,4,4,0,0,0,1,false,false,false,false,true,false,false,false,false,false,false,false,false,false,false,true,false,false,false,false,false,false,-83.13572,42.33324,"{
  ""coordinates"": [
    -8.313572011199220e+01,
    4.233323866966660e+01
  ],
  ""type"": ""Point""
}","{
  ""coordinates"": [
    -83.135720112,
    42.33323867
  ],
  ""type"": ""Point""
}",-83.1357201119999,42.3332386700001
22523,1301057,I-94,LONYO,2018-02-14,14,2,2018,6,4,5,1,,1,0,Asphalt,2,1,2,55,3,2,2,5,0,0,0,0,true,true,false,false,false,false,false,false,false,false,false,false,false,false,false,false,false,false,false,false,false,false,-83.13572,42.33324,"{
  ""coordinates"": [
    -8.313572011199220e+01,
    4.233323866966660e+01
  ],
  ""type"": ""Point""
}","{
  ""coordinates"": [
    -83.135720112,
    42.33323867
  ],
  ""type"": ""Point""
}",-83.1357201119999,42.3332386700001
22524,1324976,WYOMING,E I 96,2018-02-14,14,2,2018,8,4,8,9,,4,0,Concrete,1,1,1,30,3,2,2,5,0,0,0,0,true,false,false,false,false,false,false,false,false,false,false,false,false,false,false,true,false,false,false,false,false,false,-83.15897,42.38522,"{
  ""coordinates"": [
    -8.315897318604451e+01,
    4.238521541863990e+01
  ],
  ""type"": ""Point""
}","{
  ""coordinates"": [
    -83.158973186,
    42.385215419
  ],
  ""type"": ""Point""
}",-83.158973186,42.3852154190001
22525,1301055,S/B M 39,PAUL,2018-02-14,14,2,2018,9,4,5,3,,1,0,Asphalt,1,1,1,,3,3,4,4,0,0,0,4,false,false,false,false,false,false,false,false,false,false,false,false,false,false,true,false,false,false,false,false,false,false,-83.21594,42.33616,"{
  ""coordinates"": [
    -8.321593930344490e+01,
    4.233616232649090e+01
  ],
  ""type"": ""Point""
}","{
  ""coordinates"": [
    -83.215939303,
    42.336162326
  ],
  ""type"": ""Point""
}",-83.215939303,42.3361623260001
22526,1301064,RAMP 218A,E I 94,2018-02-14,14,2,2018,9,4,5,1,,1,0,Asphalt,2,1,1,55,2,2,1,5,0,0,0,0,true,false,false,false,true,false,false,false,false,false,false,false,false,false,false,false,false,false,false,false,false,false,-83.0219,42.38546,"{
  ""coordinates"": [
    -8.302190665340559e+01,
    4.238546320155240e+01
  ],
  ""type"": ""Point""
}","{
  ""coordinates"": [
    -83.021906653,
    42.385463202
  ],
  ""type"": ""Point""
}",-83.021906653,42.385463202
22527,1472062,DIX,SCHAEFER,2018-02-14,14,2,2018,17,4,8,9,,4,0,Asphalt,1,1,1,30,2,2,2,5,0,0,0,0,true,false,false,false,false,false,false,false,false,false,false,false,false,true,false,false,false,false,false,false,false,false,-83.16236,42.28345,"{
  ""coordinates"": [
    -8.316236102540270e+01,
    4.228344893914460e+01
  ],
  ""type"": ""Point""
}","{
  ""coordinates"": [
    -83.162361025,
    42.283448939
  ],
  ""type"": ""Point""
}",-83.1623610249999,42.283448939
22528,1299889,N M 39 SERVICE DRIVE,JOY,2018-02-14,14,2,2018,4,4,1,9,,4,0,Asphalt,3,1,4,55,3,1,1,5,0,0,0,0,true,false,false,false,false,false,false,false,false,false,false,false,false,false,false,false,false,false,false,false,false,false,-83.21607,42.35783,"{
  ""coordinates"": [
    -8.321607197955051e+01,
    4.235783018034890e+01
  ],
  ""type"": ""Point""
}","{
  ""coordinates"": [
    -83.21607198,
    42.35783018
  ],
  ""type"": ""Point""
}",-83.21607198,42.3578301800001
22529,1315793,GRATIOT,HARPER,2018-02-14,14,2,2018,7,4,8,3,,1,0,Asphalt,4,1,1,30,6,2,1,5,0,0,0,0,true,true,false,false,true,false,false,false,false,false,false,false,false,false,false,false,false,false,false,false,false,false,-83.00523,42.39313,"{
  ""coordinates"": [
    -8.300523016147010e+01,
    4.239313264339730e+01
  ],
  ""type"": ""Point""
}","{
  ""coordinates"": [
    -83.005230161,
    42.393132643
  ],
  ""type"": ""Point""
}",-83.005230161,42.3931326430001
22530,1301068,CASS,ELIZABETH,2018-02-14,14,2,2018,0,4,4,9,,4,0,Asphalt,1,1,4,30,4,2,3,5,0,0,0,0,true,false,true,false,true,false,false,false,false,false,false,false,false,false,false,false,false,false,false,false,false,false,-83.05526,42.33597,"{
  ""coordinates"": [
    -8.305525909569150e+01,
    4.233597262269880e+01
  ],
  ""type"": ""Point""
}","{
  ""coordinates"": [
    -83.055259096,
    42.335972623
  ],
  ""type"": ""Point""
}",-83.055259096,42.335972623
22531,1316941,WOODWARD,DAVISON SERVICE,2018-02-14,14,2,2018,8,4,5,9,,,0,,1,1,1,30,7,2,2,5,0,0,0,0,true,false,false,false,false,false,false,false,false,false,false,false,false,false,false,false,false,false,false,false,false,false,-83.20888,42.3846,"{
  ""coordinates"": [
    -8.320887409739071e+01,
    4.238459613816890e+01
  ],
  ""type"": ""Point""
}","{
  ""coordinates"": [
    -83.208874097,
    42.384596138
  ],
  ""type"": ""Point""
}",-83.208874097,42.3845961380001
22532,1301111,MOUNT ELLIOTT,HUBER,2018-02-14,14,2,2018,16,4,97,9,,4,0,Asphalt,1,1,1,35,2,3,3,5,0,0,0,0,true,false,false,false,false,false,false,false,false,true,false,false,false,false,false,false,false,false,false,false,false,false,-83.03759,42.39769,"{
  ""coordinates"": [
    -8.303759124745621e+01,
    4.239768481071770e+01
  ],
  ""type"": ""Point""
}","{
  ""coordinates"": [
    -83.037591247,
    42.397684811
  ],
  ""type"": ""Point""
}",-83.037591247,42.397684811
22533,1301102,WOODWARD,OWEN,2018-02-14,14,2,2018,7,4,5,3,,1,0,Asphalt,1,1,1,35,7,2,1,5,0,0,0,0,true,false,false,false,true,false,false,false,false,false,false,false,false,true,false,true,false,false,true,false,false,false,-83.08167,42.38271,"{
  ""coordinates"": [
    -8.308166770349980e+01,
    4.238271034010780e+01
  ],
  ""type"": ""Point""
}","{
  ""coordinates"": [
    -83.081667703,
    42.38271034
  ],
  ""type"": ""Point""
}",-83.0816677029999,42.3827103400001
22534,1301063,I-94,SCOTTEN,2018-02-14,14,2,2018,9,4,5,1,,1,0,Asphalt,1,1,1,55,3,2,2,5,0,0,0,0,true,false,false,false,false,false,false,false,false,false,false,false,false,false,true,false,false,false,false,false,false,false,-83.11133,42.34568,"{
  ""coordinates"": [
    -8.311132911107410e+01,
    4.234567836899710e+01
  ],
  ""type"": ""Point""
}","{
  ""coordinates"": [
    -83.111329111,
    42.345678369
  ],
  ""type"": ""Point""
}",-83.111329111,42.345678369
22535,1301042,S/B I-75,NEVADA,2018-02-14,14,2,2018,7,4,5,1,,1,0,Asphalt,2,1,2,70,4,2,2,5,0,0,0,0,true,false,false,false,false,false,false,false,false,false,true,false,false,false,false,false,false,false,false,false,false,false,-83.09337,42.42473,"{
  ""coordinates"": [
    -8.309336622914741e+01,
    4.242473220476750e+01
  ],
  ""type"": ""Point""
}","{
  ""coordinates"": [
    -83.093366229,
    42.424732205
  ],
  ""type"": ""Point""
}",-83.093366229,42.4247322050001
22536,1301098,MCNICHOLS,SUSSEX,2018-02-14,14,2,2018,16,4,5,9,,2,0,Asphalt,1,1,1,35,2,2,3,5,0,0,0,0,true,false,false,false,true,false,false,false,false,false,false,false,false,false,false,false,false,false,false,false,false,false,-83.19583,42.41614,"{
  ""coordinates"": [
    -8.319583466242970e+01,
    4.241614229321330e+01
  ],
  ""type"": ""Point""
}","{
  ""coordinates"": [
    -83.195834662,
    42.416142293
  ],
  ""type"": ""Point""
}",-83.195834662,42.4161422930001
22537,1309585,M-10,DAVISON,2018-02-14,14,2,2018,17,4,5,3,,1,0,Concrete,1,1,1,55,3,4,5,4,0,0,0,3,false,false,false,false,false,false,false,false,false,false,false,false,false,false,false,false,false,false,false,false,false,false,-83.10741,42.39517,"{
  ""coordinates"": [
    -8.310741759941290e+01,
    4.239517105180140e+01
  ],
  ""type"": ""Point""
}","{
  ""coordinates"": [
    -83.107417599,
    42.395171052
  ],
  ""type"": ""Point""
}",-83.107417599,42.3951710520001
22538,1303461,FORT,MILLER,2018-02-14,14,2,2018,8,4,5,3,,1,0,Asphalt,2,1,1,35,2,2,2,5,0,0,0,0,true,false,false,false,true,false,false,false,false,false,false,false,false,false,false,false,false,false,false,false,false,false,-83.14098,42.29187,"{
  ""coordinates"": [
    -8.314097588408850e+01,
    4.229186925581700e+01
  ],
  ""type"": ""Point""
}","{
  ""coordinates"": [
    -83.140975884,
    42.291869256
  ],
  ""type"": ""Point""
}",-83.1409758839999,42.291869256
22539,1301056,S/B M 39,PAUL,2018-02-14,14,2,2018,10,4,5,3,,1,0,Asphalt,1,1,1,55,3,2,1,5,0,0,0,0,true,true,false,false,true,false,false,false,false,false,false,false,false,false,false,false,false,false,false,false,false,false,-83.21605,42.33758,"{
  ""coordinates"": [
    -8.321604571173380e+01,
    4.233758041078100e+01
  ],
  ""type"": ""Point""
}","{
  ""coordinates"": [
    -83.216045712,
    42.337580411
  ],
  ""type"": ""Point""
}",-83.216045712,42.337580411
22540,1303459,FORT,OUTER,2018-02-14,14,2,2018,9,4,8,3,,1,0,Asphalt,1,1,1,45,2,2,2,5,0,0,0,0,true,false,false,false,false,false,false,false,false,false,false,false,false,false,false,true,false,false,false,false,false,false,-83.16673,42.26231,"{
  ""coordinates"": [
    -8.316672207451180e+01,
    4.226231506589390e+01
  ],
  ""type"": ""Point""
}","{
  ""coordinates"": [
    -83.166722075,
    42.262315066
  ],
  ""type"": ""Point""
}",-83.1667220749999,42.262315066
22541,1303468,LIVERNOIS,FORT,2018-02-14,14,2,2018,5,4,4,3,,4,0,,4,1,4,30,4,2,2,4,0,0,0,2,false,false,true,true,false,false,false,false,false,false,false,false,false,false,false,true,false,false,false,false,false,false,-83.10347,42.30663,"{
  ""coordinates"": [
    -8.310347328069309e+01,
    4.230663012077210e+01
  ],
  ""type"": ""Point""
}","{
  ""coordinates"": [
    -83.103473281,
    42.306630121
  ],
  ""type"": ""Point""
}",-83.1034732809999,42.3066301210001
22542,1302171,S I 75,RAMP 216J,2018-02-14,14,2,2018,18,4,97,1,,1,0,Concrete,2,1,3,55,3,4,3,4,0,0,0,1,false,false,false,false,true,false,false,false,false,false,false,false,false,true,true,false,false,false,false,false,false,false,-83.05875,42.36967,"{
  ""coordinates"": [
    -8.305874966625630e+01,
    4.236967530441710e+01
  ],
  ""type"": ""Point""
}","{
  ""coordinates"": [
    -83.058749666,
    42.369675304
  ],
  ""type"": ""Point""
}",-83.058749666,42.3696753040001
22543,1302235,N M 39 SERVICE DRIVE,WARREN,2018-02-14,14,2,2018,10,4,5,9,,4,0,Asphalt,1,1,1,55,3,2,1,5,0,0,0,0,true,false,false,false,true,false,false,false,false,false,false,false,false,false,false,false,false,false,false,false,false,false,-83.21571,42.34335,"{
  ""coordinates"": [
    -8.321571453184860e+01,
    4.234334946152770e+01
  ],
  ""type"": ""Point""
}","{
  ""coordinates"": [
    -83.215714532,
    42.343349462
  ],
  ""type"": ""Point""
}",-83.2157145319999,42.343349462
22544,1311363,I 94 E/B,VAN DYKE,2018-02-14,14,2,2018,14,4,5,1,,1,0,Asphalt,2,1,1,70,3,2,2,5,0,0,0,0,true,false,false,false,false,false,false,false,false,false,false,false,false,false,false,false,false,false,false,false,false,false,-83.02924,42.38375,"{
  ""coordinates"": [
    -8.302924260422600e+01,
    4.238374719490740e+01
  ],
  ""type"": ""Point""
}","{
  ""coordinates"": [
    -83.029242604,
    42.383747195
  ],
  ""type"": ""Point""
}",-83.029242604,42.3837471950001
22545,1307224,PALMER,2ND,2018-02-14,14,2,2018,11,4,4,9,,4,0,Asphalt,1,1,1,30,4,2,2,5,0,0,0,0,true,false,true,false,false,false,false,false,false,false,false,false,false,false,true,false,false,false,false,false,false,false,-83.07224,42.36073,"{
  ""coordinates"": [
    -8.307223795463590e+01,
    4.236072837181630e+01
  ],
  ""type"": ""Point""
}","{
  ""coordinates"": [
    -83.072237955,
    42.360728372
  ],
  ""type"": ""Point""
}",-83.0722379549999,42.360728372
22546,1301086,JOHN R,WARREN,2018-02-14,14,2,2018,10,4,5,9,,4,0,Asphalt,1,1,1,25,2,2,2,5,0,0,0,0,true,true,false,false,false,false,false,false,false,false,false,false,false,false,false,false,false,false,false,false,false,false,-83.0622,42.35775,"{
  ""coordinates"": [
    -8.306220441488350e+01,
    4.235774588919260e+01
  ],
  ""type"": ""Point""
}","{
  ""coordinates"": [
    -83.062204415,
    42.357745889
  ],
  ""type"": ""Point""
}",-83.0622044149999,42.3577458890001
22547,1301045,W/B I-96,WARREN,2018-02-14,14,2,2018,14,4,5,1,,1,0,Asphalt,2,1,1,70,5,2,2,4,0,0,0,1,false,false,false,false,false,false,false,false,false,false,false,false,false,false,false,false,false,false,false,false,false,false,-83.0958,42.3451,"{
  ""coordinates"": [
    -8.309580240649331e+01,
    4.234509631987140e+01
  ],
  ""type"": ""Point""
}","{
  ""coordinates"": [
    -83.095802406,
    42.34509632
  ],
  ""type"": ""Point""
}",-83.095802406,42.34509632
22548,1301108,CARRIE,OUTER,2018-02-14,14,2,2018,20,4,2,9,,,0,,4,1,4,25,1,2,0,5,0,0,0,0,true,false,false,false,true,false,false,true,false,false,true,false,false,true,false,false,false,false,false,false,false,false,-83.03063,42.44135,"{
  ""coordinates"": [
    -8.303062933977300e+01,
    4.244134911859360e+01
  ],
  ""type"": ""Point""
}","{
  ""coordinates"": [
    -83.03062934,
    42.441349119
  ],
  ""type"": ""Point""
}",-83.03062934,42.4413491190001
22549,1304300,WARREN,JOHN R,2018-02-14,14,2,2018,16,4,8,9,,4,0,Asphalt,2,1,1,30,4,2,2,5,0,0,0,0,true,false,false,false,false,false,false,false,false,false,false,false,false,false,false,false,false,false,false,false,false,false,-83.06209,42.35759,"{
  ""coordinates"": [
    -8.306208771098240e+01,
    4.235759075981040e+01
  ],
  ""type"": ""Point""
}","{
  ""coordinates"": [
    -83.062087711,
    42.35759076
  ],
  ""type"": ""Point""
}",-83.0620877109999,42.3575907600001
22550,1301058,W I 96,RAMP 008I,2018-02-14,14,2,2018,10,4,5,1,,1,0,Concrete,1,1,1,55,3,2,1,5,0,0,0,0,true,false,false,false,true,false,false,false,false,false,false,false,false,false,false,false,false,false,false,false,false,false,-83.22136,42.37852,"{
  ""coordinates"": [
    -8.322135797814251e+01,
    4.237852194107760e+01
  ],
  ""type"": ""Point""
}","{
  ""coordinates"": [
    -83.221357978,
    42.378521941
  ],
  ""type"": ""Point""
}",-83.221357978,42.378521941
22551,1301110,DEAN,LANTZ,2018-02-14,14,2,2018,10,4,4,9,,,0,,4,1,1,,3,2,4,5,0,0,0,0,true,false,false,false,false,false,false,false,false,false,false,false,false,false,false,false,false,false,false,false,false,false,-83.06238,42.4381,"{
  ""coordinates"": [
    -8.306237830972300e+01,
    4.243810028060270e+01
  ],
  ""type"": ""Point""
}","{
  ""coordinates"": [
    -83.06237831,
    42.438100281
  ],
  ""type"": ""Point""
}",-83.06237831,42.4381002810001
22552,1301054,E/B I 96,WYOMING,2018-02-14,14,2,2018,9,4,5,1,,1,0,Concrete,1,1,1,70,3,2,2,5,0,0,0,0,true,false,false,false,false,false,false,false,false,false,false,false,false,true,false,false,false,false,false,false,false,false,-83.16288,42.38527,"{
  ""coordinates"": [
    -8.316287654785729e+01,
    4.238526884823860e+01
  ],
  ""type"": ""Point""
}","{
  ""coordinates"": [
    -83.162876548,
    42.385268848
  ],
  ""type"": ""Point""
}",-83.162876548,42.3852688480001
22553,1308249,PURITAN,ROBSON,2018-02-14,14,2,2018,23,4,8,9,,4,0,Asphalt,2,5,2,35,4,2,1,5,0,0,0,0,true,false,false,false,true,false,false,false,false,false,false,false,false,false,true,false,false,false,false,false,false,false,-83.19276,42.40894,"{
  ""coordinates"": [
    -8.319276503459110e+01,
    4.240894237431670e+01
  ],
  ""type"": ""Point""
}","{
  ""coordinates"": [
    -83.192765035,
    42.408942374
  ],
  ""type"": ""Point""
}",-83.192765035,42.408942374
22554,1302225,CURTIS,HUNTINGTON,2018-02-14,14,2,2018,14,4,8,9,,,0,,4,1,1,25,4,2,2,5,0,0,0,0,true,false,false,false,false,false,false,false,false,false,false,false,false,false,false,false,false,false,false,false,false,false,-83.23332,42.42248,"{
  ""coordinates"": [
    -8.323332555435860e+01,
    4.242248264573340e+01
  ],
  ""type"": ""Point""
}","{
  ""coordinates"": [
    -83.233325554,
    42.422482646
  ],
  ""type"": ""Point""
}",-83.233325554,42.422482646
22555,1301097,GREENFIELD,FARGO,2018-02-14,14,2,2018,19,4,97,9,,2,0,Asphalt,2,1,4,35,4,2,0,4,0,0,0,1,false,false,false,false,true,false,false,false,false,false,false,false,true,false,false,false,false,false,false,false,false,false,-83.20026,42.43945,"{
  ""coordinates"": [
    -8.320025959345401e+01,
    4.243944461450240e+01
  ],
  ""type"": ""Point""
}","{
  ""coordinates"": [
    -83.200259593,
    42.439444615
  ],
  ""type"": ""Point""
}",-83.2002595929999,42.4394446150001
22556,1301099,EVERGREEN,FENKELL,2018-02-14,14,2,2018,12,4,10,9,,4,0,Asphalt,1,1,1,30,4,2,2,5,0,0,0,0,true,false,false,false,false,false,false,false,false,false,false,false,false,false,false,true,false,false,false,false,false,false,-83.23743,42.40092,"{
  ""coordinates"": [
    -8.323743597726060e+01,
    4.240091595702350e+01
  ],
  ""type"": ""Point""
}","{
  ""coordinates"": [
    -83.237435977,
    42.400915957
  ],
  ""type"": ""Point""
}",-83.237435977,42.4009159570001
22557,1303462,GRAND,CONSOLIDATED RAIL CORPORATION,2018-02-14,14,2,2018,17,4,4,9,,4,0,Concrete,2,1,3,35,2,2,1,5,0,0,0,0,true,false,false,false,true,false,false,false,false,false,false,false,false,false,true,false,false,false,false,false,false,false,-83.06103,42.37442,"{
  ""coordinates"": [
    -8.306103067153600e+01,
    4.237441754438020e+01
  ],
  ""type"": ""Point""
}","{
  ""coordinates"": [
    -83.061030672,
    42.374417544
  ],
  ""type"": ""Point""
}",-83.061030672,42.374417544
22558,1308287,GRATIOT,JOS CAMPAU,2018-02-14,14,2,2018,15,4,5,3,,1,0,Asphalt,1,2,1,30,3,3,3,5,0,0,0,0,true,false,false,false,false,false,false,false,false,false,false,false,false,false,true,false,false,false,false,false,false,false,-83.03014,42.35543,"{
  ""coordinates"": [
    -8.303013268984979e+01,
    4.235543295541320e+01
  ],
  ""type"": ""Point""
}","{
  ""coordinates"": [
    -83.03013269,
    42.355432955
  ],
  ""type"": ""Point""
}",-83.03013269,42.355432955
22559,1310723,STUART,CANTON,2018-02-14,14,2,2018,15,4,4,9,,,0,,2,1,1,25,1,2,3,5,0,0,0,0,true,false,false,false,false,false,false,false,false,false,false,false,false,false,false,false,false,false,false,false,false,false,-83.01782,42.36716,"{
  ""coordinates"": [
    -8.301782355567450e+01,
    4.236716431560060e+01
  ],
  ""type"": ""Point""
}","{
  ""coordinates"": [
    -83.017823556,
    42.367164316
  ],
  ""type"": ""Point""
}",-83.0178235559999,42.3671643160001
22560,1302214,WARREN,WESTWOOD,2018-02-14,14,2,2018,15,4,5,9,,2,0,Asphalt,1,1,1,35,5,2,1,5,0,0,0,0,true,false,false,false,true,false,false,false,false,false,false,false,false,false,false,false,false,false,false,false,false,false,-83.23055,42.3432,"{
  ""coordinates"": [
    -8.323054836051210e+01,
    4.234320174299410e+01
  ],
  ""type"": ""Point""
}","{
  ""coordinates"": [
    -83.230548361,
    42.343201743
  ],
  ""type"": ""Point""
}",-83.230548361,42.3432017430001
22561,1302212,OUTER,WESTBROOK,2018-02-14,14,2,2018,21,4,5,9,,2,0,Asphalt,2,3,4,30,2,2,1,5,0,0,0,0,true,false,false,false,false,false,false,false,false,false,false,false,false,false,false,false,false,false,false,false,false,false,-83.25091,42.39764,"{
  ""coordinates"": [
    -8.325091127051360e+01,
    4.239764248749480e+01
  ],
  ""type"": ""Point""
}","{
  ""coordinates"": [
    -83.250911271,
    42.397642487
  ],
  ""type"": ""Point""
}",-83.2509112709999,42.397642487
22562,1303464,E I 94,RAMP 212F,2018-02-14,14,2,2018,7,4,5,1,,1,0,Asphalt,2,1,1,55,4,2,1,5,0,0,0,0,true,false,false,false,true,false,false,false,false,false,false,false,false,false,false,false,false,false,false,false,false,false,-83.11696,42.34147,"{
  ""coordinates"": [
    -8.311695914444350e+01,
    4.234147350987730e+01
  ],
  ""type"": ""Point""
}","{
  ""coordinates"": [
    -83.116959144,
    42.34147351
  ],
  ""type"": ""Point""
}",-83.116959144,42.3414735100001
22563,1303528,8 MILE,GRATIOT,2018-02-14,14,2,2018,14,4,5,3,,1,0,Asphalt,1,98,1,40,4,2,1,5,0,0,0,0,true,false,false,false,false,false,false,false,false,false,false,false,false,false,false,false,false,false,false,false,false,false,-82.96801,42.44983,"{
  ""coordinates"": [
    -8.296801191936400e+01,
    4.244983279351990e+01
  ],
  ""type"": ""Point""
}","{
  ""coordinates"": [
    -82.968011919,
    42.449832794
  ],
  ""type"": ""Point""
}",-82.9680119189999,42.449832794
22564,1303530,PINEHURST,NORFOLK,2018-02-14,14,2,2018,9,4,9,9,,,2,,4,5,1,25,2,2,2,5,0,0,0,0,true,false,false,false,false,false,false,false,false,false,false,false,false,false,false,false,false,false,false,false,false,false,-83.16792,42.44317,"{
  ""coordinates"": [
    -8.316791365364280e+01,
    4.244317149846600e+01
  ],
  ""type"": ""Point""
}","{
  ""coordinates"": [
    -83.167913654,
    42.443171498
  ],
  ""type"": ""Point""
}",-83.167913654,42.443171498
22565,1307149,E I 94,BURNS,2018-02-14,14,2,2018,17,4,8,1,,1,0,Asphalt,4,5,4,70,3,2,2,5,0,0,0,0,true,false,false,false,true,false,false,false,false,false,false,false,false,false,false,false,false,false,false,false,false,false,-83.01391,42.38859,"{
  ""coordinates"": [
    -8.301390748574350e+01,
    4.238858973929140e+01
  ],
  ""type"": ""Point""
}","{
  ""coordinates"": [
    -83.013907486,
    42.388589739
  ],
  ""type"": ""Point""
}",-83.0139074859999,42.3885897390001
22566,1303538,MCNICHOLS,THIRD,2018-02-14,14,2,2018,15,4,5,9,,4,0,Asphalt,2,1,1,30,4,2,2,4,0,0,0,1,false,false,false,false,true,false,false,false,false,false,false,true,false,false,false,false,false,false,false,false,false,false,-83.11191,42.41766,"{
  ""coordinates"": [
    -8.311190557359880e+01,
    4.241765777915450e+01
  ],
  ""type"": ""Point""
}","{
  ""coordinates"": [
    -83.111905574,
    42.417657779
  ],
  ""type"": ""Point""
}",-83.1119055739999,42.4176577790001
22567,1301062,N M 10,MARTIN LUTHER KING JR,2018-02-14,14,2,2018,15,4,5,3,,1,0,Concrete,2,1,1,55,3,2,2,5,0,0,0,0,true,false,false,false,false,false,false,false,false,false,false,false,false,false,false,false,false,false,false,false,false,false,-83.06916,42.34583,"{
  ""coordinates"": [
    -8.306915837005241e+01,
    4.234582899995210e+01
  ],
  ""type"": ""Point""
}","{
  ""coordinates"": [
    -83.06915837,
    42.345829
  ],
  ""type"": ""Point""
}",-83.06915837,42.345829
22568,1309594,I-94,LIVERNOIS,2018-02-14,14,2,2018,13,4,8,1,,1,0,Asphalt,1,1,1,55,3,3,2,5,0,0,0,0,true,false,false,false,true,false,false,false,false,false,false,false,false,true,false,false,false,false,false,false,false,false,-83.12566,42.33701,"{
  ""coordinates"": [
    -8.312565908175981e+01,
    4.233700461161890e+01
  ],
  ""type"": ""Point""
}","{
  ""coordinates"": [
    -83.125659082,
    42.337004612
  ],
  ""type"": ""Point""
}",-83.125659082,42.337004612
22569,1302191,I 75 N/B,HOLBROOK,2018-02-14,14,2,2018,17,4,5,1,,1,0,Asphalt,1,1,3,70,4,2,5,4,0,0,0,1,false,false,false,false,false,false,false,false,false,false,true,false,false,false,false,false,false,false,false,false,false,false,-83.06777,42.38607,"{
  ""coordinates"": [
    -8.306777061041180e+01,
    4.238607276320470e+01
  ],
  ""type"": ""Point""
}","{
  ""coordinates"": [
    -83.06777061,
    42.386072763
  ],
  ""type"": ""Point""
}",-83.06777061,42.3860727630001
22570,1301089,OUTER,GRAND RIVER,2018-02-14,14,2,2018,8,4,4,3,,2,0,Asphalt,1,1,1,30,3,2,1,5,0,0,0,0,true,false,true,true,false,false,false,false,false,false,false,false,false,false,true,false,false,false,false,false,false,false,-83.23264,42.40638,"{
  ""coordinates"": [
    -8.323263775888191e+01,
    4.240637881082680e+01
  ],
  ""type"": ""Point""
}","{
  ""coordinates"": [
    -83.232637759,
    42.406378811
  ],
  ""type"": ""Point""
}",-83.2326377589999,42.406378811
22571,1303507,HOOVER,STURGIS,2018-02-14,14,2,2018,16,4,4,3,,1,0,Asphalt,2,1,3,35,2,2,2,5,0,0,0,0,true,false,false,false,false,false,false,false,false,false,false,false,false,false,false,false,false,false,false,false,false,false,-83.00485,42.43876,"{
  ""coordinates"": [
    -8.300485233721750e+01,
    4.243875484236150e+01
  ],
  ""type"": ""Point""
}","{
  ""coordinates"": [
    -83.004852337,
    42.438754842
  ],
  ""type"": ""Point""
}",-83.004852337,42.438754842
22572,1303521,7 MILE,ROBSON,2018-02-14,14,2,2018,16,4,8,9,,2,0,Asphalt,1,1,1,35,4,2,4,4,0,0,0,1,false,false,false,false,false,false,false,false,false,false,false,false,false,false,false,false,false,false,false,false,false,false,-83.19376,42.4306,"{
  ""coordinates"": [
    -8.319375359594299e+01,
    4.243059721338290e+01
  ],
  ""type"": ""Point""
}","{
  ""coordinates"": [
    -83.193753596,
    42.430597213
  ],
  ""type"": ""Point""
}",-83.193753596,42.4305972130001
22573,1299903,ASBURY,CONSTANCE,2018-02-13,13,2,2018,8,3,9,9,,,2,,3,1,1,25,2,2,9,5,0,0,0,0,true,false,false,false,true,false,false,false,false,false,false,false,false,false,false,false,false,false,false,false,false,false,-83.20662,42.35448,"{
  ""coordinates"": [
    -8.320661993052690e+01,
    4.235448495684890e+01
  ],
  ""type"": ""Point""
}","{
  ""coordinates"": [
    -83.206619931,
    42.354484957
  ],
  ""type"": ""Point""
}",-83.206619931,42.3544849570001