ObjectId,Crash ID,Primary Road,Intersecting Road,Crash Date,Day,Month,Year,Hour,Weekday,Crash Type Code,Highway Classification Code,Community Code,Jurisdiction Code,Lane Departure Type Code,Surface Type,Road Condition,Weather Condition,Lighting Condition,Speed Limit,Lanes,Units,Occupants,Most Severe Injury,Fatal Injuries,Suspected Serious Injuries,Suspected Minor Injuries,Possible Injuries,Property Damage Only,Secondary Crash,Traffic Control,Red Light Run,Hit and Run,Alcohol,Drugs,Unbelted Person,Work Zone,Speeding Driver,Distracted Driver,Driveway,Pedestrian,Elderly Driver,Young Driver,Commercial Vehicle,Emergency Vehicles,Train,School Bus,Motorcycle,Bicycle,Deer,Longitude,Latitude,geom,geog,x,y
22574,1302211,MICHIGAN,CLARK,2018-02-13,13,2,2018,11,3,4,2,,1,0,Asphalt,2,1,1,35,3,2,4,1,1,0,0,0,false,false,false,false,false,false,false,true,false,true,false,false,false,false,false,false,true,false,false,false,false,false,-83.10231,42.33129,"{
  ""coordinates"": [
    -8.310230859598640e+01,
    4.233129164235060e+01
  ],
  ""type"": ""Point""
}","{
  ""coordinates"": [
    -83.102308596,
    42.331291642
  ],
  ""type"": ""Point""
}",-83.1023085959999,42.3312916420001
22575,1302182,M 10 N/B,WARREN,2018-02-13,13,2,2018,17,3,5,3,,1,0,Concrete,1,2,1,55,4,2,2,4,0,0,0,1,false,false,false,false,false,false,false,false,false,false,false,false,false,true,false,false,false,false,false,false,false,false,-83.07353,42.35403,"{
  ""coordinates"": [
    -8.307353286657830e+01,
    4.235402992166390e+01
  ],
  ""type"": ""Point""
}","{
  ""coordinates"": [
    -83.073532867,
    42.354029922
  ],
  ""type"": ""Point""
}",-83.073532867,42.3540299220001
22576,1301076,WARREN,ROSA PARKS,2018-02-13,13,2,2018,15,3,5,9,,4,0,Asphalt,6,2,1,30,2,2,2,5,0,0,0,0,true,false,false,false,false,false,false,false,false,false,false,false,false,true,true,false,false,false,false,false,false,false,-83.08289,42.35078,"{
  ""coordinates"": [
    -8.308288554212510e+01,
    4.235077932686290e+01
  ],
  ""type"": ""Point""
}","{
  ""coordinates"": [
    -83.082885542,
    42.350779327
  ],
  ""type"": ""Point""
}",-83.082885542,42.3507793270001
22577,1298809,VERNOR,ST AUBIN,2018-02-13,13,2,2018,2,3,1,9,,4,1,Asphalt,6,5,4,35,3,1,0,5,0,0,0,0,true,false,false,false,true,false,false,false,false,false,false,false,false,false,false,false,false,false,false,false,false,false,-83.03377,42.34865,"{
  ""coordinates"": [
    -8.303376946844000e+01,
    4.234864629216300e+01
  ],
  ""type"": ""Point""
}","{
  ""coordinates"": [
    -83.033769468,
    42.348646292
  ],
  ""type"": ""Point""
}",-83.0337694679999,42.3486462920001
22578,1299868,I-94,TRUMBULL,2018-02-13,13,2,2018,9,3,5,1,,1,0,Asphalt,1,1,1,55,3,2,2,5,0,0,0,0,true,false,false,false,false,false,false,false,false,false,true,false,false,false,false,true,false,false,false,false,false,false,-83.07968,42.35723,"{
  ""coordinates"": [
    -8.307968436289750e+01,
    4.235722775237760e+01
  ],
  ""type"": ""Point""
}","{
  ""coordinates"": [
    -83.079684363,
    42.357227752
  ],
  ""type"": ""Point""
}",-83.079684363,42.357227752
22579,1299913,MCNICHOLS,COYLE,2018-02-13,13,2,2018,12,3,8,9,,2,0,Asphalt,4,1,1,35,4,2,2,5,0,0,0,0,true,false,false,false,false,false,false,false,false,false,false,false,false,false,false,true,false,false,false,false,false,false,-83.19449,42.41621,"{
  ""coordinates"": [
    -8.319448843354211e+01,
    4.241621192267160e+01
  ],
  ""type"": ""Point""
}","{
  ""coordinates"": [
    -83.194488434,
    42.416211923
  ],
  ""type"": ""Point""
}",-83.1944884339999,42.416211923
22580,1299921,CLARITA,MENDOTA,2018-02-13,13,2,2018,9,3,1,9,,,1,,3,1,1,25,1,1,0,5,0,0,0,0,true,false,false,false,true,false,false,false,false,false,false,false,false,false,false,false,false,false,false,false,false,false,-83.16667,42.42949,"{
  ""coordinates"": [
    -8.316667302317640e+01,
    4.242948931213660e+01
  ],
  ""type"": ""Point""
}","{
  ""coordinates"": [
    -83.166673023,
    42.429489312
  ],
  ""type"": ""Point""
}",-83.166673023,42.429489312
22581,1304291,E M 8,RAMP 139C,2018-02-13,13,2,2018,15,3,8,3,,1,0,Concrete,1,1,1,55,3,2,2,5,0,0,0,0,true,false,false,false,false,false,false,false,false,false,true,false,false,false,false,true,false,false,false,false,false,false,-83.14705,42.38536,"{
  ""coordinates"": [
    -8.314704882721129e+01,
    4.238536307575310e+01
  ],
  ""type"": ""Point""
}","{
  ""coordinates"": [
    -83.147048827,
    42.385363076
  ],
  ""type"": ""Point""
}",-83.1470488269999,42.385363076
22582,1301090,E/B 96,LIVERNOIS,2018-02-13,13,2,2018,8,3,5,1,,1,0,Asphalt,1,1,1,55,4,2,1,2,0,1,0,0,false,false,false,false,false,false,false,false,false,false,false,false,false,false,false,false,false,false,false,false,false,false,-83.13866,42.36713,"{
  ""coordinates"": [
    -8.313865743800140e+01,
    4.236713576207870e+01
  ],
  ""type"": ""Point""
}","{
  ""coordinates"": [
    -83.138657438,
    42.367135762
  ],
  ""type"": ""Point""
}",-83.1386574379999,42.367135762
22583,1313500,WARREN,LAMPHERE,2018-02-13,13,2,2018,8,3,4,9,,2,0,Asphalt,1,1,1,35,4,2,2,5,0,0,0,0,true,false,false,false,false,false,false,false,false,false,false,false,false,false,false,false,false,false,false,false,false,false,-83.25851,42.34173,"{
  ""coordinates"": [
    -8.325851408601280e+01,
    4.234173169422520e+01
  ],
  ""type"": ""Point""
}","{
  ""coordinates"": [
    -83.258514086,
    42.341731694
  ],
  ""type"": ""Point""
}",-83.2585140859999,42.341731694
22584,1301095,THEODORE,HELEN,2018-02-13,13,2,2018,12,3,9,9,,,2,,1,1,1,20,1,2,1,5,0,0,0,0,true,false,false,false,false,false,false,false,false,false,false,false,false,false,false,false,false,false,false,false,false,false,-83.02168,42.37354,"{
  ""coordinates"": [
    -8.302168615687910e+01,
    4.237353628816250e+01
  ],
  ""type"": ""Point""
}","{
  ""coordinates"": [
    -83.021686157,
    42.373536288
  ],
  ""type"": ""Point""
}",-83.021686157,42.373536288
22585,1302204,SCHAEFER,E I 96 SERVICE DRIVE,2018-02-13,13,2,2018,7,3,4,1,,4,0,Asphalt,1,1,1,30,4,2,1,5,0,0,0,0,true,false,false,false,false,false,false,false,false,false,false,false,false,false,false,false,false,false,false,false,false,false,-83.17834,42.38273,"{
  ""coordinates"": [
    -8.317834640866270e+01,
    4.238272915452970e+01
  ],
  ""type"": ""Point""
}","{
  ""coordinates"": [
    -83.178346409,
    42.382729155
  ],
  ""type"": ""Point""
}",-83.178346409,42.382729155
22586,1299927,PENNINGTON,7 MILE,2018-02-13,13,2,2018,14,3,10,9,,,3,,2,1,1,25,2,2,1,5,0,0,0,0,true,false,false,false,false,false,false,false,false,false,false,true,false,false,false,false,false,false,false,false,false,false,-83.14812,42.4301,"{
  ""coordinates"": [
    -8.314812569935199e+01,
    4.243010028197210e+01
  ],
  ""type"": ""Point""
}","{
  ""coordinates"": [
    -83.148125699,
    42.430100282
  ],
  ""type"": ""Point""
}",-83.148125699,42.4301002820001
22587,1299919,GALLAGHER,OUTER,2018-02-13,13,2,2018,8,3,4,9,,,0,,4,1,1,25,2,2,2,5,0,0,0,0,true,false,false,false,false,false,false,false,false,false,false,false,false,false,false,false,false,false,false,false,false,false,-83.07083,42.44295,"{
  ""coordinates"": [
    -8.307082981929530e+01,
    4.244294789958470e+01
  ],
  ""type"": ""Point""
}","{
  ""coordinates"": [
    -83.070829819,
    42.4429479
  ],
  ""type"": ""Point""
}",-83.070829819,42.4429479
22588,1299908,S M 39 SERVICE DRIVE,JOY,2018-02-13,13,2,2018,8,3,5,9,,4,0,Asphalt,2,1,1,55,3,2,2,4,0,0,0,1,false,false,false,false,false,false,false,false,false,false,false,false,false,false,false,false,false,false,false,false,false,false,-83.21691,42.35786,"{
  ""coordinates"": [
    -8.321690879218561e+01,
    4.235786081520400e+01
  ],
  ""type"": ""Point""
}","{
  ""coordinates"": [
    -83.216908792,
    42.357860815
  ],
  ""type"": ""Point""
}",-83.216908792,42.357860815
22589,1299917,HILLCREST,CHANDLER PARK,2018-02-13,13,2,2018,12,3,4,9,,,0,,4,5,1,,2,2,1,5,0,0,0,0,true,false,false,false,false,false,false,false,false,false,false,false,false,true,false,false,false,false,false,false,false,false,-82.91679,42.41836,"{
  ""coordinates"": [
    -8.291678249538860e+01,
    4.241835695003680e+01
  ],
  ""type"": ""Point""
}","{
  ""coordinates"": [
    -82.916782495,
    42.41835695
  ],
  ""type"": ""Point""
}",-82.9167824949999,42.41835695
22590,1301106,LUMPKIN,LANTZ,2018-02-13,13,2,2018,13,3,4,9,,,0,,4,1,1,25,2,2,2,5,0,0,0,0,true,false,false,false,false,false,false,false,false,false,false,false,false,false,false,false,false,false,false,false,false,false,-83.0806,42.43756,"{
  ""coordinates"": [
    -8.308060179188480e+01,
    4.243755935497490e+01
  ],
  ""type"": ""Point""
}","{
  ""coordinates"": [
    -83.080601792,
    42.437559355
  ],
  ""type"": ""Point""
}",-83.080601792,42.4375593550001
22591,1299909,MCCLELLAN,CHAPIN,2018-02-13,13,2,2018,14,3,8,9,,4,3,Asphalt,2,2,1,30,2,2,1,5,0,0,0,0,true,false,false,false,false,false,false,true,false,false,false,false,false,false,false,true,false,false,false,false,false,false,-83.0034,42.38521,"{
  ""coordinates"": [
    -8.300340199783371e+01,
    4.238521033909410e+01
  ],
  ""type"": ""Point""
}","{
  ""coordinates"": [
    -83.003401998,
    42.385210339
  ],
  ""type"": ""Point""
}",-83.003401998,42.385210339
22592,1301114,WALTHAM,7 MILE,2018-02-13,13,2,2018,15,3,4,9,,,0,,1,1,1,25,4,2,2,5,0,0,0,0,true,false,true,false,false,false,false,false,false,false,false,false,false,false,true,false,false,false,false,false,false,false,-82.99486,42.43477,"{
  ""coordinates"": [
    -8.299486144138530e+01,
    4.243477008212000e+01
  ],
  ""type"": ""Point""
}","{
  ""coordinates"": [
    -82.994861441,
    42.434770082
  ],
  ""type"": ""Point""
}",-82.994861441,42.4347700820001
22593,1301103,CHALMERS,KILBOURNE,2018-02-13,13,2,2018,17,3,8,9,,4,0,Asphalt,4,5,1,30,1,2,1,5,0,0,0,0,true,false,false,false,true,false,false,false,false,false,false,false,false,true,false,false,false,false,false,false,false,false,-82.97211,42.41658,"{
  ""coordinates"": [
    -8.297211392111829e+01,
    4.241658284187240e+01
  ],
  ""type"": ""Point""
}","{
  ""coordinates"": [
    -82.972113921,
    42.416582842
  ],
  ""type"": ""Point""
}",-82.972113921,42.416582842
22594,1303430,E I 94,RAMP 216F,2018-02-13,13,2,2018,19,3,5,1,,1,0,Concrete,1,1,4,55,4,2,2,5,0,0,0,0,true,false,false,false,false,false,false,false,false,false,false,false,false,false,false,true,false,false,false,false,false,false,-83.0583,42.36826,"{
  ""coordinates"": [
    -8.305829577836890e+01,
    4.236826376939100e+01
  ],
  ""type"": ""Point""
}","{
  ""coordinates"": [
    -83.058295778,
    42.368263769
  ],
  ""type"": ""Point""
}",-83.0582957779999,42.3682637690001
22595,1299867,M-39,FENKELL,2018-02-13,13,2,2018,8,3,5,3,,1,0,Asphalt,1,1,1,55,3,3,3,5,0,0,0,0,true,false,false,false,false,false,false,false,false,false,true,false,false,false,true,false,false,false,false,false,false,false,-83.21837,42.39967,"{
  ""coordinates"": [
    -8.321836887211229e+01,
    4.239966788608140e+01
  ],
  ""type"": ""Point""
}","{
  ""coordinates"": [
    -83.218368872,
    42.399667886
  ],
  ""type"": ""Point""
}",-83.218368872,42.399667886
22596,1299901,CHICAGO,GREENFIELD,2018-02-13,13,2,2018,16,3,97,9,,4,0,Asphalt,2,1,1,35,2,2,3,5,0,0,0,0,true,false,false,false,true,false,false,false,false,false,false,true,false,false,false,false,false,false,false,false,false,false,-83.19746,42.36536,"{
  ""coordinates"": [
    -8.319746225447820e+01,
    4.236536247992310e+01
  ],
  ""type"": ""Point""
}","{
  ""coordinates"": [
    -83.197462254,
    42.36536248
  ],
  ""type"": ""Point""
}",-83.197462254,42.36536248
22597,1302222,GRAND RIVER,REDFORD,2018-02-13,13,2,2018,8,3,97,3,,1,0,Asphalt,3,5,1,35,2,3,4,5,0,0,0,0,true,false,false,false,false,false,false,false,false,false,false,false,false,false,false,true,false,false,false,false,false,false,-83.25867,42.4169,"{
  ""coordinates"": [
    -8.325866327256701e+01,
    4.241689912938360e+01
  ],
  ""type"": ""Point""
}","{
  ""coordinates"": [
    -83.258663273,
    42.416899129
  ],
  ""type"": ""Point""
}",-83.258663273,42.4168991290001
22598,1299923,LODGE SERVICE DR WESTBOUND,LIVERNOIS,2018-02-13,13,2,2018,10,3,4,3,,4,0,Concrete,1,1,1,35,4,2,2,5,0,0,0,0,true,false,true,true,false,false,false,false,false,false,false,false,false,true,false,false,false,false,false,false,false,false,-83.14044,42.40527,"{
  ""coordinates"": [
    -8.314044552331720e+01,
    4.240527307993090e+01
  ],
  ""type"": ""Point""
}","{
  ""coordinates"": [
    -83.140445523,
    42.40527308
  ],
  ""type"": ""Point""
}",-83.140445523,42.40527308
22599,1299869,I-94,TRUMBULL,2018-02-13,13,2,2018,11,3,1,1,,1,1,Asphalt,1,1,1,55,3,1,1,5,0,0,0,0,true,false,false,false,false,false,false,false,false,true,true,false,false,false,true,false,false,false,false,false,false,false,-83.08268,42.3553,"{
  ""coordinates"": [
    -8.308267961213390e+01,
    4.235530096622490e+01
  ],
  ""type"": ""Point""
}","{
  ""coordinates"": [
    -83.082679612,
    42.355300966
  ],
  ""type"": ""Point""
}",-83.0826796119999,42.3553009660001
22600,1304296,213P,I-94,2018-02-13,13,2,2018,15,3,5,1,,1,0,Concrete,1,2,1,55,2,2,2,5,0,0,0,0,true,false,false,false,true,false,false,false,false,false,false,false,false,false,false,false,false,false,false,false,false,false,-83.09611,42.35086,"{
  ""coordinates"": [
    -8.309611026870520e+01,
    4.235086281983030e+01
  ],
  ""type"": ""Point""
}","{
  ""coordinates"": [
    -83.096110269,
    42.35086282
  ],
  ""type"": ""Point""
}",-83.096110269,42.35086282
22601,1304289,RAMP 223B,CADIEUX,2018-02-13,13,2,2018,9,3,1,1,,1,1,Asphalt,2,1,1,55,3,1,1,5,0,0,0,0,true,false,false,false,false,false,false,false,false,true,false,false,false,false,false,false,false,false,false,false,false,false,-82.93591,42.41761,"{
  ""coordinates"": [
    -8.293590524100570e+01,
    4.241760498408090e+01
  ],
  ""type"": ""Point""
}","{
  ""coordinates"": [
    -82.935905241,
    42.417604984
  ],
  ""type"": ""Point""
}",-82.9359052409999,42.417604984
22602,1299926,STEEL,GROVE,2018-02-13,13,2,2018,3,3,98,9,,,3,,98,1,4,25,2,2,0,5,0,0,0,0,true,false,false,false,true,false,false,false,false,false,false,true,false,false,false,false,false,false,false,false,false,false,-83.17207,42.41368,"{
  ""coordinates"": [
    -8.317206583452030e+01,
    4.241367655055360e+01
  ],
  ""type"": ""Point""
}","{
  ""coordinates"": [
    -83.172065835,
    42.413676551
  ],
  ""type"": ""Point""
}",-83.172065835,42.413676551
22603,1299871,MEMORIAL,DIVERSEY,2018-02-13,13,2,2018,8,3,97,9,,,0,,3,1,1,25,2,2,8,5,0,0,0,0,true,false,false,false,false,false,false,false,false,false,false,false,false,false,false,true,false,false,true,false,false,false,-83.21061,42.34824,"{
  ""coordinates"": [
    -8.321060640958230e+01,
    4.234824342316140e+01
  ],
  ""type"": ""Point""
}","{
  ""coordinates"": [
    -83.21060641,
    42.348243423
  ],
  ""type"": ""Point""
}",-83.21060641,42.348243423
22604,1311377,HILCREST,CHANDLER,2018-02-13,13,2,2018,12,3,97,9,,,0,,3,5,1,,2,2,1,5,0,0,0,0,true,false,false,false,true,false,false,false,false,false,false,false,false,false,false,false,false,false,false,false,false,false,-82.91557,42.41787,"{
  ""coordinates"": [
    -8.291556342077030e+01,
    4.241786433066600e+01
  ],
  ""type"": ""Point""
}","{
  ""coordinates"": [
    -82.915563421,
    42.417864331
  ],
  ""type"": ""Point""
}",-82.9155634209999,42.417864331
22605,1299914,OUTER,ASBURY,2018-02-13,13,2,2018,15,3,4,9,,2,0,Asphalt,2,2,1,30,3,2,2,5,0,0,0,0,true,false,true,true,false,false,false,false,false,false,false,false,false,false,true,false,false,false,false,false,false,false,-83.20908,42.41947,"{
  ""coordinates"": [
    -8.320907604540810e+01,
    4.241947196096450e+01
  ],
  ""type"": ""Point""
}","{
  ""coordinates"": [
    -83.209076045,
    42.419471961
  ],
  ""type"": ""Point""
}",-83.209076045,42.4194719610001
22606,1299872,LAUDER,WESTFIELD,2018-02-13,13,2,2018,10,3,1,9,,,0,,4,1,1,25,2,1,1,5,0,0,0,0,true,false,false,false,false,false,false,false,false,false,false,false,false,false,false,false,false,false,false,false,false,false,-83.18961,42.36365,"{
  ""coordinates"": [
    -8.318960964675880e+01,
    4.236364999390570e+01
  ],
  ""type"": ""Point""
}","{
  ""coordinates"": [
    -83.189609647,
    42.363649994
  ],
  ""type"": ""Point""
}",-83.1896096469999,42.3636499940001
22607,1304292,M-39,OUTER,2018-02-13,13,2,2018,17,3,5,3,,1,0,Concrete,1,1,1,55,3,2,1,4,0,0,0,1,false,false,false,false,true,false,false,false,false,false,false,false,false,false,false,false,false,false,false,false,false,false,-83.21892,42.41763,"{
  ""coordinates"": [
    -8.321892130287300e+01,
    4.241762812405160e+01
  ],
  ""type"": ""Point""
}","{
  ""coordinates"": [
    -83.218921303,
    42.417628124
  ],
  ""type"": ""Point""
}",-83.2189213029999,42.417628124
22608,1309660,DAVIDISON,ROSA,2018-02-13,13,2,2018,16,3,10,3,,1,0,Concrete,2,1,1,35,4,2,2,5,0,0,0,0,true,false,false,false,true,false,false,false,false,false,false,false,false,false,false,false,false,false,false,false,false,false,-83.14172,42.38641,"{
  ""coordinates"": [
    -8.314171461029790e+01,
    4.238641352169810e+01
  ],
  ""type"": ""Point""
}","{
  ""coordinates"": [
    -83.14171461,
    42.386413522
  ],
  ""type"": ""Point""
}",-83.14171461,42.3864135220001
22609,1299910,WARREN,GRANDY,2018-02-13,13,2,2018,9,3,1,9,,4,1,Asphalt,1,1,1,30,2,1,1,5,0,0,0,0,true,false,false,false,false,false,false,false,false,false,false,false,false,false,false,false,false,false,false,false,false,false,-83.0389,42.36638,"{
  ""coordinates"": [
    -8.303890081612769e+01,
    4.236638437725600e+01
  ],
  ""type"": ""Point""
}","{
  ""coordinates"": [
    -83.038900816,
    42.366384377
  ],
  ""type"": ""Point""
}",-83.038900816,42.366384377
22610,1307223,MILWAUKEE,S M 10,2018-02-13,13,2,2018,11,3,5,3,,4,0,Asphalt,2,1,1,30,2,2,2,5,0,0,0,0,true,false,false,false,false,false,false,false,false,false,false,false,false,true,false,false,false,false,false,false,false,false,-83.08103,42.36593,"{
  ""coordinates"": [
    -8.308103036028299e+01,
    4.236593199369500e+01
  ],
  ""type"": ""Point""
}","{
  ""coordinates"": [
    -83.08103036,
    42.365931994
  ],
  ""type"": ""Point""
}",-83.0810303599999,42.3659319940001
22611,1304288,I-75,MCNICHOLS,2018-02-13,13,2,2018,16,3,8,1,,1,0,Asphalt,1,2,1,70,4,3,2,5,0,0,0,0,true,false,false,false,true,false,false,false,false,false,false,false,false,true,false,true,false,false,false,false,false,false,-83.08755,42.41762,"{
  ""coordinates"": [
    -8.308755871195071e+01,
    4.241761607912990e+01
  ],
  ""type"": ""Point""
}","{
  ""coordinates"": [
    -83.087558712,
    42.417616079
  ],
  ""type"": ""Point""
}",-83.087558712,42.417616079
22612,1299911,GRAND RIVER,LAHSER,2018-02-13,13,2,2018,9,3,5,3,,1,0,Asphalt,4,1,1,,4,2,2,5,0,0,0,0,true,false,false,false,false,false,false,false,false,false,false,false,false,true,false,false,false,false,false,false,false,false,-83.25768,42.4165,"{
  ""coordinates"": [
    -8.325768325939040e+01,
    4.241650513321980e+01
  ],
  ""type"": ""Point""
}","{
  ""coordinates"": [
    -83.257683259,
    42.416505133
  ],
  ""type"": ""Point""
}",-83.257683259,42.416505133
22613,1303460,MICHIGAN,MARTIN,2018-02-13,13,2,2018,17,3,8,2,,1,0,Asphalt,1,1,1,30,8,2,2,5,0,0,0,0,true,false,false,false,true,false,false,false,false,false,false,false,false,true,false,true,false,false,false,false,false,false,-83.1273,42.33115,"{
  ""coordinates"": [
    -8.312729897437090e+01,
    4.233114755705130e+01
  ],
  ""type"": ""Point""
}","{
  ""coordinates"": [
    -83.127298974,
    42.331147557
  ],
  ""type"": ""Point""
}",-83.127298974,42.3311475570001
22614,1305137,MICHIGAN,WESSON,2018-02-13,13,2,2018,10,3,5,2,,1,0,Asphalt,1,1,1,35,5,2,2,5,0,0,0,0,true,false,false,false,false,false,false,false,false,false,false,false,false,false,true,false,false,false,false,false,false,false,-83.11544,42.33115,"{
  ""coordinates"": [
    -8.311544390467699e+01,
    4.233114844357130e+01
  ],
  ""type"": ""Point""
}","{
  ""coordinates"": [
    -83.115443905,
    42.331148444
  ],
  ""type"": ""Point""
}",-83.1154439049999,42.3311484440001
22615,1299863,M39,I96,2018-02-13,13,2,2018,9,3,5,3,,1,0,Asphalt,3,1,1,55,3,2,2,5,0,0,0,0,true,false,false,false,false,false,false,false,false,false,false,false,false,false,false,false,false,false,false,false,false,false,-83.21699,42.37719,"{
  ""coordinates"": [
    -8.321698430260130e+01,
    4.237718872298400e+01
  ],
  ""type"": ""Point""
}","{
  ""coordinates"": [
    -83.216984303,
    42.377188723
  ],
  ""type"": ""Point""
}",-83.2169843029999,42.3771887230001
22616,1299920,LUMPKIN,LANTZ,2018-02-13,13,2,2018,13,3,4,9,,,0,,4,5,1,25,2,2,2,5,0,0,0,0,true,false,false,false,false,false,false,false,false,false,false,false,false,false,false,false,false,false,false,false,false,false,-83.0806,42.43777,"{
  ""coordinates"": [
    -8.308060818178440e+01,
    4.243776755094800e+01
  ],
  ""type"": ""Point""
}","{
  ""coordinates"": [
    -83.080608182,
    42.437767551
  ],
  ""type"": ""Point""
}",-83.0806081819999,42.437767551
22617,1303529,7 MILE,M 10 SERVICE,2018-02-13,13,2,2018,20,3,97,9,,2,0,Asphalt,2,1,4,30,5,2,5,4,0,0,0,1,false,false,true,true,true,false,false,false,false,true,false,false,false,false,false,false,false,false,false,false,false,false,-83.18729,42.43082,"{
  ""coordinates"": [
    -8.318728498049980e+01,
    4.243081539349630e+01
  ],
  ""type"": ""Point""
}","{
  ""coordinates"": [
    -83.18728498,
    42.430815393
  ],
  ""type"": ""Point""
}",-83.18728498,42.430815393
22618,1310720,BLUEHILL,LINVILLE,2018-02-13,13,2,2018,2,3,5,9,,,0,,4,1,3,25,2,2,0,5,0,0,0,0,true,false,false,false,true,false,false,false,false,false,false,false,false,false,false,false,false,false,false,false,false,false,-82.9323,42.41331,"{
  ""coordinates"": [
    -8.293230509308870e+01,
    4.241331533660730e+01
  ],
  ""type"": ""Point""
}","{
  ""coordinates"": [
    -82.932305093,
    42.413315337
  ],
  ""type"": ""Point""
}",-82.932305093,42.413315337
22619,1303487,S M 39 SERVICE DRIVE,WARREN,2018-02-13,13,2,2018,17,3,5,9,,4,0,Asphalt,1,1,1,55,4,3,2,5,0,0,0,0,true,false,false,false,false,false,false,false,false,false,false,false,false,false,false,false,false,false,false,false,false,false,-83.21654,42.34351,"{
  ""coordinates"": [
    -8.321653812037890e+01,
    4.234350542866540e+01
  ],
  ""type"": ""Point""
}","{
  ""coordinates"": [
    -83.21653812,
    42.343505429
  ],
  ""type"": ""Point""
}",-83.2165381199999,42.3435054290001
22620,1311409,ANTHONY WAYNE,WARREN,2018-02-13,13,2,2018,16,3,8,9,,4,0,Asphalt,2,1,1,25,4,2,2,5,0,0,0,0,true,false,false,false,false,false,false,false,false,false,false,false,false,false,false,false,false,false,false,false,false,false,-83.07179,42.35576,"{
  ""coordinates"": [
    -8.307179590379860e+01,
    4.235575944207920e+01
  ],
  ""type"": ""Point""
}","{
  ""coordinates"": [
    -83.071795904,
    42.355759442
  ],
  ""type"": ""Point""
}",-83.0717959039999,42.3557594420001
22621,1299859,I96,M39,2018-02-13,13,2,2018,9,3,5,1,,1,0,Concrete,1,1,1,70,3,2,1,5,0,0,0,0,true,false,false,false,false,false,false,false,false,false,false,false,false,false,false,false,false,false,false,false,false,false,-83.22101,42.37839,"{
  ""coordinates"": [
    -8.322100695090170e+01,
    4.237839314365400e+01
  ],
  ""type"": ""Point""
}","{
  ""coordinates"": [
    -83.221006951,
    42.378393144
  ],
  ""type"": ""Point""
}",-83.2210069509999,42.378393144
22622,1304327,LAKEPOINTE,MACK,2018-02-13,13,2,2018,15,3,4,9,,,0,,4,1,1,25,2,2,2,5,0,0,0,0,true,false,false,false,false,false,false,false,false,false,true,false,false,false,false,false,false,false,false,false,false,false,-82.94464,42.38809,"{
  ""coordinates"": [
    -8.294463771136900e+01,
    4.238809392438900e+01
  ],
  ""type"": ""Point""
}","{
  ""coordinates"": [
    -82.944637711,
    42.388093924
  ],
  ""type"": ""Point""
}",-82.944637711,42.388093924
22623,1299897,FORT,VISGER,2018-02-13,13,2,2018,6,3,5,3,,1,0,Asphalt,2,2,4,35,2,2,2,5,0,0,0,0,true,false,false,false,false,false,false,false,false,false,false,false,false,false,false,false,false,false,false,false,false,false,-83.16196,42.26857,"{
  ""coordinates"": [
    -8.316195892202370e+01,
    4.226857272351820e+01
  ],
  ""type"": ""Point""
}","{
  ""coordinates"": [
    -83.161958922,
    42.268572724
  ],
  ""type"": ""Point""
}",-83.1619589219999,42.2685727240001
22624,1303463,MCGRAW,WYOMING,2018-02-13,13,2,2018,9,3,8,9,,4,0,Asphalt,6,1,1,35,2,2,4,5,0,0,0,0,true,false,false,false,false,false,false,false,false,false,false,false,false,false,false,false,false,false,false,false,false,false,-83.15488,42.32998,"{
  ""coordinates"": [
    -8.315488317396890e+01,
    4.232997410010010e+01
  ],
  ""type"": ""Point""
}","{
  ""coordinates"": [
    -83.154883174,
    42.3299741
  ],
  ""type"": ""Point""
}",-83.154883174,42.3299741000001
22625,1301084,ST ANTIONE,HANDCOCK,2018-02-13,13,2,2018,18,3,8,9,,4,0,Asphalt,3,2,4,30,3,2,2,5,0,0,0,0,true,false,false,false,false,false,false,false,false,false,false,false,false,false,false,false,false,false,false,false,false,false,-83.05636,42.35876,"{
  ""coordinates"": [
    -8.305635888961631e+01,
    4.235876552182570e+01
  ],
  ""type"": ""Point""
}","{
  ""coordinates"": [
    -83.05635889,
    42.358765522
  ],
  ""type"": ""Point""
}",-83.05635889,42.3587655220001
22626,1299900,GREENFIELD,WADSWORTH,2018-02-13,13,2,2018,16,3,8,9,,2,0,Asphalt,2,1,4,35,4,2,2,5,0,0,0,0,true,false,false,false,false,false,false,false,false,false,false,false,false,false,false,false,false,false,false,false,false,false,-83.19764,42.37496,"{
  ""coordinates"": [
    -8.319763724109940e+01,
    4.237495816607450e+01
  ],
  ""type"": ""Point""
}","{
  ""coordinates"": [
    -83.197637241,
    42.374958166
  ],
  ""type"": ""Point""
}",-83.1976372409999,42.3749581660001
22627,1304312,MOROSS,EB MOROSS/WB MOROSS,2018-02-13,13,2,2018,14,3,4,9,,2,0,Asphalt,1,1,1,35,6,2,4,5,0,0,0,0,true,false,false,false,false,false,false,false,false,false,false,true,false,false,false,false,false,false,false,false,false,false,-82.91494,42.41859,"{
  ""coordinates"": [
    -8.291493832925300e+01,
    4.241858702241200e+01
  ],
  ""type"": ""Point""
}","{
  ""coordinates"": [
    -82.914938329,
    42.418587022
  ],
  ""type"": ""Point""
}",-82.9149383289999,42.4185870220001