ObjectId,Crash ID,Primary Road,Intersecting Road,Crash Date,Day,Month,Year,Hour,Weekday,Crash Type Code,Highway Classification Code,Community Code,Jurisdiction Code,Lane Departure Type Code,Surface Type,Road Condition,Weather Condition,Lighting Condition,Speed Limit,Lanes,Units,Occupants,Most Severe Injury,Fatal Injuries,Suspected Serious Injuries,Suspected Minor Injuries,Possible Injuries,Property Damage Only,Secondary Crash,Traffic Control,Red Light Run,Hit and Run,Alcohol,Drugs,Unbelted Person,Work Zone,Speeding Driver,Distracted Driver,Driveway,Pedestrian,Elderly Driver,Young Driver,Commercial Vehicle,Emergency Vehicles,Train,School Bus,Motorcycle,Bicycle,Deer,Longitude,Latitude,geom,geog,x,y
22628,1307213,TRUMBULL,WARREN,2018-02-13,13,2,2018,12,3,10,9,,4,0,Asphalt,2,1,1,30,3,2,3,5,0,0,0,0,true,false,false,false,false,false,false,false,false,false,false,true,false,false,false,false,false,false,false,false,false,false,-83.0787,42.35204,"{
  ""coordinates"": [
    -8.307869954153171e+01,
    4.235204412003700e+01
  ],
  ""type"": ""Point""
}","{
  ""coordinates"": [
    -83.078699542,
    42.35204412
  ],
  ""type"": ""Point""
}",-83.078699542,42.3520441200001
22629,1304287,I-75,MCNICHOLS,2018-02-13,13,2,2018,9,3,5,1,,1,0,Asphalt,1,1,1,70,4,3,3,5,0,0,0,0,true,false,false,false,false,false,false,false,false,false,false,false,false,false,false,false,false,false,false,false,false,false,-83.09068,42.42128,"{
  ""coordinates"": [
    -8.309067240207510e+01,
    4.242128314686850e+01
  ],
  ""type"": ""Point""
}","{
  ""coordinates"": [
    -83.090672402,
    42.421283147
  ],
  ""type"": ""Point""
}",-83.0906724019999,42.4212831470001
22630,1307219,ANTOINETTE,2ND,2018-02-13,13,2,2018,18,3,1,9,,4,1,Asphalt,4,5,3,25,2,1,3,5,0,0,0,0,true,false,false,false,false,false,false,false,false,false,false,false,false,false,false,false,false,false,false,false,false,false,-83.07289,42.36256,"{
  ""coordinates"": [
    -8.307289233801480e+01,
    4.236256021110180e+01
  ],
  ""type"": ""Point""
}","{
  ""coordinates"": [
    -83.072892338,
    42.362560211
  ],
  ""type"": ""Point""
}",-83.072892338,42.3625602110001
22631,1299902,TELEGRAPH,7 MILE,2018-02-13,13,2,2018,8,3,8,2,,1,0,Asphalt,1,1,1,45,4,2,2,5,0,0,0,0,true,false,false,false,false,false,false,false,false,false,false,false,false,false,false,false,false,false,false,false,false,false,-83.27793,42.42743,"{
  ""coordinates"": [
    -8.327793272024810e+01,
    4.242742730373640e+01
  ],
  ""type"": ""Point""
}","{
  ""coordinates"": [
    -83.27793272,
    42.427427304
  ],
  ""type"": ""Point""
}",-83.27793272,42.427427304
22632,1302198,JEFFRIES,GRAND RIVER,2018-02-13,13,2,2018,8,3,5,1,,1,0,Asphalt,1,1,4,30,4,2,2,4,0,0,0,2,false,false,false,false,false,true,false,false,false,false,false,false,false,false,false,false,false,false,false,false,false,false,-83.17737,42.38354,"{
  ""coordinates"": [
    -8.317736632222370e+01,
    4.238353900208830e+01
  ],
  ""type"": ""Point""
}","{
  ""coordinates"": [
    -83.177366322,
    42.383539002
  ],
  ""type"": ""Point""
}",-83.177366322,42.3835390020001
22633,1302226,SOUTHFIELD SERVICE DRIVE,TROJAN,2018-02-13,13,2,2018,9,3,5,9,,4,0,Asphalt,3,1,1,30,2,2,3,5,0,0,0,0,true,false,false,false,false,false,false,false,false,false,false,false,false,false,false,true,false,false,false,false,false,false,-83.21947,42.44079,"{
  ""coordinates"": [
    -8.321946991954080e+01,
    4.244079363059330e+01
  ],
  ""type"": ""Point""
}","{
  ""coordinates"": [
    -83.21946992,
    42.440793631
  ],
  ""type"": ""Point""
}",-83.2194699199999,42.4407936310001
22634,1299906,JOY,GREENFIELD,2018-02-13,13,2,2018,13,3,8,9,,4,0,Asphalt,2,1,1,35,2,2,3,5,0,0,0,0,true,false,false,false,false,false,false,false,false,false,false,false,false,true,false,false,false,false,false,false,false,false,-83.19697,42.35813,"{
  ""coordinates"": [
    -8.319696592417210e+01,
    4.235812985525080e+01
  ],
  ""type"": ""Point""
}","{
  ""coordinates"": [
    -83.196965924,
    42.358129855
  ],
  ""type"": ""Point""
}",-83.196965924,42.3581298550001
22635,1299884,WYOMING,LYNDON,2018-02-13,13,2,2018,14,3,8,9,,4,0,Asphalt,98,1,1,30,5,2,2,5,0,0,0,0,true,false,false,false,false,false,false,false,false,false,false,true,false,false,false,false,false,false,false,false,false,false,-83.15938,42.39592,"{
  ""coordinates"": [
    -8.315938106277549e+01,
    4.239592087701700e+01
  ],
  ""type"": ""Point""
}","{
  ""coordinates"": [
    -83.159381063,
    42.395920877
  ],
  ""type"": ""Point""
}",-83.159381063,42.395920877
22636,1301087,CADIEUX,HARPER,2018-02-13,13,2,2018,23,3,5,9,,4,0,Asphalt,4,1,4,30,4,2,3,5,0,0,0,0,true,false,false,false,false,false,false,false,false,false,false,false,false,false,false,false,false,false,false,false,false,false,-82.93663,42.41642,"{
  ""coordinates"": [
    -8.293662815951291e+01,
    4.241642288211690e+01
  ],
  ""type"": ""Point""
}","{
  ""coordinates"": [
    -82.93662816,
    42.416422882
  ],
  ""type"": ""Point""
}",-82.9366281599999,42.4164228820001
22637,1317171,M39,FORD,2018-02-13,13,2,2018,11,3,8,3,,1,0,Asphalt,1,1,1,55,4,2,1,5,0,0,0,0,true,false,false,false,true,false,false,false,false,false,false,false,false,false,false,false,false,false,false,false,false,false,-83.21594,42.33618,"{
  ""coordinates"": [
    -8.321594031592390e+01,
    4.233617679866970e+01
  ],
  ""type"": ""Point""
}","{
  ""coordinates"": [
    -83.215940316,
    42.336176799
  ],
  ""type"": ""Point""
}",-83.2159403159999,42.336176799
22638,1299870,I-75,WARREN,2018-02-13,13,2,2018,13,3,8,1,,1,0,Asphalt,1,1,1,55,4,2,2,4,0,0,0,1,false,false,false,false,false,false,false,false,false,false,true,false,false,true,false,false,false,false,false,false,false,false,-83.05337,42.35954,"{
  ""coordinates"": [
    -8.305336717063599e+01,
    4.235953542482940e+01
  ],
  ""type"": ""Point""
}","{
  ""coordinates"": [
    -83.053367171,
    42.359535425
  ],
  ""type"": ""Point""
}",-83.0533671709999,42.359535425
22639,1299922,MARK TWAIN,VASSAR,2018-02-13,13,2,2018,17,3,98,9,,,0,,4,1,98,25,2,2,0,5,0,0,0,0,true,false,false,false,true,false,false,false,false,false,false,false,false,false,false,false,false,false,false,false,false,false,-83.18779,42.43512,"{
  ""coordinates"": [
    -8.318779210233450e+01,
    4.243511537558950e+01
  ],
  ""type"": ""Point""
}","{
  ""coordinates"": [
    -83.187792102,
    42.435115376
  ],
  ""type"": ""Point""
}",-83.1877921019999,42.4351153760001
22640,1303427,I-96,TELEGRAPH,2018-02-13,13,2,2018,18,3,5,1,,1,0,Concrete,1,1,4,70,5,3,3,5,0,0,0,0,true,false,false,false,false,false,false,false,false,false,false,false,false,false,true,false,false,false,false,false,false,false,-83.26629,42.38578,"{
  ""coordinates"": [
    -8.326628533749860e+01,
    4.238578173370050e+01
  ],
  ""type"": ""Point""
}","{
  ""coordinates"": [
    -83.266285337,
    42.385781734
  ],
  ""type"": ""Point""
}",-83.2662853369999,42.385781734
22641,1325946,E I 94,WYOMING,2018-02-13,13,2,2018,9,3,5,1,,1,0,Asphalt,1,1,1,70,3,2,2,5,0,0,0,0,true,false,false,false,false,false,false,false,false,false,false,false,false,false,false,false,false,false,false,false,false,false,-83.15638,42.3288,"{
  ""coordinates"": [
    -8.315637775641270e+01,
    4.232880150998400e+01
  ],
  ""type"": ""Point""
}","{
  ""coordinates"": [
    -83.156377756,
    42.32880151
  ],
  ""type"": ""Point""
}",-83.156377756,42.3288015100001
22642,1303447,S I 75,PIQUETTE,2018-02-13,13,2,2018,15,3,1,1,,1,1,Asphalt,3,2,1,55,3,1,1,5,0,0,0,0,true,false,false,false,false,false,false,false,false,false,false,false,false,false,false,false,false,false,false,false,false,false,-83.05931,42.37097,"{
  ""coordinates"": [
    -8.305931360281519e+01,
    4.237097117361160e+01
  ],
  ""type"": ""Point""
}","{
  ""coordinates"": [
    -83.059313603,
    42.370971174
  ],
  ""type"": ""Point""
}",-83.059313603,42.370971174
22643,1299931,CURTIS,GRIGGS,2018-02-13,13,2,2018,10,3,4,9,,4,0,Asphalt,1,1,1,,2,2,1,4,0,0,0,1,false,false,true,false,true,false,false,false,false,false,false,false,false,false,false,false,false,false,false,false,false,false,-83.16379,42.42412,"{
  ""coordinates"": [
    -8.316378411396860e+01,
    4.242411934799780e+01
  ],
  ""type"": ""Point""
}","{
  ""coordinates"": [
    -83.163784114,
    42.424119348
  ],
  ""type"": ""Point""
}",-83.163784114,42.424119348
22644,1311359,I 96,TELEGRAPH,2018-02-12,12,2,2018,7,2,5,1,,1,0,Asphalt,3,1,1,70,4,2,2,5,0,0,0,0,true,false,false,false,false,false,false,false,false,false,false,false,false,false,true,false,false,false,false,false,false,false,-83.2702,42.3857,"{
  ""coordinates"": [
    -8.327019129272379e+01,
    4.238569616833610e+01
  ],
  ""type"": ""Point""
}","{
  ""coordinates"": [
    -83.270191293,
    42.385696168
  ],
  ""type"": ""Point""
}",-83.270191293,42.385696168
22645,1299933,KELLY,CARLISLE,2018-02-12,12,2,2018,17,2,8,9,,2,0,Asphalt,2,1,1,25,2,2,2,5,0,0,0,0,true,false,false,false,false,false,false,false,false,false,false,false,false,false,false,false,false,false,false,false,false,false,-82.94203,42.44889,"{
  ""coordinates"": [
    -8.294203011088680e+01,
    4.244889534105610e+01
  ],
  ""type"": ""Point""
}","{
  ""coordinates"": [
    -82.942030111,
    42.448895341
  ],
  ""type"": ""Point""
}",-82.942030111,42.448895341
22646,1298841,HARPER,WOODHALL,2018-02-12,12,2,2018,16,2,4,9,,4,0,Asphalt,2,1,1,30,2,2,4,5,0,0,0,0,true,false,false,false,false,false,false,false,false,false,false,false,false,false,false,false,false,false,false,false,false,false,-82.93324,42.41838,"{
  ""coordinates"": [
    -8.293324586937190e+01,
    4.241837747927360e+01
  ],
  ""type"": ""Point""
}","{
  ""coordinates"": [
    -82.933245869,
    42.418377479
  ],
  ""type"": ""Point""
}",-82.933245869,42.4183774790001
22647,1301074,CHRYSLER,GRAND,2018-02-12,12,2,2018,11,2,8,1,,1,0,Asphalt,6,1,1,25,2,2,3,5,0,0,0,0,true,false,false,false,false,false,false,false,false,false,false,false,false,false,false,true,false,false,false,false,false,false,-83.0605,42.3748,"{
  ""coordinates"": [
    -8.306050397734400e+01,
    4.237479831992400e+01
  ],
  ""type"": ""Point""
}","{
  ""coordinates"": [
    -83.060503977,
    42.37479832
  ],
  ""type"": ""Point""
}",-83.0605039769999,42.37479832
22648,1298758,I 96,GREENFIELD,2018-02-12,12,2,2018,18,2,5,1,,1,0,Concrete,1,2,5,55,3,2,1,5,0,0,0,0,true,false,false,false,false,false,false,false,false,false,false,false,false,false,true,false,false,false,false,false,false,false,-83.19897,42.37906,"{
  ""coordinates"": [
    -8.319897515507860e+01,
    4.237906000892880e+01
  ],
  ""type"": ""Point""
}","{
  ""coordinates"": [
    -83.198975155,
    42.379060009
  ],
  ""type"": ""Point""
}",-83.198975155,42.3790600090001
22649,1298767,I 96,TELEGRAPH,2018-02-12,12,2,2018,8,2,1,1,,1,1,Concrete,3,1,1,70,5,1,1,5,0,0,0,0,true,false,false,false,false,false,false,false,false,true,false,false,false,false,false,false,false,false,false,false,false,false,-83.26629,42.38578,"{
  ""coordinates"": [
    -8.326628533749860e+01,
    4.238578173370050e+01
  ],
  ""type"": ""Point""
}","{
  ""coordinates"": [
    -83.266285337,
    42.385781734
  ],
  ""type"": ""Point""
}",-83.2662853369999,42.385781734
22650,1301113,MCNICHOLS,LIVERNOIS,2018-02-12,12,2,2018,13,2,4,9,,4,0,Asphalt,2,2,1,30,2,2,2,5,0,0,0,0,true,false,true,true,false,false,false,false,false,false,false,false,false,false,false,false,false,false,false,false,false,false,-83.14072,42.41715,"{
  ""coordinates"": [
    -8.314072039029089e+01,
    4.241714900732960e+01
  ],
  ""type"": ""Point""
}","{
  ""coordinates"": [
    -83.14072039,
    42.417149007
  ],
  ""type"": ""Point""
}",-83.14072039,42.417149007
22651,1304285,RAMP 215B,N/B M-0,2018-02-12,12,2,2018,11,2,8,1,,1,0,Concrete,3,1,1,30,1,2,2,5,0,0,0,0,true,false,false,false,false,false,false,false,false,false,false,false,false,false,false,false,false,false,false,false,false,false,-83.07729,42.36087,"{
  ""coordinates"": [
    -8.307728896830010e+01,
    4.236086495390770e+01
  ],
  ""type"": ""Point""
}","{
  ""coordinates"": [
    -83.077288968,
    42.360864954
  ],
  ""type"": ""Point""
}",-83.0772889679999,42.3608649540001
22652,1299769,I-75,8 MILE,2018-02-12,12,2,2018,15,2,8,1,,1,0,Asphalt,2,1,1,70,3,2,2,5,0,0,0,0,true,false,false,false,false,false,false,false,false,false,false,false,false,false,false,false,false,false,false,false,false,false,-83.09468,42.44653,"{
  ""coordinates"": [
    -8.309467822966610e+01,
    4.244652547985740e+01
  ],
  ""type"": ""Point""
}","{
  ""coordinates"": [
    -83.09467823,
    42.44652548
  ],
  ""type"": ""Point""
}",-83.0946782299999,42.44652548
22653,1298803,TIREMAN,EVERGREEN,2018-02-12,12,2,2018,9,2,4,9,,7,0,Asphalt,3,1,1,30,4,2,2,4,0,0,0,1,false,false,false,false,false,false,false,false,false,false,false,false,false,false,true,false,false,false,false,false,false,false,-83.23574,42.35033,"{
  ""coordinates"": [
    -8.323574039881100e+01,
    4.235033210509170e+01
  ],
  ""type"": ""Point""
}","{
  ""coordinates"": [
    -83.235740399,
    42.350332105
  ],
  ""type"": ""Point""
}",-83.235740399,42.3503321050001
22654,1298806,CLARK,MICHIGAN,2018-02-12,12,2,2018,6,2,1,2,,4,1,Asphalt,3,5,2,35,2,1,1,5,0,0,0,0,true,false,false,false,false,false,false,false,false,false,false,false,false,false,false,true,false,false,false,false,false,false,-83.10233,42.33126,"{
  ""coordinates"": [
    -8.310232356749120e+01,
    4.233126487378080e+01
  ],
  ""type"": ""Point""
}","{
  ""coordinates"": [
    -83.102323567,
    42.331264874
  ],
  ""type"": ""Point""
}",-83.102323567,42.3312648740001
22655,1302174,W I 94,WARREN,2018-02-12,12,2,2018,12,2,5,1,,1,0,Asphalt,2,1,1,55,3,2,1,5,0,0,0,0,true,false,false,false,true,false,false,false,false,false,false,false,false,false,false,false,false,false,false,false,false,false,-83.11359,42.34457,"{
  ""coordinates"": [
    -8.311359510845860e+01,
    4.234456995890680e+01
  ],
  ""type"": ""Point""
}","{
  ""coordinates"": [
    -83.113595108,
    42.344569959
  ],
  ""type"": ""Point""
}",-83.113595108,42.3445699590001
22656,1330678,N I 75,WARREN,2018-02-12,12,2,2018,2,2,1,1,,1,1,Asphalt,3,1,4,55,3,1,2,4,0,0,0,2,false,false,false,false,false,false,false,false,false,false,false,false,false,false,false,false,false,false,false,false,false,false,-83.05415,42.36069,"{
  ""coordinates"": [
    -8.305414383463609e+01,
    4.236068946803770e+01
  ],
  ""type"": ""Point""
}","{
  ""coordinates"": [
    -83.054143835,
    42.360689468
  ],
  ""type"": ""Point""
}",-83.0541438349999,42.360689468
22657,1311360,I 96,EVERGREEN,2018-02-12,12,2,2018,8,2,5,1,,1,0,Concrete,3,1,1,70,3,3,3,4,0,0,0,1,false,false,false,false,false,false,false,false,false,true,false,false,false,false,false,false,false,false,false,false,false,false,-83.23174,42.37821,"{
  ""coordinates"": [
    -8.323173790809101e+01,
    4.237820753673490e+01
  ],
  ""type"": ""Point""
}","{
  ""coordinates"": [
    -83.231737908,
    42.378207537
  ],
  ""type"": ""Point""
}",-83.231737908,42.378207537
22658,1302217,GRATIOT,CHENE,2018-02-12,12,2,2018,8,2,5,3,,1,0,Asphalt,3,2,1,35,7,2,5,5,0,0,0,0,true,false,false,false,false,false,false,false,false,false,false,false,false,false,false,false,false,false,false,false,false,false,-83.03221,42.35225,"{
  ""coordinates"": [
    -8.303220756242121e+01,
    4.235224961000740e+01
  ],
  ""type"": ""Point""
}","{
  ""coordinates"": [
    -83.032207562,
    42.35224961
  ],
  ""type"": ""Point""
}",-83.0322075619999,42.3522496100001
22659,1307191,7 MILE,FENELON,2018-02-12,12,2,2018,13,2,5,9,,4,0,Asphalt,4,5,1,30,4,3,6,5,0,0,0,0,true,false,false,false,false,false,false,false,false,false,true,false,false,false,false,false,false,false,false,false,false,false,-83.05362,42.43334,"{
  ""coordinates"": [
    -8.305362200973551e+01,
    4.243333729123640e+01
  ],
  ""type"": ""Point""
}","{
  ""coordinates"": [
    -83.05362201,
    42.433337291
  ],
  ""type"": ""Point""
}",-83.05362201,42.433337291
22660,1299856,I-96,BURT,2018-02-12,12,2,2018,9,2,8,1,,1,0,Concrete,3,1,1,70,3,3,3,5,0,0,0,0,true,false,false,false,false,false,false,false,false,false,true,false,false,false,false,false,false,false,false,false,false,false,-83.24464,42.38551,"{
  ""coordinates"": [
    -8.324464409717180e+01,
    4.238551284681370e+01
  ],
  ""type"": ""Point""
}","{
  ""coordinates"": [
    -83.244644097,
    42.385512847
  ],
  ""type"": ""Point""
}",-83.2446440969999,42.385512847
22661,1345587,N I 75,DAVISON,2018-02-12,12,2,2018,19,2,97,1,,1,0,Concrete,4,5,4,35,4,3,1,4,0,0,0,1,false,false,false,false,true,false,false,false,false,false,false,false,false,false,false,false,false,false,false,false,false,false,-83.07923,42.40865,"{
  ""coordinates"": [
    -8.307923416483889e+01,
    4.240865030370970e+01
  ],
  ""type"": ""Point""
}","{
  ""coordinates"": [
    -83.079234165,
    42.408650304
  ],
  ""type"": ""Point""
}",-83.0792341649999,42.408650304
22662,1299912,SALEM,MARGARETA,2018-02-12,12,2,2018,22,2,4,9,,,0,,4,5,4,25,2,2,2,5,0,0,0,0,true,false,false,false,false,false,false,false,false,false,false,false,false,false,false,false,false,false,false,false,false,false,-83.28563,42.42503,"{
  ""coordinates"": [
    -8.328562806007810e+01,
    4.242502719833880e+01
  ],
  ""type"": ""Point""
}","{
  ""coordinates"": [
    -83.28562806,
    42.425027198
  ],
  ""type"": ""Point""
}",-83.28562806,42.4250271980001
22663,1299865,I-75,MCNICHOLS,2018-02-12,12,2,2018,15,2,8,1,,1,0,Asphalt,2,1,1,70,4,2,2,5,0,0,0,0,true,false,false,false,false,false,false,false,false,false,false,false,false,true,false,false,false,false,false,false,false,false,-83.08662,42.41685,"{
  ""coordinates"": [
    -8.308662577676600e+01,
    4.241685119747700e+01
  ],
  ""type"": ""Point""
}","{
  ""coordinates"": [
    -83.086625777,
    42.416851197
  ],
  ""type"": ""Point""
}",-83.0866257769999,42.416851197
22664,1303458,LIVERNOIS,EDWARD,2018-02-12,12,2,2018,11,2,8,9,,4,0,Asphalt,4,1,1,,3,2,1,5,0,0,0,0,true,false,false,false,true,false,false,false,false,false,false,false,false,true,false,false,false,false,false,false,false,false,-83.11986,42.33045,"{
  ""coordinates"": [
    -8.311986029561000e+01,
    4.233044990813690e+01
  ],
  ""type"": ""Point""
}","{
  ""coordinates"": [
    -83.119860296,
    42.330449908
  ],
  ""type"": ""Point""
}",-83.119860296,42.330449908
22665,1301071,GRANDRIVER,FARMER,2018-02-12,12,2,2018,18,2,1,9,,4,0,Asphalt,4,2,4,25,1,2,1,5,0,0,0,0,true,false,false,false,false,false,false,false,false,false,false,false,true,true,false,false,false,false,false,false,false,false,-83.04762,42.33463,"{
  ""coordinates"": [
    -8.304761680511029e+01,
    4.233462604572560e+01
  ],
  ""type"": ""Point""
}","{
  ""coordinates"": [
    -83.047616805,
    42.334626046
  ],
  ""type"": ""Point""
}",-83.047616805,42.334626046
22666,1304329,RUTHERFORD,WARREN,2018-02-12,12,2,2018,13,2,10,9,,,0,,4,1,1,25,2,2,0,5,0,0,0,0,true,false,false,false,true,false,false,false,false,false,false,true,false,false,false,false,false,false,false,false,false,false,-83.20116,42.34362,"{
  ""coordinates"": [
    -8.320115970031580e+01,
    4.234362589171220e+01
  ],
  ""type"": ""Point""
}","{
  ""coordinates"": [
    -83.2011597,
    42.343625892
  ],
  ""type"": ""Point""
}",-83.2011596999999,42.343625892
22667,1307222,RAMP 119A,S M 10 SERVICE DRIVE,2018-02-12,12,2,2018,18,2,97,3,,1,1,Asphalt,6,2,4,25,3,1,1,5,0,0,0,0,true,false,false,false,false,false,false,false,false,false,false,false,false,false,false,true,false,false,false,false,false,false,-83.07294,42.35202,"{
  ""coordinates"": [
    -8.307293719875361e+01,
    4.235201939233430e+01
  ],
  ""type"": ""Point""
}","{
  ""coordinates"": [
    -83.072937199,
    42.352019392
  ],
  ""type"": ""Point""
}",-83.072937199,42.352019392
22668,1338700,GRATIOT,7 MILE,2018-02-12,12,2,2018,20,2,1,3,,1,0,Asphalt,1,1,4,35,3,2,0,2,0,1,0,0,false,false,false,false,true,false,false,false,false,false,false,false,true,false,false,false,false,false,false,false,false,false,-82.9777,42.43508,"{
  ""coordinates"": [
    -8.297769594870300e+01,
    4.243507744376800e+01
  ],
  ""type"": ""Point""
}","{
  ""coordinates"": [
    -82.977695949,
    42.435077444
  ],
  ""type"": ""Point""
}",-82.977695949,42.4350774440001
22669,1298816,OUTER,CHANDLER PARK,2018-02-12,12,2,2018,10,2,4,9,,2,0,Asphalt,4,5,1,35,4,2,2,3,0,0,3,0,false,false,false,false,false,false,false,false,false,false,false,false,false,false,false,false,false,false,false,false,false,false,-82.93983,42.40865,"{
  ""coordinates"": [
    -8.293982439663060e+01,
    4.240865497214190e+01
  ],
  ""type"": ""Point""
}","{
  ""coordinates"": [
    -82.939824397,
    42.408654972
  ],
  ""type"": ""Point""
}",-82.9398243969999,42.4086549720001
22670,1299924,7 MILE,MONICA,2018-02-12,12,2,2018,16,2,8,9,,2,0,Asphalt,4,1,1,35,4,2,3,4,0,0,0,2,false,false,false,false,false,false,false,false,false,false,false,false,false,true,false,false,false,false,false,false,false,false,-83.14475,42.43154,"{
  ""coordinates"": [
    -8.314475492623509e+01,
    4.243153753835310e+01
  ],
  ""type"": ""Point""
}","{
  ""coordinates"": [
    -83.144754926,
    42.431537538
  ],
  ""type"": ""Point""
}",-83.144754926,42.431537538
22671,1303454,VISGER,BEATRICE,2018-02-12,12,2,2018,8,2,5,9,,4,0,Concrete,4,1,1,30,4,2,1,5,0,0,0,0,true,false,false,false,true,false,false,false,false,false,false,false,false,false,false,false,false,false,false,false,false,false,-83.15659,42.26606,"{
  ""coordinates"": [
    -8.315659198640719e+01,
    4.226606556469350e+01
  ],
  ""type"": ""Point""
}","{
  ""coordinates"": [
    -83.156591986,
    42.266065565
  ],
  ""type"": ""Point""
}",-83.156591986,42.2660655650001
22672,1303509,E I 94,RAMP 220D,2018-02-12,12,2,2018,9,2,1,1,,1,1,Asphalt,4,5,2,55,3,1,1,5,0,0,0,0,true,false,false,false,false,false,false,false,false,false,false,false,false,false,false,false,false,false,false,false,false,false,-82.98845,42.39594,"{
  ""coordinates"": [
    -8.298844820601509e+01,
    4.239593497352660e+01
  ],
  ""type"": ""Point""
}","{
  ""coordinates"": [
    -82.988448206,
    42.395934974
  ],
  ""type"": ""Point""
}",-82.988448206,42.3959349740001
22673,1304286,M-8,LIVERNOIS,2018-02-12,12,2,2018,13,2,8,3,,1,0,Concrete,3,1,1,55,3,2,1,5,0,0,0,0,true,false,false,false,true,false,false,false,false,false,false,false,false,false,false,false,false,false,false,false,false,false,-83.1485,42.38474,"{
  ""coordinates"": [
    -8.314850090223720e+01,
    4.238474438006140e+01
  ],
  ""type"": ""Point""
}","{
  ""coordinates"": [
    -83.148500902,
    42.38474438
  ],
  ""type"": ""Point""
}",-83.148500902,42.38474438
22674,1299890,LIVERNOIS,TOLEDO,2018-02-12,12,2,2018,21,2,1,9,,4,1,Asphalt,3,5,4,35,2,1,1,5,0,0,0,0,true,false,false,false,false,false,false,false,false,false,false,false,false,false,false,false,false,false,false,false,false,false,-83.11093,42.31818,"{
  ""coordinates"": [
    -8.311093265565380e+01,
    4.231818289201640e+01
  ],
  ""type"": ""Point""
}","{
  ""coordinates"": [
    -83.110932656,
    42.318182892
  ],
  ""type"": ""Point""
}",-83.110932656,42.318182892
22675,1298826,CHARLES,SPARLING,2018-02-12,12,2,2018,4,2,10,9,,4,0,Asphalt,4,1,1,25,2,2,1,5,0,0,0,0,true,false,false,false,false,false,false,false,false,false,false,false,false,false,false,true,false,false,false,false,false,false,-83.04551,42.41182,"{
  ""coordinates"": [
    -8.304550726076070e+01,
    4.241182398537380e+01
  ],
  ""type"": ""Point""
}","{
  ""coordinates"": [
    -83.045507261,
    42.411823985
  ],
  ""type"": ""Point""
}",-83.045507261,42.4118239850001
22676,1302243,NEVADA,CONSOLIDATED RAIL CORPORATION,2018-02-12,12,2,2018,16,2,4,9,,4,0,Asphalt,2,1,1,30,4,2,3,5,0,0,0,0,true,false,true,true,false,false,false,false,false,false,false,false,false,false,false,false,false,false,false,false,false,false,-83.03521,42.42649,"{
  ""coordinates"": [
    -8.303521256916380e+01,
    4.242648686384920e+01
  ],
  ""type"": ""Point""
}","{
  ""coordinates"": [
    -83.035212569,
    42.426486864
  ],
  ""type"": ""Point""
}",-83.035212569,42.426486864
22677,1299744,I-75,CLAY,2018-02-12,12,2,2018,16,2,5,1,,1,0,Asphalt,2,1,1,55,4,2,1,5,0,0,0,0,true,false,false,false,false,false,false,false,false,false,false,false,false,false,false,false,false,false,false,false,false,false,-83.06245,42.37813,"{
  ""coordinates"": [
    -8.306244558070480e+01,
    4.237813186749260e+01
  ],
  ""type"": ""Point""
}","{
  ""coordinates"": [
    -83.062445581,
    42.378131867
  ],
  ""type"": ""Point""
}",-83.062445581,42.378131867
22678,1299905,I 75,DAVISON,2018-02-12,12,2,2018,12,2,5,1,,1,0,Asphalt,3,1,1,55,2,2,2,4,0,0,0,1,false,false,false,false,false,false,false,false,false,false,false,false,false,false,false,false,false,false,false,false,false,false,-83.07381,42.40509,"{
  ""coordinates"": [
    -8.307380703940279e+01,
    4.240509371392990e+01
  ],
  ""type"": ""Point""
}","{
  ""coordinates"": [
    -83.073807039,
    42.405093714
  ],
  ""type"": ""Point""
}",-83.073807039,42.405093714
22679,1299770,I-94,LIVERNOIS,2018-02-12,12,2,2018,16,2,8,1,,1,0,Asphalt,2,1,1,55,3,2,1,5,0,0,0,0,true,false,false,false,true,false,false,false,false,false,false,false,false,false,false,false,false,false,false,false,false,false,-83.1246,42.33758,"{
  ""coordinates"": [
    -8.312460527297530e+01,
    4.233757644162620e+01
  ],
  ""type"": ""Point""
}","{
  ""coordinates"": [
    -83.124605273,
    42.337576442
  ],
  ""type"": ""Point""
}",-83.124605273,42.3375764420001
22680,1298805,W I 96,SOUTHFIELD SERVICE DRIVE,2018-02-12,12,2,2018,8,2,5,1,,1,0,Concrete,3,5,1,70,3,2,3,5,0,0,0,0,true,false,false,false,false,false,false,false,false,false,false,false,false,false,false,false,false,false,false,false,false,false,-83.21677,42.3788,"{
  ""coordinates"": [
    -8.321676791651980e+01,
    4.237880307094280e+01
  ],
  ""type"": ""Point""
}","{
  ""coordinates"": [
    -83.216767917,
    42.378803071
  ],
  ""type"": ""Point""
}",-83.216767917,42.378803071
22681,1299860,W I 96,W I 96 CD,2018-02-12,12,2,2018,10,2,1,1,,1,1,Concrete,3,1,1,70,3,1,2,4,0,0,0,1,false,false,false,false,false,false,false,true,false,true,true,false,false,true,false,false,false,false,false,false,false,false,-83.25132,42.38555,"{
  ""coordinates"": [
    -8.325131953441820e+01,
    4.238554770318040e+01
  ],
  ""type"": ""Point""
}","{
  ""coordinates"": [
    -83.251319534,
    42.385547703
  ],
  ""type"": ""Point""
}",-83.2513195339999,42.385547703
22682,1299834,N M 39,RAMP 008B,2018-02-12,12,2,2018,10,2,8,3,,1,0,Concrete,3,1,1,55,3,2,1,5,0,0,0,0,true,false,false,false,true,false,false,false,false,false,false,false,false,false,false,false,false,false,false,false,false,false,-83.21664,42.3737,"{
  ""coordinates"": [
    -8.321664553036040e+01,
    4.237370152377870e+01
  ],
  ""type"": ""Point""
}","{
  ""coordinates"": [
    -83.21664553,
    42.373701524
  ],
  ""type"": ""Point""
}",-83.2166455299999,42.3737015240001