ObjectId,Crash ID,Primary Road,Intersecting Road,Crash Date,Day,Month,Year,Hour,Weekday,Crash Type Code,Highway Classification Code,Community Code,Jurisdiction Code,Lane Departure Type Code,Surface Type,Road Condition,Weather Condition,Lighting Condition,Speed Limit,Lanes,Units,Occupants,Most Severe Injury,Fatal Injuries,Suspected Serious Injuries,Suspected Minor Injuries,Possible Injuries,Property Damage Only,Secondary Crash,Traffic Control,Red Light Run,Hit and Run,Alcohol,Drugs,Unbelted Person,Work Zone,Speeding Driver,Distracted Driver,Driveway,Pedestrian,Elderly Driver,Young Driver,Commercial Vehicle,Emergency Vehicles,Train,School Bus,Motorcycle,Bicycle,Deer,Longitude,Latitude,geom,geog,x,y
22900,1298799,UNIVERSITY,BERDEN,2018-02-10,10,2,2018,16,7,5,9,,,0,,3,5,1,25,2,2,3,5,0,0,0,0,true,false,false,false,false,false,false,false,false,false,false,false,false,false,false,false,false,false,false,false,false,false,-82.92781,42.41695,"{
  ""coordinates"": [
    -8.292781108272760e+01,
    4.241695025652800e+01
  ],
  ""type"": ""Point""
}","{
  ""coordinates"": [
    -82.927811083,
    42.416950257
  ],
  ""type"": ""Point""
}",-82.9278110829999,42.4169502570001
22901,1309662,LASHER,ORCHARD,2018-02-10,10,2,2018,15,7,7,9,,2,0,Asphalt,3,5,1,35,2,2,2,5,0,0,0,0,true,false,false,false,false,false,false,false,false,false,false,false,false,false,false,true,false,false,false,false,false,false,-83.2578,42.41806,"{
  ""coordinates"": [
    -8.325779856391669e+01,
    4.241806225603150e+01
  ],
  ""type"": ""Point""
}","{
  ""coordinates"": [
    -83.257798564,
    42.418062256
  ],
  ""type"": ""Point""
}",-83.257798564,42.418062256
22902,1296018,S M 10,RAMP 109E,2018-02-10,10,2,2018,0,7,1,3,,1,1,Concrete,4,5,4,55,1,1,4,5,0,0,0,0,true,false,false,false,false,false,false,false,false,true,false,false,false,false,false,false,false,false,false,false,false,false,-83.11111,42.39847,"{
  ""coordinates"": [
    -8.311111607583200e+01,
    4.239847317639370e+01
  ],
  ""type"": ""Point""
}","{
  ""coordinates"": [
    -83.111116076,
    42.398473176
  ],
  ""type"": ""Point""
}",-83.111116076,42.398473176
22903,1340959,W/B I-94,WARREN,2018-02-10,10,2,2018,21,7,98,1,,1,0,Asphalt,6,7,4,55,3,2,1,5,0,0,0,0,true,true,false,false,true,false,false,false,false,false,false,false,false,false,false,false,false,false,false,false,false,false,-83.11335,42.34478,"{
  ""coordinates"": [
    -8.311335173962300e+01,
    4.234477785967250e+01
  ],
  ""type"": ""Point""
}","{
  ""coordinates"": [
    -83.11335174,
    42.34477786
  ],
  ""type"": ""Point""
}",-83.11335174,42.3447778600001
22904,1330677,RAMP 105D,JAMES COUZENS,2018-02-10,10,2,2018,20,7,1,3,,1,1,Concrete,4,5,4,55,3,1,2,5,0,0,0,0,true,false,false,false,false,true,false,false,false,false,false,false,false,false,false,false,false,false,false,false,false,false,-83.15793,42.40504,"{
  ""coordinates"": [
    -8.315792697070360e+01,
    4.240504425949070e+01
  ],
  ""type"": ""Point""
}","{
  ""coordinates"": [
    -83.157926971,
    42.405044259
  ],
  ""type"": ""Point""
}",-83.1579269709999,42.4050442590001
22905,1309592,N M 10,WEBB,2018-02-10,10,2,2018,15,7,1,3,,1,1,Concrete,2,1,1,55,3,1,1,5,0,0,0,0,true,false,false,false,false,false,false,false,false,true,false,false,false,false,false,false,false,false,false,false,false,false,-83.1016,42.38707,"{
  ""coordinates"": [
    -8.310160437616651e+01,
    4.238707509482460e+01
  ],
  ""type"": ""Point""
}","{
  ""coordinates"": [
    -83.101604376,
    42.387075095
  ],
  ""type"": ""Point""
}",-83.101604376,42.3870750950001
22906,1296075,JEFFRIES,GRAND,2018-02-10,10,2,2018,15,7,8,9,,4,0,Asphalt,4,5,1,55,3,2,4,5,0,0,0,0,true,false,false,false,false,false,false,false,false,false,false,false,false,false,false,false,false,false,false,false,false,false,-83.09068,42.33551,"{
  ""coordinates"": [
    -8.309067482978810e+01,
    4.233551087573160e+01
  ],
  ""type"": ""Point""
}","{
  ""coordinates"": [
    -83.09067483,
    42.335510876
  ],
  ""type"": ""Point""
}",-83.09067483,42.3355108760001
22907,1298830,SEVEN MILE,AVON,2018-02-10,10,2,2018,11,7,2,9,,2,2,Asphalt,3,1,1,25,4,2,2,5,0,0,0,0,true,false,false,false,false,false,false,false,false,false,false,false,false,false,false,false,false,false,false,false,false,false,-83.22659,42.42988,"{
  ""coordinates"": [
    -8.322658378707210e+01,
    4.242988288627730e+01
  ],
  ""type"": ""Point""
}","{
  ""coordinates"": [
    -83.226583787,
    42.429882886
  ],
  ""type"": ""Point""
}",-83.226583787,42.429882886
22908,1305136,DAVISON,LINWOOD,2018-02-10,10,2,2018,10,7,5,3,,1,0,Asphalt,4,1,1,30,6,2,2,5,0,0,0,0,true,false,false,false,false,false,false,false,false,false,false,false,false,false,false,false,false,false,false,false,false,false,-83.122,42.39303,"{
  ""coordinates"": [
    -8.312200143341001e+01,
    4.239302940200460e+01
  ],
  ""type"": ""Point""
}","{
  ""coordinates"": [
    -83.122001433,
    42.393029402
  ],
  ""type"": ""Point""
}",-83.122001433,42.393029402
22909,1305154,GALLAGHER,BRENTWOOD,2018-02-10,10,2,2018,15,7,97,9,,,0,,3,5,1,25,2,2,3,5,0,0,0,0,true,false,false,false,false,false,false,false,false,false,false,false,false,false,false,false,false,false,false,false,false,false,-83.06988,42.43225,"{
  ""coordinates"": [
    -8.306987663966720e+01,
    4.243225199158070e+01
  ],
  ""type"": ""Point""
}","{
  ""coordinates"": [
    -83.06987664,
    42.432251992
  ],
  ""type"": ""Point""
}",-83.06987664,42.432251992
22910,1296008,W I 94,S I 75,2018-02-10,10,2,2018,18,7,5,1,,1,0,Concrete,4,5,4,55,3,2,2,5,0,0,0,0,true,false,false,false,false,false,false,false,false,true,false,false,false,false,false,false,false,false,false,false,false,false,-83.05839,42.36848,"{
  ""coordinates"": [
    -8.305838547344359e+01,
    4.236848247949210e+01
  ],
  ""type"": ""Point""
}","{
  ""coordinates"": [
    -83.058385473,
    42.368482479
  ],
  ""type"": ""Point""
}",-83.058385473,42.3684824790001
22911,1296067,CLAY,CHRYSLER,2018-02-10,10,2,2018,1,7,2,9,,4,0,Concrete,4,5,4,35,2,2,3,4,0,0,0,1,false,false,false,false,true,false,false,false,false,false,false,false,false,false,false,false,false,false,false,false,false,false,-83.06311,42.37819,"{
  ""coordinates"": [
    -8.306310883687409e+01,
    4.237819203147060e+01
  ],
  ""type"": ""Point""
}","{
  ""coordinates"": [
    -83.063108837,
    42.378192031
  ],
  ""type"": ""Point""
}",-83.063108837,42.378192031
22912,1297550,ARTESIAN,DAYTON,2018-02-10,10,2,2018,23,7,9,9,,,0,,4,5,4,25,3,2,3,5,0,0,0,0,true,false,false,false,false,false,false,false,false,false,false,true,false,false,false,false,false,false,false,false,false,false,-83.22537,42.33428,"{
  ""coordinates"": [
    -8.322537119641279e+01,
    4.233427710679790e+01
  ],
  ""type"": ""Point""
}","{
  ""coordinates"": [
    -83.225371196,
    42.334277107
  ],
  ""type"": ""Point""
}",-83.225371196,42.334277107
22913,1298774,MICHIGAN,TRUMBULL,2018-02-10,10,2,2018,23,7,8,2,,1,0,Brick,4,5,4,35,6,2,2,5,0,0,0,0,true,false,false,false,false,false,false,false,false,false,false,false,false,true,false,false,false,false,false,false,false,false,-83.06641,42.33142,"{
  ""coordinates"": [
    -8.306640985170669e+01,
    4.233141939713860e+01
  ],
  ""type"": ""Point""
}","{
  ""coordinates"": [
    -83.066409852,
    42.331419397
  ],
  ""type"": ""Point""
}",-83.0664098519999,42.331419397
22914,1296071,CASS,ALEXANDRINE,2018-02-10,10,2,2018,19,7,8,9,,4,0,Asphalt,4,1,4,25,2,2,3,5,0,0,0,0,true,false,false,false,false,false,false,false,false,false,false,false,false,false,false,true,false,false,false,false,false,false,-83.06291,42.34943,"{
  ""coordinates"": [
    -8.306291386390970e+01,
    4.234942640660160e+01
  ],
  ""type"": ""Point""
}","{
  ""coordinates"": [
    -83.062913864,
    42.349426407
  ],
  ""type"": ""Point""
}",-83.0629138639999,42.3494264070001
22915,1297556,GRIXDALE,WIXFORD,2018-02-10,10,2,2018,23,7,2,9,,,0,,4,5,4,25,2,2,0,5,0,0,0,0,true,false,false,false,true,false,false,false,false,false,false,false,false,false,false,false,false,false,false,false,false,false,-83.06519,42.42855,"{
  ""coordinates"": [
    -8.306519553562229e+01,
    4.242855203607080e+01
  ],
  ""type"": ""Point""
}","{
  ""coordinates"": [
    -83.065195536,
    42.428552036
  ],
  ""type"": ""Point""
}",-83.065195536,42.428552036
22916,1296120,8 MILE,EVERGREEN,2018-02-09,9,2,2018,9,6,5,3,,1,0,Asphalt,4,5,1,45,4,2,2,5,0,0,0,0,true,true,false,false,false,false,false,false,false,false,true,false,false,false,false,false,false,false,false,false,false,false,-83.23741,42.44379,"{
  ""coordinates"": [
    -8.323741295552750e+01,
    4.244379569460960e+01
  ],
  ""type"": ""Point""
}","{
  ""coordinates"": [
    -83.237412956,
    42.443795695
  ],
  ""type"": ""Point""
}",-83.237412956,42.4437956950001
22917,1303491,BEAVERLAND,GRAND RIVER,2018-02-09,9,2,2018,13,6,5,3,,,0,,4,5,1,35,1,2,1,4,0,0,0,1,false,false,false,false,false,false,false,false,false,false,false,false,false,false,false,false,false,false,false,false,false,false,-83.26526,42.41958,"{
  ""coordinates"": [
    -8.326526176372320e+01,
    4.241957809235920e+01
  ],
  ""type"": ""Point""
}","{
  ""coordinates"": [
    -83.265261764,
    42.419578092
  ],
  ""type"": ""Point""
}",-83.2652617639999,42.4195780920001
22918,1296058,GRAND RIVER,LIVERNOIS,2018-02-09,9,2,2018,13,6,4,3,,1,0,Asphalt,4,5,1,35,4,2,3,4,0,0,0,1,false,false,false,false,false,false,false,false,false,false,false,false,false,true,false,false,false,false,false,false,false,false,-83.13946,42.36893,"{
  ""coordinates"": [
    -8.313945439192470e+01,
    4.236892718407270e+01
  ],
  ""type"": ""Point""
}","{
  ""coordinates"": [
    -83.139454392,
    42.368927184
  ],
  ""type"": ""Point""
}",-83.1394543919999,42.368927184
22919,1325942,W I 96,CSX TRANSPORTATION,2018-02-09,9,2,2018,22,6,8,1,,1,0,Concrete,4,5,5,55,3,2,3,5,0,0,0,0,true,false,false,false,true,false,false,false,false,false,false,false,false,false,true,false,false,false,false,false,false,false,-83.23436,42.37907,"{
  ""coordinates"": [
    -8.323435921460231e+01,
    4.237907573051780e+01
  ],
  ""type"": ""Point""
}","{
  ""coordinates"": [
    -83.234359215,
    42.379075731
  ],
  ""type"": ""Point""
}",-83.234359215,42.3790757310001
22920,1336014,FENKELL,GREENFIELD,2018-02-09,9,2,2018,16,6,8,9,,2,0,Asphalt,4,5,1,35,2,2,2,5,0,0,0,0,true,false,false,false,false,false,false,false,false,false,false,false,false,true,false,false,false,false,false,false,false,false,-83.19888,42.40151,"{
  ""coordinates"": [
    -8.319887944952620e+01,
    4.240150869081820e+01
  ],
  ""type"": ""Point""
}","{
  ""coordinates"": [
    -83.19887945,
    42.401508691
  ],
  ""type"": ""Point""
}",-83.1988794499999,42.4015086910001
22921,1304313,CONER,VERNOR,2018-02-09,9,2,2018,15,6,5,9,,4,0,Concrete,4,5,1,35,7,2,2,5,0,0,0,0,true,false,false,false,false,false,false,false,false,false,false,false,false,false,false,false,false,false,false,false,false,false,-82.96257,42.37563,"{
  ""coordinates"": [
    -8.296257153181109e+01,
    4.237562411803280e+01
  ],
  ""type"": ""Point""
}","{
  ""coordinates"": [
    -82.962571532,
    42.375624118
  ],
  ""type"": ""Point""
}",-82.962571532,42.3756241180001
22922,1296090,8 MILE,CHAPEL,2018-02-09,9,2,2018,14,6,97,3,,1,0,Asphalt,4,5,1,35,3,2,2,5,0,0,0,0,true,false,false,false,true,false,false,false,false,false,false,false,false,false,false,false,false,false,false,false,false,false,-83.25491,42.44334,"{
  ""coordinates"": [
    -8.325491457107280e+01,
    4.244333829481440e+01
  ],
  ""type"": ""Point""
}","{
  ""coordinates"": [
    -83.254914571,
    42.443338295
  ],
  ""type"": ""Point""
}",-83.254914571,42.443338295
22923,1303499,VASSAR,SUNDERLAND,2018-02-09,9,2,2018,18,6,4,9,,,0,,4,5,1,,4,2,1,5,0,0,0,0,true,false,true,false,true,false,false,false,false,false,false,false,false,false,false,false,false,false,false,false,false,false,-83.22929,42.43346,"{
  ""coordinates"": [
    -8.322928393275269e+01,
    4.243346240057590e+01
  ],
  ""type"": ""Point""
}","{
  ""coordinates"": [
    -83.229283933,
    42.433462401
  ],
  ""type"": ""Point""
}",-83.229283933,42.433462401
22924,1296122,DAVISON,LINWOOD,2018-02-09,9,2,2018,16,6,5,3,,1,0,Asphalt,4,5,1,35,6,2,2,5,0,0,0,0,true,false,false,false,false,false,false,false,false,false,false,false,false,false,false,false,false,false,false,false,false,false,-83.12188,42.39307,"{
  ""coordinates"": [
    -8.312187912629879e+01,
    4.239307493516890e+01
  ],
  ""type"": ""Point""
}","{
  ""coordinates"": [
    -83.121879126,
    42.393074935
  ],
  ""type"": ""Point""
}",-83.121879126,42.3930749350001
22925,1296132,MOUND,7 MILE,2018-02-09,9,2,2018,9,6,8,9,,2,0,Asphalt,4,1,1,,2,2,1,5,0,0,0,0,true,true,false,false,true,false,false,false,false,false,true,false,false,false,false,false,false,false,false,false,false,false,-83.04381,42.43329,"{
  ""coordinates"": [
    -8.304381000325810e+01,
    4.243328942140240e+01
  ],
  ""type"": ""Point""
}","{
  ""coordinates"": [
    -83.043810003,
    42.433289421
  ],
  ""type"": ""Point""
}",-83.043810003,42.433289421
22926,1295988,N M 10,EUCLID,2018-02-09,9,2,2018,16,6,1,3,,1,1,Concrete,4,5,1,55,3,1,2,4,0,0,0,1,false,false,false,false,false,false,false,false,false,true,false,false,false,false,false,false,false,false,false,false,false,false,-83.0862,42.37388,"{
  ""coordinates"": [
    -8.308619758091440e+01,
    4.237388211680390e+01
  ],
  ""type"": ""Point""
}","{
  ""coordinates"": [
    -83.086197581,
    42.373882117
  ],
  ""type"": ""Point""
}",-83.086197581,42.3738821170001
22927,1296123,I 96,JOY,2018-02-09,9,2,2018,12,6,97,1,,1,0,Asphalt,4,5,1,55,4,2,2,5,0,0,0,0,true,false,false,false,false,false,false,false,false,false,false,false,false,true,false,false,true,false,false,false,false,false,-83.13084,42.36441,"{
  ""coordinates"": [
    -8.313083799447359e+01,
    4.236441181089580e+01
  ],
  ""type"": ""Point""
}","{
  ""coordinates"": [
    -83.130837994,
    42.364411811
  ],
  ""type"": ""Point""
}",-83.130837994,42.364411811
22928,1296130,CONNER,VEACH,2018-02-09,9,2,2018,11,6,4,9,,4,0,Asphalt,3,5,1,35,2,2,2,4,0,0,0,1,false,false,false,false,false,false,false,false,false,false,false,false,false,false,true,false,false,false,false,false,false,false,-83.02162,42.44634,"{
  ""coordinates"": [
    -8.302162531580861e+01,
    4.244634177243620e+01
  ],
  ""type"": ""Point""
}","{
  ""coordinates"": [
    -83.021625316,
    42.446341772
  ],
  ""type"": ""Point""
}",-83.021625316,42.446341772
22929,1304342,8 MILE,RENO,2018-02-09,9,2,2018,16,6,98,3,,1,3,Asphalt,4,5,1,45,4,2,0,5,0,0,0,0,true,false,false,false,true,false,false,false,false,false,false,false,false,false,false,false,false,false,false,false,false,false,-82.98246,42.44936,"{
  ""coordinates"": [
    -8.298245623702230e+01,
    4.244935802989630e+01
  ],
  ""type"": ""Point""
}","{
  ""coordinates"": [
    -82.982456237,
    42.44935803
  ],
  ""type"": ""Point""
}",-82.982456237,42.44935803
22930,1294577,MT ELLIOTT,LYNCH,2018-02-09,9,2,2018,1,6,1,9,,4,1,Asphalt,1,2,4,35,2,1,1,5,0,0,0,0,true,false,false,false,false,false,false,false,false,false,false,false,false,false,false,false,false,false,false,false,false,false,-83.0377,42.40171,"{
  ""coordinates"": [
    -8.303769306549989e+01,
    4.240171250364560e+01
  ],
  ""type"": ""Point""
}","{
  ""coordinates"": [
    -83.037693065,
    42.401712504
  ],
  ""type"": ""Point""
}",-83.037693065,42.401712504
22931,1404762,OAKMAN,DAVISON,2018-02-09,9,2,2018,4,6,5,3,,4,0,Asphalt,4,5,4,25,3,2,1,5,0,0,0,0,true,false,false,false,false,false,false,false,false,false,false,false,false,false,false,false,false,false,false,false,false,false,-83.14423,42.3867,"{
  ""coordinates"": [
    -8.314422785654210e+01,
    4.238670377129090e+01
  ],
  ""type"": ""Point""
}","{
  ""coordinates"": [
    -83.144227857,
    42.386703771
  ],
  ""type"": ""Point""
}",-83.144227857,42.386703771
22932,1314312,I-94,MARTIN,2018-02-09,9,2,2018,15,6,1,1,,1,1,Asphalt,4,5,1,70,5,1,1,5,0,0,0,0,true,false,false,false,false,false,false,false,false,true,false,false,false,false,false,false,false,false,false,false,false,false,-83.13215,42.33461,"{
  ""coordinates"": [
    -8.313214719066320e+01,
    4.233461034756510e+01
  ],
  ""type"": ""Point""
}","{
  ""coordinates"": [
    -83.132147191,
    42.334610348
  ],
  ""type"": ""Point""
}",-83.1321471909999,42.3346103480001
22933,1303423,W/B I-96,JOY,2018-02-09,9,2,2018,14,6,8,1,,1,0,Asphalt,4,5,1,55,4,2,2,5,0,0,0,0,true,false,false,false,true,false,false,false,false,false,false,false,false,false,false,false,false,false,false,false,false,false,-83.11851,42.35964,"{
  ""coordinates"": [
    -8.311850828092970e+01,
    4.235963667141150e+01
  ],
  ""type"": ""Point""
}","{
  ""coordinates"": [
    -83.118508281,
    42.359636671
  ],
  ""type"": ""Point""
}",-83.1185082809999,42.359636671
22934,1388354,I-94,LIVERNOIS,2018-02-09,9,2,2018,12,6,8,1,,1,0,Asphalt,4,5,1,55,3,2,2,5,0,0,0,0,true,false,false,false,false,false,false,false,false,true,false,false,false,false,false,false,false,false,false,false,false,false,-83.1246,42.33758,"{
  ""coordinates"": [
    -8.312460527297530e+01,
    4.233757644162620e+01
  ],
  ""type"": ""Point""
}","{
  ""coordinates"": [
    -83.124605273,
    42.337576442
  ],
  ""type"": ""Point""
}",-83.124605273,42.3375764420001
22935,1296167,HARPER,NOTTINGHAM,2018-02-09,9,2,2018,14,6,4,9,,4,0,Asphalt,4,5,1,30,4,2,3,4,0,0,0,1,false,false,false,false,false,false,false,false,false,false,false,false,false,false,false,false,false,false,false,false,false,false,-82.95448,42.40755,"{
  ""coordinates"": [
    -8.295448395631500e+01,
    4.240754724523760e+01
  ],
  ""type"": ""Point""
}","{
  ""coordinates"": [
    -82.954483956,
    42.407547245
  ],
  ""type"": ""Point""
}",-82.954483956,42.407547245
22936,1296059,ANTHONY WAYNE,WARREN,2018-02-09,9,2,2018,10,6,5,9,,4,0,Asphalt,4,5,98,35,2,2,0,5,0,0,0,0,true,false,false,false,true,false,false,true,false,false,false,false,false,false,true,false,false,false,false,false,false,false,-83.07138,42.35504,"{
  ""coordinates"": [
    -8.307138128343659e+01,
    4.235503988610680e+01
  ],
  ""type"": ""Point""
}","{
  ""coordinates"": [
    -83.071381283,
    42.355039886
  ],
  ""type"": ""Point""
}",-83.0713812829999,42.355039886
22937,1296104,OUTER,AVON,2018-02-09,9,2,2018,19,6,4,9,,2,0,Asphalt,4,5,4,35,2,2,5,3,0,0,1,0,false,false,false,false,false,false,false,false,false,false,false,false,false,false,false,false,false,false,false,false,false,false,-83.22598,42.41892,"{
  ""coordinates"": [
    -8.322598115718429e+01,
    4.241891756631950e+01
  ],
  ""type"": ""Point""
}","{
  ""coordinates"": [
    -83.225981157,
    42.418917566
  ],
  ""type"": ""Point""
}",-83.225981157,42.4189175660001
22938,1297565,LIVERNOIS,LYNDON,2018-02-09,9,2,2018,20,6,5,9,,4,0,Concrete,6,5,4,35,4,2,1,5,0,0,0,0,true,false,false,false,false,false,false,false,false,false,true,false,false,false,true,false,false,false,false,false,false,false,-83.14004,42.39571,"{
  ""coordinates"": [
    -8.314003916747870e+01,
    4.239571194806460e+01
  ],
  ""type"": ""Point""
}","{
  ""coordinates"": [
    -83.140039167,
    42.395711948
  ],
  ""type"": ""Point""
}",-83.1400391669999,42.395711948
22939,1296115,CONNER,CHARLEMAGNE,2018-02-09,9,2,2018,22,6,5,9,,4,0,Asphalt,4,5,4,30,2,2,1,5,0,0,0,0,true,false,false,false,true,false,false,false,false,false,false,false,false,false,false,false,false,false,false,false,false,false,-83.0006,42.40731,"{
  ""coordinates"": [
    -8.300060352332900e+01,
    4.240730767864080e+01
  ],
  ""type"": ""Point""
}","{
  ""coordinates"": [
    -83.000603523,
    42.407307679
  ],
  ""type"": ""Point""
}",-83.0006035229999,42.407307679
22940,1296114,GRATIOT,GLENWOOD,2018-02-09,9,2,2018,14,6,8,3,,1,0,Asphalt,4,5,1,35,3,2,2,5,0,0,0,0,true,false,false,false,false,false,false,false,false,false,false,false,false,false,true,false,false,false,false,false,false,false,-82.98065,42.4306,"{
  ""coordinates"": [
    -8.298065110679960e+01,
    4.243059610205700e+01
  ],
  ""type"": ""Point""
}","{
  ""coordinates"": [
    -82.980651107,
    42.430596102
  ],
  ""type"": ""Point""
}",-82.980651107,42.430596102
22941,1294578,CANIFF,ALPENA,2018-02-09,9,2,2018,3,6,97,9,,4,0,Asphalt,4,8,4,25,2,3,1,5,0,0,0,0,true,false,false,false,true,false,false,false,false,false,false,false,false,true,false,false,false,false,false,false,false,false,-83.04267,42.40618,"{
  ""coordinates"": [
    -8.304266842414231e+01,
    4.240617726195500e+01
  ],
  ""type"": ""Point""
}","{
  ""coordinates"": [
    -83.042668424,
    42.406177262
  ],
  ""type"": ""Point""
}",-83.0426684239999,42.406177262
22942,1295980,S M 10,RAMP 215F,2018-02-09,9,2,2018,15,6,5,3,,1,0,Concrete,4,5,1,55,3,2,3,5,0,0,0,0,true,false,false,false,false,false,false,false,false,false,false,false,false,false,false,false,false,false,false,false,false,false,-83.07756,42.36052,"{
  ""coordinates"": [
    -8.307756067331570e+01,
    4.236052046135740e+01
  ],
  ""type"": ""Point""
}","{
  ""coordinates"": [
    -83.077560673,
    42.360520461
  ],
  ""type"": ""Point""
}",-83.0775606729999,42.3605204610001
22943,1294520,RAMP 041H,I-375,2018-02-09,9,2,2018,9,6,1,1,,1,1,Concrete,3,5,1,25,1,1,1,5,0,0,0,0,true,false,false,false,false,false,false,false,false,true,false,false,false,false,false,false,false,false,false,false,false,false,-83.0449,42.34618,"{
  ""coordinates"": [
    -8.304490236233400e+01,
    4.234617964813530e+01
  ],
  ""type"": ""Point""
}","{
  ""coordinates"": [
    -83.044902362,
    42.346179648
  ],
  ""type"": ""Point""
}",-83.044902362,42.346179648
22944,1300899,I-75,8 MILE,2018-02-09,9,2,2018,7,6,1,1,,1,1,Asphalt,4,5,2,70,3,1,1,5,0,0,0,0,true,false,false,false,false,false,false,false,false,true,false,false,false,false,false,false,false,false,false,false,false,false,-83.09467,42.4464,"{
  ""coordinates"": [
    -8.309467390561410e+01,
    4.244639507475740e+01
  ],
  ""type"": ""Point""
}","{
  ""coordinates"": [
    -83.094673906,
    42.446395075
  ],
  ""type"": ""Point""
}",-83.094673906,42.4463950750001
22945,1296082,I-94 WB,LIVERNOIS,2018-02-09,9,2,2018,13,6,4,1,,1,0,Asphalt,4,5,1,65,3,2,2,5,0,0,0,0,true,false,false,false,true,false,false,false,false,false,false,false,false,false,false,false,false,false,false,false,false,false,-83.11018,42.34669,"{
  ""coordinates"": [
    -8.311017770291009e+01,
    4.234669525104770e+01
  ],
  ""type"": ""Point""
}","{
  ""coordinates"": [
    -83.110177703,
    42.346695251
  ],
  ""type"": ""Point""
}",-83.110177703,42.346695251
22946,1296065,BEAUBIEN,JEFFERSON,2018-02-09,9,2,2018,18,6,5,4,,4,3,Asphalt,4,5,4,30,2,2,2,5,0,0,0,0,true,false,false,false,false,false,false,false,false,false,false,false,false,false,false,false,false,false,false,false,false,false,-83.03966,42.33067,"{
  ""coordinates"": [
    -8.303965870176000e+01,
    4.233067232003030e+01
  ],
  ""type"": ""Point""
}","{
  ""coordinates"": [
    -83.039658702,
    42.33067232
  ],
  ""type"": ""Point""
}",-83.0396587019999,42.3306723200001
22947,1298780,JEFFERSON,WOODWARD,2018-02-09,9,2,2018,22,6,1,3,,1,0,Asphalt,4,5,4,25,8,1,8,5,0,0,0,0,true,false,false,false,false,false,false,false,false,true,false,false,false,false,false,false,false,false,false,false,false,false,-83.04444,42.32851,"{
  ""coordinates"": [
    -8.304444045016071e+01,
    4.232851546771670e+01
  ],
  ""type"": ""Point""
}","{
  ""coordinates"": [
    -83.04444045,
    42.328515468
  ],
  ""type"": ""Point""
}",-83.04444045,42.328515468
22948,1295993,I-75,VERNOR,2018-02-09,9,2,2018,20,6,1,1,,1,1,Asphalt,4,5,4,55,3,1,2,4,0,0,0,1,false,false,false,false,false,false,false,false,false,true,false,false,false,false,false,false,false,false,false,false,false,false,-83.08424,42.32517,"{
  ""coordinates"": [
    -8.308424015020699e+01,
    4.232517153843280e+01
  ],
  ""type"": ""Point""
}","{
  ""coordinates"": [
    -83.08424015,
    42.325171538
  ],
  ""type"": ""Point""
}",-83.08424015,42.3251715380001
22949,1299887,SCHAEFER,I 96 SERVICE,2018-02-09,9,2,2018,12,6,97,1,,4,0,Asphalt,4,5,1,,2,2,1,4,0,0,0,1,false,false,false,false,true,false,false,true,false,true,false,false,false,false,false,false,false,false,false,false,false,false,-83.17834,42.38268,"{
  ""coordinates"": [
    -8.317834494376100e+01,
    4.238268119818070e+01
  ],
  ""type"": ""Point""
}","{
  ""coordinates"": [
    -83.178344944,
    42.382681198
  ],
  ""type"": ""Point""
}",-83.1783449439999,42.3826811980001
22950,1296060,GRAND,SCOVEL,2018-02-09,9,2,2018,11,6,8,9,,4,0,Asphalt,4,8,1,30,2,2,2,5,0,0,0,0,true,false,false,false,false,false,false,false,false,false,false,false,false,false,false,false,false,false,false,false,false,false,-83.11082,42.35412,"{
  ""coordinates"": [
    -8.311081999124870e+01,
    4.235412261517160e+01
  ],
  ""type"": ""Point""
}","{
  ""coordinates"": [
    -83.110819991,
    42.354122615
  ],
  ""type"": ""Point""
}",-83.110819991,42.3541226150001
22951,1311600,8 MILE,8 MILE/SCHAEFER,2018-02-09,9,2,2018,12,6,4,3,,1,0,Asphalt,4,5,1,40,4,2,2,5,0,0,0,0,true,false,false,false,false,false,false,false,false,false,false,false,false,false,false,false,false,false,false,false,false,false,-83.1832,42.44514,"{
  ""coordinates"": [
    -8.318320386785290e+01,
    4.244514491560380e+01
  ],
  ""type"": ""Point""
}","{
  ""coordinates"": [
    -83.183203868,
    42.445144916
  ],
  ""type"": ""Point""
}",-83.183203868,42.4451449160001
22952,1295973,I-94,FRENCH,2018-02-09,9,2,2018,22,6,97,1,,1,0,Asphalt,4,5,4,55,3,2,3,5,0,0,0,0,true,false,false,false,false,false,false,false,false,true,false,false,false,false,true,false,false,false,false,false,false,false,-82.99548,42.39233,"{
  ""coordinates"": [
    -8.299548230704509e+01,
    4.239232891433900e+01
  ],
  ""type"": ""Point""
}","{
  ""coordinates"": [
    -82.995482307,
    42.392328914
  ],
  ""type"": ""Point""
}",-82.995482307,42.3923289140001
22953,1296083,SAINT LAWRENCE,BAUBEE,2018-02-09,9,2,2018,18,6,5,9,,,3,,4,5,3,25,1,2,0,5,0,0,0,0,true,false,false,false,true,false,false,false,false,true,false,false,false,false,false,false,false,false,false,false,false,false,-83.14083,42.32729,"{
  ""coordinates"": [
    -8.314082982889940e+01,
    4.232728899315740e+01
  ],
  ""type"": ""Point""
}","{
  ""coordinates"": [
    -83.140829829,
    42.327288993
  ],
  ""type"": ""Point""
}",-83.140829829,42.327288993
22954,1301105,MCNICHOLS,GALLAGHER,2018-02-09,9,2,2018,18,6,5,9,,4,0,Asphalt,4,5,3,35,4,2,1,5,0,0,0,0,true,false,false,false,true,false,false,false,false,false,false,false,false,false,false,false,false,false,false,false,false,false,-83.06765,42.41864,"{
  ""coordinates"": [
    -8.306764669728510e+01,
    4.241863974567750e+01
  ],
  ""type"": ""Point""
}","{
  ""coordinates"": [
    -83.067646697,
    42.418639746
  ],
  ""type"": ""Point""
}",-83.067646697,42.4186397460001