ObjectId,Crash ID,Primary Road,Intersecting Road,Crash Date,Day,Month,Year,Hour,Weekday,Crash Type Code,Highway Classification Code,Community Code,Jurisdiction Code,Lane Departure Type Code,Surface Type,Road Condition,Weather Condition,Lighting Condition,Speed Limit,Lanes,Units,Occupants,Most Severe Injury,Fatal Injuries,Suspected Serious Injuries,Suspected Minor Injuries,Possible Injuries,Property Damage Only,Secondary Crash,Traffic Control,Red Light Run,Hit and Run,Alcohol,Drugs,Unbelted Person,Work Zone,Speeding Driver,Distracted Driver,Driveway,Pedestrian,Elderly Driver,Young Driver,Commercial Vehicle,Emergency Vehicles,Train,School Bus,Motorcycle,Bicycle,Deer,Longitude,Latitude,geom,geog,x,y
23117,1293455,JEFFERSON,BEAUBIEN,2018-02-07,7,2,2018,6,4,4,4,,1,0,Asphalt,4,5,4,35,3,2,2,5,0,0,0,0,true,false,false,false,false,false,false,false,false,false,false,false,false,false,false,false,false,false,false,false,false,false,-83.03946,42.33067,"{
  ""coordinates"": [
    -8.303945675502840e+01,
    4.233067168848530e+01
  ],
  ""type"": ""Point""
}","{
  ""coordinates"": [
    -83.039456755,
    42.330671688
  ],
  ""type"": ""Point""
}",-83.0394567549999,42.3306716880001
23118,1294560,JEFFERSON,DEARBORN,2018-02-07,7,2,2018,7,4,1,9,,4,1,Asphalt,4,5,4,35,2,1,1,5,0,0,0,0,true,false,false,false,false,false,false,false,false,false,false,false,false,false,false,false,false,false,false,false,false,false,-83.11658,42.29097,"{
  ""coordinates"": [
    -8.311657814682550e+01,
    4.229096965440360e+01
  ],
  ""type"": ""Point""
}","{
  ""coordinates"": [
    -83.116578147,
    42.290969654
  ],
  ""type"": ""Point""
}",-83.116578147,42.290969654
23119,1293480,OUTER,FORT,2018-02-07,7,2,2018,8,4,8,3,,2,0,Asphalt,4,5,1,35,3,2,2,5,0,0,0,0,true,false,false,false,false,false,false,false,false,false,false,false,false,false,false,false,false,false,false,false,false,false,-83.16703,42.26238,"{
  ""coordinates"": [
    -8.316702954975260e+01,
    4.226238127594770e+01
  ],
  ""type"": ""Point""
}","{
  ""coordinates"": [
    -83.16702955,
    42.262381276
  ],
  ""type"": ""Point""
}",-83.1670295499999,42.262381276
23120,1293517,DALE,MIDLAND,2018-02-07,7,2,2018,12,4,5,9,,,0,,4,5,1,,1,2,2,5,0,0,0,0,true,false,false,false,false,false,false,false,false,true,false,false,false,false,false,false,false,false,false,false,false,false,-83.27531,42.40412,"{
  ""coordinates"": [
    -8.327530909039460e+01,
    4.240411895259940e+01
  ],
  ""type"": ""Point""
}","{
  ""coordinates"": [
    -83.27530909,
    42.404118953
  ],
  ""type"": ""Point""
}",-83.27530909,42.4041189530001
23121,1293532,OUTER,LAPPIN,2018-02-07,7,2,2018,8,4,6,9,,2,0,Asphalt,4,5,1,35,4,2,4,5,0,0,0,0,true,false,false,false,false,false,false,false,false,false,false,false,false,false,false,false,false,false,false,false,false,false,-83.01458,42.43636,"{
  ""coordinates"": [
    -8.301458052327411e+01,
    4.243636440830490e+01
  ],
  ""type"": ""Point""
}","{
  ""coordinates"": [
    -83.014580523,
    42.436364408
  ],
  ""type"": ""Point""
}",-83.0145805229999,42.436364408
23122,1293469,JEFFERSON,CHRYSLER,2018-02-07,7,2,2018,8,4,5,1,,1,0,Concrete,4,5,1,30,3,2,3,5,0,0,0,0,true,false,false,false,false,false,false,false,false,false,false,false,false,false,false,false,false,false,false,false,false,false,-83.0438,42.34359,"{
  ""coordinates"": [
    -8.304379876365820e+01,
    4.234359287840150e+01
  ],
  ""type"": ""Point""
}","{
  ""coordinates"": [
    -83.043798764,
    42.343592878
  ],
  ""type"": ""Point""
}",-83.043798764,42.343592878
23123,1295952,NB M-39,FENKELL,2018-02-07,7,2,2018,11,4,97,3,,1,0,Asphalt,6,2,1,55,3,2,2,5,0,0,0,0,true,false,false,false,false,false,false,false,false,true,false,false,false,false,false,false,false,false,false,false,false,false,-83.2182,42.40106,"{
  ""coordinates"": [
    -8.321820304232401e+01,
    4.240106274694380e+01
  ],
  ""type"": ""Point""
}","{
  ""coordinates"": [
    -83.218203042,
    42.401062747
  ],
  ""type"": ""Point""
}",-83.218203042,42.401062747
23124,1302230,LIVERNOIS,ELMHURST,2018-02-07,7,2,2018,9,4,1,9,,4,1,Concrete,3,1,1,35,6,1,2,5,0,0,0,0,true,false,false,false,false,false,false,false,false,false,false,false,false,true,false,false,false,false,false,false,false,false,-83.13923,42.37641,"{
  ""coordinates"": [
    -8.313922837904110e+01,
    4.237641087629600e+01
  ],
  ""type"": ""Point""
}","{
  ""coordinates"": [
    -83.139228379,
    42.376410876
  ],
  ""type"": ""Point""
}",-83.139228379,42.3764108760001
23125,1302202,GRAND,M 10 SERVICE,2018-02-07,7,2,2018,8,4,3,9,,4,0,Asphalt,4,5,1,35,4,2,2,5,0,0,0,0,true,false,false,false,false,false,false,false,false,false,false,false,false,false,false,false,false,false,false,false,false,false,-83.08231,42.367,"{
  ""coordinates"": [
    -8.308231525614360e+01,
    4.236700387643120e+01
  ],
  ""type"": ""Point""
}","{
  ""coordinates"": [
    -83.082315256,
    42.367003876
  ],
  ""type"": ""Point""
}",-83.082315256,42.3670038760001
23126,1302241,PARKLAND,DACOSTA,2018-02-07,7,2,2018,17,4,9,9,,,0,,4,5,1,25,2,2,0,5,0,0,0,0,true,false,false,false,true,false,false,false,false,false,false,false,false,false,false,false,false,false,false,false,false,false,-83.25793,42.35082,"{
  ""coordinates"": [
    -8.325793352948391e+01,
    4.235081731584140e+01
  ],
  ""type"": ""Point""
}","{
  ""coordinates"": [
    -83.257933529,
    42.350817316
  ],
  ""type"": ""Point""
}",-83.257933529,42.3508173160001
23127,1310714,SAINT JEAN,EDLIE,2018-02-07,7,2,2018,10,4,8,9,,4,0,Concrete,4,1,1,30,2,2,1,5,0,0,0,0,true,false,false,false,true,false,false,false,false,true,false,false,false,false,false,false,false,false,false,false,false,false,-82.96981,42.36575,"{
  ""coordinates"": [
    -8.296981088996240e+01,
    4.236574498909850e+01
  ],
  ""type"": ""Point""
}","{
  ""coordinates"": [
    -82.96981089,
    42.365744989
  ],
  ""type"": ""Point""
}",-82.96981089,42.3657449890001
23128,1310133,MACK,BEDFORD,2018-02-07,7,2,2018,9,4,2,9,,4,2,Asphalt,4,5,1,30,4,2,3,5,0,0,0,0,true,false,false,false,true,false,false,false,false,false,false,false,false,false,false,false,false,false,false,false,false,false,-82.93377,42.39038,"{
  ""coordinates"": [
    -8.293376904106040e+01,
    4.239038180408320e+01
  ],
  ""type"": ""Point""
}","{
  ""coordinates"": [
    -82.933769041,
    42.390381804
  ],
  ""type"": ""Point""
}",-82.9337690409999,42.3903818040001
23129,1314326,W I 94,BARRETT,2018-02-07,7,2,2018,5,4,5,1,,1,0,Asphalt,4,5,4,55,3,2,1,5,0,0,0,0,true,true,false,false,false,false,false,false,false,false,false,false,false,false,false,false,false,false,false,false,false,false,-82.98479,42.3983,"{
  ""coordinates"": [
    -8.298478868144130e+01,
    4.239829847646610e+01
  ],
  ""type"": ""Point""
}","{
  ""coordinates"": [
    -82.984788681,
    42.398298476
  ],
  ""type"": ""Point""
}",-82.9847886809999,42.398298476
23130,1314361,FORT,SHELBY,2018-02-07,7,2,2018,7,4,8,3,,1,0,Asphalt,4,5,1,35,2,2,2,5,0,0,0,0,true,false,false,false,false,false,false,false,false,false,false,false,false,false,false,true,false,false,false,false,false,false,-83.04861,42.33019,"{
  ""coordinates"": [
    -8.304860825345919e+01,
    4.233019229855940e+01
  ],
  ""type"": ""Point""
}","{
  ""coordinates"": [
    -83.048608253,
    42.330192299
  ],
  ""type"": ""Point""
}",-83.0486082529999,42.330192299
23131,1315787,BRUSH,S I 75 SERVICE DRIVE,2018-02-07,7,2,2018,21,4,5,9,,4,0,Concrete,1,1,4,25,2,2,2,5,0,0,0,0,true,true,false,false,false,false,false,false,false,false,false,false,false,false,false,true,false,false,true,false,false,false,-83.04893,42.34221,"{
  ""coordinates"": [
    -8.304893589332831e+01,
    4.234221452518470e+01
  ],
  ""type"": ""Point""
}","{
  ""coordinates"": [
    -83.048935893,
    42.342214525
  ],
  ""type"": ""Point""
}",-83.048935893,42.342214525
23132,1318655,SAINT JEAN,JEFFERSON,2018-02-07,7,2,2018,7,4,3,9,,4,0,Concrete,4,5,1,35,5,2,4,5,0,0,0,0,true,false,false,false,false,false,false,false,false,true,false,false,false,false,false,false,false,false,false,false,false,false,-82.97061,42.36698,"{
  ""coordinates"": [
    -8.297061144972710e+01,
    4.236698220994360e+01
  ],
  ""type"": ""Point""
}","{
  ""coordinates"": [
    -82.97061145,
    42.36698221
  ],
  ""type"": ""Point""
}",-82.97061145,42.3669822100001
23133,1293458,LAUDER,EATON,2018-02-07,7,2,2018,22,4,4,9,,,0,,3,1,4,25,4,2,2,5,0,0,0,0,true,false,false,false,false,false,false,false,false,false,false,false,false,false,false,false,false,false,false,false,false,false,-83.19072,42.39697,"{
  ""coordinates"": [
    -8.319071707071970e+01,
    4.239697156927830e+01
  ],
  ""type"": ""Point""
}","{
  ""coordinates"": [
    -83.190717071,
    42.396971569
  ],
  ""type"": ""Point""
}",-83.1907170709999,42.3969715690001
23134,1296003,N I 75,RAMP 216B,2018-02-07,7,2,2018,11,4,1,1,,1,1,Asphalt,4,5,1,55,3,1,1,4,0,0,0,1,false,false,false,false,false,false,false,false,false,false,true,false,false,false,false,false,false,false,false,false,false,false,-83.05738,42.36736,"{
  ""coordinates"": [
    -8.305738143931880e+01,
    4.236736388037650e+01
  ],
  ""type"": ""Point""
}","{
  ""coordinates"": [
    -83.057381439,
    42.36736388
  ],
  ""type"": ""Point""
}",-83.057381439,42.36736388
23135,1293528,FENELON,FREDRO,2018-02-07,7,2,2018,22,4,8,9,,,0,,98,5,98,25,2,2,3,2,0,1,0,1,false,false,false,false,false,false,false,false,false,false,false,false,false,false,true,false,false,false,false,false,false,false,-83.05237,42.40939,"{
  ""coordinates"": [
    -8.305237020014189e+01,
    4.240939060940000e+01
  ],
  ""type"": ""Point""
}","{
  ""coordinates"": [
    -83.0523702,
    42.409390609
  ],
  ""type"": ""Point""
}",-83.0523702,42.4093906090001
23136,1293514,GRAND RIVER,KENTFIELD,2018-02-07,7,2,2018,8,4,4,3,,1,0,Asphalt,3,5,1,35,4,2,12,5,0,0,0,0,true,false,false,false,false,false,false,false,false,false,false,false,false,false,false,true,false,false,true,false,false,false,-83.24078,42.40974,"{
  ""coordinates"": [
    -8.324078501064641e+01,
    4.240974414734880e+01
  ],
  ""type"": ""Point""
}","{
  ""coordinates"": [
    -83.240785011,
    42.409744147
  ],
  ""type"": ""Point""
}",-83.240785011,42.409744147
23137,1298766,N I 75,BRENTWOOD,2018-02-07,7,2,2018,12,4,8,1,,1,0,Asphalt,2,1,1,70,3,2,2,5,0,0,0,0,true,false,false,false,false,false,false,false,false,true,false,false,false,false,false,false,false,false,false,false,false,false,-83.09447,42.43105,"{
  ""coordinates"": [
    -8.309447761823800e+01,
    4.243105386089920e+01
  ],
  ""type"": ""Point""
}","{
  ""coordinates"": [
    -83.094477618,
    42.431053861
  ],
  ""type"": ""Point""
}",-83.094477618,42.4310538610001
23138,1294552,WOODWARD,PIQUETTE,2018-02-07,7,2,2018,14,4,1,3,,1,0,Asphalt,2,2,1,30,3,1,1,5,0,0,0,0,true,false,false,false,false,false,false,false,false,false,false,false,false,false,false,true,false,false,false,false,false,false,-83.07087,42.3665,"{
  ""coordinates"": [
    -8.307086777232070e+01,
    4.236649613892720e+01
  ],
  ""type"": ""Point""
}","{
  ""coordinates"": [
    -83.070867772,
    42.366496139
  ],
  ""type"": ""Point""
}",-83.070867772,42.366496139
23139,1293492,OUTER,BEDFORD,2018-02-07,7,2,2018,6,4,4,9,,2,0,Asphalt,4,5,3,30,2,2,1,5,0,0,0,0,true,false,false,false,true,false,false,false,false,false,false,false,false,false,false,false,false,false,false,false,false,false,-82.94416,42.40684,"{
  ""coordinates"": [
    -8.294416194577570e+01,
    4.240683724082150e+01
  ],
  ""type"": ""Point""
}","{
  ""coordinates"": [
    -82.944161946,
    42.406837241
  ],
  ""type"": ""Point""
}",-82.944161946,42.4068372410001
23140,1298798,ALTER,KORTE,2018-02-07,7,2,2018,20,4,4,9,,4,0,Asphalt,4,5,4,25,2,2,2,5,0,0,0,0,true,false,false,false,true,false,false,false,false,false,false,false,false,false,false,false,false,false,false,false,false,false,-82.93295,42.36492,"{
  ""coordinates"": [
    -8.293294598776320e+01,
    4.236492135035080e+01
  ],
  ""type"": ""Point""
}","{
  ""coordinates"": [
    -82.932945988,
    42.36492135
  ],
  ""type"": ""Point""
}",-82.932945988,42.36492135
23141,1293533,SANTA ROSA,EATON,2018-02-07,7,2,2018,22,4,8,9,,,3,,3,1,5,25,1,2,0,5,0,0,0,0,true,false,false,false,true,false,false,false,false,false,false,false,false,false,false,false,false,false,false,false,false,false,-83.14225,42.39783,"{
  ""coordinates"": [
    -8.314224635843919e+01,
    4.239782825439970e+01
  ],
  ""type"": ""Point""
}","{
  ""coordinates"": [
    -83.142246358,
    42.397828254
  ],
  ""type"": ""Point""
}",-83.142246358,42.397828254
23142,1298753,I-94,VAN DYKE,2018-02-07,7,2,2018,7,4,5,1,,1,0,Asphalt,4,5,2,55,3,2,2,5,0,0,0,0,true,false,false,false,false,false,false,false,false,false,false,false,false,false,false,false,false,false,false,false,false,false,-83.02108,42.386,"{
  ""coordinates"": [
    -8.302107762197549e+01,
    4.238600276848600e+01
  ],
  ""type"": ""Point""
}","{
  ""coordinates"": [
    -83.021077622,
    42.386002768
  ],
  ""type"": ""Point""
}",-83.021077622,42.386002768
23143,1293513,TRINITY,PICKFORD,2018-02-07,7,2,2018,17,4,1,9,,,0,,4,5,1,25,2,2,0,4,0,0,0,1,false,false,false,false,true,false,false,false,false,false,false,false,true,false,false,false,false,false,false,false,false,false,-83.24949,42.42398,"{
  ""coordinates"": [
    -8.324948747670901e+01,
    4.242398219559500e+01
  ],
  ""type"": ""Point""
}","{
  ""coordinates"": [
    -83.249487477,
    42.423982196
  ],
  ""type"": ""Point""
}",-83.2494874769999,42.4239821960001
23144,1295928,I-94,CHALMERS,2018-02-07,7,2,2018,7,4,5,1,,1,0,Asphalt,4,5,1,55,3,2,2,5,0,0,0,0,true,false,false,false,false,false,false,false,false,false,false,false,false,false,false,false,false,false,false,false,false,false,-82.96497,42.40359,"{
  ""coordinates"": [
    -8.296497226393051e+01,
    4.240359504027990e+01
  ],
  ""type"": ""Point""
}","{
  ""coordinates"": [
    -82.964972264,
    42.40359504
  ],
  ""type"": ""Point""
}",-82.964972264,42.40359504
23145,1324886,I-75,HOLBROOK,2018-02-07,7,2,2018,13,4,5,1,,1,0,Asphalt,2,5,1,70,4,2,2,5,0,0,0,0,true,false,false,false,false,false,false,false,false,false,false,false,false,false,true,false,false,false,false,false,false,false,-83.06817,42.38619,"{
  ""coordinates"": [
    -8.306817039892000e+01,
    4.238618830718660e+01
  ],
  ""type"": ""Point""
}","{
  ""coordinates"": [
    -83.068170399,
    42.386188307
  ],
  ""type"": ""Point""
}",-83.0681703989999,42.3861883070001
23146,1294579,NEVADA,HULL,2018-02-07,7,2,2018,21,4,5,9,,4,0,Asphalt,1,1,4,35,2,2,2,5,0,0,0,0,true,false,false,false,true,false,false,false,false,false,false,false,false,false,false,false,false,false,false,false,false,false,-83.08865,42.42504,"{
  ""coordinates"": [
    -8.308865217740390e+01,
    4.242504008472270e+01
  ],
  ""type"": ""Point""
}","{
  ""coordinates"": [
    -83.088652177,
    42.425040085
  ],
  ""type"": ""Point""
}",-83.088652177,42.425040085
23147,1295950,E I 96,SCHAEFER,2018-02-07,7,2,2018,8,4,5,1,,1,0,Concrete,4,5,1,70,3,2,2,5,0,0,0,0,true,false,false,false,false,false,false,false,false,false,false,false,false,false,false,false,false,false,false,false,false,false,-83.17908,42.38298,"{
  ""coordinates"": [
    -8.317908753296580e+01,
    4.238298097784290e+01
  ],
  ""type"": ""Point""
}","{
  ""coordinates"": [
    -83.179087533,
    42.382980978
  ],
  ""type"": ""Point""
}",-83.179087533,42.382980978
23148,1293512,SHERIDAN,FERRY,2018-02-07,7,2,2018,8,4,4,9,,,0,,4,5,1,25,2,2,2,5,0,0,0,0,true,false,false,false,false,false,false,false,false,false,false,false,false,false,false,false,false,false,false,false,false,false,-83.01961,42.37854,"{
  ""coordinates"": [
    -8.301960533674540e+01,
    4.237853877636520e+01
  ],
  ""type"": ""Point""
}","{
  ""coordinates"": [
    -83.019605337,
    42.378538776
  ],
  ""type"": ""Point""
}",-83.019605337,42.378538776
23149,1298744,I-96,TELEGRAPH,2018-02-07,7,2,2018,10,4,8,1,,1,0,Asphalt,4,5,1,70,4,2,1,5,0,0,0,0,true,false,false,false,true,false,false,false,false,false,false,false,false,false,false,false,false,false,false,false,false,false,-83.27409,42.38549,"{
  ""coordinates"": [
    -8.327409044861480e+01,
    4.238549360533770e+01
  ],
  ""type"": ""Point""
}","{
  ""coordinates"": [
    -83.274090449,
    42.385493605
  ],
  ""type"": ""Point""
}",-83.274090449,42.3854936050001
23150,1293515,MCNICHOLS,FORRER,2018-02-07,7,2,2018,14,4,4,9,,2,0,Asphalt,3,1,1,35,4,2,2,5,0,0,0,0,true,false,false,false,false,false,false,false,false,false,false,false,false,false,false,false,false,false,false,false,false,false,-83.20224,42.4159,"{
  ""coordinates"": [
    -8.320224093416940e+01,
    4.241590375864230e+01
  ],
  ""type"": ""Point""
}","{
  ""coordinates"": [
    -83.202240934,
    42.415903759
  ],
  ""type"": ""Point""
}",-83.202240934,42.4159037590001
23151,1293521,EVANSTON,BEACONSFIELD,2018-02-07,7,2,2018,16,4,4,9,,,0,,4,5,1,25,4,2,2,4,0,0,0,1,false,false,false,false,false,false,false,false,false,false,false,false,false,false,false,true,false,false,true,false,false,false,-82.95569,42.40809,"{
  ""coordinates"": [
    -8.295568735916871e+01,
    4.240808807834690e+01
  ],
  ""type"": ""Point""
}","{
  ""coordinates"": [
    -82.955687359,
    42.408088078
  ],
  ""type"": ""Point""
}",-82.955687359,42.408088078
23152,1294556,BROADWAY,GRATIOT,2018-02-07,7,2,2018,17,4,4,3,,4,0,Asphalt,2,2,1,25,3,2,1,5,0,0,0,0,true,false,false,false,true,false,false,false,false,false,true,false,false,false,false,false,false,false,false,false,false,false,-83.04568,42.33477,"{
  ""coordinates"": [
    -8.304568561795671e+01,
    4.233477090007170e+01
  ],
  ""type"": ""Point""
}","{
  ""coordinates"": [
    -83.045685618,
    42.3347709
  ],
  ""type"": ""Point""
}",-83.0456856179999,42.3347709000001
23153,1295951,NB M-39,GRAND RIVER,2018-02-07,7,2,2018,10,4,5,3,,1,0,Asphalt,6,2,1,55,3,3,4,5,0,0,0,0,true,false,false,false,false,false,false,false,false,true,false,false,false,false,false,false,false,false,false,false,false,false,-83.21817,42.39922,"{
  ""coordinates"": [
    -8.321816672713901e+01,
    4.239922261903210e+01
  ],
  ""type"": ""Point""
}","{
  ""coordinates"": [
    -83.218166727,
    42.399222619
  ],
  ""type"": ""Point""
}",-83.218166727,42.3992226190001
23154,1299800,N I 75,BRENTWOOD,2018-02-07,7,2,2018,14,4,8,1,,1,0,Asphalt,2,2,1,70,4,2,1,5,0,0,0,0,true,false,false,false,true,false,false,false,false,false,false,false,false,false,false,false,false,false,false,false,false,false,-83.09447,42.43104,"{
  ""coordinates"": [
    -8.309447566149269e+01,
    4.243103943624130e+01
  ],
  ""type"": ""Point""
}","{
  ""coordinates"": [
    -83.094475661,
    42.431039436
  ],
  ""type"": ""Point""
}",-83.094475661,42.431039436
23155,1293500,JOY,HEYDEN,2018-02-07,7,2,2018,19,4,5,9,,2,0,Asphalt,2,1,4,35,4,3,2,5,0,0,0,0,true,false,false,false,true,false,false,false,false,false,false,false,false,false,false,false,false,false,false,false,false,false,-83.23811,42.35753,"{
  ""coordinates"": [
    -8.323810274368820e+01,
    4.235753031216870e+01
  ],
  ""type"": ""Point""
}","{
  ""coordinates"": [
    -83.238102744,
    42.357530312
  ],
  ""type"": ""Point""
}",-83.2381027439999,42.3575303120001
23156,1293479,SCHAEFER,DEACON,2018-02-07,7,2,2018,8,4,5,9,,2,0,Asphalt,2,5,1,35,4,2,3,5,0,0,0,0,true,false,false,false,false,false,false,false,false,false,false,false,false,false,false,false,false,false,false,false,false,false,-83.1458,42.27571,"{
  ""coordinates"": [
    -8.314580015384431e+01,
    4.227570750131860e+01
  ],
  ""type"": ""Point""
}","{
  ""coordinates"": [
    -83.145800154,
    42.275707501
  ],
  ""type"": ""Point""
}",-83.145800154,42.2757075010001
23157,1505283,GREENFIELD,CURTIS,2018-10-20,20,10,2018,7,7,7,9,,2,0,Asphalt,2,4,4,35,4,2,4,5,0,0,0,0,true,false,false,false,false,false,false,false,false,false,false,false,false,false,true,false,false,false,false,false,false,false,-83.19958,42.42316,"{
  ""coordinates"": [
    -8.319958798231080e+01,
    4.242315535618520e+01
  ],
  ""type"": ""Point""
}","{
  ""coordinates"": [
    -83.199587982,
    42.423155356
  ],
  ""type"": ""Point""
}",-83.199587982,42.4231553560001
23158,1506388,DAVISON,14TH,2018-10-20,20,10,2018,20,7,4,3,,1,0,Asphalt,2,1,5,35,6,2,1,5,0,0,0,0,true,false,false,false,true,false,false,false,false,false,false,false,false,false,false,false,false,false,false,false,false,false,-83.11637,42.39511,"{
  ""coordinates"": [
    -8.311636995538839e+01,
    4.239511548130140e+01
  ],
  ""type"": ""Point""
}","{
  ""coordinates"": [
    -83.116369955,
    42.395115481
  ],
  ""type"": ""Point""
}",-83.116369955,42.3951154810001
23159,1532398,M 39,LYNDON,2018-10-20,20,10,2018,22,7,1,3,,1,1,Asphalt,1,1,4,55,3,1,1,4,0,0,0,2,false,false,false,false,false,false,false,false,false,false,false,false,false,false,false,false,false,false,false,false,false,false,-83.21808,42.39363,"{
  ""coordinates"": [
    -8.321807738180330e+01,
    4.239362842247690e+01
  ],
  ""type"": ""Point""
}","{
  ""coordinates"": [
    -83.218077382,
    42.393628422
  ],
  ""type"": ""Point""
}",-83.218077382,42.3936284220001
23160,1505261,VERNOR,SPRINGWELLS,2018-10-20,20,10,2018,12,7,5,9,,4,0,Asphalt,1,2,1,30,3,3,1,5,0,0,0,0,true,false,false,false,true,false,false,false,false,false,false,false,false,false,false,false,false,false,false,false,false,false,-83.12717,42.31146,"{
  ""coordinates"": [
    -8.312716573553520e+01,
    4.231145855112440e+01
  ],
  ""type"": ""Point""
}","{
  ""coordinates"": [
    -83.127165736,
    42.311458551
  ],
  ""type"": ""Point""
}",-83.1271657359999,42.311458551
23161,1528480,TEMPLE,2ND,2018-10-20,20,10,2018,19,7,5,9,,4,0,Asphalt,2,2,3,25,2,2,2,5,0,0,0,0,true,false,false,false,false,false,false,false,false,false,false,true,false,false,false,false,false,false,false,false,false,false,-83.06072,42.34112,"{
  ""coordinates"": [
    -8.306072246200000e+01,
    4.234111670342530e+01
  ],
  ""type"": ""Point""
}","{
  ""coordinates"": [
    -83.060722462,
    42.341116703
  ],
  ""type"": ""Point""
}",-83.0607224619999,42.3411167030001
23162,1520315,CONANT,GRIXDALE,2018-10-20,20,10,2018,11,7,9,9,,4,2,Asphalt,2,4,1,,2,2,0,5,0,0,0,0,true,false,false,false,true,false,false,false,false,false,false,false,false,false,false,false,false,false,false,false,false,false,-83.07035,42.42827,"{
  ""coordinates"": [
    -8.307035138678140e+01,
    4.242826701742790e+01
  ],
  ""type"": ""Point""
}","{
  ""coordinates"": [
    -83.070351387,
    42.428267017
  ],
  ""type"": ""Point""
}",-83.070351387,42.4282670170001
23163,1506393,JOSEPH CAMPAU,LAWLEY,2018-10-20,20,10,2018,13,7,4,9,,4,0,Asphalt,1,1,1,35,2,2,2,4,0,0,0,1,false,false,false,false,false,false,false,false,false,false,false,false,false,false,true,false,false,false,false,false,false,false,-83.06718,42.41069,"{
  ""coordinates"": [
    -8.306717451931300e+01,
    4.241068667851180e+01
  ],
  ""type"": ""Point""
}","{
  ""coordinates"": [
    -83.067174519,
    42.410686679
  ],
  ""type"": ""Point""
}",-83.0671745189999,42.410686679
23164,1510463,E I 96,SCHAEFER,2018-10-20,20,10,2018,15,7,1,1,,1,1,Concrete,2,4,1,55,3,1,1,5,0,0,0,0,true,false,false,false,false,false,false,false,false,true,false,false,false,false,false,false,false,false,false,false,false,false,-83.17817,42.38319,"{
  ""coordinates"": [
    -8.317817025487030e+01,
    4.238318539918430e+01
  ],
  ""type"": ""Point""
}","{
  ""coordinates"": [
    -83.178170255,
    42.383185399
  ],
  ""type"": ""Point""
}",-83.1781702549999,42.3831853990001
23165,1510520,LINVILLE,KENSINGTON,2018-10-20,20,10,2018,16,7,4,9,,,0,,1,1,1,25,2,2,3,5,0,0,0,0,true,false,true,false,false,false,false,false,false,false,false,false,false,false,false,false,false,false,false,false,false,false,-82.93946,42.41069,"{
  ""coordinates"": [
    -8.293946448302340e+01,
    4.241069335724500e+01
  ],
  ""type"": ""Point""
}","{
  ""coordinates"": [
    -82.939464483,
    42.410693357
  ],
  ""type"": ""Point""
}",-82.9394644829999,42.4106933570001
23166,1505273,WARREN,S I 75,2018-10-20,20,10,2018,13,7,5,9,,4,0,Asphalt,1,2,4,30,3,2,2,5,0,0,0,0,true,false,false,false,false,false,false,false,false,false,false,false,false,false,false,false,false,false,false,false,false,false,-83.0545,42.36073,"{
  ""coordinates"": [
    -8.305450081298341e+01,
    4.236073370095230e+01
  ],
  ""type"": ""Point""
}","{
  ""coordinates"": [
    -83.054500813,
    42.360733701
  ],
  ""type"": ""Point""
}",-83.0545008129999,42.3607337010001
23167,1543026,FORRER,CAMBRIDGE,2018-10-20,20,10,2018,21,7,98,9,,,0,,1,1,4,25,2,2,0,5,0,0,0,0,true,false,false,false,true,false,false,false,false,false,false,false,false,false,false,false,false,false,false,false,false,false,-83.2032,42.43223,"{
  ""coordinates"": [
    -8.320320381544090e+01,
    4.243223143857180e+01
  ],
  ""type"": ""Point""
}","{
  ""coordinates"": [
    -83.203203815,
    42.432231439
  ],
  ""type"": ""Point""
}",-83.2032038149999,42.4322314390001
23168,1506392,MAINE,STENDER,2018-10-20,20,10,2018,0,7,4,9,,,0,,2,4,5,25,1,2,1,5,0,0,0,0,true,false,false,false,true,false,false,false,false,false,false,false,false,false,false,false,false,false,false,false,false,false,-83.07528,42.42101,"{
  ""coordinates"": [
    -8.307528138492290e+01,
    4.242100458152150e+01
  ],
  ""type"": ""Point""
}","{
  ""coordinates"": [
    -83.075281385,
    42.421004582
  ],
  ""type"": ""Point""
}",-83.075281385,42.4210045820001
23169,1506390,DEQUINDRE,RAMP 047C,2018-10-20,20,10,2018,19,7,9,9,,4,0,Asphalt,2,4,3,35,2,2,1,5,0,0,0,0,true,false,false,false,true,false,false,false,false,false,false,false,false,false,false,false,false,false,false,false,false,false,-83.07771,42.40988,"{
  ""coordinates"": [
    -8.307771327276950e+01,
    4.240988212463320e+01
  ],
  ""type"": ""Point""
}","{
  ""coordinates"": [
    -83.077713273,
    42.409882125
  ],
  ""type"": ""Point""
}",-83.077713273,42.4098821250001
23170,1506383,SORRENTO,MIDLAND,2018-10-20,20,10,2018,0,7,97,9,,,0,,2,4,4,25,2,3,2,5,0,0,0,0,true,false,false,false,true,false,false,false,false,false,false,false,false,false,false,false,false,false,false,false,false,false,-83.17271,42.40575,"{
  ""coordinates"": [
    -8.317270934645281e+01,
    4.240574974687640e+01
  ],
  ""type"": ""Point""
}","{
  ""coordinates"": [
    -83.172709346,
    42.405749747
  ],
  ""type"": ""Point""
}",-83.172709346,42.4057497470001
23171,1505234,WYOMING,CHICAGO,2018-10-20,20,10,2018,9,7,5,9,,4,0,Asphalt,2,1,1,30,1,2,2,5,0,0,0,0,true,false,false,false,false,false,false,false,false,false,false,false,false,false,false,false,false,false,false,false,false,false,-83.15821,42.36633,"{
  ""coordinates"": [
    -8.315821451656940e+01,
    4.236632605172360e+01
  ],
  ""type"": ""Point""
}","{
  ""coordinates"": [
    -83.158214517,
    42.366326052
  ],
  ""type"": ""Point""
}",-83.158214517,42.366326052