ObjectId,Crash ID,Primary Road,Intersecting Road,Crash Date,Day,Month,Year,Hour,Weekday,Crash Type Code,Highway Classification Code,Community Code,Jurisdiction Code,Lane Departure Type Code,Surface Type,Road Condition,Weather Condition,Lighting Condition,Speed Limit,Lanes,Units,Occupants,Most Severe Injury,Fatal Injuries,Suspected Serious Injuries,Suspected Minor Injuries,Possible Injuries,Property Damage Only,Secondary Crash,Traffic Control,Red Light Run,Hit and Run,Alcohol,Drugs,Unbelted Person,Work Zone,Speeding Driver,Distracted Driver,Driveway,Pedestrian,Elderly Driver,Young Driver,Commercial Vehicle,Emergency Vehicles,Train,School Bus,Motorcycle,Bicycle,Deer,Longitude,Latitude,geom,geog,x,y
23280,1505232,PLYMOUTH,ROBSON,2018-10-19,19,10,2018,16,6,97,9,,4,0,Asphalt,1,4,1,30,4,2,3,5,0,0,0,0,true,false,false,false,false,false,false,false,false,false,false,false,false,false,false,false,false,false,false,false,false,false,-83.19205,42.37271,"{
  ""coordinates"": [
    -8.319205107734300e+01,
    4.237271272462290e+01
  ],
  ""type"": ""Point""
}","{
  ""coordinates"": [
    -83.192051077,
    42.372712725
  ],
  ""type"": ""Point""
}",-83.192051077,42.372712725
23281,1507810,N I 75,WARREN,2018-10-19,19,10,2018,15,6,5,1,,1,0,Asphalt,1,2,1,30,4,2,3,5,0,0,0,0,true,false,false,false,true,false,false,false,false,false,false,false,false,false,false,false,false,false,false,false,false,false,-83.05426,42.36086,"{
  ""coordinates"": [
    -8.305425833018060e+01,
    4.236085762798320e+01
  ],
  ""type"": ""Point""
}","{
  ""coordinates"": [
    -83.05425833,
    42.360857628
  ],
  ""type"": ""Point""
}",-83.05425833,42.3608576280001
23282,1505245,CONGRESS,BEAUBIEN,2018-10-19,19,10,2018,19,6,4,9,,4,0,Asphalt,2,4,4,25,4,2,2,5,0,0,0,0,true,false,false,false,false,false,false,false,false,false,false,false,false,true,false,false,false,false,false,false,false,false,-83.0408,42.33236,"{
  ""coordinates"": [
    -8.304079872122431e+01,
    4.233235907063510e+01
  ],
  ""type"": ""Point""
}","{
  ""coordinates"": [
    -83.040798721,
    42.332359071
  ],
  ""type"": ""Point""
}",-83.040798721,42.332359071
23283,1505279,EATON,PIEDMONT,2018-10-19,19,10,2018,11,6,4,9,,,0,,1,1,1,25,2,2,3,4,0,0,0,1,false,false,false,false,false,false,false,false,false,false,false,false,false,false,true,false,false,false,false,false,false,false,-83.23,42.39589,"{
  ""coordinates"": [
    -8.322999901215610e+01,
    4.239589003958610e+01
  ],
  ""type"": ""Point""
}","{
  ""coordinates"": [
    -83.229999012,
    42.39589004
  ],
  ""type"": ""Point""
}",-83.229999012,42.39589004
23284,1530932,I-94,RUSSELL,2018-10-19,19,10,2018,17,6,5,1,,1,0,Concrete,2,2,1,55,3,2,2,5,0,0,0,0,true,false,false,false,false,false,false,false,false,false,false,false,false,false,false,false,false,false,false,false,false,false,-83.05632,42.3696,"{
  ""coordinates"": [
    -8.305632235133589e+01,
    4.236960407013900e+01
  ],
  ""type"": ""Point""
}","{
  ""coordinates"": [
    -83.056322351,
    42.36960407
  ],
  ""type"": ""Point""
}",-83.0563223509999,42.36960407
23285,1505289,GUNSTON,CORBETT,2018-10-19,19,10,2018,16,6,4,9,,,0,,1,2,1,25,2,2,3,5,0,0,0,0,true,false,false,false,true,false,false,false,false,false,false,false,false,false,true,false,false,false,false,false,false,false,-82.98988,42.40164,"{
  ""coordinates"": [
    -8.298987572888470e+01,
    4.240164204900640e+01
  ],
  ""type"": ""Point""
}","{
  ""coordinates"": [
    -82.989875729,
    42.401642049
  ],
  ""type"": ""Point""
}",-82.9898757289999,42.401642049
23286,1505277,MCNICHOLS,SOUTHFIELD SERVICE,2018-10-19,19,10,2018,2,6,97,9,,2,0,Asphalt,1,1,4,35,5,3,4,5,0,0,0,0,true,false,true,true,true,false,false,false,false,false,false,false,false,true,false,false,false,false,false,false,false,false,-83.2184,42.41556,"{
  ""coordinates"": [
    -8.321839813411600e+01,
    4.241556281415330e+01
  ],
  ""type"": ""Point""
}","{
  ""coordinates"": [
    -83.218398134,
    42.415562814
  ],
  ""type"": ""Point""
}",-83.218398134,42.4155628140001
23287,1572684,I 94,I 96,2018-10-19,19,10,2018,1,6,5,1,,1,0,Asphalt,1,1,4,55,3,2,2,5,0,0,0,0,true,false,false,false,false,false,false,false,false,false,false,false,false,false,false,true,false,false,false,false,false,false,-83.1001,42.3498,"{
  ""coordinates"": [
    -8.310009496249771e+01,
    4.234979616142230e+01
  ],
  ""type"": ""Point""
}","{
  ""coordinates"": [
    -83.100094962,
    42.349796161
  ],
  ""type"": ""Point""
}",-83.100094962,42.349796161
23288,1515517,GRAND RIVER,RANDOLPH,2018-10-19,19,10,2018,,6,1,9,,4,0,Asphalt,1,1,4,25,1,1,0,5,0,0,0,0,true,false,false,false,true,false,false,false,false,false,false,true,false,false,false,false,false,false,false,false,false,false,-83.04906,42.33394,"{
  ""coordinates"": [
    -8.304905944130270e+01,
    4.233394198021010e+01
  ],
  ""type"": ""Point""
}","{
  ""coordinates"": [
    -83.049059441,
    42.33394198
  ],
  ""type"": ""Point""
}",-83.0490594409999,42.3339419800001
23289,1571536,FOREST,CASS,2018-10-19,19,10,2018,11,6,8,9,,4,0,Asphalt,1,1,1,,3,2,2,5,0,0,0,0,true,false,false,false,false,false,false,false,false,false,false,false,false,false,false,false,false,false,false,false,false,false,-83.06571,42.35362,"{
  ""coordinates"": [
    -8.306571547943619e+01,
    4.235362421644270e+01
  ],
  ""type"": ""Point""
}","{
  ""coordinates"": [
    -83.065715479,
    42.353624216
  ],
  ""type"": ""Point""
}",-83.0657154789999,42.3536242160001
23290,1520283,ASHTON,MCNICHOLS,2018-10-19,19,10,2018,21,6,4,9,,,0,,2,4,4,25,2,2,2,5,0,0,0,0,true,false,false,false,false,false,false,false,false,false,false,true,false,false,false,false,false,false,false,false,false,false,-83.22009,42.41559,"{
  ""coordinates"": [
    -8.322008150387590e+01,
    4.241559222827570e+01
  ],
  ""type"": ""Point""
}","{
  ""coordinates"": [
    -83.220081504,
    42.415592228
  ],
  ""type"": ""Point""
}",-83.2200815039999,42.415592228
23291,1506347,GRATIOT,RUSSELL,2018-10-19,19,10,2018,15,6,5,3,,1,0,Concrete,1,1,1,30,6,2,2,5,0,0,0,0,true,false,false,false,false,false,false,false,false,false,false,false,false,false,false,false,false,false,false,false,false,false,-83.03915,42.343,"{
  ""coordinates"": [
    -8.303915706984780e+01,
    4.234299788733930e+01
  ],
  ""type"": ""Point""
}","{
  ""coordinates"": [
    -83.03915707,
    42.342997887
  ],
  ""type"": ""Point""
}",-83.03915707,42.3429978870001
23292,1510536,DAVISON,EWALD,2018-10-19,19,10,2018,17,6,5,3,,1,0,Concrete,1,1,1,40,3,2,3,5,0,0,0,0,true,false,false,false,false,false,false,false,false,false,false,false,false,false,false,false,false,false,false,false,false,false,-83.14539,42.38641,"{
  ""coordinates"": [
    -8.314538368429029e+01,
    4.238640490450310e+01
  ],
  ""type"": ""Point""
}","{
  ""coordinates"": [
    -83.145383684,
    42.386404905
  ],
  ""type"": ""Point""
}",-83.145383684,42.3864049050001
23293,1529870,LIVERNOIS,7 MILE,2018-10-19,19,10,2018,11,6,5,9,,4,0,Asphalt,1,1,1,30,2,2,2,5,0,0,0,0,true,false,false,false,false,false,false,false,false,false,false,false,false,false,true,false,false,false,false,false,false,false,-83.14158,42.43163,"{
  ""coordinates"": [
    -8.314157813656171e+01,
    4.243163433997910e+01
  ],
  ""type"": ""Point""
}","{
  ""coordinates"": [
    -83.141578137,
    42.43163434
  ],
  ""type"": ""Point""
}",-83.141578137,42.4316343400001
23294,1530955,M-8,2ND,2018-10-19,19,10,2018,17,6,5,3,,1,0,Asphalt,2,4,1,55,4,2,3,5,0,0,0,0,true,false,false,false,false,false,false,false,false,false,true,false,false,false,false,false,false,false,false,false,false,false,-83.0515,42.32895,"{
  ""coordinates"": [
    -8.305149642598930e+01,
    4.232894806184660e+01
  ],
  ""type"": ""Point""
}","{
  ""coordinates"": [
    -83.051496426,
    42.328948062
  ],
  ""type"": ""Point""
}",-83.051496426,42.3289480620001
23295,1505297,STOTTER,OUTER,2018-10-19,19,10,2018,7,6,4,9,,,0,,1,1,1,25,1,2,2,5,0,0,0,0,true,false,false,false,true,false,false,false,false,false,false,false,false,false,false,false,false,false,false,false,false,false,-83.02574,42.44185,"{
  ""coordinates"": [
    -8.302573867403299e+01,
    4.244185102021370e+01
  ],
  ""type"": ""Point""
}","{
  ""coordinates"": [
    -83.025738674,
    42.44185102
  ],
  ""type"": ""Point""
}",-83.025738674,42.4418510200001
23296,1532408,S/B M-39,SCHOOLCRAFT,2018-10-19,19,10,2018,22,6,5,3,,1,0,Asphalt,2,1,4,55,3,2,2,5,0,0,0,0,true,false,false,false,false,false,false,false,false,false,false,false,false,false,false,false,false,false,false,false,false,false,-83.21772,42.38643,"{
  ""coordinates"": [
    -8.321772332127250e+01,
    4.238643123155860e+01
  ],
  ""type"": ""Point""
}","{
  ""coordinates"": [
    -83.217723321,
    42.386431232
  ],
  ""type"": ""Point""
}",-83.2177233209999,42.3864312320001
23297,1506400,WOODWARD,7 MILE,2018-10-19,19,10,2018,15,6,5,3,,1,0,Asphalt,1,2,1,40,4,2,3,5,0,0,0,0,true,false,false,false,false,false,false,false,false,false,false,false,false,false,false,false,false,false,false,false,false,false,-83.115,42.43151,"{
  ""coordinates"": [
    -8.311499959418940e+01,
    4.243151295526440e+01
  ],
  ""type"": ""Point""
}","{
  ""coordinates"": [
    -83.114999594,
    42.431512955
  ],
  ""type"": ""Point""
}",-83.114999594,42.4315129550001
23298,1532388,M-39,I-96,2018-10-19,19,10,2018,20,6,5,3,,1,0,Asphalt,1,2,4,55,3,2,2,4,0,0,0,1,false,false,false,false,false,false,false,false,false,false,true,false,false,false,true,false,false,false,false,false,false,false,-83.21682,42.37735,"{
  ""coordinates"": [
    -8.321682115273190e+01,
    4.237735108501410e+01
  ],
  ""type"": ""Point""
}","{
  ""coordinates"": [
    -83.216821153,
    42.377351085
  ],
  ""type"": ""Point""
}",-83.216821153,42.377351085
23299,1507791,MCDOUGALL,WIGHT,2018-10-19,19,10,2018,9,6,98,9,,,0,,1,1,1,,2,2,1,5,0,0,0,0,true,false,false,false,false,false,false,false,false,false,false,false,false,false,false,false,false,false,false,false,false,false,-83.01672,42.33854,"{
  ""coordinates"": [
    -8.301672493455600e+01,
    4.233854136418400e+01
  ],
  ""type"": ""Point""
}","{
  ""coordinates"": [
    -83.016724935,
    42.338541364
  ],
  ""type"": ""Point""
}",-83.016724935,42.338541364
23300,1521704,W I 94,HARPER,2018-10-19,19,10,2018,11,6,8,1,,1,0,Asphalt,1,2,1,55,3,2,1,4,0,0,0,1,false,false,false,false,true,false,false,false,false,false,false,false,false,true,false,false,false,false,false,false,false,false,-82.94767,42.40974,"{
  ""coordinates"": [
    -8.294767057521280e+01,
    4.240973700819410e+01
  ],
  ""type"": ""Point""
}","{
  ""coordinates"": [
    -82.947670575,
    42.409737008
  ],
  ""type"": ""Point""
}",-82.947670575,42.409737008
23301,1532399,I-96,JOY,2018-10-19,19,10,2018,20,6,8,1,,1,0,Asphalt,2,2,4,70,4,2,2,5,0,0,0,0,true,false,false,false,false,false,false,false,false,true,false,false,false,false,false,false,false,false,false,false,false,false,-83.13096,42.36423,"{
  ""coordinates"": [
    -8.313095989792519e+01,
    4.236423063004190e+01
  ],
  ""type"": ""Point""
}","{
  ""coordinates"": [
    -83.130959898,
    42.36423063
  ],
  ""type"": ""Point""
}",-83.130959898,42.3642306300001
23302,1509192,I 75,HOLBROOK,2018-10-19,19,10,2018,17,6,5,1,,1,0,Asphalt,2,4,1,70,4,2,3,5,0,0,0,0,true,false,false,false,false,false,false,false,false,false,false,false,false,false,true,false,false,false,false,false,false,false,-83.06802,42.38645,"{
  ""coordinates"": [
    -8.306801746049899e+01,
    4.238644943180190e+01
  ],
  ""type"": ""Point""
}","{
  ""coordinates"": [
    -83.06801746,
    42.386449432
  ],
  ""type"": ""Point""
}",-83.06801746,42.3864494320001
23303,1526405,WINSTON,PICKFORD,2018-10-19,19,10,2018,22,6,5,9,,,0,,2,4,4,25,2,2,1,5,0,0,0,0,true,false,false,false,false,false,false,false,false,false,false,false,false,false,false,false,false,false,false,false,false,false,-83.28402,42.42342,"{
  ""coordinates"": [
    -8.328401900813731e+01,
    4.242342468378150e+01
  ],
  ""type"": ""Point""
}","{
  ""coordinates"": [
    -83.284019008,
    42.423424684
  ],
  ""type"": ""Point""
}",-83.284019008,42.4234246840001
23304,1529867,EWALD,DAVISON,2018-10-19,19,10,2018,22,6,4,3,,4,0,Asphalt,2,1,4,35,4,2,1,5,0,0,0,0,true,false,true,true,true,false,false,false,false,false,false,false,false,false,false,false,false,false,false,false,false,false,-83.14529,42.38647,"{
  ""coordinates"": [
    -8.314529316726400e+01,
    4.238646737972500e+01
  ],
  ""type"": ""Point""
}","{
  ""coordinates"": [
    -83.145293167,
    42.38646738
  ],
  ""type"": ""Point""
}",-83.145293167,42.3864673800001
23305,1536926,E I 94,MOUNT ELLIOTT,2018-10-19,19,10,2018,19,6,5,1,,1,0,Asphalt,2,4,4,55,3,2,2,5,0,0,0,0,true,false,false,false,false,false,false,false,false,false,false,false,false,false,false,false,false,false,false,false,false,false,-83.03335,42.37947,"{
  ""coordinates"": [
    -8.303334830247690e+01,
    4.237947144132390e+01
  ],
  ""type"": ""Point""
}","{
  ""coordinates"": [
    -83.033348302,
    42.379471441
  ],
  ""type"": ""Point""
}",-83.033348302,42.3794714410001
23306,1525208,I-75,DAVISON,2018-10-19,19,10,2018,16,6,5,1,,1,0,Concrete,1,2,1,70,4,2,2,5,0,0,0,0,true,false,false,false,false,false,false,false,false,false,false,false,false,true,false,false,false,false,false,false,false,false,-83.07565,42.40635,"{
  ""coordinates"": [
    -8.307565280187480e+01,
    4.240635411526020e+01
  ],
  ""type"": ""Point""
}","{
  ""coordinates"": [
    -83.075652802,
    42.406354115
  ],
  ""type"": ""Point""
}",-83.075652802,42.4063541150001
23307,1515550,LARNED,MCDOUGALL,2018-10-19,19,10,2018,13,6,8,9,,4,0,Asphalt,1,1,1,25,3,2,2,5,0,0,0,0,true,false,false,false,false,false,false,false,false,false,false,false,false,true,true,false,false,false,false,false,false,false,-83.01694,42.34162,"{
  ""coordinates"": [
    -8.301693537450740e+01,
    4.234162164963310e+01
  ],
  ""type"": ""Point""
}","{
  ""coordinates"": [
    -83.016935375,
    42.34162165
  ],
  ""type"": ""Point""
}",-83.0169353749999,42.34162165
23308,1518556,N M 10,MILWAUKEE,2018-10-19,19,10,2018,13,6,5,3,,1,0,Concrete,1,2,1,15,1,2,3,5,0,0,0,0,true,false,false,false,false,false,false,false,true,false,false,false,false,false,false,false,false,false,false,false,false,false,-83.08109,42.36624,"{
  ""coordinates"": [
    -8.308109455346280e+01,
    4.236623749377350e+01
  ],
  ""type"": ""Point""
}","{
  ""coordinates"": [
    -83.081094553,
    42.366237494
  ],
  ""type"": ""Point""
}",-83.081094553,42.3662374940001
23309,1518530,I 75,CLAY,2018-10-19,19,10,2018,18,6,5,1,,1,0,Asphalt,2,4,4,70,4,2,3,4,0,0,0,1,false,false,false,false,false,false,false,false,false,false,true,false,false,true,false,false,false,false,false,false,false,false,-83.05973,42.373,"{
  ""coordinates"": [
    -8.305973187906859e+01,
    4.237300445548440e+01
  ],
  ""type"": ""Point""
}","{
  ""coordinates"": [
    -83.059731879,
    42.373004455
  ],
  ""type"": ""Point""
}",-83.059731879,42.3730044550001
23310,1516599,RAMP 037E,W I 96,2018-10-19,19,10,2018,15,6,97,1,,1,0,Asphalt,1,2,1,55,1,2,2,5,0,0,0,0,true,false,false,false,false,false,false,false,false,false,false,false,false,false,false,true,true,false,false,false,false,false,-83.08822,42.33438,"{
  ""coordinates"": [
    -8.308821707713730e+01,
    4.233437959398210e+01
  ],
  ""type"": ""Point""
}","{
  ""coordinates"": [
    -83.088217077,
    42.334379594
  ],
  ""type"": ""Point""
}",-83.088217077,42.334379594
23311,1563778,JOHN R,PALMER,2018-10-19,19,10,2018,19,6,97,9,,4,0,Asphalt,2,1,4,25,2,3,5,5,0,0,0,0,true,false,false,false,false,false,false,false,false,false,false,false,false,false,false,false,false,false,false,false,false,false,-83.06568,42.36297,"{
  ""coordinates"": [
    -8.306567847504380e+01,
    4.236297108482830e+01
  ],
  ""type"": ""Point""
}","{
  ""coordinates"": [
    -83.065678475,
    42.362971085
  ],
  ""type"": ""Point""
}",-83.065678475,42.362971085
23312,1528591,CHICAGO,S M 10,2018-10-18,18,10,2018,15,5,8,3,,4,0,Concrete,1,1,1,30,6,2,2,5,0,0,0,0,true,false,false,false,false,false,false,false,false,false,false,false,false,false,false,false,false,false,false,false,false,false,-83.09491,42.38231,"{
  ""coordinates"": [
    -8.309491128267820e+01,
    4.238231429300260e+01
  ],
  ""type"": ""Point""
}","{
  ""coordinates"": [
    -83.094911283,
    42.382314293
  ],
  ""type"": ""Point""
}",-83.094911283,42.382314293
23313,1507758,I-96,EVERGREEN,2018-10-18,18,10,2018,22,5,1,1,,1,1,Concrete,1,1,4,70,2,1,1,4,0,0,0,1,false,false,false,false,false,false,false,false,false,true,false,false,false,false,false,false,false,false,false,false,false,false,-83.23692,42.38066,"{
  ""coordinates"": [
    -8.323692529611390e+01,
    4.238065901143140e+01
  ],
  ""type"": ""Point""
}","{
  ""coordinates"": [
    -83.236925296,
    42.380659011
  ],
  ""type"": ""Point""
}",-83.236925296,42.380659011
23314,1507775,BALTIMORE,THIRD,2018-10-18,18,10,2018,14,5,4,9,,4,0,Asphalt,1,1,1,30,2,2,2,4,0,0,0,2,false,false,true,true,false,false,false,false,false,false,false,false,false,false,false,false,false,false,false,false,false,false,-83.07781,42.36625,"{
  ""coordinates"": [
    -8.307780946742220e+01,
    4.236624592806600e+01
  ],
  ""type"": ""Point""
}","{
  ""coordinates"": [
    -83.077809467,
    42.366245928
  ],
  ""type"": ""Point""
}",-83.077809467,42.3662459280001
23315,1503923,M-39,7 MILE,2018-10-18,18,10,2018,15,5,5,3,,1,0,Concrete,1,1,1,55,3,2,2,5,0,0,0,0,true,false,false,false,false,false,false,false,false,false,false,false,false,false,true,false,false,false,false,false,false,false,-83.21922,42.42974,"{
  ""coordinates"": [
    -8.321921993056380e+01,
    4.242974298853410e+01
  ],
  ""type"": ""Point""
}","{
  ""coordinates"": [
    -83.219219931,
    42.429742989
  ],
  ""type"": ""Point""
}",-83.2192199309999,42.429742989
23316,1509199,E I 94,14TH,2018-10-18,18,10,2018,4,5,1,1,,1,0,Asphalt,98,98,98,,2,1,2,5,0,0,0,0,true,false,true,false,false,false,false,false,false,false,false,false,false,false,false,true,false,false,false,false,false,false,-83.08889,42.35332,"{
  ""coordinates"": [
    -8.308888777942580e+01,
    4.235331845489430e+01
  ],
  ""type"": ""Point""
}","{
  ""coordinates"": [
    -83.088887779,
    42.353318455
  ],
  ""type"": ""Point""
}",-83.0888877789999,42.3533184550001
23317,1503929,GREENFIELD,DAVISON,2018-10-18,18,10,2018,18,5,5,9,,2,0,Asphalt,1,1,1,35,4,2,2,5,0,0,0,0,true,false,false,false,false,false,false,false,false,false,false,false,false,false,true,false,false,false,false,false,false,false,-83.19807,42.38514,"{
  ""coordinates"": [
    -8.319806421506270e+01,
    4.238513964485540e+01
  ],
  ""type"": ""Point""
}","{
  ""coordinates"": [
    -83.198064215,
    42.385139645
  ],
  ""type"": ""Point""
}",-83.198064215,42.385139645
23318,1507745,N/B M-39,WARREN,2018-10-18,18,10,2018,17,5,8,3,,1,0,Asphalt,1,1,1,55,3,2,2,5,0,0,0,0,true,false,false,false,false,false,false,false,false,false,false,false,false,false,false,false,false,false,false,false,false,false,-83.21603,42.34193,"{
  ""coordinates"": [
    -8.321603633675250e+01,
    4.234192768373840e+01
  ],
  ""type"": ""Point""
}","{
  ""coordinates"": [
    -83.216036337,
    42.341927684
  ],
  ""type"": ""Point""
}",-83.2160363369999,42.341927684
23319,1503945,MCNICHOLS,LENORE,2018-10-18,18,10,2018,17,5,5,9,,2,0,Asphalt,1,1,1,35,5,2,2,5,0,0,0,0,true,false,false,false,false,false,false,false,false,false,false,false,false,true,false,false,false,false,false,false,false,false,-83.28069,42.41444,"{
  ""coordinates"": [
    -8.328069414187770e+01,
    4.241443560129280e+01
  ],
  ""type"": ""Point""
}","{
  ""coordinates"": [
    -83.280694142,
    42.414435601
  ],
  ""type"": ""Point""
}",-83.280694142,42.414435601
23320,1506338,CHARLEVOIX,BURNS,2018-10-18,18,10,2018,17,5,4,9,,4,0,Asphalt,1,1,1,,2,2,2,5,0,0,0,0,true,false,true,true,false,false,false,false,false,false,false,false,false,false,false,false,false,false,false,false,false,false,-82.99751,42.36503,"{
  ""coordinates"": [
    -8.299750578666230e+01,
    4.236503067454160e+01
  ],
  ""type"": ""Point""
}","{
  ""coordinates"": [
    -82.997505787,
    42.365030675
  ],
  ""type"": ""Point""
}",-82.997505787,42.3650306750001
23321,1505290,GRATIOT,STATE FAIR,2018-10-18,18,10,2018,15,5,5,3,,1,0,Asphalt,1,1,1,35,3,2,1,5,0,0,0,0,true,false,false,false,true,false,false,false,false,false,false,false,false,false,false,false,false,false,false,false,false,false,-82.97269,42.44267,"{
  ""coordinates"": [
    -8.297269777229110e+01,
    4.244266626614570e+01
  ],
  ""type"": ""Point""
}","{
  ""coordinates"": [
    -82.972697772,
    42.442666266
  ],
  ""type"": ""Point""
}",-82.9726977719999,42.4426662660001
23322,1507728,S I 75,MILWAUKEE,2018-10-18,18,10,2018,18,5,8,1,,1,0,Asphalt,1,1,1,70,3,2,3,5,0,0,0,0,true,false,false,false,false,false,false,false,false,false,false,false,false,false,false,false,false,false,false,false,false,false,-83.05975,42.37312,"{
  ""coordinates"": [
    -8.305975226141520e+01,
    4.237311941062600e+01
  ],
  ""type"": ""Point""
}","{
  ""coordinates"": [
    -83.059752261,
    42.373119411
  ],
  ""type"": ""Point""
}",-83.059752261,42.3731194110001
23323,1507735,I 94,BRUSH,2018-10-18,18,10,2018,17,5,8,1,,1,0,Asphalt,1,1,1,55,3,2,2,5,0,0,0,0,true,false,false,false,true,false,false,false,false,false,false,false,false,true,false,false,false,false,false,false,false,false,-83.06282,42.36627,"{
  ""coordinates"": [
    -8.306282381423981e+01,
    4.236627277458530e+01
  ],
  ""type"": ""Point""
}","{
  ""coordinates"": [
    -83.062823814,
    42.366272775
  ],
  ""type"": ""Point""
}",-83.062823814,42.366272775
23324,1503922,I-75,6 MILE,2018-10-18,18,10,2018,13,5,8,1,,1,0,Asphalt,1,1,1,70,4,2,2,5,0,0,0,0,true,false,false,false,false,false,false,false,false,false,false,false,false,false,false,false,false,false,false,false,false,false,-83.08783,42.41833,"{
  ""coordinates"": [
    -8.308782900969059e+01,
    4.241833142447940e+01
  ],
  ""type"": ""Point""
}","{
  ""coordinates"": [
    -83.08782901,
    42.418331424
  ],
  ""type"": ""Point""
}",-83.08782901,42.418331424
23325,1505250,VERNOR,LANSING,2018-10-18,18,10,2018,16,5,8,9,,4,0,Asphalt,1,1,1,30,2,2,2,5,0,0,0,0,true,false,false,false,true,false,false,false,false,false,false,false,false,false,false,false,true,false,false,false,false,false,-83.09849,42.31919,"{
  ""coordinates"": [
    -8.309848883807770e+01,
    4.231919386120460e+01
  ],
  ""type"": ""Point""
}","{
  ""coordinates"": [
    -83.098488838,
    42.319193861
  ],
  ""type"": ""Point""
}",-83.098488838,42.319193861
23326,1503953,COLLINGHAM,CUSHING,2018-10-18,18,10,2018,2,5,9,9,,,2,,1,1,4,25,1,2,0,5,0,0,0,0,true,false,false,false,true,false,false,false,false,false,false,false,false,false,false,false,false,false,false,false,false,false,-82.94597,42.44846,"{
  ""coordinates"": [
    -8.294597083567891e+01,
    4.244846038506670e+01
  ],
  ""type"": ""Point""
}","{
  ""coordinates"": [
    -82.945970836,
    42.448460385
  ],
  ""type"": ""Point""
}",-82.945970836,42.448460385
23327,1503947,S M 39,CIRCLE,2018-10-18,18,10,2018,14,5,4,3,,1,0,Concrete,1,1,1,30,2,2,3,5,0,0,0,0,true,false,true,true,false,false,false,false,false,false,false,false,false,false,false,false,false,false,false,false,false,false,-83.21983,42.44336,"{
  ""coordinates"": [
    -8.321982776086550e+01,
    4.244335446780420e+01
  ],
  ""type"": ""Point""
}","{
  ""coordinates"": [
    -83.219827761,
    42.443354468
  ],
  ""type"": ""Point""
}",-83.219827761,42.4433544680001
23328,1503956,LIVERNOIS,DAVISON,2018-10-18,18,10,2018,23,5,97,3,,4,0,Asphalt,1,1,4,35,7,2,1,4,0,0,0,1,false,false,false,false,true,false,false,false,false,false,false,false,false,false,false,false,false,false,false,false,false,false,-83.13955,42.38669,"{
  ""coordinates"": [
    -8.313954844527470e+01,
    4.238669096061450e+01
  ],
  ""type"": ""Point""
}","{
  ""coordinates"": [
    -83.139548445,
    42.386690961
  ],
  ""type"": ""Point""
}",-83.1395484449999,42.3866909610001
23329,1540014,GRAND RIVER,BURT,2018-10-18,18,10,2018,13,5,8,3,,1,0,Asphalt,1,1,1,45,4,2,2,5,0,0,0,0,true,false,false,false,false,false,false,false,false,false,false,false,false,false,false,false,false,false,false,false,false,false,-83.24754,42.41246,"{
  ""coordinates"": [
    -8.324754347879551e+01,
    4.241245638167680e+01
  ],
  ""type"": ""Point""
}","{
  ""coordinates"": [
    -83.247543479,
    42.412456382
  ],
  ""type"": ""Point""
}",-83.2475434789999,42.4124563820001
23330,1503938,MARK TWAIN,MCNICHOLS,2018-10-18,18,10,2018,23,5,5,9,,,0,,1,1,4,25,2,2,0,5,0,0,0,0,true,false,false,false,true,false,false,false,false,false,false,false,false,false,false,false,false,false,false,false,false,false,-83.18725,42.4165,"{
  ""coordinates"": [
    -8.318725112772570e+01,
    4.241649713541040e+01
  ],
  ""type"": ""Point""
}","{
  ""coordinates"": [
    -83.187251128,
    42.416497135
  ],
  ""type"": ""Point""
}",-83.187251128,42.416497135
23331,1503934,CADIEUX,SOUTHAMPTON,2018-10-18,18,10,2018,15,5,1,9,,4,0,Asphalt,1,1,1,35,4,2,1,4,0,0,0,1,false,false,false,false,false,false,false,false,false,false,false,false,true,false,false,false,false,false,false,false,false,false,-82.932,42.40939,"{
  ""coordinates"": [
    -8.293199710425080e+01,
    4.240938731500230e+01
  ],
  ""type"": ""Point""
}","{
  ""coordinates"": [
    -82.931997104,
    42.409387315
  ],
  ""type"": ""Point""
}",-82.9319971039999,42.4093873150001
23332,1503935,JEFFERSON,HARDING,2018-10-18,18,10,2018,7,5,97,9,,4,0,Asphalt,1,1,2,35,4,4,20,2,0,1,0,5,false,false,false,false,false,false,false,true,false,false,false,false,false,true,false,true,false,false,false,false,false,false,-82.97668,42.3641,"{
  ""coordinates"": [
    -8.297668812464531e+01,
    4.236410220551810e+01
  ],
  ""type"": ""Point""
}","{
  ""coordinates"": [
    -82.976688125,
    42.364102206
  ],
  ""type"": ""Point""
}",-82.976688125,42.364102206
23333,1507726,N/B M-39,JOY,2018-10-18,18,10,2018,19,5,1,3,,1,1,Asphalt,1,1,4,55,3,1,1,5,0,0,0,0,true,false,false,false,false,false,false,false,false,false,false,false,false,false,false,false,false,false,false,false,false,false,-83.21633,42.3564,"{
  ""coordinates"": [
    -8.321633081119650e+01,
    4.235640286400070e+01
  ],
  ""type"": ""Point""
}","{
  ""coordinates"": [
    -83.216330811,
    42.356402864
  ],
  ""type"": ""Point""
}",-83.216330811,42.3564028640001
23334,1507721,I-75,7 MILE,2018-10-18,18,10,2018,19,5,5,1,,1,0,Asphalt,1,1,4,70,4,3,6,4,0,0,0,4,false,false,false,false,false,false,false,false,false,false,false,false,false,false,true,false,false,false,false,false,false,false,-83.09473,42.43386,"{
  ""coordinates"": [
    -8.309472519976170e+01,
    4.243385809522570e+01
  ],
  ""type"": ""Point""
}","{
  ""coordinates"": [
    -83.0947252,
    42.433858095
  ],
  ""type"": ""Point""
}",-83.0947252,42.4338580950001