ObjectId,Crash ID,Primary Road,Intersecting Road,Crash Date,Day,Month,Year,Hour,Weekday,Crash Type Code,Highway Classification Code,Community Code,Jurisdiction Code,Lane Departure Type Code,Surface Type,Road Condition,Weather Condition,Lighting Condition,Speed Limit,Lanes,Units,Occupants,Most Severe Injury,Fatal Injuries,Suspected Serious Injuries,Suspected Minor Injuries,Possible Injuries,Property Damage Only,Secondary Crash,Traffic Control,Red Light Run,Hit and Run,Alcohol,Drugs,Unbelted Person,Work Zone,Speeding Driver,Distracted Driver,Driveway,Pedestrian,Elderly Driver,Young Driver,Commercial Vehicle,Emergency Vehicles,Train,School Bus,Motorcycle,Bicycle,Deer,Longitude,Latitude,geom,geog,x,y
23335,1503952,OUTER,7 MILE,2018-10-18,18,10,2018,15,5,8,9,,2,0,Asphalt,1,1,1,35,3,2,2,5,0,0,0,0,true,false,false,false,false,false,false,false,false,false,false,false,false,false,false,true,false,false,false,false,false,false,-82.91516,42.41884,"{
  ""coordinates"": [
    -8.291516041082819e+01,
    4.241883720663510e+01
  ],
  ""type"": ""Point""
}","{
  ""coordinates"": [
    -82.915160411,
    42.418837207
  ],
  ""type"": ""Point""
}",-82.915160411,42.4188372070001
23336,1509186,I-94,CADIEUX,2018-10-18,18,10,2018,18,5,5,1,,1,0,Asphalt,1,1,1,55,3,2,2,5,0,0,0,0,true,false,false,false,false,false,false,false,false,false,false,false,false,false,true,false,false,false,false,false,false,false,-82.94072,42.41475,"{
  ""coordinates"": [
    -8.294071909180779e+01,
    4.241474875568490e+01
  ],
  ""type"": ""Point""
}","{
  ""coordinates"": [
    -82.940719092,
    42.414748756
  ],
  ""type"": ""Point""
}",-82.9407190919999,42.4147487560001
23337,1505269,ARTESIAN,DOVER,2018-10-18,18,10,2018,14,5,4,9,,,0,,1,1,1,25,2,2,2,5,0,0,0,0,true,false,true,false,false,false,false,false,false,false,false,false,false,false,true,false,false,false,false,false,false,false,-83.22626,42.35947,"{
  ""coordinates"": [
    -8.322625597606719e+01,
    4.235947135954680e+01
  ],
  ""type"": ""Point""
}","{
  ""coordinates"": [
    -83.226255976,
    42.35947136
  ],
  ""type"": ""Point""
}",-83.2262559759999,42.35947136
23338,1509208,WOODWARD,DELAWARE,2018-10-18,18,10,2018,8,5,4,3,,1,0,Asphalt,1,1,1,30,3,2,3,5,0,0,0,0,true,false,false,false,false,false,false,false,false,false,false,false,false,false,false,false,false,false,false,false,false,false,-83.07593,42.37418,"{
  ""coordinates"": [
    -8.307592517545631e+01,
    4.237417783952520e+01
  ],
  ""type"": ""Point""
}","{
  ""coordinates"": [
    -83.075925175,
    42.37417784
  ],
  ""type"": ""Point""
}",-83.075925175,42.3741778400001
23339,1505286,8 MILE,GRATIOT,2018-10-18,18,10,2018,17,5,5,3,,1,0,Asphalt,1,1,1,40,3,2,2,4,0,0,0,1,false,false,false,false,false,false,false,false,false,false,false,false,false,false,false,false,false,false,false,false,false,false,-82.96819,42.44983,"{
  ""coordinates"": [
    -8.296818780688530e+01,
    4.244982607036930e+01
  ],
  ""type"": ""Point""
}","{
  ""coordinates"": [
    -82.968187807,
    42.44982607
  ],
  ""type"": ""Point""
}",-82.9681878069999,42.44982607
23340,1507754,N M 10,RAMP 109D,2018-10-18,18,10,2018,17,5,5,3,,1,0,Concrete,1,1,1,55,4,2,2,4,0,0,0,2,false,false,false,false,false,false,false,false,true,false,false,false,false,false,false,false,false,false,false,false,false,false,-83.10781,42.39574,"{
  ""coordinates"": [
    -8.310780899938490e+01,
    4.239573890709950e+01
  ],
  ""type"": ""Point""
}","{
  ""coordinates"": [
    -83.107808999,
    42.395738907
  ],
  ""type"": ""Point""
}",-83.107808999,42.3957389070001
23341,1503921,I-75 N/B,8 MILE,2018-10-18,18,10,2018,19,5,5,1,,1,0,Asphalt,1,1,4,70,3,2,2,5,0,0,0,0,true,false,false,false,false,false,false,false,false,false,false,false,false,false,true,false,false,false,false,false,false,false,-83.09494,42.43957,"{
  ""coordinates"": [
    -8.309493744758301e+01,
    4.243956582902900e+01
  ],
  ""type"": ""Point""
}","{
  ""coordinates"": [
    -83.094937448,
    42.439565829
  ],
  ""type"": ""Point""
}",-83.0949374479999,42.4395658290001
23342,1510482,I-94,CHALMERS,2018-10-18,18,10,2018,11,5,5,1,,1,0,Asphalt,1,1,1,55,3,2,1,5,0,0,0,0,true,false,false,false,true,false,false,false,false,false,false,false,false,false,false,false,false,false,false,false,false,false,-82.97633,42.4008,"{
  ""coordinates"": [
    -8.297632732306290e+01,
    4.240079989314970e+01
  ],
  ""type"": ""Point""
}","{
  ""coordinates"": [
    -82.976327323,
    42.400799893
  ],
  ""type"": ""Point""
}",-82.976327323,42.4007998930001
23343,1503961,BUFFALO,7 MILE,2018-10-18,18,10,2018,15,5,4,9,,,0,,1,1,1,30,2,2,1,5,0,0,0,0,true,false,false,false,true,false,false,false,false,false,false,false,false,false,false,false,false,false,false,false,false,false,-83.04808,42.43349,"{
  ""coordinates"": [
    -8.304807737148840e+01,
    4.243349543498410e+01
  ],
  ""type"": ""Point""
}","{
  ""coordinates"": [
    -83.048077371,
    42.433495435
  ],
  ""type"": ""Point""
}",-83.048077371,42.4334954350001
23344,1510474,M-39,PLYMOUTH,2018-10-18,18,10,2018,16,5,5,3,,1,0,Asphalt,1,1,4,55,3,2,2,5,0,0,0,0,true,false,false,false,false,false,false,false,false,false,false,false,false,false,false,false,false,false,false,false,false,false,-83.21642,42.36791,"{
  ""coordinates"": [
    -8.321641866355461e+01,
    4.236790720931030e+01
  ],
  ""type"": ""Point""
}","{
  ""coordinates"": [
    -83.216418664,
    42.367907209
  ],
  ""type"": ""Point""
}",-83.2164186639999,42.3679072090001
23345,1509185,I-94,I-96,2018-10-18,18,10,2018,18,5,8,1,,1,0,Asphalt,1,1,3,55,2,2,2,5,0,0,0,0,true,false,false,false,false,false,false,false,false,false,false,false,false,false,false,true,false,false,false,false,false,false,-83.09969,42.35005,"{
  ""coordinates"": [
    -8.309968732983920e+01,
    4.235005259203060e+01
  ],
  ""type"": ""Point""
}","{
  ""coordinates"": [
    -83.09968733,
    42.350052592
  ],
  ""type"": ""Point""
}",-83.0996873299999,42.3500525920001
23346,1507786,VERNOR,LIVERNOIS,2018-10-18,18,10,2018,17,5,97,9,,4,0,Asphalt,1,1,1,25,3,2,2,5,0,0,0,0,true,false,false,false,false,false,false,false,false,false,false,false,false,false,true,false,false,false,false,false,false,false,-83.11008,42.31561,"{
  ""coordinates"": [
    -8.311007959687819e+01,
    4.231561060396360e+01
  ],
  ""type"": ""Point""
}","{
  ""coordinates"": [
    -83.110079597,
    42.315610604
  ],
  ""type"": ""Point""
}",-83.110079597,42.315610604
23347,1509189,DAVISON W/B,I-75,2018-10-18,18,10,2018,18,5,5,3,,1,0,Asphalt,1,1,1,55,3,2,4,4,0,0,0,2,false,false,false,false,true,false,false,false,false,false,false,false,false,false,false,false,false,false,false,false,false,false,-83.08004,42.40872,"{
  ""coordinates"": [
    -8.308004127298470e+01,
    4.240872075953700e+01
  ],
  ""type"": ""Point""
}","{
  ""coordinates"": [
    -83.080041273,
    42.40872076
  ],
  ""type"": ""Point""
}",-83.0800412729999,42.4087207600001
23348,1505263,HARPER,CHALMERS,2018-10-18,18,10,2018,18,5,5,9,,4,0,Asphalt,1,1,1,35,2,2,3,5,0,0,0,0,true,false,true,true,true,false,false,false,false,false,false,false,false,false,false,false,false,false,false,false,false,false,-82.96455,42.40467,"{
  ""coordinates"": [
    -8.296455485356670e+01,
    4.240467322459960e+01
  ],
  ""type"": ""Point""
}","{
  ""coordinates"": [
    -82.964554854,
    42.404673225
  ],
  ""type"": ""Point""
}",-82.964554854,42.4046732250001
23349,1503927,HUBBELL,WADSWORTH,2018-10-18,18,10,2018,10,5,4,9,,4,0,Asphalt,1,1,1,30,2,2,3,5,0,0,0,0,true,false,true,false,false,false,false,false,false,false,false,false,false,false,false,false,false,false,false,false,false,false,-83.18784,42.375,"{
  ""coordinates"": [
    -8.318783967708680e+01,
    4.237500555221620e+01
  ],
  ""type"": ""Point""
}","{
  ""coordinates"": [
    -83.187839677,
    42.375005552
  ],
  ""type"": ""Point""
}",-83.1878396769999,42.3750055520001
23350,1506324,N I 75 SERVICE DRIVE,DRAGOON,2018-10-18,18,10,2018,17,5,8,9,,4,0,Asphalt,1,1,1,35,2,2,1,5,0,0,0,0,true,false,false,false,true,false,false,false,false,false,false,false,false,false,false,false,false,false,false,false,false,false,-83.10271,42.30779,"{
  ""coordinates"": [
    -8.310270607276750e+01,
    4.230778641451550e+01
  ],
  ""type"": ""Point""
}","{
  ""coordinates"": [
    -83.102706073,
    42.307786415
  ],
  ""type"": ""Point""
}",-83.102706073,42.3077864150001
23351,1505251,MCGRAW,GILBERT,2018-10-18,18,10,2018,16,5,4,9,,4,0,Asphalt,1,1,1,30,2,2,3,5,0,0,0,0,true,false,false,false,false,false,false,false,false,false,false,false,false,false,false,false,false,false,false,false,false,false,-83.12876,42.3403,"{
  ""coordinates"": [
    -8.312876222743360e+01,
    4.234030108381020e+01
  ],
  ""type"": ""Point""
}","{
  ""coordinates"": [
    -83.128762227,
    42.340301084
  ],
  ""type"": ""Point""
}",-83.128762227,42.340301084
23352,1507821,WOODWARD,FOREST,2018-10-18,18,10,2018,17,5,5,3,,1,0,Asphalt,1,1,1,30,7,2,3,5,0,0,0,0,true,false,false,false,false,false,false,false,false,false,false,false,false,false,false,false,false,false,false,false,false,false,-83.06283,42.3545,"{
  ""coordinates"": [
    -8.306282433313150e+01,
    4.235449655794360e+01
  ],
  ""type"": ""Point""
}","{
  ""coordinates"": [
    -83.062824333,
    42.354496558
  ],
  ""type"": ""Point""
}",-83.062824333,42.3544965580001
23353,1509188,I-94,BARRETT,2018-10-18,18,10,2018,15,5,5,1,,1,0,Asphalt,1,1,1,55,3,5,5,5,0,0,0,0,true,false,false,false,false,false,false,false,false,false,false,false,false,false,true,false,false,false,false,false,false,false,-82.9823,42.39907,"{
  ""coordinates"": [
    -8.298229943767420e+01,
    4.239906848081650e+01
  ],
  ""type"": ""Point""
}","{
  ""coordinates"": [
    -82.982299438,
    42.399068481
  ],
  ""type"": ""Point""
}",-82.982299438,42.399068481
23354,1505266,BURT,DOVER,2018-10-18,18,10,2018,14,5,97,9,,,0,,1,1,1,25,4,2,2,4,0,0,0,1,false,false,false,false,false,false,false,false,false,false,false,true,false,false,false,false,false,false,false,false,false,false,-83.24565,42.35905,"{
  ""coordinates"": [
    -8.324564953038650e+01,
    4.235904835531660e+01
  ],
  ""type"": ""Point""
}","{
  ""coordinates"": [
    -83.24564953,
    42.359048355
  ],
  ""type"": ""Point""
}",-83.24564953,42.359048355
23355,1505267,WARREN,JEFFRIES,2018-10-18,18,10,2018,16,5,5,9,,4,0,Asphalt,98,98,98,35,4,2,4,5,0,0,0,0,true,false,false,false,true,false,false,false,false,false,false,false,false,false,false,false,false,false,false,false,false,false,-83.09727,42.34621,"{
  ""coordinates"": [
    -8.309726811258450e+01,
    4.234621037111660e+01
  ],
  ""type"": ""Point""
}","{
  ""coordinates"": [
    -83.097268113,
    42.346210371
  ],
  ""type"": ""Point""
}",-83.097268113,42.346210371
23356,1511570,LIVERNOIS,OAKMAN,2018-10-18,18,10,2018,19,5,4,9,,4,0,Concrete,1,1,4,35,2,2,1,4,0,0,0,1,false,false,false,false,true,false,false,false,false,false,false,false,false,false,false,false,false,false,false,false,false,false,-83.13982,42.39032,"{
  ""coordinates"": [
    -8.313981279295029e+01,
    4.239032343578410e+01
  ],
  ""type"": ""Point""
}","{
  ""coordinates"": [
    -83.139812793,
    42.390323436
  ],
  ""type"": ""Point""
}",-83.139812793,42.3903234360001
23357,1507727,I-94,VAN DYKE,2018-10-18,18,10,2018,17,5,5,1,,1,0,Asphalt,1,1,1,55,3,2,2,5,0,0,0,0,true,false,false,false,false,false,false,false,false,false,false,false,false,false,false,false,false,false,false,false,false,false,-83.02052,42.38617,"{
  ""coordinates"": [
    -8.302051455769160e+01,
    4.238616866615100e+01
  ],
  ""type"": ""Point""
}","{
  ""coordinates"": [
    -83.020514558,
    42.386168666
  ],
  ""type"": ""Point""
}",-83.0205145579999,42.3861686660001
23358,1503942,8 MILE SERVICE,GREENFIELD,2018-10-18,18,10,2018,0,5,8,3,,1,0,Concrete,1,1,4,35,4,2,2,5,0,0,0,0,true,false,false,false,false,false,false,false,false,false,false,false,false,false,false,false,false,false,false,false,false,false,-83.20069,42.44463,"{
  ""coordinates"": [
    -8.320068874420080e+01,
    4.244462889760670e+01
  ],
  ""type"": ""Point""
}","{
  ""coordinates"": [
    -83.200688744,
    42.444628898
  ],
  ""type"": ""Point""
}",-83.200688744,42.4446288980001
23359,1643759,MCGRAW,LONYO,2018-10-18,18,10,2018,18,5,4,9,,4,0,Asphalt,1,1,2,30,8,2,2,5,0,0,0,0,true,false,true,true,false,false,false,false,false,false,false,false,false,false,false,false,false,false,false,false,false,false,-83.14642,42.33321,"{
  ""coordinates"": [
    -8.314642634698259e+01,
    4.233321295595540e+01
  ],
  ""type"": ""Point""
}","{
  ""coordinates"": [
    -83.146426347,
    42.333212956
  ],
  ""type"": ""Point""
}",-83.146426347,42.3332129560001
23360,1505288,HARPER,MOUNT ELLIOTT,2018-10-18,18,10,2018,8,5,8,1,,4,0,Concrete,1,1,2,30,4,2,3,5,0,0,0,0,true,false,false,false,true,false,false,false,false,false,false,false,false,false,false,true,false,false,false,false,false,false,-83.03345,42.37894,"{
  ""coordinates"": [
    -8.303345223661250e+01,
    4.237894009970270e+01
  ],
  ""type"": ""Point""
}","{
  ""coordinates"": [
    -83.033452237,
    42.3789401
  ],
  ""type"": ""Point""
}",-83.0334522369999,42.3789401000001
23361,1510454,I-94,MOROSS,2018-10-18,18,10,2018,16,5,8,1,,1,0,Asphalt,1,1,1,55,3,2,2,5,0,0,0,0,true,true,false,false,false,false,false,false,false,false,false,false,false,false,false,false,false,false,false,false,false,false,-82.92973,42.42313,"{
  ""coordinates"": [
    -8.292972663908560e+01,
    4.242313553843800e+01
  ],
  ""type"": ""Point""
}","{
  ""coordinates"": [
    -82.929726639,
    42.423135538
  ],
  ""type"": ""Point""
}",-82.929726639,42.4231355380001
23362,1510452,I-94,MOROSS,2018-10-18,18,10,2018,16,5,5,1,,1,0,Asphalt,1,1,1,55,3,2,2,5,0,0,0,0,true,false,false,false,false,false,false,false,false,false,false,false,false,false,true,false,false,false,false,false,false,false,-82.92973,42.42313,"{
  ""coordinates"": [
    -8.292972663908560e+01,
    4.242313553843800e+01
  ],
  ""type"": ""Point""
}","{
  ""coordinates"": [
    -82.929726639,
    42.423135538
  ],
  ""type"": ""Point""
}",-82.929726639,42.4231355380001
23363,1507720,M 39,OUTER55,2018-10-18,18,10,2018,21,5,1,3,,1,1,Concrete,1,1,5,55,3,1,1,5,0,0,0,0,true,false,false,false,false,false,false,false,false,true,false,false,false,false,false,false,false,false,false,false,false,false,-83.21906,42.42064,"{
  ""coordinates"": [
    -8.321906271286360e+01,
    4.242064064467000e+01
  ],
  ""type"": ""Point""
}","{
  ""coordinates"": [
    -83.219062713,
    42.420640645
  ],
  ""type"": ""Point""
}",-83.219062713,42.420640645
23364,1543049,HAYES,CHALMERS,2018-10-18,18,10,2018,6,5,97,9,,4,0,Asphalt,1,1,4,30,6,2,1,4,0,0,0,1,false,false,false,false,true,false,false,false,false,false,false,false,true,false,false,false,false,false,false,false,false,false,-82.96452,42.40446,"{
  ""coordinates"": [
    -8.296452061277790e+01,
    4.240446139863260e+01
  ],
  ""type"": ""Point""
}","{
  ""coordinates"": [
    -82.964520613,
    42.404461399
  ],
  ""type"": ""Point""
}",-82.964520613,42.4044613990001
23365,1543024,CONCORD,CHARLEVOIX,2018-10-18,18,10,2018,15,5,97,9,,,0,,1,1,1,35,2,2,0,5,0,0,0,0,true,false,false,false,true,false,false,false,false,false,false,false,false,false,false,false,false,false,false,false,false,false,-83.01367,42.35902,"{
  ""coordinates"": [
    -8.301366826341680e+01,
    4.235902203663840e+01
  ],
  ""type"": ""Point""
}","{
  ""coordinates"": [
    -83.013668263,
    42.359022037
  ],
  ""type"": ""Point""
}",-83.0136682629999,42.359022037
23366,1506343,FISCHER,MOFFAT,2018-10-18,18,10,2018,17,5,9,9,,,2,,1,1,1,25,4,2,5,5,0,0,0,0,true,false,false,false,true,false,false,false,false,false,false,false,false,false,false,false,false,false,false,false,false,false,-83.00758,42.38115,"{
  ""coordinates"": [
    -8.300758040664979e+01,
    4.238115343059800e+01
  ],
  ""type"": ""Point""
}","{
  ""coordinates"": [
    -83.007580407,
    42.381153431
  ],
  ""type"": ""Point""
}",-83.007580407,42.381153431
23367,1506348,GRATIOT,PENNSYLVANIA,2018-10-18,18,10,2018,18,5,8,3,,1,0,Asphalt,1,1,2,35,3,2,2,5,0,0,0,0,true,false,false,false,false,false,false,false,true,false,false,false,false,false,false,false,false,false,false,false,false,false,-83.00531,42.39301,"{
  ""coordinates"": [
    -8.300531368700200e+01,
    4.239300657651320e+01
  ],
  ""type"": ""Point""
}","{
  ""coordinates"": [
    -83.005313687,
    42.393006577
  ],
  ""type"": ""Point""
}",-83.005313687,42.3930065770001
23368,1506403,8MILE,SHEFFIELD,2018-10-18,18,10,2018,8,5,8,3,,1,0,Asphalt,1,1,1,30,2,2,1,5,0,0,0,0,true,false,false,false,false,false,false,false,false,false,false,false,false,false,false,false,false,false,false,false,false,false,-83.13982,42.44613,"{
  ""coordinates"": [
    -8.313982478368040e+01,
    4.244613364160800e+01
  ],
  ""type"": ""Point""
}","{
  ""coordinates"": [
    -83.139824784,
    42.446133642
  ],
  ""type"": ""Point""
}",-83.139824784,42.4461336420001
23369,1510455,I-94,WYOMING,2018-10-18,18,10,2018,9,5,8,1,,1,0,Asphalt,1,1,1,55,3,2,1,5,0,0,0,0,true,false,false,false,true,false,false,false,false,false,false,false,false,false,false,true,false,false,false,false,false,false,-83.15632,42.32882,"{
  ""coordinates"": [
    -8.315632182863010e+01,
    4.232881449844550e+01
  ],
  ""type"": ""Point""
}","{
  ""coordinates"": [
    -83.156321829,
    42.328814498
  ],
  ""type"": ""Point""
}",-83.156321829,42.328814498
23370,1507737,M-39,PAUL,2018-10-18,18,10,2018,16,5,5,3,,1,0,Asphalt,1,1,1,55,3,2,2,5,0,0,0,0,true,false,false,false,false,false,false,false,false,false,false,false,false,false,false,false,false,false,false,false,false,false,-83.21575,42.33586,"{
  ""coordinates"": [
    -8.321575078230990e+01,
    4.233586051848520e+01
  ],
  ""type"": ""Point""
}","{
  ""coordinates"": [
    -83.215750782,
    42.335860518
  ],
  ""type"": ""Point""
}",-83.215750782,42.3358605180001
23371,1503931,FORT,LAWNDALE,2018-10-18,18,10,2018,10,5,5,3,,1,0,Asphalt,1,1,1,30,4,2,3,4,0,0,0,1,false,false,false,false,false,false,false,false,false,false,false,false,false,false,false,false,false,false,false,false,false,false,-83.12477,42.29804,"{
  ""coordinates"": [
    -8.312477233460500e+01,
    4.229803952588480e+01
  ],
  ""type"": ""Point""
}","{
  ""coordinates"": [
    -83.124772335,
    42.298039526
  ],
  ""type"": ""Point""
}",-83.124772335,42.298039526
23372,1503928,SCHAEFER,E I 96,2018-10-18,18,10,2018,14,5,8,9,,4,0,Concrete,1,1,1,35,5,2,1,5,0,0,0,0,true,false,false,false,true,false,false,false,false,false,false,false,false,false,false,false,false,false,false,false,false,false,-83.17836,42.38322,"{
  ""coordinates"": [
    -8.317836250239890e+01,
    4.238322163745500e+01
  ],
  ""type"": ""Point""
}","{
  ""coordinates"": [
    -83.178362502,
    42.383221637
  ],
  ""type"": ""Point""
}",-83.178362502,42.3832216370001
23373,1510472,M-10,7 MILE,2018-10-18,18,10,2018,9,5,5,3,,1,0,Concrete,1,1,1,55,3,2,2,5,0,0,0,0,true,true,false,false,false,false,false,false,false,false,false,false,false,true,false,false,false,false,false,false,false,false,-83.19067,42.43431,"{
  ""coordinates"": [
    -8.319067317353820e+01,
    4.243430662664990e+01
  ],
  ""type"": ""Point""
}","{
  ""coordinates"": [
    -83.190673174,
    42.434306627
  ],
  ""type"": ""Point""
}",-83.190673174,42.4343066270001
23374,1503948,SEVEN MILE,FAUST,2018-10-18,18,10,2018,1,5,6,9,,2,0,Asphalt,1,1,4,35,4,2,4,3,0,0,2,1,false,false,false,false,false,false,false,true,false,false,false,false,false,false,false,false,false,false,false,false,false,false,-83.22447,42.42992,"{
  ""coordinates"": [
    -8.322447147982950e+01,
    4.242991801306100e+01
  ],
  ""type"": ""Point""
}","{
  ""coordinates"": [
    -83.22447148,
    42.429918013
  ],
  ""type"": ""Point""
}",-83.22447148,42.4299180130001
23375,1510473,M-39,FENKELL,2018-10-18,18,10,2018,15,5,5,3,,1,0,Asphalt,1,1,1,55,3,3,3,4,0,0,0,1,false,false,false,false,false,false,false,false,false,false,false,false,false,false,true,false,false,false,false,false,false,false,-83.21829,42.39822,"{
  ""coordinates"": [
    -8.321829361468710e+01,
    4.239821977669830e+01
  ],
  ""type"": ""Point""
}","{
  ""coordinates"": [
    -83.218293615,
    42.398219777
  ],
  ""type"": ""Point""
}",-83.2182936149999,42.3982197770001
23376,1505254,LIVERNOIS,MCGRAW,2018-10-18,18,10,2018,23,5,1,9,,4,0,Asphalt,1,1,4,35,6,1,0,5,0,0,0,0,true,false,false,false,true,false,false,false,false,false,false,false,false,false,false,false,false,false,false,false,false,false,-83.1274,42.34083,"{
  ""coordinates"": [
    -8.312739909674910e+01,
    4.234082920427100e+01
  ],
  ""type"": ""Point""
}","{
  ""coordinates"": [
    -83.127399097,
    42.340829204
  ],
  ""type"": ""Point""
}",-83.127399097,42.340829204
23377,1505262,JEFFERSON,ST CLAIR,2018-10-18,18,10,2018,3,5,4,9,,4,0,Asphalt,1,1,1,35,2,2,5,5,0,0,0,0,true,false,false,false,false,false,false,false,false,false,false,false,false,false,false,false,false,false,false,false,false,false,-82.97833,42.36332,"{
  ""coordinates"": [
    -8.297833357243080e+01,
    4.236332057077840e+01
  ],
  ""type"": ""Point""
}","{
  ""coordinates"": [
    -82.978333572,
    42.363320571
  ],
  ""type"": ""Point""
}",-82.9783335719999,42.363320571
23378,1510481,M-39,FITZPATRICK,2018-10-18,18,10,2018,7,5,5,3,,1,0,Asphalt,1,1,2,55,3,2,2,5,0,0,0,0,true,false,false,false,false,false,false,false,false,false,false,false,false,false,false,false,false,false,false,false,false,false,-83.21635,42.35694,"{
  ""coordinates"": [
    -8.321635492042429e+01,
    4.235693879852260e+01
  ],
  ""type"": ""Point""
}","{
  ""coordinates"": [
    -83.21635492,
    42.356938799
  ],
  ""type"": ""Point""
}",-83.21635492,42.356938799
23379,1502715,CAVALRY,HOWARD,2018-10-18,18,10,2018,2,5,8,9,,,0,,1,1,4,25,3,2,0,5,0,0,0,0,true,false,false,false,true,false,false,false,false,false,false,false,false,false,false,false,false,false,false,false,false,false,-83.10254,42.31195,"{
  ""coordinates"": [
    -8.310253892641430e+01,
    4.231194783529080e+01
  ],
  ""type"": ""Point""
}","{
  ""coordinates"": [
    -83.102538926,
    42.311947835
  ],
  ""type"": ""Point""
}",-83.102538926,42.3119478350001
23380,1562928,GRAND RIVER,BURT,2018-10-18,18,10,2018,13,5,8,3,,1,0,Asphalt,1,1,1,35,4,2,3,3,0,0,1,0,false,false,false,false,false,false,false,false,false,false,false,false,false,false,false,false,false,false,false,false,false,false,-83.24754,42.41246,"{
  ""coordinates"": [
    -8.324754347879551e+01,
    4.241245638167680e+01
  ],
  ""type"": ""Point""
}","{
  ""coordinates"": [
    -83.247543479,
    42.412456382
  ],
  ""type"": ""Point""
}",-83.2475434789999,42.4124563820001
23381,1503955,8MILE,GRATIOT,2018-10-18,18,10,2018,14,5,5,3,,1,0,Asphalt,1,1,1,45,9,2,2,5,0,0,0,0,true,false,false,false,false,false,false,false,false,false,false,false,false,false,false,false,false,false,false,false,false,false,-82.96776,42.44984,"{
  ""coordinates"": [
    -8.296775776534901e+01,
    4.244984057920480e+01
  ],
  ""type"": ""Point""
}","{
  ""coordinates"": [
    -82.967757765,
    42.449840579
  ],
  ""type"": ""Point""
}",-82.967757765,42.4498405790001
23382,1511519,E I 94,GRAND,2018-10-18,18,10,2018,7,5,5,1,,1,0,Asphalt,1,1,4,55,3,2,1,5,0,0,0,0,true,false,false,false,false,false,false,false,false,false,false,false,false,false,false,false,false,false,false,false,false,false,-83.10928,42.34667,"{
  ""coordinates"": [
    -8.310928715509760e+01,
    4.234666994070720e+01
  ],
  ""type"": ""Point""
}","{
  ""coordinates"": [
    -83.109287155,
    42.346669941
  ],
  ""type"": ""Point""
}",-83.1092871549999,42.3466699410001
23383,1512983,W I 96,GRAND,2018-10-18,18,10,2018,22,5,5,1,,1,0,Asphalt,1,1,4,55,4,2,2,5,0,0,0,0,true,false,false,false,false,false,false,false,false,false,false,false,false,false,false,false,false,false,false,false,false,false,-83.11049,42.35598,"{
  ""coordinates"": [
    -8.311049184475790e+01,
    4.235597608569200e+01
  ],
  ""type"": ""Point""
}","{
  ""coordinates"": [
    -83.110491845,
    42.355976086
  ],
  ""type"": ""Point""
}",-83.110491845,42.3559760860001
23384,1513021,SOUTHFIELD SERVICE,FORD,2018-10-18,18,10,2018,17,5,8,3,,1,0,Concrete,1,1,1,40,4,2,2,5,0,0,0,0,true,false,false,false,false,false,false,false,false,false,false,false,false,false,false,false,false,false,false,false,false,false,-83.216,42.32907,"{
  ""coordinates"": [
    -8.321600342979229e+01,
    4.232906747974500e+01
  ],
  ""type"": ""Point""
}","{
  ""coordinates"": [
    -83.21600343,
    42.32906748
  ],
  ""type"": ""Point""
}",-83.2160034299999,42.32906748
23385,1505248,CECIL,MICHIGAN,2018-10-18,18,10,2018,4,5,1,2,,4,0,Asphalt,1,1,4,35,7,1,1,5,0,0,0,0,true,false,false,false,false,false,false,false,false,false,false,false,false,false,false,false,false,false,false,false,false,false,-83.1319,42.33111,"{
  ""coordinates"": [
    -8.313189591306499e+01,
    4.233111099753090e+01
  ],
  ""type"": ""Point""
}","{
  ""coordinates"": [
    -83.131895913,
    42.331110998
  ],
  ""type"": ""Point""
}",-83.1318959129999,42.331110998
23386,1513035,SCHOOLCRAFT,MINOCK,2018-10-18,18,10,2018,19,5,5,9,,2,0,Asphalt,1,1,4,35,2,3,5,4,0,0,0,2,false,false,false,false,false,false,false,false,false,false,false,false,false,false,true,false,false,false,false,false,false,false,-83.23342,42.38633,"{
  ""coordinates"": [
    -8.323341993517690e+01,
    4.238632870771360e+01
  ],
  ""type"": ""Point""
}","{
  ""coordinates"": [
    -83.233419935,
    42.386328708
  ],
  ""type"": ""Point""
}",-83.233419935,42.3863287080001
23387,1521728,JOHN C,HOWARD,2018-10-18,18,10,2018,22,5,4,3,,1,0,Asphalt,1,1,4,,3,2,2,5,0,0,0,0,true,false,false,false,false,false,false,false,false,false,false,false,false,false,false,false,false,false,false,false,false,false,-83.05766,42.32856,"{
  ""coordinates"": [
    -8.305766654759600e+01,
    4.232856454064610e+01
  ],
  ""type"": ""Point""
}","{
  ""coordinates"": [
    -83.057666548,
    42.328564541
  ],
  ""type"": ""Point""
}",-83.057666548,42.328564541
23388,1515587,ALEXANDRINE,WOODWARD,2018-10-18,18,10,2018,15,5,10,9,,4,0,Asphalt,1,1,1,,2,2,1,5,0,0,0,0,true,false,false,false,false,false,false,false,false,false,false,true,false,false,false,false,false,false,false,false,false,false,-83.06082,42.35026,"{
  ""coordinates"": [
    -8.306082486757430e+01,
    4.235025620951890e+01
  ],
  ""type"": ""Point""
}","{
  ""coordinates"": [
    -83.060824868,
    42.35025621
  ],
  ""type"": ""Point""
}",-83.0608248679999,42.3502562100001