ObjectId,Crash ID,Primary Road,Intersecting Road,Crash Date,Day,Month,Year,Hour,Weekday,Crash Type Code,Highway Classification Code,Community Code,Jurisdiction Code,Lane Departure Type Code,Surface Type,Road Condition,Weather Condition,Lighting Condition,Speed Limit,Lanes,Units,Occupants,Most Severe Injury,Fatal Injuries,Suspected Serious Injuries,Suspected Minor Injuries,Possible Injuries,Property Damage Only,Secondary Crash,Traffic Control,Red Light Run,Hit and Run,Alcohol,Drugs,Unbelted Person,Work Zone,Speeding Driver,Distracted Driver,Driveway,Pedestrian,Elderly Driver,Young Driver,Commercial Vehicle,Emergency Vehicles,Train,School Bus,Motorcycle,Bicycle,Deer,Longitude,Latitude,geom,geog,x,y
23389,1512930,I94,M10,2018-10-18,18,10,2018,16,5,5,1,,1,0,Asphalt,1,1,1,55,3,2,2,5,0,0,0,0,true,false,false,false,false,false,false,false,false,false,false,false,false,false,false,true,false,false,false,false,false,false,-83.0792,42.35757,"{
  ""coordinates"": [
    -8.307920232103530e+01,
    4.235756683434600e+01
  ],
  ""type"": ""Point""
}","{
  ""coordinates"": [
    -83.079202321,
    42.357566834
  ],
  ""type"": ""Point""
}",-83.079202321,42.3575668340001
23390,1515569,8 MILE,HEYDEN,2018-10-18,18,10,2018,16,5,8,3,,1,0,Asphalt,1,1,1,45,4,2,2,5,0,0,0,0,true,false,false,false,false,false,false,false,false,false,false,false,false,false,false,false,false,false,false,false,false,false,-83.24184,42.44369,"{
  ""coordinates"": [
    -8.324184483811651e+01,
    4.244368714470130e+01
  ],
  ""type"": ""Point""
}","{
  ""coordinates"": [
    -83.241844838,
    42.443687145
  ],
  ""type"": ""Point""
}",-83.241844838,42.4436871450001
23391,1516654,7 MILE,FREELAND,2018-10-18,18,10,2018,13,5,5,9,,2,0,Asphalt,1,1,1,35,4,2,2,4,0,0,0,1,false,false,false,false,true,false,false,false,false,false,false,false,false,true,false,false,false,false,false,false,false,false,-83.18638,42.43086,"{
  ""coordinates"": [
    -8.318637730335639e+01,
    4.243085868300300e+01
  ],
  ""type"": ""Point""
}","{
  ""coordinates"": [
    -83.186377303,
    42.430858683
  ],
  ""type"": ""Point""
}",-83.186377303,42.4308586830001
23392,1506408,JAMES COUZENS,7 MILE,2018-10-18,18,10,2018,17,5,8,9,,4,0,Asphalt,1,1,1,30,2,2,2,5,0,0,0,0,true,false,false,false,false,false,false,false,false,false,false,false,false,false,false,true,false,false,false,false,false,false,-83.18661,42.43082,"{
  ""coordinates"": [
    -8.318661050032560e+01,
    4.243082188134280e+01
  ],
  ""type"": ""Point""
}","{
  ""coordinates"": [
    -83.1866105,
    42.430821881
  ],
  ""type"": ""Point""
}",-83.1866105,42.430821881
23393,1503924,M-10,OAKMAN,2018-10-18,18,10,2018,16,5,5,3,,1,0,Concrete,1,1,1,55,4,2,2,5,0,0,0,0,true,false,false,false,false,false,false,false,false,false,false,false,false,false,false,false,false,false,false,false,false,false,-83.11597,42.40196,"{
  ""coordinates"": [
    -8.311597570844340e+01,
    4.240195703939430e+01
  ],
  ""type"": ""Point""
}","{
  ""coordinates"": [
    -83.115975708,
    42.401957039
  ],
  ""type"": ""Point""
}",-83.115975708,42.4019570390001
23394,1510456,S I 75,RAMP 216H,2018-10-18,18,10,2018,12,5,5,1,,1,0,Concrete,1,1,1,55,4,2,2,5,0,0,0,0,true,false,false,false,false,false,false,false,false,false,false,false,false,false,false,true,false,false,false,false,false,false,-83.05836,42.36885,"{
  ""coordinates"": [
    -8.305836643661939e+01,
    4.236885352757110e+01
  ],
  ""type"": ""Point""
}","{
  ""coordinates"": [
    -83.058366437,
    42.368853528
  ],
  ""type"": ""Point""
}",-83.058366437,42.368853528
23395,1507774,BRUSH,WARREN,2018-10-18,18,10,2018,18,5,4,9,,4,0,Asphalt,1,1,1,35,3,2,2,5,0,0,0,0,true,false,true,true,false,false,false,false,false,false,false,false,false,true,false,false,false,false,false,false,false,false,-83.05981,42.35861,"{
  ""coordinates"": [
    -8.305980652473480e+01,
    4.235860893668120e+01
  ],
  ""type"": ""Point""
}","{
  ""coordinates"": [
    -83.059806525,
    42.358608937
  ],
  ""type"": ""Point""
}",-83.0598065249999,42.358608937
23396,1503933,VERNOR,CAVLRY,2018-10-18,18,10,2018,8,5,5,9,,4,0,Asphalt,1,1,1,30,4,2,3,4,0,0,0,1,false,false,false,false,true,false,false,false,false,false,false,false,false,false,false,false,false,false,false,false,false,false,-83.1057,42.31623,"{
  ""coordinates"": [
    -8.310570118390140e+01,
    4.231623545588190e+01
  ],
  ""type"": ""Point""
}","{
  ""coordinates"": [
    -83.105701184,
    42.316235456
  ],
  ""type"": ""Point""
}",-83.1057011839999,42.3162354560001
23397,1506385,3342 GLADSTONE,DEXTER,2018-10-18,18,10,2018,18,5,8,9,,,0,,1,1,3,25,2,2,2,4,0,0,0,1,false,false,false,false,false,false,false,false,false,false,false,true,false,false,false,false,false,false,false,false,false,false,-83.11579,42.36749,"{
  ""coordinates"": [
    -8.311579236661980e+01,
    4.236748583498120e+01
  ],
  ""type"": ""Point""
}","{
  ""coordinates"": [
    -83.115792367,
    42.367485835
  ],
  ""type"": ""Point""
}",-83.115792367,42.367485835
23398,1512984,M 10 SERVICE,GRAND,2018-10-18,18,10,2018,10,5,4,9,,4,0,Asphalt,1,1,1,25,3,2,2,5,0,0,0,0,true,false,true,true,true,false,false,false,false,false,false,false,false,false,false,false,false,false,false,false,false,false,-83.08151,42.36731,"{
  ""coordinates"": [
    -8.308151387274660e+01,
    4.236730438854880e+01
  ],
  ""type"": ""Point""
}","{
  ""coordinates"": [
    -83.081513873,
    42.367304389
  ],
  ""type"": ""Point""
}",-83.0815138729999,42.367304389
23399,1515519,LARNED,BEAUBIEN,2018-10-18,18,10,2018,16,5,10,9,,4,0,Asphalt,1,1,1,25,3,2,2,5,0,0,0,0,true,false,false,false,false,false,false,false,true,false,false,false,false,false,false,false,false,false,false,false,false,false,-83.04111,42.33222,"{
  ""coordinates"": [
    -8.304111802034120e+01,
    4.233222218465180e+01
  ],
  ""type"": ""Point""
}","{
  ""coordinates"": [
    -83.04111802,
    42.332222185
  ],
  ""type"": ""Point""
}",-83.0411180199999,42.332222185
23400,1505252,MICHIGAN,MARTIN,2018-10-18,18,10,2018,17,5,5,2,,1,0,Asphalt,1,1,1,35,5,2,6,5,0,0,0,0,true,false,false,false,false,false,false,false,false,false,false,false,false,false,false,false,false,false,false,false,false,false,-83.12775,42.33114,"{
  ""coordinates"": [
    -8.312774816373690e+01,
    4.233114409001490e+01
  ],
  ""type"": ""Point""
}","{
  ""coordinates"": [
    -83.127748164,
    42.33114409
  ],
  ""type"": ""Point""
}",-83.127748164,42.3311440900001
23401,1526400,BEAUBIEN,BENTON,2018-10-18,18,10,2018,23,5,4,9,,,0,,1,1,1,35,2,2,1,5,0,0,0,0,true,false,true,false,true,false,false,false,false,false,false,false,false,false,false,false,false,false,false,false,false,false,-83.05144,42.34823,"{
  ""coordinates"": [
    -8.305143590947560e+01,
    4.234822909018400e+01
  ],
  ""type"": ""Point""
}","{
  ""coordinates"": [
    -83.051435909,
    42.34822909
  ],
  ""type"": ""Point""
}",-83.051435909,42.3482290900001
23402,1511577,FAIRFIELD,MCNICHOLS,2018-10-18,18,10,2018,19,5,5,9,,,3,,1,1,4,25,2,2,1,4,0,0,0,1,false,false,false,false,false,false,false,false,false,false,false,false,false,false,false,false,false,false,false,false,false,false,-83.13531,42.41725,"{
  ""coordinates"": [
    -8.313530798394670e+01,
    4.241724730376620e+01
  ],
  ""type"": ""Point""
}","{
  ""coordinates"": [
    -83.135307984,
    42.417247304
  ],
  ""type"": ""Point""
}",-83.135307984,42.4172473040001
23403,1506345,GRATIOT,BENSON,2018-10-18,18,10,2018,23,5,4,3,,1,0,Asphalt,7,1,4,35,7,2,1,5,0,0,0,0,true,false,false,false,true,false,false,false,false,false,false,false,false,false,false,false,false,false,false,false,false,false,-83.03082,42.35438,"{
  ""coordinates"": [
    -8.303081502488070e+01,
    4.235437696868480e+01
  ],
  ""type"": ""Point""
}","{
  ""coordinates"": [
    -83.030815025,
    42.354376969
  ],
  ""type"": ""Point""
}",-83.030815025,42.354376969
23404,1510468,I-94,MT ELLIOT,2018-10-18,18,10,2018,15,5,5,1,,1,0,Asphalt,1,1,1,55,3,3,3,5,0,0,0,0,true,false,false,false,false,false,false,false,false,false,false,false,false,false,true,false,false,false,false,false,false,false,-83.04234,42.37578,"{
  ""coordinates"": [
    -8.304233716527270e+01,
    4.237577991395290e+01
  ],
  ""type"": ""Point""
}","{
  ""coordinates"": [
    -83.042337165,
    42.375779914
  ],
  ""type"": ""Point""
}",-83.0423371649999,42.3757799140001
23405,1505294,7 MILE,MOUND,2018-10-18,18,10,2018,18,5,98,9,,4,0,Asphalt,1,1,1,35,2,1,4,5,0,0,0,0,true,false,false,false,true,false,false,false,false,false,false,false,false,false,false,false,false,false,false,false,false,false,-83.04347,42.43357,"{
  ""coordinates"": [
    -8.304347370119839e+01,
    4.243357329210290e+01
  ],
  ""type"": ""Point""
}","{
  ""coordinates"": [
    -83.043473701,
    42.433573292
  ],
  ""type"": ""Point""
}",-83.043473701,42.4335732920001
23406,1515521,WOODWARD,ADAMS,2018-10-18,18,10,2018,13,5,8,3,,4,0,Asphalt,1,1,1,35,6,2,2,5,0,0,0,0,true,false,false,false,false,false,false,false,false,false,false,false,false,false,false,true,false,false,false,false,false,false,-83.05065,42.33662,"{
  ""coordinates"": [
    -8.305064841718500e+01,
    4.233662443077230e+01
  ],
  ""type"": ""Point""
}","{
  ""coordinates"": [
    -83.050648417,
    42.336624431
  ],
  ""type"": ""Point""
}",-83.0506484169999,42.3366244310001
23407,1507780,LINWOOD,STANLEY,2018-10-18,18,10,2018,19,5,5,9,,4,0,Asphalt,1,1,4,35,2,2,2,5,0,0,0,0,true,false,false,false,false,false,false,false,false,false,true,false,false,false,true,false,false,false,false,false,false,false,-83.09501,42.35402,"{
  ""coordinates"": [
    -8.309500816166521e+01,
    4.235401956216780e+01
  ],
  ""type"": ""Point""
}","{
  ""coordinates"": [
    -83.095008162,
    42.354019562
  ],
  ""type"": ""Point""
}",-83.0950081619999,42.3540195620001
23408,1503959,GALLAGHER,MINNESOTA,2018-10-18,18,10,2018,4,5,5,9,,,0,,1,1,4,10,2,2,0,5,0,0,0,0,true,false,false,false,true,false,false,false,false,false,false,false,false,false,false,false,false,false,false,false,false,false,-83.06904,42.42349,"{
  ""coordinates"": [
    -8.306903973332800e+01,
    4.242349086555580e+01
  ],
  ""type"": ""Point""
}","{
  ""coordinates"": [
    -83.069039733,
    42.423490866
  ],
  ""type"": ""Point""
}",-83.069039733,42.4234908660001
23409,1507822,WOODWARD,MACK,2018-10-17,17,10,2018,12,4,4,3,,1,0,Asphalt,1,1,1,25,3,2,3,5,0,0,0,0,true,false,false,false,false,false,false,false,false,false,false,false,false,true,false,false,false,false,false,false,false,false,-83.05738,42.34664,"{
  ""coordinates"": [
    -8.305737792258560e+01,
    4.234663645622210e+01
  ],
  ""type"": ""Point""
}","{
  ""coordinates"": [
    -83.057377923,
    42.346636456
  ],
  ""type"": ""Point""
}",-83.057377923,42.3466364560001
23410,1528508,2ND,SEWARD,2018-10-17,17,10,2018,16,4,4,9,,4,0,Asphalt,1,1,1,25,2,2,3,4,0,0,0,2,false,false,false,false,false,false,false,false,false,false,false,false,false,true,false,false,false,false,false,false,false,false,-83.07957,42.374,"{
  ""coordinates"": [
    -8.307956540493370e+01,
    4.237399712629650e+01
  ],
  ""type"": ""Point""
}","{
  ""coordinates"": [
    -83.079565405,
    42.373997126
  ],
  ""type"": ""Point""
}",-83.079565405,42.3739971260001
23411,1510448,I-94,BRUSH,2018-10-17,17,10,2018,11,4,5,1,,1,0,Asphalt,1,2,1,55,3,2,2,5,0,0,0,0,true,false,false,false,false,false,false,false,false,false,false,false,false,false,false,false,false,false,false,false,false,false,-83.06281,42.36643,"{
  ""coordinates"": [
    -8.306280743854450e+01,
    4.236643276477140e+01
  ],
  ""type"": ""Point""
}","{
  ""coordinates"": [
    -83.062807439,
    42.366432765
  ],
  ""type"": ""Point""
}",-83.062807439,42.3664327650001
23412,1502762,MEYERS,MCNICHOLS,2018-10-17,17,10,2018,11,4,4,9,,4,0,Asphalt,1,2,1,35,4,2,1,5,0,0,0,0,true,false,false,false,true,false,false,false,false,false,false,false,false,true,false,false,false,false,false,false,false,false,-83.17012,42.41663,"{
  ""coordinates"": [
    -8.317012335279190e+01,
    4.241662840524340e+01
  ],
  ""type"": ""Point""
}","{
  ""coordinates"": [
    -83.170123353,
    42.416628405
  ],
  ""type"": ""Point""
}",-83.170123353,42.416628405
23413,1510493,GRANDRIVER,CANFIELD,2018-10-17,17,10,2018,14,4,4,3,,1,0,Asphalt,1,2,1,30,6,2,2,5,0,0,0,0,true,false,false,false,false,false,false,false,false,false,false,false,false,true,false,false,false,false,false,false,false,false,-83.08247,42.34594,"{
  ""coordinates"": [
    -8.308247451631129e+01,
    4.234594026734430e+01
  ],
  ""type"": ""Point""
}","{
  ""coordinates"": [
    -83.082474516,
    42.345940267
  ],
  ""type"": ""Point""
}",-83.0824745159999,42.3459402670001
23414,1501501,MITCHELL,REMINGTON,2018-10-17,17,10,2018,0,4,8,9,,,0,,1,1,4,,2,3,1,5,0,0,0,0,true,false,false,false,false,false,false,false,false,false,false,false,false,false,false,false,false,false,false,false,false,false,-83.07281,42.44274,"{
  ""coordinates"": [
    -8.307281083943910e+01,
    4.244273598123390e+01
  ],
  ""type"": ""Point""
}","{
  ""coordinates"": [
    -83.072810839,
    42.442735981
  ],
  ""type"": ""Point""
}",-83.0728108389999,42.4427359810001
23415,1507777,2ND,SEWARD,2018-10-17,17,10,2018,9,4,8,9,,4,0,Asphalt,1,1,1,25,2,2,1,5,0,0,0,0,true,false,false,false,false,false,false,false,false,false,false,false,false,false,false,true,false,false,false,false,false,false,-83.07957,42.374,"{
  ""coordinates"": [
    -8.307956540493370e+01,
    4.237399712629650e+01
  ],
  ""type"": ""Point""
}","{
  ""coordinates"": [
    -83.079565405,
    42.373997126
  ],
  ""type"": ""Point""
}",-83.079565405,42.3739971260001
23416,1519248,WARREN,DACOSTA,2018-10-17,17,10,2018,13,4,3,9,,2,0,Asphalt,1,1,1,40,4,2,3,4,0,0,0,1,false,false,false,false,false,false,false,false,false,false,false,false,false,false,false,false,false,false,false,false,false,false,-83.25712,42.34177,"{
  ""coordinates"": [
    -8.325712164687209e+01,
    4.234176798727270e+01
  ],
  ""type"": ""Point""
}","{
  ""coordinates"": [
    -83.257121647,
    42.341767987
  ],
  ""type"": ""Point""
}",-83.257121647,42.341767987
23417,1502730,GRAY,FOREST,2018-10-17,17,10,2018,4,4,1,9,,,1,,1,1,4,25,3,1,1,5,0,0,0,0,true,false,false,false,false,false,false,false,false,false,false,false,false,false,false,false,false,false,false,false,false,false,-82.96698,42.39043,"{
  ""coordinates"": [
    -8.296698081505880e+01,
    4.239043300144400e+01
  ],
  ""type"": ""Point""
}","{
  ""coordinates"": [
    -82.966980815,
    42.390433001
  ],
  ""type"": ""Point""
}",-82.9669808149999,42.3904330010001
23418,1505247,WARREN,CASS,2018-10-17,17,10,2018,15,4,5,9,,4,0,Asphalt,1,1,1,35,4,2,2,5,0,0,0,0,true,false,false,false,false,false,false,false,false,false,false,false,false,false,false,false,false,false,false,false,false,false,-83.06605,42.35635,"{
  ""coordinates"": [
    -8.306604581813320e+01,
    4.235634551311680e+01
  ],
  ""type"": ""Point""
}","{
  ""coordinates"": [
    -83.066045818,
    42.356345513
  ],
  ""type"": ""Point""
}",-83.066045818,42.3563455130001
23419,1515524,WYOMING,INTERVALE,2018-10-17,17,10,2018,19,4,5,9,,4,0,Asphalt,1,1,1,35,2,2,2,5,0,0,0,0,true,false,false,false,true,false,false,false,false,false,false,false,false,true,false,false,false,false,false,false,false,false,-83.15921,42.39168,"{
  ""coordinates"": [
    -8.315921093216120e+01,
    4.239167654811380e+01
  ],
  ""type"": ""Point""
}","{
  ""coordinates"": [
    -83.159210932,
    42.391676548
  ],
  ""type"": ""Point""
}",-83.159210932,42.3916765480001
23420,1506381,DAVISON,LINWOOD,2018-10-17,17,10,2018,16,4,98,3,,1,0,Asphalt,1,1,1,35,7,2,0,2,0,1,0,0,false,false,false,false,true,false,false,false,false,false,false,false,true,false,false,false,false,false,false,false,false,false,-83.12138,42.39326,"{
  ""coordinates"": [
    -8.312137225934320e+01,
    4.239326330194330e+01
  ],
  ""type"": ""Point""
}","{
  ""coordinates"": [
    -83.121372259,
    42.393263302
  ],
  ""type"": ""Point""
}",-83.1213722589999,42.393263302
23421,1502747,DAVISON,LASALLE,2018-10-17,17,10,2018,8,4,5,3,,1,0,Asphalt,1,1,1,35,6,2,2,5,0,0,0,0,true,false,false,false,false,false,false,false,false,false,false,false,false,false,false,false,false,false,false,false,false,false,-83.1191,42.39411,"{
  ""coordinates"": [
    -8.311909929531720e+01,
    4.239410655327530e+01
  ],
  ""type"": ""Point""
}","{
  ""coordinates"": [
    -83.119099295,
    42.394106553
  ],
  ""type"": ""Point""
}",-83.119099295,42.394106553
23422,1506366,7 MILE,REX,2018-10-17,17,10,2018,18,4,1,9,,2,1,Asphalt,1,1,3,30,4,1,1,5,0,0,0,0,true,false,false,false,false,false,false,false,false,false,false,false,false,false,false,false,false,false,false,false,false,false,-82.95832,42.43559,"{
  ""coordinates"": [
    -8.295832210767740e+01,
    4.243559139372760e+01
  ],
  ""type"": ""Point""
}","{
  ""coordinates"": [
    -82.958322108,
    42.435591394
  ],
  ""type"": ""Point""
}",-82.9583221079999,42.435591394
23423,1503962,MOUND,OUTER,2018-10-17,17,10,2018,23,4,8,9,,2,0,Asphalt,1,1,4,35,6,2,2,5,0,0,0,0,true,false,false,false,false,false,false,false,false,false,false,false,false,false,false,false,false,false,false,false,false,false,-83.04406,42.44092,"{
  ""coordinates"": [
    -8.304406114664530e+01,
    4.244091778379280e+01
  ],
  ""type"": ""Point""
}","{
  ""coordinates"": [
    -83.044061147,
    42.440917784
  ],
  ""type"": ""Point""
}",-83.044061147,42.4409177840001
23424,1577964,N I 75,W I 96,2018-10-17,17,10,2018,3,4,1,1,,1,1,Asphalt,1,1,4,55,2,1,0,5,0,0,0,0,true,false,false,false,false,false,false,false,false,false,false,false,false,false,false,false,false,false,false,false,false,false,-83.08221,42.31928,"{
  ""coordinates"": [
    -8.308221698402700e+01,
    4.231928314168950e+01
  ],
  ""type"": ""Point""
}","{
  ""coordinates"": [
    -83.082216984,
    42.319283142
  ],
  ""type"": ""Point""
}",-83.082216984,42.3192831420001
23425,1512924,I-94,BURNS,2018-10-17,17,10,2018,10,4,5,1,,1,0,Asphalt,1,1,1,55,3,2,5,4,0,0,0,1,false,false,false,false,false,false,false,false,false,false,false,false,false,false,false,false,false,false,false,false,false,false,-83.00991,42.39033,"{
  ""coordinates"": [
    -8.300990727218880e+01,
    4.239032850833640e+01
  ],
  ""type"": ""Point""
}","{
  ""coordinates"": [
    -83.009907272,
    42.390328508
  ],
  ""type"": ""Point""
}",-83.009907272,42.390328508
23426,1506364,STATE FAIR,GRATIOT,2018-10-17,17,10,2018,16,4,4,3,,4,0,Asphalt,1,2,1,35,4,2,2,5,0,0,0,0,true,false,false,false,false,false,false,false,false,false,false,false,false,false,false,false,false,false,false,false,false,false,-82.97281,42.4425,"{
  ""coordinates"": [
    -8.297280732478460e+01,
    4.244250076772690e+01
  ],
  ""type"": ""Point""
}","{
  ""coordinates"": [
    -82.972807325,
    42.442500768
  ],
  ""type"": ""Point""
}",-82.972807325,42.4425007680001
23427,1502720,MCDONALD,SMART,2018-10-17,17,10,2018,21,4,1,9,,,0,,1,1,5,25,2,2,1,5,0,0,0,0,true,false,false,false,true,false,false,false,false,false,false,false,false,false,false,false,false,false,false,false,true,false,-83.14663,42.33897,"{
  ""coordinates"": [
    -8.314662819215640e+01,
    4.233897077089770e+01
  ],
  ""type"": ""Point""
}","{
  ""coordinates"": [
    -83.146628192,
    42.338970771
  ],
  ""type"": ""Point""
}",-83.146628192,42.338970771
23428,1507772,GRAND,S M 10,2018-10-17,17,10,2018,10,4,8,9,,4,0,Concrete,1,1,1,30,2,2,2,5,0,0,0,0,true,false,false,false,false,false,false,false,false,false,false,false,false,false,false,false,false,false,false,false,false,false,-83.08179,42.36698,"{
  ""coordinates"": [
    -8.308179541674880e+01,
    4.236698163026010e+01
  ],
  ""type"": ""Point""
}","{
  ""coordinates"": [
    -83.081795417,
    42.36698163
  ],
  ""type"": ""Point""
}",-83.081795417,42.3669816300001
23429,1502733,VERNOR,SAINT AUBIN,2018-10-17,17,10,2018,18,4,5,9,,4,0,Asphalt,1,2,1,30,4,2,1,5,0,0,0,0,true,false,false,false,true,false,false,false,false,false,false,false,false,true,false,false,false,false,false,false,false,false,-83.03394,42.34864,"{
  ""coordinates"": [
    -8.303394040019310e+01,
    4.234863759276760e+01
  ],
  ""type"": ""Point""
}","{
  ""coordinates"": [
    -83.0339404,
    42.348637593
  ],
  ""type"": ""Point""
}",-83.0339403999999,42.348637593
23430,1503932,PARK,I 75 SERVICE,2018-10-17,17,10,2018,18,4,97,9,,4,0,Concrete,1,1,1,25,2,2,1,5,0,0,0,0,true,false,false,false,false,false,false,false,false,false,false,false,false,false,false,false,false,false,false,false,false,false,-83.0728,42.33281,"{
  ""coordinates"": [
    -8.307280008563281e+01,
    4.233281119583190e+01
  ],
  ""type"": ""Point""
}","{
  ""coordinates"": [
    -83.072800086,
    42.332811196
  ],
  ""type"": ""Point""
}",-83.072800086,42.3328111960001
23431,1509180,I-94,GRANDRIVER,2018-10-17,17,10,2018,17,4,5,1,,1,0,Asphalt,1,2,1,55,3,2,2,5,0,0,0,0,true,false,false,false,true,false,false,false,false,false,false,false,false,true,false,false,false,false,false,false,false,false,-83.09607,42.35106,"{
  ""coordinates"": [
    -8.309606608689769e+01,
    4.235106376152990e+01
  ],
  ""type"": ""Point""
}","{
  ""coordinates"": [
    -83.096066087,
    42.351063762
  ],
  ""type"": ""Point""
}",-83.0960660869999,42.3510637620001
23432,1502749,8 MILE,DEQUINDRE,2018-10-17,17,10,2018,18,4,5,3,,1,0,Asphalt,1,1,1,40,8,2,3,4,0,0,0,1,false,true,false,false,false,false,false,false,false,false,false,false,false,false,false,false,false,false,false,false,false,false,-83.08546,42.44698,"{
  ""coordinates"": [
    -8.308546461160689e+01,
    4.244697515933500e+01
  ],
  ""type"": ""Point""
}","{
  ""coordinates"": [
    -83.085464612,
    42.446975159
  ],
  ""type"": ""Point""
}",-83.085464612,42.446975159
23433,1503963,SANTA CLARA,ILENE,2018-10-17,17,10,2018,15,4,3,9,,,0,,1,2,1,25,3,2,3,5,0,0,0,0,true,false,false,false,false,false,false,false,false,false,true,false,false,false,true,false,false,false,false,false,false,false,-83.16268,42.42051,"{
  ""coordinates"": [
    -8.316268257369320e+01,
    4.242050624400010e+01
  ],
  ""type"": ""Point""
}","{
  ""coordinates"": [
    -83.162682574,
    42.420506244
  ],
  ""type"": ""Point""
}",-83.162682574,42.4205062440001
23434,1502728,I 94,CONNER,2018-10-17,17,10,2018,7,4,8,1,,1,3,Asphalt,1,1,1,55,3,2,1,5,0,0,0,0,true,false,false,false,true,false,false,false,false,false,false,false,false,true,false,false,false,false,false,false,false,false,-82.98837,42.39687,"{
  ""coordinates"": [
    -8.298836408633520e+01,
    4.239687062311890e+01
  ],
  ""type"": ""Point""
}","{
  ""coordinates"": [
    -82.988364086,
    42.396870623
  ],
  ""type"": ""Point""
}",-82.988364086,42.396870623
23435,1502711,GRAND RIVER,SUSSEX,2018-10-17,17,10,2018,17,4,5,3,,1,0,Asphalt,1,1,3,35,4,2,0,5,0,0,0,0,true,false,false,false,true,false,false,false,false,false,false,false,false,false,false,false,false,false,false,false,false,false,-83.19453,42.39111,"{
  ""coordinates"": [
    -8.319453695414340e+01,
    4.239111329836460e+01
  ],
  ""type"": ""Point""
}","{
  ""coordinates"": [
    -83.194536954,
    42.391113298
  ],
  ""type"": ""Point""
}",-83.1945369539999,42.3911132980001
23436,1510471,M-39,FULLERTON,2018-10-17,17,10,2018,8,4,5,3,,1,0,Asphalt,1,1,4,55,3,2,2,5,0,0,0,0,true,false,false,false,false,false,false,false,false,false,false,false,false,false,false,false,false,false,false,false,false,false,-83.21719,42.38115,"{
  ""coordinates"": [
    -8.321719166255440e+01,
    4.238115196532670e+01
  ],
  ""type"": ""Point""
}","{
  ""coordinates"": [
    -83.217191663,
    42.381151965
  ],
  ""type"": ""Point""
}",-83.2171916629999,42.3811519650001
23437,1502741,KENSINGTON,KING RICHARD,2018-10-17,17,10,2018,6,4,10,9,,,0,,1,2,1,25,2,2,1,5,0,0,0,0,true,false,false,false,false,false,false,false,false,false,false,false,false,false,true,false,false,false,false,false,false,false,-82.94386,42.41487,"{
  ""coordinates"": [
    -8.294386075588210e+01,
    4.241486858848140e+01
  ],
  ""type"": ""Point""
}","{
  ""coordinates"": [
    -82.943860756,
    42.414868588
  ],
  ""type"": ""Point""
}",-82.9438607559999,42.414868588
23438,1502713,MICHIGAN,WABASH,2018-10-17,17,10,2018,19,4,1,2,,1,0,Asphalt,1,1,4,35,6,2,2,4,0,0,0,1,false,false,false,false,false,false,false,false,false,false,false,false,false,false,false,false,false,false,false,false,true,false,-83.075,42.33138,"{
  ""coordinates"": [
    -8.307499412539130e+01,
    4.233137448625870e+01
  ],
  ""type"": ""Point""
}","{
  ""coordinates"": [
    -83.074994125,
    42.331374486
  ],
  ""type"": ""Point""
}",-83.074994125,42.3313744860001
23439,1542981,LAFAYETTE,BRUSH,2018-10-17,17,10,2018,8,4,4,9,,4,0,Asphalt,1,1,1,25,2,2,2,5,0,0,0,0,true,false,true,true,false,false,false,false,false,false,false,false,false,false,false,false,false,false,false,false,false,false,-83.04314,42.33357,"{
  ""coordinates"": [
    -8.304314251251800e+01,
    4.233356839910530e+01
  ],
  ""type"": ""Point""
}","{
  ""coordinates"": [
    -83.043142513,
    42.333568399
  ],
  ""type"": ""Point""
}",-83.043142513,42.3335683990001
23440,1510446,N M 10,MEYERS,2018-10-17,17,10,2018,8,4,8,3,,1,0,Concrete,1,1,1,55,3,2,1,5,0,0,0,0,true,false,false,false,true,false,false,false,false,false,false,false,false,false,false,false,false,false,false,false,false,false,-83.16995,42.41436,"{
  ""coordinates"": [
    -8.316995331345299e+01,
    4.241436362608820e+01
  ],
  ""type"": ""Point""
}","{
  ""coordinates"": [
    -83.169953313,
    42.414363626
  ],
  ""type"": ""Point""
}",-83.169953313,42.4143636260001
23441,1503950,GRAND RIVER,PATTON,2018-10-17,17,10,2018,11,4,5,3,,1,0,Asphalt,1,1,1,35,4,2,2,4,0,0,0,1,false,false,false,false,true,false,false,false,false,false,false,false,false,true,false,false,false,false,false,false,false,false,-83.24421,42.41112,"{
  ""coordinates"": [
    -8.324420772823520e+01,
    4.241111694334710e+01
  ],
  ""type"": ""Point""
}","{
  ""coordinates"": [
    -83.244207728,
    42.411116943
  ],
  ""type"": ""Point""
}",-83.2442077279999,42.411116943
23442,1545746,ROSA PARKS BLDV,MERRICK,2018-10-17,17,10,2018,17,4,8,9,,4,0,Asphalt,1,1,1,30,3,2,1,5,0,0,0,0,true,false,false,false,true,false,false,false,false,false,false,false,false,false,false,false,false,false,false,false,false,false,-83.08418,42.35285,"{
  ""coordinates"": [
    -8.308417825321300e+01,
    4.235284907643910e+01
  ],
  ""type"": ""Point""
}","{
  ""coordinates"": [
    -83.084178253,
    42.352849076
  ],
  ""type"": ""Point""
}",-83.0841782529999,42.352849076