ObjectId,Crash ID,Primary Road,Intersecting Road,Crash Date,Day,Month,Year,Hour,Weekday,Crash Type Code,Highway Classification Code,Community Code,Jurisdiction Code,Lane Departure Type Code,Surface Type,Road Condition,Weather Condition,Lighting Condition,Speed Limit,Lanes,Units,Occupants,Most Severe Injury,Fatal Injuries,Suspected Serious Injuries,Suspected Minor Injuries,Possible Injuries,Property Damage Only,Secondary Crash,Traffic Control,Red Light Run,Hit and Run,Alcohol,Drugs,Unbelted Person,Work Zone,Speeding Driver,Distracted Driver,Driveway,Pedestrian,Elderly Driver,Young Driver,Commercial Vehicle,Emergency Vehicles,Train,School Bus,Motorcycle,Bicycle,Deer,Longitude,Latitude,geom,geog,x,y
23497,1502773,ANTHONY WAYNE,WARREN,2018-10-16,16,10,2018,17,3,8,9,,4,0,Asphalt,1,1,1,25,3,2,2,5,0,0,0,0,true,false,false,false,false,false,false,false,false,false,false,false,false,false,false,false,false,false,false,false,false,false,-83.07152,42.35478,"{
  ""coordinates"": [
    -8.307151472722910e+01,
    4.235478272226680e+01
  ],
  ""type"": ""Point""
}","{
  ""coordinates"": [
    -83.071514727,
    42.354782722
  ],
  ""type"": ""Point""
}",-83.071514727,42.354782722
23498,1501423,I 94,WARREN,2018-10-16,16,10,2018,7,3,5,1,,1,0,Asphalt,1,1,4,55,3,2,2,5,0,0,0,0,true,false,false,false,false,false,false,false,false,false,false,false,false,false,false,false,false,false,false,false,false,false,-83.11426,42.34375,"{
  ""coordinates"": [
    -8.311426158794170e+01,
    4.234374684124180e+01
  ],
  ""type"": ""Point""
}","{
  ""coordinates"": [
    -83.114261588,
    42.343746841
  ],
  ""type"": ""Point""
}",-83.114261588,42.343746841
23499,1578086,SANTA MARIA,PREST,2018-10-16,16,10,2018,4,3,4,9,,,0,,1,1,1,25,2,2,1,5,0,0,0,0,true,false,false,false,true,false,false,false,false,false,false,false,false,false,false,false,false,false,false,false,false,false,-83.19825,42.41784,"{
  ""coordinates"": [
    -8.319824807342729e+01,
    4.241783830640220e+01
  ],
  ""type"": ""Point""
}","{
  ""coordinates"": [
    -83.198248073,
    42.417838306
  ],
  ""type"": ""Point""
}",-83.1982480729999,42.4178383060001
23500,1501489,QUEEN,WILSHIRE,2018-10-16,16,10,2018,15,3,4,9,,,0,,1,1,1,25,2,2,3,3,0,0,1,2,false,false,false,false,false,false,false,false,false,false,false,false,false,false,false,false,false,false,false,false,false,false,-82.96687,42.41296,"{
  ""coordinates"": [
    -8.296687071087740e+01,
    4.241295694485550e+01
  ],
  ""type"": ""Point""
}","{
  ""coordinates"": [
    -82.966870711,
    42.412956945
  ],
  ""type"": ""Point""
}",-82.966870711,42.4129569450001
23501,1500750,JOY,BEECHWOOD,2018-10-16,16,10,2018,6,3,5,9,,4,0,Asphalt,1,1,4,25,4,2,0,5,0,0,0,0,true,false,false,false,true,false,false,false,false,false,false,false,false,false,false,false,false,false,false,false,false,false,-83.13183,42.36364,"{
  ""coordinates"": [
    -8.313182707130800e+01,
    4.236363648143750e+01
  ],
  ""type"": ""Point""
}","{
  ""coordinates"": [
    -83.131827071,
    42.363636481
  ],
  ""type"": ""Point""
}",-83.131827071,42.3636364810001
23502,1502723,VERNOR,ANDERDON,2018-10-16,16,10,2018,9,3,4,9,,4,0,Asphalt,1,1,3,25,3,2,2,5,0,0,0,0,true,false,true,false,false,false,false,false,false,false,false,false,false,false,false,false,false,false,false,false,false,false,-82.96154,42.37593,"{
  ""coordinates"": [
    -8.296154391865250e+01,
    4.237592938101190e+01
  ],
  ""type"": ""Point""
}","{
  ""coordinates"": [
    -82.961543919,
    42.375929381
  ],
  ""type"": ""Point""
}",-82.961543919,42.375929381
23503,1501442,WOODWARD,ATKINSON,2018-10-16,16,10,2018,7,3,4,3,,1,0,Asphalt,1,1,1,45,3,2,2,5,0,0,0,0,true,false,false,false,false,false,false,false,false,false,false,false,false,false,false,false,false,false,false,false,false,false,-83.08235,42.38374,"{
  ""coordinates"": [
    -8.308235549433060e+01,
    4.238373384579380e+01
  ],
  ""type"": ""Point""
}","{
  ""coordinates"": [
    -83.082355494,
    42.383733846
  ],
  ""type"": ""Point""
}",-83.082355494,42.383733846
23504,1501495,VAN DYKE,DAVISON,2018-10-16,16,10,2018,16,3,97,3,,1,0,Asphalt,1,1,1,40,7,2,1,5,0,0,0,0,true,false,false,false,true,false,false,false,false,false,false,false,false,false,false,false,false,false,false,false,false,false,-83.02387,42.4236,"{
  ""coordinates"": [
    -8.302386885096860e+01,
    4.242360301692900e+01
  ],
  ""type"": ""Point""
}","{
  ""coordinates"": [
    -83.023868851,
    42.423603017
  ],
  ""type"": ""Point""
}",-83.023868851,42.4236030170001
23505,1501487,EATON,PREVOST,2018-10-16,16,10,2018,14,3,4,9,,,0,,1,1,1,25,2,2,3,5,0,0,0,0,true,false,true,false,false,false,false,false,false,false,false,false,false,false,true,false,false,false,false,false,false,false,-83.20269,42.39659,"{
  ""coordinates"": [
    -8.320268935152060e+01,
    4.239658587832730e+01
  ],
  ""type"": ""Point""
}","{
  ""coordinates"": [
    -83.202689352,
    42.396585878
  ],
  ""type"": ""Point""
}",-83.2026893519999,42.3965858780001
23506,1501436,GREENFIELD,PLYMOUTH,2018-10-16,16,10,2018,1,3,4,9,,2,0,Asphalt,1,1,1,,2,2,3,5,0,0,0,0,true,false,false,false,false,false,false,false,false,false,false,false,false,false,false,false,false,false,false,false,false,false,-83.19756,42.37248,"{
  ""coordinates"": [
    -8.319755686517260e+01,
    4.237248068198160e+01
  ],
  ""type"": ""Point""
}","{
  ""coordinates"": [
    -83.197556865,
    42.372480682
  ],
  ""type"": ""Point""
}",-83.197556865,42.3724806820001
23507,1501462,ARTESIAN,KIRKWOOD,2018-10-16,16,10,2018,20,3,97,9,,,0,,1,1,4,25,2,2,1,5,0,0,0,0,true,false,false,false,true,false,false,false,false,false,false,false,false,true,true,false,false,false,false,false,false,false,-83.22532,42.33279,"{
  ""coordinates"": [
    -8.322532123439009e+01,
    4.233278484711930e+01
  ],
  ""type"": ""Point""
}","{
  ""coordinates"": [
    -83.225321234,
    42.332784847
  ],
  ""type"": ""Point""
}",-83.225321234,42.332784847
23508,1505219,S I 75,E I 94,2018-10-16,16,10,2018,16,3,5,1,,1,0,Concrete,1,1,1,55,4,2,2,5,0,0,0,0,true,false,false,false,false,false,false,false,false,false,false,false,false,false,false,false,false,false,false,false,false,false,-83.05818,42.36845,"{
  ""coordinates"": [
    -8.305818297593120e+01,
    4.236845585464430e+01
  ],
  ""type"": ""Point""
}","{
  ""coordinates"": [
    -83.058182976,
    42.368455855
  ],
  ""type"": ""Point""
}",-83.058182976,42.368455855
23509,1501469,GRATIOT,MT.ELLIOT,2018-10-16,16,10,2018,18,3,9,3,,1,0,Asphalt,1,1,1,35,3,3,3,3,0,0,1,1,false,false,false,false,false,false,true,false,false,false,true,false,false,false,false,false,false,false,false,false,false,false,-83.02396,42.36484,"{
  ""coordinates"": [
    -8.302396228110530e+01,
    4.236483606619590e+01
  ],
  ""type"": ""Point""
}","{
  ""coordinates"": [
    -83.023962281,
    42.364836066
  ],
  ""type"": ""Point""
}",-83.023962281,42.3648360660001
23510,1501474,CHENE,MACK,2018-10-16,16,10,2018,16,3,5,9,,4,0,Asphalt,1,1,1,25,2,2,2,5,0,0,0,0,true,false,false,false,false,false,false,false,false,false,false,false,false,false,false,false,false,false,false,false,false,false,-83.03468,42.35647,"{
  ""coordinates"": [
    -8.303467449376841e+01,
    4.235647087561870e+01
  ],
  ""type"": ""Point""
}","{
  ""coordinates"": [
    -83.034674494,
    42.356470876
  ],
  ""type"": ""Point""
}",-83.0346744939999,42.3564708760001
23511,1513007,E I 94 SERVICE DRIVE,MOROSS,2018-10-16,16,10,2018,8,3,97,1,,4,0,Asphalt,1,1,1,,4,2,2,5,0,0,0,0,true,false,false,false,false,false,false,false,false,false,false,false,false,false,false,false,false,false,false,false,false,false,-82.92841,42.42419,"{
  ""coordinates"": [
    -8.292841639454510e+01,
    4.242418712036860e+01
  ],
  ""type"": ""Point""
}","{
  ""coordinates"": [
    -82.928416395,
    42.42418712
  ],
  ""type"": ""Point""
}",-82.9284163949999,42.4241871200001
23512,1510552,HARPER,WOODWARD,2018-10-16,16,10,2018,14,3,8,9,,,0,,1,1,1,25,4,2,0,5,0,0,0,0,true,false,false,false,true,false,false,false,false,false,false,false,false,false,false,false,false,false,false,false,false,false,-83.06675,42.36652,"{
  ""coordinates"": [
    -8.306674791128870e+01,
    4.236652032939930e+01
  ],
  ""type"": ""Point""
}","{
  ""coordinates"": [
    -83.066747911,
    42.366520329
  ],
  ""type"": ""Point""
}",-83.0667479109999,42.366520329
23513,1505213,E I 96,RAMP 213N,2018-10-16,16,10,2018,8,3,5,1,,1,0,Asphalt,1,1,1,55,4,2,2,5,0,0,0,0,true,false,false,false,false,false,false,false,false,false,false,false,false,false,true,false,false,false,false,false,false,false,-83.10391,42.35332,"{
  ""coordinates"": [
    -8.310391413277010e+01,
    4.235331711650530e+01
  ],
  ""type"": ""Point""
}","{
  ""coordinates"": [
    -83.103914133,
    42.353317117
  ],
  ""type"": ""Point""
}",-83.103914133,42.3533171170001
23514,1570390,JOHN C LDG SERVICE,LIVERNOIS,2018-10-16,16,10,2018,19,3,5,3,,1,0,Concrete,1,1,4,35,3,2,3,5,0,0,0,0,true,false,false,false,false,false,false,false,false,false,false,false,false,false,false,false,false,false,false,false,false,false,-83.14023,42.40481,"{
  ""coordinates"": [
    -8.314022955052179e+01,
    4.240480866969850e+01
  ],
  ""type"": ""Point""
}","{
  ""coordinates"": [
    -83.140229551,
    42.40480867
  ],
  ""type"": ""Point""
}",-83.1402295509999,42.4048086700001
23515,1501434,W I 96 SERVICE DRIVE,SCHAEFER,2018-10-16,16,10,2018,14,3,8,1,,1,0,Asphalt,1,1,1,,5,2,1,5,0,0,0,0,true,false,false,false,true,false,false,false,false,false,false,false,false,false,false,false,false,false,false,false,false,false,-83.17836,42.38382,"{
  ""coordinates"": [
    -8.317835821217319e+01,
    4.238381535618480e+01
  ],
  ""type"": ""Point""
}","{
  ""coordinates"": [
    -83.178358212,
    42.383815356
  ],
  ""type"": ""Point""
}",-83.178358212,42.3838153560001
23516,1503920,I-94,WYOMING,2018-10-16,16,10,2018,17,3,5,1,,1,0,Asphalt,1,1,1,55,3,3,5,4,0,0,0,1,false,false,false,false,false,false,false,false,false,false,false,false,false,false,true,false,false,false,false,false,false,false,-83.14735,42.33102,"{
  ""coordinates"": [
    -8.314734435612920e+01,
    4.233102141064360e+01
  ],
  ""type"": ""Point""
}","{
  ""coordinates"": [
    -83.147344356,
    42.331021411
  ],
  ""type"": ""Point""
}",-83.147344356,42.3310214110001
23517,1505246,CLAY,MORROW,2018-10-16,16,10,2018,19,3,1,9,,4,1,Concrete,1,1,4,25,2,1,1,5,0,0,0,0,true,false,false,false,false,false,false,false,false,false,false,false,false,false,false,false,false,false,false,false,false,false,-83.05783,42.38015,"{
  ""coordinates"": [
    -8.305782889069110e+01,
    4.238014918561260e+01
  ],
  ""type"": ""Point""
}","{
  ""coordinates"": [
    -83.057828891,
    42.380149186
  ],
  ""type"": ""Point""
}",-83.057828891,42.380149186
23518,1509204,ABBOTT,6TH,2018-10-16,16,10,2018,4,3,4,9,,,0,,1,1,1,,4,2,2,5,0,0,0,0,true,false,false,false,false,false,false,false,false,false,false,false,false,true,false,false,false,false,false,false,false,false,-83.0599,42.3287,"{
  ""coordinates"": [
    -8.305989591999879e+01,
    4.232869603600800e+01
  ],
  ""type"": ""Point""
}","{
  ""coordinates"": [
    -83.05989592,
    42.328696036
  ],
  ""type"": ""Point""
}",-83.05989592,42.3286960360001
23519,1501439,PINEHURST,PILGRIM,2018-10-16,16,10,2018,22,3,4,9,,,0,,1,1,4,25,4,2,5,4,0,0,0,2,false,false,false,false,true,false,false,true,false,false,false,false,false,false,false,false,false,false,false,false,false,false,-83.16652,42.40768,"{
  ""coordinates"": [
    -8.316651686186719e+01,
    4.240768206139640e+01
  ],
  ""type"": ""Point""
}","{
  ""coordinates"": [
    -83.166516862,
    42.407682061
  ],
  ""type"": ""Point""
}",-83.166516862,42.4076820610001
23520,1505195,N/B M 10,LINWOOD,2018-10-16,16,10,2018,14,3,8,3,,1,0,Concrete,1,1,1,55,4,3,3,5,0,0,0,0,true,false,false,false,false,false,false,false,false,false,false,false,false,false,false,true,false,false,false,false,false,false,-83.11961,42.40417,"{
  ""coordinates"": [
    -8.311961537842750e+01,
    4.240416573313770e+01
  ],
  ""type"": ""Point""
}","{
  ""coordinates"": [
    -83.119615378,
    42.404165733
  ],
  ""type"": ""Point""
}",-83.1196153779999,42.4041657330001
23521,1530926,I-94,I-96,2018-10-16,16,10,2018,4,3,5,1,,1,0,Asphalt,1,1,4,55,3,2,1,5,0,0,0,0,true,false,false,false,true,false,false,false,false,false,false,false,false,false,false,false,false,false,false,false,false,false,-83.09866,42.35024,"{
  ""coordinates"": [
    -8.309865264779781e+01,
    4.235024272429520e+01
  ],
  ""type"": ""Point""
}","{
  ""coordinates"": [
    -83.098652648,
    42.350242724
  ],
  ""type"": ""Point""
}",-83.098652648,42.3502427240001
23522,1502764,DEQUINDRE,WINCHESTER,2018-10-16,16,10,2018,22,3,4,9,,4,0,Asphalt,1,1,4,25,2,2,3,5,0,0,0,0,true,false,false,false,false,false,false,false,false,false,false,false,false,false,false,false,false,false,false,false,false,false,-83.08331,42.44487,"{
  ""coordinates"": [
    -8.308330658726140e+01,
    4.244487310841500e+01
  ],
  ""type"": ""Point""
}","{
  ""coordinates"": [
    -83.083306587,
    42.444873108
  ],
  ""type"": ""Point""
}",-83.083306587,42.444873108
23523,1501488,STATE FAIR,QUEEN,2018-10-16,16,10,2018,9,3,4,9,,4,0,Asphalt,1,1,2,35,2,2,2,5,0,0,0,0,true,false,false,false,true,false,false,false,false,false,false,false,false,false,false,false,false,false,false,false,false,false,-82.96886,42.4426,"{
  ""coordinates"": [
    -8.296886696760230e+01,
    4.244260257495540e+01
  ],
  ""type"": ""Point""
}","{
  ""coordinates"": [
    -82.968866968,
    42.442602575
  ],
  ""type"": ""Point""
}",-82.968866968,42.4426025750001
23524,1501464,WARREN,ASHTON,2018-10-16,16,10,2018,17,3,4,9,,2,0,Asphalt,1,1,1,35,2,2,1,5,0,0,0,0,true,false,false,false,true,false,false,false,false,false,false,false,false,false,false,false,false,false,false,false,false,false,-83.21721,42.34336,"{
  ""coordinates"": [
    -8.321720705293551e+01,
    4.234335970508760e+01
  ],
  ""type"": ""Point""
}","{
  ""coordinates"": [
    -83.217207053,
    42.343359705
  ],
  ""type"": ""Point""
}",-83.217207053,42.3433597050001
23525,1505229,I-94,LIVERNOIS,2018-10-16,16,10,2018,19,3,8,1,,1,0,Asphalt,1,1,4,55,3,2,2,5,0,0,0,0,true,false,false,false,false,false,false,false,false,false,false,false,false,false,false,false,false,false,false,false,false,false,-83.1255,42.33707,"{
  ""coordinates"": [
    -8.312550426323961e+01,
    4.233706637809310e+01
  ],
  ""type"": ""Point""
}","{
  ""coordinates"": [
    -83.125504263,
    42.337066378
  ],
  ""type"": ""Point""
}",-83.125504263,42.337066378
23526,1505210,N/B I 75,HOLBROOK,2018-10-16,16,10,2018,15,3,8,1,,1,0,Asphalt,1,1,1,55,3,2,2,5,0,0,0,0,true,false,false,false,false,false,false,false,false,false,false,false,false,false,false,false,false,false,false,false,false,false,-83.06962,42.38923,"{
  ""coordinates"": [
    -8.306961443326060e+01,
    4.238922556346470e+01
  ],
  ""type"": ""Point""
}","{
  ""coordinates"": [
    -83.069614433,
    42.389225563
  ],
  ""type"": ""Point""
}",-83.069614433,42.389225563
23527,1505239,SAINT ANTIONE,WARREN,2018-10-16,16,10,2018,20,3,9,9,,4,2,Concrete,1,1,4,35,4,2,2,5,0,0,0,0,true,false,false,false,false,false,false,false,false,false,false,false,false,false,false,false,false,false,false,false,false,false,-83.05865,42.36222,"{
  ""coordinates"": [
    -8.305864484379070e+01,
    4.236221677605480e+01
  ],
  ""type"": ""Point""
}","{
  ""coordinates"": [
    -83.058644844,
    42.362216776
  ],
  ""type"": ""Point""
}",-83.058644844,42.362216776
23528,1502746,BURLINGAME,STOEPEL,2018-10-16,16,10,2018,22,3,4,9,,,0,,1,1,4,25,2,2,0,5,0,0,0,0,true,false,false,false,true,false,false,true,false,false,false,true,false,false,false,false,false,false,false,false,false,false,-83.14051,42.37344,"{
  ""coordinates"": [
    -8.314051282851609e+01,
    4.237344274822260e+01
  ],
  ""type"": ""Point""
}","{
  ""coordinates"": [
    -83.140512829,
    42.373442748
  ],
  ""type"": ""Point""
}",-83.140512829,42.3734427480001
23529,1501499,VAN DYKE,ELGIN,2018-10-16,16,10,2018,12,3,4,3,,1,0,Asphalt,1,1,1,35,2,2,2,5,0,0,0,0,true,false,false,false,true,false,false,false,false,false,false,false,false,false,false,false,false,false,false,false,false,false,-83.02337,42.41045,"{
  ""coordinates"": [
    -8.302336620283890e+01,
    4.241045227875920e+01
  ],
  ""type"": ""Point""
}","{
  ""coordinates"": [
    -83.023366203,
    42.410452279
  ],
  ""type"": ""Point""
}",-83.023366203,42.410452279
23530,1501482,FENKELL,ROBSON,2018-10-16,16,10,2018,19,3,5,9,,2,0,Asphalt,1,1,4,35,2,2,1,5,0,0,0,0,true,true,false,false,false,false,false,false,false,false,false,false,false,false,false,false,false,false,false,false,false,false,-83.19251,42.40171,"{
  ""coordinates"": [
    -8.319251040897809e+01,
    4.240170689119800e+01
  ],
  ""type"": ""Point""
}","{
  ""coordinates"": [
    -83.192510409,
    42.401706891
  ],
  ""type"": ""Point""
}",-83.192510409,42.4017068910001
23531,1501458,FORT,MILLER,2018-10-16,16,10,2018,14,3,9,3,,1,0,Asphalt,1,1,1,30,5,2,4,5,0,0,0,0,true,false,false,false,false,false,false,false,false,false,false,false,false,false,false,true,false,false,false,false,false,false,-83.14112,42.29181,"{
  ""coordinates"": [
    -8.314111991725520e+01,
    4.229180868021140e+01
  ],
  ""type"": ""Point""
}","{
  ""coordinates"": [
    -83.141119917,
    42.29180868
  ],
  ""type"": ""Point""
}",-83.141119917,42.29180868
23532,1530944,W I 94,RAMP 213P,2018-10-16,16,10,2018,18,3,5,1,,1,0,Asphalt,1,1,1,55,3,2,3,5,0,0,0,0,true,false,false,false,true,false,false,false,false,false,false,false,false,false,false,false,false,false,false,false,false,false,-83.09753,42.35073,"{
  ""coordinates"": [
    -8.309752935825691e+01,
    4.235073200064810e+01
  ],
  ""type"": ""Point""
}","{
  ""coordinates"": [
    -83.097529358,
    42.350732001
  ],
  ""type"": ""Point""
}",-83.097529358,42.350732001
23533,1502748,LA SALLE,DAVISON,2018-10-16,16,10,2018,17,3,97,9,,,0,,1,1,1,25,2,2,1,4,0,0,0,1,false,false,false,false,false,true,false,false,false,false,false,false,true,false,false,false,false,false,false,false,false,false,-83.11996,42.39532,"{
  ""coordinates"": [
    -8.311996234946621e+01,
    4.239532388099080e+01
  ],
  ""type"": ""Point""
}","{
  ""coordinates"": [
    -83.119962349,
    42.395323881
  ],
  ""type"": ""Point""
}",-83.1199623489999,42.395323881
23534,1502758,8 MILE,DURHAM,2018-10-16,16,10,2018,11,3,4,3,,1,0,Asphalt,1,1,1,25,1,2,1,5,0,0,0,0,true,false,false,false,true,false,false,false,true,false,false,false,false,false,false,false,false,false,false,false,false,false,-83.12991,42.44634,"{
  ""coordinates"": [
    -8.312990817932040e+01,
    4.244634287787710e+01
  ],
  ""type"": ""Point""
}","{
  ""coordinates"": [
    -83.129908179,
    42.446342878
  ],
  ""type"": ""Point""
}",-83.129908179,42.4463428780001
23535,1502777,WARREN,ANTHONY WAYNE,2018-10-16,16,10,2018,15,3,5,9,,4,0,Asphalt,1,1,1,30,3,2,1,5,0,0,0,0,true,false,false,false,true,false,false,false,false,false,false,false,false,false,true,false,false,false,false,false,false,false,-83.0713,42.35463,"{
  ""coordinates"": [
    -8.307129854530380e+01,
    4.235462624318980e+01
  ],
  ""type"": ""Point""
}","{
  ""coordinates"": [
    -83.071298545,
    42.354626243
  ],
  ""type"": ""Point""
}",-83.071298545,42.354626243
23536,1501456,JUNCTION,FORT,2018-10-16,16,10,2018,13,3,8,3,,4,0,Asphalt,1,1,1,25,4,2,2,5,0,0,0,0,true,false,false,false,false,false,false,false,false,false,false,false,false,false,false,true,false,false,false,false,false,false,-83.09605,42.30978,"{
  ""coordinates"": [
    -8.309605137897240e+01,
    4.230977996648730e+01
  ],
  ""type"": ""Point""
}","{
  ""coordinates"": [
    -83.096051379,
    42.309779966
  ],
  ""type"": ""Point""
}",-83.096051379,42.3097799660001
23537,1505193,I-96,WYOMING,2018-10-16,16,10,2018,14,3,97,1,,1,0,Asphalt,1,1,1,70,3,2,3,5,0,0,0,0,true,false,false,false,false,false,false,false,false,false,false,false,false,true,false,true,false,false,false,false,false,false,-83.15896,42.38562,"{
  ""coordinates"": [
    -8.315895846001391e+01,
    4.238561452840230e+01
  ],
  ""type"": ""Point""
}","{
  ""coordinates"": [
    -83.15895846,
    42.385614528
  ],
  ""type"": ""Point""
}",-83.15895846,42.3856145280001
23538,1505215,I 94,MOROSS,2018-10-16,16,10,2018,14,3,8,1,,1,0,Asphalt,1,1,1,55,3,2,2,4,0,0,0,2,false,false,false,false,false,false,false,false,false,true,false,false,false,true,false,false,false,false,false,false,false,false,-82.92931,42.42368,"{
  ""coordinates"": [
    -8.292930394121070e+01,
    4.242367429333590e+01
  ],
  ""type"": ""Point""
}","{
  ""coordinates"": [
    -82.929303941,
    42.423674293
  ],
  ""type"": ""Point""
}",-82.9293039409999,42.423674293
23539,1505218,I-94,CADIEUX,2018-10-16,16,10,2018,2,3,1,1,,1,1,Asphalt,1,1,1,55,3,1,1,5,0,0,0,0,true,false,false,false,false,false,false,false,false,false,false,false,false,false,false,false,false,false,false,false,false,false,-82.94414,42.41216,"{
  ""coordinates"": [
    -8.294413673685671e+01,
    4.241215809340100e+01
  ],
  ""type"": ""Point""
}","{
  ""coordinates"": [
    -82.944136737,
    42.412158093
  ],
  ""type"": ""Point""
}",-82.944136737,42.4121580930001
23540,1525241,SOUTHFIELD SERVICE DRIVE,PURITAN,2018-10-16,16,10,2018,7,3,5,9,,4,0,Asphalt,1,1,3,30,2,2,1,5,0,0,0,0,true,false,false,false,true,false,false,false,false,false,false,false,false,false,false,false,false,false,false,false,false,false,-83.21823,42.40837,"{
  ""coordinates"": [
    -8.321822788240810e+01,
    4.240836698900800e+01
  ],
  ""type"": ""Point""
}","{
  ""coordinates"": [
    -83.218227882,
    42.408366989
  ],
  ""type"": ""Point""
}",-83.218227882,42.4083669890001
23541,1507773,CASS,GRAND,2018-10-16,16,10,2018,15,3,8,9,,4,0,Asphalt,1,1,1,30,4,2,1,5,0,0,0,0,true,false,false,false,false,false,false,false,false,false,false,false,false,false,false,true,false,false,false,false,false,false,-83.07484,42.36973,"{
  ""coordinates"": [
    -8.307483678415690e+01,
    4.236973147618490e+01
  ],
  ""type"": ""Point""
}","{
  ""coordinates"": [
    -83.074836784,
    42.369731476
  ],
  ""type"": ""Point""
}",-83.074836784,42.369731476
23542,1501437,MCNICHOLS,HUBBELL,2018-10-16,16,10,2018,17,3,5,9,,2,0,Asphalt,1,1,1,35,4,2,2,5,0,0,0,0,true,false,false,false,false,false,false,false,false,false,false,false,false,false,false,false,false,false,false,false,false,false,-83.18938,42.41646,"{
  ""coordinates"": [
    -8.318937550714200e+01,
    4.241646258958440e+01
  ],
  ""type"": ""Point""
}","{
  ""coordinates"": [
    -83.189375507,
    42.41646259
  ],
  ""type"": ""Point""
}",-83.189375507,42.41646259
23543,1501435,WYOMING,RAMP 105B,2018-10-16,16,10,2018,7,3,4,3,,4,0,Concrete,1,1,1,30,4,2,2,5,0,0,0,0,true,false,false,false,false,false,false,false,false,false,false,false,false,false,false,false,false,false,false,false,false,false,-83.15981,42.4049,"{
  ""coordinates"": [
    -8.315980442436700e+01,
    4.240489966018640e+01
  ],
  ""type"": ""Point""
}","{
  ""coordinates"": [
    -83.159804424,
    42.40489966
  ],
  ""type"": ""Point""
}",-83.159804424,42.4048996600001
23544,1502769,WOODWARD,MARTIN LUTHER KING JR,2018-10-16,16,10,2018,15,3,5,3,,1,0,Asphalt,1,1,1,30,7,2,2,5,0,0,0,0,true,false,false,false,true,false,false,false,false,false,false,false,false,false,false,false,false,false,false,false,false,false,-83.05788,42.34738,"{
  ""coordinates"": [
    -8.305787661938690e+01,
    4.234738114478640e+01
  ],
  ""type"": ""Point""
}","{
  ""coordinates"": [
    -83.057876619,
    42.347381145
  ],
  ""type"": ""Point""
}",-83.057876619,42.347381145
23545,1502745,7MILE,HAMBURG,2018-10-16,16,10,2018,16,3,4,9,,4,0,Asphalt,1,1,1,30,2,2,1,5,0,0,0,0,true,false,false,false,true,false,false,false,false,false,false,false,false,true,false,false,false,false,false,false,false,false,-82.99723,42.43464,"{
  ""coordinates"": [
    -8.299723132206120e+01,
    4.243464166998090e+01
  ],
  ""type"": ""Point""
}","{
  ""coordinates"": [
    -82.997231322,
    42.43464167
  ],
  ""type"": ""Point""
}",-82.9972313219999,42.4346416700001
23546,1505216,M-39,LYNDON,2018-10-16,16,10,2018,16,3,8,3,,1,0,Asphalt,1,1,1,55,3,2,2,5,0,0,0,0,true,false,false,false,false,false,false,false,false,false,false,false,false,false,false,false,false,false,false,false,false,false,-83.21806,42.39334,"{
  ""coordinates"": [
    -8.321806691652850e+01,
    4.239333868354890e+01
  ],
  ""type"": ""Point""
}","{
  ""coordinates"": [
    -83.218066917,
    42.393338684
  ],
  ""type"": ""Point""
}",-83.218066917,42.3933386840001
23547,1502761,WYOMING,JAMES COUZENS,2018-10-16,16,10,2018,6,3,4,9,,4,0,Asphalt,1,1,4,30,4,2,2,5,0,0,0,0,true,false,false,false,false,false,false,false,false,false,false,false,false,false,false,false,false,false,false,false,false,false,-83.15984,42.40567,"{
  ""coordinates"": [
    -8.315983679987539e+01,
    4.240566749187530e+01
  ],
  ""type"": ""Point""
}","{
  ""coordinates"": [
    -83.1598368,
    42.405667492
  ],
  ""type"": ""Point""
}",-83.1598367999999,42.4056674920001
23548,1511564,SEVEN MILE,ASBURY,2018-10-16,16,10,2018,3,3,8,9,,2,0,Asphalt,1,1,1,35,4,2,0,5,0,0,0,0,true,false,false,false,true,false,false,false,false,false,false,false,false,false,false,false,false,false,false,false,false,false,-83.20959,42.43027,"{
  ""coordinates"": [
    -8.320959433566100e+01,
    4.243027479570060e+01
  ],
  ""type"": ""Point""
}","{
  ""coordinates"": [
    -83.209594336,
    42.430274796
  ],
  ""type"": ""Point""
}",-83.209594336,42.430274796
23549,1530954,I-94,VAN DYKE,2018-10-16,16,10,2018,17,3,5,1,,1,0,Asphalt,1,1,1,55,3,2,2,5,0,0,0,0,true,false,false,false,false,false,false,false,false,false,false,false,false,true,false,false,false,false,false,false,false,false,-83.01975,42.38627,"{
  ""coordinates"": [
    -8.301974878759439e+01,
    4.238626970358540e+01
  ],
  ""type"": ""Point""
}","{
  ""coordinates"": [
    -83.019748788,
    42.386269704
  ],
  ""type"": ""Point""
}",-83.019748788,42.386269704
23550,1502778,WARREN,JOHN R,2018-10-16,16,10,2018,17,3,5,9,,4,0,Asphalt,1,1,1,30,4,2,2,5,0,0,0,0,true,false,false,false,false,false,false,false,false,false,false,false,false,false,false,false,false,false,false,false,false,false,-83.06216,42.35776,"{
  ""coordinates"": [
    -8.306216126080780e+01,
    4.235776317263170e+01
  ],
  ""type"": ""Point""
}","{
  ""coordinates"": [
    -83.062161261,
    42.357763173
  ],
  ""type"": ""Point""
}",-83.062161261,42.3577631730001