ObjectId,Crash ID,Primary Road,Intersecting Road,Crash Date,Day,Month,Year,Hour,Weekday,Crash Type Code,Highway Classification Code,Community Code,Jurisdiction Code,Lane Departure Type Code,Surface Type,Road Condition,Weather Condition,Lighting Condition,Speed Limit,Lanes,Units,Occupants,Most Severe Injury,Fatal Injuries,Suspected Serious Injuries,Suspected Minor Injuries,Possible Injuries,Property Damage Only,Secondary Crash,Traffic Control,Red Light Run,Hit and Run,Alcohol,Drugs,Unbelted Person,Work Zone,Speeding Driver,Distracted Driver,Driveway,Pedestrian,Elderly Driver,Young Driver,Commercial Vehicle,Emergency Vehicles,Train,School Bus,Motorcycle,Bicycle,Deer,Longitude,Latitude,geom,geog,x,y
23551,1540037,8 MILE,DEQUINDRE,2018-10-16,16,10,2018,20,3,97,3,,1,0,Asphalt,1,1,4,,5,3,4,2,0,1,0,2,false,false,true,true,false,false,false,false,false,false,false,false,false,false,false,false,false,false,false,false,false,false,-83.08311,42.44703,"{
  ""coordinates"": [
    -8.308311269810341e+01,
    4.244702405099970e+01
  ],
  ""type"": ""Point""
}","{
  ""coordinates"": [
    -83.083112698,
    42.447024051
  ],
  ""type"": ""Point""
}",-83.083112698,42.447024051
23552,1501481,WINTHROP,SANTA MARIA,2018-10-16,16,10,2018,22,3,2,9,,,2,,1,1,4,25,1,2,0,5,0,0,0,0,true,false,false,false,true,false,false,false,false,false,false,false,false,false,false,false,false,false,false,false,false,false,-83.20084,42.4183,"{
  ""coordinates"": [
    -8.320084036262870e+01,
    4.241830387957460e+01
  ],
  ""type"": ""Point""
}","{
  ""coordinates"": [
    -83.200840363,
    42.41830388
  ],
  ""type"": ""Point""
}",-83.2008403629999,42.4183038800001
23553,1501467,SCHOOLCRAFT,ABINGTON,2018-10-16,16,10,2018,16,3,5,9,,2,0,Asphalt,1,1,1,30,2,2,2,5,0,0,0,0,true,false,false,false,false,false,false,false,false,false,false,false,false,false,false,false,false,false,false,false,false,false,-83.21144,42.3868,"{
  ""coordinates"": [
    -8.321143736067511e+01,
    4.238679834883630e+01
  ],
  ""type"": ""Point""
}","{
  ""coordinates"": [
    -83.211437361,
    42.386798349
  ],
  ""type"": ""Point""
}",-83.211437361,42.3867983490001
23554,1502775,JOHN C LODGE SERVICE,FOREST,2018-10-16,16,10,2018,14,3,8,3,,4,0,Asphalt,1,1,1,30,3,2,2,5,0,0,0,0,true,false,false,false,false,false,false,false,false,false,false,false,false,true,false,false,false,false,false,false,false,false,-83.07174,42.35176,"{
  ""coordinates"": [
    -8.307174128183320e+01,
    4.235176029180810e+01
  ],
  ""type"": ""Point""
}","{
  ""coordinates"": [
    -83.071741282,
    42.351760292
  ],
  ""type"": ""Point""
}",-83.0717412819999,42.3517602920001
23555,1501421,DAVISON,RAMP 138C,2018-10-15,15,10,2018,15,2,8,9,,4,0,Asphalt,1,1,1,55,4,2,2,5,0,0,0,0,true,false,false,false,false,false,false,false,false,false,false,false,false,false,true,false,false,false,false,false,false,false,-83.15597,42.38584,"{
  ""coordinates"": [
    -8.315596575742170e+01,
    4.238584193507870e+01
  ],
  ""type"": ""Point""
}","{
  ""coordinates"": [
    -83.155965757,
    42.385841935
  ],
  ""type"": ""Point""
}",-83.155965757,42.385841935
23556,1530928,RAMP 122I,RAMP 122A,2018-10-15,15,10,2018,18,2,8,1,,1,0,Concrete,1,1,1,55,2,2,2,5,0,0,0,0,true,false,false,false,false,false,false,false,false,false,false,false,false,false,false,false,false,false,false,false,false,false,-83.06811,42.33479,"{
  ""coordinates"": [
    -8.306810387771981e+01,
    4.233478535371070e+01
  ],
  ""type"": ""Point""
}","{
  ""coordinates"": [
    -83.068103878,
    42.334785354
  ],
  ""type"": ""Point""
}",-83.068103878,42.3347853540001
23557,1501429,N M 10,LIVERNOIS,2018-10-15,15,10,2018,8,2,8,3,,1,0,Concrete,2,4,1,55,3,2,2,5,0,0,0,0,true,false,false,false,false,false,false,false,false,false,false,false,false,false,false,false,false,false,false,false,false,false,-83.14048,42.40495,"{
  ""coordinates"": [
    -8.314048034228610e+01,
    4.240495457162900e+01
  ],
  ""type"": ""Point""
}","{
  ""coordinates"": [
    -83.140480342,
    42.404954572
  ],
  ""type"": ""Point""
}",-83.140480342,42.4049545720001
23558,1501473,LAFAYETTE,SAINT AUBIN,2018-10-15,15,10,2018,13,2,8,9,,4,0,Asphalt,1,1,1,30,4,2,2,5,0,0,0,0,true,false,false,false,false,false,false,false,false,false,false,false,false,false,false,false,false,false,false,false,false,false,-83.02987,42.33926,"{
  ""coordinates"": [
    -8.302986536446200e+01,
    4.233926313381610e+01
  ],
  ""type"": ""Point""
}","{
  ""coordinates"": [
    -83.029865364,
    42.339263134
  ],
  ""type"": ""Point""
}",-83.029865364,42.3392631340001
23559,1500739,CHANDLER PARK,CANYON,2018-10-15,15,10,2018,16,2,4,9,,2,0,Asphalt,1,2,1,35,2,2,2,5,0,0,0,0,true,false,true,false,false,false,false,false,false,false,false,false,false,true,false,false,false,false,false,false,false,false,-82.91852,42.41623,"{
  ""coordinates"": [
    -8.291851798225750e+01,
    4.241623009870810e+01
  ],
  ""type"": ""Point""
}","{
  ""coordinates"": [
    -82.918517982,
    42.416230099
  ],
  ""type"": ""Point""
}",-82.918517982,42.4162300990001
23560,1500721,N M 10,RAMP 111D,2018-10-15,15,10,2018,18,2,5,3,,1,0,Concrete,1,1,1,55,3,2,1,5,0,0,0,0,true,false,false,false,true,false,false,false,false,false,false,false,false,false,false,false,false,false,false,false,false,false,-83.10288,42.38897,"{
  ""coordinates"": [
    -8.310288423008360e+01,
    4.238896620895540e+01
  ],
  ""type"": ""Point""
}","{
  ""coordinates"": [
    -83.10288423,
    42.388966209
  ],
  ""type"": ""Point""
}",-83.10288423,42.388966209
23561,1591239,HARPER,MOUNT ELLIOTT,2018-10-15,15,10,2018,17,2,8,1,,4,0,Concrete,1,1,1,30,2,2,1,5,0,0,0,0,true,false,false,false,false,false,false,false,false,false,false,false,false,false,false,false,false,false,false,false,false,false,-83.03342,42.37895,"{
  ""coordinates"": [
    -8.303342622463700e+01,
    4.237895271784490e+01
  ],
  ""type"": ""Point""
}","{
  ""coordinates"": [
    -83.033426225,
    42.378952718
  ],
  ""type"": ""Point""
}",-83.033426225,42.3789527180001
23562,1501418,I 75,OUTER,2018-10-15,15,10,2018,7,2,8,1,,1,0,Asphalt,1,1,2,55,3,2,2,5,0,0,0,0,true,false,false,false,false,false,false,false,false,false,false,false,false,false,false,false,false,false,false,false,false,false,-83.09496,42.44003,"{
  ""coordinates"": [
    -8.309495335222290e+01,
    4.244002939888350e+01
  ],
  ""type"": ""Point""
}","{
  ""coordinates"": [
    -83.094953352,
    42.440029399
  ],
  ""type"": ""Point""
}",-83.0949533519999,42.440029399
23563,1507778,GRAND,2ND,2018-10-15,15,10,2018,16,2,4,9,,4,0,Asphalt,1,1,1,35,3,2,2,5,0,0,0,0,true,true,false,false,false,false,false,false,false,false,false,false,false,false,false,false,false,false,false,false,false,false,-83.06297,42.34489,"{
  ""coordinates"": [
    -8.306297284783690e+01,
    4.234488554708540e+01
  ],
  ""type"": ""Point""
}","{
  ""coordinates"": [
    -83.062972848,
    42.344885547
  ],
  ""type"": ""Point""
}",-83.062972848,42.344885547
23564,1502729,JEFFERSON,ALTER,2018-10-15,15,10,2018,10,2,1,9,,4,0,Asphalt,1,1,1,25,5,1,1,5,0,0,0,0,true,false,false,false,false,false,false,false,false,false,false,false,false,false,false,false,false,false,false,false,false,false,-82.93961,42.37484,"{
  ""coordinates"": [
    -8.293960840356461e+01,
    4.237484105757030e+01
  ],
  ""type"": ""Point""
}","{
  ""coordinates"": [
    -82.939608404,
    42.374841058
  ],
  ""type"": ""Point""
}",-82.939608404,42.3748410580001
23565,1500741,S M 39 SERVICE DRIVE,RAMP 005H,2018-10-15,15,10,2018,9,2,5,3,,1,0,Asphalt,2,4,1,30,2,2,2,5,0,0,0,0,true,false,false,false,false,false,false,false,false,false,false,false,false,false,false,false,false,false,false,false,false,false,-83.21622,42.33321,"{
  ""coordinates"": [
    -8.321622478579130e+01,
    4.233320635502880e+01
  ],
  ""type"": ""Point""
}","{
  ""coordinates"": [
    -83.216224786,
    42.333206355
  ],
  ""type"": ""Point""
}",-83.2162247859999,42.3332063550001
23566,1500759,8 MILE,SHERWOOD,2018-10-15,15,10,2018,12,2,4,3,,1,0,Asphalt,1,2,1,45,4,2,2,4,0,0,0,1,false,false,true,true,false,false,false,false,false,false,false,false,false,false,false,false,false,false,false,false,false,false,-83.03456,42.44794,"{
  ""coordinates"": [
    -8.303456409677260e+01,
    4.244793623351050e+01
  ],
  ""type"": ""Point""
}","{
  ""coordinates"": [
    -83.034564097,
    42.447936234
  ],
  ""type"": ""Point""
}",-83.034564097,42.4479362340001
23567,1502727,CHALMERS,WARREN,2018-10-15,15,10,2018,21,2,97,9,,4,0,Asphalt,1,2,4,30,4,2,0,3,0,0,1,0,false,false,true,true,true,false,false,false,false,false,false,false,true,false,false,false,false,false,false,false,false,false,-82.95885,42.39545,"{
  ""coordinates"": [
    -8.295884789139740e+01,
    4.239544804284700e+01
  ],
  ""type"": ""Point""
}","{
  ""coordinates"": [
    -82.958847891,
    42.395448043
  ],
  ""type"": ""Point""
}",-82.9588478909999,42.395448043
23568,1501445,PHILADELPHIA,3RD,2018-10-15,15,10,2018,0,2,5,9,,,0,,1,1,4,25,1,3,0,5,0,0,0,0,true,false,false,false,true,false,false,false,false,false,false,false,false,true,false,false,false,false,false,false,false,false,-83.08444,42.37579,"{
  ""coordinates"": [
    -8.308444063646780e+01,
    4.237579281975800e+01
  ],
  ""type"": ""Point""
}","{
  ""coordinates"": [
    -83.084440636,
    42.37579282
  ],
  ""type"": ""Point""
}",-83.084440636,42.3757928200001
23569,1502776,PRENTIS,SECOND,2018-10-15,15,10,2018,18,2,98,9,,,0,,1,1,1,25,2,2,0,5,0,0,0,0,true,false,false,false,true,false,false,false,false,false,false,false,false,false,false,false,false,false,false,false,false,false,-83.06669,42.35244,"{
  ""coordinates"": [
    -8.306668622394820e+01,
    4.235244051428920e+01
  ],
  ""type"": ""Point""
}","{
  ""coordinates"": [
    -83.066686224,
    42.352440514
  ],
  ""type"": ""Point""
}",-83.066686224,42.3524405140001
23570,1500753,GRAND,CHURCHILL,2018-10-15,15,10,2018,18,2,4,9,,4,0,Asphalt,1,1,1,35,3,2,1,5,0,0,0,0,true,false,false,false,true,false,false,false,false,false,false,false,false,false,false,false,false,false,false,false,false,false,-83.0898,42.36418,"{
  ""coordinates"": [
    -8.308980177298480e+01,
    4.236418007660110e+01
  ],
  ""type"": ""Point""
}","{
  ""coordinates"": [
    -83.089801773,
    42.364180077
  ],
  ""type"": ""Point""
}",-83.089801773,42.3641800770001
23571,1499593,W/B I 94,GRATIOT,2018-10-15,15,10,2018,9,2,5,1,,1,0,Asphalt,2,4,1,55,3,2,2,5,0,0,0,0,true,false,false,false,false,false,false,false,false,false,false,false,false,false,false,false,false,false,false,false,false,false,-83.00809,42.39101,"{
  ""coordinates"": [
    -8.300809274193560e+01,
    4.239100729490540e+01
  ],
  ""type"": ""Point""
}","{
  ""coordinates"": [
    -83.008092742,
    42.391007295
  ],
  ""type"": ""Point""
}",-83.008092742,42.3910072950001
23572,1505242,GRAND,2ND,2018-10-15,15,10,2018,17,2,5,9,,4,0,Asphalt,1,1,1,30,3,3,6,5,0,0,0,0,true,false,false,false,false,false,false,false,false,false,false,false,false,false,false,false,false,false,false,false,false,false,-83.0765,42.36891,"{
  ""coordinates"": [
    -8.307649712107290e+01,
    4.236890688721710e+01
  ],
  ""type"": ""Point""
}","{
  ""coordinates"": [
    -83.076497121,
    42.368906887
  ],
  ""type"": ""Point""
}",-83.076497121,42.368906887
23573,1501461,PAUL,BRACE,2018-10-15,15,10,2018,16,2,8,9,,4,3,Asphalt,1,1,1,25,2,2,98,5,0,0,0,0,true,false,false,false,true,false,false,false,false,false,false,false,false,true,false,false,false,false,false,false,false,false,-83.22296,42.33604,"{
  ""coordinates"": [
    -8.322296507715831e+01,
    4.233603686017780e+01
  ],
  ""type"": ""Point""
}","{
  ""coordinates"": [
    -83.222965077,
    42.33603686
  ],
  ""type"": ""Point""
}",-83.222965077,42.33603686
23574,1500736,WHITTIER,CHANDLER PARK,2018-10-15,15,10,2018,7,2,3,9,,4,0,Asphalt,2,2,1,30,2,2,2,5,0,0,0,0,true,false,false,false,false,false,false,false,false,false,true,false,false,false,false,false,false,false,false,false,false,false,-82.93983,42.40868,"{
  ""coordinates"": [
    -8.293983818265239e+01,
    4.240867578932640e+01
  ],
  ""type"": ""Point""
}","{
  ""coordinates"": [
    -82.939838183,
    42.408675789
  ],
  ""type"": ""Point""
}",-82.9398381829999,42.408675789
23575,1500724,GREENFIELD,CHICAGO,2018-10-15,15,10,2018,19,2,5,9,,2,0,Asphalt,1,1,1,35,4,2,2,5,0,0,0,0,true,false,false,false,false,false,false,false,false,true,false,false,false,false,false,false,false,false,false,false,false,false,-83.19729,42.36556,"{
  ""coordinates"": [
    -8.319728539470010e+01,
    4.236556244218230e+01
  ],
  ""type"": ""Point""
}","{
  ""coordinates"": [
    -83.197285395,
    42.365562442
  ],
  ""type"": ""Point""
}",-83.1972853949999,42.3655624420001
23576,1505271,ASBURY,SCHOOLCRAFT,2018-10-15,15,10,2018,10,2,10,9,,,3,,1,1,4,25,2,2,1,5,0,0,0,0,true,false,false,false,false,false,false,false,false,false,false,false,false,false,false,false,false,false,false,false,false,false,-83.20789,42.38728,"{
  ""coordinates"": [
    -8.320788614800171e+01,
    4.238727397017220e+01
  ],
  ""type"": ""Point""
}","{
  ""coordinates"": [
    -83.207886148,
    42.38727397
  ],
  ""type"": ""Point""
}",-83.2078861479999,42.3872739700001
23577,1500737,WARREN,CHALMERS,2018-10-15,15,10,2018,9,2,97,9,,4,0,Asphalt,2,4,1,35,6,2,0,5,0,0,0,0,true,false,false,false,true,false,false,false,false,false,false,false,true,false,false,false,false,false,false,false,false,false,-82.9588,42.39547,"{
  ""coordinates"": [
    -8.295880269408870e+01,
    4.239546431687570e+01
  ],
  ""type"": ""Point""
}","{
  ""coordinates"": [
    -82.958802694,
    42.395464317
  ],
  ""type"": ""Point""
}",-82.958802694,42.3954643170001
23578,1500743,STAINT AUBIN,WARREN,2018-10-15,15,10,2018,15,2,4,9,,4,0,Asphalt,1,1,1,30,2,2,3,4,0,0,0,3,false,false,true,false,false,false,false,false,false,false,false,false,false,false,false,false,false,false,false,false,false,false,-83.04435,42.36441,"{
  ""coordinates"": [
    -8.304434986441680e+01,
    4.236440621484710e+01
  ],
  ""type"": ""Point""
}","{
  ""coordinates"": [
    -83.044349864,
    42.364406215
  ],
  ""type"": ""Point""
}",-83.044349864,42.364406215
23579,1518542,MEYERS,ELLIS,2018-10-15,15,10,2018,8,2,4,9,,4,0,Asphalt,2,4,1,30,4,2,3,4,0,0,0,1,false,false,false,false,true,false,false,false,false,false,false,false,false,false,false,false,false,false,false,false,false,false,-83.16779,42.36095,"{
  ""coordinates"": [
    -8.316778783904240e+01,
    4.236095055150810e+01
  ],
  ""type"": ""Point""
}","{
  ""coordinates"": [
    -83.167787839,
    42.360950552
  ],
  ""type"": ""Point""
}",-83.167787839,42.3609505520001
23580,1501420,I 94,WYOMING,2018-10-15,15,10,2018,9,2,5,1,,1,0,Asphalt,2,2,1,55,3,2,2,5,0,0,0,0,true,false,false,false,false,false,false,false,false,false,false,false,false,false,false,true,false,false,false,false,false,false,-83.15632,42.32882,"{
  ""coordinates"": [
    -8.315632182863010e+01,
    4.232881449844550e+01
  ],
  ""type"": ""Point""
}","{
  ""coordinates"": [
    -83.156321829,
    42.328814498
  ],
  ""type"": ""Point""
}",-83.156321829,42.328814498
23581,1501463,GREENFIELD,PLYMOUTH,2018-10-15,15,10,2018,11,2,8,9,,2,0,Asphalt,1,1,1,35,4,2,2,5,0,0,0,0,true,false,false,false,false,false,false,false,false,false,false,false,false,false,false,false,false,false,false,false,false,false,-83.19755,42.37235,"{
  ""coordinates"": [
    -8.319755111636820e+01,
    4.237235031850060e+01
  ],
  ""type"": ""Point""
}","{
  ""coordinates"": [
    -83.197551116,
    42.372350319
  ],
  ""type"": ""Point""
}",-83.1975511159999,42.3723503190001
23582,1501471,CHARLEVOIX,SEYBURN,2018-10-15,15,10,2018,11,2,9,9,,4,0,Asphalt,1,1,1,30,3,2,2,5,0,0,0,0,true,false,false,false,false,false,false,false,false,false,false,false,false,true,true,false,false,false,false,false,false,false,-83.00485,42.36214,"{
  ""coordinates"": [
    -8.300485206534179e+01,
    4.236213506500300e+01
  ],
  ""type"": ""Point""
}","{
  ""coordinates"": [
    -83.004852065,
    42.362135065
  ],
  ""type"": ""Point""
}",-83.004852065,42.3621350650001
23583,1530940,W I 94,ROSA PARKS,2018-10-15,15,10,2018,19,2,5,1,,1,0,Asphalt,1,1,4,55,3,2,3,5,0,0,0,0,true,true,false,false,false,false,false,false,false,false,true,false,false,false,true,false,false,false,false,false,false,false,-83.08501,42.35468,"{
  ""coordinates"": [
    -8.308501497833331e+01,
    4.235467811575450e+01
  ],
  ""type"": ""Point""
}","{
  ""coordinates"": [
    -83.085014978,
    42.354678116
  ],
  ""type"": ""Point""
}",-83.0850149779999,42.3546781160001
23584,1499623,GRATIOT,RACINE,2018-10-15,15,10,2018,7,2,8,3,,1,0,Asphalt,2,4,1,35,6,2,2,4,0,0,0,1,false,false,false,false,true,false,false,false,false,false,false,false,false,false,false,false,false,false,false,false,false,false,-82.98917,42.41763,"{
  ""coordinates"": [
    -8.298917139980701e+01,
    4.241762923327910e+01
  ],
  ""type"": ""Point""
}","{
  ""coordinates"": [
    -82.9891714,
    42.417629233
  ],
  ""type"": ""Point""
}",-82.9891714,42.4176292330001
23585,1500747,WYOMING,INTERVALE,2018-10-15,15,10,2018,17,2,3,9,,4,0,Asphalt,1,1,1,30,3,2,2,5,0,0,0,0,true,false,false,false,false,false,false,false,false,false,false,false,false,false,false,true,false,false,false,false,false,false,-83.15927,42.39302,"{
  ""coordinates"": [
    -8.315926769867011e+01,
    4.239302365945980e+01
  ],
  ""type"": ""Point""
}","{
  ""coordinates"": [
    -83.159267699,
    42.393023659
  ],
  ""type"": ""Point""
}",-83.1592676989999,42.3930236590001
23586,1608043,E/B I 96,OUTER,2018-10-15,15,10,2018,10,2,8,1,,1,0,Concrete,1,2,1,55,5,2,3,5,0,0,0,0,true,false,false,false,false,false,false,false,false,false,false,false,false,false,false,false,false,false,false,false,false,false,-83.25424,42.38539,"{
  ""coordinates"": [
    -8.325424335826099e+01,
    4.238539148551460e+01
  ],
  ""type"": ""Point""
}","{
  ""coordinates"": [
    -83.254243358,
    42.385391486
  ],
  ""type"": ""Point""
}",-83.2542433579999,42.3853914860001
23587,1605378,8 MILE,RAMP 051B,2018-10-15,15,10,2018,8,2,5,3,,1,0,Concrete,1,1,1,35,4,2,2,5,0,0,0,0,true,false,false,false,false,false,false,false,false,false,false,false,false,false,false,false,false,false,false,false,false,false,-83.27772,42.44275,"{
  ""coordinates"": [
    -8.327771556014100e+01,
    4.244275013276230e+01
  ],
  ""type"": ""Point""
}","{
  ""coordinates"": [
    -83.27771556,
    42.442750133
  ],
  ""type"": ""Point""
}",-83.27771556,42.4427501330001
23588,1500755,RYAN,NEVADA,2018-10-15,15,10,2018,9,2,5,9,,4,0,Asphalt,2,2,1,30,2,2,2,5,0,0,0,0,true,false,false,false,false,false,false,false,false,false,false,false,false,false,false,false,false,false,false,false,false,false,-83.06272,42.42616,"{
  ""coordinates"": [
    -8.306271998108450e+01,
    4.242615635400420e+01
  ],
  ""type"": ""Point""
}","{
  ""coordinates"": [
    -83.062719981,
    42.426156354
  ],
  ""type"": ""Point""
}",-83.062719981,42.4261563540001
23589,1499642,PETOSKEY,JOY,2018-10-15,15,10,2018,3,2,5,9,,,0,,2,1,5,25,1,3,0,5,0,0,0,0,true,false,false,false,false,false,false,false,false,false,false,false,false,false,false,false,false,false,false,false,false,false,-83.12242,42.36821,"{
  ""coordinates"": [
    -8.312242295483679e+01,
    4.236820750597260e+01
  ],
  ""type"": ""Point""
}","{
  ""coordinates"": [
    -83.122422955,
    42.368207506
  ],
  ""type"": ""Point""
}",-83.122422955,42.368207506
23590,1500751,SCOTTEN,LOTHROP,2018-10-15,15,10,2018,16,2,5,3,,4,0,Asphalt,1,1,1,30,2,2,6,5,0,0,0,0,true,false,false,false,false,false,false,false,false,false,false,false,false,false,false,true,false,false,true,false,false,false,-83.11112,42.35729,"{
  ""coordinates"": [
    -8.311112034138800e+01,
    4.235728811079300e+01
  ],
  ""type"": ""Point""
}","{
  ""coordinates"": [
    -83.111120341,
    42.357288111
  ],
  ""type"": ""Point""
}",-83.1111203409999,42.3572881110001
23591,1500745,GRATIOT,SAINT AUBIN,2018-10-15,15,10,2018,17,2,5,3,,1,0,Asphalt,1,1,1,35,6,3,3,5,0,0,0,0,true,false,false,false,false,false,false,false,false,false,true,false,false,false,false,false,false,false,false,false,false,false,-83.03429,42.34931,"{
  ""coordinates"": [
    -8.303428640660950e+01,
    4.234931193422870e+01
  ],
  ""type"": ""Point""
}","{
  ""coordinates"": [
    -83.034286407,
    42.349311934
  ],
  ""type"": ""Point""
}",-83.034286407,42.3493119340001
23592,1502735,GRATIOT,CHENE,2018-10-15,15,10,2018,12,2,8,3,,1,0,Asphalt,1,1,1,,1,2,2,5,0,0,0,0,true,false,false,false,false,false,false,false,false,false,false,false,false,false,false,false,false,false,false,false,false,false,-83.03188,42.35274,"{
  ""coordinates"": [
    -8.303187836302220e+01,
    4.235274311788430e+01
  ],
  ""type"": ""Point""
}","{
  ""coordinates"": [
    -83.031878363,
    42.352743118
  ],
  ""type"": ""Point""
}",-83.031878363,42.352743118
23593,1516624,FIRST,BAGLEY,2018-10-15,15,10,2018,11,2,8,9,,4,0,Asphalt,1,2,1,25,4,2,2,5,0,0,0,0,true,false,false,false,false,false,false,false,false,false,false,false,false,false,false,true,false,false,false,false,false,false,-83.05517,42.33316,"{
  ""coordinates"": [
    -8.305516743694140e+01,
    4.233315934354610e+01
  ],
  ""type"": ""Point""
}","{
  ""coordinates"": [
    -83.055167437,
    42.333159344
  ],
  ""type"": ""Point""
}",-83.055167437,42.3331593440001
23594,1500735,KERCHEVAL,CONNER,2018-10-15,15,10,2018,10,2,10,9,,4,0,Asphalt,2,2,1,30,2,2,1,5,0,0,0,0,true,false,false,false,false,false,false,false,false,false,false,false,false,false,false,true,false,false,false,false,false,false,-82.96129,42.37372,"{
  ""coordinates"": [
    -8.296129216267370e+01,
    4.237372353480520e+01
  ],
  ""type"": ""Point""
}","{
  ""coordinates"": [
    -82.961292163,
    42.373723535
  ],
  ""type"": ""Point""
}",-82.9612921629999,42.3737235350001
23595,1502709,JOY,LITTLEFIELD,2018-10-15,15,10,2018,17,2,4,9,,4,0,Asphalt,1,1,1,,2,2,1,4,0,0,0,1,false,false,false,false,true,false,false,false,false,false,false,false,false,false,false,false,false,false,false,false,false,false,-83.17509,42.3586,"{
  ""coordinates"": [
    -8.317508972392871e+01,
    4.235859536836450e+01
  ],
  ""type"": ""Point""
}","{
  ""coordinates"": [
    -83.175089724,
    42.358595368
  ],
  ""type"": ""Point""
}",-83.175089724,42.3585953680001
23596,1500749,MCGRAW,SCOTTEN,2018-10-15,15,10,2018,18,2,4,9,,4,0,Asphalt,1,1,1,25,4,2,1,5,0,0,0,0,true,false,false,false,true,false,false,false,false,false,false,false,false,false,false,false,false,false,false,false,false,false,-83.11238,42.34682,"{
  ""coordinates"": [
    -8.311237824278921e+01,
    4.234682649507190e+01
  ],
  ""type"": ""Point""
}","{
  ""coordinates"": [
    -83.112378243,
    42.346826495
  ],
  ""type"": ""Point""
}",-83.112378243,42.3468264950001
23597,1499652,VAN DYKE,EMILY,2018-10-15,15,10,2018,9,2,4,3,,1,0,Asphalt,1,1,1,35,3,2,2,5,0,0,0,0,true,false,false,false,false,false,false,false,false,false,false,false,false,false,false,false,false,false,false,false,false,false,-83.02403,42.42799,"{
  ""coordinates"": [
    -8.302403190683640e+01,
    4.242799505811230e+01
  ],
  ""type"": ""Point""
}","{
  ""coordinates"": [
    -83.024031907,
    42.427995058
  ],
  ""type"": ""Point""
}",-83.0240319069999,42.4279950580001
23598,1501493,CLAIRMOUNT,2ND,2018-10-15,15,10,2018,16,2,5,9,,4,0,Asphalt,1,1,1,35,5,2,1,5,0,0,0,0,true,false,false,false,false,false,false,false,false,false,false,false,false,true,true,false,false,false,false,false,false,false,-83.08472,42.38176,"{
  ""coordinates"": [
    -8.308471671422549e+01,
    4.238175711825520e+01
  ],
  ""type"": ""Point""
}","{
  ""coordinates"": [
    -83.084716714,
    42.381757118
  ],
  ""type"": ""Point""
}",-83.084716714,42.3817571180001
23599,1505201,I-75,SCHAEFER,2018-10-15,15,10,2018,9,2,5,1,,1,0,Concrete,2,4,1,70,4,2,2,5,0,0,0,0,true,false,false,false,false,false,false,false,false,false,false,false,false,false,false,false,false,false,false,false,false,false,-83.15452,42.27773,"{
  ""coordinates"": [
    -8.315451771149110e+01,
    4.227772587065310e+01
  ],
  ""type"": ""Point""
}","{
  ""coordinates"": [
    -83.154517711,
    42.277725871
  ],
  ""type"": ""Point""
}",-83.154517711,42.277725871
23600,1499660,MOUND,OUTER,2018-10-15,15,10,2018,8,2,5,9,,2,0,Asphalt,2,4,1,35,5,2,1,5,0,0,0,0,true,false,false,false,true,false,false,false,false,false,false,false,false,false,false,false,false,false,false,false,false,false,-83.04407,42.44113,"{
  ""coordinates"": [
    -8.304406649794970e+01,
    4.244112714433020e+01
  ],
  ""type"": ""Point""
}","{
  ""coordinates"": [
    -83.044066498,
    42.441127144
  ],
  ""type"": ""Point""
}",-83.0440664979999,42.4411271440001
23601,1501502,MITCHELL,REMINGTON,2018-10-15,15,10,2018,14,2,4,9,,,0,,1,1,1,,1,2,1,4,0,0,0,1,false,false,true,false,true,false,false,false,false,false,false,false,false,false,false,false,false,false,false,false,false,false,-83.07281,42.44284,"{
  ""coordinates"": [
    -8.307281724526619e+01,
    4.244283731316620e+01
  ],
  ""type"": ""Point""
}","{
  ""coordinates"": [
    -83.072817245,
    42.442837313
  ],
  ""type"": ""Point""
}",-83.072817245,42.442837313
23602,1499662,LIVERNOIS,SANTA CLARA,2018-10-15,15,10,2018,3,2,1,9,,4,0,Asphalt,2,1,4,30,3,1,1,5,0,0,0,0,true,false,false,false,false,false,false,false,false,false,false,false,false,false,false,false,false,false,false,false,false,false,-83.14091,42.42092,"{
  ""coordinates"": [
    -8.314090366845829e+01,
    4.242092226451710e+01
  ],
  ""type"": ""Point""
}","{
  ""coordinates"": [
    -83.140903668,
    42.420922265
  ],
  ""type"": ""Point""
}",-83.140903668,42.4209222650001
23603,1505238,E I 94,N M 10,2018-10-15,15,10,2018,15,2,5,1,,1,0,Asphalt,1,1,1,55,3,2,4,5,0,0,0,0,true,false,false,false,false,false,false,false,false,false,false,false,false,false,false,false,false,false,false,false,false,false,-83.07584,42.35918,"{
  ""coordinates"": [
    -8.307583577020850e+01,
    4.235918171498100e+01
  ],
  ""type"": ""Point""
}","{
  ""coordinates"": [
    -83.07583577,
    42.359181715
  ],
  ""type"": ""Point""
}",-83.07583577,42.359181715
23604,1505040,8 MILE,WOODWARD,2018-10-15,15,10,2018,13,2,1,3,,1,0,Asphalt,1,1,1,40,3,1,2,5,0,0,0,0,true,false,false,false,false,false,false,false,false,false,false,false,false,false,false,false,false,false,false,false,false,false,-83.12688,42.44644,"{
  ""coordinates"": [
    -8.312687839843990e+01,
    4.244644303374390e+01
  ],
  ""type"": ""Point""
}","{
  ""coordinates"": [
    -83.126878398,
    42.446443034
  ],
  ""type"": ""Point""
}",-83.126878398,42.446443034