ObjectId,Crash ID,Primary Road,Intersecting Road,Crash Date,Day,Month,Year,Hour,Weekday,Crash Type Code,Highway Classification Code,Community Code,Jurisdiction Code,Lane Departure Type Code,Surface Type,Road Condition,Weather Condition,Lighting Condition,Speed Limit,Lanes,Units,Occupants,Most Severe Injury,Fatal Injuries,Suspected Serious Injuries,Suspected Minor Injuries,Possible Injuries,Property Damage Only,Secondary Crash,Traffic Control,Red Light Run,Hit and Run,Alcohol,Drugs,Unbelted Person,Work Zone,Speeding Driver,Distracted Driver,Driveway,Pedestrian,Elderly Driver,Young Driver,Commercial Vehicle,Emergency Vehicles,Train,School Bus,Motorcycle,Bicycle,Deer,Longitude,Latitude,geom,geog,x,y
23605,1505200,RAMP 047E,DAVISON,2018-10-15,15,10,2018,11,2,8,1,,1,0,Asphalt,1,2,1,55,1,2,2,5,0,0,0,0,true,false,false,false,false,false,false,false,false,true,false,false,false,false,false,true,false,false,false,false,false,false,-83.07664,42.40872,"{
  ""coordinates"": [
    -8.307664602711300e+01,
    4.240872168814890e+01
  ],
  ""type"": ""Point""
}","{
  ""coordinates"": [
    -83.076646027,
    42.408721688
  ],
  ""type"": ""Point""
}",-83.076646027,42.4087216880001
23606,1501496,VAN DYKE,NEVADA,2018-10-15,15,10,2018,4,2,5,3,,1,0,Asphalt,2,1,4,30,4,2,3,3,0,0,2,0,false,false,false,false,false,false,false,false,false,false,false,false,false,false,false,true,false,false,false,false,false,false,-83.02399,42.42672,"{
  ""coordinates"": [
    -8.302398345378120e+01,
    4.242672018720560e+01
  ],
  ""type"": ""Point""
}","{
  ""coordinates"": [
    -83.023983454,
    42.426720187
  ],
  ""type"": ""Point""
}",-83.023983454,42.4267201870001
23607,1501419,I 96,I 75,2018-10-15,15,10,2018,8,2,5,1,,1,0,Concrete,2,2,3,55,3,2,2,5,0,0,0,0,true,false,false,false,false,false,false,false,false,false,false,false,false,false,false,true,false,false,false,false,false,false,-83.08986,42.33504,"{
  ""coordinates"": [
    -8.308985645893409e+01,
    4.233503543655730e+01
  ],
  ""type"": ""Point""
}","{
  ""coordinates"": [
    -83.089856459,
    42.335035437
  ],
  ""type"": ""Point""
}",-83.089856459,42.335035437
23608,1517617,WARREN,BECK,2018-10-15,15,10,2018,17,2,5,9,,4,0,Asphalt,1,1,1,45,3,3,3,3,0,0,1,0,false,false,false,false,false,false,false,false,false,false,true,false,false,false,true,false,false,false,false,false,false,false,-82.94296,42.40126,"{
  ""coordinates"": [
    -8.294295240379650e+01,
    4.240126140118860e+01
  ],
  ""type"": ""Point""
}","{
  ""coordinates"": [
    -82.942952404,
    42.401261401
  ],
  ""type"": ""Point""
}",-82.942952404,42.4012614010001
23609,1501430,W I 94,CHENE,2018-10-15,15,10,2018,11,2,8,1,,1,0,Concrete,1,2,1,55,3,2,2,2,0,1,0,0,false,false,false,false,false,false,false,false,true,false,false,false,false,false,false,false,false,false,false,false,false,false,-83.04727,42.37412,"{
  ""coordinates"": [
    -8.304726816872130e+01,
    4.237411840141250e+01
  ],
  ""type"": ""Point""
}","{
  ""coordinates"": [
    -83.047268169,
    42.374118401
  ],
  ""type"": ""Point""
}",-83.0472681689999,42.374118401
23610,1500725,BURNETTE,DIVERSEY,2018-10-15,15,10,2018,6,2,9,9,,,2,,2,4,4,25,2,2,2,5,0,0,0,0,true,false,false,false,false,false,false,true,false,true,false,false,false,false,false,false,false,false,false,false,false,false,-83.14091,42.34989,"{
  ""coordinates"": [
    -8.314091406903920e+01,
    4.234988671492750e+01
  ],
  ""type"": ""Point""
}","{
  ""coordinates"": [
    -83.140914069,
    42.349886715
  ],
  ""type"": ""Point""
}",-83.140914069,42.349886715
23611,1570367,GRAND,E I 94,2018-10-15,15,10,2018,15,2,5,1,,4,0,Concrete,1,1,1,35,2,2,1,5,0,0,0,0,true,false,false,false,true,false,false,false,false,false,false,false,false,true,false,false,false,false,false,false,false,false,-83.10902,42.34671,"{
  ""coordinates"": [
    -8.310902239587560e+01,
    4.234671395914280e+01
  ],
  ""type"": ""Point""
}","{
  ""coordinates"": [
    -83.109022396,
    42.346713959
  ],
  ""type"": ""Point""
}",-83.1090223959999,42.3467139590001
23612,1524211,RAMP 136A,RAMP 136A,2018-10-15,15,10,2018,22,2,4,1,,1,0,Concrete,1,1,4,,2,2,3,5,0,0,0,0,true,false,false,false,true,false,false,false,false,false,false,false,false,false,false,false,false,false,false,false,false,false,-83.19839,42.37857,"{
  ""coordinates"": [
    -8.319838966111639e+01,
    4.237856832916480e+01
  ],
  ""type"": ""Point""
}","{
  ""coordinates"": [
    -83.198389661,
    42.378568329
  ],
  ""type"": ""Point""
}",-83.198389661,42.3785683290001
23613,1516606,N I 375,N I 75,2018-10-15,15,10,2018,9,2,1,1,,1,0,Concrete,2,4,1,55,2,1,2,5,0,0,0,0,true,false,false,false,false,false,false,false,false,true,false,false,false,false,false,true,false,false,false,false,false,false,-83.04396,42.34452,"{
  ""coordinates"": [
    -8.304396170909740e+01,
    4.234452581250970e+01
  ],
  ""type"": ""Point""
}","{
  ""coordinates"": [
    -83.043961709,
    42.344525813
  ],
  ""type"": ""Point""
}",-83.043961709,42.3445258130001
23614,1501452,JOHN KRONK,CENTRAL,2018-10-15,15,10,2018,19,2,1,9,,4,0,Asphalt,98,98,98,,2,1,2,5,0,0,0,0,true,false,false,false,false,false,false,false,false,false,false,false,false,false,false,false,false,false,false,false,false,false,-83.13158,42.32281,"{
  ""coordinates"": [
    -8.313157708028470e+01,
    4.232281420615890e+01
  ],
  ""type"": ""Point""
}","{
  ""coordinates"": [
    -83.13157708,
    42.322814206
  ],
  ""type"": ""Point""
}",-83.1315770799999,42.322814206
23615,1501454,FORT,LAWNDALE,2018-10-15,15,10,2018,20,2,5,3,,1,0,Asphalt,1,1,4,30,4,2,1,5,0,0,0,0,true,false,false,false,true,false,false,false,false,false,false,true,false,false,false,false,false,false,false,false,false,false,-83.12513,42.29789,"{
  ""coordinates"": [
    -8.312513263091590e+01,
    4.229789435312490e+01
  ],
  ""type"": ""Point""
}","{
  ""coordinates"": [
    -83.125132631,
    42.297894353
  ],
  ""type"": ""Point""
}",-83.125132631,42.2978943530001
23616,1507808,EMERY,DEQUINDRE,2018-10-15,15,10,2018,16,2,4,9,,,0,,1,1,1,,2,2,2,4,0,0,0,1,false,false,false,false,false,false,false,false,false,false,false,false,false,false,false,false,false,false,false,false,false,false,-83.08294,42.43536,"{
  ""coordinates"": [
    -8.308294108612050e+01,
    4.243536414282720e+01
  ],
  ""type"": ""Point""
}","{
  ""coordinates"": [
    -83.082941086,
    42.435364143
  ],
  ""type"": ""Point""
}",-83.0829410859999,42.4353641430001
23617,1501486,MCNICHOLS,BURGESS,2018-10-15,15,10,2018,11,2,5,9,,2,0,Concrete,2,4,1,35,3,2,3,5,0,0,0,0,true,false,false,false,false,false,false,false,true,false,false,false,false,false,false,false,false,false,false,false,false,false,-83.25517,42.41463,"{
  ""coordinates"": [
    -8.325516372584779e+01,
    4.241462559280760e+01
  ],
  ""type"": ""Point""
}","{
  ""coordinates"": [
    -83.255163726,
    42.414625593
  ],
  ""type"": ""Point""
}",-83.255163726,42.414625593
23618,1501498,7 MILE,MOUND,2018-10-15,15,10,2018,18,2,4,9,,4,0,Asphalt,1,1,1,35,2,2,5,4,0,0,0,4,false,false,false,false,false,false,false,false,false,false,false,false,false,false,false,true,false,false,false,false,false,false,-83.04379,42.43357,"{
  ""coordinates"": [
    -8.304378660292950e+01,
    4.243356616504950e+01
  ],
  ""type"": ""Point""
}","{
  ""coordinates"": [
    -83.043786603,
    42.433566165
  ],
  ""type"": ""Point""
}",-83.0437866029999,42.4335661650001
23619,1501480,BURT,PURITAN,2018-10-15,15,10,2018,14,2,4,9,,4,0,Asphalt,1,1,1,25,2,2,1,5,0,0,0,0,true,false,false,false,true,false,false,false,false,false,false,false,false,false,false,false,false,false,false,false,false,false,-83.24744,42.4077,"{
  ""coordinates"": [
    -8.324743501960469e+01,
    4.240769387409170e+01
  ],
  ""type"": ""Point""
}","{
  ""coordinates"": [
    -83.24743502,
    42.407693874
  ],
  ""type"": ""Point""
}",-83.24743502,42.4076938740001
23620,1500766,MCNICHOLS,LIVERNOIS,2018-10-15,15,10,2018,14,2,4,9,,4,0,Asphalt,1,1,1,35,2,2,2,5,0,0,0,0,true,false,false,false,true,false,false,false,false,false,false,false,false,true,false,false,false,false,false,false,false,false,-83.14085,42.41715,"{
  ""coordinates"": [
    -8.314084377645820e+01,
    4.241714794717100e+01
  ],
  ""type"": ""Point""
}","{
  ""coordinates"": [
    -83.140843776,
    42.417147947
  ],
  ""type"": ""Point""
}",-83.1408437759999,42.417147947
23621,1501470,VAN DYKE,FERRY,2018-10-15,15,10,2018,17,2,4,3,,1,0,Asphalt,1,1,1,30,4,2,3,4,0,0,0,3,false,false,false,false,false,false,false,false,false,true,false,false,false,false,true,false,false,false,false,false,false,false,-83.01569,42.38019,"{
  ""coordinates"": [
    -8.301568644333310e+01,
    4.238019294391320e+01
  ],
  ""type"": ""Point""
}","{
  ""coordinates"": [
    -83.015686443,
    42.380192944
  ],
  ""type"": ""Point""
}",-83.0156864429999,42.380192944
23622,1511502,M-39,WARREN,2018-10-15,15,10,2018,22,2,1,3,,1,1,Asphalt,1,1,4,55,3,1,3,5,0,0,0,0,true,false,false,false,false,false,false,false,false,true,false,false,false,false,false,false,false,false,false,false,false,false,-83.21624,42.34365,"{
  ""coordinates"": [
    -8.321624189206290e+01,
    4.234364889368380e+01
  ],
  ""type"": ""Point""
}","{
  ""coordinates"": [
    -83.216241892,
    42.343648894
  ],
  ""type"": ""Point""
}",-83.216241892,42.3436488940001
23623,1517542,WARREN,GREENFIELD,2018-10-15,15,10,2018,22,2,4,9,,2,0,Asphalt,1,2,4,35,5,2,3,5,0,0,0,0,true,false,false,false,false,false,false,false,false,false,false,false,false,false,false,false,false,false,false,false,false,false,-83.19629,42.34367,"{
  ""coordinates"": [
    -8.319628772463820e+01,
    4.234366524206780e+01
  ],
  ""type"": ""Point""
}","{
  ""coordinates"": [
    -83.196287725,
    42.343665242
  ],
  ""type"": ""Point""
}",-83.196287725,42.343665242
23624,1501476,KENTFIELD,GROVE,2018-10-15,15,10,2018,20,2,1,9,,,1,,1,1,4,25,2,1,1,5,0,0,0,0,true,false,false,false,false,false,false,false,false,false,true,false,false,false,false,false,false,false,false,false,false,false,-83.24104,42.41322,"{
  ""coordinates"": [
    -8.324103358390330e+01,
    4.241321541769900e+01
  ],
  ""type"": ""Point""
}","{
  ""coordinates"": [
    -83.241033584,
    42.413215418
  ],
  ""type"": ""Point""
}",-83.241033584,42.413215418
23625,1500748,ROSA PARK,FERRY,2018-10-15,15,10,2018,16,2,4,9,,4,0,Asphalt,1,1,1,30,5,2,3,5,0,0,0,0,true,false,true,false,false,false,false,false,false,false,false,false,false,false,false,false,false,false,false,false,false,false,-83.09019,42.36248,"{
  ""coordinates"": [
    -8.309019234997920e+01,
    4.236248208819160e+01
  ],
  ""type"": ""Point""
}","{
  ""coordinates"": [
    -83.09019235,
    42.362482088
  ],
  ""type"": ""Point""
}",-83.0901923499999,42.362482088
23626,1500738,WARREN,CHALMERS,2018-10-15,15,10,2018,18,2,4,9,,4,0,Asphalt,97,1,1,30,2,2,6,5,0,0,0,0,true,false,false,false,false,false,false,false,false,false,false,false,false,true,false,false,false,false,false,false,false,false,-82.95885,42.39545,"{
  ""coordinates"": [
    -8.295884789139740e+01,
    4.239544804284700e+01
  ],
  ""type"": ""Point""
}","{
  ""coordinates"": [
    -82.958847891,
    42.395448043
  ],
  ""type"": ""Point""
}",-82.9588478909999,42.395448043
23627,1510487,PLYMOUTH,TERRY,2018-10-15,15,10,2018,0,2,5,9,,4,0,Asphalt,1,1,4,30,2,3,2,3,0,0,1,0,false,false,false,false,true,false,false,false,false,false,false,false,false,false,false,false,false,false,false,false,false,false,-83.19139,42.37273,"{
  ""coordinates"": [
    -8.319138724680241e+01,
    4.237273517594880e+01
  ],
  ""type"": ""Point""
}","{
  ""coordinates"": [
    -83.191387247,
    42.372735176
  ],
  ""type"": ""Point""
}",-83.191387247,42.372735176
23628,1568069,RAMP 047H,N I 75,2018-10-15,15,10,2018,10,2,1,1,,1,1,Concrete,2,4,1,65,4,1,1,5,0,0,0,0,true,false,false,false,false,false,false,false,false,false,false,false,false,false,false,true,false,false,false,false,false,false,-83.07976,42.40928,"{
  ""coordinates"": [
    -8.307975618035729e+01,
    4.240928413685170e+01
  ],
  ""type"": ""Point""
}","{
  ""coordinates"": [
    -83.07975618,
    42.409284137
  ],
  ""type"": ""Point""
}",-83.0797561799999,42.409284137
23629,1500727,GRAND,WOODWARD,2018-10-15,15,10,2018,10,2,8,3,,1,0,Asphalt,2,4,1,30,4,2,2,5,0,0,0,0,true,false,false,false,false,false,false,false,false,false,false,false,false,false,true,false,true,false,false,false,false,false,-83.20857,42.39677,"{
  ""coordinates"": [
    -8.320856866265390e+01,
    4.239677567959910e+01
  ],
  ""type"": ""Point""
}","{
  ""coordinates"": [
    -83.208568663,
    42.39677568
  ],
  ""type"": ""Point""
}",-83.2085686629999,42.3967756800001
23630,1502707,OAKMAN,JOY,2018-10-15,15,10,2018,11,2,5,9,,4,0,Asphalt,1,1,4,30,2,2,2,5,0,0,0,0,true,false,false,false,false,false,false,false,false,true,false,false,false,false,false,false,false,false,false,false,false,false,-83.16051,42.35868,"{
  ""coordinates"": [
    -8.316051344787741e+01,
    4.235867783799080e+01
  ],
  ""type"": ""Point""
}","{
  ""coordinates"": [
    -83.160513448,
    42.358677838
  ],
  ""type"": ""Point""
}",-83.160513448,42.3586778380001
23631,1500756,MOUND,NEVADA,2018-10-15,15,10,2018,6,2,5,9,,2,0,Asphalt,1,1,1,35,3,2,2,5,0,0,0,0,true,false,false,false,true,false,false,false,false,false,false,false,false,false,false,false,false,false,false,false,false,false,-83.04305,42.42622,"{
  ""coordinates"": [
    -8.304305410101600e+01,
    4.242621442903360e+01
  ],
  ""type"": ""Point""
}","{
  ""coordinates"": [
    -83.043054101,
    42.426214429
  ],
  ""type"": ""Point""
}",-83.0430541009999,42.426214429
23632,1501484,MCNICHOLS,OUTER,2018-10-15,15,10,2018,17,2,5,9,,2,0,Asphalt,1,1,1,45,2,2,4,2,0,2,0,1,false,false,false,false,false,false,false,false,false,false,false,false,false,false,false,false,false,false,false,false,false,false,-83.23176,42.41529,"{
  ""coordinates"": [
    -8.323176155762130e+01,
    4.241529297112560e+01
  ],
  ""type"": ""Point""
}","{
  ""coordinates"": [
    -83.231761558,
    42.415292971
  ],
  ""type"": ""Point""
}",-83.231761558,42.415292971
23633,1500752,WOODWARD,COLLINGWOOD,2018-10-15,15,10,2018,16,2,4,3,,1,0,Asphalt,1,1,1,35,7,2,2,4,0,0,0,1,false,false,false,false,false,false,false,false,false,false,false,false,false,false,true,false,false,false,false,false,false,false,-83.08677,42.39029,"{
  ""coordinates"": [
    -8.308677135015230e+01,
    4.239029078833560e+01
  ],
  ""type"": ""Point""
}","{
  ""coordinates"": [
    -83.08677135,
    42.390290788
  ],
  ""type"": ""Point""
}",-83.0867713499999,42.3902907880001
23634,1579254,KERCHEVAL,CONNER,2018-10-15,15,10,2018,9,2,10,9,,4,0,Asphalt,2,4,1,25,2,2,2,5,0,0,0,0,true,false,false,false,false,false,false,false,false,false,false,true,false,false,false,false,false,false,false,false,false,false,-82.9612,42.37376,"{
  ""coordinates"": [
    -8.296120489268050e+01,
    4.237375613118520e+01
  ],
  ""type"": ""Point""
}","{
  ""coordinates"": [
    -82.961204893,
    42.373756131
  ],
  ""type"": ""Point""
}",-82.9612048929999,42.3737561310001
23635,1500740,EVERGREEN,SAWYER,2018-10-15,15,10,2018,8,2,4,9,,4,0,Asphalt,2,4,1,35,2,2,6,5,0,0,0,0,true,false,true,false,true,false,false,false,false,false,false,false,false,false,false,false,false,false,false,false,false,false,-83.23552,42.34681,"{
  ""coordinates"": [
    -8.323552176219290e+01,
    4.234680375357510e+01
  ],
  ""type"": ""Point""
}","{
  ""coordinates"": [
    -83.235521762,
    42.346803754
  ],
  ""type"": ""Point""
}",-83.235521762,42.3468037540001
23636,1501447,WITHERELL,BROADWAY,2018-10-15,15,10,2018,7,2,97,9,,4,0,Asphalt,2,4,1,25,3,2,2,5,0,0,0,0,true,false,false,false,false,false,false,false,false,false,false,false,false,false,false,true,false,false,false,false,false,false,-83.04944,42.33664,"{
  ""coordinates"": [
    -8.304943869144120e+01,
    4.233664001829100e+01
  ],
  ""type"": ""Point""
}","{
  ""coordinates"": [
    -83.049438691,
    42.336640018
  ],
  ""type"": ""Point""
}",-83.049438691,42.336640018
23637,1500726,DAVISON,MONICA,2018-10-15,15,10,2018,7,2,5,3,,1,0,Concrete,2,2,1,30,3,3,4,3,0,0,1,0,false,false,false,false,true,false,false,false,false,false,false,false,false,false,false,false,false,false,false,false,false,false,-83.14263,42.38638,"{
  ""coordinates"": [
    -8.314263175603770e+01,
    4.238637432430700e+01
  ],
  ""type"": ""Point""
}","{
  ""coordinates"": [
    -83.142631756,
    42.386374324
  ],
  ""type"": ""Point""
}",-83.142631756,42.386374324
23638,1506311,W I 96,LIVERNOIS,2018-10-15,15,10,2018,8,2,5,1,,1,0,Asphalt,1,1,1,55,3,2,2,5,0,0,0,0,true,false,false,false,true,false,false,false,false,false,false,false,false,false,false,false,false,false,false,false,false,false,-83.13869,42.36737,"{
  ""coordinates"": [
    -8.313869267713190e+01,
    4.236737478488190e+01
  ],
  ""type"": ""Point""
}","{
  ""coordinates"": [
    -83.138692677,
    42.367374785
  ],
  ""type"": ""Point""
}",-83.1386926769999,42.367374785
23639,1501457,TELEGRAPH,MCNICHOLS,2018-10-14,14,10,2018,10,1,4,2,,1,0,Asphalt,1,1,1,45,4,2,2,5,0,0,0,0,true,false,true,true,false,false,false,false,false,false,false,false,false,false,false,false,false,false,false,false,false,false,-83.27689,42.41265,"{
  ""coordinates"": [
    -8.327688735276840e+01,
    4.241264722009210e+01
  ],
  ""type"": ""Point""
}","{
  ""coordinates"": [
    -83.276887353,
    42.41264722
  ],
  ""type"": ""Point""
}",-83.2768873529999,42.4126472200001
23640,1499612,JOY,VAUGHAN,2018-10-14,14,10,2018,18,1,4,9,,2,0,Asphalt,1,1,1,35,4,2,4,4,0,0,0,1,false,false,false,false,false,false,false,false,false,false,false,false,false,false,false,false,false,false,false,false,false,false,-83.23717,42.35754,"{
  ""coordinates"": [
    -8.323716495845980e+01,
    4.235754359296250e+01
  ],
  ""type"": ""Point""
}","{
  ""coordinates"": [
    -83.237164958,
    42.357543593
  ],
  ""type"": ""Point""
}",-83.2371649579999,42.3575435930001
23641,1499598,MCNICHOLS,HUBBELL,2018-10-14,14,10,2018,23,1,4,9,,2,0,Asphalt,1,1,4,30,2,2,1,5,0,0,0,0,true,false,false,false,true,false,false,false,false,false,false,false,false,false,true,false,false,false,false,false,false,false,-83.18938,42.41646,"{
  ""coordinates"": [
    -8.318937550714200e+01,
    4.241646258958440e+01
  ],
  ""type"": ""Point""
}","{
  ""coordinates"": [
    -83.189375507,
    42.41646259
  ],
  ""type"": ""Point""
}",-83.189375507,42.41646259
23642,1510441,M-10,WEBB,2018-10-14,14,10,2018,14,1,5,3,,1,0,Concrete,1,1,4,55,3,2,2,5,0,0,0,0,true,false,false,false,false,false,false,false,false,false,false,false,false,false,false,false,false,false,false,false,false,false,-83.10195,42.3876,"{
  ""coordinates"": [
    -8.310194998484521e+01,
    4.238759505826500e+01
  ],
  ""type"": ""Point""
}","{
  ""coordinates"": [
    -83.101949985,
    42.387595058
  ],
  ""type"": ""Point""
}",-83.101949985,42.387595058
23643,1498407,I-75 N/B,MCNICHOLS,2018-10-14,14,10,2018,0,1,1,1,,1,1,Asphalt,1,1,4,70,4,1,1,5,0,0,0,0,true,false,false,false,false,false,false,false,false,false,true,false,false,false,false,false,false,false,false,false,false,false,-83.08744,42.41786,"{
  ""coordinates"": [
    -8.308744212300410e+01,
    4.241785718086540e+01
  ],
  ""type"": ""Point""
}","{
  ""coordinates"": [
    -83.087442123,
    42.417857181
  ],
  ""type"": ""Point""
}",-83.087442123,42.417857181
23644,1499655,OUTER,STOTTER,2018-10-14,14,10,2018,1,1,9,9,,2,0,Asphalt,1,1,5,35,2,3,1,5,0,0,0,0,true,false,false,false,true,false,false,false,false,false,false,true,false,false,false,false,false,false,false,false,false,false,-83.02537,42.4411,"{
  ""coordinates"": [
    -8.302536978789200e+01,
    4.244110367328060e+01
  ],
  ""type"": ""Point""
}","{
  ""coordinates"": [
    -83.025369788,
    42.441103673
  ],
  ""type"": ""Point""
}",-83.025369788,42.441103673
23645,1499647,DAVISON,LA SALLE,2018-10-14,14,10,2018,19,1,5,3,,1,0,Asphalt,1,1,4,35,7,2,2,5,0,0,0,0,true,false,false,false,false,false,false,false,false,false,false,false,false,false,true,false,false,false,false,false,false,false,-83.11915,42.39409,"{
  ""coordinates"": [
    -8.311915174444910e+01,
    4.239408710011760e+01
  ],
  ""type"": ""Point""
}","{
  ""coordinates"": [
    -83.119151744,
    42.3940871
  ],
  ""type"": ""Point""
}",-83.119151744,42.3940871
23646,1499595,HUBBELL,FLORENCE,2018-10-14,14,10,2018,15,1,5,9,,4,0,Asphalt,1,1,1,25,2,2,2,5,0,0,0,0,true,false,false,false,true,false,false,false,false,false,false,false,false,false,false,false,false,false,false,false,false,false,-83.18935,42.41177,"{
  ""coordinates"": [
    -8.318935381176200e+01,
    4.241176625734040e+01
  ],
  ""type"": ""Point""
}","{
  ""coordinates"": [
    -83.189353812,
    42.411766257
  ],
  ""type"": ""Point""
}",-83.189353812,42.4117662570001
23647,1501477,SOUTHFIELD SERVICE DRIVE,SCHOOLCRAFT,2018-10-14,14,10,2018,20,1,1,9,,4,0,Asphalt,1,1,4,25,2,1,1,4,0,0,0,1,false,false,false,false,false,false,false,false,false,false,false,false,false,false,false,false,false,false,false,false,false,false,-83.21722,42.3867,"{
  ""coordinates"": [
    -8.321721636735890e+01,
    4.238669925589370e+01
  ],
  ""type"": ""Point""
}","{
  ""coordinates"": [
    -83.217216367,
    42.386699256
  ],
  ""type"": ""Point""
}",-83.2172163669999,42.386699256
23648,1499596,FENKELL,SCHAEFER,2018-10-14,14,10,2018,3,1,4,9,,2,0,Asphalt,1,2,4,35,6,2,1,5,0,0,0,0,true,false,false,false,true,false,false,false,false,false,false,false,false,false,false,false,false,false,false,false,false,false,-83.17913,42.40208,"{
  ""coordinates"": [
    -8.317912913145470e+01,
    4.240207969231170e+01
  ],
  ""type"": ""Point""
}","{
  ""coordinates"": [
    -83.179129131,
    42.402079692
  ],
  ""type"": ""Point""
}",-83.179129131,42.402079692
23649,1499613,BROOKLYN,TEMPLE,2018-10-14,14,10,2018,0,1,6,9,,,0,,1,1,4,,2,2,5,5,0,0,0,0,true,false,false,false,true,false,false,false,false,false,false,false,false,false,false,false,false,false,false,false,false,false,-83.06801,42.33896,"{
  ""coordinates"": [
    -8.306801192430170e+01,
    4.233895741211570e+01
  ],
  ""type"": ""Point""
}","{
  ""coordinates"": [
    -83.068011924,
    42.338957412
  ],
  ""type"": ""Point""
}",-83.068011924,42.3389574120001
23650,1505237,SCHOOLCRAFT,SORRENTO,2018-10-14,14,10,2018,4,1,1,9,,4,0,Asphalt,1,1,4,30,2,1,1,5,0,0,0,0,true,false,false,false,false,false,false,false,false,false,false,false,false,false,false,false,false,false,false,false,false,false,-83.172,42.38817,"{
  ""coordinates"": [
    -8.317199390876389e+01,
    4.238816875391650e+01
  ],
  ""type"": ""Point""
}","{
  ""coordinates"": [
    -83.171993909,
    42.388168754
  ],
  ""type"": ""Point""
}",-83.171993909,42.388168754
23651,1499600,W I 96 CD,GREENFIELD,2018-10-14,14,10,2018,1,1,5,1,,1,0,Concrete,1,1,4,35,1,2,1,5,0,0,0,0,true,false,false,false,true,false,false,false,false,false,false,false,false,false,false,false,false,false,false,false,false,false,-83.19799,42.37941,"{
  ""coordinates"": [
    -8.319799029002820e+01,
    4.237940691261500e+01
  ],
  ""type"": ""Point""
}","{
  ""coordinates"": [
    -83.19799029,
    42.379406913
  ],
  ""type"": ""Point""
}",-83.19799029,42.379406913
23652,1499644,LINDSDALE,EPWORTH,2018-10-14,14,10,2018,10,1,4,9,,,0,,1,1,1,35,2,2,2,4,0,0,0,1,false,false,true,false,false,false,false,false,false,false,false,false,false,false,false,false,false,false,false,false,false,false,-83.13412,42.35759,"{
  ""coordinates"": [
    -8.313411574798870e+01,
    4.235759331211130e+01
  ],
  ""type"": ""Point""
}","{
  ""coordinates"": [
    -83.134115748,
    42.357593312
  ],
  ""type"": ""Point""
}",-83.1341157479999,42.3575933120001
23653,1511541,JEFFERSON,MILITARY,2018-10-14,14,10,2018,6,1,1,9,,4,1,Asphalt,1,2,4,30,6,1,1,4,0,0,0,1,false,false,false,false,false,false,false,false,false,false,false,false,false,false,false,false,false,false,false,false,false,false,-83.09665,42.3017,"{
  ""coordinates"": [
    -8.309664996713700e+01,
    4.230169737583760e+01
  ],
  ""type"": ""Point""
}","{
  ""coordinates"": [
    -83.096649967,
    42.301697376
  ],
  ""type"": ""Point""
}",-83.096649967,42.301697376
23654,1499664,MCNICHOLS,MEYERS,2018-10-14,14,10,2018,20,1,4,9,,2,0,Asphalt,1,1,4,35,2,2,2,2,0,1,0,0,false,false,false,false,false,false,false,false,false,false,false,false,false,false,false,false,false,false,false,false,false,false,-83.17013,42.41666,"{
  ""coordinates"": [
    -8.317012945562919e+01,
    4.241665644900150e+01
  ],
  ""type"": ""Point""
}","{
  ""coordinates"": [
    -83.170129456,
    42.416656449
  ],
  ""type"": ""Point""
}",-83.170129456,42.4166564490001
23655,1507731,N M 10,HAMILTON,2018-10-14,14,10,2018,3,1,1,3,,1,1,Concrete,1,1,4,55,3,1,1,2,0,1,0,0,false,false,false,false,false,false,false,true,false,false,false,false,false,false,false,false,false,false,false,false,false,false,-83.09222,42.38151,"{
  ""coordinates"": [
    -8.309221952547310e+01,
    4.238150630319650e+01
  ],
  ""type"": ""Point""
}","{
  ""coordinates"": [
    -83.092219525,
    42.381506303
  ],
  ""type"": ""Point""
}",-83.092219525,42.381506303
23656,1507747,I-75,CLAY,2018-10-14,14,10,2018,2,1,1,1,,1,1,Asphalt,1,1,4,70,4,1,1,4,0,0,0,1,false,false,false,false,false,false,false,false,false,true,false,false,false,false,false,false,false,false,false,false,false,false,-83.06245,42.37813,"{
  ""coordinates"": [
    -8.306244558070480e+01,
    4.237813186749260e+01
  ],
  ""type"": ""Point""
}","{
  ""coordinates"": [
    -83.062445581,
    42.378131867
  ],
  ""type"": ""Point""
}",-83.062445581,42.378131867
23657,1507739,I-75,FERRY,2018-10-14,14,10,2018,3,1,1,1,,1,1,Asphalt,1,2,4,55,3,1,1,5,0,0,0,0,true,false,false,false,false,false,false,false,false,false,false,false,false,false,false,false,false,false,false,false,false,false,-83.05585,42.3639,"{
  ""coordinates"": [
    -8.305585609551621e+01,
    4.236389361467980e+01
  ],
  ""type"": ""Point""
}","{
  ""coordinates"": [
    -83.055856096,
    42.363893615
  ],
  ""type"": ""Point""
}",-83.055856096,42.3638936150001
23658,1500754,8 MILE,SPENCER,2018-10-14,14,10,2018,22,1,8,3,,1,0,Asphalt,1,1,4,40,4,2,1,5,0,0,0,0,true,false,false,false,true,false,false,false,false,false,false,false,false,false,false,false,false,false,false,false,false,false,-83.02785,42.44809,"{
  ""coordinates"": [
    -8.302785558496130e+01,
    4.244808861510800e+01
  ],
  ""type"": ""Point""
}","{
  ""coordinates"": [
    -83.027855585,
    42.448088615
  ],
  ""type"": ""Point""
}",-83.0278555849999,42.4480886150001
23659,1499645,WOODWARD,MARTIN LUTHER KING JR,2018-10-14,14,10,2018,14,1,4,3,,1,0,Asphalt,1,1,2,35,4,2,1,5,0,0,0,0,true,false,false,false,true,false,false,false,false,false,false,false,false,true,false,false,false,false,false,false,false,false,-83.05784,42.34732,"{
  ""coordinates"": [
    -8.305783863104550e+01,
    4.234732441876820e+01
  ],
  ""type"": ""Point""
}","{
  ""coordinates"": [
    -83.057838631,
    42.347324419
  ],
  ""type"": ""Point""
}",-83.057838631,42.3473244190001