ObjectId,Crash ID,Primary Road,Intersecting Road,Crash Date,Day,Month,Year,Hour,Weekday,Crash Type Code,Highway Classification Code,Community Code,Jurisdiction Code,Lane Departure Type Code,Surface Type,Road Condition,Weather Condition,Lighting Condition,Speed Limit,Lanes,Units,Occupants,Most Severe Injury,Fatal Injuries,Suspected Serious Injuries,Suspected Minor Injuries,Possible Injuries,Property Damage Only,Secondary Crash,Traffic Control,Red Light Run,Hit and Run,Alcohol,Drugs,Unbelted Person,Work Zone,Speeding Driver,Distracted Driver,Driveway,Pedestrian,Elderly Driver,Young Driver,Commercial Vehicle,Emergency Vehicles,Train,School Bus,Motorcycle,Bicycle,Deer,Longitude,Latitude,geom,geog,x,y
23660,1498486,GRAND,M 10 SERVICE,2018-10-14,14,10,2018,1,1,3,9,,4,0,Concrete,1,1,4,35,3,2,3,5,0,0,0,0,true,false,false,false,false,false,false,false,false,false,false,false,false,false,false,false,false,false,false,false,false,false,-83.08151,42.36731,"{
  ""coordinates"": [
    -8.308151387274660e+01,
    4.236730438854880e+01
  ],
  ""type"": ""Point""
}","{
  ""coordinates"": [
    -83.081513873,
    42.367304389
  ],
  ""type"": ""Point""
}",-83.0815138729999,42.367304389
23661,1501500,7 MILE,BINDER,2018-10-14,14,10,2018,0,1,3,9,,4,0,Asphalt,1,1,4,30,2,2,5,5,0,0,0,0,true,false,false,false,false,false,false,false,false,false,false,true,false,false,true,false,false,false,false,false,false,false,-83.06403,42.43311,"{
  ""coordinates"": [
    -8.306402498869480e+01,
    4.243310813695670e+01
  ],
  ""type"": ""Point""
}","{
  ""coordinates"": [
    -83.064024989,
    42.433108137
  ],
  ""type"": ""Point""
}",-83.064024989,42.433108137
23662,1509184,I-94 W/B,JUNCTION,2018-10-14,14,10,2018,19,1,97,1,,1,0,Asphalt,1,1,1,55,3,1,1,5,0,0,0,0,true,false,false,false,false,false,false,false,false,false,false,false,false,false,false,false,false,false,false,false,false,false,-83.11797,42.34089,"{
  ""coordinates"": [
    -8.311797570030080e+01,
    4.234088578786070e+01
  ],
  ""type"": ""Point""
}","{
  ""coordinates"": [
    -83.1179757,
    42.340885788
  ],
  ""type"": ""Point""
}",-83.1179757,42.340885788
23663,1507736,W I 96,HUBBELL,2018-10-14,14,10,2018,1,1,97,1,,1,0,Concrete,1,2,4,55,3,2,2,5,0,0,0,0,true,true,false,false,false,false,false,false,false,false,false,false,false,false,false,true,false,false,false,false,false,false,-83.18798,42.38072,"{
  ""coordinates"": [
    -8.318798053656830e+01,
    4.238071691511100e+01
  ],
  ""type"": ""Point""
}","{
  ""coordinates"": [
    -83.187980537,
    42.380716915
  ],
  ""type"": ""Point""
}",-83.187980537,42.3807169150001
23664,1506331,CHALMERS,CAMDEN,2018-10-14,14,10,2018,11,1,4,9,,4,0,Asphalt,1,1,1,35,2,2,2,4,0,0,0,1,false,false,true,false,true,false,false,false,false,false,false,false,false,false,false,false,false,false,false,false,false,false,-82.96609,42.40722,"{
  ""coordinates"": [
    -8.296608618478341e+01,
    4.240722115095150e+01
  ],
  ""type"": ""Point""
}","{
  ""coordinates"": [
    -82.966086185,
    42.407221151
  ],
  ""type"": ""Point""
}",-82.9660861849999,42.407221151
23665,1500757,HELEN,MILBANK,2018-10-14,14,10,2018,18,1,4,9,,,0,,1,1,1,35,3,2,3,5,0,0,0,0,true,false,false,false,true,false,false,false,false,false,false,false,false,false,true,false,false,false,false,false,false,false,-83.03193,42.44345,"{
  ""coordinates"": [
    -8.303192870552540e+01,
    4.244345237115050e+01
  ],
  ""type"": ""Point""
}","{
  ""coordinates"": [
    -83.031928706,
    42.443452371
  ],
  ""type"": ""Point""
}",-83.031928706,42.443452371
23666,1499643,LASALLE,LONGFELLOW,2018-10-14,14,10,2018,18,1,4,9,,,0,,1,1,3,25,2,2,2,3,0,0,1,1,false,false,false,false,false,false,false,false,false,false,false,false,false,false,false,false,false,false,false,false,false,false,-83.10729,42.37671,"{
  ""coordinates"": [
    -8.310728856282400e+01,
    4.237671332014140e+01
  ],
  ""type"": ""Point""
}","{
  ""coordinates"": [
    -83.107288563,
    42.37671332
  ],
  ""type"": ""Point""
}",-83.1072885629999,42.3767133200001
23667,1501479,PENROD,EATON,2018-10-14,14,10,2018,22,1,8,9,,,0,,1,1,4,25,1,2,0,5,0,0,0,0,true,false,false,false,true,false,false,false,false,false,false,false,false,false,false,false,false,false,false,false,false,false,-83.22148,42.39598,"{
  ""coordinates"": [
    -8.322147916916370e+01,
    4.239598269659210e+01
  ],
  ""type"": ""Point""
}","{
  ""coordinates"": [
    -83.221479169,
    42.395982697
  ],
  ""type"": ""Point""
}",-83.221479169,42.3959826970001
23668,1500760,SPENCER,SAVAGE,2018-10-14,14,10,2018,15,1,98,9,,,0,,1,1,1,25,1,1,1,5,0,0,0,0,true,false,false,false,true,false,false,false,false,false,false,false,false,false,false,false,false,false,false,false,false,false,-83.02712,42.44601,"{
  ""coordinates"": [
    -8.302712156618389e+01,
    4.244600578836820e+01
  ],
  ""type"": ""Point""
}","{
  ""coordinates"": [
    -83.027121566,
    42.446005788
  ],
  ""type"": ""Point""
}",-83.0271215659999,42.446005788
23669,1502742,GREENSBORO,WADE,2018-10-14,14,10,2018,22,1,9,9,,,2,,1,1,4,25,1,2,1,5,0,0,0,0,true,false,false,false,false,false,false,false,false,false,false,false,false,false,false,false,false,false,false,false,false,false,-82.957,42.4089,"{
  ""coordinates"": [
    -8.295700436470810e+01,
    4.240889774591540e+01
  ],
  ""type"": ""Point""
}","{
  ""coordinates"": [
    -82.957004365,
    42.408897746
  ],
  ""type"": ""Point""
}",-82.957004365,42.408897746
23670,1502691,W I 94,GRAND,2018-10-14,14,10,2018,20,1,5,1,,1,0,Asphalt,1,1,4,55,3,2,3,5,0,0,0,0,true,false,false,false,false,false,false,false,false,false,false,false,false,false,false,false,false,false,false,false,false,false,-83.10857,42.34727,"{
  ""coordinates"": [
    -8.310857766298631e+01,
    4.234726656461020e+01
  ],
  ""type"": ""Point""
}","{
  ""coordinates"": [
    -83.108577663,
    42.347266565
  ],
  ""type"": ""Point""
}",-83.1085776629999,42.347266565
23671,1501485,8 MILE,RAMP 051B,2018-10-14,14,10,2018,20,1,5,3,,1,0,Concrete,1,1,4,45,4,2,4,4,0,0,0,1,false,false,false,false,false,false,false,false,false,false,false,false,false,false,true,false,false,false,false,false,false,false,-83.27756,42.44275,"{
  ""coordinates"": [
    -8.327755907345970e+01,
    4.244275297505690e+01
  ],
  ""type"": ""Point""
}","{
  ""coordinates"": [
    -83.277559073,
    42.442752975
  ],
  ""type"": ""Point""
}",-83.277559073,42.4427529750001
23672,1498628,NOLFOLK,HUBBELL,2018-10-14,14,10,2018,1,1,1,9,,,1,,1,1,4,25,1,1,2,5,0,0,0,0,true,false,false,false,false,false,false,false,false,true,false,false,false,false,false,false,false,false,false,false,false,false,-83.19064,42.44315,"{
  ""coordinates"": [
    -8.319063318046830e+01,
    4.244315103997860e+01
  ],
  ""type"": ""Point""
}","{
  ""coordinates"": [
    -83.19063318,
    42.44315104
  ],
  ""type"": ""Point""
}",-83.19063318,42.44315104
23673,1507730,I-94,MCCLELLAN,2018-10-14,14,10,2018,4,1,5,1,,1,0,Asphalt,1,1,4,55,3,2,2,3,0,0,1,0,false,false,false,false,false,false,false,false,false,true,false,false,false,false,false,false,false,false,false,false,false,false,-83.00847,42.39073,"{
  ""coordinates"": [
    -8.300847058258540e+01,
    4.239073331208830e+01
  ],
  ""type"": ""Point""
}","{
  ""coordinates"": [
    -83.008470583,
    42.390733312
  ],
  ""type"": ""Point""
}",-83.008470583,42.3907333120001
23674,1499597,PLYMOUTH,ROBSON,2018-10-14,14,10,2018,5,1,9,9,,4,2,Asphalt,1,1,4,35,3,2,2,4,0,0,0,1,false,false,false,false,false,false,false,false,false,false,false,false,false,false,false,false,false,false,false,false,false,false,-83.19199,42.37271,"{
  ""coordinates"": [
    -8.319199249703441e+01,
    4.237271470626160e+01
  ],
  ""type"": ""Point""
}","{
  ""coordinates"": [
    -83.191992497,
    42.372714706
  ],
  ""type"": ""Point""
}",-83.1919924969999,42.3727147060001
23675,1507740,I-94,MT ELLIOTT,2018-10-14,14,10,2018,2,1,1,1,,1,1,Asphalt,1,2,4,55,3,1,2,5,0,0,0,0,true,false,false,false,true,true,false,false,true,false,false,false,false,false,false,false,false,false,false,false,false,false,-83.03524,42.37838,"{
  ""coordinates"": [
    -8.303524305127409e+01,
    4.237838224714670e+01
  ],
  ""type"": ""Point""
}","{
  ""coordinates"": [
    -83.035243051,
    42.378382247
  ],
  ""type"": ""Point""
}",-83.035243051,42.378382247
23676,1499661,MCNICHOLS,2ND,2018-10-14,14,10,2018,17,1,4,9,,4,0,Asphalt,1,1,1,30,5,2,5,2,0,1,0,0,false,false,true,true,false,true,false,false,false,false,false,false,false,true,false,false,false,false,false,false,false,false,-83.10961,42.4177,"{
  ""coordinates"": [
    -8.310960857824460e+01,
    4.241769787991470e+01
  ],
  ""type"": ""Point""
}","{
  ""coordinates"": [
    -83.109608578,
    42.41769788
  ],
  ""type"": ""Point""
}",-83.1096085779999,42.41769788
23677,1597540,SCHAEFER,EATON,2018-10-14,14,10,2018,2,1,97,9,,4,0,Asphalt,1,1,4,,4,2,0,4,0,0,0,1,false,false,false,false,true,false,false,false,false,false,false,false,true,false,false,false,false,false,false,false,false,false,-83.17894,42.39793,"{
  ""coordinates"": [
    -8.317894100471760e+01,
    4.239792518092190e+01
  ],
  ""type"": ""Point""
}","{
  ""coordinates"": [
    -83.178941005,
    42.397925181
  ],
  ""type"": ""Point""
}",-83.178941005,42.3979251810001
23678,1565948,CHERRYLAWN,SANTA MARIA,2018-10-14,14,10,2018,18,1,5,9,,,0,,1,1,1,25,2,2,1,5,0,0,0,0,true,false,false,false,true,false,false,false,false,false,false,false,false,false,true,false,false,false,false,false,false,false,-83.15492,42.41888,"{
  ""coordinates"": [
    -8.315492159824871e+01,
    4.241888570578570e+01
  ],
  ""type"": ""Point""
}","{
  ""coordinates"": [
    -83.154921598,
    42.418885706
  ],
  ""type"": ""Point""
}",-83.154921598,42.418885706
23679,1502774,CASS,CANFIELD,2018-10-14,14,10,2018,20,1,4,9,,4,0,Asphalt,1,1,3,25,2,2,2,5,0,0,0,0,true,false,false,false,false,false,false,false,false,false,false,false,false,false,false,false,false,false,false,false,false,false,-83.06418,42.35165,"{
  ""coordinates"": [
    -8.306418210845000e+01,
    4.235165316732190e+01
  ],
  ""type"": ""Point""
}","{
  ""coordinates"": [
    -83.064182108,
    42.351653167
  ],
  ""type"": ""Point""
}",-83.064182108,42.3516531670001
23680,1507805,SAVAGE,CARRIE,2018-10-14,14,10,2018,20,1,4,9,,,0,,1,1,4,25,2,2,5,5,0,0,0,0,true,false,false,false,false,false,false,false,false,false,false,false,false,false,false,false,false,false,false,false,false,false,-83.0308,42.44596,"{
  ""coordinates"": [
    -8.303079610834480e+01,
    4.244595529504350e+01
  ],
  ""type"": ""Point""
}","{
  ""coordinates"": [
    -83.030796108,
    42.445955295
  ],
  ""type"": ""Point""
}",-83.0307961079999,42.445955295
23681,1510440,M-10,PALLISTER,2018-10-14,14,10,2018,13,1,1,3,,1,0,Concrete,1,1,1,55,3,1,1,5,0,0,0,0,true,false,false,false,false,false,false,false,false,false,false,false,false,true,false,false,false,false,false,false,false,false,-83.08297,42.36896,"{
  ""coordinates"": [
    -8.308297259228669e+01,
    4.236895888672530e+01
  ],
  ""type"": ""Point""
}","{
  ""coordinates"": [
    -83.082972592,
    42.368958887
  ],
  ""type"": ""Point""
}",-83.082972592,42.3689588870001
23682,1551004,MILITARY,JEFFERSON,2018-10-14,14,10,2018,5,1,1,9,,4,1,Asphalt,1,1,5,30,2,1,1,5,0,0,0,0,true,false,false,false,false,false,false,false,false,false,false,false,false,false,false,false,false,false,false,false,false,false,-83.09667,42.30169,"{
  ""coordinates"": [
    -8.309666943692810e+01,
    4.230168955961290e+01
  ],
  ""type"": ""Point""
}","{
  ""coordinates"": [
    -83.096669437,
    42.30168956
  ],
  ""type"": ""Point""
}",-83.0966694369999,42.3016895600001
23683,1512934,I-94,LONYO,2018-10-14,14,10,2018,14,1,5,1,,1,0,Asphalt,1,1,1,55,3,2,1,5,0,0,0,0,true,false,false,false,false,false,false,false,false,false,false,false,false,false,false,false,false,false,false,false,false,false,-83.14551,42.33136,"{
  ""coordinates"": [
    -8.314550642134230e+01,
    4.233136068417640e+01
  ],
  ""type"": ""Point""
}","{
  ""coordinates"": [
    -83.145506421,
    42.331360684
  ],
  ""type"": ""Point""
}",-83.1455064209999,42.3313606840001
23684,1556106,W/B I-96,GREENFIELD,2018-10-14,14,10,2018,1,1,5,1,,1,0,Concrete,1,1,4,55,3,2,2,4,0,0,0,1,false,false,false,false,false,false,false,false,false,false,false,false,false,false,false,false,false,false,false,false,false,false,-83.19608,42.37925,"{
  ""coordinates"": [
    -8.319608393496119e+01,
    4.237924449065920e+01
  ],
  ""type"": ""Point""
}","{
  ""coordinates"": [
    -83.196083935,
    42.379244491
  ],
  ""type"": ""Point""
}",-83.196083935,42.3792444910001
23685,1501450,PARK,ELIZABETH,2018-10-14,14,10,2018,23,1,4,9,,4,0,Asphalt,1,1,4,25,1,2,3,5,0,0,0,0,true,false,false,false,false,false,false,false,false,false,false,false,false,false,false,false,false,false,false,false,false,false,-83.05298,42.33696,"{
  ""coordinates"": [
    -8.305297795554620e+01,
    4.233695666678360e+01
  ],
  ""type"": ""Point""
}","{
  ""coordinates"": [
    -83.052977956,
    42.336956667
  ],
  ""type"": ""Point""
}",-83.0529779559999,42.336956667
23686,1581836,JEFFERSON,ST CLAIR,2018-10-14,14,10,2018,17,1,4,9,,4,0,Asphalt,1,1,1,30,5,2,5,4,0,0,0,1,false,false,false,false,false,false,false,false,false,false,false,false,false,false,false,false,false,false,false,false,false,false,-82.97801,42.36347,"{
  ""coordinates"": [
    -8.297801336912610e+01,
    4.236347302448800e+01
  ],
  ""type"": ""Point""
}","{
  ""coordinates"": [
    -82.978013369,
    42.363473024
  ],
  ""type"": ""Point""
}",-82.9780133689999,42.363473024
23687,1560453,W I 96,GRAND RIVER,2018-10-14,14,10,2018,10,1,5,1,,1,0,Concrete,1,1,1,55,1,2,2,5,0,0,0,0,true,false,false,false,true,false,false,false,true,false,false,false,false,false,false,false,false,false,false,false,false,false,-83.17611,42.38381,"{
  ""coordinates"": [
    -8.317610948558460e+01,
    4.238381245818950e+01
  ],
  ""type"": ""Point""
}","{
  ""coordinates"": [
    -83.176109486,
    42.383812458
  ],
  ""type"": ""Point""
}",-83.176109486,42.3838124580001
23688,1499601,IRIS,CHICAGO,2018-10-14,14,10,2018,10,1,98,9,,,3,,1,1,1,35,1,2,0,5,0,0,0,0,true,false,false,false,true,false,false,false,false,false,false,false,false,false,false,false,false,false,false,false,false,false,-83.16977,42.36597,"{
  ""coordinates"": [
    -8.316976594070560e+01,
    4.236597411281050e+01
  ],
  ""type"": ""Point""
}","{
  ""coordinates"": [
    -83.169765941,
    42.365974113
  ],
  ""type"": ""Point""
}",-83.169765941,42.365974113
23689,1518554,CASS,MARTIN LUTHER KING JR,2018-10-14,14,10,2018,5,1,8,9,,4,0,Asphalt,1,1,1,,2,2,2,5,0,0,0,0,true,false,false,false,false,false,false,false,false,false,false,false,false,true,false,false,false,false,false,false,false,false,-83.06068,42.34551,"{
  ""coordinates"": [
    -8.306068220690140e+01,
    4.234551309783200e+01
  ],
  ""type"": ""Point""
}","{
  ""coordinates"": [
    -83.060682207,
    42.345513098
  ],
  ""type"": ""Point""
}",-83.060682207,42.345513098
23690,1499606,TOLEDO,CAMPBELL,2018-10-14,14,10,2018,3,1,5,9,,4,0,Asphalt,1,1,3,,1,2,0,5,0,0,0,0,true,false,false,false,true,false,false,false,false,true,false,false,false,false,false,false,false,false,false,false,false,false,-83.10602,42.32014,"{
  ""coordinates"": [
    -8.310601848412141e+01,
    4.232014334891350e+01
  ],
  ""type"": ""Point""
}","{
  ""coordinates"": [
    -83.106018484,
    42.320143349
  ],
  ""type"": ""Point""
}",-83.1060184839999,42.320143349
23691,1499610,SHOEMAKER,HURLBUT,2018-10-14,14,10,2018,12,1,1,9,,4,0,Asphalt,1,1,1,30,2,1,0,5,0,0,0,0,true,false,false,false,true,false,false,false,false,false,false,true,false,false,false,false,false,false,false,false,false,false,-83.0001,42.38943,"{
  ""coordinates"": [
    -8.300009812675110e+01,
    4.238943358498950e+01
  ],
  ""type"": ""Point""
}","{
  ""coordinates"": [
    -83.000098127,
    42.389433585
  ],
  ""type"": ""Point""
}",-83.0000981269999,42.3894335850001
23692,1596733,BROCK,COLLINGHAM,2018-10-14,14,10,2018,20,1,4,9,,,0,,1,1,1,25,2,2,2,5,0,0,0,0,true,false,true,false,false,false,false,false,false,false,false,false,false,false,false,false,false,false,false,false,false,false,-82.9636,42.44819,"{
  ""coordinates"": [
    -8.296359667445969e+01,
    4.244818709798580e+01
  ],
  ""type"": ""Point""
}","{
  ""coordinates"": [
    -82.963596674,
    42.448187098
  ],
  ""type"": ""Point""
}",-82.963596674,42.4481870980001
23693,1499607,GRAND,GRAND RIVER,2018-10-14,14,10,2018,12,1,97,3,,4,0,Asphalt,1,1,1,25,3,2,2,4,0,0,0,1,false,false,false,false,false,false,false,false,false,false,false,false,false,false,false,false,false,false,false,false,false,false,-83.10956,42.35686,"{
  ""coordinates"": [
    -8.310955870371581e+01,
    4.235685655665580e+01
  ],
  ""type"": ""Point""
}","{
  ""coordinates"": [
    -83.109558704,
    42.356856557
  ],
  ""type"": ""Point""
}",-83.1095587039999,42.3568565570001
23694,1498426,W I 96,HUBBELL,2018-10-14,14,10,2018,0,1,8,1,,1,0,Concrete,1,2,4,55,3,2,6,4,0,0,0,3,false,false,false,false,false,false,false,false,false,false,false,false,false,false,true,false,false,false,false,false,false,false,-83.18797,42.38072,"{
  ""coordinates"": [
    -8.318796294303790e+01,
    4.238072321435080e+01
  ],
  ""type"": ""Point""
}","{
  ""coordinates"": [
    -83.187962943,
    42.380723214
  ],
  ""type"": ""Point""
}",-83.1879629429999,42.3807232140001
23695,1499663,8 MILE,ROSELAWN,2018-10-14,14,10,2018,18,1,4,3,,1,0,Asphalt,1,1,4,40,3,2,5,4,0,0,0,2,false,false,false,false,true,false,false,false,false,false,false,false,false,false,false,false,false,false,false,false,false,false,-83.15366,42.44582,"{
  ""coordinates"": [
    -8.315365274211170e+01,
    4.244582546511970e+01
  ],
  ""type"": ""Point""
}","{
  ""coordinates"": [
    -83.153652742,
    42.445825465
  ],
  ""type"": ""Point""
}",-83.153652742,42.445825465
23696,1506357,7 MILE,HAMBURG,2018-10-14,14,10,2018,0,1,4,9,,4,0,Asphalt,1,1,4,35,2,2,2,4,0,0,0,2,false,false,false,false,true,false,false,false,false,false,false,false,false,false,false,false,false,false,false,false,false,false,-82.99733,42.43464,"{
  ""coordinates"": [
    -8.299732910244900e+01,
    4.243463915107560e+01
  ],
  ""type"": ""Point""
}","{
  ""coordinates"": [
    -82.997329102,
    42.434639151
  ],
  ""type"": ""Point""
}",-82.997329102,42.4346391510001
23697,1516647,8 MILE,SHERWOOD,2018-10-14,14,10,2018,18,1,4,3,,1,0,Asphalt,1,1,1,40,5,2,4,2,0,1,1,1,false,false,true,true,false,false,false,true,false,false,false,false,false,false,true,true,false,false,false,false,false,false,-83.03442,42.44794,"{
  ""coordinates"": [
    -8.303442714185940e+01,
    4.244793797439920e+01
  ],
  ""type"": ""Point""
}","{
  ""coordinates"": [
    -83.034427142,
    42.447937974
  ],
  ""type"": ""Point""
}",-83.034427142,42.4479379740001
23698,1499617,MAXWELL,WILLARD,2018-10-14,14,10,2018,12,1,98,9,,,0,,1,1,98,25,1,2,0,5,0,0,0,0,true,false,false,false,true,false,false,false,false,false,false,false,false,true,false,false,false,false,false,false,false,false,-83.00964,42.37534,"{
  ""coordinates"": [
    -8.300963964050040e+01,
    4.237533767390930e+01
  ],
  ""type"": ""Point""
}","{
  ""coordinates"": [
    -83.009639641,
    42.375337674
  ],
  ""type"": ""Point""
}",-83.009639641,42.375337674
23699,1507732,M-39,SCHOOLCRAFT,2018-10-14,14,10,2018,21,1,5,3,,1,0,Asphalt,1,1,4,55,3,2,2,5,0,0,0,0,true,false,false,false,false,false,false,false,false,true,false,false,false,false,true,false,false,false,false,false,false,false,-83.21774,42.38698,"{
  ""coordinates"": [
    -8.321774521749229e+01,
    4.238698171097640e+01
  ],
  ""type"": ""Point""
}","{
  ""coordinates"": [
    -83.217745217,
    42.386981711
  ],
  ""type"": ""Point""
}",-83.217745217,42.386981711
23700,1499614,SCHOOLCRAFT,SOUTHFIELD SERVICE DRIVE,2018-10-14,14,10,2018,11,1,4,9,,2,0,Asphalt,1,1,1,30,4,2,2,4,0,0,0,1,false,false,true,true,true,false,false,false,false,false,false,false,false,false,false,false,false,false,false,false,false,false,-83.21803,42.3867,"{
  ""coordinates"": [
    -8.321802336613059e+01,
    4.238669539391950e+01
  ],
  ""type"": ""Point""
}","{
  ""coordinates"": [
    -83.218023366,
    42.386695394
  ],
  ""type"": ""Point""
}",-83.218023366,42.3866953940001
23701,1500729,LIVERNOIS,MCGRAW,2018-10-14,14,10,2018,4,1,2,9,,4,2,Asphalt,1,1,4,35,5,2,1,5,0,0,0,0,true,false,false,false,true,false,false,false,false,false,false,false,false,false,false,false,false,false,false,false,false,false,-83.12743,42.34087,"{
  ""coordinates"": [
    -8.312743101728191e+01,
    4.234087308060130e+01
  ],
  ""type"": ""Point""
}","{
  ""coordinates"": [
    -83.127431017,
    42.340873081
  ],
  ""type"": ""Point""
}",-83.1274310169999,42.340873081
23702,1501451,CLINTON,BEAUBIEN,2018-10-14,14,10,2018,23,1,4,9,,4,0,Asphalt,1,1,4,25,4,2,3,5,0,0,0,0,true,false,false,false,false,false,false,false,false,false,false,false,false,false,false,false,false,false,false,false,false,false,-83.04346,42.33628,"{
  ""coordinates"": [
    -8.304345575682559e+01,
    4.233628408469610e+01
  ],
  ""type"": ""Point""
}","{
  ""coordinates"": [
    -83.043455757,
    42.336284085
  ],
  ""type"": ""Point""
}",-83.0434557569999,42.336284085
23703,1499621,GOULBURN,STATE FAIR,2018-10-14,14,10,2018,3,1,5,9,,,0,,1,1,4,25,2,2,1,4,0,0,0,1,false,false,false,false,false,false,false,false,false,false,false,true,false,false,false,false,false,false,false,false,false,false,-82.99391,42.44142,"{
  ""coordinates"": [
    -8.299390919503401e+01,
    4.244141957509760e+01
  ],
  ""type"": ""Point""
}","{
  ""coordinates"": [
    -82.993909195,
    42.441419575
  ],
  ""type"": ""Point""
}",-82.993909195,42.4414195750001
23704,1498635,WOODWARD,8 MILE,2018-10-13,13,10,2018,14,7,6,3,,1,0,Asphalt,1,1,1,40,5,2,4,5,0,0,0,0,true,false,false,false,false,false,false,true,false,false,false,false,false,false,false,false,false,false,false,false,false,false,-83.12485,42.44651,"{
  ""coordinates"": [
    -8.312485085937180e+01,
    4.244650631830190e+01
  ],
  ""type"": ""Point""
}","{
  ""coordinates"": [
    -83.124850859,
    42.446506318
  ],
  ""type"": ""Point""
}",-83.1248508589999,42.446506318
23705,1567162,7 MILE,STANSBURY,2018-10-13,13,10,2018,7,7,1,9,,2,0,Asphalt,1,1,1,30,4,1,1,4,0,0,0,1,false,false,false,false,false,false,false,false,false,false,false,false,false,false,false,false,false,false,false,false,false,false,-83.18406,42.43095,"{
  ""coordinates"": [
    -8.318406222906110e+01,
    4.243094911706330e+01
  ],
  ""type"": ""Point""
}","{
  ""coordinates"": [
    -83.184062229,
    42.430949117
  ],
  ""type"": ""Point""
}",-83.1840622289999,42.4309491170001
23706,1537035,GRAND RIVER,BELLETERRE,2018-10-13,13,10,2018,5,7,4,3,,1,0,Asphalt,2,98,5,35,5,2,2,4,0,0,0,1,false,false,false,false,false,false,false,false,false,false,false,false,false,true,false,false,false,false,false,false,false,false,-83.13544,42.36731,"{
  ""coordinates"": [
    -8.313543696767709e+01,
    4.236730690411790e+01
  ],
  ""type"": ""Point""
}","{
  ""coordinates"": [
    -83.135436968,
    42.367306904
  ],
  ""type"": ""Point""
}",-83.135436968,42.367306904
23707,1502772,THIRD,MARTIN LUTHER KING JR,2018-10-13,13,10,2018,18,7,4,9,,4,0,Asphalt,1,1,1,25,4,2,1,5,0,0,0,0,true,false,false,false,true,false,false,false,false,false,false,false,false,false,false,false,false,false,false,false,false,false,-83.06522,42.34421,"{
  ""coordinates"": [
    -8.306522230764780e+01,
    4.234421232851950e+01
  ],
  ""type"": ""Point""
}","{
  ""coordinates"": [
    -83.065222308,
    42.344212329
  ],
  ""type"": ""Point""
}",-83.065222308,42.3442123290001
23708,1512927,I 94,BARRETT,2018-10-13,13,10,2018,12,7,8,1,,1,0,Asphalt,1,1,1,55,3,2,3,5,0,0,0,0,true,false,false,false,false,false,false,false,false,false,false,false,false,true,false,false,false,false,false,false,false,false,-82.98434,42.3983,"{
  ""coordinates"": [
    -8.298433644343710e+01,
    4.239830025962820e+01
  ],
  ""type"": ""Point""
}","{
  ""coordinates"": [
    -82.984336443,
    42.39830026
  ],
  ""type"": ""Point""
}",-82.984336443,42.39830026
23709,1498538,CONNER,GRATIOT,2018-10-13,13,10,2018,2,7,3,3,,4,0,Asphalt,2,4,4,35,5,2,4,3,0,0,1,1,false,false,false,false,false,false,false,false,false,false,false,false,false,false,true,false,false,false,false,false,false,false,-82.99776,42.40511,"{
  ""coordinates"": [
    -8.299776312860840e+01,
    4.240510968210570e+01
  ],
  ""type"": ""Point""
}","{
  ""coordinates"": [
    -82.997763129,
    42.405109682
  ],
  ""type"": ""Point""
}",-82.997763129,42.405109682
23710,1498624,SCHAEFER,MARGARETA,2018-10-13,13,10,2018,0,7,5,9,,4,0,Asphalt,2,4,4,30,2,2,1,5,0,0,0,0,true,false,false,false,true,false,false,false,false,false,false,false,false,false,false,false,false,false,false,false,false,false,-83.18031,42.42721,"{
  ""coordinates"": [
    -8.318030809586460e+01,
    4.242721110836670e+01
  ],
  ""type"": ""Point""
}","{
  ""coordinates"": [
    -83.180308096,
    42.427211108
  ],
  ""type"": ""Point""
}",-83.180308096,42.4272111080001
23711,1502610,E M 8,RAMP 047H,2018-10-13,13,10,2018,16,7,5,3,,1,0,Asphalt,1,1,1,55,4,2,2,5,0,0,0,0,true,false,false,false,true,false,false,false,false,false,false,false,false,true,false,false,false,false,false,false,false,false,-83.0807,42.4084,"{
  ""coordinates"": [
    -8.308069619145510e+01,
    4.240840120559910e+01
  ],
  ""type"": ""Point""
}","{
  ""coordinates"": [
    -83.080696191,
    42.408401206
  ],
  ""type"": ""Point""
}",-83.080696191,42.4084012060001
23712,1499659,8 MILE,MOENART,2018-10-13,13,10,2018,1,7,5,3,,1,0,Asphalt,1,1,1,45,4,2,2,5,0,0,0,0,true,false,false,false,true,false,false,false,false,false,false,false,false,false,false,false,false,false,false,false,false,false,-83.0507,42.44759,"{
  ""coordinates"": [
    -8.305069957164150e+01,
    4.244759003691120e+01
  ],
  ""type"": ""Point""
}","{
  ""coordinates"": [
    -83.050699572,
    42.447590037
  ],
  ""type"": ""Point""
}",-83.050699572,42.4475900370001
23713,1499639,7 MILE,ALGONAC,2018-10-13,13,10,2018,21,7,1,9,,4,0,Asphalt,1,1,4,25,2,1,1,5,0,0,0,0,true,false,false,false,true,false,false,false,false,true,false,false,false,false,false,false,false,false,false,false,false,false,-83.01015,42.43428,"{
  ""coordinates"": [
    -8.301015320351981e+01,
    4.243428397672500e+01
  ],
  ""type"": ""Point""
}","{
  ""coordinates"": [
    -83.010153204,
    42.434283977
  ],
  ""type"": ""Point""
}",-83.0101532039999,42.4342839770001