ObjectId,Crash ID,Primary Road,Intersecting Road,Crash Date,Day,Month,Year,Hour,Weekday,Crash Type Code,Highway Classification Code,Community Code,Jurisdiction Code,Lane Departure Type Code,Surface Type,Road Condition,Weather Condition,Lighting Condition,Speed Limit,Lanes,Units,Occupants,Most Severe Injury,Fatal Injuries,Suspected Serious Injuries,Suspected Minor Injuries,Possible Injuries,Property Damage Only,Secondary Crash,Traffic Control,Red Light Run,Hit and Run,Alcohol,Drugs,Unbelted Person,Work Zone,Speeding Driver,Distracted Driver,Driveway,Pedestrian,Elderly Driver,Young Driver,Commercial Vehicle,Emergency Vehicles,Train,School Bus,Motorcycle,Bicycle,Deer,Longitude,Latitude,geom,geog,x,y
23714,1498411,E/B I-96,WYOMING,2018-10-13,13,10,2018,17,7,1,1,,1,1,Concrete,1,1,1,55,3,1,1,4,0,0,0,1,false,false,false,false,false,true,false,false,false,true,false,false,false,false,false,false,false,false,false,false,false,false,-83.16092,42.38526,"{
  ""coordinates"": [
    -8.316092183351260e+01,
    4.238525635359400e+01
  ],
  ""type"": ""Point""
}","{
  ""coordinates"": [
    -83.160921834,
    42.385256354
  ],
  ""type"": ""Point""
}",-83.160921834,42.385256354
23715,1509174,N M 39,FENKELL,2018-10-13,13,10,2018,14,7,8,3,,1,0,Asphalt,1,2,1,55,3,2,1,5,0,0,0,0,true,false,false,false,true,false,false,false,false,false,false,false,false,false,true,false,false,false,false,false,false,false,-83.2182,42.40121,"{
  ""coordinates"": [
    -8.321820227832100e+01,
    4.240120768043430e+01
  ],
  ""type"": ""Point""
}","{
  ""coordinates"": [
    -83.218202278,
    42.40120768
  ],
  ""type"": ""Point""
}",-83.218202278,42.40120768
23716,1502716,DIX,OAKWOOD,2018-10-13,13,10,2018,16,7,4,9,,4,0,Asphalt,1,1,1,30,2,2,2,5,0,0,0,0,true,false,true,true,true,false,false,false,false,false,false,false,false,false,false,false,false,false,false,false,false,false,-83.16048,42.28572,"{
  ""coordinates"": [
    -8.316048788761221e+01,
    4.228572415107420e+01
  ],
  ""type"": ""Point""
}","{
  ""coordinates"": [
    -83.160487888,
    42.285724151
  ],
  ""type"": ""Point""
}",-83.160487888,42.2857241510001
23717,1499602,JOY,ESPER,2018-10-13,13,10,2018,23,7,9,9,,4,0,Asphalt,1,1,4,30,2,2,5,5,0,0,0,0,true,false,false,false,true,false,false,false,false,false,false,false,false,false,false,false,false,false,false,false,false,false,-83.15797,42.35889,"{
  ""coordinates"": [
    -8.315796337256680e+01,
    4.235888748801390e+01
  ],
  ""type"": ""Point""
}","{
  ""coordinates"": [
    -83.157963373,
    42.358887488
  ],
  ""type"": ""Point""
}",-83.157963373,42.3588874880001
23718,1498447,W I 96,SOUTHFIELD SERVICE DRIVE,2018-10-13,13,10,2018,11,7,5,1,,1,0,Concrete,1,1,1,55,2,3,6,4,0,0,0,1,false,false,false,false,false,false,false,false,false,false,false,false,false,true,false,true,false,false,false,false,false,false,-83.21655,42.37881,"{
  ""coordinates"": [
    -8.321655290161181e+01,
    4.237880524034130e+01
  ],
  ""type"": ""Point""
}","{
  ""coordinates"": [
    -83.216552902,
    42.37880524
  ],
  ""type"": ""Point""
}",-83.216552902,42.3788052400001
23719,1499631,GRATIOT,PFENT,2018-10-13,13,10,2018,17,7,4,3,,1,0,Asphalt,1,1,1,35,7,2,1,5,0,0,0,0,true,false,false,false,true,false,false,false,false,false,false,false,false,false,false,false,false,false,false,false,false,false,-82.97594,42.43774,"{
  ""coordinates"": [
    -8.297593796400740e+01,
    4.243774223263640e+01
  ],
  ""type"": ""Point""
}","{
  ""coordinates"": [
    -82.975937964,
    42.437742233
  ],
  ""type"": ""Point""
}",-82.975937964,42.4377422330001
23720,1507746,M-39,JOY,2018-10-13,13,10,2018,20,7,5,3,,1,0,Asphalt,1,1,4,55,3,2,3,5,0,0,0,0,true,false,false,false,false,false,false,true,false,false,false,false,false,false,true,false,false,false,false,false,false,false,-83.21641,42.35813,"{
  ""coordinates"": [
    -8.321640930216910e+01,
    4.235812652787180e+01
  ],
  ""type"": ""Point""
}","{
  ""coordinates"": [
    -83.216409302,
    42.358126528
  ],
  ""type"": ""Point""
}",-83.216409302,42.3581265280001
23721,1500731,FORT,OAKWOOD,2018-10-13,13,10,2018,23,7,1,3,,1,1,Asphalt,1,1,4,35,2,1,1,5,0,0,0,0,true,false,false,false,false,false,false,false,false,false,false,false,false,false,false,false,false,false,false,false,false,false,-83.14364,42.29084,"{
  ""coordinates"": [
    -8.314364111945260e+01,
    4.229083823037270e+01
  ],
  ""type"": ""Point""
}","{
  ""coordinates"": [
    -83.143641119,
    42.29083823
  ],
  ""type"": ""Point""
}",-83.1436411189999,42.2908382300001
23722,1501446,MARTIN LUTHER KING JR,4TH,2018-10-13,13,10,2018,10,7,1,9,,4,1,Concrete,1,1,1,25,1,1,0,5,0,0,0,0,true,false,false,false,true,false,false,false,false,false,false,false,false,false,false,false,false,false,false,false,false,false,-83.0811,42.33911,"{
  ""coordinates"": [
    -8.308110262120010e+01,
    4.233910763225700e+01
  ],
  ""type"": ""Point""
}","{
  ""coordinates"": [
    -83.081102621,
    42.339107632
  ],
  ""type"": ""Point""
}",-83.081102621,42.339107632
23723,1499630,MORANG,DUCHESS,2018-10-13,13,10,2018,3,7,5,9,,4,0,Asphalt,2,4,4,30,2,2,1,4,0,0,0,1,false,false,false,false,false,false,false,false,false,false,false,false,false,false,false,false,false,false,false,false,false,false,-82.95408,42.42779,"{
  ""coordinates"": [
    -8.295407904203689e+01,
    4.242779074417830e+01
  ],
  ""type"": ""Point""
}","{
  ""coordinates"": [
    -82.954079042,
    42.427790744
  ],
  ""type"": ""Point""
}",-82.954079042,42.427790744
23724,1498482,WOODWARD,MACK,2018-10-13,13,10,2018,17,7,3,3,,1,0,Asphalt,1,1,1,35,3,2,3,4,0,0,0,1,false,false,false,false,false,false,false,false,false,false,false,false,false,true,false,false,false,false,false,false,false,false,-83.05796,42.34751,"{
  ""coordinates"": [
    -8.305796027630450e+01,
    4.234750605656190e+01
  ],
  ""type"": ""Point""
}","{
  ""coordinates"": [
    -83.057960276,
    42.347506057
  ],
  ""type"": ""Point""
}",-83.057960276,42.347506057
23725,1498461,APPOLINE,PLYMOUTH,2018-10-13,13,10,2018,13,7,5,9,,,0,,1,1,1,35,4,2,5,5,0,0,0,0,true,false,false,false,false,false,false,false,false,false,true,false,false,false,false,false,false,false,false,false,false,false,-83.16937,42.3732,"{
  ""coordinates"": [
    -8.316937335447589e+01,
    4.237320331925240e+01
  ],
  ""type"": ""Point""
}","{
  ""coordinates"": [
    -83.169373354,
    42.373203319
  ],
  ""type"": ""Point""
}",-83.169373354,42.373203319
23726,1498522,WARREN,ROHNS,2018-10-13,13,10,2018,16,7,4,9,,4,0,Asphalt,1,1,1,35,3,2,3,4,0,0,0,1,false,false,false,false,false,false,false,false,false,false,false,false,false,false,true,false,false,false,false,false,false,false,-83.00337,42.37964,"{
  ""coordinates"": [
    -8.300337345126270e+01,
    4.237964310111580e+01
  ],
  ""type"": ""Point""
}","{
  ""coordinates"": [
    -83.003373451,
    42.379643101
  ],
  ""type"": ""Point""
}",-83.003373451,42.3796431010001
23727,1500728,CHAMBERLAIN,WOODMERE,2018-10-13,13,10,2018,4,7,1,9,,4,0,Asphalt,98,98,4,15,1,1,1,5,0,0,0,0,true,false,false,false,false,false,false,false,false,false,false,false,false,false,true,false,false,false,false,false,false,false,-83.13326,42.29915,"{
  ""coordinates"": [
    -8.313326444611459e+01,
    4.229915315816030e+01
  ],
  ""type"": ""Point""
}","{
  ""coordinates"": [
    -83.133264446,
    42.299153158
  ],
  ""type"": ""Point""
}",-83.1332644459999,42.2991531580001
23728,1498578,7 MILE,PACKARD,2018-10-13,13,10,2018,18,7,5,9,,4,0,Asphalt,1,1,1,35,2,2,5,5,0,0,0,0,true,false,false,false,true,false,false,false,false,false,false,false,false,false,false,false,false,false,false,false,false,false,-83.02693,42.43391,"{
  ""coordinates"": [
    -8.302693000507919e+01,
    4.243391473337980e+01
  ],
  ""type"": ""Point""
}","{
  ""coordinates"": [
    -83.026930005,
    42.433914733
  ],
  ""type"": ""Point""
}",-83.0269300049999,42.4339147330001
23729,1498513,WARREN,RUTLAND,2018-10-13,13,10,2018,13,7,97,9,,2,0,Asphalt,1,1,1,,5,2,0,5,0,0,0,0,true,false,false,false,true,false,false,false,false,false,false,false,true,false,false,false,false,false,false,false,false,false,-83.21188,42.34344,"{
  ""coordinates"": [
    -8.321187496295340e+01,
    4.234343913657840e+01
  ],
  ""type"": ""Point""
}","{
  ""coordinates"": [
    -83.211874963,
    42.343439137
  ],
  ""type"": ""Point""
}",-83.211874963,42.3434391370001
23730,1498446,RAMP 008I,W I 96,2018-10-13,13,10,2018,9,7,5,1,,1,0,Asphalt,2,2,1,55,2,2,2,5,0,0,0,0,true,false,false,false,false,false,false,false,false,false,true,false,false,false,false,false,false,false,false,false,false,false,-83.21977,42.37877,"{
  ""coordinates"": [
    -8.321976976629070e+01,
    4.237877384083770e+01
  ],
  ""type"": ""Point""
}","{
  ""coordinates"": [
    -83.219769766,
    42.378773841
  ],
  ""type"": ""Point""
}",-83.219769766,42.3787738410001
23731,1560539,WARREN,BEACONSFIELD,2018-10-13,13,10,2018,2,7,5,9,,4,0,Asphalt,2,1,4,35,3,2,3,4,0,0,0,1,false,false,false,false,false,false,false,false,false,false,false,false,false,false,false,false,false,false,false,false,false,false,-82.94991,42.39871,"{
  ""coordinates"": [
    -8.294990961020839e+01,
    4.239870965446870e+01
  ],
  ""type"": ""Point""
}","{
  ""coordinates"": [
    -82.94990961,
    42.398709654
  ],
  ""type"": ""Point""
}",-82.94990961,42.3987096540001
23732,1498462,ROBSON,PURITAN,2018-10-13,13,10,2018,16,7,4,9,,,0,,1,1,1,30,4,2,2,3,0,0,1,0,false,false,true,false,false,false,false,false,false,false,false,false,false,false,true,false,false,false,false,false,false,false,-83.19295,42.40894,"{
  ""coordinates"": [
    -8.319294908779150e+01,
    4.240893658767810e+01
  ],
  ""type"": ""Point""
}","{
  ""coordinates"": [
    -83.192949088,
    42.408936588
  ],
  ""type"": ""Point""
}",-83.192949088,42.4089365880001
23733,1543032,BELAND,STURGIS,2018-10-13,13,10,2018,21,7,4,9,,,0,,1,1,5,25,2,2,3,5,0,0,0,0,true,false,false,false,true,false,false,false,false,false,false,false,false,false,false,false,false,false,false,false,false,false,-83.00904,42.43842,"{
  ""coordinates"": [
    -8.300904386769879e+01,
    4.243842139092180e+01
  ],
  ""type"": ""Point""
}","{
  ""coordinates"": [
    -83.009043868,
    42.438421391
  ],
  ""type"": ""Point""
}",-83.0090438679999,42.4384213910001
23734,1498511,JOY,FIELDING,2018-10-13,13,10,2018,22,7,5,9,,2,0,Asphalt,1,1,4,35,5,2,3,5,0,0,0,0,true,false,false,false,false,false,false,false,false,false,true,true,false,false,false,false,false,false,false,false,false,false,-83.241,42.35748,"{
  ""coordinates"": [
    -8.324099369827870e+01,
    4.235747377871110e+01
  ],
  ""type"": ""Point""
}","{
  ""coordinates"": [
    -83.240993698,
    42.357473779
  ],
  ""type"": ""Point""
}",-83.240993698,42.357473779
23735,1498481,WOODWARD,GRAND RIVER,2018-10-13,13,10,2018,22,7,1,9,,4,1,Concrete,1,1,4,35,1,1,3,5,0,0,0,0,true,false,false,false,false,false,false,false,true,false,false,false,false,false,false,true,true,false,false,false,false,false,-83.04874,42.33409,"{
  ""coordinates"": [
    -8.304874577656589e+01,
    4.233408914108320e+01
  ],
  ""type"": ""Point""
}","{
  ""coordinates"": [
    -83.048745777,
    42.334089141
  ],
  ""type"": ""Point""
}",-83.048745777,42.334089141
23736,1502705,JEFFERSON,RIVARD,2018-10-13,13,10,2018,9,7,5,9,,4,0,Asphalt,1,1,1,25,3,3,3,5,0,0,0,0,true,false,false,false,false,false,false,false,false,false,false,false,false,true,false,false,false,false,false,false,false,false,-83.03432,42.33322,"{
  ""coordinates"": [
    -8.303431713339170e+01,
    4.233322180759230e+01
  ],
  ""type"": ""Point""
}","{
  ""coordinates"": [
    -83.034317133,
    42.333221808
  ],
  ""type"": ""Point""
}",-83.0343171329999,42.3332218080001
23737,1498455,TRUMBULL,HOWARD,2018-10-13,13,10,2018,14,7,98,9,,4,0,Asphalt,1,1,1,,4,3,4,5,0,0,0,0,true,false,false,false,false,false,false,false,false,false,false,false,false,false,false,true,false,false,false,false,false,false,-83.063,42.32627,"{
  ""coordinates"": [
    -8.306299573590820e+01,
    4.232627468249100e+01
  ],
  ""type"": ""Point""
}","{
  ""coordinates"": [
    -83.062995736,
    42.326274682
  ],
  ""type"": ""Point""
}",-83.0629957359999,42.3262746820001
23738,1498580,8 MILE,NORWOOD,2018-10-13,13,10,2018,20,7,5,3,,1,0,Asphalt,1,1,1,40,4,2,3,4,0,0,0,2,false,false,false,false,false,false,false,false,false,false,false,false,false,false,false,false,false,false,false,false,false,false,-83.06772,42.44722,"{
  ""coordinates"": [
    -8.306771520589480e+01,
    4.244721468069710e+01
  ],
  ""type"": ""Point""
}","{
  ""coordinates"": [
    -83.067715206,
    42.447214681
  ],
  ""type"": ""Point""
}",-83.0677152059999,42.447214681
23739,1501441,GRAND RIVER,I 75 SERVICE,2018-10-13,13,10,2018,23,7,3,3,,1,0,Concrete,1,1,4,35,3,2,5,4,0,0,0,1,false,false,false,false,false,false,false,false,false,false,false,false,false,false,false,false,false,false,false,false,false,false,-83.05994,42.33681,"{
  ""coordinates"": [
    -8.305993645800950e+01,
    4.233681155914190e+01
  ],
  ""type"": ""Point""
}","{
  ""coordinates"": [
    -83.059936458,
    42.336811559
  ],
  ""type"": ""Point""
}",-83.059936458,42.3368115590001
23740,1498571,MEYERS,6 MILE,2018-10-13,13,10,2018,16,7,8,9,,4,0,Asphalt,1,1,1,30,4,2,1,5,0,0,0,0,true,false,false,false,true,false,false,false,false,false,false,false,false,false,false,false,false,false,false,false,false,false,-83.17013,42.4167,"{
  ""coordinates"": [
    -8.317013083578109e+01,
    4.241670049059880e+01
  ],
  ""type"": ""Point""
}","{
  ""coordinates"": [
    -83.170130836,
    42.416700491
  ],
  ""type"": ""Point""
}",-83.1701308359999,42.416700491
23741,1498636,STEEL,THATCHER,2018-10-13,13,10,2018,15,7,8,9,,,0,,1,1,1,25,4,2,1,5,0,0,0,0,true,true,false,false,true,false,false,false,false,false,false,false,false,false,false,false,false,false,false,false,false,false,-83.17264,42.42213,"{
  ""coordinates"": [
    -8.317263626257829e+01,
    4.242213230951930e+01
  ],
  ""type"": ""Point""
}","{
  ""coordinates"": [
    -83.172636263,
    42.42213231
  ],
  ""type"": ""Point""
}",-83.172636263,42.4221323100001
23742,1498551,JAMES COUZENS,SANTA CLARA,2018-10-13,13,10,2018,3,7,5,9,,4,0,Asphalt,2,1,4,25,2,2,0,5,0,0,0,0,true,false,false,false,true,false,false,false,false,false,false,false,false,false,false,false,false,false,false,false,false,false,-83.1756,42.42059,"{
  ""coordinates"": [
    -8.317560006621140e+01,
    4.242058899801330e+01
  ],
  ""type"": ""Point""
}","{
  ""coordinates"": [
    -83.175600066,
    42.420588998
  ],
  ""type"": ""Point""
}",-83.175600066,42.420588998
23743,1498637,MEYERS,THATCHER,2018-10-13,13,10,2018,18,7,8,9,,4,0,Asphalt,1,1,4,30,5,2,1,5,0,0,0,0,true,false,false,false,true,false,false,false,false,false,false,true,false,false,false,false,false,false,false,false,false,false,-83.17037,42.42238,"{
  ""coordinates"": [
    -8.317037099845390e+01,
    4.242237856434590e+01
  ],
  ""type"": ""Point""
}","{
  ""coordinates"": [
    -83.170370998,
    42.422378564
  ],
  ""type"": ""Point""
}",-83.170370998,42.422378564
23744,1498548,GRATIOT,MADDELEIN,2018-10-13,13,10,2018,14,7,5,3,,1,0,Asphalt,1,1,1,35,6,2,3,5,0,0,0,0,true,false,false,false,false,false,false,false,false,false,false,false,false,false,false,false,false,false,false,false,false,false,-82.9772,42.43584,"{
  ""coordinates"": [
    -8.297719209751610e+01,
    4.243584134374710e+01
  ],
  ""type"": ""Point""
}","{
  ""coordinates"": [
    -82.977192098,
    42.435841344
  ],
  ""type"": ""Point""
}",-82.977192098,42.435841344
23745,1498579,BUFFALO,HAROLD,2018-10-13,13,10,2018,15,7,97,9,,4,0,Asphalt,1,1,1,25,1,3,4,4,0,0,0,1,false,false,false,false,false,false,false,false,false,false,false,false,false,false,true,false,false,false,false,false,false,false,-83.04733,42.40646,"{
  ""coordinates"": [
    -8.304732567736450e+01,
    4.240645948105180e+01
  ],
  ""type"": ""Point""
}","{
  ""coordinates"": [
    -83.047325677,
    42.406459481
  ],
  ""type"": ""Point""
}",-83.0473256769999,42.4064594810001
23746,1499629,CHALMERS,GLENFIELD,2018-10-13,13,10,2018,10,7,5,9,,4,0,Asphalt,2,1,1,30,2,2,0,5,0,0,0,0,true,true,false,false,true,false,false,false,false,false,false,false,false,false,false,false,false,false,false,false,false,false,-82.97279,42.41763,"{
  ""coordinates"": [
    -8.297278901109691e+01,
    4.241762872672030e+01
  ],
  ""type"": ""Point""
}","{
  ""coordinates"": [
    -82.972789011,
    42.417628727
  ],
  ""type"": ""Point""
}",-82.972789011,42.4176287270001
23747,1498442,E I 94,N M 10,2018-10-13,13,10,2018,15,7,5,1,,1,0,Asphalt,1,1,1,55,3,2,5,5,0,0,0,0,true,false,false,false,false,false,false,false,false,false,false,false,false,false,false,false,false,false,false,false,false,false,-83.07624,42.35893,"{
  ""coordinates"": [
    -8.307623897896831e+01,
    4.235892934729220e+01
  ],
  ""type"": ""Point""
}","{
  ""coordinates"": [
    -83.076238979,
    42.358929347
  ],
  ""type"": ""Point""
}",-83.076238979,42.3589293470001
23748,1501468,SOUTHFIELD SERVICE DRIVE,E I 96 CD,2018-10-13,13,10,2018,18,7,5,9,,4,0,Asphalt,1,1,1,55,3,2,2,5,0,0,0,0,true,false,false,false,false,false,false,false,false,false,false,false,false,false,true,false,false,false,false,false,false,false,-83.21662,42.37836,"{
  ""coordinates"": [
    -8.321661945101749e+01,
    4.237836407192010e+01
  ],
  ""type"": ""Point""
}","{
  ""coordinates"": [
    -83.216619451,
    42.378364072
  ],
  ""type"": ""Point""
}",-83.216619451,42.3783640720001
23749,1498480,COCHRANE,MICHIGAN,2018-10-13,13,10,2018,16,7,4,2,,,0,,1,1,1,35,2,2,2,5,0,0,0,0,true,false,false,false,false,false,false,false,true,false,false,false,false,false,false,false,false,false,false,false,false,false,-83.06943,42.33142,"{
  ""coordinates"": [
    -8.306942561536070e+01,
    4.233141599256610e+01
  ],
  ""type"": ""Point""
}","{
  ""coordinates"": [
    -83.069425615,
    42.331415993
  ],
  ""type"": ""Point""
}",-83.0694256149999,42.3314159930001
23750,1502706,ATWATER,CIVIC CENTER,2018-10-13,13,10,2018,9,7,8,9,,4,0,Concrete,1,1,1,25,2,2,1,5,0,0,0,0,true,false,false,false,false,false,false,false,false,false,false,false,false,false,false,true,false,false,false,false,false,false,-83.04552,42.32621,"{
  ""coordinates"": [
    -8.304551817192861e+01,
    4.232621001131220e+01
  ],
  ""type"": ""Point""
}","{
  ""coordinates"": [
    -83.045518172,
    42.326210011
  ],
  ""type"": ""Point""
}",-83.045518172,42.3262100110001
23751,1498352,I-75,CARPENTER,2018-10-13,13,10,2018,1,7,1,1,,1,1,Asphalt,2,4,4,70,4,1,2,5,0,0,0,0,true,false,false,false,false,false,false,false,false,true,false,false,false,false,false,false,false,false,false,false,false,false,-83.07274,42.40368,"{
  ""coordinates"": [
    -8.307273672494020e+01,
    4.240368064213980e+01
  ],
  ""type"": ""Point""
}","{
  ""coordinates"": [
    -83.072736725,
    42.403680642
  ],
  ""type"": ""Point""
}",-83.072736725,42.403680642
23752,1499636,7 MILE,BRADFORD,2018-10-13,13,10,2018,4,7,3,9,,4,0,Asphalt,2,4,4,30,5,2,2,5,0,0,0,0,true,false,false,false,true,false,false,false,false,false,false,false,false,false,false,false,false,false,false,false,false,false,-83.00098,42.43453,"{
  ""coordinates"": [
    -8.300098428870059e+01,
    4.243453076194240e+01
  ],
  ""type"": ""Point""
}","{
  ""coordinates"": [
    -83.000984289,
    42.434530762
  ],
  ""type"": ""Point""
}",-83.000984289,42.4345307620001
23753,1499626,EVANSTON,BARRETT,2018-10-13,13,10,2018,8,7,97,9,,,1,,1,2,1,,2,1,0,5,0,0,0,0,true,false,false,false,true,false,false,false,false,false,false,false,false,false,false,false,false,false,false,false,false,false,-82.98493,42.39953,"{
  ""coordinates"": [
    -8.298493363698501e+01,
    4.239953260680840e+01
  ],
  ""type"": ""Point""
}","{
  ""coordinates"": [
    -82.984933637,
    42.399532607
  ],
  ""type"": ""Point""
}",-82.984933637,42.399532607
23754,1502701,RANDOLPH,CONGRESS,2018-10-13,13,10,2018,16,7,5,3,,1,0,Asphalt,1,1,1,30,6,2,4,5,0,0,0,0,true,false,false,false,false,false,false,false,false,false,true,false,false,false,false,false,false,false,false,false,false,false,-83.04303,42.33139,"{
  ""coordinates"": [
    -8.304303320369640e+01,
    4.233139549917240e+01
  ],
  ""type"": ""Point""
}","{
  ""coordinates"": [
    -83.043033204,
    42.331395499
  ],
  ""type"": ""Point""
}",-83.043033204,42.3313954990001
23755,1498425,M 39,SCHOOLCRAFT,2018-10-13,13,10,2018,0,7,8,3,,1,0,Asphalt,2,4,4,55,3,2,1,5,0,0,0,0,true,false,false,false,true,false,false,false,false,false,false,false,false,false,false,false,false,false,false,false,false,false,-83.21768,42.38535,"{
  ""coordinates"": [
    -8.321767901816580e+01,
    4.238534474831280e+01
  ],
  ""type"": ""Point""
}","{
  ""coordinates"": [
    -83.217679018,
    42.385344748
  ],
  ""type"": ""Point""
}",-83.217679018,42.3853447480001
23756,1498396,I-94,VAN DYKE,2018-10-13,13,10,2018,17,7,8,1,,1,0,Asphalt,1,1,1,55,3,2,4,5,0,0,0,0,true,false,false,false,false,false,false,false,false,false,false,false,false,false,true,false,false,false,false,false,false,false,-83.01843,42.38693,"{
  ""coordinates"": [
    -8.301843089402820e+01,
    4.238693399651210e+01
  ],
  ""type"": ""Point""
}","{
  ""coordinates"": [
    -83.018430894,
    42.386933997
  ],
  ""type"": ""Point""
}",-83.0184308939999,42.386933997
23757,1503936,SAINT CLAIR,VERNOR,2018-10-13,13,10,2018,6,7,8,9,,,3,,2,1,4,25,2,2,2,4,0,0,0,1,false,false,false,false,false,false,false,false,false,false,true,false,false,false,false,false,false,false,false,false,false,false,-82.98236,42.36964,"{
  ""coordinates"": [
    -8.298235975887850e+01,
    4.236963845077380e+01
  ],
  ""type"": ""Point""
}","{
  ""coordinates"": [
    -82.982359759,
    42.369638451
  ],
  ""type"": ""Point""
}",-82.982359759,42.3696384510001
23758,1498567,DAVISON,LA SALLE,2018-10-13,13,10,2018,22,7,1,3,,1,0,Asphalt,1,1,4,25,2,1,0,5,0,0,0,0,true,false,false,false,true,false,false,false,false,false,false,true,false,false,false,false,false,false,false,false,false,false,-83.11922,42.39406,"{
  ""coordinates"": [
    -8.311922161315330e+01,
    4.239406105379230e+01
  ],
  ""type"": ""Point""
}","{
  ""coordinates"": [
    -83.119221613,
    42.394061054
  ],
  ""type"": ""Point""
}",-83.119221613,42.3940610540001
23759,1499604,LIVERNOIS,HORATIO,2018-10-13,13,10,2018,6,7,4,9,,4,0,Asphalt,1,1,4,35,5,2,1,5,0,0,0,0,true,false,false,false,true,false,false,false,false,false,false,false,false,false,false,false,false,false,false,false,false,false,-83.12376,42.33582,"{
  ""coordinates"": [
    -8.312376102210391e+01,
    4.233581593285280e+01
  ],
  ""type"": ""Point""
}","{
  ""coordinates"": [
    -83.123761022,
    42.335815933
  ],
  ""type"": ""Point""
}",-83.1237610219999,42.335815933
23760,1498629,7 MILE,STANSBURY,2018-10-13,13,10,2018,7,7,1,9,,2,0,Asphalt,1,2,1,30,4,1,1,4,0,0,0,1,false,false,false,false,false,false,false,false,false,false,false,false,false,false,false,false,false,false,false,false,false,false,-83.18404,42.43095,"{
  ""coordinates"": [
    -8.318403565790651e+01,
    4.243095012540120e+01
  ],
  ""type"": ""Point""
}","{
  ""coordinates"": [
    -83.184035658,
    42.430950125
  ],
  ""type"": ""Point""
}",-83.184035658,42.430950125
23761,1637094,CHANDLER,LODEWYCK,2018-10-13,13,10,2018,23,7,4,9,,2,0,Asphalt,1,1,4,35,2,2,4,4,0,0,0,2,false,false,true,false,false,false,false,false,false,false,false,false,false,false,false,false,false,false,false,false,false,false,-82.92374,42.41458,"{
  ""coordinates"": [
    -8.292373284072990e+01,
    4.241457850808750e+01
  ],
  ""type"": ""Point""
}","{
  ""coordinates"": [
    -82.923732841,
    42.414578508
  ],
  ""type"": ""Point""
}",-82.9237328409999,42.414578508
23762,1499648,MCNICHOLS,DAVISON,2018-10-13,13,10,2018,8,7,8,9,,4,0,Asphalt,1,1,2,35,2,2,1,5,0,0,0,0,true,false,false,false,false,false,false,false,false,false,false,false,false,false,false,false,false,false,false,false,false,false,-83.05283,42.41887,"{
  ""coordinates"": [
    -8.305282969719900e+01,
    4.241886337289810e+01
  ],
  ""type"": ""Point""
}","{
  ""coordinates"": [
    -83.052829697,
    42.418863373
  ],
  ""type"": ""Point""
}",-83.0528296969999,42.4188633730001
23763,1498534,7 MILE,WOODBINE,2018-10-13,13,10,2018,2,7,97,9,,2,0,Asphalt,2,4,4,35,2,3,1,5,0,0,0,0,true,false,false,false,false,true,false,false,false,false,false,false,false,false,false,false,false,false,false,false,false,false,-83.27891,42.42889,"{
  ""coordinates"": [
    -8.327890960481270e+01,
    4.242889272297310e+01
  ],
  ""type"": ""Point""
}","{
  ""coordinates"": [
    -83.278909605,
    42.428892723
  ],
  ""type"": ""Point""
}",-83.278909605,42.428892723
23764,1498514,OUTER,PLYMOUTH,2018-10-13,13,10,2018,19,7,8,9,,2,0,Asphalt,1,1,4,25,4,2,2,5,0,0,0,0,true,false,false,false,true,false,false,false,false,false,false,false,false,false,false,false,false,false,false,false,false,false,-83.26096,42.37433,"{
  ""coordinates"": [
    -8.326095859408591e+01,
    4.237433302209310e+01
  ],
  ""type"": ""Point""
}","{
  ""coordinates"": [
    -83.260958594,
    42.374333022
  ],
  ""type"": ""Point""
}",-83.260958594,42.374333022
23765,1498569,DAVISON,LIVERNOIS,2018-10-13,13,10,2018,13,7,5,3,,1,0,Concrete,1,1,1,30,4,2,2,5,0,0,0,0,true,false,false,false,false,false,false,false,false,false,false,false,false,false,false,false,false,false,false,false,false,false,-83.13937,42.38651,"{
  ""coordinates"": [
    -8.313937247928050e+01,
    4.238650676763270e+01
  ],
  ""type"": ""Point""
}","{
  ""coordinates"": [
    -83.139372479,
    42.386506768
  ],
  ""type"": ""Point""
}",-83.139372479,42.3865067680001
23766,1499620,GRAYFIELD,FENKELL,2018-10-13,13,10,2018,15,7,1,9,,,1,,1,1,1,25,2,1,2,5,0,0,0,0,true,false,false,false,false,true,false,false,false,false,false,false,false,false,false,false,false,false,false,false,false,false,-83.26903,42.40015,"{
  ""coordinates"": [
    -8.326902457126440e+01,
    4.240014681970440e+01
  ],
  ""type"": ""Point""
}","{
  ""coordinates"": [
    -83.269024571,
    42.40014682
  ],
  ""type"": ""Point""
}",-83.269024571,42.40014682
23767,1498493,ST MARYS,TROJAN,2018-10-13,13,10,2018,10,7,4,9,,,0,,1,1,4,25,2,2,2,5,0,0,0,0,true,false,false,false,false,false,false,false,false,false,false,false,false,false,false,false,false,false,false,false,false,false,-83.2078,42.44135,"{
  ""coordinates"": [
    -8.320780028527290e+01,
    4.244134385389260e+01
  ],
  ""type"": ""Point""
}","{
  ""coordinates"": [
    -83.207800285,
    42.441343854
  ],
  ""type"": ""Point""
}",-83.207800285,42.4413438540001