ObjectId,Crash ID,Primary Road,Intersecting Road,Crash Date,Day,Month,Year,Hour,Weekday,Crash Type Code,Highway Classification Code,Community Code,Jurisdiction Code,Lane Departure Type Code,Surface Type,Road Condition,Weather Condition,Lighting Condition,Speed Limit,Lanes,Units,Occupants,Most Severe Injury,Fatal Injuries,Suspected Serious Injuries,Suspected Minor Injuries,Possible Injuries,Property Damage Only,Secondary Crash,Traffic Control,Red Light Run,Hit and Run,Alcohol,Drugs,Unbelted Person,Work Zone,Speeding Driver,Distracted Driver,Driveway,Pedestrian,Elderly Driver,Young Driver,Commercial Vehicle,Emergency Vehicles,Train,School Bus,Motorcycle,Bicycle,Deer,Longitude,Latitude,geom,geog,x,y
23768,1500744,FOREST,BURNS,2018-10-13,13,10,2018,11,7,2,9,,4,2,Asphalt,1,1,1,25,2,2,3,5,0,0,0,0,true,false,true,false,false,false,false,false,false,false,false,false,false,false,true,false,false,false,false,false,false,false,-83.00515,42.37622,"{
  ""coordinates"": [
    -8.300515046142461e+01,
    4.237621974750570e+01
  ],
  ""type"": ""Point""
}","{
  ""coordinates"": [
    -83.005150461,
    42.376219748
  ],
  ""type"": ""Point""
}",-83.005150461,42.376219748
23769,1514470,JEFFERSON,BATES,2018-10-13,13,10,2018,8,7,8,3,,1,0,Asphalt,1,1,1,35,3,2,2,5,0,0,0,0,true,false,false,false,false,false,false,false,false,false,false,false,false,false,false,false,false,false,false,false,false,false,-83.04344,42.32894,"{
  ""coordinates"": [
    -8.304344475620060e+01,
    4.232894047693600e+01
  ],
  ""type"": ""Point""
}","{
  ""coordinates"": [
    -83.043444756,
    42.328940477
  ],
  ""type"": ""Point""
}",-83.043444756,42.3289404770001
23770,1505293,KELLY,HAYES,2018-10-13,13,10,2018,11,7,8,9,,4,0,Asphalt,1,1,1,30,2,2,1,5,0,0,0,0,true,false,false,false,true,false,false,false,false,false,false,false,false,false,false,false,false,false,false,false,false,false,-82.96494,42.41887,"{
  ""coordinates"": [
    -8.296493464561750e+01,
    4.241886699563480e+01
  ],
  ""type"": ""Point""
}","{
  ""coordinates"": [
    -82.964934646,
    42.418866996
  ],
  ""type"": ""Point""
}",-82.964934646,42.4188669960001
23771,1499615,CLYBURN,MAJESTIC,2018-10-13,13,10,2018,22,7,97,9,,,0,,1,1,4,25,1,2,0,5,0,0,0,0,true,false,false,false,true,false,false,false,false,false,false,false,false,false,false,false,false,false,false,false,false,false,-83.21169,42.34637,"{
  ""coordinates"": [
    -8.321168990794570e+01,
    4.234637039845220e+01
  ],
  ""type"": ""Point""
}","{
  ""coordinates"": [
    -83.211689908,
    42.346370398
  ],
  ""type"": ""Point""
}",-83.211689908,42.346370398
23772,1507769,16TH,FOREST,2018-10-13,13,10,2018,20,7,5,9,,,0,,1,1,4,25,2,2,1,4,0,0,0,1,false,false,false,false,true,false,false,false,false,false,false,false,false,false,false,false,false,false,false,false,false,false,-83.08741,42.34602,"{
  ""coordinates"": [
    -8.308741244585670e+01,
    4.234601941584910e+01
  ],
  ""type"": ""Point""
}","{
  ""coordinates"": [
    -83.087412446,
    42.346019416
  ],
  ""type"": ""Point""
}",-83.087412446,42.346019416
23773,1511575,MOUND,DAVISON,2018-10-13,13,10,2018,2,7,4,9,,2,0,Asphalt,2,4,4,35,4,2,2,5,0,0,0,0,true,false,false,false,true,false,false,false,false,true,false,false,false,false,true,false,false,false,false,false,false,false,-83.0432,42.42245,"{
  ""coordinates"": [
    -8.304319871247350e+01,
    4.242245318957150e+01
  ],
  ""type"": ""Point""
}","{
  ""coordinates"": [
    -83.043198712,
    42.42245319
  ],
  ""type"": ""Point""
}",-83.0431987119999,42.4224531900001
23774,1499618,W I 94,CHENE,2018-10-13,13,10,2018,8,7,97,1,,1,0,Concrete,1,1,1,55,3,2,2,5,0,0,0,0,true,false,false,false,true,false,false,false,false,false,false,false,false,false,false,false,false,false,false,false,false,false,-83.0463,42.37447,"{
  ""coordinates"": [
    -8.304630133618861e+01,
    4.237446678798260e+01
  ],
  ""type"": ""Point""
}","{
  ""coordinates"": [
    -83.046301336,
    42.374466788
  ],
  ""type"": ""Point""
}",-83.0463013359999,42.3744667880001
23775,1499619,8 MILE,TRINITY,2018-10-13,13,10,2018,19,7,4,3,,1,0,Asphalt,1,1,1,40,2,2,2,5,0,0,0,0,true,false,true,true,false,true,false,false,false,false,false,false,false,false,false,false,false,false,false,false,false,false,-83.25034,42.44346,"{
  ""coordinates"": [
    -8.325033867874750e+01,
    4.244345844846660e+01
  ],
  ""type"": ""Point""
}","{
  ""coordinates"": [
    -83.250338679,
    42.443458448
  ],
  ""type"": ""Point""
}",-83.250338679,42.4434584480001
23776,1498529,TELEGRAPH,7 MILE,2018-10-12,12,10,2018,17,6,10,2,,1,0,Asphalt,2,4,1,50,3,2,1,5,0,0,0,0,true,false,true,true,true,false,false,false,false,false,false,false,false,false,false,false,false,false,false,false,false,false,-83.27799,42.42889,"{
  ""coordinates"": [
    -8.327798975851640e+01,
    4.242889055213930e+01
  ],
  ""type"": ""Point""
}","{
  ""coordinates"": [
    -83.277989759,
    42.428890552
  ],
  ""type"": ""Point""
}",-83.277989759,42.428890552
23777,1498563,DAVISON,DEXTER,2018-10-12,12,10,2018,15,6,4,3,,1,0,Asphalt,1,1,1,35,6,2,1,5,0,0,0,0,true,false,false,false,true,false,false,false,false,false,false,false,false,false,false,false,false,false,false,false,false,false,-83.13087,42.38974,"{
  ""coordinates"": [
    -8.313087251518870e+01,
    4.238974320806730e+01
  ],
  ""type"": ""Point""
}","{
  ""coordinates"": [
    -83.130872515,
    42.389743208
  ],
  ""type"": ""Point""
}",-83.130872515,42.389743208
23778,1498356,E/B I-94,I-75,2018-10-12,12,10,2018,18,6,5,1,,1,0,Concrete,2,4,1,55,3,2,3,5,0,0,0,0,true,false,false,false,false,false,false,false,false,false,false,false,false,true,false,false,false,false,false,false,false,false,-83.0565,42.36949,"{
  ""coordinates"": [
    -8.305649715805509e+01,
    4.236948815344860e+01
  ],
  ""type"": ""Point""
}","{
  ""coordinates"": [
    -83.056497158,
    42.369488153
  ],
  ""type"": ""Point""
}",-83.056497158,42.3694881530001
23779,1498395,S M 39,W I 96,2018-10-12,12,10,2018,8,6,8,3,,1,0,Asphalt,1,2,1,55,3,2,2,5,0,0,0,0,true,false,false,false,false,false,false,false,false,false,false,false,false,false,false,false,false,false,false,false,false,false,-83.21712,42.3788,"{
  ""coordinates"": [
    -8.321711743269790e+01,
    4.237880395739660e+01
  ],
  ""type"": ""Point""
}","{
  ""coordinates"": [
    -83.217117433,
    42.378803957
  ],
  ""type"": ""Point""
}",-83.2171174329999,42.3788039570001
23780,1498528,MCNICHOLS,GREENFIELD,2018-10-12,12,10,2018,8,6,4,9,,2,0,Asphalt,1,1,1,35,2,2,2,5,0,0,0,0,true,false,false,false,false,false,false,false,false,false,false,false,false,false,false,false,false,false,false,false,false,false,-83.19921,42.41599,"{
  ""coordinates"": [
    -8.319921157941580e+01,
    4.241598664597780e+01
  ],
  ""type"": ""Point""
}","{
  ""coordinates"": [
    -83.199211579,
    42.415986646
  ],
  ""type"": ""Point""
}",-83.199211579,42.4159866460001
23781,1498627,SORRENTO,OUTER,2018-10-12,12,10,2018,14,6,4,9,,,0,,1,2,1,25,1,2,2,5,0,0,0,0,true,false,false,false,false,false,false,false,false,false,false,false,false,true,false,false,false,false,false,false,false,false,-83.17412,42.43466,"{
  ""coordinates"": [
    -8.317411937454040e+01,
    4.243465933536970e+01
  ],
  ""type"": ""Point""
}","{
  ""coordinates"": [
    -83.174119375,
    42.434659335
  ],
  ""type"": ""Point""
}",-83.174119375,42.434659335
23782,1498468,WOODWARD,BLAINE,2018-10-12,12,10,2018,17,6,5,3,,1,0,Asphalt,2,4,3,35,3,2,2,4,0,0,0,1,false,false,false,false,false,false,false,false,false,false,false,false,false,false,false,false,false,false,false,false,false,false,-83.07961,42.37965,"{
  ""coordinates"": [
    -8.307960871710949e+01,
    4.237964979912750e+01
  ],
  ""type"": ""Point""
}","{
  ""coordinates"": [
    -83.079608717,
    42.379649799
  ],
  ""type"": ""Point""
}",-83.079608717,42.379649799
23783,1541306,RAMP 938F,ROSA PARKS,2018-10-12,12,10,2018,15,6,8,1,,1,0,Asphalt,1,1,1,55,3,2,1,5,0,0,0,0,true,false,false,false,true,false,false,false,false,false,false,false,false,false,false,false,false,false,false,false,false,false,-83.07292,42.33369,"{
  ""coordinates"": [
    -8.307291875686880e+01,
    4.233368754325490e+01
  ],
  ""type"": ""Point""
}","{
  ""coordinates"": [
    -83.072918757,
    42.333687543
  ],
  ""type"": ""Point""
}",-83.072918757,42.3336875430001
23784,1498470,GRAND,LODGE S D,2018-10-12,12,10,2018,13,6,4,9,,4,0,Concrete,1,2,1,30,6,2,1,5,0,0,0,0,true,false,false,false,true,false,false,false,false,false,false,false,false,false,false,false,false,false,false,false,false,false,-83.08151,42.36731,"{
  ""coordinates"": [
    -8.308151387274660e+01,
    4.236730438854880e+01
  ],
  ""type"": ""Point""
}","{
  ""coordinates"": [
    -83.081513873,
    42.367304389
  ],
  ""type"": ""Point""
}",-83.0815138729999,42.367304389
23785,1498517,GEORGIA,MOUNT ELLIOTT,2018-10-12,12,10,2018,22,6,2,9,,,2,,2,4,4,35,2,2,2,5,0,0,0,0,true,false,false,false,true,false,false,false,false,false,false,false,false,false,false,false,false,false,false,false,false,false,-83.03747,42.39312,"{
  ""coordinates"": [
    -8.303746770050179e+01,
    4.239312046924110e+01
  ],
  ""type"": ""Point""
}","{
  ""coordinates"": [
    -83.037467701,
    42.393120469
  ],
  ""type"": ""Point""
}",-83.037467701,42.3931204690001
23786,1542264,STURTEVANT,DEXTER,2018-10-12,12,10,2018,12,6,4,9,,,0,,1,2,1,35,2,2,1,5,0,0,0,0,true,false,false,false,true,false,false,false,false,false,true,false,false,false,false,false,false,false,false,false,false,false,-83.12732,42.38441,"{
  ""coordinates"": [
    -8.312731964517020e+01,
    4.238440665411960e+01
  ],
  ""type"": ""Point""
}","{
  ""coordinates"": [
    -83.127319645,
    42.384406654
  ],
  ""type"": ""Point""
}",-83.1273196449999,42.384406654
23787,1498500,MARSEILLES,CHANDLER PARK,2018-10-12,12,10,2018,16,6,4,9,,,0,,1,1,1,25,4,2,2,4,0,0,0,1,false,false,false,false,false,false,false,false,false,false,false,false,false,false,false,false,false,false,false,false,false,false,-82.92455,42.41409,"{
  ""coordinates"": [
    -8.292454292575280e+01,
    4.241409293773830e+01
  ],
  ""type"": ""Point""
}","{
  ""coordinates"": [
    -82.924542926,
    42.414092938
  ],
  ""type"": ""Point""
}",-82.924542926,42.4140929380001
23788,1498377,W I 96,SOUTHFIELD SERVICE DRIVE,2018-10-12,12,10,2018,6,6,5,1,,1,0,Concrete,1,2,4,55,3,2,1,5,0,0,0,0,true,false,false,false,true,false,false,false,false,false,false,false,false,false,true,false,false,false,false,false,false,false,-83.21497,42.37882,"{
  ""coordinates"": [
    -8.321496979461671e+01,
    4.237882075808200e+01
  ],
  ""type"": ""Point""
}","{
  ""coordinates"": [
    -83.214969795,
    42.378820758
  ],
  ""type"": ""Point""
}",-83.2149697949999,42.3788207580001
23789,1499641,BELAND,7 MILE,2018-10-12,12,10,2018,23,6,97,9,,,0,,2,1,4,25,2,2,2,4,0,0,0,1,false,false,false,false,false,false,false,false,false,false,false,false,false,false,false,false,false,false,false,false,false,false,-83.00892,42.4346,"{
  ""coordinates"": [
    -8.300891603037201e+01,
    4.243459676354700e+01
  ],
  ""type"": ""Point""
}","{
  ""coordinates"": [
    -83.00891603,
    42.434596764
  ],
  ""type"": ""Point""
}",-83.00891603,42.434596764
23790,1515566,SORRENTO,MARGARETA,2018-10-12,12,10,2018,7,6,4,9,,,0,,1,1,1,25,1,2,3,4,0,0,0,2,false,false,false,false,false,false,false,false,false,false,false,false,false,false,true,false,false,false,false,false,false,false,-83.17406,42.42761,"{
  ""coordinates"": [
    -8.317406310902140e+01,
    4.242760675558440e+01
  ],
  ""type"": ""Point""
}","{
  ""coordinates"": [
    -83.174063109,
    42.427606756
  ],
  ""type"": ""Point""
}",-83.174063109,42.427606756
23791,1498518,MCDOUGALL,FRANKLIN,2018-10-12,12,10,2018,23,6,5,9,,,0,,2,4,4,25,2,3,0,5,0,0,0,0,true,false,false,false,true,false,false,false,false,false,false,false,false,false,false,false,false,false,false,false,false,false,-83.01705,42.33904,"{
  ""coordinates"": [
    -8.301705163054029e+01,
    4.233903589109480e+01
  ],
  ""type"": ""Point""
}","{
  ""coordinates"": [
    -83.017051631,
    42.339035891
  ],
  ""type"": ""Point""
}",-83.017051631,42.339035891
23792,1501497,7 MILE,N I 75,2018-10-12,12,10,2018,14,6,5,9,,4,0,Concrete,1,1,1,35,4,2,3,5,0,0,0,0,true,false,false,false,true,false,false,false,false,false,false,false,false,false,false,false,false,false,false,false,false,false,-83.09472,42.43248,"{
  ""coordinates"": [
    -8.309472129182009e+01,
    4.243248110400650e+01
  ],
  ""type"": ""Point""
}","{
  ""coordinates"": [
    -83.094721292,
    42.432481104
  ],
  ""type"": ""Point""
}",-83.094721292,42.432481104
23793,1510442,I-94,MORANGE,2018-10-12,12,10,2018,20,6,5,1,,1,0,Asphalt,2,4,4,55,3,2,2,5,0,0,0,0,true,true,false,false,false,false,false,false,false,false,false,false,false,false,false,false,false,false,false,false,false,false,-82.93387,42.41916,"{
  ""coordinates"": [
    -8.293386590146871e+01,
    4.241915846179640e+01
  ],
  ""type"": ""Point""
}","{
  ""coordinates"": [
    -82.933865901,
    42.419158462
  ],
  ""type"": ""Point""
}",-82.933865901,42.419158462
23794,1498559,HOLMUR,FENKELL,2018-10-12,12,10,2018,8,6,2,9,,,2,,1,1,1,15,2,2,0,5,0,0,0,0,true,false,false,false,false,false,false,false,false,false,false,false,false,false,false,false,false,false,false,false,false,false,-83.1368,42.40274,"{
  ""coordinates"": [
    -8.313679890201119e+01,
    4.240274245075300e+01
  ],
  ""type"": ""Point""
}","{
  ""coordinates"": [
    -83.136798902,
    42.402742451
  ],
  ""type"": ""Point""
}",-83.136798902,42.4027424510001
23795,1498422,S M 39,RAMP 008F,2018-10-12,12,10,2018,19,6,5,3,,1,0,Asphalt,2,4,4,55,3,2,1,5,0,0,0,0,true,false,false,false,true,false,false,false,false,false,false,false,false,true,false,false,false,false,false,false,false,false,-83.21713,42.37893,"{
  ""coordinates"": [
    -8.321712908289010e+01,
    4.237892433815560e+01
  ],
  ""type"": ""Point""
}","{
  ""coordinates"": [
    -83.217129083,
    42.378924338
  ],
  ""type"": ""Point""
}",-83.217129083,42.378924338
23796,1498519,MACK,S I 75,2018-10-12,12,10,2018,12,6,9,9,,4,0,Asphalt,1,1,1,25,3,2,4,5,0,0,0,0,true,false,false,false,false,false,false,false,false,false,false,false,false,false,false,false,false,false,false,false,false,false,-83.04811,42.35111,"{
  ""coordinates"": [
    -8.304810814355631e+01,
    4.235110828655410e+01
  ],
  ""type"": ""Point""
}","{
  ""coordinates"": [
    -83.048108144,
    42.351108287
  ],
  ""type"": ""Point""
}",-83.048108144,42.351108287
23797,1502714,N I 75 SERVICE DRIVE,GRAND RIVER,2018-10-12,12,10,2018,22,6,8,3,,1,0,Asphalt,2,4,4,25,4,2,4,5,0,0,0,0,true,false,false,false,false,false,false,false,false,false,false,false,false,false,false,false,false,false,false,false,false,false,-83.05888,42.33636,"{
  ""coordinates"": [
    -8.305887534298550e+01,
    4.233636209679120e+01
  ],
  ""type"": ""Point""
}","{
  ""coordinates"": [
    -83.058875343,
    42.336362097
  ],
  ""type"": ""Point""
}",-83.058875343,42.3363620970001
23798,1498541,CARLISLE,ANVIL,2018-10-12,12,10,2018,16,6,4,9,,,0,,1,2,1,25,2,2,2,5,0,0,0,0,true,false,false,false,false,false,false,false,false,false,false,true,false,false,false,false,false,false,false,false,false,false,-82.97788,42.44867,"{
  ""coordinates"": [
    -8.297788204691850e+01,
    4.244867473629960e+01
  ],
  ""type"": ""Point""
}","{
  ""coordinates"": [
    -82.977882047,
    42.448674736
  ],
  ""type"": ""Point""
}",-82.977882047,42.448674736
23799,1498542,7 MILE,CHALMERS,2018-10-12,12,10,2018,19,6,3,9,,2,0,Asphalt,2,4,3,30,3,2,3,5,0,0,0,0,true,false,true,true,false,false,false,false,false,false,false,false,false,false,false,false,false,false,false,false,false,false,-82.97521,42.43513,"{
  ""coordinates"": [
    -8.297521336651900e+01,
    4.243513468331490e+01
  ],
  ""type"": ""Point""
}","{
  ""coordinates"": [
    -82.975213367,
    42.435134683
  ],
  ""type"": ""Point""
}",-82.975213367,42.4351346830001
23800,1498516,ELMWOOD,CANFIELD,2018-10-12,12,10,2018,17,6,4,9,,,0,,2,2,1,25,2,2,2,5,0,0,0,0,true,false,true,false,false,false,false,false,false,false,true,false,false,false,false,false,false,false,false,false,false,false,-83.03144,42.36391,"{
  ""coordinates"": [
    -8.303143883036070e+01,
    4.236390589802000e+01
  ],
  ""type"": ""Point""
}","{
  ""coordinates"": [
    -83.03143883,
    42.363905898
  ],
  ""type"": ""Point""
}",-83.03143883,42.363905898
23801,1498488,ELIZABETH,CASS,2018-10-12,12,10,2018,18,6,98,9,,4,0,Asphalt,2,4,4,35,2,1,1,5,0,0,0,0,true,false,false,false,false,false,false,false,false,false,false,false,false,false,false,false,false,false,false,false,false,false,-83.05516,42.33601,"{
  ""coordinates"": [
    -8.305516429546870e+01,
    4.233601342829030e+01
  ],
  ""type"": ""Point""
}","{
  ""coordinates"": [
    -83.055164295,
    42.336013428
  ],
  ""type"": ""Point""
}",-83.0551642949999,42.3360134280001
23802,1498441,S M 39,RAMP 008M,2018-10-12,12,10,2018,8,6,5,3,,1,0,Asphalt,1,1,2,55,4,2,2,5,0,0,0,0,true,false,false,false,false,false,false,false,false,false,false,false,false,false,false,false,false,false,false,false,false,false,-83.21711,42.37869,"{
  ""coordinates"": [
    -8.321710851787770e+01,
    4.237869297818140e+01
  ],
  ""type"": ""Point""
}","{
  ""coordinates"": [
    -83.217108518,
    42.378692978
  ],
  ""type"": ""Point""
}",-83.217108518,42.3786929780001
23803,1507752,N I 75 SERVICE DRIVE,SAVANNAH,2018-10-12,12,10,2018,17,6,5,9,,4,0,Asphalt,2,4,4,70,4,5,9,4,0,0,0,2,false,false,false,false,false,false,false,false,false,false,false,false,false,false,true,false,false,false,false,false,false,false,-83.09321,42.42569,"{
  ""coordinates"": [
    -8.309320994666891e+01,
    4.242569251020590e+01
  ],
  ""type"": ""Point""
}","{
  ""coordinates"": [
    -83.093209947,
    42.42569251
  ],
  ""type"": ""Point""
}",-83.0932099469999,42.42569251
23804,1498510,S M 39,PLYMOUTH,2018-10-12,12,10,2018,21,6,8,3,,1,0,Asphalt,2,4,4,55,3,2,2,5,0,0,0,0,true,false,false,false,false,false,false,false,false,true,false,false,false,false,false,false,false,false,false,false,false,false,-83.21679,42.37268,"{
  ""coordinates"": [
    -8.321679011091921e+01,
    4.237268415338790e+01
  ],
  ""type"": ""Point""
}","{
  ""coordinates"": [
    -83.216790111,
    42.372684153
  ],
  ""type"": ""Point""
}",-83.216790111,42.3726841530001
23805,1498562,SCHAEFER,MCNICHOLS,2018-10-12,12,10,2018,9,6,8,9,,4,0,Asphalt,1,1,1,30,4,2,2,5,0,0,0,0,true,false,false,false,false,false,false,false,false,false,false,false,false,false,false,false,false,false,false,false,false,false,-83.1798,42.41647,"{
  ""coordinates"": [
    -8.317980017477920e+01,
    4.241646447675050e+01
  ],
  ""type"": ""Point""
}","{
  ""coordinates"": [
    -83.179800175,
    42.416464477
  ],
  ""type"": ""Point""
}",-83.179800175,42.416464477
23806,1498550,WYOMING,ELLSWORTH,2018-10-12,12,10,2018,16,6,3,9,,4,0,Asphalt,2,2,1,30,5,2,2,5,0,0,0,0,true,false,false,false,false,false,false,false,false,false,false,true,false,false,false,false,false,false,false,false,false,false,-83.15964,42.40164,"{
  ""coordinates"": [
    -8.315963641816700e+01,
    4.240164213071740e+01
  ],
  ""type"": ""Point""
}","{
  ""coordinates"": [
    -83.159636418,
    42.401642131
  ],
  ""type"": ""Point""
}",-83.1596364179999,42.4016421310001
23807,1499632,KELLY,TROESTER,2018-10-12,12,10,2018,21,6,4,9,,4,0,Asphalt,2,4,4,35,2,2,4,5,0,0,0,0,true,false,false,false,false,false,false,false,false,false,false,false,false,false,false,false,false,false,false,false,false,false,-82.95947,42.42611,"{
  ""coordinates"": [
    -8.295946640300140e+01,
    4.242611497780600e+01
  ],
  ""type"": ""Point""
}","{
  ""coordinates"": [
    -82.959466403,
    42.426114978
  ],
  ""type"": ""Point""
}",-82.959466403,42.426114978
23808,1498347,N M 39,TIREMAN,2018-10-12,12,10,2018,7,6,5,3,,1,0,Asphalt,1,2,1,55,3,2,2,4,0,0,0,1,false,false,false,false,false,false,false,false,false,false,true,false,false,false,true,false,true,false,false,false,false,false,-83.21626,42.35042,"{
  ""coordinates"": [
    -8.321626321863150e+01,
    4.235041816007470e+01
  ],
  ""type"": ""Point""
}","{
  ""coordinates"": [
    -83.216263219,
    42.35041816
  ],
  ""type"": ""Point""
}",-83.216263219,42.3504181600001
23809,1499594,WARREN,MCDONALD,2018-10-12,12,10,2018,12,6,97,9,,2,0,Asphalt,1,1,1,35,5,3,2,4,0,0,0,1,false,false,false,false,false,false,false,true,false,false,false,false,false,false,true,false,false,false,false,false,false,false,-83.14735,42.34472,"{
  ""coordinates"": [
    -8.314735294353279e+01,
    4.234471393544460e+01
  ],
  ""type"": ""Point""
}","{
  ""coordinates"": [
    -83.147352944,
    42.344713935
  ],
  ""type"": ""Point""
}",-83.147352944,42.3447139350001
23810,1520278,HARLOW,CAMBRIDGE,2018-10-12,12,10,2018,18,6,4,9,,,0,,2,4,1,25,4,2,2,4,0,0,0,1,false,false,true,false,true,false,false,false,false,false,false,false,false,false,false,false,false,false,false,false,false,false,-83.21619,42.4319,"{
  ""coordinates"": [
    -8.321619436276860e+01,
    4.243190549667130e+01
  ],
  ""type"": ""Point""
}","{
  ""coordinates"": [
    -83.216194363,
    42.431905497
  ],
  ""type"": ""Point""
}",-83.2161943629999,42.4319054970001
23811,1498456,SCHAEFER/W I 96,SCHAEFER,2018-10-12,12,10,2018,14,6,8,1,,1,0,Asphalt,1,1,1,25,5,2,1,5,0,0,0,0,true,false,false,false,false,false,false,false,false,false,false,false,false,true,false,false,false,false,false,false,false,false,-83.17838,42.38381,"{
  ""coordinates"": [
    -8.317838320563330e+01,
    4.238381004973940e+01
  ],
  ""type"": ""Point""
}","{
  ""coordinates"": [
    -83.178383206,
    42.38381005
  ],
  ""type"": ""Point""
}",-83.178383206,42.3838100500001
23812,1502696,M 39,8 MILE,2018-10-12,12,10,2018,7,6,5,3,,1,0,Concrete,4,1,1,55,3,2,1,4,0,0,0,1,false,false,false,false,true,false,false,false,false,false,false,false,false,false,false,false,false,false,false,false,false,false,-83.21968,42.44272,"{
  ""coordinates"": [
    -8.321967767200040e+01,
    4.244272225246330e+01
  ],
  ""type"": ""Point""
}","{
  ""coordinates"": [
    -83.219677672,
    42.442722252
  ],
  ""type"": ""Point""
}",-83.219677672,42.4427222520001
23813,1498504,GRANDVILLE,SAINT MARTINS,2018-10-12,12,10,2018,5,6,9,9,,,2,,1,1,5,,2,2,1,5,0,0,0,0,true,false,false,false,false,false,false,false,false,false,false,false,false,true,false,false,false,false,false,false,false,false,-83.23267,42.4352,"{
  ""coordinates"": [
    -8.323267227155350e+01,
    4.243519594020850e+01
  ],
  ""type"": ""Point""
}","{
  ""coordinates"": [
    -83.232672272,
    42.43519594
  ],
  ""type"": ""Point""
}",-83.2326722719999,42.43519594
23814,1498570,LASALLE,CLEMENTS,2018-10-12,12,10,2018,17,6,4,9,,,0,,2,4,1,20,2,2,1,5,0,0,0,0,true,false,false,false,false,false,false,false,false,false,false,false,false,false,false,false,false,false,false,false,false,false,-83.1198,42.39509,"{
  ""coordinates"": [
    -8.311980490811320e+01,
    4.239509057313100e+01
  ],
  ""type"": ""Point""
}","{
  ""coordinates"": [
    -83.119804908,
    42.395090573
  ],
  ""type"": ""Point""
}",-83.1198049079999,42.3950905730001
23815,1502700,S I 375 SERVICE DRIVE,LARNED,2018-10-12,12,10,2018,19,6,8,9,,4,0,Asphalt,2,4,4,25,2,2,4,5,0,0,0,0,true,false,false,false,false,false,false,false,false,false,false,false,false,false,false,true,false,false,false,false,false,false,-83.03683,42.33329,"{
  ""coordinates"": [
    -8.303683813279370e+01,
    4.233328750683990e+01
  ],
  ""type"": ""Point""
}","{
  ""coordinates"": [
    -83.036838133,
    42.333287507
  ],
  ""type"": ""Point""
}",-83.0368381329999,42.3332875070001
23816,1507743,S I 75,E I 96,2018-10-12,12,10,2018,17,6,5,1,,1,0,Asphalt,2,4,3,55,2,2,2,4,0,0,0,2,false,false,false,false,false,false,false,false,false,false,false,false,false,true,false,false,false,false,false,false,false,false,-83.08252,42.31969,"{
  ""coordinates"": [
    -8.308252064952110e+01,
    4.231969414353350e+01
  ],
  ""type"": ""Point""
}","{
  ""coordinates"": [
    -83.08252065,
    42.319694144
  ],
  ""type"": ""Point""
}",-83.0825206499999,42.319694144
23817,1497087,BIRWOOD,CHALFONTE,2018-10-12,12,10,2018,4,6,98,9,,,3,,1,1,4,25,2,2,1,5,0,0,0,0,true,false,false,false,false,false,false,false,false,false,false,false,false,false,false,false,false,false,false,false,false,false,-83.16383,42.4,"{
  ""coordinates"": [
    -8.316382513099001e+01,
    4.240000230115330e+01
  ],
  ""type"": ""Point""
}","{
  ""coordinates"": [
    -83.163825131,
    42.400002301
  ],
  ""type"": ""Point""
}",-83.163825131,42.400002301
23818,1510453,N I 75,RAMP 216D,2018-10-12,12,10,2018,15,6,5,1,,1,0,Asphalt,1,2,1,55,4,3,4,4,0,0,0,3,false,false,false,false,false,false,false,false,false,false,false,false,false,false,false,true,false,false,false,false,false,false,-83.0579,42.36845,"{
  ""coordinates"": [
    -8.305789570283960e+01,
    4.236844774141880e+01
  ],
  ""type"": ""Point""
}","{
  ""coordinates"": [
    -83.057895703,
    42.368447741
  ],
  ""type"": ""Point""
}",-83.057895703,42.3684477410001
23819,1502768,WOODWARD,HARPER,2018-10-12,12,10,2018,16,6,3,3,,1,0,Asphalt,1,2,1,30,6,2,2,5,0,0,0,0,true,false,false,false,false,false,false,false,false,false,false,false,false,false,false,false,false,false,false,false,false,false,-83.06995,42.36515,"{
  ""coordinates"": [
    -8.306994671855971e+01,
    4.236515099371160e+01
  ],
  ""type"": ""Point""
}","{
  ""coordinates"": [
    -83.069946719,
    42.365150994
  ],
  ""type"": ""Point""
}",-83.069946719,42.365150994
23820,1499634,GRATIOT,JOANN,2018-10-12,12,10,2018,8,6,7,3,,1,0,Asphalt,1,1,1,35,8,2,2,5,0,0,0,0,true,false,false,false,false,false,false,false,false,false,false,false,false,false,false,false,false,false,false,false,false,false,-82.98557,42.42313,"{
  ""coordinates"": [
    -8.298557103023511e+01,
    4.242313219938940e+01
  ],
  ""type"": ""Point""
}","{
  ""coordinates"": [
    -82.98557103,
    42.423132199
  ],
  ""type"": ""Point""
}",-82.98557103,42.4231321990001
23821,1498460,I 96 SERVICE,GRANDRIVER,2018-10-12,12,10,2018,11,6,8,1,,1,0,Asphalt,1,2,1,35,4,2,2,5,0,0,0,0,true,false,false,false,false,false,false,false,false,false,false,false,false,false,false,false,false,false,false,false,false,false,-83.17516,42.38331,"{
  ""coordinates"": [
    -8.317515932912880e+01,
    4.238331319684580e+01
  ],
  ""type"": ""Point""
}","{
  ""coordinates"": [
    -83.175159329,
    42.383313197
  ],
  ""type"": ""Point""
}",-83.1751593289999,42.3833131970001