ObjectId,Crash ID,Primary Road,Intersecting Road,Crash Date,Day,Month,Year,Hour,Weekday,Crash Type Code,Highway Classification Code,Community Code,Jurisdiction Code,Lane Departure Type Code,Surface Type,Road Condition,Weather Condition,Lighting Condition,Speed Limit,Lanes,Units,Occupants,Most Severe Injury,Fatal Injuries,Suspected Serious Injuries,Suspected Minor Injuries,Possible Injuries,Property Damage Only,Secondary Crash,Traffic Control,Red Light Run,Hit and Run,Alcohol,Drugs,Unbelted Person,Work Zone,Speeding Driver,Distracted Driver,Driveway,Pedestrian,Elderly Driver,Young Driver,Commercial Vehicle,Emergency Vehicles,Train,School Bus,Motorcycle,Bicycle,Deer,Longitude,Latitude,geom,geog,x,y
23822,1499609,CHALMERS,CHANDLER PARK,2018-10-12,12,10,2018,15,6,5,9,,4,0,Asphalt,1,2,1,30,2,2,4,5,0,0,0,0,true,false,false,false,false,false,false,true,false,false,false,false,false,false,false,false,false,false,false,false,false,false,-82.96198,42.40032,"{
  ""coordinates"": [
    -8.296197835236811e+01,
    4.240032114081860e+01
  ],
  ""type"": ""Point""
}","{
  ""coordinates"": [
    -82.961978352,
    42.400321141
  ],
  ""type"": ""Point""
}",-82.961978352,42.4003211410001
23823,1507771,OUTER,HARPER,2018-10-12,12,10,2018,20,6,4,9,,2,0,Asphalt,2,4,5,30,5,2,4,4,0,0,0,1,false,false,true,true,false,false,false,false,false,false,false,false,false,false,false,false,false,false,false,false,false,false,-82.96053,42.40583,"{
  ""coordinates"": [
    -8.296052954570300e+01,
    4.240582717974890e+01
  ],
  ""type"": ""Point""
}","{
  ""coordinates"": [
    -82.960529546,
    42.40582718
  ],
  ""type"": ""Point""
}",-82.960529546,42.4058271800001
23824,1498397,I-75 N/B,WARREN,2018-10-12,12,10,2018,17,6,5,1,,1,0,Asphalt,1,2,1,55,4,2,2,5,0,0,0,0,true,false,false,false,false,false,false,false,false,false,false,false,false,false,false,false,false,false,false,false,false,false,-83.05341,42.3596,"{
  ""coordinates"": [
    -8.305341080234820e+01,
    4.235960025730720e+01
  ],
  ""type"": ""Point""
}","{
  ""coordinates"": [
    -83.053410802,
    42.359600257
  ],
  ""type"": ""Point""
}",-83.053410802,42.3596002570001
23825,1518550,CASS,TEMPLE,2018-10-12,12,10,2018,23,6,8,9,,4,0,,2,4,4,30,2,2,4,5,0,0,0,0,true,false,false,false,false,false,false,false,false,false,false,false,false,false,false,false,false,false,false,false,false,false,-83.05856,42.3418,"{
  ""coordinates"": [
    -8.305855812836070e+01,
    4.234180059720400e+01
  ],
  ""type"": ""Point""
}","{
  ""coordinates"": [
    -83.058558128,
    42.341800597
  ],
  ""type"": ""Point""
}",-83.058558128,42.341800597
23826,1498357,N I 75,RAMP 216B,2018-10-12,12,10,2018,19,6,97,1,,1,0,Asphalt,2,4,4,55,4,3,4,5,0,0,0,0,true,false,false,false,false,false,false,false,false,true,false,false,false,false,false,true,false,false,false,false,false,false,-83.0574,42.36739,"{
  ""coordinates"": [
    -8.305739431763941e+01,
    4.236739124453700e+01
  ],
  ""type"": ""Point""
}","{
  ""coordinates"": [
    -83.057394318,
    42.367391245
  ],
  ""type"": ""Point""
}",-83.057394318,42.3673912450001
23827,1498410,E I 94,RAMP 213D,2018-10-12,12,10,2018,12,6,8,1,,1,0,Asphalt,1,1,1,70,5,2,1,5,0,0,0,0,true,false,false,false,true,false,false,false,false,false,false,false,false,false,false,false,false,false,false,false,false,false,-83.10475,42.34833,"{
  ""coordinates"": [
    -8.310475156399460e+01,
    4.234832778605410e+01
  ],
  ""type"": ""Point""
}","{
  ""coordinates"": [
    -83.104751564,
    42.348327786
  ],
  ""type"": ""Point""
}",-83.104751564,42.348327786
23828,1498609,MCNICHOLS,SCHAEFER,2018-10-12,12,10,2018,10,6,5,9,,2,0,Asphalt,1,2,1,35,5,2,2,5,0,0,0,0,true,false,false,false,true,false,false,false,false,false,false,false,false,false,false,false,false,false,false,false,false,false,-83.17989,42.41659,"{
  ""coordinates"": [
    -8.317989137821770e+01,
    4.241658908461650e+01
  ],
  ""type"": ""Point""
}","{
  ""coordinates"": [
    -83.179891378,
    42.416589085
  ],
  ""type"": ""Point""
}",-83.179891378,42.4165890850001
23829,1498440,S M 39,RAMP 008H,2018-10-12,12,10,2018,7,6,5,3,,1,0,Asphalt,1,1,2,55,3,2,4,5,0,0,0,0,true,false,false,false,false,false,false,false,false,false,false,false,false,false,false,false,false,false,false,false,false,false,-83.21758,42.38343,"{
  ""coordinates"": [
    -8.321757471398440e+01,
    4.238343323526790e+01
  ],
  ""type"": ""Point""
}","{
  ""coordinates"": [
    -83.217574714,
    42.383433235
  ],
  ""type"": ""Point""
}",-83.217574714,42.383433235
23830,1498466,WOODWARD,N I 75 SERVICE DRIVE,2018-10-12,12,10,2018,15,6,4,3,,1,0,Asphalt,1,2,1,30,6,2,2,5,0,0,0,0,true,false,true,true,false,false,false,false,false,true,false,false,false,false,false,false,false,false,false,false,false,false,-83.05267,42.33962,"{
  ""coordinates"": [
    -8.305266784417410e+01,
    4.233961805908950e+01
  ],
  ""type"": ""Point""
}","{
  ""coordinates"": [
    -83.052667844,
    42.339618059
  ],
  ""type"": ""Point""
}",-83.052667844,42.339618059
23831,1507729,I-75 N/B,SEVEN MILE,2018-10-12,12,10,2018,20,6,5,1,,1,0,Asphalt,2,4,4,70,4,2,2,5,0,0,0,0,true,false,false,false,false,false,false,false,false,false,false,false,false,false,false,false,false,false,false,false,false,false,-83.09448,42.43111,"{
  ""coordinates"": [
    -8.309448544211540e+01,
    4.243111153338410e+01
  ],
  ""type"": ""Point""
}","{
  ""coordinates"": [
    -83.094485442,
    42.431111533
  ],
  ""type"": ""Point""
}",-83.094485442,42.431111533
23832,1498457,MCNICHOLS,WHITCOMB,2018-10-12,12,10,2018,14,6,4,9,,2,0,Asphalt,1,2,1,35,4,2,2,4,0,0,0,1,false,false,true,false,false,false,false,true,false,false,false,false,false,false,true,false,false,false,false,false,false,false,-83.19691,42.41609,"{
  ""coordinates"": [
    -8.319690782518200e+01,
    4.241608670902370e+01
  ],
  ""type"": ""Point""
}","{
  ""coordinates"": [
    -83.196907825,
    42.416086709
  ],
  ""type"": ""Point""
}",-83.196907825,42.4160867090001
23833,1498443,N M 39,FITZPATRICK,2018-10-12,12,10,2018,16,6,5,3,,1,0,Asphalt,1,2,1,55,3,4,4,4,0,0,0,2,false,false,false,false,true,false,false,false,false,false,false,false,false,false,false,false,false,false,false,false,false,false,-83.21635,42.36273,"{
  ""coordinates"": [
    -8.321635090575430e+01,
    4.236273361159530e+01
  ],
  ""type"": ""Point""
}","{
  ""coordinates"": [
    -83.216350906,
    42.362733612
  ],
  ""type"": ""Point""
}",-83.2163509059999,42.3627336120001
23834,1498565,DAVISON,RAMP 138C,2018-10-12,12,10,2018,18,6,5,9,,4,0,Asphalt,1,2,3,55,4,2,4,4,0,0,0,3,false,false,false,false,true,false,false,false,false,false,false,false,false,false,false,false,false,false,false,false,false,false,-83.15684,42.38583,"{
  ""coordinates"": [
    -8.315683461582459e+01,
    4.238583108376850e+01
  ],
  ""type"": ""Point""
}","{
  ""coordinates"": [
    -83.156834616,
    42.385831084
  ],
  ""type"": ""Point""
}",-83.156834616,42.3858310840001
23835,1498601,8 MILE,WOODWARD,2018-10-12,12,10,2018,17,6,4,3,,1,0,Asphalt,2,4,3,40,5,2,1,5,0,0,0,0,true,false,false,false,false,false,false,false,false,false,false,false,false,false,false,false,false,false,false,false,false,false,-83.12498,42.4465,"{
  ""coordinates"": [
    -8.312498214959319e+01,
    4.244650323255350e+01
  ],
  ""type"": ""Point""
}","{
  ""coordinates"": [
    -83.12498215,
    42.446503233
  ],
  ""type"": ""Point""
}",-83.1249821499999,42.446503233
23836,1498414,I-94,LONYO,2018-10-12,12,10,2018,12,6,5,1,,1,0,Asphalt,1,2,1,55,3,2,2,5,0,0,0,0,true,false,false,false,false,false,false,false,false,false,false,false,false,false,false,false,false,false,false,false,false,false,-83.15442,42.32925,"{
  ""coordinates"": [
    -8.315441722299940e+01,
    4.232924828501010e+01
  ],
  ""type"": ""Point""
}","{
  ""coordinates"": [
    -83.154417223,
    42.329248285
  ],
  ""type"": ""Point""
}",-83.1544172229999,42.3292482850001
23837,1498439,I-94,30TH,2018-10-12,12,10,2018,7,6,5,1,,1,0,Asphalt,1,1,1,55,3,2,2,5,0,0,0,0,true,false,false,false,false,false,false,false,false,false,false,false,false,false,false,false,false,false,false,false,false,false,-83.12238,42.3383,"{
  ""coordinates"": [
    -8.312238636116960e+01,
    4.233830309985270e+01
  ],
  ""type"": ""Point""
}","{
  ""coordinates"": [
    -83.122386361,
    42.3383031
  ],
  ""type"": ""Point""
}",-83.1223863609999,42.3383031000001
23838,1498423,M39,PLYMOUTH,2018-10-12,12,10,2018,20,6,5,3,,1,0,Asphalt,2,4,4,55,3,3,3,4,0,0,0,1,false,false,false,false,false,false,false,false,false,false,false,false,false,false,false,false,false,false,false,false,false,false,-83.21674,42.37157,"{
  ""coordinates"": [
    -8.321673848889210e+01,
    4.237156885673120e+01
  ],
  ""type"": ""Point""
}","{
  ""coordinates"": [
    -83.216738489,
    42.371568857
  ],
  ""type"": ""Point""
}",-83.216738489,42.3715688570001
23839,1499657,8 MILE,MOUNT ELLIOTT,2018-10-12,12,10,2018,19,6,5,3,,1,0,Asphalt,2,4,4,35,4,2,4,5,0,0,0,0,true,false,false,false,false,false,false,false,false,false,false,false,false,false,false,false,false,false,false,false,false,false,-83.03931,42.44788,"{
  ""coordinates"": [
    -8.303931789375279e+01,
    4.244787589915360e+01
  ],
  ""type"": ""Point""
}","{
  ""coordinates"": [
    -83.039317894,
    42.447875899
  ],
  ""type"": ""Point""
}",-83.039317894,42.4478758990001
23840,1498428,N M 39,8 MILE,2018-10-12,12,10,2018,7,6,5,3,,1,0,Concrete,1,1,1,55,3,2,1,5,0,0,0,0,true,false,false,false,true,false,false,false,false,false,false,false,false,false,false,false,false,false,false,false,false,false,-83.21964,42.44379,"{
  ""coordinates"": [
    -8.321963749881340e+01,
    4.244379426868830e+01
  ],
  ""type"": ""Point""
}","{
  ""coordinates"": [
    -83.219637499,
    42.443794269
  ],
  ""type"": ""Point""
}",-83.219637499,42.4437942690001
23841,1499628,MOROSS,HARPER,2018-10-12,12,10,2018,6,6,8,9,,2,0,Concrete,1,1,4,35,5,2,1,5,0,0,0,0,true,false,false,false,true,false,false,false,false,false,false,false,false,false,false,false,false,false,false,false,false,false,-82.92921,42.42458,"{
  ""coordinates"": [
    -8.292920533378650e+01,
    4.242457872663770e+01
  ],
  ""type"": ""Point""
}","{
  ""coordinates"": [
    -82.929205334,
    42.424578727
  ],
  ""type"": ""Point""
}",-82.929205334,42.424578727
23842,1507733,M39,PLYMOUTH,2018-10-12,12,10,2018,21,6,5,3,,1,0,Asphalt,2,4,4,55,3,2,6,4,0,0,0,4,false,false,false,false,false,false,false,false,false,false,false,false,false,false,false,false,true,false,false,false,false,false,-83.21684,42.37363,"{
  ""coordinates"": [
    -8.321683640867570e+01,
    4.237362555432090e+01
  ],
  ""type"": ""Point""
}","{
  ""coordinates"": [
    -83.216836409,
    42.373625554
  ],
  ""type"": ""Point""
}",-83.2168364089999,42.3736255540001
23843,1499633,FAIRPORT,LAPPIN,2018-10-12,12,10,2018,8,6,3,9,,,0,,1,2,1,25,2,2,1,5,0,0,0,0,true,false,false,false,true,false,false,false,false,false,false,false,false,false,false,false,false,false,false,false,false,false,-82.99129,42.43659,"{
  ""coordinates"": [
    -8.299128347865930e+01,
    4.243659022159280e+01
  ],
  ""type"": ""Point""
}","{
  ""coordinates"": [
    -82.991283479,
    42.436590222
  ],
  ""type"": ""Point""
}",-82.9912834789999,42.4365902220001
23844,1498444,I-75,6 MILE,2018-10-12,12,10,2018,7,6,5,1,,1,0,Asphalt,1,2,2,70,4,2,1,5,0,0,0,0,true,false,false,false,true,false,false,false,false,false,false,false,false,false,false,false,false,false,false,false,false,false,-83.08744,42.41786,"{
  ""coordinates"": [
    -8.308744212300410e+01,
    4.241785718086540e+01
  ],
  ""type"": ""Point""
}","{
  ""coordinates"": [
    -83.087442123,
    42.417857181
  ],
  ""type"": ""Point""
}",-83.087442123,42.417857181
23845,1502719,MCGRAW,CENTRAL,2018-10-12,12,10,2018,22,6,3,9,,4,0,Asphalt,2,4,4,35,3,2,2,5,0,0,0,0,true,false,false,false,false,false,false,false,false,false,false,false,false,false,false,false,false,false,false,false,false,false,-83.14075,42.33551,"{
  ""coordinates"": [
    -8.314074353911050e+01,
    4.233550711316370e+01
  ],
  ""type"": ""Point""
}","{
  ""coordinates"": [
    -83.140743539,
    42.335507113
  ],
  ""type"": ""Point""
}",-83.140743539,42.3355071130001
23846,1498546,BROCK,8 MILE,2018-10-12,12,10,2018,18,6,4,3,,,0,,2,4,3,25,2,2,2,5,0,0,0,0,true,false,false,false,false,false,false,true,false,false,true,false,false,false,false,false,false,false,false,false,false,false,-82.96366,42.44962,"{
  ""coordinates"": [
    -8.296366087990990e+01,
    4.244962094919260e+01
  ],
  ""type"": ""Point""
}","{
  ""coordinates"": [
    -82.96366088,
    42.449620949
  ],
  ""type"": ""Point""
}",-82.96366088,42.4496209490001
23847,1498521,VAN DYKE,MILLER,2018-10-12,12,10,2018,14,6,5,3,,1,0,Asphalt,1,1,1,35,5,3,3,5,0,0,0,0,true,false,false,false,false,false,false,false,false,false,false,false,false,false,true,false,false,false,false,false,false,false,-83.02255,42.39093,"{
  ""coordinates"": [
    -8.302255519502630e+01,
    4.239092656576080e+01
  ],
  ""type"": ""Point""
}","{
  ""coordinates"": [
    -83.022555195,
    42.390926566
  ],
  ""type"": ""Point""
}",-83.0225551949999,42.3909265660001
23848,1512925,RAMP 005F,N M 39,2018-10-12,12,10,2018,21,6,8,3,,1,0,Asphalt,2,4,4,55,3,2,2,5,0,0,0,0,true,false,false,false,false,false,false,false,true,false,false,false,false,false,false,true,false,false,false,false,false,false,-83.21569,42.33475,"{
  ""coordinates"": [
    -8.321568941341880e+01,
    4.233474950985190e+01
  ],
  ""type"": ""Point""
}","{
  ""coordinates"": [
    -83.215689413,
    42.33474951
  ],
  ""type"": ""Point""
}",-83.215689413,42.3347495100001
23849,1498465,FENKELL,GREENFIELD,2018-10-12,12,10,2018,23,6,4,9,,2,0,Asphalt,2,4,4,35,4,2,1,5,0,0,0,0,true,false,false,false,true,false,false,false,false,false,false,false,false,false,false,false,false,false,false,false,false,false,-83.19888,42.40151,"{
  ""coordinates"": [
    -8.319887944952620e+01,
    4.240150869081820e+01
  ],
  ""type"": ""Point""
}","{
  ""coordinates"": [
    -83.19887945,
    42.401508691
  ],
  ""type"": ""Point""
}",-83.1988794499999,42.4015086910001
23850,1498524,N M 39,8 MILE,2018-10-12,12,10,2018,14,6,97,3,,1,0,Concrete,1,1,1,,3,2,2,4,0,0,0,1,false,false,true,true,false,false,false,false,false,false,true,false,false,false,false,false,false,false,false,false,false,false,-83.21963,42.44422,"{
  ""coordinates"": [
    -8.321962863128630e+01,
    4.244422040438850e+01
  ],
  ""type"": ""Point""
}","{
  ""coordinates"": [
    -83.219628631,
    42.444220404
  ],
  ""type"": ""Point""
}",-83.219628631,42.4442204040001
23851,1499605,SMART,TRENTON,2018-10-12,12,10,2018,8,6,4,9,,,0,,1,2,1,25,1,2,1,5,0,0,0,0,true,false,false,false,true,false,false,false,false,false,false,false,false,false,false,false,false,false,false,false,false,false,-83.15192,42.3369,"{
  ""coordinates"": [
    -8.315191871697741e+01,
    4.233690346810320e+01
  ],
  ""type"": ""Point""
}","{
  ""coordinates"": [
    -83.151918717,
    42.336903468
  ],
  ""type"": ""Point""
}",-83.1519187169999,42.3369034680001
23852,1498608,CIRCLE,S M 39,2018-10-12,12,10,2018,22,6,4,3,,1,0,Asphalt,2,4,4,,4,2,2,5,0,0,0,0,true,false,false,false,true,false,false,false,false,false,false,false,false,false,false,false,false,false,false,false,false,false,-83.21974,42.44334,"{
  ""coordinates"": [
    -8.321974230724381e+01,
    4.244334392022990e+01
  ],
  ""type"": ""Point""
}","{
  ""coordinates"": [
    -83.219742307,
    42.44334392
  ],
  ""type"": ""Point""
}",-83.219742307,42.4433439200001
23853,1498459,SCHAEFER,LYNDON,2018-10-12,12,10,2018,13,6,8,9,,4,0,Asphalt,1,2,1,35,7,2,5,4,0,0,0,1,false,false,false,false,false,false,false,false,false,false,false,false,false,false,false,false,false,false,false,false,false,false,-83.1788,42.39482,"{
  ""coordinates"": [
    -8.317880002321910e+01,
    4.239482429603830e+01
  ],
  ""type"": ""Point""
}","{
  ""coordinates"": [
    -83.178800023,
    42.394824296
  ],
  ""type"": ""Point""
}",-83.178800023,42.394824296
23854,1498421,I 96,OUTER,2018-10-12,12,10,2018,18,6,97,1,,1,0,Concrete,2,4,4,70,4,2,2,4,0,0,0,1,false,false,false,false,false,false,false,false,false,true,false,false,false,true,false,false,false,false,false,false,false,false,-83.26009,42.38575,"{
  ""coordinates"": [
    -8.326009124770130e+01,
    4.238574511156470e+01
  ],
  ""type"": ""Point""
}","{
  ""coordinates"": [
    -83.260091248,
    42.385745112
  ],
  ""type"": ""Point""
}",-83.260091248,42.3857451120001
23855,1498530,SOUTHFIELD SERVICE DRIVE,7 MILE,2018-10-12,12,10,2018,18,6,5,9,,4,0,Asphalt,2,4,4,35,2,2,1,4,0,0,0,1,false,false,false,false,true,false,false,false,false,false,false,false,false,false,false,false,false,false,false,false,false,false,-83.21889,42.43003,"{
  ""coordinates"": [
    -8.321889302190110e+01,
    4.243002741117350e+01
  ],
  ""type"": ""Point""
}","{
  ""coordinates"": [
    -83.218893022,
    42.430027411
  ],
  ""type"": ""Point""
}",-83.218893022,42.430027411
23856,1498458,HUBBEL,ELMIRA,2018-10-12,12,10,2018,17,6,4,9,,4,0,Asphalt,2,4,1,30,2,2,2,4,0,0,0,1,false,false,true,false,false,false,false,false,false,false,false,false,false,false,false,false,false,false,false,false,false,false,-83.18768,42.37046,"{
  ""coordinates"": [
    -8.318767184210580e+01,
    4.237046178653160e+01
  ],
  ""type"": ""Point""
}","{
  ""coordinates"": [
    -83.187671842,
    42.370461787
  ],
  ""type"": ""Point""
}",-83.187671842,42.3704617870001
23857,1498463,GRAND RIVER,WOODSIDE,2018-10-12,12,10,2018,18,6,5,3,,1,0,Asphalt,2,2,3,35,7,2,1,5,0,0,0,0,true,false,false,false,true,false,false,false,false,false,false,false,false,false,false,false,false,false,false,false,false,false,-83.13744,42.36812,"{
  ""coordinates"": [
    -8.313744501443540e+01,
    4.236811777211090e+01
  ],
  ""type"": ""Point""
}","{
  ""coordinates"": [
    -83.137445014,
    42.368117772
  ],
  ""type"": ""Point""
}",-83.137445014,42.3681177720001
23858,1498515,LAFAYETTE,ST AUBIN,2018-10-12,12,10,2018,8,6,5,9,,4,0,Asphalt,1,1,1,30,2,2,2,4,0,0,0,1,false,false,false,false,false,false,false,false,false,true,false,false,false,false,false,false,false,false,false,false,false,false,-83.02991,42.33924,"{
  ""coordinates"": [
    -8.302990554796280e+01,
    4.233924583040400e+01
  ],
  ""type"": ""Point""
}","{
  ""coordinates"": [
    -83.029905548,
    42.33924583
  ],
  ""type"": ""Point""
}",-83.029905548,42.33924583
23859,1499649,VAN DYKE,LANTZ,2018-10-12,12,10,2018,18,6,5,3,,1,0,Asphalt,2,4,1,35,4,2,1,5,0,0,0,0,true,false,false,false,false,false,false,false,false,false,true,false,false,false,false,true,false,false,false,false,false,false,-83.02441,42.4385,"{
  ""coordinates"": [
    -8.302440645391650e+01,
    4.243849788556620e+01
  ],
  ""type"": ""Point""
}","{
  ""coordinates"": [
    -83.024406454,
    42.438497886
  ],
  ""type"": ""Point""
}",-83.024406454,42.4384978860001
23860,1498501,ALTER,KERCHEVAL,2018-10-12,12,10,2018,20,6,5,9,,4,0,Asphalt,2,4,4,,2,2,4,5,0,0,0,0,true,false,false,false,false,false,false,false,false,false,true,false,false,true,false,false,false,false,false,false,false,false,-82.94323,42.38046,"{
  ""coordinates"": [
    -8.294322591048460e+01,
    4.238045991034870e+01
  ],
  ""type"": ""Point""
}","{
  ""coordinates"": [
    -82.94322591,
    42.38045991
  ],
  ""type"": ""Point""
}",-82.94322591,42.3804599100001
23861,1498445,I-94,LONYO,2018-10-12,12,10,2018,8,6,5,1,,1,0,Asphalt,1,1,1,55,3,2,3,4,0,0,0,2,false,false,false,false,false,false,false,false,false,false,false,false,false,false,false,false,false,false,false,false,false,false,-83.14468,42.33131,"{
  ""coordinates"": [
    -8.314467527422291e+01,
    4.233131301348840e+01
  ],
  ""type"": ""Point""
}","{
  ""coordinates"": [
    -83.144675274,
    42.331313013
  ],
  ""type"": ""Point""
}",-83.144675274,42.3313130130001
23862,1498498,MORANG,SOMERSET,2018-10-12,12,10,2018,14,6,8,9,,4,0,Asphalt,1,2,1,35,3,2,1,5,0,0,0,0,true,false,false,false,true,false,false,false,false,false,false,false,false,false,false,false,false,false,false,false,false,false,-82.94363,42.42352,"{
  ""coordinates"": [
    -8.294363278380510e+01,
    4.242351886657660e+01
  ],
  ""type"": ""Point""
}","{
  ""coordinates"": [
    -82.943632784,
    42.423518867
  ],
  ""type"": ""Point""
}",-82.943632784,42.423518867
23863,1498505,GREENFIELD,WESTFIELD,2018-10-12,12,10,2018,18,6,5,9,,2,0,Asphalt,2,4,1,35,4,2,3,5,0,0,0,0,true,false,false,false,false,false,false,false,false,false,false,false,false,false,true,false,false,false,false,false,false,false,-83.19723,42.36347,"{
  ""coordinates"": [
    -8.319722917313180e+01,
    4.236346975229210e+01
  ],
  ""type"": ""Point""
}","{
  ""coordinates"": [
    -83.197229173,
    42.363469752
  ],
  ""type"": ""Point""
}",-83.197229173,42.3634697520001
23864,1499638,HARPER,OUTER,2018-10-12,12,10,2018,19,6,4,9,,4,0,Asphalt,2,4,4,30,2,2,4,5,0,0,0,0,true,false,false,false,false,false,false,false,false,false,false,false,false,false,false,false,false,false,false,false,false,false,-82.96078,42.40578,"{
  ""coordinates"": [
    -8.296077504271349e+01,
    4.240578632736960e+01
  ],
  ""type"": ""Point""
}","{
  ""coordinates"": [
    -82.960775043,
    42.405786327
  ],
  ""type"": ""Point""
}",-82.960775043,42.405786327
23865,1498576,VAN DYKE,LANTZ,2018-10-12,12,10,2018,13,6,5,3,,1,0,Asphalt,1,2,1,40,4,3,3,4,0,0,0,2,false,false,false,false,false,false,false,false,false,false,false,false,false,false,false,false,false,false,false,false,false,false,-83.02442,42.43883,"{
  ""coordinates"": [
    -8.302441841102571e+01,
    4.243883111490180e+01
  ],
  ""type"": ""Point""
}","{
  ""coordinates"": [
    -83.024418411,
    42.438831115
  ],
  ""type"": ""Point""
}",-83.0244184109999,42.438831115
23866,1498574,EMILY,VAN DYKE,2018-10-12,12,10,2018,8,6,8,3,,,0,,1,1,1,35,5,2,3,5,0,0,0,0,true,false,false,false,false,false,false,false,false,false,false,true,false,false,false,false,false,false,false,false,false,false,-83.02399,42.42802,"{
  ""coordinates"": [
    -8.302399361198530e+01,
    4.242801634962060e+01
  ],
  ""type"": ""Point""
}","{
  ""coordinates"": [
    -83.023993612,
    42.42801635
  ],
  ""type"": ""Point""
}",-83.023993612,42.4280163500001
23867,1498477,TRUMBULL,PLUM,2018-10-12,12,10,2018,2,6,1,9,,4,1,Asphalt,1,1,4,45,2,1,2,5,0,0,0,0,true,false,false,false,false,false,false,false,true,false,false,false,false,false,false,false,true,false,false,false,false,false,-83.06762,42.33265,"{
  ""coordinates"": [
    -8.306762221993300e+01,
    4.233264650072800e+01
  ],
  ""type"": ""Point""
}","{
  ""coordinates"": [
    -83.06762222,
    42.332646501
  ],
  ""type"": ""Point""
}",-83.06762222,42.3326465010001
23868,1499650,7 MILE,I 75,2018-10-12,12,10,2018,15,6,5,9,,4,0,Concrete,1,1,1,35,2,2,1,5,0,0,0,0,true,false,false,false,true,false,false,false,false,false,false,false,false,false,false,false,false,false,false,false,false,false,-83.09474,42.43248,"{
  ""coordinates"": [
    -8.309474085284060e+01,
    4.243248036401340e+01
  ],
  ""type"": ""Point""
}","{
  ""coordinates"": [
    -83.094740853,
    42.432480364
  ],
  ""type"": ""Point""
}",-83.094740853,42.4324803640001
23869,1498600,WYOMING,PEMBROKE,2018-10-12,12,10,2018,15,6,5,9,,4,0,Asphalt,1,2,1,30,5,2,1,5,0,0,0,0,true,false,false,false,true,false,false,false,false,false,false,true,false,false,false,false,false,false,false,false,false,false,-83.16121,42.4383,"{
  ""coordinates"": [
    -8.316120877881870e+01,
    4.243830176330590e+01
  ],
  ""type"": ""Point""
}","{
  ""coordinates"": [
    -83.161208779,
    42.438301763
  ],
  ""type"": ""Point""
}",-83.1612087789999,42.438301763
23870,1498572,JUSTINE,FREDRO,2018-10-12,12,10,2018,13,6,4,9,,,0,,1,1,1,25,2,2,3,3,0,0,1,1,false,false,false,false,false,false,false,false,false,false,false,false,false,false,false,false,false,false,false,false,false,false,-83.05522,42.40939,"{
  ""coordinates"": [
    -8.305522155455689e+01,
    4.240939270924470e+01
  ],
  ""type"": ""Point""
}","{
  ""coordinates"": [
    -83.055221555,
    42.409392709
  ],
  ""type"": ""Point""
}",-83.0552215549999,42.409392709
23871,1498509,MACK,RUSSELL,2018-10-12,12,10,2018,13,6,97,9,,4,0,Concrete,1,1,1,,4,2,1,5,0,0,0,0,true,false,false,false,false,false,false,false,false,false,false,false,false,true,false,false,false,false,false,false,false,false,-83.04474,42.35274,"{
  ""coordinates"": [
    -8.304474175071390e+01,
    4.235273615092200e+01
  ],
  ""type"": ""Point""
}","{
  ""coordinates"": [
    -83.044741751,
    42.352736151
  ],
  ""type"": ""Point""
}",-83.0447417509999,42.352736151
23872,1613206,CHALMERS,JEFFERSON,2018-10-12,12,10,2018,22,6,8,9,,4,0,Asphalt,2,4,4,35,2,3,1,5,0,0,0,0,true,false,false,false,false,false,false,false,false,false,true,false,false,false,false,false,false,false,false,false,false,false,-82.94585,42.37551,"{
  ""coordinates"": [
    -8.294584338502520e+01,
    4.237551414404330e+01
  ],
  ""type"": ""Point""
}","{
  ""coordinates"": [
    -82.945843385,
    42.375514144
  ],
  ""type"": ""Point""
}",-82.945843385,42.3755141440001
23873,1498399,I-75,WARREN,2018-10-12,12,10,2018,19,6,5,1,,1,0,Asphalt,2,4,3,55,4,2,2,5,0,0,0,0,true,false,false,false,false,false,false,false,false,false,false,false,false,false,false,false,false,false,false,false,false,false,-83.05341,42.3596,"{
  ""coordinates"": [
    -8.305341080234820e+01,
    4.235960025730720e+01
  ],
  ""type"": ""Point""
}","{
  ""coordinates"": [
    -83.053410802,
    42.359600257
  ],
  ""type"": ""Point""
}",-83.053410802,42.3596002570001
23874,1498413,E I 94,RAMP 221A,2018-10-12,12,10,2018,3,6,1,1,,1,0,Asphalt,1,1,4,55,3,1,1,5,0,0,0,0,true,false,false,false,false,false,false,false,false,false,false,false,false,false,false,false,false,false,false,false,false,false,-82.9705,42.40206,"{
  ""coordinates"": [
    -8.297050342917620e+01,
    4.240206097892980e+01
  ],
  ""type"": ""Point""
}","{
  ""coordinates"": [
    -82.970503429,
    42.402060979
  ],
  ""type"": ""Point""
}",-82.970503429,42.4020609790001
23875,1498531,ROSEMONT,HESSEL,2018-10-12,12,10,2018,22,6,9,9,,,0,,2,4,3,25,2,2,0,5,0,0,0,0,true,false,false,false,true,false,false,false,false,false,false,false,false,false,false,false,false,false,false,false,false,false,-83.22243,42.44253,"{
  ""coordinates"": [
    -8.322243666146460e+01,
    4.244253209094630e+01
  ],
  ""type"": ""Point""
}","{
  ""coordinates"": [
    -83.222436661,
    42.442532091
  ],
  ""type"": ""Point""
}",-83.222436661,42.442532091