ObjectId,Crash ID,Primary Road,Intersecting Road,Crash Date,Day,Month,Year,Hour,Weekday,Crash Type Code,Highway Classification Code,Community Code,Jurisdiction Code,Lane Departure Type Code,Surface Type,Road Condition,Weather Condition,Lighting Condition,Speed Limit,Lanes,Units,Occupants,Most Severe Injury,Fatal Injuries,Suspected Serious Injuries,Suspected Minor Injuries,Possible Injuries,Property Damage Only,Secondary Crash,Traffic Control,Red Light Run,Hit and Run,Alcohol,Drugs,Unbelted Person,Work Zone,Speeding Driver,Distracted Driver,Driveway,Pedestrian,Elderly Driver,Young Driver,Commercial Vehicle,Emergency Vehicles,Train,School Bus,Motorcycle,Bicycle,Deer,Longitude,Latitude,geom,geog,x,y
24039,1494845,WOODWARD,WARREN,2018-10-09,9,10,2018,16,3,8,3,,1,0,Asphalt,1,1,1,35,7,2,2,5,0,0,0,0,true,false,false,false,false,false,false,false,false,false,false,false,false,false,true,false,false,false,false,false,false,false,-83.06438,42.35696,"{
  ""coordinates"": [
    -8.306438508447209e+01,
    4.235695750944290e+01
  ],
  ""type"": ""Point""
}","{
  ""coordinates"": [
    -83.064385084,
    42.356957509
  ],
  ""type"": ""Point""
}",-83.064385084,42.356957509
24040,1497134,CHRISTY,BRADFORD,2018-10-09,9,10,2018,14,3,97,9,,,3,,1,1,1,25,1,2,0,5,0,0,0,0,true,false,false,false,true,false,false,false,false,false,false,false,false,false,false,false,false,false,false,false,false,false,-82.99609,42.41582,"{
  ""coordinates"": [
    -8.299608851594890e+01,
    4.241582601871810e+01
  ],
  ""type"": ""Point""
}","{
  ""coordinates"": [
    -82.996088516,
    42.415826019
  ],
  ""type"": ""Point""
}",-82.996088516,42.4158260190001
24041,1497103,MORTON,GILBERT,2018-10-09,9,10,2018,20,3,2,9,,,2,,1,1,4,30,3,2,0,5,0,0,0,0,true,false,false,false,true,false,false,false,false,false,false,false,false,false,false,false,false,false,false,false,false,false,-83.12306,42.33238,"{
  ""coordinates"": [
    -8.312306292057640e+01,
    4.233238326749940e+01
  ],
  ""type"": ""Point""
}","{
  ""coordinates"": [
    -83.123062921,
    42.332383267
  ],
  ""type"": ""Point""
}",-83.123062921,42.3323832670001
24042,1493896,EVERGREEN,RAMP 135B,2018-10-09,9,10,2018,4,3,4,9,,4,0,Concrete,1,1,3,,6,2,1,5,0,0,0,0,true,false,false,false,true,false,false,false,false,false,false,false,false,false,false,true,false,false,false,false,false,false,-83.23662,42.37974,"{
  ""coordinates"": [
    -8.323661857282670e+01,
    4.237973708882690e+01
  ],
  ""type"": ""Point""
}","{
  ""coordinates"": [
    -83.236618573,
    42.379737089
  ],
  ""type"": ""Point""
}",-83.236618573,42.3797370890001
24043,1498478,JOHN R,FREDERICK DOUGLASS,2018-10-09,9,10,2018,10,3,8,9,,4,0,Asphalt,1,1,1,25,2,2,3,5,0,0,0,0,true,false,false,false,false,false,false,false,false,false,false,true,false,false,true,false,false,false,false,false,false,false,-83.06375,42.3601,"{
  ""coordinates"": [
    -8.306375129416030e+01,
    4.236009432510960e+01
  ],
  ""type"": ""Point""
}","{
  ""coordinates"": [
    -83.063751294,
    42.360094325
  ],
  ""type"": ""Point""
}",-83.063751294,42.360094325
24044,1494828,M 39,MCNICHOLS,2018-10-09,9,10,2018,8,3,5,3,,1,0,Concrete,1,1,1,55,3,3,3,5,0,0,0,0,true,false,false,false,false,false,false,false,false,false,false,false,false,false,false,false,false,false,false,false,false,false,-83.21889,42.41527,"{
  ""coordinates"": [
    -8.321889479833339e+01,
    4.241526632017600e+01
  ],
  ""type"": ""Point""
}","{
  ""coordinates"": [
    -83.218894798,
    42.41526632
  ],
  ""type"": ""Point""
}",-83.218894798,42.4152663200001
24045,1494829,S I 75,RAMP 047B,2018-10-09,9,10,2018,10,3,8,1,,1,0,Asphalt,1,1,1,55,1,2,2,4,0,0,0,1,false,false,false,false,false,false,false,false,false,false,false,false,false,false,true,true,false,false,false,false,false,false,-83.08087,42.41023,"{
  ""coordinates"": [
    -8.308087501210581e+01,
    4.241022932202910e+01
  ],
  ""type"": ""Point""
}","{
  ""coordinates"": [
    -83.080875012,
    42.410229322
  ],
  ""type"": ""Point""
}",-83.080875012,42.4102293220001
24046,1494882,HAMBURG,7 MILE,2018-10-09,9,10,2018,16,3,97,9,,,3,,1,1,1,25,1,2,1,5,0,0,0,0,true,false,false,false,false,false,false,false,false,false,false,false,false,true,false,false,false,false,false,false,false,false,-82.9973,42.43485,"{
  ""coordinates"": [
    -8.299730017445690e+01,
    4.243484782086920e+01
  ],
  ""type"": ""Point""
}","{
  ""coordinates"": [
    -82.997300174,
    42.434847821
  ],
  ""type"": ""Point""
}",-82.997300174,42.4348478210001
24047,1494857,MOROSS,PEERLESS,2018-10-09,9,10,2018,17,3,5,9,,2,0,Asphalt,1,1,1,35,2,2,2,4,0,0,0,2,false,false,false,false,false,false,false,false,false,false,true,false,false,false,false,false,false,false,false,false,false,false,-82.93576,42.42727,"{
  ""coordinates"": [
    -8.293575984151430e+01,
    4.242726343306060e+01
  ],
  ""type"": ""Point""
}","{
  ""coordinates"": [
    -82.935759842,
    42.427263433
  ],
  ""type"": ""Point""
}",-82.935759842,42.4272634330001
24048,1496207,CONNER,NORTH/SOUTH CONNER CUTOFF,2018-10-09,9,10,2018,20,3,8,9,,4,0,Asphalt,1,1,4,,2,2,2,5,0,0,0,0,true,false,false,false,true,false,false,false,false,false,false,false,false,false,false,false,false,false,false,false,false,false,-82.98647,42.39555,"{
  ""coordinates"": [
    -8.298647329974230e+01,
    4.239554761053960e+01
  ],
  ""type"": ""Point""
}","{
  ""coordinates"": [
    -82.9864733,
    42.395547611
  ],
  ""type"": ""Point""
}",-82.9864732999999,42.395547611
24049,1494875,BEAVERLAND,KEELER,2018-10-09,9,10,2018,8,3,4,9,,,0,,1,1,1,25,2,2,2,4,0,0,0,1,false,false,false,false,false,false,false,false,false,false,false,false,false,false,false,true,false,false,false,false,false,false,-83.2656,42.40197,"{
  ""coordinates"": [
    -8.326560086825469e+01,
    4.240196896295110e+01
  ],
  ""type"": ""Point""
}","{
  ""coordinates"": [
    -83.265600868,
    42.401968963
  ],
  ""type"": ""Point""
}",-83.265600868,42.4019689630001
24050,1494877,GRANDRIVER,MINOCK,2018-10-09,9,10,2018,16,3,5,3,,1,0,Asphalt,1,1,1,35,6,2,1,5,0,0,0,0,true,false,false,false,true,false,false,false,false,false,false,false,false,false,false,false,false,false,false,false,false,false,-83.23379,42.40693,"{
  ""coordinates"": [
    -8.323378805345510e+01,
    4.240693256326300e+01
  ],
  ""type"": ""Point""
}","{
  ""coordinates"": [
    -83.233788053,
    42.406932563
  ],
  ""type"": ""Point""
}",-83.233788053,42.4069325630001
24051,1494862,OUTER,PLYMOUTH,2018-10-09,9,10,2018,19,3,3,9,,2,0,Asphalt,1,1,4,,4,2,4,5,0,0,0,0,true,false,false,false,false,false,false,false,false,false,false,false,false,false,false,false,false,false,false,false,false,false,-83.25916,42.37142,"{
  ""coordinates"": [
    -8.325915898141190e+01,
    4.237141961395190e+01
  ],
  ""type"": ""Point""
}","{
  ""coordinates"": [
    -83.259158981,
    42.371419614
  ],
  ""type"": ""Point""
}",-83.259158981,42.371419614
24052,1516636,AVON,SAINT MARTINS,2018-10-09,9,10,2018,11,3,5,9,,,0,,1,1,1,,2,2,0,5,0,0,0,0,true,false,false,false,true,false,false,false,false,false,false,false,false,false,false,false,false,false,false,false,false,false,-83.22677,42.43525,"{
  ""coordinates"": [
    -8.322676914215370e+01,
    4.243525174158480e+01
  ],
  ""type"": ""Point""
}","{
  ""coordinates"": [
    -83.226769142,
    42.435251742
  ],
  ""type"": ""Point""
}",-83.226769142,42.435251742
24053,1497097,OAKWOOD,SCHAEFER,2018-10-09,9,10,2018,18,3,5,9,,4,0,Asphalt,1,1,1,25,4,2,3,5,0,0,0,0,true,false,false,false,false,false,false,false,false,false,false,false,false,false,false,false,false,false,false,false,false,false,-83.16297,42.28535,"{
  ""coordinates"": [
    -8.316297331343750e+01,
    4.228535126781660e+01
  ],
  ""type"": ""Point""
}","{
  ""coordinates"": [
    -83.162973313,
    42.285351268
  ],
  ""type"": ""Point""
}",-83.162973313,42.2853512680001
24054,1494842,CHICAGO,WARD,2018-10-09,9,10,2018,8,3,5,9,,4,0,Concrete,1,1,1,35,2,2,2,5,0,0,0,0,true,false,false,false,false,false,false,false,false,false,false,false,false,false,false,false,false,false,false,false,false,false,-83.13988,42.36756,"{
  ""coordinates"": [
    -8.313988642091000e+01,
    4.236755660065160e+01
  ],
  ""type"": ""Point""
}","{
  ""coordinates"": [
    -83.139886421,
    42.367556601
  ],
  ""type"": ""Point""
}",-83.139886421,42.367556601
24055,1498484,35TH,BUCHANAN,2018-10-09,9,10,2018,17,3,4,9,,,0,,1,1,1,25,4,2,2,4,0,0,0,1,false,false,false,false,false,false,false,false,false,false,false,false,false,false,false,true,false,false,false,false,false,false,-83.1155,42.3348,"{
  ""coordinates"": [
    -8.311549776430400e+01,
    4.233479744495880e+01
  ],
  ""type"": ""Point""
}","{
  ""coordinates"": [
    -83.115497764,
    42.334797445
  ],
  ""type"": ""Point""
}",-83.1154977639999,42.334797445
24056,1498391,RAMP 037E,W I 96,2018-10-09,9,10,2018,17,3,8,1,,1,0,Asphalt,1,1,1,55,5,2,2,5,0,0,0,0,true,false,false,false,false,false,false,false,false,false,false,false,false,false,false,true,false,false,false,false,false,false,-83.08997,42.33572,"{
  ""coordinates"": [
    -8.308997654495241e+01,
    4.233571766657540e+01
  ],
  ""type"": ""Point""
}","{
  ""coordinates"": [
    -83.089976545,
    42.335717667
  ],
  ""type"": ""Point""
}",-83.089976545,42.335717667
24057,1496169,MEYERS,FENKELL,2018-10-09,9,10,2018,17,3,5,9,,4,0,Asphalt,1,1,1,35,2,2,3,5,0,0,0,0,true,false,false,false,false,false,false,false,false,false,false,false,false,false,false,false,false,false,false,false,false,false,-83.1694,42.4021,"{
  ""coordinates"": [
    -8.316939507093160e+01,
    4.240210326822210e+01
  ],
  ""type"": ""Point""
}","{
  ""coordinates"": [
    -83.169395071,
    42.402103268
  ],
  ""type"": ""Point""
}",-83.1693950709999,42.4021032680001
24058,1494904,CAMBRIDGE,SANTA BARBARA,2018-10-09,9,10,2018,8,3,4,9,,,0,,1,1,1,25,2,2,1,4,0,0,0,1,false,false,false,false,true,false,false,false,false,true,false,false,false,false,false,false,false,false,false,false,false,false,-83.14951,42.43324,"{
  ""coordinates"": [
    -8.314950396447550e+01,
    4.243323918582770e+01
  ],
  ""type"": ""Point""
}","{
  ""coordinates"": [
    -83.149503964,
    42.433239186
  ],
  ""type"": ""Point""
}",-83.149503964,42.433239186
24059,1494868,N M 39,E I 96,2018-10-09,9,10,2018,15,3,5,3,,1,0,Asphalt,1,1,1,55,2,2,2,5,0,0,0,0,true,false,false,false,false,false,false,false,false,false,false,false,false,false,false,false,false,false,false,false,false,false,-83.21692,42.37868,"{
  ""coordinates"": [
    -8.321691675830090e+01,
    4.237868226516460e+01
  ],
  ""type"": ""Point""
}","{
  ""coordinates"": [
    -83.216916758,
    42.378682265
  ],
  ""type"": ""Point""
}",-83.216916758,42.3786822650001
24060,1497085,GREENFIELD,CHICAGO,2018-10-09,9,10,2018,15,3,5,9,,2,0,Asphalt,1,1,1,35,4,2,4,4,0,0,0,1,false,false,false,false,true,false,false,false,false,false,false,false,false,false,false,false,false,false,false,false,false,false,-83.19729,42.36564,"{
  ""coordinates"": [
    -8.319728817065349e+01,
    4.236564312257070e+01
  ],
  ""type"": ""Point""
}","{
  ""coordinates"": [
    -83.197288171,
    42.365643123
  ],
  ""type"": ""Point""
}",-83.197288171,42.365643123
24061,1498373,E I 96 SERVICE DRIVE,MARTIN LUTHER KING JR,2018-10-09,9,10,2018,8,3,5,1,,4,0,Asphalt,1,2,1,55,1,2,2,5,0,0,0,0,true,false,false,false,false,false,false,false,false,false,false,false,false,false,false,false,false,false,false,false,false,false,-83.09121,42.33609,"{
  ""coordinates"": [
    -8.309120745930581e+01,
    4.233608754910100e+01
  ],
  ""type"": ""Point""
}","{
  ""coordinates"": [
    -83.091207459,
    42.336087549
  ],
  ""type"": ""Point""
}",-83.091207459,42.3360875490001
24062,1498581,VAN DYKE,KERCHEVAL,2018-10-09,9,10,2018,13,3,8,9,,4,3,Asphalt,1,1,1,30,5,2,0,5,0,0,0,0,true,false,false,false,false,false,false,false,false,false,false,true,false,false,false,false,false,false,false,false,false,false,-82.99957,42.3579,"{
  ""coordinates"": [
    -8.299956935745520e+01,
    4.235790375044460e+01
  ],
  ""type"": ""Point""
}","{
  ""coordinates"": [
    -82.999569357,
    42.35790375
  ],
  ""type"": ""Point""
}",-82.999569357,42.35790375
24063,1494894,GRAND,MOORE,2018-10-09,9,10,2018,15,3,8,9,,4,0,Asphalt,1,1,1,30,2,2,1,4,0,0,0,1,false,false,false,false,false,false,false,false,false,false,false,false,false,false,false,true,false,false,false,false,false,false,-83.11073,42.35154,"{
  ""coordinates"": [
    -8.311072496921980e+01,
    4.235154390812000e+01
  ],
  ""type"": ""Point""
}","{
  ""coordinates"": [
    -83.110724969,
    42.351543908
  ],
  ""type"": ""Point""
}",-83.110724969,42.3515439080001
24064,1517268,WARREN,GREENFIELD,2018-10-09,9,10,2018,20,3,4,9,,2,0,Asphalt,1,1,4,40,5,2,2,3,0,0,2,0,false,false,false,false,false,false,false,false,false,false,false,false,false,false,true,false,false,false,false,false,false,false,-83.19629,42.34367,"{
  ""coordinates"": [
    -8.319628772463820e+01,
    4.234366524206780e+01
  ],
  ""type"": ""Point""
}","{
  ""coordinates"": [
    -83.196287725,
    42.343665242
  ],
  ""type"": ""Point""
}",-83.196287725,42.343665242
24065,1494886,EASTBURN,HAYES,2018-10-09,9,10,2018,19,3,4,9,,,0,,1,1,4,25,2,2,2,5,0,0,0,0,true,false,true,false,false,false,false,false,false,false,false,false,false,false,true,false,false,false,false,false,false,false,-82.96606,42.4454,"{
  ""coordinates"": [
    -8.296606742212740e+01,
    4.244539965719840e+01
  ],
  ""type"": ""Point""
}","{
  ""coordinates"": [
    -82.966067422,
    42.445399657
  ],
  ""type"": ""Point""
}",-82.966067422,42.4453996570001
24066,1494895,WOODROW WILSON,BLAINE,2018-10-09,9,10,2018,9,3,4,9,,4,0,Asphalt,1,1,1,25,4,2,2,5,0,0,0,0,true,false,true,false,false,false,false,false,false,false,false,false,false,false,false,false,false,false,false,false,false,false,-83.09446,42.37429,"{
  ""coordinates"": [
    -8.309446190131111e+01,
    4.237429018979260e+01
  ],
  ""type"": ""Point""
}","{
  ""coordinates"": [
    -83.094461901,
    42.37429019
  ],
  ""type"": ""Point""
}",-83.094461901,42.3742901900001
24067,1498307,M-10,SEWARD,2018-10-09,9,10,2018,10,3,1,3,,1,1,Concrete,1,1,1,55,3,1,1,5,0,0,0,0,true,false,false,false,false,false,false,false,false,true,false,false,false,false,false,false,false,false,false,false,false,false,-83.08608,42.37323,"{
  ""coordinates"": [
    -8.308608076721130e+01,
    4.237322964354630e+01
  ],
  ""type"": ""Point""
}","{
  ""coordinates"": [
    -83.086080767,
    42.373229644
  ],
  ""type"": ""Point""
}",-83.0860807669999,42.373229644
24068,1498554,COLLINGWOOD,14TH,2018-10-09,9,10,2018,11,3,8,9,,,3,,1,1,4,35,1,2,1,5,0,0,0,0,true,false,false,false,true,false,false,false,false,false,false,false,false,false,false,false,false,false,false,false,false,false,-83.1075,42.3826,"{
  ""coordinates"": [
    -8.310749554612320e+01,
    4.238260107872640e+01
  ],
  ""type"": ""Point""
}","{
  ""coordinates"": [
    -83.107495546,
    42.382601079
  ],
  ""type"": ""Point""
}",-83.1074955459999,42.382601079
24069,1507742,S I 75,I 75 SERVICE DRIVE,2018-10-09,9,10,2018,0,3,1,1,,1,0,Asphalt,1,2,4,30,3,1,2,4,0,0,0,2,false,false,false,false,false,false,false,false,false,false,false,false,false,false,false,false,false,false,false,false,false,false,-83.095,42.43383,"{
  ""coordinates"": [
    -8.309500165971509e+01,
    4.243383242943410e+01
  ],
  ""type"": ""Point""
}","{
  ""coordinates"": [
    -83.09500166,
    42.433832429
  ],
  ""type"": ""Point""
}",-83.09500166,42.4338324290001
24070,1498359,M-39,WARREN,2018-10-09,9,10,2018,18,3,8,3,,1,0,Asphalt,1,2,1,55,3,2,4,5,0,0,0,0,true,false,false,false,false,false,false,false,false,false,false,false,false,true,false,false,false,false,false,false,false,false,-83.21603,42.342,"{
  ""coordinates"": [
    -8.321603568039430e+01,
    4.234200013609660e+01
  ],
  ""type"": ""Point""
}","{
  ""coordinates"": [
    -83.21603568,
    42.342000136
  ],
  ""type"": ""Point""
}",-83.2160356799999,42.3420001360001
24071,1498375,RAMP 008C,SOUTHFIELD SERVICE DRIVE,2018-10-09,9,10,2018,14,3,5,1,,1,0,Concrete,1,1,1,55,1,2,2,5,0,0,0,0,true,false,false,false,false,false,false,false,false,false,false,false,false,true,false,false,false,false,false,false,false,false,-83.21745,42.37895,"{
  ""coordinates"": [
    -8.321744520529110e+01,
    4.237895310792070e+01
  ],
  ""type"": ""Point""
}","{
  ""coordinates"": [
    -83.217445205,
    42.378953108
  ],
  ""type"": ""Point""
}",-83.217445205,42.3789531080001
24072,1494890,BROAD,COLLINGWOOD,2018-10-09,9,10,2018,10,3,4,9,,4,0,Asphalt,1,1,1,35,2,2,5,4,0,0,0,1,false,false,false,false,false,false,false,false,false,false,false,false,false,true,false,false,false,false,false,false,false,false,-83.13039,42.37378,"{
  ""coordinates"": [
    -8.313038875450910e+01,
    4.237377726548090e+01
  ],
  ""type"": ""Point""
}","{
  ""coordinates"": [
    -83.130388755,
    42.373777265
  ],
  ""type"": ""Point""
}",-83.130388755,42.3737772650001
24073,1494899,S I 75,8 MILE SERVICE DRIVE,2018-10-09,9,10,2018,9,3,5,1,,1,0,Asphalt,1,1,1,35,1,2,2,5,0,0,0,0,true,false,false,false,false,false,false,false,false,false,false,false,false,true,false,false,false,false,false,false,false,false,-83.09492,42.4467,"{
  ""coordinates"": [
    -8.309492304373850e+01,
    4.244670010477770e+01
  ],
  ""type"": ""Point""
}","{
  ""coordinates"": [
    -83.094923044,
    42.446700105
  ],
  ""type"": ""Point""
}",-83.094923044,42.446700105
24074,1497135,GRATIOT,FAIRMOUNT,2018-10-09,9,10,2018,23,3,5,3,,1,3,Asphalt,1,1,4,35,7,2,2,4,0,0,0,1,false,false,false,false,false,false,false,true,false,false,true,false,false,false,false,false,false,false,false,false,false,false,-82.97159,42.44434,"{
  ""coordinates"": [
    -8.297158577793060e+01,
    4.244434448238730e+01
  ],
  ""type"": ""Point""
}","{
  ""coordinates"": [
    -82.971585778,
    42.444344482
  ],
  ""type"": ""Point""
}",-82.971585778,42.4443444820001
24075,1498471,WOODWARD,HAZELWOOD,2018-10-09,9,10,2018,12,3,5,3,,1,0,Asphalt,1,1,1,30,3,2,2,4,0,0,0,1,false,false,false,false,false,false,false,false,false,false,false,false,false,false,false,false,false,false,false,false,false,false,-83.08063,42.38117,"{
  ""coordinates"": [
    -8.308062913126410e+01,
    4.238116725045940e+01
  ],
  ""type"": ""Point""
}","{
  ""coordinates"": [
    -83.080629131,
    42.38116725
  ],
  ""type"": ""Point""
}",-83.080629131,42.38116725
24076,1498438,I-96,GREENFIELD,2018-10-09,9,10,2018,13,3,1,1,,1,0,Concrete,1,1,1,55,3,1,1,5,0,0,0,0,true,false,false,false,false,false,false,false,false,false,false,false,false,false,true,false,false,false,false,false,false,false,-83.19861,42.37923,"{
  ""coordinates"": [
    -8.319860541822160e+01,
    4.237923296649000e+01
  ],
  ""type"": ""Point""
}","{
  ""coordinates"": [
    -83.198605418,
    42.379232966
  ],
  ""type"": ""Point""
}",-83.1986054179999,42.3792329660001
24077,1494840,GREENFIELD,GRAND RIVER,2018-10-09,9,10,2018,3,3,4,3,,2,0,Asphalt,1,1,4,35,4,2,2,5,0,0,0,0,true,false,true,true,false,false,false,false,false,false,false,false,false,false,false,false,false,false,false,false,false,false,-83.19836,42.39266,"{
  ""coordinates"": [
    -8.319836526477810e+01,
    4.239265655829940e+01
  ],
  ""type"": ""Point""
}","{
  ""coordinates"": [
    -83.198365265,
    42.392656558
  ],
  ""type"": ""Point""
}",-83.1983652649999,42.3926565580001
24078,1500758,8 MILE,MITCHELL,2018-10-09,9,10,2018,13,3,5,3,,1,0,Asphalt,1,1,1,40,3,2,2,5,0,0,0,0,true,false,false,false,false,false,false,false,false,false,true,false,false,false,false,false,false,false,false,false,false,false,-83.07292,42.44715,"{
  ""coordinates"": [
    -8.307291948194880e+01,
    4.244715105783340e+01
  ],
  ""type"": ""Point""
}","{
  ""coordinates"": [
    -83.072919482,
    42.447151058
  ],
  ""type"": ""Point""
}",-83.072919482,42.447151058
24079,1496177,EVERGREEN,JOY,2018-10-09,9,10,2018,22,3,4,9,,4,0,Asphalt,1,1,4,,4,2,4,5,0,0,0,0,true,false,false,false,false,true,false,false,false,false,false,false,false,false,false,false,false,false,false,false,false,false,-83.23595,42.35782,"{
  ""coordinates"": [
    -8.323595679373750e+01,
    4.235781759550680e+01
  ],
  ""type"": ""Point""
}","{
  ""coordinates"": [
    -83.235956794,
    42.357817596
  ],
  ""type"": ""Point""
}",-83.2359567939999,42.3578175960001
24080,1498494,SAINT LAWRENCE,BAUBEE,2018-10-09,9,10,2018,11,3,98,9,,,0,,1,1,1,25,3,2,0,5,0,0,0,0,true,false,false,false,true,false,false,false,false,false,false,false,false,false,false,false,false,false,false,false,false,false,-83.14067,42.32707,"{
  ""coordinates"": [
    -8.314067263273451e+01,
    4.232707197577980e+01
  ],
  ""type"": ""Point""
}","{
  ""coordinates"": [
    -83.140672633,
    42.327071976
  ],
  ""type"": ""Point""
}",-83.140672633,42.3270719760001
24081,1502698,GRISWOLD,CONGRESS,2018-10-09,9,10,2018,12,3,1,9,,4,0,Asphalt,1,1,1,,4,2,2,4,0,0,0,1,false,false,false,false,false,false,false,false,false,false,false,false,false,false,false,false,false,false,false,false,true,false,-83.04677,42.32996,"{
  ""coordinates"": [
    -8.304677067579949e+01,
    4.232995538339580e+01
  ],
  ""type"": ""Point""
}","{
  ""coordinates"": [
    -83.046770676,
    42.329955383
  ],
  ""type"": ""Point""
}",-83.0467706759999,42.329955383
24082,1502763,WOODWARD,NEVADA,2018-10-09,9,10,2018,21,3,97,3,,1,0,Asphalt,1,1,5,40,5,2,1,5,0,0,0,0,true,false,false,false,true,false,false,false,false,false,false,true,false,true,false,false,false,false,false,false,false,false,-83.10927,42.42365,"{
  ""coordinates"": [
    -8.310926551985220e+01,
    4.242364434587570e+01
  ],
  ""type"": ""Point""
}","{
  ""coordinates"": [
    -83.10926552,
    42.423644346
  ],
  ""type"": ""Point""
}",-83.10926552,42.4236443460001
24083,1494700,E I 94,RAMP 213D,2018-10-09,9,10,2018,10,3,8,1,,1,0,Asphalt,1,1,1,,4,2,2,5,0,0,0,0,true,false,false,false,false,false,false,false,false,false,false,false,false,false,false,false,false,false,false,false,false,false,-83.10497,42.34826,"{
  ""coordinates"": [
    -8.310496891161640e+01,
    4.234826261419830e+01
  ],
  ""type"": ""Point""
}","{
  ""coordinates"": [
    -83.104968912,
    42.348262614
  ],
  ""type"": ""Point""
}",-83.1049689119999,42.3482626140001
24084,1497101,MICHIGAN,LONYO,2018-10-09,9,10,2018,18,3,4,2,,1,0,Asphalt,1,1,1,35,6,2,2,5,0,0,0,0,true,false,true,true,false,false,false,false,false,false,false,false,false,false,false,false,false,false,false,false,false,false,-83.14445,42.33045,"{
  ""coordinates"": [
    -8.314444836702820e+01,
    4.233044979989020e+01
  ],
  ""type"": ""Point""
}","{
  ""coordinates"": [
    -83.144448367,
    42.3304498
  ],
  ""type"": ""Point""
}",-83.1444483669999,42.3304498000001
24085,1494876,8 MILE,SHAEFER,2018-10-09,9,10,2018,10,3,6,3,,1,0,Asphalt,1,1,1,35,4,2,2,5,0,0,0,0,true,false,false,false,false,false,false,false,false,false,false,false,false,true,false,false,false,false,false,false,false,false,-83.181,42.44519,"{
  ""coordinates"": [
    -8.318099927361590e+01,
    4.244519110960350e+01
  ],
  ""type"": ""Point""
}","{
  ""coordinates"": [
    -83.180999274,
    42.44519111
  ],
  ""type"": ""Point""
}",-83.180999274,42.4451911100001
24086,1502756,GREENFIELD,JOHN C LODGE,2018-10-09,9,10,2018,17,3,5,7,,1,0,Asphalt,1,1,1,30,6,3,3,4,0,0,0,3,false,false,false,false,false,false,false,false,false,false,false,false,false,false,false,false,false,false,false,false,false,false,-83.20044,42.4432,"{
  ""coordinates"": [
    -8.320044047945940e+01,
    4.244319705374720e+01
  ],
  ""type"": ""Point""
}","{
  ""coordinates"": [
    -83.200440479,
    42.443197054
  ],
  ""type"": ""Point""
}",-83.200440479,42.4431970540001
24087,1498353,I-94,CECIL,2018-10-09,9,10,2018,1,3,8,1,,1,0,Asphalt,1,1,4,55,3,2,2,5,0,0,0,0,true,false,false,false,false,true,false,false,false,false,false,false,false,false,false,false,false,false,false,false,false,false,-83.13227,42.33456,"{
  ""coordinates"": [
    -8.313226769600070e+01,
    4.233456242149110e+01
  ],
  ""type"": ""Point""
}","{
  ""coordinates"": [
    -83.132267696,
    42.334562421
  ],
  ""type"": ""Point""
}",-83.132267696,42.334562421
24088,1498300,RAMP 047B,W M 8,2018-10-09,9,10,2018,15,3,5,1,,1,0,Concrete,1,1,1,55,2,2,2,5,0,0,0,0,true,false,false,false,false,false,false,false,false,false,false,false,false,false,true,false,false,false,false,false,false,false,-83.07926,42.40891,"{
  ""coordinates"": [
    -8.307926356335130e+01,
    4.240890683047860e+01
  ],
  ""type"": ""Point""
}","{
  ""coordinates"": [
    -83.079263563,
    42.40890683
  ],
  ""type"": ""Point""
}",-83.079263563,42.40890683
24089,1496192,MACK,FIELD,2018-10-09,9,10,2018,23,3,5,9,,4,0,Asphalt,1,1,4,35,2,3,3,4,0,0,0,1,false,false,false,false,false,false,false,false,false,false,false,false,false,false,true,false,false,false,false,true,false,false,-83.01145,42.36501,"{
  ""coordinates"": [
    -8.301145072215290e+01,
    4.236500631662860e+01
  ],
  ""type"": ""Point""
}","{
  ""coordinates"": [
    -83.011450722,
    42.365006317
  ],
  ""type"": ""Point""
}",-83.0114507219999,42.3650063170001
24090,1498577,8 MILE,MOUNT ELLIOTT,2018-10-09,9,10,2018,14,3,4,3,,1,0,Asphalt,1,1,1,40,2,2,1,4,0,0,0,1,false,false,true,true,true,false,false,false,false,false,false,false,false,false,false,true,false,false,false,false,false,false,-83.03938,42.44788,"{
  ""coordinates"": [
    -8.303937656766750e+01,
    4.244787456736080e+01
  ],
  ""type"": ""Point""
}","{
  ""coordinates"": [
    -83.039376568,
    42.447874567
  ],
  ""type"": ""Point""
}",-83.039376568,42.447874567
24091,1496197,JEFFERSON,MCDOUGALL,2018-10-09,9,10,2018,20,3,1,9,,4,0,Asphalt,1,1,4,35,5,2,2,4,0,0,0,1,false,false,false,false,false,false,false,false,false,false,false,true,false,false,false,false,false,false,false,false,true,false,-83.01644,42.34091,"{
  ""coordinates"": [
    -8.301643901188351e+01,
    4.234091298749720e+01
  ],
  ""type"": ""Point""
}","{
  ""coordinates"": [
    -83.016439012,
    42.340912987
  ],
  ""type"": ""Point""
}",-83.016439012,42.3409129870001
24092,1496176,PLYMOUTH,OUTER,2018-10-09,9,10,2018,13,3,4,9,,1,0,Asphalt,1,1,1,40,5,2,4,2,0,2,0,0,false,false,true,true,false,false,false,false,false,false,false,false,false,false,true,false,false,false,false,false,false,false,-83.26091,42.3716,"{
  ""coordinates"": [
    -8.326090763211980e+01,
    4.237159606913010e+01
  ],
  ""type"": ""Point""
}","{
  ""coordinates"": [
    -83.260907632,
    42.371596069
  ],
  ""type"": ""Point""
}",-83.2609076319999,42.3715960690001