ObjectId,Crash ID,Primary Road,Intersecting Road,Crash Date,Day,Month,Year,Hour,Weekday,Crash Type Code,Highway Classification Code,Community Code,Jurisdiction Code,Lane Departure Type Code,Surface Type,Road Condition,Weather Condition,Lighting Condition,Speed Limit,Lanes,Units,Occupants,Most Severe Injury,Fatal Injuries,Suspected Serious Injuries,Suspected Minor Injuries,Possible Injuries,Property Damage Only,Secondary Crash,Traffic Control,Red Light Run,Hit and Run,Alcohol,Drugs,Unbelted Person,Work Zone,Speeding Driver,Distracted Driver,Driveway,Pedestrian,Elderly Driver,Young Driver,Commercial Vehicle,Emergency Vehicles,Train,School Bus,Motorcycle,Bicycle,Deer,Longitude,Latitude,geom,geog,x,y
24365,1492005,MEYERS,CURTIS,2018-10-05,5,10,2018,10,6,4,9,,4,0,Asphalt,1,2,1,30,2,2,4,5,0,0,0,0,true,false,false,false,false,false,false,false,false,false,false,true,false,false,true,false,false,false,false,false,false,false,-83.17042,42.42344,"{
  ""coordinates"": [
    -8.317041514170880e+01,
    4.242343605196790e+01
  ],
  ""type"": ""Point""
}","{
  ""coordinates"": [
    -83.170415142,
    42.423436052
  ],
  ""type"": ""Point""
}",-83.170415142,42.4234360520001
24366,1491986,MOUND,8 MILE,2018-10-05,5,10,2018,14,6,8,3,,2,0,Asphalt,1,2,1,35,2,2,1,5,0,0,0,0,true,false,false,false,true,false,false,false,false,false,false,false,false,false,false,false,false,false,false,false,false,false,-83.04429,42.4479,"{
  ""coordinates"": [
    -8.304429235730430e+01,
    4.244789624609110e+01
  ],
  ""type"": ""Point""
}","{
  ""coordinates"": [
    -83.044292357,
    42.447896246
  ],
  ""type"": ""Point""
}",-83.044292357,42.447896246
24367,1494928,CASS,ANTOINETTE,2018-10-05,5,10,2018,8,6,1,9,,4,0,Asphalt,1,1,1,25,2,2,1,5,0,0,0,0,true,false,false,false,false,false,false,false,false,false,false,true,true,false,false,false,false,false,false,false,false,false,-83.07098,42.36356,"{
  ""coordinates"": [
    -8.307098326941809e+01,
    4.236355548159250e+01
  ],
  ""type"": ""Point""
}","{
  ""coordinates"": [
    -83.070983269,
    42.363555482
  ],
  ""type"": ""Point""
}",-83.070983269,42.363555482
24368,1493015,CASS,PUTNAM,2018-10-05,5,10,2018,12,6,9,9,,4,2,Asphalt,1,2,1,25,2,2,2,5,0,0,0,0,true,false,false,false,true,false,false,false,false,false,false,false,false,false,false,false,false,false,false,false,false,false,-83.06775,42.3579,"{
  ""coordinates"": [
    -8.306775030350209e+01,
    4.235789787426620e+01
  ],
  ""type"": ""Point""
}","{
  ""coordinates"": [
    -83.067750304,
    42.357897874
  ],
  ""type"": ""Point""
}",-83.067750304,42.3578978740001
24369,1491889,N M 39,PEMBROKE,2018-10-05,5,10,2018,4,6,8,3,,1,0,Concrete,1,2,4,30,2,2,0,5,0,0,0,0,true,false,false,false,true,false,false,false,false,false,false,false,false,false,false,false,false,false,false,false,false,false,-83.21956,42.43762,"{
  ""coordinates"": [
    -8.321956007238239e+01,
    4.243762278014040e+01
  ],
  ""type"": ""Point""
}","{
  ""coordinates"": [
    -83.219560072,
    42.43762278
  ],
  ""type"": ""Point""
}",-83.219560072,42.43762278
24370,1493890,SAINT ANTOINE,FREDERICK DOUGLASS,2018-10-05,5,10,2018,12,6,8,9,,4,0,Concrete,1,1,1,25,4,2,2,5,0,0,0,0,true,false,false,false,false,false,false,false,false,false,false,true,false,false,false,false,false,false,false,false,false,false,-83.05849,42.36198,"{
  ""coordinates"": [
    -8.305849351329240e+01,
    4.236198131325400e+01
  ],
  ""type"": ""Point""
}","{
  ""coordinates"": [
    -83.058493513,
    42.361981313
  ],
  ""type"": ""Point""
}",-83.058493513,42.3619813130001
24371,1497096,VERNOR,PEARL,2018-10-05,5,10,2018,20,6,8,9,,4,0,Asphalt,1,1,4,25,2,2,1,5,0,0,0,0,true,false,false,false,true,false,false,false,false,false,false,false,false,false,false,false,false,false,false,false,false,false,-83.13017,42.31024,"{
  ""coordinates"": [
    -8.313016336672609e+01,
    4.231023860748660e+01
  ],
  ""type"": ""Point""
}","{
  ""coordinates"": [
    -83.130163367,
    42.310238607
  ],
  ""type"": ""Point""
}",-83.130163367,42.310238607
24372,1492979,TELEGRAPH,8 MILE,2018-10-05,5,10,2018,16,6,5,2,,1,0,Asphalt,1,2,1,45,5,2,2,3,0,0,2,0,false,false,false,false,false,false,false,false,false,false,false,false,false,true,false,false,false,false,false,false,false,false,-83.27832,42.44267,"{
  ""coordinates"": [
    -8.327831885252340e+01,
    4.244266833193050e+01
  ],
  ""type"": ""Point""
}","{
  ""coordinates"": [
    -83.278318853,
    42.442668332
  ],
  ""type"": ""Point""
}",-83.278318853,42.442668332
24373,1491886,JOY,LITTLEFIELD,2018-10-05,5,10,2018,17,6,97,9,,4,0,Asphalt,1,1,1,,4,2,2,5,0,0,0,0,true,false,false,false,false,false,false,false,false,false,false,false,false,true,false,false,false,false,false,false,false,false,-83.17501,42.3586,"{
  ""coordinates"": [
    -8.317501159253800e+01,
    4.235859683154200e+01
  ],
  ""type"": ""Point""
}","{
  ""coordinates"": [
    -83.175011593,
    42.358596832
  ],
  ""type"": ""Point""
}",-83.175011593,42.358596832
24374,1491968,GRATIOT,KNODELL,2018-10-05,5,10,2018,9,6,8,3,,1,0,Asphalt,1,1,1,,2,2,2,5,0,0,0,0,true,false,false,false,false,false,false,false,true,false,false,false,false,false,false,false,false,false,false,false,false,false,-83.00131,42.39907,"{
  ""coordinates"": [
    -8.300131412209799e+01,
    4.239907423081270e+01
  ],
  ""type"": ""Point""
}","{
  ""coordinates"": [
    -83.001314122,
    42.399074231
  ],
  ""type"": ""Point""
}",-83.0013141219999,42.399074231
24375,1492969,N M 10 SERVICE DRIVE,EUCLID,2018-10-05,5,10,2018,22,6,5,9,,4,0,Asphalt,2,4,5,20,2,2,1,5,0,0,0,0,true,false,false,false,false,false,false,false,false,false,false,false,false,false,true,false,false,false,false,false,false,false,-83.08605,42.37419,"{
  ""coordinates"": [
    -8.308605065249439e+01,
    4.237419219976880e+01
  ],
  ""type"": ""Point""
}","{
  ""coordinates"": [
    -83.086050652,
    42.3741922
  ],
  ""type"": ""Point""
}",-83.086050652,42.3741922
24376,1498617,7 MILE,MARK TWAIN,2018-10-05,5,10,2018,19,6,5,9,,2,0,Asphalt,1,1,1,,2,2,1,5,0,0,0,0,true,false,false,false,false,false,false,false,false,false,false,false,false,false,false,false,false,false,false,false,false,false,-83.1875,42.43081,"{
  ""coordinates"": [
    -8.318749971060799e+01,
    4.243080515864350e+01
  ],
  ""type"": ""Point""
}","{
  ""coordinates"": [
    -83.187499711,
    42.430805159
  ],
  ""type"": ""Point""
}",-83.187499711,42.430805159
24377,1491911,JUNCTION,VERNOR,2018-10-05,5,10,2018,20,6,9,9,,4,2,Asphalt,1,1,4,30,2,2,2,5,0,0,0,0,true,false,false,false,false,false,false,false,false,false,false,false,false,false,false,false,false,false,false,false,false,false,-83.10218,42.3183,"{
  ""coordinates"": [
    -8.310218115418310e+01,
    4.231830377195980e+01
  ],
  ""type"": ""Point""
}","{
  ""coordinates"": [
    -83.102181154,
    42.318303772
  ],
  ""type"": ""Point""
}",-83.1021811539999,42.318303772
24378,1491952,KIRBY,MORAN,2018-10-05,5,10,2018,2,6,1,9,,,1,,98,98,98,25,1,1,0,5,0,0,0,0,true,false,false,false,true,false,false,false,false,false,false,false,false,false,false,false,false,false,false,false,false,false,-83.03321,42.37234,"{
  ""coordinates"": [
    -8.303320732119850e+01,
    4.237234220138770e+01
  ],
  ""type"": ""Point""
}","{
  ""coordinates"": [
    -83.033207321,
    42.372342201
  ],
  ""type"": ""Point""
}",-83.033207321,42.372342201
24379,1491926,HARDING,VERNOR,2018-10-05,5,10,2018,15,6,4,9,,,0,,1,2,2,30,3,2,2,5,0,0,0,0,true,false,true,false,true,false,false,false,false,false,false,false,false,true,false,false,false,false,false,false,false,false,-82.98047,42.36912,"{
  ""coordinates"": [
    -8.298046578800680e+01,
    4.236911789340900e+01
  ],
  ""type"": ""Point""
}","{
  ""coordinates"": [
    -82.980465788,
    42.369117893
  ],
  ""type"": ""Point""
}",-82.9804657879999,42.3691178930001
24380,1491878,N I 75,WOODWARD,2018-10-05,5,10,2018,19,6,5,1,,1,0,Concrete,1,2,4,30,2,2,3,5,0,0,0,0,true,false,false,false,false,false,false,false,false,false,false,false,false,false,true,false,false,false,false,false,false,false,-83.05283,42.33983,"{
  ""coordinates"": [
    -8.305283370556390e+01,
    4.233983285265040e+01
  ],
  ""type"": ""Point""
}","{
  ""coordinates"": [
    -83.052833706,
    42.339832853
  ],
  ""type"": ""Point""
}",-83.0528337059999,42.3398328530001
24381,1491948,JEFFERSON,MEADOWBROOK,2018-10-05,5,10,2018,,6,8,9,,4,0,Asphalt,1,1,4,35,5,2,1,5,0,0,0,0,true,false,false,false,false,false,false,false,false,true,false,false,false,false,false,false,true,false,false,false,false,false,-82.97634,42.36427,"{
  ""coordinates"": [
    -8.297634308786860e+01,
    4.236426705814930e+01
  ],
  ""type"": ""Point""
}","{
  ""coordinates"": [
    -82.976343088,
    42.364267058
  ],
  ""type"": ""Point""
}",-82.976343088,42.3642670580001
24382,1491961,BALFOUR,WHITTIER,2018-10-05,5,10,2018,20,6,97,9,,,0,,1,1,4,30,2,3,2,4,0,0,0,1,false,false,true,false,true,false,false,false,false,false,false,false,false,false,false,false,false,false,false,false,false,false,-82.94861,42.41516,"{
  ""coordinates"": [
    -8.294861014291010e+01,
    4.241515916050230e+01
  ],
  ""type"": ""Point""
}","{
  ""coordinates"": [
    -82.948610143,
    42.415159161
  ],
  ""type"": ""Point""
}",-82.9486101429999,42.4151591610001
24383,1492997,DEXTER,DAVISON,2018-10-05,5,10,2018,18,6,4,3,,4,0,Asphalt,1,1,1,35,4,2,1,5,0,0,0,0,true,true,false,false,true,false,false,false,false,false,false,false,false,false,false,false,false,false,false,false,false,false,-83.13087,42.38974,"{
  ""coordinates"": [
    -8.313087251518870e+01,
    4.238974320806730e+01
  ],
  ""type"": ""Point""
}","{
  ""coordinates"": [
    -83.130872515,
    42.389743208
  ],
  ""type"": ""Point""
}",-83.130872515,42.389743208
24384,1491964,CHALMERS,EVANSTON,2018-10-05,5,10,2018,16,6,4,9,,4,0,Asphalt,1,1,1,25,2,2,4,5,0,0,0,0,true,false,false,false,false,false,false,false,false,false,false,false,false,false,true,false,false,false,false,false,false,false,-82.965,42.40543,"{
  ""coordinates"": [
    -8.296500201723330e+01,
    4.240543442873590e+01
  ],
  ""type"": ""Point""
}","{
  ""coordinates"": [
    -82.965002017,
    42.405434429
  ],
  ""type"": ""Point""
}",-82.965002017,42.405434429
24385,1506351,ROWE,7 MILE,2018-10-05,5,10,2018,22,6,5,9,,,0,,1,1,5,25,2,2,1,3,0,0,1,0,false,false,false,false,false,false,false,false,false,false,false,false,false,false,false,false,false,false,false,false,false,false,-83.00346,42.43474,"{
  ""coordinates"": [
    -8.300346357587260e+01,
    4.243473744366400e+01
  ],
  ""type"": ""Point""
}","{
  ""coordinates"": [
    -83.003463576,
    42.434737444
  ],
  ""type"": ""Point""
}",-83.0034635759999,42.4347374440001
24386,1491974,7 MILE,FAIRPORT,2018-10-05,5,10,2018,15,6,8,9,,4,0,Asphalt,1,2,1,30,2,2,4,5,0,0,0,0,true,false,false,false,false,false,false,false,false,false,false,false,false,false,false,false,false,false,false,false,false,false,-82.99081,42.43479,"{
  ""coordinates"": [
    -8.299081765447940e+01,
    4.243479079662990e+01
  ],
  ""type"": ""Point""
}","{
  ""coordinates"": [
    -82.990817654,
    42.434790797
  ],
  ""type"": ""Point""
}",-82.990817654,42.4347907970001
24387,1496179,EVERGREEN,VAN BUREN,2018-10-05,5,10,2018,23,6,4,9,,4,0,Asphalt,2,4,4,30,2,2,2,4,0,0,0,1,false,false,false,false,false,false,false,false,false,false,false,false,false,false,false,false,false,false,false,false,false,false,-83.23586,42.3556,"{
  ""coordinates"": [
    -8.323585974545530e+01,
    4.235560156089530e+01
  ],
  ""type"": ""Point""
}","{
  ""coordinates"": [
    -83.235859745,
    42.355601561
  ],
  ""type"": ""Point""
}",-83.235859745,42.3556015610001
24388,1492959,MILWAUKEE,CASS,2018-10-05,5,10,2018,3,6,8,9,,4,0,Asphalt,1,1,1,,2,2,5,5,0,0,0,0,true,false,false,false,false,false,false,false,false,false,false,false,false,false,false,false,false,false,false,false,false,false,-83.07405,42.36856,"{
  ""coordinates"": [
    -8.307405386580260e+01,
    4.236855776877610e+01
  ],
  ""type"": ""Point""
}","{
  ""coordinates"": [
    -83.074053866,
    42.368557769
  ],
  ""type"": ""Point""
}",-83.074053866,42.3685577690001
24389,1492994,7 MILE,SUNDERLAND,2018-10-05,5,10,2018,13,6,4,9,,2,0,Asphalt,2,4,1,35,4,2,2,5,0,0,0,0,true,false,false,false,false,false,false,false,false,false,false,false,false,true,false,false,false,false,false,false,false,false,-83.22915,42.42984,"{
  ""coordinates"": [
    -8.322914576549449e+01,
    4.242983822494710e+01
  ],
  ""type"": ""Point""
}","{
  ""coordinates"": [
    -83.229145765,
    42.429838225
  ],
  ""type"": ""Point""
}",-83.2291457649999,42.429838225
24390,1497114,RUSSELL,MACK,2018-10-05,5,10,2018,23,6,4,9,,,0,,1,1,4,35,4,2,1,5,0,0,0,0,true,false,false,false,true,false,false,false,false,false,false,false,false,false,false,false,false,false,false,false,false,false,-83.0449,42.35291,"{
  ""coordinates"": [
    -8.304490128740269e+01,
    4.235291071692690e+01
  ],
  ""type"": ""Point""
}","{
  ""coordinates"": [
    -83.044901287,
    42.352910717
  ],
  ""type"": ""Point""
}",-83.044901287,42.352910717
24391,1491971,WHITTIER,ROXBURY,2018-10-05,5,10,2018,23,6,1,9,,4,0,Asphalt,1,1,4,30,2,1,1,5,0,0,0,0,true,false,false,false,true,false,false,false,false,false,false,false,false,false,false,false,false,false,false,false,false,false,-82.95304,42.41693,"{
  ""coordinates"": [
    -8.295304156538360e+01,
    4.241692766101290e+01
  ],
  ""type"": ""Point""
}","{
  ""coordinates"": [
    -82.953041565,
    42.416927661
  ],
  ""type"": ""Point""
}",-82.953041565,42.416927661
24392,1491996,JAMES COUZENS,GREENLODGE,2018-10-05,5,10,2018,9,6,4,3,,1,0,Concrete,1,2,1,35,2,2,2,5,0,0,0,0,true,false,false,false,false,false,false,false,false,false,false,false,false,true,false,false,false,false,false,false,false,false,-83.20102,42.44299,"{
  ""coordinates"": [
    -8.320102083826940e+01,
    4.244298859474790e+01
  ],
  ""type"": ""Point""
}","{
  ""coordinates"": [
    -83.201020838,
    42.442988595
  ],
  ""type"": ""Point""
}",-83.201020838,42.442988595
24393,1491894,SECOND,MILWAUKEE,2018-10-05,5,10,2018,23,6,4,9,,4,0,Asphalt,1,1,4,30,2,2,2,4,0,0,0,1,false,false,false,false,false,false,false,false,false,true,false,false,false,false,false,false,false,false,false,false,false,false,-83.07613,42.36792,"{
  ""coordinates"": [
    -8.307613574502059e+01,
    4.236791873533290e+01
  ],
  ""type"": ""Point""
}","{
  ""coordinates"": [
    -83.076135745,
    42.367918735
  ],
  ""type"": ""Point""
}",-83.076135745,42.367918735
24394,1494864,FENKELL,MEYERS,2018-10-05,5,10,2018,16,6,4,9,,2,0,Asphalt,1,1,1,35,4,2,1,5,0,0,0,0,true,false,false,false,true,false,false,false,false,false,false,false,false,false,false,false,false,false,false,false,false,false,-83.1694,42.40223,"{
  ""coordinates"": [
    -8.316940170851809e+01,
    4.240222940666750e+01
  ],
  ""type"": ""Point""
}","{
  ""coordinates"": [
    -83.169401709,
    42.402229407
  ],
  ""type"": ""Point""
}",-83.1694017089999,42.402229407
24395,1491918,LIVERNOIS,JOHN KRONK,2018-10-05,5,10,2018,15,6,97,9,,4,0,Asphalt,1,1,1,35,5,2,1,5,0,0,0,0,true,false,false,false,true,false,false,false,false,false,false,false,false,false,false,false,false,false,false,false,false,false,-83.1157,42.32472,"{
  ""coordinates"": [
    -8.311569622714811e+01,
    4.232472328569210e+01
  ],
  ""type"": ""Point""
}","{
  ""coordinates"": [
    -83.115696227,
    42.324723286
  ],
  ""type"": ""Point""
}",-83.1156962269999,42.3247232860001
24396,1491882,TIREMAN,WARD,2018-10-05,5,10,2018,10,6,8,9,,2,0,Asphalt,1,2,1,,2,2,1,5,0,0,0,0,true,false,false,false,false,false,false,false,false,false,true,false,false,false,false,false,false,false,false,false,false,false,-83.17251,42.35139,"{
  ""coordinates"": [
    -8.317250793628800e+01,
    4.235138600507460e+01
  ],
  ""type"": ""Point""
}","{
  ""coordinates"": [
    -83.172507936,
    42.351386005
  ],
  ""type"": ""Point""
}",-83.172507936,42.3513860050001
24397,1491928,CONNER,FREUD,2018-10-05,5,10,2018,9,6,4,9,,,0,,1,1,1,30,2,2,4,2,0,1,0,3,false,false,false,false,false,false,false,false,false,false,false,false,false,false,false,false,false,false,false,false,false,false,-82.95583,42.36515,"{
  ""coordinates"": [
    -8.295583510270670e+01,
    4.236515085172890e+01
  ],
  ""type"": ""Point""
}","{
  ""coordinates"": [
    -82.955835103,
    42.365150852
  ],
  ""type"": ""Point""
}",-82.955835103,42.3651508520001
24398,1491984,NEVADA,CONANT,2018-10-05,5,10,2018,9,6,4,9,,4,0,Asphalt,1,2,1,30,2,2,2,5,0,0,0,0,true,false,false,false,false,false,false,false,false,false,false,false,false,false,false,true,false,false,false,false,false,false,-83.06851,42.42583,"{
  ""coordinates"": [
    -8.306851249816830e+01,
    4.242583430628960e+01
  ],
  ""type"": ""Point""
}","{
  ""coordinates"": [
    -83.068512498,
    42.425834306
  ],
  ""type"": ""Point""
}",-83.068512498,42.4258343060001
24399,1496184,DIX,CENTRAL,2018-10-05,5,10,2018,17,6,5,9,,4,0,Asphalt,1,1,1,30,4,2,4,5,0,0,0,0,true,false,false,false,true,false,false,false,false,false,false,false,false,false,false,false,false,false,false,false,false,false,-83.12767,42.31717,"{
  ""coordinates"": [
    -8.312766935744560e+01,
    4.231716950173910e+01
  ],
  ""type"": ""Point""
}","{
  ""coordinates"": [
    -83.127669357,
    42.317169502
  ],
  ""type"": ""Point""
}",-83.1276693569999,42.3171695020001
24400,1498623,S M 39 SERVICE DRIVE,WARREN,2018-10-05,5,10,2018,12,6,5,9,,4,0,Asphalt,1,1,1,30,4,2,1,4,0,0,0,1,false,false,false,false,false,false,false,false,false,false,false,false,false,false,false,false,false,false,false,false,false,false,-83.21654,42.34338,"{
  ""coordinates"": [
    -8.321653546343960e+01,
    4.234337500686040e+01
  ],
  ""type"": ""Point""
}","{
  ""coordinates"": [
    -83.216535463,
    42.343375007
  ],
  ""type"": ""Point""
}",-83.216535463,42.3433750070001
24401,1491992,SCHAEFER,VASSAR,2018-10-05,5,10,2018,16,6,4,9,,4,0,Asphalt,1,1,1,30,2,2,2,5,0,0,0,0,true,false,false,false,true,false,false,false,false,false,false,false,false,false,false,false,false,false,false,false,false,false,-83.18062,42.43456,"{
  ""coordinates"": [
    -8.318061998961520e+01,
    4.243456034894900e+01
  ],
  ""type"": ""Point""
}","{
  ""coordinates"": [
    -83.18061999,
    42.434560349
  ],
  ""type"": ""Point""
}",-83.18061999,42.434560349
24402,1498405,N M 10,7 MILE,2018-10-05,5,10,2018,14,6,1,3,,1,1,Concrete,1,2,1,55,3,1,1,3,0,0,1,0,false,false,false,false,false,false,false,false,false,true,false,false,false,false,false,false,false,false,false,false,false,false,-83.18671,42.43061,"{
  ""coordinates"": [
    -8.318671236335520e+01,
    4.243060858849440e+01
  ],
  ""type"": ""Point""
}","{
  ""coordinates"": [
    -83.186712363,
    42.430608588
  ],
  ""type"": ""Point""
}",-83.186712363,42.430608588
24403,1491914,PLUMER,MCKINSTRY,2018-10-05,5,10,2018,15,6,3,9,,,0,,1,2,1,25,1,2,1,5,0,0,0,0,true,false,false,false,true,false,false,false,false,false,false,false,false,false,false,false,false,false,false,false,false,false,-83.10183,42.3239,"{
  ""coordinates"": [
    -8.310183173390040e+01,
    4.232390367489980e+01
  ],
  ""type"": ""Point""
}","{
  ""coordinates"": [
    -83.101831734,
    42.323903675
  ],
  ""type"": ""Point""
}",-83.101831734,42.3239036750001
24404,1491884,PURITAN,MARLOWE,2018-10-05,5,10,2018,16,6,3,9,,4,0,Asphalt,1,2,1,30,2,2,1,5,0,0,0,0,true,false,false,false,true,false,false,false,false,false,false,false,false,false,false,false,false,false,false,false,false,false,-83.19226,42.40896,"{
  ""coordinates"": [
    -8.319225703161570e+01,
    4.240895835035370e+01
  ],
  ""type"": ""Point""
}","{
  ""coordinates"": [
    -83.192257032,
    42.40895835
  ],
  ""type"": ""Point""
}",-83.192257032,42.40895835
24405,1507762,S I 75,GRAND RIVER,2018-10-05,5,10,2018,15,6,4,1,,1,0,Concrete,1,1,1,25,8,2,2,4,0,0,0,1,false,false,false,false,false,false,false,false,false,false,false,false,false,true,false,false,false,false,false,false,false,false,-83.05946,42.33658,"{
  ""coordinates"": [
    -8.305946100969270e+01,
    4.233658387645110e+01
  ],
  ""type"": ""Point""
}","{
  ""coordinates"": [
    -83.05946101,
    42.336583876
  ],
  ""type"": ""Point""
}",-83.0594610099999,42.3365838760001
24406,1491852,I94,MT ELLIOTT,2018-10-05,5,10,2018,12,6,8,1,,1,0,Asphalt,1,1,1,55,3,2,1,5,0,0,0,0,true,false,false,false,true,false,false,false,false,false,false,false,false,false,false,false,false,false,false,false,false,false,-83.03163,42.38162,"{
  ""coordinates"": [
    -8.303163001043120e+01,
    4.238162147657890e+01
  ],
  ""type"": ""Point""
}","{
  ""coordinates"": [
    -83.03163001,
    42.381621477
  ],
  ""type"": ""Point""
}",-83.03163001,42.3816214770001
24407,1492983,OUTER,GRANDVILLE,2018-10-05,5,10,2018,14,6,6,9,,2,0,Asphalt,1,2,1,25,2,2,1,5,0,0,0,0,true,false,false,false,true,false,false,false,false,true,false,false,false,false,false,false,false,false,false,false,false,false,-83.23169,42.41805,"{
  ""coordinates"": [
    -8.323169233419850e+01,
    4.241805239141270e+01
  ],
  ""type"": ""Point""
}","{
  ""coordinates"": [
    -83.231692334,
    42.418052391
  ],
  ""type"": ""Point""
}",-83.2316923339999,42.4180523910001
24408,1496990,M-10,8 MILE,2018-10-05,5,10,2018,6,6,1,3,,1,1,Concrete,1,1,4,55,3,1,1,4,0,0,0,1,false,false,false,false,false,false,false,false,false,false,true,false,false,false,false,false,false,false,false,false,false,false,-83.1964,42.43957,"{
  ""coordinates"": [
    -8.319639613580370e+01,
    4.243956885037760e+01
  ],
  ""type"": ""Point""
}","{
  ""coordinates"": [
    -83.196396136,
    42.43956885
  ],
  ""type"": ""Point""
}",-83.196396136,42.4395688500001
24409,1498520,MCDOUGALL,LARNED,2018-10-05,5,10,2018,17,6,4,9,,4,0,Asphalt,1,1,1,30,6,2,3,5,0,0,0,0,true,false,false,false,false,false,false,false,false,false,false,false,false,true,false,false,false,false,false,false,false,false,-83.01704,42.34172,"{
  ""coordinates"": [
    -8.301703513841581e+01,
    4.234172499063760e+01
  ],
  ""type"": ""Point""
}","{
  ""coordinates"": [
    -83.017035138,
    42.341724991
  ],
  ""type"": ""Point""
}",-83.017035138,42.341724991
24410,1500770,WHITCOMB,THATCHER,2018-10-05,5,10,2018,22,6,9,9,,,2,,1,1,5,25,2,2,0,5,0,0,0,0,true,false,false,false,true,false,false,false,false,false,true,false,false,false,false,true,false,false,false,false,false,false,-83.19709,42.42147,"{
  ""coordinates"": [
    -8.319708701109150e+01,
    4.242147045889530e+01
  ],
  ""type"": ""Point""
}","{
  ""coordinates"": [
    -83.197087011,
    42.421470459
  ],
  ""type"": ""Point""
}",-83.197087011,42.421470459
24411,1516602,RAMP 216B,N I 75,2018-10-05,5,10,2018,12,6,5,1,,1,0,Concrete,2,2,1,55,1,2,2,5,0,0,0,0,true,false,false,false,false,false,false,false,false,false,false,false,false,false,false,true,false,false,false,false,false,false,-83.05861,42.37009,"{
  ""coordinates"": [
    -8.305861223205829e+01,
    4.237008710849470e+01
  ],
  ""type"": ""Point""
}","{
  ""coordinates"": [
    -83.058612232,
    42.370087108
  ],
  ""type"": ""Point""
}",-83.058612232,42.3700871080001
24412,1491881,BATES,CADILLAC,2018-10-05,5,10,2018,14,6,9,9,,4,0,Asphalt,1,2,1,25,2,2,2,5,0,0,0,0,true,false,false,false,false,false,false,false,false,false,false,false,false,false,false,true,false,false,false,false,false,false,-83.04461,42.3317,"{
  ""coordinates"": [
    -8.304461095617130e+01,
    4.233170452419840e+01
  ],
  ""type"": ""Point""
}","{
  ""coordinates"": [
    -83.044610956,
    42.331704524
  ],
  ""type"": ""Point""
}",-83.044610956,42.331704524
24413,1492993,GRAYFIELD,FENKELL,2018-10-05,5,10,2018,11,6,2,9,,,0,,1,2,1,25,2,2,2,5,0,0,0,0,true,false,false,false,false,false,false,false,false,false,false,false,false,false,false,false,false,false,false,false,false,false,-83.26904,42.40028,"{
  ""coordinates"": [
    -8.326903890457100e+01,
    4.240027651991190e+01
  ],
  ""type"": ""Point""
}","{
  ""coordinates"": [
    -83.269038905,
    42.40027652
  ],
  ""type"": ""Point""
}",-83.2690389049999,42.40027652
24414,1491905,LAFAYETTE,DRAGOON,2018-10-05,5,10,2018,9,6,5,9,,4,3,Asphalt,1,2,1,25,2,2,0,5,0,0,0,0,true,false,false,false,true,false,false,false,false,false,false,false,false,false,false,false,false,false,false,false,false,false,-83.10381,42.30903,"{
  ""coordinates"": [
    -8.310380794714980e+01,
    4.230903420282300e+01
  ],
  ""type"": ""Point""
}","{
  ""coordinates"": [
    -83.103807947,
    42.309034203
  ],
  ""type"": ""Point""
}",-83.103807947,42.3090342030001
24415,1491874,N M 10 SERVICE DRIVE,EUCLID,2018-10-05,5,10,2018,22,6,5,9,,4,0,Asphalt,98,3,4,30,2,4,6,5,0,0,0,0,true,false,false,false,false,false,false,false,false,false,false,false,false,false,false,false,false,false,false,false,false,false,-83.08604,42.37417,"{
  ""coordinates"": [
    -8.308603690260520e+01,
    4.237417349464060e+01
  ],
  ""type"": ""Point""
}","{
  ""coordinates"": [
    -83.086036903,
    42.374173495
  ],
  ""type"": ""Point""
}",-83.086036903,42.374173495
24416,1496178,SOUTHFIELD,WARREN,2018-10-05,5,10,2018,11,6,5,3,,1,0,Asphalt,1,2,1,35,2,2,2,5,0,0,0,0,true,false,false,false,false,false,false,false,false,false,false,false,false,true,false,false,false,false,false,false,false,false,-83.21624,42.34351,"{
  ""coordinates"": [
    -8.321623625247339e+01,
    4.234350404004610e+01
  ],
  ""type"": ""Point""
}","{
  ""coordinates"": [
    -83.216236252,
    42.34350404
  ],
  ""type"": ""Point""
}",-83.216236252,42.34350404
24417,1494861,WARREN,M 39 SERVICE,2018-10-05,5,10,2018,19,6,97,9,,2,0,Asphalt,1,2,5,30,5,3,6,4,0,0,0,3,false,false,true,true,false,false,false,false,false,false,false,false,false,false,true,false,false,false,false,false,false,false,-83.21648,42.34336,"{
  ""coordinates"": [
    -8.321648438532800e+01,
    4.234336125629860e+01
  ],
  ""type"": ""Point""
}","{
  ""coordinates"": [
    -83.216484385,
    42.343361256
  ],
  ""type"": ""Point""
}",-83.2164843849999,42.343361256
24418,1491904,JOHN R,ERSKINE,2018-10-05,5,10,2018,22,6,5,9,,4,0,Concrete,1,2,4,35,4,2,2,5,0,0,0,0,true,false,false,false,false,false,false,false,false,false,false,false,false,false,false,false,false,false,false,false,false,false,-83.05466,42.3465,"{
  ""coordinates"": [
    -8.305465423646550e+01,
    4.234650592939320e+01
  ],
  ""type"": ""Point""
}","{
  ""coordinates"": [
    -83.054654236,
    42.346505929
  ],
  ""type"": ""Point""
}",-83.054654236,42.346505929