ObjectId,Crash ID,Primary Road,Intersecting Road,Crash Date,Day,Month,Year,Hour,Weekday,Crash Type Code,Highway Classification Code,Community Code,Jurisdiction Code,Lane Departure Type Code,Surface Type,Road Condition,Weather Condition,Lighting Condition,Speed Limit,Lanes,Units,Occupants,Most Severe Injury,Fatal Injuries,Suspected Serious Injuries,Suspected Minor Injuries,Possible Injuries,Property Damage Only,Secondary Crash,Traffic Control,Red Light Run,Hit and Run,Alcohol,Drugs,Unbelted Person,Work Zone,Speeding Driver,Distracted Driver,Driveway,Pedestrian,Elderly Driver,Young Driver,Commercial Vehicle,Emergency Vehicles,Train,School Bus,Motorcycle,Bicycle,Deer,Longitude,Latitude,geom,geog,x,y
24473,1491994,8 MILE,WOODWARD,2018-10-04,4,10,2018,12,5,4,3,,1,0,Asphalt,1,1,1,30,3,2,1,5,0,0,0,0,true,false,false,false,true,false,false,false,false,false,false,false,false,false,false,false,false,false,false,false,false,false,-83.12495,42.4465,"{
  ""coordinates"": [
    -8.312494301746990e+01,
    4.244650415207500e+01
  ],
  ""type"": ""Point""
}","{
  ""coordinates"": [
    -83.124943017,
    42.446504152
  ],
  ""type"": ""Point""
}",-83.124943017,42.446504152
24474,1498296,I-94,LIVERNOIS,2018-10-04,4,10,2018,8,5,5,1,,1,0,Asphalt,1,1,1,55,3,3,2,5,0,0,0,0,true,false,false,false,true,false,false,false,false,false,false,false,false,false,false,false,false,false,false,false,false,false,-83.13346,42.33391,"{
  ""coordinates"": [
    -8.313346317359419e+01,
    4.233391088470870e+01
  ],
  ""type"": ""Point""
}","{
  ""coordinates"": [
    -83.133463174,
    42.333910885
  ],
  ""type"": ""Point""
}",-83.133463174,42.3339108850001
24475,1498402,W I 96,EVERGREEN,2018-10-04,4,10,2018,17,5,5,1,,1,0,Concrete,1,1,1,70,3,3,3,5,0,0,0,0,true,false,false,false,false,false,false,false,false,false,false,false,false,false,false,false,false,false,false,false,false,false,-83.23735,42.38098,"{
  ""coordinates"": [
    -8.323735297257990e+01,
    4.238097725667620e+01
  ],
  ""type"": ""Point""
}","{
  ""coordinates"": [
    -83.237352973,
    42.380977257
  ],
  ""type"": ""Point""
}",-83.237352973,42.380977257
24476,1490695,BURT,VASSAR,2018-10-04,4,10,2018,19,5,4,9,,4,0,Asphalt,1,1,4,35,4,2,5,4,0,0,0,1,false,false,true,false,true,false,false,false,false,false,false,false,false,false,false,false,false,false,false,false,false,false,-83.24874,42.43294,"{
  ""coordinates"": [
    -8.324874251104811e+01,
    4.243293950574930e+01
  ],
  ""type"": ""Point""
}","{
  ""coordinates"": [
    -83.248742511,
    42.432939506
  ],
  ""type"": ""Point""
}",-83.248742511,42.432939506
24477,1492968,2ND,PALMER,2018-10-04,4,10,2018,18,5,4,9,,4,0,Asphalt,1,1,1,25,2,2,2,5,0,0,0,0,true,false,true,false,false,false,false,false,false,false,false,false,false,false,false,false,false,false,false,false,false,false,-83.07225,42.3607,"{
  ""coordinates"": [
    -8.307224959586770e+01,
    4.236069859049110e+01
  ],
  ""type"": ""Point""
}","{
  ""coordinates"": [
    -83.072249596,
    42.36069859
  ],
  ""type"": ""Point""
}",-83.0722495959999,42.36069859
24478,1491917,LONYO,MICHIGAN,2018-10-04,4,10,2018,23,5,5,2,,4,0,Asphalt,1,1,4,30,4,2,1,5,0,0,0,0,true,false,false,false,true,false,false,false,false,false,false,false,false,false,false,false,false,false,false,false,false,false,-83.14447,42.33048,"{
  ""coordinates"": [
    -8.314446929458479e+01,
    4.233047863795870e+01
  ],
  ""type"": ""Point""
}","{
  ""coordinates"": [
    -83.144469295,
    42.330478638
  ],
  ""type"": ""Point""
}",-83.144469295,42.330478638
24479,1494897,DAVISON,E M 8,2018-10-04,4,10,2018,10,5,4,3,,1,0,Asphalt,1,1,1,35,4,2,2,5,0,0,0,0,true,false,false,false,true,false,false,false,false,true,false,false,false,false,false,false,false,false,false,false,false,false,-83.11111,42.39741,"{
  ""coordinates"": [
    -8.311111615616549e+01,
    4.239740897377620e+01
  ],
  ""type"": ""Point""
}","{
  ""coordinates"": [
    -83.111116156,
    42.397408974
  ],
  ""type"": ""Point""
}",-83.111116156,42.397408974
24480,1490717,GRATIOT,FAIRMOUNT,2018-10-04,4,10,2018,11,5,4,3,,1,0,Asphalt,1,1,1,35,7,2,1,4,0,0,0,1,false,false,false,false,true,false,false,false,false,false,false,false,false,true,false,false,false,false,false,false,false,false,-82.97156,42.44438,"{
  ""coordinates"": [
    -8.297156003628990e+01,
    4.244438354169950e+01
  ],
  ""type"": ""Point""
}","{
  ""coordinates"": [
    -82.971560036,
    42.444383542
  ],
  ""type"": ""Point""
}",-82.971560036,42.444383542
24481,1492009,JEFFERSON,MARLBOROUGH,2018-10-04,4,10,2018,19,5,2,9,,4,2,Asphalt,1,1,4,35,2,2,1,3,0,0,1,0,false,false,false,false,false,false,true,false,false,false,false,false,false,false,false,false,false,false,false,false,false,false,-82.94434,42.37289,"{
  ""coordinates"": [
    -8.294433898960010e+01,
    4.237288917218010e+01
  ],
  ""type"": ""Point""
}","{
  ""coordinates"": [
    -82.94433899,
    42.372889172
  ],
  ""type"": ""Point""
}",-82.9443389899999,42.372889172
24482,1491980,OUTER,VAN DYKE,2018-10-04,4,10,2018,20,5,3,3,,2,0,Asphalt,1,1,4,35,2,2,1,4,0,0,0,1,false,false,false,false,true,false,false,false,false,false,false,false,false,false,false,false,false,false,false,false,false,false,-83.02468,42.44133,"{
  ""coordinates"": [
    -8.302468079701011e+01,
    4.244133554610930e+01
  ],
  ""type"": ""Point""
}","{
  ""coordinates"": [
    -83.024680797,
    42.441335546
  ],
  ""type"": ""Point""
}",-83.024680797,42.4413355460001
24483,1491876,MONROE,CAMPUS MARTIUS,2018-10-04,4,10,2018,18,5,8,9,,4,3,Concrete,1,1,1,25,2,2,1,5,0,0,0,0,true,false,false,false,false,false,false,false,false,false,false,false,false,true,false,false,true,false,false,false,false,false,-83.04627,42.33213,"{
  ""coordinates"": [
    -8.304627151893381e+01,
    4.233213611151960e+01
  ],
  ""type"": ""Point""
}","{
  ""coordinates"": [
    -83.046271519,
    42.332136112
  ],
  ""type"": ""Point""
}",-83.046271519,42.3321361120001
24484,1491908,JEFFERSON,DEARBORN,2018-10-04,4,10,2018,19,5,8,9,,4,0,Asphalt,1,1,1,25,1,2,2,5,0,0,0,0,true,false,false,false,false,false,false,false,false,false,false,false,false,false,false,true,false,false,false,false,false,false,-83.11673,42.2909,"{
  ""coordinates"": [
    -8.311672802266411e+01,
    4.229090358610340e+01
  ],
  ""type"": ""Point""
}","{
  ""coordinates"": [
    -83.116728023,
    42.290903586
  ],
  ""type"": ""Point""
}",-83.116728023,42.2909035860001
24485,1490697,EVERGREEN,SANTA MARIA,2018-10-04,4,10,2018,16,5,5,9,,4,0,Asphalt,1,1,1,35,2,2,1,5,0,0,0,0,true,false,false,false,true,false,false,false,false,false,false,false,false,false,false,false,false,false,false,false,false,false,-83.2383,42.41745,"{
  ""coordinates"": [
    -8.323830593592351e+01,
    4.241744500356140e+01
  ],
  ""type"": ""Point""
}","{
  ""coordinates"": [
    -83.238305936,
    42.417445004
  ],
  ""type"": ""Point""
}",-83.238305936,42.4174450040001
24486,1490728,MINNESOTA,JOHN R,2018-10-04,4,10,2018,7,5,98,9,,,0,,1,1,1,25,1,2,0,5,0,0,0,0,true,false,false,false,true,false,false,false,false,false,false,false,false,false,false,false,false,false,false,false,false,false,-83.10191,42.42316,"{
  ""coordinates"": [
    -8.310191070415959e+01,
    4.242315795493130e+01
  ],
  ""type"": ""Point""
}","{
  ""coordinates"": [
    -83.101910704,
    42.423157955
  ],
  ""type"": ""Point""
}",-83.101910704,42.4231579550001
24487,1490693,8 MILE,BURT,2018-10-04,4,10,2018,5,5,1,3,,1,1,Asphalt,2,1,4,45,4,1,1,4,0,0,0,1,false,false,false,false,false,false,false,false,false,false,false,false,false,false,false,false,false,false,false,false,false,false,-83.24907,42.44349,"{
  ""coordinates"": [
    -8.324906776126210e+01,
    4.244349173735830e+01
  ],
  ""type"": ""Point""
}","{
  ""coordinates"": [
    -83.249067761,
    42.443491737
  ],
  ""type"": ""Point""
}",-83.2490677609999,42.443491737
24488,1491970,GRATIOT,SAINT ANTOINE,2018-10-04,4,10,2018,6,5,5,3,,1,0,Asphalt,1,1,4,30,6,2,2,5,0,0,0,0,true,false,false,false,false,false,false,false,false,false,false,false,false,false,false,false,false,false,false,false,false,false,-83.04287,42.33818,"{
  ""coordinates"": [
    -8.304286754098931e+01,
    4.233817901619940e+01
  ],
  ""type"": ""Point""
}","{
  ""coordinates"": [
    -83.042867541,
    42.338179016
  ],
  ""type"": ""Point""
}",-83.042867541,42.338179016
24489,1491869,M-39,FENKELL,2018-10-04,4,10,2018,9,5,1,3,,1,0,Asphalt,1,1,1,55,3,1,2,5,0,0,0,0,true,false,false,false,false,false,false,false,false,false,false,false,false,false,false,false,false,false,false,false,false,false,-83.2179,42.39388,"{
  ""coordinates"": [
    -8.321790523627790e+01,
    4.239387852562890e+01
  ],
  ""type"": ""Point""
}","{
  ""coordinates"": [
    -83.217905236,
    42.393878526
  ],
  ""type"": ""Point""
}",-83.217905236,42.393878526
24490,1509634,GREENFIELD,TIREMAN,2018-10-04,4,10,2018,21,5,97,9,,2,0,Asphalt,1,1,4,35,5,2,2,4,0,0,0,1,false,false,false,false,false,false,false,false,false,false,false,false,false,false,false,false,false,true,false,false,false,false,-83.19658,42.35033,"{
  ""coordinates"": [
    -8.319657965928650e+01,
    4.235033418195250e+01
  ],
  ""type"": ""Point""
}","{
  ""coordinates"": [
    -83.196579659,
    42.350334182
  ],
  ""type"": ""Point""
}",-83.196579659,42.350334182
24491,1490683,E I 96 SERVICE DRIVE,KENTFIELD,2018-10-04,4,10,2018,17,5,4,9,,4,0,Asphalt,1,1,1,35,3,2,2,5,0,0,0,0,true,false,false,false,true,false,false,false,false,false,false,false,false,true,false,false,false,false,false,false,false,false,-83.23951,42.38185,"{
  ""coordinates"": [
    -8.323950596033700e+01,
    4.238184698376720e+01
  ],
  ""type"": ""Point""
}","{
  ""coordinates"": [
    -83.23950596,
    42.381846984
  ],
  ""type"": ""Point""
}",-83.23950596,42.381846984
24492,1490716,RIAD,CASINO,2018-10-04,4,10,2018,8,5,4,9,,,0,,2,2,1,25,1,2,1,4,0,0,0,1,false,false,true,false,true,false,false,false,false,false,false,false,false,false,true,false,false,false,false,false,false,false,-82.95383,42.43,"{
  ""coordinates"": [
    -8.295382920562480e+01,
    4.242999626338780e+01
  ],
  ""type"": ""Point""
}","{
  ""coordinates"": [
    -82.953829206,
    42.429996263
  ],
  ""type"": ""Point""
}",-82.953829206,42.4299962630001
24493,1490691,MCNICHOLS,FENMORE,2018-10-04,4,10,2018,12,5,8,9,,2,0,Asphalt,1,1,1,30,2,2,0,5,0,0,0,0,true,false,false,false,true,false,false,false,false,false,true,false,false,false,false,false,false,false,false,false,false,false,-83.21784,42.41557,"{
  ""coordinates"": [
    -8.321784203270730e+01,
    4.241557465446270e+01
  ],
  ""type"": ""Point""
}","{
  ""coordinates"": [
    -83.217842033,
    42.415574654
  ],
  ""type"": ""Point""
}",-83.217842033,42.4155746540001
24494,1489719,PRAIRIE,CHICAGO,2018-10-03,3,10,2018,0,4,97,9,,,1,,1,1,4,25,2,1,1,3,0,0,1,0,false,false,false,false,true,true,false,false,false,true,false,false,false,false,false,false,false,false,false,false,false,false,-83.14346,42.36651,"{
  ""coordinates"": [
    -8.314346597553870e+01,
    4.236650788298700e+01
  ],
  ""type"": ""Point""
}","{
  ""coordinates"": [
    -83.143465976,
    42.366507883
  ],
  ""type"": ""Point""
}",-83.143465976,42.3665078830001
24495,1489721,PLYMOUTH,LAUDER,2018-10-03,3,10,2018,22,4,8,9,,4,3,Asphalt,1,1,4,35,4,2,3,4,0,0,0,1,false,false,false,false,false,false,false,false,false,false,false,false,false,false,true,false,false,false,false,false,false,false,-83.18984,42.37278,"{
  ""coordinates"": [
    -8.318984433484860e+01,
    4.237277925329930e+01
  ],
  ""type"": ""Point""
}","{
  ""coordinates"": [
    -83.189844335,
    42.372779253
  ],
  ""type"": ""Point""
}",-83.189844335,42.372779253
24496,1490689,MOUNT ELLIOTT,LEGRAND,2018-10-03,3,10,2018,15,4,5,9,,4,0,Asphalt,1,1,1,30,4,2,3,3,0,0,1,0,false,false,false,false,false,false,false,false,false,false,false,false,false,false,false,false,false,false,false,false,false,false,-83.03911,42.38623,"{
  ""coordinates"": [
    -8.303910471333710e+01,
    4.238622773099550e+01
  ],
  ""type"": ""Point""
}","{
  ""coordinates"": [
    -83.039104713,
    42.386227731
  ],
  ""type"": ""Point""
}",-83.039104713,42.3862277310001
24497,1490677,CICOTTE,MICHIGAN,2018-10-03,3,10,2018,7,4,8,2,,,3,,1,2,2,25,1,2,0,5,0,0,0,0,true,false,false,false,true,false,false,false,false,false,false,false,false,false,false,false,false,false,false,false,false,false,-83.12358,42.33113,"{
  ""coordinates"": [
    -8.312358359709420e+01,
    4.233112574929030e+01
  ],
  ""type"": ""Point""
}","{
  ""coordinates"": [
    -83.123583597,
    42.331125749
  ],
  ""type"": ""Point""
}",-83.1235835969999,42.3311257490001
24498,1489736,SOUTHFIELD SERVICE DRIVE,8 MILE,2018-10-03,3,10,2018,0,4,4,3,,5,0,Asphalt,1,1,1,,2,2,2,5,0,0,0,0,true,false,false,false,false,false,false,false,false,false,false,false,false,true,false,false,false,false,false,false,false,false,-83.21928,42.44416,"{
  ""coordinates"": [
    -8.321927641503520e+01,
    4.244415593365930e+01
  ],
  ""type"": ""Point""
}","{
  ""coordinates"": [
    -83.219276415,
    42.444155934
  ],
  ""type"": ""Point""
}",-83.219276415,42.444155934
24499,1490673,MCGRAW,ELMER,2018-10-03,3,10,2018,8,4,97,9,,4,0,Asphalt,1,2,1,30,4,2,3,5,0,0,0,0,true,false,false,false,true,false,false,false,false,false,false,false,false,false,true,false,false,false,false,false,false,false,-83.14438,42.33404,"{
  ""coordinates"": [
    -8.314437513369150e+01,
    4.233404027924540e+01
  ],
  ""type"": ""Point""
}","{
  ""coordinates"": [
    -83.144375134,
    42.334040279
  ],
  ""type"": ""Point""
}",-83.144375134,42.3340402790001
24500,1488852,DAVISON,CONANT,2018-10-03,3,10,2018,0,4,5,3,,4,0,Asphalt,2,2,4,35,4,2,4,4,0,0,0,2,false,false,false,false,false,false,false,false,false,false,false,true,false,false,false,false,false,false,false,false,false,false,-83.06133,42.41558,"{
  ""coordinates"": [
    -8.306133222022390e+01,
    4.241557972574860e+01
  ],
  ""type"": ""Point""
}","{
  ""coordinates"": [
    -83.06133222,
    42.415579726
  ],
  ""type"": ""Point""
}",-83.0613322199999,42.415579726
24501,1489742,HEYDEN,CLARITA,2018-10-03,3,10,2018,17,4,4,9,,,0,,1,1,1,25,2,2,2,5,0,0,0,0,true,false,true,false,true,false,false,false,false,false,false,false,false,false,false,false,false,false,false,false,false,false,-83.24066,42.4271,"{
  ""coordinates"": [
    -8.324066039331430e+01,
    4.242710506059600e+01
  ],
  ""type"": ""Point""
}","{
  ""coordinates"": [
    -83.240660393,
    42.427105061
  ],
  ""type"": ""Point""
}",-83.240660393,42.4271050610001
24502,1489715,N M 10,CLAIRMOUNT,2018-10-03,3,10,2018,16,4,5,3,,1,0,Concrete,1,1,1,55,3,2,1,5,0,0,0,0,true,false,false,false,true,false,false,false,false,false,false,false,false,false,false,false,false,false,false,false,false,false,-83.09013,42.3796,"{
  ""coordinates"": [
    -8.309013501747380e+01,
    4.237959647131260e+01
  ],
  ""type"": ""Point""
}","{
  ""coordinates"": [
    -83.090135017,
    42.379596471
  ],
  ""type"": ""Point""
}",-83.090135017,42.3795964710001
24503,1489698,W I 96 CD,GREENFIELD,2018-10-03,3,10,2018,18,4,5,1,,1,0,Concrete,1,1,3,55,3,2,1,5,0,0,0,0,true,false,false,false,true,false,false,false,false,false,false,false,false,false,false,false,false,false,false,false,false,false,-83.19817,42.37941,"{
  ""coordinates"": [
    -8.319816626492810e+01,
    4.237940617195950e+01
  ],
  ""type"": ""Point""
}","{
  ""coordinates"": [
    -83.198166265,
    42.379406172
  ],
  ""type"": ""Point""
}",-83.1981662649999,42.3794061720001
24504,1489750,CONANT,CHARLES,2018-10-03,3,10,2018,17,4,8,9,,4,0,Asphalt,1,1,1,,2,2,2,5,0,0,0,0,true,false,false,false,true,false,false,false,false,false,false,false,false,false,false,false,false,false,false,false,false,false,-83.05882,42.41158,"{
  ""coordinates"": [
    -8.305882388196210e+01,
    4.241157379318600e+01
  ],
  ""type"": ""Point""
}","{
  ""coordinates"": [
    -83.058823882,
    42.411573793
  ],
  ""type"": ""Point""
}",-83.058823882,42.4115737930001
24505,1489724,FENKELL,WARD,2018-10-03,3,10,2018,12,4,8,9,,2,0,Asphalt,1,1,1,30,4,2,4,5,0,0,0,0,true,false,false,false,false,false,false,false,false,false,false,false,false,true,false,false,false,false,false,false,false,false,-83.17332,42.40217,"{
  ""coordinates"": [
    -8.317331940293610e+01,
    4.240217009049090e+01
  ],
  ""type"": ""Point""
}","{
  ""coordinates"": [
    -83.173319403,
    42.40217009
  ],
  ""type"": ""Point""
}",-83.1733194029999,42.40217009
24506,1489684,I-75,HOLBROOK,2018-10-03,3,10,2018,17,4,5,1,,1,0,Asphalt,1,1,1,55,4,2,2,5,0,0,0,0,true,false,false,false,false,false,false,false,false,true,false,false,false,false,false,false,false,false,false,false,false,false,-83.06656,42.38422,"{
  ""coordinates"": [
    -8.306655758327980e+01,
    4.238422173235260e+01
  ],
  ""type"": ""Point""
}","{
  ""coordinates"": [
    -83.066557583,
    42.384221732
  ],
  ""type"": ""Point""
}",-83.066557583,42.3842217320001
24507,1489707,I-75,8 MILE,2018-10-03,3,10,2018,7,4,5,1,,1,0,Asphalt,1,1,1,70,4,2,1,5,0,0,0,0,true,false,false,false,true,false,false,false,false,false,false,false,false,false,false,false,false,false,false,false,false,false,-83.09467,42.44535,"{
  ""coordinates"": [
    -8.309466525433510e+01,
    4.244535179916990e+01
  ],
  ""type"": ""Point""
}","{
  ""coordinates"": [
    -83.094665254,
    42.445351799
  ],
  ""type"": ""Point""
}",-83.0946652539999,42.445351799
24508,1490670,CASS,GRAND,2018-10-03,3,10,2018,12,4,8,9,,4,0,Asphalt,1,2,1,30,2,2,1,5,0,0,0,0,true,false,false,false,false,false,false,false,false,false,false,false,false,false,false,true,false,false,false,false,false,false,-83.07472,42.36956,"{
  ""coordinates"": [
    -8.307472520851820e+01,
    4.236956217803690e+01
  ],
  ""type"": ""Point""
}","{
  ""coordinates"": [
    -83.074725209,
    42.369562178
  ],
  ""type"": ""Point""
}",-83.074725209,42.3695621780001
24509,1505303,N M 10,7 MILE,2018-10-03,3,10,2018,18,4,5,3,,1,0,Concrete,1,1,1,35,2,2,2,5,0,0,0,0,true,true,false,false,false,false,false,false,false,false,false,false,false,true,true,false,false,false,false,false,false,false,-83.18705,42.43093,"{
  ""coordinates"": [
    -8.318704985192140e+01,
    4.243092818949830e+01
  ],
  ""type"": ""Point""
}","{
  ""coordinates"": [
    -83.187049852,
    42.430928189
  ],
  ""type"": ""Point""
}",-83.187049852,42.430928189
24510,1489720,PURITAN,SCHAEFER,2018-10-03,3,10,2018,10,4,4,9,,4,0,Asphalt,1,1,1,35,2,2,3,5,0,0,0,0,true,false,false,false,false,false,false,false,false,false,false,false,false,false,false,false,false,false,false,false,false,false,-83.17952,42.40936,"{
  ""coordinates"": [
    -8.317951799393120e+01,
    4.240935938085020e+01
  ],
  ""type"": ""Point""
}","{
  ""coordinates"": [
    -83.179517994,
    42.409359381
  ],
  ""type"": ""Point""
}",-83.179517994,42.4093593810001
24511,1490662,I75,CLAY,2018-10-03,3,10,2018,7,4,5,1,,1,0,Asphalt,1,1,1,70,4,3,3,5,0,0,0,0,true,false,false,false,false,false,false,false,false,false,false,false,false,false,false,false,false,false,false,false,false,false,-83.06026,42.37439,"{
  ""coordinates"": [
    -8.306026437002870e+01,
    4.237439325720630e+01
  ],
  ""type"": ""Point""
}","{
  ""coordinates"": [
    -83.06026437,
    42.374393257
  ],
  ""type"": ""Point""
}",-83.06026437,42.3743932570001
24512,1489689,M-39,JOY,2018-10-03,3,10,2018,15,4,5,3,,1,0,Asphalt,1,1,1,55,3,2,2,5,0,0,0,0,true,false,false,false,false,false,false,false,false,false,false,false,false,false,false,false,false,false,false,false,false,false,-83.21658,42.35978,"{
  ""coordinates"": [
    -8.321657677762940e+01,
    4.235977437540500e+01
  ],
  ""type"": ""Point""
}","{
  ""coordinates"": [
    -83.216576778,
    42.359774375
  ],
  ""type"": ""Point""
}",-83.216576778,42.359774375
24513,1490688,ANTIETAM,ORLEANS,2018-10-03,3,10,2018,4,4,8,9,,4,0,Asphalt,1,1,4,30,2,4,2,5,0,0,0,0,true,false,false,false,true,false,false,false,false,false,false,false,false,false,false,false,false,false,false,false,false,false,-83.03664,42.34443,"{
  ""coordinates"": [
    -8.303663409616200e+01,
    4.234443055241450e+01
  ],
  ""type"": ""Point""
}","{
  ""coordinates"": [
    -83.036634096,
    42.344430552
  ],
  ""type"": ""Point""
}",-83.0366340959999,42.3444305520001
24514,1490723,7 MILE,MORANG,2018-10-03,3,10,2018,13,4,5,9,,2,0,Asphalt,1,1,1,35,2,2,3,5,0,0,0,0,true,false,true,true,false,false,false,false,false,false,false,false,false,false,false,false,false,false,false,false,false,false,-82.96194,42.43552,"{
  ""coordinates"": [
    -8.296193999432261e+01,
    4.243552292873930e+01
  ],
  ""type"": ""Point""
}","{
  ""coordinates"": [
    -82.961939994,
    42.435522929
  ],
  ""type"": ""Point""
}",-82.961939994,42.4355229290001
24515,1617396,SCHAEFER,E I 96 CD,2018-10-03,3,10,2018,13,4,10,1,,4,0,Concrete,98,98,1,30,4,2,1,4,0,0,0,1,false,false,false,false,true,false,false,false,false,false,false,false,false,false,false,false,false,false,false,false,false,false,-83.17836,42.38305,"{
  ""coordinates"": [
    -8.317835647087860e+01,
    4.238304783147680e+01
  ],
  ""type"": ""Point""
}","{
  ""coordinates"": [
    -83.178356471,
    42.383047831
  ],
  ""type"": ""Point""
}",-83.178356471,42.3830478310001
24516,1515528,SHELBY,FORT,2018-10-03,3,10,2018,12,4,97,3,,4,3,Asphalt,1,1,1,15,4,2,2,5,0,0,0,0,true,false,false,false,false,false,false,false,false,false,false,false,false,false,false,false,false,false,false,false,false,false,-83.04852,42.32981,"{
  ""coordinates"": [
    -8.304851754788299e+01,
    4.232980924181340e+01
  ],
  ""type"": ""Point""
}","{
  ""coordinates"": [
    -83.048517548,
    42.329809242
  ],
  ""type"": ""Point""
}",-83.0485175479999,42.3298092420001
24517,1489741,TELEGRAPH,7 MILE,2018-10-03,3,10,2018,10,4,4,2,,1,0,Asphalt,1,2,1,45,4,2,4,5,0,0,0,0,true,false,false,false,false,false,false,false,false,false,false,false,false,true,true,false,false,false,false,false,false,false,-83.27755,42.42874,"{
  ""coordinates"": [
    -8.327755260869991e+01,
    4.242874025141810e+01
  ],
  ""type"": ""Point""
}","{
  ""coordinates"": [
    -83.277552609,
    42.428740251
  ],
  ""type"": ""Point""
}",-83.2775526089999,42.4287402510001
24518,1489725,PLYMOUTH,BURT,2018-10-03,3,10,2018,16,4,3,9,,4,0,Asphalt,1,1,1,35,7,2,3,5,0,0,0,0,true,false,false,false,false,false,false,false,false,false,false,false,false,false,false,false,false,false,false,false,false,false,-83.24604,42.37183,"{
  ""coordinates"": [
    -8.324603749752001e+01,
    4.237183129675090e+01
  ],
  ""type"": ""Point""
}","{
  ""coordinates"": [
    -83.246037498,
    42.371831297
  ],
  ""type"": ""Point""
}",-83.246037498,42.371831297
24519,1489745,STURTEVANT,14TH,2018-10-03,3,10,2018,15,4,97,9,,,0,,1,1,1,25,2,3,3,4,0,0,0,1,false,false,false,false,false,false,false,false,false,false,false,false,false,false,false,false,false,false,false,false,false,false,-83.11202,42.39036,"{
  ""coordinates"": [
    -8.311202054344780e+01,
    4.239035962246580e+01
  ],
  ""type"": ""Point""
}","{
  ""coordinates"": [
    -83.112020543,
    42.390359622
  ],
  ""type"": ""Point""
}",-83.112020543,42.3903596220001
24520,1489699,I-75,HOLBROOK,2018-10-03,3,10,2018,17,4,5,1,,1,0,Asphalt,1,1,1,70,4,2,2,5,0,0,0,0,true,false,false,false,false,false,false,false,false,true,true,false,false,false,false,false,false,false,false,false,false,false,-83.06828,42.38681,"{
  ""coordinates"": [
    -8.306827573513181e+01,
    4.238680883736800e+01
  ],
  ""type"": ""Point""
}","{
  ""coordinates"": [
    -83.068275735,
    42.386808837
  ],
  ""type"": ""Point""
}",-83.068275735,42.386808837
24521,1489730,BURT,EATON,2018-10-03,3,10,2018,16,4,4,9,,4,0,Asphalt,1,1,1,35,2,2,3,4,0,0,0,2,false,false,true,false,false,false,false,false,false,false,false,false,false,false,false,false,false,false,false,false,false,false,-83.24692,42.39563,"{
  ""coordinates"": [
    -8.324691940664270e+01,
    4.239562767549570e+01
  ],
  ""type"": ""Point""
}","{
  ""coordinates"": [
    -83.246919407,
    42.395627675
  ],
  ""type"": ""Point""
}",-83.246919407,42.3956276750001
24522,1489717,S I 75,GRAND RIVER,2018-10-03,3,10,2018,16,4,8,1,,1,0,Concrete,1,1,1,55,4,2,6,5,0,0,0,0,true,false,false,false,false,false,false,false,false,false,false,false,false,false,false,true,false,false,false,false,false,false,-83.05926,42.33667,"{
  ""coordinates"": [
    -8.305925579213699e+01,
    4.233666794107560e+01
  ],
  ""type"": ""Point""
}","{
  ""coordinates"": [
    -83.059255792,
    42.336667941
  ],
  ""type"": ""Point""
}",-83.059255792,42.336667941
24523,1515520,JEFFERSON,ST ANTOINE,2018-10-03,3,10,2018,18,4,8,9,,4,0,Asphalt,1,1,1,,3,2,2,5,0,0,0,0,true,false,false,false,false,false,false,false,false,false,false,false,false,false,false,false,false,false,false,false,false,false,-83.03783,42.33175,"{
  ""coordinates"": [
    -8.303783438854390e+01,
    4.233174530511270e+01
  ],
  ""type"": ""Point""
}","{
  ""coordinates"": [
    -83.037834389,
    42.331745305
  ],
  ""type"": ""Point""
}",-83.037834389,42.331745305
24524,1530936,N/B M-39,GRAND RIVER,2018-10-03,3,10,2018,5,4,1,3,,1,1,Asphalt,1,1,4,55,3,1,1,5,0,0,0,0,true,true,false,false,false,false,false,false,false,true,false,false,false,false,false,false,false,false,false,false,false,false,-83.2182,42.4008,"{
  ""coordinates"": [
    -8.321820333247450e+01,
    4.240080185154700e+01
  ],
  ""type"": ""Point""
}","{
  ""coordinates"": [
    -83.218203332,
    42.400801852
  ],
  ""type"": ""Point""
}",-83.218203332,42.400801852
24525,1490675,OUTER,WARING,2018-10-03,3,10,2018,13,4,4,9,,2,0,Asphalt,1,1,1,30,3,2,2,5,0,0,0,0,true,false,false,false,true,false,false,false,false,false,false,false,false,false,false,false,false,false,false,false,false,false,-83.16754,42.26334,"{
  ""coordinates"": [
    -8.316754084917540e+01,
    4.226334197093810e+01
  ],
  ""type"": ""Point""
}","{
  ""coordinates"": [
    -83.167540849,
    42.263341971
  ],
  ""type"": ""Point""
}",-83.167540849,42.263341971
24526,1489690,M10,GRAND RIVER,2018-10-03,3,10,2018,12,4,5,3,,1,0,Asphalt,1,2,1,55,3,2,1,5,0,0,0,0,true,false,false,false,true,false,false,false,false,false,true,false,false,false,false,false,false,false,false,false,false,false,-83.06712,42.34085,"{
  ""coordinates"": [
    -8.306712065724670e+01,
    4.234085294608050e+01
  ],
  ""type"": ""Point""
}","{
  ""coordinates"": [
    -83.067120657,
    42.340852946
  ],
  ""type"": ""Point""
}",-83.067120657,42.340852946