ObjectId,Crash ID,Primary Road,Intersecting Road,Crash Date,Day,Month,Year,Hour,Weekday,Crash Type Code,Highway Classification Code,Community Code,Jurisdiction Code,Lane Departure Type Code,Surface Type,Road Condition,Weather Condition,Lighting Condition,Speed Limit,Lanes,Units,Occupants,Most Severe Injury,Fatal Injuries,Suspected Serious Injuries,Suspected Minor Injuries,Possible Injuries,Property Damage Only,Secondary Crash,Traffic Control,Red Light Run,Hit and Run,Alcohol,Drugs,Unbelted Person,Work Zone,Speeding Driver,Distracted Driver,Driveway,Pedestrian,Elderly Driver,Young Driver,Commercial Vehicle,Emergency Vehicles,Train,School Bus,Motorcycle,Bicycle,Deer,Longitude,Latitude,geom,geog,x,y
24582,1489701,I-96,MAPLEWOOD,2018-10-02,2,10,2018,6,3,8,1,,1,0,Asphalt,2,4,4,70,4,3,3,4,0,0,0,1,false,false,false,false,true,false,false,false,false,false,false,false,false,false,false,true,false,false,false,false,false,false,-83.12051,42.36045,"{
  ""coordinates"": [
    -8.312051396264749e+01,
    4.236045056157080e+01
  ],
  ""type"": ""Point""
}","{
  ""coordinates"": [
    -83.120513963,
    42.360450562
  ],
  ""type"": ""Point""
}",-83.120513963,42.360450562
24583,1489728,EVERGREEN,PLYMOUTH,2018-10-02,2,10,2018,17,3,8,9,,4,0,Asphalt,1,2,3,35,6,2,2,5,0,0,0,0,true,false,false,false,false,false,false,false,false,false,false,false,false,false,false,false,false,false,false,false,false,false,-83.23625,42.37183,"{
  ""coordinates"": [
    -8.323625535602240e+01,
    4.237182990316420e+01
  ],
  ""type"": ""Point""
}","{
  ""coordinates"": [
    -83.236255356,
    42.371829903
  ],
  ""type"": ""Point""
}",-83.236255356,42.371829903
24584,1492960,JEFFERSON,BEAUBIEN,2018-10-02,2,10,2018,19,3,97,4,,1,0,Asphalt,1,1,4,35,3,2,1,4,0,0,0,2,false,false,false,false,false,false,false,false,false,false,true,false,true,true,false,false,false,false,false,false,false,false,-83.03953,42.33064,"{
  ""coordinates"": [
    -8.303952518495770e+01,
    4.233064372359340e+01
  ],
  ""type"": ""Point""
}","{
  ""coordinates"": [
    -83.039525185,
    42.330643724
  ],
  ""type"": ""Point""
}",-83.0395251849999,42.330643724
24585,1489761,WARREN,JOHN R,2018-10-02,2,10,2018,21,3,5,9,,4,0,Asphalt,1,1,4,30,4,2,2,5,0,0,0,0,true,false,false,false,false,false,false,false,false,false,false,false,false,false,false,false,false,false,false,false,false,false,-83.06211,42.35758,"{
  ""coordinates"": [
    -8.306211345072271e+01,
    4.235758006080440e+01
  ],
  ""type"": ""Point""
}","{
  ""coordinates"": [
    -83.062113451,
    42.357580061
  ],
  ""type"": ""Point""
}",-83.062113451,42.3575800610001
24586,1488836,SOUTHFIELD SERVICE DRIVE,CIRCLE,2018-10-02,2,10,2018,14,3,5,3,,5,0,Asphalt,1,1,1,35,2,2,1,5,0,0,0,0,true,false,false,false,true,false,false,false,false,false,false,true,false,true,false,false,false,false,false,false,false,false,-83.21927,42.44358,"{
  ""coordinates"": [
    -8.321926868676620e+01,
    4.244357492217050e+01
  ],
  ""type"": ""Point""
}","{
  ""coordinates"": [
    -83.219268687,
    42.443574922
  ],
  ""type"": ""Point""
}",-83.219268687,42.443574922
24587,1498342,I-75,CLAY,2018-10-02,2,10,2018,14,3,5,1,,1,0,Asphalt,1,2,1,55,4,3,5,2,0,2,0,0,false,false,false,false,false,false,false,true,false,false,true,false,false,false,false,true,false,false,false,false,false,false,-83.06303,42.37854,"{
  ""coordinates"": [
    -8.306302625407920e+01,
    4.237853718683660e+01
  ],
  ""type"": ""Point""
}","{
  ""coordinates"": [
    -83.063026254,
    42.378537187
  ],
  ""type"": ""Point""
}",-83.063026254,42.3785371870001
24588,1489673,I 94,WOODWARD,2018-10-02,2,10,2018,15,3,5,1,,1,0,Asphalt,1,2,1,55,3,2,2,5,0,0,0,0,true,false,false,false,false,false,false,false,false,false,false,false,false,true,false,false,false,false,false,false,false,false,-83.06769,42.36436,"{
  ""coordinates"": [
    -8.306768541711961e+01,
    4.236435968868130e+01
  ],
  ""type"": ""Point""
}","{
  ""coordinates"": [
    -83.067685417,
    42.364359689
  ],
  ""type"": ""Point""
}",-83.067685417,42.364359689
24589,1488823,JEFFERSON,CADILLAC,2018-10-02,2,10,2018,18,3,1,9,,4,0,Asphalt,1,1,1,35,4,1,1,5,0,0,0,0,true,false,false,false,false,false,false,false,false,false,false,false,false,false,false,false,false,false,false,false,false,false,-83.02264,42.33825,"{
  ""coordinates"": [
    -8.302264662306450e+01,
    4.233824528283500e+01
  ],
  ""type"": ""Point""
}","{
  ""coordinates"": [
    -83.022646623,
    42.338245283
  ],
  ""type"": ""Point""
}",-83.022646623,42.338245283
24590,1493899,GRATIOT,PETER HUNT,2018-10-02,2,10,2018,15,3,5,3,,1,0,Asphalt,1,1,1,30,1,3,4,5,0,0,0,0,true,false,false,false,false,false,false,false,false,false,false,false,false,false,true,false,false,false,false,false,false,false,-83.00452,42.3942,"{
  ""coordinates"": [
    -8.300452689869410e+01,
    4.239419848952320e+01
  ],
  ""type"": ""Point""
}","{
  ""coordinates"": [
    -83.004526899,
    42.39419849
  ],
  ""type"": ""Point""
}",-83.004526899,42.3941984900001
24591,1498310,E I 96 CD,GRAND RIVER,2018-10-02,2,10,2018,6,3,1,1,,1,1,Asphalt,2,4,4,70,3,1,2,4,0,0,0,1,false,false,false,false,false,false,false,true,false,true,false,false,false,false,false,false,false,false,false,false,false,false,-83.17587,42.38351,"{
  ""coordinates"": [
    -8.317586305658369e+01,
    4.238351393553960e+01
  ],
  ""type"": ""Point""
}","{
  ""coordinates"": [
    -83.175863057,
    42.383513936
  ],
  ""type"": ""Point""
}",-83.175863057,42.383513936
24592,1489737,FENKELL,VAUGHAN,2018-10-02,2,10,2018,22,3,3,9,,2,0,Asphalt,1,1,4,30,2,2,3,5,0,0,0,0,true,false,false,false,false,false,false,false,false,false,false,false,false,false,true,false,false,false,false,false,false,false,-83.23849,42.40065,"{
  ""coordinates"": [
    -8.323849262242220e+01,
    4.240065226861870e+01
  ],
  ""type"": ""Point""
}","{
  ""coordinates"": [
    -83.238492622,
    42.400652269
  ],
  ""type"": ""Point""
}",-83.238492622,42.400652269
24593,1488831,CIRCLE,SOUTHFIELD SERVICE DRIVE,2018-10-02,2,10,2018,8,3,97,3,,1,0,Asphalt,2,1,1,,2,3,4,5,0,0,0,0,true,false,false,false,false,false,false,false,false,false,false,false,false,true,false,false,false,false,false,false,false,false,-83.21927,42.44358,"{
  ""coordinates"": [
    -8.321926868676620e+01,
    4.244357492217050e+01
  ],
  ""type"": ""Point""
}","{
  ""coordinates"": [
    -83.219268687,
    42.443574922
  ],
  ""type"": ""Point""
}",-83.219268687,42.443574922
24594,1491993,PILGRIM,WOODINGHAM,2018-10-02,2,10,2018,14,3,97,9,,,0,,1,2,1,25,1,3,2,5,0,0,0,0,true,false,false,false,false,false,false,false,false,false,false,false,false,false,true,false,false,false,false,false,false,false,-83.14967,42.40747,"{
  ""coordinates"": [
    -8.314967204798440e+01,
    4.240747155951220e+01
  ],
  ""type"": ""Point""
}","{
  ""coordinates"": [
    -83.149672048,
    42.40747156
  ],
  ""type"": ""Point""
}",-83.149672048,42.40747156
24595,1489675,E I 96,RAMP 143B,2018-10-02,2,10,2018,4,3,8,1,,1,0,Asphalt,2,4,4,55,3,2,1,5,0,0,0,0,true,false,false,false,true,false,false,false,false,true,false,false,false,false,false,false,false,false,false,false,false,false,-83.10654,42.35421,"{
  ""coordinates"": [
    -8.310653945377391e+01,
    4.235421292165240e+01
  ],
  ""type"": ""Point""
}","{
  ""coordinates"": [
    -83.106539454,
    42.354212922
  ],
  ""type"": ""Point""
}",-83.106539454,42.354212922
24596,1526416,GRATIOT,VAN DYKE,2018-10-02,2,10,2018,15,3,5,3,,1,0,Asphalt,1,1,1,,3,2,2,4,0,0,0,1,false,false,false,false,false,false,false,false,false,false,false,false,false,false,false,false,false,false,false,false,false,false,-83.01473,42.37876,"{
  ""coordinates"": [
    -8.301473231175200e+01,
    4.237875668612040e+01
  ],
  ""type"": ""Point""
}","{
  ""coordinates"": [
    -83.014732312,
    42.378756686
  ],
  ""type"": ""Point""
}",-83.014732312,42.378756686
24597,1489688,SOUTHFIELD SERVICE DRIVE,8 MILE,2018-10-02,2,10,2018,8,3,5,3,,5,0,Asphalt,2,2,1,55,4,2,3,4,0,0,0,1,false,false,false,false,false,false,false,false,false,false,false,false,false,false,false,false,false,false,false,false,false,false,-83.21928,42.44407,"{
  ""coordinates"": [
    -8.321927441280221e+01,
    4.244406899550570e+01
  ],
  ""type"": ""Point""
}","{
  ""coordinates"": [
    -83.219274413,
    42.444068996
  ],
  ""type"": ""Point""
}",-83.2192744129999,42.4440689960001
24598,1490724,WHITTIER,LANSDOWNE,2018-10-02,2,10,2018,23,3,5,9,,4,0,Asphalt,1,2,4,30,2,2,7,5,0,0,0,0,true,false,false,false,false,false,false,true,false,false,false,false,false,false,false,false,false,false,false,false,false,false,-82.95712,42.41862,"{
  ""coordinates"": [
    -8.295712240133700e+01,
    4.241861654063590e+01
  ],
  ""type"": ""Point""
}","{
  ""coordinates"": [
    -82.957122401,
    42.418616541
  ],
  ""type"": ""Point""
}",-82.9571224009999,42.4186165410001
24599,1488796,I-75,HUBBARD,2018-10-02,2,10,2018,5,3,1,9,,4,1,Asphalt,2,4,4,55,4,1,1,5,0,0,0,0,true,true,false,false,false,false,false,false,true,false,false,false,false,false,false,false,false,false,false,false,false,false,-83.08694,42.31469,"{
  ""coordinates"": [
    -8.308694439531820e+01,
    4.231468597069890e+01
  ],
  ""type"": ""Point""
}","{
  ""coordinates"": [
    -83.086944395,
    42.314685971
  ],
  ""type"": ""Point""
}",-83.086944395,42.3146859710001
24600,1488815,WARREN,DICKERSON,2018-10-02,2,10,2018,8,3,3,9,,4,0,Asphalt,2,1,1,35,4,2,5,5,0,0,0,0,true,false,false,false,false,false,false,false,false,false,false,false,false,false,false,false,false,false,false,false,false,false,-82.96704,42.3925,"{
  ""coordinates"": [
    -8.296704461088370e+01,
    4.239249955537310e+01
  ],
  ""type"": ""Point""
}","{
  ""coordinates"": [
    -82.967044611,
    42.392499555
  ],
  ""type"": ""Point""
}",-82.9670446109999,42.392499555
24601,1488829,OUTER,GREENFIELD,2018-10-02,2,10,2018,0,3,8,9,,2,0,Asphalt,1,3,4,35,4,2,1,5,0,0,0,0,true,false,false,false,true,false,false,false,false,false,false,false,false,false,false,false,false,false,false,false,false,false,-83.19948,42.41946,"{
  ""coordinates"": [
    -8.319947607158841e+01,
    4.241946539713930e+01
  ],
  ""type"": ""Point""
}","{
  ""coordinates"": [
    -83.199476072,
    42.419465397
  ],
  ""type"": ""Point""
}",-83.199476072,42.4194653970001
24602,1488804,SCHAEFER,PLYMOUTH,2018-10-02,2,10,2018,7,3,5,9,,4,0,Asphalt,2,4,2,35,3,2,2,5,0,0,0,0,true,false,false,false,true,false,false,false,false,false,false,false,false,false,false,false,false,false,false,false,false,false,-83.17799,42.37317,"{
  ""coordinates"": [
    -8.317799758466521e+01,
    4.237316762953610e+01
  ],
  ""type"": ""Point""
}","{
  ""coordinates"": [
    -83.177997585,
    42.37316763
  ],
  ""type"": ""Point""
}",-83.177997585,42.3731676300001
24603,1516651,8 MILE SERVICE DRIVE,JAMES COUZENS,2018-10-02,2,10,2018,17,3,5,3,,1,0,Asphalt,1,1,1,45,3,2,3,5,0,0,0,0,true,false,false,false,true,false,false,false,false,false,false,false,false,false,true,false,false,false,false,false,false,false,-83.20255,42.44458,"{
  ""coordinates"": [
    -8.320254649106660e+01,
    4.244458120689600e+01
  ],
  ""type"": ""Point""
}","{
  ""coordinates"": [
    -83.202546491,
    42.444581207
  ],
  ""type"": ""Point""
}",-83.202546491,42.4445812070001
24604,1498341,I-94,FRENCH,2018-10-02,2,10,2018,11,3,8,1,,1,0,Asphalt,1,1,1,55,3,2,2,5,0,0,0,0,true,false,false,false,false,false,false,false,false,false,false,false,false,false,true,true,false,false,false,false,false,false,-82.99548,42.39233,"{
  ""coordinates"": [
    -8.299548230704509e+01,
    4.239232891433900e+01
  ],
  ""type"": ""Point""
}","{
  ""coordinates"": [
    -82.995482307,
    42.392328914
  ],
  ""type"": ""Point""
}",-82.995482307,42.3923289140001
24605,1490709,NOVARA,BOULDER,2018-10-02,2,10,2018,15,3,4,9,,,0,,1,2,1,25,2,2,2,5,0,0,0,0,true,false,false,false,false,false,false,false,false,false,false,false,false,false,false,false,false,false,false,false,false,false,-82.95372,42.43924,"{
  ""coordinates"": [
    -8.295371659564570e+01,
    4.243923905386460e+01
  ],
  ""type"": ""Point""
}","{
  ""coordinates"": [
    -82.953716596,
    42.439239054
  ],
  ""type"": ""Point""
}",-82.9537165959999,42.439239054
24606,1494815,S M 10,RAMP 109A,2018-10-02,2,10,2018,8,3,8,3,,1,0,Concrete,2,2,1,55,3,2,2,5,0,0,0,0,true,false,false,false,false,false,false,false,false,false,false,false,false,true,false,false,false,false,false,false,false,false,-83.11266,42.39953,"{
  ""coordinates"": [
    -8.311266091724920e+01,
    4.239952909508510e+01
  ],
  ""type"": ""Point""
}","{
  ""coordinates"": [
    -83.112660917,
    42.399529095
  ],
  ""type"": ""Point""
}",-83.112660917,42.399529095
24607,1492956,GRISWOLD,CONGRESS,2018-10-02,2,10,2018,20,3,8,9,,4,0,Asphalt,1,1,4,30,4,2,2,5,0,0,0,0,true,false,false,false,false,false,false,false,false,false,false,false,false,false,false,false,false,false,false,false,false,false,-83.04698,42.3302,"{
  ""coordinates"": [
    -8.304698224394640e+01,
    4.233020157742220e+01
  ],
  ""type"": ""Point""
}","{
  ""coordinates"": [
    -83.046982244,
    42.330201577
  ],
  ""type"": ""Point""
}",-83.0469822439999,42.330201577
24608,1488795,I-94,MOROSS,2018-10-02,2,10,2018,4,3,1,1,,1,1,Asphalt,2,4,4,55,3,1,1,4,0,0,0,1,false,false,false,false,false,false,false,false,false,true,false,false,false,false,false,false,false,false,false,false,false,false,-82.92983,42.42327,"{
  ""coordinates"": [
    -8.292983453064200e+01,
    4.242327360184250e+01
  ],
  ""type"": ""Point""
}","{
  ""coordinates"": [
    -82.929834531,
    42.423273602
  ],
  ""type"": ""Point""
}",-82.929834531,42.4232736020001
24609,1491932,DICKERSON,PROMENADE,2018-10-02,2,10,2018,9,3,6,9,,4,0,Asphalt,1,1,1,,2,2,1,5,0,0,0,0,true,false,false,false,true,false,false,false,false,false,true,false,false,false,false,false,false,false,false,false,false,false,-82.97879,42.41127,"{
  ""coordinates"": [
    -8.297879276439571e+01,
    4.241127229740050e+01
  ],
  ""type"": ""Point""
}","{
  ""coordinates"": [
    -82.978792764,
    42.411272297
  ],
  ""type"": ""Point""
}",-82.9787927639999,42.411272297
24610,1488080,DAVISON,CLOVERLAWN,2018-10-02,2,10,2018,3,3,1,9,,4,1,Asphalt,2,4,4,35,3,1,0,5,0,0,0,0,true,false,false,false,true,false,false,false,false,false,false,false,false,false,false,false,false,false,false,false,false,false,-83.15179,42.38611,"{
  ""coordinates"": [
    -8.315179601708270e+01,
    4.238610678945200e+01
  ],
  ""type"": ""Point""
}","{
  ""coordinates"": [
    -83.151796017,
    42.386106789
  ],
  ""type"": ""Point""
}",-83.151796017,42.3861067890001
24611,1488805,SCHAEFER,CHALFONTE,2018-10-02,2,10,2018,15,3,4,9,,4,0,Asphalt,1,1,1,30,2,2,3,4,0,0,0,2,false,false,false,false,false,false,false,false,false,false,false,false,false,true,false,false,false,false,false,false,false,false,-83.17903,42.39984,"{
  ""coordinates"": [
    -8.317902889917509e+01,
    4.239983709670220e+01
  ],
  ""type"": ""Point""
}","{
  ""coordinates"": [
    -83.179028899,
    42.399837097
  ],
  ""type"": ""Point""
}",-83.1790288989999,42.399837097
24612,1493859,I-75,7 MILE,2018-10-02,2,10,2018,7,3,8,1,,1,0,Asphalt,2,1,2,70,4,2,2,5,0,0,0,0,true,false,false,false,false,false,false,false,false,true,false,false,false,false,false,false,false,false,false,false,false,false,-83.09462,42.43221,"{
  ""coordinates"": [
    -8.309462279310820e+01,
    4.243220822478730e+01
  ],
  ""type"": ""Point""
}","{
  ""coordinates"": [
    -83.094622793,
    42.432208225
  ],
  ""type"": ""Point""
}",-83.094622793,42.4322082250001
24613,1498508,JOY,SOUTHFIELD,2018-10-02,2,10,2018,19,3,4,9,,2,0,Asphalt,1,1,4,35,4,2,1,5,0,0,0,0,true,false,false,false,true,false,false,false,false,false,false,false,false,false,false,false,false,false,false,false,false,false,-83.21614,42.35785,"{
  ""coordinates"": [
    -8.321614380102460e+01,
    4.235785452080970e+01
  ],
  ""type"": ""Point""
}","{
  ""coordinates"": [
    -83.216143801,
    42.357854521
  ],
  ""type"": ""Point""
}",-83.216143801,42.357854521
24614,1490680,GRATIOT,MARCUS,2018-10-02,2,10,2018,8,3,5,3,,1,0,Asphalt,1,2,1,35,3,3,2,5,0,0,0,0,true,false,false,false,true,false,false,false,false,false,false,false,false,true,false,false,false,false,false,false,false,false,-83.00246,42.39732,"{
  ""coordinates"": [
    -8.300246667650561e+01,
    4.239731418831590e+01
  ],
  ""type"": ""Point""
}","{
  ""coordinates"": [
    -83.002466677,
    42.397314188
  ],
  ""type"": ""Point""
}",-83.002466677,42.3973141880001
24615,1488843,NORTHFIELD,JOY,2018-10-02,2,10,2018,22,3,2,9,,,2,,1,1,4,25,2,2,1,5,0,0,0,0,true,false,false,false,true,false,false,false,false,false,false,false,false,false,false,false,false,false,false,false,false,false,-83.13471,42.36257,"{
  ""coordinates"": [
    -8.313471132050120e+01,
    4.236256989101370e+01
  ],
  ""type"": ""Point""
}","{
  ""coordinates"": [
    -83.134711321,
    42.362569891
  ],
  ""type"": ""Point""
}",-83.1347113209999,42.3625698910001
24616,1494816,E I 94,CONSOLIDATED RAIL CORPORATION,2018-10-02,2,10,2018,9,3,5,1,,1,0,Asphalt,2,1,1,55,3,2,1,5,0,0,0,0,true,false,false,false,false,false,false,false,false,false,false,false,false,false,false,false,false,false,false,false,false,false,-83.03149,42.38154,"{
  ""coordinates"": [
    -8.303149505276510e+01,
    4.238153681806300e+01
  ],
  ""type"": ""Point""
}","{
  ""coordinates"": [
    -83.031495053,
    42.381536818
  ],
  ""type"": ""Point""
}",-83.031495053,42.381536818
24617,1488761,I-94,SCOTTEN,2018-10-02,2,10,2018,4,3,1,1,,1,1,Asphalt,2,4,4,55,3,1,1,3,0,0,1,0,false,false,false,false,false,false,false,false,false,true,false,false,false,false,false,false,false,false,false,false,false,false,-83.11189,42.34588,"{
  ""coordinates"": [
    -8.311188759528960e+01,
    4.234588068399890e+01
  ],
  ""type"": ""Point""
}","{
  ""coordinates"": [
    -83.111887595,
    42.345880684
  ],
  ""type"": ""Point""
}",-83.111887595,42.3458806840001
24618,1497138,WOODWARD,COLLINGWOOD,2018-10-02,2,10,2018,8,3,97,3,,1,0,Asphalt,2,4,1,35,7,2,2,5,0,0,0,0,true,false,false,false,true,false,false,false,false,false,false,false,false,false,false,false,false,false,false,false,false,false,-83.08677,42.39029,"{
  ""coordinates"": [
    -8.308677135015230e+01,
    4.239029078833560e+01
  ],
  ""type"": ""Point""
}","{
  ""coordinates"": [
    -83.08677135,
    42.390290788
  ],
  ""type"": ""Point""
}",-83.0867713499999,42.3902907880001
24619,1583334,GRAND RIVER,MINOCK,2018-10-02,2,10,2018,8,3,4,3,,1,0,Asphalt,1,2,1,35,4,2,2,5,0,0,0,0,true,false,false,false,false,false,false,false,false,false,false,false,false,true,false,false,false,false,false,false,false,false,-83.23399,42.40702,"{
  ""coordinates"": [
    -8.323399414670270e+01,
    4.240701572515820e+01
  ],
  ""type"": ""Point""
}","{
  ""coordinates"": [
    -83.233994147,
    42.407015725
  ],
  ""type"": ""Point""
}",-83.233994147,42.4070157250001
24620,1492964,JEFFERSON,BRUSH,2018-10-02,2,10,2018,17,3,1,4,,1,0,Asphalt,1,2,1,30,4,2,0,3,0,0,1,0,false,false,false,false,true,false,false,false,false,false,false,false,true,false,false,false,false,false,false,false,false,false,-83.04086,42.33008,"{
  ""coordinates"": [
    -8.304085331815800e+01,
    4.233007817187020e+01
  ],
  ""type"": ""Point""
}","{
  ""coordinates"": [
    -83.040853318,
    42.330078172
  ],
  ""type"": ""Point""
}",-83.040853318,42.3300781720001
24621,1494814,RAMP 035A,N I 75,2018-10-02,2,10,2018,6,3,5,1,,1,0,Asphalt,2,4,2,60,3,3,3,5,0,0,0,0,true,false,false,false,false,false,false,false,true,false,false,false,false,false,false,true,false,false,false,false,false,false,-83.08384,42.31665,"{
  ""coordinates"": [
    -8.308383765211630e+01,
    4.231664712371550e+01
  ],
  ""type"": ""Point""
}","{
  ""coordinates"": [
    -83.083837652,
    42.316647124
  ],
  ""type"": ""Point""
}",-83.0838376519999,42.316647124
24622,1491945,FAIRVIEW,CANFIELD,2018-10-02,2,10,2018,23,3,4,9,,,0,,1,1,4,25,2,2,1,5,0,0,0,0,true,false,false,false,true,false,false,false,false,true,false,false,false,false,false,false,false,false,false,false,false,false,-82.98447,42.38186,"{
  ""coordinates"": [
    -8.298447486328260e+01,
    4.238185592650490e+01
  ],
  ""type"": ""Point""
}","{
  ""coordinates"": [
    -82.984474863,
    42.381855927
  ],
  ""type"": ""Point""
}",-82.9844748629999,42.3818559270001
24623,1490719,GRATIOT,MACK,2018-10-02,2,10,2018,19,3,5,3,,1,0,Asphalt,2,1,1,30,3,2,2,5,0,0,0,0,true,false,false,false,false,false,false,false,false,false,false,false,false,true,false,false,false,false,false,false,false,false,-83.02774,42.35907,"{
  ""coordinates"": [
    -8.302774146182510e+01,
    4.235906648833950e+01
  ],
  ""type"": ""Point""
}","{
  ""coordinates"": [
    -83.027741462,
    42.359066488
  ],
  ""type"": ""Point""
}",-83.0277414619999,42.3590664880001
24624,1489685,W I 96,KENTFIELD,2018-10-02,2,10,2018,14,3,8,1,,1,0,Concrete,1,2,1,55,4,2,2,5,0,0,0,0,true,false,false,false,false,false,false,false,false,false,false,false,false,false,false,true,false,false,false,false,false,false,-83.24085,42.38396,"{
  ""coordinates"": [
    -8.324085325506530e+01,
    4.238396265464880e+01
  ],
  ""type"": ""Point""
}","{
  ""coordinates"": [
    -83.240853255,
    42.383962655
  ],
  ""type"": ""Point""
}",-83.240853255,42.3839626550001
24625,1489672,S M 39,RAMP 008H,2018-10-02,2,10,2018,7,3,5,3,,1,0,Asphalt,2,4,1,55,3,2,4,5,0,0,0,0,true,false,false,false,false,false,false,false,false,false,true,false,false,false,false,false,false,false,false,false,false,false,-83.21751,42.38249,"{
  ""coordinates"": [
    -8.321750714946729e+01,
    4.238249269306320e+01
  ],
  ""type"": ""Point""
}","{
  ""coordinates"": [
    -83.217507149,
    42.382492693
  ],
  ""type"": ""Point""
}",-83.217507149,42.3824926930001
24626,1490666,JEFFERSON,BEAUBIEN,2018-10-02,2,10,2018,8,3,5,4,,1,0,Asphalt,1,1,1,35,3,2,2,5,0,0,0,0,true,false,false,false,false,false,false,false,false,false,false,false,false,false,false,false,false,false,false,false,false,false,-83.03986,42.33086,"{
  ""coordinates"": [
    -8.303986335807841e+01,
    4.233085629250880e+01
  ],
  ""type"": ""Point""
}","{
  ""coordinates"": [
    -83.039863358,
    42.330856293
  ],
  ""type"": ""Point""
}",-83.0398633579999,42.3308562930001
24627,1488841,ROSA PARKS,TAYLOR,2018-10-02,2,10,2018,8,3,4,9,,4,0,Asphalt,2,4,1,30,6,2,4,5,0,0,0,0,true,false,false,false,false,false,false,false,false,false,false,false,false,false,false,false,false,false,false,false,false,false,-83.09867,42.37574,"{
  ""coordinates"": [
    -8.309867205190560e+01,
    4.237574384479870e+01
  ],
  ""type"": ""Point""
}","{
  ""coordinates"": [
    -83.098672052,
    42.375743845
  ],
  ""type"": ""Point""
}",-83.098672052,42.375743845
24628,1490667,2ND,PINGREE,2018-10-02,2,10,2018,7,3,4,9,,4,0,Asphalt,2,4,1,25,4,2,2,5,0,0,0,0,true,false,false,false,false,false,false,false,false,false,false,false,false,false,false,false,false,false,false,false,false,false,-83.08205,42.37769,"{
  ""coordinates"": [
    -8.308204809289261e+01,
    4.237768563501370e+01
  ],
  ""type"": ""Point""
}","{
  ""coordinates"": [
    -83.082048093,
    42.377685635
  ],
  ""type"": ""Point""
}",-83.082048093,42.377685635
24629,1488824,GRATIOT,VAN DYKE,2018-10-02,2,10,2018,17,3,8,3,,1,0,Asphalt,1,2,1,40,4,2,5,5,0,0,0,0,true,false,false,false,true,false,false,false,false,false,false,true,false,false,false,false,false,false,false,false,false,false,-83.01465,42.37889,"{
  ""coordinates"": [
    -8.301464590857630e+01,
    4.237888667806340e+01
  ],
  ""type"": ""Point""
}","{
  ""coordinates"": [
    -83.014645909,
    42.378886678
  ],
  ""type"": ""Point""
}",-83.014645909,42.3788866780001
24630,1488745,I-75,MILWAUKEE,2018-10-02,2,10,2018,11,3,5,1,,1,0,Asphalt,1,1,1,55,3,2,2,5,0,0,0,0,true,false,false,false,false,false,false,false,false,false,false,false,false,false,false,false,false,false,false,false,false,false,-83.05968,42.37371,"{
  ""coordinates"": [
    -8.305967423767410e+01,
    4.237371121625150e+01
  ],
  ""type"": ""Point""
}","{
  ""coordinates"": [
    -83.059674238,
    42.373711216
  ],
  ""type"": ""Point""
}",-83.059674238,42.3737112160001
24631,1489705,M-39,WARREN,2018-10-02,2,10,2018,12,3,5,3,,1,0,Asphalt,1,2,1,55,3,2,2,5,0,0,0,0,true,false,false,false,false,false,false,false,false,false,false,false,false,true,false,false,false,false,false,false,false,false,-83.21609,42.34483,"{
  ""coordinates"": [
    -8.321609708045690e+01,
    4.234482545806770e+01
  ],
  ""type"": ""Point""
}","{
  ""coordinates"": [
    -83.21609708,
    42.344825458
  ],
  ""type"": ""Point""
}",-83.2160970799999,42.3448254580001
24632,1492957,MARTIN LUTHER KING JR,M 10,2018-10-02,2,10,2018,7,3,5,9,,4,0,Asphalt,2,1,1,30,4,2,1,5,0,0,0,0,true,false,false,false,true,false,false,false,false,false,false,false,false,false,false,false,false,false,false,false,false,false,-83.06818,42.34317,"{
  ""coordinates"": [
    -8.306817985574649e+01,
    4.234317154888470e+01
  ],
  ""type"": ""Point""
}","{
  ""coordinates"": [
    -83.068179856,
    42.343171549
  ],
  ""type"": ""Point""
}",-83.068179856,42.343171549
24633,1505188,N I 75,GRAND,2018-10-02,2,10,2018,5,3,5,1,,1,0,Asphalt,2,4,4,55,3,3,3,3,0,0,1,0,false,false,false,false,false,false,false,false,false,true,false,false,false,false,true,false,false,false,false,false,false,false,-83.08414,42.31643,"{
  ""coordinates"": [
    -8.308414811342260e+01,
    4.231642569883460e+01
  ],
  ""type"": ""Point""
}","{
  ""coordinates"": [
    -83.084148113,
    42.316425699
  ],
  ""type"": ""Point""
}",-83.084148113,42.316425699
24634,1502757,MEYERS,KEELER,2018-10-02,2,10,2018,1,3,2,9,,4,2,Asphalt,2,4,4,25,1,2,1,5,0,0,0,0,true,false,false,false,false,true,false,false,false,false,false,false,false,false,false,false,false,false,false,false,false,false,-83.16953,42.40465,"{
  ""coordinates"": [
    -8.316952386704320e+01,
    4.240465206681070e+01
  ],
  ""type"": ""Point""
}","{
  ""coordinates"": [
    -83.169523867,
    42.404652067
  ],
  ""type"": ""Point""
}",-83.169523867,42.404652067
24635,1488744,RAMP 214E W I-94,TRUMBULL,2018-10-02,2,10,2018,9,3,1,1,,1,1,Asphalt,2,1,1,25,1,1,1,5,0,0,0,0,true,false,false,false,false,false,false,false,false,true,false,false,false,false,false,false,false,false,false,false,false,false,-83.08141,42.35645,"{
  ""coordinates"": [
    -8.308141355204970e+01,
    4.235644831217530e+01
  ],
  ""type"": ""Point""
}","{
  ""coordinates"": [
    -83.081413552,
    42.356448312
  ],
  ""type"": ""Point""
}",-83.081413552,42.3564483120001