ObjectId,Crash ID,Primary Road,Intersecting Road,Crash Date,Day,Month,Year,Hour,Weekday,Crash Type Code,Highway Classification Code,Community Code,Jurisdiction Code,Lane Departure Type Code,Surface Type,Road Condition,Weather Condition,Lighting Condition,Speed Limit,Lanes,Units,Occupants,Most Severe Injury,Fatal Injuries,Suspected Serious Injuries,Suspected Minor Injuries,Possible Injuries,Property Damage Only,Secondary Crash,Traffic Control,Red Light Run,Hit and Run,Alcohol,Drugs,Unbelted Person,Work Zone,Speeding Driver,Distracted Driver,Driveway,Pedestrian,Elderly Driver,Young Driver,Commercial Vehicle,Emergency Vehicles,Train,School Bus,Motorcycle,Bicycle,Deer,Longitude,Latitude,geom,geog,x,y
24690,1488037,DAVISON,HAMILTON,2018-10-01,1,10,2018,15,2,97,3,,1,0,Asphalt,1,2,1,55,3,2,4,3,0,0,1,0,false,false,false,false,false,false,false,false,false,true,false,false,false,false,false,false,false,false,false,false,false,false,-83.11288,42.39639,"{
  ""coordinates"": [
    -8.311288342622740e+01,
    4.239639054173940e+01
  ],
  ""type"": ""Point""
}","{
  ""coordinates"": [
    -83.112883426,
    42.396390542
  ],
  ""type"": ""Point""
}",-83.1128834259999,42.3963905420001
24691,1488048,WHITTAKER,GREEN,2018-10-01,1,10,2018,14,2,97,9,,,0,,2,2,1,25,2,3,3,4,0,0,0,2,false,false,true,false,false,false,false,false,false,false,false,false,false,false,true,false,false,false,false,false,false,false,-83.12083,42.31321,"{
  ""coordinates"": [
    -8.312083180604340e+01,
    4.231320475487400e+01
  ],
  ""type"": ""Point""
}","{
  ""coordinates"": [
    -83.120831806,
    42.313204755
  ],
  ""type"": ""Point""
}",-83.120831806,42.3132047550001
24692,1488834,7 MILE,FENMORE,2018-10-01,1,10,2018,12,2,4,9,,2,0,Asphalt,2,4,1,35,4,2,2,5,0,0,0,0,true,false,false,false,false,false,false,false,false,false,false,true,false,false,false,false,false,false,false,false,false,false,-83.21853,42.43003,"{
  ""coordinates"": [
    -8.321852664539720e+01,
    4.243003287608130e+01
  ],
  ""type"": ""Point""
}","{
  ""coordinates"": [
    -83.218526645,
    42.430032876
  ],
  ""type"": ""Point""
}",-83.2185266449999,42.430032876
24693,1489696,M-39,M-10,2018-10-01,1,10,2018,9,2,7,3,,1,0,Concrete,2,4,1,55,3,2,2,5,0,0,0,0,true,false,false,false,true,false,false,false,false,false,true,false,false,false,false,false,false,false,false,false,false,false,-83.21984,42.44088,"{
  ""coordinates"": [
    -8.321983878105679e+01,
    4.244087710656880e+01
  ],
  ""type"": ""Point""
}","{
  ""coordinates"": [
    -83.219838781,
    42.440877107
  ],
  ""type"": ""Point""
}",-83.219838781,42.4408771070001
24694,1488844,CHALFONTE,LIVERNOIS,2018-10-01,1,10,2018,9,2,8,9,,,3,,2,4,1,,2,2,1,5,0,0,0,0,true,false,false,false,true,false,false,false,false,false,false,false,false,false,false,false,false,false,false,false,false,false,-83.14025,42.40038,"{
  ""coordinates"": [
    -8.314024862368960e+01,
    4.240038352802800e+01
  ],
  ""type"": ""Point""
}","{
  ""coordinates"": [
    -83.140248624,
    42.400383528
  ],
  ""type"": ""Point""
}",-83.140248624,42.4003835280001
24695,1488781,I-75,DAVISON,2018-10-01,1,10,2018,4,2,1,1,,1,1,Asphalt,1,1,4,55,3,1,1,5,0,0,0,0,true,false,false,false,false,false,false,false,false,true,true,false,false,false,false,false,false,false,false,false,false,false,-83.07819,42.40747,"{
  ""coordinates"": [
    -8.307819396987620e+01,
    4.240746716242570e+01
  ],
  ""type"": ""Point""
}","{
  ""coordinates"": [
    -83.07819397,
    42.407467162
  ],
  ""type"": ""Point""
}",-83.07819397,42.407467162
24696,1493004,FORD,LASALLE,2018-10-01,1,10,2018,12,2,4,9,,,0,,2,2,1,25,1,2,2,4,0,0,0,1,false,false,false,false,false,false,false,false,false,false,false,false,false,false,false,false,false,false,false,false,false,false,-83.12115,42.39708,"{
  ""coordinates"": [
    -8.312114423343120e+01,
    4.239708235068620e+01
  ],
  ""type"": ""Point""
}","{
  ""coordinates"": [
    -83.121144233,
    42.397082351
  ],
  ""type"": ""Point""
}",-83.1211442329999,42.3970823510001
24697,1488041,FULLERTON,WYOMING,2018-10-01,1,10,2018,7,2,97,9,,4,0,Asphalt,2,4,4,25,2,2,0,4,0,0,0,1,false,false,false,false,true,false,false,false,false,false,false,false,true,false,false,false,false,false,false,false,false,false,-83.15879,42.38074,"{
  ""coordinates"": [
    -8.315878883740460e+01,
    4.238074053846410e+01
  ],
  ""type"": ""Point""
}","{
  ""coordinates"": [
    -83.158788837,
    42.380740538
  ],
  ""type"": ""Point""
}",-83.158788837,42.3807405380001
24698,1489687,E I 94,RAMP 213D,2018-10-01,1,10,2018,12,2,5,1,,1,0,Asphalt,2,4,1,55,4,2,2,5,0,0,0,0,true,false,false,false,false,false,false,false,false,true,false,false,false,false,false,false,false,false,false,false,false,false,-83.10446,42.34842,"{
  ""coordinates"": [
    -8.310446173225600e+01,
    4.234841469193880e+01
  ],
  ""type"": ""Point""
}","{
  ""coordinates"": [
    -83.104461732,
    42.348414692
  ],
  ""type"": ""Point""
}",-83.1044617319999,42.3484146920001
24699,1488039,GRAND,I 96 SERVICE,2018-10-01,1,10,2018,9,2,8,3,,1,0,Concrete,1,1,1,35,2,2,1,5,0,0,0,0,true,false,false,false,true,false,false,false,false,false,false,false,false,false,false,false,false,false,false,false,false,false,-83.14429,42.37088,"{
  ""coordinates"": [
    -8.314429774628370e+01,
    4.237087744118570e+01
  ],
  ""type"": ""Point""
}","{
  ""coordinates"": [
    -83.144297746,
    42.370877441
  ],
  ""type"": ""Point""
}",-83.1442977459999,42.3708774410001
24700,1488774,M-10,SCHAEFER,2018-10-01,1,10,2018,11,2,1,3,,1,1,Concrete,2,4,1,55,3,1,1,5,0,0,0,0,true,false,false,false,false,false,false,false,false,true,false,false,false,false,false,false,false,false,false,false,false,false,-83.17996,42.42484,"{
  ""coordinates"": [
    -8.317996520229450e+01,
    4.242483708269490e+01
  ],
  ""type"": ""Point""
}","{
  ""coordinates"": [
    -83.179965202,
    42.424837083
  ],
  ""type"": ""Point""
}",-83.1799652019999,42.4248370830001
24701,1498561,EUCLID,BRUSH,2018-10-01,1,10,2018,21,2,4,9,,4,0,Asphalt,1,3,4,25,1,2,4,4,0,0,0,1,false,false,false,false,true,false,false,true,false,false,false,false,false,false,false,false,false,false,false,false,false,false,-83.07317,42.37895,"{
  ""coordinates"": [
    -8.307317137134270e+01,
    4.237895273383080e+01
  ],
  ""type"": ""Point""
}","{
  ""coordinates"": [
    -83.073171371,
    42.378952734
  ],
  ""type"": ""Point""
}",-83.0731713709999,42.3789527340001
24702,1515551,TELEGRAPH,CLARITA,2018-10-01,1,10,2018,19,2,5,2,,1,0,Asphalt,1,2,1,45,4,3,5,4,0,0,0,5,false,false,false,false,false,false,false,false,false,false,false,false,false,false,false,false,false,false,false,false,false,false,-83.27747,42.42671,"{
  ""coordinates"": [
    -8.327746920173770e+01,
    4.242671227658530e+01
  ],
  ""type"": ""Point""
}","{
  ""coordinates"": [
    -83.277469202,
    42.426712277
  ],
  ""type"": ""Point""
}",-83.277469202,42.426712277
24703,1488038,M 10,7 MILE,2018-10-01,1,10,2018,17,2,5,3,,1,0,Concrete,1,2,1,55,3,3,4,4,0,0,0,2,false,false,false,false,false,false,false,false,false,false,false,false,false,true,false,false,false,false,false,false,false,false,-83.18764,42.43147,"{
  ""coordinates"": [
    -8.318763618827190e+01,
    4.243147153785240e+01
  ],
  ""type"": ""Point""
}","{
  ""coordinates"": [
    -83.187636188,
    42.431471538
  ],
  ""type"": ""Point""
}",-83.1876361879999,42.431471538
24704,1488053,SCHAEFER,FORT,2018-10-01,1,10,2018,7,2,4,7,,1,0,Asphalt,1,2,4,35,3,2,2,5,0,0,0,0,true,false,false,false,false,false,false,false,false,false,false,false,false,false,false,false,false,false,false,false,false,false,-83.15534,42.27629,"{
  ""coordinates"": [
    -8.315533832121920e+01,
    4.227629544312860e+01
  ],
  ""type"": ""Point""
}","{
  ""coordinates"": [
    -83.155338321,
    42.276295443
  ],
  ""type"": ""Point""
}",-83.155338321,42.276295443
24705,1491883,KEELER,SUSSEX,2018-10-01,1,10,2018,11,2,97,9,,,0,,2,4,1,25,1,2,4,3,0,0,1,2,false,false,false,false,true,false,false,false,false,false,false,false,false,false,false,false,false,false,false,false,false,false,-83.19535,42.40342,"{
  ""coordinates"": [
    -8.319535294276869e+01,
    4.240341544045250e+01
  ],
  ""type"": ""Point""
}","{
  ""coordinates"": [
    -83.195352943,
    42.40341544
  ],
  ""type"": ""Point""
}",-83.195352943,42.4034154400001
24706,1488803,I-75,CHRYSLER,2018-10-01,1,10,2018,11,2,97,1,,1,1,Asphalt,2,4,1,75,3,1,1,5,0,0,0,0,true,false,false,false,true,false,false,false,false,false,false,false,false,false,false,false,false,false,false,false,false,false,-83.04331,42.34222,"{
  ""coordinates"": [
    -8.304331541159790e+01,
    4.234222186315430e+01
  ],
  ""type"": ""Point""
}","{
  ""coordinates"": [
    -83.043315412,
    42.342221863
  ],
  ""type"": ""Point""
}",-83.043315412,42.3422218630001
24707,1491877,BRUSH,CONGRESS,2018-10-01,1,10,2018,7,2,97,9,,4,0,Asphalt,2,2,4,30,1,2,1,3,0,0,1,0,false,false,false,false,false,false,false,false,false,false,false,false,true,false,false,false,false,false,false,false,false,false,-83.042,42.33182,"{
  ""coordinates"": [
    -8.304199998018591e+01,
    4.233181903476400e+01
  ],
  ""type"": ""Point""
}","{
  ""coordinates"": [
    -83.04199998,
    42.331819035
  ],
  ""type"": ""Point""
}",-83.04199998,42.3318190350001
24708,1498593,HUBBELL,MCNICHOLS,2018-10-01,1,10,2018,14,2,5,9,,4,0,Asphalt,2,2,1,30,5,2,1,5,0,0,0,0,true,false,false,false,true,false,false,false,false,false,false,false,false,true,false,false,false,false,false,false,false,false,-83.18955,42.41639,"{
  ""coordinates"": [
    -8.318955278019990e+01,
    4.241638702041790e+01
  ],
  ""type"": ""Point""
}","{
  ""coordinates"": [
    -83.18955278,
    42.41638702
  ],
  ""type"": ""Point""
}",-83.18955278,42.4163870200001
24709,1490703,CONNER,MCNICHOLS,2018-10-01,1,10,2018,9,2,8,9,,4,0,Asphalt,2,4,1,30,5,2,4,5,0,0,0,0,true,false,false,false,false,false,false,false,false,false,false,false,false,false,true,false,false,false,false,false,false,false,-83.01353,42.41936,"{
  ""coordinates"": [
    -8.301352868847050e+01,
    4.241936090041500e+01
  ],
  ""type"": ""Point""
}","{
  ""coordinates"": [
    -83.013528688,
    42.4193609
  ],
  ""type"": ""Point""
}",-83.013528688,42.4193609000001
24710,1488799,CLINTON,BEAUBIEN,2018-10-01,1,10,2018,9,2,4,9,,4,0,Asphalt,2,2,1,25,1,2,2,5,0,0,0,0,true,false,false,false,false,false,false,false,false,false,false,false,false,false,false,false,false,false,false,false,false,false,-83.04354,42.33625,"{
  ""coordinates"": [
    -8.304354093716960e+01,
    4.233624863578990e+01
  ],
  ""type"": ""Point""
}","{
  ""coordinates"": [
    -83.043540937,
    42.336248636
  ],
  ""type"": ""Point""
}",-83.043540937,42.3362486360001
24711,1494851,FRANKFORT,DICKERSON,2018-10-01,1,10,2018,8,2,3,9,,,0,,2,4,1,25,2,2,2,4,0,0,0,2,false,false,false,false,false,false,false,true,false,false,false,false,false,false,false,false,false,false,false,false,false,false,-82.9681,42.39405,"{
  ""coordinates"": [
    -8.296810131221319e+01,
    4.239405524316600e+01
  ],
  ""type"": ""Point""
}","{
  ""coordinates"": [
    -82.968101312,
    42.394055243
  ],
  ""type"": ""Point""
}",-82.968101312,42.394055243
24712,1488064,WARREN,CONNER,2018-10-01,1,10,2018,6,2,5,9,,4,0,Asphalt,2,4,1,,3,2,1,5,0,0,0,0,true,false,false,false,true,false,false,false,false,false,false,false,false,false,false,false,false,false,false,false,false,false,-82.97596,42.38931,"{
  ""coordinates"": [
    -8.297595709503901e+01,
    4.238930541167420e+01
  ],
  ""type"": ""Point""
}","{
  ""coordinates"": [
    -82.975957095,
    42.389305412
  ],
  ""type"": ""Point""
}",-82.975957095,42.3893054120001
24713,1488057,WARREN,GRATIOT,2018-10-01,1,10,2018,7,2,8,3,,4,0,Asphalt,2,4,1,,2,2,1,5,0,0,0,0,true,false,false,false,true,false,false,false,false,false,false,false,false,false,false,false,false,false,false,false,false,false,-83.01802,42.37398,"{
  ""coordinates"": [
    -8.301802283062359e+01,
    4.237398178294880e+01
  ],
  ""type"": ""Point""
}","{
  ""coordinates"": [
    -83.018022831,
    42.373981783
  ],
  ""type"": ""Point""
}",-83.0180228309999,42.373981783
24714,1488061,CONNER,MACK,2018-10-01,1,10,2018,9,2,5,9,,4,0,Asphalt,2,4,1,30,5,2,1,5,0,0,0,0,true,false,false,false,true,false,false,false,false,false,false,false,false,false,false,false,false,false,false,false,false,false,-82.96789,42.38376,"{
  ""coordinates"": [
    -8.296788640549561e+01,
    4.238376333267810e+01
  ],
  ""type"": ""Point""
}","{
  ""coordinates"": [
    -82.967886405,
    42.383763333
  ],
  ""type"": ""Point""
}",-82.9678864049999,42.383763333
24715,1488848,VAN DYKE,WARREN,2018-10-01,1,10,2018,22,2,5,9,,4,0,Asphalt,1,1,4,35,2,2,3,4,0,0,0,1,false,false,false,false,true,false,false,false,false,false,false,false,false,false,false,false,false,false,false,false,false,false,-83.01267,42.37605,"{
  ""coordinates"": [
    -8.301267031671490e+01,
    4.237604476218470e+01
  ],
  ""type"": ""Point""
}","{
  ""coordinates"": [
    -83.012670317,
    42.376044762
  ],
  ""type"": ""Point""
}",-83.012670317,42.376044762
24716,1488045,WITHERELL,ADAMS,2018-10-01,1,10,2018,17,2,6,9,,4,0,Asphalt,2,2,1,,4,2,2,5,0,0,0,0,true,false,false,false,false,false,false,false,false,false,false,false,false,false,false,true,false,false,false,false,false,false,-83.04965,42.33776,"{
  ""coordinates"": [
    -8.304965007147921e+01,
    4.233775882653890e+01
  ],
  ""type"": ""Point""
}","{
  ""coordinates"": [
    -83.049650071,
    42.337758827
  ],
  ""type"": ""Point""
}",-83.049650071,42.3377588270001
24717,1488827,PREVOST,EATON,2018-10-01,1,10,2018,16,2,4,9,,,0,,2,2,1,25,2,2,2,4,0,0,0,1,false,false,true,false,false,false,false,false,false,false,false,false,false,false,true,false,false,false,false,false,false,false,-83.20273,42.39662,"{
  ""coordinates"": [
    -8.320273180376221e+01,
    4.239661951943500e+01
  ],
  ""type"": ""Point""
}","{
  ""coordinates"": [
    -83.202731804,
    42.396619519
  ],
  ""type"": ""Point""
}",-83.2027318039999,42.3966195190001
24718,1488838,GILCHRIST,CURTIS,2018-10-01,1,10,2018,5,2,8,9,,,3,,2,4,5,25,1,2,1,5,0,0,0,0,true,false,false,false,false,false,false,false,false,false,false,false,false,false,false,false,false,false,false,false,false,false,-83.21234,42.42278,"{
  ""coordinates"": [
    -8.321234225388160e+01,
    4.242278288410160e+01
  ],
  ""type"": ""Point""
}","{
  ""coordinates"": [
    -83.212342254,
    42.422782884
  ],
  ""type"": ""Point""
}",-83.212342254,42.4227828840001
24719,1486824,I-96,EVERGREEN,2018-10-01,1,10,2018,9,2,5,1,,1,0,Concrete,2,4,1,55,3,2,2,5,0,0,0,0,true,false,false,false,false,false,false,false,false,false,false,false,false,false,true,false,false,false,false,false,false,false,-83.22781,42.37785,"{
  ""coordinates"": [
    -8.322780320090560e+01,
    4.237785069611110e+01
  ],
  ""type"": ""Point""
}","{
  ""coordinates"": [
    -83.227803201,
    42.377850696
  ],
  ""type"": ""Point""
}",-83.227803201,42.3778506960001
24720,1488782,S I 375,S I 375 SERVICE DRIVE,2018-10-01,1,10,2018,7,2,5,1,,1,0,Asphalt,2,4,2,70,3,2,2,5,0,0,0,0,true,false,false,false,false,false,false,false,false,false,false,false,false,false,false,false,false,false,false,false,false,false,-83.03667,42.33189,"{
  ""coordinates"": [
    -8.303666366734799e+01,
    4.233188668864380e+01
  ],
  ""type"": ""Point""
}","{
  ""coordinates"": [
    -83.036663667,
    42.331886689
  ],
  ""type"": ""Point""
}",-83.036663667,42.331886689
24721,1488062,CONNER,WARREN,2018-10-01,1,10,2018,12,2,4,9,,4,0,Asphalt,2,4,1,35,4,2,2,5,0,0,0,0,true,false,false,false,true,false,false,false,false,false,false,false,false,true,false,false,false,false,false,false,false,false,-82.9762,42.38934,"{
  ""coordinates"": [
    -8.297619907010881e+01,
    4.238933696201000e+01
  ],
  ""type"": ""Point""
}","{
  ""coordinates"": [
    -82.97619907,
    42.389336962
  ],
  ""type"": ""Point""
}",-82.97619907,42.3893369620001
24722,1489735,ROSA PARKS,MICHIGAN,2018-10-01,1,10,2018,19,2,5,2,,4,0,Asphalt,1,1,3,35,2,2,1,5,0,0,0,0,true,true,false,false,true,false,false,false,false,false,false,false,false,false,false,false,false,false,false,false,false,false,-83.07181,42.33143,"{
  ""coordinates"": [
    -8.307180637751190e+01,
    4.233143318873740e+01
  ],
  ""type"": ""Point""
}","{
  ""coordinates"": [
    -83.071806378,
    42.331433189
  ],
  ""type"": ""Point""
}",-83.071806378,42.3314331890001
24723,1498630,N M 10,7 MILE,2018-10-01,1,10,2018,8,2,5,3,,1,0,Concrete,2,4,1,30,3,2,1,4,0,0,0,1,false,false,false,false,true,false,false,false,false,false,false,false,false,false,false,false,false,false,false,false,false,false,-83.18683,42.43072,"{
  ""coordinates"": [
    -8.318683218459741e+01,
    4.243072314570500e+01
  ],
  ""type"": ""Point""
}","{
  ""coordinates"": [
    -83.186832185,
    42.430723146
  ],
  ""type"": ""Point""
}",-83.186832185,42.430723146
24724,1489686,I-94,MT ELLIOT,2018-10-01,1,10,2018,7,2,8,1,,1,0,Asphalt,2,4,2,55,3,2,1,5,0,0,0,0,true,false,false,false,true,false,false,false,false,false,false,false,false,false,false,false,false,false,false,false,false,false,-83.03117,42.38226,"{
  ""coordinates"": [
    -8.303117657359610e+01,
    4.238226333874980e+01
  ],
  ""type"": ""Point""
}","{
  ""coordinates"": [
    -83.031176574,
    42.382263339
  ],
  ""type"": ""Point""
}",-83.031176574,42.3822633390001
24725,1488828,OUTER,SHAFTSBURY,2018-10-01,1,10,2018,12,2,8,9,,2,0,Asphalt,1,2,1,30,2,2,1,5,0,0,0,0,true,false,false,false,true,false,false,false,false,false,false,false,false,true,false,false,false,false,false,false,false,false,-83.23067,42.41879,"{
  ""coordinates"": [
    -8.323066490215840e+01,
    4.241879052574760e+01
  ],
  ""type"": ""Point""
}","{
  ""coordinates"": [
    -83.230664902,
    42.418790526
  ],
  ""type"": ""Point""
}",-83.2306649019999,42.4187905260001
24726,1489700,I-96,I-75,2018-10-01,1,10,2018,12,2,1,1,,1,1,Asphalt,2,4,1,55,2,1,1,5,0,0,0,0,true,false,false,false,false,false,false,false,false,true,true,false,false,false,false,true,false,false,false,false,false,false,-83.08339,42.32416,"{
  ""coordinates"": [
    -8.308338688667330e+01,
    4.232415591424820e+01
  ],
  ""type"": ""Point""
}","{
  ""coordinates"": [
    -83.083386887,
    42.324155914
  ],
  ""type"": ""Point""
}",-83.083386887,42.3241559140001
24727,1488839,OUTER,WADE,2018-10-01,1,10,2018,19,2,5,9,,2,3,Asphalt,2,2,4,30,2,2,0,5,0,0,0,0,true,false,false,false,true,false,false,false,false,false,false,false,false,false,false,false,false,false,false,false,false,false,-82.96089,42.40802,"{
  ""coordinates"": [
    -8.296089483000929e+01,
    4.240802424395540e+01
  ],
  ""type"": ""Point""
}","{
  ""coordinates"": [
    -82.96089483,
    42.408024244
  ],
  ""type"": ""Point""
}",-82.96089483,42.408024244
24728,1493870,I-94,BEAUBIEN,2018-10-01,1,10,2018,12,2,5,1,,1,0,Asphalt,2,4,1,55,3,2,2,4,0,0,0,2,false,false,false,false,false,false,false,false,false,false,false,false,false,false,false,false,false,false,false,false,false,false,-83.06301,42.36635,"{
  ""coordinates"": [
    -8.306301303820240e+01,
    4.236634915538340e+01
  ],
  ""type"": ""Point""
}","{
  ""coordinates"": [
    -83.063013038,
    42.366349155
  ],
  ""type"": ""Point""
}",-83.063013038,42.3663491550001
24729,1490668,12TH,CANFIELD,2018-10-01,1,10,2018,8,2,4,9,,4,0,Asphalt,2,4,1,30,3,2,2,5,0,0,0,0,true,false,true,false,false,false,false,false,false,false,false,false,false,false,false,false,false,false,false,false,false,false,-83.08073,42.34673,"{
  ""coordinates"": [
    -8.308072435967100e+01,
    4.234673285915830e+01
  ],
  ""type"": ""Point""
}","{
  ""coordinates"": [
    -83.08072436,
    42.346732859
  ],
  ""type"": ""Point""
}",-83.08072436,42.346732859
24730,1498613,WOODWARD,STATE FAIR,2018-10-01,1,10,2018,7,2,5,3,,1,0,Asphalt,2,4,4,40,5,2,2,5,0,0,0,0,true,false,false,false,false,false,false,false,false,false,false,false,false,false,false,false,false,false,false,false,false,false,-83.12019,42.43915,"{
  ""coordinates"": [
    -8.312018824897140e+01,
    4.243914624481960e+01
  ],
  ""type"": ""Point""
}","{
  ""coordinates"": [
    -83.120188249,
    42.439146245
  ],
  ""type"": ""Point""
}",-83.120188249,42.4391462450001
24731,1490712,GRATIOT,ADELAIDE,2018-10-01,1,10,2018,6,2,5,3,,1,0,Asphalt,2,1,1,35,7,2,2,4,0,0,0,1,false,false,false,false,false,false,false,false,false,false,false,false,false,false,false,false,false,false,false,false,false,false,-83.035,42.34839,"{
  ""coordinates"": [
    -8.303499302161670e+01,
    4.234839313052620e+01
  ],
  ""type"": ""Point""
}","{
  ""coordinates"": [
    -83.034993022,
    42.348393131
  ],
  ""type"": ""Point""
}",-83.034993022,42.3483931310001
24732,1486838,PLYMOUTH,SCHAEFER,2018-09-30,30,9,2018,2,1,98,9,,4,0,Asphalt,1,1,4,35,4,2,0,5,0,0,0,0,true,false,false,false,true,false,false,false,false,false,false,false,false,false,false,false,false,false,false,false,false,false,-83.17809,42.37304,"{
  ""coordinates"": [
    -8.317808348257300e+01,
    4.237303696085030e+01
  ],
  ""type"": ""Point""
}","{
  ""coordinates"": [
    -83.178083483,
    42.373036961
  ],
  ""type"": ""Point""
}",-83.178083483,42.373036961
24733,1488023,W I 96 CD,EVERGREEN,2018-09-30,30,9,2018,23,1,1,1,,1,0,Concrete,1,1,4,55,3,1,1,5,0,0,0,0,true,false,false,false,false,false,false,false,false,false,false,false,false,false,false,false,false,false,false,false,false,false,-83.23637,42.38047,"{
  ""coordinates"": [
    -8.323636586154430e+01,
    4.238047301318840e+01
  ],
  ""type"": ""Point""
}","{
  ""coordinates"": [
    -83.236365862,
    42.380473013
  ],
  ""type"": ""Point""
}",-83.236365862,42.380473013
24734,1486872,CONNER,SHOEMAKER,2018-09-30,30,9,2018,16,1,8,9,,4,0,Asphalt,1,1,1,35,5,2,1,5,0,0,0,0,true,false,false,false,true,false,false,false,false,false,false,false,false,false,false,false,false,false,false,false,false,false,-82.98328,42.39297,"{
  ""coordinates"": [
    -8.298327489530300e+01,
    4.239296706772410e+01
  ],
  ""type"": ""Point""
}","{
  ""coordinates"": [
    -82.983274895,
    42.392967068
  ],
  ""type"": ""Point""
}",-82.983274895,42.3929670680001
24735,1486933,SCHAEFER,JAMES COUZENS,2018-09-30,30,9,2018,0,1,8,9,,4,0,Concrete,2,1,4,30,5,2,2,3,0,0,1,1,false,false,false,false,true,false,false,false,false,false,false,false,false,false,false,false,false,false,false,false,false,false,-83.18021,42.42523,"{
  ""coordinates"": [
    -8.318021339288640e+01,
    4.242523328080900e+01
  ],
  ""type"": ""Point""
}","{
  ""coordinates"": [
    -83.180213393,
    42.425233281
  ],
  ""type"": ""Point""
}",-83.180213393,42.425233281
24736,1488017,I-75,CANFIELD,2018-09-30,30,9,2018,2,1,5,1,,1,0,Asphalt,2,4,4,55,3,2,4,4,0,0,0,1,false,false,false,false,false,false,false,false,false,true,false,false,false,false,false,false,false,false,false,false,false,false,-83.05231,42.35794,"{
  ""coordinates"": [
    -8.305230547133070e+01,
    4.235793627817580e+01
  ],
  ""type"": ""Point""
}","{
  ""coordinates"": [
    -83.052305471,
    42.357936278
  ],
  ""type"": ""Point""
}",-83.052305471,42.3579362780001
24737,1489678,N M 10,RAMP 122M,2018-09-30,30,9,2018,2,1,5,3,,1,0,Asphalt,2,4,4,55,4,3,2,5,0,0,0,0,true,false,false,false,true,false,false,false,false,true,false,false,false,false,true,false,false,false,false,false,false,false,-83.06145,42.33182,"{
  ""coordinates"": [
    -8.306145003642180e+01,
    4.233181951912720e+01
  ],
  ""type"": ""Point""
}","{
  ""coordinates"": [
    -83.061450036,
    42.331819519
  ],
  ""type"": ""Point""
}",-83.0614500359999,42.3318195190001
24738,1488075,HARPER,BERKSHIRE,2018-09-30,30,9,2018,3,1,1,9,,4,1,Asphalt,2,4,4,30,4,1,2,3,0,0,2,0,false,false,false,false,false,false,false,false,false,false,false,false,false,false,false,false,false,false,false,false,false,false,-82.94994,42.4087,"{
  ""coordinates"": [
    -8.294994712628620e+01,
    4.240869533886540e+01
  ],
  ""type"": ""Point""
}","{
  ""coordinates"": [
    -82.949947126,
    42.408695339
  ],
  ""type"": ""Point""
}",-82.949947126,42.4086953390001
24739,1486893,CHRYSLER,MONROE,2018-09-30,30,9,2018,3,1,8,1,,1,0,Asphalt,2,4,4,30,3,2,3,5,0,0,0,0,true,false,false,false,false,false,false,false,false,false,true,false,false,false,false,false,true,false,false,false,false,false,-83.03841,42.3367,"{
  ""coordinates"": [
    -8.303840286439460e+01,
    4.233670448078590e+01
  ],
  ""type"": ""Point""
}","{
  ""coordinates"": [
    -83.038402864,
    42.336704481
  ],
  ""type"": ""Point""
}",-83.038402864,42.336704481
24740,1486869,VERNOR,VINEWOOD,2018-09-30,30,9,2018,1,1,5,9,,4,3,Asphalt,2,4,4,25,4,2,0,5,0,0,0,0,true,false,false,false,true,false,false,false,false,false,false,false,false,false,false,false,false,false,false,false,false,false,-83.0905,42.32237,"{
  ""coordinates"": [
    -8.309050339326410e+01,
    4.232237174200360e+01
  ],
  ""type"": ""Point""
}","{
  ""coordinates"": [
    -83.090503393,
    42.322371742
  ],
  ""type"": ""Point""
}",-83.0905033929999,42.322371742
24741,1486929,CONANT,OUTER,2018-09-30,30,9,2018,13,1,5,9,,4,0,Asphalt,1,2,1,35,3,3,6,4,0,0,0,3,false,false,false,false,false,false,false,false,false,false,false,false,false,false,false,false,false,false,false,false,false,false,-83.07891,42.44021,"{
  ""coordinates"": [
    -8.307891310375240e+01,
    4.244020782838740e+01
  ],
  ""type"": ""Point""
}","{
  ""coordinates"": [
    -83.078913104,
    42.440207828
  ],
  ""type"": ""Point""
}",-83.078913104,42.440207828
24742,1488049,OGDEN,KIRKWOOD,2018-09-30,30,9,2018,23,1,5,9,,,0,,1,2,5,15,3,4,2,5,0,0,0,0,true,false,false,false,false,false,false,false,false,true,false,false,false,false,true,false,false,false,false,false,false,false,-83.151,42.33635,"{
  ""coordinates"": [
    -8.315099770929800e+01,
    4.233634810961990e+01
  ],
  ""type"": ""Point""
}","{
  ""coordinates"": [
    -83.150997709,
    42.33634811
  ],
  ""type"": ""Point""
}",-83.150997709,42.3363481100001
24743,1488070,VAUGHAN,PICKFORD,2018-09-30,30,9,2018,10,1,2,9,,,0,,1,1,1,,1,2,0,5,0,0,0,0,true,false,false,false,true,false,false,false,false,false,false,false,false,false,false,false,false,false,false,false,false,false,-83.23959,42.42427,"{
  ""coordinates"": [
    -8.323958657625130e+01,
    4.242427455268970e+01
  ],
  ""type"": ""Point""
}","{
  ""coordinates"": [
    -83.239586576,
    42.424274553
  ],
  ""type"": ""Point""
}",-83.239586576,42.424274553
24744,1488767,E I 94,MOUNT ELLIOTT,2018-09-30,30,9,2018,4,1,1,1,,1,1,Asphalt,1,2,4,55,3,1,1,5,0,0,0,0,true,false,false,false,true,false,false,false,false,true,false,false,false,false,false,false,false,false,false,false,false,false,-83.0338,42.37917,"{
  ""coordinates"": [
    -8.303379482554701e+01,
    4.237916800379920e+01
  ],
  ""type"": ""Point""
}","{
  ""coordinates"": [
    -83.033794826,
    42.379168004
  ],
  ""type"": ""Point""
}",-83.033794826,42.3791680040001