ObjectId,Crash ID,Primary Road,Intersecting Road,Crash Date,Day,Month,Year,Hour,Weekday,Crash Type Code,Highway Classification Code,Community Code,Jurisdiction Code,Lane Departure Type Code,Surface Type,Road Condition,Weather Condition,Lighting Condition,Speed Limit,Lanes,Units,Occupants,Most Severe Injury,Fatal Injuries,Suspected Serious Injuries,Suspected Minor Injuries,Possible Injuries,Property Damage Only,Secondary Crash,Traffic Control,Red Light Run,Hit and Run,Alcohol,Drugs,Unbelted Person,Work Zone,Speeding Driver,Distracted Driver,Driveway,Pedestrian,Elderly Driver,Young Driver,Commercial Vehicle,Emergency Vehicles,Train,School Bus,Motorcycle,Bicycle,Deer,Longitude,Latitude,geom,geog,x,y
24745,1488051,MICHIGAN,LARKINS,2018-09-30,30,9,2018,1,1,4,2,,1,0,Asphalt,1,1,4,35,4,2,2,5,0,0,0,0,true,false,false,false,true,false,false,false,false,false,false,false,false,false,false,false,false,false,false,false,false,false,-83.13042,42.33111,"{
  ""coordinates"": [
    -8.313042351182889e+01,
    4.233110994133960e+01
  ],
  ""type"": ""Point""
}","{
  ""coordinates"": [
    -83.130423512,
    42.331109941
  ],
  ""type"": ""Point""
}",-83.1304235119999,42.3311099410001
24746,1486825,TRACEY,PILGRIM,2018-09-30,30,9,2018,0,1,9,9,,,2,,1,1,5,25,2,2,0,5,0,0,0,0,true,false,false,false,true,false,false,false,false,false,false,false,false,false,false,false,false,false,false,false,false,false,-83.18044,42.40764,"{
  ""coordinates"": [
    -8.318044433608711e+01,
    4.240763888749920e+01
  ],
  ""type"": ""Point""
}","{
  ""coordinates"": [
    -83.180444336,
    42.407638887
  ],
  ""type"": ""Point""
}",-83.1804443359999,42.4076388870001
24747,1488010,M-39,PAUL,2018-09-30,30,9,2018,22,1,1,3,,1,1,Asphalt,1,2,4,55,3,1,1,4,0,0,0,1,false,false,false,false,false,false,false,false,false,false,false,false,false,false,true,false,false,false,false,false,false,false,-83.21577,42.33641,"{
  ""coordinates"": [
    -8.321577703319829e+01,
    4.233641085149330e+01
  ],
  ""type"": ""Point""
}","{
  ""coordinates"": [
    -83.215777033,
    42.336410851
  ],
  ""type"": ""Point""
}",-83.2157770329999,42.336410851
24748,1486891,DOVER,STAHELIN,2018-09-30,30,9,2018,18,1,98,9,,,0,,1,1,1,25,2,2,0,5,0,0,0,0,true,false,false,false,true,false,false,false,false,false,false,false,false,false,false,false,false,false,false,false,false,false,-83.22514,42.35949,"{
  ""coordinates"": [
    -8.322514602388370e+01,
    4.235948710458050e+01
  ],
  ""type"": ""Point""
}","{
  ""coordinates"": [
    -83.225146024,
    42.359487105
  ],
  ""type"": ""Point""
}",-83.225146024,42.359487105
24749,1486808,M-39,JOY,2018-09-30,30,9,2018,11,1,5,3,,1,0,Asphalt,2,2,1,55,3,2,3,4,0,0,0,2,false,false,false,false,false,false,false,true,false,false,true,false,false,false,false,false,false,false,false,false,false,false,-83.21659,42.35812,"{
  ""coordinates"": [
    -8.321659336947459e+01,
    4.235812262691660e+01
  ],
  ""type"": ""Point""
}","{
  ""coordinates"": [
    -83.216593369,
    42.358122627
  ],
  ""type"": ""Point""
}",-83.216593369,42.3581226270001
24750,1490699,PIERSON,EATON,2018-09-30,30,9,2018,16,1,10,9,,,0,,1,1,1,15,2,2,1,5,0,0,0,0,true,false,false,false,false,false,false,false,false,false,false,false,false,true,false,false,false,false,false,false,false,false,-83.24577,42.39553,"{
  ""coordinates"": [
    -8.324576198031740e+01,
    4.239552827696660e+01
  ],
  ""type"": ""Point""
}","{
  ""coordinates"": [
    -83.24576198,
    42.395528277
  ],
  ""type"": ""Point""
}",-83.2457619799999,42.395528277
24751,1490720,3070 HURLBUT,GOETHE,2018-09-30,30,9,2018,19,1,98,9,,,3,,2,4,4,20,2,2,0,5,0,0,0,0,true,false,false,false,true,false,false,false,false,false,false,false,false,false,false,false,false,false,false,false,false,false,-82.98827,42.37202,"{
  ""coordinates"": [
    -8.298827448167300e+01,
    4.237202086994920e+01
  ],
  ""type"": ""Point""
}","{
  ""coordinates"": [
    -82.988274482,
    42.37202087
  ],
  ""type"": ""Point""
}",-82.988274482,42.37202087
24752,1486921,OAKMAN,DAVISON,2018-09-30,30,9,2018,14,1,4,3,,4,0,Asphalt,1,1,1,25,2,2,7,5,0,0,0,0,true,false,true,true,false,false,false,false,false,false,false,false,false,false,false,false,false,false,false,false,false,false,-83.14391,42.3863,"{
  ""coordinates"": [
    -8.314391244006880e+01,
    4.238630255600350e+01
  ],
  ""type"": ""Point""
}","{
  ""coordinates"": [
    -83.14391244,
    42.386302556
  ],
  ""type"": ""Point""
}",-83.14391244,42.386302556
24753,1486926,AMRAD,CONLEY,2018-09-30,30,9,2018,17,1,4,9,,,0,,1,2,1,15,1,2,2,5,0,0,0,0,true,false,false,false,true,false,false,false,false,false,false,false,false,false,false,false,false,false,false,false,false,false,-83.05271,42.44426,"{
  ""coordinates"": [
    -8.305271145858640e+01,
    4.244426477918760e+01
  ],
  ""type"": ""Point""
}","{
  ""coordinates"": [
    -83.052711459,
    42.444264779
  ],
  ""type"": ""Point""
}",-83.052711459,42.444264779
24754,1486922,EUCLID,BYRON,2018-09-30,30,9,2018,20,1,8,9,,4,0,Asphalt,1,1,4,25,1,4,3,4,0,0,0,1,false,false,false,false,false,false,false,true,false,false,false,false,false,false,false,false,false,false,false,false,false,false,-83.09106,42.3723,"{
  ""coordinates"": [
    -8.309106115815460e+01,
    4.237230395416730e+01
  ],
  ""type"": ""Point""
}","{
  ""coordinates"": [
    -83.091061158,
    42.372303954
  ],
  ""type"": ""Point""
}",-83.0910611579999,42.3723039540001
24755,1488054,VINEWOOD,BAGLEY,2018-09-30,30,9,2018,12,1,98,9,,,0,,98,98,98,25,2,2,0,5,0,0,0,0,true,false,false,false,true,false,false,false,false,false,true,false,false,false,false,false,false,false,false,false,false,false,-83.08983,42.32135,"{
  ""coordinates"": [
    -8.308982655551550e+01,
    4.232135002178430e+01
  ],
  ""type"": ""Point""
}","{
  ""coordinates"": [
    -83.089826556,
    42.321350022
  ],
  ""type"": ""Point""
}",-83.0898265559999,42.321350022
24756,1486837,PLYMOUTH,GREENFIELD,2018-09-30,30,9,2018,1,1,5,9,,4,0,Asphalt,1,1,4,35,5,2,2,5,0,0,0,0,true,false,false,false,true,false,false,false,false,false,false,false,false,false,false,false,false,false,false,false,false,false,-83.19752,42.37256,"{
  ""coordinates"": [
    -8.319751972879160e+01,
    4.237256082440360e+01
  ],
  ""type"": ""Point""
}","{
  ""coordinates"": [
    -83.197519729,
    42.372560824
  ],
  ""type"": ""Point""
}",-83.197519729,42.3725608240001
24757,1488050,MICHIGAN,JOE,2018-09-30,30,9,2018,9,1,8,2,,1,0,Asphalt,1,2,5,35,5,2,2,5,0,0,0,0,true,false,false,false,false,false,false,false,false,false,false,false,false,false,false,false,false,false,false,false,false,false,-83.11652,42.33114,"{
  ""coordinates"": [
    -8.311651861378159e+01,
    4.233114085418230e+01
  ],
  ""type"": ""Point""
}","{
  ""coordinates"": [
    -83.116518614,
    42.331140854
  ],
  ""type"": ""Point""
}",-83.116518614,42.3311408540001
24758,1486882,SOUTHFIELD SERVICE DRIVE,MCNICHOLS,2018-09-30,30,9,2018,1,1,5,3,,4,0,Asphalt,2,4,4,25,2,2,4,5,0,0,0,0,true,false,false,false,false,false,false,false,false,false,false,false,false,false,false,false,false,false,false,false,false,false,-83.2184,42.41556,"{
  ""coordinates"": [
    -8.321839813411600e+01,
    4.241556281415330e+01
  ],
  ""type"": ""Point""
}","{
  ""coordinates"": [
    -83.218398134,
    42.415562814
  ],
  ""type"": ""Point""
}",-83.218398134,42.4155628140001
24759,1488063,WARREN,KENSINGTON,2018-09-30,30,9,2018,11,1,4,9,,4,0,Asphalt,1,1,1,30,2,2,2,4,0,0,0,1,false,false,false,false,false,false,false,false,false,false,false,false,false,true,false,false,false,false,false,false,false,false,-82.93528,42.40408,"{
  ""coordinates"": [
    -8.293527754499461e+01,
    4.240407795814280e+01
  ],
  ""type"": ""Point""
}","{
  ""coordinates"": [
    -82.935277545,
    42.404077958
  ],
  ""type"": ""Point""
}",-82.935277545,42.4040779580001
24760,1486862,WOODWARD,MACK,2018-09-30,30,9,2018,6,1,5,3,,1,0,Asphalt,2,4,4,35,3,2,1,5,0,0,0,0,true,false,false,false,false,false,false,false,false,false,false,false,false,false,false,false,false,false,false,false,false,false,-83.05798,42.34755,"{
  ""coordinates"": [
    -8.305798635886630e+01,
    4.234754498200360e+01
  ],
  ""type"": ""Point""
}","{
  ""coordinates"": [
    -83.057986359,
    42.347544982
  ],
  ""type"": ""Point""
}",-83.057986359,42.347544982
24761,1491966,MACK,ROLF,2018-09-30,30,9,2018,15,1,4,9,,4,0,Asphalt,1,2,1,30,2,2,1,5,0,0,0,0,true,false,false,false,true,false,false,false,false,false,false,false,false,false,false,false,false,false,false,false,false,false,-82.99738,42.37053,"{
  ""coordinates"": [
    -8.299737581510050e+01,
    4.237052766971230e+01
  ],
  ""type"": ""Point""
}","{
  ""coordinates"": [
    -82.997375815,
    42.37052767
  ],
  ""type"": ""Point""
}",-82.9973758149999,42.3705276700001
24762,1486889,JOY,ABINGTON,2018-09-30,30,9,2018,2,1,97,9,,2,0,Asphalt,2,4,4,35,4,2,0,3,0,0,1,0,false,false,false,false,false,false,false,false,false,false,false,false,true,false,false,false,false,false,false,false,false,false,-83.21054,42.35795,"{
  ""coordinates"": [
    -8.321053743234511e+01,
    4.235795373924600e+01
  ],
  ""type"": ""Point""
}","{
  ""coordinates"": [
    -83.210537432,
    42.357953739
  ],
  ""type"": ""Point""
}",-83.210537432,42.357953739
24763,1488832,GREENFIELD,SANTA MARIA,2018-09-30,30,9,2018,4,1,2,9,,2,2,Asphalt,2,4,4,35,4,2,1,3,0,0,1,0,false,false,false,false,true,false,false,false,false,false,false,false,false,false,false,false,false,false,false,false,false,false,-83.19939,42.41806,"{
  ""coordinates"": [
    -8.319939550531720e+01,
    4.241806540127370e+01
  ],
  ""type"": ""Point""
}","{
  ""coordinates"": [
    -83.199395505,
    42.418065401
  ],
  ""type"": ""Point""
}",-83.199395505,42.418065401
24764,1498633,MORANG,MCKINNEY,2018-09-30,30,9,2018,21,1,8,9,,4,0,Asphalt,1,1,4,25,2,2,4,5,0,0,0,0,true,false,false,false,false,false,false,false,false,false,false,false,false,false,false,false,false,false,false,false,false,false,-82.94209,42.42289,"{
  ""coordinates"": [
    -8.294209077467430e+01,
    4.242288987482410e+01
  ],
  ""type"": ""Point""
}","{
  ""coordinates"": [
    -82.942090775,
    42.422889875
  ],
  ""type"": ""Point""
}",-82.9420907749999,42.4228898750001
24765,1488821,GREENFIELD,MACKENZIE,2018-09-30,30,9,2018,16,1,97,9,,2,0,Asphalt,2,2,1,35,4,2,3,5,0,0,0,0,true,false,false,false,true,false,false,false,false,false,false,false,false,false,false,false,false,false,false,false,false,false,-83.19688,42.35579,"{
  ""coordinates"": [
    -8.319688687441540e+01,
    4.235579307155810e+01
  ],
  ""type"": ""Point""
}","{
  ""coordinates"": [
    -83.196886874,
    42.355793072
  ],
  ""type"": ""Point""
}",-83.196886874,42.355793072
24766,1485563,PREVOST,MCNICHOLS,2018-09-30,30,9,2018,0,1,10,9,,,0,,2,4,5,25,2,2,0,5,0,0,0,0,true,false,false,false,true,false,false,false,false,false,true,true,false,true,false,false,false,false,false,false,false,false,-83.20354,42.41655,"{
  ""coordinates"": [
    -8.320354417350519e+01,
    4.241655190316200e+01
  ],
  ""type"": ""Point""
}","{
  ""coordinates"": [
    -83.203544174,
    42.416551903
  ],
  ""type"": ""Point""
}",-83.2035441739999,42.416551903
24767,1492966,STANLEY,MISSOURI,2018-09-30,30,9,2018,23,1,98,9,,,0,,1,1,5,25,2,2,0,5,0,0,0,0,true,false,false,false,true,false,false,false,false,false,false,false,false,false,false,false,false,false,false,false,false,false,-83.0972,42.35333,"{
  ""coordinates"": [
    -8.309719515702150e+01,
    4.235333328535690e+01
  ],
  ""type"": ""Point""
}","{
  ""coordinates"": [
    -83.097195157,
    42.353333285
  ],
  ""type"": ""Point""
}",-83.097195157,42.3533332850001
24768,1486886,AUBURN,PLYOUTH,2018-09-30,30,9,2018,0,1,8,9,,,0,,2,4,4,25,1,2,1,5,0,0,0,0,true,false,false,false,false,false,false,false,false,false,false,false,false,false,false,false,false,false,false,false,false,false,-83.23383,42.37217,"{
  ""coordinates"": [
    -8.323382302498800e+01,
    4.237217080169840e+01
  ],
  ""type"": ""Point""
}","{
  ""coordinates"": [
    -83.233823025,
    42.372170802
  ],
  ""type"": ""Point""
}",-83.2338230249999,42.372170802
24769,1512133,KELLY,8 MILE,2018-09-30,30,9,2018,17,1,4,3,,2,0,Asphalt,1,2,1,25,1,2,2,5,0,0,0,0,true,false,false,false,false,false,false,false,false,false,false,false,false,false,true,false,false,false,false,false,false,false,-82.94099,42.44997,"{
  ""coordinates"": [
    -8.294099165485260e+01,
    4.244996654319820e+01
  ],
  ""type"": ""Point""
}","{
  ""coordinates"": [
    -82.940991655,
    42.449966543
  ],
  ""type"": ""Point""
}",-82.9409916549999,42.4499665430001
24770,1486836,BELTON,SCHAEFER,2018-09-30,30,9,2018,10,1,4,9,,,0,,2,2,1,35,4,2,3,5,0,0,0,0,true,false,false,false,true,false,false,false,false,false,false,false,false,false,false,false,false,false,false,false,false,false,-83.17728,42.35368,"{
  ""coordinates"": [
    -8.317728643238139e+01,
    4.235368126805610e+01
  ],
  ""type"": ""Point""
}","{
  ""coordinates"": [
    -83.177286432,
    42.353681268
  ],
  ""type"": ""Point""
}",-83.177286432,42.3536812680001
24771,1485557,MCNICHOLS,LAHSER,2018-09-30,30,9,2018,1,1,4,9,,2,0,Concrete,2,4,4,35,2,2,2,4,0,0,0,1,false,false,false,false,false,false,false,false,false,false,false,false,false,false,false,false,false,false,false,false,false,false,-83.25747,42.4146,"{
  ""coordinates"": [
    -8.325746951080690e+01,
    4.241459719477180e+01
  ],
  ""type"": ""Point""
}","{
  ""coordinates"": [
    -83.257469511,
    42.414597195
  ],
  ""type"": ""Point""
}",-83.257469511,42.4145971950001
24772,1488768,I-75,CANFIELD,2018-09-30,30,9,2018,2,1,8,1,,1,0,Asphalt,2,4,4,55,3,3,0,4,0,0,0,1,false,false,false,false,true,false,false,false,false,false,false,false,true,false,false,false,false,false,false,false,false,false,-83.05231,42.35794,"{
  ""coordinates"": [
    -8.305230547133070e+01,
    4.235793627817580e+01
  ],
  ""type"": ""Point""
}","{
  ""coordinates"": [
    -83.052305471,
    42.357936278
  ],
  ""type"": ""Point""
}",-83.052305471,42.3579362780001
24773,1491965,REDMOND,COLLINGHAM,2018-09-30,30,9,2018,13,1,4,9,,,0,,1,2,1,25,2,2,2,4,0,0,0,1,false,false,false,false,false,false,false,false,false,false,false,false,false,false,false,false,false,false,false,false,false,false,-82.95618,42.44829,"{
  ""coordinates"": [
    -8.295617774009060e+01,
    4.244828674201520e+01
  ],
  ""type"": ""Point""
}","{
  ""coordinates"": [
    -82.95617774,
    42.448286742
  ],
  ""type"": ""Point""
}",-82.95617774,42.4482867420001
24774,1488034,I 96,OUTER,2018-09-30,30,9,2018,19,1,8,1,,1,0,Concrete,1,2,3,70,5,2,4,5,0,0,0,0,true,false,false,false,false,false,false,false,false,false,false,false,false,true,false,false,false,false,false,false,false,false,-83.26402,42.38557,"{
  ""coordinates"": [
    -8.326401301355520e+01,
    4.238557039942230e+01
  ],
  ""type"": ""Point""
}","{
  ""coordinates"": [
    -83.264013014,
    42.385570399
  ],
  ""type"": ""Point""
}",-83.2640130139999,42.3855703990001
24775,1492961,WOODWARD,WINDER,2018-09-30,30,9,2018,22,1,8,3,,1,0,Asphalt,1,1,4,30,3,2,2,5,0,0,0,0,true,false,false,false,false,false,false,false,false,false,false,false,false,false,false,true,false,false,false,false,false,false,-83.05354,42.34091,"{
  ""coordinates"": [
    -8.305354467716710e+01,
    4.234091289100080e+01
  ],
  ""type"": ""Point""
}","{
  ""coordinates"": [
    -83.053544677,
    42.340912891
  ],
  ""type"": ""Point""
}",-83.0535446769999,42.3409128910001
24776,1486930,FLEMING,MCNICHOLS,2018-09-30,30,9,2018,3,1,98,9,,,0,,2,4,4,,1,2,2,1,1,0,1,0,false,false,false,false,true,true,false,false,false,false,false,false,false,false,false,false,false,false,false,false,false,false,-83.07921,42.41879,"{
  ""coordinates"": [
    -8.307920927437880e+01,
    4.241878512418050e+01
  ],
  ""type"": ""Point""
}","{
  ""coordinates"": [
    -83.079209274,
    42.418785124
  ],
  ""type"": ""Point""
}",-83.0792092739999,42.4187851240001
24777,1488077,GRATIOT,CONNER,2018-09-30,30,9,2018,2,1,98,3,,1,0,Asphalt,2,4,1,35,7,2,2,5,0,0,0,0,true,false,false,false,false,false,false,false,false,false,false,false,false,false,false,false,false,false,false,false,false,false,-82.99748,42.40495,"{
  ""coordinates"": [
    -8.299748079380150e+01,
    4.240494429936890e+01
  ],
  ""type"": ""Point""
}","{
  ""coordinates"": [
    -82.997480794,
    42.404944299
  ],
  ""type"": ""Point""
}",-82.997480794,42.4049442990001
24778,1486940,MCNICHOLS,BAYLIS,2018-09-30,30,9,2018,2,1,4,9,,4,0,Asphalt,2,4,4,30,2,2,2,5,0,0,0,0,true,false,false,false,true,false,false,false,false,false,false,false,false,false,false,false,false,false,false,false,false,false,-83.12435,42.41743,"{
  ""coordinates"": [
    -8.312434909364030e+01,
    4.241742919277810e+01
  ],
  ""type"": ""Point""
}","{
  ""coordinates"": [
    -83.124349094,
    42.417429193
  ],
  ""type"": ""Point""
}",-83.124349094,42.417429193
24779,1486867,CARSON,DIX,2018-09-30,30,9,2018,11,1,8,9,,,3,,1,2,1,25,2,2,1,5,0,0,0,0,true,false,false,false,false,false,false,false,false,false,false,false,false,false,false,false,false,false,false,false,false,false,-83.13148,42.31688,"{
  ""coordinates"": [
    -8.313147728843920e+01,
    4.231687747900180e+01
  ],
  ""type"": ""Point""
}","{
  ""coordinates"": [
    -83.131477288,
    42.316877479
  ],
  ""type"": ""Point""
}",-83.131477288,42.316877479
24780,1493850,I-94,VAN DYKE,2018-09-30,30,9,2018,1,1,8,1,,1,0,Asphalt,1,1,4,55,3,2,1,5,0,0,0,0,true,false,false,false,true,false,false,false,true,false,false,false,false,true,false,false,false,false,false,false,false,false,-83.0238,42.38526,"{
  ""coordinates"": [
    -8.302379834130051e+01,
    4.238526044587670e+01
  ],
  ""type"": ""Point""
}","{
  ""coordinates"": [
    -83.023798341,
    42.385260446
  ],
  ""type"": ""Point""
}",-83.023798341,42.3852604460001
24781,1488033,I 94,CECIL,2018-09-30,30,9,2018,16,1,1,1,,1,0,Asphalt,1,2,1,55,3,1,1,3,0,0,1,0,false,false,false,false,false,false,false,false,false,false,false,false,false,false,false,true,false,false,false,false,false,false,-83.13268,42.3344,"{
  ""coordinates"": [
    -8.313268086251369e+01,
    4.233439810262520e+01
  ],
  ""type"": ""Point""
}","{
  ""coordinates"": [
    -83.132680863,
    42.334398103
  ],
  ""type"": ""Point""
}",-83.132680863,42.3343981030001
24782,1547395,DUPREY,MOROSS,2018-09-30,30,9,2018,20,1,4,9,,,0,,1,1,4,35,2,2,3,4,0,0,0,1,false,false,true,false,false,false,false,false,false,false,false,false,false,false,false,false,false,false,false,false,false,false,-82.93344,42.42632,"{
  ""coordinates"": [
    -8.293344335701170e+01,
    4.242631946366050e+01
  ],
  ""type"": ""Point""
}","{
  ""coordinates"": [
    -82.933443357,
    42.426319464
  ],
  ""type"": ""Point""
}",-82.933443357,42.4263194640001
24783,1486932,JAMES COUZENS,OUTER,2018-09-30,30,9,2018,16,1,8,9,,4,0,Asphalt,1,1,1,35,3,2,4,4,0,0,0,1,false,false,false,false,false,false,false,false,false,false,false,false,false,true,true,false,false,false,false,false,false,false,-83.17654,42.42095,"{
  ""coordinates"": [
    -8.317653526515601e+01,
    4.242094816729920e+01
  ],
  ""type"": ""Point""
}","{
  ""coordinates"": [
    -83.176535265,
    42.420948167
  ],
  ""type"": ""Point""
}",-83.176535265,42.4209481670001
24784,1488822,HELEN,FOREST,2018-09-30,30,9,2018,16,1,5,9,,,0,,2,4,1,25,1,2,0,5,0,0,0,0,true,false,false,false,true,false,false,false,false,false,false,false,false,false,false,false,false,false,false,false,false,false,-83.01913,42.37092,"{
  ""coordinates"": [
    -8.301913053862140e+01,
    4.237092063338550e+01
  ],
  ""type"": ""Point""
}","{
  ""coordinates"": [
    -83.019130539,
    42.370920633
  ],
  ""type"": ""Point""
}",-83.0191305389999,42.370920633
24785,1486806,M-39,JOY,2018-09-30,30,9,2018,11,1,5,3,,1,0,Asphalt,2,2,1,55,3,2,3,4,0,0,0,1,false,true,false,false,false,false,false,false,false,false,false,false,false,false,false,false,false,false,false,false,false,false,-83.21659,42.35812,"{
  ""coordinates"": [
    -8.321659336947459e+01,
    4.235812262691660e+01
  ],
  ""type"": ""Point""
}","{
  ""coordinates"": [
    -83.216593369,
    42.358122627
  ],
  ""type"": ""Point""
}",-83.216593369,42.3581226270001
24786,1486941,LIVERNOIS,SANTA CLARA,2018-09-30,30,9,2018,19,1,5,9,,4,0,Asphalt,1,1,4,30,5,3,0,5,0,0,0,0,true,false,false,false,true,false,false,false,false,false,false,true,false,false,false,false,false,false,false,false,false,false,-83.14114,42.4212,"{
  ""coordinates"": [
    -8.314113536808010e+01,
    4.242120512096940e+01
  ],
  ""type"": ""Point""
}","{
  ""coordinates"": [
    -83.141135368,
    42.421205121
  ],
  ""type"": ""Point""
}",-83.1411353679999,42.4212051210001
24787,1486830,MCNICHOLS,ARDMORE,2018-09-30,30,9,2018,0,1,8,9,,2,0,Asphalt,2,4,4,30,5,2,0,5,0,0,0,0,true,false,false,false,true,false,false,false,false,false,false,false,false,false,false,false,false,false,false,false,false,false,-83.18511,42.41653,"{
  ""coordinates"": [
    -8.318511260149759e+01,
    4.241652562482500e+01
  ],
  ""type"": ""Point""
}","{
  ""coordinates"": [
    -83.185112601,
    42.416525625
  ],
  ""type"": ""Point""
}",-83.185112601,42.4165256250001
24788,1486868,DEARBORN,RIVERSIDE,2018-09-30,30,9,2018,1,1,1,9,,4,1,Asphalt,2,4,5,35,2,1,3,1,1,1,1,0,false,false,false,false,false,false,false,false,false,true,false,false,false,false,true,false,false,false,false,false,false,false,-83.14134,42.29397,"{
  ""coordinates"": [
    -8.314134597173600e+01,
    4.229396776785840e+01
  ],
  ""type"": ""Point""
}","{
  ""coordinates"": [
    -83.141345972,
    42.293967768
  ],
  ""type"": ""Point""
}",-83.141345972,42.2939677680001
24789,1488820,WARREN,MONTROSE,2018-09-30,30,9,2018,20,1,4,9,,2,0,Asphalt,2,1,1,35,5,2,1,4,0,0,0,1,false,false,false,false,true,false,false,false,false,false,false,false,false,false,false,false,false,false,false,false,false,false,-83.19869,42.34364,"{
  ""coordinates"": [
    -8.319869424851809e+01,
    4.234363439425550e+01
  ],
  ""type"": ""Point""
}","{
  ""coordinates"": [
    -83.198694249,
    42.343634394
  ],
  ""type"": ""Point""
}",-83.198694249,42.343634394
24790,1488074,VAN DYKE,KERCHEVAL,2018-09-30,30,9,2018,12,1,5,9,,4,0,Asphalt,1,1,1,35,5,2,1,5,0,0,0,0,true,false,false,false,true,false,false,false,false,false,false,false,false,false,false,false,false,false,false,false,false,false,-82.99995,42.35843,"{
  ""coordinates"": [
    -8.299994658417560e+01,
    4.235842793151480e+01
  ],
  ""type"": ""Point""
}","{
  ""coordinates"": [
    -82.999946584,
    42.358427932
  ],
  ""type"": ""Point""
}",-82.999946584,42.358427932
24791,1486946,MACK,WOODWARD,2018-09-30,30,9,2018,18,1,4,3,,4,0,Asphalt,1,1,4,25,3,2,4,4,0,0,0,1,false,false,false,false,false,false,false,false,false,false,false,false,false,false,true,false,false,false,false,false,false,false,-83.05791,42.34756,"{
  ""coordinates"": [
    -8.305790422113830e+01,
    4.234755637217500e+01
  ],
  ""type"": ""Point""
}","{
  ""coordinates"": [
    -83.057904221,
    42.347556372
  ],
  ""type"": ""Point""
}",-83.0579042209999,42.347556372
24792,1486925,CONANT,DAVISON,2018-09-30,30,9,2018,19,1,4,3,,4,0,Asphalt,1,1,4,35,2,2,1,5,0,0,0,0,true,false,false,false,true,false,false,false,false,false,false,false,false,false,false,false,false,false,false,false,false,false,-83.06158,42.41567,"{
  ""coordinates"": [
    -8.306158754645540e+01,
    4.241566981526600e+01
  ],
  ""type"": ""Point""
}","{
  ""coordinates"": [
    -83.061587546,
    42.415669815
  ],
  ""type"": ""Point""
}",-83.0615875459999,42.4156698150001
24793,1486934,BAYLIS,MCNICHOLS,2018-09-30,30,9,2018,8,1,98,9,,,3,,2,2,1,25,4,2,0,5,0,0,0,0,true,false,false,false,true,false,false,false,false,false,false,true,false,false,false,false,false,false,false,false,false,false,-83.12431,42.41675,"{
  ""coordinates"": [
    -8.312431407423109e+01,
    4.241674855317360e+01
  ],
  ""type"": ""Point""
}","{
  ""coordinates"": [
    -83.124314074,
    42.416748553
  ],
  ""type"": ""Point""
}",-83.124314074,42.416748553
24794,1497112,ASBURY,PLYMOUTH,2018-09-30,30,9,2018,15,1,8,9,,,0,,1,1,1,,2,2,1,5,0,0,0,0,true,false,false,false,false,false,false,false,false,false,false,false,false,false,false,false,false,false,false,false,false,false,-83.2072,42.3728,"{
  ""coordinates"": [
    -8.320719809221011e+01,
    4.237279494956560e+01
  ],
  ""type"": ""Point""
}","{
  ""coordinates"": [
    -83.207198092,
    42.37279495
  ],
  ""type"": ""Point""
}",-83.2071980919999,42.3727949500001
24795,1498632,MONTE VISTA,PURITAN,2018-09-30,30,9,2018,15,1,10,9,,,0,,1,1,1,25,2,2,3,5,0,0,0,0,true,false,false,false,false,false,false,false,false,false,false,false,false,false,false,false,false,false,false,false,false,false,-83.16766,42.4104,"{
  ""coordinates"": [
    -8.316766681304971e+01,
    4.241040437625660e+01
  ],
  ""type"": ""Point""
}","{
  ""coordinates"": [
    -83.167666813,
    42.410404376
  ],
  ""type"": ""Point""
}",-83.167666813,42.410404376
24796,1488794,N M 39,WARREN,2018-09-30,30,9,2018,11,1,97,3,,1,0,Asphalt,1,1,1,55,3,2,2,4,0,0,0,2,false,false,false,false,false,false,false,false,false,true,false,false,false,false,false,false,false,false,false,false,false,false,-83.21603,42.34267,"{
  ""coordinates"": [
    -8.321602963993359e+01,
    4.234266681373870e+01
  ],
  ""type"": ""Point""
}","{
  ""coordinates"": [
    -83.21602964,
    42.342666814
  ],
  ""type"": ""Point""
}",-83.21602964,42.342666814
24797,1488059,WARREN,CANYON,2018-09-30,30,9,2018,20,1,4,9,,4,0,Asphalt,1,2,4,25,2,2,3,4,0,0,0,1,false,false,true,true,false,false,false,false,false,false,false,false,false,false,false,false,false,false,false,false,false,false,-82.91524,42.41144,"{
  ""coordinates"": [
    -8.291523658300900e+01,
    4.241143984539880e+01
  ],
  ""type"": ""Point""
}","{
  ""coordinates"": [
    -82.915236583,
    42.411439845
  ],
  ""type"": ""Point""
}",-82.915236583,42.4114398450001
24798,1488083,MOUNT OLIVET,DOBEL,2018-09-30,30,9,2018,22,1,2,9,,,2,,1,1,5,25,1,2,0,5,0,0,0,0,true,false,false,false,true,false,false,false,false,false,false,false,false,false,false,false,false,false,false,false,false,false,-83.01818,42.41634,"{
  ""coordinates"": [
    -8.301817811648711e+01,
    4.241634237225060e+01
  ],
  ""type"": ""Point""
}","{
  ""coordinates"": [
    -83.018178116,
    42.416342372
  ],
  ""type"": ""Point""
}",-83.0181781159999,42.416342372